annee;date;parcelle;exploitation;culture;ITK;OT;nom;temps[h];profondeur[cm];RECOLTE_rendement[t/ha];RECOLTE_risqueEchaudage[%];RECOLTE_impactGel[%];IRRIGATION_dose[mm];IRRIGATION_reelle[mm];FERTI_produit;FERTI_nature;FERTI_annulee;FERTI_doseBrute[kg/ha];FERTI_apportNminTheorique[kg/ha];FERTI_apportNminReel[kg/ha];FERTI_apportNorg_labile[kg/ha];FERTI_apportNorg_recalcitrant[kg/ha];BIOMASSE_export[t/ha];BIOMASSE_aer_restit[t/ha];BIOMASSE_rac_restit[t/ha];N_export[kg/ha];C_export[kg/ha];id_lot;nb_ugb;duree_pature[j];herbe_consommee[kg];recolte_forcee_raison;semis_force_raison;FAUCHE_hauteurCoupe[cm]
2019;314;beauce_5_sa_000;organique_beauce_5;BTH;;SEMIS;semis;0.0;3.9;;;;;;;;;;;;;;;;;;;;;;;;;
2019;265;beauce_5_sa_001;organique_beauce_5;BTH;;SEMIS;semis;0.0;3.9;;;;;;;;;;;;;;;;;;;;;;;;;
2019;255;beauce_5_sa_001;organique_beauce_5;BTH;;TRAVAIL_SOL;travail_sol_1;0.0;22.9;;;;;;;;;;;;;;;;;;;;;;;;;
2019;311;beauce_5_sa_002;organique_beauce_5;BTH;;SEMIS;semis;0.0;1.7;;;;;;;;;;;;;;;;;;;;;;;;;
2019;345;beauce_5_sa_002;organique_beauce_5;BTH;;FERTI;;0.0;0.0;;;;;;AN;mineral;N;;6.9;6.9;0.0;0.0;;;;;;;;;;;;
2019;302;beauce_5_sa_003;organique_beauce_5;BTH;;SEMIS;semis;0.0;3.6;;;;;;;;;;;;;;;;;;;;;;;;;
2019;259;beauce_5_sa_003;organique_beauce_5;BTH;;TRAVAIL_SOL;travail_sol_1;0.0;19.5;;;;;;;;;;;;;;;;;;;;;;;;;
2019;306;beauce_5_sa_004;organique_beauce_5;BTH;;SEMIS;semis;0.0;3.6;;;;;;;;;;;;;;;;;;;;;;;;;
2019;276;beauce_5_sa_005;organique_beauce_5;BTH;;SEMIS;semis;0.0;1.2;;;;;;;;;;;;;;;;;;;;;;;;;
2019;316;beauce_5_sa_006;organique_beauce_5;BTH;;SEMIS;semis;0.0;1.5;;;;;;;;;;;;;;;;;;;;;;;;;
2019;353;beauce_5_sa_006;organique_beauce_5;BTH;;FERTI;;0.0;0.0;;;;;;AN;mineral;N;;2.2;2.2;0.0;0.0;;;;;;;;;;;;
2019;280;beauce_5_sa_006;organique_beauce_5;BTH;;TRAVAIL_SOL;travail_sol_1;0.0;6.4;;;;;;;;;;;;;;;;;;;;;;;;;
2019;300;beauce_5_sa_007;organique_beauce_5;BTH;;SEMIS;semis;0.0;3.6;;;;;;;;;;;;;;;;;;;;;;;;;
2019;270;beauce_5_sa_007;organique_beauce_5;BTH;;TRAVAIL_SOL;travail_sol_1;0.0;14.6;;;;;;;;;;;;;;;;;;;;;;;;;
2019;277;beauce_5_sa_007;organique_beauce_5;BTH;;TRAVAIL_SOL;une_reprise;0.0;17.3;;;;;;;;;;;;;;;;;;;;;;;;;
2019;273;beauce_5_sa_008;organique_beauce_5;BTH;;SEMIS;semis;0.0;1.2;;;;;;;;;;;;;;;;;;;;;;;;;
2019;349;beauce_5_sa_008;organique_beauce_5;BTH;;FERTI;;0.0;0.0;;;;;;AN;mineral;N;;4.2;4.2;0.0;0.0;;;;;;;;;;;;
2019;309;beauce_5_sa_009;organique_beauce_5;BTH;;SEMIS;semis;0.0;3.8;;;;;;;;;;;;;;;;;;;;;;;;;
2019;294;beauce_5_sa_009;organique_beauce_5;BTH;;TRAVAIL_SOL;travail_sol_1;0.0;6.6;;;;;;;;;;;;;;;;;;;;;;;;;
2019;265;beauce_5_sa_010;organique_beauce_5;BTH;;SEMIS;semis;0.0;1.8;;;;;;;;;;;;;;;;;;;;;;;;;
2019;251;beauce_5_sa_010;organique_beauce_5;BTH;;TRAVAIL_SOL;travail_sol_1;0.0;21.3;;;;;;;;;;;;;;;;;;;;;;;;;
2019;276;beauce_5_sa_011;organique_beauce_5;BTH;;SEMIS;semis;0.0;3.0;;;;;;;;;;;;;;;;;;;;;;;;;
2019;264;beauce_5_sa_012;organique_beauce_5;BTH;;SEMIS;semis;0.0;3.9;;;;;;;;;;;;;;;;;;;;;;;;;
2019;289;beauce_5_sa_013;organique_beauce_5;BTH;;SEMIS;semis;0.0;1.4;;;;;;;;;;;;;;;;;;;;;;;;;
2019;275;beauce_5_sa_013;organique_beauce_5;BTH;;TRAVAIL_SOL;travail_sol_1;0.0;4.6;;;;;;;;;;;;;;;;;;;;;;;;;
2019;282;beauce_5_sa_013;organique_beauce_5;BTH;;TRAVAIL_SOL;une_reprise;0.0;16.0;;;;;;;;;;;;;;;;;;;;;;;;;
2019;277;beauce_5_sa_014;organique_beauce_5;BTH;;SEMIS;semis;0.0;1.6;;;;;;;;;;;;;;;;;;;;;;;;;
2019;269;beauce_5_sa_014;organique_beauce_5;BTH;;TRAVAIL_SOL;travail_sol_1;0.0;9.9;;;;;;;;;;;;;;;;;;;;;;;;;
2019;266;beauce_5_sa_015;organique_beauce_5;BTH;;SEMIS;semis;0.0;3.6;;;;;;;;;;;;;;;;;;;;;;;;;
2019;236;beauce_5_sa_015;organique_beauce_5;BTH;;TRAVAIL_SOL;travail_sol_1;0.0;13.4;;;;;;;;;;;;;;;;;;;;;;;;;
2019;243;beauce_5_sa_015;organique_beauce_5;BTH;;TRAVAIL_SOL;une_reprise;0.0;17.8;;;;;;;;;;;;;;;;;;;;;;;;;
2019;261;beauce_5_sa_016;organique_beauce_5;BTH;;SEMIS;semis;0.0;2.8;;;;;;;;;;;;;;;;;;;;;;;;;
2019;225;beauce_5_sa_016;organique_beauce_5;BTH;;TRAVAIL_SOL;travail_sol_1;0.0;15.3;;;;;;;;;;;;;;;;;;;;;;;;;
2019;232;beauce_5_sa_016;organique_beauce_5;BTH;;TRAVAIL_SOL;une_reprise;0.0;20.0;;;;;;;;;;;;;;;;;;;;;;;;;
2019;293;beauce_5_sa_017;organique_beauce_5;BTH;;SEMIS;semis;0.0;3.8;;;;;;;;;;;;;;;;;;;;;;;;;
2019;267;beauce_5_sa_017;organique_beauce_5;BTH;;TRAVAIL_SOL;travail_sol_1;0.0;21.1;;;;;;;;;;;;;;;;;;;;;;;;;
2019;259;beauce_5_sa_018;organique_beauce_5;BTH;;SEMIS;semis;0.0;1.5;;;;;;;;;;;;;;;;;;;;;;;;;
2019;245;beauce_5_sa_018;organique_beauce_5;BTH;;TRAVAIL_SOL;travail_sol_1;0.0;21.3;;;;;;;;;;;;;;;;;;;;;;;;;
2019;252;beauce_5_sa_018;organique_beauce_5;BTH;;TRAVAIL_SOL;une_reprise;0.0;8.5;;;;;;;;;;;;;;;;;;;;;;;;;
2019;258;beauce_5_sa_019;organique_beauce_5;BTH;;SEMIS;semis;0.0;2.9;;;;;;;;;;;;;;;;;;;;;;;;;
2019;219;beauce_5_sa_019;organique_beauce_5;BTH;;TRAVAIL_SOL;travail_sol_1;0.0;5.9;;;;;;;;;;;;;;;;;;;;;;;;;
2019;308;beauce_5_sa_020;organique_beauce_5;BTH;;SEMIS;semis;0.0;1.4;;;;;;;;;;;;;;;;;;;;;;;;;
2019;290;beauce_5_sa_020;organique_beauce_5;BTH;;TRAVAIL_SOL;travail_sol_1;0.0;7.3;;;;;;;;;;;;;;;;;;;;;;;;;
2019;297;beauce_5_sa_020;organique_beauce_5;BTH;;TRAVAIL_SOL;une_reprise;0.0;15.9;;;;;;;;;;;;;;;;;;;;;;;;;
2019;286;beauce_5_sa_021;organique_beauce_5;BTH;;SEMIS;semis;0.0;2.4;;;;;;;;;;;;;;;;;;;;;;;;;
2019;342;beauce_5_sa_021;organique_beauce_5;BTH;;FERTI;;0.0;0.0;;;;;;AN;mineral;N;;2.6;2.6;0.0;0.0;;;;;;;;;;;;
2019;269;beauce_5_sa_021;organique_beauce_5;BTH;;TRAVAIL_SOL;travail_sol_1;0.0;23.0;;;;;;;;;;;;;;;;;;;;;;;;;
2019;307;beauce_5_sa_022;organique_beauce_5;BTH;;SEMIS;semis;0.0;3.0;;;;;;;;;;;;;;;;;;;;;;;;;
2019;284;beauce_5_sa_022;organique_beauce_5;BTH;;TRAVAIL_SOL;travail_sol_1;0.0;24.5;;;;;;;;;;;;;;;;;;;;;;;;;
2019;291;beauce_5_sa_022;organique_beauce_5;BTH;;TRAVAIL_SOL;une_reprise;0.0;24.0;;;;;;;;;;;;;;;;;;;;;;;;;
2019;266;beauce_5_sa_023;organique_beauce_5;BTH;;SEMIS;semis;0.0;1.7;;;;;;;;;;;;;;;;;;;;;;;;;
2019;286;beauce_5_sa_024;organique_beauce_5;BTH;;SEMIS;semis;0.0;3.5;;;;;;;;;;;;;;;;;;;;;;;;;
2019;256;beauce_5_sa_024;organique_beauce_5;BTH;;TRAVAIL_SOL;travail_sol_1;0.0;21.5;;;;;;;;;;;;;;;;;;;;;;;;;
2019;300;beauce_5_sa_025;organique_beauce_5;BTH;;SEMIS;semis;0.0;1.7;;;;;;;;;;;;;;;;;;;;;;;;;
2019;330;beauce_5_sa_025;organique_beauce_5;BTH;;FERTI;;0.0;0.0;;;;;;AN;mineral;N;;3.7;3.7;0.0;0.0;;;;;;;;;;;;
2019;275;beauce_5_sa_025;organique_beauce_5;BTH;;TRAVAIL_SOL;travail_sol_1;0.0;2.5;;;;;;;;;;;;;;;;;;;;;;;;;
2019;306;beauce_5_sa_026;organique_beauce_5;BTH;;SEMIS;semis;0.0;3.7;;;;;;;;;;;;;;;;;;;;;;;;;
2019;333;beauce_5_sa_026;organique_beauce_5;BTH;;FERTI;;0.0;0.0;;;;;;AN;mineral;N;;8.3;8.3;0.0;0.0;;;;;;;;;;;;
2019;307;beauce_5_sa_027;organique_beauce_5;BTH;;SEMIS;semis;0.0;3.2;;;;;;;;;;;;;;;;;;;;;;;;;
2019;262;beauce_5_sa_028;organique_beauce_5;BTH;;SEMIS;semis;0.0;2.5;;;;;;;;;;;;;;;;;;;;;;;;;
2019;342;beauce_5_sa_028;organique_beauce_5;BTH;;FERTI;;0.0;0.0;;;;;;AN;mineral;N;;9.0;9.0;0.0;0.0;;;;;;;;;;;;
2019;231;beauce_5_sa_028;organique_beauce_5;BTH;;TRAVAIL_SOL;travail_sol_1;0.0;16.4;;;;;;;;;;;;;;;;;;;;;;;;;
2019;285;beauce_5_sa_029;organique_beauce_5;BTH;;SEMIS;semis;0.0;1.3;;;;;;;;;;;;;;;;;;;;;;;;;
2019;258;beauce_5_sa_029;organique_beauce_5;BTH;;TRAVAIL_SOL;travail_sol_1;0.0;10.9;;;;;;;;;;;;;;;;;;;;;;;;;
2019;294;beauce_5_sa_030;organique_beauce_5;BTH;;SEMIS;semis;0.0;1.8;;;;;;;;;;;;;;;;;;;;;;;;;
2019;257;beauce_5_sa_030;organique_beauce_5;BTH;;TRAVAIL_SOL;travail_sol_1;0.0;22.7;;;;;;;;;;;;;;;;;;;;;;;;;
2019;264;beauce_5_sa_030;organique_beauce_5;BTH;;TRAVAIL_SOL;une_reprise;0.0;24.6;;;;;;;;;;;;;;;;;;;;;;;;;
2019;318;beauce_5_sa_031;organique_beauce_5;BTH;;SEMIS;semis;0.0;1.6;;;;;;;;;;;;;;;;;;;;;;;;;
2019;274;beauce_5_sa_031;organique_beauce_5;BTH;;TRAVAIL_SOL;travail_sol_1;0.0;11.8;;;;;;;;;;;;;;;;;;;;;;;;;
2019;281;beauce_5_sa_031;organique_beauce_5;BTH;;TRAVAIL_SOL;une_reprise;0.0;13.8;;;;;;;;;;;;;;;;;;;;;;;;;
2019;271;beauce_5_sa_032;organique_beauce_5;BTH;;SEMIS;semis;0.0;2.4;;;;;;;;;;;;;;;;;;;;;;;;;
2019;245;beauce_5_sa_032;organique_beauce_5;BTH;;TRAVAIL_SOL;travail_sol_1;0.0;8.5;;;;;;;;;;;;;;;;;;;;;;;;;
2019;252;beauce_5_sa_032;organique_beauce_5;BTH;;TRAVAIL_SOL;une_reprise;0.0;11.2;;;;;;;;;;;;;;;;;;;;;;;;;
2019;281;beauce_5_sa_033;organique_beauce_5;BTH;;SEMIS;semis;0.0;2.2;;;;;;;;;;;;;;;;;;;;;;;;;
2019;269;beauce_5_sa_033;organique_beauce_5;BTH;;TRAVAIL_SOL;travail_sol_1;0.0;11.5;;;;;;;;;;;;;;;;;;;;;;;;;
2019;276;beauce_5_sa_033;organique_beauce_5;BTH;;TRAVAIL_SOL;une_reprise;0.0;15.5;;;;;;;;;;;;;;;;;;;;;;;;;
2019;316;beauce_5_sa_034;organique_beauce_5;BTH;;SEMIS;semis;0.0;3.6;;;;;;;;;;;;;;;;;;;;;;;;;
2019;298;beauce_5_sa_034;organique_beauce_5;BTH;;TRAVAIL_SOL;travail_sol_1;0.0;20.6;;;;;;;;;;;;;;;;;;;;;;;;;
2019;311;beauce_5_sa_035;organique_beauce_5;BTH;;SEMIS;semis;0.0;2.5;;;;;;;;;;;;;;;;;;;;;;;;;
2019;278;beauce_5_sa_035;organique_beauce_5;BTH;;TRAVAIL_SOL;travail_sol_1;0.0;6.1;;;;;;;;;;;;;;;;;;;;;;;;;
2019;304;beauce_5_sa_036;organique_beauce_5;BTH;;SEMIS;semis;0.0;3.5;;;;;;;;;;;;;;;;;;;;;;;;;
2019;275;beauce_5_sa_036;organique_beauce_5;BTH;;TRAVAIL_SOL;travail_sol_1;0.0;19.3;;;;;;;;;;;;;;;;;;;;;;;;;
2019;313;beauce_5_sa_037;organique_beauce_5;BTH;;SEMIS;semis;0.0;1.8;;;;;;;;;;;;;;;;;;;;;;;;;
2019;285;beauce_5_sa_038;organique_beauce_5;BTH;;SEMIS;semis;0.0;2.9;;;;;;;;;;;;;;;;;;;;;;;;;
2019;270;beauce_5_sa_039;organique_beauce_5;BTH;;SEMIS;semis;0.0;2.7;;;;;;;;;;;;;;;;;;;;;;;;;
2019;229;beauce_5_sa_039;organique_beauce_5;BTH;;TRAVAIL_SOL;travail_sol_1;0.0;10.5;;;;;;;;;;;;;;;;;;;;;;;;;
2019;236;beauce_5_sa_039;organique_beauce_5;BTH;;TRAVAIL_SOL;une_reprise;0.0;16.3;;;;;;;;;;;;;;;;;;;;;;;;;
2019;293;beauce_5_sa_040;organique_beauce_5;BTH;;SEMIS;semis;0.0;2.4;;;;;;;;;;;;;;;;;;;;;;;;;
2019;287;beauce_5_sa_041;organique_beauce_5;BTH;;SEMIS;semis;0.0;3.5;;;;;;;;;;;;;;;;;;;;;;;;;
2019;258;beauce_5_sa_041;organique_beauce_5;BTH;;TRAVAIL_SOL;travail_sol_1;0.0;1.0;;;;;;;;;;;;;;;;;;;;;;;;;
2019;265;beauce_5_sa_041;organique_beauce_5;BTH;;TRAVAIL_SOL;une_reprise;0.0;11.5;;;;;;;;;;;;;;;;;;;;;;;;;
2019;296;beauce_5_sa_042;organique_beauce_5;BTH;;SEMIS;semis;0.0;2.2;;;;;;;;;;;;;;;;;;;;;;;;;
2019;262;beauce_5_sa_042;organique_beauce_5;BTH;;TRAVAIL_SOL;travail_sol_1;0.0;6.7;;;;;;;;;;;;;;;;;;;;;;;;;
2019;269;beauce_5_sa_042;organique_beauce_5;BTH;;TRAVAIL_SOL;une_reprise;0.0;18.9;;;;;;;;;;;;;;;;;;;;;;;;;
2019;309;beauce_5_sa_043;organique_beauce_5;BTH;;SEMIS;semis;0.0;3.6;;;;;;;;;;;;;;;;;;;;;;;;;
2019;364;beauce_5_sa_043;organique_beauce_5;BTH;;FERTI;;0.0;0.0;;;;;;AN;mineral;N;;56.9;56.9;0.0;0.0;;;;;;;;;;;;
2019;287;beauce_5_sa_043;organique_beauce_5;BTH;;TRAVAIL_SOL;travail_sol_1;0.0;9.5;;;;;;;;;;;;;;;;;;;;;;;;;
2019;273;beauce_5_sa_044;organique_beauce_5;BTH;;SEMIS;semis;0.0;1.3;;;;;;;;;;;;;;;;;;;;;;;;;
2019;262;beauce_5_sa_044;organique_beauce_5;BTH;;TRAVAIL_SOL;travail_sol_1;0.0;20.4;;;;;;;;;;;;;;;;;;;;;;;;;
2019;285;beauce_5_sa_045;organique_beauce_5;BTH;;SEMIS;semis;0.0;2.4;;;;;;;;;;;;;;;;;;;;;;;;;
2019;358;beauce_5_sa_045;organique_beauce_5;BTH;;FERTI;;0.0;0.0;;;;;;AN;mineral;N;;11.3;11.3;0.0;0.0;;;;;;;;;;;;
2019;272;beauce_5_sa_046;organique_beauce_5;BTH;;SEMIS;semis;0.0;3.0;;;;;;;;;;;;;;;;;;;;;;;;;
2019;279;beauce_5_sa_047;organique_beauce_5;BTH;;SEMIS;semis;0.0;3.5;;;;;;;;;;;;;;;;;;;;;;;;;
2019;326;beauce_5_sa_047;organique_beauce_5;BTH;;FERTI;;0.0;0.0;;;;;;AN;mineral;N;;49.6;49.6;0.0;0.0;;;;;;;;;;;;
2019;242;beauce_5_sa_047;organique_beauce_5;BTH;;TRAVAIL_SOL;travail_sol_1;0.0;17.3;;;;;;;;;;;;;;;;;;;;;;;;;
2019;249;beauce_5_sa_047;organique_beauce_5;BTH;;TRAVAIL_SOL;une_reprise;0.0;6.4;;;;;;;;;;;;;;;;;;;;;;;;;
2019;288;beauce_5_sa_048;organique_beauce_5;BTH;;SEMIS;semis;0.0;3.9;;;;;;;;;;;;;;;;;;;;;;;;;
2019;249;beauce_5_sa_048;organique_beauce_5;BTH;;TRAVAIL_SOL;travail_sol_1;0.0;15.1;;;;;;;;;;;;;;;;;;;;;;;;;
2019;256;beauce_5_sa_048;organique_beauce_5;BTH;;TRAVAIL_SOL;une_reprise;0.0;8.8;;;;;;;;;;;;;;;;;;;;;;;;;
2019;293;beauce_5_sa_049;organique_beauce_5;BTH;;SEMIS;semis;0.0;2.0;;;;;;;;;;;;;;;;;;;;;;;;;
2019;313;beauce_5_sa_050;organique_beauce_5;BTH;;SEMIS;semis;0.0;1.1;;;;;;;;;;;;;;;;;;;;;;;;;
2019;259;beauce_5_sa_051;organique_beauce_5;BTH;;SEMIS;semis;0.0;3.6;;;;;;;;;;;;;;;;;;;;;;;;;
2019;253;beauce_5_sa_051;organique_beauce_5;BTH;;TRAVAIL_SOL;travail_sol_1;0.0;24.5;;;;;;;;;;;;;;;;;;;;;;;;;
2019;260;beauce_5_sa_052;organique_beauce_5;BTH;;SEMIS;semis;0.0;1.8;;;;;;;;;;;;;;;;;;;;;;;;;
2019;230;beauce_5_sa_052;organique_beauce_5;BTH;;TRAVAIL_SOL;travail_sol_1;0.0;22.0;;;;;;;;;;;;;;;;;;;;;;;;;
2019;237;beauce_5_sa_052;organique_beauce_5;BTH;;TRAVAIL_SOL;une_reprise;0.0;23.3;;;;;;;;;;;;;;;;;;;;;;;;;
2019;315;beauce_5_sa_053;organique_beauce_5;BTH;;SEMIS;semis;0.0;3.0;;;;;;;;;;;;;;;;;;;;;;;;;
2019;312;beauce_5_sa_054;organique_beauce_5;BTH;;SEMIS;semis;0.0;1.9;;;;;;;;;;;;;;;;;;;;;;;;;
2019;276;beauce_5_sa_055;organique_beauce_5;BTH;;SEMIS;semis;0.0;3.4;;;;;;;;;;;;;;;;;;;;;;;;;
2019;260;beauce_5_sa_055;organique_beauce_5;BTH;;TRAVAIL_SOL;travail_sol_1;0.0;7.3;;;;;;;;;;;;;;;;;;;;;;;;;
2019;263;beauce_5_sa_056;organique_beauce_5;BTH;;SEMIS;semis;0.0;1.8;;;;;;;;;;;;;;;;;;;;;;;;;
2019;330;beauce_5_sa_056;organique_beauce_5;BTH;;FERTI;;0.0;0.0;;;;;;AN;mineral;N;;1.1;1.1;0.0;0.0;;;;;;;;;;;;
2019;241;beauce_5_sa_056;organique_beauce_5;BTH;;TRAVAIL_SOL;travail_sol_1;0.0;3.9;;;;;;;;;;;;;;;;;;;;;;;;;
2019;248;beauce_5_sa_056;organique_beauce_5;BTH;;TRAVAIL_SOL;une_reprise;0.0;21.0;;;;;;;;;;;;;;;;;;;;;;;;;
2019;295;beauce_5_sa_057;organique_beauce_5;BTH;;SEMIS;semis;0.0;1.1;;;;;;;;;;;;;;;;;;;;;;;;;
2019;277;beauce_5_sa_057;organique_beauce_5;BTH;;TRAVAIL_SOL;travail_sol_1;0.0;14.3;;;;;;;;;;;;;;;;;;;;;;;;;
2019;264;beauce_5_sa_058;organique_beauce_5;BTH;;SEMIS;semis;0.0;3.1;;;;;;;;;;;;;;;;;;;;;;;;;
2019;251;beauce_5_sa_058;organique_beauce_5;BTH;;TRAVAIL_SOL;travail_sol_1;0.0;4.5;;;;;;;;;;;;;;;;;;;;;;;;;
2019;258;beauce_5_sa_058;organique_beauce_5;BTH;;TRAVAIL_SOL;une_reprise;0.0;3.4;;;;;;;;;;;;;;;;;;;;;;;;;
2019;266;beauce_5_sa_059;organique_beauce_5;BTH;;SEMIS;semis;0.0;2.7;;;;;;;;;;;;;;;;;;;;;;;;;
2019;231;beauce_5_sa_059;organique_beauce_5;BTH;;TRAVAIL_SOL;travail_sol_1;0.0;23.1;;;;;;;;;;;;;;;;;;;;;;;;;
2019;238;beauce_5_sa_059;organique_beauce_5;BTH;;TRAVAIL_SOL;une_reprise;0.0;10.9;;;;;;;;;;;;;;;;;;;;;;;;;
2019;290;beauce_5_sa_060;organique_beauce_5;BTH;;SEMIS;semis;0.0;1.8;;;;;;;;;;;;;;;;;;;;;;;;;
2019;282;beauce_5_sa_060;organique_beauce_5;BTH;;TRAVAIL_SOL;travail_sol_1;0.0;3.5;;;;;;;;;;;;;;;;;;;;;;;;;
2019;285;beauce_5_sa_061;organique_beauce_5;BTH;;SEMIS;semis;0.0;2.5;;;;;;;;;;;;;;;;;;;;;;;;;
2019;290;beauce_5_sa_062;organique_beauce_5;BTH;;SEMIS;semis;0.0;3.3;;;;;;;;;;;;;;;;;;;;;;;;;
2019;279;beauce_5_sa_062;organique_beauce_5;BTH;;TRAVAIL_SOL;travail_sol_1;0.0;16.3;;;;;;;;;;;;;;;;;;;;;;;;;
2019;286;beauce_5_sa_062;organique_beauce_5;BTH;;TRAVAIL_SOL;une_reprise;0.0;14.6;;;;;;;;;;;;;;;;;;;;;;;;;
2019;291;beauce_5_sa_063;organique_beauce_5;BTH;;SEMIS;semis;0.0;2.4;;;;;;;;;;;;;;;;;;;;;;;;;
2019;265;beauce_5_sa_063;organique_beauce_5;BTH;;TRAVAIL_SOL;travail_sol_1;0.0;9.2;;;;;;;;;;;;;;;;;;;;;;;;;
2019;311;beauce_5_sa_064;organique_beauce_5;BTH;;SEMIS;semis;0.0;3.8;;;;;;;;;;;;;;;;;;;;;;;;;
2019;270;beauce_5_sa_064;organique_beauce_5;BTH;;TRAVAIL_SOL;travail_sol_1;0.0;5.5;;;;;;;;;;;;;;;;;;;;;;;;;
2019;309;beauce_5_sa_065;organique_beauce_5;BTH;;SEMIS;semis;0.0;1.8;;;;;;;;;;;;;;;;;;;;;;;;;
2019;288;beauce_5_sa_065;organique_beauce_5;BTH;;TRAVAIL_SOL;travail_sol_1;0.0;11.3;;;;;;;;;;;;;;;;;;;;;;;;;
2019;295;beauce_5_sa_065;organique_beauce_5;BTH;;TRAVAIL_SOL;une_reprise;0.0;16.5;;;;;;;;;;;;;;;;;;;;;;;;;
2019;263;beauce_5_sa_066;organique_beauce_5;BTH;;SEMIS;semis;0.0;3.7;;;;;;;;;;;;;;;;;;;;;;;;;
2019;264;beauce_5_sa_067;organique_beauce_5;BTH;;SEMIS;semis;0.0;3.3;;;;;;;;;;;;;;;;;;;;;;;;;
2019;232;beauce_5_sa_067;organique_beauce_5;BTH;;TRAVAIL_SOL;travail_sol_1;0.0;20.3;;;;;;;;;;;;;;;;;;;;;;;;;
2019;286;beauce_5_sa_068;organique_beauce_5;BTH;;SEMIS;semis;0.0;3.1;;;;;;;;;;;;;;;;;;;;;;;;;
2019;293;beauce_5_sa_069;organique_beauce_5;BTH;;SEMIS;semis;0.0;2.3;;;;;;;;;;;;;;;;;;;;;;;;;
2019;331;beauce_5_sa_069;organique_beauce_5;BTH;;FERTI;;0.0;0.0;;;;;;AN;mineral;N;;8.4;8.4;0.0;0.0;;;;;;;;;;;;
2019;291;beauce_5_sa_070;organique_beauce_5;BTH;;SEMIS;semis;0.0;1.0;;;;;;;;;;;;;;;;;;;;;;;;;
2019;244;beauce_5_sa_070;organique_beauce_5;BTH;;TRAVAIL_SOL;travail_sol_1;0.0;2.4;;;;;;;;;;;;;;;;;;;;;;;;;
2019;251;beauce_5_sa_070;organique_beauce_5;BTH;;TRAVAIL_SOL;une_reprise;0.0;10.4;;;;;;;;;;;;;;;;;;;;;;;;;
2019;261;beauce_5_sa_071;organique_beauce_5;BTH;;SEMIS;semis;0.0;3.5;;;;;;;;;;;;;;;;;;;;;;;;;
2019;304;beauce_5_sa_072;organique_beauce_5;BTH;;SEMIS;semis;0.0;1.1;;;;;;;;;;;;;;;;;;;;;;;;;
2019;288;beauce_5_sa_072;organique_beauce_5;BTH;;TRAVAIL_SOL;travail_sol_1;0.0;9.3;;;;;;;;;;;;;;;;;;;;;;;;;
2019;287;beauce_5_sa_073;organique_beauce_5;BTH;;SEMIS;semis;0.0;1.9;;;;;;;;;;;;;;;;;;;;;;;;;
2019;346;beauce_5_sa_073;organique_beauce_5;BTH;;FERTI;;0.0;0.0;;;;;;AN;mineral;N;;5.2;5.2;0.0;0.0;;;;;;;;;;;;
2019;305;beauce_5_sa_074;organique_beauce_5;BTH;;SEMIS;semis;0.0;2.6;;;;;;;;;;;;;;;;;;;;;;;;;
2019;297;beauce_5_sa_075;organique_beauce_5;BTH;;SEMIS;semis;0.0;2.8;;;;;;;;;;;;;;;;;;;;;;;;;
2019;286;beauce_5_sa_076;organique_beauce_5;BTH;;SEMIS;semis;0.0;3.4;;;;;;;;;;;;;;;;;;;;;;;;;
2019;278;beauce_5_sa_077;organique_beauce_5;BTH;;SEMIS;semis;0.0;2.1;;;;;;;;;;;;;;;;;;;;;;;;;
2019;256;beauce_5_sa_077;organique_beauce_5;BTH;;TRAVAIL_SOL;travail_sol_1;0.0;15.3;;;;;;;;;;;;;;;;;;;;;;;;;
2019;263;beauce_5_sa_077;organique_beauce_5;BTH;;TRAVAIL_SOL;une_reprise;0.0;13.3;;;;;;;;;;;;;;;;;;;;;;;;;
2019;306;beauce_5_sa_078;organique_beauce_5;BTH;;SEMIS;semis;0.0;1.5;;;;;;;;;;;;;;;;;;;;;;;;;
2019;273;beauce_5_sa_079;organique_beauce_5;BTH;;SEMIS;semis;0.0;3.8;;;;;;;;;;;;;;;;;;;;;;;;;
2019;364;beauce_5_sa_079;organique_beauce_5;BTH;;FERTI;;0.0;0.0;;;;;;AN;mineral;N;;68.4;68.4;0.0;0.0;;;;;;;;;;;;
2019;268;beauce_5_sa_080;organique_beauce_5;BTH;;SEMIS;semis;0.0;2.3;;;;;;;;;;;;;;;;;;;;;;;;;
2019;278;beauce_5_sa_081;organique_beauce_5;BTH;;SEMIS;semis;0.0;1.4;;;;;;;;;;;;;;;;;;;;;;;;;
2019;240;beauce_5_sa_081;organique_beauce_5;BTH;;TRAVAIL_SOL;travail_sol_1;0.0;12.1;;;;;;;;;;;;;;;;;;;;;;;;;
2019;317;beauce_5_sa_082;organique_beauce_5;BTH;;SEMIS;semis;0.0;2.1;;;;;;;;;;;;;;;;;;;;;;;;;
2019;310;beauce_5_sa_082;organique_beauce_5;BTH;;TRAVAIL_SOL;travail_sol_1;0.0;16.8;;;;;;;;;;;;;;;;;;;;;;;;;
2019;309;beauce_5_sa_083;organique_beauce_5;BTH;;SEMIS;semis;0.0;2.5;;;;;;;;;;;;;;;;;;;;;;;;;
2019;264;beauce_5_sa_084;organique_beauce_5;BTH;;SEMIS;semis;0.0;2.3;;;;;;;;;;;;;;;;;;;;;;;;;
2019;257;beauce_5_sa_084;organique_beauce_5;BTH;;TRAVAIL_SOL;travail_sol_1;0.0;8.3;;;;;;;;;;;;;;;;;;;;;;;;;
2019;315;beauce_5_sa_085;organique_beauce_5;BTH;;SEMIS;semis;0.0;2.5;;;;;;;;;;;;;;;;;;;;;;;;;
2019;305;beauce_5_sa_085;organique_beauce_5;BTH;;TRAVAIL_SOL;travail_sol_1;0.0;14.4;;;;;;;;;;;;;;;;;;;;;;;;;
2019;259;beauce_5_sa_086;organique_beauce_5;BTH;;SEMIS;semis;0.0;1.5;;;;;;;;;;;;;;;;;;;;;;;;;
2019;303;beauce_5_sa_087;organique_beauce_5;BTH;;SEMIS;semis;0.0;3.0;;;;;;;;;;;;;;;;;;;;;;;;;
2019;270;beauce_5_sa_088;organique_beauce_5;BTH;;SEMIS;semis;0.0;2.1;;;;;;;;;;;;;;;;;;;;;;;;;
2019;233;beauce_5_sa_088;organique_beauce_5;BTH;;TRAVAIL_SOL;travail_sol_1;0.0;9.5;;;;;;;;;;;;;;;;;;;;;;;;;
2019;240;beauce_5_sa_088;organique_beauce_5;BTH;;TRAVAIL_SOL;une_reprise;0.0;11.7;;;;;;;;;;;;;;;;;;;;;;;;;
2019;316;beauce_5_sa_089;organique_beauce_5;BTH;;SEMIS;semis;0.0;3.2;;;;;;;;;;;;;;;;;;;;;;;;;
2019;297;beauce_5_sa_089;organique_beauce_5;BTH;;TRAVAIL_SOL;travail_sol_1;0.0;10.8;;;;;;;;;;;;;;;;;;;;;;;;;
2019;282;beauce_5_sa_090;organique_beauce_5;BTH;;SEMIS;semis;0.0;3.2;;;;;;;;;;;;;;;;;;;;;;;;;
2019;318;beauce_5_sa_091;organique_beauce_5;BTH;;SEMIS;semis;0.0;2.4;;;;;;;;;;;;;;;;;;;;;;;;;
2019;274;beauce_5_sa_091;organique_beauce_5;BTH;;TRAVAIL_SOL;travail_sol_1;0.0;4.7;;;;;;;;;;;;;;;;;;;;;;;;;
2019;261;beauce_5_sa_092;organique_beauce_5;BTH;;SEMIS;semis;0.0;3.3;;;;;;;;;;;;;;;;;;;;;;;;;
2019;239;beauce_5_sa_092;organique_beauce_5;BTH;;TRAVAIL_SOL;travail_sol_1;0.0;16.1;;;;;;;;;;;;;;;;;;;;;;;;;
2019;246;beauce_5_sa_092;organique_beauce_5;BTH;;TRAVAIL_SOL;une_reprise;0.0;23.6;;;;;;;;;;;;;;;;;;;;;;;;;
2019;314;beauce_5_sa_093;organique_beauce_5;BTH;;SEMIS;semis;0.0;3.5;;;;;;;;;;;;;;;;;;;;;;;;;
2019;330;beauce_5_sa_093;organique_beauce_5;BTH;;FERTI;;0.0;0.0;;;;;;AN;mineral;N;;3.3;3.3;0.0;0.0;;;;;;;;;;;;
2019;284;beauce_5_sa_093;organique_beauce_5;BTH;;TRAVAIL_SOL;travail_sol_1;0.0;19.7;;;;;;;;;;;;;;;;;;;;;;;;;
2019;291;beauce_5_sa_093;organique_beauce_5;BTH;;TRAVAIL_SOL;une_reprise;0.0;7.0;;;;;;;;;;;;;;;;;;;;;;;;;
2019;275;beauce_5_sa_094;organique_beauce_5;BTH;;SEMIS;semis;0.0;2.9;;;;;;;;;;;;;;;;;;;;;;;;;
2019;280;beauce_5_sa_095;organique_beauce_5;BTH;;SEMIS;semis;0.0;3.7;;;;;;;;;;;;;;;;;;;;;;;;;
2019;293;beauce_5_sa_096;organique_beauce_5;BTH;;SEMIS;semis;0.0;2.1;;;;;;;;;;;;;;;;;;;;;;;;;
2019;277;beauce_5_sa_096;organique_beauce_5;BTH;;TRAVAIL_SOL;travail_sol_1;0.0;24.9;;;;;;;;;;;;;;;;;;;;;;;;;
2019;316;beauce_5_sa_097;organique_beauce_5;BTH;;SEMIS;semis;0.0;1.0;;;;;;;;;;;;;;;;;;;;;;;;;
2019;335;beauce_5_sa_097;organique_beauce_5;BTH;;FERTI;;0.0;0.0;;;;;;AN;mineral;N;;6.6;6.6;0.0;0.0;;;;;;;;;;;;
2019;302;beauce_5_sa_097;organique_beauce_5;BTH;;TRAVAIL_SOL;travail_sol_1;0.0;19.4;;;;;;;;;;;;;;;;;;;;;;;;;
2019;283;beauce_5_sa_098;organique_beauce_5;BTH;;SEMIS;semis;0.0;2.3;;;;;;;;;;;;;;;;;;;;;;;;;
2019;248;beauce_5_sa_098;organique_beauce_5;BTH;;TRAVAIL_SOL;travail_sol_1;0.0;8.2;;;;;;;;;;;;;;;;;;;;;;;;;
2019;284;beauce_5_sa_099;organique_beauce_5;BTH;;SEMIS;semis;0.0;1.7;;;;;;;;;;;;;;;;;;;;;;;;;
2019;265;beauce_5_sa_099;organique_beauce_5;BTH;;TRAVAIL_SOL;travail_sol_1;0.0;5.9;;;;;;;;;;;;;;;;;;;;;;;;;
2020;228;beauce_5_sa_000;organique_beauce_5;BTH;;RECOLTE;;0.0;0.0;8.56;;;;;;;;;;;;;0.0;7.57;3.0;;;;;;;;;
2020;315;beauce_5_sa_000;organique_beauce_5;BTH;;SEMIS;semis;0.0;3.9;;;;;;;;;;;;;;;;;;;;;;;;;
2020;85;beauce_5_sa_000;organique_beauce_5;BTH;;FERTI;;0.0;0.0;;;;;;AN;mineral;N;;36.2;36.2;0.0;0.0;;;;;;;;;;;;
2020;215;beauce_5_sa_001;organique_beauce_5;BTH;;RECOLTE;;0.0;0.0;7.46;;;;;;;;;;;;;0.0;6.6;3.0;;;;;;;;;
2020;266;beauce_5_sa_001;organique_beauce_5;BTH;;SEMIS;semis;0.0;3.9;;;;;;;;;;;;;;;;;;;;;;;;;
2020;256;beauce_5_sa_001;organique_beauce_5;BTH;;TRAVAIL_SOL;travail_sol_1;0.0;22.9;;;;;;;;;;;;;;;;;;;;;;;;;
2020;178;beauce_5_sa_002;organique_beauce_5;BTH;;RECOLTE;;0.0;0.0;8.84;;;;;;;;;;;;;0.0;7.82;3.0;;;;;;;;;
2020;312;beauce_5_sa_002;organique_beauce_5;BTH;;SEMIS;semis;0.0;1.7;;;;;;;;;;;;;;;;;;;;;;;;;
2020;120;beauce_5_sa_002;organique_beauce_5;BTH;;FERTI;;0.0;0.0;;;;;;AN;mineral;N;;40.7;40.7;0.0;0.0;;;;;;;;;;;;
2020;121;beauce_5_sa_002;organique_beauce_5;BTH;;FERTI;;0.0;0.0;;;;;;AN;mineral;N;;31.4;31.4;0.0;0.0;;;;;;;;;;;;
2020;346;beauce_5_sa_002;organique_beauce_5;BTH;;FERTI;;0.0;0.0;;;;;;AN;mineral;N;;6.9;6.9;0.0;0.0;;;;;;;;;;;;
2020;195;beauce_5_sa_003;organique_beauce_5;BTH;;RECOLTE;;0.0;0.0;8.45;;;;;;;;;;;;;0.0;7.47;3.0;;;;;;;;;
2020;303;beauce_5_sa_003;organique_beauce_5;BTH;;SEMIS;semis;0.0;3.6;;;;;;;;;;;;;;;;;;;;;;;;;
2020;117;beauce_5_sa_003;organique_beauce_5;BTH;;FERTI;;0.0;0.0;;;;;;AN;mineral;N;;23.8;23.8;0.0;0.0;;;;;;;;;;;;
2020;133;beauce_5_sa_003;organique_beauce_5;BTH;;FERTI;;0.0;0.0;;;;;;AN;mineral;N;;1.3;1.3;0.0;0.0;;;;;;;;;;;;
2020;134;beauce_5_sa_003;organique_beauce_5;BTH;;FERTI;;0.0;0.0;;;;;;AN;mineral;N;;4.6;4.6;0.0;0.0;;;;;;;;;;;;
2020;260;beauce_5_sa_003;organique_beauce_5;BTH;;TRAVAIL_SOL;travail_sol_1;0.0;19.5;;;;;;;;;;;;;;;;;;;;;;;;;
2020;226;beauce_5_sa_004;organique_beauce_5;BTH;;RECOLTE;;0.0;0.0;7.53;;;;;;;;;;;;;0.0;6.66;3.0;;;;;;;;;
2020;307;beauce_5_sa_004;organique_beauce_5;BTH;;SEMIS;semis;0.0;3.6;;;;;;;;;;;;;;;;;;;;;;;;;
2020;228;beauce_5_sa_005;organique_beauce_5;BTH;;RECOLTE;;0.0;0.0;7.53;;;;;;;;;;;;;0.0;6.66;3.0;;;;;;;;;
2020;277;beauce_5_sa_005;organique_beauce_5;BTH;;SEMIS;semis;0.0;1.2;;;;;;;;;;;;;;;;;;;;;;;;;
2020;207;beauce_5_sa_006;organique_beauce_5;BTH;;RECOLTE;;0.0;0.0;8.71;;;;;;;;;;;;;0.0;7.7;3.0;;;;;;;;;
2020;317;beauce_5_sa_006;organique_beauce_5;BTH;;SEMIS;semis;0.0;1.5;;;;;;;;;;;;;;;;;;;;;;;;;
2020;142;beauce_5_sa_006;organique_beauce_5;BTH;;FERTI;;0.0;0.0;;;;;;AN;mineral;N;;1.4;1.4;0.0;0.0;;;;;;;;;;;;
2020;143;beauce_5_sa_006;organique_beauce_5;BTH;;FERTI;;0.0;0.0;;;;;;AN;mineral;N;;75.7;75.7;0.0;0.0;;;;;;;;;;;;
2020;354;beauce_5_sa_006;organique_beauce_5;BTH;;FERTI;;0.0;0.0;;;;;;AN;mineral;N;;2.2;2.2;0.0;0.0;;;;;;;;;;;;
2020;281;beauce_5_sa_006;organique_beauce_5;BTH;;TRAVAIL_SOL;travail_sol_1;0.0;6.4;;;;;;;;;;;;;;;;;;;;;;;;;
2020;189;beauce_5_sa_007;organique_beauce_5;BTH;;RECOLTE;;0.0;0.0;7.45;;;;;;;;;;;;;0.0;6.59;3.0;;;;;;;;;
2020;301;beauce_5_sa_007;organique_beauce_5;BTH;;SEMIS;semis;0.0;3.6;;;;;;;;;;;;;;;;;;;;;;;;;
2020;271;beauce_5_sa_007;organique_beauce_5;BTH;;TRAVAIL_SOL;travail_sol_1;0.0;14.6;;;;;;;;;;;;;;;;;;;;;;;;;
2020;278;beauce_5_sa_007;organique_beauce_5;BTH;;TRAVAIL_SOL;une_reprise;0.0;17.3;;;;;;;;;;;;;;;;;;;;;;;;;
2020;172;beauce_5_sa_008;organique_beauce_5;BTH;;RECOLTE;;0.0;0.0;7.91;;;;;;;;;;;;;0.0;7.0;3.0;;;;;;;;;
2020;274;beauce_5_sa_008;organique_beauce_5;BTH;;SEMIS;semis;0.0;1.2;;;;;;;;;;;;;;;;;;;;;;;;;
2020;153;beauce_5_sa_008;organique_beauce_5;BTH;;FERTI;;0.0;0.0;;;;;;AN;mineral;N;;14.4;14.4;0.0;0.0;;;;;;;;;;;;
2020;154;beauce_5_sa_008;organique_beauce_5;BTH;;FERTI;;0.0;0.0;;;;;;AN;mineral;N;;63.1;63.1;0.0;0.0;;;;;;;;;;;;
2020;350;beauce_5_sa_008;organique_beauce_5;BTH;;FERTI;;0.0;0.0;;;;;;AN;mineral;N;;4.2;4.2;0.0;0.0;;;;;;;;;;;;
2020;210;beauce_5_sa_009;organique_beauce_5;BTH;;RECOLTE;;0.0;0.0;7.89;;;;;;;;;;;;;0.0;6.98;3.0;;;;;;;;;
2020;310;beauce_5_sa_009;organique_beauce_5;BTH;;SEMIS;semis;0.0;3.8;;;;;;;;;;;;;;;;;;;;;;;;;
2020;166;beauce_5_sa_009;organique_beauce_5;BTH;;FERTI;;0.0;0.0;;;;;;AN;mineral;N;;2.6;2.6;0.0;0.0;;;;;;;;;;;;
2020;167;beauce_5_sa_009;organique_beauce_5;BTH;;FERTI;;0.0;0.0;;;;;;AN;mineral;N;;7.5;7.5;0.0;0.0;;;;;;;;;;;;
2020;295;beauce_5_sa_009;organique_beauce_5;BTH;;TRAVAIL_SOL;travail_sol_1;0.0;6.6;;;;;;;;;;;;;;;;;;;;;;;;;
2020;222;beauce_5_sa_010;organique_beauce_5;BTH;;RECOLTE;;0.0;0.0;8.17;;;;;;;;;;;;;0.0;7.23;3.0;;;;;;;;;
2020;266;beauce_5_sa_010;organique_beauce_5;BTH;;SEMIS;semis;0.0;1.8;;;;;;;;;;;;;;;;;;;;;;;;;
2020;1;beauce_5_sa_010;organique_beauce_5;BTH;;FERTI;;0.0;0.0;;;;;;AN;mineral;N;;21.4;21.4;0.0;0.0;;;;;;;;;;;;
2020;252;beauce_5_sa_010;organique_beauce_5;BTH;;TRAVAIL_SOL;travail_sol_1;0.0;21.3;;;;;;;;;;;;;;;;;;;;;;;;;
2020;206;beauce_5_sa_011;organique_beauce_5;BTH;;RECOLTE;;0.0;0.0;7.64;;;;;;;;;;;;;0.0;6.76;3.0;;;;;;;;;
2020;277;beauce_5_sa_011;organique_beauce_5;BTH;;SEMIS;semis;0.0;3.0;;;;;;;;;;;;;;;;;;;;;;;;;
2020;2;beauce_5_sa_011;organique_beauce_5;BTH;;FERTI;;0.0;0.0;;;;;;AN;mineral;N;;3.3;3.3;0.0;0.0;;;;;;;;;;;;
2020;196;beauce_5_sa_012;organique_beauce_5;BTH;;RECOLTE;;0.0;0.0;7.71;;;;;;;;;;;;;0.0;6.83;3.0;;;;;;;;;
2020;265;beauce_5_sa_012;organique_beauce_5;BTH;;SEMIS;semis;0.0;3.9;;;;;;;;;;;;;;;;;;;;;;;;;
2020;152;beauce_5_sa_012;organique_beauce_5;BTH;;FERTI;;0.0;0.0;;;;;;AN;mineral;N;;74.3;74.3;0.0;0.0;;;;;;;;;;;;
2020;153;beauce_5_sa_012;organique_beauce_5;BTH;;FERTI;;0.0;0.0;;;;;;AN;mineral;N;;3.6;3.6;0.0;0.0;;;;;;;;;;;;
2020;180;beauce_5_sa_013;organique_beauce_5;BTH;;RECOLTE;;0.0;0.0;9.0;;;;;;;;;;;;;0.0;7.96;3.0;;;;;;;;;
2020;290;beauce_5_sa_013;organique_beauce_5;BTH;;SEMIS;semis;0.0;1.4;;;;;;;;;;;;;;;;;;;;;;;;;
2020;75;beauce_5_sa_013;organique_beauce_5;BTH;;FERTI;;0.0;0.0;;;;;;AN;mineral;N;;44.4;44.4;0.0;0.0;;;;;;;;;;;;
2020;76;beauce_5_sa_013;organique_beauce_5;BTH;;FERTI;;0.0;0.0;;;;;;AN;mineral;N;;46.8;46.8;0.0;0.0;;;;;;;;;;;;
2020;94;beauce_5_sa_013;organique_beauce_5;BTH;;FERTI;;0.0;0.0;;;;;;AN;mineral;N;;14.8;14.8;0.0;0.0;;;;;;;;;;;;
2020;276;beauce_5_sa_013;organique_beauce_5;BTH;;TRAVAIL_SOL;travail_sol_1;0.0;4.6;;;;;;;;;;;;;;;;;;;;;;;;;
2020;283;beauce_5_sa_013;organique_beauce_5;BTH;;TRAVAIL_SOL;une_reprise;0.0;16.0;;;;;;;;;;;;;;;;;;;;;;;;;
2020;223;beauce_5_sa_014;organique_beauce_5;BTH;;RECOLTE;;0.0;0.0;8.24;;;;;;;;;;;;;0.0;7.29;3.0;;;;;;;;;
2020;278;beauce_5_sa_014;organique_beauce_5;BTH;;SEMIS;semis;0.0;1.6;;;;;;;;;;;;;;;;;;;;;;;;;
2020;141;beauce_5_sa_014;organique_beauce_5;BTH;;FERTI;;0.0;0.0;;;;;;AN;mineral;N;;34.7;34.7;0.0;0.0;;;;;;;;;;;;
2020;270;beauce_5_sa_014;organique_beauce_5;BTH;;TRAVAIL_SOL;travail_sol_1;0.0;9.9;;;;;;;;;;;;;;;;;;;;;;;;;
2020;227;beauce_5_sa_015;organique_beauce_5;BTH;;RECOLTE;;0.0;0.0;8.38;;;;;;;;;;;;;0.0;7.41;3.0;;;;;;;;;
2020;267;beauce_5_sa_015;organique_beauce_5;BTH;;SEMIS;semis;0.0;3.6;;;;;;;;;;;;;;;;;;;;;;;;;
2020;97;beauce_5_sa_015;organique_beauce_5;BTH;;FERTI;;0.0;0.0;;;;;;AN;mineral;N;;22.5;22.5;0.0;0.0;;;;;;;;;;;;
2020;98;beauce_5_sa_015;organique_beauce_5;BTH;;FERTI;;0.0;0.0;;;;;;AN;mineral;N;;3.4;3.4;0.0;0.0;;;;;;;;;;;;
2020;161;beauce_5_sa_015;organique_beauce_5;BTH;;FERTI;;0.0;0.0;;;;;;AN;mineral;N;;27.1;27.1;0.0;0.0;;;;;;;;;;;;
2020;237;beauce_5_sa_015;organique_beauce_5;BTH;;TRAVAIL_SOL;travail_sol_1;0.0;13.4;;;;;;;;;;;;;;;;;;;;;;;;;
2020;244;beauce_5_sa_015;organique_beauce_5;BTH;;TRAVAIL_SOL;une_reprise;0.0;17.8;;;;;;;;;;;;;;;;;;;;;;;;;
2020;179;beauce_5_sa_016;organique_beauce_5;BTH;;RECOLTE;;0.0;0.0;8.11;;;;;;;;;;;;;0.0;7.17;3.0;;;;;;;;;
2020;262;beauce_5_sa_016;organique_beauce_5;BTH;;SEMIS;semis;0.0;2.8;;;;;;;;;;;;;;;;;;;;;;;;;
2020;131;beauce_5_sa_016;organique_beauce_5;BTH;;FERTI;;0.0;0.0;;;;;;AN;mineral;N;;5.1;5.1;0.0;0.0;;;;;;;;;;;;
2020;132;beauce_5_sa_016;organique_beauce_5;BTH;;FERTI;;0.0;0.0;;;;;;AN;mineral;N;;13.9;13.9;0.0;0.0;;;;;;;;;;;;
2020;226;beauce_5_sa_016;organique_beauce_5;BTH;;TRAVAIL_SOL;travail_sol_1;0.0;15.3;;;;;;;;;;;;;;;;;;;;;;;;;
2020;233;beauce_5_sa_016;organique_beauce_5;BTH;;TRAVAIL_SOL;une_reprise;0.0;20.0;;;;;;;;;;;;;;;;;;;;;;;;;
2020;202;beauce_5_sa_017;organique_beauce_5;BTH;;RECOLTE;;0.0;0.0;7.59;;;;;;;;;;;;;0.0;6.71;3.0;;;;;;;;;
2020;294;beauce_5_sa_017;organique_beauce_5;BTH;;SEMIS;semis;0.0;3.8;;;;;;;;;;;;;;;;;;;;;;;;;
2020;9;beauce_5_sa_017;organique_beauce_5;BTH;;FERTI;;0.0;0.0;;;;;;AN;mineral;N;;1.9;1.9;0.0;0.0;;;;;;;;;;;;
2020;268;beauce_5_sa_017;organique_beauce_5;BTH;;TRAVAIL_SOL;travail_sol_1;0.0;21.1;;;;;;;;;;;;;;;;;;;;;;;;;
2020;190;beauce_5_sa_018;organique_beauce_5;BTH;;RECOLTE;;0.0;0.0;7.42;;;;;;;;;;;;;0.0;6.56;3.0;;;;;;;;;
2020;260;beauce_5_sa_018;organique_beauce_5;BTH;;SEMIS;semis;0.0;1.5;;;;;;;;;;;;;;;;;;;;;;;;;
2020;246;beauce_5_sa_018;organique_beauce_5;BTH;;TRAVAIL_SOL;travail_sol_1;0.0;21.3;;;;;;;;;;;;;;;;;;;;;;;;;
2020;253;beauce_5_sa_018;organique_beauce_5;BTH;;TRAVAIL_SOL;une_reprise;0.0;8.5;;;;;;;;;;;;;;;;;;;;;;;;;
2020;177;beauce_5_sa_019;organique_beauce_5;BTH;;RECOLTE;;0.0;0.0;7.42;;;;;;;;;;;;;0.0;6.57;3.0;;;;;;;;;
2020;259;beauce_5_sa_019;organique_beauce_5;BTH;;SEMIS;semis;0.0;2.9;;;;;;;;;;;;;;;;;;;;;;;;;
2020;220;beauce_5_sa_019;organique_beauce_5;BTH;;TRAVAIL_SOL;travail_sol_1;0.0;5.9;;;;;;;;;;;;;;;;;;;;;;;;;
2020;211;beauce_5_sa_020;organique_beauce_5;BTH;;RECOLTE;;0.0;0.0;8.06;;;;;;;;;;;;;0.0;7.13;3.0;;;;;;;;;
2020;309;beauce_5_sa_020;organique_beauce_5;BTH;;SEMIS;semis;0.0;1.4;;;;;;;;;;;;;;;;;;;;;;;;;
2020;47;beauce_5_sa_020;organique_beauce_5;BTH;;FERTI;;0.0;0.0;;;;;;AN;mineral;N;;14.0;14.0;0.0;0.0;;;;;;;;;;;;
2020;76;beauce_5_sa_020;organique_beauce_5;BTH;;FERTI;;0.0;0.0;;;;;;AN;mineral;N;;1.4;1.4;0.0;0.0;;;;;;;;;;;;
2020;291;beauce_5_sa_020;organique_beauce_5;BTH;;TRAVAIL_SOL;travail_sol_1;0.0;7.3;;;;;;;;;;;;;;;;;;;;;;;;;
2020;298;beauce_5_sa_020;organique_beauce_5;BTH;;TRAVAIL_SOL;une_reprise;0.0;15.9;;;;;;;;;;;;;;;;;;;;;;;;;
2020;215;beauce_5_sa_021;organique_beauce_5;BTH;;RECOLTE;;0.0;0.0;7.62;;;;;;;;;;;;;0.0;6.74;3.0;;;;;;;;;
2020;287;beauce_5_sa_021;organique_beauce_5;BTH;;SEMIS;semis;0.0;2.4;;;;;;;;;;;;;;;;;;;;;;;;;
2020;343;beauce_5_sa_021;organique_beauce_5;BTH;;FERTI;;0.0;0.0;;;;;;AN;mineral;N;;2.6;2.6;0.0;0.0;;;;;;;;;;;;
2020;270;beauce_5_sa_021;organique_beauce_5;BTH;;TRAVAIL_SOL;travail_sol_1;0.0;23.0;;;;;;;;;;;;;;;;;;;;;;;;;
2020;218;beauce_5_sa_022;organique_beauce_5;BTH;;RECOLTE;;0.0;0.0;8.6;;;;;;;;;;;;;0.0;7.61;3.0;;;;;;;;;
2020;308;beauce_5_sa_022;organique_beauce_5;BTH;;SEMIS;semis;0.0;3.0;;;;;;;;;;;;;;;;;;;;;;;;;
2020;61;beauce_5_sa_022;organique_beauce_5;BTH;;FERTI;;0.0;0.0;;;;;;AN;mineral;N;;1.8;1.8;0.0;0.0;;;;;;;;;;;;
2020;89;beauce_5_sa_022;organique_beauce_5;BTH;;FERTI;;0.0;0.0;;;;;;AN;mineral;N;;35.9;35.9;0.0;0.0;;;;;;;;;;;;
2020;285;beauce_5_sa_022;organique_beauce_5;BTH;;TRAVAIL_SOL;travail_sol_1;0.0;24.5;;;;;;;;;;;;;;;;;;;;;;;;;
2020;292;beauce_5_sa_022;organique_beauce_5;BTH;;TRAVAIL_SOL;une_reprise;0.0;24.0;;;;;;;;;;;;;;;;;;;;;;;;;
2020;220;beauce_5_sa_023;organique_beauce_5;BTH;;RECOLTE;;0.0;0.0;7.9;;;;;;;;;;;;;0.0;6.99;3.0;;;;;;;;;
2020;267;beauce_5_sa_023;organique_beauce_5;BTH;;SEMIS;semis;0.0;1.7;;;;;;;;;;;;;;;;;;;;;;;;;
2020;68;beauce_5_sa_023;organique_beauce_5;BTH;;FERTI;;0.0;0.0;;;;;;AN;mineral;N;;10.4;10.4;0.0;0.0;;;;;;;;;;;;
2020;96;beauce_5_sa_023;organique_beauce_5;BTH;;FERTI;;0.0;0.0;;;;;;AN;mineral;N;;1.3;1.3;0.0;0.0;;;;;;;;;;;;
2020;210;beauce_5_sa_024;organique_beauce_5;BTH;;RECOLTE;;0.0;0.0;9.0;;;;;;;;;;;;;0.0;7.96;3.0;;;;;;;;;
2020;287;beauce_5_sa_024;organique_beauce_5;BTH;;SEMIS;semis;0.0;3.5;;;;;;;;;;;;;;;;;;;;;;;;;
2020;14;beauce_5_sa_024;organique_beauce_5;BTH;;FERTI;;0.0;0.0;;;;;;AN;mineral;N;;36.6;36.6;0.0;0.0;;;;;;;;;;;;
2020;67;beauce_5_sa_024;organique_beauce_5;BTH;;FERTI;;0.0;0.0;;;;;;AN;mineral;N;;40.8;40.8;0.0;0.0;;;;;;;;;;;;
2020;257;beauce_5_sa_024;organique_beauce_5;BTH;;TRAVAIL_SOL;travail_sol_1;0.0;21.5;;;;;;;;;;;;;;;;;;;;;;;;;
2020;211;beauce_5_sa_025;organique_beauce_5;BTH;;RECOLTE;;0.0;0.0;7.6;;;;;;;;;;;;;0.0;6.73;3.0;;;;;;;;;
2020;301;beauce_5_sa_025;organique_beauce_5;BTH;;SEMIS;semis;0.0;1.7;;;;;;;;;;;;;;;;;;;;;;;;;
2020;331;beauce_5_sa_025;organique_beauce_5;BTH;;FERTI;;0.0;0.0;;;;;;AN;mineral;N;;3.7;3.7;0.0;0.0;;;;;;;;;;;;
2020;276;beauce_5_sa_025;organique_beauce_5;BTH;;TRAVAIL_SOL;travail_sol_1;0.0;2.5;;;;;;;;;;;;;;;;;;;;;;;;;
2020;187;beauce_5_sa_026;organique_beauce_5;BTH;;RECOLTE;;0.0;0.0;7.68;;;;;;;;;;;;;0.0;6.8;3.0;;;;;;;;;
2020;307;beauce_5_sa_026;organique_beauce_5;BTH;;SEMIS;semis;0.0;3.7;;;;;;;;;;;;;;;;;;;;;;;;;
2020;127;beauce_5_sa_026;organique_beauce_5;BTH;;FERTI;;0.0;0.0;;;;;;AN;mineral;N;;1.9;1.9;0.0;0.0;;;;;;;;;;;;
2020;334;beauce_5_sa_026;organique_beauce_5;BTH;;FERTI;;0.0;0.0;;;;;;AN;mineral;N;;8.3;8.3;0.0;0.0;;;;;;;;;;;;
2020;198;beauce_5_sa_027;organique_beauce_5;BTH;;RECOLTE;;0.0;0.0;8.2;;;;;;;;;;;;;0.0;7.25;3.0;;;;;;;;;
2020;308;beauce_5_sa_027;organique_beauce_5;BTH;;SEMIS;semis;0.0;3.2;;;;;;;;;;;;;;;;;;;;;;;;;
2020;5;beauce_5_sa_027;organique_beauce_5;BTH;;FERTI;;0.0;0.0;;;;;;AN;mineral;N;;4.5;4.5;0.0;0.0;;;;;;;;;;;;
2020;116;beauce_5_sa_027;organique_beauce_5;BTH;;FERTI;;0.0;0.0;;;;;;AN;mineral;N;;17.1;17.1;0.0;0.0;;;;;;;;;;;;
2020;201;beauce_5_sa_028;organique_beauce_5;BTH;;RECOLTE;;0.0;0.0;8.8;;;;;;;;;;;;;0.0;7.78;3.0;;;;;;;;;
2020;263;beauce_5_sa_028;organique_beauce_5;BTH;;SEMIS;semis;0.0;2.5;;;;;;;;;;;;;;;;;;;;;;;;;
2020;70;beauce_5_sa_028;organique_beauce_5;BTH;;FERTI;;0.0;0.0;;;;;;AN;mineral;N;;1.5;1.5;0.0;0.0;;;;;;;;;;;;
2020;104;beauce_5_sa_028;organique_beauce_5;BTH;;FERTI;;0.0;0.0;;;;;;AN;mineral;N;;56.2;56.2;0.0;0.0;;;;;;;;;;;;
2020;343;beauce_5_sa_028;organique_beauce_5;BTH;;FERTI;;0.0;0.0;;;;;;AN;mineral;N;;9.0;9.0;0.0;0.0;;;;;;;;;;;;
2020;232;beauce_5_sa_028;organique_beauce_5;BTH;;TRAVAIL_SOL;travail_sol_1;0.0;16.4;;;;;;;;;;;;;;;;;;;;;;;;;
2020;221;beauce_5_sa_029;organique_beauce_5;BTH;;RECOLTE;;0.0;0.0;8.82;;;;;;;;;;;;;0.0;7.8;3.0;;;;;;;;;
2020;286;beauce_5_sa_029;organique_beauce_5;BTH;;SEMIS;semis;0.0;1.3;;;;;;;;;;;;;;;;;;;;;;;;;
2020;120;beauce_5_sa_029;organique_beauce_5;BTH;;FERTI;;0.0;0.0;;;;;;AN;mineral;N;;12.6;12.6;0.0;0.0;;;;;;;;;;;;
2020;121;beauce_5_sa_029;organique_beauce_5;BTH;;FERTI;;0.0;0.0;;;;;;AN;mineral;N;;17.2;17.2;0.0;0.0;;;;;;;;;;;;
2020;131;beauce_5_sa_029;organique_beauce_5;BTH;;FERTI;;0.0;0.0;;;;;;AN;mineral;N;;64.8;64.8;0.0;0.0;;;;;;;;;;;;
2020;259;beauce_5_sa_029;organique_beauce_5;BTH;;TRAVAIL_SOL;travail_sol_1;0.0;10.9;;;;;;;;;;;;;;;;;;;;;;;;;
2020;199;beauce_5_sa_030;organique_beauce_5;BTH;;RECOLTE;;0.0;0.0;7.58;;;;;;;;;;;;;0.0;6.7;3.0;;;;;;;;;
2020;295;beauce_5_sa_030;organique_beauce_5;BTH;;SEMIS;semis;0.0;1.8;;;;;;;;;;;;;;;;;;;;;;;;;
2020;107;beauce_5_sa_030;organique_beauce_5;BTH;;FERTI;;0.0;0.0;;;;;;AN;mineral;N;;1.9;1.9;0.0;0.0;;;;;;;;;;;;
2020;258;beauce_5_sa_030;organique_beauce_5;BTH;;TRAVAIL_SOL;travail_sol_1;0.0;22.7;;;;;;;;;;;;;;;;;;;;;;;;;
2020;265;beauce_5_sa_030;organique_beauce_5;BTH;;TRAVAIL_SOL;une_reprise;0.0;24.6;;;;;;;;;;;;;;;;;;;;;;;;;
2020;209;beauce_5_sa_031;organique_beauce_5;BTH;;RECOLTE;;0.0;0.0;7.55;;;;;;;;;;;;;0.0;6.68;3.0;;;;;;;;;
2020;319;beauce_5_sa_031;organique_beauce_5;BTH;;SEMIS;semis;0.0;1.6;;;;;;;;;;;;;;;;;;;;;;;;;
2020;275;beauce_5_sa_031;organique_beauce_5;BTH;;TRAVAIL_SOL;travail_sol_1;0.0;11.8;;;;;;;;;;;;;;;;;;;;;;;;;
2020;282;beauce_5_sa_031;organique_beauce_5;BTH;;TRAVAIL_SOL;une_reprise;0.0;13.8;;;;;;;;;;;;;;;;;;;;;;;;;
2020;203;beauce_5_sa_032;organique_beauce_5;BTH;;RECOLTE;;0.0;0.0;7.52;;;;;;;;;;;;;0.0;6.65;3.0;;;;;;;;;
2020;272;beauce_5_sa_032;organique_beauce_5;BTH;;SEMIS;semis;0.0;2.4;;;;;;;;;;;;;;;;;;;;;;;;;
2020;246;beauce_5_sa_032;organique_beauce_5;BTH;;TRAVAIL_SOL;travail_sol_1;0.0;8.5;;;;;;;;;;;;;;;;;;;;;;;;;
2020;253;beauce_5_sa_032;organique_beauce_5;BTH;;TRAVAIL_SOL;une_reprise;0.0;11.2;;;;;;;;;;;;;;;;;;;;;;;;;
2020;212;beauce_5_sa_033;organique_beauce_5;BTH;;RECOLTE;;0.0;0.0;8.91;;;;;;;;;;;;;0.0;7.88;3.0;;;;;;;;;
2020;282;beauce_5_sa_033;organique_beauce_5;BTH;;SEMIS;semis;0.0;2.2;;;;;;;;;;;;;;;;;;;;;;;;;
2020;117;beauce_5_sa_033;organique_beauce_5;BTH;;FERTI;;0.0;0.0;;;;;;AN;mineral;N;;79.9;79.9;0.0;0.0;;;;;;;;;;;;
2020;118;beauce_5_sa_033;organique_beauce_5;BTH;;FERTI;;0.0;0.0;;;;;;AN;mineral;N;;2.4;2.4;0.0;0.0;;;;;;;;;;;;
2020;270;beauce_5_sa_033;organique_beauce_5;BTH;;TRAVAIL_SOL;travail_sol_1;0.0;11.5;;;;;;;;;;;;;;;;;;;;;;;;;
2020;277;beauce_5_sa_033;organique_beauce_5;BTH;;TRAVAIL_SOL;une_reprise;0.0;15.5;;;;;;;;;;;;;;;;;;;;;;;;;
2020;184;beauce_5_sa_034;organique_beauce_5;BTH;;RECOLTE;;0.0;0.0;8.29;;;;;;;;;;;;;0.0;7.34;3.0;;;;;;;;;
2020;317;beauce_5_sa_034;organique_beauce_5;BTH;;SEMIS;semis;0.0;3.6;;;;;;;;;;;;;;;;;;;;;;;;;
2020;64;beauce_5_sa_034;organique_beauce_5;BTH;;FERTI;;0.0;0.0;;;;;;AN;mineral;N;;12.1;12.1;0.0;0.0;;;;;;;;;;;;
2020;130;beauce_5_sa_034;organique_beauce_5;BTH;;FERTI;;0.0;0.0;;;;;;AN;mineral;N;;18.8;18.8;0.0;0.0;;;;;;;;;;;;
2020;299;beauce_5_sa_034;organique_beauce_5;BTH;;TRAVAIL_SOL;travail_sol_1;0.0;20.6;;;;;;;;;;;;;;;;;;;;;;;;;
2020;225;beauce_5_sa_035;organique_beauce_5;BTH;;RECOLTE;;0.0;0.0;7.95;;;;;;;;;;;;;0.0;7.04;3.0;;;;;;;;;
2020;312;beauce_5_sa_035;organique_beauce_5;BTH;;SEMIS;semis;0.0;2.5;;;;;;;;;;;;;;;;;;;;;;;;;
2020;80;beauce_5_sa_035;organique_beauce_5;BTH;;FERTI;;0.0;0.0;;;;;;AN;mineral;N;;2.4;2.4;0.0;0.0;;;;;;;;;;;;
2020;98;beauce_5_sa_035;organique_beauce_5;BTH;;FERTI;;0.0;0.0;;;;;;AN;mineral;N;;9.2;9.2;0.0;0.0;;;;;;;;;;;;
2020;279;beauce_5_sa_035;organique_beauce_5;BTH;;TRAVAIL_SOL;travail_sol_1;0.0;6.1;;;;;;;;;;;;;;;;;;;;;;;;;
2020;222;beauce_5_sa_036;organique_beauce_5;BTH;;RECOLTE;;0.0;0.0;8.86;;;;;;;;;;;;;0.0;7.84;3.0;;;;;;;;;
2020;305;beauce_5_sa_036;organique_beauce_5;BTH;;SEMIS;semis;0.0;3.5;;;;;;;;;;;;;;;;;;;;;;;;;
2020;131;beauce_5_sa_036;organique_beauce_5;BTH;;FERTI;;0.0;0.0;;;;;;AN;mineral;N;;90.6;90.6;0.0;0.0;;;;;;;;;;;;
2020;165;beauce_5_sa_036;organique_beauce_5;BTH;;FERTI;;0.0;0.0;;;;;;AN;mineral;N;;12.6;12.6;0.0;0.0;;;;;;;;;;;;
2020;166;beauce_5_sa_036;organique_beauce_5;BTH;;FERTI;;0.0;0.0;;;;;;AN;mineral;N;;3.2;3.2;0.0;0.0;;;;;;;;;;;;
2020;276;beauce_5_sa_036;organique_beauce_5;BTH;;TRAVAIL_SOL;travail_sol_1;0.0;19.3;;;;;;;;;;;;;;;;;;;;;;;;;
2020;172;beauce_5_sa_037;organique_beauce_5;BTH;;RECOLTE;;0.0;0.0;7.06;;;;;;;;;;;;;0.0;6.24;3.0;;;;;;;;;
2020;314;beauce_5_sa_037;organique_beauce_5;BTH;;SEMIS;semis;0.0;1.8;;;;;;;;;;;;;;;;;;;;;;;;;
2020;84;beauce_5_sa_037;organique_beauce_5;BTH;;FERTI;;0.0;0.0;;;;;;AN;mineral;N;;3.5;3.5;0.0;0.0;;;;;;;;;;;;
2020;170;beauce_5_sa_038;organique_beauce_5;BTH;;RECOLTE;;0.0;0.0;7.85;;;;;;;;;;;;;0.0;6.95;3.0;;;;;;;;;
2020;286;beauce_5_sa_038;organique_beauce_5;BTH;;SEMIS;semis;0.0;2.9;;;;;;;;;;;;;;;;;;;;;;;;;
2020;95;beauce_5_sa_038;organique_beauce_5;BTH;;FERTI;;0.0;0.0;;;;;;AN;mineral;N;;10.6;10.6;0.0;0.0;;;;;;;;;;;;
2020;151;beauce_5_sa_038;organique_beauce_5;BTH;;FERTI;;0.0;0.0;;;;;;AN;mineral;N;;44.4;44.4;0.0;0.0;;;;;;;;;;;;
2020;163;beauce_5_sa_038;organique_beauce_5;BTH;;FERTI;;0.0;0.0;;;;;;AN;mineral;N;;10.3;10.3;0.0;0.0;;;;;;;;;;;;
2020;175;beauce_5_sa_039;organique_beauce_5;BTH;;RECOLTE;;0.0;0.0;7.63;;;;;;;;;;;;;0.0;6.75;3.0;;;;;;;;;
2020;271;beauce_5_sa_039;organique_beauce_5;BTH;;SEMIS;semis;0.0;2.7;;;;;;;;;;;;;;;;;;;;;;;;;
2020;23;beauce_5_sa_039;organique_beauce_5;BTH;;FERTI;;0.0;0.0;;;;;;AN;mineral;N;;3.1;3.1;0.0;0.0;;;;;;;;;;;;
2020;230;beauce_5_sa_039;organique_beauce_5;BTH;;TRAVAIL_SOL;travail_sol_1;0.0;10.5;;;;;;;;;;;;;;;;;;;;;;;;;
2020;237;beauce_5_sa_039;organique_beauce_5;BTH;;TRAVAIL_SOL;une_reprise;0.0;16.3;;;;;;;;;;;;;;;;;;;;;;;;;
2020;176;beauce_5_sa_040;organique_beauce_5;BTH;;RECOLTE;;0.0;0.0;7.16;;;;;;;;;;;;;0.0;6.33;3.0;;;;;;;;;
2020;294;beauce_5_sa_040;organique_beauce_5;BTH;;SEMIS;semis;0.0;2.4;;;;;;;;;;;;;;;;;;;;;;;;;
2020;181;beauce_5_sa_041;organique_beauce_5;BTH;;RECOLTE;;0.0;0.0;7.41;;;;;;;;;;;;;0.0;6.56;3.0;;;;;;;;;
2020;288;beauce_5_sa_041;organique_beauce_5;BTH;;SEMIS;semis;0.0;3.5;;;;;;;;;;;;;;;;;;;;;;;;;
2020;259;beauce_5_sa_041;organique_beauce_5;BTH;;TRAVAIL_SOL;travail_sol_1;0.0;1.0;;;;;;;;;;;;;;;;;;;;;;;;;
2020;266;beauce_5_sa_041;organique_beauce_5;BTH;;TRAVAIL_SOL;une_reprise;0.0;11.5;;;;;;;;;;;;;;;;;;;;;;;;;
2020;185;beauce_5_sa_042;organique_beauce_5;BTH;;RECOLTE;;0.0;0.0;8.1;;;;;;;;;;;;;0.0;7.17;3.0;;;;;;;;;
2020;297;beauce_5_sa_042;organique_beauce_5;BTH;;SEMIS;semis;0.0;2.2;;;;;;;;;;;;;;;;;;;;;;;;;
2020;29;beauce_5_sa_042;organique_beauce_5;BTH;;FERTI;;0.0;0.0;;;;;;AN;mineral;N;;2.3;2.3;0.0;0.0;;;;;;;;;;;;
2020;138;beauce_5_sa_042;organique_beauce_5;BTH;;FERTI;;0.0;0.0;;;;;;AN;mineral;N;;18.5;18.5;0.0;0.0;;;;;;;;;;;;
2020;263;beauce_5_sa_042;organique_beauce_5;BTH;;TRAVAIL_SOL;travail_sol_1;0.0;6.7;;;;;;;;;;;;;;;;;;;;;;;;;
2020;270;beauce_5_sa_042;organique_beauce_5;BTH;;TRAVAIL_SOL;une_reprise;0.0;18.9;;;;;;;;;;;;;;;;;;;;;;;;;
2020;217;beauce_5_sa_043;organique_beauce_5;BTH;;RECOLTE;;0.0;0.0;9.0;;;;;;;;;;;;;0.0;7.96;3.0;;;;;;;;;
2020;310;beauce_5_sa_043;organique_beauce_5;BTH;;SEMIS;semis;0.0;3.6;;;;;;;;;;;;;;;;;;;;;;;;;
2020;77;beauce_5_sa_043;organique_beauce_5;BTH;;FERTI;;0.0;0.0;;;;;;AN;mineral;N;;34.3;34.3;0.0;0.0;;;;;;;;;;;;
2020;365;beauce_5_sa_043;organique_beauce_5;BTH;;FERTI;;0.0;0.0;;;;;;AN;mineral;N;;56.9;56.9;0.0;0.0;;;;;;;;;;;;
2020;288;beauce_5_sa_043;organique_beauce_5;BTH;;TRAVAIL_SOL;travail_sol_1;0.0;9.5;;;;;;;;;;;;;;;;;;;;;;;;;
2020;215;beauce_5_sa_044;organique_beauce_5;BTH;;RECOLTE;;0.0;0.0;7.5;;;;;;;;;;;;;0.0;6.64;3.0;;;;;;;;;
2020;274;beauce_5_sa_044;organique_beauce_5;BTH;;SEMIS;semis;0.0;1.3;;;;;;;;;;;;;;;;;;;;;;;;;
2020;263;beauce_5_sa_044;organique_beauce_5;BTH;;TRAVAIL_SOL;travail_sol_1;0.0;20.4;;;;;;;;;;;;;;;;;;;;;;;;;
2020;181;beauce_5_sa_045;organique_beauce_5;BTH;;RECOLTE;;0.0;0.0;8.28;;;;;;;;;;;;;0.0;7.33;3.0;;;;;;;;;
2020;286;beauce_5_sa_045;organique_beauce_5;BTH;;SEMIS;semis;0.0;2.4;;;;;;;;;;;;;;;;;;;;;;;;;
2020;154;beauce_5_sa_045;organique_beauce_5;BTH;;FERTI;;0.0;0.0;;;;;;AN;mineral;N;;23.2;23.2;0.0;0.0;;;;;;;;;;;;
2020;155;beauce_5_sa_045;organique_beauce_5;BTH;;FERTI;;0.0;0.0;;;;;;AN;mineral;N;;6.1;6.1;0.0;0.0;;;;;;;;;;;;
2020;359;beauce_5_sa_045;organique_beauce_5;BTH;;FERTI;;0.0;0.0;;;;;;AN;mineral;N;;11.3;11.3;0.0;0.0;;;;;;;;;;;;
2020;227;beauce_5_sa_046;organique_beauce_5;BTH;;RECOLTE;;0.0;0.0;7.52;;;;;;;;;;;;;0.0;6.66;3.0;;;;;;;;;
2020;273;beauce_5_sa_046;organique_beauce_5;BTH;;SEMIS;semis;0.0;3.0;;;;;;;;;;;;;;;;;;;;;;;;;
2020;179;beauce_5_sa_047;organique_beauce_5;BTH;;RECOLTE;;0.0;0.0;8.62;;;;;;;;;;;;;0.0;7.62;3.0;;;;;;;;;
2020;280;beauce_5_sa_047;organique_beauce_5;BTH;;SEMIS;semis;0.0;3.5;;;;;;;;;;;;;;;;;;;;;;;;;
2020;327;beauce_5_sa_047;organique_beauce_5;BTH;;FERTI;;0.0;0.0;;;;;;AN;mineral;N;;49.6;49.6;0.0;0.0;;;;;;;;;;;;
2020;243;beauce_5_sa_047;organique_beauce_5;BTH;;TRAVAIL_SOL;travail_sol_1;0.0;17.3;;;;;;;;;;;;;;;;;;;;;;;;;
2020;250;beauce_5_sa_047;organique_beauce_5;BTH;;TRAVAIL_SOL;une_reprise;0.0;6.4;;;;;;;;;;;;;;;;;;;;;;;;;
2020;185;beauce_5_sa_048;organique_beauce_5;BTH;;RECOLTE;;0.0;0.0;8.99;;;;;;;;;;;;;0.0;7.95;3.0;;;;;;;;;
2020;289;beauce_5_sa_048;organique_beauce_5;BTH;;SEMIS;semis;0.0;3.9;;;;;;;;;;;;;;;;;;;;;;;;;
2020;2;beauce_5_sa_048;organique_beauce_5;BTH;;FERTI;;0.0;0.0;;;;;;AN;mineral;N;;76.7;76.7;0.0;0.0;;;;;;;;;;;;
2020;104;beauce_5_sa_048;organique_beauce_5;BTH;;FERTI;;0.0;0.0;;;;;;AN;mineral;N;;97.7;97.7;0.0;0.0;;;;;;;;;;;;
2020;113;beauce_5_sa_048;organique_beauce_5;BTH;;FERTI;;0.0;0.0;;;;;;AN;mineral;N;;1.9;1.9;0.0;0.0;;;;;;;;;;;;
2020;250;beauce_5_sa_048;organique_beauce_5;BTH;;TRAVAIL_SOL;travail_sol_1;0.0;15.1;;;;;;;;;;;;;;;;;;;;;;;;;
2020;257;beauce_5_sa_048;organique_beauce_5;BTH;;TRAVAIL_SOL;une_reprise;0.0;8.8;;;;;;;;;;;;;;;;;;;;;;;;;
2020;190;beauce_5_sa_049;organique_beauce_5;BTH;;RECOLTE;;0.0;0.0;8.42;;;;;;;;;;;;;0.0;7.45;3.0;;;;;;;;;
2020;294;beauce_5_sa_049;organique_beauce_5;BTH;;SEMIS;semis;0.0;2.0;;;;;;;;;;;;;;;;;;;;;;;;;
2020;144;beauce_5_sa_049;organique_beauce_5;BTH;;FERTI;;0.0;0.0;;;;;;AN;mineral;N;;36.0;36.0;0.0;0.0;;;;;;;;;;;;
2020;145;beauce_5_sa_049;organique_beauce_5;BTH;;FERTI;;0.0;0.0;;;;;;AN;mineral;N;;2.6;2.6;0.0;0.0;;;;;;;;;;;;
2020;146;beauce_5_sa_049;organique_beauce_5;BTH;;FERTI;;0.0;0.0;;;;;;AN;mineral;N;;6.8;6.8;0.0;0.0;;;;;;;;;;;;
2020;224;beauce_5_sa_050;organique_beauce_5;BTH;;RECOLTE;;0.0;0.0;8.1;;;;;;;;;;;;;0.0;7.17;3.0;;;;;;;;;
2020;314;beauce_5_sa_050;organique_beauce_5;BTH;;SEMIS;semis;0.0;1.1;;;;;;;;;;;;;;;;;;;;;;;;;
2020;87;beauce_5_sa_050;organique_beauce_5;BTH;;FERTI;;0.0;0.0;;;;;;AN;mineral;N;;16.7;16.7;0.0;0.0;;;;;;;;;;;;
2020;189;beauce_5_sa_051;organique_beauce_5;BTH;;RECOLTE;;0.0;0.0;8.99;;;;;;;;;;;;;0.0;7.96;3.0;;;;;;;;;
2020;260;beauce_5_sa_051;organique_beauce_5;BTH;;SEMIS;semis;0.0;3.6;;;;;;;;;;;;;;;;;;;;;;;;;
2020;74;beauce_5_sa_051;organique_beauce_5;BTH;;FERTI;;0.0;0.0;;;;;;AN;mineral;N;;87.8;87.8;0.0;0.0;;;;;;;;;;;;
2020;99;beauce_5_sa_051;organique_beauce_5;BTH;;FERTI;;0.0;0.0;;;;;;AN;mineral;N;;1.1;1.1;0.0;0.0;;;;;;;;;;;;
2020;164;beauce_5_sa_051;organique_beauce_5;BTH;;FERTI;;0.0;0.0;;;;;;AN;mineral;N;;1.1;1.1;0.0;0.0;;;;;;;;;;;;
2020;254;beauce_5_sa_051;organique_beauce_5;BTH;;TRAVAIL_SOL;travail_sol_1;0.0;24.5;;;;;;;;;;;;;;;;;;;;;;;;;
2020;173;beauce_5_sa_052;organique_beauce_5;BTH;;RECOLTE;;0.0;0.0;7.85;;;;;;;;;;;;;0.0;6.95;3.0;;;;;;;;;
2020;261;beauce_5_sa_052;organique_beauce_5;BTH;;SEMIS;semis;0.0;1.8;;;;;;;;;;;;;;;;;;;;;;;;;
2020;28;beauce_5_sa_052;organique_beauce_5;BTH;;FERTI;;0.0;0.0;;;;;;AN;mineral;N;;9.7;9.7;0.0;0.0;;;;;;;;;;;;
2020;58;beauce_5_sa_052;organique_beauce_5;BTH;;FERTI;;0.0;0.0;;;;;;AN;mineral;N;;1.4;1.4;0.0;0.0;;;;;;;;;;;;
2020;231;beauce_5_sa_052;organique_beauce_5;BTH;;TRAVAIL_SOL;travail_sol_1;0.0;22.0;;;;;;;;;;;;;;;;;;;;;;;;;
2020;238;beauce_5_sa_052;organique_beauce_5;BTH;;TRAVAIL_SOL;une_reprise;0.0;23.3;;;;;;;;;;;;;;;;;;;;;;;;;
2020;173;beauce_5_sa_053;organique_beauce_5;BTH;;RECOLTE;;0.0;0.0;7.44;;;;;;;;;;;;;0.0;6.58;3.0;;;;;;;;;
2020;316;beauce_5_sa_053;organique_beauce_5;BTH;;SEMIS;semis;0.0;3.0;;;;;;;;;;;;;;;;;;;;;;;;;
2020;12;beauce_5_sa_053;organique_beauce_5;BTH;;FERTI;;0.0;0.0;;;;;;AN;mineral;N;;1.5;1.5;0.0;0.0;;;;;;;;;;;;
2020;114;beauce_5_sa_053;organique_beauce_5;BTH;;FERTI;;0.0;0.0;;;;;;AN;mineral;N;;11.3;11.3;0.0;0.0;;;;;;;;;;;;
2020;198;beauce_5_sa_054;organique_beauce_5;BTH;;RECOLTE;;0.0;0.0;8.99;;;;;;;;;;;;;0.0;7.96;3.0;;;;;;;;;
2020;313;beauce_5_sa_054;organique_beauce_5;BTH;;SEMIS;semis;0.0;1.9;;;;;;;;;;;;;;;;;;;;;;;;;
2020;32;beauce_5_sa_054;organique_beauce_5;BTH;;FERTI;;0.0;0.0;;;;;;AN;mineral;N;;7.8;7.8;0.0;0.0;;;;;;;;;;;;
2020;97;beauce_5_sa_054;organique_beauce_5;BTH;;FERTI;;0.0;0.0;;;;;;AN;mineral;N;;78.2;78.2;0.0;0.0;;;;;;;;;;;;
2020;143;beauce_5_sa_054;organique_beauce_5;BTH;;FERTI;;0.0;0.0;;;;;;AN;mineral;N;;84.8;84.8;0.0;0.0;;;;;;;;;;;;
2020;204;beauce_5_sa_055;organique_beauce_5;BTH;;RECOLTE;;0.0;0.0;8.22;;;;;;;;;;;;;0.0;7.27;3.0;;;;;;;;;
2020;277;beauce_5_sa_055;organique_beauce_5;BTH;;SEMIS;semis;0.0;3.4;;;;;;;;;;;;;;;;;;;;;;;;;
2020;144;beauce_5_sa_055;organique_beauce_5;BTH;;FERTI;;0.0;0.0;;;;;;AN;mineral;N;;24.8;24.8;0.0;0.0;;;;;;;;;;;;
2020;145;beauce_5_sa_055;organique_beauce_5;BTH;;FERTI;;0.0;0.0;;;;;;AN;mineral;N;;20.1;20.1;0.0;0.0;;;;;;;;;;;;
2020;146;beauce_5_sa_055;organique_beauce_5;BTH;;FERTI;;0.0;0.0;;;;;;AN;mineral;N;;19.8;19.8;0.0;0.0;;;;;;;;;;;;
2020;261;beauce_5_sa_055;organique_beauce_5;BTH;;TRAVAIL_SOL;travail_sol_1;0.0;7.3;;;;;;;;;;;;;;;;;;;;;;;;;
2020;221;beauce_5_sa_056;organique_beauce_5;BTH;;RECOLTE;;0.0;0.0;7.51;;;;;;;;;;;;;0.0;6.64;3.0;;;;;;;;;
2020;264;beauce_5_sa_056;organique_beauce_5;BTH;;SEMIS;semis;0.0;1.8;;;;;;;;;;;;;;;;;;;;;;;;;
2020;98;beauce_5_sa_056;organique_beauce_5;BTH;;FERTI;;0.0;0.0;;;;;;AN;mineral;N;;1.1;1.1;0.0;0.0;;;;;;;;;;;;
2020;331;beauce_5_sa_056;organique_beauce_5;BTH;;FERTI;;0.0;0.0;;;;;;AN;mineral;N;;1.1;1.1;0.0;0.0;;;;;;;;;;;;
2020;242;beauce_5_sa_056;organique_beauce_5;BTH;;TRAVAIL_SOL;travail_sol_1;0.0;3.9;;;;;;;;;;;;;;;;;;;;;;;;;
2020;249;beauce_5_sa_056;organique_beauce_5;BTH;;TRAVAIL_SOL;une_reprise;0.0;21.0;;;;;;;;;;;;;;;;;;;;;;;;;
2020;215;beauce_5_sa_057;organique_beauce_5;BTH;;RECOLTE;;0.0;0.0;7.6;;;;;;;;;;;;;0.0;6.72;3.0;;;;;;;;;
2020;296;beauce_5_sa_057;organique_beauce_5;BTH;;SEMIS;semis;0.0;1.1;;;;;;;;;;;;;;;;;;;;;;;;;
2020;74;beauce_5_sa_057;organique_beauce_5;BTH;;FERTI;;0.0;0.0;;;;;;AN;mineral;N;;2.9;2.9;0.0;0.0;;;;;;;;;;;;
2020;278;beauce_5_sa_057;organique_beauce_5;BTH;;TRAVAIL_SOL;travail_sol_1;0.0;14.3;;;;;;;;;;;;;;;;;;;;;;;;;
2020;184;beauce_5_sa_058;organique_beauce_5;BTH;;RECOLTE;;0.0;0.0;7.53;;;;;;;;;;;;;0.0;6.66;3.0;;;;;;;;;
2020;265;beauce_5_sa_058;organique_beauce_5;BTH;;SEMIS;semis;0.0;3.1;;;;;;;;;;;;;;;;;;;;;;;;;
2020;27;beauce_5_sa_058;organique_beauce_5;BTH;;FERTI;;0.0;0.0;;;;;;AN;mineral;N;;1.3;1.3;0.0;0.0;;;;;;;;;;;;
2020;252;beauce_5_sa_058;organique_beauce_5;BTH;;TRAVAIL_SOL;travail_sol_1;0.0;4.5;;;;;;;;;;;;;;;;;;;;;;;;;
2020;259;beauce_5_sa_058;organique_beauce_5;BTH;;TRAVAIL_SOL;une_reprise;0.0;3.4;;;;;;;;;;;;;;;;;;;;;;;;;
2020;200;beauce_5_sa_059;organique_beauce_5;BTH;;RECOLTE;;0.0;0.0;7.69;;;;;;;;;;;;;0.0;6.8;3.0;;;;;;;;;
2020;267;beauce_5_sa_059;organique_beauce_5;BTH;;SEMIS;semis;0.0;2.7;;;;;;;;;;;;;;;;;;;;;;;;;
2020;111;beauce_5_sa_059;organique_beauce_5;BTH;;FERTI;;0.0;0.0;;;;;;AN;mineral;N;;6.4;6.4;0.0;0.0;;;;;;;;;;;;
2020;232;beauce_5_sa_059;organique_beauce_5;BTH;;TRAVAIL_SOL;travail_sol_1;0.0;23.1;;;;;;;;;;;;;;;;;;;;;;;;;
2020;239;beauce_5_sa_059;organique_beauce_5;BTH;;TRAVAIL_SOL;une_reprise;0.0;10.9;;;;;;;;;;;;;;;;;;;;;;;;;
2020;183;beauce_5_sa_060;organique_beauce_5;BTH;;RECOLTE;;0.0;0.0;7.41;;;;;;;;;;;;;0.0;6.56;3.0;;;;;;;;;
2020;291;beauce_5_sa_060;organique_beauce_5;BTH;;SEMIS;semis;0.0;1.8;;;;;;;;;;;;;;;;;;;;;;;;;
2020;283;beauce_5_sa_060;organique_beauce_5;BTH;;TRAVAIL_SOL;travail_sol_1;0.0;3.5;;;;;;;;;;;;;;;;;;;;;;;;;
2020;175;beauce_5_sa_061;organique_beauce_5;BTH;;RECOLTE;;0.0;0.0;8.05;;;;;;;;;;;;;0.0;7.12;3.0;;;;;;;;;
2020;286;beauce_5_sa_061;organique_beauce_5;BTH;;SEMIS;semis;0.0;2.5;;;;;;;;;;;;;;;;;;;;;;;;;
2020;139;beauce_5_sa_061;organique_beauce_5;BTH;;FERTI;;0.0;0.0;;;;;;AN;mineral;N;;26.8;26.8;0.0;0.0;;;;;;;;;;;;
2020;140;beauce_5_sa_061;organique_beauce_5;BTH;;FERTI;;0.0;0.0;;;;;;AN;mineral;N;;10.7;10.7;0.0;0.0;;;;;;;;;;;;
2020;208;beauce_5_sa_062;organique_beauce_5;BTH;;RECOLTE;;0.0;0.0;7.52;;;;;;;;;;;;;0.0;6.66;3.0;;;;;;;;;
2020;291;beauce_5_sa_062;organique_beauce_5;BTH;;SEMIS;semis;0.0;3.3;;;;;;;;;;;;;;;;;;;;;;;;;
2020;280;beauce_5_sa_062;organique_beauce_5;BTH;;TRAVAIL_SOL;travail_sol_1;0.0;16.3;;;;;;;;;;;;;;;;;;;;;;;;;
2020;287;beauce_5_sa_062;organique_beauce_5;BTH;;TRAVAIL_SOL;une_reprise;0.0;14.6;;;;;;;;;;;;;;;;;;;;;;;;;
2020;200;beauce_5_sa_063;organique_beauce_5;BTH;;RECOLTE;;0.0;0.0;8.09;;;;;;;;;;;;;0.0;7.15;3.0;;;;;;;;;
2020;292;beauce_5_sa_063;organique_beauce_5;BTH;;SEMIS;semis;0.0;2.4;;;;;;;;;;;;;;;;;;;;;;;;;
2020;23;beauce_5_sa_063;organique_beauce_5;BTH;;FERTI;;0.0;0.0;;;;;;AN;mineral;N;;19.0;19.0;0.0;0.0;;;;;;;;;;;;
2020;266;beauce_5_sa_063;organique_beauce_5;BTH;;TRAVAIL_SOL;travail_sol_1;0.0;9.2;;;;;;;;;;;;;;;;;;;;;;;;;
2020;203;beauce_5_sa_064;organique_beauce_5;BTH;;RECOLTE;;0.0;0.0;7.61;;;;;;;;;;;;;0.0;6.73;3.0;;;;;;;;;
2020;312;beauce_5_sa_064;organique_beauce_5;BTH;;SEMIS;semis;0.0;3.8;;;;;;;;;;;;;;;;;;;;;;;;;
2020;67;beauce_5_sa_064;organique_beauce_5;BTH;;FERTI;;0.0;0.0;;;;;;AN;mineral;N;;1.2;1.2;0.0;0.0;;;;;;;;;;;;
2020;155;beauce_5_sa_064;organique_beauce_5;BTH;;FERTI;;0.0;0.0;;;;;;AN;mineral;N;;1.0;1.0;0.0;0.0;;;;;;;;;;;;
2020;271;beauce_5_sa_064;organique_beauce_5;BTH;;TRAVAIL_SOL;travail_sol_1;0.0;5.5;;;;;;;;;;;;;;;;;;;;;;;;;
2020;191;beauce_5_sa_065;organique_beauce_5;BTH;;RECOLTE;;0.0;0.0;7.54;;;;;;;;;;;;;0.0;6.67;3.0;;;;;;;;;
2020;310;beauce_5_sa_065;organique_beauce_5;BTH;;SEMIS;semis;0.0;1.8;;;;;;;;;;;;;;;;;;;;;;;;;
2020;149;beauce_5_sa_065;organique_beauce_5;BTH;;FERTI;;0.0;0.0;;;;;;AN;mineral;N;;1.4;1.4;0.0;0.0;;;;;;;;;;;;
2020;150;beauce_5_sa_065;organique_beauce_5;BTH;;FERTI;;0.0;0.0;;;;;;AN;mineral;N;;1.7;1.7;0.0;0.0;;;;;;;;;;;;
2020;289;beauce_5_sa_065;organique_beauce_5;BTH;;TRAVAIL_SOL;travail_sol_1;0.0;11.3;;;;;;;;;;;;;;;;;;;;;;;;;
2020;296;beauce_5_sa_065;organique_beauce_5;BTH;;TRAVAIL_SOL;une_reprise;0.0;16.5;;;;;;;;;;;;;;;;;;;;;;;;;
2020;207;beauce_5_sa_066;organique_beauce_5;BTH;;RECOLTE;;0.0;0.0;7.44;;;;;;;;;;;;;0.0;6.58;3.0;;;;;;;;;
2020;264;beauce_5_sa_066;organique_beauce_5;BTH;;SEMIS;semis;0.0;3.7;;;;;;;;;;;;;;;;;;;;;;;;;
2020;194;beauce_5_sa_067;organique_beauce_5;BTH;;RECOLTE;;0.0;0.0;8.21;;;;;;;;;;;;;0.0;7.26;3.0;;;;;;;;;
2020;265;beauce_5_sa_067;organique_beauce_5;BTH;;SEMIS;semis;0.0;3.3;;;;;;;;;;;;;;;;;;;;;;;;;
2020;123;beauce_5_sa_067;organique_beauce_5;BTH;;FERTI;;0.0;0.0;;;;;;AN;mineral;N;;29.9;29.9;0.0;0.0;;;;;;;;;;;;
2020;233;beauce_5_sa_067;organique_beauce_5;BTH;;TRAVAIL_SOL;travail_sol_1;0.0;20.3;;;;;;;;;;;;;;;;;;;;;;;;;
2020;174;beauce_5_sa_068;organique_beauce_5;BTH;;RECOLTE;;0.0;0.0;7.26;;;;;;;;;;;;;0.0;6.42;3.0;;;;;;;;;
2020;287;beauce_5_sa_068;organique_beauce_5;BTH;;SEMIS;semis;0.0;3.1;;;;;;;;;;;;;;;;;;;;;;;;;
2020;208;beauce_5_sa_069;organique_beauce_5;BTH;;RECOLTE;;0.0;0.0;7.9;;;;;;;;;;;;;0.0;6.99;3.0;;;;;;;;;
2020;294;beauce_5_sa_069;organique_beauce_5;BTH;;SEMIS;semis;0.0;2.3;;;;;;;;;;;;;;;;;;;;;;;;;
2020;137;beauce_5_sa_069;organique_beauce_5;BTH;;FERTI;;0.0;0.0;;;;;;AN;mineral;N;;4.2;4.2;0.0;0.0;;;;;;;;;;;;
2020;332;beauce_5_sa_069;organique_beauce_5;BTH;;FERTI;;0.0;0.0;;;;;;AN;mineral;N;;8.4;8.4;0.0;0.0;;;;;;;;;;;;
2020;179;beauce_5_sa_070;organique_beauce_5;BTH;;RECOLTE;;0.0;0.0;7.95;;;;;;;;;;;;;0.0;7.03;3.0;;;;;;;;;
2020;292;beauce_5_sa_070;organique_beauce_5;BTH;;SEMIS;semis;0.0;1.0;;;;;;;;;;;;;;;;;;;;;;;;;
2020;21;beauce_5_sa_070;organique_beauce_5;BTH;;FERTI;;0.0;0.0;;;;;;AN;mineral;N;;10.6;10.6;0.0;0.0;;;;;;;;;;;;
2020;164;beauce_5_sa_070;organique_beauce_5;BTH;;FERTI;;0.0;0.0;;;;;;AN;mineral;N;;18.5;18.5;0.0;0.0;;;;;;;;;;;;
2020;165;beauce_5_sa_070;organique_beauce_5;BTH;;FERTI;;0.0;0.0;;;;;;AN;mineral;N;;3.0;3.0;0.0;0.0;;;;;;;;;;;;
2020;245;beauce_5_sa_070;organique_beauce_5;BTH;;TRAVAIL_SOL;travail_sol_1;0.0;2.4;;;;;;;;;;;;;;;;;;;;;;;;;
2020;252;beauce_5_sa_070;organique_beauce_5;BTH;;TRAVAIL_SOL;une_reprise;0.0;10.4;;;;;;;;;;;;;;;;;;;;;;;;;
2020;213;beauce_5_sa_071;organique_beauce_5;BTH;;RECOLTE;;0.0;0.0;8.17;;;;;;;;;;;;;0.0;7.23;3.0;;;;;;;;;
2020;262;beauce_5_sa_071;organique_beauce_5;BTH;;SEMIS;semis;0.0;3.5;;;;;;;;;;;;;;;;;;;;;;;;;
2020;126;beauce_5_sa_071;organique_beauce_5;BTH;;FERTI;;0.0;0.0;;;;;;AN;mineral;N;;58.6;58.6;0.0;0.0;;;;;;;;;;;;
2020;198;beauce_5_sa_072;organique_beauce_5;BTH;;RECOLTE;;0.0;0.0;8.26;;;;;;;;;;;;;0.0;7.31;3.0;;;;;;;;;
2020;305;beauce_5_sa_072;organique_beauce_5;BTH;;SEMIS;semis;0.0;1.1;;;;;;;;;;;;;;;;;;;;;;;;;
2020;67;beauce_5_sa_072;organique_beauce_5;BTH;;FERTI;;0.0;0.0;;;;;;AN;mineral;N;;22.2;22.2;0.0;0.0;;;;;;;;;;;;
2020;289;beauce_5_sa_072;organique_beauce_5;BTH;;TRAVAIL_SOL;travail_sol_1;0.0;9.3;;;;;;;;;;;;;;;;;;;;;;;;;
2020;209;beauce_5_sa_073;organique_beauce_5;BTH;;RECOLTE;;0.0;0.0;7.69;;;;;;;;;;;;;0.0;6.8;3.0;;;;;;;;;
2020;288;beauce_5_sa_073;organique_beauce_5;BTH;;SEMIS;semis;0.0;1.9;;;;;;;;;;;;;;;;;;;;;;;;;
2020;347;beauce_5_sa_073;organique_beauce_5;BTH;;FERTI;;0.0;0.0;;;;;;AN;mineral;N;;5.2;5.2;0.0;0.0;;;;;;;;;;;;
2020;175;beauce_5_sa_074;organique_beauce_5;BTH;;RECOLTE;;0.0;0.0;7.0;;;;;;;;;;;;;0.0;6.2;3.0;;;;;;;;;
2020;306;beauce_5_sa_074;organique_beauce_5;BTH;;SEMIS;semis;0.0;2.6;;;;;;;;;;;;;;;;;;;;;;;;;
2020;212;beauce_5_sa_075;organique_beauce_5;BTH;;RECOLTE;;0.0;0.0;7.52;;;;;;;;;;;;;0.0;6.66;3.0;;;;;;;;;
2020;298;beauce_5_sa_075;organique_beauce_5;BTH;;SEMIS;semis;0.0;2.8;;;;;;;;;;;;;;;;;;;;;;;;;
2020;208;beauce_5_sa_076;organique_beauce_5;BTH;;RECOLTE;;0.0;0.0;7.65;;;;;;;;;;;;;0.0;6.77;3.0;;;;;;;;;
2020;287;beauce_5_sa_076;organique_beauce_5;BTH;;SEMIS;semis;0.0;3.4;;;;;;;;;;;;;;;;;;;;;;;;;
2020;170;beauce_5_sa_076;organique_beauce_5;BTH;;FERTI;;0.0;0.0;;;;;;AN;mineral;N;;1.5;1.5;0.0;0.0;;;;;;;;;;;;
2020;171;beauce_5_sa_076;organique_beauce_5;BTH;;FERTI;;0.0;0.0;;;;;;AN;mineral;N;;72.9;72.9;0.0;0.0;;;;;;;;;;;;
2020;221;beauce_5_sa_077;organique_beauce_5;BTH;;RECOLTE;;0.0;0.0;7.47;;;;;;;;;;;;;0.0;6.61;3.0;;;;;;;;;
2020;279;beauce_5_sa_077;organique_beauce_5;BTH;;SEMIS;semis;0.0;2.1;;;;;;;;;;;;;;;;;;;;;;;;;
2020;257;beauce_5_sa_077;organique_beauce_5;BTH;;TRAVAIL_SOL;travail_sol_1;0.0;15.3;;;;;;;;;;;;;;;;;;;;;;;;;
2020;264;beauce_5_sa_077;organique_beauce_5;BTH;;TRAVAIL_SOL;une_reprise;0.0;13.3;;;;;;;;;;;;;;;;;;;;;;;;;
2020;177;beauce_5_sa_078;organique_beauce_5;BTH;;RECOLTE;;0.0;0.0;8.38;;;;;;;;;;;;;0.0;7.42;3.0;;;;;;;;;
2020;307;beauce_5_sa_078;organique_beauce_5;BTH;;SEMIS;semis;0.0;1.5;;;;;;;;;;;;;;;;;;;;;;;;;
2020;122;beauce_5_sa_078;organique_beauce_5;BTH;;FERTI;;0.0;0.0;;;;;;AN;mineral;N;;70.9;70.9;0.0;0.0;;;;;;;;;;;;
2020;178;beauce_5_sa_079;organique_beauce_5;BTH;;RECOLTE;;0.0;0.0;8.95;;;;;;;;;;;;;0.0;7.92;3.0;;;;;;;;;
2020;274;beauce_5_sa_079;organique_beauce_5;BTH;;SEMIS;semis;0.0;3.8;;;;;;;;;;;;;;;;;;;;;;;;;
2020;365;beauce_5_sa_079;organique_beauce_5;BTH;;FERTI;;0.0;0.0;;;;;;AN;mineral;N;;68.4;68.4;0.0;0.0;;;;;;;;;;;;
2020;226;beauce_5_sa_080;organique_beauce_5;BTH;;RECOLTE;;0.0;0.0;8.86;;;;;;;;;;;;;0.0;7.84;3.0;;;;;;;;;
2020;269;beauce_5_sa_080;organique_beauce_5;BTH;;SEMIS;semis;0.0;2.3;;;;;;;;;;;;;;;;;;;;;;;;;
2020;102;beauce_5_sa_080;organique_beauce_5;BTH;;FERTI;;0.0;0.0;;;;;;AN;mineral;N;;28.3;28.3;0.0;0.0;;;;;;;;;;;;
2020;117;beauce_5_sa_080;organique_beauce_5;BTH;;FERTI;;0.0;0.0;;;;;;AN;mineral;N;;52.2;52.2;0.0;0.0;;;;;;;;;;;;
2020;173;beauce_5_sa_081;organique_beauce_5;BTH;;RECOLTE;;0.0;0.0;7.31;;;;;;;;;;;;;0.0;6.47;3.0;;;;;;;;;
2020;279;beauce_5_sa_081;organique_beauce_5;BTH;;SEMIS;semis;0.0;1.4;;;;;;;;;;;;;;;;;;;;;;;;;
2020;241;beauce_5_sa_081;organique_beauce_5;BTH;;TRAVAIL_SOL;travail_sol_1;0.0;12.1;;;;;;;;;;;;;;;;;;;;;;;;;
2020;228;beauce_5_sa_082;organique_beauce_5;BTH;;RECOLTE;;0.0;0.0;7.55;;;;;;;;;;;;;0.0;6.68;3.0;;;;;;;;;
2020;318;beauce_5_sa_082;organique_beauce_5;BTH;;SEMIS;semis;0.0;2.1;;;;;;;;;;;;;;;;;;;;;;;;;
2020;311;beauce_5_sa_082;organique_beauce_5;BTH;;TRAVAIL_SOL;travail_sol_1;0.0;16.8;;;;;;;;;;;;;;;;;;;;;;;;;
2020;226;beauce_5_sa_083;organique_beauce_5;BTH;;RECOLTE;;0.0;0.0;9.0;;;;;;;;;;;;;0.0;7.96;3.0;;;;;;;;;
2020;310;beauce_5_sa_083;organique_beauce_5;BTH;;SEMIS;semis;0.0;2.5;;;;;;;;;;;;;;;;;;;;;;;;;
2020;60;beauce_5_sa_083;organique_beauce_5;BTH;;FERTI;;0.0;0.0;;;;;;AN;mineral;N;;58.6;58.6;0.0;0.0;;;;;;;;;;;;
2020;102;beauce_5_sa_083;organique_beauce_5;BTH;;FERTI;;0.0;0.0;;;;;;AN;mineral;N;;1.2;1.2;0.0;0.0;;;;;;;;;;;;
2020;146;beauce_5_sa_083;organique_beauce_5;BTH;;FERTI;;0.0;0.0;;;;;;AN;mineral;N;;32.4;32.4;0.0;0.0;;;;;;;;;;;;
2020;225;beauce_5_sa_084;organique_beauce_5;BTH;;RECOLTE;;0.0;0.0;7.48;;;;;;;;;;;;;0.0;6.62;3.0;;;;;;;;;
2020;265;beauce_5_sa_084;organique_beauce_5;BTH;;SEMIS;semis;0.0;2.3;;;;;;;;;;;;;;;;;;;;;;;;;
2020;258;beauce_5_sa_084;organique_beauce_5;BTH;;TRAVAIL_SOL;travail_sol_1;0.0;8.3;;;;;;;;;;;;;;;;;;;;;;;;;
2020;186;beauce_5_sa_085;organique_beauce_5;BTH;;RECOLTE;;0.0;0.0;8.34;;;;;;;;;;;;;0.0;7.38;3.0;;;;;;;;;
2020;316;beauce_5_sa_085;organique_beauce_5;BTH;;SEMIS;semis;0.0;2.5;;;;;;;;;;;;;;;;;;;;;;;;;
2020;144;beauce_5_sa_085;organique_beauce_5;BTH;;FERTI;;0.0;0.0;;;;;;AN;mineral;N;;71.9;71.9;0.0;0.0;;;;;;;;;;;;
2020;145;beauce_5_sa_085;organique_beauce_5;BTH;;FERTI;;0.0;0.0;;;;;;AN;mineral;N;;76.4;76.4;0.0;0.0;;;;;;;;;;;;
2020;306;beauce_5_sa_085;organique_beauce_5;BTH;;TRAVAIL_SOL;travail_sol_1;0.0;14.4;;;;;;;;;;;;;;;;;;;;;;;;;
2020;215;beauce_5_sa_086;organique_beauce_5;BTH;;RECOLTE;;0.0;0.0;7.45;;;;;;;;;;;;;0.0;6.59;3.0;;;;;;;;;
2020;260;beauce_5_sa_086;organique_beauce_5;BTH;;SEMIS;semis;0.0;1.5;;;;;;;;;;;;;;;;;;;;;;;;;
2020;92;beauce_5_sa_086;organique_beauce_5;BTH;;FERTI;;0.0;0.0;;;;;;AN;mineral;N;;1.0;1.0;0.0;0.0;;;;;;;;;;;;
2020;187;beauce_5_sa_087;organique_beauce_5;BTH;;RECOLTE;;0.0;0.0;8.97;;;;;;;;;;;;;0.0;7.93;3.0;;;;;;;;;
2020;304;beauce_5_sa_087;organique_beauce_5;BTH;;SEMIS;semis;0.0;3.0;;;;;;;;;;;;;;;;;;;;;;;;;
2020;74;beauce_5_sa_087;organique_beauce_5;BTH;;FERTI;;0.0;0.0;;;;;;AN;mineral;N;;3.4;3.4;0.0;0.0;;;;;;;;;;;;
2020;75;beauce_5_sa_087;organique_beauce_5;BTH;;FERTI;;0.0;0.0;;;;;;AN;mineral;N;;62.3;62.3;0.0;0.0;;;;;;;;;;;;
2020;102;beauce_5_sa_087;organique_beauce_5;BTH;;FERTI;;0.0;0.0;;;;;;AN;mineral;N;;81.6;81.6;0.0;0.0;;;;;;;;;;;;
2020;225;beauce_5_sa_088;organique_beauce_5;BTH;;RECOLTE;;0.0;0.0;7.89;;;;;;;;;;;;;0.0;6.98;3.0;;;;;;;;;
2020;271;beauce_5_sa_088;organique_beauce_5;BTH;;SEMIS;semis;0.0;2.1;;;;;;;;;;;;;;;;;;;;;;;;;
2020;125;beauce_5_sa_088;organique_beauce_5;BTH;;FERTI;;0.0;0.0;;;;;;AN;mineral;N;;1.3;1.3;0.0;0.0;;;;;;;;;;;;
2020;126;beauce_5_sa_088;organique_beauce_5;BTH;;FERTI;;0.0;0.0;;;;;;AN;mineral;N;;9.7;9.7;0.0;0.0;;;;;;;;;;;;
2020;234;beauce_5_sa_088;organique_beauce_5;BTH;;TRAVAIL_SOL;travail_sol_1;0.0;9.5;;;;;;;;;;;;;;;;;;;;;;;;;
2020;241;beauce_5_sa_088;organique_beauce_5;BTH;;TRAVAIL_SOL;une_reprise;0.0;11.7;;;;;;;;;;;;;;;;;;;;;;;;;
2020;226;beauce_5_sa_089;organique_beauce_5;BTH;;RECOLTE;;0.0;0.0;7.55;;;;;;;;;;;;;0.0;6.68;3.0;;;;;;;;;
2020;317;beauce_5_sa_089;organique_beauce_5;BTH;;SEMIS;semis;0.0;3.2;;;;;;;;;;;;;;;;;;;;;;;;;
2020;298;beauce_5_sa_089;organique_beauce_5;BTH;;TRAVAIL_SOL;travail_sol_1;0.0;10.8;;;;;;;;;;;;;;;;;;;;;;;;;
2020;215;beauce_5_sa_090;organique_beauce_5;BTH;;RECOLTE;;0.0;0.0;8.14;;;;;;;;;;;;;0.0;7.2;3.0;;;;;;;;;
2020;283;beauce_5_sa_090;organique_beauce_5;BTH;;SEMIS;semis;0.0;3.2;;;;;;;;;;;;;;;;;;;;;;;;;
2020;151;beauce_5_sa_090;organique_beauce_5;BTH;;FERTI;;0.0;0.0;;;;;;AN;mineral;N;;3.0;3.0;0.0;0.0;;;;;;;;;;;;
2020;152;beauce_5_sa_090;organique_beauce_5;BTH;;FERTI;;0.0;0.0;;;;;;AN;mineral;N;;90.8;90.8;0.0;0.0;;;;;;;;;;;;
2020;153;beauce_5_sa_090;organique_beauce_5;BTH;;FERTI;;0.0;0.0;;;;;;AN;mineral;N;;54.1;54.1;0.0;0.0;;;;;;;;;;;;
2020;230;beauce_5_sa_091;organique_beauce_5;BTH;;RECOLTE;;0.0;0.0;7.72;;;;;;;;;;;;;0.0;6.83;3.0;;;;;;;;;
2020;319;beauce_5_sa_091;organique_beauce_5;BTH;;SEMIS;semis;0.0;2.4;;;;;;;;;;;;;;;;;;;;;;;;;
2020;166;beauce_5_sa_091;organique_beauce_5;BTH;;FERTI;;0.0;0.0;;;;;;AN;mineral;N;;4.7;4.7;0.0;0.0;;;;;;;;;;;;
2020;275;beauce_5_sa_091;organique_beauce_5;BTH;;TRAVAIL_SOL;travail_sol_1;0.0;4.7;;;;;;;;;;;;;;;;;;;;;;;;;
2020;230;beauce_5_sa_092;organique_beauce_5;BTH;;RECOLTE;;0.0;0.0;8.22;;;;;;;;;;;;;0.0;7.27;3.0;;;;;;;;;
2020;262;beauce_5_sa_092;organique_beauce_5;BTH;;SEMIS;semis;0.0;3.3;;;;;;;;;;;;;;;;;;;;;;;;;
2020;61;beauce_5_sa_092;organique_beauce_5;BTH;;FERTI;;0.0;0.0;;;;;;AN;mineral;N;;22.2;22.2;0.0;0.0;;;;;;;;;;;;
2020;240;beauce_5_sa_092;organique_beauce_5;BTH;;TRAVAIL_SOL;travail_sol_1;0.0;16.1;;;;;;;;;;;;;;;;;;;;;;;;;
2020;247;beauce_5_sa_092;organique_beauce_5;BTH;;TRAVAIL_SOL;une_reprise;0.0;23.6;;;;;;;;;;;;;;;;;;;;;;;;;
2020;170;beauce_5_sa_093;organique_beauce_5;BTH;;RECOLTE;;0.0;0.0;6.87;;;;;;;;;;;;;0.0;6.08;3.0;;;;;;;;;
2020;315;beauce_5_sa_093;organique_beauce_5;BTH;;SEMIS;semis;0.0;3.5;;;;;;;;;;;;;;;;;;;;;;;;;
2020;331;beauce_5_sa_093;organique_beauce_5;BTH;;FERTI;;0.0;0.0;;;;;;AN;mineral;N;;3.3;3.3;0.0;0.0;;;;;;;;;;;;
2020;285;beauce_5_sa_093;organique_beauce_5;BTH;;TRAVAIL_SOL;travail_sol_1;0.0;19.7;;;;;;;;;;;;;;;;;;;;;;;;;
2020;292;beauce_5_sa_093;organique_beauce_5;BTH;;TRAVAIL_SOL;une_reprise;0.0;7.0;;;;;;;;;;;;;;;;;;;;;;;;;
2020;170;beauce_5_sa_094;organique_beauce_5;BTH;;RECOLTE;;0.0;0.0;8.65;;;;;;;;;;;;;0.0;7.65;3.0;;;;;;;;;
2020;276;beauce_5_sa_094;organique_beauce_5;BTH;;SEMIS;semis;0.0;2.9;;;;;;;;;;;;;;;;;;;;;;;;;
2020;42;beauce_5_sa_094;organique_beauce_5;BTH;;FERTI;;0.0;0.0;;;;;;AN;mineral;N;;1.7;1.7;0.0;0.0;;;;;;;;;;;;
2020;115;beauce_5_sa_094;organique_beauce_5;BTH;;FERTI;;0.0;0.0;;;;;;AN;mineral;N;;79.3;79.3;0.0;0.0;;;;;;;;;;;;
2020;230;beauce_5_sa_095;organique_beauce_5;BTH;;RECOLTE;;0.0;0.0;8.13;;;;;;;;;;;;;0.0;7.2;3.0;;;;;;;;;
2020;281;beauce_5_sa_095;organique_beauce_5;BTH;;SEMIS;semis;0.0;3.7;;;;;;;;;;;;;;;;;;;;;;;;;
2020;150;beauce_5_sa_095;organique_beauce_5;BTH;;FERTI;;0.0;0.0;;;;;;AN;mineral;N;;56.1;56.1;0.0;0.0;;;;;;;;;;;;
2020;227;beauce_5_sa_096;organique_beauce_5;BTH;;RECOLTE;;0.0;0.0;7.52;;;;;;;;;;;;;0.0;6.65;3.0;;;;;;;;;
2020;294;beauce_5_sa_096;organique_beauce_5;BTH;;SEMIS;semis;0.0;2.1;;;;;;;;;;;;;;;;;;;;;;;;;
2020;278;beauce_5_sa_096;organique_beauce_5;BTH;;TRAVAIL_SOL;travail_sol_1;0.0;24.9;;;;;;;;;;;;;;;;;;;;;;;;;
2020;230;beauce_5_sa_097;organique_beauce_5;BTH;;RECOLTE;;0.0;0.0;8.47;;;;;;;;;;;;;0.0;7.5;3.0;;;;;;;;;
2020;317;beauce_5_sa_097;organique_beauce_5;BTH;;SEMIS;semis;0.0;1.0;;;;;;;;;;;;;;;;;;;;;;;;;
2020;58;beauce_5_sa_097;organique_beauce_5;BTH;;FERTI;;0.0;0.0;;;;;;AN;mineral;N;;25.4;25.4;0.0;0.0;;;;;;;;;;;;
2020;336;beauce_5_sa_097;organique_beauce_5;BTH;;FERTI;;0.0;0.0;;;;;;AN;mineral;N;;6.6;6.6;0.0;0.0;;;;;;;;;;;;
2020;303;beauce_5_sa_097;organique_beauce_5;BTH;;TRAVAIL_SOL;travail_sol_1;0.0;19.4;;;;;;;;;;;;;;;;;;;;;;;;;
2020;202;beauce_5_sa_098;organique_beauce_5;BTH;;RECOLTE;;0.0;0.0;7.85;;;;;;;;;;;;;0.0;6.94;3.0;;;;;;;;;
2020;284;beauce_5_sa_098;organique_beauce_5;BTH;;SEMIS;semis;0.0;2.3;;;;;;;;;;;;;;;;;;;;;;;;;
2020;123;beauce_5_sa_098;organique_beauce_5;BTH;;FERTI;;0.0;0.0;;;;;;AN;mineral;N;;3.9;3.9;0.0;0.0;;;;;;;;;;;;
2020;146;beauce_5_sa_098;organique_beauce_5;BTH;;FERTI;;0.0;0.0;;;;;;AN;mineral;N;;5.2;5.2;0.0;0.0;;;;;;;;;;;;
2020;249;beauce_5_sa_098;organique_beauce_5;BTH;;TRAVAIL_SOL;travail_sol_1;0.0;8.2;;;;;;;;;;;;;;;;;;;;;;;;;
2020;186;beauce_5_sa_099;organique_beauce_5;BTH;;RECOLTE;;0.0;0.0;7.61;;;;;;;;;;;;;0.0;6.74;3.0;;;;;;;;;
2020;285;beauce_5_sa_099;organique_beauce_5;BTH;;SEMIS;semis;0.0;1.7;;;;;;;;;;;;;;;;;;;;;;;;;
2020;25;beauce_5_sa_099;organique_beauce_5;BTH;;FERTI;;0.0;0.0;;;;;;AN;mineral;N;;1.6;1.6;0.0;0.0;;;;;;;;;;;;
2020;266;beauce_5_sa_099;organique_beauce_5;BTH;;TRAVAIL_SOL;travail_sol_1;0.0;5.9;;;;;;;;;;;;;;;;;;;;;;;;;
2021;228;beauce_5_sa_000;organique_beauce_5;BTH;;RECOLTE;;0.0;0.0;7.34;;;;;;;;;;;;;0.0;6.49;3.0;;;;;;;;;
2021;314;beauce_5_sa_000;organique_beauce_5;BTH;;SEMIS;semis;0.0;3.9;;;;;;;;;;;;;;;;;;;;;;;;;
2021;85;beauce_5_sa_000;organique_beauce_5;BTH;;FERTI;;0.0;0.0;;;;;;AN;mineral;N;;36.2;36.2;0.0;0.0;;;;;;;;;;;;
2021;215;beauce_5_sa_001;organique_beauce_5;BTH;;RECOLTE;;0.0;0.0;4.89;;;;;;;;;;;;;0.0;4.33;3.0;;;;;;;;;
2021;265;beauce_5_sa_001;organique_beauce_5;BTH;;SEMIS;semis;0.0;3.9;;;;;;;;;;;;;;;;;;;;;;;;;
2021;255;beauce_5_sa_001;organique_beauce_5;BTH;;TRAVAIL_SOL;travail_sol_1;0.0;22.9;;;;;;;;;;;;;;;;;;;;;;;;;
2021;178;beauce_5_sa_002;organique_beauce_5;BTH;;RECOLTE;;0.0;0.0;7.28;;;;;;;;;;;;;0.0;6.44;3.0;;;;;;;;;
2021;311;beauce_5_sa_002;organique_beauce_5;BTH;;SEMIS;semis;0.0;1.7;;;;;;;;;;;;;;;;;;;;;;;;;
2021;120;beauce_5_sa_002;organique_beauce_5;BTH;;FERTI;;0.0;0.0;;;;;;AN;mineral;N;;40.7;40.7;0.0;0.0;;;;;;;;;;;;
2021;121;beauce_5_sa_002;organique_beauce_5;BTH;;FERTI;;0.0;0.0;;;;;;AN;mineral;N;;31.4;31.4;0.0;0.0;;;;;;;;;;;;
2021;345;beauce_5_sa_002;organique_beauce_5;BTH;;FERTI;;0.0;0.0;;;;;;AN;mineral;N;;6.9;6.9;0.0;0.0;;;;;;;;;;;;
2021;195;beauce_5_sa_003;organique_beauce_5;BTH;;RECOLTE;;0.0;0.0;6.95;;;;;;;;;;;;;0.0;6.15;3.0;;;;;;;;;
2021;302;beauce_5_sa_003;organique_beauce_5;BTH;;SEMIS;semis;0.0;3.6;;;;;;;;;;;;;;;;;;;;;;;;;
2021;117;beauce_5_sa_003;organique_beauce_5;BTH;;FERTI;;0.0;0.0;;;;;;AN;mineral;N;;23.8;23.8;0.0;0.0;;;;;;;;;;;;
2021;133;beauce_5_sa_003;organique_beauce_5;BTH;;FERTI;;0.0;0.0;;;;;;AN;mineral;N;;1.3;1.3;0.0;0.0;;;;;;;;;;;;
2021;134;beauce_5_sa_003;organique_beauce_5;BTH;;FERTI;;0.0;0.0;;;;;;AN;mineral;N;;4.6;4.6;0.0;0.0;;;;;;;;;;;;
2021;259;beauce_5_sa_003;organique_beauce_5;BTH;;TRAVAIL_SOL;travail_sol_1;0.0;19.5;;;;;;;;;;;;;;;;;;;;;;;;;
2021;226;beauce_5_sa_004;organique_beauce_5;BTH;;RECOLTE;;0.0;0.0;5.1;;;;;;;;;;;;;0.0;4.51;3.0;;;;;;;;;
2021;306;beauce_5_sa_004;organique_beauce_5;BTH;;SEMIS;semis;0.0;3.6;;;;;;;;;;;;;;;;;;;;;;;;;
2021;228;beauce_5_sa_005;organique_beauce_5;BTH;;RECOLTE;;0.0;0.0;4.93;;;;;;;;;;;;;0.0;4.36;3.0;;;;;;;;;
2021;276;beauce_5_sa_005;organique_beauce_5;BTH;;SEMIS;semis;0.0;1.2;;;;;;;;;;;;;;;;;;;;;;;;;
2021;207;beauce_5_sa_006;organique_beauce_5;BTH;;RECOLTE;;0.0;0.0;7.78;;;;;;;;;;;;;0.0;6.88;3.0;;;;;;;;;
2021;316;beauce_5_sa_006;organique_beauce_5;BTH;;SEMIS;semis;0.0;1.5;;;;;;;;;;;;;;;;;;;;;;;;;
2021;142;beauce_5_sa_006;organique_beauce_5;BTH;;FERTI;;0.0;0.0;;;;;;AN;mineral;N;;1.4;1.4;0.0;0.0;;;;;;;;;;;;
2021;143;beauce_5_sa_006;organique_beauce_5;BTH;;FERTI;;0.0;0.0;;;;;;AN;mineral;N;;75.7;75.7;0.0;0.0;;;;;;;;;;;;
2021;353;beauce_5_sa_006;organique_beauce_5;BTH;;FERTI;;0.0;0.0;;;;;;AN;mineral;N;;2.2;2.2;0.0;0.0;;;;;;;;;;;;
2021;280;beauce_5_sa_006;organique_beauce_5;BTH;;TRAVAIL_SOL;travail_sol_1;0.0;6.4;;;;;;;;;;;;;;;;;;;;;;;;;
2021;189;beauce_5_sa_007;organique_beauce_5;BTH;;RECOLTE;;0.0;0.0;4.87;;;;;;;;;;;;;0.0;4.31;3.0;;;;;;;;;
2021;300;beauce_5_sa_007;organique_beauce_5;BTH;;SEMIS;semis;0.0;3.6;;;;;;;;;;;;;;;;;;;;;;;;;
2021;270;beauce_5_sa_007;organique_beauce_5;BTH;;TRAVAIL_SOL;travail_sol_1;0.0;14.6;;;;;;;;;;;;;;;;;;;;;;;;;
2021;277;beauce_5_sa_007;organique_beauce_5;BTH;;TRAVAIL_SOL;une_reprise;0.0;17.3;;;;;;;;;;;;;;;;;;;;;;;;;
2021;172;beauce_5_sa_008;organique_beauce_5;BTH;;RECOLTE;;0.0;0.0;7.3;;;;;;;;;;;;;0.0;6.46;3.0;;;;;;;;;
2021;273;beauce_5_sa_008;organique_beauce_5;BTH;;SEMIS;semis;0.0;1.2;;;;;;;;;;;;;;;;;;;;;;;;;
2021;153;beauce_5_sa_008;organique_beauce_5;BTH;;FERTI;;0.0;0.0;;;;;;AN;mineral;N;;14.4;14.4;0.0;0.0;;;;;;;;;;;;
2021;154;beauce_5_sa_008;organique_beauce_5;BTH;;FERTI;;0.0;0.0;;;;;;AN;mineral;N;;63.1;63.1;0.0;0.0;;;;;;;;;;;;
2021;349;beauce_5_sa_008;organique_beauce_5;BTH;;FERTI;;0.0;0.0;;;;;;AN;mineral;N;;4.2;4.2;0.0;0.0;;;;;;;;;;;;
2021;210;beauce_5_sa_009;organique_beauce_5;BTH;;RECOLTE;;0.0;0.0;5.73;;;;;;;;;;;;;0.0;5.07;3.0;;;;;;;;;
2021;309;beauce_5_sa_009;organique_beauce_5;BTH;;SEMIS;semis;0.0;3.8;;;;;;;;;;;;;;;;;;;;;;;;;
2021;166;beauce_5_sa_009;organique_beauce_5;BTH;;FERTI;;0.0;0.0;;;;;;AN;mineral;N;;2.6;2.6;0.0;0.0;;;;;;;;;;;;
2021;167;beauce_5_sa_009;organique_beauce_5;BTH;;FERTI;;0.0;0.0;;;;;;AN;mineral;N;;7.5;7.5;0.0;0.0;;;;;;;;;;;;
2021;294;beauce_5_sa_009;organique_beauce_5;BTH;;TRAVAIL_SOL;travail_sol_1;0.0;6.6;;;;;;;;;;;;;;;;;;;;;;;;;
2021;222;beauce_5_sa_010;organique_beauce_5;BTH;;RECOLTE;;0.0;0.0;6.2;;;;;;;;;;;;;0.0;5.49;3.0;;;;;;;;;
2021;265;beauce_5_sa_010;organique_beauce_5;BTH;;SEMIS;semis;0.0;1.8;;;;;;;;;;;;;;;;;;;;;;;;;
2021;1;beauce_5_sa_010;organique_beauce_5;BTH;;FERTI;;0.0;0.0;;;;;;AN;mineral;N;;21.4;21.4;0.0;0.0;;;;;;;;;;;;
2021;251;beauce_5_sa_010;organique_beauce_5;BTH;;TRAVAIL_SOL;travail_sol_1;0.0;21.3;;;;;;;;;;;;;;;;;;;;;;;;;
2021;206;beauce_5_sa_011;organique_beauce_5;BTH;;RECOLTE;;0.0;0.0;4.98;;;;;;;;;;;;;0.0;4.41;3.0;;;;;;;;;
2021;276;beauce_5_sa_011;organique_beauce_5;BTH;;SEMIS;semis;0.0;3.0;;;;;;;;;;;;;;;;;;;;;;;;;
2021;2;beauce_5_sa_011;organique_beauce_5;BTH;;FERTI;;0.0;0.0;;;;;;AN;mineral;N;;3.3;3.3;0.0;0.0;;;;;;;;;;;;
2021;196;beauce_5_sa_012;organique_beauce_5;BTH;;RECOLTE;;0.0;0.0;7.85;;;;;;;;;;;;;0.0;6.94;3.0;;;;;;;;;
2021;264;beauce_5_sa_012;organique_beauce_5;BTH;;SEMIS;semis;0.0;3.9;;;;;;;;;;;;;;;;;;;;;;;;;
2021;152;beauce_5_sa_012;organique_beauce_5;BTH;;FERTI;;0.0;0.0;;;;;;AN;mineral;N;;74.3;74.3;0.0;0.0;;;;;;;;;;;;
2021;153;beauce_5_sa_012;organique_beauce_5;BTH;;FERTI;;0.0;0.0;;;;;;AN;mineral;N;;3.6;3.6;0.0;0.0;;;;;;;;;;;;
2021;180;beauce_5_sa_013;organique_beauce_5;BTH;;RECOLTE;;0.0;0.0;8.86;;;;;;;;;;;;;0.0;7.84;3.0;;;;;;;;;
2021;289;beauce_5_sa_013;organique_beauce_5;BTH;;SEMIS;semis;0.0;1.4;;;;;;;;;;;;;;;;;;;;;;;;;
2021;75;beauce_5_sa_013;organique_beauce_5;BTH;;FERTI;;0.0;0.0;;;;;;AN;mineral;N;;44.4;44.4;0.0;0.0;;;;;;;;;;;;
2021;76;beauce_5_sa_013;organique_beauce_5;BTH;;FERTI;;0.0;0.0;;;;;;AN;mineral;N;;46.8;46.8;0.0;0.0;;;;;;;;;;;;
2021;94;beauce_5_sa_013;organique_beauce_5;BTH;;FERTI;;0.0;0.0;;;;;;AN;mineral;N;;14.8;14.8;0.0;0.0;;;;;;;;;;;;
2021;275;beauce_5_sa_013;organique_beauce_5;BTH;;TRAVAIL_SOL;travail_sol_1;0.0;4.6;;;;;;;;;;;;;;;;;;;;;;;;;
2021;282;beauce_5_sa_013;organique_beauce_5;BTH;;TRAVAIL_SOL;une_reprise;0.0;16.0;;;;;;;;;;;;;;;;;;;;;;;;;
2021;223;beauce_5_sa_014;organique_beauce_5;BTH;;RECOLTE;;0.0;0.0;6.38;;;;;;;;;;;;;0.0;5.65;3.0;;;;;;;;;
2021;277;beauce_5_sa_014;organique_beauce_5;BTH;;SEMIS;semis;0.0;1.6;;;;;;;;;;;;;;;;;;;;;;;;;
2021;141;beauce_5_sa_014;organique_beauce_5;BTH;;FERTI;;0.0;0.0;;;;;;AN;mineral;N;;34.7;34.7;0.0;0.0;;;;;;;;;;;;
2021;269;beauce_5_sa_014;organique_beauce_5;BTH;;TRAVAIL_SOL;travail_sol_1;0.0;9.9;;;;;;;;;;;;;;;;;;;;;;;;;
2021;227;beauce_5_sa_015;organique_beauce_5;BTH;;RECOLTE;;0.0;0.0;7.42;;;;;;;;;;;;;0.0;6.57;3.0;;;;;;;;;
2021;266;beauce_5_sa_015;organique_beauce_5;BTH;;SEMIS;semis;0.0;3.6;;;;;;;;;;;;;;;;;;;;;;;;;
2021;97;beauce_5_sa_015;organique_beauce_5;BTH;;FERTI;;0.0;0.0;;;;;;AN;mineral;N;;22.5;22.5;0.0;0.0;;;;;;;;;;;;
2021;98;beauce_5_sa_015;organique_beauce_5;BTH;;FERTI;;0.0;0.0;;;;;;AN;mineral;N;;3.4;3.4;0.0;0.0;;;;;;;;;;;;
2021;161;beauce_5_sa_015;organique_beauce_5;BTH;;FERTI;;0.0;0.0;;;;;;AN;mineral;N;;27.1;27.1;0.0;0.0;;;;;;;;;;;;
2021;236;beauce_5_sa_015;organique_beauce_5;BTH;;TRAVAIL_SOL;travail_sol_1;0.0;13.4;;;;;;;;;;;;;;;;;;;;;;;;;
2021;243;beauce_5_sa_015;organique_beauce_5;BTH;;TRAVAIL_SOL;une_reprise;0.0;17.8;;;;;;;;;;;;;;;;;;;;;;;;;
2021;179;beauce_5_sa_016;organique_beauce_5;BTH;;RECOLTE;;0.0;0.0;6.56;;;;;;;;;;;;;0.0;5.8;3.0;;;;;;;;;
2021;261;beauce_5_sa_016;organique_beauce_5;BTH;;SEMIS;semis;0.0;2.8;;;;;;;;;;;;;;;;;;;;;;;;;
2021;131;beauce_5_sa_016;organique_beauce_5;BTH;;FERTI;;0.0;0.0;;;;;;AN;mineral;N;;5.1;5.1;0.0;0.0;;;;;;;;;;;;
2021;132;beauce_5_sa_016;organique_beauce_5;BTH;;FERTI;;0.0;0.0;;;;;;AN;mineral;N;;13.9;13.9;0.0;0.0;;;;;;;;;;;;
2021;225;beauce_5_sa_016;organique_beauce_5;BTH;;TRAVAIL_SOL;travail_sol_1;0.0;15.3;;;;;;;;;;;;;;;;;;;;;;;;;
2021;232;beauce_5_sa_016;organique_beauce_5;BTH;;TRAVAIL_SOL;une_reprise;0.0;20.0;;;;;;;;;;;;;;;;;;;;;;;;;
2021;202;beauce_5_sa_017;organique_beauce_5;BTH;;RECOLTE;;0.0;0.0;5.43;;;;;;;;;;;;;0.0;4.8;3.0;;;;;;;;;
2021;293;beauce_5_sa_017;organique_beauce_5;BTH;;SEMIS;semis;0.0;3.8;;;;;;;;;;;;;;;;;;;;;;;;;
2021;9;beauce_5_sa_017;organique_beauce_5;BTH;;FERTI;;0.0;0.0;;;;;;AN;mineral;N;;1.9;1.9;0.0;0.0;;;;;;;;;;;;
2021;267;beauce_5_sa_017;organique_beauce_5;BTH;;TRAVAIL_SOL;travail_sol_1;0.0;21.1;;;;;;;;;;;;;;;;;;;;;;;;;
2021;190;beauce_5_sa_018;organique_beauce_5;BTH;;RECOLTE;;0.0;0.0;5.02;;;;;;;;;;;;;0.0;4.44;3.0;;;;;;;;;
2021;259;beauce_5_sa_018;organique_beauce_5;BTH;;SEMIS;semis;0.0;1.5;;;;;;;;;;;;;;;;;;;;;;;;;
2021;245;beauce_5_sa_018;organique_beauce_5;BTH;;TRAVAIL_SOL;travail_sol_1;0.0;21.3;;;;;;;;;;;;;;;;;;;;;;;;;
2021;252;beauce_5_sa_018;organique_beauce_5;BTH;;TRAVAIL_SOL;une_reprise;0.0;8.5;;;;;;;;;;;;;;;;;;;;;;;;;
2021;177;beauce_5_sa_019;organique_beauce_5;BTH;;RECOLTE;;0.0;0.0;6.02;;;;;;;;;;;;;0.0;5.32;3.0;;;;;;;;;
2021;258;beauce_5_sa_019;organique_beauce_5;BTH;;SEMIS;semis;0.0;2.9;;;;;;;;;;;;;;;;;;;;;;;;;
2021;219;beauce_5_sa_019;organique_beauce_5;BTH;;TRAVAIL_SOL;travail_sol_1;0.0;5.9;;;;;;;;;;;;;;;;;;;;;;;;;
2021;211;beauce_5_sa_020;organique_beauce_5;BTH;;RECOLTE;;0.0;0.0;6.28;;;;;;;;;;;;;0.0;5.55;3.0;;;;;;;;;
2021;308;beauce_5_sa_020;organique_beauce_5;BTH;;SEMIS;semis;0.0;1.4;;;;;;;;;;;;;;;;;;;;;;;;;
2021;47;beauce_5_sa_020;organique_beauce_5;BTH;;FERTI;;0.0;0.0;;;;;;AN;mineral;N;;14.0;14.0;0.0;0.0;;;;;;;;;;;;
2021;76;beauce_5_sa_020;organique_beauce_5;BTH;;FERTI;;0.0;0.0;;;;;;AN;mineral;N;;1.4;1.4;0.0;0.0;;;;;;;;;;;;
2021;290;beauce_5_sa_020;organique_beauce_5;BTH;;TRAVAIL_SOL;travail_sol_1;0.0;7.3;;;;;;;;;;;;;;;;;;;;;;;;;
2021;297;beauce_5_sa_020;organique_beauce_5;BTH;;TRAVAIL_SOL;une_reprise;0.0;15.9;;;;;;;;;;;;;;;;;;;;;;;;;
2021;215;beauce_5_sa_021;organique_beauce_5;BTH;;RECOLTE;;0.0;0.0;5.28;;;;;;;;;;;;;0.0;4.67;3.0;;;;;;;;;
2021;286;beauce_5_sa_021;organique_beauce_5;BTH;;SEMIS;semis;0.0;2.4;;;;;;;;;;;;;;;;;;;;;;;;;
2021;342;beauce_5_sa_021;organique_beauce_5;BTH;;FERTI;;0.0;0.0;;;;;;AN;mineral;N;;2.6;2.6;0.0;0.0;;;;;;;;;;;;
2021;269;beauce_5_sa_021;organique_beauce_5;BTH;;TRAVAIL_SOL;travail_sol_1;0.0;23.0;;;;;;;;;;;;;;;;;;;;;;;;;
2021;218;beauce_5_sa_022;organique_beauce_5;BTH;;RECOLTE;;0.0;0.0;7.29;;;;;;;;;;;;;0.0;6.45;3.0;;;;;;;;;
2021;307;beauce_5_sa_022;organique_beauce_5;BTH;;SEMIS;semis;0.0;3.0;;;;;;;;;;;;;;;;;;;;;;;;;
2021;61;beauce_5_sa_022;organique_beauce_5;BTH;;FERTI;;0.0;0.0;;;;;;AN;mineral;N;;1.8;1.8;0.0;0.0;;;;;;;;;;;;
2021;89;beauce_5_sa_022;organique_beauce_5;BTH;;FERTI;;0.0;0.0;;;;;;AN;mineral;N;;35.9;35.9;0.0;0.0;;;;;;;;;;;;
2021;284;beauce_5_sa_022;organique_beauce_5;BTH;;TRAVAIL_SOL;travail_sol_1;0.0;24.5;;;;;;;;;;;;;;;;;;;;;;;;;
2021;291;beauce_5_sa_022;organique_beauce_5;BTH;;TRAVAIL_SOL;une_reprise;0.0;24.0;;;;;;;;;;;;;;;;;;;;;;;;;
2021;220;beauce_5_sa_023;organique_beauce_5;BTH;;RECOLTE;;0.0;0.0;6.03;;;;;;;;;;;;;0.0;5.33;3.0;;;;;;;;;
2021;266;beauce_5_sa_023;organique_beauce_5;BTH;;SEMIS;semis;0.0;1.7;;;;;;;;;;;;;;;;;;;;;;;;;
2021;68;beauce_5_sa_023;organique_beauce_5;BTH;;FERTI;;0.0;0.0;;;;;;AN;mineral;N;;10.4;10.4;0.0;0.0;;;;;;;;;;;;
2021;96;beauce_5_sa_023;organique_beauce_5;BTH;;FERTI;;0.0;0.0;;;;;;AN;mineral;N;;1.3;1.3;0.0;0.0;;;;;;;;;;;;
2021;210;beauce_5_sa_024;organique_beauce_5;BTH;;RECOLTE;;0.0;0.0;8.64;;;;;;;;;;;;;0.0;7.65;3.0;;;;;;;;;
2021;286;beauce_5_sa_024;organique_beauce_5;BTH;;SEMIS;semis;0.0;3.5;;;;;;;;;;;;;;;;;;;;;;;;;
2021;14;beauce_5_sa_024;organique_beauce_5;BTH;;FERTI;;0.0;0.0;;;;;;AN;mineral;N;;36.6;36.6;0.0;0.0;;;;;;;;;;;;
2021;67;beauce_5_sa_024;organique_beauce_5;BTH;;FERTI;;0.0;0.0;;;;;;AN;mineral;N;;40.8;40.8;0.0;0.0;;;;;;;;;;;;
2021;256;beauce_5_sa_024;organique_beauce_5;BTH;;TRAVAIL_SOL;travail_sol_1;0.0;21.5;;;;;;;;;;;;;;;;;;;;;;;;;
2021;211;beauce_5_sa_025;organique_beauce_5;BTH;;RECOLTE;;0.0;0.0;5.89;;;;;;;;;;;;;0.0;5.21;3.0;;;;;;;;;
2021;300;beauce_5_sa_025;organique_beauce_5;BTH;;SEMIS;semis;0.0;1.7;;;;;;;;;;;;;;;;;;;;;;;;;
2021;330;beauce_5_sa_025;organique_beauce_5;BTH;;FERTI;;0.0;0.0;;;;;;AN;mineral;N;;3.7;3.7;0.0;0.0;;;;;;;;;;;;
2021;275;beauce_5_sa_025;organique_beauce_5;BTH;;TRAVAIL_SOL;travail_sol_1;0.0;2.5;;;;;;;;;;;;;;;;;;;;;;;;;
2021;187;beauce_5_sa_026;organique_beauce_5;BTH;;RECOLTE;;0.0;0.0;5.04;;;;;;;;;;;;;0.0;4.46;3.0;;;;;;;;;
2021;306;beauce_5_sa_026;organique_beauce_5;BTH;;SEMIS;semis;0.0;3.7;;;;;;;;;;;;;;;;;;;;;;;;;
2021;127;beauce_5_sa_026;organique_beauce_5;BTH;;FERTI;;0.0;0.0;;;;;;AN;mineral;N;;1.9;1.9;0.0;0.0;;;;;;;;;;;;
2021;333;beauce_5_sa_026;organique_beauce_5;BTH;;FERTI;;0.0;0.0;;;;;;AN;mineral;N;;8.3;8.3;0.0;0.0;;;;;;;;;;;;
2021;198;beauce_5_sa_027;organique_beauce_5;BTH;;RECOLTE;;0.0;0.0;6.0;;;;;;;;;;;;;0.0;5.31;3.0;;;;;;;;;
2021;307;beauce_5_sa_027;organique_beauce_5;BTH;;SEMIS;semis;0.0;3.2;;;;;;;;;;;;;;;;;;;;;;;;;
2021;5;beauce_5_sa_027;organique_beauce_5;BTH;;FERTI;;0.0;0.0;;;;;;AN;mineral;N;;4.5;4.5;0.0;0.0;;;;;;;;;;;;
2021;116;beauce_5_sa_027;organique_beauce_5;BTH;;FERTI;;0.0;0.0;;;;;;AN;mineral;N;;17.1;17.1;0.0;0.0;;;;;;;;;;;;
2021;201;beauce_5_sa_028;organique_beauce_5;BTH;;RECOLTE;;0.0;0.0;7.88;;;;;;;;;;;;;0.0;6.97;3.0;;;;;;;;;
2021;262;beauce_5_sa_028;organique_beauce_5;BTH;;SEMIS;semis;0.0;2.5;;;;;;;;;;;;;;;;;;;;;;;;;
2021;70;beauce_5_sa_028;organique_beauce_5;BTH;;FERTI;;0.0;0.0;;;;;;AN;mineral;N;;1.5;1.5;0.0;0.0;;;;;;;;;;;;
2021;104;beauce_5_sa_028;organique_beauce_5;BTH;;FERTI;;0.0;0.0;;;;;;AN;mineral;N;;56.2;56.2;0.0;0.0;;;;;;;;;;;;
2021;342;beauce_5_sa_028;organique_beauce_5;BTH;;FERTI;;0.0;0.0;;;;;;AN;mineral;N;;9.0;9.0;0.0;0.0;;;;;;;;;;;;
2021;231;beauce_5_sa_028;organique_beauce_5;BTH;;TRAVAIL_SOL;travail_sol_1;0.0;16.4;;;;;;;;;;;;;;;;;;;;;;;;;
2021;221;beauce_5_sa_029;organique_beauce_5;BTH;;RECOLTE;;0.0;0.0;8.33;;;;;;;;;;;;;0.0;7.37;3.0;;;;;;;;;
2021;285;beauce_5_sa_029;organique_beauce_5;BTH;;SEMIS;semis;0.0;1.3;;;;;;;;;;;;;;;;;;;;;;;;;
2021;120;beauce_5_sa_029;organique_beauce_5;BTH;;FERTI;;0.0;0.0;;;;;;AN;mineral;N;;12.6;12.6;0.0;0.0;;;;;;;;;;;;
2021;121;beauce_5_sa_029;organique_beauce_5;BTH;;FERTI;;0.0;0.0;;;;;;AN;mineral;N;;17.2;17.2;0.0;0.0;;;;;;;;;;;;
2021;131;beauce_5_sa_029;organique_beauce_5;BTH;;FERTI;;0.0;0.0;;;;;;AN;mineral;N;;64.8;64.8;0.0;0.0;;;;;;;;;;;;
2021;258;beauce_5_sa_029;organique_beauce_5;BTH;;TRAVAIL_SOL;travail_sol_1;0.0;10.9;;;;;;;;;;;;;;;;;;;;;;;;;
2021;199;beauce_5_sa_030;organique_beauce_5;BTH;;RECOLTE;;0.0;0.0;5.62;;;;;;;;;;;;;0.0;4.97;3.0;;;;;;;;;
2021;294;beauce_5_sa_030;organique_beauce_5;BTH;;SEMIS;semis;0.0;1.8;;;;;;;;;;;;;;;;;;;;;;;;;
2021;107;beauce_5_sa_030;organique_beauce_5;BTH;;FERTI;;0.0;0.0;;;;;;AN;mineral;N;;1.9;1.9;0.0;0.0;;;;;;;;;;;;
2021;257;beauce_5_sa_030;organique_beauce_5;BTH;;TRAVAIL_SOL;travail_sol_1;0.0;22.7;;;;;;;;;;;;;;;;;;;;;;;;;
2021;264;beauce_5_sa_030;organique_beauce_5;BTH;;TRAVAIL_SOL;une_reprise;0.0;24.6;;;;;;;;;;;;;;;;;;;;;;;;;
2021;209;beauce_5_sa_031;organique_beauce_5;BTH;;RECOLTE;;0.0;0.0;5.56;;;;;;;;;;;;;0.0;4.92;3.0;;;;;;;;;
2021;318;beauce_5_sa_031;organique_beauce_5;BTH;;SEMIS;semis;0.0;1.6;;;;;;;;;;;;;;;;;;;;;;;;;
2021;274;beauce_5_sa_031;organique_beauce_5;BTH;;TRAVAIL_SOL;travail_sol_1;0.0;11.8;;;;;;;;;;;;;;;;;;;;;;;;;
2021;281;beauce_5_sa_031;organique_beauce_5;BTH;;TRAVAIL_SOL;une_reprise;0.0;13.8;;;;;;;;;;;;;;;;;;;;;;;;;
2021;203;beauce_5_sa_032;organique_beauce_5;BTH;;RECOLTE;;0.0;0.0;5.29;;;;;;;;;;;;;0.0;4.68;3.0;;;;;;;;;
2021;271;beauce_5_sa_032;organique_beauce_5;BTH;;SEMIS;semis;0.0;2.4;;;;;;;;;;;;;;;;;;;;;;;;;
2021;245;beauce_5_sa_032;organique_beauce_5;BTH;;TRAVAIL_SOL;travail_sol_1;0.0;8.5;;;;;;;;;;;;;;;;;;;;;;;;;
2021;252;beauce_5_sa_032;organique_beauce_5;BTH;;TRAVAIL_SOL;une_reprise;0.0;11.2;;;;;;;;;;;;;;;;;;;;;;;;;
2021;212;beauce_5_sa_033;organique_beauce_5;BTH;;RECOLTE;;0.0;0.0;7.74;;;;;;;;;;;;;0.0;6.85;3.0;;;;;;;;;
2021;281;beauce_5_sa_033;organique_beauce_5;BTH;;SEMIS;semis;0.0;2.2;;;;;;;;;;;;;;;;;;;;;;;;;
2021;117;beauce_5_sa_033;organique_beauce_5;BTH;;FERTI;;0.0;0.0;;;;;;AN;mineral;N;;79.9;79.9;0.0;0.0;;;;;;;;;;;;
2021;118;beauce_5_sa_033;organique_beauce_5;BTH;;FERTI;;0.0;0.0;;;;;;AN;mineral;N;;2.4;2.4;0.0;0.0;;;;;;;;;;;;
2021;269;beauce_5_sa_033;organique_beauce_5;BTH;;TRAVAIL_SOL;travail_sol_1;0.0;11.5;;;;;;;;;;;;;;;;;;;;;;;;;
2021;276;beauce_5_sa_033;organique_beauce_5;BTH;;TRAVAIL_SOL;une_reprise;0.0;15.5;;;;;;;;;;;;;;;;;;;;;;;;;
2021;184;beauce_5_sa_034;organique_beauce_5;BTH;;RECOLTE;;0.0;0.0;6.41;;;;;;;;;;;;;0.0;5.67;3.0;;;;;;;;;
2021;316;beauce_5_sa_034;organique_beauce_5;BTH;;SEMIS;semis;0.0;3.6;;;;;;;;;;;;;;;;;;;;;;;;;
2021;64;beauce_5_sa_034;organique_beauce_5;BTH;;FERTI;;0.0;0.0;;;;;;AN;mineral;N;;12.1;12.1;0.0;0.0;;;;;;;;;;;;
2021;130;beauce_5_sa_034;organique_beauce_5;BTH;;FERTI;;0.0;0.0;;;;;;AN;mineral;N;;18.8;18.8;0.0;0.0;;;;;;;;;;;;
2021;298;beauce_5_sa_034;organique_beauce_5;BTH;;TRAVAIL_SOL;travail_sol_1;0.0;20.6;;;;;;;;;;;;;;;;;;;;;;;;;
2021;225;beauce_5_sa_035;organique_beauce_5;BTH;;RECOLTE;;0.0;0.0;6.05;;;;;;;;;;;;;0.0;5.35;3.0;;;;;;;;;
2021;311;beauce_5_sa_035;organique_beauce_5;BTH;;SEMIS;semis;0.0;2.5;;;;;;;;;;;;;;;;;;;;;;;;;
2021;80;beauce_5_sa_035;organique_beauce_5;BTH;;FERTI;;0.0;0.0;;;;;;AN;mineral;N;;2.4;2.4;0.0;0.0;;;;;;;;;;;;
2021;98;beauce_5_sa_035;organique_beauce_5;BTH;;FERTI;;0.0;0.0;;;;;;AN;mineral;N;;9.2;9.2;0.0;0.0;;;;;;;;;;;;
2021;278;beauce_5_sa_035;organique_beauce_5;BTH;;TRAVAIL_SOL;travail_sol_1;0.0;6.1;;;;;;;;;;;;;;;;;;;;;;;;;
2021;222;beauce_5_sa_036;organique_beauce_5;BTH;;RECOLTE;;0.0;0.0;8.42;;;;;;;;;;;;;0.0;7.45;3.0;;;;;;;;;
2021;304;beauce_5_sa_036;organique_beauce_5;BTH;;SEMIS;semis;0.0;3.5;;;;;;;;;;;;;;;;;;;;;;;;;
2021;131;beauce_5_sa_036;organique_beauce_5;BTH;;FERTI;;0.0;0.0;;;;;;AN;mineral;N;;90.6;90.6;0.0;0.0;;;;;;;;;;;;
2021;165;beauce_5_sa_036;organique_beauce_5;BTH;;FERTI;;0.0;0.0;;;;;;AN;mineral;N;;12.6;12.6;0.0;0.0;;;;;;;;;;;;
2021;166;beauce_5_sa_036;organique_beauce_5;BTH;;FERTI;;0.0;0.0;;;;;;AN;mineral;N;;3.2;3.2;0.0;0.0;;;;;;;;;;;;
2021;275;beauce_5_sa_036;organique_beauce_5;BTH;;TRAVAIL_SOL;travail_sol_1;0.0;19.3;;;;;;;;;;;;;;;;;;;;;;;;;
2021;172;beauce_5_sa_037;organique_beauce_5;BTH;;RECOLTE;;0.0;0.0;4.53;;;;;;;;;;;;;0.0;4.01;3.0;;;;;;;;;
2021;313;beauce_5_sa_037;organique_beauce_5;BTH;;SEMIS;semis;0.0;1.8;;;;;;;;;;;;;;;;;;;;;;;;;
2021;84;beauce_5_sa_037;organique_beauce_5;BTH;;FERTI;;0.0;0.0;;;;;;AN;mineral;N;;3.5;3.5;0.0;0.0;;;;;;;;;;;;
2021;170;beauce_5_sa_038;organique_beauce_5;BTH;;RECOLTE;;0.0;0.0;6.66;;;;;;;;;;;;;0.0;5.89;3.0;;;;;;;;;
2021;285;beauce_5_sa_038;organique_beauce_5;BTH;;SEMIS;semis;0.0;2.9;;;;;;;;;;;;;;;;;;;;;;;;;
2021;95;beauce_5_sa_038;organique_beauce_5;BTH;;FERTI;;0.0;0.0;;;;;;AN;mineral;N;;10.6;10.6;0.0;0.0;;;;;;;;;;;;
2021;151;beauce_5_sa_038;organique_beauce_5;BTH;;FERTI;;0.0;0.0;;;;;;AN;mineral;N;;44.4;44.4;0.0;0.0;;;;;;;;;;;;
2021;163;beauce_5_sa_038;organique_beauce_5;BTH;;FERTI;;0.0;0.0;;;;;;AN;mineral;N;;10.3;10.3;0.0;0.0;;;;;;;;;;;;
2021;175;beauce_5_sa_039;organique_beauce_5;BTH;;RECOLTE;;0.0;0.0;5.55;;;;;;;;;;;;;0.0;4.91;3.0;;;;;;;;;
2021;270;beauce_5_sa_039;organique_beauce_5;BTH;;SEMIS;semis;0.0;2.7;;;;;;;;;;;;;;;;;;;;;;;;;
2021;23;beauce_5_sa_039;organique_beauce_5;BTH;;FERTI;;0.0;0.0;;;;;;AN;mineral;N;;3.1;3.1;0.0;0.0;;;;;;;;;;;;
2021;229;beauce_5_sa_039;organique_beauce_5;BTH;;TRAVAIL_SOL;travail_sol_1;0.0;10.5;;;;;;;;;;;;;;;;;;;;;;;;;
2021;236;beauce_5_sa_039;organique_beauce_5;BTH;;TRAVAIL_SOL;une_reprise;0.0;16.3;;;;;;;;;;;;;;;;;;;;;;;;;
2021;176;beauce_5_sa_040;organique_beauce_5;BTH;;RECOLTE;;0.0;0.0;4.21;;;;;;;;;;;;;0.0;3.72;3.0;;;;;;;;;
2021;293;beauce_5_sa_040;organique_beauce_5;BTH;;SEMIS;semis;0.0;2.4;;;;;;;;;;;;;;;;;;;;;;;;;
2021;181;beauce_5_sa_041;organique_beauce_5;BTH;;RECOLTE;;0.0;0.0;4.9;;;;;;;;;;;;;0.0;4.34;3.0;;;;;;;;;
2021;287;beauce_5_sa_041;organique_beauce_5;BTH;;SEMIS;semis;0.0;3.5;;;;;;;;;;;;;;;;;;;;;;;;;
2021;258;beauce_5_sa_041;organique_beauce_5;BTH;;TRAVAIL_SOL;travail_sol_1;0.0;1.0;;;;;;;;;;;;;;;;;;;;;;;;;
2021;265;beauce_5_sa_041;organique_beauce_5;BTH;;TRAVAIL_SOL;une_reprise;0.0;11.5;;;;;;;;;;;;;;;;;;;;;;;;;
2021;185;beauce_5_sa_042;organique_beauce_5;BTH;;RECOLTE;;0.0;0.0;6.4;;;;;;;;;;;;;0.0;5.66;3.0;;;;;;;;;
2021;296;beauce_5_sa_042;organique_beauce_5;BTH;;SEMIS;semis;0.0;2.2;;;;;;;;;;;;;;;;;;;;;;;;;
2021;29;beauce_5_sa_042;organique_beauce_5;BTH;;FERTI;;0.0;0.0;;;;;;AN;mineral;N;;2.3;2.3;0.0;0.0;;;;;;;;;;;;
2021;138;beauce_5_sa_042;organique_beauce_5;BTH;;FERTI;;0.0;0.0;;;;;;AN;mineral;N;;18.5;18.5;0.0;0.0;;;;;;;;;;;;
2021;262;beauce_5_sa_042;organique_beauce_5;BTH;;TRAVAIL_SOL;travail_sol_1;0.0;6.7;;;;;;;;;;;;;;;;;;;;;;;;;
2021;269;beauce_5_sa_042;organique_beauce_5;BTH;;TRAVAIL_SOL;une_reprise;0.0;18.9;;;;;;;;;;;;;;;;;;;;;;;;;
2021;217;beauce_5_sa_043;organique_beauce_5;BTH;;RECOLTE;;0.0;0.0;8.85;;;;;;;;;;;;;0.0;7.83;3.0;;;;;;;;;
2021;309;beauce_5_sa_043;organique_beauce_5;BTH;;SEMIS;semis;0.0;3.6;;;;;;;;;;;;;;;;;;;;;;;;;
2021;77;beauce_5_sa_043;organique_beauce_5;BTH;;FERTI;;0.0;0.0;;;;;;AN;mineral;N;;34.3;34.3;0.0;0.0;;;;;;;;;;;;
2021;364;beauce_5_sa_043;organique_beauce_5;BTH;;FERTI;;0.0;0.0;;;;;;AN;mineral;N;;56.9;56.9;0.0;0.0;;;;;;;;;;;;
2021;287;beauce_5_sa_043;organique_beauce_5;BTH;;TRAVAIL_SOL;travail_sol_1;0.0;9.5;;;;;;;;;;;;;;;;;;;;;;;;;
2021;215;beauce_5_sa_044;organique_beauce_5;BTH;;RECOLTE;;0.0;0.0;4.92;;;;;;;;;;;;;0.0;4.35;3.0;;;;;;;;;
2021;273;beauce_5_sa_044;organique_beauce_5;BTH;;SEMIS;semis;0.0;1.3;;;;;;;;;;;;;;;;;;;;;;;;;
2021;262;beauce_5_sa_044;organique_beauce_5;BTH;;TRAVAIL_SOL;travail_sol_1;0.0;20.4;;;;;;;;;;;;;;;;;;;;;;;;;
2021;181;beauce_5_sa_045;organique_beauce_5;BTH;;RECOLTE;;0.0;0.0;6.26;;;;;;;;;;;;;0.0;5.54;3.0;;;;;;;;;
2021;285;beauce_5_sa_045;organique_beauce_5;BTH;;SEMIS;semis;0.0;2.4;;;;;;;;;;;;;;;;;;;;;;;;;
2021;154;beauce_5_sa_045;organique_beauce_5;BTH;;FERTI;;0.0;0.0;;;;;;AN;mineral;N;;23.2;23.2;0.0;0.0;;;;;;;;;;;;
2021;155;beauce_5_sa_045;organique_beauce_5;BTH;;FERTI;;0.0;0.0;;;;;;AN;mineral;N;;6.1;6.1;0.0;0.0;;;;;;;;;;;;
2021;358;beauce_5_sa_045;organique_beauce_5;BTH;;FERTI;;0.0;0.0;;;;;;AN;mineral;N;;11.3;11.3;0.0;0.0;;;;;;;;;;;;
2021;227;beauce_5_sa_046;organique_beauce_5;BTH;;RECOLTE;;0.0;0.0;4.59;;;;;;;;;;;;;0.0;4.06;3.0;;;;;;;;;
2021;272;beauce_5_sa_046;organique_beauce_5;BTH;;SEMIS;semis;0.0;3.0;;;;;;;;;;;;;;;;;;;;;;;;;
2021;179;beauce_5_sa_047;organique_beauce_5;BTH;;RECOLTE;;0.0;0.0;7.26;;;;;;;;;;;;;0.0;6.42;3.0;;;;;;;;;
2021;279;beauce_5_sa_047;organique_beauce_5;BTH;;SEMIS;semis;0.0;3.5;;;;;;;;;;;;;;;;;;;;;;;;;
2021;326;beauce_5_sa_047;organique_beauce_5;BTH;;FERTI;;0.0;0.0;;;;;;AN;mineral;N;;49.6;49.6;0.0;0.0;;;;;;;;;;;;
2021;242;beauce_5_sa_047;organique_beauce_5;BTH;;TRAVAIL_SOL;travail_sol_1;0.0;17.3;;;;;;;;;;;;;;;;;;;;;;;;;
2021;249;beauce_5_sa_047;organique_beauce_5;BTH;;TRAVAIL_SOL;une_reprise;0.0;6.4;;;;;;;;;;;;;;;;;;;;;;;;;
2021;185;beauce_5_sa_048;organique_beauce_5;BTH;;RECOLTE;;0.0;0.0;9.0;;;;;;;;;;;;;0.0;7.96;3.0;;;;;;;;;
2021;288;beauce_5_sa_048;organique_beauce_5;BTH;;SEMIS;semis;0.0;3.9;;;;;;;;;;;;;;;;;;;;;;;;;
2021;2;beauce_5_sa_048;organique_beauce_5;BTH;;FERTI;;0.0;0.0;;;;;;AN;mineral;N;;76.7;76.7;0.0;0.0;;;;;;;;;;;;
2021;104;beauce_5_sa_048;organique_beauce_5;BTH;;FERTI;;0.0;0.0;;;;;;AN;mineral;N;;97.7;97.7;0.0;0.0;;;;;;;;;;;;
2021;113;beauce_5_sa_048;organique_beauce_5;BTH;;FERTI;;0.0;0.0;;;;;;AN;mineral;N;;1.9;1.9;0.0;0.0;;;;;;;;;;;;
2021;249;beauce_5_sa_048;organique_beauce_5;BTH;;TRAVAIL_SOL;travail_sol_1;0.0;15.1;;;;;;;;;;;;;;;;;;;;;;;;;
2021;256;beauce_5_sa_048;organique_beauce_5;BTH;;TRAVAIL_SOL;une_reprise;0.0;8.8;;;;;;;;;;;;;;;;;;;;;;;;;
2021;190;beauce_5_sa_049;organique_beauce_5;BTH;;RECOLTE;;0.0;0.0;6.04;;;;;;;;;;;;;0.0;5.34;3.0;;;;;;;;;
2021;293;beauce_5_sa_049;organique_beauce_5;BTH;;SEMIS;semis;0.0;2.0;;;;;;;;;;;;;;;;;;;;;;;;;
2021;144;beauce_5_sa_049;organique_beauce_5;BTH;;FERTI;;0.0;0.0;;;;;;AN;mineral;N;;36.0;36.0;0.0;0.0;;;;;;;;;;;;
2021;145;beauce_5_sa_049;organique_beauce_5;BTH;;FERTI;;0.0;0.0;;;;;;AN;mineral;N;;2.6;2.6;0.0;0.0;;;;;;;;;;;;
2021;146;beauce_5_sa_049;organique_beauce_5;BTH;;FERTI;;0.0;0.0;;;;;;AN;mineral;N;;6.8;6.8;0.0;0.0;;;;;;;;;;;;
2021;224;beauce_5_sa_050;organique_beauce_5;BTH;;RECOLTE;;0.0;0.0;6.13;;;;;;;;;;;;;0.0;5.42;3.0;;;;;;;;;
2021;313;beauce_5_sa_050;organique_beauce_5;BTH;;SEMIS;semis;0.0;1.1;;;;;;;;;;;;;;;;;;;;;;;;;
2021;87;beauce_5_sa_050;organique_beauce_5;BTH;;FERTI;;0.0;0.0;;;;;;AN;mineral;N;;16.7;16.7;0.0;0.0;;;;;;;;;;;;
2021;189;beauce_5_sa_051;organique_beauce_5;BTH;;RECOLTE;;0.0;0.0;8.37;;;;;;;;;;;;;0.0;7.4;3.0;;;;;;;;;
2021;259;beauce_5_sa_051;organique_beauce_5;BTH;;SEMIS;semis;0.0;3.6;;;;;;;;;;;;;;;;;;;;;;;;;
2021;74;beauce_5_sa_051;organique_beauce_5;BTH;;FERTI;;0.0;0.0;;;;;;AN;mineral;N;;87.8;87.8;0.0;0.0;;;;;;;;;;;;
2021;99;beauce_5_sa_051;organique_beauce_5;BTH;;FERTI;;0.0;0.0;;;;;;AN;mineral;N;;1.1;1.1;0.0;0.0;;;;;;;;;;;;
2021;164;beauce_5_sa_051;organique_beauce_5;BTH;;FERTI;;0.0;0.0;;;;;;AN;mineral;N;;1.1;1.1;0.0;0.0;;;;;;;;;;;;
2021;253;beauce_5_sa_051;organique_beauce_5;BTH;;TRAVAIL_SOL;travail_sol_1;0.0;24.5;;;;;;;;;;;;;;;;;;;;;;;;;
2021;173;beauce_5_sa_052;organique_beauce_5;BTH;;RECOLTE;;0.0;0.0;6.11;;;;;;;;;;;;;0.0;5.4;3.0;;;;;;;;;
2021;260;beauce_5_sa_052;organique_beauce_5;BTH;;SEMIS;semis;0.0;1.8;;;;;;;;;;;;;;;;;;;;;;;;;
2021;28;beauce_5_sa_052;organique_beauce_5;BTH;;FERTI;;0.0;0.0;;;;;;AN;mineral;N;;9.7;9.7;0.0;0.0;;;;;;;;;;;;
2021;58;beauce_5_sa_052;organique_beauce_5;BTH;;FERTI;;0.0;0.0;;;;;;AN;mineral;N;;1.4;1.4;0.0;0.0;;;;;;;;;;;;
2021;230;beauce_5_sa_052;organique_beauce_5;BTH;;TRAVAIL_SOL;travail_sol_1;0.0;22.0;;;;;;;;;;;;;;;;;;;;;;;;;
2021;237;beauce_5_sa_052;organique_beauce_5;BTH;;TRAVAIL_SOL;une_reprise;0.0;23.3;;;;;;;;;;;;;;;;;;;;;;;;;
2021;173;beauce_5_sa_053;organique_beauce_5;BTH;;RECOLTE;;0.0;0.0;4.44;;;;;;;;;;;;;0.0;3.93;3.0;;;;;;;;;
2021;315;beauce_5_sa_053;organique_beauce_5;BTH;;SEMIS;semis;0.0;3.0;;;;;;;;;;;;;;;;;;;;;;;;;
2021;12;beauce_5_sa_053;organique_beauce_5;BTH;;FERTI;;0.0;0.0;;;;;;AN;mineral;N;;1.5;1.5;0.0;0.0;;;;;;;;;;;;
2021;114;beauce_5_sa_053;organique_beauce_5;BTH;;FERTI;;0.0;0.0;;;;;;AN;mineral;N;;11.3;11.3;0.0;0.0;;;;;;;;;;;;
2021;198;beauce_5_sa_054;organique_beauce_5;BTH;;RECOLTE;;0.0;0.0;9.0;;;;;;;;;;;;;0.0;7.96;3.0;;;;;;;;;
2021;312;beauce_5_sa_054;organique_beauce_5;BTH;;SEMIS;semis;0.0;1.9;;;;;;;;;;;;;;;;;;;;;;;;;
2021;32;beauce_5_sa_054;organique_beauce_5;BTH;;FERTI;;0.0;0.0;;;;;;AN;mineral;N;;7.8;7.8;0.0;0.0;;;;;;;;;;;;
2021;97;beauce_5_sa_054;organique_beauce_5;BTH;;FERTI;;0.0;0.0;;;;;;AN;mineral;N;;78.2;78.2;0.0;0.0;;;;;;;;;;;;
2021;143;beauce_5_sa_054;organique_beauce_5;BTH;;FERTI;;0.0;0.0;;;;;;AN;mineral;N;;84.8;84.8;0.0;0.0;;;;;;;;;;;;
2021;204;beauce_5_sa_055;organique_beauce_5;BTH;;RECOLTE;;0.0;0.0;7.17;;;;;;;;;;;;;0.0;6.34;3.0;;;;;;;;;
2021;276;beauce_5_sa_055;organique_beauce_5;BTH;;SEMIS;semis;0.0;3.4;;;;;;;;;;;;;;;;;;;;;;;;;
2021;144;beauce_5_sa_055;organique_beauce_5;BTH;;FERTI;;0.0;0.0;;;;;;AN;mineral;N;;24.8;24.8;0.0;0.0;;;;;;;;;;;;
2021;145;beauce_5_sa_055;organique_beauce_5;BTH;;FERTI;;0.0;0.0;;;;;;AN;mineral;N;;20.1;20.1;0.0;0.0;;;;;;;;;;;;
2021;146;beauce_5_sa_055;organique_beauce_5;BTH;;FERTI;;0.0;0.0;;;;;;AN;mineral;N;;19.8;19.8;0.0;0.0;;;;;;;;;;;;
2021;260;beauce_5_sa_055;organique_beauce_5;BTH;;TRAVAIL_SOL;travail_sol_1;0.0;7.3;;;;;;;;;;;;;;;;;;;;;;;;;
2021;221;beauce_5_sa_056;organique_beauce_5;BTH;;RECOLTE;;0.0;0.0;5.33;;;;;;;;;;;;;0.0;4.72;3.0;;;;;;;;;
2021;263;beauce_5_sa_056;organique_beauce_5;BTH;;SEMIS;semis;0.0;1.8;;;;;;;;;;;;;;;;;;;;;;;;;
2021;98;beauce_5_sa_056;organique_beauce_5;BTH;;FERTI;;0.0;0.0;;;;;;AN;mineral;N;;1.1;1.1;0.0;0.0;;;;;;;;;;;;
2021;330;beauce_5_sa_056;organique_beauce_5;BTH;;FERTI;;0.0;0.0;;;;;;AN;mineral;N;;1.1;1.1;0.0;0.0;;;;;;;;;;;;
2021;241;beauce_5_sa_056;organique_beauce_5;BTH;;TRAVAIL_SOL;travail_sol_1;0.0;3.9;;;;;;;;;;;;;;;;;;;;;;;;;
2021;248;beauce_5_sa_056;organique_beauce_5;BTH;;TRAVAIL_SOL;une_reprise;0.0;21.0;;;;;;;;;;;;;;;;;;;;;;;;;
2021;215;beauce_5_sa_057;organique_beauce_5;BTH;;RECOLTE;;0.0;0.0;5.49;;;;;;;;;;;;;0.0;4.86;3.0;;;;;;;;;
2021;295;beauce_5_sa_057;organique_beauce_5;BTH;;SEMIS;semis;0.0;1.1;;;;;;;;;;;;;;;;;;;;;;;;;
2021;74;beauce_5_sa_057;organique_beauce_5;BTH;;FERTI;;0.0;0.0;;;;;;AN;mineral;N;;2.9;2.9;0.0;0.0;;;;;;;;;;;;
2021;277;beauce_5_sa_057;organique_beauce_5;BTH;;TRAVAIL_SOL;travail_sol_1;0.0;14.3;;;;;;;;;;;;;;;;;;;;;;;;;
2021;184;beauce_5_sa_058;organique_beauce_5;BTH;;RECOLTE;;0.0;0.0;5.09;;;;;;;;;;;;;0.0;4.51;3.0;;;;;;;;;
2021;264;beauce_5_sa_058;organique_beauce_5;BTH;;SEMIS;semis;0.0;3.1;;;;;;;;;;;;;;;;;;;;;;;;;
2021;27;beauce_5_sa_058;organique_beauce_5;BTH;;FERTI;;0.0;0.0;;;;;;AN;mineral;N;;1.3;1.3;0.0;0.0;;;;;;;;;;;;
2021;251;beauce_5_sa_058;organique_beauce_5;BTH;;TRAVAIL_SOL;travail_sol_1;0.0;4.5;;;;;;;;;;;;;;;;;;;;;;;;;
2021;258;beauce_5_sa_058;organique_beauce_5;BTH;;TRAVAIL_SOL;une_reprise;0.0;3.4;;;;;;;;;;;;;;;;;;;;;;;;;
2021;200;beauce_5_sa_059;organique_beauce_5;BTH;;RECOLTE;;0.0;0.0;5.88;;;;;;;;;;;;;0.0;5.2;3.0;;;;;;;;;
2021;266;beauce_5_sa_059;organique_beauce_5;BTH;;SEMIS;semis;0.0;2.7;;;;;;;;;;;;;;;;;;;;;;;;;
2021;111;beauce_5_sa_059;organique_beauce_5;BTH;;FERTI;;0.0;0.0;;;;;;AN;mineral;N;;6.4;6.4;0.0;0.0;;;;;;;;;;;;
2021;231;beauce_5_sa_059;organique_beauce_5;BTH;;TRAVAIL_SOL;travail_sol_1;0.0;23.1;;;;;;;;;;;;;;;;;;;;;;;;;
2021;238;beauce_5_sa_059;organique_beauce_5;BTH;;TRAVAIL_SOL;une_reprise;0.0;10.9;;;;;;;;;;;;;;;;;;;;;;;;;
2021;183;beauce_5_sa_060;organique_beauce_5;BTH;;RECOLTE;;0.0;0.0;4.72;;;;;;;;;;;;;0.0;4.18;3.0;;;;;;;;;
2021;290;beauce_5_sa_060;organique_beauce_5;BTH;;SEMIS;semis;0.0;1.8;;;;;;;;;;;;;;;;;;;;;;;;;
2021;282;beauce_5_sa_060;organique_beauce_5;BTH;;TRAVAIL_SOL;travail_sol_1;0.0;3.5;;;;;;;;;;;;;;;;;;;;;;;;;
2021;175;beauce_5_sa_061;organique_beauce_5;BTH;;RECOLTE;;0.0;0.0;5.37;;;;;;;;;;;;;0.0;4.75;3.0;;;;;;;;;
2021;285;beauce_5_sa_061;organique_beauce_5;BTH;;SEMIS;semis;0.0;2.5;;;;;;;;;;;;;;;;;;;;;;;;;
2021;139;beauce_5_sa_061;organique_beauce_5;BTH;;FERTI;;0.0;0.0;;;;;;AN;mineral;N;;26.8;26.8;0.0;0.0;;;;;;;;;;;;
2021;140;beauce_5_sa_061;organique_beauce_5;BTH;;FERTI;;0.0;0.0;;;;;;AN;mineral;N;;10.7;10.7;0.0;0.0;;;;;;;;;;;;
2021;208;beauce_5_sa_062;organique_beauce_5;BTH;;RECOLTE;;0.0;0.0;4.93;;;;;;;;;;;;;0.0;4.36;3.0;;;;;;;;;
2021;290;beauce_5_sa_062;organique_beauce_5;BTH;;SEMIS;semis;0.0;3.3;;;;;;;;;;;;;;;;;;;;;;;;;
2021;279;beauce_5_sa_062;organique_beauce_5;BTH;;TRAVAIL_SOL;travail_sol_1;0.0;16.3;;;;;;;;;;;;;;;;;;;;;;;;;
2021;286;beauce_5_sa_062;organique_beauce_5;BTH;;TRAVAIL_SOL;une_reprise;0.0;14.6;;;;;;;;;;;;;;;;;;;;;;;;;
2021;200;beauce_5_sa_063;organique_beauce_5;BTH;;RECOLTE;;0.0;0.0;6.62;;;;;;;;;;;;;0.0;5.86;3.0;;;;;;;;;
2021;291;beauce_5_sa_063;organique_beauce_5;BTH;;SEMIS;semis;0.0;2.4;;;;;;;;;;;;;;;;;;;;;;;;;
2021;23;beauce_5_sa_063;organique_beauce_5;BTH;;FERTI;;0.0;0.0;;;;;;AN;mineral;N;;19.0;19.0;0.0;0.0;;;;;;;;;;;;
2021;265;beauce_5_sa_063;organique_beauce_5;BTH;;TRAVAIL_SOL;travail_sol_1;0.0;9.2;;;;;;;;;;;;;;;;;;;;;;;;;
2021;203;beauce_5_sa_064;organique_beauce_5;BTH;;RECOLTE;;0.0;0.0;5.78;;;;;;;;;;;;;0.0;5.11;3.0;;;;;;;;;
2021;311;beauce_5_sa_064;organique_beauce_5;BTH;;SEMIS;semis;0.0;3.8;;;;;;;;;;;;;;;;;;;;;;;;;
2021;67;beauce_5_sa_064;organique_beauce_5;BTH;;FERTI;;0.0;0.0;;;;;;AN;mineral;N;;1.2;1.2;0.0;0.0;;;;;;;;;;;;
2021;155;beauce_5_sa_064;organique_beauce_5;BTH;;FERTI;;0.0;0.0;;;;;;AN;mineral;N;;1.0;1.0;0.0;0.0;;;;;;;;;;;;
2021;270;beauce_5_sa_064;organique_beauce_5;BTH;;TRAVAIL_SOL;travail_sol_1;0.0;5.5;;;;;;;;;;;;;;;;;;;;;;;;;
2021;191;beauce_5_sa_065;organique_beauce_5;BTH;;RECOLTE;;0.0;0.0;4.94;;;;;;;;;;;;;0.0;4.37;3.0;;;;;;;;;
2021;309;beauce_5_sa_065;organique_beauce_5;BTH;;SEMIS;semis;0.0;1.8;;;;;;;;;;;;;;;;;;;;;;;;;
2021;149;beauce_5_sa_065;organique_beauce_5;BTH;;FERTI;;0.0;0.0;;;;;;AN;mineral;N;;1.4;1.4;0.0;0.0;;;;;;;;;;;;
2021;150;beauce_5_sa_065;organique_beauce_5;BTH;;FERTI;;0.0;0.0;;;;;;AN;mineral;N;;1.7;1.7;0.0;0.0;;;;;;;;;;;;
2021;288;beauce_5_sa_065;organique_beauce_5;BTH;;TRAVAIL_SOL;travail_sol_1;0.0;11.3;;;;;;;;;;;;;;;;;;;;;;;;;
2021;295;beauce_5_sa_065;organique_beauce_5;BTH;;TRAVAIL_SOL;une_reprise;0.0;16.5;;;;;;;;;;;;;;;;;;;;;;;;;
2021;207;beauce_5_sa_066;organique_beauce_5;BTH;;RECOLTE;;0.0;0.0;4.91;;;;;;;;;;;;;0.0;4.34;3.0;;;;;;;;;
2021;263;beauce_5_sa_066;organique_beauce_5;BTH;;SEMIS;semis;0.0;3.7;;;;;;;;;;;;;;;;;;;;;;;;;
2021;194;beauce_5_sa_067;organique_beauce_5;BTH;;RECOLTE;;0.0;0.0;7.06;;;;;;;;;;;;;0.0;6.25;3.0;;;;;;;;;
2021;264;beauce_5_sa_067;organique_beauce_5;BTH;;SEMIS;semis;0.0;3.3;;;;;;;;;;;;;;;;;;;;;;;;;
2021;123;beauce_5_sa_067;organique_beauce_5;BTH;;FERTI;;0.0;0.0;;;;;;AN;mineral;N;;29.9;29.9;0.0;0.0;;;;;;;;;;;;
2021;232;beauce_5_sa_067;organique_beauce_5;BTH;;TRAVAIL_SOL;travail_sol_1;0.0;20.3;;;;;;;;;;;;;;;;;;;;;;;;;
2021;174;beauce_5_sa_068;organique_beauce_5;BTH;;RECOLTE;;0.0;0.0;3.92;;;;;;;;;;;;;0.0;3.47;3.0;;;;;;;;;
2021;286;beauce_5_sa_068;organique_beauce_5;BTH;;SEMIS;semis;0.0;3.1;;;;;;;;;;;;;;;;;;;;;;;;;
2021;208;beauce_5_sa_069;organique_beauce_5;BTH;;RECOLTE;;0.0;0.0;5.69;;;;;;;;;;;;;0.0;5.03;3.0;;;;;;;;;
2021;293;beauce_5_sa_069;organique_beauce_5;BTH;;SEMIS;semis;0.0;2.3;;;;;;;;;;;;;;;;;;;;;;;;;
2021;137;beauce_5_sa_069;organique_beauce_5;BTH;;FERTI;;0.0;0.0;;;;;;AN;mineral;N;;4.2;4.2;0.0;0.0;;;;;;;;;;;;
2021;331;beauce_5_sa_069;organique_beauce_5;BTH;;FERTI;;0.0;0.0;;;;;;AN;mineral;N;;8.4;8.4;0.0;0.0;;;;;;;;;;;;
2021;179;beauce_5_sa_070;organique_beauce_5;BTH;;RECOLTE;;0.0;0.0;6.57;;;;;;;;;;;;;0.0;5.81;3.0;;;;;;;;;
2021;291;beauce_5_sa_070;organique_beauce_5;BTH;;SEMIS;semis;0.0;1.0;;;;;;;;;;;;;;;;;;;;;;;;;
2021;21;beauce_5_sa_070;organique_beauce_5;BTH;;FERTI;;0.0;0.0;;;;;;AN;mineral;N;;10.6;10.6;0.0;0.0;;;;;;;;;;;;
2021;164;beauce_5_sa_070;organique_beauce_5;BTH;;FERTI;;0.0;0.0;;;;;;AN;mineral;N;;18.5;18.5;0.0;0.0;;;;;;;;;;;;
2021;165;beauce_5_sa_070;organique_beauce_5;BTH;;FERTI;;0.0;0.0;;;;;;AN;mineral;N;;3.0;3.0;0.0;0.0;;;;;;;;;;;;
2021;244;beauce_5_sa_070;organique_beauce_5;BTH;;TRAVAIL_SOL;travail_sol_1;0.0;2.4;;;;;;;;;;;;;;;;;;;;;;;;;
2021;251;beauce_5_sa_070;organique_beauce_5;BTH;;TRAVAIL_SOL;une_reprise;0.0;10.4;;;;;;;;;;;;;;;;;;;;;;;;;
2021;213;beauce_5_sa_071;organique_beauce_5;BTH;;RECOLTE;;0.0;0.0;6.81;;;;;;;;;;;;;0.0;6.03;3.0;;;;;;;;;
2021;261;beauce_5_sa_071;organique_beauce_5;BTH;;SEMIS;semis;0.0;3.5;;;;;;;;;;;;;;;;;;;;;;;;;
2021;126;beauce_5_sa_071;organique_beauce_5;BTH;;FERTI;;0.0;0.0;;;;;;AN;mineral;N;;58.6;58.6;0.0;0.0;;;;;;;;;;;;
2021;198;beauce_5_sa_072;organique_beauce_5;BTH;;RECOLTE;;0.0;0.0;6.52;;;;;;;;;;;;;0.0;5.77;3.0;;;;;;;;;
2021;304;beauce_5_sa_072;organique_beauce_5;BTH;;SEMIS;semis;0.0;1.1;;;;;;;;;;;;;;;;;;;;;;;;;
2021;67;beauce_5_sa_072;organique_beauce_5;BTH;;FERTI;;0.0;0.0;;;;;;AN;mineral;N;;22.2;22.2;0.0;0.0;;;;;;;;;;;;
2021;288;beauce_5_sa_072;organique_beauce_5;BTH;;TRAVAIL_SOL;travail_sol_1;0.0;9.3;;;;;;;;;;;;;;;;;;;;;;;;;
2021;209;beauce_5_sa_073;organique_beauce_5;BTH;;RECOLTE;;0.0;0.0;5.99;;;;;;;;;;;;;0.0;5.3;3.0;;;;;;;;;
2021;287;beauce_5_sa_073;organique_beauce_5;BTH;;SEMIS;semis;0.0;1.9;;;;;;;;;;;;;;;;;;;;;;;;;
2021;346;beauce_5_sa_073;organique_beauce_5;BTH;;FERTI;;0.0;0.0;;;;;;AN;mineral;N;;5.2;5.2;0.0;0.0;;;;;;;;;;;;
2021;175;beauce_5_sa_074;organique_beauce_5;BTH;;RECOLTE;;0.0;0.0;4.01;;;;;;;;;;;;;0.0;3.55;3.0;;;;;;;;;
2021;305;beauce_5_sa_074;organique_beauce_5;BTH;;SEMIS;semis;0.0;2.6;;;;;;;;;;;;;;;;;;;;;;;;;
2021;212;beauce_5_sa_075;organique_beauce_5;BTH;;RECOLTE;;0.0;0.0;5.39;;;;;;;;;;;;;0.0;4.77;3.0;;;;;;;;;
2021;297;beauce_5_sa_075;organique_beauce_5;BTH;;SEMIS;semis;0.0;2.8;;;;;;;;;;;;;;;;;;;;;;;;;
2021;208;beauce_5_sa_076;organique_beauce_5;BTH;;RECOLTE;;0.0;0.0;7.48;;;;;;;;;;;;;0.0;6.62;3.0;;;;;;;;;
2021;286;beauce_5_sa_076;organique_beauce_5;BTH;;SEMIS;semis;0.0;3.4;;;;;;;;;;;;;;;;;;;;;;;;;
2021;170;beauce_5_sa_076;organique_beauce_5;BTH;;FERTI;;0.0;0.0;;;;;;AN;mineral;N;;1.5;1.5;0.0;0.0;;;;;;;;;;;;
2021;171;beauce_5_sa_076;organique_beauce_5;BTH;;FERTI;;0.0;0.0;;;;;;AN;mineral;N;;72.9;72.9;0.0;0.0;;;;;;;;;;;;
2021;221;beauce_5_sa_077;organique_beauce_5;BTH;;RECOLTE;;0.0;0.0;5.15;;;;;;;;;;;;;0.0;4.56;3.0;;;;;;;;;
2021;278;beauce_5_sa_077;organique_beauce_5;BTH;;SEMIS;semis;0.0;2.1;;;;;;;;;;;;;;;;;;;;;;;;;
2021;256;beauce_5_sa_077;organique_beauce_5;BTH;;TRAVAIL_SOL;travail_sol_1;0.0;15.3;;;;;;;;;;;;;;;;;;;;;;;;;
2021;263;beauce_5_sa_077;organique_beauce_5;BTH;;TRAVAIL_SOL;une_reprise;0.0;13.3;;;;;;;;;;;;;;;;;;;;;;;;;
2021;177;beauce_5_sa_078;organique_beauce_5;BTH;;RECOLTE;;0.0;0.0;7.04;;;;;;;;;;;;;0.0;6.23;3.0;;;;;;;;;
2021;306;beauce_5_sa_078;organique_beauce_5;BTH;;SEMIS;semis;0.0;1.5;;;;;;;;;;;;;;;;;;;;;;;;;
2021;122;beauce_5_sa_078;organique_beauce_5;BTH;;FERTI;;0.0;0.0;;;;;;AN;mineral;N;;70.9;70.9;0.0;0.0;;;;;;;;;;;;
2021;178;beauce_5_sa_079;organique_beauce_5;BTH;;RECOLTE;;0.0;0.0;8.26;;;;;;;;;;;;;0.0;7.31;3.0;;;;;;;;;
2021;273;beauce_5_sa_079;organique_beauce_5;BTH;;SEMIS;semis;0.0;3.8;;;;;;;;;;;;;;;;;;;;;;;;;
2021;364;beauce_5_sa_079;organique_beauce_5;BTH;;FERTI;;0.0;0.0;;;;;;AN;mineral;N;;68.4;68.4;0.0;0.0;;;;;;;;;;;;
2021;226;beauce_5_sa_080;organique_beauce_5;BTH;;RECOLTE;;0.0;0.0;7.25;;;;;;;;;;;;;0.0;6.41;3.0;;;;;;;;;
2021;268;beauce_5_sa_080;organique_beauce_5;BTH;;SEMIS;semis;0.0;2.3;;;;;;;;;;;;;;;;;;;;;;;;;
2021;102;beauce_5_sa_080;organique_beauce_5;BTH;;FERTI;;0.0;0.0;;;;;;AN;mineral;N;;28.3;28.3;0.0;0.0;;;;;;;;;;;;
2021;117;beauce_5_sa_080;organique_beauce_5;BTH;;FERTI;;0.0;0.0;;;;;;AN;mineral;N;;52.2;52.2;0.0;0.0;;;;;;;;;;;;
2021;173;beauce_5_sa_081;organique_beauce_5;BTH;;RECOLTE;;0.0;0.0;5.12;;;;;;;;;;;;;0.0;4.53;3.0;;;;;;;;;
2021;278;beauce_5_sa_081;organique_beauce_5;BTH;;SEMIS;semis;0.0;1.4;;;;;;;;;;;;;;;;;;;;;;;;;
2021;240;beauce_5_sa_081;organique_beauce_5;BTH;;TRAVAIL_SOL;travail_sol_1;0.0;12.1;;;;;;;;;;;;;;;;;;;;;;;;;
2021;228;beauce_5_sa_082;organique_beauce_5;BTH;;RECOLTE;;0.0;0.0;4.82;;;;;;;;;;;;;0.0;4.27;3.0;;;;;;;;;
2021;317;beauce_5_sa_082;organique_beauce_5;BTH;;SEMIS;semis;0.0;2.1;;;;;;;;;;;;;;;;;;;;;;;;;
2021;310;beauce_5_sa_082;organique_beauce_5;BTH;;TRAVAIL_SOL;travail_sol_1;0.0;16.8;;;;;;;;;;;;;;;;;;;;;;;;;
2021;226;beauce_5_sa_083;organique_beauce_5;BTH;;RECOLTE;;0.0;0.0;8.89;;;;;;;;;;;;;0.0;7.87;3.0;;;;;;;;;
2021;309;beauce_5_sa_083;organique_beauce_5;BTH;;SEMIS;semis;0.0;2.5;;;;;;;;;;;;;;;;;;;;;;;;;
2021;60;beauce_5_sa_083;organique_beauce_5;BTH;;FERTI;;0.0;0.0;;;;;;AN;mineral;N;;58.6;58.6;0.0;0.0;;;;;;;;;;;;
2021;102;beauce_5_sa_083;organique_beauce_5;BTH;;FERTI;;0.0;0.0;;;;;;AN;mineral;N;;1.2;1.2;0.0;0.0;;;;;;;;;;;;
2021;146;beauce_5_sa_083;organique_beauce_5;BTH;;FERTI;;0.0;0.0;;;;;;AN;mineral;N;;32.4;32.4;0.0;0.0;;;;;;;;;;;;
2021;225;beauce_5_sa_084;organique_beauce_5;BTH;;RECOLTE;;0.0;0.0;4.7;;;;;;;;;;;;;0.0;4.16;3.0;;;;;;;;;
2021;264;beauce_5_sa_084;organique_beauce_5;BTH;;SEMIS;semis;0.0;2.3;;;;;;;;;;;;;;;;;;;;;;;;;
2021;257;beauce_5_sa_084;organique_beauce_5;BTH;;TRAVAIL_SOL;travail_sol_1;0.0;8.3;;;;;;;;;;;;;;;;;;;;;;;;;
2021;186;beauce_5_sa_085;organique_beauce_5;BTH;;RECOLTE;;0.0;0.0;8.58;;;;;;;;;;;;;0.0;7.59;3.0;;;;;;;;;
2021;315;beauce_5_sa_085;organique_beauce_5;BTH;;SEMIS;semis;0.0;2.5;;;;;;;;;;;;;;;;;;;;;;;;;
2021;144;beauce_5_sa_085;organique_beauce_5;BTH;;FERTI;;0.0;0.0;;;;;;AN;mineral;N;;71.9;71.9;0.0;0.0;;;;;;;;;;;;
2021;145;beauce_5_sa_085;organique_beauce_5;BTH;;FERTI;;0.0;0.0;;;;;;AN;mineral;N;;76.4;76.4;0.0;0.0;;;;;;;;;;;;
2021;305;beauce_5_sa_085;organique_beauce_5;BTH;;TRAVAIL_SOL;travail_sol_1;0.0;14.4;;;;;;;;;;;;;;;;;;;;;;;;;
2021;215;beauce_5_sa_086;organique_beauce_5;BTH;;RECOLTE;;0.0;0.0;5.17;;;;;;;;;;;;;0.0;4.57;3.0;;;;;;;;;
2021;259;beauce_5_sa_086;organique_beauce_5;BTH;;SEMIS;semis;0.0;1.5;;;;;;;;;;;;;;;;;;;;;;;;;
2021;92;beauce_5_sa_086;organique_beauce_5;BTH;;FERTI;;0.0;0.0;;;;;;AN;mineral;N;;1.0;1.0;0.0;0.0;;;;;;;;;;;;
2021;187;beauce_5_sa_087;organique_beauce_5;BTH;;RECOLTE;;0.0;0.0;9.0;;;;;;;;;;;;;0.0;7.96;3.0;;;;;;;;;
2021;303;beauce_5_sa_087;organique_beauce_5;BTH;;SEMIS;semis;0.0;3.0;;;;;;;;;;;;;;;;;;;;;;;;;
2021;74;beauce_5_sa_087;organique_beauce_5;BTH;;FERTI;;0.0;0.0;;;;;;AN;mineral;N;;3.4;3.4;0.0;0.0;;;;;;;;;;;;
2021;75;beauce_5_sa_087;organique_beauce_5;BTH;;FERTI;;0.0;0.0;;;;;;AN;mineral;N;;62.3;62.3;0.0;0.0;;;;;;;;;;;;
2021;102;beauce_5_sa_087;organique_beauce_5;BTH;;FERTI;;0.0;0.0;;;;;;AN;mineral;N;;81.6;81.6;0.0;0.0;;;;;;;;;;;;
2021;225;beauce_5_sa_088;organique_beauce_5;BTH;;RECOLTE;;0.0;0.0;6.09;;;;;;;;;;;;;0.0;5.39;3.0;;;;;;;;;
2021;270;beauce_5_sa_088;organique_beauce_5;BTH;;SEMIS;semis;0.0;2.1;;;;;;;;;;;;;;;;;;;;;;;;;
2021;125;beauce_5_sa_088;organique_beauce_5;BTH;;FERTI;;0.0;0.0;;;;;;AN;mineral;N;;1.3;1.3;0.0;0.0;;;;;;;;;;;;
2021;126;beauce_5_sa_088;organique_beauce_5;BTH;;FERTI;;0.0;0.0;;;;;;AN;mineral;N;;9.7;9.7;0.0;0.0;;;;;;;;;;;;
2021;233;beauce_5_sa_088;organique_beauce_5;BTH;;TRAVAIL_SOL;travail_sol_1;0.0;9.5;;;;;;;;;;;;;;;;;;;;;;;;;
2021;240;beauce_5_sa_088;organique_beauce_5;BTH;;TRAVAIL_SOL;une_reprise;0.0;11.7;;;;;;;;;;;;;;;;;;;;;;;;;
2021;226;beauce_5_sa_089;organique_beauce_5;BTH;;RECOLTE;;0.0;0.0;5.11;;;;;;;;;;;;;0.0;4.52;3.0;;;;;;;;;
2021;316;beauce_5_sa_089;organique_beauce_5;BTH;;SEMIS;semis;0.0;3.2;;;;;;;;;;;;;;;;;;;;;;;;;
2021;297;beauce_5_sa_089;organique_beauce_5;BTH;;TRAVAIL_SOL;travail_sol_1;0.0;10.8;;;;;;;;;;;;;;;;;;;;;;;;;
2021;215;beauce_5_sa_090;organique_beauce_5;BTH;;RECOLTE;;0.0;0.0;8.84;;;;;;;;;;;;;0.0;7.82;3.0;;;;;;;;;
2021;282;beauce_5_sa_090;organique_beauce_5;BTH;;SEMIS;semis;0.0;3.2;;;;;;;;;;;;;;;;;;;;;;;;;
2021;151;beauce_5_sa_090;organique_beauce_5;BTH;;FERTI;;0.0;0.0;;;;;;AN;mineral;N;;3.0;3.0;0.0;0.0;;;;;;;;;;;;
2021;152;beauce_5_sa_090;organique_beauce_5;BTH;;FERTI;;0.0;0.0;;;;;;AN;mineral;N;;90.8;90.8;0.0;0.0;;;;;;;;;;;;
2021;153;beauce_5_sa_090;organique_beauce_5;BTH;;FERTI;;0.0;0.0;;;;;;AN;mineral;N;;54.1;54.1;0.0;0.0;;;;;;;;;;;;
2021;230;beauce_5_sa_091;organique_beauce_5;BTH;;RECOLTE;;0.0;0.0;5.94;;;;;;;;;;;;;0.0;5.26;3.0;;;;;;;;;
2021;318;beauce_5_sa_091;organique_beauce_5;BTH;;SEMIS;semis;0.0;2.4;;;;;;;;;;;;;;;;;;;;;;;;;
2021;166;beauce_5_sa_091;organique_beauce_5;BTH;;FERTI;;0.0;0.0;;;;;;AN;mineral;N;;4.7;4.7;0.0;0.0;;;;;;;;;;;;
2021;274;beauce_5_sa_091;organique_beauce_5;BTH;;TRAVAIL_SOL;travail_sol_1;0.0;4.7;;;;;;;;;;;;;;;;;;;;;;;;;
2021;230;beauce_5_sa_092;organique_beauce_5;BTH;;RECOLTE;;0.0;0.0;6.26;;;;;;;;;;;;;0.0;5.54;3.0;;;;;;;;;
2021;261;beauce_5_sa_092;organique_beauce_5;BTH;;SEMIS;semis;0.0;3.3;;;;;;;;;;;;;;;;;;;;;;;;;
2021;61;beauce_5_sa_092;organique_beauce_5;BTH;;FERTI;;0.0;0.0;;;;;;AN;mineral;N;;22.2;22.2;0.0;0.0;;;;;;;;;;;;
2021;239;beauce_5_sa_092;organique_beauce_5;BTH;;TRAVAIL_SOL;travail_sol_1;0.0;16.1;;;;;;;;;;;;;;;;;;;;;;;;;
2021;246;beauce_5_sa_092;organique_beauce_5;BTH;;TRAVAIL_SOL;une_reprise;0.0;23.6;;;;;;;;;;;;;;;;;;;;;;;;;
2021;170;beauce_5_sa_093;organique_beauce_5;BTH;;RECOLTE;;0.0;0.0;4.26;;;;;;;;;;;;;0.0;3.77;3.0;;;;;;;;;
2021;314;beauce_5_sa_093;organique_beauce_5;BTH;;SEMIS;semis;0.0;3.5;;;;;;;;;;;;;;;;;;;;;;;;;
2021;330;beauce_5_sa_093;organique_beauce_5;BTH;;FERTI;;0.0;0.0;;;;;;AN;mineral;N;;3.3;3.3;0.0;0.0;;;;;;;;;;;;
2021;284;beauce_5_sa_093;organique_beauce_5;BTH;;TRAVAIL_SOL;travail_sol_1;0.0;19.7;;;;;;;;;;;;;;;;;;;;;;;;;
2021;291;beauce_5_sa_093;organique_beauce_5;BTH;;TRAVAIL_SOL;une_reprise;0.0;7.0;;;;;;;;;;;;;;;;;;;;;;;;;
2021;170;beauce_5_sa_094;organique_beauce_5;BTH;;RECOLTE;;0.0;0.0;7.09;;;;;;;;;;;;;0.0;6.27;3.0;;;;;;;;;
2021;275;beauce_5_sa_094;organique_beauce_5;BTH;;SEMIS;semis;0.0;2.9;;;;;;;;;;;;;;;;;;;;;;;;;
2021;42;beauce_5_sa_094;organique_beauce_5;BTH;;FERTI;;0.0;0.0;;;;;;AN;mineral;N;;1.7;1.7;0.0;0.0;;;;;;;;;;;;
2021;115;beauce_5_sa_094;organique_beauce_5;BTH;;FERTI;;0.0;0.0;;;;;;AN;mineral;N;;79.3;79.3;0.0;0.0;;;;;;;;;;;;
2021;230;beauce_5_sa_095;organique_beauce_5;BTH;;RECOLTE;;0.0;0.0;6.8;;;;;;;;;;;;;0.0;6.01;3.0;;;;;;;;;
2021;280;beauce_5_sa_095;organique_beauce_5;BTH;;SEMIS;semis;0.0;3.7;;;;;;;;;;;;;;;;;;;;;;;;;
2021;150;beauce_5_sa_095;organique_beauce_5;BTH;;FERTI;;0.0;0.0;;;;;;AN;mineral;N;;56.1;56.1;0.0;0.0;;;;;;;;;;;;
2021;227;beauce_5_sa_096;organique_beauce_5;BTH;;RECOLTE;;0.0;0.0;5.16;;;;;;;;;;;;;0.0;4.57;3.0;;;;;;;;;
2021;293;beauce_5_sa_096;organique_beauce_5;BTH;;SEMIS;semis;0.0;2.1;;;;;;;;;;;;;;;;;;;;;;;;;
2021;277;beauce_5_sa_096;organique_beauce_5;BTH;;TRAVAIL_SOL;travail_sol_1;0.0;24.9;;;;;;;;;;;;;;;;;;;;;;;;;
2021;230;beauce_5_sa_097;organique_beauce_5;BTH;;RECOLTE;;0.0;0.0;6.92;;;;;;;;;;;;;0.0;6.12;3.0;;;;;;;;;
2021;316;beauce_5_sa_097;organique_beauce_5;BTH;;SEMIS;semis;0.0;1.0;;;;;;;;;;;;;;;;;;;;;;;;;
2021;58;beauce_5_sa_097;organique_beauce_5;BTH;;FERTI;;0.0;0.0;;;;;;AN;mineral;N;;25.4;25.4;0.0;0.0;;;;;;;;;;;;
2021;335;beauce_5_sa_097;organique_beauce_5;BTH;;FERTI;;0.0;0.0;;;;;;AN;mineral;N;;6.6;6.6;0.0;0.0;;;;;;;;;;;;
2021;302;beauce_5_sa_097;organique_beauce_5;BTH;;TRAVAIL_SOL;travail_sol_1;0.0;19.4;;;;;;;;;;;;;;;;;;;;;;;;;
2021;202;beauce_5_sa_098;organique_beauce_5;BTH;;RECOLTE;;0.0;0.0;6.0;;;;;;;;;;;;;0.0;5.31;3.0;;;;;;;;;
2021;283;beauce_5_sa_098;organique_beauce_5;BTH;;SEMIS;semis;0.0;2.3;;;;;;;;;;;;;;;;;;;;;;;;;
2021;123;beauce_5_sa_098;organique_beauce_5;BTH;;FERTI;;0.0;0.0;;;;;;AN;mineral;N;;3.9;3.9;0.0;0.0;;;;;;;;;;;;
2021;146;beauce_5_sa_098;organique_beauce_5;BTH;;FERTI;;0.0;0.0;;;;;;AN;mineral;N;;5.2;5.2;0.0;0.0;;;;;;;;;;;;
2021;248;beauce_5_sa_098;organique_beauce_5;BTH;;TRAVAIL_SOL;travail_sol_1;0.0;8.2;;;;;;;;;;;;;;;;;;;;;;;;;
2021;186;beauce_5_sa_099;organique_beauce_5;BTH;;RECOLTE;;0.0;0.0;5.42;;;;;;;;;;;;;0.0;4.79;3.0;;;;;;;;;
2021;284;beauce_5_sa_099;organique_beauce_5;BTH;;SEMIS;semis;0.0;1.7;;;;;;;;;;;;;;;;;;;;;;;;;
2021;25;beauce_5_sa_099;organique_beauce_5;BTH;;FERTI;;0.0;0.0;;;;;;AN;mineral;N;;1.6;1.6;0.0;0.0;;;;;;;;;;;;
2021;265;beauce_5_sa_099;organique_beauce_5;BTH;;TRAVAIL_SOL;travail_sol_1;0.0;5.9;;;;;;;;;;;;;;;;;;;;;;;;;
2022;228;beauce_5_sa_000;organique_beauce_5;BTH;;RECOLTE;;0.0;0.0;7.27;;;;;;;;;;;;;0.0;6.43;3.0;;;;;;;;;
2022;314;beauce_5_sa_000;organique_beauce_5;BTH;;SEMIS;semis;0.0;3.9;;;;;;;;;;;;;;;;;;;;;;;;;
2022;85;beauce_5_sa_000;organique_beauce_5;BTH;;FERTI;;0.0;0.0;;;;;;AN;mineral;N;;36.2;36.2;0.0;0.0;;;;;;;;;;;;
2022;215;beauce_5_sa_001;organique_beauce_5;BTH;;RECOLTE;;0.0;0.0;5.3;;;;;;;;;;;;;0.0;4.69;3.0;;;;;;;;;
2022;265;beauce_5_sa_001;organique_beauce_5;BTH;;SEMIS;semis;0.0;3.9;;;;;;;;;;;;;;;;;;;;;;;;;
2022;255;beauce_5_sa_001;organique_beauce_5;BTH;;TRAVAIL_SOL;travail_sol_1;0.0;22.9;;;;;;;;;;;;;;;;;;;;;;;;;
2022;178;beauce_5_sa_002;organique_beauce_5;BTH;;RECOLTE;;0.0;0.0;7.95;;;;;;;;;;;;;0.0;7.03;3.0;;;;;;;;;
2022;311;beauce_5_sa_002;organique_beauce_5;BTH;;SEMIS;semis;0.0;1.7;;;;;;;;;;;;;;;;;;;;;;;;;
2022;120;beauce_5_sa_002;organique_beauce_5;BTH;;FERTI;;0.0;0.0;;;;;;AN;mineral;N;;40.7;40.7;0.0;0.0;;;;;;;;;;;;
2022;121;beauce_5_sa_002;organique_beauce_5;BTH;;FERTI;;0.0;0.0;;;;;;AN;mineral;N;;31.4;31.4;0.0;0.0;;;;;;;;;;;;
2022;345;beauce_5_sa_002;organique_beauce_5;BTH;;FERTI;;0.0;0.0;;;;;;AN;mineral;N;;6.9;6.9;0.0;0.0;;;;;;;;;;;;
2022;195;beauce_5_sa_003;organique_beauce_5;BTH;;RECOLTE;;0.0;0.0;7.14;;;;;;;;;;;;;0.0;6.32;3.0;;;;;;;;;
2022;302;beauce_5_sa_003;organique_beauce_5;BTH;;SEMIS;semis;0.0;3.6;;;;;;;;;;;;;;;;;;;;;;;;;
2022;117;beauce_5_sa_003;organique_beauce_5;BTH;;FERTI;;0.0;0.0;;;;;;AN;mineral;N;;23.8;23.8;0.0;0.0;;;;;;;;;;;;
2022;133;beauce_5_sa_003;organique_beauce_5;BTH;;FERTI;;0.0;0.0;;;;;;AN;mineral;N;;1.3;1.3;0.0;0.0;;;;;;;;;;;;
2022;134;beauce_5_sa_003;organique_beauce_5;BTH;;FERTI;;0.0;0.0;;;;;;AN;mineral;N;;4.6;4.6;0.0;0.0;;;;;;;;;;;;
2022;259;beauce_5_sa_003;organique_beauce_5;BTH;;TRAVAIL_SOL;travail_sol_1;0.0;19.5;;;;;;;;;;;;;;;;;;;;;;;;;
2022;226;beauce_5_sa_004;organique_beauce_5;BTH;;RECOLTE;;0.0;0.0;5.58;;;;;;;;;;;;;0.0;4.93;3.0;;;;;;;;;
2022;306;beauce_5_sa_004;organique_beauce_5;BTH;;SEMIS;semis;0.0;3.6;;;;;;;;;;;;;;;;;;;;;;;;;
2022;228;beauce_5_sa_005;organique_beauce_5;BTH;;RECOLTE;;0.0;0.0;5.33;;;;;;;;;;;;;0.0;4.71;3.0;;;;;;;;;
2022;276;beauce_5_sa_005;organique_beauce_5;BTH;;SEMIS;semis;0.0;1.2;;;;;;;;;;;;;;;;;;;;;;;;;
2022;207;beauce_5_sa_006;organique_beauce_5;BTH;;RECOLTE;;0.0;0.0;7.83;;;;;;;;;;;;;0.0;6.93;3.0;;;;;;;;;
2022;316;beauce_5_sa_006;organique_beauce_5;BTH;;SEMIS;semis;0.0;1.5;;;;;;;;;;;;;;;;;;;;;;;;;
2022;142;beauce_5_sa_006;organique_beauce_5;BTH;;FERTI;;0.0;0.0;;;;;;AN;mineral;N;;1.4;1.4;0.0;0.0;;;;;;;;;;;;
2022;143;beauce_5_sa_006;organique_beauce_5;BTH;;FERTI;;0.0;0.0;;;;;;AN;mineral;N;;75.7;75.7;0.0;0.0;;;;;;;;;;;;
2022;353;beauce_5_sa_006;organique_beauce_5;BTH;;FERTI;;0.0;0.0;;;;;;AN;mineral;N;;2.2;2.2;0.0;0.0;;;;;;;;;;;;
2022;280;beauce_5_sa_006;organique_beauce_5;BTH;;TRAVAIL_SOL;travail_sol_1;0.0;6.4;;;;;;;;;;;;;;;;;;;;;;;;;
2022;189;beauce_5_sa_007;organique_beauce_5;BTH;;RECOLTE;;0.0;0.0;5.84;;;;;;;;;;;;;0.0;5.17;3.0;;;;;;;;;
2022;300;beauce_5_sa_007;organique_beauce_5;BTH;;SEMIS;semis;0.0;3.6;;;;;;;;;;;;;;;;;;;;;;;;;
2022;270;beauce_5_sa_007;organique_beauce_5;BTH;;TRAVAIL_SOL;travail_sol_1;0.0;14.6;;;;;;;;;;;;;;;;;;;;;;;;;
2022;277;beauce_5_sa_007;organique_beauce_5;BTH;;TRAVAIL_SOL;une_reprise;0.0;17.3;;;;;;;;;;;;;;;;;;;;;;;;;
2022;172;beauce_5_sa_008;organique_beauce_5;BTH;;RECOLTE;;0.0;0.0;7.57;;;;;;;;;;;;;0.0;6.7;3.0;;;;;;;;;
2022;273;beauce_5_sa_008;organique_beauce_5;BTH;;SEMIS;semis;0.0;1.2;;;;;;;;;;;;;;;;;;;;;;;;;
2022;153;beauce_5_sa_008;organique_beauce_5;BTH;;FERTI;;0.0;0.0;;;;;;AN;mineral;N;;14.4;14.4;0.0;0.0;;;;;;;;;;;;
2022;154;beauce_5_sa_008;organique_beauce_5;BTH;;FERTI;;0.0;0.0;;;;;;AN;mineral;N;;63.1;63.1;0.0;0.0;;;;;;;;;;;;
2022;349;beauce_5_sa_008;organique_beauce_5;BTH;;FERTI;;0.0;0.0;;;;;;AN;mineral;N;;4.2;4.2;0.0;0.0;;;;;;;;;;;;
2022;210;beauce_5_sa_009;organique_beauce_5;BTH;;RECOLTE;;0.0;0.0;6.08;;;;;;;;;;;;;0.0;5.38;3.0;;;;;;;;;
2022;309;beauce_5_sa_009;organique_beauce_5;BTH;;SEMIS;semis;0.0;3.8;;;;;;;;;;;;;;;;;;;;;;;;;
2022;166;beauce_5_sa_009;organique_beauce_5;BTH;;FERTI;;0.0;0.0;;;;;;AN;mineral;N;;2.6;2.6;0.0;0.0;;;;;;;;;;;;
2022;167;beauce_5_sa_009;organique_beauce_5;BTH;;FERTI;;0.0;0.0;;;;;;AN;mineral;N;;7.5;7.5;0.0;0.0;;;;;;;;;;;;
2022;294;beauce_5_sa_009;organique_beauce_5;BTH;;TRAVAIL_SOL;travail_sol_1;0.0;6.6;;;;;;;;;;;;;;;;;;;;;;;;;
2022;222;beauce_5_sa_010;organique_beauce_5;BTH;;RECOLTE;;0.0;0.0;6.27;;;;;;;;;;;;;0.0;5.55;3.0;;;;;;;;;
2022;265;beauce_5_sa_010;organique_beauce_5;BTH;;SEMIS;semis;0.0;1.8;;;;;;;;;;;;;;;;;;;;;;;;;
2022;1;beauce_5_sa_010;organique_beauce_5;BTH;;FERTI;;0.0;0.0;;;;;;AN;mineral;N;;21.4;21.4;0.0;0.0;;;;;;;;;;;;
2022;251;beauce_5_sa_010;organique_beauce_5;BTH;;TRAVAIL_SOL;travail_sol_1;0.0;21.3;;;;;;;;;;;;;;;;;;;;;;;;;
2022;206;beauce_5_sa_011;organique_beauce_5;BTH;;RECOLTE;;0.0;0.0;5.56;;;;;;;;;;;;;0.0;4.92;3.0;;;;;;;;;
2022;276;beauce_5_sa_011;organique_beauce_5;BTH;;SEMIS;semis;0.0;3.0;;;;;;;;;;;;;;;;;;;;;;;;;
2022;2;beauce_5_sa_011;organique_beauce_5;BTH;;FERTI;;0.0;0.0;;;;;;AN;mineral;N;;3.3;3.3;0.0;0.0;;;;;;;;;;;;
2022;196;beauce_5_sa_012;organique_beauce_5;BTH;;RECOLTE;;0.0;0.0;6.9;;;;;;;;;;;;;0.0;6.1;3.0;;;;;;;;;
2022;264;beauce_5_sa_012;organique_beauce_5;BTH;;SEMIS;semis;0.0;3.9;;;;;;;;;;;;;;;;;;;;;;;;;
2022;152;beauce_5_sa_012;organique_beauce_5;BTH;;FERTI;;0.0;0.0;;;;;;AN;mineral;N;;74.3;74.3;0.0;0.0;;;;;;;;;;;;
2022;153;beauce_5_sa_012;organique_beauce_5;BTH;;FERTI;;0.0;0.0;;;;;;AN;mineral;N;;3.6;3.6;0.0;0.0;;;;;;;;;;;;
2022;180;beauce_5_sa_013;organique_beauce_5;BTH;;RECOLTE;;0.0;0.0;8.9;;;;;;;;;;;;;0.0;7.87;3.0;;;;;;;;;
2022;289;beauce_5_sa_013;organique_beauce_5;BTH;;SEMIS;semis;0.0;1.4;;;;;;;;;;;;;;;;;;;;;;;;;
2022;75;beauce_5_sa_013;organique_beauce_5;BTH;;FERTI;;0.0;0.0;;;;;;AN;mineral;N;;44.4;44.4;0.0;0.0;;;;;;;;;;;;
2022;76;beauce_5_sa_013;organique_beauce_5;BTH;;FERTI;;0.0;0.0;;;;;;AN;mineral;N;;46.8;46.8;0.0;0.0;;;;;;;;;;;;
2022;94;beauce_5_sa_013;organique_beauce_5;BTH;;FERTI;;0.0;0.0;;;;;;AN;mineral;N;;14.8;14.8;0.0;0.0;;;;;;;;;;;;
2022;275;beauce_5_sa_013;organique_beauce_5;BTH;;TRAVAIL_SOL;travail_sol_1;0.0;4.6;;;;;;;;;;;;;;;;;;;;;;;;;
2022;282;beauce_5_sa_013;organique_beauce_5;BTH;;TRAVAIL_SOL;une_reprise;0.0;16.0;;;;;;;;;;;;;;;;;;;;;;;;;
2022;223;beauce_5_sa_014;organique_beauce_5;BTH;;RECOLTE;;0.0;0.0;6.3;;;;;;;;;;;;;0.0;5.58;3.0;;;;;;;;;
2022;277;beauce_5_sa_014;organique_beauce_5;BTH;;SEMIS;semis;0.0;1.6;;;;;;;;;;;;;;;;;;;;;;;;;
2022;141;beauce_5_sa_014;organique_beauce_5;BTH;;FERTI;;0.0;0.0;;;;;;AN;mineral;N;;34.7;34.7;0.0;0.0;;;;;;;;;;;;
2022;269;beauce_5_sa_014;organique_beauce_5;BTH;;TRAVAIL_SOL;travail_sol_1;0.0;9.9;;;;;;;;;;;;;;;;;;;;;;;;;
2022;227;beauce_5_sa_015;organique_beauce_5;BTH;;RECOLTE;;0.0;0.0;6.95;;;;;;;;;;;;;0.0;6.15;3.0;;;;;;;;;
2022;266;beauce_5_sa_015;organique_beauce_5;BTH;;SEMIS;semis;0.0;3.6;;;;;;;;;;;;;;;;;;;;;;;;;
2022;97;beauce_5_sa_015;organique_beauce_5;BTH;;FERTI;;0.0;0.0;;;;;;AN;mineral;N;;22.5;22.5;0.0;0.0;;;;;;;;;;;;
2022;98;beauce_5_sa_015;organique_beauce_5;BTH;;FERTI;;0.0;0.0;;;;;;AN;mineral;N;;3.4;3.4;0.0;0.0;;;;;;;;;;;;
2022;161;beauce_5_sa_015;organique_beauce_5;BTH;;FERTI;;0.0;0.0;;;;;;AN;mineral;N;;27.1;27.1;0.0;0.0;;;;;;;;;;;;
2022;236;beauce_5_sa_015;organique_beauce_5;BTH;;TRAVAIL_SOL;travail_sol_1;0.0;13.4;;;;;;;;;;;;;;;;;;;;;;;;;
2022;243;beauce_5_sa_015;organique_beauce_5;BTH;;TRAVAIL_SOL;une_reprise;0.0;17.8;;;;;;;;;;;;;;;;;;;;;;;;;
2022;179;beauce_5_sa_016;organique_beauce_5;BTH;;RECOLTE;;0.0;0.0;6.32;;;;;;;;;;;;;0.0;5.59;3.0;;;;;;;;;
2022;261;beauce_5_sa_016;organique_beauce_5;BTH;;SEMIS;semis;0.0;2.8;;;;;;;;;;;;;;;;;;;;;;;;;
2022;131;beauce_5_sa_016;organique_beauce_5;BTH;;FERTI;;0.0;0.0;;;;;;AN;mineral;N;;5.1;5.1;0.0;0.0;;;;;;;;;;;;
2022;132;beauce_5_sa_016;organique_beauce_5;BTH;;FERTI;;0.0;0.0;;;;;;AN;mineral;N;;13.9;13.9;0.0;0.0;;;;;;;;;;;;
2022;225;beauce_5_sa_016;organique_beauce_5;BTH;;TRAVAIL_SOL;travail_sol_1;0.0;15.3;;;;;;;;;;;;;;;;;;;;;;;;;
2022;232;beauce_5_sa_016;organique_beauce_5;BTH;;TRAVAIL_SOL;une_reprise;0.0;20.0;;;;;;;;;;;;;;;;;;;;;;;;;
2022;202;beauce_5_sa_017;organique_beauce_5;BTH;;RECOLTE;;0.0;0.0;5.67;;;;;;;;;;;;;0.0;5.02;3.0;;;;;;;;;
2022;293;beauce_5_sa_017;organique_beauce_5;BTH;;SEMIS;semis;0.0;3.8;;;;;;;;;;;;;;;;;;;;;;;;;
2022;9;beauce_5_sa_017;organique_beauce_5;BTH;;FERTI;;0.0;0.0;;;;;;AN;mineral;N;;1.9;1.9;0.0;0.0;;;;;;;;;;;;
2022;267;beauce_5_sa_017;organique_beauce_5;BTH;;TRAVAIL_SOL;travail_sol_1;0.0;21.1;;;;;;;;;;;;;;;;;;;;;;;;;
2022;190;beauce_5_sa_018;organique_beauce_5;BTH;;RECOLTE;;0.0;0.0;5.32;;;;;;;;;;;;;0.0;4.71;3.0;;;;;;;;;
2022;259;beauce_5_sa_018;organique_beauce_5;BTH;;SEMIS;semis;0.0;1.5;;;;;;;;;;;;;;;;;;;;;;;;;
2022;245;beauce_5_sa_018;organique_beauce_5;BTH;;TRAVAIL_SOL;travail_sol_1;0.0;21.3;;;;;;;;;;;;;;;;;;;;;;;;;
2022;252;beauce_5_sa_018;organique_beauce_5;BTH;;TRAVAIL_SOL;une_reprise;0.0;8.5;;;;;;;;;;;;;;;;;;;;;;;;;
2022;177;beauce_5_sa_019;organique_beauce_5;BTH;;RECOLTE;;0.0;0.0;5.86;;;;;;;;;;;;;0.0;5.18;3.0;;;;;;;;;
2022;258;beauce_5_sa_019;organique_beauce_5;BTH;;SEMIS;semis;0.0;2.9;;;;;;;;;;;;;;;;;;;;;;;;;
2022;219;beauce_5_sa_019;organique_beauce_5;BTH;;TRAVAIL_SOL;travail_sol_1;0.0;5.9;;;;;;;;;;;;;;;;;;;;;;;;;
2022;211;beauce_5_sa_020;organique_beauce_5;BTH;;RECOLTE;;0.0;0.0;6.38;;;;;;;;;;;;;0.0;5.64;3.0;;;;;;;;;
2022;308;beauce_5_sa_020;organique_beauce_5;BTH;;SEMIS;semis;0.0;1.4;;;;;;;;;;;;;;;;;;;;;;;;;
2022;47;beauce_5_sa_020;organique_beauce_5;BTH;;FERTI;;0.0;0.0;;;;;;AN;mineral;N;;14.0;14.0;0.0;0.0;;;;;;;;;;;;
2022;76;beauce_5_sa_020;organique_beauce_5;BTH;;FERTI;;0.0;0.0;;;;;;AN;mineral;N;;1.4;1.4;0.0;0.0;;;;;;;;;;;;
2022;290;beauce_5_sa_020;organique_beauce_5;BTH;;TRAVAIL_SOL;travail_sol_1;0.0;7.3;;;;;;;;;;;;;;;;;;;;;;;;;
2022;297;beauce_5_sa_020;organique_beauce_5;BTH;;TRAVAIL_SOL;une_reprise;0.0;15.9;;;;;;;;;;;;;;;;;;;;;;;;;
2022;215;beauce_5_sa_021;organique_beauce_5;BTH;;RECOLTE;;0.0;0.0;5.51;;;;;;;;;;;;;0.0;4.88;3.0;;;;;;;;;
2022;286;beauce_5_sa_021;organique_beauce_5;BTH;;SEMIS;semis;0.0;2.4;;;;;;;;;;;;;;;;;;;;;;;;;
2022;342;beauce_5_sa_021;organique_beauce_5;BTH;;FERTI;;0.0;0.0;;;;;;AN;mineral;N;;2.6;2.6;0.0;0.0;;;;;;;;;;;;
2022;269;beauce_5_sa_021;organique_beauce_5;BTH;;TRAVAIL_SOL;travail_sol_1;0.0;23.0;;;;;;;;;;;;;;;;;;;;;;;;;
2022;218;beauce_5_sa_022;organique_beauce_5;BTH;;RECOLTE;;0.0;0.0;7.36;;;;;;;;;;;;;0.0;6.51;3.0;;;;;;;;;
2022;307;beauce_5_sa_022;organique_beauce_5;BTH;;SEMIS;semis;0.0;3.0;;;;;;;;;;;;;;;;;;;;;;;;;
2022;61;beauce_5_sa_022;organique_beauce_5;BTH;;FERTI;;0.0;0.0;;;;;;AN;mineral;N;;1.8;1.8;0.0;0.0;;;;;;;;;;;;
2022;89;beauce_5_sa_022;organique_beauce_5;BTH;;FERTI;;0.0;0.0;;;;;;AN;mineral;N;;35.9;35.9;0.0;0.0;;;;;;;;;;;;
2022;284;beauce_5_sa_022;organique_beauce_5;BTH;;TRAVAIL_SOL;travail_sol_1;0.0;24.5;;;;;;;;;;;;;;;;;;;;;;;;;
2022;291;beauce_5_sa_022;organique_beauce_5;BTH;;TRAVAIL_SOL;une_reprise;0.0;24.0;;;;;;;;;;;;;;;;;;;;;;;;;
2022;220;beauce_5_sa_023;organique_beauce_5;BTH;;RECOLTE;;0.0;0.0;6.37;;;;;;;;;;;;;0.0;5.64;3.0;;;;;;;;;
2022;266;beauce_5_sa_023;organique_beauce_5;BTH;;SEMIS;semis;0.0;1.7;;;;;;;;;;;;;;;;;;;;;;;;;
2022;68;beauce_5_sa_023;organique_beauce_5;BTH;;FERTI;;0.0;0.0;;;;;;AN;mineral;N;;10.4;10.4;0.0;0.0;;;;;;;;;;;;
2022;96;beauce_5_sa_023;organique_beauce_5;BTH;;FERTI;;0.0;0.0;;;;;;AN;mineral;N;;1.3;1.3;0.0;0.0;;;;;;;;;;;;
2022;210;beauce_5_sa_024;organique_beauce_5;BTH;;RECOLTE;;0.0;0.0;8.61;;;;;;;;;;;;;0.0;7.62;3.0;;;;;;;;;
2022;286;beauce_5_sa_024;organique_beauce_5;BTH;;SEMIS;semis;0.0;3.5;;;;;;;;;;;;;;;;;;;;;;;;;
2022;14;beauce_5_sa_024;organique_beauce_5;BTH;;FERTI;;0.0;0.0;;;;;;AN;mineral;N;;36.6;36.6;0.0;0.0;;;;;;;;;;;;
2022;67;beauce_5_sa_024;organique_beauce_5;BTH;;FERTI;;0.0;0.0;;;;;;AN;mineral;N;;40.8;40.8;0.0;0.0;;;;;;;;;;;;
2022;256;beauce_5_sa_024;organique_beauce_5;BTH;;TRAVAIL_SOL;travail_sol_1;0.0;21.5;;;;;;;;;;;;;;;;;;;;;;;;;
2022;211;beauce_5_sa_025;organique_beauce_5;BTH;;RECOLTE;;0.0;0.0;6.01;;;;;;;;;;;;;0.0;5.32;3.0;;;;;;;;;
2022;300;beauce_5_sa_025;organique_beauce_5;BTH;;SEMIS;semis;0.0;1.7;;;;;;;;;;;;;;;;;;;;;;;;;
2022;330;beauce_5_sa_025;organique_beauce_5;BTH;;FERTI;;0.0;0.0;;;;;;AN;mineral;N;;3.7;3.7;0.0;0.0;;;;;;;;;;;;
2022;275;beauce_5_sa_025;organique_beauce_5;BTH;;TRAVAIL_SOL;travail_sol_1;0.0;2.5;;;;;;;;;;;;;;;;;;;;;;;;;
2022;187;beauce_5_sa_026;organique_beauce_5;BTH;;RECOLTE;;0.0;0.0;6.66;;;;;;;;;;;;;0.0;5.89;3.0;;;;;;;;;
2022;306;beauce_5_sa_026;organique_beauce_5;BTH;;SEMIS;semis;0.0;3.7;;;;;;;;;;;;;;;;;;;;;;;;;
2022;127;beauce_5_sa_026;organique_beauce_5;BTH;;FERTI;;0.0;0.0;;;;;;AN;mineral;N;;1.9;1.9;0.0;0.0;;;;;;;;;;;;
2022;333;beauce_5_sa_026;organique_beauce_5;BTH;;FERTI;;0.0;0.0;;;;;;AN;mineral;N;;8.3;8.3;0.0;0.0;;;;;;;;;;;;
2022;198;beauce_5_sa_027;organique_beauce_5;BTH;;RECOLTE;;0.0;0.0;6.57;;;;;;;;;;;;;0.0;5.81;3.0;;;;;;;;;
2022;307;beauce_5_sa_027;organique_beauce_5;BTH;;SEMIS;semis;0.0;3.2;;;;;;;;;;;;;;;;;;;;;;;;;
2022;5;beauce_5_sa_027;organique_beauce_5;BTH;;FERTI;;0.0;0.0;;;;;;AN;mineral;N;;4.5;4.5;0.0;0.0;;;;;;;;;;;;
2022;116;beauce_5_sa_027;organique_beauce_5;BTH;;FERTI;;0.0;0.0;;;;;;AN;mineral;N;;17.1;17.1;0.0;0.0;;;;;;;;;;;;
2022;201;beauce_5_sa_028;organique_beauce_5;BTH;;RECOLTE;;0.0;0.0;7.42;;;;;;;;;;;;;0.0;6.56;3.0;;;;;;;;;
2022;262;beauce_5_sa_028;organique_beauce_5;BTH;;SEMIS;semis;0.0;2.5;;;;;;;;;;;;;;;;;;;;;;;;;
2022;70;beauce_5_sa_028;organique_beauce_5;BTH;;FERTI;;0.0;0.0;;;;;;AN;mineral;N;;1.5;1.5;0.0;0.0;;;;;;;;;;;;
2022;104;beauce_5_sa_028;organique_beauce_5;BTH;;FERTI;;0.0;0.0;;;;;;AN;mineral;N;;56.2;56.2;0.0;0.0;;;;;;;;;;;;
2022;342;beauce_5_sa_028;organique_beauce_5;BTH;;FERTI;;0.0;0.0;;;;;;AN;mineral;N;;9.0;9.0;0.0;0.0;;;;;;;;;;;;
2022;231;beauce_5_sa_028;organique_beauce_5;BTH;;TRAVAIL_SOL;travail_sol_1;0.0;16.4;;;;;;;;;;;;;;;;;;;;;;;;;
2022;221;beauce_5_sa_029;organique_beauce_5;BTH;;RECOLTE;;0.0;0.0;7.72;;;;;;;;;;;;;0.0;6.83;3.0;;;;;;;;;
2022;285;beauce_5_sa_029;organique_beauce_5;BTH;;SEMIS;semis;0.0;1.3;;;;;;;;;;;;;;;;;;;;;;;;;
2022;120;beauce_5_sa_029;organique_beauce_5;BTH;;FERTI;;0.0;0.0;;;;;;AN;mineral;N;;12.6;12.6;0.0;0.0;;;;;;;;;;;;
2022;121;beauce_5_sa_029;organique_beauce_5;BTH;;FERTI;;0.0;0.0;;;;;;AN;mineral;N;;17.2;17.2;0.0;0.0;;;;;;;;;;;;
2022;131;beauce_5_sa_029;organique_beauce_5;BTH;;FERTI;;0.0;0.0;;;;;;AN;mineral;N;;64.8;64.8;0.0;0.0;;;;;;;;;;;;
2022;258;beauce_5_sa_029;organique_beauce_5;BTH;;TRAVAIL_SOL;travail_sol_1;0.0;10.9;;;;;;;;;;;;;;;;;;;;;;;;;
2022;199;beauce_5_sa_030;organique_beauce_5;BTH;;RECOLTE;;0.0;0.0;5.71;;;;;;;;;;;;;0.0;5.05;3.0;;;;;;;;;
2022;294;beauce_5_sa_030;organique_beauce_5;BTH;;SEMIS;semis;0.0;1.8;;;;;;;;;;;;;;;;;;;;;;;;;
2022;107;beauce_5_sa_030;organique_beauce_5;BTH;;FERTI;;0.0;0.0;;;;;;AN;mineral;N;;1.9;1.9;0.0;0.0;;;;;;;;;;;;
2022;257;beauce_5_sa_030;organique_beauce_5;BTH;;TRAVAIL_SOL;travail_sol_1;0.0;22.7;;;;;;;;;;;;;;;;;;;;;;;;;
2022;264;beauce_5_sa_030;organique_beauce_5;BTH;;TRAVAIL_SOL;une_reprise;0.0;24.6;;;;;;;;;;;;;;;;;;;;;;;;;
2022;209;beauce_5_sa_031;organique_beauce_5;BTH;;RECOLTE;;0.0;0.0;5.53;;;;;;;;;;;;;0.0;4.89;3.0;;;;;;;;;
2022;318;beauce_5_sa_031;organique_beauce_5;BTH;;SEMIS;semis;0.0;1.6;;;;;;;;;;;;;;;;;;;;;;;;;
2022;274;beauce_5_sa_031;organique_beauce_5;BTH;;TRAVAIL_SOL;travail_sol_1;0.0;11.8;;;;;;;;;;;;;;;;;;;;;;;;;
2022;281;beauce_5_sa_031;organique_beauce_5;BTH;;TRAVAIL_SOL;une_reprise;0.0;13.8;;;;;;;;;;;;;;;;;;;;;;;;;
2022;203;beauce_5_sa_032;organique_beauce_5;BTH;;RECOLTE;;0.0;0.0;5.42;;;;;;;;;;;;;0.0;4.79;3.0;;;;;;;;;
2022;271;beauce_5_sa_032;organique_beauce_5;BTH;;SEMIS;semis;0.0;2.4;;;;;;;;;;;;;;;;;;;;;;;;;
2022;245;beauce_5_sa_032;organique_beauce_5;BTH;;TRAVAIL_SOL;travail_sol_1;0.0;8.5;;;;;;;;;;;;;;;;;;;;;;;;;
2022;252;beauce_5_sa_032;organique_beauce_5;BTH;;TRAVAIL_SOL;une_reprise;0.0;11.2;;;;;;;;;;;;;;;;;;;;;;;;;
2022;212;beauce_5_sa_033;organique_beauce_5;BTH;;RECOLTE;;0.0;0.0;7.29;;;;;;;;;;;;;0.0;6.45;3.0;;;;;;;;;
2022;281;beauce_5_sa_033;organique_beauce_5;BTH;;SEMIS;semis;0.0;2.2;;;;;;;;;;;;;;;;;;;;;;;;;
2022;117;beauce_5_sa_033;organique_beauce_5;BTH;;FERTI;;0.0;0.0;;;;;;AN;mineral;N;;79.9;79.9;0.0;0.0;;;;;;;;;;;;
2022;118;beauce_5_sa_033;organique_beauce_5;BTH;;FERTI;;0.0;0.0;;;;;;AN;mineral;N;;2.4;2.4;0.0;0.0;;;;;;;;;;;;
2022;269;beauce_5_sa_033;organique_beauce_5;BTH;;TRAVAIL_SOL;travail_sol_1;0.0;11.5;;;;;;;;;;;;;;;;;;;;;;;;;
2022;276;beauce_5_sa_033;organique_beauce_5;BTH;;TRAVAIL_SOL;une_reprise;0.0;15.5;;;;;;;;;;;;;;;;;;;;;;;;;
2022;184;beauce_5_sa_034;organique_beauce_5;BTH;;RECOLTE;;0.0;0.0;7.09;;;;;;;;;;;;;0.0;6.27;3.0;;;;;;;;;
2022;316;beauce_5_sa_034;organique_beauce_5;BTH;;SEMIS;semis;0.0;3.6;;;;;;;;;;;;;;;;;;;;;;;;;
2022;64;beauce_5_sa_034;organique_beauce_5;BTH;;FERTI;;0.0;0.0;;;;;;AN;mineral;N;;12.1;12.1;0.0;0.0;;;;;;;;;;;;
2022;130;beauce_5_sa_034;organique_beauce_5;BTH;;FERTI;;0.0;0.0;;;;;;AN;mineral;N;;18.8;18.8;0.0;0.0;;;;;;;;;;;;
2022;298;beauce_5_sa_034;organique_beauce_5;BTH;;TRAVAIL_SOL;travail_sol_1;0.0;20.6;;;;;;;;;;;;;;;;;;;;;;;;;
2022;225;beauce_5_sa_035;organique_beauce_5;BTH;;RECOLTE;;0.0;0.0;6.01;;;;;;;;;;;;;0.0;5.32;3.0;;;;;;;;;
2022;311;beauce_5_sa_035;organique_beauce_5;BTH;;SEMIS;semis;0.0;2.5;;;;;;;;;;;;;;;;;;;;;;;;;
2022;80;beauce_5_sa_035;organique_beauce_5;BTH;;FERTI;;0.0;0.0;;;;;;AN;mineral;N;;2.4;2.4;0.0;0.0;;;;;;;;;;;;
2022;98;beauce_5_sa_035;organique_beauce_5;BTH;;FERTI;;0.0;0.0;;;;;;AN;mineral;N;;9.2;9.2;0.0;0.0;;;;;;;;;;;;
2022;278;beauce_5_sa_035;organique_beauce_5;BTH;;TRAVAIL_SOL;travail_sol_1;0.0;6.1;;;;;;;;;;;;;;;;;;;;;;;;;
2022;222;beauce_5_sa_036;organique_beauce_5;BTH;;RECOLTE;;0.0;0.0;7.81;;;;;;;;;;;;;0.0;6.91;3.0;;;;;;;;;
2022;304;beauce_5_sa_036;organique_beauce_5;BTH;;SEMIS;semis;0.0;3.5;;;;;;;;;;;;;;;;;;;;;;;;;
2022;131;beauce_5_sa_036;organique_beauce_5;BTH;;FERTI;;0.0;0.0;;;;;;AN;mineral;N;;90.6;90.6;0.0;0.0;;;;;;;;;;;;
2022;165;beauce_5_sa_036;organique_beauce_5;BTH;;FERTI;;0.0;0.0;;;;;;AN;mineral;N;;12.6;12.6;0.0;0.0;;;;;;;;;;;;
2022;166;beauce_5_sa_036;organique_beauce_5;BTH;;FERTI;;0.0;0.0;;;;;;AN;mineral;N;;3.2;3.2;0.0;0.0;;;;;;;;;;;;
2022;275;beauce_5_sa_036;organique_beauce_5;BTH;;TRAVAIL_SOL;travail_sol_1;0.0;19.3;;;;;;;;;;;;;;;;;;;;;;;;;
2022;172;beauce_5_sa_037;organique_beauce_5;BTH;;RECOLTE;;0.0;0.0;6.4;;;;;;;;;;;;;0.0;5.66;3.0;;;;;;;;;
2022;313;beauce_5_sa_037;organique_beauce_5;BTH;;SEMIS;semis;0.0;1.8;;;;;;;;;;;;;;;;;;;;;;;;;
2022;84;beauce_5_sa_037;organique_beauce_5;BTH;;FERTI;;0.0;0.0;;;;;;AN;mineral;N;;3.5;3.5;0.0;0.0;;;;;;;;;;;;
2022;170;beauce_5_sa_038;organique_beauce_5;BTH;;RECOLTE;;0.0;0.0;7.91;;;;;;;;;;;;;0.0;7.0;3.0;;;;;;;;;
2022;285;beauce_5_sa_038;organique_beauce_5;BTH;;SEMIS;semis;0.0;2.9;;;;;;;;;;;;;;;;;;;;;;;;;
2022;95;beauce_5_sa_038;organique_beauce_5;BTH;;FERTI;;0.0;0.0;;;;;;AN;mineral;N;;10.6;10.6;0.0;0.0;;;;;;;;;;;;
2022;151;beauce_5_sa_038;organique_beauce_5;BTH;;FERTI;;0.0;0.0;;;;;;AN;mineral;N;;44.4;44.4;0.0;0.0;;;;;;;;;;;;
2022;163;beauce_5_sa_038;organique_beauce_5;BTH;;FERTI;;0.0;0.0;;;;;;AN;mineral;N;;10.3;10.3;0.0;0.0;;;;;;;;;;;;
2022;175;beauce_5_sa_039;organique_beauce_5;BTH;;RECOLTE;;0.0;0.0;6.0;;;;;;;;;;;;;0.0;5.31;3.0;;;;;;;;;
2022;270;beauce_5_sa_039;organique_beauce_5;BTH;;SEMIS;semis;0.0;2.7;;;;;;;;;;;;;;;;;;;;;;;;;
2022;23;beauce_5_sa_039;organique_beauce_5;BTH;;FERTI;;0.0;0.0;;;;;;AN;mineral;N;;3.1;3.1;0.0;0.0;;;;;;;;;;;;
2022;229;beauce_5_sa_039;organique_beauce_5;BTH;;TRAVAIL_SOL;travail_sol_1;0.0;10.5;;;;;;;;;;;;;;;;;;;;;;;;;
2022;236;beauce_5_sa_039;organique_beauce_5;BTH;;TRAVAIL_SOL;une_reprise;0.0;16.3;;;;;;;;;;;;;;;;;;;;;;;;;
2022;176;beauce_5_sa_040;organique_beauce_5;BTH;;RECOLTE;;0.0;0.0;6.18;;;;;;;;;;;;;0.0;5.47;3.0;;;;;;;;;
2022;293;beauce_5_sa_040;organique_beauce_5;BTH;;SEMIS;semis;0.0;2.4;;;;;;;;;;;;;;;;;;;;;;;;;
2022;181;beauce_5_sa_041;organique_beauce_5;BTH;;RECOLTE;;0.0;0.0;5.89;;;;;;;;;;;;;0.0;5.21;3.0;;;;;;;;;
2022;287;beauce_5_sa_041;organique_beauce_5;BTH;;SEMIS;semis;0.0;3.5;;;;;;;;;;;;;;;;;;;;;;;;;
2022;258;beauce_5_sa_041;organique_beauce_5;BTH;;TRAVAIL_SOL;travail_sol_1;0.0;1.0;;;;;;;;;;;;;;;;;;;;;;;;;
2022;265;beauce_5_sa_041;organique_beauce_5;BTH;;TRAVAIL_SOL;une_reprise;0.0;11.5;;;;;;;;;;;;;;;;;;;;;;;;;
2022;185;beauce_5_sa_042;organique_beauce_5;BTH;;RECOLTE;;0.0;0.0;6.88;;;;;;;;;;;;;0.0;6.09;3.0;;;;;;;;;
2022;296;beauce_5_sa_042;organique_beauce_5;BTH;;SEMIS;semis;0.0;2.2;;;;;;;;;;;;;;;;;;;;;;;;;
2022;29;beauce_5_sa_042;organique_beauce_5;BTH;;FERTI;;0.0;0.0;;;;;;AN;mineral;N;;2.3;2.3;0.0;0.0;;;;;;;;;;;;
2022;138;beauce_5_sa_042;organique_beauce_5;BTH;;FERTI;;0.0;0.0;;;;;;AN;mineral;N;;18.5;18.5;0.0;0.0;;;;;;;;;;;;
2022;262;beauce_5_sa_042;organique_beauce_5;BTH;;TRAVAIL_SOL;travail_sol_1;0.0;6.7;;;;;;;;;;;;;;;;;;;;;;;;;
2022;269;beauce_5_sa_042;organique_beauce_5;BTH;;TRAVAIL_SOL;une_reprise;0.0;18.9;;;;;;;;;;;;;;;;;;;;;;;;;
2022;217;beauce_5_sa_043;organique_beauce_5;BTH;;RECOLTE;;0.0;0.0;8.77;;;;;;;;;;;;;0.0;7.76;3.0;;;;;;;;;
2022;309;beauce_5_sa_043;organique_beauce_5;BTH;;SEMIS;semis;0.0;3.6;;;;;;;;;;;;;;;;;;;;;;;;;
2022;77;beauce_5_sa_043;organique_beauce_5;BTH;;FERTI;;0.0;0.0;;;;;;AN;mineral;N;;34.3;34.3;0.0;0.0;;;;;;;;;;;;
2022;364;beauce_5_sa_043;organique_beauce_5;BTH;;FERTI;;0.0;0.0;;;;;;AN;mineral;N;;56.9;56.9;0.0;0.0;;;;;;;;;;;;
2022;287;beauce_5_sa_043;organique_beauce_5;BTH;;TRAVAIL_SOL;travail_sol_1;0.0;9.5;;;;;;;;;;;;;;;;;;;;;;;;;
2022;215;beauce_5_sa_044;organique_beauce_5;BTH;;RECOLTE;;0.0;0.0;5.3;;;;;;;;;;;;;0.0;4.69;3.0;;;;;;;;;
2022;273;beauce_5_sa_044;organique_beauce_5;BTH;;SEMIS;semis;0.0;1.3;;;;;;;;;;;;;;;;;;;;;;;;;
2022;262;beauce_5_sa_044;organique_beauce_5;BTH;;TRAVAIL_SOL;travail_sol_1;0.0;20.4;;;;;;;;;;;;;;;;;;;;;;;;;
2022;181;beauce_5_sa_045;organique_beauce_5;BTH;;RECOLTE;;0.0;0.0;7.46;;;;;;;;;;;;;0.0;6.6;3.0;;;;;;;;;
2022;285;beauce_5_sa_045;organique_beauce_5;BTH;;SEMIS;semis;0.0;2.4;;;;;;;;;;;;;;;;;;;;;;;;;
2022;154;beauce_5_sa_045;organique_beauce_5;BTH;;FERTI;;0.0;0.0;;;;;;AN;mineral;N;;23.2;23.2;0.0;0.0;;;;;;;;;;;;
2022;155;beauce_5_sa_045;organique_beauce_5;BTH;;FERTI;;0.0;0.0;;;;;;AN;mineral;N;;6.1;6.1;0.0;0.0;;;;;;;;;;;;
2022;358;beauce_5_sa_045;organique_beauce_5;BTH;;FERTI;;0.0;0.0;;;;;;AN;mineral;N;;11.3;11.3;0.0;0.0;;;;;;;;;;;;
2022;227;beauce_5_sa_046;organique_beauce_5;BTH;;RECOLTE;;0.0;0.0;5.03;;;;;;;;;;;;;0.0;4.45;3.0;;;;;;;;;
2022;272;beauce_5_sa_046;organique_beauce_5;BTH;;SEMIS;semis;0.0;3.0;;;;;;;;;;;;;;;;;;;;;;;;;
2022;179;beauce_5_sa_047;organique_beauce_5;BTH;;RECOLTE;;0.0;0.0;7.45;;;;;;;;;;;;;0.0;6.59;3.0;;;;;;;;;
2022;279;beauce_5_sa_047;organique_beauce_5;BTH;;SEMIS;semis;0.0;3.5;;;;;;;;;;;;;;;;;;;;;;;;;
2022;326;beauce_5_sa_047;organique_beauce_5;BTH;;FERTI;;0.0;0.0;;;;;;AN;mineral;N;;49.6;49.6;0.0;0.0;;;;;;;;;;;;
2022;242;beauce_5_sa_047;organique_beauce_5;BTH;;TRAVAIL_SOL;travail_sol_1;0.0;17.3;;;;;;;;;;;;;;;;;;;;;;;;;
2022;249;beauce_5_sa_047;organique_beauce_5;BTH;;TRAVAIL_SOL;une_reprise;0.0;6.4;;;;;;;;;;;;;;;;;;;;;;;;;
2022;185;beauce_5_sa_048;organique_beauce_5;BTH;;RECOLTE;;0.0;0.0;9.0;;;;;;;;;;;;;0.0;7.96;3.0;;;;;;;;;
2022;288;beauce_5_sa_048;organique_beauce_5;BTH;;SEMIS;semis;0.0;3.9;;;;;;;;;;;;;;;;;;;;;;;;;
2022;2;beauce_5_sa_048;organique_beauce_5;BTH;;FERTI;;0.0;0.0;;;;;;AN;mineral;N;;76.7;76.7;0.0;0.0;;;;;;;;;;;;
2022;104;beauce_5_sa_048;organique_beauce_5;BTH;;FERTI;;0.0;0.0;;;;;;AN;mineral;N;;97.7;97.7;0.0;0.0;;;;;;;;;;;;
2022;113;beauce_5_sa_048;organique_beauce_5;BTH;;FERTI;;0.0;0.0;;;;;;AN;mineral;N;;1.9;1.9;0.0;0.0;;;;;;;;;;;;
2022;249;beauce_5_sa_048;organique_beauce_5;BTH;;TRAVAIL_SOL;travail_sol_1;0.0;15.1;;;;;;;;;;;;;;;;;;;;;;;;;
2022;256;beauce_5_sa_048;organique_beauce_5;BTH;;TRAVAIL_SOL;une_reprise;0.0;8.8;;;;;;;;;;;;;;;;;;;;;;;;;
2022;190;beauce_5_sa_049;organique_beauce_5;BTH;;RECOLTE;;0.0;0.0;7.03;;;;;;;;;;;;;0.0;6.22;3.0;;;;;;;;;
2022;293;beauce_5_sa_049;organique_beauce_5;BTH;;SEMIS;semis;0.0;2.0;;;;;;;;;;;;;;;;;;;;;;;;;
2022;144;beauce_5_sa_049;organique_beauce_5;BTH;;FERTI;;0.0;0.0;;;;;;AN;mineral;N;;36.0;36.0;0.0;0.0;;;;;;;;;;;;
2022;145;beauce_5_sa_049;organique_beauce_5;BTH;;FERTI;;0.0;0.0;;;;;;AN;mineral;N;;2.6;2.6;0.0;0.0;;;;;;;;;;;;
2022;146;beauce_5_sa_049;organique_beauce_5;BTH;;FERTI;;0.0;0.0;;;;;;AN;mineral;N;;6.8;6.8;0.0;0.0;;;;;;;;;;;;
2022;224;beauce_5_sa_050;organique_beauce_5;BTH;;RECOLTE;;0.0;0.0;6.18;;;;;;;;;;;;;0.0;5.47;3.0;;;;;;;;;
2022;313;beauce_5_sa_050;organique_beauce_5;BTH;;SEMIS;semis;0.0;1.1;;;;;;;;;;;;;;;;;;;;;;;;;
2022;87;beauce_5_sa_050;organique_beauce_5;BTH;;FERTI;;0.0;0.0;;;;;;AN;mineral;N;;16.7;16.7;0.0;0.0;;;;;;;;;;;;
2022;189;beauce_5_sa_051;organique_beauce_5;BTH;;RECOLTE;;0.0;0.0;7.6;;;;;;;;;;;;;0.0;6.72;3.0;;;;;;;;;
2022;259;beauce_5_sa_051;organique_beauce_5;BTH;;SEMIS;semis;0.0;3.6;;;;;;;;;;;;;;;;;;;;;;;;;
2022;74;beauce_5_sa_051;organique_beauce_5;BTH;;FERTI;;0.0;0.0;;;;;;AN;mineral;N;;87.8;87.8;0.0;0.0;;;;;;;;;;;;
2022;99;beauce_5_sa_051;organique_beauce_5;BTH;;FERTI;;0.0;0.0;;;;;;AN;mineral;N;;1.1;1.1;0.0;0.0;;;;;;;;;;;;
2022;164;beauce_5_sa_051;organique_beauce_5;BTH;;FERTI;;0.0;0.0;;;;;;AN;mineral;N;;1.1;1.1;0.0;0.0;;;;;;;;;;;;
2022;253;beauce_5_sa_051;organique_beauce_5;BTH;;TRAVAIL_SOL;travail_sol_1;0.0;24.5;;;;;;;;;;;;;;;;;;;;;;;;;
2022;173;beauce_5_sa_052;organique_beauce_5;BTH;;RECOLTE;;0.0;0.0;6.09;;;;;;;;;;;;;0.0;5.39;3.0;;;;;;;;;
2022;260;beauce_5_sa_052;organique_beauce_5;BTH;;SEMIS;semis;0.0;1.8;;;;;;;;;;;;;;;;;;;;;;;;;
2022;28;beauce_5_sa_052;organique_beauce_5;BTH;;FERTI;;0.0;0.0;;;;;;AN;mineral;N;;9.7;9.7;0.0;0.0;;;;;;;;;;;;
2022;58;beauce_5_sa_052;organique_beauce_5;BTH;;FERTI;;0.0;0.0;;;;;;AN;mineral;N;;1.4;1.4;0.0;0.0;;;;;;;;;;;;
2022;230;beauce_5_sa_052;organique_beauce_5;BTH;;TRAVAIL_SOL;travail_sol_1;0.0;22.0;;;;;;;;;;;;;;;;;;;;;;;;;
2022;237;beauce_5_sa_052;organique_beauce_5;BTH;;TRAVAIL_SOL;une_reprise;0.0;23.3;;;;;;;;;;;;;;;;;;;;;;;;;
2022;173;beauce_5_sa_053;organique_beauce_5;BTH;;RECOLTE;;0.0;0.0;6.13;;;;;;;;;;;;;0.0;5.42;3.0;;;;;;;;;
2022;315;beauce_5_sa_053;organique_beauce_5;BTH;;SEMIS;semis;0.0;3.0;;;;;;;;;;;;;;;;;;;;;;;;;
2022;12;beauce_5_sa_053;organique_beauce_5;BTH;;FERTI;;0.0;0.0;;;;;;AN;mineral;N;;1.5;1.5;0.0;0.0;;;;;;;;;;;;
2022;114;beauce_5_sa_053;organique_beauce_5;BTH;;FERTI;;0.0;0.0;;;;;;AN;mineral;N;;11.3;11.3;0.0;0.0;;;;;;;;;;;;
2022;198;beauce_5_sa_054;organique_beauce_5;BTH;;RECOLTE;;0.0;0.0;8.96;;;;;;;;;;;;;0.0;7.93;3.0;;;;;;;;;
2022;312;beauce_5_sa_054;organique_beauce_5;BTH;;SEMIS;semis;0.0;1.9;;;;;;;;;;;;;;;;;;;;;;;;;
2022;32;beauce_5_sa_054;organique_beauce_5;BTH;;FERTI;;0.0;0.0;;;;;;AN;mineral;N;;7.8;7.8;0.0;0.0;;;;;;;;;;;;
2022;97;beauce_5_sa_054;organique_beauce_5;BTH;;FERTI;;0.0;0.0;;;;;;AN;mineral;N;;78.2;78.2;0.0;0.0;;;;;;;;;;;;
2022;143;beauce_5_sa_054;organique_beauce_5;BTH;;FERTI;;0.0;0.0;;;;;;AN;mineral;N;;84.8;84.8;0.0;0.0;;;;;;;;;;;;
2022;204;beauce_5_sa_055;organique_beauce_5;BTH;;RECOLTE;;0.0;0.0;6.93;;;;;;;;;;;;;0.0;6.13;3.0;;;;;;;;;
2022;276;beauce_5_sa_055;organique_beauce_5;BTH;;SEMIS;semis;0.0;3.4;;;;;;;;;;;;;;;;;;;;;;;;;
2022;144;beauce_5_sa_055;organique_beauce_5;BTH;;FERTI;;0.0;0.0;;;;;;AN;mineral;N;;24.8;24.8;0.0;0.0;;;;;;;;;;;;
2022;145;beauce_5_sa_055;organique_beauce_5;BTH;;FERTI;;0.0;0.0;;;;;;AN;mineral;N;;20.1;20.1;0.0;0.0;;;;;;;;;;;;
2022;146;beauce_5_sa_055;organique_beauce_5;BTH;;FERTI;;0.0;0.0;;;;;;AN;mineral;N;;19.8;19.8;0.0;0.0;;;;;;;;;;;;
2022;260;beauce_5_sa_055;organique_beauce_5;BTH;;TRAVAIL_SOL;travail_sol_1;0.0;7.3;;;;;;;;;;;;;;;;;;;;;;;;;
2022;221;beauce_5_sa_056;organique_beauce_5;BTH;;RECOLTE;;0.0;0.0;5.28;;;;;;;;;;;;;0.0;4.67;3.0;;;;;;;;;
2022;263;beauce_5_sa_056;organique_beauce_5;BTH;;SEMIS;semis;0.0;1.8;;;;;;;;;;;;;;;;;;;;;;;;;
2022;98;beauce_5_sa_056;organique_beauce_5;BTH;;FERTI;;0.0;0.0;;;;;;AN;mineral;N;;1.1;1.1;0.0;0.0;;;;;;;;;;;;
2022;330;beauce_5_sa_056;organique_beauce_5;BTH;;FERTI;;0.0;0.0;;;;;;AN;mineral;N;;1.1;1.1;0.0;0.0;;;;;;;;;;;;
2022;241;beauce_5_sa_056;organique_beauce_5;BTH;;TRAVAIL_SOL;travail_sol_1;0.0;3.9;;;;;;;;;;;;;;;;;;;;;;;;;
2022;248;beauce_5_sa_056;organique_beauce_5;BTH;;TRAVAIL_SOL;une_reprise;0.0;21.0;;;;;;;;;;;;;;;;;;;;;;;;;
2022;215;beauce_5_sa_057;organique_beauce_5;BTH;;RECOLTE;;0.0;0.0;5.52;;;;;;;;;;;;;0.0;4.88;3.0;;;;;;;;;
2022;295;beauce_5_sa_057;organique_beauce_5;BTH;;SEMIS;semis;0.0;1.1;;;;;;;;;;;;;;;;;;;;;;;;;
2022;74;beauce_5_sa_057;organique_beauce_5;BTH;;FERTI;;0.0;0.0;;;;;;AN;mineral;N;;2.9;2.9;0.0;0.0;;;;;;;;;;;;
2022;277;beauce_5_sa_057;organique_beauce_5;BTH;;TRAVAIL_SOL;travail_sol_1;0.0;14.3;;;;;;;;;;;;;;;;;;;;;;;;;
2022;184;beauce_5_sa_058;organique_beauce_5;BTH;;RECOLTE;;0.0;0.0;5.57;;;;;;;;;;;;;0.0;4.92;3.0;;;;;;;;;
2022;264;beauce_5_sa_058;organique_beauce_5;BTH;;SEMIS;semis;0.0;3.1;;;;;;;;;;;;;;;;;;;;;;;;;
2022;27;beauce_5_sa_058;organique_beauce_5;BTH;;FERTI;;0.0;0.0;;;;;;AN;mineral;N;;1.3;1.3;0.0;0.0;;;;;;;;;;;;
2022;251;beauce_5_sa_058;organique_beauce_5;BTH;;TRAVAIL_SOL;travail_sol_1;0.0;4.5;;;;;;;;;;;;;;;;;;;;;;;;;
2022;258;beauce_5_sa_058;organique_beauce_5;BTH;;TRAVAIL_SOL;une_reprise;0.0;3.4;;;;;;;;;;;;;;;;;;;;;;;;;
2022;200;beauce_5_sa_059;organique_beauce_5;BTH;;RECOLTE;;0.0;0.0;5.94;;;;;;;;;;;;;0.0;5.25;3.0;;;;;;;;;
2022;266;beauce_5_sa_059;organique_beauce_5;BTH;;SEMIS;semis;0.0;2.7;;;;;;;;;;;;;;;;;;;;;;;;;
2022;111;beauce_5_sa_059;organique_beauce_5;BTH;;FERTI;;0.0;0.0;;;;;;AN;mineral;N;;6.4;6.4;0.0;0.0;;;;;;;;;;;;
2022;231;beauce_5_sa_059;organique_beauce_5;BTH;;TRAVAIL_SOL;travail_sol_1;0.0;23.1;;;;;;;;;;;;;;;;;;;;;;;;;
2022;238;beauce_5_sa_059;organique_beauce_5;BTH;;TRAVAIL_SOL;une_reprise;0.0;10.9;;;;;;;;;;;;;;;;;;;;;;;;;
2022;183;beauce_5_sa_060;organique_beauce_5;BTH;;RECOLTE;;0.0;0.0;5.87;;;;;;;;;;;;;0.0;5.19;3.0;;;;;;;;;
2022;290;beauce_5_sa_060;organique_beauce_5;BTH;;SEMIS;semis;0.0;1.8;;;;;;;;;;;;;;;;;;;;;;;;;
2022;282;beauce_5_sa_060;organique_beauce_5;BTH;;TRAVAIL_SOL;travail_sol_1;0.0;3.5;;;;;;;;;;;;;;;;;;;;;;;;;
2022;175;beauce_5_sa_061;organique_beauce_5;BTH;;RECOLTE;;0.0;0.0;7.48;;;;;;;;;;;;;0.0;6.62;3.0;;;;;;;;;
2022;285;beauce_5_sa_061;organique_beauce_5;BTH;;SEMIS;semis;0.0;2.5;;;;;;;;;;;;;;;;;;;;;;;;;
2022;139;beauce_5_sa_061;organique_beauce_5;BTH;;FERTI;;0.0;0.0;;;;;;AN;mineral;N;;26.8;26.8;0.0;0.0;;;;;;;;;;;;
2022;140;beauce_5_sa_061;organique_beauce_5;BTH;;FERTI;;0.0;0.0;;;;;;AN;mineral;N;;10.7;10.7;0.0;0.0;;;;;;;;;;;;
2022;208;beauce_5_sa_062;organique_beauce_5;BTH;;RECOLTE;;0.0;0.0;5.37;;;;;;;;;;;;;0.0;4.75;3.0;;;;;;;;;
2022;290;beauce_5_sa_062;organique_beauce_5;BTH;;SEMIS;semis;0.0;3.3;;;;;;;;;;;;;;;;;;;;;;;;;
2022;279;beauce_5_sa_062;organique_beauce_5;BTH;;TRAVAIL_SOL;travail_sol_1;0.0;16.3;;;;;;;;;;;;;;;;;;;;;;;;;
2022;286;beauce_5_sa_062;organique_beauce_5;BTH;;TRAVAIL_SOL;une_reprise;0.0;14.6;;;;;;;;;;;;;;;;;;;;;;;;;
2022;200;beauce_5_sa_063;organique_beauce_5;BTH;;RECOLTE;;0.0;0.0;6.58;;;;;;;;;;;;;0.0;5.82;3.0;;;;;;;;;
2022;291;beauce_5_sa_063;organique_beauce_5;BTH;;SEMIS;semis;0.0;2.4;;;;;;;;;;;;;;;;;;;;;;;;;
2022;23;beauce_5_sa_063;organique_beauce_5;BTH;;FERTI;;0.0;0.0;;;;;;AN;mineral;N;;19.0;19.0;0.0;0.0;;;;;;;;;;;;
2022;265;beauce_5_sa_063;organique_beauce_5;BTH;;TRAVAIL_SOL;travail_sol_1;0.0;9.2;;;;;;;;;;;;;;;;;;;;;;;;;
2022;203;beauce_5_sa_064;organique_beauce_5;BTH;;RECOLTE;;0.0;0.0;5.8;;;;;;;;;;;;;0.0;5.13;3.0;;;;;;;;;
2022;311;beauce_5_sa_064;organique_beauce_5;BTH;;SEMIS;semis;0.0;3.8;;;;;;;;;;;;;;;;;;;;;;;;;
2022;67;beauce_5_sa_064;organique_beauce_5;BTH;;FERTI;;0.0;0.0;;;;;;AN;mineral;N;;1.2;1.2;0.0;0.0;;;;;;;;;;;;
2022;155;beauce_5_sa_064;organique_beauce_5;BTH;;FERTI;;0.0;0.0;;;;;;AN;mineral;N;;1.0;1.0;0.0;0.0;;;;;;;;;;;;
2022;270;beauce_5_sa_064;organique_beauce_5;BTH;;TRAVAIL_SOL;travail_sol_1;0.0;5.5;;;;;;;;;;;;;;;;;;;;;;;;;
2022;191;beauce_5_sa_065;organique_beauce_5;BTH;;RECOLTE;;0.0;0.0;5.88;;;;;;;;;;;;;0.0;5.2;3.0;;;;;;;;;
2022;309;beauce_5_sa_065;organique_beauce_5;BTH;;SEMIS;semis;0.0;1.8;;;;;;;;;;;;;;;;;;;;;;;;;
2022;149;beauce_5_sa_065;organique_beauce_5;BTH;;FERTI;;0.0;0.0;;;;;;AN;mineral;N;;1.4;1.4;0.0;0.0;;;;;;;;;;;;
2022;150;beauce_5_sa_065;organique_beauce_5;BTH;;FERTI;;0.0;0.0;;;;;;AN;mineral;N;;1.7;1.7;0.0;0.0;;;;;;;;;;;;
2022;288;beauce_5_sa_065;organique_beauce_5;BTH;;TRAVAIL_SOL;travail_sol_1;0.0;11.3;;;;;;;;;;;;;;;;;;;;;;;;;
2022;295;beauce_5_sa_065;organique_beauce_5;BTH;;TRAVAIL_SOL;une_reprise;0.0;16.5;;;;;;;;;;;;;;;;;;;;;;;;;
2022;207;beauce_5_sa_066;organique_beauce_5;BTH;;RECOLTE;;0.0;0.0;5.48;;;;;;;;;;;;;0.0;4.85;3.0;;;;;;;;;
2022;263;beauce_5_sa_066;organique_beauce_5;BTH;;SEMIS;semis;0.0;3.7;;;;;;;;;;;;;;;;;;;;;;;;;
2022;194;beauce_5_sa_067;organique_beauce_5;BTH;;RECOLTE;;0.0;0.0;6.67;;;;;;;;;;;;;0.0;5.9;3.0;;;;;;;;;
2022;264;beauce_5_sa_067;organique_beauce_5;BTH;;SEMIS;semis;0.0;3.3;;;;;;;;;;;;;;;;;;;;;;;;;
2022;123;beauce_5_sa_067;organique_beauce_5;BTH;;FERTI;;0.0;0.0;;;;;;AN;mineral;N;;29.9;29.9;0.0;0.0;;;;;;;;;;;;
2022;232;beauce_5_sa_067;organique_beauce_5;BTH;;TRAVAIL_SOL;travail_sol_1;0.0;20.3;;;;;;;;;;;;;;;;;;;;;;;;;
2022;174;beauce_5_sa_068;organique_beauce_5;BTH;;RECOLTE;;0.0;0.0;6.11;;;;;;;;;;;;;0.0;5.41;3.0;;;;;;;;;
2022;286;beauce_5_sa_068;organique_beauce_5;BTH;;SEMIS;semis;0.0;3.1;;;;;;;;;;;;;;;;;;;;;;;;;
2022;208;beauce_5_sa_069;organique_beauce_5;BTH;;RECOLTE;;0.0;0.0;6.27;;;;;;;;;;;;;0.0;5.54;3.0;;;;;;;;;
2022;293;beauce_5_sa_069;organique_beauce_5;BTH;;SEMIS;semis;0.0;2.3;;;;;;;;;;;;;;;;;;;;;;;;;
2022;137;beauce_5_sa_069;organique_beauce_5;BTH;;FERTI;;0.0;0.0;;;;;;AN;mineral;N;;4.2;4.2;0.0;0.0;;;;;;;;;;;;
2022;331;beauce_5_sa_069;organique_beauce_5;BTH;;FERTI;;0.0;0.0;;;;;;AN;mineral;N;;8.4;8.4;0.0;0.0;;;;;;;;;;;;
2022;179;beauce_5_sa_070;organique_beauce_5;BTH;;RECOLTE;;0.0;0.0;7.02;;;;;;;;;;;;;0.0;6.21;3.0;;;;;;;;;
2022;291;beauce_5_sa_070;organique_beauce_5;BTH;;SEMIS;semis;0.0;1.0;;;;;;;;;;;;;;;;;;;;;;;;;
2022;21;beauce_5_sa_070;organique_beauce_5;BTH;;FERTI;;0.0;0.0;;;;;;AN;mineral;N;;10.6;10.6;0.0;0.0;;;;;;;;;;;;
2022;164;beauce_5_sa_070;organique_beauce_5;BTH;;FERTI;;0.0;0.0;;;;;;AN;mineral;N;;18.5;18.5;0.0;0.0;;;;;;;;;;;;
2022;165;beauce_5_sa_070;organique_beauce_5;BTH;;FERTI;;0.0;0.0;;;;;;AN;mineral;N;;3.0;3.0;0.0;0.0;;;;;;;;;;;;
2022;244;beauce_5_sa_070;organique_beauce_5;BTH;;TRAVAIL_SOL;travail_sol_1;0.0;2.4;;;;;;;;;;;;;;;;;;;;;;;;;
2022;251;beauce_5_sa_070;organique_beauce_5;BTH;;TRAVAIL_SOL;une_reprise;0.0;10.4;;;;;;;;;;;;;;;;;;;;;;;;;
2022;213;beauce_5_sa_071;organique_beauce_5;BTH;;RECOLTE;;0.0;0.0;6.69;;;;;;;;;;;;;0.0;5.92;3.0;;;;;;;;;
2022;261;beauce_5_sa_071;organique_beauce_5;BTH;;SEMIS;semis;0.0;3.5;;;;;;;;;;;;;;;;;;;;;;;;;
2022;126;beauce_5_sa_071;organique_beauce_5;BTH;;FERTI;;0.0;0.0;;;;;;AN;mineral;N;;58.6;58.6;0.0;0.0;;;;;;;;;;;;
2022;198;beauce_5_sa_072;organique_beauce_5;BTH;;RECOLTE;;0.0;0.0;6.58;;;;;;;;;;;;;0.0;5.82;3.0;;;;;;;;;
2022;304;beauce_5_sa_072;organique_beauce_5;BTH;;SEMIS;semis;0.0;1.1;;;;;;;;;;;;;;;;;;;;;;;;;
2022;67;beauce_5_sa_072;organique_beauce_5;BTH;;FERTI;;0.0;0.0;;;;;;AN;mineral;N;;22.2;22.2;0.0;0.0;;;;;;;;;;;;
2022;288;beauce_5_sa_072;organique_beauce_5;BTH;;TRAVAIL_SOL;travail_sol_1;0.0;9.3;;;;;;;;;;;;;;;;;;;;;;;;;
2022;209;beauce_5_sa_073;organique_beauce_5;BTH;;RECOLTE;;0.0;0.0;6.33;;;;;;;;;;;;;0.0;5.6;3.0;;;;;;;;;
2022;287;beauce_5_sa_073;organique_beauce_5;BTH;;SEMIS;semis;0.0;1.9;;;;;;;;;;;;;;;;;;;;;;;;;
2022;346;beauce_5_sa_073;organique_beauce_5;BTH;;FERTI;;0.0;0.0;;;;;;AN;mineral;N;;5.2;5.2;0.0;0.0;;;;;;;;;;;;
2022;175;beauce_5_sa_074;organique_beauce_5;BTH;;RECOLTE;;0.0;0.0;6.51;;;;;;;;;;;;;0.0;5.76;3.0;;;;;;;;;
2022;305;beauce_5_sa_074;organique_beauce_5;BTH;;SEMIS;semis;0.0;2.6;;;;;;;;;;;;;;;;;;;;;;;;;
2022;212;beauce_5_sa_075;organique_beauce_5;BTH;;RECOLTE;;0.0;0.0;5.75;;;;;;;;;;;;;0.0;5.09;3.0;;;;;;;;;
2022;297;beauce_5_sa_075;organique_beauce_5;BTH;;SEMIS;semis;0.0;2.8;;;;;;;;;;;;;;;;;;;;;;;;;
2022;208;beauce_5_sa_076;organique_beauce_5;BTH;;RECOLTE;;0.0;0.0;7.16;;;;;;;;;;;;;0.0;6.33;3.0;;;;;;;;;
2022;286;beauce_5_sa_076;organique_beauce_5;BTH;;SEMIS;semis;0.0;3.4;;;;;;;;;;;;;;;;;;;;;;;;;
2022;170;beauce_5_sa_076;organique_beauce_5;BTH;;FERTI;;0.0;0.0;;;;;;AN;mineral;N;;1.5;1.5;0.0;0.0;;;;;;;;;;;;
2022;171;beauce_5_sa_076;organique_beauce_5;BTH;;FERTI;;0.0;0.0;;;;;;AN;mineral;N;;72.9;72.9;0.0;0.0;;;;;;;;;;;;
2022;221;beauce_5_sa_077;organique_beauce_5;BTH;;RECOLTE;;0.0;0.0;5.33;;;;;;;;;;;;;0.0;4.72;3.0;;;;;;;;;
2022;278;beauce_5_sa_077;organique_beauce_5;BTH;;SEMIS;semis;0.0;2.1;;;;;;;;;;;;;;;;;;;;;;;;;
2022;256;beauce_5_sa_077;organique_beauce_5;BTH;;TRAVAIL_SOL;travail_sol_1;0.0;15.3;;;;;;;;;;;;;;;;;;;;;;;;;
2022;263;beauce_5_sa_077;organique_beauce_5;BTH;;TRAVAIL_SOL;une_reprise;0.0;13.3;;;;;;;;;;;;;;;;;;;;;;;;;
2022;177;beauce_5_sa_078;organique_beauce_5;BTH;;RECOLTE;;0.0;0.0;7.86;;;;;;;;;;;;;0.0;6.95;3.0;;;;;;;;;
2022;306;beauce_5_sa_078;organique_beauce_5;BTH;;SEMIS;semis;0.0;1.5;;;;;;;;;;;;;;;;;;;;;;;;;
2022;122;beauce_5_sa_078;organique_beauce_5;BTH;;FERTI;;0.0;0.0;;;;;;AN;mineral;N;;70.9;70.9;0.0;0.0;;;;;;;;;;;;
2022;178;beauce_5_sa_079;organique_beauce_5;BTH;;RECOLTE;;0.0;0.0;8.3;;;;;;;;;;;;;0.0;7.34;3.0;;;;;;;;;
2022;273;beauce_5_sa_079;organique_beauce_5;BTH;;SEMIS;semis;0.0;3.8;;;;;;;;;;;;;;;;;;;;;;;;;
2022;364;beauce_5_sa_079;organique_beauce_5;BTH;;FERTI;;0.0;0.0;;;;;;AN;mineral;N;;68.4;68.4;0.0;0.0;;;;;;;;;;;;
2022;226;beauce_5_sa_080;organique_beauce_5;BTH;;RECOLTE;;0.0;0.0;7.02;;;;;;;;;;;;;0.0;6.21;3.0;;;;;;;;;
2022;268;beauce_5_sa_080;organique_beauce_5;BTH;;SEMIS;semis;0.0;2.3;;;;;;;;;;;;;;;;;;;;;;;;;
2022;102;beauce_5_sa_080;organique_beauce_5;BTH;;FERTI;;0.0;0.0;;;;;;AN;mineral;N;;28.3;28.3;0.0;0.0;;;;;;;;;;;;
2022;117;beauce_5_sa_080;organique_beauce_5;BTH;;FERTI;;0.0;0.0;;;;;;AN;mineral;N;;52.2;52.2;0.0;0.0;;;;;;;;;;;;
2022;173;beauce_5_sa_081;organique_beauce_5;BTH;;RECOLTE;;0.0;0.0;5.85;;;;;;;;;;;;;0.0;5.18;3.0;;;;;;;;;
2022;278;beauce_5_sa_081;organique_beauce_5;BTH;;SEMIS;semis;0.0;1.4;;;;;;;;;;;;;;;;;;;;;;;;;
2022;240;beauce_5_sa_081;organique_beauce_5;BTH;;TRAVAIL_SOL;travail_sol_1;0.0;12.1;;;;;;;;;;;;;;;;;;;;;;;;;
2022;228;beauce_5_sa_082;organique_beauce_5;BTH;;RECOLTE;;0.0;0.0;5.37;;;;;;;;;;;;;0.0;4.75;3.0;;;;;;;;;
2022;317;beauce_5_sa_082;organique_beauce_5;BTH;;SEMIS;semis;0.0;2.1;;;;;;;;;;;;;;;;;;;;;;;;;
2022;310;beauce_5_sa_082;organique_beauce_5;BTH;;TRAVAIL_SOL;travail_sol_1;0.0;16.8;;;;;;;;;;;;;;;;;;;;;;;;;
2022;226;beauce_5_sa_083;organique_beauce_5;BTH;;RECOLTE;;0.0;0.0;8.56;;;;;;;;;;;;;0.0;7.58;3.0;;;;;;;;;
2022;309;beauce_5_sa_083;organique_beauce_5;BTH;;SEMIS;semis;0.0;2.5;;;;;;;;;;;;;;;;;;;;;;;;;
2022;60;beauce_5_sa_083;organique_beauce_5;BTH;;FERTI;;0.0;0.0;;;;;;AN;mineral;N;;58.6;58.6;0.0;0.0;;;;;;;;;;;;
2022;102;beauce_5_sa_083;organique_beauce_5;BTH;;FERTI;;0.0;0.0;;;;;;AN;mineral;N;;1.2;1.2;0.0;0.0;;;;;;;;;;;;
2022;146;beauce_5_sa_083;organique_beauce_5;BTH;;FERTI;;0.0;0.0;;;;;;AN;mineral;N;;32.4;32.4;0.0;0.0;;;;;;;;;;;;
2022;225;beauce_5_sa_084;organique_beauce_5;BTH;;RECOLTE;;0.0;0.0;5.16;;;;;;;;;;;;;0.0;4.56;3.0;;;;;;;;;
2022;264;beauce_5_sa_084;organique_beauce_5;BTH;;SEMIS;semis;0.0;2.3;;;;;;;;;;;;;;;;;;;;;;;;;
2022;257;beauce_5_sa_084;organique_beauce_5;BTH;;TRAVAIL_SOL;travail_sol_1;0.0;8.3;;;;;;;;;;;;;;;;;;;;;;;;;
2022;186;beauce_5_sa_085;organique_beauce_5;BTH;;RECOLTE;;0.0;0.0;8.04;;;;;;;;;;;;;0.0;7.12;3.0;;;;;;;;;
2022;315;beauce_5_sa_085;organique_beauce_5;BTH;;SEMIS;semis;0.0;2.5;;;;;;;;;;;;;;;;;;;;;;;;;
2022;144;beauce_5_sa_085;organique_beauce_5;BTH;;FERTI;;0.0;0.0;;;;;;AN;mineral;N;;71.9;71.9;0.0;0.0;;;;;;;;;;;;
2022;145;beauce_5_sa_085;organique_beauce_5;BTH;;FERTI;;0.0;0.0;;;;;;AN;mineral;N;;76.4;76.4;0.0;0.0;;;;;;;;;;;;
2022;305;beauce_5_sa_085;organique_beauce_5;BTH;;TRAVAIL_SOL;travail_sol_1;0.0;14.4;;;;;;;;;;;;;;;;;;;;;;;;;
2022;215;beauce_5_sa_086;organique_beauce_5;BTH;;RECOLTE;;0.0;0.0;5.61;;;;;;;;;;;;;0.0;4.97;3.0;;;;;;;;;
2022;259;beauce_5_sa_086;organique_beauce_5;BTH;;SEMIS;semis;0.0;1.5;;;;;;;;;;;;;;;;;;;;;;;;;
2022;92;beauce_5_sa_086;organique_beauce_5;BTH;;FERTI;;0.0;0.0;;;;;;AN;mineral;N;;1.0;1.0;0.0;0.0;;;;;;;;;;;;
2022;187;beauce_5_sa_087;organique_beauce_5;BTH;;RECOLTE;;0.0;0.0;9.0;;;;;;;;;;;;;0.0;7.96;3.0;;;;;;;;;
2022;303;beauce_5_sa_087;organique_beauce_5;BTH;;SEMIS;semis;0.0;3.0;;;;;;;;;;;;;;;;;;;;;;;;;
2022;74;beauce_5_sa_087;organique_beauce_5;BTH;;FERTI;;0.0;0.0;;;;;;AN;mineral;N;;3.4;3.4;0.0;0.0;;;;;;;;;;;;
2022;75;beauce_5_sa_087;organique_beauce_5;BTH;;FERTI;;0.0;0.0;;;;;;AN;mineral;N;;62.3;62.3;0.0;0.0;;;;;;;;;;;;
2022;102;beauce_5_sa_087;organique_beauce_5;BTH;;FERTI;;0.0;0.0;;;;;;AN;mineral;N;;81.6;81.6;0.0;0.0;;;;;;;;;;;;
2022;225;beauce_5_sa_088;organique_beauce_5;BTH;;RECOLTE;;0.0;0.0;5.85;;;;;;;;;;;;;0.0;5.17;3.0;;;;;;;;;
2022;270;beauce_5_sa_088;organique_beauce_5;BTH;;SEMIS;semis;0.0;2.1;;;;;;;;;;;;;;;;;;;;;;;;;
2022;125;beauce_5_sa_088;organique_beauce_5;BTH;;FERTI;;0.0;0.0;;;;;;AN;mineral;N;;1.3;1.3;0.0;0.0;;;;;;;;;;;;
2022;126;beauce_5_sa_088;organique_beauce_5;BTH;;FERTI;;0.0;0.0;;;;;;AN;mineral;N;;9.7;9.7;0.0;0.0;;;;;;;;;;;;
2022;233;beauce_5_sa_088;organique_beauce_5;BTH;;TRAVAIL_SOL;travail_sol_1;0.0;9.5;;;;;;;;;;;;;;;;;;;;;;;;;
2022;240;beauce_5_sa_088;organique_beauce_5;BTH;;TRAVAIL_SOL;une_reprise;0.0;11.7;;;;;;;;;;;;;;;;;;;;;;;;;
2022;226;beauce_5_sa_089;organique_beauce_5;BTH;;RECOLTE;;0.0;0.0;5.48;;;;;;;;;;;;;0.0;4.85;3.0;;;;;;;;;
2022;316;beauce_5_sa_089;organique_beauce_5;BTH;;SEMIS;semis;0.0;3.2;;;;;;;;;;;;;;;;;;;;;;;;;
2022;297;beauce_5_sa_089;organique_beauce_5;BTH;;TRAVAIL_SOL;travail_sol_1;0.0;10.8;;;;;;;;;;;;;;;;;;;;;;;;;
2022;215;beauce_5_sa_090;organique_beauce_5;BTH;;RECOLTE;;0.0;0.0;7.93;;;;;;;;;;;;;0.0;7.01;3.0;;;;;;;;;
2022;282;beauce_5_sa_090;organique_beauce_5;BTH;;SEMIS;semis;0.0;3.2;;;;;;;;;;;;;;;;;;;;;;;;;
2022;151;beauce_5_sa_090;organique_beauce_5;BTH;;FERTI;;0.0;0.0;;;;;;AN;mineral;N;;3.0;3.0;0.0;0.0;;;;;;;;;;;;
2022;152;beauce_5_sa_090;organique_beauce_5;BTH;;FERTI;;0.0;0.0;;;;;;AN;mineral;N;;90.8;90.8;0.0;0.0;;;;;;;;;;;;
2022;153;beauce_5_sa_090;organique_beauce_5;BTH;;FERTI;;0.0;0.0;;;;;;AN;mineral;N;;54.1;54.1;0.0;0.0;;;;;;;;;;;;
2022;230;beauce_5_sa_091;organique_beauce_5;BTH;;RECOLTE;;0.0;0.0;5.92;;;;;;;;;;;;;0.0;5.24;3.0;;;;;;;;;
2022;318;beauce_5_sa_091;organique_beauce_5;BTH;;SEMIS;semis;0.0;2.4;;;;;;;;;;;;;;;;;;;;;;;;;
2022;166;beauce_5_sa_091;organique_beauce_5;BTH;;FERTI;;0.0;0.0;;;;;;AN;mineral;N;;4.7;4.7;0.0;0.0;;;;;;;;;;;;
2022;274;beauce_5_sa_091;organique_beauce_5;BTH;;TRAVAIL_SOL;travail_sol_1;0.0;4.7;;;;;;;;;;;;;;;;;;;;;;;;;
2022;230;beauce_5_sa_092;organique_beauce_5;BTH;;RECOLTE;;0.0;0.0;6.15;;;;;;;;;;;;;0.0;5.44;3.0;;;;;;;;;
2022;261;beauce_5_sa_092;organique_beauce_5;BTH;;SEMIS;semis;0.0;3.3;;;;;;;;;;;;;;;;;;;;;;;;;
2022;61;beauce_5_sa_092;organique_beauce_5;BTH;;FERTI;;0.0;0.0;;;;;;AN;mineral;N;;22.2;22.2;0.0;0.0;;;;;;;;;;;;
2022;239;beauce_5_sa_092;organique_beauce_5;BTH;;TRAVAIL_SOL;travail_sol_1;0.0;16.1;;;;;;;;;;;;;;;;;;;;;;;;;
2022;246;beauce_5_sa_092;organique_beauce_5;BTH;;TRAVAIL_SOL;une_reprise;0.0;23.6;;;;;;;;;;;;;;;;;;;;;;;;;
2022;170;beauce_5_sa_093;organique_beauce_5;BTH;;RECOLTE;;0.0;0.0;6.25;;;;;;;;;;;;;0.0;5.53;3.0;;;;;;;;;
2022;314;beauce_5_sa_093;organique_beauce_5;BTH;;SEMIS;semis;0.0;3.5;;;;;;;;;;;;;;;;;;;;;;;;;
2022;330;beauce_5_sa_093;organique_beauce_5;BTH;;FERTI;;0.0;0.0;;;;;;AN;mineral;N;;3.3;3.3;0.0;0.0;;;;;;;;;;;;
2022;284;beauce_5_sa_093;organique_beauce_5;BTH;;TRAVAIL_SOL;travail_sol_1;0.0;19.7;;;;;;;;;;;;;;;;;;;;;;;;;
2022;291;beauce_5_sa_093;organique_beauce_5;BTH;;TRAVAIL_SOL;une_reprise;0.0;7.0;;;;;;;;;;;;;;;;;;;;;;;;;
2022;170;beauce_5_sa_094;organique_beauce_5;BTH;;RECOLTE;;0.0;0.0;8.0;;;;;;;;;;;;;0.0;7.08;3.0;;;;;;;;;
2022;275;beauce_5_sa_094;organique_beauce_5;BTH;;SEMIS;semis;0.0;2.9;;;;;;;;;;;;;;;;;;;;;;;;;
2022;42;beauce_5_sa_094;organique_beauce_5;BTH;;FERTI;;0.0;0.0;;;;;;AN;mineral;N;;1.7;1.7;0.0;0.0;;;;;;;;;;;;
2022;115;beauce_5_sa_094;organique_beauce_5;BTH;;FERTI;;0.0;0.0;;;;;;AN;mineral;N;;79.3;79.3;0.0;0.0;;;;;;;;;;;;
2022;230;beauce_5_sa_095;organique_beauce_5;BTH;;RECOLTE;;0.0;0.0;6.72;;;;;;;;;;;;;0.0;5.94;3.0;;;;;;;;;
2022;280;beauce_5_sa_095;organique_beauce_5;BTH;;SEMIS;semis;0.0;3.7;;;;;;;;;;;;;;;;;;;;;;;;;
2022;150;beauce_5_sa_095;organique_beauce_5;BTH;;FERTI;;0.0;0.0;;;;;;AN;mineral;N;;56.1;56.1;0.0;0.0;;;;;;;;;;;;
2022;227;beauce_5_sa_096;organique_beauce_5;BTH;;RECOLTE;;0.0;0.0;5.32;;;;;;;;;;;;;0.0;4.7;3.0;;;;;;;;;
2022;293;beauce_5_sa_096;organique_beauce_5;BTH;;SEMIS;semis;0.0;2.1;;;;;;;;;;;;;;;;;;;;;;;;;
2022;277;beauce_5_sa_096;organique_beauce_5;BTH;;TRAVAIL_SOL;travail_sol_1;0.0;24.9;;;;;;;;;;;;;;;;;;;;;;;;;
2022;230;beauce_5_sa_097;organique_beauce_5;BTH;;RECOLTE;;0.0;0.0;6.85;;;;;;;;;;;;;0.0;6.06;3.0;;;;;;;;;
2022;316;beauce_5_sa_097;organique_beauce_5;BTH;;SEMIS;semis;0.0;1.0;;;;;;;;;;;;;;;;;;;;;;;;;
2022;58;beauce_5_sa_097;organique_beauce_5;BTH;;FERTI;;0.0;0.0;;;;;;AN;mineral;N;;25.4;25.4;0.0;0.0;;;;;;;;;;;;
2022;335;beauce_5_sa_097;organique_beauce_5;BTH;;FERTI;;0.0;0.0;;;;;;AN;mineral;N;;6.6;6.6;0.0;0.0;;;;;;;;;;;;
2022;302;beauce_5_sa_097;organique_beauce_5;BTH;;TRAVAIL_SOL;travail_sol_1;0.0;19.4;;;;;;;;;;;;;;;;;;;;;;;;;
2022;202;beauce_5_sa_098;organique_beauce_5;BTH;;RECOLTE;;0.0;0.0;6.04;;;;;;;;;;;;;0.0;5.35;3.0;;;;;;;;;
2022;283;beauce_5_sa_098;organique_beauce_5;BTH;;SEMIS;semis;0.0;2.3;;;;;;;;;;;;;;;;;;;;;;;;;
2022;123;beauce_5_sa_098;organique_beauce_5;BTH;;FERTI;;0.0;0.0;;;;;;AN;mineral;N;;3.9;3.9;0.0;0.0;;;;;;;;;;;;
2022;146;beauce_5_sa_098;organique_beauce_5;BTH;;FERTI;;0.0;0.0;;;;;;AN;mineral;N;;5.2;5.2;0.0;0.0;;;;;;;;;;;;
2022;248;beauce_5_sa_098;organique_beauce_5;BTH;;TRAVAIL_SOL;travail_sol_1;0.0;8.2;;;;;;;;;;;;;;;;;;;;;;;;;
2022;186;beauce_5_sa_099;organique_beauce_5;BTH;;RECOLTE;;0.0;0.0;5.8;;;;;;;;;;;;;0.0;5.13;3.0;;;;;;;;;
2022;284;beauce_5_sa_099;organique_beauce_5;BTH;;SEMIS;semis;0.0;1.7;;;;;;;;;;;;;;;;;;;;;;;;;
2022;25;beauce_5_sa_099;organique_beauce_5;BTH;;FERTI;;0.0;0.0;;;;;;AN;mineral;N;;1.6;1.6;0.0;0.0;;;;;;;;;;;;
2022;265;beauce_5_sa_099;organique_beauce_5;BTH;;TRAVAIL_SOL;travail_sol_1;0.0;5.9;;;;;;;;;;;;;;;;;;;;;;;;;
2023;228;beauce_5_sa_000;organique_beauce_5;BTH;;RECOLTE;;0.0;0.0;7.16;;;;;;;;;;;;;0.0;6.34;3.0;;;;;;;;;
2023;314;beauce_5_sa_000;organique_beauce_5;BTH;;SEMIS;semis;0.0;3.9;;;;;;;;;;;;;;;;;;;;;;;;;
2023;85;beauce_5_sa_000;organique_beauce_5;BTH;;FERTI;;0.0;0.0;;;;;;AN;mineral;N;;36.2;36.2;0.0;0.0;;;;;;;;;;;;
2023;215;beauce_5_sa_001;organique_beauce_5;BTH;;RECOLTE;;0.0;0.0;4.97;;;;;;;;;;;;;0.0;4.4;3.0;;;;;;;;;
2023;265;beauce_5_sa_001;organique_beauce_5;BTH;;SEMIS;semis;0.0;3.9;;;;;;;;;;;;;;;;;;;;;;;;;
2023;255;beauce_5_sa_001;organique_beauce_5;BTH;;TRAVAIL_SOL;travail_sol_1;0.0;22.9;;;;;;;;;;;;;;;;;;;;;;;;;
2023;178;beauce_5_sa_002;organique_beauce_5;BTH;;RECOLTE;;0.0;0.0;8.03;;;;;;;;;;;;;0.0;7.1;3.0;;;;;;;;;
2023;311;beauce_5_sa_002;organique_beauce_5;BTH;;SEMIS;semis;0.0;1.7;;;;;;;;;;;;;;;;;;;;;;;;;
2023;120;beauce_5_sa_002;organique_beauce_5;BTH;;FERTI;;0.0;0.0;;;;;;AN;mineral;N;;40.7;40.7;0.0;0.0;;;;;;;;;;;;
2023;121;beauce_5_sa_002;organique_beauce_5;BTH;;FERTI;;0.0;0.0;;;;;;AN;mineral;N;;31.4;31.4;0.0;0.0;;;;;;;;;;;;
2023;345;beauce_5_sa_002;organique_beauce_5;BTH;;FERTI;;0.0;0.0;;;;;;AN;mineral;N;;6.9;6.9;0.0;0.0;;;;;;;;;;;;
2023;195;beauce_5_sa_003;organique_beauce_5;BTH;;RECOLTE;;0.0;0.0;6.79;;;;;;;;;;;;;0.0;6.01;3.0;;;;;;;;;
2023;302;beauce_5_sa_003;organique_beauce_5;BTH;;SEMIS;semis;0.0;3.6;;;;;;;;;;;;;;;;;;;;;;;;;
2023;117;beauce_5_sa_003;organique_beauce_5;BTH;;FERTI;;0.0;0.0;;;;;;AN;mineral;N;;23.8;23.8;0.0;0.0;;;;;;;;;;;;
2023;133;beauce_5_sa_003;organique_beauce_5;BTH;;FERTI;;0.0;0.0;;;;;;AN;mineral;N;;1.3;1.3;0.0;0.0;;;;;;;;;;;;
2023;134;beauce_5_sa_003;organique_beauce_5;BTH;;FERTI;;0.0;0.0;;;;;;AN;mineral;N;;4.6;4.6;0.0;0.0;;;;;;;;;;;;
2023;259;beauce_5_sa_003;organique_beauce_5;BTH;;TRAVAIL_SOL;travail_sol_1;0.0;19.5;;;;;;;;;;;;;;;;;;;;;;;;;
2023;226;beauce_5_sa_004;organique_beauce_5;BTH;;RECOLTE;;0.0;0.0;4.99;;;;;;;;;;;;;0.0;4.42;3.0;;;;;;;;;
2023;306;beauce_5_sa_004;organique_beauce_5;BTH;;SEMIS;semis;0.0;3.6;;;;;;;;;;;;;;;;;;;;;;;;;
2023;228;beauce_5_sa_005;organique_beauce_5;BTH;;RECOLTE;;0.0;0.0;4.98;;;;;;;;;;;;;0.0;4.41;3.0;;;;;;;;;
2023;276;beauce_5_sa_005;organique_beauce_5;BTH;;SEMIS;semis;0.0;1.2;;;;;;;;;;;;;;;;;;;;;;;;;
2023;207;beauce_5_sa_006;organique_beauce_5;BTH;;RECOLTE;;0.0;0.0;7.98;;;;;;;;;;;;;0.0;7.06;3.0;;;;;;;;;
2023;316;beauce_5_sa_006;organique_beauce_5;BTH;;SEMIS;semis;0.0;1.5;;;;;;;;;;;;;;;;;;;;;;;;;
2023;142;beauce_5_sa_006;organique_beauce_5;BTH;;FERTI;;0.0;0.0;;;;;;AN;mineral;N;;1.4;1.4;0.0;0.0;;;;;;;;;;;;
2023;143;beauce_5_sa_006;organique_beauce_5;BTH;;FERTI;;0.0;0.0;;;;;;AN;mineral;N;;75.7;75.7;0.0;0.0;;;;;;;;;;;;
2023;353;beauce_5_sa_006;organique_beauce_5;BTH;;FERTI;;0.0;0.0;;;;;;AN;mineral;N;;2.2;2.2;0.0;0.0;;;;;;;;;;;;
2023;280;beauce_5_sa_006;organique_beauce_5;BTH;;TRAVAIL_SOL;travail_sol_1;0.0;6.4;;;;;;;;;;;;;;;;;;;;;;;;;
2023;189;beauce_5_sa_007;organique_beauce_5;BTH;;RECOLTE;;0.0;0.0;5.11;;;;;;;;;;;;;0.0;4.52;3.0;;;;;;;;;
2023;300;beauce_5_sa_007;organique_beauce_5;BTH;;SEMIS;semis;0.0;3.6;;;;;;;;;;;;;;;;;;;;;;;;;
2023;270;beauce_5_sa_007;organique_beauce_5;BTH;;TRAVAIL_SOL;travail_sol_1;0.0;14.6;;;;;;;;;;;;;;;;;;;;;;;;;
2023;277;beauce_5_sa_007;organique_beauce_5;BTH;;TRAVAIL_SOL;une_reprise;0.0;17.3;;;;;;;;;;;;;;;;;;;;;;;;;
2023;172;beauce_5_sa_008;organique_beauce_5;BTH;;RECOLTE;;0.0;0.0;7.8;;;;;;;;;;;;;0.0;6.9;3.0;;;;;;;;;
2023;273;beauce_5_sa_008;organique_beauce_5;BTH;;SEMIS;semis;0.0;1.2;;;;;;;;;;;;;;;;;;;;;;;;;
2023;153;beauce_5_sa_008;organique_beauce_5;BTH;;FERTI;;0.0;0.0;;;;;;AN;mineral;N;;14.4;14.4;0.0;0.0;;;;;;;;;;;;
2023;154;beauce_5_sa_008;organique_beauce_5;BTH;;FERTI;;0.0;0.0;;;;;;AN;mineral;N;;63.1;63.1;0.0;0.0;;;;;;;;;;;;
2023;349;beauce_5_sa_008;organique_beauce_5;BTH;;FERTI;;0.0;0.0;;;;;;AN;mineral;N;;4.2;4.2;0.0;0.0;;;;;;;;;;;;
2023;210;beauce_5_sa_009;organique_beauce_5;BTH;;RECOLTE;;0.0;0.0;5.38;;;;;;;;;;;;;0.0;4.76;3.0;;;;;;;;;
2023;309;beauce_5_sa_009;organique_beauce_5;BTH;;SEMIS;semis;0.0;3.8;;;;;;;;;;;;;;;;;;;;;;;;;
2023;166;beauce_5_sa_009;organique_beauce_5;BTH;;FERTI;;0.0;0.0;;;;;;AN;mineral;N;;2.6;2.6;0.0;0.0;;;;;;;;;;;;
2023;167;beauce_5_sa_009;organique_beauce_5;BTH;;FERTI;;0.0;0.0;;;;;;AN;mineral;N;;7.5;7.5;0.0;0.0;;;;;;;;;;;;
2023;294;beauce_5_sa_009;organique_beauce_5;BTH;;TRAVAIL_SOL;travail_sol_1;0.0;6.6;;;;;;;;;;;;;;;;;;;;;;;;;
2023;222;beauce_5_sa_010;organique_beauce_5;BTH;;RECOLTE;;0.0;0.0;6.31;;;;;;;;;;;;;0.0;5.58;3.0;;;;;;;;;
2023;265;beauce_5_sa_010;organique_beauce_5;BTH;;SEMIS;semis;0.0;1.8;;;;;;;;;;;;;;;;;;;;;;;;;
2023;1;beauce_5_sa_010;organique_beauce_5;BTH;;FERTI;;0.0;0.0;;;;;;AN;mineral;N;;21.4;21.4;0.0;0.0;;;;;;;;;;;;
2023;251;beauce_5_sa_010;organique_beauce_5;BTH;;TRAVAIL_SOL;travail_sol_1;0.0;21.3;;;;;;;;;;;;;;;;;;;;;;;;;
2023;206;beauce_5_sa_011;organique_beauce_5;BTH;;RECOLTE;;0.0;0.0;5.13;;;;;;;;;;;;;0.0;4.54;3.0;;;;;;;;;
2023;276;beauce_5_sa_011;organique_beauce_5;BTH;;SEMIS;semis;0.0;3.0;;;;;;;;;;;;;;;;;;;;;;;;;
2023;2;beauce_5_sa_011;organique_beauce_5;BTH;;FERTI;;0.0;0.0;;;;;;AN;mineral;N;;3.3;3.3;0.0;0.0;;;;;;;;;;;;
2023;196;beauce_5_sa_012;organique_beauce_5;BTH;;RECOLTE;;0.0;0.0;7.49;;;;;;;;;;;;;0.0;6.62;3.0;;;;;;;;;
2023;264;beauce_5_sa_012;organique_beauce_5;BTH;;SEMIS;semis;0.0;3.9;;;;;;;;;;;;;;;;;;;;;;;;;
2023;152;beauce_5_sa_012;organique_beauce_5;BTH;;FERTI;;0.0;0.0;;;;;;AN;mineral;N;;74.3;74.3;0.0;0.0;;;;;;;;;;;;
2023;153;beauce_5_sa_012;organique_beauce_5;BTH;;FERTI;;0.0;0.0;;;;;;AN;mineral;N;;3.6;3.6;0.0;0.0;;;;;;;;;;;;
2023;180;beauce_5_sa_013;organique_beauce_5;BTH;;RECOLTE;;0.0;0.0;8.86;;;;;;;;;;;;;0.0;7.84;3.0;;;;;;;;;
2023;289;beauce_5_sa_013;organique_beauce_5;BTH;;SEMIS;semis;0.0;1.4;;;;;;;;;;;;;;;;;;;;;;;;;
2023;75;beauce_5_sa_013;organique_beauce_5;BTH;;FERTI;;0.0;0.0;;;;;;AN;mineral;N;;44.4;44.4;0.0;0.0;;;;;;;;;;;;
2023;76;beauce_5_sa_013;organique_beauce_5;BTH;;FERTI;;0.0;0.0;;;;;;AN;mineral;N;;46.8;46.8;0.0;0.0;;;;;;;;;;;;
2023;94;beauce_5_sa_013;organique_beauce_5;BTH;;FERTI;;0.0;0.0;;;;;;AN;mineral;N;;14.8;14.8;0.0;0.0;;;;;;;;;;;;
2023;275;beauce_5_sa_013;organique_beauce_5;BTH;;TRAVAIL_SOL;travail_sol_1;0.0;4.6;;;;;;;;;;;;;;;;;;;;;;;;;
2023;282;beauce_5_sa_013;organique_beauce_5;BTH;;TRAVAIL_SOL;une_reprise;0.0;16.0;;;;;;;;;;;;;;;;;;;;;;;;;
2023;223;beauce_5_sa_014;organique_beauce_5;BTH;;RECOLTE;;0.0;0.0;6.54;;;;;;;;;;;;;0.0;5.79;3.0;;;;;;;;;
2023;277;beauce_5_sa_014;organique_beauce_5;BTH;;SEMIS;semis;0.0;1.6;;;;;;;;;;;;;;;;;;;;;;;;;
2023;141;beauce_5_sa_014;organique_beauce_5;BTH;;FERTI;;0.0;0.0;;;;;;AN;mineral;N;;34.7;34.7;0.0;0.0;;;;;;;;;;;;
2023;269;beauce_5_sa_014;organique_beauce_5;BTH;;TRAVAIL_SOL;travail_sol_1;0.0;9.9;;;;;;;;;;;;;;;;;;;;;;;;;
2023;227;beauce_5_sa_015;organique_beauce_5;BTH;;RECOLTE;;0.0;0.0;7.38;;;;;;;;;;;;;0.0;6.52;3.0;;;;;;;;;
2023;266;beauce_5_sa_015;organique_beauce_5;BTH;;SEMIS;semis;0.0;3.6;;;;;;;;;;;;;;;;;;;;;;;;;
2023;97;beauce_5_sa_015;organique_beauce_5;BTH;;FERTI;;0.0;0.0;;;;;;AN;mineral;N;;22.5;22.5;0.0;0.0;;;;;;;;;;;;
2023;98;beauce_5_sa_015;organique_beauce_5;BTH;;FERTI;;0.0;0.0;;;;;;AN;mineral;N;;3.4;3.4;0.0;0.0;;;;;;;;;;;;
2023;161;beauce_5_sa_015;organique_beauce_5;BTH;;FERTI;;0.0;0.0;;;;;;AN;mineral;N;;27.1;27.1;0.0;0.0;;;;;;;;;;;;
2023;236;beauce_5_sa_015;organique_beauce_5;BTH;;TRAVAIL_SOL;travail_sol_1;0.0;13.4;;;;;;;;;;;;;;;;;;;;;;;;;
2023;243;beauce_5_sa_015;organique_beauce_5;BTH;;TRAVAIL_SOL;une_reprise;0.0;17.8;;;;;;;;;;;;;;;;;;;;;;;;;
2023;179;beauce_5_sa_016;organique_beauce_5;BTH;;RECOLTE;;0.0;0.0;6.38;;;;;;;;;;;;;0.0;5.64;3.0;;;;;;;;;
2023;261;beauce_5_sa_016;organique_beauce_5;BTH;;SEMIS;semis;0.0;2.8;;;;;;;;;;;;;;;;;;;;;;;;;
2023;131;beauce_5_sa_016;organique_beauce_5;BTH;;FERTI;;0.0;0.0;;;;;;AN;mineral;N;;5.1;5.1;0.0;0.0;;;;;;;;;;;;
2023;132;beauce_5_sa_016;organique_beauce_5;BTH;;FERTI;;0.0;0.0;;;;;;AN;mineral;N;;13.9;13.9;0.0;0.0;;;;;;;;;;;;
2023;225;beauce_5_sa_016;organique_beauce_5;BTH;;TRAVAIL_SOL;travail_sol_1;0.0;15.3;;;;;;;;;;;;;;;;;;;;;;;;;
2023;232;beauce_5_sa_016;organique_beauce_5;BTH;;TRAVAIL_SOL;une_reprise;0.0;20.0;;;;;;;;;;;;;;;;;;;;;;;;;
2023;202;beauce_5_sa_017;organique_beauce_5;BTH;;RECOLTE;;0.0;0.0;5.39;;;;;;;;;;;;;0.0;4.76;3.0;;;;;;;;;
2023;293;beauce_5_sa_017;organique_beauce_5;BTH;;SEMIS;semis;0.0;3.8;;;;;;;;;;;;;;;;;;;;;;;;;
2023;9;beauce_5_sa_017;organique_beauce_5;BTH;;FERTI;;0.0;0.0;;;;;;AN;mineral;N;;1.9;1.9;0.0;0.0;;;;;;;;;;;;
2023;267;beauce_5_sa_017;organique_beauce_5;BTH;;TRAVAIL_SOL;travail_sol_1;0.0;21.1;;;;;;;;;;;;;;;;;;;;;;;;;
2023;190;beauce_5_sa_018;organique_beauce_5;BTH;;RECOLTE;;0.0;0.0;5.32;;;;;;;;;;;;;0.0;4.7;3.0;;;;;;;;;
2023;259;beauce_5_sa_018;organique_beauce_5;BTH;;SEMIS;semis;0.0;1.5;;;;;;;;;;;;;;;;;;;;;;;;;
2023;245;beauce_5_sa_018;organique_beauce_5;BTH;;TRAVAIL_SOL;travail_sol_1;0.0;21.3;;;;;;;;;;;;;;;;;;;;;;;;;
2023;252;beauce_5_sa_018;organique_beauce_5;BTH;;TRAVAIL_SOL;une_reprise;0.0;8.5;;;;;;;;;;;;;;;;;;;;;;;;;
2023;177;beauce_5_sa_019;organique_beauce_5;BTH;;RECOLTE;;0.0;0.0;5.82;;;;;;;;;;;;;0.0;5.15;3.0;;;;;;;;;
2023;258;beauce_5_sa_019;organique_beauce_5;BTH;;SEMIS;semis;0.0;2.9;;;;;;;;;;;;;;;;;;;;;;;;;
2023;219;beauce_5_sa_019;organique_beauce_5;BTH;;TRAVAIL_SOL;travail_sol_1;0.0;5.9;;;;;;;;;;;;;;;;;;;;;;;;;
2023;211;beauce_5_sa_020;organique_beauce_5;BTH;;RECOLTE;;0.0;0.0;6.07;;;;;;;;;;;;;0.0;5.37;3.0;;;;;;;;;
2023;308;beauce_5_sa_020;organique_beauce_5;BTH;;SEMIS;semis;0.0;1.4;;;;;;;;;;;;;;;;;;;;;;;;;
2023;47;beauce_5_sa_020;organique_beauce_5;BTH;;FERTI;;0.0;0.0;;;;;;AN;mineral;N;;14.0;14.0;0.0;0.0;;;;;;;;;;;;
2023;76;beauce_5_sa_020;organique_beauce_5;BTH;;FERTI;;0.0;0.0;;;;;;AN;mineral;N;;1.4;1.4;0.0;0.0;;;;;;;;;;;;
2023;290;beauce_5_sa_020;organique_beauce_5;BTH;;TRAVAIL_SOL;travail_sol_1;0.0;7.3;;;;;;;;;;;;;;;;;;;;;;;;;
2023;297;beauce_5_sa_020;organique_beauce_5;BTH;;TRAVAIL_SOL;une_reprise;0.0;15.9;;;;;;;;;;;;;;;;;;;;;;;;;
2023;215;beauce_5_sa_021;organique_beauce_5;BTH;;RECOLTE;;0.0;0.0;5.27;;;;;;;;;;;;;0.0;4.66;3.0;;;;;;;;;
2023;286;beauce_5_sa_021;organique_beauce_5;BTH;;SEMIS;semis;0.0;2.4;;;;;;;;;;;;;;;;;;;;;;;;;
2023;342;beauce_5_sa_021;organique_beauce_5;BTH;;FERTI;;0.0;0.0;;;;;;AN;mineral;N;;2.6;2.6;0.0;0.0;;;;;;;;;;;;
2023;269;beauce_5_sa_021;organique_beauce_5;BTH;;TRAVAIL_SOL;travail_sol_1;0.0;23.0;;;;;;;;;;;;;;;;;;;;;;;;;
2023;218;beauce_5_sa_022;organique_beauce_5;BTH;;RECOLTE;;0.0;0.0;6.92;;;;;;;;;;;;;0.0;6.12;3.0;;;;;;;;;
2023;307;beauce_5_sa_022;organique_beauce_5;BTH;;SEMIS;semis;0.0;3.0;;;;;;;;;;;;;;;;;;;;;;;;;
2023;61;beauce_5_sa_022;organique_beauce_5;BTH;;FERTI;;0.0;0.0;;;;;;AN;mineral;N;;1.8;1.8;0.0;0.0;;;;;;;;;;;;
2023;89;beauce_5_sa_022;organique_beauce_5;BTH;;FERTI;;0.0;0.0;;;;;;AN;mineral;N;;35.9;35.9;0.0;0.0;;;;;;;;;;;;
2023;284;beauce_5_sa_022;organique_beauce_5;BTH;;TRAVAIL_SOL;travail_sol_1;0.0;24.5;;;;;;;;;;;;;;;;;;;;;;;;;
2023;291;beauce_5_sa_022;organique_beauce_5;BTH;;TRAVAIL_SOL;une_reprise;0.0;24.0;;;;;;;;;;;;;;;;;;;;;;;;;
2023;220;beauce_5_sa_023;organique_beauce_5;BTH;;RECOLTE;;0.0;0.0;6.24;;;;;;;;;;;;;0.0;5.52;3.0;;;;;;;;;
2023;266;beauce_5_sa_023;organique_beauce_5;BTH;;SEMIS;semis;0.0;1.7;;;;;;;;;;;;;;;;;;;;;;;;;
2023;68;beauce_5_sa_023;organique_beauce_5;BTH;;FERTI;;0.0;0.0;;;;;;AN;mineral;N;;10.4;10.4;0.0;0.0;;;;;;;;;;;;
2023;96;beauce_5_sa_023;organique_beauce_5;BTH;;FERTI;;0.0;0.0;;;;;;AN;mineral;N;;1.3;1.3;0.0;0.0;;;;;;;;;;;;
2023;210;beauce_5_sa_024;organique_beauce_5;BTH;;RECOLTE;;0.0;0.0;8.42;;;;;;;;;;;;;0.0;7.45;3.0;;;;;;;;;
2023;286;beauce_5_sa_024;organique_beauce_5;BTH;;SEMIS;semis;0.0;3.5;;;;;;;;;;;;;;;;;;;;;;;;;
2023;14;beauce_5_sa_024;organique_beauce_5;BTH;;FERTI;;0.0;0.0;;;;;;AN;mineral;N;;36.6;36.6;0.0;0.0;;;;;;;;;;;;
2023;67;beauce_5_sa_024;organique_beauce_5;BTH;;FERTI;;0.0;0.0;;;;;;AN;mineral;N;;40.8;40.8;0.0;0.0;;;;;;;;;;;;
2023;256;beauce_5_sa_024;organique_beauce_5;BTH;;TRAVAIL_SOL;travail_sol_1;0.0;21.5;;;;;;;;;;;;;;;;;;;;;;;;;
2023;211;beauce_5_sa_025;organique_beauce_5;BTH;;RECOLTE;;0.0;0.0;5.69;;;;;;;;;;;;;0.0;5.03;3.0;;;;;;;;;
2023;300;beauce_5_sa_025;organique_beauce_5;BTH;;SEMIS;semis;0.0;1.7;;;;;;;;;;;;;;;;;;;;;;;;;
2023;330;beauce_5_sa_025;organique_beauce_5;BTH;;FERTI;;0.0;0.0;;;;;;AN;mineral;N;;3.7;3.7;0.0;0.0;;;;;;;;;;;;
2023;275;beauce_5_sa_025;organique_beauce_5;BTH;;TRAVAIL_SOL;travail_sol_1;0.0;2.5;;;;;;;;;;;;;;;;;;;;;;;;;
2023;187;beauce_5_sa_026;organique_beauce_5;BTH;;RECOLTE;;0.0;0.0;5.23;;;;;;;;;;;;;0.0;4.63;3.0;;;;;;;;;
2023;306;beauce_5_sa_026;organique_beauce_5;BTH;;SEMIS;semis;0.0;3.7;;;;;;;;;;;;;;;;;;;;;;;;;
2023;127;beauce_5_sa_026;organique_beauce_5;BTH;;FERTI;;0.0;0.0;;;;;;AN;mineral;N;;1.9;1.9;0.0;0.0;;;;;;;;;;;;
2023;333;beauce_5_sa_026;organique_beauce_5;BTH;;FERTI;;0.0;0.0;;;;;;AN;mineral;N;;8.3;8.3;0.0;0.0;;;;;;;;;;;;
2023;198;beauce_5_sa_027;organique_beauce_5;BTH;;RECOLTE;;0.0;0.0;5.94;;;;;;;;;;;;;0.0;5.26;3.0;;;;;;;;;
2023;307;beauce_5_sa_027;organique_beauce_5;BTH;;SEMIS;semis;0.0;3.2;;;;;;;;;;;;;;;;;;;;;;;;;
2023;5;beauce_5_sa_027;organique_beauce_5;BTH;;FERTI;;0.0;0.0;;;;;;AN;mineral;N;;4.5;4.5;0.0;0.0;;;;;;;;;;;;
2023;116;beauce_5_sa_027;organique_beauce_5;BTH;;FERTI;;0.0;0.0;;;;;;AN;mineral;N;;17.1;17.1;0.0;0.0;;;;;;;;;;;;
2023;201;beauce_5_sa_028;organique_beauce_5;BTH;;RECOLTE;;0.0;0.0;7.94;;;;;;;;;;;;;0.0;7.02;3.0;;;;;;;;;
2023;262;beauce_5_sa_028;organique_beauce_5;BTH;;SEMIS;semis;0.0;2.5;;;;;;;;;;;;;;;;;;;;;;;;;
2023;70;beauce_5_sa_028;organique_beauce_5;BTH;;FERTI;;0.0;0.0;;;;;;AN;mineral;N;;1.5;1.5;0.0;0.0;;;;;;;;;;;;
2023;104;beauce_5_sa_028;organique_beauce_5;BTH;;FERTI;;0.0;0.0;;;;;;AN;mineral;N;;56.2;56.2;0.0;0.0;;;;;;;;;;;;
2023;342;beauce_5_sa_028;organique_beauce_5;BTH;;FERTI;;0.0;0.0;;;;;;AN;mineral;N;;9.0;9.0;0.0;0.0;;;;;;;;;;;;
2023;231;beauce_5_sa_028;organique_beauce_5;BTH;;TRAVAIL_SOL;travail_sol_1;0.0;16.4;;;;;;;;;;;;;;;;;;;;;;;;;
2023;221;beauce_5_sa_029;organique_beauce_5;BTH;;RECOLTE;;0.0;0.0;8.06;;;;;;;;;;;;;0.0;7.13;3.0;;;;;;;;;
2023;285;beauce_5_sa_029;organique_beauce_5;BTH;;SEMIS;semis;0.0;1.3;;;;;;;;;;;;;;;;;;;;;;;;;
2023;120;beauce_5_sa_029;organique_beauce_5;BTH;;FERTI;;0.0;0.0;;;;;;AN;mineral;N;;12.6;12.6;0.0;0.0;;;;;;;;;;;;
2023;121;beauce_5_sa_029;organique_beauce_5;BTH;;FERTI;;0.0;0.0;;;;;;AN;mineral;N;;17.2;17.2;0.0;0.0;;;;;;;;;;;;
2023;131;beauce_5_sa_029;organique_beauce_5;BTH;;FERTI;;0.0;0.0;;;;;;AN;mineral;N;;64.8;64.8;0.0;0.0;;;;;;;;;;;;
2023;258;beauce_5_sa_029;organique_beauce_5;BTH;;TRAVAIL_SOL;travail_sol_1;0.0;10.9;;;;;;;;;;;;;;;;;;;;;;;;;
2023;199;beauce_5_sa_030;organique_beauce_5;BTH;;RECOLTE;;0.0;0.0;5.3;;;;;;;;;;;;;0.0;4.69;3.0;;;;;;;;;
2023;294;beauce_5_sa_030;organique_beauce_5;BTH;;SEMIS;semis;0.0;1.8;;;;;;;;;;;;;;;;;;;;;;;;;
2023;107;beauce_5_sa_030;organique_beauce_5;BTH;;FERTI;;0.0;0.0;;;;;;AN;mineral;N;;1.9;1.9;0.0;0.0;;;;;;;;;;;;
2023;257;beauce_5_sa_030;organique_beauce_5;BTH;;TRAVAIL_SOL;travail_sol_1;0.0;22.7;;;;;;;;;;;;;;;;;;;;;;;;;
2023;264;beauce_5_sa_030;organique_beauce_5;BTH;;TRAVAIL_SOL;une_reprise;0.0;24.6;;;;;;;;;;;;;;;;;;;;;;;;;
2023;209;beauce_5_sa_031;organique_beauce_5;BTH;;RECOLTE;;0.0;0.0;5.29;;;;;;;;;;;;;0.0;4.68;3.0;;;;;;;;;
2023;318;beauce_5_sa_031;organique_beauce_5;BTH;;SEMIS;semis;0.0;1.6;;;;;;;;;;;;;;;;;;;;;;;;;
2023;274;beauce_5_sa_031;organique_beauce_5;BTH;;TRAVAIL_SOL;travail_sol_1;0.0;11.8;;;;;;;;;;;;;;;;;;;;;;;;;
2023;281;beauce_5_sa_031;organique_beauce_5;BTH;;TRAVAIL_SOL;une_reprise;0.0;13.8;;;;;;;;;;;;;;;;;;;;;;;;;
2023;203;beauce_5_sa_032;organique_beauce_5;BTH;;RECOLTE;;0.0;0.0;5.19;;;;;;;;;;;;;0.0;4.59;3.0;;;;;;;;;
2023;271;beauce_5_sa_032;organique_beauce_5;BTH;;SEMIS;semis;0.0;2.4;;;;;;;;;;;;;;;;;;;;;;;;;
2023;245;beauce_5_sa_032;organique_beauce_5;BTH;;TRAVAIL_SOL;travail_sol_1;0.0;8.5;;;;;;;;;;;;;;;;;;;;;;;;;
2023;252;beauce_5_sa_032;organique_beauce_5;BTH;;TRAVAIL_SOL;une_reprise;0.0;11.2;;;;;;;;;;;;;;;;;;;;;;;;;
2023;212;beauce_5_sa_033;organique_beauce_5;BTH;;RECOLTE;;0.0;0.0;7.92;;;;;;;;;;;;;0.0;7.01;3.0;;;;;;;;;
2023;281;beauce_5_sa_033;organique_beauce_5;BTH;;SEMIS;semis;0.0;2.2;;;;;;;;;;;;;;;;;;;;;;;;;
2023;117;beauce_5_sa_033;organique_beauce_5;BTH;;FERTI;;0.0;0.0;;;;;;AN;mineral;N;;79.9;79.9;0.0;0.0;;;;;;;;;;;;
2023;118;beauce_5_sa_033;organique_beauce_5;BTH;;FERTI;;0.0;0.0;;;;;;AN;mineral;N;;2.4;2.4;0.0;0.0;;;;;;;;;;;;
2023;269;beauce_5_sa_033;organique_beauce_5;BTH;;TRAVAIL_SOL;travail_sol_1;0.0;11.5;;;;;;;;;;;;;;;;;;;;;;;;;
2023;276;beauce_5_sa_033;organique_beauce_5;BTH;;TRAVAIL_SOL;une_reprise;0.0;15.5;;;;;;;;;;;;;;;;;;;;;;;;;
2023;184;beauce_5_sa_034;organique_beauce_5;BTH;;RECOLTE;;0.0;0.0;6.44;;;;;;;;;;;;;0.0;5.7;3.0;;;;;;;;;
2023;316;beauce_5_sa_034;organique_beauce_5;BTH;;SEMIS;semis;0.0;3.6;;;;;;;;;;;;;;;;;;;;;;;;;
2023;64;beauce_5_sa_034;organique_beauce_5;BTH;;FERTI;;0.0;0.0;;;;;;AN;mineral;N;;12.1;12.1;0.0;0.0;;;;;;;;;;;;
2023;130;beauce_5_sa_034;organique_beauce_5;BTH;;FERTI;;0.0;0.0;;;;;;AN;mineral;N;;18.8;18.8;0.0;0.0;;;;;;;;;;;;
2023;298;beauce_5_sa_034;organique_beauce_5;BTH;;TRAVAIL_SOL;travail_sol_1;0.0;20.6;;;;;;;;;;;;;;;;;;;;;;;;;
2023;225;beauce_5_sa_035;organique_beauce_5;BTH;;RECOLTE;;0.0;0.0;5.8;;;;;;;;;;;;;0.0;5.13;3.0;;;;;;;;;
2023;311;beauce_5_sa_035;organique_beauce_5;BTH;;SEMIS;semis;0.0;2.5;;;;;;;;;;;;;;;;;;;;;;;;;
2023;80;beauce_5_sa_035;organique_beauce_5;BTH;;FERTI;;0.0;0.0;;;;;;AN;mineral;N;;2.4;2.4;0.0;0.0;;;;;;;;;;;;
2023;98;beauce_5_sa_035;organique_beauce_5;BTH;;FERTI;;0.0;0.0;;;;;;AN;mineral;N;;9.2;9.2;0.0;0.0;;;;;;;;;;;;
2023;278;beauce_5_sa_035;organique_beauce_5;BTH;;TRAVAIL_SOL;travail_sol_1;0.0;6.1;;;;;;;;;;;;;;;;;;;;;;;;;
2023;222;beauce_5_sa_036;organique_beauce_5;BTH;;RECOLTE;;0.0;0.0;8.15;;;;;;;;;;;;;0.0;7.21;3.0;;;;;;;;;
2023;304;beauce_5_sa_036;organique_beauce_5;BTH;;SEMIS;semis;0.0;3.5;;;;;;;;;;;;;;;;;;;;;;;;;
2023;131;beauce_5_sa_036;organique_beauce_5;BTH;;FERTI;;0.0;0.0;;;;;;AN;mineral;N;;90.6;90.6;0.0;0.0;;;;;;;;;;;;
2023;165;beauce_5_sa_036;organique_beauce_5;BTH;;FERTI;;0.0;0.0;;;;;;AN;mineral;N;;12.6;12.6;0.0;0.0;;;;;;;;;;;;
2023;166;beauce_5_sa_036;organique_beauce_5;BTH;;FERTI;;0.0;0.0;;;;;;AN;mineral;N;;3.2;3.2;0.0;0.0;;;;;;;;;;;;
2023;275;beauce_5_sa_036;organique_beauce_5;BTH;;TRAVAIL_SOL;travail_sol_1;0.0;19.3;;;;;;;;;;;;;;;;;;;;;;;;;
2023;172;beauce_5_sa_037;organique_beauce_5;BTH;;RECOLTE;;0.0;0.0;5.01;;;;;;;;;;;;;0.0;4.44;3.0;;;;;;;;;
2023;313;beauce_5_sa_037;organique_beauce_5;BTH;;SEMIS;semis;0.0;1.8;;;;;;;;;;;;;;;;;;;;;;;;;
2023;84;beauce_5_sa_037;organique_beauce_5;BTH;;FERTI;;0.0;0.0;;;;;;AN;mineral;N;;3.5;3.5;0.0;0.0;;;;;;;;;;;;
2023;170;beauce_5_sa_038;organique_beauce_5;BTH;;RECOLTE;;0.0;0.0;7.09;;;;;;;;;;;;;0.0;6.27;3.0;;;;;;;;;
2023;285;beauce_5_sa_038;organique_beauce_5;BTH;;SEMIS;semis;0.0;2.9;;;;;;;;;;;;;;;;;;;;;;;;;
2023;95;beauce_5_sa_038;organique_beauce_5;BTH;;FERTI;;0.0;0.0;;;;;;AN;mineral;N;;10.6;10.6;0.0;0.0;;;;;;;;;;;;
2023;151;beauce_5_sa_038;organique_beauce_5;BTH;;FERTI;;0.0;0.0;;;;;;AN;mineral;N;;44.4;44.4;0.0;0.0;;;;;;;;;;;;
2023;163;beauce_5_sa_038;organique_beauce_5;BTH;;FERTI;;0.0;0.0;;;;;;AN;mineral;N;;10.3;10.3;0.0;0.0;;;;;;;;;;;;
2023;175;beauce_5_sa_039;organique_beauce_5;BTH;;RECOLTE;;0.0;0.0;5.53;;;;;;;;;;;;;0.0;4.89;3.0;;;;;;;;;
2023;270;beauce_5_sa_039;organique_beauce_5;BTH;;SEMIS;semis;0.0;2.7;;;;;;;;;;;;;;;;;;;;;;;;;
2023;23;beauce_5_sa_039;organique_beauce_5;BTH;;FERTI;;0.0;0.0;;;;;;AN;mineral;N;;3.1;3.1;0.0;0.0;;;;;;;;;;;;
2023;229;beauce_5_sa_039;organique_beauce_5;BTH;;TRAVAIL_SOL;travail_sol_1;0.0;10.5;;;;;;;;;;;;;;;;;;;;;;;;;
2023;236;beauce_5_sa_039;organique_beauce_5;BTH;;TRAVAIL_SOL;une_reprise;0.0;16.3;;;;;;;;;;;;;;;;;;;;;;;;;
2023;176;beauce_5_sa_040;organique_beauce_5;BTH;;RECOLTE;;0.0;0.0;4.63;;;;;;;;;;;;;0.0;4.09;3.0;;;;;;;;;
2023;293;beauce_5_sa_040;organique_beauce_5;BTH;;SEMIS;semis;0.0;2.4;;;;;;;;;;;;;;;;;;;;;;;;;
2023;181;beauce_5_sa_041;organique_beauce_5;BTH;;RECOLTE;;0.0;0.0;4.97;;;;;;;;;;;;;0.0;4.4;3.0;;;;;;;;;
2023;287;beauce_5_sa_041;organique_beauce_5;BTH;;SEMIS;semis;0.0;3.5;;;;;;;;;;;;;;;;;;;;;;;;;
2023;258;beauce_5_sa_041;organique_beauce_5;BTH;;TRAVAIL_SOL;travail_sol_1;0.0;1.0;;;;;;;;;;;;;;;;;;;;;;;;;
2023;265;beauce_5_sa_041;organique_beauce_5;BTH;;TRAVAIL_SOL;une_reprise;0.0;11.5;;;;;;;;;;;;;;;;;;;;;;;;;
2023;185;beauce_5_sa_042;organique_beauce_5;BTH;;RECOLTE;;0.0;0.0;6.3;;;;;;;;;;;;;0.0;5.57;3.0;;;;;;;;;
2023;296;beauce_5_sa_042;organique_beauce_5;BTH;;SEMIS;semis;0.0;2.2;;;;;;;;;;;;;;;;;;;;;;;;;
2023;29;beauce_5_sa_042;organique_beauce_5;BTH;;FERTI;;0.0;0.0;;;;;;AN;mineral;N;;2.3;2.3;0.0;0.0;;;;;;;;;;;;
2023;138;beauce_5_sa_042;organique_beauce_5;BTH;;FERTI;;0.0;0.0;;;;;;AN;mineral;N;;18.5;18.5;0.0;0.0;;;;;;;;;;;;
2023;262;beauce_5_sa_042;organique_beauce_5;BTH;;TRAVAIL_SOL;travail_sol_1;0.0;6.7;;;;;;;;;;;;;;;;;;;;;;;;;
2023;269;beauce_5_sa_042;organique_beauce_5;BTH;;TRAVAIL_SOL;une_reprise;0.0;18.9;;;;;;;;;;;;;;;;;;;;;;;;;
2023;217;beauce_5_sa_043;organique_beauce_5;BTH;;RECOLTE;;0.0;0.0;8.74;;;;;;;;;;;;;0.0;7.73;3.0;;;;;;;;;
2023;309;beauce_5_sa_043;organique_beauce_5;BTH;;SEMIS;semis;0.0;3.6;;;;;;;;;;;;;;;;;;;;;;;;;
2023;77;beauce_5_sa_043;organique_beauce_5;BTH;;FERTI;;0.0;0.0;;;;;;AN;mineral;N;;34.3;34.3;0.0;0.0;;;;;;;;;;;;
2023;364;beauce_5_sa_043;organique_beauce_5;BTH;;FERTI;;0.0;0.0;;;;;;AN;mineral;N;;56.9;56.9;0.0;0.0;;;;;;;;;;;;
2023;287;beauce_5_sa_043;organique_beauce_5;BTH;;TRAVAIL_SOL;travail_sol_1;0.0;9.5;;;;;;;;;;;;;;;;;;;;;;;;;
2023;215;beauce_5_sa_044;organique_beauce_5;BTH;;RECOLTE;;0.0;0.0;4.92;;;;;;;;;;;;;0.0;4.35;3.0;;;;;;;;;
2023;273;beauce_5_sa_044;organique_beauce_5;BTH;;SEMIS;semis;0.0;1.3;;;;;;;;;;;;;;;;;;;;;;;;;
2023;262;beauce_5_sa_044;organique_beauce_5;BTH;;TRAVAIL_SOL;travail_sol_1;0.0;20.4;;;;;;;;;;;;;;;;;;;;;;;;;
2023;181;beauce_5_sa_045;organique_beauce_5;BTH;;RECOLTE;;0.0;0.0;6.99;;;;;;;;;;;;;0.0;6.19;3.0;;;;;;;;;
2023;285;beauce_5_sa_045;organique_beauce_5;BTH;;SEMIS;semis;0.0;2.4;;;;;;;;;;;;;;;;;;;;;;;;;
2023;154;beauce_5_sa_045;organique_beauce_5;BTH;;FERTI;;0.0;0.0;;;;;;AN;mineral;N;;23.2;23.2;0.0;0.0;;;;;;;;;;;;
2023;155;beauce_5_sa_045;organique_beauce_5;BTH;;FERTI;;0.0;0.0;;;;;;AN;mineral;N;;6.1;6.1;0.0;0.0;;;;;;;;;;;;
2023;358;beauce_5_sa_045;organique_beauce_5;BTH;;FERTI;;0.0;0.0;;;;;;AN;mineral;N;;11.3;11.3;0.0;0.0;;;;;;;;;;;;
2023;227;beauce_5_sa_046;organique_beauce_5;BTH;;RECOLTE;;0.0;0.0;4.73;;;;;;;;;;;;;0.0;4.18;3.0;;;;;;;;;
2023;272;beauce_5_sa_046;organique_beauce_5;BTH;;SEMIS;semis;0.0;3.0;;;;;;;;;;;;;;;;;;;;;;;;;
2023;179;beauce_5_sa_047;organique_beauce_5;BTH;;RECOLTE;;0.0;0.0;7.51;;;;;;;;;;;;;0.0;6.64;3.0;;;;;;;;;
2023;279;beauce_5_sa_047;organique_beauce_5;BTH;;SEMIS;semis;0.0;3.5;;;;;;;;;;;;;;;;;;;;;;;;;
2023;326;beauce_5_sa_047;organique_beauce_5;BTH;;FERTI;;0.0;0.0;;;;;;AN;mineral;N;;49.6;49.6;0.0;0.0;;;;;;;;;;;;
2023;242;beauce_5_sa_047;organique_beauce_5;BTH;;TRAVAIL_SOL;travail_sol_1;0.0;17.3;;;;;;;;;;;;;;;;;;;;;;;;;
2023;249;beauce_5_sa_047;organique_beauce_5;BTH;;TRAVAIL_SOL;une_reprise;0.0;6.4;;;;;;;;;;;;;;;;;;;;;;;;;
2023;185;beauce_5_sa_048;organique_beauce_5;BTH;;RECOLTE;;0.0;0.0;8.86;;;;;;;;;;;;;0.0;7.84;3.0;;;;;;;;;
2023;288;beauce_5_sa_048;organique_beauce_5;BTH;;SEMIS;semis;0.0;3.9;;;;;;;;;;;;;;;;;;;;;;;;;
2023;2;beauce_5_sa_048;organique_beauce_5;BTH;;FERTI;;0.0;0.0;;;;;;AN;mineral;N;;76.7;76.7;0.0;0.0;;;;;;;;;;;;
2023;104;beauce_5_sa_048;organique_beauce_5;BTH;;FERTI;;0.0;0.0;;;;;;AN;mineral;N;;97.7;97.7;0.0;0.0;;;;;;;;;;;;
2023;113;beauce_5_sa_048;organique_beauce_5;BTH;;FERTI;;0.0;0.0;;;;;;AN;mineral;N;;1.9;1.9;0.0;0.0;;;;;;;;;;;;
2023;249;beauce_5_sa_048;organique_beauce_5;BTH;;TRAVAIL_SOL;travail_sol_1;0.0;15.1;;;;;;;;;;;;;;;;;;;;;;;;;
2023;256;beauce_5_sa_048;organique_beauce_5;BTH;;TRAVAIL_SOL;une_reprise;0.0;8.8;;;;;;;;;;;;;;;;;;;;;;;;;
2023;190;beauce_5_sa_049;organique_beauce_5;BTH;;RECOLTE;;0.0;0.0;6.85;;;;;;;;;;;;;0.0;6.06;3.0;;;;;;;;;
2023;293;beauce_5_sa_049;organique_beauce_5;BTH;;SEMIS;semis;0.0;2.0;;;;;;;;;;;;;;;;;;;;;;;;;
2023;144;beauce_5_sa_049;organique_beauce_5;BTH;;FERTI;;0.0;0.0;;;;;;AN;mineral;N;;36.0;36.0;0.0;0.0;;;;;;;;;;;;
2023;145;beauce_5_sa_049;organique_beauce_5;BTH;;FERTI;;0.0;0.0;;;;;;AN;mineral;N;;2.6;2.6;0.0;0.0;;;;;;;;;;;;
2023;146;beauce_5_sa_049;organique_beauce_5;BTH;;FERTI;;0.0;0.0;;;;;;AN;mineral;N;;6.8;6.8;0.0;0.0;;;;;;;;;;;;
2023;224;beauce_5_sa_050;organique_beauce_5;BTH;;RECOLTE;;0.0;0.0;5.95;;;;;;;;;;;;;0.0;5.27;3.0;;;;;;;;;
2023;313;beauce_5_sa_050;organique_beauce_5;BTH;;SEMIS;semis;0.0;1.1;;;;;;;;;;;;;;;;;;;;;;;;;
2023;87;beauce_5_sa_050;organique_beauce_5;BTH;;FERTI;;0.0;0.0;;;;;;AN;mineral;N;;16.7;16.7;0.0;0.0;;;;;;;;;;;;
2023;189;beauce_5_sa_051;organique_beauce_5;BTH;;RECOLTE;;0.0;0.0;8.09;;;;;;;;;;;;;0.0;7.16;3.0;;;;;;;;;
2023;259;beauce_5_sa_051;organique_beauce_5;BTH;;SEMIS;semis;0.0;3.6;;;;;;;;;;;;;;;;;;;;;;;;;
2023;74;beauce_5_sa_051;organique_beauce_5;BTH;;FERTI;;0.0;0.0;;;;;;AN;mineral;N;;87.8;87.8;0.0;0.0;;;;;;;;;;;;
2023;99;beauce_5_sa_051;organique_beauce_5;BTH;;FERTI;;0.0;0.0;;;;;;AN;mineral;N;;1.1;1.1;0.0;0.0;;;;;;;;;;;;
2023;164;beauce_5_sa_051;organique_beauce_5;BTH;;FERTI;;0.0;0.0;;;;;;AN;mineral;N;;1.1;1.1;0.0;0.0;;;;;;;;;;;;
2023;253;beauce_5_sa_051;organique_beauce_5;BTH;;TRAVAIL_SOL;travail_sol_1;0.0;24.5;;;;;;;;;;;;;;;;;;;;;;;;;
2023;173;beauce_5_sa_052;organique_beauce_5;BTH;;RECOLTE;;0.0;0.0;6.01;;;;;;;;;;;;;0.0;5.31;3.0;;;;;;;;;
2023;260;beauce_5_sa_052;organique_beauce_5;BTH;;SEMIS;semis;0.0;1.8;;;;;;;;;;;;;;;;;;;;;;;;;
2023;28;beauce_5_sa_052;organique_beauce_5;BTH;;FERTI;;0.0;0.0;;;;;;AN;mineral;N;;9.7;9.7;0.0;0.0;;;;;;;;;;;;
2023;58;beauce_5_sa_052;organique_beauce_5;BTH;;FERTI;;0.0;0.0;;;;;;AN;mineral;N;;1.4;1.4;0.0;0.0;;;;;;;;;;;;
2023;230;beauce_5_sa_052;organique_beauce_5;BTH;;TRAVAIL_SOL;travail_sol_1;0.0;22.0;;;;;;;;;;;;;;;;;;;;;;;;;
2023;237;beauce_5_sa_052;organique_beauce_5;BTH;;TRAVAIL_SOL;une_reprise;0.0;23.3;;;;;;;;;;;;;;;;;;;;;;;;;
2023;173;beauce_5_sa_053;organique_beauce_5;BTH;;RECOLTE;;0.0;0.0;4.82;;;;;;;;;;;;;0.0;4.26;3.0;;;;;;;;;
2023;315;beauce_5_sa_053;organique_beauce_5;BTH;;SEMIS;semis;0.0;3.0;;;;;;;;;;;;;;;;;;;;;;;;;
2023;12;beauce_5_sa_053;organique_beauce_5;BTH;;FERTI;;0.0;0.0;;;;;;AN;mineral;N;;1.5;1.5;0.0;0.0;;;;;;;;;;;;
2023;114;beauce_5_sa_053;organique_beauce_5;BTH;;FERTI;;0.0;0.0;;;;;;AN;mineral;N;;11.3;11.3;0.0;0.0;;;;;;;;;;;;
2023;198;beauce_5_sa_054;organique_beauce_5;BTH;;RECOLTE;;0.0;0.0;8.87;;;;;;;;;;;;;0.0;7.85;3.0;;;;;;;;;
2023;312;beauce_5_sa_054;organique_beauce_5;BTH;;SEMIS;semis;0.0;1.9;;;;;;;;;;;;;;;;;;;;;;;;;
2023;32;beauce_5_sa_054;organique_beauce_5;BTH;;FERTI;;0.0;0.0;;;;;;AN;mineral;N;;7.8;7.8;0.0;0.0;;;;;;;;;;;;
2023;97;beauce_5_sa_054;organique_beauce_5;BTH;;FERTI;;0.0;0.0;;;;;;AN;mineral;N;;78.2;78.2;0.0;0.0;;;;;;;;;;;;
2023;143;beauce_5_sa_054;organique_beauce_5;BTH;;FERTI;;0.0;0.0;;;;;;AN;mineral;N;;84.8;84.8;0.0;0.0;;;;;;;;;;;;
2023;204;beauce_5_sa_055;organique_beauce_5;BTH;;RECOLTE;;0.0;0.0;7.21;;;;;;;;;;;;;0.0;6.38;3.0;;;;;;;;;
2023;276;beauce_5_sa_055;organique_beauce_5;BTH;;SEMIS;semis;0.0;3.4;;;;;;;;;;;;;;;;;;;;;;;;;
2023;144;beauce_5_sa_055;organique_beauce_5;BTH;;FERTI;;0.0;0.0;;;;;;AN;mineral;N;;24.8;24.8;0.0;0.0;;;;;;;;;;;;
2023;145;beauce_5_sa_055;organique_beauce_5;BTH;;FERTI;;0.0;0.0;;;;;;AN;mineral;N;;20.1;20.1;0.0;0.0;;;;;;;;;;;;
2023;146;beauce_5_sa_055;organique_beauce_5;BTH;;FERTI;;0.0;0.0;;;;;;AN;mineral;N;;19.8;19.8;0.0;0.0;;;;;;;;;;;;
2023;260;beauce_5_sa_055;organique_beauce_5;BTH;;TRAVAIL_SOL;travail_sol_1;0.0;7.3;;;;;;;;;;;;;;;;;;;;;;;;;
2023;221;beauce_5_sa_056;organique_beauce_5;BTH;;RECOLTE;;0.0;0.0;5.25;;;;;;;;;;;;;0.0;4.65;3.0;;;;;;;;;
2023;263;beauce_5_sa_056;organique_beauce_5;BTH;;SEMIS;semis;0.0;1.8;;;;;;;;;;;;;;;;;;;;;;;;;
2023;98;beauce_5_sa_056;organique_beauce_5;BTH;;FERTI;;0.0;0.0;;;;;;AN;mineral;N;;1.1;1.1;0.0;0.0;;;;;;;;;;;;
2023;330;beauce_5_sa_056;organique_beauce_5;BTH;;FERTI;;0.0;0.0;;;;;;AN;mineral;N;;1.1;1.1;0.0;0.0;;;;;;;;;;;;
2023;241;beauce_5_sa_056;organique_beauce_5;BTH;;TRAVAIL_SOL;travail_sol_1;0.0;3.9;;;;;;;;;;;;;;;;;;;;;;;;;
2023;248;beauce_5_sa_056;organique_beauce_5;BTH;;TRAVAIL_SOL;une_reprise;0.0;21.0;;;;;;;;;;;;;;;;;;;;;;;;;
2023;215;beauce_5_sa_057;organique_beauce_5;BTH;;RECOLTE;;0.0;0.0;5.21;;;;;;;;;;;;;0.0;4.61;3.0;;;;;;;;;
2023;295;beauce_5_sa_057;organique_beauce_5;BTH;;SEMIS;semis;0.0;1.1;;;;;;;;;;;;;;;;;;;;;;;;;
2023;74;beauce_5_sa_057;organique_beauce_5;BTH;;FERTI;;0.0;0.0;;;;;;AN;mineral;N;;2.9;2.9;0.0;0.0;;;;;;;;;;;;
2023;277;beauce_5_sa_057;organique_beauce_5;BTH;;TRAVAIL_SOL;travail_sol_1;0.0;14.3;;;;;;;;;;;;;;;;;;;;;;;;;
2023;184;beauce_5_sa_058;organique_beauce_5;BTH;;RECOLTE;;0.0;0.0;5.35;;;;;;;;;;;;;0.0;4.73;3.0;;;;;;;;;
2023;264;beauce_5_sa_058;organique_beauce_5;BTH;;SEMIS;semis;0.0;3.1;;;;;;;;;;;;;;;;;;;;;;;;;
2023;27;beauce_5_sa_058;organique_beauce_5;BTH;;FERTI;;0.0;0.0;;;;;;AN;mineral;N;;1.3;1.3;0.0;0.0;;;;;;;;;;;;
2023;251;beauce_5_sa_058;organique_beauce_5;BTH;;TRAVAIL_SOL;travail_sol_1;0.0;4.5;;;;;;;;;;;;;;;;;;;;;;;;;
2023;258;beauce_5_sa_058;organique_beauce_5;BTH;;TRAVAIL_SOL;une_reprise;0.0;3.4;;;;;;;;;;;;;;;;;;;;;;;;;
2023;200;beauce_5_sa_059;organique_beauce_5;BTH;;RECOLTE;;0.0;0.0;5.61;;;;;;;;;;;;;0.0;4.96;3.0;;;;;;;;;
2023;266;beauce_5_sa_059;organique_beauce_5;BTH;;SEMIS;semis;0.0;2.7;;;;;;;;;;;;;;;;;;;;;;;;;
2023;111;beauce_5_sa_059;organique_beauce_5;BTH;;FERTI;;0.0;0.0;;;;;;AN;mineral;N;;6.4;6.4;0.0;0.0;;;;;;;;;;;;
2023;231;beauce_5_sa_059;organique_beauce_5;BTH;;TRAVAIL_SOL;travail_sol_1;0.0;23.1;;;;;;;;;;;;;;;;;;;;;;;;;
2023;238;beauce_5_sa_059;organique_beauce_5;BTH;;TRAVAIL_SOL;une_reprise;0.0;10.9;;;;;;;;;;;;;;;;;;;;;;;;;
2023;183;beauce_5_sa_060;organique_beauce_5;BTH;;RECOLTE;;0.0;0.0;4.98;;;;;;;;;;;;;0.0;4.4;3.0;;;;;;;;;
2023;290;beauce_5_sa_060;organique_beauce_5;BTH;;SEMIS;semis;0.0;1.8;;;;;;;;;;;;;;;;;;;;;;;;;
2023;282;beauce_5_sa_060;organique_beauce_5;BTH;;TRAVAIL_SOL;travail_sol_1;0.0;3.5;;;;;;;;;;;;;;;;;;;;;;;;;
2023;175;beauce_5_sa_061;organique_beauce_5;BTH;;RECOLTE;;0.0;0.0;6.49;;;;;;;;;;;;;0.0;5.74;3.0;;;;;;;;;
2023;285;beauce_5_sa_061;organique_beauce_5;BTH;;SEMIS;semis;0.0;2.5;;;;;;;;;;;;;;;;;;;;;;;;;
2023;139;beauce_5_sa_061;organique_beauce_5;BTH;;FERTI;;0.0;0.0;;;;;;AN;mineral;N;;26.8;26.8;0.0;0.0;;;;;;;;;;;;
2023;140;beauce_5_sa_061;organique_beauce_5;BTH;;FERTI;;0.0;0.0;;;;;;AN;mineral;N;;10.7;10.7;0.0;0.0;;;;;;;;;;;;
2023;208;beauce_5_sa_062;organique_beauce_5;BTH;;RECOLTE;;0.0;0.0;4.94;;;;;;;;;;;;;0.0;4.37;3.0;;;;;;;;;
2023;290;beauce_5_sa_062;organique_beauce_5;BTH;;SEMIS;semis;0.0;3.3;;;;;;;;;;;;;;;;;;;;;;;;;
2023;279;beauce_5_sa_062;organique_beauce_5;BTH;;TRAVAIL_SOL;travail_sol_1;0.0;16.3;;;;;;;;;;;;;;;;;;;;;;;;;
2023;286;beauce_5_sa_062;organique_beauce_5;BTH;;TRAVAIL_SOL;une_reprise;0.0;14.6;;;;;;;;;;;;;;;;;;;;;;;;;
2023;200;beauce_5_sa_063;organique_beauce_5;BTH;;RECOLTE;;0.0;0.0;6.24;;;;;;;;;;;;;0.0;5.52;3.0;;;;;;;;;
2023;291;beauce_5_sa_063;organique_beauce_5;BTH;;SEMIS;semis;0.0;2.4;;;;;;;;;;;;;;;;;;;;;;;;;
2023;23;beauce_5_sa_063;organique_beauce_5;BTH;;FERTI;;0.0;0.0;;;;;;AN;mineral;N;;19.0;19.0;0.0;0.0;;;;;;;;;;;;
2023;265;beauce_5_sa_063;organique_beauce_5;BTH;;TRAVAIL_SOL;travail_sol_1;0.0;9.2;;;;;;;;;;;;;;;;;;;;;;;;;
2023;203;beauce_5_sa_064;organique_beauce_5;BTH;;RECOLTE;;0.0;0.0;5.4;;;;;;;;;;;;;0.0;4.78;3.0;;;;;;;;;
2023;311;beauce_5_sa_064;organique_beauce_5;BTH;;SEMIS;semis;0.0;3.8;;;;;;;;;;;;;;;;;;;;;;;;;
2023;67;beauce_5_sa_064;organique_beauce_5;BTH;;FERTI;;0.0;0.0;;;;;;AN;mineral;N;;1.2;1.2;0.0;0.0;;;;;;;;;;;;
2023;155;beauce_5_sa_064;organique_beauce_5;BTH;;FERTI;;0.0;0.0;;;;;;AN;mineral;N;;1.0;1.0;0.0;0.0;;;;;;;;;;;;
2023;270;beauce_5_sa_064;organique_beauce_5;BTH;;TRAVAIL_SOL;travail_sol_1;0.0;5.5;;;;;;;;;;;;;;;;;;;;;;;;;
2023;191;beauce_5_sa_065;organique_beauce_5;BTH;;RECOLTE;;0.0;0.0;5.12;;;;;;;;;;;;;0.0;4.53;3.0;;;;;;;;;
2023;309;beauce_5_sa_065;organique_beauce_5;BTH;;SEMIS;semis;0.0;1.8;;;;;;;;;;;;;;;;;;;;;;;;;
2023;149;beauce_5_sa_065;organique_beauce_5;BTH;;FERTI;;0.0;0.0;;;;;;AN;mineral;N;;1.4;1.4;0.0;0.0;;;;;;;;;;;;
2023;150;beauce_5_sa_065;organique_beauce_5;BTH;;FERTI;;0.0;0.0;;;;;;AN;mineral;N;;1.7;1.7;0.0;0.0;;;;;;;;;;;;
2023;288;beauce_5_sa_065;organique_beauce_5;BTH;;TRAVAIL_SOL;travail_sol_1;0.0;11.3;;;;;;;;;;;;;;;;;;;;;;;;;
2023;295;beauce_5_sa_065;organique_beauce_5;BTH;;TRAVAIL_SOL;une_reprise;0.0;16.5;;;;;;;;;;;;;;;;;;;;;;;;;
2023;207;beauce_5_sa_066;organique_beauce_5;BTH;;RECOLTE;;0.0;0.0;5.21;;;;;;;;;;;;;0.0;4.61;3.0;;;;;;;;;
2023;263;beauce_5_sa_066;organique_beauce_5;BTH;;SEMIS;semis;0.0;3.7;;;;;;;;;;;;;;;;;;;;;;;;;
2023;194;beauce_5_sa_067;organique_beauce_5;BTH;;RECOLTE;;0.0;0.0;6.83;;;;;;;;;;;;;0.0;6.04;3.0;;;;;;;;;
2023;264;beauce_5_sa_067;organique_beauce_5;BTH;;SEMIS;semis;0.0;3.3;;;;;;;;;;;;;;;;;;;;;;;;;
2023;123;beauce_5_sa_067;organique_beauce_5;BTH;;FERTI;;0.0;0.0;;;;;;AN;mineral;N;;29.9;29.9;0.0;0.0;;;;;;;;;;;;
2023;232;beauce_5_sa_067;organique_beauce_5;BTH;;TRAVAIL_SOL;travail_sol_1;0.0;20.3;;;;;;;;;;;;;;;;;;;;;;;;;
2023;174;beauce_5_sa_068;organique_beauce_5;BTH;;RECOLTE;;0.0;0.0;4.49;;;;;;;;;;;;;0.0;3.97;3.0;;;;;;;;;
2023;286;beauce_5_sa_068;organique_beauce_5;BTH;;SEMIS;semis;0.0;3.1;;;;;;;;;;;;;;;;;;;;;;;;;
2023;208;beauce_5_sa_069;organique_beauce_5;BTH;;RECOLTE;;0.0;0.0;5.7;;;;;;;;;;;;;0.0;5.04;3.0;;;;;;;;;
2023;293;beauce_5_sa_069;organique_beauce_5;BTH;;SEMIS;semis;0.0;2.3;;;;;;;;;;;;;;;;;;;;;;;;;
2023;137;beauce_5_sa_069;organique_beauce_5;BTH;;FERTI;;0.0;0.0;;;;;;AN;mineral;N;;4.2;4.2;0.0;0.0;;;;;;;;;;;;
2023;331;beauce_5_sa_069;organique_beauce_5;BTH;;FERTI;;0.0;0.0;;;;;;AN;mineral;N;;8.4;8.4;0.0;0.0;;;;;;;;;;;;
2023;179;beauce_5_sa_070;organique_beauce_5;BTH;;RECOLTE;;0.0;0.0;6.39;;;;;;;;;;;;;0.0;5.65;3.0;;;;;;;;;
2023;291;beauce_5_sa_070;organique_beauce_5;BTH;;SEMIS;semis;0.0;1.0;;;;;;;;;;;;;;;;;;;;;;;;;
2023;21;beauce_5_sa_070;organique_beauce_5;BTH;;FERTI;;0.0;0.0;;;;;;AN;mineral;N;;10.6;10.6;0.0;0.0;;;;;;;;;;;;
2023;164;beauce_5_sa_070;organique_beauce_5;BTH;;FERTI;;0.0;0.0;;;;;;AN;mineral;N;;18.5;18.5;0.0;0.0;;;;;;;;;;;;
2023;165;beauce_5_sa_070;organique_beauce_5;BTH;;FERTI;;0.0;0.0;;;;;;AN;mineral;N;;3.0;3.0;0.0;0.0;;;;;;;;;;;;
2023;244;beauce_5_sa_070;organique_beauce_5;BTH;;TRAVAIL_SOL;travail_sol_1;0.0;2.4;;;;;;;;;;;;;;;;;;;;;;;;;
2023;251;beauce_5_sa_070;organique_beauce_5;BTH;;TRAVAIL_SOL;une_reprise;0.0;10.4;;;;;;;;;;;;;;;;;;;;;;;;;
2023;213;beauce_5_sa_071;organique_beauce_5;BTH;;RECOLTE;;0.0;0.0;6.95;;;;;;;;;;;;;0.0;6.15;3.0;;;;;;;;;
2023;261;beauce_5_sa_071;organique_beauce_5;BTH;;SEMIS;semis;0.0;3.5;;;;;;;;;;;;;;;;;;;;;;;;;
2023;126;beauce_5_sa_071;organique_beauce_5;BTH;;FERTI;;0.0;0.0;;;;;;AN;mineral;N;;58.6;58.6;0.0;0.0;;;;;;;;;;;;
2023;198;beauce_5_sa_072;organique_beauce_5;BTH;;RECOLTE;;0.0;0.0;6.34;;;;;;;;;;;;;0.0;5.61;3.0;;;;;;;;;
2023;304;beauce_5_sa_072;organique_beauce_5;BTH;;SEMIS;semis;0.0;1.1;;;;;;;;;;;;;;;;;;;;;;;;;
2023;67;beauce_5_sa_072;organique_beauce_5;BTH;;FERTI;;0.0;0.0;;;;;;AN;mineral;N;;22.2;22.2;0.0;0.0;;;;;;;;;;;;
2023;288;beauce_5_sa_072;organique_beauce_5;BTH;;TRAVAIL_SOL;travail_sol_1;0.0;9.3;;;;;;;;;;;;;;;;;;;;;;;;;
2023;209;beauce_5_sa_073;organique_beauce_5;BTH;;RECOLTE;;0.0;0.0;5.9;;;;;;;;;;;;;0.0;5.22;3.0;;;;;;;;;
2023;287;beauce_5_sa_073;organique_beauce_5;BTH;;SEMIS;semis;0.0;1.9;;;;;;;;;;;;;;;;;;;;;;;;;
2023;346;beauce_5_sa_073;organique_beauce_5;BTH;;FERTI;;0.0;0.0;;;;;;AN;mineral;N;;5.2;5.2;0.0;0.0;;;;;;;;;;;;
2023;175;beauce_5_sa_074;organique_beauce_5;BTH;;RECOLTE;;0.0;0.0;4.36;;;;;;;;;;;;;0.0;3.86;3.0;;;;;;;;;
2023;305;beauce_5_sa_074;organique_beauce_5;BTH;;SEMIS;semis;0.0;2.6;;;;;;;;;;;;;;;;;;;;;;;;;
2023;212;beauce_5_sa_075;organique_beauce_5;BTH;;RECOLTE;;0.0;0.0;5.21;;;;;;;;;;;;;0.0;4.61;3.0;;;;;;;;;
2023;297;beauce_5_sa_075;organique_beauce_5;BTH;;SEMIS;semis;0.0;2.8;;;;;;;;;;;;;;;;;;;;;;;;;
2023;208;beauce_5_sa_076;organique_beauce_5;BTH;;RECOLTE;;0.0;0.0;7.15;;;;;;;;;;;;;0.0;6.32;3.0;;;;;;;;;
2023;286;beauce_5_sa_076;organique_beauce_5;BTH;;SEMIS;semis;0.0;3.4;;;;;;;;;;;;;;;;;;;;;;;;;
2023;170;beauce_5_sa_076;organique_beauce_5;BTH;;FERTI;;0.0;0.0;;;;;;AN;mineral;N;;1.5;1.5;0.0;0.0;;;;;;;;;;;;
2023;171;beauce_5_sa_076;organique_beauce_5;BTH;;FERTI;;0.0;0.0;;;;;;AN;mineral;N;;72.9;72.9;0.0;0.0;;;;;;;;;;;;
2023;221;beauce_5_sa_077;organique_beauce_5;BTH;;RECOLTE;;0.0;0.0;5.02;;;;;;;;;;;;;0.0;4.44;3.0;;;;;;;;;
2023;278;beauce_5_sa_077;organique_beauce_5;BTH;;SEMIS;semis;0.0;2.1;;;;;;;;;;;;;;;;;;;;;;;;;
2023;256;beauce_5_sa_077;organique_beauce_5;BTH;;TRAVAIL_SOL;travail_sol_1;0.0;15.3;;;;;;;;;;;;;;;;;;;;;;;;;
2023;263;beauce_5_sa_077;organique_beauce_5;BTH;;TRAVAIL_SOL;une_reprise;0.0;13.3;;;;;;;;;;;;;;;;;;;;;;;;;
2023;177;beauce_5_sa_078;organique_beauce_5;BTH;;RECOLTE;;0.0;0.0;7.74;;;;;;;;;;;;;0.0;6.85;3.0;;;;;;;;;
2023;306;beauce_5_sa_078;organique_beauce_5;BTH;;SEMIS;semis;0.0;1.5;;;;;;;;;;;;;;;;;;;;;;;;;
2023;122;beauce_5_sa_078;organique_beauce_5;BTH;;FERTI;;0.0;0.0;;;;;;AN;mineral;N;;70.9;70.9;0.0;0.0;;;;;;;;;;;;
2023;178;beauce_5_sa_079;organique_beauce_5;BTH;;RECOLTE;;0.0;0.0;8.45;;;;;;;;;;;;;0.0;7.47;3.0;;;;;;;;;
2023;273;beauce_5_sa_079;organique_beauce_5;BTH;;SEMIS;semis;0.0;3.8;;;;;;;;;;;;;;;;;;;;;;;;;
2023;364;beauce_5_sa_079;organique_beauce_5;BTH;;FERTI;;0.0;0.0;;;;;;AN;mineral;N;;68.4;68.4;0.0;0.0;;;;;;;;;;;;
2023;226;beauce_5_sa_080;organique_beauce_5;BTH;;RECOLTE;;0.0;0.0;7.55;;;;;;;;;;;;;0.0;6.68;3.0;;;;;;;;;
2023;268;beauce_5_sa_080;organique_beauce_5;BTH;;SEMIS;semis;0.0;2.3;;;;;;;;;;;;;;;;;;;;;;;;;
2023;102;beauce_5_sa_080;organique_beauce_5;BTH;;FERTI;;0.0;0.0;;;;;;AN;mineral;N;;28.3;28.3;0.0;0.0;;;;;;;;;;;;
2023;117;beauce_5_sa_080;organique_beauce_5;BTH;;FERTI;;0.0;0.0;;;;;;AN;mineral;N;;52.2;52.2;0.0;0.0;;;;;;;;;;;;
2023;173;beauce_5_sa_081;organique_beauce_5;BTH;;RECOLTE;;0.0;0.0;5.13;;;;;;;;;;;;;0.0;4.54;3.0;;;;;;;;;
2023;278;beauce_5_sa_081;organique_beauce_5;BTH;;SEMIS;semis;0.0;1.4;;;;;;;;;;;;;;;;;;;;;;;;;
2023;240;beauce_5_sa_081;organique_beauce_5;BTH;;TRAVAIL_SOL;travail_sol_1;0.0;12.1;;;;;;;;;;;;;;;;;;;;;;;;;
2023;228;beauce_5_sa_082;organique_beauce_5;BTH;;RECOLTE;;0.0;0.0;4.74;;;;;;;;;;;;;0.0;4.19;3.0;;;;;;;;;
2023;317;beauce_5_sa_082;organique_beauce_5;BTH;;SEMIS;semis;0.0;2.1;;;;;;;;;;;;;;;;;;;;;;;;;
2023;310;beauce_5_sa_082;organique_beauce_5;BTH;;TRAVAIL_SOL;travail_sol_1;0.0;16.8;;;;;;;;;;;;;;;;;;;;;;;;;
2023;226;beauce_5_sa_083;organique_beauce_5;BTH;;RECOLTE;;0.0;0.0;8.72;;;;;;;;;;;;;0.0;7.71;3.0;;;;;;;;;
2023;309;beauce_5_sa_083;organique_beauce_5;BTH;;SEMIS;semis;0.0;2.5;;;;;;;;;;;;;;;;;;;;;;;;;
2023;60;beauce_5_sa_083;organique_beauce_5;BTH;;FERTI;;0.0;0.0;;;;;;AN;mineral;N;;58.6;58.6;0.0;0.0;;;;;;;;;;;;
2023;102;beauce_5_sa_083;organique_beauce_5;BTH;;FERTI;;0.0;0.0;;;;;;AN;mineral;N;;1.2;1.2;0.0;0.0;;;;;;;;;;;;
2023;146;beauce_5_sa_083;organique_beauce_5;BTH;;FERTI;;0.0;0.0;;;;;;AN;mineral;N;;32.4;32.4;0.0;0.0;;;;;;;;;;;;
2023;225;beauce_5_sa_084;organique_beauce_5;BTH;;RECOLTE;;0.0;0.0;4.84;;;;;;;;;;;;;0.0;4.28;3.0;;;;;;;;;
2023;264;beauce_5_sa_084;organique_beauce_5;BTH;;SEMIS;semis;0.0;2.3;;;;;;;;;;;;;;;;;;;;;;;;;
2023;257;beauce_5_sa_084;organique_beauce_5;BTH;;TRAVAIL_SOL;travail_sol_1;0.0;8.3;;;;;;;;;;;;;;;;;;;;;;;;;
2023;186;beauce_5_sa_085;organique_beauce_5;BTH;;RECOLTE;;0.0;0.0;8.6;;;;;;;;;;;;;0.0;7.61;3.0;;;;;;;;;
2023;315;beauce_5_sa_085;organique_beauce_5;BTH;;SEMIS;semis;0.0;2.5;;;;;;;;;;;;;;;;;;;;;;;;;
2023;144;beauce_5_sa_085;organique_beauce_5;BTH;;FERTI;;0.0;0.0;;;;;;AN;mineral;N;;71.9;71.9;0.0;0.0;;;;;;;;;;;;
2023;145;beauce_5_sa_085;organique_beauce_5;BTH;;FERTI;;0.0;0.0;;;;;;AN;mineral;N;;76.4;76.4;0.0;0.0;;;;;;;;;;;;
2023;305;beauce_5_sa_085;organique_beauce_5;BTH;;TRAVAIL_SOL;travail_sol_1;0.0;14.4;;;;;;;;;;;;;;;;;;;;;;;;;
2023;215;beauce_5_sa_086;organique_beauce_5;BTH;;RECOLTE;;0.0;0.0;5.51;;;;;;;;;;;;;0.0;4.88;3.0;;;;;;;;;
2023;259;beauce_5_sa_086;organique_beauce_5;BTH;;SEMIS;semis;0.0;1.5;;;;;;;;;;;;;;;;;;;;;;;;;
2023;92;beauce_5_sa_086;organique_beauce_5;BTH;;FERTI;;0.0;0.0;;;;;;AN;mineral;N;;1.0;1.0;0.0;0.0;;;;;;;;;;;;
2023;187;beauce_5_sa_087;organique_beauce_5;BTH;;RECOLTE;;0.0;0.0;8.88;;;;;;;;;;;;;0.0;7.85;3.0;;;;;;;;;
2023;303;beauce_5_sa_087;organique_beauce_5;BTH;;SEMIS;semis;0.0;3.0;;;;;;;;;;;;;;;;;;;;;;;;;
2023;74;beauce_5_sa_087;organique_beauce_5;BTH;;FERTI;;0.0;0.0;;;;;;AN;mineral;N;;3.4;3.4;0.0;0.0;;;;;;;;;;;;
2023;75;beauce_5_sa_087;organique_beauce_5;BTH;;FERTI;;0.0;0.0;;;;;;AN;mineral;N;;62.3;62.3;0.0;0.0;;;;;;;;;;;;
2023;102;beauce_5_sa_087;organique_beauce_5;BTH;;FERTI;;0.0;0.0;;;;;;AN;mineral;N;;81.6;81.6;0.0;0.0;;;;;;;;;;;;
2023;225;beauce_5_sa_088;organique_beauce_5;BTH;;RECOLTE;;0.0;0.0;5.8;;;;;;;;;;;;;0.0;5.13;3.0;;;;;;;;;
2023;270;beauce_5_sa_088;organique_beauce_5;BTH;;SEMIS;semis;0.0;2.1;;;;;;;;;;;;;;;;;;;;;;;;;
2023;125;beauce_5_sa_088;organique_beauce_5;BTH;;FERTI;;0.0;0.0;;;;;;AN;mineral;N;;1.3;1.3;0.0;0.0;;;;;;;;;;;;
2023;126;beauce_5_sa_088;organique_beauce_5;BTH;;FERTI;;0.0;0.0;;;;;;AN;mineral;N;;9.7;9.7;0.0;0.0;;;;;;;;;;;;
2023;233;beauce_5_sa_088;organique_beauce_5;BTH;;TRAVAIL_SOL;travail_sol_1;0.0;9.5;;;;;;;;;;;;;;;;;;;;;;;;;
2023;240;beauce_5_sa_088;organique_beauce_5;BTH;;TRAVAIL_SOL;une_reprise;0.0;11.7;;;;;;;;;;;;;;;;;;;;;;;;;
2023;226;beauce_5_sa_089;organique_beauce_5;BTH;;RECOLTE;;0.0;0.0;4.91;;;;;;;;;;;;;0.0;4.34;3.0;;;;;;;;;
2023;316;beauce_5_sa_089;organique_beauce_5;BTH;;SEMIS;semis;0.0;3.2;;;;;;;;;;;;;;;;;;;;;;;;;
2023;297;beauce_5_sa_089;organique_beauce_5;BTH;;TRAVAIL_SOL;travail_sol_1;0.0;10.8;;;;;;;;;;;;;;;;;;;;;;;;;
2023;215;beauce_5_sa_090;organique_beauce_5;BTH;;RECOLTE;;0.0;0.0;8.57;;;;;;;;;;;;;0.0;7.58;3.0;;;;;;;;;
2023;282;beauce_5_sa_090;organique_beauce_5;BTH;;SEMIS;semis;0.0;3.2;;;;;;;;;;;;;;;;;;;;;;;;;
2023;151;beauce_5_sa_090;organique_beauce_5;BTH;;FERTI;;0.0;0.0;;;;;;AN;mineral;N;;3.0;3.0;0.0;0.0;;;;;;;;;;;;
2023;152;beauce_5_sa_090;organique_beauce_5;BTH;;FERTI;;0.0;0.0;;;;;;AN;mineral;N;;90.8;90.8;0.0;0.0;;;;;;;;;;;;
2023;153;beauce_5_sa_090;organique_beauce_5;BTH;;FERTI;;0.0;0.0;;;;;;AN;mineral;N;;54.1;54.1;0.0;0.0;;;;;;;;;;;;
2023;230;beauce_5_sa_091;organique_beauce_5;BTH;;RECOLTE;;0.0;0.0;5.52;;;;;;;;;;;;;0.0;4.88;3.0;;;;;;;;;
2023;318;beauce_5_sa_091;organique_beauce_5;BTH;;SEMIS;semis;0.0;2.4;;;;;;;;;;;;;;;;;;;;;;;;;
2023;166;beauce_5_sa_091;organique_beauce_5;BTH;;FERTI;;0.0;0.0;;;;;;AN;mineral;N;;4.7;4.7;0.0;0.0;;;;;;;;;;;;
2023;274;beauce_5_sa_091;organique_beauce_5;BTH;;TRAVAIL_SOL;travail_sol_1;0.0;4.7;;;;;;;;;;;;;;;;;;;;;;;;;
2023;230;beauce_5_sa_092;organique_beauce_5;BTH;;RECOLTE;;0.0;0.0;6.19;;;;;;;;;;;;;0.0;5.48;3.0;;;;;;;;;
2023;261;beauce_5_sa_092;organique_beauce_5;BTH;;SEMIS;semis;0.0;3.3;;;;;;;;;;;;;;;;;;;;;;;;;
2023;61;beauce_5_sa_092;organique_beauce_5;BTH;;FERTI;;0.0;0.0;;;;;;AN;mineral;N;;22.2;22.2;0.0;0.0;;;;;;;;;;;;
2023;239;beauce_5_sa_092;organique_beauce_5;BTH;;TRAVAIL_SOL;travail_sol_1;0.0;16.1;;;;;;;;;;;;;;;;;;;;;;;;;
2023;246;beauce_5_sa_092;organique_beauce_5;BTH;;TRAVAIL_SOL;une_reprise;0.0;23.6;;;;;;;;;;;;;;;;;;;;;;;;;
2023;170;beauce_5_sa_093;organique_beauce_5;BTH;;RECOLTE;;0.0;0.0;4.61;;;;;;;;;;;;;0.0;4.08;3.0;;;;;;;;;
2023;314;beauce_5_sa_093;organique_beauce_5;BTH;;SEMIS;semis;0.0;3.5;;;;;;;;;;;;;;;;;;;;;;;;;
2023;330;beauce_5_sa_093;organique_beauce_5;BTH;;FERTI;;0.0;0.0;;;;;;AN;mineral;N;;3.3;3.3;0.0;0.0;;;;;;;;;;;;
2023;284;beauce_5_sa_093;organique_beauce_5;BTH;;TRAVAIL_SOL;travail_sol_1;0.0;19.7;;;;;;;;;;;;;;;;;;;;;;;;;
2023;291;beauce_5_sa_093;organique_beauce_5;BTH;;TRAVAIL_SOL;une_reprise;0.0;7.0;;;;;;;;;;;;;;;;;;;;;;;;;
2023;170;beauce_5_sa_094;organique_beauce_5;BTH;;RECOLTE;;0.0;0.0;7.64;;;;;;;;;;;;;0.0;6.76;3.0;;;;;;;;;
2023;275;beauce_5_sa_094;organique_beauce_5;BTH;;SEMIS;semis;0.0;2.9;;;;;;;;;;;;;;;;;;;;;;;;;
2023;42;beauce_5_sa_094;organique_beauce_5;BTH;;FERTI;;0.0;0.0;;;;;;AN;mineral;N;;1.7;1.7;0.0;0.0;;;;;;;;;;;;
2023;115;beauce_5_sa_094;organique_beauce_5;BTH;;FERTI;;0.0;0.0;;;;;;AN;mineral;N;;79.3;79.3;0.0;0.0;;;;;;;;;;;;
2023;230;beauce_5_sa_095;organique_beauce_5;BTH;;RECOLTE;;0.0;0.0;6.7;;;;;;;;;;;;;0.0;5.92;3.0;;;;;;;;;
2023;280;beauce_5_sa_095;organique_beauce_5;BTH;;SEMIS;semis;0.0;3.7;;;;;;;;;;;;;;;;;;;;;;;;;
2023;150;beauce_5_sa_095;organique_beauce_5;BTH;;FERTI;;0.0;0.0;;;;;;AN;mineral;N;;56.1;56.1;0.0;0.0;;;;;;;;;;;;
2023;227;beauce_5_sa_096;organique_beauce_5;BTH;;RECOLTE;;0.0;0.0;5.07;;;;;;;;;;;;;0.0;4.48;3.0;;;;;;;;;
2023;293;beauce_5_sa_096;organique_beauce_5;BTH;;SEMIS;semis;0.0;2.1;;;;;;;;;;;;;;;;;;;;;;;;;
2023;277;beauce_5_sa_096;organique_beauce_5;BTH;;TRAVAIL_SOL;travail_sol_1;0.0;24.9;;;;;;;;;;;;;;;;;;;;;;;;;
2023;230;beauce_5_sa_097;organique_beauce_5;BTH;;RECOLTE;;0.0;0.0;6.69;;;;;;;;;;;;;0.0;5.92;3.0;;;;;;;;;
2023;316;beauce_5_sa_097;organique_beauce_5;BTH;;SEMIS;semis;0.0;1.0;;;;;;;;;;;;;;;;;;;;;;;;;
2023;58;beauce_5_sa_097;organique_beauce_5;BTH;;FERTI;;0.0;0.0;;;;;;AN;mineral;N;;25.4;25.4;0.0;0.0;;;;;;;;;;;;
2023;335;beauce_5_sa_097;organique_beauce_5;BTH;;FERTI;;0.0;0.0;;;;;;AN;mineral;N;;6.6;6.6;0.0;0.0;;;;;;;;;;;;
2023;302;beauce_5_sa_097;organique_beauce_5;BTH;;TRAVAIL_SOL;travail_sol_1;0.0;19.4;;;;;;;;;;;;;;;;;;;;;;;;;
2023;202;beauce_5_sa_098;organique_beauce_5;BTH;;RECOLTE;;0.0;0.0;5.62;;;;;;;;;;;;;0.0;4.97;3.0;;;;;;;;;
2023;283;beauce_5_sa_098;organique_beauce_5;BTH;;SEMIS;semis;0.0;2.3;;;;;;;;;;;;;;;;;;;;;;;;;
2023;123;beauce_5_sa_098;organique_beauce_5;BTH;;FERTI;;0.0;0.0;;;;;;AN;mineral;N;;3.9;3.9;0.0;0.0;;;;;;;;;;;;
2023;146;beauce_5_sa_098;organique_beauce_5;BTH;;FERTI;;0.0;0.0;;;;;;AN;mineral;N;;5.2;5.2;0.0;0.0;;;;;;;;;;;;
2023;248;beauce_5_sa_098;organique_beauce_5;BTH;;TRAVAIL_SOL;travail_sol_1;0.0;8.2;;;;;;;;;;;;;;;;;;;;;;;;;
2023;186;beauce_5_sa_099;organique_beauce_5;BTH;;RECOLTE;;0.0;0.0;5.37;;;;;;;;;;;;;0.0;4.75;3.0;;;;;;;;;
2023;284;beauce_5_sa_099;organique_beauce_5;BTH;;SEMIS;semis;0.0;1.7;;;;;;;;;;;;;;;;;;;;;;;;;
2023;25;beauce_5_sa_099;organique_beauce_5;BTH;;FERTI;;0.0;0.0;;;;;;AN;mineral;N;;1.6;1.6;0.0;0.0;;;;;;;;;;;;
2023;265;beauce_5_sa_099;organique_beauce_5;BTH;;TRAVAIL_SOL;travail_sol_1;0.0;5.9;;;;;;;;;;;;;;;;;;;;;;;;;
2024;228;beauce_5_sa_000;organique_beauce_5;BTH;;RECOLTE;;0.0;0.0;7.36;;;;;;;;;;;;;0.0;6.51;3.0;;;;;;;;;
2024;315;beauce_5_sa_000;organique_beauce_5;BTH;;SEMIS;semis;0.0;3.9;;;;;;;;;;;;;;;;;;;;;;;;;
2024;85;beauce_5_sa_000;organique_beauce_5;BTH;;FERTI;;0.0;0.0;;;;;;AN;mineral;N;;36.2;36.2;0.0;0.0;;;;;;;;;;;;
2024;215;beauce_5_sa_001;organique_beauce_5;BTH;;RECOLTE;;0.0;0.0;4.57;;;;;;;;;;;;;0.0;4.04;3.0;;;;;;;;;
2024;266;beauce_5_sa_001;organique_beauce_5;BTH;;SEMIS;semis;0.0;3.9;;;;;;;;;;;;;;;;;;;;;;;;;
2024;256;beauce_5_sa_001;organique_beauce_5;BTH;;TRAVAIL_SOL;travail_sol_1;0.0;22.9;;;;;;;;;;;;;;;;;;;;;;;;;
2024;178;beauce_5_sa_002;organique_beauce_5;BTH;;RECOLTE;;0.0;0.0;8.71;;;;;;;;;;;;;0.0;7.7;3.0;;;;;;;;;
2024;312;beauce_5_sa_002;organique_beauce_5;BTH;;SEMIS;semis;0.0;1.7;;;;;;;;;;;;;;;;;;;;;;;;;
2024;120;beauce_5_sa_002;organique_beauce_5;BTH;;FERTI;;0.0;0.0;;;;;;AN;mineral;N;;40.7;40.7;0.0;0.0;;;;;;;;;;;;
2024;121;beauce_5_sa_002;organique_beauce_5;BTH;;FERTI;;0.0;0.0;;;;;;AN;mineral;N;;31.4;31.4;0.0;0.0;;;;;;;;;;;;
2024;346;beauce_5_sa_002;organique_beauce_5;BTH;;FERTI;;0.0;0.0;;;;;;AN;mineral;N;;6.9;6.9;0.0;0.0;;;;;;;;;;;;
2024;195;beauce_5_sa_003;organique_beauce_5;BTH;;RECOLTE;;0.0;0.0;6.58;;;;;;;;;;;;;0.0;5.82;3.0;;;;;;;;;
2024;303;beauce_5_sa_003;organique_beauce_5;BTH;;SEMIS;semis;0.0;3.6;;;;;;;;;;;;;;;;;;;;;;;;;
2024;117;beauce_5_sa_003;organique_beauce_5;BTH;;FERTI;;0.0;0.0;;;;;;AN;mineral;N;;23.8;23.8;0.0;0.0;;;;;;;;;;;;
2024;133;beauce_5_sa_003;organique_beauce_5;BTH;;FERTI;;0.0;0.0;;;;;;AN;mineral;N;;1.3;1.3;0.0;0.0;;;;;;;;;;;;
2024;134;beauce_5_sa_003;organique_beauce_5;BTH;;FERTI;;0.0;0.0;;;;;;AN;mineral;N;;4.6;4.6;0.0;0.0;;;;;;;;;;;;
2024;260;beauce_5_sa_003;organique_beauce_5;BTH;;TRAVAIL_SOL;travail_sol_1;0.0;19.5;;;;;;;;;;;;;;;;;;;;;;;;;
2024;226;beauce_5_sa_004;organique_beauce_5;BTH;;RECOLTE;;0.0;0.0;5.35;;;;;;;;;;;;;0.0;4.73;3.0;;;;;;;;;
2024;307;beauce_5_sa_004;organique_beauce_5;BTH;;SEMIS;semis;0.0;3.6;;;;;;;;;;;;;;;;;;;;;;;;;
2024;228;beauce_5_sa_005;organique_beauce_5;BTH;;RECOLTE;;0.0;0.0;5.34;;;;;;;;;;;;;0.0;4.72;3.0;;;;;;;;;
2024;277;beauce_5_sa_005;organique_beauce_5;BTH;;SEMIS;semis;0.0;1.2;;;;;;;;;;;;;;;;;;;;;;;;;
2024;207;beauce_5_sa_006;organique_beauce_5;BTH;;RECOLTE;;0.0;0.0;8.54;;;;;;;;;;;;;0.0;7.55;3.0;;;;;;;;;
2024;317;beauce_5_sa_006;organique_beauce_5;BTH;;SEMIS;semis;0.0;1.5;;;;;;;;;;;;;;;;;;;;;;;;;
2024;142;beauce_5_sa_006;organique_beauce_5;BTH;;FERTI;;0.0;0.0;;;;;;AN;mineral;N;;1.4;1.4;0.0;0.0;;;;;;;;;;;;
2024;143;beauce_5_sa_006;organique_beauce_5;BTH;;FERTI;;0.0;0.0;;;;;;AN;mineral;N;;75.7;75.7;0.0;0.0;;;;;;;;;;;;
2024;354;beauce_5_sa_006;organique_beauce_5;BTH;;FERTI;;0.0;0.0;;;;;;AN;mineral;N;;2.2;2.2;0.0;0.0;;;;;;;;;;;;
2024;281;beauce_5_sa_006;organique_beauce_5;BTH;;TRAVAIL_SOL;travail_sol_1;0.0;6.4;;;;;;;;;;;;;;;;;;;;;;;;;
2024;189;beauce_5_sa_007;organique_beauce_5;BTH;;RECOLTE;;0.0;0.0;4.56;;;;;;;;;;;;;0.0;4.03;3.0;;;;;;;;;
2024;301;beauce_5_sa_007;organique_beauce_5;BTH;;SEMIS;semis;0.0;3.6;;;;;;;;;;;;;;;;;;;;;;;;;
2024;271;beauce_5_sa_007;organique_beauce_5;BTH;;TRAVAIL_SOL;travail_sol_1;0.0;14.6;;;;;;;;;;;;;;;;;;;;;;;;;
2024;278;beauce_5_sa_007;organique_beauce_5;BTH;;TRAVAIL_SOL;une_reprise;0.0;17.3;;;;;;;;;;;;;;;;;;;;;;;;;
2024;172;beauce_5_sa_008;organique_beauce_5;BTH;;RECOLTE;;0.0;0.0;8.56;;;;;;;;;;;;;0.0;7.57;3.0;;;;;;;;;
2024;274;beauce_5_sa_008;organique_beauce_5;BTH;;SEMIS;semis;0.0;1.2;;;;;;;;;;;;;;;;;;;;;;;;;
2024;153;beauce_5_sa_008;organique_beauce_5;BTH;;FERTI;;0.0;0.0;;;;;;AN;mineral;N;;14.4;14.4;0.0;0.0;;;;;;;;;;;;
2024;154;beauce_5_sa_008;organique_beauce_5;BTH;;FERTI;;0.0;0.0;;;;;;AN;mineral;N;;63.1;63.1;0.0;0.0;;;;;;;;;;;;
2024;350;beauce_5_sa_008;organique_beauce_5;BTH;;FERTI;;0.0;0.0;;;;;;AN;mineral;N;;4.2;4.2;0.0;0.0;;;;;;;;;;;;
2024;210;beauce_5_sa_009;organique_beauce_5;BTH;;RECOLTE;;0.0;0.0;5.95;;;;;;;;;;;;;0.0;5.26;3.0;;;;;;;;;
2024;310;beauce_5_sa_009;organique_beauce_5;BTH;;SEMIS;semis;0.0;3.8;;;;;;;;;;;;;;;;;;;;;;;;;
2024;166;beauce_5_sa_009;organique_beauce_5;BTH;;FERTI;;0.0;0.0;;;;;;AN;mineral;N;;2.6;2.6;0.0;0.0;;;;;;;;;;;;
2024;167;beauce_5_sa_009;organique_beauce_5;BTH;;FERTI;;0.0;0.0;;;;;;AN;mineral;N;;7.5;7.5;0.0;0.0;;;;;;;;;;;;
2024;295;beauce_5_sa_009;organique_beauce_5;BTH;;TRAVAIL_SOL;travail_sol_1;0.0;6.6;;;;;;;;;;;;;;;;;;;;;;;;;
2024;222;beauce_5_sa_010;organique_beauce_5;BTH;;RECOLTE;;0.0;0.0;6.03;;;;;;;;;;;;;0.0;5.33;3.0;;;;;;;;;
2024;266;beauce_5_sa_010;organique_beauce_5;BTH;;SEMIS;semis;0.0;1.8;;;;;;;;;;;;;;;;;;;;;;;;;
2024;1;beauce_5_sa_010;organique_beauce_5;BTH;;FERTI;;0.0;0.0;;;;;;AN;mineral;N;;21.4;21.4;0.0;0.0;;;;;;;;;;;;
2024;252;beauce_5_sa_010;organique_beauce_5;BTH;;TRAVAIL_SOL;travail_sol_1;0.0;21.3;;;;;;;;;;;;;;;;;;;;;;;;;
2024;206;beauce_5_sa_011;organique_beauce_5;BTH;;RECOLTE;;0.0;0.0;5.17;;;;;;;;;;;;;0.0;4.57;3.0;;;;;;;;;
2024;277;beauce_5_sa_011;organique_beauce_5;BTH;;SEMIS;semis;0.0;3.0;;;;;;;;;;;;;;;;;;;;;;;;;
2024;2;beauce_5_sa_011;organique_beauce_5;BTH;;FERTI;;0.0;0.0;;;;;;AN;mineral;N;;3.3;3.3;0.0;0.0;;;;;;;;;;;;
2024;196;beauce_5_sa_012;organique_beauce_5;BTH;;RECOLTE;;0.0;0.0;8.67;;;;;;;;;;;;;0.0;7.67;3.0;;;;;;;;;
2024;265;beauce_5_sa_012;organique_beauce_5;BTH;;SEMIS;semis;0.0;3.9;;;;;;;;;;;;;;;;;;;;;;;;;
2024;152;beauce_5_sa_012;organique_beauce_5;BTH;;FERTI;;0.0;0.0;;;;;;AN;mineral;N;;74.3;74.3;0.0;0.0;;;;;;;;;;;;
2024;153;beauce_5_sa_012;organique_beauce_5;BTH;;FERTI;;0.0;0.0;;;;;;AN;mineral;N;;3.6;3.6;0.0;0.0;;;;;;;;;;;;
2024;180;beauce_5_sa_013;organique_beauce_5;BTH;;RECOLTE;;0.0;0.0;8.83;;;;;;;;;;;;;0.0;7.81;3.0;;;;;;;;;
2024;290;beauce_5_sa_013;organique_beauce_5;BTH;;SEMIS;semis;0.0;1.4;;;;;;;;;;;;;;;;;;;;;;;;;
2024;75;beauce_5_sa_013;organique_beauce_5;BTH;;FERTI;;0.0;0.0;;;;;;AN;mineral;N;;44.4;44.4;0.0;0.0;;;;;;;;;;;;
2024;76;beauce_5_sa_013;organique_beauce_5;BTH;;FERTI;;0.0;0.0;;;;;;AN;mineral;N;;46.8;46.8;0.0;0.0;;;;;;;;;;;;
2024;94;beauce_5_sa_013;organique_beauce_5;BTH;;FERTI;;0.0;0.0;;;;;;AN;mineral;N;;14.8;14.8;0.0;0.0;;;;;;;;;;;;
2024;276;beauce_5_sa_013;organique_beauce_5;BTH;;TRAVAIL_SOL;travail_sol_1;0.0;4.6;;;;;;;;;;;;;;;;;;;;;;;;;
2024;283;beauce_5_sa_013;organique_beauce_5;BTH;;TRAVAIL_SOL;une_reprise;0.0;16.0;;;;;;;;;;;;;;;;;;;;;;;;;
2024;223;beauce_5_sa_014;organique_beauce_5;BTH;;RECOLTE;;0.0;0.0;6.62;;;;;;;;;;;;;0.0;5.86;3.0;;;;;;;;;
2024;278;beauce_5_sa_014;organique_beauce_5;BTH;;SEMIS;semis;0.0;1.6;;;;;;;;;;;;;;;;;;;;;;;;;
2024;141;beauce_5_sa_014;organique_beauce_5;BTH;;FERTI;;0.0;0.0;;;;;;AN;mineral;N;;34.7;34.7;0.0;0.0;;;;;;;;;;;;
2024;270;beauce_5_sa_014;organique_beauce_5;BTH;;TRAVAIL_SOL;travail_sol_1;0.0;9.9;;;;;;;;;;;;;;;;;;;;;;;;;
2024;227;beauce_5_sa_015;organique_beauce_5;BTH;;RECOLTE;;0.0;0.0;7.22;;;;;;;;;;;;;0.0;6.38;3.0;;;;;;;;;
2024;267;beauce_5_sa_015;organique_beauce_5;BTH;;SEMIS;semis;0.0;3.6;;;;;;;;;;;;;;;;;;;;;;;;;
2024;97;beauce_5_sa_015;organique_beauce_5;BTH;;FERTI;;0.0;0.0;;;;;;AN;mineral;N;;22.5;22.5;0.0;0.0;;;;;;;;;;;;
2024;98;beauce_5_sa_015;organique_beauce_5;BTH;;FERTI;;0.0;0.0;;;;;;AN;mineral;N;;3.4;3.4;0.0;0.0;;;;;;;;;;;;
2024;161;beauce_5_sa_015;organique_beauce_5;BTH;;FERTI;;0.0;0.0;;;;;;AN;mineral;N;;27.1;27.1;0.0;0.0;;;;;;;;;;;;
2024;237;beauce_5_sa_015;organique_beauce_5;BTH;;TRAVAIL_SOL;travail_sol_1;0.0;13.4;;;;;;;;;;;;;;;;;;;;;;;;;
2024;244;beauce_5_sa_015;organique_beauce_5;BTH;;TRAVAIL_SOL;une_reprise;0.0;17.8;;;;;;;;;;;;;;;;;;;;;;;;;
2024;179;beauce_5_sa_016;organique_beauce_5;BTH;;RECOLTE;;0.0;0.0;5.97;;;;;;;;;;;;;0.0;5.28;3.0;;;;;;;;;
2024;262;beauce_5_sa_016;organique_beauce_5;BTH;;SEMIS;semis;0.0;2.8;;;;;;;;;;;;;;;;;;;;;;;;;
2024;131;beauce_5_sa_016;organique_beauce_5;BTH;;FERTI;;0.0;0.0;;;;;;AN;mineral;N;;5.1;5.1;0.0;0.0;;;;;;;;;;;;
2024;132;beauce_5_sa_016;organique_beauce_5;BTH;;FERTI;;0.0;0.0;;;;;;AN;mineral;N;;13.9;13.9;0.0;0.0;;;;;;;;;;;;
2024;226;beauce_5_sa_016;organique_beauce_5;BTH;;TRAVAIL_SOL;travail_sol_1;0.0;15.3;;;;;;;;;;;;;;;;;;;;;;;;;
2024;233;beauce_5_sa_016;organique_beauce_5;BTH;;TRAVAIL_SOL;une_reprise;0.0;20.0;;;;;;;;;;;;;;;;;;;;;;;;;
2024;202;beauce_5_sa_017;organique_beauce_5;BTH;;RECOLTE;;0.0;0.0;5.14;;;;;;;;;;;;;0.0;4.55;3.0;;;;;;;;;
2024;294;beauce_5_sa_017;organique_beauce_5;BTH;;SEMIS;semis;0.0;3.8;;;;;;;;;;;;;;;;;;;;;;;;;
2024;9;beauce_5_sa_017;organique_beauce_5;BTH;;FERTI;;0.0;0.0;;;;;;AN;mineral;N;;1.9;1.9;0.0;0.0;;;;;;;;;;;;
2024;268;beauce_5_sa_017;organique_beauce_5;BTH;;TRAVAIL_SOL;travail_sol_1;0.0;21.1;;;;;;;;;;;;;;;;;;;;;;;;;
2024;190;beauce_5_sa_018;organique_beauce_5;BTH;;RECOLTE;;0.0;0.0;4.41;;;;;;;;;;;;;0.0;3.9;3.0;;;;;;;;;
2024;260;beauce_5_sa_018;organique_beauce_5;BTH;;SEMIS;semis;0.0;1.5;;;;;;;;;;;;;;;;;;;;;;;;;
2024;246;beauce_5_sa_018;organique_beauce_5;BTH;;TRAVAIL_SOL;travail_sol_1;0.0;21.3;;;;;;;;;;;;;;;;;;;;;;;;;
2024;253;beauce_5_sa_018;organique_beauce_5;BTH;;TRAVAIL_SOL;une_reprise;0.0;8.5;;;;;;;;;;;;;;;;;;;;;;;;;
2024;177;beauce_5_sa_019;organique_beauce_5;BTH;;RECOLTE;;0.0;0.0;5.26;;;;;;;;;;;;;0.0;4.65;3.0;;;;;;;;;
2024;259;beauce_5_sa_019;organique_beauce_5;BTH;;SEMIS;semis;0.0;2.9;;;;;;;;;;;;;;;;;;;;;;;;;
2024;220;beauce_5_sa_019;organique_beauce_5;BTH;;TRAVAIL_SOL;travail_sol_1;0.0;5.9;;;;;;;;;;;;;;;;;;;;;;;;;
2024;211;beauce_5_sa_020;organique_beauce_5;BTH;;RECOLTE;;0.0;0.0;6.12;;;;;;;;;;;;;0.0;5.42;3.0;;;;;;;;;
2024;309;beauce_5_sa_020;organique_beauce_5;BTH;;SEMIS;semis;0.0;1.4;;;;;;;;;;;;;;;;;;;;;;;;;
2024;47;beauce_5_sa_020;organique_beauce_5;BTH;;FERTI;;0.0;0.0;;;;;;AN;mineral;N;;14.0;14.0;0.0;0.0;;;;;;;;;;;;
2024;76;beauce_5_sa_020;organique_beauce_5;BTH;;FERTI;;0.0;0.0;;;;;;AN;mineral;N;;1.4;1.4;0.0;0.0;;;;;;;;;;;;
2024;291;beauce_5_sa_020;organique_beauce_5;BTH;;TRAVAIL_SOL;travail_sol_1;0.0;7.3;;;;;;;;;;;;;;;;;;;;;;;;;
2024;298;beauce_5_sa_020;organique_beauce_5;BTH;;TRAVAIL_SOL;une_reprise;0.0;15.9;;;;;;;;;;;;;;;;;;;;;;;;;
2024;215;beauce_5_sa_021;organique_beauce_5;BTH;;RECOLTE;;0.0;0.0;5.05;;;;;;;;;;;;;0.0;4.46;3.0;;;;;;;;;
2024;287;beauce_5_sa_021;organique_beauce_5;BTH;;SEMIS;semis;0.0;2.4;;;;;;;;;;;;;;;;;;;;;;;;;
2024;343;beauce_5_sa_021;organique_beauce_5;BTH;;FERTI;;0.0;0.0;;;;;;AN;mineral;N;;2.6;2.6;0.0;0.0;;;;;;;;;;;;
2024;270;beauce_5_sa_021;organique_beauce_5;BTH;;TRAVAIL_SOL;travail_sol_1;0.0;23.0;;;;;;;;;;;;;;;;;;;;;;;;;
2024;218;beauce_5_sa_022;organique_beauce_5;BTH;;RECOLTE;;0.0;0.0;7.19;;;;;;;;;;;;;0.0;6.36;3.0;;;;;;;;;
2024;308;beauce_5_sa_022;organique_beauce_5;BTH;;SEMIS;semis;0.0;3.0;;;;;;;;;;;;;;;;;;;;;;;;;
2024;61;beauce_5_sa_022;organique_beauce_5;BTH;;FERTI;;0.0;0.0;;;;;;AN;mineral;N;;1.8;1.8;0.0;0.0;;;;;;;;;;;;
2024;89;beauce_5_sa_022;organique_beauce_5;BTH;;FERTI;;0.0;0.0;;;;;;AN;mineral;N;;35.9;35.9;0.0;0.0;;;;;;;;;;;;
2024;285;beauce_5_sa_022;organique_beauce_5;BTH;;TRAVAIL_SOL;travail_sol_1;0.0;24.5;;;;;;;;;;;;;;;;;;;;;;;;;
2024;292;beauce_5_sa_022;organique_beauce_5;BTH;;TRAVAIL_SOL;une_reprise;0.0;24.0;;;;;;;;;;;;;;;;;;;;;;;;;
2024;220;beauce_5_sa_023;organique_beauce_5;BTH;;RECOLTE;;0.0;0.0;5.96;;;;;;;;;;;;;0.0;5.27;3.0;;;;;;;;;
2024;267;beauce_5_sa_023;organique_beauce_5;BTH;;SEMIS;semis;0.0;1.7;;;;;;;;;;;;;;;;;;;;;;;;;
2024;68;beauce_5_sa_023;organique_beauce_5;BTH;;FERTI;;0.0;0.0;;;;;;AN;mineral;N;;10.4;10.4;0.0;0.0;;;;;;;;;;;;
2024;96;beauce_5_sa_023;organique_beauce_5;BTH;;FERTI;;0.0;0.0;;;;;;AN;mineral;N;;1.3;1.3;0.0;0.0;;;;;;;;;;;;
2024;210;beauce_5_sa_024;organique_beauce_5;BTH;;RECOLTE;;0.0;0.0;8.55;;;;;;;;;;;;;0.0;7.57;3.0;;;;;;;;;
2024;287;beauce_5_sa_024;organique_beauce_5;BTH;;SEMIS;semis;0.0;3.5;;;;;;;;;;;;;;;;;;;;;;;;;
2024;14;beauce_5_sa_024;organique_beauce_5;BTH;;FERTI;;0.0;0.0;;;;;;AN;mineral;N;;36.6;36.6;0.0;0.0;;;;;;;;;;;;
2024;67;beauce_5_sa_024;organique_beauce_5;BTH;;FERTI;;0.0;0.0;;;;;;AN;mineral;N;;40.8;40.8;0.0;0.0;;;;;;;;;;;;
2024;257;beauce_5_sa_024;organique_beauce_5;BTH;;TRAVAIL_SOL;travail_sol_1;0.0;21.5;;;;;;;;;;;;;;;;;;;;;;;;;
2024;211;beauce_5_sa_025;organique_beauce_5;BTH;;RECOLTE;;0.0;0.0;5.55;;;;;;;;;;;;;0.0;4.91;3.0;;;;;;;;;
2024;301;beauce_5_sa_025;organique_beauce_5;BTH;;SEMIS;semis;0.0;1.7;;;;;;;;;;;;;;;;;;;;;;;;;
2024;331;beauce_5_sa_025;organique_beauce_5;BTH;;FERTI;;0.0;0.0;;;;;;AN;mineral;N;;3.7;3.7;0.0;0.0;;;;;;;;;;;;
2024;276;beauce_5_sa_025;organique_beauce_5;BTH;;TRAVAIL_SOL;travail_sol_1;0.0;2.5;;;;;;;;;;;;;;;;;;;;;;;;;
2024;187;beauce_5_sa_026;organique_beauce_5;BTH;;RECOLTE;;0.0;0.0;5.72;;;;;;;;;;;;;0.0;5.06;3.0;;;;;;;;;
2024;307;beauce_5_sa_026;organique_beauce_5;BTH;;SEMIS;semis;0.0;3.7;;;;;;;;;;;;;;;;;;;;;;;;;
2024;127;beauce_5_sa_026;organique_beauce_5;BTH;;FERTI;;0.0;0.0;;;;;;AN;mineral;N;;1.9;1.9;0.0;0.0;;;;;;;;;;;;
2024;334;beauce_5_sa_026;organique_beauce_5;BTH;;FERTI;;0.0;0.0;;;;;;AN;mineral;N;;8.3;8.3;0.0;0.0;;;;;;;;;;;;
2024;198;beauce_5_sa_027;organique_beauce_5;BTH;;RECOLTE;;0.0;0.0;6.32;;;;;;;;;;;;;0.0;5.59;3.0;;;;;;;;;
2024;308;beauce_5_sa_027;organique_beauce_5;BTH;;SEMIS;semis;0.0;3.2;;;;;;;;;;;;;;;;;;;;;;;;;
2024;5;beauce_5_sa_027;organique_beauce_5;BTH;;FERTI;;0.0;0.0;;;;;;AN;mineral;N;;4.5;4.5;0.0;0.0;;;;;;;;;;;;
2024;116;beauce_5_sa_027;organique_beauce_5;BTH;;FERTI;;0.0;0.0;;;;;;AN;mineral;N;;17.1;17.1;0.0;0.0;;;;;;;;;;;;
2024;201;beauce_5_sa_028;organique_beauce_5;BTH;;RECOLTE;;0.0;0.0;7.62;;;;;;;;;;;;;0.0;6.74;3.0;;;;;;;;;
2024;263;beauce_5_sa_028;organique_beauce_5;BTH;;SEMIS;semis;0.0;2.5;;;;;;;;;;;;;;;;;;;;;;;;;
2024;70;beauce_5_sa_028;organique_beauce_5;BTH;;FERTI;;0.0;0.0;;;;;;AN;mineral;N;;1.5;1.5;0.0;0.0;;;;;;;;;;;;
2024;104;beauce_5_sa_028;organique_beauce_5;BTH;;FERTI;;0.0;0.0;;;;;;AN;mineral;N;;56.2;56.2;0.0;0.0;;;;;;;;;;;;
2024;343;beauce_5_sa_028;organique_beauce_5;BTH;;FERTI;;0.0;0.0;;;;;;AN;mineral;N;;9.0;9.0;0.0;0.0;;;;;;;;;;;;
2024;232;beauce_5_sa_028;organique_beauce_5;BTH;;TRAVAIL_SOL;travail_sol_1;0.0;16.4;;;;;;;;;;;;;;;;;;;;;;;;;
2024;221;beauce_5_sa_029;organique_beauce_5;BTH;;RECOLTE;;0.0;0.0;8.95;;;;;;;;;;;;;0.0;7.92;3.0;;;;;;;;;
2024;286;beauce_5_sa_029;organique_beauce_5;BTH;;SEMIS;semis;0.0;1.3;;;;;;;;;;;;;;;;;;;;;;;;;
2024;120;beauce_5_sa_029;organique_beauce_5;BTH;;FERTI;;0.0;0.0;;;;;;AN;mineral;N;;12.6;12.6;0.0;0.0;;;;;;;;;;;;
2024;121;beauce_5_sa_029;organique_beauce_5;BTH;;FERTI;;0.0;0.0;;;;;;AN;mineral;N;;17.2;17.2;0.0;0.0;;;;;;;;;;;;
2024;131;beauce_5_sa_029;organique_beauce_5;BTH;;FERTI;;0.0;0.0;;;;;;AN;mineral;N;;64.8;64.8;0.0;0.0;;;;;;;;;;;;
2024;259;beauce_5_sa_029;organique_beauce_5;BTH;;TRAVAIL_SOL;travail_sol_1;0.0;10.9;;;;;;;;;;;;;;;;;;;;;;;;;
2024;199;beauce_5_sa_030;organique_beauce_5;BTH;;RECOLTE;;0.0;0.0;5.2;;;;;;;;;;;;;0.0;4.6;3.0;;;;;;;;;
2024;295;beauce_5_sa_030;organique_beauce_5;BTH;;SEMIS;semis;0.0;1.8;;;;;;;;;;;;;;;;;;;;;;;;;
2024;107;beauce_5_sa_030;organique_beauce_5;BTH;;FERTI;;0.0;0.0;;;;;;AN;mineral;N;;1.9;1.9;0.0;0.0;;;;;;;;;;;;
2024;258;beauce_5_sa_030;organique_beauce_5;BTH;;TRAVAIL_SOL;travail_sol_1;0.0;22.7;;;;;;;;;;;;;;;;;;;;;;;;;
2024;265;beauce_5_sa_030;organique_beauce_5;BTH;;TRAVAIL_SOL;une_reprise;0.0;24.6;;;;;;;;;;;;;;;;;;;;;;;;;
2024;209;beauce_5_sa_031;organique_beauce_5;BTH;;RECOLTE;;0.0;0.0;5.07;;;;;;;;;;;;;0.0;4.49;3.0;;;;;;;;;
2024;319;beauce_5_sa_031;organique_beauce_5;BTH;;SEMIS;semis;0.0;1.6;;;;;;;;;;;;;;;;;;;;;;;;;
2024;275;beauce_5_sa_031;organique_beauce_5;BTH;;TRAVAIL_SOL;travail_sol_1;0.0;11.8;;;;;;;;;;;;;;;;;;;;;;;;;
2024;282;beauce_5_sa_031;organique_beauce_5;BTH;;TRAVAIL_SOL;une_reprise;0.0;13.8;;;;;;;;;;;;;;;;;;;;;;;;;
2024;203;beauce_5_sa_032;organique_beauce_5;BTH;;RECOLTE;;0.0;0.0;4.74;;;;;;;;;;;;;0.0;4.19;3.0;;;;;;;;;
2024;272;beauce_5_sa_032;organique_beauce_5;BTH;;SEMIS;semis;0.0;2.4;;;;;;;;;;;;;;;;;;;;;;;;;
2024;246;beauce_5_sa_032;organique_beauce_5;BTH;;TRAVAIL_SOL;travail_sol_1;0.0;8.5;;;;;;;;;;;;;;;;;;;;;;;;;
2024;253;beauce_5_sa_032;organique_beauce_5;BTH;;TRAVAIL_SOL;une_reprise;0.0;11.2;;;;;;;;;;;;;;;;;;;;;;;;;
2024;212;beauce_5_sa_033;organique_beauce_5;BTH;;RECOLTE;;0.0;0.0;8.51;;;;;;;;;;;;;0.0;7.53;3.0;;;;;;;;;
2024;282;beauce_5_sa_033;organique_beauce_5;BTH;;SEMIS;semis;0.0;2.2;;;;;;;;;;;;;;;;;;;;;;;;;
2024;117;beauce_5_sa_033;organique_beauce_5;BTH;;FERTI;;0.0;0.0;;;;;;AN;mineral;N;;79.9;79.9;0.0;0.0;;;;;;;;;;;;
2024;118;beauce_5_sa_033;organique_beauce_5;BTH;;FERTI;;0.0;0.0;;;;;;AN;mineral;N;;2.4;2.4;0.0;0.0;;;;;;;;;;;;
2024;270;beauce_5_sa_033;organique_beauce_5;BTH;;TRAVAIL_SOL;travail_sol_1;0.0;11.5;;;;;;;;;;;;;;;;;;;;;;;;;
2024;277;beauce_5_sa_033;organique_beauce_5;BTH;;TRAVAIL_SOL;une_reprise;0.0;15.5;;;;;;;;;;;;;;;;;;;;;;;;;
2024;184;beauce_5_sa_034;organique_beauce_5;BTH;;RECOLTE;;0.0;0.0;6.38;;;;;;;;;;;;;0.0;5.65;3.0;;;;;;;;;
2024;317;beauce_5_sa_034;organique_beauce_5;BTH;;SEMIS;semis;0.0;3.6;;;;;;;;;;;;;;;;;;;;;;;;;
2024;64;beauce_5_sa_034;organique_beauce_5;BTH;;FERTI;;0.0;0.0;;;;;;AN;mineral;N;;12.1;12.1;0.0;0.0;;;;;;;;;;;;
2024;130;beauce_5_sa_034;organique_beauce_5;BTH;;FERTI;;0.0;0.0;;;;;;AN;mineral;N;;18.8;18.8;0.0;0.0;;;;;;;;;;;;
2024;299;beauce_5_sa_034;organique_beauce_5;BTH;;TRAVAIL_SOL;travail_sol_1;0.0;20.6;;;;;;;;;;;;;;;;;;;;;;;;;
2024;225;beauce_5_sa_035;organique_beauce_5;BTH;;RECOLTE;;0.0;0.0;5.8;;;;;;;;;;;;;0.0;5.13;3.0;;;;;;;;;
2024;312;beauce_5_sa_035;organique_beauce_5;BTH;;SEMIS;semis;0.0;2.5;;;;;;;;;;;;;;;;;;;;;;;;;
2024;80;beauce_5_sa_035;organique_beauce_5;BTH;;FERTI;;0.0;0.0;;;;;;AN;mineral;N;;2.4;2.4;0.0;0.0;;;;;;;;;;;;
2024;98;beauce_5_sa_035;organique_beauce_5;BTH;;FERTI;;0.0;0.0;;;;;;AN;mineral;N;;9.2;9.2;0.0;0.0;;;;;;;;;;;;
2024;279;beauce_5_sa_035;organique_beauce_5;BTH;;TRAVAIL_SOL;travail_sol_1;0.0;6.1;;;;;;;;;;;;;;;;;;;;;;;;;
2024;222;beauce_5_sa_036;organique_beauce_5;BTH;;RECOLTE;;0.0;0.0;9.0;;;;;;;;;;;;;0.0;7.96;3.0;;;;;;;;;
2024;305;beauce_5_sa_036;organique_beauce_5;BTH;;SEMIS;semis;0.0;3.5;;;;;;;;;;;;;;;;;;;;;;;;;
2024;131;beauce_5_sa_036;organique_beauce_5;BTH;;FERTI;;0.0;0.0;;;;;;AN;mineral;N;;90.6;90.6;0.0;0.0;;;;;;;;;;;;
2024;165;beauce_5_sa_036;organique_beauce_5;BTH;;FERTI;;0.0;0.0;;;;;;AN;mineral;N;;12.6;12.6;0.0;0.0;;;;;;;;;;;;
2024;166;beauce_5_sa_036;organique_beauce_5;BTH;;FERTI;;0.0;0.0;;;;;;AN;mineral;N;;3.2;3.2;0.0;0.0;;;;;;;;;;;;
2024;276;beauce_5_sa_036;organique_beauce_5;BTH;;TRAVAIL_SOL;travail_sol_1;0.0;19.3;;;;;;;;;;;;;;;;;;;;;;;;;
2024;172;beauce_5_sa_037;organique_beauce_5;BTH;;RECOLTE;;0.0;0.0;5.72;;;;;;;;;;;;;0.0;5.06;3.0;;;;;;;;;
2024;314;beauce_5_sa_037;organique_beauce_5;BTH;;SEMIS;semis;0.0;1.8;;;;;;;;;;;;;;;;;;;;;;;;;
2024;84;beauce_5_sa_037;organique_beauce_5;BTH;;FERTI;;0.0;0.0;;;;;;AN;mineral;N;;3.5;3.5;0.0;0.0;;;;;;;;;;;;
2024;170;beauce_5_sa_038;organique_beauce_5;BTH;;RECOLTE;;0.0;0.0;8.51;;;;;;;;;;;;;0.0;7.53;3.0;;;;;;;;;
2024;286;beauce_5_sa_038;organique_beauce_5;BTH;;SEMIS;semis;0.0;2.9;;;;;;;;;;;;;;;;;;;;;;;;;
2024;95;beauce_5_sa_038;organique_beauce_5;BTH;;FERTI;;0.0;0.0;;;;;;AN;mineral;N;;10.6;10.6;0.0;0.0;;;;;;;;;;;;
2024;151;beauce_5_sa_038;organique_beauce_5;BTH;;FERTI;;0.0;0.0;;;;;;AN;mineral;N;;44.4;44.4;0.0;0.0;;;;;;;;;;;;
2024;163;beauce_5_sa_038;organique_beauce_5;BTH;;FERTI;;0.0;0.0;;;;;;AN;mineral;N;;10.3;10.3;0.0;0.0;;;;;;;;;;;;
2024;175;beauce_5_sa_039;organique_beauce_5;BTH;;RECOLTE;;0.0;0.0;5.04;;;;;;;;;;;;;0.0;4.46;3.0;;;;;;;;;
2024;271;beauce_5_sa_039;organique_beauce_5;BTH;;SEMIS;semis;0.0;2.7;;;;;;;;;;;;;;;;;;;;;;;;;
2024;23;beauce_5_sa_039;organique_beauce_5;BTH;;FERTI;;0.0;0.0;;;;;;AN;mineral;N;;3.1;3.1;0.0;0.0;;;;;;;;;;;;
2024;230;beauce_5_sa_039;organique_beauce_5;BTH;;TRAVAIL_SOL;travail_sol_1;0.0;10.5;;;;;;;;;;;;;;;;;;;;;;;;;
2024;237;beauce_5_sa_039;organique_beauce_5;BTH;;TRAVAIL_SOL;une_reprise;0.0;16.3;;;;;;;;;;;;;;;;;;;;;;;;;
2024;176;beauce_5_sa_040;organique_beauce_5;BTH;;RECOLTE;;0.0;0.0;5.07;;;;;;;;;;;;;0.0;4.49;3.0;;;;;;;;;
2024;294;beauce_5_sa_040;organique_beauce_5;BTH;;SEMIS;semis;0.0;2.4;;;;;;;;;;;;;;;;;;;;;;;;;
2024;181;beauce_5_sa_041;organique_beauce_5;BTH;;RECOLTE;;0.0;0.0;4.68;;;;;;;;;;;;;0.0;4.14;3.0;;;;;;;;;
2024;288;beauce_5_sa_041;organique_beauce_5;BTH;;SEMIS;semis;0.0;3.5;;;;;;;;;;;;;;;;;;;;;;;;;
2024;259;beauce_5_sa_041;organique_beauce_5;BTH;;TRAVAIL_SOL;travail_sol_1;0.0;1.0;;;;;;;;;;;;;;;;;;;;;;;;;
2024;266;beauce_5_sa_041;organique_beauce_5;BTH;;TRAVAIL_SOL;une_reprise;0.0;11.5;;;;;;;;;;;;;;;;;;;;;;;;;
2024;185;beauce_5_sa_042;organique_beauce_5;BTH;;RECOLTE;;0.0;0.0;6.01;;;;;;;;;;;;;0.0;5.32;3.0;;;;;;;;;
2024;297;beauce_5_sa_042;organique_beauce_5;BTH;;SEMIS;semis;0.0;2.2;;;;;;;;;;;;;;;;;;;;;;;;;
2024;29;beauce_5_sa_042;organique_beauce_5;BTH;;FERTI;;0.0;0.0;;;;;;AN;mineral;N;;2.3;2.3;0.0;0.0;;;;;;;;;;;;
2024;138;beauce_5_sa_042;organique_beauce_5;BTH;;FERTI;;0.0;0.0;;;;;;AN;mineral;N;;18.5;18.5;0.0;0.0;;;;;;;;;;;;
2024;263;beauce_5_sa_042;organique_beauce_5;BTH;;TRAVAIL_SOL;travail_sol_1;0.0;6.7;;;;;;;;;;;;;;;;;;;;;;;;;
2024;270;beauce_5_sa_042;organique_beauce_5;BTH;;TRAVAIL_SOL;une_reprise;0.0;18.9;;;;;;;;;;;;;;;;;;;;;;;;;
2024;217;beauce_5_sa_043;organique_beauce_5;BTH;;RECOLTE;;0.0;0.0;8.82;;;;;;;;;;;;;0.0;7.8;3.0;;;;;;;;;
2024;310;beauce_5_sa_043;organique_beauce_5;BTH;;SEMIS;semis;0.0;3.6;;;;;;;;;;;;;;;;;;;;;;;;;
2024;77;beauce_5_sa_043;organique_beauce_5;BTH;;FERTI;;0.0;0.0;;;;;;AN;mineral;N;;34.3;34.3;0.0;0.0;;;;;;;;;;;;
2024;365;beauce_5_sa_043;organique_beauce_5;BTH;;FERTI;;0.0;0.0;;;;;;AN;mineral;N;;56.9;56.9;0.0;0.0;;;;;;;;;;;;
2024;288;beauce_5_sa_043;organique_beauce_5;BTH;;TRAVAIL_SOL;travail_sol_1;0.0;9.5;;;;;;;;;;;;;;;;;;;;;;;;;
2024;215;beauce_5_sa_044;organique_beauce_5;BTH;;RECOLTE;;0.0;0.0;4.79;;;;;;;;;;;;;0.0;4.24;3.0;;;;;;;;;
2024;274;beauce_5_sa_044;organique_beauce_5;BTH;;SEMIS;semis;0.0;1.3;;;;;;;;;;;;;;;;;;;;;;;;;
2024;263;beauce_5_sa_044;organique_beauce_5;BTH;;TRAVAIL_SOL;travail_sol_1;0.0;20.4;;;;;;;;;;;;;;;;;;;;;;;;;
2024;181;beauce_5_sa_045;organique_beauce_5;BTH;;RECOLTE;;0.0;0.0;6.97;;;;;;;;;;;;;0.0;6.17;3.0;;;;;;;;;
2024;286;beauce_5_sa_045;organique_beauce_5;BTH;;SEMIS;semis;0.0;2.4;;;;;;;;;;;;;;;;;;;;;;;;;
2024;154;beauce_5_sa_045;organique_beauce_5;BTH;;FERTI;;0.0;0.0;;;;;;AN;mineral;N;;23.2;23.2;0.0;0.0;;;;;;;;;;;;
2024;155;beauce_5_sa_045;organique_beauce_5;BTH;;FERTI;;0.0;0.0;;;;;;AN;mineral;N;;6.1;6.1;0.0;0.0;;;;;;;;;;;;
2024;359;beauce_5_sa_045;organique_beauce_5;BTH;;FERTI;;0.0;0.0;;;;;;AN;mineral;N;;11.3;11.3;0.0;0.0;;;;;;;;;;;;
2024;227;beauce_5_sa_046;organique_beauce_5;BTH;;RECOLTE;;0.0;0.0;4.97;;;;;;;;;;;;;0.0;4.4;3.0;;;;;;;;;
2024;273;beauce_5_sa_046;organique_beauce_5;BTH;;SEMIS;semis;0.0;3.0;;;;;;;;;;;;;;;;;;;;;;;;;
2024;179;beauce_5_sa_047;organique_beauce_5;BTH;;RECOLTE;;0.0;0.0;7.17;;;;;;;;;;;;;0.0;6.35;3.0;;;;;;;;;
2024;280;beauce_5_sa_047;organique_beauce_5;BTH;;SEMIS;semis;0.0;3.5;;;;;;;;;;;;;;;;;;;;;;;;;
2024;327;beauce_5_sa_047;organique_beauce_5;BTH;;FERTI;;0.0;0.0;;;;;;AN;mineral;N;;49.6;49.6;0.0;0.0;;;;;;;;;;;;
2024;243;beauce_5_sa_047;organique_beauce_5;BTH;;TRAVAIL_SOL;travail_sol_1;0.0;17.3;;;;;;;;;;;;;;;;;;;;;;;;;
2024;250;beauce_5_sa_047;organique_beauce_5;BTH;;TRAVAIL_SOL;une_reprise;0.0;6.4;;;;;;;;;;;;;;;;;;;;;;;;;
2024;185;beauce_5_sa_048;organique_beauce_5;BTH;;RECOLTE;;0.0;0.0;9.0;;;;;;;;;;;;;0.0;7.96;3.0;;;;;;;;;
2024;289;beauce_5_sa_048;organique_beauce_5;BTH;;SEMIS;semis;0.0;3.9;;;;;;;;;;;;;;;;;;;;;;;;;
2024;2;beauce_5_sa_048;organique_beauce_5;BTH;;FERTI;;0.0;0.0;;;;;;AN;mineral;N;;76.7;76.7;0.0;0.0;;;;;;;;;;;;
2024;104;beauce_5_sa_048;organique_beauce_5;BTH;;FERTI;;0.0;0.0;;;;;;AN;mineral;N;;97.7;97.7;0.0;0.0;;;;;;;;;;;;
2024;113;beauce_5_sa_048;organique_beauce_5;BTH;;FERTI;;0.0;0.0;;;;;;AN;mineral;N;;1.9;1.9;0.0;0.0;;;;;;;;;;;;
2024;250;beauce_5_sa_048;organique_beauce_5;BTH;;TRAVAIL_SOL;travail_sol_1;0.0;15.1;;;;;;;;;;;;;;;;;;;;;;;;;
2024;257;beauce_5_sa_048;organique_beauce_5;BTH;;TRAVAIL_SOL;une_reprise;0.0;8.8;;;;;;;;;;;;;;;;;;;;;;;;;
2024;190;beauce_5_sa_049;organique_beauce_5;BTH;;RECOLTE;;0.0;0.0;6.73;;;;;;;;;;;;;0.0;5.96;3.0;;;;;;;;;
2024;294;beauce_5_sa_049;organique_beauce_5;BTH;;SEMIS;semis;0.0;2.0;;;;;;;;;;;;;;;;;;;;;;;;;
2024;144;beauce_5_sa_049;organique_beauce_5;BTH;;FERTI;;0.0;0.0;;;;;;AN;mineral;N;;36.0;36.0;0.0;0.0;;;;;;;;;;;;
2024;145;beauce_5_sa_049;organique_beauce_5;BTH;;FERTI;;0.0;0.0;;;;;;AN;mineral;N;;2.6;2.6;0.0;0.0;;;;;;;;;;;;
2024;146;beauce_5_sa_049;organique_beauce_5;BTH;;FERTI;;0.0;0.0;;;;;;AN;mineral;N;;6.8;6.8;0.0;0.0;;;;;;;;;;;;
2024;224;beauce_5_sa_050;organique_beauce_5;BTH;;RECOLTE;;0.0;0.0;6.2;;;;;;;;;;;;;0.0;5.49;3.0;;;;;;;;;
2024;314;beauce_5_sa_050;organique_beauce_5;BTH;;SEMIS;semis;0.0;1.1;;;;;;;;;;;;;;;;;;;;;;;;;
2024;87;beauce_5_sa_050;organique_beauce_5;BTH;;FERTI;;0.0;0.0;;;;;;AN;mineral;N;;16.7;16.7;0.0;0.0;;;;;;;;;;;;
2024;189;beauce_5_sa_051;organique_beauce_5;BTH;;RECOLTE;;0.0;0.0;8.14;;;;;;;;;;;;;0.0;7.2;3.0;;;;;;;;;
2024;260;beauce_5_sa_051;organique_beauce_5;BTH;;SEMIS;semis;0.0;3.6;;;;;;;;;;;;;;;;;;;;;;;;;
2024;74;beauce_5_sa_051;organique_beauce_5;BTH;;FERTI;;0.0;0.0;;;;;;AN;mineral;N;;87.8;87.8;0.0;0.0;;;;;;;;;;;;
2024;99;beauce_5_sa_051;organique_beauce_5;BTH;;FERTI;;0.0;0.0;;;;;;AN;mineral;N;;1.1;1.1;0.0;0.0;;;;;;;;;;;;
2024;164;beauce_5_sa_051;organique_beauce_5;BTH;;FERTI;;0.0;0.0;;;;;;AN;mineral;N;;1.1;1.1;0.0;0.0;;;;;;;;;;;;
2024;254;beauce_5_sa_051;organique_beauce_5;BTH;;TRAVAIL_SOL;travail_sol_1;0.0;24.5;;;;;;;;;;;;;;;;;;;;;;;;;
2024;173;beauce_5_sa_052;organique_beauce_5;BTH;;RECOLTE;;0.0;0.0;5.34;;;;;;;;;;;;;0.0;4.72;3.0;;;;;;;;;
2024;261;beauce_5_sa_052;organique_beauce_5;BTH;;SEMIS;semis;0.0;1.8;;;;;;;;;;;;;;;;;;;;;;;;;
2024;28;beauce_5_sa_052;organique_beauce_5;BTH;;FERTI;;0.0;0.0;;;;;;AN;mineral;N;;9.7;9.7;0.0;0.0;;;;;;;;;;;;
2024;58;beauce_5_sa_052;organique_beauce_5;BTH;;FERTI;;0.0;0.0;;;;;;AN;mineral;N;;1.4;1.4;0.0;0.0;;;;;;;;;;;;
2024;231;beauce_5_sa_052;organique_beauce_5;BTH;;TRAVAIL_SOL;travail_sol_1;0.0;22.0;;;;;;;;;;;;;;;;;;;;;;;;;
2024;238;beauce_5_sa_052;organique_beauce_5;BTH;;TRAVAIL_SOL;une_reprise;0.0;23.3;;;;;;;;;;;;;;;;;;;;;;;;;
2024;173;beauce_5_sa_053;organique_beauce_5;BTH;;RECOLTE;;0.0;0.0;5.44;;;;;;;;;;;;;0.0;4.81;3.0;;;;;;;;;
2024;316;beauce_5_sa_053;organique_beauce_5;BTH;;SEMIS;semis;0.0;3.0;;;;;;;;;;;;;;;;;;;;;;;;;
2024;12;beauce_5_sa_053;organique_beauce_5;BTH;;FERTI;;0.0;0.0;;;;;;AN;mineral;N;;1.5;1.5;0.0;0.0;;;;;;;;;;;;
2024;114;beauce_5_sa_053;organique_beauce_5;BTH;;FERTI;;0.0;0.0;;;;;;AN;mineral;N;;11.3;11.3;0.0;0.0;;;;;;;;;;;;
2024;198;beauce_5_sa_054;organique_beauce_5;BTH;;RECOLTE;;0.0;0.0;8.99;;;;;;;;;;;;;0.0;7.96;3.0;;;;;;;;;
2024;313;beauce_5_sa_054;organique_beauce_5;BTH;;SEMIS;semis;0.0;1.9;;;;;;;;;;;;;;;;;;;;;;;;;
2024;32;beauce_5_sa_054;organique_beauce_5;BTH;;FERTI;;0.0;0.0;;;;;;AN;mineral;N;;7.8;7.8;0.0;0.0;;;;;;;;;;;;
2024;97;beauce_5_sa_054;organique_beauce_5;BTH;;FERTI;;0.0;0.0;;;;;;AN;mineral;N;;78.2;78.2;0.0;0.0;;;;;;;;;;;;
2024;143;beauce_5_sa_054;organique_beauce_5;BTH;;FERTI;;0.0;0.0;;;;;;AN;mineral;N;;84.8;84.8;0.0;0.0;;;;;;;;;;;;
2024;204;beauce_5_sa_055;organique_beauce_5;BTH;;RECOLTE;;0.0;0.0;8.17;;;;;;;;;;;;;0.0;7.22;3.0;;;;;;;;;
2024;277;beauce_5_sa_055;organique_beauce_5;BTH;;SEMIS;semis;0.0;3.4;;;;;;;;;;;;;;;;;;;;;;;;;
2024;144;beauce_5_sa_055;organique_beauce_5;BTH;;FERTI;;0.0;0.0;;;;;;AN;mineral;N;;24.8;24.8;0.0;0.0;;;;;;;;;;;;
2024;145;beauce_5_sa_055;organique_beauce_5;BTH;;FERTI;;0.0;0.0;;;;;;AN;mineral;N;;20.1;20.1;0.0;0.0;;;;;;;;;;;;
2024;146;beauce_5_sa_055;organique_beauce_5;BTH;;FERTI;;0.0;0.0;;;;;;AN;mineral;N;;19.8;19.8;0.0;0.0;;;;;;;;;;;;
2024;261;beauce_5_sa_055;organique_beauce_5;BTH;;TRAVAIL_SOL;travail_sol_1;0.0;7.3;;;;;;;;;;;;;;;;;;;;;;;;;
2024;221;beauce_5_sa_056;organique_beauce_5;BTH;;RECOLTE;;0.0;0.0;4.78;;;;;;;;;;;;;0.0;4.22;3.0;;;;;;;;;
2024;264;beauce_5_sa_056;organique_beauce_5;BTH;;SEMIS;semis;0.0;1.8;;;;;;;;;;;;;;;;;;;;;;;;;
2024;98;beauce_5_sa_056;organique_beauce_5;BTH;;FERTI;;0.0;0.0;;;;;;AN;mineral;N;;1.1;1.1;0.0;0.0;;;;;;;;;;;;
2024;331;beauce_5_sa_056;organique_beauce_5;BTH;;FERTI;;0.0;0.0;;;;;;AN;mineral;N;;1.1;1.1;0.0;0.0;;;;;;;;;;;;
2024;242;beauce_5_sa_056;organique_beauce_5;BTH;;TRAVAIL_SOL;travail_sol_1;0.0;3.9;;;;;;;;;;;;;;;;;;;;;;;;;
2024;249;beauce_5_sa_056;organique_beauce_5;BTH;;TRAVAIL_SOL;une_reprise;0.0;21.0;;;;;;;;;;;;;;;;;;;;;;;;;
2024;215;beauce_5_sa_057;organique_beauce_5;BTH;;RECOLTE;;0.0;0.0;5.22;;;;;;;;;;;;;0.0;4.62;3.0;;;;;;;;;
2024;296;beauce_5_sa_057;organique_beauce_5;BTH;;SEMIS;semis;0.0;1.1;;;;;;;;;;;;;;;;;;;;;;;;;
2024;74;beauce_5_sa_057;organique_beauce_5;BTH;;FERTI;;0.0;0.0;;;;;;AN;mineral;N;;2.9;2.9;0.0;0.0;;;;;;;;;;;;
2024;278;beauce_5_sa_057;organique_beauce_5;BTH;;TRAVAIL_SOL;travail_sol_1;0.0;14.3;;;;;;;;;;;;;;;;;;;;;;;;;
2024;184;beauce_5_sa_058;organique_beauce_5;BTH;;RECOLTE;;0.0;0.0;4.78;;;;;;;;;;;;;0.0;4.23;3.0;;;;;;;;;
2024;265;beauce_5_sa_058;organique_beauce_5;BTH;;SEMIS;semis;0.0;3.1;;;;;;;;;;;;;;;;;;;;;;;;;
2024;27;beauce_5_sa_058;organique_beauce_5;BTH;;FERTI;;0.0;0.0;;;;;;AN;mineral;N;;1.3;1.3;0.0;0.0;;;;;;;;;;;;
2024;252;beauce_5_sa_058;organique_beauce_5;BTH;;TRAVAIL_SOL;travail_sol_1;0.0;4.5;;;;;;;;;;;;;;;;;;;;;;;;;
2024;259;beauce_5_sa_058;organique_beauce_5;BTH;;TRAVAIL_SOL;une_reprise;0.0;3.4;;;;;;;;;;;;;;;;;;;;;;;;;
2024;200;beauce_5_sa_059;organique_beauce_5;BTH;;RECOLTE;;0.0;0.0;5.16;;;;;;;;;;;;;0.0;4.56;3.0;;;;;;;;;
2024;267;beauce_5_sa_059;organique_beauce_5;BTH;;SEMIS;semis;0.0;2.7;;;;;;;;;;;;;;;;;;;;;;;;;
2024;111;beauce_5_sa_059;organique_beauce_5;BTH;;FERTI;;0.0;0.0;;;;;;AN;mineral;N;;6.4;6.4;0.0;0.0;;;;;;;;;;;;
2024;232;beauce_5_sa_059;organique_beauce_5;BTH;;TRAVAIL_SOL;travail_sol_1;0.0;23.1;;;;;;;;;;;;;;;;;;;;;;;;;
2024;239;beauce_5_sa_059;organique_beauce_5;BTH;;TRAVAIL_SOL;une_reprise;0.0;10.9;;;;;;;;;;;;;;;;;;;;;;;;;
2024;183;beauce_5_sa_060;organique_beauce_5;BTH;;RECOLTE;;0.0;0.0;4.86;;;;;;;;;;;;;0.0;4.3;3.0;;;;;;;;;
2024;291;beauce_5_sa_060;organique_beauce_5;BTH;;SEMIS;semis;0.0;1.8;;;;;;;;;;;;;;;;;;;;;;;;;
2024;283;beauce_5_sa_060;organique_beauce_5;BTH;;TRAVAIL_SOL;travail_sol_1;0.0;3.5;;;;;;;;;;;;;;;;;;;;;;;;;
2024;175;beauce_5_sa_061;organique_beauce_5;BTH;;RECOLTE;;0.0;0.0;6.75;;;;;;;;;;;;;0.0;5.97;3.0;;;;;;;;;
2024;286;beauce_5_sa_061;organique_beauce_5;BTH;;SEMIS;semis;0.0;2.5;;;;;;;;;;;;;;;;;;;;;;;;;
2024;139;beauce_5_sa_061;organique_beauce_5;BTH;;FERTI;;0.0;0.0;;;;;;AN;mineral;N;;26.8;26.8;0.0;0.0;;;;;;;;;;;;
2024;140;beauce_5_sa_061;organique_beauce_5;BTH;;FERTI;;0.0;0.0;;;;;;AN;mineral;N;;10.7;10.7;0.0;0.0;;;;;;;;;;;;
2024;208;beauce_5_sa_062;organique_beauce_5;BTH;;RECOLTE;;0.0;0.0;4.98;;;;;;;;;;;;;0.0;4.4;3.0;;;;;;;;;
2024;291;beauce_5_sa_062;organique_beauce_5;BTH;;SEMIS;semis;0.0;3.3;;;;;;;;;;;;;;;;;;;;;;;;;
2024;280;beauce_5_sa_062;organique_beauce_5;BTH;;TRAVAIL_SOL;travail_sol_1;0.0;16.3;;;;;;;;;;;;;;;;;;;;;;;;;
2024;287;beauce_5_sa_062;organique_beauce_5;BTH;;TRAVAIL_SOL;une_reprise;0.0;14.6;;;;;;;;;;;;;;;;;;;;;;;;;
2024;200;beauce_5_sa_063;organique_beauce_5;BTH;;RECOLTE;;0.0;0.0;6.18;;;;;;;;;;;;;0.0;5.47;3.0;;;;;;;;;
2024;292;beauce_5_sa_063;organique_beauce_5;BTH;;SEMIS;semis;0.0;2.4;;;;;;;;;;;;;;;;;;;;;;;;;
2024;23;beauce_5_sa_063;organique_beauce_5;BTH;;FERTI;;0.0;0.0;;;;;;AN;mineral;N;;19.0;19.0;0.0;0.0;;;;;;;;;;;;
2024;266;beauce_5_sa_063;organique_beauce_5;BTH;;TRAVAIL_SOL;travail_sol_1;0.0;9.2;;;;;;;;;;;;;;;;;;;;;;;;;
2024;203;beauce_5_sa_064;organique_beauce_5;BTH;;RECOLTE;;0.0;0.0;5.37;;;;;;;;;;;;;0.0;4.75;3.0;;;;;;;;;
2024;312;beauce_5_sa_064;organique_beauce_5;BTH;;SEMIS;semis;0.0;3.8;;;;;;;;;;;;;;;;;;;;;;;;;
2024;67;beauce_5_sa_064;organique_beauce_5;BTH;;FERTI;;0.0;0.0;;;;;;AN;mineral;N;;1.2;1.2;0.0;0.0;;;;;;;;;;;;
2024;155;beauce_5_sa_064;organique_beauce_5;BTH;;FERTI;;0.0;0.0;;;;;;AN;mineral;N;;1.0;1.0;0.0;0.0;;;;;;;;;;;;
2024;271;beauce_5_sa_064;organique_beauce_5;BTH;;TRAVAIL_SOL;travail_sol_1;0.0;5.5;;;;;;;;;;;;;;;;;;;;;;;;;
2024;191;beauce_5_sa_065;organique_beauce_5;BTH;;RECOLTE;;0.0;0.0;4.82;;;;;;;;;;;;;0.0;4.26;3.0;;;;;;;;;
2024;310;beauce_5_sa_065;organique_beauce_5;BTH;;SEMIS;semis;0.0;1.8;;;;;;;;;;;;;;;;;;;;;;;;;
2024;149;beauce_5_sa_065;organique_beauce_5;BTH;;FERTI;;0.0;0.0;;;;;;AN;mineral;N;;1.4;1.4;0.0;0.0;;;;;;;;;;;;
2024;150;beauce_5_sa_065;organique_beauce_5;BTH;;FERTI;;0.0;0.0;;;;;;AN;mineral;N;;1.7;1.7;0.0;0.0;;;;;;;;;;;;
2024;289;beauce_5_sa_065;organique_beauce_5;BTH;;TRAVAIL_SOL;travail_sol_1;0.0;11.3;;;;;;;;;;;;;;;;;;;;;;;;;
2024;296;beauce_5_sa_065;organique_beauce_5;BTH;;TRAVAIL_SOL;une_reprise;0.0;16.5;;;;;;;;;;;;;;;;;;;;;;;;;
2024;207;beauce_5_sa_066;organique_beauce_5;BTH;;RECOLTE;;0.0;0.0;4.78;;;;;;;;;;;;;0.0;4.23;3.0;;;;;;;;;
2024;264;beauce_5_sa_066;organique_beauce_5;BTH;;SEMIS;semis;0.0;3.7;;;;;;;;;;;;;;;;;;;;;;;;;
2024;194;beauce_5_sa_067;organique_beauce_5;BTH;;RECOLTE;;0.0;0.0;6.27;;;;;;;;;;;;;0.0;5.55;3.0;;;;;;;;;
2024;265;beauce_5_sa_067;organique_beauce_5;BTH;;SEMIS;semis;0.0;3.3;;;;;;;;;;;;;;;;;;;;;;;;;
2024;123;beauce_5_sa_067;organique_beauce_5;BTH;;FERTI;;0.0;0.0;;;;;;AN;mineral;N;;29.9;29.9;0.0;0.0;;;;;;;;;;;;
2024;233;beauce_5_sa_067;organique_beauce_5;BTH;;TRAVAIL_SOL;travail_sol_1;0.0;20.3;;;;;;;;;;;;;;;;;;;;;;;;;
2024;174;beauce_5_sa_068;organique_beauce_5;BTH;;RECOLTE;;0.0;0.0;4.8;;;;;;;;;;;;;0.0;4.25;3.0;;;;;;;;;
2024;287;beauce_5_sa_068;organique_beauce_5;BTH;;SEMIS;semis;0.0;3.1;;;;;;;;;;;;;;;;;;;;;;;;;
2024;208;beauce_5_sa_069;organique_beauce_5;BTH;;RECOLTE;;0.0;0.0;5.85;;;;;;;;;;;;;0.0;5.17;3.0;;;;;;;;;
2024;294;beauce_5_sa_069;organique_beauce_5;BTH;;SEMIS;semis;0.0;2.3;;;;;;;;;;;;;;;;;;;;;;;;;
2024;137;beauce_5_sa_069;organique_beauce_5;BTH;;FERTI;;0.0;0.0;;;;;;AN;mineral;N;;4.2;4.2;0.0;0.0;;;;;;;;;;;;
2024;332;beauce_5_sa_069;organique_beauce_5;BTH;;FERTI;;0.0;0.0;;;;;;AN;mineral;N;;8.4;8.4;0.0;0.0;;;;;;;;;;;;
2024;179;beauce_5_sa_070;organique_beauce_5;BTH;;RECOLTE;;0.0;0.0;6.31;;;;;;;;;;;;;0.0;5.58;3.0;;;;;;;;;
2024;292;beauce_5_sa_070;organique_beauce_5;BTH;;SEMIS;semis;0.0;1.0;;;;;;;;;;;;;;;;;;;;;;;;;
2024;21;beauce_5_sa_070;organique_beauce_5;BTH;;FERTI;;0.0;0.0;;;;;;AN;mineral;N;;10.6;10.6;0.0;0.0;;;;;;;;;;;;
2024;164;beauce_5_sa_070;organique_beauce_5;BTH;;FERTI;;0.0;0.0;;;;;;AN;mineral;N;;18.5;18.5;0.0;0.0;;;;;;;;;;;;
2024;165;beauce_5_sa_070;organique_beauce_5;BTH;;FERTI;;0.0;0.0;;;;;;AN;mineral;N;;3.0;3.0;0.0;0.0;;;;;;;;;;;;
2024;245;beauce_5_sa_070;organique_beauce_5;BTH;;TRAVAIL_SOL;travail_sol_1;0.0;2.4;;;;;;;;;;;;;;;;;;;;;;;;;
2024;252;beauce_5_sa_070;organique_beauce_5;BTH;;TRAVAIL_SOL;une_reprise;0.0;10.4;;;;;;;;;;;;;;;;;;;;;;;;;
2024;213;beauce_5_sa_071;organique_beauce_5;BTH;;RECOLTE;;0.0;0.0;7.67;;;;;;;;;;;;;0.0;6.79;3.0;;;;;;;;;
2024;262;beauce_5_sa_071;organique_beauce_5;BTH;;SEMIS;semis;0.0;3.5;;;;;;;;;;;;;;;;;;;;;;;;;
2024;126;beauce_5_sa_071;organique_beauce_5;BTH;;FERTI;;0.0;0.0;;;;;;AN;mineral;N;;58.6;58.6;0.0;0.0;;;;;;;;;;;;
2024;198;beauce_5_sa_072;organique_beauce_5;BTH;;RECOLTE;;0.0;0.0;6.41;;;;;;;;;;;;;0.0;5.67;3.0;;;;;;;;;
2024;305;beauce_5_sa_072;organique_beauce_5;BTH;;SEMIS;semis;0.0;1.1;;;;;;;;;;;;;;;;;;;;;;;;;
2024;67;beauce_5_sa_072;organique_beauce_5;BTH;;FERTI;;0.0;0.0;;;;;;AN;mineral;N;;22.2;22.2;0.0;0.0;;;;;;;;;;;;
2024;289;beauce_5_sa_072;organique_beauce_5;BTH;;TRAVAIL_SOL;travail_sol_1;0.0;9.3;;;;;;;;;;;;;;;;;;;;;;;;;
2024;209;beauce_5_sa_073;organique_beauce_5;BTH;;RECOLTE;;0.0;0.0;6.29;;;;;;;;;;;;;0.0;5.56;3.0;;;;;;;;;
2024;288;beauce_5_sa_073;organique_beauce_5;BTH;;SEMIS;semis;0.0;1.9;;;;;;;;;;;;;;;;;;;;;;;;;
2024;347;beauce_5_sa_073;organique_beauce_5;BTH;;FERTI;;0.0;0.0;;;;;;AN;mineral;N;;5.2;5.2;0.0;0.0;;;;;;;;;;;;
2024;175;beauce_5_sa_074;organique_beauce_5;BTH;;RECOLTE;;0.0;0.0;5.63;;;;;;;;;;;;;0.0;4.98;3.0;;;;;;;;;
2024;306;beauce_5_sa_074;organique_beauce_5;BTH;;SEMIS;semis;0.0;2.6;;;;;;;;;;;;;;;;;;;;;;;;;
2024;212;beauce_5_sa_075;organique_beauce_5;BTH;;RECOLTE;;0.0;0.0;5.52;;;;;;;;;;;;;0.0;4.88;3.0;;;;;;;;;
2024;298;beauce_5_sa_075;organique_beauce_5;BTH;;SEMIS;semis;0.0;2.8;;;;;;;;;;;;;;;;;;;;;;;;;
2024;208;beauce_5_sa_076;organique_beauce_5;BTH;;RECOLTE;;0.0;0.0;8.67;;;;;;;;;;;;;0.0;7.67;3.0;;;;;;;;;
2024;287;beauce_5_sa_076;organique_beauce_5;BTH;;SEMIS;semis;0.0;3.4;;;;;;;;;;;;;;;;;;;;;;;;;
2024;170;beauce_5_sa_076;organique_beauce_5;BTH;;FERTI;;0.0;0.0;;;;;;AN;mineral;N;;1.5;1.5;0.0;0.0;;;;;;;;;;;;
2024;171;beauce_5_sa_076;organique_beauce_5;BTH;;FERTI;;0.0;0.0;;;;;;AN;mineral;N;;72.9;72.9;0.0;0.0;;;;;;;;;;;;
2024;221;beauce_5_sa_077;organique_beauce_5;BTH;;RECOLTE;;0.0;0.0;4.8;;;;;;;;;;;;;0.0;4.25;3.0;;;;;;;;;
2024;279;beauce_5_sa_077;organique_beauce_5;BTH;;SEMIS;semis;0.0;2.1;;;;;;;;;;;;;;;;;;;;;;;;;
2024;257;beauce_5_sa_077;organique_beauce_5;BTH;;TRAVAIL_SOL;travail_sol_1;0.0;15.3;;;;;;;;;;;;;;;;;;;;;;;;;
2024;264;beauce_5_sa_077;organique_beauce_5;BTH;;TRAVAIL_SOL;une_reprise;0.0;13.3;;;;;;;;;;;;;;;;;;;;;;;;;
2024;177;beauce_5_sa_078;organique_beauce_5;BTH;;RECOLTE;;0.0;0.0;8.56;;;;;;;;;;;;;0.0;7.57;3.0;;;;;;;;;
2024;307;beauce_5_sa_078;organique_beauce_5;BTH;;SEMIS;semis;0.0;1.5;;;;;;;;;;;;;;;;;;;;;;;;;
2024;122;beauce_5_sa_078;organique_beauce_5;BTH;;FERTI;;0.0;0.0;;;;;;AN;mineral;N;;70.9;70.9;0.0;0.0;;;;;;;;;;;;
2024;178;beauce_5_sa_079;organique_beauce_5;BTH;;RECOLTE;;0.0;0.0;8.29;;;;;;;;;;;;;0.0;7.33;3.0;;;;;;;;;
2024;274;beauce_5_sa_079;organique_beauce_5;BTH;;SEMIS;semis;0.0;3.8;;;;;;;;;;;;;;;;;;;;;;;;;
2024;365;beauce_5_sa_079;organique_beauce_5;BTH;;FERTI;;0.0;0.0;;;;;;AN;mineral;N;;68.4;68.4;0.0;0.0;;;;;;;;;;;;
2024;226;beauce_5_sa_080;organique_beauce_5;BTH;;RECOLTE;;0.0;0.0;8.58;;;;;;;;;;;;;0.0;7.59;3.0;;;;;;;;;
2024;269;beauce_5_sa_080;organique_beauce_5;BTH;;SEMIS;semis;0.0;2.3;;;;;;;;;;;;;;;;;;;;;;;;;
2024;102;beauce_5_sa_080;organique_beauce_5;BTH;;FERTI;;0.0;0.0;;;;;;AN;mineral;N;;28.3;28.3;0.0;0.0;;;;;;;;;;;;
2024;117;beauce_5_sa_080;organique_beauce_5;BTH;;FERTI;;0.0;0.0;;;;;;AN;mineral;N;;52.2;52.2;0.0;0.0;;;;;;;;;;;;
2024;173;beauce_5_sa_081;organique_beauce_5;BTH;;RECOLTE;;0.0;0.0;4.58;;;;;;;;;;;;;0.0;4.05;3.0;;;;;;;;;
2024;279;beauce_5_sa_081;organique_beauce_5;BTH;;SEMIS;semis;0.0;1.4;;;;;;;;;;;;;;;;;;;;;;;;;
2024;241;beauce_5_sa_081;organique_beauce_5;BTH;;TRAVAIL_SOL;travail_sol_1;0.0;12.1;;;;;;;;;;;;;;;;;;;;;;;;;
2024;228;beauce_5_sa_082;organique_beauce_5;BTH;;RECOLTE;;0.0;0.0;5.21;;;;;;;;;;;;;0.0;4.61;3.0;;;;;;;;;
2024;318;beauce_5_sa_082;organique_beauce_5;BTH;;SEMIS;semis;0.0;2.1;;;;;;;;;;;;;;;;;;;;;;;;;
2024;311;beauce_5_sa_082;organique_beauce_5;BTH;;TRAVAIL_SOL;travail_sol_1;0.0;16.8;;;;;;;;;;;;;;;;;;;;;;;;;
2024;226;beauce_5_sa_083;organique_beauce_5;BTH;;RECOLTE;;0.0;0.0;8.93;;;;;;;;;;;;;0.0;7.9;3.0;;;;;;;;;
2024;310;beauce_5_sa_083;organique_beauce_5;BTH;;SEMIS;semis;0.0;2.5;;;;;;;;;;;;;;;;;;;;;;;;;
2024;60;beauce_5_sa_083;organique_beauce_5;BTH;;FERTI;;0.0;0.0;;;;;;AN;mineral;N;;58.6;58.6;0.0;0.0;;;;;;;;;;;;
2024;102;beauce_5_sa_083;organique_beauce_5;BTH;;FERTI;;0.0;0.0;;;;;;AN;mineral;N;;1.2;1.2;0.0;0.0;;;;;;;;;;;;
2024;146;beauce_5_sa_083;organique_beauce_5;BTH;;FERTI;;0.0;0.0;;;;;;AN;mineral;N;;32.4;32.4;0.0;0.0;;;;;;;;;;;;
2024;225;beauce_5_sa_084;organique_beauce_5;BTH;;RECOLTE;;0.0;0.0;4.53;;;;;;;;;;;;;0.0;4.0;3.0;;;;;;;;;
2024;265;beauce_5_sa_084;organique_beauce_5;BTH;;SEMIS;semis;0.0;2.3;;;;;;;;;;;;;;;;;;;;;;;;;
2024;258;beauce_5_sa_084;organique_beauce_5;BTH;;TRAVAIL_SOL;travail_sol_1;0.0;8.3;;;;;;;;;;;;;;;;;;;;;;;;;
2024;186;beauce_5_sa_085;organique_beauce_5;BTH;;RECOLTE;;0.0;0.0;9.0;;;;;;;;;;;;;0.0;7.96;3.0;;;;;;;;;
2024;316;beauce_5_sa_085;organique_beauce_5;BTH;;SEMIS;semis;0.0;2.5;;;;;;;;;;;;;;;;;;;;;;;;;
2024;144;beauce_5_sa_085;organique_beauce_5;BTH;;FERTI;;0.0;0.0;;;;;;AN;mineral;N;;71.9;71.9;0.0;0.0;;;;;;;;;;;;
2024;145;beauce_5_sa_085;organique_beauce_5;BTH;;FERTI;;0.0;0.0;;;;;;AN;mineral;N;;76.4;76.4;0.0;0.0;;;;;;;;;;;;
2024;306;beauce_5_sa_085;organique_beauce_5;BTH;;TRAVAIL_SOL;travail_sol_1;0.0;14.4;;;;;;;;;;;;;;;;;;;;;;;;;
2024;215;beauce_5_sa_086;organique_beauce_5;BTH;;RECOLTE;;0.0;0.0;5.15;;;;;;;;;;;;;0.0;4.56;3.0;;;;;;;;;
2024;260;beauce_5_sa_086;organique_beauce_5;BTH;;SEMIS;semis;0.0;1.5;;;;;;;;;;;;;;;;;;;;;;;;;
2024;92;beauce_5_sa_086;organique_beauce_5;BTH;;FERTI;;0.0;0.0;;;;;;AN;mineral;N;;1.0;1.0;0.0;0.0;;;;;;;;;;;;
2024;187;beauce_5_sa_087;organique_beauce_5;BTH;;RECOLTE;;0.0;0.0;9.0;;;;;;;;;;;;;0.0;7.96;3.0;;;;;;;;;
2024;304;beauce_5_sa_087;organique_beauce_5;BTH;;SEMIS;semis;0.0;3.0;;;;;;;;;;;;;;;;;;;;;;;;;
2024;74;beauce_5_sa_087;organique_beauce_5;BTH;;FERTI;;0.0;0.0;;;;;;AN;mineral;N;;3.4;3.4;0.0;0.0;;;;;;;;;;;;
2024;75;beauce_5_sa_087;organique_beauce_5;BTH;;FERTI;;0.0;0.0;;;;;;AN;mineral;N;;62.3;62.3;0.0;0.0;;;;;;;;;;;;
2024;102;beauce_5_sa_087;organique_beauce_5;BTH;;FERTI;;0.0;0.0;;;;;;AN;mineral;N;;81.6;81.6;0.0;0.0;;;;;;;;;;;;
2024;225;beauce_5_sa_088;organique_beauce_5;BTH;;RECOLTE;;0.0;0.0;5.51;;;;;;;;;;;;;0.0;4.87;3.0;;;;;;;;;
2024;271;beauce_5_sa_088;organique_beauce_5;BTH;;SEMIS;semis;0.0;2.1;;;;;;;;;;;;;;;;;;;;;;;;;
2024;125;beauce_5_sa_088;organique_beauce_5;BTH;;FERTI;;0.0;0.0;;;;;;AN;mineral;N;;1.3;1.3;0.0;0.0;;;;;;;;;;;;
2024;126;beauce_5_sa_088;organique_beauce_5;BTH;;FERTI;;0.0;0.0;;;;;;AN;mineral;N;;9.7;9.7;0.0;0.0;;;;;;;;;;;;
2024;234;beauce_5_sa_088;organique_beauce_5;BTH;;TRAVAIL_SOL;travail_sol_1;0.0;9.5;;;;;;;;;;;;;;;;;;;;;;;;;
2024;241;beauce_5_sa_088;organique_beauce_5;BTH;;TRAVAIL_SOL;une_reprise;0.0;11.7;;;;;;;;;;;;;;;;;;;;;;;;;
2024;226;beauce_5_sa_089;organique_beauce_5;BTH;;RECOLTE;;0.0;0.0;5.21;;;;;;;;;;;;;0.0;4.61;3.0;;;;;;;;;
2024;317;beauce_5_sa_089;organique_beauce_5;BTH;;SEMIS;semis;0.0;3.2;;;;;;;;;;;;;;;;;;;;;;;;;
2024;298;beauce_5_sa_089;organique_beauce_5;BTH;;TRAVAIL_SOL;travail_sol_1;0.0;10.8;;;;;;;;;;;;;;;;;;;;;;;;;
2024;215;beauce_5_sa_090;organique_beauce_5;BTH;;RECOLTE;;0.0;0.0;9.0;;;;;;;;;;;;;0.0;7.96;3.0;;;;;;;;;
2024;283;beauce_5_sa_090;organique_beauce_5;BTH;;SEMIS;semis;0.0;3.2;;;;;;;;;;;;;;;;;;;;;;;;;
2024;151;beauce_5_sa_090;organique_beauce_5;BTH;;FERTI;;0.0;0.0;;;;;;AN;mineral;N;;3.0;3.0;0.0;0.0;;;;;;;;;;;;
2024;152;beauce_5_sa_090;organique_beauce_5;BTH;;FERTI;;0.0;0.0;;;;;;AN;mineral;N;;90.8;90.8;0.0;0.0;;;;;;;;;;;;
2024;153;beauce_5_sa_090;organique_beauce_5;BTH;;FERTI;;0.0;0.0;;;;;;AN;mineral;N;;54.1;54.1;0.0;0.0;;;;;;;;;;;;
2024;230;beauce_5_sa_091;organique_beauce_5;BTH;;RECOLTE;;0.0;0.0;5.6;;;;;;;;;;;;;0.0;4.95;3.0;;;;;;;;;
2024;319;beauce_5_sa_091;organique_beauce_5;BTH;;SEMIS;semis;0.0;2.4;;;;;;;;;;;;;;;;;;;;;;;;;
2024;166;beauce_5_sa_091;organique_beauce_5;BTH;;FERTI;;0.0;0.0;;;;;;AN;mineral;N;;4.7;4.7;0.0;0.0;;;;;;;;;;;;
2024;275;beauce_5_sa_091;organique_beauce_5;BTH;;TRAVAIL_SOL;travail_sol_1;0.0;4.7;;;;;;;;;;;;;;;;;;;;;;;;;
2024;230;beauce_5_sa_092;organique_beauce_5;BTH;;RECOLTE;;0.0;0.0;5.99;;;;;;;;;;;;;0.0;5.3;3.0;;;;;;;;;
2024;262;beauce_5_sa_092;organique_beauce_5;BTH;;SEMIS;semis;0.0;3.3;;;;;;;;;;;;;;;;;;;;;;;;;
2024;61;beauce_5_sa_092;organique_beauce_5;BTH;;FERTI;;0.0;0.0;;;;;;AN;mineral;N;;22.2;22.2;0.0;0.0;;;;;;;;;;;;
2024;240;beauce_5_sa_092;organique_beauce_5;BTH;;TRAVAIL_SOL;travail_sol_1;0.0;16.1;;;;;;;;;;;;;;;;;;;;;;;;;
2024;247;beauce_5_sa_092;organique_beauce_5;BTH;;TRAVAIL_SOL;une_reprise;0.0;23.6;;;;;;;;;;;;;;;;;;;;;;;;;
2024;170;beauce_5_sa_093;organique_beauce_5;BTH;;RECOLTE;;0.0;0.0;4.84;;;;;;;;;;;;;0.0;4.28;3.0;;;;;;;;;
2024;315;beauce_5_sa_093;organique_beauce_5;BTH;;SEMIS;semis;0.0;3.5;;;;;;;;;;;;;;;;;;;;;;;;;
2024;331;beauce_5_sa_093;organique_beauce_5;BTH;;FERTI;;0.0;0.0;;;;;;AN;mineral;N;;3.3;3.3;0.0;0.0;;;;;;;;;;;;
2024;285;beauce_5_sa_093;organique_beauce_5;BTH;;TRAVAIL_SOL;travail_sol_1;0.0;19.7;;;;;;;;;;;;;;;;;;;;;;;;;
2024;292;beauce_5_sa_093;organique_beauce_5;BTH;;TRAVAIL_SOL;une_reprise;0.0;7.0;;;;;;;;;;;;;;;;;;;;;;;;;
2024;170;beauce_5_sa_094;organique_beauce_5;BTH;;RECOLTE;;0.0;0.0;8.8;;;;;;;;;;;;;0.0;7.79;3.0;;;;;;;;;
2024;276;beauce_5_sa_094;organique_beauce_5;BTH;;SEMIS;semis;0.0;2.9;;;;;;;;;;;;;;;;;;;;;;;;;
2024;42;beauce_5_sa_094;organique_beauce_5;BTH;;FERTI;;0.0;0.0;;;;;;AN;mineral;N;;1.7;1.7;0.0;0.0;;;;;;;;;;;;
2024;115;beauce_5_sa_094;organique_beauce_5;BTH;;FERTI;;0.0;0.0;;;;;;AN;mineral;N;;79.3;79.3;0.0;0.0;;;;;;;;;;;;
2024;230;beauce_5_sa_095;organique_beauce_5;BTH;;RECOLTE;;0.0;0.0;8.38;;;;;;;;;;;;;0.0;7.42;3.0;;;;;;;;;
2024;281;beauce_5_sa_095;organique_beauce_5;BTH;;SEMIS;semis;0.0;3.7;;;;;;;;;;;;;;;;;;;;;;;;;
2024;150;beauce_5_sa_095;organique_beauce_5;BTH;;FERTI;;0.0;0.0;;;;;;AN;mineral;N;;56.1;56.1;0.0;0.0;;;;;;;;;;;;
2024;227;beauce_5_sa_096;organique_beauce_5;BTH;;RECOLTE;;0.0;0.0;4.95;;;;;;;;;;;;;0.0;4.37;3.0;;;;;;;;;
2024;294;beauce_5_sa_096;organique_beauce_5;BTH;;SEMIS;semis;0.0;2.1;;;;;;;;;;;;;;;;;;;;;;;;;
2024;278;beauce_5_sa_096;organique_beauce_5;BTH;;TRAVAIL_SOL;travail_sol_1;0.0;24.9;;;;;;;;;;;;;;;;;;;;;;;;;
2024;230;beauce_5_sa_097;organique_beauce_5;BTH;;RECOLTE;;0.0;0.0;6.86;;;;;;;;;;;;;0.0;6.07;3.0;;;;;;;;;
2024;317;beauce_5_sa_097;organique_beauce_5;BTH;;SEMIS;semis;0.0;1.0;;;;;;;;;;;;;;;;;;;;;;;;;
2024;58;beauce_5_sa_097;organique_beauce_5;BTH;;FERTI;;0.0;0.0;;;;;;AN;mineral;N;;25.4;25.4;0.0;0.0;;;;;;;;;;;;
2024;336;beauce_5_sa_097;organique_beauce_5;BTH;;FERTI;;0.0;0.0;;;;;;AN;mineral;N;;6.6;6.6;0.0;0.0;;;;;;;;;;;;
2024;303;beauce_5_sa_097;organique_beauce_5;BTH;;TRAVAIL_SOL;travail_sol_1;0.0;19.4;;;;;;;;;;;;;;;;;;;;;;;;;
2024;202;beauce_5_sa_098;organique_beauce_5;BTH;;RECOLTE;;0.0;0.0;5.52;;;;;;;;;;;;;0.0;4.89;3.0;;;;;;;;;
2024;284;beauce_5_sa_098;organique_beauce_5;BTH;;SEMIS;semis;0.0;2.3;;;;;;;;;;;;;;;;;;;;;;;;;
2024;123;beauce_5_sa_098;organique_beauce_5;BTH;;FERTI;;0.0;0.0;;;;;;AN;mineral;N;;3.9;3.9;0.0;0.0;;;;;;;;;;;;
2024;146;beauce_5_sa_098;organique_beauce_5;BTH;;FERTI;;0.0;0.0;;;;;;AN;mineral;N;;5.2;5.2;0.0;0.0;;;;;;;;;;;;
2024;249;beauce_5_sa_098;organique_beauce_5;BTH;;TRAVAIL_SOL;travail_sol_1;0.0;8.2;;;;;;;;;;;;;;;;;;;;;;;;;
2024;186;beauce_5_sa_099;organique_beauce_5;BTH;;RECOLTE;;0.0;0.0;5.28;;;;;;;;;;;;;0.0;4.67;3.0;;;;;;;;;
2024;285;beauce_5_sa_099;organique_beauce_5;BTH;;SEMIS;semis;0.0;1.7;;;;;;;;;;;;;;;;;;;;;;;;;
2024;25;beauce_5_sa_099;organique_beauce_5;BTH;;FERTI;;0.0;0.0;;;;;;AN;mineral;N;;1.6;1.6;0.0;0.0;;;;;;;;;;;;
2024;266;beauce_5_sa_099;organique_beauce_5;BTH;;TRAVAIL_SOL;travail_sol_1;0.0;5.9;;;;;;;;;;;;;;;;;;;;;;;;;
2025;228;beauce_5_sa_000;organique_beauce_5;BTH;;RECOLTE;;0.0;0.0;7.38;;;;;;;;;;;;;0.0;6.53;3.0;;;;;;;;;
2025;314;beauce_5_sa_000;organique_beauce_5;BTH;;SEMIS;semis;0.0;3.9;;;;;;;;;;;;;;;;;;;;;;;;;
2025;85;beauce_5_sa_000;organique_beauce_5;BTH;;FERTI;;0.0;0.0;;;;;;AN;mineral;N;;36.2;36.2;0.0;0.0;;;;;;;;;;;;
2025;215;beauce_5_sa_001;organique_beauce_5;BTH;;RECOLTE;;0.0;0.0;5.21;;;;;;;;;;;;;0.0;4.61;3.0;;;;;;;;;
2025;265;beauce_5_sa_001;organique_beauce_5;BTH;;SEMIS;semis;0.0;3.9;;;;;;;;;;;;;;;;;;;;;;;;;
2025;255;beauce_5_sa_001;organique_beauce_5;BTH;;TRAVAIL_SOL;travail_sol_1;0.0;22.9;;;;;;;;;;;;;;;;;;;;;;;;;
2025;178;beauce_5_sa_002;organique_beauce_5;BTH;;RECOLTE;;0.0;0.0;8.34;;;;;;;;;;;;;0.0;7.38;3.0;;;;;;;;;
2025;311;beauce_5_sa_002;organique_beauce_5;BTH;;SEMIS;semis;0.0;1.7;;;;;;;;;;;;;;;;;;;;;;;;;
2025;120;beauce_5_sa_002;organique_beauce_5;BTH;;FERTI;;0.0;0.0;;;;;;AN;mineral;N;;40.7;40.7;0.0;0.0;;;;;;;;;;;;
2025;121;beauce_5_sa_002;organique_beauce_5;BTH;;FERTI;;0.0;0.0;;;;;;AN;mineral;N;;31.4;31.4;0.0;0.0;;;;;;;;;;;;
2025;345;beauce_5_sa_002;organique_beauce_5;BTH;;FERTI;;0.0;0.0;;;;;;AN;mineral;N;;6.9;6.9;0.0;0.0;;;;;;;;;;;;
2025;195;beauce_5_sa_003;organique_beauce_5;BTH;;RECOLTE;;0.0;0.0;7.14;;;;;;;;;;;;;0.0;6.32;3.0;;;;;;;;;
2025;302;beauce_5_sa_003;organique_beauce_5;BTH;;SEMIS;semis;0.0;3.6;;;;;;;;;;;;;;;;;;;;;;;;;
2025;117;beauce_5_sa_003;organique_beauce_5;BTH;;FERTI;;0.0;0.0;;;;;;AN;mineral;N;;23.8;23.8;0.0;0.0;;;;;;;;;;;;
2025;133;beauce_5_sa_003;organique_beauce_5;BTH;;FERTI;;0.0;0.0;;;;;;AN;mineral;N;;1.3;1.3;0.0;0.0;;;;;;;;;;;;
2025;134;beauce_5_sa_003;organique_beauce_5;BTH;;FERTI;;0.0;0.0;;;;;;AN;mineral;N;;4.6;4.6;0.0;0.0;;;;;;;;;;;;
2025;259;beauce_5_sa_003;organique_beauce_5;BTH;;TRAVAIL_SOL;travail_sol_1;0.0;19.5;;;;;;;;;;;;;;;;;;;;;;;;;
2025;226;beauce_5_sa_004;organique_beauce_5;BTH;;RECOLTE;;0.0;0.0;5.48;;;;;;;;;;;;;0.0;4.85;3.0;;;;;;;;;
2025;306;beauce_5_sa_004;organique_beauce_5;BTH;;SEMIS;semis;0.0;3.6;;;;;;;;;;;;;;;;;;;;;;;;;
2025;228;beauce_5_sa_005;organique_beauce_5;BTH;;RECOLTE;;0.0;0.0;5.0;;;;;;;;;;;;;0.0;4.42;3.0;;;;;;;;;
2025;276;beauce_5_sa_005;organique_beauce_5;BTH;;SEMIS;semis;0.0;1.2;;;;;;;;;;;;;;;;;;;;;;;;;
2025;207;beauce_5_sa_006;organique_beauce_5;BTH;;RECOLTE;;0.0;0.0;7.92;;;;;;;;;;;;;0.0;7.01;3.0;;;;;;;;;
2025;316;beauce_5_sa_006;organique_beauce_5;BTH;;SEMIS;semis;0.0;1.5;;;;;;;;;;;;;;;;;;;;;;;;;
2025;142;beauce_5_sa_006;organique_beauce_5;BTH;;FERTI;;0.0;0.0;;;;;;AN;mineral;N;;1.4;1.4;0.0;0.0;;;;;;;;;;;;
2025;143;beauce_5_sa_006;organique_beauce_5;BTH;;FERTI;;0.0;0.0;;;;;;AN;mineral;N;;75.7;75.7;0.0;0.0;;;;;;;;;;;;
2025;353;beauce_5_sa_006;organique_beauce_5;BTH;;FERTI;;0.0;0.0;;;;;;AN;mineral;N;;2.2;2.2;0.0;0.0;;;;;;;;;;;;
2025;280;beauce_5_sa_006;organique_beauce_5;BTH;;TRAVAIL_SOL;travail_sol_1;0.0;6.4;;;;;;;;;;;;;;;;;;;;;;;;;
2025;189;beauce_5_sa_007;organique_beauce_5;BTH;;RECOLTE;;0.0;0.0;5.73;;;;;;;;;;;;;0.0;5.07;3.0;;;;;;;;;
2025;300;beauce_5_sa_007;organique_beauce_5;BTH;;SEMIS;semis;0.0;3.6;;;;;;;;;;;;;;;;;;;;;;;;;
2025;270;beauce_5_sa_007;organique_beauce_5;BTH;;TRAVAIL_SOL;travail_sol_1;0.0;14.6;;;;;;;;;;;;;;;;;;;;;;;;;
2025;277;beauce_5_sa_007;organique_beauce_5;BTH;;TRAVAIL_SOL;une_reprise;0.0;17.3;;;;;;;;;;;;;;;;;;;;;;;;;
2025;172;beauce_5_sa_008;organique_beauce_5;BTH;;RECOLTE;;0.0;0.0;7.86;;;;;;;;;;;;;0.0;6.96;3.0;;;;;;;;;
2025;273;beauce_5_sa_008;organique_beauce_5;BTH;;SEMIS;semis;0.0;1.2;;;;;;;;;;;;;;;;;;;;;;;;;
2025;153;beauce_5_sa_008;organique_beauce_5;BTH;;FERTI;;0.0;0.0;;;;;;AN;mineral;N;;14.4;14.4;0.0;0.0;;;;;;;;;;;;
2025;154;beauce_5_sa_008;organique_beauce_5;BTH;;FERTI;;0.0;0.0;;;;;;AN;mineral;N;;63.1;63.1;0.0;0.0;;;;;;;;;;;;
2025;349;beauce_5_sa_008;organique_beauce_5;BTH;;FERTI;;0.0;0.0;;;;;;AN;mineral;N;;4.2;4.2;0.0;0.0;;;;;;;;;;;;
2025;210;beauce_5_sa_009;organique_beauce_5;BTH;;RECOLTE;;0.0;0.0;5.82;;;;;;;;;;;;;0.0;5.15;3.0;;;;;;;;;
2025;309;beauce_5_sa_009;organique_beauce_5;BTH;;SEMIS;semis;0.0;3.8;;;;;;;;;;;;;;;;;;;;;;;;;
2025;166;beauce_5_sa_009;organique_beauce_5;BTH;;FERTI;;0.0;0.0;;;;;;AN;mineral;N;;2.6;2.6;0.0;0.0;;;;;;;;;;;;
2025;167;beauce_5_sa_009;organique_beauce_5;BTH;;FERTI;;0.0;0.0;;;;;;AN;mineral;N;;7.5;7.5;0.0;0.0;;;;;;;;;;;;
2025;294;beauce_5_sa_009;organique_beauce_5;BTH;;TRAVAIL_SOL;travail_sol_1;0.0;6.6;;;;;;;;;;;;;;;;;;;;;;;;;
2025;222;beauce_5_sa_010;organique_beauce_5;BTH;;RECOLTE;;0.0;0.0;6.25;;;;;;;;;;;;;0.0;5.53;3.0;;;;;;;;;
2025;265;beauce_5_sa_010;organique_beauce_5;BTH;;SEMIS;semis;0.0;1.8;;;;;;;;;;;;;;;;;;;;;;;;;
2025;1;beauce_5_sa_010;organique_beauce_5;BTH;;FERTI;;0.0;0.0;;;;;;AN;mineral;N;;21.4;21.4;0.0;0.0;;;;;;;;;;;;
2025;251;beauce_5_sa_010;organique_beauce_5;BTH;;TRAVAIL_SOL;travail_sol_1;0.0;21.3;;;;;;;;;;;;;;;;;;;;;;;;;
2025;206;beauce_5_sa_011;organique_beauce_5;BTH;;RECOLTE;;0.0;0.0;5.41;;;;;;;;;;;;;0.0;4.79;3.0;;;;;;;;;
2025;276;beauce_5_sa_011;organique_beauce_5;BTH;;SEMIS;semis;0.0;3.0;;;;;;;;;;;;;;;;;;;;;;;;;
2025;2;beauce_5_sa_011;organique_beauce_5;BTH;;FERTI;;0.0;0.0;;;;;;AN;mineral;N;;3.3;3.3;0.0;0.0;;;;;;;;;;;;
2025;196;beauce_5_sa_012;organique_beauce_5;BTH;;RECOLTE;;0.0;0.0;7.25;;;;;;;;;;;;;0.0;6.41;3.0;;;;;;;;;
2025;264;beauce_5_sa_012;organique_beauce_5;BTH;;SEMIS;semis;0.0;3.9;;;;;;;;;;;;;;;;;;;;;;;;;
2025;152;beauce_5_sa_012;organique_beauce_5;BTH;;FERTI;;0.0;0.0;;;;;;AN;mineral;N;;74.3;74.3;0.0;0.0;;;;;;;;;;;;
2025;153;beauce_5_sa_012;organique_beauce_5;BTH;;FERTI;;0.0;0.0;;;;;;AN;mineral;N;;3.6;3.6;0.0;0.0;;;;;;;;;;;;
2025;180;beauce_5_sa_013;organique_beauce_5;BTH;;RECOLTE;;0.0;0.0;8.91;;;;;;;;;;;;;0.0;7.88;3.0;;;;;;;;;
2025;289;beauce_5_sa_013;organique_beauce_5;BTH;;SEMIS;semis;0.0;1.4;;;;;;;;;;;;;;;;;;;;;;;;;
2025;75;beauce_5_sa_013;organique_beauce_5;BTH;;FERTI;;0.0;0.0;;;;;;AN;mineral;N;;44.4;44.4;0.0;0.0;;;;;;;;;;;;
2025;76;beauce_5_sa_013;organique_beauce_5;BTH;;FERTI;;0.0;0.0;;;;;;AN;mineral;N;;46.8;46.8;0.0;0.0;;;;;;;;;;;;
2025;94;beauce_5_sa_013;organique_beauce_5;BTH;;FERTI;;0.0;0.0;;;;;;AN;mineral;N;;14.8;14.8;0.0;0.0;;;;;;;;;;;;
2025;275;beauce_5_sa_013;organique_beauce_5;BTH;;TRAVAIL_SOL;travail_sol_1;0.0;4.6;;;;;;;;;;;;;;;;;;;;;;;;;
2025;282;beauce_5_sa_013;organique_beauce_5;BTH;;TRAVAIL_SOL;une_reprise;0.0;16.0;;;;;;;;;;;;;;;;;;;;;;;;;
2025;223;beauce_5_sa_014;organique_beauce_5;BTH;;RECOLTE;;0.0;0.0;6.49;;;;;;;;;;;;;0.0;5.74;3.0;;;;;;;;;
2025;277;beauce_5_sa_014;organique_beauce_5;BTH;;SEMIS;semis;0.0;1.6;;;;;;;;;;;;;;;;;;;;;;;;;
2025;141;beauce_5_sa_014;organique_beauce_5;BTH;;FERTI;;0.0;0.0;;;;;;AN;mineral;N;;34.7;34.7;0.0;0.0;;;;;;;;;;;;
2025;269;beauce_5_sa_014;organique_beauce_5;BTH;;TRAVAIL_SOL;travail_sol_1;0.0;9.9;;;;;;;;;;;;;;;;;;;;;;;;;
2025;227;beauce_5_sa_015;organique_beauce_5;BTH;;RECOLTE;;0.0;0.0;7.17;;;;;;;;;;;;;0.0;6.34;3.0;;;;;;;;;
2025;266;beauce_5_sa_015;organique_beauce_5;BTH;;SEMIS;semis;0.0;3.6;;;;;;;;;;;;;;;;;;;;;;;;;
2025;97;beauce_5_sa_015;organique_beauce_5;BTH;;FERTI;;0.0;0.0;;;;;;AN;mineral;N;;22.5;22.5;0.0;0.0;;;;;;;;;;;;
2025;98;beauce_5_sa_015;organique_beauce_5;BTH;;FERTI;;0.0;0.0;;;;;;AN;mineral;N;;3.4;3.4;0.0;0.0;;;;;;;;;;;;
2025;161;beauce_5_sa_015;organique_beauce_5;BTH;;FERTI;;0.0;0.0;;;;;;AN;mineral;N;;27.1;27.1;0.0;0.0;;;;;;;;;;;;
2025;236;beauce_5_sa_015;organique_beauce_5;BTH;;TRAVAIL_SOL;travail_sol_1;0.0;13.4;;;;;;;;;;;;;;;;;;;;;;;;;
2025;243;beauce_5_sa_015;organique_beauce_5;BTH;;TRAVAIL_SOL;une_reprise;0.0;17.8;;;;;;;;;;;;;;;;;;;;;;;;;
2025;179;beauce_5_sa_016;organique_beauce_5;BTH;;RECOLTE;;0.0;0.0;6.4;;;;;;;;;;;;;0.0;5.66;3.0;;;;;;;;;
2025;261;beauce_5_sa_016;organique_beauce_5;BTH;;SEMIS;semis;0.0;2.8;;;;;;;;;;;;;;;;;;;;;;;;;
2025;131;beauce_5_sa_016;organique_beauce_5;BTH;;FERTI;;0.0;0.0;;;;;;AN;mineral;N;;5.1;5.1;0.0;0.0;;;;;;;;;;;;
2025;132;beauce_5_sa_016;organique_beauce_5;BTH;;FERTI;;0.0;0.0;;;;;;AN;mineral;N;;13.9;13.9;0.0;0.0;;;;;;;;;;;;
2025;225;beauce_5_sa_016;organique_beauce_5;BTH;;TRAVAIL_SOL;travail_sol_1;0.0;15.3;;;;;;;;;;;;;;;;;;;;;;;;;
2025;232;beauce_5_sa_016;organique_beauce_5;BTH;;TRAVAIL_SOL;une_reprise;0.0;20.0;;;;;;;;;;;;;;;;;;;;;;;;;
2025;202;beauce_5_sa_017;organique_beauce_5;BTH;;RECOLTE;;0.0;0.0;5.46;;;;;;;;;;;;;0.0;4.83;3.0;;;;;;;;;
2025;293;beauce_5_sa_017;organique_beauce_5;BTH;;SEMIS;semis;0.0;3.8;;;;;;;;;;;;;;;;;;;;;;;;;
2025;9;beauce_5_sa_017;organique_beauce_5;BTH;;FERTI;;0.0;0.0;;;;;;AN;mineral;N;;1.9;1.9;0.0;0.0;;;;;;;;;;;;
2025;267;beauce_5_sa_017;organique_beauce_5;BTH;;TRAVAIL_SOL;travail_sol_1;0.0;21.1;;;;;;;;;;;;;;;;;;;;;;;;;
2025;190;beauce_5_sa_018;organique_beauce_5;BTH;;RECOLTE;;0.0;0.0;5.33;;;;;;;;;;;;;0.0;4.72;3.0;;;;;;;;;
2025;259;beauce_5_sa_018;organique_beauce_5;BTH;;SEMIS;semis;0.0;1.5;;;;;;;;;;;;;;;;;;;;;;;;;
2025;245;beauce_5_sa_018;organique_beauce_5;BTH;;TRAVAIL_SOL;travail_sol_1;0.0;21.3;;;;;;;;;;;;;;;;;;;;;;;;;
2025;252;beauce_5_sa_018;organique_beauce_5;BTH;;TRAVAIL_SOL;une_reprise;0.0;8.5;;;;;;;;;;;;;;;;;;;;;;;;;
2025;177;beauce_5_sa_019;organique_beauce_5;BTH;;RECOLTE;;0.0;0.0;5.82;;;;;;;;;;;;;0.0;5.14;3.0;;;;;;;;;
2025;258;beauce_5_sa_019;organique_beauce_5;BTH;;SEMIS;semis;0.0;2.9;;;;;;;;;;;;;;;;;;;;;;;;;
2025;219;beauce_5_sa_019;organique_beauce_5;BTH;;TRAVAIL_SOL;travail_sol_1;0.0;5.9;;;;;;;;;;;;;;;;;;;;;;;;;
2025;211;beauce_5_sa_020;organique_beauce_5;BTH;;RECOLTE;;0.0;0.0;6.35;;;;;;;;;;;;;0.0;5.62;3.0;;;;;;;;;
2025;308;beauce_5_sa_020;organique_beauce_5;BTH;;SEMIS;semis;0.0;1.4;;;;;;;;;;;;;;;;;;;;;;;;;
2025;47;beauce_5_sa_020;organique_beauce_5;BTH;;FERTI;;0.0;0.0;;;;;;AN;mineral;N;;14.0;14.0;0.0;0.0;;;;;;;;;;;;
2025;76;beauce_5_sa_020;organique_beauce_5;BTH;;FERTI;;0.0;0.0;;;;;;AN;mineral;N;;1.4;1.4;0.0;0.0;;;;;;;;;;;;
2025;290;beauce_5_sa_020;organique_beauce_5;BTH;;TRAVAIL_SOL;travail_sol_1;0.0;7.3;;;;;;;;;;;;;;;;;;;;;;;;;
2025;297;beauce_5_sa_020;organique_beauce_5;BTH;;TRAVAIL_SOL;une_reprise;0.0;15.9;;;;;;;;;;;;;;;;;;;;;;;;;
2025;215;beauce_5_sa_021;organique_beauce_5;BTH;;RECOLTE;;0.0;0.0;5.51;;;;;;;;;;;;;0.0;4.87;3.0;;;;;;;;;
2025;286;beauce_5_sa_021;organique_beauce_5;BTH;;SEMIS;semis;0.0;2.4;;;;;;;;;;;;;;;;;;;;;;;;;
2025;342;beauce_5_sa_021;organique_beauce_5;BTH;;FERTI;;0.0;0.0;;;;;;AN;mineral;N;;2.6;2.6;0.0;0.0;;;;;;;;;;;;
2025;269;beauce_5_sa_021;organique_beauce_5;BTH;;TRAVAIL_SOL;travail_sol_1;0.0;23.0;;;;;;;;;;;;;;;;;;;;;;;;;
2025;218;beauce_5_sa_022;organique_beauce_5;BTH;;RECOLTE;;0.0;0.0;7.23;;;;;;;;;;;;;0.0;6.4;3.0;;;;;;;;;
2025;307;beauce_5_sa_022;organique_beauce_5;BTH;;SEMIS;semis;0.0;3.0;;;;;;;;;;;;;;;;;;;;;;;;;
2025;61;beauce_5_sa_022;organique_beauce_5;BTH;;FERTI;;0.0;0.0;;;;;;AN;mineral;N;;1.8;1.8;0.0;0.0;;;;;;;;;;;;
2025;89;beauce_5_sa_022;organique_beauce_5;BTH;;FERTI;;0.0;0.0;;;;;;AN;mineral;N;;35.9;35.9;0.0;0.0;;;;;;;;;;;;
2025;284;beauce_5_sa_022;organique_beauce_5;BTH;;TRAVAIL_SOL;travail_sol_1;0.0;24.5;;;;;;;;;;;;;;;;;;;;;;;;;
2025;291;beauce_5_sa_022;organique_beauce_5;BTH;;TRAVAIL_SOL;une_reprise;0.0;24.0;;;;;;;;;;;;;;;;;;;;;;;;;
2025;220;beauce_5_sa_023;organique_beauce_5;BTH;;RECOLTE;;0.0;0.0;6.24;;;;;;;;;;;;;0.0;5.52;3.0;;;;;;;;;
2025;266;beauce_5_sa_023;organique_beauce_5;BTH;;SEMIS;semis;0.0;1.7;;;;;;;;;;;;;;;;;;;;;;;;;
2025;68;beauce_5_sa_023;organique_beauce_5;BTH;;FERTI;;0.0;0.0;;;;;;AN;mineral;N;;10.4;10.4;0.0;0.0;;;;;;;;;;;;
2025;96;beauce_5_sa_023;organique_beauce_5;BTH;;FERTI;;0.0;0.0;;;;;;AN;mineral;N;;1.3;1.3;0.0;0.0;;;;;;;;;;;;
2025;210;beauce_5_sa_024;organique_beauce_5;BTH;;RECOLTE;;0.0;0.0;8.59;;;;;;;;;;;;;0.0;7.6;3.0;;;;;;;;;
2025;286;beauce_5_sa_024;organique_beauce_5;BTH;;SEMIS;semis;0.0;3.5;;;;;;;;;;;;;;;;;;;;;;;;;
2025;14;beauce_5_sa_024;organique_beauce_5;BTH;;FERTI;;0.0;0.0;;;;;;AN;mineral;N;;36.6;36.6;0.0;0.0;;;;;;;;;;;;
2025;67;beauce_5_sa_024;organique_beauce_5;BTH;;FERTI;;0.0;0.0;;;;;;AN;mineral;N;;40.8;40.8;0.0;0.0;;;;;;;;;;;;
2025;256;beauce_5_sa_024;organique_beauce_5;BTH;;TRAVAIL_SOL;travail_sol_1;0.0;21.5;;;;;;;;;;;;;;;;;;;;;;;;;
2025;211;beauce_5_sa_025;organique_beauce_5;BTH;;RECOLTE;;0.0;0.0;6.09;;;;;;;;;;;;;0.0;5.39;3.0;;;;;;;;;
2025;300;beauce_5_sa_025;organique_beauce_5;BTH;;SEMIS;semis;0.0;1.7;;;;;;;;;;;;;;;;;;;;;;;;;
2025;330;beauce_5_sa_025;organique_beauce_5;BTH;;FERTI;;0.0;0.0;;;;;;AN;mineral;N;;3.7;3.7;0.0;0.0;;;;;;;;;;;;
2025;275;beauce_5_sa_025;organique_beauce_5;BTH;;TRAVAIL_SOL;travail_sol_1;0.0;2.5;;;;;;;;;;;;;;;;;;;;;;;;;
2025;187;beauce_5_sa_026;organique_beauce_5;BTH;;RECOLTE;;0.0;0.0;6.44;;;;;;;;;;;;;0.0;5.7;3.0;;;;;;;;;
2025;306;beauce_5_sa_026;organique_beauce_5;BTH;;SEMIS;semis;0.0;3.7;;;;;;;;;;;;;;;;;;;;;;;;;
2025;127;beauce_5_sa_026;organique_beauce_5;BTH;;FERTI;;0.0;0.0;;;;;;AN;mineral;N;;1.9;1.9;0.0;0.0;;;;;;;;;;;;
2025;333;beauce_5_sa_026;organique_beauce_5;BTH;;FERTI;;0.0;0.0;;;;;;AN;mineral;N;;8.3;8.3;0.0;0.0;;;;;;;;;;;;
2025;198;beauce_5_sa_027;organique_beauce_5;BTH;;RECOLTE;;0.0;0.0;6.54;;;;;;;;;;;;;0.0;5.79;3.0;;;;;;;;;
2025;307;beauce_5_sa_027;organique_beauce_5;BTH;;SEMIS;semis;0.0;3.2;;;;;;;;;;;;;;;;;;;;;;;;;
2025;5;beauce_5_sa_027;organique_beauce_5;BTH;;FERTI;;0.0;0.0;;;;;;AN;mineral;N;;4.5;4.5;0.0;0.0;;;;;;;;;;;;
2025;116;beauce_5_sa_027;organique_beauce_5;BTH;;FERTI;;0.0;0.0;;;;;;AN;mineral;N;;17.1;17.1;0.0;0.0;;;;;;;;;;;;
2025;201;beauce_5_sa_028;organique_beauce_5;BTH;;RECOLTE;;0.0;0.0;7.84;;;;;;;;;;;;;0.0;6.93;3.0;;;;;;;;;
2025;262;beauce_5_sa_028;organique_beauce_5;BTH;;SEMIS;semis;0.0;2.5;;;;;;;;;;;;;;;;;;;;;;;;;
2025;70;beauce_5_sa_028;organique_beauce_5;BTH;;FERTI;;0.0;0.0;;;;;;AN;mineral;N;;1.5;1.5;0.0;0.0;;;;;;;;;;;;
2025;104;beauce_5_sa_028;organique_beauce_5;BTH;;FERTI;;0.0;0.0;;;;;;AN;mineral;N;;56.2;56.2;0.0;0.0;;;;;;;;;;;;
2025;342;beauce_5_sa_028;organique_beauce_5;BTH;;FERTI;;0.0;0.0;;;;;;AN;mineral;N;;9.0;9.0;0.0;0.0;;;;;;;;;;;;
2025;231;beauce_5_sa_028;organique_beauce_5;BTH;;TRAVAIL_SOL;travail_sol_1;0.0;16.4;;;;;;;;;;;;;;;;;;;;;;;;;
2025;221;beauce_5_sa_029;organique_beauce_5;BTH;;RECOLTE;;0.0;0.0;7.92;;;;;;;;;;;;;0.0;7.0;3.0;;;;;;;;;
2025;285;beauce_5_sa_029;organique_beauce_5;BTH;;SEMIS;semis;0.0;1.3;;;;;;;;;;;;;;;;;;;;;;;;;
2025;120;beauce_5_sa_029;organique_beauce_5;BTH;;FERTI;;0.0;0.0;;;;;;AN;mineral;N;;12.6;12.6;0.0;0.0;;;;;;;;;;;;
2025;121;beauce_5_sa_029;organique_beauce_5;BTH;;FERTI;;0.0;0.0;;;;;;AN;mineral;N;;17.2;17.2;0.0;0.0;;;;;;;;;;;;
2025;131;beauce_5_sa_029;organique_beauce_5;BTH;;FERTI;;0.0;0.0;;;;;;AN;mineral;N;;64.8;64.8;0.0;0.0;;;;;;;;;;;;
2025;258;beauce_5_sa_029;organique_beauce_5;BTH;;TRAVAIL_SOL;travail_sol_1;0.0;10.9;;;;;;;;;;;;;;;;;;;;;;;;;
2025;199;beauce_5_sa_030;organique_beauce_5;BTH;;RECOLTE;;0.0;0.0;5.61;;;;;;;;;;;;;0.0;4.96;3.0;;;;;;;;;
2025;294;beauce_5_sa_030;organique_beauce_5;BTH;;SEMIS;semis;0.0;1.8;;;;;;;;;;;;;;;;;;;;;;;;;
2025;107;beauce_5_sa_030;organique_beauce_5;BTH;;FERTI;;0.0;0.0;;;;;;AN;mineral;N;;1.9;1.9;0.0;0.0;;;;;;;;;;;;
2025;257;beauce_5_sa_030;organique_beauce_5;BTH;;TRAVAIL_SOL;travail_sol_1;0.0;22.7;;;;;;;;;;;;;;;;;;;;;;;;;
2025;264;beauce_5_sa_030;organique_beauce_5;BTH;;TRAVAIL_SOL;une_reprise;0.0;24.6;;;;;;;;;;;;;;;;;;;;;;;;;
2025;209;beauce_5_sa_031;organique_beauce_5;BTH;;RECOLTE;;0.0;0.0;5.57;;;;;;;;;;;;;0.0;4.93;3.0;;;;;;;;;
2025;318;beauce_5_sa_031;organique_beauce_5;BTH;;SEMIS;semis;0.0;1.6;;;;;;;;;;;;;;;;;;;;;;;;;
2025;274;beauce_5_sa_031;organique_beauce_5;BTH;;TRAVAIL_SOL;travail_sol_1;0.0;11.8;;;;;;;;;;;;;;;;;;;;;;;;;
2025;281;beauce_5_sa_031;organique_beauce_5;BTH;;TRAVAIL_SOL;une_reprise;0.0;13.8;;;;;;;;;;;;;;;;;;;;;;;;;
2025;203;beauce_5_sa_032;organique_beauce_5;BTH;;RECOLTE;;0.0;0.0;5.37;;;;;;;;;;;;;0.0;4.75;3.0;;;;;;;;;
2025;271;beauce_5_sa_032;organique_beauce_5;BTH;;SEMIS;semis;0.0;2.4;;;;;;;;;;;;;;;;;;;;;;;;;
2025;245;beauce_5_sa_032;organique_beauce_5;BTH;;TRAVAIL_SOL;travail_sol_1;0.0;8.5;;;;;;;;;;;;;;;;;;;;;;;;;
2025;252;beauce_5_sa_032;organique_beauce_5;BTH;;TRAVAIL_SOL;une_reprise;0.0;11.2;;;;;;;;;;;;;;;;;;;;;;;;;
2025;212;beauce_5_sa_033;organique_beauce_5;BTH;;RECOLTE;;0.0;0.0;7.58;;;;;;;;;;;;;0.0;6.7;3.0;;;;;;;;;
2025;281;beauce_5_sa_033;organique_beauce_5;BTH;;SEMIS;semis;0.0;2.2;;;;;;;;;;;;;;;;;;;;;;;;;
2025;117;beauce_5_sa_033;organique_beauce_5;BTH;;FERTI;;0.0;0.0;;;;;;AN;mineral;N;;79.9;79.9;0.0;0.0;;;;;;;;;;;;
2025;118;beauce_5_sa_033;organique_beauce_5;BTH;;FERTI;;0.0;0.0;;;;;;AN;mineral;N;;2.4;2.4;0.0;0.0;;;;;;;;;;;;
2025;269;beauce_5_sa_033;organique_beauce_5;BTH;;TRAVAIL_SOL;travail_sol_1;0.0;11.5;;;;;;;;;;;;;;;;;;;;;;;;;
2025;276;beauce_5_sa_033;organique_beauce_5;BTH;;TRAVAIL_SOL;une_reprise;0.0;15.5;;;;;;;;;;;;;;;;;;;;;;;;;
2025;184;beauce_5_sa_034;organique_beauce_5;BTH;;RECOLTE;;0.0;0.0;7.0;;;;;;;;;;;;;0.0;6.19;3.0;;;;;;;;;
2025;316;beauce_5_sa_034;organique_beauce_5;BTH;;SEMIS;semis;0.0;3.6;;;;;;;;;;;;;;;;;;;;;;;;;
2025;64;beauce_5_sa_034;organique_beauce_5;BTH;;FERTI;;0.0;0.0;;;;;;AN;mineral;N;;12.1;12.1;0.0;0.0;;;;;;;;;;;;
2025;130;beauce_5_sa_034;organique_beauce_5;BTH;;FERTI;;0.0;0.0;;;;;;AN;mineral;N;;18.8;18.8;0.0;0.0;;;;;;;;;;;;
2025;298;beauce_5_sa_034;organique_beauce_5;BTH;;TRAVAIL_SOL;travail_sol_1;0.0;20.6;;;;;;;;;;;;;;;;;;;;;;;;;
2025;225;beauce_5_sa_035;organique_beauce_5;BTH;;RECOLTE;;0.0;0.0;6.14;;;;;;;;;;;;;0.0;5.43;3.0;;;;;;;;;
2025;311;beauce_5_sa_035;organique_beauce_5;BTH;;SEMIS;semis;0.0;2.5;;;;;;;;;;;;;;;;;;;;;;;;;
2025;80;beauce_5_sa_035;organique_beauce_5;BTH;;FERTI;;0.0;0.0;;;;;;AN;mineral;N;;2.4;2.4;0.0;0.0;;;;;;;;;;;;
2025;98;beauce_5_sa_035;organique_beauce_5;BTH;;FERTI;;0.0;0.0;;;;;;AN;mineral;N;;9.2;9.2;0.0;0.0;;;;;;;;;;;;
2025;278;beauce_5_sa_035;organique_beauce_5;BTH;;TRAVAIL_SOL;travail_sol_1;0.0;6.1;;;;;;;;;;;;;;;;;;;;;;;;;
2025;222;beauce_5_sa_036;organique_beauce_5;BTH;;RECOLTE;;0.0;0.0;8.21;;;;;;;;;;;;;0.0;7.26;3.0;;;;;;;;;
2025;304;beauce_5_sa_036;organique_beauce_5;BTH;;SEMIS;semis;0.0;3.5;;;;;;;;;;;;;;;;;;;;;;;;;
2025;131;beauce_5_sa_036;organique_beauce_5;BTH;;FERTI;;0.0;0.0;;;;;;AN;mineral;N;;90.6;90.6;0.0;0.0;;;;;;;;;;;;
2025;165;beauce_5_sa_036;organique_beauce_5;BTH;;FERTI;;0.0;0.0;;;;;;AN;mineral;N;;12.6;12.6;0.0;0.0;;;;;;;;;;;;
2025;166;beauce_5_sa_036;organique_beauce_5;BTH;;FERTI;;0.0;0.0;;;;;;AN;mineral;N;;3.2;3.2;0.0;0.0;;;;;;;;;;;;
2025;275;beauce_5_sa_036;organique_beauce_5;BTH;;TRAVAIL_SOL;travail_sol_1;0.0;19.3;;;;;;;;;;;;;;;;;;;;;;;;;
2025;172;beauce_5_sa_037;organique_beauce_5;BTH;;RECOLTE;;0.0;0.0;5.84;;;;;;;;;;;;;0.0;5.17;3.0;;;;;;;;;
2025;313;beauce_5_sa_037;organique_beauce_5;BTH;;SEMIS;semis;0.0;1.8;;;;;;;;;;;;;;;;;;;;;;;;;
2025;84;beauce_5_sa_037;organique_beauce_5;BTH;;FERTI;;0.0;0.0;;;;;;AN;mineral;N;;3.5;3.5;0.0;0.0;;;;;;;;;;;;
2025;170;beauce_5_sa_038;organique_beauce_5;BTH;;RECOLTE;;0.0;0.0;7.58;;;;;;;;;;;;;0.0;6.71;3.0;;;;;;;;;
2025;285;beauce_5_sa_038;organique_beauce_5;BTH;;SEMIS;semis;0.0;2.9;;;;;;;;;;;;;;;;;;;;;;;;;
2025;95;beauce_5_sa_038;organique_beauce_5;BTH;;FERTI;;0.0;0.0;;;;;;AN;mineral;N;;10.6;10.6;0.0;0.0;;;;;;;;;;;;
2025;151;beauce_5_sa_038;organique_beauce_5;BTH;;FERTI;;0.0;0.0;;;;;;AN;mineral;N;;44.4;44.4;0.0;0.0;;;;;;;;;;;;
2025;163;beauce_5_sa_038;organique_beauce_5;BTH;;FERTI;;0.0;0.0;;;;;;AN;mineral;N;;10.3;10.3;0.0;0.0;;;;;;;;;;;;
2025;175;beauce_5_sa_039;organique_beauce_5;BTH;;RECOLTE;;0.0;0.0;5.7;;;;;;;;;;;;;0.0;5.04;3.0;;;;;;;;;
2025;270;beauce_5_sa_039;organique_beauce_5;BTH;;SEMIS;semis;0.0;2.7;;;;;;;;;;;;;;;;;;;;;;;;;
2025;23;beauce_5_sa_039;organique_beauce_5;BTH;;FERTI;;0.0;0.0;;;;;;AN;mineral;N;;3.1;3.1;0.0;0.0;;;;;;;;;;;;
2025;229;beauce_5_sa_039;organique_beauce_5;BTH;;TRAVAIL_SOL;travail_sol_1;0.0;10.5;;;;;;;;;;;;;;;;;;;;;;;;;
2025;236;beauce_5_sa_039;organique_beauce_5;BTH;;TRAVAIL_SOL;une_reprise;0.0;16.3;;;;;;;;;;;;;;;;;;;;;;;;;
2025;176;beauce_5_sa_040;organique_beauce_5;BTH;;RECOLTE;;0.0;0.0;5.48;;;;;;;;;;;;;0.0;4.85;3.0;;;;;;;;;
2025;293;beauce_5_sa_040;organique_beauce_5;BTH;;SEMIS;semis;0.0;2.4;;;;;;;;;;;;;;;;;;;;;;;;;
2025;181;beauce_5_sa_041;organique_beauce_5;BTH;;RECOLTE;;0.0;0.0;5.61;;;;;;;;;;;;;0.0;4.96;3.0;;;;;;;;;
2025;287;beauce_5_sa_041;organique_beauce_5;BTH;;SEMIS;semis;0.0;3.5;;;;;;;;;;;;;;;;;;;;;;;;;
2025;258;beauce_5_sa_041;organique_beauce_5;BTH;;TRAVAIL_SOL;travail_sol_1;0.0;1.0;;;;;;;;;;;;;;;;;;;;;;;;;
2025;265;beauce_5_sa_041;organique_beauce_5;BTH;;TRAVAIL_SOL;une_reprise;0.0;11.5;;;;;;;;;;;;;;;;;;;;;;;;;
2025;185;beauce_5_sa_042;organique_beauce_5;BTH;;RECOLTE;;0.0;0.0;6.76;;;;;;;;;;;;;0.0;5.98;3.0;;;;;;;;;
2025;296;beauce_5_sa_042;organique_beauce_5;BTH;;SEMIS;semis;0.0;2.2;;;;;;;;;;;;;;;;;;;;;;;;;
2025;29;beauce_5_sa_042;organique_beauce_5;BTH;;FERTI;;0.0;0.0;;;;;;AN;mineral;N;;2.3;2.3;0.0;0.0;;;;;;;;;;;;
2025;138;beauce_5_sa_042;organique_beauce_5;BTH;;FERTI;;0.0;0.0;;;;;;AN;mineral;N;;18.5;18.5;0.0;0.0;;;;;;;;;;;;
2025;262;beauce_5_sa_042;organique_beauce_5;BTH;;TRAVAIL_SOL;travail_sol_1;0.0;6.7;;;;;;;;;;;;;;;;;;;;;;;;;
2025;269;beauce_5_sa_042;organique_beauce_5;BTH;;TRAVAIL_SOL;une_reprise;0.0;18.9;;;;;;;;;;;;;;;;;;;;;;;;;
2025;217;beauce_5_sa_043;organique_beauce_5;BTH;;RECOLTE;;0.0;0.0;8.76;;;;;;;;;;;;;0.0;7.75;3.0;;;;;;;;;
2025;309;beauce_5_sa_043;organique_beauce_5;BTH;;SEMIS;semis;0.0;3.6;;;;;;;;;;;;;;;;;;;;;;;;;
2025;77;beauce_5_sa_043;organique_beauce_5;BTH;;FERTI;;0.0;0.0;;;;;;AN;mineral;N;;34.3;34.3;0.0;0.0;;;;;;;;;;;;
2025;364;beauce_5_sa_043;organique_beauce_5;BTH;;FERTI;;0.0;0.0;;;;;;AN;mineral;N;;56.9;56.9;0.0;0.0;;;;;;;;;;;;
2025;287;beauce_5_sa_043;organique_beauce_5;BTH;;TRAVAIL_SOL;travail_sol_1;0.0;9.5;;;;;;;;;;;;;;;;;;;;;;;;;
2025;215;beauce_5_sa_044;organique_beauce_5;BTH;;RECOLTE;;0.0;0.0;5.1;;;;;;;;;;;;;0.0;4.51;3.0;;;;;;;;;
2025;273;beauce_5_sa_044;organique_beauce_5;BTH;;SEMIS;semis;0.0;1.3;;;;;;;;;;;;;;;;;;;;;;;;;
2025;262;beauce_5_sa_044;organique_beauce_5;BTH;;TRAVAIL_SOL;travail_sol_1;0.0;20.4;;;;;;;;;;;;;;;;;;;;;;;;;
2025;181;beauce_5_sa_045;organique_beauce_5;BTH;;RECOLTE;;0.0;0.0;7.38;;;;;;;;;;;;;0.0;6.53;3.0;;;;;;;;;
2025;285;beauce_5_sa_045;organique_beauce_5;BTH;;SEMIS;semis;0.0;2.4;;;;;;;;;;;;;;;;;;;;;;;;;
2025;154;beauce_5_sa_045;organique_beauce_5;BTH;;FERTI;;0.0;0.0;;;;;;AN;mineral;N;;23.2;23.2;0.0;0.0;;;;;;;;;;;;
2025;155;beauce_5_sa_045;organique_beauce_5;BTH;;FERTI;;0.0;0.0;;;;;;AN;mineral;N;;6.1;6.1;0.0;0.0;;;;;;;;;;;;
2025;358;beauce_5_sa_045;organique_beauce_5;BTH;;FERTI;;0.0;0.0;;;;;;AN;mineral;N;;11.3;11.3;0.0;0.0;;;;;;;;;;;;
2025;227;beauce_5_sa_046;organique_beauce_5;BTH;;RECOLTE;;0.0;0.0;4.77;;;;;;;;;;;;;0.0;4.22;3.0;;;;;;;;;
2025;272;beauce_5_sa_046;organique_beauce_5;BTH;;SEMIS;semis;0.0;3.0;;;;;;;;;;;;;;;;;;;;;;;;;
2025;179;beauce_5_sa_047;organique_beauce_5;BTH;;RECOLTE;;0.0;0.0;7.61;;;;;;;;;;;;;0.0;6.74;3.0;;;;;;;;;
2025;279;beauce_5_sa_047;organique_beauce_5;BTH;;SEMIS;semis;0.0;3.5;;;;;;;;;;;;;;;;;;;;;;;;;
2025;326;beauce_5_sa_047;organique_beauce_5;BTH;;FERTI;;0.0;0.0;;;;;;AN;mineral;N;;49.6;49.6;0.0;0.0;;;;;;;;;;;;
2025;242;beauce_5_sa_047;organique_beauce_5;BTH;;TRAVAIL_SOL;travail_sol_1;0.0;17.3;;;;;;;;;;;;;;;;;;;;;;;;;
2025;249;beauce_5_sa_047;organique_beauce_5;BTH;;TRAVAIL_SOL;une_reprise;0.0;6.4;;;;;;;;;;;;;;;;;;;;;;;;;
2025;185;beauce_5_sa_048;organique_beauce_5;BTH;;RECOLTE;;0.0;0.0;8.98;;;;;;;;;;;;;0.0;7.94;3.0;;;;;;;;;
2025;288;beauce_5_sa_048;organique_beauce_5;BTH;;SEMIS;semis;0.0;3.9;;;;;;;;;;;;;;;;;;;;;;;;;
2025;2;beauce_5_sa_048;organique_beauce_5;BTH;;FERTI;;0.0;0.0;;;;;;AN;mineral;N;;76.7;76.7;0.0;0.0;;;;;;;;;;;;
2025;104;beauce_5_sa_048;organique_beauce_5;BTH;;FERTI;;0.0;0.0;;;;;;AN;mineral;N;;97.7;97.7;0.0;0.0;;;;;;;;;;;;
2025;113;beauce_5_sa_048;organique_beauce_5;BTH;;FERTI;;0.0;0.0;;;;;;AN;mineral;N;;1.9;1.9;0.0;0.0;;;;;;;;;;;;
2025;249;beauce_5_sa_048;organique_beauce_5;BTH;;TRAVAIL_SOL;travail_sol_1;0.0;15.1;;;;;;;;;;;;;;;;;;;;;;;;;
2025;256;beauce_5_sa_048;organique_beauce_5;BTH;;TRAVAIL_SOL;une_reprise;0.0;8.8;;;;;;;;;;;;;;;;;;;;;;;;;
2025;190;beauce_5_sa_049;organique_beauce_5;BTH;;RECOLTE;;0.0;0.0;6.79;;;;;;;;;;;;;0.0;6.0;3.0;;;;;;;;;
2025;293;beauce_5_sa_049;organique_beauce_5;BTH;;SEMIS;semis;0.0;2.0;;;;;;;;;;;;;;;;;;;;;;;;;
2025;144;beauce_5_sa_049;organique_beauce_5;BTH;;FERTI;;0.0;0.0;;;;;;AN;mineral;N;;36.0;36.0;0.0;0.0;;;;;;;;;;;;
2025;145;beauce_5_sa_049;organique_beauce_5;BTH;;FERTI;;0.0;0.0;;;;;;AN;mineral;N;;2.6;2.6;0.0;0.0;;;;;;;;;;;;
2025;146;beauce_5_sa_049;organique_beauce_5;BTH;;FERTI;;0.0;0.0;;;;;;AN;mineral;N;;6.8;6.8;0.0;0.0;;;;;;;;;;;;
2025;224;beauce_5_sa_050;organique_beauce_5;BTH;;RECOLTE;;0.0;0.0;6.31;;;;;;;;;;;;;0.0;5.58;3.0;;;;;;;;;
2025;313;beauce_5_sa_050;organique_beauce_5;BTH;;SEMIS;semis;0.0;1.1;;;;;;;;;;;;;;;;;;;;;;;;;
2025;87;beauce_5_sa_050;organique_beauce_5;BTH;;FERTI;;0.0;0.0;;;;;;AN;mineral;N;;16.7;16.7;0.0;0.0;;;;;;;;;;;;
2025;189;beauce_5_sa_051;organique_beauce_5;BTH;;RECOLTE;;0.0;0.0;8.08;;;;;;;;;;;;;0.0;7.15;3.0;;;;;;;;;
2025;259;beauce_5_sa_051;organique_beauce_5;BTH;;SEMIS;semis;0.0;3.6;;;;;;;;;;;;;;;;;;;;;;;;;
2025;74;beauce_5_sa_051;organique_beauce_5;BTH;;FERTI;;0.0;0.0;;;;;;AN;mineral;N;;87.8;87.8;0.0;0.0;;;;;;;;;;;;
2025;99;beauce_5_sa_051;organique_beauce_5;BTH;;FERTI;;0.0;0.0;;;;;;AN;mineral;N;;1.1;1.1;0.0;0.0;;;;;;;;;;;;
2025;164;beauce_5_sa_051;organique_beauce_5;BTH;;FERTI;;0.0;0.0;;;;;;AN;mineral;N;;1.1;1.1;0.0;0.0;;;;;;;;;;;;
2025;253;beauce_5_sa_051;organique_beauce_5;BTH;;TRAVAIL_SOL;travail_sol_1;0.0;24.5;;;;;;;;;;;;;;;;;;;;;;;;;
2025;173;beauce_5_sa_052;organique_beauce_5;BTH;;RECOLTE;;0.0;0.0;6.21;;;;;;;;;;;;;0.0;5.49;3.0;;;;;;;;;
2025;260;beauce_5_sa_052;organique_beauce_5;BTH;;SEMIS;semis;0.0;1.8;;;;;;;;;;;;;;;;;;;;;;;;;
2025;28;beauce_5_sa_052;organique_beauce_5;BTH;;FERTI;;0.0;0.0;;;;;;AN;mineral;N;;9.7;9.7;0.0;0.0;;;;;;;;;;;;
2025;58;beauce_5_sa_052;organique_beauce_5;BTH;;FERTI;;0.0;0.0;;;;;;AN;mineral;N;;1.4;1.4;0.0;0.0;;;;;;;;;;;;
2025;230;beauce_5_sa_052;organique_beauce_5;BTH;;TRAVAIL_SOL;travail_sol_1;0.0;22.0;;;;;;;;;;;;;;;;;;;;;;;;;
2025;237;beauce_5_sa_052;organique_beauce_5;BTH;;TRAVAIL_SOL;une_reprise;0.0;23.3;;;;;;;;;;;;;;;;;;;;;;;;;
2025;173;beauce_5_sa_053;organique_beauce_5;BTH;;RECOLTE;;0.0;0.0;5.82;;;;;;;;;;;;;0.0;5.15;3.0;;;;;;;;;
2025;315;beauce_5_sa_053;organique_beauce_5;BTH;;SEMIS;semis;0.0;3.0;;;;;;;;;;;;;;;;;;;;;;;;;
2025;12;beauce_5_sa_053;organique_beauce_5;BTH;;FERTI;;0.0;0.0;;;;;;AN;mineral;N;;1.5;1.5;0.0;0.0;;;;;;;;;;;;
2025;114;beauce_5_sa_053;organique_beauce_5;BTH;;FERTI;;0.0;0.0;;;;;;AN;mineral;N;;11.3;11.3;0.0;0.0;;;;;;;;;;;;
2025;198;beauce_5_sa_054;organique_beauce_5;BTH;;RECOLTE;;0.0;0.0;8.93;;;;;;;;;;;;;0.0;7.9;3.0;;;;;;;;;
2025;312;beauce_5_sa_054;organique_beauce_5;BTH;;SEMIS;semis;0.0;1.9;;;;;;;;;;;;;;;;;;;;;;;;;
2025;32;beauce_5_sa_054;organique_beauce_5;BTH;;FERTI;;0.0;0.0;;;;;;AN;mineral;N;;7.8;7.8;0.0;0.0;;;;;;;;;;;;
2025;97;beauce_5_sa_054;organique_beauce_5;BTH;;FERTI;;0.0;0.0;;;;;;AN;mineral;N;;78.2;78.2;0.0;0.0;;;;;;;;;;;;
2025;143;beauce_5_sa_054;organique_beauce_5;BTH;;FERTI;;0.0;0.0;;;;;;AN;mineral;N;;84.8;84.8;0.0;0.0;;;;;;;;;;;;
2025;204;beauce_5_sa_055;organique_beauce_5;BTH;;RECOLTE;;0.0;0.0;6.85;;;;;;;;;;;;;0.0;6.06;3.0;;;;;;;;;
2025;276;beauce_5_sa_055;organique_beauce_5;BTH;;SEMIS;semis;0.0;3.4;;;;;;;;;;;;;;;;;;;;;;;;;
2025;144;beauce_5_sa_055;organique_beauce_5;BTH;;FERTI;;0.0;0.0;;;;;;AN;mineral;N;;24.8;24.8;0.0;0.0;;;;;;;;;;;;
2025;145;beauce_5_sa_055;organique_beauce_5;BTH;;FERTI;;0.0;0.0;;;;;;AN;mineral;N;;20.1;20.1;0.0;0.0;;;;;;;;;;;;
2025;146;beauce_5_sa_055;organique_beauce_5;BTH;;FERTI;;0.0;0.0;;;;;;AN;mineral;N;;19.8;19.8;0.0;0.0;;;;;;;;;;;;
2025;260;beauce_5_sa_055;organique_beauce_5;BTH;;TRAVAIL_SOL;travail_sol_1;0.0;7.3;;;;;;;;;;;;;;;;;;;;;;;;;
2025;221;beauce_5_sa_056;organique_beauce_5;BTH;;RECOLTE;;0.0;0.0;5.23;;;;;;;;;;;;;0.0;4.63;3.0;;;;;;;;;
2025;263;beauce_5_sa_056;organique_beauce_5;BTH;;SEMIS;semis;0.0;1.8;;;;;;;;;;;;;;;;;;;;;;;;;
2025;98;beauce_5_sa_056;organique_beauce_5;BTH;;FERTI;;0.0;0.0;;;;;;AN;mineral;N;;1.1;1.1;0.0;0.0;;;;;;;;;;;;
2025;330;beauce_5_sa_056;organique_beauce_5;BTH;;FERTI;;0.0;0.0;;;;;;AN;mineral;N;;1.1;1.1;0.0;0.0;;;;;;;;;;;;
2025;241;beauce_5_sa_056;organique_beauce_5;BTH;;TRAVAIL_SOL;travail_sol_1;0.0;3.9;;;;;;;;;;;;;;;;;;;;;;;;;
2025;248;beauce_5_sa_056;organique_beauce_5;BTH;;TRAVAIL_SOL;une_reprise;0.0;21.0;;;;;;;;;;;;;;;;;;;;;;;;;
2025;215;beauce_5_sa_057;organique_beauce_5;BTH;;RECOLTE;;0.0;0.0;5.5;;;;;;;;;;;;;0.0;4.87;3.0;;;;;;;;;
2025;295;beauce_5_sa_057;organique_beauce_5;BTH;;SEMIS;semis;0.0;1.1;;;;;;;;;;;;;;;;;;;;;;;;;
2025;74;beauce_5_sa_057;organique_beauce_5;BTH;;FERTI;;0.0;0.0;;;;;;AN;mineral;N;;2.9;2.9;0.0;0.0;;;;;;;;;;;;
2025;277;beauce_5_sa_057;organique_beauce_5;BTH;;TRAVAIL_SOL;travail_sol_1;0.0;14.3;;;;;;;;;;;;;;;;;;;;;;;;;
2025;184;beauce_5_sa_058;organique_beauce_5;BTH;;RECOLTE;;0.0;0.0;5.54;;;;;;;;;;;;;0.0;4.91;3.0;;;;;;;;;
2025;264;beauce_5_sa_058;organique_beauce_5;BTH;;SEMIS;semis;0.0;3.1;;;;;;;;;;;;;;;;;;;;;;;;;
2025;27;beauce_5_sa_058;organique_beauce_5;BTH;;FERTI;;0.0;0.0;;;;;;AN;mineral;N;;1.3;1.3;0.0;0.0;;;;;;;;;;;;
2025;251;beauce_5_sa_058;organique_beauce_5;BTH;;TRAVAIL_SOL;travail_sol_1;0.0;4.5;;;;;;;;;;;;;;;;;;;;;;;;;
2025;258;beauce_5_sa_058;organique_beauce_5;BTH;;TRAVAIL_SOL;une_reprise;0.0;3.4;;;;;;;;;;;;;;;;;;;;;;;;;
2025;200;beauce_5_sa_059;organique_beauce_5;BTH;;RECOLTE;;0.0;0.0;5.79;;;;;;;;;;;;;0.0;5.13;3.0;;;;;;;;;
2025;266;beauce_5_sa_059;organique_beauce_5;BTH;;SEMIS;semis;0.0;2.7;;;;;;;;;;;;;;;;;;;;;;;;;
2025;111;beauce_5_sa_059;organique_beauce_5;BTH;;FERTI;;0.0;0.0;;;;;;AN;mineral;N;;6.4;6.4;0.0;0.0;;;;;;;;;;;;
2025;231;beauce_5_sa_059;organique_beauce_5;BTH;;TRAVAIL_SOL;travail_sol_1;0.0;23.1;;;;;;;;;;;;;;;;;;;;;;;;;
2025;238;beauce_5_sa_059;organique_beauce_5;BTH;;TRAVAIL_SOL;une_reprise;0.0;10.9;;;;;;;;;;;;;;;;;;;;;;;;;
2025;183;beauce_5_sa_060;organique_beauce_5;BTH;;RECOLTE;;0.0;0.0;5.7;;;;;;;;;;;;;0.0;5.04;3.0;;;;;;;;;
2025;290;beauce_5_sa_060;organique_beauce_5;BTH;;SEMIS;semis;0.0;1.8;;;;;;;;;;;;;;;;;;;;;;;;;
2025;282;beauce_5_sa_060;organique_beauce_5;BTH;;TRAVAIL_SOL;travail_sol_1;0.0;3.5;;;;;;;;;;;;;;;;;;;;;;;;;
2025;175;beauce_5_sa_061;organique_beauce_5;BTH;;RECOLTE;;0.0;0.0;7.15;;;;;;;;;;;;;0.0;6.32;3.0;;;;;;;;;
2025;285;beauce_5_sa_061;organique_beauce_5;BTH;;SEMIS;semis;0.0;2.5;;;;;;;;;;;;;;;;;;;;;;;;;
2025;139;beauce_5_sa_061;organique_beauce_5;BTH;;FERTI;;0.0;0.0;;;;;;AN;mineral;N;;26.8;26.8;0.0;0.0;;;;;;;;;;;;
2025;140;beauce_5_sa_061;organique_beauce_5;BTH;;FERTI;;0.0;0.0;;;;;;AN;mineral;N;;10.7;10.7;0.0;0.0;;;;;;;;;;;;
2025;208;beauce_5_sa_062;organique_beauce_5;BTH;;RECOLTE;;0.0;0.0;5.23;;;;;;;;;;;;;0.0;4.63;3.0;;;;;;;;;
2025;290;beauce_5_sa_062;organique_beauce_5;BTH;;SEMIS;semis;0.0;3.3;;;;;;;;;;;;;;;;;;;;;;;;;
2025;279;beauce_5_sa_062;organique_beauce_5;BTH;;TRAVAIL_SOL;travail_sol_1;0.0;16.3;;;;;;;;;;;;;;;;;;;;;;;;;
2025;286;beauce_5_sa_062;organique_beauce_5;BTH;;TRAVAIL_SOL;une_reprise;0.0;14.6;;;;;;;;;;;;;;;;;;;;;;;;;
2025;200;beauce_5_sa_063;organique_beauce_5;BTH;;RECOLTE;;0.0;0.0;6.42;;;;;;;;;;;;;0.0;5.68;3.0;;;;;;;;;
2025;291;beauce_5_sa_063;organique_beauce_5;BTH;;SEMIS;semis;0.0;2.4;;;;;;;;;;;;;;;;;;;;;;;;;
2025;23;beauce_5_sa_063;organique_beauce_5;BTH;;FERTI;;0.0;0.0;;;;;;AN;mineral;N;;19.0;19.0;0.0;0.0;;;;;;;;;;;;
2025;265;beauce_5_sa_063;organique_beauce_5;BTH;;TRAVAIL_SOL;travail_sol_1;0.0;9.2;;;;;;;;;;;;;;;;;;;;;;;;;
2025;203;beauce_5_sa_064;organique_beauce_5;BTH;;RECOLTE;;0.0;0.0;5.72;;;;;;;;;;;;;0.0;5.06;3.0;;;;;;;;;
2025;311;beauce_5_sa_064;organique_beauce_5;BTH;;SEMIS;semis;0.0;3.8;;;;;;;;;;;;;;;;;;;;;;;;;
2025;67;beauce_5_sa_064;organique_beauce_5;BTH;;FERTI;;0.0;0.0;;;;;;AN;mineral;N;;1.2;1.2;0.0;0.0;;;;;;;;;;;;
2025;155;beauce_5_sa_064;organique_beauce_5;BTH;;FERTI;;0.0;0.0;;;;;;AN;mineral;N;;1.0;1.0;0.0;0.0;;;;;;;;;;;;
2025;270;beauce_5_sa_064;organique_beauce_5;BTH;;TRAVAIL_SOL;travail_sol_1;0.0;5.5;;;;;;;;;;;;;;;;;;;;;;;;;
2025;191;beauce_5_sa_065;organique_beauce_5;BTH;;RECOLTE;;0.0;0.0;5.92;;;;;;;;;;;;;0.0;5.24;3.0;;;;;;;;;
2025;309;beauce_5_sa_065;organique_beauce_5;BTH;;SEMIS;semis;0.0;1.8;;;;;;;;;;;;;;;;;;;;;;;;;
2025;149;beauce_5_sa_065;organique_beauce_5;BTH;;FERTI;;0.0;0.0;;;;;;AN;mineral;N;;1.4;1.4;0.0;0.0;;;;;;;;;;;;
2025;150;beauce_5_sa_065;organique_beauce_5;BTH;;FERTI;;0.0;0.0;;;;;;AN;mineral;N;;1.7;1.7;0.0;0.0;;;;;;;;;;;;
2025;288;beauce_5_sa_065;organique_beauce_5;BTH;;TRAVAIL_SOL;travail_sol_1;0.0;11.3;;;;;;;;;;;;;;;;;;;;;;;;;
2025;295;beauce_5_sa_065;organique_beauce_5;BTH;;TRAVAIL_SOL;une_reprise;0.0;16.5;;;;;;;;;;;;;;;;;;;;;;;;;
2025;207;beauce_5_sa_066;organique_beauce_5;BTH;;RECOLTE;;0.0;0.0;5.37;;;;;;;;;;;;;0.0;4.75;3.0;;;;;;;;;
2025;263;beauce_5_sa_066;organique_beauce_5;BTH;;SEMIS;semis;0.0;3.7;;;;;;;;;;;;;;;;;;;;;;;;;
2025;194;beauce_5_sa_067;organique_beauce_5;BTH;;RECOLTE;;0.0;0.0;6.77;;;;;;;;;;;;;0.0;5.99;3.0;;;;;;;;;
2025;264;beauce_5_sa_067;organique_beauce_5;BTH;;SEMIS;semis;0.0;3.3;;;;;;;;;;;;;;;;;;;;;;;;;
2025;123;beauce_5_sa_067;organique_beauce_5;BTH;;FERTI;;0.0;0.0;;;;;;AN;mineral;N;;29.9;29.9;0.0;0.0;;;;;;;;;;;;
2025;232;beauce_5_sa_067;organique_beauce_5;BTH;;TRAVAIL_SOL;travail_sol_1;0.0;20.3;;;;;;;;;;;;;;;;;;;;;;;;;
2025;174;beauce_5_sa_068;organique_beauce_5;BTH;;RECOLTE;;0.0;0.0;5.38;;;;;;;;;;;;;0.0;4.76;3.0;;;;;;;;;
2025;286;beauce_5_sa_068;organique_beauce_5;BTH;;SEMIS;semis;0.0;3.1;;;;;;;;;;;;;;;;;;;;;;;;;
2025;208;beauce_5_sa_069;organique_beauce_5;BTH;;RECOLTE;;0.0;0.0;6.22;;;;;;;;;;;;;0.0;5.5;3.0;;;;;;;;;
2025;293;beauce_5_sa_069;organique_beauce_5;BTH;;SEMIS;semis;0.0;2.3;;;;;;;;;;;;;;;;;;;;;;;;;
2025;137;beauce_5_sa_069;organique_beauce_5;BTH;;FERTI;;0.0;0.0;;;;;;AN;mineral;N;;4.2;4.2;0.0;0.0;;;;;;;;;;;;
2025;331;beauce_5_sa_069;organique_beauce_5;BTH;;FERTI;;0.0;0.0;;;;;;AN;mineral;N;;8.4;8.4;0.0;0.0;;;;;;;;;;;;
2025;179;beauce_5_sa_070;organique_beauce_5;BTH;;RECOLTE;;0.0;0.0;7.14;;;;;;;;;;;;;0.0;6.31;3.0;;;;;;;;;
2025;291;beauce_5_sa_070;organique_beauce_5;BTH;;SEMIS;semis;0.0;1.0;;;;;;;;;;;;;;;;;;;;;;;;;
2025;21;beauce_5_sa_070;organique_beauce_5;BTH;;FERTI;;0.0;0.0;;;;;;AN;mineral;N;;10.6;10.6;0.0;0.0;;;;;;;;;;;;
2025;164;beauce_5_sa_070;organique_beauce_5;BTH;;FERTI;;0.0;0.0;;;;;;AN;mineral;N;;18.5;18.5;0.0;0.0;;;;;;;;;;;;
2025;165;beauce_5_sa_070;organique_beauce_5;BTH;;FERTI;;0.0;0.0;;;;;;AN;mineral;N;;3.0;3.0;0.0;0.0;;;;;;;;;;;;
2025;244;beauce_5_sa_070;organique_beauce_5;BTH;;TRAVAIL_SOL;travail_sol_1;0.0;2.4;;;;;;;;;;;;;;;;;;;;;;;;;
2025;251;beauce_5_sa_070;organique_beauce_5;BTH;;TRAVAIL_SOL;une_reprise;0.0;10.4;;;;;;;;;;;;;;;;;;;;;;;;;
2025;213;beauce_5_sa_071;organique_beauce_5;BTH;;RECOLTE;;0.0;0.0;6.92;;;;;;;;;;;;;0.0;6.13;3.0;;;;;;;;;
2025;261;beauce_5_sa_071;organique_beauce_5;BTH;;SEMIS;semis;0.0;3.5;;;;;;;;;;;;;;;;;;;;;;;;;
2025;126;beauce_5_sa_071;organique_beauce_5;BTH;;FERTI;;0.0;0.0;;;;;;AN;mineral;N;;58.6;58.6;0.0;0.0;;;;;;;;;;;;
2025;198;beauce_5_sa_072;organique_beauce_5;BTH;;RECOLTE;;0.0;0.0;6.51;;;;;;;;;;;;;0.0;5.76;3.0;;;;;;;;;
2025;304;beauce_5_sa_072;organique_beauce_5;BTH;;SEMIS;semis;0.0;1.1;;;;;;;;;;;;;;;;;;;;;;;;;
2025;67;beauce_5_sa_072;organique_beauce_5;BTH;;FERTI;;0.0;0.0;;;;;;AN;mineral;N;;22.2;22.2;0.0;0.0;;;;;;;;;;;;
2025;288;beauce_5_sa_072;organique_beauce_5;BTH;;TRAVAIL_SOL;travail_sol_1;0.0;9.3;;;;;;;;;;;;;;;;;;;;;;;;;
2025;209;beauce_5_sa_073;organique_beauce_5;BTH;;RECOLTE;;0.0;0.0;6.1;;;;;;;;;;;;;0.0;5.4;3.0;;;;;;;;;
2025;287;beauce_5_sa_073;organique_beauce_5;BTH;;SEMIS;semis;0.0;1.9;;;;;;;;;;;;;;;;;;;;;;;;;
2025;346;beauce_5_sa_073;organique_beauce_5;BTH;;FERTI;;0.0;0.0;;;;;;AN;mineral;N;;5.2;5.2;0.0;0.0;;;;;;;;;;;;
2025;175;beauce_5_sa_074;organique_beauce_5;BTH;;RECOLTE;;0.0;0.0;5.09;;;;;;;;;;;;;0.0;4.5;3.0;;;;;;;;;
2025;305;beauce_5_sa_074;organique_beauce_5;BTH;;SEMIS;semis;0.0;2.6;;;;;;;;;;;;;;;;;;;;;;;;;
2025;212;beauce_5_sa_075;organique_beauce_5;BTH;;RECOLTE;;0.0;0.0;5.64;;;;;;;;;;;;;0.0;4.99;3.0;;;;;;;;;
2025;297;beauce_5_sa_075;organique_beauce_5;BTH;;SEMIS;semis;0.0;2.8;;;;;;;;;;;;;;;;;;;;;;;;;
2025;208;beauce_5_sa_076;organique_beauce_5;BTH;;RECOLTE;;0.0;0.0;6.96;;;;;;;;;;;;;0.0;6.16;3.0;;;;;;;;;
2025;286;beauce_5_sa_076;organique_beauce_5;BTH;;SEMIS;semis;0.0;3.4;;;;;;;;;;;;;;;;;;;;;;;;;
2025;170;beauce_5_sa_076;organique_beauce_5;BTH;;FERTI;;0.0;0.0;;;;;;AN;mineral;N;;1.5;1.5;0.0;0.0;;;;;;;;;;;;
2025;171;beauce_5_sa_076;organique_beauce_5;BTH;;FERTI;;0.0;0.0;;;;;;AN;mineral;N;;72.9;72.9;0.0;0.0;;;;;;;;;;;;
2025;221;beauce_5_sa_077;organique_beauce_5;BTH;;RECOLTE;;0.0;0.0;5.24;;;;;;;;;;;;;0.0;4.63;3.0;;;;;;;;;
2025;278;beauce_5_sa_077;organique_beauce_5;BTH;;SEMIS;semis;0.0;2.1;;;;;;;;;;;;;;;;;;;;;;;;;
2025;256;beauce_5_sa_077;organique_beauce_5;BTH;;TRAVAIL_SOL;travail_sol_1;0.0;15.3;;;;;;;;;;;;;;;;;;;;;;;;;
2025;263;beauce_5_sa_077;organique_beauce_5;BTH;;TRAVAIL_SOL;une_reprise;0.0;13.3;;;;;;;;;;;;;;;;;;;;;;;;;
2025;177;beauce_5_sa_078;organique_beauce_5;BTH;;RECOLTE;;0.0;0.0;7.87;;;;;;;;;;;;;0.0;6.96;3.0;;;;;;;;;
2025;306;beauce_5_sa_078;organique_beauce_5;BTH;;SEMIS;semis;0.0;1.5;;;;;;;;;;;;;;;;;;;;;;;;;
2025;122;beauce_5_sa_078;organique_beauce_5;BTH;;FERTI;;0.0;0.0;;;;;;AN;mineral;N;;70.9;70.9;0.0;0.0;;;;;;;;;;;;
2025;178;beauce_5_sa_079;organique_beauce_5;BTH;;RECOLTE;;0.0;0.0;8.35;;;;;;;;;;;;;0.0;7.39;3.0;;;;;;;;;
2025;273;beauce_5_sa_079;organique_beauce_5;BTH;;SEMIS;semis;0.0;3.8;;;;;;;;;;;;;;;;;;;;;;;;;
2025;364;beauce_5_sa_079;organique_beauce_5;BTH;;FERTI;;0.0;0.0;;;;;;AN;mineral;N;;68.4;68.4;0.0;0.0;;;;;;;;;;;;
2025;226;beauce_5_sa_080;organique_beauce_5;BTH;;RECOLTE;;0.0;0.0;7.4;;;;;;;;;;;;;0.0;6.55;3.0;;;;;;;;;
2025;268;beauce_5_sa_080;organique_beauce_5;BTH;;SEMIS;semis;0.0;2.3;;;;;;;;;;;;;;;;;;;;;;;;;
2025;102;beauce_5_sa_080;organique_beauce_5;BTH;;FERTI;;0.0;0.0;;;;;;AN;mineral;N;;28.3;28.3;0.0;0.0;;;;;;;;;;;;
2025;117;beauce_5_sa_080;organique_beauce_5;BTH;;FERTI;;0.0;0.0;;;;;;AN;mineral;N;;52.2;52.2;0.0;0.0;;;;;;;;;;;;
2025;173;beauce_5_sa_081;organique_beauce_5;BTH;;RECOLTE;;0.0;0.0;5.63;;;;;;;;;;;;;0.0;4.98;3.0;;;;;;;;;
2025;278;beauce_5_sa_081;organique_beauce_5;BTH;;SEMIS;semis;0.0;1.4;;;;;;;;;;;;;;;;;;;;;;;;;
2025;240;beauce_5_sa_081;organique_beauce_5;BTH;;TRAVAIL_SOL;travail_sol_1;0.0;12.1;;;;;;;;;;;;;;;;;;;;;;;;;
2025;228;beauce_5_sa_082;organique_beauce_5;BTH;;RECOLTE;;0.0;0.0;5.28;;;;;;;;;;;;;0.0;4.67;3.0;;;;;;;;;
2025;317;beauce_5_sa_082;organique_beauce_5;BTH;;SEMIS;semis;0.0;2.1;;;;;;;;;;;;;;;;;;;;;;;;;
2025;310;beauce_5_sa_082;organique_beauce_5;BTH;;TRAVAIL_SOL;travail_sol_1;0.0;16.8;;;;;;;;;;;;;;;;;;;;;;;;;
2025;226;beauce_5_sa_083;organique_beauce_5;BTH;;RECOLTE;;0.0;0.0;8.68;;;;;;;;;;;;;0.0;7.68;3.0;;;;;;;;;
2025;309;beauce_5_sa_083;organique_beauce_5;BTH;;SEMIS;semis;0.0;2.5;;;;;;;;;;;;;;;;;;;;;;;;;
2025;60;beauce_5_sa_083;organique_beauce_5;BTH;;FERTI;;0.0;0.0;;;;;;AN;mineral;N;;58.6;58.6;0.0;0.0;;;;;;;;;;;;
2025;102;beauce_5_sa_083;organique_beauce_5;BTH;;FERTI;;0.0;0.0;;;;;;AN;mineral;N;;1.2;1.2;0.0;0.0;;;;;;;;;;;;
2025;146;beauce_5_sa_083;organique_beauce_5;BTH;;FERTI;;0.0;0.0;;;;;;AN;mineral;N;;32.4;32.4;0.0;0.0;;;;;;;;;;;;
2025;225;beauce_5_sa_084;organique_beauce_5;BTH;;RECOLTE;;0.0;0.0;5.05;;;;;;;;;;;;;0.0;4.46;3.0;;;;;;;;;
2025;264;beauce_5_sa_084;organique_beauce_5;BTH;;SEMIS;semis;0.0;2.3;;;;;;;;;;;;;;;;;;;;;;;;;
2025;257;beauce_5_sa_084;organique_beauce_5;BTH;;TRAVAIL_SOL;travail_sol_1;0.0;8.3;;;;;;;;;;;;;;;;;;;;;;;;;
2025;186;beauce_5_sa_085;organique_beauce_5;BTH;;RECOLTE;;0.0;0.0;8.92;;;;;;;;;;;;;0.0;7.89;3.0;;;;;;;;;
2025;315;beauce_5_sa_085;organique_beauce_5;BTH;;SEMIS;semis;0.0;2.5;;;;;;;;;;;;;;;;;;;;;;;;;
2025;144;beauce_5_sa_085;organique_beauce_5;BTH;;FERTI;;0.0;0.0;;;;;;AN;mineral;N;;71.9;71.9;0.0;0.0;;;;;;;;;;;;
2025;145;beauce_5_sa_085;organique_beauce_5;BTH;;FERTI;;0.0;0.0;;;;;;AN;mineral;N;;76.4;76.4;0.0;0.0;;;;;;;;;;;;
2025;305;beauce_5_sa_085;organique_beauce_5;BTH;;TRAVAIL_SOL;travail_sol_1;0.0;14.4;;;;;;;;;;;;;;;;;;;;;;;;;
2025;215;beauce_5_sa_086;organique_beauce_5;BTH;;RECOLTE;;0.0;0.0;5.43;;;;;;;;;;;;;0.0;4.81;3.0;;;;;;;;;
2025;259;beauce_5_sa_086;organique_beauce_5;BTH;;SEMIS;semis;0.0;1.5;;;;;;;;;;;;;;;;;;;;;;;;;
2025;92;beauce_5_sa_086;organique_beauce_5;BTH;;FERTI;;0.0;0.0;;;;;;AN;mineral;N;;1.0;1.0;0.0;0.0;;;;;;;;;;;;
2025;187;beauce_5_sa_087;organique_beauce_5;BTH;;RECOLTE;;0.0;0.0;8.95;;;;;;;;;;;;;0.0;7.92;3.0;;;;;;;;;
2025;303;beauce_5_sa_087;organique_beauce_5;BTH;;SEMIS;semis;0.0;3.0;;;;;;;;;;;;;;;;;;;;;;;;;
2025;74;beauce_5_sa_087;organique_beauce_5;BTH;;FERTI;;0.0;0.0;;;;;;AN;mineral;N;;3.4;3.4;0.0;0.0;;;;;;;;;;;;
2025;75;beauce_5_sa_087;organique_beauce_5;BTH;;FERTI;;0.0;0.0;;;;;;AN;mineral;N;;62.3;62.3;0.0;0.0;;;;;;;;;;;;
2025;102;beauce_5_sa_087;organique_beauce_5;BTH;;FERTI;;0.0;0.0;;;;;;AN;mineral;N;;81.6;81.6;0.0;0.0;;;;;;;;;;;;
2025;225;beauce_5_sa_088;organique_beauce_5;BTH;;RECOLTE;;0.0;0.0;5.92;;;;;;;;;;;;;0.0;5.24;3.0;;;;;;;;;
2025;270;beauce_5_sa_088;organique_beauce_5;BTH;;SEMIS;semis;0.0;2.1;;;;;;;;;;;;;;;;;;;;;;;;;
2025;125;beauce_5_sa_088;organique_beauce_5;BTH;;FERTI;;0.0;0.0;;;;;;AN;mineral;N;;1.3;1.3;0.0;0.0;;;;;;;;;;;;
2025;126;beauce_5_sa_088;organique_beauce_5;BTH;;FERTI;;0.0;0.0;;;;;;AN;mineral;N;;9.7;9.7;0.0;0.0;;;;;;;;;;;;
2025;233;beauce_5_sa_088;organique_beauce_5;BTH;;TRAVAIL_SOL;travail_sol_1;0.0;9.5;;;;;;;;;;;;;;;;;;;;;;;;;
2025;240;beauce_5_sa_088;organique_beauce_5;BTH;;TRAVAIL_SOL;une_reprise;0.0;11.7;;;;;;;;;;;;;;;;;;;;;;;;;
2025;226;beauce_5_sa_089;organique_beauce_5;BTH;;RECOLTE;;0.0;0.0;5.4;;;;;;;;;;;;;0.0;4.78;3.0;;;;;;;;;
2025;316;beauce_5_sa_089;organique_beauce_5;BTH;;SEMIS;semis;0.0;3.2;;;;;;;;;;;;;;;;;;;;;;;;;
2025;297;beauce_5_sa_089;organique_beauce_5;BTH;;TRAVAIL_SOL;travail_sol_1;0.0;10.8;;;;;;;;;;;;;;;;;;;;;;;;;
2025;215;beauce_5_sa_090;organique_beauce_5;BTH;;RECOLTE;;0.0;0.0;8.53;;;;;;;;;;;;;0.0;7.55;3.0;;;;;;;;;
2025;282;beauce_5_sa_090;organique_beauce_5;BTH;;SEMIS;semis;0.0;3.2;;;;;;;;;;;;;;;;;;;;;;;;;
2025;151;beauce_5_sa_090;organique_beauce_5;BTH;;FERTI;;0.0;0.0;;;;;;AN;mineral;N;;3.0;3.0;0.0;0.0;;;;;;;;;;;;
2025;152;beauce_5_sa_090;organique_beauce_5;BTH;;FERTI;;0.0;0.0;;;;;;AN;mineral;N;;90.8;90.8;0.0;0.0;;;;;;;;;;;;
2025;153;beauce_5_sa_090;organique_beauce_5;BTH;;FERTI;;0.0;0.0;;;;;;AN;mineral;N;;54.1;54.1;0.0;0.0;;;;;;;;;;;;
2025;230;beauce_5_sa_091;organique_beauce_5;BTH;;RECOLTE;;0.0;0.0;5.94;;;;;;;;;;;;;0.0;5.26;3.0;;;;;;;;;
2025;318;beauce_5_sa_091;organique_beauce_5;BTH;;SEMIS;semis;0.0;2.4;;;;;;;;;;;;;;;;;;;;;;;;;
2025;166;beauce_5_sa_091;organique_beauce_5;BTH;;FERTI;;0.0;0.0;;;;;;AN;mineral;N;;4.7;4.7;0.0;0.0;;;;;;;;;;;;
2025;274;beauce_5_sa_091;organique_beauce_5;BTH;;TRAVAIL_SOL;travail_sol_1;0.0;4.7;;;;;;;;;;;;;;;;;;;;;;;;;
2025;230;beauce_5_sa_092;organique_beauce_5;BTH;;RECOLTE;;0.0;0.0;6.35;;;;;;;;;;;;;0.0;5.62;3.0;;;;;;;;;
2025;261;beauce_5_sa_092;organique_beauce_5;BTH;;SEMIS;semis;0.0;3.3;;;;;;;;;;;;;;;;;;;;;;;;;
2025;61;beauce_5_sa_092;organique_beauce_5;BTH;;FERTI;;0.0;0.0;;;;;;AN;mineral;N;;22.2;22.2;0.0;0.0;;;;;;;;;;;;
2025;239;beauce_5_sa_092;organique_beauce_5;BTH;;TRAVAIL_SOL;travail_sol_1;0.0;16.1;;;;;;;;;;;;;;;;;;;;;;;;;
2025;246;beauce_5_sa_092;organique_beauce_5;BTH;;TRAVAIL_SOL;une_reprise;0.0;23.6;;;;;;;;;;;;;;;;;;;;;;;;;
2025;170;beauce_5_sa_093;organique_beauce_5;BTH;;RECOLTE;;0.0;0.0;5.72;;;;;;;;;;;;;0.0;5.06;3.0;;;;;;;;;
2025;314;beauce_5_sa_093;organique_beauce_5;BTH;;SEMIS;semis;0.0;3.5;;;;;;;;;;;;;;;;;;;;;;;;;
2025;330;beauce_5_sa_093;organique_beauce_5;BTH;;FERTI;;0.0;0.0;;;;;;AN;mineral;N;;3.3;3.3;0.0;0.0;;;;;;;;;;;;
2025;284;beauce_5_sa_093;organique_beauce_5;BTH;;TRAVAIL_SOL;travail_sol_1;0.0;19.7;;;;;;;;;;;;;;;;;;;;;;;;;
2025;291;beauce_5_sa_093;organique_beauce_5;BTH;;TRAVAIL_SOL;une_reprise;0.0;7.0;;;;;;;;;;;;;;;;;;;;;;;;;
2025;170;beauce_5_sa_094;organique_beauce_5;BTH;;RECOLTE;;0.0;0.0;7.87;;;;;;;;;;;;;0.0;6.96;3.0;;;;;;;;;
2025;275;beauce_5_sa_094;organique_beauce_5;BTH;;SEMIS;semis;0.0;2.9;;;;;;;;;;;;;;;;;;;;;;;;;
2025;42;beauce_5_sa_094;organique_beauce_5;BTH;;FERTI;;0.0;0.0;;;;;;AN;mineral;N;;1.7;1.7;0.0;0.0;;;;;;;;;;;;
2025;115;beauce_5_sa_094;organique_beauce_5;BTH;;FERTI;;0.0;0.0;;;;;;AN;mineral;N;;79.3;79.3;0.0;0.0;;;;;;;;;;;;
2025;230;beauce_5_sa_095;organique_beauce_5;BTH;;RECOLTE;;0.0;0.0;6.54;;;;;;;;;;;;;0.0;5.79;3.0;;;;;;;;;
2025;280;beauce_5_sa_095;organique_beauce_5;BTH;;SEMIS;semis;0.0;3.7;;;;;;;;;;;;;;;;;;;;;;;;;
2025;150;beauce_5_sa_095;organique_beauce_5;BTH;;FERTI;;0.0;0.0;;;;;;AN;mineral;N;;56.1;56.1;0.0;0.0;;;;;;;;;;;;
2025;227;beauce_5_sa_096;organique_beauce_5;BTH;;RECOLTE;;0.0;0.0;5.3;;;;;;;;;;;;;0.0;4.69;3.0;;;;;;;;;
2025;293;beauce_5_sa_096;organique_beauce_5;BTH;;SEMIS;semis;0.0;2.1;;;;;;;;;;;;;;;;;;;;;;;;;
2025;277;beauce_5_sa_096;organique_beauce_5;BTH;;TRAVAIL_SOL;travail_sol_1;0.0;24.9;;;;;;;;;;;;;;;;;;;;;;;;;
2025;230;beauce_5_sa_097;organique_beauce_5;BTH;;RECOLTE;;0.0;0.0;6.93;;;;;;;;;;;;;0.0;6.13;3.0;;;;;;;;;
2025;316;beauce_5_sa_097;organique_beauce_5;BTH;;SEMIS;semis;0.0;1.0;;;;;;;;;;;;;;;;;;;;;;;;;
2025;58;beauce_5_sa_097;organique_beauce_5;BTH;;FERTI;;0.0;0.0;;;;;;AN;mineral;N;;25.4;25.4;0.0;0.0;;;;;;;;;;;;
2025;335;beauce_5_sa_097;organique_beauce_5;BTH;;FERTI;;0.0;0.0;;;;;;AN;mineral;N;;6.6;6.6;0.0;0.0;;;;;;;;;;;;
2025;302;beauce_5_sa_097;organique_beauce_5;BTH;;TRAVAIL_SOL;travail_sol_1;0.0;19.4;;;;;;;;;;;;;;;;;;;;;;;;;
2025;202;beauce_5_sa_098;organique_beauce_5;BTH;;RECOLTE;;0.0;0.0;5.93;;;;;;;;;;;;;0.0;5.24;3.0;;;;;;;;;
2025;283;beauce_5_sa_098;organique_beauce_5;BTH;;SEMIS;semis;0.0;2.3;;;;;;;;;;;;;;;;;;;;;;;;;
2025;123;beauce_5_sa_098;organique_beauce_5;BTH;;FERTI;;0.0;0.0;;;;;;AN;mineral;N;;3.9;3.9;0.0;0.0;;;;;;;;;;;;
2025;146;beauce_5_sa_098;organique_beauce_5;BTH;;FERTI;;0.0;0.0;;;;;;AN;mineral;N;;5.2;5.2;0.0;0.0;;;;;;;;;;;;
2025;248;beauce_5_sa_098;organique_beauce_5;BTH;;TRAVAIL_SOL;travail_sol_1;0.0;8.2;;;;;;;;;;;;;;;;;;;;;;;;;
2025;186;beauce_5_sa_099;organique_beauce_5;BTH;;RECOLTE;;0.0;0.0;5.47;;;;;;;;;;;;;0.0;4.84;3.0;;;;;;;;;
2025;284;beauce_5_sa_099;organique_beauce_5;BTH;;SEMIS;semis;0.0;1.7;;;;;;;;;;;;;;;;;;;;;;;;;
2025;25;beauce_5_sa_099;organique_beauce_5;BTH;;FERTI;;0.0;0.0;;;;;;AN;mineral;N;;1.6;1.6;0.0;0.0;;;;;;;;;;;;
2025;265;beauce_5_sa_099;organique_beauce_5;BTH;;TRAVAIL_SOL;travail_sol_1;0.0;5.9;;;;;;;;;;;;;;;;;;;;;;;;;
2026;228;beauce_5_sa_000;organique_beauce_5;BTH;;RECOLTE;;0.0;0.0;7.19;;;;;;;;;;;;;0.0;6.36;3.0;;;;;;;;;
2026;314;beauce_5_sa_000;organique_beauce_5;BTH;;SEMIS;semis;0.0;3.9;;;;;;;;;;;;;;;;;;;;;;;;;
2026;85;beauce_5_sa_000;organique_beauce_5;BTH;;FERTI;;0.0;0.0;;;;;;AN;mineral;N;;36.2;36.2;0.0;0.0;;;;;;;;;;;;
2026;215;beauce_5_sa_001;organique_beauce_5;BTH;;RECOLTE;;0.0;0.0;4.95;;;;;;;;;;;;;0.0;4.38;3.0;;;;;;;;;
2026;265;beauce_5_sa_001;organique_beauce_5;BTH;;SEMIS;semis;0.0;3.9;;;;;;;;;;;;;;;;;;;;;;;;;
2026;255;beauce_5_sa_001;organique_beauce_5;BTH;;TRAVAIL_SOL;travail_sol_1;0.0;22.9;;;;;;;;;;;;;;;;;;;;;;;;;
2026;178;beauce_5_sa_002;organique_beauce_5;BTH;;RECOLTE;;0.0;0.0;8.87;;;;;;;;;;;;;0.0;7.85;3.0;;;;;;;;;
2026;311;beauce_5_sa_002;organique_beauce_5;BTH;;SEMIS;semis;0.0;1.7;;;;;;;;;;;;;;;;;;;;;;;;;
2026;120;beauce_5_sa_002;organique_beauce_5;BTH;;FERTI;;0.0;0.0;;;;;;AN;mineral;N;;40.7;40.7;0.0;0.0;;;;;;;;;;;;
2026;121;beauce_5_sa_002;organique_beauce_5;BTH;;FERTI;;0.0;0.0;;;;;;AN;mineral;N;;31.4;31.4;0.0;0.0;;;;;;;;;;;;
2026;345;beauce_5_sa_002;organique_beauce_5;BTH;;FERTI;;0.0;0.0;;;;;;AN;mineral;N;;6.9;6.9;0.0;0.0;;;;;;;;;;;;
2026;195;beauce_5_sa_003;organique_beauce_5;BTH;;RECOLTE;;0.0;0.0;6.55;;;;;;;;;;;;;0.0;5.8;3.0;;;;;;;;;
2026;302;beauce_5_sa_003;organique_beauce_5;BTH;;SEMIS;semis;0.0;3.6;;;;;;;;;;;;;;;;;;;;;;;;;
2026;117;beauce_5_sa_003;organique_beauce_5;BTH;;FERTI;;0.0;0.0;;;;;;AN;mineral;N;;23.8;23.8;0.0;0.0;;;;;;;;;;;;
2026;133;beauce_5_sa_003;organique_beauce_5;BTH;;FERTI;;0.0;0.0;;;;;;AN;mineral;N;;1.3;1.3;0.0;0.0;;;;;;;;;;;;
2026;134;beauce_5_sa_003;organique_beauce_5;BTH;;FERTI;;0.0;0.0;;;;;;AN;mineral;N;;4.6;4.6;0.0;0.0;;;;;;;;;;;;
2026;259;beauce_5_sa_003;organique_beauce_5;BTH;;TRAVAIL_SOL;travail_sol_1;0.0;19.5;;;;;;;;;;;;;;;;;;;;;;;;;
2026;226;beauce_5_sa_004;organique_beauce_5;BTH;;RECOLTE;;0.0;0.0;4.84;;;;;;;;;;;;;0.0;4.28;3.0;;;;;;;;;
2026;306;beauce_5_sa_004;organique_beauce_5;BTH;;SEMIS;semis;0.0;3.6;;;;;;;;;;;;;;;;;;;;;;;;;
2026;228;beauce_5_sa_005;organique_beauce_5;BTH;;RECOLTE;;0.0;0.0;5.2;;;;;;;;;;;;;0.0;4.6;3.0;;;;;;;;;
2026;276;beauce_5_sa_005;organique_beauce_5;BTH;;SEMIS;semis;0.0;1.2;;;;;;;;;;;;;;;;;;;;;;;;;
2026;207;beauce_5_sa_006;organique_beauce_5;BTH;;RECOLTE;;0.0;0.0;8.4;;;;;;;;;;;;;0.0;7.43;3.0;;;;;;;;;
2026;316;beauce_5_sa_006;organique_beauce_5;BTH;;SEMIS;semis;0.0;1.5;;;;;;;;;;;;;;;;;;;;;;;;;
2026;142;beauce_5_sa_006;organique_beauce_5;BTH;;FERTI;;0.0;0.0;;;;;;AN;mineral;N;;1.4;1.4;0.0;0.0;;;;;;;;;;;;
2026;143;beauce_5_sa_006;organique_beauce_5;BTH;;FERTI;;0.0;0.0;;;;;;AN;mineral;N;;75.7;75.7;0.0;0.0;;;;;;;;;;;;
2026;353;beauce_5_sa_006;organique_beauce_5;BTH;;FERTI;;0.0;0.0;;;;;;AN;mineral;N;;2.2;2.2;0.0;0.0;;;;;;;;;;;;
2026;280;beauce_5_sa_006;organique_beauce_5;BTH;;TRAVAIL_SOL;travail_sol_1;0.0;6.4;;;;;;;;;;;;;;;;;;;;;;;;;
2026;189;beauce_5_sa_007;organique_beauce_5;BTH;;RECOLTE;;0.0;0.0;4.85;;;;;;;;;;;;;0.0;4.3;3.0;;;;;;;;;
2026;300;beauce_5_sa_007;organique_beauce_5;BTH;;SEMIS;semis;0.0;3.6;;;;;;;;;;;;;;;;;;;;;;;;;
2026;270;beauce_5_sa_007;organique_beauce_5;BTH;;TRAVAIL_SOL;travail_sol_1;0.0;14.6;;;;;;;;;;;;;;;;;;;;;;;;;
2026;277;beauce_5_sa_007;organique_beauce_5;BTH;;TRAVAIL_SOL;une_reprise;0.0;17.3;;;;;;;;;;;;;;;;;;;;;;;;;
2026;172;beauce_5_sa_008;organique_beauce_5;BTH;;RECOLTE;;0.0;0.0;8.65;;;;;;;;;;;;;0.0;7.65;3.0;;;;;;;;;
2026;273;beauce_5_sa_008;organique_beauce_5;BTH;;SEMIS;semis;0.0;1.2;;;;;;;;;;;;;;;;;;;;;;;;;
2026;153;beauce_5_sa_008;organique_beauce_5;BTH;;FERTI;;0.0;0.0;;;;;;AN;mineral;N;;14.4;14.4;0.0;0.0;;;;;;;;;;;;
2026;154;beauce_5_sa_008;organique_beauce_5;BTH;;FERTI;;0.0;0.0;;;;;;AN;mineral;N;;63.1;63.1;0.0;0.0;;;;;;;;;;;;
2026;349;beauce_5_sa_008;organique_beauce_5;BTH;;FERTI;;0.0;0.0;;;;;;AN;mineral;N;;4.2;4.2;0.0;0.0;;;;;;;;;;;;
2026;210;beauce_5_sa_009;organique_beauce_5;BTH;;RECOLTE;;0.0;0.0;5.26;;;;;;;;;;;;;0.0;4.65;3.0;;;;;;;;;
2026;309;beauce_5_sa_009;organique_beauce_5;BTH;;SEMIS;semis;0.0;3.8;;;;;;;;;;;;;;;;;;;;;;;;;
2026;166;beauce_5_sa_009;organique_beauce_5;BTH;;FERTI;;0.0;0.0;;;;;;AN;mineral;N;;2.6;2.6;0.0;0.0;;;;;;;;;;;;
2026;167;beauce_5_sa_009;organique_beauce_5;BTH;;FERTI;;0.0;0.0;;;;;;AN;mineral;N;;7.5;7.5;0.0;0.0;;;;;;;;;;;;
2026;294;beauce_5_sa_009;organique_beauce_5;BTH;;TRAVAIL_SOL;travail_sol_1;0.0;6.6;;;;;;;;;;;;;;;;;;;;;;;;;
2026;222;beauce_5_sa_010;organique_beauce_5;BTH;;RECOLTE;;0.0;0.0;6.3;;;;;;;;;;;;;0.0;5.57;3.0;;;;;;;;;
2026;265;beauce_5_sa_010;organique_beauce_5;BTH;;SEMIS;semis;0.0;1.8;;;;;;;;;;;;;;;;;;;;;;;;;
2026;1;beauce_5_sa_010;organique_beauce_5;BTH;;FERTI;;0.0;0.0;;;;;;AN;mineral;N;;21.4;21.4;0.0;0.0;;;;;;;;;;;;
2026;251;beauce_5_sa_010;organique_beauce_5;BTH;;TRAVAIL_SOL;travail_sol_1;0.0;21.3;;;;;;;;;;;;;;;;;;;;;;;;;
2026;206;beauce_5_sa_011;organique_beauce_5;BTH;;RECOLTE;;0.0;0.0;5.24;;;;;;;;;;;;;0.0;4.64;3.0;;;;;;;;;
2026;276;beauce_5_sa_011;organique_beauce_5;BTH;;SEMIS;semis;0.0;3.0;;;;;;;;;;;;;;;;;;;;;;;;;
2026;2;beauce_5_sa_011;organique_beauce_5;BTH;;FERTI;;0.0;0.0;;;;;;AN;mineral;N;;3.3;3.3;0.0;0.0;;;;;;;;;;;;
2026;196;beauce_5_sa_012;organique_beauce_5;BTH;;RECOLTE;;0.0;0.0;8.84;;;;;;;;;;;;;0.0;7.82;3.0;;;;;;;;;
2026;264;beauce_5_sa_012;organique_beauce_5;BTH;;SEMIS;semis;0.0;3.9;;;;;;;;;;;;;;;;;;;;;;;;;
2026;152;beauce_5_sa_012;organique_beauce_5;BTH;;FERTI;;0.0;0.0;;;;;;AN;mineral;N;;74.3;74.3;0.0;0.0;;;;;;;;;;;;
2026;153;beauce_5_sa_012;organique_beauce_5;BTH;;FERTI;;0.0;0.0;;;;;;AN;mineral;N;;3.6;3.6;0.0;0.0;;;;;;;;;;;;
2026;180;beauce_5_sa_013;organique_beauce_5;BTH;;RECOLTE;;0.0;0.0;8.73;;;;;;;;;;;;;0.0;7.72;3.0;;;;;;;;;
2026;289;beauce_5_sa_013;organique_beauce_5;BTH;;SEMIS;semis;0.0;1.4;;;;;;;;;;;;;;;;;;;;;;;;;
2026;75;beauce_5_sa_013;organique_beauce_5;BTH;;FERTI;;0.0;0.0;;;;;;AN;mineral;N;;44.4;44.4;0.0;0.0;;;;;;;;;;;;
2026;76;beauce_5_sa_013;organique_beauce_5;BTH;;FERTI;;0.0;0.0;;;;;;AN;mineral;N;;46.8;46.8;0.0;0.0;;;;;;;;;;;;
2026;94;beauce_5_sa_013;organique_beauce_5;BTH;;FERTI;;0.0;0.0;;;;;;AN;mineral;N;;14.8;14.8;0.0;0.0;;;;;;;;;;;;
2026;275;beauce_5_sa_013;organique_beauce_5;BTH;;TRAVAIL_SOL;travail_sol_1;0.0;4.6;;;;;;;;;;;;;;;;;;;;;;;;;
2026;282;beauce_5_sa_013;organique_beauce_5;BTH;;TRAVAIL_SOL;une_reprise;0.0;16.0;;;;;;;;;;;;;;;;;;;;;;;;;
2026;223;beauce_5_sa_014;organique_beauce_5;BTH;;RECOLTE;;0.0;0.0;6.85;;;;;;;;;;;;;0.0;6.06;3.0;;;;;;;;;
2026;277;beauce_5_sa_014;organique_beauce_5;BTH;;SEMIS;semis;0.0;1.6;;;;;;;;;;;;;;;;;;;;;;;;;
2026;141;beauce_5_sa_014;organique_beauce_5;BTH;;FERTI;;0.0;0.0;;;;;;AN;mineral;N;;34.7;34.7;0.0;0.0;;;;;;;;;;;;
2026;269;beauce_5_sa_014;organique_beauce_5;BTH;;TRAVAIL_SOL;travail_sol_1;0.0;9.9;;;;;;;;;;;;;;;;;;;;;;;;;
2026;227;beauce_5_sa_015;organique_beauce_5;BTH;;RECOLTE;;0.0;0.0;7.76;;;;;;;;;;;;;0.0;6.87;3.0;;;;;;;;;
2026;266;beauce_5_sa_015;organique_beauce_5;BTH;;SEMIS;semis;0.0;3.6;;;;;;;;;;;;;;;;;;;;;;;;;
2026;97;beauce_5_sa_015;organique_beauce_5;BTH;;FERTI;;0.0;0.0;;;;;;AN;mineral;N;;22.5;22.5;0.0;0.0;;;;;;;;;;;;
2026;98;beauce_5_sa_015;organique_beauce_5;BTH;;FERTI;;0.0;0.0;;;;;;AN;mineral;N;;3.4;3.4;0.0;0.0;;;;;;;;;;;;
2026;161;beauce_5_sa_015;organique_beauce_5;BTH;;FERTI;;0.0;0.0;;;;;;AN;mineral;N;;27.1;27.1;0.0;0.0;;;;;;;;;;;;
2026;236;beauce_5_sa_015;organique_beauce_5;BTH;;TRAVAIL_SOL;travail_sol_1;0.0;13.4;;;;;;;;;;;;;;;;;;;;;;;;;
2026;243;beauce_5_sa_015;organique_beauce_5;BTH;;TRAVAIL_SOL;une_reprise;0.0;17.8;;;;;;;;;;;;;;;;;;;;;;;;;
2026;179;beauce_5_sa_016;organique_beauce_5;BTH;;RECOLTE;;0.0;0.0;6.09;;;;;;;;;;;;;0.0;5.39;3.0;;;;;;;;;
2026;261;beauce_5_sa_016;organique_beauce_5;BTH;;SEMIS;semis;0.0;2.8;;;;;;;;;;;;;;;;;;;;;;;;;
2026;131;beauce_5_sa_016;organique_beauce_5;BTH;;FERTI;;0.0;0.0;;;;;;AN;mineral;N;;5.1;5.1;0.0;0.0;;;;;;;;;;;;
2026;132;beauce_5_sa_016;organique_beauce_5;BTH;;FERTI;;0.0;0.0;;;;;;AN;mineral;N;;13.9;13.9;0.0;0.0;;;;;;;;;;;;
2026;225;beauce_5_sa_016;organique_beauce_5;BTH;;TRAVAIL_SOL;travail_sol_1;0.0;15.3;;;;;;;;;;;;;;;;;;;;;;;;;
2026;232;beauce_5_sa_016;organique_beauce_5;BTH;;TRAVAIL_SOL;une_reprise;0.0;20.0;;;;;;;;;;;;;;;;;;;;;;;;;
2026;202;beauce_5_sa_017;organique_beauce_5;BTH;;RECOLTE;;0.0;0.0;5.01;;;;;;;;;;;;;0.0;4.43;3.0;;;;;;;;;
2026;293;beauce_5_sa_017;organique_beauce_5;BTH;;SEMIS;semis;0.0;3.8;;;;;;;;;;;;;;;;;;;;;;;;;
2026;9;beauce_5_sa_017;organique_beauce_5;BTH;;FERTI;;0.0;0.0;;;;;;AN;mineral;N;;1.9;1.9;0.0;0.0;;;;;;;;;;;;
2026;267;beauce_5_sa_017;organique_beauce_5;BTH;;TRAVAIL_SOL;travail_sol_1;0.0;21.1;;;;;;;;;;;;;;;;;;;;;;;;;
2026;190;beauce_5_sa_018;organique_beauce_5;BTH;;RECOLTE;;0.0;0.0;4.96;;;;;;;;;;;;;0.0;4.38;3.0;;;;;;;;;
2026;259;beauce_5_sa_018;organique_beauce_5;BTH;;SEMIS;semis;0.0;1.5;;;;;;;;;;;;;;;;;;;;;;;;;
2026;245;beauce_5_sa_018;organique_beauce_5;BTH;;TRAVAIL_SOL;travail_sol_1;0.0;21.3;;;;;;;;;;;;;;;;;;;;;;;;;
2026;252;beauce_5_sa_018;organique_beauce_5;BTH;;TRAVAIL_SOL;une_reprise;0.0;8.5;;;;;;;;;;;;;;;;;;;;;;;;;
2026;177;beauce_5_sa_019;organique_beauce_5;BTH;;RECOLTE;;0.0;0.0;5.1;;;;;;;;;;;;;0.0;4.51;3.0;;;;;;;;;
2026;258;beauce_5_sa_019;organique_beauce_5;BTH;;SEMIS;semis;0.0;2.9;;;;;;;;;;;;;;;;;;;;;;;;;
2026;219;beauce_5_sa_019;organique_beauce_5;BTH;;TRAVAIL_SOL;travail_sol_1;0.0;5.9;;;;;;;;;;;;;;;;;;;;;;;;;
2026;211;beauce_5_sa_020;organique_beauce_5;BTH;;RECOLTE;;0.0;0.0;5.86;;;;;;;;;;;;;0.0;5.19;3.0;;;;;;;;;
2026;308;beauce_5_sa_020;organique_beauce_5;BTH;;SEMIS;semis;0.0;1.4;;;;;;;;;;;;;;;;;;;;;;;;;
2026;47;beauce_5_sa_020;organique_beauce_5;BTH;;FERTI;;0.0;0.0;;;;;;AN;mineral;N;;14.0;14.0;0.0;0.0;;;;;;;;;;;;
2026;76;beauce_5_sa_020;organique_beauce_5;BTH;;FERTI;;0.0;0.0;;;;;;AN;mineral;N;;1.4;1.4;0.0;0.0;;;;;;;;;;;;
2026;290;beauce_5_sa_020;organique_beauce_5;BTH;;TRAVAIL_SOL;travail_sol_1;0.0;7.3;;;;;;;;;;;;;;;;;;;;;;;;;
2026;297;beauce_5_sa_020;organique_beauce_5;BTH;;TRAVAIL_SOL;une_reprise;0.0;15.9;;;;;;;;;;;;;;;;;;;;;;;;;
2026;215;beauce_5_sa_021;organique_beauce_5;BTH;;RECOLTE;;0.0;0.0;4.98;;;;;;;;;;;;;0.0;4.4;3.0;;;;;;;;;
2026;286;beauce_5_sa_021;organique_beauce_5;BTH;;SEMIS;semis;0.0;2.4;;;;;;;;;;;;;;;;;;;;;;;;;
2026;342;beauce_5_sa_021;organique_beauce_5;BTH;;FERTI;;0.0;0.0;;;;;;AN;mineral;N;;2.6;2.6;0.0;0.0;;;;;;;;;;;;
2026;269;beauce_5_sa_021;organique_beauce_5;BTH;;TRAVAIL_SOL;travail_sol_1;0.0;23.0;;;;;;;;;;;;;;;;;;;;;;;;;
2026;218;beauce_5_sa_022;organique_beauce_5;BTH;;RECOLTE;;0.0;0.0;6.85;;;;;;;;;;;;;0.0;6.06;3.0;;;;;;;;;
2026;307;beauce_5_sa_022;organique_beauce_5;BTH;;SEMIS;semis;0.0;3.0;;;;;;;;;;;;;;;;;;;;;;;;;
2026;61;beauce_5_sa_022;organique_beauce_5;BTH;;FERTI;;0.0;0.0;;;;;;AN;mineral;N;;1.8;1.8;0.0;0.0;;;;;;;;;;;;
2026;89;beauce_5_sa_022;organique_beauce_5;BTH;;FERTI;;0.0;0.0;;;;;;AN;mineral;N;;35.9;35.9;0.0;0.0;;;;;;;;;;;;
2026;284;beauce_5_sa_022;organique_beauce_5;BTH;;TRAVAIL_SOL;travail_sol_1;0.0;24.5;;;;;;;;;;;;;;;;;;;;;;;;;
2026;291;beauce_5_sa_022;organique_beauce_5;BTH;;TRAVAIL_SOL;une_reprise;0.0;24.0;;;;;;;;;;;;;;;;;;;;;;;;;
2026;220;beauce_5_sa_023;organique_beauce_5;BTH;;RECOLTE;;0.0;0.0;6.24;;;;;;;;;;;;;0.0;5.52;3.0;;;;;;;;;
2026;266;beauce_5_sa_023;organique_beauce_5;BTH;;SEMIS;semis;0.0;1.7;;;;;;;;;;;;;;;;;;;;;;;;;
2026;68;beauce_5_sa_023;organique_beauce_5;BTH;;FERTI;;0.0;0.0;;;;;;AN;mineral;N;;10.4;10.4;0.0;0.0;;;;;;;;;;;;
2026;96;beauce_5_sa_023;organique_beauce_5;BTH;;FERTI;;0.0;0.0;;;;;;AN;mineral;N;;1.3;1.3;0.0;0.0;;;;;;;;;;;;
2026;210;beauce_5_sa_024;organique_beauce_5;BTH;;RECOLTE;;0.0;0.0;8.4;;;;;;;;;;;;;0.0;7.43;3.0;;;;;;;;;
2026;286;beauce_5_sa_024;organique_beauce_5;BTH;;SEMIS;semis;0.0;3.5;;;;;;;;;;;;;;;;;;;;;;;;;
2026;14;beauce_5_sa_024;organique_beauce_5;BTH;;FERTI;;0.0;0.0;;;;;;AN;mineral;N;;36.6;36.6;0.0;0.0;;;;;;;;;;;;
2026;67;beauce_5_sa_024;organique_beauce_5;BTH;;FERTI;;0.0;0.0;;;;;;AN;mineral;N;;40.8;40.8;0.0;0.0;;;;;;;;;;;;
2026;256;beauce_5_sa_024;organique_beauce_5;BTH;;TRAVAIL_SOL;travail_sol_1;0.0;21.5;;;;;;;;;;;;;;;;;;;;;;;;;
2026;211;beauce_5_sa_025;organique_beauce_5;BTH;;RECOLTE;;0.0;0.0;5.26;;;;;;;;;;;;;0.0;4.65;3.0;;;;;;;;;
2026;300;beauce_5_sa_025;organique_beauce_5;BTH;;SEMIS;semis;0.0;1.7;;;;;;;;;;;;;;;;;;;;;;;;;
2026;330;beauce_5_sa_025;organique_beauce_5;BTH;;FERTI;;0.0;0.0;;;;;;AN;mineral;N;;3.7;3.7;0.0;0.0;;;;;;;;;;;;
2026;275;beauce_5_sa_025;organique_beauce_5;BTH;;TRAVAIL_SOL;travail_sol_1;0.0;2.5;;;;;;;;;;;;;;;;;;;;;;;;;
2026;187;beauce_5_sa_026;organique_beauce_5;BTH;;RECOLTE;;0.0;0.0;5.18;;;;;;;;;;;;;0.0;4.58;3.0;;;;;;;;;
2026;306;beauce_5_sa_026;organique_beauce_5;BTH;;SEMIS;semis;0.0;3.7;;;;;;;;;;;;;;;;;;;;;;;;;
2026;127;beauce_5_sa_026;organique_beauce_5;BTH;;FERTI;;0.0;0.0;;;;;;AN;mineral;N;;1.9;1.9;0.0;0.0;;;;;;;;;;;;
2026;333;beauce_5_sa_026;organique_beauce_5;BTH;;FERTI;;0.0;0.0;;;;;;AN;mineral;N;;8.3;8.3;0.0;0.0;;;;;;;;;;;;
2026;198;beauce_5_sa_027;organique_beauce_5;BTH;;RECOLTE;;0.0;0.0;5.89;;;;;;;;;;;;;0.0;5.21;3.0;;;;;;;;;
2026;307;beauce_5_sa_027;organique_beauce_5;BTH;;SEMIS;semis;0.0;3.2;;;;;;;;;;;;;;;;;;;;;;;;;
2026;5;beauce_5_sa_027;organique_beauce_5;BTH;;FERTI;;0.0;0.0;;;;;;AN;mineral;N;;4.5;4.5;0.0;0.0;;;;;;;;;;;;
2026;116;beauce_5_sa_027;organique_beauce_5;BTH;;FERTI;;0.0;0.0;;;;;;AN;mineral;N;;17.1;17.1;0.0;0.0;;;;;;;;;;;;
2026;201;beauce_5_sa_028;organique_beauce_5;BTH;;RECOLTE;;0.0;0.0;8.4;;;;;;;;;;;;;0.0;7.43;3.0;;;;;;;;;
2026;262;beauce_5_sa_028;organique_beauce_5;BTH;;SEMIS;semis;0.0;2.5;;;;;;;;;;;;;;;;;;;;;;;;;
2026;70;beauce_5_sa_028;organique_beauce_5;BTH;;FERTI;;0.0;0.0;;;;;;AN;mineral;N;;1.5;1.5;0.0;0.0;;;;;;;;;;;;
2026;104;beauce_5_sa_028;organique_beauce_5;BTH;;FERTI;;0.0;0.0;;;;;;AN;mineral;N;;56.2;56.2;0.0;0.0;;;;;;;;;;;;
2026;342;beauce_5_sa_028;organique_beauce_5;BTH;;FERTI;;0.0;0.0;;;;;;AN;mineral;N;;9.0;9.0;0.0;0.0;;;;;;;;;;;;
2026;231;beauce_5_sa_028;organique_beauce_5;BTH;;TRAVAIL_SOL;travail_sol_1;0.0;16.4;;;;;;;;;;;;;;;;;;;;;;;;;
2026;221;beauce_5_sa_029;organique_beauce_5;BTH;;RECOLTE;;0.0;0.0;8.98;;;;;;;;;;;;;0.0;7.94;3.0;;;;;;;;;
2026;285;beauce_5_sa_029;organique_beauce_5;BTH;;SEMIS;semis;0.0;1.3;;;;;;;;;;;;;;;;;;;;;;;;;
2026;120;beauce_5_sa_029;organique_beauce_5;BTH;;FERTI;;0.0;0.0;;;;;;AN;mineral;N;;12.6;12.6;0.0;0.0;;;;;;;;;;;;
2026;121;beauce_5_sa_029;organique_beauce_5;BTH;;FERTI;;0.0;0.0;;;;;;AN;mineral;N;;17.2;17.2;0.0;0.0;;;;;;;;;;;;
2026;131;beauce_5_sa_029;organique_beauce_5;BTH;;FERTI;;0.0;0.0;;;;;;AN;mineral;N;;64.8;64.8;0.0;0.0;;;;;;;;;;;;
2026;258;beauce_5_sa_029;organique_beauce_5;BTH;;TRAVAIL_SOL;travail_sol_1;0.0;10.9;;;;;;;;;;;;;;;;;;;;;;;;;
2026;199;beauce_5_sa_030;organique_beauce_5;BTH;;RECOLTE;;0.0;0.0;5.01;;;;;;;;;;;;;0.0;4.43;3.0;;;;;;;;;
2026;294;beauce_5_sa_030;organique_beauce_5;BTH;;SEMIS;semis;0.0;1.8;;;;;;;;;;;;;;;;;;;;;;;;;
2026;107;beauce_5_sa_030;organique_beauce_5;BTH;;FERTI;;0.0;0.0;;;;;;AN;mineral;N;;1.9;1.9;0.0;0.0;;;;;;;;;;;;
2026;257;beauce_5_sa_030;organique_beauce_5;BTH;;TRAVAIL_SOL;travail_sol_1;0.0;22.7;;;;;;;;;;;;;;;;;;;;;;;;;
2026;264;beauce_5_sa_030;organique_beauce_5;BTH;;TRAVAIL_SOL;une_reprise;0.0;24.6;;;;;;;;;;;;;;;;;;;;;;;;;
2026;209;beauce_5_sa_031;organique_beauce_5;BTH;;RECOLTE;;0.0;0.0;4.87;;;;;;;;;;;;;0.0;4.31;3.0;;;;;;;;;
2026;318;beauce_5_sa_031;organique_beauce_5;BTH;;SEMIS;semis;0.0;1.6;;;;;;;;;;;;;;;;;;;;;;;;;
2026;274;beauce_5_sa_031;organique_beauce_5;BTH;;TRAVAIL_SOL;travail_sol_1;0.0;11.8;;;;;;;;;;;;;;;;;;;;;;;;;
2026;281;beauce_5_sa_031;organique_beauce_5;BTH;;TRAVAIL_SOL;une_reprise;0.0;13.8;;;;;;;;;;;;;;;;;;;;;;;;;
2026;203;beauce_5_sa_032;organique_beauce_5;BTH;;RECOLTE;;0.0;0.0;5.0;;;;;;;;;;;;;0.0;4.42;3.0;;;;;;;;;
2026;271;beauce_5_sa_032;organique_beauce_5;BTH;;SEMIS;semis;0.0;2.4;;;;;;;;;;;;;;;;;;;;;;;;;
2026;245;beauce_5_sa_032;organique_beauce_5;BTH;;TRAVAIL_SOL;travail_sol_1;0.0;8.5;;;;;;;;;;;;;;;;;;;;;;;;;
2026;252;beauce_5_sa_032;organique_beauce_5;BTH;;TRAVAIL_SOL;une_reprise;0.0;11.2;;;;;;;;;;;;;;;;;;;;;;;;;
2026;212;beauce_5_sa_033;organique_beauce_5;BTH;;RECOLTE;;0.0;0.0;8.84;;;;;;;;;;;;;0.0;7.82;3.0;;;;;;;;;
2026;281;beauce_5_sa_033;organique_beauce_5;BTH;;SEMIS;semis;0.0;2.2;;;;;;;;;;;;;;;;;;;;;;;;;
2026;117;beauce_5_sa_033;organique_beauce_5;BTH;;FERTI;;0.0;0.0;;;;;;AN;mineral;N;;79.9;79.9;0.0;0.0;;;;;;;;;;;;
2026;118;beauce_5_sa_033;organique_beauce_5;BTH;;FERTI;;0.0;0.0;;;;;;AN;mineral;N;;2.4;2.4;0.0;0.0;;;;;;;;;;;;
2026;269;beauce_5_sa_033;organique_beauce_5;BTH;;TRAVAIL_SOL;travail_sol_1;0.0;11.5;;;;;;;;;;;;;;;;;;;;;;;;;
2026;276;beauce_5_sa_033;organique_beauce_5;BTH;;TRAVAIL_SOL;une_reprise;0.0;15.5;;;;;;;;;;;;;;;;;;;;;;;;;
2026;184;beauce_5_sa_034;organique_beauce_5;BTH;;RECOLTE;;0.0;0.0;6.52;;;;;;;;;;;;;0.0;5.77;3.0;;;;;;;;;
2026;316;beauce_5_sa_034;organique_beauce_5;BTH;;SEMIS;semis;0.0;3.6;;;;;;;;;;;;;;;;;;;;;;;;;
2026;64;beauce_5_sa_034;organique_beauce_5;BTH;;FERTI;;0.0;0.0;;;;;;AN;mineral;N;;12.1;12.1;0.0;0.0;;;;;;;;;;;;
2026;130;beauce_5_sa_034;organique_beauce_5;BTH;;FERTI;;0.0;0.0;;;;;;AN;mineral;N;;18.8;18.8;0.0;0.0;;;;;;;;;;;;
2026;298;beauce_5_sa_034;organique_beauce_5;BTH;;TRAVAIL_SOL;travail_sol_1;0.0;20.6;;;;;;;;;;;;;;;;;;;;;;;;;
2026;225;beauce_5_sa_035;organique_beauce_5;BTH;;RECOLTE;;0.0;0.0;5.57;;;;;;;;;;;;;0.0;4.93;3.0;;;;;;;;;
2026;311;beauce_5_sa_035;organique_beauce_5;BTH;;SEMIS;semis;0.0;2.5;;;;;;;;;;;;;;;;;;;;;;;;;
2026;80;beauce_5_sa_035;organique_beauce_5;BTH;;FERTI;;0.0;0.0;;;;;;AN;mineral;N;;2.4;2.4;0.0;0.0;;;;;;;;;;;;
2026;98;beauce_5_sa_035;organique_beauce_5;BTH;;FERTI;;0.0;0.0;;;;;;AN;mineral;N;;9.2;9.2;0.0;0.0;;;;;;;;;;;;
2026;278;beauce_5_sa_035;organique_beauce_5;BTH;;TRAVAIL_SOL;travail_sol_1;0.0;6.1;;;;;;;;;;;;;;;;;;;;;;;;;
2026;222;beauce_5_sa_036;organique_beauce_5;BTH;;RECOLTE;;0.0;0.0;8.93;;;;;;;;;;;;;0.0;7.9;3.0;;;;;;;;;
2026;304;beauce_5_sa_036;organique_beauce_5;BTH;;SEMIS;semis;0.0;3.5;;;;;;;;;;;;;;;;;;;;;;;;;
2026;131;beauce_5_sa_036;organique_beauce_5;BTH;;FERTI;;0.0;0.0;;;;;;AN;mineral;N;;90.6;90.6;0.0;0.0;;;;;;;;;;;;
2026;165;beauce_5_sa_036;organique_beauce_5;BTH;;FERTI;;0.0;0.0;;;;;;AN;mineral;N;;12.6;12.6;0.0;0.0;;;;;;;;;;;;
2026;166;beauce_5_sa_036;organique_beauce_5;BTH;;FERTI;;0.0;0.0;;;;;;AN;mineral;N;;3.2;3.2;0.0;0.0;;;;;;;;;;;;
2026;275;beauce_5_sa_036;organique_beauce_5;BTH;;TRAVAIL_SOL;travail_sol_1;0.0;19.3;;;;;;;;;;;;;;;;;;;;;;;;;
2026;172;beauce_5_sa_037;organique_beauce_5;BTH;;RECOLTE;;0.0;0.0;5.38;;;;;;;;;;;;;0.0;4.76;3.0;;;;;;;;;
2026;313;beauce_5_sa_037;organique_beauce_5;BTH;;SEMIS;semis;0.0;1.8;;;;;;;;;;;;;;;;;;;;;;;;;
2026;84;beauce_5_sa_037;organique_beauce_5;BTH;;FERTI;;0.0;0.0;;;;;;AN;mineral;N;;3.5;3.5;0.0;0.0;;;;;;;;;;;;
2026;170;beauce_5_sa_038;organique_beauce_5;BTH;;RECOLTE;;0.0;0.0;8.37;;;;;;;;;;;;;0.0;7.41;3.0;;;;;;;;;
2026;285;beauce_5_sa_038;organique_beauce_5;BTH;;SEMIS;semis;0.0;2.9;;;;;;;;;;;;;;;;;;;;;;;;;
2026;95;beauce_5_sa_038;organique_beauce_5;BTH;;FERTI;;0.0;0.0;;;;;;AN;mineral;N;;10.6;10.6;0.0;0.0;;;;;;;;;;;;
2026;151;beauce_5_sa_038;organique_beauce_5;BTH;;FERTI;;0.0;0.0;;;;;;AN;mineral;N;;44.4;44.4;0.0;0.0;;;;;;;;;;;;
2026;163;beauce_5_sa_038;organique_beauce_5;BTH;;FERTI;;0.0;0.0;;;;;;AN;mineral;N;;10.3;10.3;0.0;0.0;;;;;;;;;;;;
2026;175;beauce_5_sa_039;organique_beauce_5;BTH;;RECOLTE;;0.0;0.0;5.16;;;;;;;;;;;;;0.0;4.57;3.0;;;;;;;;;
2026;270;beauce_5_sa_039;organique_beauce_5;BTH;;SEMIS;semis;0.0;2.7;;;;;;;;;;;;;;;;;;;;;;;;;
2026;23;beauce_5_sa_039;organique_beauce_5;BTH;;FERTI;;0.0;0.0;;;;;;AN;mineral;N;;3.1;3.1;0.0;0.0;;;;;;;;;;;;
2026;229;beauce_5_sa_039;organique_beauce_5;BTH;;TRAVAIL_SOL;travail_sol_1;0.0;10.5;;;;;;;;;;;;;;;;;;;;;;;;;
2026;236;beauce_5_sa_039;organique_beauce_5;BTH;;TRAVAIL_SOL;une_reprise;0.0;16.3;;;;;;;;;;;;;;;;;;;;;;;;;
2026;176;beauce_5_sa_040;organique_beauce_5;BTH;;RECOLTE;;0.0;0.0;4.89;;;;;;;;;;;;;0.0;4.32;3.0;;;;;;;;;
2026;293;beauce_5_sa_040;organique_beauce_5;BTH;;SEMIS;semis;0.0;2.4;;;;;;;;;;;;;;;;;;;;;;;;;
2026;181;beauce_5_sa_041;organique_beauce_5;BTH;;RECOLTE;;0.0;0.0;4.88;;;;;;;;;;;;;0.0;4.32;3.0;;;;;;;;;
2026;287;beauce_5_sa_041;organique_beauce_5;BTH;;SEMIS;semis;0.0;3.5;;;;;;;;;;;;;;;;;;;;;;;;;
2026;258;beauce_5_sa_041;organique_beauce_5;BTH;;TRAVAIL_SOL;travail_sol_1;0.0;1.0;;;;;;;;;;;;;;;;;;;;;;;;;
2026;265;beauce_5_sa_041;organique_beauce_5;BTH;;TRAVAIL_SOL;une_reprise;0.0;11.5;;;;;;;;;;;;;;;;;;;;;;;;;
2026;185;beauce_5_sa_042;organique_beauce_5;BTH;;RECOLTE;;0.0;0.0;6.32;;;;;;;;;;;;;0.0;5.59;3.0;;;;;;;;;
2026;296;beauce_5_sa_042;organique_beauce_5;BTH;;SEMIS;semis;0.0;2.2;;;;;;;;;;;;;;;;;;;;;;;;;
2026;29;beauce_5_sa_042;organique_beauce_5;BTH;;FERTI;;0.0;0.0;;;;;;AN;mineral;N;;2.3;2.3;0.0;0.0;;;;;;;;;;;;
2026;138;beauce_5_sa_042;organique_beauce_5;BTH;;FERTI;;0.0;0.0;;;;;;AN;mineral;N;;18.5;18.5;0.0;0.0;;;;;;;;;;;;
2026;262;beauce_5_sa_042;organique_beauce_5;BTH;;TRAVAIL_SOL;travail_sol_1;0.0;6.7;;;;;;;;;;;;;;;;;;;;;;;;;
2026;269;beauce_5_sa_042;organique_beauce_5;BTH;;TRAVAIL_SOL;une_reprise;0.0;18.9;;;;;;;;;;;;;;;;;;;;;;;;;
2026;217;beauce_5_sa_043;organique_beauce_5;BTH;;RECOLTE;;0.0;0.0;8.63;;;;;;;;;;;;;0.0;7.64;3.0;;;;;;;;;
2026;309;beauce_5_sa_043;organique_beauce_5;BTH;;SEMIS;semis;0.0;3.6;;;;;;;;;;;;;;;;;;;;;;;;;
2026;77;beauce_5_sa_043;organique_beauce_5;BTH;;FERTI;;0.0;0.0;;;;;;AN;mineral;N;;34.3;34.3;0.0;0.0;;;;;;;;;;;;
2026;364;beauce_5_sa_043;organique_beauce_5;BTH;;FERTI;;0.0;0.0;;;;;;AN;mineral;N;;56.9;56.9;0.0;0.0;;;;;;;;;;;;
2026;287;beauce_5_sa_043;organique_beauce_5;BTH;;TRAVAIL_SOL;travail_sol_1;0.0;9.5;;;;;;;;;;;;;;;;;;;;;;;;;
2026;215;beauce_5_sa_044;organique_beauce_5;BTH;;RECOLTE;;0.0;0.0;4.98;;;;;;;;;;;;;0.0;4.41;3.0;;;;;;;;;
2026;273;beauce_5_sa_044;organique_beauce_5;BTH;;SEMIS;semis;0.0;1.3;;;;;;;;;;;;;;;;;;;;;;;;;
2026;262;beauce_5_sa_044;organique_beauce_5;BTH;;TRAVAIL_SOL;travail_sol_1;0.0;20.4;;;;;;;;;;;;;;;;;;;;;;;;;
2026;181;beauce_5_sa_045;organique_beauce_5;BTH;;RECOLTE;;0.0;0.0;6.78;;;;;;;;;;;;;0.0;6.0;3.0;;;;;;;;;
2026;285;beauce_5_sa_045;organique_beauce_5;BTH;;SEMIS;semis;0.0;2.4;;;;;;;;;;;;;;;;;;;;;;;;;
2026;154;beauce_5_sa_045;organique_beauce_5;BTH;;FERTI;;0.0;0.0;;;;;;AN;mineral;N;;23.2;23.2;0.0;0.0;;;;;;;;;;;;
2026;155;beauce_5_sa_045;organique_beauce_5;BTH;;FERTI;;0.0;0.0;;;;;;AN;mineral;N;;6.1;6.1;0.0;0.0;;;;;;;;;;;;
2026;358;beauce_5_sa_045;organique_beauce_5;BTH;;FERTI;;0.0;0.0;;;;;;AN;mineral;N;;11.3;11.3;0.0;0.0;;;;;;;;;;;;
2026;227;beauce_5_sa_046;organique_beauce_5;BTH;;RECOLTE;;0.0;0.0;5.0;;;;;;;;;;;;;0.0;4.42;3.0;;;;;;;;;
2026;272;beauce_5_sa_046;organique_beauce_5;BTH;;SEMIS;semis;0.0;3.0;;;;;;;;;;;;;;;;;;;;;;;;;
2026;179;beauce_5_sa_047;organique_beauce_5;BTH;;RECOLTE;;0.0;0.0;7.5;;;;;;;;;;;;;0.0;6.63;3.0;;;;;;;;;
2026;279;beauce_5_sa_047;organique_beauce_5;BTH;;SEMIS;semis;0.0;3.5;;;;;;;;;;;;;;;;;;;;;;;;;
2026;326;beauce_5_sa_047;organique_beauce_5;BTH;;FERTI;;0.0;0.0;;;;;;AN;mineral;N;;49.6;49.6;0.0;0.0;;;;;;;;;;;;
2026;242;beauce_5_sa_047;organique_beauce_5;BTH;;TRAVAIL_SOL;travail_sol_1;0.0;17.3;;;;;;;;;;;;;;;;;;;;;;;;;
2026;249;beauce_5_sa_047;organique_beauce_5;BTH;;TRAVAIL_SOL;une_reprise;0.0;6.4;;;;;;;;;;;;;;;;;;;;;;;;;
2026;185;beauce_5_sa_048;organique_beauce_5;BTH;;RECOLTE;;0.0;0.0;8.87;;;;;;;;;;;;;0.0;7.85;3.0;;;;;;;;;
2026;288;beauce_5_sa_048;organique_beauce_5;BTH;;SEMIS;semis;0.0;3.9;;;;;;;;;;;;;;;;;;;;;;;;;
2026;2;beauce_5_sa_048;organique_beauce_5;BTH;;FERTI;;0.0;0.0;;;;;;AN;mineral;N;;76.7;76.7;0.0;0.0;;;;;;;;;;;;
2026;104;beauce_5_sa_048;organique_beauce_5;BTH;;FERTI;;0.0;0.0;;;;;;AN;mineral;N;;97.7;97.7;0.0;0.0;;;;;;;;;;;;
2026;113;beauce_5_sa_048;organique_beauce_5;BTH;;FERTI;;0.0;0.0;;;;;;AN;mineral;N;;1.9;1.9;0.0;0.0;;;;;;;;;;;;
2026;249;beauce_5_sa_048;organique_beauce_5;BTH;;TRAVAIL_SOL;travail_sol_1;0.0;15.1;;;;;;;;;;;;;;;;;;;;;;;;;
2026;256;beauce_5_sa_048;organique_beauce_5;BTH;;TRAVAIL_SOL;une_reprise;0.0;8.8;;;;;;;;;;;;;;;;;;;;;;;;;
2026;190;beauce_5_sa_049;organique_beauce_5;BTH;;RECOLTE;;0.0;0.0;7.43;;;;;;;;;;;;;0.0;6.58;3.0;;;;;;;;;
2026;293;beauce_5_sa_049;organique_beauce_5;BTH;;SEMIS;semis;0.0;2.0;;;;;;;;;;;;;;;;;;;;;;;;;
2026;144;beauce_5_sa_049;organique_beauce_5;BTH;;FERTI;;0.0;0.0;;;;;;AN;mineral;N;;36.0;36.0;0.0;0.0;;;;;;;;;;;;
2026;145;beauce_5_sa_049;organique_beauce_5;BTH;;FERTI;;0.0;0.0;;;;;;AN;mineral;N;;2.6;2.6;0.0;0.0;;;;;;;;;;;;
2026;146;beauce_5_sa_049;organique_beauce_5;BTH;;FERTI;;0.0;0.0;;;;;;AN;mineral;N;;6.8;6.8;0.0;0.0;;;;;;;;;;;;
2026;224;beauce_5_sa_050;organique_beauce_5;BTH;;RECOLTE;;0.0;0.0;5.94;;;;;;;;;;;;;0.0;5.26;3.0;;;;;;;;;
2026;313;beauce_5_sa_050;organique_beauce_5;BTH;;SEMIS;semis;0.0;1.1;;;;;;;;;;;;;;;;;;;;;;;;;
2026;87;beauce_5_sa_050;organique_beauce_5;BTH;;FERTI;;0.0;0.0;;;;;;AN;mineral;N;;16.7;16.7;0.0;0.0;;;;;;;;;;;;
2026;189;beauce_5_sa_051;organique_beauce_5;BTH;;RECOLTE;;0.0;0.0;8.99;;;;;;;;;;;;;0.0;7.95;3.0;;;;;;;;;
2026;259;beauce_5_sa_051;organique_beauce_5;BTH;;SEMIS;semis;0.0;3.6;;;;;;;;;;;;;;;;;;;;;;;;;
2026;74;beauce_5_sa_051;organique_beauce_5;BTH;;FERTI;;0.0;0.0;;;;;;AN;mineral;N;;87.8;87.8;0.0;0.0;;;;;;;;;;;;
2026;99;beauce_5_sa_051;organique_beauce_5;BTH;;FERTI;;0.0;0.0;;;;;;AN;mineral;N;;1.1;1.1;0.0;0.0;;;;;;;;;;;;
2026;164;beauce_5_sa_051;organique_beauce_5;BTH;;FERTI;;0.0;0.0;;;;;;AN;mineral;N;;1.1;1.1;0.0;0.0;;;;;;;;;;;;
2026;253;beauce_5_sa_051;organique_beauce_5;BTH;;TRAVAIL_SOL;travail_sol_1;0.0;24.5;;;;;;;;;;;;;;;;;;;;;;;;;
2026;173;beauce_5_sa_052;organique_beauce_5;BTH;;RECOLTE;;0.0;0.0;5.46;;;;;;;;;;;;;0.0;4.83;3.0;;;;;;;;;
2026;260;beauce_5_sa_052;organique_beauce_5;BTH;;SEMIS;semis;0.0;1.8;;;;;;;;;;;;;;;;;;;;;;;;;
2026;28;beauce_5_sa_052;organique_beauce_5;BTH;;FERTI;;0.0;0.0;;;;;;AN;mineral;N;;9.7;9.7;0.0;0.0;;;;;;;;;;;;
2026;58;beauce_5_sa_052;organique_beauce_5;BTH;;FERTI;;0.0;0.0;;;;;;AN;mineral;N;;1.4;1.4;0.0;0.0;;;;;;;;;;;;
2026;230;beauce_5_sa_052;organique_beauce_5;BTH;;TRAVAIL_SOL;travail_sol_1;0.0;22.0;;;;;;;;;;;;;;;;;;;;;;;;;
2026;237;beauce_5_sa_052;organique_beauce_5;BTH;;TRAVAIL_SOL;une_reprise;0.0;23.3;;;;;;;;;;;;;;;;;;;;;;;;;
2026;173;beauce_5_sa_053;organique_beauce_5;BTH;;RECOLTE;;0.0;0.0;5.09;;;;;;;;;;;;;0.0;4.5;3.0;;;;;;;;;
2026;315;beauce_5_sa_053;organique_beauce_5;BTH;;SEMIS;semis;0.0;3.0;;;;;;;;;;;;;;;;;;;;;;;;;
2026;12;beauce_5_sa_053;organique_beauce_5;BTH;;FERTI;;0.0;0.0;;;;;;AN;mineral;N;;1.5;1.5;0.0;0.0;;;;;;;;;;;;
2026;114;beauce_5_sa_053;organique_beauce_5;BTH;;FERTI;;0.0;0.0;;;;;;AN;mineral;N;;11.3;11.3;0.0;0.0;;;;;;;;;;;;
2026;198;beauce_5_sa_054;organique_beauce_5;BTH;;RECOLTE;;0.0;0.0;8.66;;;;;;;;;;;;;0.0;7.66;3.0;;;;;;;;;
2026;312;beauce_5_sa_054;organique_beauce_5;BTH;;SEMIS;semis;0.0;1.9;;;;;;;;;;;;;;;;;;;;;;;;;
2026;32;beauce_5_sa_054;organique_beauce_5;BTH;;FERTI;;0.0;0.0;;;;;;AN;mineral;N;;7.8;7.8;0.0;0.0;;;;;;;;;;;;
2026;97;beauce_5_sa_054;organique_beauce_5;BTH;;FERTI;;0.0;0.0;;;;;;AN;mineral;N;;78.2;78.2;0.0;0.0;;;;;;;;;;;;
2026;143;beauce_5_sa_054;organique_beauce_5;BTH;;FERTI;;0.0;0.0;;;;;;AN;mineral;N;;84.8;84.8;0.0;0.0;;;;;;;;;;;;
2026;204;beauce_5_sa_055;organique_beauce_5;BTH;;RECOLTE;;0.0;0.0;8.59;;;;;;;;;;;;;0.0;7.6;3.0;;;;;;;;;
2026;276;beauce_5_sa_055;organique_beauce_5;BTH;;SEMIS;semis;0.0;3.4;;;;;;;;;;;;;;;;;;;;;;;;;
2026;144;beauce_5_sa_055;organique_beauce_5;BTH;;FERTI;;0.0;0.0;;;;;;AN;mineral;N;;24.8;24.8;0.0;0.0;;;;;;;;;;;;
2026;145;beauce_5_sa_055;organique_beauce_5;BTH;;FERTI;;0.0;0.0;;;;;;AN;mineral;N;;20.1;20.1;0.0;0.0;;;;;;;;;;;;
2026;146;beauce_5_sa_055;organique_beauce_5;BTH;;FERTI;;0.0;0.0;;;;;;AN;mineral;N;;19.8;19.8;0.0;0.0;;;;;;;;;;;;
2026;260;beauce_5_sa_055;organique_beauce_5;BTH;;TRAVAIL_SOL;travail_sol_1;0.0;7.3;;;;;;;;;;;;;;;;;;;;;;;;;
2026;221;beauce_5_sa_056;organique_beauce_5;BTH;;RECOLTE;;0.0;0.0;5.2;;;;;;;;;;;;;0.0;4.6;3.0;;;;;;;;;
2026;263;beauce_5_sa_056;organique_beauce_5;BTH;;SEMIS;semis;0.0;1.8;;;;;;;;;;;;;;;;;;;;;;;;;
2026;98;beauce_5_sa_056;organique_beauce_5;BTH;;FERTI;;0.0;0.0;;;;;;AN;mineral;N;;1.1;1.1;0.0;0.0;;;;;;;;;;;;
2026;330;beauce_5_sa_056;organique_beauce_5;BTH;;FERTI;;0.0;0.0;;;;;;AN;mineral;N;;1.1;1.1;0.0;0.0;;;;;;;;;;;;
2026;241;beauce_5_sa_056;organique_beauce_5;BTH;;TRAVAIL_SOL;travail_sol_1;0.0;3.9;;;;;;;;;;;;;;;;;;;;;;;;;
2026;248;beauce_5_sa_056;organique_beauce_5;BTH;;TRAVAIL_SOL;une_reprise;0.0;21.0;;;;;;;;;;;;;;;;;;;;;;;;;
2026;215;beauce_5_sa_057;organique_beauce_5;BTH;;RECOLTE;;0.0;0.0;5.01;;;;;;;;;;;;;0.0;4.43;3.0;;;;;;;;;
2026;295;beauce_5_sa_057;organique_beauce_5;BTH;;SEMIS;semis;0.0;1.1;;;;;;;;;;;;;;;;;;;;;;;;;
2026;74;beauce_5_sa_057;organique_beauce_5;BTH;;FERTI;;0.0;0.0;;;;;;AN;mineral;N;;2.9;2.9;0.0;0.0;;;;;;;;;;;;
2026;277;beauce_5_sa_057;organique_beauce_5;BTH;;TRAVAIL_SOL;travail_sol_1;0.0;14.3;;;;;;;;;;;;;;;;;;;;;;;;;
2026;184;beauce_5_sa_058;organique_beauce_5;BTH;;RECOLTE;;0.0;0.0;5.25;;;;;;;;;;;;;0.0;4.64;3.0;;;;;;;;;
2026;264;beauce_5_sa_058;organique_beauce_5;BTH;;SEMIS;semis;0.0;3.1;;;;;;;;;;;;;;;;;;;;;;;;;
2026;27;beauce_5_sa_058;organique_beauce_5;BTH;;FERTI;;0.0;0.0;;;;;;AN;mineral;N;;1.3;1.3;0.0;0.0;;;;;;;;;;;;
2026;251;beauce_5_sa_058;organique_beauce_5;BTH;;TRAVAIL_SOL;travail_sol_1;0.0;4.5;;;;;;;;;;;;;;;;;;;;;;;;;
2026;258;beauce_5_sa_058;organique_beauce_5;BTH;;TRAVAIL_SOL;une_reprise;0.0;3.4;;;;;;;;;;;;;;;;;;;;;;;;;
2026;200;beauce_5_sa_059;organique_beauce_5;BTH;;RECOLTE;;0.0;0.0;5.4;;;;;;;;;;;;;0.0;4.78;3.0;;;;;;;;;
2026;266;beauce_5_sa_059;organique_beauce_5;BTH;;SEMIS;semis;0.0;2.7;;;;;;;;;;;;;;;;;;;;;;;;;
2026;111;beauce_5_sa_059;organique_beauce_5;BTH;;FERTI;;0.0;0.0;;;;;;AN;mineral;N;;6.4;6.4;0.0;0.0;;;;;;;;;;;;
2026;231;beauce_5_sa_059;organique_beauce_5;BTH;;TRAVAIL_SOL;travail_sol_1;0.0;23.1;;;;;;;;;;;;;;;;;;;;;;;;;
2026;238;beauce_5_sa_059;organique_beauce_5;BTH;;TRAVAIL_SOL;une_reprise;0.0;10.9;;;;;;;;;;;;;;;;;;;;;;;;;
2026;183;beauce_5_sa_060;organique_beauce_5;BTH;;RECOLTE;;0.0;0.0;4.86;;;;;;;;;;;;;0.0;4.3;3.0;;;;;;;;;
2026;290;beauce_5_sa_060;organique_beauce_5;BTH;;SEMIS;semis;0.0;1.8;;;;;;;;;;;;;;;;;;;;;;;;;
2026;282;beauce_5_sa_060;organique_beauce_5;BTH;;TRAVAIL_SOL;travail_sol_1;0.0;3.5;;;;;;;;;;;;;;;;;;;;;;;;;
2026;175;beauce_5_sa_061;organique_beauce_5;BTH;;RECOLTE;;0.0;0.0;6.86;;;;;;;;;;;;;0.0;6.07;3.0;;;;;;;;;
2026;285;beauce_5_sa_061;organique_beauce_5;BTH;;SEMIS;semis;0.0;2.5;;;;;;;;;;;;;;;;;;;;;;;;;
2026;139;beauce_5_sa_061;organique_beauce_5;BTH;;FERTI;;0.0;0.0;;;;;;AN;mineral;N;;26.8;26.8;0.0;0.0;;;;;;;;;;;;
2026;140;beauce_5_sa_061;organique_beauce_5;BTH;;FERTI;;0.0;0.0;;;;;;AN;mineral;N;;10.7;10.7;0.0;0.0;;;;;;;;;;;;
2026;208;beauce_5_sa_062;organique_beauce_5;BTH;;RECOLTE;;0.0;0.0;4.72;;;;;;;;;;;;;0.0;4.17;3.0;;;;;;;;;
2026;290;beauce_5_sa_062;organique_beauce_5;BTH;;SEMIS;semis;0.0;3.3;;;;;;;;;;;;;;;;;;;;;;;;;
2026;279;beauce_5_sa_062;organique_beauce_5;BTH;;TRAVAIL_SOL;travail_sol_1;0.0;16.3;;;;;;;;;;;;;;;;;;;;;;;;;
2026;286;beauce_5_sa_062;organique_beauce_5;BTH;;TRAVAIL_SOL;une_reprise;0.0;14.6;;;;;;;;;;;;;;;;;;;;;;;;;
2026;200;beauce_5_sa_063;organique_beauce_5;BTH;;RECOLTE;;0.0;0.0;6.09;;;;;;;;;;;;;0.0;5.39;3.0;;;;;;;;;
2026;291;beauce_5_sa_063;organique_beauce_5;BTH;;SEMIS;semis;0.0;2.4;;;;;;;;;;;;;;;;;;;;;;;;;
2026;23;beauce_5_sa_063;organique_beauce_5;BTH;;FERTI;;0.0;0.0;;;;;;AN;mineral;N;;19.0;19.0;0.0;0.0;;;;;;;;;;;;
2026;265;beauce_5_sa_063;organique_beauce_5;BTH;;TRAVAIL_SOL;travail_sol_1;0.0;9.2;;;;;;;;;;;;;;;;;;;;;;;;;
2026;203;beauce_5_sa_064;organique_beauce_5;BTH;;RECOLTE;;0.0;0.0;5.01;;;;;;;;;;;;;0.0;4.43;3.0;;;;;;;;;
2026;311;beauce_5_sa_064;organique_beauce_5;BTH;;SEMIS;semis;0.0;3.8;;;;;;;;;;;;;;;;;;;;;;;;;
2026;67;beauce_5_sa_064;organique_beauce_5;BTH;;FERTI;;0.0;0.0;;;;;;AN;mineral;N;;1.2;1.2;0.0;0.0;;;;;;;;;;;;
2026;155;beauce_5_sa_064;organique_beauce_5;BTH;;FERTI;;0.0;0.0;;;;;;AN;mineral;N;;1.0;1.0;0.0;0.0;;;;;;;;;;;;
2026;270;beauce_5_sa_064;organique_beauce_5;BTH;;TRAVAIL_SOL;travail_sol_1;0.0;5.5;;;;;;;;;;;;;;;;;;;;;;;;;
2026;191;beauce_5_sa_065;organique_beauce_5;BTH;;RECOLTE;;0.0;0.0;4.94;;;;;;;;;;;;;0.0;4.37;3.0;;;;;;;;;
2026;309;beauce_5_sa_065;organique_beauce_5;BTH;;SEMIS;semis;0.0;1.8;;;;;;;;;;;;;;;;;;;;;;;;;
2026;149;beauce_5_sa_065;organique_beauce_5;BTH;;FERTI;;0.0;0.0;;;;;;AN;mineral;N;;1.4;1.4;0.0;0.0;;;;;;;;;;;;
2026;150;beauce_5_sa_065;organique_beauce_5;BTH;;FERTI;;0.0;0.0;;;;;;AN;mineral;N;;1.7;1.7;0.0;0.0;;;;;;;;;;;;
2026;288;beauce_5_sa_065;organique_beauce_5;BTH;;TRAVAIL_SOL;travail_sol_1;0.0;11.3;;;;;;;;;;;;;;;;;;;;;;;;;
2026;295;beauce_5_sa_065;organique_beauce_5;BTH;;TRAVAIL_SOL;une_reprise;0.0;16.5;;;;;;;;;;;;;;;;;;;;;;;;;
2026;207;beauce_5_sa_066;organique_beauce_5;BTH;;RECOLTE;;0.0;0.0;5.27;;;;;;;;;;;;;0.0;4.66;3.0;;;;;;;;;
2026;263;beauce_5_sa_066;organique_beauce_5;BTH;;SEMIS;semis;0.0;3.7;;;;;;;;;;;;;;;;;;;;;;;;;
2026;194;beauce_5_sa_067;organique_beauce_5;BTH;;RECOLTE;;0.0;0.0;6.64;;;;;;;;;;;;;0.0;5.88;3.0;;;;;;;;;
2026;264;beauce_5_sa_067;organique_beauce_5;BTH;;SEMIS;semis;0.0;3.3;;;;;;;;;;;;;;;;;;;;;;;;;
2026;123;beauce_5_sa_067;organique_beauce_5;BTH;;FERTI;;0.0;0.0;;;;;;AN;mineral;N;;29.9;29.9;0.0;0.0;;;;;;;;;;;;
2026;232;beauce_5_sa_067;organique_beauce_5;BTH;;TRAVAIL_SOL;travail_sol_1;0.0;20.3;;;;;;;;;;;;;;;;;;;;;;;;;
2026;174;beauce_5_sa_068;organique_beauce_5;BTH;;RECOLTE;;0.0;0.0;4.49;;;;;;;;;;;;;0.0;3.97;3.0;;;;;;;;;
2026;286;beauce_5_sa_068;organique_beauce_5;BTH;;SEMIS;semis;0.0;3.1;;;;;;;;;;;;;;;;;;;;;;;;;
2026;208;beauce_5_sa_069;organique_beauce_5;BTH;;RECOLTE;;0.0;0.0;5.59;;;;;;;;;;;;;0.0;4.95;3.0;;;;;;;;;
2026;293;beauce_5_sa_069;organique_beauce_5;BTH;;SEMIS;semis;0.0;2.3;;;;;;;;;;;;;;;;;;;;;;;;;
2026;137;beauce_5_sa_069;organique_beauce_5;BTH;;FERTI;;0.0;0.0;;;;;;AN;mineral;N;;4.2;4.2;0.0;0.0;;;;;;;;;;;;
2026;331;beauce_5_sa_069;organique_beauce_5;BTH;;FERTI;;0.0;0.0;;;;;;AN;mineral;N;;8.4;8.4;0.0;0.0;;;;;;;;;;;;
2026;179;beauce_5_sa_070;organique_beauce_5;BTH;;RECOLTE;;0.0;0.0;6.07;;;;;;;;;;;;;0.0;5.37;3.0;;;;;;;;;
2026;291;beauce_5_sa_070;organique_beauce_5;BTH;;SEMIS;semis;0.0;1.0;;;;;;;;;;;;;;;;;;;;;;;;;
2026;21;beauce_5_sa_070;organique_beauce_5;BTH;;FERTI;;0.0;0.0;;;;;;AN;mineral;N;;10.6;10.6;0.0;0.0;;;;;;;;;;;;
2026;164;beauce_5_sa_070;organique_beauce_5;BTH;;FERTI;;0.0;0.0;;;;;;AN;mineral;N;;18.5;18.5;0.0;0.0;;;;;;;;;;;;
2026;165;beauce_5_sa_070;organique_beauce_5;BTH;;FERTI;;0.0;0.0;;;;;;AN;mineral;N;;3.0;3.0;0.0;0.0;;;;;;;;;;;;
2026;244;beauce_5_sa_070;organique_beauce_5;BTH;;TRAVAIL_SOL;travail_sol_1;0.0;2.4;;;;;;;;;;;;;;;;;;;;;;;;;
2026;251;beauce_5_sa_070;organique_beauce_5;BTH;;TRAVAIL_SOL;une_reprise;0.0;10.4;;;;;;;;;;;;;;;;;;;;;;;;;
2026;213;beauce_5_sa_071;organique_beauce_5;BTH;;RECOLTE;;0.0;0.0;8.36;;;;;;;;;;;;;0.0;7.4;3.0;;;;;;;;;
2026;261;beauce_5_sa_071;organique_beauce_5;BTH;;SEMIS;semis;0.0;3.5;;;;;;;;;;;;;;;;;;;;;;;;;
2026;126;beauce_5_sa_071;organique_beauce_5;BTH;;FERTI;;0.0;0.0;;;;;;AN;mineral;N;;58.6;58.6;0.0;0.0;;;;;;;;;;;;
2026;198;beauce_5_sa_072;organique_beauce_5;BTH;;RECOLTE;;0.0;0.0;6.19;;;;;;;;;;;;;0.0;5.47;3.0;;;;;;;;;
2026;304;beauce_5_sa_072;organique_beauce_5;BTH;;SEMIS;semis;0.0;1.1;;;;;;;;;;;;;;;;;;;;;;;;;
2026;67;beauce_5_sa_072;organique_beauce_5;BTH;;FERTI;;0.0;0.0;;;;;;AN;mineral;N;;22.2;22.2;0.0;0.0;;;;;;;;;;;;
2026;288;beauce_5_sa_072;organique_beauce_5;BTH;;TRAVAIL_SOL;travail_sol_1;0.0;9.3;;;;;;;;;;;;;;;;;;;;;;;;;
2026;209;beauce_5_sa_073;organique_beauce_5;BTH;;RECOLTE;;0.0;0.0;5.82;;;;;;;;;;;;;0.0;5.15;3.0;;;;;;;;;
2026;287;beauce_5_sa_073;organique_beauce_5;BTH;;SEMIS;semis;0.0;1.9;;;;;;;;;;;;;;;;;;;;;;;;;
2026;346;beauce_5_sa_073;organique_beauce_5;BTH;;FERTI;;0.0;0.0;;;;;;AN;mineral;N;;5.2;5.2;0.0;0.0;;;;;;;;;;;;
2026;175;beauce_5_sa_074;organique_beauce_5;BTH;;RECOLTE;;0.0;0.0;4.98;;;;;;;;;;;;;0.0;4.41;3.0;;;;;;;;;
2026;305;beauce_5_sa_074;organique_beauce_5;BTH;;SEMIS;semis;0.0;2.6;;;;;;;;;;;;;;;;;;;;;;;;;
2026;212;beauce_5_sa_075;organique_beauce_5;BTH;;RECOLTE;;0.0;0.0;5.09;;;;;;;;;;;;;0.0;4.5;3.0;;;;;;;;;
2026;297;beauce_5_sa_075;organique_beauce_5;BTH;;SEMIS;semis;0.0;2.8;;;;;;;;;;;;;;;;;;;;;;;;;
2026;208;beauce_5_sa_076;organique_beauce_5;BTH;;RECOLTE;;0.0;0.0;8.47;;;;;;;;;;;;;0.0;7.49;3.0;;;;;;;;;
2026;286;beauce_5_sa_076;organique_beauce_5;BTH;;SEMIS;semis;0.0;3.4;;;;;;;;;;;;;;;;;;;;;;;;;
2026;170;beauce_5_sa_076;organique_beauce_5;BTH;;FERTI;;0.0;0.0;;;;;;AN;mineral;N;;1.5;1.5;0.0;0.0;;;;;;;;;;;;
2026;171;beauce_5_sa_076;organique_beauce_5;BTH;;FERTI;;0.0;0.0;;;;;;AN;mineral;N;;72.9;72.9;0.0;0.0;;;;;;;;;;;;
2026;221;beauce_5_sa_077;organique_beauce_5;BTH;;RECOLTE;;0.0;0.0;4.83;;;;;;;;;;;;;0.0;4.28;3.0;;;;;;;;;
2026;278;beauce_5_sa_077;organique_beauce_5;BTH;;SEMIS;semis;0.0;2.1;;;;;;;;;;;;;;;;;;;;;;;;;
2026;256;beauce_5_sa_077;organique_beauce_5;BTH;;TRAVAIL_SOL;travail_sol_1;0.0;15.3;;;;;;;;;;;;;;;;;;;;;;;;;
2026;263;beauce_5_sa_077;organique_beauce_5;BTH;;TRAVAIL_SOL;une_reprise;0.0;13.3;;;;;;;;;;;;;;;;;;;;;;;;;
2026;177;beauce_5_sa_078;organique_beauce_5;BTH;;RECOLTE;;0.0;0.0;8.52;;;;;;;;;;;;;0.0;7.53;3.0;;;;;;;;;
2026;306;beauce_5_sa_078;organique_beauce_5;BTH;;SEMIS;semis;0.0;1.5;;;;;;;;;;;;;;;;;;;;;;;;;
2026;122;beauce_5_sa_078;organique_beauce_5;BTH;;FERTI;;0.0;0.0;;;;;;AN;mineral;N;;70.9;70.9;0.0;0.0;;;;;;;;;;;;
2026;178;beauce_5_sa_079;organique_beauce_5;BTH;;RECOLTE;;0.0;0.0;8.3;;;;;;;;;;;;;0.0;7.34;3.0;;;;;;;;;
2026;273;beauce_5_sa_079;organique_beauce_5;BTH;;SEMIS;semis;0.0;3.8;;;;;;;;;;;;;;;;;;;;;;;;;
2026;364;beauce_5_sa_079;organique_beauce_5;BTH;;FERTI;;0.0;0.0;;;;;;AN;mineral;N;;68.4;68.4;0.0;0.0;;;;;;;;;;;;
2026;226;beauce_5_sa_080;organique_beauce_5;BTH;;RECOLTE;;0.0;0.0;8.88;;;;;;;;;;;;;0.0;7.85;3.0;;;;;;;;;
2026;268;beauce_5_sa_080;organique_beauce_5;BTH;;SEMIS;semis;0.0;2.3;;;;;;;;;;;;;;;;;;;;;;;;;
2026;102;beauce_5_sa_080;organique_beauce_5;BTH;;FERTI;;0.0;0.0;;;;;;AN;mineral;N;;28.3;28.3;0.0;0.0;;;;;;;;;;;;
2026;117;beauce_5_sa_080;organique_beauce_5;BTH;;FERTI;;0.0;0.0;;;;;;AN;mineral;N;;52.2;52.2;0.0;0.0;;;;;;;;;;;;
2026;173;beauce_5_sa_081;organique_beauce_5;BTH;;RECOLTE;;0.0;0.0;4.85;;;;;;;;;;;;;0.0;4.29;3.0;;;;;;;;;
2026;278;beauce_5_sa_081;organique_beauce_5;BTH;;SEMIS;semis;0.0;1.4;;;;;;;;;;;;;;;;;;;;;;;;;
2026;240;beauce_5_sa_081;organique_beauce_5;BTH;;TRAVAIL_SOL;travail_sol_1;0.0;12.1;;;;;;;;;;;;;;;;;;;;;;;;;
2026;228;beauce_5_sa_082;organique_beauce_5;BTH;;RECOLTE;;0.0;0.0;4.58;;;;;;;;;;;;;0.0;4.06;3.0;;;;;;;;;
2026;317;beauce_5_sa_082;organique_beauce_5;BTH;;SEMIS;semis;0.0;2.1;;;;;;;;;;;;;;;;;;;;;;;;;
2026;310;beauce_5_sa_082;organique_beauce_5;BTH;;TRAVAIL_SOL;travail_sol_1;0.0;16.8;;;;;;;;;;;;;;;;;;;;;;;;;
2026;226;beauce_5_sa_083;organique_beauce_5;BTH;;RECOLTE;;0.0;0.0;8.8;;;;;;;;;;;;;0.0;7.79;3.0;;;;;;;;;
2026;309;beauce_5_sa_083;organique_beauce_5;BTH;;SEMIS;semis;0.0;2.5;;;;;;;;;;;;;;;;;;;;;;;;;
2026;60;beauce_5_sa_083;organique_beauce_5;BTH;;FERTI;;0.0;0.0;;;;;;AN;mineral;N;;58.6;58.6;0.0;0.0;;;;;;;;;;;;
2026;102;beauce_5_sa_083;organique_beauce_5;BTH;;FERTI;;0.0;0.0;;;;;;AN;mineral;N;;1.2;1.2;0.0;0.0;;;;;;;;;;;;
2026;146;beauce_5_sa_083;organique_beauce_5;BTH;;FERTI;;0.0;0.0;;;;;;AN;mineral;N;;32.4;32.4;0.0;0.0;;;;;;;;;;;;
2026;225;beauce_5_sa_084;organique_beauce_5;BTH;;RECOLTE;;0.0;0.0;5.06;;;;;;;;;;;;;0.0;4.47;3.0;;;;;;;;;
2026;264;beauce_5_sa_084;organique_beauce_5;BTH;;SEMIS;semis;0.0;2.3;;;;;;;;;;;;;;;;;;;;;;;;;
2026;257;beauce_5_sa_084;organique_beauce_5;BTH;;TRAVAIL_SOL;travail_sol_1;0.0;8.3;;;;;;;;;;;;;;;;;;;;;;;;;
2026;186;beauce_5_sa_085;organique_beauce_5;BTH;;RECOLTE;;0.0;0.0;8.99;;;;;;;;;;;;;0.0;7.96;3.0;;;;;;;;;
2026;315;beauce_5_sa_085;organique_beauce_5;BTH;;SEMIS;semis;0.0;2.5;;;;;;;;;;;;;;;;;;;;;;;;;
2026;144;beauce_5_sa_085;organique_beauce_5;BTH;;FERTI;;0.0;0.0;;;;;;AN;mineral;N;;71.9;71.9;0.0;0.0;;;;;;;;;;;;
2026;145;beauce_5_sa_085;organique_beauce_5;BTH;;FERTI;;0.0;0.0;;;;;;AN;mineral;N;;76.4;76.4;0.0;0.0;;;;;;;;;;;;
2026;305;beauce_5_sa_085;organique_beauce_5;BTH;;TRAVAIL_SOL;travail_sol_1;0.0;14.4;;;;;;;;;;;;;;;;;;;;;;;;;
2026;215;beauce_5_sa_086;organique_beauce_5;BTH;;RECOLTE;;0.0;0.0;5.72;;;;;;;;;;;;;0.0;5.06;3.0;;;;;;;;;
2026;259;beauce_5_sa_086;organique_beauce_5;BTH;;SEMIS;semis;0.0;1.5;;;;;;;;;;;;;;;;;;;;;;;;;
2026;92;beauce_5_sa_086;organique_beauce_5;BTH;;FERTI;;0.0;0.0;;;;;;AN;mineral;N;;1.0;1.0;0.0;0.0;;;;;;;;;;;;
2026;187;beauce_5_sa_087;organique_beauce_5;BTH;;RECOLTE;;0.0;0.0;8.8;;;;;;;;;;;;;0.0;7.79;3.0;;;;;;;;;
2026;303;beauce_5_sa_087;organique_beauce_5;BTH;;SEMIS;semis;0.0;3.0;;;;;;;;;;;;;;;;;;;;;;;;;
2026;74;beauce_5_sa_087;organique_beauce_5;BTH;;FERTI;;0.0;0.0;;;;;;AN;mineral;N;;3.4;3.4;0.0;0.0;;;;;;;;;;;;
2026;75;beauce_5_sa_087;organique_beauce_5;BTH;;FERTI;;0.0;0.0;;;;;;AN;mineral;N;;62.3;62.3;0.0;0.0;;;;;;;;;;;;
2026;102;beauce_5_sa_087;organique_beauce_5;BTH;;FERTI;;0.0;0.0;;;;;;AN;mineral;N;;81.6;81.6;0.0;0.0;;;;;;;;;;;;
2026;225;beauce_5_sa_088;organique_beauce_5;BTH;;RECOLTE;;0.0;0.0;5.61;;;;;;;;;;;;;0.0;4.96;3.0;;;;;;;;;
2026;270;beauce_5_sa_088;organique_beauce_5;BTH;;SEMIS;semis;0.0;2.1;;;;;;;;;;;;;;;;;;;;;;;;;
2026;125;beauce_5_sa_088;organique_beauce_5;BTH;;FERTI;;0.0;0.0;;;;;;AN;mineral;N;;1.3;1.3;0.0;0.0;;;;;;;;;;;;
2026;126;beauce_5_sa_088;organique_beauce_5;BTH;;FERTI;;0.0;0.0;;;;;;AN;mineral;N;;9.7;9.7;0.0;0.0;;;;;;;;;;;;
2026;233;beauce_5_sa_088;organique_beauce_5;BTH;;TRAVAIL_SOL;travail_sol_1;0.0;9.5;;;;;;;;;;;;;;;;;;;;;;;;;
2026;240;beauce_5_sa_088;organique_beauce_5;BTH;;TRAVAIL_SOL;une_reprise;0.0;11.7;;;;;;;;;;;;;;;;;;;;;;;;;
2026;226;beauce_5_sa_089;organique_beauce_5;BTH;;RECOLTE;;0.0;0.0;4.8;;;;;;;;;;;;;0.0;4.25;3.0;;;;;;;;;
2026;316;beauce_5_sa_089;organique_beauce_5;BTH;;SEMIS;semis;0.0;3.2;;;;;;;;;;;;;;;;;;;;;;;;;
2026;297;beauce_5_sa_089;organique_beauce_5;BTH;;TRAVAIL_SOL;travail_sol_1;0.0;10.8;;;;;;;;;;;;;;;;;;;;;;;;;
2026;215;beauce_5_sa_090;organique_beauce_5;BTH;;RECOLTE;;0.0;0.0;9.0;;;;;;;;;;;;;0.0;7.96;3.0;;;;;;;;;
2026;282;beauce_5_sa_090;organique_beauce_5;BTH;;SEMIS;semis;0.0;3.2;;;;;;;;;;;;;;;;;;;;;;;;;
2026;151;beauce_5_sa_090;organique_beauce_5;BTH;;FERTI;;0.0;0.0;;;;;;AN;mineral;N;;3.0;3.0;0.0;0.0;;;;;;;;;;;;
2026;152;beauce_5_sa_090;organique_beauce_5;BTH;;FERTI;;0.0;0.0;;;;;;AN;mineral;N;;90.8;90.8;0.0;0.0;;;;;;;;;;;;
2026;153;beauce_5_sa_090;organique_beauce_5;BTH;;FERTI;;0.0;0.0;;;;;;AN;mineral;N;;54.1;54.1;0.0;0.0;;;;;;;;;;;;
2026;230;beauce_5_sa_091;organique_beauce_5;BTH;;RECOLTE;;0.0;0.0;5.22;;;;;;;;;;;;;0.0;4.62;3.0;;;;;;;;;
2026;318;beauce_5_sa_091;organique_beauce_5;BTH;;SEMIS;semis;0.0;2.4;;;;;;;;;;;;;;;;;;;;;;;;;
2026;166;beauce_5_sa_091;organique_beauce_5;BTH;;FERTI;;0.0;0.0;;;;;;AN;mineral;N;;4.7;4.7;0.0;0.0;;;;;;;;;;;;
2026;274;beauce_5_sa_091;organique_beauce_5;BTH;;TRAVAIL_SOL;travail_sol_1;0.0;4.7;;;;;;;;;;;;;;;;;;;;;;;;;
2026;230;beauce_5_sa_092;organique_beauce_5;BTH;;RECOLTE;;0.0;0.0;6.3;;;;;;;;;;;;;0.0;5.57;3.0;;;;;;;;;
2026;261;beauce_5_sa_092;organique_beauce_5;BTH;;SEMIS;semis;0.0;3.3;;;;;;;;;;;;;;;;;;;;;;;;;
2026;61;beauce_5_sa_092;organique_beauce_5;BTH;;FERTI;;0.0;0.0;;;;;;AN;mineral;N;;22.2;22.2;0.0;0.0;;;;;;;;;;;;
2026;239;beauce_5_sa_092;organique_beauce_5;BTH;;TRAVAIL_SOL;travail_sol_1;0.0;16.1;;;;;;;;;;;;;;;;;;;;;;;;;
2026;246;beauce_5_sa_092;organique_beauce_5;BTH;;TRAVAIL_SOL;une_reprise;0.0;23.6;;;;;;;;;;;;;;;;;;;;;;;;;
2026;170;beauce_5_sa_093;organique_beauce_5;BTH;;RECOLTE;;0.0;0.0;4.65;;;;;;;;;;;;;0.0;4.11;3.0;;;;;;;;;
2026;314;beauce_5_sa_093;organique_beauce_5;BTH;;SEMIS;semis;0.0;3.5;;;;;;;;;;;;;;;;;;;;;;;;;
2026;330;beauce_5_sa_093;organique_beauce_5;BTH;;FERTI;;0.0;0.0;;;;;;AN;mineral;N;;3.3;3.3;0.0;0.0;;;;;;;;;;;;
2026;284;beauce_5_sa_093;organique_beauce_5;BTH;;TRAVAIL_SOL;travail_sol_1;0.0;19.7;;;;;;;;;;;;;;;;;;;;;;;;;
2026;291;beauce_5_sa_093;organique_beauce_5;BTH;;TRAVAIL_SOL;une_reprise;0.0;7.0;;;;;;;;;;;;;;;;;;;;;;;;;
2026;170;beauce_5_sa_094;organique_beauce_5;BTH;;RECOLTE;;0.0;0.0;8.95;;;;;;;;;;;;;0.0;7.92;3.0;;;;;;;;;
2026;275;beauce_5_sa_094;organique_beauce_5;BTH;;SEMIS;semis;0.0;2.9;;;;;;;;;;;;;;;;;;;;;;;;;
2026;42;beauce_5_sa_094;organique_beauce_5;BTH;;FERTI;;0.0;0.0;;;;;;AN;mineral;N;;1.7;1.7;0.0;0.0;;;;;;;;;;;;
2026;115;beauce_5_sa_094;organique_beauce_5;BTH;;FERTI;;0.0;0.0;;;;;;AN;mineral;N;;79.3;79.3;0.0;0.0;;;;;;;;;;;;
2026;230;beauce_5_sa_095;organique_beauce_5;BTH;;RECOLTE;;0.0;0.0;7.77;;;;;;;;;;;;;0.0;6.87;3.0;;;;;;;;;
2026;280;beauce_5_sa_095;organique_beauce_5;BTH;;SEMIS;semis;0.0;3.7;;;;;;;;;;;;;;;;;;;;;;;;;
2026;150;beauce_5_sa_095;organique_beauce_5;BTH;;FERTI;;0.0;0.0;;;;;;AN;mineral;N;;56.1;56.1;0.0;0.0;;;;;;;;;;;;
2026;227;beauce_5_sa_096;organique_beauce_5;BTH;;RECOLTE;;0.0;0.0;4.74;;;;;;;;;;;;;0.0;4.19;3.0;;;;;;;;;
2026;293;beauce_5_sa_096;organique_beauce_5;BTH;;SEMIS;semis;0.0;2.1;;;;;;;;;;;;;;;;;;;;;;;;;
2026;277;beauce_5_sa_096;organique_beauce_5;BTH;;TRAVAIL_SOL;travail_sol_1;0.0;24.9;;;;;;;;;;;;;;;;;;;;;;;;;
2026;230;beauce_5_sa_097;organique_beauce_5;BTH;;RECOLTE;;0.0;0.0;6.71;;;;;;;;;;;;;0.0;5.93;3.0;;;;;;;;;
2026;316;beauce_5_sa_097;organique_beauce_5;BTH;;SEMIS;semis;0.0;1.0;;;;;;;;;;;;;;;;;;;;;;;;;
2026;58;beauce_5_sa_097;organique_beauce_5;BTH;;FERTI;;0.0;0.0;;;;;;AN;mineral;N;;25.4;25.4;0.0;0.0;;;;;;;;;;;;
2026;335;beauce_5_sa_097;organique_beauce_5;BTH;;FERTI;;0.0;0.0;;;;;;AN;mineral;N;;6.6;6.6;0.0;0.0;;;;;;;;;;;;
2026;302;beauce_5_sa_097;organique_beauce_5;BTH;;TRAVAIL_SOL;travail_sol_1;0.0;19.4;;;;;;;;;;;;;;;;;;;;;;;;;
2026;202;beauce_5_sa_098;organique_beauce_5;BTH;;RECOLTE;;0.0;0.0;5.55;;;;;;;;;;;;;0.0;4.91;3.0;;;;;;;;;
2026;283;beauce_5_sa_098;organique_beauce_5;BTH;;SEMIS;semis;0.0;2.3;;;;;;;;;;;;;;;;;;;;;;;;;
2026;123;beauce_5_sa_098;organique_beauce_5;BTH;;FERTI;;0.0;0.0;;;;;;AN;mineral;N;;3.9;3.9;0.0;0.0;;;;;;;;;;;;
2026;146;beauce_5_sa_098;organique_beauce_5;BTH;;FERTI;;0.0;0.0;;;;;;AN;mineral;N;;5.2;5.2;0.0;0.0;;;;;;;;;;;;
2026;248;beauce_5_sa_098;organique_beauce_5;BTH;;TRAVAIL_SOL;travail_sol_1;0.0;8.2;;;;;;;;;;;;;;;;;;;;;;;;;
2026;186;beauce_5_sa_099;organique_beauce_5;BTH;;RECOLTE;;0.0;0.0;5.31;;;;;;;;;;;;;0.0;4.7;3.0;;;;;;;;;
2026;284;beauce_5_sa_099;organique_beauce_5;BTH;;SEMIS;semis;0.0;1.7;;;;;;;;;;;;;;;;;;;;;;;;;
2026;25;beauce_5_sa_099;organique_beauce_5;BTH;;FERTI;;0.0;0.0;;;;;;AN;mineral;N;;1.6;1.6;0.0;0.0;;;;;;;;;;;;
2026;265;beauce_5_sa_099;organique_beauce_5;BTH;;TRAVAIL_SOL;travail_sol_1;0.0;5.9;;;;;;;;;;;;;;;;;;;;;;;;;
2027;228;beauce_5_sa_000;organique_beauce_5;BTH;;RECOLTE;;0.0;0.0;7.07;;;;;;;;;;;;;0.0;6.26;3.0;;;;;;;;;
2027;314;beauce_5_sa_000;organique_beauce_5;BTH;;SEMIS;semis;0.0;3.9;;;;;;;;;;;;;;;;;;;;;;;;;
2027;85;beauce_5_sa_000;organique_beauce_5;BTH;;FERTI;;0.0;0.0;;;;;;AN;mineral;N;;36.2;36.2;0.0;0.0;;;;;;;;;;;;
2027;215;beauce_5_sa_001;organique_beauce_5;BTH;;RECOLTE;;0.0;0.0;4.55;;;;;;;;;;;;;0.0;4.02;3.0;;;;;;;;;
2027;265;beauce_5_sa_001;organique_beauce_5;BTH;;SEMIS;semis;0.0;3.9;;;;;;;;;;;;;;;;;;;;;;;;;
2027;255;beauce_5_sa_001;organique_beauce_5;BTH;;TRAVAIL_SOL;travail_sol_1;0.0;22.9;;;;;;;;;;;;;;;;;;;;;;;;;
2027;178;beauce_5_sa_002;organique_beauce_5;BTH;;RECOLTE;;0.0;0.0;7.78;;;;;;;;;;;;;0.0;6.88;3.0;;;;;;;;;
2027;311;beauce_5_sa_002;organique_beauce_5;BTH;;SEMIS;semis;0.0;1.7;;;;;;;;;;;;;;;;;;;;;;;;;
2027;120;beauce_5_sa_002;organique_beauce_5;BTH;;FERTI;;0.0;0.0;;;;;;AN;mineral;N;;40.7;40.7;0.0;0.0;;;;;;;;;;;;
2027;121;beauce_5_sa_002;organique_beauce_5;BTH;;FERTI;;0.0;0.0;;;;;;AN;mineral;N;;31.4;31.4;0.0;0.0;;;;;;;;;;;;
2027;345;beauce_5_sa_002;organique_beauce_5;BTH;;FERTI;;0.0;0.0;;;;;;AN;mineral;N;;6.9;6.9;0.0;0.0;;;;;;;;;;;;
2027;195;beauce_5_sa_003;organique_beauce_5;BTH;;RECOLTE;;0.0;0.0;6.45;;;;;;;;;;;;;0.0;5.71;3.0;;;;;;;;;
2027;302;beauce_5_sa_003;organique_beauce_5;BTH;;SEMIS;semis;0.0;3.6;;;;;;;;;;;;;;;;;;;;;;;;;
2027;117;beauce_5_sa_003;organique_beauce_5;BTH;;FERTI;;0.0;0.0;;;;;;AN;mineral;N;;23.8;23.8;0.0;0.0;;;;;;;;;;;;
2027;133;beauce_5_sa_003;organique_beauce_5;BTH;;FERTI;;0.0;0.0;;;;;;AN;mineral;N;;1.3;1.3;0.0;0.0;;;;;;;;;;;;
2027;134;beauce_5_sa_003;organique_beauce_5;BTH;;FERTI;;0.0;0.0;;;;;;AN;mineral;N;;4.6;4.6;0.0;0.0;;;;;;;;;;;;
2027;259;beauce_5_sa_003;organique_beauce_5;BTH;;TRAVAIL_SOL;travail_sol_1;0.0;19.5;;;;;;;;;;;;;;;;;;;;;;;;;
2027;226;beauce_5_sa_004;organique_beauce_5;BTH;;RECOLTE;;0.0;0.0;4.7;;;;;;;;;;;;;0.0;4.16;3.0;;;;;;;;;
2027;306;beauce_5_sa_004;organique_beauce_5;BTH;;SEMIS;semis;0.0;3.6;;;;;;;;;;;;;;;;;;;;;;;;;
2027;228;beauce_5_sa_005;organique_beauce_5;BTH;;RECOLTE;;0.0;0.0;4.81;;;;;;;;;;;;;0.0;4.25;3.0;;;;;;;;;
2027;276;beauce_5_sa_005;organique_beauce_5;BTH;;SEMIS;semis;0.0;1.2;;;;;;;;;;;;;;;;;;;;;;;;;
2027;207;beauce_5_sa_006;organique_beauce_5;BTH;;RECOLTE;;0.0;0.0;8.39;;;;;;;;;;;;;0.0;7.42;3.0;;;;;;;;;
2027;316;beauce_5_sa_006;organique_beauce_5;BTH;;SEMIS;semis;0.0;1.5;;;;;;;;;;;;;;;;;;;;;;;;;
2027;142;beauce_5_sa_006;organique_beauce_5;BTH;;FERTI;;0.0;0.0;;;;;;AN;mineral;N;;1.4;1.4;0.0;0.0;;;;;;;;;;;;
2027;143;beauce_5_sa_006;organique_beauce_5;BTH;;FERTI;;0.0;0.0;;;;;;AN;mineral;N;;75.7;75.7;0.0;0.0;;;;;;;;;;;;
2027;353;beauce_5_sa_006;organique_beauce_5;BTH;;FERTI;;0.0;0.0;;;;;;AN;mineral;N;;2.2;2.2;0.0;0.0;;;;;;;;;;;;
2027;280;beauce_5_sa_006;organique_beauce_5;BTH;;TRAVAIL_SOL;travail_sol_1;0.0;6.4;;;;;;;;;;;;;;;;;;;;;;;;;
2027;189;beauce_5_sa_007;organique_beauce_5;BTH;;RECOLTE;;0.0;0.0;4.56;;;;;;;;;;;;;0.0;4.03;3.0;;;;;;;;;
2027;300;beauce_5_sa_007;organique_beauce_5;BTH;;SEMIS;semis;0.0;3.6;;;;;;;;;;;;;;;;;;;;;;;;;
2027;270;beauce_5_sa_007;organique_beauce_5;BTH;;TRAVAIL_SOL;travail_sol_1;0.0;14.6;;;;;;;;;;;;;;;;;;;;;;;;;
2027;277;beauce_5_sa_007;organique_beauce_5;BTH;;TRAVAIL_SOL;une_reprise;0.0;17.3;;;;;;;;;;;;;;;;;;;;;;;;;
2027;172;beauce_5_sa_008;organique_beauce_5;BTH;;RECOLTE;;0.0;0.0;8.28;;;;;;;;;;;;;0.0;7.33;3.0;;;;;;;;;
2027;273;beauce_5_sa_008;organique_beauce_5;BTH;;SEMIS;semis;0.0;1.2;;;;;;;;;;;;;;;;;;;;;;;;;
2027;153;beauce_5_sa_008;organique_beauce_5;BTH;;FERTI;;0.0;0.0;;;;;;AN;mineral;N;;14.4;14.4;0.0;0.0;;;;;;;;;;;;
2027;154;beauce_5_sa_008;organique_beauce_5;BTH;;FERTI;;0.0;0.0;;;;;;AN;mineral;N;;63.1;63.1;0.0;0.0;;;;;;;;;;;;
2027;349;beauce_5_sa_008;organique_beauce_5;BTH;;FERTI;;0.0;0.0;;;;;;AN;mineral;N;;4.2;4.2;0.0;0.0;;;;;;;;;;;;
2027;210;beauce_5_sa_009;organique_beauce_5;BTH;;RECOLTE;;0.0;0.0;5.52;;;;;;;;;;;;;0.0;4.89;3.0;;;;;;;;;
2027;309;beauce_5_sa_009;organique_beauce_5;BTH;;SEMIS;semis;0.0;3.8;;;;;;;;;;;;;;;;;;;;;;;;;
2027;166;beauce_5_sa_009;organique_beauce_5;BTH;;FERTI;;0.0;0.0;;;;;;AN;mineral;N;;2.6;2.6;0.0;0.0;;;;;;;;;;;;
2027;167;beauce_5_sa_009;organique_beauce_5;BTH;;FERTI;;0.0;0.0;;;;;;AN;mineral;N;;7.5;7.5;0.0;0.0;;;;;;;;;;;;
2027;294;beauce_5_sa_009;organique_beauce_5;BTH;;TRAVAIL_SOL;travail_sol_1;0.0;6.6;;;;;;;;;;;;;;;;;;;;;;;;;
2027;222;beauce_5_sa_010;organique_beauce_5;BTH;;RECOLTE;;0.0;0.0;5.97;;;;;;;;;;;;;0.0;5.28;3.0;;;;;;;;;
2027;265;beauce_5_sa_010;organique_beauce_5;BTH;;SEMIS;semis;0.0;1.8;;;;;;;;;;;;;;;;;;;;;;;;;
2027;1;beauce_5_sa_010;organique_beauce_5;BTH;;FERTI;;0.0;0.0;;;;;;AN;mineral;N;;21.4;21.4;0.0;0.0;;;;;;;;;;;;
2027;251;beauce_5_sa_010;organique_beauce_5;BTH;;TRAVAIL_SOL;travail_sol_1;0.0;21.3;;;;;;;;;;;;;;;;;;;;;;;;;
2027;206;beauce_5_sa_011;organique_beauce_5;BTH;;RECOLTE;;0.0;0.0;4.88;;;;;;;;;;;;;0.0;4.32;3.0;;;;;;;;;
2027;276;beauce_5_sa_011;organique_beauce_5;BTH;;SEMIS;semis;0.0;3.0;;;;;;;;;;;;;;;;;;;;;;;;;
2027;2;beauce_5_sa_011;organique_beauce_5;BTH;;FERTI;;0.0;0.0;;;;;;AN;mineral;N;;3.3;3.3;0.0;0.0;;;;;;;;;;;;
2027;196;beauce_5_sa_012;organique_beauce_5;BTH;;RECOLTE;;0.0;0.0;8.24;;;;;;;;;;;;;0.0;7.29;3.0;;;;;;;;;
2027;264;beauce_5_sa_012;organique_beauce_5;BTH;;SEMIS;semis;0.0;3.9;;;;;;;;;;;;;;;;;;;;;;;;;
2027;152;beauce_5_sa_012;organique_beauce_5;BTH;;FERTI;;0.0;0.0;;;;;;AN;mineral;N;;74.3;74.3;0.0;0.0;;;;;;;;;;;;
2027;153;beauce_5_sa_012;organique_beauce_5;BTH;;FERTI;;0.0;0.0;;;;;;AN;mineral;N;;3.6;3.6;0.0;0.0;;;;;;;;;;;;
2027;180;beauce_5_sa_013;organique_beauce_5;BTH;;RECOLTE;;0.0;0.0;8.78;;;;;;;;;;;;;0.0;7.77;3.0;;;;;;;;;
2027;289;beauce_5_sa_013;organique_beauce_5;BTH;;SEMIS;semis;0.0;1.4;;;;;;;;;;;;;;;;;;;;;;;;;
2027;75;beauce_5_sa_013;organique_beauce_5;BTH;;FERTI;;0.0;0.0;;;;;;AN;mineral;N;;44.4;44.4;0.0;0.0;;;;;;;;;;;;
2027;76;beauce_5_sa_013;organique_beauce_5;BTH;;FERTI;;0.0;0.0;;;;;;AN;mineral;N;;46.8;46.8;0.0;0.0;;;;;;;;;;;;
2027;94;beauce_5_sa_013;organique_beauce_5;BTH;;FERTI;;0.0;0.0;;;;;;AN;mineral;N;;14.8;14.8;0.0;0.0;;;;;;;;;;;;
2027;275;beauce_5_sa_013;organique_beauce_5;BTH;;TRAVAIL_SOL;travail_sol_1;0.0;4.6;;;;;;;;;;;;;;;;;;;;;;;;;
2027;282;beauce_5_sa_013;organique_beauce_5;BTH;;TRAVAIL_SOL;une_reprise;0.0;16.0;;;;;;;;;;;;;;;;;;;;;;;;;
2027;223;beauce_5_sa_014;organique_beauce_5;BTH;;RECOLTE;;0.0;0.0;6.75;;;;;;;;;;;;;0.0;5.97;3.0;;;;;;;;;
2027;277;beauce_5_sa_014;organique_beauce_5;BTH;;SEMIS;semis;0.0;1.6;;;;;;;;;;;;;;;;;;;;;;;;;
2027;141;beauce_5_sa_014;organique_beauce_5;BTH;;FERTI;;0.0;0.0;;;;;;AN;mineral;N;;34.7;34.7;0.0;0.0;;;;;;;;;;;;
2027;269;beauce_5_sa_014;organique_beauce_5;BTH;;TRAVAIL_SOL;travail_sol_1;0.0;9.9;;;;;;;;;;;;;;;;;;;;;;;;;
2027;227;beauce_5_sa_015;organique_beauce_5;BTH;;RECOLTE;;0.0;0.0;7.42;;;;;;;;;;;;;0.0;6.57;3.0;;;;;;;;;
2027;266;beauce_5_sa_015;organique_beauce_5;BTH;;SEMIS;semis;0.0;3.6;;;;;;;;;;;;;;;;;;;;;;;;;
2027;97;beauce_5_sa_015;organique_beauce_5;BTH;;FERTI;;0.0;0.0;;;;;;AN;mineral;N;;22.5;22.5;0.0;0.0;;;;;;;;;;;;
2027;98;beauce_5_sa_015;organique_beauce_5;BTH;;FERTI;;0.0;0.0;;;;;;AN;mineral;N;;3.4;3.4;0.0;0.0;;;;;;;;;;;;
2027;161;beauce_5_sa_015;organique_beauce_5;BTH;;FERTI;;0.0;0.0;;;;;;AN;mineral;N;;27.1;27.1;0.0;0.0;;;;;;;;;;;;
2027;236;beauce_5_sa_015;organique_beauce_5;BTH;;TRAVAIL_SOL;travail_sol_1;0.0;13.4;;;;;;;;;;;;;;;;;;;;;;;;;
2027;243;beauce_5_sa_015;organique_beauce_5;BTH;;TRAVAIL_SOL;une_reprise;0.0;17.8;;;;;;;;;;;;;;;;;;;;;;;;;
2027;179;beauce_5_sa_016;organique_beauce_5;BTH;;RECOLTE;;0.0;0.0;5.58;;;;;;;;;;;;;0.0;4.93;3.0;;;;;;;;;
2027;261;beauce_5_sa_016;organique_beauce_5;BTH;;SEMIS;semis;0.0;2.8;;;;;;;;;;;;;;;;;;;;;;;;;
2027;131;beauce_5_sa_016;organique_beauce_5;BTH;;FERTI;;0.0;0.0;;;;;;AN;mineral;N;;5.1;5.1;0.0;0.0;;;;;;;;;;;;
2027;132;beauce_5_sa_016;organique_beauce_5;BTH;;FERTI;;0.0;0.0;;;;;;AN;mineral;N;;13.9;13.9;0.0;0.0;;;;;;;;;;;;
2027;225;beauce_5_sa_016;organique_beauce_5;BTH;;TRAVAIL_SOL;travail_sol_1;0.0;15.3;;;;;;;;;;;;;;;;;;;;;;;;;
2027;232;beauce_5_sa_016;organique_beauce_5;BTH;;TRAVAIL_SOL;une_reprise;0.0;20.0;;;;;;;;;;;;;;;;;;;;;;;;;
2027;202;beauce_5_sa_017;organique_beauce_5;BTH;;RECOLTE;;0.0;0.0;4.99;;;;;;;;;;;;;0.0;4.41;3.0;;;;;;;;;
2027;293;beauce_5_sa_017;organique_beauce_5;BTH;;SEMIS;semis;0.0;3.8;;;;;;;;;;;;;;;;;;;;;;;;;
2027;9;beauce_5_sa_017;organique_beauce_5;BTH;;FERTI;;0.0;0.0;;;;;;AN;mineral;N;;1.9;1.9;0.0;0.0;;;;;;;;;;;;
2027;267;beauce_5_sa_017;organique_beauce_5;BTH;;TRAVAIL_SOL;travail_sol_1;0.0;21.1;;;;;;;;;;;;;;;;;;;;;;;;;
2027;190;beauce_5_sa_018;organique_beauce_5;BTH;;RECOLTE;;0.0;0.0;4.55;;;;;;;;;;;;;0.0;4.02;3.0;;;;;;;;;
2027;259;beauce_5_sa_018;organique_beauce_5;BTH;;SEMIS;semis;0.0;1.5;;;;;;;;;;;;;;;;;;;;;;;;;
2027;245;beauce_5_sa_018;organique_beauce_5;BTH;;TRAVAIL_SOL;travail_sol_1;0.0;21.3;;;;;;;;;;;;;;;;;;;;;;;;;
2027;252;beauce_5_sa_018;organique_beauce_5;BTH;;TRAVAIL_SOL;une_reprise;0.0;8.5;;;;;;;;;;;;;;;;;;;;;;;;;
2027;177;beauce_5_sa_019;organique_beauce_5;BTH;;RECOLTE;;0.0;0.0;4.68;;;;;;;;;;;;;0.0;4.14;3.0;;;;;;;;;
2027;258;beauce_5_sa_019;organique_beauce_5;BTH;;SEMIS;semis;0.0;2.9;;;;;;;;;;;;;;;;;;;;;;;;;
2027;219;beauce_5_sa_019;organique_beauce_5;BTH;;TRAVAIL_SOL;travail_sol_1;0.0;5.9;;;;;;;;;;;;;;;;;;;;;;;;;
2027;211;beauce_5_sa_020;organique_beauce_5;BTH;;RECOLTE;;0.0;0.0;5.89;;;;;;;;;;;;;0.0;5.22;3.0;;;;;;;;;
2027;308;beauce_5_sa_020;organique_beauce_5;BTH;;SEMIS;semis;0.0;1.4;;;;;;;;;;;;;;;;;;;;;;;;;
2027;47;beauce_5_sa_020;organique_beauce_5;BTH;;FERTI;;0.0;0.0;;;;;;AN;mineral;N;;14.0;14.0;0.0;0.0;;;;;;;;;;;;
2027;76;beauce_5_sa_020;organique_beauce_5;BTH;;FERTI;;0.0;0.0;;;;;;AN;mineral;N;;1.4;1.4;0.0;0.0;;;;;;;;;;;;
2027;290;beauce_5_sa_020;organique_beauce_5;BTH;;TRAVAIL_SOL;travail_sol_1;0.0;7.3;;;;;;;;;;;;;;;;;;;;;;;;;
2027;297;beauce_5_sa_020;organique_beauce_5;BTH;;TRAVAIL_SOL;une_reprise;0.0;15.9;;;;;;;;;;;;;;;;;;;;;;;;;
2027;215;beauce_5_sa_021;organique_beauce_5;BTH;;RECOLTE;;0.0;0.0;5.0;;;;;;;;;;;;;0.0;4.43;3.0;;;;;;;;;
2027;286;beauce_5_sa_021;organique_beauce_5;BTH;;SEMIS;semis;0.0;2.4;;;;;;;;;;;;;;;;;;;;;;;;;
2027;342;beauce_5_sa_021;organique_beauce_5;BTH;;FERTI;;0.0;0.0;;;;;;AN;mineral;N;;2.6;2.6;0.0;0.0;;;;;;;;;;;;
2027;269;beauce_5_sa_021;organique_beauce_5;BTH;;TRAVAIL_SOL;travail_sol_1;0.0;23.0;;;;;;;;;;;;;;;;;;;;;;;;;
2027;218;beauce_5_sa_022;organique_beauce_5;BTH;;RECOLTE;;0.0;0.0;6.9;;;;;;;;;;;;;0.0;6.11;3.0;;;;;;;;;
2027;307;beauce_5_sa_022;organique_beauce_5;BTH;;SEMIS;semis;0.0;3.0;;;;;;;;;;;;;;;;;;;;;;;;;
2027;61;beauce_5_sa_022;organique_beauce_5;BTH;;FERTI;;0.0;0.0;;;;;;AN;mineral;N;;1.8;1.8;0.0;0.0;;;;;;;;;;;;
2027;89;beauce_5_sa_022;organique_beauce_5;BTH;;FERTI;;0.0;0.0;;;;;;AN;mineral;N;;35.9;35.9;0.0;0.0;;;;;;;;;;;;
2027;284;beauce_5_sa_022;organique_beauce_5;BTH;;TRAVAIL_SOL;travail_sol_1;0.0;24.5;;;;;;;;;;;;;;;;;;;;;;;;;
2027;291;beauce_5_sa_022;organique_beauce_5;BTH;;TRAVAIL_SOL;une_reprise;0.0;24.0;;;;;;;;;;;;;;;;;;;;;;;;;
2027;220;beauce_5_sa_023;organique_beauce_5;BTH;;RECOLTE;;0.0;0.0;5.87;;;;;;;;;;;;;0.0;5.19;3.0;;;;;;;;;
2027;266;beauce_5_sa_023;organique_beauce_5;BTH;;SEMIS;semis;0.0;1.7;;;;;;;;;;;;;;;;;;;;;;;;;
2027;68;beauce_5_sa_023;organique_beauce_5;BTH;;FERTI;;0.0;0.0;;;;;;AN;mineral;N;;10.4;10.4;0.0;0.0;;;;;;;;;;;;
2027;96;beauce_5_sa_023;organique_beauce_5;BTH;;FERTI;;0.0;0.0;;;;;;AN;mineral;N;;1.3;1.3;0.0;0.0;;;;;;;;;;;;
2027;210;beauce_5_sa_024;organique_beauce_5;BTH;;RECOLTE;;0.0;0.0;8.38;;;;;;;;;;;;;0.0;7.42;3.0;;;;;;;;;
2027;286;beauce_5_sa_024;organique_beauce_5;BTH;;SEMIS;semis;0.0;3.5;;;;;;;;;;;;;;;;;;;;;;;;;
2027;14;beauce_5_sa_024;organique_beauce_5;BTH;;FERTI;;0.0;0.0;;;;;;AN;mineral;N;;36.6;36.6;0.0;0.0;;;;;;;;;;;;
2027;67;beauce_5_sa_024;organique_beauce_5;BTH;;FERTI;;0.0;0.0;;;;;;AN;mineral;N;;40.8;40.8;0.0;0.0;;;;;;;;;;;;
2027;256;beauce_5_sa_024;organique_beauce_5;BTH;;TRAVAIL_SOL;travail_sol_1;0.0;21.5;;;;;;;;;;;;;;;;;;;;;;;;;
2027;211;beauce_5_sa_025;organique_beauce_5;BTH;;RECOLTE;;0.0;0.0;5.4;;;;;;;;;;;;;0.0;4.77;3.0;;;;;;;;;
2027;300;beauce_5_sa_025;organique_beauce_5;BTH;;SEMIS;semis;0.0;1.7;;;;;;;;;;;;;;;;;;;;;;;;;
2027;330;beauce_5_sa_025;organique_beauce_5;BTH;;FERTI;;0.0;0.0;;;;;;AN;mineral;N;;3.7;3.7;0.0;0.0;;;;;;;;;;;;
2027;275;beauce_5_sa_025;organique_beauce_5;BTH;;TRAVAIL_SOL;travail_sol_1;0.0;2.5;;;;;;;;;;;;;;;;;;;;;;;;;
2027;187;beauce_5_sa_026;organique_beauce_5;BTH;;RECOLTE;;0.0;0.0;5.03;;;;;;;;;;;;;0.0;4.45;3.0;;;;;;;;;
2027;306;beauce_5_sa_026;organique_beauce_5;BTH;;SEMIS;semis;0.0;3.7;;;;;;;;;;;;;;;;;;;;;;;;;
2027;127;beauce_5_sa_026;organique_beauce_5;BTH;;FERTI;;0.0;0.0;;;;;;AN;mineral;N;;1.9;1.9;0.0;0.0;;;;;;;;;;;;
2027;333;beauce_5_sa_026;organique_beauce_5;BTH;;FERTI;;0.0;0.0;;;;;;AN;mineral;N;;8.3;8.3;0.0;0.0;;;;;;;;;;;;
2027;198;beauce_5_sa_027;organique_beauce_5;BTH;;RECOLTE;;0.0;0.0;5.83;;;;;;;;;;;;;0.0;5.16;3.0;;;;;;;;;
2027;307;beauce_5_sa_027;organique_beauce_5;BTH;;SEMIS;semis;0.0;3.2;;;;;;;;;;;;;;;;;;;;;;;;;
2027;5;beauce_5_sa_027;organique_beauce_5;BTH;;FERTI;;0.0;0.0;;;;;;AN;mineral;N;;4.5;4.5;0.0;0.0;;;;;;;;;;;;
2027;116;beauce_5_sa_027;organique_beauce_5;BTH;;FERTI;;0.0;0.0;;;;;;AN;mineral;N;;17.1;17.1;0.0;0.0;;;;;;;;;;;;
2027;201;beauce_5_sa_028;organique_beauce_5;BTH;;RECOLTE;;0.0;0.0;7.32;;;;;;;;;;;;;0.0;6.47;3.0;;;;;;;;;
2027;262;beauce_5_sa_028;organique_beauce_5;BTH;;SEMIS;semis;0.0;2.5;;;;;;;;;;;;;;;;;;;;;;;;;
2027;70;beauce_5_sa_028;organique_beauce_5;BTH;;FERTI;;0.0;0.0;;;;;;AN;mineral;N;;1.5;1.5;0.0;0.0;;;;;;;;;;;;
2027;104;beauce_5_sa_028;organique_beauce_5;BTH;;FERTI;;0.0;0.0;;;;;;AN;mineral;N;;56.2;56.2;0.0;0.0;;;;;;;;;;;;
2027;342;beauce_5_sa_028;organique_beauce_5;BTH;;FERTI;;0.0;0.0;;;;;;AN;mineral;N;;9.0;9.0;0.0;0.0;;;;;;;;;;;;
2027;231;beauce_5_sa_028;organique_beauce_5;BTH;;TRAVAIL_SOL;travail_sol_1;0.0;16.4;;;;;;;;;;;;;;;;;;;;;;;;;
2027;221;beauce_5_sa_029;organique_beauce_5;BTH;;RECOLTE;;0.0;0.0;8.9;;;;;;;;;;;;;0.0;7.87;3.0;;;;;;;;;
2027;285;beauce_5_sa_029;organique_beauce_5;BTH;;SEMIS;semis;0.0;1.3;;;;;;;;;;;;;;;;;;;;;;;;;
2027;120;beauce_5_sa_029;organique_beauce_5;BTH;;FERTI;;0.0;0.0;;;;;;AN;mineral;N;;12.6;12.6;0.0;0.0;;;;;;;;;;;;
2027;121;beauce_5_sa_029;organique_beauce_5;BTH;;FERTI;;0.0;0.0;;;;;;AN;mineral;N;;17.2;17.2;0.0;0.0;;;;;;;;;;;;
2027;131;beauce_5_sa_029;organique_beauce_5;BTH;;FERTI;;0.0;0.0;;;;;;AN;mineral;N;;64.8;64.8;0.0;0.0;;;;;;;;;;;;
2027;258;beauce_5_sa_029;organique_beauce_5;BTH;;TRAVAIL_SOL;travail_sol_1;0.0;10.9;;;;;;;;;;;;;;;;;;;;;;;;;
2027;199;beauce_5_sa_030;organique_beauce_5;BTH;;RECOLTE;;0.0;0.0;4.86;;;;;;;;;;;;;0.0;4.3;3.0;;;;;;;;;
2027;294;beauce_5_sa_030;organique_beauce_5;BTH;;SEMIS;semis;0.0;1.8;;;;;;;;;;;;;;;;;;;;;;;;;
2027;107;beauce_5_sa_030;organique_beauce_5;BTH;;FERTI;;0.0;0.0;;;;;;AN;mineral;N;;1.9;1.9;0.0;0.0;;;;;;;;;;;;
2027;257;beauce_5_sa_030;organique_beauce_5;BTH;;TRAVAIL_SOL;travail_sol_1;0.0;22.7;;;;;;;;;;;;;;;;;;;;;;;;;
2027;264;beauce_5_sa_030;organique_beauce_5;BTH;;TRAVAIL_SOL;une_reprise;0.0;24.6;;;;;;;;;;;;;;;;;;;;;;;;;
2027;209;beauce_5_sa_031;organique_beauce_5;BTH;;RECOLTE;;0.0;0.0;4.95;;;;;;;;;;;;;0.0;4.38;3.0;;;;;;;;;
2027;318;beauce_5_sa_031;organique_beauce_5;BTH;;SEMIS;semis;0.0;1.6;;;;;;;;;;;;;;;;;;;;;;;;;
2027;274;beauce_5_sa_031;organique_beauce_5;BTH;;TRAVAIL_SOL;travail_sol_1;0.0;11.8;;;;;;;;;;;;;;;;;;;;;;;;;
2027;281;beauce_5_sa_031;organique_beauce_5;BTH;;TRAVAIL_SOL;une_reprise;0.0;13.8;;;;;;;;;;;;;;;;;;;;;;;;;
2027;203;beauce_5_sa_032;organique_beauce_5;BTH;;RECOLTE;;0.0;0.0;4.56;;;;;;;;;;;;;0.0;4.04;3.0;;;;;;;;;
2027;271;beauce_5_sa_032;organique_beauce_5;BTH;;SEMIS;semis;0.0;2.4;;;;;;;;;;;;;;;;;;;;;;;;;
2027;245;beauce_5_sa_032;organique_beauce_5;BTH;;TRAVAIL_SOL;travail_sol_1;0.0;8.5;;;;;;;;;;;;;;;;;;;;;;;;;
2027;252;beauce_5_sa_032;organique_beauce_5;BTH;;TRAVAIL_SOL;une_reprise;0.0;11.2;;;;;;;;;;;;;;;;;;;;;;;;;
2027;212;beauce_5_sa_033;organique_beauce_5;BTH;;RECOLTE;;0.0;0.0;8.35;;;;;;;;;;;;;0.0;7.39;3.0;;;;;;;;;
2027;281;beauce_5_sa_033;organique_beauce_5;BTH;;SEMIS;semis;0.0;2.2;;;;;;;;;;;;;;;;;;;;;;;;;
2027;117;beauce_5_sa_033;organique_beauce_5;BTH;;FERTI;;0.0;0.0;;;;;;AN;mineral;N;;79.9;79.9;0.0;0.0;;;;;;;;;;;;
2027;118;beauce_5_sa_033;organique_beauce_5;BTH;;FERTI;;0.0;0.0;;;;;;AN;mineral;N;;2.4;2.4;0.0;0.0;;;;;;;;;;;;
2027;269;beauce_5_sa_033;organique_beauce_5;BTH;;TRAVAIL_SOL;travail_sol_1;0.0;11.5;;;;;;;;;;;;;;;;;;;;;;;;;
2027;276;beauce_5_sa_033;organique_beauce_5;BTH;;TRAVAIL_SOL;une_reprise;0.0;15.5;;;;;;;;;;;;;;;;;;;;;;;;;
2027;184;beauce_5_sa_034;organique_beauce_5;BTH;;RECOLTE;;0.0;0.0;6.17;;;;;;;;;;;;;0.0;5.45;3.0;;;;;;;;;
2027;316;beauce_5_sa_034;organique_beauce_5;BTH;;SEMIS;semis;0.0;3.6;;;;;;;;;;;;;;;;;;;;;;;;;
2027;64;beauce_5_sa_034;organique_beauce_5;BTH;;FERTI;;0.0;0.0;;;;;;AN;mineral;N;;12.1;12.1;0.0;0.0;;;;;;;;;;;;
2027;130;beauce_5_sa_034;organique_beauce_5;BTH;;FERTI;;0.0;0.0;;;;;;AN;mineral;N;;18.8;18.8;0.0;0.0;;;;;;;;;;;;
2027;298;beauce_5_sa_034;organique_beauce_5;BTH;;TRAVAIL_SOL;travail_sol_1;0.0;20.6;;;;;;;;;;;;;;;;;;;;;;;;;
2027;225;beauce_5_sa_035;organique_beauce_5;BTH;;RECOLTE;;0.0;0.0;5.53;;;;;;;;;;;;;0.0;4.89;3.0;;;;;;;;;
2027;311;beauce_5_sa_035;organique_beauce_5;BTH;;SEMIS;semis;0.0;2.5;;;;;;;;;;;;;;;;;;;;;;;;;
2027;80;beauce_5_sa_035;organique_beauce_5;BTH;;FERTI;;0.0;0.0;;;;;;AN;mineral;N;;2.4;2.4;0.0;0.0;;;;;;;;;;;;
2027;98;beauce_5_sa_035;organique_beauce_5;BTH;;FERTI;;0.0;0.0;;;;;;AN;mineral;N;;9.2;9.2;0.0;0.0;;;;;;;;;;;;
2027;278;beauce_5_sa_035;organique_beauce_5;BTH;;TRAVAIL_SOL;travail_sol_1;0.0;6.1;;;;;;;;;;;;;;;;;;;;;;;;;
2027;222;beauce_5_sa_036;organique_beauce_5;BTH;;RECOLTE;;0.0;0.0;8.96;;;;;;;;;;;;;0.0;7.93;3.0;;;;;;;;;
2027;304;beauce_5_sa_036;organique_beauce_5;BTH;;SEMIS;semis;0.0;3.5;;;;;;;;;;;;;;;;;;;;;;;;;
2027;131;beauce_5_sa_036;organique_beauce_5;BTH;;FERTI;;0.0;0.0;;;;;;AN;mineral;N;;90.6;90.6;0.0;0.0;;;;;;;;;;;;
2027;165;beauce_5_sa_036;organique_beauce_5;BTH;;FERTI;;0.0;0.0;;;;;;AN;mineral;N;;12.6;12.6;0.0;0.0;;;;;;;;;;;;
2027;166;beauce_5_sa_036;organique_beauce_5;BTH;;FERTI;;0.0;0.0;;;;;;AN;mineral;N;;3.2;3.2;0.0;0.0;;;;;;;;;;;;
2027;275;beauce_5_sa_036;organique_beauce_5;BTH;;TRAVAIL_SOL;travail_sol_1;0.0;19.3;;;;;;;;;;;;;;;;;;;;;;;;;
2027;172;beauce_5_sa_037;organique_beauce_5;BTH;;RECOLTE;;0.0;0.0;4.6;;;;;;;;;;;;;0.0;4.07;3.0;;;;;;;;;
2027;313;beauce_5_sa_037;organique_beauce_5;BTH;;SEMIS;semis;0.0;1.8;;;;;;;;;;;;;;;;;;;;;;;;;
2027;84;beauce_5_sa_037;organique_beauce_5;BTH;;FERTI;;0.0;0.0;;;;;;AN;mineral;N;;3.5;3.5;0.0;0.0;;;;;;;;;;;;
2027;170;beauce_5_sa_038;organique_beauce_5;BTH;;RECOLTE;;0.0;0.0;7.42;;;;;;;;;;;;;0.0;6.57;3.0;;;;;;;;;
2027;285;beauce_5_sa_038;organique_beauce_5;BTH;;SEMIS;semis;0.0;2.9;;;;;;;;;;;;;;;;;;;;;;;;;
2027;95;beauce_5_sa_038;organique_beauce_5;BTH;;FERTI;;0.0;0.0;;;;;;AN;mineral;N;;10.6;10.6;0.0;0.0;;;;;;;;;;;;
2027;151;beauce_5_sa_038;organique_beauce_5;BTH;;FERTI;;0.0;0.0;;;;;;AN;mineral;N;;44.4;44.4;0.0;0.0;;;;;;;;;;;;
2027;163;beauce_5_sa_038;organique_beauce_5;BTH;;FERTI;;0.0;0.0;;;;;;AN;mineral;N;;10.3;10.3;0.0;0.0;;;;;;;;;;;;
2027;175;beauce_5_sa_039;organique_beauce_5;BTH;;RECOLTE;;0.0;0.0;4.71;;;;;;;;;;;;;0.0;4.17;3.0;;;;;;;;;
2027;270;beauce_5_sa_039;organique_beauce_5;BTH;;SEMIS;semis;0.0;2.7;;;;;;;;;;;;;;;;;;;;;;;;;
2027;23;beauce_5_sa_039;organique_beauce_5;BTH;;FERTI;;0.0;0.0;;;;;;AN;mineral;N;;3.1;3.1;0.0;0.0;;;;;;;;;;;;
2027;229;beauce_5_sa_039;organique_beauce_5;BTH;;TRAVAIL_SOL;travail_sol_1;0.0;10.5;;;;;;;;;;;;;;;;;;;;;;;;;
2027;236;beauce_5_sa_039;organique_beauce_5;BTH;;TRAVAIL_SOL;une_reprise;0.0;16.3;;;;;;;;;;;;;;;;;;;;;;;;;
2027;176;beauce_5_sa_040;organique_beauce_5;BTH;;RECOLTE;;0.0;0.0;4.19;;;;;;;;;;;;;0.0;3.71;3.0;;;;;;;;;
2027;293;beauce_5_sa_040;organique_beauce_5;BTH;;SEMIS;semis;0.0;2.4;;;;;;;;;;;;;;;;;;;;;;;;;
2027;181;beauce_5_sa_041;organique_beauce_5;BTH;;RECOLTE;;0.0;0.0;4.56;;;;;;;;;;;;;0.0;4.03;3.0;;;;;;;;;
2027;287;beauce_5_sa_041;organique_beauce_5;BTH;;SEMIS;semis;0.0;3.5;;;;;;;;;;;;;;;;;;;;;;;;;
2027;258;beauce_5_sa_041;organique_beauce_5;BTH;;TRAVAIL_SOL;travail_sol_1;0.0;1.0;;;;;;;;;;;;;;;;;;;;;;;;;
2027;265;beauce_5_sa_041;organique_beauce_5;BTH;;TRAVAIL_SOL;une_reprise;0.0;11.5;;;;;;;;;;;;;;;;;;;;;;;;;
2027;185;beauce_5_sa_042;organique_beauce_5;BTH;;RECOLTE;;0.0;0.0;5.93;;;;;;;;;;;;;0.0;5.25;3.0;;;;;;;;;
2027;296;beauce_5_sa_042;organique_beauce_5;BTH;;SEMIS;semis;0.0;2.2;;;;;;;;;;;;;;;;;;;;;;;;;
2027;29;beauce_5_sa_042;organique_beauce_5;BTH;;FERTI;;0.0;0.0;;;;;;AN;mineral;N;;2.3;2.3;0.0;0.0;;;;;;;;;;;;
2027;138;beauce_5_sa_042;organique_beauce_5;BTH;;FERTI;;0.0;0.0;;;;;;AN;mineral;N;;18.5;18.5;0.0;0.0;;;;;;;;;;;;
2027;262;beauce_5_sa_042;organique_beauce_5;BTH;;TRAVAIL_SOL;travail_sol_1;0.0;6.7;;;;;;;;;;;;;;;;;;;;;;;;;
2027;269;beauce_5_sa_042;organique_beauce_5;BTH;;TRAVAIL_SOL;une_reprise;0.0;18.9;;;;;;;;;;;;;;;;;;;;;;;;;
2027;217;beauce_5_sa_043;organique_beauce_5;BTH;;RECOLTE;;0.0;0.0;8.69;;;;;;;;;;;;;0.0;7.69;3.0;;;;;;;;;
2027;309;beauce_5_sa_043;organique_beauce_5;BTH;;SEMIS;semis;0.0;3.6;;;;;;;;;;;;;;;;;;;;;;;;;
2027;77;beauce_5_sa_043;organique_beauce_5;BTH;;FERTI;;0.0;0.0;;;;;;AN;mineral;N;;34.3;34.3;0.0;0.0;;;;;;;;;;;;
2027;364;beauce_5_sa_043;organique_beauce_5;BTH;;FERTI;;0.0;0.0;;;;;;AN;mineral;N;;56.9;56.9;0.0;0.0;;;;;;;;;;;;
2027;287;beauce_5_sa_043;organique_beauce_5;BTH;;TRAVAIL_SOL;travail_sol_1;0.0;9.5;;;;;;;;;;;;;;;;;;;;;;;;;
2027;215;beauce_5_sa_044;organique_beauce_5;BTH;;RECOLTE;;0.0;0.0;4.49;;;;;;;;;;;;;0.0;3.98;3.0;;;;;;;;;
2027;273;beauce_5_sa_044;organique_beauce_5;BTH;;SEMIS;semis;0.0;1.3;;;;;;;;;;;;;;;;;;;;;;;;;
2027;262;beauce_5_sa_044;organique_beauce_5;BTH;;TRAVAIL_SOL;travail_sol_1;0.0;20.4;;;;;;;;;;;;;;;;;;;;;;;;;
2027;181;beauce_5_sa_045;organique_beauce_5;BTH;;RECOLTE;;0.0;0.0;7.0;;;;;;;;;;;;;0.0;6.2;3.0;;;;;;;;;
2027;285;beauce_5_sa_045;organique_beauce_5;BTH;;SEMIS;semis;0.0;2.4;;;;;;;;;;;;;;;;;;;;;;;;;
2027;154;beauce_5_sa_045;organique_beauce_5;BTH;;FERTI;;0.0;0.0;;;;;;AN;mineral;N;;23.2;23.2;0.0;0.0;;;;;;;;;;;;
2027;155;beauce_5_sa_045;organique_beauce_5;BTH;;FERTI;;0.0;0.0;;;;;;AN;mineral;N;;6.1;6.1;0.0;0.0;;;;;;;;;;;;
2027;358;beauce_5_sa_045;organique_beauce_5;BTH;;FERTI;;0.0;0.0;;;;;;AN;mineral;N;;11.3;11.3;0.0;0.0;;;;;;;;;;;;
2027;227;beauce_5_sa_046;organique_beauce_5;BTH;;RECOLTE;;0.0;0.0;4.38;;;;;;;;;;;;;0.0;3.88;3.0;;;;;;;;;
2027;272;beauce_5_sa_046;organique_beauce_5;BTH;;SEMIS;semis;0.0;3.0;;;;;;;;;;;;;;;;;;;;;;;;;
2027;179;beauce_5_sa_047;organique_beauce_5;BTH;;RECOLTE;;0.0;0.0;7.36;;;;;;;;;;;;;0.0;6.51;3.0;;;;;;;;;
2027;279;beauce_5_sa_047;organique_beauce_5;BTH;;SEMIS;semis;0.0;3.5;;;;;;;;;;;;;;;;;;;;;;;;;
2027;326;beauce_5_sa_047;organique_beauce_5;BTH;;FERTI;;0.0;0.0;;;;;;AN;mineral;N;;49.6;49.6;0.0;0.0;;;;;;;;;;;;
2027;242;beauce_5_sa_047;organique_beauce_5;BTH;;TRAVAIL_SOL;travail_sol_1;0.0;17.3;;;;;;;;;;;;;;;;;;;;;;;;;
2027;249;beauce_5_sa_047;organique_beauce_5;BTH;;TRAVAIL_SOL;une_reprise;0.0;6.4;;;;;;;;;;;;;;;;;;;;;;;;;
2027;185;beauce_5_sa_048;organique_beauce_5;BTH;;RECOLTE;;0.0;0.0;8.99;;;;;;;;;;;;;0.0;7.96;3.0;;;;;;;;;
2027;288;beauce_5_sa_048;organique_beauce_5;BTH;;SEMIS;semis;0.0;3.9;;;;;;;;;;;;;;;;;;;;;;;;;
2027;2;beauce_5_sa_048;organique_beauce_5;BTH;;FERTI;;0.0;0.0;;;;;;AN;mineral;N;;76.7;76.7;0.0;0.0;;;;;;;;;;;;
2027;104;beauce_5_sa_048;organique_beauce_5;BTH;;FERTI;;0.0;0.0;;;;;;AN;mineral;N;;97.7;97.7;0.0;0.0;;;;;;;;;;;;
2027;113;beauce_5_sa_048;organique_beauce_5;BTH;;FERTI;;0.0;0.0;;;;;;AN;mineral;N;;1.9;1.9;0.0;0.0;;;;;;;;;;;;
2027;249;beauce_5_sa_048;organique_beauce_5;BTH;;TRAVAIL_SOL;travail_sol_1;0.0;15.1;;;;;;;;;;;;;;;;;;;;;;;;;
2027;256;beauce_5_sa_048;organique_beauce_5;BTH;;TRAVAIL_SOL;une_reprise;0.0;8.8;;;;;;;;;;;;;;;;;;;;;;;;;
2027;190;beauce_5_sa_049;organique_beauce_5;BTH;;RECOLTE;;0.0;0.0;6.48;;;;;;;;;;;;;0.0;5.73;3.0;;;;;;;;;
2027;293;beauce_5_sa_049;organique_beauce_5;BTH;;SEMIS;semis;0.0;2.0;;;;;;;;;;;;;;;;;;;;;;;;;
2027;144;beauce_5_sa_049;organique_beauce_5;BTH;;FERTI;;0.0;0.0;;;;;;AN;mineral;N;;36.0;36.0;0.0;0.0;;;;;;;;;;;;
2027;145;beauce_5_sa_049;organique_beauce_5;BTH;;FERTI;;0.0;0.0;;;;;;AN;mineral;N;;2.6;2.6;0.0;0.0;;;;;;;;;;;;
2027;146;beauce_5_sa_049;organique_beauce_5;BTH;;FERTI;;0.0;0.0;;;;;;AN;mineral;N;;6.8;6.8;0.0;0.0;;;;;;;;;;;;
2027;224;beauce_5_sa_050;organique_beauce_5;BTH;;RECOLTE;;0.0;0.0;5.84;;;;;;;;;;;;;0.0;5.17;3.0;;;;;;;;;
2027;313;beauce_5_sa_050;organique_beauce_5;BTH;;SEMIS;semis;0.0;1.1;;;;;;;;;;;;;;;;;;;;;;;;;
2027;87;beauce_5_sa_050;organique_beauce_5;BTH;;FERTI;;0.0;0.0;;;;;;AN;mineral;N;;16.7;16.7;0.0;0.0;;;;;;;;;;;;
2027;189;beauce_5_sa_051;organique_beauce_5;BTH;;RECOLTE;;0.0;0.0;8.18;;;;;;;;;;;;;0.0;7.24;3.0;;;;;;;;;
2027;259;beauce_5_sa_051;organique_beauce_5;BTH;;SEMIS;semis;0.0;3.6;;;;;;;;;;;;;;;;;;;;;;;;;
2027;74;beauce_5_sa_051;organique_beauce_5;BTH;;FERTI;;0.0;0.0;;;;;;AN;mineral;N;;87.8;87.8;0.0;0.0;;;;;;;;;;;;
2027;99;beauce_5_sa_051;organique_beauce_5;BTH;;FERTI;;0.0;0.0;;;;;;AN;mineral;N;;1.1;1.1;0.0;0.0;;;;;;;;;;;;
2027;164;beauce_5_sa_051;organique_beauce_5;BTH;;FERTI;;0.0;0.0;;;;;;AN;mineral;N;;1.1;1.1;0.0;0.0;;;;;;;;;;;;
2027;253;beauce_5_sa_051;organique_beauce_5;BTH;;TRAVAIL_SOL;travail_sol_1;0.0;24.5;;;;;;;;;;;;;;;;;;;;;;;;;
2027;173;beauce_5_sa_052;organique_beauce_5;BTH;;RECOLTE;;0.0;0.0;5.17;;;;;;;;;;;;;0.0;4.57;3.0;;;;;;;;;
2027;260;beauce_5_sa_052;organique_beauce_5;BTH;;SEMIS;semis;0.0;1.8;;;;;;;;;;;;;;;;;;;;;;;;;
2027;28;beauce_5_sa_052;organique_beauce_5;BTH;;FERTI;;0.0;0.0;;;;;;AN;mineral;N;;9.7;9.7;0.0;0.0;;;;;;;;;;;;
2027;58;beauce_5_sa_052;organique_beauce_5;BTH;;FERTI;;0.0;0.0;;;;;;AN;mineral;N;;1.4;1.4;0.0;0.0;;;;;;;;;;;;
2027;230;beauce_5_sa_052;organique_beauce_5;BTH;;TRAVAIL_SOL;travail_sol_1;0.0;22.0;;;;;;;;;;;;;;;;;;;;;;;;;
2027;237;beauce_5_sa_052;organique_beauce_5;BTH;;TRAVAIL_SOL;une_reprise;0.0;23.3;;;;;;;;;;;;;;;;;;;;;;;;;
2027;173;beauce_5_sa_053;organique_beauce_5;BTH;;RECOLTE;;0.0;0.0;4.7;;;;;;;;;;;;;0.0;4.16;3.0;;;;;;;;;
2027;315;beauce_5_sa_053;organique_beauce_5;BTH;;SEMIS;semis;0.0;3.0;;;;;;;;;;;;;;;;;;;;;;;;;
2027;12;beauce_5_sa_053;organique_beauce_5;BTH;;FERTI;;0.0;0.0;;;;;;AN;mineral;N;;1.5;1.5;0.0;0.0;;;;;;;;;;;;
2027;114;beauce_5_sa_053;organique_beauce_5;BTH;;FERTI;;0.0;0.0;;;;;;AN;mineral;N;;11.3;11.3;0.0;0.0;;;;;;;;;;;;
2027;198;beauce_5_sa_054;organique_beauce_5;BTH;;RECOLTE;;0.0;0.0;8.91;;;;;;;;;;;;;0.0;7.88;3.0;;;;;;;;;
2027;312;beauce_5_sa_054;organique_beauce_5;BTH;;SEMIS;semis;0.0;1.9;;;;;;;;;;;;;;;;;;;;;;;;;
2027;32;beauce_5_sa_054;organique_beauce_5;BTH;;FERTI;;0.0;0.0;;;;;;AN;mineral;N;;7.8;7.8;0.0;0.0;;;;;;;;;;;;
2027;97;beauce_5_sa_054;organique_beauce_5;BTH;;FERTI;;0.0;0.0;;;;;;AN;mineral;N;;78.2;78.2;0.0;0.0;;;;;;;;;;;;
2027;143;beauce_5_sa_054;organique_beauce_5;BTH;;FERTI;;0.0;0.0;;;;;;AN;mineral;N;;84.8;84.8;0.0;0.0;;;;;;;;;;;;
2027;204;beauce_5_sa_055;organique_beauce_5;BTH;;RECOLTE;;0.0;0.0;7.29;;;;;;;;;;;;;0.0;6.45;3.0;;;;;;;;;
2027;276;beauce_5_sa_055;organique_beauce_5;BTH;;SEMIS;semis;0.0;3.4;;;;;;;;;;;;;;;;;;;;;;;;;
2027;144;beauce_5_sa_055;organique_beauce_5;BTH;;FERTI;;0.0;0.0;;;;;;AN;mineral;N;;24.8;24.8;0.0;0.0;;;;;;;;;;;;
2027;145;beauce_5_sa_055;organique_beauce_5;BTH;;FERTI;;0.0;0.0;;;;;;AN;mineral;N;;20.1;20.1;0.0;0.0;;;;;;;;;;;;
2027;146;beauce_5_sa_055;organique_beauce_5;BTH;;FERTI;;0.0;0.0;;;;;;AN;mineral;N;;19.8;19.8;0.0;0.0;;;;;;;;;;;;
2027;260;beauce_5_sa_055;organique_beauce_5;BTH;;TRAVAIL_SOL;travail_sol_1;0.0;7.3;;;;;;;;;;;;;;;;;;;;;;;;;
2027;221;beauce_5_sa_056;organique_beauce_5;BTH;;RECOLTE;;0.0;0.0;4.7;;;;;;;;;;;;;0.0;4.16;3.0;;;;;;;;;
2027;263;beauce_5_sa_056;organique_beauce_5;BTH;;SEMIS;semis;0.0;1.8;;;;;;;;;;;;;;;;;;;;;;;;;
2027;98;beauce_5_sa_056;organique_beauce_5;BTH;;FERTI;;0.0;0.0;;;;;;AN;mineral;N;;1.1;1.1;0.0;0.0;;;;;;;;;;;;
2027;330;beauce_5_sa_056;organique_beauce_5;BTH;;FERTI;;0.0;0.0;;;;;;AN;mineral;N;;1.1;1.1;0.0;0.0;;;;;;;;;;;;
2027;241;beauce_5_sa_056;organique_beauce_5;BTH;;TRAVAIL_SOL;travail_sol_1;0.0;3.9;;;;;;;;;;;;;;;;;;;;;;;;;
2027;248;beauce_5_sa_056;organique_beauce_5;BTH;;TRAVAIL_SOL;une_reprise;0.0;21.0;;;;;;;;;;;;;;;;;;;;;;;;;
2027;215;beauce_5_sa_057;organique_beauce_5;BTH;;RECOLTE;;0.0;0.0;4.85;;;;;;;;;;;;;0.0;4.29;3.0;;;;;;;;;
2027;295;beauce_5_sa_057;organique_beauce_5;BTH;;SEMIS;semis;0.0;1.1;;;;;;;;;;;;;;;;;;;;;;;;;
2027;74;beauce_5_sa_057;organique_beauce_5;BTH;;FERTI;;0.0;0.0;;;;;;AN;mineral;N;;2.9;2.9;0.0;0.0;;;;;;;;;;;;
2027;277;beauce_5_sa_057;organique_beauce_5;BTH;;TRAVAIL_SOL;travail_sol_1;0.0;14.3;;;;;;;;;;;;;;;;;;;;;;;;;
2027;184;beauce_5_sa_058;organique_beauce_5;BTH;;RECOLTE;;0.0;0.0;4.55;;;;;;;;;;;;;0.0;4.02;3.0;;;;;;;;;
2027;264;beauce_5_sa_058;organique_beauce_5;BTH;;SEMIS;semis;0.0;3.1;;;;;;;;;;;;;;;;;;;;;;;;;
2027;27;beauce_5_sa_058;organique_beauce_5;BTH;;FERTI;;0.0;0.0;;;;;;AN;mineral;N;;1.3;1.3;0.0;0.0;;;;;;;;;;;;
2027;251;beauce_5_sa_058;organique_beauce_5;BTH;;TRAVAIL_SOL;travail_sol_1;0.0;4.5;;;;;;;;;;;;;;;;;;;;;;;;;
2027;258;beauce_5_sa_058;organique_beauce_5;BTH;;TRAVAIL_SOL;une_reprise;0.0;3.4;;;;;;;;;;;;;;;;;;;;;;;;;
2027;200;beauce_5_sa_059;organique_beauce_5;BTH;;RECOLTE;;0.0;0.0;4.83;;;;;;;;;;;;;0.0;4.27;3.0;;;;;;;;;
2027;266;beauce_5_sa_059;organique_beauce_5;BTH;;SEMIS;semis;0.0;2.7;;;;;;;;;;;;;;;;;;;;;;;;;
2027;111;beauce_5_sa_059;organique_beauce_5;BTH;;FERTI;;0.0;0.0;;;;;;AN;mineral;N;;6.4;6.4;0.0;0.0;;;;;;;;;;;;
2027;231;beauce_5_sa_059;organique_beauce_5;BTH;;TRAVAIL_SOL;travail_sol_1;0.0;23.1;;;;;;;;;;;;;;;;;;;;;;;;;
2027;238;beauce_5_sa_059;organique_beauce_5;BTH;;TRAVAIL_SOL;une_reprise;0.0;10.9;;;;;;;;;;;;;;;;;;;;;;;;;
2027;183;beauce_5_sa_060;organique_beauce_5;BTH;;RECOLTE;;0.0;0.0;4.69;;;;;;;;;;;;;0.0;4.15;3.0;;;;;;;;;
2027;290;beauce_5_sa_060;organique_beauce_5;BTH;;SEMIS;semis;0.0;1.8;;;;;;;;;;;;;;;;;;;;;;;;;
2027;282;beauce_5_sa_060;organique_beauce_5;BTH;;TRAVAIL_SOL;travail_sol_1;0.0;3.5;;;;;;;;;;;;;;;;;;;;;;;;;
2027;175;beauce_5_sa_061;organique_beauce_5;BTH;;RECOLTE;;0.0;0.0;6.67;;;;;;;;;;;;;0.0;5.9;3.0;;;;;;;;;
2027;285;beauce_5_sa_061;organique_beauce_5;BTH;;SEMIS;semis;0.0;2.5;;;;;;;;;;;;;;;;;;;;;;;;;
2027;139;beauce_5_sa_061;organique_beauce_5;BTH;;FERTI;;0.0;0.0;;;;;;AN;mineral;N;;26.8;26.8;0.0;0.0;;;;;;;;;;;;
2027;140;beauce_5_sa_061;organique_beauce_5;BTH;;FERTI;;0.0;0.0;;;;;;AN;mineral;N;;10.7;10.7;0.0;0.0;;;;;;;;;;;;
2027;208;beauce_5_sa_062;organique_beauce_5;BTH;;RECOLTE;;0.0;0.0;4.75;;;;;;;;;;;;;0.0;4.2;3.0;;;;;;;;;
2027;290;beauce_5_sa_062;organique_beauce_5;BTH;;SEMIS;semis;0.0;3.3;;;;;;;;;;;;;;;;;;;;;;;;;
2027;279;beauce_5_sa_062;organique_beauce_5;BTH;;TRAVAIL_SOL;travail_sol_1;0.0;16.3;;;;;;;;;;;;;;;;;;;;;;;;;
2027;286;beauce_5_sa_062;organique_beauce_5;BTH;;TRAVAIL_SOL;une_reprise;0.0;14.6;;;;;;;;;;;;;;;;;;;;;;;;;
2027;200;beauce_5_sa_063;organique_beauce_5;BTH;;RECOLTE;;0.0;0.0;5.89;;;;;;;;;;;;;0.0;5.21;3.0;;;;;;;;;
2027;291;beauce_5_sa_063;organique_beauce_5;BTH;;SEMIS;semis;0.0;2.4;;;;;;;;;;;;;;;;;;;;;;;;;
2027;23;beauce_5_sa_063;organique_beauce_5;BTH;;FERTI;;0.0;0.0;;;;;;AN;mineral;N;;19.0;19.0;0.0;0.0;;;;;;;;;;;;
2027;265;beauce_5_sa_063;organique_beauce_5;BTH;;TRAVAIL_SOL;travail_sol_1;0.0;9.2;;;;;;;;;;;;;;;;;;;;;;;;;
2027;203;beauce_5_sa_064;organique_beauce_5;BTH;;RECOLTE;;0.0;0.0;5.14;;;;;;;;;;;;;0.0;4.55;3.0;;;;;;;;;
2027;311;beauce_5_sa_064;organique_beauce_5;BTH;;SEMIS;semis;0.0;3.8;;;;;;;;;;;;;;;;;;;;;;;;;
2027;67;beauce_5_sa_064;organique_beauce_5;BTH;;FERTI;;0.0;0.0;;;;;;AN;mineral;N;;1.2;1.2;0.0;0.0;;;;;;;;;;;;
2027;155;beauce_5_sa_064;organique_beauce_5;BTH;;FERTI;;0.0;0.0;;;;;;AN;mineral;N;;1.0;1.0;0.0;0.0;;;;;;;;;;;;
2027;270;beauce_5_sa_064;organique_beauce_5;BTH;;TRAVAIL_SOL;travail_sol_1;0.0;5.5;;;;;;;;;;;;;;;;;;;;;;;;;
2027;191;beauce_5_sa_065;organique_beauce_5;BTH;;RECOLTE;;0.0;0.0;4.75;;;;;;;;;;;;;0.0;4.2;3.0;;;;;;;;;
2027;309;beauce_5_sa_065;organique_beauce_5;BTH;;SEMIS;semis;0.0;1.8;;;;;;;;;;;;;;;;;;;;;;;;;
2027;149;beauce_5_sa_065;organique_beauce_5;BTH;;FERTI;;0.0;0.0;;;;;;AN;mineral;N;;1.4;1.4;0.0;0.0;;;;;;;;;;;;
2027;150;beauce_5_sa_065;organique_beauce_5;BTH;;FERTI;;0.0;0.0;;;;;;AN;mineral;N;;1.7;1.7;0.0;0.0;;;;;;;;;;;;
2027;288;beauce_5_sa_065;organique_beauce_5;BTH;;TRAVAIL_SOL;travail_sol_1;0.0;11.3;;;;;;;;;;;;;;;;;;;;;;;;;
2027;295;beauce_5_sa_065;organique_beauce_5;BTH;;TRAVAIL_SOL;une_reprise;0.0;16.5;;;;;;;;;;;;;;;;;;;;;;;;;
2027;207;beauce_5_sa_066;organique_beauce_5;BTH;;RECOLTE;;0.0;0.0;4.81;;;;;;;;;;;;;0.0;4.25;3.0;;;;;;;;;
2027;263;beauce_5_sa_066;organique_beauce_5;BTH;;SEMIS;semis;0.0;3.7;;;;;;;;;;;;;;;;;;;;;;;;;
2027;194;beauce_5_sa_067;organique_beauce_5;BTH;;RECOLTE;;0.0;0.0;6.27;;;;;;;;;;;;;0.0;5.55;3.0;;;;;;;;;
2027;264;beauce_5_sa_067;organique_beauce_5;BTH;;SEMIS;semis;0.0;3.3;;;;;;;;;;;;;;;;;;;;;;;;;
2027;123;beauce_5_sa_067;organique_beauce_5;BTH;;FERTI;;0.0;0.0;;;;;;AN;mineral;N;;29.9;29.9;0.0;0.0;;;;;;;;;;;;
2027;232;beauce_5_sa_067;organique_beauce_5;BTH;;TRAVAIL_SOL;travail_sol_1;0.0;20.3;;;;;;;;;;;;;;;;;;;;;;;;;
2027;174;beauce_5_sa_068;organique_beauce_5;BTH;;RECOLTE;;0.0;0.0;4.53;;;;;;;;;;;;;0.0;4.01;3.0;;;;;;;;;
2027;286;beauce_5_sa_068;organique_beauce_5;BTH;;SEMIS;semis;0.0;3.1;;;;;;;;;;;;;;;;;;;;;;;;;
2027;208;beauce_5_sa_069;organique_beauce_5;BTH;;RECOLTE;;0.0;0.0;5.39;;;;;;;;;;;;;0.0;4.77;3.0;;;;;;;;;
2027;293;beauce_5_sa_069;organique_beauce_5;BTH;;SEMIS;semis;0.0;2.3;;;;;;;;;;;;;;;;;;;;;;;;;
2027;137;beauce_5_sa_069;organique_beauce_5;BTH;;FERTI;;0.0;0.0;;;;;;AN;mineral;N;;4.2;4.2;0.0;0.0;;;;;;;;;;;;
2027;331;beauce_5_sa_069;organique_beauce_5;BTH;;FERTI;;0.0;0.0;;;;;;AN;mineral;N;;8.4;8.4;0.0;0.0;;;;;;;;;;;;
2027;179;beauce_5_sa_070;organique_beauce_5;BTH;;RECOLTE;;0.0;0.0;6.34;;;;;;;;;;;;;0.0;5.61;3.0;;;;;;;;;
2027;291;beauce_5_sa_070;organique_beauce_5;BTH;;SEMIS;semis;0.0;1.0;;;;;;;;;;;;;;;;;;;;;;;;;
2027;21;beauce_5_sa_070;organique_beauce_5;BTH;;FERTI;;0.0;0.0;;;;;;AN;mineral;N;;10.6;10.6;0.0;0.0;;;;;;;;;;;;
2027;164;beauce_5_sa_070;organique_beauce_5;BTH;;FERTI;;0.0;0.0;;;;;;AN;mineral;N;;18.5;18.5;0.0;0.0;;;;;;;;;;;;
2027;165;beauce_5_sa_070;organique_beauce_5;BTH;;FERTI;;0.0;0.0;;;;;;AN;mineral;N;;3.0;3.0;0.0;0.0;;;;;;;;;;;;
2027;244;beauce_5_sa_070;organique_beauce_5;BTH;;TRAVAIL_SOL;travail_sol_1;0.0;2.4;;;;;;;;;;;;;;;;;;;;;;;;;
2027;251;beauce_5_sa_070;organique_beauce_5;BTH;;TRAVAIL_SOL;une_reprise;0.0;10.4;;;;;;;;;;;;;;;;;;;;;;;;;
2027;213;beauce_5_sa_071;organique_beauce_5;BTH;;RECOLTE;;0.0;0.0;7.54;;;;;;;;;;;;;0.0;6.67;3.0;;;;;;;;;
2027;261;beauce_5_sa_071;organique_beauce_5;BTH;;SEMIS;semis;0.0;3.5;;;;;;;;;;;;;;;;;;;;;;;;;
2027;126;beauce_5_sa_071;organique_beauce_5;BTH;;FERTI;;0.0;0.0;;;;;;AN;mineral;N;;58.6;58.6;0.0;0.0;;;;;;;;;;;;
2027;198;beauce_5_sa_072;organique_beauce_5;BTH;;RECOLTE;;0.0;0.0;6.13;;;;;;;;;;;;;0.0;5.42;3.0;;;;;;;;;
2027;304;beauce_5_sa_072;organique_beauce_5;BTH;;SEMIS;semis;0.0;1.1;;;;;;;;;;;;;;;;;;;;;;;;;
2027;67;beauce_5_sa_072;organique_beauce_5;BTH;;FERTI;;0.0;0.0;;;;;;AN;mineral;N;;22.2;22.2;0.0;0.0;;;;;;;;;;;;
2027;288;beauce_5_sa_072;organique_beauce_5;BTH;;TRAVAIL_SOL;travail_sol_1;0.0;9.3;;;;;;;;;;;;;;;;;;;;;;;;;
2027;209;beauce_5_sa_073;organique_beauce_5;BTH;;RECOLTE;;0.0;0.0;5.69;;;;;;;;;;;;;0.0;5.04;3.0;;;;;;;;;
2027;287;beauce_5_sa_073;organique_beauce_5;BTH;;SEMIS;semis;0.0;1.9;;;;;;;;;;;;;;;;;;;;;;;;;
2027;346;beauce_5_sa_073;organique_beauce_5;BTH;;FERTI;;0.0;0.0;;;;;;AN;mineral;N;;5.2;5.2;0.0;0.0;;;;;;;;;;;;
2027;175;beauce_5_sa_074;organique_beauce_5;BTH;;RECOLTE;;0.0;0.0;4.14;;;;;;;;;;;;;0.0;3.66;3.0;;;;;;;;;
2027;305;beauce_5_sa_074;organique_beauce_5;BTH;;SEMIS;semis;0.0;2.6;;;;;;;;;;;;;;;;;;;;;;;;;
2027;212;beauce_5_sa_075;organique_beauce_5;BTH;;RECOLTE;;0.0;0.0;4.95;;;;;;;;;;;;;0.0;4.38;3.0;;;;;;;;;
2027;297;beauce_5_sa_075;organique_beauce_5;BTH;;SEMIS;semis;0.0;2.8;;;;;;;;;;;;;;;;;;;;;;;;;
2027;208;beauce_5_sa_076;organique_beauce_5;BTH;;RECOLTE;;0.0;0.0;7.85;;;;;;;;;;;;;0.0;6.95;3.0;;;;;;;;;
2027;286;beauce_5_sa_076;organique_beauce_5;BTH;;SEMIS;semis;0.0;3.4;;;;;;;;;;;;;;;;;;;;;;;;;
2027;170;beauce_5_sa_076;organique_beauce_5;BTH;;FERTI;;0.0;0.0;;;;;;AN;mineral;N;;1.5;1.5;0.0;0.0;;;;;;;;;;;;
2027;171;beauce_5_sa_076;organique_beauce_5;BTH;;FERTI;;0.0;0.0;;;;;;AN;mineral;N;;72.9;72.9;0.0;0.0;;;;;;;;;;;;
2027;221;beauce_5_sa_077;organique_beauce_5;BTH;;RECOLTE;;0.0;0.0;4.61;;;;;;;;;;;;;0.0;4.08;3.0;;;;;;;;;
2027;278;beauce_5_sa_077;organique_beauce_5;BTH;;SEMIS;semis;0.0;2.1;;;;;;;;;;;;;;;;;;;;;;;;;
2027;256;beauce_5_sa_077;organique_beauce_5;BTH;;TRAVAIL_SOL;travail_sol_1;0.0;15.3;;;;;;;;;;;;;;;;;;;;;;;;;
2027;263;beauce_5_sa_077;organique_beauce_5;BTH;;TRAVAIL_SOL;une_reprise;0.0;13.3;;;;;;;;;;;;;;;;;;;;;;;;;
2027;177;beauce_5_sa_078;organique_beauce_5;BTH;;RECOLTE;;0.0;0.0;7.66;;;;;;;;;;;;;0.0;6.77;3.0;;;;;;;;;
2027;306;beauce_5_sa_078;organique_beauce_5;BTH;;SEMIS;semis;0.0;1.5;;;;;;;;;;;;;;;;;;;;;;;;;
2027;122;beauce_5_sa_078;organique_beauce_5;BTH;;FERTI;;0.0;0.0;;;;;;AN;mineral;N;;70.9;70.9;0.0;0.0;;;;;;;;;;;;
2027;178;beauce_5_sa_079;organique_beauce_5;BTH;;RECOLTE;;0.0;0.0;8.2;;;;;;;;;;;;;0.0;7.25;3.0;;;;;;;;;
2027;273;beauce_5_sa_079;organique_beauce_5;BTH;;SEMIS;semis;0.0;3.8;;;;;;;;;;;;;;;;;;;;;;;;;
2027;364;beauce_5_sa_079;organique_beauce_5;BTH;;FERTI;;0.0;0.0;;;;;;AN;mineral;N;;68.4;68.4;0.0;0.0;;;;;;;;;;;;
2027;226;beauce_5_sa_080;organique_beauce_5;BTH;;RECOLTE;;0.0;0.0;8.56;;;;;;;;;;;;;0.0;7.57;3.0;;;;;;;;;
2027;268;beauce_5_sa_080;organique_beauce_5;BTH;;SEMIS;semis;0.0;2.3;;;;;;;;;;;;;;;;;;;;;;;;;
2027;102;beauce_5_sa_080;organique_beauce_5;BTH;;FERTI;;0.0;0.0;;;;;;AN;mineral;N;;28.3;28.3;0.0;0.0;;;;;;;;;;;;
2027;117;beauce_5_sa_080;organique_beauce_5;BTH;;FERTI;;0.0;0.0;;;;;;AN;mineral;N;;52.2;52.2;0.0;0.0;;;;;;;;;;;;
2027;173;beauce_5_sa_081;organique_beauce_5;BTH;;RECOLTE;;0.0;0.0;4.43;;;;;;;;;;;;;0.0;3.92;3.0;;;;;;;;;
2027;278;beauce_5_sa_081;organique_beauce_5;BTH;;SEMIS;semis;0.0;1.4;;;;;;;;;;;;;;;;;;;;;;;;;
2027;240;beauce_5_sa_081;organique_beauce_5;BTH;;TRAVAIL_SOL;travail_sol_1;0.0;12.1;;;;;;;;;;;;;;;;;;;;;;;;;
2027;228;beauce_5_sa_082;organique_beauce_5;BTH;;RECOLTE;;0.0;0.0;4.64;;;;;;;;;;;;;0.0;4.11;3.0;;;;;;;;;
2027;317;beauce_5_sa_082;organique_beauce_5;BTH;;SEMIS;semis;0.0;2.1;;;;;;;;;;;;;;;;;;;;;;;;;
2027;310;beauce_5_sa_082;organique_beauce_5;BTH;;TRAVAIL_SOL;travail_sol_1;0.0;16.8;;;;;;;;;;;;;;;;;;;;;;;;;
2027;226;beauce_5_sa_083;organique_beauce_5;BTH;;RECOLTE;;0.0;0.0;8.71;;;;;;;;;;;;;0.0;7.7;3.0;;;;;;;;;
2027;309;beauce_5_sa_083;organique_beauce_5;BTH;;SEMIS;semis;0.0;2.5;;;;;;;;;;;;;;;;;;;;;;;;;
2027;60;beauce_5_sa_083;organique_beauce_5;BTH;;FERTI;;0.0;0.0;;;;;;AN;mineral;N;;58.6;58.6;0.0;0.0;;;;;;;;;;;;
2027;102;beauce_5_sa_083;organique_beauce_5;BTH;;FERTI;;0.0;0.0;;;;;;AN;mineral;N;;1.2;1.2;0.0;0.0;;;;;;;;;;;;
2027;146;beauce_5_sa_083;organique_beauce_5;BTH;;FERTI;;0.0;0.0;;;;;;AN;mineral;N;;32.4;32.4;0.0;0.0;;;;;;;;;;;;
2027;225;beauce_5_sa_084;organique_beauce_5;BTH;;RECOLTE;;0.0;0.0;4.42;;;;;;;;;;;;;0.0;3.91;3.0;;;;;;;;;
2027;264;beauce_5_sa_084;organique_beauce_5;BTH;;SEMIS;semis;0.0;2.3;;;;;;;;;;;;;;;;;;;;;;;;;
2027;257;beauce_5_sa_084;organique_beauce_5;BTH;;TRAVAIL_SOL;travail_sol_1;0.0;8.3;;;;;;;;;;;;;;;;;;;;;;;;;
2027;186;beauce_5_sa_085;organique_beauce_5;BTH;;RECOLTE;;0.0;0.0;8.98;;;;;;;;;;;;;0.0;7.94;3.0;;;;;;;;;
2027;315;beauce_5_sa_085;organique_beauce_5;BTH;;SEMIS;semis;0.0;2.5;;;;;;;;;;;;;;;;;;;;;;;;;
2027;144;beauce_5_sa_085;organique_beauce_5;BTH;;FERTI;;0.0;0.0;;;;;;AN;mineral;N;;71.9;71.9;0.0;0.0;;;;;;;;;;;;
2027;145;beauce_5_sa_085;organique_beauce_5;BTH;;FERTI;;0.0;0.0;;;;;;AN;mineral;N;;76.4;76.4;0.0;0.0;;;;;;;;;;;;
2027;305;beauce_5_sa_085;organique_beauce_5;BTH;;TRAVAIL_SOL;travail_sol_1;0.0;14.4;;;;;;;;;;;;;;;;;;;;;;;;;
2027;215;beauce_5_sa_086;organique_beauce_5;BTH;;RECOLTE;;0.0;0.0;5.16;;;;;;;;;;;;;0.0;4.56;3.0;;;;;;;;;
2027;259;beauce_5_sa_086;organique_beauce_5;BTH;;SEMIS;semis;0.0;1.5;;;;;;;;;;;;;;;;;;;;;;;;;
2027;92;beauce_5_sa_086;organique_beauce_5;BTH;;FERTI;;0.0;0.0;;;;;;AN;mineral;N;;1.0;1.0;0.0;0.0;;;;;;;;;;;;
2027;187;beauce_5_sa_087;organique_beauce_5;BTH;;RECOLTE;;0.0;0.0;8.96;;;;;;;;;;;;;0.0;7.93;3.0;;;;;;;;;
2027;303;beauce_5_sa_087;organique_beauce_5;BTH;;SEMIS;semis;0.0;3.0;;;;;;;;;;;;;;;;;;;;;;;;;
2027;74;beauce_5_sa_087;organique_beauce_5;BTH;;FERTI;;0.0;0.0;;;;;;AN;mineral;N;;3.4;3.4;0.0;0.0;;;;;;;;;;;;
2027;75;beauce_5_sa_087;organique_beauce_5;BTH;;FERTI;;0.0;0.0;;;;;;AN;mineral;N;;62.3;62.3;0.0;0.0;;;;;;;;;;;;
2027;102;beauce_5_sa_087;organique_beauce_5;BTH;;FERTI;;0.0;0.0;;;;;;AN;mineral;N;;81.6;81.6;0.0;0.0;;;;;;;;;;;;
2027;225;beauce_5_sa_088;organique_beauce_5;BTH;;RECOLTE;;0.0;0.0;5.21;;;;;;;;;;;;;0.0;4.61;3.0;;;;;;;;;
2027;270;beauce_5_sa_088;organique_beauce_5;BTH;;SEMIS;semis;0.0;2.1;;;;;;;;;;;;;;;;;;;;;;;;;
2027;125;beauce_5_sa_088;organique_beauce_5;BTH;;FERTI;;0.0;0.0;;;;;;AN;mineral;N;;1.3;1.3;0.0;0.0;;;;;;;;;;;;
2027;126;beauce_5_sa_088;organique_beauce_5;BTH;;FERTI;;0.0;0.0;;;;;;AN;mineral;N;;9.7;9.7;0.0;0.0;;;;;;;;;;;;
2027;233;beauce_5_sa_088;organique_beauce_5;BTH;;TRAVAIL_SOL;travail_sol_1;0.0;9.5;;;;;;;;;;;;;;;;;;;;;;;;;
2027;240;beauce_5_sa_088;organique_beauce_5;BTH;;TRAVAIL_SOL;une_reprise;0.0;11.7;;;;;;;;;;;;;;;;;;;;;;;;;
2027;226;beauce_5_sa_089;organique_beauce_5;BTH;;RECOLTE;;0.0;0.0;4.73;;;;;;;;;;;;;0.0;4.18;3.0;;;;;;;;;
2027;316;beauce_5_sa_089;organique_beauce_5;BTH;;SEMIS;semis;0.0;3.2;;;;;;;;;;;;;;;;;;;;;;;;;
2027;297;beauce_5_sa_089;organique_beauce_5;BTH;;TRAVAIL_SOL;travail_sol_1;0.0;10.8;;;;;;;;;;;;;;;;;;;;;;;;;
2027;215;beauce_5_sa_090;organique_beauce_5;BTH;;RECOLTE;;0.0;0.0;9.0;;;;;;;;;;;;;0.0;7.96;3.0;;;;;;;;;
2027;282;beauce_5_sa_090;organique_beauce_5;BTH;;SEMIS;semis;0.0;3.2;;;;;;;;;;;;;;;;;;;;;;;;;
2027;151;beauce_5_sa_090;organique_beauce_5;BTH;;FERTI;;0.0;0.0;;;;;;AN;mineral;N;;3.0;3.0;0.0;0.0;;;;;;;;;;;;
2027;152;beauce_5_sa_090;organique_beauce_5;BTH;;FERTI;;0.0;0.0;;;;;;AN;mineral;N;;90.8;90.8;0.0;0.0;;;;;;;;;;;;
2027;153;beauce_5_sa_090;organique_beauce_5;BTH;;FERTI;;0.0;0.0;;;;;;AN;mineral;N;;54.1;54.1;0.0;0.0;;;;;;;;;;;;
2027;230;beauce_5_sa_091;organique_beauce_5;BTH;;RECOLTE;;0.0;0.0;5.36;;;;;;;;;;;;;0.0;4.75;3.0;;;;;;;;;
2027;318;beauce_5_sa_091;organique_beauce_5;BTH;;SEMIS;semis;0.0;2.4;;;;;;;;;;;;;;;;;;;;;;;;;
2027;166;beauce_5_sa_091;organique_beauce_5;BTH;;FERTI;;0.0;0.0;;;;;;AN;mineral;N;;4.7;4.7;0.0;0.0;;;;;;;;;;;;
2027;274;beauce_5_sa_091;organique_beauce_5;BTH;;TRAVAIL_SOL;travail_sol_1;0.0;4.7;;;;;;;;;;;;;;;;;;;;;;;;;
2027;230;beauce_5_sa_092;organique_beauce_5;BTH;;RECOLTE;;0.0;0.0;6.05;;;;;;;;;;;;;0.0;5.35;3.0;;;;;;;;;
2027;261;beauce_5_sa_092;organique_beauce_5;BTH;;SEMIS;semis;0.0;3.3;;;;;;;;;;;;;;;;;;;;;;;;;
2027;61;beauce_5_sa_092;organique_beauce_5;BTH;;FERTI;;0.0;0.0;;;;;;AN;mineral;N;;22.2;22.2;0.0;0.0;;;;;;;;;;;;
2027;239;beauce_5_sa_092;organique_beauce_5;BTH;;TRAVAIL_SOL;travail_sol_1;0.0;16.1;;;;;;;;;;;;;;;;;;;;;;;;;
2027;246;beauce_5_sa_092;organique_beauce_5;BTH;;TRAVAIL_SOL;une_reprise;0.0;23.6;;;;;;;;;;;;;;;;;;;;;;;;;
2027;170;beauce_5_sa_093;organique_beauce_5;BTH;;RECOLTE;;0.0;0.0;4.76;;;;;;;;;;;;;0.0;4.21;3.0;;;;;;;;;
2027;314;beauce_5_sa_093;organique_beauce_5;BTH;;SEMIS;semis;0.0;3.5;;;;;;;;;;;;;;;;;;;;;;;;;
2027;330;beauce_5_sa_093;organique_beauce_5;BTH;;FERTI;;0.0;0.0;;;;;;AN;mineral;N;;3.3;3.3;0.0;0.0;;;;;;;;;;;;
2027;284;beauce_5_sa_093;organique_beauce_5;BTH;;TRAVAIL_SOL;travail_sol_1;0.0;19.7;;;;;;;;;;;;;;;;;;;;;;;;;
2027;291;beauce_5_sa_093;organique_beauce_5;BTH;;TRAVAIL_SOL;une_reprise;0.0;7.0;;;;;;;;;;;;;;;;;;;;;;;;;
2027;170;beauce_5_sa_094;organique_beauce_5;BTH;;RECOLTE;;0.0;0.0;8.26;;;;;;;;;;;;;0.0;7.31;3.0;;;;;;;;;
2027;275;beauce_5_sa_094;organique_beauce_5;BTH;;SEMIS;semis;0.0;2.9;;;;;;;;;;;;;;;;;;;;;;;;;
2027;42;beauce_5_sa_094;organique_beauce_5;BTH;;FERTI;;0.0;0.0;;;;;;AN;mineral;N;;1.7;1.7;0.0;0.0;;;;;;;;;;;;
2027;115;beauce_5_sa_094;organique_beauce_5;BTH;;FERTI;;0.0;0.0;;;;;;AN;mineral;N;;79.3;79.3;0.0;0.0;;;;;;;;;;;;
2027;230;beauce_5_sa_095;organique_beauce_5;BTH;;RECOLTE;;0.0;0.0;7.59;;;;;;;;;;;;;0.0;6.71;3.0;;;;;;;;;
2027;280;beauce_5_sa_095;organique_beauce_5;BTH;;SEMIS;semis;0.0;3.7;;;;;;;;;;;;;;;;;;;;;;;;;
2027;150;beauce_5_sa_095;organique_beauce_5;BTH;;FERTI;;0.0;0.0;;;;;;AN;mineral;N;;56.1;56.1;0.0;0.0;;;;;;;;;;;;
2027;227;beauce_5_sa_096;organique_beauce_5;BTH;;RECOLTE;;0.0;0.0;4.69;;;;;;;;;;;;;0.0;4.15;3.0;;;;;;;;;
2027;293;beauce_5_sa_096;organique_beauce_5;BTH;;SEMIS;semis;0.0;2.1;;;;;;;;;;;;;;;;;;;;;;;;;
2027;277;beauce_5_sa_096;organique_beauce_5;BTH;;TRAVAIL_SOL;travail_sol_1;0.0;24.9;;;;;;;;;;;;;;;;;;;;;;;;;
2027;230;beauce_5_sa_097;organique_beauce_5;BTH;;RECOLTE;;0.0;0.0;6.45;;;;;;;;;;;;;0.0;5.71;3.0;;;;;;;;;
2027;316;beauce_5_sa_097;organique_beauce_5;BTH;;SEMIS;semis;0.0;1.0;;;;;;;;;;;;;;;;;;;;;;;;;
2027;58;beauce_5_sa_097;organique_beauce_5;BTH;;FERTI;;0.0;0.0;;;;;;AN;mineral;N;;25.4;25.4;0.0;0.0;;;;;;;;;;;;
2027;335;beauce_5_sa_097;organique_beauce_5;BTH;;FERTI;;0.0;0.0;;;;;;AN;mineral;N;;6.6;6.6;0.0;0.0;;;;;;;;;;;;
2027;302;beauce_5_sa_097;organique_beauce_5;BTH;;TRAVAIL_SOL;travail_sol_1;0.0;19.4;;;;;;;;;;;;;;;;;;;;;;;;;
2027;202;beauce_5_sa_098;organique_beauce_5;BTH;;RECOLTE;;0.0;0.0;5.25;;;;;;;;;;;;;0.0;4.65;3.0;;;;;;;;;
2027;283;beauce_5_sa_098;organique_beauce_5;BTH;;SEMIS;semis;0.0;2.3;;;;;;;;;;;;;;;;;;;;;;;;;
2027;123;beauce_5_sa_098;organique_beauce_5;BTH;;FERTI;;0.0;0.0;;;;;;AN;mineral;N;;3.9;3.9;0.0;0.0;;;;;;;;;;;;
2027;146;beauce_5_sa_098;organique_beauce_5;BTH;;FERTI;;0.0;0.0;;;;;;AN;mineral;N;;5.2;5.2;0.0;0.0;;;;;;;;;;;;
2027;248;beauce_5_sa_098;organique_beauce_5;BTH;;TRAVAIL_SOL;travail_sol_1;0.0;8.2;;;;;;;;;;;;;;;;;;;;;;;;;
2027;186;beauce_5_sa_099;organique_beauce_5;BTH;;RECOLTE;;0.0;0.0;4.9;;;;;;;;;;;;;0.0;4.34;3.0;;;;;;;;;
2027;284;beauce_5_sa_099;organique_beauce_5;BTH;;SEMIS;semis;0.0;1.7;;;;;;;;;;;;;;;;;;;;;;;;;
2027;25;beauce_5_sa_099;organique_beauce_5;BTH;;FERTI;;0.0;0.0;;;;;;AN;mineral;N;;1.6;1.6;0.0;0.0;;;;;;;;;;;;
2027;265;beauce_5_sa_099;organique_beauce_5;BTH;;TRAVAIL_SOL;travail_sol_1;0.0;5.9;;;;;;;;;;;;;;;;;;;;;;;;;
2028;228;beauce_5_sa_000;organique_beauce_5;BTH;;RECOLTE;;0.0;0.0;7.09;;;;;;;;;;;;;0.0;6.27;3.0;;;;;;;;;
2028;315;beauce_5_sa_000;organique_beauce_5;BTH;;SEMIS;semis;0.0;3.9;;;;;;;;;;;;;;;;;;;;;;;;;
2028;85;beauce_5_sa_000;organique_beauce_5;BTH;;FERTI;;0.0;0.0;;;;;;AN;mineral;N;;36.2;36.2;0.0;0.0;;;;;;;;;;;;
2028;215;beauce_5_sa_001;organique_beauce_5;BTH;;RECOLTE;;0.0;0.0;5.43;;;;;;;;;;;;;0.0;4.81;3.0;;;;;;;;;
2028;266;beauce_5_sa_001;organique_beauce_5;BTH;;SEMIS;semis;0.0;3.9;;;;;;;;;;;;;;;;;;;;;;;;;
2028;256;beauce_5_sa_001;organique_beauce_5;BTH;;TRAVAIL_SOL;travail_sol_1;0.0;22.9;;;;;;;;;;;;;;;;;;;;;;;;;
2028;178;beauce_5_sa_002;organique_beauce_5;BTH;;RECOLTE;;0.0;0.0;8.19;;;;;;;;;;;;;0.0;7.24;3.0;;;;;;;;;
2028;312;beauce_5_sa_002;organique_beauce_5;BTH;;SEMIS;semis;0.0;1.7;;;;;;;;;;;;;;;;;;;;;;;;;
2028;120;beauce_5_sa_002;organique_beauce_5;BTH;;FERTI;;0.0;0.0;;;;;;AN;mineral;N;;40.7;40.7;0.0;0.0;;;;;;;;;;;;
2028;121;beauce_5_sa_002;organique_beauce_5;BTH;;FERTI;;0.0;0.0;;;;;;AN;mineral;N;;31.4;31.4;0.0;0.0;;;;;;;;;;;;
2028;346;beauce_5_sa_002;organique_beauce_5;BTH;;FERTI;;0.0;0.0;;;;;;AN;mineral;N;;6.9;6.9;0.0;0.0;;;;;;;;;;;;
2028;195;beauce_5_sa_003;organique_beauce_5;BTH;;RECOLTE;;0.0;0.0;6.74;;;;;;;;;;;;;0.0;5.96;3.0;;;;;;;;;
2028;303;beauce_5_sa_003;organique_beauce_5;BTH;;SEMIS;semis;0.0;3.6;;;;;;;;;;;;;;;;;;;;;;;;;
2028;117;beauce_5_sa_003;organique_beauce_5;BTH;;FERTI;;0.0;0.0;;;;;;AN;mineral;N;;23.8;23.8;0.0;0.0;;;;;;;;;;;;
2028;133;beauce_5_sa_003;organique_beauce_5;BTH;;FERTI;;0.0;0.0;;;;;;AN;mineral;N;;1.3;1.3;0.0;0.0;;;;;;;;;;;;
2028;134;beauce_5_sa_003;organique_beauce_5;BTH;;FERTI;;0.0;0.0;;;;;;AN;mineral;N;;4.6;4.6;0.0;0.0;;;;;;;;;;;;
2028;260;beauce_5_sa_003;organique_beauce_5;BTH;;TRAVAIL_SOL;travail_sol_1;0.0;19.5;;;;;;;;;;;;;;;;;;;;;;;;;
2028;226;beauce_5_sa_004;organique_beauce_5;BTH;;RECOLTE;;0.0;0.0;5.0;;;;;;;;;;;;;0.0;4.42;3.0;;;;;;;;;
2028;307;beauce_5_sa_004;organique_beauce_5;BTH;;SEMIS;semis;0.0;3.6;;;;;;;;;;;;;;;;;;;;;;;;;
2028;228;beauce_5_sa_005;organique_beauce_5;BTH;;RECOLTE;;0.0;0.0;5.4;;;;;;;;;;;;;0.0;4.77;3.0;;;;;;;;;
2028;277;beauce_5_sa_005;organique_beauce_5;BTH;;SEMIS;semis;0.0;1.2;;;;;;;;;;;;;;;;;;;;;;;;;
2028;207;beauce_5_sa_006;organique_beauce_5;BTH;;RECOLTE;;0.0;0.0;7.96;;;;;;;;;;;;;0.0;7.04;3.0;;;;;;;;;
2028;317;beauce_5_sa_006;organique_beauce_5;BTH;;SEMIS;semis;0.0;1.5;;;;;;;;;;;;;;;;;;;;;;;;;
2028;142;beauce_5_sa_006;organique_beauce_5;BTH;;FERTI;;0.0;0.0;;;;;;AN;mineral;N;;1.4;1.4;0.0;0.0;;;;;;;;;;;;
2028;143;beauce_5_sa_006;organique_beauce_5;BTH;;FERTI;;0.0;0.0;;;;;;AN;mineral;N;;75.7;75.7;0.0;0.0;;;;;;;;;;;;
2028;354;beauce_5_sa_006;organique_beauce_5;BTH;;FERTI;;0.0;0.0;;;;;;AN;mineral;N;;2.2;2.2;0.0;0.0;;;;;;;;;;;;
2028;281;beauce_5_sa_006;organique_beauce_5;BTH;;TRAVAIL_SOL;travail_sol_1;0.0;6.4;;;;;;;;;;;;;;;;;;;;;;;;;
2028;189;beauce_5_sa_007;organique_beauce_5;BTH;;RECOLTE;;0.0;0.0;5.13;;;;;;;;;;;;;0.0;4.54;3.0;;;;;;;;;
2028;301;beauce_5_sa_007;organique_beauce_5;BTH;;SEMIS;semis;0.0;3.6;;;;;;;;;;;;;;;;;;;;;;;;;
2028;271;beauce_5_sa_007;organique_beauce_5;BTH;;TRAVAIL_SOL;travail_sol_1;0.0;14.6;;;;;;;;;;;;;;;;;;;;;;;;;
2028;278;beauce_5_sa_007;organique_beauce_5;BTH;;TRAVAIL_SOL;une_reprise;0.0;17.3;;;;;;;;;;;;;;;;;;;;;;;;;
2028;172;beauce_5_sa_008;organique_beauce_5;BTH;;RECOLTE;;0.0;0.0;8.38;;;;;;;;;;;;;0.0;7.41;3.0;;;;;;;;;
2028;274;beauce_5_sa_008;organique_beauce_5;BTH;;SEMIS;semis;0.0;1.2;;;;;;;;;;;;;;;;;;;;;;;;;
2028;153;beauce_5_sa_008;organique_beauce_5;BTH;;FERTI;;0.0;0.0;;;;;;AN;mineral;N;;14.4;14.4;0.0;0.0;;;;;;;;;;;;
2028;154;beauce_5_sa_008;organique_beauce_5;BTH;;FERTI;;0.0;0.0;;;;;;AN;mineral;N;;63.1;63.1;0.0;0.0;;;;;;;;;;;;
2028;350;beauce_5_sa_008;organique_beauce_5;BTH;;FERTI;;0.0;0.0;;;;;;AN;mineral;N;;4.2;4.2;0.0;0.0;;;;;;;;;;;;
2028;210;beauce_5_sa_009;organique_beauce_5;BTH;;RECOLTE;;0.0;0.0;5.63;;;;;;;;;;;;;0.0;4.98;3.0;;;;;;;;;
2028;310;beauce_5_sa_009;organique_beauce_5;BTH;;SEMIS;semis;0.0;3.8;;;;;;;;;;;;;;;;;;;;;;;;;
2028;166;beauce_5_sa_009;organique_beauce_5;BTH;;FERTI;;0.0;0.0;;;;;;AN;mineral;N;;2.6;2.6;0.0;0.0;;;;;;;;;;;;
2028;167;beauce_5_sa_009;organique_beauce_5;BTH;;FERTI;;0.0;0.0;;;;;;AN;mineral;N;;7.5;7.5;0.0;0.0;;;;;;;;;;;;
2028;295;beauce_5_sa_009;organique_beauce_5;BTH;;TRAVAIL_SOL;travail_sol_1;0.0;6.6;;;;;;;;;;;;;;;;;;;;;;;;;
2028;222;beauce_5_sa_010;organique_beauce_5;BTH;;RECOLTE;;0.0;0.0;6.34;;;;;;;;;;;;;0.0;5.6;3.0;;;;;;;;;
2028;266;beauce_5_sa_010;organique_beauce_5;BTH;;SEMIS;semis;0.0;1.8;;;;;;;;;;;;;;;;;;;;;;;;;
2028;1;beauce_5_sa_010;organique_beauce_5;BTH;;FERTI;;0.0;0.0;;;;;;AN;mineral;N;;21.4;21.4;0.0;0.0;;;;;;;;;;;;
2028;252;beauce_5_sa_010;organique_beauce_5;BTH;;TRAVAIL_SOL;travail_sol_1;0.0;21.3;;;;;;;;;;;;;;;;;;;;;;;;;
2028;206;beauce_5_sa_011;organique_beauce_5;BTH;;RECOLTE;;0.0;0.0;5.32;;;;;;;;;;;;;0.0;4.71;3.0;;;;;;;;;
2028;277;beauce_5_sa_011;organique_beauce_5;BTH;;SEMIS;semis;0.0;3.0;;;;;;;;;;;;;;;;;;;;;;;;;
2028;2;beauce_5_sa_011;organique_beauce_5;BTH;;FERTI;;0.0;0.0;;;;;;AN;mineral;N;;3.3;3.3;0.0;0.0;;;;;;;;;;;;
2028;196;beauce_5_sa_012;organique_beauce_5;BTH;;RECOLTE;;0.0;0.0;8.49;;;;;;;;;;;;;0.0;7.51;3.0;;;;;;;;;
2028;265;beauce_5_sa_012;organique_beauce_5;BTH;;SEMIS;semis;0.0;3.9;;;;;;;;;;;;;;;;;;;;;;;;;
2028;152;beauce_5_sa_012;organique_beauce_5;BTH;;FERTI;;0.0;0.0;;;;;;AN;mineral;N;;74.3;74.3;0.0;0.0;;;;;;;;;;;;
2028;153;beauce_5_sa_012;organique_beauce_5;BTH;;FERTI;;0.0;0.0;;;;;;AN;mineral;N;;3.6;3.6;0.0;0.0;;;;;;;;;;;;
2028;180;beauce_5_sa_013;organique_beauce_5;BTH;;RECOLTE;;0.0;0.0;8.95;;;;;;;;;;;;;0.0;7.92;3.0;;;;;;;;;
2028;290;beauce_5_sa_013;organique_beauce_5;BTH;;SEMIS;semis;0.0;1.4;;;;;;;;;;;;;;;;;;;;;;;;;
2028;75;beauce_5_sa_013;organique_beauce_5;BTH;;FERTI;;0.0;0.0;;;;;;AN;mineral;N;;44.4;44.4;0.0;0.0;;;;;;;;;;;;
2028;76;beauce_5_sa_013;organique_beauce_5;BTH;;FERTI;;0.0;0.0;;;;;;AN;mineral;N;;46.8;46.8;0.0;0.0;;;;;;;;;;;;
2028;94;beauce_5_sa_013;organique_beauce_5;BTH;;FERTI;;0.0;0.0;;;;;;AN;mineral;N;;14.8;14.8;0.0;0.0;;;;;;;;;;;;
2028;276;beauce_5_sa_013;organique_beauce_5;BTH;;TRAVAIL_SOL;travail_sol_1;0.0;4.6;;;;;;;;;;;;;;;;;;;;;;;;;
2028;283;beauce_5_sa_013;organique_beauce_5;BTH;;TRAVAIL_SOL;une_reprise;0.0;16.0;;;;;;;;;;;;;;;;;;;;;;;;;
2028;223;beauce_5_sa_014;organique_beauce_5;BTH;;RECOLTE;;0.0;0.0;6.45;;;;;;;;;;;;;0.0;5.7;3.0;;;;;;;;;
2028;278;beauce_5_sa_014;organique_beauce_5;BTH;;SEMIS;semis;0.0;1.6;;;;;;;;;;;;;;;;;;;;;;;;;
2028;141;beauce_5_sa_014;organique_beauce_5;BTH;;FERTI;;0.0;0.0;;;;;;AN;mineral;N;;34.7;34.7;0.0;0.0;;;;;;;;;;;;
2028;270;beauce_5_sa_014;organique_beauce_5;BTH;;TRAVAIL_SOL;travail_sol_1;0.0;9.9;;;;;;;;;;;;;;;;;;;;;;;;;
2028;227;beauce_5_sa_015;organique_beauce_5;BTH;;RECOLTE;;0.0;0.0;7.85;;;;;;;;;;;;;0.0;6.94;3.0;;;;;;;;;
2028;267;beauce_5_sa_015;organique_beauce_5;BTH;;SEMIS;semis;0.0;3.6;;;;;;;;;;;;;;;;;;;;;;;;;
2028;97;beauce_5_sa_015;organique_beauce_5;BTH;;FERTI;;0.0;0.0;;;;;;AN;mineral;N;;22.5;22.5;0.0;0.0;;;;;;;;;;;;
2028;98;beauce_5_sa_015;organique_beauce_5;BTH;;FERTI;;0.0;0.0;;;;;;AN;mineral;N;;3.4;3.4;0.0;0.0;;;;;;;;;;;;
2028;161;beauce_5_sa_015;organique_beauce_5;BTH;;FERTI;;0.0;0.0;;;;;;AN;mineral;N;;27.1;27.1;0.0;0.0;;;;;;;;;;;;
2028;237;beauce_5_sa_015;organique_beauce_5;BTH;;TRAVAIL_SOL;travail_sol_1;0.0;13.4;;;;;;;;;;;;;;;;;;;;;;;;;
2028;244;beauce_5_sa_015;organique_beauce_5;BTH;;TRAVAIL_SOL;une_reprise;0.0;17.8;;;;;;;;;;;;;;;;;;;;;;;;;
2028;179;beauce_5_sa_016;organique_beauce_5;BTH;;RECOLTE;;0.0;0.0;6.64;;;;;;;;;;;;;0.0;5.87;3.0;;;;;;;;;
2028;262;beauce_5_sa_016;organique_beauce_5;BTH;;SEMIS;semis;0.0;2.8;;;;;;;;;;;;;;;;;;;;;;;;;
2028;131;beauce_5_sa_016;organique_beauce_5;BTH;;FERTI;;0.0;0.0;;;;;;AN;mineral;N;;5.1;5.1;0.0;0.0;;;;;;;;;;;;
2028;132;beauce_5_sa_016;organique_beauce_5;BTH;;FERTI;;0.0;0.0;;;;;;AN;mineral;N;;13.9;13.9;0.0;0.0;;;;;;;;;;;;
2028;226;beauce_5_sa_016;organique_beauce_5;BTH;;TRAVAIL_SOL;travail_sol_1;0.0;15.3;;;;;;;;;;;;;;;;;;;;;;;;;
2028;233;beauce_5_sa_016;organique_beauce_5;BTH;;TRAVAIL_SOL;une_reprise;0.0;20.0;;;;;;;;;;;;;;;;;;;;;;;;;
2028;202;beauce_5_sa_017;organique_beauce_5;BTH;;RECOLTE;;0.0;0.0;5.2;;;;;;;;;;;;;0.0;4.6;3.0;;;;;;;;;
2028;294;beauce_5_sa_017;organique_beauce_5;BTH;;SEMIS;semis;0.0;3.8;;;;;;;;;;;;;;;;;;;;;;;;;
2028;9;beauce_5_sa_017;organique_beauce_5;BTH;;FERTI;;0.0;0.0;;;;;;AN;mineral;N;;1.9;1.9;0.0;0.0;;;;;;;;;;;;
2028;268;beauce_5_sa_017;organique_beauce_5;BTH;;TRAVAIL_SOL;travail_sol_1;0.0;21.1;;;;;;;;;;;;;;;;;;;;;;;;;
2028;190;beauce_5_sa_018;organique_beauce_5;BTH;;RECOLTE;;0.0;0.0;5.43;;;;;;;;;;;;;0.0;4.81;3.0;;;;;;;;;
2028;260;beauce_5_sa_018;organique_beauce_5;BTH;;SEMIS;semis;0.0;1.5;;;;;;;;;;;;;;;;;;;;;;;;;
2028;246;beauce_5_sa_018;organique_beauce_5;BTH;;TRAVAIL_SOL;travail_sol_1;0.0;21.3;;;;;;;;;;;;;;;;;;;;;;;;;
2028;253;beauce_5_sa_018;organique_beauce_5;BTH;;TRAVAIL_SOL;une_reprise;0.0;8.5;;;;;;;;;;;;;;;;;;;;;;;;;
2028;177;beauce_5_sa_019;organique_beauce_5;BTH;;RECOLTE;;0.0;0.0;5.83;;;;;;;;;;;;;0.0;5.16;3.0;;;;;;;;;
2028;259;beauce_5_sa_019;organique_beauce_5;BTH;;SEMIS;semis;0.0;2.9;;;;;;;;;;;;;;;;;;;;;;;;;
2028;220;beauce_5_sa_019;organique_beauce_5;BTH;;TRAVAIL_SOL;travail_sol_1;0.0;5.9;;;;;;;;;;;;;;;;;;;;;;;;;
2028;211;beauce_5_sa_020;organique_beauce_5;BTH;;RECOLTE;;0.0;0.0;5.91;;;;;;;;;;;;;0.0;5.23;3.0;;;;;;;;;
2028;309;beauce_5_sa_020;organique_beauce_5;BTH;;SEMIS;semis;0.0;1.4;;;;;;;;;;;;;;;;;;;;;;;;;
2028;47;beauce_5_sa_020;organique_beauce_5;BTH;;FERTI;;0.0;0.0;;;;;;AN;mineral;N;;14.0;14.0;0.0;0.0;;;;;;;;;;;;
2028;76;beauce_5_sa_020;organique_beauce_5;BTH;;FERTI;;0.0;0.0;;;;;;AN;mineral;N;;1.4;1.4;0.0;0.0;;;;;;;;;;;;
2028;291;beauce_5_sa_020;organique_beauce_5;BTH;;TRAVAIL_SOL;travail_sol_1;0.0;7.3;;;;;;;;;;;;;;;;;;;;;;;;;
2028;298;beauce_5_sa_020;organique_beauce_5;BTH;;TRAVAIL_SOL;une_reprise;0.0;15.9;;;;;;;;;;;;;;;;;;;;;;;;;
2028;215;beauce_5_sa_021;organique_beauce_5;BTH;;RECOLTE;;0.0;0.0;5.28;;;;;;;;;;;;;0.0;4.67;3.0;;;;;;;;;
2028;287;beauce_5_sa_021;organique_beauce_5;BTH;;SEMIS;semis;0.0;2.4;;;;;;;;;;;;;;;;;;;;;;;;;
2028;343;beauce_5_sa_021;organique_beauce_5;BTH;;FERTI;;0.0;0.0;;;;;;AN;mineral;N;;2.6;2.6;0.0;0.0;;;;;;;;;;;;
2028;270;beauce_5_sa_021;organique_beauce_5;BTH;;TRAVAIL_SOL;travail_sol_1;0.0;23.0;;;;;;;;;;;;;;;;;;;;;;;;;
2028;218;beauce_5_sa_022;organique_beauce_5;BTH;;RECOLTE;;0.0;0.0;7.09;;;;;;;;;;;;;0.0;6.27;3.0;;;;;;;;;
2028;308;beauce_5_sa_022;organique_beauce_5;BTH;;SEMIS;semis;0.0;3.0;;;;;;;;;;;;;;;;;;;;;;;;;
2028;61;beauce_5_sa_022;organique_beauce_5;BTH;;FERTI;;0.0;0.0;;;;;;AN;mineral;N;;1.8;1.8;0.0;0.0;;;;;;;;;;;;
2028;89;beauce_5_sa_022;organique_beauce_5;BTH;;FERTI;;0.0;0.0;;;;;;AN;mineral;N;;35.9;35.9;0.0;0.0;;;;;;;;;;;;
2028;285;beauce_5_sa_022;organique_beauce_5;BTH;;TRAVAIL_SOL;travail_sol_1;0.0;24.5;;;;;;;;;;;;;;;;;;;;;;;;;
2028;292;beauce_5_sa_022;organique_beauce_5;BTH;;TRAVAIL_SOL;une_reprise;0.0;24.0;;;;;;;;;;;;;;;;;;;;;;;;;
2028;220;beauce_5_sa_023;organique_beauce_5;BTH;;RECOLTE;;0.0;0.0;6.36;;;;;;;;;;;;;0.0;5.63;3.0;;;;;;;;;
2028;267;beauce_5_sa_023;organique_beauce_5;BTH;;SEMIS;semis;0.0;1.7;;;;;;;;;;;;;;;;;;;;;;;;;
2028;68;beauce_5_sa_023;organique_beauce_5;BTH;;FERTI;;0.0;0.0;;;;;;AN;mineral;N;;10.4;10.4;0.0;0.0;;;;;;;;;;;;
2028;96;beauce_5_sa_023;organique_beauce_5;BTH;;FERTI;;0.0;0.0;;;;;;AN;mineral;N;;1.3;1.3;0.0;0.0;;;;;;;;;;;;
2028;210;beauce_5_sa_024;organique_beauce_5;BTH;;RECOLTE;;0.0;0.0;8.5;;;;;;;;;;;;;0.0;7.52;3.0;;;;;;;;;
2028;287;beauce_5_sa_024;organique_beauce_5;BTH;;SEMIS;semis;0.0;3.5;;;;;;;;;;;;;;;;;;;;;;;;;
2028;14;beauce_5_sa_024;organique_beauce_5;BTH;;FERTI;;0.0;0.0;;;;;;AN;mineral;N;;36.6;36.6;0.0;0.0;;;;;;;;;;;;
2028;67;beauce_5_sa_024;organique_beauce_5;BTH;;FERTI;;0.0;0.0;;;;;;AN;mineral;N;;40.8;40.8;0.0;0.0;;;;;;;;;;;;
2028;257;beauce_5_sa_024;organique_beauce_5;BTH;;TRAVAIL_SOL;travail_sol_1;0.0;21.5;;;;;;;;;;;;;;;;;;;;;;;;;
2028;211;beauce_5_sa_025;organique_beauce_5;BTH;;RECOLTE;;0.0;0.0;5.67;;;;;;;;;;;;;0.0;5.01;3.0;;;;;;;;;
2028;301;beauce_5_sa_025;organique_beauce_5;BTH;;SEMIS;semis;0.0;1.7;;;;;;;;;;;;;;;;;;;;;;;;;
2028;331;beauce_5_sa_025;organique_beauce_5;BTH;;FERTI;;0.0;0.0;;;;;;AN;mineral;N;;3.7;3.7;0.0;0.0;;;;;;;;;;;;
2028;276;beauce_5_sa_025;organique_beauce_5;BTH;;TRAVAIL_SOL;travail_sol_1;0.0;2.5;;;;;;;;;;;;;;;;;;;;;;;;;
2028;187;beauce_5_sa_026;organique_beauce_5;BTH;;RECOLTE;;0.0;0.0;5.7;;;;;;;;;;;;;0.0;5.04;3.0;;;;;;;;;
2028;307;beauce_5_sa_026;organique_beauce_5;BTH;;SEMIS;semis;0.0;3.7;;;;;;;;;;;;;;;;;;;;;;;;;
2028;127;beauce_5_sa_026;organique_beauce_5;BTH;;FERTI;;0.0;0.0;;;;;;AN;mineral;N;;1.9;1.9;0.0;0.0;;;;;;;;;;;;
2028;334;beauce_5_sa_026;organique_beauce_5;BTH;;FERTI;;0.0;0.0;;;;;;AN;mineral;N;;8.3;8.3;0.0;0.0;;;;;;;;;;;;
2028;198;beauce_5_sa_027;organique_beauce_5;BTH;;RECOLTE;;0.0;0.0;6.1;;;;;;;;;;;;;0.0;5.4;3.0;;;;;;;;;
2028;308;beauce_5_sa_027;organique_beauce_5;BTH;;SEMIS;semis;0.0;3.2;;;;;;;;;;;;;;;;;;;;;;;;;
2028;5;beauce_5_sa_027;organique_beauce_5;BTH;;FERTI;;0.0;0.0;;;;;;AN;mineral;N;;4.5;4.5;0.0;0.0;;;;;;;;;;;;
2028;116;beauce_5_sa_027;organique_beauce_5;BTH;;FERTI;;0.0;0.0;;;;;;AN;mineral;N;;17.1;17.1;0.0;0.0;;;;;;;;;;;;
2028;201;beauce_5_sa_028;organique_beauce_5;BTH;;RECOLTE;;0.0;0.0;8.54;;;;;;;;;;;;;0.0;7.55;3.0;;;;;;;;;
2028;263;beauce_5_sa_028;organique_beauce_5;BTH;;SEMIS;semis;0.0;2.5;;;;;;;;;;;;;;;;;;;;;;;;;
2028;70;beauce_5_sa_028;organique_beauce_5;BTH;;FERTI;;0.0;0.0;;;;;;AN;mineral;N;;1.5;1.5;0.0;0.0;;;;;;;;;;;;
2028;104;beauce_5_sa_028;organique_beauce_5;BTH;;FERTI;;0.0;0.0;;;;;;AN;mineral;N;;56.2;56.2;0.0;0.0;;;;;;;;;;;;
2028;343;beauce_5_sa_028;organique_beauce_5;BTH;;FERTI;;0.0;0.0;;;;;;AN;mineral;N;;9.0;9.0;0.0;0.0;;;;;;;;;;;;
2028;232;beauce_5_sa_028;organique_beauce_5;BTH;;TRAVAIL_SOL;travail_sol_1;0.0;16.4;;;;;;;;;;;;;;;;;;;;;;;;;
2028;221;beauce_5_sa_029;organique_beauce_5;BTH;;RECOLTE;;0.0;0.0;8.57;;;;;;;;;;;;;0.0;7.58;3.0;;;;;;;;;
2028;286;beauce_5_sa_029;organique_beauce_5;BTH;;SEMIS;semis;0.0;1.3;;;;;;;;;;;;;;;;;;;;;;;;;
2028;120;beauce_5_sa_029;organique_beauce_5;BTH;;FERTI;;0.0;0.0;;;;;;AN;mineral;N;;12.6;12.6;0.0;0.0;;;;;;;;;;;;
2028;121;beauce_5_sa_029;organique_beauce_5;BTH;;FERTI;;0.0;0.0;;;;;;AN;mineral;N;;17.2;17.2;0.0;0.0;;;;;;;;;;;;
2028;131;beauce_5_sa_029;organique_beauce_5;BTH;;FERTI;;0.0;0.0;;;;;;AN;mineral;N;;64.8;64.8;0.0;0.0;;;;;;;;;;;;
2028;259;beauce_5_sa_029;organique_beauce_5;BTH;;TRAVAIL_SOL;travail_sol_1;0.0;10.9;;;;;;;;;;;;;;;;;;;;;;;;;
2028;199;beauce_5_sa_030;organique_beauce_5;BTH;;RECOLTE;;0.0;0.0;5.33;;;;;;;;;;;;;0.0;4.71;3.0;;;;;;;;;
2028;295;beauce_5_sa_030;organique_beauce_5;BTH;;SEMIS;semis;0.0;1.8;;;;;;;;;;;;;;;;;;;;;;;;;
2028;107;beauce_5_sa_030;organique_beauce_5;BTH;;FERTI;;0.0;0.0;;;;;;AN;mineral;N;;1.9;1.9;0.0;0.0;;;;;;;;;;;;
2028;258;beauce_5_sa_030;organique_beauce_5;BTH;;TRAVAIL_SOL;travail_sol_1;0.0;22.7;;;;;;;;;;;;;;;;;;;;;;;;;
2028;265;beauce_5_sa_030;organique_beauce_5;BTH;;TRAVAIL_SOL;une_reprise;0.0;24.6;;;;;;;;;;;;;;;;;;;;;;;;;
2028;209;beauce_5_sa_031;organique_beauce_5;BTH;;RECOLTE;;0.0;0.0;5.02;;;;;;;;;;;;;0.0;4.44;3.0;;;;;;;;;
2028;319;beauce_5_sa_031;organique_beauce_5;BTH;;SEMIS;semis;0.0;1.6;;;;;;;;;;;;;;;;;;;;;;;;;
2028;275;beauce_5_sa_031;organique_beauce_5;BTH;;TRAVAIL_SOL;travail_sol_1;0.0;11.8;;;;;;;;;;;;;;;;;;;;;;;;;
2028;282;beauce_5_sa_031;organique_beauce_5;BTH;;TRAVAIL_SOL;une_reprise;0.0;13.8;;;;;;;;;;;;;;;;;;;;;;;;;
2028;203;beauce_5_sa_032;organique_beauce_5;BTH;;RECOLTE;;0.0;0.0;5.5;;;;;;;;;;;;;0.0;4.87;3.0;;;;;;;;;
2028;272;beauce_5_sa_032;organique_beauce_5;BTH;;SEMIS;semis;0.0;2.4;;;;;;;;;;;;;;;;;;;;;;;;;
2028;246;beauce_5_sa_032;organique_beauce_5;BTH;;TRAVAIL_SOL;travail_sol_1;0.0;8.5;;;;;;;;;;;;;;;;;;;;;;;;;
2028;253;beauce_5_sa_032;organique_beauce_5;BTH;;TRAVAIL_SOL;une_reprise;0.0;11.2;;;;;;;;;;;;;;;;;;;;;;;;;
2028;212;beauce_5_sa_033;organique_beauce_5;BTH;;RECOLTE;;0.0;0.0;8.38;;;;;;;;;;;;;0.0;7.42;3.0;;;;;;;;;
2028;282;beauce_5_sa_033;organique_beauce_5;BTH;;SEMIS;semis;0.0;2.2;;;;;;;;;;;;;;;;;;;;;;;;;
2028;117;beauce_5_sa_033;organique_beauce_5;BTH;;FERTI;;0.0;0.0;;;;;;AN;mineral;N;;79.9;79.9;0.0;0.0;;;;;;;;;;;;
2028;118;beauce_5_sa_033;organique_beauce_5;BTH;;FERTI;;0.0;0.0;;;;;;AN;mineral;N;;2.4;2.4;0.0;0.0;;;;;;;;;;;;
2028;270;beauce_5_sa_033;organique_beauce_5;BTH;;TRAVAIL_SOL;travail_sol_1;0.0;11.5;;;;;;;;;;;;;;;;;;;;;;;;;
2028;277;beauce_5_sa_033;organique_beauce_5;BTH;;TRAVAIL_SOL;une_reprise;0.0;15.5;;;;;;;;;;;;;;;;;;;;;;;;;
2028;184;beauce_5_sa_034;organique_beauce_5;BTH;;RECOLTE;;0.0;0.0;6.66;;;;;;;;;;;;;0.0;5.89;3.0;;;;;;;;;
2028;317;beauce_5_sa_034;organique_beauce_5;BTH;;SEMIS;semis;0.0;3.6;;;;;;;;;;;;;;;;;;;;;;;;;
2028;64;beauce_5_sa_034;organique_beauce_5;BTH;;FERTI;;0.0;0.0;;;;;;AN;mineral;N;;12.1;12.1;0.0;0.0;;;;;;;;;;;;
2028;130;beauce_5_sa_034;organique_beauce_5;BTH;;FERTI;;0.0;0.0;;;;;;AN;mineral;N;;18.8;18.8;0.0;0.0;;;;;;;;;;;;
2028;299;beauce_5_sa_034;organique_beauce_5;BTH;;TRAVAIL_SOL;travail_sol_1;0.0;20.6;;;;;;;;;;;;;;;;;;;;;;;;;
2028;225;beauce_5_sa_035;organique_beauce_5;BTH;;RECOLTE;;0.0;0.0;5.68;;;;;;;;;;;;;0.0;5.03;3.0;;;;;;;;;
2028;312;beauce_5_sa_035;organique_beauce_5;BTH;;SEMIS;semis;0.0;2.5;;;;;;;;;;;;;;;;;;;;;;;;;
2028;80;beauce_5_sa_035;organique_beauce_5;BTH;;FERTI;;0.0;0.0;;;;;;AN;mineral;N;;2.4;2.4;0.0;0.0;;;;;;;;;;;;
2028;98;beauce_5_sa_035;organique_beauce_5;BTH;;FERTI;;0.0;0.0;;;;;;AN;mineral;N;;9.2;9.2;0.0;0.0;;;;;;;;;;;;
2028;279;beauce_5_sa_035;organique_beauce_5;BTH;;TRAVAIL_SOL;travail_sol_1;0.0;6.1;;;;;;;;;;;;;;;;;;;;;;;;;
2028;222;beauce_5_sa_036;organique_beauce_5;BTH;;RECOLTE;;0.0;0.0;8.7;;;;;;;;;;;;;0.0;7.7;3.0;;;;;;;;;
2028;305;beauce_5_sa_036;organique_beauce_5;BTH;;SEMIS;semis;0.0;3.5;;;;;;;;;;;;;;;;;;;;;;;;;
2028;131;beauce_5_sa_036;organique_beauce_5;BTH;;FERTI;;0.0;0.0;;;;;;AN;mineral;N;;90.6;90.6;0.0;0.0;;;;;;;;;;;;
2028;165;beauce_5_sa_036;organique_beauce_5;BTH;;FERTI;;0.0;0.0;;;;;;AN;mineral;N;;12.6;12.6;0.0;0.0;;;;;;;;;;;;
2028;166;beauce_5_sa_036;organique_beauce_5;BTH;;FERTI;;0.0;0.0;;;;;;AN;mineral;N;;3.2;3.2;0.0;0.0;;;;;;;;;;;;
2028;276;beauce_5_sa_036;organique_beauce_5;BTH;;TRAVAIL_SOL;travail_sol_1;0.0;19.3;;;;;;;;;;;;;;;;;;;;;;;;;
2028;172;beauce_5_sa_037;organique_beauce_5;BTH;;RECOLTE;;0.0;0.0;5.51;;;;;;;;;;;;;0.0;4.88;3.0;;;;;;;;;
2028;314;beauce_5_sa_037;organique_beauce_5;BTH;;SEMIS;semis;0.0;1.8;;;;;;;;;;;;;;;;;;;;;;;;;
2028;84;beauce_5_sa_037;organique_beauce_5;BTH;;FERTI;;0.0;0.0;;;;;;AN;mineral;N;;3.5;3.5;0.0;0.0;;;;;;;;;;;;
2028;170;beauce_5_sa_038;organique_beauce_5;BTH;;RECOLTE;;0.0;0.0;7.83;;;;;;;;;;;;;0.0;6.93;3.0;;;;;;;;;
2028;286;beauce_5_sa_038;organique_beauce_5;BTH;;SEMIS;semis;0.0;2.9;;;;;;;;;;;;;;;;;;;;;;;;;
2028;95;beauce_5_sa_038;organique_beauce_5;BTH;;FERTI;;0.0;0.0;;;;;;AN;mineral;N;;10.6;10.6;0.0;0.0;;;;;;;;;;;;
2028;151;beauce_5_sa_038;organique_beauce_5;BTH;;FERTI;;0.0;0.0;;;;;;AN;mineral;N;;44.4;44.4;0.0;0.0;;;;;;;;;;;;
2028;163;beauce_5_sa_038;organique_beauce_5;BTH;;FERTI;;0.0;0.0;;;;;;AN;mineral;N;;10.3;10.3;0.0;0.0;;;;;;;;;;;;
2028;175;beauce_5_sa_039;organique_beauce_5;BTH;;RECOLTE;;0.0;0.0;5.59;;;;;;;;;;;;;0.0;4.94;3.0;;;;;;;;;
2028;271;beauce_5_sa_039;organique_beauce_5;BTH;;SEMIS;semis;0.0;2.7;;;;;;;;;;;;;;;;;;;;;;;;;
2028;23;beauce_5_sa_039;organique_beauce_5;BTH;;FERTI;;0.0;0.0;;;;;;AN;mineral;N;;3.1;3.1;0.0;0.0;;;;;;;;;;;;
2028;230;beauce_5_sa_039;organique_beauce_5;BTH;;TRAVAIL_SOL;travail_sol_1;0.0;10.5;;;;;;;;;;;;;;;;;;;;;;;;;
2028;237;beauce_5_sa_039;organique_beauce_5;BTH;;TRAVAIL_SOL;une_reprise;0.0;16.3;;;;;;;;;;;;;;;;;;;;;;;;;
2028;176;beauce_5_sa_040;organique_beauce_5;BTH;;RECOLTE;;0.0;0.0;5.26;;;;;;;;;;;;;0.0;4.65;3.0;;;;;;;;;
2028;294;beauce_5_sa_040;organique_beauce_5;BTH;;SEMIS;semis;0.0;2.4;;;;;;;;;;;;;;;;;;;;;;;;;
2028;181;beauce_5_sa_041;organique_beauce_5;BTH;;RECOLTE;;0.0;0.0;5.22;;;;;;;;;;;;;0.0;4.62;3.0;;;;;;;;;
2028;288;beauce_5_sa_041;organique_beauce_5;BTH;;SEMIS;semis;0.0;3.5;;;;;;;;;;;;;;;;;;;;;;;;;
2028;259;beauce_5_sa_041;organique_beauce_5;BTH;;TRAVAIL_SOL;travail_sol_1;0.0;1.0;;;;;;;;;;;;;;;;;;;;;;;;;
2028;266;beauce_5_sa_041;organique_beauce_5;BTH;;TRAVAIL_SOL;une_reprise;0.0;11.5;;;;;;;;;;;;;;;;;;;;;;;;;
2028;185;beauce_5_sa_042;organique_beauce_5;BTH;;RECOLTE;;0.0;0.0;6.38;;;;;;;;;;;;;0.0;5.65;3.0;;;;;;;;;
2028;297;beauce_5_sa_042;organique_beauce_5;BTH;;SEMIS;semis;0.0;2.2;;;;;;;;;;;;;;;;;;;;;;;;;
2028;29;beauce_5_sa_042;organique_beauce_5;BTH;;FERTI;;0.0;0.0;;;;;;AN;mineral;N;;2.3;2.3;0.0;0.0;;;;;;;;;;;;
2028;138;beauce_5_sa_042;organique_beauce_5;BTH;;FERTI;;0.0;0.0;;;;;;AN;mineral;N;;18.5;18.5;0.0;0.0;;;;;;;;;;;;
2028;263;beauce_5_sa_042;organique_beauce_5;BTH;;TRAVAIL_SOL;travail_sol_1;0.0;6.7;;;;;;;;;;;;;;;;;;;;;;;;;
2028;270;beauce_5_sa_042;organique_beauce_5;BTH;;TRAVAIL_SOL;une_reprise;0.0;18.9;;;;;;;;;;;;;;;;;;;;;;;;;
2028;217;beauce_5_sa_043;organique_beauce_5;BTH;;RECOLTE;;0.0;0.0;8.76;;;;;;;;;;;;;0.0;7.75;3.0;;;;;;;;;
2028;310;beauce_5_sa_043;organique_beauce_5;BTH;;SEMIS;semis;0.0;3.6;;;;;;;;;;;;;;;;;;;;;;;;;
2028;77;beauce_5_sa_043;organique_beauce_5;BTH;;FERTI;;0.0;0.0;;;;;;AN;mineral;N;;34.3;34.3;0.0;0.0;;;;;;;;;;;;
2028;365;beauce_5_sa_043;organique_beauce_5;BTH;;FERTI;;0.0;0.0;;;;;;AN;mineral;N;;56.9;56.9;0.0;0.0;;;;;;;;;;;;
2028;288;beauce_5_sa_043;organique_beauce_5;BTH;;TRAVAIL_SOL;travail_sol_1;0.0;9.5;;;;;;;;;;;;;;;;;;;;;;;;;
2028;215;beauce_5_sa_044;organique_beauce_5;BTH;;RECOLTE;;0.0;0.0;5.28;;;;;;;;;;;;;0.0;4.67;3.0;;;;;;;;;
2028;274;beauce_5_sa_044;organique_beauce_5;BTH;;SEMIS;semis;0.0;1.3;;;;;;;;;;;;;;;;;;;;;;;;;
2028;263;beauce_5_sa_044;organique_beauce_5;BTH;;TRAVAIL_SOL;travail_sol_1;0.0;20.4;;;;;;;;;;;;;;;;;;;;;;;;;
2028;181;beauce_5_sa_045;organique_beauce_5;BTH;;RECOLTE;;0.0;0.0;6.97;;;;;;;;;;;;;0.0;6.17;3.0;;;;;;;;;
2028;286;beauce_5_sa_045;organique_beauce_5;BTH;;SEMIS;semis;0.0;2.4;;;;;;;;;;;;;;;;;;;;;;;;;
2028;154;beauce_5_sa_045;organique_beauce_5;BTH;;FERTI;;0.0;0.0;;;;;;AN;mineral;N;;23.2;23.2;0.0;0.0;;;;;;;;;;;;
2028;155;beauce_5_sa_045;organique_beauce_5;BTH;;FERTI;;0.0;0.0;;;;;;AN;mineral;N;;6.1;6.1;0.0;0.0;;;;;;;;;;;;
2028;359;beauce_5_sa_045;organique_beauce_5;BTH;;FERTI;;0.0;0.0;;;;;;AN;mineral;N;;11.3;11.3;0.0;0.0;;;;;;;;;;;;
2028;227;beauce_5_sa_046;organique_beauce_5;BTH;;RECOLTE;;0.0;0.0;5.23;;;;;;;;;;;;;0.0;4.63;3.0;;;;;;;;;
2028;273;beauce_5_sa_046;organique_beauce_5;BTH;;SEMIS;semis;0.0;3.0;;;;;;;;;;;;;;;;;;;;;;;;;
2028;179;beauce_5_sa_047;organique_beauce_5;BTH;;RECOLTE;;0.0;0.0;7.2;;;;;;;;;;;;;0.0;6.37;3.0;;;;;;;;;
2028;280;beauce_5_sa_047;organique_beauce_5;BTH;;SEMIS;semis;0.0;3.5;;;;;;;;;;;;;;;;;;;;;;;;;
2028;327;beauce_5_sa_047;organique_beauce_5;BTH;;FERTI;;0.0;0.0;;;;;;AN;mineral;N;;49.6;49.6;0.0;0.0;;;;;;;;;;;;
2028;243;beauce_5_sa_047;organique_beauce_5;BTH;;TRAVAIL_SOL;travail_sol_1;0.0;17.3;;;;;;;;;;;;;;;;;;;;;;;;;
2028;250;beauce_5_sa_047;organique_beauce_5;BTH;;TRAVAIL_SOL;une_reprise;0.0;6.4;;;;;;;;;;;;;;;;;;;;;;;;;
2028;185;beauce_5_sa_048;organique_beauce_5;BTH;;RECOLTE;;0.0;0.0;8.99;;;;;;;;;;;;;0.0;7.96;3.0;;;;;;;;;
2028;289;beauce_5_sa_048;organique_beauce_5;BTH;;SEMIS;semis;0.0;3.9;;;;;;;;;;;;;;;;;;;;;;;;;
2028;2;beauce_5_sa_048;organique_beauce_5;BTH;;FERTI;;0.0;0.0;;;;;;AN;mineral;N;;76.7;76.7;0.0;0.0;;;;;;;;;;;;
2028;104;beauce_5_sa_048;organique_beauce_5;BTH;;FERTI;;0.0;0.0;;;;;;AN;mineral;N;;97.7;97.7;0.0;0.0;;;;;;;;;;;;
2028;113;beauce_5_sa_048;organique_beauce_5;BTH;;FERTI;;0.0;0.0;;;;;;AN;mineral;N;;1.9;1.9;0.0;0.0;;;;;;;;;;;;
2028;250;beauce_5_sa_048;organique_beauce_5;BTH;;TRAVAIL_SOL;travail_sol_1;0.0;15.1;;;;;;;;;;;;;;;;;;;;;;;;;
2028;257;beauce_5_sa_048;organique_beauce_5;BTH;;TRAVAIL_SOL;une_reprise;0.0;8.8;;;;;;;;;;;;;;;;;;;;;;;;;
2028;190;beauce_5_sa_049;organique_beauce_5;BTH;;RECOLTE;;0.0;0.0;6.89;;;;;;;;;;;;;0.0;6.09;3.0;;;;;;;;;
2028;294;beauce_5_sa_049;organique_beauce_5;BTH;;SEMIS;semis;0.0;2.0;;;;;;;;;;;;;;;;;;;;;;;;;
2028;144;beauce_5_sa_049;organique_beauce_5;BTH;;FERTI;;0.0;0.0;;;;;;AN;mineral;N;;36.0;36.0;0.0;0.0;;;;;;;;;;;;
2028;145;beauce_5_sa_049;organique_beauce_5;BTH;;FERTI;;0.0;0.0;;;;;;AN;mineral;N;;2.6;2.6;0.0;0.0;;;;;;;;;;;;
2028;146;beauce_5_sa_049;organique_beauce_5;BTH;;FERTI;;0.0;0.0;;;;;;AN;mineral;N;;6.8;6.8;0.0;0.0;;;;;;;;;;;;
2028;224;beauce_5_sa_050;organique_beauce_5;BTH;;RECOLTE;;0.0;0.0;5.92;;;;;;;;;;;;;0.0;5.24;3.0;;;;;;;;;
2028;314;beauce_5_sa_050;organique_beauce_5;BTH;;SEMIS;semis;0.0;1.1;;;;;;;;;;;;;;;;;;;;;;;;;
2028;87;beauce_5_sa_050;organique_beauce_5;BTH;;FERTI;;0.0;0.0;;;;;;AN;mineral;N;;16.7;16.7;0.0;0.0;;;;;;;;;;;;
2028;189;beauce_5_sa_051;organique_beauce_5;BTH;;RECOLTE;;0.0;0.0;8.9;;;;;;;;;;;;;0.0;7.87;3.0;;;;;;;;;
2028;260;beauce_5_sa_051;organique_beauce_5;BTH;;SEMIS;semis;0.0;3.6;;;;;;;;;;;;;;;;;;;;;;;;;
2028;74;beauce_5_sa_051;organique_beauce_5;BTH;;FERTI;;0.0;0.0;;;;;;AN;mineral;N;;87.8;87.8;0.0;0.0;;;;;;;;;;;;
2028;99;beauce_5_sa_051;organique_beauce_5;BTH;;FERTI;;0.0;0.0;;;;;;AN;mineral;N;;1.1;1.1;0.0;0.0;;;;;;;;;;;;
2028;164;beauce_5_sa_051;organique_beauce_5;BTH;;FERTI;;0.0;0.0;;;;;;AN;mineral;N;;1.1;1.1;0.0;0.0;;;;;;;;;;;;
2028;254;beauce_5_sa_051;organique_beauce_5;BTH;;TRAVAIL_SOL;travail_sol_1;0.0;24.5;;;;;;;;;;;;;;;;;;;;;;;;;
2028;173;beauce_5_sa_052;organique_beauce_5;BTH;;RECOLTE;;0.0;0.0;6.07;;;;;;;;;;;;;0.0;5.37;3.0;;;;;;;;;
2028;261;beauce_5_sa_052;organique_beauce_5;BTH;;SEMIS;semis;0.0;1.8;;;;;;;;;;;;;;;;;;;;;;;;;
2028;28;beauce_5_sa_052;organique_beauce_5;BTH;;FERTI;;0.0;0.0;;;;;;AN;mineral;N;;9.7;9.7;0.0;0.0;;;;;;;;;;;;
2028;58;beauce_5_sa_052;organique_beauce_5;BTH;;FERTI;;0.0;0.0;;;;;;AN;mineral;N;;1.4;1.4;0.0;0.0;;;;;;;;;;;;
2028;231;beauce_5_sa_052;organique_beauce_5;BTH;;TRAVAIL_SOL;travail_sol_1;0.0;22.0;;;;;;;;;;;;;;;;;;;;;;;;;
2028;238;beauce_5_sa_052;organique_beauce_5;BTH;;TRAVAIL_SOL;une_reprise;0.0;23.3;;;;;;;;;;;;;;;;;;;;;;;;;
2028;173;beauce_5_sa_053;organique_beauce_5;BTH;;RECOLTE;;0.0;0.0;5.48;;;;;;;;;;;;;0.0;4.84;3.0;;;;;;;;;
2028;316;beauce_5_sa_053;organique_beauce_5;BTH;;SEMIS;semis;0.0;3.0;;;;;;;;;;;;;;;;;;;;;;;;;
2028;12;beauce_5_sa_053;organique_beauce_5;BTH;;FERTI;;0.0;0.0;;;;;;AN;mineral;N;;1.5;1.5;0.0;0.0;;;;;;;;;;;;
2028;114;beauce_5_sa_053;organique_beauce_5;BTH;;FERTI;;0.0;0.0;;;;;;AN;mineral;N;;11.3;11.3;0.0;0.0;;;;;;;;;;;;
2028;198;beauce_5_sa_054;organique_beauce_5;BTH;;RECOLTE;;0.0;0.0;8.95;;;;;;;;;;;;;0.0;7.92;3.0;;;;;;;;;
2028;313;beauce_5_sa_054;organique_beauce_5;BTH;;SEMIS;semis;0.0;1.9;;;;;;;;;;;;;;;;;;;;;;;;;
2028;32;beauce_5_sa_054;organique_beauce_5;BTH;;FERTI;;0.0;0.0;;;;;;AN;mineral;N;;7.8;7.8;0.0;0.0;;;;;;;;;;;;
2028;97;beauce_5_sa_054;organique_beauce_5;BTH;;FERTI;;0.0;0.0;;;;;;AN;mineral;N;;78.2;78.2;0.0;0.0;;;;;;;;;;;;
2028;143;beauce_5_sa_054;organique_beauce_5;BTH;;FERTI;;0.0;0.0;;;;;;AN;mineral;N;;84.8;84.8;0.0;0.0;;;;;;;;;;;;
2028;204;beauce_5_sa_055;organique_beauce_5;BTH;;RECOLTE;;0.0;0.0;8.21;;;;;;;;;;;;;0.0;7.27;3.0;;;;;;;;;
2028;277;beauce_5_sa_055;organique_beauce_5;BTH;;SEMIS;semis;0.0;3.4;;;;;;;;;;;;;;;;;;;;;;;;;
2028;144;beauce_5_sa_055;organique_beauce_5;BTH;;FERTI;;0.0;0.0;;;;;;AN;mineral;N;;24.8;24.8;0.0;0.0;;;;;;;;;;;;
2028;145;beauce_5_sa_055;organique_beauce_5;BTH;;FERTI;;0.0;0.0;;;;;;AN;mineral;N;;20.1;20.1;0.0;0.0;;;;;;;;;;;;
2028;146;beauce_5_sa_055;organique_beauce_5;BTH;;FERTI;;0.0;0.0;;;;;;AN;mineral;N;;19.8;19.8;0.0;0.0;;;;;;;;;;;;
2028;261;beauce_5_sa_055;organique_beauce_5;BTH;;TRAVAIL_SOL;travail_sol_1;0.0;7.3;;;;;;;;;;;;;;;;;;;;;;;;;
2028;221;beauce_5_sa_056;organique_beauce_5;BTH;;RECOLTE;;0.0;0.0;5.55;;;;;;;;;;;;;0.0;4.91;3.0;;;;;;;;;
2028;264;beauce_5_sa_056;organique_beauce_5;BTH;;SEMIS;semis;0.0;1.8;;;;;;;;;;;;;;;;;;;;;;;;;
2028;98;beauce_5_sa_056;organique_beauce_5;BTH;;FERTI;;0.0;0.0;;;;;;AN;mineral;N;;1.1;1.1;0.0;0.0;;;;;;;;;;;;
2028;331;beauce_5_sa_056;organique_beauce_5;BTH;;FERTI;;0.0;0.0;;;;;;AN;mineral;N;;1.1;1.1;0.0;0.0;;;;;;;;;;;;
2028;242;beauce_5_sa_056;organique_beauce_5;BTH;;TRAVAIL_SOL;travail_sol_1;0.0;3.9;;;;;;;;;;;;;;;;;;;;;;;;;
2028;249;beauce_5_sa_056;organique_beauce_5;BTH;;TRAVAIL_SOL;une_reprise;0.0;21.0;;;;;;;;;;;;;;;;;;;;;;;;;
2028;215;beauce_5_sa_057;organique_beauce_5;BTH;;RECOLTE;;0.0;0.0;5.32;;;;;;;;;;;;;0.0;4.7;3.0;;;;;;;;;
2028;296;beauce_5_sa_057;organique_beauce_5;BTH;;SEMIS;semis;0.0;1.1;;;;;;;;;;;;;;;;;;;;;;;;;
2028;74;beauce_5_sa_057;organique_beauce_5;BTH;;FERTI;;0.0;0.0;;;;;;AN;mineral;N;;2.9;2.9;0.0;0.0;;;;;;;;;;;;
2028;278;beauce_5_sa_057;organique_beauce_5;BTH;;TRAVAIL_SOL;travail_sol_1;0.0;14.3;;;;;;;;;;;;;;;;;;;;;;;;;
2028;184;beauce_5_sa_058;organique_beauce_5;BTH;;RECOLTE;;0.0;0.0;5.67;;;;;;;;;;;;;0.0;5.02;3.0;;;;;;;;;
2028;265;beauce_5_sa_058;organique_beauce_5;BTH;;SEMIS;semis;0.0;3.1;;;;;;;;;;;;;;;;;;;;;;;;;
2028;27;beauce_5_sa_058;organique_beauce_5;BTH;;FERTI;;0.0;0.0;;;;;;AN;mineral;N;;1.3;1.3;0.0;0.0;;;;;;;;;;;;
2028;252;beauce_5_sa_058;organique_beauce_5;BTH;;TRAVAIL_SOL;travail_sol_1;0.0;4.5;;;;;;;;;;;;;;;;;;;;;;;;;
2028;259;beauce_5_sa_058;organique_beauce_5;BTH;;TRAVAIL_SOL;une_reprise;0.0;3.4;;;;;;;;;;;;;;;;;;;;;;;;;
2028;200;beauce_5_sa_059;organique_beauce_5;BTH;;RECOLTE;;0.0;0.0;5.98;;;;;;;;;;;;;0.0;5.29;3.0;;;;;;;;;
2028;267;beauce_5_sa_059;organique_beauce_5;BTH;;SEMIS;semis;0.0;2.7;;;;;;;;;;;;;;;;;;;;;;;;;
2028;111;beauce_5_sa_059;organique_beauce_5;BTH;;FERTI;;0.0;0.0;;;;;;AN;mineral;N;;6.4;6.4;0.0;0.0;;;;;;;;;;;;
2028;232;beauce_5_sa_059;organique_beauce_5;BTH;;TRAVAIL_SOL;travail_sol_1;0.0;23.1;;;;;;;;;;;;;;;;;;;;;;;;;
2028;239;beauce_5_sa_059;organique_beauce_5;BTH;;TRAVAIL_SOL;une_reprise;0.0;10.9;;;;;;;;;;;;;;;;;;;;;;;;;
2028;183;beauce_5_sa_060;organique_beauce_5;BTH;;RECOLTE;;0.0;0.0;5.19;;;;;;;;;;;;;0.0;4.59;3.0;;;;;;;;;
2028;291;beauce_5_sa_060;organique_beauce_5;BTH;;SEMIS;semis;0.0;1.8;;;;;;;;;;;;;;;;;;;;;;;;;
2028;283;beauce_5_sa_060;organique_beauce_5;BTH;;TRAVAIL_SOL;travail_sol_1;0.0;3.5;;;;;;;;;;;;;;;;;;;;;;;;;
2028;175;beauce_5_sa_061;organique_beauce_5;BTH;;RECOLTE;;0.0;0.0;6.64;;;;;;;;;;;;;0.0;5.88;3.0;;;;;;;;;
2028;286;beauce_5_sa_061;organique_beauce_5;BTH;;SEMIS;semis;0.0;2.5;;;;;;;;;;;;;;;;;;;;;;;;;
2028;139;beauce_5_sa_061;organique_beauce_5;BTH;;FERTI;;0.0;0.0;;;;;;AN;mineral;N;;26.8;26.8;0.0;0.0;;;;;;;;;;;;
2028;140;beauce_5_sa_061;organique_beauce_5;BTH;;FERTI;;0.0;0.0;;;;;;AN;mineral;N;;10.7;10.7;0.0;0.0;;;;;;;;;;;;
2028;208;beauce_5_sa_062;organique_beauce_5;BTH;;RECOLTE;;0.0;0.0;5.04;;;;;;;;;;;;;0.0;4.45;3.0;;;;;;;;;
2028;291;beauce_5_sa_062;organique_beauce_5;BTH;;SEMIS;semis;0.0;3.3;;;;;;;;;;;;;;;;;;;;;;;;;
2028;280;beauce_5_sa_062;organique_beauce_5;BTH;;TRAVAIL_SOL;travail_sol_1;0.0;16.3;;;;;;;;;;;;;;;;;;;;;;;;;
2028;287;beauce_5_sa_062;organique_beauce_5;BTH;;TRAVAIL_SOL;une_reprise;0.0;14.6;;;;;;;;;;;;;;;;;;;;;;;;;
2028;200;beauce_5_sa_063;organique_beauce_5;BTH;;RECOLTE;;0.0;0.0;6.17;;;;;;;;;;;;;0.0;5.46;3.0;;;;;;;;;
2028;292;beauce_5_sa_063;organique_beauce_5;BTH;;SEMIS;semis;0.0;2.4;;;;;;;;;;;;;;;;;;;;;;;;;
2028;23;beauce_5_sa_063;organique_beauce_5;BTH;;FERTI;;0.0;0.0;;;;;;AN;mineral;N;;19.0;19.0;0.0;0.0;;;;;;;;;;;;
2028;266;beauce_5_sa_063;organique_beauce_5;BTH;;TRAVAIL_SOL;travail_sol_1;0.0;9.2;;;;;;;;;;;;;;;;;;;;;;;;;
2028;203;beauce_5_sa_064;organique_beauce_5;BTH;;RECOLTE;;0.0;0.0;5.3;;;;;;;;;;;;;0.0;4.69;3.0;;;;;;;;;
2028;312;beauce_5_sa_064;organique_beauce_5;BTH;;SEMIS;semis;0.0;3.8;;;;;;;;;;;;;;;;;;;;;;;;;
2028;67;beauce_5_sa_064;organique_beauce_5;BTH;;FERTI;;0.0;0.0;;;;;;AN;mineral;N;;1.2;1.2;0.0;0.0;;;;;;;;;;;;
2028;155;beauce_5_sa_064;organique_beauce_5;BTH;;FERTI;;0.0;0.0;;;;;;AN;mineral;N;;1.0;1.0;0.0;0.0;;;;;;;;;;;;
2028;271;beauce_5_sa_064;organique_beauce_5;BTH;;TRAVAIL_SOL;travail_sol_1;0.0;5.5;;;;;;;;;;;;;;;;;;;;;;;;;
2028;191;beauce_5_sa_065;organique_beauce_5;BTH;;RECOLTE;;0.0;0.0;5.11;;;;;;;;;;;;;0.0;4.52;3.0;;;;;;;;;
2028;310;beauce_5_sa_065;organique_beauce_5;BTH;;SEMIS;semis;0.0;1.8;;;;;;;;;;;;;;;;;;;;;;;;;
2028;149;beauce_5_sa_065;organique_beauce_5;BTH;;FERTI;;0.0;0.0;;;;;;AN;mineral;N;;1.4;1.4;0.0;0.0;;;;;;;;;;;;
2028;150;beauce_5_sa_065;organique_beauce_5;BTH;;FERTI;;0.0;0.0;;;;;;AN;mineral;N;;1.7;1.7;0.0;0.0;;;;;;;;;;;;
2028;289;beauce_5_sa_065;organique_beauce_5;BTH;;TRAVAIL_SOL;travail_sol_1;0.0;11.3;;;;;;;;;;;;;;;;;;;;;;;;;
2028;296;beauce_5_sa_065;organique_beauce_5;BTH;;TRAVAIL_SOL;une_reprise;0.0;16.5;;;;;;;;;;;;;;;;;;;;;;;;;
2028;207;beauce_5_sa_066;organique_beauce_5;BTH;;RECOLTE;;0.0;0.0;5.37;;;;;;;;;;;;;0.0;4.75;3.0;;;;;;;;;
2028;264;beauce_5_sa_066;organique_beauce_5;BTH;;SEMIS;semis;0.0;3.7;;;;;;;;;;;;;;;;;;;;;;;;;
2028;194;beauce_5_sa_067;organique_beauce_5;BTH;;RECOLTE;;0.0;0.0;6.94;;;;;;;;;;;;;0.0;6.14;3.0;;;;;;;;;
2028;265;beauce_5_sa_067;organique_beauce_5;BTH;;SEMIS;semis;0.0;3.3;;;;;;;;;;;;;;;;;;;;;;;;;
2028;123;beauce_5_sa_067;organique_beauce_5;BTH;;FERTI;;0.0;0.0;;;;;;AN;mineral;N;;29.9;29.9;0.0;0.0;;;;;;;;;;;;
2028;233;beauce_5_sa_067;organique_beauce_5;BTH;;TRAVAIL_SOL;travail_sol_1;0.0;20.3;;;;;;;;;;;;;;;;;;;;;;;;;
2028;174;beauce_5_sa_068;organique_beauce_5;BTH;;RECOLTE;;0.0;0.0;4.92;;;;;;;;;;;;;0.0;4.35;3.0;;;;;;;;;
2028;287;beauce_5_sa_068;organique_beauce_5;BTH;;SEMIS;semis;0.0;3.1;;;;;;;;;;;;;;;;;;;;;;;;;
2028;208;beauce_5_sa_069;organique_beauce_5;BTH;;RECOLTE;;0.0;0.0;5.72;;;;;;;;;;;;;0.0;5.06;3.0;;;;;;;;;
2028;294;beauce_5_sa_069;organique_beauce_5;BTH;;SEMIS;semis;0.0;2.3;;;;;;;;;;;;;;;;;;;;;;;;;
2028;137;beauce_5_sa_069;organique_beauce_5;BTH;;FERTI;;0.0;0.0;;;;;;AN;mineral;N;;4.2;4.2;0.0;0.0;;;;;;;;;;;;
2028;332;beauce_5_sa_069;organique_beauce_5;BTH;;FERTI;;0.0;0.0;;;;;;AN;mineral;N;;8.4;8.4;0.0;0.0;;;;;;;;;;;;
2028;179;beauce_5_sa_070;organique_beauce_5;BTH;;RECOLTE;;0.0;0.0;7.0;;;;;;;;;;;;;0.0;6.19;3.0;;;;;;;;;
2028;292;beauce_5_sa_070;organique_beauce_5;BTH;;SEMIS;semis;0.0;1.0;;;;;;;;;;;;;;;;;;;;;;;;;
2028;21;beauce_5_sa_070;organique_beauce_5;BTH;;FERTI;;0.0;0.0;;;;;;AN;mineral;N;;10.6;10.6;0.0;0.0;;;;;;;;;;;;
2028;164;beauce_5_sa_070;organique_beauce_5;BTH;;FERTI;;0.0;0.0;;;;;;AN;mineral;N;;18.5;18.5;0.0;0.0;;;;;;;;;;;;
2028;165;beauce_5_sa_070;organique_beauce_5;BTH;;FERTI;;0.0;0.0;;;;;;AN;mineral;N;;3.0;3.0;0.0;0.0;;;;;;;;;;;;
2028;245;beauce_5_sa_070;organique_beauce_5;BTH;;TRAVAIL_SOL;travail_sol_1;0.0;2.4;;;;;;;;;;;;;;;;;;;;;;;;;
2028;252;beauce_5_sa_070;organique_beauce_5;BTH;;TRAVAIL_SOL;une_reprise;0.0;10.4;;;;;;;;;;;;;;;;;;;;;;;;;
2028;213;beauce_5_sa_071;organique_beauce_5;BTH;;RECOLTE;;0.0;0.0;7.96;;;;;;;;;;;;;0.0;7.04;3.0;;;;;;;;;
2028;262;beauce_5_sa_071;organique_beauce_5;BTH;;SEMIS;semis;0.0;3.5;;;;;;;;;;;;;;;;;;;;;;;;;
2028;126;beauce_5_sa_071;organique_beauce_5;BTH;;FERTI;;0.0;0.0;;;;;;AN;mineral;N;;58.6;58.6;0.0;0.0;;;;;;;;;;;;
2028;198;beauce_5_sa_072;organique_beauce_5;BTH;;RECOLTE;;0.0;0.0;6.18;;;;;;;;;;;;;0.0;5.47;3.0;;;;;;;;;
2028;305;beauce_5_sa_072;organique_beauce_5;BTH;;SEMIS;semis;0.0;1.1;;;;;;;;;;;;;;;;;;;;;;;;;
2028;67;beauce_5_sa_072;organique_beauce_5;BTH;;FERTI;;0.0;0.0;;;;;;AN;mineral;N;;22.2;22.2;0.0;0.0;;;;;;;;;;;;
2028;289;beauce_5_sa_072;organique_beauce_5;BTH;;TRAVAIL_SOL;travail_sol_1;0.0;9.3;;;;;;;;;;;;;;;;;;;;;;;;;
2028;209;beauce_5_sa_073;organique_beauce_5;BTH;;RECOLTE;;0.0;0.0;5.81;;;;;;;;;;;;;0.0;5.14;3.0;;;;;;;;;
2028;288;beauce_5_sa_073;organique_beauce_5;BTH;;SEMIS;semis;0.0;1.9;;;;;;;;;;;;;;;;;;;;;;;;;
2028;347;beauce_5_sa_073;organique_beauce_5;BTH;;FERTI;;0.0;0.0;;;;;;AN;mineral;N;;5.2;5.2;0.0;0.0;;;;;;;;;;;;
2028;175;beauce_5_sa_074;organique_beauce_5;BTH;;RECOLTE;;0.0;0.0;5.1;;;;;;;;;;;;;0.0;4.51;3.0;;;;;;;;;
2028;306;beauce_5_sa_074;organique_beauce_5;BTH;;SEMIS;semis;0.0;2.6;;;;;;;;;;;;;;;;;;;;;;;;;
2028;212;beauce_5_sa_075;organique_beauce_5;BTH;;RECOLTE;;0.0;0.0;5.2;;;;;;;;;;;;;0.0;4.6;3.0;;;;;;;;;
2028;298;beauce_5_sa_075;organique_beauce_5;BTH;;SEMIS;semis;0.0;2.8;;;;;;;;;;;;;;;;;;;;;;;;;
2028;208;beauce_5_sa_076;organique_beauce_5;BTH;;RECOLTE;;0.0;0.0;7.38;;;;;;;;;;;;;0.0;6.53;3.0;;;;;;;;;
2028;287;beauce_5_sa_076;organique_beauce_5;BTH;;SEMIS;semis;0.0;3.4;;;;;;;;;;;;;;;;;;;;;;;;;
2028;170;beauce_5_sa_076;organique_beauce_5;BTH;;FERTI;;0.0;0.0;;;;;;AN;mineral;N;;1.5;1.5;0.0;0.0;;;;;;;;;;;;
2028;171;beauce_5_sa_076;organique_beauce_5;BTH;;FERTI;;0.0;0.0;;;;;;AN;mineral;N;;72.9;72.9;0.0;0.0;;;;;;;;;;;;
2028;221;beauce_5_sa_077;organique_beauce_5;BTH;;RECOLTE;;0.0;0.0;5.36;;;;;;;;;;;;;0.0;4.74;3.0;;;;;;;;;
2028;279;beauce_5_sa_077;organique_beauce_5;BTH;;SEMIS;semis;0.0;2.1;;;;;;;;;;;;;;;;;;;;;;;;;
2028;257;beauce_5_sa_077;organique_beauce_5;BTH;;TRAVAIL_SOL;travail_sol_1;0.0;15.3;;;;;;;;;;;;;;;;;;;;;;;;;
2028;264;beauce_5_sa_077;organique_beauce_5;BTH;;TRAVAIL_SOL;une_reprise;0.0;13.3;;;;;;;;;;;;;;;;;;;;;;;;;
2028;177;beauce_5_sa_078;organique_beauce_5;BTH;;RECOLTE;;0.0;0.0;7.87;;;;;;;;;;;;;0.0;6.96;3.0;;;;;;;;;
2028;307;beauce_5_sa_078;organique_beauce_5;BTH;;SEMIS;semis;0.0;1.5;;;;;;;;;;;;;;;;;;;;;;;;;
2028;122;beauce_5_sa_078;organique_beauce_5;BTH;;FERTI;;0.0;0.0;;;;;;AN;mineral;N;;70.9;70.9;0.0;0.0;;;;;;;;;;;;
2028;178;beauce_5_sa_079;organique_beauce_5;BTH;;RECOLTE;;0.0;0.0;8.32;;;;;;;;;;;;;0.0;7.36;3.0;;;;;;;;;
2028;274;beauce_5_sa_079;organique_beauce_5;BTH;;SEMIS;semis;0.0;3.8;;;;;;;;;;;;;;;;;;;;;;;;;
2028;365;beauce_5_sa_079;organique_beauce_5;BTH;;FERTI;;0.0;0.0;;;;;;AN;mineral;N;;68.4;68.4;0.0;0.0;;;;;;;;;;;;
2028;226;beauce_5_sa_080;organique_beauce_5;BTH;;RECOLTE;;0.0;0.0;7.75;;;;;;;;;;;;;0.0;6.86;3.0;;;;;;;;;
2028;269;beauce_5_sa_080;organique_beauce_5;BTH;;SEMIS;semis;0.0;2.3;;;;;;;;;;;;;;;;;;;;;;;;;
2028;102;beauce_5_sa_080;organique_beauce_5;BTH;;FERTI;;0.0;0.0;;;;;;AN;mineral;N;;28.3;28.3;0.0;0.0;;;;;;;;;;;;
2028;117;beauce_5_sa_080;organique_beauce_5;BTH;;FERTI;;0.0;0.0;;;;;;AN;mineral;N;;52.2;52.2;0.0;0.0;;;;;;;;;;;;
2028;173;beauce_5_sa_081;organique_beauce_5;BTH;;RECOLTE;;0.0;0.0;5.29;;;;;;;;;;;;;0.0;4.68;3.0;;;;;;;;;
2028;279;beauce_5_sa_081;organique_beauce_5;BTH;;SEMIS;semis;0.0;1.4;;;;;;;;;;;;;;;;;;;;;;;;;
2028;241;beauce_5_sa_081;organique_beauce_5;BTH;;TRAVAIL_SOL;travail_sol_1;0.0;12.1;;;;;;;;;;;;;;;;;;;;;;;;;
2028;228;beauce_5_sa_082;organique_beauce_5;BTH;;RECOLTE;;0.0;0.0;4.78;;;;;;;;;;;;;0.0;4.23;3.0;;;;;;;;;
2028;318;beauce_5_sa_082;organique_beauce_5;BTH;;SEMIS;semis;0.0;2.1;;;;;;;;;;;;;;;;;;;;;;;;;
2028;311;beauce_5_sa_082;organique_beauce_5;BTH;;TRAVAIL_SOL;travail_sol_1;0.0;16.8;;;;;;;;;;;;;;;;;;;;;;;;;
2028;226;beauce_5_sa_083;organique_beauce_5;BTH;;RECOLTE;;0.0;0.0;8.83;;;;;;;;;;;;;0.0;7.82;3.0;;;;;;;;;
2028;310;beauce_5_sa_083;organique_beauce_5;BTH;;SEMIS;semis;0.0;2.5;;;;;;;;;;;;;;;;;;;;;;;;;
2028;60;beauce_5_sa_083;organique_beauce_5;BTH;;FERTI;;0.0;0.0;;;;;;AN;mineral;N;;58.6;58.6;0.0;0.0;;;;;;;;;;;;
2028;102;beauce_5_sa_083;organique_beauce_5;BTH;;FERTI;;0.0;0.0;;;;;;AN;mineral;N;;1.2;1.2;0.0;0.0;;;;;;;;;;;;
2028;146;beauce_5_sa_083;organique_beauce_5;BTH;;FERTI;;0.0;0.0;;;;;;AN;mineral;N;;32.4;32.4;0.0;0.0;;;;;;;;;;;;
2028;225;beauce_5_sa_084;organique_beauce_5;BTH;;RECOLTE;;0.0;0.0;5.43;;;;;;;;;;;;;0.0;4.81;3.0;;;;;;;;;
2028;265;beauce_5_sa_084;organique_beauce_5;BTH;;SEMIS;semis;0.0;2.3;;;;;;;;;;;;;;;;;;;;;;;;;
2028;258;beauce_5_sa_084;organique_beauce_5;BTH;;TRAVAIL_SOL;travail_sol_1;0.0;8.3;;;;;;;;;;;;;;;;;;;;;;;;;
2028;186;beauce_5_sa_085;organique_beauce_5;BTH;;RECOLTE;;0.0;0.0;8.93;;;;;;;;;;;;;0.0;7.9;3.0;;;;;;;;;
2028;316;beauce_5_sa_085;organique_beauce_5;BTH;;SEMIS;semis;0.0;2.5;;;;;;;;;;;;;;;;;;;;;;;;;
2028;144;beauce_5_sa_085;organique_beauce_5;BTH;;FERTI;;0.0;0.0;;;;;;AN;mineral;N;;71.9;71.9;0.0;0.0;;;;;;;;;;;;
2028;145;beauce_5_sa_085;organique_beauce_5;BTH;;FERTI;;0.0;0.0;;;;;;AN;mineral;N;;76.4;76.4;0.0;0.0;;;;;;;;;;;;
2028;306;beauce_5_sa_085;organique_beauce_5;BTH;;TRAVAIL_SOL;travail_sol_1;0.0;14.4;;;;;;;;;;;;;;;;;;;;;;;;;
2028;215;beauce_5_sa_086;organique_beauce_5;BTH;;RECOLTE;;0.0;0.0;5.68;;;;;;;;;;;;;0.0;5.03;3.0;;;;;;;;;
2028;260;beauce_5_sa_086;organique_beauce_5;BTH;;SEMIS;semis;0.0;1.5;;;;;;;;;;;;;;;;;;;;;;;;;
2028;92;beauce_5_sa_086;organique_beauce_5;BTH;;FERTI;;0.0;0.0;;;;;;AN;mineral;N;;1.0;1.0;0.0;0.0;;;;;;;;;;;;
2028;187;beauce_5_sa_087;organique_beauce_5;BTH;;RECOLTE;;0.0;0.0;8.98;;;;;;;;;;;;;0.0;7.95;3.0;;;;;;;;;
2028;304;beauce_5_sa_087;organique_beauce_5;BTH;;SEMIS;semis;0.0;3.0;;;;;;;;;;;;;;;;;;;;;;;;;
2028;74;beauce_5_sa_087;organique_beauce_5;BTH;;FERTI;;0.0;0.0;;;;;;AN;mineral;N;;3.4;3.4;0.0;0.0;;;;;;;;;;;;
2028;75;beauce_5_sa_087;organique_beauce_5;BTH;;FERTI;;0.0;0.0;;;;;;AN;mineral;N;;62.3;62.3;0.0;0.0;;;;;;;;;;;;
2028;102;beauce_5_sa_087;organique_beauce_5;BTH;;FERTI;;0.0;0.0;;;;;;AN;mineral;N;;81.6;81.6;0.0;0.0;;;;;;;;;;;;
2028;225;beauce_5_sa_088;organique_beauce_5;BTH;;RECOLTE;;0.0;0.0;6.2;;;;;;;;;;;;;0.0;5.48;3.0;;;;;;;;;
2028;271;beauce_5_sa_088;organique_beauce_5;BTH;;SEMIS;semis;0.0;2.1;;;;;;;;;;;;;;;;;;;;;;;;;
2028;125;beauce_5_sa_088;organique_beauce_5;BTH;;FERTI;;0.0;0.0;;;;;;AN;mineral;N;;1.3;1.3;0.0;0.0;;;;;;;;;;;;
2028;126;beauce_5_sa_088;organique_beauce_5;BTH;;FERTI;;0.0;0.0;;;;;;AN;mineral;N;;9.7;9.7;0.0;0.0;;;;;;;;;;;;
2028;234;beauce_5_sa_088;organique_beauce_5;BTH;;TRAVAIL_SOL;travail_sol_1;0.0;9.5;;;;;;;;;;;;;;;;;;;;;;;;;
2028;241;beauce_5_sa_088;organique_beauce_5;BTH;;TRAVAIL_SOL;une_reprise;0.0;11.7;;;;;;;;;;;;;;;;;;;;;;;;;
2028;226;beauce_5_sa_089;organique_beauce_5;BTH;;RECOLTE;;0.0;0.0;4.87;;;;;;;;;;;;;0.0;4.31;3.0;;;;;;;;;
2028;317;beauce_5_sa_089;organique_beauce_5;BTH;;SEMIS;semis;0.0;3.2;;;;;;;;;;;;;;;;;;;;;;;;;
2028;298;beauce_5_sa_089;organique_beauce_5;BTH;;TRAVAIL_SOL;travail_sol_1;0.0;10.8;;;;;;;;;;;;;;;;;;;;;;;;;
2028;215;beauce_5_sa_090;organique_beauce_5;BTH;;RECOLTE;;0.0;0.0;9.0;;;;;;;;;;;;;0.0;7.96;3.0;;;;;;;;;
2028;283;beauce_5_sa_090;organique_beauce_5;BTH;;SEMIS;semis;0.0;3.2;;;;;;;;;;;;;;;;;;;;;;;;;
2028;151;beauce_5_sa_090;organique_beauce_5;BTH;;FERTI;;0.0;0.0;;;;;;AN;mineral;N;;3.0;3.0;0.0;0.0;;;;;;;;;;;;
2028;152;beauce_5_sa_090;organique_beauce_5;BTH;;FERTI;;0.0;0.0;;;;;;AN;mineral;N;;90.8;90.8;0.0;0.0;;;;;;;;;;;;
2028;153;beauce_5_sa_090;organique_beauce_5;BTH;;FERTI;;0.0;0.0;;;;;;AN;mineral;N;;54.1;54.1;0.0;0.0;;;;;;;;;;;;
2028;230;beauce_5_sa_091;organique_beauce_5;BTH;;RECOLTE;;0.0;0.0;5.45;;;;;;;;;;;;;0.0;4.82;3.0;;;;;;;;;
2028;319;beauce_5_sa_091;organique_beauce_5;BTH;;SEMIS;semis;0.0;2.4;;;;;;;;;;;;;;;;;;;;;;;;;
2028;166;beauce_5_sa_091;organique_beauce_5;BTH;;FERTI;;0.0;0.0;;;;;;AN;mineral;N;;4.7;4.7;0.0;0.0;;;;;;;;;;;;
2028;275;beauce_5_sa_091;organique_beauce_5;BTH;;TRAVAIL_SOL;travail_sol_1;0.0;4.7;;;;;;;;;;;;;;;;;;;;;;;;;
2028;230;beauce_5_sa_092;organique_beauce_5;BTH;;RECOLTE;;0.0;0.0;6.38;;;;;;;;;;;;;0.0;5.64;3.0;;;;;;;;;
2028;262;beauce_5_sa_092;organique_beauce_5;BTH;;SEMIS;semis;0.0;3.3;;;;;;;;;;;;;;;;;;;;;;;;;
2028;61;beauce_5_sa_092;organique_beauce_5;BTH;;FERTI;;0.0;0.0;;;;;;AN;mineral;N;;22.2;22.2;0.0;0.0;;;;;;;;;;;;
2028;240;beauce_5_sa_092;organique_beauce_5;BTH;;TRAVAIL_SOL;travail_sol_1;0.0;16.1;;;;;;;;;;;;;;;;;;;;;;;;;
2028;247;beauce_5_sa_092;organique_beauce_5;BTH;;TRAVAIL_SOL;une_reprise;0.0;23.6;;;;;;;;;;;;;;;;;;;;;;;;;
2028;170;beauce_5_sa_093;organique_beauce_5;BTH;;RECOLTE;;0.0;0.0;5.01;;;;;;;;;;;;;0.0;4.43;3.0;;;;;;;;;
2028;315;beauce_5_sa_093;organique_beauce_5;BTH;;SEMIS;semis;0.0;3.5;;;;;;;;;;;;;;;;;;;;;;;;;
2028;331;beauce_5_sa_093;organique_beauce_5;BTH;;FERTI;;0.0;0.0;;;;;;AN;mineral;N;;3.3;3.3;0.0;0.0;;;;;;;;;;;;
2028;285;beauce_5_sa_093;organique_beauce_5;BTH;;TRAVAIL_SOL;travail_sol_1;0.0;19.7;;;;;;;;;;;;;;;;;;;;;;;;;
2028;292;beauce_5_sa_093;organique_beauce_5;BTH;;TRAVAIL_SOL;une_reprise;0.0;7.0;;;;;;;;;;;;;;;;;;;;;;;;;
2028;170;beauce_5_sa_094;organique_beauce_5;BTH;;RECOLTE;;0.0;0.0;8.66;;;;;;;;;;;;;0.0;7.66;3.0;;;;;;;;;
2028;276;beauce_5_sa_094;organique_beauce_5;BTH;;SEMIS;semis;0.0;2.9;;;;;;;;;;;;;;;;;;;;;;;;;
2028;42;beauce_5_sa_094;organique_beauce_5;BTH;;FERTI;;0.0;0.0;;;;;;AN;mineral;N;;1.7;1.7;0.0;0.0;;;;;;;;;;;;
2028;115;beauce_5_sa_094;organique_beauce_5;BTH;;FERTI;;0.0;0.0;;;;;;AN;mineral;N;;79.3;79.3;0.0;0.0;;;;;;;;;;;;
2028;230;beauce_5_sa_095;organique_beauce_5;BTH;;RECOLTE;;0.0;0.0;7.35;;;;;;;;;;;;;0.0;6.5;3.0;;;;;;;;;
2028;281;beauce_5_sa_095;organique_beauce_5;BTH;;SEMIS;semis;0.0;3.7;;;;;;;;;;;;;;;;;;;;;;;;;
2028;150;beauce_5_sa_095;organique_beauce_5;BTH;;FERTI;;0.0;0.0;;;;;;AN;mineral;N;;56.1;56.1;0.0;0.0;;;;;;;;;;;;
2028;227;beauce_5_sa_096;organique_beauce_5;BTH;;RECOLTE;;0.0;0.0;5.09;;;;;;;;;;;;;0.0;4.51;3.0;;;;;;;;;
2028;294;beauce_5_sa_096;organique_beauce_5;BTH;;SEMIS;semis;0.0;2.1;;;;;;;;;;;;;;;;;;;;;;;;;
2028;278;beauce_5_sa_096;organique_beauce_5;BTH;;TRAVAIL_SOL;travail_sol_1;0.0;24.9;;;;;;;;;;;;;;;;;;;;;;;;;
2028;230;beauce_5_sa_097;organique_beauce_5;BTH;;RECOLTE;;0.0;0.0;6.67;;;;;;;;;;;;;0.0;5.9;3.0;;;;;;;;;
2028;317;beauce_5_sa_097;organique_beauce_5;BTH;;SEMIS;semis;0.0;1.0;;;;;;;;;;;;;;;;;;;;;;;;;
2028;58;beauce_5_sa_097;organique_beauce_5;BTH;;FERTI;;0.0;0.0;;;;;;AN;mineral;N;;25.4;25.4;0.0;0.0;;;;;;;;;;;;
2028;336;beauce_5_sa_097;organique_beauce_5;BTH;;FERTI;;0.0;0.0;;;;;;AN;mineral;N;;6.6;6.6;0.0;0.0;;;;;;;;;;;;
2028;303;beauce_5_sa_097;organique_beauce_5;BTH;;TRAVAIL_SOL;travail_sol_1;0.0;19.4;;;;;;;;;;;;;;;;;;;;;;;;;
2028;202;beauce_5_sa_098;organique_beauce_5;BTH;;RECOLTE;;0.0;0.0;5.9;;;;;;;;;;;;;0.0;5.22;3.0;;;;;;;;;
2028;284;beauce_5_sa_098;organique_beauce_5;BTH;;SEMIS;semis;0.0;2.3;;;;;;;;;;;;;;;;;;;;;;;;;
2028;123;beauce_5_sa_098;organique_beauce_5;BTH;;FERTI;;0.0;0.0;;;;;;AN;mineral;N;;3.9;3.9;0.0;0.0;;;;;;;;;;;;
2028;146;beauce_5_sa_098;organique_beauce_5;BTH;;FERTI;;0.0;0.0;;;;;;AN;mineral;N;;5.2;5.2;0.0;0.0;;;;;;;;;;;;
2028;249;beauce_5_sa_098;organique_beauce_5;BTH;;TRAVAIL_SOL;travail_sol_1;0.0;8.2;;;;;;;;;;;;;;;;;;;;;;;;;
2028;186;beauce_5_sa_099;organique_beauce_5;BTH;;RECOLTE;;0.0;0.0;5.41;;;;;;;;;;;;;0.0;4.78;3.0;;;;;;;;;
2028;285;beauce_5_sa_099;organique_beauce_5;BTH;;SEMIS;semis;0.0;1.7;;;;;;;;;;;;;;;;;;;;;;;;;
2028;25;beauce_5_sa_099;organique_beauce_5;BTH;;FERTI;;0.0;0.0;;;;;;AN;mineral;N;;1.6;1.6;0.0;0.0;;;;;;;;;;;;
2028;266;beauce_5_sa_099;organique_beauce_5;BTH;;TRAVAIL_SOL;travail_sol_1;0.0;5.9;;;;;;;;;;;;;;;;;;;;;;;;;
