annee;jourDebut;jourFin;parcelle;couvert;itk;N_lixivie[kgN/ha];N_volatilise_NH3[kgN/ha];N_mineralise_net_SOM[kgN/ha];N_mineralise_net_residus[kgN/ha];N_acquis_couvert[kgN/ha];N_mineral_debut[kgN/ha];N_mineral_fin[kgN/ha];emissions_N2O_directes[kgN/ha];emissions_N2[kgN/ha];N_fixe_legumineuses[kgN/ha];satisfactionAzote_culture[%];satisfactionAzote_ci[%];delta_Corg[kgC/ha];emissions_N2O_denit[kgN-N2O/ha];emissions_N2O_nit[kgN-N2O/ha];emissions_N2O_indirectes_volat[kgN-N2O/ha];emissions_N2O_indirectes_lixiv[kgN-N2O/ha]
2019;213;264;beauce_5_sa_000;solnu;;0.0;0.0;16.74;0.0;0.0;35.0;51.73;0.01;0.0;0;0;0;-186.02;0.0;0.01;0.0;0.0
2019;265;365;beauce_5_sa_000;orgeh;orgeH_tousSols_nonirr_organique;0.34;0.0;16.37;0.0;38.95;51.95;28.78;0.04;0.0;0;19.47;0;-183.86;0.03;0.01;0.0;0.34
2019;213;305;beauce_5_sa_001;solnu;;0.0;0.0;23.17;0.0;0.0;35.0;58.15;0.01;0.0;0;0;0;-257.99;0.0;0.01;0.0;0.0
2019;306;365;beauce_5_sa_001;orgeh;orgeH_tousSols_nonirr_organique;0.23;0.0;9.96;0.0;4.79;58.33;63.0;0.08;0.0;0;2.39;0;-111.97;0.08;0.01;0.0;0.23
2019;213;311;beauce_5_sa_002;solnu;;0.0;0.0;24.47;0.0;0.0;35.0;59.44;0.03;0.0;0;0;0;-271.09;0.02;0.01;0.0;0.0
2019;312;365;beauce_5_sa_002;orgeh;orgeH_tousSols_nonirr_organique;0.27;0.0;8.7;0.0;3.51;59.67;64.29;0.07;0.0;0;1.76;0;-99.46;0.06;0.01;0.0;0.27
2019;213;302;beauce_5_sa_003;solnu;;0.0;0.0;22.72;0.0;0.0;35.0;57.71;0.01;0.0;0;0;0;-253.02;0.0;0.01;0.0;0.0
2019;303;365;beauce_5_sa_003;orgeh;orgeH_tousSols_nonirr_organique;0.25;0.0;10.41;0.0;5.26;57.87;62.54;0.08;0.0;0;2.63;0;-117.13;0.08;0.01;0.0;0.25
2019;213;295;beauce_5_sa_004;solnu;;0.0;0.0;21.57;0.0;0.0;35.0;56.55;0.01;0.0;0;0;0;-239.75;0.0;0.01;0.0;0.0
2019;296;365;beauce_5_sa_004;orgeh;orgeH_tousSols_nonirr_organique;0.27;0.0;11.61;0.0;8.32;56.73;59.49;0.08;0.0;0;4.16;0;-130.78;0.08;0.01;0.0;0.27
2019;213;294;beauce_5_sa_005;solnu;;0.0;0.0;21.39;0.0;0.0;35.0;56.37;0.01;0.0;0;0;0;-237.8;0.0;0.01;0.0;0.0
2019;295;365;beauce_5_sa_005;orgeh;orgeH_tousSols_nonirr_organique;0.25;0.0;11.76;0.0;8.74;56.53;59.06;0.08;0.0;0;4.37;0;-132.37;0.08;0.01;0.0;0.25
2019;213;291;beauce_5_sa_006;solnu;;0.0;0.0;20.83;0.0;0.0;35.0;55.82;0.01;0.0;0;0;0;-231.35;0.0;0.01;0.0;0.0
2019;292;365;beauce_5_sa_006;orgeh;orgeH_tousSols_nonirr_organique;0.27;0.0;12.34;0.0;12.04;56.06;55.78;0.08;0.0;0;6.02;0;-139.15;0.07;0.01;0.0;0.27
2019;213;284;beauce_5_sa_007;solnu;;0.0;0.0;20.0;0.0;0.0;35.0;54.99;0.01;0.0;0;0;0;-223.09;0.0;0.01;0.0;0.0
2019;285;365;beauce_5_sa_007;orgeh;orgeH_tousSols_nonirr_organique;0.26;0.0;13.13;0.0;19.17;55.08;48.62;0.07;0.0;0;9.59;0;-146.98;0.06;0.01;0.0;0.26
2019;213;307;beauce_5_sa_008;solnu;;0.0;0.0;23.76;0.0;0.0;35.0;58.73;0.02;0.0;0;0;0;-262.07;0.01;0.01;0.0;0.0
2019;308;365;beauce_5_sa_008;orgeh;orgeH_tousSols_nonirr_organique;0.27;0.0;9.42;0.0;4.32;58.88;63.49;0.07;0.0;0;2.16;0;-108.48;0.07;0.01;0.0;0.27
2019;213;316;beauce_5_sa_009;solnu;;0.0;0.0;25.56;0.0;0.0;35.0;60.52;0.04;0.0;0;0;0;-284.58;0.02;0.02;0.0;0.0
2019;317;365;beauce_5_sa_009;orgeh;orgeH_tousSols_nonirr_organique;0.27;0.0;7.61;0.0;2.32;60.87;65.48;0.06;0.0;0;1.16;0;-85.96;0.06;0.0;0.0;0.27
2019;213;278;beauce_5_sa_010;solnu;;0.0;0.0;19.34;0.0;0.0;35.0;54.33;0.01;0.0;0;0;0;-215.54;0.0;0.01;0.0;0.0
2019;279;365;beauce_5_sa_010;orgeh;orgeH_tousSols_nonirr_organique;0.28;0.0;13.79;0.0;23.18;54.42;44.59;0.06;0.0;0;11.59;0;-154.55;0.06;0.01;0.0;0.28
2019;213;259;beauce_5_sa_011;solnu;;0.0;0.0;15.81;0.0;0.0;35.0;50.8;0.01;0.0;0;0;0;-175.7;0.0;0.01;0.0;0.0
2019;260;365;beauce_5_sa_011;orgeh;orgeH_tousSols_nonirr_organique;0.33;0.0;17.37;0.0;48.09;50.92;19.73;0.02;0.0;0;24.05;0;-194.98;0.01;0.01;0.0;0.33
2019;213;278;beauce_5_sa_012;solnu;;0.0;0.0;19.35;0.0;0.0;35.0;54.34;0.01;0.0;0;0;0;-215.62;0.0;0.01;0.0;0.0
2019;279;365;beauce_5_sa_012;orgeh;orgeH_tousSols_nonirr_organique;0.28;0.0;13.8;0.0;23.34;54.43;44.45;0.06;0.0;0;11.67;0;-154.63;0.06;0.01;0.0;0.28
2019;213;286;beauce_5_sa_013;solnu;;0.0;0.0;20.28;0.0;0.0;35.0;55.27;0.01;0.0;0;0;0;-225.27;0.0;0.01;0.0;0.0
2019;287;365;beauce_5_sa_013;orgeh;orgeH_tousSols_nonirr_organique;0.28;0.0;12.9;0.0;18.08;55.34;49.74;0.07;0.0;0;9.04;0;-145.32;0.06;0.01;0.0;0.28
2019;213;285;beauce_5_sa_014;solnu;;0.0;0.0;20.11;0.0;0.0;35.0;55.1;0.01;0.0;0;0;0;-224.25;0.0;0.01;0.0;0.0
2019;286;365;beauce_5_sa_014;orgeh;orgeH_tousSols_nonirr_organique;0.28;0.0;13.06;0.0;18.87;55.27;48.95;0.07;0.0;0;9.43;0;-146.31;0.06;0.01;0.0;0.28
2019;213;273;beauce_5_sa_015;solnu;;0.0;0.0;18.67;0.0;0.0;35.0;53.66;0.01;0.0;0;0;0;-207.06;0.0;0.01;0.0;0.0
2019;274;365;beauce_5_sa_015;orgeh;orgeH_tousSols_nonirr_organique;0.3;0.0;14.47;0.0;29.07;53.82;38.7;0.06;0.0;0;14.54;0;-163.11;0.05;0.01;0.0;0.3
2019;213;285;beauce_5_sa_016;solnu;;0.0;0.0;20.1;0.0;0.0;35.0;55.09;0.01;0.0;0;0;0;-224.15;0.0;0.01;0.0;0.0
2019;286;365;beauce_5_sa_016;orgeh;orgeH_tousSols_nonirr_organique;0.26;0.0;13.05;0.0;18.58;55.25;49.23;0.07;0.0;0;9.29;0;-146.14;0.06;0.01;0.0;0.26
2019;213;295;beauce_5_sa_017;solnu;;0.0;0.0;21.57;0.0;0.0;35.0;56.55;0.01;0.0;0;0;0;-239.76;0.0;0.01;0.0;0.0
2019;296;365;beauce_5_sa_017;orgeh;orgeH_tousSols_nonirr_organique;0.27;0.0;11.61;0.0;8.32;56.73;59.49;0.08;0.0;0;4.16;0;-130.8;0.08;0.01;0.0;0.27
2019;213;281;beauce_5_sa_018;solnu;;0.0;0.0;19.65;0.0;0.0;35.0;54.64;0.01;0.0;0;0;0;-219.38;0.0;0.01;0.0;0.0
2019;282;365;beauce_5_sa_018;orgeh;orgeH_tousSols_nonirr_organique;0.27;0.0;13.47;0.0;21.27;54.72;46.5;0.07;0.0;0;10.64;0;-150.54;0.06;0.01;0.0;0.27
2019;213;282;beauce_5_sa_019;solnu;;0.0;0.0;19.76;0.0;0.0;35.0;54.74;0.01;0.0;0;0;0;-220.42;0.0;0.01;0.0;0.0
2019;283;365;beauce_5_sa_019;orgeh;orgeH_tousSols_nonirr_organique;0.29;0.0;13.43;0.0;20.54;54.93;47.27;0.07;0.0;0;10.27;0;-150.23;0.06;0.01;0.0;0.29
2019;213;300;beauce_5_sa_020;solnu;;0.0;0.0;22.45;0.0;0.0;35.0;57.43;0.01;0.0;0;0;0;-249.31;0.0;0.01;0.0;0.0
2019;301;365;beauce_5_sa_020;orgeh;orgeH_tousSols_nonirr_organique;0.26;0.0;10.72;0.0;5.61;57.61;62.21;0.08;0.0;0;2.8;0;-121.18;0.08;0.01;0.0;0.26
2019;213;273;beauce_5_sa_021;solnu;;0.0;0.0;18.68;0.0;0.0;35.0;53.67;0.01;0.0;0;0;0;-207.21;0.0;0.01;0.0;0.0
2019;274;365;beauce_5_sa_021;orgeh;orgeH_tousSols_nonirr_organique;0.31;0.0;14.5;0.0;30.2;53.83;37.61;0.05;0.0;0;15.1;0;-163.42;0.05;0.01;0.0;0.31
2019;213;267;beauce_5_sa_022;solnu;;0.0;0.0;17.49;0.0;0.0;35.0;52.48;0.01;0.0;0;0;0;-192.1;0.0;0.01;0.0;0.0
2019;268;365;beauce_5_sa_022;orgeh;orgeH_tousSols_nonirr_organique;0.35;0.0;15.69;0.0;37.46;52.72;30.31;0.04;0.0;0;18.73;0;-178.52;0.03;0.01;0.0;0.35
2019;213;279;beauce_5_sa_023;solnu;;0.0;0.0;19.45;0.0;0.0;35.0;54.44;0.01;0.0;0;0;0;-216.82;0.0;0.01;0.0;0.0
2019;280;365;beauce_5_sa_023;orgeh;orgeH_tousSols_nonirr_organique;0.3;0.0;13.73;0.0;23.87;54.6;43.95;0.06;0.0;0;11.93;0;-153.82;0.06;0.01;0.0;0.3
2019;213;283;beauce_5_sa_024;solnu;;0.0;0.0;19.94;0.0;0.0;35.0;54.93;0.01;0.0;0;0;0;-221.26;0.0;0.01;0.0;0.0
2019;284;365;beauce_5_sa_024;orgeh;orgeH_tousSols_nonirr_organique;0.28;0.0;13.24;0.0;20.71;55.01;47.11;0.07;0.0;0;10.35;0;-149.33;0.06;0.01;0.0;0.28
2019;213;314;beauce_5_sa_025;solnu;;0.0;0.0;25.19;0.0;0.0;35.0;60.15;0.04;0.0;0;0;0;-279.24;0.02;0.02;0.0;0.0
2019;315;365;beauce_5_sa_025;orgeh;orgeH_tousSols_nonirr_organique;0.26;0.0;7.98;0.0;2.83;60.36;64.98;0.06;0.0;0;1.41;0;-91.23;0.06;0.0;0.0;0.26
2019;213;284;beauce_5_sa_026;solnu;;0.0;0.0;20.02;0.0;0.0;35.0;55.01;0.01;0.0;0;0;0;-223.33;0.0;0.01;0.0;0.0
2019;285;365;beauce_5_sa_026;orgeh;orgeH_tousSols_nonirr_organique;0.28;0.0;13.15;0.0;19.4;55.1;48.41;0.07;0.0;0;9.7;0;-147.18;0.06;0.01;0.0;0.28
2019;213;274;beauce_5_sa_027;solnu;;0.0;0.0;18.84;0.0;0.0;35.0;53.83;0.01;0.0;0;0;0;-209.26;0.0;0.01;0.0;0.0
2019;275;365;beauce_5_sa_027;orgeh;orgeH_tousSols_nonirr_organique;0.31;0.0;14.34;0.0;28.52;53.98;39.28;0.06;0.0;0;14.26;0;-161.37;0.05;0.01;0.0;0.31
2019;213;306;beauce_5_sa_028;solnu;;0.0;0.0;23.4;0.0;0.0;35.0;58.38;0.02;0.0;0;0;0;-260.05;0.0;0.01;0.0;0.0
2019;307;365;beauce_5_sa_028;orgeh;orgeH_tousSols_nonirr_organique;0.27;0.0;9.78;0.0;4.5;58.73;63.3;0.08;0.0;0;2.25;0;-110.5;0.07;0.01;0.0;0.27
2019;213;315;beauce_5_sa_029;solnu;;0.0;0.0;25.4;0.0;0.0;35.0;60.36;0.04;0.0;0;0;0;-282.04;0.02;0.02;0.0;0.0
2019;316;365;beauce_5_sa_029;orgeh;orgeH_tousSols_nonirr_organique;0.26;0.0;7.77;0.0;2.68;60.51;65.12;0.06;0.0;0;1.34;0;-88.39;0.06;0.0;0.0;0.26
2019;213;274;beauce_5_sa_030;solnu;;0.0;0.0;18.84;0.0;0.0;35.0;53.83;0.01;0.0;0;0;0;-209.26;0.0;0.01;0.0;0.0
2019;275;365;beauce_5_sa_030;orgeh;orgeH_tousSols_nonirr_organique;0.31;0.0;14.34;0.0;28.52;53.98;39.28;0.06;0.0;0;14.26;0;-161.37;0.05;0.01;0.0;0.31
2019;213;310;beauce_5_sa_031;solnu;;0.0;0.0;24.2;0.0;0.0;35.0;59.18;0.03;0.0;0;0;0;-269.02;0.01;0.01;0.0;0.0
2019;311;365;beauce_5_sa_031;orgeh;orgeH_tousSols_nonirr_organique;0.27;0.0;8.97;0.0;3.78;59.44;64.02;0.07;0.0;0;1.89;0;-101.53;0.07;0.01;0.0;0.27
2019;213;270;beauce_5_sa_032;solnu;;0.0;0.0;18.11;0.0;0.0;35.0;53.1;0.01;0.0;0;0;0;-200.5;0.0;0.01;0.0;0.0
2019;271;365;beauce_5_sa_032;orgeh;orgeH_tousSols_nonirr_organique;0.36;0.0;15.0;0.0;31.31;53.31;36.38;0.05;0.0;0;15.66;0;-169.35;0.04;0.01;0.0;0.36
2019;213;267;beauce_5_sa_033;solnu;;0.0;0.0;17.49;0.0;0.0;35.0;52.48;0.01;0.0;0;0;0;-192.1;0.0;0.01;0.0;0.0
2019;268;365;beauce_5_sa_033;orgeh;orgeH_tousSols_nonirr_organique;0.35;0.0;15.69;0.0;37.46;52.72;30.31;0.04;0.0;0;18.73;0;-178.52;0.03;0.01;0.0;0.35
2019;213;273;beauce_5_sa_034;solnu;;0.0;0.0;18.72;0.0;0.0;35.0;53.7;0.01;0.0;0;0;0;-207.52;0.0;0.01;0.0;0.0
2019;274;365;beauce_5_sa_034;orgeh;orgeH_tousSols_nonirr_organique;0.32;0.0;14.57;0.0;29.81;53.87;38.1;0.06;0.0;0;14.9;0;-164.28;0.05;0.01;0.0;0.32
2019;213;299;beauce_5_sa_035;solnu;;0.0;0.0;22.26;0.0;0.0;35.0;57.25;0.01;0.0;0;0;0;-247.88;0.0;0.01;0.0;0.0
2019;300;365;beauce_5_sa_035;orgeh;orgeH_tousSols_nonirr_organique;0.27;0.0;10.91;0.0;6.08;57.44;61.73;0.08;0.0;0;3.04;0;-122.66;0.08;0.01;0.0;0.27
2019;213;310;beauce_5_sa_036;solnu;;0.0;0.0;24.2;0.0;0.0;35.0;59.18;0.03;0.0;0;0;0;-269.02;0.01;0.01;0.0;0.0
2019;311;365;beauce_5_sa_036;orgeh;orgeH_tousSols_nonirr_organique;0.27;0.0;8.97;0.0;3.78;59.44;64.02;0.07;0.0;0;1.89;0;-101.53;0.07;0.01;0.0;0.27
2019;213;266;beauce_5_sa_037;solnu;;0.0;0.0;17.17;0.0;0.0;35.0;52.16;0.01;0.0;0;0;0;-190.38;0.0;0.01;0.0;0.0
2019;267;365;beauce_5_sa_037;orgeh;orgeH_tousSols_nonirr_organique;0.35;0.0;16.04;0.0;36.87;52.51;30.94;0.04;0.0;0;18.43;0;-180.64;0.03;0.01;0.0;0.35
2019;213;316;beauce_5_sa_038;solnu;;0.0;0.0;25.56;0.0;0.0;35.0;60.52;0.04;0.0;0;0;0;-284.58;0.02;0.02;0.0;0.0
2019;317;365;beauce_5_sa_038;orgeh;orgeH_tousSols_nonirr_organique;0.27;0.0;7.61;0.0;2.32;60.87;65.48;0.06;0.0;0;1.16;0;-85.96;0.06;0.0;0.0;0.27
2019;213;283;beauce_5_sa_039;solnu;;0.0;0.0;19.94;0.0;0.0;35.0;54.93;0.01;0.0;0;0;0;-221.26;0.0;0.01;0.0;0.0
2019;284;365;beauce_5_sa_039;orgeh;orgeH_tousSols_nonirr_organique;0.28;0.0;13.24;0.0;20.71;55.01;47.11;0.07;0.0;0;10.35;0;-149.33;0.06;0.01;0.0;0.28
2019;213;269;beauce_5_sa_040;solnu;;0.0;0.0;17.92;0.0;0.0;35.0;52.91;0.01;0.0;0;0;0;-198.59;0.0;0.01;0.0;0.0
2019;270;365;beauce_5_sa_040;orgeh;orgeH_tousSols_nonirr_organique;0.36;0.0;15.26;0.0;35.51;53.12;32.26;0.05;0.0;0;17.76;0;-172.07;0.04;0.01;0.0;0.36
2019;213;311;beauce_5_sa_041;solnu;;0.0;0.0;24.47;0.0;0.0;35.0;59.44;0.03;0.0;0;0;0;-271.09;0.02;0.01;0.0;0.0
2019;312;365;beauce_5_sa_041;orgeh;orgeH_tousSols_nonirr_organique;0.27;0.0;8.7;0.0;3.51;59.67;64.3;0.07;0.0;0;1.76;0;-99.46;0.06;0.01;0.0;0.27
2019;213;275;beauce_5_sa_042;solnu;;0.0;0.0;18.96;0.0;0.0;35.0;53.95;0.01;0.0;0;0;0;-210.73;0.0;0.01;0.0;0.0
2019;276;365;beauce_5_sa_042;orgeh;orgeH_tousSols_nonirr_organique;0.29;0.0;14.15;0.0;25.57;54.02;42.18;0.06;0.0;0;12.78;0;-159.09;0.05;0.01;0.0;0.29
2019;213;307;beauce_5_sa_043;solnu;;0.0;0.0;23.74;0.0;0.0;35.0;58.72;0.02;0.0;0;0;0;-261.9;0.01;0.01;0.0;0.0
2019;308;365;beauce_5_sa_043;orgeh;orgeH_tousSols_nonirr_organique;0.25;0.0;9.42;0.0;4.32;58.86;63.49;0.07;0.0;0;2.16;0;-108.48;0.07;0.01;0.0;0.25
2019;213;308;beauce_5_sa_044;solnu;;0.0;0.0;23.89;0.0;0.0;35.0;58.86;0.03;0.0;0;0;0;-265.9;0.01;0.01;0.0;0.0
2019;309;365;beauce_5_sa_044;orgeh;orgeH_tousSols_nonirr_organique;0.25;0.0;9.27;0.0;4.25;58.98;63.56;0.07;0.0;0;2.13;0;-104.46;0.07;0.01;0.0;0.25
2019;213;288;beauce_5_sa_045;solnu;;0.0;0.0;20.46;0.0;0.0;35.0;55.45;0.01;0.0;0;0;0;-227.92;0.0;0.01;0.0;0.0
2019;289;365;beauce_5_sa_045;orgeh;orgeH_tousSols_nonirr_organique;0.26;0.0;12.7;0.0;16.13;55.54;51.68;0.07;0.0;0;8.07;0;-142.41;0.07;0.01;0.0;0.26
2019;213;261;beauce_5_sa_046;solnu;;0.0;0.0;16.12;0.0;0.0;35.0;51.11;0.01;0.0;0;0;0;-178.33;0.0;0.01;0.0;0.0
2019;262;365;beauce_5_sa_046;orgeh;orgeH_tousSols_nonirr_organique;0.33;0.0;17.04;0.0;45.2;51.3;22.59;0.03;0.0;0;22.6;0;-192.11;0.02;0.01;0.0;0.33
2019;213;257;beauce_5_sa_047;solnu;;0.0;0.0;15.54;0.0;0.0;35.0;50.53;0.01;0.0;0;0;0;-172.66;0.0;0.01;0.0;0.0
2019;258;365;beauce_5_sa_047;orgeh;orgeH_tousSols_nonirr_organique;0.33;0.0;17.66;0.0;50.49;50.68;17.35;0.01;0.0;0;25.25;0;-198.15;0.0;0.01;0.0;0.33
2019;213;304;beauce_5_sa_048;solnu;;0.0;0.0;23.09;0.0;0.0;35.0;58.07;0.01;0.0;0;0;0;-256.64;0.0;0.01;0.0;0.0
2019;305;365;beauce_5_sa_048;orgeh;orgeH_tousSols_nonirr_organique;0.26;0.0;10.09;0.0;4.92;58.2;62.89;0.08;0.0;0;2.46;0;-113.9;0.08;0.01;0.0;0.26
2019;213;296;beauce_5_sa_049;solnu;;0.0;0.0;21.75;0.0;0.0;35.0;56.73;0.01;0.0;0;0;0;-241.55;0.0;0.01;0.0;0.0
2019;297;365;beauce_5_sa_049;orgeh;orgeH_tousSols_nonirr_organique;0.26;0.0;11.43;0.0;7.6;56.97;60.22;0.08;0.0;0;3.8;0;-128.99;0.08;0.01;0.0;0.26
2019;213;284;beauce_5_sa_050;solnu;;0.0;0.0;19.99;0.0;0.0;35.0;54.98;0.01;0.0;0;0;0;-222.99;0.0;0.01;0.0;0.0
2019;285;365;beauce_5_sa_050;orgeh;orgeH_tousSols_nonirr_organique;0.26;0.0;13.13;0.0;19.11;55.07;48.67;0.07;0.0;0;9.55;0;-146.93;0.06;0.01;0.0;0.26
2019;213;269;beauce_5_sa_051;solnu;;0.0;0.0;17.92;0.0;0.0;35.0;52.91;0.01;0.0;0;0;0;-198.59;0.0;0.01;0.0;0.0
2019;270;365;beauce_5_sa_051;orgeh;orgeH_tousSols_nonirr_organique;0.36;0.0;15.26;0.0;35.51;53.12;32.26;0.05;0.0;0;17.76;0;-172.07;0.04;0.01;0.0;0.36
2019;213;270;beauce_5_sa_052;solnu;;0.0;0.0;18.13;0.0;0.0;35.0;53.12;0.01;0.0;0;0;0;-200.7;0.0;0.01;0.0;0.0
2019;271;365;beauce_5_sa_052;orgeh;orgeH_tousSols_nonirr_organique;0.36;0.0;15.02;0.0;31.78;53.33;35.95;0.05;0.0;0;15.89;0;-169.59;0.04;0.01;0.0;0.36
2019;213;290;beauce_5_sa_053;solnu;;0.0;0.0;20.66;0.0;0.0;35.0;55.64;0.01;0.0;0;0;0;-230.28;0.0;0.01;0.0;0.0
2019;291;365;beauce_5_sa_053;orgeh;orgeH_tousSols_nonirr_organique;0.28;0.0;12.52;0.0;12.98;55.82;54.83;0.08;0.0;0;6.49;0;-140.35;0.07;0.01;0.0;0.28
2019;213;256;beauce_5_sa_054;solnu;;0.0;0.0;15.42;0.0;0.0;35.0;50.41;0.01;0.0;0;0;0;-171.43;0.0;0.01;0.0;0.0
2019;257;365;beauce_5_sa_054;orgeh;orgeH_tousSols_nonirr_organique;0.33;0.0;17.78;0.0;51.54;50.53;16.31;0.01;0.0;0;25.77;0;-199.36;0.0;0.01;0.0;0.33
2019;213;277;beauce_5_sa_055;solnu;;0.0;0.0;19.26;0.0;0.0;35.0;54.25;0.01;0.0;0;0;0;-213.53;0.0;0.01;0.0;0.0
2019;278;365;beauce_5_sa_055;orgeh;orgeH_tousSols_nonirr_organique;0.3;0.0;13.92;0.0;25.49;54.35;42.32;0.06;0.0;0;12.75;0;-157.11;0.05;0.01;0.0;0.3
2019;213;268;beauce_5_sa_056;solnu;;0.0;0.0;17.74;0.0;0.0;35.0;52.73;0.01;0.0;0;0;0;-195.97;0.0;0.01;0.0;0.0
2019;269;365;beauce_5_sa_056;orgeh;orgeH_tousSols_nonirr_organique;0.35;0.0;15.43;0.0;34.43;52.92;33.33;0.05;0.0;0;17.21;0;-174.47;0.04;0.01;0.0;0.35
2019;213;287;beauce_5_sa_057;solnu;;0.0;0.0;20.34;0.0;0.0;35.0;55.33;0.01;0.0;0;0;0;-226.92;0.0;0.01;0.0;0.0
2019;288;365;beauce_5_sa_057;orgeh;orgeH_tousSols_nonirr_organique;0.26;0.0;12.8;0.0;17.15;55.43;50.65;0.07;0.0;0;8.57;0;-143.26;0.06;0.01;0.0;0.26
2019;213;286;beauce_5_sa_058;solnu;;0.0;0.0;20.28;0.0;0.0;35.0;55.27;0.01;0.0;0;0;0;-225.27;0.0;0.01;0.0;0.0
2019;287;365;beauce_5_sa_058;orgeh;orgeH_tousSols_nonirr_organique;0.28;0.0;12.9;0.0;18.08;55.34;49.74;0.07;0.0;0;9.04;0;-145.32;0.06;0.01;0.0;0.28
2019;213;300;beauce_5_sa_059;solnu;;0.0;0.0;22.45;0.0;0.0;35.0;57.43;0.01;0.0;0;0;0;-249.3;0.0;0.01;0.0;0.0
2019;301;365;beauce_5_sa_059;orgeh;orgeH_tousSols_nonirr_organique;0.26;0.0;10.72;0.0;5.61;57.61;62.21;0.08;0.0;0;2.8;0;-121.18;0.08;0.01;0.0;0.26
2019;213;290;beauce_5_sa_060;solnu;;0.0;0.0;20.66;0.0;0.0;35.0;55.64;0.01;0.0;0;0;0;-230.28;0.0;0.01;0.0;0.0
2019;291;365;beauce_5_sa_060;orgeh;orgeH_tousSols_nonirr_organique;0.28;0.0;12.52;0.0;12.98;55.82;54.83;0.08;0.0;0;6.49;0;-140.35;0.07;0.01;0.0;0.28
2019;213;259;beauce_5_sa_061;solnu;;0.0;0.0;15.81;0.0;0.0;35.0;50.8;0.01;0.0;0;0;0;-175.65;0.0;0.01;0.0;0.0
2019;260;365;beauce_5_sa_061;orgeh;orgeH_tousSols_nonirr_organique;0.33;0.0;17.36;0.0;47.64;50.91;20.16;0.02;0.0;0;23.82;0;-194.83;0.01;0.01;0.0;0.33
2019;213;294;beauce_5_sa_062;solnu;;0.0;0.0;21.38;0.0;0.0;35.0;56.37;0.01;0.0;0;0;0;-237.77;0.0;0.01;0.0;0.0
2019;295;365;beauce_5_sa_062;orgeh;orgeH_tousSols_nonirr_organique;0.25;0.0;11.76;0.0;8.74;56.53;59.06;0.08;0.0;0;4.37;0;-132.39;0.08;0.01;0.0;0.25
2019;213;309;beauce_5_sa_063;solnu;;0.0;0.0;24.02;0.0;0.0;35.0;58.99;0.03;0.0;0;0;0;-267.71;0.01;0.01;0.0;0.0
2019;310;365;beauce_5_sa_063;orgeh;orgeH_tousSols_nonirr_organique;0.27;0.0;9.16;0.0;4.07;59.18;63.73;0.07;0.0;0;2.04;0;-102.83;0.07;0.01;0.0;0.27
2019;213;292;beauce_5_sa_064;solnu;;0.0;0.0;21.07;0.0;0.0;35.0;56.06;0.01;0.0;0;0;0;-233.33;0.0;0.01;0.0;0.0
2019;293;365;beauce_5_sa_064;orgeh;orgeH_tousSols_nonirr_organique;0.27;0.0;12.1;0.0;10.72;56.24;57.09;0.08;0.0;0;5.36;0;-137.2;0.07;0.01;0.0;0.27
2019;213;268;beauce_5_sa_065;solnu;;0.0;0.0;17.74;0.0;0.0;35.0;52.73;0.01;0.0;0;0;0;-196.02;0.0;0.01;0.0;0.0
2019;269;365;beauce_5_sa_065;orgeh;orgeH_tousSols_nonirr_organique;0.36;0.0;15.55;0.0;36.74;52.93;31.13;0.04;0.0;0;18.37;0;-175.85;0.03;0.01;0.0;0.36
2019;213;295;beauce_5_sa_066;solnu;;0.0;0.0;21.56;0.0;0.0;35.0;56.55;0.01;0.0;0;0;0;-239.71;0.0;0.01;0.0;0.0
2019;296;365;beauce_5_sa_066;orgeh;orgeH_tousSols_nonirr_organique;0.26;0.0;11.6;0.0;8.32;56.73;59.49;0.08;0.0;0;4.16;0;-130.73;0.08;0.01;0.0;0.26
2019;213;303;beauce_5_sa_067;solnu;;0.0;0.0;22.91;0.0;0.0;35.0;57.9;0.01;0.0;0;0;0;-254.89;0.0;0.01;0.0;0.0
2019;304;365;beauce_5_sa_067;orgeh;orgeH_tousSols_nonirr_organique;0.27;0.0;10.26;0.0;4.92;58.07;62.89;0.08;0.0;0;2.46;0;-115.66;0.08;0.01;0.0;0.27
2019;213;264;beauce_5_sa_068;solnu;;0.0;0.0;16.76;0.0;0.0;35.0;51.75;0.01;0.0;0;0;0;-186.17;0.0;0.01;0.0;0.0
2019;265;365;beauce_5_sa_068;orgeh;orgeH_tousSols_nonirr_organique;0.34;0.0;16.4;0.0;39.75;51.97;28.02;0.04;0.0;0;19.87;0;-184.18;0.03;0.01;0.0;0.34
2019;213;314;beauce_5_sa_069;solnu;;0.0;0.0;25.19;0.0;0.0;35.0;60.16;0.04;0.0;0;0;0;-279.32;0.02;0.02;0.0;0.0
2019;315;365;beauce_5_sa_069;orgeh;orgeH_tousSols_nonirr_organique;0.27;0.0;7.98;0.0;2.83;60.37;64.98;0.06;0.0;0;1.41;0;-91.23;0.06;0.0;0.0;0.27
2019;213;278;beauce_5_sa_070;solnu;;0.0;0.0;19.36;0.0;0.0;35.0;54.35;0.01;0.0;0;0;0;-215.7;0.0;0.01;0.0;0.0
2019;279;365;beauce_5_sa_070;orgeh;orgeH_tousSols_nonirr_organique;0.3;0.0;13.82;0.0;24.39;54.44;43.42;0.06;0.0;0;12.19;0;-154.92;0.05;0.01;0.0;0.3
2019;213;301;beauce_5_sa_071;solnu;;0.0;0.0;22.62;0.0;0.0;35.0;57.61;0.01;0.0;0;0;0;-251.45;0.0;0.01;0.0;0.0
2019;302;365;beauce_5_sa_071;orgeh;orgeH_tousSols_nonirr_organique;0.27;0.0;10.55;0.0;5.47;57.74;62.34;0.08;0.0;0;2.73;0;-119.1;0.08;0.01;0.0;0.27
2019;213;295;beauce_5_sa_072;solnu;;0.0;0.0;21.57;0.0;0.0;35.0;56.55;0.01;0.0;0;0;0;-239.76;0.0;0.01;0.0;0.0
2019;296;365;beauce_5_sa_072;orgeh;orgeH_tousSols_nonirr_organique;0.27;0.0;11.61;0.0;8.32;56.73;59.49;0.08;0.0;0;4.16;0;-130.8;0.08;0.01;0.0;0.27
2019;213;267;beauce_5_sa_073;solnu;;0.0;0.0;17.54;0.0;0.0;35.0;52.53;0.01;0.0;0;0;0;-192.63;0.0;0.01;0.0;0.0
2019;268;365;beauce_5_sa_073;orgeh;orgeH_tousSols_nonirr_organique;0.35;0.0;15.7;0.0;37.05;52.77;30.79;0.04;0.0;0;18.52;0;-178.68;0.03;0.01;0.0;0.35
2019;213;298;beauce_5_sa_074;solnu;;0.0;0.0;22.1;0.0;0.0;35.0;57.09;0.01;0.0;0;0;0;-245.85;0.0;0.01;0.0;0.0
2019;299;365;beauce_5_sa_074;orgeh;orgeH_tousSols_nonirr_organique;0.24;0.0;11.04;0.0;6.68;57.22;61.12;0.08;0.0;0;3.34;0;-124.3;0.08;0.01;0.0;0.24
2019;213;313;beauce_5_sa_075;solnu;;0.0;0.0;24.94;0.0;0.0;35.0;59.91;0.03;0.0;0;0;0;-276.6;0.02;0.01;0.0;0.0
2019;314;365;beauce_5_sa_075;orgeh;orgeH_tousSols_nonirr_organique;0.27;0.0;8.24;0.0;3.0;60.16;64.81;0.07;0.0;0;1.5;0;-93.95;0.06;0.0;0.0;0.27
2019;213;263;beauce_5_sa_076;solnu;;0.0;0.0;16.62;0.0;0.0;35.0;51.61;0.01;0.0;0;0;0;-182.73;0.0;0.01;0.0;0.0
2019;264;365;beauce_5_sa_076;orgeh;orgeH_tousSols_nonirr_organique;0.34;0.0;16.57;0.0;42.17;51.75;25.64;0.03;0.0;0;21.08;0;-187.97;0.02;0.01;0.0;0.34
2019;213;273;beauce_5_sa_077;solnu;;0.0;0.0;18.67;0.0;0.0;35.0;53.66;0.01;0.0;0;0;0;-207.06;0.0;0.01;0.0;0.0
2019;274;365;beauce_5_sa_077;orgeh;orgeH_tousSols_nonirr_organique;0.3;0.0;14.46;0.0;28.35;53.82;39.41;0.06;0.0;0;14.17;0;-162.93;0.05;0.01;0.0;0.3
2019;213;297;beauce_5_sa_078;solnu;;0.0;0.0;21.98;0.0;0.0;35.0;56.97;0.01;0.0;0;0;0;-243.58;0.0;0.01;0.0;0.0
2019;298;365;beauce_5_sa_078;orgeh;orgeH_tousSols_nonirr_organique;0.27;0.0;11.2;0.0;7.14;57.12;60.67;0.08;0.0;0;3.57;0;-126.98;0.08;0.01;0.0;0.27
2019;213;288;beauce_5_sa_079;solnu;;0.0;0.0;20.42;0.0;0.0;35.0;55.41;0.01;0.0;0;0;0;-227.5;0.0;0.01;0.0;0.0
2019;289;365;beauce_5_sa_079;orgeh;orgeH_tousSols_nonirr_organique;0.25;0.0;12.69;0.0;16.04;55.5;51.73;0.07;0.0;0;8.02;0;-142.27;0.07;0.01;0.0;0.25
2019;213;281;beauce_5_sa_080;solnu;;0.0;0.0;19.68;0.0;0.0;35.0;54.67;0.01;0.0;0;0;0;-219.67;0.0;0.01;0.0;0.0
2019;282;365;beauce_5_sa_080;orgeh;orgeH_tousSols_nonirr_organique;0.29;0.0;13.5;0.0;22.26;54.74;45.55;0.07;0.0;0;11.13;0;-150.94;0.06;0.01;0.0;0.29
2019;213;275;beauce_5_sa_081;solnu;;0.0;0.0;18.98;0.0;0.0;35.0;53.97;0.01;0.0;0;0;0;-210.99;0.0;0.01;0.0;0.0
2019;276;365;beauce_5_sa_081;orgeh;orgeH_tousSols_nonirr_organique;0.3;0.0;14.17;0.0;25.82;54.05;41.96;0.06;0.0;0;12.91;0;-159.27;0.05;0.01;0.0;0.3
2019;213;273;beauce_5_sa_082;solnu;;0.0;0.0;18.65;0.0;0.0;35.0;53.64;0.01;0.0;0;0;0;-206.91;0.0;0.01;0.0;0.0
2019;274;365;beauce_5_sa_082;orgeh;orgeH_tousSols_nonirr_organique;0.3;0.0;14.46;0.0;28.94;53.8;38.81;0.06;0.0;0;14.47;0;-163.0;0.05;0.01;0.0;0.3
2019;213;284;beauce_5_sa_083;solnu;;0.0;0.0;20.02;0.0;0.0;35.0;55.01;0.01;0.0;0;0;0;-223.34;0.0;0.01;0.0;0.0
2019;285;365;beauce_5_sa_083;orgeh;orgeH_tousSols_nonirr_organique;0.28;0.0;13.16;0.0;19.66;55.1;48.15;0.07;0.0;0;9.83;0;-147.28;0.06;0.01;0.0;0.28
2019;213;261;beauce_5_sa_084;solnu;;0.0;0.0;16.12;0.0;0.0;35.0;51.11;0.01;0.0;0;0;0;-178.36;0.0;0.01;0.0;0.0
2019;262;365;beauce_5_sa_084;orgeh;orgeH_tousSols_nonirr_organique;0.33;0.0;17.03;0.0;44.13;51.3;23.65;0.03;0.0;0;22.06;0;-191.97;0.02;0.01;0.0;0.33
2019;213;272;beauce_5_sa_085;solnu;;0.0;0.0;18.5;0.0;0.0;35.0;53.49;0.01;0.0;0;0;0;-205.43;0.0;0.01;0.0;0.0
2019;273;365;beauce_5_sa_085;orgeh;orgeH_tousSols_nonirr_organique;0.31;0.0;14.69;0.0;30.43;53.67;37.39;0.05;0.0;0;15.21;0;-165.36;0.05;0.01;0.0;0.31
2019;213;284;beauce_5_sa_086;solnu;;0.0;0.0;20.02;0.0;0.0;35.0;55.01;0.01;0.0;0;0;0;-223.34;0.0;0.01;0.0;0.0
2019;285;365;beauce_5_sa_086;orgeh;orgeH_tousSols_nonirr_organique;0.28;0.0;13.16;0.0;19.66;55.1;48.15;0.07;0.0;0;9.83;0;-147.28;0.06;0.01;0.0;0.28
2019;213;313;beauce_5_sa_087;solnu;;0.0;0.0;24.94;0.0;0.0;35.0;59.91;0.03;0.0;0;0;0;-276.6;0.02;0.01;0.0;0.0
2019;314;365;beauce_5_sa_087;orgeh;orgeH_tousSols_nonirr_organique;0.27;0.0;8.24;0.0;3.0;60.16;64.81;0.07;0.0;0;1.5;0;-93.95;0.06;0.0;0.0;0.27
2019;213;268;beauce_5_sa_088;solnu;;0.0;0.0;17.7;0.0;0.0;35.0;52.69;0.01;0.0;0;0;0;-195.62;0.0;0.01;0.0;0.0
2019;269;365;beauce_5_sa_088;orgeh;orgeH_tousSols_nonirr_organique;0.35;0.0;15.41;0.0;34.78;52.88;32.92;0.05;0.0;0;17.39;0;-174.21;0.04;0.01;0.0;0.35
2019;213;276;beauce_5_sa_089;solnu;;0.0;0.0;19.07;0.0;0.0;35.0;54.05;0.01;0.0;0;0;0;-212.66;0.0;0.01;0.0;0.0
2019;277;365;beauce_5_sa_089;orgeh;orgeH_tousSols_nonirr_organique;0.3;0.0;14.12;0.0;26.33;54.25;41.47;0.06;0.0;0;13.17;0;-157.98;0.05;0.01;0.0;0.3
2019;213;315;beauce_5_sa_090;solnu;;0.0;0.0;25.41;0.0;0.0;35.0;60.37;0.04;0.0;0;0;0;-282.16;0.02;0.02;0.0;0.0
2019;316;365;beauce_5_sa_090;orgeh;orgeH_tousSols_nonirr_organique;0.27;0.0;7.77;0.0;2.68;60.52;65.12;0.06;0.0;0;1.34;0;-88.39;0.06;0.0;0.0;0.27
2019;213;298;beauce_5_sa_091;solnu;;0.0;0.0;22.13;0.0;0.0;35.0;57.12;0.01;0.0;0;0;0;-246.14;0.0;0.01;0.0;0.0
2019;299;365;beauce_5_sa_091;orgeh;orgeH_tousSols_nonirr_organique;0.26;0.0;11.04;0.0;6.68;57.25;61.13;0.08;0.0;0;3.34;0;-124.36;0.08;0.01;0.0;0.26
2019;213;302;beauce_5_sa_092;solnu;;0.0;0.0;22.76;0.0;0.0;35.0;57.74;0.01;0.0;0;0;0;-253.38;0.0;0.01;0.0;0.0
2019;303;365;beauce_5_sa_092;orgeh;orgeH_tousSols_nonirr_organique;0.27;0.0;10.42;0.0;5.26;57.9;62.55;0.08;0.0;0;2.63;0;-117.17;0.08;0.01;0.0;0.27
2019;213;308;beauce_5_sa_093;solnu;;0.0;0.0;23.9;0.0;0.0;35.0;58.88;0.03;0.0;0;0;0;-266.09;0.01;0.01;0.0;0.0
2019;309;365;beauce_5_sa_093;orgeh;orgeH_tousSols_nonirr_organique;0.27;0.0;9.27;0.0;4.25;58.99;63.56;0.07;0.0;0;2.13;0;-104.46;0.07;0.01;0.0;0.27
2019;213;272;beauce_5_sa_094;solnu;;0.0;0.0;18.48;0.0;0.0;35.0;53.47;0.01;0.0;0;0;0;-205.21;0.0;0.01;0.0;0.0
2019;273;365;beauce_5_sa_094;orgeh;orgeH_tousSols_nonirr_organique;0.31;0.0;14.65;0.0;28.57;53.65;39.18;0.06;0.0;0;14.28;0;-164.8;0.05;0.01;0.0;0.31
2019;213;280;beauce_5_sa_095;solnu;;0.0;0.0;19.61;0.0;0.0;35.0;54.6;0.01;0.0;0;0;0;-217.86;0.0;0.01;0.0;0.0
2019;281;365;beauce_5_sa_095;orgeh;orgeH_tousSols_nonirr_organique;0.29;0.0;13.57;0.0;23.04;54.67;44.77;0.06;0.0;0;11.52;0;-152.76;0.06;0.01;0.0;0.29
2019;213;282;beauce_5_sa_096;solnu;;0.0;0.0;19.76;0.0;0.0;35.0;54.74;0.01;0.0;0;0;0;-220.42;0.0;0.01;0.0;0.0
2019;283;365;beauce_5_sa_096;orgeh;orgeH_tousSols_nonirr_organique;0.29;0.0;13.43;0.0;20.54;54.93;47.27;0.07;0.0;0;10.27;0;-150.23;0.06;0.01;0.0;0.29
2019;213;298;beauce_5_sa_097;solnu;;0.0;0.0;22.1;0.0;0.0;35.0;57.09;0.01;0.0;0;0;0;-245.83;0.0;0.01;0.0;0.0
2019;299;365;beauce_5_sa_097;orgeh;orgeH_tousSols_nonirr_organique;0.24;0.0;11.03;0.0;6.68;57.22;61.12;0.08;0.0;0;3.34;0;-124.28;0.08;0.01;0.0;0.24
2019;213;287;beauce_5_sa_098;solnu;;0.0;0.0;20.33;0.0;0.0;35.0;55.32;0.01;0.0;0;0;0;-226.85;0.0;0.01;0.0;0.0
2019;288;365;beauce_5_sa_098;orgeh;orgeH_tousSols_nonirr_organique;0.25;0.0;12.8;0.0;17.12;55.43;50.67;0.07;0.0;0;8.56;0;-143.22;0.06;0.01;0.0;0.25
2019;213;258;beauce_5_sa_099;solnu;;0.0;0.0;15.69;0.0;0.0;35.0;50.68;0.01;0.0;0;0;0;-173.99;0.0;0.01;0.0;0.0
2019;259;365;beauce_5_sa_099;orgeh;orgeH_tousSols_nonirr_organique;0.33;0.0;17.5;0.0;49.15;50.8;18.67;0.02;0.0;0;24.58;0;-196.66;0.01;0.01;0.0;0.33
2020;1;219;beauce_5_sa_000;orgeh;orgeH_tousSols_nonirr_organique;1.78;0.0;65.01;0.0;48.32;28.78;43.62;0.07;0.0;0;43.63;0;-723.12;0.03;0.04;0.0;1.78
2020;220;265;beauce_5_sa_000;solnu;;0.72;0.0;26.22;-53.03;0.0;43.62;16.01;0.07;0.01;0;0;0;-202.35;0.07;0.0;0.0;0.72
2020;266;366;beauce_5_sa_000;orgeh;orgeH_tousSols_nonirr_organique;2.19;0.0;19.19;-6.16;8.05;16.02;18.78;0.01;0.0;0;4.03;0;-56.27;0.0;0.01;0.0;2.19
2020;1;183;beauce_5_sa_001;orgeh;orgeH_tousSols_nonirr_organique;3.51;0.0;43.59;0.0;81.11;63.0;20.64;0.07;0.0;0;42.95;0;-473.15;0.05;0.03;0.0;3.51
2020;184;306;beauce_5_sa_001;solnu;;1.5;0.0;52.04;-52.19;0.0;20.64;19.24;0.04;0.0;0;0;0;-473.68;0.02;0.02;0.0;1.5
2020;307;366;beauce_5_sa_001;orgeh;orgeH_tousSols_nonirr_organique;1.59;0.0;8.36;-8.18;0.0;19.24;17.82;0.0;0.0;0;0.0;0;-25.68;0.0;0.0;0.0;1.59
2020;1;214;beauce_5_sa_002;orgeh;orgeH_tousSols_nonirr_organique;3.6;0.0;55.74;0.0;85.45;64.29;30.9;0.08;0.0;0;44.48;0;-620.24;0.05;0.03;0.0;3.6
2020;215;312;beauce_5_sa_002;solnu;;1.51;0.0;40.56;-14.51;0.0;30.9;55.35;0.08;0.0;0;0;0;-392.15;0.07;0.02;0.0;1.51
2020;313;366;beauce_5_sa_002;orgeh;orgeH_tousSols_nonirr_organique;2.09;0.0;7.15;-37.2;0.0;55.45;23.21;0.0;0.0;0;0.0;0;-36.14;0.0;0.0;0.0;2.09
2020;1;211;beauce_5_sa_003;orgeh;orgeH_tousSols_nonirr_organique;3.5;0.0;54.52;0.0;84.3;62.54;29.17;0.08;0.0;0;44.78;0;-607.1;0.05;0.03;0.0;3.5
2020;212;303;beauce_5_sa_003;solnu;;1.47;0.0;40.4;-49.67;0.0;29.17;18.4;0.04;0.0;0;0;0;-346.5;0.03;0.01;0.0;1.47
2020;304;366;beauce_5_sa_003;orgeh;orgeH_tousSols_nonirr_organique;1.52;0.0;8.93;-8.76;0.0;18.4;17.05;0.0;0.0;0;0.0;0;-24.65;0.0;0.0;0.0;1.52
2020;1;202;beauce_5_sa_004;orgeh;orgeH_tousSols_nonirr_organique;3.4;0.0;51.62;0.0;78.77;59.49;28.87;0.08;0.0;0;43.54;0;-576.1;0.04;0.03;0.0;3.4
2020;203;296;beauce_5_sa_004;solnu;;1.54;0.0;42.06;-34.47;0.0;28.87;34.83;0.08;0.01;0;0;0;-404.33;0.06;0.02;0.0;1.54
2020;297;366;beauce_5_sa_004;orgeh;orgeH_tousSols_nonirr_organique;2.03;0.0;10.43;-20.7;0.0;32.55;22.53;0.0;0.0;0;0.0;0;-41.85;0.0;0.0;0.0;2.03
2020;1;218;beauce_5_sa_005;orgeh;orgeH_tousSols_nonirr_organique;3.37;0.0;58.72;0.0;78.68;59.06;35.65;0.08;0.0;0;43.71;0;-651.45;0.04;0.04;0.0;3.37
2020;219;295;beauce_5_sa_005;solnu;;1.52;0.0;35.03;-49.99;0.0;35.65;19.11;0.05;0.0;0;0;0;-315.28;0.04;0.01;0.0;1.52
2020;296;366;beauce_5_sa_005;orgeh;orgeH_tousSols_nonirr_organique;1.58;0.0;10.61;-10.56;0.0;19.11;17.57;0.0;0.0;0;0.0;0;-31.77;0.0;0.0;0.0;1.58
2020;1;215;beauce_5_sa_006;orgeh;orgeH_tousSols_nonirr_organique;3.25;0.0;57.34;0.0;75.52;55.78;34.28;0.08;0.0;0;43.78;0;-636.59;0.04;0.03;0.0;3.25
2020;216;292;beauce_5_sa_006;solnu;;1.41;0.0;35.99;-45.75;0.0;34.28;23.03;0.08;0.0;0;0;0;-345.19;0.06;0.01;0.0;1.41
2020;293;366;beauce_5_sa_006;orgeh;orgeH_tousSols_nonirr_organique;2.06;0.0;11.27;-11.94;0.0;22.79;20.31;0.0;0.0;0;0.0;0;-40.57;0.0;0.0;0.0;2.06
2020;1;193;beauce_5_sa_007;orgeh;orgeH_tousSols_nonirr_organique;2.93;0.0;49.02;0.0;69.38;48.61;25.27;0.06;0.0;0;44.27;0;-542.04;0.04;0.03;0.0;2.93
2020;194;285;beauce_5_sa_007;solnu;;0.97;0.0;43.94;-51.75;0.0;25.27;16.44;0.05;0.0;0;0;0;-382.54;0.04;0.01;0.0;0.97
2020;286;366;beauce_5_sa_007;orgeh;orgeH_tousSols_nonirr_organique;1.73;0.0;12.65;-9.92;0.87;16.44;16.56;0.0;0.0;0;0.44;0;-36.55;0.0;0.0;0.0;1.73
2020;1;225;beauce_5_sa_008;orgeh;orgeH_tousSols_nonirr_organique;3.56;0.0;61.48;0.0;84.56;63.49;36.75;0.09;0.0;0;44.44;0;-684.69;0.05;0.04;0.0;3.56
2020;226;308;beauce_5_sa_008;solnu;;1.57;0.0;34.29;-15.15;0.0;36.75;54.23;0.08;0.0;0;0;0;-331.19;0.07;0.01;0.0;1.57
2020;309;366;beauce_5_sa_008;orgeh;orgeH_tousSols_nonirr_organique;2.11;0.0;7.9;-36.59;0.0;54.31;23.43;0.0;0.0;0;0.0;0;-39.22;0.0;0.0;0.0;2.11
2020;1;178;beauce_5_sa_009;orgeh;orgeH_tousSols_nonirr_organique;3.65;0.0;40.17;0.0;79.97;65.48;21.95;0.07;0.0;0;41.15;0;-446.27;0.05;0.02;0.0;3.65
2020;179;317;beauce_5_sa_009;solnu;;1.65;0.0;56.93;-13.11;0.0;21.95;64.01;0.11;0.0;0;0;0;-555.58;0.08;0.03;0.0;1.65
2020;318;366;beauce_5_sa_009;orgeh;orgeH_tousSols_nonirr_organique;2.39;0.0;6.48;-41.42;0.0;64.12;26.67;0.01;0.0;0;0.0;0;-35.0;0.01;0.0;0.0;2.39
2020;1;176;beauce_5_sa_010;orgeh;orgeH_tousSols_nonirr_organique;2.67;0.0;40.2;0.0;64.72;44.59;17.35;0.06;0.0;0;43.95;0;-448.08;0.03;0.02;0.0;2.67
2020;177;279;beauce_5_sa_010;solnu;;0.92;0.0;51.76;-52.46;0.0;17.35;15.67;0.06;0.0;0;0;0;-462.0;0.04;0.02;0.0;0.92
2020;280;366;beauce_5_sa_010;orgeh;orgeH_tousSols_nonirr_organique;1.71;0.0;14.32;-10.48;1.57;15.67;16.23;0.0;0.0;0;0.78;0;-46.08;0.0;0.0;0.0;1.71
2020;1;182;beauce_5_sa_011;orgeh;orgeH_tousSols_nonirr_organique;1.7;0.0;44.66;0.0;39.2;19.73;23.45;0.04;0.0;0;43.65;0;-494.31;0.01;0.03;0.0;1.7
2020;183;260;beauce_5_sa_011;solnu;;0.42;0.0;43.78;-14.46;0.0;23.45;52.26;0.09;0.0;0;0;0;-427.43;0.07;0.02;0.0;0.42
2020;261;366;beauce_5_sa_011;orgeh;orgeH_tousSols_nonirr_organique;1.72;0.0;20.75;-51.8;7.01;52.57;12.47;0.0;0.0;0;3.51;0;-89.91;0.0;0.0;0.0;1.72
2020;1;185;beauce_5_sa_012;orgeh;orgeH_tousSols_nonirr_organique;2.67;0.0;45.78;0.0;64.8;44.45;22.7;0.06;0.0;0;44.07;0;-509.07;0.03;0.03;0.0;2.67
2020;186;279;beauce_5_sa_012;solnu;;0.9;0.0;46.25;-52.12;0.0;22.7;15.87;0.06;0.0;0;0;0;-431.7;0.04;0.02;0.0;0.9
2020;280;366;beauce_5_sa_012;orgeh;orgeH_tousSols_nonirr_organique;1.72;0.0;14.29;-12.76;0.0;15.87;15.68;0.0;0.0;0;0.0;0;-45.89;0.0;0.0;0.0;1.72
2020;1;217;beauce_5_sa_013;orgeh;orgeH_tousSols_nonirr_organique;3.0;0.0;58.89;0.0;69.67;49.73;35.88;0.07;0.0;0;43.88;0;-653.78;0.04;0.04;0.0;3.0
2020;218;287;beauce_5_sa_013;solnu;;0.99;0.0;34.04;-15.28;0.0;35.88;53.57;0.08;0.0;0;0;0;-332.42;0.07;0.01;0.0;0.99
2020;288;366;beauce_5_sa_013;orgeh;orgeH_tousSols_nonirr_organique;2.42;0.0;12.2;-38.92;3.0;53.74;21.41;0.01;0.0;0;1.5;0;-56.77;0.01;0.0;0.0;2.42
2020;1;225;beauce_5_sa_014;orgeh;orgeH_tousSols_nonirr_organique;2.96;0.0;63.19;0.0;69.41;48.95;39.68;0.09;0.0;0;44.14;0;-703.89;0.05;0.04;0.0;2.96
2020;226;286;beauce_5_sa_014;solnu;;1.05;0.0;29.75;-24.39;0.0;39.68;43.9;0.08;0.0;0;0;0;-290.64;0.07;0.01;0.0;1.05
2020;287;366;beauce_5_sa_014;orgeh;orgeH_tousSols_nonirr_organique;2.41;0.0;12.43;-33.35;0.0;40.7;20.57;0.0;0.0;0;0.0;0;-47.18;0.0;0.0;0.0;2.41
2020;1;224;beauce_5_sa_015;orgeh;orgeH_tousSols_nonirr_organique;2.62;0.0;64.99;0.0;58.5;38.7;42.47;0.1;0.0;0;43.78;0;-724.09;0.06;0.04;0.0;2.62
2020;225;274;beauce_5_sa_015;solnu;;0.91;0.0;26.85;-52.65;0.0;42.47;15.74;0.01;0.0;0;0;0;-186.42;0.01;0.0;0.0;0.91
2020;275;366;beauce_5_sa_015;orgeh;orgeH_tousSols_nonirr_organique;1.71;0.0;15.91;-4.81;7.48;15.79;17.64;0.01;0.0;0;3.74;0;-44.3;0.0;0.01;0.0;1.71
2020;1;174;beauce_5_sa_016;orgeh;orgeH_tousSols_nonirr_organique;2.97;0.0;38.64;0.0;67.13;49.22;16.49;0.06;0.0;0;42.86;0;-426.57;0.04;0.02;0.0;2.97
2020;175;286;beauce_5_sa_016;solnu;;0.97;0.0;54.13;-52.67;0.0;16.49;17.15;0.06;0.0;0;0;0;-501.36;0.04;0.02;0.0;0.97
2020;287;366;beauce_5_sa_016;orgeh;orgeH_tousSols_nonirr_organique;1.8;0.0;12.49;-11.35;0.0;17.15;16.48;0.0;0.0;0;0.0;0;-40.24;0.0;0.0;0.0;1.8
2020;1;224;beauce_5_sa_017;orgeh;orgeH_tousSols_nonirr_organique;3.4;0.0;61.65;0.0;79.59;59.49;38.07;0.09;0.0;0;43.95;0;-686.79;0.05;0.04;0.0;3.4
2020;225;296;beauce_5_sa_017;solnu;;1.62;0.0;32.22;-15.39;0.0;38.07;53.19;0.08;0.0;0;0;0;-312.92;0.07;0.01;0.0;1.62
2020;297;366;beauce_5_sa_017;orgeh;orgeH_tousSols_nonirr_organique;2.13;0.0;10.4;-37.85;0.0;53.42;23.61;0.0;0.0;0;0.0;0;-48.53;0.0;0.0;0.0;2.13
2020;1;210;beauce_5_sa_018;orgeh;orgeH_tousSols_nonirr_organique;2.81;0.0;55.86;0.0;66.65;46.5;32.82;0.07;0.0;0;43.96;0;-622.64;0.03;0.03;0.0;2.81
2020;211;282;beauce_5_sa_018;solnu;;0.99;0.0;36.57;-51.74;0.0;32.82;16.62;0.05;0.0;0;0;0;-305.24;0.04;0.01;0.0;0.99
2020;283;366;beauce_5_sa_018;orgeh;orgeH_tousSols_nonirr_organique;1.79;0.0;13.66;-8.46;2.57;16.62;17.46;0.0;0.0;0;1.29;0;-36.18;0.0;0.0;0.0;1.79
2020;1;182;beauce_5_sa_019;orgeh;orgeH_tousSols_nonirr_organique;2.87;0.0;42.8;0.0;67.2;47.27;19.94;0.06;0.0;0;43.87;0;-474.35;0.03;0.03;0.0;2.87
2020;183;283;beauce_5_sa_019;solnu;;0.93;0.0;49.3;-13.78;0.0;19.94;54.43;0.09;0.0;0;0;0;-479.49;0.06;0.02;0.0;0.93
2020;284;366;beauce_5_sa_019;orgeh;orgeH_tousSols_nonirr_organique;2.34;0.0;13.34;-40.81;4.39;54.85;20.22;0.01;0.0;0;2.19;0;-68.62;0.01;0.0;0.0;2.34
2020;1;208;beauce_5_sa_020;orgeh;orgeH_tousSols_nonirr_organique;3.49;0.0;53.46;0.0;84.23;62.21;27.87;0.08;0.0;0;44.92;0;-596.66;0.05;0.03;0.0;3.49
2020;209;301;beauce_5_sa_020;solnu;;1.53;0.0;40.85;-44.95;0.0;27.87;22.16;0.06;0.01;0;0;0;-383.23;0.05;0.02;0.0;1.53
2020;302;366;beauce_5_sa_020;orgeh;orgeH_tousSols_nonirr_organique;1.83;0.0;9.37;-9.31;0.0;22.16;20.39;0.0;0.0;0;0.0;0;-34.17;0.0;0.0;0.0;1.83
2020;1;201;beauce_5_sa_021;orgeh;orgeH_tousSols_nonirr_organique;2.26;0.0;53.43;0.0;57.54;37.61;31.18;0.06;0.0;0;43.87;0;-596.33;0.02;0.03;0.0;2.26
2020;202;274;beauce_5_sa_021;solnu;;0.85;0.0;37.77;-14.98;0.0;31.18;53.03;0.09;0.0;0;0;0;-362.61;0.08;0.02;0.0;0.85
2020;275;366;beauce_5_sa_021;orgeh;orgeH_tousSols_nonirr_organique;2.18;0.0;15.83;-44.21;4.23;53.36;18.23;0.01;0.0;0;2.11;0;-72.82;0.0;0.0;0.0;2.18
2020;1;197;beauce_5_sa_022;orgeh;orgeH_tousSols_nonirr_organique;1.83;0.0;52.95;0.0;50.91;30.31;30.47;0.05;0.0;0;44.19;0;-589.56;0.02;0.03;0.0;1.83
2020;198;268;beauce_5_sa_022;solnu;;0.52;0.0;37.49;-15.01;0.0;30.47;52.34;0.08;0.0;0;0;0;-363.96;0.07;0.02;0.0;0.52
2020;269;366;beauce_5_sa_022;orgeh;orgeH_tousSols_nonirr_organique;2.22;0.0;18.14;-48.61;4.5;52.79;15.14;0.02;0.0;0;2.25;0;-77.96;0.02;0.0;0.0;2.22
2020;1;230;beauce_5_sa_023;orgeh;orgeH_tousSols_nonirr_organique;2.74;0.0;67.35;0.0;64.34;43.95;44.11;0.1;0.0;0;44.1;0;-748.38;0.06;0.04;0.0;2.74
2020;231;280;beauce_5_sa_023;solnu;;1.05;0.0;24.93;-15.77;0.0;44.11;52.14;0.08;0.0;0;0;0;-247.86;0.07;0.01;0.0;1.05
2020;281;366;beauce_5_sa_023;orgeh;orgeH_tousSols_nonirr_organique;2.44;0.0;14.06;-40.51;2.93;52.41;20.31;0.0;0.0;0;1.46;0;-60.89;0.0;0.0;0.0;2.44
2020;1;178;beauce_5_sa_024;orgeh;orgeH_tousSols_nonirr_organique;2.87;0.0;40.71;0.0;68.22;47.11;16.66;0.06;0.0;0;44.47;0;-451.97;0.03;0.02;0.0;2.87
2020;179;284;beauce_5_sa_024;solnu;;0.92;0.0;51.68;-13.67;0.0;16.66;53.67;0.09;0.0;0;0;0;-502.05;0.06;0.02;0.0;0.92
2020;285;366;beauce_5_sa_024;orgeh;orgeH_tousSols_nonirr_organique;2.3;0.0;12.97;-41.63;2.69;54.08;20.0;0.01;0.0;0;1.34;0;-66.58;0.01;0.0;0.0;2.3
2020;1;201;beauce_5_sa_025;orgeh;orgeH_tousSols_nonirr_organique;3.63;0.0;50.78;0.0;86.54;64.98;25.51;0.08;0.0;0;44.68;0;-567.06;0.05;0.03;0.0;3.63
2020;202;315;beauce_5_sa_025;solnu;;1.63;0.0;45.85;-47.35;0.0;25.51;22.33;0.06;0.01;0;0;0;-413.89;0.04;0.02;0.0;1.63
2020;316;366;beauce_5_sa_025;orgeh;orgeH_tousSols_nonirr_organique;1.84;0.0;6.72;-6.66;0.0;22.33;20.55;0.0;0.0;0;0.0;0;-21.78;0.0;0.0;0.0;1.84
2020;1;206;beauce_5_sa_026;orgeh;orgeH_tousSols_nonirr_organique;2.92;0.0;54.12;0.0;69.07;48.41;30.48;0.07;0.0;0;44.23;0;-601.6;0.04;0.03;0.0;2.92
2020;207;285;beauce_5_sa_026;solnu;;0.94;0.0;38.52;-46.43;0.0;30.48;21.56;0.08;0.0;0;0;0;-365.83;0.06;0.01;0.0;0.94
2020;286;366;beauce_5_sa_026;orgeh;orgeH_tousSols_nonirr_organique;2.25;0.0;12.61;-12.79;0.0;21.36;19.14;0.0;0.0;0;0.0;0;-45.14;0.0;0.0;0.0;2.25
2020;1;185;beauce_5_sa_027;orgeh;orgeH_tousSols_nonirr_organique;2.36;0.0;46.08;0.0;58.53;39.28;24.41;0.05;0.0;0;43.53;0;-512.34;0.03;0.03;0.0;2.36
2020;186;275;beauce_5_sa_027;solnu;;0.86;0.0;45.19;-14.22;0.0;24.41;54.42;0.1;0.0;0;0;0;-437.7;0.08;0.02;0.0;0.86
2020;276;366;beauce_5_sa_027;orgeh;orgeH_tousSols_nonirr_organique;2.25;0.0;15.54;-44.78;4.23;54.72;18.71;0.01;0.0;0;2.12;0;-74.78;0.01;0.0;0.0;2.25
2020;1;204;beauce_5_sa_028;orgeh;orgeH_tousSols_nonirr_organique;3.55;0.0;51.85;0.0;84.93;63.3;26.59;0.08;0.0;0;44.72;0;-577.4;0.05;0.03;0.0;3.55
2020;205;307;beauce_5_sa_028;solnu;;1.46;0.0;43.44;-14.22;0.0;26.59;54.25;0.08;0.01;0;0;0;-419.0;0.06;0.02;0.0;1.46
2020;308;366;beauce_5_sa_028;orgeh;orgeH_tousSols_nonirr_organique;2.05;0.0;8.13;-37.57;0.0;54.5;22.76;0.0;0.0;0;0.0;0;-41.1;0.0;0.0;0.0;2.05
2020;1;203;beauce_5_sa_029;orgeh;orgeH_tousSols_nonirr_organique;3.62;0.0;51.28;0.0;86.39;65.12;26.32;0.08;0.0;0;44.53;0;-572.28;0.05;0.03;0.0;3.62
2020;204;316;beauce_5_sa_029;solnu;;1.62;0.0;45.41;-47.63;0.0;26.32;22.41;0.06;0.01;0;0;0;-404.69;0.04;0.02;0.0;1.62
2020;317;366;beauce_5_sa_029;orgeh;orgeH_tousSols_nonirr_organique;1.85;0.0;6.59;-6.43;0.0;22.41;20.72;0.0;0.0;0;0.0;0;-20.4;0.0;0.0;0.0;1.85
2020;1;187;beauce_5_sa_030;orgeh;orgeH_tousSols_nonirr_organique;2.36;0.0;46.86;0.0;58.53;39.28;25.19;0.05;0.0;0;43.53;0;-521.57;0.03;0.03;0.0;2.36
2020;188;275;beauce_5_sa_030;solnu;;0.86;0.0;44.39;-14.31;0.0;25.19;54.32;0.09;0.0;0;0;0;-429.46;0.08;0.02;0.0;0.86
2020;276;366;beauce_5_sa_030;orgeh;orgeH_tousSols_nonirr_organique;2.24;0.0;15.54;-44.7;4.23;54.61;18.69;0.01;0.0;0;2.12;0;-74.43;0.01;0.0;0.0;2.24
2020;1;203;beauce_5_sa_031;orgeh;orgeH_tousSols_nonirr_organique;3.59;0.0;51.4;0.0;85.26;64.02;26.5;0.08;0.0;0;44.52;0;-573.69;0.05;0.03;0.0;3.59
2020;204;311;beauce_5_sa_031;solnu;;1.48;0.0;44.69;-14.08;0.0;26.5;55.54;0.08;0.01;0;0;0;-428.95;0.06;0.02;0.0;1.48
2020;312;366;beauce_5_sa_031;orgeh;orgeH_tousSols_nonirr_organique;2.07;0.0;7.28;-37.71;0.0;55.68;23.03;0.0;0.0;0;0.0;0;-37.88;0.0;0.0;0.0;2.07
2020;1;222;beauce_5_sa_032;orgeh;orgeH_tousSols_nonirr_organique;2.66;0.0;65.1;0.0;56.06;36.38;42.64;0.11;0.01;0;43.69;0;-719.92;0.07;0.04;0.0;2.66
2020;223;271;beauce_5_sa_032;solnu;;0.3;0.0;26.59;-50.45;0.0;42.64;13.41;0.03;0.0;0;0;0;-221.21;0.03;0.0;0.0;0.3
2020;272;366;beauce_5_sa_032;orgeh;orgeH_tousSols_nonirr_organique;1.83;0.0;16.98;-10.09;3.85;13.4;14.62;0.0;0.0;0;1.93;0;-48.34;0.0;0.0;0.0;1.83
2020;1;185;beauce_5_sa_033;orgeh;orgeH_tousSols_nonirr_organique;1.83;0.0;46.9;0.0;50.91;30.31;24.43;0.05;0.0;0;44.19;0;-521.27;0.02;0.03;0.0;1.83
2020;186;268;beauce_5_sa_033;solnu;;0.49;0.0;43.21;-14.43;0.0;24.43;52.63;0.08;0.0;0;0;0;-419.68;0.06;0.02;0.0;0.49
2020;269;366;beauce_5_sa_033;orgeh;orgeH_tousSols_nonirr_organique;2.18;0.0;18.16;-49.12;4.5;53.08;14.97;0.02;0.0;0;2.25;0;-79.85;0.02;0.0;0.0;2.18
2020;1;202;beauce_5_sa_034;orgeh;orgeH_tousSols_nonirr_organique;2.27;0.0;53.71;0.0;57.93;38.1;31.54;0.06;0.0;0;43.87;0;-599.13;0.03;0.03;0.0;2.27
2020;203;274;beauce_5_sa_034;solnu;;0.85;0.0;37.5;-51.92;0.0;31.54;16.21;0.07;0.0;0;0;0;-351.24;0.05;0.01;0.0;0.85
2020;275;366;beauce_5_sa_034;orgeh;orgeH_tousSols_nonirr_organique;1.64;0.0;15.86;-15.23;0.24;16.02;14.94;0.0;0.0;0;0.12;0;-50.63;0.0;0.0;0.0;1.64
2020;1;174;beauce_5_sa_035;orgeh;orgeH_tousSols_nonirr_organique;3.48;0.0;38.37;0.0;74.58;61.73;20.75;0.07;0.0;0;40.33;0;-423.77;0.05;0.02;0.0;3.48
2020;175;300;beauce_5_sa_035;solnu;;1.72;0.0;56.28;-13.34;0.0;20.75;62.14;0.11;0.0;0;0;0;-551.97;0.08;0.03;0.0;1.72
2020;301;366;beauce_5_sa_035;orgeh;orgeH_tousSols_nonirr_organique;2.34;0.0;9.56;-43.25;0.0;62.36;26.11;0.0;0.0;0;0.0;0;-49.11;0.0;0.0;0.0;2.34
2020;1;176;beauce_5_sa_036;orgeh;orgeH_tousSols_nonirr_organique;3.59;0.0;39.53;0.0;78.52;64.02;21.37;0.07;0.0;0;41.15;0;-440.85;0.05;0.02;0.0;3.59
2020;177;311;beauce_5_sa_036;solnu;;1.67;0.0;57.03;-13.19;0.0;21.37;63.43;0.11;0.0;0;0;0;-554.14;0.08;0.03;0.0;1.67
2020;312;366;beauce_5_sa_036;orgeh;orgeH_tousSols_nonirr_organique;2.35;0.0;7.28;-42.17;0.0;63.57;26.19;0.01;0.0;0;0.0;0;-39.3;0.01;0.0;0.0;2.35
2020;1;185;beauce_5_sa_037;orgeh;orgeH_tousSols_nonirr_organique;1.84;0.0;47.1;0.0;50.64;30.94;25.52;0.05;0.0;0;43.75;0;-523.42;0.02;0.03;0.0;1.84
2020;186;267;beauce_5_sa_037;solnu;;0.51;0.0;43.3;-54.34;0.0;25.52;13.89;0.06;0.0;0;0;0;-380.96;0.05;0.01;0.0;0.51
2020;268;366;beauce_5_sa_037;orgeh;orgeH_tousSols_nonirr_organique;1.9;0.0;18.52;-8.24;5.72;13.89;16.53;0.01;0.0;0;2.86;0;-60.02;0.0;0.01;0.0;1.9
2020;1;216;beauce_5_sa_038;orgeh;orgeH_tousSols_nonirr_organique;3.65;0.0;56.56;0.0;86.64;65.48;31.67;0.08;0.0;0;44.48;0;-629.78;0.05;0.03;0.0;3.65
2020;217;317;beauce_5_sa_038;solnu;;1.52;0.0;40.25;-14.52;0.0;31.67;55.78;0.09;0.0;0;0;0;-388.68;0.07;0.02;0.0;1.52
2020;318;366;beauce_5_sa_038;orgeh;orgeH_tousSols_nonirr_organique;2.1;0.0;6.47;-36.76;0.0;55.9;23.38;0.0;0.0;0;0.0;0;-33.12;0.0;0.0;0.0;2.1
2020;1;204;beauce_5_sa_039;orgeh;orgeH_tousSols_nonirr_organique;2.87;0.0;53.25;0.0;68.22;47.11;29.2;0.07;0.0;0;44.47;0;-592.72;0.03;0.03;0.0;2.87
2020;205;284;beauce_5_sa_039;solnu;;0.92;0.0;39.06;-14.8;0.0;29.2;52.45;0.08;0.0;0;0;0;-376.89;0.06;0.02;0.0;0.92
2020;285;366;beauce_5_sa_039;orgeh;orgeH_tousSols_nonirr_organique;2.29;0.0;12.95;-40.55;2.69;52.86;19.87;0.01;0.0;0;1.34;0;-62.49;0.01;0.0;0.0;2.29
2020;1;216;beauce_5_sa_040;orgeh;orgeH_tousSols_nonirr_organique;1.95;0.0;61.4;0.0;51.95;32.26;39.7;0.06;0.0;0;43.73;0;-682.88;0.02;0.04;0.0;1.95
2020;217;270;beauce_5_sa_040;solnu;;0.61;0.0;29.73;-15.64;0.0;39.7;53.09;0.09;0.0;0;0;0;-290.5;0.08;0.01;0.0;0.61
2020;271;366;beauce_5_sa_040;orgeh;orgeH_tousSols_nonirr_organique;2.6;0.0;17.36;-46.9;3.0;53.55;17.92;0.02;0.0;0;1.5;0;-74.28;0.02;0.0;0.0;2.6
2020;1;191;beauce_5_sa_041;orgeh;orgeH_tousSols_nonirr_organique;3.58;0.0;46.92;0.0;85.45;64.29;22.1;0.08;0.0;0;44.48;0;-522.33;0.05;0.03;0.0;3.58
2020;192;312;beauce_5_sa_041;solnu;;1.49;0.0;49.37;-26.72;0.0;22.1;43.17;0.08;0.0;0;0;0;-477.06;0.06;0.02;0.0;1.49
2020;313;366;beauce_5_sa_041;orgeh;orgeH_tousSols_nonirr_organique;2.08;0.0;7.16;-25.1;0.0;41.78;23.15;0.0;0.0;0;0.0;0;-31.94;0.0;0.0;0.0;2.08
2020;1;190;beauce_5_sa_042;orgeh;orgeH_tousSols_nonirr_organique;2.48;0.0;48.28;0.0;61.53;42.18;26.4;0.06;0.0;0;43.55;0;-537.32;0.03;0.03;0.0;2.48
2020;191;276;beauce_5_sa_042;solnu;;0.89;0.0;43.43;-53.54;0.0;26.4;15.34;0.05;0.0;0;0;0;-366.39;0.04;0.01;0.0;0.89
2020;277;366;beauce_5_sa_042;orgeh;orgeH_tousSols_nonirr_organique;1.7;0.0;15.35;-6.04;5.41;15.36;17.54;0.01;0.0;0;2.71;0;-45.08;0.0;0.01;0.0;1.7
2020;1;203;beauce_5_sa_043;orgeh;orgeH_tousSols_nonirr_organique;3.56;0.0;51.45;0.0;85.22;63.49;26.09;0.08;0.0;0;44.77;0;-574.18;0.05;0.03;0.0;3.56
2020;204;308;beauce_5_sa_043;solnu;;1.51;0.0;44.11;-46.62;0.0;26.09;22.0;0.05;0.01;0;0;0;-393.27;0.04;0.01;0.0;1.51
2020;309;366;beauce_5_sa_043;orgeh;orgeH_tousSols_nonirr_organique;1.82;0.0;7.93;-7.66;0.0;22.0;20.46;0.0;0.0;0;0.0;0;-25.06;0.0;0.0;0.0;1.82
2020;1;227;beauce_5_sa_044;orgeh;orgeH_tousSols_nonirr_organique;3.55;0.0;62.9;0.0;84.83;63.55;37.98;0.09;0.0;0;44.54;0;-696.19;0.05;0.04;0.0;3.55
2020;228;309;beauce_5_sa_044;solnu;;1.6;0.0;32.97;-47.22;0.0;37.98;22.07;0.05;0.0;0;0;0;-291.46;0.05;0.01;0.0;1.6
2020;310;366;beauce_5_sa_044;orgeh;orgeH_tousSols_nonirr_organique;1.82;0.0;7.85;-7.58;0.0;22.07;20.52;0.0;0.0;0;0.0;0;-21.84;0.0;0.0;0.0;1.82
2020;1;220;beauce_5_sa_045;orgeh;orgeH_tousSols_nonirr_organique;3.07;0.0;60.12;0.0;72.04;51.68;36.61;0.07;0.0;0;44.08;0;-670.62;0.04;0.04;0.0;3.07
2020;221;289;beauce_5_sa_045;solnu;;0.99;0.0;32.96;-48.87;0.0;36.61;19.65;0.06;0.0;0;0;0;-302.6;0.06;0.01;0.0;0.99
2020;290;366;beauce_5_sa_045;orgeh;orgeH_tousSols_nonirr_organique;2.05;0.0;11.9;-11.63;0.0;19.65;17.86;0.0;0.0;0;0.0;0;-37.07;0.0;0.0;0.0;2.05
2020;1;212;beauce_5_sa_046;orgeh;orgeH_tousSols_nonirr_organique;1.74;0.0;60.95;0.0;42.02;22.59;39.73;0.06;0.0;0;43.61;0;-676.74;0.02;0.04;0.0;1.74
2020;213;262;beauce_5_sa_046;solnu;;0.61;0.0;29.56;-56.11;0.0;39.73;12.53;0.04;0.01;0;0;0;-209.69;0.04;0.0;0.0;0.61
2020;263;366;beauce_5_sa_046;orgeh;orgeH_tousSols_nonirr_organique;1.7;0.0;20.23;2.69;16.81;12.36;16.92;0.02;0.0;0;8.41;0;-64.9;0.01;0.01;0.0;1.7
2020;1;221;beauce_5_sa_047;orgeh;orgeH_tousSols_nonirr_organique;1.72;0.0;67.27;0.0;36.52;17.35;46.29;0.08;0.0;0;43.51;0;-747.41;0.03;0.04;0.0;1.72
2020;222;258;beauce_5_sa_047;solnu;;0.74;0.0;22.92;-15.74;0.0;46.29;52.61;0.11;0.01;0;0;0;-228.32;0.1;0.01;0.0;0.74
2020;259;366;beauce_5_sa_047;orgeh;orgeH_tousSols_nonirr_organique;2.41;0.0;21.3;-50.86;4.5;52.89;16.13;0.0;0.0;0;2.25;0;-86.3;0.0;0.0;0.0;2.41
2020;1;203;beauce_5_sa_048;orgeh;orgeH_tousSols_nonirr_organique;3.48;0.0;51.48;0.0;84.52;62.89;26.29;0.08;0.0;0;44.72;0;-574.47;0.05;0.03;0.0;3.48
2020;204;305;beauce_5_sa_048;solnu;;1.47;0.0;43.49;-14.23;0.0;26.29;54.0;0.08;0.01;0;0;0;-418.39;0.06;0.02;0.0;1.47
2020;306;366;beauce_5_sa_048;orgeh;orgeH_tousSols_nonirr_organique;2.05;0.0;8.52;-37.68;0.0;54.23;22.79;0.0;0.0;0;0.0;0;-43.51;0.0;0.0;0.0;2.05
2020;1;219;beauce_5_sa_049;orgeh;orgeH_tousSols_nonirr_organique;3.42;0.0;58.97;0.0;80.27;60.21;35.41;0.08;0.0;0;43.93;0;-656.61;0.04;0.04;0.0;3.42
2020;220;297;beauce_5_sa_049;solnu;;1.53;0.0;34.93;-35.92;0.0;35.41;32.8;0.08;0.0;0;0;0;-337.11;0.07;0.01;0.0;1.53
2020;298;366;beauce_5_sa_049;orgeh;orgeH_tousSols_nonirr_organique;2.04;0.0;10.21;-18.36;0.0;30.28;22.61;0.0;0.0;0;0.0;0;-39.59;0.0;0.0;0.0;2.04
2020;1;191;beauce_5_sa_050;orgeh;orgeH_tousSols_nonirr_organique;2.93;0.0;47.92;0.0;69.27;48.67;24.33;0.06;0.0;0;44.19;0;-533.24;0.04;0.03;0.0;2.93
2020;192;285;beauce_5_sa_050;solnu;;0.97;0.0;45.05;-51.9;0.0;24.33;16.47;0.04;0.0;0;0;0;-380.46;0.03;0.01;0.0;0.97
2020;286;366;beauce_5_sa_050;orgeh;orgeH_tousSols_nonirr_organique;1.74;0.0;12.66;-6.9;3.06;16.46;17.42;0.0;0.0;0;1.53;0;-34.91;0.0;0.0;0.0;1.74
2020;1;231;beauce_5_sa_051;orgeh;orgeH_tousSols_nonirr_organique;2.63;0.0;70.26;0.0;51.95;32.26;47.81;0.12;0.01;0;43.73;0;-784.01;0.08;0.04;0.0;2.63
2020;232;270;beauce_5_sa_051;solnu;;0.46;0.0;21.23;-15.64;0.0;47.81;52.87;0.06;0.0;0;0;0;-209.17;0.05;0.01;0.0;0.46
2020;271;366;beauce_5_sa_051;orgeh;orgeH_tousSols_nonirr_organique;2.96;0.0;17.34;-44.21;2.67;53.28;20.35;0.02;0.0;0;1.33;0;-73.38;0.02;0.0;0.0;2.96
2020;1;185;beauce_5_sa_052;orgeh;orgeH_tousSols_nonirr_organique;2.07;0.0;46.56;0.0;55.74;35.95;24.65;0.05;0.0;0;43.76;0;-517.58;0.02;0.03;0.0;2.07
2020;186;271;beauce_5_sa_052;solnu;;0.44;0.0;44.33;-53.71;0.0;24.65;14.75;0.07;0.0;0;0;0;-413.12;0.06;0.02;0.0;0.44
2020;272;366;beauce_5_sa_052;orgeh;orgeH_tousSols_nonirr_organique;1.98;0.0;16.98;-11.75;2.53;14.69;15.47;0.0;0.0;0;1.26;0;-55.59;0.0;0.0;0.0;1.98
2020;1;177;beauce_5_sa_053;orgeh;orgeH_tousSols_nonirr_organique;3.19;0.0;40.06;0.0;72.83;54.83;18.81;0.06;0.0;0;42.9;0;-446.56;0.04;0.02;0.0;3.19
2020;178;291;beauce_5_sa_053;solnu;;1.02;0.0;53.13;-13.58;0.0;18.81;57.24;0.09;0.0;0;0;0;-516.67;0.06;0.03;0.0;1.02
2020;292;366;beauce_5_sa_053;orgeh;orgeH_tousSols_nonirr_organique;2.62;0.0;11.55;-39.51;3.16;57.3;23.49;0.02;0.0;0;1.58;0;-58.77;0.02;0.0;0.0;2.62
2020;1;199;beauce_5_sa_054;orgeh;orgeH_tousSols_nonirr_organique;1.62;0.0;55.61;0.0;34.8;16.31;35.45;0.04;0.0;0;43.17;0;-618.68;0.01;0.03;0.0;1.62
2020;200;257;beauce_5_sa_054;solnu;;0.51;0.0;33.71;-15.4;0.0;35.45;53.14;0.1;0.0;0;0;0;-328.02;0.09;0.01;0.0;0.51
2020;258;366;beauce_5_sa_054;orgeh;orgeH_tousSols_nonirr_organique;1.87;0.0;21.74;-49.84;9.54;53.57;13.62;0.0;0.0;0;4.77;0;-89.83;0.0;0.0;0.0;1.87
2020;1;224;beauce_5_sa_055;orgeh;orgeH_tousSols_nonirr_organique;2.66;0.0;64.03;0.0;62.2;42.32;41.4;0.09;0.0;0;43.84;0;-713.39;0.06;0.04;0.0;2.66
2020;225;278;beauce_5_sa_055;solnu;;1.02;0.0;28.03;-15.7;0.0;41.4;52.62;0.08;0.0;0;0;0;-274.07;0.07;0.01;0.0;1.02
2020;279;366;beauce_5_sa_055;orgeh;orgeH_tousSols_nonirr_organique;2.45;0.0;14.57;-41.9;2.74;52.97;20.1;0.0;0.0;0;1.37;0;-64.21;0.0;0.0;0.0;2.45
2020;1;195;beauce_5_sa_056;orgeh;orgeH_tousSols_nonirr_organique;1.93;0.0;51.88;0.0;53.32;33.33;29.9;0.05;0.0;0;43.87;0;-576.44;0.02;0.03;0.0;1.93
2020;196;269;beauce_5_sa_056;solnu;;0.54;0.0;38.91;-53.82;0.0;29.9;14.4;0.05;0.0;0;0;0;-327.36;0.05;0.01;0.0;0.54
2020;270;366;beauce_5_sa_056;orgeh;orgeH_tousSols_nonirr_organique;1.98;0.0;17.88;-5.31;7.43;14.42;17.55;0.01;0.0;0;3.71;0;-54.25;0.0;0.01;0.0;1.98
2020;1;171;beauce_5_sa_057;orgeh;orgeH_tousSols_nonirr_organique;3.03;0.0;36.71;0.0;65.47;50.65;17.54;0.06;0.0;0;41.31;0;-401.91;0.04;0.02;0.0;3.03
2020;172;288;beauce_5_sa_057;solnu;;1.04;0.0;56.6;-55.08;0.0;17.54;18.07;0.06;0.0;0;0;0;-521.25;0.04;0.02;0.0;1.04
2020;289;366;beauce_5_sa_057;orgeh;orgeH_tousSols_nonirr_organique;1.9;0.0;12.12;-8.37;1.49;18.07;18.42;0.0;0.0;0;0.75;0;-39.12;0.0;0.0;0.0;1.9
2020;1;217;beauce_5_sa_058;orgeh;orgeH_tousSols_nonirr_organique;3.0;0.0;58.89;0.0;69.67;49.73;35.88;0.07;0.0;0;43.88;0;-653.78;0.04;0.04;0.0;3.0
2020;218;287;beauce_5_sa_058;solnu;;0.99;0.0;34.04;-15.28;0.0;35.88;53.57;0.08;0.0;0;0;0;-332.42;0.07;0.01;0.0;0.99
2020;288;366;beauce_5_sa_058;orgeh;orgeH_tousSols_nonirr_organique;2.42;0.0;12.2;-38.92;3.0;53.74;21.41;0.01;0.0;0;1.5;0;-56.77;0.01;0.0;0.0;2.42
2020;1;174;beauce_5_sa_059;orgeh;orgeH_tousSols_nonirr_organique;3.49;0.0;38.36;0.0;75.11;62.21;20.69;0.07;0.0;0;40.36;0;-423.68;0.05;0.02;0.0;3.49
2020;175;301;beauce_5_sa_059;solnu;;1.9;0.0;56.5;-50.27;0.0;20.69;25.2;0.09;0.0;0;0;0;-539.36;0.06;0.02;0.0;1.9
2020;302;366;beauce_5_sa_059;orgeh;orgeH_tousSols_nonirr_organique;2.09;0.0;9.39;-9.1;0.0;25.2;23.41;0.0;0.0;0;0.0;0;-34.93;0.0;0.0;0.0;2.09
2020;1;221;beauce_5_sa_060;orgeh;orgeH_tousSols_nonirr_organique;3.19;0.0;60.39;0.0;74.94;54.83;37.03;0.08;0.0;0;43.96;0;-671.75;0.04;0.04;0.0;3.19
2020;222;291;beauce_5_sa_060;solnu;;1.03;0.0;32.78;-15.37;0.0;37.03;53.33;0.08;0.0;0;0;0;-319.72;0.07;0.01;0.0;1.03
2020;292;366;beauce_5_sa_060;orgeh;orgeH_tousSols_nonirr_organique;2.55;0.0;11.53;-36.66;2.9;53.39;22.73;0.02;0.0;0;1.45;0;-54.02;0.01;0.0;0.0;2.55
2020;1;207;beauce_5_sa_061;orgeh;orgeH_tousSols_nonirr_organique;1.71;0.0;59.03;0.0;39.56;20.16;37.87;0.05;0.0;0;43.6;0;-657.08;0.01;0.04;0.0;1.71
2020;208;260;beauce_5_sa_061;solnu;;0.52;0.0;31.1;-57.0;0.0;37.87;11.4;0.04;0.0;0;0;0;-232.33;0.04;0.0;0.0;0.52
2020;261;366;beauce_5_sa_061;orgeh;orgeH_tousSols_nonirr_organique;1.53;0.0;20.88;0.94;15.14;11.47;16.53;0.02;0.0;0;7.57;0;-66.14;0.01;0.01;0.0;1.53
2020;1;200;beauce_5_sa_062;orgeh;orgeH_tousSols_nonirr_organique;3.38;0.0;51.17;0.0;78.94;59.06;27.84;0.07;0.0;0;43.84;0;-569.76;0.04;0.03;0.0;3.38
2020;201;295;beauce_5_sa_062;solnu;;1.47;0.0;42.57;-50.85;0.0;27.84;18.04;0.04;0.0;0;0;0;-376.53;0.03;0.01;0.0;1.47
2020;296;366;beauce_5_sa_062;orgeh;orgeH_tousSols_nonirr_organique;1.5;0.0;10.62;-10.53;0.0;18.04;16.64;0.0;0.0;0;0.0;0;-32.57;0.0;0.0;0.0;1.5
2020;1;217;beauce_5_sa_063;orgeh;orgeH_tousSols_nonirr_organique;3.56;0.0;57.34;0.0;85.14;63.73;32.29;0.08;0.0;0;44.61;0;-636.84;0.05;0.03;0.0;3.56
2020;218;310;beauce_5_sa_063;solnu;;1.5;0.0;38.62;-14.72;0.0;32.29;54.61;0.08;0.0;0;0;0;-373.36;0.07;0.02;0.0;1.5
2020;311;366;beauce_5_sa_063;orgeh;orgeH_tousSols_nonirr_organique;2.08;0.0;7.55;-37.02;0.0;54.91;23.06;0.0;0.0;0;0.0;0;-39.28;0.0;0.0;0.0;2.08
2020;1;199;beauce_5_sa_064;orgeh;orgeH_tousSols_nonirr_organique;3.3;0.0;50.88;0.0;77.43;57.09;27.17;0.07;0.0;0;44.08;0;-567.02;0.04;0.03;0.0;3.3
2020;200;293;beauce_5_sa_064;solnu;;1.3;0.0;42.42;-35.61;0.0;27.17;32.61;0.07;0.01;0;0;0;-408.25;0.06;0.02;0.0;1.3
2020;294;366;beauce_5_sa_064;orgeh;orgeH_tousSols_nonirr_organique;2.14;0.0;11.08;-20.52;0.0;29.91;21.03;0.0;0.0;0;0.0;0;-44.27;0.0;0.0;0.0;2.14
2020;1;202;beauce_5_sa_065;orgeh;orgeH_tousSols_nonirr_organique;1.88;0.0;54.66;0.0;51.49;31.13;32.37;0.05;0.0;0;44.12;0;-609.62;0.02;0.03;0.0;1.88
2020;203;269;beauce_5_sa_065;solnu;;0.51;0.0;35.87;-42.03;0.0;32.37;25.61;0.08;0.0;0;0;0;-343.73;0.06;0.01;0.0;0.51
2020;270;366;beauce_5_sa_065;orgeh;orgeH_tousSols_nonirr_organique;1.93;0.0;17.79;-24.63;1.78;22.76;15.05;0.0;0.0;0;0.89;0;-57.32;0.0;0.0;0.0;1.93
2020;1;212;beauce_5_sa_066;orgeh;orgeH_tousSols_nonirr_organique;3.4;0.0;55.42;0.0;78.77;59.49;32.67;0.08;0.0;0;43.54;0;-616.0;0.04;0.03;0.0;3.4
2020;213;296;beauce_5_sa_066;solnu;;1.71;0.0;38.4;-46.64;0.0;32.67;22.64;0.07;0.0;0;0;0;-359.77;0.06;0.01;0.0;1.71
2020;297;366;beauce_5_sa_066;orgeh;orgeH_tousSols_nonirr_organique;1.88;0.0;10.43;-10.16;0.0;22.64;21.03;0.0;0.0;0;0.0;0;-35.41;0.0;0.0;0.0;1.88
2020;1;174;beauce_5_sa_067;orgeh;orgeH_tousSols_nonirr_organique;3.53;0.0;38.34;0.0;75.21;62.89;21.21;0.07;0.0;0;40.06;0;-423.52;0.05;0.02;0.0;3.53
2020;175;304;beauce_5_sa_067;solnu;;1.75;0.0;57.06;-13.21;0.0;21.21;63.48;0.11;0.0;0;0;0;-559.6;0.08;0.03;0.0;1.75
2020;305;366;beauce_5_sa_067;orgeh;orgeH_tousSols_nonirr_organique;2.38;0.0;8.72;-43.3;0.0;63.7;26.52;0.01;0.0;0;0.0;0;-45.35;0.01;0.0;0.0;2.38
2020;1;223;beauce_5_sa_068;orgeh;orgeH_tousSols_nonirr_organique;2.5;0.0;67.36;0.0;47.67;28.02;45.06;0.13;0.02;0;43.71;0;-750.24;0.09;0.04;0.0;2.5
2020;224;265;beauce_5_sa_068;solnu;;0.44;0.0;23.87;-47.44;0.0;45.06;20.99;0.06;0.0;0;0;0;-231.2;0.05;0.01;0.0;0.44
2020;266;366;beauce_5_sa_068;orgeh;orgeH_tousSols_nonirr_organique;2.52;0.0;19.14;-18.5;1.19;18.86;17.91;0.0;0.0;0;0.6;0;-60.0;0.0;0.0;0.0;2.52
2020;1;173;beauce_5_sa_069;orgeh;orgeH_tousSols_nonirr_organique;3.63;0.0;37.68;0.0;76.78;64.98;22.17;0.07;0.0;0;39.8;0;-419.5;0.05;0.02;0.0;3.63
2020;174;315;beauce_5_sa_069;solnu;;1.83;0.0;59.74;-12.94;0.0;22.17;67.02;0.12;0.0;0;0;0;-582.88;0.09;0.03;0.0;1.83
2020;316;366;beauce_5_sa_069;orgeh;orgeH_tousSols_nonirr_organique;2.5;0.0;6.71;-43.02;0.0;67.17;28.19;0.01;0.0;0;0.0;0;-36.84;0.01;0.0;0.0;2.5
2020;1;215;beauce_5_sa_070;orgeh;orgeH_tousSols_nonirr_organique;2.64;0.0;58.89;0.0;64.02;43.42;35.58;0.07;0.0;0;44.2;0;-653.56;0.03;0.04;0.0;2.64
2020;216;279;beauce_5_sa_070;solnu;;0.93;0.0;33.16;-15.37;0.0;35.58;52.34;0.09;0.0;0;0;0;-323.73;0.08;0.01;0.0;0.93
2020;280;366;beauce_5_sa_070;orgeh;orgeH_tousSols_nonirr_organique;2.28;0.0;14.24;-41.22;4.16;52.52;18.91;0.0;0.0;0;2.08;0;-64.18;0.0;0.0;0.0;2.28
2020;1;231;beauce_5_sa_071;orgeh;orgeH_tousSols_nonirr_organique;3.5;0.0;65.22;0.0;83.55;62.34;40.42;0.1;0.0;0;44.51;0;-727.56;0.06;0.04;0.0;3.5
2020;232;302;beauce_5_sa_071;solnu;;1.64;0.0;29.55;-15.54;0.0;40.42;52.7;0.08;0.0;0;0;0;-285.7;0.07;0.01;0.0;1.64
2020;303;366;beauce_5_sa_071;orgeh;orgeH_tousSols_nonirr_organique;2.13;0.0;9.11;-36.02;0.0;52.95;23.65;0.0;0.0;0;0.0;0;-43.73;0.0;0.0;0.0;2.13
2020;1;178;beauce_5_sa_072;orgeh;orgeH_tousSols_nonirr_organique;3.4;0.0;40.37;0.0;76.24;59.49;20.15;0.07;0.0;0;42.28;0;-448.36;0.04;0.02;0.0;3.4
2020;179;296;beauce_5_sa_072;solnu;;1.6;0.0;53.5;-13.53;0.0;20.15;58.41;0.1;0.0;0;0;0;-521.9;0.07;0.03;0.0;1.6
2020;297;366;beauce_5_sa_072;orgeh;orgeH_tousSols_nonirr_organique;2.22;0.0;10.42;-42.05;0.0;58.65;24.57;0.0;0.0;0;0.0;0;-52.37;0.0;0.0;0.0;2.22
2020;1;202;beauce_5_sa_073;orgeh;orgeH_tousSols_nonirr_organique;1.84;0.0;54.92;0.0;51.28;30.79;32.53;0.05;0.0;0;44.17;0;-612.43;0.02;0.03;0.0;1.84
2020;203;268;beauce_5_sa_073;solnu;;0.52;0.0;35.67;-55.92;0.0;32.53;11.73;0.02;0.0;0;0;0;-258.66;0.02;0.0;0.0;0.52
2020;269;366;beauce_5_sa_073;orgeh;orgeH_tousSols_nonirr_organique;1.64;0.0;18.3;3.72;15.65;11.67;16.44;0.02;0.0;0;7.83;0;-56.07;0.01;0.01;0.0;1.64
2020;1;220;beauce_5_sa_074;orgeh;orgeH_tousSols_nonirr_organique;3.43;0.0;59.1;0.0;82.83;61.11;33.87;0.08;0.0;0;44.76;0;-659.39;0.05;0.04;0.0;3.43
2020;221;299;beauce_5_sa_074;solnu;;1.47;0.0;35.17;-49.12;0.0;33.87;18.42;0.04;0.0;0;0;0;-299.1;0.03;0.01;0.0;1.47
2020;300;366;beauce_5_sa_074;orgeh;orgeH_tousSols_nonirr_organique;1.52;0.0;9.79;-9.73;0.0;18.42;16.95;0.0;0.0;0;0.0;0;-26.37;0.0;0.0;0.0;1.52
2020;1;219;beauce_5_sa_075;orgeh;orgeH_tousSols_nonirr_organique;3.62;0.0;58.28;0.0;85.91;64.81;33.48;0.08;0.0;0;44.45;0;-648.94;0.05;0.03;0.0;3.62
2020;220;314;beauce_5_sa_075;solnu;;1.52;0.0;38.25;-14.74;0.0;33.48;55.37;0.09;0.0;0;0;0;-368.81;0.07;0.02;0.0;1.52
2020;315;366;beauce_5_sa_075;orgeh;orgeH_tousSols_nonirr_organique;2.1;0.0;6.87;-36.8;0.0;55.57;23.34;0.0;0.0;0;0.0;0;-35.06;0.0;0.0;0.0;2.1
2020;1;188;beauce_5_sa_076;orgeh;orgeH_tousSols_nonirr_organique;1.7;0.0;48.77;0.0;45.07;25.64;27.6;0.04;0.0;0;43.62;0;-541.35;0.02;0.03;0.0;1.7
2020;189;264;beauce_5_sa_076;solnu;;0.51;0.0;41.13;-14.68;0.0;27.6;53.44;0.09;0.0;0;0;0;-399.0;0.07;0.02;0.0;0.51
2020;265;366;beauce_5_sa_076;orgeh;orgeH_tousSols_nonirr_organique;1.99;0.0;19.43;-50.71;6.0;53.83;14.16;0.01;0.0;0;3.0;0;-84.76;0.01;0.0;0.0;1.99
2020;1;195;beauce_5_sa_077;orgeh;orgeH_tousSols_nonirr_organique;2.31;0.0;51.02;0.0;58.93;39.41;29.14;0.06;0.0;0;43.64;0;-567.15;0.03;0.03;0.0;2.31
2020;196;274;beauce_5_sa_077;solnu;;0.9;0.0;40.45;-53.66;0.0;29.14;14.96;0.06;0.0;0;0;0;-351.68;0.05;0.01;0.0;0.9
2020;275;366;beauce_5_sa_077;orgeh;orgeH_tousSols_nonirr_organique;1.65;0.0;15.9;-8.4;4.15;14.96;16.65;0.01;0.0;0;2.07;0;-47.77;0.0;0.01;0.0;1.65
2020;1;178;beauce_5_sa_078;orgeh;orgeH_tousSols_nonirr_organique;3.44;0.0;40.34;0.0;76.45;60.67;20.0;0.07;0.0;0;41.79;0;-448.02;0.04;0.02;0.0;3.44
2020;179;298;beauce_5_sa_078;solnu;;1.59;0.0;53.85;-13.52;0.0;20.0;58.83;0.1;0.0;0;0;0;-524.57;0.07;0.03;0.0;1.59
2020;299;366;beauce_5_sa_078;orgeh;orgeH_tousSols_nonirr_organique;2.22;0.0;9.97;-41.84;0.0;59.06;24.73;0.0;0.0;0;0.0;0;-50.8;0.0;0.0;0.0;2.22
2020;1;182;beauce_5_sa_079;orgeh;orgeH_tousSols_nonirr_organique;3.07;0.0;42.58;0.0;72.08;51.73;19.1;0.06;0.0;0;44.06;0;-472.03;0.04;0.03;0.0;3.07
2020;183;289;beauce_5_sa_079;solnu;;0.98;0.0;50.67;-51.84;0.0;19.1;16.9;0.04;0.0;0;0;0;-438.73;0.03;0.01;0.0;0.98
2020;290;366;beauce_5_sa_079;orgeh;orgeH_tousSols_nonirr_organique;1.76;0.0;11.95;-9.08;1.01;16.9;17.0;0.0;0.0;0;0.5;0;-35.17;0.0;0.0;0.0;1.76
2020;1;191;beauce_5_sa_080;orgeh;orgeH_tousSols_nonirr_organique;2.78;0.0;48.12;0.0;66.12;45.55;24.7;0.06;0.0;0;44.19;0;-535.37;0.03;0.03;0.0;2.78
2020;192;282;beauce_5_sa_080;solnu;;0.91;0.0;43.91;-14.31;0.0;24.7;53.3;0.09;0.0;0;0;0;-425.41;0.07;0.02;0.0;0.91
2020;283;366;beauce_5_sa_080;orgeh;orgeH_tousSols_nonirr_organique;2.27;0.0;13.61;-40.97;4.39;53.6;19.28;0.0;0.0;0;2.19;0;-65.8;0.0;0.0;0.0;2.27
2020;1;202;beauce_5_sa_081;orgeh;orgeH_tousSols_nonirr_organique;2.48;0.0;53.53;0.0;61.34;41.96;31.61;0.06;0.0;0;43.58;0;-597.19;0.03;0.03;0.0;2.48
2020;203;276;beauce_5_sa_081;solnu;;0.9;0.0;38.07;-53.23;0.0;31.61;15.48;0.06;0.0;0;0;0;-346.14;0.05;0.01;0.0;0.9
2020;277;366;beauce_5_sa_081;orgeh;orgeH_tousSols_nonirr_organique;1.69;0.0;15.31;-11.8;1.35;15.46;15.94;0.0;0.0;0;0.68;0;-45.65;0.0;0.0;0.0;1.69
2020;1;181;beauce_5_sa_082;orgeh;orgeH_tousSols_nonirr_organique;2.29;0.0;42.78;0.0;58.5;38.81;20.75;0.05;0.0;0;43.72;0;-473.81;0.03;0.03;0.0;2.29
2020;182;274;beauce_5_sa_082;solnu;;0.78;0.0;48.24;-54.34;0.0;20.75;13.83;0.03;0.0;0;0;0;-396.55;0.02;0.01;0.0;0.78
2020;275;366;beauce_5_sa_082;orgeh;orgeH_tousSols_nonirr_organique;1.51;0.0;15.95;-1.63;9.11;13.38;17.51;0.01;0.0;0;4.56;0;-49.69;0.0;0.01;0.0;1.51
2020;1;202;beauce_5_sa_083;orgeh;orgeH_tousSols_nonirr_organique;2.92;0.0;52.45;0.0;68.87;48.15;28.74;0.07;0.0;0;44.27;0;-585.27;0.03;0.03;0.0;2.92
2020;203;285;beauce_5_sa_083;solnu;;0.93;0.0;40.19;-14.68;0.0;28.74;53.23;0.08;0.0;0;0;0;-386.25;0.06;0.02;0.0;0.93
2020;286;366;beauce_5_sa_083;orgeh;orgeH_tousSols_nonirr_organique;2.33;0.0;12.58;-38.92;4.19;53.41;20.38;0.01;0.0;0;2.09;0;-60.83;0.01;0.0;0.0;2.33
2020;1;175;beauce_5_sa_084;orgeh;orgeH_tousSols_nonirr_organique;1.72;0.0;41.11;0.0;43.03;23.65;19.96;0.04;0.0;0;43.58;0;-449.06;0.01;0.02;0.0;1.72
2020;176;262;beauce_5_sa_084;solnu;;0.4;0.0;47.38;-54.51;0.0;19.96;12.37;0.06;0.0;0;0;0;-423.41;0.05;0.01;0.0;0.4
2020;263;366;beauce_5_sa_084;orgeh;orgeH_tousSols_nonirr_organique;1.71;0.0;20.31;-5.58;8.49;12.37;16.88;0.02;0.0;0;4.25;0;-70.18;0.01;0.01;0.0;1.71
2020;1;196;beauce_5_sa_085;orgeh;orgeH_tousSols_nonirr_organique;2.22;0.0;51.68;0.0;57.72;37.39;29.08;0.06;0.0;0;44.07;0;-573.82;0.02;0.03;0.0;2.22
2020;197;273;beauce_5_sa_085;solnu;;0.87;0.0;39.29;-14.82;0.0;29.08;52.58;0.09;0.0;0;0;0;-381.18;0.08;0.02;0.0;0.87
2020;274;366;beauce_5_sa_085;orgeh;orgeH_tousSols_nonirr_organique;2.17;0.0;16.32;-44.4;4.23;53.12;18.09;0.01;0.0;0;2.11;0;-75.96;0.0;0.0;0.0;2.17
2020;1;186;beauce_5_sa_086;orgeh;orgeH_tousSols_nonirr_organique;2.92;0.0;45.78;0.0;68.87;48.15;22.08;0.06;0.0;0;44.27;0;-509.55;0.03;0.03;0.0;2.92
2020;187;285;beauce_5_sa_086;solnu;;0.94;0.0;47.13;-13.95;0.0;22.08;54.23;0.08;0.01;0;0;0;-454.66;0.06;0.02;0.0;0.94
2020;286;366;beauce_5_sa_086;orgeh;orgeH_tousSols_nonirr_organique;2.34;0.0;12.59;-39.77;4.19;54.4;20.51;0.01;0.0;0;2.09;0;-63.35;0.01;0.0;0.0;2.34
2020;1;225;beauce_5_sa_087;orgeh;orgeH_tousSols_nonirr_organique;3.62;0.0;61.3;0.0;85.91;64.81;36.5;0.09;0.0;0;44.45;0;-682.78;0.05;0.04;0.0;3.62
2020;226;314;beauce_5_sa_087;solnu;;1.57;0.0;35.33;-15.03;0.0;36.5;55.13;0.09;0.0;0;0;0;-340.95;0.07;0.01;0.0;1.57
2020;315;366;beauce_5_sa_087;orgeh;orgeH_tousSols_nonirr_organique;2.12;0.0;6.87;-36.23;0.0;55.33;23.64;0.0;0.0;0;0.0;0;-35.01;0.0;0.0;0.0;2.12
2020;1;171;beauce_5_sa_088;orgeh;orgeH_tousSols_nonirr_organique;1.92;0.0;37.48;0.0;52.61;32.92;15.82;0.04;0.0;0;43.7;0;-409.88;0.02;0.02;0.0;1.92
2020;172;269;beauce_5_sa_088;solnu;;0.42;0.0;52.07;-55.73;0.0;15.82;11.72;0.02;0.0;0;0;0;-435.55;0.01;0.01;0.0;0.42
2020;270;366;beauce_5_sa_088;orgeh;orgeH_tousSols_nonirr_organique;1.6;0.0;17.93;1.93;13.35;11.4;16.61;0.02;0.0;0;6.68;0;-61.49;0.01;0.01;0.0;1.6
2020;1;182;beauce_5_sa_089;orgeh;orgeH_tousSols_nonirr_organique;2.52;0.0;43.13;0.0;61.87;41.47;20.16;0.05;0.0;0;44.1;0;-477.95;0.03;0.03;0.0;2.52
2020;183;277;beauce_5_sa_089;solnu;;0.86;0.0;48.22;-13.92;0.0;20.16;53.51;0.09;0.0;0;0;0;-467.74;0.07;0.02;0.0;0.86
2020;278;366;beauce_5_sa_089;orgeh;orgeH_tousSols_nonirr_organique;2.22;0.0;14.87;-42.48;5.42;53.79;18.26;0.0;0.0;0;2.71;0;-72.94;0.0;0.0;0.0;2.22
2020;1;212;beauce_5_sa_090;orgeh;orgeH_tousSols_nonirr_organique;3.63;0.0;54.68;0.0;86.65;65.12;29.45;0.08;0.0;0;44.67;0;-607.96;0.05;0.03;0.0;3.63
2020;213;316;beauce_5_sa_090;solnu;;1.51;0.0;42.09;-14.33;0.0;29.45;55.6;0.08;0.01;0;0;0;-407.08;0.07;0.02;0.0;1.51
2020;317;366;beauce_5_sa_090;orgeh;orgeH_tousSols_nonirr_organique;2.08;0.0;6.57;-36.93;0.0;55.71;23.16;0.0;0.0;0;0.0;0;-33.42;0.0;0.0;0.0;2.08
2020;1;230;beauce_5_sa_091;orgeh;orgeH_tousSols_nonirr_organique;3.43;0.0;65.05;0.0;82.83;61.13;39.82;0.09;0.0;0;44.76;0;-722.7;0.06;0.04;0.0;3.43
2020;231;299;beauce_5_sa_091;solnu;;1.66;0.0;29.28;-43.87;0.0;39.82;23.5;0.07;0.0;0;0;0;-280.55;0.06;0.01;0.0;1.66
2020;300;366;beauce_5_sa_091;orgeh;orgeH_tousSols_nonirr_organique;1.94;0.0;9.75;-9.79;0.0;23.46;21.52;0.0;0.0;0;0.0;0;-34.33;0.0;0.0;0.0;1.94
2020;1;189;beauce_5_sa_092;orgeh;orgeH_tousSols_nonirr_organique;3.51;0.0;46.32;0.0;83.64;62.55;21.64;0.07;0.0;0;44.45;0;-514.21;0.05;0.03;0.0;3.51
2020;190;303;beauce_5_sa_092;solnu;;1.5;0.0;48.63;-13.73;0.0;21.64;54.95;0.08;0.0;0;0;0;-471.14;0.06;0.02;0.0;1.5
2020;304;366;beauce_5_sa_092;orgeh;orgeH_tousSols_nonirr_organique;2.08;0.0;8.9;-38.64;0.0;55.16;23.12;0.0;0.0;0;0.0;0;-46.35;0.0;0.0;0.0;2.08
2020;1;178;beauce_5_sa_093;orgeh;orgeH_tousSols_nonirr_organique;3.56;0.0;40.22;0.0;78.29;63.55;20.81;0.07;0.0;0;41.27;0;-446.83;0.05;0.02;0.0;3.56
2020;179;309;beauce_5_sa_093;solnu;;1.63;0.0;55.7;-13.29;0.0;20.81;61.86;0.1;0.0;0;0;0;-544.34;0.07;0.03;0.0;1.63
2020;310;366;beauce_5_sa_093;orgeh;orgeH_tousSols_nonirr_organique;2.31;0.0;7.84;-41.74;0.0;62.18;25.65;0.01;0.0;0;0.0;0;-41.22;0.01;0.0;0.0;2.31
2020;1;204;beauce_5_sa_094;orgeh;orgeH_tousSols_nonirr_organique;2.27;0.0;54.73;0.0;59.07;39.18;32.52;0.06;0.0;0;43.82;0;-608.89;0.03;0.03;0.0;2.27
2020;205;273;beauce_5_sa_094;solnu;;0.88;0.0;36.42;-53.14;0.0;32.52;14.86;0.06;0.0;0;0;0;-310.93;0.05;0.01;0.0;0.88
2020;274;366;beauce_5_sa_094;orgeh;orgeH_tousSols_nonirr_organique;1.65;0.0;16.38;-8.05;4.74;14.86;16.79;0.01;0.0;0;2.37;0;-47.06;0.0;0.01;0.0;1.65
2020;1;178;beauce_5_sa_095;orgeh;orgeH_tousSols_nonirr_organique;2.72;0.0;40.83;0.0;64.92;44.77;17.9;0.06;0.0;0;43.98;0;-453.26;0.03;0.02;0.0;2.72
2020;179;281;beauce_5_sa_095;solnu;;0.89;0.0;50.99;-13.62;0.0;17.9;54.29;0.09;0.0;0;0;0;-495.32;0.07;0.02;0.0;0.89
2020;282;366;beauce_5_sa_095;orgeh;orgeH_tousSols_nonirr_organique;2.24;0.0;13.83;-41.33;5.67;54.52;18.88;0.0;0.0;0;2.83;0;-68.37;0.0;0.0;0.0;2.24
2020;1;227;beauce_5_sa_096;orgeh;orgeH_tousSols_nonirr_organique;2.88;0.0;65.05;0.0;67.2;47.27;42.15;0.09;0.0;0;43.87;0;-720.25;0.05;0.04;0.0;2.88
2020;228;283;beauce_5_sa_096;solnu;;1.06;0.0;27.43;-15.72;0.0;42.15;52.71;0.08;0.0;0;0;0;-272.4;0.07;0.01;0.0;1.06
2020;284;366;beauce_5_sa_096;orgeh;orgeH_tousSols_nonirr_organique;2.46;0.0;13.31;-39.57;2.89;53.1;21.1;0.0;0.0;0;1.44;0;-61.03;0.0;0.0;0.0;2.46
2020;1;226;beauce_5_sa_097;orgeh;orgeH_tousSols_nonirr_organique;3.43;0.0;62.42;0.0;82.74;61.12;37.28;0.09;0.0;0;44.71;0;-693.44;0.05;0.04;0.0;3.43
2020;227;299;beauce_5_sa_097;solnu;;1.54;0.0;31.88;-48.52;0.0;37.28;19.06;0.04;0.0;0;0;0;-280.74;0.03;0.01;0.0;1.54
2020;300;366;beauce_5_sa_097;orgeh;orgeH_tousSols_nonirr_organique;1.58;0.0;9.77;-9.72;0.0;19.06;17.53;0.0;0.0;0;0.0;0;-27.75;0.0;0.0;0.0;1.58
2020;1;226;beauce_5_sa_098;orgeh;orgeH_tousSols_nonirr_organique;3.03;0.0;63.61;0.0;71.39;50.67;39.77;0.09;0.0;0;44.26;0;-706.79;0.05;0.04;0.0;3.03
2020;227;288;beauce_5_sa_098;solnu;;1.11;0.0;29.77;-50.42;0.0;39.77;17.97;0.04;0.0;0;0;0;-248.17;0.04;0.0;0.0;1.11
2020;289;366;beauce_5_sa_098;orgeh;orgeH_tousSols_nonirr_organique;1.88;0.0;12.09;-11.03;0.0;17.97;17.15;0.0;0.0;0;0.0;0;-31.02;0.0;0.0;0.0;1.88
2020;1;218;beauce_5_sa_099;orgeh;orgeH_tousSols_nonirr_organique;1.74;0.0;65.58;0.0;37.75;18.67;44.7;0.07;0.0;0;43.45;0;-726.26;0.03;0.04;0.0;1.74
2020;219;259;beauce_5_sa_099;solnu;;0.67;0.0;24.74;-31.56;0.0;44.7;37.09;0.11;0.01;0;0;0;-248.08;0.1;0.01;0.0;0.67
2020;260;366;beauce_5_sa_099;orgeh;orgeH_tousSols_nonirr_organique;2.27;0.0;21.07;-36.35;3.05;33.72;16.5;0.0;0.0;0;1.52;0;-70.64;0.0;0.0;0.0;2.27
2021;1;219;beauce_5_sa_000;orgeh;orgeH_tousSols_nonirr_organique;4.65;0.0;57.45;20.68;53.36;17.94;38.8;0.09;0.01;0;30.71;0;-391.16;0.04;0.05;0.0;4.65
2021;220;264;beauce_5_sa_000;solnu;;0.94;0.0;20.99;-35.93;0.0;38.8;21.64;0.03;0.09;0;0;0;-139.88;0.03;0.0;0.0;0.94
2021;265;365;beauce_5_sa_000;orgeh;orgeH_tousSols_nonirr_organique;4.26;0.0;18.72;-8.44;6.49;21.68;21.17;0.01;0.0;0;3.24;0;-53.6;0.0;0.01;0.0;4.26
2021;1;183;beauce_5_sa_001;orgeh;orgeH_tousSols_nonirr_organique;4.76;0.0;38.94;15.1;57.91;16.68;9.15;0.03;0.0;0;28.96;0;-203.01;0.0;0.03;0.0;4.76
2021;184;305;beauce_5_sa_001;solnu;;1.17;0.0;48.17;-41.58;0.0;9.15;14.47;0.04;0.05;0;0;0;-315.04;0.02;0.02;0.0;1.17
2021;306;365;beauce_5_sa_001;orgeh;orgeH_tousSols_nonirr_organique;2.73;0.0;7.82;0.57;3.41;14.54;16.7;0.01;0.0;0;1.71;0;-20.35;0.0;0.01;0.0;2.73
2021;1;214;beauce_5_sa_002;orgeh;orgeH_tousSols_nonirr_organique;6.64;0.0;54.22;7.18;54.16;21.73;23.76;0.04;0.0;0;27.08;0;-279.2;0.0;0.04;0.0;6.64
2021;215;311;beauce_5_sa_002;solnu;;1.38;0.0;34.22;-7.05;0.0;23.76;49.44;0.06;0.05;0;0;0;-242.39;0.05;0.02;0.0;1.38
2021;312;365;beauce_5_sa_002;orgeh;orgeH_tousSols_nonirr_organique;3.89;0.0;6.4;-31.94;0.0;49.76;19.97;0.02;0.0;0;0.0;0;-26.67;0.02;0.0;0.0;3.89
2021;1;211;beauce_5_sa_003;orgeh;orgeH_tousSols_nonirr_organique;4.83;0.0;52.63;17.48;62.76;15.96;19.52;0.04;0.0;0;31.38;0;-296.66;0.0;0.04;0.0;4.83
2021;212;302;beauce_5_sa_003;solnu;;0.96;0.0;34.95;-40.7;0.0;19.52;12.73;0.03;0.05;0;0;0;-229.17;0.02;0.01;0.0;0.96
2021;303;365;beauce_5_sa_003;orgeh;orgeH_tousSols_nonirr_organique;2.32;0.0;8.18;-7.4;0.0;12.73;11.19;0.0;0.0;0;0.0;0;-17.44;0.0;0.0;0.0;2.32
2021;1;202;beauce_5_sa_004;orgeh;orgeH_tousSols_nonirr_organique;6.42;0.0;47.37;10.94;57.57;21.12;16.81;0.04;0.0;0;28.78;0;-247.35;0.0;0.04;0.0;6.42
2021;203;295;beauce_5_sa_004;solnu;;1.16;0.0;37.89;-22.85;0.0;16.81;30.59;0.04;0.05;0;0;0;-269.23;0.03;0.02;0.0;1.16
2021;296;365;beauce_5_sa_004;orgeh;orgeH_tousSols_nonirr_organique;2.88;0.0;9.63;-18.59;3.29;27.83;15.46;0.0;0.0;0;1.64;0;-28.18;0.0;0.0;0.0;2.88
2021;1;218;beauce_5_sa_005;orgeh;orgeH_tousSols_nonirr_organique;5.02;0.0;56.23;19.44;61.08;16.56;27.09;0.05;0.0;0;30.54;0;-329.5;0.0;0.05;0.0;5.02
2021;219;294;beauce_5_sa_005;solnu;;0.98;0.0;29.23;-39.34;0.0;27.09;15.9;0.04;0.07;0;0;0;-199.27;0.03;0.01;0.0;0.98
2021;295;365;beauce_5_sa_005;orgeh;orgeH_tousSols_nonirr_organique;2.92;0.0;9.94;-9.68;0.0;15.9;13.24;0.0;0.0;0;0.0;0;-24.13;0.0;0.0;0.0;2.92
2021;1;215;beauce_5_sa_006;orgeh;orgeH_tousSols_nonirr_organique;5.78;0.0;54.95;15.35;57.5;19.07;27.29;0.04;0.0;0;28.75;0;-305.53;0.0;0.04;0.0;5.78
2021;216;291;beauce_5_sa_006;solnu;;0.99;0.0;29.3;-33.32;0.0;27.29;22.18;0.04;0.07;0;0;0;-213.85;0.03;0.01;0.0;0.99
2021;292;365;beauce_5_sa_006;orgeh;orgeH_tousSols_nonirr_organique;3.15;0.0;10.72;-12.93;0.84;20.64;15.98;0.0;0.0;0;0.42;0;-26.73;0.0;0.0;0.0;3.15
2021;1;193;beauce_5_sa_007;orgeh;orgeH_tousSols_nonirr_organique;4.46;0.0;43.8;18.98;61.34;15.65;13.49;0.04;0.0;0;31.11;0;-252.38;0.0;0.04;0.0;4.46
2021;194;284;beauce_5_sa_007;solnu;;0.74;0.0;39.51;-38.6;0.0;13.49;13.57;0.03;0.05;0;0;0;-259.43;0.02;0.01;0.0;0.74
2021;285;365;beauce_5_sa_007;orgeh;orgeH_tousSols_nonirr_organique;2.6;0.0;12.39;-6.25;3.22;13.58;13.88;0.0;0.0;0;1.61;0;-31.92;0.0;0.0;0.0;2.6
2021;1;225;beauce_5_sa_008;orgeh;orgeH_tousSols_nonirr_organique;6.76;0.0;59.17;9.02;53.69;21.94;31.12;0.05;0.0;0;26.85;0;-315.42;0.01;0.04;0.0;6.76
2021;226;307;beauce_5_sa_008;solnu;;1.21;0.0;28.27;-9.44;0.0;31.12;48.63;0.05;0.07;0;0;0;-201.77;0.04;0.01;0.0;1.21
2021;308;365;beauce_5_sa_008;orgeh;orgeH_tousSols_nonirr_organique;4.19;0.0;7.43;-31.93;0.0;48.97;19.91;0.03;0.0;0;0.0;0;-29.64;0.03;0.0;0.0;4.19
2021;1;178;beauce_5_sa_009;orgeh;orgeH_tousSols_nonirr_organique;7.17;0.0;36.02;5.9;46.67;24.97;13.53;0.03;0.0;0;23.34;0;-172.18;0.0;0.03;0.0;7.17
2021;179;316;beauce_5_sa_009;solnu;;2.49;0.0;52.66;1.48;0.0;13.53;65.09;0.11;0.06;0;0;0;-371.91;0.08;0.03;0.0;2.49
2021;317;365;beauce_5_sa_009;orgeh;orgeH_tousSols_nonirr_organique;5.19;0.0;5.32;-28.43;0.9;64.7;35.86;0.03;0.01;0;0.45;0;-29.08;0.03;0.0;0.0;5.19
2021;1;176;beauce_5_sa_010;orgeh;orgeH_tousSols_nonirr_organique;4.02;0.0;35.11;17.48;56.65;15.39;7.21;0.03;0.0;0;29.11;0;-193.15;0.0;0.03;0.0;4.02
2021;177;278;beauce_5_sa_010;solnu;;0.82;0.0;45.97;-37.01;0.0;7.21;15.2;0.05;0.06;0;0;0;-309.19;0.03;0.02;0.0;0.82
2021;279;365;beauce_5_sa_010;orgeh;orgeH_tousSols_nonirr_organique;2.96;0.0;14.22;-5.27;4.76;15.2;16.42;0.01;0.0;0;2.38;0;-45.17;0.0;0.01;0.0;2.96
2021;1;182;beauce_5_sa_011;orgeh;orgeH_tousSols_nonirr_organique;3.32;0.0;38.65;20.81;51.02;11.78;17.55;0.04;0.0;0;29.02;0;-214.05;0.01;0.04;0.0;3.32
2021;183;259;beauce_5_sa_011;solnu;;0.97;0.0;36.16;-6.04;0.0;17.55;46.56;0.07;0.08;0;0;0;-265.07;0.05;0.02;0.0;0.97
2021;260;365;beauce_5_sa_011;orgeh;orgeH_tousSols_nonirr_organique;3.77;0.0;20.18;-35.12;10.38;47.11;17.47;0.0;0.0;0;5.19;0;-84.06;0.0;0.0;0.0;3.77
2021;1;185;beauce_5_sa_012;orgeh;orgeH_tousSols_nonirr_organique;4.24;0.0;39.88;20.08;61.26;14.78;10.1;0.04;0.0;0;30.63;0;-220.42;0.0;0.04;0.0;4.24
2021;186;278;beauce_5_sa_012;solnu;;0.71;0.0;41.22;-35.96;0.0;10.1;14.54;0.04;0.06;0;0;0;-290.5;0.03;0.02;0.0;0.71
2021;279;365;beauce_5_sa_012;orgeh;orgeH_tousSols_nonirr_organique;2.79;0.0;14.11;-7.07;3.79;14.52;15.0;0.0;0.0;0;1.9;0;-41.88;0.0;0.0;0.0;2.79
2021;1;217;beauce_5_sa_013;orgeh;orgeH_tousSols_nonirr_organique;6.13;0.0;55.66;11.68;51.53;20.06;31.05;0.04;0.0;0;27.27;0;-302.09;0.0;0.04;0.0;6.13
2021;218;286;beauce_5_sa_013;solnu;;1.03;0.0;27.46;-9.94;0.0;31.05;47.42;0.04;0.07;0;0;0;-199.5;0.03;0.01;0.0;1.03
2021;287;365;beauce_5_sa_013;orgeh;orgeH_tousSols_nonirr_organique;3.55;0.0;11.66;-33.4;6.37;47.64;15.75;0.01;0.0;0;3.19;0;-43.78;0.01;0.0;0.0;3.55
2021;1;225;beauce_5_sa_014;orgeh;orgeH_tousSols_nonirr_organique;5.9;0.0;59.23;16.24;55.05;19.3;35.03;0.05;0.0;0;27.53;0;-334.5;0.01;0.05;0.0;5.9
2021;226;285;beauce_5_sa_014;solnu;;0.98;0.0;23.74;-17.09;0.0;35.03;40.58;0.04;0.08;0;0;0;-176.52;0.03;0.01;0.0;0.98
2021;286;365;beauce_5_sa_014;orgeh;orgeH_tousSols_nonirr_organique;3.81;0.0;11.96;-29.53;2.33;37.79;16.87;0.0;0.0;0;1.16;0;-38.73;0.0;0.0;0.0;3.81
2021;1;224;beauce_5_sa_015;orgeh;orgeH_tousSols_nonirr_organique;4.51;0.0;59.37;19.53;55.79;16.8;36.17;0.07;0.01;0;31.64;0;-403.94;0.02;0.05;0.0;4.51
2021;225;273;beauce_5_sa_015;solnu;;0.86;0.0;20.89;-41.73;0.0;36.17;14.39;0.02;0.06;0;0;0;-120.1;0.02;0.0;0.0;0.86
2021;274;365;beauce_5_sa_015;orgeh;orgeH_tousSols_nonirr_organique;2.75;0.0;15.36;-5.35;6.46;14.43;15.18;0.01;0.0;0;3.23;0;-37.6;0.0;0.01;0.0;2.75
2021;1;174;beauce_5_sa_016;orgeh;orgeH_tousSols_nonirr_organique;3.99;0.0;34.13;17.24;54.91;15.72;8.01;0.03;0.0;0;27.45;0;-179.04;0.0;0.03;0.0;3.99
2021;175;285;beauce_5_sa_016;solnu;;1.09;0.0;48.7;-38.67;0.0;8.01;16.88;0.05;0.06;0;0;0;-329.02;0.03;0.02;0.0;1.09
2021;286;365;beauce_5_sa_016;orgeh;orgeH_tousSols_nonirr_organique;3.37;0.0;12.14;4.41;10.12;16.91;19.92;0.01;0.0;0;5.06;0;-39.8;0.0;0.01;0.0;3.37
2021;1;224;beauce_5_sa_017;orgeh;orgeH_tousSols_nonirr_organique;6.79;0.0;58.83;11.24;55.01;22.11;31.84;0.05;0.0;0;27.51;0;-321.08;0.01;0.04;0.0;6.79
2021;225;295;beauce_5_sa_017;solnu;;1.22;0.0;26.45;-10.25;0.0;31.84;46.7;0.05;0.07;0;0;0;-192.16;0.03;0.01;0.0;1.22
2021;296;365;beauce_5_sa_017;orgeh;orgeH_tousSols_nonirr_organique;3.75;0.0;9.61;-34.5;0.94;47.24;17.12;0.01;0.0;0;0.47;0;-34.76;0.01;0.0;0.0;3.75
2021;1;210;beauce_5_sa_018;orgeh;orgeH_tousSols_nonirr_organique;4.59;0.0;51.92;20.33;59.76;16.56;25.3;0.05;0.0;0;31.17;0;-320.38;0.01;0.04;0.0;4.59
2021;211;281;beauce_5_sa_018;solnu;;0.85;0.0;30.81;-39.05;0.0;25.3;16.1;0.03;0.07;0;0;0;-207.39;0.03;0.01;0.0;0.85
2021;282;365;beauce_5_sa_018;orgeh;orgeH_tousSols_nonirr_organique;3.09;0.0;13.35;-7.13;3.39;16.13;15.83;0.0;0.0;0;1.7;0;-32.66;0.0;0.0;0.0;3.09
2021;1;182;beauce_5_sa_019;orgeh;orgeH_tousSols_nonirr_organique;5.43;0.0;38.35;7.16;49.65;18.96;9.38;0.03;0.0;0;27.02;0;-182.76;0.0;0.03;0.0;5.43
2021;183;282;beauce_5_sa_019;solnu;;1.1;0.0;43.22;-3.51;0.0;9.38;48.04;0.05;0.05;0;0;0;-299.95;0.02;0.02;0.0;1.1
2021;283;365;beauce_5_sa_019;orgeh;orgeH_tousSols_nonirr_organique;2.95;0.0;12.71;-34.99;8.99;48.36;13.83;0.01;0.0;0;4.5;0;-52.63;0.0;0.0;0.0;2.95
2021;1;208;beauce_5_sa_020;orgeh;orgeH_tousSols_nonirr_organique;5.8;0.0;50.64;11.0;57.22;19.12;18.98;0.04;0.0;0;28.61;0;-263.77;0.0;0.04;0.0;5.8
2021;209;300;beauce_5_sa_020;solnu;;1.06;0.0;35.81;-38.31;0.0;18.98;15.33;0.04;0.05;0;0;0;-249.75;0.02;0.01;0.0;1.06
2021;301;365;beauce_5_sa_020;orgeh;orgeH_tousSols_nonirr_organique;2.59;0.0;8.51;-5.51;1.63;14.87;14.11;0.0;0.0;0;0.82;0;-19.42;0.0;0.0;0.0;2.59
2021;1;201;beauce_5_sa_021;orgeh;orgeH_tousSols_nonirr_organique;5.22;0.0;47.0;15.37;51.5;16.84;23.83;0.05;0.0;0;27.87;0;-253.27;0.01;0.04;0.0;5.22
2021;202;273;beauce_5_sa_021;solnu;;0.93;0.0;32.5;-8.18;0.0;23.83;47.1;0.05;0.07;0;0;0;-235.13;0.03;0.02;0.0;0.93
2021;274;365;beauce_5_sa_021;orgeh;orgeH_tousSols_nonirr_organique;3.36;0.0;15.27;-35.74;7.5;47.43;15.76;0.0;0.0;0;3.75;0;-60.01;0.0;0.0;0.0;3.36
2021;1;197;beauce_5_sa_022;orgeh;orgeH_tousSols_nonirr_organique;4.48;0.0;45.23;19.53;51.06;14.18;24.3;0.05;0.0;0;27.78;0;-248.9;0.01;0.04;0.0;4.48
2021;198;267;beauce_5_sa_022;solnu;;0.9;0.0;32.66;-7.95;0.0;24.3;47.99;0.05;0.08;0;0;0;-237.83;0.04;0.02;0.0;0.9
2021;268;365;beauce_5_sa_022;orgeh;orgeH_tousSols_nonirr_organique;3.6;0.0;16.98;-35.29;8.56;48.3;17.51;0.0;0.0;0;4.28;0;-66.22;0.0;0.0;0.0;3.6
2021;1;230;beauce_5_sa_023;orgeh;orgeH_tousSols_nonirr_organique;5.86;0.0;61.31;14.74;50.15;19.05;40.29;0.06;0.0;0;26.54;0;-342.33;0.01;0.05;0.0;5.86
2021;231;279;beauce_5_sa_023;solnu;;0.95;0.0;19.83;-11.8;0.0;40.29;47.22;0.04;0.09;0;0;0;-150.57;0.04;0.01;0.0;0.95
2021;280;365;beauce_5_sa_023;orgeh;orgeH_tousSols_nonirr_organique;4.27;0.0;13.59;-31.87;5.75;47.6;18.91;0.0;0.0;0;2.88;0;-51.25;0.0;0.0;0.0;4.27
2021;1;178;beauce_5_sa_024;orgeh;orgeH_tousSols_nonirr_organique;5.37;0.0;36.16;6.2;46.24;18.74;9.53;0.03;0.0;0;24.46;0;-165.34;0.0;0.03;0.0;5.37
2021;179;283;beauce_5_sa_024;solnu;;1.11;0.0;45.65;-2.02;0.0;9.53;52.12;0.06;0.06;0;0;0;-314.22;0.03;0.03;0.0;1.11
2021;284;365;beauce_5_sa_024;orgeh;orgeH_tousSols_nonirr_organique;3.32;0.0;12.47;-31.32;13.14;52.47;16.81;0.01;0.0;0;6.57;0;-54.05;0.01;0.0;0.0;3.32
2021;1;201;beauce_5_sa_025;orgeh;orgeH_tousSols_nonirr_organique;5.84;0.0;47.02;10.49;59.87;19.28;12.31;0.04;0.0;0;29.94;0;-241.79;0.0;0.04;0.0;5.84
2021;202;314;beauce_5_sa_025;solnu;;1.45;0.0;42.19;-41.2;0.0;12.31;11.78;0.03;0.04;0;0;0;-278.0;0.01;0.02;0.0;1.45
2021;315;365;beauce_5_sa_025;orgeh;orgeH_tousSols_nonirr_organique;1.81;0.0;5.77;-4.59;0.0;11.83;11.16;0.0;0.0;0;0.0;0;-12.59;0.0;0.0;0.0;1.81
2021;1;206;beauce_5_sa_026;orgeh;orgeH_tousSols_nonirr_organique;5.43;0.0;49.58;15.66;56.59;18.0;22.31;0.04;0.0;0;28.3;0;-268.71;0.0;0.04;0.0;5.43
2021;207;284;beauce_5_sa_026;solnu;;0.92;0.0;33.18;-33.96;0.0;22.31;20.51;0.04;0.06;0;0;0;-238.19;0.03;0.01;0.0;0.92
2021;285;365;beauce_5_sa_026;orgeh;orgeH_tousSols_nonirr_organique;3.05;0.0;12.26;-8.38;4.48;19.66;16.85;0.01;0.0;0;2.24;0;-33.06;0.0;0.01;0.0;3.05
2021;1;185;beauce_5_sa_027;orgeh;orgeH_tousSols_nonirr_organique;5.37;0.0;39.77;12.1;51.64;17.6;13.54;0.04;0.0;0;27.93;0;-202.32;0.0;0.03;0.0;5.37
2021;186;274;beauce_5_sa_027;solnu;;0.89;0.0;39.86;-4.63;0.0;13.54;47.76;0.05;0.06;0;0;0;-280.29;0.03;0.02;0.0;0.89
2021;275;365;beauce_5_sa_027;orgeh;orgeH_tousSols_nonirr_organique;3.18;0.0;15.0;-35.5;8.89;48.1;15.19;0.0;0.0;0;4.44;0;-61.94;0.0;0.0;0.0;3.18
2021;1;204;beauce_5_sa_028;orgeh;orgeH_tousSols_nonirr_organique;6.51;0.0;48.31;6.3;54.09;21.31;16.73;0.03;0.0;0;27.04;0;-239.06;0.0;0.03;0.0;6.51
2021;205;306;beauce_5_sa_028;solnu;;1.17;0.0;38.84;-5.4;0.0;16.73;48.9;0.05;0.05;0;0;0;-271.56;0.03;0.02;0.0;1.17
2021;307;365;beauce_5_sa_028;orgeh;orgeH_tousSols_nonirr_organique;3.59;0.0;7.64;-33.27;0.84;49.17;18.81;0.03;0.0;0;0.42;0;-31.8;0.03;0.0;0.0;3.59
2021;1;203;beauce_5_sa_029;orgeh;orgeH_tousSols_nonirr_organique;5.88;0.0;47.99;11.48;60.67;19.46;13.6;0.04;0.0;0;30.34;0;-250.58;0.0;0.04;0.0;5.88
2021;204;315;beauce_5_sa_029;solnu;;1.48;0.0;41.55;-41.63;0.0;13.6;11.97;0.03;0.04;0;0;0;-272.48;0.01;0.02;0.0;1.48
2021;316;365;beauce_5_sa_029;orgeh;orgeH_tousSols_nonirr_organique;1.83;0.0;5.56;-5.41;0.0;12.0;10.3;0.0;0.0;0;0.0;0;-12.31;0.0;0.0;0.0;1.83
2021;1;187;beauce_5_sa_030;orgeh;orgeH_tousSols_nonirr_organique;5.36;0.0;40.81;12.5;50.8;17.57;15.8;0.04;0.0;0;27.51;0;-208.47;0.0;0.03;0.0;5.36
2021;188;274;beauce_5_sa_030;solnu;;0.92;0.0;38.82;-5.11;0.0;15.8;48.47;0.05;0.07;0;0;0;-275.07;0.03;0.02;0.0;0.92
2021;275;365;beauce_5_sa_030;orgeh;orgeH_tousSols_nonirr_organique;3.28;0.0;15.0;-34.87;10.26;48.81;15.07;0.0;0.0;0;5.13;0;-62.94;0.0;0.0;0.0;3.28
2021;1;203;beauce_5_sa_031;orgeh;orgeH_tousSols_nonirr_organique;6.59;0.0;47.86;6.09;55.16;21.57;15.2;0.03;0.0;0;27.58;0;-235.33;0.0;0.03;0.0;6.59
2021;204;310;beauce_5_sa_031;solnu;;1.32;0.0;40.33;-4.61;0.0;15.2;49.49;0.06;0.04;0;0;0;-283.0;0.04;0.02;0.0;1.32
2021;311;365;beauce_5_sa_031;orgeh;orgeH_tousSols_nonirr_organique;3.63;0.0;6.61;-33.35;0.21;49.76;18.88;0.02;0.0;0;0.1;0;-28.0;0.02;0.0;0.0;3.63
2021;1;222;beauce_5_sa_032;orgeh;orgeH_tousSols_nonirr_organique;3.79;0.0;58.39;21.52;54.3;13.92;36.37;0.07;0.0;0;29.08;0;-378.1;0.02;0.05;0.0;3.79
2021;223;270;beauce_5_sa_032;solnu;;0.79;0.0;21.3;-36.12;0.0;36.37;20.63;0.03;0.09;0;0;0;-147.49;0.03;0.0;0.0;0.79
2021;271;365;beauce_5_sa_032;orgeh;orgeH_tousSols_nonirr_organique;3.96;0.0;16.64;-10.91;3.11;20.63;19.29;0.0;0.0;0;1.55;0;-49.97;0.0;0.0;0.0;3.96
2021;1;185;beauce_5_sa_033;orgeh;orgeH_tousSols_nonirr_organique;4.42;0.0;39.86;18.18;51.63;14.08;16.9;0.05;0.0;0;28.07;0;-212.4;0.01;0.03;0.0;4.42
2021;186;267;beauce_5_sa_033;solnu;;0.85;0.0;37.96;-5.74;0.0;16.9;48.14;0.06;0.07;0;0;0;-272.38;0.04;0.02;0.0;0.85
2021;268;365;beauce_5_sa_033;orgeh;orgeH_tousSols_nonirr_organique;3.48;0.0;16.98;-35.04;9.36;48.45;17.26;0.0;0.0;0;4.68;0;-68.49;0.0;0.0;0.0;3.48
2021;1;202;beauce_5_sa_034;orgeh;orgeH_tousSols_nonirr_organique;4.03;0.0;47.5;23.85;58.73;14.1;23.47;0.05;0.0;0;29.49;0;-277.89;0.01;0.04;0.0;4.03
2021;203;273;beauce_5_sa_034;solnu;;0.79;0.0;32.3;-36.5;0.0;23.47;18.37;0.05;0.07;0;0;0;-235.24;0.03;0.01;0.0;0.79
2021;274;365;beauce_5_sa_034;orgeh;orgeH_tousSols_nonirr_organique;3.38;0.0;15.62;-7.2;4.91;17.52;18.49;0.01;0.0;0;2.46;0;-45.76;0.0;0.01;0.0;3.38
2021;1;174;beauce_5_sa_035;orgeh;orgeH_tousSols_nonirr_organique;6.54;0.0;33.93;8.53;47.56;24.49;13.52;0.03;0.0;0;23.78;0;-166.38;0.0;0.03;0.0;6.54
2021;175;299;beauce_5_sa_035;solnu;;1.99;0.0;51.36;0.41;0.0;13.52;63.29;0.08;0.07;0;0;0;-362.54;0.05;0.03;0.0;1.99
2021;300;365;beauce_5_sa_035;orgeh;orgeH_tousSols_nonirr_organique;5.27;0.0;8.64;-30.55;4.58;63.5;31.48;0.04;0.01;0;2.29;0;-42.3;0.04;0.0;0.0;5.27
2021;1;176;beauce_5_sa_036;orgeh;orgeH_tousSols_nonirr_organique;7.03;0.0;34.8;6.74;46.94;24.54;12.82;0.03;0.0;0;23.47;0;-167.36;0.0;0.03;0.0;7.03
2021;177;310;beauce_5_sa_036;solnu;;1.91;0.0;52.53;1.0;0.0;12.82;64.27;0.09;0.06;0;0;0;-368.8;0.06;0.03;0.0;1.91
2021;311;365;beauce_5_sa_036;orgeh;orgeH_tousSols_nonirr_organique;5.42;0.0;6.6;-29.56;2.16;64.54;33.68;0.04;0.01;0;1.08;0;-34.15;0.04;0.0;0.0;5.42
2021;1;185;beauce_5_sa_037;orgeh;orgeH_tousSols_nonirr_organique;3.98;0.0;40.14;19.31;55.24;15.83;16.7;0.05;0.01;0;30.48;0;-245.96;0.02;0.04;0.0;3.98
2021;186;266;beauce_5_sa_037;solnu;;0.82;0.0;38.04;-36.07;0.0;16.7;17.73;0.05;0.07;0;0;0;-264.01;0.03;0.01;0.0;0.82
2021;267;365;beauce_5_sa_037;orgeh;orgeH_tousSols_nonirr_organique;3.5;0.0;17.89;-5.51;7.25;17.73;19.35;0.01;0.0;0;3.62;0;-56.34;0.0;0.01;0.0;3.5
2021;1;216;beauce_5_sa_038;orgeh;orgeH_tousSols_nonirr_organique;6.68;0.0;55.15;6.93;53.39;21.9;25.35;0.04;0.0;0;26.7;0;-286.71;0.0;0.04;0.0;6.68
2021;217;316;beauce_5_sa_038;solnu;;1.8;0.0;34.32;-6.94;0.0;25.35;50.79;0.08;0.06;0;0;0;-240.64;0.06;0.02;0.0;1.8
2021;317;365;beauce_5_sa_038;orgeh;orgeH_tousSols_nonirr_organique;3.86;0.0;5.32;-29.88;0.0;50.52;22.36;0.02;0.0;0;0.0;0;-23.37;0.02;0.0;0.0;3.86
2021;1;204;beauce_5_sa_039;orgeh;orgeH_tousSols_nonirr_organique;5.68;0.0;48.37;10.85;51.67;18.63;21.7;0.04;0.0;0;27.18;0;-249.27;0.0;0.04;0.0;5.68
2021;205;283;beauce_5_sa_039;solnu;;0.96;0.0;33.95;-7.58;0.0;21.7;47.01;0.04;0.06;0;0;0;-241.76;0.03;0.02;0.0;0.96
2021;284;365;beauce_5_sa_039;orgeh;orgeH_tousSols_nonirr_organique;3.1;0.0;12.46;-34.51;7.79;47.35;14.07;0.01;0.0;0;3.89;0;-47.86;0.0;0.0;0.0;3.1
2021;1;216;beauce_5_sa_040;orgeh;orgeH_tousSols_nonirr_organique;5.24;0.0;55.1;20.64;51.76;16.88;36.59;0.06;0.0;0;27.38;0;-320.18;0.01;0.05;0.0;5.24
2021;217;269;beauce_5_sa_040;solnu;;0.98;0.0;23.19;-10.98;0.0;36.59;47.69;0.05;0.09;0;0;0;-173.81;0.04;0.01;0.0;0.98
2021;270;365;beauce_5_sa_040;orgeh;orgeH_tousSols_nonirr_organique;4.04;0.0;16.46;-35.85;6.0;48.2;18.25;0.0;0.0;0;3.0;0;-62.88;0.0;0.0;0.0;4.04
2021;1;191;beauce_5_sa_041;orgeh;orgeH_tousSols_nonirr_organique;6.63;0.0;42.64;4.53;52.63;21.68;11.03;0.03;0.0;0;26.32;0;-202.17;0.0;0.03;0.0;6.63
2021;192;311;beauce_5_sa_041;solnu;;1.33;0.0;45.56;-14.16;0.0;11.03;40.99;0.07;0.05;0;0;0;-314.89;0.04;0.03;0.0;1.33
2021;312;365;beauce_5_sa_041;orgeh;orgeH_tousSols_nonirr_organique;3.54;0.0;6.41;-21.58;1.76;39.07;20.49;0.02;0.0;0;0.88;0;-23.55;0.02;0.0;0.0;3.54
2021;1;190;beauce_5_sa_042;orgeh;orgeH_tousSols_nonirr_organique;4.44;0.0;42.39;18.15;57.73;16.72;15.86;0.04;0.01;0;31.57;0;-260.54;0.01;0.04;0.0;4.44
2021;191;275;beauce_5_sa_042;solnu;;0.81;0.0;38.52;-37.7;0.0;15.86;15.77;0.04;0.06;0;0;0;-258.98;0.03;0.01;0.0;0.81
2021;276;365;beauce_5_sa_042;orgeh;orgeH_tousSols_nonirr_organique;3.11;0.0;15.25;-4.42;6.37;15.84;17.11;0.01;0.0;0;3.19;0;-42.75;0.0;0.01;0.0;3.11
2021;1;203;beauce_5_sa_043;orgeh;orgeH_tousSols_nonirr_organique;5.77;0.0;48.01;12.07;60.03;19.23;14.71;0.04;0.0;0;30.01;0;-252.14;0.0;0.04;0.0;5.77
2021;204;307;beauce_5_sa_043;solnu;;1.06;0.0;39.7;-40.58;0.0;14.71;12.7;0.03;0.04;0;0;0;-263.34;0.01;0.01;0.0;1.06
2021;308;365;beauce_5_sa_043;orgeh;orgeH_tousSols_nonirr_organique;2.31;0.0;7.47;-6.4;0.0;12.65;11.46;0.0;0.0;0;0.0;0;-17.89;0.0;0.0;0.0;2.31
2021;1;227;beauce_5_sa_044;orgeh;orgeH_tousSols_nonirr_organique;5.85;0.0;60.21;14.96;60.63;19.28;29.16;0.05;0.0;0;30.31;0;-344.03;0.01;0.05;0.0;5.85
2021;228;308;beauce_5_sa_044;solnu;;1.24;0.0;28.01;-38.91;0.0;29.16;16.92;0.03;0.07;0;0;0;-181.79;0.02;0.01;0.0;1.24
2021;309;365;beauce_5_sa_044;orgeh;orgeH_tousSols_nonirr_organique;2.93;0.0;7.03;-6.89;0.0;16.92;14.13;0.0;0.0;0;0.0;0;-16.77;0.0;0.0;0.0;2.93
2021;1;220;beauce_5_sa_045;orgeh;orgeH_tousSols_nonirr_organique;5.06;0.0;57.07;18.95;58.72;16.57;30.06;0.05;0.0;0;29.36;0;-329.98;0.01;0.05;0.0;5.06
2021;221;288;beauce_5_sa_045;solnu;;0.86;0.0;26.97;-38.32;0.0;30.06;17.73;0.03;0.08;0;0;0;-189.85;0.03;0.01;0.0;0.86
2021;289;365;beauce_5_sa_045;orgeh;orgeH_tousSols_nonirr_organique;3.32;0.0;11.3;-10.51;0.0;17.73;15.2;0.0;0.0;0;0.0;0;-29.27;0.0;0.0;0.0;3.32
2021;1;212;beauce_5_sa_046;orgeh;orgeH_tousSols_nonirr_organique;3.73;0.0;54.38;17.07;50.93;16.28;33.62;0.08;0.01;0;33.87;0;-390.03;0.04;0.04;0.0;3.73
2021;213;261;beauce_5_sa_046;solnu;;1.09;0.0;23.16;-47.68;0.0;33.62;7.99;0.01;0.0;0;0;0;-134.89;0.01;0.0;0.0;1.09
2021;262;365;beauce_5_sa_046;orgeh;orgeH_tousSols_nonirr_organique;1.49;0.0;19.33;-0.25;13.65;7.61;11.91;0.02;0.0;0;6.82;0;-51.47;0.01;0.01;0.0;1.49
2021;1;221;beauce_5_sa_047;orgeh;orgeH_tousSols_nonirr_organique;4.98;0.0;57.53;25.38;49.01;15.28;44.95;0.09;0.01;0;26.75;0;-350.44;0.04;0.05;0.0;4.98
2021;222;257;beauce_5_sa_047;solnu;;1.24;0.0;16.86;-11.83;0.0;44.95;48.59;0.04;0.11;0;0;0;-129.25;0.04;0.0;0.0;1.24
2021;258;365;beauce_5_sa_047;orgeh;orgeH_tousSols_nonirr_organique;5.26;0.0;21.12;-34.4;6.69;49.17;23.35;0.0;0.0;0;3.34;0;-83.69;0.0;0.0;0.0;5.26
2021;1;203;beauce_5_sa_048;orgeh;orgeH_tousSols_nonirr_organique;6.53;0.0;47.88;6.25;54.4;21.34;15.95;0.03;0.0;0;27.2;0;-235.14;0.0;0.03;0.0;6.53
2021;204;304;beauce_5_sa_048;solnu;;1.18;0.0;39.07;-5.23;0.0;15.95;48.52;0.05;0.05;0;0;0;-274.12;0.03;0.02;0.0;1.18
2021;305;365;beauce_5_sa_048;orgeh;orgeH_tousSols_nonirr_organique;3.38;0.0;7.87;-33.69;1.23;48.65;18.06;0.02;0.0;0;0.62;0;-30.54;0.02;0.0;0.0;3.38
2021;1;219;beauce_5_sa_049;orgeh;orgeH_tousSols_nonirr_organique;6.53;0.0;56.57;12.48;56.7;21.19;28.38;0.05;0.0;0;28.35;0;-310.22;0.01;0.04;0.0;6.53
2021;220;296;beauce_5_sa_049;solnu;;1.15;0.0;29.2;-27.35;0.0;28.38;28.69;0.04;0.06;0;0;0;-210.46;0.03;0.01;0.0;1.15
2021;297;365;beauce_5_sa_049;orgeh;orgeH_tousSols_nonirr_organique;3.22;0.0;9.18;-18.44;0.13;27.8;16.06;0.0;0.0;0;0.07;0;-25.28;0.0;0.0;0.0;3.22
2021;1;191;beauce_5_sa_050;orgeh;orgeH_tousSols_nonirr_organique;4.56;0.0;42.95;17.55;60.82;16.53;12.49;0.04;0.0;0;31.94;0;-252.97;0.0;0.04;0.0;4.56
2021;192;284;beauce_5_sa_050;solnu;;0.77;0.0;40.57;-38.72;0.0;12.49;13.49;0.03;0.05;0;0;0;-269.6;0.02;0.01;0.0;0.77
2021;285;365;beauce_5_sa_050;orgeh;orgeH_tousSols_nonirr_organique;2.59;0.0;12.39;-5.9;3.6;13.5;13.79;0.0;0.0;0;1.8;0;-31.43;0.0;0.0;0.0;2.59
2021;1;231;beauce_5_sa_051;orgeh;orgeH_tousSols_nonirr_organique;5.91;0.0;61.56;19.4;50.08;18.87;45.25;0.07;0.0;0;26.38;0;-361.25;0.02;0.05;0.0;5.91
2021;232;269;beauce_5_sa_051;solnu;;1.02;0.0;16.65;-12.13;0.0;45.25;48.61;0.05;0.1;0;0;0;-128.9;0.04;0.0;0.0;1.02
2021;270;365;beauce_5_sa_051;orgeh;orgeH_tousSols_nonirr_organique;4.82;0.0;16.47;-34.53;4.5;49.03;21.22;0.0;0.0;0;2.25;0;-62.95;0.0;0.0;0.0;4.82
2021;1;185;beauce_5_sa_052;orgeh;orgeH_tousSols_nonirr_organique;4.02;0.0;39.94;21.31;57.92;14.73;14.73;0.05;0.0;0;30.23;0;-233.05;0.01;0.04;0.0;4.02
2021;186;270;beauce_5_sa_052;solnu;;0.77;0.0;39.06;-35.94;0.0;14.73;16.96;0.05;0.07;0;0;0;-274.59;0.03;0.02;0.0;0.77
2021;271;365;beauce_5_sa_052;orgeh;orgeH_tousSols_nonirr_organique;3.31;0.0;16.62;-7.17;4.91;16.94;18.18;0.01;0.0;0;2.46;0;-53.45;0.0;0.01;0.0;3.31
2021;1;177;beauce_5_sa_053;orgeh;orgeH_tousSols_nonirr_organique;6.3;0.0;35.4;5.49;45.96;22.01;11.06;0.03;0.0;0;24.56;0;-166.76;0.0;0.03;0.0;6.3
2021;178;290;beauce_5_sa_053;solnu;;1.38;0.0;47.93;-1.94;0.0;11.06;55.74;0.06;0.06;0;0;0;-331.42;0.03;0.03;0.0;1.38
2021;291;365;beauce_5_sa_053;orgeh;orgeH_tousSols_nonirr_organique;3.98;0.0;10.85;-30.98;11.49;55.91;20.13;0.02;0.0;0;5.74;0;-48.27;0.02;0.0;0.0;3.98
2021;1;199;beauce_5_sa_054;orgeh;orgeH_tousSols_nonirr_organique;3.83;0.0;46.6;23.08;50.06;12.9;29.33;0.07;0.01;0;29.8;0;-279.59;0.03;0.04;0.0;3.83
2021;200;256;beauce_5_sa_054;solnu;;1.12;0.0;27.44;-9.75;0.0;29.33;45.76;0.05;0.08;0;0;0;-203.99;0.04;0.01;0.0;1.12
2021;257;365;beauce_5_sa_054;orgeh;orgeH_tousSols_nonirr_organique;4.3;0.0;21.75;-36.47;7.62;46.53;19.12;0.0;0.0;0;3.81;0;-88.73;0.0;0.0;0.0;4.3
2021;1;224;beauce_5_sa_055;orgeh;orgeH_tousSols_nonirr_organique;5.79;0.0;58.69;15.58;50.44;18.86;38.07;0.06;0.0;0;26.59;0;-329.5;0.01;0.05;0.0;5.79
2021;225;277;beauce_5_sa_055;solnu;;0.99;0.0;21.9;-11.34;0.0;38.07;47.51;0.04;0.09;0;0;0;-164.06;0.03;0.01;0.0;0.99
2021;278;365;beauce_5_sa_055;orgeh;orgeH_tousSols_nonirr_organique;4.09;0.0;14.14;-33.66;5.89;47.89;18.01;0.0;0.0;0;2.94;0;-52.87;0.0;0.0;0.0;4.09
2021;1;195;beauce_5_sa_056;orgeh;orgeH_tousSols_nonirr_organique;4.22;0.0;44.89;18.57;55.55;16.81;21.16;0.05;0.01;0;31.49;0;-287.15;0.02;0.04;0.0;4.22
2021;196;268;beauce_5_sa_056;solnu;;0.84;0.0;33.9;-37.02;0.0;21.16;17.09;0.04;0.07;0;0;0;-233.97;0.03;0.01;0.0;0.84
2021;269;365;beauce_5_sa_056;orgeh;orgeH_tousSols_nonirr_organique;3.34;0.0;17.28;-7.59;5.38;17.09;18.06;0.01;0.0;0;2.69;0;-50.07;0.0;0.01;0.0;3.34
2021;1;171;beauce_5_sa_057;orgeh;orgeH_tousSols_nonirr_organique;4.31;0.0;32.94;17.66;54.87;17.44;8.87;0.03;0.0;0;28.18;0;-182.77;0.0;0.03;0.0;4.31
2021;172;287;beauce_5_sa_057;solnu;;1.22;0.0;50.53;-39.81;0.0;8.87;18.34;0.05;0.07;0;0;0;-341.1;0.03;0.02;0.0;1.22
2021;288;365;beauce_5_sa_057;orgeh;orgeH_tousSols_nonirr_organique;3.64;0.0;11.61;3.82;9.15;18.32;20.95;0.01;0.0;0;4.58;0;-37.43;0.0;0.01;0.0;3.64
2021;1;217;beauce_5_sa_058;orgeh;orgeH_tousSols_nonirr_organique;6.13;0.0;55.66;11.68;51.53;20.06;31.05;0.04;0.0;0;27.27;0;-302.09;0.0;0.04;0.0;6.13
2021;218;286;beauce_5_sa_058;solnu;;1.03;0.0;27.46;-9.94;0.0;31.05;47.42;0.04;0.07;0;0;0;-199.5;0.03;0.01;0.0;1.03
2021;287;365;beauce_5_sa_058;orgeh;orgeH_tousSols_nonirr_organique;3.55;0.0;11.66;-33.4;6.37;47.64;15.75;0.01;0.0;0;3.19;0;-43.78;0.01;0.0;0.0;3.55
2021;1;174;beauce_5_sa_059;orgeh;orgeH_tousSols_nonirr_organique;5.83;0.0;33.99;12.39;51.23;21.76;12.7;0.03;0.0;0;25.62;0;-173.92;0.0;0.03;0.0;5.83
2021;175;300;beauce_5_sa_059;solnu;;1.8;0.0;51.6;-31.36;0.0;12.7;31.02;0.06;0.07;0;0;0;-360.95;0.04;0.03;0.0;1.8
2021;301;365;beauce_5_sa_059;orgeh;orgeH_tousSols_nonirr_organique;4.49;0.0;8.5;-0.66;4.07;30.85;30.27;0.03;0.01;0;2.04;0;-28.98;0.03;0.01;0.0;4.49
2021;1;221;beauce_5_sa_060;orgeh;orgeH_tousSols_nonirr_organique;6.56;0.0;57.33;10.77;52.34;21.28;31.88;0.05;0.0;0;27.62;0;-312.2;0.01;0.04;0.0;6.56
2021;222;290;beauce_5_sa_060;solnu;;1.11;0.0;26.72;-10.43;0.0;31.88;46.94;0.04;0.08;0;0;0;-194.64;0.03;0.01;0.0;1.11
2021;291;365;beauce_5_sa_060;orgeh;orgeH_tousSols_nonirr_organique;3.71;0.0;10.83;-33.37;4.29;47.1;16.39;0.01;0.0;0;2.15;0;-40.09;0.01;0.0;0.0;3.71
2021;1;207;beauce_5_sa_061;orgeh;orgeH_tousSols_nonirr_organique;3.42;0.0;51.2;18.07;50.67;15.98;31.61;0.08;0.01;0;32.91;0;-359.28;0.04;0.04;0.0;3.42
2021;208;259;beauce_5_sa_061;solnu;;1.1;0.0;25.26;-47.62;0.0;31.61;8.14;0.01;0.0;0;0;0;-155.68;0.01;0.0;0.0;1.1
2021;260;365;beauce_5_sa_061;orgeh;orgeH_tousSols_nonirr_organique;1.52;0.0;20.32;0.88;15.15;8.25;12.65;0.02;0.01;0;7.58;0;-56.79;0.01;0.01;0.0;1.52
2021;1;200;beauce_5_sa_062;orgeh;orgeH_tousSols_nonirr_organique;4.76;0.0;46.7;18.25;62.35;15.62;14.45;0.04;0.0;0;31.18;0;-260.59;0.0;0.04;0.0;4.76
2021;201;294;beauce_5_sa_062;solnu;;0.92;0.0;39.0;-39.66;0.0;14.45;12.78;0.03;0.05;0;0;0;-259.77;0.02;0.01;0.0;0.92
2021;295;365;beauce_5_sa_062;orgeh;orgeH_tousSols_nonirr_organique;2.35;0.0;9.96;-7.91;0.25;12.78;12.22;0.0;0.0;0;0.13;0;-24.09;0.0;0.0;0.0;2.35
2021;1;217;beauce_5_sa_063;orgeh;orgeH_tousSols_nonirr_organique;6.61;0.0;55.69;8.05;54.56;21.59;25.59;0.04;0.0;0;27.28;0;-290.15;0.0;0.04;0.0;6.61
2021;218;309;beauce_5_sa_063;solnu;;1.37;0.0;32.38;-7.83;0.0;25.59;48.65;0.06;0.06;0;0;0;-229.38;0.05;0.02;0.0;1.37
2021;310;365;beauce_5_sa_063;orgeh;orgeH_tousSols_nonirr_organique;3.78;0.0;6.75;-32.52;0.0;48.85;19.08;0.02;0.0;0;0.0;0;-27.15;0.02;0.0;0.0;3.78
2021;1;199;beauce_5_sa_064;orgeh;orgeH_tousSols_nonirr_organique;6.02;0.0;46.2;11.11;56.36;19.72;15.94;0.04;0.0;0;28.18;0;-236.97;0.0;0.03;0.0;6.02
2021;200;292;beauce_5_sa_064;solnu;;1.01;0.0;38.39;-23.25;0.0;15.94;29.97;0.04;0.05;0;0;0;-271.94;0.02;0.02;0.0;1.01
2021;293;365;beauce_5_sa_064;orgeh;orgeH_tousSols_nonirr_organique;2.89;0.0;10.38;-16.77;5.3;28.07;15.39;0.01;0.0;0;2.65;0;-31.53;0.0;0.0;0.0;2.89
2021;1;202;beauce_5_sa_065;orgeh;orgeH_tousSols_nonirr_organique;3.94;0.0;47.54;24.5;57.41;14.33;25.69;0.06;0.0;0;29.59;0;-284.97;0.02;0.04;0.0;3.94
2021;203;268;beauce_5_sa_065;solnu;;0.84;0.0;30.86;-28.63;0.0;25.69;26.95;0.05;0.08;0;0;0;-230.67;0.04;0.01;0.0;0.84
2021;269;365;beauce_5_sa_065;orgeh;orgeH_tousSols_nonirr_organique;3.61;0.0;17.03;-14.66;5.85;25.72;19.85;0.01;0.0;0;2.92;0;-52.28;0.0;0.01;0.0;3.61
2021;1;212;beauce_5_sa_066;orgeh;orgeH_tousSols_nonirr_organique;5.97;0.0;53.18;14.92;59.91;19.77;23.21;0.04;0.0;0;29.96;0;-295.58;0.0;0.04;0.0;5.97
2021;213;295;beauce_5_sa_066;solnu;;1.12;0.0;32.28;-39.11;0.0;23.21;15.17;0.03;0.06;0;0;0;-227.63;0.02;0.01;0.0;1.12
2021;296;365;beauce_5_sa_066;orgeh;orgeH_tousSols_nonirr_organique;2.79;0.0;9.64;-8.91;0.0;15.17;13.11;0.0;0.0;0;0.0;0;-24.1;0.0;0.0;0.0;2.79
2021;1;174;beauce_5_sa_067;orgeh;orgeH_tousSols_nonirr_organique;6.66;0.0;33.91;8.62;47.58;24.88;13.88;0.03;0.0;0;23.79;0;-166.96;0.0;0.03;0.0;6.66
2021;175;303;beauce_5_sa_067;solnu;;2.03;0.0;51.99;0.85;0.0;13.88;64.67;0.08;0.07;0;0;0;-368.72;0.05;0.03;0.0;2.03
2021;304;365;beauce_5_sa_067;orgeh;orgeH_tousSols_nonirr_organique;5.43;0.0;7.99;-30.61;3.62;64.84;32.94;0.05;0.01;0;1.81;0;-38.98;0.05;0.0;0.0;5.43
2021;1;223;beauce_5_sa_068;orgeh;orgeH_tousSols_nonirr_organique;5.01;0.0;58.62;25.94;54.41;16.9;42.96;0.08;0.0;0;27.8;0;-369.0;0.03;0.05;0.0;5.01
2021;224;264;beauce_5_sa_068;solnu;;1.04;0.0;18.7;-35.06;0.0;42.96;25.41;0.04;0.1;0;0;0;-141.27;0.04;0.0;0.0;1.04
2021;265;365;beauce_5_sa_068;orgeh;orgeH_tousSols_nonirr_organique;4.78;0.0;18.47;-13.51;3.12;25.23;22.47;0.0;0.0;0;1.56;0;-59.26;0.0;0.0;0.0;4.78
2021;1;173;beauce_5_sa_069;orgeh;orgeH_tousSols_nonirr_organique;7.04;0.0;33.45;8.91;48.24;26.45;15.24;0.03;0.0;0;24.12;0;-166.36;0.0;0.03;0.0;7.04
2021;174;314;beauce_5_sa_069;solnu;;3.01;0.0;54.59;1.89;0.0;15.24;68.52;0.12;0.07;0;0;0;-390.17;0.08;0.03;0.0;3.01
2021;315;365;beauce_5_sa_069;orgeh;orgeH_tousSols_nonirr_organique;5.58;0.0;5.74;-29.1;1.12;68.8;38.42;0.03;0.01;0;0.56;0;-32.29;0.03;0.0;0.0;5.58
2021;1;215;beauce_5_sa_070;orgeh;orgeH_tousSols_nonirr_organique;5.42;0.0;54.79;14.13;50.21;17.75;32.16;0.05;0.0;0;27.19;0;-300.32;0.01;0.04;0.0;5.42
2021;216;278;beauce_5_sa_070;solnu;;0.94;0.0;26.16;-10.41;0.0;32.16;46.84;0.04;0.08;0;0;0;-192.29;0.03;0.01;0.0;0.94
2021;279;365;beauce_5_sa_070;orgeh;orgeH_tousSols_nonirr_organique;3.58;0.0;13.8;-33.98;7.25;47.1;15.83;0.0;0.0;0;3.63;0;-53.53;0.0;0.0;0.0;3.58
2021;1;231;beauce_5_sa_071;orgeh;orgeH_tousSols_nonirr_organique;6.85;0.0;61.73;10.05;53.35;22.15;35.18;0.05;0.0;0;26.68;0;-333.94;0.01;0.04;0.0;6.85
2021;232;301;beauce_5_sa_071;solnu;;1.22;0.0;24.83;-10.71;0.0;35.18;47.95;0.05;0.08;0;0;0;-179.71;0.04;0.01;0.0;1.22
2021;302;365;beauce_5_sa_071;orgeh;orgeH_tousSols_nonirr_organique;4.22;0.0;8.26;-32.49;0.0;48.1;19.48;0.01;0.0;0;0.0;0;-29.56;0.01;0.0;0.0;4.22
2021;1;178;beauce_5_sa_072;orgeh;orgeH_tousSols_nonirr_organique;6.58;0.0;36.11;7.41;48.13;23.03;12.16;0.03;0.0;0;24.07;0;-172.38;0.0;0.03;0.0;6.58
2021;179;295;beauce_5_sa_072;solnu;;1.55;0.0;48.43;-0.76;0.0;12.16;58.36;0.07;0.06;0;0;0;-340.17;0.04;0.03;0.0;1.55
2021;296;365;beauce_5_sa_072;orgeh;orgeH_tousSols_nonirr_organique;4.58;0.0;9.62;-30.84;6.38;58.93;26.14;0.03;0.01;0;3.19;0;-45.65;0.03;0.0;0.0;4.58
2021;1;202;beauce_5_sa_073;orgeh;orgeH_tousSols_nonirr_organique;3.73;0.0;48.1;15.46;51.96;15.8;24.23;0.06;0.01;0;33.81;0;-334.66;0.02;0.04;0.0;3.73
2021;203;267;beauce_5_sa_073;solnu;;0.87;0.0;30.82;-47.84;0.0;24.23;6.34;0.01;0.0;0;0;0;-185.18;0.01;0.0;0.0;0.87
2021;268;365;beauce_5_sa_073;orgeh;orgeH_tousSols_nonirr_organique;1.32;0.0;17.12;1.37;12.44;6.41;11.06;0.02;0.0;0;6.22;0;-42.76;0.0;0.01;0.0;1.32
2021;1;220;beauce_5_sa_074;orgeh;orgeH_tousSols_nonirr_organique;4.89;0.0;57.16;18.93;62.66;15.89;25.44;0.05;0.0;0;31.33;0;-334.67;0.01;0.05;0.0;4.89
2021;221;298;beauce_5_sa_074;solnu;;0.98;0.0;29.78;-39.21;0.0;25.44;14.94;0.03;0.06;0;0;0;-192.97;0.02;0.01;0.0;0.98
2021;299;365;beauce_5_sa_074;orgeh;orgeH_tousSols_nonirr_organique;2.74;0.0;8.92;-8.26;0.0;14.94;12.86;0.0;0.0;0;0.0;0;-18.81;0.0;0.0;0.0;2.74
2021;1;219;beauce_5_sa_075;orgeh;orgeH_tousSols_nonirr_organique;6.73;0.0;56.46;8.09;54.27;21.86;26.85;0.04;0.0;0;27.13;0;-295.89;0.01;0.04;0.0;6.73
2021;220;313;beauce_5_sa_075;solnu;;1.35;0.0;32.37;-7.82;0.0;26.85;49.67;0.06;0.06;0;0;0;-229.97;0.05;0.02;0.0;1.35
2021;314;365;beauce_5_sa_075;orgeh;orgeH_tousSols_nonirr_organique;4.12;0.0;5.97;-30.32;0.0;49.54;21.17;0.02;0.0;0;0.0;0;-25.16;0.02;0.0;0.0;4.12
2021;1;188;beauce_5_sa_076;orgeh;orgeH_tousSols_nonirr_organique;4.07;0.0;41.32;20.78;52.31;13.51;19.82;0.05;0.0;0;29.16;0;-231.54;0.02;0.04;0.0;4.07
2021;189;263;beauce_5_sa_076;solnu;;0.82;0.0;35.21;-6.75;0.0;19.82;47.31;0.06;0.07;0;0;0;-254.65;0.04;0.02;0.0;0.82
2021;264;365;beauce_5_sa_076;orgeh;orgeH_tousSols_nonirr_organique;3.64;0.0;18.47;-36.29;8.78;47.73;17.07;0.0;0.0;0;4.39;0;-75.88;0.0;0.0;0.0;3.64
2021;1;195;beauce_5_sa_077;orgeh;orgeH_tousSols_nonirr_organique;4.28;0.0;44.7;20.25;58.41;15.86;18.86;0.05;0.0;0;31.28;0;-274.09;0.01;0.04;0.0;4.28
2021;196;273;beauce_5_sa_077;solnu;;0.77;0.0;35.29;-37.38;0.0;18.86;15.89;0.04;0.06;0;0;0;-242.8;0.03;0.01;0.0;0.77
2021;274;365;beauce_5_sa_077;orgeh;orgeH_tousSols_nonirr_organique;3.09;0.0;15.79;-7.51;4.48;15.89;16.59;0.01;0.0;0;2.24;0;-45.07;0.0;0.01;0.0;3.09
2021;1;178;beauce_5_sa_078;orgeh;orgeH_tousSols_nonirr_organique;6.64;0.0;36.1;7.24;48.36;23.18;11.85;0.03;0.0;0;24.18;0;-171.62;0.0;0.03;0.0;6.64
2021;179;297;beauce_5_sa_078;solnu;;1.55;0.0;48.99;-0.76;0.0;11.85;58.47;0.07;0.06;0;0;0;-345.22;0.04;0.03;0.0;1.55
2021;298;365;beauce_5_sa_078;orgeh;orgeH_tousSols_nonirr_organique;4.59;0.0;9.06;-31.07;5.68;58.7;26.15;0.03;0.01;0;2.84;0;-41.11;0.03;0.0;0.0;4.59
2021;1;182;beauce_5_sa_079;orgeh;orgeH_tousSols_nonirr_organique;4.31;0.0;38.54;16.92;59.21;16.06;7.63;0.03;0.0;0;30.11;0;-211.83;0.0;0.03;0.0;4.31
2021;183;288;beauce_5_sa_079;solnu;;0.91;0.0;45.7;-38.79;0.0;7.63;13.58;0.03;0.05;0;0;0;-297.92;0.02;0.01;0.0;0.91
2021;289;365;beauce_5_sa_079;orgeh;orgeH_tousSols_nonirr_organique;2.59;0.0;11.38;-3.7;4.42;13.26;14.25;0.01;0.0;0;2.21;0;-29.34;0.0;0.01;0.0;2.59
2021;1;191;beauce_5_sa_080;orgeh;orgeH_tousSols_nonirr_organique;5.53;0.0;42.74;9.61;50.72;18.09;15.34;0.03;0.0;0;27.55;0;-212.99;0.0;0.03;0.0;5.53
2021;192;281;beauce_5_sa_080;solnu;;0.91;0.0;38.89;-5.61;0.0;15.34;47.61;0.05;0.06;0;0;0;-274.26;0.03;0.02;0.0;0.91
2021;282;365;beauce_5_sa_080;orgeh;orgeH_tousSols_nonirr_organique;3.02;0.0;13.05;-34.93;8.99;48.04;13.72;0.0;0.0;0;4.5;0;-52.47;0.0;0.0;0.0;3.02
2021;1;202;beauce_5_sa_081;orgeh;orgeH_tousSols_nonirr_organique;4.22;0.0;47.54;22.83;59.69;15.11;22.35;0.05;0.0;0;30.52;0;-285.02;0.01;0.04;0.0;4.22
2021;203;275;beauce_5_sa_081;solnu;;0.79;0.0;33.06;-37.94;0.0;22.35;16.56;0.04;0.07;0;0;0;-232.19;0.03;0.01;0.0;0.79
2021;276;365;beauce_5_sa_081;orgeh;orgeH_tousSols_nonirr_organique;3.18;0.0;15.18;-9.02;3.11;16.56;16.43;0.0;0.0;0;1.55;0;-43.36;0.0;0.0;0.0;3.18
2021;1;181;beauce_5_sa_082;orgeh;orgeH_tousSols_nonirr_organique;3.9;0.0;37.94;15.16;56.4;16.78;10.27;0.04;0.0;0;32.76;0;-239.51;0.0;0.03;0.0;3.9
2021;182;273;beauce_5_sa_082;solnu;;0.84;0.0;41.69;-36.25;0.0;10.27;14.78;0.04;0.06;0;0;0;-276.48;0.03;0.01;0.0;0.84
2021;274;365;beauce_5_sa_082;orgeh;orgeH_tousSols_nonirr_organique;2.86;0.0;15.42;-3.91;7.24;14.81;16.18;0.01;0.0;0;3.62;0;-41.95;0.0;0.01;0.0;2.86
2021;1;202;beauce_5_sa_083;orgeh;orgeH_tousSols_nonirr_organique;5.82;0.0;47.35;9.73;51.53;19.1;20.07;0.04;0.0;0;27.86;0;-243.36;0.0;0.03;0.0;5.82
2021;203;284;beauce_5_sa_083;solnu;;0.98;0.0;35.25;-7.44;0.0;20.07;46.8;0.04;0.06;0;0;0;-249.57;0.03;0.02;0.0;0.98
2021;285;365;beauce_5_sa_083;orgeh;orgeH_tousSols_nonirr_organique;3.05;0.0;12.19;-34.67;7.79;47.09;13.48;0.01;0.0;0;3.89;0;-47.65;0.01;0.0;0.0;3.05
2021;1;175;beauce_5_sa_084;orgeh;orgeH_tousSols_nonirr_organique;3.22;0.0;35.05;16.71;53.44;16.28;11.93;0.04;0.01;0;30.96;0;-216.06;0.01;0.03;0.0;3.22
2021;176;261;beauce_5_sa_084;solnu;;1.0;0.0;41.05;-34.15;0.0;11.93;17.69;0.05;0.07;0;0;0;-286.0;0.04;0.01;0.0;1.0
2021;262;365;beauce_5_sa_084;orgeh;orgeH_tousSols_nonirr_organique;3.5;0.0;19.76;-6.05;8.24;17.69;19.64;0.01;0.0;0;4.12;0;-68.22;0.0;0.01;0.0;3.5
2021;1;196;beauce_5_sa_085;orgeh;orgeH_tousSols_nonirr_organique;5.21;0.0;44.81;14.58;50.65;16.71;21.57;0.04;0.0;0;27.44;0;-237.67;0.01;0.04;0.0;5.21
2021;197;272;beauce_5_sa_085;solnu;;0.92;0.0;34.31;-7.38;0.0;21.57;47.46;0.05;0.07;0;0;0;-245.7;0.03;0.02;0.0;0.92
2021;273;365;beauce_5_sa_085;orgeh;orgeH_tousSols_nonirr_organique;3.36;0.0;15.57;-34.84;9.0;47.82;15.82;0.0;0.0;0;4.5;0;-62.03;0.0;0.0;0.0;3.36
2021;1;186;beauce_5_sa_086;orgeh;orgeH_tousSols_nonirr_organique;5.87;0.0;40.23;7.21;51.43;19.22;10.63;0.03;0.0;0;27.81;0;-194.9;0.0;0.03;0.0;5.87
2021;187;284;beauce_5_sa_086;solnu;;0.93;0.0;42.15;-4.24;0.0;10.63;47.5;0.05;0.05;0;0;0;-292.05;0.02;0.02;0.0;0.93
2021;285;365;beauce_5_sa_086;orgeh;orgeH_tousSols_nonirr_organique;2.9;0.0;12.2;-34.85;9.03;47.79;12.91;0.01;0.0;0;4.51;0;-50.01;0.01;0.0;0.0;2.9
2021;1;225;beauce_5_sa_087;orgeh;orgeH_tousSols_nonirr_organique;6.83;0.0;59.17;8.09;53.47;22.14;30.56;0.05;0.0;0;26.74;0;-313.65;0.01;0.04;0.0;6.83
2021;226;313;beauce_5_sa_087;solnu;;1.42;0.0;29.73;-8.86;0.0;30.56;49.88;0.06;0.07;0;0;0;-211.31;0.05;0.01;0.0;1.42
2021;314;365;beauce_5_sa_087;orgeh;orgeH_tousSols_nonirr_organique;4.37;0.0;5.97;-29.21;0.0;49.71;22.26;0.02;0.0;0;0.0;0;-24.84;0.02;0.0;0.0;4.37
2021;1;171;beauce_5_sa_088;orgeh;orgeH_tousSols_nonirr_organique;3.2;0.0;33.28;13.2;52.64;16.0;6.28;0.03;0.0;0;33.0;0;-213.36;0.01;0.03;0.0;3.2
2021;172;268;beauce_5_sa_088;solnu;;0.85;0.0;44.89;-44.66;0.0;6.28;5.72;0.01;0.0;0;0;0;-289.62;0.0;0.01;0.0;0.85
2021;269;365;beauce_5_sa_088;orgeh;orgeH_tousSols_nonirr_organique;1.22;0.0;16.9;2.78;13.28;5.78;10.87;0.02;0.0;0;6.64;0;-48.57;0.01;0.01;0.0;1.22
2021;1;182;beauce_5_sa_089;orgeh;orgeH_tousSols_nonirr_organique;4.9;0.0;38.4;10.21;50.85;17.17;11.09;0.03;0.0;0;28.13;0;-187.62;0.0;0.03;0.0;4.9
2021;183;276;beauce_5_sa_089;solnu;;0.99;0.0;41.64;-4.48;0.0;11.09;47.15;0.05;0.06;0;0;0;-292.09;0.03;0.02;0.0;0.99
2021;277;365;beauce_5_sa_089;orgeh;orgeH_tousSols_nonirr_organique;2.98;0.0;14.32;-35.55;9.76;47.36;13.18;0.0;0.0;0;4.88;0;-61.37;0.0;0.0;0.0;2.98
2021;1;212;beauce_5_sa_090;orgeh;orgeH_tousSols_nonirr_organique;6.63;0.0;53.01;6.84;53.85;21.68;22.49;0.04;0.0;0;26.93;0;-269.34;0.0;0.04;0.0;6.63
2021;213;315;beauce_5_sa_090;solnu;;1.79;0.0;36.27;-6.34;0.0;22.49;50.5;0.08;0.05;0;0;0;-256.74;0.06;0.02;0.0;1.79
2021;316;365;beauce_5_sa_090;orgeh;orgeH_tousSols_nonirr_organique;3.74;0.0;5.53;-30.55;0.0;50.78;21.74;0.01;0.0;0;0.0;0;-24.34;0.01;0.0;0.0;3.74
2021;1;230;beauce_5_sa_091;orgeh;orgeH_tousSols_nonirr_organique;6.2;0.0;61.5;13.0;55.48;20.16;34.3;0.05;0.0;0;27.74;0;-338.85;0.01;0.05;0.0;6.2
2021;231;298;beauce_5_sa_091;solnu;;1.12;0.0;24.57;-36.96;0.0;34.3;20.68;0.04;0.08;0;0;0;-177.91;0.03;0.01;0.0;1.12
2021;299;365;beauce_5_sa_091;orgeh;orgeH_tousSols_nonirr_organique;3.7;0.0;8.89;-9.26;0.0;20.61;16.61;0.0;0.0;0;0.0;0;-23.41;0.0;0.0;0.0;3.7
2021;1;189;beauce_5_sa_092;orgeh;orgeH_tousSols_nonirr_organique;6.62;0.0;41.52;4.59;51.86;21.65;10.73;0.03;0.0;0;25.93;0;-196.82;0.0;0.03;0.0;6.62
2021;190;302;beauce_5_sa_092;solnu;;1.18;0.0;45.02;-2.57;0.0;10.73;51.89;0.06;0.05;0;0;0;-310.0;0.03;0.03;0.0;1.18
2021;303;365;beauce_5_sa_092;orgeh;orgeH_tousSols_nonirr_organique;3.73;0.0;8.15;-32.36;3.61;52.09;20.31;0.03;0.0;0;1.8;0;-34.37;0.03;0.0;0.0;3.73
2021;1;178;beauce_5_sa_093;orgeh;orgeH_tousSols_nonirr_organique;6.89;0.0;36.05;6.48;47.32;24.02;12.75;0.03;0.0;0;23.66;0;-170.86;0.0;0.03;0.0;6.89
2021;179;308;beauce_5_sa_093;solnu;;1.85;0.0;51.0;0.6;0.0;12.75;62.43;0.09;0.06;0;0;0;-356.82;0.05;0.03;0.0;1.85
2021;309;365;beauce_5_sa_093;orgeh;orgeH_tousSols_nonirr_organique;5.11;0.0;7.01;-30.19;2.5;62.76;31.6;0.04;0.01;0;1.25;0;-37.28;0.04;0.0;0.0;5.11
2021;1;204;beauce_5_sa_094;orgeh;orgeH_tousSols_nonirr_organique;4.28;0.0;48.67;20.61;57.16;16.01;24.58;0.05;0.0;0;30.95;0;-305.88;0.01;0.04;0.0;4.28
2021;205;272;beauce_5_sa_094;solnu;;0.84;0.0;31.38;-37.93;0.0;24.58;17.08;0.04;0.07;0;0;0;-217.52;0.03;0.01;0.0;0.84
2021;273;365;beauce_5_sa_094;orgeh;orgeH_tousSols_nonirr_organique;3.31;0.0;16.13;-8.63;4.07;17.08;17.19;0.01;0.0;0;2.04;0;-45.21;0.0;0.01;0.0;3.31
2021;1;178;beauce_5_sa_095;orgeh;orgeH_tousSols_nonirr_organique;5.08;0.0;36.18;7.76;47.91;17.73;8.62;0.03;0.0;0;26.79;0;-170.75;0.0;0.03;0.0;5.08
2021;179;280;beauce_5_sa_095;solnu;;1.02;0.0;44.85;-3.34;0.0;8.62;49.05;0.05;0.06;0;0;0;-311.33;0.03;0.03;0.0;1.02
2021;281;365;beauce_5_sa_095;orgeh;orgeH_tousSols_nonirr_organique;3.04;0.0;13.25;-34.57;11.03;49.31;13.67;0.0;0.0;0;5.51;0;-57.37;0.0;0.0;0.0;3.04
2021;1;227;beauce_5_sa_096;orgeh;orgeH_tousSols_nonirr_organique;6.07;0.0;59.93;13.8;50.94;19.77;37.77;0.05;0.0;0;26.91;0;-334.5;0.01;0.04;0.0;6.07
2021;228;282;beauce_5_sa_096;solnu;;1.0;0.0;22.14;-11.4;0.0;37.77;47.38;0.04;0.08;0;0;0;-163.18;0.03;0.01;0.0;1.0
2021;283;365;beauce_5_sa_096;orgeh;orgeH_tousSols_nonirr_organique;4.06;0.0;12.69;-32.91;5.16;47.66;17.94;0.0;0.0;0;2.58;0;-48.05;0.0;0.0;0.0;4.06
2021;1;226;beauce_5_sa_097;orgeh;orgeH_tousSols_nonirr_organique;5.09;0.0;59.88;17.83;60.68;16.5;29.43;0.05;0.0;0;30.34;0;-345.57;0.01;0.05;0.0;5.09
2021;227;298;beauce_5_sa_097;solnu;;0.99;0.0;26.73;-38.21;0.0;29.43;16.85;0.03;0.07;0;0;0;-179.16;0.03;0.0;0.0;0.99
2021;299;365;beauce_5_sa_097;orgeh;orgeH_tousSols_nonirr_organique;3.08;0.0;8.91;-8.78;0.0;16.85;13.89;0.0;0.0;0;0.0;0;-20.94;0.0;0.0;0.0;3.08
2021;1;226;beauce_5_sa_098;orgeh;orgeH_tousSols_nonirr_organique;4.76;0.0;59.9;21.63;61.78;16.32;32.09;0.06;0.0;0;30.89;0;-366.24;0.01;0.05;0.0;4.76
2021;227;287;beauce_5_sa_098;solnu;;0.78;0.0;24.51;-37.61;0.0;32.09;18.1;0.03;0.08;0;0;0;-158.46;0.03;0.0;0.0;0.78
2021;288;365;beauce_5_sa_098;orgeh;orgeH_tousSols_nonirr_organique;3.44;0.0;11.59;-8.84;0.61;18.1;16.8;0.0;0.0;0;0.3;0;-25.38;0.0;0.0;0.0;3.44
2021;1;218;beauce_5_sa_099;orgeh;orgeH_tousSols_nonirr_organique;4.54;0.0;56.59;27.4;53.04;15.65;42.81;0.08;0.01;0;28.04;0;-361.87;0.03;0.05;0.0;4.54
2021;219;258;beauce_5_sa_099;solnu;;1.24;0.0;18.73;-29.01;0.0;42.81;31.15;0.05;0.1;0;0;0;-143.53;0.05;0.0;0.0;1.24
2021;259;365;beauce_5_sa_099;orgeh;orgeH_tousSols_nonirr_organique;4.99;0.0;20.76;-17.57;5.42;29.22;23.93;0.01;0.0;0;2.71;0;-71.21;0.0;0.01;0.0;4.99
