annee;date;parcelle;exploitation;culture;ITK;OT;nom;temps[h];profondeur[cm];RECOLTE_rendement[t/ha];RECOLTE_risqueEchaudage[%];RECOLTE_impactGel[%];IRRIGATION_dose[mm];IRRIGATION_reelle[mm];FERTI_produit;FERTI_nature;FERTI_annulee;FERTI_doseBrute[kg/ha];FERTI_apportNminTheorique[kg/ha];FERTI_apportNminReel[kg/ha];FERTI_apportNorg_labile[kg/ha];FERTI_apportNorg_recalcitrant[kg/ha];BIOMASSE_export[t/ha];BIOMASSE_aer_restit[t/ha];BIOMASSE_rac_restit[t/ha];N_export[kg/ha];C_export[kg/ha];id_lot;nb_ugb;duree_pature[j];herbe_consommee[kg];recolte_forcee_raison;semis_force_raison;FAUCHE_hauteurCoupe[cm]
2019;302;beauce_5_sa_000;organique_beauce_5;BTH;;SEMIS;semis;0.0;2.2;;;;;;;;;;;;;;;;;;;;;;;;;
2019;290;beauce_5_sa_000;organique_beauce_5;BTH;;TRAVAIL_SOL;une_reprise;0.0;5.9;;;;;;;;;;;;;;;;;;;;;;;;;
2019;279;beauce_5_sa_001;organique_beauce_5;BTH;;SEMIS;semis;0.0;3.6;;;;;;;;;;;;;;;;;;;;;;;;;
2019;243;beauce_5_sa_001;organique_beauce_5;BTH;;TRAVAIL_SOL;travail_sol_1;0.0;5.9;;;;;;;;;;;;;;;;;;;;;;;;;
2019;288;beauce_5_sa_002;organique_beauce_5;BTH;;SEMIS;semis;0.0;3.2;;;;;;;;;;;;;;;;;;;;;;;;;
2019;273;beauce_5_sa_002;organique_beauce_5;BTH;;TRAVAIL_SOL;une_reprise;0.0;12.7;;;;;;;;;;;;;;;;;;;;;;;;;
2019;270;beauce_5_sa_003;organique_beauce_5;BTH;;SEMIS;semis;0.0;2.6;;;;;;;;;;;;;;;;;;;;;;;;;
2019;289;beauce_5_sa_004;organique_beauce_5;BTH;;SEMIS;semis;0.0;3.8;;;;;;;;;;;;;;;;;;;;;;;;;
2019;260;beauce_5_sa_004;organique_beauce_5;BTH;;TRAVAIL_SOL;travail_sol_1;0.0;16.5;;;;;;;;;;;;;;;;;;;;;;;;;
2019;275;beauce_5_sa_005;organique_beauce_5;BTH;;SEMIS;semis;0.0;3.2;;;;;;;;;;;;;;;;;;;;;;;;;
2019;354;beauce_5_sa_005;organique_beauce_5;BTH;;FERTI;;0.0;0.0;;;;;;AN;mineral;N;;78.1;78.1;0.0;0.0;;;;;;;;;;;;
2019;265;beauce_5_sa_005;organique_beauce_5;BTH;;TRAVAIL_SOL;travail_sol_1;0.0;22.9;;;;;;;;;;;;;;;;;;;;;;;;;
2019;272;beauce_5_sa_006;organique_beauce_5;BTH;;SEMIS;semis;0.0;1.8;;;;;;;;;;;;;;;;;;;;;;;;;
2019;248;beauce_5_sa_006;organique_beauce_5;BTH;;TRAVAIL_SOL;une_reprise;0.0;17.6;;;;;;;;;;;;;;;;;;;;;;;;;
2019;299;beauce_5_sa_007;organique_beauce_5;BTH;;SEMIS;semis;0.0;3.0;;;;;;;;;;;;;;;;;;;;;;;;;
2019;318;beauce_5_sa_008;organique_beauce_5;BTH;;SEMIS;semis;0.0;3.6;;;;;;;;;;;;;;;;;;;;;;;;;
2019;313;beauce_5_sa_008;organique_beauce_5;BTH;;TRAVAIL_SOL;travail_sol_1;0.0;3.0;;;;;;;;;;;;;;;;;;;;;;;;;
2019;300;beauce_5_sa_009;organique_beauce_5;BTH;;SEMIS;semis;0.0;3.1;;;;;;;;;;;;;;;;;;;;;;;;;
2019;297;beauce_5_sa_010;organique_beauce_5;BTH;;SEMIS;semis;0.0;3.7;;;;;;;;;;;;;;;;;;;;;;;;;
2019;255;beauce_5_sa_010;organique_beauce_5;BTH;;TRAVAIL_SOL;travail_sol_1;0.0;19.5;;;;;;;;;;;;;;;;;;;;;;;;;
2019;310;beauce_5_sa_011;organique_beauce_5;BTH;;SEMIS;semis;0.0;2.3;;;;;;;;;;;;;;;;;;;;;;;;;
2019;292;beauce_5_sa_012;organique_beauce_5;BTH;;SEMIS;semis;0.0;3.7;;;;;;;;;;;;;;;;;;;;;;;;;
2019;271;beauce_5_sa_012;organique_beauce_5;BTH;;TRAVAIL_SOL;une_reprise;0.0;21.8;;;;;;;;;;;;;;;;;;;;;;;;;
2019;279;beauce_5_sa_013;organique_beauce_5;BTH;;SEMIS;semis;0.0;2.1;;;;;;;;;;;;;;;;;;;;;;;;;
2019;274;beauce_5_sa_013;organique_beauce_5;BTH;;TRAVAIL_SOL;travail_sol_1;0.0;15.3;;;;;;;;;;;;;;;;;;;;;;;;;
2019;292;beauce_5_sa_014;organique_beauce_5;BTH;;SEMIS;semis;0.0;3.9;;;;;;;;;;;;;;;;;;;;;;;;;
2019;279;beauce_5_sa_014;organique_beauce_5;BTH;;TRAVAIL_SOL;travail_sol_1;0.0;7.7;;;;;;;;;;;;;;;;;;;;;;;;;
2019;263;beauce_5_sa_015;organique_beauce_5;BTH;;SEMIS;semis;0.0;2.8;;;;;;;;;;;;;;;;;;;;;;;;;
2019;261;beauce_5_sa_016;organique_beauce_5;BTH;;SEMIS;semis;0.0;2.3;;;;;;;;;;;;;;;;;;;;;;;;;
2019;228;beauce_5_sa_016;organique_beauce_5;BTH;;TRAVAIL_SOL;travail_sol_1;0.0;18.8;;;;;;;;;;;;;;;;;;;;;;;;;
2019;292;beauce_5_sa_017;organique_beauce_5;BTH;;SEMIS;semis;0.0;1.2;;;;;;;;;;;;;;;;;;;;;;;;;
2019;363;beauce_5_sa_017;organique_beauce_5;BTH;;FERTI;;0.0;0.0;;;;;;AN;mineral;N;;80.4;80.4;0.0;0.0;;;;;;;;;;;;
2019;270;beauce_5_sa_018;organique_beauce_5;BTH;;SEMIS;semis;0.0;2.3;;;;;;;;;;;;;;;;;;;;;;;;;
2019;331;beauce_5_sa_018;organique_beauce_5;BTH;;FERTI;;0.0;0.0;;;;;;AN;mineral;N;;67.7;67.7;0.0;0.0;;;;;;;;;;;;
2019;258;beauce_5_sa_018;organique_beauce_5;BTH;;TRAVAIL_SOL;une_reprise;0.0;20.2;;;;;;;;;;;;;;;;;;;;;;;;;
2019;259;beauce_5_sa_019;organique_beauce_5;BTH;;SEMIS;semis;0.0;1.4;;;;;;;;;;;;;;;;;;;;;;;;;
2019;223;beauce_5_sa_019;organique_beauce_5;BTH;;TRAVAIL_SOL;une_reprise;0.0;3.5;;;;;;;;;;;;;;;;;;;;;;;;;
2019;299;beauce_5_sa_020;organique_beauce_5;BTH;;SEMIS;semis;0.0;3.5;;;;;;;;;;;;;;;;;;;;;;;;;
2019;289;beauce_5_sa_020;organique_beauce_5;BTH;;TRAVAIL_SOL;travail_sol_1;0.0;14.5;;;;;;;;;;;;;;;;;;;;;;;;;
2019;318;beauce_5_sa_021;organique_beauce_5;BTH;;SEMIS;semis;0.0;2.3;;;;;;;;;;;;;;;;;;;;;;;;;
2019;279;beauce_5_sa_022;organique_beauce_5;BTH;;SEMIS;semis;0.0;1.9;;;;;;;;;;;;;;;;;;;;;;;;;
2019;310;beauce_5_sa_023;organique_beauce_5;BTH;;SEMIS;semis;0.0;4.0;;;;;;;;;;;;;;;;;;;;;;;;;
2019;289;beauce_5_sa_023;organique_beauce_5;BTH;;TRAVAIL_SOL;travail_sol_1;0.0;3.7;;;;;;;;;;;;;;;;;;;;;;;;;
2019;317;beauce_5_sa_024;organique_beauce_5;BTH;;SEMIS;semis;0.0;1.3;;;;;;;;;;;;;;;;;;;;;;;;;
2019;355;beauce_5_sa_024;organique_beauce_5;BTH;;FERTI;;0.0;0.0;;;;;;AN;mineral;N;;87.9;87.9;0.0;0.0;;;;;;;;;;;;
2019;317;beauce_5_sa_025;organique_beauce_5;BTH;;SEMIS;semis;0.0;2.8;;;;;;;;;;;;;;;;;;;;;;;;;
2019;283;beauce_5_sa_026;organique_beauce_5;BTH;;SEMIS;semis;0.0;3.7;;;;;;;;;;;;;;;;;;;;;;;;;
2019;318;beauce_5_sa_027;organique_beauce_5;BTH;;SEMIS;semis;0.0;1.8;;;;;;;;;;;;;;;;;;;;;;;;;
2019;364;beauce_5_sa_027;organique_beauce_5;BTH;;FERTI;;0.0;0.0;;;;;;AN;mineral;N;;56.1;56.1;0.0;0.0;;;;;;;;;;;;
2019;289;beauce_5_sa_028;organique_beauce_5;BTH;;SEMIS;semis;0.0;1.7;;;;;;;;;;;;;;;;;;;;;;;;;
2019;277;beauce_5_sa_028;organique_beauce_5;BTH;;TRAVAIL_SOL;une_reprise;0.0;19.8;;;;;;;;;;;;;;;;;;;;;;;;;
2019;278;beauce_5_sa_029;organique_beauce_5;BTH;;SEMIS;semis;0.0;3.3;;;;;;;;;;;;;;;;;;;;;;;;;
2019;257;beauce_5_sa_029;organique_beauce_5;BTH;;TRAVAIL_SOL;une_reprise;0.0;12.4;;;;;;;;;;;;;;;;;;;;;;;;;
2019;297;beauce_5_sa_030;organique_beauce_5;BTH;;SEMIS;semis;0.0;1.1;;;;;;;;;;;;;;;;;;;;;;;;;
2019;257;beauce_5_sa_030;organique_beauce_5;BTH;;TRAVAIL_SOL;une_reprise;0.0;24.4;;;;;;;;;;;;;;;;;;;;;;;;;
2019;294;beauce_5_sa_031;organique_beauce_5;BTH;;SEMIS;semis;0.0;2.6;;;;;;;;;;;;;;;;;;;;;;;;;
2019;252;beauce_5_sa_031;organique_beauce_5;BTH;;TRAVAIL_SOL;une_reprise;0.0;10.4;;;;;;;;;;;;;;;;;;;;;;;;;
2019;260;beauce_5_sa_032;organique_beauce_5;BTH;;SEMIS;semis;0.0;1.4;;;;;;;;;;;;;;;;;;;;;;;;;
2019;355;beauce_5_sa_032;organique_beauce_5;BTH;;FERTI;;0.0;0.0;;;;;;AN;mineral;N;;93.9;93.9;0.0;0.0;;;;;;;;;;;;
2019;233;beauce_5_sa_032;organique_beauce_5;BTH;;TRAVAIL_SOL;une_reprise;0.0;3.0;;;;;;;;;;;;;;;;;;;;;;;;;
2019;313;beauce_5_sa_033;organique_beauce_5;BTH;;SEMIS;semis;0.0;1.0;;;;;;;;;;;;;;;;;;;;;;;;;
2019;293;beauce_5_sa_033;organique_beauce_5;BTH;;TRAVAIL_SOL;travail_sol_1;0.0;17.9;;;;;;;;;;;;;;;;;;;;;;;;;
2019;258;beauce_5_sa_034;organique_beauce_5;BTH;;SEMIS;semis;0.0;3.0;;;;;;;;;;;;;;;;;;;;;;;;;
2019;293;beauce_5_sa_035;organique_beauce_5;BTH;;SEMIS;semis;0.0;1.2;;;;;;;;;;;;;;;;;;;;;;;;;
2019;314;beauce_5_sa_036;organique_beauce_5;BTH;;SEMIS;semis;0.0;3.2;;;;;;;;;;;;;;;;;;;;;;;;;
2019;338;beauce_5_sa_036;organique_beauce_5;BTH;;FERTI;;0.0;0.0;;;;;;AN;mineral;N;;40.6;40.6;0.0;0.0;;;;;;;;;;;;
2019;303;beauce_5_sa_036;organique_beauce_5;BTH;;TRAVAIL_SOL;travail_sol_1;0.0;2.8;;;;;;;;;;;;;;;;;;;;;;;;;
2019;302;beauce_5_sa_037;organique_beauce_5;BTH;;SEMIS;semis;0.0;1.7;;;;;;;;;;;;;;;;;;;;;;;;;
2019;298;beauce_5_sa_038;organique_beauce_5;BTH;;SEMIS;semis;0.0;2.8;;;;;;;;;;;;;;;;;;;;;;;;;
2019;275;beauce_5_sa_038;organique_beauce_5;BTH;;TRAVAIL_SOL;une_reprise;0.0;9.2;;;;;;;;;;;;;;;;;;;;;;;;;
2019;296;beauce_5_sa_039;organique_beauce_5;BTH;;SEMIS;semis;0.0;2.8;;;;;;;;;;;;;;;;;;;;;;;;;
2019;271;beauce_5_sa_039;organique_beauce_5;BTH;;TRAVAIL_SOL;travail_sol_1;0.0;13.8;;;;;;;;;;;;;;;;;;;;;;;;;
2019;299;beauce_5_sa_040;organique_beauce_5;BTH;;SEMIS;semis;0.0;1.1;;;;;;;;;;;;;;;;;;;;;;;;;
2019;271;beauce_5_sa_041;organique_beauce_5;BTH;;SEMIS;semis;0.0;1.6;;;;;;;;;;;;;;;;;;;;;;;;;
2019;274;beauce_5_sa_042;organique_beauce_5;BTH;;SEMIS;semis;0.0;2.9;;;;;;;;;;;;;;;;;;;;;;;;;
2019;270;beauce_5_sa_042;organique_beauce_5;BTH;;TRAVAIL_SOL;une_reprise;0.0;2.4;;;;;;;;;;;;;;;;;;;;;;;;;
2019;274;beauce_5_sa_043;organique_beauce_5;BTH;;SEMIS;semis;0.0;2.2;;;;;;;;;;;;;;;;;;;;;;;;;
2019;312;beauce_5_sa_044;organique_beauce_5;BTH;;SEMIS;semis;0.0;3.1;;;;;;;;;;;;;;;;;;;;;;;;;
2019;293;beauce_5_sa_045;organique_beauce_5;BTH;;SEMIS;semis;0.0;3.2;;;;;;;;;;;;;;;;;;;;;;;;;
2019;310;beauce_5_sa_046;organique_beauce_5;BTH;;SEMIS;semis;0.0;2.3;;;;;;;;;;;;;;;;;;;;;;;;;
2019;276;beauce_5_sa_046;organique_beauce_5;BTH;;TRAVAIL_SOL;travail_sol_1;0.0;6.7;;;;;;;;;;;;;;;;;;;;;;;;;
2019;315;beauce_5_sa_047;organique_beauce_5;BTH;;SEMIS;semis;0.0;2.1;;;;;;;;;;;;;;;;;;;;;;;;;
2019;292;beauce_5_sa_048;organique_beauce_5;BTH;;SEMIS;semis;0.0;2.0;;;;;;;;;;;;;;;;;;;;;;;;;
2019;286;beauce_5_sa_048;organique_beauce_5;BTH;;TRAVAIL_SOL;une_reprise;0.0;4.7;;;;;;;;;;;;;;;;;;;;;;;;;
2019;313;beauce_5_sa_049;organique_beauce_5;BTH;;SEMIS;semis;0.0;1.6;;;;;;;;;;;;;;;;;;;;;;;;;
2019;311;beauce_5_sa_050;organique_beauce_5;BTH;;SEMIS;semis;0.0;3.3;;;;;;;;;;;;;;;;;;;;;;;;;
2019;289;beauce_5_sa_050;organique_beauce_5;BTH;;TRAVAIL_SOL;une_reprise;0.0;12.6;;;;;;;;;;;;;;;;;;;;;;;;;
2019;274;beauce_5_sa_051;organique_beauce_5;BTH;;SEMIS;semis;0.0;4.0;;;;;;;;;;;;;;;;;;;;;;;;;
2019;263;beauce_5_sa_051;organique_beauce_5;BTH;;TRAVAIL_SOL;travail_sol_1;0.0;6.7;;;;;;;;;;;;;;;;;;;;;;;;;
2019;308;beauce_5_sa_052;organique_beauce_5;BTH;;SEMIS;semis;0.0;2.1;;;;;;;;;;;;;;;;;;;;;;;;;
2019;276;beauce_5_sa_052;organique_beauce_5;BTH;;TRAVAIL_SOL;une_reprise;0.0;24.9;;;;;;;;;;;;;;;;;;;;;;;;;
2019;269;beauce_5_sa_053;organique_beauce_5;BTH;;SEMIS;semis;0.0;3.2;;;;;;;;;;;;;;;;;;;;;;;;;
2019;249;beauce_5_sa_053;organique_beauce_5;BTH;;TRAVAIL_SOL;une_reprise;0.0;20.0;;;;;;;;;;;;;;;;;;;;;;;;;
2019;274;beauce_5_sa_054;organique_beauce_5;BTH;;SEMIS;semis;0.0;1.5;;;;;;;;;;;;;;;;;;;;;;;;;
2019;277;beauce_5_sa_055;organique_beauce_5;BTH;;SEMIS;semis;0.0;3.6;;;;;;;;;;;;;;;;;;;;;;;;;
2019;272;beauce_5_sa_056;organique_beauce_5;BTH;;SEMIS;semis;0.0;2.2;;;;;;;;;;;;;;;;;;;;;;;;;
2019;272;beauce_5_sa_057;organique_beauce_5;BTH;;SEMIS;semis;0.0;3.0;;;;;;;;;;;;;;;;;;;;;;;;;
2019;263;beauce_5_sa_058;organique_beauce_5;BTH;;SEMIS;semis;0.0;1.3;;;;;;;;;;;;;;;;;;;;;;;;;
2019;357;beauce_5_sa_058;organique_beauce_5;BTH;;FERTI;;0.0;0.0;;;;;;AN;mineral;N;;32.4;32.4;0.0;0.0;;;;;;;;;;;;
2019;255;beauce_5_sa_058;organique_beauce_5;BTH;;TRAVAIL_SOL;une_reprise;0.0;13.8;;;;;;;;;;;;;;;;;;;;;;;;;
2019;300;beauce_5_sa_059;organique_beauce_5;BTH;;SEMIS;semis;0.0;1.0;;;;;;;;;;;;;;;;;;;;;;;;;
2019;306;beauce_5_sa_060;organique_beauce_5;BTH;;SEMIS;semis;0.0;3.5;;;;;;;;;;;;;;;;;;;;;;;;;
2019;261;beauce_5_sa_061;organique_beauce_5;BTH;;SEMIS;semis;0.0;2.8;;;;;;;;;;;;;;;;;;;;;;;;;
2019;245;beauce_5_sa_061;organique_beauce_5;BTH;;TRAVAIL_SOL;une_reprise;0.0;20.3;;;;;;;;;;;;;;;;;;;;;;;;;
2019;291;beauce_5_sa_062;organique_beauce_5;BTH;;SEMIS;semis;0.0;3.6;;;;;;;;;;;;;;;;;;;;;;;;;
2019;262;beauce_5_sa_063;organique_beauce_5;BTH;;SEMIS;semis;0.0;3.7;;;;;;;;;;;;;;;;;;;;;;;;;
2019;275;beauce_5_sa_064;organique_beauce_5;BTH;;SEMIS;semis;0.0;4.0;;;;;;;;;;;;;;;;;;;;;;;;;
2019;313;beauce_5_sa_065;organique_beauce_5;BTH;;SEMIS;semis;0.0;3.8;;;;;;;;;;;;;;;;;;;;;;;;;
2019;282;beauce_5_sa_066;organique_beauce_5;BTH;;SEMIS;semis;0.0;1.9;;;;;;;;;;;;;;;;;;;;;;;;;
2019;244;beauce_5_sa_066;organique_beauce_5;BTH;;TRAVAIL_SOL;travail_sol_1;0.0;2.5;;;;;;;;;;;;;;;;;;;;;;;;;
2019;263;beauce_5_sa_067;organique_beauce_5;BTH;;SEMIS;semis;0.0;3.3;;;;;;;;;;;;;;;;;;;;;;;;;
2019;302;beauce_5_sa_068;organique_beauce_5;BTH;;SEMIS;semis;0.0;2.0;;;;;;;;;;;;;;;;;;;;;;;;;
2019;282;beauce_5_sa_068;organique_beauce_5;BTH;;TRAVAIL_SOL;une_reprise;0.0;8.5;;;;;;;;;;;;;;;;;;;;;;;;;
2019;310;beauce_5_sa_069;organique_beauce_5;BTH;;SEMIS;semis;0.0;1.1;;;;;;;;;;;;;;;;;;;;;;;;;
2019;272;beauce_5_sa_069;organique_beauce_5;BTH;;TRAVAIL_SOL;travail_sol_1;0.0;8.5;;;;;;;;;;;;;;;;;;;;;;;;;
2019;280;beauce_5_sa_070;organique_beauce_5;BTH;;SEMIS;semis;0.0;2.7;;;;;;;;;;;;;;;;;;;;;;;;;
2019;288;beauce_5_sa_071;organique_beauce_5;BTH;;SEMIS;semis;0.0;1.2;;;;;;;;;;;;;;;;;;;;;;;;;
2019;277;beauce_5_sa_071;organique_beauce_5;BTH;;TRAVAIL_SOL;travail_sol_1;0.0;9.3;;;;;;;;;;;;;;;;;;;;;;;;;
2019;294;beauce_5_sa_072;organique_beauce_5;BTH;;SEMIS;semis;0.0;1.1;;;;;;;;;;;;;;;;;;;;;;;;;
2019;252;beauce_5_sa_072;organique_beauce_5;BTH;;TRAVAIL_SOL;une_reprise;0.0;24.5;;;;;;;;;;;;;;;;;;;;;;;;;
2019;271;beauce_5_sa_073;organique_beauce_5;BTH;;SEMIS;semis;0.0;4.0;;;;;;;;;;;;;;;;;;;;;;;;;
2019;266;beauce_5_sa_074;organique_beauce_5;BTH;;SEMIS;semis;0.0;2.0;;;;;;;;;;;;;;;;;;;;;;;;;
2019;349;beauce_5_sa_074;organique_beauce_5;BTH;;FERTI;;0.0;0.0;;;;;;AN;mineral;N;;69.9;69.9;0.0;0.0;;;;;;;;;;;;
2019;232;beauce_5_sa_074;organique_beauce_5;BTH;;TRAVAIL_SOL;une_reprise;0.0;24.4;;;;;;;;;;;;;;;;;;;;;;;;;
2019;272;beauce_5_sa_075;organique_beauce_5;BTH;;SEMIS;semis;0.0;1.7;;;;;;;;;;;;;;;;;;;;;;;;;
2019;302;beauce_5_sa_076;organique_beauce_5;BTH;;SEMIS;semis;0.0;3.0;;;;;;;;;;;;;;;;;;;;;;;;;
2019;293;beauce_5_sa_076;organique_beauce_5;BTH;;TRAVAIL_SOL;travail_sol_1;0.0;17.8;;;;;;;;;;;;;;;;;;;;;;;;;
2019;295;beauce_5_sa_077;organique_beauce_5;BTH;;SEMIS;semis;0.0;2.0;;;;;;;;;;;;;;;;;;;;;;;;;
2019;303;beauce_5_sa_078;organique_beauce_5;BTH;;SEMIS;semis;0.0;2.6;;;;;;;;;;;;;;;;;;;;;;;;;
2019;267;beauce_5_sa_078;organique_beauce_5;BTH;;TRAVAIL_SOL;travail_sol_1;0.0;1.9;;;;;;;;;;;;;;;;;;;;;;;;;
2019;291;beauce_5_sa_079;organique_beauce_5;BTH;;SEMIS;semis;0.0;3.1;;;;;;;;;;;;;;;;;;;;;;;;;
2019;251;beauce_5_sa_079;organique_beauce_5;BTH;;TRAVAIL_SOL;travail_sol_1;0.0;8.1;;;;;;;;;;;;;;;;;;;;;;;;;
2019;287;beauce_5_sa_080;organique_beauce_5;BTH;;SEMIS;semis;0.0;1.9;;;;;;;;;;;;;;;;;;;;;;;;;
2019;321;beauce_5_sa_080;organique_beauce_5;BTH;;FERTI;;0.0;0.0;;;;;;AN;mineral;N;;75.2;75.2;0.0;0.0;;;;;;;;;;;;
2019;248;beauce_5_sa_080;organique_beauce_5;BTH;;TRAVAIL_SOL;une_reprise;0.0;8.0;;;;;;;;;;;;;;;;;;;;;;;;;
2019;307;beauce_5_sa_081;organique_beauce_5;BTH;;SEMIS;semis;0.0;2.9;;;;;;;;;;;;;;;;;;;;;;;;;
2019;269;beauce_5_sa_081;organique_beauce_5;BTH;;TRAVAIL_SOL;une_reprise;0.0;19.7;;;;;;;;;;;;;;;;;;;;;;;;;
2019;280;beauce_5_sa_082;organique_beauce_5;BTH;;SEMIS;semis;0.0;1.1;;;;;;;;;;;;;;;;;;;;;;;;;
2019;267;beauce_5_sa_082;organique_beauce_5;BTH;;TRAVAIL_SOL;travail_sol_1;0.0;8.6;;;;;;;;;;;;;;;;;;;;;;;;;
2019;277;beauce_5_sa_083;organique_beauce_5;BTH;;SEMIS;semis;0.0;3.1;;;;;;;;;;;;;;;;;;;;;;;;;
2019;302;beauce_5_sa_084;organique_beauce_5;BTH;;SEMIS;semis;0.0;1.9;;;;;;;;;;;;;;;;;;;;;;;;;
2019;315;beauce_5_sa_085;organique_beauce_5;BTH;;SEMIS;semis;0.0;4.0;;;;;;;;;;;;;;;;;;;;;;;;;
2019;291;beauce_5_sa_086;organique_beauce_5;BTH;;SEMIS;semis;0.0;2.5;;;;;;;;;;;;;;;;;;;;;;;;;
2019;262;beauce_5_sa_086;organique_beauce_5;BTH;;TRAVAIL_SOL;travail_sol_1;0.0;4.3;;;;;;;;;;;;;;;;;;;;;;;;;
2019;313;beauce_5_sa_087;organique_beauce_5;BTH;;SEMIS;semis;0.0;2.9;;;;;;;;;;;;;;;;;;;;;;;;;
2019;333;beauce_5_sa_087;organique_beauce_5;BTH;;FERTI;;0.0;0.0;;;;;;AN;mineral;N;;14.0;14.0;0.0;0.0;;;;;;;;;;;;
2019;313;beauce_5_sa_088;organique_beauce_5;BTH;;SEMIS;semis;0.0;2.6;;;;;;;;;;;;;;;;;;;;;;;;;
2019;301;beauce_5_sa_088;organique_beauce_5;BTH;;TRAVAIL_SOL;une_reprise;0.0;2.7;;;;;;;;;;;;;;;;;;;;;;;;;
2019;271;beauce_5_sa_089;organique_beauce_5;BTH;;SEMIS;semis;0.0;2.9;;;;;;;;;;;;;;;;;;;;;;;;;
2019;263;beauce_5_sa_090;organique_beauce_5;BTH;;SEMIS;semis;0.0;1.1;;;;;;;;;;;;;;;;;;;;;;;;;
2019;299;beauce_5_sa_091;organique_beauce_5;BTH;;SEMIS;semis;0.0;3.0;;;;;;;;;;;;;;;;;;;;;;;;;
2019;278;beauce_5_sa_092;organique_beauce_5;BTH;;SEMIS;semis;0.0;3.6;;;;;;;;;;;;;;;;;;;;;;;;;
2019;241;beauce_5_sa_092;organique_beauce_5;BTH;;TRAVAIL_SOL;une_reprise;0.0;7.4;;;;;;;;;;;;;;;;;;;;;;;;;
2019;265;beauce_5_sa_093;organique_beauce_5;BTH;;SEMIS;semis;0.0;1.4;;;;;;;;;;;;;;;;;;;;;;;;;
2019;277;beauce_5_sa_094;organique_beauce_5;BTH;;SEMIS;semis;0.0;1.0;;;;;;;;;;;;;;;;;;;;;;;;;
2019;354;beauce_5_sa_094;organique_beauce_5;BTH;;FERTI;;0.0;0.0;;;;;;AN;mineral;N;;78.9;78.9;0.0;0.0;;;;;;;;;;;;
2019;265;beauce_5_sa_094;organique_beauce_5;BTH;;TRAVAIL_SOL;une_reprise;0.0;16.3;;;;;;;;;;;;;;;;;;;;;;;;;
2019;316;beauce_5_sa_095;organique_beauce_5;BTH;;SEMIS;semis;0.0;2.1;;;;;;;;;;;;;;;;;;;;;;;;;
2019;264;beauce_5_sa_096;organique_beauce_5;BTH;;SEMIS;semis;0.0;2.1;;;;;;;;;;;;;;;;;;;;;;;;;
2019;239;beauce_5_sa_096;organique_beauce_5;BTH;;TRAVAIL_SOL;travail_sol_1;0.0;17.8;;;;;;;;;;;;;;;;;;;;;;;;;
2019;259;beauce_5_sa_097;organique_beauce_5;BTH;;SEMIS;semis;0.0;3.4;;;;;;;;;;;;;;;;;;;;;;;;;
2019;270;beauce_5_sa_098;organique_beauce_5;BTH;;SEMIS;semis;0.0;2.5;;;;;;;;;;;;;;;;;;;;;;;;;
2019;265;beauce_5_sa_098;organique_beauce_5;BTH;;TRAVAIL_SOL;une_reprise;0.0;1.2;;;;;;;;;;;;;;;;;;;;;;;;;
2019;282;beauce_5_sa_099;organique_beauce_5;BTH;;SEMIS;semis;0.0;3.0;;;;;;;;;;;;;;;;;;;;;;;;;
2019;356;beauce_5_sa_099;organique_beauce_5;BTH;;FERTI;;0.0;0.0;;;;;;AN;mineral;N;;67.7;67.7;0.0;0.0;;;;;;;;;;;;
2019;268;beauce_5_sa_099;organique_beauce_5;BTH;;TRAVAIL_SOL;une_reprise;0.0;15.2;;;;;;;;;;;;;;;;;;;;;;;;;
2020;213;beauce_5_sa_000;organique_beauce_5;BTH;;RECOLTE;;0.0;0.0;8.12;;;;;;;;;;;;;0.0;7.18;3.0;;;;;;;;;
2020;303;beauce_5_sa_000;organique_beauce_5;BTH;;SEMIS;semis;0.0;2.2;;;;;;;;;;;;;;;;;;;;;;;;;
2020;24;beauce_5_sa_000;organique_beauce_5;BTH;;FERTI;;0.0;0.0;;;;;;AN;mineral;N;;19.1;19.1;0.0;0.0;;;;;;;;;;;;
2020;291;beauce_5_sa_000;organique_beauce_5;BTH;;TRAVAIL_SOL;une_reprise;0.0;5.9;;;;;;;;;;;;;;;;;;;;;;;;;
2020;202;beauce_5_sa_001;organique_beauce_5;BTH;;RECOLTE;;0.0;0.0;7.52;;;;;;;;;;;;;0.0;6.65;3.0;;;;;;;;;
2020;280;beauce_5_sa_001;organique_beauce_5;BTH;;SEMIS;semis;0.0;3.6;;;;;;;;;;;;;;;;;;;;;;;;;
2020;244;beauce_5_sa_001;organique_beauce_5;BTH;;TRAVAIL_SOL;travail_sol_1;0.0;5.9;;;;;;;;;;;;;;;;;;;;;;;;;
2020;200;beauce_5_sa_002;organique_beauce_5;BTH;;RECOLTE;;0.0;0.0;7.52;;;;;;;;;;;;;0.0;6.65;3.0;;;;;;;;;
2020;289;beauce_5_sa_002;organique_beauce_5;BTH;;SEMIS;semis;0.0;3.2;;;;;;;;;;;;;;;;;;;;;;;;;
2020;274;beauce_5_sa_002;organique_beauce_5;BTH;;TRAVAIL_SOL;une_reprise;0.0;12.7;;;;;;;;;;;;;;;;;;;;;;;;;
2020;206;beauce_5_sa_003;organique_beauce_5;BTH;;RECOLTE;;0.0;0.0;7.56;;;;;;;;;;;;;0.0;6.69;3.0;;;;;;;;;
2020;271;beauce_5_sa_003;organique_beauce_5;BTH;;SEMIS;semis;0.0;2.6;;;;;;;;;;;;;;;;;;;;;;;;;
2020;196;beauce_5_sa_004;organique_beauce_5;BTH;;RECOLTE;;0.0;0.0;7.55;;;;;;;;;;;;;0.0;6.68;3.0;;;;;;;;;
2020;290;beauce_5_sa_004;organique_beauce_5;BTH;;SEMIS;semis;0.0;3.8;;;;;;;;;;;;;;;;;;;;;;;;;
2020;261;beauce_5_sa_004;organique_beauce_5;BTH;;TRAVAIL_SOL;travail_sol_1;0.0;16.5;;;;;;;;;;;;;;;;;;;;;;;;;
2020;182;beauce_5_sa_005;organique_beauce_5;BTH;;RECOLTE;;0.0;0.0;8.98;;;;;;;;;;;;;0.0;7.95;3.0;;;;;;;;;
2020;276;beauce_5_sa_005;organique_beauce_5;BTH;;SEMIS;semis;0.0;3.2;;;;;;;;;;;;;;;;;;;;;;;;;
2020;355;beauce_5_sa_005;organique_beauce_5;BTH;;FERTI;;0.0;0.0;;;;;;AN;mineral;N;;78.1;78.1;0.0;0.0;;;;;;;;;;;;
2020;266;beauce_5_sa_005;organique_beauce_5;BTH;;TRAVAIL_SOL;travail_sol_1;0.0;22.9;;;;;;;;;;;;;;;;;;;;;;;;;
2020;221;beauce_5_sa_006;organique_beauce_5;BTH;;RECOLTE;;0.0;0.0;9.0;;;;;;;;;;;;;0.0;7.96;3.0;;;;;;;;;
2020;273;beauce_5_sa_006;organique_beauce_5;BTH;;SEMIS;semis;0.0;1.8;;;;;;;;;;;;;;;;;;;;;;;;;
2020;60;beauce_5_sa_006;organique_beauce_5;BTH;;FERTI;;0.0;0.0;;;;;;AN;mineral;N;;99.3;99.3;0.0;0.0;;;;;;;;;;;;
2020;92;beauce_5_sa_006;organique_beauce_5;BTH;;FERTI;;0.0;0.0;;;;;;AN;mineral;N;;90.0;90.0;0.0;0.0;;;;;;;;;;;;
2020;135;beauce_5_sa_006;organique_beauce_5;BTH;;FERTI;;0.0;0.0;;;;;;AN;mineral;N;;44.5;44.5;0.0;0.0;;;;;;;;;;;;
2020;249;beauce_5_sa_006;organique_beauce_5;BTH;;TRAVAIL_SOL;une_reprise;0.0;17.6;;;;;;;;;;;;;;;;;;;;;;;;;
2020;230;beauce_5_sa_007;organique_beauce_5;BTH;;RECOLTE;;0.0;0.0;7.51;;;;;;;;;;;;;0.0;6.64;3.0;;;;;;;;;
2020;300;beauce_5_sa_007;organique_beauce_5;BTH;;SEMIS;semis;0.0;3.0;;;;;;;;;;;;;;;;;;;;;;;;;
2020;196;beauce_5_sa_008;organique_beauce_5;BTH;;RECOLTE;;0.0;0.0;8.95;;;;;;;;;;;;;0.0;7.92;3.0;;;;;;;;;
2020;319;beauce_5_sa_008;organique_beauce_5;BTH;;SEMIS;semis;0.0;3.6;;;;;;;;;;;;;;;;;;;;;;;;;
2020;8;beauce_5_sa_008;organique_beauce_5;BTH;;FERTI;;0.0;0.0;;;;;;AN;mineral;N;;47.9;47.9;0.0;0.0;;;;;;;;;;;;
2020;65;beauce_5_sa_008;organique_beauce_5;BTH;;FERTI;;0.0;0.0;;;;;;AN;mineral;N;;72.3;72.3;0.0;0.0;;;;;;;;;;;;
2020;136;beauce_5_sa_008;organique_beauce_5;BTH;;FERTI;;0.0;0.0;;;;;;AN;mineral;N;;67.1;67.1;0.0;0.0;;;;;;;;;;;;
2020;314;beauce_5_sa_008;organique_beauce_5;BTH;;TRAVAIL_SOL;travail_sol_1;0.0;3.0;;;;;;;;;;;;;;;;;;;;;;;;;
2020;193;beauce_5_sa_009;organique_beauce_5;BTH;;RECOLTE;;0.0;0.0;7.5;;;;;;;;;;;;;0.0;6.64;3.0;;;;;;;;;
2020;301;beauce_5_sa_009;organique_beauce_5;BTH;;SEMIS;semis;0.0;3.1;;;;;;;;;;;;;;;;;;;;;;;;;
2020;206;beauce_5_sa_010;organique_beauce_5;BTH;;RECOLTE;;0.0;0.0;7.52;;;;;;;;;;;;;0.0;6.66;3.0;;;;;;;;;
2020;298;beauce_5_sa_010;organique_beauce_5;BTH;;SEMIS;semis;0.0;3.7;;;;;;;;;;;;;;;;;;;;;;;;;
2020;256;beauce_5_sa_010;organique_beauce_5;BTH;;TRAVAIL_SOL;travail_sol_1;0.0;19.5;;;;;;;;;;;;;;;;;;;;;;;;;
2020;222;beauce_5_sa_011;organique_beauce_5;BTH;;RECOLTE;;0.0;0.0;8.44;;;;;;;;;;;;;0.0;7.47;3.0;;;;;;;;;
2020;311;beauce_5_sa_011;organique_beauce_5;BTH;;SEMIS;semis;0.0;2.3;;;;;;;;;;;;;;;;;;;;;;;;;
2020;150;beauce_5_sa_011;organique_beauce_5;BTH;;FERTI;;0.0;0.0;;;;;;AN;mineral;N;;81.4;81.4;0.0;0.0;;;;;;;;;;;;
2020;181;beauce_5_sa_012;organique_beauce_5;BTH;;RECOLTE;;0.0;0.0;7.83;;;;;;;;;;;;;0.0;6.93;3.0;;;;;;;;;
2020;293;beauce_5_sa_012;organique_beauce_5;BTH;;SEMIS;semis;0.0;3.7;;;;;;;;;;;;;;;;;;;;;;;;;
2020;100;beauce_5_sa_012;organique_beauce_5;BTH;;FERTI;;0.0;0.0;;;;;;AN;mineral;N;;13.5;13.5;0.0;0.0;;;;;;;;;;;;
2020;167;beauce_5_sa_012;organique_beauce_5;BTH;;FERTI;;0.0;0.0;;;;;;AN;mineral;N;;48.0;48.0;0.0;0.0;;;;;;;;;;;;
2020;168;beauce_5_sa_012;organique_beauce_5;BTH;;FERTI;;0.0;0.0;;;;;;AN;mineral;N;;49.7;49.7;0.0;0.0;;;;;;;;;;;;
2020;272;beauce_5_sa_012;organique_beauce_5;BTH;;TRAVAIL_SOL;une_reprise;0.0;21.8;;;;;;;;;;;;;;;;;;;;;;;;;
2020;224;beauce_5_sa_013;organique_beauce_5;BTH;;RECOLTE;;0.0;0.0;7.53;;;;;;;;;;;;;0.0;6.66;3.0;;;;;;;;;
2020;280;beauce_5_sa_013;organique_beauce_5;BTH;;SEMIS;semis;0.0;2.1;;;;;;;;;;;;;;;;;;;;;;;;;
2020;275;beauce_5_sa_013;organique_beauce_5;BTH;;TRAVAIL_SOL;travail_sol_1;0.0;15.3;;;;;;;;;;;;;;;;;;;;;;;;;
2020;219;beauce_5_sa_014;organique_beauce_5;BTH;;RECOLTE;;0.0;0.0;9.0;;;;;;;;;;;;;0.0;7.96;3.0;;;;;;;;;
2020;293;beauce_5_sa_014;organique_beauce_5;BTH;;SEMIS;semis;0.0;3.9;;;;;;;;;;;;;;;;;;;;;;;;;
2020;34;beauce_5_sa_014;organique_beauce_5;BTH;;FERTI;;0.0;0.0;;;;;;AN;mineral;N;;88.0;88.0;0.0;0.0;;;;;;;;;;;;
2020;280;beauce_5_sa_014;organique_beauce_5;BTH;;TRAVAIL_SOL;travail_sol_1;0.0;7.7;;;;;;;;;;;;;;;;;;;;;;;;;
2020;217;beauce_5_sa_015;organique_beauce_5;BTH;;RECOLTE;;0.0;0.0;8.38;;;;;;;;;;;;;0.0;7.41;3.0;;;;;;;;;
2020;264;beauce_5_sa_015;organique_beauce_5;BTH;;SEMIS;semis;0.0;2.8;;;;;;;;;;;;;;;;;;;;;;;;;
2020;15;beauce_5_sa_015;organique_beauce_5;BTH;;FERTI;;0.0;0.0;;;;;;AN;mineral;N;;28.4;28.4;0.0;0.0;;;;;;;;;;;;
2020;186;beauce_5_sa_016;organique_beauce_5;BTH;;RECOLTE;;0.0;0.0;8.11;;;;;;;;;;;;;0.0;7.17;3.0;;;;;;;;;
2020;262;beauce_5_sa_016;organique_beauce_5;BTH;;SEMIS;semis;0.0;2.3;;;;;;;;;;;;;;;;;;;;;;;;;
2020;73;beauce_5_sa_016;organique_beauce_5;BTH;;FERTI;;0.0;0.0;;;;;;AN;mineral;N;;14.7;14.7;0.0;0.0;;;;;;;;;;;;
2020;158;beauce_5_sa_016;organique_beauce_5;BTH;;FERTI;;0.0;0.0;;;;;;AN;mineral;N;;73.5;73.5;0.0;0.0;;;;;;;;;;;;
2020;229;beauce_5_sa_016;organique_beauce_5;BTH;;TRAVAIL_SOL;travail_sol_1;0.0;18.8;;;;;;;;;;;;;;;;;;;;;;;;;
2020;188;beauce_5_sa_017;organique_beauce_5;BTH;;RECOLTE;;0.0;0.0;9.0;;;;;;;;;;;;;0.0;7.96;3.0;;;;;;;;;
2020;293;beauce_5_sa_017;organique_beauce_5;BTH;;SEMIS;semis;0.0;1.2;;;;;;;;;;;;;;;;;;;;;;;;;
2020;148;beauce_5_sa_017;organique_beauce_5;BTH;;FERTI;;0.0;0.0;;;;;;AN;mineral;N;;68.4;68.4;0.0;0.0;;;;;;;;;;;;
2020;149;beauce_5_sa_017;organique_beauce_5;BTH;;FERTI;;0.0;0.0;;;;;;AN;mineral;N;;57.9;57.9;0.0;0.0;;;;;;;;;;;;
2020;364;beauce_5_sa_017;organique_beauce_5;BTH;;FERTI;;0.0;0.0;;;;;;AN;mineral;N;;80.4;80.4;0.0;0.0;;;;;;;;;;;;
2020;215;beauce_5_sa_018;organique_beauce_5;BTH;;RECOLTE;;0.0;0.0;9.0;;;;;;;;;;;;;0.0;7.96;3.0;;;;;;;;;
2020;271;beauce_5_sa_018;organique_beauce_5;BTH;;SEMIS;semis;0.0;2.3;;;;;;;;;;;;;;;;;;;;;;;;;
2020;122;beauce_5_sa_018;organique_beauce_5;BTH;;FERTI;;0.0;0.0;;;;;;AN;mineral;N;;36.9;36.9;0.0;0.0;;;;;;;;;;;;
2020;126;beauce_5_sa_018;organique_beauce_5;BTH;;FERTI;;0.0;0.0;;;;;;AN;mineral;N;;86.8;86.8;0.0;0.0;;;;;;;;;;;;
2020;332;beauce_5_sa_018;organique_beauce_5;BTH;;FERTI;;0.0;0.0;;;;;;AN;mineral;N;;67.7;67.7;0.0;0.0;;;;;;;;;;;;
2020;259;beauce_5_sa_018;organique_beauce_5;BTH;;TRAVAIL_SOL;une_reprise;0.0;20.2;;;;;;;;;;;;;;;;;;;;;;;;;
2020;193;beauce_5_sa_019;organique_beauce_5;BTH;;RECOLTE;;0.0;0.0;7.41;;;;;;;;;;;;;0.0;6.56;3.0;;;;;;;;;
2020;260;beauce_5_sa_019;organique_beauce_5;BTH;;SEMIS;semis;0.0;1.4;;;;;;;;;;;;;;;;;;;;;;;;;
2020;169;beauce_5_sa_019;organique_beauce_5;BTH;;FERTI;;0.0;0.0;;;;;;AN;mineral;N;;87.6;87.6;0.0;0.0;;;;;;;;;;;;
2020;170;beauce_5_sa_019;organique_beauce_5;BTH;;FERTI;;0.0;0.0;;;;;;AN;mineral;N;;44.9;44.9;0.0;0.0;;;;;;;;;;;;
2020;224;beauce_5_sa_019;organique_beauce_5;BTH;;TRAVAIL_SOL;une_reprise;0.0;3.5;;;;;;;;;;;;;;;;;;;;;;;;;
2020;207;beauce_5_sa_020;organique_beauce_5;BTH;;RECOLTE;;0.0;0.0;8.96;;;;;;;;;;;;;0.0;7.92;3.0;;;;;;;;;
2020;300;beauce_5_sa_020;organique_beauce_5;BTH;;SEMIS;semis;0.0;3.5;;;;;;;;;;;;;;;;;;;;;;;;;
2020;22;beauce_5_sa_020;organique_beauce_5;BTH;;FERTI;;0.0;0.0;;;;;;AN;mineral;N;;38.2;38.2;0.0;0.0;;;;;;;;;;;;
2020;144;beauce_5_sa_020;organique_beauce_5;BTH;;FERTI;;0.0;0.0;;;;;;AN;mineral;N;;47.6;47.6;0.0;0.0;;;;;;;;;;;;
2020;290;beauce_5_sa_020;organique_beauce_5;BTH;;TRAVAIL_SOL;travail_sol_1;0.0;14.5;;;;;;;;;;;;;;;;;;;;;;;;;
2020;227;beauce_5_sa_021;organique_beauce_5;BTH;;RECOLTE;;0.0;0.0;7.55;;;;;;;;;;;;;0.0;6.68;3.0;;;;;;;;;
2020;319;beauce_5_sa_021;organique_beauce_5;BTH;;SEMIS;semis;0.0;2.3;;;;;;;;;;;;;;;;;;;;;;;;;
2020;190;beauce_5_sa_022;organique_beauce_5;BTH;;RECOLTE;;0.0;0.0;8.38;;;;;;;;;;;;;0.0;7.41;3.0;;;;;;;;;
2020;280;beauce_5_sa_022;organique_beauce_5;BTH;;SEMIS;semis;0.0;1.9;;;;;;;;;;;;;;;;;;;;;;;;;
2020;137;beauce_5_sa_022;organique_beauce_5;BTH;;FERTI;;0.0;0.0;;;;;;AN;mineral;N;;65.2;65.2;0.0;0.0;;;;;;;;;;;;
2020;171;beauce_5_sa_023;organique_beauce_5;BTH;;RECOLTE;;0.0;0.0;8.97;;;;;;;;;;;;;0.0;7.94;3.0;;;;;;;;;
2020;311;beauce_5_sa_023;organique_beauce_5;BTH;;SEMIS;semis;0.0;4.0;;;;;;;;;;;;;;;;;;;;;;;;;
2020;33;beauce_5_sa_023;organique_beauce_5;BTH;;FERTI;;0.0;0.0;;;;;;AN;mineral;N;;47.8;47.8;0.0;0.0;;;;;;;;;;;;
2020;129;beauce_5_sa_023;organique_beauce_5;BTH;;FERTI;;0.0;0.0;;;;;;AN;mineral;N;;83.4;83.4;0.0;0.0;;;;;;;;;;;;
2020;155;beauce_5_sa_023;organique_beauce_5;BTH;;FERTI;;0.0;0.0;;;;;;AN;mineral;N;;48.9;48.9;0.0;0.0;;;;;;;;;;;;
2020;290;beauce_5_sa_023;organique_beauce_5;BTH;;TRAVAIL_SOL;travail_sol_1;0.0;3.7;;;;;;;;;;;;;;;;;;;;;;;;;
2020;179;beauce_5_sa_024;organique_beauce_5;BTH;;RECOLTE;;0.0;0.0;9.0;;;;;;;;;;;;;0.0;7.96;3.0;;;;;;;;;
2020;318;beauce_5_sa_024;organique_beauce_5;BTH;;SEMIS;semis;0.0;1.3;;;;;;;;;;;;;;;;;;;;;;;;;
2020;153;beauce_5_sa_024;organique_beauce_5;BTH;;FERTI;;0.0;0.0;;;;;;AN;mineral;N;;76.2;76.2;0.0;0.0;;;;;;;;;;;;
2020;356;beauce_5_sa_024;organique_beauce_5;BTH;;FERTI;;0.0;0.0;;;;;;AN;mineral;N;;87.9;87.9;0.0;0.0;;;;;;;;;;;;
2020;196;beauce_5_sa_025;organique_beauce_5;BTH;;RECOLTE;;0.0;0.0;7.5;;;;;;;;;;;;;0.0;6.63;3.0;;;;;;;;;
2020;318;beauce_5_sa_025;organique_beauce_5;BTH;;SEMIS;semis;0.0;2.8;;;;;;;;;;;;;;;;;;;;;;;;;
2020;183;beauce_5_sa_026;organique_beauce_5;BTH;;RECOLTE;;0.0;0.0;7.52;;;;;;;;;;;;;0.0;6.65;3.0;;;;;;;;;
2020;284;beauce_5_sa_026;organique_beauce_5;BTH;;SEMIS;semis;0.0;3.7;;;;;;;;;;;;;;;;;;;;;;;;;
2020;205;beauce_5_sa_027;organique_beauce_5;BTH;;RECOLTE;;0.0;0.0;8.95;;;;;;;;;;;;;0.0;7.92;3.0;;;;;;;;;
2020;319;beauce_5_sa_027;organique_beauce_5;BTH;;SEMIS;semis;0.0;1.8;;;;;;;;;;;;;;;;;;;;;;;;;
2020;74;beauce_5_sa_027;organique_beauce_5;BTH;;FERTI;;0.0;0.0;;;;;;AN;mineral;N;;62.0;62.0;0.0;0.0;;;;;;;;;;;;
2020;135;beauce_5_sa_027;organique_beauce_5;BTH;;FERTI;;0.0;0.0;;;;;;AN;mineral;N;;89.0;89.0;0.0;0.0;;;;;;;;;;;;
2020;365;beauce_5_sa_027;organique_beauce_5;BTH;;FERTI;;0.0;0.0;;;;;;AN;mineral;N;;56.1;56.1;0.0;0.0;;;;;;;;;;;;
2020;201;beauce_5_sa_028;organique_beauce_5;BTH;;RECOLTE;;0.0;0.0;8.96;;;;;;;;;;;;;0.0;7.92;3.0;;;;;;;;;
2020;290;beauce_5_sa_028;organique_beauce_5;BTH;;SEMIS;semis;0.0;1.7;;;;;;;;;;;;;;;;;;;;;;;;;
2020;107;beauce_5_sa_028;organique_beauce_5;BTH;;FERTI;;0.0;0.0;;;;;;AN;mineral;N;;28.6;28.6;0.0;0.0;;;;;;;;;;;;
2020;114;beauce_5_sa_028;organique_beauce_5;BTH;;FERTI;;0.0;0.0;;;;;;AN;mineral;N;;34.7;34.7;0.0;0.0;;;;;;;;;;;;
2020;278;beauce_5_sa_028;organique_beauce_5;BTH;;TRAVAIL_SOL;une_reprise;0.0;19.8;;;;;;;;;;;;;;;;;;;;;;;;;
2020;230;beauce_5_sa_029;organique_beauce_5;BTH;;RECOLTE;;0.0;0.0;8.69;;;;;;;;;;;;;0.0;7.68;3.0;;;;;;;;;
2020;279;beauce_5_sa_029;organique_beauce_5;BTH;;SEMIS;semis;0.0;3.3;;;;;;;;;;;;;;;;;;;;;;;;;
2020;117;beauce_5_sa_029;organique_beauce_5;BTH;;FERTI;;0.0;0.0;;;;;;AN;mineral;N;;24.7;24.7;0.0;0.0;;;;;;;;;;;;
2020;150;beauce_5_sa_029;organique_beauce_5;BTH;;FERTI;;0.0;0.0;;;;;;AN;mineral;N;;82.3;82.3;0.0;0.0;;;;;;;;;;;;
2020;169;beauce_5_sa_029;organique_beauce_5;BTH;;FERTI;;0.0;0.0;;;;;;AN;mineral;N;;10.6;10.6;0.0;0.0;;;;;;;;;;;;
2020;258;beauce_5_sa_029;organique_beauce_5;BTH;;TRAVAIL_SOL;une_reprise;0.0;12.4;;;;;;;;;;;;;;;;;;;;;;;;;
2020;219;beauce_5_sa_030;organique_beauce_5;BTH;;RECOLTE;;0.0;0.0;8.6;;;;;;;;;;;;;0.0;7.61;3.0;;;;;;;;;
2020;298;beauce_5_sa_030;organique_beauce_5;BTH;;SEMIS;semis;0.0;1.1;;;;;;;;;;;;;;;;;;;;;;;;;
2020;26;beauce_5_sa_030;organique_beauce_5;BTH;;FERTI;;0.0;0.0;;;;;;AN;mineral;N;;18.9;18.9;0.0;0.0;;;;;;;;;;;;
2020;161;beauce_5_sa_030;organique_beauce_5;BTH;;FERTI;;0.0;0.0;;;;;;AN;mineral;N;;31.7;31.7;0.0;0.0;;;;;;;;;;;;
2020;162;beauce_5_sa_030;organique_beauce_5;BTH;;FERTI;;0.0;0.0;;;;;;AN;mineral;N;;62.6;62.6;0.0;0.0;;;;;;;;;;;;
2020;258;beauce_5_sa_030;organique_beauce_5;BTH;;TRAVAIL_SOL;une_reprise;0.0;24.4;;;;;;;;;;;;;;;;;;;;;;;;;
2020;208;beauce_5_sa_031;organique_beauce_5;BTH;;RECOLTE;;0.0;0.0;7.5;;;;;;;;;;;;;0.0;6.63;3.0;;;;;;;;;
2020;295;beauce_5_sa_031;organique_beauce_5;BTH;;SEMIS;semis;0.0;2.6;;;;;;;;;;;;;;;;;;;;;;;;;
2020;253;beauce_5_sa_031;organique_beauce_5;BTH;;TRAVAIL_SOL;une_reprise;0.0;10.4;;;;;;;;;;;;;;;;;;;;;;;;;
2020;209;beauce_5_sa_032;organique_beauce_5;BTH;;RECOLTE;;0.0;0.0;9.0;;;;;;;;;;;;;0.0;7.96;3.0;;;;;;;;;
2020;261;beauce_5_sa_032;organique_beauce_5;BTH;;SEMIS;semis;0.0;1.4;;;;;;;;;;;;;;;;;;;;;;;;;
2020;99;beauce_5_sa_032;organique_beauce_5;BTH;;FERTI;;0.0;0.0;;;;;;AN;mineral;N;;46.3;46.3;0.0;0.0;;;;;;;;;;;;
2020;135;beauce_5_sa_032;organique_beauce_5;BTH;;FERTI;;0.0;0.0;;;;;;AN;mineral;N;;91.8;91.8;0.0;0.0;;;;;;;;;;;;
2020;356;beauce_5_sa_032;organique_beauce_5;BTH;;FERTI;;0.0;0.0;;;;;;AN;mineral;N;;93.9;93.9;0.0;0.0;;;;;;;;;;;;
2020;234;beauce_5_sa_032;organique_beauce_5;BTH;;TRAVAIL_SOL;une_reprise;0.0;3.0;;;;;;;;;;;;;;;;;;;;;;;;;
2020;171;beauce_5_sa_033;organique_beauce_5;BTH;;RECOLTE;;0.0;0.0;6.83;;;;;;;;;;;;;0.0;6.04;3.0;;;;;;;;;
2020;314;beauce_5_sa_033;organique_beauce_5;BTH;;SEMIS;semis;0.0;1.0;;;;;;;;;;;;;;;;;;;;;;;;;
2020;294;beauce_5_sa_033;organique_beauce_5;BTH;;TRAVAIL_SOL;travail_sol_1;0.0;17.9;;;;;;;;;;;;;;;;;;;;;;;;;
2020;192;beauce_5_sa_034;organique_beauce_5;BTH;;RECOLTE;;0.0;0.0;8.48;;;;;;;;;;;;;0.0;7.5;3.0;;;;;;;;;
2020;259;beauce_5_sa_034;organique_beauce_5;BTH;;SEMIS;semis;0.0;3.0;;;;;;;;;;;;;;;;;;;;;;;;;
2020;70;beauce_5_sa_034;organique_beauce_5;BTH;;FERTI;;0.0;0.0;;;;;;AN;mineral;N;;33.2;33.2;0.0;0.0;;;;;;;;;;;;
2020;181;beauce_5_sa_035;organique_beauce_5;BTH;;RECOLTE;;0.0;0.0;7.28;;;;;;;;;;;;;0.0;6.44;3.0;;;;;;;;;
2020;294;beauce_5_sa_035;organique_beauce_5;BTH;;SEMIS;semis;0.0;1.2;;;;;;;;;;;;;;;;;;;;;;;;;
2020;212;beauce_5_sa_036;organique_beauce_5;BTH;;RECOLTE;;0.0;0.0;9.0;;;;;;;;;;;;;0.0;7.96;3.0;;;;;;;;;
2020;315;beauce_5_sa_036;organique_beauce_5;BTH;;SEMIS;semis;0.0;3.2;;;;;;;;;;;;;;;;;;;;;;;;;
2020;130;beauce_5_sa_036;organique_beauce_5;BTH;;FERTI;;0.0;0.0;;;;;;AN;mineral;N;;48.1;48.1;0.0;0.0;;;;;;;;;;;;
2020;339;beauce_5_sa_036;organique_beauce_5;BTH;;FERTI;;0.0;0.0;;;;;;AN;mineral;N;;40.6;40.6;0.0;0.0;;;;;;;;;;;;
2020;304;beauce_5_sa_036;organique_beauce_5;BTH;;TRAVAIL_SOL;travail_sol_1;0.0;2.8;;;;;;;;;;;;;;;;;;;;;;;;;
2020;201;beauce_5_sa_037;organique_beauce_5;BTH;;RECOLTE;;0.0;0.0;7.55;;;;;;;;;;;;;0.0;6.68;3.0;;;;;;;;;
2020;303;beauce_5_sa_037;organique_beauce_5;BTH;;SEMIS;semis;0.0;1.7;;;;;;;;;;;;;;;;;;;;;;;;;
2020;205;beauce_5_sa_038;organique_beauce_5;BTH;;RECOLTE;;0.0;0.0;9.0;;;;;;;;;;;;;0.0;7.96;3.0;;;;;;;;;
2020;299;beauce_5_sa_038;organique_beauce_5;BTH;;SEMIS;semis;0.0;2.8;;;;;;;;;;;;;;;;;;;;;;;;;
2020;8;beauce_5_sa_038;organique_beauce_5;BTH;;FERTI;;0.0;0.0;;;;;;AN;mineral;N;;99.5;99.5;0.0;0.0;;;;;;;;;;;;
2020;152;beauce_5_sa_038;organique_beauce_5;BTH;;FERTI;;0.0;0.0;;;;;;AN;mineral;N;;63.9;63.9;0.0;0.0;;;;;;;;;;;;
2020;153;beauce_5_sa_038;organique_beauce_5;BTH;;FERTI;;0.0;0.0;;;;;;AN;mineral;N;;10.1;10.1;0.0;0.0;;;;;;;;;;;;
2020;276;beauce_5_sa_038;organique_beauce_5;BTH;;TRAVAIL_SOL;une_reprise;0.0;9.2;;;;;;;;;;;;;;;;;;;;;;;;;
2020;225;beauce_5_sa_039;organique_beauce_5;BTH;;RECOLTE;;0.0;0.0;9.0;;;;;;;;;;;;;0.0;7.96;3.0;;;;;;;;;
2020;297;beauce_5_sa_039;organique_beauce_5;BTH;;SEMIS;semis;0.0;2.8;;;;;;;;;;;;;;;;;;;;;;;;;
2020;38;beauce_5_sa_039;organique_beauce_5;BTH;;FERTI;;0.0;0.0;;;;;;AN;mineral;N;;54.7;54.7;0.0;0.0;;;;;;;;;;;;
2020;124;beauce_5_sa_039;organique_beauce_5;BTH;;FERTI;;0.0;0.0;;;;;;AN;mineral;N;;92.4;92.4;0.0;0.0;;;;;;;;;;;;
2020;156;beauce_5_sa_039;organique_beauce_5;BTH;;FERTI;;0.0;0.0;;;;;;AN;mineral;N;;27.0;27.0;0.0;0.0;;;;;;;;;;;;
2020;272;beauce_5_sa_039;organique_beauce_5;BTH;;TRAVAIL_SOL;travail_sol_1;0.0;13.8;;;;;;;;;;;;;;;;;;;;;;;;;
2020;222;beauce_5_sa_040;organique_beauce_5;BTH;;RECOLTE;;0.0;0.0;8.12;;;;;;;;;;;;;0.0;7.18;3.0;;;;;;;;;
2020;300;beauce_5_sa_040;organique_beauce_5;BTH;;SEMIS;semis;0.0;1.1;;;;;;;;;;;;;;;;;;;;;;;;;
2020;83;beauce_5_sa_040;organique_beauce_5;BTH;;FERTI;;0.0;0.0;;;;;;AN;mineral;N;;17.3;17.3;0.0;0.0;;;;;;;;;;;;
2020;185;beauce_5_sa_041;organique_beauce_5;BTH;;RECOLTE;;0.0;0.0;8.69;;;;;;;;;;;;;0.0;7.69;3.0;;;;;;;;;
2020;272;beauce_5_sa_041;organique_beauce_5;BTH;;SEMIS;semis;0.0;1.6;;;;;;;;;;;;;;;;;;;;;;;;;
2020;33;beauce_5_sa_041;organique_beauce_5;BTH;;FERTI;;0.0;0.0;;;;;;AN;mineral;N;;41.6;41.6;0.0;0.0;;;;;;;;;;;;
2020;190;beauce_5_sa_042;organique_beauce_5;BTH;;RECOLTE;;0.0;0.0;8.72;;;;;;;;;;;;;0.0;7.71;3.0;;;;;;;;;
2020;275;beauce_5_sa_042;organique_beauce_5;BTH;;SEMIS;semis;0.0;2.9;;;;;;;;;;;;;;;;;;;;;;;;;
2020;86;beauce_5_sa_042;organique_beauce_5;BTH;;FERTI;;0.0;0.0;;;;;;AN;mineral;N;;42.2;42.2;0.0;0.0;;;;;;;;;;;;
2020;271;beauce_5_sa_042;organique_beauce_5;BTH;;TRAVAIL_SOL;une_reprise;0.0;2.4;;;;;;;;;;;;;;;;;;;;;;;;;
2020;210;beauce_5_sa_043;organique_beauce_5;BTH;;RECOLTE;;0.0;0.0;9.0;;;;;;;;;;;;;0.0;7.96;3.0;;;;;;;;;
2020;275;beauce_5_sa_043;organique_beauce_5;BTH;;SEMIS;semis;0.0;2.2;;;;;;;;;;;;;;;;;;;;;;;;;
2020;28;beauce_5_sa_043;organique_beauce_5;BTH;;FERTI;;0.0;0.0;;;;;;AN;mineral;N;;69.2;69.2;0.0;0.0;;;;;;;;;;;;
2020;85;beauce_5_sa_043;organique_beauce_5;BTH;;FERTI;;0.0;0.0;;;;;;AN;mineral;N;;58.1;58.1;0.0;0.0;;;;;;;;;;;;
2020;208;beauce_5_sa_044;organique_beauce_5;BTH;;RECOLTE;;0.0;0.0;7.57;;;;;;;;;;;;;0.0;6.7;3.0;;;;;;;;;
2020;313;beauce_5_sa_044;organique_beauce_5;BTH;;SEMIS;semis;0.0;3.1;;;;;;;;;;;;;;;;;;;;;;;;;
2020;222;beauce_5_sa_045;organique_beauce_5;BTH;;RECOLTE;;0.0;0.0;8.98;;;;;;;;;;;;;0.0;7.94;3.0;;;;;;;;;
2020;294;beauce_5_sa_045;organique_beauce_5;BTH;;SEMIS;semis;0.0;3.2;;;;;;;;;;;;;;;;;;;;;;;;;
2020;98;beauce_5_sa_045;organique_beauce_5;BTH;;FERTI;;0.0;0.0;;;;;;AN;mineral;N;;68.3;68.3;0.0;0.0;;;;;;;;;;;;
2020;209;beauce_5_sa_046;organique_beauce_5;BTH;;RECOLTE;;0.0;0.0;9.0;;;;;;;;;;;;;0.0;7.96;3.0;;;;;;;;;
2020;311;beauce_5_sa_046;organique_beauce_5;BTH;;SEMIS;semis;0.0;2.3;;;;;;;;;;;;;;;;;;;;;;;;;
2020;52;beauce_5_sa_046;organique_beauce_5;BTH;;FERTI;;0.0;0.0;;;;;;AN;mineral;N;;47.5;47.5;0.0;0.0;;;;;;;;;;;;
2020;94;beauce_5_sa_046;organique_beauce_5;BTH;;FERTI;;0.0;0.0;;;;;;AN;mineral;N;;28.8;28.8;0.0;0.0;;;;;;;;;;;;
2020;277;beauce_5_sa_046;organique_beauce_5;BTH;;TRAVAIL_SOL;travail_sol_1;0.0;6.7;;;;;;;;;;;;;;;;;;;;;;;;;
2020;202;beauce_5_sa_047;organique_beauce_5;BTH;;RECOLTE;;0.0;0.0;8.63;;;;;;;;;;;;;0.0;7.64;3.0;;;;;;;;;
2020;316;beauce_5_sa_047;organique_beauce_5;BTH;;SEMIS;semis;0.0;2.1;;;;;;;;;;;;;;;;;;;;;;;;;
2020;141;beauce_5_sa_047;organique_beauce_5;BTH;;FERTI;;0.0;0.0;;;;;;AN;mineral;N;;69.9;69.9;0.0;0.0;;;;;;;;;;;;
2020;196;beauce_5_sa_048;organique_beauce_5;BTH;;RECOLTE;;0.0;0.0;7.55;;;;;;;;;;;;;0.0;6.68;3.0;;;;;;;;;
2020;293;beauce_5_sa_048;organique_beauce_5;BTH;;SEMIS;semis;0.0;2.0;;;;;;;;;;;;;;;;;;;;;;;;;
2020;287;beauce_5_sa_048;organique_beauce_5;BTH;;TRAVAIL_SOL;une_reprise;0.0;4.7;;;;;;;;;;;;;;;;;;;;;;;;;
2020;202;beauce_5_sa_049;organique_beauce_5;BTH;;RECOLTE;;0.0;0.0;8.92;;;;;;;;;;;;;0.0;7.89;3.0;;;;;;;;;
2020;314;beauce_5_sa_049;organique_beauce_5;BTH;;SEMIS;semis;0.0;1.6;;;;;;;;;;;;;;;;;;;;;;;;;
2020;21;beauce_5_sa_049;organique_beauce_5;BTH;;FERTI;;0.0;0.0;;;;;;AN;mineral;N;;70.2;70.2;0.0;0.0;;;;;;;;;;;;
2020;209;beauce_5_sa_050;organique_beauce_5;BTH;;RECOLTE;;0.0;0.0;8.99;;;;;;;;;;;;;0.0;7.95;3.0;;;;;;;;;
2020;312;beauce_5_sa_050;organique_beauce_5;BTH;;SEMIS;semis;0.0;3.3;;;;;;;;;;;;;;;;;;;;;;;;;
2020;36;beauce_5_sa_050;organique_beauce_5;BTH;;FERTI;;0.0;0.0;;;;;;AN;mineral;N;;98.1;98.1;0.0;0.0;;;;;;;;;;;;
2020;137;beauce_5_sa_050;organique_beauce_5;BTH;;FERTI;;0.0;0.0;;;;;;AN;mineral;N;;88.9;88.9;0.0;0.0;;;;;;;;;;;;
2020;290;beauce_5_sa_050;organique_beauce_5;BTH;;TRAVAIL_SOL;une_reprise;0.0;12.6;;;;;;;;;;;;;;;;;;;;;;;;;
2020;217;beauce_5_sa_051;organique_beauce_5;BTH;;RECOLTE;;0.0;0.0;8.95;;;;;;;;;;;;;0.0;7.92;3.0;;;;;;;;;
2020;275;beauce_5_sa_051;organique_beauce_5;BTH;;SEMIS;semis;0.0;4.0;;;;;;;;;;;;;;;;;;;;;;;;;
2020;11;beauce_5_sa_051;organique_beauce_5;BTH;;FERTI;;0.0;0.0;;;;;;AN;mineral;N;;69.0;69.0;0.0;0.0;;;;;;;;;;;;
2020;264;beauce_5_sa_051;organique_beauce_5;BTH;;TRAVAIL_SOL;travail_sol_1;0.0;6.7;;;;;;;;;;;;;;;;;;;;;;;;;
2020;195;beauce_5_sa_052;organique_beauce_5;BTH;;RECOLTE;;0.0;0.0;7.53;;;;;;;;;;;;;0.0;6.66;3.0;;;;;;;;;
2020;309;beauce_5_sa_052;organique_beauce_5;BTH;;SEMIS;semis;0.0;2.1;;;;;;;;;;;;;;;;;;;;;;;;;
2020;277;beauce_5_sa_052;organique_beauce_5;BTH;;TRAVAIL_SOL;une_reprise;0.0;24.9;;;;;;;;;;;;;;;;;;;;;;;;;
2020;215;beauce_5_sa_053;organique_beauce_5;BTH;;RECOLTE;;0.0;0.0;7.5;;;;;;;;;;;;;0.0;6.64;3.0;;;;;;;;;
2020;270;beauce_5_sa_053;organique_beauce_5;BTH;;SEMIS;semis;0.0;3.2;;;;;;;;;;;;;;;;;;;;;;;;;
2020;250;beauce_5_sa_053;organique_beauce_5;BTH;;TRAVAIL_SOL;une_reprise;0.0;20.0;;;;;;;;;;;;;;;;;;;;;;;;;
2020;209;beauce_5_sa_054;organique_beauce_5;BTH;;RECOLTE;;0.0;0.0;8.71;;;;;;;;;;;;;0.0;7.71;3.0;;;;;;;;;
2020;275;beauce_5_sa_054;organique_beauce_5;BTH;;SEMIS;semis;0.0;1.5;;;;;;;;;;;;;;;;;;;;;;;;;
2020;4;beauce_5_sa_054;organique_beauce_5;BTH;;FERTI;;0.0;0.0;;;;;;AN;mineral;N;;31.1;31.1;0.0;0.0;;;;;;;;;;;;
2020;156;beauce_5_sa_054;organique_beauce_5;BTH;;FERTI;;0.0;0.0;;;;;;AN;mineral;N;;29.9;29.9;0.0;0.0;;;;;;;;;;;;
2020;224;beauce_5_sa_055;organique_beauce_5;BTH;;RECOLTE;;0.0;0.0;7.51;;;;;;;;;;;;;0.0;6.65;3.0;;;;;;;;;
2020;278;beauce_5_sa_055;organique_beauce_5;BTH;;SEMIS;semis;0.0;3.6;;;;;;;;;;;;;;;;;;;;;;;;;
2020;168;beauce_5_sa_055;organique_beauce_5;BTH;;FERTI;;0.0;0.0;;;;;;AN;mineral;N;;11.2;11.2;0.0;0.0;;;;;;;;;;;;
2020;200;beauce_5_sa_056;organique_beauce_5;BTH;;RECOLTE;;0.0;0.0;8.98;;;;;;;;;;;;;0.0;7.94;3.0;;;;;;;;;
2020;273;beauce_5_sa_056;organique_beauce_5;BTH;;SEMIS;semis;0.0;2.2;;;;;;;;;;;;;;;;;;;;;;;;;
2020;105;beauce_5_sa_056;organique_beauce_5;BTH;;FERTI;;0.0;0.0;;;;;;AN;mineral;N;;70.5;70.5;0.0;0.0;;;;;;;;;;;;
2020;106;beauce_5_sa_056;organique_beauce_5;BTH;;FERTI;;0.0;0.0;;;;;;AN;mineral;N;;91.5;91.5;0.0;0.0;;;;;;;;;;;;
2020;107;beauce_5_sa_056;organique_beauce_5;BTH;;FERTI;;0.0;0.0;;;;;;AN;mineral;N;;17.9;17.9;0.0;0.0;;;;;;;;;;;;
2020;230;beauce_5_sa_057;organique_beauce_5;BTH;;RECOLTE;;0.0;0.0;8.17;;;;;;;;;;;;;0.0;7.23;3.0;;;;;;;;;
2020;273;beauce_5_sa_057;organique_beauce_5;BTH;;SEMIS;semis;0.0;3.0;;;;;;;;;;;;;;;;;;;;;;;;;
2020;146;beauce_5_sa_057;organique_beauce_5;BTH;;FERTI;;0.0;0.0;;;;;;AN;mineral;N;;37.3;37.3;0.0;0.0;;;;;;;;;;;;
2020;165;beauce_5_sa_057;organique_beauce_5;BTH;;FERTI;;0.0;0.0;;;;;;AN;mineral;N;;55.8;55.8;0.0;0.0;;;;;;;;;;;;
2020;186;beauce_5_sa_058;organique_beauce_5;BTH;;RECOLTE;;0.0;0.0;9.0;;;;;;;;;;;;;0.0;7.96;3.0;;;;;;;;;
2020;264;beauce_5_sa_058;organique_beauce_5;BTH;;SEMIS;semis;0.0;1.3;;;;;;;;;;;;;;;;;;;;;;;;;
2020;87;beauce_5_sa_058;organique_beauce_5;BTH;;FERTI;;0.0;0.0;;;;;;AN;mineral;N;;79.0;79.0;0.0;0.0;;;;;;;;;;;;
2020;358;beauce_5_sa_058;organique_beauce_5;BTH;;FERTI;;0.0;0.0;;;;;;AN;mineral;N;;32.4;32.4;0.0;0.0;;;;;;;;;;;;
2020;256;beauce_5_sa_058;organique_beauce_5;BTH;;TRAVAIL_SOL;une_reprise;0.0;13.8;;;;;;;;;;;;;;;;;;;;;;;;;
2020;182;beauce_5_sa_059;organique_beauce_5;BTH;;RECOLTE;;0.0;0.0;7.62;;;;;;;;;;;;;0.0;6.74;3.0;;;;;;;;;
2020;301;beauce_5_sa_059;organique_beauce_5;BTH;;SEMIS;semis;0.0;1.0;;;;;;;;;;;;;;;;;;;;;;;;;
2020;113;beauce_5_sa_059;organique_beauce_5;BTH;;FERTI;;0.0;0.0;;;;;;AN;mineral;N;;10.0;10.0;0.0;0.0;;;;;;;;;;;;
2020;224;beauce_5_sa_060;organique_beauce_5;BTH;;RECOLTE;;0.0;0.0;7.53;;;;;;;;;;;;;0.0;6.66;3.0;;;;;;;;;
2020;307;beauce_5_sa_060;organique_beauce_5;BTH;;SEMIS;semis;0.0;3.5;;;;;;;;;;;;;;;;;;;;;;;;;
2020;172;beauce_5_sa_061;organique_beauce_5;BTH;;RECOLTE;;0.0;0.0;8.46;;;;;;;;;;;;;0.0;7.48;3.0;;;;;;;;;
2020;262;beauce_5_sa_061;organique_beauce_5;BTH;;SEMIS;semis;0.0;2.8;;;;;;;;;;;;;;;;;;;;;;;;;
2020;113;beauce_5_sa_061;organique_beauce_5;BTH;;FERTI;;0.0;0.0;;;;;;AN;mineral;N;;77.5;77.5;0.0;0.0;;;;;;;;;;;;
2020;246;beauce_5_sa_061;organique_beauce_5;BTH;;TRAVAIL_SOL;une_reprise;0.0;20.3;;;;;;;;;;;;;;;;;;;;;;;;;
2020;205;beauce_5_sa_062;organique_beauce_5;BTH;;RECOLTE;;0.0;0.0;7.5;;;;;;;;;;;;;0.0;6.63;3.0;;;;;;;;;
2020;292;beauce_5_sa_062;organique_beauce_5;BTH;;SEMIS;semis;0.0;3.6;;;;;;;;;;;;;;;;;;;;;;;;;
2020;192;beauce_5_sa_063;organique_beauce_5;BTH;;RECOLTE;;0.0;0.0;7.45;;;;;;;;;;;;;0.0;6.59;3.0;;;;;;;;;
2020;263;beauce_5_sa_063;organique_beauce_5;BTH;;SEMIS;semis;0.0;3.7;;;;;;;;;;;;;;;;;;;;;;;;;
2020;167;beauce_5_sa_063;organique_beauce_5;BTH;;FERTI;;0.0;0.0;;;;;;AN;mineral;N;;69.1;69.1;0.0;0.0;;;;;;;;;;;;
2020;168;beauce_5_sa_063;organique_beauce_5;BTH;;FERTI;;0.0;0.0;;;;;;AN;mineral;N;;44.7;44.7;0.0;0.0;;;;;;;;;;;;
2020;169;beauce_5_sa_063;organique_beauce_5;BTH;;FERTI;;0.0;0.0;;;;;;AN;mineral;N;;48.1;48.1;0.0;0.0;;;;;;;;;;;;
2020;219;beauce_5_sa_064;organique_beauce_5;BTH;;RECOLTE;;0.0;0.0;9.0;;;;;;;;;;;;;0.0;7.96;3.0;;;;;;;;;
2020;276;beauce_5_sa_064;organique_beauce_5;BTH;;SEMIS;semis;0.0;4.0;;;;;;;;;;;;;;;;;;;;;;;;;
2020;50;beauce_5_sa_064;organique_beauce_5;BTH;;FERTI;;0.0;0.0;;;;;;AN;mineral;N;;58.4;58.4;0.0;0.0;;;;;;;;;;;;
2020;124;beauce_5_sa_064;organique_beauce_5;BTH;;FERTI;;0.0;0.0;;;;;;AN;mineral;N;;14.5;14.5;0.0;0.0;;;;;;;;;;;;
2020;125;beauce_5_sa_064;organique_beauce_5;BTH;;FERTI;;0.0;0.0;;;;;;AN;mineral;N;;82.3;82.3;0.0;0.0;;;;;;;;;;;;
2020;185;beauce_5_sa_065;organique_beauce_5;BTH;;RECOLTE;;0.0;0.0;8.99;;;;;;;;;;;;;0.0;7.96;3.0;;;;;;;;;
2020;314;beauce_5_sa_065;organique_beauce_5;BTH;;SEMIS;semis;0.0;3.8;;;;;;;;;;;;;;;;;;;;;;;;;
2020;75;beauce_5_sa_065;organique_beauce_5;BTH;;FERTI;;0.0;0.0;;;;;;AN;mineral;N;;70.9;70.9;0.0;0.0;;;;;;;;;;;;
2020;82;beauce_5_sa_065;organique_beauce_5;BTH;;FERTI;;0.0;0.0;;;;;;AN;mineral;N;;36.5;36.5;0.0;0.0;;;;;;;;;;;;
2020;193;beauce_5_sa_066;organique_beauce_5;BTH;;RECOLTE;;0.0;0.0;7.53;;;;;;;;;;;;;0.0;6.66;3.0;;;;;;;;;
2020;283;beauce_5_sa_066;organique_beauce_5;BTH;;SEMIS;semis;0.0;1.9;;;;;;;;;;;;;;;;;;;;;;;;;
2020;245;beauce_5_sa_066;organique_beauce_5;BTH;;TRAVAIL_SOL;travail_sol_1;0.0;2.5;;;;;;;;;;;;;;;;;;;;;;;;;
2020;230;beauce_5_sa_067;organique_beauce_5;BTH;;RECOLTE;;0.0;0.0;7.44;;;;;;;;;;;;;0.0;6.58;3.0;;;;;;;;;
2020;264;beauce_5_sa_067;organique_beauce_5;BTH;;SEMIS;semis;0.0;3.3;;;;;;;;;;;;;;;;;;;;;;;;;
2020;207;beauce_5_sa_068;organique_beauce_5;BTH;;RECOLTE;;0.0;0.0;7.55;;;;;;;;;;;;;0.0;6.68;3.0;;;;;;;;;
2020;303;beauce_5_sa_068;organique_beauce_5;BTH;;SEMIS;semis;0.0;2.0;;;;;;;;;;;;;;;;;;;;;;;;;
2020;283;beauce_5_sa_068;organique_beauce_5;BTH;;TRAVAIL_SOL;une_reprise;0.0;8.5;;;;;;;;;;;;;;;;;;;;;;;;;
2020;198;beauce_5_sa_069;organique_beauce_5;BTH;;RECOLTE;;0.0;0.0;8.99;;;;;;;;;;;;;0.0;7.96;3.0;;;;;;;;;
2020;311;beauce_5_sa_069;organique_beauce_5;BTH;;SEMIS;semis;0.0;1.1;;;;;;;;;;;;;;;;;;;;;;;;;
2020;74;beauce_5_sa_069;organique_beauce_5;BTH;;FERTI;;0.0;0.0;;;;;;AN;mineral;N;;23.1;23.1;0.0;0.0;;;;;;;;;;;;
2020;138;beauce_5_sa_069;organique_beauce_5;BTH;;FERTI;;0.0;0.0;;;;;;AN;mineral;N;;27.5;27.5;0.0;0.0;;;;;;;;;;;;
2020;139;beauce_5_sa_069;organique_beauce_5;BTH;;FERTI;;0.0;0.0;;;;;;AN;mineral;N;;98.7;98.7;0.0;0.0;;;;;;;;;;;;
2020;273;beauce_5_sa_069;organique_beauce_5;BTH;;TRAVAIL_SOL;travail_sol_1;0.0;8.5;;;;;;;;;;;;;;;;;;;;;;;;;
2020;186;beauce_5_sa_070;organique_beauce_5;BTH;;RECOLTE;;0.0;0.0;8.31;;;;;;;;;;;;;0.0;7.35;3.0;;;;;;;;;
2020;281;beauce_5_sa_070;organique_beauce_5;BTH;;SEMIS;semis;0.0;2.7;;;;;;;;;;;;;;;;;;;;;;;;;
2020;15;beauce_5_sa_070;organique_beauce_5;BTH;;FERTI;;0.0;0.0;;;;;;AN;mineral;N;;27.7;27.7;0.0;0.0;;;;;;;;;;;;
2020;219;beauce_5_sa_071;organique_beauce_5;BTH;;RECOLTE;;0.0;0.0;9.0;;;;;;;;;;;;;0.0;7.96;3.0;;;;;;;;;
2020;289;beauce_5_sa_071;organique_beauce_5;BTH;;SEMIS;semis;0.0;1.2;;;;;;;;;;;;;;;;;;;;;;;;;
2020;41;beauce_5_sa_071;organique_beauce_5;BTH;;FERTI;;0.0;0.0;;;;;;AN;mineral;N;;33.5;33.5;0.0;0.0;;;;;;;;;;;;
2020;94;beauce_5_sa_071;organique_beauce_5;BTH;;FERTI;;0.0;0.0;;;;;;AN;mineral;N;;62.3;62.3;0.0;0.0;;;;;;;;;;;;
2020;278;beauce_5_sa_071;organique_beauce_5;BTH;;TRAVAIL_SOL;travail_sol_1;0.0;9.3;;;;;;;;;;;;;;;;;;;;;;;;;
2020;203;beauce_5_sa_072;organique_beauce_5;BTH;;RECOLTE;;0.0;0.0;7.5;;;;;;;;;;;;;0.0;6.63;3.0;;;;;;;;;
2020;295;beauce_5_sa_072;organique_beauce_5;BTH;;SEMIS;semis;0.0;1.1;;;;;;;;;;;;;;;;;;;;;;;;;
2020;253;beauce_5_sa_072;organique_beauce_5;BTH;;TRAVAIL_SOL;une_reprise;0.0;24.5;;;;;;;;;;;;;;;;;;;;;;;;;
2020;189;beauce_5_sa_073;organique_beauce_5;BTH;;RECOLTE;;0.0;0.0;8.29;;;;;;;;;;;;;0.0;7.33;3.0;;;;;;;;;
2020;272;beauce_5_sa_073;organique_beauce_5;BTH;;SEMIS;semis;0.0;4.0;;;;;;;;;;;;;;;;;;;;;;;;;
2020;90;beauce_5_sa_073;organique_beauce_5;BTH;;FERTI;;0.0;0.0;;;;;;AN;mineral;N;;21.9;21.9;0.0;0.0;;;;;;;;;;;;
2020;192;beauce_5_sa_074;organique_beauce_5;BTH;;RECOLTE;;0.0;0.0;9.0;;;;;;;;;;;;;0.0;7.96;3.0;;;;;;;;;
2020;267;beauce_5_sa_074;organique_beauce_5;BTH;;SEMIS;semis;0.0;2.0;;;;;;;;;;;;;;;;;;;;;;;;;
2020;77;beauce_5_sa_074;organique_beauce_5;BTH;;FERTI;;0.0;0.0;;;;;;AN;mineral;N;;10.7;10.7;0.0;0.0;;;;;;;;;;;;
2020;163;beauce_5_sa_074;organique_beauce_5;BTH;;FERTI;;0.0;0.0;;;;;;AN;mineral;N;;32.3;32.3;0.0;0.0;;;;;;;;;;;;
2020;350;beauce_5_sa_074;organique_beauce_5;BTH;;FERTI;;0.0;0.0;;;;;;AN;mineral;N;;69.9;69.9;0.0;0.0;;;;;;;;;;;;
2020;233;beauce_5_sa_074;organique_beauce_5;BTH;;TRAVAIL_SOL;une_reprise;0.0;24.4;;;;;;;;;;;;;;;;;;;;;;;;;
2020;200;beauce_5_sa_075;organique_beauce_5;BTH;;RECOLTE;;0.0;0.0;9.0;;;;;;;;;;;;;0.0;7.96;3.0;;;;;;;;;
2020;273;beauce_5_sa_075;organique_beauce_5;BTH;;SEMIS;semis;0.0;1.7;;;;;;;;;;;;;;;;;;;;;;;;;
2020;88;beauce_5_sa_075;organique_beauce_5;BTH;;FERTI;;0.0;0.0;;;;;;AN;mineral;N;;98.9;98.9;0.0;0.0;;;;;;;;;;;;
2020;89;beauce_5_sa_075;organique_beauce_5;BTH;;FERTI;;0.0;0.0;;;;;;AN;mineral;N;;13.0;13.0;0.0;0.0;;;;;;;;;;;;
2020;100;beauce_5_sa_075;organique_beauce_5;BTH;;FERTI;;0.0;0.0;;;;;;AN;mineral;N;;19.8;19.8;0.0;0.0;;;;;;;;;;;;
2020;228;beauce_5_sa_076;organique_beauce_5;BTH;;RECOLTE;;0.0;0.0;9.0;;;;;;;;;;;;;0.0;7.96;3.0;;;;;;;;;
2020;303;beauce_5_sa_076;organique_beauce_5;BTH;;SEMIS;semis;0.0;3.0;;;;;;;;;;;;;;;;;;;;;;;;;
2020;27;beauce_5_sa_076;organique_beauce_5;BTH;;FERTI;;0.0;0.0;;;;;;AN;mineral;N;;88.6;88.6;0.0;0.0;;;;;;;;;;;;
2020;294;beauce_5_sa_076;organique_beauce_5;BTH;;TRAVAIL_SOL;travail_sol_1;0.0;17.8;;;;;;;;;;;;;;;;;;;;;;;;;
2020;226;beauce_5_sa_077;organique_beauce_5;BTH;;RECOLTE;;0.0;0.0;8.76;;;;;;;;;;;;;0.0;7.75;3.0;;;;;;;;;
2020;296;beauce_5_sa_077;organique_beauce_5;BTH;;SEMIS;semis;0.0;2.0;;;;;;;;;;;;;;;;;;;;;;;;;
2020;80;beauce_5_sa_077;organique_beauce_5;BTH;;FERTI;;0.0;0.0;;;;;;AN;mineral;N;;21.8;21.8;0.0;0.0;;;;;;;;;;;;
2020;155;beauce_5_sa_077;organique_beauce_5;BTH;;FERTI;;0.0;0.0;;;;;;AN;mineral;N;;35.7;35.7;0.0;0.0;;;;;;;;;;;;
2020;156;beauce_5_sa_077;organique_beauce_5;BTH;;FERTI;;0.0;0.0;;;;;;AN;mineral;N;;94.4;94.4;0.0;0.0;;;;;;;;;;;;
2020;180;beauce_5_sa_078;organique_beauce_5;BTH;;RECOLTE;;0.0;0.0;9.0;;;;;;;;;;;;;0.0;7.96;3.0;;;;;;;;;
2020;304;beauce_5_sa_078;organique_beauce_5;BTH;;SEMIS;semis;0.0;2.6;;;;;;;;;;;;;;;;;;;;;;;;;
2020;83;beauce_5_sa_078;organique_beauce_5;BTH;;FERTI;;0.0;0.0;;;;;;AN;mineral;N;;27.9;27.9;0.0;0.0;;;;;;;;;;;;
2020;117;beauce_5_sa_078;organique_beauce_5;BTH;;FERTI;;0.0;0.0;;;;;;AN;mineral;N;;11.6;11.6;0.0;0.0;;;;;;;;;;;;
2020;118;beauce_5_sa_078;organique_beauce_5;BTH;;FERTI;;0.0;0.0;;;;;;AN;mineral;N;;91.9;91.9;0.0;0.0;;;;;;;;;;;;
2020;268;beauce_5_sa_078;organique_beauce_5;BTH;;TRAVAIL_SOL;travail_sol_1;0.0;1.9;;;;;;;;;;;;;;;;;;;;;;;;;
2020;193;beauce_5_sa_079;organique_beauce_5;BTH;;RECOLTE;;0.0;0.0;7.5;;;;;;;;;;;;;0.0;6.63;3.0;;;;;;;;;
2020;292;beauce_5_sa_079;organique_beauce_5;BTH;;SEMIS;semis;0.0;3.1;;;;;;;;;;;;;;;;;;;;;;;;;
2020;252;beauce_5_sa_079;organique_beauce_5;BTH;;TRAVAIL_SOL;travail_sol_1;0.0;8.1;;;;;;;;;;;;;;;;;;;;;;;;;
2020;217;beauce_5_sa_080;organique_beauce_5;BTH;;RECOLTE;;0.0;0.0;9.0;;;;;;;;;;;;;0.0;7.96;3.0;;;;;;;;;
2020;288;beauce_5_sa_080;organique_beauce_5;BTH;;SEMIS;semis;0.0;1.9;;;;;;;;;;;;;;;;;;;;;;;;;
2020;140;beauce_5_sa_080;organique_beauce_5;BTH;;FERTI;;0.0;0.0;;;;;;AN;mineral;N;;88.9;88.9;0.0;0.0;;;;;;;;;;;;
2020;152;beauce_5_sa_080;organique_beauce_5;BTH;;FERTI;;0.0;0.0;;;;;;AN;mineral;N;;61.0;61.0;0.0;0.0;;;;;;;;;;;;
2020;322;beauce_5_sa_080;organique_beauce_5;BTH;;FERTI;;0.0;0.0;;;;;;AN;mineral;N;;75.2;75.2;0.0;0.0;;;;;;;;;;;;
2020;249;beauce_5_sa_080;organique_beauce_5;BTH;;TRAVAIL_SOL;une_reprise;0.0;8.0;;;;;;;;;;;;;;;;;;;;;;;;;
2020;208;beauce_5_sa_081;organique_beauce_5;BTH;;RECOLTE;;0.0;0.0;8.04;;;;;;;;;;;;;0.0;7.11;3.0;;;;;;;;;
2020;308;beauce_5_sa_081;organique_beauce_5;BTH;;SEMIS;semis;0.0;2.9;;;;;;;;;;;;;;;;;;;;;;;;;
2020;166;beauce_5_sa_081;organique_beauce_5;BTH;;FERTI;;0.0;0.0;;;;;;AN;mineral;N;;86.4;86.4;0.0;0.0;;;;;;;;;;;;
2020;167;beauce_5_sa_081;organique_beauce_5;BTH;;FERTI;;0.0;0.0;;;;;;AN;mineral;N;;72.6;72.6;0.0;0.0;;;;;;;;;;;;
2020;168;beauce_5_sa_081;organique_beauce_5;BTH;;FERTI;;0.0;0.0;;;;;;AN;mineral;N;;28.1;28.1;0.0;0.0;;;;;;;;;;;;
2020;270;beauce_5_sa_081;organique_beauce_5;BTH;;TRAVAIL_SOL;une_reprise;0.0;19.7;;;;;;;;;;;;;;;;;;;;;;;;;
2020;188;beauce_5_sa_082;organique_beauce_5;BTH;;RECOLTE;;0.0;0.0;9.0;;;;;;;;;;;;;0.0;7.96;3.0;;;;;;;;;
2020;281;beauce_5_sa_082;organique_beauce_5;BTH;;SEMIS;semis;0.0;1.1;;;;;;;;;;;;;;;;;;;;;;;;;
2020;45;beauce_5_sa_082;organique_beauce_5;BTH;;FERTI;;0.0;0.0;;;;;;AN;mineral;N;;85.7;85.7;0.0;0.0;;;;;;;;;;;;
2020;120;beauce_5_sa_082;organique_beauce_5;BTH;;FERTI;;0.0;0.0;;;;;;AN;mineral;N;;72.2;72.2;0.0;0.0;;;;;;;;;;;;
2020;268;beauce_5_sa_082;organique_beauce_5;BTH;;TRAVAIL_SOL;travail_sol_1;0.0;8.6;;;;;;;;;;;;;;;;;;;;;;;;;
2020;230;beauce_5_sa_083;organique_beauce_5;BTH;;RECOLTE;;0.0;0.0;8.85;;;;;;;;;;;;;0.0;7.83;3.0;;;;;;;;;
2020;278;beauce_5_sa_083;organique_beauce_5;BTH;;SEMIS;semis;0.0;3.1;;;;;;;;;;;;;;;;;;;;;;;;;
2020;118;beauce_5_sa_083;organique_beauce_5;BTH;;FERTI;;0.0;0.0;;;;;;AN;mineral;N;;89.2;89.2;0.0;0.0;;;;;;;;;;;;
2020;119;beauce_5_sa_083;organique_beauce_5;BTH;;FERTI;;0.0;0.0;;;;;;AN;mineral;N;;25.9;25.9;0.0;0.0;;;;;;;;;;;;
2020;175;beauce_5_sa_084;organique_beauce_5;BTH;;RECOLTE;;0.0;0.0;7.02;;;;;;;;;;;;;0.0;6.21;3.0;;;;;;;;;
2020;303;beauce_5_sa_084;organique_beauce_5;BTH;;SEMIS;semis;0.0;1.9;;;;;;;;;;;;;;;;;;;;;;;;;
2020;227;beauce_5_sa_085;organique_beauce_5;BTH;;RECOLTE;;0.0;0.0;8.98;;;;;;;;;;;;;0.0;7.95;3.0;;;;;;;;;
2020;316;beauce_5_sa_085;organique_beauce_5;BTH;;SEMIS;semis;0.0;4.0;;;;;;;;;;;;;;;;;;;;;;;;;
2020;78;beauce_5_sa_085;organique_beauce_5;BTH;;FERTI;;0.0;0.0;;;;;;AN;mineral;N;;14.4;14.4;0.0;0.0;;;;;;;;;;;;
2020;79;beauce_5_sa_085;organique_beauce_5;BTH;;FERTI;;0.0;0.0;;;;;;AN;mineral;N;;15.3;15.3;0.0;0.0;;;;;;;;;;;;
2020;105;beauce_5_sa_085;organique_beauce_5;BTH;;FERTI;;0.0;0.0;;;;;;AN;mineral;N;;73.9;73.9;0.0;0.0;;;;;;;;;;;;
2020;216;beauce_5_sa_086;organique_beauce_5;BTH;;RECOLTE;;0.0;0.0;8.77;;;;;;;;;;;;;0.0;7.76;3.0;;;;;;;;;
2020;292;beauce_5_sa_086;organique_beauce_5;BTH;;SEMIS;semis;0.0;2.5;;;;;;;;;;;;;;;;;;;;;;;;;
2020;21;beauce_5_sa_086;organique_beauce_5;BTH;;FERTI;;0.0;0.0;;;;;;AN;mineral;N;;55.7;55.7;0.0;0.0;;;;;;;;;;;;
2020;263;beauce_5_sa_086;organique_beauce_5;BTH;;TRAVAIL_SOL;travail_sol_1;0.0;4.3;;;;;;;;;;;;;;;;;;;;;;;;;
2020;212;beauce_5_sa_087;organique_beauce_5;BTH;;RECOLTE;;0.0;0.0;8.29;;;;;;;;;;;;;0.0;7.33;3.0;;;;;;;;;
2020;314;beauce_5_sa_087;organique_beauce_5;BTH;;SEMIS;semis;0.0;2.9;;;;;;;;;;;;;;;;;;;;;;;;;
2020;168;beauce_5_sa_087;organique_beauce_5;BTH;;FERTI;;0.0;0.0;;;;;;AN;mineral;N;;59.4;59.4;0.0;0.0;;;;;;;;;;;;
2020;169;beauce_5_sa_087;organique_beauce_5;BTH;;FERTI;;0.0;0.0;;;;;;AN;mineral;N;;75.7;75.7;0.0;0.0;;;;;;;;;;;;
2020;334;beauce_5_sa_087;organique_beauce_5;BTH;;FERTI;;0.0;0.0;;;;;;AN;mineral;N;;14.0;14.0;0.0;0.0;;;;;;;;;;;;
2020;207;beauce_5_sa_088;organique_beauce_5;BTH;;RECOLTE;;0.0;0.0;8.98;;;;;;;;;;;;;0.0;7.94;3.0;;;;;;;;;
2020;314;beauce_5_sa_088;organique_beauce_5;BTH;;SEMIS;semis;0.0;2.6;;;;;;;;;;;;;;;;;;;;;;;;;
2020;50;beauce_5_sa_088;organique_beauce_5;BTH;;FERTI;;0.0;0.0;;;;;;AN;mineral;N;;95.6;95.6;0.0;0.0;;;;;;;;;;;;
2020;77;beauce_5_sa_088;organique_beauce_5;BTH;;FERTI;;0.0;0.0;;;;;;AN;mineral;N;;25.3;25.3;0.0;0.0;;;;;;;;;;;;
2020;302;beauce_5_sa_088;organique_beauce_5;BTH;;TRAVAIL_SOL;une_reprise;0.0;2.7;;;;;;;;;;;;;;;;;;;;;;;;;
2020;181;beauce_5_sa_089;organique_beauce_5;BTH;;RECOLTE;;0.0;0.0;7.57;;;;;;;;;;;;;0.0;6.69;3.0;;;;;;;;;
2020;272;beauce_5_sa_089;organique_beauce_5;BTH;;SEMIS;semis;0.0;2.9;;;;;;;;;;;;;;;;;;;;;;;;;
2020;222;beauce_5_sa_090;organique_beauce_5;BTH;;RECOLTE;;0.0;0.0;8.21;;;;;;;;;;;;;0.0;7.27;3.0;;;;;;;;;
2020;264;beauce_5_sa_090;organique_beauce_5;BTH;;SEMIS;semis;0.0;1.1;;;;;;;;;;;;;;;;;;;;;;;;;
2020;124;beauce_5_sa_090;organique_beauce_5;BTH;;FERTI;;0.0;0.0;;;;;;AN;mineral;N;;95.5;95.5;0.0;0.0;;;;;;;;;;;;
2020;125;beauce_5_sa_090;organique_beauce_5;BTH;;FERTI;;0.0;0.0;;;;;;AN;mineral;N;;86.2;86.2;0.0;0.0;;;;;;;;;;;;
2020;188;beauce_5_sa_091;organique_beauce_5;BTH;;RECOLTE;;0.0;0.0;8.96;;;;;;;;;;;;;0.0;7.93;3.0;;;;;;;;;
2020;300;beauce_5_sa_091;organique_beauce_5;BTH;;SEMIS;semis;0.0;3.0;;;;;;;;;;;;;;;;;;;;;;;;;
2020;85;beauce_5_sa_091;organique_beauce_5;BTH;;FERTI;;0.0;0.0;;;;;;AN;mineral;N;;68.3;68.3;0.0;0.0;;;;;;;;;;;;
2020;198;beauce_5_sa_092;organique_beauce_5;BTH;;RECOLTE;;0.0;0.0;8.44;;;;;;;;;;;;;0.0;7.46;3.0;;;;;;;;;
2020;279;beauce_5_sa_092;organique_beauce_5;BTH;;SEMIS;semis;0.0;3.6;;;;;;;;;;;;;;;;;;;;;;;;;
2020;131;beauce_5_sa_092;organique_beauce_5;BTH;;FERTI;;0.0;0.0;;;;;;AN;mineral;N;;44.7;44.7;0.0;0.0;;;;;;;;;;;;
2020;242;beauce_5_sa_092;organique_beauce_5;BTH;;TRAVAIL_SOL;une_reprise;0.0;7.4;;;;;;;;;;;;;;;;;;;;;;;;;
2020;231;beauce_5_sa_093;organique_beauce_5;BTH;;RECOLTE;;0.0;0.0;7.47;;;;;;;;;;;;;0.0;6.61;3.0;;;;;;;;;
2020;266;beauce_5_sa_093;organique_beauce_5;BTH;;SEMIS;semis;0.0;1.4;;;;;;;;;;;;;;;;;;;;;;;;;
2020;221;beauce_5_sa_094;organique_beauce_5;BTH;;RECOLTE;;0.0;0.0;9.0;;;;;;;;;;;;;0.0;7.96;3.0;;;;;;;;;
2020;278;beauce_5_sa_094;organique_beauce_5;BTH;;SEMIS;semis;0.0;1.0;;;;;;;;;;;;;;;;;;;;;;;;;
2020;148;beauce_5_sa_094;organique_beauce_5;BTH;;FERTI;;0.0;0.0;;;;;;AN;mineral;N;;76.5;76.5;0.0;0.0;;;;;;;;;;;;
2020;149;beauce_5_sa_094;organique_beauce_5;BTH;;FERTI;;0.0;0.0;;;;;;AN;mineral;N;;86.8;86.8;0.0;0.0;;;;;;;;;;;;
2020;355;beauce_5_sa_094;organique_beauce_5;BTH;;FERTI;;0.0;0.0;;;;;;AN;mineral;N;;78.9;78.9;0.0;0.0;;;;;;;;;;;;
2020;266;beauce_5_sa_094;organique_beauce_5;BTH;;TRAVAIL_SOL;une_reprise;0.0;16.3;;;;;;;;;;;;;;;;;;;;;;;;;
2020;212;beauce_5_sa_095;organique_beauce_5;BTH;;RECOLTE;;0.0;0.0;7.55;;;;;;;;;;;;;0.0;6.68;3.0;;;;;;;;;
2020;317;beauce_5_sa_095;organique_beauce_5;BTH;;SEMIS;semis;0.0;2.1;;;;;;;;;;;;;;;;;;;;;;;;;
2020;194;beauce_5_sa_096;organique_beauce_5;BTH;;RECOLTE;;0.0;0.0;8.87;;;;;;;;;;;;;0.0;7.85;3.0;;;;;;;;;
2020;265;beauce_5_sa_096;organique_beauce_5;BTH;;SEMIS;semis;0.0;2.1;;;;;;;;;;;;;;;;;;;;;;;;;
2020;33;beauce_5_sa_096;organique_beauce_5;BTH;;FERTI;;0.0;0.0;;;;;;AN;mineral;N;;42.8;42.8;0.0;0.0;;;;;;;;;;;;
2020;142;beauce_5_sa_096;organique_beauce_5;BTH;;FERTI;;0.0;0.0;;;;;;AN;mineral;N;;22.5;22.5;0.0;0.0;;;;;;;;;;;;
2020;240;beauce_5_sa_096;organique_beauce_5;BTH;;TRAVAIL_SOL;travail_sol_1;0.0;17.8;;;;;;;;;;;;;;;;;;;;;;;;;
2020;188;beauce_5_sa_097;organique_beauce_5;BTH;;RECOLTE;;0.0;0.0;8.35;;;;;;;;;;;;;0.0;7.38;3.0;;;;;;;;;
2020;260;beauce_5_sa_097;organique_beauce_5;BTH;;SEMIS;semis;0.0;3.4;;;;;;;;;;;;;;;;;;;;;;;;;
2020;116;beauce_5_sa_097;organique_beauce_5;BTH;;FERTI;;0.0;0.0;;;;;;AN;mineral;N;;96.9;96.9;0.0;0.0;;;;;;;;;;;;
2020;117;beauce_5_sa_097;organique_beauce_5;BTH;;FERTI;;0.0;0.0;;;;;;AN;mineral;N;;45.1;45.1;0.0;0.0;;;;;;;;;;;;
2020;118;beauce_5_sa_097;organique_beauce_5;BTH;;FERTI;;0.0;0.0;;;;;;AN;mineral;N;;74.6;74.6;0.0;0.0;;;;;;;;;;;;
2020;225;beauce_5_sa_098;organique_beauce_5;BTH;;RECOLTE;;0.0;0.0;9.0;;;;;;;;;;;;;0.0;7.96;3.0;;;;;;;;;
2020;271;beauce_5_sa_098;organique_beauce_5;BTH;;SEMIS;semis;0.0;2.5;;;;;;;;;;;;;;;;;;;;;;;;;
2020;26;beauce_5_sa_098;organique_beauce_5;BTH;;FERTI;;0.0;0.0;;;;;;AN;mineral;N;;70.1;70.1;0.0;0.0;;;;;;;;;;;;
2020;66;beauce_5_sa_098;organique_beauce_5;BTH;;FERTI;;0.0;0.0;;;;;;AN;mineral;N;;59.3;59.3;0.0;0.0;;;;;;;;;;;;
2020;100;beauce_5_sa_098;organique_beauce_5;BTH;;FERTI;;0.0;0.0;;;;;;AN;mineral;N;;13.3;13.3;0.0;0.0;;;;;;;;;;;;
2020;266;beauce_5_sa_098;organique_beauce_5;BTH;;TRAVAIL_SOL;une_reprise;0.0;1.2;;;;;;;;;;;;;;;;;;;;;;;;;
2020;171;beauce_5_sa_099;organique_beauce_5;BTH;;RECOLTE;;0.0;0.0;8.91;;;;;;;;;;;;;0.0;7.88;3.0;;;;;;;;;
2020;283;beauce_5_sa_099;organique_beauce_5;BTH;;SEMIS;semis;0.0;3.0;;;;;;;;;;;;;;;;;;;;;;;;;
2020;153;beauce_5_sa_099;organique_beauce_5;BTH;;FERTI;;0.0;0.0;;;;;;AN;mineral;N;;46.3;46.3;0.0;0.0;;;;;;;;;;;;
2020;154;beauce_5_sa_099;organique_beauce_5;BTH;;FERTI;;0.0;0.0;;;;;;AN;mineral;N;;42.1;42.1;0.0;0.0;;;;;;;;;;;;
2020;357;beauce_5_sa_099;organique_beauce_5;BTH;;FERTI;;0.0;0.0;;;;;;AN;mineral;N;;67.7;67.7;0.0;0.0;;;;;;;;;;;;
2020;269;beauce_5_sa_099;organique_beauce_5;BTH;;TRAVAIL_SOL;une_reprise;0.0;15.2;;;;;;;;;;;;;;;;;;;;;;;;;
2021;213;beauce_5_sa_000;organique_beauce_5;BTH;;RECOLTE;;0.0;0.0;6.69;;;;;;;;;;;;;0.0;5.92;3.0;;;;;;;;;
2021;302;beauce_5_sa_000;organique_beauce_5;BTH;;SEMIS;semis;0.0;2.2;;;;;;;;;;;;;;;;;;;;;;;;;
2021;24;beauce_5_sa_000;organique_beauce_5;BTH;;FERTI;;0.0;0.0;;;;;;AN;mineral;N;;19.1;19.1;0.0;0.0;;;;;;;;;;;;
2021;290;beauce_5_sa_000;organique_beauce_5;BTH;;TRAVAIL_SOL;une_reprise;0.0;5.9;;;;;;;;;;;;;;;;;;;;;;;;;
2021;202;beauce_5_sa_001;organique_beauce_5;BTH;;RECOLTE;;0.0;0.0;5.8;;;;;;;;;;;;;0.0;5.13;3.0;;;;;;;;;
2021;279;beauce_5_sa_001;organique_beauce_5;BTH;;SEMIS;semis;0.0;3.6;;;;;;;;;;;;;;;;;;;;;;;;;
2021;243;beauce_5_sa_001;organique_beauce_5;BTH;;TRAVAIL_SOL;travail_sol_1;0.0;5.9;;;;;;;;;;;;;;;;;;;;;;;;;
2021;200;beauce_5_sa_002;organique_beauce_5;BTH;;RECOLTE;;0.0;0.0;5.2;;;;;;;;;;;;;0.0;4.6;3.0;;;;;;;;;
2021;288;beauce_5_sa_002;organique_beauce_5;BTH;;SEMIS;semis;0.0;3.2;;;;;;;;;;;;;;;;;;;;;;;;;
2021;273;beauce_5_sa_002;organique_beauce_5;BTH;;TRAVAIL_SOL;une_reprise;0.0;12.7;;;;;;;;;;;;;;;;;;;;;;;;;
2021;206;beauce_5_sa_003;organique_beauce_5;BTH;;RECOLTE;;0.0;0.0;4.95;;;;;;;;;;;;;0.0;4.38;3.0;;;;;;;;;
2021;270;beauce_5_sa_003;organique_beauce_5;BTH;;SEMIS;semis;0.0;2.6;;;;;;;;;;;;;;;;;;;;;;;;;
2021;196;beauce_5_sa_004;organique_beauce_5;BTH;;RECOLTE;;0.0;0.0;5.43;;;;;;;;;;;;;0.0;4.81;3.0;;;;;;;;;
2021;289;beauce_5_sa_004;organique_beauce_5;BTH;;SEMIS;semis;0.0;3.8;;;;;;;;;;;;;;;;;;;;;;;;;
2021;260;beauce_5_sa_004;organique_beauce_5;BTH;;TRAVAIL_SOL;travail_sol_1;0.0;16.5;;;;;;;;;;;;;;;;;;;;;;;;;
2021;182;beauce_5_sa_005;organique_beauce_5;BTH;;RECOLTE;;0.0;0.0;8.16;;;;;;;;;;;;;0.0;7.22;3.0;;;;;;;;;
2021;275;beauce_5_sa_005;organique_beauce_5;BTH;;SEMIS;semis;0.0;3.2;;;;;;;;;;;;;;;;;;;;;;;;;
2021;354;beauce_5_sa_005;organique_beauce_5;BTH;;FERTI;;0.0;0.0;;;;;;AN;mineral;N;;78.1;78.1;0.0;0.0;;;;;;;;;;;;
2021;265;beauce_5_sa_005;organique_beauce_5;BTH;;TRAVAIL_SOL;travail_sol_1;0.0;22.9;;;;;;;;;;;;;;;;;;;;;;;;;
2021;221;beauce_5_sa_006;organique_beauce_5;BTH;;RECOLTE;;0.0;0.0;9.0;;;;;;;;;;;;;0.0;7.96;3.0;;;;;;;;;
2021;272;beauce_5_sa_006;organique_beauce_5;BTH;;SEMIS;semis;0.0;1.8;;;;;;;;;;;;;;;;;;;;;;;;;
2021;60;beauce_5_sa_006;organique_beauce_5;BTH;;FERTI;;0.0;0.0;;;;;;AN;mineral;N;;99.3;99.3;0.0;0.0;;;;;;;;;;;;
2021;92;beauce_5_sa_006;organique_beauce_5;BTH;;FERTI;;0.0;0.0;;;;;;AN;mineral;N;;90.0;90.0;0.0;0.0;;;;;;;;;;;;
2021;135;beauce_5_sa_006;organique_beauce_5;BTH;;FERTI;;0.0;0.0;;;;;;AN;mineral;N;;44.5;44.5;0.0;0.0;;;;;;;;;;;;
2021;248;beauce_5_sa_006;organique_beauce_5;BTH;;TRAVAIL_SOL;une_reprise;0.0;17.6;;;;;;;;;;;;;;;;;;;;;;;;;
2021;230;beauce_5_sa_007;organique_beauce_5;BTH;;RECOLTE;;0.0;0.0;4.84;;;;;;;;;;;;;0.0;4.28;3.0;;;;;;;;;
2021;299;beauce_5_sa_007;organique_beauce_5;BTH;;SEMIS;semis;0.0;3.0;;;;;;;;;;;;;;;;;;;;;;;;;
2021;196;beauce_5_sa_008;organique_beauce_5;BTH;;RECOLTE;;0.0;0.0;9.0;;;;;;;;;;;;;0.0;7.96;3.0;;;;;;;;;
2021;318;beauce_5_sa_008;organique_beauce_5;BTH;;SEMIS;semis;0.0;3.6;;;;;;;;;;;;;;;;;;;;;;;;;
2021;8;beauce_5_sa_008;organique_beauce_5;BTH;;FERTI;;0.0;0.0;;;;;;AN;mineral;N;;47.9;47.9;0.0;0.0;;;;;;;;;;;;
2021;65;beauce_5_sa_008;organique_beauce_5;BTH;;FERTI;;0.0;0.0;;;;;;AN;mineral;N;;72.3;72.3;0.0;0.0;;;;;;;;;;;;
2021;136;beauce_5_sa_008;organique_beauce_5;BTH;;FERTI;;0.0;0.0;;;;;;AN;mineral;N;;67.1;67.1;0.0;0.0;;;;;;;;;;;;
2021;313;beauce_5_sa_008;organique_beauce_5;BTH;;TRAVAIL_SOL;travail_sol_1;0.0;3.0;;;;;;;;;;;;;;;;;;;;;;;;;
2021;193;beauce_5_sa_009;organique_beauce_5;BTH;;RECOLTE;;0.0;0.0;4.54;;;;;;;;;;;;;0.0;4.02;3.0;;;;;;;;;
2021;300;beauce_5_sa_009;organique_beauce_5;BTH;;SEMIS;semis;0.0;3.1;;;;;;;;;;;;;;;;;;;;;;;;;
2021;206;beauce_5_sa_010;organique_beauce_5;BTH;;RECOLTE;;0.0;0.0;5.63;;;;;;;;;;;;;0.0;4.98;3.0;;;;;;;;;
2021;297;beauce_5_sa_010;organique_beauce_5;BTH;;SEMIS;semis;0.0;3.7;;;;;;;;;;;;;;;;;;;;;;;;;
2021;255;beauce_5_sa_010;organique_beauce_5;BTH;;TRAVAIL_SOL;travail_sol_1;0.0;19.5;;;;;;;;;;;;;;;;;;;;;;;;;
2021;222;beauce_5_sa_011;organique_beauce_5;BTH;;RECOLTE;;0.0;0.0;7.43;;;;;;;;;;;;;0.0;6.58;3.0;;;;;;;;;
2021;310;beauce_5_sa_011;organique_beauce_5;BTH;;SEMIS;semis;0.0;2.3;;;;;;;;;;;;;;;;;;;;;;;;;
2021;150;beauce_5_sa_011;organique_beauce_5;BTH;;FERTI;;0.0;0.0;;;;;;AN;mineral;N;;81.4;81.4;0.0;0.0;;;;;;;;;;;;
2021;181;beauce_5_sa_012;organique_beauce_5;BTH;;RECOLTE;;0.0;0.0;8.38;;;;;;;;;;;;;0.0;7.41;3.0;;;;;;;;;
2021;292;beauce_5_sa_012;organique_beauce_5;BTH;;SEMIS;semis;0.0;3.7;;;;;;;;;;;;;;;;;;;;;;;;;
2021;100;beauce_5_sa_012;organique_beauce_5;BTH;;FERTI;;0.0;0.0;;;;;;AN;mineral;N;;13.5;13.5;0.0;0.0;;;;;;;;;;;;
2021;167;beauce_5_sa_012;organique_beauce_5;BTH;;FERTI;;0.0;0.0;;;;;;AN;mineral;N;;48.0;48.0;0.0;0.0;;;;;;;;;;;;
2021;168;beauce_5_sa_012;organique_beauce_5;BTH;;FERTI;;0.0;0.0;;;;;;AN;mineral;N;;49.7;49.7;0.0;0.0;;;;;;;;;;;;
2021;271;beauce_5_sa_012;organique_beauce_5;BTH;;TRAVAIL_SOL;une_reprise;0.0;21.8;;;;;;;;;;;;;;;;;;;;;;;;;
2021;224;beauce_5_sa_013;organique_beauce_5;BTH;;RECOLTE;;0.0;0.0;4.8;;;;;;;;;;;;;0.0;4.25;3.0;;;;;;;;;
2021;279;beauce_5_sa_013;organique_beauce_5;BTH;;SEMIS;semis;0.0;2.1;;;;;;;;;;;;;;;;;;;;;;;;;
2021;274;beauce_5_sa_013;organique_beauce_5;BTH;;TRAVAIL_SOL;travail_sol_1;0.0;15.3;;;;;;;;;;;;;;;;;;;;;;;;;
2021;219;beauce_5_sa_014;organique_beauce_5;BTH;;RECOLTE;;0.0;0.0;8.76;;;;;;;;;;;;;0.0;7.75;3.0;;;;;;;;;
2021;292;beauce_5_sa_014;organique_beauce_5;BTH;;SEMIS;semis;0.0;3.9;;;;;;;;;;;;;;;;;;;;;;;;;
2021;34;beauce_5_sa_014;organique_beauce_5;BTH;;FERTI;;0.0;0.0;;;;;;AN;mineral;N;;88.0;88.0;0.0;0.0;;;;;;;;;;;;
2021;279;beauce_5_sa_014;organique_beauce_5;BTH;;TRAVAIL_SOL;travail_sol_1;0.0;7.7;;;;;;;;;;;;;;;;;;;;;;;;;
2021;217;beauce_5_sa_015;organique_beauce_5;BTH;;RECOLTE;;0.0;0.0;6.83;;;;;;;;;;;;;0.0;6.04;3.0;;;;;;;;;
2021;263;beauce_5_sa_015;organique_beauce_5;BTH;;SEMIS;semis;0.0;2.8;;;;;;;;;;;;;;;;;;;;;;;;;
2021;15;beauce_5_sa_015;organique_beauce_5;BTH;;FERTI;;0.0;0.0;;;;;;AN;mineral;N;;28.4;28.4;0.0;0.0;;;;;;;;;;;;
2021;186;beauce_5_sa_016;organique_beauce_5;BTH;;RECOLTE;;0.0;0.0;8.35;;;;;;;;;;;;;0.0;7.39;3.0;;;;;;;;;
2021;261;beauce_5_sa_016;organique_beauce_5;BTH;;SEMIS;semis;0.0;2.3;;;;;;;;;;;;;;;;;;;;;;;;;
2021;73;beauce_5_sa_016;organique_beauce_5;BTH;;FERTI;;0.0;0.0;;;;;;AN;mineral;N;;14.7;14.7;0.0;0.0;;;;;;;;;;;;
2021;158;beauce_5_sa_016;organique_beauce_5;BTH;;FERTI;;0.0;0.0;;;;;;AN;mineral;N;;73.5;73.5;0.0;0.0;;;;;;;;;;;;
2021;228;beauce_5_sa_016;organique_beauce_5;BTH;;TRAVAIL_SOL;travail_sol_1;0.0;18.8;;;;;;;;;;;;;;;;;;;;;;;;;
2021;188;beauce_5_sa_017;organique_beauce_5;BTH;;RECOLTE;;0.0;0.0;9.0;;;;;;;;;;;;;0.0;7.96;3.0;;;;;;;;;
2021;292;beauce_5_sa_017;organique_beauce_5;BTH;;SEMIS;semis;0.0;1.2;;;;;;;;;;;;;;;;;;;;;;;;;
2021;148;beauce_5_sa_017;organique_beauce_5;BTH;;FERTI;;0.0;0.0;;;;;;AN;mineral;N;;68.4;68.4;0.0;0.0;;;;;;;;;;;;
2021;149;beauce_5_sa_017;organique_beauce_5;BTH;;FERTI;;0.0;0.0;;;;;;AN;mineral;N;;57.9;57.9;0.0;0.0;;;;;;;;;;;;
2021;363;beauce_5_sa_017;organique_beauce_5;BTH;;FERTI;;0.0;0.0;;;;;;AN;mineral;N;;80.4;80.4;0.0;0.0;;;;;;;;;;;;
2021;215;beauce_5_sa_018;organique_beauce_5;BTH;;RECOLTE;;0.0;0.0;9.0;;;;;;;;;;;;;0.0;7.96;3.0;;;;;;;;;
2021;270;beauce_5_sa_018;organique_beauce_5;BTH;;SEMIS;semis;0.0;2.3;;;;;;;;;;;;;;;;;;;;;;;;;
2021;122;beauce_5_sa_018;organique_beauce_5;BTH;;FERTI;;0.0;0.0;;;;;;AN;mineral;N;;36.9;36.9;0.0;0.0;;;;;;;;;;;;
2021;126;beauce_5_sa_018;organique_beauce_5;BTH;;FERTI;;0.0;0.0;;;;;;AN;mineral;N;;86.8;86.8;0.0;0.0;;;;;;;;;;;;
2021;331;beauce_5_sa_018;organique_beauce_5;BTH;;FERTI;;0.0;0.0;;;;;;AN;mineral;N;;67.7;67.7;0.0;0.0;;;;;;;;;;;;
2021;258;beauce_5_sa_018;organique_beauce_5;BTH;;TRAVAIL_SOL;une_reprise;0.0;20.2;;;;;;;;;;;;;;;;;;;;;;;;;
2021;193;beauce_5_sa_019;organique_beauce_5;BTH;;RECOLTE;;0.0;0.0;8.97;;;;;;;;;;;;;0.0;7.93;3.0;;;;;;;;;
2021;259;beauce_5_sa_019;organique_beauce_5;BTH;;SEMIS;semis;0.0;1.4;;;;;;;;;;;;;;;;;;;;;;;;;
2021;169;beauce_5_sa_019;organique_beauce_5;BTH;;FERTI;;0.0;0.0;;;;;;AN;mineral;N;;87.6;87.6;0.0;0.0;;;;;;;;;;;;
2021;170;beauce_5_sa_019;organique_beauce_5;BTH;;FERTI;;0.0;0.0;;;;;;AN;mineral;N;;44.9;44.9;0.0;0.0;;;;;;;;;;;;
2021;223;beauce_5_sa_019;organique_beauce_5;BTH;;TRAVAIL_SOL;une_reprise;0.0;3.5;;;;;;;;;;;;;;;;;;;;;;;;;
2021;207;beauce_5_sa_020;organique_beauce_5;BTH;;RECOLTE;;0.0;0.0;8.51;;;;;;;;;;;;;0.0;7.53;3.0;;;;;;;;;
2021;299;beauce_5_sa_020;organique_beauce_5;BTH;;SEMIS;semis;0.0;3.5;;;;;;;;;;;;;;;;;;;;;;;;;
2021;22;beauce_5_sa_020;organique_beauce_5;BTH;;FERTI;;0.0;0.0;;;;;;AN;mineral;N;;38.2;38.2;0.0;0.0;;;;;;;;;;;;
2021;144;beauce_5_sa_020;organique_beauce_5;BTH;;FERTI;;0.0;0.0;;;;;;AN;mineral;N;;47.6;47.6;0.0;0.0;;;;;;;;;;;;
2021;289;beauce_5_sa_020;organique_beauce_5;BTH;;TRAVAIL_SOL;travail_sol_1;0.0;14.5;;;;;;;;;;;;;;;;;;;;;;;;;
2021;227;beauce_5_sa_021;organique_beauce_5;BTH;;RECOLTE;;0.0;0.0;4.99;;;;;;;;;;;;;0.0;4.42;3.0;;;;;;;;;
2021;318;beauce_5_sa_021;organique_beauce_5;BTH;;SEMIS;semis;0.0;2.3;;;;;;;;;;;;;;;;;;;;;;;;;
2021;190;beauce_5_sa_022;organique_beauce_5;BTH;;RECOLTE;;0.0;0.0;7.48;;;;;;;;;;;;;0.0;6.62;3.0;;;;;;;;;
2021;279;beauce_5_sa_022;organique_beauce_5;BTH;;SEMIS;semis;0.0;1.9;;;;;;;;;;;;;;;;;;;;;;;;;
2021;137;beauce_5_sa_022;organique_beauce_5;BTH;;FERTI;;0.0;0.0;;;;;;AN;mineral;N;;65.2;65.2;0.0;0.0;;;;;;;;;;;;
2021;171;beauce_5_sa_023;organique_beauce_5;BTH;;RECOLTE;;0.0;0.0;8.99;;;;;;;;;;;;;0.0;7.96;3.0;;;;;;;;;
2021;310;beauce_5_sa_023;organique_beauce_5;BTH;;SEMIS;semis;0.0;4.0;;;;;;;;;;;;;;;;;;;;;;;;;
2021;33;beauce_5_sa_023;organique_beauce_5;BTH;;FERTI;;0.0;0.0;;;;;;AN;mineral;N;;47.8;47.8;0.0;0.0;;;;;;;;;;;;
2021;129;beauce_5_sa_023;organique_beauce_5;BTH;;FERTI;;0.0;0.0;;;;;;AN;mineral;N;;83.4;83.4;0.0;0.0;;;;;;;;;;;;
2021;155;beauce_5_sa_023;organique_beauce_5;BTH;;FERTI;;0.0;0.0;;;;;;AN;mineral;N;;48.9;48.9;0.0;0.0;;;;;;;;;;;;
2021;289;beauce_5_sa_023;organique_beauce_5;BTH;;TRAVAIL_SOL;travail_sol_1;0.0;3.7;;;;;;;;;;;;;;;;;;;;;;;;;
2021;179;beauce_5_sa_024;organique_beauce_5;BTH;;RECOLTE;;0.0;0.0;8.83;;;;;;;;;;;;;0.0;7.82;3.0;;;;;;;;;
2021;317;beauce_5_sa_024;organique_beauce_5;BTH;;SEMIS;semis;0.0;1.3;;;;;;;;;;;;;;;;;;;;;;;;;
2021;153;beauce_5_sa_024;organique_beauce_5;BTH;;FERTI;;0.0;0.0;;;;;;AN;mineral;N;;76.2;76.2;0.0;0.0;;;;;;;;;;;;
2021;355;beauce_5_sa_024;organique_beauce_5;BTH;;FERTI;;0.0;0.0;;;;;;AN;mineral;N;;87.9;87.9;0.0;0.0;;;;;;;;;;;;
2021;196;beauce_5_sa_025;organique_beauce_5;BTH;;RECOLTE;;0.0;0.0;4.79;;;;;;;;;;;;;0.0;4.24;3.0;;;;;;;;;
2021;317;beauce_5_sa_025;organique_beauce_5;BTH;;SEMIS;semis;0.0;2.8;;;;;;;;;;;;;;;;;;;;;;;;;
2021;183;beauce_5_sa_026;organique_beauce_5;BTH;;RECOLTE;;0.0;0.0;4.71;;;;;;;;;;;;;0.0;4.17;3.0;;;;;;;;;
2021;283;beauce_5_sa_026;organique_beauce_5;BTH;;SEMIS;semis;0.0;3.7;;;;;;;;;;;;;;;;;;;;;;;;;
2021;205;beauce_5_sa_027;organique_beauce_5;BTH;;RECOLTE;;0.0;0.0;9.0;;;;;;;;;;;;;0.0;7.96;3.0;;;;;;;;;
2021;318;beauce_5_sa_027;organique_beauce_5;BTH;;SEMIS;semis;0.0;1.8;;;;;;;;;;;;;;;;;;;;;;;;;
2021;74;beauce_5_sa_027;organique_beauce_5;BTH;;FERTI;;0.0;0.0;;;;;;AN;mineral;N;;62.0;62.0;0.0;0.0;;;;;;;;;;;;
2021;135;beauce_5_sa_027;organique_beauce_5;BTH;;FERTI;;0.0;0.0;;;;;;AN;mineral;N;;89.0;89.0;0.0;0.0;;;;;;;;;;;;
2021;364;beauce_5_sa_027;organique_beauce_5;BTH;;FERTI;;0.0;0.0;;;;;;AN;mineral;N;;56.1;56.1;0.0;0.0;;;;;;;;;;;;
2021;201;beauce_5_sa_028;organique_beauce_5;BTH;;RECOLTE;;0.0;0.0;8.12;;;;;;;;;;;;;0.0;7.18;3.0;;;;;;;;;
2021;289;beauce_5_sa_028;organique_beauce_5;BTH;;SEMIS;semis;0.0;1.7;;;;;;;;;;;;;;;;;;;;;;;;;
2021;107;beauce_5_sa_028;organique_beauce_5;BTH;;FERTI;;0.0;0.0;;;;;;AN;mineral;N;;28.6;28.6;0.0;0.0;;;;;;;;;;;;
2021;114;beauce_5_sa_028;organique_beauce_5;BTH;;FERTI;;0.0;0.0;;;;;;AN;mineral;N;;34.7;34.7;0.0;0.0;;;;;;;;;;;;
2021;277;beauce_5_sa_028;organique_beauce_5;BTH;;TRAVAIL_SOL;une_reprise;0.0;19.8;;;;;;;;;;;;;;;;;;;;;;;;;
2021;230;beauce_5_sa_029;organique_beauce_5;BTH;;RECOLTE;;0.0;0.0;8.45;;;;;;;;;;;;;0.0;7.47;3.0;;;;;;;;;
2021;278;beauce_5_sa_029;organique_beauce_5;BTH;;SEMIS;semis;0.0;3.3;;;;;;;;;;;;;;;;;;;;;;;;;
2021;117;beauce_5_sa_029;organique_beauce_5;BTH;;FERTI;;0.0;0.0;;;;;;AN;mineral;N;;24.7;24.7;0.0;0.0;;;;;;;;;;;;
2021;150;beauce_5_sa_029;organique_beauce_5;BTH;;FERTI;;0.0;0.0;;;;;;AN;mineral;N;;82.3;82.3;0.0;0.0;;;;;;;;;;;;
2021;169;beauce_5_sa_029;organique_beauce_5;BTH;;FERTI;;0.0;0.0;;;;;;AN;mineral;N;;10.6;10.6;0.0;0.0;;;;;;;;;;;;
2021;257;beauce_5_sa_029;organique_beauce_5;BTH;;TRAVAIL_SOL;une_reprise;0.0;12.4;;;;;;;;;;;;;;;;;;;;;;;;;
2021;219;beauce_5_sa_030;organique_beauce_5;BTH;;RECOLTE;;0.0;0.0;8.62;;;;;;;;;;;;;0.0;7.63;3.0;;;;;;;;;
2021;297;beauce_5_sa_030;organique_beauce_5;BTH;;SEMIS;semis;0.0;1.1;;;;;;;;;;;;;;;;;;;;;;;;;
2021;26;beauce_5_sa_030;organique_beauce_5;BTH;;FERTI;;0.0;0.0;;;;;;AN;mineral;N;;18.9;18.9;0.0;0.0;;;;;;;;;;;;
2021;161;beauce_5_sa_030;organique_beauce_5;BTH;;FERTI;;0.0;0.0;;;;;;AN;mineral;N;;31.7;31.7;0.0;0.0;;;;;;;;;;;;
2021;162;beauce_5_sa_030;organique_beauce_5;BTH;;FERTI;;0.0;0.0;;;;;;AN;mineral;N;;62.6;62.6;0.0;0.0;;;;;;;;;;;;
2021;257;beauce_5_sa_030;organique_beauce_5;BTH;;TRAVAIL_SOL;une_reprise;0.0;24.4;;;;;;;;;;;;;;;;;;;;;;;;;
2021;208;beauce_5_sa_031;organique_beauce_5;BTH;;RECOLTE;;0.0;0.0;5.69;;;;;;;;;;;;;0.0;5.04;3.0;;;;;;;;;
2021;294;beauce_5_sa_031;organique_beauce_5;BTH;;SEMIS;semis;0.0;2.6;;;;;;;;;;;;;;;;;;;;;;;;;
2021;252;beauce_5_sa_031;organique_beauce_5;BTH;;TRAVAIL_SOL;une_reprise;0.0;10.4;;;;;;;;;;;;;;;;;;;;;;;;;
2021;209;beauce_5_sa_032;organique_beauce_5;BTH;;RECOLTE;;0.0;0.0;9.0;;;;;;;;;;;;;0.0;7.96;3.0;;;;;;;;;
2021;260;beauce_5_sa_032;organique_beauce_5;BTH;;SEMIS;semis;0.0;1.4;;;;;;;;;;;;;;;;;;;;;;;;;
2021;99;beauce_5_sa_032;organique_beauce_5;BTH;;FERTI;;0.0;0.0;;;;;;AN;mineral;N;;46.3;46.3;0.0;0.0;;;;;;;;;;;;
2021;135;beauce_5_sa_032;organique_beauce_5;BTH;;FERTI;;0.0;0.0;;;;;;AN;mineral;N;;91.8;91.8;0.0;0.0;;;;;;;;;;;;
2021;355;beauce_5_sa_032;organique_beauce_5;BTH;;FERTI;;0.0;0.0;;;;;;AN;mineral;N;;93.9;93.9;0.0;0.0;;;;;;;;;;;;
2021;233;beauce_5_sa_032;organique_beauce_5;BTH;;TRAVAIL_SOL;une_reprise;0.0;3.0;;;;;;;;;;;;;;;;;;;;;;;;;
2021;171;beauce_5_sa_033;organique_beauce_5;BTH;;RECOLTE;;0.0;0.0;3.97;;;;;;;;;;;;;0.0;3.51;3.0;;;;;;;;;
2021;313;beauce_5_sa_033;organique_beauce_5;BTH;;SEMIS;semis;0.0;1.0;;;;;;;;;;;;;;;;;;;;;;;;;
2021;293;beauce_5_sa_033;organique_beauce_5;BTH;;TRAVAIL_SOL;travail_sol_1;0.0;17.9;;;;;;;;;;;;;;;;;;;;;;;;;
2021;192;beauce_5_sa_034;organique_beauce_5;BTH;;RECOLTE;;0.0;0.0;6.44;;;;;;;;;;;;;0.0;5.7;3.0;;;;;;;;;
2021;258;beauce_5_sa_034;organique_beauce_5;BTH;;SEMIS;semis;0.0;3.0;;;;;;;;;;;;;;;;;;;;;;;;;
2021;70;beauce_5_sa_034;organique_beauce_5;BTH;;FERTI;;0.0;0.0;;;;;;AN;mineral;N;;33.2;33.2;0.0;0.0;;;;;;;;;;;;
2021;181;beauce_5_sa_035;organique_beauce_5;BTH;;RECOLTE;;0.0;0.0;4.45;;;;;;;;;;;;;0.0;3.94;3.0;;;;;;;;;
2021;293;beauce_5_sa_035;organique_beauce_5;BTH;;SEMIS;semis;0.0;1.2;;;;;;;;;;;;;;;;;;;;;;;;;
2021;212;beauce_5_sa_036;organique_beauce_5;BTH;;RECOLTE;;0.0;0.0;8.73;;;;;;;;;;;;;0.0;7.72;3.0;;;;;;;;;
2021;314;beauce_5_sa_036;organique_beauce_5;BTH;;SEMIS;semis;0.0;3.2;;;;;;;;;;;;;;;;;;;;;;;;;
2021;130;beauce_5_sa_036;organique_beauce_5;BTH;;FERTI;;0.0;0.0;;;;;;AN;mineral;N;;48.1;48.1;0.0;0.0;;;;;;;;;;;;
2021;338;beauce_5_sa_036;organique_beauce_5;BTH;;FERTI;;0.0;0.0;;;;;;AN;mineral;N;;40.6;40.6;0.0;0.0;;;;;;;;;;;;
2021;303;beauce_5_sa_036;organique_beauce_5;BTH;;TRAVAIL_SOL;travail_sol_1;0.0;2.8;;;;;;;;;;;;;;;;;;;;;;;;;
2021;201;beauce_5_sa_037;organique_beauce_5;BTH;;RECOLTE;;0.0;0.0;5.51;;;;;;;;;;;;;0.0;4.87;3.0;;;;;;;;;
2021;302;beauce_5_sa_037;organique_beauce_5;BTH;;SEMIS;semis;0.0;1.7;;;;;;;;;;;;;;;;;;;;;;;;;
2021;205;beauce_5_sa_038;organique_beauce_5;BTH;;RECOLTE;;0.0;0.0;9.0;;;;;;;;;;;;;0.0;7.96;3.0;;;;;;;;;
2021;298;beauce_5_sa_038;organique_beauce_5;BTH;;SEMIS;semis;0.0;2.8;;;;;;;;;;;;;;;;;;;;;;;;;
2021;8;beauce_5_sa_038;organique_beauce_5;BTH;;FERTI;;0.0;0.0;;;;;;AN;mineral;N;;99.5;99.5;0.0;0.0;;;;;;;;;;;;
2021;152;beauce_5_sa_038;organique_beauce_5;BTH;;FERTI;;0.0;0.0;;;;;;AN;mineral;N;;63.9;63.9;0.0;0.0;;;;;;;;;;;;
2021;153;beauce_5_sa_038;organique_beauce_5;BTH;;FERTI;;0.0;0.0;;;;;;AN;mineral;N;;10.1;10.1;0.0;0.0;;;;;;;;;;;;
2021;275;beauce_5_sa_038;organique_beauce_5;BTH;;TRAVAIL_SOL;une_reprise;0.0;9.2;;;;;;;;;;;;;;;;;;;;;;;;;
2021;225;beauce_5_sa_039;organique_beauce_5;BTH;;RECOLTE;;0.0;0.0;9.0;;;;;;;;;;;;;0.0;7.96;3.0;;;;;;;;;
2021;296;beauce_5_sa_039;organique_beauce_5;BTH;;SEMIS;semis;0.0;2.8;;;;;;;;;;;;;;;;;;;;;;;;;
2021;38;beauce_5_sa_039;organique_beauce_5;BTH;;FERTI;;0.0;0.0;;;;;;AN;mineral;N;;54.7;54.7;0.0;0.0;;;;;;;;;;;;
2021;124;beauce_5_sa_039;organique_beauce_5;BTH;;FERTI;;0.0;0.0;;;;;;AN;mineral;N;;92.4;92.4;0.0;0.0;;;;;;;;;;;;
2021;156;beauce_5_sa_039;organique_beauce_5;BTH;;FERTI;;0.0;0.0;;;;;;AN;mineral;N;;27.0;27.0;0.0;0.0;;;;;;;;;;;;
2021;271;beauce_5_sa_039;organique_beauce_5;BTH;;TRAVAIL_SOL;travail_sol_1;0.0;13.8;;;;;;;;;;;;;;;;;;;;;;;;;
2021;222;beauce_5_sa_040;organique_beauce_5;BTH;;RECOLTE;;0.0;0.0;6.28;;;;;;;;;;;;;0.0;5.55;3.0;;;;;;;;;
2021;299;beauce_5_sa_040;organique_beauce_5;BTH;;SEMIS;semis;0.0;1.1;;;;;;;;;;;;;;;;;;;;;;;;;
2021;83;beauce_5_sa_040;organique_beauce_5;BTH;;FERTI;;0.0;0.0;;;;;;AN;mineral;N;;17.3;17.3;0.0;0.0;;;;;;;;;;;;
2021;185;beauce_5_sa_041;organique_beauce_5;BTH;;RECOLTE;;0.0;0.0;7.61;;;;;;;;;;;;;0.0;6.73;3.0;;;;;;;;;
2021;271;beauce_5_sa_041;organique_beauce_5;BTH;;SEMIS;semis;0.0;1.6;;;;;;;;;;;;;;;;;;;;;;;;;
2021;33;beauce_5_sa_041;organique_beauce_5;BTH;;FERTI;;0.0;0.0;;;;;;AN;mineral;N;;41.6;41.6;0.0;0.0;;;;;;;;;;;;
2021;190;beauce_5_sa_042;organique_beauce_5;BTH;;RECOLTE;;0.0;0.0;7.53;;;;;;;;;;;;;0.0;6.67;3.0;;;;;;;;;
2021;274;beauce_5_sa_042;organique_beauce_5;BTH;;SEMIS;semis;0.0;2.9;;;;;;;;;;;;;;;;;;;;;;;;;
2021;86;beauce_5_sa_042;organique_beauce_5;BTH;;FERTI;;0.0;0.0;;;;;;AN;mineral;N;;42.2;42.2;0.0;0.0;;;;;;;;;;;;
2021;270;beauce_5_sa_042;organique_beauce_5;BTH;;TRAVAIL_SOL;une_reprise;0.0;2.4;;;;;;;;;;;;;;;;;;;;;;;;;
2021;210;beauce_5_sa_043;organique_beauce_5;BTH;;RECOLTE;;0.0;0.0;9.0;;;;;;;;;;;;;0.0;7.96;3.0;;;;;;;;;
2021;274;beauce_5_sa_043;organique_beauce_5;BTH;;SEMIS;semis;0.0;2.2;;;;;;;;;;;;;;;;;;;;;;;;;
2021;28;beauce_5_sa_043;organique_beauce_5;BTH;;FERTI;;0.0;0.0;;;;;;AN;mineral;N;;69.2;69.2;0.0;0.0;;;;;;;;;;;;
2021;85;beauce_5_sa_043;organique_beauce_5;BTH;;FERTI;;0.0;0.0;;;;;;AN;mineral;N;;58.1;58.1;0.0;0.0;;;;;;;;;;;;
2021;208;beauce_5_sa_044;organique_beauce_5;BTH;;RECOLTE;;0.0;0.0;4.77;;;;;;;;;;;;;0.0;4.22;3.0;;;;;;;;;
2021;312;beauce_5_sa_044;organique_beauce_5;BTH;;SEMIS;semis;0.0;3.1;;;;;;;;;;;;;;;;;;;;;;;;;
2021;222;beauce_5_sa_045;organique_beauce_5;BTH;;RECOLTE;;0.0;0.0;8.26;;;;;;;;;;;;;0.0;7.31;3.0;;;;;;;;;
2021;293;beauce_5_sa_045;organique_beauce_5;BTH;;SEMIS;semis;0.0;3.2;;;;;;;;;;;;;;;;;;;;;;;;;
2021;98;beauce_5_sa_045;organique_beauce_5;BTH;;FERTI;;0.0;0.0;;;;;;AN;mineral;N;;68.3;68.3;0.0;0.0;;;;;;;;;;;;
2021;209;beauce_5_sa_046;organique_beauce_5;BTH;;RECOLTE;;0.0;0.0;8.68;;;;;;;;;;;;;0.0;7.68;3.0;;;;;;;;;
2021;310;beauce_5_sa_046;organique_beauce_5;BTH;;SEMIS;semis;0.0;2.3;;;;;;;;;;;;;;;;;;;;;;;;;
2021;52;beauce_5_sa_046;organique_beauce_5;BTH;;FERTI;;0.0;0.0;;;;;;AN;mineral;N;;47.5;47.5;0.0;0.0;;;;;;;;;;;;
2021;94;beauce_5_sa_046;organique_beauce_5;BTH;;FERTI;;0.0;0.0;;;;;;AN;mineral;N;;28.8;28.8;0.0;0.0;;;;;;;;;;;;
2021;276;beauce_5_sa_046;organique_beauce_5;BTH;;TRAVAIL_SOL;travail_sol_1;0.0;6.7;;;;;;;;;;;;;;;;;;;;;;;;;
2021;202;beauce_5_sa_047;organique_beauce_5;BTH;;RECOLTE;;0.0;0.0;6.98;;;;;;;;;;;;;0.0;6.18;3.0;;;;;;;;;
2021;315;beauce_5_sa_047;organique_beauce_5;BTH;;SEMIS;semis;0.0;2.1;;;;;;;;;;;;;;;;;;;;;;;;;
2021;141;beauce_5_sa_047;organique_beauce_5;BTH;;FERTI;;0.0;0.0;;;;;;AN;mineral;N;;69.9;69.9;0.0;0.0;;;;;;;;;;;;
2021;196;beauce_5_sa_048;organique_beauce_5;BTH;;RECOLTE;;0.0;0.0;5.05;;;;;;;;;;;;;0.0;4.47;3.0;;;;;;;;;
2021;292;beauce_5_sa_048;organique_beauce_5;BTH;;SEMIS;semis;0.0;2.0;;;;;;;;;;;;;;;;;;;;;;;;;
2021;286;beauce_5_sa_048;organique_beauce_5;BTH;;TRAVAIL_SOL;une_reprise;0.0;4.7;;;;;;;;;;;;;;;;;;;;;;;;;
2021;202;beauce_5_sa_049;organique_beauce_5;BTH;;RECOLTE;;0.0;0.0;8.54;;;;;;;;;;;;;0.0;7.56;3.0;;;;;;;;;
2021;313;beauce_5_sa_049;organique_beauce_5;BTH;;SEMIS;semis;0.0;1.6;;;;;;;;;;;;;;;;;;;;;;;;;
2021;21;beauce_5_sa_049;organique_beauce_5;BTH;;FERTI;;0.0;0.0;;;;;;AN;mineral;N;;70.2;70.2;0.0;0.0;;;;;;;;;;;;
2021;209;beauce_5_sa_050;organique_beauce_5;BTH;;RECOLTE;;0.0;0.0;9.0;;;;;;;;;;;;;0.0;7.96;3.0;;;;;;;;;
2021;311;beauce_5_sa_050;organique_beauce_5;BTH;;SEMIS;semis;0.0;3.3;;;;;;;;;;;;;;;;;;;;;;;;;
2021;36;beauce_5_sa_050;organique_beauce_5;BTH;;FERTI;;0.0;0.0;;;;;;AN;mineral;N;;98.1;98.1;0.0;0.0;;;;;;;;;;;;
2021;137;beauce_5_sa_050;organique_beauce_5;BTH;;FERTI;;0.0;0.0;;;;;;AN;mineral;N;;88.9;88.9;0.0;0.0;;;;;;;;;;;;
2021;289;beauce_5_sa_050;organique_beauce_5;BTH;;TRAVAIL_SOL;une_reprise;0.0;12.6;;;;;;;;;;;;;;;;;;;;;;;;;
2021;217;beauce_5_sa_051;organique_beauce_5;BTH;;RECOLTE;;0.0;0.0;8.5;;;;;;;;;;;;;0.0;7.52;3.0;;;;;;;;;
2021;274;beauce_5_sa_051;organique_beauce_5;BTH;;SEMIS;semis;0.0;4.0;;;;;;;;;;;;;;;;;;;;;;;;;
2021;11;beauce_5_sa_051;organique_beauce_5;BTH;;FERTI;;0.0;0.0;;;;;;AN;mineral;N;;69.0;69.0;0.0;0.0;;;;;;;;;;;;
2021;263;beauce_5_sa_051;organique_beauce_5;BTH;;TRAVAIL_SOL;travail_sol_1;0.0;6.7;;;;;;;;;;;;;;;;;;;;;;;;;
2021;195;beauce_5_sa_052;organique_beauce_5;BTH;;RECOLTE;;0.0;0.0;5.04;;;;;;;;;;;;;0.0;4.46;3.0;;;;;;;;;
2021;308;beauce_5_sa_052;organique_beauce_5;BTH;;SEMIS;semis;0.0;2.1;;;;;;;;;;;;;;;;;;;;;;;;;
2021;276;beauce_5_sa_052;organique_beauce_5;BTH;;TRAVAIL_SOL;une_reprise;0.0;24.9;;;;;;;;;;;;;;;;;;;;;;;;;
2021;215;beauce_5_sa_053;organique_beauce_5;BTH;;RECOLTE;;0.0;0.0;5.08;;;;;;;;;;;;;0.0;4.49;3.0;;;;;;;;;
2021;269;beauce_5_sa_053;organique_beauce_5;BTH;;SEMIS;semis;0.0;3.2;;;;;;;;;;;;;;;;;;;;;;;;;
2021;249;beauce_5_sa_053;organique_beauce_5;BTH;;TRAVAIL_SOL;une_reprise;0.0;20.0;;;;;;;;;;;;;;;;;;;;;;;;;
2021;209;beauce_5_sa_054;organique_beauce_5;BTH;;RECOLTE;;0.0;0.0;7.88;;;;;;;;;;;;;0.0;6.97;3.0;;;;;;;;;
2021;274;beauce_5_sa_054;organique_beauce_5;BTH;;SEMIS;semis;0.0;1.5;;;;;;;;;;;;;;;;;;;;;;;;;
2021;4;beauce_5_sa_054;organique_beauce_5;BTH;;FERTI;;0.0;0.0;;;;;;AN;mineral;N;;31.1;31.1;0.0;0.0;;;;;;;;;;;;
2021;156;beauce_5_sa_054;organique_beauce_5;BTH;;FERTI;;0.0;0.0;;;;;;AN;mineral;N;;29.9;29.9;0.0;0.0;;;;;;;;;;;;
2021;224;beauce_5_sa_055;organique_beauce_5;BTH;;RECOLTE;;0.0;0.0;5.67;;;;;;;;;;;;;0.0;5.02;3.0;;;;;;;;;
2021;277;beauce_5_sa_055;organique_beauce_5;BTH;;SEMIS;semis;0.0;3.6;;;;;;;;;;;;;;;;;;;;;;;;;
2021;168;beauce_5_sa_055;organique_beauce_5;BTH;;FERTI;;0.0;0.0;;;;;;AN;mineral;N;;11.2;11.2;0.0;0.0;;;;;;;;;;;;
2021;200;beauce_5_sa_056;organique_beauce_5;BTH;;RECOLTE;;0.0;0.0;8.98;;;;;;;;;;;;;0.0;7.94;3.0;;;;;;;;;
2021;272;beauce_5_sa_056;organique_beauce_5;BTH;;SEMIS;semis;0.0;2.2;;;;;;;;;;;;;;;;;;;;;;;;;
2021;105;beauce_5_sa_056;organique_beauce_5;BTH;;FERTI;;0.0;0.0;;;;;;AN;mineral;N;;70.5;70.5;0.0;0.0;;;;;;;;;;;;
2021;106;beauce_5_sa_056;organique_beauce_5;BTH;;FERTI;;0.0;0.0;;;;;;AN;mineral;N;;91.5;91.5;0.0;0.0;;;;;;;;;;;;
2021;107;beauce_5_sa_056;organique_beauce_5;BTH;;FERTI;;0.0;0.0;;;;;;AN;mineral;N;;17.9;17.9;0.0;0.0;;;;;;;;;;;;
2021;230;beauce_5_sa_057;organique_beauce_5;BTH;;RECOLTE;;0.0;0.0;7.31;;;;;;;;;;;;;0.0;6.47;3.0;;;;;;;;;
2021;272;beauce_5_sa_057;organique_beauce_5;BTH;;SEMIS;semis;0.0;3.0;;;;;;;;;;;;;;;;;;;;;;;;;
2021;146;beauce_5_sa_057;organique_beauce_5;BTH;;FERTI;;0.0;0.0;;;;;;AN;mineral;N;;37.3;37.3;0.0;0.0;;;;;;;;;;;;
2021;165;beauce_5_sa_057;organique_beauce_5;BTH;;FERTI;;0.0;0.0;;;;;;AN;mineral;N;;55.8;55.8;0.0;0.0;;;;;;;;;;;;
2021;186;beauce_5_sa_058;organique_beauce_5;BTH;;RECOLTE;;0.0;0.0;8.84;;;;;;;;;;;;;0.0;7.82;3.0;;;;;;;;;
2021;263;beauce_5_sa_058;organique_beauce_5;BTH;;SEMIS;semis;0.0;1.3;;;;;;;;;;;;;;;;;;;;;;;;;
2021;87;beauce_5_sa_058;organique_beauce_5;BTH;;FERTI;;0.0;0.0;;;;;;AN;mineral;N;;79.0;79.0;0.0;0.0;;;;;;;;;;;;
2021;357;beauce_5_sa_058;organique_beauce_5;BTH;;FERTI;;0.0;0.0;;;;;;AN;mineral;N;;32.4;32.4;0.0;0.0;;;;;;;;;;;;
2021;255;beauce_5_sa_058;organique_beauce_5;BTH;;TRAVAIL_SOL;une_reprise;0.0;13.8;;;;;;;;;;;;;;;;;;;;;;;;;
2021;182;beauce_5_sa_059;organique_beauce_5;BTH;;RECOLTE;;0.0;0.0;4.78;;;;;;;;;;;;;0.0;4.23;3.0;;;;;;;;;
2021;300;beauce_5_sa_059;organique_beauce_5;BTH;;SEMIS;semis;0.0;1.0;;;;;;;;;;;;;;;;;;;;;;;;;
2021;113;beauce_5_sa_059;organique_beauce_5;BTH;;FERTI;;0.0;0.0;;;;;;AN;mineral;N;;10.0;10.0;0.0;0.0;;;;;;;;;;;;
2021;224;beauce_5_sa_060;organique_beauce_5;BTH;;RECOLTE;;0.0;0.0;4.99;;;;;;;;;;;;;0.0;4.41;3.0;;;;;;;;;
2021;306;beauce_5_sa_060;organique_beauce_5;BTH;;SEMIS;semis;0.0;3.5;;;;;;;;;;;;;;;;;;;;;;;;;
2021;172;beauce_5_sa_061;organique_beauce_5;BTH;;RECOLTE;;0.0;0.0;7.35;;;;;;;;;;;;;0.0;6.5;3.0;;;;;;;;;
2021;261;beauce_5_sa_061;organique_beauce_5;BTH;;SEMIS;semis;0.0;2.8;;;;;;;;;;;;;;;;;;;;;;;;;
2021;113;beauce_5_sa_061;organique_beauce_5;BTH;;FERTI;;0.0;0.0;;;;;;AN;mineral;N;;77.5;77.5;0.0;0.0;;;;;;;;;;;;
2021;245;beauce_5_sa_061;organique_beauce_5;BTH;;TRAVAIL_SOL;une_reprise;0.0;20.3;;;;;;;;;;;;;;;;;;;;;;;;;
2021;205;beauce_5_sa_062;organique_beauce_5;BTH;;RECOLTE;;0.0;0.0;5.16;;;;;;;;;;;;;0.0;4.57;3.0;;;;;;;;;
2021;291;beauce_5_sa_062;organique_beauce_5;BTH;;SEMIS;semis;0.0;3.6;;;;;;;;;;;;;;;;;;;;;;;;;
2021;192;beauce_5_sa_063;organique_beauce_5;BTH;;RECOLTE;;0.0;0.0;9.0;;;;;;;;;;;;;0.0;7.96;3.0;;;;;;;;;
2021;262;beauce_5_sa_063;organique_beauce_5;BTH;;SEMIS;semis;0.0;3.7;;;;;;;;;;;;;;;;;;;;;;;;;
2021;167;beauce_5_sa_063;organique_beauce_5;BTH;;FERTI;;0.0;0.0;;;;;;AN;mineral;N;;69.1;69.1;0.0;0.0;;;;;;;;;;;;
2021;168;beauce_5_sa_063;organique_beauce_5;BTH;;FERTI;;0.0;0.0;;;;;;AN;mineral;N;;44.7;44.7;0.0;0.0;;;;;;;;;;;;
2021;169;beauce_5_sa_063;organique_beauce_5;BTH;;FERTI;;0.0;0.0;;;;;;AN;mineral;N;;48.1;48.1;0.0;0.0;;;;;;;;;;;;
2021;219;beauce_5_sa_064;organique_beauce_5;BTH;;RECOLTE;;0.0;0.0;9.0;;;;;;;;;;;;;0.0;7.96;3.0;;;;;;;;;
2021;275;beauce_5_sa_064;organique_beauce_5;BTH;;SEMIS;semis;0.0;4.0;;;;;;;;;;;;;;;;;;;;;;;;;
2021;50;beauce_5_sa_064;organique_beauce_5;BTH;;FERTI;;0.0;0.0;;;;;;AN;mineral;N;;58.4;58.4;0.0;0.0;;;;;;;;;;;;
2021;124;beauce_5_sa_064;organique_beauce_5;BTH;;FERTI;;0.0;0.0;;;;;;AN;mineral;N;;14.5;14.5;0.0;0.0;;;;;;;;;;;;
2021;125;beauce_5_sa_064;organique_beauce_5;BTH;;FERTI;;0.0;0.0;;;;;;AN;mineral;N;;82.3;82.3;0.0;0.0;;;;;;;;;;;;
2021;185;beauce_5_sa_065;organique_beauce_5;BTH;;RECOLTE;;0.0;0.0;8.88;;;;;;;;;;;;;0.0;7.86;3.0;;;;;;;;;
2021;313;beauce_5_sa_065;organique_beauce_5;BTH;;SEMIS;semis;0.0;3.8;;;;;;;;;;;;;;;;;;;;;;;;;
2021;75;beauce_5_sa_065;organique_beauce_5;BTH;;FERTI;;0.0;0.0;;;;;;AN;mineral;N;;70.9;70.9;0.0;0.0;;;;;;;;;;;;
2021;82;beauce_5_sa_065;organique_beauce_5;BTH;;FERTI;;0.0;0.0;;;;;;AN;mineral;N;;36.5;36.5;0.0;0.0;;;;;;;;;;;;
2021;193;beauce_5_sa_066;organique_beauce_5;BTH;;RECOLTE;;0.0;0.0;6.0;;;;;;;;;;;;;0.0;5.3;3.0;;;;;;;;;
2021;282;beauce_5_sa_066;organique_beauce_5;BTH;;SEMIS;semis;0.0;1.9;;;;;;;;;;;;;;;;;;;;;;;;;
2021;244;beauce_5_sa_066;organique_beauce_5;BTH;;TRAVAIL_SOL;travail_sol_1;0.0;2.5;;;;;;;;;;;;;;;;;;;;;;;;;
2021;230;beauce_5_sa_067;organique_beauce_5;BTH;;RECOLTE;;0.0;0.0;4.6;;;;;;;;;;;;;0.0;4.07;3.0;;;;;;;;;
2021;263;beauce_5_sa_067;organique_beauce_5;BTH;;SEMIS;semis;0.0;3.3;;;;;;;;;;;;;;;;;;;;;;;;;
2021;207;beauce_5_sa_068;organique_beauce_5;BTH;;RECOLTE;;0.0;0.0;5.26;;;;;;;;;;;;;0.0;4.65;3.0;;;;;;;;;
2021;302;beauce_5_sa_068;organique_beauce_5;BTH;;SEMIS;semis;0.0;2.0;;;;;;;;;;;;;;;;;;;;;;;;;
2021;282;beauce_5_sa_068;organique_beauce_5;BTH;;TRAVAIL_SOL;une_reprise;0.0;8.5;;;;;;;;;;;;;;;;;;;;;;;;;
2021;198;beauce_5_sa_069;organique_beauce_5;BTH;;RECOLTE;;0.0;0.0;8.98;;;;;;;;;;;;;0.0;7.94;3.0;;;;;;;;;
2021;310;beauce_5_sa_069;organique_beauce_5;BTH;;SEMIS;semis;0.0;1.1;;;;;;;;;;;;;;;;;;;;;;;;;
2021;74;beauce_5_sa_069;organique_beauce_5;BTH;;FERTI;;0.0;0.0;;;;;;AN;mineral;N;;23.1;23.1;0.0;0.0;;;;;;;;;;;;
2021;138;beauce_5_sa_069;organique_beauce_5;BTH;;FERTI;;0.0;0.0;;;;;;AN;mineral;N;;27.5;27.5;0.0;0.0;;;;;;;;;;;;
2021;139;beauce_5_sa_069;organique_beauce_5;BTH;;FERTI;;0.0;0.0;;;;;;AN;mineral;N;;98.7;98.7;0.0;0.0;;;;;;;;;;;;
2021;272;beauce_5_sa_069;organique_beauce_5;BTH;;TRAVAIL_SOL;travail_sol_1;0.0;8.5;;;;;;;;;;;;;;;;;;;;;;;;;
2021;186;beauce_5_sa_070;organique_beauce_5;BTH;;RECOLTE;;0.0;0.0;6.9;;;;;;;;;;;;;0.0;6.11;3.0;;;;;;;;;
2021;280;beauce_5_sa_070;organique_beauce_5;BTH;;SEMIS;semis;0.0;2.7;;;;;;;;;;;;;;;;;;;;;;;;;
2021;15;beauce_5_sa_070;organique_beauce_5;BTH;;FERTI;;0.0;0.0;;;;;;AN;mineral;N;;27.7;27.7;0.0;0.0;;;;;;;;;;;;
2021;219;beauce_5_sa_071;organique_beauce_5;BTH;;RECOLTE;;0.0;0.0;8.87;;;;;;;;;;;;;0.0;7.85;3.0;;;;;;;;;
2021;288;beauce_5_sa_071;organique_beauce_5;BTH;;SEMIS;semis;0.0;1.2;;;;;;;;;;;;;;;;;;;;;;;;;
2021;41;beauce_5_sa_071;organique_beauce_5;BTH;;FERTI;;0.0;0.0;;;;;;AN;mineral;N;;33.5;33.5;0.0;0.0;;;;;;;;;;;;
2021;94;beauce_5_sa_071;organique_beauce_5;BTH;;FERTI;;0.0;0.0;;;;;;AN;mineral;N;;62.3;62.3;0.0;0.0;;;;;;;;;;;;
2021;277;beauce_5_sa_071;organique_beauce_5;BTH;;TRAVAIL_SOL;travail_sol_1;0.0;9.3;;;;;;;;;;;;;;;;;;;;;;;;;
2021;203;beauce_5_sa_072;organique_beauce_5;BTH;;RECOLTE;;0.0;0.0;5.61;;;;;;;;;;;;;0.0;4.96;3.0;;;;;;;;;
2021;294;beauce_5_sa_072;organique_beauce_5;BTH;;SEMIS;semis;0.0;1.1;;;;;;;;;;;;;;;;;;;;;;;;;
2021;252;beauce_5_sa_072;organique_beauce_5;BTH;;TRAVAIL_SOL;une_reprise;0.0;24.5;;;;;;;;;;;;;;;;;;;;;;;;;
2021;189;beauce_5_sa_073;organique_beauce_5;BTH;;RECOLTE;;0.0;0.0;5.97;;;;;;;;;;;;;0.0;5.28;3.0;;;;;;;;;
2021;271;beauce_5_sa_073;organique_beauce_5;BTH;;SEMIS;semis;0.0;4.0;;;;;;;;;;;;;;;;;;;;;;;;;
2021;90;beauce_5_sa_073;organique_beauce_5;BTH;;FERTI;;0.0;0.0;;;;;;AN;mineral;N;;21.9;21.9;0.0;0.0;;;;;;;;;;;;
2021;192;beauce_5_sa_074;organique_beauce_5;BTH;;RECOLTE;;0.0;0.0;8.8;;;;;;;;;;;;;0.0;7.79;3.0;;;;;;;;;
2021;266;beauce_5_sa_074;organique_beauce_5;BTH;;SEMIS;semis;0.0;2.0;;;;;;;;;;;;;;;;;;;;;;;;;
2021;77;beauce_5_sa_074;organique_beauce_5;BTH;;FERTI;;0.0;0.0;;;;;;AN;mineral;N;;10.7;10.7;0.0;0.0;;;;;;;;;;;;
2021;163;beauce_5_sa_074;organique_beauce_5;BTH;;FERTI;;0.0;0.0;;;;;;AN;mineral;N;;32.3;32.3;0.0;0.0;;;;;;;;;;;;
2021;349;beauce_5_sa_074;organique_beauce_5;BTH;;FERTI;;0.0;0.0;;;;;;AN;mineral;N;;69.9;69.9;0.0;0.0;;;;;;;;;;;;
2021;232;beauce_5_sa_074;organique_beauce_5;BTH;;TRAVAIL_SOL;une_reprise;0.0;24.4;;;;;;;;;;;;;;;;;;;;;;;;;
2021;200;beauce_5_sa_075;organique_beauce_5;BTH;;RECOLTE;;0.0;0.0;8.9;;;;;;;;;;;;;0.0;7.87;3.0;;;;;;;;;
2021;272;beauce_5_sa_075;organique_beauce_5;BTH;;SEMIS;semis;0.0;1.7;;;;;;;;;;;;;;;;;;;;;;;;;
2021;88;beauce_5_sa_075;organique_beauce_5;BTH;;FERTI;;0.0;0.0;;;;;;AN;mineral;N;;98.9;98.9;0.0;0.0;;;;;;;;;;;;
2021;89;beauce_5_sa_075;organique_beauce_5;BTH;;FERTI;;0.0;0.0;;;;;;AN;mineral;N;;13.0;13.0;0.0;0.0;;;;;;;;;;;;
2021;100;beauce_5_sa_075;organique_beauce_5;BTH;;FERTI;;0.0;0.0;;;;;;AN;mineral;N;;19.8;19.8;0.0;0.0;;;;;;;;;;;;
2021;228;beauce_5_sa_076;organique_beauce_5;BTH;;RECOLTE;;0.0;0.0;8.76;;;;;;;;;;;;;0.0;7.75;3.0;;;;;;;;;
2021;302;beauce_5_sa_076;organique_beauce_5;BTH;;SEMIS;semis;0.0;3.0;;;;;;;;;;;;;;;;;;;;;;;;;
2021;27;beauce_5_sa_076;organique_beauce_5;BTH;;FERTI;;0.0;0.0;;;;;;AN;mineral;N;;88.6;88.6;0.0;0.0;;;;;;;;;;;;
2021;293;beauce_5_sa_076;organique_beauce_5;BTH;;TRAVAIL_SOL;travail_sol_1;0.0;17.8;;;;;;;;;;;;;;;;;;;;;;;;;
2021;226;beauce_5_sa_077;organique_beauce_5;BTH;;RECOLTE;;0.0;0.0;8.78;;;;;;;;;;;;;0.0;7.76;3.0;;;;;;;;;
2021;295;beauce_5_sa_077;organique_beauce_5;BTH;;SEMIS;semis;0.0;2.0;;;;;;;;;;;;;;;;;;;;;;;;;
2021;80;beauce_5_sa_077;organique_beauce_5;BTH;;FERTI;;0.0;0.0;;;;;;AN;mineral;N;;21.8;21.8;0.0;0.0;;;;;;;;;;;;
2021;155;beauce_5_sa_077;organique_beauce_5;BTH;;FERTI;;0.0;0.0;;;;;;AN;mineral;N;;35.7;35.7;0.0;0.0;;;;;;;;;;;;
2021;156;beauce_5_sa_077;organique_beauce_5;BTH;;FERTI;;0.0;0.0;;;;;;AN;mineral;N;;94.4;94.4;0.0;0.0;;;;;;;;;;;;
2021;180;beauce_5_sa_078;organique_beauce_5;BTH;;RECOLTE;;0.0;0.0;8.93;;;;;;;;;;;;;0.0;7.9;3.0;;;;;;;;;
2021;303;beauce_5_sa_078;organique_beauce_5;BTH;;SEMIS;semis;0.0;2.6;;;;;;;;;;;;;;;;;;;;;;;;;
2021;83;beauce_5_sa_078;organique_beauce_5;BTH;;FERTI;;0.0;0.0;;;;;;AN;mineral;N;;27.9;27.9;0.0;0.0;;;;;;;;;;;;
2021;117;beauce_5_sa_078;organique_beauce_5;BTH;;FERTI;;0.0;0.0;;;;;;AN;mineral;N;;11.6;11.6;0.0;0.0;;;;;;;;;;;;
2021;118;beauce_5_sa_078;organique_beauce_5;BTH;;FERTI;;0.0;0.0;;;;;;AN;mineral;N;;91.9;91.9;0.0;0.0;;;;;;;;;;;;
2021;267;beauce_5_sa_078;organique_beauce_5;BTH;;TRAVAIL_SOL;travail_sol_1;0.0;1.9;;;;;;;;;;;;;;;;;;;;;;;;;
2021;193;beauce_5_sa_079;organique_beauce_5;BTH;;RECOLTE;;0.0;0.0;5.42;;;;;;;;;;;;;0.0;4.79;3.0;;;;;;;;;
2021;291;beauce_5_sa_079;organique_beauce_5;BTH;;SEMIS;semis;0.0;3.1;;;;;;;;;;;;;;;;;;;;;;;;;
2021;251;beauce_5_sa_079;organique_beauce_5;BTH;;TRAVAIL_SOL;travail_sol_1;0.0;8.1;;;;;;;;;;;;;;;;;;;;;;;;;
2021;217;beauce_5_sa_080;organique_beauce_5;BTH;;RECOLTE;;0.0;0.0;9.0;;;;;;;;;;;;;0.0;7.96;3.0;;;;;;;;;
2021;287;beauce_5_sa_080;organique_beauce_5;BTH;;SEMIS;semis;0.0;1.9;;;;;;;;;;;;;;;;;;;;;;;;;
2021;140;beauce_5_sa_080;organique_beauce_5;BTH;;FERTI;;0.0;0.0;;;;;;AN;mineral;N;;88.9;88.9;0.0;0.0;;;;;;;;;;;;
2021;152;beauce_5_sa_080;organique_beauce_5;BTH;;FERTI;;0.0;0.0;;;;;;AN;mineral;N;;61.0;61.0;0.0;0.0;;;;;;;;;;;;
2021;321;beauce_5_sa_080;organique_beauce_5;BTH;;FERTI;;0.0;0.0;;;;;;AN;mineral;N;;75.2;75.2;0.0;0.0;;;;;;;;;;;;
2021;248;beauce_5_sa_080;organique_beauce_5;BTH;;TRAVAIL_SOL;une_reprise;0.0;8.0;;;;;;;;;;;;;;;;;;;;;;;;;
2021;208;beauce_5_sa_081;organique_beauce_5;BTH;;RECOLTE;;0.0;0.0;8.99;;;;;;;;;;;;;0.0;7.95;3.0;;;;;;;;;
2021;307;beauce_5_sa_081;organique_beauce_5;BTH;;SEMIS;semis;0.0;2.9;;;;;;;;;;;;;;;;;;;;;;;;;
2021;166;beauce_5_sa_081;organique_beauce_5;BTH;;FERTI;;0.0;0.0;;;;;;AN;mineral;N;;86.4;86.4;0.0;0.0;;;;;;;;;;;;
2021;167;beauce_5_sa_081;organique_beauce_5;BTH;;FERTI;;0.0;0.0;;;;;;AN;mineral;N;;72.6;72.6;0.0;0.0;;;;;;;;;;;;
2021;168;beauce_5_sa_081;organique_beauce_5;BTH;;FERTI;;0.0;0.0;;;;;;AN;mineral;N;;28.1;28.1;0.0;0.0;;;;;;;;;;;;
2021;269;beauce_5_sa_081;organique_beauce_5;BTH;;TRAVAIL_SOL;une_reprise;0.0;19.7;;;;;;;;;;;;;;;;;;;;;;;;;
2021;188;beauce_5_sa_082;organique_beauce_5;BTH;;RECOLTE;;0.0;0.0;9.0;;;;;;;;;;;;;0.0;7.96;3.0;;;;;;;;;
2021;280;beauce_5_sa_082;organique_beauce_5;BTH;;SEMIS;semis;0.0;1.1;;;;;;;;;;;;;;;;;;;;;;;;;
2021;45;beauce_5_sa_082;organique_beauce_5;BTH;;FERTI;;0.0;0.0;;;;;;AN;mineral;N;;85.7;85.7;0.0;0.0;;;;;;;;;;;;
2021;120;beauce_5_sa_082;organique_beauce_5;BTH;;FERTI;;0.0;0.0;;;;;;AN;mineral;N;;72.2;72.2;0.0;0.0;;;;;;;;;;;;
2021;267;beauce_5_sa_082;organique_beauce_5;BTH;;TRAVAIL_SOL;travail_sol_1;0.0;8.6;;;;;;;;;;;;;;;;;;;;;;;;;
2021;230;beauce_5_sa_083;organique_beauce_5;BTH;;RECOLTE;;0.0;0.0;8.02;;;;;;;;;;;;;0.0;7.1;3.0;;;;;;;;;
2021;277;beauce_5_sa_083;organique_beauce_5;BTH;;SEMIS;semis;0.0;3.1;;;;;;;;;;;;;;;;;;;;;;;;;
2021;118;beauce_5_sa_083;organique_beauce_5;BTH;;FERTI;;0.0;0.0;;;;;;AN;mineral;N;;89.2;89.2;0.0;0.0;;;;;;;;;;;;
2021;119;beauce_5_sa_083;organique_beauce_5;BTH;;FERTI;;0.0;0.0;;;;;;AN;mineral;N;;25.9;25.9;0.0;0.0;;;;;;;;;;;;
2021;175;beauce_5_sa_084;organique_beauce_5;BTH;;RECOLTE;;0.0;0.0;4.53;;;;;;;;;;;;;0.0;4.01;3.0;;;;;;;;;
2021;302;beauce_5_sa_084;organique_beauce_5;BTH;;SEMIS;semis;0.0;1.9;;;;;;;;;;;;;;;;;;;;;;;;;
2021;227;beauce_5_sa_085;organique_beauce_5;BTH;;RECOLTE;;0.0;0.0;8.95;;;;;;;;;;;;;0.0;7.92;3.0;;;;;;;;;
2021;315;beauce_5_sa_085;organique_beauce_5;BTH;;SEMIS;semis;0.0;4.0;;;;;;;;;;;;;;;;;;;;;;;;;
2021;78;beauce_5_sa_085;organique_beauce_5;BTH;;FERTI;;0.0;0.0;;;;;;AN;mineral;N;;14.4;14.4;0.0;0.0;;;;;;;;;;;;
2021;79;beauce_5_sa_085;organique_beauce_5;BTH;;FERTI;;0.0;0.0;;;;;;AN;mineral;N;;15.3;15.3;0.0;0.0;;;;;;;;;;;;
2021;105;beauce_5_sa_085;organique_beauce_5;BTH;;FERTI;;0.0;0.0;;;;;;AN;mineral;N;;73.9;73.9;0.0;0.0;;;;;;;;;;;;
2021;216;beauce_5_sa_086;organique_beauce_5;BTH;;RECOLTE;;0.0;0.0;8.09;;;;;;;;;;;;;0.0;7.15;3.0;;;;;;;;;
2021;291;beauce_5_sa_086;organique_beauce_5;BTH;;SEMIS;semis;0.0;2.5;;;;;;;;;;;;;;;;;;;;;;;;;
2021;21;beauce_5_sa_086;organique_beauce_5;BTH;;FERTI;;0.0;0.0;;;;;;AN;mineral;N;;55.7;55.7;0.0;0.0;;;;;;;;;;;;
2021;262;beauce_5_sa_086;organique_beauce_5;BTH;;TRAVAIL_SOL;travail_sol_1;0.0;4.3;;;;;;;;;;;;;;;;;;;;;;;;;
2021;212;beauce_5_sa_087;organique_beauce_5;BTH;;RECOLTE;;0.0;0.0;8.87;;;;;;;;;;;;;0.0;7.85;3.0;;;;;;;;;
2021;313;beauce_5_sa_087;organique_beauce_5;BTH;;SEMIS;semis;0.0;2.9;;;;;;;;;;;;;;;;;;;;;;;;;
2021;168;beauce_5_sa_087;organique_beauce_5;BTH;;FERTI;;0.0;0.0;;;;;;AN;mineral;N;;59.4;59.4;0.0;0.0;;;;;;;;;;;;
2021;169;beauce_5_sa_087;organique_beauce_5;BTH;;FERTI;;0.0;0.0;;;;;;AN;mineral;N;;75.7;75.7;0.0;0.0;;;;;;;;;;;;
2021;333;beauce_5_sa_087;organique_beauce_5;BTH;;FERTI;;0.0;0.0;;;;;;AN;mineral;N;;14.0;14.0;0.0;0.0;;;;;;;;;;;;
2021;207;beauce_5_sa_088;organique_beauce_5;BTH;;RECOLTE;;0.0;0.0;9.0;;;;;;;;;;;;;0.0;7.96;3.0;;;;;;;;;
2021;313;beauce_5_sa_088;organique_beauce_5;BTH;;SEMIS;semis;0.0;2.6;;;;;;;;;;;;;;;;;;;;;;;;;
2021;50;beauce_5_sa_088;organique_beauce_5;BTH;;FERTI;;0.0;0.0;;;;;;AN;mineral;N;;95.6;95.6;0.0;0.0;;;;;;;;;;;;
2021;77;beauce_5_sa_088;organique_beauce_5;BTH;;FERTI;;0.0;0.0;;;;;;AN;mineral;N;;25.3;25.3;0.0;0.0;;;;;;;;;;;;
2021;301;beauce_5_sa_088;organique_beauce_5;BTH;;TRAVAIL_SOL;une_reprise;0.0;2.7;;;;;;;;;;;;;;;;;;;;;;;;;
2021;181;beauce_5_sa_089;organique_beauce_5;BTH;;RECOLTE;;0.0;0.0;5.15;;;;;;;;;;;;;0.0;4.55;3.0;;;;;;;;;
2021;271;beauce_5_sa_089;organique_beauce_5;BTH;;SEMIS;semis;0.0;2.9;;;;;;;;;;;;;;;;;;;;;;;;;
2021;222;beauce_5_sa_090;organique_beauce_5;BTH;;RECOLTE;;0.0;0.0;8.96;;;;;;;;;;;;;0.0;7.93;3.0;;;;;;;;;
2021;263;beauce_5_sa_090;organique_beauce_5;BTH;;SEMIS;semis;0.0;1.1;;;;;;;;;;;;;;;;;;;;;;;;;
2021;124;beauce_5_sa_090;organique_beauce_5;BTH;;FERTI;;0.0;0.0;;;;;;AN;mineral;N;;95.5;95.5;0.0;0.0;;;;;;;;;;;;
2021;125;beauce_5_sa_090;organique_beauce_5;BTH;;FERTI;;0.0;0.0;;;;;;AN;mineral;N;;86.2;86.2;0.0;0.0;;;;;;;;;;;;
2021;188;beauce_5_sa_091;organique_beauce_5;BTH;;RECOLTE;;0.0;0.0;8.0;;;;;;;;;;;;;0.0;7.08;3.0;;;;;;;;;
2021;299;beauce_5_sa_091;organique_beauce_5;BTH;;SEMIS;semis;0.0;3.0;;;;;;;;;;;;;;;;;;;;;;;;;
2021;85;beauce_5_sa_091;organique_beauce_5;BTH;;FERTI;;0.0;0.0;;;;;;AN;mineral;N;;68.3;68.3;0.0;0.0;;;;;;;;;;;;
2021;198;beauce_5_sa_092;organique_beauce_5;BTH;;RECOLTE;;0.0;0.0;7.59;;;;;;;;;;;;;0.0;6.71;3.0;;;;;;;;;
2021;278;beauce_5_sa_092;organique_beauce_5;BTH;;SEMIS;semis;0.0;3.6;;;;;;;;;;;;;;;;;;;;;;;;;
2021;131;beauce_5_sa_092;organique_beauce_5;BTH;;FERTI;;0.0;0.0;;;;;;AN;mineral;N;;44.7;44.7;0.0;0.0;;;;;;;;;;;;
2021;241;beauce_5_sa_092;organique_beauce_5;BTH;;TRAVAIL_SOL;une_reprise;0.0;7.4;;;;;;;;;;;;;;;;;;;;;;;;;
2021;231;beauce_5_sa_093;organique_beauce_5;BTH;;RECOLTE;;0.0;0.0;5.04;;;;;;;;;;;;;0.0;4.46;3.0;;;;;;;;;
2021;265;beauce_5_sa_093;organique_beauce_5;BTH;;SEMIS;semis;0.0;1.4;;;;;;;;;;;;;;;;;;;;;;;;;
2021;221;beauce_5_sa_094;organique_beauce_5;BTH;;RECOLTE;;0.0;0.0;9.0;;;;;;;;;;;;;0.0;7.96;3.0;;;;;;;;;
2021;277;beauce_5_sa_094;organique_beauce_5;BTH;;SEMIS;semis;0.0;1.0;;;;;;;;;;;;;;;;;;;;;;;;;
2021;148;beauce_5_sa_094;organique_beauce_5;BTH;;FERTI;;0.0;0.0;;;;;;AN;mineral;N;;76.5;76.5;0.0;0.0;;;;;;;;;;;;
2021;149;beauce_5_sa_094;organique_beauce_5;BTH;;FERTI;;0.0;0.0;;;;;;AN;mineral;N;;86.8;86.8;0.0;0.0;;;;;;;;;;;;
2021;354;beauce_5_sa_094;organique_beauce_5;BTH;;FERTI;;0.0;0.0;;;;;;AN;mineral;N;;78.9;78.9;0.0;0.0;;;;;;;;;;;;
2021;265;beauce_5_sa_094;organique_beauce_5;BTH;;TRAVAIL_SOL;une_reprise;0.0;16.3;;;;;;;;;;;;;;;;;;;;;;;;;
2021;212;beauce_5_sa_095;organique_beauce_5;BTH;;RECOLTE;;0.0;0.0;4.78;;;;;;;;;;;;;0.0;4.23;3.0;;;;;;;;;
2021;316;beauce_5_sa_095;organique_beauce_5;BTH;;SEMIS;semis;0.0;2.1;;;;;;;;;;;;;;;;;;;;;;;;;
2021;194;beauce_5_sa_096;organique_beauce_5;BTH;;RECOLTE;;0.0;0.0;8.2;;;;;;;;;;;;;0.0;7.26;3.0;;;;;;;;;
2021;264;beauce_5_sa_096;organique_beauce_5;BTH;;SEMIS;semis;0.0;2.1;;;;;;;;;;;;;;;;;;;;;;;;;
2021;33;beauce_5_sa_096;organique_beauce_5;BTH;;FERTI;;0.0;0.0;;;;;;AN;mineral;N;;42.8;42.8;0.0;0.0;;;;;;;;;;;;
2021;142;beauce_5_sa_096;organique_beauce_5;BTH;;FERTI;;0.0;0.0;;;;;;AN;mineral;N;;22.5;22.5;0.0;0.0;;;;;;;;;;;;
2021;239;beauce_5_sa_096;organique_beauce_5;BTH;;TRAVAIL_SOL;travail_sol_1;0.0;17.8;;;;;;;;;;;;;;;;;;;;;;;;;
2021;188;beauce_5_sa_097;organique_beauce_5;BTH;;RECOLTE;;0.0;0.0;9.0;;;;;;;;;;;;;0.0;7.96;3.0;;;;;;;;;
2021;259;beauce_5_sa_097;organique_beauce_5;BTH;;SEMIS;semis;0.0;3.4;;;;;;;;;;;;;;;;;;;;;;;;;
2021;116;beauce_5_sa_097;organique_beauce_5;BTH;;FERTI;;0.0;0.0;;;;;;AN;mineral;N;;96.9;96.9;0.0;0.0;;;;;;;;;;;;
2021;117;beauce_5_sa_097;organique_beauce_5;BTH;;FERTI;;0.0;0.0;;;;;;AN;mineral;N;;45.1;45.1;0.0;0.0;;;;;;;;;;;;
2021;118;beauce_5_sa_097;organique_beauce_5;BTH;;FERTI;;0.0;0.0;;;;;;AN;mineral;N;;74.6;74.6;0.0;0.0;;;;;;;;;;;;
2021;225;beauce_5_sa_098;organique_beauce_5;BTH;;RECOLTE;;0.0;0.0;9.0;;;;;;;;;;;;;0.0;7.96;3.0;;;;;;;;;
2021;270;beauce_5_sa_098;organique_beauce_5;BTH;;SEMIS;semis;0.0;2.5;;;;;;;;;;;;;;;;;;;;;;;;;
2021;26;beauce_5_sa_098;organique_beauce_5;BTH;;FERTI;;0.0;0.0;;;;;;AN;mineral;N;;70.1;70.1;0.0;0.0;;;;;;;;;;;;
2021;66;beauce_5_sa_098;organique_beauce_5;BTH;;FERTI;;0.0;0.0;;;;;;AN;mineral;N;;59.3;59.3;0.0;0.0;;;;;;;;;;;;
2021;100;beauce_5_sa_098;organique_beauce_5;BTH;;FERTI;;0.0;0.0;;;;;;AN;mineral;N;;13.3;13.3;0.0;0.0;;;;;;;;;;;;
2021;265;beauce_5_sa_098;organique_beauce_5;BTH;;TRAVAIL_SOL;une_reprise;0.0;1.2;;;;;;;;;;;;;;;;;;;;;;;;;
2021;171;beauce_5_sa_099;organique_beauce_5;BTH;;RECOLTE;;0.0;0.0;8.78;;;;;;;;;;;;;0.0;7.77;3.0;;;;;;;;;
2021;282;beauce_5_sa_099;organique_beauce_5;BTH;;SEMIS;semis;0.0;3.0;;;;;;;;;;;;;;;;;;;;;;;;;
2021;153;beauce_5_sa_099;organique_beauce_5;BTH;;FERTI;;0.0;0.0;;;;;;AN;mineral;N;;46.3;46.3;0.0;0.0;;;;;;;;;;;;
2021;154;beauce_5_sa_099;organique_beauce_5;BTH;;FERTI;;0.0;0.0;;;;;;AN;mineral;N;;42.1;42.1;0.0;0.0;;;;;;;;;;;;
2021;356;beauce_5_sa_099;organique_beauce_5;BTH;;FERTI;;0.0;0.0;;;;;;AN;mineral;N;;67.7;67.7;0.0;0.0;;;;;;;;;;;;
2021;268;beauce_5_sa_099;organique_beauce_5;BTH;;TRAVAIL_SOL;une_reprise;0.0;15.2;;;;;;;;;;;;;;;;;;;;;;;;;
