annee;jourDebut;jourFin;parcelle;couvert;itk;N_lixivie[kgN/ha];N_volatilise_NH3[kgN/ha];N_mineralise_net_SOM[kgN/ha];N_mineralise_net_residus[kgN/ha];N_acquis_couvert[kgN/ha];N_mineral_debut[kgN/ha];N_mineral_fin[kgN/ha];emissions_N2O_directes[kgN/ha];emissions_N2[kgN/ha];N_fixe_legumineuses[kgN/ha];satisfactionAzote_culture[%];satisfactionAzote_ci[%];delta_Corg[kgC/ha];emissions_N2O_denit[kgN-N2O/ha];emissions_N2O_nit[kgN-N2O/ha];emissions_N2O_indirectes_volat[kgN-N2O/ha];emissions_N2O_indirectes_lixiv[kgN-N2O/ha]
2019;213;268;beauce_5_sa_000;solnu;;0.0;0.0;17.73;0.0;0.0;35.0;52.72;0.01;0.0;0;0;0;-195.91;0.0;0.01;0.0;0.0
2019;269;365;beauce_5_sa_000;orgeh;orgeH_tousSols_nonirr_organique;0.35;0.0;15.45;0.0;36.49;52.91;31.29;0.04;0.0;0;18.24;0;-174.73;0.03;0.01;0.0;0.35
2019;213;310;beauce_5_sa_001;solnu;;0.0;0.0;24.2;0.0;0.0;35.0;59.17;0.03;0.0;0;0;0;-268.94;0.01;0.01;0.0;0.0
2019;311;365;beauce_5_sa_001;orgeh;orgeH_tousSols_nonirr_organique;0.26;0.0;8.97;0.0;3.78;59.43;64.03;0.07;0.0;0;1.89;0;-101.53;0.07;0.01;0.0;0.26
2019;213;295;beauce_5_sa_002;solnu;;0.0;0.0;21.54;0.0;0.0;35.0;56.53;0.01;0.0;0;0;0;-239.52;0.0;0.01;0.0;0.0
2019;296;365;beauce_5_sa_002;orgeh;orgeH_tousSols_nonirr_organique;0.25;0.0;11.6;0.0;8.32;56.71;59.48;0.08;0.0;0;4.16;0;-130.69;0.08;0.01;0.0;0.25
2019;213;309;beauce_5_sa_003;solnu;;0.0;0.0;24.0;0.0;0.0;35.0;58.98;0.03;0.0;0;0;0;-267.54;0.01;0.01;0.0;0.0
2019;310;365;beauce_5_sa_003;orgeh;orgeH_tousSols_nonirr_organique;0.25;0.0;9.16;0.0;4.07;59.16;63.73;0.07;0.0;0;2.04;0;-102.84;0.07;0.01;0.0;0.25
2019;213;311;beauce_5_sa_004;solnu;;0.0;0.0;24.47;0.0;0.0;35.0;59.44;0.03;0.0;0;0;0;-271.09;0.02;0.01;0.0;0.0
2019;312;365;beauce_5_sa_004;orgeh;orgeH_tousSols_nonirr_organique;0.27;0.0;8.7;0.0;3.51;59.67;64.29;0.07;0.0;0;1.76;0;-99.46;0.06;0.01;0.0;0.27
2019;213;270;beauce_5_sa_005;solnu;;0.0;0.0;18.13;0.0;0.0;35.0;53.11;0.01;0.0;0;0;0;-200.67;0.0;0.01;0.0;0.0
2019;271;365;beauce_5_sa_005;orgeh;orgeH_tousSols_nonirr_organique;0.36;0.0;15.02;0.0;31.59;53.32;36.13;0.05;0.0;0;15.8;0;-169.53;0.04;0.01;0.0;0.36
2019;213;287;beauce_5_sa_006;solnu;;0.0;0.0;20.34;0.0;0.0;35.0;55.33;0.01;0.0;0;0;0;-226.93;0.0;0.01;0.0;0.0
2019;288;365;beauce_5_sa_006;orgeh;orgeH_tousSols_nonirr_organique;0.26;0.0;12.8;0.0;17.15;55.44;50.65;0.07;0.0;0;8.58;0;-143.26;0.06;0.01;0.0;0.26
2019;213;309;beauce_5_sa_007;solnu;;0.0;0.0;24.02;0.0;0.0;35.0;58.99;0.03;0.0;0;0;0;-267.71;0.01;0.01;0.0;0.0
2019;310;365;beauce_5_sa_007;orgeh;orgeH_tousSols_nonirr_organique;0.27;0.0;9.16;0.0;4.07;59.18;63.73;0.07;0.0;0;2.04;0;-102.83;0.07;0.01;0.0;0.27
2019;213;312;beauce_5_sa_008;solnu;;0.0;0.0;24.7;0.0;0.0;35.0;59.67;0.03;0.0;0;0;0;-274.08;0.02;0.01;0.0;0.0
2019;313;365;beauce_5_sa_008;orgeh;orgeH_tousSols_nonirr_organique;0.27;0.0;8.48;0.0;3.33;59.91;64.48;0.07;0.0;0;1.66;0;-96.47;0.06;0.01;0.0;0.27
2019;213;315;beauce_5_sa_009;solnu;;0.0;0.0;25.41;0.0;0.0;35.0;60.37;0.04;0.0;0;0;0;-282.16;0.02;0.02;0.0;0.0
2019;316;365;beauce_5_sa_009;orgeh;orgeH_tousSols_nonirr_organique;0.27;0.0;7.77;0.0;2.68;60.52;65.12;0.06;0.0;0;1.34;0;-88.39;0.06;0.0;0.0;0.27
2019;213;312;beauce_5_sa_010;solnu;;0.0;0.0;24.7;0.0;0.0;35.0;59.67;0.03;0.0;0;0;0;-274.08;0.02;0.01;0.0;0.0
2019;313;365;beauce_5_sa_010;orgeh;orgeH_tousSols_nonirr_organique;0.26;0.0;8.48;0.0;3.33;59.91;64.49;0.07;0.0;0;1.66;0;-96.46;0.06;0.01;0.0;0.26
2019;213;258;beauce_5_sa_011;solnu;;0.0;0.0;15.7;0.0;0.0;35.0;50.69;0.01;0.0;0;0;0;-174.15;0.0;0.01;0.0;0.0
2019;259;365;beauce_5_sa_011;orgeh;orgeH_tousSols_nonirr_organique;0.33;0.0;17.54;0.0;48.4;50.82;19.48;0.02;0.0;0;24.2;0;-197.15;0.01;0.01;0.0;0.33
2019;213;281;beauce_5_sa_012;solnu;;0.0;0.0;19.68;0.0;0.0;35.0;54.67;0.01;0.0;0;0;0;-219.67;0.0;0.01;0.0;0.0
2019;282;365;beauce_5_sa_012;orgeh;orgeH_tousSols_nonirr_organique;0.29;0.0;13.5;0.0;22.26;54.74;45.55;0.07;0.0;0;11.13;0;-150.94;0.06;0.01;0.0;0.29
2019;213;260;beauce_5_sa_013;solnu;;0.0;0.0;15.93;0.0;0.0;35.0;50.92;0.01;0.0;0;0;0;-177.11;0.0;0.01;0.0;0.0
2019;261;365;beauce_5_sa_013;orgeh;orgeH_tousSols_nonirr_organique;0.35;0.0;17.39;0.0;47.52;51.12;20.41;0.02;0.0;0;23.76;0;-195.0;0.01;0.01;0.0;0.35
2019;213;274;beauce_5_sa_014;solnu;;0.0;0.0;18.84;0.0;0.0;35.0;53.83;0.01;0.0;0;0;0;-209.26;0.0;0.01;0.0;0.0
2019;275;365;beauce_5_sa_014;orgeh;orgeH_tousSols_nonirr_organique;0.31;0.0;14.34;0.0;28.52;53.98;39.28;0.06;0.0;0;14.26;0;-161.37;0.05;0.01;0.0;0.31
2019;213;279;beauce_5_sa_015;solnu;;0.0;0.0;19.44;0.0;0.0;35.0;54.43;0.01;0.0;0;0;0;-216.71;0.0;0.01;0.0;0.0
2019;280;365;beauce_5_sa_015;orgeh;orgeH_tousSols_nonirr_organique;0.28;0.0;13.7;0.0;22.87;54.59;44.92;0.07;0.0;0;11.43;0;-153.51;0.06;0.01;0.0;0.28
2019;213;261;beauce_5_sa_016;solnu;;0.0;0.0;16.12;0.0;0.0;35.0;51.11;0.01;0.0;0;0;0;-178.33;0.0;0.01;0.0;0.0
2019;262;365;beauce_5_sa_016;orgeh;orgeH_tousSols_nonirr_organique;0.33;0.0;17.04;0.0;45.2;51.3;22.59;0.03;0.0;0;22.6;0;-192.11;0.02;0.01;0.0;0.33
2019;213;284;beauce_5_sa_017;solnu;;0.0;0.0;20.02;0.0;0.0;35.0;55.01;0.01;0.0;0;0;0;-223.33;0.0;0.01;0.0;0.0
2019;285;365;beauce_5_sa_017;orgeh;orgeH_tousSols_nonirr_organique;0.28;0.0;13.15;0.0;19.43;55.1;48.38;0.07;0.0;0;9.72;0;-147.19;0.06;0.01;0.0;0.28
2019;213;266;beauce_5_sa_018;solnu;;0.0;0.0;17.15;0.0;0.0;35.0;52.14;0.01;0.0;0;0;0;-190.14;0.0;0.01;0.0;0.0
2019;267;365;beauce_5_sa_018;orgeh;orgeH_tousSols_nonirr_organique;0.35;0.0;16.03;0.0;38.59;52.48;29.19;0.04;0.0;0;19.3;0;-180.45;0.03;0.01;0.0;0.35
2019;213;261;beauce_5_sa_019;solnu;;0.0;0.0;16.13;0.0;0.0;35.0;51.12;0.01;0.0;0;0;0;-178.38;0.0;0.01;0.0;0.0
2019;262;365;beauce_5_sa_019;orgeh;orgeH_tousSols_nonirr_organique;0.33;0.0;17.06;0.0;45.62;51.31;22.19;0.03;0.0;0;22.81;0;-192.25;0.01;0.01;0.0;0.33
2019;213;258;beauce_5_sa_020;solnu;;0.0;0.0;15.69;0.0;0.0;35.0;50.68;0.01;0.0;0;0;0;-173.99;0.0;0.01;0.0;0.0
2019;259;365;beauce_5_sa_020;orgeh;orgeH_tousSols_nonirr_organique;0.33;0.0;17.5;0.0;49.4;50.8;18.42;0.02;0.0;0;24.7;0;-196.71;0.01;0.01;0.0;0.33
2019;213;302;beauce_5_sa_021;solnu;;0.0;0.0;22.76;0.0;0.0;35.0;57.74;0.01;0.0;0;0;0;-253.38;0.0;0.01;0.0;0.0
2019;303;365;beauce_5_sa_021;orgeh;orgeH_tousSols_nonirr_organique;0.27;0.0;10.42;0.0;5.26;57.9;62.55;0.08;0.0;0;2.63;0;-117.17;0.08;0.01;0.0;0.27
2019;213;296;beauce_5_sa_022;solnu;;0.0;0.0;21.75;0.0;0.0;35.0;56.73;0.01;0.0;0;0;0;-241.55;0.0;0.01;0.0;0.0
2019;297;365;beauce_5_sa_022;orgeh;orgeH_tousSols_nonirr_organique;0.27;0.0;11.43;0.0;7.6;56.97;60.21;0.08;0.0;0;3.8;0;-129.0;0.08;0.01;0.0;0.27
2019;213;258;beauce_5_sa_023;solnu;;0.0;0.0;15.69;0.0;0.0;35.0;50.68;0.01;0.0;0;0;0;-173.99;0.0;0.01;0.0;0.0
2019;259;365;beauce_5_sa_023;orgeh;orgeH_tousSols_nonirr_organique;0.33;0.0;17.5;0.0;49.4;50.8;18.42;0.02;0.0;0;24.7;0;-196.71;0.01;0.01;0.0;0.33
2019;213;294;beauce_5_sa_024;solnu;;0.0;0.0;21.41;0.0;0.0;35.0;56.39;0.01;0.0;0;0;0;-238.02;0.0;0.01;0.0;0.0
2019;295;365;beauce_5_sa_024;orgeh;orgeH_tousSols_nonirr_organique;0.26;0.0;11.77;0.0;8.74;56.55;59.08;0.08;0.0;0;4.37;0;-132.49;0.08;0.01;0.0;0.26
2019;213;270;beauce_5_sa_025;solnu;;0.0;0.0;18.11;0.0;0.0;35.0;53.1;0.01;0.0;0;0;0;-200.5;0.0;0.01;0.0;0.0
2019;271;365;beauce_5_sa_025;orgeh;orgeH_tousSols_nonirr_organique;0.36;0.0;15.01;0.0;31.44;53.31;36.25;0.05;0.0;0;15.72;0;-169.38;0.04;0.01;0.0;0.36
2019;213;272;beauce_5_sa_026;solnu;;0.0;0.0;18.5;0.0;0.0;35.0;53.49;0.01;0.0;0;0;0;-205.43;0.0;0.01;0.0;0.0
2019;273;365;beauce_5_sa_026;orgeh;orgeH_tousSols_nonirr_organique;0.31;0.0;14.69;0.0;30.43;53.67;37.39;0.05;0.0;0;15.21;0;-165.36;0.05;0.01;0.0;0.31
2019;213;280;beauce_5_sa_027;solnu;;0.0;0.0;19.61;0.0;0.0;35.0;54.6;0.01;0.0;0;0;0;-217.86;0.0;0.01;0.0;0.0
2019;281;365;beauce_5_sa_027;orgeh;orgeH_tousSols_nonirr_organique;0.29;0.0;13.57;0.0;23.04;54.67;44.77;0.06;0.0;0;11.52;0;-152.76;0.06;0.01;0.0;0.29
2019;213;276;beauce_5_sa_028;solnu;;0.0;0.0;19.06;0.0;0.0;35.0;54.05;0.01;0.0;0;0;0;-212.63;0.0;0.01;0.0;0.0
2019;277;365;beauce_5_sa_028;orgeh;orgeH_tousSols_nonirr_organique;0.29;0.0;14.09;0.0;24.96;54.24;42.83;0.06;0.0;0;12.48;0;-157.69;0.05;0.01;0.0;0.29
2019;213;285;beauce_5_sa_029;solnu;;0.0;0.0;20.1;0.0;0.0;35.0;55.09;0.01;0.0;0;0;0;-224.13;0.0;0.01;0.0;0.0
2019;286;365;beauce_5_sa_029;orgeh;orgeH_tousSols_nonirr_organique;0.26;0.0;13.05;0.0;18.59;55.25;49.21;0.07;0.0;0;9.3;0;-146.12;0.06;0.01;0.0;0.26
2019;213;281;beauce_5_sa_030;solnu;;0.0;0.0;19.68;0.0;0.0;35.0;54.67;0.01;0.0;0;0;0;-219.64;0.0;0.01;0.0;0.0
2019;282;365;beauce_5_sa_030;orgeh;orgeH_tousSols_nonirr_organique;0.28;0.0;13.48;0.0;21.55;54.74;46.25;0.07;0.0;0;10.77;0;-150.74;0.06;0.01;0.0;0.28
2019;213;273;beauce_5_sa_031;solnu;;0.0;0.0;18.68;0.0;0.0;35.0;53.67;0.01;0.0;0;0;0;-207.21;0.0;0.01;0.0;0.0
2019;274;365;beauce_5_sa_031;orgeh;orgeH_tousSols_nonirr_organique;0.31;0.0;14.5;0.0;30.2;53.83;37.61;0.05;0.0;0;15.1;0;-163.42;0.05;0.01;0.0;0.31
2019;213;261;beauce_5_sa_032;solnu;;0.0;0.0;16.13;0.0;0.0;35.0;51.12;0.01;0.0;0;0;0;-178.38;0.0;0.01;0.0;0.0
2019;262;365;beauce_5_sa_032;orgeh;orgeH_tousSols_nonirr_organique;0.33;0.0;17.06;0.0;45.62;51.31;22.19;0.03;0.0;0;22.81;0;-192.25;0.01;0.01;0.0;0.33
2019;213;287;beauce_5_sa_033;solnu;;0.0;0.0;20.36;0.0;0.0;35.0;55.34;0.01;0.0;0;0;0;-227.11;0.0;0.01;0.0;0.0
2019;288;365;beauce_5_sa_033;orgeh;orgeH_tousSols_nonirr_organique;0.27;0.0;12.82;0.0;17.3;55.45;50.52;0.07;0.0;0;8.65;0;-143.44;0.06;0.01;0.0;0.27
2019;213;297;beauce_5_sa_034;solnu;;0.0;0.0;21.95;0.0;0.0;35.0;56.94;0.01;0.0;0;0;0;-243.28;0.0;0.01;0.0;0.0
2019;298;365;beauce_5_sa_034;orgeh;orgeH_tousSols_nonirr_organique;0.25;0.0;11.19;0.0;7.14;57.09;60.66;0.08;0.0;0;3.57;0;-126.88;0.08;0.01;0.0;0.25
2019;213;308;beauce_5_sa_035;solnu;;0.0;0.0;23.89;0.0;0.0;35.0;58.87;0.03;0.0;0;0;0;-265.96;0.01;0.01;0.0;0.0
2019;309;365;beauce_5_sa_035;orgeh;orgeH_tousSols_nonirr_organique;0.26;0.0;9.27;0.0;4.25;58.98;63.56;0.07;0.0;0;2.13;0;-104.46;0.07;0.01;0.0;0.26
2019;213;277;beauce_5_sa_036;solnu;;0.0;0.0;19.26;0.0;0.0;35.0;54.24;0.01;0.0;0;0;0;-213.5;0.0;0.01;0.0;0.0
2019;278;365;beauce_5_sa_036;orgeh;orgeH_tousSols_nonirr_organique;0.29;0.0;13.9;0.0;24.14;54.34;43.66;0.06;0.0;0;12.07;0;-156.82;0.06;0.01;0.0;0.29
2019;213;277;beauce_5_sa_037;solnu;;0.0;0.0;19.25;0.0;0.0;35.0;54.24;0.01;0.0;0;0;0;-213.45;0.0;0.01;0.0;0.0
2019;278;365;beauce_5_sa_037;orgeh;orgeH_tousSols_nonirr_organique;0.28;0.0;13.89;0.0;23.63;54.34;44.15;0.06;0.0;0;11.82;0;-156.66;0.06;0.01;0.0;0.28
2019;213;303;beauce_5_sa_038;solnu;;0.0;0.0;22.91;0.0;0.0;35.0;57.9;0.01;0.0;0;0;0;-254.89;0.0;0.01;0.0;0.0
2019;304;365;beauce_5_sa_038;orgeh;orgeH_tousSols_nonirr_organique;0.27;0.0;10.26;0.0;4.92;58.07;62.89;0.08;0.0;0;2.46;0;-115.66;0.08;0.01;0.0;0.27
2019;213;285;beauce_5_sa_039;solnu;;0.0;0.0;20.11;0.0;0.0;35.0;55.1;0.01;0.0;0;0;0;-224.2;0.0;0.01;0.0;0.0
2019;286;365;beauce_5_sa_039;orgeh;orgeH_tousSols_nonirr_organique;0.26;0.0;13.05;0.0;18.61;55.26;49.2;0.07;0.0;0;9.3;0;-146.15;0.06;0.01;0.0;0.26
2019;213;296;beauce_5_sa_040;solnu;;0.0;0.0;21.74;0.0;0.0;35.0;56.73;0.01;0.0;0;0;0;-241.47;0.0;0.01;0.0;0.0
2019;297;365;beauce_5_sa_040;orgeh;orgeH_tousSols_nonirr_organique;0.25;0.0;11.42;0.0;7.6;56.96;60.21;0.08;0.0;0;3.8;0;-128.93;0.08;0.01;0.0;0.25
2019;213;316;beauce_5_sa_041;solnu;;0.0;0.0;25.56;0.0;0.0;35.0;60.52;0.04;0.0;0;0;0;-284.58;0.02;0.02;0.0;0.0
2019;317;365;beauce_5_sa_041;orgeh;orgeH_tousSols_nonirr_organique;0.27;0.0;7.61;0.0;2.32;60.87;65.48;0.06;0.0;0;1.16;0;-85.96;0.06;0.0;0.0;0.27
2019;213;285;beauce_5_sa_042;solnu;;0.0;0.0;20.11;0.0;0.0;35.0;55.1;0.01;0.0;0;0;0;-224.25;0.0;0.01;0.0;0.0
2019;286;365;beauce_5_sa_042;orgeh;orgeH_tousSols_nonirr_organique;0.28;0.0;13.06;0.0;18.92;55.27;48.89;0.07;0.0;0;9.46;0;-146.33;0.06;0.01;0.0;0.28
2019;213;290;beauce_5_sa_043;solnu;;0.0;0.0;20.65;0.0;0.0;35.0;55.64;0.01;0.0;0;0;0;-230.21;0.0;0.01;0.0;0.0
2019;291;365;beauce_5_sa_043;orgeh;orgeH_tousSols_nonirr_organique;0.26;0.0;12.51;0.0;12.9;55.81;54.9;0.08;0.0;0;6.45;0;-140.2;0.07;0.01;0.0;0.26
2019;213;296;beauce_5_sa_044;solnu;;0.0;0.0;21.71;0.0;0.0;35.0;56.7;0.01;0.0;0;0;0;-241.14;0.0;0.01;0.0;0.0
2019;297;365;beauce_5_sa_044;orgeh;orgeH_tousSols_nonirr_organique;0.24;0.0;11.41;0.0;7.6;56.92;60.19;0.08;0.0;0;3.8;0;-128.83;0.08;0.01;0.0;0.24
2019;213;273;beauce_5_sa_045;solnu;;0.0;0.0;18.66;0.0;0.0;35.0;53.64;0.01;0.0;0;0;0;-206.92;0.0;0.01;0.0;0.0
2019;274;365;beauce_5_sa_045;orgeh;orgeH_tousSols_nonirr_organique;0.3;0.0;14.46;0.0;28.96;53.8;38.79;0.06;0.0;0;14.48;0;-163.01;0.05;0.01;0.0;0.3
2019;213;314;beauce_5_sa_046;solnu;;0.0;0.0;25.19;0.0;0.0;35.0;60.16;0.04;0.0;0;0;0;-279.32;0.02;0.02;0.0;0.0
2019;315;365;beauce_5_sa_046;orgeh;orgeH_tousSols_nonirr_organique;0.27;0.0;7.98;0.0;2.83;60.37;64.98;0.06;0.0;0;1.41;0;-91.23;0.06;0.0;0.0;0.27
2019;213;315;beauce_5_sa_047;solnu;;0.0;0.0;25.41;0.0;0.0;35.0;60.37;0.04;0.0;0;0;0;-282.15;0.02;0.02;0.0;0.0
2019;316;365;beauce_5_sa_047;orgeh;orgeH_tousSols_nonirr_organique;0.26;0.0;7.77;0.0;2.68;60.52;65.13;0.06;0.0;0;1.34;0;-88.38;0.06;0.0;0.0;0.26
2019;213;305;beauce_5_sa_048;solnu;;0.0;0.0;23.21;0.0;0.0;35.0;58.2;0.01;0.0;0;0;0;-258.49;0.0;0.01;0.0;0.0
2019;306;365;beauce_5_sa_048;orgeh;orgeH_tousSols_nonirr_organique;0.26;0.0;9.96;0.0;4.79;58.37;63.02;0.08;0.0;0;2.39;0;-111.97;0.08;0.01;0.0;0.26
2019;213;287;beauce_5_sa_049;solnu;;0.0;0.0;20.36;0.0;0.0;35.0;55.34;0.01;0.0;0;0;0;-227.11;0.0;0.01;0.0;0.0
2019;288;365;beauce_5_sa_049;orgeh;orgeH_tousSols_nonirr_organique;0.28;0.0;12.82;0.0;17.33;55.45;50.49;0.07;0.0;0;8.66;0;-143.47;0.06;0.01;0.0;0.28
2019;213;312;beauce_5_sa_050;solnu;;0.0;0.0;24.68;0.0;0.0;35.0;59.65;0.03;0.0;0;0;0;-273.91;0.02;0.01;0.0;0.0
2019;313;365;beauce_5_sa_050;orgeh;orgeH_tousSols_nonirr_organique;0.25;0.0;8.48;0.0;3.33;59.89;64.48;0.07;0.0;0;1.66;0;-96.47;0.06;0.01;0.0;0.25
2019;213;271;beauce_5_sa_051;solnu;;0.0;0.0;18.32;0.0;0.0;35.0;53.31;0.01;0.0;0;0;0;-202.87;0.0;0.01;0.0;0.0
2019;272;365;beauce_5_sa_051;orgeh;orgeH_tousSols_nonirr_organique;0.31;0.0;14.79;0.0;30.33;53.47;37.4;0.05;0.0;0;15.17;0;-167.01;0.05;0.01;0.0;0.31
2019;213;283;beauce_5_sa_052;solnu;;0.0;0.0;20.0;0.0;0.0;35.0;54.99;0.01;0.0;0;0;0;-221.87;0.0;0.01;0.0;0.0
2019;284;365;beauce_5_sa_052;orgeh;orgeH_tousSols_nonirr_organique;0.32;0.0;13.28;0.0;19.45;55.07;48.42;0.07;0.0;0;9.73;0;-149.84;0.06;0.01;0.0;0.32
2019;213;269;beauce_5_sa_053;solnu;;0.0;0.0;17.92;0.0;0.0;35.0;52.91;0.01;0.0;0;0;0;-198.59;0.0;0.01;0.0;0.0
2019;270;365;beauce_5_sa_053;orgeh;orgeH_tousSols_nonirr_organique;0.36;0.0;15.26;0.0;35.51;53.12;32.26;0.05;0.0;0;17.76;0;-172.07;0.04;0.01;0.0;0.36
2019;213;270;beauce_5_sa_054;solnu;;0.0;0.0;18.13;0.0;0.0;35.0;53.12;0.01;0.0;0;0;0;-200.72;0.0;0.01;0.0;0.0
2019;271;365;beauce_5_sa_054;orgeh;orgeH_tousSols_nonirr_organique;0.36;0.0;15.05;0.0;33.35;53.33;34.41;0.05;0.0;0;16.68;0;-169.94;0.04;0.01;0.0;0.36
2019;213;277;beauce_5_sa_055;solnu;;0.0;0.0;19.25;0.0;0.0;35.0;54.24;0.01;0.0;0;0;0;-213.41;0.0;0.01;0.0;0.0
2019;278;365;beauce_5_sa_055;orgeh;orgeH_tousSols_nonirr_organique;0.29;0.0;13.89;0.0;24.08;54.33;43.7;0.06;0.0;0;12.04;0;-156.74;0.06;0.01;0.0;0.29
2019;213;304;beauce_5_sa_056;solnu;;0.0;0.0;23.09;0.0;0.0;35.0;58.07;0.01;0.0;0;0;0;-256.64;0.0;0.01;0.0;0.0
2019;305;365;beauce_5_sa_056;orgeh;orgeH_tousSols_nonirr_organique;0.26;0.0;10.09;0.0;4.92;58.2;62.89;0.08;0.0;0;2.46;0;-113.9;0.08;0.01;0.0;0.26
2019;213;302;beauce_5_sa_057;solnu;;0.0;0.0;22.76;0.0;0.0;35.0;57.74;0.01;0.0;0;0;0;-253.38;0.0;0.01;0.0;0.0
2019;303;365;beauce_5_sa_057;orgeh;orgeH_tousSols_nonirr_organique;0.27;0.0;10.42;0.0;5.26;57.9;62.55;0.08;0.0;0;2.63;0;-117.17;0.08;0.01;0.0;0.27
2019;213;283;beauce_5_sa_058;solnu;;0.0;0.0;19.94;0.0;0.0;35.0;54.93;0.01;0.0;0;0;0;-221.25;0.0;0.01;0.0;0.0
2019;284;365;beauce_5_sa_058;orgeh;orgeH_tousSols_nonirr_organique;0.27;0.0;13.23;0.0;20.36;55.01;47.45;0.07;0.0;0;10.18;0;-149.21;0.06;0.01;0.0;0.27
2019;213;314;beauce_5_sa_059;solnu;;0.0;0.0;25.19;0.0;0.0;35.0;60.15;0.04;0.0;0;0;0;-279.26;0.02;0.02;0.0;0.0
2019;315;365;beauce_5_sa_059;orgeh;orgeH_tousSols_nonirr_organique;0.26;0.0;7.98;0.0;2.83;60.37;64.98;0.06;0.0;0;1.41;0;-91.23;0.06;0.0;0.0;0.26
2019;213;303;beauce_5_sa_060;solnu;;0.0;0.0;22.91;0.0;0.0;35.0;57.9;0.01;0.0;0;0;0;-254.89;0.0;0.01;0.0;0.0
2019;304;365;beauce_5_sa_060;orgeh;orgeH_tousSols_nonirr_organique;0.27;0.0;10.26;0.0;4.92;58.07;62.89;0.08;0.0;0;2.46;0;-115.66;0.08;0.01;0.0;0.27
2019;213;265;beauce_5_sa_061;solnu;;0.0;0.0;16.98;0.0;0.0;35.0;51.97;0.01;0.0;0;0;0;-187.68;0.0;0.01;0.0;0.0
2019;266;365;beauce_5_sa_061;orgeh;orgeH_tousSols_nonirr_organique;0.34;0.0;16.2;0.0;39.46;52.14;28.32;0.04;0.0;0;19.73;0;-182.87;0.03;0.01;0.0;0.34
2019;213;274;beauce_5_sa_062;solnu;;0.0;0.0;18.84;0.0;0.0;35.0;53.83;0.01;0.0;0;0;0;-209.26;0.0;0.01;0.0;0.0
2019;275;365;beauce_5_sa_062;orgeh;orgeH_tousSols_nonirr_organique;0.31;0.0;14.34;0.0;28.52;53.98;39.28;0.06;0.0;0;14.26;0;-161.37;0.05;0.01;0.0;0.31
2019;213;270;beauce_5_sa_063;solnu;;0.0;0.0;18.13;0.0;0.0;35.0;53.12;0.01;0.0;0;0;0;-200.72;0.0;0.01;0.0;0.0
2019;271;365;beauce_5_sa_063;orgeh;orgeH_tousSols_nonirr_organique;0.36;0.0;15.05;0.0;33.35;53.33;34.41;0.05;0.0;0;16.68;0;-169.94;0.04;0.01;0.0;0.36
2019;213;272;beauce_5_sa_064;solnu;;0.0;0.0;18.5;0.0;0.0;35.0;53.49;0.01;0.0;0;0;0;-205.43;0.0;0.01;0.0;0.0
2019;273;365;beauce_5_sa_064;orgeh;orgeH_tousSols_nonirr_organique;0.31;0.0;14.69;0.0;30.43;53.67;37.39;0.05;0.0;0;15.21;0;-165.36;0.05;0.01;0.0;0.31
2019;213;282;beauce_5_sa_065;solnu;;0.0;0.0;19.75;0.0;0.0;35.0;54.74;0.01;0.0;0;0;0;-220.38;0.0;0.01;0.0;0.0
2019;283;365;beauce_5_sa_065;orgeh;orgeH_tousSols_nonirr_organique;0.28;0.0;13.41;0.0;19.82;54.92;47.99;0.07;0.0;0;9.91;0;-150.02;0.06;0.01;0.0;0.28
2019;213;275;beauce_5_sa_066;solnu;;0.0;0.0;18.98;0.0;0.0;35.0;53.97;0.01;0.0;0;0;0;-211.03;0.0;0.01;0.0;0.0
2019;276;365;beauce_5_sa_066;orgeh;orgeH_tousSols_nonirr_organique;0.3;0.0;14.17;0.0;25.74;54.05;42.05;0.06;0.0;0;12.87;0;-159.31;0.05;0.01;0.0;0.3
2019;213;260;beauce_5_sa_067;solnu;;0.0;0.0;15.93;0.0;0.0;35.0;50.92;0.01;0.0;0;0;0;-177.11;0.0;0.01;0.0;0.0
2019;261;365;beauce_5_sa_067;orgeh;orgeH_tousSols_nonirr_organique;0.35;0.0;17.39;0.0;47.52;51.12;20.41;0.02;0.0;0;23.76;0;-195.0;0.01;0.01;0.0;0.35
2019;213;307;beauce_5_sa_068;solnu;;0.0;0.0;23.76;0.0;0.0;35.0;58.73;0.02;0.0;0;0;0;-262.07;0.01;0.01;0.0;0.0
2019;308;365;beauce_5_sa_068;orgeh;orgeH_tousSols_nonirr_organique;0.27;0.0;9.42;0.0;4.32;58.88;63.49;0.07;0.0;0;2.16;0;-108.48;0.07;0.01;0.0;0.27
2019;213;278;beauce_5_sa_069;solnu;;0.0;0.0;19.36;0.0;0.0;35.0;54.35;0.01;0.0;0;0;0;-215.7;0.0;0.01;0.0;0.0
2019;279;365;beauce_5_sa_069;orgeh;orgeH_tousSols_nonirr_organique;0.3;0.0;13.82;0.0;24.39;54.44;43.42;0.06;0.0;0;12.19;0;-154.92;0.05;0.01;0.0;0.3
2019;213;256;beauce_5_sa_070;solnu;;0.0;0.0;15.42;0.0;0.0;35.0;50.41;0.01;0.0;0;0;0;-171.43;0.0;0.01;0.0;0.0
2019;257;365;beauce_5_sa_070;orgeh;orgeH_tousSols_nonirr_organique;0.33;0.0;17.78;0.0;51.54;50.53;16.31;0.01;0.0;0;25.77;0;-199.36;0.0;0.01;0.0;0.33
2019;213;276;beauce_5_sa_071;solnu;;0.0;0.0;19.07;0.0;0.0;35.0;54.05;0.01;0.0;0;0;0;-212.66;0.0;0.01;0.0;0.0
2019;277;365;beauce_5_sa_071;orgeh;orgeH_tousSols_nonirr_organique;0.3;0.0;14.12;0.0;26.33;54.25;41.47;0.06;0.0;0;13.17;0;-157.98;0.05;0.01;0.0;0.3
2019;213;291;beauce_5_sa_072;solnu;;0.0;0.0;20.83;0.0;0.0;35.0;55.82;0.01;0.0;0;0;0;-231.36;0.0;0.01;0.0;0.0
2019;292;365;beauce_5_sa_072;orgeh;orgeH_tousSols_nonirr_organique;0.27;0.0;12.34;0.0;12.04;56.06;55.77;0.08;0.0;0;6.02;0;-139.21;0.07;0.01;0.0;0.27
2019;213;291;beauce_5_sa_073;solnu;;0.0;0.0;20.83;0.0;0.0;35.0;55.82;0.01;0.0;0;0;0;-231.35;0.0;0.01;0.0;0.0
2019;292;365;beauce_5_sa_073;orgeh;orgeH_tousSols_nonirr_organique;0.27;0.0;12.34;0.0;12.04;56.06;55.78;0.08;0.0;0;6.02;0;-139.15;0.07;0.01;0.0;0.27
2019;213;288;beauce_5_sa_074;solnu;;0.0;0.0;20.47;0.0;0.0;35.0;55.46;0.01;0.0;0;0;0;-228.01;0.0;0.01;0.0;0.0
2019;289;365;beauce_5_sa_074;orgeh;orgeH_tousSols_nonirr_organique;0.27;0.0;12.71;0.0;16.0;55.55;51.82;0.07;0.0;0;8.0;0;-142.59;0.07;0.01;0.0;0.27
2019;213;256;beauce_5_sa_075;solnu;;0.0;0.0;15.41;0.0;0.0;35.0;50.4;0.01;0.0;0;0;0;-171.4;0.0;0.01;0.0;0.0
2019;257;365;beauce_5_sa_075;orgeh;orgeH_tousSols_nonirr_organique;0.33;0.0;17.77;0.0;51.49;50.52;16.34;0.01;0.0;0;25.75;0;-199.21;0.0;0.01;0.0;0.33
2019;213;307;beauce_5_sa_076;solnu;;0.0;0.0;23.73;0.0;0.0;35.0;58.71;0.02;0.0;0;0;0;-261.8;0.01;0.01;0.0;0.0
2019;308;365;beauce_5_sa_076;orgeh;orgeH_tousSols_nonirr_organique;0.25;0.0;9.42;0.0;4.32;58.85;63.48;0.07;0.0;0;2.16;0;-108.48;0.07;0.01;0.0;0.25
2019;213;271;beauce_5_sa_077;solnu;;0.0;0.0;18.35;0.0;0.0;35.0;53.33;0.01;0.0;0;0;0;-203.11;0.0;0.01;0.0;0.0
2019;272;365;beauce_5_sa_077;orgeh;orgeH_tousSols_nonirr_organique;0.31;0.0;14.82;0.0;30.67;53.49;37.12;0.05;0.0;0;15.34;0;-167.32;0.04;0.01;0.0;0.31
2019;213;280;beauce_5_sa_078;solnu;;0.0;0.0;19.57;0.0;0.0;35.0;54.56;0.01;0.0;0;0;0;-217.45;0.0;0.01;0.0;0.0
2019;281;365;beauce_5_sa_078;orgeh;orgeH_tousSols_nonirr_organique;0.27;0.0;13.53;0.0;22.14;54.63;45.62;0.07;0.0;0;11.07;0;-152.36;0.06;0.01;0.0;0.27
2019;213;287;beauce_5_sa_079;solnu;;0.0;0.0;20.34;0.0;0.0;35.0;55.33;0.01;0.0;0;0;0;-226.98;0.0;0.01;0.0;0.0
2019;288;365;beauce_5_sa_079;orgeh;orgeH_tousSols_nonirr_organique;0.26;0.0;12.81;0.0;17.13;55.44;50.68;0.07;0.0;0;8.56;0;-143.29;0.06;0.01;0.0;0.26
2019;213;276;beauce_5_sa_080;solnu;;0.0;0.0;19.06;0.0;0.0;35.0;54.05;0.01;0.0;0;0;0;-212.65;0.0;0.01;0.0;0.0
2019;277;365;beauce_5_sa_080;orgeh;orgeH_tousSols_nonirr_organique;0.3;0.0;14.1;0.0;25.38;54.25;42.42;0.06;0.0;0;12.69;0;-157.8;0.05;0.01;0.0;0.3
2019;213;256;beauce_5_sa_081;solnu;;0.0;0.0;15.41;0.0;0.0;35.0;50.41;0.01;0.0;0;0;0;-171.43;0.0;0.01;0.0;0.0
2019;257;365;beauce_5_sa_081;orgeh;orgeH_tousSols_nonirr_organique;0.33;0.0;17.78;0.0;51.54;50.52;16.29;0.01;0.0;0;25.77;0;-199.32;0.0;0.01;0.0;0.33
2019;213;294;beauce_5_sa_082;solnu;;0.0;0.0;21.41;0.0;0.0;35.0;56.39;0.01;0.0;0;0;0;-238.03;0.0;0.01;0.0;0.0
2019;295;365;beauce_5_sa_082;orgeh;orgeH_tousSols_nonirr_organique;0.27;0.0;11.77;0.0;8.74;56.55;59.07;0.08;0.0;0;4.37;0;-132.53;0.08;0.01;0.0;0.27
2019;213;266;beauce_5_sa_083;solnu;;0.0;0.0;17.15;0.0;0.0;35.0;52.14;0.01;0.0;0;0;0;-190.13;0.0;0.01;0.0;0.0
2019;267;365;beauce_5_sa_083;orgeh;orgeH_tousSols_nonirr_organique;0.34;0.0;16.0;0.0;37.04;52.48;30.71;0.04;0.0;0;18.52;0;-180.15;0.03;0.01;0.0;0.34
2019;213;284;beauce_5_sa_084;solnu;;0.0;0.0;20.01;0.0;0.0;35.0;55.0;0.01;0.0;0;0;0;-223.2;0.0;0.01;0.0;0.0
2019;285;365;beauce_5_sa_084;orgeh;orgeH_tousSols_nonirr_organique;0.27;0.0;13.14;0.0;19.24;55.09;48.56;0.07;0.0;0;9.62;0;-147.04;0.06;0.01;0.0;0.27
2019;213;301;beauce_5_sa_085;solnu;;0.0;0.0;22.6;0.0;0.0;35.0;57.59;0.01;0.0;0;0;0;-251.23;0.0;0.01;0.0;0.0
2019;302;365;beauce_5_sa_085;orgeh;orgeH_tousSols_nonirr_organique;0.25;0.0;10.55;0.0;5.47;57.72;62.34;0.08;0.0;0;2.73;0;-119.05;0.08;0.01;0.0;0.25
2019;213;303;beauce_5_sa_086;solnu;;0.0;0.0;22.89;0.0;0.0;35.0;57.87;0.01;0.0;0;0;0;-254.6;0.0;0.01;0.0;0.0
2019;304;365;beauce_5_sa_086;orgeh;orgeH_tousSols_nonirr_organique;0.24;0.0;10.26;0.0;4.92;58.04;62.88;0.08;0.0;0;2.46;0;-115.63;0.08;0.01;0.0;0.24
2019;213;284;beauce_5_sa_087;solnu;;0.0;0.0;20.02;0.0;0.0;35.0;55.01;0.01;0.0;0;0;0;-223.34;0.0;0.01;0.0;0.0
2019;285;365;beauce_5_sa_087;orgeh;orgeH_tousSols_nonirr_organique;0.28;0.0;13.16;0.0;19.66;55.1;48.15;0.07;0.0;0;9.83;0;-147.28;0.06;0.01;0.0;0.28
2019;213;296;beauce_5_sa_088;solnu;;0.0;0.0;21.72;0.0;0.0;35.0;56.71;0.01;0.0;0;0;0;-241.3;0.0;0.01;0.0;0.0
2019;297;365;beauce_5_sa_088;orgeh;orgeH_tousSols_nonirr_organique;0.25;0.0;11.42;0.0;7.6;56.94;60.2;0.08;0.0;0;3.8;0;-128.9;0.08;0.01;0.0;0.25
2019;213;303;beauce_5_sa_089;solnu;;0.0;0.0;22.91;0.0;0.0;35.0;57.9;0.01;0.0;0;0;0;-254.89;0.0;0.01;0.0;0.0
2019;304;365;beauce_5_sa_089;orgeh;orgeH_tousSols_nonirr_organique;0.27;0.0;10.26;0.0;4.92;58.07;62.89;0.08;0.0;0;2.46;0;-115.66;0.08;0.01;0.0;0.27
2019;213;291;beauce_5_sa_090;solnu;;0.0;0.0;20.81;0.0;0.0;35.0;55.8;0.01;0.0;0;0;0;-231.13;0.0;0.01;0.0;0.0
2019;292;365;beauce_5_sa_090;orgeh;orgeH_tousSols_nonirr_organique;0.25;0.0;12.33;0.0;12.02;56.03;55.77;0.08;0.0;0;6.01;0;-139.03;0.07;0.01;0.0;0.25
2019;213;293;beauce_5_sa_091;solnu;;0.0;0.0;21.25;0.0;0.0;35.0;56.24;0.01;0.0;0;0;0;-235.98;0.0;0.01;0.0;0.0
2019;294;365;beauce_5_sa_091;orgeh;orgeH_tousSols_nonirr_organique;0.27;0.0;11.92;0.0;9.37;56.39;58.44;0.08;0.0;0;4.69;0;-134.57;0.07;0.01;0.0;0.27
2019;213;293;beauce_5_sa_092;solnu;;0.0;0.0;21.25;0.0;0.0;35.0;56.24;0.01;0.0;0;0;0;-235.98;0.0;0.01;0.0;0.0
2019;294;365;beauce_5_sa_092;orgeh;orgeH_tousSols_nonirr_organique;0.27;0.0;11.92;0.0;9.37;56.39;58.44;0.08;0.0;0;4.69;0;-134.57;0.07;0.01;0.0;0.27
2019;213;264;beauce_5_sa_093;solnu;;0.0;0.0;16.74;0.0;0.0;35.0;51.73;0.01;0.0;0;0;0;-185.94;0.0;0.01;0.0;0.0
2019;265;365;beauce_5_sa_093;orgeh;orgeH_tousSols_nonirr_organique;0.34;0.0;16.37;0.0;38.88;51.94;28.83;0.04;0.0;0;19.44;0;-183.82;0.03;0.01;0.0;0.34
2019;213;294;beauce_5_sa_094;solnu;;0.0;0.0;21.41;0.0;0.0;35.0;56.39;0.01;0.0;0;0;0;-238.03;0.0;0.01;0.0;0.0
2019;295;365;beauce_5_sa_094;orgeh;orgeH_tousSols_nonirr_organique;0.27;0.0;11.77;0.0;8.74;56.55;59.08;0.08;0.0;0;4.37;0;-132.53;0.08;0.01;0.0;0.27
2019;213;301;beauce_5_sa_095;solnu;;0.0;0.0;22.62;0.0;0.0;35.0;57.61;0.01;0.0;0;0;0;-251.45;0.0;0.01;0.0;0.0
2019;302;365;beauce_5_sa_095;orgeh;orgeH_tousSols_nonirr_organique;0.27;0.0;10.55;0.0;5.47;57.74;62.34;0.08;0.0;0;2.73;0;-119.1;0.08;0.01;0.0;0.27
2019;213;300;beauce_5_sa_096;solnu;;0.0;0.0;22.45;0.0;0.0;35.0;57.44;0.01;0.0;0;0;0;-249.37;0.0;0.01;0.0;0.0
2019;301;365;beauce_5_sa_096;orgeh;orgeH_tousSols_nonirr_organique;0.27;0.0;10.72;0.0;5.61;57.61;62.2;0.08;0.0;0;2.8;0;-121.21;0.08;0.01;0.0;0.27
2019;213;304;beauce_5_sa_097;solnu;;0.0;0.0;23.05;0.0;0.0;35.0;58.03;0.01;0.0;0;0;0;-256.22;0.0;0.01;0.0;0.0
2019;305;365;beauce_5_sa_097;orgeh;orgeH_tousSols_nonirr_organique;0.24;0.0;10.09;0.0;4.92;58.17;62.88;0.08;0.0;0;2.46;0;-113.88;0.08;0.01;0.0;0.24
2019;213;298;beauce_5_sa_098;solnu;;0.0;0.0;22.13;0.0;0.0;35.0;57.12;0.01;0.0;0;0;0;-246.13;0.0;0.01;0.0;0.0
2019;299;365;beauce_5_sa_098;orgeh;orgeH_tousSols_nonirr_organique;0.26;0.0;11.04;0.0;6.68;57.25;61.13;0.08;0.0;0;3.34;0;-124.35;0.08;0.01;0.0;0.26
2019;213;317;beauce_5_sa_099;solnu;;0.0;0.0;25.91;0.0;0.0;35.0;60.87;0.04;0.0;0;0;0;-286.27;0.03;0.02;0.0;0.0
2019;318;365;beauce_5_sa_099;orgeh;orgeH_tousSols_nonirr_organique;0.27;0.0;7.26;0.0;2.32;60.98;65.48;0.06;0.0;0;1.16;0;-84.28;0.05;0.0;0.0;0.27
2020;1;205;beauce_5_sa_000;orgeh;orgeH_tousSols_nonirr_organique;1.88;0.0;56.05;0.0;51.73;31.29;33.67;0.05;0.0;0;44.11;0;-623.1;0.02;0.03;0.0;1.88
2020;206;269;beauce_5_sa_000;solnu;;0.52;0.0;34.57;-15.28;0.0;33.67;52.36;0.08;0.0;0;0;0;-335.69;0.07;0.01;0.0;0.52
2020;270;366;beauce_5_sa_000;orgeh;orgeH_tousSols_nonirr_organique;2.33;0.0;17.74;-47.12;4.5;52.76;16.12;0.02;0.0;0;2.25;0;-77.32;0.02;0.0;0.0;2.33
2020;1;200;beauce_5_sa_001;orgeh;orgeH_tousSols_nonirr_organique;3.59;0.0;50.65;0.0;85.27;64.03;25.74;0.08;0.0;0;44.53;0;-564.08;0.05;0.03;0.0;3.59
2020;201;311;beauce_5_sa_001;solnu;;1.62;0.0;45.59;-47.24;0.0;25.74;22.4;0.06;0.01;0;0;0;-415.87;0.04;0.02;0.0;1.62
2020;312;366;beauce_5_sa_001;orgeh;orgeH_tousSols_nonirr_organique;1.85;0.0;7.3;-7.22;0.0;22.39;20.62;0.0;0.0;0;0.0;0;-24.73;0.0;0.0;0.0;1.85
2020;1;223;beauce_5_sa_002;orgeh;orgeH_tousSols_nonirr_organique;3.39;0.0;61.26;0.0;78.77;59.48;38.48;0.09;0.0;0;43.55;0;-681.96;0.05;0.04;0.0;3.39
2020;224;296;beauce_5_sa_002;solnu;;1.59;0.0;32.73;-50.43;0.0;38.48;19.15;0.04;0.0;0;0;0;-277.9;0.04;0.01;0.0;1.59
2020;297;366;beauce_5_sa_002;orgeh;orgeH_tousSols_nonirr_organique;1.59;0.0;10.45;-10.12;0.0;19.15;17.89;0.0;0.0;0;0.0;0;-28.05;0.0;0.0;0.0;1.59
2020;1;221;beauce_5_sa_003;orgeh;orgeH_tousSols_nonirr_organique;3.56;0.0;59.2;0.0;85.15;63.73;34.14;0.08;0.0;0;44.61;0;-658.59;0.05;0.04;0.0;3.56
2020;222;310;beauce_5_sa_003;solnu;;1.55;0.0;36.82;-46.89;0.0;34.14;22.46;0.06;0.0;0;0;0;-323.0;0.05;0.01;0.0;1.55
2020;311;366;beauce_5_sa_003;orgeh;orgeH_tousSols_nonirr_organique;1.86;0.0;7.57;-7.39;0.0;22.45;20.77;0.0;0.0;0;0.0;0;-22.42;0.0;0.0;0.0;1.86
2020;1;190;beauce_5_sa_004;orgeh;orgeH_tousSols_nonirr_organique;3.6;0.0;46.55;0.0;85.45;64.29;21.72;0.08;0.0;0;44.48;0;-518.54;0.05;0.03;0.0;3.6
2020;191;312;beauce_5_sa_004;solnu;;1.5;0.0;49.86;-32.53;0.0;21.72;37.46;0.08;0.0;0;0;0;-481.11;0.06;0.02;0.0;1.5
2020;313;366;beauce_5_sa_004;orgeh;orgeH_tousSols_nonirr_organique;2.08;0.0;7.16;-19.36;0.0;36.26;23.17;0.0;0.0;0;0.0;0;-30.9;0.0;0.0;0.0;2.08
2020;1;214;beauce_5_sa_005;orgeh;orgeH_tousSols_nonirr_organique;2.07;0.0;59.99;0.0;55.89;36.13;38.1;0.06;0.0;0;43.74;0;-666.76;0.02;0.04;0.0;2.07
2020;215;271;beauce_5_sa_005;solnu;;0.56;0.0;31.57;-52.96;0.0;38.1;16.07;0.08;0.0;0;0;0;-283.14;0.07;0.01;0.0;0.56
2020;272;366;beauce_5_sa_005;orgeh;orgeH_tousSols_nonirr_organique;2.2;0.0;16.97;-12.06;2.25;16.02;16.53;0.0;0.0;0;1.13;0;-50.12;0.0;0.0;0.0;2.2
2020;1;212;beauce_5_sa_006;orgeh;orgeH_tousSols_nonirr_organique;3.03;0.0;56.14;0.0;71.38;50.65;32.31;0.07;0.0;0;44.26;0;-623.96;0.04;0.03;0.0;3.03
2020;213;288;beauce_5_sa_006;solnu;;0.99;0.0;36.91;-51.06;0.0;32.31;17.13;0.05;0.0;0;0;0;-330.49;0.04;0.01;0.0;0.99
2020;289;366;beauce_5_sa_006;orgeh;orgeH_tousSols_nonirr_organique;1.79;0.0;12.09;-11.75;0.0;17.13;15.68;0.0;0.0;0;0.0;0;-34.25;0.0;0.0;0.0;1.79
2020;1;218;beauce_5_sa_007;orgeh;orgeH_tousSols_nonirr_organique;3.56;0.0;57.97;0.0;85.14;63.73;32.92;0.08;0.0;0;44.61;0;-643.23;0.05;0.03;0.0;3.56
2020;219;310;beauce_5_sa_007;solnu;;1.5;0.0;38.01;-14.77;0.0;32.92;54.56;0.08;0.0;0;0;0;-368.0;0.07;0.02;0.0;1.5
2020;311;366;beauce_5_sa_007;orgeh;orgeH_tousSols_nonirr_organique;2.08;0.0;7.55;-36.95;0.0;54.86;23.08;0.0;0.0;0;0.0;0;-39.14;0.0;0.0;0.0;2.08
2020;1;175;beauce_5_sa_008;orgeh;orgeH_tousSols_nonirr_organique;3.58;0.0;39.25;0.0;77.48;64.48;21.34;0.07;0.0;0;40.4;0;-429.89;0.05;0.02;0.0;3.58
2020;176;313;beauce_5_sa_008;solnu;;1.71;0.0;57.64;-13.15;0.0;21.34;64.16;0.11;0.0;0;0;0;-569.9;0.08;0.03;0.0;1.71
2020;314;366;beauce_5_sa_008;orgeh;orgeH_tousSols_nonirr_organique;2.4;0.0;7.07;-42.06;0.0;64.37;26.76;0.01;0.0;0;0.0;0;-37.58;0.01;0.0;0.0;2.4
2020;1;211;beauce_5_sa_009;orgeh;orgeH_tousSols_nonirr_organique;3.62;0.0;54.19;0.0;86.65;65.12;28.96;0.08;0.0;0;44.67;0;-603.53;0.05;0.03;0.0;3.62
2020;212;316;beauce_5_sa_009;solnu;;1.52;0.0;42.58;-44.72;0.0;28.96;25.22;0.08;0.01;0;0;0;-404.77;0.06;0.02;0.0;1.52
2020;317;366;beauce_5_sa_009;orgeh;orgeH_tousSols_nonirr_organique;2.08;0.0;6.58;-6.62;0.0;25.18;23.1;0.0;0.0;0;0.0;0;-25.25;0.0;0.0;0.0;2.08
2020;1;215;beauce_5_sa_010;orgeh;orgeH_tousSols_nonirr_organique;3.56;0.0;56.27;0.0;85.49;64.49;31.62;0.08;0.0;0;44.41;0;-624.88;0.05;0.03;0.0;3.56
2020;216;313;beauce_5_sa_010;solnu;;1.65;0.0;40.12;-47.38;0.0;31.62;22.65;0.06;0.0;0;0;0;-357.33;0.05;0.01;0.0;1.65
2020;314;366;beauce_5_sa_010;orgeh;orgeH_tousSols_nonirr_organique;1.87;0.0;7.08;-6.92;0.0;22.65;20.94;0.0;0.0;0;0.0;0;-21.02;0.0;0.0;0.0;1.87
2020;1;174;beauce_5_sa_011;orgeh;orgeH_tousSols_nonirr_organique;1.68;0.0;40.21;0.0;38.47;19.48;19.5;0.04;0.0;0;43.44;0;-443.47;0.01;0.02;0.0;1.68
2020;175;259;beauce_5_sa_011;solnu;;0.35;0.0;47.07;-54.38;0.0;19.5;11.77;0.07;0.0;0;0;0;-432.7;0.05;0.02;0.0;0.35
2020;260;366;beauce_5_sa_011;orgeh;orgeH_tousSols_nonirr_organique;1.62;0.0;21.26;-6.61;8.49;11.77;16.3;0.02;0.0;0;4.25;0;-74.05;0.01;0.01;0.0;1.62
2020;1;185;beauce_5_sa_012;orgeh;orgeH_tousSols_nonirr_organique;2.78;0.0;45.57;0.0;66.12;45.55;22.16;0.06;0.0;0;44.19;0;-506.83;0.03;0.03;0.0;2.78
2020;186;282;beauce_5_sa_012;solnu;;0.91;0.0;46.65;-14.01;0.0;22.16;53.79;0.09;0.0;0;0;0;-452.14;0.07;0.02;0.0;0.91
2020;283;366;beauce_5_sa_012;orgeh;orgeH_tousSols_nonirr_organique;2.28;0.0;13.61;-41.3;4.39;54.09;19.43;0.0;0.0;0;2.19;0;-66.83;0.0;0.0;0.0;2.28
2020;1;225;beauce_5_sa_013;orgeh;orgeH_tousSols_nonirr_organique;2.34;0.0;68.85;0.0;39.56;20.41;47.21;0.13;0.02;0;43.54;0;-767.14;0.09;0.04;0.0;2.34
2020;226;261;beauce_5_sa_013;solnu;;0.44;0.0;21.67;-15.67;0.0;47.21;52.71;0.06;0.0;0;0;0;-215.78;0.06;0.01;0.0;0.44
2020;262;366;beauce_5_sa_013;orgeh;orgeH_tousSols_nonirr_organique;2.57;0.0;20.42;-50.91;3.0;53.04;16.64;0.0;0.0;0;1.5;0;-82.53;0.0;0.0;0.0;2.57
2020;1;184;beauce_5_sa_014;orgeh;orgeH_tousSols_nonirr_organique;2.36;0.0;45.65;0.0;58.53;39.28;23.98;0.05;0.0;0;43.53;0;-503.56;0.03;0.03;0.0;2.36
2020;185;275;beauce_5_sa_014;solnu;;0.84;0.0;45.42;-14.19;0.0;23.98;54.28;0.09;0.0;0;0;0;-443.97;0.07;0.02;0.0;0.84
2020;276;366;beauce_5_sa_014;orgeh;orgeH_tousSols_nonirr_organique;2.23;0.0;15.55;-44.78;4.23;54.57;18.58;0.01;0.0;0;2.12;0;-74.91;0.01;0.0;0.0;2.23
2020;1;215;beauce_5_sa_015;orgeh;orgeH_tousSols_nonirr_organique;2.71;0.0;58.73;0.0;64.95;44.92;35.92;0.07;0.0;0;43.91;0;-651.79;0.03;0.04;0.0;2.71
2020;216;280;beauce_5_sa_015;solnu;;0.97;0.0;33.45;-51.89;0.0;35.92;16.45;0.06;0.0;0;0;0;-300.06;0.05;0.01;0.0;0.97
2020;281;366;beauce_5_sa_015;orgeh;orgeH_tousSols_nonirr_organique;1.78;0.0;14.12;-12.65;0.0;16.45;16.15;0.0;0.0;0;0.0;0;-40.18;0.0;0.0;0.0;1.78
2020;1;204;beauce_5_sa_016;orgeh;orgeH_tousSols_nonirr_organique;1.71;0.0;56.97;0.0;42.02;22.59;35.79;0.05;0.0;0;43.61;0;-633.31;0.01;0.03;0.0;1.71
2020;205;262;beauce_5_sa_016;solnu;;0.53;0.0;33.3;-57.21;0.0;35.79;11.31;0.03;0.0;0;0;0;-247.16;0.03;0.0;0.0;0.53
2020;263;366;beauce_5_sa_016;orgeh;orgeH_tousSols_nonirr_organique;1.54;0.0;20.24;2.04;15.68;11.38;16.35;0.02;0.0;0;7.84;0;-64.96;0.01;0.01;0.0;1.54
2020;1;183;beauce_5_sa_017;orgeh;orgeH_tousSols_nonirr_organique;2.92;0.0;44.26;0.0;69.17;48.38;20.49;0.06;0.0;0;44.3;0;-479.48;0.04;0.03;0.0;2.92
2020;184;285;beauce_5_sa_017;solnu;;0.94;0.0;48.7;-46.74;0.0;20.49;21.43;0.08;0.01;0;0;0;-478.6;0.06;0.02;0.0;0.94
2020;286;366;beauce_5_sa_017;orgeh;orgeH_tousSols_nonirr_organique;2.29;0.0;12.63;-12.51;0.0;21.26;19.26;0.0;0.0;0;0.0;0;-47.09;0.0;0.0;0.0;2.29
2020;1;209;beauce_5_sa_018;orgeh;orgeH_tousSols_nonirr_organique;1.81;0.0;58.3;0.0;49.36;29.19;36.27;0.05;0.0;0;43.97;0;-648.95;0.02;0.03;0.0;1.81
2020;210;267;beauce_5_sa_018;solnu;;0.6;0.0;32.52;-15.46;0.0;36.27;52.64;0.09;0.0;0;0;0;-315.89;0.08;0.01;0.0;0.6
2020;268;366;beauce_5_sa_018;orgeh;orgeH_tousSols_nonirr_organique;2.27;0.0;18.34;-48.82;4.5;52.87;15.38;0.01;0.0;0;2.25;0;-76.61;0.01;0.0;0.0;2.27
2020;1;201;beauce_5_sa_019;orgeh;orgeH_tousSols_nonirr_organique;1.72;0.0;55.74;0.0;41.67;22.19;34.49;0.05;0.0;0;43.65;0;-621.68;0.01;0.03;0.0;1.72
2020;202;262;beauce_5_sa_019;solnu;;0.52;0.0;34.39;-15.32;0.0;34.49;52.94;0.09;0.0;0;0;0;-332.63;0.08;0.01;0.0;0.52
2020;263;366;beauce_5_sa_019;orgeh;orgeH_tousSols_nonirr_organique;1.89;0.0;20.05;-51.63;6.0;53.19;13.46;0.0;0.0;0;3.0;0;-83.37;0.0;0.0;0.0;1.89
2020;1;190;beauce_5_sa_020;orgeh;orgeH_tousSols_nonirr_organique;1.67;0.0;50.43;0.0;37.39;18.42;29.76;0.04;0.0;0;43.39;0;-560.75;0.01;0.03;0.0;1.67
2020;191;259;beauce_5_sa_020;solnu;;0.42;0.0;38.95;-59.39;0.0;29.76;8.89;0.0;0.0;0;0;0;-279.0;0.0;0.0;0.0;0.42
2020;260;366;beauce_5_sa_020;orgeh;orgeH_tousSols_nonirr_organique;1.06;0.0;21.24;8.95;24.73;9.13;13.27;0.03;0.0;0;12.36;0;-79.23;0.01;0.02;0.0;1.06
2020;1;177;beauce_5_sa_021;orgeh;orgeH_tousSols_nonirr_organique;3.51;0.0;39.84;0.0;77.88;62.55;20.92;0.07;0.0;0;41.57;0;-444.21;0.05;0.02;0.0;3.51
2020;178;303;beauce_5_sa_021;solnu;;1.63;0.0;55.19;-13.38;0.0;20.92;60.99;0.1;0.0;0;0;0;-536.29;0.07;0.03;0.0;1.63
2020;304;366;beauce_5_sa_021;orgeh;orgeH_tousSols_nonirr_organique;2.3;0.0;8.9;-42.09;0.0;61.19;25.5;0.0;0.0;0;0.0;0;-46.6;0.0;0.0;0.0;2.3
2020;1;216;beauce_5_sa_022;orgeh;orgeH_tousSols_nonirr_organique;3.42;0.0;57.31;0.0;80.27;60.21;33.75;0.08;0.0;0;43.93;0;-638.08;0.04;0.03;0.0;3.42
2020;217;297;beauce_5_sa_022;solnu;;1.54;0.0;36.57;-15.0;0.0;33.75;53.69;0.09;0.0;0;0;0;-354.03;0.07;0.01;0.0;1.54
2020;298;366;beauce_5_sa_022;orgeh;orgeH_tousSols_nonirr_organique;2.1;0.0;10.2;-38.55;0.0;53.96;23.24;0.0;0.0;0;0.0;0;-49.17;0.0;0.0;0.0;2.1
2020;1;192;beauce_5_sa_023;orgeh;orgeH_tousSols_nonirr_organique;1.67;0.0;51.38;0.0;37.39;18.42;30.7;0.04;0.0;0;43.39;0;-571.32;0.01;0.03;0.0;1.67
2020;193;259;beauce_5_sa_023;solnu;;0.49;0.0;37.98;-15.02;0.0;30.7;53.08;0.1;0.0;0;0;0;-369.2;0.08;0.02;0.0;0.49
2020;260;366;beauce_5_sa_023;orgeh;orgeH_tousSols_nonirr_organique;1.8;0.0;21.04;-50.07;9.07;53.41;13.17;0.0;0.0;0;4.53;0;-87.46;0.0;0.0;0.0;1.8
2020;1;197;beauce_5_sa_024;orgeh;orgeH_tousSols_nonirr_organique;3.38;0.0;50.07;0.0;78.94;59.07;26.75;0.07;0.0;0;43.84;0;-558.07;0.04;0.03;0.0;3.38
2020;198;295;beauce_5_sa_024;solnu;;1.6;0.0;43.62;-45.55;0.0;26.75;23.13;0.07;0.01;0;0;0;-416.01;0.05;0.02;0.0;1.6
2020;296;366;beauce_5_sa_024;orgeh;orgeH_tousSols_nonirr_organique;1.88;0.0;10.6;-10.92;0.0;22.92;20.93;0.0;0.0;0;0.0;0;-39.96;0.0;0.0;0.0;1.88
2020;1;171;beauce_5_sa_025;orgeh;orgeH_tousSols_nonirr_organique;2.07;0.0;37.34;0.0;55.98;36.25;15.49;0.05;0.0;0;43.71;0;-408.43;0.02;0.02;0.0;2.07
2020;172;271;beauce_5_sa_025;solnu;;0.38;0.0;52.87;-53.68;0.0;15.49;14.25;0.05;0.0;0;0;0;-467.19;0.04;0.02;0.0;0.38
2020;272;366;beauce_5_sa_025;orgeh;orgeH_tousSols_nonirr_organique;1.96;0.0;17.06;-4.64;7.33;14.24;17.37;0.01;0.0;0;3.66;0;-56.87;0.0;0.01;0.0;1.96
2020;1;171;beauce_5_sa_026;orgeh;orgeH_tousSols_nonirr_organique;2.22;0.0;37.19;0.0;57.72;37.39;14.59;0.05;0.0;0;44.07;0;-406.85;0.02;0.02;0.0;2.22
2020;172;273;beauce_5_sa_026;solnu;;0.79;0.0;53.09;-13.51;0.0;14.59;53.28;0.1;0.0;0;0;0;-521.65;0.07;0.03;0.0;0.79
2020;274;366;beauce_5_sa_026;orgeh;orgeH_tousSols_nonirr_organique;2.14;0.0;16.34;-45.17;4.5;53.82;17.81;0.01;0.0;0;2.25;0;-80.35;0.0;0.0;0.0;2.14
2020;1;227;beauce_5_sa_027;orgeh;orgeH_tousSols_nonirr_organique;2.76;0.0;65.42;0.0;64.92;44.77;42.42;0.09;0.0;0;43.98;0;-724.38;0.05;0.04;0.0;2.76
2020;228;281;beauce_5_sa_027;solnu;;1.04;0.0;26.95;-15.73;0.0;42.42;52.51;0.08;0.0;0;0;0;-268.07;0.07;0.01;0.0;1.04
2020;282;366;beauce_5_sa_027;orgeh;orgeH_tousSols_nonirr_organique;2.39;0.0;13.79;-39.56;4.28;52.73;20.07;0.0;0.0;0;2.14;0;-60.44;0.0;0.0;0.0;2.39
2020;1;212;beauce_5_sa_028;orgeh;orgeH_tousSols_nonirr_organique;2.56;0.0;57.54;0.0;62.79;42.83;34.95;0.06;0.0;0;43.87;0;-639.13;0.03;0.03;0.0;2.56
2020;213;277;beauce_5_sa_028;solnu;;0.96;0.0;34.34;-49.86;0.0;34.95;18.4;0.07;0.0;0;0;0;-327.16;0.06;0.01;0.0;0.96
2020;278;366;beauce_5_sa_028;orgeh;orgeH_tousSols_nonirr_organique;1.93;0.0;14.86;-15.38;0.0;18.18;15.94;0.0;0.0;0;0.0;0;-48.24;0.0;0.0;0.0;1.93
2020;1;188;beauce_5_sa_029;orgeh;orgeH_tousSols_nonirr_organique;2.97;0.0;46.53;0.0;69.6;49.21;23.1;0.06;0.0;0;44.1;0;-517.07;0.04;0.03;0.0;2.97
2020;189;286;beauce_5_sa_029;solnu;;0.97;0.0;46.44;-51.81;0.0;23.1;16.72;0.05;0.0;0;0;0;-419.72;0.04;0.02;0.0;0.97
2020;287;366;beauce_5_sa_029;orgeh;orgeH_tousSols_nonirr_organique;1.76;0.0;12.49;-11.74;0.0;16.72;15.7;0.0;0.0;0;0.0;0;-38.39;0.0;0.0;0.0;1.76
2020;1;187;beauce_5_sa_030;orgeh;orgeH_tousSols_nonirr_organique;2.8;0.0;46.33;0.0;66.66;46.25;23.07;0.06;0.0;0;44.1;0;-515.82;0.03;0.03;0.0;2.8
2020;188;282;beauce_5_sa_030;solnu;;0.92;0.0;45.86;-49.19;0.0;23.07;18.73;0.07;0.01;0;0;0;-434.3;0.05;0.02;0.0;0.92
2020;283;366;beauce_5_sa_030;orgeh;orgeH_tousSols_nonirr_organique;2.0;0.0;13.64;-13.56;0.0;18.73;16.81;0.0;0.0;0;0.0;0;-46.63;0.0;0.0;0.0;2.0
2020;1;180;beauce_5_sa_031;orgeh;orgeH_tousSols_nonirr_organique;2.26;0.0;42.21;0.0;57.54;37.61;19.97;0.05;0.0;0;43.87;0;-467.86;0.02;0.03;0.0;2.26
2020;181;274;beauce_5_sa_031;solnu;;0.78;0.0;48.25;-13.94;0.0;19.97;53.4;0.09;0.0;0;0;0;-467.55;0.07;0.02;0.0;0.78
2020;275;366;beauce_5_sa_031;orgeh;orgeH_tousSols_nonirr_organique;2.14;0.0;15.86;-45.05;4.5;53.73;17.56;0.01;0.0;0;2.25;0;-76.17;0.0;0.0;0.0;2.14
2020;1;176;beauce_5_sa_032;orgeh;orgeH_tousSols_nonirr_organique;1.72;0.0;41.41;0.0;41.67;22.19;20.17;0.04;0.0;0;43.65;0;-461.37;0.01;0.02;0.0;1.72
2020;177;262;beauce_5_sa_032;solnu;;0.38;0.0;46.85;-14.13;0.0;20.17;52.43;0.09;0.0;0;0;0;-453.12;0.07;0.02;0.0;0.38
2020;263;366;beauce_5_sa_032;orgeh;orgeH_tousSols_nonirr_organique;1.7;0.0;20.1;-52.06;6.44;52.69;12.33;0.0;0.0;0;3.22;0;-89.54;0.0;0.0;0.0;1.7
2020;1;227;beauce_5_sa_033;orgeh;orgeH_tousSols_nonirr_organique;3.03;0.0;64.39;0.0;71.22;50.52;40.56;0.09;0.0;0;44.26;0;-712.87;0.05;0.04;0.0;3.03
2020;228;288;beauce_5_sa_033;solnu;;1.06;0.0;28.71;-30.26;0.0;40.56;37.87;0.08;0.0;0;0;0;-284.63;0.07;0.01;0.0;1.06
2020;289;366;beauce_5_sa_033;orgeh;orgeH_tousSols_nonirr_organique;2.41;0.0;12.05;-27.0;0.0;35.51;20.52;0.0;0.0;0;0.0;0;-44.2;0.0;0.0;0.0;2.41
2020;1;211;beauce_5_sa_034;orgeh;orgeH_tousSols_nonirr_organique;3.43;0.0;54.77;0.0;81.02;60.66;30.91;0.08;0.0;0;44.08;0;-609.95;0.05;0.03;0.0;3.43
2020;212;298;beauce_5_sa_034;solnu;;1.5;0.0;39.39;-50.43;0.0;30.91;18.32;0.04;0.0;0;0;0;-340.79;0.03;0.01;0.0;1.5
2020;299;366;beauce_5_sa_034;orgeh;orgeH_tousSols_nonirr_organique;1.52;0.0;10.0;-9.85;0.0;18.32;16.95;0.0;0.0;0;0.0;0;-28.36;0.0;0.0;0.0;1.52
2020;1;191;beauce_5_sa_035;orgeh;orgeH_tousSols_nonirr_organique;3.56;0.0;46.97;0.0;85.03;63.56;21.87;0.08;0.0;0;44.64;0;-522.9;0.05;0.03;0.0;3.56
2020;192;309;beauce_5_sa_035;solnu;;1.6;0.0;48.78;-46.83;0.0;21.87;22.15;0.06;0.0;0;0;0;-446.4;0.04;0.02;0.0;1.6
2020;310;366;beauce_5_sa_035;orgeh;orgeH_tousSols_nonirr_organique;1.83;0.0;7.86;-7.72;0.0;22.15;20.47;0.0;0.0;0;0.0;0;-26.17;0.0;0.0;0.0;1.83
2020;1;202;beauce_5_sa_036;orgeh;orgeH_tousSols_nonirr_organique;2.62;0.0;53.22;0.0;63.22;43.65;30.98;0.06;0.0;0;43.68;0;-593.73;0.03;0.03;0.0;2.62
2020;203;278;beauce_5_sa_036;solnu;;0.9;0.0;38.51;-51.09;0.0;30.98;17.42;0.07;0.0;0;0;0;-363.81;0.06;0.01;0.0;0.9
2020;279;366;beauce_5_sa_036;orgeh;orgeH_tousSols_nonirr_organique;1.9;0.0;14.62;-14.04;0.0;17.51;16.1;0.0;0.0;0;0.0;0;-46.47;0.0;0.0;0.0;1.9
2020;1;220;beauce_5_sa_037;orgeh;orgeH_tousSols_nonirr_organique;2.63;0.0;61.77;0.0;63.62;44.15;39.6;0.07;0.0;0;43.62;0;-688.8;0.03;0.04;0.0;2.63
2020;221;278;beauce_5_sa_037;solnu;;1.01;0.0;30.3;-51.37;0.0;39.6;17.44;0.07;0.0;0;0;0;-282.45;0.06;0.01;0.0;1.01
2020;279;366;beauce_5_sa_037;orgeh;orgeH_tousSols_nonirr_organique;1.9;0.0;14.6;-14.23;0.0;17.44;15.92;0.0;0.0;0;0.0;0;-43.9;0.0;0.0;0.0;1.9
2020;1;211;beauce_5_sa_038;orgeh;orgeH_tousSols_nonirr_organique;3.53;0.0;54.49;0.0;84.45;62.89;29.32;0.08;0.0;0;44.68;0;-606.82;0.05;0.03;0.0;3.53
2020;212;304;beauce_5_sa_038;solnu;;1.53;0.0;40.48;-14.55;0.0;29.32;53.64;0.08;0.01;0;0;0;-390.88;0.06;0.02;0.0;1.53
2020;305;366;beauce_5_sa_038;orgeh;orgeH_tousSols_nonirr_organique;2.06;0.0;8.71;-37.37;0.0;53.86;22.91;0.0;0.0;0;0.0;0;-43.2;0.0;0.0;0.0;2.06
2020;1;181;beauce_5_sa_039;orgeh;orgeH_tousSols_nonirr_organique;2.97;0.0;42.14;0.0;69.6;49.2;18.71;0.06;0.0;0;44.1;0;-466.98;0.04;0.03;0.0;2.97
2020;182;286;beauce_5_sa_039;solnu;;0.95;0.0;50.62;-49.24;0.0;18.71;19.06;0.07;0.01;0;0;0;-478.42;0.05;0.02;0.0;0.95
2020;287;366;beauce_5_sa_039;orgeh;orgeH_tousSols_nonirr_organique;2.0;0.0;12.48;-12.4;0.0;19.06;17.13;0.0;0.0;0;0.0;0;-43.13;0.0;0.0;0.0;2.0
2020;1;178;beauce_5_sa_040;orgeh;orgeH_tousSols_nonirr_organique;3.42;0.0;40.35;0.0;76.43;60.21;19.59;0.07;0.0;0;42.01;0;-448.13;0.04;0.02;0.0;3.42
2020;179;297;beauce_5_sa_040;solnu;;1.68;0.0;53.66;-48.19;0.0;19.59;23.68;0.08;0.0;0;0;0;-505.1;0.05;0.02;0.0;1.68
2020;298;366;beauce_5_sa_040;orgeh;orgeH_tousSols_nonirr_organique;1.96;0.0;10.24;-9.93;0.0;23.68;22.02;0.0;0.0;0;0.0;0;-36.92;0.0;0.0;0.0;1.96
2020;1;180;beauce_5_sa_041;orgeh;orgeH_tousSols_nonirr_organique;3.65;0.0;41.08;0.0;81.05;65.48;21.78;0.07;0.0;0;41.69;0;-455.76;0.05;0.02;0.0;3.65
2020;181;317;beauce_5_sa_041;solnu;;1.62;0.0;55.55;-13.26;0.0;21.78;62.35;0.1;0.0;0;0;0;-542.36;0.08;0.03;0.0;1.62
2020;318;366;beauce_5_sa_041;orgeh;orgeH_tousSols_nonirr_organique;2.32;0.0;6.48;-40.56;0.0;62.46;25.93;0.01;0.0;0;0.0;0;-34.76;0.01;0.0;0.0;2.32
2020;1;172;beauce_5_sa_042;orgeh;orgeH_tousSols_nonirr_organique;2.96;0.0;37.67;0.0;65.68;48.89;16.61;0.06;0.0;0;42.3;0;-412.45;0.04;0.02;0.0;2.96
2020;173;286;beauce_5_sa_042;solnu;;0.97;0.0;55.09;-13.5;0.0;16.61;57.28;0.09;0.0;0;0;0;-544.85;0.07;0.03;0.0;0.97
2020;287;366;beauce_5_sa_042;orgeh;orgeH_tousSols_nonirr_organique;2.48;0.0;12.44;-41.19;4.19;57.53;21.86;0.01;0.0;0;2.09;0;-62.24;0.01;0.0;0.0;2.48
2020;1;216;beauce_5_sa_043;orgeh;orgeH_tousSols_nonirr_organique;3.19;0.0;57.86;0.0;75.23;54.9;34.27;0.08;0.0;0;44.07;0;-644.12;0.04;0.03;0.0;3.19
2020;217;291;beauce_5_sa_043;solnu;;1.01;0.0;35.29;-47.82;0.0;34.27;20.66;0.06;0.0;0;0;0;-325.97;0.05;0.01;0.0;1.01
2020;292;366;beauce_5_sa_043;orgeh;orgeH_tousSols_nonirr_organique;2.16;0.0;11.56;-11.36;0.0;20.39;18.7;0.0;0.0;0;0.0;0;-36.71;0.0;0.0;0.0;2.16
2020;1;198;beauce_5_sa_044;orgeh;orgeH_tousSols_nonirr_organique;3.41;0.0;50.3;0.0;80.59;60.19;26.42;0.07;0.0;0;44.09;0;-560.3;0.04;0.03;0.0;3.41
2020;199;297;beauce_5_sa_044;solnu;;1.44;0.0;43.59;-50.34;0.0;26.42;18.19;0.04;0.0;0;0;0;-387.95;0.03;0.01;0.0;1.44
2020;298;366;beauce_5_sa_044;orgeh;orgeH_tousSols_nonirr_organique;1.51;0.0;10.24;-10.07;0.0;18.19;16.86;0.0;0.0;0;0.0;0;-31.11;0.0;0.0;0.0;1.51
2020;1;225;beauce_5_sa_045;orgeh;orgeH_tousSols_nonirr_organique;2.57;0.0;65.4;0.0;59.07;38.79;42.45;0.1;0.0;0;44.02;0;-728.61;0.06;0.04;0.0;2.57
2020;226;274;beauce_5_sa_045;solnu;;0.97;0.0;26.45;-51.17;0.0;42.45;16.73;0.02;0.0;0;0;0;-192.61;0.02;0.0;0.0;0.97
2020;275;366;beauce_5_sa_045;orgeh;orgeH_tousSols_nonirr_organique;1.84;0.0;15.89;-7.2;5.56;16.75;18.02;0.01;0.0;0;2.78;0;-43.66;0.0;0.01;0.0;1.84
2020;1;225;beauce_5_sa_046;orgeh;orgeH_tousSols_nonirr_organique;3.63;0.0;61.27;0.0;86.53;64.98;36.0;0.09;0.0;0;44.68;0;-682.41;0.05;0.04;0.0;3.63
2020;226;315;beauce_5_sa_046;solnu;;1.57;0.0;35.51;-44.34;0.0;36.0;25.52;0.08;0.0;0;0;0;-335.84;0.07;0.01;0.0;1.57
2020;316;366;beauce_5_sa_046;orgeh;orgeH_tousSols_nonirr_organique;2.11;0.0;6.7;-6.7;0.0;25.55;23.42;0.0;0.0;0;0.0;0;-25.15;0.0;0.0;0.0;2.11
2020;1;228;beauce_5_sa_047;orgeh;orgeH_tousSols_nonirr_organique;3.6;0.0;63.22;0.0;86.62;65.13;38.02;0.09;0.0;0;44.65;0;-702.83;0.06;0.04;0.0;3.6
2020;229;316;beauce_5_sa_047;solnu;;1.59;0.0;33.69;-44.3;0.0;38.02;25.74;0.08;0.0;0;0;0;-315.85;0.07;0.01;0.0;1.59
2020;317;366;beauce_5_sa_047;orgeh;orgeH_tousSols_nonirr_organique;2.12;0.0;6.57;-6.57;0.0;25.75;23.61;0.0;0.0;0;0.0;0;-23.53;0.0;0.0;0.0;2.12
2020;1;230;beauce_5_sa_048;orgeh;orgeH_tousSols_nonirr_organique;3.52;0.0;64.77;0.0;84.61;63.02;39.57;0.1;0.0;0;44.7;0;-719.61;0.06;0.04;0.0;3.52
2020;231;306;beauce_5_sa_048;solnu;;1.78;0.0;30.75;-45.6;0.0;39.57;22.87;0.06;0.0;0;0;0;-280.16;0.06;0.01;0.0;1.78
2020;307;366;beauce_5_sa_048;orgeh;orgeH_tousSols_nonirr_organique;1.89;0.0;8.33;-8.24;0.0;22.87;21.07;0.0;0.0;0;0.0;0;-25.68;0.0;0.0;0.0;1.89
2020;1;222;beauce_5_sa_049;orgeh;orgeH_tousSols_nonirr_organique;3.04;0.0;61.61;0.0;71.33;50.49;37.65;0.09;0.0;0;44.33;0;-680.79;0.05;0.04;0.0;3.04
2020;223;288;beauce_5_sa_049;solnu;;0.98;0.0;31.34;-15.47;0.0;37.65;51.71;0.07;0.0;0;0;0;-310.77;0.06;0.01;0.0;0.98
2020;289;366;beauce_5_sa_049;orgeh;orgeH_tousSols_nonirr_organique;2.35;0.0;12.04;-37.57;2.97;51.9;20.85;0.01;0.0;0;1.49;0;-54.2;0.01;0.0;0.0;2.35
2020;1;216;beauce_5_sa_050;orgeh;orgeH_tousSols_nonirr_organique;3.57;0.0;56.7;0.0;86.31;64.48;31.22;0.08;0.0;0;44.82;0;-631.35;0.05;0.03;0.0;3.57
2020;217;313;beauce_5_sa_050;solnu;;1.54;0.0;39.7;-46.97;0.0;31.22;22.34;0.05;0.0;0;0;0;-349.47;0.04;0.01;0.0;1.54
2020;314;366;beauce_5_sa_050;orgeh;orgeH_tousSols_nonirr_organique;1.84;0.0;7.08;-6.94;0.0;22.34;20.63;0.0;0.0;0;0.0;0;-20.77;0.0;0.0;0.0;1.84
2020;1;213;beauce_5_sa_051;orgeh;orgeH_tousSols_nonirr_organique;2.15;0.0;59.18;0.0;56.86;37.4;37.51;0.06;0.0;0;43.6;0;-657.19;0.03;0.04;0.0;2.15
2020;214;272;beauce_5_sa_051;solnu;;0.54;0.0;32.29;-53.05;0.0;37.51;16.14;0.07;0.0;0;0;0;-276.0;0.06;0.0;0.0;0.54
2020;273;366;beauce_5_sa_051;orgeh;orgeH_tousSols_nonirr_organique;2.2;0.0;16.72;-9.02;4.23;15.63;17.39;0.01;0.0;0;2.12;0;-47.1;0.0;0.01;0.0;2.2
2020;1;205;beauce_5_sa_052;orgeh;orgeH_tousSols_nonirr_organique;2.9;0.0;53.68;0.0;69.12;48.42;30.01;0.07;0.0;0;44.29;0;-597.25;0.03;0.03;0.0;2.9
2020;206;284;beauce_5_sa_052;solnu;;0.94;0.0;38.72;-51.1;0.0;30.01;16.64;0.05;0.0;0;0;0;-351.41;0.04;0.01;0.0;0.94
2020;285;366;beauce_5_sa_052;orgeh;orgeH_tousSols_nonirr_organique;1.76;0.0;13.0;-12.68;0.0;16.64;15.2;0.0;0.0;0;0.0;0;-39.93;0.0;0.0;0.0;1.76
2020;1;224;beauce_5_sa_053;orgeh;orgeH_tousSols_nonirr_organique;2.63;0.0;66.2;0.0;51.95;32.26;43.76;0.11;0.01;0;43.73;0;-737.63;0.07;0.04;0.0;2.63
2020;225;270;beauce_5_sa_053;solnu;;0.44;0.0;25.17;-15.78;0.0;43.76;52.65;0.06;0.0;0;0;0;-246.72;0.05;0.01;0.0;0.44
2020;271;366;beauce_5_sa_053;orgeh;orgeH_tousSols_nonirr_organique;2.88;0.0;17.35;-44.58;2.67;53.1;19.85;0.02;0.0;0;1.33;0;-74.74;0.02;0.0;0.0;2.88
2020;1;209;beauce_5_sa_054;orgeh;orgeH_tousSols_nonirr_organique;2.03;0.0;57.34;0.0;54.41;34.41;35.26;0.06;0.0;0;43.88;0;-638.42;0.02;0.03;0.0;2.03
2020;210;271;beauce_5_sa_054;solnu;;0.5;0.0;33.69;-15.36;0.0;35.26;53.01;0.08;0.0;0;0;0;-326.12;0.07;0.01;0.0;0.5
2020;272;366;beauce_5_sa_054;orgeh;orgeH_tousSols_nonirr_organique;2.58;0.0;16.93;-44.94;4.17;53.32;18.22;0.03;0.0;0;2.08;0;-75.1;0.03;0.0;0.0;2.58
2020;1;225;beauce_5_sa_055;orgeh;orgeH_tousSols_nonirr_organique;2.76;0.0;64.57;0.0;63.32;43.7;42.09;0.1;0.0;0;43.7;0;-719.28;0.06;0.04;0.0;2.76
2020;226;278;beauce_5_sa_055;solnu;;1.08;0.0;27.8;-50.86;0.0;42.09;17.89;0.05;0.0;0;0;0;-232.65;0.05;0.0;0.0;1.08
2020;279;366;beauce_5_sa_055;orgeh;orgeH_tousSols_nonirr_organique;1.96;0.0;14.63;-11.07;1.48;17.89;18.01;0.0;0.0;0;0.74;0;-39.03;0.0;0.0;0.0;1.96
2020;1;175;beauce_5_sa_056;orgeh;orgeH_tousSols_nonirr_organique;3.48;0.0;39.26;0.0;76.49;62.89;20.85;0.07;0.0;0;40.7;0;-429.97;0.05;0.02;0.0;3.48
2020;176;305;beauce_5_sa_056;solnu;;1.68;0.0;56.3;-13.29;0.0;20.85;62.23;0.1;0.0;0;0;0;-555.63;0.08;0.03;0.0;1.68
2020;306;366;beauce_5_sa_056;orgeh;orgeH_tousSols_nonirr_organique;2.33;0.0;8.53;-42.57;0.0;62.46;25.86;0.01;0.0;0;0.0;0;-44.67;0.01;0.0;0.0;2.33
2020;1;187;beauce_5_sa_057;orgeh;orgeH_tousSols_nonirr_organique;3.51;0.0;45.4;0.0;83.64;62.55;20.72;0.07;0.0;0;44.45;0;-505.62;0.05;0.03;0.0;3.51
2020;188;303;beauce_5_sa_057;solnu;;1.5;0.0;49.54;-13.8;0.0;20.72;54.86;0.08;0.0;0;0;0;-479.22;0.06;0.02;0.0;1.5
2020;304;366;beauce_5_sa_057;orgeh;orgeH_tousSols_nonirr_organique;2.08;0.0;8.9;-38.58;0.0;55.07;23.1;0.0;0.0;0;0.0;0;-46.3;0.0;0.0;0.0;2.08
2020;1;229;beauce_5_sa_058;orgeh;orgeH_tousSols_nonirr_organique;2.88;0.0;66.1;0.0;68.48;47.45;42.09;0.1;0.0;0;44.42;0;-734.14;0.06;0.04;0.0;2.88
2020;230;284;beauce_5_sa_058;solnu;;1.07;0.0;26.65;-45.24;0.0;42.09;22.36;0.07;0.0;0;0;0;-254.81;0.06;0.01;0.0;1.07
2020;285;366;beauce_5_sa_058;orgeh;orgeH_tousSols_nonirr_organique;2.37;0.0;12.96;-12.73;0.0;22.36;20.22;0.0;0.0;0;0.0;0;-43.38;0.0;0.0;0.0;2.37
2020;1;184;beauce_5_sa_059;orgeh;orgeH_tousSols_nonirr_organique;3.63;0.0;44.19;0.0;83.34;64.98;20.88;0.07;0.0;0;43.08;0;-488.19;0.05;0.03;0.0;3.63
2020;185;315;beauce_5_sa_059;solnu;;1.63;0.0;52.54;-48.22;0.0;20.88;23.73;0.07;0.01;0;0;0;-490.65;0.04;0.02;0.0;1.63
2020;316;366;beauce_5_sa_059;orgeh;orgeH_tousSols_nonirr_organique;1.96;0.0;6.72;-6.67;0.0;23.73;21.82;0.0;0.0;0;0.0;0;-23.5;0.0;0.0;0.0;1.96
2020;1;208;beauce_5_sa_060;orgeh;orgeH_tousSols_nonirr_organique;3.53;0.0;53.4;0.0;84.45;62.89;28.23;0.08;0.0;0;44.68;0;-595.96;0.05;0.03;0.0;3.53
2020;209;304;beauce_5_sa_060;solnu;;1.48;0.0;41.45;-14.45;0.0;28.23;53.67;0.08;0.01;0;0;0;-398.8;0.06;0.02;0.0;1.48
2020;305;366;beauce_5_sa_060;orgeh;orgeH_tousSols_nonirr_organique;2.06;0.0;8.71;-37.47;0.0;53.89;22.85;0.0;0.0;0;0.0;0;-43.47;0.0;0.0;0.0;2.06
2020;1;191;beauce_5_sa_061;orgeh;orgeH_tousSols_nonirr_organique;1.76;0.0;50.09;0.0;47.47;28.32;29.14;0.05;0.0;0;43.46;0;-556.84;0.02;0.03;0.0;1.76
2020;192;266;beauce_5_sa_061;solnu;;0.5;0.0;40.06;-14.78;0.0;29.14;53.82;0.09;0.0;0;0;0;-388.6;0.07;0.02;0.0;0.5
2020;267;366;beauce_5_sa_061;orgeh;orgeH_tousSols_nonirr_organique;2.12;0.0;18.74;-49.57;6.0;54.25;14.86;0.01;0.0;0;3.0;0;-81.18;0.01;0.0;0.0;2.12
2020;1;216;beauce_5_sa_062;orgeh;orgeH_tousSols_nonirr_organique;2.36;0.0;60.06;0.0;58.53;39.28;38.39;0.06;0.0;0;43.53;0;-668.3;0.03;0.04;0.0;2.36
2020;217;275;beauce_5_sa_062;solnu;;0.94;0.0;31.49;-15.53;0.0;38.39;53.3;0.1;0.0;0;0;0;-307.15;0.09;0.01;0.0;0.94
2020;276;366;beauce_5_sa_062;orgeh;orgeH_tousSols_nonirr_organique;2.31;0.0;15.52;-43.14;4.23;53.58;19.14;0.01;0.0;0;2.11;0;-68.58;0.01;0.0;0.0;2.31
2020;1;221;beauce_5_sa_063;orgeh;orgeH_tousSols_nonirr_organique;2.03;0.0;64.08;0.0;54.41;34.41;41.99;0.06;0.0;0;43.88;0;-711.99;0.02;0.04;0.0;2.03
2020;222;271;beauce_5_sa_063;solnu;;0.68;0.0;27.31;-15.74;0.0;41.99;52.78;0.09;0.01;0;0;0;-267.91;0.08;0.01;0.0;0.68
2020;272;366;beauce_5_sa_063;orgeh;orgeH_tousSols_nonirr_organique;2.84;0.0;16.91;-44.38;2.67;53.08;19.77;0.03;0.0;0;1.33;0;-74.09;0.02;0.0;0.0;2.84
2020;1;176;beauce_5_sa_064;orgeh;orgeH_tousSols_nonirr_organique;2.22;0.0;40.51;0.0;57.72;37.39;17.91;0.05;0.0;0;44.07;0;-451.5;0.02;0.02;0.0;2.22
2020;177;273;beauce_5_sa_064;solnu;;0.79;0.0;49.82;-13.77;0.0;17.91;53.07;0.1;0.0;0;0;0;-481.37;0.07;0.02;0.0;0.79
2020;274;366;beauce_5_sa_064;orgeh;orgeH_tousSols_nonirr_organique;2.13;0.0;16.34;-44.98;4.5;53.6;17.79;0.01;0.0;0;2.25;0;-79.2;0.0;0.0;0.0;2.13
2020;1;176;beauce_5_sa_065;orgeh;orgeH_tousSols_nonirr_organique;2.88;0.0;40.01;0.0;67.62;47.98;17.44;0.06;0.0;0;43.72;0;-446.01;0.03;0.02;0.0;2.88
2020;177;283;beauce_5_sa_065;solnu;;0.96;0.0;52.4;-52.21;0.0;17.44;16.63;0.04;0.0;0;0;0;-437.91;0.03;0.01;0.0;0.96
2020;284;366;beauce_5_sa_065;orgeh;orgeH_tousSols_nonirr_organique;1.78;0.0;13.43;-2.66;6.67;16.74;18.94;0.01;0.0;0;3.34;0;-39.28;0.0;0.01;0.0;1.78
2020;1;188;beauce_5_sa_066;orgeh;orgeH_tousSols_nonirr_organique;2.48;0.0;47.31;0.0;61.32;42.05;25.5;0.06;0.0;0;43.53;0;-525.49;0.03;0.03;0.0;2.48
2020;189;276;beauce_5_sa_066;solnu;;0.87;0.0;44.2;-47.86;0.0;25.5;20.88;0.08;0.0;0;0;0;-423.81;0.06;0.02;0.0;0.87
2020;277;366;beauce_5_sa_066;orgeh;orgeH_tousSols_nonirr_organique;1.88;0.0;15.3;-17.53;0.0;18.45;16.77;0.0;0.0;0;0.0;0;-51.06;0.0;0.0;0.0;1.88
2020;1;196;beauce_5_sa_067;orgeh;orgeH_tousSols_nonirr_organique;1.67;0.0;53.61;0.0;39.56;20.41;32.74;0.04;0.0;0;43.54;0;-594.63;0.01;0.03;0.0;1.67
2020;197;261;beauce_5_sa_067;solnu;;0.51;0.0;36.14;-15.17;0.0;32.74;53.09;0.1;0.0;0;0;0;-353.22;0.08;0.01;0.0;0.51
2020;262;366;beauce_5_sa_067;orgeh;orgeH_tousSols_nonirr_organique;1.87;0.0;20.43;-51.24;6.99;53.48;13.42;0.0;0.0;0;3.5;0;-84.06;0.0;0.0;0.0;1.87
2020;1;189;beauce_5_sa_068;orgeh;orgeH_tousSols_nonirr_organique;3.56;0.0;46.25;0.0;84.56;63.49;21.54;0.07;0.0;0;44.44;0;-513.48;0.05;0.03;0.0;3.56
2020;190;308;beauce_5_sa_068;solnu;;1.49;0.0;49.54;-13.65;0.0;21.54;55.85;0.08;0.0;0;0;0;-480.03;0.06;0.02;0.0;1.49
2020;309;366;beauce_5_sa_068;orgeh;orgeH_tousSols_nonirr_organique;2.08;0.0;7.91;-38.55;0.0;55.94;23.13;0.0;0.0;0;0.0;0;-41.83;0.0;0.0;0.0;2.08
2020;1;209;beauce_5_sa_069;orgeh;orgeH_tousSols_nonirr_organique;2.64;0.0;55.86;0.0;64.02;43.42;32.55;0.06;0.0;0;44.2;0;-622.11;0.03;0.03;0.0;2.64
2020;210;279;beauce_5_sa_069;solnu;;0.91;0.0;36.05;-15.12;0.0;32.55;52.49;0.09;0.0;0;0;0;-348.68;0.07;0.01;0.0;0.91
2020;280;366;beauce_5_sa_069;orgeh;orgeH_tousSols_nonirr_organique;2.26;0.0;14.24;-41.59;4.16;52.67;18.72;0.0;0.0;0;2.08;0;-65.43;0.0;0.0;0.0;2.26
2020;1;172;beauce_5_sa_070;orgeh;orgeH_tousSols_nonirr_organique;1.62;0.0;39.24;0.0;34.8;16.31;19.09;0.03;0.0;0;43.17;0;-429.01;0.01;0.02;0.0;1.62
2020;173;257;beauce_5_sa_070;solnu;;0.35;0.0;47.48;-14.11;0.0;19.09;52.02;0.09;0.0;0;0;0;-467.91;0.07;0.02;0.0;0.35
2020;258;366;beauce_5_sa_070;orgeh;orgeH_tousSols_nonirr_organique;1.63;0.0;21.81;-50.65;9.42;52.47;12.13;0.0;0.0;0;4.71;0;-98.06;0.0;0.0;0.0;1.63
2020;1;216;beauce_5_sa_071;orgeh;orgeH_tousSols_nonirr_organique;2.52;0.0;59.71;0.0;61.87;41.47;36.72;0.06;0.0;0;44.1;0;-664.39;0.03;0.04;0.0;2.52
2020;217;277;beauce_5_sa_071;solnu;;0.95;0.0;32.15;-15.46;0.0;36.72;52.37;0.1;0.0;0;0;0;-311.79;0.08;0.01;0.0;0.95
2020;278;366;beauce_5_sa_071;orgeh;orgeH_tousSols_nonirr_organique;2.3;0.0;14.84;-42.1;3.97;52.64;18.84;0.0;0.0;0;1.98;0;-67.41;0.0;0.0;0.0;2.3
2020;1;177;beauce_5_sa_072;orgeh;orgeH_tousSols_nonirr_organique;3.25;0.0;40.04;0.0;73.38;55.77;19.12;0.07;0.0;0;42.71;0;-446.4;0.04;0.02;0.0;3.25
2020;178;292;beauce_5_sa_072;solnu;;1.28;0.0;53.34;-13.57;0.0;19.12;57.51;0.09;0.0;0;0;0;-517.53;0.07;0.03;0.0;1.28
2020;293;366;beauce_5_sa_072;orgeh;orgeH_tousSols_nonirr_organique;2.42;0.0;11.28;-40.3;2.17;57.73;23.89;0.01;0.0;0;1.09;0;-57.99;0.01;0.0;0.0;2.42
2020;1;174;beauce_5_sa_073;orgeh;orgeH_tousSols_nonirr_organique;3.25;0.0;38.51;0.0;70.92;55.78;18.85;0.06;0.0;0;41.48;0;-425.31;0.04;0.02;0.0;3.25
2020;175;292;beauce_5_sa_073;solnu;;1.47;0.0;54.9;-44.97;0.0;18.85;27.49;0.09;0.01;0;0;0;-533.01;0.06;0.02;0.0;1.47
2020;293;366;beauce_5_sa_073;orgeh;orgeH_tousSols_nonirr_organique;2.21;0.0;11.29;-14.58;0.0;26.17;21.99;0.0;0.0;0;0.0;0;-44.11;0.0;0.0;0.0;2.21
2020;1;207;beauce_5_sa_074;orgeh;orgeH_tousSols_nonirr_organique;3.07;0.0;54.13;0.0;72.13;51.81;30.67;0.07;0.0;0;44.07;0;-603.42;0.04;0.03;0.0;3.07
2020;208;289;beauce_5_sa_074;solnu;;0.97;0.0;38.81;-46.83;0.0;30.67;21.6;0.07;0.0;0;0;0;-365.88;0.06;0.01;0.0;0.97
2020;290;366;beauce_5_sa_074;orgeh;orgeH_tousSols_nonirr_organique;2.33;0.0;11.9;-11.71;0.0;21.6;19.47;0.0;0.0;0;0.0;0;-41.43;0.0;0.0;0.0;2.33
2020;1;191;beauce_5_sa_075;orgeh;orgeH_tousSols_nonirr_organique;1.62;0.0;51.09;0.0;34.84;16.34;30.92;0.04;0.0;0;43.17;0;-567.73;0.01;0.03;0.0;1.62
2020;192;257;beauce_5_sa_075;solnu;;0.49;0.0;37.89;-57.5;0.0;30.92;10.78;0.03;0.0;0;0;0;-298.35;0.03;0.0;0.0;0.49
2020;258;366;beauce_5_sa_075;orgeh;orgeH_tousSols_nonirr_organique;1.44;0.0;21.94;2.21;17.22;10.9;16.25;0.02;0.0;0;8.61;0;-75.52;0.01;0.02;0.0;1.44
2020;1;187;beauce_5_sa_076;orgeh;orgeH_tousSols_nonirr_organique;3.55;0.0;45.33;0.0;85.22;63.48;19.97;0.07;0.0;0;44.77;0;-504.95;0.05;0.03;0.0;3.55
2020;188;308;beauce_5_sa_076;solnu;;1.46;0.0;50.47;-49.15;0.0;19.97;19.78;0.04;0.01;0;0;0;-452.26;0.03;0.02;0.0;1.46
2020;309;366;beauce_5_sa_076;orgeh;orgeH_tousSols_nonirr_organique;1.64;0.0;7.94;-7.62;0.0;19.78;18.46;0.0;0.0;0;0.0;0;-24.66;0.0;0.0;0.0;1.64
2020;1;196;beauce_5_sa_077;orgeh;orgeH_tousSols_nonirr_organique;2.14;0.0;51.89;0.0;56.21;37.12;30.6;0.06;0.0;0;43.44;0;-576.08;0.02;0.03;0.0;2.14
2020;197;272;beauce_5_sa_077;solnu;;0.45;0.0;39.28;-54.13;0.0;30.6;15.24;0.05;0.0;0;0;0;-326.7;0.04;0.01;0.0;0.45
2020;273;366;beauce_5_sa_077;orgeh;orgeH_tousSols_nonirr_organique;2.09;0.0;16.75;-4.05;7.61;14.81;18.23;0.01;0.0;0;3.81;0;-49.2;0.0;0.01;0.0;2.09
2020;1;210;beauce_5_sa_078;orgeh;orgeH_tousSols_nonirr_organique;2.74;0.0;55.99;0.0;65.52;45.62;33.29;0.07;0.0;0;43.83;0;-624.12;0.03;0.03;0.0;2.74
2020;211;281;beauce_5_sa_078;solnu;;0.95;0.0;36.37;-52.11;0.0;33.29;16.55;0.04;0.0;0;0;0;-286.99;0.04;0.0;0.0;0.95
2020;282;366;beauce_5_sa_078;orgeh;orgeH_tousSols_nonirr_organique;1.78;0.0;13.89;-4.69;5.7;16.57;18.26;0.01;0.0;0;2.85;0;-35.87;0.0;0.01;0.0;1.78
2020;1;222;beauce_5_sa_079;orgeh;orgeH_tousSols_nonirr_organique;3.03;0.0;61.7;0.0;71.4;50.68;37.86;0.09;0.0;0;44.26;0;-681.76;0.05;0.04;0.0;3.03
2020;223;288;beauce_5_sa_079;solnu;;0.99;0.0;31.44;-50.46;0.0;37.86;16.97;0.04;0.0;0;0;0;-281.25;0.04;0.01;0.0;0.99
2020;289;366;beauce_5_sa_079;orgeh;orgeH_tousSols_nonirr_organique;1.77;0.0;12.09;-11.92;0.0;16.97;15.36;0.0;0.0;0;0.0;0;-33.52;0.0;0.0;0.0;1.77
2020;1;209;beauce_5_sa_080;orgeh;orgeH_tousSols_nonirr_organique;2.55;0.0;56.13;0.0;62.46;42.42;33.47;0.06;0.0;0;43.92;0;-625.04;0.03;0.03;0.0;2.55
2020;210;277;beauce_5_sa_080;solnu;;0.9;0.0;35.54;-46.61;0.0;33.47;21.41;0.08;0.0;0;0;0;-339.53;0.06;0.01;0.0;0.9
2020;278;366;beauce_5_sa_080;orgeh;orgeH_tousSols_nonirr_organique;2.01;0.0;14.86;-17.8;0.0;19.68;16.45;0.0;0.0;0;0.0;0;-50.71;0.0;0.0;0.0;2.01
2020;1;214;beauce_5_sa_081;orgeh;orgeH_tousSols_nonirr_organique;1.72;0.0;63.08;0.0;34.8;16.29;42.8;0.06;0.0;0;43.17;0;-701.0;0.02;0.04;0.0;1.72
2020;215;257;beauce_5_sa_081;solnu;;0.6;0.0;26.73;-56.04;0.0;42.8;12.84;0.04;0.0;0;0;0;-188.32;0.04;0.0;0.0;0.6
2020;258;366;beauce_5_sa_081;orgeh;orgeH_tousSols_nonirr_organique;1.75;0.0;21.89;1.25;17.03;12.98;17.18;0.02;0.0;0;8.51;0;-72.79;0.01;0.01;0.0;1.75
2020;1;180;beauce_5_sa_082;orgeh;orgeH_tousSols_nonirr_organique;3.38;0.0;41.34;0.0;76.85;59.07;19.06;0.07;0.0;0;42.79;0;-458.49;0.04;0.02;0.0;3.38
2020;181;295;beauce_5_sa_082;solnu;;1.53;0.0;52.08;-13.68;0.0;19.06;56.09;0.09;0.0;0;0;0;-507.91;0.07;0.02;0.0;1.53
2020;296;366;beauce_5_sa_082;orgeh;orgeH_tousSols_nonirr_organique;2.14;0.0;10.6;-40.78;0.02;56.28;23.74;0.0;0.0;0;0.01;0;-53.84;0.0;0.0;0.0;2.14
2020;1;230;beauce_5_sa_083;orgeh;orgeH_tousSols_nonirr_organique;2.62;0.0;70.95;0.0;50.45;30.71;48.44;0.14;0.02;0;43.74;0;-788.68;0.09;0.04;0.0;2.62
2020;231;267;beauce_5_sa_083;solnu;;0.48;0.0;20.64;-49.15;0.0;48.44;19.4;0.06;0.0;0;0;0;-194.84;0.05;0.0;0.0;0.48
2020;268;366;beauce_5_sa_083;orgeh;orgeH_tousSols_nonirr_organique;2.63;0.0;18.42;-16.25;0.61;19.4;18.33;0.0;0.0;0;0.3;0;-56.66;0.0;0.0;0.0;2.63
2020;1;226;beauce_5_sa_084;orgeh;orgeH_tousSols_nonirr_organique;2.93;0.0;64.01;0.0;69.32;48.56;40.23;0.09;0.0;0;44.28;0;-711.21;0.05;0.04;0.0;2.93
2020;227;285;beauce_5_sa_084;solnu;;1.06;0.0;29.04;-50.03;0.0;40.23;18.14;0.05;0.0;0;0;0;-262.52;0.04;0.01;0.0;1.06
2020;286;366;beauce_5_sa_084;orgeh;orgeH_tousSols_nonirr_organique;1.91;0.0;12.61;-12.45;0.0;18.14;16.38;0.0;0.0;0;0.0;0;-37.29;0.0;0.0;0.0;1.91
2020;1;181;beauce_5_sa_085;orgeh;orgeH_tousSols_nonirr_organique;3.49;0.0;41.69;0.0;79.67;62.34;19.68;0.07;0.0;0;42.57;0;-462.31;0.05;0.03;0.0;3.49
2020;182;302;beauce_5_sa_085;solnu;;1.55;0.0;53.02;-50.15;0.0;19.68;21.07;0.06;0.01;0;0;0;-487.61;0.04;0.02;0.0;1.55
2020;303;366;beauce_5_sa_085;orgeh;orgeH_tousSols_nonirr_organique;1.74;0.0;9.16;-9.12;0.0;21.07;19.37;0.0;0.0;0;0.0;0;-31.14;0.0;0.0;0.0;1.74
2020;1;220;beauce_5_sa_086;orgeh;orgeH_tousSols_nonirr_organique;3.52;0.0;58.88;0.0;84.45;62.88;33.71;0.08;0.0;0;44.69;0;-656.97;0.05;0.04;0.0;3.52
2020;221;304;beauce_5_sa_086;solnu;;1.48;0.0;36.14;-48.84;0.0;33.71;19.47;0.04;0.0;0;0;0;-314.01;0.03;0.01;0.0;1.48
2020;305;366;beauce_5_sa_086;orgeh;orgeH_tousSols_nonirr_organique;1.61;0.0;8.74;-8.47;0.0;19.47;18.13;0.0;0.0;0;0.0;0;-24.26;0.0;0.0;0.0;1.61
2020;1;178;beauce_5_sa_087;orgeh;orgeH_tousSols_nonirr_organique;2.92;0.0;40.68;0.0;68.87;48.15;16.98;0.06;0.0;0;44.27;0;-451.59;0.03;0.02;0.0;2.92
2020;179;285;beauce_5_sa_087;solnu;;0.92;0.0;52.01;-13.65;0.0;16.98;54.33;0.09;0.0;0;0;0;-505.05;0.06;0.02;0.0;0.92
2020;286;366;beauce_5_sa_087;orgeh;orgeH_tousSols_nonirr_organique;2.33;0.0;12.6;-39.95;4.19;54.5;20.44;0.01;0.0;0;2.09;0;-64.53;0.01;0.0;0.0;2.33
2020;1;203;beauce_5_sa_088;orgeh;orgeH_tousSols_nonirr_organique;3.42;0.0;51.81;0.0;80.93;60.2;27.59;0.08;0.0;0;44.27;0;-578.19;0.04;0.03;0.0;3.42
2020;204;297;beauce_5_sa_088;solnu;;1.44;0.0;42.05;-50.03;0.0;27.59;18.13;0.04;0.0;0;0;0;-363.08;0.03;0.01;0.0;1.44
2020;298;366;beauce_5_sa_088;orgeh;orgeH_tousSols_nonirr_organique;1.5;0.0;10.25;-9.75;0.0;18.13;17.13;0.0;0.0;0;0.0;0;-28.9;0.0;0.0;0.0;1.5
2020;1;175;beauce_5_sa_089;orgeh;orgeH_tousSols_nonirr_organique;3.53;0.0;39.3;0.0;76.42;62.89;20.92;0.07;0.0;0;40.67;0;-430.46;0.05;0.02;0.0;3.53
2020;176;304;beauce_5_sa_089;solnu;;1.69;0.0;56.12;-13.31;0.0;20.92;62.08;0.1;0.0;0;0;0;-554.05;0.08;0.03;0.0;1.69
2020;305;366;beauce_5_sa_089;orgeh;orgeH_tousSols_nonirr_organique;2.33;0.0;8.72;-42.51;0.0;62.3;25.95;0.01;0.0;0;0.0;0;-45.16;0.0;0.0;0.0;2.33
2020;1;217;beauce_5_sa_090;orgeh;orgeH_tousSols_nonirr_organique;3.23;0.0;58.37;0.0;75.68;55.77;35.15;0.08;0.0;0;43.85;0;-648.09;0.04;0.04;0.0;3.23
2020;218;292;beauce_5_sa_090;solnu;;1.28;0.0;35.12;-51.05;0.0;35.15;17.89;0.05;0.0;0;0;0;-302.96;0.04;0.01;0.0;1.28
2020;293;366;beauce_5_sa_090;orgeh;orgeH_tousSols_nonirr_organique;1.66;0.0;11.3;-10.68;0.0;17.89;16.86;0.0;0.0;0;0.0;0;-31.37;0.0;0.0;0.0;1.66
2020;1;209;beauce_5_sa_091;orgeh;orgeH_tousSols_nonirr_organique;3.35;0.0;54.32;0.0;78.01;58.44;31.33;0.08;0.0;0;43.69;0;-605.24;0.04;0.03;0.0;3.35
2020;210;294;beauce_5_sa_091;solnu;;1.54;0.0;39.1;-14.77;0.0;31.33;54.03;0.09;0.0;0;0;0;-377.63;0.07;0.02;0.0;1.54
2020;295;366;beauce_5_sa_091;orgeh;orgeH_tousSols_nonirr_organique;2.09;0.0;10.84;-39.63;0.0;54.32;23.15;0.0;0.0;0;0.0;0;-51.82;0.0;0.0;0.0;2.09
2020;1;186;beauce_5_sa_092;orgeh;orgeH_tousSols_nonirr_organique;3.35;0.0;45.34;0.0;78.01;58.44;22.36;0.07;0.0;0;43.69;0;-504.8;0.04;0.03;0.0;3.35
2020;187;294;beauce_5_sa_092;solnu;;1.54;0.0;48.39;-13.79;0.0;22.36;55.32;0.09;0.01;0;0;0;-467.85;0.07;0.02;0.0;1.54
2020;295;366;beauce_5_sa_092;orgeh;orgeH_tousSols_nonirr_organique;2.11;0.0;10.85;-40.74;0.0;55.61;23.32;0.0;0.0;0;0.0;0;-53.62;0.0;0.0;0.0;2.11
2020;1;210;beauce_5_sa_093;orgeh;orgeH_tousSols_nonirr_organique;1.75;0.0;59.37;0.0;48.32;28.83;38.07;0.06;0.0;0;43.6;0;-661.58;0.02;0.04;0.0;1.75
2020;211;265;beauce_5_sa_093;solnu;;0.61;0.0;31.53;-56.18;0.0;38.07;12.69;0.03;0.0;0;0;0;-237.05;0.03;0.0;0.0;0.61
2020;266;366;beauce_5_sa_093;orgeh;orgeH_tousSols_nonirr_organique;1.73;0.0;19.21;-0.65;12.32;12.77;17.19;0.02;0.0;0;6.16;0;-58.3;0.01;0.01;0.0;1.73
2020;1;187;beauce_5_sa_094;orgeh;orgeH_tousSols_nonirr_organique;3.37;0.0;45.65;0.0;78.94;59.07;22.34;0.07;0.0;0;43.84;0;-508.41;0.04;0.03;0.0;3.37
2020;188;295;beauce_5_sa_094;solnu;;1.59;0.0;48.18;-41.96;0.0;22.34;26.89;0.08;0.01;0;0;0;-462.17;0.06;0.02;0.0;1.59
2020;296;366;beauce_5_sa_094;orgeh;orgeH_tousSols_nonirr_organique;1.92;0.0;10.6;-14.22;0.0;25.46;21.35;0.0;0.0;0;0.0;0;-41.94;0.0;0.0;0.0;1.92
2020;1;212;beauce_5_sa_095;orgeh;orgeH_tousSols_nonirr_organique;3.5;0.0;55.03;0.0;83.55;62.34;30.25;0.08;0.0;0;44.51;0;-611.7;0.05;0.03;0.0;3.5
2020;213;302;beauce_5_sa_095;solnu;;1.53;0.0;39.58;-14.66;0.0;30.25;53.55;0.08;0.01;0;0;0;-383.04;0.06;0.02;0.0;1.53
2020;303;366;beauce_5_sa_095;orgeh;orgeH_tousSols_nonirr_organique;2.07;0.0;9.12;-37.59;0.0;53.81;23.01;0.0;0.0;0;0.0;0;-45.24;0.0;0.0;0.0;2.07
2020;1;171;beauce_5_sa_096;orgeh;orgeH_tousSols_nonirr_organique;3.47;0.0;36.49;0.0;72.47;62.2;21.43;0.07;0.0;0;39.04;0;-399.65;0.05;0.02;0.0;3.47
2020;172;301;beauce_5_sa_096;solnu;;1.79;0.0;58.75;-38.4;0.0;21.43;39.99;0.11;0.0;0;0;0;-577.15;0.09;0.03;0.0;1.79
2020;302;366;beauce_5_sa_096;orgeh;orgeH_tousSols_nonirr_organique;2.42;0.0;9.37;-19.81;0.0;38.21;27.14;0.0;0.0;0;0.0;0;-38.59;0.0;0.0;0.0;2.42
2020;1;224;beauce_5_sa_097;orgeh;orgeH_tousSols_nonirr_organique;3.47;0.0;61.12;0.0;84.71;62.88;35.73;0.09;0.0;0;44.81;0;-680.79;0.05;0.04;0.0;3.47
2020;225;305;beauce_5_sa_097;solnu;;1.51;0.0;34.14;-49.24;0.0;35.73;19.08;0.04;0.0;0;0;0;-293.0;0.03;0.01;0.0;1.51
2020;306;366;beauce_5_sa_097;orgeh;orgeH_tousSols_nonirr_organique;1.58;0.0;8.54;-8.26;0.0;19.08;17.78;0.0;0.0;0;0.0;0;-23.21;0.0;0.0;0.0;1.58
2020;1;199;beauce_5_sa_098;orgeh;orgeH_tousSols_nonirr_organique;3.43;0.0;50.53;0.0;82.83;61.13;25.32;0.08;0.0;0;44.76;0;-563.14;0.05;0.03;0.0;3.43
2020;200;299;beauce_5_sa_098;solnu;;1.57;0.0;43.59;-45.36;0.0;25.32;21.91;0.06;0.01;0;0;0;-410.65;0.05;0.02;0.0;1.57
2020;300;366;beauce_5_sa_098;orgeh;orgeH_tousSols_nonirr_organique;1.81;0.0;9.78;-9.73;0.0;21.91;20.15;0.0;0.0;0;0.0;0;-35.68;0.0;0.0;0.0;1.81
2020;1;190;beauce_5_sa_099;orgeh;orgeH_tousSols_nonirr_organique;3.65;0.0;46.46;0.0;87.29;65.48;20.92;0.08;0.0;0;44.81;0;-517.5;0.05;0.03;0.0;3.65
2020;191;318;beauce_5_sa_099;solnu;;1.49;0.0;50.53;-17.85;0.0;20.92;52.02;0.08;0.01;0;0;0;-489.45;0.06;0.02;0.0;1.49
2020;319;366;beauce_5_sa_099;orgeh;orgeH_tousSols_nonirr_organique;2.07;0.0;6.38;-33.26;0.0;49.74;23.07;0.0;0.0;0;0.0;0;-31.44;0.0;0.0;0.0;2.07
2021;1;205;beauce_5_sa_000;orgeh;orgeH_tousSols_nonirr_organique;4.72;0.0;48.99;19.55;52.09;15.06;27.79;0.05;0.0;0;28.3;0;-273.03;0.01;0.04;0.0;4.72
2021;206;268;beauce_5_sa_000;solnu;;0.88;0.0;29.09;-9.41;0.0;27.79;46.46;0.05;0.08;0;0;0;-216.12;0.03;0.01;0.0;0.88
2021;269;365;beauce_5_sa_000;orgeh;orgeH_tousSols_nonirr_organique;3.55;0.0;16.7;-35.56;7.5;46.71;16.55;0.0;0.0;0;3.75;0;-64.25;0.0;0.0;0.0;3.55
2021;1;200;beauce_5_sa_001;orgeh;orgeH_tousSols_nonirr_organique;5.87;0.0;46.59;10.65;58.92;19.35;13.04;0.04;0.0;0;29.46;0;-240.01;0.0;0.03;0.0;5.87
2021;201;310;beauce_5_sa_001;solnu;;1.21;0.0;41.81;-40.7;0.0;13.04;12.86;0.03;0.04;0;0;0;-278.84;0.01;0.02;0.0;1.21
2021;311;365;beauce_5_sa_001;orgeh;orgeH_tousSols_nonirr_organique;2.22;0.0;6.63;-3.54;0.93;12.92;12.8;0.0;0.0;0;0.46;0;-14.49;0.0;0.0;0.0;2.22
2021;1;223;beauce_5_sa_002;orgeh;orgeH_tousSols_nonirr_organique;5.1;0.0;58.61;20.95;63.25;16.89;29.04;0.05;0.0;0;31.63;0;-355.83;0.01;0.05;0.0;5.1
2021;224;295;beauce_5_sa_002;solnu;;1.02;0.0;27.57;-38.78;0.0;29.04;16.72;0.03;0.07;0;0;0;-178.1;0.02;0.0;0.0;1.02
2021;296;365;beauce_5_sa_002;orgeh;orgeH_tousSols_nonirr_organique;3.07;0.0;9.64;-8.57;0.0;16.74;14.72;0.0;0.0;0;0.0;0;-20.83;0.0;0.0;0.0;3.07
2021;1;221;beauce_5_sa_003;orgeh;orgeH_tousSols_nonirr_organique;5.97;0.0;57.56;14.4;60.84;19.52;25.87;0.05;0.0;0;30.42;0;-324.48;0.01;0.04;0.0;5.97
2021;222;309;beauce_5_sa_003;solnu;;1.29;0.0;30.98;-39.97;0.0;25.87;15.51;0.03;0.06;0;0;0;-203.81;0.02;0.01;0.0;1.29
2021;310;365;beauce_5_sa_003;orgeh;orgeH_tousSols_nonirr_organique;2.68;0.0;6.77;-6.61;0.0;15.51;12.98;0.0;0.0;0;0.0;0;-15.73;0.0;0.0;0.0;2.68
2021;1;190;beauce_5_sa_004;orgeh;orgeH_tousSols_nonirr_organique;6.64;0.0;42.04;4.28;50.97;21.7;10.8;0.03;0.0;0;25.48;0;-198.62;0.0;0.03;0.0;6.64
2021;191;311;beauce_5_sa_004;solnu;;1.36;0.0;46.23;-16.91;0.0;10.8;38.74;0.07;0.05;0;0;0;-317.87;0.04;0.03;0.0;1.36
2021;312;365;beauce_5_sa_004;orgeh;orgeH_tousSols_nonirr_organique;3.56;0.0;6.41;-18.46;1.76;37.1;21.35;0.02;0.01;0;0.88;0;-22.79;0.02;0.0;0.0;3.56
2021;1;214;beauce_5_sa_005;orgeh;orgeH_tousSols_nonirr_organique;4.35;0.0;54.52;24.24;57.21;15.7;33.66;0.06;0.0;0;29.73;0;-341.82;0.01;0.05;0.0;4.35
2021;215;270;beauce_5_sa_005;solnu;;0.9;0.0;24.86;-37.55;0.0;33.66;19.94;0.04;0.08;0;0;0;-177.14;0.04;0.0;0.0;0.9
2021;271;365;beauce_5_sa_005;orgeh;orgeH_tousSols_nonirr_organique;3.81;0.0;16.58;-11.23;2.74;19.94;18.74;0.0;0.0;0;1.37;0;-49.26;0.0;0.0;0.0;3.81
2021;1;212;beauce_5_sa_006;orgeh;orgeH_tousSols_nonirr_organique;4.43;0.0;53.25;21.4;61.13;14.82;24.73;0.05;0.0;0;30.56;0;-310.6;0.0;0.04;0.0;4.43
2021;213;287;beauce_5_sa_006;solnu;;0.78;0.0;30.8;-39.38;0.0;24.73;15.27;0.04;0.07;0;0;0;-213.16;0.03;0.01;0.0;0.78
2021;288;365;beauce_5_sa_006;orgeh;orgeH_tousSols_nonirr_organique;2.9;0.0;11.58;-9.54;0.25;15.27;14.16;0.0;0.0;0;0.13;0;-28.46;0.0;0.0;0.0;2.9
2021;1;218;beauce_5_sa_007;orgeh;orgeH_tousSols_nonirr_organique;6.62;0.0;56.01;8.03;54.36;21.61;26.11;0.04;0.0;0;27.18;0;-293.58;0.0;0.04;0.0;6.62
2021;219;309;beauce_5_sa_007;solnu;;1.38;0.0;32.07;-8.01;0.0;26.11;48.67;0.06;0.06;0;0;0;-225.7;0.05;0.02;0.0;1.38
2021;310;365;beauce_5_sa_007;orgeh;orgeH_tousSols_nonirr_organique;3.81;0.0;6.75;-32.45;0.0;48.86;19.15;0.02;0.0;0;0.0;0;-27.12;0.02;0.0;0.0;3.81
2021;1;175;beauce_5_sa_008;orgeh;orgeH_tousSols_nonirr_organique;6.72;0.0;34.36;6.55;46.06;25.07;13.89;0.03;0.0;0;23.03;0;-164.31;0.0;0.03;0.0;6.72
2021;176;312;beauce_5_sa_008;solnu;;2.28;0.0;53.37;1.65;0.0;13.89;66.53;0.1;0.07;0;0;0;-374.81;0.06;0.03;0.0;2.28
2021;313;365;beauce_5_sa_008;orgeh;orgeH_tousSols_nonirr_organique;5.79;0.0;6.15;-28.82;1.52;66.76;36.49;0.05;0.01;0;0.76;0;-33.53;0.05;0.0;0.0;5.79
2021;1;211;beauce_5_sa_009;orgeh;orgeH_tousSols_nonirr_organique;6.62;0.0;52.43;7.72;55.34;21.63;21.26;0.04;0.0;0;27.67;0;-267.77;0.0;0.04;0.0;6.62
2021;212;315;beauce_5_sa_009;solnu;;1.79;0.0;36.97;-31.82;0.0;21.26;24.51;0.06;0.05;0;0;0;-260.44;0.04;0.02;0.0;1.79
2021;316;365;beauce_5_sa_009;orgeh;orgeH_tousSols_nonirr_organique;2.72;0.0;5.54;-10.2;0.25;23.69;16.88;0.0;0.0;0;0.13;0;-13.9;0.0;0.0;0.0;2.72
2021;1;215;beauce_5_sa_010;orgeh;orgeH_tousSols_nonirr_organique;5.93;0.0;55.02;13.27;60.16;19.67;23.09;0.04;0.0;0;30.08;0;-303.72;0.0;0.04;0.0;5.93
2021;216;312;beauce_5_sa_010;solnu;;1.27;0.0;34.0;-41.41;0.0;23.09;14.32;0.03;0.05;0;0;0;-223.01;0.02;0.01;0.0;1.27
2021;313;365;beauce_5_sa_010;orgeh;orgeH_tousSols_nonirr_organique;2.48;0.0;6.17;-6.11;0.0;14.32;11.91;0.0;0.0;0;0.0;0;-13.87;0.0;0.0;0.0;2.48
2021;1;174;beauce_5_sa_011;orgeh;orgeH_tousSols_nonirr_organique;3.0;0.0;34.62;17.47;53.16;15.75;12.18;0.04;0.01;0;30.82;0;-212.81;0.01;0.03;0.0;3.0
2021;175;258;beauce_5_sa_011;solnu;;1.01;0.0;40.18;-32.89;0.0;12.18;18.32;0.06;0.07;0;0;0;-286.46;0.04;0.02;0.0;1.01
2021;259;365;beauce_5_sa_011;orgeh;orgeH_tousSols_nonirr_organique;3.6;0.0;21.07;-7.21;8.91;18.32;19.65;0.01;0.0;0;4.46;0;-76.36;0.0;0.01;0.0;3.6
2021;1;185;beauce_5_sa_012;orgeh;orgeH_tousSols_nonirr_organique;5.57;0.0;39.75;8.53;50.72;18.22;11.38;0.03;0.0;0;27.56;0;-194.31;0.0;0.03;0.0;5.57
2021;186;281;beauce_5_sa_012;solnu;;0.9;0.0;41.78;-4.22;0.0;11.38;47.93;0.05;0.06;0;0;0;-290.18;0.03;0.02;0.0;0.9
2021;282;365;beauce_5_sa_012;orgeh;orgeH_tousSols_nonirr_organique;2.99;0.0;13.05;-34.89;9.66;48.36;13.43;0.0;0.0;0;4.83;0;-53.83;0.0;0.0;0.0;2.99
2021;1;225;beauce_5_sa_013;orgeh;orgeH_tousSols_nonirr_organique;5.19;0.0;59.09;24.93;49.31;15.61;46.09;0.08;0.0;0;26.15;0;-356.87;0.03;0.05;0.0;5.19
2021;226;260;beauce_5_sa_013;solnu;;1.11;0.0;16.33;-11.81;0.0;46.09;49.35;0.05;0.1;0;0;0;-125.89;0.04;0.0;0.0;1.11
2021;261;365;beauce_5_sa_013;orgeh;orgeH_tousSols_nonirr_organique;5.19;0.0;19.7;-35.23;5.66;49.82;22.96;0.0;0.0;0;2.83;0;-77.89;0.0;0.0;0.0;5.19
2021;1;184;beauce_5_sa_014;orgeh;orgeH_tousSols_nonirr_organique;5.33;0.0;39.37;11.94;51.54;17.48;12.98;0.04;0.0;0;27.88;0;-199.21;0.0;0.03;0.0;5.33
2021;185;274;beauce_5_sa_014;solnu;;0.8;0.0;40.11;-4.48;0.0;12.98;47.11;0.05;0.06;0;0;0;-281.78;0.03;0.02;0.0;0.8
2021;275;365;beauce_5_sa_014;orgeh;orgeH_tousSols_nonirr_organique;3.04;0.0;15.0;-35.4;8.89;47.45;14.78;0.0;0.0;0;4.44;0;-61.97;0.0;0.0;0.0;3.04
2021;1;215;beauce_5_sa_015;orgeh;orgeH_tousSols_nonirr_organique;4.39;0.0;55.07;23.41;60.44;15.2;29.75;0.05;0.0;0;30.22;0;-333.69;0.01;0.05;0.0;4.39
2021;216;279;beauce_5_sa_015;solnu;;0.8;0.0;26.88;-38.26;0.0;29.75;17.45;0.04;0.08;0;0;0;-185.58;0.03;0.01;0.0;0.8
2021;280;365;beauce_5_sa_015;orgeh;orgeH_tousSols_nonirr_organique;3.33;0.0;13.97;-9.92;1.49;17.45;16.68;0.0;0.0;0;0.74;0;-36.4;0.0;0.0;0.0;3.33
2021;1;204;beauce_5_sa_016;orgeh;orgeH_tousSols_nonirr_organique;3.46;0.0;49.4;17.1;51.54;15.78;27.75;0.08;0.01;0;33.61;0;-346.27;0.04;0.04;0.0;3.46
2021;205;261;beauce_5_sa_016;solnu;;0.98;0.0;27.94;-47.37;0.0;27.75;7.33;0.01;0.0;0;0;0;-168.55;0.01;0.0;0.0;0.98
2021;262;365;beauce_5_sa_016;orgeh;orgeH_tousSols_nonirr_organique;1.37;0.0;19.35;0.6;14.13;6.95;11.76;0.02;0.01;0;7.06;0;-52.31;0.01;0.01;0.0;1.37
2021;1;183;beauce_5_sa_017;orgeh;orgeH_tousSols_nonirr_organique;5.16;0.0;38.94;13.15;57.15;17.85;9.0;0.03;0.0;0;28.58;0;-196.39;0.0;0.03;0.0;5.16
2021;184;284;beauce_5_sa_017;solnu;;1.02;0.0;43.28;-27.11;0.0;9.0;24.03;0.04;0.05;0;0;0;-304.23;0.02;0.02;0.0;1.02
2021;285;365;beauce_5_sa_017;orgeh;orgeH_tousSols_nonirr_organique;2.85;0.0;12.26;-10.7;6.37;22.95;16.36;0.01;0.0;0;3.19;0;-37.4;0.0;0.01;0.0;2.85
2021;1;209;beauce_5_sa_018;orgeh;orgeH_tousSols_nonirr_organique;4.57;0.0;51.04;22.01;51.99;14.47;31.8;0.06;0.0;0;28.25;0;-294.45;0.02;0.04;0.0;4.57
2021;210;266;beauce_5_sa_018;solnu;;0.93;0.0;26.67;-10.15;0.0;31.8;47.25;0.05;0.09;0;0;0;-199.97;0.04;0.01;0.0;0.93
2021;267;365;beauce_5_sa_018;orgeh;orgeH_tousSols_nonirr_organique;3.84;0.0;17.25;-36.34;6.26;47.54;18.06;0.0;0.0;0;3.13;0;-64.48;0.0;0.0;0.0;3.84
2021;1;201;beauce_5_sa_019;orgeh;orgeH_tousSols_nonirr_organique;3.84;0.0;47.15;23.55;52.13;12.64;28.12;0.06;0.0;0;29.07;0;-274.03;0.02;0.04;0.0;3.84
2021;202;261;beauce_5_sa_019;solnu;;0.9;0.0;28.92;-9.05;0.0;28.12;46.96;0.05;0.08;0;0;0;-213.65;0.04;0.01;0.0;0.9
2021;262;365;beauce_5_sa_019;orgeh;orgeH_tousSols_nonirr_organique;3.94;0.0;19.18;-36.56;7.67;47.27;17.97;0.0;0.0;0;3.83;0;-75.43;0.0;0.0;0.0;3.94
2021;1;190;beauce_5_sa_020;orgeh;orgeH_tousSols_nonirr_organique;2.48;0.0;43.11;13.52;47.49;12.9;19.86;0.06;0.01;0;36.11;0;-311.37;0.03;0.03;0.0;2.48
2021;191;258;beauce_5_sa_020;solnu;;0.85;0.0;32.74;-45.66;0.0;19.86;6.09;0.01;0.0;0;0;0;-198.53;0.0;0.0;0.0;0.85
2021;259;365;beauce_5_sa_020;orgeh;orgeH_tousSols_nonirr_organique;1.19;0.0;20.7;2.74;17.61;6.19;10.7;0.02;0.01;0;8.81;0;-56.96;0.01;0.01;0.0;1.19
2021;1;177;beauce_5_sa_021;orgeh;orgeH_tousSols_nonirr_organique;6.84;0.0;35.35;6.66;47.56;23.89;13.09;0.03;0.0;0;23.78;0;-169.66;0.0;0.03;0.0;6.84
2021;178;302;beauce_5_sa_021;solnu;;1.65;0.0;50.59;0.56;0.0;13.09;62.45;0.08;0.07;0;0;0;-355.72;0.04;0.03;0.0;1.65
2021;303;365;beauce_5_sa_021;orgeh;orgeH_tousSols_nonirr_organique;5.15;0.0;8.14;-30.03;3.81;62.65;31.56;0.05;0.01;0;1.9;0;-39.19;0.05;0.0;0.0;5.15
2021;1;216;beauce_5_sa_022;orgeh;orgeH_tousSols_nonirr_organique;6.68;0.0;55.2;10.47;54.75;21.76;27.44;0.04;0.0;0;27.37;0;-297.12;0.0;0.04;0.0;6.68
2021;217;296;beauce_5_sa_022;solnu;;1.23;0.0;30.48;-8.8;0.0;27.44;47.78;0.05;0.06;0;0;0;-216.65;0.04;0.01;0.0;1.23
2021;297;365;beauce_5_sa_022;orgeh;orgeH_tousSols_nonirr_organique;3.55;0.0;9.17;-34.03;1.54;47.93;17.81;0.01;0.0;0;0.77;0;-34.14;0.01;0.0;0.0;3.55
2021;1;192;beauce_5_sa_023;orgeh;orgeH_tousSols_nonirr_organique;3.66;0.0;43.58;22.03;50.42;12.47;24.62;0.06;0.01;0;29.75;0;-255.21;0.02;0.04;0.0;3.66
2021;193;258;beauce_5_sa_023;solnu;;0.97;0.0;31.29;-8.41;0.0;24.62;46.4;0.05;0.08;0;0;0;-229.99;0.04;0.01;0.0;0.97
2021;259;365;beauce_5_sa_023;orgeh;orgeH_tousSols_nonirr_organique;4.02;0.0;20.5;-37.0;7.49;46.78;18.38;0.0;0.0;0;3.75;0;-82.94;0.0;0.0;0.0;4.02
2021;1;197;beauce_5_sa_024;orgeh;orgeH_tousSols_nonirr_organique;5.96;0.0;45.18;11.78;57.99;19.64;13.9;0.03;0.0;0;29.0;0;-234.1;0.0;0.03;0.0;5.96
2021;198;294;beauce_5_sa_024;solnu;;1.06;0.0;39.73;-29.93;0.0;13.9;22.54;0.04;0.05;0;0;0;-280.2;0.02;0.02;0.0;1.06
2021;295;365;beauce_5_sa_024;orgeh;orgeH_tousSols_nonirr_organique;2.71;0.0;9.94;-10.63;4.07;21.25;15.07;0.0;0.0;0;2.04;0;-26.35;0.0;0.0;0.0;2.71
2021;1;171;beauce_5_sa_025;orgeh;orgeH_tousSols_nonirr_organique;3.69;0.0;33.15;15.28;54.51;16.63;7.56;0.03;0.0;0;30.92;0;-198.54;0.0;0.03;0.0;3.69
2021;172;270;beauce_5_sa_025;solnu;;0.94;0.0;45.74;-36.1;0.0;7.56;16.15;0.05;0.06;0;0;0;-313.52;0.03;0.02;0.0;0.94
2021;271;365;beauce_5_sa_025;orgeh;orgeH_tousSols_nonirr_organique;3.17;0.0;16.63;-6.26;5.73;16.15;17.61;0.01;0.0;0;2.87;0;-55.15;0.0;0.01;0.0;3.17
2021;1;171;beauce_5_sa_026;orgeh;orgeH_tousSols_nonirr_organique;4.53;0.0;32.89;10.67;47.51;16.49;8.37;0.03;0.0;0;26.01;0;-157.62;0.0;0.03;0.0;4.53
2021;172;272;beauce_5_sa_026;solnu;;1.12;0.0;45.8;-2.7;0.0;8.37;50.31;0.06;0.07;0;0;0;-317.76;0.03;0.03;0.0;1.12
2021;273;365;beauce_5_sa_026;orgeh;orgeH_tousSols_nonirr_organique;3.39;0.0;15.58;-33.02;12.16;50.67;17.31;0.0;0.0;0;6.08;0;-66.82;0.0;0.0;0.0;3.39
2021;1;227;beauce_5_sa_027;orgeh;orgeH_tousSols_nonirr_organique;5.77;0.0;59.95;14.53;51.09;18.83;37.64;0.06;0.0;0;27.68;0;-338.01;0.01;0.05;0.0;5.77
2021;228;280;beauce_5_sa_027;solnu;;0.95;0.0;21.6;-11.69;0.0;37.64;46.47;0.04;0.09;0;0;0;-160.06;0.03;0.01;0.0;0.95
2021;281;365;beauce_5_sa_027;orgeh;orgeH_tousSols_nonirr_organique;4.01;0.0;13.23;-32.55;5.38;46.7;17.77;0.0;0.0;0;2.69;0;-50.46;0.0;0.0;0.0;4.01
2021;1;212;beauce_5_sa_028;orgeh;orgeH_tousSols_nonirr_organique;4.57;0.0;53.17;23.13;58.12;15.03;29.49;0.05;0.0;0;29.06;0;-310.37;0.01;0.05;0.0;4.57
2021;213;276;beauce_5_sa_028;solnu;;0.85;0.0;27.53;-33.7;0.0;29.49;22.35;0.04;0.08;0;0;0;-204.81;0.03;0.01;0.0;0.85
2021;277;365;beauce_5_sa_028;orgeh;orgeH_tousSols_nonirr_organique;3.44;0.0;14.52;-12.66;3.09;21.53;17.68;0.0;0.0;0;1.55;0;-41.68;0.0;0.0;0.0;3.44
2021;1;188;beauce_5_sa_029;orgeh;orgeH_tousSols_nonirr_organique;4.38;0.0;41.31;18.9;62.15;14.93;9.35;0.04;0.0;0;31.08;0;-227.55;0.0;0.04;0.0;4.38
2021;189;285;beauce_5_sa_029;solnu;;0.7;0.0;42.04;-37.56;0.0;9.35;13.03;0.04;0.05;0;0;0;-283.24;0.02;0.02;0.0;0.7
2021;286;365;beauce_5_sa_029;orgeh;orgeH_tousSols_nonirr_organique;2.5;0.0;12.13;-7.48;1.88;13.03;13.29;0.0;0.0;0;0.94;0;-32.57;0.0;0.0;0.0;2.5
2021;1;187;beauce_5_sa_030;orgeh;orgeH_tousSols_nonirr_organique;4.81;0.0;40.89;17.64;58.83;15.77;11.67;0.04;0.0;0;29.41;0;-217.15;0.0;0.04;0.0;4.81
2021;188;281;beauce_5_sa_030;solnu;;0.79;0.0;40.84;-33.24;0.0;11.67;18.37;0.05;0.06;0;0;0;-290.44;0.03;0.02;0.0;0.79
2021;282;365;beauce_5_sa_030;orgeh;orgeH_tousSols_nonirr_organique;2.9;0.0;13.19;-6.29;5.46;17.36;16.9;0.01;0.0;0;2.73;0;-38.1;0.0;0.01;0.0;2.9
2021;1;180;beauce_5_sa_031;orgeh;orgeH_tousSols_nonirr_organique;4.8;0.0;37.31;12.76;51.3;16.54;11.5;0.03;0.0;0;27.9;0;-188.62;0.0;0.03;0.0;4.8
2021;181;273;beauce_5_sa_031;solnu;;0.98;0.0;41.85;-4.29;0.0;11.5;47.96;0.06;0.07;0;0;0;-293.64;0.03;0.02;0.0;0.98
2021;274;365;beauce_5_sa_031;orgeh;orgeH_tousSols_nonirr_organique;3.16;0.0;15.28;-35.44;9.14;48.29;15.5;0.0;0.0;0;4.57;0;-63.81;0.0;0.0;0.0;3.16
2021;1;176;beauce_5_sa_032;orgeh;orgeH_tousSols_nonirr_organique;3.26;0.0;35.16;19.37;52.06;11.62;11.51;0.04;0.0;0;29.25;0;-189.07;0.0;0.03;0.0;3.26
2021;177;261;beauce_5_sa_032;solnu;;0.69;0.0;40.38;-4.15;0.0;11.51;46.26;0.06;0.07;0;0;0;-288.16;0.04;0.02;0.0;0.69
2021;262;365;beauce_5_sa_032;orgeh;orgeH_tousSols_nonirr_organique;3.39;0.0;19.22;-35.91;10.14;46.58;16.03;0.0;0.0;0;5.07;0;-81.4;0.0;0.0;0.0;3.39
2021;1;227;beauce_5_sa_033;orgeh;orgeH_tousSols_nonirr_organique;5.88;0.0;60.06;15.94;55.36;19.25;35.22;0.05;0.0;0;27.68;0;-338.76;0.01;0.05;0.0;5.88
2021;228;287;beauce_5_sa_033;solnu;;0.94;0.0;23.38;-22.36;0.0;35.22;35.18;0.04;0.08;0;0;0;-173.94;0.03;0.01;0.0;0.94
2021;288;365;beauce_5_sa_033;orgeh;orgeH_tousSols_nonirr_organique;3.81;0.0;11.49;-24.95;0.0;33.2;17.91;0.0;0.0;0;0.0;0;-32.8;0.0;0.0;0.0;3.81
2021;1;211;beauce_5_sa_034;orgeh;orgeH_tousSols_nonirr_organique;4.86;0.0;52.63;19.28;63.64;15.97;20.31;0.04;0.0;0;31.82;0;-303.2;0.0;0.04;0.0;4.86
2021;212;297;beauce_5_sa_034;solnu;;0.97;0.0;34.06;-40.15;0.0;20.31;13.17;0.03;0.05;0;0;0;-226.67;0.02;0.01;0.0;0.97
2021;298;365;beauce_5_sa_034;orgeh;orgeH_tousSols_nonirr_organique;2.42;0.0;9.09;-8.06;0.0;13.17;11.79;0.0;0.0;0;0.0;0;-19.36;0.0;0.0;0.0;2.42
2021;1;191;beauce_5_sa_035;orgeh;orgeH_tousSols_nonirr_organique;5.79;0.0;42.74;9.98;56.77;19.22;9.48;0.03;0.0;0;28.38;0;-213.72;0.0;0.03;0.0;5.79
2021;192;308;beauce_5_sa_035;solnu;;1.18;0.0;45.09;-40.25;0.0;9.48;13.17;0.03;0.04;0;0;0;-297.84;0.01;0.02;0.0;1.18
2021;309;365;beauce_5_sa_035;orgeh;orgeH_tousSols_nonirr_organique;2.27;0.0;7.04;-1.83;2.5;12.96;13.61;0.0;0.0;0;1.25;0;-17.71;0.0;0.0;0.0;2.27
2021;1;202;beauce_5_sa_036;orgeh;orgeH_tousSols_nonirr_organique;4.53;0.0;47.47;22.27;59.2;15.28;22.06;0.05;0.0;0;29.6;0;-272.78;0.01;0.04;0.0;4.53
2021;203;277;beauce_5_sa_036;solnu;;0.83;0.0;33.37;-33.15;0.0;22.06;21.33;0.04;0.07;0;0;0;-244.27;0.03;0.01;0.0;0.83
2021;278;365;beauce_5_sa_036;orgeh;orgeH_tousSols_nonirr_organique;3.21;0.0;14.36;-10.37;4.48;19.99;17.62;0.01;0.0;0;2.24;0;-40.37;0.0;0.01;0.0;3.21
2021;1;220;beauce_5_sa_037;orgeh;orgeH_tousSols_nonirr_organique;4.54;0.0;57.01;24.43;58.48;15.06;34.28;0.06;0.0;0;29.24;0;-344.16;0.01;0.05;0.0;4.54
2021;221;277;beauce_5_sa_037;solnu;;0.85;0.0;24.01;-37.12;0.0;34.28;20.19;0.04;0.09;0;0;0;-176.87;0.03;0.01;0.0;0.85
2021;278;365;beauce_5_sa_037;orgeh;orgeH_tousSols_nonirr_organique;3.78;0.0;14.43;-12.27;0.36;20.09;18.2;0.0;0.0;0;0.18;0;-40.6;0.0;0.0;0.0;3.78
2021;1;211;beauce_5_sa_038;orgeh;orgeH_tousSols_nonirr_organique;6.57;0.0;52.41;8.01;53.93;21.45;22.79;0.04;0.0;0;26.97;0;-267.26;0.0;0.04;0.0;6.57
2021;212;303;beauce_5_sa_038;solnu;;1.24;0.0;34.49;-7.32;0.0;22.79;48.62;0.05;0.05;0;0;0;-247.26;0.03;0.02;0.0;1.24
2021;304;365;beauce_5_sa_038;orgeh;orgeH_tousSols_nonirr_organique;3.57;0.0;8.0;-33.51;0.86;48.79;18.65;0.02;0.0;0;0.43;0;-30.05;0.02;0.0;0.0;3.57
2021;1;181;beauce_5_sa_039;orgeh;orgeH_tousSols_nonirr_organique;4.58;0.0;37.68;15.28;56.63;16.16;7.97;0.03;0.0;0;28.31;0;-194.09;0.0;0.03;0.0;4.58
2021;182;285;beauce_5_sa_039;solnu;;0.95;0.0;44.9;-35.54;0.0;7.97;16.38;0.05;0.05;0;0;0;-311.14;0.02;0.02;0.0;0.95
2021;286;365;beauce_5_sa_039;orgeh;orgeH_tousSols_nonirr_organique;2.9;0.0;12.07;-1.05;7.14;15.88;17.33;0.01;0.0;0;3.57;0;-35.25;0.0;0.01;0.0;2.9
2021;1;178;beauce_5_sa_040;orgeh;orgeH_tousSols_nonirr_organique;5.85;0.0;36.19;12.19;52.64;20.47;10.7;0.03;0.0;0;26.32;0;-181.3;0.0;0.03;0.0;5.85
2021;179;296;beauce_5_sa_040;solnu;;1.38;0.0;49.06;-36.58;0.0;10.7;21.75;0.05;0.06;0;0;0;-337.14;0.03;0.02;0.0;1.38
2021;297;365;beauce_5_sa_040;orgeh;orgeH_tousSols_nonirr_organique;3.62;0.0;9.21;1.66;6.12;21.7;22.85;0.02;0.01;0;3.06;0;-29.55;0.01;0.01;0.0;3.62
2021;1;180;beauce_5_sa_041;orgeh;orgeH_tousSols_nonirr_organique;6.99;0.0;37.11;5.16;48.14;24.28;13.05;0.03;0.0;0;24.07;0;-179.23;0.0;0.03;0.0;6.99
2021;181;316;beauce_5_sa_041;solnu;;2.37;0.0;51.66;1.0;0.0;13.05;63.18;0.11;0.06;0;0;0;-359.76;0.07;0.03;0.0;2.37
2021;317;365;beauce_5_sa_041;orgeh;orgeH_tousSols_nonirr_organique;4.96;0.0;5.32;-28.56;0.9;62.82;34.04;0.03;0.0;0;0.45;0;-28.67;0.03;0.0;0.0;4.96
2021;1;172;beauce_5_sa_042;orgeh;orgeH_tousSols_nonirr_organique;5.5;0.0;33.18;5.87;43.86;20.5;10.63;0.02;0.0;0;24.03;0;-154.73;0.0;0.02;0.0;5.5
2021;173;285;beauce_5_sa_042;solnu;;1.49;0.0;48.91;-1.2;0.0;10.63;56.77;0.06;0.07;0;0;0;-335.56;0.03;0.03;0.0;1.49
2021;286;365;beauce_5_sa_042;orgeh;orgeH_tousSols_nonirr_organique;3.89;0.0;11.98;-29.78;15.48;57.16;19.59;0.01;0.0;0;7.74;0;-53.58;0.01;0.0;0.0;3.89
2021;1;216;beauce_5_sa_043;orgeh;orgeH_tousSols_nonirr_organique;5.34;0.0;55.34;17.66;58.88;17.6;27.42;0.05;0.0;0;29.44;0;-317.32;0.0;0.04;0.0;5.34
2021;217;290;beauce_5_sa_043;solnu;;0.92;0.0;28.98;-38.8;0.0;27.42;16.58;0.04;0.07;0;0;0;-202.09;0.03;0.01;0.0;0.92
2021;291;365;beauce_5_sa_043;orgeh;orgeH_tousSols_nonirr_organique;3.08;0.0;10.86;-10.29;0.0;16.53;14.07;0.0;0.0;0;0.0;0;-28.43;0.0;0.0;0.0;3.08
2021;1;198;beauce_5_sa_044;orgeh;orgeH_tousSols_nonirr_organique;4.8;0.0;45.79;17.18;62.66;15.78;12.34;0.04;0.0;0;31.33;0;-250.37;0.0;0.04;0.0;4.8
2021;199;296;beauce_5_sa_044;solnu;;0.92;0.0;40.52;-39.69;0.0;12.34;12.19;0.03;0.05;0;0;0;-270.17;0.02;0.01;0.0;0.92
2021;297;365;beauce_5_sa_044;orgeh;orgeH_tousSols_nonirr_organique;2.24;0.0;9.22;-7.95;0.0;12.17;11.21;0.0;0.0;0;0.0;0;-23.35;0.0;0.0;0.0;2.24
2021;1;225;beauce_5_sa_045;orgeh;orgeH_tousSols_nonirr_organique;4.73;0.0;59.59;19.99;55.5;17.12;37.3;0.06;0.0;0;30.53;0;-396.7;0.02;0.05;0.0;4.73
2021;226;273;beauce_5_sa_045;solnu;;0.89;0.0;21.21;-36.29;0.0;37.3;21.21;0.03;0.09;0;0;0;-130.96;0.03;0.0;0.0;0.89
2021;274;365;beauce_5_sa_045;orgeh;orgeH_tousSols_nonirr_organique;4.11;0.0;15.81;-7.5;5.15;21.23;20.25;0.01;0.0;0;2.58;0;-41.46;0.0;0.01;0.0;4.11
2021;1;225;beauce_5_sa_046;orgeh;orgeH_tousSols_nonirr_organique;6.75;0.0;59.24;9.41;55.23;21.93;30.03;0.05;0.0;0;27.62;0;-318.49;0.01;0.04;0.0;6.75
2021;226;314;beauce_5_sa_046;solnu;;1.89;0.0;29.97;-35.24;0.0;30.03;22.76;0.05;0.07;0;0;0;-210.0;0.04;0.01;0.0;1.89
2021;315;365;beauce_5_sa_046;orgeh;orgeH_tousSols_nonirr_organique;2.96;0.0;5.75;-9.13;0.0;21.99;16.42;0.0;0.0;0;0.0;0;-13.83;0.0;0.0;0.0;2.96
2021;1;228;beauce_5_sa_047;orgeh;orgeH_tousSols_nonirr_organique;6.81;0.0;60.47;9.78;55.46;22.11;31.54;0.05;0.0;0;27.73;0;-326.96;0.01;0.04;0.0;6.81
2021;229;315;beauce_5_sa_047;solnu;;1.91;0.0;28.95;-39.14;0.0;31.54;19.32;0.05;0.07;0;0;0;-199.9;0.04;0.01;0.0;1.91
2021;316;365;beauce_5_sa_047;orgeh;orgeH_tousSols_nonirr_organique;2.93;0.0;5.54;-5.69;0.0;19.31;16.24;0.0;0.0;0;0.0;0;-12.91;0.0;0.0;0.0;2.93
2021;1;230;beauce_5_sa_048;orgeh;orgeH_tousSols_nonirr_organique;6.04;0.0;61.57;14.05;58.7;19.76;31.9;0.05;0.0;0;29.35;0;-345.07;0.01;0.05;0.0;6.04
2021;231;305;beauce_5_sa_048;solnu;;1.09;0.0;25.73;-37.66;0.0;31.9;18.78;0.03;0.07;0;0;0;-177.39;0.03;0.01;0.0;1.09
2021;306;365;beauce_5_sa_048;orgeh;orgeH_tousSols_nonirr_organique;3.41;0.0;7.78;-7.57;0.0;18.78;15.57;0.0;0.0;0;0.0;0;-19.17;0.0;0.0;0.0;3.41
2021;1;222;beauce_5_sa_049;orgeh;orgeH_tousSols_nonirr_organique;6.0;0.0;57.98;11.71;51.67;19.52;32.82;0.05;0.0;0;27.32;0;-314.35;0.01;0.04;0.0;6.0
2021;223;287;beauce_5_sa_049;solnu;;0.99;0.0;25.4;-10.77;0.0;32.82;46.35;0.04;0.08;0;0;0;-188.07;0.03;0.01;0.0;0.99
2021;288;365;beauce_5_sa_049;orgeh;orgeH_tousSols_nonirr_organique;3.68;0.0;11.48;-33.0;4.87;46.63;16.27;0.01;0.0;0;2.44;0;-41.55;0.01;0.0;0.0;3.68
2021;1;216;beauce_5_sa_050;orgeh;orgeH_tousSols_nonirr_organique;5.86;0.0;55.36;13.0;59.66;19.38;23.44;0.04;0.0;0;29.83;0;-306.33;0.0;0.04;0.0;5.86
2021;217;312;beauce_5_sa_050;solnu;;1.26;0.0;33.69;-41.37;0.0;23.44;14.42;0.03;0.05;0;0;0;-215.97;0.02;0.01;0.0;1.26
2021;313;365;beauce_5_sa_050;orgeh;orgeH_tousSols_nonirr_organique;2.49;0.0;6.17;-6.04;0.0;14.42;12.05;0.0;0.0;0;0.0;0;-13.54;0.0;0.0;0.0;2.49
2021;1;213;beauce_5_sa_051;orgeh;orgeH_tousSols_nonirr_organique;4.48;0.0;54.0;22.17;56.57;16.56;32.45;0.06;0.0;0;30.4;0;-346.76;0.01;0.05;0.0;4.48
2021;214;271;beauce_5_sa_051;solnu;;0.94;0.0;25.9;-37.82;0.0;32.45;19.47;0.04;0.08;0;0;0;-180.57;0.04;0.0;0.0;0.94
2021;272;365;beauce_5_sa_051;orgeh;orgeH_tousSols_nonirr_organique;3.76;0.0;16.33;-9.43;3.86;19.47;18.75;0.0;0.0;0;1.93;0;-45.64;0.0;0.0;0.0;3.76
2021;1;205;beauce_5_sa_052;orgeh;orgeH_tousSols_nonirr_organique;4.3;0.0;49.13;21.02;60.67;14.38;20.33;0.04;0.0;0;30.33;0;-278.98;0.0;0.04;0.0;4.3
2021;206;283;beauce_5_sa_052;solnu;;0.74;0.0;33.7;-38.66;0.0;20.33;14.53;0.04;0.06;0;0;0;-236.04;0.03;0.01;0.0;0.74
2021;284;365;beauce_5_sa_052;orgeh;orgeH_tousSols_nonirr_organique;2.76;0.0;12.65;-9.48;0.84;14.53;14.1;0.0;0.0;0;0.42;0;-33.65;0.0;0.0;0.0;2.76
2021;1;224;beauce_5_sa_053;orgeh;orgeH_tousSols_nonirr_organique;5.77;0.0;58.67;19.21;50.19;18.4;41.69;0.07;0.0;0;26.43;0;-340.39;0.02;0.05;0.0;5.77
2021;225;269;beauce_5_sa_053;solnu;;1.04;0.0;19.6;-11.81;0.0;41.69;48.3;0.04;0.1;0;0;0;-149.92;0.04;0.01;0.0;1.04
2021;270;365;beauce_5_sa_053;orgeh;orgeH_tousSols_nonirr_organique;4.49;0.0;16.47;-34.3;6.0;48.77;19.98;0.0;0.0;0;3.0;0;-63.18;0.0;0.0;0.0;4.49
2021;1;209;beauce_5_sa_054;orgeh;orgeH_tousSols_nonirr_organique;5.24;0.0;50.97;17.89;50.55;16.92;31.23;0.05;0.0;0;27.36;0;-286.01;0.01;0.04;0.0;5.24
2021;210;270;beauce_5_sa_054;solnu;;1.01;0.0;27.77;-9.97;0.0;31.23;47.9;0.05;0.08;0;0;0;-203.92;0.04;0.01;0.0;1.01
2021;271;365;beauce_5_sa_054;orgeh;orgeH_tousSols_nonirr_organique;3.78;0.0;16.05;-35.18;7.5;48.24;17.48;0.0;0.0;0;3.75;0;-63.47;0.0;0.0;0.0;3.78
2021;1;225;beauce_5_sa_055;orgeh;orgeH_tousSols_nonirr_organique;4.91;0.0;59.39;22.55;58.88;17.02;36.11;0.06;0.0;0;30.18;0;-376.89;0.01;0.05;0.0;4.91
2021;226;277;beauce_5_sa_055;solnu;;0.87;0.0;21.99;-36.61;0.0;36.11;20.49;0.03;0.09;0;0;0;-149.69;0.03;0.0;0.0;0.87
2021;278;365;beauce_5_sa_055;orgeh;orgeH_tousSols_nonirr_organique;3.89;0.0;14.54;-11.63;0.73;20.49;18.79;0.0;0.0;0;0.37;0;-38.7;0.0;0.0;0.0;3.89
2021;1;175;beauce_5_sa_056;orgeh;orgeH_tousSols_nonirr_organique;6.51;0.0;34.39;6.93;46.32;24.23;13.35;0.03;0.0;0;23.16;0;-164.75;0.0;0.03;0.0;6.51
2021;176;304;beauce_5_sa_056;solnu;;1.98;0.0;51.68;0.95;0.0;13.35;63.91;0.08;0.07;0;0;0;-362.98;0.04;0.03;0.0;1.98
2021;305;365;beauce_5_sa_056;orgeh;orgeH_tousSols_nonirr_organique;5.35;0.0;7.87;-29.87;3.51;64.04;32.99;0.05;0.01;0;1.75;0;-38.39;0.05;0.0;0.0;5.35
2021;1;187;beauce_5_sa_057;orgeh;orgeH_tousSols_nonirr_organique;6.61;0.0;40.7;4.26;50.33;21.63;10.01;0.03;0.0;0;25.17;0;-190.2;0.0;0.03;0.0;6.61
2021;188;302;beauce_5_sa_057;solnu;;1.17;0.0;45.66;-2.6;0.0;10.01;51.85;0.06;0.05;0;0;0;-313.61;0.03;0.03;0.0;1.17
2021;303;365;beauce_5_sa_057;orgeh;orgeH_tousSols_nonirr_organique;3.73;0.0;8.16;-32.11;3.81;52.05;20.31;0.03;0.0;0;1.9;0;-34.37;0.03;0.0;0.0;3.73
2021;1;229;beauce_5_sa_058;orgeh;orgeH_tousSols_nonirr_organique;5.78;0.0;60.93;17.4;55.48;19.01;37.24;0.06;0.0;0;27.74;0;-350.46;0.01;0.05;0.0;5.78
2021;230;283;beauce_5_sa_058;solnu;;0.94;0.0;21.62;-36.38;0.0;37.24;21.42;0.04;0.08;0;0;0;-159.49;0.03;0.01;0.0;0.94
2021;284;365;beauce_5_sa_058;orgeh;orgeH_tousSols_nonirr_organique;3.97;0.0;12.53;-12.02;0.0;21.32;17.95;0.0;0.0;0;0.0;0;-35.33;0.0;0.0;0.0;3.97
2021;1;184;beauce_5_sa_059;orgeh;orgeH_tousSols_nonirr_organique;6.18;0.0;39.3;8.36;52.54;20.47;10.73;0.03;0.0;0;26.27;0;-191.49;0.0;0.03;0.0;6.18
2021;185;314;beauce_5_sa_059;solnu;;1.68;0.0;49.39;-36.64;0.0;10.73;21.55;0.06;0.05;0;0;0;-328.73;0.03;0.02;0.0;1.68
2021;315;365;beauce_5_sa_059;orgeh;orgeH_tousSols_nonirr_organique;2.83;0.0;5.77;0.91;1.12;21.62;24.26;0.02;0.01;0;0.56;0;-16.47;0.01;0.0;0.0;2.83
2021;1;208;beauce_5_sa_060;orgeh;orgeH_tousSols_nonirr_organique;6.55;0.0;50.54;7.47;53.92;21.4;20.36;0.04;0.0;0;26.96;0;-255.37;0.0;0.04;0.0;6.55
2021;209;303;beauce_5_sa_060;solnu;;1.2;0.0;36.26;-6.58;0.0;20.36;48.74;0.05;0.05;0;0;0;-256.77;0.03;0.02;0.0;1.2
2021;304;365;beauce_5_sa_060;orgeh;orgeH_tousSols_nonirr_organique;3.5;0.0;8.0;-33.48;1.25;48.91;18.48;0.02;0.0;0;0.63;0;-30.51;0.02;0.0;0.0;3.5
2021;1;191;beauce_5_sa_061;orgeh;orgeH_tousSols_nonirr_organique;4.34;0.0;42.86;20.37;52.18;14.09;21.52;0.05;0.0;0;29.09;0;-238.73;0.02;0.04;0.0;4.34
2021;192;265;beauce_5_sa_061;solnu;;0.87;0.0;34.6;-7.23;0.0;21.52;47.89;0.05;0.08;0;0;0;-251.92;0.04;0.02;0.0;0.87
2021;266;365;beauce_5_sa_061;orgeh;orgeH_tousSols_nonirr_organique;3.6;0.0;17.5;-36.96;7.87;48.16;16.96;0.0;0.0;0;3.93;0;-71.44;0.0;0.0;0.0;3.6
2021;1;216;beauce_5_sa_062;orgeh;orgeH_tousSols_nonirr_organique;5.52;0.0;55.11;16.85;51.1;17.99;34.43;0.05;0.0;0;27.66;0;-313.91;0.01;0.04;0.0;5.52
2021;217;274;beauce_5_sa_062;solnu;;0.97;0.0;24.66;-10.76;0.0;34.43;47.22;0.05;0.08;0;0;0;-182.14;0.04;0.01;0.0;0.97
2021;275;365;beauce_5_sa_062;orgeh;orgeH_tousSols_nonirr_organique;3.81;0.0;14.98;-34.09;7.5;47.53;16.8;0.0;0.0;0;3.75;0;-57.33;0.0;0.0;0.0;3.81
2021;1;221;beauce_5_sa_063;orgeh;orgeH_tousSols_nonirr_organique;5.82;0.0;57.23;18.43;50.06;18.59;39.48;0.06;0.0;0;26.36;0;-328.01;0.02;0.05;0.0;5.82
2021;222;270;beauce_5_sa_063;solnu;;1.08;0.0;21.55;-11.48;0.0;39.48;48.33;0.04;0.1;0;0;0;-161.37;0.03;0.01;0.0;1.08
2021;271;365;beauce_5_sa_063;orgeh;orgeH_tousSols_nonirr_organique;4.36;0.0;16.06;-34.69;6.0;48.65;19.34;0.0;0.0;0;3.0;0;-63.39;0.0;0.0;0.0;4.36
2021;1;176;beauce_5_sa_064;orgeh;orgeH_tousSols_nonirr_organique;4.8;0.0;34.99;11.54;51.19;16.47;8.29;0.03;0.0;0;27.85;0;-170.81;0.0;0.03;0.0;4.8
2021;177;272;beauce_5_sa_064;solnu;;0.91;0.0;43.74;-3.54;0.0;8.29;47.31;0.05;0.06;0;0;0;-305.36;0.03;0.03;0.0;0.91
2021;273;365;beauce_5_sa_064;orgeh;orgeH_tousSols_nonirr_organique;3.06;0.0;15.57;-35.38;9.26;47.68;15.19;0.0;0.0;0;4.63;0;-64.8;0.0;0.0;0.0;3.06
2021;1;176;beauce_5_sa_065;orgeh;orgeH_tousSols_nonirr_organique;4.5;0.0;35.15;13.9;54.72;18.04;7.82;0.03;0.0;0;30.7;0;-209.11;0.0;0.03;0.0;4.5
2021;177;282;beauce_5_sa_065;solnu;;0.95;0.0;47.33;-38.8;0.0;7.82;15.28;0.04;0.05;0;0;0;-312.69;0.02;0.01;0.0;0.95
2021;283;365;beauce_5_sa_065;orgeh;orgeH_tousSols_nonirr_organique;2.94;0.0;12.98;-3.05;5.9;15.33;16.37;0.01;0.0;0;2.95;0;-37.08;0.0;0.01;0.0;2.94
2021;1;188;beauce_5_sa_066;orgeh;orgeH_tousSols_nonirr_organique;4.59;0.0;41.27;21.07;59.51;16.01;14.96;0.04;0.0;0;29.76;0;-231.72;0.01;0.04;0.0;4.59
2021;189;275;beauce_5_sa_066;solnu;;0.79;0.0;38.75;-27.3;0.0;14.96;25.49;0.05;0.06;0;0;0;-281.0;0.03;0.02;0.0;0.79
2021;276;365;beauce_5_sa_066;orgeh;orgeH_tousSols_nonirr_organique;3.2;0.0;14.93;-13.03;6.26;23.55;17.93;0.01;0.0;0;3.13;0;-46.93;0.0;0.01;0.0;3.2
2021;1;196;beauce_5_sa_067;orgeh;orgeH_tousSols_nonirr_organique;3.79;0.0;45.02;23.05;51.88;12.66;25.76;0.06;0.0;0;29.43;0;-263.66;0.02;0.04;0.0;3.79
2021;197;260;beauce_5_sa_067;solnu;;0.92;0.0;30.56;-8.53;0.0;25.76;46.74;0.05;0.08;0;0;0;-224.68;0.04;0.01;0.0;0.92
2021;261;365;beauce_5_sa_067;orgeh;orgeH_tousSols_nonirr_organique;3.94;0.0;19.7;-36.72;7.85;47.34;17.92;0.0;0.0;0;3.93;0;-78.34;0.0;0.0;0.0;3.94
2021;1;189;beauce_5_sa_068;orgeh;orgeH_tousSols_nonirr_organique;6.63;0.0;41.51;4.01;50.57;21.66;10.47;0.03;0.0;0;25.28;0;-195.44;0.0;0.03;0.0;6.63
2021;190;307;beauce_5_sa_068;solnu;;1.2;0.0;45.71;-2.17;0.0;10.47;52.83;0.06;0.05;0;0;0;-312.85;0.03;0.03;0.0;1.2
2021;308;365;beauce_5_sa_068;orgeh;orgeH_tousSols_nonirr_organique;4.04;0.0;7.44;-31.77;2.19;53.22;22.23;0.04;0.0;0;1.09;0;-34.65;0.04;0.0;0.0;4.04
2021;1;209;beauce_5_sa_069;orgeh;orgeH_tousSols_nonirr_organique;5.37;0.0;50.98;13.37;50.28;17.57;27.37;0.05;0.0;0;27.22;0;-273.24;0.01;0.04;0.0;5.37
2021;210;278;beauce_5_sa_069;solnu;;0.95;0.0;29.98;-9.16;0.0;27.37;47.12;0.04;0.07;0;0;0;-216.43;0.03;0.01;0.0;0.95
2021;279;365;beauce_5_sa_069;orgeh;orgeH_tousSols_nonirr_organique;3.38;0.0;13.81;-34.41;8.26;47.38;14.88;0.0;0.0;0;4.13;0;-54.69;0.0;0.0;0.0;3.38
2021;1;172;beauce_5_sa_070;orgeh;orgeH_tousSols_nonirr_organique;2.96;0.0;33.58;18.6;49.54;11.51;11.76;0.04;0.01;0;29.48;0;-185.21;0.0;0.03;0.0;2.96
2021;173;256;beauce_5_sa_070;solnu;;1.0;0.0;39.64;-4.6;0.0;11.76;45.65;0.07;0.08;0;0;0;-281.52;0.04;0.02;0.0;1.0
2021;257;365;beauce_5_sa_070;orgeh;orgeH_tousSols_nonirr_organique;3.78;0.0;21.81;-34.57;10.67;46.45;18.43;0.01;0.0;0;5.33;0;-96.01;0.0;0.01;0.0;3.78
2021;1;216;beauce_5_sa_071;orgeh;orgeH_tousSols_nonirr_organique;5.39;0.0;55.11;15.34;51.27;17.69;32.57;0.05;0.0;0;27.62;0;-307.9;0.01;0.04;0.0;5.39
2021;217;276;beauce_5_sa_071;solnu;;0.93;0.0;25.33;-10.59;0.0;32.57;46.26;0.04;0.08;0;0;0;-184.44;0.03;0.01;0.0;0.93
2021;277;365;beauce_5_sa_071;orgeh;orgeH_tousSols_nonirr_organique;3.6;0.0;14.31;-33.69;7.39;46.46;15.89;0.0;0.0;0;3.69;0;-55.43;0.0;0.0;0.0;3.6
2021;1;177;beauce_5_sa_072;orgeh;orgeH_tousSols_nonirr_organique;6.43;0.0;35.4;6.11;47.03;22.39;11.92;0.03;0.0;0;24.6;0;-167.76;0.0;0.03;0.0;6.43
2021;178;291;beauce_5_sa_072;solnu;;1.4;0.0;48.06;-1.45;0.0;11.92;57.01;0.06;0.06;0;0;0;-334.92;0.03;0.03;0.0;1.4
2021;292;365;beauce_5_sa_072;orgeh;orgeH_tousSols_nonirr_organique;4.25;0.0;10.73;-30.54;10.71;57.47;22.21;0.03;0.0;0;5.36;0;-48.68;0.03;0.0;0.0;4.25
2021;1;174;beauce_5_sa_073;orgeh;orgeH_tousSols_nonirr_organique;5.48;0.0;34.03;11.79;50.69;20.38;10.7;0.03;0.0;0;25.35;0;-169.59;0.0;0.03;0.0;5.48
2021;175;291;beauce_5_sa_073;solnu;;1.52;0.0;49.37;-22.96;0.0;10.7;35.52;0.06;0.06;0;0;0;-348.27;0.03;0.03;0.0;1.52
2021;292;365;beauce_5_sa_073;orgeh;orgeH_tousSols_nonirr_organique;3.95;0.0;10.74;-9.42;10.71;34.15;22.15;0.02;0.01;0;5.36;0;-38.28;0.01;0.0;0.0;3.95
2021;1;207;beauce_5_sa_074;orgeh;orgeH_tousSols_nonirr_organique;5.54;0.0;50.13;15.25;57.3;18.31;21.97;0.04;0.0;0;28.65;0;-272.21;0.0;0.04;0.0;5.54
2021;208;288;beauce_5_sa_074;solnu;;0.93;0.0;33.6;-37.43;0.0;21.97;17.11;0.04;0.06;0;0;0;-239.51;0.03;0.01;0.0;0.93
2021;289;365;beauce_5_sa_074;orgeh;orgeH_tousSols_nonirr_organique;2.95;0.0;11.3;-6.43;3.39;16.62;15.64;0.0;0.0;0;1.7;0;-28.76;0.0;0.0;0.0;2.95
2021;1;191;beauce_5_sa_075;orgeh;orgeH_tousSols_nonirr_organique;3.25;0.0;43.73;16.2;49.8;15.75;23.03;0.07;0.02;0;33.51;0;-302.91;0.04;0.04;0.0;3.25
2021;192;256;beauce_5_sa_075;solnu;;1.06;0.0;30.89;-45.06;0.0;23.03;7.78;0.01;0.0;0;0;0;-198.0;0.01;0.0;0.0;1.06
2021;257;365;beauce_5_sa_075;orgeh;orgeH_tousSols_nonirr_organique;1.48;0.0;21.98;1.23;16.95;7.93;12.53;0.02;0.01;0;8.48;0;-67.62;0.01;0.01;0.0;1.48
2021;1;187;beauce_5_sa_076;orgeh;orgeH_tousSols_nonirr_organique;5.21;0.0;40.83;12.1;56.45;17.11;8.61;0.03;0.0;0;28.22;0;-205.17;0.0;0.03;0.0;5.21
2021;188;307;beauce_5_sa_076;solnu;;0.96;0.0;46.66;-40.9;0.0;8.61;13.42;0.04;0.05;0;0;0;-304.68;0.02;0.02;0.0;0.96
2021;308;365;beauce_5_sa_076;orgeh;orgeH_tousSols_nonirr_organique;2.47;0.0;7.48;-1.42;2.76;13.48;14.24;0.0;0.0;0;1.38;0;-19.03;0.0;0.0;0.0;2.47
2021;1;196;beauce_5_sa_077;orgeh;orgeH_tousSols_nonirr_organique;4.45;0.0;45.16;18.18;56.83;17.44;20.24;0.05;0.01;0;32.22;0;-291.58;0.01;0.04;0.0;4.45
2021;197;271;beauce_5_sa_077;solnu;;0.86;0.0;34.66;-37.46;0.0;20.24;16.49;0.04;0.07;0;0;0;-235.6;0.03;0.01;0.0;0.86
2021;272;365;beauce_5_sa_077;orgeh;orgeH_tousSols_nonirr_organique;3.24;0.0;16.29;-6.46;5.54;16.49;17.53;0.01;0.0;0;2.77;0;-44.66;0.0;0.01;0.0;3.24
2021;1;210;beauce_5_sa_078;orgeh;orgeH_tousSols_nonirr_organique;4.69;0.0;51.98;18.3;59.39;17.37;24.41;0.05;0.0;0;32.54;0;-333.67;0.0;0.04;0.0;4.69
2021;211;280;beauce_5_sa_078;solnu;;0.86;0.0;30.63;-38.55;0.0;24.41;15.53;0.03;0.06;0;0;0;-202.63;0.03;0.0;0.0;0.86
2021;281;365;beauce_5_sa_078;orgeh;orgeH_tousSols_nonirr_organique;2.98;0.0;13.55;-7.09;3.69;15.53;15.31;0.0;0.0;0;1.85;0;-31.8;0.0;0.0;0.0;2.98
2021;1;222;beauce_5_sa_079;orgeh;orgeH_tousSols_nonirr_organique;4.42;0.0;58.23;21.53;60.66;14.46;30.0;0.06;0.0;0;30.33;0;-344.86;0.01;0.05;0.0;4.42
2021;223;287;beauce_5_sa_079;solnu;;0.75;0.0;25.99;-37.99;0.0;30.0;17.14;0.03;0.08;0;0;0;-178.28;0.03;0.0;0.0;0.75
2021;288;365;beauce_5_sa_079;orgeh;orgeH_tousSols_nonirr_organique;3.25;0.0;11.58;-10.63;0.0;17.14;14.83;0.0;0.0;0;0.0;0;-28.36;0.0;0.0;0.0;3.25
2021;1;209;beauce_5_sa_080;orgeh;orgeH_tousSols_nonirr_organique;4.74;0.0;51.09;21.65;56.75;15.42;27.65;0.05;0.0;0;28.37;0;-292.71;0.01;0.04;0.0;4.74
2021;210;276;beauce_5_sa_080;solnu;;0.88;0.0;29.54;-29.59;0.0;27.65;26.6;0.04;0.08;0;0;0;-217.25;0.03;0.01;0.0;0.88
2021;277;365;beauce_5_sa_080;orgeh;orgeH_tousSols_nonirr_organique;3.49;0.0;14.46;-13.94;4.88;25.65;18.75;0.01;0.0;0;2.44;0;-43.64;0.0;0.01;0.0;3.49
2021;1;213;beauce_5_sa_081;orgeh;orgeH_tousSols_nonirr_organique;3.78;0.0;55.2;17.92;49.21;16.55;37.19;0.1;0.02;0;33.12;0;-399.05;0.05;0.04;0.0;3.78
2021;214;256;beauce_5_sa_081;solnu;;1.35;0.0;20.14;-46.75;0.0;37.19;9.22;0.01;0.0;0;0;0;-114.95;0.01;0.0;0.0;1.35
2021;257;365;beauce_5_sa_081;orgeh;orgeH_tousSols_nonirr_organique;1.73;0.0;21.93;-0.83;15.56;9.39;13.01;0.02;0.01;0;7.78;0;-65.44;0.01;0.01;0.0;1.73
2021;1;180;beauce_5_sa_082;orgeh;orgeH_tousSols_nonirr_organique;6.38;0.0;37.2;6.11;48.94;22.24;11.71;0.03;0.0;0;24.48;0;-177.07;0.0;0.03;0.0;6.38
2021;181;294;beauce_5_sa_082;solnu;;1.45;0.0;47.14;-1.58;0.0;11.71;55.7;0.06;0.06;0;0;0;-325.37;0.04;0.03;0.0;1.45
2021;295;365;beauce_5_sa_082;orgeh;orgeH_tousSols_nonirr_organique;4.21;0.0;9.93;-30.54;7.41;56.08;23.43;0.03;0.01;0;3.71;0;-45.51;0.03;0.0;0.0;4.21
2021;1;230;beauce_5_sa_083;orgeh;orgeH_tousSols_nonirr_organique;5.12;0.0;61.55;25.56;55.08;17.26;45.15;0.08;0.0;0;27.84;0;-385.21;0.02;0.05;0.0;5.12
2021;231;266;beauce_5_sa_083;solnu;;0.97;0.0;16.47;-34.92;0.0;45.15;25.59;0.04;0.1;0;0;0;-123.8;0.04;0.0;0.0;0.97
2021;267;365;beauce_5_sa_083;orgeh;orgeH_tousSols_nonirr_organique;4.91;0.0;17.77;-13.45;2.2;25.59;22.8;0.0;0.0;0;1.1;0;-54.82;0.0;0.0;0.0;4.91
2021;1;226;beauce_5_sa_084;orgeh;orgeH_tousSols_nonirr_organique;4.69;0.0;59.82;21.48;58.41;15.31;34.54;0.06;0.0;0;29.2;0;-353.99;0.01;0.05;0.0;4.69
2021;227;284;beauce_5_sa_084;solnu;;0.8;0.0;23.37;-37.48;0.0;34.54;19.51;0.04;0.08;0;0;0;-164.17;0.03;0.0;0.0;0.8
2021;285;365;beauce_5_sa_084;orgeh;orgeH_tousSols_nonirr_organique;3.68;0.0;12.33;-11.12;0.0;19.51;17.03;0.0;0.0;0;0.0;0;-32.32;0.0;0.0;0.0;3.68
2021;1;181;beauce_5_sa_085;orgeh;orgeH_tousSols_nonirr_organique;5.21;0.0;37.63;13.13;54.37;18.24;9.64;0.03;0.0;0;27.18;0;-192.26;0.0;0.03;0.0;5.21
2021;182;301;beauce_5_sa_085;solnu;;1.24;0.0;48.69;-39.57;0.0;9.64;17.52;0.05;0.05;0;0;0;-322.99;0.02;0.02;0.0;1.24
2021;302;365;beauce_5_sa_085;orgeh;orgeH_tousSols_nonirr_organique;3.27;0.0;8.31;4.04;4.0;17.62;22.58;0.02;0.01;0;2.0;0;-24.72;0.01;0.01;0.0;3.27
2021;1;220;beauce_5_sa_086;orgeh;orgeH_tousSols_nonirr_organique;5.14;0.0;57.13;17.02;61.15;16.84;25.94;0.05;0.0;0;30.57;0;-327.89;0.01;0.04;0.0;5.14
2021;221;303;beauce_5_sa_086;solnu;;1.01;0.0;30.33;-39.75;0.0;25.94;15.42;0.03;0.06;0;0;0;-200.92;0.02;0.01;0.0;1.01
2021;304;365;beauce_5_sa_086;orgeh;orgeH_tousSols_nonirr_organique;2.81;0.0;8.02;-7.91;0.0;15.42;12.73;0.0;0.0;0;0.0;0;-18.42;0.0;0.0;0.0;2.81
2021;1;178;beauce_5_sa_087;orgeh;orgeH_tousSols_nonirr_organique;5.5;0.0;36.15;5.58;46.47;19.16;8.99;0.03;0.0;0;25.33;0;-165.56;0.0;0.03;0.0;5.5
2021;179;284;beauce_5_sa_087;solnu;;1.13;0.0;45.9;-2.87;0.0;8.99;50.83;0.05;0.06;0;0;0;-315.28;0.03;0.03;0.0;1.13
2021;285;365;beauce_5_sa_087;orgeh;orgeH_tousSols_nonirr_organique;3.18;0.0;12.2;-32.96;11.5;51.12;15.38;0.01;0.0;0;5.75;0;-52.25;0.01;0.0;0.0;3.18
2021;1;203;beauce_5_sa_088;orgeh;orgeH_tousSols_nonirr_organique;4.81;0.0;48.1;18.44;64.07;16.22;14.75;0.04;0.0;0;32.03;0;-272.13;0.0;0.04;0.0;4.81
2021;204;296;beauce_5_sa_088;solnu;;0.92;0.0;38.47;-40.09;0.0;14.75;12.13;0.03;0.05;0;0;0;-251.59;0.02;0.01;0.0;0.92
2021;297;365;beauce_5_sa_088;orgeh;orgeH_tousSols_nonirr_organique;2.23;0.0;9.22;-7.06;0.25;12.12;11.81;0.0;0.0;0;0.13;0;-21.06;0.0;0.0;0.0;2.23
2021;1;175;beauce_5_sa_089;orgeh;orgeH_tousSols_nonirr_organique;6.52;0.0;34.4;7.38;47.3;24.33;13.88;0.03;0.0;0;23.65;0;-165.49;0.0;0.03;0.0;6.52
2021;176;303;beauce_5_sa_089;solnu;;1.99;0.0;51.55;0.87;0.0;13.88;64.16;0.08;0.07;0;0;0;-363.21;0.05;0.03;0.0;1.99
2021;304;365;beauce_5_sa_089;orgeh;orgeH_tousSols_nonirr_organique;5.38;0.0;7.99;-29.93;3.62;64.33;33.17;0.05;0.01;0;1.81;0;-39.21;0.05;0.0;0.0;5.38
2021;1;217;beauce_5_sa_090;orgeh;orgeH_tousSols_nonirr_organique;4.72;0.0;55.96;21.29;63.11;15.99;26.22;0.05;0.0;0;31.56;0;-336.36;0.0;0.05;0.0;4.72
2021;218;291;beauce_5_sa_090;solnu;;0.81;0.0;29.22;-39.2;0.0;26.22;15.33;0.03;0.06;0;0;0;-191.51;0.03;0.0;0.0;0.81
2021;292;365;beauce_5_sa_090;orgeh;orgeH_tousSols_nonirr_organique;2.91;0.0;10.75;-8.34;0.4;15.29;14.42;0.0;0.0;0;0.2;0;-23.11;0.0;0.0;0.0;2.91
2021;1;209;beauce_5_sa_091;orgeh;orgeH_tousSols_nonirr_organique;6.62;0.0;51.0;10.74;54.73;21.68;23.51;0.04;0.0;0;27.36;0;-269.51;0.0;0.04;0.0;6.62
2021;210;293;beauce_5_sa_091;solnu;;1.2;0.0;33.78;-7.72;0.0;23.51;48.26;0.05;0.06;0;0;0;-242.13;0.03;0.02;0.0;1.2
2021;294;365;beauce_5_sa_091;orgeh;orgeH_tousSols_nonirr_organique;3.39;0.0;10.07;-33.66;3.88;48.44;17.38;0.01;0.0;0;1.94;0;-37.84;0.01;0.0;0.0;3.39
2021;1;186;beauce_5_sa_092;orgeh;orgeH_tousSols_nonirr_organique;6.66;0.0;40.2;7.69;53.52;21.85;9.98;0.03;0.0;0;26.76;0;-195.84;0.0;0.03;0.0;6.66
2021;187;293;beauce_5_sa_092;solnu;;1.14;0.0;44.26;-3.57;0.0;9.98;49.49;0.05;0.05;0;0;0;-308.06;0.03;0.03;0.0;1.14
2021;294;365;beauce_5_sa_092;orgeh;orgeH_tousSols_nonirr_organique;3.28;0.0;10.08;-33.54;5.6;49.69;17.13;0.02;0.0;0;2.8;0;-41.23;0.01;0.0;0.0;3.28
2021;1;210;beauce_5_sa_093;orgeh;orgeH_tousSols_nonirr_organique;3.83;0.0;52.63;18.69;52.93;16.53;31.67;0.08;0.01;0;32.62;0;-363.19;0.03;0.04;0.0;3.83
2021;211;264;beauce_5_sa_093;solnu;;1.02;0.0;25.61;-48.06;0.0;31.67;8.18;0.01;0.0;0;0;0;-158.39;0.01;0.0;0.0;1.02
2021;265;365;beauce_5_sa_093;orgeh;orgeH_tousSols_nonirr_organique;1.69;0.0;18.24;0.46;12.4;8.37;12.78;0.02;0.0;0;6.2;0;-47.93;0.01;0.01;0.0;1.69
2021;1;187;beauce_5_sa_094;orgeh;orgeH_tousSols_nonirr_organique;6.07;0.0;40.79;9.99;55.31;20.03;9.62;0.03;0.0;0;27.65;0;-202.85;0.0;0.03;0.0;6.07
2021;188;294;beauce_5_sa_094;solnu;;1.06;0.0;43.9;-26.14;0.0;9.62;26.33;0.05;0.05;0;0;0;-307.8;0.02;0.02;0.0;1.06
2021;295;365;beauce_5_sa_094;orgeh;orgeH_tousSols_nonirr_organique;2.84;0.0;9.94;-12.01;5.93;24.92;15.49;0.01;0.0;0;2.97;0;-29.11;0.0;0.0;0.0;2.84
2021;1;212;beauce_5_sa_095;orgeh;orgeH_tousSols_nonirr_organique;6.59;0.0;53.06;8.61;54.46;21.55;23.59;0.04;0.0;0;27.23;0;-274.45;0.0;0.04;0.0;6.59
2021;213;301;beauce_5_sa_095;solnu;;1.23;0.0;33.54;-7.71;0.0;23.59;48.08;0.05;0.06;0;0;0;-240.17;0.03;0.02;0.0;1.23
2021;302;365;beauce_5_sa_095;orgeh;orgeH_tousSols_nonirr_organique;3.52;0.0;8.27;-33.81;0.8;48.25;18.2;0.02;0.0;0;0.4;0;-30.9;0.02;0.0;0.0;3.52
2021;1;171;beauce_5_sa_096;orgeh;orgeH_tousSols_nonirr_organique;6.79;0.0;32.75;11.67;49.87;25.23;13.94;0.03;0.0;0;24.94;0;-169.21;0.0;0.03;0.0;6.79
2021;172;300;beauce_5_sa_096;solnu;;2.12;0.0;52.68;-20.23;0.0;13.94;44.19;0.07;0.07;0;0;0;-378.28;0.04;0.03;0.0;2.12
2021;301;365;beauce_5_sa_096;orgeh;orgeH_tousSols_nonirr_organique;5.06;0.0;8.48;-11.94;4.07;43.21;31.57;0.03;0.01;0;2.04;0;-31.96;0.03;0.0;0.0;5.06
2021;1;224;beauce_5_sa_097;orgeh;orgeH_tousSols_nonirr_organique;5.04;0.0;59.06;17.23;61.83;16.5;27.15;0.05;0.0;0;30.92;0;-340.36;0.01;0.05;0.0;5.04
2021;225;304;beauce_5_sa_097;solnu;;0.98;0.0;28.6;-39.06;0.0;27.15;15.61;0.03;0.06;0;0;0;-187.19;0.02;0.01;0.0;0.98
2021;305;365;beauce_5_sa_097;orgeh;orgeH_tousSols_nonirr_organique;2.84;0.0;7.89;-7.75;0.0;15.61;12.92;0.0;0.0;0;0.0;0;-17.49;0.0;0.0;0.0;2.84
2021;1;199;beauce_5_sa_098;orgeh;orgeH_tousSols_nonirr_organique;5.73;0.0;46.22;10.7;57.21;18.9;14.08;0.04;0.0;0;28.61;0;-235.09;0.0;0.03;0.0;5.73
2021;200;298;beauce_5_sa_098;solnu;;1.05;0.0;39.92;-36.04;0.0;14.08;16.83;0.04;0.05;0;0;0;-277.54;0.02;0.02;0.0;1.05
2021;299;365;beauce_5_sa_098;orgeh;orgeH_tousSols_nonirr_organique;2.57;0.0;8.91;-4.74;3.86;16.26;14.56;0.0;0.0;0;1.93;0;-21.83;0.0;0.0;0.0;2.57
2021;1;190;beauce_5_sa_099;orgeh;orgeH_tousSols_nonirr_organique;6.6;0.0;42.01;2.58;49.75;21.6;10.23;0.03;0.0;0;24.87;0;-194.23;0.0;0.03;0.0;6.6
2021;191;317;beauce_5_sa_099;solnu;;2.09;0.0;47.38;-5.63;0.0;10.23;49.81;0.09;0.05;0;0;0;-323.96;0.06;0.03;0.0;2.09
2021;318;365;beauce_5_sa_099;orgeh;orgeH_tousSols_nonirr_organique;3.43;0.0;5.24;-26.83;0.24;47.65;24.54;0.02;0.0;0;0.12;0;-22.29;0.02;0.0;0.0;3.43
