annee;jourDebut;jourFin;parcelle;couvert;itk;N_lixivie[kgN/ha];N_volatilise_NH3[kgN/ha];N_mineralise_net_SOM[kgN/ha];N_mineralise_net_residus[kgN/ha];N_acquis_couvert[kgN/ha];N_mineral_debut[kgN/ha];N_mineral_fin[kgN/ha];emissions_N2O_directes[kgN/ha];emissions_N2[kgN/ha];N_fixe_legumineuses[kgN/ha];satisfactionAzote_culture[%];satisfactionAzote_ci[%];delta_Corg[kgC/ha];emissions_N2O_denit[kgN-N2O/ha];emissions_N2O_nit[kgN-N2O/ha];emissions_N2O_indirectes_volat[kgN-N2O/ha];emissions_N2O_indirectes_lixiv[kgN-N2O/ha]
2019;213;275;beauce_5_sa_000;solnu;;0.0;0.0;18.99;0.0;0.0;35.0;53.98;0.01;0.0;0;0;0;-211.05;0.0;0.01;0.0;0.0
2019;276;365;beauce_5_sa_000;BTH;;0.29;0.0;14.19;0.0;30.31;54.05;37.53;0.04;0.0;0;17.84;0;-159.56;0.03;0.01;0.0;0.29
2019;213;265;beauce_5_sa_001;solnu;;0.0;0.0;16.98;0.0;0.0;35.0;51.97;0.01;0.0;0;0;0;-187.68;0.0;0.01;0.0;0.0
2019;266;365;beauce_5_sa_001;BTH;;0.32;0.0;16.19;0.0;44.25;52.14;23.57;0.02;0.0;0;26.04;0;-182.82;0.01;0.01;0.0;0.32
2019;213;287;beauce_5_sa_002;solnu;;0.0;0.0;20.36;0.0;0.0;35.0;55.34;0.01;0.0;0;0;0;-227.11;0.0;0.01;0.0;0.0
2019;288;365;beauce_5_sa_002;BTH;;0.27;0.0;12.82;0.0;18.59;55.45;49.26;0.05;0.0;0;10.94;0;-143.46;0.04;0.01;0.0;0.27
2019;213;303;beauce_5_sa_003;solnu;;0.0;0.0;22.91;0.0;0.0;35.0;57.9;0.01;0.0;0;0;0;-254.89;0.0;0.01;0.0;0.0
2019;304;365;beauce_5_sa_003;BTH;;0.27;0.0;10.26;0.0;4.92;58.07;62.91;0.06;0.0;0;2.9;0;-115.66;0.05;0.01;0.0;0.27
2019;213;271;beauce_5_sa_004;solnu;;0.0;0.0;18.34;0.0;0.0;35.0;53.33;0.01;0.0;0;0;0;-203.06;0.0;0.01;0.0;0.0
2019;272;365;beauce_5_sa_004;BTH;;0.29;0.0;14.84;0.0;36.21;53.49;31.63;0.03;0.0;0;21.31;0;-167.55;0.02;0.01;0.0;0.29
2019;213;314;beauce_5_sa_005;solnu;;0.0;0.0;25.18;0.0;0.0;35.0;60.15;0.03;0.0;0;0;0;-279.19;0.02;0.02;0.0;0.0
2019;315;365;beauce_5_sa_005;BTH;;0.26;0.5;7.98;0.0;2.83;60.37;65.01;0.04;0.0;0;1.66;0;-91.23;0.04;0.0;0.5;0.26
2019;213;306;beauce_5_sa_006;solnu;;0.0;0.0;23.4;0.0;0.0;35.0;58.38;0.02;0.0;0;0;0;-260.05;0.0;0.01;0.0;0.0
2019;307;365;beauce_5_sa_006;BTH;;0.27;0.0;9.78;0.0;4.5;58.74;63.33;0.06;0.0;0;2.65;0;-110.5;0.05;0.01;0.0;0.27
2019;213;314;beauce_5_sa_007;solnu;;0.0;0.0;25.2;0.0;0.0;35.0;60.17;0.03;0.0;0;0;0;-279.35;0.02;0.02;0.0;0.0
2019;315;365;beauce_5_sa_007;BTH;;0.27;0.0;7.98;0.0;2.83;60.38;65.01;0.04;0.0;0;1.66;0;-91.22;0.04;0.0;0.0;0.27
2019;213;274;beauce_5_sa_008;solnu;;0.0;0.0;18.81;0.0;0.0;35.0;53.79;0.01;0.0;0;0;0;-208.85;0.0;0.01;0.0;0.0
2019;275;365;beauce_5_sa_008;BTH;;0.26;0.0;14.29;0.0;29.88;53.94;37.9;0.04;0.0;0;17.58;0;-160.78;0.03;0.01;0.0;0.26
2019;213;315;beauce_5_sa_009;solnu;;0.0;0.0;25.41;0.0;0.0;35.0;60.38;0.03;0.0;0;0;0;-282.13;0.02;0.02;0.0;0.0
2019;316;365;beauce_5_sa_009;BTH;;0.26;0.0;7.77;0.0;2.68;60.53;65.15;0.04;0.0;0;1.58;0;-88.39;0.04;0.0;0.0;0.26
2019;213;288;beauce_5_sa_010;solnu;;0.0;0.0;20.47;0.0;0.0;35.0;55.45;0.01;0.0;0;0;0;-227.99;0.0;0.01;0.0;0.0
2019;289;365;beauce_5_sa_010;BTH;;0.27;0.0;12.71;0.0;17.31;55.55;50.54;0.05;0.0;0;10.19;0;-142.58;0.04;0.01;0.0;0.27
2019;213;261;beauce_5_sa_011;solnu;;0.0;0.0;16.13;0.0;0.0;35.0;51.12;0.01;0.0;0;0;0;-178.38;0.0;0.01;0.0;0.0
2019;262;365;beauce_5_sa_011;BTH;;0.32;0.32;17.05;0.0;50.85;51.31;41.25;0.03;0.0;0;29.92;0;-192.18;0.02;0.01;0.32;0.32
2019;213;265;beauce_5_sa_012;solnu;;0.0;0.0;16.98;0.0;0.0;35.0;51.97;0.01;0.0;0;0;0;-187.68;0.0;0.01;0.0;0.0
2019;266;365;beauce_5_sa_012;BTH;;0.32;0.0;16.19;0.0;44.25;52.14;23.57;0.02;0.0;0;26.04;0;-182.82;0.01;0.01;0.0;0.32
2019;213;279;beauce_5_sa_013;solnu;;0.0;0.0;19.45;0.0;0.0;35.0;54.44;0.01;0.0;0;0;0;-216.82;0.0;0.01;0.0;0.0
2019;280;365;beauce_5_sa_013;BTH;;0.28;0.0;13.73;0.0;26.44;54.6;41.41;0.04;0.0;0;15.56;0;-153.79;0.04;0.01;0.0;0.28
2019;213;285;beauce_5_sa_014;solnu;;0.0;0.0;20.1;0.0;0.0;35.0;55.09;0.01;0.0;0;0;0;-224.12;0.0;0.01;0.0;0.0
2019;286;365;beauce_5_sa_014;BTH;;0.25;0.0;13.04;0.0;20.05;55.25;47.78;0.05;0.0;0;11.8;0;-146.04;0.04;0.01;0.0;0.25
2019;213;295;beauce_5_sa_015;solnu;;0.0;0.0;21.55;0.0;0.0;35.0;56.54;0.01;0.0;0;0;0;-239.6;0.0;0.01;0.0;0.0
2019;296;365;beauce_5_sa_015;BTH;;0.25;0.0;11.6;0.0;8.32;56.72;59.51;0.06;0.0;0;4.89;0;-130.71;0.05;0.01;0.0;0.25
2019;213;263;beauce_5_sa_016;solnu;;0.0;0.0;16.62;0.0;0.0;35.0;51.61;0.01;0.0;0;0;0;-182.73;0.0;0.01;0.0;0.0
2019;264;365;beauce_5_sa_016;BTH;;0.32;0.0;16.55;0.0;46.23;51.75;21.59;0.02;0.0;0;27.2;0;-187.73;0.01;0.01;0.0;0.32
2019;213;262;beauce_5_sa_017;solnu;;0.0;0.0;16.32;0.0;0.0;35.0;51.31;0.01;0.0;0;0;0;-180.61;0.0;0.01;0.0;0.0
2019;263;365;beauce_5_sa_017;BTH;;0.32;0.0;16.83;0.0;47.31;51.61;20.49;0.02;0.0;0;27.84;0;-189.65;0.01;0.01;0.0;0.32
2019;213;299;beauce_5_sa_018;solnu;;0.0;0.0;22.26;0.0;0.0;35.0;57.25;0.01;0.0;0;0;0;-247.88;0.0;0.01;0.0;0.0
2019;300;365;beauce_5_sa_018;BTH;;0.27;0.0;10.91;0.0;6.08;57.44;61.76;0.06;0.0;0;3.58;0;-122.66;0.05;0.01;0.0;0.27
2019;213;271;beauce_5_sa_019;solnu;;0.0;0.0;18.34;0.0;0.0;35.0;53.33;0.01;0.0;0;0;0;-203.06;0.0;0.01;0.0;0.0
2019;272;365;beauce_5_sa_019;BTH;;0.29;0.0;14.84;0.0;36.21;53.49;31.63;0.03;0.0;0;21.31;0;-167.55;0.02;0.01;0.0;0.29
2019;213;309;beauce_5_sa_020;solnu;;0.0;0.0;24.02;0.0;0.0;35.0;59.0;0.02;0.0;0;0;0;-267.71;0.01;0.01;0.0;0.0
2019;310;365;beauce_5_sa_020;BTH;;0.27;0.0;9.16;0.0;4.07;59.18;63.76;0.05;0.0;0;2.4;0;-102.83;0.05;0.01;0.0;0.27
2019;213;272;beauce_5_sa_021;solnu;;0.0;0.0;18.53;0.0;0.0;35.0;53.52;0.01;0.0;0;0;0;-205.75;0.0;0.01;0.0;0.0
2019;273;365;beauce_5_sa_021;BTH;;0.3;0.0;14.69;0.0;32.39;53.7;35.48;0.04;0.0;0;19.06;0;-165.37;0.03;0.01;0.0;0.3
2019;213;303;beauce_5_sa_022;solnu;;0.0;0.0;22.91;0.0;0.0;35.0;57.9;0.01;0.0;0;0;0;-254.89;0.0;0.01;0.0;0.0
2019;304;365;beauce_5_sa_022;BTH;;0.27;0.0;10.26;0.0;4.92;58.07;62.91;0.06;0.0;0;2.9;0;-115.66;0.05;0.01;0.0;0.27
2019;213;299;beauce_5_sa_023;solnu;;0.0;0.0;22.26;0.0;0.0;35.0;57.25;0.01;0.0;0;0;0;-247.88;0.0;0.01;0.0;0.0
2019;300;365;beauce_5_sa_023;BTH;;0.29;0.32;10.91;0.0;6.08;57.44;85.5;0.07;0.0;0;3.58;0;-122.66;0.06;0.01;0.32;0.29
2019;213;305;beauce_5_sa_024;solnu;;0.0;0.0;23.22;0.0;0.0;35.0;58.2;0.01;0.0;0;0;0;-258.57;0.0;0.01;0.0;0.0
2019;306;365;beauce_5_sa_024;BTH;;0.27;0.0;9.96;0.0;4.79;58.38;63.04;0.06;0.0;0;2.82;0;-111.97;0.05;0.01;0.0;0.27
2019;213;275;beauce_5_sa_025;solnu;;0.0;0.0;18.99;0.0;0.0;35.0;53.98;0.01;0.0;0;0;0;-211.11;0.0;0.01;0.0;0.0
2019;276;365;beauce_5_sa_025;BTH;;0.33;0.5;14.18;0.0;29.09;54.06;76.17;0.06;0.0;0;17.12;0;-159.39;0.05;0.01;0.5;0.33
2019;213;261;beauce_5_sa_026;solnu;;0.0;0.0;16.14;0.0;0.0;35.0;51.13;0.01;0.0;0;0;0;-178.56;0.0;0.01;0.0;0.0
2019;262;365;beauce_5_sa_026;BTH;;0.32;0.0;17.08;0.0;49.93;51.32;17.95;0.01;0.0;0;29.38;0;-192.55;0.0;0.01;0.0;0.32
2019;213;296;beauce_5_sa_027;solnu;;0.0;0.0;21.75;0.0;0.0;35.0;56.73;0.01;0.0;0;0;0;-241.55;0.0;0.01;0.0;0.0
2019;297;365;beauce_5_sa_027;BTH;;0.27;0.0;11.43;0.0;7.6;56.97;60.24;0.06;0.0;0;4.47;0;-129.0;0.05;0.01;0.0;0.27
2019;213;309;beauce_5_sa_028;solnu;;0.0;0.0;24.02;0.0;0.0;35.0;59.0;0.02;0.0;0;0;0;-267.71;0.01;0.01;0.0;0.0
2019;310;365;beauce_5_sa_028;BTH;;0.26;0.0;9.15;0.0;4.07;59.18;63.76;0.05;0.0;0;2.4;0;-102.83;0.05;0.01;0.0;0.26
2019;213;283;beauce_5_sa_029;solnu;;0.0;0.0;19.89;0.0;0.0;35.0;54.87;0.01;0.0;0;0;0;-220.68;0.0;0.01;0.0;0.0
2019;284;365;beauce_5_sa_029;BTH;;0.25;0.0;13.2;0.0;21.94;54.95;45.84;0.05;0.0;0;12.91;0;-148.92;0.04;0.01;0.0;0.25
2019;213;269;beauce_5_sa_030;solnu;;0.0;0.0;17.93;0.0;0.0;35.0;52.92;0.01;0.0;0;0;0;-198.67;0.0;0.01;0.0;0.0
2019;270;365;beauce_5_sa_030;BTH;;0.33;0.0;15.24;0.0;38.15;53.13;29.65;0.03;0.0;0;22.45;0;-171.84;0.02;0.01;0.0;0.33
2019;213;295;beauce_5_sa_031;solnu;;0.0;0.0;21.55;0.0;0.0;35.0;56.53;0.01;0.0;0;0;0;-239.54;0.0;0.01;0.0;0.0
2019;296;365;beauce_5_sa_031;BTH;;0.24;0.0;11.6;0.0;8.32;56.71;59.51;0.06;0.0;0;4.89;0;-130.66;0.05;0.01;0.0;0.24
2019;213;299;beauce_5_sa_032;solnu;;0.0;0.0;22.26;0.0;0.0;35.0;57.25;0.01;0.0;0;0;0;-247.88;0.0;0.01;0.0;0.0
2019;300;365;beauce_5_sa_032;BTH;;0.27;0.0;10.91;0.0;6.08;57.44;61.76;0.06;0.0;0;3.58;0;-122.66;0.05;0.01;0.0;0.27
2019;213;276;beauce_5_sa_033;solnu;;0.0;0.0;19.06;0.0;0.0;35.0;54.05;0.01;0.0;0;0;0;-212.63;0.0;0.01;0.0;0.0
2019;277;365;beauce_5_sa_033;BTH;;0.27;0.0;14.09;0.0;27.8;54.24;40.03;0.04;0.0;0;16.36;0;-157.67;0.03;0.01;0.0;0.27
2019;213;283;beauce_5_sa_034;solnu;;0.0;0.0;19.94;0.0;0.0;35.0;54.93;0.01;0.0;0;0;0;-221.26;0.0;0.01;0.0;0.0
2019;284;365;beauce_5_sa_034;BTH;;0.27;1.06;13.24;0.0;22.61;55.01;45.24;0.05;0.0;0;13.31;0;-149.32;0.04;0.01;1.06;0.27
2019;213;267;beauce_5_sa_035;solnu;;0.0;0.0;17.53;0.0;0.0;35.0;52.52;0.01;0.0;0;0;0;-192.52;0.0;0.01;0.0;0.0
2019;268;365;beauce_5_sa_035;BTH;;0.33;0.0;15.71;0.0;40.06;52.76;27.81;0.03;0.0;0;23.57;0;-178.82;0.02;0.01;0.0;0.33
2019;213;263;beauce_5_sa_036;solnu;;0.0;0.0;16.78;0.0;0.0;35.0;51.77;0.01;0.0;0;0;0;-184.51;0.0;0.01;0.0;0.0
2019;264;365;beauce_5_sa_036;BTH;;0.33;1.04;16.63;0.0;46.86;51.91;21.2;0.02;0.0;0;27.57;0;-188.66;0.01;0.01;1.04;0.33
2019;213;296;beauce_5_sa_037;solnu;;0.0;0.0;21.75;0.0;0.0;35.0;56.73;0.01;0.0;0;0;0;-241.55;0.0;0.01;0.0;0.0
2019;297;365;beauce_5_sa_037;BTH;;0.27;0.0;11.43;0.0;7.6;56.97;60.24;0.06;0.0;0;4.47;0;-129.0;0.05;0.01;0.0;0.27
2019;213;267;beauce_5_sa_038;solnu;;0.0;0.0;17.47;0.0;0.0;35.0;52.46;0.01;0.0;0;0;0;-191.94;0.0;0.01;0.0;0.0
2019;268;365;beauce_5_sa_038;BTH;;0.31;0.0;15.62;0.0;39.0;52.7;28.74;0.03;0.0;0;22.95;0;-177.71;0.02;0.01;0.0;0.31
2019;213;275;beauce_5_sa_039;solnu;;0.0;0.0;18.96;0.0;0.0;35.0;53.95;0.01;0.0;0;0;0;-210.73;0.0;0.01;0.0;0.0
2019;276;365;beauce_5_sa_039;BTH;;0.27;0.0;14.15;0.0;28.65;54.02;39.14;0.04;0.0;0;16.86;0;-159.09;0.03;0.01;0.0;0.27
2019;213;261;beauce_5_sa_040;solnu;;0.0;0.0;16.12;0.0;0.0;35.0;51.11;0.01;0.0;0;0;0;-178.33;0.0;0.01;0.0;0.0
2019;262;365;beauce_5_sa_040;BTH;;0.32;0.0;17.04;0.0;50.56;51.3;17.26;0.01;0.0;0;29.75;0;-192.05;0.0;0.01;0.0;0.32
2019;213;290;beauce_5_sa_041;solnu;;0.0;0.0;20.66;0.0;0.0;35.0;55.64;0.01;0.0;0;0;0;-230.28;0.0;0.01;0.0;0.0
2019;291;365;beauce_5_sa_041;BTH;;0.27;0.0;12.52;0.0;13.52;55.82;54.31;0.06;0.0;0;7.96;0;-140.34;0.05;0.01;0.0;0.27
2019;213;296;beauce_5_sa_042;solnu;;0.0;0.0;21.74;0.0;0.0;35.0;56.73;0.01;0.0;0;0;0;-241.49;0.0;0.01;0.0;0.0
2019;297;365;beauce_5_sa_042;BTH;;0.25;0.0;11.42;0.0;7.6;56.96;60.24;0.06;0.0;0;4.47;0;-128.93;0.05;0.01;0.0;0.25
2019;213;283;beauce_5_sa_043;solnu;;0.0;0.0;19.94;0.0;0.0;35.0;54.93;0.01;0.0;0;0;0;-221.26;0.0;0.01;0.0;0.0
2019;284;365;beauce_5_sa_043;BTH;;0.27;0.0;13.24;0.0;22.61;55.01;45.24;0.05;0.0;0;13.31;0;-149.32;0.04;0.01;0.0;0.27
2019;213;301;beauce_5_sa_044;solnu;;0.0;0.0;22.61;0.0;0.0;35.0;57.59;0.01;0.0;0;0;0;-251.26;0.0;0.01;0.0;0.0
2019;302;365;beauce_5_sa_044;BTH;;0.25;0.0;10.55;0.0;5.47;57.73;62.37;0.06;0.0;0;3.22;0;-119.06;0.05;0.01;0.0;0.25
2019;213;303;beauce_5_sa_045;solnu;;0.0;0.0;22.91;0.0;0.0;35.0;57.9;0.01;0.0;0;0;0;-254.89;0.0;0.01;0.0;0.0
2019;304;365;beauce_5_sa_045;BTH;;0.26;0.0;10.26;0.0;4.92;58.07;62.92;0.06;0.0;0;2.9;0;-115.65;0.05;0.01;0.0;0.26
2019;213;284;beauce_5_sa_046;solnu;;0.0;0.0;20.02;0.0;0.0;35.0;55.01;0.01;0.0;0;0;0;-223.34;0.0;0.01;0.0;0.0
2019;285;365;beauce_5_sa_046;BTH;;0.27;0.0;13.16;0.0;21.42;55.1;46.42;0.05;0.0;0;12.61;0;-147.26;0.04;0.01;0.0;0.27
2019;213;289;beauce_5_sa_047;solnu;;0.0;0.0;20.56;0.0;0.0;35.0;55.55;0.01;0.0;0;0;0;-229.21;0.0;0.01;0.0;0.0
2019;290;365;beauce_5_sa_047;BTH;;0.27;0.0;12.62;0.0;15.47;55.64;52.37;0.05;0.0;0;9.11;0;-141.4;0.05;0.01;0.0;0.27
2019;213;262;beauce_5_sa_048;solnu;;0.0;0.0;16.32;0.0;0.0;35.0;51.31;0.01;0.0;0;0;0;-180.61;0.0;0.01;0.0;0.0
2019;263;365;beauce_5_sa_048;BTH;;0.32;0.0;16.84;0.0;47.74;51.61;20.07;0.02;0.0;0;28.09;0;-189.74;0.01;0.01;0.0;0.32
2019;213;275;beauce_5_sa_049;solnu;;0.0;0.0;18.98;0.0;0.0;35.0;53.97;0.01;0.0;0;0;0;-211.0;0.0;0.01;0.0;0.0
2019;276;365;beauce_5_sa_049;BTH;;0.27;0.0;14.17;0.0;28.86;54.05;38.97;0.04;0.0;0;16.98;0;-159.25;0.03;0.01;0.0;0.27
2019;213;291;beauce_5_sa_050;solnu;;0.0;0.0;20.83;0.0;0.0;35.0;55.82;0.01;0.0;0;0;0;-231.36;0.0;0.01;0.0;0.0
2019;292;365;beauce_5_sa_050;BTH;;0.28;0.15;12.34;0.0;12.39;56.06;66.87;0.06;0.0;0;7.29;0;-139.19;0.05;0.01;0.15;0.28
2019;213;295;beauce_5_sa_051;solnu;;0.0;0.0;21.56;0.0;0.0;35.0;56.55;0.01;0.0;0;0;0;-239.73;0.0;0.01;0.0;0.0
2019;296;365;beauce_5_sa_051;BTH;;0.26;0.0;11.6;0.0;8.32;56.73;59.52;0.06;0.0;0;4.89;0;-130.74;0.05;0.01;0.0;0.26
2019;213;308;beauce_5_sa_052;solnu;;0.0;0.0;23.9;0.0;0.0;35.0;58.88;0.02;0.0;0;0;0;-266.03;0.01;0.01;0.0;0.0
2019;309;365;beauce_5_sa_052;BTH;;0.26;0.0;9.27;0.0;4.25;58.99;63.58;0.05;0.0;0;2.5;0;-104.46;0.05;0.01;0.0;0.26
2019;213;300;beauce_5_sa_053;solnu;;0.0;0.0;22.45;0.0;0.0;35.0;57.43;0.01;0.0;0;0;0;-249.31;0.0;0.01;0.0;0.0
2019;301;365;beauce_5_sa_053;BTH;;0.26;0.0;10.72;0.0;5.61;57.61;62.23;0.06;0.0;0;3.3;0;-121.18;0.05;0.01;0.0;0.26
2019;213;262;beauce_5_sa_054;solnu;;0.0;0.0;16.39;0.0;0.0;35.0;51.38;0.01;0.0;0;0;0;-181.47;0.0;0.01;0.0;0.0
2019;263;365;beauce_5_sa_054;BTH;;0.32;0.0;16.88;0.0;47.56;51.69;20.36;0.02;0.0;0;27.99;0;-190.17;0.01;0.01;0.0;0.32
2019;213;300;beauce_5_sa_055;solnu;;0.0;0.0;22.45;0.0;0.0;35.0;57.44;0.01;0.0;0;0;0;-249.38;0.0;0.01;0.0;0.0
2019;301;365;beauce_5_sa_055;BTH;;0.27;0.0;10.72;0.0;5.61;57.61;62.23;0.06;0.0;0;3.3;0;-121.21;0.05;0.01;0.0;0.27
2019;213;311;beauce_5_sa_056;solnu;;0.0;0.0;24.47;0.0;0.0;35.0;59.45;0.03;0.0;0;0;0;-271.09;0.01;0.01;0.0;0.0
2019;312;365;beauce_5_sa_056;BTH;;0.27;0.0;8.7;0.0;3.51;59.67;64.32;0.05;0.0;0;2.07;0;-99.46;0.04;0.01;0.0;0.27
2019;213;310;beauce_5_sa_057;solnu;;0.0;0.0;24.2;0.0;0.0;35.0;59.18;0.02;0.0;0;0;0;-269.02;0.01;0.01;0.0;0.0
2019;311;365;beauce_5_sa_057;BTH;;0.27;0.0;8.97;0.0;3.78;59.45;64.05;0.05;0.0;0;2.23;0;-101.53;0.05;0.01;0.0;0.27
2019;213;268;beauce_5_sa_058;solnu;;0.0;0.0;17.73;0.0;0.0;35.0;52.72;0.01;0.0;0;0;0;-195.91;0.0;0.01;0.0;0.0
2019;269;365;beauce_5_sa_058;BTH;;0.33;0.87;15.45;0.0;40.84;52.91;91.79;0.04;0.0;0;24.03;0;-174.68;0.03;0.01;0.87;0.33
2019;213;304;beauce_5_sa_059;solnu;;0.0;0.0;23.08;0.0;0.0;35.0;58.06;0.01;0.0;0;0;0;-256.56;0.0;0.01;0.0;0.0
2019;305;365;beauce_5_sa_059;BTH;;0.25;0.0;10.09;0.0;4.92;58.2;62.92;0.06;0.0;0;2.9;0;-113.89;0.05;0.01;0.0;0.25
2019;213;311;beauce_5_sa_060;solnu;;0.0;0.0;24.47;0.0;0.0;35.0;59.44;0.03;0.0;0;0;0;-271.07;0.01;0.01;0.0;0.0
2019;312;365;beauce_5_sa_060;BTH;;0.26;0.47;8.7;0.0;3.51;59.67;99.65;0.06;0.0;0;2.07;0;-99.46;0.05;0.01;0.47;0.26
2019;213;297;beauce_5_sa_061;solnu;;0.0;0.0;21.94;0.0;0.0;35.0;56.93;0.01;0.0;0;0;0;-243.15;0.0;0.01;0.0;0.0
2019;298;365;beauce_5_sa_061;BTH;;0.23;0.0;11.18;0.0;7.14;57.08;60.68;0.06;0.0;0;4.2;0;-126.82;0.05;0.01;0.0;0.23
2019;213;287;beauce_5_sa_062;solnu;;0.0;0.0;20.36;0.0;0.0;35.0;55.34;0.01;0.0;0;0;0;-227.11;0.0;0.01;0.0;0.0
2019;288;365;beauce_5_sa_062;BTH;;0.32;0.57;12.82;0.0;18.59;55.45;91.63;0.07;0.0;0;10.94;0;-143.46;0.06;0.01;0.57;0.32
2019;213;267;beauce_5_sa_063;solnu;;0.0;0.0;17.49;0.0;0.0;35.0;52.48;0.01;0.0;0;0;0;-192.1;0.0;0.01;0.0;0.0
2019;268;365;beauce_5_sa_063;BTH;;0.32;0.41;15.68;0.0;42.04;52.72;56.17;0.03;0.0;0;24.74;0;-178.47;0.02;0.01;0.41;0.32
2019;213;287;beauce_5_sa_064;solnu;;0.0;0.0;20.33;0.0;0.0;35.0;55.32;0.01;0.0;0;0;0;-226.86;0.0;0.01;0.0;0.0
2019;288;365;beauce_5_sa_064;BTH;;0.24;0.0;12.79;0.0;18.34;55.43;49.48;0.05;0.0;0;10.79;0;-143.12;0.04;0.01;0.0;0.24
2019;213;287;beauce_5_sa_065;solnu;;0.0;0.0;20.33;0.0;0.0;35.0;55.32;0.01;0.0;0;0;0;-226.86;0.0;0.01;0.0;0.0
2019;288;365;beauce_5_sa_065;BTH;;0.24;0.0;12.79;0.0;18.34;55.43;49.48;0.05;0.0;0;10.79;0;-143.12;0.04;0.01;0.0;0.24
2019;213;304;beauce_5_sa_066;solnu;;0.0;0.0;23.09;0.0;0.0;35.0;58.07;0.01;0.0;0;0;0;-256.64;0.0;0.01;0.0;0.0
2019;305;365;beauce_5_sa_066;BTH;;0.26;0.0;10.09;0.0;4.92;58.2;62.92;0.06;0.0;0;2.9;0;-113.9;0.05;0.01;0.0;0.26
2019;213;263;beauce_5_sa_067;solnu;;0.0;0.0;16.6;0.0;0.0;35.0;51.59;0.01;0.0;0;0;0;-182.52;0.0;0.01;0.0;0.0
2019;264;365;beauce_5_sa_067;BTH;;0.32;0.0;16.51;0.0;45.41;51.73;22.35;0.02;0.0;0;26.72;0;-187.36;0.01;0.01;0.0;0.32
2019;213;270;beauce_5_sa_068;solnu;;0.0;0.0;18.13;0.0;0.0;35.0;53.12;0.01;0.0;0;0;0;-200.72;0.0;0.01;0.0;0.0
2019;271;365;beauce_5_sa_068;BTH;;0.34;0.0;15.05;0.0;37.3;53.33;30.5;0.03;0.0;0;21.95;0;-169.9;0.02;0.01;0.0;0.34
2019;213;274;beauce_5_sa_069;solnu;;0.0;0.0;18.82;0.0;0.0;35.0;53.81;0.01;0.0;0;0;0;-209.03;0.0;0.01;0.0;0.0
2019;275;365;beauce_5_sa_069;BTH;;0.26;0.0;14.29;0.0;29.62;53.95;38.17;0.04;0.0;0;17.43;0;-160.79;0.03;0.01;0.0;0.26
2019;213;309;beauce_5_sa_070;solnu;;0.0;0.0;24.02;0.0;0.0;35.0;59.0;0.02;0.0;0;0;0;-267.71;0.01;0.01;0.0;0.0
2019;310;365;beauce_5_sa_070;BTH;;0.27;0.0;9.16;0.0;4.07;59.18;63.76;0.05;0.0;0;2.4;0;-102.83;0.05;0.01;0.0;0.27
2019;213;306;beauce_5_sa_071;solnu;;0.0;0.0;23.39;0.0;0.0;35.0;58.38;0.02;0.0;0;0;0;-259.99;0.0;0.01;0.0;0.0
2019;307;365;beauce_5_sa_071;BTH;;0.26;0.0;9.78;0.0;4.5;58.73;63.33;0.06;0.0;0;2.65;0;-110.5;0.05;0.01;0.0;0.26
2019;213;291;beauce_5_sa_072;solnu;;0.0;0.0;20.8;0.0;0.0;35.0;55.79;0.01;0.0;0;0;0;-231.0;0.0;0.01;0.0;0.0
2019;292;365;beauce_5_sa_072;BTH;;0.23;0.0;12.32;0.0;12.38;56.02;55.43;0.06;0.0;0;7.29;0;-138.9;0.05;0.01;0.0;0.23
2019;213;262;beauce_5_sa_073;solnu;;0.0;0.0;16.31;0.0;0.0;35.0;51.3;0.01;0.0;0;0;0;-180.55;0.0;0.01;0.0;0.0
2019;263;365;beauce_5_sa_073;BTH;;0.32;0.0;16.83;0.0;47.35;51.61;20.44;0.02;0.0;0;27.86;0;-189.6;0.01;0.01;0.0;0.32
2019;213;308;beauce_5_sa_074;solnu;;0.0;0.0;23.9;0.0;0.0;35.0;58.88;0.02;0.0;0;0;0;-266.09;0.01;0.01;0.0;0.0
2019;309;365;beauce_5_sa_074;BTH;;0.27;0.0;9.27;0.0;4.25;59.0;63.58;0.05;0.0;0;2.5;0;-104.46;0.05;0.01;0.0;0.27
2019;213;316;beauce_5_sa_075;solnu;;0.0;0.0;25.56;0.0;0.0;35.0;60.53;0.03;0.0;0;0;0;-284.58;0.02;0.02;0.0;0.0
2019;317;365;beauce_5_sa_075;BTH;;0.27;0.0;7.61;0.0;2.32;60.88;65.51;0.04;0.0;0;1.37;0;-85.96;0.04;0.0;0.0;0.27
2019;213;304;beauce_5_sa_076;solnu;;0.0;0.0;23.08;0.0;0.0;35.0;58.07;0.01;0.0;0;0;0;-256.6;0.0;0.01;0.0;0.0
2019;305;365;beauce_5_sa_076;BTH;;0.26;0.0;10.09;0.0;4.92;58.2;62.92;0.06;0.0;0;2.9;0;-113.89;0.05;0.01;0.0;0.26
2019;213;309;beauce_5_sa_077;solnu;;0.0;0.0;24.02;0.0;0.0;35.0;59.0;0.02;0.0;0;0;0;-267.71;0.01;0.01;0.0;0.0
2019;310;365;beauce_5_sa_077;BTH;;0.3;0.39;9.16;0.0;4.07;59.18;93.03;0.06;0.0;0;2.4;0;-102.83;0.06;0.01;0.39;0.3
2019;213;266;beauce_5_sa_078;solnu;;0.0;0.0;17.15;0.0;0.0;35.0;52.14;0.01;0.0;0;0;0;-190.14;0.0;0.01;0.0;0.0
2019;267;365;beauce_5_sa_078;BTH;;0.32;0.0;16.02;0.0;43.19;52.48;24.63;0.02;0.0;0;25.41;0;-180.4;0.01;0.01;0.0;0.32
2019;213;269;beauce_5_sa_079;solnu;;0.0;0.0;17.94;0.0;0.0;35.0;52.93;0.01;0.0;0;0;0;-198.74;0.0;0.01;0.0;0.0
2019;270;365;beauce_5_sa_079;BTH;;0.35;0.0;15.35;0.0;39.57;53.14;28.32;0.03;0.0;0;23.29;0;-173.08;0.02;0.01;0.0;0.35
2019;213;281;beauce_5_sa_080;solnu;;0.0;0.0;19.68;0.0;0.0;35.0;54.67;0.01;0.0;0;0;0;-219.67;0.0;0.01;0.0;0.0
2019;282;365;beauce_5_sa_080;BTH;;0.27;0.0;13.5;0.0;24.27;54.74;43.58;0.05;0.0;0;14.28;0;-150.88;0.04;0.01;0.0;0.27
2019;213;300;beauce_5_sa_081;solnu;;0.0;0.0;22.45;0.0;0.0;35.0;57.44;0.01;0.0;0;0;0;-249.34;0.0;0.01;0.0;0.0
2019;301;365;beauce_5_sa_081;BTH;;0.27;0.0;10.72;0.0;5.61;57.61;62.23;0.06;0.0;0;3.3;0;-121.2;0.05;0.01;0.0;0.27
2019;213;304;beauce_5_sa_082;solnu;;0.0;0.0;23.06;0.0;0.0;35.0;58.04;0.01;0.0;0;0;0;-256.3;0.0;0.01;0.0;0.0
2019;305;365;beauce_5_sa_082;BTH;;0.24;0.0;10.09;0.0;4.92;58.17;62.91;0.06;0.0;0;2.9;0;-113.88;0.05;0.01;0.0;0.24
2019;213;285;beauce_5_sa_083;solnu;;0.0;0.0;20.11;0.0;0.0;35.0;55.1;0.01;0.0;0;0;0;-224.25;0.0;0.01;0.0;0.0
2019;286;365;beauce_5_sa_083;BTH;;0.27;0.0;13.06;0.0;20.49;55.27;47.36;0.05;0.0;0;12.06;0;-146.32;0.04;0.01;0.0;0.27
2019;213;260;beauce_5_sa_084;solnu;;0.0;0.0;15.93;0.0;0.0;35.0;50.92;0.01;0.0;0;0;0;-177.11;0.0;0.01;0.0;0.0
2019;261;365;beauce_5_sa_084;BTH;;0.33;0.0;17.38;0.0;51.15;51.12;16.81;0.01;0.0;0;30.1;0;-194.94;0.0;0.01;0.0;0.33
2019;213;264;beauce_5_sa_085;solnu;;0.0;0.0;16.76;0.0;0.0;35.0;51.75;0.01;0.0;0;0;0;-186.17;0.0;0.01;0.0;0.0
2019;265;365;beauce_5_sa_085;BTH;;0.32;0.0;16.41;0.0;45.6;51.97;22.22;0.02;0.0;0;26.83;0;-184.3;0.01;0.01;0.0;0.32
2019;213;263;beauce_5_sa_086;solnu;;0.0;0.0;16.62;0.0;0.0;35.0;51.61;0.01;0.0;0;0;0;-182.73;0.0;0.01;0.0;0.0
2019;264;365;beauce_5_sa_086;BTH;;0.32;0.0;16.56;0.0;47.01;51.75;20.82;0.02;0.0;0;27.66;0;-187.91;0.01;0.01;0.0;0.32
2019;213;300;beauce_5_sa_087;solnu;;0.0;0.0;22.45;0.0;0.0;35.0;57.43;0.01;0.0;0;0;0;-249.31;0.0;0.01;0.0;0.0
2019;301;365;beauce_5_sa_087;BTH;;0.26;0.0;10.72;0.0;5.61;57.61;62.23;0.06;0.0;0;3.3;0;-121.18;0.05;0.01;0.0;0.26
2019;213;314;beauce_5_sa_088;solnu;;0.0;0.0;25.19;0.0;0.0;35.0;60.16;0.03;0.0;0;0;0;-279.32;0.02;0.02;0.0;0.0
2019;315;365;beauce_5_sa_088;BTH;;0.27;0.0;7.98;0.0;2.83;60.38;65.0;0.04;0.0;0;1.66;0;-91.23;0.04;0.0;0.0;0.27
2019;213;316;beauce_5_sa_089;solnu;;0.0;0.0;25.55;0.0;0.0;35.0;60.52;0.03;0.0;0;0;0;-284.51;0.02;0.02;0.0;0.0
2019;317;365;beauce_5_sa_089;BTH;;0.32;1.25;7.61;0.0;2.32;60.87;159.18;0.06;0.0;0;1.37;0;-85.96;0.06;0.0;1.25;0.32
2019;213;294;beauce_5_sa_090;solnu;;0.0;0.0;21.41;0.0;0.0;35.0;56.39;0.01;0.0;0;0;0;-238.02;0.0;0.01;0.0;0.0
2019;295;365;beauce_5_sa_090;BTH;;0.32;0.72;11.77;0.0;8.74;56.55;113.3;0.08;0.0;0;5.14;0;-132.51;0.07;0.01;0.72;0.32
2019;213;314;beauce_5_sa_091;solnu;;0.0;0.0;25.19;0.0;0.0;35.0;60.16;0.03;0.0;0;0;0;-279.32;0.02;0.02;0.0;0.0
2019;315;365;beauce_5_sa_091;BTH;;0.31;0.52;7.98;0.0;2.83;60.38;103.93;0.06;0.0;0;1.66;0;-91.23;0.05;0.0;0.52;0.31
2019;213;301;beauce_5_sa_092;solnu;;0.0;0.0;22.62;0.0;0.0;35.0;57.61;0.01;0.0;0;0;0;-251.4;0.0;0.01;0.0;0.0
2019;302;365;beauce_5_sa_092;BTH;;0.26;0.0;10.55;0.0;5.47;57.74;62.37;0.06;0.0;0;3.22;0;-119.08;0.05;0.01;0.0;0.26
2019;213;285;beauce_5_sa_093;solnu;;0.0;0.0;20.11;0.0;0.0;35.0;55.1;0.01;0.0;0;0;0;-224.25;0.0;0.01;0.0;0.0
2019;286;365;beauce_5_sa_093;BTH;;0.26;0.0;13.06;0.0;20.39;55.27;47.46;0.05;0.0;0;12.0;0;-146.28;0.04;0.01;0.0;0.26
2019;213;280;beauce_5_sa_094;solnu;;0.0;0.0;19.61;0.0;0.0;35.0;54.6;0.01;0.0;0;0;0;-217.86;0.0;0.01;0.0;0.0
2019;281;365;beauce_5_sa_094;BTH;;0.27;0.0;13.57;0.0;25.45;54.67;42.4;0.04;0.0;0;14.98;0;-152.73;0.04;0.01;0.0;0.27
2019;213;301;beauce_5_sa_095;solnu;;0.0;0.0;22.62;0.0;0.0;35.0;57.61;0.01;0.0;0;0;0;-251.44;0.0;0.01;0.0;0.0
2019;302;365;beauce_5_sa_095;BTH;;0.26;0.0;10.55;0.0;5.47;57.74;62.37;0.06;0.0;0;3.22;0;-119.08;0.05;0.01;0.0;0.26
2019;213;311;beauce_5_sa_096;solnu;;0.0;0.0;24.47;0.0;0.0;35.0;59.45;0.03;0.0;0;0;0;-271.09;0.01;0.01;0.0;0.0
2019;312;365;beauce_5_sa_096;BTH;;0.27;0.0;8.7;0.0;3.51;59.67;64.32;0.05;0.0;0;2.07;0;-99.46;0.04;0.01;0.0;0.27
2019;213;312;beauce_5_sa_097;solnu;;0.0;0.0;24.7;0.0;0.0;35.0;59.67;0.03;0.0;0;0;0;-274.08;0.01;0.01;0.0;0.0
2019;313;365;beauce_5_sa_097;BTH;;0.35;0.97;8.48;0.0;3.33;59.91;137.14;0.07;0.0;0;1.96;0;-96.47;0.06;0.01;0.97;0.35
2019;213;295;beauce_5_sa_098;solnu;;0.0;0.0;21.57;0.0;0.0;35.0;56.55;0.01;0.0;0;0;0;-239.76;0.0;0.01;0.0;0.0
2019;296;365;beauce_5_sa_098;BTH;;0.27;0.0;11.61;0.0;8.32;56.73;59.52;0.06;0.0;0;4.89;0;-130.79;0.05;0.01;0.0;0.27
2019;213;259;beauce_5_sa_099;solnu;;0.0;0.0;15.81;0.0;0.0;35.0;50.8;0.01;0.0;0;0;0;-175.63;0.0;0.01;0.0;0.0
2019;260;365;beauce_5_sa_099;BTH;;0.32;1.0;17.33;0.0;51.18;50.91;91.69;0.03;0.0;0;30.12;0;-194.47;0.02;0.01;1.0;0.32
2020;1;177;beauce_5_sa_000;BTH;;2.4;1.16;40.26;0.0;115.74;37.53;11.5;0.07;0.0;0;85.94;0;-448.98;0.05;0.02;1.16;2.4
2020;178;276;beauce_5_sa_000;solnu;;0.0;0.0;46.71;-19.52;0.0;11.5;72.83;0.09;0.0;0;0;0;-437.8;0.07;0.02;0.0;0.0
2020;277;366;beauce_5_sa_000;BTH;;2.5;0.0;15.34;-64.51;1.5;73.31;20.59;0.01;0.0;0;0.88;0;-43.69;0.0;0.0;0.0;2.5
2020;1;182;beauce_5_sa_001;BTH;;1.63;1.04;43.44;0.0;72.54;23.57;70.72;0.06;0.0;0;68.72;0;-481.2;0.03;0.03;1.04;1.63
2020;183;266;beauce_5_sa_001;solnu;;0.14;0.0;43.28;-20.5;0.0;70.72;93.27;0.09;0.0;0;0;0;-412.05;0.07;0.02;0.0;0.14
2020;267;366;beauce_5_sa_001;BTH;;2.52;0.0;18.82;-84.28;7.5;93.71;17.76;0.02;0.0;0;4.41;0;-62.46;0.02;0.0;0.0;2.52
2020;1;187;beauce_5_sa_002;BTH;;3.03;0.0;45.59;0.0;76.54;49.26;15.22;0.05;0.0;0;55.98;0;-507.81;0.02;0.03;0.0;3.03
2020;188;288;beauce_5_sa_002;solnu;;0.69;0.0;45.65;-21.22;0.0;15.22;38.94;0.03;0.0;0;0;0;-440.92;0.02;0.02;0.0;0.69
2020;289;366;beauce_5_sa_002;BTH;;1.74;0.0;12.03;-39.22;0.0;39.14;15.36;0.0;0.0;0;0.0;0;-145.38;0.0;0.0;0.0;1.74
2020;1;230;beauce_5_sa_003;BTH;;3.55;0.58;62.98;0.0;130.71;62.91;35.06;0.09;0.0;0;79.81;0;-699.35;0.05;0.04;0.58;3.55
2020;231;304;beauce_5_sa_003;solnu;;0.48;0.0;30.24;-21.4;0.0;35.06;43.37;0.04;0.0;0;0;0;-287.13;0.03;0.01;0.0;0.48
2020;305;366;beauce_5_sa_003;BTH;;1.94;0.0;8.69;-33.15;0.0;43.59;21.54;0.0;0.0;0;0.0;0;-140.08;0.0;0.0;0.0;1.94
2020;1;175;beauce_5_sa_004;BTH;;1.92;1.54;39.92;0.0;161.0;31.63;22.25;0.09;0.0;0;116.05;0;-437.56;0.06;0.02;1.54;1.92
2020;176;272;beauce_5_sa_004;solnu;;0.0;0.0;45.63;-18.16;0.0;22.25;49.77;0.05;0.0;0;0;0;-423.2;0.03;0.02;0.0;0.0
2020;273;366;beauce_5_sa_004;BTH;;1.45;0.0;16.75;-51.27;0.0;50.18;15.45;0.02;0.0;0;0.0;0;-53.7;0.02;0.0;0.0;1.45
2020;1;181;beauce_5_sa_005;BTH;;4.33;0.0;41.38;0.0;112.92;65.01;25.16;0.08;0.0;0;68.11;0;-459.06;0.06;0.02;0.0;4.33
2020;182;315;beauce_5_sa_005;solnu;;1.31;0.0;53.11;-56.77;0.0;25.16;27.5;0.03;0.0;0;0;0;-579.74;0.02;0.02;0.0;1.31
2020;316;366;beauce_5_sa_005;BTH;;2.27;0.5;6.67;-7.59;0.0;27.61;25.36;0.0;0.0;0;0.0;0;-34.28;0.0;0.0;0.5;2.27
2020;1;186;beauce_5_sa_006;BTH;;4.32;1.2;43.63;0.0;164.62;63.33;27.6;0.1;0.0;0;99.52;0;-486.49;0.08;0.03;1.2;4.32
2020;187;307;beauce_5_sa_006;solnu;;0.0;0.0;46.13;-19.63;0.0;27.6;54.07;0.04;0.0;0;0;0;-431.21;0.02;0.02;0.0;0.0
2020;308;366;beauce_5_sa_006;BTH;;2.07;0.0;8.15;-36.69;0.0;54.32;29.6;0.0;0.0;0;0.0;0;-120.2;0.0;0.0;0.0;2.07
2020;1;203;beauce_5_sa_007;BTH;;3.62;1.86;50.98;0.0;114.72;65.0;137.12;0.06;0.0;0;69.17;0;-569.11;0.03;0.03;1.86;3.62
2020;204;315;beauce_5_sa_007;solnu;;2.04;0.0;44.82;-100.55;0.0;137.12;79.17;0.17;0.0;0;0;0;-396.96;0.16;0.02;0.0;2.04
2020;316;366;beauce_5_sa_007;BTH;;4.6;0.0;6.74;-12.21;1.92;78.38;67.15;0.02;0.0;0;1.13;0;9.01;0.02;0.0;0.0;4.6
2020;1;228;beauce_5_sa_008;BTH;;2.39;0.21;65.66;0.0;79.75;37.9;36.93;0.08;0.0;0;64.51;0;-730.2;0.04;0.04;0.21;2.39
2020;229;275;beauce_5_sa_008;solnu;;0.71;0.0;24.76;-54.39;0.0;36.93;13.94;0.02;0.0;0;0;0;-284.47;0.01;0.0;0.0;0.71
2020;276;366;beauce_5_sa_008;BTH;;1.51;0.0;15.44;-15.44;0.0;13.94;12.43;0.0;0.0;0;0.0;0;-11.08;0.0;0.0;0.0;1.51
2020;1;177;beauce_5_sa_009;BTH;;3.67;1.38;39.17;0.0;172.09;65.15;30.45;0.1;0.0;0;102.84;0;-437.41;0.08;0.02;1.38;3.67
2020;178;316;beauce_5_sa_009;solnu;;0.0;0.0;50.87;-57.36;0.0;30.45;26.55;0.05;0.0;0;0;0;-477.18;0.03;0.02;0.0;0.0
2020;317;366;beauce_5_sa_009;BTH;;1.74;0.0;6.61;-7.34;0.0;26.45;24.81;0.0;0.0;0;0.0;0;-15.84;0.0;0.0;0.0;1.74
2020;1;188;beauce_5_sa_010;BTH;;3.09;0.0;45.98;0.0;78.84;50.53;14.54;0.05;0.0;0;56.58;0;-511.23;0.03;0.03;0.0;3.09
2020;189;289;beauce_5_sa_010;solnu;;0.68;0.0;45.38;-21.38;0.0;14.54;37.82;0.03;0.0;0;0;0;-440.15;0.01;0.02;0.0;0.68
2020;290;366;beauce_5_sa_010;BTH;;1.72;0.0;11.84;-38.92;0.0;38.03;15.25;0.0;0.0;0;0.0;0;-163.33;0.0;0.0;0.0;1.72
2020;1;227;beauce_5_sa_011;BTH;;1.63;0.74;69.71;0.0;97.08;41.25;67.62;0.17;0.01;0;87.05;0;-772.09;0.13;0.04;0.74;1.63
2020;228;262;beauce_5_sa_011;solnu;;0.54;0.0;20.55;-21.03;0.0;67.62;66.55;0.05;0.0;0;0;0;-203.64;0.05;0.0;0.0;0.54
2020;263;366;beauce_5_sa_011;BTH;;3.28;0.32;19.97;-68.64;2.18;66.74;38.49;0.01;0.0;0;1.28;0;-38.57;0.01;0.0;0.32;3.28
2020;1;175;beauce_5_sa_012;BTH;;1.63;0.0;40.26;0.0;50.18;23.57;11.97;0.03;0.0;0;55.57;0;-440.25;0.01;0.02;0.0;1.63
2020;176;266;beauce_5_sa_012;solnu;;0.09;0.0;45.75;-20.87;0.0;11.97;36.73;0.04;0.0;0;0;0;-445.73;0.02;0.02;0.0;0.09
2020;267;366;beauce_5_sa_012;BTH;;1.17;0.0;18.73;-50.99;0.0;37.17;7.61;0.0;0.0;0;0.0;0;-136.85;0.0;0.0;0.0;1.17
2020;1;186;beauce_5_sa_013;BTH;;2.36;1.91;45.02;0.0;161.33;41.41;65.35;0.08;0.0;0;110.49;0;-501.28;0.05;0.03;1.91;2.36
2020;187;280;beauce_5_sa_013;solnu;;0.0;0.0;43.24;-18.71;0.0;65.35;89.77;0.1;0.0;0;0;0;-396.56;0.09;0.02;0.0;0.0
2020;281;366;beauce_5_sa_013;BTH;;2.28;0.0;14.16;-70.19;6.0;90.08;25.45;0.0;0.0;0;3.53;0;-28.8;0.0;0.0;0.0;2.28
2020;1;190;beauce_5_sa_014;BTH;;2.96;0.0;46.94;0.0;75.79;47.78;15.92;0.05;0.0;0;56.4;0;-522.77;0.02;0.03;0.0;2.96
2020;191;286;beauce_5_sa_014;solnu;;0.67;0.0;44.16;-49.07;0.0;15.92;13.06;0.02;0.0;0;0;0;-461.84;0.0;0.01;0.0;0.67
2020;287;366;beauce_5_sa_014;BTH;;1.37;0.0;12.39;-14.88;0.0;13.06;11.72;0.0;0.0;0;0.0;0;-68.59;0.0;0.0;0.0;1.37
2020;1;219;beauce_5_sa_015;BTH;;3.44;0.43;57.21;0.0;118.37;59.51;27.2;0.08;0.0;0;74.55;0;-636.77;0.05;0.03;0.43;3.44
2020;220;296;beauce_5_sa_015;solnu;;0.25;0.0;34.72;-53.35;0.0;27.2;16.19;0.02;0.0;0;0;0;-402.45;0.01;0.01;0.0;0.25
2020;297;366;beauce_5_sa_015;BTH;;1.34;0.0;10.34;-12.09;0.0;16.19;15.01;0.0;0.0;0;0.0;0;-38.6;0.0;0.0;0.0;1.34
2020;1;201;beauce_5_sa_016;BTH;;1.55;3.09;53.91;0.0;68.87;21.59;236.31;0.09;0.0;0;67.73;0;-601.62;0.06;0.03;3.09;1.55
2020;202;264;beauce_5_sa_016;solnu;;0.58;0.0;34.1;-91.09;0.0;236.31;178.59;0.15;0.0;0;0;0;-311.7;0.14;0.01;0.0;0.58
2020;265;366;beauce_5_sa_016;BTH;;9.11;0.0;19.68;-9.53;56.97;175.62;122.51;0.15;0.0;0;33.52;0;2.75;0.13;0.02;0.0;9.11
2020;1;186;beauce_5_sa_017;BTH;;1.51;0.0;47.01;0.0;45.86;20.49;20.1;0.03;0.0;0;54.83;0;-522.95;0.01;0.03;0.0;1.51
2020;187;263;beauce_5_sa_017;solnu;;0.14;0.0;39.9;-50.54;0.0;20.1;9.28;0.04;0.0;0;0;0;-379.51;0.02;0.01;0.0;0.14
2020;264;366;beauce_5_sa_017;BTH;;1.19;0.0;19.9;-23.01;0.0;8.73;7.65;0.0;0.0;0;0.0;0;-107.26;0.0;0.0;0.0;1.19
2020;1;213;beauce_5_sa_018;BTH;;3.52;0.68;53.9;0.0;139.9;61.76;23.19;0.07;0.0;0;85.9;0;-599.29;0.04;0.03;0.68;3.52
2020;214;300;beauce_5_sa_018;solnu;;0.24;0.0;38.43;-20.34;0.0;23.19;41.0;0.03;0.0;0;0;0;-359.35;0.02;0.01;0.0;0.24
2020;301;366;beauce_5_sa_018;BTH;;1.69;0.0;9.53;-38.11;0.0;41.22;18.75;0.0;0.0;0;0.0;0;-141.04;0.0;0.0;0.0;1.69
2020;1;180;beauce_5_sa_019;BTH;;1.9;0.71;41.91;0.0;113.34;31.63;11.75;0.05;0.0;0;88.0;0;-464.85;0.02;0.03;0.71;1.9
2020;181;272;beauce_5_sa_019;solnu;;0.0;0.0;45.17;-20.27;0.0;11.75;36.62;0.03;0.0;0;0;0;-428.51;0.01;0.02;0.0;0.0
2020;273;366;beauce_5_sa_019;BTH;;1.47;0.0;16.65;-44.63;0.0;37.03;12.73;0.01;0.0;0;0.0;0;-161.7;0.01;0.0;0.0;1.47
2020;1;213;beauce_5_sa_020;BTH;;3.6;1.17;51.57;0.0;175.57;63.76;23.48;0.1;0.0;0;105.71;0;-573.45;0.07;0.03;1.17;3.6
2020;214;310;beauce_5_sa_020;solnu;;0.0;0.0;39.95;-19.31;0.0;23.48;44.08;0.04;0.0;0;0;0;-365.6;0.02;0.02;0.0;0.0
2020;311;366;beauce_5_sa_020;BTH;;1.09;0.0;7.56;-35.04;0.0;44.4;20.56;0.0;0.0;0;0.0;0;-98.02;0.0;0.0;0.0;1.09
2020;1;186;beauce_5_sa_021;BTH;;2.01;2.21;45.85;0.0;169.13;35.48;75.59;0.1;0.0;0;118.58;0;-510.16;0.07;0.03;2.21;2.01
2020;187;273;beauce_5_sa_021;solnu;;0.0;0.0;42.61;-100.74;0.0;75.59;17.39;0.07;0.0;0;0;0;-283.53;0.06;0.01;0.0;0.0
2020;274;366;beauce_5_sa_021;BTH;;1.67;0.0;16.58;-3.78;5.54;17.4;22.97;0.01;0.0;0;3.26;0;51.09;0.0;0.01;0.0;1.67
2020;1;198;beauce_5_sa_022;BTH;;3.57;2.53;48.82;0.0;148.82;62.91;148.43;0.09;0.0;0;90.47;0;-544.26;0.06;0.03;2.53;3.57
2020;199;304;beauce_5_sa_022;solnu;;0.58;0.0;43.22;-19.49;0.0;148.43;171.41;0.17;0.0;0;0;0;-400.45;0.15;0.02;0.0;0.58
2020;305;366;beauce_5_sa_022;BTH;;5.19;0.0;8.76;-96.32;4.02;171.64;74.59;0.04;0.0;0;2.36;0;-4.19;0.04;0.0;0.0;5.19
2020;1;205;beauce_5_sa_023;BTH;;4.23;0.76;51.83;0.0;132.86;85.5;56.7;0.09;0.0;0;81.76;0;-577.09;0.05;0.03;0.76;4.23
2020;206;300;beauce_5_sa_023;solnu;;1.41;0.0;41.35;-20.09;0.0;56.7;76.45;0.1;0.0;0;0;0;-386.48;0.08;0.02;0.0;1.41
2020;301;366;beauce_5_sa_023;BTH;;2.8;0.32;9.56;-74.41;2.14;76.67;31.72;0.01;0.0;0;1.26;0;-47.34;0.01;0.0;0.32;2.8
2020;1;227;beauce_5_sa_024;BTH;;3.55;2.41;62.01;0.0;134.94;63.04;166.74;0.12;0.0;0;82.22;0;-686.13;0.08;0.04;2.41;3.55
2020;228;306;beauce_5_sa_024;solnu;;2.2;0.0;32.38;-21.12;0.0;166.74;175.62;0.18;0.0;0;0;0;-308.0;0.17;0.01;0.0;2.2
2020;307;366;beauce_5_sa_024;BTH;;5.47;0.0;8.32;-93.29;3.49;175.83;81.64;0.05;0.0;0;2.06;0;-32.18;0.05;0.0;0.0;5.47
2020;1;225;beauce_5_sa_025;BTH;;3.31;0.46;63.62;0.0;130.92;76.17;39.9;0.1;0.0;0;94.16;0;-708.66;0.06;0.04;0.46;3.31
2020;226;276;beauce_5_sa_025;solnu;;0.68;0.0;26.97;-52.31;0.0;39.9;20.27;0.02;0.0;0;0;0;-281.32;0.01;0.0;0.0;0.68
2020;277;366;beauce_5_sa_025;BTH;;2.62;0.5;15.21;-15.87;4.61;20.29;49.85;0.04;0.0;0;2.71;0;21.76;0.03;0.0;0.5;2.62
2020;1;200;beauce_5_sa_026;BTH;;1.45;0.0;53.97;0.0;43.48;17.95;26.95;0.04;0.0;0;54.97;0;-600.21;0.0;0.03;0.0;1.45
2020;201;262;beauce_5_sa_026;solnu;;0.18;0.0;33.88;-54.88;0.0;26.95;8.97;0.03;0.0;0;0;0;-351.41;0.02;0.01;0.0;0.18
2020;263;366;beauce_5_sa_026;BTH;;1.24;0.0;20.16;-20.79;0.0;8.97;7.87;0.0;0.0;0;0.0;0;-62.77;0.0;0.0;0.0;1.24
2020;1;195;beauce_5_sa_027;BTH;;3.37;2.19;45.41;0.0;215.06;60.24;51.03;0.11;0.0;0;131.02;0;-506.22;0.08;0.03;2.19;3.37
2020;196;297;beauce_5_sa_027;solnu;;0.0;0.0;40.02;-18.03;0.0;51.03;72.93;0.08;0.0;0;0;0;-358.2;0.07;0.02;0.0;0.0
2020;298;366;beauce_5_sa_027;BTH;;0.58;0.0;10.29;-53.76;0.0;73.21;28.88;0.0;0.0;0;0.0;0;-40.77;0.0;0.0;0.0;0.58
2020;1;172;beauce_5_sa_028;BTH;;3.59;2.14;37.23;0.0;168.19;63.76;87.61;0.11;0.0;0;101.37;0;-408.66;0.08;0.02;2.14;3.59
2020;173;310;beauce_5_sa_028;solnu;;0.0;0.0;54.23;-98.57;0.0;87.61;43.33;0.13;0.0;0;0;0;-474.02;0.1;0.02;0.0;0.0
2020;311;366;beauce_5_sa_028;BTH;;3.55;0.0;7.63;-7.77;0.0;43.17;39.63;0.0;0.0;0;0.0;0;16.41;0.0;0.0;0.0;3.55
2020;1;226;beauce_5_sa_029;BTH;;2.87;0.0;62.79;0.0;74.34;45.84;31.35;0.07;0.0;0;56.66;0;-697.62;0.03;0.04;0.0;2.87
2020;227;284;beauce_5_sa_029;solnu;;0.77;0.0;28.68;-53.52;0.0;31.35;13.62;0.01;0.0;0;0;0;-321.65;0.01;0.0;0.0;0.77
2020;285;366;beauce_5_sa_029;BTH;;1.42;0.0;12.88;-12.83;0.0;13.51;12.25;0.0;0.0;0;0.0;0;-12.34;0.0;0.0;0.0;1.42
2020;1;204;beauce_5_sa_030;BTH;;1.93;0.0;53.85;0.0;57.71;29.65;23.81;0.04;0.0;0;56.41;0;-599.29;0.01;0.03;0.0;1.93
2020;205;270;beauce_5_sa_030;solnu;;0.17;0.0;34.79;-56.79;0.0;23.81;9.94;0.01;0.0;0;0;0;-385.95;0.01;0.0;0.0;0.17
2020;271;366;beauce_5_sa_030;BTH;;1.33;0.0;17.32;-16.51;0.0;9.97;9.42;0.0;0.0;0;0.0;0;-21.56;0.0;0.0;0.0;1.33
2020;1;174;beauce_5_sa_031;BTH;;3.43;3.02;38.4;0.0;84.52;59.51;234.46;0.07;0.0;0;54.63;0;-424.13;0.05;0.02;3.02;3.43
2020;175;296;beauce_5_sa_031;solnu;;3.37;0.0;53.9;-107.38;0.0;234.46;178.29;0.2;0.0;0;0;0;-445.44;0.18;0.02;0.0;3.37
2020;297;366;beauce_5_sa_031;BTH;;7.39;0.0;10.53;10.1;7.33;178.51;184.09;0.11;0.0;0;4.31;0;-0.06;0.1;0.01;0.0;7.39
2020;1;192;beauce_5_sa_032;BTH;;3.72;1.07;47.17;0.0;127.6;61.76;56.18;0.08;0.0;0;78.66;0;-525.37;0.05;0.03;1.07;3.72
2020;193;300;beauce_5_sa_032;solnu;;1.38;0.0;45.8;-19.56;0.0;56.18;81.07;0.11;0.0;0;0;0;-428.56;0.09;0.02;0.0;1.38
2020;301;366;beauce_5_sa_032;BTH;;2.69;0.0;9.56;-58.74;0.0;81.3;29.99;0.0;0.0;0;0.0;0;-53.87;0.0;0.0;0.0;2.69
2020;1;182;beauce_5_sa_033;BTH;;2.54;0.57;42.67;0.0;66.87;40.03;55.78;0.04;0.0;0;55.71;0;-473.12;0.02;0.03;0.57;2.54
2020;183;277;beauce_5_sa_033;solnu;;0.66;0.0;46.26;-81.18;0.0;55.78;20.11;0.08;0.0;0;0;0;-432.74;0.07;0.02;0.0;0.66
2020;278;366;beauce_5_sa_033;BTH;;2.07;0.0;14.93;-15.86;0.0;19.66;17.1;0.0;0.0;0;0.0;0;-13.04;0.0;0.0;0.0;2.07
2020;1;189;beauce_5_sa_034;BTH;;3.86;0.44;45.67;0.0;173.08;45.24;26.15;0.12;0.0;0;115.15;0;-507.34;0.09;0.03;0.44;3.86
2020;190;284;beauce_5_sa_034;solnu;;0.0;0.0;42.28;-19.28;0.0;26.15;49.12;0.03;0.0;0;0;0;-389.89;0.02;0.02;0.0;0.0
2020;285;366;beauce_5_sa_034;BTH;;1.85;1.06;12.97;-38.46;0.0;49.54;25.19;0.0;0.0;0;0.0;0;-127.61;0.0;0.0;1.06;1.85
2020;1;185;beauce_5_sa_035;BTH;;1.75;0.31;46.28;0.0;78.27;27.81;17.02;0.05;0.0;0;69.63;0;-514.43;0.02;0.03;0.31;1.75
2020;186;268;beauce_5_sa_035;solnu;;0.01;0.0;41.69;-59.24;0.0;17.02;9.93;0.02;0.0;0;0;0;-460.83;0.01;0.01;0.0;0.01
2020;269;366;beauce_5_sa_035;BTH;;1.34;0.0;18.15;-17.54;0.0;9.93;9.22;0.0;0.0;0;0.0;0;1.51;0.0;0.0;0.0;1.34
2020;1;198;beauce_5_sa_036;BTH;;1.63;0.79;54.72;0.0;157.99;21.2;53.41;0.16;0.0;0;120.54;0;-608.02;0.13;0.03;0.79;1.63
2020;199;264;beauce_5_sa_036;solnu;;0.01;0.0;36.49;-80.46;0.0;53.41;11.1;0.0;0.0;0;0;0;-158.74;0.0;0.0;0.0;0.01
2020;265;366;beauce_5_sa_036;BTH;;1.5;1.04;19.73;2.59;14.08;11.14;17.82;0.02;0.0;0;8.28;0;44.17;0.01;0.01;1.04;1.5
2020;1;217;beauce_5_sa_037;BTH;;3.47;0.0;57.14;0.0;87.67;60.24;26.18;0.06;0.0;0;56.06;0;-634.77;0.03;0.03;0.0;3.47
2020;218;297;beauce_5_sa_037;solnu;;1.18;0.0;35.86;-21.57;0.0;26.18;39.25;0.04;0.0;0;0;0;-343.58;0.02;0.01;0.0;1.18
2020;298;366;beauce_5_sa_037;BTH;;1.61;0.0;10.17;-35.52;0.0;39.52;17.96;0.0;0.0;0;0.0;0;-138.06;0.0;0.0;0.0;1.61
2020;1;213;beauce_5_sa_038;BTH;;1.83;1.99;58.3;0.0;80.08;28.74;153.86;0.08;0.0;0;70.07;0;-647.59;0.05;0.03;1.99;1.83
2020;214;268;beauce_5_sa_038;solnu;;0.38;0.0;30.57;-118.25;0.0;153.86;65.68;0.12;0.0;0;0;0;-206.22;0.12;0.0;0.0;0.38
2020;269;366;beauce_5_sa_038;BTH;;4.96;0.0;18.45;20.83;50.5;66.23;49.42;0.07;0.0;0;29.72;0;13.09;0.05;0.02;0.0;4.96
2020;1;230;beauce_5_sa_039;BTH;;2.46;1.35;67.24;0.0;133.42;39.14;71.27;0.17;0.0;0;95.37;0;-747.08;0.13;0.04;1.35;2.46
2020;231;276;beauce_5_sa_039;solnu;;0.83;0.0;23.87;-72.34;0.0;71.27;24.27;0.04;0.0;0;0;0;-167.81;0.04;0.0;0.0;0.83
2020;277;366;beauce_5_sa_039;BTH;;2.64;0.0;15.31;-15.17;0.0;24.42;21.78;0.0;0.0;0;0.0;0;30.36;0.0;0.0;0.0;2.64
2020;1;198;beauce_5_sa_040;BTH;;1.44;1.31;53.1;0.0;42.87;17.26;123.81;0.03;0.0;0;54.97;0;-590.73;0.0;0.03;1.31;1.44
2020;199;262;beauce_5_sa_040;solnu;;0.25;0.0;34.82;-101.48;0.0;123.81;56.83;0.07;0.0;0;0;0;-163.66;0.06;0.01;0.0;0.25
2020;263;366;beauce_5_sa_040;BTH;;2.67;0.0;20.44;20.36;59.69;57.32;35.19;0.08;0.0;0;35.12;0;-54.86;0.05;0.02;0.0;2.67
2020;1;173;beauce_5_sa_041;BTH;;3.22;3.25;37.9;0.0;152.26;54.31;178.76;0.1;0.0;0;97.55;0;-422.24;0.08;0.02;3.25;3.22
2020;174;291;beauce_5_sa_041;solnu;;0.0;0.0;50.74;-18.27;0.0;178.76;211.22;0.16;0.0;0;0;0;-470.63;0.13;0.02;0.0;0.0
2020;292;366;beauce_5_sa_041;BTH;;6.45;0.0;11.62;-90.91;13.21;211.54;112.18;0.09;0.0;0;7.78;0;-42.14;0.09;0.0;0.0;6.45
2020;1;200;beauce_5_sa_042;BTH;;3.5;0.76;49.17;0.0;139.95;60.24;23.01;0.08;0.0;0;86.82;0;-547.92;0.05;0.03;0.76;3.5
2020;201;297;beauce_5_sa_042;solnu;;0.0;0.0;41.29;-45.55;0.0;23.01;21.67;0.03;0.0;0;0;0;-431.44;0.01;0.01;0.0;0.0
2020;298;366;beauce_5_sa_042;BTH;;1.79;0.0;10.17;-14.12;0.0;21.67;20.01;0.0;0.0;0;0.0;0;-82.44;0.0;0.0;0.0;1.79
2020;1;228;beauce_5_sa_043;BTH;;2.86;0.0;64.17;0.0;73.89;45.24;32.59;0.07;0.0;0;56.78;0;-713.5;0.03;0.04;0.0;2.86
2020;229;284;beauce_5_sa_043;solnu;;0.76;0.0;27.16;-22.19;0.0;32.59;36.77;0.04;0.0;0;0;0;-262.56;0.03;0.01;0.0;0.76
2020;285;366;beauce_5_sa_043;BTH;;1.73;0.0;12.88;-39.53;0.0;37.14;14.96;0.0;0.0;0;0.0;0;-150.7;0.0;0.0;0.0;1.73
2020;1;189;beauce_5_sa_044;BTH;;3.53;1.41;45.49;0.0;145.79;62.37;62.63;0.07;0.0;0;89.01;0;-505.69;0.04;0.03;1.41;3.53
2020;190;302;beauce_5_sa_044;solnu;;0.16;0.0;45.33;-81.59;0.0;62.63;26.37;0.07;0.0;0;0;0;-395.03;0.06;0.01;0.0;0.16
2020;303;366;beauce_5_sa_044;BTH;;2.17;0.0;9.19;-9.27;0.0;26.29;24.12;0.0;0.0;0;0.0;0;-7.11;0.0;0.0;0.0;2.17
2020;1;181;beauce_5_sa_045;BTH;;3.45;0.86;41.14;0.0;143.97;62.91;19.53;0.07;0.0;0;87.61;0;-456.66;0.04;0.02;0.86;3.45
2020;182;304;beauce_5_sa_045;solnu;;0.25;0.0;49.92;-51.09;0.0;19.53;22.61;0.04;0.0;0;0;0;-510.55;0.02;0.02;0.0;0.25
2020;305;366;beauce_5_sa_045;BTH;;1.87;0.0;8.71;-12.66;0.0;22.61;20.76;0.0;0.0;0;0.0;0;-67.3;0.0;0.0;0.0;1.87
2020;1;206;beauce_5_sa_046;BTH;;3.77;0.96;52.55;0.0;135.44;46.42;31.21;0.1;0.0;0;92.3;0;-584.13;0.07;0.03;0.96;3.77
2020;207;285;beauce_5_sa_046;solnu;;0.0;0.0;38.21;-20.2;0.0;31.21;49.19;0.03;0.0;0;0;0;-355.19;0.02;0.01;0.0;0.0
2020;286;366;beauce_5_sa_046;BTH;;2.31;0.0;12.55;-42.24;0.0;49.37;23.96;0.0;0.0;0;0.0;0;-128.38;0.0;0.0;0.0;2.31
2020;1;172;beauce_5_sa_047;BTH;;3.14;0.0;37.52;0.0;68.56;52.37;16.64;0.05;0.0;0;49.45;0;-410.96;0.03;0.02;0.0;3.14
2020;173;290;beauce_5_sa_047;solnu;;0.83;0.0;53.58;-20.4;0.0;16.64;49.08;0.05;0.0;0;0;0;-525.85;0.03;0.02;0.0;0.83
2020;291;366;beauce_5_sa_047;BTH;;2.25;0.0;11.69;-41.03;0.0;49.26;20.2;0.01;0.0;0;0.0;0;-117.72;0.01;0.0;0.0;2.25
2020;1;203;beauce_5_sa_048;BTH;;1.46;2.06;55.47;0.0;70.1;20.07;157.86;0.07;0.0;0;69.34;0;-618.28;0.03;0.03;2.06;1.46
2020;204;263;beauce_5_sa_048;solnu;;0.4;0.0;33.5;-21.59;0.0;157.86;169.23;0.15;0.0;0;0;0;-318.88;0.14;0.01;0.0;0.4
2020;264;366;beauce_5_sa_048;BTH;;5.72;0.0;19.85;-78.83;52.11;169.65;52.36;0.06;0.0;0;30.66;0;-73.64;0.05;0.01;0.0;5.72
2020;1;176;beauce_5_sa_049;BTH;;2.21;1.12;39.98;0.0;148.09;38.97;12.54;0.07;0.0;0;104.12;0;-445.95;0.04;0.02;1.12;2.21
2020;177;276;beauce_5_sa_049;solnu;;0.0;0.0;46.16;-49.75;0.0;12.54;12.51;0.02;0.0;0;0;0;-460.88;0.01;0.02;0.0;0.0
2020;277;366;beauce_5_sa_049;BTH;;1.04;0.0;15.31;-16.03;0.0;12.96;11.26;0.0;0.0;0;0.0;0;-14.27;0.0;0.0;0.0;1.04
2020;1;201;beauce_5_sa_050;BTH;;3.6;0.0;50.99;0.0;92.05;66.87;22.14;0.07;0.0;0;61.46;0;-569.39;0.03;0.03;0.0;3.6
2020;202;292;beauce_5_sa_050;solnu;;0.86;0.0;41.02;-39.39;0.0;22.14;22.88;0.03;0.0;0;0;0;-388.19;0.01;0.02;0.0;0.86
2020;293;366;beauce_5_sa_050;BTH;;1.8;0.15;11.23;-31.83;0.98;21.77;17.76;0.0;0.0;0;0.58;0;-125.94;0.0;0.0;0.15;1.8
2020;1;221;beauce_5_sa_051;BTH;;4.61;2.13;55.31;0.0;228.07;59.52;41.57;0.15;0.0;0;139.1;0;-614.32;0.11;0.03;2.13;4.61
2020;222;296;beauce_5_sa_051;solnu;;0.0;0.0;34.01;-44.04;0.0;41.57;31.8;0.04;0.0;0;0;0;-306.07;0.03;0.01;0.0;0.0
2020;297;366;beauce_5_sa_051;BTH;;1.55;0.0;10.46;-11.43;0.0;32.14;30.34;0.0;0.0;0;0.0;0;-11.68;0.0;0.0;0.0;1.55
2020;1;212;beauce_5_sa_052;BTH;;3.53;2.0;50.25;0.0;220.94;63.58;38.88;0.09;0.0;0;132.51;0;-558.68;0.06;0.03;2.0;3.53
2020;213;309;beauce_5_sa_052;solnu;;0.0;0.0;40.0;-56.58;0.0;38.88;23.47;0.05;0.0;0;0;0;-348.04;0.04;0.01;0.0;0.0
2020;310;366;beauce_5_sa_052;BTH;;0.77;0.0;7.89;-7.95;0.0;23.47;22.86;0.0;0.0;0;0.0;0;5.94;0.0;0.0;0.0;0.77
2020;1;195;beauce_5_sa_053;BTH;;3.53;2.35;48.02;0.0;143.69;62.23;139.17;0.09;0.0;0;87.85;0;-534.63;0.06;0.03;2.35;3.53
2020;196;301;beauce_5_sa_053;solnu;;1.19;0.0;43.7;-94.84;0.0;139.17;86.69;0.16;0.0;0;0;0;-388.7;0.14;0.02;0.0;1.19
2020;302;366;beauce_5_sa_053;BTH;;4.5;0.0;9.43;-20.15;4.74;84.65;66.7;0.03;0.0;0;2.79;0;29.39;0.03;0.0;0.0;4.5
2020;1;177;beauce_5_sa_054;BTH;;1.51;0.0;41.02;0.0;46.93;20.36;12.91;0.03;0.0;0;55.6;0;-457.1;0.0;0.02;0.0;1.51
2020;178;263;beauce_5_sa_054;solnu;;0.13;0.0;44.33;-60.8;0.0;12.91;7.03;0.0;0.0;0;0;0;-476.09;0.0;0.0;0.0;0.13
2020;264;366;beauce_5_sa_054;BTH;;0.95;0.0;19.83;-6.83;8.05;7.02;11.01;0.01;0.0;0;4.74;0;-35.75;0.0;0.01;0.0;0.95
2020;1;175;beauce_5_sa_055;BTH;;3.5;1.92;39.27;0.0;134.23;62.23;105.82;0.07;0.0;0;82.29;0;-431.19;0.05;0.02;1.92;3.5
2020;176;301;beauce_5_sa_055;solnu;;1.01;0.0;51.56;-89.86;0.0;105.82;66.52;0.14;0.0;0;0;0;-473.8;0.12;0.02;0.0;1.01
2020;302;366;beauce_5_sa_055;BTH;;3.85;0.0;9.45;-25.97;1.19;64.18;44.94;0.0;0.0;0;0.7;0;26.31;0.0;0.0;0.0;3.85
2020;1;212;beauce_5_sa_056;BTH;;3.63;0.92;53.75;0.0;138.39;64.32;45.14;0.08;0.0;0;83.5;0;-597.59;0.05;0.03;0.92;3.63
2020;213;312;beauce_5_sa_056;solnu;;0.76;0.0;41.27;-19.97;0.0;45.14;65.59;0.08;0.0;0;0;0;-385.94;0.07;0.02;0.0;0.76
2020;313;366;beauce_5_sa_056;BTH;;2.22;0.0;7.15;-47.89;0.0;65.7;24.97;0.0;0.0;0;0.0;0;-79.41;0.0;0.0;0.0;2.22
2020;1;201;beauce_5_sa_057;BTH;;3.62;0.0;50.56;0.0;91.36;64.05;19.57;0.06;0.0;0;55.98;0;-564.72;0.03;0.03;0.0;3.62
2020;202;311;beauce_5_sa_057;solnu;;1.04;0.0;44.74;-21.04;0.0;19.57;42.19;0.04;0.0;0;0;0;-425.91;0.02;0.02;0.0;1.04
2020;312;366;beauce_5_sa_057;BTH;;1.65;0.0;7.27;-35.06;0.0;42.34;18.29;0.0;0.0;0;0.0;0;-116.86;0.0;0.0;0.0;1.65
2020;1;176;beauce_5_sa_058;BTH;;2.2;2.09;40.48;0.0;168.99;91.79;117.72;0.17;0.0;0;123.47;0;-451.2;0.14;0.02;2.09;2.2
2020;177;269;beauce_5_sa_058;solnu;;0.0;0.0;45.85;-17.82;0.0;117.72;145.63;0.11;0.0;0;0;0;-414.62;0.09;0.02;0.0;0.0
2020;270;366;beauce_5_sa_058;BTH;;4.08;0.87;17.9;-84.29;31.82;146.05;108.11;0.06;0.0;0;18.72;0;11.89;0.05;0.01;0.87;4.08
2020;1;203;beauce_5_sa_059;BTH;;3.51;0.19;51.09;0.0;104.65;62.92;19.91;0.06;0.0;0;64.47;0;-570.3;0.03;0.03;0.19;3.51
2020;204;305;beauce_5_sa_059;solnu;;1.19;0.0;43.11;-48.81;0.0;19.91;17.88;0.02;0.0;0;0;0;-466.43;0.01;0.01;0.0;1.19
2020;306;366;beauce_5_sa_059;BTH;;1.46;0.0;8.47;-11.62;0.0;18.0;16.23;0.0;0.0;0;0.0;0;-63.6;0.0;0.0;0.0;1.46
2020;1;202;beauce_5_sa_060;BTH;;4.42;1.38;47.92;0.0;210.14;99.64;36.03;0.11;0.0;0;125.72;0;-535.51;0.08;0.03;1.38;4.42
2020;203;312;beauce_5_sa_060;solnu;;0.0;0.0;42.59;-49.93;0.0;36.03;29.62;0.05;0.0;0;0;0;-383.99;0.04;0.02;0.0;0.0
2020;313;366;beauce_5_sa_060;BTH;;1.47;0.47;7.19;-15.09;1.01;29.62;55.69;0.01;0.0;0;0.59;0;-28.52;0.01;0.0;0.47;1.47
2020;1;179;beauce_5_sa_061;BTH;;3.47;1.21;40.53;0.0;141.36;60.68;45.67;0.07;0.0;0;87.38;0;-450.65;0.05;0.02;1.21;3.47
2020;180;298;beauce_5_sa_061;solnu;;0.23;0.0;49.2;-76.38;0.0;45.67;20.39;0.05;0.0;0;0;0;-420.35;0.03;0.02;0.0;0.23
2020;299;366;beauce_5_sa_061;BTH;;1.69;0.0;10.03;-10.03;0.0;20.41;18.7;0.0;0.0;0;0.0;0;13.83;0.0;0.0;0.0;1.69
2020;1;200;beauce_5_sa_062;BTH;;4.12;0.45;49.99;0.0;142.43;91.62;28.33;0.08;0.0;0;94.75;0;-556.76;0.05;0.03;0.45;4.12
2020;201;288;beauce_5_sa_062;solnu;;0.0;0.0;40.11;-19.83;0.0;28.33;48.58;0.03;0.0;0;0;0;-372.45;0.02;0.02;0.0;0.0
2020;289;366;beauce_5_sa_062;BTH;;2.32;0.57;12.04;-52.8;2.18;48.78;51.04;0.02;0.0;0;1.28;0;-130.97;0.02;0.0;0.57;2.32
2020;1;222;beauce_5_sa_063;BTH;;1.82;0.86;65.19;0.0;96.9;56.16;86.69;0.17;0.01;0;81.76;0;-720.84;0.13;0.04;0.86;1.82
2020;223;268;beauce_5_sa_063;solnu;;0.21;0.0;25.1;-21.57;0.0;86.69;74.42;0.06;0.0;0;0;0;-246.53;0.06;0.01;0.0;0.21
2020;269;366;beauce_5_sa_063;BTH;;2.48;0.41;18.1;-73.05;2.22;74.81;45.15;0.02;0.0;0;1.3;0;-75.82;0.02;0.0;0.41;2.48
2020;1;185;beauce_5_sa_064;BTH;;3.04;0.93;44.51;0.0;128.7;49.48;30.75;0.07;0.0;0;86.52;0;-495.5;0.04;0.03;0.93;3.04
2020;186;288;beauce_5_sa_064;solnu;;0.0;0.0;44.91;-62.74;0.0;30.75;15.74;0.04;0.0;0;0;0;-431.09;0.02;0.01;0.0;0.0
2020;289;366;beauce_5_sa_064;BTH;;1.58;0.0;12.08;-12.97;0.0;15.74;14.31;0.0;0.0;0;0.0;0;-15.5;0.0;0.0;0.0;1.58
2020;1;203;beauce_5_sa_065;BTH;;3.9;1.44;50.09;0.0;172.38;49.48;30.84;0.11;0.0;0;112.23;0;-559.06;0.08;0.03;1.44;3.9
2020;204;288;beauce_5_sa_065;solnu;;0.0;0.0;39.36;-50.61;0.0;30.84;24.32;0.02;0.0;0;0;0;-388.64;0.01;0.01;0.0;0.0
2020;289;366;beauce_5_sa_065;BTH;;1.64;0.0;12.07;-13.02;0.0;24.53;22.7;0.0;0.0;0;0.0;0;-4.67;0.0;0.0;0.0;1.64
2020;1;170;beauce_5_sa_066;BTH;;3.51;0.0;35.57;0.0;73.65;62.92;21.25;0.05;0.0;0;46.24;0;-394.1;0.03;0.02;0.0;3.51
2020;171;305;beauce_5_sa_066;solnu;;1.59;0.0;58.65;-19.55;0.0;21.25;58.69;0.07;0.0;0;0;0;-569.25;0.04;0.03;0.0;1.59
2020;306;366;beauce_5_sa_066;BTH;;2.21;0.0;8.52;-42.93;0.0;58.93;24.53;0.0;0.0;0;0.0;0;-83.7;0.0;0.0;0.0;2.21
2020;1;177;beauce_5_sa_067;BTH;;1.56;0.81;40.93;0.0;91.47;22.35;30.67;0.08;0.0;0;80.54;0;-456.17;0.06;0.02;0.81;1.56
2020;178;264;beauce_5_sa_067;solnu;;0.1;0.0;44.81;-72.44;0.0;30.67;7.42;0.01;0.0;0;0;0;-366.9;0.0;0.01;0.0;0.1
2020;265;366;beauce_5_sa_067;BTH;;1.0;0.0;19.64;-9.44;5.85;7.41;10.76;0.01;0.0;0;3.44;0;15.68;0.0;0.01;0.0;1.0
2020;1;216;beauce_5_sa_068;BTH;;1.99;0.0;59.26;0.0;59.07;30.5;28.65;0.05;0.0;0;56.71;0;-659.44;0.01;0.04;0.0;1.99
2020;217;271;beauce_5_sa_068;solnu;;0.21;0.0;29.9;-22.15;0.0;28.65;36.16;0.03;0.0;0;0;0;-287.35;0.02;0.01;0.0;0.21
2020;272;366;beauce_5_sa_068;BTH;;1.81;0.0;16.85;-44.29;0.0;36.46;12.69;0.01;0.0;0;0.0;0;-151.28;0.01;0.0;0.0;1.81
2020;1;199;beauce_5_sa_069;BTH;;2.39;2.95;51.48;0.0;64.35;38.17;243.51;0.05;0.0;0;55.3;0;-573.57;0.02;0.03;2.95;2.39
2020;200;275;beauce_5_sa_069;solnu;;1.49;0.0;38.13;-109.47;0.0;243.51;170.5;0.17;0.0;0;0;0;-290.23;0.17;0.01;0.0;1.49
2020;276;366;beauce_5_sa_069;BTH;;8.31;0.0;15.69;17.62;38.65;170.88;156.72;0.14;0.0;0;22.74;0;-14.93;0.12;0.02;0.0;8.31
2020;1;175;beauce_5_sa_070;BTH;;4.63;1.7;38.85;0.0;153.96;63.76;31.79;0.1;0.0;0;92.99;0;-426.75;0.08;0.02;1.7;4.63
2020;176;310;beauce_5_sa_070;solnu;;0.01;0.0;52.78;-18.06;0.0;31.79;104.47;0.11;0.0;0;0;0;-495.17;0.09;0.02;0.0;0.01
2020;311;366;beauce_5_sa_070;BTH;;4.03;0.0;7.59;-63.22;0.0;104.78;44.86;0.0;0.0;0;0.0;0;-28.23;0.0;0.0;0.0;4.03
2020;1;219;beauce_5_sa_071;BTH;;3.57;0.0;57.87;0.0;90.85;63.33;26.71;0.07;0.0;0;56.11;0;-644.43;0.03;0.03;0.0;3.57
2020;220;307;beauce_5_sa_071;solnu;;1.26;0.0;36.93;-50.82;0.0;26.71;18.09;0.02;0.0;0;0;0;-412.31;0.01;0.01;0.0;1.26
2020;308;366;beauce_5_sa_071;BTH;;1.49;0.0;8.08;-9.21;0.0;17.97;16.56;0.0;0.0;0;0.0;0;-48.53;0.0;0.0;0.0;1.49
2020;1;175;beauce_5_sa_072;BTH;;3.31;1.34;39.23;0.0;139.89;55.43;49.89;0.08;0.0;0;89.6;0;-430.63;0.05;0.02;1.34;3.31
2020;176;292;beauce_5_sa_072;solnu;;0.01;0.0;49.94;-76.7;0.0;49.89;24.65;0.05;0.0;0;0;0;-429.55;0.04;0.02;0.0;0.01
2020;293;366;beauce_5_sa_072;BTH;;2.27;0.0;11.36;-11.45;0.0;24.53;22.28;0.0;0.0;0;0.0;0;16.37;0.0;0.0;0.0;2.27
2020;1;173;beauce_5_sa_073;BTH;;1.51;0.0;38.71;0.0;45.98;20.44;11.63;0.03;0.0;0;54.92;0;-430.68;0.01;0.02;0.0;1.51
2020;174;263;beauce_5_sa_073;solnu;;0.12;0.0;46.25;-56.48;0.0;11.63;7.17;0.01;0.0;0;0;0;-482.79;0.0;0.01;0.0;0.12
2020;264;366;beauce_5_sa_073;BTH;;0.96;0.0;19.89;-10.72;5.85;7.12;9.52;0.01;0.0;0;3.44;0;-34.5;0.0;0.01;0.0;0.96
2020;1;191;beauce_5_sa_074;BTH;;3.6;0.86;46.74;0.0;119.83;63.58;49.69;0.07;0.0;0;73.01;0;-520.52;0.04;0.03;0.86;3.6
2020;192;309;beauce_5_sa_074;solnu;;1.25;0.0;47.67;-19.42;0.0;49.69;76.72;0.1;0.0;0;0;0;-448.63;0.08;0.02;0.0;1.25
2020;310;366;beauce_5_sa_074;BTH;;2.49;0.0;7.85;-55.98;0.0;77.06;27.77;0.0;0.0;0;0.0;0;-52.29;0.0;0.0;0.0;2.49
2020;1;206;beauce_5_sa_075;BTH;;3.68;0.0;52.16;0.0;93.59;65.51;20.34;0.06;0.0;0;56.44;0;-580.29;0.03;0.03;0.0;3.68
2020;207;317;beauce_5_sa_075;solnu;;1.01;0.0;43.89;-46.13;0.0;20.34;19.82;0.03;0.0;0;0;0;-453.79;0.02;0.02;0.0;1.01
2020;318;366;beauce_5_sa_075;BTH;;1.63;0.0;6.44;-10.44;0.0;19.79;18.18;0.0;0.0;0;0.0;0;-83.89;0.0;0.0;0.0;1.63
2020;1;170;beauce_5_sa_076;BTH;;3.51;0.0;35.56;0.0;73.76;62.92;21.15;0.05;0.0;0;46.3;0;-394.06;0.03;0.02;0.0;3.51
2020;171;305;beauce_5_sa_076;solnu;;1.6;0.0;58.65;-54.97;0.0;21.15;24.42;0.06;0.0;0;0;0;-573.57;0.03;0.02;0.0;1.6
2020;306;366;beauce_5_sa_076;BTH;;2.02;0.0;8.52;-9.84;0.0;24.42;22.48;0.0;0.0;0;0.0;0;-52.78;0.0;0.0;0.0;2.02
2020;1;223;beauce_5_sa_077;BTH;;4.49;0.14;59.39;0.0;123.03;93.02;34.97;0.09;0.0;0;74.8;0;-661.04;0.05;0.04;0.14;4.49
2020;224;310;beauce_5_sa_077;solnu;;0.92;0.0;35.38;-21.02;0.0;34.97;48.38;0.04;0.0;0;0;0;-331.91;0.03;0.01;0.0;0.92
2020;311;366;beauce_5_sa_077;BTH;;2.28;0.39;7.53;-54.09;2.18;48.68;28.79;0.01;0.0;0;1.28;0;-104.5;0.01;0.0;0.39;2.28
2020;1;229;beauce_5_sa_078;BTH;;1.7;2.4;67.91;0.0;66.66;24.63;204.0;0.17;0.0;0;64.64;0;-754.41;0.13;0.04;2.4;1.7
2020;230;267;beauce_5_sa_078;solnu;;0.98;0.0;21.1;-21.59;0.0;204.0;202.43;0.1;0.0;0;0;0;-208.52;0.1;0.0;0.0;0.98
2020;268;366;beauce_5_sa_078;BTH;;9.01;0.0;18.39;-86.15;52.09;202.6;73.49;0.07;0.0;0;30.65;0;-6.58;0.06;0.01;0.0;9.01
2020;1;203;beauce_5_sa_079;BTH;;2.1;1.24;54.75;0.0;132.81;28.32;40.84;0.09;0.0;0;101.44;0;-610.15;0.06;0.03;1.24;2.1
2020;204;270;beauce_5_sa_079;solnu;;0.0;0.0;36.04;-59.85;0.0;40.84;17.55;0.06;0.0;0;0;0;-330.01;0.04;0.01;0.0;0.0
2020;271;366;beauce_5_sa_079;BTH;;2.01;0.0;17.37;-19.35;0.0;17.55;15.56;0.0;0.0;0;0.0;0;-28.96;0.0;0.0;0.0;2.01
2020;1;208;beauce_5_sa_080;BTH;;2.77;0.0;54.08;0.0;71.51;43.58;23.32;0.05;0.0;0;56.36;0;-603.48;0.02;0.03;0.0;2.77
2020;209;282;beauce_5_sa_080;solnu;;0.63;0.0;36.61;-39.52;0.0;23.32;19.73;0.03;0.0;0;0;0;-348.43;0.02;0.01;0.0;0.63
2020;283;366;beauce_5_sa_080;BTH;;1.7;0.0;13.57;-24.33;0.0;18.41;14.0;0.0;0.0;0;0.0;0;-140.71;0.0;0.0;0.0;1.7
2020;1;211;beauce_5_sa_081;BTH;;3.54;0.0;54.04;0.0;89.07;62.23;23.6;0.06;0.0;0;55.71;0;-601.94;0.03;0.03;0.0;3.54
2020;212;301;beauce_5_sa_081;solnu;;1.14;0.0;39.56;-21.12;0.0;23.6;40.87;0.04;0.0;0;0;0;-376.26;0.02;0.01;0.0;1.14
2020;302;366;beauce_5_sa_081;BTH;;1.64;0.0;9.33;-35.69;0.0;41.13;18.26;0.0;0.0;0;0.0;0;-131.93;0.0;0.0;0.0;1.64
2020;1;200;beauce_5_sa_082;BTH;;3.47;2.34;45.55;0.0;232.1;62.91;48.22;0.12;0.0;0;139.48;0;-508.26;0.09;0.03;2.34;3.47
2020;201;305;beauce_5_sa_082;solnu;;0.0;0.0;40.55;-68.36;0.0;48.22;20.39;0.03;0.0;0;0;0;-267.35;0.02;0.01;0.0;0.0
2020;306;366;beauce_5_sa_082;BTH;;0.35;0.0;8.65;-8.61;0.0;20.39;20.08;0.0;0.0;0;0.0;0;31.02;0.0;0.0;0.0;0.35
2020;1;194;beauce_5_sa_083;BTH;;2.95;0.0;48.79;0.0;75.33;47.36;17.81;0.05;0.0;0;56.39;0;-542.62;0.02;0.03;0.0;2.95
2020;195;286;beauce_5_sa_083;solnu;;0.66;0.0;42.39;-21.18;0.0;17.81;38.32;0.03;0.0;0;0;0;-406.63;0.02;0.02;0.0;0.66
2020;287;366;beauce_5_sa_083;BTH;;1.65;0.0;12.39;-40.61;0.0;38.58;14.39;0.0;0.0;0;0.0;0;-147.65;0.0;0.0;0.0;1.65
2020;1;205;beauce_5_sa_084;BTH;;1.41;2.9;57.97;0.0;130.5;16.81;159.7;0.17;0.0;0;106.89;0;-643.72;0.14;0.03;2.9;1.41
2020;206;261;beauce_5_sa_084;solnu;;0.6;0.0;32.29;-20.31;0.0;159.7;170.93;0.16;0.0;0;0;0;-301.16;0.15;0.01;0.0;0.6
2020;262;366;beauce_5_sa_084;BTH;;6.65;0.0;20.5;-81.98;46.16;171.32;56.59;0.05;0.0;0;27.16;0;16.54;0.04;0.01;0.0;6.65
2020;1;224;beauce_5_sa_085;BTH;;1.58;1.0;65.62;0.0;96.42;22.22;64.58;0.15;0.01;0;83.57;0;-731.18;0.11;0.04;1.0;1.58
2020;225;265;beauce_5_sa_085;solnu;;0.43;0.0;23.4;-21.44;0.0;64.58;66.06;0.05;0.0;0;0;0;-224.65;0.05;0.01;0.0;0.43
2020;266;366;beauce_5_sa_085;BTH;;2.77;0.0;19.0;-63.61;1.5;66.36;18.13;0.0;0.0;0;0.88;0;-101.44;0.0;0.0;0.0;2.77
2020;1;225;beauce_5_sa_086;BTH;;1.52;1.76;66.92;0.0;81.98;20.82;135.89;0.18;0.01;0;75.9;0;-745.59;0.14;0.04;1.76;1.52
2020;226;264;beauce_5_sa_086;solnu;;0.93;0.0;22.63;-21.56;0.0;135.89;135.94;0.08;0.0;0;0;0;-218.78;0.08;0.0;0.0;0.93
2020;265;366;beauce_5_sa_086;BTH;;6.48;0.0;19.4;-91.4;13.02;136.26;44.42;0.02;0.0;0;7.66;0;-70.2;0.02;0.0;0.0;6.48
2020;1;181;beauce_5_sa_087;BTH;;4.21;1.2;40.93;0.0;159.69;62.23;28.73;0.1;0.0;0;97.27;0;-454.59;0.08;0.02;1.2;4.21
2020;182;301;beauce_5_sa_087;solnu;;0.0;0.0;48.18;-49.79;0.0;28.73;31.12;0.03;0.0;0;0;0;-487.96;0.02;0.02;0.0;0.0
2020;302;366;beauce_5_sa_087;BTH;;2.52;0.0;9.37;-11.49;0.0;30.95;28.54;0.0;0.0;0;0.0;0;-42.09;0.0;0.0;0.0;2.52
2020;1;213;beauce_5_sa_088;BTH;;3.68;3.01;49.87;0.0;204.28;65.0;132.58;0.12;0.0;0;121.87;0;-554.54;0.09;0.03;3.01;3.68
2020;214;315;beauce_5_sa_088;solnu;;0.0;0.0;40.55;-18.29;0.0;132.58;154.68;0.16;0.0;0;0;0;-365.94;0.15;0.02;0.0;0.0
2020;316;366;beauce_5_sa_088;BTH;;1.74;0.0;6.75;-86.97;1.92;154.83;70.76;0.04;0.0;0;1.13;0;-0.43;0.04;0.0;0.0;1.74
2020;1;220;beauce_5_sa_089;BTH;;6.45;0.0;55.21;0.0;165.12;159.18;42.7;0.12;0.0;0;98.53;0;-615.88;0.09;0.03;0.0;6.45
2020;221;317;beauce_5_sa_089;solnu;;0.0;0.0;38.38;-52.7;0.0;42.7;36.48;0.02;0.0;0;0;0;-416.9;0.01;0.01;0.0;0.0
2020;318;366;beauce_5_sa_089;BTH;;2.86;1.25;6.45;-15.19;1.66;36.58;117.77;0.03;0.0;0;0.98;0;-13.49;0.03;0.0;1.25;2.86
2020;1;204;beauce_5_sa_090;BTH;;4.92;0.0;50.92;0.0;128.74;113.3;30.47;0.09;0.0;0;80.9;0;-567.16;0.06;0.03;0.0;4.92
2020;205;295;beauce_5_sa_090;solnu;;0.4;0.0;40.43;-42.78;0.0;30.47;28.14;0.03;0.0;0;0;0;-382.93;0.01;0.01;0.0;0.4
2020;296;366;beauce_5_sa_090;BTH;;2.79;0.72;10.55;-39.03;4.61;28.02;53.03;0.04;0.0;0;2.71;0;-111.57;0.04;0.0;0.72;2.79
2020;1;174;beauce_5_sa_091;BTH;;4.91;1.48;37.99;0.0;146.42;103.93;99.81;0.1;0.0;0;87.82;0;-420.12;0.08;0.02;1.48;4.91
2020;175;315;beauce_5_sa_091;solnu;;0.8;0.0;55.39;-17.87;0.0;99.81;136.54;0.15;0.0;0;0;0;-519.81;0.13;0.03;0.0;0.8
2020;316;366;beauce_5_sa_091;BTH;;5.05;0.52;6.74;-93.5;1.92;136.69;81.74;0.04;0.0;0;1.13;0;-12.52;0.04;0.0;0.52;5.05
2020;1;199;beauce_5_sa_092;BTH;;3.53;0.0;50.06;0.0;90.55;62.37;18.3;0.06;0.0;0;56.5;0;-558.14;0.03;0.03;0.0;3.53
2020;200;302;beauce_5_sa_092;solnu;;1.18;0.0;43.56;-47.82;0.0;18.3;17.39;0.02;0.0;0;0;0;-468.01;0.01;0.01;0.0;1.18
2020;303;366;beauce_5_sa_092;BTH;;1.44;0.0;9.08;-11.91;0.0;17.39;15.99;0.0;0.0;0;0.0;0;-73.57;0.0;0.0;0.0;1.44
2020;1;230;beauce_5_sa_093;BTH;;2.77;0.67;65.03;0.0;124.58;47.46;34.88;0.09;0.0;0;85.3;0;-722.25;0.05;0.04;0.67;2.77
2020;231;286;beauce_5_sa_093;solnu;;0.01;0.0;26.51;-41.94;0.0;34.88;19.64;0.04;0.0;0;0;0;-252.88;0.03;0.01;0.0;0.01
2020;287;366;beauce_5_sa_093;BTH;;2.12;0.0;12.37;-19.09;0.0;19.76;17.59;0.0;0.0;0;0.0;0;-144.81;0.0;0.0;0.0;2.12
2020;1;199;beauce_5_sa_094;BTH;;2.7;2.24;50.65;0.0;146.81;42.4;111.26;0.12;0.0;0;101.37;0;-564.31;0.09;0.03;2.24;2.7
2020;200;281;beauce_5_sa_094;solnu;;0.0;0.0;39.4;-19.66;0.0;111.26;130.86;0.14;0.0;0;0;0;-363.05;0.12;0.02;0.0;0.0
2020;282;366;beauce_5_sa_094;BTH;;3.85;0.0;13.87;-86.93;16.41;131.1;37.53;0.01;0.0;0;9.66;0;-19.68;0.01;0.0;0.0;3.85
2020;1;223;beauce_5_sa_095;BTH;;3.52;0.0;60.11;0.0;90.55;62.37;28.34;0.07;0.0;0;56.5;0;-669.07;0.03;0.04;0.0;3.52
2020;224;302;beauce_5_sa_095;solnu;;1.21;0.0;33.78;-42.38;0.0;28.34;19.61;0.03;0.0;0;0;0;-328.45;0.02;0.01;0.0;1.21
2020;303;366;beauce_5_sa_095;BTH;;1.63;0.0;9.09;-15.74;0.0;19.61;18.25;0.0;0.0;0;0.0;0;-131.94;0.0;0.0;0.0;1.63
2020;1;186;beauce_5_sa_096;BTH;;3.63;0.0;44.86;0.0;85.89;64.32;18.31;0.06;0.0;0;52.61;0;-499.66;0.03;0.03;0.0;3.63
2020;187;312;beauce_5_sa_096;solnu;;1.13;0.0;50.22;-20.71;0.0;18.31;46.93;0.05;0.0;0;0;0;-485.02;0.03;0.02;0.0;1.13
2020;313;366;beauce_5_sa_096;BTH;;1.83;0.0;7.15;-36.15;0.0;47.03;20.3;0.0;0.0;0;0.0;0;-99.05;0.0;0.0;0.0;1.83
2020;1;177;beauce_5_sa_097;BTH;;5.92;0.0;39.41;0.0;133.92;137.14;36.6;0.09;0.0;0;80.76;0;-439.73;0.07;0.02;0.0;5.92
2020;178;313;beauce_5_sa_097;solnu;;0.71;0.0;53.42;-19.34;0.0;36.6;69.92;0.06;0.0;0;0;0;-505.92;0.03;0.02;0.0;0.71
2020;314;366;beauce_5_sa_097;BTH;;4.01;0.97;7.08;-76.27;2.3;70.14;68.59;0.04;0.0;0;1.35;0;-64.57;0.04;0.0;0.97;4.01
2020;1;201;beauce_5_sa_098;BTH;;3.45;0.0;50.86;0.0;85.77;59.52;21.1;0.06;0.0;0;55.37;0;-568.01;0.03;0.03;0.0;3.45
2020;202;296;beauce_5_sa_098;solnu;;1.14;0.0;41.8;-21.17;0.0;21.1;40.55;0.04;0.0;0;0;0;-397.87;0.02;0.02;0.0;1.14
2020;297;366;beauce_5_sa_098;BTH;;1.64;0.0;10.39;-37.52;0.0;40.79;18.21;0.0;0.0;0;0.0;0;-138.2;0.0;0.0;0.0;1.64
2020;1;200;beauce_5_sa_099;BTH;;1.51;0.43;56.2;0.0;117.96;91.69;60.77;0.11;0.0;0;99.53;0;-624.2;0.08;0.03;0.43;1.51
2020;201;260;beauce_5_sa_099;solnu;;0.32;0.0;34.28;-74.93;0.0;60.77;20.84;0.07;0.0;0;0;0;-255.48;0.06;0.0;0.0;0.32
2020;261;366;beauce_5_sa_099;BTH;;2.83;1.0;20.91;-15.83;3.05;20.89;95.13;0.02;0.0;0;1.79;0;45.2;0.02;0.0;1.0;2.83
2021;1;177;beauce_5_sa_000;BTH;;5.06;1.16;35.9;5.92;103.01;19.28;39.93;0.09;0.0;0;61.5;0;-29.0;0.06;0.03;1.16;5.06
2021;178;275;beauce_5_sa_000;solnu;;1.8;0.0;44.51;-1.39;0.0;39.93;82.01;0.08;0.07;0;0;0;-211.92;0.06;0.03;0.0;1.8
2021;276;365;beauce_5_sa_000;BTH;;6.44;0.0;15.02;-60.15;3.0;82.57;28.3;0.0;0.0;0;1.77;0;-6.09;0.0;0.0;0.0;6.44
2021;1;182;beauce_5_sa_001;BTH;;4.86;1.04;38.71;34.07;91.43;16.47;72.07;0.13;0.02;0;58.22;0;-167.88;0.09;0.04;1.04;4.86
2021;183;265;beauce_5_sa_001;solnu;;4.07;0.0;38.56;-1.44;0.0;72.07;104.95;0.1;0.08;0;0;0;-251.39;0.07;0.02;0.0;4.07
2021;266;365;beauce_5_sa_001;BTH;;10.45;0.0;17.66;-62.63;4.5;105.27;45.06;0.0;0.0;0;2.65;0;-40.18;0.0;0.0;0.0;10.45
2021;1;187;beauce_5_sa_002;BTH;;4.53;0.0;40.45;-2.77;40.51;14.6;6.55;0.02;0.0;0;23.84;0;-135.09;0.0;0.02;0.0;4.53
2021;188;287;beauce_5_sa_002;solnu;;0.62;0.0;41.54;-9.32;0.0;6.55;38.19;0.03;0.02;0;0;0;-244.07;0.01;0.02;0.0;0.62
2021;288;365;beauce_5_sa_002;BTH;;1.68;0.0;11.5;-39.61;0.98;38.51;7.41;0.0;0.0;0;0.58;0;-36.28;0.0;0.0;0.0;1.68
2021;1;230;beauce_5_sa_003;BTH;;6.24;0.58;60.98;11.52;103.12;20.17;28.97;0.06;0.0;0;60.68;0;-301.98;0.01;0.05;0.58;6.24
2021;231;303;beauce_5_sa_003;solnu;;1.0;0.0;25.18;-14.04;0.0;28.97;39.04;0.03;0.04;0;0;0;-169.42;0.02;0.01;0.0;1.0
2021;304;365;beauce_5_sa_003;BTH;;3.08;0.0;7.92;-36.37;0.0;39.21;14.03;0.0;0.0;0;0.0;0;-108.66;0.0;0.0;0.0;3.08
2021;1;175;beauce_5_sa_004;BTH;;3.2;1.54;35.07;6.05;139.06;14.47;28.24;0.12;0.01;0;81.83;0;-9.51;0.1;0.03;1.54;3.2
2021;176;271;beauce_5_sa_004;solnu;;1.98;0.0;44.54;-3.84;0.0;28.24;67.62;0.07;0.06;0;0;0;-197.69;0.05;0.03;0.0;1.98
2021;272;365;beauce_5_sa_004;BTH;;5.27;0.0;16.12;-56.68;0.0;67.9;23.19;0.0;0.0;0;0.0;0;-8.87;0.0;0.0;0.0;5.27
2021;1;181;beauce_5_sa_005;BTH;;8.05;0.0;37.35;7.41;84.17;23.66;14.28;0.05;0.0;0;49.53;0;-111.24;0.02;0.03;0.0;8.05
2021;182;314;beauce_5_sa_005;solnu;;2.44;0.0;50.58;-47.27;0.0;14.28;16.63;0.03;0.02;0;0;0;-309.95;0.01;0.02;0.0;2.44
2021;315;365;beauce_5_sa_005;BTH;;2.55;0.5;5.75;-5.78;0.0;16.61;14.12;0.0;0.0;0;0.0;0;-4.29;0.0;0.0;0.5;2.55
2021;1;186;beauce_5_sa_006;BTH;;10.85;1.2;40.18;1.51;130.82;27.47;19.54;0.07;0.0;0;76.98;0;-90.01;0.04;0.03;1.2;10.85
2021;187;306;beauce_5_sa_006;solnu;;2.09;0.0;46.34;-4.2;0.0;19.54;59.52;0.04;0.02;0;0;0;-243.56;0.02;0.03;0.0;2.09
2021;307;365;beauce_5_sa_006;BTH;;4.24;0.0;7.71;-45.72;0.0;59.82;19.58;0.01;0.0;0;0.0;0;-52.0;0.01;0.0;0.0;4.24
2021;1;203;beauce_5_sa_007;BTH;;16.51;1.86;48.33;45.88;133.23;63.84;149.48;0.18;0.01;0;79.53;0;-185.14;0.13;0.06;1.86;16.51
2021;204;314;beauce_5_sa_007;solnu;;6.81;0.0;41.32;-90.22;0.0;149.48;94.55;0.12;0.12;0;0;0;-236.14;0.1;0.02;0.0;6.81
2021;315;365;beauce_5_sa_007;BTH;;13.62;0.0;5.85;-7.57;1.12;93.62;78.09;0.0;0.0;0;0.66;0;28.76;0.0;0.0;0.0;13.62
2021;1;228;beauce_5_sa_008;BTH;;3.58;0.21;61.06;14.56;67.95;11.71;32.06;0.05;0.0;0;39.98;0;-265.81;0.01;0.05;0.21;3.58
2021;229;274;beauce_5_sa_008;solnu;;0.58;0.0;20.24;-42.7;0.0;32.06;16.67;0.02;0.05;0;0;0;-198.6;0.02;0.0;0.0;0.58
2021;275;365;beauce_5_sa_008;BTH;;3.15;0.0;15.4;-15.26;0.0;16.68;13.66;0.0;0.0;0;0.0;0;3.28;0.0;0.0;0.0;3.15
2021;1;177;beauce_5_sa_009;BTH;;5.59;1.38;35.57;-2.93;128.11;23.12;25.29;0.12;0.01;0;75.39;0;-3.06;0.1;0.02;1.38;5.59
2021;178;315;beauce_5_sa_009;solnu;;3.04;0.0;53.92;-51.97;0.0;25.29;26.53;0.06;0.05;0;0;0;-230.0;0.03;0.03;0.0;3.04
2021;316;365;beauce_5_sa_009;BTH;;4.04;0.0;5.67;-5.87;0.0;26.43;22.36;0.0;0.0;0;0.0;0;11.13;0.0;0.0;0.0;4.04
2021;1;188;beauce_5_sa_010;BTH;;4.4;0.0;40.7;6.92;51.77;14.3;6.66;0.03;0.0;0;30.46;0;-228.66;0.0;0.03;0.0;4.4
2021;189;288;beauce_5_sa_010;solnu;;0.6;0.0;41.03;-4.79;0.0;6.66;42.25;0.03;0.02;0;0;0;-286.41;0.01;0.02;0.0;0.6
2021;289;365;beauce_5_sa_010;BTH;;1.88;0.0;11.14;-42.21;0.98;42.5;8.32;0.01;0.0;0;0.58;0;-55.55;0.0;0.0;0.0;1.88
2021;1;227;beauce_5_sa_011;BTH;;7.92;0.74;60.97;30.4;104.61;36.68;72.67;0.2;0.02;0;62.84;0;-180.51;0.14;0.05;0.74;7.92
2021;228;261;beauce_5_sa_011;solnu;;2.49;0.0;16.15;-16.22;0.0;72.67;69.99;0.04;0.08;0;0;0;-101.61;0.04;0.0;0.0;2.49
2021;262;365;beauce_5_sa_011;BTH;;8.52;0.32;19.32;-54.39;2.16;70.21;52.6;0.02;0.0;0;1.27;0;-49.55;0.02;0.0;0.32;8.52
2021;1;175;beauce_5_sa_012;BTH;;2.04;0.0;34.46;7.65;43.01;7.12;3.35;0.03;0.0;0;25.31;0;-121.58;0.0;0.03;0.0;2.04
2021;176;265;beauce_5_sa_012;solnu;;0.42;0.0;42.15;-8.54;0.0;3.35;36.5;0.04;0.03;0;0;0;-258.05;0.01;0.02;0.0;0.42
2021;266;365;beauce_5_sa_012;BTH;;1.86;0.0;17.56;-42.58;1.5;36.8;8.12;0.0;0.0;0;0.88;0;-64.8;0.0;0.0;0.0;1.86
2021;1;186;beauce_5_sa_013;BTH;;6.15;1.91;40.92;21.68;156.26;23.83;66.77;0.2;0.02;0;95.48;0;-95.67;0.16;0.04;1.91;6.15
2021;187;279;beauce_5_sa_013;solnu;;3.36;0.0;40.73;1.15;0.0;66.77;106.07;0.07;0.08;0;0;0;-217.44;0.05;0.03;0.0;3.36
2021;280;365;beauce_5_sa_013;BTH;;9.77;0.0;13.85;-62.67;4.5;106.6;42.99;0.0;0.0;0;2.65;0;-0.77;0.0;0.0;0.0;9.77
2021;1;190;beauce_5_sa_014;BTH;;3.37;0.0;41.94;2.96;47.27;10.97;4.57;0.03;0.0;0;27.81;0;-126.78;0.0;0.03;0.0;3.37
2021;191;285;beauce_5_sa_014;solnu;;0.45;0.0;40.2;-39.2;0.0;4.57;5.69;0.02;0.01;0;0;0;-240.24;0.0;0.01;0.0;0.45
2021;286;365;beauce_5_sa_014;BTH;;1.07;0.0;12.08;-12.08;0.0;5.95;4.7;0.0;0.0;0;0.0;0;-21.46;0.0;0.0;0.0;1.07
2021;1;219;beauce_5_sa_015;BTH;;4.18;0.43;56.91;7.33;87.04;13.99;20.34;0.05;0.0;0;51.22;0;-162.48;0.02;0.04;0.43;4.18
2021;220;295;beauce_5_sa_015;solnu;;0.64;0.0;28.92;-44.11;0.0;20.34;9.31;0.01;0.02;0;0;0;-227.11;0.01;0.01;0.0;0.64
2021;296;365;beauce_5_sa_015;BTH;;1.71;0.0;9.59;-10.71;0.0;9.64;7.66;0.0;0.0;0;0.0;0;-11.52;0.0;0.0;0.0;1.71
2021;1;201;beauce_5_sa_016;BTH;;22.08;3.09;48.34;39.01;147.01;118.0;271.6;0.43;0.04;0;120.03;0;-249.49;0.38;0.05;3.09;22.08
2021;202;263;beauce_5_sa_016;solnu;;18.63;0.0;29.9;-80.89;0.0;271.6;201.78;0.09;0.12;0;0;0;-177.25;0.08;0.01;0.0;18.63
2021;264;365;beauce_5_sa_016;BTH;;38.9;0.0;19.26;-15.08;3.09;201.34;163.98;0.0;0.0;0;1.82;0;84.52;0.0;0.0;0.0;38.9
2021;1;186;beauce_5_sa_017;BTH;;2.32;0.0;40.24;10.73;45.04;7.17;11.21;0.03;0.0;0;26.5;0;-141.45;0.0;0.03;0.0;2.32
2021;187;262;beauce_5_sa_017;solnu;;0.37;0.0;35.27;-35.81;0.0;11.21;10.32;0.03;0.03;0;0;0;-217.55;0.01;0.01;0.0;0.37
2021;263;365;beauce_5_sa_017;BTH;;2.0;0.0;19.36;-19.44;0.0;10.32;8.43;0.0;0.0;0;0.0;0;-54.05;0.0;0.0;0.0;2.0
2021;1;213;beauce_5_sa_018;BTH;;5.23;0.68;53.98;-5.37;97.25;17.55;16.51;0.06;0.01;0;57.23;0;-83.12;0.03;0.03;0.68;5.23
2021;214;299;beauce_5_sa_018;solnu;;0.82;0.0;32.72;-12.89;0.0;16.51;35.47;0.03;0.02;0;0;0;-159.18;0.01;0.01;0.0;0.82
2021;300;365;beauce_5_sa_018;BTH;;1.72;0.0;8.71;-39.63;0.0;35.69;7.71;0.0;0.0;0;0.0;0;-67.68;0.0;0.0;0.0;1.72
2021;1;180;beauce_5_sa_019;BTH;;3.12;0.71;37.39;8.88;103.75;11.85;5.58;0.04;0.0;0;61.05;0;-106.01;0.01;0.03;0.71;3.12
2021;181;271;beauce_5_sa_019;solnu;;0.61;0.0;41.07;-7.4;0.0;5.58;38.57;0.03;0.03;0;0;0;-231.28;0.01;0.02;0.0;0.61
2021;272;365;beauce_5_sa_019;BTH;;1.96;0.0;15.76;-47.04;0.0;38.85;8.7;0.0;0.0;0;0.0;0;-80.21;0.0;0.0;0.0;1.96
2021;1;213;beauce_5_sa_020;BTH;;5.2;1.17;54.41;-2.17;137.4;19.26;17.87;0.14;0.01;0;80.85;0;-82.16;0.11;0.03;1.17;5.2
2021;214;309;beauce_5_sa_020;solnu;;1.15;0.0;34.85;-11.16;0.0;17.87;40.36;0.04;0.01;0;0;0;-166.13;0.02;0.02;0.0;1.15
2021;310;365;beauce_5_sa_020;BTH;;2.24;0.0;6.85;-38.41;0.0;40.57;10.83;0.01;0.0;0;0.0;0;-69.03;0.0;0.0;0.0;2.24
2021;1;186;beauce_5_sa_021;BTH;;4.12;2.21;41.67;35.13;179.63;22.12;81.23;0.26;0.03;0;108.96;0;-111.85;0.21;0.05;2.21;4.12
2021;187;272;beauce_5_sa_021;solnu;;4.35;0.0;39.74;-56.47;0.0;81.23;61.2;0.06;0.08;0;0;0;-176.08;0.05;0.01;0.0;4.35
2021;273;365;beauce_5_sa_021;BTH;;11.57;0.0;16.66;-16.55;0.0;61.3;49.74;0.0;0.0;0;0.0;0;74.29;0.0;0.0;0.0;11.57
2021;1;198;beauce_5_sa_022;BTH;;15.48;2.53;46.47;44.36;165.66;70.52;171.81;0.26;0.03;0;99.84;0;-102.15;0.21;0.05;2.53;15.48
2021;199;303;beauce_5_sa_022;solnu;;8.63;0.0;41.46;-0.7;0.0;171.81;204.54;0.1;0.1;0;0;0;-231.34;0.08;0.03;0.0;8.63
2021;304;365;beauce_5_sa_022;BTH;;24.05;0.0;8.17;-78.82;0.0;204.74;109.81;0.02;0.0;0;0.0;0;17.33;0.02;0.0;0.0;24.05
2021;1;205;beauce_5_sa_023;BTH;;9.05;0.76;49.31;23.63;103.2;29.71;48.81;0.13;0.01;0;61.99;0;-111.35;0.08;0.04;0.76;9.05
2021;206;299;beauce_5_sa_023;solnu;;1.5;0.0;37.43;-5.59;0.0;48.81;79.02;0.07;0.06;0;0;0;-214.63;0.05;0.02;0.0;1.5
2021;300;365;beauce_5_sa_023;BTH;;6.07;0.32;8.77;-74.13;2.09;79.26;29.72;0.01;0.0;0;1.23;0;-7.95;0.01;0.0;0.32;6.07
2021;1;227;beauce_5_sa_024;BTH;;18.92;2.41;60.84;66.86;164.89;77.33;205.5;0.3;0.03;0;99.08;0;-363.64;0.23;0.08;2.41;18.92
2021;228;305;beauce_5_sa_024;solnu;;12.18;0.0;26.99;-7.47;0.0;205.5;212.6;0.09;0.14;0;0;0;-191.08;0.07;0.01;0.0;12.18
2021;306;365;beauce_5_sa_024;BTH;;26.67;0.0;7.76;-71.72;0.0;212.81;121.95;0.02;0.0;0;0.0;0;-14.17;0.02;0.0;0.0;26.67
2021;1;225;beauce_5_sa_025;BTH;;9.84;0.46;60.24;18.96;116.73;47.97;36.81;0.1;0.01;0;71.4;0;-220.42;0.05;0.05;0.46;9.84
2021;226;275;beauce_5_sa_025;solnu;;1.48;0.0;21.64;-45.24;0.0;36.81;21.55;0.02;0.04;0;0;0;-229.81;0.02;0.0;0.0;1.48
2021;276;365;beauce_5_sa_025;BTH;;4.88;0.5;15.1;-17.46;3.81;21.47;48.03;0.04;0.0;0;2.24;0;44.66;0.04;0.0;0.5;4.88
2021;1;200;beauce_5_sa_026;BTH;;2.38;0.0;46.53;20.79;52.54;7.42;20.23;0.05;0.0;0;30.92;0;-221.36;0.01;0.04;0.0;2.38
2021;201;261;beauce_5_sa_026;solnu;;0.4;0.0;29.1;-39.28;0.0;20.23;11.36;0.02;0.03;0;0;0;-214.22;0.02;0.01;0.0;0.4
2021;262;365;beauce_5_sa_026;BTH;;2.23;0.0;19.7;-18.48;0.0;11.36;10.5;0.0;0.0;0;0.0;0;-47.72;0.0;0.0;0.0;2.23
2021;1;195;beauce_5_sa_027;BTH;;5.97;2.19;45.09;22.67;171.2;27.05;81.89;0.26;0.02;0;100.74;0;-169.8;0.22;0.04;2.19;5.97
2021;196;296;beauce_5_sa_027;solnu;;3.13;0.0;41.38;3.22;0.0;81.89;124.01;0.09;0.08;0;0;0;-241.75;0.07;0.03;0.0;3.13
2021;297;365;beauce_5_sa_027;BTH;;11.47;0.0;9.33;-70.47;0.0;124.21;51.39;0.01;0.0;0;0.0;0;-14.72;0.0;0.0;0.0;11.47
2021;1;172;beauce_5_sa_028;BTH;;7.5;2.14;33.53;21.93;149.9;37.13;96.49;0.17;0.02;0;88.21;0;-21.29;0.14;0.03;2.14;7.5
2021;173;309;beauce_5_sa_028;solnu;;8.69;0.0;55.24;-62.13;0.0;96.49;81.42;0.14;0.09;0;0;0;-240.95;0.1;0.04;0.0;8.69
2021;310;365;beauce_5_sa_028;BTH;;14.07;0.0;6.98;-6.97;0.0;81.49;67.36;0.0;0.0;0;0.0;0;28.62;0.0;0.0;0.0;14.07
2021;1;226;beauce_5_sa_029;BTH;;3.47;0.0;59.36;13.25;55.98;11.41;25.37;0.05;0.0;0;32.94;0;-278.61;0.0;0.04;0.0;3.47
2021;227;283;beauce_5_sa_029;solnu;;0.46;0.0;23.71;-41.24;0.0;25.37;12.24;0.02;0.04;0;0;0;-185.04;0.01;0.0;0.0;0.46
2021;284;365;beauce_5_sa_029;BTH;;2.31;0.0;12.57;-12.41;0.0;12.32;10.09;0.0;0.0;0;0.0;0;-7.78;0.0;0.0;0.0;2.31
2021;1;204;beauce_5_sa_030;BTH;;2.56;0.0;48.34;18.26;56.06;9.05;17.37;0.04;0.0;0;32.98;0;-216.74;0.0;0.04;0.0;2.56
2021;205;269;beauce_5_sa_030;solnu;;0.35;0.0;30.12;-41.3;0.0;17.37;8.8;0.01;0.03;0;0;0;-229.43;0.01;0.0;0.0;0.35
2021;270;365;beauce_5_sa_030;BTH;;1.66;0.0;17.0;-15.93;0.0;8.85;8.21;0.0;0.0;0;0.0;0;-21.29;0.0;0.0;0.0;1.66
2021;1;174;beauce_5_sa_031;BTH;;29.4;3.02;34.39;28.82;151.3;177.75;291.33;0.2;0.04;0;93.34;0;-153.0;0.17;0.04;3.02;29.4
2021;175;295;beauce_5_sa_031;solnu;;27.22;0.0;51.53;-98.89;0.0;291.33;217.21;0.18;0.12;0;0;0;-239.81;0.16;0.02;0.0;27.22
2021;296;365;beauce_5_sa_031;BTH;;40.04;0.0;9.86;6.99;6.38;217.4;187.62;0.02;0.0;0;3.76;0;50.05;0.01;0.01;0.0;40.04
2021;1;192;beauce_5_sa_032;BTH;;8.56;1.07;43.34;15.05;98.74;28.13;59.46;0.13;0.02;0;58.1;0;-145.91;0.09;0.04;1.07;8.56
2021;193;299;beauce_5_sa_032;solnu;;2.59;0.0;42.38;-1.38;0.0;59.46;98.67;0.08;0.07;0;0;0;-260.07;0.05;0.03;0.0;2.59
2021;300;365;beauce_5_sa_032;BTH;;8.18;0.0;8.71;-62.29;0.0;98.91;36.91;0.01;0.0;0;0.0;0;-15.09;0.01;0.0;0.0;8.18
2021;1;182;beauce_5_sa_033;BTH;;4.53;0.57;38.77;20.19;67.44;16.08;45.05;0.06;0.0;0;39.69;0;-114.98;0.02;0.04;0.57;4.53
2021;183;276;beauce_5_sa_033;solnu;;1.24;0.0;41.87;-50.52;0.0;45.05;35.04;0.09;0.07;0;0;0;-250.2;0.06;0.02;0.0;1.24
2021;277;365;beauce_5_sa_033;BTH;;6.01;0.0;14.76;-17.49;0.0;33.28;26.29;0.0;0.0;0;0.0;0;-2.86;0.0;0.0;0.0;6.01
2021;1;189;beauce_5_sa_034;BTH;;8.81;0.44;41.76;21.37;172.88;23.59;17.5;0.14;0.01;0;101.73;0;-198.58;0.1;0.04;0.44;8.81
2021;190;283;beauce_5_sa_034;solnu;;1.84;0.0;39.91;-3.46;0.0;17.5;52.17;0.03;0.02;0;0;0;-255.38;0.01;0.02;0.0;1.84
2021;284;365;beauce_5_sa_034;BTH;;3.75;1.06;12.43;-45.27;0.0;52.56;16.66;0.0;0.0;0;0.0;0;-63.46;0.0;0.0;1.06;3.75
2021;1;185;beauce_5_sa_035;BTH;;2.52;0.31;40.03;15.52;77.74;8.83;7.46;0.04;0.0;0;45.74;0;-119.2;0.01;0.03;0.31;2.52
2021;186;267;beauce_5_sa_035;solnu;;0.37;0.0;38.01;-44.39;0.0;7.46;7.76;0.02;0.02;0;0;0;-281.51;0.01;0.01;0.0;0.37
2021;268;365;beauce_5_sa_035;BTH;;1.48;0.0;17.71;-17.35;0.0;7.72;6.72;0.0;0.0;0;0.0;0;12.04;0.0;0.0;0.0;1.48
2021;1;198;beauce_5_sa_036;BTH;;3.33;0.79;47.6;22.94;172.67;17.29;49.29;0.31;0.02;0;109.89;0;-193.93;0.27;0.04;0.79;3.33
2021;199;263;beauce_5_sa_036;solnu;;2.55;0.0;31.53;-62.98;0.0;49.29;18.05;0.0;0.0;0;0;0;-96.16;0.0;0.0;0.0;2.55
2021;264;365;beauce_5_sa_036;BTH;;3.54;1.04;19.14;-6.36;7.05;18.05;20.22;0.01;0.0;0;4.15;0;89.41;0.0;0.01;1.04;3.54
2021;1;217;beauce_5_sa_037;BTH;;5.28;0.0;54.92;-5.2;43.29;16.76;19.32;0.03;0.0;0;25.47;0;-173.03;0.0;0.03;0.0;5.28
2021;218;296;beauce_5_sa_037;solnu;;0.72;0.0;29.77;-14.75;0.0;19.32;33.57;0.03;0.02;0;0;0;-171.03;0.01;0.01;0.0;0.72
2021;297;365;beauce_5_sa_037;BTH;;1.85;0.0;9.19;-32.74;0.0;33.73;8.31;0.0;0.0;0;0.0;0;-26.11;0.0;0.0;0.0;1.85
2021;1;213;beauce_5_sa_038;BTH;;11.35;1.99;55.29;36.4;114.48;47.33;163.77;0.3;0.03;0;97.08;0;-307.0;0.25;0.06;1.99;11.35
2021;214;267;beauce_5_sa_038;solnu;;9.25;0.0;24.99;-69.26;0.0;163.77;110.08;0.07;0.1;0;0;0;-127.28;0.07;0.0;0.0;9.25
2021;268;365;beauce_5_sa_038;BTH;;21.02;0.0;17.94;-17.83;0.0;110.12;89.18;0.0;0.0;0;0.0;0;72.01;0.0;0.0;0.0;21.02
2021;1;230;beauce_5_sa_039;BTH;;6.16;1.35;63.36;27.43;119.65;20.4;87.44;0.27;0.02;0;70.41;0;-214.27;0.21;0.05;1.35;6.16
2021;231;275;beauce_5_sa_039;solnu;;3.42;0.0;19.46;-53.44;0.0;87.44;55.72;0.04;0.11;0;0;0;-156.58;0.04;0.0;0.0;3.42
2021;276;365;beauce_5_sa_039;BTH;;10.5;0.0;15.29;-15.18;0.0;55.72;45.34;0.0;0.0;0;0.0;0;44.46;0.0;0.0;0.0;10.5
2021;1;198;beauce_5_sa_040;BTH;;6.67;1.31;47.0;24.76;74.66;34.0;123.24;0.18;0.01;0;79.05;0;-323.0;0.13;0.04;1.31;6.67
2021;199;261;beauce_5_sa_040;solnu;;4.22;0.0;30.55;-116.03;0.0;123.24;33.45;0.01;0.0;0;0;0;-58.68;0.01;0.0;0.0;4.22
2021;262;365;beauce_5_sa_040;BTH;;6.15;0.0;19.8;25.02;34.62;33.84;37.45;0.04;0.01;0;20.37;0;37.69;0.01;0.03;0.0;6.15
2021;1;173;beauce_5_sa_041;BTH;;16.42;3.25;33.79;47.95;178.33;107.35;240.87;0.27;0.03;0;112.71;0;-165.88;0.22;0.05;3.25;16.42
2021;174;290;beauce_5_sa_041;solnu;;19.17;0.0;49.71;13.28;0.0;240.87;285.18;0.19;0.12;0;0;0;-322.6;0.15;0.04;0.0;19.17
2021;291;365;beauce_5_sa_041;BTH;;36.09;0.0;10.94;-83.17;12.35;285.38;164.46;0.04;0.0;0;7.27;0;-19.32;0.03;0.0;0.0;36.09
2021;1;200;beauce_5_sa_042;BTH;;7.31;0.76;46.45;6.23;110.37;18.75;10.9;0.06;0.0;0;64.95;0;-103.76;0.02;0.03;0.76;7.31
2021;201;296;beauce_5_sa_042;solnu;;1.21;0.0;38.92;-43.88;0.0;10.9;10.02;0.01;0.0;0;0;0;-259.1;0.0;0.01;0.0;1.21
2021;297;365;beauce_5_sa_042;BTH;;1.84;0.0;9.18;-12.25;0.0;10.09;8.28;0.0;0.0;0;0.0;0;-38.15;0.0;0.0;0.0;1.84
2021;1;228;beauce_5_sa_043;BTH;;4.38;0.0;59.6;5.05;45.46;14.02;29.72;0.04;0.0;0;26.75;0;-231.34;0.0;0.04;0.0;4.38
2021;229;283;beauce_5_sa_043;solnu;;0.58;0.0;21.81;-16.6;0.0;29.72;34.29;0.02;0.04;0;0;0;-141.61;0.02;0.01;0.0;0.58
2021;284;365;beauce_5_sa_043;BTH;;2.84;0.0;12.4;-31.77;0.0;34.59;12.54;0.0;0.0;0;0.0;0;-44.35;0.0;0.0;0.0;2.84
2021;1;189;beauce_5_sa_044;BTH;;6.07;1.41;42.08;23.36;117.06;22.59;70.69;0.16;0.01;0;68.88;0;-125.38;0.12;0.04;1.41;6.07
2021;190;301;beauce_5_sa_044;solnu;;1.94;0.0;44.87;-67.3;0.0;70.69;47.0;0.07;0.09;0;0;0;-235.15;0.05;0.02;0.0;1.94
2021;302;365;beauce_5_sa_044;BTH;;8.55;0.0;8.44;-8.29;0.0;46.97;38.6;0.0;0.0;0;0.0;0;12.18;0.0;0.0;0.0;8.55
2021;1;181;beauce_5_sa_045;BTH;;5.69;0.86;37.53;0.19;106.05;19.45;9.97;0.04;0.01;0;62.4;0;-21.21;0.02;0.02;0.86;5.69
2021;182;303;beauce_5_sa_045;solnu;;1.25;0.0;48.77;-46.23;0.0;9.97;13.0;0.03;0.02;0;0;0;-238.59;0.01;0.02;0.0;1.25
2021;304;365;beauce_5_sa_045;BTH;;2.37;0.0;8.09;-8.67;0.0;13.0;10.76;0.0;0.0;0;0.0;0;-7.3;0.0;0.0;0.0;2.37
2021;1;206;beauce_5_sa_046;BTH;;8.28;0.96;49.85;5.66;120.97;22.44;21.68;0.08;0.0;0;71.18;0;-83.23;0.04;0.04;0.96;8.28
2021;207;284;beauce_5_sa_046;solnu;;1.35;0.0;33.31;-13.05;0.0;21.68;40.55;0.02;0.02;0;0;0;-180.75;0.01;0.01;0.0;1.35
2021;285;365;beauce_5_sa_046;BTH;;2.72;0.0;12.27;-43.45;0.0;40.84;12.06;0.0;0.0;0;0.0;0;-76.92;0.0;0.0;0.0;2.72
2021;1;172;beauce_5_sa_047;BTH;;5.19;0.0;33.0;-2.76;35.16;18.87;10.06;0.02;0.0;0;20.69;0;-138.66;0.0;0.02;0.0;5.19
2021;173;289;beauce_5_sa_047;solnu;;1.31;0.0;49.41;-1.93;0.0;10.06;56.14;0.05;0.04;0;0;0;-311.97;0.02;0.03;0.0;1.31
2021;290;365;beauce_5_sa_047;BTH;;3.31;0.0;11.09;-43.15;6.04;56.51;14.72;0.01;0.0;0;3.56;0;-48.71;0.01;0.0;0.0;3.31
2021;1;203;beauce_5_sa_048;BTH;;11.39;2.06;48.85;50.79;123.69;50.05;170.52;0.3;0.02;0;103.45;0;-319.75;0.24;0.06;2.06;11.39
2021;204;262;beauce_5_sa_048;solnu;;7.99;0.0;28.22;-8.22;0.0;170.52;182.32;0.09;0.11;0;0;0;-206.63;0.08;0.01;0.0;7.99
2021;263;365;beauce_5_sa_048;BTH;;22.01;0.0;18.89;-79.18;8.05;182.91;91.97;0.0;0.0;0;4.73;0;-26.88;0.0;0.0;0.0;22.01
2021;1;176;beauce_5_sa_049;BTH;;2.49;1.12;35.42;5.21;126.57;10.54;5.54;0.07;0.0;0;74.48;0;-18.92;0.05;0.02;1.12;2.49
2021;177;275;beauce_5_sa_049;solnu;;0.62;0.0;45.25;-43.6;0.0;5.54;10.34;0.03;0.03;0;0;0;-245.48;0.01;0.02;0.0;0.62
2021;276;365;beauce_5_sa_049;BTH;;1.95;0.0;15.37;-16.66;0.0;10.34;8.5;0.0;0.0;0;0.0;0;11.31;0.0;0.0;0.0;1.95
2021;1;201;beauce_5_sa_050;BTH;;5.11;0.0;46.83;5.22;55.14;16.54;9.52;0.03;0.0;0;33.02;0;-118.22;0.0;0.03;0.0;5.11
2021;202;291;beauce_5_sa_050;solnu;;0.66;0.0;36.79;-23.55;0.0;9.52;22.06;0.02;0.01;0;0;0;-213.0;0.0;0.02;0.0;0.66
2021;292;365;beauce_5_sa_050;BTH;;1.53;0.15;10.78;-34.13;1.44;15.99;7.73;0.0;0.0;0;0.85;0;-26.59;0.0;0.0;0.15;1.53
2021;1;221;beauce_5_sa_051;BTH;;8.73;2.13;59.32;13.12;217.17;28.29;36.2;0.22;0.02;0;127.79;0;-93.6;0.18;0.05;2.13;8.73
2021;222;295;beauce_5_sa_051;solnu;;2.4;0.0;28.37;-39.74;0.0;36.2;23.48;0.02;0.03;0;0;0;-146.41;0.01;0.01;0.0;2.4
2021;296;365;beauce_5_sa_051;BTH;;4.32;0.0;9.84;-10.74;0.0;23.48;19.29;0.0;0.0;0;0.0;0;15.42;0.0;0.0;0.0;4.32
2021;1;212;beauce_5_sa_052;BTH;;5.12;2.0;54.56;12.4;193.31;21.41;40.79;0.19;0.02;0;113.75;0;-55.43;0.15;0.04;2.0;5.12
2021;213;308;beauce_5_sa_052;solnu;;1.5;0.0;35.64;-53.54;0.0;40.79;23.2;0.04;0.05;0;0;0;-166.64;0.03;0.01;0.0;1.5
2021;309;365;beauce_5_sa_052;BTH;;4.01;0.0;7.2;-7.05;0.0;23.57;19.35;0.0;0.0;0;0.0;0;31.85;0.0;0.0;0.0;4.01
2021;1;195;beauce_5_sa_053;BTH;;12.72;2.35;45.3;43.76;171.77;63.54;146.03;0.26;0.03;0;103.86;0;-119.61;0.21;0.05;2.35;12.72
2021;196;300;beauce_5_sa_053;solnu;;6.72;0.0;42.32;-73.09;0.0;146.03;109.16;0.09;0.1;0;0;0;-219.16;0.07;0.02;0.0;6.72
2021;301;365;beauce_5_sa_053;BTH;;19.89;0.0;8.71;-8.77;0.0;109.09;89.21;0.0;0.0;0;0.0;0;44.75;0.0;0.0;0.0;19.89
2021;1;177;beauce_5_sa_054;BTH;;1.93;0.0;35.71;15.26;54.67;10.7;5.33;0.03;0.0;0;36.91;0;-184.68;0.0;0.03;0.0;1.93
2021;178;262;beauce_5_sa_054;solnu;;0.39;0.0;39.99;-46.59;0.0;5.33;2.49;0.01;0.0;0;0;0;-298.12;0.0;0.01;0.0;0.39
2021;263;365;beauce_5_sa_054;BTH;;0.5;0.0;18.96;-8.04;6.71;2.46;6.19;0.01;0.0;0;3.95;0;-27.42;0.0;0.01;0.0;0.5
2021;1;175;beauce_5_sa_055;BTH;;9.33;1.92;34.96;35.71;129.82;42.37;118.81;0.13;0.02;0;77.09;0;-55.08;0.09;0.04;1.92;9.33
2021;176;300;beauce_5_sa_055;solnu;;7.0;0.0;51.93;-71.55;0.0;118.81;92.47;0.16;0.1;0;0;0;-268.3;0.13;0.03;0.0;7.0
2021;301;365;beauce_5_sa_055;BTH;;16.05;0.0;8.74;-13.35;0.0;90.69;71.81;0.0;0.0;0;0.0;0;39.67;0.0;0.0;0.0;16.05
2021;1;212;beauce_5_sa_056;BTH;;7.04;0.92;53.21;14.41;102.84;23.2;51.78;0.13;0.01;0;60.51;0;-270.97;0.09;0.04;0.92;7.04
2021;213;311;beauce_5_sa_056;solnu;;1.62;0.0;35.19;-3.47;0.0;51.78;81.73;0.09;0.07;0;0;0;-233.59;0.06;0.02;0.0;1.62
2021;312;365;beauce_5_sa_056;BTH;;6.59;0.0;6.38;-49.46;0.0;82.11;32.69;0.02;0.0;0;0.0;0;-39.75;0.02;0.0;0.0;6.59
2021;1;201;beauce_5_sa_057;BTH;;5.43;0.0;46.46;-7.57;44.87;17.29;7.69;0.02;0.0;0;26.41;0;-177.77;0.0;0.02;0.0;5.43
2021;202;310;beauce_5_sa_057;solnu;;0.83;0.0;40.57;-9.43;0.0;7.69;37.95;0.04;0.01;0;0;0;-234.72;0.02;0.02;0.0;0.83
2021;311;365;beauce_5_sa_057;BTH;;2.01;0.0;6.6;-32.49;0.0;38.25;10.2;0.01;0.0;0;0.0;0;-25.43;0.01;0.0;0.0;2.01
2021;1;176;beauce_5_sa_058;BTH;;11.1;2.09;35.84;37.87;171.05;105.78;154.91;0.33;0.03;0;119.38;0;-80.17;0.28;0.04;2.09;11.1
2021;177;268;beauce_5_sa_058;solnu;;11.37;0.0;43.25;1.46;0.0;154.91;182.41;0.12;0.1;0;0;0;-227.94;0.09;0.03;0.0;11.37
2021;269;365;beauce_5_sa_058;BTH;;22.0;0.87;17.17;-75.9;8.62;182.7;157.85;0.02;0.0;0;5.08;0;37.19;0.02;0.0;0.87;22.0
2021;1;203;beauce_5_sa_059;BTH;;4.72;0.19;47.55;-1.33;64.5;15.22;5.81;0.05;0.01;0;37.95;0;-112.33;0.02;0.03;0.19;4.72
2021;204;304;beauce_5_sa_059;solnu;;0.65;0.0;38.66;-42.48;0.0;5.81;5.22;0.01;0.0;0;0;0;-247.81;0.0;0.01;0.0;0.65
2021;305;365;beauce_5_sa_059;BTH;;0.95;0.0;7.87;-8.67;0.0;5.29;4.35;0.0;0.0;0;0.0;0;-10.88;0.0;0.0;0.0;0.95
2021;1;202;beauce_5_sa_060;BTH;;8.85;1.38;48.04;17.09;183.05;52.46;30.71;0.15;0.02;0;108.31;0;-83.95;0.11;0.04;1.38;8.85
2021;203;311;beauce_5_sa_060;solnu;;1.9;0.0;41.63;-46.26;0.0;30.71;24.35;0.05;0.03;0;0;0;-212.06;0.02;0.02;0.0;1.9
2021;312;365;beauce_5_sa_060;BTH;;4.37;0.47;6.53;-14.76;1.12;24.68;46.59;0.01;0.0;0;0.66;0;-2.96;0.01;0.0;0.47;4.37
2021;1;179;beauce_5_sa_061;BTH;;4.43;1.21;37.43;12.13;106.92;17.52;45.93;0.12;0.01;0;62.92;0;-36.58;0.09;0.03;1.21;4.43
2021;180;297;beauce_5_sa_061;solnu;;3.14;0.0;49.59;-55.62;0.0;45.93;38.45;0.07;0.06;0;0;0;-218.41;0.05;0.02;0.0;3.14
2021;298;365;beauce_5_sa_061;BTH;;7.03;0.0;9.29;-9.27;0.0;38.48;31.44;0.0;0.0;0;0.0;0;27.38;0.0;0.0;0.0;7.03
2021;1;200;beauce_5_sa_062;BTH;;9.41;0.45;46.84;23.07;126.31;48.32;18.47;0.09;0.01;0;75.61;0;-152.01;0.05;0.04;0.45;9.41
2021;201;287;beauce_5_sa_062;solnu;;1.53;0.0;36.63;-8.69;0.0;18.47;44.83;0.03;0.02;0;0;0;-222.07;0.01;0.02;0.0;1.53
2021;288;365;beauce_5_sa_062;BTH;;3.39;0.57;11.51;-57.95;2.75;45.16;38.21;0.03;0.0;0;1.62;0;-74.9;0.03;0.0;0.57;3.39
2021;1;222;beauce_5_sa_063;BTH;;7.26;0.86;58.42;47.72;109.09;43.44;98.97;0.21;0.02;0;65.49;0;-338.92;0.14;0.06;0.86;7.26
2021;223;267;beauce_5_sa_063;solnu;;3.64;0.0;19.83;-12.59;0.0;98.97;102.42;0.05;0.09;0;0;0;-148.99;0.05;0.01;0.0;3.64
2021;268;365;beauce_5_sa_063;BTH;;11.32;0.41;16.88;-60.26;2.4;102.71;76.64;0.0;0.0;0;1.41;0;-62.84;0.0;0.0;0.41;11.32
2021;1;185;beauce_5_sa_064;BTH;;3.85;0.93;40.12;6.72;99.22;13.36;26.6;0.12;0.01;0;58.39;0;-48.31;0.09;0.03;0.93;3.85
2021;186;287;beauce_5_sa_064;solnu;;0.89;0.0;43.68;-50.39;0.0;26.6;21.55;0.05;0.05;0;0;0;-221.66;0.03;0.02;0.0;0.89
2021;288;365;beauce_5_sa_064;BTH;;4.05;0.0;11.76;-12.21;0.0;21.45;17.43;0.0;0.0;0;0.0;0;17.24;0.0;0.0;0.0;4.05
2021;1;203;beauce_5_sa_065;BTH;;7.0;1.44;48.76;10.44;162.74;21.26;19.72;0.12;0.0;0;95.76;0;-61.68;0.08;0.04;1.44;7.0
2021;204;287;beauce_5_sa_065;solnu;;1.52;0.0;36.29;-44.38;0.0;19.72;14.94;0.02;0.02;0;0;0;-225.01;0.01;0.01;0.0;1.52
2021;288;365;beauce_5_sa_065;BTH;;2.82;0.0;11.71;-13.4;0.0;15.19;12.2;0.0;0.0;0;0.0;0;20.57;0.0;0.0;0.0;2.82
2021;1;170;beauce_5_sa_066;BTH;;6.35;0.0;32.22;-7.16;29.9;23.18;12.23;0.02;0.0;0;17.6;0;-126.34;0.0;0.02;0.0;6.35
2021;171;304;beauce_5_sa_066;solnu;;1.8;0.0;53.51;0.62;0.0;12.23;64.56;0.06;0.04;0;0;0;-327.0;0.03;0.03;0.0;1.8
2021;305;365;beauce_5_sa_066;BTH;;4.64;0.0;7.88;-43.74;0.87;64.71;23.17;0.02;0.0;0;0.51;0;-34.1;0.02;0.0;0.0;4.64
2021;1;177;beauce_5_sa_067;BTH;;2.03;0.81;36.18;18.15;99.57;10.45;23.84;0.13;0.02;0;62.03;0;-123.14;0.1;0.03;0.81;2.03
2021;178;263;beauce_5_sa_067;solnu;;1.1;0.0;41.09;-61.87;0.0;23.84;6.94;0.02;0.0;0;0;0;-224.95;0.01;0.01;0.0;1.1
2021;264;365;beauce_5_sa_067;BTH;;1.37;0.0;18.92;-9.74;4.76;7.11;9.99;0.01;0.0;0;2.8;0;46.46;0.0;0.01;0.0;1.37
2021;1;216;beauce_5_sa_068;BTH;;3.71;0.0;54.57;8.52;43.73;11.82;28.29;0.04;0.0;0;25.73;0;-211.7;0.0;0.04;0.0;3.71
2021;217;270;beauce_5_sa_068;solnu;;0.49;0.0;23.47;-16.19;0.0;28.29;35.01;0.03;0.04;0;0;0;-150.17;0.02;0.01;0.0;0.49
2021;271;365;beauce_5_sa_068;BTH;;2.51;0.0;16.01;-37.77;0.0;35.33;11.06;0.0;0.0;0;0.0;0;-50.96;0.0;0.0;0.0;2.51
2021;1;199;beauce_5_sa_069;BTH;;24.48;2.95;47.29;33.23;159.3;151.16;273.81;0.29;0.01;0;116.48;0;-280.34;0.24;0.05;2.95;24.48
2021;200;274;beauce_5_sa_069;solnu;;10.61;0.0;34.17;-102.56;0.0;273.81;194.56;0.1;0.14;0;0;0;-156.82;0.09;0.01;0.0;10.61
2021;275;365;beauce_5_sa_069;BTH;;33.95;0.0;15.78;22.54;38.41;194.9;160.47;0.05;0.01;0;22.6;0;63.95;0.03;0.02;0.0;33.95
2021;1;175;beauce_5_sa_070;BTH;;12.78;1.7;34.65;8.64;135.09;41.96;66.0;0.08;0.0;0;79.49;0;-55.94;0.05;0.03;1.7;12.78
2021;176;309;beauce_5_sa_070;solnu;;5.78;0.0;53.35;8.47;0.0;66.0;121.96;0.14;0.08;0;0;0;-281.14;0.1;0.04;0.0;5.78
2021;310;365;beauce_5_sa_070;BTH;;11.4;0.0;6.88;-61.88;0.0;122.19;55.66;0.02;0.0;0;0.0;0;-10.55;0.02;0.0;0.0;11.4
2021;1;219;beauce_5_sa_071;BTH;;4.76;0.0;55.93;4.61;54.77;15.55;17.53;0.04;0.0;0;32.23;0;-219.22;0.0;0.04;0.0;4.76
2021;220;306;beauce_5_sa_071;solnu;;0.66;0.0;30.48;-40.42;0.0;17.53;8.52;0.01;0.02;0;0;0;-209.25;0.01;0.01;0.0;0.66
2021;307;365;beauce_5_sa_071;BTH;;1.53;0.0;7.61;-7.73;0.0;8.46;7.0;0.0;0.0;0;0.0;0;-15.16;0.0;0.0;0.0;1.53
2021;1;175;beauce_5_sa_072;BTH;;6.78;1.34;35.01;13.72;117.14;20.88;45.89;0.07;0.0;0;68.93;0;-32.73;0.04;0.03;1.34;6.78
2021;176;291;beauce_5_sa_072;solnu;;2.88;0.0;50.44;-55.46;0.0;45.89;39.1;0.09;0.07;0;0;0;-225.99;0.07;0.02;0.0;2.88
2021;292;365;beauce_5_sa_072;BTH;;7.38;0.0;11.01;-11.01;0.0;39.03;31.72;0.0;0.0;0;0.0;0;33.71;0.0;0.0;0.0;7.38
2021;1;173;beauce_5_sa_073;BTH;;1.73;0.0;33.91;13.16;50.89;9.2;3.95;0.03;0.0;0;33.38;0;-161.8;0.0;0.03;0.0;1.73
2021;174;262;beauce_5_sa_073;solnu;;0.4;0.0;41.89;-46.48;0.0;3.95;2.32;0.01;0.0;0;0;0;-290.35;0.0;0.01;0.0;0.4
2021;263;365;beauce_5_sa_073;BTH;;0.48;0.0;19.05;-8.49;6.61;2.32;5.78;0.01;0.0;0;3.89;0;-21.24;0.0;0.01;0.0;0.48
2021;1;191;beauce_5_sa_074;BTH;;8.1;0.86;42.76;-2.03;69.37;26.01;53.66;0.11;0.01;0;40.82;0;-77.47;0.08;0.03;0.86;8.1
2021;192;308;beauce_5_sa_074;solnu;;2.68;0.0;44.72;-0.75;0.0;53.66;95.79;0.09;0.07;0;0;0;-226.39;0.06;0.03;0.0;2.68
2021;309;365;beauce_5_sa_074;BTH;;8.13;0.0;7.11;-54.88;0.0;96.17;39.88;0.02;0.0;0;0.0;0;-12.42;0.02;0.0;0.0;8.13
2021;1;206;beauce_5_sa_075;BTH;;5.36;0.0;48.92;-4.5;48.54;17.21;8.93;0.03;0.0;0;28.56;0;-164.94;0.0;0.03;0.0;5.36
2021;207;316;beauce_5_sa_075;solnu;;0.97;0.0;39.53;-41.46;0.0;8.93;6.57;0.02;0.0;0;0;0;-230.49;0.01;0.02;0.0;0.97
2021;317;365;beauce_5_sa_075;BTH;;1.01;0.0;5.32;-5.42;0.0;6.45;5.66;0.0;0.0;0;0.0;0;-12.12;0.0;0.0;0.0;1.01
2021;1;170;beauce_5_sa_076;BTH;;5.74;0.0;32.3;-4.69;32.12;21.08;11.12;0.02;0.0;0;18.9;0;-93.67;0.0;0.02;0.0;5.74
2021;171;304;beauce_5_sa_076;solnu;;1.62;0.0;53.73;-42.62;0.0;11.12;20.62;0.05;0.04;0;0;0;-303.76;0.02;0.03;0.0;1.62
2021;305;365;beauce_5_sa_076;BTH;;3.25;0.0;7.93;-10.34;0.0;20.19;14.97;0.0;0.0;0;0.0;0;-16.23;0.0;0.0;0.0;3.25
2021;1;223;beauce_5_sa_077;BTH;;7.64;0.14;58.53;27.49;90.75;26.01;26.52;0.06;0.0;0;54.68;0;-321.73;0.01;0.05;0.14;7.64
2021;224;309;beauce_5_sa_077;solnu;;1.38;0.0;29.44;-9.6;0.0;26.52;44.92;0.04;0.03;0;0;0;-206.05;0.02;0.01;0.0;1.38
2021;310;365;beauce_5_sa_077;BTH;;3.33;0.39;6.71;-58.4;1.55;45.14;19.49;0.02;0.0;0;0.91;0;-57.71;0.02;0.0;0.39;3.33
2021;1;229;beauce_5_sa_078;BTH;;19.52;2.4;62.55;47.68;113.35;69.62;230.51;0.32;0.03;0;97.35;0;-315.45;0.25;0.07;2.4;19.52
2021;230;266;beauce_5_sa_078;solnu;;14.38;0.0;17.07;-14.83;0.0;230.51;218.16;0.06;0.15;0;0;0;-121.44;0.06;0.0;0.0;14.38
2021;267;365;beauce_5_sa_078;BTH;;30.65;0.0;17.38;-69.19;3.45;218.4;132.31;0.0;0.0;0;2.03;0;36.84;0.0;0.0;0.0;30.65
2021;1;203;beauce_5_sa_079;BTH;;3.87;1.24;49.05;20.12;141.86;14.57;31.62;0.14;0.01;0;83.48;0;-100.02;0.1;0.04;1.24;3.87
2021;204;269;beauce_5_sa_079;solnu;;0.93;0.0;30.9;-42.44;0.0;31.62;19.26;0.04;0.05;0;0;0;-168.72;0.03;0.01;0.0;0.93
2021;270;365;beauce_5_sa_079;BTH;;3.63;0.0;17.01;-22.23;0.0;19.26;15.68;0.0;0.0;0;0.0;0;-34.3;0.0;0.0;0.0;3.63
2021;1;208;beauce_5_sa_080;BTH;;4.07;0.0;50.14;2.88;45.7;13.02;17.21;0.03;0.0;0;26.89;0;-167.2;0.0;0.03;0.0;4.07
2021;209;281;beauce_5_sa_080;solnu;;0.52;0.0;30.83;-27.7;0.0;17.21;19.77;0.02;0.02;0;0;0;-189.66;0.01;0.01;0.0;0.52
2021;282;365;beauce_5_sa_080;BTH;;1.69;0.0;13.07;-24.03;0.0;15.22;7.46;0.0;0.0;0;0.0;0;-35.6;0.0;0.0;0.0;1.69
2021;1;211;beauce_5_sa_081;BTH;;5.36;0.0;51.78;-1.95;48.06;17.29;14.83;0.03;0.0;0;28.28;0;-207.82;0.0;0.03;0.0;5.36
2021;212;300;beauce_5_sa_081;solnu;;0.73;0.0;33.53;-11.65;0.0;14.83;35.94;0.03;0.01;0;0;0;-209.55;0.01;0.02;0.0;0.73
2021;301;365;beauce_5_sa_081;BTH;;1.66;0.0;8.47;-35.31;0.0;36.23;7.55;0.0;0.0;0;0.0;0;-29.62;0.0;0.0;0.0;1.66
2021;1;200;beauce_5_sa_082;BTH;;4.25;2.34;47.89;19.99;208.49;18.83;49.21;0.26;0.02;0;122.68;0;-44.74;0.22;0.04;2.34;4.25
2021;201;304;beauce_5_sa_082;solnu;;1.48;0.0;42.2;-57.29;0.0;49.21;33.94;0.05;0.06;0;0;0;-122.18;0.04;0.01;0.0;1.48
2021;305;365;beauce_5_sa_082;BTH;;6.16;0.0;8.2;-8.14;0.0;33.99;27.84;0.0;0.0;0;0.0;0;53.77;0.0;0.0;0.0;6.16
2021;1;194;beauce_5_sa_083;BTH;;4.19;0.0;43.67;2.13;49.12;13.5;6.85;0.03;0.0;0;28.9;0;-170.11;0.0;0.03;0.0;4.19
2021;195;285;beauce_5_sa_083;solnu;;0.54;0.0;37.95;-10.04;0.0;6.85;34.18;0.02;0.02;0;0;0;-235.7;0.0;0.02;0.0;0.54
2021;286;365;beauce_5_sa_083;BTH;;1.35;0.0;11.93;-38.81;0.0;34.59;5.98;0.0;0.0;0;0.0;0;-41.55;0.0;0.0;0.0;1.35
2021;1;205;beauce_5_sa_084;BTH;;11.82;2.9;50.72;44.85;163.36;53.92;193.48;0.48;0.03;0;123.29;0;-201.21;0.42;0.06;2.9;11.82
2021;206;260;beauce_5_sa_084;solnu;;12.68;0.0;26.95;-9.83;0.0;193.48;197.73;0.08;0.1;0;0;0;-164.36;0.07;0.01;0.0;12.68
2021;261;365;beauce_5_sa_084;BTH;;27.28;0.0;20.06;-69.6;9.78;198.39;111.13;0.0;0.0;0;5.76;0;51.3;0.0;0.0;0.0;27.28
2021;1;224;beauce_5_sa_085;BTH;;5.3;1.0;59.88;38.98;116.25;16.99;70.08;0.24;0.01;0;69.29;0;-337.53;0.18;0.06;1.0;5.3
2021;225;264;beauce_5_sa_085;solnu;;2.1;0.0;18.12;-13.31;0.0;70.08;72.66;0.04;0.08;0;0;0;-132.54;0.04;0.01;0.0;2.1
2021;265;365;beauce_5_sa_085;BTH;;7.82;0.0;17.95;-52.49;0.0;73.26;33.53;0.0;0.0;0;0.0;0;-98.71;0.0;0.0;0.0;7.82
2021;1;225;beauce_5_sa_086;BTH;;13.01;1.76;60.25;63.25;121.47;41.75;164.98;0.28;0.02;0;79.14;0;-381.4;0.21;0.07;1.76;13.01
2021;226;263;beauce_5_sa_086;solnu;;8.74;0.0;17.45;-12.58;0.0;164.98;160.93;0.06;0.12;0;0;0;-131.59;0.06;0.0;0.0;8.74
2021;264;365;beauce_5_sa_086;BTH;;21.35;0.0;18.38;-64.88;3.2;161.3;90.15;0.0;0.0;0;1.89;0;-50.23;0.0;0.0;0.0;21.35
2021;1;181;beauce_5_sa_087;BTH;;9.29;1.2;37.71;2.98;128.79;26.75;20.66;0.07;0.0;0;75.79;0;-29.55;0.04;0.03;1.2;9.29
2021;182;300;beauce_5_sa_087;solnu;;2.61;0.0;48.48;-48.09;0.0;20.66;22.06;0.03;0.02;0;0;0;-258.52;0.01;0.02;0.0;2.61
2021;301;365;beauce_5_sa_087;BTH;;4.03;0.0;8.6;-9.48;0.0;22.25;18.08;0.0;0.0;0;0.0;0;1.04;0.0;0.0;0.0;4.03
2021;1;213;beauce_5_sa_088;BTH;;12.15;3.01;55.28;44.72;207.96;66.36;176.06;0.36;0.03;0;123.5;0;-98.36;0.3;0.06;3.01;12.15
2021;214;314;beauce_5_sa_088;solnu;;11.58;0.0;36.34;-4.01;0.0;176.06;196.56;0.14;0.1;0;0;0;-191.37;0.12;0.02;0.0;11.58
2021;315;365;beauce_5_sa_088;BTH;;21.23;0.0;5.91;-63.17;0.0;196.88;118.06;0.01;0.0;0;0.0;0;9.76;0.01;0.0;0.0;21.23
2021;1;220;beauce_5_sa_089;BTH;;19.75;0.0;57.38;16.14;132.14;114.1;39.27;0.11;0.01;0;78.73;0;-126.0;0.06;0.05;0.0;19.75
2021;221;316;beauce_5_sa_089;solnu;;4.18;0.0;32.78;-47.5;0.0;39.27;27.07;0.01;0.02;0;0;0;-251.95;0.0;0.01;0.0;4.18
2021;317;365;beauce_5_sa_089;BTH;;4.75;1.25;5.35;-15.4;0.9;26.38;106.4;0.04;0.0;0;0.53;0;-1.39;0.04;0.0;1.25;4.75
2021;1;204;beauce_5_sa_090;BTH;;11.71;0.0;48.52;23.72;94.06;50.36;19.43;0.06;0.01;0;58.06;0;-120.76;0.01;0.04;0.0;11.71
2021;205;294;beauce_5_sa_090;solnu;;1.71;0.0;36.54;-39.06;0.0;19.43;15.17;0.02;0.01;0;0;0;-215.33;0.0;0.02;0.0;1.71
2021;295;365;beauce_5_sa_090;BTH;;3.82;0.72;9.98;-30.47;3.81;15.12;43.67;0.04;0.0;0;2.24;0;-51.07;0.04;0.0;0.72;3.82
2021;1;174;beauce_5_sa_091;BTH;;16.44;1.48;34.25;31.18;137.36;77.2;102.96;0.11;0.02;0;81.96;0;-43.26;0.07;0.04;1.48;16.44
2021;175;314;beauce_5_sa_091;solnu;;12.47;0.0;54.99;10.73;0.0;102.96;156.7;0.18;0.09;0;0;0;-294.62;0.14;0.04;0.0;12.47
2021;315;365;beauce_5_sa_091;BTH;;16.26;0.52;5.88;-87.8;0.87;157.03;96.59;0.03;0.0;0;0.51;0;-1.31;0.03;0.0;0.52;16.26
2021;1;199;beauce_5_sa_092;BTH;;4.66;0.0;45.8;-1.71;47.58;15.0;6.44;0.03;0.0;0;28.0;0;-126.2;0.0;0.03;0.0;4.66
2021;200;301;beauce_5_sa_092;solnu;;0.66;0.0;39.85;-40.27;0.0;6.44;5.83;0.01;0.0;0;0;0;-227.5;0.0;0.01;0.0;0.66
2021;302;365;beauce_5_sa_092;BTH;;1.06;0.0;8.28;-8.44;0.0;5.82;4.79;0.0;0.0;0;0.0;0;-12.08;0.0;0.0;0.0;1.06
2021;1;230;beauce_5_sa_093;BTH;;4.7;0.67;62.21;8.86;101.41;16.49;32.32;0.07;0.0;0;59.67;0;-180.97;0.02;0.04;0.67;4.7
2021;231;285;beauce_5_sa_093;solnu;;0.89;0.0;21.46;-34.19;0.0;32.32;18.73;0.02;0.06;0;0;0;-133.54;0.02;0.01;0.0;0.89
2021;286;365;beauce_5_sa_093;BTH;;3.48;0.0;11.91;-20.63;0.0;18.73;15.3;0.0;0.0;0;0.0;0;-114.66;0.0;0.0;0.0;3.48
2021;1;199;beauce_5_sa_094;BTH;;9.41;2.24;47.07;38.94;135.61;35.2;146.03;0.32;0.02;0;89.46;0;-148.43;0.27;0.05;2.24;9.41
2021;200;280;beauce_5_sa_094;solnu;;7.76;0.0;35.61;-2.27;0.0;146.03;171.43;0.09;0.1;0;0;0;-210.1;0.06;0.02;0.0;7.76
2021;281;365;beauce_5_sa_094;BTH;;19.11;0.0;13.45;-72.98;8.7;171.74;84.09;0.0;0.0;0;5.12;0;3.92;0.0;0.0;0.0;19.11
2021;1;223;beauce_5_sa_095;BTH;;5.32;0.0;57.65;-1.52;47.68;16.87;21.61;0.04;0.0;0;28.06;0;-199.69;0.0;0.03;0.0;5.32
2021;224;301;beauce_5_sa_095;solnu;;0.75;0.0;28.0;-37.22;0.0;21.61;11.58;0.02;0.03;0;0;0;-167.85;0.01;0.01;0.0;0.75
2021;302;365;beauce_5_sa_095;BTH;;2.09;0.0;8.26;-9.58;0.0;11.45;9.34;0.0;0.0;0;0.0;0;-33.11;0.0;0.0;0.0;2.09
2021;1;186;beauce_5_sa_096;BTH;;6.01;0.0;39.88;-11.86;33.72;19.01;9.61;0.02;0.0;0;19.84;0;-137.22;0.0;0.02;0.0;6.01
2021;187;311;beauce_5_sa_096;solnu;;1.05;0.0;47.24;-5.28;0.0;9.61;50.45;0.05;0.02;0;0;0;-259.1;0.03;0.03;0.0;1.05
2021;312;365;beauce_5_sa_096;BTH;;3.29;0.0;6.42;-36.8;0.0;50.8;16.76;0.02;0.0;0;0.0;0;-24.01;0.01;0.0;0.0;3.29
2021;1;177;beauce_5_sa_097;BTH;;14.64;0.0;35.36;34.33;96.14;64.58;26.09;0.05;0.01;0;57.92;0;-176.17;0.01;0.04;0.0;14.64
2021;178;312;beauce_5_sa_097;solnu;;3.79;0.0;52.25;10.8;0.0;26.09;85.48;0.09;0.05;0;0;0;-362.02;0.05;0.04;0.0;3.79
2021;313;365;beauce_5_sa_097;BTH;;8.93;0.97;6.16;-75.72;1.52;85.75;78.18;0.06;0.0;0;0.9;0;-31.14;0.06;0.0;0.97;8.93
2021;1;201;beauce_5_sa_098;BTH;;5.37;0.0;46.55;-6.87;44.17;17.05;8.52;0.02;0.0;0;25.99;0;-127.19;0.0;0.02;0.0;5.37
2021;202;295;beauce_5_sa_098;solnu;;0.73;0.0;37.68;-12.68;0.0;8.52;32.76;0.02;0.01;0;0;0;-206.45;0.01;0.02;0.0;0.73
2021;296;365;beauce_5_sa_098;BTH;;1.34;0.0;9.65;-35.07;0.0;33.34;6.06;0.0;0.0;0;0.0;0;-25.84;0.0;0.0;0.0;1.34
2021;1;200;beauce_5_sa_099;BTH;;8.9;0.43;48.21;26.28;130.81;93.96;62.13;0.21;0.03;0;78.76;0;-143.77;0.17;0.04;0.43;8.9
2021;201;259;beauce_5_sa_099;solnu;;3.4;0.0;29.21;-48.6;0.0;62.13;43.53;0.04;0.06;0;0;0;-208.09;0.03;0.01;0.0;3.4
2021;260;365;beauce_5_sa_099;BTH;;8.54;1.0;21.14;-21.51;0.9;43.38;108.93;0.02;0.0;0;0.53;0;57.46;0.02;0.0;1.0;8.54
2022;1;177;beauce_5_sa_000;BTH;;8.16;1.16;41.93;14.58;98.98;28.3;64.57;0.11;0.02;0;60.01;0;-21.83;0.08;0.03;1.16;8.16
2022;178;275;beauce_5_sa_000;solnu;;2.91;0.0;43.63;-2.15;0.0;64.57;102.97;0.11;0.07;0;0;0;-208.95;0.08;0.03;0.0;2.91
2022;276;365;beauce_5_sa_000;BTH;;6.82;0.0;15.62;-62.15;0.0;103.42;49.78;0.01;0.0;0;0.0;0;-0.71;0.01;0.0;0.0;6.82
2022;1;182;beauce_5_sa_001;BTH;;13.57;1.04;43.54;33.1;86.82;45.08;99.15;0.11;0.01;0;53.73;0;-158.28;0.07;0.05;1.04;13.57
2022;183;265;beauce_5_sa_001;solnu;;5.49;0.0;37.99;-3.33;0.0;99.15;128.12;0.11;0.08;0;0;0;-231.37;0.09;0.02;0.0;5.49
2022;266;365;beauce_5_sa_001;BTH;;9.58;0.0;17.4;-64.09;4.5;128.43;67.35;0.0;0.0;0;2.65;0;-32.42;0.0;0.0;0.0;9.58
2022;1;187;beauce_5_sa_002;BTH;;2.15;0.0;45.81;16.03;58.64;7.41;8.42;0.04;0.0;0;35.08;0;-211.5;0.0;0.04;0.0;2.15
2022;188;287;beauce_5_sa_002;solnu;;0.87;0.0;40.27;-8.1;0.0;8.42;39.63;0.05;0.03;0;0;0;-266.28;0.03;0.02;0.0;0.87
2022;288;365;beauce_5_sa_002;BTH;;1.77;0.0;11.16;-36.26;0.0;40.26;14.29;0.0;0.0;0;0.0;0;-65.07;0.0;0.0;0.0;1.77
2022;1;230;beauce_5_sa_003;BTH;;5.13;0.58;66.66;23.12;102.62;13.98;39.66;0.08;0.01;0;60.39;0;-283.19;0.03;0.06;0.58;5.13
2022;231;303;beauce_5_sa_003;solnu;;1.98;0.0;22.8;-14.03;0.0;39.66;46.37;0.04;0.04;0;0;0;-132.35;0.04;0.01;0.0;1.98
2022;304;365;beauce_5_sa_003;BTH;;2.77;0.0;7.3;-32.13;0.0;46.51;24.47;0.01;0.0;0;0.0;0;-113.26;0.01;0.0;0.0;2.77
2022;1;175;beauce_5_sa_004;BTH;;6.35;1.54;41.5;13.27;134.9;23.25;51.89;0.16;0.04;0;79.38;0;12.35;0.13;0.03;1.54;6.35
2022;176;271;beauce_5_sa_004;solnu;;2.98;0.0;43.99;-2.58;0.0;51.89;90.15;0.1;0.06;0;0;0;-192.41;0.07;0.03;0.0;2.98
2022;272;365;beauce_5_sa_004;BTH;;6.1;0.0;16.6;-56.98;0.0;90.47;44.22;0.0;0.0;0;0.0;0;0.43;0.0;0.0;0.0;6.1
2022;1;181;beauce_5_sa_005;BTH;;6.64;0.0;42.22;17.84;92.8;14.16;10.75;0.07;0.0;0;54.6;0;-123.82;0.03;0.04;0.0;6.64
2022;182;314;beauce_5_sa_005;solnu;;2.52;0.0;48.67;-42.39;0.0;10.75;19.78;0.04;0.03;0;0;0;-343.66;0.02;0.02;0.0;2.52
2022;315;365;beauce_5_sa_005;BTH;;1.33;0.5;5.42;-5.69;0.0;19.73;18.41;0.0;0.0;0;0.0;0;-4.05;0.0;0.0;0.5;1.33
2022;1;186;beauce_5_sa_006;BTH;;9.24;1.2;45.3;13.4;140.8;19.41;16.43;0.09;0.01;0;82.85;0;-70.67;0.05;0.04;1.2;9.24
2022;187;306;beauce_5_sa_006;solnu;;2.55;0.0;45.08;-1.56;0.0;16.43;57.45;0.08;0.03;0;0;0;-225.53;0.05;0.03;0.0;2.55
2022;307;365;beauce_5_sa_006;BTH;;2.34;0.0;6.89;-37.34;0.0;57.88;30.08;0.0;0.0;0;0.0;0;-89.95;0.0;0.0;0.0;2.34
2022;1;203;beauce_5_sa_007;BTH;;21.95;1.86;52.77;58.17;139.42;78.22;167.12;0.07;0.0;0;82.7;0;-121.33;0.0;0.07;1.86;21.95
2022;204;314;beauce_5_sa_007;solnu;;10.56;0.0;40.87;-86.46;0.0;167.12;110.73;0.16;0.09;0;0;0;-221.35;0.14;0.02;0.0;10.56
2022;315;365;beauce_5_sa_007;BTH;;7.45;0.0;5.61;-5.54;0.0;110.74;103.34;0.0;0.0;0;0.0;0;26.6;0.0;0.0;0.0;7.45
2022;1;228;beauce_5_sa_008;BTH;;4.15;0.21;68.73;16.88;67.78;13.58;42.85;0.08;0.01;0;39.88;0;-309.41;0.02;0.05;0.21;4.15
2022;229;274;beauce_5_sa_008;solnu;;1.28;0.0;16.38;-52.22;0.0;42.85;7.85;0.0;0.0;0;0;0;-101.26;0.0;0.0;0.0;1.28
2022;275;365;beauce_5_sa_008;BTH;;0.95;0.0;15.23;-15.21;0.0;7.89;6.92;0.0;0.0;0;0.0;0;22.26;0.0;0.0;0.0;0.95
2022;1;177;beauce_5_sa_009;BTH;;6.43;1.38;41.74;5.59;116.16;22.27;48.84;0.15;0.03;0;68.35;0;28.99;0.12;0.03;1.38;6.43
2022;178;315;beauce_5_sa_009;solnu;;4.31;0.0;52.22;-50.19;0.0;48.84;48.01;0.1;0.06;0;0;0;-211.01;0.07;0.03;0.0;4.31
2022;316;365;beauce_5_sa_009;BTH;;3.23;0.0;5.48;-5.48;0.0;48.01;44.86;0.0;0.0;0;0.0;0;13.78;0.0;0.0;0.0;3.23
2022;1;188;beauce_5_sa_010;BTH;;2.41;0.0;45.68;24.04;66.0;8.31;9.59;0.04;0.0;0;39.42;0;-276.86;0.0;0.04;0.0;2.41
2022;189;288;beauce_5_sa_010;solnu;;0.99;0.0;39.6;-3.9;0.0;9.59;44.21;0.06;0.04;0;0;0;-279.79;0.04;0.02;0.0;0.99
2022;289;365;beauce_5_sa_010;BTH;;1.99;0.0;10.5;-37.25;0.0;44.44;16.17;0.0;0.0;0;0.0;0;-76.37;0.0;0.0;0.0;1.99
2022;1;227;beauce_5_sa_011;BTH;;13.99;0.74;69.35;31.81;93.47;52.44;101.6;0.2;0.04;0;56.27;0;-207.03;0.14;0.06;0.74;13.99
2022;228;261;beauce_5_sa_011;solnu;;5.87;0.0;13.64;-16.45;0.0;101.6;92.81;0.05;0.07;0;0;0;-85.57;0.05;0.0;0.0;5.87
2022;262;365;beauce_5_sa_011;BTH;;8.29;0.32;18.74;-54.75;1.62;92.98;75.58;0.01;0.0;0;0.95;0;-48.27;0.01;0.0;0.32;8.29
2022;1;175;beauce_5_sa_012;BTH;;2.43;0.0;40.0;20.08;54.53;8.15;11.21;0.04;0.0;0;32.97;0;-194.89;0.0;0.04;0.0;2.43
2022;176;265;beauce_5_sa_012;solnu;;0.88;0.0;39.94;-8.44;0.0;11.21;41.73;0.06;0.04;0;0;0;-265.97;0.04;0.02;0.0;0.88
2022;266;365;beauce_5_sa_012;BTH;;2.56;0.0;17.14;-38.73;0.0;42.01;18.1;0.0;0.0;0;0.0;0;-80.31;0.0;0.0;0.0;2.56
2022;1;186;beauce_5_sa_013;BTH;;11.42;1.91;47.38;29.4;154.43;42.98;96.44;0.14;0.03;0;93.52;0;-67.83;0.1;0.05;1.91;11.42
2022;187;279;beauce_5_sa_013;solnu;;3.9;0.0;41.19;0.92;0.0;96.44;134.44;0.13;0.08;0;0;0;-205.46;0.11;0.03;0.0;3.9
2022;280;365;beauce_5_sa_013;BTH;;9.41;0.0;14.13;-66.26;3.0;134.15;69.88;0.01;0.0;0;1.77;0;0.41;0.01;0.0;0.0;9.41
2022;1;190;beauce_5_sa_014;BTH;;1.36;0.0;47.34;13.63;54.41;4.69;9.86;0.04;0.0;0;32.02;0;-189.13;0.0;0.04;0.0;1.36
2022;191;285;beauce_5_sa_014;solnu;;0.76;0.0;38.79;-37.2;0.0;9.86;13.23;0.04;0.03;0;0;0;-264.3;0.02;0.01;0.0;0.76
2022;286;365;beauce_5_sa_014;BTH;;1.46;0.0;11.64;-12.16;0.0;13.23;11.82;0.0;0.0;0;0.0;0;-33.1;0.0;0.0;0.0;1.46
2022;1;219;beauce_5_sa_015;BTH;;2.18;0.43;60.37;12.83;86.21;7.69;24.74;0.08;0.01;0;50.73;0;-156.77;0.03;0.04;0.43;2.18
2022;220;295;beauce_5_sa_015;solnu;;1.14;0.0;29.96;-42.64;0.0;24.74;15.85;0.03;0.03;0;0;0;-230.52;0.02;0.01;0.0;1.14
2022;296;365;beauce_5_sa_015;BTH;;1.75;0.0;8.82;-9.78;0.0;15.85;14.15;0.0;0.0;0;0.0;0;-7.98;0.0;0.0;0.0;1.75
2022;1;201;beauce_5_sa_016;BTH;;43.81;3.09;55.06;52.59;133.8;164.09;325.06;0.24;0.03;0;80.55;0;-107.65;0.17;0.06;3.09;43.81
2022;202;263;beauce_5_sa_016;solnu;;31.93;0.0;31.08;-75.55;0.0;325.06;248.41;0.16;0.1;0;0;0;-178.56;0.15;0.01;0.0;31.93
2022;264;365;beauce_5_sa_016;BTH;;29.83;0.0;18.47;-26.28;3.67;245.78;207.1;0.0;0.0;0;2.16;0;75.28;0.0;0.0;0.0;29.83
2022;1;186;beauce_5_sa_017;BTH;;2.58;0.0;45.58;21.44;53.69;8.4;19.14;0.04;0.0;0;31.59;0;-220.39;0.0;0.04;0.0;2.58
2022;187;262;beauce_5_sa_017;solnu;;0.92;0.0;34.05;-31.97;0.0;19.14;20.21;0.05;0.04;0;0;0;-226.66;0.04;0.01;0.0;0.92
2022;263;365;beauce_5_sa_017;BTH;;2.58;0.0;18.32;-20.32;0.0;19.94;17.52;0.0;0.0;0;0.0;0;-78.8;0.0;0.0;0.0;2.58
2022;1;213;beauce_5_sa_018;BTH;;2.26;0.68;56.92;3.44;90.29;7.8;26.49;0.09;0.01;0;53.13;0;-56.09;0.05;0.04;0.68;2.26
2022;214;299;beauce_5_sa_018;solnu;;1.19;0.0;34.13;-10.85;0.0;26.49;48.48;0.06;0.04;0;0;0;-160.16;0.05;0.02;0.0;1.19
2022;300;365;beauce_5_sa_018;BTH;;2.32;0.0;8.26;-38.86;0.0;48.75;19.18;0.01;0.0;0;0.0;0;-55.98;0.01;0.0;0.0;2.32
2022;1;180;beauce_5_sa_019;BTH;;2.4;0.71;42.26;18.68;108.14;8.68;12.52;0.05;0.0;0;63.63;0;-101.9;0.01;0.04;0.71;2.4
2022;181;271;beauce_5_sa_019;solnu;;1.05;0.0;40.93;-4.19;0.0;12.52;48.1;0.06;0.05;0;0;0;-228.24;0.04;0.02;0.0;1.05
2022;272;365;beauce_5_sa_019;BTH;;2.83;0.0;15.95;-45.55;0.0;48.41;20.55;0.0;0.0;0;0.0;0;-100.36;0.0;0.0;0.0;2.83
2022;1;213;beauce_5_sa_020;BTH;;3.25;1.17;56.74;1.03;117.41;10.92;36.04;0.14;0.03;0;69.09;0;-11.49;0.1;0.04;1.17;3.25
2022;214;309;beauce_5_sa_020;solnu;;2.27;0.0;36.35;-8.47;0.0;36.04;61.51;0.1;0.05;0;0;0;-149.46;0.08;0.02;0.0;2.27
2022;310;365;beauce_5_sa_020;BTH;;2.43;0.0;6.42;-37.02;0.0;61.8;31.38;0.01;0.0;0;0.0;0;-56.26;0.01;0.0;0.0;2.43
2022;1;186;beauce_5_sa_021;BTH;;12.42;2.21;48.78;32.27;167.83;49.76;115.76;0.23;0.04;0;98.76;0;-45.4;0.18;0.05;2.21;12.42
2022;187;272;beauce_5_sa_021;solnu;;7.27;0.0;40.46;-93.19;0.0;115.76;55.65;0.06;0.03;0;0;0;-136.47;0.05;0.01;0.0;7.27
2022;273;365;beauce_5_sa_021;BTH;;6.81;0.0;16.8;-5.72;4.67;55.66;55.23;0.01;0.0;0;2.75;0;93.38;0.0;0.01;0.0;6.81
2022;1;198;beauce_5_sa_022;BTH;;30.88;2.53;51.64;30.58;132.36;109.81;217.79;0.15;0.02;0;77.88;0;0.48;0.1;0.05;2.53;30.88
2022;199;303;beauce_5_sa_022;solnu;;7.18;0.0;41.44;0.45;0.0;217.79;252.24;0.17;0.09;0;0;0;-189.71;0.14;0.03;0.0;7.18
2022;304;365;beauce_5_sa_022;BTH;;19.17;0.0;7.77;-75.53;0.0;252.42;165.28;0.04;0.0;0;0.0;0;12.24;0.04;0.0;0.0;19.17
2022;1;205;beauce_5_sa_023;BTH;;8.51;0.76;54.02;36.18;104.28;29.7;63.61;0.07;0.0;0;62.59;0;-112.56;0.02;0.05;0.76;8.51
2022;206;299;beauce_5_sa_023;solnu;;3.07;0.0;37.6;-4.68;0.0;63.61;93.28;0.11;0.06;0;0;0;-207.76;0.09;0.02;0.0;3.07
2022;300;365;beauce_5_sa_023;BTH;;5.58;0.32;8.34;-66.2;1.99;93.58;52.89;0.02;0.0;0;1.17;0;-23.18;0.02;0.0;0.32;5.58
2022;1;227;beauce_5_sa_024;BTH;;34.19;2.41;66.73;57.03;130.76;121.93;260.79;0.23;0.02;0;76.95;0;-269.86;0.15;0.08;2.41;34.19
2022;228;305;beauce_5_sa_024;solnu;;20.71;0.0;25.02;-6.57;0.0;260.79;258.27;0.15;0.11;0;0;0;-171.29;0.14;0.01;0.0;20.71
2022;306;365;beauce_5_sa_024;BTH;;14.17;0.0;7.02;-69.09;0.0;258.6;182.02;0.02;0.0;0;0.0;0;-14.44;0.02;0.0;0.0;14.17
2022;1;225;beauce_5_sa_025;BTH;;11.2;0.46;66.25;22.04;104.51;48.01;54.91;0.13;0.01;0;63.74;0;-197.3;0.08;0.05;0.46;11.2
2022;226;275;beauce_5_sa_025;solnu;;2.36;0.0;18.75;-59.24;0.0;54.91;14.69;0.0;0.0;0;0;0;-113.13;0.0;0.0;0.0;2.36
2022;276;365;beauce_5_sa_025;BTH;;1.9;0.5;15.17;-17.1;2.32;14.68;46.02;0.02;0.0;0;1.36;0;44.89;0.02;0.0;0.5;1.9
2022;1;200;beauce_5_sa_026;BTH;;2.86;0.0;51.11;24.95;55.87;10.59;27.78;0.05;0.0;0;32.88;0;-274.02;0.0;0.05;0.0;2.86
2022;201;261;beauce_5_sa_026;solnu;;0.68;0.0;28.41;-51.59;0.0;27.78;4.13;0.02;0.0;0;0;0;-184.72;0.01;0.01;0.0;0.68
2022;262;365;beauce_5_sa_026;BTH;;0.53;0.0;18.46;-17.74;0.0;4.13;4.33;0.0;0.0;0;0.0;0;-34.4;0.0;0.0;0.0;0.53
2022;1;195;beauce_5_sa_027;BTH;;13.52;2.19;49.42;42.36;176.18;51.37;117.14;0.21;0.04;0;103.67;0;-155.88;0.15;0.06;2.19;13.52
2022;196;296;beauce_5_sa_027;solnu;;0.08;0.0;40.51;6.39;0.0;117.14;163.74;0.14;0.08;0;0;0;-225.68;0.11;0.03;0.0;0.08
2022;297;365;beauce_5_sa_027;BTH;;11.2;0.0;8.87;-69.07;0.0;164.09;92.31;0.02;0.0;0;0.0;0;-10.63;0.02;0.0;0.0;11.2
2022;1;172;beauce_5_sa_028;BTH;;18.51;2.14;40.54;24.09;140.51;67.35;131.62;0.2;0.04;0;82.68;0;13.73;0.16;0.04;2.14;18.51
2022;173;309;beauce_5_sa_028;solnu;;9.3;0.0;53.45;-60.95;0.0;131.62;115.44;0.13;0.08;0;0;0;-209.49;0.1;0.03;0.0;9.3
2022;310;365;beauce_5_sa_028;BTH;;8.32;0.0;6.6;-6.64;0.0;115.41;107.07;0.0;0.0;0;0.0;0;27.06;0.0;0.0;0.0;8.32
2022;1;226;beauce_5_sa_029;BTH;;3.06;0.0;64.77;15.28;53.48;10.03;33.53;0.06;0.0;0;31.47;0;-325.08;0.01;0.05;0.0;3.06
2022;227;283;beauce_5_sa_029;solnu;;0.83;0.0;20.79;-50.81;0.0;33.53;4.77;0.0;0.0;0;0;0;-123.65;0.0;0.0;0.0;0.83
2022;284;365;beauce_5_sa_029;BTH;;0.51;0.0;12.27;-12.32;0.0;4.66;4.2;0.0;0.0;0;0.0;0;11.61;0.0;0.0;0.0;0.51
2022;1;204;beauce_5_sa_030;BTH;;2.17;0.0;52.83;21.33;55.3;8.29;24.85;0.04;0.0;0;32.54;0;-265.33;0.0;0.04;0.0;2.17
2022;205;269;beauce_5_sa_030;solnu;;0.58;0.0;28.7;-51.13;0.0;24.85;3.41;0.01;0.0;0;0;0;-182.72;0.01;0.0;0.0;0.58
2022;270;365;beauce_5_sa_030;BTH;;0.41;0.0;16.37;-15.47;0.0;3.45;3.9;0.0;0.0;0;0.0;0;-16.46;0.0;0.0;0.0;0.41
2022;1;174;beauce_5_sa_031;BTH;;50.76;3.02;40.76;43.37;142.16;187.8;303.75;0.08;0.01;0;87.41;0;-66.84;0.03;0.05;3.02;50.76
2022;175;295;beauce_5_sa_031;solnu;;14.68;0.0;50.22;-97.4;0.0;303.75;242.02;0.17;0.11;0;0;0;-194.53;0.15;0.02;0.0;14.68
2022;296;365;beauce_5_sa_031;BTH;;23.69;0.0;9.26;14.11;6.14;242.36;235.49;0.09;0.0;0;3.61;0;48.98;0.07;0.01;0.0;23.69
2022;1;192;beauce_5_sa_032;BTH;;11.19;1.07;48.4;30.86;113.45;36.9;71.37;0.07;0.0;0;66.76;0;-156.36;0.02;0.05;1.07;11.19
2022;193;299;beauce_5_sa_032;solnu;;3.31;0.0;41.55;-0.97;0.0;71.37;108.47;0.12;0.07;0;0;0;-248.13;0.09;0.03;0.0;3.31
2022;300;365;beauce_5_sa_032;BTH;;6.58;0.0;8.22;-55.49;0.0;108.77;54.95;0.02;0.0;0;0.0;0;-23.51;0.02;0.0;0.0;6.58
2022;1;182;beauce_5_sa_033;BTH;;7.67;0.57;43.87;25.5;72.25;26.31;58.24;0.04;0.0;0;42.51;0;-135.57;0.0;0.04;0.57;7.67
2022;183;276;beauce_5_sa_033;solnu;;2.55;0.0;40.82;-46.11;0.0;58.24;50.24;0.09;0.07;0;0;0;-241.64;0.07;0.02;0.0;2.55
2022;277;365;beauce_5_sa_033;BTH;;5.84;0.0;15.13;-18.13;0.0;49.5;41.45;0.0;0.0;0;0.0;0;-7.05;0.0;0.0;0.0;5.84
2022;1;189;beauce_5_sa_034;BTH;;9.72;0.44;47.18;36.02;173.33;16.64;28.91;0.18;0.03;0;101.99;0;-194.85;0.13;0.05;0.44;9.72
2022;190;283;beauce_5_sa_034;solnu;;2.41;0.0;39.3;0.09;0.0;28.91;65.77;0.08;0.05;0;0;0;-235.99;0.05;0.03;0.0;2.41
2022;284;365;beauce_5_sa_034;BTH;;4.03;1.06;12.29;-42.38;0.0;66.32;32.64;0.0;0.0;0;0.0;0;-69.18;0.0;0.0;1.06;4.03
2022;1;185;beauce_5_sa_035;BTH;;1.82;0.31;45.74;18.7;76.46;6.78;15.82;0.05;0.0;0;44.99;0;-144.38;0.01;0.04;0.31;1.82
2022;186;267;beauce_5_sa_035;solnu;;0.47;0.0;36.99;-51.39;0.0;15.82;2.79;0.01;0.0;0;0;0;-225.6;0.0;0.01;0.0;0.47
2022;268;365;beauce_5_sa_035;BTH;;0.34;0.0;16.93;-16.83;0.0;2.76;2.55;0.0;0.0;0;0.0;0;8.57;0.0;0.0;0.0;0.34
2022;1;198;beauce_5_sa_036;BTH;;6.59;0.79;55.28;27.67;151.1;20.33;82.43;0.28;0.04;0;93.06;0;-163.02;0.23;0.05;0.79;6.59
2022;199;263;beauce_5_sa_036;solnu;;6.2;0.0;33.67;-79.78;0.0;82.43;30.43;0.03;0.0;0;0;0;-47.95;0.03;0.0;0.0;6.2
2022;264;365;beauce_5_sa_036;BTH;;3.9;1.04;18.75;-3.65;8.05;30.42;33.57;0.01;0.0;0;4.74;0;88.64;0.0;0.01;1.04;3.9
2022;1;217;beauce_5_sa_037;BTH;;2.47;0.0;58.31;10.8;53.41;8.26;21.5;0.05;0.0;0;31.43;0;-244.14;0.01;0.04;0.0;2.47
2022;218;296;beauce_5_sa_037;solnu;;1.03;0.0;30.86;-14.29;0.0;21.5;36.98;0.04;0.03;0;0;0;-197.27;0.03;0.01;0.0;1.03
2022;297;365;beauce_5_sa_037;BTH;;1.65;0.0;8.66;-31.74;0.0;37.25;13.46;0.0;0.0;0;0.0;0;-45.43;0.0;0.0;0.0;1.65
2022;1;213;beauce_5_sa_038;BTH;;26.15;1.99;59.66;36.52;105.25;89.15;202.56;0.19;0.02;0;61.94;0;-120.09;0.13;0.06;1.99;26.15
2022;214;267;beauce_5_sa_038;solnu;;16.02;0.0;25.91;-104.39;0.0;202.56;107.9;0.09;0.06;0;0;0;-91.31;0.09;0.0;0.0;16.02
2022;268;365;beauce_5_sa_038;BTH;;13.26;0.0;17.57;17.46;24.67;107.8;104.97;0.03;0.0;0;14.51;0;65.16;0.01;0.02;0.0;13.26
2022;1;230;beauce_5_sa_039;BTH;;14.27;1.35;71.97;23.58;103.08;45.34;124.22;0.24;0.04;0;60.66;0;-213.62;0.18;0.06;1.35;14.27
2022;231;275;beauce_5_sa_039;solnu;;7.37;0.0;16.1;-87.91;0.0;124.22;45.04;0.0;0.0;0;0;0;-38.68;0.0;0.0;0.0;7.37
2022;276;365;beauce_5_sa_039;BTH;;5.46;0.0;15.54;-14.08;0.0;45.04;41.05;0.0;0.0;0;0.0;0;71.33;0.0;0.0;0.0;5.46
2022;1;198;beauce_5_sa_040;BTH;;7.5;1.31;54.45;39.07;82.59;37.61;138.6;0.07;0.0;0;68.97;0;-259.09;0.02;0.06;1.31;7.5
2022;199;261;beauce_5_sa_040;solnu;;5.46;0.0;32.32;-101.19;0.0;138.6;64.11;0.1;0.05;0;0;0;-58.96;0.09;0.01;0.0;5.46
2022;262;365;beauce_5_sa_040;BTH;;6.15;0.0;19.36;26.26;51.48;64.75;52.05;0.04;0.0;0;30.29;0;12.78;0.02;0.03;0.0;6.15
2022;1;173;beauce_5_sa_041;BTH;;40.83;3.25;39.69;62.55;181.53;164.64;286.15;0.28;0.06;0;114.09;0;-151.21;0.21;0.06;3.25;40.83
2022;174;290;beauce_5_sa_041;solnu;;10.62;0.0;47.6;12.52;0.0;286.15;336.16;0.15;0.09;0;0;0;-303.33;0.12;0.04;0.0;10.62
2022;291;365;beauce_5_sa_041;BTH;;28.98;0.0;10.5;-76.48;6.53;336.83;234.66;0.01;0.0;0;3.84;0;-19.54;0.01;0.0;0.0;28.98
2022;1;200;beauce_5_sa_042;BTH;;4.61;0.76;50.83;13.26;108.14;8.29;16.68;0.07;0.01;0;63.63;0;-66.22;0.03;0.04;0.76;4.61
2022;201;296;beauce_5_sa_042;solnu;;1.49;0.0;38.63;-41.58;0.0;16.68;17.66;0.04;0.03;0;0;0;-250.72;0.02;0.02;0.0;1.49
2022;297;365;beauce_5_sa_042;BTH;;1.95;0.0;8.7;-10.22;0.0;17.66;15.75;0.0;0.0;0;0.0;0;-12.9;0.0;0.0;0.0;1.95
2022;1;228;beauce_5_sa_043;BTH;;3.86;0.0;66.54;16.26;52.29;12.54;39.12;0.06;0.0;0;30.77;0;-338.84;0.01;0.05;0.0;3.86
2022;229;283;beauce_5_sa_043;solnu;;1.51;0.0;18.96;-17.19;0.0;39.12;39.3;0.04;0.04;0;0;0;-120.27;0.03;0.0;0.0;1.51
2022;284;365;beauce_5_sa_043;BTH;;2.35;0.0;12.23;-31.66;0.0;39.67;19.02;0.0;0.0;0;0.0;0;-67.02;0.0;0.0;0.0;2.35
2022;1;189;beauce_5_sa_044;BTH;;10.96;1.41;47.46;37.78;129.87;38.61;88.57;0.12;0.01;0;76.42;0;-128.2;0.07;0.05;1.41;10.96
2022;190;301;beauce_5_sa_044;solnu;;2.63;0.0;43.25;-64.61;0.0;88.57;64.4;0.1;0.08;0;0;0;-211.11;0.08;0.02;0.0;2.63
2022;302;365;beauce_5_sa_044;BTH;;7.08;0.0;8.06;-8.04;0.0;64.36;57.35;0.0;0.0;0;0.0;0;15.71;0.0;0.0;0.0;7.08
2022;1;181;beauce_5_sa_045;BTH;;4.6;0.86;42.82;8.32;108.9;10.68;11.25;0.06;0.01;0;64.08;0;-14.33;0.03;0.03;0.86;4.6
2022;182;303;beauce_5_sa_045;solnu;;1.59;0.0;47.86;-39.03;0.0;11.25;22.44;0.06;0.04;0;0;0;-265.13;0.04;0.02;0.0;1.59
2022;304;365;beauce_5_sa_045;BTH;;2.4;0.0;7.58;-9.97;0.0;22.44;20.1;0.0;0.0;0;0.0;0;-26.23;0.0;0.0;0.0;2.4
2022;1;206;beauce_5_sa_046;BTH;;8.27;0.96;55.26;13.65;113.51;11.99;30.62;0.11;0.01;0;66.79;0;-70.01;0.06;0.05;0.96;8.27
2022;207;284;beauce_5_sa_046;solnu;;2.48;0.0;32.92;-12.53;0.0;30.62;48.43;0.06;0.04;0;0;0;-173.52;0.04;0.01;0.0;2.48
2022;285;365;beauce_5_sa_046;BTH;;2.88;0.0;12.16;-39.71;0.0;48.9;23.27;0.0;0.0;0;0.0;0;-87.93;0.0;0.0;0.0;2.88
2022;1;172;beauce_5_sa_047;BTH;;4.27;0.0;38.75;21.82;63.57;14.75;6.13;0.04;0.0;0;40.96;0;-222.81;0.0;0.04;0.0;4.27
2022;173;289;beauce_5_sa_047;solnu;;1.33;0.0;46.8;-5.1;0.0;6.13;46.46;0.06;0.04;0;0;0;-332.7;0.04;0.03;0.0;1.33
2022;290;365;beauce_5_sa_047;BTH;;2.23;0.0;10.46;-39.11;0.0;46.74;18.1;0.0;0.0;0;0.0;0;-79.02;0.0;0.0;0.0;2.23
2022;1;203;beauce_5_sa_048;BTH;;24.75;2.06;54.93;62.38;128.83;91.94;209.52;0.11;0.01;0;80.55;0;-227.33;0.04;0.07;2.06;24.75
2022;204;262;beauce_5_sa_048;solnu;;11.62;0.0;28.27;-6.76;0.0;209.52;219.14;0.17;0.1;0;0;0;-195.47;0.16;0.01;0.0;11.62
2022;263;365;beauce_5_sa_048;BTH;;17.84;0.0;18.3;-83.5;15.02;219.88;121.07;0.0;0.0;0;8.84;0;-17.19;0.0;0.0;0.0;17.84
2022;1;176;beauce_5_sa_049;BTH;;2.61;1.12;41.53;10.94;134.17;8.46;8.07;0.09;0.01;0;78.95;0;6.12;0.06;0.03;1.12;2.61
2022;177;275;beauce_5_sa_049;solnu;;0.94;0.0;44.4;-32.44;0.0;8.07;21.22;0.05;0.04;0;0;0;-238.31;0.03;0.02;0.0;0.94
2022;276;365;beauce_5_sa_049;BTH;;2.62;0.0;15.5;-19.9;0.0;21.05;18.45;0.0;0.0;0;0.0;0;-32.34;0.0;0.0;0.0;2.62
2022;1;201;beauce_5_sa_050;BTH;;2.23;0.0;51.54;22.27;65.96;7.56;13.3;0.04;0.0;0;39.66;0;-200.82;0.0;0.04;0.0;2.23
2022;202;291;beauce_5_sa_050;solnu;;0.86;0.0;36.81;-29.96;0.0;13.3;19.21;0.05;0.03;0;0;0;-232.2;0.03;0.02;0.0;0.86
2022;292;365;beauce_5_sa_050;BTH;;1.63;0.15;10.02;-26.35;1.34;18.17;13.89;0.0;0.0;0;0.79;0;-63.01;0.0;0.0;0.15;1.63
2022;1;221;beauce_5_sa_051;BTH;;10.23;2.13;64.08;17.77;206.23;19.32;44.0;0.21;0.03;0;121.35;0;-18.98;0.16;0.05;2.13;10.23
2022;222;295;beauce_5_sa_051;solnu;;1.66;0.0;29.84;-39.02;0.0;44.0;35.15;0.04;0.04;0;0;0;-151.97;0.03;0.01;0.0;1.66
2022;296;365;beauce_5_sa_051;BTH;;3.87;0.0;9.22;-10.71;0.0;35.15;31.31;0.0;0.0;0;0.0;0;15.64;0.0;0.0;0.0;3.87
2022;1;212;beauce_5_sa_052;BTH;;6.74;2.0;57.39;20.13;163.95;19.26;75.57;0.18;0.04;0;96.47;0;8.31;0.13;0.05;2.0;6.74
2022;213;308;beauce_5_sa_052;solnu;;4.25;0.0;37.36;-58.41;0.0;75.57;51.62;0.11;0.06;0;0;0;-152.86;0.09;0.01;0.0;4.25
2022;309;365;beauce_5_sa_052;BTH;;3.72;0.0;6.71;-6.83;0.0;51.62;47.91;0.0;0.0;0;0.0;0;28.98;0.0;0.0;0.0;3.72
2022;1;195;beauce_5_sa_053;BTH;;24.9;2.35;50.41;31.3;140.56;89.21;181.51;0.18;0.02;0;82.71;0;3.95;0.13;0.05;2.35;24.9
2022;196;300;beauce_5_sa_053;solnu;;3.23;0.0;42.15;-77.71;0.0;181.51;142.49;0.14;0.09;0;0;0;-167.73;0.12;0.02;0.0;3.23
2022;301;365;beauce_5_sa_053;BTH;;15.66;0.0;8.36;-8.41;0.0;142.35;126.78;0.0;0.0;0;0.0;0;46.83;0.0;0.0;0.0;15.66
2022;1;177;beauce_5_sa_054;BTH;;0.89;0.0;40.77;19.32;53.78;6.28;11.57;0.04;0.0;0;35.59;0;-214.45;0.0;0.04;0.0;0.89
2022;178;262;beauce_5_sa_054;solnu;;0.26;0.0;39.36;-51.78;0.0;11.57;1.54;0.01;0.0;0;0;0;-249.91;0.0;0.01;0.0;0.26
2022;263;365;beauce_5_sa_054;BTH;;0.22;0.0;18.17;-5.27;7.65;1.54;6.56;0.01;0.0;0;4.5;0;-23.12;0.0;0.01;0.0;0.22
2022;1;175;beauce_5_sa_055;BTH;;20.16;1.92;41.36;30.02;117.21;71.81;148.47;0.14;0.01;0;68.97;0;0.81;0.09;0.04;1.92;20.16
2022;176;300;beauce_5_sa_055;solnu;;5.96;0.0;51.08;-72.88;0.0;148.47;121.12;0.15;0.09;0;0;0;-225.87;0.12;0.03;0.0;5.96
2022;301;365;beauce_5_sa_055;BTH;;12.78;0.0;8.36;-13.11;0.0;120.24;103.58;0.0;0.0;0;0.0;0;40.99;0.0;0.0;0.0;12.78
2022;1;212;beauce_5_sa_056;BTH;;9.5;0.92;55.22;27.21;97.64;32.69;77.03;0.11;0.01;0;57.46;0;-250.08;0.06;0.05;0.92;9.5
2022;213;311;beauce_5_sa_056;solnu;;5.9;0.0;35.9;-1.33;0.0;77.03;105.48;0.15;0.07;0;0;0;-222.43;0.13;0.02;0.0;5.9
2022;312;365;beauce_5_sa_056;BTH;;4.27;0.0;5.75;-47.92;0.0;105.7;59.48;0.01;0.0;0;0.0;0;-32.41;0.01;0.0;0.0;4.27
2022;1;201;beauce_5_sa_057;BTH;;2.96;0.0;50.78;9.08;56.38;10.2;10.68;0.04;0.0;0;33.18;0;-221.46;0.0;0.04;0.0;2.96
2022;202;310;beauce_5_sa_057;solnu;;1.47;0.0;40.18;-7.95;0.0;10.68;41.34;0.07;0.03;0;0;0;-255.68;0.05;0.02;0.0;1.47
2022;311;365;beauce_5_sa_057;BTH;;1.34;0.0;6.01;-29.96;0.0;41.59;17.5;0.0;0.0;0;0.0;0;-48.81;0.0;0.0;0.0;1.34
2022;1;176;beauce_5_sa_058;BTH;;31.53;2.09;42.28;38.01;155.69;157.71;207.38;0.29;0.05;0;96.69;0;-12.93;0.24;0.05;2.09;31.53
2022;177;268;beauce_5_sa_058;solnu;;18.57;0.0;43.37;-0.22;0.0;207.38;231.75;0.13;0.08;0;0;0;-205.4;0.1;0.03;0.0;18.57
2022;269;365;beauce_5_sa_058;BTH;;21.04;0.87;17.48;-74.33;4.8;232.05;213.9;0.01;0.0;0;2.82;0;38.5;0.0;0.0;0.87;21.04
2022;1;203;beauce_5_sa_059;BTH;;1.27;0.19;52.21;7.88;66.58;4.36;10.67;0.04;0.0;0;39.18;0;-129.87;0.0;0.04;0.19;1.27
2022;204;304;beauce_5_sa_059;solnu;;0.65;0.0;38.23;-40.78;0.0;10.67;11.06;0.03;0.03;0;0;0;-245.07;0.02;0.01;0.0;0.65
2022;305;365;beauce_5_sa_059;BTH;;1.18;0.0;7.34;-8.04;0.0;10.64;9.92;0.0;0.0;0;0.0;0;-13.32;0.0;0.0;0.0;1.18
2022;1;202;beauce_5_sa_060;BTH;;9.19;1.38;52.18;27.55;169.0;46.02;51.1;0.12;0.02;0;100.1;0;-45.86;0.07;0.05;1.38;9.19
2022;203;311;beauce_5_sa_060;solnu;;2.73;0.0;41.28;-48.29;0.0;51.1;41.32;0.09;0.05;0;0;0;-198.14;0.07;0.02;0.0;2.73
2022;312;365;beauce_5_sa_060;BTH;;2.77;0.47;6.02;-12.23;0.65;41.2;67.62;0.01;0.0;0;0.38;0;-0.02;0.01;0.0;0.47;2.77
2022;1;179;beauce_5_sa_061;BTH;;8.99;1.21;42.68;18.18;104.07;31.44;68.53;0.12;0.01;0;61.24;0;-38.32;0.09;0.04;1.21;8.99
2022;180;297;beauce_5_sa_061;solnu;;3.71;0.0;48.82;-59.17;0.0;68.53;56.56;0.09;0.07;0;0;0;-215.42;0.07;0.02;0.0;3.71
2022;298;365;beauce_5_sa_061;BTH;;6.23;0.0;8.82;-8.78;0.0;56.6;50.38;0.0;0.0;0;0.0;0;27.44;0.0;0.0;0.0;6.23
2022;1;200;beauce_5_sa_062;BTH;;7.8;0.45;51.76;35.47;125.75;37.95;25.11;0.11;0.02;0;75.61;0;-148.56;0.05;0.05;0.45;7.8
2022;201;287;beauce_5_sa_062;solnu;;1.92;0.0;36.53;-7.76;0.0;25.11;51.87;0.06;0.04;0;0;0;-211.24;0.04;0.02;0.0;1.92
2022;288;365;beauce_5_sa_062;BTH;;2.96;0.57;11.24;-53.52;1.88;52.51;52.33;0.02;0.0;0;1.11;0;-92.27;0.02;0.0;0.57;2.96
2022;1;222;beauce_5_sa_063;BTH;;15.79;0.86;64.26;55.04;119.46;76.42;124.71;0.21;0.02;0;71.71;0;-351.57;0.14;0.07;0.86;15.79
2022;223;267;beauce_5_sa_063;solnu;;6.96;0.0;19.67;-13.32;0.0;124.71;123.95;0.07;0.08;0;0;0;-135.11;0.06;0.01;0.0;6.96
2022;268;365;beauce_5_sa_063;BTH;;10.08;0.41;16.58;-58.66;0.0;124.15;72.01;0.0;0.0;0;0.0;0;-47.13;0.0;0.0;0.41;10.08
2022;1;185;beauce_5_sa_064;BTH;;4.94;0.93;46.2;15.82;109.21;17.43;35.06;0.08;0.02;0;64.27;0;-55.8;0.05;0.04;0.93;4.94
2022;186;287;beauce_5_sa_064;solnu;;1.98;0.0;42.79;-45.87;0.0;35.06;32.32;0.07;0.05;0;0;0;-238.35;0.05;0.02;0.0;1.98
2022;288;365;beauce_5_sa_064;BTH;;3.56;0.0;11.54;-12.36;0.0;32.32;28.8;0.0;0.0;0;0.0;0;9.15;0.0;0.0;0.0;3.56
2022;1;203;beauce_5_sa_065;BTH;;4.95;1.44;54.93;16.04;161.07;12.24;24.68;0.12;0.02;0;94.78;0;-18.32;0.08;0.04;1.44;4.95
2022;204;287;beauce_5_sa_065;solnu;;1.57;0.0;36.25;-41.85;0.0;24.68;22.48;0.05;0.04;0;0;0;-227.26;0.03;0.01;0.0;1.57
2022;288;365;beauce_5_sa_065;BTH;;2.48;0.0;11.51;-13.64;0.0;22.48;20.07;0.0;0.0;0;0.0;0;11.43;0.0;0.0;0.0;2.48
2022;1;170;beauce_5_sa_066;BTH;;6.66;0.0;38.07;26.24;70.01;23.24;10.76;0.04;0.0;0;41.71;0;-225.99;0.0;0.04;0.0;6.66
2022;171;304;beauce_5_sa_066;solnu;;1.93;0.0;50.54;-5.07;0.0;10.76;54.2;0.07;0.04;0;0;0;-366.72;0.04;0.03;0.0;1.93
2022;305;365;beauce_5_sa_066;BTH;;2.95;0.0;7.24;-35.18;0.0;53.71;26.29;0.02;0.0;0;0.0;0;-74.92;0.02;0.0;0.0;2.95
2022;1;177;beauce_5_sa_067;BTH;;2.17;0.81;41.89;23.61;87.3;10.09;46.35;0.14;0.03;0;54.17;0;-123.74;0.1;0.04;0.81;2.17
2022;178;263;beauce_5_sa_067;solnu;;1.94;0.0;41.0;-74.53;0.0;46.35;10.97;0.02;0.0;0;0;0;-156.61;0.01;0.01;0.0;1.94
2022;264;365;beauce_5_sa_067;BTH;;1.39;0.0;18.41;-8.07;5.39;10.97;14.52;0.01;0.0;0;3.17;0;40.92;0.0;0.01;0.0;1.39
2022;1;216;beauce_5_sa_068;BTH;;3.45;0.0;57.55;19.92;51.05;11.06;33.96;0.06;0.0;0;30.04;0;-286.0;0.01;0.05;0.0;3.45
2022;217;270;beauce_5_sa_068;solnu;;0.87;0.0;23.91;-16.17;0.0;33.96;37.86;0.04;0.04;0;0;0;-158.84;0.03;0.01;0.0;0.87
2022;271;365;beauce_5_sa_068;BTH;;2.29;0.0;16.06;-36.1;0.0;38.12;16.56;0.0;0.0;0;0.0;0;-67.66;0.0;0.0;0.0;2.29
2022;1;199;beauce_5_sa_069;BTH;;39.79;2.95;53.76;46.49;144.05;160.66;297.46;0.08;0.0;0;107.36;0;-197.88;0.02;0.06;2.95;39.79
2022;200;274;beauce_5_sa_069;solnu;;15.41;0.0;34.0;-102.73;0.0;297.46;213.04;0.17;0.1;0;0;0;-156.01;0.16;0.01;0.0;15.41
2022;275;365;beauce_5_sa_069;BTH;;21.79;0.0;15.86;20.28;39.04;213.05;188.26;0.09;0.0;0;22.97;0;73.77;0.07;0.02;0.0;21.79
2022;1;175;beauce_5_sa_070;BTH;;18.74;1.7;40.53;19.1;154.1;55.68;68.45;0.1;0.01;0;90.68;0;-38.81;0.06;0.04;1.7;18.74
2022;176;309;beauce_5_sa_070;solnu;;7.06;0.0;51.86;8.43;0.0;68.45;121.65;0.15;0.07;0;0;0;-257.72;0.11;0.04;0.0;7.06
2022;310;365;beauce_5_sa_070;BTH;;5.6;0.0;6.44;-51.07;0.0;121.93;72.17;0.01;0.0;0;0.0;0;-25.15;0.01;0.0;0.0;5.6
2022;1;219;beauce_5_sa_071;BTH;;2.04;0.0;58.85;12.93;56.46;6.96;20.22;0.05;0.0;0;33.22;0;-255.12;0.01;0.04;0.0;2.04
2022;220;306;beauce_5_sa_071;solnu;;1.42;0.0;31.59;-40.09;0.0;20.22;12.03;0.03;0.03;0;0;0;-220.48;0.02;0.01;0.0;1.42
2022;307;365;beauce_5_sa_071;BTH;;0.87;0.0;6.73;-7.0;0.0;12.03;11.2;0.0;0.0;0;0.0;0;-17.7;0.0;0.0;0.0;0.87
2022;1;175;beauce_5_sa_072;BTH;;11.36;1.34;41.16;18.47;129.09;31.72;49.99;0.08;0.01;0;75.96;0;-24.46;0.05;0.04;1.34;11.36
2022;176;291;beauce_5_sa_072;solnu;;3.73;0.0;49.14;-49.72;0.0;49.99;48.73;0.08;0.06;0;0;0;-245.31;0.06;0.02;0.0;3.73
2022;292;365;beauce_5_sa_072;BTH;;5.37;0.0;10.39;-10.3;0.0;49.02;43.45;0.0;0.0;0;0.0;0;34.23;0.0;0.0;0.0;5.37
2022;1;173;beauce_5_sa_073;BTH;;0.84;0.0;39.74;16.81;51.88;5.85;9.57;0.04;0.0;0;34.42;0;-199.32;0.0;0.03;0.0;0.84
2022;174;262;beauce_5_sa_073;solnu;;0.23;0.0;40.53;-50.68;0.0;9.57;1.4;0.01;0.0;0;0;0;-253.06;0.0;0.01;0.0;0.23
2022;263;365;beauce_5_sa_073;BTH;;0.18;0.0;18.28;-8.99;5.76;1.35;4.75;0.01;0.0;0;3.39;0;-14.03;0.0;0.01;0.0;0.18
2022;1;191;beauce_5_sa_074;BTH;;11.56;0.86;48.33;16.83;95.73;39.88;61.91;0.08;0.01;0;56.33;0;-126.57;0.04;0.04;0.86;11.56
2022;192;308;beauce_5_sa_074;solnu;;5.04;0.0;43.83;-1.74;0.0;61.91;98.75;0.14;0.07;0;0;0;-250.13;0.11;0.03;0.0;5.04
2022;309;365;beauce_5_sa_074;BTH;;4.19;0.0;6.52;-48.36;0.0;98.97;54.02;0.01;0.0;0;0.0;0;-30.88;0.01;0.0;0.0;4.19
2022;1;206;beauce_5_sa_075;BTH;;1.64;0.0;53.32;10.87;56.55;5.6;11.61;0.04;0.0;0;33.28;0;-214.7;0.0;0.04;0.0;1.64
2022;207;316;beauce_5_sa_075;solnu;;1.22;0.0;38.69;-37.52;0.0;11.61;11.64;0.04;0.03;0;0;0;-247.24;0.03;0.02;0.0;1.22
2022;317;365;beauce_5_sa_075;BTH;;0.78;0.0;5.11;-5.87;0.0;11.59;10.82;0.0;0.0;0;0.0;0;-24.67;0.0;0.0;0.0;0.78
2022;1;170;beauce_5_sa_076;BTH;;4.4;0.0;38.39;24.04;64.76;15.03;7.0;0.04;0.0;0;38.11;0;-195.47;0.0;0.04;0.0;4.4
2022;171;304;beauce_5_sa_076;solnu;;1.47;0.0;51.05;-37.39;0.0;7.0;20.13;0.06;0.04;0;0;0;-359.1;0.03;0.03;0.0;1.47
2022;305;365;beauce_5_sa_076;BTH;;2.15;0.0;7.32;-8.11;0.0;19.38;18.02;0.0;0.0;0;0.0;0;-29.76;0.0;0.0;0.0;2.15
2022;1;223;beauce_5_sa_077;BTH;;5.55;0.14;61.74;41.94;94.95;19.45;32.74;0.08;0.0;0;56.79;0;-311.46;0.02;0.06;0.14;5.55
2022;224;309;beauce_5_sa_077;solnu;;2.34;0.0;29.21;-8.39;0.0;32.74;51.13;0.06;0.04;0;0;0;-195.59;0.05;0.01;0.0;2.34
2022;310;365;beauce_5_sa_077;BTH;;2.03;0.39;6.16;-53.37;1.88;51.43;32.09;0.01;0.0;0;1.11;0;-64.86;0.01;0.0;0.39;2.03
2022;1;229;beauce_5_sa_078;BTH;;42.54;2.4;71.03;34.48;101.03;132.31;274.08;0.17;0.01;0;61.48;0;-95.12;0.11;0.06;2.4;42.54
2022;230;266;beauce_5_sa_078;solnu;;13.77;0.0;14.35;-14.68;0.0;274.08;259.76;0.09;0.11;0;0;0;-87.13;0.09;0.0;0.0;13.77
2022;267;365;beauce_5_sa_078;BTH;;21.74;0.0;17.51;-88.56;14.72;259.92;152.24;0.01;0.0;0;8.66;0;53.72;0.01;0.0;0.0;21.74
2022;1;203;beauce_5_sa_079;BTH;;6.94;1.24;55.99;23.8;124.19;15.74;56.96;0.13;0.01;0;73.08;0;-73.55;0.08;0.05;1.24;6.94
2022;204;269;beauce_5_sa_079;solnu;;3.41;0.0;30.89;-42.12;0.0;56.96;42.18;0.09;0.06;0;0;0;-162.13;0.07;0.01;0.0;3.41
2022;270;365;beauce_5_sa_079;BTH;;5.4;0.0;16.87;-20.79;0.0;42.07;36.73;0.0;0.0;0;0.0;0;-38.48;0.0;0.0;0.0;5.4
2022;1;208;beauce_5_sa_080;BTH;;2.21;0.0;54.71;16.06;52.67;7.46;23.31;0.04;0.0;0;30.99;0;-247.65;0.0;0.04;0.0;2.21
2022;209;281;beauce_5_sa_080;solnu;;1.14;0.0;30.26;-31.3;0.0;23.31;21.05;0.05;0.04;0;0;0;-194.83;0.04;0.01;0.0;1.14
2022;282;365;beauce_5_sa_080;BTH;;1.89;0.0;13.03;-18.49;0.0;19.74;15.3;0.0;0.0;0;0.0;0;-57.79;0.0;0.0;0.0;1.89
2022;1;211;beauce_5_sa_081;BTH;;2.2;0.0;55.14;13.39;56.78;7.58;17.06;0.04;0.0;0;33.41;0;-255.15;0.0;0.04;0.0;2.2
2022;212;300;beauce_5_sa_081;solnu;;0.91;0.0;34.17;-11.03;0.0;17.06;39.2;0.05;0.03;0;0;0;-219.54;0.03;0.02;0.0;0.91
2022;301;365;beauce_5_sa_081;BTH;;1.74;0.0;7.88;-32.32;0.0;39.36;14.7;0.01;0.0;0;0.0;0;-53.41;0.01;0.0;0.0;1.74
2022;1;200;beauce_5_sa_082;BTH;;7.43;2.34;51.91;22.82;197.96;27.84;72.39;0.2;0.04;0;116.49;0;20.21;0.15;0.04;2.34;7.43
2022;201;304;beauce_5_sa_082;solnu;;0.0;0.0;41.7;-57.22;0.0;72.39;58.22;0.08;0.06;0;0;0;-109.27;0.06;0.01;0.0;0.0
2022;305;365;beauce_5_sa_082;BTH;;5.57;0.0;7.85;-7.92;0.0;56.66;52.57;0.0;0.0;0;0.0;0;52.31;0.0;0.0;0.0;5.57
2022;1;194;beauce_5_sa_083;BTH;;1.74;0.0;48.63;16.86;55.65;5.97;14.04;0.04;0.0;0;32.75;0;-230.43;0.0;0.04;0.0;1.74
2022;195;285;beauce_5_sa_083;solnu;;0.9;0.0;37.05;-9.26;0.0;14.04;40.84;0.05;0.04;0;0;0;-242.6;0.04;0.02;0.0;0.9
2022;286;365;beauce_5_sa_083;BTH;;1.88;0.0;11.56;-35.87;0.0;41.09;15.24;0.0;0.0;0;0.0;0;-59.43;0.0;0.0;0.0;1.88
2022;1;205;beauce_5_sa_084;BTH;;29.24;2.9;58.22;40.9;141.2;111.14;256.46;0.3;0.05;0;88.85;0;-62.71;0.24;0.06;2.9;29.24
2022;206;260;beauce_5_sa_084;solnu;;22.58;0.0;28.01;-11.03;0.0;256.46;250.61;0.16;0.09;0;0;0;-158.83;0.15;0.01;0.0;22.58
2022;261;365;beauce_5_sa_084;BTH;;23.84;0.0;19.69;-78.7;11.85;251.13;155.91;0.0;0.0;0;6.97;0;55.2;0.0;0.0;0.0;23.84
2022;1;224;beauce_5_sa_085;BTH;;11.21;1.0;63.18;43.65;88.22;33.52;115.59;0.22;0.03;0;51.91;0;-310.36;0.15;0.06;1.0;11.21
2022;225;264;beauce_5_sa_085;solnu;;6.27;0.0;17.59;-13.51;0.0;115.59;113.28;0.06;0.07;0;0;0;-114.15;0.06;0.0;0.0;6.27
2022;265;365;beauce_5_sa_085;BTH;;9.33;0.0;17.3;-55.69;0.0;113.64;65.82;0.0;0.0;0;0.0;0;-53.7;0.0;0.0;0.0;9.33
2022;1;225;beauce_5_sa_086;BTH;;28.19;1.76;67.57;55.17;112.59;90.16;203.68;0.25;0.03;0;68.14;0;-326.75;0.18;0.07;1.76;28.19
2022;226;263;beauce_5_sa_086;solnu;;13.68;0.0;15.84;-13.02;0.0;203.68;192.65;0.08;0.09;0;0;0;-113.48;0.07;0.0;0.0;13.68
2022;264;365;beauce_5_sa_086;BTH;;17.57;0.0;17.63;-64.62;7.33;192.89;120.81;0.0;0.0;0;4.31;0;-37.81;0.0;0.0;0.0;17.57
2022;1;181;beauce_5_sa_087;BTH;;8.71;1.2;43.06;11.4;134.9;18.1;16.92;0.09;0.01;0;79.38;0;2.38;0.06;0.04;1.2;8.71
2022;182;300;beauce_5_sa_087;solnu;;1.66;0.0;47.33;-39.76;0.0;16.92;27.17;0.04;0.03;0;0;0;-263.14;0.02;0.02;0.0;1.66
2022;301;365;beauce_5_sa_087;BTH;;2.99;0.0;8.12;-10.3;0.0;27.1;24.19;0.0;0.0;0;0.0;0;-8.94;0.0;0.0;0.0;2.99
2022;1;213;beauce_5_sa_088;BTH;;33.17;3.01;56.94;19.5;150.01;118.05;236.87;0.19;0.04;0;88.27;0;55.07;0.15;0.05;3.01;33.17
2022;214;314;beauce_5_sa_088;solnu;;8.52;0.0;38.16;-2.23;0.0;236.87;263.95;0.23;0.09;0;0;0;-145.85;0.21;0.02;0.0;8.52
2022;315;365;beauce_5_sa_088;BTH;;13.04;0.0;5.76;-74.77;0.0;264.27;181.88;0.02;0.0;0;0.0;0;12.88;0.02;0.0;0.0;13.04
2022;1;220;beauce_5_sa_089;BTH;;19.39;0.0;60.09;21.67;126.13;106.08;42.52;0.11;0.01;0;74.75;0;-90.65;0.06;0.05;0.0;19.39
2022;221;316;beauce_5_sa_089;solnu;;4.84;0.0;33.62;-46.44;0.0;42.52;31.93;0.03;0.03;0;0;0;-256.3;0.02;0.01;0.0;4.84
2022;317;365;beauce_5_sa_089;BTH;;2.24;1.25;5.18;-11.98;0.78;31.89;117.18;0.02;0.0;0;0.46;0;-3.12;0.02;0.0;1.25;2.24
2022;1;204;beauce_5_sa_090;BTH;;9.45;0.0;53.26;30.41;93.99;43.5;23.83;0.06;0.0;0;57.55;0;-145.51;0.01;0.05;0.0;9.45
2022;205;294;beauce_5_sa_090;solnu;;2.13;0.0;36.57;-35.85;0.0;23.83;22.58;0.05;0.03;0;0;0;-217.03;0.03;0.02;0.0;2.13
2022;295;365;beauce_5_sa_090;BTH;;2.65;0.72;9.12;-26.89;2.32;22.58;58.9;0.02;0.0;0;1.36;0;-72.35;0.02;0.0;0.72;2.65
2022;1;174;beauce_5_sa_091;BTH;;27.81;1.48;40.54;33.78;130.61;96.28;122.15;0.08;0.01;0;77.37;0;5.67;0.04;0.05;1.48;27.81
2022;175;314;beauce_5_sa_091;solnu;;11.32;0.0;53.36;11.41;0.0;122.15;175.55;0.2;0.09;0;0;0;-276.86;0.16;0.04;0.0;11.32
2022;315;365;beauce_5_sa_091;BTH;;7.96;0.52;5.66;-83.21;1.22;175.86;127.76;0.03;0.0;0;0.72;0;-0.9;0.03;0.0;0.52;7.96
2022;1;199;beauce_5_sa_092;BTH;;1.4;0.0;50.48;10.19;55.51;4.79;8.51;0.04;0.0;0;32.66;0;-189.45;0.0;0.04;0.0;1.4
2022;200;301;beauce_5_sa_092;solnu;;0.6;0.0;39.24;-37.2;0.0;8.51;11.11;0.04;0.03;0;0;0;-253.82;0.02;0.01;0.0;0.6
2022;302;365;beauce_5_sa_092;BTH;;1.22;0.0;7.82;-8.46;0.0;11.11;9.9;0.0;0.0;0;0.0;0;-22.84;0.0;0.0;0.0;1.22
2022;1;230;beauce_5_sa_093;BTH;;4.23;0.67;70.51;14.52;99.52;15.3;46.32;0.09;0.0;0;58.56;0;-188.67;0.03;0.05;0.67;4.23
2022;231;285;beauce_5_sa_093;solnu;;2.24;0.0;19.24;-36.02;0.0;46.32;27.2;0.04;0.05;0;0;0;-99.21;0.03;0.0;0.0;2.24
2022;286;365;beauce_5_sa_093;BTH;;2.99;0.0;11.6;-18.08;0.0;27.26;24.25;0.0;0.0;0;0.0;0;-103.02;0.0;0.0;0.0;2.99
2022;1;199;beauce_5_sa_094;BTH;;23.73;2.24;53.41;39.43;122.67;84.08;198.12;0.23;0.04;0;77.3;0;-111.45;0.17;0.06;2.24;23.73
2022;200;280;beauce_5_sa_094;solnu;;16.82;0.0;35.9;-2.6;0.0;198.12;214.35;0.16;0.09;0;0;0;-193.46;0.14;0.02;0.0;16.82
2022;281;365;beauce_5_sa_094;BTH;;16.89;0.0;13.8;-70.79;4.5;214.87;135.96;0.0;0.0;0;2.65;0;-1.9;0.0;0.0;0.0;16.89
2022;1;223;beauce_5_sa_095;BTH;;2.75;0.0;62.1;11.23;54.04;9.36;25.83;0.05;0.0;0;31.8;0;-265.76;0.01;0.04;0.0;2.75
2022;224;301;beauce_5_sa_095;solnu;;1.08;0.0;27.68;-36.01;0.0;25.83;16.36;0.03;0.03;0;0;0;-178.06;0.02;0.01;0.0;1.08
2022;302;365;beauce_5_sa_095;BTH;;1.67;0.0;7.78;-11.6;0.0;15.81;13.51;0.0;0.0;0;0.0;0;-51.1;0.0;0.0;0.0;1.67
2022;1;186;beauce_5_sa_096;BTH;;4.88;0.0;45.03;13.03;62.66;16.76;7.25;0.04;0.0;0;36.87;0;-219.18;0.0;0.04;0.0;4.88
2022;187;311;beauce_5_sa_096;solnu;;1.89;0.0;45.7;-6.76;0.0;7.25;44.2;0.07;0.03;0;0;0;-305.55;0.05;0.03;0.0;1.89
2022;312;365;beauce_5_sa_096;BTH;;1.4;0.0;5.78;-31.3;0.0;44.4;19.45;0.0;0.0;0;0.0;0;-55.49;0.0;0.0;0.0;1.4
2022;1;177;beauce_5_sa_097;BTH;;18.2;0.0;40.17;46.79;119.22;77.89;26.54;0.07;0.0;0;71.05;0;-205.63;0.02;0.05;0.0;18.2
2022;178;312;beauce_5_sa_097;solnu;;5.35;0.0;50.04;10.77;0.0;26.54;82.1;0.11;0.05;0;0;0;-338.39;0.08;0.04;0.0;5.35
2022;313;365;beauce_5_sa_097;BTH;;3.56;0.97;5.62;-63.66;1.56;82.31;92.27;0.03;0.0;0;0.92;0;-44.18;0.03;0.0;0.97;3.56
2022;1;201;beauce_5_sa_098;BTH;;1.76;0.0;51.28;9.65;53.75;6.0;11.44;0.04;0.0;0;31.63;0;-198.08;0.0;0.04;0.0;1.76
2022;202;295;beauce_5_sa_098;solnu;;0.73;0.0;37.72;-10.97;0.0;11.44;37.38;0.05;0.03;0;0;0;-235.55;0.03;0.02;0.0;0.73
2022;296;365;beauce_5_sa_098;BTH;;1.48;0.0;8.86;-33.57;0.0;37.63;12.04;0.0;0.0;0;0.0;0;-40.81;0.0;0.0;0.0;1.48
2022;1;200;beauce_5_sa_099;BTH;;12.32;0.43;54.83;25.11;127.75;108.89;81.1;0.16;0.01;0;75.7;0;-119.57;0.11;0.05;0.43;12.32
2022;201;259;beauce_5_sa_099;solnu;;4.75;0.0;30.34;-81.94;0.0;81.1;24.72;0.04;0.0;0;0;0;-120.0;0.04;0.01;0.0;4.75
2022;260;365;beauce_5_sa_099;BTH;;3.19;1.0;19.96;-17.46;1.38;24.77;97.73;0.01;0.0;0;0.81;0;88.97;0.0;0.0;1.0;3.19
2023;1;177;beauce_5_sa_000;BTH;;2.31;1.16;34.95;10.81;119.37;49.78;26.82;0.04;0.0;0;70.24;0;-1.1;0.01;0.03;1.16;2.31
2023;178;275;beauce_5_sa_000;solnu;;0.0;0.0;40.35;0.19;0.0;26.82;101.36;0.04;0.0;0;0;0;-146.62;0.01;0.03;0.0;0.0
2023;276;365;beauce_5_sa_000;BTH;;1.85;0.0;11.83;-69.96;18.08;101.56;23.3;0.0;0.0;0;10.64;0;21.22;0.0;0.0;0.0;1.85
2023;1;182;beauce_5_sa_001;BTH;;3.25;1.04;36.94;28.07;91.49;67.35;115.5;0.07;0.0;0;56.48;0;-112.1;0.03;0.04;1.04;3.25
2023;183;265;beauce_5_sa_001;solnu;;0.17;0.0;34.79;-1.76;0.0;115.5;142.12;0.04;0.0;0;0;0;-182.06;0.02;0.02;0.0;0.17
2023;266;365;beauce_5_sa_001;BTH;;4.84;0.0;14.3;-79.55;38.62;142.62;33.4;0.0;0.0;0;22.72;0;-9.18;0.0;0.0;0.0;4.84
2023;1;187;beauce_5_sa_002;BTH;;0.87;0.0;38.33;6.28;46.87;14.29;11.13;0.03;0.0;0;27.58;0;-134.27;0.0;0.03;0.0;0.87
2023;188;287;beauce_5_sa_002;solnu;;0.0;0.0;36.11;-8.19;0.0;11.13;39.04;0.02;0.0;0;0;0;-190.55;0.0;0.02;0.0;0.0
2023;288;365;beauce_5_sa_002;BTH;;0.87;0.0;8.81;-33.78;7.5;39.25;6.06;0.0;0.0;0;4.41;0;-32.93;0.0;0.0;0.0;0.87
2023;1;230;beauce_5_sa_003;BTH;;1.14;0.58;58.04;18.51;100.42;24.47;43.54;0.05;0.0;0;59.09;0;-207.01;0.0;0.05;0.58;1.14
2023;231;303;beauce_5_sa_003;solnu;;0.0;0.0;19.98;-14.04;0.0;43.54;49.48;0.01;0.0;0;0;0;-111.25;0.0;0.01;0.0;0.0
2023;304;365;beauce_5_sa_003;BTH;;1.32;0.0;6.65;-46.29;0.0;49.6;10.48;0.0;0.0;0;0.0;0;-40.11;0.0;0.0;0.0;1.32
2023;1;175;beauce_5_sa_004;BTH;;2.07;1.54;34.14;11.38;151.86;44.22;51.12;0.04;0.0;0;89.36;0;28.07;0.02;0.03;1.54;2.07
2023;176;271;beauce_5_sa_004;solnu;;0.0;0.0;40.13;-0.69;0.0;51.12;90.53;0.03;0.0;0;0;0;-127.33;0.01;0.03;0.0;0.0
2023;272;365;beauce_5_sa_004;BTH;;1.11;0.0;12.73;-67.19;13.54;90.75;21.46;0.0;0.0;0;7.97;0;33.1;0.0;0.0;0.0;1.11
2023;1;181;beauce_5_sa_005;BTH;;0.97;0.0;34.1;13.11;87.93;18.41;14.27;0.05;0.0;0;51.74;0;-62.91;0.02;0.03;0.0;0.97
2023;182;314;beauce_5_sa_005;solnu;;0.0;0.0;43.52;-46.79;0.0;14.27;12.79;0.02;0.0;0;0;0;-221.67;0.0;0.02;0.0;0.0
2023;315;365;beauce_5_sa_005;BTH;;1.41;0.5;5.12;-6.28;0.19;12.79;48.01;0.01;0.0;0;0.11;0;-4.8;0.01;0.0;0.5;1.41
2023;1;186;beauce_5_sa_006;BTH;;1.4;1.2;36.01;4.76;141.84;30.08;16.14;0.04;0.0;0;83.47;0;-20.16;0.01;0.03;1.2;1.4
2023;187;306;beauce_5_sa_006;solnu;;0.0;0.0;40.48;-1.2;0.0;16.14;55.53;0.02;0.0;0;0;0;-147.43;0.0;0.02;0.0;0.0
2023;307;365;beauce_5_sa_006;BTH;;0.62;0.0;6.46;-48.31;0.0;55.78;14.87;0.0;0.0;0;0.0;0;-28.53;0.0;0.0;0.0;0.62
2023;1;203;beauce_5_sa_007;BTH;;4.79;1.86;46.61;40.92;126.36;103.34;199.18;0.07;0.0;0;74.35;0;-21.22;0.02;0.05;1.86;4.79
2023;204;314;beauce_5_sa_007;solnu;;0.0;0.0;35.97;-74.99;0.0;199.18;160.15;0.02;0.0;0;0;0;-156.12;0.0;0.02;0.0;0.0
2023;315;365;beauce_5_sa_007;BTH;;4.42;0.0;5.38;-18.7;1.06;158.82;141.27;0.08;0.0;0;0.62;0;31.82;0.08;0.0;0.0;4.42
2023;1;228;beauce_5_sa_008;BTH;;0.33;0.21;60.14;21.01;61.24;6.92;42.04;0.05;0.0;0;36.04;0;-229.02;0.01;0.05;0.21;0.33
2023;229;274;beauce_5_sa_008;solnu;;0.0;0.0;17.81;-57.22;0.0;42.04;4.11;0.0;0.0;0;0;0;-92.17;0.0;0.0;0.0;0.0
2023;275;365;beauce_5_sa_008;BTH;;0.53;0.0;13.36;-13.34;0.0;4.04;3.6;0.0;0.0;0;0.0;0;26.89;0.0;0.0;0.0;0.53
2023;1;177;beauce_5_sa_009;BTH;;2.08;1.38;32.98;2.73;143.09;44.86;37.58;0.04;0.0;0;84.2;0;43.39;0.02;0.02;1.38;2.08
2023;178;315;beauce_5_sa_009;solnu;;0.0;0.0;42.06;-55.49;0.0;37.58;24.66;0.02;0.0;0;0;0;-95.77;0.0;0.02;0.0;0.0
2023;316;365;beauce_5_sa_009;BTH;;0.61;0.0;5.28;-5.47;0.0;24.66;24.09;0.0;0.0;0;0.0;0;23.49;0.0;0.0;0.0;0.61
2023;1;188;beauce_5_sa_010;BTH;;0.93;0.0;37.68;14.97;54.44;16.17;13.41;0.03;0.0;0;32.04;0;-200.85;0.0;0.03;0.0;0.93
2023;189;288;beauce_5_sa_010;solnu;;0.0;0.0;35.12;-3.75;0.0;13.41;44.76;0.02;0.0;0;0;0;-217.83;0.0;0.02;0.0;0.0
2023;289;365;beauce_5_sa_010;BTH;;0.97;0.0;8.43;-38.61;6.9;45.01;6.9;0.0;0.0;0;4.06;0;-41.19;0.0;0.0;0.0;0.97
2023;1;227;beauce_5_sa_011;BTH;;2.86;0.74;61.69;28.05;105.77;75.58;112.13;0.13;0.0;0;63.19;0;-150.03;0.08;0.05;0.74;2.86
2023;228;261;beauce_5_sa_011;solnu;;0.0;0.0;14.3;-16.25;0.0;112.13;110.18;0.0;0.0;0;0;0;-80.05;0.0;0.0;0.0;0.0
2023;262;365;beauce_5_sa_011;BTH;;4.9;0.32;16.88;-81.35;14.6;110.31;50.46;0.01;0.0;0;8.59;0;41.06;0.01;0.0;0.32;4.9
2023;1;175;beauce_5_sa_012;BTH;;0.99;0.0;33.83;13.12;50.52;18.1;13.51;0.03;0.0;0;29.73;0;-139.98;0.0;0.03;0.0;0.99
2023;176;265;beauce_5_sa_012;solnu;;0.11;0.0;36.38;-8.57;0.0;13.51;41.19;0.02;0.0;0;0;0;-205.58;0.0;0.02;0.0;0.11
2023;266;365;beauce_5_sa_012;BTH;;1.22;0.0;13.95;-41.67;4.5;41.64;7.84;0.0;0.0;0;2.65;0;-48.78;0.0;0.0;0.0;1.22
2023;1;186;beauce_5_sa_013;BTH;;3.26;1.91;37.57;24.41;167.58;69.88;103.65;0.06;0.0;0;100.38;0;-16.98;0.02;0.04;1.91;3.26
2023;187;279;beauce_5_sa_013;solnu;;0.0;0.0;37.41;3.76;0.0;103.65;144.79;0.03;0.0;0;0;0;-142.27;0.0;0.03;0.0;0.0
2023;280;365;beauce_5_sa_013;BTH;;1.49;0.0;10.83;-87.45;28.53;145.1;38.14;0.0;0.0;0;16.79;0;27.52;0.0;0.0;0.0;1.49
2023;1;190;beauce_5_sa_014;BTH;;0.68;0.0;39.76;9.18;47.5;11.82;12.54;0.03;0.0;0;27.95;0;-134.33;0.0;0.03;0.0;0.68
2023;191;285;beauce_5_sa_014;solnu;;0.0;0.0;35.28;-42.08;0.0;12.54;5.76;0.01;0.0;0;0;0;-180.13;0.0;0.01;0.0;0.0
2023;286;365;beauce_5_sa_014;BTH;;0.76;0.0;9.51;-9.5;0.0;5.87;5.02;0.0;0.0;0;0.0;0;-13.69;0.0;0.0;0.0;0.76
2023;1;219;beauce_5_sa_015;BTH;;0.66;0.43;53.42;10.95;80.53;14.15;29.66;0.04;0.0;0;47.39;0;-123.48;0.0;0.04;0.43;0.66
2023;220;295;beauce_5_sa_015;solnu;;0.0;0.0;27.86;-53.01;0.0;29.66;6.79;0.01;0.0;0;0;0;-142.61;0.0;0.01;0.0;0.0
2023;296;365;beauce_5_sa_015;BTH;;0.5;0.0;8.12;-8.45;0.0;6.79;6.34;0.0;0.0;0;0.0;0;7.43;0.0;0.0;0.0;0.5
2023;1;201;beauce_5_sa_016;BTH;;10.23;3.09;48.52;51.3;150.77;207.1;377.02;0.21;0.0;0;90.88;0;-90.23;0.15;0.06;3.09;10.23
2023;202;263;beauce_5_sa_016;solnu;;0.0;0.0;28.98;-69.74;0.0;377.02;336.25;0.01;0.0;0;0;0;-143.85;0.0;0.01;0.0;0.0
2023;264;365;beauce_5_sa_016;BTH;;20.49;0.0;16.96;-18.97;61.52;332.59;252.12;0.12;0.0;0;36.2;0;77.16;0.1;0.01;0.0;20.49
2023;1;186;beauce_5_sa_017;BTH;;1.28;0.0;39.02;13.51;46.53;17.52;22.19;0.04;0.0;0;27.38;0;-151.18;0.01;0.03;0.0;1.28
2023;187;262;beauce_5_sa_017;solnu;;0.0;0.0;30.98;-37.63;0.0;22.19;15.53;0.01;0.0;0;0;0;-171.94;0.0;0.01;0.0;0.0
2023;263;365;beauce_5_sa_017;BTH;;1.31;0.0;15.3;-21.08;0.0;11.8;8.44;0.0;0.0;0;0.0;0;-33.04;0.0;0.0;0.0;1.31
2023;1;213;beauce_5_sa_018;BTH;;1.17;0.68;51.1;1.98;94.28;19.18;27.91;0.05;0.0;0;55.48;0;-47.55;0.02;0.03;0.68;1.17
2023;214;299;beauce_5_sa_018;solnu;;0.0;0.0;29.64;-11.19;0.0;27.91;46.35;0.01;0.0;0;0;0;-108.74;0.0;0.01;0.0;0.0
2023;300;365;beauce_5_sa_018;BTH;;0.65;0.0;7.39;-46.93;0.0;46.46;8.47;0.0;0.0;0;0.0;0;-21.88;0.0;0.0;0.0;0.65
2023;1;180;beauce_5_sa_019;BTH;;0.96;0.71;34.41;12.9;104.25;20.55;16.11;0.03;0.0;0;61.34;0;-55.79;0.0;0.03;0.71;0.96
2023;181;271;beauce_5_sa_019;solnu;;0.0;0.0;37.16;-3.07;0.0;16.11;50.18;0.02;0.0;0;0;0;-162.29;0.0;0.02;0.0;0.0
2023;272;365;beauce_5_sa_019;BTH;;0.79;0.0;12.03;-48.93;4.5;50.38;9.82;0.0;0.0;0;2.65;0;-43.82;0.0;0.0;0.0;0.79
2023;1;213;beauce_5_sa_020;BTH;;1.53;1.17;50.65;0.51;130.97;31.38;38.59;0.05;0.0;0;77.07;0;-17.99;0.02;0.03;1.17;1.53
2023;214;309;beauce_5_sa_020;solnu;;0.0;0.0;32.42;-8.29;0.0;38.59;62.7;0.02;0.0;0;0;0;-102.44;0.0;0.02;0.0;0.0
2023;310;365;beauce_5_sa_020;BTH;;0.59;0.0;6.18;-54.37;0.0;62.94;14.77;0.0;0.0;0;0.0;0;-3.15;0.0;0.0;0.0;0.59
2023;1;186;beauce_5_sa_021;BTH;;2.41;2.21;39.36;40.61;180.05;55.23;118.13;0.11;0.0;0;108.7;0;-35.96;0.06;0.05;2.21;2.41
2023;187;272;beauce_5_sa_021;solnu;;0.0;0.0;37.52;-96.31;0.0;118.13;59.31;0.02;0.0;0;0;0;-97.65;0.01;0.01;0.0;0.0
2023;273;365;beauce_5_sa_021;BTH;;1.72;0.0;13.83;16.03;41.25;59.3;46.16;0.03;0.0;0;24.27;0;84.42;0.02;0.02;0.0;1.72
2023;1;198;beauce_5_sa_022;BTH;;7.67;2.53;43.43;20.87;142.72;165.28;268.3;0.06;0.0;0;83.98;0;32.17;0.02;0.04;2.53;7.67
2023;199;303;beauce_5_sa_022;solnu;;0.0;0.0;38.5;2.33;0.0;268.3;309.11;0.03;0.0;0;0;0;-133.92;0.0;0.03;0.0;0.0
2023;304;365;beauce_5_sa_022;BTH;;5.67;0.0;7.24;-91.53;3.38;309.28;215.66;0.1;0.0;0;1.99;0;25.48;0.1;0.0;0.0;5.67
2023;1;205;beauce_5_sa_023;BTH;;2.27;0.76;47.97;33.22;108.0;52.89;80.28;0.07;0.0;0;64.72;0;-85.83;0.02;0.05;0.76;2.27
2023;206;299;beauce_5_sa_023;solnu;;0.0;0.0;32.19;-7.23;0.0;80.28;105.23;0.02;0.0;0;0;0;-155.72;0.0;0.02;0.0;0.0
2023;300;365;beauce_5_sa_023;BTH;;2.91;0.32;7.41;-87.31;4.44;105.34;41.73;0.03;0.0;0;2.61;0;15.32;0.03;0.0;0.32;2.91
2023;1;227;beauce_5_sa_024;BTH;;8.44;2.41;58.41;48.79;150.33;182.02;310.64;0.1;0.0;0;88.46;0;-224.83;0.04;0.07;2.41;8.44
2023;228;305;beauce_5_sa_024;solnu;;0.0;0.0;25.06;-4.77;0.0;310.64;330.91;0.02;0.0;0;0;0;-135.29;0.0;0.01;0.0;0.0
2023;306;365;beauce_5_sa_024;BTH;;6.31;0.0;6.63;-89.12;2.88;331.17;239.11;0.12;0.0;0;1.7;0;-2.41;0.12;0.0;0.0;6.31
2023;1;225;beauce_5_sa_025;BTH;;0.97;0.46;58.72;27.92;118.32;46.02;47.73;0.09;0.0;0;70.99;0;-136.5;0.04;0.05;0.46;0.97
2023;226;275;beauce_5_sa_025;solnu;;0.0;0.0;20.64;-59.06;0.0;47.73;11.66;0.0;0.0;0;0;0;-102.33;0.0;0.0;0.0;0.0
2023;276;365;beauce_5_sa_025;BTH;;2.22;0.5;13.18;-15.51;2.88;11.66;41.68;0.03;0.0;0;1.7;0;52.75;0.03;0.0;0.5;2.22
2023;1;200;beauce_5_sa_026;BTH;;0.24;0.0;45.72;28.18;52.7;4.33;25.23;0.05;0.0;0;31.01;0;-201.74;0.01;0.04;0.0;0.24
2023;201;261;beauce_5_sa_026;solnu;;0.0;0.0;24.93;-47.11;0.0;25.23;3.19;0.01;0.0;0;0;0;-163.08;0.0;0.01;0.0;0.0
2023;262;365;beauce_5_sa_026;BTH;;0.42;0.0;15.86;-15.79;0.0;3.07;2.84;0.0;0.0;0;0.0;0;-30.81;0.0;0.0;0.0;0.42
2023;1;195;beauce_5_sa_027;BTH;;4.28;2.19;38.86;34.4;182.16;92.31;142.97;0.07;0.0;0;107.19;0;-83.54;0.03;0.04;2.19;4.28
2023;196;296;beauce_5_sa_027;solnu;;0.0;0.0;36.74;9.7;0.0;142.97;189.39;0.03;0.0;0;0;0;-164.57;0.0;0.03;0.0;0.0
2023;297;365;beauce_5_sa_027;BTH;;0.0;0.0;7.85;-83.56;5.55;189.78;108.05;0.06;0.0;0;3.27;0;3.38;0.06;0.0;0.0;0.0
2023;1;172;beauce_5_sa_028;BTH;;4.97;2.14;32.36;14.58;143.45;107.07;164.44;0.06;0.0;0;84.41;0;47.46;0.03;0.03;2.14;4.97
2023;173;309;beauce_5_sa_028;solnu;;0.0;0.0;41.01;-66.88;0.0;164.44;138.96;0.03;0.0;0;0;0;-112.79;0.0;0.03;0.0;0.0
2023;310;365;beauce_5_sa_028;BTH;;1.8;0.0;6.3;-21.11;2.13;137.5;120.16;0.06;0.0;0;1.25;0;59.42;0.06;0.0;0.0;1.8
2023;1;226;beauce_5_sa_029;BTH;;0.25;0.0;57.2;20.24;48.58;4.2;32.76;0.05;0.0;0;28.58;0;-251.91;0.0;0.05;0.0;0.25
2023;227;283;beauce_5_sa_029;solnu;;0.0;0.0;19.76;-51.55;0.0;32.76;2.32;0.0;0.0;0;0;0;-115.22;0.0;0.0;0.0;0.0
2023;284;365;beauce_5_sa_029;BTH;;0.31;0.0;10.25;-10.15;0.0;2.38;2.12;0.0;0.0;0;0.0;0;-2.08;0.0;0.0;0.0;0.31
2023;1;204;beauce_5_sa_030;BTH;;0.18;0.0;47.23;24.48;51.49;3.9;23.89;0.05;0.0;0;30.3;0;-204.16;0.01;0.04;0.0;0.18
2023;205;269;beauce_5_sa_030;solnu;;0.0;0.0;25.98;-48.47;0.0;23.89;2.3;0.0;0.0;0;0;0;-154.9;0.0;0.0;0.0;0.0
2023;270;365;beauce_5_sa_030;BTH;;0.3;0.0;13.49;-13.29;0.0;2.34;2.19;0.0;0.0;0;0.0;0;-15.99;0.0;0.0;0.0;0.3
2023;1;174;beauce_5_sa_031;BTH;;9.56;3.02;32.62;37.57;173.5;235.49;347.4;0.07;0.0;0;105.71;0;-15.54;0.03;0.04;3.02;9.56
2023;175;295;beauce_5_sa_031;solnu;;0.0;0.0;43.08;-91.91;0.0;347.4;299.43;0.02;0.0;0;0;0;-154.45;0.0;0.02;0.0;0.0
2023;296;365;beauce_5_sa_031;BTH;;7.85;0.0;8.36;7.9;6.36;299.39;301.36;0.12;0.0;0;3.75;0;64.91;0.11;0.01;0.0;7.85
2023;1;192;beauce_5_sa_032;BTH;;2.57;1.07;39.84;20.45;108.33;54.95;84.2;0.07;0.0;0;63.74;0;-81.73;0.03;0.04;1.07;2.57
2023;193;299;beauce_5_sa_032;solnu;;0.0;0.0;37.83;0.03;0.0;84.2;122.04;0.02;0.0;0;0;0;-185.48;0.0;0.02;0.0;0.0
2023;300;365;beauce_5_sa_032;BTH;;2.74;0.0;7.24;-85.43;4.44;122.16;36.65;0.02;0.0;0;2.61;0;4.19;0.02;0.0;0.0;2.74
2023;1;182;beauce_5_sa_033;BTH;;2.0;0.57;36.89;16.52;68.56;41.45;66.8;0.05;0.0;0;40.34;0;-75.99;0.01;0.03;0.57;2.0
2023;183;276;beauce_5_sa_033;solnu;;0.02;0.0;38.15;-46.82;0.0;66.8;55.55;0.03;0.0;0;0;0;-185.02;0.01;0.02;0.0;0.02
2023;277;365;beauce_5_sa_033;BTH;;2.75;0.0;11.8;-32.69;13.51;51.65;18.39;0.0;0.0;0;7.95;0;15.56;0.0;0.0;0.0;2.75
2023;1;189;beauce_5_sa_034;BTH;;1.64;0.44;36.45;28.54;176.61;32.64;31.59;0.09;0.0;0;103.92;0;-121.52;0.05;0.04;0.44;1.64
2023;190;283;beauce_5_sa_034;solnu;;0.0;0.0;35.94;2.08;0.0;31.59;69.59;0.02;0.0;0;0;0;-184.76;0.0;0.02;0.0;0.0
2023;284;365;beauce_5_sa_034;BTH;;0.72;1.06;9.49;-51.44;6.0;69.77;21.5;0.0;0.0;0;3.53;0;-30.63;0.0;0.0;1.06;0.72
2023;1;185;beauce_5_sa_035;BTH;;0.11;0.31;38.69;20.51;73.23;2.55;11.34;0.04;0.0;0;43.09;0;-110.13;0.01;0.04;0.31;0.11
2023;186;267;beauce_5_sa_035;solnu;;0.0;0.0;33.7;-46.31;0.0;11.34;1.7;0.01;0.0;0;0;0;-190.24;0.0;0.01;0.0;0.0
2023;268;365;beauce_5_sa_035;BTH;;0.23;0.0;14.54;-14.53;0.0;1.7;1.56;0.0;0.0;0;0.0;0;3.75;0.0;0.0;0.0;0.23
2023;1;198;beauce_5_sa_036;BTH;;1.39;0.79;46.31;29.37;165.74;33.57;79.22;0.17;0.0;0;102.27;0;-98.1;0.13;0.05;0.79;1.39
2023;199;263;beauce_5_sa_036;solnu;;0.0;0.0;33.32;-91.66;0.0;79.22;20.87;0.0;0.0;0;0;0;2.74;0.0;0.0;0.0;0.0
2023;264;365;beauce_5_sa_036;BTH;;2.14;1.04;18.62;6.38;15.19;20.89;28.52;0.02;0.0;0;8.94;0;89.78;0.01;0.02;1.04;2.14
2023;1;217;beauce_5_sa_037;BTH;;0.86;0.0;52.07;5.56;43.68;13.46;26.52;0.04;0.0;0;25.7;0;-187.71;0.0;0.04;0.0;0.86
2023;218;296;beauce_5_sa_037;solnu;;0.0;0.0;25.22;-15.12;0.0;26.52;36.61;0.01;0.0;0;0;0;-126.21;0.0;0.01;0.0;0.0
2023;297;365;beauce_5_sa_037;BTH;;0.8;0.0;7.59;-37.76;0.0;36.88;5.65;0.0;0.0;0;0.0;0;-14.24;0.0;0.0;0.0;0.8
2023;1;213;beauce_5_sa_038;BTH;;4.72;1.99;54.61;43.09;127.98;104.97;218.6;0.18;0.0;0;89.82;0;-217.31;0.12;0.06;1.99;4.72
2023;214;267;beauce_5_sa_038;solnu;;0.0;0.0;25.02;-110.08;0.0;218.6;133.54;0.01;0.0;0;0;0;-94.26;0.0;0.0;0.0;0.0
2023;268;365;beauce_5_sa_038;BTH;;8.34;0.0;16.44;17.26;51.27;133.32;107.56;0.08;0.0;0;30.17;0;83.23;0.06;0.02;0.0;8.34
2023;1;230;beauce_5_sa_039;BTH;;1.86;1.35;64.3;45.85;124.04;41.05;126.11;0.14;0.0;0;72.99;0;-202.21;0.07;0.07;1.35;1.86
2023;231;275;beauce_5_sa_039;solnu;;0.0;0.0;18.99;-111.63;0.0;126.11;33.46;0.0;0.0;0;0;0;-17.46;0.0;0.0;0.0;0.0
2023;276;365;beauce_5_sa_039;BTH;;3.19;0.0;14.15;19.85;29.55;33.75;34.68;0.03;0.0;0;17.39;0;57.33;0.01;0.02;0.0;3.19
2023;1;198;beauce_5_sa_040;BTH;;2.14;1.31;46.2;31.98;84.66;52.05;141.1;0.13;0.0;0;80.11;0;-218.91;0.08;0.05;1.31;2.14
2023;199;261;beauce_5_sa_040;solnu;;0.0;0.0;30.85;-104.89;0.0;141.1;67.06;0.01;0.0;0;0;0;-42.46;0.0;0.01;0.0;0.0
2023;262;365;beauce_5_sa_040;BTH;;4.2;0.0;18.28;25.94;60.36;67.53;46.66;0.05;0.0;0;35.52;0;27.08;0.02;0.03;0.0;4.2
2023;1;173;beauce_5_sa_041;BTH;;10.92;3.25;30.69;36.57;171.49;234.66;361.73;0.08;0.0;0;104.75;0;-72.75;0.03;0.04;3.25;10.92
2023;174;290;beauce_5_sa_041;solnu;;0.0;0.0;36.28;13.67;0.0;361.73;412.29;0.03;0.0;0;0;0;-161.15;0.0;0.03;0.0;0.0
2023;291;365;beauce_5_sa_041;BTH;;0.77;0.0;8.36;-84.01;12.54;412.53;323.21;0.11;0.0;0;7.38;0;3.9;0.11;0.0;0.0;0.77
2023;1;200;beauce_5_sa_042;BTH;;0.73;0.76;43.79;10.47;108.53;15.75;17.84;0.03;0.0;0;63.86;0;-34.49;0.0;0.03;0.76;0.73
2023;201;296;beauce_5_sa_042;solnu;;0.0;0.0;34.26;-45.4;0.0;17.84;7.64;0.01;0.0;0;0;0;-155.09;0.0;0.01;0.0;0.0
2023;297;365;beauce_5_sa_042;BTH;;0.47;0.0;7.81;-11.07;0.0;7.64;7.28;0.0;0.0;0;0.0;0;-29.38;0.0;0.0;0.0;0.47
2023;1;228;beauce_5_sa_043;BTH;;1.23;0.0;58.12;11.71;44.22;19.02;43.36;0.04;0.0;0;26.02;0;-236.7;0.0;0.04;0.0;1.23
2023;229;283;beauce_5_sa_043;solnu;;0.0;0.0;17.06;-16.64;0.0;43.36;43.77;0.0;0.0;0;0;0;-108.16;0.0;0.0;0.0;0.0
2023;284;365;beauce_5_sa_043;BTH;;1.19;0.0;9.5;-36.75;7.5;43.87;7.93;0.0;0.0;0;4.41;0;-25.17;0.0;0.0;0.0;1.19
2023;1;189;beauce_5_sa_044;BTH;;2.66;1.41;38.49;30.38;133.01;57.35;94.72;0.07;0.0;0;78.27;0;-53.27;0.03;0.04;1.41;2.66
2023;190;301;beauce_5_sa_044;solnu;;0.0;0.0;39.97;-85.39;0.0;94.72;49.44;0.02;0.0;0;0;0;-159.02;0.0;0.02;0.0;0.0
2023;302;365;beauce_5_sa_044;BTH;;1.57;0.0;7.33;-0.58;3.66;49.18;50.93;0.03;0.0;0;2.16;0;31.61;0.03;0.01;0.0;1.57
2023;1;181;beauce_5_sa_045;BTH;;0.93;0.86;34.73;3.54;104.16;20.1;16.29;0.03;0.0;0;61.29;0;22.39;0.0;0.03;0.86;0.93
2023;182;303;beauce_5_sa_045;solnu;;0.0;0.0;43.15;-49.17;0.0;16.29;10.74;0.02;0.0;0;0;0;-145.97;0.0;0.02;0.0;0.0
2023;304;365;beauce_5_sa_045;BTH;;1.03;0.0;6.94;-7.8;0.0;10.65;9.71;0.0;0.0;0;0.0;0;1.09;0.0;0.0;0.0;1.03
2023;1;206;beauce_5_sa_046;BTH;;1.19;0.96;47.68;10.33;113.82;23.27;37.76;0.08;0.0;0;66.98;0;-24.66;0.04;0.04;0.96;1.19
2023;207;284;beauce_5_sa_046;solnu;;0.0;0.0;30.62;-12.55;0.0;37.76;55.82;0.01;0.0;0;0;0;-148.77;0.0;0.01;0.0;0.0
2023;285;365;beauce_5_sa_046;BTH;;1.04;0.0;9.85;-48.48;3.0;56.05;15.81;0.0;0.0;0;1.77;0;-31.78;0.0;0.0;0.0;1.04
2023;1;172;beauce_5_sa_047;BTH;;1.09;0.0;32.14;3.49;42.11;18.1;10.51;0.02;0.0;0;24.78;0;-105.85;0.0;0.02;0.0;1.09
2023;173;289;beauce_5_sa_047;solnu;;0.0;0.0;41.69;-3.1;0.0;10.51;49.08;0.02;0.0;0;0;0;-219.46;0.0;0.02;0.0;0.0
2023;290;365;beauce_5_sa_047;BTH;;1.18;0.0;8.41;-40.59;7.33;49.23;8.39;0.0;0.0;0;4.31;0;-26.98;0.0;0.0;0.0;1.18
2023;1;203;beauce_5_sa_048;BTH;;6.08;2.06;47.98;58.38;139.39;121.07;235.75;0.15;0.0;0;90.86;0;-177.69;0.08;0.06;2.06;6.08
2023;204;262;beauce_5_sa_048;solnu;;0.0;0.0;26.0;-4.87;0.0;235.75;256.87;0.01;0.0;0;0;0;-153.9;0.0;0.01;0.0;0.0
2023;263;365;beauce_5_sa_048;BTH;;10.1;0.0;16.01;-77.83;61.64;257.45;123.23;0.07;0.0;0;36.27;0;-1.07;0.06;0.01;0.0;10.1
2023;1;176;beauce_5_sa_049;BTH;;0.86;1.12;33.68;4.97;128.88;18.45;11.31;0.02;0.0;0;75.84;0;39.1;0.0;0.02;1.12;0.86
2023;177;275;beauce_5_sa_049;solnu;;0.0;0.0;40.13;-45.48;0.0;11.31;9.11;0.02;0.0;0;0;0;-141.69;0.0;0.02;0.0;0.0
2023;276;365;beauce_5_sa_049;BTH;;0.4;0.0;12.13;-13.93;0.0;9.22;8.86;0.0;0.0;0;0.0;0;12.27;0.0;0.0;0.0;0.4
2023;1;201;beauce_5_sa_050;BTH;;0.77;0.0;45.3;14.25;53.84;13.89;18.79;0.04;0.0;0;32.47;0;-134.37;0.0;0.04;0.0;0.77
2023;202;291;beauce_5_sa_050;solnu;;0.0;0.0;31.13;-21.73;0.0;18.79;28.17;0.01;0.0;0;0;0;-160.41;0.0;0.01;0.0;0.0
2023;292;365;beauce_5_sa_050;BTH;;1.0;0.15;8.41;-38.04;1.03;25.84;8.21;0.0;0.0;0;0.61;0;-14.15;0.0;0.0;0.15;1.0
2023;1;221;beauce_5_sa_051;BTH;;1.57;2.13;55.78;14.5;209.72;31.31;49.77;0.1;0.0;0;123.41;0;49.53;0.06;0.04;2.13;1.57
2023;222;295;beauce_5_sa_051;solnu;;0.0;0.0;28.95;-54.72;0.0;49.77;24.08;0.01;0.0;0;0;0;-106.78;0.0;0.01;0.0;0.0
2023;296;365;beauce_5_sa_051;BTH;;0.5;0.0;8.57;-8.82;0.0;23.92;23.51;0.0;0.0;0;0.0;0;45.81;0.0;0.0;0.0;0.5
2023;1;212;beauce_5_sa_052;BTH;;2.22;2.0;50.86;18.04;183.0;47.91;81.13;0.06;0.0;0;107.68;0;31.43;0.02;0.04;2.0;2.22
2023;213;308;beauce_5_sa_052;solnu;;0.0;0.0;33.91;-84.23;0.0;81.13;30.79;0.02;0.0;0;0;0;-89.53;0.0;0.01;0.0;0.0
2023;309;365;beauce_5_sa_052;BTH;;0.48;0.0;6.63;-14.08;0.0;29.45;22.86;0.0;0.0;0;0.0;0;56.61;0.0;0.0;0.0;0.48
2023;1;195;beauce_5_sa_053;BTH;;5.88;2.35;40.89;28.17;157.81;126.78;208.33;0.07;0.0;0;92.86;0;38.43;0.03;0.04;2.35;5.88
2023;196;300;beauce_5_sa_053;solnu;;0.0;0.0;38.01;-61.26;0.0;208.33;185.05;0.02;0.0;0;0;0;-118.81;0.0;0.02;0.0;0.0
2023;301;365;beauce_5_sa_053;BTH;;0.47;0.0;7.64;-31.64;3.66;183.01;156.83;0.08;0.0;0;2.16;0;57.82;0.08;0.0;0.0;0.47
2023;1;177;beauce_5_sa_054;BTH;;0.09;0.0;34.62;19.2;52.63;6.56;7.63;0.04;0.0;0;35.47;0;-156.59;0.01;0.03;0.0;0.09
2023;178;262;beauce_5_sa_054;solnu;;0.0;0.0;35.64;-46.04;0.0;7.63;1.34;0.01;0.0;0;0;0;-251.13;0.0;0.01;0.0;0.0
2023;263;365;beauce_5_sa_054;BTH;;0.18;0.0;15.92;-11.76;2.07;1.3;3.25;0.0;0.0;0;1.22;0;-19.67;0.0;0.0;0.0;0.18
2023;1;175;beauce_5_sa_055;BTH;;4.8;1.92;33.04;29.46;140.86;103.58;163.05;0.06;0.0;0;82.89;0;20.78;0.02;0.04;1.92;4.8
2023;176;300;beauce_5_sa_055;solnu;;0.0;0.0;42.13;-52.82;0.0;163.05;152.76;0.03;0.0;0;0;0;-141.15;0.0;0.03;0.0;0.0
2023;301;365;beauce_5_sa_055;BTH;;3.14;0.0;7.5;-36.46;3.66;150.6;116.92;0.06;0.0;0;2.16;0;51.8;0.06;0.0;0.0;3.14
2023;1;212;beauce_5_sa_056;BTH;;3.49;0.92;49.34;22.41;102.76;59.48;94.11;0.07;0.0;0;60.47;0;-209.68;0.02;0.04;0.92;3.49
2023;213;311;beauce_5_sa_056;solnu;;0.0;0.0;29.98;-2.63;0.0;94.11;121.44;0.02;0.0;0;0;0;-163.77;0.0;0.02;0.0;0.0
2023;312;365;beauce_5_sa_056;BTH;;2.96;0.0;5.56;-79.8;1.68;121.71;42.52;0.03;0.0;0;0.99;0;-10.67;0.03;0.0;0.0;2.96
2023;1;201;beauce_5_sa_057;BTH;;1.15;0.0;44.6;1.06;45.42;17.5;16.65;0.03;0.0;0;26.73;0;-171.13;0.0;0.03;0.0;1.15
2023;202;310;beauce_5_sa_057;solnu;;0.0;0.0;33.23;-9.37;0.0;16.65;40.5;0.02;0.0;0;0;0;-172.94;0.0;0.02;0.0;0.0
2023;311;365;beauce_5_sa_057;BTH;;1.04;0.0;5.7;-37.31;0.0;40.72;7.85;0.0;0.0;0;0.0;0;-16.44;0.0;0.0;0.0;1.04
2023;1;176;beauce_5_sa_058;BTH;;7.3;2.09;35.01;29.27;171.75;213.9;255.81;0.12;0.0;0;103.89;0;16.99;0.08;0.04;2.09;7.3
2023;177;268;beauce_5_sa_058;solnu;;0.0;0.0;39.43;0.68;0.0;255.81;295.88;0.05;0.0;0;0;0;-138.59;0.03;0.03;0.0;0.0
2023;269;365;beauce_5_sa_058;BTH;;5.58;0.87;14.04;-85.91;49.56;296.58;233.61;0.09;0.0;0;29.16;0;51.44;0.09;0.01;0.87;5.58
2023;1;203;beauce_5_sa_059;BTH;;0.61;0.19;46.33;6.38;60.87;9.92;15.22;0.03;0.0;0;35.82;0;-111.38;0.0;0.03;0.19;0.61
2023;204;304;beauce_5_sa_059;solnu;;0.0;0.0;31.87;-43.55;0.0;15.22;4.78;0.01;0.0;0;0;0;-156.98;0.0;0.01;0.0;0.0
2023;305;365;beauce_5_sa_059;BTH;;0.57;0.0;6.71;-7.29;0.0;4.78;4.3;0.0;0.0;0;0.0;0;-10.77;0.0;0.0;0.0;0.57
2023;1;202;beauce_5_sa_060;BTH;;1.95;1.38;44.77;23.01;180.51;67.62;55.99;0.07;0.0;0;106.6;0;-4.63;0.02;0.05;1.38;1.95
2023;203;311;beauce_5_sa_060;solnu;;0.0;0.0;36.62;-59.16;0.0;55.99;33.43;0.02;0.0;0;0;0;-132.14;0.0;0.02;0.0;0.0
2023;312;365;beauce_5_sa_060;BTH;;0.63;0.47;5.93;-23.59;1.16;30.74;49.31;0.01;0.0;0;0.68;0;32.99;0.01;0.0;0.47;0.63
2023;1;179;beauce_5_sa_061;BTH;;2.34;1.21;34.11;15.46;118.42;50.38;68.86;0.05;0.0;0;69.69;0;-5.76;0.02;0.03;1.21;2.34
2023;180;297;beauce_5_sa_061;solnu;;0.0;0.0;44.08;-86.7;0.0;68.86;26.43;0.02;0.0;0;0;0;-121.68;0.0;0.02;0.0;0.0
2023;298;365;beauce_5_sa_061;BTH;;1.23;0.0;8.02;-7.89;0.0;26.43;25.34;0.0;0.0;0;0.0;0;46.74;0.0;0.0;0.0;1.23
2023;1;200;beauce_5_sa_062;BTH;;1.41;0.45;44.01;28.71;126.13;52.33;30.8;0.07;0.0;0;75.33;0;-68.54;0.02;0.05;0.45;1.41
2023;201;287;beauce_5_sa_062;solnu;;0.0;0.0;32.88;-7.69;0.0;30.8;55.97;0.02;0.0;0;0;0;-178.99;0.0;0.02;0.0;0.0
2023;288;365;beauce_5_sa_062;BTH;;1.18;0.57;9.11;-60.49;6.36;56.21;41.52;0.02;0.0;0;3.74;0;-44.54;0.02;0.0;0.57;1.18
2023;1;222;beauce_5_sa_063;BTH;;3.48;0.86;55.69;48.66;128.43;72.01;138.94;0.13;0.0;0;75.57;0;-257.32;0.07;0.06;0.86;3.48
2023;223;267;beauce_5_sa_063;solnu;;0.0;0.0;19.55;-12.16;0.0;138.94;146.33;0.01;0.0;0;0;0;-123.98;0.0;0.01;0.0;0.0
2023;268;365;beauce_5_sa_063;BTH;;5.36;0.41;14.58;-88.84;27.68;146.93;69.42;0.01;0.0;0;16.29;0;-14.19;0.01;0.0;0.41;5.36
2023;1;185;beauce_5_sa_064;BTH;;1.34;0.93;37.67;9.49;104.92;28.8;39.51;0.04;0.0;0;61.74;0;-0.36;0.02;0.03;0.93;1.34
2023;186;287;beauce_5_sa_064;solnu;;0.0;0.0;38.94;-63.25;0.0;39.51;13.94;0.02;0.0;0;0;0;-126.09;0.0;0.02;0.0;0.0
2023;288;365;beauce_5_sa_064;BTH;;1.01;0.0;9.62;-9.5;0.0;13.95;13.05;0.0;0.0;0;0.0;0;36.6;0.0;0.0;0.0;1.01
2023;1;203;beauce_5_sa_065;BTH;;0.99;1.44;46.17;12.67;152.7;20.07;32.81;0.07;0.0;0;89.86;0;25.22;0.03;0.04;1.44;0.99
2023;204;287;beauce_5_sa_065;solnu;;0.0;0.0;34.86;-53.64;0.0;32.81;15.33;0.01;0.0;0;0;0;-129.47;0.0;0.01;0.0;0.0
2023;288;365;beauce_5_sa_065;BTH;;0.62;0.0;10.01;-10.41;0.0;15.32;14.72;0.0;0.0;0;0.0;0;34.23;0.0;0.0;0.0;0.62
2023;1;170;beauce_5_sa_066;BTH;;1.7;0.0;31.39;-6.66;33.61;26.29;15.78;0.02;0.0;0;19.78;0;-94.24;0.0;0.02;0.0;1.7
2023;171;304;beauce_5_sa_066;solnu;;0.0;0.0;44.21;-1.85;0.0;15.78;58.12;0.03;0.0;0;0;0;-213.21;0.0;0.03;0.0;0.0
2023;305;365;beauce_5_sa_066;BTH;;2.01;0.0;6.52;-45.0;1.54;58.36;16.08;0.01;0.0;0;0.9;0;-19.5;0.01;0.0;0.0;2.01
2023;1;177;beauce_5_sa_067;BTH;;0.49;0.81;36.2;27.01;100.33;14.52;37.33;0.07;0.0;0;62.21;0;-102.34;0.03;0.04;0.81;0.49
2023;178;263;beauce_5_sa_067;solnu;;0.0;0.0;37.97;-68.89;0.0;37.33;7.37;0.03;0.0;0;0;0;-119.26;0.02;0.01;0.0;0.0
2023;264;365;beauce_5_sa_067;BTH;;0.97;0.0;16.63;-12.91;1.68;7.22;8.44;0.0;0.0;0;0.99;0;49.49;0.0;0.0;0.0;0.97
2023;1;216;beauce_5_sa_068;BTH;;1.15;0.0;52.04;16.42;45.93;16.56;37.88;0.05;0.0;0;27.03;0;-220.77;0.01;0.04;0.0;1.15
2023;217;270;beauce_5_sa_068;solnu;;0.0;0.0;20.47;-16.36;0.0;37.88;41.99;0.01;0.0;0;0;0;-131.71;0.0;0.01;0.0;0.0
2023;271;365;beauce_5_sa_068;BTH;;1.14;0.0;12.4;-39.72;6.0;42.3;7.54;0.0;0.0;0;3.53;0;-33.14;0.0;0.0;0.0;1.14
2023;1;199;beauce_5_sa_069;BTH;;8.01;2.95;44.41;43.82;167.76;188.26;321.22;0.15;0.0;0;121.69;0;-104.23;0.09;0.05;2.95;8.01
2023;200;274;beauce_5_sa_069;solnu;;0.0;0.0;34.25;-96.28;0.0;321.22;259.18;0.01;0.0;0;0;0;-133.84;0.0;0.01;0.0;0.0
2023;275;365;beauce_5_sa_069;BTH;;7.56;0.0;13.44;17.87;40.46;259.27;242.33;0.14;0.0;0;23.81;0;79.71;0.12;0.02;0.0;7.56
2023;1;175;beauce_5_sa_070;BTH;;3.35;1.7;32.08;7.3;156.11;72.17;40.4;0.04;0.0;0;91.86;0;10.45;0.01;0.03;1.7;3.35
2023;176;309;beauce_5_sa_070;solnu;;0.0;0.0;43.24;7.03;0.0;40.4;128.85;0.03;0.0;0;0;0;-142.94;0.0;0.03;0.0;0.0
2023;310;365;beauce_5_sa_070;BTH;;1.9;0.0;6.12;-87.0;0.86;129.09;45.18;0.02;0.0;0;0.51;0;13.27;0.02;0.0;0.0;1.9
2023;1;219;beauce_5_sa_071;BTH;;0.68;0.0;52.46;10.62;49.11;11.2;24.45;0.04;0.0;0;28.9;0;-193.16;0.0;0.04;0.0;0.68
2023;220;306;beauce_5_sa_071;solnu;;0.0;0.0;25.87;-45.3;0.0;24.45;5.4;0.01;0.0;0;0;0;-156.08;0.0;0.01;0.0;0.0
2023;307;365;beauce_5_sa_071;BTH;;0.63;0.0;6.32;-6.4;0.0;5.36;4.74;0.0;0.0;0;0.0;0;-8.59;0.0;0.0;0.0;0.63
2023;1;175;beauce_5_sa_072;BTH;;2.01;1.34;33.45;11.22;129.19;43.45;55.86;0.03;0.0;0;76.02;0;25.82;0.0;0.03;1.34;2.01
2023;176;291;beauce_5_sa_072;solnu;;0.0;0.0;44.1;-77.13;0.0;55.86;22.99;0.02;0.0;0;0;0;-106.69;0.0;0.02;0.0;0.0
2023;292;365;beauce_5_sa_072;BTH;;1.1;0.0;9.18;-9.22;0.0;22.89;21.85;0.0;0.0;0;0.0;0;53.37;0.0;0.0;0.0;1.1
2023;1;173;beauce_5_sa_073;BTH;;0.07;0.0;33.83;17.44;50.68;4.75;5.24;0.03;0.0;0;33.21;0;-130.22;0.0;0.03;0.0;0.07
2023;174;262;beauce_5_sa_073;solnu;;0.0;0.0;36.95;-42.79;0.0;5.24;0.81;0.01;0.0;0;0;0;-230.97;0.0;0.01;0.0;0.0
2023;263;365;beauce_5_sa_073;BTH;;0.1;0.0;16.03;-14.57;0.19;0.75;1.98;0.0;0.0;0;0.11;0;-17.29;0.0;0.0;0.0;0.1
2023;1;191;beauce_5_sa_074;BTH;;3.34;0.86;40.36;-0.16;85.83;54.02;68.17;0.05;0.0;0;50.51;0;-37.13;0.02;0.02;0.86;3.34
2023;192;308;beauce_5_sa_074;solnu;;0.0;0.0;39.24;-0.27;0.0;68.17;107.29;0.02;0.0;0;0;0;-148.57;0.0;0.02;0.0;0.0
2023;309;365;beauce_5_sa_074;BTH;;3.52;0.0;6.24;-76.76;1.9;107.55;31.32;0.02;0.0;0;1.12;0;4.9;0.02;0.0;0.0;3.52
2023;1;206;beauce_5_sa_075;BTH;;0.7;0.0;47.1;5.2;47.18;10.82;15.21;0.03;0.0;0;27.76;0;-173.33;0.0;0.03;0.0;0.7
2023;207;316;beauce_5_sa_075;solnu;;0.0;0.0;32.28;-42.36;0.0;15.21;5.14;0.01;0.0;0;0;0;-163.24;0.0;0.01;0.0;0.0
2023;317;365;beauce_5_sa_075;BTH;;0.6;0.0;4.77;-4.92;0.0;5.14;4.62;0.0;0.0;0;0.0;0;-11.1;0.0;0.0;0.0;0.6
2023;1;170;beauce_5_sa_076;BTH;;1.11;0.0;31.83;-0.81;35.88;18.02;10.68;0.02;0.0;0;21.12;0;-68.88;0.0;0.02;0.0;1.11
2023;171;304;beauce_5_sa_076;solnu;;0.0;0.0;44.87;-38.86;0.0;10.68;16.92;0.02;0.0;0;0;0;-208.9;0.0;0.02;0.0;0.0
2023;305;365;beauce_5_sa_076;BTH;;1.22;0.0;6.64;-13.32;0.0;15.69;9.02;0.0;0.0;0;0.0;0;-6.61;0.0;0.0;0.0;1.22
2023;1;223;beauce_5_sa_077;BTH;;1.37;0.14;54.07;34.93;87.85;32.09;41.98;0.06;0.0;0;52.8;0;-230.16;0.0;0.06;0.14;1.37
2023;224;309;beauce_5_sa_077;solnu;;0.0;0.0;26.27;-8.53;0.0;41.98;59.7;0.01;0.0;0;0;0;-165.84;0.0;0.01;0.0;0.0
2023;310;365;beauce_5_sa_077;BTH;;1.09;0.39;5.85;-66.63;1.86;59.93;25.29;0.01;0.0;0;1.1;0;-16.72;0.01;0.0;0.39;1.09
2023;1;229;beauce_5_sa_078;BTH;;7.49;2.4;64.79;49.83;126.69;152.24;312.54;0.15;0.0;0;83.21;0;-143.65;0.08;0.07;2.4;7.49
2023;230;266;beauce_5_sa_078;solnu;;0.0;0.0;15.6;-13.64;0.0;312.54;314.49;0.01;0.0;0;0;0;-84.02;0.0;0.0;0.0;0.0
2023;267;365;beauce_5_sa_078;BTH;;14.55;0.0;16.25;-88.75;54.82;314.74;172.53;0.1;0.0;0;32.26;0;61.72;0.09;0.01;0.0;14.55
2023;1;203;beauce_5_sa_079;BTH;;1.76;1.24;47.98;20.94;136.19;36.73;60.35;0.11;0.0;0;80.14;0;-56.52;0.06;0.04;1.24;1.76
2023;204;269;beauce_5_sa_079;solnu;;0.0;0.0;29.74;-63.99;0.0;60.35;26.1;0.01;0.0;0;0;0;-125.48;0.0;0.01;0.0;0.0
2023;270;365;beauce_5_sa_079;BTH;;2.22;0.0;14.22;-19.1;0.0;22.45;19.33;0.0;0.0;0;0.0;0;47.79;0.0;0.0;0.0;2.22
2023;1;208;beauce_5_sa_080;BTH;;0.99;0.0;48.26;11.52;46.06;15.3;27.99;0.04;0.0;0;27.1;0;-192.05;0.0;0.04;0.0;0.99
2023;209;281;beauce_5_sa_080;solnu;;0.0;0.0;26.41;-28.8;0.0;27.99;25.59;0.01;0.0;0;0;0;-141.58;0.0;0.01;0.0;0.0
2023;282;365;beauce_5_sa_080;BTH;;0.97;0.0;9.89;-26.48;1.5;23.68;6.53;0.0;0.0;0;0.88;0;-17.53;0.0;0.0;0.0;0.97
2023;1;211;beauce_5_sa_081;BTH;;0.93;0.0;49.21;8.6;47.72;14.7;23.82;0.04;0.0;0;28.08;0;-198.96;0.0;0.04;0.0;0.93
2023;212;300;beauce_5_sa_081;solnu;;0.0;0.0;27.7;-12.86;0.0;23.82;38.65;0.01;0.0;0;0;0;-151.84;0.0;0.01;0.0;0.0
2023;301;365;beauce_5_sa_081;BTH;;0.83;0.0;6.98;-38.56;0.0;38.84;6.24;0.0;0.0;0;0.0;0;-16.89;0.0;0.0;0.0;0.83
2023;1;200;beauce_5_sa_082;BTH;;2.44;2.34;43.56;17.95;195.11;52.57;91.94;0.06;0.0;0;114.81;0;69.46;0.02;0.04;2.34;2.44
2023;201;304;beauce_5_sa_082;solnu;;0.0;0.0;38.05;-95.98;0.0;91.94;34.0;0.01;0.0;0;0;0;-27.38;0.0;0.01;0.0;0.0
2023;305;365;beauce_5_sa_082;BTH;;0.0;0.0;7.55;9.91;3.07;34.27;48.36;0.04;0.0;0;1.8;0;63.43;0.02;0.01;0.0;0.0
2023;1;194;beauce_5_sa_083;BTH;;0.9;0.0;41.02;10.42;47.43;15.24;18.33;0.03;0.0;0;27.91;0;-169.39;0.0;0.03;0.0;0.9
2023;195;285;beauce_5_sa_083;solnu;;0.0;0.0;33.18;-9.55;0.0;18.33;41.94;0.02;0.0;0;0;0;-189.97;0.0;0.02;0.0;0.0
2023;286;365;beauce_5_sa_083;BTH;;0.97;0.0;9.09;-36.04;7.5;42.11;6.64;0.0;0.0;0;4.41;0;-32.18;0.0;0.0;0.0;0.97
2023;1;205;beauce_5_sa_084;BTH;;8.02;2.9;51.65;39.53;152.67;155.91;303.16;0.23;0.0;0;96.81;0;-52.26;0.18;0.05;2.9;8.02
2023;206;260;beauce_5_sa_084;solnu;;0.0;0.0;27.03;-9.43;0.0;303.16;320.75;0.02;0.0;0;0;0;-117.93;0.0;0.01;0.0;0.0
2023;261;365;beauce_5_sa_084;BTH;;14.4;0.0;17.97;-82.28;67.05;321.3;174.91;0.09;0.0;0;39.45;0;67.35;0.08;0.01;0.0;14.4
2023;1;224;beauce_5_sa_085;BTH;;3.16;1.0;57.27;42.33;114.9;65.82;122.14;0.13;0.0;0;67.61;0;-287.23;0.07;0.06;1.0;3.16
2023;225;264;beauce_5_sa_085;solnu;;0.0;0.0;17.43;-12.76;0.0;122.14;126.8;0.0;0.0;0;0;0;-101.79;0.0;0.0;0.0;0.0
2023;265;365;beauce_5_sa_085;BTH;;5.33;0.0;15.56;-85.66;16.86;127.1;34.52;0.0;0.0;0;9.92;0;-20.38;0.0;0.0;0.0;5.33
2023;1;225;beauce_5_sa_086;BTH;;6.03;1.76;58.9;50.91;124.73;120.81;231.55;0.14;0.0;0;77.71;0;-255.0;0.08;0.07;1.76;6.03
2023;226;263;beauce_5_sa_086;solnu;;0.0;0.0;16.4;-12.11;0.0;231.55;235.84;0.0;0.0;0;0;0;-103.72;0.0;0.0;0.0;0.0
2023;264;365;beauce_5_sa_086;BTH;;10.85;0.0;16.11;-79.18;58.63;236.19;103.22;0.06;0.0;0;34.5;0;-9.49;0.05;0.01;0.0;10.85
2023;1;181;beauce_5_sa_087;BTH;;1.12;1.2;33.21;5.46;137.73;24.19;13.56;0.04;0.0;0;81.04;0;50.69;0.01;0.03;1.2;1.12
2023;182;300;beauce_5_sa_087;solnu;;0.0;0.0;41.99;-44.89;0.0;13.56;12.72;0.02;0.0;0;0;0;-132.08;0.0;0.02;0.0;0.0
2023;301;365;beauce_5_sa_087;BTH;;0.5;0.0;7.32;-9.81;0.0;12.72;12.3;0.0;0.0;0;0.0;0;-11.02;0.0;0.0;0.0;0.5
2023;1;213;beauce_5_sa_088;BTH;;8.44;3.01;50.76;19.57;161.76;181.88;307.73;0.07;0.0;0;95.18;0;67.99;0.03;0.04;3.01;8.44
2023;214;314;beauce_5_sa_088;solnu;;0.0;0.0;35.61;0.22;0.0;307.73;343.54;0.03;0.0;0;0;0;-104.74;0.01;0.02;0.0;0.0
2023;315;365;beauce_5_sa_088;BTH;;0.0;0.0;5.6;-85.21;1.06;343.79;262.75;0.12;0.0;0;0.62;0;17.49;0.12;0.0;0.0;0.0
2023;1;220;beauce_5_sa_089;BTH;;2.12;0.0;53.67;16.88;140.14;117.18;45.38;0.09;0.0;0;82.92;0;-34.93;0.04;0.05;0.0;2.12
2023;221;316;beauce_5_sa_089;solnu;;0.0;0.0;29.6;-51.19;0.0;45.38;26.91;0.01;0.0;0;0;0;-170.39;0.0;0.01;0.0;0.0
2023;317;365;beauce_5_sa_089;BTH;;2.25;1.25;4.91;-15.94;0.64;27.0;107.81;0.03;0.0;0;0.38;0;0.19;0.03;0.0;1.25;2.25
2023;1;204;beauce_5_sa_090;BTH;;1.42;0.0;46.65;22.93;97.29;58.9;29.7;0.06;0.0;0;58.61;0;-75.52;0.02;0.04;0.0;1.42
2023;205;294;beauce_5_sa_090;solnu;;0.0;0.0;30.94;-38.64;0.0;29.7;21.98;0.01;0.0;0;0;0;-162.9;0.0;0.01;0.0;0.0
2023;295;365;beauce_5_sa_090;BTH;;2.95;0.72;7.98;-37.74;3.38;18.6;43.49;0.04;0.0;0;1.99;0;-33.95;0.04;0.0;0.72;2.95
2023;1;174;beauce_5_sa_091;BTH;;5.35;1.48;32.82;28.06;148.37;127.76;144.37;0.05;0.0;0;88.02;0;31.01;0.01;0.04;1.48;5.35
2023;175;314;beauce_5_sa_091;solnu;;0.0;0.0;46.9;11.51;0.0;144.37;203.15;0.04;0.0;0;0;0;-193.71;0.01;0.04;0.0;0.0
2023;315;365;beauce_5_sa_091;BTH;;5.26;0.52;5.41;-86.73;1.06;203.39;154.41;0.08;0.0;0;0.62;0;7.89;0.08;0.0;0.52;5.26
2023;1;199;beauce_5_sa_092;BTH;;0.6;0.0;43.37;5.72;47.09;9.9;11.27;0.03;0.0;0;27.71;0;-139.25;0.0;0.03;0.0;0.6
2023;200;301;beauce_5_sa_092;solnu;;0.0;0.0;33.93;-40.74;0.0;11.27;4.74;0.01;0.0;0;0;0;-172.7;0.0;0.01;0.0;0.0
2023;302;365;beauce_5_sa_092;BTH;;0.57;0.0;6.95;-6.97;0.0;4.79;4.26;0.0;0.0;0;0.0;0;-12.23;0.0;0.0;0.0;0.57
2023;1;230;beauce_5_sa_093;BTH;;1.12;0.67;61.31;11.97;93.79;24.25;52.4;0.05;0.0;0;55.19;0;-116.13;0.01;0.05;0.67;1.12
2023;231;285;beauce_5_sa_093;solnu;;0.0;0.0;20.11;-44.35;0.0;52.4;28.15;0.01;0.0;0;0;0;-104.49;0.0;0.0;0.0;0.0
2023;286;365;beauce_5_sa_093;BTH;;0.87;0.0;9.97;-26.32;0.0;24.94;11.22;0.0;0.0;0;0.0;0;8.93;0.0;0.0;0.0;0.87
2023;1;199;beauce_5_sa_094;BTH;;6.34;2.24;44.26;25.86;135.54;135.96;231.94;0.13;0.0;0;82.4;0;-48.93;0.08;0.04;2.24;6.34
2023;200;280;beauce_5_sa_094;solnu;;0.0;0.0;34.51;0.89;0.0;231.94;267.32;0.02;0.0;0;0;0;-145.89;0.0;0.02;0.0;0.0
2023;281;365;beauce_5_sa_094;BTH;;5.78;0.0;10.87;-88.82;29.21;267.81;154.31;0.08;0.0;0;17.19;0;23.66;0.08;0.0;0.0;5.78
2023;1;223;beauce_5_sa_095;BTH;;0.86;0.0;54.66;7.45;45.42;13.51;29.3;0.04;0.0;0;26.73;0;-181.75;0.0;0.04;0.0;0.86
2023;224;301;beauce_5_sa_095;solnu;;0.0;0.0;23.35;-32.29;0.0;29.3;20.35;0.01;0.0;0;0;0;-140.52;0.0;0.01;0.0;0.0
2023;302;365;beauce_5_sa_095;BTH;;0.77;0.0;6.9;-20.81;0.0;19.18;5.68;0.0;0.0;0;0.0;0;-10.41;0.0;0.0;0.0;0.77
2023;1;186;beauce_5_sa_096;BTH;;1.29;0.0;37.78;-4.62;38.86;19.45;11.1;0.02;0.0;0;22.87;0;-112.89;0.0;0.02;0.0;1.29
2023;187;311;beauce_5_sa_096;solnu;;0.0;0.0;39.67;-6.93;0.0;11.1;44.03;0.02;0.0;0;0;0;-190.05;0.0;0.02;0.0;0.0
2023;312;365;beauce_5_sa_096;BTH;;1.26;0.0;5.56;-38.87;0.0;44.28;9.46;0.0;0.0;0;0.0;0;-14.66;0.0;0.0;0.0;1.26
2023;1;177;beauce_5_sa_097;BTH;;2.74;0.0;32.26;29.01;114.53;92.27;35.25;0.06;0.0;0;68.31;0;-127.67;0.02;0.04;0.0;2.74
2023;178;312;beauce_5_sa_097;solnu;;0.0;0.0;43.5;12.19;0.0;35.25;91.54;0.03;0.0;0;0;0;-248.14;0.0;0.03;0.0;0.0
2023;313;365;beauce_5_sa_097;BTH;;4.0;0.97;5.37;-81.59;1.53;91.75;82.47;0.05;0.0;0;0.9;0;-15.04;0.05;0.0;0.97;4.0
2023;1;201;beauce_5_sa_098;BTH;;0.77;0.0;45.16;3.77;44.52;12.04;15.64;0.03;0.0;0;26.2;0;-147.69;0.0;0.03;0.0;0.77
2023;202;295;beauce_5_sa_098;solnu;;0.0;0.0;31.56;-12.28;0.0;15.64;34.9;0.01;0.0;0;0;0;-159.66;0.0;0.01;0.0;0.0
2023;296;365;beauce_5_sa_098;BTH;;0.7;0.0;7.72;-36.96;0.0;35.09;4.98;0.0;0.0;0;0.0;0;-17.11;0.0;0.0;0.0;0.7
2023;1;200;beauce_5_sa_099;BTH;;1.09;0.43;48.83;37.8;143.28;97.73;72.31;0.15;0.0;0;85.12;0;-63.88;0.1;0.05;0.43;1.09
2023;201;259;beauce_5_sa_099;solnu;;0.0;0.0;28.75;-81.91;0.0;72.31;19.13;0.01;0.0;0;0;0;-105.83;0.0;0.01;0.0;0.0
2023;260;365;beauce_5_sa_099;BTH;;2.36;1.0;19.11;-17.1;1.2;19.24;92.66;0.02;0.0;0;0.71;0;93.61;0.02;0.0;1.0;2.36
2024;1;177;beauce_5_sa_000;BTH;;4.67;1.16;33.39;13.26;103.29;23.23;47.44;0.08;0.01;0;71.42;0;60.42;0.05;0.03;1.16;4.67
2024;178;276;beauce_5_sa_000;solnu;;4.46;0.0;45.82;8.29;0.0;47.44;96.93;0.15;0.08;0;0;0;-144.84;0.12;0.03;0.0;4.46
2024;277;366;beauce_5_sa_000;BTH;;2.11;0.0;16.11;-63.42;4.5;97.31;43.29;0.0;0.0;0;2.65;0;17.08;0.0;0.0;0.0;2.11
2024;1;182;beauce_5_sa_001;BTH;;6.47;1.04;34.18;48.45;100.84;33.53;86.58;0.09;0.0;0;82.06;0;-102.95;0.04;0.05;1.04;6.47
2024;183;266;beauce_5_sa_001;solnu;;8.62;0.0;38.92;3.55;0.0;86.58;120.15;0.18;0.1;0;0;0;-204.19;0.15;0.03;0.0;8.62
2024;267;366;beauce_5_sa_001;BTH;;3.47;0.0;18.78;-64.97;7.47;120.83;63.15;0.0;0.0;0;4.39;0;-14.18;0.0;0.0;0.0;3.47
2024;1;187;beauce_5_sa_002;BTH;;1.19;0.0;34.56;6.26;41.28;6.0;3.25;0.03;0.0;0;28.7;0;-110.35;0.0;0.03;0.0;1.19
2024;188;288;beauce_5_sa_002;solnu;;0.58;0.0;41.56;-5.87;0.0;3.25;38.34;0.04;0.02;0;0;0;-223.16;0.01;0.02;0.0;0.58
2024;289;366;beauce_5_sa_002;BTH;;0.29;0.0;12.11;-43.6;0.0;38.65;6.58;0.01;0.0;0;0.0;0;-35.21;0.01;0.0;0.0;0.29
2024;1;230;beauce_5_sa_003;BTH;;3.92;0.58;53.39;28.55;100.97;10.48;30.97;0.09;0.03;0;59.42;0;-138.18;0.04;0.05;0.58;3.92
2024;231;304;beauce_5_sa_003;solnu;;1.36;0.0;25.59;-9.75;0.0;30.97;45.39;0.04;0.02;0;0;0;-140.17;0.03;0.01;0.0;1.36
2024;305;366;beauce_5_sa_003;BTH;;0.77;0.0;8.09;-37.72;0.0;45.67;18.83;0.01;0.0;0;0.0;0;-86.97;0.01;0.0;0.0;0.77
2024;1;175;beauce_5_sa_004;BTH;;4.22;1.54;32.9;16.83;141.13;21.39;39.59;0.12;0.01;0;91.01;0;82.6;0.09;0.03;1.54;4.22
2024;176;272;beauce_5_sa_004;solnu;;3.84;0.0;45.56;7.38;0.0;39.59;88.54;0.14;0.07;0;0;0;-130.37;0.11;0.03;0.0;3.84
2024;273;366;beauce_5_sa_004;BTH;;1.96;0.0;17.8;-62.17;3.0;89.01;39.45;0.0;0.0;0;1.77;0;28.97;0.0;0.0;0.0;1.96
2024;1;181;beauce_5_sa_005;BTH;;3.94;0.0;32.54;15.12;79.36;47.49;11.0;0.05;0.0;0;46.81;0;-38.28;0.02;0.03;0.0;3.94
2024;182;315;beauce_5_sa_005;solnu;;2.38;0.0;49.82;-45.2;0.0;11.0;15.13;0.05;0.03;0;0;0;-246.04;0.02;0.02;0.0;2.38
2024;316;366;beauce_5_sa_005;BTH;;0.45;0.5;6.54;-7.32;0.28;15.16;51.22;0.0;0.0;0;0.16;0;3.0;0.0;0.0;0.5;0.45
2024;1;186;beauce_5_sa_006;BTH;;4.36;1.2;35.45;12.91;134.98;14.77;13.51;0.07;0.0;0;79.42;0;25.48;0.03;0.04;1.2;4.36
2024;187;307;beauce_5_sa_006;solnu;;2.49;0.0;47.92;7.52;0.0;13.51;66.35;0.08;0.03;0;0;0;-186.93;0.05;0.03;0.0;2.49
2024;308;366;beauce_5_sa_006;BTH;;0.76;0.0;8.09;-53.17;0.0;66.64;21.11;0.01;0.0;0;0.0;0;-20.57;0.01;0.0;0.0;0.76
2024;1;203;beauce_5_sa_007;BTH;;20.64;1.86;43.82;56.08;180.81;141.33;179.14;0.1;0.0;0;107.02;0;-33.74;0.04;0.06;1.86;20.64
2024;204;315;beauce_5_sa_007;solnu;;11.9;0.0;42.83;-80.44;0.0;179.14;129.27;0.26;0.11;0;0;0;-159.68;0.23;0.03;0.0;11.9
2024;316;366;beauce_5_sa_007;BTH;;3.83;0.0;6.99;-8.04;0.0;128.31;124.4;0.0;0.0;0;0.0;0;44.2;0.0;0.0;0.0;3.83
2024;1;228;beauce_5_sa_008;BTH;;1.09;0.21;55.58;25.3;64.8;3.62;34.04;0.09;0.04;0;38.13;0;-200.61;0.05;0.05;0.21;1.09
2024;229;275;beauce_5_sa_008;solnu;;1.65;0.0;20.54;-40.38;0.0;34.04;19.92;0.02;0.02;0;0;0;-201.4;0.01;0.0;0.0;1.65
2024;276;366;beauce_5_sa_008;BTH;;1.06;0.0;15.53;-15.5;0.0;19.97;18.9;0.0;0.0;0;0.0;0;27.25;0.0;0.0;0.0;1.06
2024;1;177;beauce_5_sa_009;BTH;;4.82;1.38;33.45;6.46;127.75;24.13;32.82;0.13;0.02;0;75.18;0;116.41;0.11;0.03;1.38;4.82
2024;178;316;beauce_5_sa_009;solnu;;3.17;0.0;55.01;-47.92;0.0;32.82;37.07;0.12;0.06;0;0;0;-122.87;0.09;0.04;0.0;3.17
2024;317;366;beauce_5_sa_009;BTH;;1.1;0.0;6.92;-6.88;0.0;37.06;36.01;0.0;0.0;0;0.0;0;28.53;0.0;0.0;0.0;1.1
2024;1;188;beauce_5_sa_010;BTH;;1.35;0.0;33.97;16.23;50.49;6.88;3.88;0.03;0.0;0;33.77;0;-165.72;0.0;0.03;0.0;1.35
2024;189;289;beauce_5_sa_010;solnu;;0.73;0.0;40.07;0.55;0.0;3.88;43.76;0.04;0.03;0;0;0;-247.66;0.02;0.03;0.0;0.73
2024;290;366;beauce_5_sa_010;BTH;;0.38;0.0;11.5;-44.84;1.5;44.17;8.63;0.01;0.0;0;0.88;0;-53.05;0.01;0.0;0.0;0.38
2024;1;227;beauce_5_sa_011;BTH;;11.31;0.74;57.28;44.88;100.6;50.35;95.89;0.29;0.09;0;67.79;0;-87.2;0.23;0.06;0.74;11.31
2024;228;262;beauce_5_sa_011;solnu;;5.78;0.0;16.87;-14.47;0.0;95.89;92.43;0.04;0.04;0;0;0;-87.81;0.04;0.0;0.0;5.78
2024;263;366;beauce_5_sa_011;BTH;;3.66;0.32;20.59;-54.77;7.62;92.96;77.47;0.02;0.0;0;4.48;0;-43.95;0.02;0.0;0.32;3.66
2024;1;175;beauce_5_sa_012;BTH;;1.78;0.0;30.18;12.08;42.04;7.83;6.24;0.03;0.0;0;27.39;0;-99.19;0.0;0.03;0.0;1.78
2024;176;266;beauce_5_sa_012;solnu;;1.11;0.0;40.0;-4.1;0.0;6.24;40.95;0.06;0.04;0;0;0;-219.25;0.03;0.02;0.0;1.11
2024;267;366;beauce_5_sa_012;BTH;;0.64;0.0;18.23;-46.44;0.0;41.56;12.1;0.0;0.0;0;0.0;0;-60.77;0.0;0.0;0.0;0.64
2024;1;186;beauce_5_sa_013;BTH;;6.79;1.91;37.1;57.55;184.85;38.29;83.69;0.14;0.01;0;125.56;0;-28.27;0.09;0.06;1.91;6.79
2024;187;280;beauce_5_sa_013;solnu;;4.97;0.0;43.23;10.02;0.0;83.69;131.68;0.19;0.1;0;0;0;-184.47;0.16;0.03;0.0;4.97
2024;281;366;beauce_5_sa_013;BTH;;3.13;0.0;15.06;-70.04;6.0;131.89;67.57;0.0;0.0;0;3.53;0;22.4;0.0;0.0;0.0;3.13
2024;1;190;beauce_5_sa_014;BTH;;1.0;0.0;36.06;9.87;46.35;5.02;3.57;0.03;0.0;0;27.27;0;-87.23;0.0;0.03;0.0;1.0
2024;191;286;beauce_5_sa_014;solnu;;0.44;0.0;40.58;-39.05;0.0;3.57;5.28;0.03;0.01;0;0;0;-232.97;0.01;0.02;0.0;0.44
2024;287;366;beauce_5_sa_014;BTH;;0.27;0.0;12.87;-12.77;0.0;5.27;5.11;0.0;0.0;0;0.0;0;-19.05;0.0;0.0;0.0;0.27
2024;1;219;beauce_5_sa_015;BTH;;1.58;0.43;49.75;15.28;83.53;6.38;18.53;0.07;0.03;0;49.15;0;-67.26;0.03;0.04;0.43;1.58
2024;220;296;beauce_5_sa_015;solnu;;1.13;0.0;30.69;-42.53;0.0;18.53;11.29;0.01;0.01;0;0;0;-228.99;0.0;0.01;0.0;1.13
2024;297;366;beauce_5_sa_015;BTH;;0.45;0.0;9.85;-10.83;0.0;11.29;10.89;0.0;0.0;0;0.0;0;15.59;0.0;0.0;0.0;0.45
2024;1;201;beauce_5_sa_016;BTH;;33.88;3.09;46.96;52.72;165.32;252.32;383.47;0.41;0.04;0;133.48;0;-96.3;0.35;0.06;3.09;33.88
2024;202;264;beauce_5_sa_016;solnu;;58.78;0.0;32.02;-64.93;0.0;383.47;291.23;0.25;0.13;0;0;0;-146.73;0.23;0.02;0.0;58.78
2024;265;366;beauce_5_sa_016;BTH;;15.69;0.0;20.88;-18.59;9.86;290.37;267.97;0.0;0.0;0;5.8;0;104.15;0.0;0.0;0.0;15.69
2024;1;186;beauce_5_sa_017;BTH;;1.93;0.0;34.7;15.3;41.3;8.44;15.17;0.03;0.0;0;24.3;0;-99.08;0.0;0.03;0.0;1.93
2024;187;263;beauce_5_sa_017;solnu;;1.39;0.0;35.32;-34.75;0.0;15.17;14.26;0.05;0.04;0;0;0;-203.64;0.04;0.02;0.0;1.39
2024;264;366;beauce_5_sa_017;BTH;;0.76;0.0;19.8;-18.28;1.09;14.19;13.93;0.0;0.0;0;0.64;0;-49.21;0.0;0.0;0.0;0.76
2024;1;213;beauce_5_sa_018;BTH;;1.67;0.68;47.04;5.23;94.69;8.46;15.3;0.1;0.02;0;55.72;0;20.09;0.07;0.03;0.68;1.67
2024;214;300;beauce_5_sa_018;solnu;;1.21;0.0;35.54;-5.6;0.0;15.3;43.95;0.05;0.03;0;0;0;-124.08;0.03;0.02;0.0;1.21
2024;301;366;beauce_5_sa_018;BTH;;0.44;0.0;9.5;-44.51;0.0;44.32;10.76;0.0;0.0;0;0.0;0;-29.81;0.0;0.0;0.0;0.44
2024;1;180;beauce_5_sa_019;BTH;;1.92;0.71;32.75;17.26;103.89;9.75;7.47;0.04;0.0;0;63.78;0;-29.15;0.01;0.03;0.71;1.92
2024;181;272;beauce_5_sa_019;solnu;;1.3;0.0;41.05;2.38;0.0;7.47;49.49;0.07;0.04;0;0;0;-178.11;0.04;0.03;0.0;1.3
2024;273;366;beauce_5_sa_019;BTH;;0.73;0.0;16.47;-51.44;0.0;49.93;14.8;0.0;0.0;0;0.0;0;-44.49;0.0;0.0;0.0;0.73
2024;1;213;beauce_5_sa_020;BTH;;2.96;1.17;46.81;11.33;137.69;14.76;19.55;0.14;0.02;0;81.02;0;72.09;0.1;0.04;1.17;2.96
2024;214;310;beauce_5_sa_020;solnu;;0.91;0.0;38.04;-1.56;0.0;19.55;55.02;0.07;0.03;0;0;0;-115.77;0.05;0.02;0.0;0.91
2024;311;366;beauce_5_sa_020;BTH;;0.53;0.0;7.68;-48.15;0.0;55.3;17.07;0.0;0.0;0;0.0;0;-36.11;0.0;0.0;0.0;0.53
2024;1;186;beauce_5_sa_021;BTH;;7.0;2.21;39.18;43.61;182.59;46.36;104.65;0.18;0.01;0;131.72;0;-46.09;0.13;0.05;2.21;7.0
2024;187;273;beauce_5_sa_021;solnu;;7.4;0.0;43.69;-58.72;0.0;104.65;81.91;0.19;0.11;0;0;0;-118.07;0.17;0.02;0.0;7.4
2024;274;366;beauce_5_sa_021;BTH;;4.37;0.0;18.43;-11.55;3.29;81.92;81.14;0.0;0.0;0;1.93;0;103.28;0.0;0.0;0.0;4.37
2024;1;198;beauce_5_sa_022;BTH;;32.11;2.53;42.21;50.99;221.31;215.57;242.9;0.14;0.0;0;132.22;0;25.75;0.08;0.06;2.53;32.11
2024;199;304;beauce_5_sa_022;solnu;;0.43;0.0;42.76;7.04;0.0;242.9;292.39;0.29;0.1;0;0;0;-156.56;0.26;0.03;0.0;0.43
2024;305;366;beauce_5_sa_022;BTH;;7.49;0.0;9.13;-83.53;5.08;292.73;205.39;0.04;0.0;0;2.99;0;38.45;0.04;0.0;0.0;7.49
2024;1;205;beauce_5_sa_023;BTH;;6.65;0.76;44.53;50.83;129.95;41.68;56.97;0.08;0.0;0;79.08;0;-52.84;0.02;0.06;0.76;6.65
2024;206;300;beauce_5_sa_023;solnu;;4.84;0.0;39.0;-0.13;0.0;56.97;90.79;0.14;0.07;0;0;0;-184.33;0.11;0.02;0.0;4.84
2024;301;366;beauce_5_sa_023;BTH;;1.68;0.32;9.59;-75.32;3.29;91.18;44.77;0.02;0.0;0;1.93;0;-4.67;0.02;0.0;0.32;1.68
2024;1;227;beauce_5_sa_024;BTH;;36.07;2.41;52.84;79.54;225.13;239.04;290.12;0.35;0.12;0;134.17;0;-196.94;0.27;0.08;2.41;36.07
2024;228;306;beauce_5_sa_024;solnu;;11.34;0.0;28.34;-0.28;0.0;290.12;306.64;0.12;0.09;0;0;0;-142.79;0.1;0.02;0.0;11.34
2024;307;366;beauce_5_sa_024;BTH;;8.2;0.0;7.98;-79.76;0.93;306.86;225.71;0.01;0.0;0;0.54;0;3.89;0.01;0.0;0.0;8.2
2024;1;225;beauce_5_sa_025;BTH;;8.23;0.46;54.81;30.43;110.09;41.65;42.82;0.17;0.06;0;66.48;0;-84.57;0.12;0.05;0.46;8.23
2024;226;276;beauce_5_sa_025;solnu;;2.46;0.0;22.89;-45.68;0.0;42.82;27.51;0.02;0.02;0;0;0;-229.9;0.01;0.0;0.0;2.46
2024;277;366;beauce_5_sa_025;BTH;;1.51;0.5;15.46;-15.77;3.99;27.47;59.21;0.03;0.0;0;2.35;0;76.33;0.02;0.0;0.5;1.51
2024;1;200;beauce_5_sa_026;BTH;;0.62;0.0;40.65;23.0;42.88;2.76;22.95;0.04;0.0;0;25.23;0;-148.3;0.0;0.04;0.0;0.62
2024;201;262;beauce_5_sa_026;solnu;;1.39;0.0;28.64;-36.54;0.0;22.95;14.58;0.05;0.04;0;0;0;-178.55;0.04;0.01;0.0;1.39
2024;263;366;beauce_5_sa_026;BTH;;0.79;0.0;20.02;-15.19;3.74;15.01;14.88;0.0;0.0;0;2.2;0;-48.87;0.0;0.0;0.0;0.79
2024;1;195;beauce_5_sa_027;BTH;;16.1;2.19;38.81;66.33;231.73;108.1;127.51;0.24;0.03;0;139.63;0;-89.05;0.18;0.06;2.19;16.1
2024;196;297;beauce_5_sa_027;solnu;;0.0;0.0;40.61;13.37;0.0;127.51;182.22;0.21;0.08;0;0;0;-188.81;0.18;0.03;0.0;0.0
2024;298;366;beauce_5_sa_027;BTH;;3.49;0.0;9.94;-75.64;6.34;182.45;106.67;0.02;0.0;0;3.73;0;6.46;0.01;0.0;0.0;3.49
2024;1;172;beauce_5_sa_028;BTH;;18.94;2.14;31.65;45.88;191.82;120.26;145.92;0.23;0.03;0;114.13;0;52.82;0.18;0.05;2.14;18.94
2024;173;310;beauce_5_sa_028;solnu;;11.3;0.0;57.33;-58.72;0.0;145.92;133.5;0.21;0.09;0;0;0;-171.26;0.17;0.04;0.0;11.3
2024;311;366;beauce_5_sa_028;BTH;;4.05;0.0;8.12;-8.07;0.0;133.5;129.5;0.0;0.0;0;0.0;0;44.62;0.0;0.0;0.0;4.05
2024;1;226;beauce_5_sa_029;BTH;;0.63;0.0;53.05;18.8;46.81;2.14;26.42;0.08;0.03;0;27.55;0;-190.53;0.03;0.04;0.0;0.63
2024;227;284;beauce_5_sa_029;solnu;;1.16;0.0;23.55;-39.36;0.0;26.42;14.43;0.01;0.02;0;0;0;-183.2;0.01;0.0;0.0;1.16
2024;285;366;beauce_5_sa_029;BTH;;0.76;0.0;13.13;-12.49;0.0;14.39;14.31;0.0;0.0;0;0.0;0;-5.59;0.0;0.0;0.0;0.76
2024;1;204;beauce_5_sa_030;BTH;;0.44;0.0;42.51;20.64;44.68;2.13;20.18;0.04;0.0;0;26.29;0;-149.51;0.0;0.04;0.0;0.44
2024;205;270;beauce_5_sa_030;solnu;;1.17;0.0;29.91;-39.04;0.0;20.18;11.75;0.04;0.04;0;0;0;-201.48;0.03;0.0;0.0;1.17
2024;271;366;beauce_5_sa_030;BTH;;0.62;0.0;17.2;-12.66;3.0;11.65;12.66;0.0;0.0;0;1.77;0;-9.32;0.0;0.0;0.0;0.62
2024;1;174;beauce_5_sa_031;BTH;;45.01;3.02;32.26;42.32;182.34;301.55;373.49;0.16;0.01;0;111.04;0;18.81;0.11;0.04;3.02;45.01
2024;175;296;beauce_5_sa_031;solnu;;34.6;0.0;53.62;-84.15;0.0;373.49;308.63;0.32;0.14;0;0;0;-102.25;0.29;0.03;0.0;34.6
2024;297;366;beauce_5_sa_031;BTH;;11.33;0.0;10.84;18.08;8.14;309.35;318.03;0.06;0.0;0;4.79;0;61.97;0.04;0.02;0.0;11.33
2024;1;192;beauce_5_sa_032;BTH;;6.89;1.07;37.42;50.63;131.72;36.61;64.67;0.08;0.0;0;80.12;0;-66.25;0.03;0.05;1.07;6.89
2024;193;300;beauce_5_sa_032;solnu;;5.41;0.0;43.77;7.28;0.0;64.67;110.18;0.17;0.07;0;0;0;-220.79;0.14;0.03;0.0;5.41
2024;301;366;beauce_5_sa_032;BTH;;2.06;0.0;9.37;-66.9;0.0;110.57;50.6;0.01;0.0;0;0.0;0;-2.42;0.01;0.0;0.0;2.06
2024;1;182;beauce_5_sa_033;BTH;;3.68;0.57;34.49;32.32;77.8;18.43;44.96;0.04;0.0;0;53.74;0;-68.7;0.0;0.04;0.57;3.68
2024;183;277;beauce_5_sa_033;solnu;;4.08;0.0;43.29;-45.74;0.0;44.96;38.29;0.13;0.07;0;0;0;-213.17;0.1;0.02;0.0;4.08
2024;278;366;beauce_5_sa_033;BTH;;1.9;0.0;15.5;-16.27;0.0;37.96;35.97;0.0;0.0;0;0.0;0;8.54;0.0;0.0;0.0;1.9
2024;1;189;beauce_5_sa_034;BTH;;7.18;0.44;35.67;34.39;178.18;100.75;18.34;0.15;0.01;0;108.38;0;-86.85;0.1;0.05;0.44;7.18
2024;190;284;beauce_5_sa_034;solnu;;2.46;0.0;40.18;9.27;0.0;18.34;65.23;0.06;0.04;0;0;0;-195.13;0.03;0.03;0.0;2.46
2024;285;366;beauce_5_sa_034;BTH;;1.06;1.06;13.08;-53.62;0.0;65.45;23.9;0.0;0.0;0;0.0;0;-33.14;0.0;0.0;1.06;1.06
2024;1;185;beauce_5_sa_035;BTH;;0.33;0.31;35.11;14.31;65.08;1.56;8.53;0.04;0.0;0;38.3;0;-33.76;0.01;0.03;0.31;0.33
2024;186;268;beauce_5_sa_035;solnu;;0.65;0.0;38.35;-40.07;0.0;8.53;9.65;0.04;0.03;0;0;0;-237.56;0.02;0.01;0.0;0.65
2024;269;366;beauce_5_sa_035;BTH;;0.51;0.0;18.25;-15.53;1.53;9.64;10.33;0.0;0.0;0;0.9;0;23.15;0.0;0.0;0.0;0.51
2024;1;198;beauce_5_sa_036;BTH;;4.61;0.79;46.44;34.38;165.86;106.82;75.83;0.28;0.02;0;106.54;0;-93.51;0.24;0.05;0.79;4.61
2024;199;264;beauce_5_sa_036;solnu;;6.78;0.0;34.36;-74.24;0.0;75.83;30.35;0.05;0.03;0;0;0;-27.85;0.04;0.0;0.0;6.78
2024;265;366;beauce_5_sa_036;BTH;;1.64;1.04;21.3;5.04;16.58;30.37;38.45;0.02;0.0;0;9.76;0;96.91;0.01;0.02;1.04;1.64
2024;1;217;beauce_5_sa_037;BTH;;1.39;0.0;48.09;12.04;48.06;5.59;16.26;0.05;0.01;0;28.28;0;-143.66;0.01;0.04;0.0;1.39
2024;218;297;beauce_5_sa_037;solnu;;0.51;0.0;31.52;-11.29;0.0;16.26;30.97;0.04;0.01;0;0;0;-185.83;0.02;0.01;0.0;0.51
2024;298;366;beauce_5_sa_037;BTH;;0.22;0.0;9.5;-35.56;0.0;31.16;5.36;0.0;0.0;0;0.0;0;-32.34;0.0;0.0;0.0;0.22
2024;1;213;beauce_5_sa_038;BTH;;15.55;1.99;52.0;47.84;139.2;107.74;201.1;0.31;0.03;0;112.08;0;-127.73;0.25;0.06;1.99;15.55
2024;214;268;beauce_5_sa_038;solnu;;28.73;0.0;27.77;-56.67;0.0;201.1;143.98;0.17;0.12;0;0;0;-129.64;0.16;0.01;0.0;28.73
2024;269;366;beauce_5_sa_038;BTH;;7.74;0.0;19.26;-14.41;6.09;143.83;135.0;0.0;0.0;0;3.58;0;104.46;0.0;0.0;0.0;7.74
2024;1;230;beauce_5_sa_039;BTH;;8.16;1.35;60.48;50.97;136.2;34.86;102.27;0.34;0.11;0;97.54;0;-240.32;0.27;0.07;1.35;8.16
2024;231;276;beauce_5_sa_039;solnu;;6.58;0.0;21.09;-50.93;0.0;102.27;71.69;0.04;0.05;0;0;0;-157.02;0.04;0.0;0.0;6.58
2024;277;366;beauce_5_sa_039;BTH;;3.81;0.0;15.96;-15.89;0.0;71.69;67.96;0.0;0.0;0;0.0;0;71.38;0.0;0.0;0.0;3.81
2024;1;198;beauce_5_sa_040;BTH;;6.85;1.31;44.39;34.51;81.01;46.81;135.41;0.07;0.0;0;83.19;0;-169.26;0.03;0.05;1.31;6.85
2024;199;262;beauce_5_sa_040;solnu;;12.01;0.0;32.03;-90.65;0.0;135.41;64.79;0.14;0.07;0;0;0;-54.15;0.14;0.0;0.0;12.01
2024;263;366;beauce_5_sa_040;BTH;;3.58;0.0;21.57;6.0;17.11;64.8;71.65;0.02;0.0;0;10.07;0;84.1;0.01;0.02;0.0;3.58
2024;1;173;beauce_5_sa_041;BTH;;48.48;3.25;30.33;60.22;211.88;323.32;394.82;0.33;0.04;0;132.06;0;-50.72;0.27;0.05;3.25;48.48
2024;174;291;beauce_5_sa_041;solnu;;15.59;0.0;48.43;25.24;0.0;394.82;453.46;0.27;0.12;0;0;0;-225.25;0.23;0.04;0.0;15.59
2024;292;366;beauce_5_sa_041;BTH;;15.4;0.0;11.8;-74.57;15.61;453.12;359.63;0.05;0.0;0;9.18;0;-6.06;0.04;0.01;0.0;15.4
2024;1;200;beauce_5_sa_042;BTH;;2.42;0.76;41.25;14.31;108.6;7.26;8.91;0.06;0.0;0;63.9;0;-4.15;0.02;0.04;0.76;2.42
2024;201;297;beauce_5_sa_042;solnu;;1.21;0.0;39.8;-43.23;0.0;8.91;7.76;0.03;0.01;0;0;0;-188.73;0.01;0.02;0.0;1.21
2024;298;366;beauce_5_sa_042;BTH;;0.31;0.0;9.69;-11.29;0.0;7.76;7.49;0.0;0.0;0;0.0;0;-7.57;0.0;0.0;0.0;0.31
2024;1;228;beauce_5_sa_043;BTH;;2.38;0.0;53.37;15.54;42.96;7.92;31.39;0.08;0.03;0;29.69;0;-202.02;0.03;0.04;0.0;2.38
2024;229;284;beauce_5_sa_043;solnu;;1.27;0.0;21.9;-14.91;0.0;31.39;37.07;0.02;0.02;0;0;0;-146.86;0.02;0.01;0.0;1.27
2024;285;366;beauce_5_sa_043;BTH;;0.77;0.0;12.9;-33.16;0.0;37.23;17.32;0.0;0.0;0;0.0;0;-41.77;0.0;0.0;0.0;0.77
2024;1;189;beauce_5_sa_044;BTH;;8.06;1.41;37.32;55.08;153.6;51.12;85.96;0.15;0.02;0;92.54;0;-68.33;0.1;0.06;1.41;8.06
2024;190;302;beauce_5_sa_044;solnu;;5.44;0.0;46.39;-59.53;0.0;85.96;67.27;0.17;0.08;0;0;0;-195.32;0.15;0.03;0.0;5.44
2024;303;366;beauce_5_sa_044;BTH;;2.65;0.0;9.23;-9.31;0.0;67.15;64.54;0.0;0.0;0;0.0;0;26.03;0.0;0.0;0.0;2.65
2024;1;181;beauce_5_sa_045;BTH;;2.29;0.86;33.81;8.17;105.42;9.72;7.07;0.04;0.0;0;62.03;0;42.84;0.01;0.03;0.86;2.29
2024;182;304;beauce_5_sa_045;solnu;;1.48;0.0;50.12;-44.03;0.0;7.07;13.23;0.05;0.03;0;0;0;-186.47;0.02;0.03;0.0;1.48
2024;305;366;beauce_5_sa_045;BTH;;0.51;0.0;8.74;-9.17;0.0;13.1;12.61;0.0;0.0;0;0.0;0;13.18;0.0;0.0;0.0;0.51
2024;1;206;beauce_5_sa_046;BTH;;4.96;0.96;44.93;13.5;115.4;15.81;25.35;0.08;0.0;0;69.67;0;24.19;0.04;0.04;0.96;4.96
2024;207;285;beauce_5_sa_046;solnu;;2.95;0.0;34.37;-7.85;0.0;25.35;48.84;0.05;0.03;0;0;0;-154.65;0.03;0.02;0.0;2.95
2024;286;366;beauce_5_sa_046;BTH;;0.77;0.0;13.46;-48.67;0.0;49.21;17.38;0.0;0.0;0;0.0;0;-45.19;0.0;0.0;0.0;0.77
2024;1;172;beauce_5_sa_047;BTH;;1.64;0.0;28.56;11.06;41.22;8.37;5.12;0.02;0.0;0;28.57;0;-105.06;0.0;0.02;0.0;1.64
2024;173;290;beauce_5_sa_047;solnu;;1.3;0.0;47.23;2.01;0.0;5.12;52.96;0.07;0.04;0;0;0;-273.1;0.03;0.03;0.0;1.3
2024;291;366;beauce_5_sa_047;BTH;;0.62;0.0;11.52;-44.61;5.24;53.41;13.99;0.01;0.0;0;3.08;0;-45.5;0.01;0.0;0.0;0.62
2024;1;203;beauce_5_sa_048;BTH;;16.2;2.06;45.43;68.82;157.31;123.47;217.68;0.23;0.01;0;128.84;0;-187.66;0.16;0.07;2.06;16.2
2024;204;263;beauce_5_sa_048;solnu;;23.58;0.0;28.65;-2.08;0.0;217.68;220.26;0.27;0.14;0;0;0;-150.41;0.25;0.02;0.0;23.58
2024;264;366;beauce_5_sa_048;BTH;;8.15;0.0;19.67;-74.48;16.42;220.8;140.89;0.0;0.0;0;9.66;0;3.27;0.0;0.0;0.0;8.15
2024;1;176;beauce_5_sa_049;BTH;;1.87;1.12;32.64;9.44;127.5;8.8;5.48;0.06;0.0;0;75.03;0;78.82;0.03;0.03;1.12;1.87
2024;177;276;beauce_5_sa_049;solnu;;0.96;0.0;46.12;-42.17;0.0;5.48;12.31;0.05;0.03;0;0;0;-164.06;0.03;0.02;0.0;0.96
2024;277;366;beauce_5_sa_049;BTH;;0.66;0.0;16.23;-16.34;0.0;12.55;11.68;0.0;0.0;0;0.0;0;49.37;0.0;0.0;0.0;0.66
2024;1;201;beauce_5_sa_050;BTH;;1.62;0.0;41.51;17.85;57.07;8.21;8.85;0.04;0.0;0;34.19;0;-95.08;0.0;0.04;0.0;1.62
2024;202;292;beauce_5_sa_050;solnu;;0.77;0.0;37.5;-30.25;0.0;8.85;15.28;0.03;0.01;0;0;0;-212.6;0.01;0.02;0.0;0.77
2024;293;366;beauce_5_sa_050;BTH;;0.28;0.15;11.06;-27.63;2.4;10.13;8.09;0.0;0.0;0;1.41;0;-24.47;0.0;0.0;0.15;0.28
2024;1;221;beauce_5_sa_051;BTH;;7.0;2.13;54.44;23.59;216.65;23.4;37.18;0.21;0.05;0;127.48;0;80.33;0.16;0.05;2.13;7.0
2024;222;296;beauce_5_sa_051;solnu;;2.53;0.0;31.82;-40.64;0.0;37.18;27.92;0.02;0.01;0;0;0;-131.26;0.01;0.01;0.0;2.53
2024;297;366;beauce_5_sa_051;BTH;;1.1;0.0;10.73;-11.74;0.0;27.92;26.85;0.0;0.0;0;0.0;0;43.9;0.0;0.0;0.0;1.1
2024;1;212;beauce_5_sa_052;BTH;;5.53;2.0;48.39;46.79;195.95;22.86;65.97;0.16;0.02;0;115.3;0;46.37;0.11;0.06;2.0;5.53
2024;213;309;beauce_5_sa_052;solnu;;1.82;0.0;40.02;-54.22;0.0;65.97;49.76;0.13;0.07;0;0;0;-108.34;0.11;0.02;0.0;1.82
2024;310;366;beauce_5_sa_052;BTH;;1.52;0.0;8.31;-8.37;0.0;49.83;48.18;0.0;0.0;0;0.0;0;48.08;0.0;0.0;0.0;1.52
2024;1;195;beauce_5_sa_053;BTH;;23.72;2.35;41.23;52.5;210.12;156.95;191.16;0.23;0.03;0;125.8;0;32.29;0.17;0.06;2.35;23.72
2024;196;301;beauce_5_sa_053;solnu;;0.58;0.0;44.28;-72.8;0.0;191.16;162.78;0.24;0.09;0;0;0;-134.34;0.21;0.03;0.0;0.58
2024;302;366;beauce_5_sa_053;BTH;;5.99;0.0;9.94;-2.81;5.72;161.71;158.19;0.02;0.0;0;3.37;0;78.84;0.01;0.01;0.0;5.99
2024;1;177;beauce_5_sa_054;BTH;;0.27;0.0;31.06;19.47;47.02;3.32;6.45;0.03;0.0;0;28.89;0;-101.47;0.0;0.03;0.0;0.27
2024;178;263;beauce_5_sa_054;solnu;;0.58;0.0;38.27;-43.46;0.0;6.45;3.58;0.02;0.01;0;0;0;-229.36;0.01;0.01;0.0;0.58
2024;264;366;beauce_5_sa_054;BTH;;0.19;0.0;19.23;-0.62;12.63;3.6;9.35;0.02;0.0;0;7.43;0;-34.87;0.0;0.01;0.0;0.19
2024;1;175;beauce_5_sa_055;BTH;;18.15;1.92;33.08;44.25;158.65;117.01;159.56;0.18;0.02;0;95.51;0;56.05;0.14;0.05;1.92;18.15
2024;176;301;beauce_5_sa_055;solnu;;13.03;0.0;53.91;-69.06;0.0;159.56;131.98;0.24;0.1;0;0;0;-179.18;0.2;0.04;0.0;13.03
2024;302;366;beauce_5_sa_055;BTH;;5.16;0.0;9.88;-11.09;0.0;131.71;125.6;0.0;0.0;0;0.0;0;61.77;0.0;0.0;0.0;5.16
2024;1;212;beauce_5_sa_056;BTH;;7.81;0.92;44.24;60.82;145.5;42.29;63.36;0.08;0.0;0;86.61;0;-178.2;0.02;0.06;0.92;7.81
2024;213;312;beauce_5_sa_056;solnu;;4.28;0.0;36.41;4.13;0.0;63.36;99.39;0.16;0.07;0;0;0;-205.92;0.13;0.03;0.0;4.28
2024;313;366;beauce_5_sa_056;BTH;;1.47;0.0;6.78;-57.43;0.0;99.58;47.54;0.0;0.0;0;0.0;0;-24.92;0.0;0.0;0.0;1.47
2024;1;201;beauce_5_sa_057;BTH;;1.53;0.0;40.5;9.82;51.94;7.79;4.67;0.03;0.0;0;30.56;0;-140.76;0.0;0.03;0.0;1.53
2024;202;311;beauce_5_sa_057;solnu;;0.67;0.0;40.44;-5.46;0.0;4.67;38.93;0.05;0.01;0;0;0;-223.47;0.03;0.02;0.0;0.67
2024;312;366;beauce_5_sa_057;BTH;;0.2;0.0;7.03;-39.42;0.0;39.26;6.34;0.0;0.0;0;0.0;0;-22.7;0.0;0.0;0.0;0.2
2024;1;176;beauce_5_sa_058;BTH;;24.42;2.09;34.1;46.87;186.63;233.79;259.98;0.34;0.03;0;138.98;0;13.24;0.29;0.05;2.09;24.42
2024;177;269;beauce_5_sa_058;solnu;;18.98;0.0;45.46;8.72;0.0;259.98;294.79;0.26;0.13;0;0;0;-167.29;0.22;0.03;0.0;18.98
2024;270;366;beauce_5_sa_058;BTH;;10.8;0.87;19.14;-79.16;19.25;295.23;269.53;0.03;0.0;0;11.33;0;67.64;0.02;0.0;0.87;10.8
2024;1;203;beauce_5_sa_059;BTH;;0.83;0.19;42.16;5.86;61.08;4.23;4.49;0.03;0.0;0;35.94;0;-77.83;0.0;0.03;0.19;0.83
2024;204;305;beauce_5_sa_059;solnu;;0.36;0.0;39.48;-41.64;0.0;4.49;3.1;0.02;0.01;0;0;0;-188.41;0.01;0.02;0.0;0.36
2024;306;366;beauce_5_sa_059;BTH;;0.12;0.0;8.22;-8.45;0.0;3.08;3.03;0.0;0.0;0;0.0;0;-4.09;0.0;0.0;0.0;0.12
2024;1;202;beauce_5_sa_060;BTH;;5.84;1.38;43.27;41.91;195.29;48.94;36.37;0.1;0.01;0;115.6;0;36.45;0.05;0.05;1.38;5.84
2024;203;312;beauce_5_sa_060;solnu;;0.78;0.0;43.09;-47.53;0.0;36.37;31.02;0.11;0.05;0;0;0;-147.88;0.08;0.03;0.0;0.78
2024;313;366;beauce_5_sa_060;BTH;;0.96;0.47;7.45;-16.21;2.34;31.02;54.32;0.01;0.0;0;1.38;0;30.94;0.01;0.0;0.47;0.96
2024;1;179;beauce_5_sa_061;BTH;;5.04;1.21;34.29;34.15;120.82;25.26;57.34;0.13;0.02;0;71.09;0;23.89;0.09;0.04;1.21;5.04
2024;180;298;beauce_5_sa_061;solnu;;4.86;0.0;51.54;-54.47;0.0;57.34;50.03;0.15;0.07;0;0;0;-155.13;0.12;0.03;0.0;4.86
2024;299;366;beauce_5_sa_061;BTH;;1.97;0.0;10.22;-10.16;0.0;50.09;48.13;0.0;0.0;0;0.0;0;43.04;0.0;0.0;0.0;1.97
2024;1;200;beauce_5_sa_062;BTH;;4.68;0.45;41.36;33.1;126.99;41.12;17.55;0.11;0.02;0;78.47;0;-49.4;0.06;0.05;0.45;4.68
2024;201;288;beauce_5_sa_062;solnu;;1.77;0.0;36.87;-2.24;0.0;17.55;50.34;0.04;0.03;0;0;0;-167.84;0.02;0.02;0.0;1.77
2024;289;366;beauce_5_sa_062;BTH;;0.72;0.57;12.36;-61.37;3.29;50.67;42.53;0.03;0.0;0;1.93;0;-51.83;0.03;0.0;0.57;0.72
2024;1;222;beauce_5_sa_063;BTH;;13.81;0.86;52.62;74.17;129.45;69.48;116.83;0.27;0.09;0;92.46;0;-225.43;0.19;0.08;0.86;13.81
2024;223;268;beauce_5_sa_063;solnu;;7.04;0.0;20.38;-8.86;0.0;116.83;121.21;0.05;0.05;0;0;0;-123.74;0.04;0.01;0.0;7.04
2024;269;366;beauce_5_sa_063;BTH;;4.12;0.41;17.34;-53.61;4.99;121.67;106.83;0.01;0.0;0;2.94;0;-37.49;0.0;0.0;0.41;4.12
2024;1;185;beauce_5_sa_064;BTH;;2.55;0.93;36.26;16.63;104.07;13.01;27.91;0.07;0.01;0;61.24;0;31.4;0.04;0.03;0.93;2.55
2024;186;288;beauce_5_sa_064;solnu;;2.37;0.0;45.36;-45.32;0.0;27.91;26.62;0.1;0.06;0;0;0;-165.77;0.07;0.02;0.0;2.37
2024;289;366;beauce_5_sa_064;BTH;;1.41;0.0;13.07;-13.12;0.0;26.87;25.22;0.0;0.0;0;0.0;0;30.06;0.0;0.0;0.0;1.41
2024;1;203;beauce_5_sa_065;BTH;;4.98;1.44;44.73;18.04;157.86;14.76;22.2;0.1;0.01;0;92.89;0;41.76;0.06;0.04;1.44;4.98
2024;204;288;beauce_5_sa_065;solnu;;1.75;0.0;37.69;-44.42;0.0;22.2;17.9;0.04;0.03;0;0;0;-166.11;0.02;0.02;0.0;1.75
2024;289;366;beauce_5_sa_065;BTH;;0.95;0.0;13.02;-14.01;0.0;17.9;17.0;0.0;0.0;0;0.0;0;45.78;0.0;0.0;0.0;0.95
2024;1;170;beauce_5_sa_066;BTH;;3.11;0.0;27.91;23.36;54.21;16.1;8.92;0.03;0.0;0;32.8;0;-105.49;0.0;0.03;0.0;3.11
2024;171;305;beauce_5_sa_066;solnu;;2.1;0.0;51.38;0.09;0.0;8.92;58.21;0.08;0.03;0;0;0;-334.81;0.05;0.03;0.0;2.1
2024;306;366;beauce_5_sa_066;BTH;;0.71;0.0;7.98;-47.78;0.0;58.43;17.69;0.01;0.0;0;0.0;0;-27.57;0.01;0.0;0.0;0.71
2024;1;177;beauce_5_sa_067;BTH;;1.47;0.81;33.31;27.52;91.21;8.52;36.92;0.14;0.02;0;54.66;0;-35.03;0.1;0.04;0.81;1.47
2024;178;264;beauce_5_sa_067;solnu;;3.74;0.0;41.62;-56.17;0.0;36.92;20.41;0.07;0.03;0;0;0;-139.21;0.06;0.01;0.0;3.74
2024;265;366;beauce_5_sa_067;BTH;;1.08;0.0;20.44;-5.15;8.89;20.3;25.71;0.01;0.0;0;5.23;0;43.3;0.0;0.01;0.0;1.08
2024;1;216;beauce_5_sa_068;BTH;;1.64;0.0;47.37;17.02;40.05;7.52;30.2;0.04;0.0;0;27.1;0;-173.68;0.0;0.04;0.0;1.64
2024;217;271;beauce_5_sa_068;solnu;;2.33;0.0;24.63;-13.92;0.0;30.2;38.46;0.06;0.05;0;0;0;-163.74;0.05;0.01;0.0;2.33
2024;272;366;beauce_5_sa_068;BTH;;0.87;0.0;16.53;-37.14;0.0;38.87;17.45;0.0;0.0;0;0.0;0;-41.34;0.0;0.0;0.0;0.87
2024;1;199;beauce_5_sa_069;BTH;;32.76;2.95;44.78;47.79;185.14;242.52;337.46;0.18;0.01;0;132.75;0;-79.13;0.13;0.06;2.95;32.76
2024;200;275;beauce_5_sa_069;solnu;;24.83;0.0;36.69;-92.26;0.0;337.46;256.59;0.31;0.16;0;0;0;-98.88;0.29;0.01;0.0;24.83
2024;276;366;beauce_5_sa_069;BTH;;13.35;0.0;16.94;26.58;37.61;257.24;249.11;0.04;0.0;0;22.13;0;88.76;0.02;0.03;0.0;13.35
2024;1;175;beauce_5_sa_070;BTH;;11.85;1.7;32.0;35.63;156.34;45.16;70.17;0.09;0.0;0;92.5;0;53.4;0.05;0.04;1.7;11.85
2024;176;310;beauce_5_sa_070;solnu;;8.77;0.0;54.16;20.82;0.0;70.17;136.27;0.21;0.08;0;0;0;-206.44;0.16;0.05;0.0;8.77
2024;311;366;beauce_5_sa_070;BTH;;2.16;0.0;7.77;-72.77;0.0;136.57;69.1;0.0;0.0;0;0.0;0;4.7;0.0;0.0;0.0;2.16
2024;1;219;beauce_5_sa_071;BTH;;1.35;0.0;48.51;12.7;50.24;4.78;14.29;0.05;0.02;0;29.56;0;-158.92;0.02;0.04;0.0;1.35
2024;220;307;beauce_5_sa_071;solnu;;0.79;0.0;31.9;-38.94;0.0;14.29;7.84;0.01;0.01;0;0;0;-199.78;0.0;0.01;0.0;0.79
2024;308;366;beauce_5_sa_071;BTH;;0.28;0.0;7.71;-7.75;0.0;8.01;7.58;0.0;0.0;0;0.0;0;-12.41;0.0;0.0;0.0;0.28
2024;1;175;beauce_5_sa_072;BTH;;5.45;1.34;32.76;24.82;125.56;21.84;47.06;0.06;0.0;0;73.88;0;57.94;0.03;0.03;1.34;5.45
2024;176;292;beauce_5_sa_072;solnu;;5.77;0.0;52.24;-49.55;0.0;47.06;44.99;0.14;0.07;0;0;0;-153.78;0.11;0.03;0.0;5.77
2024;293;366;beauce_5_sa_072;BTH;;1.77;0.0;11.95;-12.03;0.0;44.99;43.14;0.0;0.0;0;0.0;0;49.7;0.0;0.0;0.0;1.77
2024;1;173;beauce_5_sa_073;BTH;;0.16;0.0;29.69;15.95;42.93;2.06;4.5;0.03;0.0;0;25.37;0;-74.76;0.0;0.03;0.0;0.16
2024;174;263;beauce_5_sa_073;solnu;;0.49;0.0;40.21;-42.16;0.0;4.5;3.0;0.02;0.01;0;0;0;-230.17;0.01;0.01;0.0;0.49
2024;264;366;beauce_5_sa_073;BTH;;0.16;0.0;19.53;-3.43;11.1;2.99;7.83;0.01;0.0;0;6.53;0;-18.04;0.0;0.01;0.0;0.16
2024;1;191;beauce_5_sa_074;BTH;;6.08;0.86;37.61;39.21;114.66;31.2;50.21;0.06;0.0;0;68.59;0;-37.52;0.02;0.05;0.86;6.08
2024;192;309;beauce_5_sa_074;solnu;;4.3;0.0;46.3;4.94;0.0;50.21;97.03;0.16;0.06;0;0;0;-225.53;0.13;0.03;0.0;4.3
2024;310;366;beauce_5_sa_074;BTH;;1.32;0.0;7.81;-61.71;0.0;97.37;42.04;0.0;0.0;0;0.0;0;-5.28;0.0;0.0;0.0;1.32
2024;1;206;beauce_5_sa_075;BTH;;0.9;0.0;42.65;8.21;49.76;4.56;4.8;0.03;0.0;0;29.28;0;-119.64;0.0;0.03;0.0;0.9
2024;207;317;beauce_5_sa_075;solnu;;0.41;0.0;39.61;-40.6;0.0;4.8;3.53;0.04;0.01;0;0;0;-224.27;0.02;0.02;0.0;0.41
2024;318;366;beauce_5_sa_075;BTH;;0.11;0.0;6.21;-6.38;0.0;3.53;3.44;0.0;0.0;0;0.0;0;-13.38;0.0;0.0;0.0;0.11
2024;1;170;beauce_5_sa_076;BTH;;1.77;0.0;28.42;11.03;41.01;9.02;5.66;0.02;0.0;0;24.13;0;-78.67;0.0;0.02;0.0;1.77
2024;171;305;beauce_5_sa_076;solnu;;1.42;0.0;52.52;-42.73;0.0;5.66;13.85;0.07;0.04;0;0;0;-284.84;0.04;0.03;0.0;1.42
2024;306;366;beauce_5_sa_076;BTH;;0.55;0.0;8.18;-8.17;0.0;13.78;13.32;0.0;0.0;0;0.0;0;-12.95;0.0;0.0;0.0;0.55
2024;1;223;beauce_5_sa_077;BTH;;3.99;0.14;50.27;51.62;106.6;24.85;26.61;0.1;0.03;0;63.82;0;-213.55;0.04;0.06;0.14;3.99
2024;224;310;beauce_5_sa_077;solnu;;1.63;0.0;29.88;-4.88;0.0;26.61;49.92;0.05;0.02;0;0;0;-184.32;0.03;0.02;0.0;1.63
2024;311;366;beauce_5_sa_077;BTH;;0.59;0.39;7.08;-62.82;3.29;50.19;21.97;0.01;0.0;0;1.93;0;-61.02;0.01;0.0;0.39;0.59
2024;1;229;beauce_5_sa_078;BTH;;39.05;2.4;62.06;63.67;165.08;172.71;273.48;0.49;0.16;0;129.39;0;-149.3;0.41;0.08;2.4;39.05
2024;230;267;beauce_5_sa_078;solnu;;21.27;0.0;18.59;-12.26;0.0;273.48;258.37;0.07;0.09;0;0;0;-97.88;0.06;0.01;0.0;21.27
2024;268;366;beauce_5_sa_078;BTH;;10.48;0.0;19.07;-61.37;10.18;258.66;195.41;0.0;0.0;0;5.99;0;78.55;0.0;0.0;0.0;10.48
2024;1;203;beauce_5_sa_079;BTH;;4.21;1.24;45.98;31.44;135.95;19.33;49.25;0.11;0.0;0;80.0;0;13.29;0.06;0.05;1.24;4.21
2024;204;270;beauce_5_sa_079;solnu;;4.29;0.0;32.2;-43.35;0.0;49.25;34.77;0.11;0.07;0;0;0;-153.17;0.09;0.01;0.0;4.29
2024;271;366;beauce_5_sa_079;BTH;;1.86;0.0;18.22;-21.65;0.0;34.77;32.94;0.0;0.0;0;0.0;0;5.46;0.0;0.0;0.0;1.86
2024;1;208;beauce_5_sa_080;BTH;;1.3;0.0;43.94;14.98;46.07;6.51;18.05;0.04;0.0;0;27.99;0;-139.99;0.0;0.04;0.0;1.3
2024;209;282;beauce_5_sa_080;solnu;;1.29;0.0;31.5;-22.18;0.0;18.05;26.01;0.04;0.03;0;0;0;-187.61;0.03;0.01;0.0;1.29
2024;283;366;beauce_5_sa_080;BTH;;0.5;0.0;13.77;-29.05;0.0;21.34;10.43;0.0;0.0;0;0.0;0;-33.37;0.0;0.0;0.0;0.5
2024;1;211;beauce_5_sa_081;BTH;;1.23;0.0;44.49;13.42;52.32;6.23;10.58;0.04;0.0;0;30.79;0;-146.06;0.0;0.04;0.0;1.23
2024;212;301;beauce_5_sa_081;solnu;;0.82;0.0;34.75;-7.54;0.0;10.58;36.91;0.04;0.02;0;0;0;-208.23;0.02;0.02;0.0;0.82
2024;302;366;beauce_5_sa_081;BTH;;0.28;0.0;8.79;-38.67;0.0;37.2;6.94;0.01;0.0;0;0.0;0;-30.59;0.01;0.0;0.0;0.28
2024;1;200;beauce_5_sa_082;BTH;;7.48;2.34;43.57;46.88;235.73;48.56;69.56;0.22;0.03;0;140.52;0;-17.99;0.17;0.05;2.34;7.48
2024;201;305;beauce_5_sa_082;solnu;;0.0;0.0;44.3;-60.12;0.0;69.56;53.72;0.12;0.06;0;0;0;-58.8;0.11;0.02;0.0;0.0
2024;306;366;beauce_5_sa_082;BTH;;1.59;0.0;9.31;-8.62;0.0;53.72;52.82;0.0;0.0;0;0.0;0;68.25;0.0;0.0;0.0;1.59
2024;1;194;beauce_5_sa_083;BTH;;1.3;0.0;37.26;10.88;46.51;6.59;6.95;0.03;0.0;0;31.78;0;-138.11;0.0;0.03;0.0;1.3
2024;195;286;beauce_5_sa_083;solnu;;0.66;0.0;38.12;-5.11;0.0;6.95;39.25;0.04;0.02;0;0;0;-217.18;0.01;0.02;0.0;0.66
2024;287;366;beauce_5_sa_083;BTH;;0.32;0.0;12.57;-44.18;0.0;39.66;7.32;0.0;0.0;0;0.0;0;-40.85;0.0;0.0;0.0;0.32
2024;1;205;beauce_5_sa_084;BTH;;23.35;2.9;50.01;56.17;160.63;175.11;313.61;0.46;0.03;0;133.97;0;-88.14;0.4;0.06;2.9;23.35
2024;206;261;beauce_5_sa_084;solnu;;48.65;0.0;28.59;-6.56;0.0;313.61;286.6;0.25;0.13;0;0;0;-141.15;0.24;0.02;0.0;48.65
2024;262;366;beauce_5_sa_084;BTH;;12.49;0.0;22.18;-72.76;19.83;287.24;203.69;0.0;0.0;0;11.67;0;75.49;0.0;0.0;0.0;12.49
2024;1;224;beauce_5_sa_085;BTH;;11.62;1.0;53.37;71.15;118.97;34.61;102.91;0.33;0.1;0;79.93;0;-241.66;0.25;0.07;1.0;11.62
2024;225;265;beauce_5_sa_085;solnu;;6.18;0.0;18.57;-10.48;0.0;102.91;104.72;0.05;0.05;0;0;0;-113.69;0.04;0.01;0.0;6.18
2024;266;366;beauce_5_sa_085;BTH;;3.76;0.0;18.21;-48.29;6.51;105.04;66.92;0.0;0.0;0;3.83;0;-81.98;0.0;0.0;0.0;3.76
2024;1;225;beauce_5_sa_086;BTH;;26.18;1.76;55.96;75.35;152.25;103.46;187.41;0.42;0.13;0;124.09;0;-281.17;0.34;0.08;1.76;26.18
2024;226;264;beauce_5_sa_086;solnu;;13.68;0.0;18.11;-10.39;0.0;187.41;181.32;0.06;0.06;0;0;0;-108.55;0.05;0.01;0.0;13.68
2024;265;366;beauce_5_sa_086;BTH;;7.53;0.0;18.88;-51.46;8.14;181.87;133.07;0.01;0.0;0;4.79;0;-10.53;0.0;0.01;0.0;7.53
2024;1;181;beauce_5_sa_087;BTH;;5.22;1.2;34.11;8.37;122.7;12.29;16.39;0.07;0.0;0;72.2;0;86.8;0.04;0.03;1.2;5.22
2024;182;301;beauce_5_sa_087;solnu;;3.14;0.0;50.08;-46.04;0.0;16.39;20.54;0.05;0.03;0;0;0;-174.57;0.02;0.03;0.0;3.14
2024;302;366;beauce_5_sa_087;BTH;;0.8;0.0;9.45;-10.23;0.0;20.18;19.49;0.0;0.0;0;0.0;0;21.17;0.0;0.0;0.0;0.8
2024;1;213;beauce_5_sa_088;BTH;;39.97;3.01;47.34;47.67;250.33;262.39;292.96;0.26;0.03;0;147.93;0;49.28;0.2;0.06;3.01;39.97
2024;214;315;beauce_5_sa_088;solnu;;1.14;0.0;40.77;5.35;0.0;292.96;337.52;0.3;0.12;0;0;0;-136.46;0.27;0.03;0.0;1.14
2024;316;366;beauce_5_sa_088;BTH;;7.42;0.0;7.27;-79.59;2.77;337.9;254.98;0.01;0.0;0;1.63;0;30.85;0.01;0.0;0.0;7.42
2024;1;220;beauce_5_sa_089;BTH;;14.46;0.0;51.17;22.9;132.69;107.35;34.6;0.11;0.02;0;78.46;0;24.89;0.06;0.05;0.0;14.46
2024;221;317;beauce_5_sa_089;solnu;;2.96;0.0;34.48;-46.39;0.0;34.6;25.76;0.02;0.01;0;0;0;-216.46;0.0;0.01;0.0;2.96
2024;318;366;beauce_5_sa_089;BTH;;0.87;1.25;6.43;-17.31;2.59;25.66;106.05;0.04;0.0;0;1.52;0;15.88;0.04;0.0;1.25;0.87
2024;1;204;beauce_5_sa_090;BTH;;6.37;0.0;43.36;30.59;90.8;43.25;20.23;0.05;0.0;0;55.42;0;-19.76;0.01;0.05;0.0;6.37
2024;205;295;beauce_5_sa_090;solnu;;2.67;0.0;37.73;-39.91;0.0;20.23;15.42;0.03;0.02;0;0;0;-186.94;0.01;0.02;0.0;2.67
2024;296;366;beauce_5_sa_090;BTH;;0.67;0.72;10.24;-25.89;3.99;15.42;52.24;0.03;0.0;0;2.35;0;-33.61;0.03;0.0;0.72;0.67
2024;1;174;beauce_5_sa_091;BTH;;23.48;1.48;31.78;35.06;171.07;154.02;136.42;0.09;0.0;0;101.29;0;58.58;0.05;0.04;1.48;23.48
2024;175;315;beauce_5_sa_091;solnu;;15.85;0.0;56.02;19.54;0.0;136.42;196.48;0.26;0.1;0;0;0;-209.59;0.22;0.05;0.0;15.85
2024;316;366;beauce_5_sa_091;BTH;;3.59;0.52;7.04;-90.36;2.77;196.84;145.74;0.02;0.0;0;1.63;0;14.1;0.02;0.0;0.52;3.59
2024;1;199;beauce_5_sa_092;BTH;;0.83;0.0;40.18;6.41;47.25;4.21;2.74;0.03;0.0;0;27.81;0;-98.17;0.0;0.03;0.0;0.83
2024;200;302;beauce_5_sa_092;solnu;;0.35;0.0;40.13;-40.59;0.0;2.74;2.8;0.02;0.01;0;0;0;-226.57;0.0;0.02;0.0;0.35
2024;303;366;beauce_5_sa_092;BTH;;0.11;0.0;8.72;-8.81;0.0;2.8;2.69;0.0;0.0;0;0.0;0;-10.25;0.0;0.0;0.0;0.11
2024;1;230;beauce_5_sa_093;BTH;;2.87;0.67;56.46;23.94;101.47;11.13;36.97;0.09;0.04;0;59.71;0;-78.4;0.04;0.05;0.67;2.87
2024;231;286;beauce_5_sa_093;solnu;;1.75;0.0;22.09;-33.29;0.0;36.97;23.96;0.03;0.03;0;0;0;-112.08;0.02;0.01;0.0;1.75
2024;287;366;beauce_5_sa_093;BTH;;1.03;0.0;12.83;-21.44;0.0;22.91;21.86;0.0;0.0;0;0.0;0;-92.74;0.0;0.0;0.0;1.03
2024;1;199;beauce_5_sa_094;BTH;;22.26;2.24;43.5;62.59;206.38;154.46;199.32;0.27;0.03;0;138.63;0;-81.34;0.21;0.06;2.24;22.26
2024;200;281;beauce_5_sa_094;solnu;;10.49;0.0;37.27;4.27;0.0;199.32;230.01;0.24;0.13;0;0;0;-166.78;0.21;0.03;0.0;10.49
2024;282;366;beauce_5_sa_094;BTH;;6.97;0.0;14.8;-77.46;9.0;230.33;151.37;0.0;0.0;0;5.3;0;35.38;0.0;0.0;0.0;6.97
2024;1;223;beauce_5_sa_095;BTH;;1.63;0.0;51.19;12.69;48.06;5.71;19.78;0.06;0.02;0;28.28;0;-166.6;0.02;0.04;0.0;1.63
2024;224;302;beauce_5_sa_095;solnu;;0.86;0.0;28.87;-35.46;0.0;19.78;12.29;0.03;0.01;0;0;0;-170.54;0.02;0.01;0.0;0.86
2024;303;366;beauce_5_sa_095;BTH;;0.44;0.0;8.66;-11.18;0.0;11.77;10.6;0.0;0.0;0;0.0;0;-34.29;0.0;0.0;0.0;0.44
2024;1;186;beauce_5_sa_096;BTH;;1.84;0.0;34.33;8.46;44.31;9.4;4.93;0.03;0.0;0;26.08;0;-105.79;0.0;0.03;0.0;1.84
2024;187;312;beauce_5_sa_096;solnu;;1.04;0.0;47.12;-1.53;0.0;4.93;49.41;0.07;0.02;0;0;0;-261.91;0.04;0.03;0.0;1.04
2024;313;366;beauce_5_sa_096;BTH;;0.32;0.0;6.84;-45.45;0.0;49.59;10.48;0.0;0.0;0;0.0;0;-21.61;0.0;0.0;0.0;0.32
2024;1;177;beauce_5_sa_097;BTH;;12.24;0.0;30.86;46.06;114.41;82.14;31.18;0.06;0.0;0;68.23;0;-97.57;0.02;0.05;0.0;12.24
2024;178;313;beauce_5_sa_097;solnu;;6.1;0.0;50.05;21.63;0.0;31.18;96.76;0.13;0.05;0;0;0;-288.39;0.08;0.04;0.0;6.1
2024;314;366;beauce_5_sa_097;BTH;;1.39;0.97;6.68;-78.34;3.29;96.96;93.17;0.03;0.0;0;1.93;0;-23.27;0.03;0.0;0.97;1.39
2024;1;201;beauce_5_sa_098;BTH;;0.98;0.0;41.17;7.56;47.0;5.01;5.68;0.03;0.0;0;27.66;0;-103.75;0.0;0.03;0.0;0.98
2024;202;296;beauce_5_sa_098;solnu;;0.42;0.0;38.37;-7.75;0.0;5.68;35.84;0.04;0.01;0;0;0;-220.28;0.02;0.02;0.0;0.42
2024;297;366;beauce_5_sa_098;BTH;;0.19;0.0;9.87;-40.86;0.0;36.28;4.66;0.0;0.0;0;0.0;0;-22.57;0.0;0.0;0.0;0.19
2024;1;200;beauce_5_sa_099;BTH;;5.1;0.43;46.18;41.21;134.03;92.73;73.24;0.14;0.01;0;79.58;0;-15.81;0.09;0.05;0.43;5.1
2024;201;260;beauce_5_sa_099;solnu;;8.04;0.0;31.24;-47.98;0.0;73.24;51.95;0.13;0.08;0;0;0;-173.7;0.12;0.01;0.0;8.04
2024;261;366;beauce_5_sa_099;BTH;;2.81;1.0;22.64;-18.23;9.09;51.83;119.7;0.02;0.0;0;5.35;0;82.13;0.02;0.0;1.0;2.81
2025;1;177;beauce_5_sa_000;BTH;;3.68;1.16;37.15;17.88;117.05;43.21;64.6;0.04;0.0;0;71.52;0;26.29;0.0;0.03;1.16;3.68
2025;178;275;beauce_5_sa_000;solnu;;0.0;0.0;41.61;-0.47;0.0;64.6;105.7;0.05;0.0;0;0;0;-169.21;0.02;0.03;0.0;0.0
2025;276;365;beauce_5_sa_000;BTH;;1.67;0.0;12.68;-77.11;12.0;106.14;27.59;0.01;0.0;0;7.06;0;37.72;0.01;0.0;0.0;1.67
2025;1;182;beauce_5_sa_001;BTH;;5.83;1.04;38.35;34.27;87.52;63.0;120.32;0.07;0.0;0;55.89;0;-73.23;0.03;0.04;1.04;5.83
2025;183;265;beauce_5_sa_001;solnu;;0.0;0.0;34.19;-3.36;0.0;120.32;151.13;0.02;0.0;0;0;0;-178.06;0.0;0.02;0.0;0.0
2025;266;365;beauce_5_sa_001;BTH;;3.91;0.0;14.63;-71.96;39.35;151.59;50.49;0.05;0.0;0;23.15;0;8.07;0.04;0.01;0.0;3.91
2025;1;187;beauce_5_sa_002;BTH;;0.55;0.0;41.21;17.33;51.26;6.56;13.28;0.04;0.0;0;30.16;0;-170.25;0.0;0.04;0.0;0.55
2025;188;287;beauce_5_sa_002;solnu;;0.05;0.0;33.49;-9.31;0.0;13.28;37.37;0.03;0.0;0;0;0;-192.56;0.02;0.02;0.0;0.05
2025;288;365;beauce_5_sa_002;BTH;;0.55;0.0;8.89;-38.61;1.5;37.59;6.06;0.0;0.0;0;0.88;0;-29.21;0.0;0.0;0.0;0.55
2025;1;230;beauce_5_sa_003;BTH;;1.58;0.58;60.66;28.58;105.84;18.79;44.18;0.06;0.0;0;62.28;0;-227.04;0.0;0.06;0.58;1.58
2025;231;303;beauce_5_sa_003;solnu;;0.0;0.0;17.65;-14.3;0.0;44.18;47.5;0.03;0.0;0;0;0;-95.33;0.02;0.01;0.0;0.0
2025;304;365;beauce_5_sa_003;BTH;;1.28;0.0;5.83;-40.4;0.0;47.64;14.34;0.01;0.0;0;0.0;0;-60.18;0.0;0.0;0.0;1.28
2025;1;175;beauce_5_sa_004;BTH;;3.42;1.54;36.27;18.97;134.09;39.37;72.48;0.06;0.0;0;80.67;0;48.02;0.02;0.03;1.54;3.42
2025;176;271;beauce_5_sa_004;solnu;;0.0;0.0;41.77;-0.49;0.0;72.48;113.72;0.05;0.0;0;0;0;-158.82;0.02;0.03;0.0;0.0
2025;272;365;beauce_5_sa_004;BTH;;1.53;0.0;13.91;-84.64;13.49;114.17;27.95;0.01;0.0;0;7.94;0;50.89;0.01;0.0;0.0;1.53
2025;1;181;beauce_5_sa_005;BTH;;1.59;0.0;35.56;22.41;94.07;50.87;13.47;0.06;0.0;0;55.52;0;-86.07;0.03;0.04;0.0;1.59
2025;182;314;beauce_5_sa_005;solnu;;0.35;0.0;42.67;-45.75;0.0;13.47;14.06;0.03;0.0;0;0;0;-263.85;0.01;0.02;0.0;0.35
2025;315;365;beauce_5_sa_005;BTH;;0.81;0.5;4.68;-5.64;0.13;14.06;50.16;0.01;0.0;0;0.07;0;-2.57;0.01;0.0;0.5;0.81
2025;1;186;beauce_5_sa_006;BTH;;1.77;1.2;39.49;18.33;151.79;21.05;13.49;0.06;0.0;0;89.32;0;-29.99;0.02;0.04;1.2;1.77
2025;187;306;beauce_5_sa_006;solnu;;0.0;0.0;33.36;-1.49;0.0;13.49;45.49;0.03;0.0;0;0;0;-126.7;0.01;0.02;0.0;0.0
2025;307;365;beauce_5_sa_006;BTH;;0.54;0.0;5.99;-40.28;0.0;45.74;13.9;0.0;0.0;0;0.0;0;-49.51;0.0;0.0;0.0;0.54
2025;1;203;beauce_5_sa_007;BTH;;10.45;1.86;52.71;56.5;145.93;124.15;216.7;0.07;0.0;0;85.87;0;-72.93;0.0;0.07;1.86;10.45
2025;204;314;beauce_5_sa_007;solnu;;0.0;0.0;30.05;-87.8;0.0;216.7;158.86;0.09;0.0;0;0;0;-101.18;0.08;0.01;0.0;0.0
2025;315;365;beauce_5_sa_007;BTH;;4.28;0.0;5.12;-12.21;0.85;158.02;146.6;0.05;0.0;0;0.5;0;39.49;0.04;0.0;0.0;4.28
2025;1;228;beauce_5_sa_008;BTH;;1.61;0.21;63.75;21.11;66.13;18.87;51.56;0.05;0.0;0;38.91;0;-294.27;0.0;0.05;0.21;1.61
2025;229;274;beauce_5_sa_008;solnu;;0.0;0.0;13.5;-57.32;0.0;51.56;9.13;0.0;0.0;0;0;0;-69.59;0.0;0.0;0.0;0.0
2025;275;365;beauce_5_sa_008;BTH;;0.84;0.0;11.74;-11.75;0.0;9.16;8.28;0.0;0.0;0;0.0;0;34.96;0.0;0.0;0.0;0.84
2025;1;177;beauce_5_sa_009;BTH;;3.0;1.38;35.5;11.48;148.0;35.87;33.42;0.03;0.0;0;87.09;0;57.93;0.0;0.03;1.38;3.0
2025;178;315;beauce_5_sa_009;solnu;;0.0;0.0;41.73;-54.81;0.0;33.42;20.96;0.04;0.0;0;0;0;-122.42;0.02;0.02;0.0;0.0
2025;316;365;beauce_5_sa_009;BTH;;0.49;0.0;5.15;-5.17;0.0;20.94;20.44;0.0;0.0;0;0.0;0;30.99;0.0;0.0;0.0;0.49
2025;1;188;beauce_5_sa_010;BTH;;0.72;0.0;39.84;27.63;61.26;8.61;14.08;0.04;0.0;0;36.93;0;-226.14;0.0;0.04;0.0;0.72
2025;189;288;beauce_5_sa_010;solnu;;0.04;0.0;32.32;-6.01;0.0;14.08;40.3;0.04;0.0;0;0;0;-207.18;0.02;0.02;0.0;0.04
2025;289;365;beauce_5_sa_010;BTH;;0.65;0.0;8.38;-40.99;0.0;40.58;7.17;0.0;0.0;0;0.0;0;-38.45;0.0;0.0;0.0;0.65
2025;1;227;beauce_5_sa_011;BTH;;5.53;0.74;70.43;37.24;101.88;77.27;133.16;0.12;0.0;0;64.43;0;-186.54;0.05;0.06;0.74;5.53
2025;228;261;beauce_5_sa_011;solnu;;0.0;0.0;12.15;-16.35;0.0;133.16;128.95;0.0;0.0;0;0;0;-86.21;0.0;0.0;0.0;0.0
2025;262;365;beauce_5_sa_011;BTH;;4.01;0.32;16.58;-86.85;11.52;129.34;67.37;0.04;0.01;0;6.78;0;56.03;0.04;0.0;0.32;4.01
2025;1;175;beauce_5_sa_012;BTH;;1.06;0.0;33.47;22.68;50.81;12.12;16.35;0.04;0.0;0;29.9;0;-148.96;0.0;0.03;0.0;1.06
2025;176;265;beauce_5_sa_012;solnu;;0.0;0.0;35.35;-9.24;0.0;16.35;42.44;0.02;0.0;0;0;0;-220.66;0.0;0.02;0.0;0.0
2025;266;365;beauce_5_sa_012;BTH;;0.91;0.0;14.0;-44.42;3.0;42.84;8.09;0.01;0.0;0;1.77;0;-36.43;0.01;0.0;0.0;0.91
2025;1;186;beauce_5_sa_013;BTH;;5.7;1.91;44.04;42.23;162.04;67.45;128.72;0.08;0.0;0;98.88;0;-47.5;0.03;0.05;1.91;5.7
2025;187;279;beauce_5_sa_013;solnu;;0.0;0.0;38.68;1.36;0.0;128.72;168.69;0.06;0.0;0;0;0;-185.1;0.04;0.03;0.0;0.0
2025;280;365;beauce_5_sa_013;BTH;;2.08;0.0;11.5;-86.69;27.98;169.18;63.41;0.04;0.0;0;16.46;0;32.76;0.03;0.0;0.0;2.08
2025;1;190;beauce_5_sa_014;BTH;;0.42;0.0;43.63;18.95;51.47;4.98;15.76;0.04;0.0;0;30.29;0;-166.09;0.0;0.04;0.0;0.42
2025;191;285;beauce_5_sa_014;solnu;;0.05;0.0;31.68;-44.6;0.0;15.76;3.94;0.02;0.0;0;0;0;-210.36;0.01;0.01;0.0;0.05
2025;286;365;beauce_5_sa_014;BTH;;0.33;0.0;9.43;-9.7;0.0;3.94;3.64;0.0;0.0;0;0.0;0;-9.01;0.0;0.0;0.0;0.33
2025;1;219;beauce_5_sa_015;BTH;;0.91;0.43;59.14;17.91;85.14;10.84;34.21;0.05;0.0;0;50.1;0;-158.62;0.0;0.05;0.43;0.91
2025;220;295;beauce_5_sa_015;solnu;;0.0;0.0;21.89;-50.58;0.0;34.21;9.8;0.02;0.0;0;0;0;-155.47;0.01;0.0;0.0;0.0
2025;296;365;beauce_5_sa_015;BTH;;0.56;0.0;7.69;-8.27;0.0;10.03;9.33;0.0;0.0;0;0.0;0;3.27;0.0;0.0;0.0;0.56
2025;1;201;beauce_5_sa_016;BTH;;23.52;3.09;60.14;49.93;143.52;267.37;442.16;0.15;0.0;0;90.26;0;-92.71;0.08;0.07;3.09;23.52
2025;202;263;beauce_5_sa_016;solnu;;0.0;0.0;26.8;-85.1;0.0;442.16;383.85;0.01;0.0;0;0;0;-146.36;0.0;0.01;0.0;0.0
2025;264;365;beauce_5_sa_016;BTH;;14.05;0.0;16.58;-5.9;55.73;379.33;324.56;0.19;0.01;0;32.79;0;95.03;0.17;0.02;0.0;14.05
2025;1;186;beauce_5_sa_017;BTH;;1.18;0.0;42.28;24.72;51.7;13.93;28.0;0.04;0.0;0;31.07;0;-200.26;0.0;0.04;0.0;1.18
2025;187;262;beauce_5_sa_017;solnu;;0.0;0.0;28.61;-49.75;0.0;28.0;6.85;0.01;0.0;0;0;0;-198.7;0.0;0.01;0.0;0.0
2025;263;365;beauce_5_sa_017;BTH;;0.66;0.0;15.12;-15.38;0.0;6.73;5.98;0.0;0.0;0;0.0;0;-15.57;0.0;0.0;0.0;0.66
2025;1;213;beauce_5_sa_018;BTH;;0.89;0.68;59.31;12.93;90.85;10.74;42.22;0.05;0.0;0;53.46;0;-95.75;0.01;0.04;0.68;0.89
2025;214;299;beauce_5_sa_018;solnu;;0.0;0.0;25.15;-13.04;0.0;42.22;54.29;0.04;0.0;0;0;0;-100.67;0.03;0.01;0.0;0.0
2025;300;365;beauce_5_sa_018;BTH;;1.01;0.0;7.1;-50.07;0.0;54.57;11.57;0.0;0.0;0;0.0;0;-10.16;0.0;0.0;0.0;1.01
2025;1;180;beauce_5_sa_019;BTH;;1.28;0.71;36.14;22.67;105.05;14.76;20.71;0.05;0.0;0;61.81;0;-66.86;0.01;0.04;0.71;1.28
2025;181;271;beauce_5_sa_019;solnu;;0.0;0.0;36.52;-3.48;0.0;20.71;53.71;0.04;0.0;0;0;0;-184.94;0.02;0.02;0.0;0.0
2025;272;365;beauce_5_sa_019;BTH;;0.66;0.0;12.59;-54.69;1.5;54.14;10.82;0.0;0.0;0;0.88;0;-23.87;0.0;0.0;0.0;0.66
2025;1;213;beauce_5_sa_020;BTH;;1.42;1.17;57.65;11.88;124.88;17.01;47.8;0.05;0.0;0;73.48;0;-4.32;0.0;0.04;1.17;1.42
2025;214;309;beauce_5_sa_020;solnu;;0.0;0.0;26.6;-9.76;0.0;47.8;64.6;0.05;0.0;0;0;0;-79.74;0.03;0.01;0.0;0.0
2025;310;365;beauce_5_sa_020;BTH;;0.86;0.0;5.73;-52.17;0.0;64.81;18.72;0.01;0.0;0;0.0;0;-9.4;0.01;0.0;0.0;0.86
2025;1;186;beauce_5_sa_021;BTH;;6.78;2.21;46.94;37.97;176.95;81.12;147.71;0.1;0.0;0;106.06;0;-52.46;0.05;0.05;2.21;6.78
2025;187;272;beauce_5_sa_021;solnu;;0.0;0.0;39.75;-102.37;0.0;147.71;85.05;0.04;0.0;0;0;0;-124.92;0.02;0.01;0.0;0.0
2025;273;365;beauce_5_sa_021;BTH;;1.96;0.0;14.17;19.04;41.48;85.21;74.77;0.06;0.0;0;24.41;0;89.22;0.04;0.02;0.0;1.96
2025;1;198;beauce_5_sa_022;BTH;;15.86;2.53;49.15;55.93;192.04;205.12;291.65;0.08;0.0;0;115.99;0;-13.15;0.02;0.06;2.53;15.86
2025;199;303;beauce_5_sa_022;solnu;;0.0;0.0;30.0;-3.85;0.0;291.65;317.74;0.06;0.0;0;0;0;-111.43;0.04;0.02;0.0;0.0
2025;304;365;beauce_5_sa_022;BTH;;1.61;0.0;6.81;-86.62;2.52;317.95;233.7;0.1;0.0;0;1.48;0;32.63;0.1;0.0;0.0;1.61
2025;1;205;beauce_5_sa_023;BTH;;3.58;0.76;55.38;46.56;110.29;44.45;89.31;0.06;0.0;0;66.84;0;-87.14;0.0;0.06;0.76;3.58
2025;206;299;beauce_5_sa_023;solnu;;0.0;0.0;28.62;-9.24;0.0;89.31;108.64;0.05;0.0;0;0;0;-162.12;0.04;0.01;0.0;0.0
2025;300;365;beauce_5_sa_023;BTH;;2.73;0.32;7.19;-85.53;1.93;108.95;49.38;0.03;0.0;0;1.14;0;16.37;0.03;0.0;0.32;2.73
2025;1;227;beauce_5_sa_024;BTH;;18.98;2.41;56.72;81.82;177.75;225.39;347.73;0.08;0.0;0;105.14;0;-202.99;0.0;0.08;2.41;18.98
2025;228;305;beauce_5_sa_024;solnu;;0.0;0.0;19.48;-7.36;0.0;347.73;359.77;0.08;0.0;0;0;0;-114.63;0.08;0.01;0.0;0.0
2025;306;365;beauce_5_sa_024;BTH;;7.04;0.0;5.84;-86.56;2.24;359.88;269.68;0.09;0.0;0;1.32;0;5.43;0.09;0.0;0.0;7.04
2025;1;225;beauce_5_sa_025;BTH;;2.76;0.46;65.34;26.08;115.42;59.15;66.81;0.08;0.0;0;70.26;0;-213.17;0.03;0.05;0.46;2.76
2025;226;275;beauce_5_sa_025;solnu;;0.0;0.0;16.12;-69.39;0.0;66.81;16.23;0.0;0.0;0;0;0;-60.4;0.0;0.0;0.0;0.0
2025;276;365;beauce_5_sa_025;BTH;;1.34;0.5;11.89;-14.83;2.7;16.25;46.73;0.02;0.0;0;1.59;0;63.31;0.02;0.0;0.5;1.34
2025;1;200;beauce_5_sa_026;BTH;;1.22;0.0;52.15;27.67;51.83;14.92;41.59;0.05;0.0;0;32.7;0;-311.42;0.01;0.05;0.0;1.22
2025;201;261;beauce_5_sa_026;solnu;;0.0;0.0;20.49;-55.17;0.0;41.59;7.06;0.0;0.0;0;0;0;-133.75;0.0;0.0;0.0;0.0
2025;262;365;beauce_5_sa_026;BTH;;0.64;0.0;15.51;-15.64;0.0;7.02;6.29;0.0;0.0;0;0.0;0;-15.37;0.0;0.0;0.0;0.64
2025;1;195;beauce_5_sa_027;BTH;;8.79;2.19;41.12;66.98;219.58;106.67;150.22;0.08;0.0;0;132.94;0;-124.35;0.02;0.06;2.19;8.79
2025;196;296;beauce_5_sa_027;solnu;;0.0;0.0;27.14;1.45;0.0;150.22;178.76;0.05;0.0;0;0;0;-119.9;0.03;0.02;0.0;0.0
2025;297;365;beauce_5_sa_027;BTH;;0.0;0.0;7.81;-78.14;5.35;179.15;103.02;0.06;0.0;0;3.15;0;13.33;0.06;0.0;0.0;0.0
2025;1;172;beauce_5_sa_028;BTH;;10.86;2.14;32.78;29.82;159.2;129.26;181.1;0.04;0.0;0;93.68;0;48.44;0.0;0.04;2.14;10.86
2025;173;309;beauce_5_sa_028;solnu;;0.0;0.0;41.13;-81.61;0.0;181.1;140.95;0.06;0.0;0;0;0;-109.11;0.04;0.02;0.0;0.0
2025;310;365;beauce_5_sa_028;BTH;;0.12;0.0;6.16;-5.56;1.6;140.28;139.76;0.06;0.0;0;0.94;0;66.85;0.06;0.0;0.0;0.12
2025;1;226;beauce_5_sa_029;BTH;;1.16;0.0;60.71;20.02;52.52;14.34;41.32;0.05;0.0;0;30.9;0;-303.45;0.0;0.05;0.0;1.16
2025;227;283;beauce_5_sa_029;solnu;;0.11;0.0;15.13;-51.48;0.0;41.32;6.57;0.0;0.0;0;0;0;-88.38;0.0;0.0;0.0;0.11
2025;284;365;beauce_5_sa_029;BTH;;0.54;0.0;9.68;-9.66;0.0;6.49;6.04;0.0;0.0;0;0.0;0;5.56;0.0;0.0;0.0;0.54
2025;1;204;beauce_5_sa_030;BTH;;0.97;0.0;53.34;24.04;52.18;12.7;36.84;0.05;0.0;0;32.47;0;-301.23;0.0;0.05;0.0;0.97
2025;205;269;beauce_5_sa_030;solnu;;0.0;0.0;20.92;-52.59;0.0;36.84;5.38;0.0;0.0;0;0;0;-125.01;0.0;0.0;0.0;0.0
2025;270;365;beauce_5_sa_030;BTH;;0.51;0.0;12.86;-12.82;0.0;5.41;4.91;0.0;0.0;0;0.0;0;-3.6;0.0;0.0;0.0;0.51
2025;1;174;beauce_5_sa_031;BTH;;24.15;3.02;33.41;36.92;181.2;317.7;408.0;0.08;0.0;0;111.42;0;-42.59;0.03;0.04;3.02;24.15
2025;175;295;beauce_5_sa_031;solnu;;0.0;0.0;41.94;-94.7;0.0;408.0;355.91;0.06;0.0;0;0;0;-95.94;0.04;0.02;0.0;0.0
2025;296;365;beauce_5_sa_031;BTH;;8.72;0.0;8.68;13.3;6.11;356.36;362.93;0.12;0.0;0;3.6;0;68.36;0.11;0.01;0.0;8.72
2025;1;192;beauce_5_sa_032;BTH;;4.29;1.07;44.59;35.96;114.12;50.49;92.61;0.06;0.0;0;67.15;0;-89.53;0.0;0.05;1.07;4.29
2025;193;299;beauce_5_sa_032;solnu;;0.0;0.0;35.41;-1.57;0.0;92.61;126.39;0.06;0.0;0;0;0;-174.43;0.04;0.02;0.0;0.0
2025;300;365;beauce_5_sa_032;BTH;;2.74;0.0;7.01;-86.98;2.98;126.73;40.68;0.03;0.0;0;1.75;0;7.65;0.03;0.0;0.0;2.74
2025;1;182;beauce_5_sa_033;BTH;;3.03;0.57;38.66;19.34;64.21;35.9;69.22;0.04;0.0;0;37.78;0;-45.52;0.0;0.04;0.57;3.03
2025;183;276;beauce_5_sa_033;solnu;;0.0;0.0;37.72;-52.39;0.0;69.22;54.51;0.04;0.0;0;0;0;-181.61;0.02;0.02;0.0;0.0
2025;277;365;beauce_5_sa_033;BTH;;2.29;0.0;12.0;-22.04;15.42;51.84;26.74;0.01;0.0;0;9.07;0;27.56;0.01;0.01;0.0;2.29
2025;1;189;beauce_5_sa_034;BTH;;2.79;0.44;41.41;44.24;179.56;23.83;39.39;0.11;0.0;0;105.66;0;-140.78;0.05;0.05;0.44;2.79
2025;190;283;beauce_5_sa_034;solnu;;0.0;0.0;34.07;1.17;0.0;39.39;74.58;0.05;0.0;0;0;0;-185.44;0.03;0.02;0.0;0.0
2025;284;365;beauce_5_sa_034;BTH;;1.11;1.06;9.79;-55.02;1.63;74.91;105.98;0.01;0.0;0;0.96;0;-14.52;0.01;0.0;1.06;1.11
2025;1;185;beauce_5_sa_035;BTH;;0.79;0.31;42.06;21.64;74.21;10.36;21.97;0.05;0.0;0;44.57;0;-132.49;0.01;0.04;0.31;0.79
2025;186;267;beauce_5_sa_035;solnu;;0.0;0.0;32.82;-52.42;0.0;21.97;4.9;0.01;0.0;0;0;0;-226.16;0.0;0.01;0.0;0.0
2025;268;365;beauce_5_sa_035;BTH;;0.36;0.0;13.84;-14.07;0.0;4.75;4.38;0.0;0.0;0;0.0;0;18.14;0.0;0.0;0.0;0.36
2025;1;198;beauce_5_sa_036;BTH;;2.48;0.79;58.87;30.95;154.87;38.51;108.01;0.18;0.0;0;100.89;0;-210.9;0.12;0.05;0.79;2.48
2025;199;263;beauce_5_sa_036;solnu;;0.0;0.0;31.06;-116.32;0.0;108.01;22.75;0.0;0.0;0;0;0;-34.43;0.0;0.0;0.0;0.0
2025;264;365;beauce_5_sa_036;BTH;;1.3;1.04;17.1;23.68;29.44;23.61;110.89;0.05;0.01;0;17.33;0;75.74;0.02;0.02;1.04;1.3
2025;1;217;beauce_5_sa_037;BTH;;0.45;0.0;57.5;14.36;47.86;5.38;28.87;0.04;0.0;0;28.16;0;-236.46;0.0;0.04;0.0;0.45
2025;218;296;beauce_5_sa_037;solnu;;0.06;0.0;21.0;-16.3;0.0;28.87;33.49;0.02;0.0;0;0;0;-126.13;0.02;0.01;0.0;0.06
2025;297;365;beauce_5_sa_037;BTH;;0.52;0.0;7.34;-34.89;0.0;33.73;5.82;0.0;0.0;0;0.0;0;-20.38;0.0;0.0;0.0;0.52
2025;1;213;beauce_5_sa_038;BTH;;12.18;1.99;64.13;35.1;115.43;134.68;255.34;0.1;0.0;0;71.51;0;-104.87;0.04;0.06;1.99;12.18
2025;214;267;beauce_5_sa_038;solnu;;0.0;0.0;20.18;-110.71;0.0;255.34;164.76;0.04;0.01;0;0;0;-68.95;0.04;0.0;0.0;0.0
2025;268;365;beauce_5_sa_038;BTH;;8.29;0.0;14.97;15.12;47.64;164.56;138.83;0.09;0.0;0;28.03;0;91.23;0.07;0.02;0.0;8.29
2025;1;230;beauce_5_sa_039;BTH;;5.78;1.35;70.11;31.32;114.84;67.79;149.64;0.08;0.0;0;67.58;0;-167.32;0.02;0.06;1.35;5.78
2025;231;275;beauce_5_sa_039;solnu;;0.0;0.0;14.9;-111.68;0.0;149.64;52.85;0.01;0.01;0;0;0;-13.08;0.01;0.0;0.0;0.0
2025;276;365;beauce_5_sa_039;BTH;;3.12;0.0;12.45;15.79;32.24;53.15;45.7;0.03;0.0;0;18.97;0;67.31;0.01;0.02;0.0;3.12
2025;1;198;beauce_5_sa_040;BTH;;5.16;1.31;56.77;35.78;89.36;71.66;167.4;0.09;0.0;0;62.65;0;-202.59;0.03;0.06;1.31;5.16
2025;199;261;beauce_5_sa_040;solnu;;0.0;0.0;27.41;-105.26;0.0;167.4;89.54;0.01;0.0;0;0;0;-78.47;0.0;0.01;0.0;0.0
2025;262;365;beauce_5_sa_040;BTH;;3.83;0.0;17.42;24.8;59.72;90.81;68.1;0.1;0.01;0;35.14;0;37.78;0.07;0.03;0.0;3.83
2025;1;173;beauce_5_sa_041;BTH;;29.71;3.25;30.05;56.37;204.04;359.2;454.43;0.07;0.0;0;129.25;0;-82.66;0.02;0.05;3.25;29.71
2025;174;290;beauce_5_sa_041;solnu;;0.0;0.0;34.35;9.97;0.0;454.43;499.39;0.06;0.0;0;0;0;-164.62;0.03;0.03;0.0;0.0
2025;291;365;beauce_5_sa_041;BTH;;0.0;0.0;8.9;-77.5;11.54;499.71;419.13;0.12;0.0;0;6.79;0;20.03;0.11;0.0;0.0;0.0
2025;1;200;beauce_5_sa_042;BTH;;0.63;0.76;51.54;20.01;114.49;7.51;21.0;0.05;0.0;0;67.37;0;-95.27;0.01;0.04;0.76;0.63
2025;201;296;beauce_5_sa_042;solnu;;0.0;0.0;29.18;-46.51;0.0;21.0;7.13;0.02;0.0;0;0;0;-160.29;0.01;0.01;0.0;0.0
2025;297;365;beauce_5_sa_042;BTH;;0.52;0.0;7.57;-10.24;0.0;7.29;6.45;0.0;0.0;0;0.0;0;-19.36;0.0;0.0;0.0;0.52
2025;1;228;beauce_5_sa_043;BTH;;1.44;0.0;60.74;18.01;46.57;17.31;48.01;0.05;0.0;0;27.4;0;-277.97;0.0;0.05;0.0;1.44
2025;229;283;beauce_5_sa_043;solnu;;0.24;0.0;14.21;-16.86;0.0;48.01;45.1;0.02;0.0;0;0;0;-101.08;0.02;0.0;0.0;0.24
2025;284;365;beauce_5_sa_043;BTH;;1.12;0.0;9.61;-39.99;1.5;45.25;12.28;0.0;0.0;0;0.88;0;-5.15;0.0;0.0;0.0;1.12
2025;1;189;beauce_5_sa_044;BTH;;5.41;1.41;43.55;41.41;139.47;64.44;110.25;0.05;0.0;0;82.07;0;-75.98;0.0;0.05;1.41;5.41
2025;190;301;beauce_5_sa_044;solnu;;0.0;0.0;35.19;-95.83;0.0;110.25;49.56;0.04;0.0;0;0;0;-131.87;0.03;0.01;0.0;0.0
2025;302;365;beauce_5_sa_044;BTH;;1.89;0.0;6.92;7.41;2.94;49.52;59.03;0.03;0.0;0;1.73;0;36.05;0.02;0.01;0.0;1.89
2025;1;181;beauce_5_sa_045;BTH;;1.05;0.86;36.81;9.31;108.03;12.51;12.85;0.04;0.0;0;63.57;0;17.27;0.01;0.03;0.86;1.05
2025;182;303;beauce_5_sa_045;solnu;;0.0;0.0;42.57;-47.08;0.0;12.85;9.67;0.04;0.0;0;0;0;-171.24;0.02;0.02;0.0;0.0
2025;304;365;beauce_5_sa_045;BTH;;0.55;0.0;6.47;-7.23;0.0;9.67;9.13;0.0;0.0;0;0.0;0;5.16;0.0;0.0;0.0;0.55
2025;1;206;beauce_5_sa_046;BTH;;2.14;0.96;56.4;21.87;116.53;17.28;48.43;0.09;0.0;0;68.57;0;-69.87;0.04;0.05;0.96;2.14
2025;207;284;beauce_5_sa_046;solnu;;0.0;0.0;26.3;-13.91;0.0;48.43;60.78;0.04;0.0;0;0;0;-136.39;0.03;0.01;0.0;0.0
2025;285;365;beauce_5_sa_046;BTH;;1.4;0.0;10.04;-48.54;0.0;61.06;23.06;0.0;0.0;0;0.0;0;-24.84;0.0;0.0;0.0;1.4
2025;1;172;beauce_5_sa_047;BTH;;1.17;0.0;31.27;15.28;50.1;13.96;8.04;0.03;0.0;0;32.56;0;-133.62;0.0;0.03;0.0;1.17
2025;173;289;beauce_5_sa_047;solnu;;0.03;0.0;41.5;-3.57;0.0;8.04;45.98;0.04;0.0;0;0;0;-249.88;0.02;0.02;0.0;0.03
2025;290;365;beauce_5_sa_047;BTH;;0.88;0.0;8.47;-42.57;1.5;46.21;9.66;0.0;0.0;0;0.88;0;-28.1;0.0;0.0;0.0;0.88
2025;1;203;beauce_5_sa_048;BTH;;12.18;2.06;57.03;68.07;139.48;140.58;268.12;0.14;0.0;0;91.73;0;-212.43;0.07;0.08;2.06;12.18
2025;204;262;beauce_5_sa_048;solnu;;0.0;0.0;24.2;-8.35;0.0;268.12;283.96;0.01;0.0;0;0;0;-157.12;0.0;0.01;0.0;0.0
2025;263;365;beauce_5_sa_048;BTH;;7.62;0.0;15.6;-76.9;58.37;284.55;156.52;0.13;0.01;0;34.35;0;9.06;0.11;0.01;0.0;7.62
2025;1;176;beauce_5_sa_049;BTH;;0.99;1.12;35.32;14.86;134.68;11.66;10.11;0.05;0.0;0;79.25;0;27.65;0.02;0.03;1.12;0.99
2025;177;275;beauce_5_sa_049;solnu;;0.0;0.0;41.82;-50.32;0.0;10.11;5.46;0.02;0.0;0;0;0;-188.07;0.0;0.02;0.0;0.0
2025;276;365;beauce_5_sa_049;BTH;;0.23;0.0;12.51;-13.02;0.0;5.46;5.3;0.0;0.0;0;0.0;0;44.33;0.0;0.0;0.0;0.23
2025;1;201;beauce_5_sa_050;BTH;;0.62;0.0;51.78;29.58;63.41;8.03;25.37;0.05;0.0;0;38.73;0;-210.43;0.0;0.05;0.0;0.62
2025;202;291;beauce_5_sa_050;solnu;;0.04;0.0;26.41;-28.78;0.0;25.37;22.94;0.03;0.0;0;0;0;-166.74;0.02;0.01;0.0;0.04
2025;292;365;beauce_5_sa_050;BTH;;0.63;0.15;8.41;-34.18;1.38;19.66;8.2;0.0;0.0;0;0.81;0;-31.48;0.0;0.0;0.15;0.63
2025;1;221;beauce_5_sa_051;BTH;;2.55;2.13;59.75;22.48;214.05;26.85;51.94;0.1;0.0;0;125.95;0;25.67;0.04;0.05;2.13;2.55
2025;222;295;beauce_5_sa_051;solnu;;0.0;0.0;23.31;-48.31;0.0;51.94;27.45;0.03;0.0;0;0;0;-85.57;0.02;0.01;0.0;0.0
2025;296;365;beauce_5_sa_051;BTH;;0.1;0.0;8.61;-8.6;0.0;27.94;27.43;0.0;0.0;0;0.0;0;44.1;0.0;0.0;0.0;0.1
2025;1;212;beauce_5_sa_052;BTH;;4.04;2.0;57.75;29.13;176.59;48.09;103.97;0.06;0.0;0;103.91;0;-8.86;0.01;0.05;2.0;4.04
2025;213;308;beauce_5_sa_052;solnu;;0.0;0.0;27.35;-95.6;0.0;103.97;35.67;0.05;0.0;0;0;0;-51.34;0.04;0.01;0.0;0.0
2025;309;365;beauce_5_sa_052;BTH;;1.3;0.0;6.24;-7.31;0.0;35.11;33.3;0.0;0.0;0;0.0;0;58.44;0.0;0.0;0.0;1.3
2025;1;195;beauce_5_sa_053;BTH;;12.54;2.35;47.43;51.68;185.9;158.11;235.03;0.07;0.0;0;112.76;0;-46.27;0.01;0.06;2.35;12.54
2025;196;300;beauce_5_sa_053;solnu;;0.0;0.0;31.51;-80.13;0.0;235.03;186.35;0.05;0.0;0;0;0;-104.57;0.04;0.01;0.0;0.0
2025;301;365;beauce_5_sa_053;BTH;;0.09;0.0;7.56;-13.93;3.11;184.81;176.69;0.09;0.0;0;1.83;0;69.05;0.08;0.0;0.0;0.09
2025;1;177;beauce_5_sa_054;BTH;;0.29;0.0;34.56;17.64;47.64;9.42;13.57;0.04;0.0;0;35.47;0;-179.6;0.01;0.03;0.0;0.29
2025;178;262;beauce_5_sa_054;solnu;;0.0;0.0;33.96;-47.25;0.0;13.57;2.24;0.01;0.0;0;0;0;-249.96;0.0;0.01;0.0;0.0
2025;263;365;beauce_5_sa_054;BTH;;0.16;0.0;14.75;-13.55;0.0;2.27;3.29;0.0;0.0;0;0.0;0;-13.25;0.0;0.0;0.0;0.16
2025;1;175;beauce_5_sa_055;BTH;;10.54;1.92;35.16;31.98;139.99;125.37;184.47;0.04;0.0;0;82.38;0;55.97;0.0;0.04;1.92;10.54
2025;176;300;beauce_5_sa_055;solnu;;0.0;0.0;44.31;-70.47;0.0;184.47;158.64;0.06;0.0;0;0;0;-141.02;0.04;0.03;0.0;0.0
2025;301;365;beauce_5_sa_055;BTH;;3.75;0.0;7.54;-18.48;3.11;156.82;140.76;0.07;0.0;0;1.83;0;60.58;0.07;0.0;0.0;3.75
2025;1;212;beauce_5_sa_056;BTH;;3.96;0.92;54.98;39.02;99.31;47.4;107.39;0.06;0.0;0;58.44;0;-214.25;0.0;0.06;0.92;3.96
2025;213;311;beauce_5_sa_056;solnu;;0.06;0.0;25.12;-5.04;0.0;107.39;127.34;0.07;0.0;0;0;0;-128.83;0.06;0.01;0.0;0.06
2025;312;365;beauce_5_sa_056;BTH;;3.45;0.0;5.02;-78.73;1.47;127.51;48.68;0.03;0.0;0;0.87;0;-5.94;0.03;0.0;0.0;3.45
2025;1;201;beauce_5_sa_057;BTH;;0.52;0.0;50.63;15.47;55.4;6.27;16.47;0.04;0.0;0;32.6;0;-208.01;0.0;0.04;0.0;0.52
2025;202;310;beauce_5_sa_057;solnu;;0.09;0.0;28.71;-11.1;0.0;16.47;33.96;0.03;0.0;0;0;0;-175.07;0.02;0.01;0.0;0.09
2025;311;365;beauce_5_sa_057;BTH;;0.6;0.0;5.13;-31.78;0.0;34.12;7.87;0.01;0.0;0;0.0;0;-33.37;0.01;0.0;0.0;0.6
2025;1;176;beauce_5_sa_058;BTH;;18.61;2.09;37.0;42.4;169.38;269.15;317.62;0.13;0.0;0;111.0;0;16.44;0.08;0.05;2.09;18.61
2025;177;268;beauce_5_sa_058;solnu;;0.0;0.0;41.78;1.44;0.0;317.62;360.78;0.06;0.0;0;0;0;-170.98;0.03;0.03;0.0;0.0
2025;269;365;beauce_5_sa_058;BTH;;6.8;0.87;15.09;-81.05;46.27;361.23;306.45;0.12;0.0;0;27.23;0;69.5;0.11;0.01;0.87;6.8
2025;1;203;beauce_5_sa_059;BTH;;0.25;0.19;52.62;14.75;65.17;2.99;19.06;0.04;0.0;0;38.35;0;-167.12;0.0;0.04;0.19;0.25
2025;204;304;beauce_5_sa_059;solnu;;0.03;0.0;28.12;-45.95;0.0;19.06;4.12;0.02;0.0;0;0;0;-184.85;0.01;0.01;0.0;0.03
2025;305;365;beauce_5_sa_059;BTH;;0.34;0.0;6.0;-6.95;0.0;4.11;3.83;0.0;0.0;0;0.0;0;-8.43;0.0;0.0;0.0;0.34
2025;1;202;beauce_5_sa_060;BTH;;2.98;1.38;49.97;42.04;174.79;54.02;71.6;0.08;0.0;0;104.23;0;-31.36;0.02;0.06;1.38;2.98
2025;203;311;beauce_5_sa_060;solnu;;0.0;0.0;28.2;-70.62;0.0;71.6;29.15;0.04;0.0;0;0;0;-84.72;0.03;0.01;0.0;0.0
2025;312;365;beauce_5_sa_060;BTH;;0.46;0.47;5.66;-14.63;0.85;27.59;54.18;0.01;0.0;0;0.5;0;36.79;0.01;0.0;0.47;0.46
2025;1;179;beauce_5_sa_061;BTH;;4.03;1.21;37.65;26.42;121.31;48.05;76.1;0.04;0.0;0;71.38;0;-10.45;0.0;0.04;1.21;4.03
2025;180;297;beauce_5_sa_061;solnu;;0.0;0.0;43.29;-93.79;0.0;76.1;25.75;0.03;0.0;0;0;0;-121.6;0.01;0.02;0.0;0.0
2025;298;365;beauce_5_sa_061;BTH;;1.42;0.0;8.02;-5.96;0.37;25.75;26.02;0.0;0.0;0;0.22;0;52.89;0.0;0.0;0.0;1.42
2025;1;200;beauce_5_sa_062;BTH;;1.89;0.45;52.13;42.5;129.67;42.32;38.87;0.08;0.0;0;78.23;0;-133.97;0.02;0.06;0.45;1.89
2025;201;287;beauce_5_sa_062;solnu;;0.0;0.0;28.11;-9.93;0.0;38.87;57.01;0.04;0.0;0;0;0;-152.63;0.03;0.01;0.0;0.0
2025;288;365;beauce_5_sa_062;BTH;;1.36;0.57;9.13;-61.86;1.51;57.24;45.85;0.02;0.0;0;0.89;0;-36.23;0.01;0.0;0.57;1.36
2025;1;222;beauce_5_sa_063;BTH;;7.07;0.86;63.43;60.15;127.28;106.51;160.18;0.13;0.0;0;77.83;0;-290.96;0.05;0.07;0.86;7.07
2025;223;267;beauce_5_sa_063;solnu;;0.0;0.0;16.26;-14.0;0.0;160.18;162.38;0.05;0.01;0;0;0;-115.37;0.05;0.0;0.0;0.0
2025;268;365;beauce_5_sa_063;BTH;;4.61;0.41;13.24;-87.06;15.36;162.7;98.98;0.02;0.0;0;9.04;0;2.6;0.01;0.0;0.41;4.61
2025;1;185;beauce_5_sa_064;BTH;;2.11;0.93;43.09;21.37;110.52;25.17;46.86;0.04;0.0;0;65.04;0;-41.64;0.0;0.04;0.93;2.11
2025;186;287;beauce_5_sa_064;solnu;;0.0;0.0;39.29;-70.7;0.0;46.86;15.52;0.03;0.0;0;0;0;-164.69;0.01;0.02;0.0;0.0
2025;288;365;beauce_5_sa_064;BTH;;1.0;0.0;9.75;-9.8;0.0;15.54;14.47;0.0;0.0;0;0.0;0;43.42;0.0;0.0;0.0;1.0
2025;1;203;beauce_5_sa_065;BTH;;1.45;1.44;54.8;21.0;162.61;16.93;36.33;0.08;0.0;0;95.69;0;-19.43;0.03;0.05;1.44;1.45
2025;204;287;beauce_5_sa_065;solnu;;0.0;0.0;29.9;-58.28;0.0;36.33;9.92;0.01;0.0;0;0;0;-137.63;0.0;0.01;0.0;0.0
2025;288;365;beauce_5_sa_065;BTH;;0.41;0.0;9.71;-10.46;0.0;9.92;9.54;0.0;0.0;0;0.0;0;46.74;0.0;0.0;0.0;0.41
2025;1;170;beauce_5_sa_066;BTH;;1.48;0.0;30.55;9.17;44.73;17.65;11.17;0.02;0.0;0;26.32;0;-100.82;0.0;0.02;0.0;1.48
2025;171;304;beauce_5_sa_066;solnu;;0.02;0.0;44.8;-0.63;0.0;11.17;55.28;0.05;0.0;0;0;0;-251.49;0.02;0.03;0.0;0.02
2025;305;365;beauce_5_sa_066;BTH;;1.3;0.0;5.82;-44.75;0.0;55.49;15.03;0.01;0.0;0;0.0;0;-16.48;0.01;0.0;0.0;1.3
2025;1;177;beauce_5_sa_067;BTH;;1.68;0.81;37.67;24.03;90.04;25.79;56.11;0.07;0.0;0;58.22;0;-122.86;0.03;0.04;0.81;1.68
2025;178;263;beauce_5_sa_067;solnu;;0.0;0.0;37.63;-82.42;0.0;56.11;11.31;0.01;0.0;0;0;0;-154.1;0.0;0.01;0.0;0.0
2025;264;365;beauce_5_sa_067;BTH;;0.83;0.0;16.05;-9.78;2.7;11.31;14.05;0.01;0.0;0;1.59;0;56.59;0.0;0.0;0.0;0.83
2025;1;216;beauce_5_sa_068;BTH;;1.5;0.0;56.72;22.59;46.76;17.42;48.45;0.05;0.0;0;27.51;0;-283.68;0.0;0.05;0.0;1.5
2025;217;270;beauce_5_sa_068;solnu;;0.21;0.0;15.67;-17.02;0.0;48.45;46.87;0.02;0.0;0;0;0;-100.8;0.02;0.0;0.0;0.21
2025;271;365;beauce_5_sa_068;BTH;;1.21;0.0;12.51;-43.7;3.0;47.03;11.5;0.0;0.0;0;1.77;0;-24.4;0.0;0.0;0.0;1.21
2025;1;199;beauce_5_sa_069;BTH;;20.45;2.95;57.04;46.64;170.03;248.82;382.87;0.1;0.0;0;122.18;0;-193.2;0.03;0.06;2.95;20.45
2025;200;274;beauce_5_sa_069;solnu;;0.0;0.0;30.57;-101.18;0.0;382.87;312.18;0.06;0.01;0;0;0;-125.73;0.06;0.01;0.0;0.0
2025;275;365;beauce_5_sa_069;BTH;;8.18;0.0;12.97;19.79;37.12;312.41;299.49;0.14;0.0;0;21.84;0;85.57;0.12;0.02;0.0;8.18
2025;1;175;beauce_5_sa_070;BTH;;5.81;1.7;32.68;22.92;169.16;68.97;75.3;0.06;0.0;0;99.54;0;25.58;0.02;0.04;1.7;5.81
2025;176;309;beauce_5_sa_070;solnu;;0.0;0.0;41.98;10.03;0.0;75.3;127.47;0.06;0.0;0;0;0;-144.04;0.03;0.03;0.0;0.0
2025;310;365;beauce_5_sa_070;BTH;;2.03;0.0;5.83;-81.95;0.1;127.72;49.2;0.03;0.0;0;0.06;0;15.78;0.03;0.0;0.0;2.03
2025;1;219;beauce_5_sa_071;BTH;;0.63;0.0;57.32;17.53;55.63;7.56;26.12;0.05;0.0;0;32.73;0;-262.47;0.0;0.05;0.0;0.63
2025;220;306;beauce_5_sa_071;solnu;;0.07;0.0;21.9;-44.22;0.0;26.12;5.97;0.01;0.0;0;0;0;-155.01;0.01;0.0;0.0;0.07
2025;307;365;beauce_5_sa_071;BTH;;0.48;0.0;5.59;-6.11;0.0;5.97;5.53;0.0;0.0;0;0.0;0;-11.74;0.0;0.0;0.0;0.48
2025;1;175;beauce_5_sa_072;BTH;;3.63;1.34;34.74;22.27;144.06;42.95;51.09;0.05;0.0;0;84.77;0;12.64;0.02;0.03;1.34;3.63
2025;176;291;beauce_5_sa_072;solnu;;0.0;0.0;43.56;-73.09;0.0;51.09;21.68;0.02;0.0;0;0;0;-113.34;0.0;0.02;0.0;0.0
2025;292;365;beauce_5_sa_072;BTH;;0.96;0.0;9.34;-9.37;0.0;21.54;20.68;0.0;0.0;0;0.0;0;61.54;0.0;0.0;0.0;0.96
2025;1;173;beauce_5_sa_073;BTH;;0.24;0.0;33.16;15.75;45.81;7.9;10.64;0.04;0.0;0;33.49;0;-162.13;0.01;0.03;0.0;0.24
2025;174;262;beauce_5_sa_073;solnu;;0.0;0.0;35.44;-46.51;0.0;10.64;1.75;0.01;0.0;0;0;0;-254.21;0.0;0.01;0.0;0.0
2025;263;365;beauce_5_sa_073;BTH;;0.13;0.0;15.0;-14.94;0.0;1.74;1.69;0.0;0.0;0;0.0;0;-8.98;0.0;0.0;0.0;0.13
2025;1;191;beauce_5_sa_074;BTH;;3.51;0.86;45.68;13.84;87.37;41.99;74.89;0.04;0.0;0;51.41;0;-27.16;0.0;0.04;0.86;3.51
2025;192;308;beauce_5_sa_074;solnu;;0.09;0.0;37.66;-1.42;0.0;74.89;110.99;0.07;0.0;0;0;0;-153.57;0.04;0.02;0.0;0.09
2025;309;365;beauce_5_sa_074;BTH;;2.92;0.0;5.77;-76.7;1.2;111.18;35.91;0.03;0.0;0;0.7;0;6.21;0.03;0.0;0.0;2.92
2025;1;206;beauce_5_sa_075;BTH;;0.29;0.0;52.81;15.47;54.32;3.43;17.07;0.04;0.0;0;31.97;0;-216.07;0.0;0.04;0.0;0.29
2025;207;316;beauce_5_sa_075;solnu;;0.15;0.0;27.99;-41.45;0.0;17.07;4.24;0.02;0.0;0;0;0;-174.36;0.01;0.01;0.0;0.15
2025;317;365;beauce_5_sa_075;BTH;;0.24;0.0;4.37;-5.36;0.0;4.24;4.0;0.0;0.0;0;0.0;0;-22.23;0.0;0.0;0.0;0.24
2025;1;170;beauce_5_sa_076;BTH;;1.12;0.0;31.13;18.11;52.22;13.32;7.97;0.03;0.0;0;30.73;0;-120.38;0.0;0.03;0.0;1.12
2025;171;304;beauce_5_sa_076;solnu;;0.0;0.0;45.92;-43.32;0.0;7.97;10.63;0.04;0.0;0;0;0;-266.05;0.02;0.02;0.0;0.0
2025;305;365;beauce_5_sa_076;BTH;;0.88;0.0;5.96;-6.15;0.0;10.56;9.66;0.0;0.0;0;0.0;0;-6.12;0.0;0.0;0.0;0.88
2025;1;223;beauce_5_sa_077;BTH;;1.71;0.14;57.33;52.78;99.78;21.66;40.7;0.07;0.0;0;60.65;0;-255.42;0.0;0.07;0.14;1.71
2025;224;309;beauce_5_sa_077;solnu;;0.0;0.0;21.24;-11.07;0.0;40.7;50.84;0.04;0.0;0;0;0;-140.59;0.03;0.01;0.0;0.0
2025;310;365;beauce_5_sa_077;BTH;;1.09;0.39;5.16;-58.59;1.51;51.03;26.5;0.02;0.0;0;0.89;0;-47.17;0.02;0.0;0.39;1.09
2025;1;229;beauce_5_sa_078;BTH;;17.77;2.4;72.7;41.42;126.16;195.04;345.47;0.11;0.0;0;80.23;0;-77.25;0.05;0.07;2.4;17.77
2025;230;266;beauce_5_sa_078;solnu;;0.0;0.0;13.66;-15.18;0.0;345.47;343.95;0.0;0.0;0;0;0;-80.99;0.0;0.0;0.0;0.0
2025;267;365;beauce_5_sa_078;BTH;;13.48;0.0;15.09;-90.13;50.73;344.17;204.54;0.14;0.02;0;29.85;0;79.04;0.14;0.01;0.0;13.48
2025;1;203;beauce_5_sa_079;BTH;;2.91;1.24;58.4;30.51;135.94;32.87;75.65;0.11;0.0;0;79.99;0;-97.59;0.06;0.05;1.24;2.91
2025;204;269;beauce_5_sa_079;solnu;;0.0;0.0;26.93;-74.9;0.0;75.65;27.66;0.02;0.01;0;0;0;-140.85;0.01;0.01;0.0;0.0
2025;270;365;beauce_5_sa_079;BTH;;1.25;0.0;13.89;-19.26;0.0;23.1;21.04;0.0;0.0;0;0.0;0;73.51;0.0;0.0;0.0;1.25
2025;1;208;beauce_5_sa_080;BTH;;0.87;0.0;54.11;21.35;49.41;10.4;35.56;0.05;0.0;0;29.08;0;-249.26;0.0;0.05;0.0;0.87
2025;209;281;beauce_5_sa_080;solnu;;0.11;0.0;21.26;-31.21;0.0;35.56;25.47;0.02;0.0;0;0;0;-138.06;0.02;0.01;0.0;0.11
2025;282;365;beauce_5_sa_080;BTH;;0.75;0.0;10.11;-26.63;0.0;21.92;8.27;0.0;0.0;0;0.0;0;-13.59;0.0;0.0;0.0;0.75
2025;1;211;beauce_5_sa_081;BTH;;0.58;0.0;54.71;18.45;54.26;6.92;25.21;0.04;0.0;0;31.93;0;-245.89;0.0;0.04;0.0;0.58
2025;212;300;beauce_5_sa_081;solnu;;0.05;0.0;23.54;-14.23;0.0;25.21;34.45;0.02;0.0;0;0;0;-144.81;0.02;0.01;0.0;0.05
2025;301;365;beauce_5_sa_081;BTH;;0.58;0.0;6.46;-34.39;0.0;34.68;6.46;0.0;0.0;0;0.0;0;-27.52;0.0;0.0;0.0;0.58
2025;1;200;beauce_5_sa_082;BTH;;4.4;2.34;47.78;35.96;212.44;52.82;95.12;0.06;0.0;0;125.01;0;-8.8;0.01;0.05;2.34;4.4
2025;201;304;beauce_5_sa_082;solnu;;0.0;0.0;27.26;-95.02;0.0;95.12;27.35;0.01;0.0;0;0;0;38.85;0.0;0.0;0.0;0.0
2025;305;365;beauce_5_sa_082;BTH;;0.0;0.0;7.07;-5.46;0.13;27.35;28.83;0.0;0.0;0;0.07;0;70.72;0.0;0.0;0.0;0.0
2025;1;194;beauce_5_sa_083;BTH;;0.61;0.0;45.05;20.54;51.89;7.3;20.37;0.04;0.0;0;30.53;0;-186.05;0.0;0.04;0.0;0.61
2025;195;285;beauce_5_sa_083;solnu;;0.06;0.0;29.46;-11.23;0.0;20.37;38.51;0.03;0.0;0;0;0;-194.76;0.02;0.01;0.0;0.06
2025;286;365;beauce_5_sa_083;BTH;;0.61;0.0;9.26;-39.24;1.5;38.83;6.72;0.0;0.0;0;0.88;0;-29.29;0.0;0.0;0.0;0.61
2025;1;205;beauce_5_sa_084;BTH;;17.3;2.9;63.51;47.1;146.61;203.28;367.2;0.2;0.0;0;97.94;0;-93.05;0.13;0.07;2.9;17.3
2025;206;260;beauce_5_sa_084;solnu;;0.0;0.0;25.89;-11.9;0.0;367.2;381.19;0.01;0.0;0;0;0;-148.06;0.0;0.01;0.0;0.0
2025;261;365;beauce_5_sa_084;BTH;;14.9;0.0;18.09;-81.35;61.89;381.65;240.95;0.16;0.02;0;36.42;0;72.08;0.15;0.01;0.0;14.9
2025;1;224;beauce_5_sa_085;BTH;;6.19;1.0;62.72;48.95;103.28;66.8;143.92;0.1;0.0;0;64.6;0;-280.03;0.03;0.07;1.0;6.19
2025;225;264;beauce_5_sa_085;solnu;;0.0;0.0;13.01;-13.95;0.0;143.92;142.98;0.0;0.0;0;0;0;-81.31;0.0;0.0;0.0;0.0
2025;265;365;beauce_5_sa_085;BTH;;4.66;0.0;14.03;-86.35;15.0;143.2;50.95;0.04;0.01;0;8.82;0;-2.83;0.04;0.0;0.0;4.66
2025;1;225;beauce_5_sa_086;BTH;;12.14;1.76;66.08;58.08;123.83;132.81;252.97;0.13;0.0;0;77.65;0;-262.99;0.06;0.07;1.76;12.14
2025;226;263;beauce_5_sa_086;solnu;;0.0;0.0;13.53;-13.91;0.0;252.97;252.59;0.0;0.0;0;0;0;-95.1;0.0;0.0;0.0;0.0
2025;264;365;beauce_5_sa_086;BTH;;9.12;0.0;14.83;-80.26;55.13;253.09;122.8;0.09;0.02;0;32.44;0;7.34;0.08;0.01;0.0;9.12
2025;1;181;beauce_5_sa_087;BTH;;1.64;1.2;35.65;12.6;144.75;19.39;10.9;0.05;0.0;0;85.18;0;35.14;0.02;0.03;1.2;1.64
2025;182;300;beauce_5_sa_087;solnu;;0.0;0.0;38.44;-42.48;0.0;10.9;10.46;0.02;0.0;0;0;0;-160.74;0.0;0.02;0.0;0.0
2025;301;365;beauce_5_sa_087;BTH;;0.43;0.0;7.11;-8.27;0.0;10.45;10.03;0.0;0.0;0;0.0;0;12.24;0.0;0.0;0.0;0.43
2025;1;213;beauce_5_sa_088;BTH;;20.73;3.01;51.68;54.05;209.08;254.46;356.61;0.07;0.0;0;124.66;0;11.76;0.01;0.06;3.01;20.73
2025;214;314;beauce_5_sa_088;solnu;;0.0;0.0;27.3;-4.56;0.0;356.61;379.24;0.11;0.0;0;0;0;-73.68;0.1;0.01;0.0;0.0
2025;315;365;beauce_5_sa_088;BTH;;0.0;0.0;5.37;-79.15;0.85;379.43;304.54;0.07;0.0;0;0.5;0;22.98;0.07;0.0;0.0;0.0
2025;1;220;beauce_5_sa_089;BTH;;3.75;0.0;59.63;29.0;140.97;105.82;49.85;0.1;0.0;0;84.47;0;-84.4;0.05;0.05;0.0;3.75
2025;221;316;beauce_5_sa_089;solnu;;0.44;0.0;24.69;-50.49;0.0;49.85;29.85;0.02;0.0;0;0;0;-178.2;0.01;0.0;0.0;0.44
2025;317;365;beauce_5_sa_089;BTH;;1.83;1.25;4.59;-11.1;0.54;29.84;115.88;0.02;0.0;0;0.32;0;2.38;0.02;0.0;1.25;1.83
2025;1;204;beauce_5_sa_090;BTH;;2.05;0.0;54.02;34.16;102.88;52.09;35.4;0.08;0.0;0;62.89;0;-139.67;0.03;0.05;0.0;2.05
2025;205;294;beauce_5_sa_090;solnu;;0.0;0.0;26.88;-43.86;0.0;35.4;18.39;0.03;0.0;0;0;0;-148.25;0.02;0.01;0.0;0.0
2025;295;365;beauce_5_sa_090;BTH;;1.64;0.72;8.04;-31.23;2.94;18.14;49.95;0.02;0.0;0;1.73;0;-49.23;0.02;0.0;0.72;1.64
2025;1;174;beauce_5_sa_091;BTH;;10.42;1.48;32.71;41.23;169.93;145.4;149.08;0.07;0.0;0;101.63;0;36.99;0.03;0.04;1.48;10.42
2025;175;314;beauce_5_sa_091;solnu;;0.0;0.0;44.5;9.77;0.0;149.08;203.67;0.1;0.0;0;0;0;-157.98;0.07;0.03;0.0;0.0
2025;315;365;beauce_5_sa_091;BTH;;4.33;0.52;5.18;-84.89;0.85;203.88;157.72;0.05;0.0;0;0.5;0;12.59;0.05;0.0;0.52;4.33
2025;1;199;beauce_5_sa_092;BTH;;0.22;0.0;50.35;15.33;53.71;2.68;14.4;0.04;0.0;0;31.6;0;-187.1;0.0;0.04;0.0;0.22
2025;200;301;beauce_5_sa_092;solnu;;0.03;0.0;28.72;-40.92;0.0;14.4;3.63;0.02;0.0;0;0;0;-192.91;0.01;0.01;0.0;0.03
2025;302;365;beauce_5_sa_092;BTH;;0.3;0.0;6.39;-7.49;0.0;3.63;3.39;0.0;0.0;0;0.0;0;-18.4;0.0;0.0;0.0;0.3
2025;1;230;beauce_5_sa_093;BTH;;1.82;0.67;67.25;19.99;98.66;21.84;58.38;0.06;0.0;0;58.06;0;-159.25;0.01;0.05;0.67;1.82
2025;231;285;beauce_5_sa_093;solnu;;0.0;0.0;17.0;-45.06;0.0;58.38;30.26;0.04;0.01;0;0;0;-89.69;0.03;0.0;0.0;0.0
2025;286;365;beauce_5_sa_093;BTH;;1.29;0.0;9.49;-20.05;0.0;24.74;21.45;0.0;0.0;0;0.0;0;-29.61;0.0;0.0;0.0;1.29
2025;1;199;beauce_5_sa_094;BTH;;12.82;2.24;55.79;60.29;159.77;151.02;262.65;0.09;0.0;0;99.31;0;-110.31;0.02;0.07;2.24;12.82
2025;200;280;beauce_5_sa_094;solnu;;0.0;0.0;30.98;-4.82;0.0;262.65;288.73;0.09;0.01;0;0;0;-174.45;0.07;0.02;0.0;0.0
2025;281;365;beauce_5_sa_094;BTH;;5.9;0.0;11.09;-87.37;26.5;288.98;179.98;0.08;0.0;0;15.59;0;33.76;0.08;0.0;0.0;5.9
2025;1;223;beauce_5_sa_095;BTH;;0.88;0.0;59.29;14.85;52.31;10.61;31.5;0.05;0.0;0;30.78;0;-256.86;0.0;0.05;0.0;0.88
2025;224;301;beauce_5_sa_095;solnu;;0.08;0.0;20.08;-40.94;0.0;31.5;10.53;0.02;0.0;0;0;0;-118.36;0.02;0.0;0.0;0.08
2025;302;365;beauce_5_sa_095;BTH;;0.72;0.0;6.34;-9.41;0.0;10.05;7.91;0.0;0.0;0;0.0;0;-25.89;0.0;0.0;0.0;0.72
2025;1;186;beauce_5_sa_096;BTH;;0.87;0.0;40.8;15.71;57.48;10.46;7.09;0.03;0.0;0;33.82;0;-165.26;0.0;0.03;0.0;0.87
2025;187;311;beauce_5_sa_096;solnu;;0.07;0.0;37.65;-7.08;0.0;7.09;37.62;0.04;0.0;0;0;0;-222.16;0.02;0.02;0.0;0.07
2025;312;365;beauce_5_sa_096;BTH;;0.77;0.0;5.06;-33.43;0.0;37.77;9.84;0.01;0.0;0;0.0;0;-34.53;0.01;0.0;0.0;0.77
2025;1;177;beauce_5_sa_097;BTH;;4.66;0.0;32.57;46.99;133.57;92.81;32.92;0.08;0.0;0;80.53;0;-121.94;0.03;0.05;0.0;4.66
2025;178;312;beauce_5_sa_097;solnu;;0.0;0.0;41.89;11.47;0.0;32.92;86.44;0.06;0.0;0;0;0;-242.79;0.03;0.03;0.0;0.0
2025;313;365;beauce_5_sa_097;BTH;;2.57;0.97;4.94;-79.69;1.41;86.58;80.53;0.04;0.0;0;0.83;0;-14.69;0.04;0.0;0.97;2.57
2025;1;201;beauce_5_sa_098;BTH;;0.39;0.0;51.47;15.78;50.07;4.65;21.41;0.04;0.0;0;29.46;0;-201.78;0.0;0.04;0.0;0.39
2025;202;295;beauce_5_sa_098;solnu;;0.04;0.0;26.75;-14.11;0.0;21.41;33.98;0.03;0.0;0;0;0;-165.4;0.02;0.01;0.0;0.04
2025;296;365;beauce_5_sa_098;BTH;;0.47;0.0;7.67;-36.27;0.0;34.35;5.24;0.0;0.0;0;0.0;0;-21.44;0.0;0.0;0.0;0.47
2025;1;200;beauce_5_sa_099;BTH;;4.14;0.43;59.99;31.56;136.4;119.6;103.02;0.16;0.0;0;85.61;0;-149.98;0.1;0.05;0.43;4.14
2025;201;259;beauce_5_sa_099;solnu;;0.0;0.0;25.69;-99.37;0.0;103.02;29.33;0.0;0.0;0;0;0;-97.9;0.0;0.0;0.0;0.0
2025;260;365;beauce_5_sa_099;BTH;;2.28;1.0;18.62;-8.67;4.43;29.33;107.63;0.03;0.0;0;2.61;0;111.46;0.02;0.01;1.0;2.28
2026;1;177;beauce_5_sa_000;BTH;;5.58;1.16;35.89;23.95;122.01;27.59;12.77;0.07;0.0;0;78.86;0;33.67;0.04;0.04;1.16;5.58
2026;178;275;beauce_5_sa_000;solnu;;0.0;0.0;37.77;0.57;0.0;12.77;85.12;0.03;0.0;0;0;0;-158.34;0.01;0.02;0.0;0.0
2026;276;365;beauce_5_sa_000;BTH;;0.01;0.0;14.11;-79.09;7.5;85.57;12.63;0.0;0.0;0;4.42;0;68.58;0.0;0.0;0.0;0.01
2026;1;182;beauce_5_sa_001;BTH;;8.87;1.04;36.16;49.13;113.29;50.68;91.51;0.08;0.0;0;89.82;0;-133.51;0.03;0.05;1.04;8.87
2026;183;265;beauce_5_sa_001;solnu;;0.0;0.0;31.77;-4.17;0.0;91.51;119.04;0.06;0.0;0;0;0;-181.89;0.04;0.02;0.0;0.0
2026;266;365;beauce_5_sa_001;BTH;;2.13;0.0;15.2;-88.9;16.51;119.27;26.7;0.0;0.0;0;9.71;0;32.7;0.0;0.0;0.0;2.13
2026;1;187;beauce_5_sa_002;BTH;;1.25;0.0;36.74;10.92;45.2;6.02;7.24;0.03;0.0;0;27.48;0;-116.76;0.0;0.03;0.0;1.25
2026;188;287;beauce_5_sa_002;solnu;;0.0;0.0;34.17;-8.1;0.0;7.24;33.29;0.02;0.0;0;0;0;-192.25;0.0;0.02;0.0;0.0
2026;288;365;beauce_5_sa_002;BTH;;0.42;0.0;9.96;-38.47;0.0;33.79;4.47;0.01;0.01;0;0.0;0;-26.4;0.01;0.0;0.0;0.42
2026;1;230;beauce_5_sa_003;BTH;;3.58;0.58;59.73;28.15;96.76;14.31;45.59;0.07;0.0;0;56.94;0;-203.6;0.01;0.06;0.58;3.58
2026;231;303;beauce_5_sa_003;solnu;;0.71;0.0;19.04;-13.34;0.0;45.59;50.5;0.06;0.02;0;0;0;-102.49;0.05;0.01;0.0;0.71
2026;304;365;beauce_5_sa_003;BTH;;0.8;0.0;5.8;-33.55;0.0;50.73;24.37;0.0;0.0;0;0.0;0;-71.91;0.0;0.0;0.0;0.8
2026;1;175;beauce_5_sa_004;BTH;;5.57;1.54;35.65;29.82;157.17;27.94;45.92;0.11;0.0;0;100.42;0;37.07;0.07;0.04;1.54;5.57
2026;176;271;beauce_5_sa_004;solnu;;0.0;0.0;37.61;1.96;0.0;45.92;85.46;0.03;0.0;0;0;0;-154.79;0.01;0.02;0.0;0.0
2026;272;365;beauce_5_sa_004;BTH;;0.0;0.0;15.42;-79.08;9.0;86.07;12.8;0.0;0.0;0;5.3;0;84.01;0.0;0.0;0.0;0.0
2026;1;181;beauce_5_sa_005;BTH;;5.06;0.0;33.76;17.04;82.84;49.78;13.0;0.05;0.0;0;48.82;0;-44.04;0.02;0.03;0.0;5.06
2026;182;314;beauce_5_sa_005;solnu;;0.31;0.0;41.24;-46.08;0.0;13.0;11.73;0.02;0.0;0;0;0;-230.37;0.0;0.02;0.0;0.31
2026;315;365;beauce_5_sa_005;BTH;;0.34;0.5;4.72;-4.76;0.0;11.73;11.43;0.0;0.0;0;0.0;0;7.11;0.0;0.0;0.5;0.34
2026;1;186;beauce_5_sa_006;BTH;;4.65;1.2;36.95;11.91;130.72;13.77;16.39;0.08;0.0;0;76.92;0;19.94;0.04;0.04;1.2;4.65
2026;187;306;beauce_5_sa_006;solnu;;0.0;0.0;41.78;1.23;0.0;16.39;59.46;0.07;0.02;0;0;0;-160.25;0.04;0.03;0.0;0.0
2026;307;365;beauce_5_sa_006;BTH;;0.85;0.0;6.0;-38.26;0.0;59.68;30.63;0.0;0.0;0;0.0;0;-69.8;0.0;0.0;0.0;0.85
2026;1;203;beauce_5_sa_007;BTH;;22.49;1.86;50.79;61.86;168.78;146.71;207.39;0.13;0.0;0;99.82;0;-61.79;0.06;0.07;1.86;22.49
2026;204;314;beauce_5_sa_007;solnu;;0.0;0.0;34.93;-88.2;0.0;207.39;153.96;0.12;0.04;0;0;0;-133.33;0.1;0.02;0.0;0.0
2026;315;365;beauce_5_sa_007;BTH;;0.0;0.0;5.27;-7.27;1.29;153.08;150.65;0.01;0.0;0;0.76;0;44.29;0.01;0.0;0.0;0.0
2026;1;228;beauce_5_sa_008;BTH;;1.68;0.21;62.97;21.84;61.62;8.28;45.33;0.06;0.0;0;36.26;0;-255.42;0.01;0.05;0.21;1.68
2026;229;274;beauce_5_sa_008;solnu;;0.0;0.0;14.06;-56.12;0.0;45.33;4.12;0.0;0.0;0;0;0;-66.05;0.0;0.0;0.0;0.0
2026;275;365;beauce_5_sa_008;BTH;;0.46;0.0;13.17;-13.19;0.0;4.04;3.64;0.0;0.0;0;0.0;0;35.88;0.0;0.0;0.0;0.46
2026;1;177;beauce_5_sa_009;BTH;;4.15;1.38;34.86;7.58;136.66;20.39;24.33;0.08;0.0;0;80.41;0;126.25;0.05;0.03;1.38;4.15
2026;178;315;beauce_5_sa_009;solnu;;0.0;0.0;39.16;-51.2;0.0;24.33;13.65;0.03;0.0;0;0;0;-83.24;0.01;0.02;0.0;0.0
2026;316;365;beauce_5_sa_009;BTH;;0.0;0.0;5.28;-5.27;0.0;13.65;13.69;0.0;0.0;0;0.0;0;33.63;0.0;0.0;0.0;0.0
2026;1;188;beauce_5_sa_010;BTH;;1.48;0.0;35.42;18.69;51.07;7.16;8.7;0.03;0.0;0;30.05;0;-165.96;0.0;0.03;0.0;1.48
2026;189;288;beauce_5_sa_010;solnu;;0.0;0.0;32.7;-3.67;0.0;8.7;37.7;0.02;0.0;0;0;0;-200.4;0.0;0.02;0.0;0.0
2026;289;365;beauce_5_sa_010;BTH;;0.58;0.0;9.16;-38.32;0.0;38.17;8.02;0.01;0.01;0;0.0;0;-39.81;0.01;0.0;0.0;0.58
2026;1;227;beauce_5_sa_011;BTH;;10.16;0.74;67.25;48.68;112.51;67.29;116.02;0.16;0.01;0;72.98;0;-172.23;0.09;0.07;0.74;10.16
2026;228;261;beauce_5_sa_011;solnu;;0.0;0.0;12.12;-14.7;0.0;116.02;113.44;0.0;0.0;0;0;0;-87.48;0.0;0.0;0.0;0.0
2026;262;365;beauce_5_sa_011;BTH;;3.94;0.32;17.49;-90.62;12.16;113.88;48.47;0.01;0.0;0;7.16;0;81.48;0.01;0.0;0.32;3.94
2026;1;175;beauce_5_sa_012;BTH;;1.68;0.0;32.59;18.4;50.08;8.09;7.28;0.03;0.0;0;31.24;0;-124.95;0.0;0.03;0.0;1.68
2026;176;265;beauce_5_sa_012;solnu;;0.06;0.0;32.31;-9.48;0.0;7.28;30.02;0.02;0.0;0;0;0;-187.48;0.0;0.02;0.0;0.06
2026;266;365;beauce_5_sa_012;BTH;;0.37;0.0;14.41;-41.48;0.0;30.22;3.01;0.0;0.0;0;0.0;0;-36.59;0.0;0.0;0.0;0.37
2026;1;186;beauce_5_sa_013;BTH;;11.93;1.91;37.51;56.35;186.39;63.58;101.49;0.14;0.01;0;126.14;0;-54.72;0.09;0.06;1.91;11.93
2026;187;279;beauce_5_sa_013;solnu;;0.0;0.0;36.84;3.18;0.0;101.49;141.49;0.03;0.0;0;0;0;-175.59;0.0;0.03;0.0;0.0
2026;280;365;beauce_5_sa_013;BTH;;0.0;0.0;13.05;-76.49;25.77;141.91;52.21;0.05;0.02;0;15.17;0;46.63;0.04;0.01;0.0;0.0
2026;1;190;beauce_5_sa_014;BTH;;0.75;0.0;38.62;12.9;46.23;3.63;8.15;0.03;0.0;0;27.2;0;-99.89;0.0;0.03;0.0;0.75
2026;191;285;beauce_5_sa_014;solnu;;0.0;0.0;33.13;-39.79;0.0;8.15;1.77;0.01;0.0;0;0;0;-201.71;0.0;0.01;0.0;0.0
2026;286;365;beauce_5_sa_014;BTH;;0.2;0.0;10.46;-10.66;0.0;1.73;1.54;0.0;0.0;0;0.0;0;-10.75;0.0;0.0;0.0;0.2
2026;1;219;beauce_5_sa_015;BTH;;1.87;0.43;57.9;15.09;77.13;9.28;35.63;0.06;0.0;0;45.39;0;-126.59;0.01;0.04;0.43;1.87
2026;220;295;beauce_5_sa_015;solnu;;0.0;0.0;24.46;-57.11;0.0;35.63;3.99;0.0;0.0;0;0;0;-121.88;0.0;0.0;0.0;0.0
2026;296;365;beauce_5_sa_015;BTH;;0.11;0.0;7.78;-7.76;0.0;3.99;3.93;0.0;0.0;0;0.0;0;22.17;0.0;0.0;0.0;0.11
2026;1;201;beauce_5_sa_016;BTH;;51.33;3.09;53.27;52.42;170.09;324.75;439.84;0.28;0.01;0;132.88;0;-139.54;0.22;0.06;3.09;51.33
2026;202;263;beauce_5_sa_016;solnu;;0.0;0.0;30.5;-69.87;0.0;439.84;400.46;0.01;0.0;0;0;0;-191.06;0.0;0.01;0.0;0.0
2026;264;365;beauce_5_sa_016;BTH;;7.14;0.0;17.71;-5.89;55.2;397.81;349.75;0.16;0.04;0;32.48;0;113.43;0.14;0.02;0.0;7.14
2026;1;186;beauce_5_sa_017;BTH;;1.39;0.0;37.01;20.66;47.74;5.99;14.47;0.04;0.0;0;28.09;0;-115.96;0.01;0.03;0.0;1.39
2026;187;262;beauce_5_sa_017;solnu;;0.0;0.0;29.62;-40.16;0.0;14.47;3.92;0.01;0.0;0;0;0;-185.99;0.0;0.01;0.0;0.0
2026;263;365;beauce_5_sa_017;BTH;;0.44;0.0;15.16;-15.61;0.0;3.84;3.52;0.0;0.0;0;0.0;0;-23.4;0.0;0.0;0.0;0.44
2026;1;213;beauce_5_sa_018;BTH;;2.39;0.68;56.77;13.81;98.16;11.57;32.58;0.05;0.0;0;57.76;0;-71.88;0.01;0.04;0.68;2.39
2026;214;299;beauce_5_sa_018;solnu;;0.0;0.0;28.27;-10.71;0.0;32.58;50.05;0.06;0.02;0;0;0;-120.04;0.05;0.01;0.0;0.0
2026;300;365;beauce_5_sa_018;BTH;;0.52;0.0;7.14;-37.38;0.0;50.35;22.98;0.01;0.0;0;0.0;0;-62.94;0.01;0.0;0.0;0.52
2026;1;180;beauce_5_sa_019;BTH;;2.19;0.71;33.93;21.53;108.25;10.82;9.25;0.06;0.0;0;64.58;0;-39.48;0.03;0.03;0.71;2.19
2026;181;271;beauce_5_sa_019;solnu;;0.0;0.0;32.73;-2.72;0.0;9.25;39.24;0.02;0.0;0;0;0;-150.22;0.0;0.02;0.0;0.0
2026;272;365;beauce_5_sa_019;BTH;;0.15;0.0;13.64;-49.54;0.0;39.77;5.26;0.0;0.0;0;0.0;0;-31.46;0.0;0.0;0.0;0.15
2026;1;213;beauce_5_sa_020;BTH;;3.85;1.17;54.36;13.03;130.31;18.72;39.52;0.07;0.0;0;76.68;0;16.81;0.03;0.04;1.17;3.85
2026;214;309;beauce_5_sa_020;solnu;;0.0;0.0;28.07;-7.52;0.0;39.52;59.97;0.07;0.02;0;0;0;-85.46;0.05;0.01;0.0;0.0
2026;310;365;beauce_5_sa_020;BTH;;0.0;0.0;5.79;-43.05;0.0;60.06;27.58;0.0;0.0;0;0.0;0;-47.48;0.0;0.0;0.0;0.0
2026;1;186;beauce_5_sa_021;BTH;;12.28;2.21;40.44;40.7;183.89;74.95;125.04;0.19;0.0;0;132.62;0;-79.1;0.14;0.05;2.21;12.28
2026;187;272;beauce_5_sa_021;solnu;;0.0;0.0;37.49;-90.24;0.0;125.04;72.28;0.02;0.0;0;0;0;-135.97;0.0;0.02;0.0;0.0
2026;273;365;beauce_5_sa_021;BTH;;0.0;0.0;15.74;17.45;40.64;72.05;64.76;0.05;0.02;0;23.91;0;110.11;0.03;0.02;0.0;0.0
2026;1;198;beauce_5_sa_022;BTH;;34.92;2.53;43.94;52.11;208.54;233.64;275.3;0.16;0.0;0;124.19;0;50.77;0.1;0.06;2.53;34.92
2026;199;303;beauce_5_sa_022;solnu;;0.0;0.0;31.03;-1.2;0.0;275.3;304.96;0.12;0.05;0;0;0;-102.18;0.1;0.02;0.0;0.0
2026;304;365;beauce_5_sa_022;BTH;;0.0;0.0;7.06;-83.14;2.92;305.31;225.94;0.02;0.0;0;1.72;0;42.32;0.02;0.0;0.0;0.0
2026;1;205;beauce_5_sa_023;BTH;;7.93;0.76;52.83;51.87;110.4;49.24;92.21;0.09;0.0;0;66.1;0;-67.38;0.02;0.06;0.76;7.93
2026;206;299;beauce_5_sa_023;solnu;;0.05;0.0;31.26;-6.85;0.0;92.21;116.45;0.09;0.04;0;0;0;-191.26;0.08;0.02;0.0;0.05
2026;300;365;beauce_5_sa_023;BTH;;2.06;0.32;7.26;-81.52;2.92;116.76;60.98;0.01;0.0;0;1.72;0;15.0;0.01;0.0;0.32;2.06
2026;1;227;beauce_5_sa_024;BTH;;42.9;2.41;58.29;83.26;199.16;269.62;349.28;0.17;0.0;0;118.51;0;-201.41;0.08;0.08;2.41;42.9
2026;228;305;beauce_5_sa_024;solnu;;0.0;0.0;22.35;-5.08;0.0;349.28;366.34;0.16;0.05;0;0;0;-131.55;0.15;0.01;0.0;0.0
2026;306;365;beauce_5_sa_024;BTH;;0.0;0.0;5.88;-83.01;2.64;366.55;286.54;0.02;0.0;0;1.55;0;8.19;0.02;0.0;0.0;0.0
2026;1;225;beauce_5_sa_025;BTH;;5.53;0.46;64.3;35.41;120.85;46.72;54.4;0.09;0.0;0;72.7;0;-173.32;0.03;0.06;0.46;5.53
2026;226;275;beauce_5_sa_025;solnu;;0.0;0.0;16.38;-61.35;0.0;54.4;12.3;0.0;0.0;0;0;0;-78.99;0.0;0.0;0.0;0.0
2026;276;365;beauce_5_sa_025;BTH;;1.31;0.5;13.41;-15.58;3.79;12.0;42.52;0.01;0.0;0;2.23;0;71.82;0.01;0.0;0.5;1.31
2026;1;200;beauce_5_sa_026;BTH;;1.47;0.0;45.2;27.42;50.28;6.25;27.1;0.05;0.0;0;29.59;0;-180.08;0.01;0.04;0.0;1.47
2026;201;261;beauce_5_sa_026;solnu;;0.0;0.0;21.54;-44.88;0.0;27.1;4.0;0.0;0.0;0;0;0;-152.95;0.0;0.0;0.0;0.0
2026;262;365;beauce_5_sa_026;BTH;;0.46;0.0;15.47;-15.46;0.0;3.99;3.56;0.0;0.0;0;0.0;0;-13.72;0.0;0.0;0.0;0.46
2026;1;195;beauce_5_sa_027;BTH;;16.6;2.19;38.37;67.91;221.47;103.13;134.96;0.17;0.0;0;133.47;0;-66.91;0.11;0.06;2.19;16.6
2026;196;296;beauce_5_sa_027;solnu;;0.0;0.0;28.47;4.04;0.0;134.96;167.35;0.09;0.04;0;0;0;-118.81;0.07;0.02;0.0;0.0
2026;297;365;beauce_5_sa_027;BTH;;0.0;0.0;8.15;-74.81;2.83;167.9;97.84;0.01;0.0;0;1.67;0;17.47;0.01;0.0;0.0;0.0
2026;1;172;beauce_5_sa_028;BTH;;21.56;2.14;34.02;48.67;207.21;139.92;152.45;0.15;0.0;0;122.88;0;34.91;0.1;0.05;2.14;21.56
2026;173;309;beauce_5_sa_028;solnu;;0.0;0.0;35.62;-81.54;0.0;152.45;106.78;0.07;0.03;0;0;0;-70.66;0.06;0.02;0.0;0.0
2026;310;365;beauce_5_sa_028;BTH;;0.0;0.0;6.36;3.27;2.09;106.69;114.3;0.02;0.0;0;1.23;0;76.18;0.01;0.01;0.0;0.0
2026;1;226;beauce_5_sa_029;BTH;;1.24;0.0;59.4;17.1;44.2;6.04;37.05;0.05;0.0;0;26.01;0;-244.51;0.0;0.05;0.0;1.24
2026;227;283;beauce_5_sa_029;solnu;;0.0;0.0;14.34;-48.97;0.0;37.05;2.83;0.0;0.0;0;0;0;-68.31;0.0;0.0;0.0;0.0
2026;284;365;beauce_5_sa_029;BTH;;0.35;0.0;10.75;-10.68;0.0;2.89;2.56;0.0;0.0;0;0.0;0;17.99;0.0;0.0;0.0;0.35
2026;1;204;beauce_5_sa_030;BTH;;1.07;0.0;48.61;22.15;47.16;4.93;27.38;0.05;0.0;0;27.75;0;-198.63;0.0;0.04;0.0;1.07
2026;205;269;beauce_5_sa_030;solnu;;0.0;0.0;20.15;-45.43;0.0;27.38;2.94;0.0;0.0;0;0;0;-129.87;0.0;0.0;0.0;0.0
2026;270;365;beauce_5_sa_030;BTH;;0.34;0.0;13.97;-13.94;0.0;2.94;2.62;0.0;0.0;0;0.0;0;-4.91;0.0;0.0;0.0;0.34
2026;1;174;beauce_5_sa_031;BTH;;55.37;3.02;34.86;42.05;190.12;363.13;192.88;0.18;0.0;0;115.47;0;-8.12;0.13;0.05;3.02;55.37
2026;175;295;beauce_5_sa_031;solnu;;0.0;0.0;37.42;-93.72;0.0;192.88;363.49;0.09;0.05;0;0;0;-65.48;0.08;0.02;0.0;0.0
2026;296;365;beauce_5_sa_031;BTH;;0.0;0.0;9.04;13.24;6.95;363.69;378.76;0.05;0.0;0;4.09;0;81.34;0.04;0.01;0.0;0.0
2026;1;192;beauce_5_sa_032;BTH;;8.58;1.07;40.06;54.38;137.3;40.69;69.09;0.08;0.0;0;82.55;0;-59.92;0.02;0.06;1.07;8.58
2026;193;299;beauce_5_sa_032;solnu;;0.0;0.0;37.97;1.92;0.0;69.09;108.86;0.09;0.03;0;0;0;-214.72;0.07;0.03;0.0;0.0
2026;300;365;beauce_5_sa_032;BTH;;1.88;0.0;7.06;-62.7;0.0;109.19;51.64;0.01;0.0;0;0.0;0;-0.37;0.01;0.0;0.0;1.88
2026;1;182;beauce_5_sa_033;BTH;;4.97;0.57;36.92;35.56;80.9;26.88;13.3;0.05;0.0;0;56.68;0;-115.9;0.0;0.04;0.57;4.97
2026;183;276;beauce_5_sa_033;solnu;;0.0;0.0;35.18;-60.67;0.0;13.3;30.31;0.04;0.0;0;0;0;-193.91;0.03;0.02;0.0;0.0
2026;277;365;beauce_5_sa_033;BTH;;1.62;0.0;13.19;-28.71;0.0;27.68;13.16;0.0;0.0;0;0.0;0;47.79;0.0;0.0;0.0;1.62
2026;1;189;beauce_5_sa_034;BTH;;10.9;0.44;36.1;40.66;171.19;105.56;33.48;0.12;0.0;0;101.69;0;-95.55;0.07;0.05;0.44;10.9
2026;190;283;beauce_5_sa_034;solnu;;0.0;0.0;35.04;4.03;0.0;33.48;72.52;0.02;0.0;0;0;0;-182.76;0.0;0.02;0.0;0.0
2026;284;365;beauce_5_sa_034;BTH;;0.0;1.06;10.83;-57.31;0.0;72.8;26.21;0.01;0.0;0;0.0;0;-15.8;0.01;0.0;1.06;0.0
2026;1;185;beauce_5_sa_035;BTH;;0.92;0.31;37.45;17.25;70.54;4.29;10.56;0.04;0.0;0;41.51;0;-56.66;0.01;0.03;0.31;0.92
2026;186;267;beauce_5_sa_035;solnu;;0.0;0.0;31.71;-42.51;0.0;10.56;2.89;0.01;0.0;0;0;0;-218.02;0.0;0.01;0.0;0.0
2026;268;365;beauce_5_sa_035;BTH;;0.33;0.0;14.83;-15.13;0.0;2.89;2.69;0.0;0.0;0;0.0;0;14.71;0.0;0.0;0.0;0.33
2026;1;198;beauce_5_sa_036;BTH;;8.62;0.79;50.21;39.91;170.84;111.06;80.43;0.23;0.01;0;117.85;0;-162.69;0.18;0.05;0.79;8.62
2026;199;263;beauce_5_sa_036;solnu;;0.0;0.0;33.92;-84.88;0.0;80.43;29.47;0.0;0.0;0;0;0;-107.88;0.0;0.0;0.0;0.0
2026;264;365;beauce_5_sa_036;BTH;;0.75;1.04;18.13;-0.25;8.72;29.47;37.87;0.01;0.0;0;5.13;0;110.87;0.0;0.01;1.04;0.75
2026;1;217;beauce_5_sa_037;BTH;;1.2;0.0;55.04;11.64;41.92;5.82;29.34;0.04;0.0;0;24.67;0;-197.54;0.0;0.04;0.0;1.2
2026;218;296;beauce_5_sa_037;solnu;;0.35;0.0;21.98;-15.71;0.0;29.34;35.2;0.04;0.02;0;0;0;-130.18;0.03;0.01;0.0;0.35
2026;297;365;beauce_5_sa_037;BTH;;0.55;0.0;7.5;-28.43;0.0;35.54;14.77;0.0;0.0;0;0.0;0;-31.43;0.0;0.0;0.0;0.55
2026;1;213;beauce_5_sa_038;BTH;;21.71;1.99;62.76;48.89;149.42;139.0;227.97;0.2;0.0;0;115.96;0;-233.52;0.13;0.07;1.99;21.71
2026;214;267;beauce_5_sa_038;solnu;;0.0;0.0;22.84;-105.42;0.0;227.97;145.38;0.0;0.0;0;0;0;-94.2;0.0;0.0;0.0;0.0
2026;268;365;beauce_5_sa_038;BTH;;3.99;0.0;17.06;20.72;49.88;145.28;129.15;0.11;0.03;0;29.35;0;117.18;0.09;0.02;0.0;3.99
2026;1;230;beauce_5_sa_039;BTH;;7.98;1.35;72.31;52.2;155.86;45.86;107.17;0.14;0.0;0;110.68;0;-335.65;0.07;0.07;1.35;7.98
2026;231;275;beauce_5_sa_039;solnu;;0.0;0.0;18.1;-107.96;0.0;107.17;17.31;0.0;0.0;0;0;0;-17.35;0.0;0.0;0.0;0.0
2026;276;365;beauce_5_sa_039;BTH;;0.15;0.0;14.08;8.85;11.72;17.35;28.35;0.02;0.0;0;6.9;0;98.43;0.0;0.01;0.0;0.15
2026;1;198;beauce_5_sa_040;BTH;;10.3;1.31;48.8;35.4;95.65;68.25;143.99;0.14;0.01;0;91.43;0;-209.23;0.09;0.05;1.31;10.3
2026;199;261;beauce_5_sa_040;solnu;;0.0;0.0;29.34;-111.42;0.0;143.99;61.9;0.01;0.0;0;0;0;-95.47;0.0;0.01;0.0;0.0
2026;262;365;beauce_5_sa_040;BTH;;4.16;0.0;17.79;28.36;51.02;62.89;52.83;0.03;0.0;0;30.02;0;74.39;0.01;0.03;0.0;4.16
2026;1;173;beauce_5_sa_041;BTH;;64.31;3.25;31.3;61.63;208.5;419.3;481.28;0.23;0.0;0;129.48;0;-56.33;0.18;0.06;3.25;64.31
2026;174;290;beauce_5_sa_041;solnu;;0.0;0.0;29.05;7.37;0.0;481.28;518.33;0.03;0.0;0;0;0;-122.27;0.0;0.02;0.0;0.0
2026;291;365;beauce_5_sa_041;BTH;;0.0;0.0;9.62;-74.93;15.1;518.83;437.75;0.12;0.05;0;8.88;0;27.07;0.12;0.0;0.0;0.0
2026;1;200;beauce_5_sa_042;BTH;;2.57;0.76;46.17;16.08;101.79;6.46;21.42;0.07;0.0;0;59.89;0;-19.38;0.03;0.04;0.76;2.57
2026;201;296;beauce_5_sa_042;solnu;;0.32;0.0;32.36;-48.35;0.0;21.42;8.32;0.01;0.0;0;0;0;-182.09;0.0;0.01;0.0;0.32
2026;297;365;beauce_5_sa_042;BTH;;0.3;0.0;7.77;-9.15;0.0;8.32;8.09;0.0;0.0;0;0.0;0;4.3;0.0;0.0;0.0;0.3
2026;1;228;beauce_5_sa_043;BTH;;2.57;0.0;59.46;19.41;45.35;12.31;43.19;0.05;0.0;0;27.57;0;-262.31;0.0;0.05;0.0;2.57
2026;229;283;beauce_5_sa_043;solnu;;0.0;0.0;13.77;-16.15;0.0;43.19;40.8;0.0;0.0;0;0;0;-80.75;0.0;0.0;0.0;0.0
2026;284;365;beauce_5_sa_043;BTH;;0.83;0.0;10.61;-42.78;1.5;40.92;6.33;0.01;0.0;0;0.88;0;-16.59;0.01;0.0;0.0;0.83
2026;1;189;beauce_5_sa_044;BTH;;9.51;1.41;38.48;55.83;167.57;59.24;80.78;0.09;0.0;0;100.33;0;-79.14;0.03;0.06;1.41;9.51
2026;190;301;beauce_5_sa_044;solnu;;0.0;0.0;36.57;-92.61;0.0;80.78;24.88;0.02;0.01;0;0;0;-133.09;0.0;0.02;0.0;0.0
2026;302;365;beauce_5_sa_044;BTH;;0.0;0.0;7.02;12.08;3.3;25.14;40.67;0.02;0.0;0;1.94;0;42.31;0.01;0.01;0.0;0.0
2026;1;181;beauce_5_sa_045;BTH;;2.44;0.86;36.21;10.35;107.94;9.14;8.21;0.05;0.0;0;63.51;0;32.09;0.02;0.03;0.86;2.44
2026;182;303;beauce_5_sa_045;solnu;;0.27;0.0;43.0;-43.9;0.0;8.21;7.67;0.02;0.0;0;0;0;-172.3;0.0;0.02;0.0;0.27
2026;304;365;beauce_5_sa_045;BTH;;0.24;0.0;6.59;-7.54;0.0;7.67;7.46;0.0;0.0;0;0.0;0;7.79;0.0;0.0;0.0;0.24
2026;1;206;beauce_5_sa_046;BTH;;7.51;0.96;53.23;18.72;114.6;23.06;44.34;0.1;0.0;0;67.44;0;-28.11;0.05;0.05;0.96;7.51
2026;207;284;beauce_5_sa_046;solnu;;0.0;0.0;26.32;-12.95;0.0;44.34;57.7;0.01;0.0;0;0;0;-154.76;0.0;0.01;0.0;0.0
2026;285;365;beauce_5_sa_046;BTH;;1.27;0.0;11.29;-52.31;0.0;58.08;17.56;0.01;0.0;0;0.0;0;-8.71;0.01;0.0;0.0;1.27
2026;1;172;beauce_5_sa_047;BTH;;1.99;0.0;31.2;10.65;43.42;9.65;6.06;0.03;0.0;0;26.44;0;-101.5;0.0;0.03;0.0;1.99
2026;173;289;beauce_5_sa_047;solnu;;0.0;0.0;37.61;-4.01;0.0;6.06;39.65;0.03;0.0;0;0;0;-207.86;0.0;0.02;0.0;0.0
2026;290;365;beauce_5_sa_047;BTH;;0.76;0.0;9.23;-36.97;0.0;40.28;11.2;0.02;0.01;0;0.0;0;-29.89;0.02;0.0;0.0;0.76
2026;1;203;beauce_5_sa_048;BTH;;26.52;2.06;50.78;69.35;156.12;156.74;247.71;0.23;0.01;0;126.22;0;-219.11;0.16;0.07;2.06;26.52
2026;204;262;beauce_5_sa_048;solnu;;0.0;0.0;25.5;-7.03;0.0;247.71;266.17;0.01;0.0;0;0;0;-173.64;0.0;0.01;0.0;0.0
2026;263;365;beauce_5_sa_048;BTH;;4.96;0.0;16.11;-65.26;56.16;266.45;155.78;0.1;0.03;0;33.05;0;26.2;0.08;0.02;0.0;4.96
2026;1;176;beauce_5_sa_049;BTH;;1.59;1.12;35.17;12.75;126.73;5.33;8.79;0.09;0.0;0;74.57;0;53.7;0.06;0.03;1.12;1.59
2026;177;275;beauce_5_sa_049;solnu;;0.0;0.0;37.37;-41.19;0.0;8.79;7.34;0.02;0.0;0;0;0;-154.74;0.0;0.02;0.0;0.0
2026;276;365;beauce_5_sa_049;BTH;;0.0;0.0;13.83;-16.55;0.0;7.34;7.45;0.0;0.0;0;0.0;0;11.41;0.0;0.0;0.0;0.0
2026;1;201;beauce_5_sa_050;BTH;;1.51;0.0;46.7;20.03;54.16;7.98;19.22;0.04;0.0;0;32.68;0;-116.63;0.0;0.04;0.0;1.51
2026;202;291;beauce_5_sa_050;solnu;;0.01;0.0;28.9;-34.77;0.0;19.22;13.32;0.02;0.0;0;0;0;-176.46;0.01;0.01;0.0;0.01
2026;292;365;beauce_5_sa_050;BTH;;0.45;0.15;8.86;-26.89;2.32;9.33;4.46;0.0;0.0;0;1.36;0;-7.59;0.0;0.0;0.15;0.45
2026;1;221;beauce_5_sa_051;BTH;;9.96;2.13;64.34;24.0;192.13;27.44;73.07;0.18;0.0;0;113.06;0;-8.76;0.12;0.06;2.13;9.96
2026;222;295;beauce_5_sa_051;solnu;;0.0;0.0;26.63;-63.57;0.0;73.07;36.32;0.02;0.0;0;0;0;-86.75;0.01;0.01;0.0;0.0
2026;296;365;beauce_5_sa_051;BTH;;0.0;0.0;8.85;-8.85;0.0;36.32;36.36;0.0;0.0;0;0.0;0;61.24;0.0;0.0;0.0;0.0
2026;1;212;beauce_5_sa_052;BTH;;7.8;2.0;56.61;53.24;189.98;33.23;94.85;0.12;0.0;0;111.79;0;-18.84;0.05;0.07;2.0;7.8
2026;213;308;beauce_5_sa_052;solnu;;0.0;0.0;29.1;-93.95;0.0;94.85;29.95;0.04;0.02;0;0;0;-58.07;0.03;0.01;0.0;0.0
2026;309;365;beauce_5_sa_052;BTH;;0.0;0.0;6.42;-4.98;0.0;29.92;31.38;0.0;0.0;0;0.0;0;62.35;0.0;0.0;0.0;0.0
2026;1;195;beauce_5_sa_053;BTH;;26.35;2.35;43.0;52.61;205.12;176.85;216.93;0.14;0.0;0;122.53;0;18.87;0.09;0.06;2.35;26.35
2026;196;300;beauce_5_sa_053;solnu;;0.0;0.0;31.82;-83.75;0.0;216.93;164.88;0.09;0.04;0;0;0;-79.34;0.07;0.01;0.0;0.0
2026;301;365;beauce_5_sa_053;BTH;;0.0;0.0;7.83;-2.58;3.6;163.81;166.5;0.03;0.0;0;2.12;0;81.38;0.03;0.01;0.0;0.0
2026;1;177;beauce_5_sa_054;BTH;;0.47;0.0;32.9;21.13;49.5;3.36;7.33;0.03;0.0;0;29.13;0;-118.11;0.0;0.03;0.0;0.47
2026;178;262;beauce_5_sa_054;solnu;;0.02;0.0;30.92;-38.48;0.0;7.33;1.34;0.01;0.0;0;0;0;-210.37;0.0;0.01;0.0;0.02
2026;263;365;beauce_5_sa_054;BTH;;0.15;0.0;14.6;-14.53;0.0;1.46;1.31;0.0;0.0;0;0.0;0;-18.33;0.0;0.0;0.0;0.15
2026;1;175;beauce_5_sa_055;BTH;;21.6;1.92;35.37;45.7;181.93;140.9;102.26;0.11;0.0;0;108.89;0;30.98;0.07;0.05;1.92;21.6
2026;176;300;beauce_5_sa_055;solnu;;0.0;0.0;38.34;-80.87;0.0;102.26;118.84;0.08;0.03;0;0;0;-100.96;0.06;0.02;0.0;0.0
2026;301;365;beauce_5_sa_055;BTH;;0.0;0.0;7.8;-4.92;3.6;117.57;118.1;0.02;0.0;0;2.12;0;78.03;0.02;0.01;0.0;0.0
2026;1;212;beauce_5_sa_056;BTH;;9.15;0.92;51.99;66.72;140.16;48.5;87.18;0.08;0.0;0;83.34;0;-219.84;0.01;0.07;0.92;9.15
2026;213;311;beauce_5_sa_056;solnu;;0.0;0.0;27.33;-4.3;0.0;87.18;110.07;0.1;0.03;0;0;0;-180.7;0.08;0.02;0.0;0.0
2026;312;365;beauce_5_sa_056;BTH;;0.0;0.0;5.05;-59.16;0.0;110.22;56.17;0.0;0.0;0;0.0;0;-13.79;0.0;0.0;0.0;0.0
2026;1;201;beauce_5_sa_057;BTH;;1.62;0.0;45.33;6.62;43.02;7.82;15.24;0.03;0.0;0;25.32;0;-137.22;0.0;0.03;0.0;1.62
2026;202;310;beauce_5_sa_057;solnu;;0.41;0.0;31.46;-9.75;0.0;15.24;36.46;0.05;0.02;0;0;0;-187.69;0.03;0.02;0.0;0.41
2026;311;365;beauce_5_sa_057;BTH;;0.46;0.0;5.16;-27.9;0.0;36.6;14.39;0.0;0.0;0;0.0;0;-28.9;0.0;0.0;0.0;0.46
2026;1;176;beauce_5_sa_058;BTH;;43.46;2.09;36.07;46.9;188.93;306.65;313.6;0.23;0.0;0;138.4;0;-14.86;0.18;0.05;2.09;43.46
2026;177;268;beauce_5_sa_058;solnu;;0.0;0.0;36.89;0.71;0.0;313.6;351.17;0.03;0.0;0;0;0;-154.25;0.01;0.02;0.0;0.0
2026;269;365;beauce_5_sa_058;BTH;;0.0;0.87;16.65;-70.73;48.6;351.79;248.34;0.11;0.04;0;28.6;0;89.83;0.1;0.01;0.87;0.0
2026;1;203;beauce_5_sa_059;BTH;;0.79;0.19;48.39;8.92;50.13;3.83;24.3;0.04;0.0;0;29.5;0;-95.16;0.01;0.04;0.19;0.79
2026;204;304;beauce_5_sa_059;solnu;;0.14;0.0;30.59;-53.23;0.0;24.3;1.53;0.01;0.0;0;0;0;-149.47;0.0;0.01;0.0;0.14
2026;305;365;beauce_5_sa_059;BTH;;0.05;0.0;6.0;-6.01;0.0;1.53;1.47;0.0;0.0;0;0.0;0;9.65;0.0;0.0;0.0;0.05
2026;1;202;beauce_5_sa_060;BTH;;7.6;1.38;48.99;44.61;179.79;53.85;63.4;0.11;0.0;0;106.29;0;14.58;0.05;0.06;1.38;7.6
2026;203;311;beauce_5_sa_060;solnu;;0.0;0.0;32.43;-49.14;0.0;63.4;46.74;0.07;0.03;0;0;0;-115.75;0.06;0.02;0.0;0.0
2026;312;365;beauce_5_sa_060;BTH;;0.0;0.47;5.96;-14.09;0.95;46.74;73.28;0.0;0.0;0;0.56;0;22.97;0.0;0.0;0.47;0.0
2026;1;179;beauce_5_sa_061;BTH;;5.16;1.21;36.01;41.93;139.53;26.14;48.83;0.08;0.0;0;82.32;0;-7.36;0.03;0.05;1.21;5.16
2026;180;297;beauce_5_sa_061;solnu;;0.0;0.0;40.65;-77.88;0.0;48.83;11.67;0.02;0.0;0;0;0;-108.96;0.0;0.02;0.0;0.0
2026;298;365;beauce_5_sa_061;BTH;;0.0;0.0;8.35;-8.33;0.0;11.67;11.69;0.0;0.0;0;0.0;0;59.91;0.0;0.0;0.0;0.0
2026;1;200;beauce_5_sa_062;BTH;;5.6;0.45;45.68;36.67;123.89;45.51;31.98;0.08;0.0;0;73.79;0;-37.55;0.03;0.05;0.45;5.6
2026;201;287;beauce_5_sa_062;solnu;;0.0;0.0;30.86;-7.11;0.0;31.98;55.72;0.02;0.0;0;0;0;-193.07;0.0;0.02;0.0;0.0
2026;288;365;beauce_5_sa_062;BTH;;0.21;0.57;10.29;-65.92;2.53;56.26;41.99;0.02;0.0;0;1.49;0;-29.62;0.02;0.0;0.57;0.21
2026;1;222;beauce_5_sa_063;BTH;;15.54;0.86;60.02;74.16;136.78;98.95;144.92;0.15;0.0;0;89.53;0;-274.53;0.07;0.08;0.86;15.54
2026;223;267;beauce_5_sa_063;solnu;;0.0;0.0;15.38;-12.17;0.0;144.92;148.12;0.0;0.0;0;0;0;-111.03;0.0;0.0;0.0;0.0
2026;268;365;beauce_5_sa_063;BTH;;4.31;0.41;14.83;-81.46;28.5;148.29;48.66;0.02;0.0;0;16.77;0;18.19;0.01;0.01;0.41;4.31
2026;1;185;beauce_5_sa_064;BTH;;2.95;0.93;38.34;22.85;110.05;14.45;32.46;0.06;0.0;0;64.76;0;5.03;0.02;0.04;0.93;2.95
2026;186;287;beauce_5_sa_064;solnu;;0.0;0.0;39.36;-64.96;0.0;32.46;6.85;0.02;0.0;0;0;0;-148.99;0.0;0.02;0.0;0.0
2026;288;365;beauce_5_sa_064;BTH;;0.15;0.0;11.15;-11.22;0.0;6.94;6.62;0.0;0.0;0;0.0;0;51.93;0.0;0.0;0.0;0.15
2026;1;203;beauce_5_sa_065;BTH;;3.73;1.44;51.64;22.55;151.54;9.58;35.99;0.12;0.0;0;89.17;0;10.21;0.08;0.05;1.44;3.73
2026;204;287;beauce_5_sa_065;solnu;;0.0;0.0;33.3;-59.11;0.0;35.99;12.04;0.01;0.0;0;0;0;-142.91;0.0;0.01;0.0;0.0
2026;288;365;beauce_5_sa_065;BTH;;0.0;0.0;11.08;-11.29;0.0;11.92;11.93;0.0;0.0;0;0.0;0;62.93;0.0;0.0;0.0;0.0
2026;1;170;beauce_5_sa_066;BTH;;3.07;0.0;30.54;12.02;45.46;15.03;9.02;0.03;0.0;0;26.75;0;-92.45;0.0;0.03;0.0;3.07
2026;171;304;beauce_5_sa_066;solnu;;0.65;0.0;41.76;-1.83;0.0;9.02;48.22;0.07;0.02;0;0;0;-253.52;0.04;0.03;0.0;0.65
2026;305;365;beauce_5_sa_066;BTH;;0.69;0.0;5.77;-32.47;0.0;48.37;21.05;0.0;0.0;0;0.0;0;-22.47;0.0;0.0;0.0;0.69
2026;1;177;beauce_5_sa_067;BTH;;2.33;0.81;36.76;32.95;109.72;14.17;32.13;0.07;0.0;0;66.15;0;-81.59;0.03;0.04;0.81;2.33
2026;178;263;beauce_5_sa_067;solnu;;0.0;0.0;34.92;-59.96;0.0;32.13;8.13;0.03;0.0;0;0;0;-158.99;0.02;0.01;0.0;0.0
2026;264;365;beauce_5_sa_067;BTH;;0.89;0.0;16.35;-16.36;0.0;8.13;7.23;0.0;0.0;0;0.0;0;64.1;0.0;0.0;0.0;0.89
2026;1;216;beauce_5_sa_068;BTH;;2.58;0.0;54.5;21.8;45.32;11.5;39.84;0.05;0.0;0;28.44;0;-240.75;0.0;0.05;0.0;2.58
2026;217;270;beauce_5_sa_068;solnu;;0.0;0.0;15.09;-16.1;0.0;39.84;38.83;0.0;0.0;0;0;0;-95.26;0.0;0.0;0.0;0.0
2026;271;365;beauce_5_sa_068;BTH;;0.69;0.0;13.75;-43.85;3.0;39.02;5.07;0.0;0.0;0;1.77;0;-19.62;0.0;0.0;0.0;0.69
2026;1;199;beauce_5_sa_069;BTH;;45.56;2.95;47.32;46.6;184.88;299.68;383.43;0.19;0.01;0;130.63;0;-98.44;0.14;0.06;2.95;45.56
2026;200;274;beauce_5_sa_069;solnu;;0.0;0.0;34.57;-94.54;0.0;383.43;323.45;0.01;0.0;0;0;0;-151.22;0.0;0.01;0.0;0.0
2026;275;365;beauce_5_sa_069;BTH;;0.0;0.0;14.74;20.35;37.82;323.43;320.52;0.16;0.05;0;22.25;0;101.76;0.14;0.02;0.0;0.0
2026;1;175;beauce_5_sa_070;BTH;;12.53;1.7;34.13;35.23;155.08;49.2;39.28;0.11;0.0;0;91.31;0;51.97;0.07;0.04;1.7;12.53
2026;176;309;beauce_5_sa_070;solnu;;0.0;0.0;42.34;11.92;0.0;39.28;131.6;0.1;0.03;0;0;0;-147.28;0.07;0.03;0.0;0.0
2026;310;365;beauce_5_sa_070;BTH;;0.0;0.0;5.95;-64.75;0.0;131.71;72.8;0.0;0.0;0;0.0;0;13.41;0.0;0.0;0.0;0.0
2026;1;219;beauce_5_sa_071;BTH;;1.14;0.0;55.49;12.43;44.52;5.54;27.76;0.04;0.0;0;26.19;0;-207.5;0.0;0.04;0.0;1.14
2026;220;306;beauce_5_sa_071;solnu;;0.21;0.0;22.59;-48.52;0.0;27.76;2.17;0.0;0.0;0;0;0;-120.88;0.0;0.0;0.0;0.21
2026;307;365;beauce_5_sa_071;BTH;;0.07;0.0;5.54;-5.54;0.0;2.18;2.11;0.0;0.0;0;0.0;0;1.44;0.0;0.0;0.0;0.07
2026;1;175;beauce_5_sa_072;BTH;;5.33;1.34;36.1;26.38;125.94;20.67;17.41;0.08;0.0;0;74.11;0;49.2;0.04;0.04;1.34;5.33
2026;176;291;beauce_5_sa_072;solnu;;0.0;0.0;43.49;-77.65;0.0;17.41;17.0;0.03;0.0;0;0;0;-125.99;0.01;0.02;0.0;0.0
2026;292;365;beauce_5_sa_072;BTH;;0.24;0.0;10.13;-10.08;0.0;17.0;16.82;0.0;0.0;0;0.0;0;80.76;0.0;0.0;0.0;0.24
2026;1;173;beauce_5_sa_073;BTH;;0.35;0.0;32.45;16.99;45.35;1.7;5.39;0.03;0.0;0;26.69;0;-91.37;0.0;0.03;0.0;0.35
2026;174;262;beauce_5_sa_073;solnu;;0.02;0.0;32.62;-38.92;0.0;5.39;0.77;0.01;0.0;0;0;0;-209.82;0.0;0.01;0.0;0.02
2026;263;365;beauce_5_sa_073;BTH;;0.08;0.0;14.94;-14.98;0.0;0.89;0.72;0.0;0.0;0;0.0;0;-10.47;0.0;0.0;0.0;0.08
2026;1;191;beauce_5_sa_074;BTH;;7.19;0.86;40.51;40.18;115.51;35.79;56.66;0.06;0.0;0;68.67;0;-53.79;0.01;0.05;0.86;7.19
2026;192;308;beauce_5_sa_074;solnu;;0.2;0.0;40.59;0.09;0.0;56.66;97.16;0.1;0.03;0;0;0;-207.89;0.07;0.03;0.0;0.2
2026;309;365;beauce_5_sa_074;BTH;;1.45;0.0;5.8;-57.53;0.0;97.34;44.43;0.0;0.0;0;0.0;0;-4.27;0.0;0.0;0.0;1.45
2026;1;206;beauce_5_sa_075;BTH;;0.83;0.0;49.83;8.79;42.62;4.0;19.14;0.04;0.0;0;25.08;0;-159.36;0.0;0.04;0.0;0.83
2026;207;316;beauce_5_sa_075;solnu;;0.29;0.0;29.23;-35.47;0.0;19.14;13.16;0.04;0.02;0;0;0;-176.26;0.03;0.01;0.0;0.29
2026;317;365;beauce_5_sa_075;BTH;;0.42;0.0;4.48;-5.42;0.0;13.16;12.78;0.0;0.0;0;0.0;0;-20.53;0.0;0.0;0.0;0.42
2026;1;170;beauce_5_sa_076;BTH;;1.98;0.0;31.38;5.36;38.37;9.68;6.01;0.02;0.0;0;22.58;0;-65.52;0.0;0.02;0.0;1.98
2026;171;304;beauce_5_sa_076;solnu;;0.43;0.0;43.01;-43.2;0.0;6.01;5.36;0.03;0.0;0;0;0;-209.56;0.01;0.02;0.0;0.43
2026;305;365;beauce_5_sa_076;BTH;;0.17;0.0;5.96;-6.0;0.0;5.29;5.16;0.0;0.0;0;0.0;0;-0.56;0.0;0.0;0.0;0.17
2026;1;223;beauce_5_sa_077;BTH;;4.0;0.14;56.9;45.19;90.07;26.0;44.62;0.07;0.0;0;53.88;0;-224.11;0.0;0.07;0.14;4.0
2026;224;309;beauce_5_sa_077;solnu;;0.0;0.0;23.2;-9.63;0.0;44.62;58.1;0.07;0.02;0;0;0;-153.6;0.06;0.01;0.0;0.0
2026;310;365;beauce_5_sa_077;BTH;;0.89;0.39;5.1;-60.55;2.09;58.19;30.66;0.0;0.0;0;1.23;0;-39.24;0.0;0.0;0.39;0.89
2026;1;229;beauce_5_sa_078;BTH;;35.19;2.4;73.68;64.78;160.11;204.72;327.5;0.2;0.0;0;124.07;0;-242.59;0.11;0.08;2.4;35.19
2026;230;266;beauce_5_sa_078;solnu;;0.0;0.0;15.42;-13.94;0.0;327.5;328.97;0.0;0.0;0;0;0;-108.29;0.0;0.0;0.0;0.0
2026;267;365;beauce_5_sa_078;BTH;;6.42;0.0;17.01;-76.99;51.7;329.1;210.69;0.15;0.04;0;30.42;0;105.2;0.14;0.01;0.0;6.42
2026;1;203;beauce_5_sa_079;BTH;;5.64;1.24;52.67;39.58;137.15;21.03;63.1;0.15;0.01;0;80.7;0;-52.51;0.1;0.06;1.24;5.64
2026;204;269;beauce_5_sa_079;solnu;;0.0;0.0;27.49;-52.9;0.0;63.1;37.69;0.01;0.0;0;0;0;-152.97;0.0;0.01;0.0;0.0
2026;270;365;beauce_5_sa_079;BTH;;0.52;0.0;15.72;-36.09;0.0;31.99;16.8;0.0;0.0;0;0.0;0;78.28;0.0;0.0;0.0;0.52
2026;1;208;beauce_5_sa_080;BTH;;1.73;0.0;51.38;18.11;46.04;8.27;29.96;0.04;0.0;0;27.09;0;-195.93;0.0;0.04;0.0;1.73
2026;209;281;beauce_5_sa_080;solnu;;0.0;0.0;21.17;-31.23;0.0;29.96;19.89;0.01;0.0;0;0;0;-135.14;0.0;0.01;0.0;0.0
2026;282;365;beauce_5_sa_080;BTH;;0.47;0.0;11.29;-27.26;0.0;16.44;3.46;0.0;0.0;0;0.0;0;-9.53;0.0;0.0;0.0;0.47
2026;1;211;beauce_5_sa_081;BTH;;1.34;0.0;52.38;13.35;44.9;6.46;25.91;0.04;0.0;0;26.42;0;-203.96;0.0;0.04;0.0;1.34
2026;212;300;beauce_5_sa_081;solnu;;0.35;0.0;24.37;-13.58;0.0;25.91;36.28;0.04;0.02;0;0;0;-144.76;0.03;0.01;0.0;0.35
2026;301;365;beauce_5_sa_081;BTH;;0.56;0.0;6.46;-28.44;0.0;36.54;15.03;0.0;0.0;0;0.0;0;-36.56;0.0;0.0;0.0;0.56
2026;1;200;beauce_5_sa_082;BTH;;7.09;2.34;46.09;48.48;213.34;28.94;78.26;0.15;0.0;0;125.61;0;47.05;0.1;0.06;2.34;7.09
2026;201;304;beauce_5_sa_082;solnu;;0.0;0.0;28.59;-78.86;0.0;78.26;27.99;0.01;0.0;0;0;0;-22.08;0.0;0.01;0.0;0.0
2026;305;365;beauce_5_sa_082;BTH;;0.0;0.0;7.3;-7.28;0.0;27.99;28.01;0.0;0.0;0;0.0;0;73.62;0.0;0.0;0.0;0.0
2026;1;194;beauce_5_sa_083;BTH;;1.39;0.0;39.87;15.54;46.62;6.72;14.08;0.03;0.0;0;28.32;0;-135.46;0.0;0.03;0.0;1.39
2026;195;285;beauce_5_sa_083;solnu;;0.0;0.0;30.82;-10.07;0.0;14.08;34.82;0.01;0.0;0;0;0;-196.31;0.0;0.01;0.0;0.0
2026;286;365;beauce_5_sa_083;BTH;;0.45;0.0;10.23;-40.25;0.0;35.02;4.36;0.01;0.0;0;0.0;0;-26.02;0.01;0.0;0.0;0.45
2026;1;205;beauce_5_sa_084;BTH;;39.75;2.9;59.72;57.54;168.99;241.14;366.11;0.34;0.03;0;135.86;0;-167.12;0.27;0.07;2.9;39.75
2026;206;260;beauce_5_sa_084;solnu;;0.0;0.0;28.01;-9.63;0.0;366.11;384.48;0.01;0.0;0;0;0;-184.91;0.0;0.01;0.0;0.0
2026;261;365;beauce_5_sa_084;BTH;;7.31;0.0;18.75;-69.16;61.09;384.64;265.51;0.13;0.03;0;35.95;0;88.73;0.11;0.02;0.0;7.31
2026;1;224;beauce_5_sa_085;BTH;;10.32;1.0;61.93;74.99;131.38;50.99;120.88;0.18;0.01;0;86.13;0;-300.22;0.1;0.08;1.0;10.32
2026;225;264;beauce_5_sa_085;solnu;;0.0;0.0;14.27;-12.95;0.0;120.88;122.2;0.0;0.0;0;0;0;-113.8;0.0;0.0;0.0;0.0
2026;265;365;beauce_5_sa_085;BTH;;3.19;0.0;15.19;-89.85;15.13;122.37;29.21;0.01;0.0;0;8.9;0;13.4;0.01;0.0;0.0;3.19
2026;1;225;beauce_5_sa_086;BTH;;22.55;1.76;64.36;77.57;152.48;123.01;221.32;0.21;0.01;0;122.17;0;-353.77;0.12;0.09;1.76;22.55
2026;226;263;beauce_5_sa_086;solnu;;0.0;0.0;14.95;-12.66;0.0;221.32;223.61;0.0;0.0;0;0;0;-109.44;0.0;0.0;0.0;0.0
2026;264;365;beauce_5_sa_086;BTH;;6.22;0.0;15.76;-67.57;54.42;223.91;111.04;0.09;0.02;0;32.02;0;26.35;0.08;0.02;0.0;6.22
2026;1;181;beauce_5_sa_087;BTH;;4.57;1.2;35.86;11.29;124.28;10.04;17.8;0.09;0.0;0;73.13;0;73.18;0.06;0.03;1.2;4.57
2026;182;300;beauce_5_sa_087;solnu;;0.0;0.0;43.01;-48.59;0.0;17.8;16.93;0.02;0.0;0;0;0;-176.71;0.0;0.02;0.0;0.0
2026;301;365;beauce_5_sa_087;BTH;;0.18;0.0;7.26;-8.37;0.0;16.93;16.79;0.0;0.0;0;0.0;0;22.12;0.0;0.0;0.0;0.18
2026;1;213;beauce_5_sa_088;BTH;;43.07;3.01;52.89;50.52;230.49;304.29;359.97;0.21;0.0;0;136.13;0;34.82;0.14;0.06;3.01;43.07
2026;214;314;beauce_5_sa_088;solnu;;0.0;0.0;28.28;-2.79;0.0;359.97;385.28;0.13;0.05;0;0;0;-76.88;0.11;0.02;0.0;0.0
2026;315;365;beauce_5_sa_088;BTH;;0.0;0.0;5.56;-72.38;1.29;385.59;317.15;0.02;0.0;0;0.76;0;28.15;0.02;0.0;0.0;0.0
2026;1;220;beauce_5_sa_089;BTH;;12.48;0.0;60.0;20.55;127.25;115.47;56.57;0.11;0.0;0;75.2;0;-38.69;0.06;0.05;0.0;12.48
2026;221;316;beauce_5_sa_089;solnu;;0.17;0.0;27.01;-59.3;0.0;56.57;28.52;0.01;0.0;0;0;0;-154.17;0.0;0.01;0.0;0.17
2026;317;365;beauce_5_sa_089;BTH;;0.8;1.25;4.69;-10.8;0.95;28.52;114.86;0.01;0.0;0;0.56;0;21.13;0.01;0.0;1.25;0.8
2026;1;204;beauce_5_sa_090;BTH;;6.06;0.0;50.38;32.08;94.4;49.77;31.87;0.07;0.0;0;57.28;0;-44.63;0.02;0.05;0.0;6.06
2026;205;294;beauce_5_sa_090;solnu;;0.8;0.0;29.3;-46.87;0.0;31.87;13.48;0.02;0.0;0;0;0;-171.98;0.01;0.01;0.0;0.8
2026;295;365;beauce_5_sa_090;BTH;;0.48;0.72;8.27;-29.08;3.79;13.38;46.1;0.01;0.0;0;2.23;0;-24.78;0.01;0.0;0.72;0.48
2026;1;174;beauce_5_sa_091;BTH;;23.91;1.48;34.4;38.37;167.47;157.42;66.21;0.12;0.0;0;99.05;0;66.08;0.07;0.05;1.48;23.91
2026;175;314;beauce_5_sa_091;solnu;;0.0;0.0;43.16;9.83;0.0;66.21;202.24;0.12;0.04;0;0;0;-143.16;0.09;0.03;0.0;0.0
2026;315;365;beauce_5_sa_091;BTH;;0.0;0.52;5.34;-85.93;1.29;202.57;159.33;0.01;0.0;0;0.76;0;18.16;0.01;0.0;0.52;0.0
2026;1;199;beauce_5_sa_092;BTH;;0.69;0.0;43.33;7.11;44.09;3.34;9.01;0.03;0.0;0;25.94;0;-103.0;0.0;0.03;0.0;0.69
2026;200;301;beauce_5_sa_092;solnu;;0.12;0.0;33.1;-40.96;0.0;9.01;1.54;0.01;0.0;0;0;0;-188.99;0.0;0.01;0.0;0.12
2026;302;365;beauce_5_sa_092;BTH;;0.04;0.0;6.39;-6.64;0.0;1.32;1.32;0.0;0.0;0;0.0;0;-1.96;0.0;0.0;0.0;0.04
2026;1;230;beauce_5_sa_093;BTH;;4.53;0.67;64.98;23.19;95.19;21.46;59.65;0.08;0.0;0;56.01;0;-153.8;0.03;0.05;0.67;4.53
2026;231;285;beauce_5_sa_093;solnu;;0.0;0.0;17.42;-52.85;0.0;59.65;24.2;0.01;0.0;0;0;0;-91.64;0.01;0.0;0.0;0.0
2026;286;365;beauce_5_sa_093;BTH;;0.48;0.0;10.58;-21.71;0.0;20.91;12.85;0.0;0.0;0;0.0;0;23.17;0.0;0.0;0.0;0.48
2026;1;199;beauce_5_sa_094;BTH;;29.15;2.24;44.36;61.92;203.65;180.15;221.14;0.17;0.0;0;135.43;0;-66.59;0.1;0.06;2.24;29.15
2026;200;280;beauce_5_sa_094;solnu;;0.0;0.0;34.89;0.03;0.0;221.14;256.03;0.02;0.0;0;0;0;-200.88;0.0;0.02;0.0;0.0
2026;281;365;beauce_5_sa_094;BTH;;0.0;0.0;12.76;-73.63;28.63;256.56;166.39;0.12;0.04;0;16.85;0;48.2;0.11;0.01;0.0;0.0
2026;1;223;beauce_5_sa_095;BTH;;1.64;0.0;58.03;10.9;43.04;7.91;32.13;0.04;0.0;0;25.33;0;-212.65;0.0;0.04;0.0;1.64
2026;224;301;beauce_5_sa_095;solnu;;0.51;0.0;20.48;-36.26;0.0;32.13;15.78;0.04;0.02;0;0;0;-117.27;0.03;0.0;0.0;0.51
2026;302;365;beauce_5_sa_095;BTH;;0.49;0.0;6.3;-8.2;0.0;15.61;15.05;0.0;0.0;0;0.0;0;-31.25;0.0;0.0;0.0;0.49
2026;1;186;beauce_5_sa_096;BTH;;2.05;0.0;35.83;-0.03;37.11;9.9;5.15;0.02;0.0;0;21.84;0;-84.28;0.0;0.02;0.0;2.05
2026;187;311;beauce_5_sa_096;solnu;;0.46;0.0;39.66;-6.37;0.0;5.15;37.95;0.06;0.02;0;0;0;-197.61;0.03;0.02;0.0;0.46
2026;312;365;beauce_5_sa_096;BTH;;0.48;0.0;5.12;-27.78;0.0;38.09;15.21;0.0;0.0;0;0.0;0;-19.48;0.0;0.0;0.0;0.48
2026;1;177;beauce_5_sa_097;BTH;;11.16;0.0;31.82;47.06;120.59;80.19;27.59;0.07;0.0;0;71.79;0;-88.42;0.02;0.05;0.0;11.16
2026;178;312;beauce_5_sa_097;solnu;;0.0;0.0;41.01;13.81;0.0;27.59;82.31;0.08;0.03;0;0;0;-220.21;0.05;0.03;0.0;0.0
2026;313;365;beauce_5_sa_097;BTH;;0.98;0.97;5.01;-71.84;1.54;82.75;86.47;0.01;0.0;0;0.91;0;-24.51;0.01;0.0;0.97;0.98
2026;1;201;beauce_5_sa_098;BTH;;1.09;0.0;46.35;8.94;42.79;5.25;16.61;0.03;0.0;0;25.18;0;-128.43;0.0;0.03;0.0;1.09
2026;202;295;beauce_5_sa_098;solnu;;0.27;0.0;29.48;-12.63;0.0;16.61;33.13;0.04;0.02;0;0;0;-178.95;0.03;0.01;0.0;0.27
2026;296;365;beauce_5_sa_098;BTH;;0.5;0.0;7.74;-27.76;0.0;33.36;13.5;0.0;0.0;0;0.0;0;-34.36;0.0;0.0;0.0;0.5
2026;1;200;beauce_5_sa_099;BTH;;8.84;0.43;52.96;46.59;143.12;107.78;87.46;0.2;0.02;0;86.83;0;-100.05;0.14;0.06;0.43;8.84
2026;201;259;beauce_5_sa_099;solnu;;0.0;0.0;27.8;-81.66;0.0;87.46;33.59;0.01;0.0;0;0;0;-144.81;0.0;0.01;0.0;0.0
2026;260;365;beauce_5_sa_099;BTH;;3.13;1.0;18.98;-17.81;1.73;33.9;29.9;0.0;0.0;0;1.02;0;104.88;0.0;0.0;1.0;3.13
2027;1;177;beauce_5_sa_000;BTH;;2.42;1.16;32.24;24.71;115.29;12.63;38.86;0.05;0.0;0;72.26;0;76.4;0.02;0.03;1.16;2.42
2027;178;275;beauce_5_sa_000;solnu;;0.0;0.0;45.11;7.93;0.0;38.86;91.82;0.07;0.0;0;0;0;-159.8;0.04;0.03;0.0;0.0
2027;276;365;beauce_5_sa_000;BTH;;3.59;0.0;15.63;-77.41;8.66;92.27;17.77;0.02;0.0;0;5.1;0;46.5;0.01;0.0;0.0;3.59
2027;1;182;beauce_5_sa_001;BTH;;5.31;1.04;32.24;51.84;96.37;26.7;86.99;0.06;0.0;0;66.42;0;-31.18;0.01;0.05;1.04;5.31
2027;183;265;beauce_5_sa_001;solnu;;0.01;0.0;43.2;8.26;0.0;86.99;138.38;0.06;0.0;0;0;0;-220.63;0.03;0.03;0.0;0.01
2027;266;365;beauce_5_sa_001;BTH;;8.56;0.0;17.01;-74.57;29.82;138.29;42.39;0.06;0.0;0;17.54;0;14.15;0.04;0.01;0.0;8.56
2027;1;187;beauce_5_sa_002;BTH;;0.87;0.0;31.6;11.09;42.61;4.47;3.65;0.03;0.0;0;25.07;0;-86.81;0.0;0.03;0.0;0.87
2027;188;287;beauce_5_sa_002;solnu;;0.56;0.0;42.85;-3.78;0.0;3.65;42.08;0.07;0.0;0;0;0;-241.26;0.05;0.03;0.0;0.56
2027;288;365;beauce_5_sa_002;BTH;;3.0;0.0;10.48;-33.18;0.0;41.92;16.87;0.02;0.0;0;0.0;0;-43.42;0.02;0.0;0.0;3.0
2027;1;230;beauce_5_sa_003;BTH;;4.87;0.58;53.0;23.81;96.76;24.37;43.73;0.06;0.0;0;56.94;0;-171.18;0.01;0.05;0.58;4.87
2027;231;303;beauce_5_sa_003;solnu;;2.19;0.0;23.34;-11.72;0.0;43.73;53.07;0.08;0.01;0;0;0;-130.61;0.07;0.01;0.0;2.19
2027;304;365;beauce_5_sa_003;BTH;;3.39;0.0;6.59;-34.37;0.0;53.39;25.1;0.0;0.0;0;0.0;0;-87.1;0.0;0.0;0.0;3.39
2027;1;175;beauce_5_sa_004;BTH;;2.3;1.54;31.99;29.59;149.73;12.8;37.6;0.11;0.0;0;93.41;0;83.26;0.07;0.04;1.54;2.3
2027;176;271;beauce_5_sa_004;solnu;;0.0;0.0;44.74;7.99;0.0;37.6;90.26;0.07;0.0;0;0;0;-149.92;0.04;0.03;0.0;0.0
2027;272;365;beauce_5_sa_004;BTH;;3.06;0.0;17.15;-80.55;7.5;90.61;16.29;0.0;0.0;0;4.41;0;68.44;0.0;0.0;0.0;3.06
2027;1;181;beauce_5_sa_005;BTH;;3.59;0.0;29.68;16.45;81.08;11.43;10.42;0.06;0.0;0;47.71;0;-17.2;0.03;0.03;0.0;3.59
2027;182;314;beauce_5_sa_005;solnu;;1.52;0.0;47.82;-45.8;0.0;10.42;13.44;0.04;0.0;0;0;0;-242.44;0.02;0.02;0.0;1.52
2027;315;365;beauce_5_sa_005;BTH;;1.48;0.5;5.41;-6.15;0.28;13.37;48.54;0.0;0.0;0;0.16;0;10.67;0.0;0.0;0.5;1.48
2027;1;186;beauce_5_sa_006;BTH;;8.23;1.2;32.55;6.78;127.66;30.63;23.22;0.08;0.0;0;75.12;0;17.86;0.05;0.03;1.2;8.23
2027;187;306;beauce_5_sa_006;solnu;;2.93;0.0;46.8;4.27;0.0;23.22;71.59;0.11;0.01;0;0;0;-180.72;0.08;0.03;0.0;2.93
2027;307;365;beauce_5_sa_006;BTH;;4.87;0.0;6.85;-40.85;0.0;71.79;36.27;0.0;0.0;0;0.0;0;-71.56;0.0;0.0;0.0;4.87
2027;1;203;beauce_5_sa_007;BTH;;24.04;1.86;43.48;57.97;169.13;150.65;198.37;0.1;0.0;0;100.28;0;-11.54;0.04;0.06;1.86;24.04
2027;204;314;beauce_5_sa_007;solnu;;5.17;0.0;41.84;-84.34;0.0;198.37;150.48;0.21;0.01;0;0;0;-149.35;0.19;0.02;0.0;5.17
2027;315;365;beauce_5_sa_007;BTH;;15.02;0.0;6.15;-3.66;2.15;150.1;135.78;0.02;0.0;0;1.27;0;49.57;0.02;0.0;0.0;15.02
2027;1;228;beauce_5_sa_008;BTH;;0.71;0.21;57.73;25.98;58.54;3.64;43.63;0.07;0.0;0;34.45;0;-221.43;0.02;0.05;0.21;0.71
2027;229;274;beauce_5_sa_008;solnu;;0.1;0.0;19.77;-60.74;0.0;43.63;2.62;0.0;0.0;0;0;0;-86.35;0.0;0.0;0.0;0.1
2027;275;365;beauce_5_sa_008;BTH;;0.5;0.0;13.98;-12.31;0.15;2.51;3.64;0.0;0.0;0;0.09;0;39.57;0.0;0.0;0.0;0.5
2027;1;177;beauce_5_sa_009;BTH;;2.27;1.38;32.06;4.8;134.26;13.69;15.47;0.06;0.0;0;79.0;0;155.76;0.04;0.02;1.38;2.27
2027;178;315;beauce_5_sa_009;solnu;;0.47;0.0;47.33;-36.98;0.0;15.47;28.46;0.1;0.01;0;0;0;-142.93;0.07;0.03;0.0;0.47
2027;316;365;beauce_5_sa_009;BTH;;3.16;0.0;6.36;-6.64;0.0;28.46;25.35;0.0;0.0;0;0.0;0;28.47;0.0;0.0;0.0;3.16
2027;1;188;beauce_5_sa_010;BTH;;1.57;0.0;30.45;18.39;48.62;8.02;6.64;0.03;0.0;0;28.61;0;-133.86;0.0;0.03;0.0;1.57
2027;189;288;beauce_5_sa_010;solnu;;1.43;0.0;40.24;1.61;0.0;6.64;46.96;0.09;0.01;0;0;0;-252.3;0.07;0.03;0.0;1.43
2027;289;365;beauce_5_sa_010;BTH;;2.79;0.0;9.6;-34.87;0.0;47.14;19.6;0.0;0.0;0;0.0;0;-58.31;0.0;0.0;0.0;2.79
2027;1;227;beauce_5_sa_011;BTH;;5.5;0.74;63.27;54.09;106.12;48.47;109.58;0.19;0.0;0;69.6;0;-125.15;0.12;0.07;0.74;5.5
2027;228;261;beauce_5_sa_011;solnu;;0.0;0.0;17.73;-14.96;0.0;109.58;112.35;0.0;0.0;0;0;0;-104.2;0.0;0.0;0.0;0.0
2027;262;365;beauce_5_sa_011;BTH;;8.99;0.32;18.06;-84.05;11.37;112.5;50.2;0.06;0.0;0;6.69;0;85.55;0.06;0.0;0.32;8.99
2027;1;175;beauce_5_sa_012;BTH;;0.6;0.0;28.05;15.22;40.23;3.01;5.43;0.03;0.0;0;23.67;0;-72.39;0.0;0.03;0.0;0.6
2027;176;265;beauce_5_sa_012;solnu;;0.03;0.0;41.96;-2.81;0.0;5.43;44.51;0.04;0.0;0;0;0;-238.01;0.01;0.03;0.0;0.03
2027;266;365;beauce_5_sa_012;BTH;;2.2;0.0;15.89;-45.49;4.5;44.77;8.18;0.02;0.0;0;2.65;0;-45.24;0.02;0.0;0.0;2.2
2027;1;186;beauce_5_sa_013;BTH;;8.16;1.91;33.52;54.35;182.58;52.21;91.88;0.14;0.0;0;122.61;0;-18.21;0.08;0.05;1.91;8.16
2027;187;279;beauce_5_sa_013;solnu;;0.0;0.0;43.21;8.75;0.0;91.88;143.76;0.08;0.0;0;0;0;-194.72;0.05;0.03;0.0;0.0
2027;280;365;beauce_5_sa_013;BTH;;7.9;0.0;14.02;-83.67;10.16;144.27;55.98;0.06;0.01;0;5.98;0;41.79;0.06;0.0;0.0;7.9
2027;1;190;beauce_5_sa_014;BTH;;0.31;0.0;33.89;12.47;41.74;1.54;5.83;0.03;0.0;0;24.56;0;-72.94;0.0;0.03;0.0;0.31
2027;191;285;beauce_5_sa_014;solnu;;0.18;0.0;41.78;-40.55;0.0;5.83;6.9;0.04;0.0;0;0;0;-247.61;0.02;0.02;0.0;0.18
2027;286;365;beauce_5_sa_014;BTH;;1.33;0.0;11.18;-11.05;0.0;6.94;5.7;0.0;0.0;0;0.0;0;-11.67;0.0;0.0;0.0;1.33
2027;1;219;beauce_5_sa_015;BTH;;0.75;0.43;49.54;20.16;77.99;3.93;27.21;0.05;0.0;0;45.89;0;-86.68;0.01;0.04;0.43;0.75
2027;220;295;beauce_5_sa_015;solnu;;0.73;0.0;30.32;-51.25;0.0;27.21;8.76;0.04;0.0;0;0;0;-182.66;0.03;0.01;0.0;0.73
2027;296;365;beauce_5_sa_015;BTH;;1.09;0.0;8.63;-8.73;0.0;8.71;7.62;0.0;0.0;0;0.0;0;22.13;0.0;0.0;0.0;1.09
2027;1;201;beauce_5_sa_016;BTH;;49.83;3.09;48.56;49.45;170.87;349.75;458.07;0.29;0.0;0;133.02;0;-94.87;0.23;0.06;3.09;49.83
2027;202;263;beauce_5_sa_016;solnu;;0.0;0.0;37.85;-56.65;0.0;458.07;439.21;0.07;0.0;0;0;0;-219.18;0.05;0.02;0.0;0.0
2027;264;365;beauce_5_sa_016;BTH;;60.99;0.0;18.94;-13.79;56.76;436.41;326.31;0.28;0.01;0;33.4;0;112.29;0.26;0.02;0.0;60.99
2027;1;186;beauce_5_sa_017;BTH;;0.7;0.0;32.32;17.39;40.68;3.52;11.81;0.03;0.0;0;23.94;0;-77.24;0.0;0.03;0.0;0.7
2027;187;262;beauce_5_sa_017;solnu;;0.0;0.0;39.16;-31.44;0.0;11.81;19.51;0.02;0.0;0;0;0;-243.88;0.0;0.02;0.0;0.0
2027;263;365;beauce_5_sa_017;BTH;;0.81;0.0;16.83;-28.77;1.84;16.9;4.91;0.01;0.0;0;1.08;0;-21.71;0.01;0.0;0.0;0.81
2027;1;213;beauce_5_sa_018;BTH;;4.46;0.68;46.61;2.67;90.52;22.98;28.45;0.06;0.0;0;53.26;0;-1.43;0.03;0.03;0.68;4.46
2027;214;299;beauce_5_sa_018;solnu;;1.12;0.0;35.75;-6.35;0.0;28.45;56.62;0.1;0.01;0;0;0;-134.15;0.08;0.02;0.0;1.12
2027;300;365;beauce_5_sa_018;BTH;;3.69;0.0;8.28;-39.25;0.0;57.09;25.97;0.0;0.0;0;0.0;0;-58.41;0.0;0.0;0.0;3.69
2027;1;180;beauce_5_sa_019;BTH;;0.99;0.71;29.81;20.68;101.07;5.26;7.12;0.05;0.0;0;59.47;0;1.8;0.02;0.03;0.71;0.99
2027;181;271;beauce_5_sa_019;solnu;;0.0;0.0;41.63;3.88;0.0;7.12;52.57;0.06;0.0;0;0;0;-185.88;0.03;0.03;0.0;0.0
2027;272;365;beauce_5_sa_019;BTH;;2.33;0.0;14.77;-56.82;0.0;52.87;9.48;0.0;0.0;0;0.0;0;-19.25;0.0;0.0;0.0;2.33
2027;1;213;beauce_5_sa_020;BTH;;4.89;1.17;45.35;6.33;133.17;27.58;29.34;0.07;0.0;0;78.36;0;74.64;0.03;0.03;1.17;4.89
2027;214;309;beauce_5_sa_020;solnu;;0.25;0.0;37.48;-1.67;0.0;29.34;64.78;0.11;0.01;0;0;0;-102.9;0.08;0.02;0.0;0.25
2027;310;365;beauce_5_sa_020;BTH;;4.07;0.0;6.72;-40.49;0.0;64.79;30.4;0.01;0.0;0;0.0;0;-51.77;0.0;0.0;0.0;4.07
2027;1;186;beauce_5_sa_021;BTH;;8.73;2.21;36.72;40.41;185.53;64.76;112.96;0.17;0.0;0;133.09;0;-34.06;0.12;0.05;2.21;8.73
2027;187;272;beauce_5_sa_021;solnu;;0.0;0.0;49.21;-86.58;0.0;112.96;75.53;0.06;0.0;0;0;0;-164.3;0.04;0.02;0.0;0.0
2027;273;365;beauce_5_sa_021;BTH;;6.89;0.0;17.54;24.82;42.99;75.81;67.9;0.1;0.01;0;25.3;0;98.87;0.08;0.03;0.0;6.89
2027;1;198;beauce_5_sa_022;BTH;;28.72;2.53;41.15;52.39;211.94;225.94;267.86;0.14;0.0;0;126.43;0;79.43;0.08;0.06;2.53;28.72
2027;199;303;beauce_5_sa_022;solnu;;0.0;0.0;39.23;5.6;0.0;267.86;312.46;0.22;0.01;0;0;0;-117.9;0.19;0.03;0.0;0.0
2027;304;365;beauce_5_sa_022;BTH;;21.32;0.0;8.39;-84.3;4.17;312.92;210.98;0.07;0.0;0;2.45;0;45.39;0.07;0.0;0.0;21.32
2027;1;205;beauce_5_sa_023;BTH;;11.16;0.76;44.49;46.67;112.12;60.98;85.34;0.06;0.0;0;67.69;0;-42.29;0.0;0.06;0.76;11.16
2027;206;299;beauce_5_sa_023;solnu;;4.06;0.0;39.36;-0.65;0.0;85.34;119.84;0.16;0.01;0;0;0;-191.58;0.13;0.02;0.0;4.06
2027;300;365;beauce_5_sa_023;BTH;;8.44;0.32;8.46;-79.61;2.94;120.34;61.46;0.02;0.0;0;1.73;0;7.89;0.02;0.0;0.32;8.44
2027;1;227;beauce_5_sa_024;BTH;;42.73;2.41;50.15;79.27;219.99;286.54;333.36;0.16;0.0;0;131.01;0;-153.88;0.09;0.08;2.41;42.73
2027;228;305;beauce_5_sa_024;solnu;;1.53;0.0;27.89;0.4;0.0;333.36;359.88;0.24;0.01;0;0;0;-129.34;0.22;0.02;0.0;1.53
2027;306;365;beauce_5_sa_024;BTH;;29.86;0.0;6.79;-80.2;3.71;360.26;252.85;0.06;0.0;0;2.18;0;11.9;0.05;0.0;0.0;29.86
2027;1;225;beauce_5_sa_025;BTH;;3.73;0.46;58.35;34.06;115.82;42.52;49.69;0.12;0.0;0;70.38;0;-119.48;0.07;0.06;0.46;3.73
2027;226;275;beauce_5_sa_025;solnu;;0.26;0.0;22.39;-67.49;0.0;49.69;9.13;0.0;0.0;0;0;0;-117.29;0.0;0.0;0.0;0.26
2027;276;365;beauce_5_sa_025;BTH;;2.53;0.5;14.24;-14.05;4.17;9.15;40.08;0.04;0.0;0;2.45;0;86.73;0.04;0.0;0.5;2.53
2027;1;200;beauce_5_sa_026;BTH;;0.71;0.0;40.52;24.68;43.0;3.56;25.01;0.04;0.0;0;25.3;0;-148.71;0.0;0.04;0.0;0.71
2027;201;261;beauce_5_sa_026;solnu;;0.0;0.0;31.08;-54.61;0.0;25.01;1.47;0.01;0.0;0;0;0;-185.95;0.0;0.01;0.0;0.0
2027;262;365;beauce_5_sa_026;BTH;;0.38;0.0;16.67;-7.16;5.21;1.46;5.39;0.01;0.0;0;3.06;0;-15.23;0.0;0.01;0.0;0.38
2027;1;195;beauce_5_sa_027;BTH;;13.22;2.19;35.24;65.91;213.0;97.84;136.53;0.14;0.0;0;127.0;0;-36.22;0.08;0.06;2.19;13.22
2027;196;296;beauce_5_sa_027;solnu;;0.0;0.0;36.79;12.04;0.0;136.53;185.17;0.18;0.01;0;0;0;-164.15;0.15;0.03;0.0;0.0
2027;297;365;beauce_5_sa_027;BTH;;9.68;0.0;9.14;-77.5;6.95;185.67;100.15;0.02;0.0;0;4.09;0;24.07;0.02;0.0;0.0;9.68
2027;1;172;beauce_5_sa_028;BTH;;14.6;2.14;31.04;47.45;201.86;114.3;135.23;0.14;0.0;0;120.02;0;67.34;0.09;0.05;2.14;14.6
2027;173;309;beauce_5_sa_028;solnu;;0.03;0.0;45.69;-76.28;0.0;135.23;104.79;0.16;0.01;0;0;0;-102.58;0.13;0.03;0.0;0.03
2027;310;365;beauce_5_sa_028;BTH;;11.64;0.0;7.53;5.06;3.0;103.76;102.7;0.03;0.0;0;1.77;0;65.15;0.02;0.01;0.0;11.64
2027;1;226;beauce_5_sa_029;BTH;;0.49;0.0;54.51;19.31;40.38;2.56;35.46;0.05;0.0;0;23.76;0;-226.6;0.0;0.04;0.0;0.49
2027;227;283;beauce_5_sa_029;solnu;;0.06;0.0;22.36;-56.73;0.0;35.46;1.03;0.0;0.0;0;0;0;-106.21;0.0;0.0;0.0;0.06
2027;284;365;beauce_5_sa_029;BTH;;0.23;0.0;11.46;-8.09;1.3;1.03;2.87;0.0;0.0;0;0.77;0;20.49;0.0;0.0;0.0;0.23
2027;1;204;beauce_5_sa_030;BTH;;0.52;0.0;42.7;21.71;42.84;2.62;23.64;0.04;0.0;0;25.21;0;-154.89;0.0;0.04;0.0;0.52
2027;205;269;beauce_5_sa_030;solnu;;0.06;0.0;30.86;-53.38;0.0;23.64;1.05;0.01;0.0;0;0;0;-180.25;0.0;0.01;0.0;0.06
2027;270;365;beauce_5_sa_030;BTH;;0.23;0.0;14.93;-7.34;4.44;1.05;3.96;0.01;0.0;0;2.61;0;10.85;0.0;0.01;0.0;0.23
2027;1;174;beauce_5_sa_031;BTH;;47.93;3.02;31.38;41.63;197.59;378.76;431.19;0.17;0.0;0;120.36;0;32.2;0.13;0.04;3.02;47.93
2027;175;295;beauce_5_sa_031;solnu;;0.03;0.0;45.55;-86.1;0.0;431.19;391.12;0.19;0.01;0;0;0;-60.98;0.17;0.02;0.0;0.03
2027;296;365;beauce_5_sa_031;BTH;;39.02;0.0;10.34;17.55;7.81;391.55;372.04;0.13;0.0;0;4.6;0;80.44;0.11;0.02;0.0;39.02
2027;1;192;beauce_5_sa_032;BTH;;10.14;1.07;35.42;27.96;110.48;51.64;72.68;0.05;0.0;0;65.01;0;3.21;0.0;0.04;1.07;10.14
2027;193;299;beauce_5_sa_032;solnu;;3.71;0.0;43.14;7.61;0.0;72.68;119.71;0.16;0.01;0;0;0;-199.95;0.13;0.03;0.0;3.71
2027;300;365;beauce_5_sa_032;BTH;;7.98;0.0;8.22;-63.81;0.0;120.22;56.12;0.01;0.0;0;0.0;0;3.9;0.01;0.0;0.0;7.98
2027;1;182;beauce_5_sa_033;BTH;;2.57;0.57;32.95;30.37;67.67;13.16;48.74;0.04;0.0;0;39.82;0;-2.52;0.0;0.04;0.57;2.57
2027;183;276;beauce_5_sa_033;solnu;;0.39;0.0;46.26;-46.34;0.0;48.74;48.2;0.07;0.0;0;0;0;-219.93;0.05;0.03;0.0;0.39
2027;277;365;beauce_5_sa_033;BTH;;4.89;0.0;14.54;-14.34;14.72;44.38;28.76;0.02;0.0;0;8.66;0;27.36;0.01;0.01;0.0;4.89
2027;1;189;beauce_5_sa_034;BTH;;7.41;0.44;31.85;39.76;174.01;26.21;28.54;0.15;0.0;0;102.39;0;-57.67;0.11;0.05;0.44;7.41
2027;190;283;beauce_5_sa_034;solnu;;0.0;0.0;39.77;10.62;0.0;28.54;78.86;0.07;0.0;0;0;0;-198.18;0.04;0.03;0.0;0.0
2027;284;365;beauce_5_sa_034;BTH;;6.1;1.06;11.57;-52.48;0.0;79.27;33.21;0.03;0.01;0;0.0;0;-42.08;0.03;0.0;1.06;6.1
2027;1;185;beauce_5_sa_035;BTH;;0.56;0.31;32.75;15.28;63.5;2.69;9.62;0.04;0.0;0;37.36;0;-19.75;0.01;0.03;0.31;0.56
2027;186;267;beauce_5_sa_035;solnu;;0.05;0.0;42.66;-51.71;0.0;9.62;1.32;0.02;0.0;0;0;0;-211.99;0.0;0.02;0.0;0.05
2027;268;365;beauce_5_sa_035;BTH;;0.25;0.0;16.13;-10.95;2.91;1.16;3.34;0.0;0.0;0;1.71;0;23.23;0.0;0.0;0.0;0.25
2027;1;198;beauce_5_sa_036;BTH;;6.61;0.79;48.95;38.86;166.21;37.87;89.89;0.24;0.0;0;102.93;0;-93.31;0.18;0.05;0.79;6.61
2027;199;263;beauce_5_sa_036;solnu;;0.0;0.0;41.07;-104.96;0.0;89.89;25.98;0.02;0.0;0;0;0;-3.26;0.02;0.0;0.0;0.0
2027;264;365;beauce_5_sa_036;BTH;;4.88;1.04;19.9;26.07;35.61;26.36;31.41;0.04;0.01;0;20.96;0;76.43;0.02;0.03;1.04;4.88
2027;1;217;beauce_5_sa_037;BTH;;2.87;0.0;48.28;8.19;41.4;14.77;26.94;0.03;0.0;0;24.36;0;-152.15;0.0;0.03;0.0;2.87
2027;218;296;beauce_5_sa_037;solnu;;1.59;0.0;30.46;-12.75;0.0;26.94;42.98;0.08;0.01;0;0;0;-182.51;0.06;0.01;0.0;1.59
2027;297;365;beauce_5_sa_037;BTH;;2.66;0.0;8.22;-30.73;0.0;43.33;18.64;0.0;0.0;0;0.0;0;-31.16;0.0;0.0;0.0;2.66
2027;1;213;beauce_5_sa_038;BTH;;17.36;1.99;57.76;48.1;145.62;129.15;220.58;0.26;0.0;0;115.04;0;-167.66;0.2;0.06;1.99;17.36
2027;214;267;beauce_5_sa_038;solnu;;0.04;0.0;29.65;-103.4;0.0;220.58;126.11;0.06;0.0;0;0;0;-129.72;0.05;0.01;0.0;0.04
2027;268;365;beauce_5_sa_038;BTH;;17.75;0.0;17.79;23.57;49.02;126.04;100.55;0.13;0.01;0;28.85;0;118.8;0.1;0.02;0.0;17.75
2027;1;230;beauce_5_sa_039;BTH;;3.89;1.35;65.5;55.74;143.86;28.35;102.61;0.19;0.0;0;91.55;0;-210.33;0.11;0.07;1.35;3.89
2027;231;275;beauce_5_sa_039;solnu;;0.0;0.0;20.67;-105.14;0.0;102.61;18.13;0.0;0.0;0;0;0;-53.15;0.0;0.0;0.0;0.0
2027;276;365;beauce_5_sa_039;BTH;;3.74;0.0;15.07;0.48;6.59;18.12;23.33;0.02;0.0;0;3.88;0;105.82;0.01;0.01;0.0;3.74
2027;1;198;beauce_5_sa_040;BTH;;7.64;1.31;46.69;39.07;84.56;52.83;144.1;0.09;0.0;0;79.78;0;-148.64;0.04;0.05;1.31;7.64
2027;199;261;beauce_5_sa_040;solnu;;0.0;0.0;38.2;-95.97;0.0;144.1;86.28;0.05;0.0;0;0;0;-43.84;0.02;0.02;0.0;0.0
2027;262;365;beauce_5_sa_040;BTH;;11.12;0.0;19.2;27.8;59.6;86.71;62.4;0.15;0.01;0;35.07;0;24.66;0.12;0.03;0.0;11.12
2027;1;173;beauce_5_sa_041;BTH;;51.63;3.25;28.17;60.96;209.05;437.75;508.04;0.24;0.0;0;131.9;0;-21.3;0.19;0.05;3.25;51.63
2027;174;290;beauce_5_sa_041;solnu;;0.0;0.0;37.62;17.5;0.0;508.04;563.72;0.21;0.01;0;0;0;-151.3;0.17;0.03;0.0;0.0
2027;291;365;beauce_5_sa_041;BTH;;48.97;0.0;10.84;-73.03;16.32;564.34;436.13;0.11;0.0;0;9.6;0;24.34;0.1;0.01;0.0;48.97
2027;1;200;beauce_5_sa_042;BTH;;2.19;0.76;40.58;17.22;105.65;8.09;15.13;0.06;0.0;0;62.17;0;-9.37;0.02;0.04;0.76;2.19
2027;201;296;beauce_5_sa_042;solnu;;1.08;0.0;39.64;-45.71;0.0;15.13;11.63;0.04;0.0;0;0;0;-206.2;0.02;0.02;0.0;1.08
2027;297;365;beauce_5_sa_042;BTH;;1.42;0.0;8.62;-9.85;0.0;11.43;9.98;0.0;0.0;0;0.0;0;10.86;0.0;0.0;0.0;1.42
2027;1;228;beauce_5_sa_043;BTH;;1.25;0.0;54.41;22.5;40.86;6.33;41.09;0.05;0.0;0;24.93;0;-209.87;0.0;0.05;0.0;1.25
2027;229;283;beauce_5_sa_043;solnu;;0.26;0.0;20.8;-15.51;0.0;41.09;46.08;0.04;0.0;0;0;0;-129.37;0.03;0.01;0.0;0.26
2027;284;365;beauce_5_sa_043;BTH;;3.46;0.0;11.23;-38.08;0.0;46.27;15.74;0.02;0.01;0;0.0;0;-21.3;0.02;0.0;0.0;3.46
2027;1;189;beauce_5_sa_044;BTH;;5.38;1.41;34.18;53.94;158.74;40.67;68.76;0.11;0.0;0;95.35;0;-41.04;0.06;0.05;1.41;5.38
2027;190;301;beauce_5_sa_044;solnu;;0.01;0.0;42.44;-85.65;0.0;68.76;25.6;0.06;0.0;0;0;0;-151.91;0.04;0.02;0.0;0.01
2027;302;365;beauce_5_sa_044;BTH;;3.25;0.0;8.26;3.67;4.45;25.69;29.8;0.01;0.0;0;2.62;0;44.67;0.0;0.01;0.0;3.25
2027;1;181;beauce_5_sa_045;BTH;;2.33;0.86;32.1;6.69;98.35;7.46;9.97;0.05;0.0;0;57.87;0;59.59;0.02;0.02;0.86;2.33
2027;182;303;beauce_5_sa_045;solnu;;1.67;0.0;50.25;-40.31;0.0;9.97;19.46;0.08;0.0;0;0;0;-195.8;0.05;0.03;0.0;1.67
2027;304;365;beauce_5_sa_045;BTH;;2.31;0.0;7.71;-9.15;0.0;19.35;17.14;0.0;0.0;0;0.0;0;1.91;0.0;0.0;0.0;2.31
2027;1;206;beauce_5_sa_046;BTH;;5.99;0.96;45.97;21.49;112.88;17.56;37.58;0.11;0.0;0;66.43;0;15.23;0.06;0.04;0.96;5.99
2027;207;284;beauce_5_sa_046;solnu;;0.2;0.0;35.88;-7.67;0.0;37.58;65.51;0.07;0.0;0;0;0;-183.93;0.05;0.02;0.0;0.2
2027;285;365;beauce_5_sa_046;BTH;;6.23;0.0;12.03;-48.53;0.0;65.82;28.14;0.02;0.01;0;0.0;0;-54.16;0.02;0.0;0.0;6.23
2027;1;172;beauce_5_sa_047;BTH;;2.19;0.0;26.7;9.75;39.24;11.2;6.21;0.02;0.0;0;23.09;0;-78.7;0.0;0.02;0.0;2.19
2027;173;289;beauce_5_sa_047;solnu;;1.62;0.0;45.69;0.61;0.0;6.21;50.79;0.1;0.01;0;0;0;-259.34;0.07;0.03;0.0;1.62
2027;290;365;beauce_5_sa_047;BTH;;3.07;0.0;9.95;-34.77;1.5;51.17;21.54;0.01;0.0;0;0.88;0;-39.11;0.0;0.0;0.0;3.07
2027;1;203;beauce_5_sa_048;BTH;;21.75;2.06;45.89;65.77;161.72;155.78;237.71;0.2;0.0;0;128.21;0;-165.44;0.14;0.07;2.06;21.75
2027;204;262;beauce_5_sa_048;solnu;;0.0;0.0;31.76;-2.59;0.0;237.71;266.81;0.07;0.0;0;0;0;-204.83;0.05;0.02;0.0;0.0
2027;263;365;beauce_5_sa_048;BTH;;25.94;0.0;17.08;-61.43;58.14;267.15;138.17;0.2;0.01;0;34.21;0;28.91;0.18;0.02;0.0;25.94
2027;1;176;beauce_5_sa_049;BTH;;1.45;1.12;30.99;9.86;124.59;7.45;6.17;0.08;0.0;0;73.31;0;83.49;0.05;0.03;1.12;1.45
2027;177;275;beauce_5_sa_049;solnu;;0.0;0.0;43.87;-46.72;0.0;6.17;5.79;0.02;0.0;0;0;0;-171.09;0.0;0.02;0.0;0.0
2027;276;365;beauce_5_sa_049;BTH;;0.88;0.0;15.27;-16.25;0.0;5.59;4.57;0.0;0.0;0;0.0;0;72.75;0.0;0.0;0.0;0.88
2027;1;201;beauce_5_sa_050;BTH;;0.84;0.0;40.66;26.89;56.22;4.46;14.9;0.04;0.0;0;34.45;0;-105.85;0.0;0.04;0.0;0.84
2027;202;291;beauce_5_sa_050;solnu;;1.2;0.0;37.65;-26.69;0.0;14.9;24.57;0.08;0.01;0;0;0;-229.54;0.06;0.02;0.0;1.2
2027;292;365;beauce_5_sa_050;BTH;;2.42;0.15;9.73;-26.77;1.69;23.27;17.21;0.0;0.0;0;1.0;0;-53.37;0.0;0.0;0.15;2.42
2027;1;221;beauce_5_sa_051;BTH;;9.39;2.13;56.62;29.7;206.81;36.36;65.85;0.19;0.0;0;121.7;0;9.2;0.14;0.05;2.13;9.39
2027;222;295;beauce_5_sa_051;solnu;;0.0;0.0;32.6;-52.12;0.0;65.85;46.35;0.06;0.0;0;0;0;-105.44;0.04;0.01;0.0;0.0
2027;296;365;beauce_5_sa_051;BTH;;5.75;0.0;10.01;-10.32;0.0;46.16;40.28;0.0;0.0;0;0.0;0;62.64;0.0;0.0;0.0;5.75
2027;1;212;beauce_5_sa_052;BTH;;5.99;2.0;47.84;56.21;200.28;31.38;78.64;0.13;0.0;0;117.85;0;11.81;0.07;0.06;2.0;5.99
2027;213;308;beauce_5_sa_052;solnu;;0.0;0.0;40.79;-69.2;0.0;78.64;50.11;0.12;0.01;0;0;0;-111.65;0.09;0.02;0.0;0.0
2027;309;365;beauce_5_sa_052;BTH;;5.77;0.0;7.55;-7.64;0.0;50.15;44.26;0.0;0.0;0;0.0;0;56.91;0.0;0.0;0.0;5.77
2027;1;195;beauce_5_sa_053;BTH;;20.21;2.35;39.31;51.25;211.78;166.5;201.14;0.17;0.0;0;126.74;0;52.06;0.12;0.05;2.35;20.21
2027;196;300;beauce_5_sa_053;solnu;;0.0;0.0;39.88;-77.09;0.0;201.14;163.74;0.17;0.01;0;0;0;-102.5;0.15;0.02;0.0;0.0
2027;301;365;beauce_5_sa_053;BTH;;12.88;0.0;9.21;-0.56;4.82;163.09;154.63;0.06;0.0;0;2.83;0;86.74;0.05;0.01;0.0;12.88
2027;1;177;beauce_5_sa_054;BTH;;0.24;0.0;28.58;18.32;42.25;1.31;5.7;0.03;0.0;0;24.86;0;-76.81;0.0;0.03;0.0;0.24
2027;178;262;beauce_5_sa_054;solnu;;0.0;0.0;41.11;-47.95;0.0;5.7;0.58;0.01;0.0;0;0;0;-244.43;0.0;0.01;0.0;0.0
2027;263;365;beauce_5_sa_054;BTH;;0.22;0.0;16.34;3.07;12.92;0.61;6.84;0.02;0.0;0;7.6;0;-4.36;0.0;0.01;0.0;0.22
2027;1;175;beauce_5_sa_055;BTH;;17.35;1.92;32.13;45.06;163.79;118.1;156.49;0.13;0.0;0;98.5;0;71.07;0.08;0.05;1.92;17.35
2027;176;300;beauce_5_sa_055;solnu;;0.76;0.0;47.73;-75.73;0.0;156.49;127.82;0.17;0.01;0;0;0;-133.5;0.14;0.03;0.0;0.76
2027;301;365;beauce_5_sa_055;BTH;;13.51;0.0;9.16;-5.25;4.82;126.94;113.36;0.04;0.0;0;2.83;0;78.54;0.03;0.01;0.0;13.51
2027;1;212;beauce_5_sa_056;BTH;;10.81;0.92;42.52;29.71;106.57;56.17;80.14;0.05;0.0;0;62.71;0;-95.36;0.01;0.04;0.92;10.81
2027;213;311;beauce_5_sa_056;solnu;;3.46;0.0;34.99;7.59;0.0;80.14;119.09;0.17;0.01;0;0;0;-164.38;0.15;0.03;0.0;3.46
2027;312;365;beauce_5_sa_056;BTH;;7.42;0.0;5.74;-57.98;0.0;119.41;59.55;0.0;0.0;0;0.0;0;-11.63;0.0;0.0;0.0;7.42
2027;1;201;beauce_5_sa_057;BTH;;2.78;0.0;39.01;5.5;43.76;14.39;12.32;0.03;0.0;0;25.75;0;-130.83;0.0;0.03;0.0;2.78
2027;202;310;beauce_5_sa_057;solnu;;1.67;0.0;39.34;-5.52;0.0;12.32;44.37;0.09;0.01;0;0;0;-217.85;0.07;0.02;0.0;1.67
2027;311;365;beauce_5_sa_057;BTH;;2.33;0.0;5.79;-29.91;0.0;44.52;18.68;0.0;0.0;0;0.0;0;-32.55;0.0;0.0;0.0;2.33
2027;1;176;beauce_5_sa_058;BTH;;33.79;2.09;32.55;44.74;185.79;248.34;327.43;0.27;0.0;0;137.92;0;17.15;0.22;0.05;2.09;33.79
2027;177;268;beauce_5_sa_058;solnu;;0.0;0.0;44.08;5.86;0.0;327.43;377.3;0.08;0.0;0;0;0;-172.66;0.05;0.03;0.0;0.0
2027;269;365;beauce_5_sa_058;BTH;;29.74;0.87;18.35;-68.27;49.07;377.72;313.2;0.2;0.01;0;28.88;0;91.27;0.19;0.01;0.87;29.74
2027;1;203;beauce_5_sa_059;BTH;;0.3;0.19;42.07;17.3;64.4;1.47;10.21;0.04;0.0;0;37.9;0;-94.04;0.0;0.04;0.19;0.3
2027;204;304;beauce_5_sa_059;solnu;;0.65;0.0;38.93;-44.68;0.0;10.21;5.82;0.04;0.0;0;0;0;-240.77;0.02;0.02;0.0;0.65
2027;305;365;beauce_5_sa_059;BTH;;0.68;0.0;6.88;-7.01;0.0;5.77;5.11;0.0;0.0;0;0.0;0;5.08;0.0;0.0;0.0;0.68
2027;1;202;beauce_5_sa_060;BTH;;8.75;1.38;41.82;32.42;192.25;73.28;49.54;0.1;0.0;0;113.69;0;54.54;0.05;0.05;1.38;8.75
2027;203;311;beauce_5_sa_060;solnu;;0.4;0.0;39.67;-41.18;0.0;49.54;47.57;0.12;0.01;0;0;0;-127.2;0.09;0.02;0.0;0.4
2027;312;365;beauce_5_sa_060;BTH;;5.32;0.47;6.79;-15.74;1.64;47.5;67.2;0.01;0.0;0;0.96;0;24.84;0.01;0.0;0.47;5.32
2027;1;179;beauce_5_sa_061;BTH;;2.22;1.21;32.72;29.77;114.16;11.69;47.2;0.07;0.0;0;67.18;0;67.52;0.04;0.04;1.21;2.22
2027;180;297;beauce_5_sa_061;solnu;;0.34;0.0;46.95;-83.2;0.0;47.2;10.59;0.04;0.0;0;0;0;-88.51;0.02;0.02;0.0;0.34
2027;298;365;beauce_5_sa_061;BTH;;1.35;0.0;9.61;-4.17;1.99;10.58;12.68;0.0;0.0;0;1.17;0;61.66;0.0;0.0;0.0;1.35
2027;1;200;beauce_5_sa_062;BTH;;4.58;0.45;40.15;39.93;124.0;41.99;26.75;0.09;0.0;0;74.46;0;-28.64;0.04;0.05;0.45;4.58
2027;201;287;beauce_5_sa_062;solnu;;0.72;0.0;37.66;-1.51;0.0;26.75;62.1;0.08;0.0;0;0;0;-194.94;0.06;0.02;0.0;0.72
2027;288;365;beauce_5_sa_062;BTH;;5.64;0.57;10.92;-60.4;3.69;61.43;49.92;0.05;0.01;0;2.17;0;-75.55;0.05;0.0;0.57;5.64
2027;1;222;beauce_5_sa_063;BTH;;7.68;0.86;55.92;79.69;140.06;48.66;130.95;0.22;0.0;0;99.19;0;-256.49;0.14;0.08;0.86;7.68
2027;223;267;beauce_5_sa_063;solnu;;0.41;0.0;19.61;-10.71;0.0;130.95;139.37;0.07;0.0;0;0;0;-136.59;0.06;0.01;0.0;0.41
2027;268;365;beauce_5_sa_063;BTH;;12.05;0.41;15.14;-84.57;10.13;139.74;78.13;0.02;0.0;0;5.96;0;19.4;0.02;0.0;0.41;12.05
2027;1;185;beauce_5_sa_064;BTH;;1.29;0.93;34.24;24.51;105.39;6.62;27.28;0.05;0.0;0;62.02;0;30.52;0.02;0.04;0.93;1.29
2027;186;287;beauce_5_sa_064;solnu;;0.39;0.0;46.34;-63.04;0.0;27.28;10.17;0.05;0.0;0;0;0;-163.33;0.03;0.02;0.0;0.39
2027;288;365;beauce_5_sa_064;BTH;;1.64;0.0;12.05;-11.94;0.0;9.87;8.63;0.0;0.0;0;0.0;0;52.41;0.0;0.0;0.0;1.64
2027;1;203;beauce_5_sa_065;BTH;;4.67;1.44;44.73;24.51;151.62;11.93;32.41;0.13;0.0;0;89.22;0;28.6;0.09;0.04;1.44;4.67
2027;204;287;beauce_5_sa_065;solnu;;0.0;0.0;39.99;-55.08;0.0;32.41;20.43;0.04;0.0;0;0;0;-174.69;0.02;0.02;0.0;0.0
2027;288;365;beauce_5_sa_065;BTH;;2.78;0.0;11.92;-12.21;0.0;20.15;17.72;0.0;0.0;0;0.0;0;61.59;0.0;0.0;0.0;2.78
2027;1;170;beauce_5_sa_066;BTH;;4.07;0.0;26.09;0.82;31.7;21.05;12.16;0.02;0.0;0;18.66;0;-66.91;0.0;0.02;0.0;4.07
2027;171;304;beauce_5_sa_066;solnu;;2.35;0.0;48.91;2.74;0.0;12.16;61.34;0.12;0.01;0;0;0;-262.43;0.08;0.03;0.0;2.35
2027;305;365;beauce_5_sa_066;BTH;;3.69;0.0;6.61;-36.7;0.0;61.54;27.54;0.01;0.0;0;0.0;0;-24.46;0.01;0.0;0.0;3.69
2027;1;177;beauce_5_sa_067;BTH;;1.45;0.81;32.52;25.01;91.97;7.23;31.76;0.06;0.0;0;54.12;0;7.58;0.03;0.03;0.81;1.45
2027;178;263;beauce_5_sa_067;solnu;;0.0;0.0;47.71;-76.65;0.0;31.76;2.96;0.01;0.0;0;0;0;-104.78;0.0;0.01;0.0;0.0
2027;264;365;beauce_5_sa_067;BTH;;0.84;0.0;18.76;7.18;14.72;2.95;13.31;0.03;0.0;0;8.66;0;58.62;0.01;0.02;0.0;0.84
2027;1;216;beauce_5_sa_068;BTH;;1.01;0.0;48.75;22.43;40.19;5.07;35.0;0.05;0.0;0;25.41;0;-174.03;0.0;0.04;0.0;1.01
2027;217;270;beauce_5_sa_068;solnu;;0.25;0.0;24.28;-14.57;0.0;35.0;44.41;0.04;0.0;0;0;0;-155.06;0.03;0.01;0.0;0.25
2027;271;365;beauce_5_sa_068;BTH;;2.3;0.0;14.59;-45.85;1.5;44.8;9.35;0.0;0.0;0;0.88;0;-23.49;0.0;0.0;0.0;2.3
2027;1;199;beauce_5_sa_069;BTH;;42.66;2.95;45.29;46.2;191.79;320.52;398.02;0.19;0.0;0;135.11;0;-76.62;0.13;0.05;2.95;42.66
2027;200;274;beauce_5_sa_069;solnu;;0.0;0.0;41.0;-89.61;0.0;398.02;349.28;0.13;0.0;0;0;0;-173.25;0.11;0.02;0.0;0.0
2027;275;365;beauce_5_sa_069;BTH;;35.57;0.0;15.95;22.57;40.03;349.33;311.95;0.24;0.01;0;23.56;0;100.63;0.21;0.02;0.0;35.57
2027;1;175;beauce_5_sa_070;BTH;;16.24;1.7;30.79;20.63;148.54;72.8;85.08;0.1;0.0;0;87.41;0;68.36;0.06;0.04;1.7;16.24
2027;176;309;beauce_5_sa_070;solnu;;5.56;0.0;51.35;17.91;0.0;85.08;148.86;0.18;0.01;0;0;0;-195.01;0.14;0.04;0.0;5.56
2027;310;365;beauce_5_sa_070;BTH;;10.52;0.0;6.96;-66.73;0.0;148.46;78.57;0.01;0.0;0;0.0;0;23.26;0.01;0.0;0.0;10.52
2027;1;219;beauce_5_sa_071;BTH;;0.41;0.0;48.34;16.89;45.03;2.11;21.86;0.04;0.0;0;26.5;0;-170.71;0.0;0.04;0.0;0.41
2027;220;306;beauce_5_sa_071;solnu;;0.75;0.0;30.77;-45.91;0.0;21.86;6.32;0.03;0.0;0;0;0;-176.47;0.02;0.01;0.0;0.75
2027;307;365;beauce_5_sa_071;BTH;;0.74;0.0;6.26;-6.28;0.0;6.32;5.56;0.0;0.0;0;0.0;0;-1.31;0.0;0.0;0.0;0.74
2027;1;175;beauce_5_sa_072;BTH;;4.58;1.34;32.13;30.76;125.5;16.82;48.33;0.09;0.0;0;73.85;0;50.6;0.05;0.04;1.34;4.58
2027;176;291;beauce_5_sa_072;solnu;;1.44;0.0;50.15;-78.66;0.0;48.33;18.42;0.04;0.0;0;0;0;-132.97;0.02;0.03;0.0;1.44
2027;292;365;beauce_5_sa_072;BTH;;2.3;0.0;11.51;-8.63;0.74;18.42;18.25;0.0;0.0;0;0.44;0;66.58;0.0;0.0;0.0;2.3
2027;1;173;beauce_5_sa_073;BTH;;0.14;0.0;27.94;15.28;40.06;0.72;3.72;0.03;0.0;0;23.57;0;-59.51;0.0;0.03;0.0;0.14
2027;174;262;beauce_5_sa_073;solnu;;0.0;0.0;43.23;-48.32;0.0;3.72;0.31;0.01;0.0;0;0;0;-243.58;0.0;0.01;0.0;0.0
2027;263;365;beauce_5_sa_073;BTH;;0.14;0.0;16.8;0.82;11.93;0.32;5.84;0.01;0.0;0;7.02;0;4.21;0.0;0.01;0.0;0.14
2027;1;191;beauce_5_sa_074;BTH;;8.58;0.86;35.43;5.74;85.75;44.43;54.21;0.03;0.0;0;50.46;0;47.62;0.0;0.03;0.86;8.58
2027;192;308;beauce_5_sa_074;solnu;;3.44;0.0;46.14;7.69;0.0;54.21;104.61;0.16;0.01;0;0;0;-166.35;0.13;0.03;0.0;3.44
2027;309;365;beauce_5_sa_074;BTH;;6.55;0.0;6.76;-56.06;0.0;104.85;48.86;0.01;0.0;0;0.0;0;3.1;0.01;0.0;0.0;6.55
2027;1;206;beauce_5_sa_075;BTH;;2.47;0.0;42.32;6.66;42.69;12.78;16.58;0.03;0.0;0;25.12;0;-123.19;0.0;0.03;0.0;2.47
2027;207;316;beauce_5_sa_075;solnu;;1.61;0.0;37.75;-34.81;0.0;16.58;18.72;0.08;0.01;0;0;0;-232.13;0.06;0.02;0.0;1.61
2027;317;365;beauce_5_sa_075;BTH;;2.08;0.0;5.04;-5.55;0.0;18.72;16.71;0.0;0.0;0;0.0;0;-18.15;0.0;0.0;0.0;2.08
2027;1;170;beauce_5_sa_076;BTH;;1.02;0.0;26.99;11.02;37.41;5.16;3.32;0.02;0.0;0;22.02;0;-60.25;0.0;0.02;0.0;1.02
2027;171;304;beauce_5_sa_076;solnu;;1.4;0.0;50.71;-33.17;0.0;3.32;19.4;0.09;0.01;0;0;0;-271.39;0.06;0.03;0.0;1.4
2027;305;365;beauce_5_sa_076;BTH;;2.3;0.0;6.84;-6.85;0.0;19.4;17.1;0.0;0.0;0;0.0;0;-9.67;0.0;0.0;0.0;2.3
2027;1;223;beauce_5_sa_077;BTH;;5.62;0.14;48.3;43.16;84.57;30.66;42.05;0.06;0.0;0;50.99;0;-175.64;0.0;0.06;0.14;5.62
2027;224;309;beauce_5_sa_077;solnu;;2.03;0.0;28.16;-5.23;0.0;42.05;62.83;0.1;0.01;0;0;0;-163.3;0.09;0.02;0.0;2.03
2027;310;365;beauce_5_sa_077;BTH;;4.17;0.39;5.82;-60.72;1.92;62.82;33.19;0.01;0.0;0;1.13;0;-39.96;0.01;0.0;0.39;4.17
2027;1;229;beauce_5_sa_078;BTH;;28.75;2.4;69.17;62.26;168.6;210.69;324.42;0.33;0.01;0;129.63;0;-193.74;0.26;0.08;2.4;28.75
2027;230;266;beauce_5_sa_078;solnu;;0.0;0.0;18.61;-13.62;0.0;324.42;329.34;0.07;0.0;0;0;0;-129.5;0.07;0.01;0.0;0.0
2027;267;365;beauce_5_sa_078;BTH;;40.48;0.0;17.73;-72.92;52.05;329.74;181.49;0.12;0.01;0;30.63;0;113.3;0.11;0.01;0.0;40.48
2027;1;203;beauce_5_sa_079;BTH;;4.28;1.24;48.19;39.83;132.2;16.8;60.95;0.15;0.0;0;77.79;0;-11.87;0.1;0.05;1.24;4.28
2027;204;269;beauce_5_sa_079;solnu;;0.0;0.0;36.07;-58.78;0.0;60.95;38.18;0.07;0.0;0;0;0;-193.18;0.05;0.02;0.0;0.0
2027;270;365;beauce_5_sa_079;BTH;;4.87;0.0;16.75;-30.32;0.0;33.97;19.74;0.0;0.0;0;0.0;0;79.18;0.0;0.0;0.0;4.87
2027;1;208;beauce_5_sa_080;BTH;;0.68;0.0;44.59;20.1;43.03;3.46;24.4;0.04;0.0;0;25.32;0;-147.56;0.0;0.04;0.0;0.68
2027;209;281;beauce_5_sa_080;solnu;;0.19;0.0;31.45;-26.59;0.0;24.4;29.02;0.05;0.0;0;0;0;-195.89;0.03;0.01;0.0;0.19
2027;282;365;beauce_5_sa_080;BTH;;2.04;0.0;11.89;-30.49;0.0;25.76;8.38;0.0;0.0;0;0.0;0;-14.5;0.0;0.0;0.0;2.04
2027;1;211;beauce_5_sa_081;BTH;;2.91;0.0;44.21;9.11;42.14;15.03;23.27;0.03;0.0;0;24.8;0;-149.67;0.0;0.03;0.0;2.91
2027;212;300;beauce_5_sa_081;solnu;;1.59;0.0;33.36;-9.4;0.0;23.27;45.55;0.08;0.01;0;0;0;-199.54;0.06;0.02;0.0;1.59
2027;301;365;beauce_5_sa_081;BTH;;2.79;0.0;7.28;-31.08;0.0;45.74;19.65;0.0;0.0;0;0.0;0;-34.3;0.0;0.0;0.0;2.79
2027;1;200;beauce_5_sa_082;BTH;;4.75;2.34;42.63;40.98;212.3;28.01;69.89;0.14;0.0;0;124.92;0;111.22;0.09;0.05;2.34;4.75
2027;201;304;beauce_5_sa_082;solnu;;0.0;0.0;39.66;-84.69;0.0;69.89;24.84;0.03;0.0;0;0;0;-21.62;0.01;0.01;0.0;0.0
2027;305;365;beauce_5_sa_082;BTH;;2.23;0.0;8.76;-2.54;2.37;24.83;26.45;0.0;0.0;0;1.39;0;82.84;0.0;0.0;0.0;2.23
2027;1;194;beauce_5_sa_083;BTH;;0.86;0.0;35.16;15.87;42.92;4.36;11.59;0.03;0.0;0;25.25;0;-117.22;0.0;0.03;0.0;0.86
2027;195;285;beauce_5_sa_083;solnu;;0.25;0.0;39.16;-4.51;0.0;11.59;45.93;0.06;0.0;0;0;0;-231.59;0.04;0.02;0.0;0.25
2027;286;365;beauce_5_sa_083;BTH;;3.58;0.0;10.87;-35.86;0.0;46.36;17.61;0.03;0.01;0;0.0;0;-42.17;0.03;0.0;0.0;3.58
2027;1;205;beauce_5_sa_084;BTH;;40.73;2.9;53.08;53.5;165.49;265.51;382.55;0.31;0.0;0;133.33;0;-110.6;0.25;0.06;2.9;40.73
2027;206;260;beauce_5_sa_084;solnu;;0.0;0.0;33.85;-6.67;0.0;382.55;409.66;0.08;0.0;0;0;0;-206.65;0.06;0.02;0.0;0.0
2027;261;365;beauce_5_sa_084;BTH;;52.96;0.0;19.48;-67.42;61.26;410.05;247.28;0.22;0.01;0;36.05;0;99.15;0.2;0.02;0.0;52.96
2027;1;224;beauce_5_sa_085;BTH;;5.15;1.0;55.92;81.51;129.74;29.21;106.45;0.2;0.0;0;85.25;0;-238.57;0.11;0.08;1.0;5.15
2027;225;264;beauce_5_sa_085;solnu;;0.0;0.0;17.89;-11.34;0.0;106.45;109.24;0.01;0.0;0;0;0;-127.68;0.0;0.01;0.0;0.0
2027;265;365;beauce_5_sa_085;BTH;;8.75;0.0;15.82;-79.13;6.0;109.44;31.12;0.05;0.0;0;3.53;0;12.6;0.05;0.0;0.0;8.75
2027;1;225;beauce_5_sa_086;BTH;;15.61;1.76;58.41;75.86;151.8;111.04;209.44;0.3;0.0;0;121.35;0;-281.57;0.22;0.08;1.76;15.61
2027;226;263;beauce_5_sa_086;solnu;;0.0;0.0;17.52;-11.85;0.0;209.44;215.1;0.01;0.0;0;0;0;-125.15;0.0;0.01;0.0;0.0
2027;264;365;beauce_5_sa_086;BTH;;23.51;0.0;16.21;-63.96;42.59;215.32;101.13;0.11;0.01;0;25.06;0;33.27;0.09;0.02;0.0;23.51
2027;1;181;beauce_5_sa_087;BTH;;5.72;1.2;32.2;11.56;123.69;16.79;20.64;0.09;0.0;0;72.79;0;80.78;0.06;0.03;1.2;5.72
2027;182;300;beauce_5_sa_087;solnu;;1.87;0.0;48.39;-47.07;0.0;20.64;22.77;0.05;0.0;0;0;0;-177.52;0.02;0.02;0.0;1.87
2027;301;365;beauce_5_sa_087;BTH;;2.85;0.0;8.41;-9.09;0.0;22.77;19.97;0.0;0.0;0;0.0;0;28.13;0.0;0.0;0.0;2.85
2027;1;213;beauce_5_sa_088;BTH;;39.1;3.01;45.66;47.43;242.4;317.15;354.35;0.17;0.0;0;143.39;0;78.23;0.11;0.06;3.01;39.1
2027;214;314;beauce_5_sa_088;solnu;;0.0;0.0;40.33;5.1;0.0;354.35;399.53;0.25;0.01;0;0;0;-118.75;0.22;0.03;0.0;0.0
2027;315;365;beauce_5_sa_088;BTH;;26.49;0.0;6.57;-77.46;2.15;399.68;299.94;0.05;0.0;0;1.27;0;31.59;0.05;0.0;0.0;26.49
2027;1;220;beauce_5_sa_089;BTH;;9.67;0.0;52.85;25.91;135.44;114.85;48.35;0.14;0.0;0;80.26;0;1.6;0.09;0.05;0.0;9.67
2027;221;316;beauce_5_sa_089;solnu;;3.23;0.0;33.79;-53.94;0.0;48.35;29.22;0.04;0.0;0;0;0;-198.93;0.03;0.01;0.0;3.23
2027;317;365;beauce_5_sa_089;BTH;;4.49;1.25;5.46;-14.4;1.79;29.22;108.58;0.05;0.0;0;1.06;0;20.77;0.05;0.0;1.25;4.49
2027;1;204;beauce_5_sa_090;BTH;;4.75;0.0;43.53;33.41;92.93;46.1;25.28;0.08;0.0;0;56.91;0;-27.57;0.03;0.05;0.0;4.75
2027;205;294;beauce_5_sa_090;solnu;;1.98;0.0;38.06;-33.78;0.0;25.28;28.54;0.09;0.01;0;0;0;-203.27;0.07;0.02;0.0;1.98
2027;295;365;beauce_5_sa_090;BTH;;4.47;0.72;9.05;-29.88;4.17;28.53;58.34;0.04;0.0;0;2.45;0;-63.91;0.04;0.0;0.72;4.47
2027;1;174;beauce_5_sa_091;BTH;;24.73;1.48;30.87;37.58;160.24;159.33;152.5;0.1;0.0;0;95.05;0;88.84;0.06;0.04;1.48;24.73
2027;175;314;beauce_5_sa_091;solnu;;7.53;0.0;51.81;17.62;0.0;152.5;214.63;0.22;0.01;0;0;0;-172.57;0.18;0.04;0.0;7.53
2027;315;365;beauce_5_sa_091;BTH;;15.21;0.52;6.28;-90.17;2.15;214.78;152.32;0.04;0.0;0;1.27;0;18.48;0.04;0.0;0.52;15.21
2027;1;199;beauce_5_sa_092;BTH;;0.26;0.0;39.44;10.49;44.51;1.32;6.45;0.03;0.0;0;26.19;0;-101.94;0.0;0.03;0.0;0.26
2027;200;301;beauce_5_sa_092;solnu;;0.54;0.0;39.26;-40.44;0.0;6.45;5.14;0.04;0.0;0;0;0;-230.29;0.02;0.02;0.0;0.54
2027;302;365;beauce_5_sa_092;BTH;;0.64;0.0;7.36;-7.41;0.0;5.13;4.46;0.0;0.0;0;0.0;0;-4.24;0.0;0.0;0.0;0.64
2027;1;230;beauce_5_sa_093;BTH;;2.37;0.67;58.56;28.34;95.08;12.85;52.04;0.09;0.0;0;55.95;0;-101.78;0.04;0.05;0.67;2.37
2027;231;285;beauce_5_sa_093;solnu;;0.05;0.0;21.15;-47.55;0.0;52.04;25.55;0.05;0.0;0;0;0;-114.81;0.04;0.01;0.0;0.05
2027;286;365;beauce_5_sa_093;BTH;;3.9;0.0;11.35;-17.97;0.0;24.14;16.7;0.0;0.0;0;0.0;0;-2.63;0.0;0.0;0.0;3.9
2027;1;199;beauce_5_sa_094;BTH;;19.54;2.24;42.39;60.26;202.11;166.39;215.07;0.18;0.0;0;135.77;0;-69.29;0.12;0.06;2.24;19.54
2027;200;280;beauce_5_sa_094;solnu;;0.0;0.0;40.84;3.95;0.0;215.07;259.72;0.13;0.0;0;0;0;-195.34;0.1;0.03;0.0;0.0
2027;281;365;beauce_5_sa_094;BTH;;18.1;0.0;13.46;-73.1;29.48;260.09;152.37;0.13;0.01;0;17.35;0;49.25;0.12;0.01;0.0;18.1
2027;1;223;beauce_5_sa_095;BTH;;2.91;0.0;51.42;9.56;42.61;15.05;30.46;0.04;0.0;0;25.08;0;-177.91;0.0;0.04;0.0;2.91
2027;224;301;beauce_5_sa_095;solnu;;1.56;0.0;27.65;-35.86;0.0;30.46;20.61;0.07;0.01;0;0;0;-164.74;0.06;0.01;0.0;1.56
2027;302;365;beauce_5_sa_095;BTH;;2.56;0.0;7.24;-8.89;0.0;20.43;17.9;0.0;0.0;0;0.0;0;-31.62;0.0;0.0;0.0;2.56
2027;1;186;beauce_5_sa_096;BTH;;2.94;0.0;31.15;1.27;36.6;15.21;8.08;0.02;0.0;0;21.53;0;-80.7;0.0;0.02;0.0;2.94
2027;187;311;beauce_5_sa_096;solnu;;1.81;0.0;46.4;-2.67;0.0;8.08;49.89;0.1;0.01;0;0;0;-252.21;0.07;0.03;0.0;1.81
2027;312;365;beauce_5_sa_096;BTH;;2.63;0.0;5.78;-31.94;0.0;50.16;21.1;0.0;0.0;0;0.0;0;-19.18;0.0;0.0;0.0;2.63
2027;1;177;beauce_5_sa_097;BTH;;11.33;0.0;27.92;40.52;112.15;86.47;29.84;0.08;0.0;0;66.9;0;-58.14;0.03;0.04;0.0;11.33
2027;178;312;beauce_5_sa_097;solnu;;4.11;0.0;45.45;19.26;0.0;29.84;90.63;0.14;0.01;0;0;0;-239.72;0.1;0.04;0.0;4.11
2027;313;365;beauce_5_sa_097;BTH;;6.99;0.97;5.62;-75.61;2.37;90.79;84.65;0.05;0.0;0;1.39;0;-27.68;0.05;0.0;0.97;6.99
2027;1;201;beauce_5_sa_098;BTH;;2.62;0.0;40.17;4.53;39.69;13.5;15.85;0.03;0.0;0;23.36;0;-119.0;0.0;0.03;0.0;2.62
2027;202;295;beauce_5_sa_098;solnu;;1.51;0.0;38.11;-8.77;0.0;15.85;43.6;0.08;0.01;0;0;0;-206.8;0.06;0.02;0.0;1.51
2027;296;365;beauce_5_sa_098;BTH;;2.62;0.0;8.51;-31.84;0.0;43.88;18.37;0.0;0.0;0;0.0;0;-30.77;0.0;0.0;0.0;2.62
2027;1;200;beauce_5_sa_099;BTH;;6.35;0.43;48.94;42.64;139.36;29.9;83.14;0.18;0.0;0;83.02;0;-30.64;0.13;0.05;0.43;6.35
2027;201;259;beauce_5_sa_099;solnu;;0.0;0.0;37.77;-101.73;0.0;83.14;19.16;0.03;0.0;0;0;0;-130.39;0.02;0.01;0.0;0.0
2027;260;365;beauce_5_sa_099;BTH;;4.4;1.0;20.23;11.68;16.43;19.16;105.29;0.05;0.0;0;9.67;0;112.27;0.03;0.02;1.0;4.4
2028;1;177;beauce_5_sa_000;BTH;;2.27;1.16;35.88;30.21;120.94;17.43;47.62;0.05;0.01;0;76.26;0;21.15;0.01;0.04;1.16;2.27
2028;178;276;beauce_5_sa_000;solnu;;0.0;0.0;26.77;-5.3;0.0;47.62;69.08;0.01;0.0;0;0;0;-100.52;0.0;0.01;0.0;0.0
2028;277;366;beauce_5_sa_000;BTH;;0.98;0.0;15.77;-72.03;4.5;69.46;7.38;0.01;0.0;0;2.65;0;85.05;0.0;0.0;0.0;0.98
2028;1;182;beauce_5_sa_001;BTH;;4.58;1.04;35.24;50.45;102.85;41.98;98.48;0.12;0.01;0;78.07;0;-117.97;0.07;0.05;1.04;4.58
2028;183;266;beauce_5_sa_001;solnu;;0.0;0.0;25.31;-6.89;0.0;98.48;116.89;0.01;0.0;0;0;0;-146.09;0.0;0.01;0.0;0.0
2028;267;366;beauce_5_sa_001;BTH;;1.94;0.0;16.01;-84.15;25.6;116.96;21.19;0.02;0.0;0;15.07;0;44.43;0.01;0.01;0.0;1.94
2028;1;187;beauce_5_sa_002;BTH;;2.88;0.0;34.03;10.64;46.72;16.55;11.92;0.03;0.0;0;27.49;0;-130.45;0.0;0.03;0.0;2.88
2028;188;288;beauce_5_sa_002;solnu;;0.0;0.0;21.62;-13.82;0.0;11.92;19.7;0.01;0.0;0;0;0;-105.2;0.0;0.01;0.0;0.0
2028;289;366;beauce_5_sa_002;BTH;;1.12;0.0;10.29;-26.14;0.0;19.83;6.48;0.0;0.0;0;0.0;0;-73.54;0.0;0.0;0.0;1.12
2028;1;230;beauce_5_sa_003;BTH;;4.54;0.58;46.08;22.29;92.53;24.62;40.15;0.06;0.0;0;54.45;0;-123.22;0.02;0.04;0.58;4.54
2028;231;304;beauce_5_sa_003;solnu;;0.43;0.0;12.08;-14.17;0.0;40.15;37.61;0.02;0.0;0;0;0;-53.39;0.02;0.0;0.0;0.43
2028;305;366;beauce_5_sa_003;BTH;;2.38;0.0;7.11;-29.04;0.0;37.78;16.58;0.0;0.0;0;0.0;0;-101.57;0.0;0.0;0.0;2.38
2028;1;175;beauce_5_sa_004;BTH;;2.11;1.54;35.84;34.64;154.02;16.0;45.92;0.07;0.01;0;95.04;0;37.33;0.03;0.04;1.54;2.11
2028;176;272;beauce_5_sa_004;solnu;;0.0;0.0;26.83;-4.54;0.0;45.92;68.2;0.01;0.0;0;0;0;-95.01;0.0;0.01;0.0;0.0
2028;273;366;beauce_5_sa_004;BTH;;0.61;0.0;17.23;-73.45;4.5;68.5;6.86;0.0;0.0;0;2.65;0;89.32;0.0;0.0;0.0;0.61
2028;1;181;beauce_5_sa_005;BTH;;3.12;0.0;32.27;22.2;85.89;47.81;12.43;0.07;0.0;0;50.7;0;-55.12;0.03;0.03;0.0;3.12
2028;182;315;beauce_5_sa_005;solnu;;0.22;0.0;27.49;-33.5;0.0;12.43;11.55;0.01;0.0;0;0;0;-215.71;0.0;0.01;0.0;0.22
2028;316;366;beauce_5_sa_005;BTH;;1.42;0.5;5.92;-7.1;0.0;11.55;10.19;0.0;0.0;0;0.0;0;-14.2;0.0;0.0;0.5;1.42
2028;1;186;beauce_5_sa_006;BTH;;6.14;1.2;35.42;11.2;135.73;35.58;29.74;0.08;0.0;0;79.87;0;-6.96;0.05;0.03;1.2;6.14
2028;187;307;beauce_5_sa_006;solnu;;0.0;0.0;25.81;-7.9;0.0;29.74;48.12;0.02;0.0;0;0;0;-72.58;0.01;0.01;0.0;0.0
2028;308;366;beauce_5_sa_006;BTH;;3.88;0.0;7.64;-28.54;0.0;48.36;27.9;0.0;0.0;0;0.0;0;-99.24;0.0;0.0;0.0;3.88
2028;1;203;beauce_5_sa_007;BTH;;16.95;1.86;43.91;57.39;157.43;133.62;202.16;0.08;0.0;0;93.9;0;-34.44;0.02;0.06;1.86;16.95
2028;204;315;beauce_5_sa_007;solnu;;0.0;0.0;23.95;-95.37;0.0;202.16;130.69;0.06;0.0;0;0;0;-53.1;0.05;0.01;0.0;0.0
2028;316;366;beauce_5_sa_007;BTH;;8.42;0.0;6.93;-3.26;3.23;130.18;122.63;0.06;0.0;0;1.9;0;62.65;0.06;0.0;0.0;8.42
2028;1;228;beauce_5_sa_008;BTH;;0.33;0.21;52.12;31.01;67.87;3.59;34.11;0.05;0.0;0;40.02;0;-221.95;0.0;0.05;0.21;0.33
2028;229;275;beauce_5_sa_008;solnu;;0.0;0.0;9.92;-45.59;0.0;34.11;1.07;0.0;0.0;0;0;0;-97.06;0.0;0.0;0.0;0.0
2028;276;366;beauce_5_sa_008;BTH;;0.17;0.0;13.68;-14.6;0.0;1.07;0.97;0.0;0.0;0;0.0;0;21.68;0.0;0.0;0.0;0.17
2028;1;177;beauce_5_sa_009;BTH;;3.46;1.38;35.68;6.02;148.9;24.93;16.77;0.05;0.01;0;87.62;0;134.13;0.02;0.03;1.38;3.46
2028;178;316;beauce_5_sa_009;solnu;;0.0;0.0;27.65;-36.39;0.0;16.77;13.14;0.01;0.0;0;0;0;-111.5;0.0;0.01;0.0;0.0
2028;317;366;beauce_5_sa_009;BTH;;0.23;0.0;7.14;-8.69;0.0;13.14;12.97;0.0;0.0;0;0.0;0;21.62;0.0;0.0;0.0;0.23
2028;1;188;beauce_5_sa_010;BTH;;3.24;0.0;32.21;19.04;54.6;19.23;12.97;0.03;0.0;0;32.13;0;-171.9;0.0;0.03;0.0;3.24
2028;189;289;beauce_5_sa_010;solnu;;0.01;0.0;20.19;-11.33;0.0;12.97;21.82;0.01;0.0;0;0;0;-112.76;0.0;0.01;0.0;0.01
2028;290;366;beauce_5_sa_010;BTH;;1.29;0.0;9.54;-26.33;0.0;21.98;7.47;0.0;0.0;0;0.0;0;-97.49;0.0;0.0;0.0;1.29
2028;1;227;beauce_5_sa_011;BTH;;4.83;0.74;58.34;50.42;102.74;49.49;106.81;0.13;0.01;0;67.15;0;-99.12;0.06;0.07;0.74;4.83
2028;228;262;beauce_5_sa_011;solnu;;0.0;0.0;11.11;-14.12;0.0;106.81;103.8;0.0;0.0;0;0;0;-80.44;0.0;0.0;0.0;0.0
2028;263;366;beauce_5_sa_011;BTH;;2.85;0.32;17.36;-88.96;17.87;103.92;35.75;0.02;0.0;0;10.51;0;91.78;0.01;0.0;0.32;2.85
2028;1;175;beauce_5_sa_012;BTH;;1.32;0.0;30.17;24.0;49.28;8.06;11.73;0.03;0.0;0;31.65;0;-126.52;0.0;0.03;0.0;1.32
2028;176;266;beauce_5_sa_012;solnu;;0.0;0.0;21.58;-13.67;0.0;11.73;19.64;0.01;0.0;0;0;0;-133.02;0.0;0.01;0.0;0.0
2028;267;366;beauce_5_sa_012;BTH;;0.55;0.0;14.61;-33.32;0.0;19.68;3.03;0.0;0.0;0;0.0;0;-69.17;0.0;0.0;0.0;0.55
2028;1;186;beauce_5_sa_013;BTH;;7.17;1.91;37.59;53.04;179.99;54.96;102.06;0.08;0.0;0;111.89;0;-22.97;0.03;0.05;1.91;7.17
2028;187;280;beauce_5_sa_013;solnu;;0.0;0.0;23.82;-3.47;0.0;102.06;122.39;0.02;0.0;0;0;0;-85.01;0.01;0.01;0.0;0.0
2028;281;366;beauce_5_sa_013;BTH;;1.46;0.0;14.29;-85.69;20.29;122.81;29.23;0.01;0.0;0;11.94;0;67.97;0.01;0.0;0.0;1.46
2028;1;190;beauce_5_sa_014;BTH;;0.97;0.0;35.58;18.78;49.25;5.63;9.81;0.03;0.0;0;28.98;0;-127.56;0.0;0.03;0.0;0.97
2028;191;286;beauce_5_sa_014;solnu;;0.0;0.0;20.92;-31.85;0.0;9.81;2.6;0.0;0.0;0;0;0;-163.6;0.0;0.0;0.0;0.0
2028;287;366;beauce_5_sa_014;BTH;;0.39;0.0;10.88;-13.29;0.0;2.6;2.29;0.0;0.0;0;0.0;0;-40.94;0.0;0.0;0.0;0.39
2028;1;219;beauce_5_sa_015;BTH;;1.02;0.43;46.65;20.54;82.45;7.47;23.66;0.04;0.0;0;48.52;0;-88.08;0.0;0.04;0.43;1.02
2028;220;296;beauce_5_sa_015;solnu;;0.0;0.0;15.98;-41.56;0.0;23.66;3.36;0.0;0.0;0;0;0;-153.78;0.0;0.0;0.0;0.0
2028;297;366;beauce_5_sa_015;BTH;;0.39;0.0;9.53;-11.33;0.0;3.47;3.05;0.0;0.0;0;0.0;0;-2.79;0.0;0.0;0.0;0.39
2028;1;201;beauce_5_sa_016;BTH;;38.82;3.09;48.98;47.38;160.37;320.93;454.57;0.22;0.01;0;127.77;0;-118.73;0.16;0.06;3.09;38.82
2028;202;264;beauce_5_sa_016;solnu;;0.0;0.0;25.07;-46.88;0.0;454.57;432.74;0.01;0.0;0;0;0;-150.51;0.0;0.01;0.0;0.0
2028;265;366;beauce_5_sa_016;BTH;;30.43;0.0;18.11;-32.66;58.15;430.52;329.42;0.18;0.0;0;34.22;0;121.43;0.16;0.02;0.0;30.43
2028;1;186;beauce_5_sa_017;BTH;;0.43;0.0;35.1;27.66;50.63;4.9;16.56;0.04;0.0;0;30.88;0;-157.79;0.0;0.04;0.0;0.43
2028;187;263;beauce_5_sa_017;solnu;;0.0;0.0;20.16;-23.19;0.0;16.56;13.52;0.01;0.0;0;0;0;-130.53;0.0;0.01;0.0;0.0
2028;264;366;beauce_5_sa_017;BTH;;0.21;0.0;15.08;-28.66;0.0;12.82;1.17;0.0;0.0;0;0.0;0;-46.9;0.0;0.0;0.0;0.21
2028;1;213;beauce_5_sa_018;BTH;;4.58;0.68;46.42;4.79;91.67;25.44;31.9;0.07;0.01;0;53.94;0;-8.97;0.03;0.03;0.68;4.58
2028;214;300;beauce_5_sa_018;solnu;;0.0;0.0;17.86;-13.7;0.0;31.9;36.05;0.01;0.0;0;0;0;-61.69;0.01;0.0;0.0;0.0
2028;301;366;beauce_5_sa_018;BTH;;1.63;0.0;9.16;-37.01;0.0;36.39;11.37;0.0;0.0;0;0.0;0;-50.43;0.0;0.0;0.0;1.63
2028;1;180;beauce_5_sa_019;BTH;;1.22;0.71;32.77;26.38;107.07;9.3;13.77;0.05;0.0;0;63.0;0;-43.65;0.01;0.04;0.71;1.22
2028;181;272;beauce_5_sa_019;solnu;;0.0;0.0;23.79;-7.38;0.0;13.77;30.17;0.01;0.0;0;0;0;-96.08;0.0;0.01;0.0;0.0
2028;273;366;beauce_5_sa_019;BTH;;0.6;0.0;14.48;-43.51;0.0;30.43;4.26;0.0;0.0;0;0.0;0;-59.53;0.0;0.0;0.0;0.6
2028;1;213;beauce_5_sa_020;BTH;;5.37;1.17;47.01;4.7;114.14;29.81;50.52;0.08;0.01;0;67.16;0;54.18;0.04;0.03;1.17;5.37
2028;214;310;beauce_5_sa_020;solnu;;0.0;0.0;20.24;-11.1;0.0;50.52;59.62;0.04;0.0;0;0;0;-69.02;0.03;0.01;0.0;0.0
2028;311;366;beauce_5_sa_020;BTH;;1.7;0.0;7.42;-49.24;0.0;59.78;18.56;0.0;0.0;0;0.0;0;-6.14;0.0;0.0;0.0;1.7
2028;1;186;beauce_5_sa_021;BTH;;7.21;2.21;41.11;38.44;184.74;67.1;120.86;0.12;0.0;0;134.01;0;-75.98;0.07;0.05;2.21;7.21
2028;187;273;beauce_5_sa_021;solnu;;0.0;0.0;27.15;-65.7;0.0;120.86;82.3;0.01;0.0;0;0;0;-143.51;0.0;0.01;0.0;0.0
2028;274;366;beauce_5_sa_021;BTH;;0.82;0.0;17.56;-12.63;43.05;78.17;43.34;0.04;0.0;0;25.33;0;131.3;0.02;0.02;0.0;0.82
2028;1;198;beauce_5_sa_022;BTH;;24.1;2.53;43.41;54.53;194.74;207.47;279.15;0.11;0.0;0;117.04;0;40.85;0.05;0.06;2.53;24.1
2028;199;304;beauce_5_sa_022;solnu;;0.0;0.0;22.87;-5.65;0.0;279.15;296.3;0.07;0.0;0;0;0;-68.54;0.06;0.01;0.0;0.0
2028;305;366;beauce_5_sa_022;BTH;;4.07;0.0;9.41;-86.45;5.52;296.65;209.56;0.09;0.0;0;3.25;0;76.95;0.09;0.0;0.0;4.07
2028;1;205;beauce_5_sa_023;BTH;;8.71;0.76;43.65;45.45;114.19;60.19;84.15;0.05;0.0;0;68.93;0;-34.11;0.0;0.05;0.76;8.71
2028;206;300;beauce_5_sa_023;solnu;;0.0;0.0;20.45;-10.51;0.0;84.15;94.06;0.03;0.0;0;0;0;-92.89;0.02;0.01;0.0;0.0
2028;301;366;beauce_5_sa_023;BTH;;4.52;0.32;9.45;-82.46;4.59;94.47;35.72;0.02;0.0;0;2.7;0;35.74;0.02;0.0;0.32;4.52
2028;1;227;beauce_5_sa_024;BTH;;29.73;2.41;47.83;79.5;186.58;248.48;344.05;0.11;0.0;0;111.97;0;-134.88;0.03;0.08;2.41;29.73
2028;228;306;beauce_5_sa_024;solnu;;0.0;0.0;16.58;-7.53;0.0;344.05;353.0;0.09;0.0;0;0;0;-77.39;0.08;0.01;0.0;0.0
2028;307;366;beauce_5_sa_024;BTH;;16.12;0.0;7.56;-85.0;5.11;353.32;254.23;0.09;0.0;0;3.01;0;19.92;0.09;0.0;0.0;16.12
2028;1;225;beauce_5_sa_025;BTH;;3.11;0.46;53.12;34.8;103.99;39.68;55.22;0.1;0.01;0;63.65;0;-101.07;0.05;0.05;0.46;3.11
2028;226;276;beauce_5_sa_025;solnu;;0.0;0.0;11.71;-58.57;0.0;55.22;11.66;0.0;0.0;0;0;0;-92.36;0.0;0.0;0.0;0.0
2028;277;366;beauce_5_sa_025;BTH;;2.02;0.5;14.26;-20.1;5.84;11.66;36.63;0.03;0.0;0;3.43;0;75.12;0.03;0.0;0.5;2.02
2028;1;200;beauce_5_sa_026;BTH;;0.21;0.0;40.4;30.84;51.25;5.45;25.11;0.05;0.0;0;33.22;0;-213.86;0.01;0.04;0.0;0.21
2028;201;262;beauce_5_sa_026;solnu;;0.0;0.0;17.2;-41.56;0.0;25.11;0.75;0.0;0.0;0;0;0;-116.0;0.0;0.0;0.0;0.0
2028;263;366;beauce_5_sa_026;BTH;;0.12;0.0;15.08;-17.75;0.0;0.75;0.73;0.0;0.0;0;0.0;0;-45.62;0.0;0.0;0.0;0.12
2028;1;195;beauce_5_sa_027;BTH;;12.44;2.19;37.31;67.02;215.42;98.51;140.42;0.11;0.01;0;130.85;0;-81.99;0.04;0.06;2.19;12.44
2028;196;297;beauce_5_sa_027;solnu;;0.0;0.0;18.52;-2.87;0.0;140.42;156.04;0.03;0.0;0;0;0;-86.18;0.02;0.01;0.0;0.0
2028;298;366;beauce_5_sa_027;BTH;;0.07;0.0;10.31;-74.53;9.28;156.42;82.42;0.06;0.0;0;5.46;0;58.21;0.05;0.01;0.0;0.07
2028;1;172;beauce_5_sa_028;BTH;;11.81;2.14;34.44;47.45;195.55;101.24;136.34;0.11;0.01;0;116.84;0;35.81;0.06;0.05;2.14;11.81
2028;173;310;beauce_5_sa_028;solnu;;0.0;0.0;25.82;-89.02;0.0;136.34;73.46;0.04;0.0;0;0;0;-40.87;0.03;0.01;0.0;0.0
2028;311;366;beauce_5_sa_028;BTH;;0.82;0.0;8.5;4.35;4.43;73.17;81.02;0.03;0.0;0;2.61;0;96.67;0.02;0.01;0.0;0.82
2028;1;226;beauce_5_sa_029;BTH;;0.31;0.0;47.91;27.18;51.83;2.86;25.78;0.05;0.0;0;31.26;0;-240.49;0.0;0.05;0.0;0.31
2028;227;284;beauce_5_sa_029;solnu;;0.0;0.0;10.17;-39.16;0.0;25.78;0.95;0.0;0.0;0;0;0;-113.64;0.0;0.0;0.0;0.0
2028;285;366;beauce_5_sa_029;BTH;;0.15;0.0;11.3;-11.94;0.0;0.95;0.87;0.0;0.0;0;0.0;0;-7.9;0.0;0.0;0.0;0.15
2028;1;204;beauce_5_sa_030;BTH;;0.22;0.0;41.08;27.15;50.12;4.0;21.8;0.04;0.0;0;32.1;0;-204.82;0.0;0.04;0.0;0.22
2028;205;270;beauce_5_sa_030;solnu;;0.0;0.0;15.07;-37.65;0.0;21.8;0.75;0.0;0.0;0;0;0;-130.13;0.0;0.0;0.0;0.0
2028;271;366;beauce_5_sa_030;BTH;;0.12;0.0;14.49;-16.63;0.0;0.75;0.7;0.0;0.0;0;0.0;0;-29.42;0.0;0.0;0.0;0.12
2028;1;174;beauce_5_sa_031;BTH;;40.25;3.02;34.91;40.69;194.88;366.54;437.4;0.12;0.0;0;119.27;0;-15.36;0.08;0.05;3.02;40.25
2028;175;296;beauce_5_sa_031;solnu;;0.0;0.0;25.19;-96.34;0.0;437.4;367.02;0.02;0.0;0;0;0;-24.45;0.02;0.01;0.0;0.0
2028;297;366;beauce_5_sa_031;BTH;;8.17;0.0;11.79;14.04;9.93;366.94;374.58;0.16;0.0;0;5.85;0;123.46;0.14;0.02;0.0;8.17
2028;1;192;beauce_5_sa_032;BTH;;8.18;1.07;37.3;31.77;116.33;55.06;80.56;0.05;0.0;0;68.45;0;-44.98;0.0;0.04;1.07;8.18
2028;193;300;beauce_5_sa_032;solnu;;0.0;0.0;23.06;-6.28;0.0;80.56;97.32;0.03;0.0;0;0;0;-88.26;0.02;0.01;0.0;0.0
2028;301;366;beauce_5_sa_032;BTH;;4.3;0.0;9.15;-71.89;0.0;97.77;30.25;0.02;0.0;0;0.0;0;22.22;0.02;0.0;0.0;4.3
2028;1;182;beauce_5_sa_033;BTH;;3.09;0.57;35.86;33.87;77.03;28.5;60.86;0.05;0.0;0;53.99;0;-121.28;0.01;0.04;0.57;3.09
2028;183;277;beauce_5_sa_033;solnu;;0.0;0.0;24.5;-59.2;0.0;60.86;26.15;0.01;0.0;0;0;0;-139.75;0.0;0.01;0.0;0.0
2028;278;366;beauce_5_sa_033;BTH;;1.59;0.0;14.49;-29.66;0.0;22.13;9.39;0.0;0.0;0;0.0;0;56.78;0.0;0.0;0.0;1.59
2028;1;189;beauce_5_sa_034;BTH;;5.53;0.44;34.18;40.93;172.47;32.58;42.48;0.13;0.01;0;101.49;0;-84.99;0.09;0.05;0.44;5.53
2028;190;284;beauce_5_sa_034;solnu;;0.0;0.0;21.12;-4.44;0.0;42.48;59.14;0.01;0.0;0;0;0;-88.89;0.0;0.01;0.0;0.0
2028;285;366;beauce_5_sa_034;BTH;;2.47;1.06;11.52;-44.55;0.0;59.52;25.46;0.0;0.0;0;0.0;0;-35.83;0.0;0.0;1.06;2.47
2028;1;185;beauce_5_sa_035;BTH;;0.18;0.31;35.89;24.9;73.16;3.38;13.72;0.06;0.0;0;44.76;0;-110.27;0.02;0.04;0.31;0.18
2028;186;268;beauce_5_sa_035;solnu;;0.0;0.0;22.58;-36.96;0.0;13.72;1.01;0.01;0.0;0;0;0;-157.72;0.0;0.01;0.0;0.0
2028;269;366;beauce_5_sa_035;BTH;;0.15;0.0;15.41;-19.69;0.0;1.01;0.98;0.0;0.0;0;0.0;0;-49.8;0.0;0.0;0.0;0.15
2028;1;198;beauce_5_sa_036;BTH;;3.4;0.79;49.64;34.11;167.71;31.14;81.13;0.19;0.01;0;119.64;0;-204.15;0.14;0.05;0.79;3.4
2028;199;264;beauce_5_sa_036;solnu;;0.0;0.0;28.07;-91.82;0.0;81.13;17.37;0.0;0.0;0;0;0;-50.35;0.0;0.0;0.0;0.0
2028;265;366;beauce_5_sa_036;BTH;;1.97;1.04;19.09;0.67;9.48;17.37;25.66;0.02;0.0;0;5.58;0;120.47;0.01;0.01;1.04;1.97
2028;1;217;beauce_5_sa_037;BTH;;3.27;0.0;44.52;9.47;44.53;18.26;24.8;0.03;0.0;0;26.2;0;-148.24;0.0;0.03;0.0;3.27
2028;218;297;beauce_5_sa_037;solnu;;0.01;0.0;13.71;-16.43;0.0;24.8;22.06;0.01;0.0;0;0;0;-88.17;0.0;0.0;0.0;0.01
2028;298;366;beauce_5_sa_037;BTH;;1.25;0.0;9.1;-25.36;0.0;22.2;7.28;0.0;0.0;0;0.0;0;-44.22;0.0;0.0;0.0;1.25
2028;1;213;beauce_5_sa_038;BTH;;11.14;1.99;55.21;45.18;122.13;99.18;216.32;0.16;0.01;0;100.71;0;-169.69;0.1;0.06;1.99;11.14
2028;214;268;beauce_5_sa_038;solnu;;0.0;0.0;19.39;-89.55;0.0;216.32;146.16;0.0;0.0;0;0;0;-116.4;0.0;0.0;0.0;0.0
2028;269;366;beauce_5_sa_038;BTH;;8.82;0.0;17.67;-2.64;51.44;145.36;100.82;0.1;0.0;0;30.27;0;131.41;0.08;0.02;0.0;8.82
2028;1;230;beauce_5_sa_039;BTH;;2.39;1.35;58.91;54.37;117.07;23.2;117.95;0.13;0.01;0;72.77;0;-152.85;0.06;0.07;1.35;2.39
2028;231;276;beauce_5_sa_039;solnu;;0.0;0.0;10.52;-100.39;0.0;117.95;28.07;0.0;0.0;0;0;0;-42.35;0.0;0.0;0.0;0.0
2028;277;366;beauce_5_sa_039;BTH;;1.57;0.0;15.21;4.4;24.49;26.84;21.59;0.03;0.0;0;14.41;0;100.65;0.01;0.02;0.0;1.57
2028;1;198;beauce_5_sa_040;BTH;;6.56;1.31;46.72;30.95;82.3;61.6;148.93;0.08;0.0;0;83.5;0;-231.65;0.04;0.05;1.31;6.56
2028;199;262;beauce_5_sa_040;solnu;;0.0;0.0;23.91;-114.06;0.0;148.93;58.78;0.0;0.0;0;0;0;-68.05;0.0;0.0;0.0;0.0
2028;263;366;beauce_5_sa_040;BTH;;3.48;0.0;18.0;28.28;60.4;59.09;41.1;0.06;0.0;0;35.54;0;80.98;0.03;0.03;0.0;3.48
2028;1;173;beauce_5_sa_041;BTH;;51.61;3.25;30.46;61.29;212.76;428.89;505.42;0.16;0.01;0;134.8;0;-56.69;0.11;0.06;3.25;51.61
2028;174;291;beauce_5_sa_041;solnu;;0.0;0.0;19.28;0.49;0.0;505.42;525.96;0.03;0.0;0;0;0;-80.16;0.02;0.01;0.0;0.0
2028;292;366;beauce_5_sa_041;BTH;;1.4;0.0;11.29;-69.37;15.0;526.28;451.33;0.14;0.0;0;8.83;0;56.0;0.13;0.01;0.0;1.4
2028;1;200;beauce_5_sa_042;BTH;;2.11;0.76;40.25;18.03;103.57;9.85;19.65;0.06;0.0;0;60.95;0;-21.81;0.03;0.04;0.76;2.11
2028;201;297;beauce_5_sa_042;solnu;;0.0;0.0;20.2;-32.31;0.0;19.65;10.46;0.0;0.0;0;0;0;-141.85;0.0;0.0;0.0;0.0
2028;298;366;beauce_5_sa_042;BTH;;1.52;0.0;9.61;-14.24;0.0;10.45;8.96;0.0;0.0;0;0.0;0;-27.64;0.0;0.0;0.0;1.52
2028;1;228;beauce_5_sa_043;BTH;;2.65;0.0;47.67;21.2;48.09;15.45;33.83;0.04;0.0;0;28.3;0;-194.98;0.0;0.04;0.0;2.65
2028;229;284;beauce_5_sa_043;solnu;;0.0;0.0;8.9;-14.55;0.0;33.83;28.18;0.0;0.0;0;0;0;-66.27;0.0;0.0;0.0;0.0
2028;285;366;beauce_5_sa_043;BTH;;1.12;0.0;11.12;-33.38;0.0;28.24;6.1;0.0;0.0;0;0.0;0;-27.3;0.0;0.0;0.0;1.12
2028;1;189;beauce_5_sa_044;BTH;;3.84;1.41;38.1;57.23;148.47;29.6;78.4;0.1;0.01;0;89.98;0;-68.53;0.05;0.06;1.41;3.84
2028;190;302;beauce_5_sa_044;solnu;;0.0;0.0;24.42;-90.12;0.0;78.4;12.69;0.01;0.0;0;0;0;-58.1;0.0;0.01;0.0;0.0
2028;303;366;beauce_5_sa_044;BTH;;1.2;0.0;9.26;-7.57;0.06;12.7;13.12;0.0;0.0;0;0.03;0;55.81;0.0;0.0;0.0;1.2
2028;1;181;beauce_5_sa_045;BTH;;2.46;0.86;35.25;9.22;113.5;16.86;10.06;0.04;0.0;0;66.79;0;17.81;0.01;0.03;0.86;2.46
2028;182;304;beauce_5_sa_045;solnu;;0.1;0.0;28.48;-33.19;0.0;10.06;8.67;0.01;0.0;0;0;0;-165.01;0.0;0.01;0.0;0.1
2028;305;366;beauce_5_sa_045;BTH;;1.09;0.0;8.46;-13.79;0.0;8.67;7.65;0.0;0.0;0;0.0;0;-13.96;0.0;0.0;0.0;1.09
2028;1;206;beauce_5_sa_046;BTH;;4.76;0.96;43.8;18.48;115.24;27.64;41.87;0.1;0.0;0;67.81;0;7.7;0.06;0.04;0.96;4.76
2028;207;285;beauce_5_sa_046;solnu;;0.0;0.0;18.81;-14.4;0.0;41.87;46.28;0.01;0.0;0;0;0;-82.29;0.0;0.01;0.0;0.0
2028;286;366;beauce_5_sa_046;BTH;;3.21;0.0;12.06;-39.56;0.0;46.75;20.51;0.0;0.0;0;0.0;0;-61.17;0.0;0.0;0.0;3.21
2028;1;172;beauce_5_sa_047;BTH;;3.51;0.0;28.71;12.23;48.04;21.13;10.91;0.03;0.0;0;29.15;0;-123.11;0.0;0.03;0.0;3.51
2028;173;290;beauce_5_sa_047;solnu;;0.0;0.0;25.26;-12.24;0.0;10.91;23.92;0.01;0.0;0;0;0;-130.46;0.0;0.01;0.0;0.0
2028;291;366;beauce_5_sa_047;BTH;;1.53;0.0;9.97;-26.55;0.0;24.09;8.87;0.0;0.0;0;0.0;0;-74.92;0.0;0.0;0.0;1.53
2028;1;203;beauce_5_sa_048;BTH;;15.8;2.06;44.41;61.89;150.94;136.17;231.52;0.15;0.0;0;123.03;0;-176.42;0.08;0.06;2.06;15.8
2028;204;263;beauce_5_sa_048;solnu;;0.0;0.0;21.73;-8.71;0.0;231.52;244.53;0.01;0.0;0;0;0;-140.87;0.0;0.01;0.0;0.0
2028;264;366;beauce_5_sa_048;BTH;;8.75;0.0;16.02;-63.86;59.4;244.65;128.4;0.14;0.0;0;34.95;0;43.65;0.12;0.02;0.0;8.75
2028;1;176;beauce_5_sa_049;BTH;;0.65;1.12;34.5;16.37;128.2;4.48;10.49;0.07;0.0;0;75.44;0;45.55;0.04;0.03;1.12;0.65
2028;177;276;beauce_5_sa_049;solnu;;0.0;0.0;25.96;-31.01;0.0;10.49;5.95;0.01;0.0;0;0;0;-123.17;0.0;0.01;0.0;0.0
2028;277;366;beauce_5_sa_049;BTH;;0.59;0.0;15.31;-19.2;0.0;5.64;5.18;0.0;0.0;0;0.0;0;-14.71;0.0;0.0;0.0;0.59
2028;1;201;beauce_5_sa_050;BTH;;2.81;0.0;39.69;17.54;53.28;16.88;18.31;0.03;0.0;0;32.35;0;-99.23;0.0;0.03;0.0;2.81
2028;202;292;beauce_5_sa_050;solnu;;0.0;0.0;18.51;-26.88;0.0;18.31;9.93;0.01;0.0;0;0;0;-98.24;0.0;0.0;0.0;0.0
2028;293;366;beauce_5_sa_050;BTH;;1.18;0.15;10.1;-26.32;1.57;9.26;7.44;0.0;0.0;0;0.92;0;-71.13;0.0;0.0;0.15;1.18
2028;1;221;beauce_5_sa_051;BTH;;6.35;2.13;53.57;25.81;216.46;39.63;56.3;0.12;0.0;0;127.37;0;45.74;0.07;0.05;2.13;6.35
2028;222;296;beauce_5_sa_051;solnu;;0.0;0.0;20.02;-45.91;0.0;56.3;31.65;0.01;0.0;0;0;0;-70.3;0.01;0.0;0.0;0.0
2028;297;366;beauce_5_sa_051;BTH;;0.84;0.0;11.31;-12.16;0.0;31.65;30.92;0.0;0.0;0;0.0;0;66.27;0.0;0.0;0.0;0.84
2028;1;212;beauce_5_sa_052;BTH;;6.04;2.0;50.21;37.25;183.4;43.42;91.79;0.1;0.0;0;107.92;0;31.57;0.04;0.05;2.0;6.04
2028;213;309;beauce_5_sa_052;solnu;;0.0;0.0;21.91;-89.42;0.0;91.79;24.26;0.02;0.0;0;0;0;-45.6;0.01;0.0;0.0;0.0
2028;310;366;beauce_5_sa_052;BTH;;1.38;0.0;8.51;-8.51;0.0;24.26;22.88;0.0;0.0;0;0.0;0;108.55;0.0;0.0;0.0;1.38
2028;1;195;beauce_5_sa_053;BTH;;17.4;2.35;43.96;51.79;189.63;152.43;219.46;0.14;0.01;0;114.42;0;-1.72;0.08;0.06;2.35;17.4
2028;196;301;beauce_5_sa_053;solnu;;0.0;0.0;23.46;-84.47;0.0;219.46;158.41;0.03;0.0;0;0;0;-60.37;0.03;0.01;0.0;0.0
2028;302;366;beauce_5_sa_053;BTH;;3.03;0.0;10.51;-6.96;6.39;156.73;152.44;0.1;0.0;0;3.76;0;114.46;0.09;0.01;0.0;3.03
2028;1;177;beauce_5_sa_054;BTH;;0.26;0.0;30.57;18.88;46.46;6.87;9.53;0.04;0.0;0;34.94;0;-160.46;0.01;0.03;0.0;0.26
2028;178;263;beauce_5_sa_054;solnu;;0.0;0.0;23.33;-35.75;0.0;9.53;0.9;0.0;0.0;0;0;0;-205.13;0.0;0.0;0.0;0.0
2028;264;366;beauce_5_sa_054;BTH;;0.13;0.0;14.53;-15.78;0.0;0.9;0.85;0.0;0.0;0;0.0;0;-32.78;0.0;0.0;0.0;0.13
2028;1;175;beauce_5_sa_055;BTH;;13.85;1.92;36.07;45.74;155.02;111.7;168.56;0.11;0.01;0;94.06;0;20.96;0.06;0.05;1.92;13.85
2028;176;301;beauce_5_sa_055;solnu;;0.0;0.0;27.91;-81.8;0.0;168.56;114.96;0.04;0.0;0;0;0;-72.78;0.02;0.01;0.0;0.0
2028;302;366;beauce_5_sa_055;BTH;;5.12;0.0;10.46;-11.25;6.39;112.94;102.58;0.07;0.0;0;3.76;0;110.53;0.06;0.01;0.0;5.12
2028;1;212;beauce_5_sa_056;BTH;;9.76;0.92;42.11;35.22;98.15;58.39;98.1;0.05;0.0;0;57.75;0;-123.87;0.0;0.05;0.92;9.76
2028;213;312;beauce_5_sa_056;solnu;;0.05;0.0;18.2;-6.55;0.0;98.1;109.65;0.05;0.0;0;0;0;-78.08;0.04;0.01;0.0;0.05
2028;313;366;beauce_5_sa_056;BTH;;5.38;0.0;6.36;-69.0;0.0;110.14;41.61;0.02;0.0;0;0.0;0;1.4;0.02;0.0;0.0;5.38
2028;1;201;beauce_5_sa_057;BTH;;3.36;0.0;38.16;6.28;44.6;18.34;15.14;0.03;0.0;0;26.24;0;-128.58;0.0;0.03;0.0;3.36
2028;202;311;beauce_5_sa_057;solnu;;0.21;0.0;20.67;-13.76;0.0;15.14;21.82;0.02;0.0;0;0;0;-109.48;0.01;0.01;0.0;0.21
2028;312;366;beauce_5_sa_057;BTH;;1.17;0.0;6.37;-22.12;0.0;21.98;8.34;0.0;0.0;0;0.0;0;-63.81;0.0;0.0;0.0;1.17
2028;1;176;beauce_5_sa_058;BTH;;30.96;2.09;36.4;44.49;182.65;309.19;337.08;0.19;0.01;0;136.36;0;-29.4;0.15;0.05;2.09;30.96
2028;177;269;beauce_5_sa_058;solnu;;0.0;0.0;29.41;-3.87;0.0;337.08;362.6;0.02;0.0;0;0;0;-111.85;0.0;0.02;0.0;0.0
2028;270;366;beauce_5_sa_058;BTH;;5.44;0.87;18.26;-67.79;50.13;362.85;322.19;0.13;0.0;0;29.5;0;110.27;0.12;0.02;0.87;5.44
2028;1;203;beauce_5_sa_059;BTH;;0.89;0.19;40.61;12.1;60.09;5.08;10.91;0.03;0.0;0;35.36;0;-68.78;0.0;0.03;0.19;0.89
2028;204;305;beauce_5_sa_059;solnu;;0.06;0.0;20.37;-34.95;0.0;10.91;2.08;0.0;0.0;0;0;0;-181.85;0.0;0.0;0.0;0.06
2028;306;366;beauce_5_sa_059;BTH;;0.26;0.0;7.58;-8.71;0.0;2.08;1.84;0.0;0.0;0;0.0;0;6.67;0.0;0.0;0.0;0.26
2028;1;202;beauce_5_sa_060;BTH;;6.19;1.38;43.86;34.3;169.03;65.76;73.2;0.07;0.0;0;100.43;0;25.97;0.02;0.05;1.38;6.19
2028;203;312;beauce_5_sa_060;solnu;;0.0;0.0;23.56;-69.63;0.0;73.2;27.1;0.03;0.0;0;0;0;-62.41;0.02;0.01;0.0;0.0
2028;313;366;beauce_5_sa_060;BTH;;1.54;0.47;7.68;-11.97;1.16;27.16;55.43;0.0;0.0;0;0.68;0;68.03;0.0;0.0;0.47;1.54
2028;1;179;beauce_5_sa_061;BTH;;1.68;1.21;36.91;43.55;139.45;12.65;41.21;0.09;0.01;0;83.23;0;-22.53;0.04;0.05;1.21;1.68
2028;180;298;beauce_5_sa_061;solnu;;0.0;0.0;27.46;-63.76;0.0;41.21;5.7;0.01;0.0;0;0;0;-95.43;0.0;0.01;0.0;0.0
2028;299;366;beauce_5_sa_061;BTH;;0.44;0.0;10.98;-10.92;0.0;5.72;5.32;0.0;0.0;0;0.0;0;86.62;0.0;0.0;0.0;0.44
2028;1;200;beauce_5_sa_062;BTH;;5.72;0.45;40.03;38.17;124.07;48.91;31.62;0.07;0.01;0;75.18;0;-45.87;0.02;0.05;0.45;5.72
2028;201;288;beauce_5_sa_062;solnu;;0.0;0.0;19.94;-11.65;0.0;31.62;39.9;0.01;0.0;0;0;0;-93.7;0.0;0.01;0.0;0.0
2028;289;366;beauce_5_sa_062;BTH;;2.36;0.57;10.81;-52.62;4.26;40.05;38.17;0.02;0.0;0;2.51;0;-77.02;0.02;0.0;0.57;2.36
2028;1;222;beauce_5_sa_063;BTH;;6.73;0.86;51.21;76.95;126.04;77.29;137.63;0.13;0.0;0;80.13;0;-190.5;0.05;0.08;0.86;6.73
2028;223;268;beauce_5_sa_063;solnu;;0.0;0.0;12.77;-12.18;0.0;137.63;138.22;0.0;0.0;0;0;0;-93.31;0.0;0.0;0.0;0.0
2028;269;366;beauce_5_sa_063;BTH;;3.84;0.41;14.9;-76.26;33.4;138.3;69.97;0.05;0.0;0;19.65;0;29.51;0.03;0.01;0.41;3.84
2028;1;185;beauce_5_sa_064;BTH;;1.34;0.93;38.48;30.57;111.67;8.49;34.49;0.05;0.01;0;65.71;0;-19.83;0.01;0.04;0.93;1.34
2028;186;288;beauce_5_sa_064;solnu;;0.0;0.0;25.71;-57.79;0.0;34.49;3.88;0.01;0.0;0;0;0;-108.87;0.0;0.01;0.0;0.0
2028;289;366;beauce_5_sa_064;BTH;;0.48;0.0;12.11;-12.48;0.0;3.88;3.43;0.0;0.0;0;0.0;0;68.94;0.0;0.0;0.0;0.48
2028;1;203;beauce_5_sa_065;BTH;;3.42;1.44;44.46;22.84;152.98;17.46;36.19;0.1;0.0;0;90.02;0;25.91;0.05;0.04;1.44;3.42
2028;204;288;beauce_5_sa_065;solnu;;0.0;0.0;21.51;-41.72;0.0;36.19;19.79;0.0;0.0;0;0;0;-109.54;0.0;0.0;0.0;0.0
2028;289;366;beauce_5_sa_065;BTH;;1.66;0.0;11.95;-14.43;0.0;19.79;18.26;0.0;0.0;0;0.0;0;31.63;0.0;0.0;0.0;1.66
2028;1;170;beauce_5_sa_066;BTH;;4.49;0.0;28.15;11.55;47.36;27.02;13.95;0.02;0.0;0;27.87;0;-122.47;0.0;0.02;0.0;4.49
2028;171;305;beauce_5_sa_066;solnu;;0.33;0.0;27.69;-11.13;0.0;13.95;30.34;0.02;0.0;0;0;0;-146.01;0.01;0.01;0.0;0.33
2028;306;366;beauce_5_sa_066;BTH;;1.95;0.0;7.25;-23.55;0.0;30.52;13.63;0.0;0.0;0;0.0;0;-59.42;0.0;0.0;0.0;1.95
2028;1;177;beauce_5_sa_067;BTH;;0.71;0.81;35.71;27.59;89.0;13.36;47.29;0.09;0.01;0;61.03;0;-126.66;0.05;0.04;0.81;0.71
2028;178;264;beauce_5_sa_067;solnu;;0.0;0.0;27.66;-72.36;0.0;47.29;2.59;0.01;0.0;0;0;0;-113.86;0.0;0.01;0.0;0.0
2028;265;366;beauce_5_sa_067;BTH;;0.32;0.0;17.3;-16.52;0.0;2.59;3.04;0.0;0.0;0;0.0;0;69.84;0.0;0.0;0.0;0.32
2028;1;216;beauce_5_sa_068;BTH;;1.55;0.0;44.77;26.23;47.46;9.2;31.3;0.04;0.0;0;28.81;0;-191.54;0.0;0.04;0.0;1.55
2028;217;271;beauce_5_sa_068;solnu;;0.0;0.0;9.34;-14.21;0.0;31.3;26.43;0.0;0.0;0;0;0;-70.49;0.0;0.0;0.0;0.0
2028;272;366;beauce_5_sa_068;BTH;;0.62;0.0;14.25;-38.59;0.0;26.5;3.39;0.0;0.0;0;0.0;0;-28.59;0.0;0.0;0.0;0.62
2028;1;199;beauce_5_sa_069;BTH;;35.3;2.95;45.1;43.57;178.59;307.2;407.26;0.12;0.0;0;128.65;0;-96.55;0.07;0.05;2.95;35.3
2028;200;275;beauce_5_sa_069;solnu;;0.0;0.0;23.25;-79.76;0.0;407.26;350.75;0.01;0.0;0;0;0;-117.28;0.0;0.01;0.0;0.0
2028;276;366;beauce_5_sa_069;BTH;;12.94;0.0;15.96;-0.97;40.99;348.3;311.62;0.19;0.0;0;24.12;0;127.83;0.17;0.02;0.0;12.94
2028;1;175;beauce_5_sa_070;BTH;;10.79;1.7;33.71;21.18;156.95;77.0;91.32;0.08;0.0;0;92.36;0;34.79;0.05;0.04;1.7;10.79
2028;176;310;beauce_5_sa_070;solnu;;0.0;0.0;29.85;2.15;0.0;91.32;123.59;0.06;0.0;0;0;0;-84.9;0.04;0.02;0.0;0.0
2028;311;366;beauce_5_sa_070;BTH;;7.11;0.0;7.77;-65.26;0.0;123.81;58.98;0.01;0.0;0;0.0;0;28.68;0.01;0.0;0.0;7.11
2028;1;219;beauce_5_sa_071;BTH;;0.94;0.0;44.27;18.72;48.9;5.45;18.67;0.04;0.0;0;28.78;0;-168.42;0.0;0.04;0.0;0.94
2028;220;307;beauce_5_sa_071;solnu;;0.06;0.0;15.01;-35.93;0.0;18.67;2.33;0.0;0.0;0;0;0;-145.05;0.0;0.0;0.0;0.06
2028;308;366;beauce_5_sa_071;BTH;;0.29;0.0;6.89;-7.65;0.0;2.33;2.07;0.0;0.0;0;0.0;0;-14.43;0.0;0.0;0.0;0.29
2028;1;175;beauce_5_sa_072;BTH;;2.62;1.34;35.29;40.6;140.04;18.04;50.14;0.09;0.0;0;82.84;0;-12.93;0.04;0.05;1.34;2.62
2028;176;292;beauce_5_sa_072;solnu;;0.0;0.0;27.56;-60.36;0.0;50.14;18.51;0.01;0.0;0;0;0;-105.13;0.0;0.01;0.0;0.0
2028;293;366;beauce_5_sa_072;BTH;;1.63;0.0;12.19;-12.22;0.0;18.37;16.85;0.0;0.0;0;0.0;0;91.82;0.0;0.0;0.0;1.63
2028;1;173;beauce_5_sa_073;BTH;;0.19;0.0;30.24;16.38;44.81;5.88;7.43;0.03;0.0;0;33.39;0;-142.12;0.0;0.03;0.0;0.19
2028;174;263;beauce_5_sa_073;solnu;;0.0;0.0;23.66;-33.51;0.0;7.43;0.68;0.0;0.0;0;0;0;-194.48;0.0;0.0;0.0;0.0
2028;264;366;beauce_5_sa_073;BTH;;0.1;0.0;14.89;-17.46;0.0;0.69;0.7;0.0;0.0;0;0.0;0;-39.4;0.0;0.0;0.0;0.1
2028;1;191;beauce_5_sa_074;BTH;;8.26;0.86;38.64;13.66;88.35;47.99;68.75;0.03;0.0;0;51.99;0;-8.91;0.0;0.03;0.86;8.26
2028;192;309;beauce_5_sa_074;solnu;;0.19;0.0;26.03;-6.13;0.0;68.75;88.42;0.05;0.0;0;0;0;-83.12;0.04;0.01;0.0;0.19
2028;310;366;beauce_5_sa_074;BTH;;4.08;0.0;7.49;-62.19;0.0;88.64;29.63;0.01;0.0;0;0.0;0;17.7;0.01;0.0;0.0;4.08
2028;1;206;beauce_5_sa_075;BTH;;2.95;0.0;39.97;8.32;46.36;16.42;15.66;0.03;0.0;0;27.28;0;-129.78;0.0;0.03;0.0;2.95
2028;207;317;beauce_5_sa_075;solnu;;0.18;0.0;20.23;-30.85;0.0;15.66;7.38;0.01;0.0;0;0;0;-135.41;0.0;0.0;0.0;0.18
2028;318;366;beauce_5_sa_075;BTH;;0.9;0.0;5.7;-8.14;0.0;7.27;6.38;0.0;0.0;0;0.0;0;-39.36;0.0;0.0;0.0;0.9
2028;1;170;beauce_5_sa_076;BTH;;2.85;0.0;29.26;8.5;42.42;16.77;9.56;0.02;0.0;0;24.96;0;-91.33;0.0;0.02;0.0;2.85
2028;171;305;beauce_5_sa_076;solnu;;0.21;0.0;28.97;-31.04;0.0;9.56;8.55;0.01;0.0;0;0;0;-149.57;0.0;0.01;0.0;0.21
2028;306;366;beauce_5_sa_076;BTH;;1.07;0.0;7.53;-8.76;0.0;8.55;7.5;0.0;0.0;0;0.0;0;-24.33;0.0;0.0;0.0;1.07
2028;1;223;beauce_5_sa_077;BTH;;5.04;0.14;44.49;43.76;89.82;32.56;36.7;0.06;0.0;0;53.98;0;-165.86;0.0;0.05;0.14;5.04
2028;224;310;beauce_5_sa_077;solnu;;0.0;0.0;15.88;-11.35;0.0;36.7;41.21;0.03;0.0;0;0;0;-81.07;0.02;0.0;0.0;0.0
2028;311;366;beauce_5_sa_077;BTH;;2.17;0.39;6.34;-55.47;2.59;41.35;17.75;0.01;0.0;0;1.52;0;-42.37;0.01;0.0;0.39;2.17
2028;1;229;beauce_5_sa_078;BTH;;22.62;2.4;65.97;59.37;146.57;178.44;317.52;0.12;0.0;0;116.87;0;-182.47;0.04;0.08;2.4;22.62
2028;230;267;beauce_5_sa_078;solnu;;0.0;0.0;14.26;-14.34;0.0;317.52;317.44;0.0;0.0;0;0;0;-103.22;0.0;0.0;0.0;0.0
2028;268;366;beauce_5_sa_078;BTH;;14.15;0.0;17.63;-77.33;53.33;317.61;190.06;0.2;0.0;0;31.38;0;119.42;0.18;0.01;0.0;14.15
2028;1;203;beauce_5_sa_079;BTH;;3.0;1.24;47.19;41.34;137.29;19.39;60.61;0.13;0.0;0;80.79;0;-40.45;0.07;0.05;1.24;3.0
2028;204;270;beauce_5_sa_079;solnu;;0.0;0.0;21.34;-34.71;0.0;60.61;47.24;0.01;0.0;0;0;0;-112.28;0.0;0.01;0.0;0.0
2028;271;366;beauce_5_sa_079;BTH;;1.66;0.0;16.84;-49.02;0.0;41.0;13.41;0.0;0.0;0;0.0;0;82.29;0.0;0.0;0.0;1.66
2028;1;208;beauce_5_sa_080;BTH;;1.37;0.0;41.82;23.22;49.98;8.24;22.03;0.04;0.0;0;29.41;0;-166.52;0.0;0.04;0.0;1.37
2028;209;282;beauce_5_sa_080;solnu;;0.0;0.0;14.35;-30.35;0.0;22.03;6.02;0.0;0.0;0;0;0;-84.1;0.0;0.0;0.0;0.0
2028;283;366;beauce_5_sa_080;BTH;;0.56;0.0;11.75;-16.92;0.0;5.16;3.09;0.0;0.0;0;0.0;0;-59.15;0.0;0.0;0.0;0.56
2028;1;211;beauce_5_sa_081;BTH;;3.44;0.0;41.41;11.35;47.23;19.3;21.71;0.03;0.0;0;27.79;0;-157.73;0.0;0.03;0.0;3.44
2028;212;301;beauce_5_sa_081;solnu;;0.02;0.0;16.11;-15.56;0.0;21.71;22.23;0.01;0.0;0;0;0;-104.41;0.01;0.0;0.0;0.02
2028;302;366;beauce_5_sa_081;BTH;;1.39;0.0;8.03;-23.78;0.0;22.45;8.36;0.0;0.0;0;0.0;0;-56.92;0.0;0.0;0.0;1.39
2028;1;200;beauce_5_sa_082;BTH;;3.12;2.34;44.69;48.78;229.16;26.19;62.99;0.09;0.0;0;136.24;0;46.01;0.04;0.06;2.34;3.12
2028;201;305;beauce_5_sa_082;solnu;;0.0;0.0;22.1;-73.28;0.0;62.99;11.81;0.0;0.0;0;0;0;-2.74;0.0;0.0;0.0;0.0
2028;306;366;beauce_5_sa_082;BTH;;0.0;0.0;9.98;-9.92;0.0;11.81;11.87;0.0;0.0;0;0.0;0;94.34;0.0;0.0;0.0;0.0
2028;1;194;beauce_5_sa_083;BTH;;2.96;0.0;36.57;15.51;48.32;17.28;18.38;0.03;0.0;0;28.43;0;-145.45;0.0;0.03;0.0;2.96
2028;195;286;beauce_5_sa_083;solnu;;0.0;0.0;18.68;-14.55;0.0;18.38;22.51;0.01;0.0;0;0;0;-112.0;0.0;0.01;0.0;0.0
2028;287;366;beauce_5_sa_083;BTH;;1.2;0.0;10.57;-28.88;0.0;22.7;6.86;0.0;0.0;0;0.0;0;-75.28;0.0;0.0;0.0;1.2
2028;1;205;beauce_5_sa_084;BTH;;30.49;2.9;51.9;51.04;164.11;243.05;372.38;0.24;0.01;0;132.62;0;-122.07;0.18;0.06;2.9;30.49
2028;206;261;beauce_5_sa_084;solnu;;0.0;0.0;25.72;-10.37;0.0;372.38;387.72;0.01;0.0;0;0;0;-162.13;0.0;0.01;0.0;0.0
2028;262;366;beauce_5_sa_084;BTH;;22.69;0.0;18.66;-68.51;62.88;387.94;252.12;0.17;0.0;0;37.0;0;109.62;0.15;0.02;0.0;22.69
2028;1;224;beauce_5_sa_085;BTH;;4.17;1.0;50.82;70.43;119.88;30.53;103.1;0.11;0.01;0;74.08;0;-187.1;0.04;0.07;1.0;4.17
2028;225;265;beauce_5_sa_085;solnu;;0.0;0.0;10.86;-12.35;0.0;103.1;101.61;0.0;0.0;0;0;0;-80.14;0.0;0.0;0.0;0.0
2028;266;366;beauce_5_sa_085;BTH;;2.35;0.0;15.05;-85.93;14.25;101.73;14.12;0.01;0.0;0;8.39;0;24.84;0.01;0.0;0.0;2.35
2028;1;225;beauce_5_sa_086;BTH;;12.1;1.76;55.16;72.83;135.41;99.66;213.3;0.15;0.0;0;104.75;0;-268.14;0.07;0.08;1.76;12.1
2028;226;264;beauce_5_sa_086;solnu;;0.0;0.0;14.53;-13.22;0.0;213.3;214.6;0.0;0.0;0;0;0;-105.89;0.0;0.0;0.0;0.0
2028;265;366;beauce_5_sa_086;BTH;;8.03;0.0;15.6;-69.95;57.62;214.76;94.47;0.13;0.0;0;33.91;0;34.87;0.11;0.02;0.0;8.03
2028;1;181;beauce_5_sa_087;BTH;;3.54;1.2;35.57;14.07;130.52;19.67;23.58;0.08;0.0;0;76.8;0;44.57;0.05;0.03;1.2;3.54
2028;182;301;beauce_5_sa_087;solnu;;0.0;0.0;27.6;-31.43;0.0;23.58;23.34;0.01;0.0;0;0;0;-171.98;0.0;0.01;0.0;0.0
2028;302;366;beauce_5_sa_087;BTH;;2.61;0.0;9.41;-13.77;0.0;23.34;20.8;0.0;0.0;0;0.0;0;-21.15;0.0;0.0;0.0;2.61
2028;1;213;beauce_5_sa_088;BTH;;35.0;3.01;47.59;51.09;226.61;294.52;362.67;0.12;0.01;0;134.61;0;51.81;0.06;0.06;3.01;35.0
2028;214;315;beauce_5_sa_088;solnu;;0.0;0.0;22.6;-5.95;0.0;362.67;379.26;0.07;0.0;0;0;0;-64.66;0.06;0.01;0.0;0.0
2028;316;366;beauce_5_sa_088;BTH;;0.26;0.0;7.44;-81.94;3.23;379.44;301.17;0.09;0.0;0;1.9;0;66.49;0.09;0.0;0.0;0.26
2028;1;220;beauce_5_sa_089;BTH;;10.1;0.0;49.37;28.43;124.11;107.08;52.07;0.1;0.0;0;74.09;0;5.81;0.05;0.05;0.0;10.1
2028;221;317;beauce_5_sa_089;solnu;;0.27;0.0;18.84;-42.45;0.0;52.07;33.72;0.0;0.0;0;0;0;-158.18;0.0;0.0;0.0;0.27
2028;318;366;beauce_5_sa_089;BTH;;4.15;1.25;6.27;-17.29;2.46;33.79;111.9;0.02;0.0;0;1.45;0;7.19;0.02;0.0;1.25;4.15
2028;1;204;beauce_5_sa_090;BTH;;6.6;0.0;41.78;29.04;90.84;57.34;31.66;0.06;0.0;0;55.9;0;-38.88;0.02;0.04;0.0;6.6
2028;205;295;beauce_5_sa_090;solnu;;0.0;0.0;18.88;-29.69;0.0;31.66;20.85;0.01;0.0;0;0;0;-88.28;0.0;0.0;0.0;0.0
2028;296;366;beauce_5_sa_090;BTH;;3.82;0.72;10.08;-37.16;6.39;20.89;42.09;0.03;0.0;0;3.76;0;-71.01;0.03;0.0;0.72;3.82
2028;1;174;beauce_5_sa_091;BTH;;17.03;1.48;33.95;42.93;167.63;149.5;154.18;0.07;0.0;0;99.9;0;49.46;0.02;0.05;1.48;17.03
2028;175;315;beauce_5_sa_091;solnu;;0.0;0.0;30.38;2.57;0.0;154.18;187.53;0.07;0.0;0;0;0;-84.14;0.05;0.02;0.0;0.0
2028;316;366;beauce_5_sa_091;BTH;;8.65;0.52;7.1;-89.7;3.23;187.73;131.97;0.06;0.0;0;1.9;0;52.76;0.06;0.0;0.52;8.65
2028;1;199;beauce_5_sa_092;BTH;;0.76;0.0;38.55;12.63;46.84;4.37;8.0;0.03;0.0;0;27.56;0;-116.75;0.0;0.03;0.0;0.76
2028;200;302;beauce_5_sa_092;solnu;;0.01;0.0;20.23;-30.33;0.0;8.0;1.97;0.0;0.0;0;0;0;-162.0;0.0;0.0;0.0;0.01
2028;303;366;beauce_5_sa_092;BTH;;0.27;0.0;8.05;-9.72;0.0;1.86;1.64;0.0;0.0;0;0.0;0;-27.95;0.0;0.0;0.0;0.27
2028;1;230;beauce_5_sa_093;BTH;;2.08;0.67;53.37;23.93;97.95;16.31;43.76;0.05;0.0;0;57.64;0;-74.01;0.0;0.05;0.67;2.08
2028;231;286;beauce_5_sa_093;solnu;;0.0;0.0;12.81;-47.6;0.0;43.76;8.96;0.01;0.0;0;0;0;-73.61;0.01;0.0;0.0;0.0
2028;287;366;beauce_5_sa_093;BTH;;1.01;0.0;11.19;-16.03;0.0;8.05;7.08;0.0;0.0;0;0.0;0;-7.61;0.0;0.0;0.0;1.01
2028;1;199;beauce_5_sa_094;BTH;;18.33;2.24;42.95;58.64;168.02;149.98;235.33;0.13;0.01;0;116.22;0;-65.69;0.07;0.06;2.24;18.33
2028;200;281;beauce_5_sa_094;solnu;;0.0;0.0;21.62;-8.06;0.0;235.33;248.86;0.02;0.0;0;0;0;-119.15;0.01;0.01;0.0;0.0
2028;282;366;beauce_5_sa_094;BTH;;10.91;0.0;13.7;-77.14;31.8;249.42;142.61;0.1;0.0;0;18.71;0;66.8;0.1;0.01;0.0;10.91
2028;1;223;beauce_5_sa_095;BTH;;3.16;0.0;46.15;10.26;45.28;17.6;25.84;0.03;0.0;0;26.64;0;-163.46;0.0;0.03;0.0;3.16
2028;224;302;beauce_5_sa_095;solnu;;0.03;0.0;13.31;-31.51;0.0;25.84;8.11;0.01;0.0;0;0;0;-84.37;0.0;0.0;0.0;0.03
2028;303;366;beauce_5_sa_095;BTH;;1.18;0.0;7.92;-10.37;0.0;8.11;7.01;0.0;0.0;0;0.0;0;-37.69;0.0;0.0;0.0;1.18
2028;1;186;beauce_5_sa_096;BTH;;3.69;0.0;33.7;6.11;46.4;20.71;9.53;0.02;0.0;0;27.3;0;-127.96;0.0;0.02;0.0;3.69
2028;187;312;beauce_5_sa_096;solnu;;0.22;0.0;25.1;-13.84;0.0;9.53;20.7;0.01;0.0;0;0;0;-119.87;0.01;0.01;0.0;0.22
2028;313;366;beauce_5_sa_096;BTH;;1.28;0.0;6.36;-20.52;0.0;21.11;9.13;0.0;0.0;0;0.0;0;-75.49;0.0;0.0;0.0;1.28
2028;1;177;beauce_5_sa_097;BTH;;9.75;0.0;29.87;46.85;114.31;82.97;36.27;0.06;0.0;0;68.66;0;-90.78;0.02;0.05;0.0;9.75
2028;178;313;beauce_5_sa_097;solnu;;0.0;0.0;26.65;2.73;0.0;36.27;66.13;0.04;0.0;0;0;0;-118.53;0.02;0.02;0.0;0.0
2028;314;366;beauce_5_sa_097;BTH;;4.78;0.97;6.12;-75.88;3.74;66.26;60.75;0.04;0.0;0;2.2;0;-17.23;0.04;0.0;0.97;4.78
2028;1;201;beauce_5_sa_098;BTH;;3.2;0.0;39.27;7.96;45.71;18.07;16.66;0.03;0.0;0;26.9;0;-122.44;0.0;0.03;0.0;3.2
2028;202;296;beauce_5_sa_098;solnu;;0.0;0.0;18.65;-15.88;0.0;16.66;19.42;0.01;0.0;0;0;0;-100.6;0.0;0.0;0.0;0.0
2028;297;366;beauce_5_sa_098;BTH;;1.21;0.0;9.37;-24.7;0.0;19.61;7.03;0.0;0.0;0;0.0;0;-72.04;0.0;0.0;0.0;1.21
2028;1;200;beauce_5_sa_099;BTH;;3.33;0.43;49.98;44.56;144.59;105.13;84.19;0.17;0.0;0;94.75;0;-143.61;0.12;0.06;0.43;3.33
2028;201;260;beauce_5_sa_099;solnu;;0.0;0.0;25.02;-89.7;0.0;84.19;19.51;0.01;0.0;0;0;0;-151.14;0.0;0.01;0.0;0.0
2028;261;366;beauce_5_sa_099;BTH;;2.04;1.0;18.88;-14.78;2.6;18.71;94.05;0.01;0.0;0;1.53;0;122.91;0.0;0.0;1.0;2.04
