annee;jourDebut;jourFin;parcelle;couvert;itk;N_lixivie[kgN/ha];N_volatilise_NH3[kgN/ha];N_mineralise_net_SOM[kgN/ha];N_mineralise_net_residus[kgN/ha];N_acquis_couvert[kgN/ha];N_mineral_debut[kgN/ha];N_mineral_fin[kgN/ha];emissions_N2O_directes[kgN/ha];emissions_N2[kgN/ha];N_fixe_legumineuses[kgN/ha];satisfactionAzote_culture[%];satisfactionAzote_ci[%];delta_Corg[kgC/ha];emissions_N2O_denit[kgN-N2O/ha];emissions_N2O_nit[kgN-N2O/ha];emissions_N2O_indirectes_volat[kgN-N2O/ha];emissions_N2O_indirectes_lixiv[kgN-N2O/ha]
2019;213;257;beauce_5_sa_000;solnu;;0.0;0.0;15.61;0.0;0.0;35.0;50.6;0.01;0.0;0;0;0;-173.43;0.0;0.01;0.0;0.0
2019;258;365;beauce_5_sa_000;BTH;;0.32;0.48;17.7;0.0;51.34;50.75;52.93;0.02;0.0;0;30.21;0;-198.57;0.01;0.01;0.48;0.32
2019;213;311;beauce_5_sa_001;solnu;;0.0;0.0;24.47;0.0;0.0;35.0;59.45;0.03;0.0;0;0;0;-271.09;0.01;0.01;0.0;0.0
2019;312;365;beauce_5_sa_001;BTH;;0.27;0.22;8.7;0.0;3.51;59.67;64.32;0.05;0.0;0;2.07;0;-99.46;0.04;0.01;0.22;0.27
2019;213;304;beauce_5_sa_002;solnu;;0.0;0.0;23.09;0.0;0.0;35.0;58.07;0.01;0.0;0;0;0;-256.64;0.0;0.01;0.0;0.0
2019;305;365;beauce_5_sa_002;BTH;;0.28;0.2;10.09;0.0;4.92;58.2;78.09;0.07;0.0;0;2.9;0;-113.9;0.06;0.01;0.2;0.28
2019;213;285;beauce_5_sa_003;solnu;;0.0;0.0;20.11;0.0;0.0;35.0;55.1;0.01;0.0;0;0;0;-224.25;0.0;0.01;0.0;0.0
2019;286;365;beauce_5_sa_003;BTH;;0.27;0.0;13.06;0.0;20.49;55.27;47.36;0.05;0.0;0;12.06;0;-146.32;0.04;0.01;0.0;0.27
2019;213;309;beauce_5_sa_004;solnu;;0.0;0.0;24.02;0.0;0.0;35.0;59.0;0.02;0.0;0;0;0;-267.71;0.01;0.01;0.0;0.0
2019;310;365;beauce_5_sa_004;BTH;;0.27;0.0;9.16;0.0;4.07;59.18;63.76;0.05;0.0;0;2.4;0;-102.83;0.05;0.01;0.0;0.27
2019;213;284;beauce_5_sa_005;solnu;;0.0;0.0;20.02;0.0;0.0;35.0;55.01;0.01;0.0;0;0;0;-223.34;0.0;0.01;0.0;0.0
2019;285;365;beauce_5_sa_005;BTH;;0.27;0.0;13.16;0.0;21.42;55.1;46.42;0.05;0.0;0;12.61;0;-147.26;0.04;0.01;0.0;0.27
2019;213;301;beauce_5_sa_006;solnu;;0.0;0.0;22.62;0.0;0.0;35.0;57.61;0.01;0.0;0;0;0;-251.45;0.0;0.01;0.0;0.0
2019;302;365;beauce_5_sa_006;BTH;;0.27;0.0;10.55;0.0;5.47;57.74;62.37;0.06;0.0;0;3.22;0;-119.1;0.05;0.01;0.0;0.27
2019;213;314;beauce_5_sa_007;solnu;;0.0;0.0;25.19;0.0;0.0;35.0;60.16;0.03;0.0;0;0;0;-279.32;0.02;0.02;0.0;0.0
2019;315;365;beauce_5_sa_007;BTH;;0.27;0.0;7.98;0.0;2.83;60.38;65.0;0.04;0.0;0;1.66;0;-91.23;0.04;0.0;0.0;0.27
2019;213;266;beauce_5_sa_008;solnu;;0.0;0.0;17.41;0.0;0.0;35.0;52.4;0.01;0.0;0;0;0;-193.02;0.0;0.01;0.0;0.0
2019;267;365;beauce_5_sa_008;BTH;;0.34;0.0;16.16;0.0;42.7;52.75;25.5;0.02;0.0;0;25.13;0;-182.03;0.01;0.01;0.0;0.34
2019;213;297;beauce_5_sa_009;solnu;;0.0;0.0;21.98;0.0;0.0;35.0;56.97;0.01;0.0;0;0;0;-243.58;0.0;0.01;0.0;0.0
2019;298;365;beauce_5_sa_009;BTH;;0.27;0.0;11.2;0.0;7.14;57.12;60.7;0.06;0.0;0;4.2;0;-126.97;0.05;0.01;0.0;0.27
2019;213;262;beauce_5_sa_010;solnu;;0.0;0.0;16.32;0.0;0.0;35.0;51.31;0.01;0.0;0;0;0;-180.67;0.0;0.01;0.0;0.0
2019;263;365;beauce_5_sa_010;BTH;;0.32;0.0;16.82;0.0;45.36;51.62;22.43;0.02;0.0;0;26.69;0;-189.47;0.01;0.01;0.0;0.32
2019;213;307;beauce_5_sa_011;solnu;;0.0;0.0;23.76;0.0;0.0;35.0;58.74;0.02;0.0;0;0;0;-262.06;0.01;0.01;0.0;0.0
2019;308;365;beauce_5_sa_011;BTH;;0.26;0.0;9.42;0.0;4.32;58.88;63.52;0.05;0.0;0;2.54;0;-108.47;0.05;0.01;0.0;0.26
2019;213;308;beauce_5_sa_012;solnu;;0.0;0.0;23.91;0.0;0.0;35.0;58.88;0.02;0.0;0;0;0;-266.13;0.01;0.01;0.0;0.0
2019;309;365;beauce_5_sa_012;BTH;;0.27;0.0;9.27;0.0;4.25;59.0;63.58;0.05;0.0;0;2.5;0;-104.45;0.05;0.01;0.0;0.27
2019;213;298;beauce_5_sa_013;solnu;;0.0;0.0;22.13;0.0;0.0;35.0;57.12;0.01;0.0;0;0;0;-246.16;0.0;0.01;0.0;0.0
2019;299;365;beauce_5_sa_013;BTH;;0.27;0.48;11.04;0.0;6.68;57.25;97.45;0.07;0.0;0;3.93;0;-124.38;0.06;0.01;0.48;0.27
2019;213;315;beauce_5_sa_014;solnu;;0.0;0.0;25.41;0.0;0.0;35.0;60.38;0.03;0.0;0;0;0;-282.16;0.02;0.02;0.0;0.0
2019;316;365;beauce_5_sa_014;BTH;;0.27;0.0;7.77;0.0;2.68;60.53;65.15;0.04;0.0;0;1.58;0;-88.38;0.04;0.0;0.0;0.27
2019;213;256;beauce_5_sa_015;solnu;;0.0;0.0;15.42;0.0;0.0;35.0;50.41;0.01;0.0;0;0;0;-171.43;0.0;0.01;0.0;0.0
2019;257;365;beauce_5_sa_015;BTH;;0.32;0.0;17.77;0.0;51.43;50.53;16.41;0.01;0.0;0;30.27;0;-199.25;0.0;0.01;0.0;0.32
2019;213;261;beauce_5_sa_016;solnu;;0.0;0.0;16.13;0.0;0.0;35.0;51.12;0.01;0.0;0;0;0;-178.38;0.0;0.01;0.0;0.0
2019;262;365;beauce_5_sa_016;BTH;;0.32;0.0;17.05;0.0;50.85;51.31;16.99;0.01;0.0;0;29.92;0;-192.18;0.0;0.01;0.0;0.32
2019;213;315;beauce_5_sa_017;solnu;;0.0;0.0;25.41;0.0;0.0;35.0;60.38;0.03;0.0;0;0;0;-282.18;0.02;0.02;0.0;0.0
2019;316;365;beauce_5_sa_017;BTH;;0.36;1.11;7.76;0.0;2.68;60.53;148.53;0.07;0.0;0;1.58;0;-88.38;0.06;0.0;1.11;0.36
2019;213;312;beauce_5_sa_018;solnu;;0.0;0.0;24.69;0.0;0.0;35.0;59.66;0.03;0.0;0;0;0;-274.01;0.01;0.01;0.0;0.0
2019;313;365;beauce_5_sa_018;BTH;;0.26;0.0;8.48;0.0;3.33;59.91;64.51;0.05;0.0;0;1.96;0;-96.47;0.04;0.01;0.0;0.26
2019;213;312;beauce_5_sa_019;solnu;;0.0;0.0;24.7;0.0;0.0;35.0;59.67;0.03;0.0;0;0;0;-274.08;0.01;0.01;0.0;0.0
2019;313;365;beauce_5_sa_019;BTH;;0.27;0.0;8.48;0.0;3.33;59.91;64.51;0.05;0.0;0;1.96;0;-96.47;0.04;0.01;0.0;0.27
2019;213;267;beauce_5_sa_020;solnu;;0.0;0.0;17.49;0.0;0.0;35.0;52.48;0.01;0.0;0;0;0;-192.1;0.0;0.01;0.0;0.0
2019;268;365;beauce_5_sa_020;BTH;;0.32;0.0;15.66;0.0;40.45;52.72;27.35;0.03;0.0;0;23.8;0;-178.2;0.02;0.01;0.0;0.32
2019;213;312;beauce_5_sa_021;solnu;;0.0;0.0;24.7;0.0;0.0;35.0;59.67;0.03;0.0;0;0;0;-274.08;0.01;0.01;0.0;0.0
2019;313;365;beauce_5_sa_021;BTH;;0.27;0.0;8.48;0.0;3.33;59.91;64.51;0.05;0.0;0;1.96;0;-96.47;0.04;0.01;0.0;0.27
2019;213;262;beauce_5_sa_022;solnu;;0.0;0.0;16.32;0.0;0.0;35.0;51.31;0.01;0.0;0;0;0;-180.61;0.0;0.01;0.0;0.0
2019;263;365;beauce_5_sa_022;BTH;;0.32;0.0;16.84;0.0;47.74;51.61;20.07;0.02;0.0;0;28.09;0;-189.74;0.01;0.01;0.0;0.32
2019;213;263;beauce_5_sa_023;solnu;;0.0;0.0;16.62;0.0;0.0;35.0;51.61;0.01;0.0;0;0;0;-182.73;0.0;0.01;0.0;0.0
2019;264;365;beauce_5_sa_023;BTH;;0.32;0.0;16.56;0.0;47.01;51.75;20.82;0.02;0.0;0;27.66;0;-187.91;0.01;0.01;0.0;0.32
2019;213;275;beauce_5_sa_024;solnu;;0.0;0.0;18.98;0.0;0.0;35.0;53.97;0.01;0.0;0;0;0;-210.97;0.0;0.01;0.0;0.0
2019;276;365;beauce_5_sa_024;BTH;;0.27;0.0;14.17;0.0;28.47;54.04;39.34;0.04;0.0;0;16.75;0;-159.24;0.03;0.01;0.0;0.27
2019;213;264;beauce_5_sa_025;solnu;;0.0;0.0;16.76;0.0;0.0;35.0;51.75;0.01;0.0;0;0;0;-186.17;0.0;0.01;0.0;0.0
2019;265;365;beauce_5_sa_025;BTH;;0.32;0.0;16.41;0.0;45.6;51.97;22.22;0.02;0.0;0;26.83;0;-184.3;0.01;0.01;0.0;0.32
2019;213;275;beauce_5_sa_026;solnu;;0.0;0.0;18.99;0.0;0.0;35.0;53.98;0.01;0.0;0;0;0;-211.05;0.0;0.01;0.0;0.0
2019;276;365;beauce_5_sa_026;BTH;;0.29;0.0;14.19;0.0;30.31;54.05;37.53;0.04;0.0;0;17.84;0;-159.56;0.03;0.01;0.0;0.29
2019;213;312;beauce_5_sa_027;solnu;;0.0;0.0;24.7;0.0;0.0;35.0;59.67;0.03;0.0;0;0;0;-274.08;0.01;0.01;0.0;0.0
2019;313;365;beauce_5_sa_027;BTH;;0.27;0.0;8.48;0.0;3.33;59.91;64.51;0.05;0.0;0;1.96;0;-96.47;0.04;0.01;0.0;0.27
2019;213;261;beauce_5_sa_028;solnu;;0.0;0.0;16.13;0.0;0.0;35.0;51.12;0.01;0.0;0;0;0;-178.38;0.0;0.01;0.0;0.0
2019;262;365;beauce_5_sa_028;BTH;;0.32;0.0;17.05;0.0;50.85;51.31;16.99;0.01;0.0;0;29.92;0;-192.18;0.0;0.01;0.0;0.32
2019;213;297;beauce_5_sa_029;solnu;;0.0;0.0;21.97;0.0;0.0;35.0;56.96;0.01;0.0;0;0;0;-243.54;0.0;0.01;0.0;0.0
2019;298;365;beauce_5_sa_029;BTH;;0.26;0.0;11.19;0.0;7.14;57.11;60.7;0.06;0.0;0;4.2;0;-126.93;0.05;0.01;0.0;0.26
2019;213;279;beauce_5_sa_030;solnu;;0.0;0.0;19.44;0.0;0.0;35.0;54.43;0.01;0.0;0;0;0;-216.73;0.0;0.01;0.0;0.0
2019;280;365;beauce_5_sa_030;BTH;;0.26;0.32;13.7;0.0;25.38;54.59;42.45;0.04;0.0;0;14.93;0;-153.51;0.04;0.01;0.32;0.26
2019;213;256;beauce_5_sa_031;solnu;;0.0;0.0;15.41;0.0;0.0;35.0;50.4;0.01;0.0;0;0;0;-171.39;0.0;0.01;0.0;0.0
2019;257;365;beauce_5_sa_031;BTH;;0.32;0.0;17.72;0.0;51.5;50.52;16.29;0.01;0.0;0;30.3;0;-198.68;0.0;0.01;0.0;0.32
2019;213;274;beauce_5_sa_032;solnu;;0.0;0.0;18.84;0.0;0.0;35.0;53.83;0.01;0.0;0;0;0;-209.26;0.0;0.01;0.0;0.0
2019;275;365;beauce_5_sa_032;BTH;;0.28;0.0;14.32;0.0;30.99;53.98;36.85;0.04;0.0;0;18.24;0;-161.22;0.03;0.01;0.0;0.28
2019;213;270;beauce_5_sa_033;solnu;;0.0;0.0;18.13;0.0;0.0;35.0;53.12;0.01;0.0;0;0;0;-200.72;0.0;0.01;0.0;0.0
2019;271;365;beauce_5_sa_033;BTH;;0.34;0.0;15.05;0.0;37.3;53.33;30.5;0.03;0.0;0;21.95;0;-169.9;0.02;0.01;0.0;0.34
2019;213;293;beauce_5_sa_034;solnu;;0.0;0.0;21.25;0.0;0.0;35.0;56.24;0.01;0.0;0;0;0;-235.96;0.0;0.01;0.0;0.0
2019;294;365;beauce_5_sa_034;BTH;;0.32;0.8;11.92;0.0;9.37;56.39;118.58;0.08;0.0;0;5.51;0;-134.5;0.07;0.01;0.8;0.32
2019;213;271;beauce_5_sa_035;solnu;;0.0;0.0;18.34;0.0;0.0;35.0;53.33;0.01;0.0;0;0;0;-203.02;0.0;0.01;0.0;0.0
2019;272;365;beauce_5_sa_035;BTH;;0.3;0.21;14.81;0.0;34.47;53.48;48.92;0.04;0.0;0;20.28;0;-167.2;0.03;0.01;0.21;0.3
2019;213;309;beauce_5_sa_036;solnu;;0.0;0.0;24.02;0.0;0.0;35.0;59.0;0.02;0.0;0;0;0;-267.75;0.01;0.01;0.0;0.0
2019;310;365;beauce_5_sa_036;BTH;;0.27;0.0;9.15;0.0;4.07;59.18;63.76;0.05;0.0;0;2.4;0;-102.83;0.05;0.01;0.0;0.27
2019;213;273;beauce_5_sa_037;solnu;;0.0;0.0;18.68;0.0;0.0;35.0;53.67;0.01;0.0;0;0;0;-207.2;0.0;0.01;0.0;0.0
2019;274;365;beauce_5_sa_037;BTH;;0.28;0.0;14.48;0.0;32.34;53.83;35.49;0.04;0.0;0;19.03;0;-163.15;0.03;0.01;0.0;0.28
2019;213;289;beauce_5_sa_038;solnu;;0.0;0.0;20.63;0.0;0.0;35.0;55.61;0.01;0.0;0;0;0;-229.94;0.0;0.01;0.0;0.0
2019;290;365;beauce_5_sa_038;BTH;;0.31;0.0;12.65;0.0;15.13;55.71;52.77;0.05;0.0;0;8.9;0;-141.72;0.05;0.01;0.0;0.31
2019;213;309;beauce_5_sa_039;solnu;;0.0;0.0;24.02;0.0;0.0;35.0;58.99;0.02;0.0;0;0;0;-267.68;0.01;0.01;0.0;0.0
2019;310;365;beauce_5_sa_039;BTH;;0.28;0.4;9.16;0.0;4.07;59.18;93.44;0.06;0.0;0;2.4;0;-102.83;0.05;0.01;0.4;0.28
2019;213;290;beauce_5_sa_040;solnu;;0.0;0.0;20.66;0.0;0.0;35.0;55.64;0.01;0.0;0;0;0;-230.27;0.0;0.01;0.0;0.0
2019;291;365;beauce_5_sa_040;BTH;;0.27;0.0;12.52;0.0;13.48;55.82;54.37;0.06;0.0;0;7.93;0;-140.28;0.05;0.01;0.0;0.27
2019;213;314;beauce_5_sa_041;solnu;;0.0;0.0;25.2;0.0;0.0;35.0;60.17;0.03;0.0;0;0;0;-279.35;0.02;0.02;0.0;0.0
2019;315;365;beauce_5_sa_041;BTH;;0.27;0.0;7.98;0.0;2.83;60.38;65.01;0.04;0.0;0;1.66;0;-91.22;0.04;0.0;0.0;0.27
2019;213;295;beauce_5_sa_042;solnu;;0.0;0.0;21.57;0.0;0.0;35.0;56.55;0.01;0.0;0;0;0;-239.76;0.0;0.01;0.0;0.0
2019;296;365;beauce_5_sa_042;BTH;;0.27;0.0;11.61;0.0;8.32;56.73;59.52;0.06;0.0;0;4.89;0;-130.79;0.05;0.01;0.0;0.27
2019;213;263;beauce_5_sa_043;solnu;;0.0;0.0;16.62;0.0;0.0;35.0;51.61;0.01;0.0;0;0;0;-182.72;0.0;0.01;0.0;0.0
2019;264;365;beauce_5_sa_043;BTH;;0.34;1.12;16.56;0.0;46.91;51.75;104.44;0.06;0.0;0;27.61;0;-187.87;0.05;0.01;1.12;0.34
2019;213;309;beauce_5_sa_044;solnu;;0.0;0.0;24.02;0.0;0.0;35.0;59.0;0.02;0.0;0;0;0;-267.71;0.01;0.01;0.0;0.0
2019;310;365;beauce_5_sa_044;BTH;;0.27;0.0;9.15;0.0;4.07;59.18;63.76;0.05;0.0;0;2.4;0;-102.83;0.05;0.01;0.0;0.27
2019;213;292;beauce_5_sa_045;solnu;;0.0;0.0;21.07;0.0;0.0;35.0;56.06;0.01;0.0;0;0;0;-233.33;0.0;0.01;0.0;0.0
2019;293;365;beauce_5_sa_045;BTH;;0.27;0.0;12.11;0.0;10.9;56.24;56.94;0.06;0.0;0;6.42;0;-137.22;0.05;0.01;0.0;0.27
2019;213;309;beauce_5_sa_046;solnu;;0.0;0.0;24.01;0.0;0.0;35.0;58.98;0.02;0.0;0;0;0;-267.56;0.01;0.01;0.0;0.0
2019;310;365;beauce_5_sa_046;BTH;;0.25;1.18;9.16;0.0;4.07;59.17;152.08;0.06;0.0;0;2.4;0;-102.83;0.05;0.01;1.18;0.25
2019;213;272;beauce_5_sa_047;solnu;;0.0;0.0;18.5;0.0;0.0;35.0;53.49;0.01;0.0;0;0;0;-205.41;0.0;0.01;0.0;0.0
2019;273;365;beauce_5_sa_047;BTH;;0.29;0.0;14.67;0.0;32.59;53.67;35.23;0.04;0.0;0;19.18;0;-165.05;0.03;0.01;0.0;0.29
2019;213;264;beauce_5_sa_048;solnu;;0.0;0.0;16.76;0.0;0.0;35.0;51.75;0.01;0.0;0;0;0;-186.23;0.0;0.01;0.0;0.0
2019;265;365;beauce_5_sa_048;BTH;;0.32;0.0;16.39;0.0;43.78;51.97;24.02;0.02;0.0;0;25.76;0;-184.11;0.01;0.01;0.0;0.32
2019;213;278;beauce_5_sa_049;solnu;;0.0;0.0;19.43;0.0;0.0;35.0;54.42;0.01;0.0;0;0;0;-216.49;0.0;0.01;0.0;0.0
2019;279;365;beauce_5_sa_049;BTH;;0.29;0.0;13.83;0.0;25.54;54.51;42.38;0.04;0.0;0;15.03;0;-155.07;0.04;0.01;0.0;0.29
2019;213;266;beauce_5_sa_050;solnu;;0.0;0.0;17.15;0.0;0.0;35.0;52.14;0.01;0.0;0;0;0;-190.14;0.0;0.01;0.0;0.0
2019;267;365;beauce_5_sa_050;BTH;;0.32;0.0;16.02;0.0;43.19;52.48;24.63;0.02;0.0;0;25.41;0;-180.4;0.01;0.01;0.0;0.32
2019;213;282;beauce_5_sa_051;solnu;;0.0;0.0;19.76;0.0;0.0;35.0;54.74;0.01;0.0;0;0;0;-220.42;0.0;0.01;0.0;0.0
2019;283;365;beauce_5_sa_051;BTH;;0.28;0.0;13.43;0.0;22.47;54.93;45.37;0.05;0.0;0;13.23;0;-150.21;0.04;0.01;0.0;0.28
2019;213;273;beauce_5_sa_052;solnu;;0.0;0.0;18.68;0.0;0.0;35.0;53.67;0.01;0.0;0;0;0;-207.18;0.0;0.01;0.0;0.0
2019;274;365;beauce_5_sa_052;BTH;;0.27;0.0;14.46;0.0;31.69;53.83;36.13;0.04;0.0;0;18.65;0;-163.0;0.03;0.01;0.0;0.27
2019;213;291;beauce_5_sa_053;solnu;;0.0;0.0;20.91;0.0;0.0;35.0;55.89;0.01;0.0;0;0;0;-232.15;0.0;0.01;0.0;0.0
2019;292;365;beauce_5_sa_053;BTH;;0.3;0.0;12.37;0.0;12.37;56.13;55.53;0.06;0.0;0;7.28;0;-139.5;0.05;0.01;0.0;0.3
2019;213;277;beauce_5_sa_054;solnu;;0.0;0.0;19.3;0.0;0.0;35.0;54.29;0.01;0.0;0;0;0;-213.98;0.0;0.01;0.0;0.0
2019;278;365;beauce_5_sa_054;BTH;;0.28;0.0;13.92;0.0;27.16;54.39;40.72;0.04;0.0;0;15.98;0;-157.05;0.03;0.01;0.0;0.28
2019;213;264;beauce_5_sa_055;solnu;;0.0;0.0;16.76;0.0;0.0;35.0;51.75;0.01;0.0;0;0;0;-186.17;0.0;0.01;0.0;0.0
2019;265;365;beauce_5_sa_055;BTH;;0.32;0.0;16.41;0.0;45.6;51.97;22.22;0.02;0.0;0;26.83;0;-184.3;0.01;0.01;0.0;0.32
2019;213;264;beauce_5_sa_056;solnu;;0.0;0.0;16.74;0.0;0.0;35.0;51.73;0.01;0.0;0;0;0;-186.02;0.0;0.01;0.0;0.0
2019;265;365;beauce_5_sa_056;BTH;;0.31;0.0;16.37;0.0;44.0;51.95;23.76;0.02;0.0;0;25.89;0;-183.81;0.01;0.01;0.0;0.31
2019;213;264;beauce_5_sa_057;solnu;;0.0;0.0;16.74;0.0;0.0;35.0;51.73;0.01;0.0;0;0;0;-186.04;0.0;0.01;0.0;0.0
2019;265;365;beauce_5_sa_057;BTH;;0.34;1.26;16.36;0.0;43.65;51.95;118.68;0.06;0.0;0;25.68;0;-183.74;0.05;0.01;1.26;0.34
2019;213;298;beauce_5_sa_058;solnu;;0.0;0.0;22.13;0.0;0.0;35.0;57.12;0.01;0.0;0;0;0;-246.16;0.0;0.01;0.0;0.0
2019;299;365;beauce_5_sa_058;BTH;;0.26;0.0;11.04;0.0;6.68;57.25;61.15;0.06;0.0;0;3.93;0;-124.38;0.05;0.01;0.0;0.26
2019;213;315;beauce_5_sa_059;solnu;;0.0;0.0;25.41;0.0;0.0;35.0;60.38;0.03;0.0;0;0;0;-282.16;0.02;0.02;0.0;0.0
2019;316;365;beauce_5_sa_059;BTH;;0.27;0.0;7.77;0.0;2.68;60.53;65.15;0.04;0.0;0;1.58;0;-88.39;0.04;0.0;0.0;0.27
2019;213;257;beauce_5_sa_060;solnu;;0.0;0.0;15.54;0.0;0.0;35.0;50.53;0.01;0.0;0;0;0;-172.66;0.0;0.01;0.0;0.0
2019;258;365;beauce_5_sa_060;BTH;;0.32;0.0;17.65;0.0;51.44;50.68;16.4;0.01;0.0;0;30.27;0;-198.06;0.0;0.01;0.0;0.32
2019;213;302;beauce_5_sa_061;solnu;;0.0;0.0;22.76;0.0;0.0;35.0;57.74;0.01;0.0;0;0;0;-253.38;0.0;0.01;0.0;0.0
2019;303;365;beauce_5_sa_061;BTH;;0.27;1.26;10.42;0.0;5.26;57.9;62.58;0.06;0.0;0;3.09;0;-117.16;0.05;0.01;1.26;0.27
2019;213;262;beauce_5_sa_062;solnu;;0.0;0.0;16.33;0.0;0.0;35.0;51.32;0.01;0.0;0;0;0;-180.74;0.0;0.01;0.0;0.0
2019;263;365;beauce_5_sa_062;BTH;;0.32;0.0;16.86;0.0;46.44;51.63;21.4;0.02;0.0;0;27.32;0;-189.97;0.01;0.01;0.0;0.32
2019;213;261;beauce_5_sa_063;solnu;;0.0;0.0;16.12;0.0;0.0;35.0;51.11;0.01;0.0;0;0;0;-178.34;0.0;0.01;0.0;0.0
2019;262;365;beauce_5_sa_063;BTH;;0.33;0.54;17.02;0.0;49.74;51.3;58.48;0.04;0.0;0;29.27;0;-191.78;0.03;0.01;0.54;0.33
2019;213;265;beauce_5_sa_064;solnu;;0.0;0.0;16.98;0.0;0.0;35.0;51.97;0.01;0.0;0;0;0;-187.68;0.0;0.01;0.0;0.0
2019;266;365;beauce_5_sa_064;BTH;;0.32;0.0;16.19;0.0;44.25;52.14;23.57;0.02;0.0;0;26.04;0;-182.82;0.01;0.01;0.0;0.32
2019;213;304;beauce_5_sa_065;solnu;;0.0;0.0;23.08;0.0;0.0;35.0;58.07;0.01;0.0;0;0;0;-256.61;0.0;0.01;0.0;0.0
2019;305;365;beauce_5_sa_065;BTH;;0.26;0.0;10.09;0.0;4.92;58.2;62.92;0.06;0.0;0;2.9;0;-113.89;0.05;0.01;0.0;0.26
2019;213;288;beauce_5_sa_066;solnu;;0.0;0.0;20.47;0.0;0.0;35.0;55.45;0.01;0.0;0;0;0;-227.99;0.0;0.01;0.0;0.0
2019;289;365;beauce_5_sa_066;BTH;;0.27;0.95;12.71;0.0;17.31;55.55;50.54;0.05;0.0;0;10.19;0;-142.58;0.04;0.01;0.95;0.27
2019;213;278;beauce_5_sa_067;solnu;;0.0;0.0;19.34;0.0;0.0;35.0;54.33;0.01;0.0;0;0;0;-215.54;0.0;0.01;0.0;0.0
2019;279;365;beauce_5_sa_067;BTH;;0.26;0.0;13.79;0.0;25.7;54.42;42.12;0.04;0.0;0;15.12;0;-154.52;0.04;0.01;0.0;0.26
2019;213;302;beauce_5_sa_068;solnu;;0.0;0.0;22.76;0.0;0.0;35.0;57.74;0.01;0.0;0;0;0;-253.38;0.0;0.01;0.0;0.0
2019;303;365;beauce_5_sa_068;BTH;;0.27;0.0;10.42;0.0;5.26;57.9;62.58;0.06;0.0;0;3.09;0;-117.16;0.05;0.01;0.0;0.27
2019;213;287;beauce_5_sa_069;solnu;;0.0;0.0;20.34;0.0;0.0;35.0;55.33;0.01;0.0;0;0;0;-226.93;0.0;0.01;0.0;0.0
2019;288;365;beauce_5_sa_069;BTH;;0.25;0.0;12.8;0.0;18.44;55.44;49.39;0.05;0.0;0;10.85;0;-143.25;0.04;0.01;0.0;0.25
2019;213;257;beauce_5_sa_070;solnu;;0.0;0.0;15.54;0.0;0.0;35.0;50.53;0.01;0.0;0;0;0;-172.66;0.0;0.01;0.0;0.0
2019;258;365;beauce_5_sa_070;BTH;;0.32;0.0;17.65;0.0;51.44;50.68;16.4;0.01;0.0;0;30.27;0;-198.06;0.0;0.01;0.0;0.32
2019;213;260;beauce_5_sa_071;solnu;;0.0;0.0;15.92;0.0;0.0;35.0;50.91;0.01;0.0;0;0;0;-177.07;0.0;0.01;0.0;0.0
2019;261;365;beauce_5_sa_071;BTH;;0.33;0.0;17.35;0.0;50.95;51.11;16.97;0.01;0.0;0;29.98;0;-194.53;0.0;0.01;0.0;0.33
2019;213;264;beauce_5_sa_072;solnu;;0.0;0.0;16.8;0.0;0.0;35.0;51.79;0.01;0.0;0;0;0;-186.64;0.0;0.01;0.0;0.0
2019;265;365;beauce_5_sa_072;BTH;;0.33;0.0;16.47;0.0;44.09;52.01;23.81;0.02;0.0;0;25.95;0;-184.94;0.01;0.01;0.0;0.33
2019;213;300;beauce_5_sa_073;solnu;;0.0;0.0;22.45;0.0;0.0;35.0;57.44;0.01;0.0;0;0;0;-249.33;0.0;0.01;0.0;0.0
2019;301;365;beauce_5_sa_073;BTH;;0.36;1.18;10.72;0.0;5.61;57.61;150.83;0.08;0.0;0;3.3;0;-121.19;0.08;0.01;1.18;0.36
2019;213;312;beauce_5_sa_074;solnu;;0.0;0.0;24.7;0.0;0.0;35.0;59.67;0.03;0.0;0;0;0;-274.07;0.01;0.01;0.0;0.0
2019;313;365;beauce_5_sa_074;BTH;;0.3;0.8;8.48;0.0;3.33;59.91;124.65;0.06;0.0;0;1.96;0;-96.46;0.06;0.01;0.8;0.3
2019;213;283;beauce_5_sa_075;solnu;;0.0;0.0;19.94;0.0;0.0;35.0;54.93;0.01;0.0;0;0;0;-221.26;0.0;0.01;0.0;0.0
2019;284;365;beauce_5_sa_075;BTH;;0.27;0.0;13.23;0.0;22.4;55.01;45.45;0.05;0.0;0;13.18;0;-149.27;0.04;0.01;0.0;0.27
2019;213;313;beauce_5_sa_076;solnu;;0.0;0.0;24.94;0.0;0.0;35.0;59.91;0.03;0.0;0;0;0;-276.6;0.01;0.01;0.0;0.0
2019;314;365;beauce_5_sa_076;BTH;;0.27;0.0;8.24;0.0;3.0;60.16;64.83;0.05;0.0;0;1.76;0;-93.95;0.04;0.0;0.0;0.27
2019;213;291;beauce_5_sa_077;solnu;;0.0;0.0;20.83;0.0;0.0;35.0;55.82;0.01;0.0;0;0;0;-231.36;0.0;0.01;0.0;0.0
2019;292;365;beauce_5_sa_077;BTH;;0.27;1.18;12.34;0.0;12.4;56.06;143.56;0.06;0.0;0;7.29;0;-139.2;0.05;0.01;1.18;0.27
2019;213;272;beauce_5_sa_078;solnu;;0.0;0.0;18.47;0.0;0.0;35.0;53.46;0.01;0.0;0;0;0;-205.06;0.0;0.01;0.0;0.0
2019;273;365;beauce_5_sa_078;BTH;;0.29;0.0;14.65;0.0;32.62;53.64;35.17;0.04;0.0;0;19.2;0;-164.88;0.03;0.01;0.0;0.29
2019;213;300;beauce_5_sa_079;solnu;;0.0;0.0;22.45;0.0;0.0;35.0;57.43;0.01;0.0;0;0;0;-249.31;0.0;0.01;0.0;0.0
2019;301;365;beauce_5_sa_079;BTH;;0.26;0.0;10.72;0.0;5.61;57.61;62.23;0.06;0.0;0;3.3;0;-121.18;0.05;0.01;0.0;0.26
2019;213;293;beauce_5_sa_080;solnu;;0.0;0.0;21.25;0.0;0.0;35.0;56.24;0.01;0.0;0;0;0;-235.98;0.0;0.01;0.0;0.0
2019;294;365;beauce_5_sa_080;BTH;;0.27;0.81;11.92;0.0;9.37;56.39;118.76;0.06;0.0;0;5.51;0;-134.57;0.06;0.01;0.81;0.27
2019;213;267;beauce_5_sa_081;solnu;;0.0;0.0;17.49;0.0;0.0;35.0;52.48;0.01;0.0;0;0;0;-192.1;0.0;0.01;0.0;0.0
2019;268;365;beauce_5_sa_081;BTH;;0.32;0.0;15.68;0.0;42.04;52.72;25.77;0.02;0.0;0;24.74;0;-178.47;0.02;0.01;0.0;0.32
2019;213;292;beauce_5_sa_082;solnu;;0.0;0.0;21.06;0.0;0.0;35.0;56.05;0.01;0.0;0;0;0;-233.26;0.0;0.01;0.0;0.0
2019;293;365;beauce_5_sa_082;BTH;;0.25;0.0;12.1;0.0;10.9;56.23;56.94;0.06;0.0;0;6.41;0;-137.11;0.05;0.01;0.0;0.25
2019;213;311;beauce_5_sa_083;solnu;;0.0;0.0;24.46;0.0;0.0;35.0;59.43;0.03;0.0;0;0;0;-270.95;0.01;0.01;0.0;0.0
2019;312;365;beauce_5_sa_083;BTH;;0.26;0.0;8.7;0.0;3.51;59.66;64.32;0.05;0.0;0;2.07;0;-99.46;0.04;0.01;0.0;0.26
2019;213;283;beauce_5_sa_084;solnu;;0.0;0.0;19.97;0.0;0.0;35.0;54.96;0.01;0.0;0;0;0;-221.63;0.0;0.01;0.0;0.0
2019;284;365;beauce_5_sa_084;BTH;;0.27;0.0;13.23;0.0;21.77;55.04;46.11;0.05;0.0;0;12.81;0;-149.29;0.04;0.01;0.0;0.27
2019;213;272;beauce_5_sa_085;solnu;;0.0;0.0;18.5;0.0;0.0;35.0;53.49;0.01;0.0;0;0;0;-205.43;0.0;0.01;0.0;0.0
2019;273;365;beauce_5_sa_085;BTH;;0.29;0.0;14.67;0.0;31.96;53.67;35.87;0.04;0.0;0;18.81;0;-165.09;0.03;0.01;0.0;0.29
2019;213;299;beauce_5_sa_086;solnu;;0.0;0.0;22.26;0.0;0.0;35.0;57.25;0.01;0.0;0;0;0;-247.88;0.0;0.01;0.0;0.0
2019;300;365;beauce_5_sa_086;BTH;;0.37;1.24;10.91;0.0;6.08;57.44;154.59;0.08;0.0;0;3.58;0;-122.66;0.08;0.01;1.24;0.37
2019;213;290;beauce_5_sa_087;solnu;;0.0;0.0;20.64;0.0;0.0;35.0;55.62;0.01;0.0;0;0;0;-230.05;0.0;0.01;0.0;0.0
2019;291;365;beauce_5_sa_087;BTH;;0.25;0.56;12.51;0.0;13.43;55.8;96.13;0.06;0.0;0;7.91;0;-140.13;0.05;0.01;0.56;0.25
2019;213;291;beauce_5_sa_088;solnu;;0.0;0.0;20.83;0.0;0.0;35.0;55.82;0.01;0.0;0;0;0;-231.36;0.0;0.01;0.0;0.0
2019;292;365;beauce_5_sa_088;BTH;;0.27;0.0;12.34;0.0;12.4;56.06;55.44;0.06;0.0;0;7.29;0;-139.2;0.05;0.01;0.0;0.27
2019;213;280;beauce_5_sa_089;solnu;;0.0;0.0;19.61;0.0;0.0;35.0;54.6;0.01;0.0;0;0;0;-217.84;0.0;0.01;0.0;0.0
2019;281;365;beauce_5_sa_089;BTH;;0.27;0.0;13.55;0.0;24.69;54.67;43.15;0.05;0.0;0;14.53;0;-152.57;0.04;0.01;0.0;0.27
2019;213;286;beauce_5_sa_090;solnu;;0.0;0.0;20.25;0.0;0.0;35.0;55.24;0.01;0.0;0;0;0;-225.0;0.0;0.01;0.0;0.0
2019;287;365;beauce_5_sa_090;BTH;;0.29;0.51;12.88;0.0;19.22;55.32;87.03;0.07;0.0;0;11.31;0;-145.03;0.06;0.01;0.51;0.29
2019;213;302;beauce_5_sa_091;solnu;;0.0;0.0;22.72;0.0;0.0;35.0;57.71;0.01;0.0;0;0;0;-253.02;0.0;0.01;0.0;0.0
2019;303;365;beauce_5_sa_091;BTH;;0.25;0.0;10.41;0.0;5.26;57.87;62.56;0.06;0.0;0;3.09;0;-117.13;0.05;0.01;0.0;0.25
2019;213;274;beauce_5_sa_092;solnu;;0.0;0.0;18.84;0.0;0.0;35.0;53.83;0.01;0.0;0;0;0;-209.26;0.0;0.01;0.0;0.0
2019;275;365;beauce_5_sa_092;BTH;;0.28;0.0;14.33;0.0;31.74;53.98;36.1;0.04;0.0;0;18.68;0;-161.33;0.03;0.01;0.0;0.28
2019;213;307;beauce_5_sa_093;solnu;;0.0;0.0;23.75;0.0;0.0;35.0;58.73;0.02;0.0;0;0;0;-262.0;0.01;0.01;0.0;0.0
2019;308;365;beauce_5_sa_093;BTH;;0.26;0.0;9.42;0.0;4.32;58.87;63.51;0.05;0.0;0;2.54;0;-108.48;0.05;0.01;0.0;0.26
2019;213;314;beauce_5_sa_094;solnu;;0.0;0.0;25.19;0.0;0.0;35.0;60.16;0.03;0.0;0;0;0;-279.24;0.02;0.02;0.0;0.0
2019;315;365;beauce_5_sa_094;BTH;;0.26;0.0;7.98;0.0;2.83;60.37;65.01;0.04;0.0;0;1.66;0;-91.23;0.04;0.0;0.0;0.26
2019;213;257;beauce_5_sa_095;solnu;;0.0;0.0;15.54;0.0;0.0;35.0;50.53;0.01;0.0;0;0;0;-172.66;0.0;0.01;0.0;0.0
2019;258;365;beauce_5_sa_095;BTH;;0.32;0.0;17.65;0.0;51.44;50.68;16.4;0.01;0.0;0;30.27;0;-198.06;0.0;0.01;0.0;0.32
2019;213;274;beauce_5_sa_096;solnu;;0.0;0.0;18.91;0.0;0.0;35.0;53.9;0.01;0.0;0;0;0;-209.99;0.0;0.01;0.0;0.0
2019;275;365;beauce_5_sa_096;BTH;;0.3;0.0;14.36;0.0;30.03;54.04;37.89;0.04;0.0;0;17.67;0;-161.58;0.03;0.01;0.0;0.3
2019;213;286;beauce_5_sa_097;solnu;;0.0;0.0;20.28;0.0;0.0;35.0;55.27;0.01;0.0;0;0;0;-225.27;0.0;0.01;0.0;0.0
2019;287;365;beauce_5_sa_097;BTH;;0.27;0.0;12.9;0.0;19.5;55.34;48.35;0.05;0.0;0;11.47;0;-145.31;0.04;0.01;0.0;0.27
2019;213;290;beauce_5_sa_098;solnu;;0.0;0.0;20.65;0.0;0.0;35.0;55.64;0.01;0.0;0;0;0;-230.24;0.0;0.01;0.0;0.0
2019;291;365;beauce_5_sa_098;BTH;;0.26;0.0;12.51;0.0;13.46;55.82;54.38;0.06;0.0;0;7.92;0;-140.22;0.05;0.01;0.0;0.26
2019;213;316;beauce_5_sa_099;solnu;;0.0;0.0;25.55;0.0;0.0;35.0;60.52;0.03;0.0;0;0;0;-284.45;0.02;0.02;0.0;0.0
2019;317;365;beauce_5_sa_099;BTH;;0.26;0.0;7.61;0.0;2.32;60.87;65.51;0.04;0.0;0;1.37;0;-85.97;0.04;0.0;0.0;0.26
2020;1;174;beauce_5_sa_000;BTH;;1.33;0.0;39.93;0.0;76.55;52.92;14.91;0.06;0.0;0;75.26;0;-440.3;0.04;0.02;0.0;1.33
2020;175;258;beauce_5_sa_000;solnu;;0.08;0.0;44.81;-62.95;0.0;14.91;7.9;0.01;0.0;0;0;0;-471.11;0.0;0.01;0.0;0.08
2020;259;366;beauce_5_sa_000;BTH;;1.05;0.48;21.39;-12.91;5.56;7.78;46.07;0.01;0.0;0;3.27;0;12.89;0.01;0.01;0.48;1.05
2020;1;178;beauce_5_sa_001;BTH;;3.9;0.0;40.17;0.0;93.72;64.32;22.18;0.07;0.0;0;57.22;0;-446.32;0.04;0.02;0.0;3.9
2020;179;312;beauce_5_sa_001;solnu;;1.37;0.0;54.61;-19.94;0.0;22.18;55.66;0.06;0.0;0;0;0;-526.75;0.03;0.02;0.0;1.37
2020;313;366;beauce_5_sa_001;BTH;;2.23;0.22;7.15;-40.48;0.0;55.76;24.97;0.0;0.0;0;0.0;0;-96.11;0.0;0.0;0.22;2.23
2020;1;180;beauce_5_sa_002;BTH;;3.93;0.73;40.63;0.0;146.12;78.09;23.05;0.09;0.0;0;88.88;0;-451.33;0.06;0.02;0.73;3.93
2020;181;305;beauce_5_sa_002;solnu;;0.0;0.0;49.92;-19.61;0.0;23.05;53.31;0.05;0.0;0;0;0;-472.05;0.03;0.02;0.0;0.0
2020;306;366;beauce_5_sa_002;BTH;;2.34;0.2;8.54;-51.69;0.99;53.54;26.65;0.0;0.0;0;0.58;0;-101.49;0.0;0.0;0.2;2.34
2020;1;202;beauce_5_sa_003;BTH;;2.68;0.45;51.06;0.0;109.01;47.36;20.12;0.06;0.0;0;76.21;0;-569.95;0.03;0.03;0.45;2.68
2020;203;286;beauce_5_sa_003;solnu;;0.0;0.0;39.64;-20.6;0.0;20.12;39.13;0.03;0.0;0;0;0;-372.32;0.02;0.02;0.0;0.0
2020;287;366;beauce_5_sa_003;BTH;;1.74;0.0;12.4;-40.4;0.0;39.39;15.45;0.0;0.0;0;0.0;0;-157.66;0.0;0.0;0.0;1.74
2020;1;217;beauce_5_sa_004;BTH;;3.58;1.03;54.0;0.0;164.8;63.76;26.56;0.09;0.0;0;99.37;0;-599.47;0.06;0.03;1.03;3.58
2020;218;310;beauce_5_sa_004;solnu;;0.0;0.0;38.56;-19.7;0.0;26.56;45.37;0.04;0.0;0;0;0;-355.75;0.02;0.02;0.0;0.0
2020;311;366;beauce_5_sa_004;BTH;;1.48;0.0;7.55;-34.96;0.0;45.69;21.5;0.0;0.0;0;0.0;0;-105.22;0.0;0.0;0.0;1.48
2020;1;177;beauce_5_sa_005;BTH;;2.55;2.82;39.78;0.0;178.22;46.42;115.65;0.1;0.0;0;117.48;0;-443.92;0.08;0.02;2.82;2.55
2020;178;285;beauce_5_sa_005;solnu;;0.0;0.0;47.03;-17.85;0.0;115.65;144.78;0.13;0.0;0;0;0;-426.09;0.11;0.02;0.0;0.0
2020;286;366;beauce_5_sa_005;BTH;;3.52;0.0;12.7;-87.58;18.84;144.96;47.52;0.03;0.0;0;11.09;0;-2.53;0.02;0.0;0.0;3.52
2020;1;224;beauce_5_sa_006;BTH;;3.55;1.08;57.95;0.0;168.57;62.37;28.81;0.11;0.0;0;102.41;0;-645.14;0.07;0.03;1.08;3.55
2020;225;302;beauce_5_sa_006;solnu;;0.0;0.0;33.51;-20.23;0.0;28.81;42.05;0.04;0.0;0;0;0;-308.81;0.02;0.01;0.0;0.0
2020;303;366;beauce_5_sa_006;BTH;;1.59;0.0;9.12;-34.27;0.0;42.32;20.35;0.0;0.0;0;0.0;0;-124.44;0.0;0.0;0.0;1.59
2020;1;231;beauce_5_sa_007;BTH;;3.66;0.0;64.28;0.0;91.87;65.0;33.68;0.08;0.0;0;55.72;0;-717.08;0.04;0.04;0.0;3.66
2020;232;315;beauce_5_sa_007;solnu;;1.28;0.0;31.86;-21.89;0.0;33.68;42.32;0.04;0.0;0;0;0;-302.73;0.03;0.01;0.0;1.28
2020;316;366;beauce_5_sa_007;BTH;;1.74;0.0;6.68;-31.65;0.0;42.47;19.38;0.0;0.0;0;0.0;0;-112.64;0.0;0.0;0.0;1.74
2020;1;219;beauce_5_sa_008;BTH;;1.83;1.07;65.11;0.0;128.33;25.5;40.56;0.12;0.0;0;100.64;0;-724.25;0.08;0.04;1.07;1.83
2020;220;267;beauce_5_sa_008;solnu;;0.14;0.0;26.75;-56.71;0.0;40.56;16.47;0.03;0.0;0;0;0;-238.1;0.02;0.0;0.0;0.14
2020;268;366;beauce_5_sa_008;BTH;;2.21;0.0;18.34;-15.6;1.17;16.54;15.84;0.0;0.0;0;0.69;0;27.51;0.0;0.0;0.0;2.21
2020;1;198;beauce_5_sa_009;BTH;;3.36;2.0;49.54;0.0;132.8;60.7;123.7;0.08;0.0;0;82.34;0;-551.99;0.05;0.03;2.0;3.36
2020;199;298;beauce_5_sa_009;solnu;;1.58;0.0;42.88;-19.87;0.0;123.7;144.97;0.16;0.0;0;0;0;-399.96;0.14;0.02;0.0;1.58
2020;299;366;beauce_5_sa_009;BTH;;4.24;0.0;10.0;-94.92;6.25;145.21;49.53;0.02;0.0;0;3.68;0;-20.18;0.01;0.0;0.0;4.24
2020;1;223;beauce_5_sa_010;BTH;;1.59;0.0;65.68;0.0;47.48;22.43;38.96;0.08;0.01;0;54.63;0;-731.5;0.04;0.04;0.0;1.59
2020;224;263;beauce_5_sa_010;solnu;;0.33;0.0;23.11;-51.51;0.0;38.96;14.42;0.02;0.0;0;0;0;-260.63;0.02;0.0;0.0;0.33
2020;264;366;beauce_5_sa_010;BTH;;1.98;0.0;19.85;-19.96;0.0;14.41;12.5;0.0;0.0;0;0.0;0;-41.43;0.0;0.0;0.0;1.98
2020;1;210;beauce_5_sa_011;BTH;;3.6;1.14;50.39;0.0;172.87;63.52;22.5;0.1;0.0;0;104.26;0;-562.09;0.07;0.03;1.14;3.6
2020;211;308;beauce_5_sa_011;solnu;;0.0;0.0;40.6;-43.27;0.0;22.5;21.56;0.03;0.0;0;0;0;-382.61;0.02;0.01;0.0;0.0
2020;309;366;beauce_5_sa_011;BTH;;1.09;0.0;7.92;-12.55;0.0;21.62;20.52;0.0;0.0;0;0.0;0;-90.57;0.0;0.0;0.0;1.09
2020;1;193;beauce_5_sa_012;BTH;;3.57;0.56;46.66;0.0;130.48;63.58;18.16;0.06;0.0;0;79.28;0;-517.41;0.03;0.03;0.56;3.57
2020;194;309;beauce_5_sa_012;solnu;;0.0;0.0;44.65;-44.5;0.0;18.16;20.73;0.03;0.0;0;0;0;-465.66;0.02;0.02;0.0;0.0
2020;310;366;beauce_5_sa_012;BTH;;1.69;0.0;7.82;-14.45;0.0;20.7;19.01;0.0;0.0;0;0.0;0;-99.07;0.0;0.0;0.0;1.69
2020;1;227;beauce_5_sa_013;BTH;;4.29;0.15;61.71;0.0;129.49;97.45;36.83;0.1;0.0;0;80.13;0;-682.63;0.06;0.04;0.15;4.29
2020;228;299;beauce_5_sa_013;solnu;;0.63;0.0;30.96;-21.35;0.0;36.83;45.76;0.04;0.0;0;0;0;-296.3;0.03;0.01;0.0;0.63
2020;300;366;beauce_5_sa_013;BTH;;2.23;0.48;9.72;-45.22;1.04;45.98;50.21;0.01;0.0;0;0.61;0;-154.1;0.01;0.0;0.48;2.23
2020;1;225;beauce_5_sa_014;BTH;;3.64;0.0;60.68;0.0;93.2;65.15;28.92;0.07;0.0;0;56.42;0;-675.85;0.03;0.04;0.0;3.64
2020;226;316;beauce_5_sa_014;solnu;;1.16;0.0;35.51;-44.41;0.0;28.92;20.12;0.03;0.0;0;0;0;-351.28;0.02;0.01;0.0;1.16
2020;317;366;beauce_5_sa_014;BTH;;1.66;0.0;6.54;-12.34;0.0;20.15;18.43;0.0;0.0;0;0.0;0;-104.62;0.0;0.0;0.0;1.66
2020;1;201;beauce_5_sa_015;BTH;;1.28;0.54;55.87;0.0;80.09;16.41;31.12;0.04;0.0;0;77.39;0;-623.11;0.01;0.03;0.54;1.28
2020;202;257;beauce_5_sa_015;solnu;;0.22;0.0;32.69;-21.44;0.0;31.12;42.1;0.05;0.0;0;0;0;-308.55;0.04;0.01;0.0;0.22
2020;258;366;beauce_5_sa_015;BTH;;1.45;0.0;21.65;-56.63;0.0;42.54;9.38;0.0;0.0;0;0.0;0;-125.76;0.0;0.0;0.0;1.45
2020;1;215;beauce_5_sa_016;BTH;;1.43;0.0;60.94;0.0;42.61;16.99;33.85;0.04;0.0;0;54.99;0;-675.84;0.0;0.04;0.0;1.43
2020;216;262;beauce_5_sa_016;solnu;;0.22;0.0;27.5;-22.25;0.0;33.85;38.83;0.05;0.0;0;0;0;-269.24;0.04;0.01;0.0;0.22
2020;263;366;beauce_5_sa_016;BTH;;1.45;0.0;19.97;-51.14;0.0;39.07;9.31;0.0;0.0;0;0.0;0;-122.34;0.0;0.0;0.0;1.45
2020;1;185;beauce_5_sa_017;BTH;;6.33;1.82;43.41;0.0;159.0;148.53;161.7;0.1;0.0;0;95.14;0;-483.68;0.08;0.03;1.82;6.33
2020;186;316;beauce_5_sa_017;solnu;;0.0;0.0;48.47;-116.06;0.0;161.7;94.29;0.15;0.0;0;0;0;-370.42;0.13;0.02;0.0;0.0
2020;317;366;beauce_5_sa_017;BTH;;6.46;1.11;6.66;5.41;1.92;94.35;181.41;0.06;0.0;0;1.13;0;21.85;0.06;0.01;1.11;6.46
2020;1;198;beauce_5_sa_018;BTH;;3.6;0.0;49.6;0.0;91.76;64.51;18.69;0.06;0.0;0;55.95;0;-552.7;0.03;0.03;0.0;3.6
2020;199;313;beauce_5_sa_018;solnu;;1.17;0.0;45.81;-50.37;0.0;18.69;18.13;0.02;0.0;0;0;0;-500.84;0.01;0.01;0.0;1.17
2020;314;366;beauce_5_sa_018;BTH;;1.5;0.0;7.02;-8.34;0.0;18.13;16.66;0.0;0.0;0;0.0;0;-44.55;0.0;0.0;0.0;1.5
2020;1;183;beauce_5_sa_019;BTH;;3.6;0.0;43.45;0.0;83.11;64.51;19.68;0.06;0.0;0;50.86;0;-472.21;0.03;0.03;0.0;3.6
2020;184;313;beauce_5_sa_019;solnu;;1.2;0.0;51.64;-20.4;0.0;19.68;49.95;0.05;0.0;0;0;0;-509.72;0.03;0.02;0.0;1.2
2020;314;366;beauce_5_sa_019;BTH;;1.92;0.0;7.06;-36.61;0.0;50.17;21.53;0.0;0.0;0;0.0;0;-98.61;0.0;0.0;0.0;1.92
2020;1;198;beauce_5_sa_020;BTH;;1.64;0.74;53.14;0.0;110.25;27.35;24.21;0.05;0.0;0;88.68;0;-590.96;0.02;0.03;0.74;1.64
2020;199;268;beauce_5_sa_020;solnu;;0.0;0.0;37.01;-52.54;0.0;24.21;10.47;0.04;0.0;0;0;0;-362.54;0.03;0.01;0.0;0.0
2020;269;366;beauce_5_sa_020;BTH;;1.4;0.0;18.16;-21.0;0.0;10.47;9.1;0.0;0.0;0;0.0;0;-54.06;0.0;0.0;0.0;1.4
2020;1;171;beauce_5_sa_021;BTH;;3.6;2.77;36.61;0.0;119.38;64.51;184.2;0.09;0.0;0;72.21;0;-401.21;0.07;0.02;2.77;3.6
2020;172;313;beauce_5_sa_021;solnu;;2.62;0.0;58.02;-18.07;0.0;184.2;222.38;0.21;0.0;0;0;0;-555.29;0.18;0.03;0.0;2.62
2020;314;366;beauce_5_sa_021;BTH;;7.11;0.0;7.09;-91.25;2.3;222.6;128.75;0.07;0.0;0;1.35;0;-22.52;0.07;0.0;0.0;7.11
2020;1;220;beauce_5_sa_022;BTH;;1.49;2.1;64.33;0.0;69.99;20.07;170.26;0.06;0.0;0;69.27;0;-717.1;0.03;0.04;2.1;1.49
2020;221;263;beauce_5_sa_022;solnu;;0.88;0.0;24.97;-21.88;0.0;170.26;172.29;0.18;0.01;0;0;0;-241.79;0.17;0.01;0.0;0.88
2020;264;366;beauce_5_sa_022;BTH;;7.34;0.0;19.86;-88.07;39.56;172.66;57.13;0.04;0.0;0;23.28;0;6.25;0.03;0.01;0.0;7.34
2020;1;180;beauce_5_sa_023;BTH;;1.49;1.49;42.71;0.0;94.87;20.82;78.82;0.05;0.0;0;83.49;0;-473.26;0.03;0.03;1.49;1.49
2020;181;264;beauce_5_sa_023;solnu;;0.01;0.0;44.24;-19.9;0.0;78.82;103.06;0.1;0.0;0;0;0;-416.39;0.08;0.02;0.0;0.01
2020;265;366;beauce_5_sa_023;BTH;;2.7;0.0;19.54;-92.38;9.01;103.46;18.49;0.01;0.0;0;5.3;0;-9.73;0.01;0.0;0.0;2.7
2020;1;229;beauce_5_sa_024;BTH;;2.46;0.0;65.87;0.0;66.54;39.34;36.14;0.07;0.0;0;55.91;0;-731.59;0.03;0.04;0.0;2.46
2020;230;276;beauce_5_sa_024;solnu;;0.71;0.0;24.39;-55.35;0.0;36.14;12.47;0.01;0.0;0;0;0;-276.78;0.01;0.0;0.0;0.71
2020;277;366;beauce_5_sa_024;BTH;;1.35;0.0;15.19;-15.15;0.0;12.54;11.15;0.0;0.0;0;0.0;0;-17.0;0.0;0.0;0.0;1.35
2020;1;183;beauce_5_sa_025;BTH;;1.58;1.0;45.18;0.0;79.56;22.22;61.4;0.05;0.0;0;73.65;0;-488.53;0.02;0.03;1.0;1.58
2020;184;265;beauce_5_sa_025;solnu;;0.17;0.0;41.8;-20.5;0.0;61.4;82.44;0.08;0.0;0;0;0;-408.21;0.07;0.02;0.0;0.17
2020;266;366;beauce_5_sa_025;BTH;;2.12;0.0;19.14;-79.11;6.0;82.82;14.33;0.01;0.0;0;3.53;0;-33.96;0.01;0.0;0.0;2.12
2020;1;199;beauce_5_sa_026;BTH;;2.41;0.0;51.4;0.0;65.15;37.53;21.33;0.05;0.0;0;56.18;0;-572.77;0.02;0.03;0.0;2.41
2020;200;276;beauce_5_sa_026;solnu;;0.52;0.0;38.08;-21.42;0.0;21.33;37.43;0.04;0.0;0;0;0;-363.09;0.02;0.01;0.0;0.52
2020;277;366;beauce_5_sa_026;BTH;;1.58;0.0;15.23;-43.06;0.0;37.91;13.11;0.0;0.0;0;0.0;0;-133.94;0.0;0.0;0.0;1.58
2020;1;172;beauce_5_sa_027;BTH;;3.6;0.0;37.38;0.0;76.14;64.51;20.59;0.05;0.0;0;46.76;0;-409.44;0.03;0.02;0.0;3.6
2020;173;313;beauce_5_sa_027;solnu;;1.54;0.0;58.06;-19.64;0.0;20.59;57.56;0.07;0.0;0;0;0;-569.12;0.04;0.03;0.0;1.54
2020;314;366;beauce_5_sa_027;BTH;;2.15;0.0;7.07;-41.23;0.0;57.78;23.95;0.0;0.0;0;0.0;0;-75.69;0.0;0.0;0.0;2.15
2020;1;187;beauce_5_sa_028;BTH;;1.43;0.0;47.51;0.0;42.61;16.99;20.42;0.03;0.0;0;54.99;0;-528.6;0.0;0.03;0.0;1.43
2020;188;262;beauce_5_sa_028;solnu;;0.14;0.0;39.32;-21.36;0.0;20.42;38.21;0.04;0.0;0;0;0;-375.4;0.02;0.01;0.0;0.14
2020;263;366;beauce_5_sa_028;BTH;;1.14;0.0;20.03;-50.26;0.0;38.48;7.5;0.0;0.0;0;0.0;0;-140.43;0.0;0.0;0.0;1.14
2020;1;184;beauce_5_sa_029;BTH;;3.48;0.0;44.27;0.0;82.38;60.7;17.55;0.06;0.0;0;52.68;0;-489.11;0.03;0.03;0.0;3.48
2020;185;298;beauce_5_sa_029;solnu;;1.29;0.0;48.32;-49.4;0.0;17.55;19.02;0.03;0.0;0;0;0;-504.99;0.02;0.02;0.0;1.29
2020;299;366;beauce_5_sa_029;BTH;;1.58;0.0;9.93;-12.12;0.0;19.02;17.47;0.0;0.0;0;0.0;0;-72.73;0.0;0.0;0.0;1.58
2020;1;197;beauce_5_sa_030;BTH;;2.94;0.42;50.03;0.0;121.23;42.45;23.21;0.07;0.0;0;86.27;0;-557.53;0.04;0.03;0.42;2.94
2020;198;280;beauce_5_sa_030;solnu;;0.03;0.0;39.81;-50.71;0.0;23.21;15.6;0.02;0.0;0;0;0;-414.63;0.01;0.01;0.0;0.03
2020;281;366;beauce_5_sa_030;BTH;;1.69;0.32;14.04;-15.69;0.0;15.59;13.97;0.0;0.0;0;0.0;0;-39.61;0.0;0.0;0.32;1.69
2020;1;193;beauce_5_sa_031;BTH;;1.32;1.29;51.55;0.0;57.24;16.29;105.72;0.08;0.0;0;63.98;0;-568.95;0.05;0.03;1.29;1.32
2020;194;257;beauce_5_sa_031;solnu;;0.48;0.0;35.6;-112.96;0.0;105.72;27.77;0.1;0.0;0;0;0;-298.73;0.09;0.01;0.0;0.48
2020;258;366;beauce_5_sa_031;BTH;;3.71;0.0;22.09;19.54;29.6;27.63;36.06;0.04;0.0;0;17.42;0;-6.62;0.01;0.03;0.0;3.71
2020;1;176;beauce_5_sa_032;BTH;;2.35;1.46;40.04;0.0;89.35;36.85;50.48;0.06;0.0;0;70.81;0;-446.38;0.04;0.02;1.46;2.35
2020;177;275;beauce_5_sa_032;solnu;;0.74;0.0;48.01;-57.25;0.0;50.48;83.61;0.13;0.0;0;0;0;-451.18;0.11;0.02;0.0;0.74
2020;276;366;beauce_5_sa_032;BTH;;3.34;0.0;15.65;-57.66;10.42;78.52;27.84;0.01;0.0;0;6.13;0;12.21;0.0;0.0;0.0;3.34
2020;1;230;beauce_5_sa_033;BTH;;1.77;2.59;70.06;0.0;155.23;30.5;137.41;0.24;0.02;0;113.29;0;-778.59;0.2;0.04;2.59;1.77
2020;231;271;beauce_5_sa_033;solnu;;0.03;0.0;21.91;-20.34;0.0;137.41;138.87;0.08;0.0;0;0;0;-207.41;0.08;0.0;0.0;0.03
2020;272;366;beauce_5_sa_033;BTH;;7.88;0.0;16.94;-83.15;10.34;139.13;54.4;0.03;0.0;0;6.09;0;-12.59;0.03;0.0;0.0;7.88
2020;1;209;beauce_5_sa_034;BTH;;5.02;0.0;52.58;0.0;132.51;118.58;33.53;0.09;0.0;0;83.49;0;-585.91;0.06;0.03;0.0;5.02
2020;210;294;beauce_5_sa_034;solnu;;0.35;0.0;38.81;-45.91;0.0;33.53;29.11;0.03;0.0;0;0;0;-400.19;0.01;0.01;0.0;0.35
2020;295;366;beauce_5_sa_034;BTH;;2.99;0.8;10.8;-30.53;4.61;29.11;65.7;0.04;0.0;0;2.71;0;-74.86;0.04;0.0;0.8;2.99
2020;1;225;beauce_5_sa_035;BTH;;2.24;1.1;65.03;0.0;135.67;48.92;58.47;0.17;0.01;0;100.11;0;-724.4;0.13;0.04;1.1;2.24
2020;226;272;beauce_5_sa_035;solnu;;0.09;0.0;25.7;-63.71;0.0;58.47;23.14;0.04;0.0;0;0;0;-242.31;0.04;0.0;0.0;0.09
2020;273;366;beauce_5_sa_035;BTH;;3.12;0.21;16.63;-18.12;1.01;22.42;33.31;0.01;0.0;0;0.59;0;16.73;0.0;0.0;0.21;3.12
2020;1;177;beauce_5_sa_036;BTH;;3.56;0.47;39.78;0.0;99.43;63.76;34.55;0.06;0.0;0;60.91;0;-443.62;0.04;0.02;0.47;3.56
2020;178;310;beauce_5_sa_036;solnu;;1.42;0.0;54.76;-60.89;0.0;34.55;28.33;0.08;0.0;0;0;0;-520.42;0.06;0.02;0.0;1.42
2020;311;366;beauce_5_sa_036;BTH;;2.34;0.0;7.56;-9.39;0.0;28.33;26.06;0.0;0.0;0;0.0;0;-46.41;0.0;0.0;0.0;2.34
2020;1;197;beauce_5_sa_037;BTH;;2.08;1.26;51.09;0.0;157.1;35.49;21.65;0.08;0.0;0;111.48;0;-568.93;0.05;0.03;1.26;2.08
2020;198;274;beauce_5_sa_037;solnu;;0.0;0.0;38.94;-48.95;0.0;21.65;12.24;0.03;0.0;0;0;0;-360.29;0.02;0.01;0.0;0.0
2020;275;366;beauce_5_sa_037;BTH;;1.18;0.0;15.83;-17.37;0.0;12.24;11.11;0.0;0.0;0;0.0;0;-21.6;0.0;0.0;0.0;1.18
2020;1;223;beauce_5_sa_038;BTH;;3.02;0.14;60.8;0.0;90.68;52.77;30.36;0.07;0.0;0;62.27;0;-676.85;0.03;0.04;0.14;3.02
2020;224;290;beauce_5_sa_038;solnu;;0.58;0.0;31.25;-51.72;0.0;30.36;15.22;0.02;0.0;0;0;0;-363.46;0.01;0.01;0.0;0.58
2020;291;366;beauce_5_sa_038;BTH;;1.59;0.0;11.61;-13.53;0.0;15.22;13.75;0.0;0.0;0;0.0;0;-44.47;0.0;0.0;0.0;1.59
2020;1;185;beauce_5_sa_039;BTH;;4.4;0.0;44.36;0.0;108.06;93.44;23.95;0.08;0.0;0;65.98;0;-493.77;0.05;0.03;0.0;4.4
2020;186;310;beauce_5_sa_039;solnu;;1.31;0.0;49.82;-49.84;0.0;23.95;26.02;0.03;0.0;0;0;0;-513.32;0.02;0.02;0.0;1.31
2020;311;366;beauce_5_sa_039;BTH;;2.25;0.4;7.52;-24.3;2.18;26.02;38.51;0.01;0.0;0;1.28;0;-73.96;0.01;0.0;0.4;2.25
2020;1;215;beauce_5_sa_040;BTH;;3.22;1.5;55.97;0.0;139.94;54.36;79.1;0.08;0.0;0;90.28;0;-621.3;0.04;0.03;1.5;3.22
2020;216;291;beauce_5_sa_040;solnu;;0.05;0.0;35.63;-77.23;0.0;79.1;37.33;0.11;0.0;0;0;0;-327.79;0.1;0.01;0.0;0.05
2020;292;366;beauce_5_sa_040;BTH;;3.31;0.0;11.58;-18.19;0.0;32.68;27.42;0.0;0.0;0;0.0;0;12.02;0.0;0.0;0.0;3.31
2020;1;181;beauce_5_sa_041;BTH;;3.62;0.0;41.58;0.0;81.88;65.0;19.53;0.06;0.0;0;49.85;0;-461.2;0.03;0.02;0.0;3.62
2020;182;315;beauce_5_sa_041;solnu;;1.29;0.0;53.77;-52.59;0.0;19.53;23.48;0.05;0.0;0;0;0;-550.93;0.03;0.02;0.0;1.29
2020;316;366;beauce_5_sa_041;BTH;;1.94;0.0;6.69;-8.78;0.0;23.48;21.59;0.0;0.0;0;0.0;0;-54.81;0.0;0.0;0.0;1.94
2020;1;183;beauce_5_sa_042;BTH;;3.54;3.26;41.3;0.0;229.79;59.52;109.94;0.14;0.0;0;140.11;0;-453.36;0.12;0.02;3.26;3.54
2020;184;296;beauce_5_sa_042;solnu;;0.0;0.0;41.31;-17.37;0.0;109.94;133.95;0.12;0.0;0;0;0;-374.5;0.1;0.02;0.0;0.0
2020;297;366;beauce_5_sa_042;BTH;;0.86;0.0;10.55;-83.73;7.33;134.19;52.56;0.02;0.0;0;4.31;0;5.73;0.02;0.0;0.0;0.86
2020;1;200;beauce_5_sa_043;BTH;;2.26;0.0;55.57;0.0;121.06;104.43;36.59;0.1;0.0;0;98.84;0;-617.34;0.07;0.03;0.0;2.26
2020;201;264;beauce_5_sa_043;solnu;;0.01;0.0;35.36;-63.77;0.0;36.59;15.17;0.0;0.0;0;0;0;-276.18;0.0;0.0;0.0;0.01
2020;265;366;beauce_5_sa_043;BTH;;2.13;1.12;19.51;-7.12;8.08;15.17;100.89;0.04;0.0;0;4.76;0;31.85;0.04;0.01;1.12;2.13
2020;1;187;beauce_5_sa_044;BTH;;3.58;0.0;45.19;0.0;86.88;63.76;18.43;0.06;0.0;0;53.52;0;-503.44;0.03;0.03;0.0;3.58
2020;188;310;beauce_5_sa_044;solnu;;1.1;0.0;49.52;-45.02;0.0;18.43;21.78;0.04;0.0;0;0;0;-474.68;0.02;0.02;0.0;1.1
2020;311;366;beauce_5_sa_044;BTH;;1.79;0.0;7.53;-13.44;0.0;21.7;19.97;0.0;0.0;0;0.0;0;-110.83;0.0;0.0;0.0;1.79
2020;1;216;beauce_5_sa_045;BTH;;3.35;1.84;56.8;0.0;119.96;56.93;128.1;0.09;0.0;0;77.0;0;-632.43;0.05;0.03;1.84;3.35
2020;217;293;beauce_5_sa_045;solnu;;1.58;0.0;35.57;-21.04;0.0;128.1;140.9;0.15;0.0;0;0;0;-335.23;0.14;0.01;0.0;1.58
2020;294;366;beauce_5_sa_045;BTH;;4.56;0.0;11.09;-93.11;7.19;140.68;47.12;0.02;0.0;0;4.23;0;-25.63;0.02;0.0;0.0;4.56
2020;1;224;beauce_5_sa_046;BTH;;5.27;0.5;56.53;0.0;198.12;152.07;42.37;0.14;0.0;0;118.98;0;-629.25;0.11;0.03;0.5;5.27
2020;225;310;beauce_5_sa_046;solnu;;0.0;0.0;35.15;-48.1;0.0;42.37;34.1;0.02;0.0;0;0;0;-345.92;0.01;0.01;0.0;0.0
2020;311;366;beauce_5_sa_046;BTH;;1.93;1.18;7.55;-10.63;0.72;33.76;117.19;0.01;0.0;0;0.42;0;-3.33;0.01;0.0;1.18;1.93
2020;1;213;beauce_5_sa_047;BTH;;2.22;0.96;57.28;0.0;62.49;35.23;99.3;0.05;0.0;0;55.95;0;-636.49;0.02;0.03;0.96;2.22
2020;214;273;beauce_5_sa_047;solnu;;0.94;0.0;32.16;-94.85;0.0;99.3;35.56;0.11;0.0;0;0;0;-291.62;0.1;0.01;0.0;0.94
2020;274;366;beauce_5_sa_047;BTH;;2.53;0.0;16.41;-6.34;13.01;33.16;30.06;0.02;0.0;0;7.66;0;3.82;0.01;0.01;0.0;2.53
2020;1;214;beauce_5_sa_048;BTH;;1.68;0.92;62.35;0.0;114.86;24.02;38.31;0.1;0.0;0;93.35;0;-692.82;0.06;0.04;0.92;1.68
2020;215;265;beauce_5_sa_048;solnu;;0.2;0.0;29.28;-58.69;0.0;38.31;16.01;0.04;0.0;0;0;0;-319.62;0.03;0.0;0.0;0.2
2020;266;366;beauce_5_sa_048;BTH;;2.16;0.0;19.06;-18.83;0.0;15.95;14.14;0.0;0.0;0;0.0;0;2.68;0.0;0.0;0.0;2.16
2020;1;195;beauce_5_sa_049;BTH;;2.66;0.0;49.59;0.0;69.59;42.38;19.68;0.05;0.0;0;55.97;0;-551.66;0.02;0.03;0.0;2.66
2020;196;279;beauce_5_sa_049;solnu;;0.61;0.0;40.6;-56.85;0.0;19.68;12.17;0.01;0.0;0;0;0;-435.65;0.0;0.0;0.0;0.61
2020;280;366;beauce_5_sa_049;BTH;;1.31;0.0;14.2;-13.48;0.0;12.09;11.57;0.0;0.0;0;0.0;0;-11.32;0.0;0.0;0.0;1.31
2020;1;177;beauce_5_sa_050;BTH;;1.7;0.0;40.74;0.0;51.65;24.63;11.99;0.03;0.0;0;55.8;0;-454.07;0.01;0.02;0.0;1.7
2020;178;267;beauce_5_sa_050;solnu;;0.09;0.0;45.49;-20.91;0.0;11.99;36.44;0.03;0.0;0;0;0;-434.22;0.02;0.02;0.0;0.09
2020;268;366;beauce_5_sa_050;BTH;;1.2;0.0;18.35;-48.65;0.0;36.68;7.9;0.0;0.0;0;0.0;0;-130.26;0.0;0.0;0.0;1.2
2020;1;193;beauce_5_sa_051;BTH;;3.7;2.22;48.01;0.0;149.37;45.37;106.37;0.11;0.0;0;101.12;0;-531.09;0.09;0.03;2.22;3.7
2020;194;283;beauce_5_sa_051;solnu;;0.0;0.0;41.53;-19.37;0.0;106.37;128.4;0.13;0.0;0;0;0;-386.25;0.11;0.02;0.0;0.0
2020;284;366;beauce_5_sa_051;BTH;;4.35;0.0;13.4;-79.85;13.41;128.83;44.17;0.02;0.0;0;7.89;0;-5.36;0.01;0.0;0.0;4.35
2020;1;197;beauce_5_sa_052;BTH;;2.17;0.46;51.05;0.0;97.68;36.13;21.62;0.05;0.0;0;76.13;0;-568.69;0.02;0.03;0.46;2.17
2020;198;274;beauce_5_sa_052;solnu;;0.16;0.0;38.63;-50.87;0.0;21.62;11.36;0.03;0.0;0;0;0;-382.07;0.01;0.01;0.0;0.16
2020;275;366;beauce_5_sa_052;BTH;;1.23;0.0;15.77;-19.35;0.0;11.36;10.27;0.0;0.0;0;0.0;0;-84.85;0.0;0.0;0.0;1.23
2020;1;171;beauce_5_sa_053;BTH;;3.25;2.64;36.55;0.0;69.21;55.53;18.05;0.05;0.0;0;48.01;0;-400.29;0.03;0.02;2.64;3.25
2020;172;292;beauce_5_sa_053;solnu;;2.45;0.0;55.08;-101.28;0.0;18.05;167.31;0.19;0.0;0;0;0;-487.93;0.17;0.02;0.0;2.45
2020;293;366;beauce_5_sa_053;BTH;;7.59;0.0;11.37;7.22;11.71;167.29;166.48;0.11;0.0;0;6.89;0;-6.96;0.1;0.01;0.0;7.59
2020;1;210;beauce_5_sa_054;BTH;;2.32;1.31;55.22;0.0;164.41;40.72;27.2;0.09;0.0;0;112.73;0;-615.23;0.06;0.03;1.31;2.32
2020;211;278;beauce_5_sa_054;solnu;;0.0;0.0;35.76;-55.5;0.0;27.2;12.74;0.01;0.0;0;0;0;-283.55;0.01;0.0;0.0;0.0
2020;279;366;beauce_5_sa_054;BTH;;1.18;0.0;14.65;-12.11;0.87;12.67;13.23;0.0;0.0;0;0.51;0;37.48;0.0;0.0;0.0;1.18
2020;1;224;beauce_5_sa_055;BTH;;1.6;0.95;67.5;0.0;117.51;22.22;41.32;0.14;0.01;0;95.98;0;-752.22;0.1;0.04;0.95;1.6
2020;225;265;beauce_5_sa_055;solnu;;0.38;0.0;23.38;-21.06;0.0;41.32;43.22;0.03;0.0;0;0;0;-222.36;0.03;0.01;0.0;0.38
2020;266;366;beauce_5_sa_055;BTH;;2.37;0.0;18.92;-49.72;0.0;43.53;15.45;0.0;0.0;0;0.0;0;-137.87;0.0;0.0;0.0;2.37
2020;1;189;beauce_5_sa_056;BTH;;1.61;0.0;48.29;0.0;49.57;23.76;20.83;0.04;0.0;0;55.06;0;-535.36;0.01;0.03;0.0;1.61
2020;190;265;beauce_5_sa_056;solnu;;0.15;0.0;39.19;-59.06;0.0;20.83;8.81;0.02;0.0;0;0;0;-415.02;0.01;0.0;0.0;0.15
2020;266;366;beauce_5_sa_056;BTH;;1.18;0.0;19.1;-17.35;0.43;8.8;8.95;0.0;0.0;0;0.25;0;-19.51;0.0;0.0;0.0;1.18
2020;1;188;beauce_5_sa_057;BTH;;2.51;0.0;48.83;0.0;134.23;118.68;30.66;0.11;0.0;0;104.67;0;-541.63;0.08;0.03;0.0;2.51
2020;189;265;beauce_5_sa_057;solnu;;0.0;0.0;41.06;-56.97;0.0;30.66;19.91;0.03;0.0;0;0;0;-407.61;0.02;0.01;0.0;0.0
2020;266;366;beauce_5_sa_057;BTH;;2.71;1.26;19.15;-18.86;2.18;19.53;109.91;0.04;0.0;0;1.28;0;-10.04;0.04;0.0;1.26;2.71
2020;1;208;beauce_5_sa_058;BTH;;3.47;1.23;52.91;0.0;128.43;61.15;73.95;0.08;0.0;0;79.51;0;-590.64;0.05;0.03;1.23;3.47
2020;209;299;beauce_5_sa_058;solnu;;1.36;0.0;40.2;-20.33;0.0;73.95;92.33;0.12;0.0;0;0;0;-375.01;0.11;0.02;0.0;1.36
2020;300;366;beauce_5_sa_058;BTH;;2.89;0.0;9.77;-67.38;0.0;92.57;32.08;0.0;0.0;0;0.0;0;-35.34;0.0;0.0;0.0;2.89
2020;1;194;beauce_5_sa_059;BTH;;3.65;0.0;48.1;0.0;90.45;65.15;17.63;0.06;0.0;0;54.8;0;-535.18;0.03;0.03;0.0;3.65
2020;195;316;beauce_5_sa_059;solnu;;1.05;0.0;47.62;-20.96;0.0;17.63;43.49;0.04;0.0;0;0;0;-460.0;0.02;0.02;0.0;1.05
2020;317;366;beauce_5_sa_059;BTH;;1.7;0.0;6.56;-34.32;0.0;43.61;18.93;0.0;0.0;0;0.0;0;-104.91;0.0;0.0;0.0;1.7
2020;1;181;beauce_5_sa_060;BTH;;1.34;0.0;43.56;0.0;40.89;16.4;17.7;0.03;0.0;0;54.33;0;-482.14;0.0;0.03;0.0;1.34
2020;182;258;beauce_5_sa_060;solnu;;0.15;0.0;42.11;-21.09;0.0;17.7;38.52;0.04;0.0;0;0;0;-404.63;0.03;0.02;0.0;0.15
2020;259;366;beauce_5_sa_060;BTH;;1.15;0.0;21.33;-53.34;0.0;38.86;7.48;0.0;0.0;0;0.0;0;-138.69;0.0;0.0;0.0;1.15
2020;1;194;beauce_5_sa_061;BTH;;5.25;0.0;46.49;0.0;167.6;62.57;30.63;0.12;0.0;0;101.72;0;-517.88;0.09;0.03;0.0;5.25
2020;195;303;beauce_5_sa_061;solnu;;0.0;0.0;42.96;-20.02;0.0;30.63;53.53;0.03;0.0;0;0;0;-402.72;0.02;0.02;0.0;0.0
2020;304;366;beauce_5_sa_061;BTH;;1.99;1.26;8.91;-33.61;0.0;53.74;32.36;0.0;0.0;0;0.0;0;-124.85;0.0;0.0;1.26;1.99
2020;1;221;beauce_5_sa_062;BTH;;1.51;0.4;64.94;0.0;76.74;21.4;38.14;0.05;0.0;0;72.48;0;-721.45;0.02;0.04;0.4;1.51
2020;222;263;beauce_5_sa_062;solnu;;0.31;0.0;24.43;-53.16;0.0;38.14;14.19;0.05;0.01;0;0;0;-280.1;0.05;0.0;0.0;0.31
2020;264;366;beauce_5_sa_062;BTH;;1.92;0.0;19.82;-21.32;0.0;14.03;12.16;0.0;0.0;0;0.0;0;-35.38;0.0;0.0;0.0;1.92
2020;1;190;beauce_5_sa_063;BTH;;1.72;1.23;49.94;0.0;110.25;58.48;88.81;0.11;0.0;0;94.14;0;-555.23;0.08;0.03;1.23;1.72
2020;191;262;beauce_5_sa_063;solnu;;0.15;0.0;39.14;-103.54;0.0;88.81;24.16;0.1;0.0;0;0;0;-319.74;0.09;0.01;0.0;0.15
2020;263;366;beauce_5_sa_063;BTH;;3.48;0.54;20.4;-8.03;5.68;24.16;67.78;0.05;0.0;0;3.34;0;43.58;0.04;0.01;0.54;3.48
2020;1;188;beauce_5_sa_064;BTH;;1.63;0.91;47.58;0.0;81.53;23.57;56.01;0.06;0.0;0;74.01;0;-528.41;0.03;0.03;0.91;1.63
2020;189;266;beauce_5_sa_064;solnu;;0.17;0.0;39.88;-20.73;0.0;56.01;74.91;0.08;0.0;0;0;0;-377.27;0.06;0.02;0.0;0.17
2020;267;366;beauce_5_sa_064;BTH;;2.04;0.0;18.78;-74.58;3.0;75.34;14.06;0.01;0.0;0;1.77;0;-67.25;0.01;0.0;0.0;2.04
2020;1;194;beauce_5_sa_065;BTH;;3.51;0.0;48.17;0.0;89.33;62.92;16.75;0.06;0.0;0;55.46;0;-535.99;0.03;0.03;0.0;3.51
2020;195;305;beauce_5_sa_065;solnu;;1.06;0.0;45.82;-46.84;0.0;16.75;18.32;0.03;0.0;0;0;0;-476.36;0.01;0.02;0.0;1.06
2020;306;366;beauce_5_sa_065;BTH;;1.52;0.0;8.49;-13.53;0.0;18.32;16.81;0.0;0.0;0;0.0;0;-96.47;0.0;0.0;0.0;1.52
2020;1;185;beauce_5_sa_066;BTH;;4.0;0.0;44.22;0.0;137.03;50.53;25.06;0.09;0.0;0;90.82;0;-492.41;0.07;0.03;0.0;4.0
2020;186;289;beauce_5_sa_066;solnu;;0.0;0.0;44.38;-20.4;0.0;25.06;49.01;0.03;0.0;0;0;0;-420.08;0.01;0.02;0.0;0.0
2020;290;366;beauce_5_sa_066;BTH;;2.3;0.95;11.87;-39.54;0.0;49.22;25.62;0.0;0.0;0;0.0;0;-163.94;0.0;0.0;0.95;2.3
2020;1;185;beauce_5_sa_067;BTH;;2.66;1.8;45.13;0.0;123.38;42.12;95.73;0.08;0.0;0;87.72;0;-502.08;0.05;0.03;1.8;2.66
2020;186;279;beauce_5_sa_067;solnu;;0.67;0.0;44.49;-118.69;0.0;95.73;20.77;0.09;0.0;0;0;0;-332.7;0.08;0.01;0.0;0.67
2020;280;366;beauce_5_sa_067;BTH;;2.36;0.0;14.45;16.32;16.18;20.87;32.96;0.03;0.0;0;9.52;0;23.33;0.01;0.02;0.0;2.36
2020;1;207;beauce_5_sa_068;BTH;;3.55;0.0;52.69;0.0;90.47;62.57;21.19;0.06;0.0;0;56.33;0;-587.7;0.03;0.03;0.0;3.55
2020;208;303;beauce_5_sa_068;solnu;;1.08;0.0;41.27;-21.23;0.0;21.19;40.1;0.03;0.0;0;0;0;-392.41;0.02;0.02;0.0;1.08
2020;304;366;beauce_5_sa_068;BTH;;1.61;0.0;8.87;-34.37;0.0;40.31;17.93;0.0;0.0;0;0.0;0;-137.48;0.0;0.0;0.0;1.61
2020;1;174;beauce_5_sa_069;BTH;;3.04;0.0;38.5;0.0;68.18;49.39;16.62;0.05;0.0;0;50.97;0;-425.18;0.02;0.02;0.0;3.04
2020;175;288;beauce_5_sa_069;solnu;;0.81;0.0;52.35;-55.98;0.0;16.62;15.55;0.03;0.0;0;0;0;-532.9;0.01;0.02;0.0;0.81
2020;289;366;beauce_5_sa_069;BTH;;1.61;0.0;12.06;-12.44;0.0;15.4;13.85;0.0;0.0;0;0.0;0;-36.0;0.0;0.0;0.0;1.61
2020;1;202;beauce_5_sa_070;BTH;;1.34;1.23;55.49;0.0;40.89;16.4;121.89;0.04;0.0;0;54.33;0;-618.65;0.0;0.03;1.23;1.34
2020;203;258;beauce_5_sa_070;solnu;;0.41;0.0;32.43;-22.08;0.0;121.89;131.7;0.13;0.0;0;0;0;-310.45;0.12;0.01;0.0;0.41
2020;259;366;beauce_5_sa_070;BTH;;3.92;0.0;21.4;-75.81;36.98;132.02;36.34;0.04;0.0;0;21.76;0;-36.89;0.03;0.01;0.0;3.92
2020;1;202;beauce_5_sa_071;BTH;;1.41;1.1;54.75;0.0;82.79;16.97;70.11;0.11;0.0;0;78.69;0;-610.59;0.07;0.03;1.1;1.41
2020;203;261;beauce_5_sa_071;solnu;;0.29;0.0;33.05;-85.81;0.0;70.11;16.98;0.08;0.0;0;0;0;-277.38;0.07;0.01;0.0;0.29
2020;262;366;beauce_5_sa_071;BTH;;2.32;0.0;20.68;-19.76;0.0;17.03;15.57;0.0;0.0;0;0.0;0;24.49;0.0;0.0;0.0;2.32
2020;1;171;beauce_5_sa_072;BTH;;1.61;1.98;37.27;0.0;90.04;23.81;117.26;0.09;0.0;0;78.93;0;-407.78;0.07;0.02;1.98;1.61
2020;172;265;beauce_5_sa_072;solnu;;0.13;0.0;48.28;-117.68;0.0;117.26;47.64;0.09;0.0;0;0;0;-347.28;0.08;0.01;0.0;0.13
2020;266;366;beauce_5_sa_072;BTH;;3.59;0.0;19.53;23.63;50.49;48.28;36.66;0.06;0.0;0;29.71;0;4.77;0.03;0.03;0.0;3.59
2020;1;224;beauce_5_sa_073;BTH;;6.28;0.74;56.97;0.0;211.76;150.83;45.19;0.13;0.0;0;127.91;0;-634.16;0.1;0.03;0.74;6.28
2020;225;301;beauce_5_sa_073;solnu;;0.0;0.0;33.32;-41.93;0.0;45.19;37.62;0.03;0.0;0;0;0;-304.96;0.02;0.01;0.0;0.0
2020;302;366;beauce_5_sa_073;BTH;;2.64;1.18;9.38;-28.03;3.49;37.62;103.56;0.04;0.0;0;2.06;0;-39.74;0.04;0.0;1.18;2.64
2020;1;172;beauce_5_sa_074;BTH;;5.27;0.53;37.07;0.0;161.61;124.65;34.57;0.11;0.0;0;97.05;0;-406.55;0.08;0.02;0.53;5.27
2020;173;313;beauce_5_sa_074;solnu;;0.43;0.0;56.07;-50.98;0.0;34.57;40.4;0.06;0.0;0;0;0;-539.41;0.04;0.02;0.0;0.43
2020;314;366;beauce_5_sa_074;BTH;;3.41;0.8;7.07;-24.3;1.66;40.4;81.25;0.02;0.0;0;0.98;0;-62.12;0.02;0.0;0.8;3.41
2020;1;171;beauce_5_sa_075;BTH;;2.87;1.51;36.7;0.0;76.4;45.45;114.05;0.06;0.0;0;58.13;0;-401.9;0.04;0.02;1.51;2.87
2020;172;284;beauce_5_sa_075;solnu;;1.12;0.0;53.41;-52.04;0.0;114.05;114.28;0.15;0.0;0;0;0;-513.1;0.13;0.02;0.0;1.12
2020;285;366;beauce_5_sa_075;BTH;;5.06;0.0;13.06;-52.27;22.12;107.72;47.87;0.03;0.0;0;13.02;0;-13.26;0.02;0.01;0.0;5.06
2020;1;179;beauce_5_sa_076;BTH;;3.65;0.83;40.25;0.0;131.07;64.83;31.14;0.08;0.0;0;78.89;0;-447.5;0.05;0.02;0.83;3.65
2020;180;314;beauce_5_sa_076;solnu;;0.31;0.0;52.4;-18.59;0.0;31.14;64.68;0.08;0.0;0;0;0;-491.75;0.05;0.02;0.0;0.31
2020;315;366;beauce_5_sa_076;BTH;;2.33;0.0;6.9;-46.15;0.0;64.89;26.13;0.0;0.0;0;0.0;0;-73.64;0.0;0.0;0.0;2.33
2020;1;187;beauce_5_sa_077;BTH;;4.55;0.4;44.5;0.0;173.2;143.56;38.98;0.12;0.0;0;109.21;0;-496.08;0.1;0.03;0.4;4.55
2020;188;292;beauce_5_sa_077;solnu;;0.0;0.0;43.67;-18.62;0.0;38.98;64.17;0.05;0.0;0;0;0;-398.13;0.04;0.02;0.0;0.0
2020;293;366;beauce_5_sa_077;BTH;;2.42;1.18;11.31;-46.47;0.72;64.4;116.45;0.02;0.0;0;0.42;0;-95.05;0.02;0.0;1.18;2.42
2020;1;223;beauce_5_sa_078;BTH;;2.22;0.8;62.91;0.0;85.44;35.17;70.41;0.1;0.0;0;69.47;0;-700.43;0.06;0.04;0.8;2.22
2020;224;273;beauce_5_sa_078;solnu;;0.77;0.0;26.74;-83.74;0.0;70.41;13.64;0.0;0.0;0;0;0;-155.36;0.0;0.0;0.0;0.77
2020;274;366;beauce_5_sa_078;BTH;;1.51;0.0;16.45;-9.54;3.67;13.65;15.37;0.01;0.0;0;2.16;0;0.85;0.0;0.0;0.0;1.51
2020;1;225;beauce_5_sa_079;BTH;;3.7;2.63;57.32;0.0;223.88;62.23;88.59;0.16;0.0;0;135.04;0;-637.9;0.12;0.03;2.63;3.7
2020;226;301;beauce_5_sa_079;solnu;;0.0;0.0;32.92;-80.21;0.0;88.59;41.19;0.11;0.0;0;0;0;-281.38;0.1;0.01;0.0;0.0
2020;302;366;beauce_5_sa_079;BTH;;2.37;0.0;9.43;-9.49;0.0;41.11;38.75;0.0;0.0;0;0.0;0;7.33;0.0;0.0;0.0;2.37
2020;1;217;beauce_5_sa_080;BTH;;4.21;0.25;55.65;0.0;154.18;118.76;34.65;0.11;0.0;0;96.24;0;-617.51;0.08;0.03;0.25;4.21
2020;218;294;beauce_5_sa_080;solnu;;0.0;0.0;35.35;-20.34;0.0;34.65;49.61;0.04;0.0;0;0;0;-329.88;0.03;0.01;0.0;0.0
2020;295;366;beauce_5_sa_080;BTH;;2.36;0.81;10.82;-42.96;0.72;49.91;81.74;0.01;0.0;0;0.42;0;-129.71;0.01;0.0;0.81;2.36
2020;1;214;beauce_5_sa_081;BTH;;1.76;1.55;59.26;0.0;111.51;25.77;88.08;0.12;0.0;0;90.36;0;-658.62;0.08;0.04;1.55;1.76
2020;215;268;beauce_5_sa_081;solnu;;0.19;0.0;29.98;-21.19;0.0;88.08;96.58;0.11;0.0;0;0;0;-284.65;0.1;0.01;0.0;0.19
2020;269;366;beauce_5_sa_081;BTH;;3.51;0.0;18.16;-80.77;5.89;97.01;24.55;0.02;0.0;0;3.46;0;-48.51;0.02;0.0;0.0;3.51
2020;1;185;beauce_5_sa_082;BTH;;3.34;0.83;44.21;0.0;142.45;56.94;16.26;0.07;0.0;0;90.24;0;-492.4;0.04;0.03;0.83;3.34
2020;186;293;beauce_5_sa_082;solnu;;0.0;0.0;45.0;-48.81;0.0;16.26;17.36;0.02;0.0;0;0;0;-475.92;0.01;0.01;0.0;0.0
2020;294;366;beauce_5_sa_082;BTH;;1.5;0.0;11.05;-13.93;0.0;17.29;15.99;0.0;0.0;0;0.0;0;-53.1;0.0;0.0;0.0;1.5
2020;1;220;beauce_5_sa_083;BTH;;3.63;2.21;56.72;0.0;153.91;64.32;129.29;0.1;0.0;0;92.63;0;-632.69;0.06;0.03;2.21;3.63
2020;221;312;beauce_5_sa_083;solnu;;0.66;0.0;37.72;-117.36;0.0;129.29;48.84;0.15;0.0;0;0;0;-280.63;0.14;0.01;0.0;0.66
2020;313;366;beauce_5_sa_083;BTH;;3.8;0.0;7.22;4.06;2.53;48.81;53.77;0.02;0.0;0;1.49;0;28.71;0.01;0.01;0.0;3.8
2020;1;184;beauce_5_sa_084;BTH;;2.88;0.0;44.63;0.0;72.97;46.1;13.34;0.05;0.0;0;55.75;0;-492.86;0.02;0.03;0.0;2.88
2020;185;284;beauce_5_sa_084;solnu;;0.68;0.0;46.03;-52.77;0.0;13.34;12.86;0.01;0.0;0;0;0;-498.03;0.0;0.01;0.0;0.68
2020;285;366;beauce_5_sa_084;BTH;;1.35;0.0;12.91;-12.86;0.0;12.87;11.56;0.0;0.0;0;0.0;0;-14.0;0.0;0.0;0.0;1.35
2020;1;188;beauce_5_sa_085;BTH;;2.24;1.25;46.77;0.0;63.05;35.87;111.25;0.04;0.0;0;55.91;0;-519.73;0.02;0.03;1.25;2.24
2020;189;273;beauce_5_sa_085;solnu;;0.86;0.0;41.79;-93.66;0.0;111.25;58.41;0.12;0.0;0;0;0;-381.88;0.11;0.01;0.0;0.86
2020;274;366;beauce_5_sa_085;BTH;;2.99;0.0;16.44;-3.88;33.21;56.05;34.74;0.03;0.0;0;19.54;0;-5.29;0.01;0.01;0.0;2.99
2020;1;184;beauce_5_sa_086;BTH;;6.38;0.0;43.21;0.0;153.44;154.59;37.84;0.11;0.0;0;93.87;0;-478.44;0.08;0.03;0.0;6.38
2020;185;300;beauce_5_sa_086;solnu;;0.0;0.0;45.52;-20.03;0.0;37.84;63.31;0.04;0.0;0;0;0;-431.21;0.02;0.02;0.0;0.0
2020;301;366;beauce_5_sa_086;BTH;;3.49;1.24;9.58;-59.18;3.49;63.53;102.02;0.04;0.0;0;2.06;0;-100.58;0.04;0.0;1.24;3.49
2020;1;205;beauce_5_sa_087;BTH;;3.72;0.0;51.81;0.0;116.07;96.13;28.06;0.09;0.0;0;76.2;0;-576.77;0.05;0.03;0.0;3.72
2020;206;291;beauce_5_sa_087;solnu;;0.08;0.0;39.56;-55.73;0.0;28.06;21.0;0.01;0.0;0;0;0;-451.49;0.0;0.01;0.0;0.08
2020;292;366;beauce_5_sa_087;BTH;;2.19;0.56;11.47;-13.57;0.72;20.72;58.49;0.01;0.0;0;0.42;0;-16.94;0.01;0.0;0.56;2.19
2020;1;201;beauce_5_sa_088;BTH;;3.28;1.61;49.98;0.0;153.27;55.44;69.27;0.09;0.0;0;97.49;0;-558.23;0.06;0.03;1.61;3.28
2020;202;292;beauce_5_sa_088;solnu;;0.0;0.0;40.45;-19.65;0.0;69.27;89.97;0.11;0.0;0;0;0;-371.61;0.09;0.02;0.0;0.0
2020;293;366;beauce_5_sa_088;BTH;;2.93;0.0;11.3;-63.73;3.0;90.2;31.79;0.01;0.0;0;1.77;0;-53.36;0.01;0.0;0.0;2.93
2020;1;211;beauce_5_sa_089;BTH;;2.72;0.0;55.26;0.0;69.94;43.15;25.69;0.05;0.0;0;55.68;0;-615.31;0.02;0.03;0.0;2.72
2020;212;281;beauce_5_sa_089;solnu;;0.63;0.0;35.37;-48.66;0.0;25.69;13.34;0.03;0.0;0;0;0;-350.89;0.02;0.01;0.0;0.63
2020;282;366;beauce_5_sa_089;BTH;;1.43;0.0;13.75;-17.46;0.0;13.34;11.96;0.0;0.0;0;0.0;0;-113.1;0.0;0.0;0.0;1.43
2020;1;228;beauce_5_sa_090;BTH;;3.78;0.92;63.03;0.0;174.46;87.03;40.76;0.14;0.0;0;113.96;0;-700.78;0.1;0.04;0.92;3.78
2020;229;287;beauce_5_sa_090;solnu;;0.0;0.0;28.19;-49.02;0.0;40.76;24.52;0.02;0.0;0;0;0;-281.2;0.02;0.0;0.0;0.0
2020;288;366;beauce_5_sa_090;BTH;;2.42;0.51;12.19;-14.7;2.18;24.71;56.02;0.02;0.0;0;1.28;0;19.71;0.02;0.0;0.51;2.42
2020;1;172;beauce_5_sa_091;BTH;;3.54;0.41;37.43;0.0;91.51;62.56;33.78;0.06;0.0;0;56.95;0;-410.01;0.04;0.02;0.41;3.54
2020;173;303;beauce_5_sa_091;solnu;;1.55;0.0;56.33;-70.43;0.0;33.78;20.39;0.05;0.0;0;0;0;-518.96;0.03;0.02;0.0;1.55
2020;304;366;beauce_5_sa_091;BTH;;1.68;0.0;8.92;-8.98;0.0;20.32;18.66;0.0;0.0;0;0.0;0;-11.28;0.0;0.0;0.0;1.68
2020;1;217;beauce_5_sa_092;BTH;;2.33;0.0;59.09;0.0;62.79;36.1;30.03;0.05;0.0;0;55.62;0;-655.97;0.02;0.04;0.0;2.33
2020;218;275;beauce_5_sa_092;solnu;;0.58;0.0;30.68;-22.12;0.0;30.03;37.96;0.04;0.0;0;0;0;-297.22;0.03;0.01;0.0;0.58
2020;276;366;beauce_5_sa_092;BTH;;1.66;0.0;15.47;-42.63;0.0;38.23;13.81;0.0;0.0;0;0.0;0;-144.42;0.0;0.0;0.0;1.66
2020;1;212;beauce_5_sa_093;BTH;;3.6;0.88;51.95;0.0;154.48;63.51;23.02;0.09;0.0;0;93.44;0;-577.66;0.06;0.03;0.88;3.6
2020;213;308;beauce_5_sa_093;solnu;;0.0;0.0;40.2;-50.32;0.0;23.02;19.63;0.02;0.0;0;0;0;-437.61;0.01;0.01;0.0;0.0
2020;309;366;beauce_5_sa_093;BTH;;1.39;0.0;7.88;-10.73;0.0;19.63;18.3;0.0;0.0;0;0.0;0;-43.47;0.0;0.0;0.0;1.39
2020;1;215;beauce_5_sa_094;BTH;;3.65;1.19;53.31;0.0;170.89;65.01;32.61;0.08;0.0;0;102.22;0;-592.04;0.05;0.03;1.19;3.65
2020;216;315;beauce_5_sa_094;solnu;;0.0;0.0;40.15;-54.97;0.0;32.61;21.28;0.04;0.0;0;0;0;-391.38;0.03;0.01;0.0;0.0
2020;316;366;beauce_5_sa_094;BTH;;1.5;0.0;6.7;-7.61;0.0;21.42;19.93;0.0;0.0;0;0.0;0;-14.63;0.0;0.0;0.0;1.5
2020;1;187;beauce_5_sa_095;BTH;;1.34;1.15;48.06;0.0;40.89;16.4;108.54;0.03;0.0;0;54.33;0;-534.66;0.0;0.03;1.15;1.34
2020;188;258;beauce_5_sa_095;solnu;;0.27;0.0;38.55;-21.48;0.0;108.54;125.22;0.12;0.0;0;0;0;-368.23;0.1;0.01;0.0;0.27
2020;259;366;beauce_5_sa_095;BTH;;3.16;0.0;21.44;-78.35;35.22;125.56;29.9;0.03;0.0;0;20.72;0;-29.54;0.02;0.01;0.0;3.16
2020;1;194;beauce_5_sa_096;BTH;;2.38;0.0;49.44;0.0;64.1;37.89;20.81;0.05;0.0;0;55.39;0;-549.7;0.02;0.03;0.0;2.38
2020;195;275;beauce_5_sa_096;solnu;;0.55;0.0;39.92;-57.29;0.0;20.81;11.43;0.01;0.0;0;0;0;-419.34;0.01;0.0;0.0;0.55
2020;276;366;beauce_5_sa_096;BTH;;1.23;0.0;15.49;-15.09;0.0;11.43;10.6;0.0;0.0;0;0.0;0;-10.03;0.0;0.0;0.0;1.23
2020;1;190;beauce_5_sa_097;BTH;;2.99;2.45;46.89;0.0;113.51;48.35;162.31;0.08;0.0;0;78.27;0;-522.26;0.05;0.03;2.45;2.99
2020;191;287;beauce_5_sa_097;solnu;;1.16;0.0;44.35;-19.88;0.0;162.31;185.45;0.17;0.0;0;0;0;-416.07;0.15;0.02;0.0;1.16
2020;288;366;beauce_5_sa_097;BTH;;6.29;0.0;12.25;-91.62;19.22;185.62;80.5;0.06;0.0;0;11.31;0;-34.08;0.06;0.0;0.0;6.29
2020;1;193;beauce_5_sa_098;BTH;;3.22;1.37;48.1;0.0;121.95;54.38;79.57;0.08;0.0;0;79.68;0;-532.23;0.05;0.03;1.37;3.22
2020;194;291;beauce_5_sa_098;solnu;;0.74;0.0;43.5;-91.14;0.0;79.57;31.08;0.11;0.0;0;0;0;-385.79;0.09;0.01;0.0;0.74
2020;292;366;beauce_5_sa_098;BTH;;3.24;0.0;11.61;-11.61;0.0;30.72;27.84;0.0;0.0;0;0.0;0;18.09;0.0;0.0;0.0;3.24
2020;1;174;beauce_5_sa_099;BTH;;3.67;1.28;38.26;0.0;152.96;65.51;41.3;0.08;0.0;0;91.37;0;-423.39;0.06;0.02;1.28;3.67
2020;175;317;beauce_5_sa_099;solnu;;0.17;0.0;54.44;-69.77;0.0;41.3;28.37;0.07;0.0;0;0;0;-492.65;0.05;0.02;0.0;0.17
2020;318;366;beauce_5_sa_099;BTH;;2.34;0.0;6.5;-6.48;0.0;28.48;26.04;0.0;0.0;0;0.0;0;4.37;0.0;0.0;0.0;2.34
2021;1;174;beauce_5_sa_000;BTH;;2.88;0.0;34.7;14.0;83.84;45.71;7.97;0.07;0.01;0;52.61;0;-113.35;0.04;0.03;0.0;2.88
2021;175;257;beauce_5_sa_000;solnu;;0.93;0.0;39.71;-49.76;0.0;7.97;5.01;0.01;0.0;0;0;0;-289.44;0.0;0.01;0.0;0.93
2021;258;365;beauce_5_sa_000;BTH;;0.95;0.48;21.4;-15.34;3.7;5.1;42.72;0.02;0.0;0;2.18;0;31.1;0.01;0.0;0.48;0.95
2021;1;178;beauce_5_sa_001;BTH;;7.07;0.0;36.02;-13.21;44.41;23.29;13.05;0.03;0.0;0;26.13;0;-78.77;0.0;0.02;0.0;7.07
2021;179;311;beauce_5_sa_001;solnu;;1.73;0.0;51.53;-1.4;0.0;13.05;61.36;0.07;0.03;0;0;0;-286.01;0.04;0.03;0.0;1.73
2021;312;365;beauce_5_sa_001;BTH;;4.46;0.22;6.45;-40.9;0.0;61.71;22.43;0.02;0.0;0;0.0;0;-22.22;0.02;0.0;0.22;4.46
2021;1;180;beauce_5_sa_002;BTH;;6.4;0.73;37.27;3.9;102.32;24.89;12.38;0.05;0.0;0;60.79;0;-38.46;0.02;0.03;0.73;6.4
2021;181;304;beauce_5_sa_002;solnu;;1.6;0.0;49.33;-3.39;0.0;12.38;56.73;0.05;0.03;0;0;0;-239.5;0.02;0.03;0.0;1.6
2021;305;365;beauce_5_sa_002;BTH;;3.42;0.2;7.99;-59.67;1.16;56.88;16.6;0.01;0.0;0;0.68;0;-25.59;0.01;0.0;0.2;3.42
2021;1;202;beauce_5_sa_003;BTH;;4.27;0.45;47.12;7.54;87.48;14.28;11.78;0.04;0.0;0;51.48;0;-166.14;0.0;0.04;0.45;4.27
2021;203;285;beauce_5_sa_003;solnu;;0.57;0.0;35.08;-10.05;0.0;11.78;36.2;0.02;0.02;0;0;0;-213.13;0.01;0.02;0.0;0.57
2021;286;365;beauce_5_sa_003;BTH;;1.56;0.0;11.92;-42.28;0.0;36.6;6.95;0.0;0.0;0;0.0;0;-70.0;0.0;0.0;0.0;1.56
2021;1;217;beauce_5_sa_004;BTH;;6.05;1.03;56.35;0.34;128.77;20.09;21.16;0.07;0.0;0;75.77;0;-104.82;0.04;0.04;1.03;6.05
2021;218;309;beauce_5_sa_004;solnu;;1.32;0.0;32.53;-13.03;0.0;21.16;39.29;0.03;0.02;0;0;0;-166.24;0.02;0.01;0.0;1.32
2021;310;365;beauce_5_sa_004;BTH;;2.45;0.0;6.83;-36.08;0.0;39.5;11.84;0.0;0.0;0;0.0;0;-72.26;0.0;0.0;0.0;2.45
2021;1;177;beauce_5_sa_005;BTH;;9.02;2.82;36.07;41.83;176.42;44.96;149.73;0.25;0.03;0;114.9;0;-86.74;0.21;0.05;2.82;9.02
2021;178;284;beauce_5_sa_005;solnu;;10.85;0.0;47.12;5.64;0.0;149.73;192.3;0.13;0.1;0;0;0;-258.54;0.1;0.03;0.0;10.85
2021;285;365;beauce_5_sa_005;BTH;;21.89;0.0;12.49;-76.68;9.81;192.65;96.41;0.01;0.0;0;5.77;0;15.33;0.01;0.0;0.0;21.89
2021;1;224;beauce_5_sa_006;BTH;;5.1;1.08;59.54;11.24;139.79;19.33;27.1;0.12;0.01;0;82.26;0;-235.36;0.07;0.04;1.08;5.1
2021;225;301;beauce_5_sa_006;solnu;;1.14;0.0;27.73;-11.98;0.0;27.1;41.64;0.03;0.04;0;0;0;-167.14;0.02;0.01;0.0;1.14
2021;302;365;beauce_5_sa_006;BTH;;2.9;0.0;8.26;-38.15;0.0;41.82;13.12;0.0;0.0;0;0.0;0;-89.6;0.0;0.0;0.0;2.9
2021;1;231;beauce_5_sa_007;BTH;;5.73;0.0;60.65;7.42;54.88;18.32;27.63;0.04;0.0;0;32.29;0;-401.82;0.0;0.04;0.0;5.73
2021;232;314;beauce_5_sa_007;solnu;;1.38;0.0;26.84;-11.55;0.0;27.63;41.45;0.05;0.04;0;0;0;-193.94;0.04;0.01;0.0;1.38
2021;315;365;beauce_5_sa_007;BTH;;3.24;0.0;5.66;-27.1;0.0;41.75;18.25;0.0;0.0;0;0.0;0;-53.91;0.0;0.0;0.0;3.24
2021;1;219;beauce_5_sa_008;BTH;;3.9;1.07;58.53;20.32;137.39;14.91;33.47;0.15;0.01;0;81.53;0;-224.0;0.1;0.05;1.07;3.9
2021;220;266;beauce_5_sa_008;solnu;;0.76;0.0;21.32;-55.86;0.0;33.47;5.78;0.0;0.0;0;0;0;-173.66;0.0;0.0;0.0;0.76
2021;267;365;beauce_5_sa_008;BTH;;1.09;0.0;17.39;-17.31;0.0;5.81;4.78;0.0;0.0;0;0.0;0;70.2;0.0;0.0;0.0;1.09
2021;1;198;beauce_5_sa_009;BTH;;13.59;2.0;46.01;50.18;150.1;46.57;130.17;0.21;0.02;0;92.0;0;-180.71;0.15;0.06;2.0;13.59
2021;199;297;beauce_5_sa_009;solnu;;6.96;0.0;40.04;-0.33;0.0;130.17;163.64;0.1;0.1;0;0;0;-252.72;0.07;0.03;0.0;6.96
2021;298;365;beauce_5_sa_009;BTH;;17.28;0.0;9.16;-77.74;0.24;163.91;77.53;0.01;0.0;0;0.14;0;0.74;0.01;0.0;0.0;17.28
2021;1;223;beauce_5_sa_010;BTH;;3.79;0.0;58.01;17.62;48.88;11.77;35.42;0.05;0.0;0;28.76;0;-279.45;0.01;0.05;0.0;3.79
2021;224;262;beauce_5_sa_010;solnu;;0.57;0.0;17.96;-37.88;0.0;35.42;17.29;0.02;0.05;0;0;0;-145.62;0.02;0.0;0.0;0.57
2021;263;365;beauce_5_sa_010;BTH;;3.37;0.0;19.4;-19.33;0.0;17.62;14.02;0.0;0.0;0;0.0;0;-40.33;0.0;0.0;0.0;3.37
2021;1;210;beauce_5_sa_011;BTH;;5.51;1.14;52.19;0.61;137.0;19.21;15.97;0.1;0.0;0;80.62;0;-69.68;0.07;0.03;1.14;5.51
2021;211;307;beauce_5_sa_011;solnu;;1.16;0.0;36.2;-39.94;0.0;15.97;11.2;0.02;0.01;0;0;0;-180.2;0.01;0.02;0.0;1.16
2021;308;365;beauce_5_sa_011;BTH;;2.01;0.0;7.52;-12.69;0.0;10.85;9.11;0.0;0.0;0;0.0;0;-66.32;0.0;0.0;0.0;2.01
2021;1;193;beauce_5_sa_012;BTH;;5.17;0.56;43.49;-7.0;84.03;18.01;8.32;0.05;0.0;0;49.45;0;-47.01;0.02;0.02;0.56;5.17
2021;194;308;beauce_5_sa_012;solnu;;0.89;0.0;43.66;-43.71;0.0;8.32;8.7;0.02;0.01;0;0;0;-203.7;0.01;0.02;0.0;0.89
2021;309;365;beauce_5_sa_012;BTH;;1.51;0.0;7.07;-9.26;0.0;8.87;7.22;0.0;0.0;0;0.0;0;-30.77;0.0;0.0;0.0;1.51
2021;1;227;beauce_5_sa_013;BTH;;9.63;0.15;59.93;21.25;100.82;46.94;32.41;0.07;0.01;0;59.93;0;-274.85;0.02;0.05;0.15;9.63
2021;228;298;beauce_5_sa_013;solnu;;1.54;0.0;25.75;-13.77;0.0;32.41;42.78;0.03;0.04;0;0;0;-173.92;0.02;0.01;0.0;1.54
2021;299;365;beauce_5_sa_013;BTH;;3.82;0.48;8.82;-47.56;1.38;43.09;40.33;0.02;0.0;0;0.81;0;-98.8;0.01;0.0;0.48;3.82
2021;1;225;beauce_5_sa_014;BTH;;5.45;0.0;58.38;-4.31;46.25;17.26;21.49;0.04;0.0;0;27.22;0;-201.91;0.0;0.03;0.0;5.45
2021;226;315;beauce_5_sa_014;solnu;;1.16;0.0;29.96;-39.08;0.0;21.49;11.38;0.03;0.03;0;0;0;-174.28;0.02;0.01;0.0;1.16
2021;316;365;beauce_5_sa_014;BTH;;1.75;0.0;5.53;-6.12;0.0;11.38;9.66;0.0;0.0;0;0.0;0;-19.8;0.0;0.0;0.0;1.75
2021;1;201;beauce_5_sa_015;BTH;;2.82;0.54;47.46;20.76;88.05;8.78;26.91;0.07;0.0;0;51.81;0;-178.77;0.03;0.04;0.54;2.82
2021;202;256;beauce_5_sa_015;solnu;;0.6;0.0;26.38;-12.96;0.0;26.91;39.65;0.03;0.05;0;0;0;-163.96;0.02;0.01;0.0;0.6
2021;257;365;beauce_5_sa_015;BTH;;3.21;0.0;21.78;-48.25;0.0;40.45;13.25;0.0;0.0;0;0.0;0;-90.09;0.0;0.0;0.0;3.21
2021;1;215;beauce_5_sa_016;BTH;;2.88;0.0;54.28;14.44;42.63;8.69;32.48;0.05;0.0;0;25.08;0;-225.58;0.01;0.04;0.0;2.88
2021;216;261;beauce_5_sa_016;solnu;;0.46;0.0;20.97;-16.36;0.0;32.48;36.56;0.03;0.05;0;0;0;-140.87;0.02;0.01;0.0;0.46
2021;262;365;beauce_5_sa_016;BTH;;3.01;0.0;19.21;-40.2;0.0;36.83;12.62;0.0;0.0;0;0.0;0;-60.56;0.0;0.0;0.0;3.01
2021;1;185;beauce_5_sa_017;BTH;;31.22;1.82;40.37;40.79;172.44;175.85;193.9;0.24;0.01;0;102.6;0;-109.38;0.19;0.05;1.82;31.22
2021;186;315;beauce_5_sa_017;solnu;;14.36;0.0;49.84;-93.77;0.0;193.9;136.18;0.11;0.12;0;0;0;-203.92;0.08;0.03;0.0;14.36
2021;316;365;beauce_5_sa_017;BTH;;21.73;1.11;5.73;7.02;0.9;136.45;209.71;0.07;0.01;0;0.53;0;35.33;0.06;0.01;1.11;21.73
2021;1;198;beauce_5_sa_018;BTH;;4.84;0.0;45.27;-0.08;49.39;15.63;7.61;0.03;0.0;0;29.06;0;-148.82;0.0;0.03;0.0;4.84
2021;199;312;beauce_5_sa_018;solnu;;0.78;0.0;42.36;-43.09;0.0;7.61;6.67;0.02;0.01;0;0;0;-246.91;0.0;0.01;0.0;0.78
2021;313;365;beauce_5_sa_018;BTH;;1.15;0.0;6.15;-6.13;0.0;6.67;5.54;0.0;0.0;0;0.0;0;-8.32;0.0;0.0;0.0;1.15
2021;1;183;beauce_5_sa_019;BTH;;5.9;0.0;38.47;-3.91;39.31;20.02;9.82;0.02;0.0;0;23.13;0;-229.37;0.0;0.02;0.0;5.9
2021;184;312;beauce_5_sa_019;solnu;;1.36;0.0;48.42;2.53;0.0;9.82;59.38;0.07;0.03;0;0;0;-334.87;0.04;0.03;0.0;1.36
2021;313;365;beauce_5_sa_019;BTH;;4.14;0.0;6.1;-40.17;0.0;59.64;21.16;0.02;0.0;0;0.0;0;-35.09;0.02;0.0;0.0;4.14
2021;1;198;beauce_5_sa_020;BTH;;2.48;0.74;46.38;10.18;102.74;8.51;16.04;0.06;0.0;0;60.45;0;-78.31;0.03;0.03;0.74;2.48
2021;199;267;beauce_5_sa_020;solnu;;0.42;0.0;32.45;-41.47;0.0;16.04;10.2;0.02;0.03;0;0;0;-208.91;0.01;0.01;0.0;0.42
2021;268;365;beauce_5_sa_020;BTH;;1.95;0.0;17.68;-20.98;0.0;10.2;8.29;0.0;0.0;0;0.0;0;-5.89;0.0;0.0;0.0;1.95
2021;1;171;beauce_5_sa_021;BTH;;20.52;2.77;32.89;31.77;154.44;122.49;224.84;0.18;0.03;0;92.23;0;-90.67;0.14;0.04;2.77;20.52
2021;172;312;beauce_5_sa_021;solnu;;21.65;0.0;55.39;12.45;0.0;224.84;271.47;0.22;0.11;0;0;0;-324.46;0.18;0.04;0.0;21.65
2021;313;365;beauce_5_sa_021;BTH;;33.76;0.0;6.24;-78.91;0.0;271.7;164.99;0.03;0.0;0;0.0;0;-5.92;0.03;0.0;0.0;33.76
2021;1;220;beauce_5_sa_022;BTH;;14.92;2.1;59.04;45.22;120.0;54.14;183.53;0.31;0.03;0;93.89;0;-268.54;0.25;0.06;2.1;14.92
2021;221;262;beauce_5_sa_022;solnu;;11.08;0.0;19.48;-14.51;0.0;183.53;177.25;0.06;0.1;0;0;0;-131.37;0.06;0.01;0.0;11.08
2021;263;365;beauce_5_sa_022;BTH;;24.68;0.0;19.14;-66.79;2.41;177.73;102.85;0.0;0.0;0;1.42;0;38.93;0.0;0.0;0.0;24.68
2021;1;180;beauce_5_sa_023;BTH;;4.48;1.49;38.16;28.86;117.28;17.1;75.3;0.14;0.02;0;74.31;0;-72.46;0.1;0.04;1.49;4.48
2021;181;263;beauce_5_sa_023;solnu;;4.89;0.0;39.33;-2.43;0.0;75.3;107.13;0.1;0.08;0;0;0;-208.44;0.07;0.02;0.0;4.89
2021;264;365;beauce_5_sa_023;BTH;;11.43;0.0;18.9;-64.14;3.0;107.63;48.14;0.0;0.0;0;1.77;0;2.42;0.0;0.0;0.0;11.43
2021;1;229;beauce_5_sa_024;BTH;;3.19;0.0;60.62;15.6;54.55;10.41;29.57;0.05;0.0;0;32.1;0;-289.17;0.0;0.05;0.0;3.19
2021;230;275;beauce_5_sa_024;solnu;;0.42;0.0;19.69;-39.84;0.0;29.57;14.82;0.02;0.05;0;0;0;-174.77;0.02;0.0;0.0;0.42
2021;276;365;beauce_5_sa_024;BTH;;2.8;0.0;15.05;-14.91;0.0;14.93;12.16;0.0;0.0;0;0.0;0;-13.52;0.0;0.0;0.0;2.8
2021;1;183;beauce_5_sa_025;BTH;;4.09;1.0;39.35;21.71;85.34;13.43;61.0;0.13;0.01;0;53.75;0;-95.84;0.1;0.04;1.0;4.09
2021;184;264;beauce_5_sa_025;solnu;;3.16;0.0;37.76;-4.76;0.0;61.0;90.24;0.08;0.07;0;0;0;-212.74;0.06;0.02;0.0;3.16
2021;265;365;beauce_5_sa_025;BTH;;8.74;0.0;18.42;-60.07;3.0;91.01;37.27;0.0;0.0;0;1.77;0;-18.39;0.0;0.0;0.0;8.74
2021;1;199;beauce_5_sa_026;BTH;;3.79;0.0;45.92;0.36;42.28;12.29;13.29;0.03;0.0;0;24.88;0;-130.64;0.0;0.03;0.0;3.79
2021;200;275;beauce_5_sa_026;solnu;;0.47;0.0;33.45;-13.2;0.0;13.29;33.03;0.02;0.02;0;0;0;-195.15;0.01;0.01;0.0;0.47
2021;276;365;beauce_5_sa_026;BTH;;1.61;0.0;14.76;-37.63;1.5;33.53;7.06;0.0;0.0;0;0.88;0;-38.25;0.0;0.0;0.0;1.61
2021;1;172;beauce_5_sa_027;BTH;;6.22;0.0;33.0;-10.88;27.61;22.43;12.4;0.01;0.0;0;16.25;0;-119.84;0.0;0.01;0.0;6.22
2021;173;312;beauce_5_sa_027;solnu;;1.91;0.0;54.49;1.12;0.0;12.4;65.98;0.08;0.04;0;0;0;-317.82;0.04;0.03;0.0;1.91
2021;313;365;beauce_5_sa_027;BTH;;5.18;0.0;6.17;-39.31;0.28;66.23;27.36;0.02;0.0;0;0.16;0;-29.35;0.02;0.0;0.0;5.18
2021;1;187;beauce_5_sa_028;BTH;;2.26;0.0;40.62;18.93;51.01;7.06;13.73;0.04;0.0;0;30.02;0;-230.79;0.01;0.04;0.0;2.26
2021;188;261;beauce_5_sa_028;solnu;;0.4;0.0;34.14;-8.73;0.0;13.73;38.67;0.04;0.04;0;0;0;-243.97;0.02;0.02;0.0;0.4
2021;262;365;beauce_5_sa_028;BTH;;2.43;0.0;19.1;-43.62;1.5;39.03;10.22;0.0;0.0;0;0.88;0;-93.3;0.0;0.0;0.0;2.43
2021;1;184;beauce_5_sa_029;BTH;;5.09;0.0;39.09;-1.97;40.69;16.4;7.54;0.02;0.0;0;23.94;0;-112.53;0.0;0.02;0.0;5.09
2021;185;297;beauce_5_sa_029;solnu;;0.8;0.0;45.57;-42.52;0.0;7.54;9.78;0.03;0.02;0;0;0;-252.5;0.01;0.02;0.0;0.8
2021;298;365;beauce_5_sa_029;BTH;;1.78;0.0;9.1;-9.13;0.0;9.8;7.97;0.0;0.0;0;0.0;0;-15.08;0.0;0.0;0.0;1.78
2021;1;197;beauce_5_sa_030;BTH;;4.47;0.42;45.55;11.14;109.34;13.08;11.73;0.08;0.0;0;64.34;0;-105.84;0.04;0.04;0.42;4.47
2021;198;279;beauce_5_sa_030;solnu;;0.7;0.0;36.21;-42.49;0.0;11.73;9.11;0.02;0.02;0;0;0;-247.99;0.01;0.01;0.0;0.7
2021;280;365;beauce_5_sa_030;BTH;;1.72;0.32;13.92;-16.29;0.0;9.11;7.52;0.0;0.0;0;0.0;0;-17.33;0.0;0.0;0.32;1.72
2021;1;193;beauce_5_sa_031;BTH;;7.58;1.29;44.87;31.84;93.2;34.71;108.25;0.22;0.03;0;72.26;0;-251.85;0.17;0.05;1.29;7.58
2021;194;256;beauce_5_sa_031;solnu;;6.34;0.0;29.87;-53.66;0.0;108.25;78.37;0.06;0.08;0;0;0;-199.95;0.05;0.01;0.0;6.34
2021;257;365;beauce_5_sa_031;BTH;;15.3;0.0;22.53;-21.13;5.9;78.37;59.87;0.0;0.0;0;3.47;0;0.09;0.0;0.0;0.0;15.3
2021;1;176;beauce_5_sa_032;BTH;;7.31;1.46;35.53;31.63;100.93;26.29;94.94;0.14;0.01;0;65.53;0;-74.02;0.1;0.04;1.46;7.31
2021;177;274;beauce_5_sa_032;solnu;;3.55;0.0;44.83;-28.68;0.0;94.94;100.84;0.12;0.1;0;0;0;-250.19;0.09;0.03;0.0;3.55
2021;275;365;beauce_5_sa_032;BTH;;11.91;0.0;15.44;-50.6;1.5;95.32;52.27;0.0;0.0;0;0.88;0;32.78;0.0;0.0;0.0;11.91
2021;1;230;beauce_5_sa_033;BTH;;13.51;2.59;63.76;48.61;173.31;51.02;173.67;0.37;0.01;0;108.07;0;-244.3;0.3;0.07;2.59;13.51
2021;231;270;beauce_5_sa_033;solnu;;7.18;0.0;17.67;-12.67;0.0;173.67;171.26;0.07;0.16;0;0;0;-114.22;0.07;0.01;0.0;7.18
2021;271;365;beauce_5_sa_033;BTH;;21.19;0.0;16.24;-68.98;4.5;171.59;92.84;0.0;0.0;0;2.65;0;21.94;0.0;0.0;0.0;21.19
2021;1;209;beauce_5_sa_034;BTH;;13.75;0.0;51.17;23.07;100.66;62.84;25.45;0.07;0.01;0;61.94;0;-148.4;0.02;0.04;0.0;13.75
2021;210;293;beauce_5_sa_034;solnu;;2.04;0.0;33.81;-41.89;0.0;25.45;18.0;0.02;0.01;0;0;0;-233.31;0.0;0.01;0.0;2.04
2021;294;365;beauce_5_sa_034;BTH;;4.58;0.8;10.09;-26.82;3.81;17.98;56.01;0.05;0.0;0;2.24;0;-39.5;0.05;0.0;0.8;4.58
2021;1;225;beauce_5_sa_035;BTH;;6.72;1.1;60.96;26.24;134.52;31.57;61.61;0.22;0.02;0;79.75;0;-179.64;0.17;0.05;1.1;6.72
2021;226;271;beauce_5_sa_035;solnu;;1.95;0.0;20.51;-47.24;0.0;61.61;36.03;0.04;0.08;0;0;0;-163.44;0.03;0.0;0.0;1.95
2021;272;365;beauce_5_sa_035;BTH;;6.89;0.21;16.44;-19.21;1.12;36.01;42.01;0.01;0.0;0;0.66;0;26.3;0.01;0.0;0.21;6.89
2021;1;177;beauce_5_sa_036;BTH;;7.08;0.47;35.41;-4.59;53.58;24.35;29.94;0.05;0.01;0;31.53;0;-64.07;0.03;0.02;0.47;7.08
2021;178;309;beauce_5_sa_036;solnu;;2.5;0.0;52.09;-50.87;0.0;29.94;29.4;0.07;0.06;0;0;0;-263.94;0.05;0.03;0.0;2.5
2021;310;365;beauce_5_sa_036;BTH;;5.07;0.0;6.85;-6.9;0.0;29.33;24.28;0.0;0.0;0;0.0;0;-1.99;0.0;0.0;0.0;5.07
2021;1;197;beauce_5_sa_037;BTH;;2.89;1.26;46.11;9.99;143.45;10.4;15.09;0.11;0.02;0;84.41;0;-57.16;0.07;0.03;1.26;2.89
2021;198;273;beauce_5_sa_037;solnu;;0.52;0.0;34.78;-41.7;0.0;15.09;10.51;0.03;0.03;0;0;0;-198.4;0.01;0.01;0.0;0.52
2021;274;365;beauce_5_sa_037;BTH;;1.98;0.0;15.87;-19.01;0.0;10.51;8.66;0.0;0.0;0;0.0;0;-6.36;0.0;0.0;0.0;1.98
2021;1;223;beauce_5_sa_038;BTH;;3.91;0.14;58.04;7.52;61.96;12.84;23.96;0.04;0.0;0;36.46;0;-196.77;0.0;0.04;0.14;3.91
2021;224;289;beauce_5_sa_038;solnu;;0.53;0.0;25.71;-41.34;0.0;23.96;11.5;0.02;0.03;0;0;0;-196.42;0.01;0.0;0.0;0.53
2021;290;365;beauce_5_sa_038;BTH;;2.18;0.0;11.09;-11.29;0.0;11.7;9.37;0.0;0.0;0;0.0;0;-9.82;0.0;0.0;0.0;2.18
2021;1;185;beauce_5_sa_039;BTH;;8.8;0.0;39.6;12.92;67.6;35.91;13.37;0.04;0.0;0;41.06;0;-93.17;0.0;0.03;0.0;8.8
2021;186;309;beauce_5_sa_039;solnu;;1.64;0.0;47.55;-44.8;0.0;13.37;15.19;0.03;0.02;0;0;0;-275.19;0.01;0.02;0.0;1.64
2021;310;365;beauce_5_sa_039;BTH;;2.94;0.4;6.79;-16.7;2.16;15.1;30.43;0.02;0.0;0;1.27;0;-13.2;0.02;0.0;0.4;2.94
2021;1;215;beauce_5_sa_040;BTH;;7.4;1.5;56.3;22.1;115.84;25.68;94.36;0.21;0.02;0;68.16;0;-109.23;0.16;0.05;1.5;7.4
2021;216;290;beauce_5_sa_040;solnu;;3.78;0.0;29.61;-61.3;0.0;94.36;58.73;0.07;0.08;0;0;0;-158.51;0.06;0.01;0.0;3.78
2021;291;365;beauce_5_sa_040;BTH;;10.72;0.0;11.08;-12.62;0.0;58.26;47.04;0.0;0.0;0;0.0;0;22.53;0.0;0.0;0.0;10.72
2021;1;181;beauce_5_sa_041;BTH;;5.9;0.0;37.33;-3.88;38.49;20.23;10.63;0.02;0.0;0;22.65;0;-117.78;0.0;0.02;0.0;5.9
2021;182;314;beauce_5_sa_041;solnu;;1.71;0.0;50.55;-45.75;0.0;10.63;13.65;0.04;0.03;0;0;0;-284.34;0.02;0.02;0.0;1.71
2021;315;365;beauce_5_sa_041;BTH;;2.1;0.0;5.78;-5.73;0.0;13.65;11.61;0.0;0.0;0;0.0;0;-11.99;0.0;0.0;0.0;2.1
2021;1;183;beauce_5_sa_042;BTH;;10.12;3.26;39.62;43.29;225.62;49.6;141.97;0.34;0.02;0;137.07;0;-63.66;0.29;0.05;3.26;10.12
2021;184;295;beauce_5_sa_042;solnu;;9.99;0.0;46.63;5.68;0.0;141.97;183.52;0.12;0.09;0;0;0;-233.48;0.09;0.03;0.0;9.99
2021;296;365;beauce_5_sa_042;BTH;;21.18;0.0;9.94;-76.37;1.17;184.18;94.72;0.01;0.0;0;0.69;0;21.59;0.01;0.0;0.0;21.18
2021;1;200;beauce_5_sa_043;BTH;;10.34;0.0;47.91;16.5;120.83;99.61;33.99;0.13;0.01;0;75.86;0;-194.28;0.09;0.04;0.0;10.34
2021;201;263;beauce_5_sa_043;solnu;;2.43;0.0;30.39;-51.19;0.0;33.99;17.13;0.0;0.0;0;0;0;-224.09;0.0;0.0;0.0;2.43
2021;264;365;beauce_5_sa_043;BTH;;3.56;1.12;18.71;-14.58;2.75;17.0;98.48;0.06;0.0;0;1.62;0;57.25;0.05;0.0;1.12;3.56
2021;1;187;beauce_5_sa_044;BTH;;5.87;0.0;40.46;-10.43;35.12;18.64;9.31;0.02;0.0;0;20.67;0;-101.17;0.0;0.02;0.0;5.87
2021;188;309;beauce_5_sa_044;solnu;;1.02;0.0;46.44;-29.78;0.0;9.31;24.88;0.04;0.02;0;0;0;-243.59;0.02;0.02;0.0;1.02
2021;310;365;beauce_5_sa_044;BTH;;2.11;0.0;6.8;-19.42;0.0;23.25;10.15;0.0;0.0;0;0.0;0;-13.77;0.0;0.0;0.0;2.11
2021;1;216;beauce_5_sa_045;BTH;;12.39;1.84;56.25;58.17;146.86;44.4;139.8;0.24;0.02;0;90.65;0;-289.08;0.17;0.07;1.84;12.39
2021;217;292;beauce_5_sa_045;solnu;;7.11;0.0;29.26;-8.01;0.0;139.8;153.75;0.09;0.1;0;0;0;-197.23;0.07;0.01;0.0;7.11
2021;293;365;beauce_5_sa_045;BTH;;17.16;0.0;10.42;-69.85;1.97;153.89;75.16;0.01;0.0;0;1.16;0;-6.77;0.01;0.0;0.0;17.16
2021;1;224;beauce_5_sa_046;BTH;;16.76;0.5;60.02;14.89;169.26;113.9;43.22;0.13;0.01;0;100.02;0;-133.47;0.09;0.05;0.5;16.76
2021;225;309;beauce_5_sa_046;solnu;;3.9;0.0;29.73;-47.06;0.0;43.22;30.27;0.01;0.02;0;0;0;-229.98;0.01;0.01;0.0;3.9
2021;310;365;beauce_5_sa_046;BTH;;5.24;1.18;6.82;-10.58;0.9;30.27;109.03;0.01;0.0;0;0.53;0;18.06;0.01;0.0;1.18;5.24
2021;1;213;beauce_5_sa_047;BTH;;6.93;0.96;54.51;39.87;92.58;28.89;96.33;0.15;0.0;0;62.14;0;-290.84;0.09;0.06;0.96;6.93
2021;214;272;beauce_5_sa_047;solnu;;2.01;0.0;25.94;-67.38;0.0;96.33;52.89;0.07;0.1;0;0;0;-171.17;0.06;0.01;0.0;2.01
2021;273;365;beauce_5_sa_047;BTH;;9.95;0.0;16.12;-16.01;0.0;52.86;43.1;0.0;0.0;0;0.0;0;28.16;0.0;0.0;0.0;9.95
2021;1;214;beauce_5_sa_048;BTH;;3.67;0.92;55.76;25.24;127.91;13.36;32.02;0.12;0.0;0;75.27;0;-209.27;0.07;0.05;0.92;3.67
2021;215;264;beauce_5_sa_048;solnu;;0.86;0.0;23.02;-44.14;0.0;32.02;16.35;0.03;0.04;0;0;0;-225.21;0.02;0.0;0.0;0.86
2021;265;365;beauce_5_sa_048;BTH;;3.14;0.0;18.49;-19.65;0.0;16.35;13.32;0.0;0.0;0;0.0;0;12.1;0.0;0.0;0.0;3.14
2021;1;195;beauce_5_sa_049;BTH;;3.19;0.0;44.44;14.99;59.2;11.06;8.58;0.04;0.0;0;34.84;0;-186.56;0.0;0.04;0.0;3.19
2021;196;278;beauce_5_sa_049;solnu;;0.41;0.0;36.69;-42.72;0.0;8.58;5.89;0.01;0.01;0;0;0;-266.23;0.0;0.01;0.0;0.41
2021;279;365;beauce_5_sa_049;BTH;;1.12;0.0;14.18;-13.1;0.0;5.94;5.85;0.0;0.0;0;0.0;0;-9.8;0.0;0.0;0.0;1.12
2021;1;177;beauce_5_sa_050;BTH;;2.24;0.0;35.4;4.56;40.38;7.38;3.84;0.02;0.0;0;23.76;0;-111.29;0.0;0.02;0.0;2.24
2021;178;266;beauce_5_sa_050;solnu;;0.39;0.0;41.48;-9.49;0.0;3.84;35.59;0.03;0.03;0;0;0;-248.29;0.01;0.02;0.0;0.39
2021;267;365;beauce_5_sa_050;BTH;;1.78;0.0;17.33;-41.68;1.5;35.92;7.95;0.0;0.0;0;0.88;0;-56.36;0.0;0.0;0.0;1.78
2021;1;193;beauce_5_sa_051;BTH;;13.74;2.22;44.47;27.55;160.43;41.36;107.94;0.23;0.02;0;102.29;0;-72.66;0.19;0.05;2.22;13.74
2021;194;282;beauce_5_sa_051;solnu;;6.1;0.0;38.67;-3.08;0.0;107.94;137.28;0.08;0.09;0;0;0;-198.07;0.05;0.02;0.0;6.1
2021;283;365;beauce_5_sa_051;BTH;;14.7;0.0;13.01;-66.65;4.2;137.65;64.75;0.0;0.0;0;2.47;0;24.42;0.0;0.0;0.0;14.7
2021;1;197;beauce_5_sa_052;BTH;;2.83;0.46;45.46;6.77;81.54;9.58;12.43;0.04;0.0;0;47.98;0;-97.25;0.01;0.03;0.46;2.83
2021;198;273;beauce_5_sa_052;solnu;;0.39;0.0;34.41;-39.37;0.0;12.43;8.61;0.02;0.03;0;0;0;-201.5;0.01;0.01;0.0;0.39
2021;274;365;beauce_5_sa_052;BTH;;1.62;0.0;15.69;-17.61;0.0;8.78;7.08;0.0;0.0;0;0.0;0;-35.58;0.0;0.0;0.0;1.62
2021;1;171;beauce_5_sa_053;BTH;;27.3;2.64;33.14;27.21;137.28;160.64;258.75;0.11;0.01;0;87.68;0;-155.06;0.07;0.04;2.64;27.3
2021;172;291;beauce_5_sa_053;solnu;;13.48;0.0;51.29;-98.41;0.0;258.75;198.13;0.21;0.14;0;0;0;-275.35;0.18;0.03;0.0;13.48
2021;292;365;beauce_5_sa_053;BTH;;34.55;0.0;10.93;11.04;10.89;197.53;174.58;0.07;0.0;0;6.41;0;49.18;0.06;0.01;0.0;34.55
2021;1;210;beauce_5_sa_054;BTH;;2.79;1.31;53.26;17.38;159.09;12.5;19.96;0.12;0.0;0;94.13;0;-164.17;0.08;0.04;1.31;2.79
2021;211;277;beauce_5_sa_054;solnu;;0.6;0.0;30.22;-51.38;0.0;19.96;4.87;0.0;0.0;0;0;0;-198.53;0.0;0.0;0.0;0.6
2021;278;365;beauce_5_sa_054;BTH;;0.9;0.0;14.71;-14.76;0.0;4.97;3.92;0.0;0.0;0;0.0;0;69.62;0.0;0.0;0.0;0.9
2021;1;224;beauce_5_sa_055;BTH;;4.31;0.95;59.9;26.65;126.12;14.42;42.31;0.12;0.01;0;74.21;0;-255.29;0.06;0.05;0.95;4.31
2021;225;264;beauce_5_sa_055;solnu;;0.99;0.0;18.14;-15.17;0.0;42.31;44.19;0.03;0.06;0;0;0;-121.81;0.03;0.0;0.0;0.99
2021;265;365;beauce_5_sa_055;BTH;;4.37;0.0;17.93;-44.8;0.0;44.76;18.78;0.0;0.0;0;0.0;0;-116.32;0.0;0.0;0.0;4.37
2021;1;189;beauce_5_sa_056;BTH;;2.32;0.0;41.79;16.7;54.26;8.44;10.81;0.04;0.0;0;32.18;0;-168.91;0.0;0.04;0.0;2.32
2021;190;264;beauce_5_sa_056;solnu;;0.35;0.0;35.19;-38.87;0.0;10.81;8.35;0.02;0.03;0;0;0;-234.36;0.01;0.01;0.0;0.35
2021;265;365;beauce_5_sa_056;BTH;;1.62;0.0;18.79;-15.3;1.66;8.43;8.56;0.0;0.0;0;0.98;0;-24.58;0.0;0.0;0.0;1.62
2021;1;188;beauce_5_sa_057;BTH;;11.91;0.0;41.97;24.27;134.46;108.18;29.64;0.12;0.01;0;80.4;0;-135.41;0.08;0.04;0.0;11.91
2021;189;264;beauce_5_sa_057;solnu;;2.39;0.0;35.38;-43.5;0.0;29.64;26.53;0.02;0.03;0;0;0;-280.23;0.01;0.01;0.0;2.39
2021;265;365;beauce_5_sa_057;BTH;;5.44;1.26;18.62;-18.93;2.75;26.53;113.04;0.06;0.0;0;1.62;0;15.82;0.06;0.0;1.26;5.44
2021;1;208;beauce_5_sa_058;BTH;;9.3;1.23;50.89;19.77;97.5;30.04;87.62;0.16;0.02;0;57.37;0;-168.72;0.12;0.04;1.23;9.3
2021;209;298;beauce_5_sa_058;solnu;;3.35;0.0;35.52;-4.68;0.0;87.62;114.95;0.09;0.09;0;0;0;-215.51;0.07;0.02;0.0;3.35
2021;299;365;beauce_5_sa_058;BTH;;10.44;0.0;8.98;-66.48;0.0;115.31;46.99;0.01;0.0;0;0.0;0;-9.51;0.01;0.0;0.0;10.44
2021;1;194;beauce_5_sa_059;BTH;;5.6;0.0;43.59;-10.67;38.66;17.73;7.61;0.02;0.0;0;22.75;0;-154.3;0.0;0.02;0.0;5.6
2021;195;315;beauce_5_sa_059;solnu;;1.12;0.0;44.41;-8.36;0.0;7.61;42.52;0.05;0.01;0;0;0;-244.45;0.03;0.02;0.0;1.12
2021;316;365;beauce_5_sa_059;BTH;;2.5;0.0;5.55;-31.29;0.0;42.82;14.27;0.01;0.0;0;0.0;0;-20.0;0.01;0.0;0.0;2.5
2021;1;181;beauce_5_sa_060;BTH;;2.18;0.0;37.55;15.03;46.76;7.03;11.08;0.03;0.0;0;27.52;0;-173.82;0.0;0.03;0.0;2.18
2021;182;257;beauce_5_sa_060;solnu;;0.46;0.0;35.67;-9.15;0.0;11.08;37.07;0.04;0.04;0;0;0;-234.39;0.02;0.02;0.0;0.46
2021;258;365;beauce_5_sa_060;BTH;;2.51;0.0;21.18;-45.35;0.0;37.86;10.39;0.0;0.0;0;0.0;0;-90.02;0.0;0.0;0.0;2.51
2021;1;194;beauce_5_sa_061;BTH;;12.97;0.0;44.06;3.74;139.53;30.03;20.8;0.1;0.0;0;82.1;0;-112.95;0.06;0.04;0.0;12.97
2021;195;302;beauce_5_sa_061;solnu;;2.22;0.0;42.19;-7.53;0.0;20.8;53.3;0.03;0.01;0;0;0;-236.45;0.01;0.02;0.0;2.22
2021;303;365;beauce_5_sa_061;BTH;;3.88;1.26;8.21;-43.61;0.0;53.52;17.64;0.0;0.0;0;0.0;0;-70.74;0.0;0.0;1.26;3.88
2021;1;221;beauce_5_sa_062;BTH;;3.68;0.4;58.29;14.39;74.52;11.39;36.66;0.07;0.0;0;43.85;0;-188.85;0.03;0.04;0.4;3.68
2021;222;262;beauce_5_sa_062;solnu;;0.75;0.0;19.08;-39.99;0.0;36.66;18.47;0.02;0.05;0;0;0;-164.49;0.02;0.0;0.0;0.75
2021;263;365;beauce_5_sa_062;BTH;;3.61;0.0;19.54;-20.66;0.0;18.47;15.02;0.0;0.0;0;0.0;0;-13.82;0.0;0.0;0.0;3.61
2021;1;190;beauce_5_sa_063;BTH;;10.68;1.23;43.48;37.3;130.18;66.19;99.87;0.28;0.03;0;79.94;0;-138.41;0.23;0.05;1.23;10.68
2021;191;261;beauce_5_sa_063;solnu;;5.97;0.0;34.07;-53.89;0.0;99.87;74.94;0.06;0.08;0;0;0;-196.8;0.05;0.01;0.0;5.97
2021;262;365;beauce_5_sa_063;BTH;;14.93;0.54;20.15;-21.58;3.51;74.79;95.82;0.04;0.0;0;2.07;0;41.31;0.04;0.0;0.54;14.93
2021;1;188;beauce_5_sa_064;BTH;;4.2;0.91;41.44;29.41;89.92;13.22;58.71;0.16;0.01;0;54.68;0;-180.43;0.12;0.04;0.91;4.2
2021;189;265;beauce_5_sa_064;solnu;;2.41;0.0;35.69;-4.05;0.0;58.71;87.75;0.06;0.07;0;0;0;-228.82;0.04;0.02;0.0;2.41
2021;266;365;beauce_5_sa_064;BTH;;8.14;0.0;17.63;-59.13;3.0;88.07;35.21;0.0;0.0;0;1.77;0;-47.07;0.0;0.0;0.0;8.14
2021;1;194;beauce_5_sa_065;BTH;;4.94;0.0;43.64;-4.17;42.88;15.74;7.16;0.02;0.0;0;25.23;0;-110.5;0.0;0.02;0.0;4.94
2021;195;304;beauce_5_sa_065;solnu;;0.73;0.0;42.15;-41.43;0.0;7.16;7.48;0.02;0.01;0;0;0;-228.68;0.0;0.02;0.0;0.73
2021;305;365;beauce_5_sa_065;BTH;;1.37;0.0;7.89;-7.91;0.0;7.48;6.15;0.0;0.0;0;0.0;0;-12.65;0.0;0.0;0.0;1.37
2021;1;185;beauce_5_sa_066;BTH;;10.0;0.0;39.61;11.51;120.99;23.99;15.89;0.08;0.0;0;71.2;0;-160.69;0.05;0.04;0.0;10.0
2021;186;288;beauce_5_sa_066;solnu;;1.7;0.0;42.78;-4.07;0.0;15.89;53.05;0.04;0.03;0;0;0;-268.04;0.01;0.02;0.0;1.7
2021;289;365;beauce_5_sa_066;BTH;;3.62;0.95;11.22;-47.27;0.0;53.3;15.98;0.0;0.0;0;0.0;0;-77.66;0.0;0.0;0.95;3.62
2021;1;185;beauce_5_sa_067;BTH;;6.76;1.8;40.67;35.79;136.36;31.84;99.41;0.25;0.03;0;89.76;0;-168.92;0.2;0.05;1.8;6.76
2021;186;278;beauce_5_sa_067;solnu;;5.46;0.0;41.59;-61.88;0.0;99.41;74.82;0.07;0.08;0;0;0;-216.12;0.05;0.02;0.0;5.46
2021;279;365;beauce_5_sa_067;BTH;;14.06;0.0;14.49;-14.47;0.0;74.82;60.77;0.0;0.0;0;0.0;0;47.02;0.0;0.0;0.0;14.06
2021;1;207;beauce_5_sa_068;BTH;;5.23;0.0;49.37;3.15;54.07;16.79;11.39;0.03;0.0;0;31.82;0;-273.53;0.0;0.03;0.0;5.23
2021;208;302;beauce_5_sa_068;solnu;;0.72;0.0;35.95;-7.76;0.0;11.39;38.82;0.03;0.01;0;0;0;-247.28;0.01;0.02;0.0;0.72
2021;303;365;beauce_5_sa_068;BTH;;1.64;0.0;8.07;-37.88;0.0;39.04;7.5;0.0;0.0;0;0.0;0;-40.17;0.0;0.0;0.0;1.64
2021;1;174;beauce_5_sa_069;BTH;;3.5;0.0;34.0;6.97;44.37;13.0;6.93;0.03;0.0;0;26.11;0;-119.87;0.0;0.03;0.0;3.5
2021;175;287;beauce_5_sa_069;solnu;;0.86;0.0;49.13;-43.29;0.0;6.93;12.07;0.03;0.03;0;0;0;-288.29;0.01;0.02;0.0;0.86
2021;288;365;beauce_5_sa_069;BTH;;2.27;0.0;11.62;-11.57;0.0;12.0;9.85;0.0;0.0;0;0.0;0;-22.55;0.0;0.0;0.0;2.27
2021;1;202;beauce_5_sa_070;BTH;;7.99;1.23;48.43;36.96;80.53;34.85;125.28;0.19;0.01;0;69.15;0;-260.5;0.14;0.05;1.23;7.99
2021;203;257;beauce_5_sa_070;solnu;;3.96;0.0;26.84;-13.08;0.0;125.28;134.9;0.08;0.11;0;0;0;-185.24;0.07;0.01;0.0;3.96
2021;258;365;beauce_5_sa_070;BTH;;14.81;0.0;21.29;-73.93;8.3;135.64;59.15;0.0;0.0;0;4.89;0;7.62;0.0;0.0;0.0;14.81
2021;1;202;beauce_5_sa_071;BTH;;4.65;1.1;48.35;32.21;96.63;14.82;77.32;0.22;0.02;0;56.86;0;-144.6;0.18;0.05;1.1;4.65
2021;203;260;beauce_5_sa_071;solnu;;3.34;0.0;28.52;-52.46;0.0;77.32;51.07;0.05;0.07;0;0;0;-170.3;0.04;0.01;0.0;3.34
2021;261;365;beauce_5_sa_071;BTH;;9.94;0.0;20.64;-21.28;0.0;50.84;40.9;0.0;0.0;0;0.0;0;20.7;0.0;0.0;0.0;9.94
2021;1;171;beauce_5_sa_072;BTH;;6.38;1.98;33.79;25.7;108.37;35.23;127.87;0.19;0.03;0;93.48;0;-155.4;0.16;0.04;1.98;6.38
2021;172;264;beauce_5_sa_072;solnu;;10.26;0.0;44.45;-63.95;0.0;127.87;99.19;0.13;0.1;0;0;0;-225.69;0.11;0.02;0.0;10.26
2021;265;365;beauce_5_sa_072;BTH;;19.12;0.0;19.27;-17.21;0.87;98.99;81.26;0.0;0.0;0;0.51;0;71.57;0.0;0.0;0.0;19.12
2021;1;224;beauce_5_sa_073;BTH;;17.5;0.74;60.54;24.84;173.82;99.6;52.96;0.19;0.02;0;104.34;0;-119.69;0.13;0.05;0.74;17.5
2021;225;300;beauce_5_sa_073;solnu;;3.75;0.0;28.02;-42.16;0.0;52.96;36.19;0.03;0.04;0;0;0;-162.78;0.02;0.01;0.0;3.75
2021;301;365;beauce_5_sa_073;BTH;;7.7;1.18;8.64;-25.03;2.75;36.42;99.94;0.05;0.0;0;1.62;0;-14.92;0.05;0.0;1.18;7.7
2021;1;172;beauce_5_sa_074;BTH;;11.93;0.53;33.22;8.61;119.19;77.25;30.55;0.1;0.01;0;71.11;0;-10.46;0.07;0.03;0.53;11.93
2021;173;312;beauce_5_sa_074;solnu;;4.89;0.0;55.27;-45.8;0.0;30.55;35.45;0.06;0.04;0;0;0;-263.91;0.03;0.03;0.0;4.89
2021;313;365;beauce_5_sa_074;BTH;;6.45;0.8;6.26;-19.5;1.52;35.44;76.15;0.02;0.0;0;0.9;0;-18.83;0.02;0.0;0.8;6.45
2021;1;171;beauce_5_sa_075;BTH;;11.1;1.51;33.14;32.72;90.11;45.36;124.05;0.11;0.02;0;66.04;0;-125.79;0.07;0.04;1.51;11.1
2021;172;283;beauce_5_sa_075;solnu;;10.14;0.0;49.04;-33.83;0.0;124.05;129.68;0.14;0.1;0;0;0;-310.47;0.11;0.03;0.0;10.14
2021;284;365;beauce_5_sa_075;BTH;;18.17;0.0;12.65;-44.35;0.0;124.55;79.82;0.0;0.0;0;0.0;0;13.3;0.0;0.0;0.0;18.17
2021;1;179;beauce_5_sa_076;BTH;;6.92;0.83;36.89;-7.76;80.62;24.25;28.88;0.06;0.01;0;47.44;0;-40.24;0.04;0.02;0.83;6.92
2021;180;313;beauce_5_sa_076;solnu;;2.19;0.0;51.6;-0.62;0.0;28.88;78.53;0.1;0.05;0;0;0;-240.14;0.06;0.03;0.0;2.19
2021;314;365;beauce_5_sa_076;BTH;;6.48;0.0;6.07;-46.33;0.0;78.17;32.64;0.02;0.0;0;0.0;0;-21.7;0.02;0.0;0.0;6.48
2021;1;187;beauce_5_sa_077;BTH;;18.1;0.4;40.96;18.1;137.47;112.61;48.32;0.15;0.02;0;81.31;0;-137.65;0.11;0.04;0.4;18.1
2021;188;291;beauce_5_sa_077;solnu;;3.22;0.0;42.68;-2.08;0.0;48.32;86.56;0.06;0.05;0;0;0;-257.06;0.03;0.03;0.0;3.22
2021;292;365;beauce_5_sa_077;BTH;;7.8;1.18;10.81;-58.14;0.36;87.08;119.72;0.01;0.0;0;0.21;0;-36.19;0.01;0.0;1.18;7.8
2021;1;222;beauce_5_sa_078;BTH;;3.99;0.8;58.91;31.93;93.77;14.68;68.39;0.15;0.02;0;57.34;0;-294.28;0.09;0.05;0.8;3.99
2021;223;272;beauce_5_sa_078;solnu;;1.7;0.0;21.59;-73.69;0.0;68.39;15.57;0.0;0.01;0;0;0;-77.42;0.0;0.0;0.0;1.7
2021;273;365;beauce_5_sa_078;BTH;;2.92;0.0;15.91;-11.69;1.63;15.57;15.23;0.0;0.0;0;0.96;0;27.25;0.0;0.0;0.0;2.92
2021;1;225;beauce_5_sa_079;BTH;;8.16;2.63;61.52;41.83;217.25;36.29;113.1;0.34;0.02;0;127.84;0;-206.36;0.28;0.06;2.63;8.16
2021;226;300;beauce_5_sa_079;solnu;;6.32;0.0;27.76;-58.38;0.0;113.1;75.99;0.05;0.11;0;0;0;-145.87;0.04;0.01;0.0;6.32
2021;301;365;beauce_5_sa_079;BTH;;13.84;0.0;8.67;-8.71;0.0;76.04;62.12;0.0;0.0;0;0.0;0;25.81;0.0;0.0;0.0;13.84
2021;1;217;beauce_5_sa_080;BTH;;13.0;0.25;56.13;10.72;122.05;78.31;32.2;0.09;0.01;0;72.24;0;-128.59;0.04;0.05;0.25;13.0
2021;218;293;beauce_5_sa_080;solnu;;2.13;0.0;29.12;-14.36;0.0;32.2;44.78;0.03;0.02;0;0;0;-166.47;0.01;0.01;0.0;2.13
2021;294;365;beauce_5_sa_080;BTH;;3.87;0.81;10.14;-46.44;0.9;44.97;69.73;0.02;0.0;0;0.53;0;-91.15;0.02;0.0;0.81;3.87
2021;1;214;beauce_5_sa_081;BTH;;6.74;1.55;55.59;43.92;126.73;23.06;106.71;0.31;0.02;0;78.03;0;-258.6;0.25;0.06;1.55;6.74
2021;215;267;beauce_5_sa_081;solnu;;5.0;0.0;23.86;-10.4;0.0;106.71;115.02;0.07;0.09;0;0;0;-162.07;0.06;0.01;0.0;5.0
2021;268;365;beauce_5_sa_081;BTH;;12.77;0.0;17.06;-62.83;1.5;115.35;55.6;0.0;0.0;0;0.88;0;-31.92;0.0;0.0;0.0;12.77
2021;1;185;beauce_5_sa_082;BTH;;4.23;0.83;39.87;-2.13;101.12;14.86;9.32;0.1;0.01;0;59.5;0;-19.04;0.07;0.02;0.83;4.23
2021;186;292;beauce_5_sa_082;solnu;;0.77;0.0;44.39;-46.33;0.0;9.32;11.02;0.03;0.02;0;0;0;-225.07;0.01;0.02;0.0;0.77
2021;293;365;beauce_5_sa_082;BTH;;2.06;0.0;10.48;-11.74;0.0;10.98;9.04;0.0;0.0;0;0.0;0;-3.73;0.0;0.0;0.0;2.06
2021;1;220;beauce_5_sa_083;BTH;;11.03;2.21;58.98;50.48;176.53;51.23;141.22;0.31;0.03;0;105.37;0;-219.5;0.24;0.07;2.21;11.03
2021;221;311;beauce_5_sa_083;solnu;;9.04;0.0;32.08;-70.47;0.0;141.22;93.86;0.06;0.1;0;0;0;-142.96;0.05;0.01;0.0;9.04
2021;312;365;beauce_5_sa_083;BTH;;16.21;0.0;6.54;-6.59;0.0;93.79;77.6;0.0;0.0;0;0.0;0;35.86;0.0;0.0;0.0;16.21
2021;1;184;beauce_5_sa_084;BTH;;3.3;0.0;39.28;9.38;51.41;10.9;5.47;0.03;0.0;0;30.25;0;-134.0;0.0;0.03;0.0;3.3
2021;185;283;beauce_5_sa_084;solnu;;0.45;0.0;42.98;-44.14;0.0;5.47;6.54;0.01;0.02;0;0;0;-276.5;0.0;0.01;0.0;0.45
2021;284;365;beauce_5_sa_084;BTH;;1.23;0.0;12.66;-12.62;0.0;6.61;5.34;0.0;0.0;0;0.0;0;-9.85;0.0;0.0;0.0;1.23
2021;1;188;beauce_5_sa_085;BTH;;8.1;1.25;41.73;33.54;94.09;33.32;101.63;0.14;0.01;0;74.91;0;-210.05;0.09;0.05;1.25;8.1
2021;189;272;beauce_5_sa_085;solnu;;2.48;0.0;37.75;-73.57;0.0;101.63;62.9;0.08;0.1;0;0;0;-235.73;0.06;0.02;0.0;2.48
2021;273;365;beauce_5_sa_085;BTH;;11.84;0.0;16.2;-16.06;0.0;62.95;51.2;0.0;0.0;0;0.0;0;39.22;0.0;0.0;0.0;11.84
2021;1;184;beauce_5_sa_086;BTH;;20.09;0.0;39.39;27.42;116.42;97.69;32.23;0.08;0.01;0;70.56;0;-149.31;0.04;0.04;0.0;20.09
2021;185;299;beauce_5_sa_086;solnu;;3.53;0.0;46.11;-0.66;0.0;32.23;73.92;0.05;0.03;0;0;0;-290.0;0.02;0.03;0.0;3.53
2021;300;365;beauce_5_sa_086;BTH;;7.48;1.24;8.69;-67.45;2.75;74.17;99.04;0.05;0.0;0;1.62;0;-48.86;0.05;0.0;1.24;7.48
2021;1;205;beauce_5_sa_087;BTH;;9.57;0.0;48.94;15.08;93.84;56.52;19.03;0.07;0.01;0;55.64;0;-145.62;0.03;0.04;0.0;9.57
2021;206;290;beauce_5_sa_087;solnu;;1.44;0.0;35.57;-46.29;0.0;19.03;13.53;0.01;0.01;0;0;0;-277.73;0.0;0.01;0.0;1.44
2021;291;365;beauce_5_sa_087;BTH;;2.56;0.56;10.82;-13.0;0.9;13.51;50.13;0.01;0.0;0;0.53;0;5.19;0.01;0.0;0.56;2.56
2021;1;201;beauce_5_sa_088;BTH;;8.34;1.61;47.4;25.86;121.16;29.77;95.8;0.23;0.02;0;73.06;0;-207.98;0.18;0.04;1.61;8.34
2021;202;291;beauce_5_sa_088;solnu;;4.15;0.0;37.11;-0.61;0.0;95.8;127.98;0.08;0.09;0;0;0;-237.99;0.06;0.02;0.0;4.15
2021;292;365;beauce_5_sa_088;BTH;;12.32;0.0;10.79;-69.02;3.24;128.53;54.18;0.01;0.0;0;1.9;0;-23.26;0.01;0.0;0.0;12.32
2021;1;211;beauce_5_sa_089;BTH;;3.43;0.0;52.02;10.68;51.55;11.2;19.65;0.04;0.0;0;30.33;0;-225.8;0.0;0.04;0.0;3.43
2021;212;280;beauce_5_sa_089;solnu;;0.44;0.0;28.88;-38.18;0.0;19.65;9.86;0.02;0.03;0;0;0;-191.53;0.01;0.01;0.0;0.44
2021;281;365;beauce_5_sa_089;BTH;;1.79;0.0;13.28;-13.96;0.0;9.69;7.89;0.0;0.0;0;0.0;0;-46.08;0.0;0.0;0.0;1.79
2021;1;228;beauce_5_sa_090;BTH;;9.31;0.92;62.17;19.62;158.81;53.88;38.64;0.13;0.01;0;94.73;0;-178.34;0.08;0.05;0.92;9.31
2021;229;286;beauce_5_sa_090;solnu;;2.05;0.0;23.75;-44.6;0.0;38.64;24.57;0.02;0.05;0;0;0;-222.92;0.02;0.0;0.0;2.05
2021;287;365;beauce_5_sa_090;BTH;;5.12;0.51;11.78;-15.71;2.75;24.57;51.85;0.03;0.0;0;1.62;0;44.0;0.03;0.0;0.51;5.12
2021;1;172;beauce_5_sa_091;BTH;;4.7;0.41;33.31;9.18;61.09;17.49;24.63;0.04;0.01;0;35.95;0;-92.79;0.02;0.03;0.41;4.7
2021;173;302;beauce_5_sa_091;solnu;;2.2;0.0;53.52;-50.36;0.0;24.63;26.34;0.06;0.06;0;0;0;-280.94;0.04;0.02;0.0;2.2
2021;303;365;beauce_5_sa_091;BTH;;4.79;0.0;8.26;-8.07;0.0;26.34;21.74;0.0;0.0;0;0.0;0;-2.73;0.0;0.0;0.0;4.79
2021;1;217;beauce_5_sa_092;BTH;;3.99;0.0;55.07;9.39;46.94;12.85;27.31;0.04;0.0;0;27.62;0;-244.2;0.0;0.04;0.0;3.99
2021;218;274;beauce_5_sa_092;solnu;;0.5;0.0;23.94;-15.45;0.0;27.31;35.23;0.03;0.04;0;0;0;-160.77;0.02;0.01;0.0;0.5
2021;275;365;beauce_5_sa_092;BTH;;2.43;0.0;14.92;-37.28;0.0;35.54;10.71;0.0;0.0;0;0.0;0;-55.41;0.0;0.0;0.0;2.43
2021;1;212;beauce_5_sa_093;BTH;;4.73;0.88;53.6;2.52;119.59;17.17;15.7;0.11;0.01;0;70.37;0;-85.87;0.07;0.03;0.88;4.73
2021;213;307;beauce_5_sa_093;solnu;;0.89;0.0;34.63;-45.37;0.0;15.7;9.02;0.02;0.01;0;0;0;-230.57;0.0;0.01;0.0;0.89
2021;308;365;beauce_5_sa_093;BTH;;1.62;0.0;7.47;-8.82;0.0;8.77;7.37;0.0;0.0;0;0.0;0;-11.55;0.0;0.0;0.0;1.62
2021;1;215;beauce_5_sa_094;BTH;;4.95;1.19;55.97;3.32;132.6;18.55;30.42;0.15;0.01;0;78.03;0;-79.14;0.11;0.04;1.19;4.95
2021;216;314;beauce_5_sa_094;solnu;;1.56;0.0;34.66;-52.34;0.0;30.42;16.06;0.03;0.04;0;0;0;-208.08;0.02;0.01;0.0;1.56
2021;315;365;beauce_5_sa_094;BTH;;2.44;0.0;5.82;-6.55;0.0;15.94;13.5;0.0;0.0;0;0.0;0;10.66;0.0;0.0;0.0;2.44
2021;1;187;beauce_5_sa_095;BTH;;6.43;1.15;41.7;32.63;76.83;28.73;107.17;0.15;0.01;0;65.93;0;-192.79;0.1;0.04;1.15;6.43
2021;188;257;beauce_5_sa_095;solnu;;3.42;0.0;32.8;-10.26;0.0;107.17;126.11;0.08;0.1;0;0;0;-214.36;0.07;0.02;0.0;3.42
2021;258;365;beauce_5_sa_095;BTH;;13.32;0.0;21.4;-73.62;7.12;126.9;53.45;0.0;0.0;0;4.19;0;15.13;0.0;0.0;0.0;13.32
2021;1;194;beauce_5_sa_096;BTH;;2.96;0.0;44.13;14.38;56.65;10.1;9.46;0.04;0.0;0;33.33;0;-173.35;0.0;0.04;0.0;2.96
2021;195;274;beauce_5_sa_096;solnu;;0.37;0.0;35.86;-43.87;0.0;9.46;6.53;0.01;0.02;0;0;0;-261.36;0.01;0.01;0.0;0.37
2021;275;365;beauce_5_sa_096;BTH;;1.22;0.0;15.54;-14.53;0.0;6.53;6.31;0.0;0.0;0;0.0;0;-5.84;0.0;0.0;0.0;1.22
2021;1;190;beauce_5_sa_097;BTH;;15.83;2.45;42.57;50.38;166.66;76.81;172.9;0.3;0.03;0;109.37;0;-210.45;0.24;0.06;2.45;15.83
2021;191;286;beauce_5_sa_097;solnu;;10.19;0.0;40.43;1.76;0.0;172.9;205.66;0.09;0.11;0;0;0;-262.94;0.06;0.03;0.0;10.19
2021;287;365;beauce_5_sa_097;BTH;;24.39;0.0;11.75;-76.06;9.59;205.94;107.36;0.01;0.0;0;5.65;0;-7.45;0.01;0.0;0.0;24.39
2021;1;193;beauce_5_sa_098;BTH;;7.74;1.37;44.38;21.47;111.81;26.07;75.17;0.17;0.02;0;65.79;0;-71.19;0.13;0.04;1.37;7.74
2021;194;290;beauce_5_sa_098;solnu;;3.25;0.0;40.6;-59.61;0.0;75.17;53.74;0.07;0.08;0;0;0;-199.83;0.05;0.02;0.0;3.25
2021;291;365;beauce_5_sa_098;BTH;;9.95;0.0;11.12;-11.41;0.0;53.52;43.52;0.0;0.0;0;0.0;0;32.54;0.0;0.0;0.0;9.95
2021;1;174;beauce_5_sa_099;BTH;;5.56;1.28;34.19;2.31;109.28;24.39;42.2;0.12;0.01;0;64.31;0;-12.18;0.1;0.02;1.28;5.56
2021;175;316;beauce_5_sa_099;solnu;;4.85;0.0;55.65;-56.04;0.0;42.2;38.46;0.08;0.06;0;0;0;-226.17;0.06;0.03;0.0;4.85
2021;317;365;beauce_5_sa_099;BTH;;5.9;0.0;5.46;-5.41;0.0;37.71;32.61;0.0;0.0;0;0.0;0;16.92;0.0;0.0;0.0;5.9
2022;1;174;beauce_5_sa_000;BTH;;2.15;0.0;40.85;18.09;84.32;42.79;15.09;0.09;0.01;0;51.79;0;-125.46;0.05;0.04;0.0;2.15
2022;175;257;beauce_5_sa_000;solnu;;0.65;0.0;39.93;-54.18;0.0;15.09;3.8;0.01;0.0;0;0;0;-218.89;0.01;0.01;0.0;0.65
2022;258;365;beauce_5_sa_000;BTH;;0.49;0.48;20.08;-11.8;5.03;3.84;42.86;0.01;0.0;0;2.96;0;38.15;0.0;0.01;0.48;0.49
2022;1;178;beauce_5_sa_001;BTH;;7.31;0.0;40.97;13.94;75.2;22.43;11.56;0.05;0.0;0;44.25;0;-171.76;0.01;0.04;0.0;7.31
2022;179;311;beauce_5_sa_001;solnu;;2.88;0.0;50.12;-4.14;0.0;11.56;54.55;0.09;0.04;0;0;0;-327.74;0.06;0.03;0.0;2.88
2022;312;365;beauce_5_sa_001;BTH;;1.91;0.22;5.82;-33.88;0.0;54.75;26.5;0.0;0.0;0;0.0;0;-57.52;0.0;0.0;0.22;1.91
2022;1;180;beauce_5_sa_002;BTH;;4.98;0.73;42.42;15.48;114.1;16.52;8.54;0.08;0.02;0;67.82;0;-39.14;0.05;0.04;0.73;4.98
2022;181;304;beauce_5_sa_002;solnu;;1.19;0.0;48.56;1.03;0.0;8.54;56.93;0.07;0.04;0;0;0;-242.62;0.04;0.03;0.0;1.19
2022;305;365;beauce_5_sa_002;BTH;;3.0;0.2;7.51;-51.9;1.03;56.49;27.7;0.02;0.0;0;0.61;0;-66.66;0.02;0.0;0.2;3.0
2022;1;202;beauce_5_sa_003;BTH;;2.13;0.45;51.99;17.48;87.25;6.96;20.44;0.06;0.01;0;51.34;0;-170.51;0.02;0.04;0.45;2.13
2022;203;285;beauce_5_sa_003;solnu;;1.18;0.0;34.57;-9.29;0.0;20.44;44.44;0.06;0.04;0;0;0;-205.01;0.04;0.02;0.0;1.18
2022;286;365;beauce_5_sa_003;BTH;;2.17;0.0;11.58;-39.33;0.0;44.7;17.59;0.0;0.0;0;0.0;0;-78.75;0.0;0.0;0.0;2.17
2022;1;217;beauce_5_sa_004;BTH;;3.78;1.03;58.87;4.57;126.85;11.84;23.3;0.08;0.01;0;74.64;0;-54.8;0.04;0.04;1.03;3.78
2022;218;309;beauce_5_sa_004;solnu;;1.55;0.0;33.92;-11.13;0.0;23.3;44.44;0.06;0.03;0;0;0;-155.44;0.04;0.02;0.0;1.55
2022;310;365;beauce_5_sa_004;BTH;;1.66;0.0;6.37;-32.37;0.0;44.73;21.38;0.01;0.0;0;0.0;0;-82.16;0.0;0.0;0.0;1.66
2022;1;177;beauce_5_sa_005;BTH;;25.06;2.82;42.07;33.18;166.51;96.4;190.16;0.18;0.04;0;103.75;0;-18.91;0.14;0.05;2.82;25.06
2022;178;284;beauce_5_sa_005;solnu;;6.65;0.0;46.53;6.95;0.0;190.16;237.48;0.17;0.1;0;0;0;-215.54;0.14;0.03;0.0;6.65
2022;285;365;beauce_5_sa_005;BTH;;16.21;0.0;12.55;-88.31;14.99;238.02;130.51;0.0;0.0;0;8.82;0;26.13;0.0;0.0;0.0;16.21
2022;1;224;beauce_5_sa_006;BTH;;3.83;1.08;62.99;18.17;120.85;13.22;50.36;0.17;0.03;0;71.11;0;-179.71;0.12;0.05;1.08;3.83
2022;225;301;beauce_5_sa_006;solnu;;1.62;0.0;27.77;-10.21;0.0;50.36;66.19;0.06;0.05;0;0;0;-147.21;0.05;0.01;0.0;1.62
2022;302;365;beauce_5_sa_006;BTH;;4.01;0.0;7.81;-39.72;0.0;66.41;33.54;0.01;0.0;0;0.0;0;-73.73;0.01;0.0;0.0;4.01
2022;1;231;beauce_5_sa_007;BTH;;5.29;0.0;66.58;21.2;63.07;18.16;37.63;0.06;0.0;0;37.11;0;-431.88;0.01;0.05;0.0;5.29
2022;232;314;beauce_5_sa_007;solnu;;2.68;0.0;23.64;-13.24;0.0;37.63;45.25;0.06;0.04;0;0;0;-165.33;0.05;0.01;0.0;2.68
2022;315;365;beauce_5_sa_007;BTH;;1.7;0.0;5.27;-26.67;0.0;45.5;23.63;0.0;0.0;0;0.0;0;-62.25;0.0;0.0;0.0;1.7
2022;1;219;beauce_5_sa_008;BTH;;1.61;1.07;65.02;23.52;130.78;4.76;40.98;0.17;0.02;0;76.96;0;-162.79;0.11;0.05;1.07;1.61
2022;220;266;beauce_5_sa_008;solnu;;1.38;0.0;22.41;-57.44;0.0;40.98;8.58;0.0;0.0;0;0;0;-145.26;0.0;0.0;0.0;1.38
2022;267;365;beauce_5_sa_008;BTH;;1.06;0.0;17.27;-17.27;0.0;8.58;7.52;0.0;0.0;0;0.0;0;84.72;0.0;0.0;0.0;1.06
2022;1;198;beauce_5_sa_009;BTH;;22.35;2.0;51.11;38.77;133.38;77.52;161.29;0.09;0.01;0;78.63;0;-83.41;0.03;0.05;2.0;22.35
2022;199;297;beauce_5_sa_009;solnu;;6.54;0.0;39.91;1.91;0.0;161.29;196.32;0.16;0.09;0;0;0;-227.28;0.14;0.03;0.0;6.54
2022;298;365;beauce_5_sa_009;BTH;;13.2;0.0;8.68;-81.43;0.45;196.59;109.88;0.03;0.0;0;0.27;0;4.16;0.03;0.0;0.0;13.2
2022;1;223;beauce_5_sa_010;BTH;;4.51;0.0;62.36;20.49;49.3;13.99;43.01;0.07;0.0;0;29.01;0;-328.27;0.02;0.05;0.0;4.51
2022;224;262;beauce_5_sa_010;solnu;;1.06;0.0;17.37;-52.6;0.0;43.01;6.76;0.0;0.0;0;0;0;-118.74;0.0;0.0;0.0;1.06
2022;263;365;beauce_5_sa_010;BTH;;0.85;0.0;18.2;-18.0;0.0;6.67;6.11;0.0;0.0;0;0.0;0;-8.95;0.0;0.0;0.0;0.85
2022;1;210;beauce_5_sa_011;BTH;;2.68;1.14;55.81;3.05;122.78;8.98;27.66;0.13;0.03;0;72.25;0;-4.67;0.1;0.04;1.14;2.68
2022;211;307;beauce_5_sa_011;solnu;;1.79;0.0;37.09;-41.59;0.0;27.66;22.06;0.06;0.04;0;0;0;-161.49;0.05;0.02;0.0;1.79
2022;308;365;beauce_5_sa_011;BTH;;1.59;0.0;6.68;-11.03;0.0;22.06;20.47;0.0;0.0;0;0.0;0;-50.95;0.0;0.0;0.0;1.59
2022;1;193;beauce_5_sa_012;BTH;;2.16;0.56;48.66;3.4;92.26;7.22;6.79;0.09;0.02;0;54.29;0;-47.56;0.06;0.03;0.56;2.16
2022;194;308;beauce_5_sa_012;solnu;;1.13;0.0;43.1;-37.22;0.0;6.79;13.49;0.05;0.03;0;0;0;-230.82;0.03;0.02;0.0;1.13
2022;309;365;beauce_5_sa_012;BTH;;0.97;0.0;6.5;-8.97;0.0;13.49;12.52;0.0;0.0;0;0.0;0;-34.1;0.0;0.0;0.0;0.97
2022;1;227;beauce_5_sa_013;BTH;;8.01;0.15;66.29;34.34;103.14;39.76;41.27;0.08;0.0;0;61.5;0;-276.16;0.02;0.06;0.15;8.01
2022;228;298;beauce_5_sa_013;solnu;;2.13;0.0;23.4;-13.97;0.0;41.27;48.49;0.04;0.04;0;0;0;-168.68;0.03;0.01;0.0;2.13
2022;299;365;beauce_5_sa_013;BTH;;2.9;0.48;8.19;-45.19;1.01;48.72;49.35;0.01;0.0;0;0.59;0;-100.81;0.01;0.0;0.48;2.9
2022;1;225;beauce_5_sa_014;BTH;;2.82;0.0;64.18;10.13;53.76;9.67;27.32;0.05;0.0;0;31.64;0;-270.29;0.01;0.05;0.0;2.82
2022;226;315;beauce_5_sa_014;solnu;;1.79;0.0;28.1;-37.95;0.0;27.32;16.66;0.04;0.03;0;0;0;-193.61;0.03;0.01;0.0;1.79
2022;316;365;beauce_5_sa_014;BTH;;1.12;0.0;5.23;-6.9;0.0;16.66;15.55;0.0;0.0;0;0.0;0;-39.05;0.0;0.0;0.0;1.12
2022;1;201;beauce_5_sa_015;BTH;;3.93;0.54;53.13;27.74;90.97;13.25;39.39;0.08;0.01;0;53.53;0;-203.39;0.03;0.05;0.54;3.93
2022;202;256;beauce_5_sa_015;solnu;;2.0;0.0;27.55;-13.29;0.0;39.39;51.53;0.07;0.05;0;0;0;-171.6;0.06;0.01;0.0;2.0
2022;257;365;beauce_5_sa_015;BTH;;4.02;0.0;20.0;-45.04;0.0;51.98;26.63;0.0;0.0;0;0.0;0;-103.47;0.0;0.0;0.0;4.02
2022;1;215;beauce_5_sa_016;BTH;;3.86;0.0;57.26;23.16;50.32;12.63;38.8;0.05;0.0;0;29.61;0;-299.3;0.0;0.05;0.0;3.86
2022;216;261;beauce_5_sa_016;solnu;;1.49;0.0;22.07;-16.68;0.0;38.8;42.61;0.05;0.04;0;0;0;-150.15;0.05;0.01;0.0;1.49
2022;262;365;beauce_5_sa_016;BTH;;3.1;0.0;18.44;-38.04;0.0;42.88;21.15;0.0;0.0;0;0.0;0;-75.1;0.0;0.0;0.0;3.1
2022;1;185;beauce_5_sa_017;BTH;;47.43;1.82;46.16;50.73;182.59;209.9;211.24;0.14;0.01;0;107.97;0;-69.96;0.09;0.06;1.82;47.43
2022;186;315;beauce_5_sa_017;solnu;;12.65;0.0;47.78;-92.9;0.0;211.24;153.69;0.14;0.1;0;0;0;-174.68;0.12;0.02;0.0;12.65
2022;316;365;beauce_5_sa_017;BTH;;10.33;1.11;5.55;8.07;1.01;153.94;239.42;0.04;0.0;0;0.59;0;36.26;0.04;0.01;1.11;10.33
2022;1;198;beauce_5_sa_018;BTH;;1.62;0.0;49.96;12.27;58.45;5.54;7.66;0.04;0.0;0;34.4;0;-203.22;0.0;0.04;0.0;1.62
2022;199;312;beauce_5_sa_018;solnu;;1.12;0.0;41.45;-40.23;0.0;7.66;10.63;0.04;0.03;0;0;0;-283.11;0.02;0.02;0.0;1.12
2022;313;365;beauce_5_sa_018;BTH;;0.72;0.0;5.63;-5.76;0.0;10.63;9.98;0.0;0.0;0;0.0;0;-10.98;0.0;0.0;0.0;0.72
2022;1;183;beauce_5_sa_019;BTH;;6.12;0.0;42.98;20.96;68.27;21.15;9.17;0.04;0.0;0;40.17;0;-273.84;0.0;0.04;0.0;6.12
2022;184;312;beauce_5_sa_019;solnu;;2.36;0.0;46.16;-0.6;0.0;9.17;52.37;0.09;0.04;0;0;0;-342.22;0.06;0.03;0.0;2.36
2022;313;365;beauce_5_sa_019;BTH;;1.76;0.0;5.53;-33.42;0.0;52.56;24.38;0.0;0.0;0;0.0;0;-62.4;0.0;0.0;0.0;1.76
2022;1;198;beauce_5_sa_020;BTH;;2.29;0.74;52.95;15.76;102.73;8.36;27.56;0.08;0.01;0;60.45;0;-83.16;0.04;0.04;0.74;2.29
2022;199;267;beauce_5_sa_020;solnu;;1.41;0.0;32.52;-41.24;0.0;27.56;20.93;0.05;0.04;0;0;0;-211.52;0.04;0.01;0.0;1.41
2022;268;365;beauce_5_sa_020;BTH;;2.59;0.0;17.02;-19.64;0.0;20.93;18.38;0.0;0.0;0;0.0;0;-16.36;0.0;0.0;0.0;2.59
2022;1;171;beauce_5_sa_021;BTH;;46.09;2.77;39.34;22.54;119.95;164.98;267.55;0.15;0.02;0;70.58;0;-20.76;0.11;0.04;2.77;46.09
2022;172;312;beauce_5_sa_021;solnu;;23.82;0.0;53.76;15.71;0.0;267.55;313.48;0.23;0.1;0;0;0;-259.52;0.19;0.04;0.0;23.82
2022;313;365;beauce_5_sa_021;BTH;;15.96;0.0;5.83;-80.81;0.18;313.69;222.34;0.02;0.0;0;0.11;0;-2.89;0.02;0.0;0.0;15.96
2022;1;220;beauce_5_sa_022;BTH;;31.9;2.1;64.93;30.68;108.66;102.85;215.11;0.17;0.01;0;65.36;0;-59.12;0.11;0.06;2.1;31.9
2022;221;262;beauce_5_sa_022;solnu;;10.85;0.0;20.63;-14.81;0.0;215.11;209.89;0.09;0.1;0;0;0;-122.21;0.09;0.01;0.0;10.85
2022;263;365;beauce_5_sa_022;BTH;;17.63;0.0;18.9;-81.28;11.17;210.48;118.71;0.0;0.0;0;6.58;0;55.23;0.0;0.0;0.0;17.63
2022;1;180;beauce_5_sa_023;BTH;;13.8;1.49;43.63;20.77;109.68;48.13;100.68;0.08;0.01;0;66.31;0;-21.62;0.04;0.04;1.49;13.8
2022;181;263;beauce_5_sa_023;solnu;;4.89;0.0;40.49;-4.19;0.0;100.68;131.88;0.12;0.08;0;0;0;-193.65;0.1;0.02;0.0;4.89
2022;264;365;beauce_5_sa_023;BTH;;9.73;0.0;18.5;-68.85;4.5;132.22;67.31;0.0;0.0;0;2.65;0;19.52;0.0;0.0;0.0;9.73
2022;1;229;beauce_5_sa_024;BTH;;3.73;0.0;67.27;17.25;52.19;12.13;40.69;0.06;0.0;0;30.71;0;-347.95;0.01;0.05;0.0;3.73
2022;230;275;beauce_5_sa_024;solnu;;0.9;0.0;15.76;-51.39;0.0;40.69;5.49;0.0;0.0;0;0;0;-91.1;0.0;0.0;0.0;0.9
2022;276;365;beauce_5_sa_024;BTH;;0.67;0.0;14.98;-14.92;0.0;5.6;4.89;0.0;0.0;0;0.0;0;4.8;0.0;0.0;0.0;0.67
2022;1;183;beauce_5_sa_025;BTH;;11.33;1.0;44.95;23.3;77.77;37.26;91.52;0.1;0.01;0;47.53;0;-94.32;0.06;0.04;1.0;11.33
2022;184;264;beauce_5_sa_025;solnu;;3.66;0.0;37.07;-6.74;0.0;91.52;118.01;0.11;0.08;0;0;0;-209.43;0.09;0.02;0.0;3.66
2022;265;365;beauce_5_sa_025;BTH;;8.34;0.0;18.03;-64.8;4.5;118.5;58.4;0.0;0.0;0;2.65;0;-8.56;0.0;0.0;0.0;8.34
2022;1;199;beauce_5_sa_026;BTH;;2.09;0.0;50.88;15.04;50.66;7.06;20.19;0.04;0.0;0;30.69;0;-223.12;0.0;0.04;0.0;2.09
2022;200;275;beauce_5_sa_026;solnu;;0.84;0.0;32.11;-14.05;0.0;20.19;37.34;0.05;0.04;0;0;0;-206.34;0.03;0.01;0.0;0.84
2022;276;365;beauce_5_sa_026;BTH;;2.1;0.0;15.08;-36.14;0.0;37.73;15.31;0.0;0.0;0;0.0;0;-62.28;0.0;0.0;0.0;2.1
2022;1;172;beauce_5_sa_027;BTH;;7.96;0.0;38.75;21.67;67.18;27.3;12.6;0.04;0.0;0;39.69;0;-225.51;0.0;0.04;0.0;7.96
2022;173;312;beauce_5_sa_027;solnu;;3.21;0.0;51.64;-5.17;0.0;12.6;55.73;0.09;0.04;0;0;0;-373.53;0.06;0.03;0.0;3.21
2022;313;365;beauce_5_sa_027;BTH;;2.0;0.0;5.61;-33.61;0.0;55.91;27.73;0.0;0.0;0;0.0;0;-57.83;0.0;0.0;0.0;2.0
2022;1;187;beauce_5_sa_028;BTH;;3.15;0.0;45.58;29.93;58.82;10.27;23.71;0.05;0.0;0;35.49;0;-280.47;0.0;0.05;0.0;3.15
2022;188;261;beauce_5_sa_028;solnu;;1.13;0.0;32.76;-10.57;0.0;23.71;44.66;0.06;0.05;0;0;0;-235.9;0.04;0.02;0.0;1.13
2022;262;365;beauce_5_sa_028;BTH;;3.04;0.0;18.21;-40.22;0.0;45.01;20.8;0.0;0.0;0;0.0;0;-104.27;0.0;0.0;0.0;3.04
2022;1;184;beauce_5_sa_029;BTH;;2.37;0.0;44.12;14.24;59.41;7.97;4.51;0.04;0.0;0;34.96;0;-184.05;0.0;0.04;0.0;2.37
2022;185;297;beauce_5_sa_029;solnu;;0.8;0.0;44.57;-36.82;0.0;4.51;13.01;0.04;0.03;0;0;0;-300.92;0.02;0.02;0.0;0.8
2022;298;365;beauce_5_sa_029;BTH;;1.44;0.0;8.47;-8.91;0.0;13.01;11.64;0.0;0.0;0;0.0;0;-25.38;0.0;0.0;0.0;1.44
2022;1;197;beauce_5_sa_030;BTH;;3.59;0.42;51.27;17.2;106.88;7.49;20.38;0.09;0.02;0;62.89;0;-95.62;0.05;0.04;0.42;3.59
2022;198;279;beauce_5_sa_030;solnu;;1.4;0.0;35.48;-39.86;0.0;20.38;19.23;0.04;0.04;0;0;0;-245.52;0.03;0.01;0.0;1.4
2022;280;365;beauce_5_sa_030;BTH;;2.29;0.32;13.74;-15.54;0.0;19.23;17.0;0.0;0.0;0;0.0;0;-25.08;0.0;0.0;0.32;2.29
2022;1;193;beauce_5_sa_031;BTH;;19.01;1.29;50.15;28.43;77.64;59.82;138.17;0.13;0.01;0;49.16;0;-121.52;0.09;0.05;1.29;19.01
2022;194;256;beauce_5_sa_031;solnu;;9.47;0.0;30.54;-81.77;0.0;138.17;77.36;0.07;0.05;0;0;0;-156.08;0.06;0.01;0.0;9.47
2022;257;365;beauce_5_sa_031;BTH;;9.15;0.0;20.67;4.71;23.6;75.61;69.95;0.03;0.0;0;13.89;0;36.37;0.01;0.02;0.0;9.15
2022;1;176;beauce_5_sa_032;BTH;;15.15;1.46;41.67;27.22;99.89;52.27;115.53;0.13;0.01;0;59.66;0;-31.27;0.08;0.04;1.46;15.15
2022;177;274;beauce_5_sa_032;solnu;;5.25;0.0;43.57;-27.1;0.0;115.53;126.55;0.12;0.08;0;0;0;-218.09;0.1;0.03;0.0;5.25
2022;275;365;beauce_5_sa_032;BTH;;10.62;0.0;16.01;-55.33;0.0;121.22;76.6;0.0;0.0;0;0.0;0;34.17;0.0;0.0;0.0;10.62
2022;1;230;beauce_5_sa_033;BTH;;25.76;2.59;75.59;52.06;163.86;92.83;224.63;0.31;0.04;0;99.07;0;-221.22;0.24;0.08;2.59;25.76
2022;231;270;beauce_5_sa_033;solnu;;13.44;0.0;15.29;-13.74;0.0;224.63;212.55;0.08;0.12;0;0;0;-97.47;0.08;0.0;0.0;13.44
2022;271;365;beauce_5_sa_033;BTH;;18.22;0.0;16.59;-76.89;3.0;212.78;131.02;0.0;0.0;0;1.77;0;27.52;0.0;0.0;0.0;18.22
2022;1;209;beauce_5_sa_034;BTH;;11.87;0.0;55.42;28.92;98.69;55.89;29.71;0.07;0.0;0;60.31;0;-146.23;0.02;0.05;0.0;11.87
2022;210;293;beauce_5_sa_034;solnu;;2.62;0.0;34.02;-39.56;0.0;29.71;24.18;0.04;0.03;0;0;0;-226.81;0.03;0.01;0.0;2.62
2022;294;365;beauce_5_sa_034;BTH;;2.86;0.8;9.41;-22.39;2.32;24.18;69.99;0.03;0.0;0;1.36;0;-46.74;0.03;0.0;0.8;2.86
2022;1;225;beauce_5_sa_035;BTH;;11.5;1.1;67.83;28.05;106.15;41.86;102.6;0.22;0.04;0;63.12;0;-174.39;0.16;0.06;1.1;11.5
2022;226;271;beauce_5_sa_035;solnu;;5.88;0.0;18.02;-60.56;0.0;102.6;56.28;0.03;0.06;0;0;0;-119.34;0.03;0.0;0.0;5.88
2022;272;365;beauce_5_sa_035;BTH;;7.3;0.21;16.34;-17.98;0.65;56.28;62.79;0.01;0.0;0;0.38;0;32.23;0.0;0.0;0.21;7.3
2022;1;177;beauce_5_sa_036;BTH;;7.03;0.47;40.95;18.17;76.99;24.28;33.37;0.05;0.0;0;45.3;0;-131.67;0.01;0.04;0.47;7.03
2022;178;309;beauce_5_sa_036;solnu;;3.79;0.0;50.6;-45.03;0.0;33.37;35.37;0.09;0.05;0;0;0;-303.76;0.06;0.03;0.0;3.79
2022;310;365;beauce_5_sa_036;BTH;;2.55;0.0;6.35;-6.69;0.0;35.34;32.85;0.0;0.0;0;0.0;0;-9.79;0.0;0.0;0.0;2.55
2022;1;197;beauce_5_sa_037;BTH;;2.67;1.26;53.25;14.74;131.99;8.61;36.22;0.1;0.01;0;77.67;0;-23.27;0.06;0.04;1.26;2.67
2022;198;273;beauce_5_sa_037;solnu;;1.8;0.0;35.2;-42.7;0.0;36.22;30.07;0.07;0.05;0;0;0;-202.25;0.06;0.01;0.0;1.8
2022;274;365;beauce_5_sa_037;BTH;;3.9;0.0;15.92;-19.89;0.0;30.07;26.23;0.0;0.0;0;0.0;0;-8.29;0.0;0.0;0.0;3.9
2022;1;223;beauce_5_sa_038;BTH;;2.8;0.14;62.43;13.15;62.6;9.42;30.05;0.06;0.0;0;36.84;0;-236.69;0.01;0.05;0.14;2.8
2022;224;289;beauce_5_sa_038;solnu;;1.35;0.0;25.09;-42.27;0.0;30.05;16.24;0.02;0.03;0;0;0;-198.27;0.02;0.0;0.0;1.35
2022;290;365;beauce_5_sa_038;BTH;;1.79;0.0;10.55;-10.69;0.0;16.24;14.5;0.0;0.0;0;0.0;0;-9.08;0.0;0.0;0.0;1.79
2022;1;185;beauce_5_sa_039;BTH;;6.6;0.0;44.81;22.48;80.78;30.14;8.79;0.05;0.0;0;48.8;0;-134.45;0.0;0.04;0.0;6.6
2022;186;309;beauce_5_sa_039;solnu;;2.07;0.0;46.02;-38.62;0.0;8.79;17.08;0.04;0.03;0;0;0;-311.58;0.02;0.02;0.0;2.07
2022;310;365;beauce_5_sa_039;BTH;;1.27;0.4;6.27;-15.35;1.33;17.07;36.58;0.01;0.0;0;0.78;0;-28.57;0.01;0.0;0.4;1.27
2022;1;215;beauce_5_sa_040;BTH;;13.42;1.5;60.31;25.29;104.26;46.97;126.82;0.13;0.01;0;61.35;0;-76.61;0.08;0.05;1.5;13.42
2022;216;290;beauce_5_sa_040;solnu;;6.92;0.0;31.33;-66.62;0.0;126.82;84.39;0.14;0.08;0;0;0;-151.89;0.13;0.01;0.0;6.92
2022;291;365;beauce_5_sa_040;BTH;;9.25;0.0;10.84;-11.3;0.0;83.92;74.7;0.0;0.0;0;0.0;0;30.66;0.0;0.0;0.0;9.25
2022;1;181;beauce_5_sa_041;BTH;;3.37;0.0;42.34;17.98;61.92;11.61;5.1;0.04;0.0;0;36.44;0;-196.57;0.0;0.04;0.0;3.37
2022;182;314;beauce_5_sa_041;solnu;;1.71;0.0;48.64;-37.83;0.0;5.1;15.43;0.05;0.03;0;0;0;-340.59;0.03;0.02;0.0;1.71
2022;315;365;beauce_5_sa_041;BTH;;1.03;0.0;5.43;-5.78;0.0;15.34;14.33;0.0;0.0;0;0.0;0;-18.03;0.0;0.0;0.0;1.03
2022;1;183;beauce_5_sa_042;BTH;;24.91;3.26;45.28;37.92;224.07;94.7;170.93;0.28;0.05;0;132.54;0;7.56;0.23;0.05;3.26;24.91
2022;184;295;beauce_5_sa_042;solnu;;0.0;0.0;44.1;6.72;0.0;170.93;222.66;0.12;0.08;0;0;0;-186.91;0.09;0.03;0.0;0.0
2022;296;365;beauce_5_sa_042;BTH;;16.37;0.0;9.37;-66.37;0.0;222.96;149.27;0.02;0.0;0;0.0;0;23.6;0.02;0.0;0.0;16.37
2022;1;200;beauce_5_sa_043;BTH;;12.65;0.0;54.15;20.56;115.04;98.53;45.37;0.12;0.01;0;69.31;0;-173.48;0.07;0.04;0.0;12.65
2022;201;263;beauce_5_sa_043;solnu;;3.54;0.0;31.76;-62.66;0.0;45.37;16.77;0.0;0.0;0;0;0;-146.93;0.0;0.0;0.0;3.54
2022;264;365;beauce_5_sa_043;BTH;;2.15;1.12;18.1;-9.68;5.15;16.87;101.44;0.04;0.0;0;3.03;0;66.07;0.03;0.01;1.12;2.15
2022;1;187;beauce_5_sa_044;BTH;;2.98;0.0;45.82;13.78;61.56;10.15;5.18;0.04;0.0;0;36.22;0;-198.31;0.0;0.04;0.0;2.98
2022;188;309;beauce_5_sa_044;solnu;;1.39;0.0;45.07;-33.45;0.0;5.18;15.33;0.06;0.03;0;0;0;-294.12;0.03;0.02;0.0;1.39
2022;310;365;beauce_5_sa_044;BTH;;1.08;0.0;6.27;-8.37;0.0;15.02;13.93;0.0;0.0;0;0.0;0;-44.14;0.0;0.0;0.0;1.08
2022;1;216;beauce_5_sa_045;BTH;;21.4;1.84;59.08;41.5;108.64;75.15;183.25;0.19;0.02;0;65.09;0;-151.27;0.13;0.06;1.84;21.4
2022;217;292;beauce_5_sa_045;solnu;;9.9;0.0;30.84;-5.69;0.0;183.25;176.81;0.11;0.08;0;0;0;-188.58;0.1;0.02;0.0;9.9
2022;293;365;beauce_5_sa_045;BTH;;12.35;0.0;9.86;-71.94;1.52;177.35;100.84;0.02;0.0;0;0.9;0;-6.31;0.01;0.0;0.0;12.35
2022;1;224;beauce_5_sa_046;BTH;;14.13;0.5;64.02;20.37;171.21;108.67;45.2;0.16;0.02;0;101.28;0;-78.71;0.11;0.05;0.5;14.13
2022;225;309;beauce_5_sa_046;solnu;;2.96;0.0;30.2;-45.36;0.0;45.2;33.24;0.02;0.03;0;0;0;-204.36;0.02;0.01;0.0;2.96
2022;310;365;beauce_5_sa_046;BTH;;2.39;1.18;6.38;-6.96;0.0;33.12;30.74;0.0;0.0;0;0.0;0;22.98;0.0;0.0;1.18;2.39
2022;1;213;beauce_5_sa_047;BTH;;12.58;0.96;58.2;33.25;76.96;42.95;116.49;0.06;0.0;0;45.29;0;-161.37;0.0;0.06;0.96;12.58
2022;214;272;beauce_5_sa_047;solnu;;5.28;0.0;26.59;-64.28;0.0;116.49;73.33;0.11;0.08;0;0;0;-141.32;0.11;0.01;0.0;5.28
2022;273;365;beauce_5_sa_047;BTH;;9.46;0.0;16.19;-16.17;0.0;73.35;63.88;0.0;0.0;0;0.0;0;20.93;0.0;0.0;0.0;9.46
2022;1;214;beauce_5_sa_048;BTH;;3.64;0.92;61.15;25.62;123.43;13.34;41.48;0.12;0.01;0;72.63;0;-185.08;0.07;0.05;0.92;3.64
2022;215;264;beauce_5_sa_048;solnu;;1.68;0.0;23.89;-57.68;0.0;41.48;9.55;0.03;0.0;0;0;0;-170.19;0.02;0.0;0.0;1.68
2022;265;365;beauce_5_sa_048;BTH;;1.19;0.0;17.54;-17.76;0.0;9.55;8.48;0.0;0.0;0;0.0;0;34.12;0.0;0.0;0.0;1.19
2022;1;195;beauce_5_sa_049;BTH;;1.57;0.0;49.1;18.36;56.76;5.93;14.94;0.04;0.0;0;33.4;0;-227.03;0.0;0.04;0.0;1.57
2022;196;278;beauce_5_sa_049;solnu;;0.36;0.0;34.52;-48.38;0.0;14.94;2.07;0.01;0.0;0;0;0;-215.98;0.0;0.01;0.0;0.36
2022;279;365;beauce_5_sa_049;BTH;;0.25;0.0;14.12;-13.45;0.0;2.23;2.49;0.0;0.0;0;0.0;0;-13.06;0.0;0.0;0.0;0.25
2022;1;177;beauce_5_sa_050;BTH;;2.33;0.0;40.72;17.8;52.04;7.81;12.06;0.04;0.0;0;31.51;0;-187.64;0.0;0.04;0.0;2.33
2022;178;266;beauce_5_sa_050;solnu;;0.86;0.0;39.68;-9.6;0.0;12.06;41.18;0.06;0.04;0;0;0;-262.42;0.04;0.02;0.0;0.86
2022;267;365;beauce_5_sa_050;BTH;;2.49;0.0;17.0;-38.96;0.0;41.43;17.7;0.0;0.0;0;0.0;0;-72.52;0.0;0.0;0.0;2.49
2022;1;193;beauce_5_sa_051;BTH;;21.84;2.22;50.88;32.14;157.55;64.74;134.4;0.15;0.01;0;95.18;0;-28.87;0.1;0.05;2.22;21.84
2022;194;282;beauce_5_sa_051;solnu;;8.08;0.0;39.3;-4.0;0.0;134.4;161.38;0.15;0.08;0;0;0;-186.82;0.13;0.02;0.0;8.08
2022;283;365;beauce_5_sa_051;BTH;;11.05;0.0;13.2;-69.97;4.5;161.8;89.08;0.0;0.0;0;2.65;0;25.03;0.0;0.0;0.0;11.05
2022;1;197;beauce_5_sa_052;BTH;;2.04;0.46;51.92;14.3;83.34;7.06;22.21;0.05;0.0;0;49.04;0;-130.04;0.01;0.04;0.46;2.04
2022;198;273;beauce_5_sa_052;solnu;;1.09;0.0;33.94;-37.04;0.0;22.21;20.38;0.05;0.04;0;0;0;-212.18;0.04;0.01;0.0;1.09
2022;274;365;beauce_5_sa_052;BTH;;2.62;0.0;15.62;-19.24;0.0;20.38;17.83;0.0;0.0;0;0.0;0;-57.87;0.0;0.0;0.0;2.62
2022;1;171;beauce_5_sa_053;BTH;;44.64;2.64;39.45;41.44;143.93;174.77;263.74;0.08;0.01;0;91.1;0;-77.84;0.03;0.05;2.64;44.64
2022;172;291;beauce_5_sa_053;solnu;;13.92;0.0;49.92;-96.53;0.0;263.74;203.33;0.17;0.1;0;0;0;-223.87;0.14;0.03;0.0;13.92
2022;292;365;beauce_5_sa_053;BTH;;20.64;0.0;10.37;12.35;10.46;203.44;194.88;0.06;0.0;0;6.16;0;58.04;0.05;0.01;0.0;20.64
2022;1;210;beauce_5_sa_054;BTH;;1.48;1.31;60.84;21.01;152.83;3.92;29.41;0.12;0.02;0;89.93;0;-128.07;0.07;0.05;1.31;1.48
2022;211;277;beauce_5_sa_054;solnu;;1.05;0.0;29.56;-57.02;0.0;29.41;6.52;0.03;0.0;0;0;0;-163.71;0.02;0.0;0.0;1.05
2022;278;365;beauce_5_sa_054;BTH;;0.78;0.0;14.85;-14.88;0.0;6.55;5.71;0.0;0.0;0;0.0;0;73.12;0.0;0.0;0.0;0.78
2022;1;224;beauce_5_sa_055;BTH;;5.79;0.95;65.46;33.36;118.93;18.74;63.52;0.18;0.03;0;69.98;0;-250.85;0.12;0.06;0.95;5.79
2022;225;264;beauce_5_sa_055;solnu;;2.73;0.0;17.83;-15.34;0.0;63.52;63.18;0.04;0.06;0;0;0;-108.74;0.04;0.0;0.0;2.73
2022;265;365;beauce_5_sa_055;BTH;;4.84;0.0;17.27;-43.69;0.0;63.52;34.05;0.0;0.0;0;0.0;0;-82.18;0.0;0.0;0.0;4.84
2022;1;189;beauce_5_sa_056;BTH;;2.16;0.0;47.17;19.06;53.38;8.61;19.2;0.04;0.0;0;32.39;0;-233.32;0.0;0.04;0.0;2.16
2022;190;264;beauce_5_sa_056;solnu;;0.47;0.0;33.71;-51.33;0.0;19.2;2.74;0.01;0.0;0;0;0;-215.39;0.0;0.01;0.0;0.47
2022;265;365;beauce_5_sa_056;BTH;;0.34;0.0;17.56;-14.34;1.38;2.81;4.23;0.0;0.0;0;0.81;0;-15.51;0.0;0.0;0.0;0.34
2022;1;188;beauce_5_sa_057;BTH;;15.71;0.0;48.21;29.2;130.38;113.05;44.23;0.13;0.01;0;78.33;0;-130.15;0.08;0.05;0.0;15.71
2022;189;264;beauce_5_sa_057;solnu;;4.3;0.0;35.72;-56.54;0.0;44.23;23.18;0.02;0.0;0;0;0;-228.57;0.01;0.01;0.0;4.3
2022;265;365;beauce_5_sa_057;BTH;;2.94;1.26;17.66;-18.72;1.88;23.18;112.52;0.03;0.0;0;1.11;0;23.3;0.03;0.0;1.26;2.94
2022;1;208;beauce_5_sa_058;BTH;;13.47;1.23;55.39;33.88;104.51;46.98;110.03;0.12;0.01;0;61.5;0;-177.73;0.07;0.05;1.23;13.47
2022;209;298;beauce_5_sa_058;solnu;;5.63;0.0;35.67;-3.87;0.0;110.03;135.98;0.14;0.07;0;0;0;-209.21;0.11;0.02;0.0;5.63
2022;299;365;beauce_5_sa_058;BTH;;8.95;0.0;8.44;-61.06;0.0;136.26;74.38;0.02;0.0;0;0.0;0;-9.8;0.02;0.0;0.0;8.95
2022;1;194;beauce_5_sa_059;BTH;;4.15;0.0;48.39;6.67;58.21;14.28;6.93;0.03;0.0;0;34.26;0;-210.57;0.0;0.03;0.0;4.15
2022;195;315;beauce_5_sa_059;solnu;;1.58;0.0;43.19;-7.8;0.0;6.93;40.65;0.07;0.03;0;0;0;-273.8;0.04;0.02;0.0;1.58
2022;316;365;beauce_5_sa_059;BTH;;1.26;0.0;5.24;-28.89;0.0;40.84;17.68;0.01;0.0;0;0.0;0;-49.9;0.01;0.0;0.0;1.26
2022;1;181;beauce_5_sa_060;BTH;;3.28;0.0;42.54;26.53;55.14;10.44;21.0;0.04;0.0;0;32.45;0;-232.36;0.0;0.04;0.0;3.28
2022;182;257;beauce_5_sa_060;solnu;;1.11;0.0;34.98;-10.92;0.0;21.0;43.84;0.06;0.05;0;0;0;-247.5;0.04;0.02;0.0;1.11
2022;258;365;beauce_5_sa_060;BTH;;3.17;0.0;19.6;-40.88;0.0;44.17;20.93;0.0;0.0;0;0.0;0;-101.57;0.0;0.0;0.0;3.17
2022;1;194;beauce_5_sa_061;BTH;;12.52;0.0;48.72;15.76;140.54;17.61;23.46;0.13;0.01;0;82.7;0;-88.59;0.08;0.05;0.0;12.52
2022;195;302;beauce_5_sa_061;solnu;;2.26;0.0;41.58;-2.85;0.0;23.46;59.83;0.06;0.03;0;0;0;-219.3;0.03;0.02;0.0;2.26
2022;303;365;beauce_5_sa_061;BTH;;3.61;1.26;7.77;-39.22;0.0;60.09;30.31;0.01;0.0;0;0.0;0;-92.69;0.01;0.0;1.26;3.61
2022;1;221;beauce_5_sa_062;BTH;;4.87;0.4;63.11;18.69;77.32;14.91;44.64;0.08;0.01;0;45.5;0;-231.47;0.03;0.05;0.4;4.87
2022;222;262;beauce_5_sa_062;solnu;;1.5;0.0;19.01;-54.09;0.0;44.64;9.81;0.0;0.0;0;0;0;-141.16;0.0;0.0;0.0;1.5
2022;263;365;beauce_5_sa_062;BTH;;1.25;0.0;18.34;-18.52;0.0;9.81;8.68;0.0;0.0;0;0.0;0;24.35;0.0;0.0;0.0;1.25
2022;1;190;beauce_5_sa_063;BTH;;20.61;1.23;50.33;34.82;117.24;95.85;135.37;0.2;0.02;0;71.06;0;-100.78;0.15;0.05;1.23;20.61
2022;191;261;beauce_5_sa_063;solnu;;10.88;0.0;34.58;-83.15;0.0;135.37;75.8;0.08;0.05;0;0;0;-170.54;0.06;0.01;0.0;10.88
2022;262;365;beauce_5_sa_063;BTH;;9.73;0.54;19.38;-16.8;2.71;75.57;106.36;0.02;0.0;0;1.6;0;72.95;0.02;0.0;0.54;9.73
2022;1;188;beauce_5_sa_064;BTH;;10.6;0.91;47.06;34.28;85.45;35.22;88.43;0.14;0.01;0;52.05;0;-193.53;0.09;0.05;0.91;10.6
2022;189;265;beauce_5_sa_064;solnu;;4.83;0.0;34.5;-6.0;0.0;88.43;111.93;0.1;0.07;0;0;0;-216.99;0.08;0.02;0.0;4.83
2022;266;365;beauce_5_sa_064;BTH;;8.33;0.0;17.32;-59.42;3.0;112.23;58.63;0.0;0.0;0;1.77;0;-43.01;0.0;0.0;0.0;8.33
2022;1;194;beauce_5_sa_065;BTH;;1.79;0.0;48.66;11.35;58.18;6.15;6.16;0.04;0.0;0;34.23;0;-189.15;0.0;0.04;0.0;1.79
2022;195;304;beauce_5_sa_065;solnu;;0.69;0.0;41.46;-35.94;0.0;6.16;11.88;0.04;0.03;0;0;0;-266.33;0.02;0.02;0.0;0.69
2022;305;365;beauce_5_sa_065;BTH;;1.27;0.0;7.33;-8.66;0.0;11.44;10.62;0.0;0.0;0;0.0;0;-36.67;0.0;0.0;0.0;1.27
2022;1;185;beauce_5_sa_066;BTH;;9.44;0.0;44.56;26.51;131.23;16.0;17.7;0.11;0.01;0;77.22;0;-159.42;0.07;0.05;0.0;9.44
2022;186;288;beauce_5_sa_066;solnu;;2.34;0.0;41.71;-0.58;0.0;17.7;56.38;0.06;0.04;0;0;0;-251.86;0.04;0.03;0.0;2.34
2022;289;365;beauce_5_sa_066;BTH;;3.16;0.95;10.66;-43.64;0.0;56.62;25.59;0.0;0.0;0;0.0;0;-116.08;0.0;0.0;0.95;3.16
2022;1;185;beauce_5_sa_067;BTH;;17.49;1.8;46.65;31.81;112.2;60.7;143.96;0.17;0.02;0;66.03;0;-62.31;0.12;0.05;1.8;17.49
2022;186;278;beauce_5_sa_067;solnu;;8.84;0.0;40.37;-84.06;0.0;143.96;91.25;0.1;0.07;0;0;0;-168.29;0.08;0.02;0.0;8.84
2022;279;365;beauce_5_sa_067;BTH;;10.84;0.0;14.84;-11.79;0.97;91.26;82.5;0.0;0.0;0;0.57;0;50.54;0.0;0.0;0.0;10.84
2022;1;207;beauce_5_sa_068;BTH;;2.19;0.0;53.21;20.67;62.85;7.49;16.3;0.05;0.0;0;36.98;0;-304.33;0.0;0.05;0.0;2.19
2022;208;302;beauce_5_sa_068;solnu;;0.94;0.0;35.36;-7.68;0.0;16.3;42.95;0.05;0.03;0;0;0;-242.5;0.04;0.02;0.0;0.94
2022;303;365;beauce_5_sa_068;BTH;;2.0;0.0;7.51;-32.66;0.0;43.24;17.4;0.01;0.0;0;0.0;0;-64.13;0.01;0.0;0.0;2.0
2022;1;174;beauce_5_sa_069;BTH;;2.91;0.0;39.72;19.71;61.3;9.82;5.03;0.04;0.0;0;36.07;0;-183.99;0.0;0.04;0.0;2.91
2022;175;287;beauce_5_sa_069;solnu;;1.08;0.0;46.21;-37.7;0.0;5.03;15.75;0.04;0.03;0;0;0;-339.76;0.02;0.02;0.0;1.08
2022;288;365;beauce_5_sa_069;BTH;;1.74;0.0;11.2;-11.1;0.0;16.13;14.1;0.0;0.0;0;0.0;0;-20.45;0.0;0.0;0.0;1.74
2022;1;202;beauce_5_sa_070;BTH;;18.73;1.23;53.62;35.36;74.63;59.02;146.98;0.06;0.0;0;48.8;0;-115.87;0.0;0.05;1.23;18.73
2022;203;257;beauce_5_sa_070;solnu;;6.58;0.0;27.25;-12.17;0.0;146.98;155.26;0.13;0.09;0;0;0;-171.54;0.12;0.01;0.0;6.58
2022;258;365;beauce_5_sa_070;BTH;;12.59;0.0;20.21;-71.7;11.42;155.59;79.76;0.0;0.0;0;6.72;0;10.55;0.0;0.0;0.0;12.59
2022;1;202;beauce_5_sa_071;BTH;;13.0;1.1;53.79;27.63;83.06;40.82;108.75;0.17;0.03;0;48.88;0;-135.18;0.13;0.05;1.1;13.0
2022;203;260;beauce_5_sa_071;solnu;;7.48;0.0;28.18;-74.22;0.0;108.75;55.15;0.05;0.04;0;0;0;-148.05;0.05;0.01;0.0;7.48
2022;261;365;beauce_5_sa_071;BTH;;7.17;0.0;19.66;-17.61;1.68;55.14;48.34;0.0;0.0;0;0.99;0;41.09;0.0;0.0;0.0;7.17
2022;1;171;beauce_5_sa_072;BTH;;23.81;1.98;40.33;30.33;107.92;81.32;167.89;0.19;0.04;0;64.01;0;-42.96;0.15;0.04;1.98;23.81
2022;172;264;beauce_5_sa_072;solnu;;12.6;0.0;43.29;-99.2;0.0;167.89;99.26;0.07;0.05;0;0;0;-159.53;0.05;0.02;0.0;12.6
2022;265;365;beauce_5_sa_072;BTH;;11.45;0.0;18.54;21.83;37.69;99.47;90.45;0.04;0.0;0;22.18;0;53.66;0.01;0.02;0.0;11.45
2022;1;224;beauce_5_sa_073;BTH;;19.56;0.74;64.86;29.87;164.97;99.66;65.47;0.2;0.03;0;98.69;0;-67.06;0.14;0.06;0.74;19.56
2022;225;300;beauce_5_sa_073;solnu;;2.8;0.0;28.64;-43.6;0.0;65.47;49.06;0.05;0.05;0;0;0;-163.77;0.04;0.01;0.0;2.8
2022;301;365;beauce_5_sa_073;BTH;;5.59;1.18;8.19;-24.72;1.88;49.06;117.85;0.03;0.0;0;1.11;0;-33.1;0.03;0.0;1.18;5.59
2022;1;172;beauce_5_sa_074;BTH;;14.74;0.53;39.78;20.0;131.43;75.61;28.22;0.11;0.02;0;78.24;0;-8.54;0.07;0.04;0.53;14.74
2022;173;312;beauce_5_sa_074;solnu;;4.72;0.0;53.66;-36.32;0.0;28.22;42.02;0.09;0.05;0;0;0;-272.84;0.06;0.03;0.0;4.72
2022;313;365;beauce_5_sa_074;BTH;;2.88;0.8;5.83;-17.19;1.01;42.02;89.44;0.02;0.0;0;0.59;0;-31.72;0.02;0.0;0.8;2.88
2022;1;171;beauce_5_sa_075;BTH;;22.86;1.51;39.39;27.07;98.8;79.82;136.46;0.1;0.02;0;58.14;0;-56.46;0.06;0.04;1.51;22.86
2022;172;283;beauce_5_sa_075;solnu;;9.91;0.0;47.19;-40.78;0.0;136.46;133.37;0.14;0.08;0;0;0;-245.37;0.11;0.03;0.0;9.91
2022;284;365;beauce_5_sa_075;BTH;;12.26;0.0;12.73;-34.75;0.0;127.84;99.09;0.0;0.0;0;0.0;0;20.13;0.0;0.0;0.0;12.26
2022;1;179;beauce_5_sa_076;BTH;;9.22;0.83;42.07;-0.99;88.01;32.51;37.39;0.05;0.01;0;51.79;0;-36.63;0.02;0.03;0.83;9.22
2022;180;313;beauce_5_sa_076;solnu;;4.15;0.0;50.78;0.7;0.0;37.39;84.62;0.13;0.06;0;0;0;-245.3;0.1;0.03;0.0;4.15
2022;314;365;beauce_5_sa_076;BTH;;3.28;0.0;5.68;-42.19;0.0;84.77;45.79;0.01;0.0;0;0.0;0;-28.89;0.01;0.0;0.0;3.28
2022;1;187;beauce_5_sa_077;BTH;;16.33;0.4;46.17;31.52;162.48;119.08;48.44;0.15;0.01;0;95.82;0;-136.06;0.1;0.05;0.4;16.33
2022;188;291;beauce_5_sa_077;solnu;;3.53;0.0;42.14;1.05;0.0;48.44;87.96;0.09;0.05;0;0;0;-239.73;0.06;0.03;0.0;3.53
2022;292;365;beauce_5_sa_077;BTH;;5.51;1.18;10.07;-49.39;0.0;88.35;44.7;0.0;0.0;0;0.0;0;-47.72;0.0;0.0;1.18;5.51
2022;1;222;beauce_5_sa_078;BTH;;4.34;0.8;63.88;38.47;85.9;15.31;87.28;0.15;0.01;0;51.5;0;-275.87;0.09;0.06;0.8;4.34
2022;223;272;beauce_5_sa_078;solnu;;2.4;0.0;21.49;-91.67;0.0;87.28;14.7;0.0;0.0;0;0;0;-49.84;0.0;0.0;0.0;2.4
2022;273;365;beauce_5_sa_078;BTH;;1.85;0.0;16.28;-1.24;7.23;14.7;20.65;0.01;0.0;0;4.25;0;25.84;0.0;0.01;0.0;1.85
2022;1;225;beauce_5_sa_079;BTH;;16.88;2.63;66.78;45.13;203.18;62.11;150.43;0.27;0.04;0;119.56;0;-140.93;0.2;0.07;2.63;16.88
2022;226;300;beauce_5_sa_079;solnu;;4.06;0.0;27.04;-62.57;0.0;150.43;110.67;0.09;0.09;0;0;0;-131.31;0.08;0.01;0.0;4.06
2022;301;365;beauce_5_sa_079;BTH;;12.16;0.0;8.24;-8.32;0.0;110.53;98.43;0.0;0.0;0;0.0;0;29.35;0.0;0.0;0.0;12.16
2022;1;217;beauce_5_sa_080;BTH;;9.13;0.25;59.79;19.67;123.88;69.09;34.81;0.11;0.01;0;73.43;0;-93.42;0.06;0.05;0.25;9.13
2022;218;293;beauce_5_sa_080;solnu;;2.66;0.0;30.61;-12.89;0.0;34.81;49.79;0.04;0.03;0;0;0;-179.9;0.03;0.01;0.0;2.66
2022;294;365;beauce_5_sa_080;BTH;;2.9;0.81;9.48;-40.72;0.3;50.23;80.13;0.01;0.0;0;0.17;0;-89.22;0.0;0.0;0.81;2.9
2022;1;214;beauce_5_sa_081;BTH;;16.91;1.55;58.74;42.96;98.04;55.59;158.54;0.21;0.04;0;58.58;0;-210.6;0.15;0.06;1.55;16.91
2022;215;267;beauce_5_sa_081;solnu;;13.39;0.0;24.65;-10.34;0.0;158.54;159.27;0.12;0.08;0;0;0;-149.21;0.11;0.01;0.0;13.39
2022;268;365;beauce_5_sa_081;BTH;;13.89;0.0;16.97;-61.93;1.5;159.5;98.91;0.0;0.0;0;0.88;0;-25.52;0.0;0.0;0.0;13.89
2022;1;185;beauce_5_sa_082;BTH;;2.68;0.83;45.78;6.87;106.41;9.07;14.71;0.12;0.03;0;62.62;0;-10.3;0.09;0.03;0.83;2.68
2022;186;292;beauce_5_sa_082;solnu;;1.01;0.0;43.62;-40.62;0.0;14.71;20.09;0.05;0.04;0;0;0;-238.98;0.03;0.02;0.0;1.01
2022;293;365;beauce_5_sa_082;BTH;;2.22;0.0;9.95;-11.93;0.0;20.09;17.98;0.0;0.0;0;0.0;0;-7.04;0.0;0.0;0.0;2.22
2022;1;220;beauce_5_sa_083;BTH;;22.06;2.21;61.64;29.51;125.45;77.6;186.9;0.2;0.02;0;73.82;0;-33.95;0.15;0.06;2.21;22.06
2022;221;311;beauce_5_sa_083;solnu;;13.08;0.0;33.9;-80.85;0.0;186.9;126.69;0.09;0.09;0;0;0;-100.07;0.08;0.01;0.0;13.08
2022;312;365;beauce_5_sa_083;BTH;;8.53;0.0;6.09;-6.04;0.0;126.77;118.21;0.0;0.0;0;0.0;0;34.51;0.0;0.0;0.0;8.53
2022;1;184;beauce_5_sa_084;BTH;;1.63;0.0;44.18;16.13;57.48;5.38;6.51;0.04;0.0;0;33.82;0;-181.34;0.0;0.04;0.0;1.63
2022;185;283;beauce_5_sa_084;solnu;;0.3;0.0;40.91;-48.07;0.0;6.51;1.72;0.01;0.0;0;0;0;-259.97;0.0;0.01;0.0;0.3
2022;284;365;beauce_5_sa_084;BTH;;0.19;0.0;12.35;-12.29;0.0;1.8;1.6;0.0;0.0;0;0.0;0;-7.93;0.0;0.0;0.0;0.19
2022;1;188;beauce_5_sa_085;BTH;;14.86;1.25;47.84;36.27;88.5;51.11;125.85;0.05;0.0;0;52.08;0;-90.54;0.0;0.05;1.25;14.86
2022;189;272;beauce_5_sa_085;solnu;;5.23;0.0;36.92;-71.63;0.0;125.85;85.71;0.12;0.08;0;0;0;-191.4;0.11;0.02;0.0;5.23
2022;273;365;beauce_5_sa_085;BTH;;11.12;0.0;16.34;-14.95;0.0;85.86;75.97;0.0;0.0;0;0.0;0;32.66;0.0;0.0;0.0;11.12
2022;1;184;beauce_5_sa_086;BTH;;19.71;0.0;44.07;39.82;135.65;98.7;26.22;0.09;0.0;0;81.44;0;-157.6;0.04;0.05;0.0;19.71
2022;185;299;beauce_5_sa_086;solnu;;2.8;0.0;44.58;1.66;0.0;26.22;69.84;0.06;0.04;0;0;0;-268.56;0.04;0.03;0.0;2.8
2022;300;365;beauce_5_sa_086;BTH;;4.65;1.24;8.16;-58.76;1.99;70.14;107.89;0.04;0.0;0;1.17;0;-67.63;0.04;0.0;1.24;4.65
2022;1;205;beauce_5_sa_087;BTH;;6.99;0.0;53.2;20.51;94.09;49.93;22.67;0.08;0.0;0;55.9;0;-152.16;0.03;0.04;0.0;6.99
2022;206;290;beauce_5_sa_087;solnu;;1.96;0.0;34.64;-44.38;0.0;22.67;18.7;0.03;0.03;0;0;0;-286.12;0.02;0.01;0.0;1.96
2022;291;365;beauce_5_sa_087;BTH;;2.06;0.56;10.35;-11.57;0.3;18.7;57.37;0.0;0.0;0;0.17;0;5.62;0.0;0.0;0.56;2.06
2022;1;201;beauce_5_sa_088;BTH;;15.27;1.61;52.18;42.86;125.65;54.16;128.59;0.16;0.03;0;75.84;0;-208.74;0.11;0.06;1.61;15.27
2022;202;291;beauce_5_sa_088;solnu;;5.34;0.0;37.37;0.86;0.0;128.59;161.24;0.15;0.08;0;0;0;-227.75;0.13;0.02;0.0;5.34
2022;292;365;beauce_5_sa_088;BTH;;10.47;0.0;10.04;-72.47;3.23;161.64;85.11;0.01;0.0;0;1.9;0;-21.01;0.01;0.0;0.0;10.47
2022;1;211;beauce_5_sa_089;BTH;;2.31;0.0;55.43;20.3;56.29;7.89;24.97;0.05;0.0;0;33.13;0;-277.49;0.0;0.05;0.0;2.31
2022;212;280;beauce_5_sa_089;solnu;;1.22;0.0;28.75;-35.52;0.0;24.97;17.18;0.04;0.04;0;0;0;-193.66;0.03;0.01;0.0;1.22
2022;281;365;beauce_5_sa_089;BTH;;1.89;0.0;13.25;-13.99;0.0;17.13;15.29;0.0;0.0;0;0.0;0;-56.0;0.0;0.0;0.0;1.89
2022;1;228;beauce_5_sa_090;BTH;;9.88;0.92;71.48;24.14;153.88;51.77;52.61;0.15;0.02;0;92.17;0;-176.47;0.09;0.06;0.92;9.88
2022;229;286;beauce_5_sa_090;solnu;;2.9;0.0;20.82;-54.53;0.0;52.61;19.38;0.0;0.0;0;0;0;-120.44;0.0;0.0;0.0;2.9
2022;287;365;beauce_5_sa_090;BTH;;2.2;0.51;11.62;-14.84;1.88;19.33;50.55;0.02;0.0;0;1.11;0;54.12;0.02;0.0;0.51;2.2
2022;1;172;beauce_5_sa_091;BTH;;6.28;0.41;39.41;20.81;76.11;21.63;28.73;0.05;0.0;0;44.79;0;-139.0;0.01;0.04;0.41;6.28
2022;173;302;beauce_5_sa_091;solnu;;2.47;0.0;50.87;-46.65;0.0;28.73;32.35;0.07;0.05;0;0;0;-309.44;0.05;0.02;0.0;2.47
2022;303;365;beauce_5_sa_091;BTH;;3.55;0.0;7.77;-7.77;0.0;32.28;28.81;0.0;0.0;0;0.0;0;1.11;0.0;0.0;0.0;3.55
2022;1;217;beauce_5_sa_092;BTH;;3.36;0.0;58.07;20.65;53.06;10.71;32.95;0.06;0.0;0;31.22;0;-298.3;0.01;0.05;0.0;3.36
2022;218;274;beauce_5_sa_092;solnu;;1.21;0.0;24.05;-15.5;0.0;32.95;40.22;0.04;0.04;0;0;0;-163.38;0.03;0.01;0.0;1.21
2022;275;365;beauce_5_sa_092;BTH;;2.51;0.0;15.15;-35.57;0.0;40.5;18.29;0.0;0.0;0;0.0;0;-70.18;0.0;0.0;0.0;2.51
2022;1;212;beauce_5_sa_093;BTH;;2.2;0.88;56.28;8.36;115.49;7.37;19.88;0.13;0.03;0;67.96;0;-49.48;0.09;0.04;0.88;2.2
2022;213;307;beauce_5_sa_093;solnu;;1.36;0.0;36.13;-43.38;0.0;19.88;15.88;0.04;0.03;0;0;0;-220.47;0.03;0.01;0.0;1.36
2022;308;365;beauce_5_sa_093;BTH;;1.15;0.0;6.6;-7.87;0.0;15.97;14.78;0.0;0.0;0;0.0;0;-12.38;0.0;0.0;0.0;1.15
2022;1;215;beauce_5_sa_094;BTH;;3.89;1.19;57.98;9.73;109.38;13.51;56.7;0.13;0.01;0;64.37;0;-11.15;0.09;0.04;1.19;3.89
2022;216;314;beauce_5_sa_094;solnu;;3.4;0.0;36.22;-54.73;0.0;56.7;36.92;0.09;0.05;0;0;0;-169.91;0.08;0.01;0.0;3.4
2022;315;365;beauce_5_sa_094;BTH;;2.49;0.0;5.61;-5.71;0.0;36.92;34.45;0.0;0.0;0;0.0;0;16.0;0.0;0.0;0.0;2.49
2022;1;187;beauce_5_sa_095;BTH;;16.99;1.15;47.3;29.6;70.53;53.32;129.13;0.05;0.0;0;45.69;0;-78.87;0.0;0.05;1.15;16.99
2022;188;257;beauce_5_sa_095;solnu;;5.32;0.0;33.22;-9.83;0.0;129.13;146.99;0.12;0.08;0;0;0;-179.92;0.11;0.02;0.0;5.32
2022;258;365;beauce_5_sa_095;BTH;;11.59;0.0;20.36;-69.84;12.22;147.34;73.69;0.0;0.0;0;7.19;0;12.98;0.0;0.0;0.0;11.59
2022;1;194;beauce_5_sa_096;BTH;;1.65;0.0;48.99;18.2;56.31;6.39;15.5;0.04;0.0;0;33.14;0;-214.86;0.0;0.04;0.0;1.65
2022;195;274;beauce_5_sa_096;solnu;;0.36;0.0;33.8;-48.42;0.0;15.5;2.08;0.01;0.0;0;0;0;-211.14;0.0;0.01;0.0;0.36
2022;275;365;beauce_5_sa_096;BTH;;0.25;0.0;15.32;-14.84;0.0;2.12;2.31;0.0;0.0;0;0.0;0;-10.59;0.0;0.0;0.0;0.25
2022;1;190;beauce_5_sa_097;BTH;;29.92;2.45;48.21;46.92;138.36;107.35;217.65;0.19;0.02;0;87.06;0;-119.24;0.13;0.06;2.45;29.92
2022;191;286;beauce_5_sa_097;solnu;;13.23;0.0;40.07;3.43;0.0;217.65;247.66;0.16;0.09;0;0;0;-241.39;0.14;0.03;0.0;13.23
2022;287;365;beauce_5_sa_097;BTH;;18.68;0.0;11.66;-77.32;12.8;248.07;150.51;0.0;0.0;0;7.53;0;-6.87;0.0;0.0;0.0;18.68
2022;1;193;beauce_5_sa_098;BTH;;12.52;1.37;50.24;22.17;100.34;43.52;105.27;0.12;0.01;0;59.05;0;-44.4;0.08;0.04;1.37;12.52
2022;194;290;beauce_5_sa_098;solnu;;6.14;0.0;40.6;-64.9;0.0;105.27;74.66;0.11;0.08;0;0;0;-178.53;0.09;0.02;0.0;6.14
2022;291;365;beauce_5_sa_098;BTH;;8.21;0.0;10.89;-10.94;0.0;74.76;66.39;0.0;0.0;0;0.0;0;33.86;0.0;0.0;0.0;8.21
2022;1;174;beauce_5_sa_099;BTH;;9.33;1.28;40.86;11.94;109.49;32.55;61.06;0.15;0.03;0;64.43;0;-8.31;0.11;0.03;1.28;9.33
2022;175;316;beauce_5_sa_099;solnu;;5.69;0.0;53.56;-53.48;0.0;61.06;57.36;0.09;0.06;0;0;0;-222.37;0.07;0.03;0.0;5.69
2022;317;365;beauce_5_sa_099;BTH;;3.86;0.0;5.33;-5.4;0.0;57.41;53.43;0.0;0.0;0;0.0;0;16.57;0.0;0.0;0.0;3.86
2023;1;174;beauce_5_sa_000;BTH;;0.17;0.0;35.19;18.38;86.11;42.86;10.09;0.07;0.0;0;53.63;0;-76.17;0.03;0.03;0.0;0.17
2023;175;257;beauce_5_sa_000;solnu;;0.0;0.0;36.28;-50.49;0.0;10.09;2.52;0.01;0.0;0;0;0;-238.35;0.0;0.01;0.0;0.0
2023;258;365;beauce_5_sa_000;BTH;;0.31;0.48;17.65;-17.31;0.36;2.52;38.51;0.01;0.0;0;0.21;0;33.36;0.01;0.0;0.48;0.31
2023;1;178;beauce_5_sa_001;BTH;;1.53;0.0;33.83;-8.12;52.16;26.5;15.37;0.03;0.0;0;30.69;0;-67.12;0.0;0.02;0.0;1.53
2023;179;311;beauce_5_sa_001;solnu;;0.0;0.0;43.93;-3.65;0.0;15.37;55.63;0.03;0.0;0;0;0;-205.88;0.0;0.03;0.0;0.0
2023;312;365;beauce_5_sa_001;BTH;;1.71;0.22;5.62;-45.62;0.0;55.88;13.92;0.0;0.0;0;0.0;0;-11.29;0.0;0.0;0.22;1.71
2023;1;180;beauce_5_sa_002;BTH;;1.29;0.73;33.59;5.71;104.54;27.7;15.62;0.03;0.0;0;62.12;0;16.98;0.0;0.03;0.73;1.29
2023;181;304;beauce_5_sa_002;solnu;;0.0;0.0;43.23;0.43;0.0;15.62;59.26;0.03;0.0;0;0;0;-144.04;0.0;0.03;0.0;0.0
2023;305;365;beauce_5_sa_002;BTH;;0.64;0.2;6.86;-66.09;1.03;59.53;14.5;0.0;0.0;0;0.6;0;-7.51;0.0;0.0;0.2;0.64
2023;1;202;beauce_5_sa_003;BTH;;0.81;0.45;45.09;14.49;83.61;17.59;26.16;0.04;0.0;0;49.2;0;-131.22;0.0;0.04;0.45;0.81
2023;203;285;beauce_5_sa_003;solnu;;0.0;0.0;30.0;-9.97;0.0;26.16;46.18;0.01;0.0;0;0;0;-149.73;0.0;0.01;0.0;0.0
2023;286;365;beauce_5_sa_003;BTH;;1.03;0.0;9.21;-43.02;6.0;46.35;7.78;0.0;0.0;0;3.53;0;-47.3;0.0;0.0;0.0;1.03
2023;1;217;beauce_5_sa_004;BTH;;0.99;1.03;52.22;1.23;121.5;21.38;31.01;0.04;0.0;0;71.5;0;-26.46;0.0;0.04;1.03;0.99
2023;218;309;beauce_5_sa_004;solnu;;0.0;0.0;30.93;-11.35;0.0;31.01;50.58;0.02;0.0;0;0;0;-104.9;0.0;0.01;0.0;0.0
2023;310;365;beauce_5_sa_004;BTH;;0.42;0.0;6.13;-48.93;0.0;50.8;10.11;0.0;0.0;0;0.0;0;-25.91;0.0;0.0;0.0;0.42
2023;1;177;beauce_5_sa_005;BTH;;6.1;2.82;32.47;38.74;196.92;130.51;209.34;0.06;0.0;0;124.69;0;9.29;0.01;0.04;2.82;6.1
2023;178;284;beauce_5_sa_005;solnu;;0.0;0.0;37.44;7.88;0.0;209.34;255.1;0.03;0.0;0;0;0;-120.06;0.0;0.03;0.0;0.0
2023;285;365;beauce_5_sa_005;BTH;;0.0;0.0;9.67;-81.68;23.06;255.35;159.94;0.08;0.0;0;13.57;0;40.82;0.08;0.0;0.0;0.0
2023;1;224;beauce_5_sa_006;BTH;;1.56;1.08;55.54;18.85;138.88;33.54;48.34;0.06;0.0;0;81.72;0;-142.11;0.02;0.05;1.08;1.56
2023;225;301;beauce_5_sa_006;solnu;;0.0;0.0;26.33;-9.12;0.0;48.34;65.53;0.01;0.0;0;0;0;-121.07;0.0;0.01;0.0;0.0
2023;302;365;beauce_5_sa_006;BTH;;0.67;0.0;7.08;-56.32;0.0;65.64;15.92;0.0;0.0;0;0.0;0;-6.57;0.0;0.0;0.0;0.67
2023;1;231;beauce_5_sa_007;BTH;;1.54;0.0;57.66;15.64;52.36;23.63;43.17;0.05;0.0;0;30.81;0;-338.25;0.0;0.05;0.0;1.54
2023;232;314;beauce_5_sa_007;solnu;;0.0;0.0;20.3;-13.2;0.0;43.17;50.26;0.01;0.0;0;0;0;-132.11;0.0;0.01;0.0;0.0
2023;315;365;beauce_5_sa_007;BTH;;1.53;0.0;4.91;-41.99;0.0;50.44;11.64;0.01;0.0;0;0.0;0;-20.37;0.01;0.0;0.0;1.53
2023;1;219;beauce_5_sa_008;BTH;;0.36;1.07;56.83;25.37;129.28;7.52;40.22;0.1;0.0;0;76.07;0;-103.11;0.05;0.05;1.07;0.36
2023;220;266;beauce_5_sa_008;solnu;;0.0;0.0;22.72;-61.5;0.0;40.22;6.01;0.0;0.0;0;0;0;-115.46;0.0;0.0;0.0;0.0
2023;267;365;beauce_5_sa_008;BTH;;0.67;0.0;16.9;-16.83;0.0;5.84;5.4;0.0;0.0;0;0.0;0;91.42;0.0;0.0;0.0;0.67
2023;1;198;beauce_5_sa_009;BTH;;5.1;2.0;42.99;37.53;146.51;109.88;188.41;0.07;0.0;0;86.48;0;-56.34;0.03;0.05;2.0;5.1
2023;199;297;beauce_5_sa_009;solnu;;0.0;0.0;36.54;3.55;0.0;188.41;228.48;0.03;0.0;0;0;0;-163.69;0.0;0.03;0.0;0.0
2023;298;365;beauce_5_sa_009;BTH;;4.57;0.0;7.71;-90.84;5.13;228.71;135.58;0.08;0.0;0;3.02;0;14.5;0.08;0.0;0.0;4.57
2023;1;223;beauce_5_sa_010;BTH;;0.39;0.0;56.07;27.88;51.04;6.11;38.58;0.06;0.0;0;30.03;0;-270.47;0.01;0.05;0.0;0.39
2023;224;262;beauce_5_sa_010;solnu;;0.0;0.0;15.71;-50.66;0.0;38.58;3.91;0.0;0.0;0;0;0;-109.23;0.0;0.0;0.0;0.0
2023;263;365;beauce_5_sa_010;BTH;;0.53;0.0;16.36;-16.18;0.0;3.97;3.56;0.0;0.0;0;0.0;0;-4.93;0.0;0.0;0.0;0.53
2023;1;210;beauce_5_sa_011;BTH;;0.95;1.14;49.04;4.76;131.53;20.47;27.06;0.04;0.0;0;77.4;0;19.45;0.01;0.03;1.14;0.95
2023;211;307;beauce_5_sa_011;solnu;;0.0;0.0;33.7;-50.77;0.0;27.06;9.98;0.02;0.0;0;0;0;-107.66;0.0;0.02;0.0;0.0
2023;308;365;beauce_5_sa_011;BTH;;0.34;0.0;6.49;-9.11;0.0;9.97;9.65;0.0;0.0;0;0.0;0;-15.03;0.0;0.0;0.0;0.34
2023;1;193;beauce_5_sa_012;BTH;;0.71;0.56;39.93;-2.09;83.88;12.52;7.78;0.03;0.0;0;49.36;0;-8.6;0.01;0.02;0.56;0.71
2023;194;308;beauce_5_sa_012;solnu;;0.0;0.0;38.8;-41.23;0.0;7.78;6.01;0.02;0.0;0;0;0;-137.85;0.0;0.02;0.0;0.0
2023;309;365;beauce_5_sa_012;BTH;;0.29;0.0;6.21;-8.27;0.0;6.01;5.72;0.0;0.0;0;0.0;0;-23.36;0.0;0.0;0.0;0.29
2023;1;227;beauce_5_sa_013;BTH;;1.32;0.15;57.18;29.12;100.23;49.35;45.58;0.07;0.0;0;59.57;0;-201.66;0.01;0.06;0.15;1.32
2023;228;298;beauce_5_sa_013;solnu;;0.0;0.0;21.86;-13.53;0.0;45.58;53.89;0.01;0.0;0;0;0;-131.07;0.0;0.01;0.0;0.0
2023;299;365;beauce_5_sa_013;BTH;;1.31;0.48;7.27;-58.33;1.27;54.06;38.12;0.01;0.0;0;0.75;0;-35.05;0.01;0.0;0.48;1.31
2023;1;225;beauce_5_sa_014;BTH;;1.02;0.0;56.1;5.14;44.37;15.55;31.4;0.04;0.0;0;26.11;0;-208.19;0.0;0.04;0.0;1.02
2023;226;315;beauce_5_sa_014;solnu;;0.0;0.0;24.08;-46.54;0.0;31.4;8.93;0.01;0.0;0;0;0;-121.78;0.0;0.01;0.0;0.0
2023;316;365;beauce_5_sa_014;BTH;;0.88;0.0;4.97;-6.44;0.0;8.54;6.66;0.0;0.0;0;0.0;0;-6.11;0.0;0.0;0.0;0.88
2023;1;201;beauce_5_sa_015;BTH;;1.31;0.54;46.72;21.61;90.67;26.63;43.18;0.06;0.0;0;53.36;0;-149.35;0.02;0.04;0.54;1.31
2023;202;256;beauce_5_sa_015;solnu;;0.0;0.0;24.5;-13.06;0.0;43.18;54.61;0.01;0.0;0;0;0;-122.96;0.0;0.01;0.0;0.0
2023;257;365;beauce_5_sa_015;BTH;;2.2;0.0;16.93;-53.97;1.85;54.99;13.8;0.0;0.0;0;1.09;0;-24.8;0.0;0.0;0.0;2.2
2023;1;215;beauce_5_sa_016;BTH;;1.6;0.0;51.89;18.75;47.0;21.15;43.13;0.05;0.0;0;27.66;0;-228.82;0.01;0.04;0.0;1.6
2023;216;261;beauce_5_sa_016;solnu;;0.0;0.0;18.41;-16.73;0.0;43.13;44.8;0.0;0.0;0;0;0;-116.73;0.0;0.0;0.0;0.0
2023;262;365;beauce_5_sa_016;BTH;;1.57;0.0;15.24;-44.05;4.5;44.95;9.93;0.0;0.0;0;2.65;0;-39.46;0.0;0.0;0.0;1.57
2023;1;185;beauce_5_sa_017;BTH;;7.51;1.82;35.66;43.93;203.38;239.42;243.27;0.1;0.0;0;120.27;0;-20.21;0.05;0.05;1.82;7.51
2023;186;315;beauce_5_sa_017;solnu;;0.0;0.0;41.77;-83.85;0.0;243.27;201.99;0.02;0.0;0;0;0;-114.64;0.0;0.02;0.0;0.0
2023;316;365;beauce_5_sa_017;BTH;;2.45;1.11;5.38;0.79;0.86;201.75;288.23;0.1;0.0;0;0.51;0;45.92;0.1;0.0;1.11;2.45
2023;1;198;beauce_5_sa_018;BTH;;0.6;0.0;42.67;7.47;50.62;9.98;8.87;0.03;0.0;0;29.79;0;-141.55;0.0;0.03;0.0;0.6
2023;199;312;beauce_5_sa_018;solnu;;0.0;0.0;35.62;-40.51;0.0;8.87;4.89;0.01;0.0;0;0;0;-190.36;0.0;0.01;0.0;0.0
2023;313;365;beauce_5_sa_018;BTH;;0.56;0.0;5.42;-5.57;0.0;4.81;4.29;0.0;0.0;0;0.0;0;-9.6;0.0;0.0;0.0;0.56
2023;1;183;beauce_5_sa_019;BTH;;1.56;0.0;34.83;3.06;46.51;24.38;14.26;0.02;0.0;0;27.37;0;-177.51;0.0;0.02;0.0;1.56
2023;184;312;beauce_5_sa_019;solnu;;0.0;0.0;40.55;1.73;0.0;14.26;56.51;0.03;0.0;0;0;0;-244.51;0.0;0.03;0.0;0.0
2023;313;365;beauce_5_sa_019;BTH;;1.71;0.0;5.24;-46.25;0.0;56.71;13.79;0.01;0.0;0;0.0;0;-23.81;0.01;0.0;0.0;1.71
2023;1;198;beauce_5_sa_020;BTH;;0.88;0.74;44.47;12.43;101.71;18.38;28.31;0.04;0.0;0;59.85;0;-44.52;0.01;0.03;0.74;0.88
2023;199;267;beauce_5_sa_020;solnu;;0.0;0.0;30.41;-50.37;0.0;28.31;10.14;0.01;0.0;0;0;0;-137.09;0.0;0.01;0.0;0.0
2023;268;365;beauce_5_sa_020;BTH;;1.22;0.0;14.95;-16.09;0.0;10.14;8.97;0.0;0.0;0;0.0;0;13.53;0.0;0.0;0.0;1.22
2023;1;171;beauce_5_sa_021;BTH;;10.32;2.77;31.69;21.83;134.67;222.34;337.37;0.04;0.0;0;79.35;0;-4.85;0.01;0.03;2.77;10.32
2023;172;312;beauce_5_sa_021;solnu;;0.0;0.0;43.8;13.88;0.0;337.37;395.84;0.04;0.0;0;0;0;-166.16;0.0;0.04;0.0;0.0
2023;313;365;beauce_5_sa_021;BTH;;8.57;0.0;5.65;-86.34;1.53;396.07;304.93;0.11;0.0;0;0.9;0;5.46;0.11;0.0;0.0;8.57
2023;1;220;beauce_5_sa_022;BTH;;5.96;2.1;58.83;36.87;125.51;118.71;240.19;0.14;0.0;0;80.43;0;-65.12;0.08;0.06;2.1;5.96
2023;221;262;beauce_5_sa_022;solnu;;0.0;0.0;20.19;-13.03;0.0;240.19;247.35;0.01;0.0;0;0;0;-101.45;0.0;0.01;0.0;0.0
2023;263;365;beauce_5_sa_022;BTH;;10.38;0.0;17.41;-86.47;60.92;247.85;106.93;0.06;0.0;0;35.85;0;74.54;0.05;0.01;0.0;10.38
2023;1;180;beauce_5_sa_023;BTH;;3.28;1.49;36.85;19.05;119.64;67.31;111.96;0.04;0.0;0;73.05;0;-0.31;0.0;0.03;1.49;3.28
2023;181;263;beauce_5_sa_023;solnu;;0.0;0.0;36.72;-2.64;0.0;111.96;145.98;0.06;0.0;0;0;0;-135.03;0.03;0.02;0.0;0.0
2023;264;365;beauce_5_sa_023;BTH;;4.52;0.0;15.49;-91.36;31.1;146.38;34.49;0.0;0.0;0;18.3;0;44.7;0.0;0.0;0.0;4.52
2023;1;229;beauce_5_sa_024;BTH;;0.3;0.0;59.47;22.18;47.93;4.89;38.25;0.05;0.0;0;28.2;0;-276.28;0.0;0.05;0.0;0.3
2023;230;275;beauce_5_sa_024;solnu;;0.0;0.0;16.04;-51.66;0.0;38.25;2.8;0.0;0.0;0;0;0;-81.99;0.0;0.0;0.0;0.0
2023;276;365;beauce_5_sa_024;BTH;;0.37;0.0;12.54;-12.33;0.0;2.79;2.63;0.0;0.0;0;0.0;0;6.85;0.0;0.0;0.0;0.37
2023;1;183;beauce_5_sa_025;BTH;;2.92;1.0;38.37;22.8;88.42;58.4;103.34;0.08;0.0;0;54.68;0;-77.11;0.04;0.04;1.0;2.92
2023;184;264;beauce_5_sa_025;solnu;;0.19;0.0;34.66;-5.23;0.0;103.34;132.55;0.03;0.0;0;0;0;-164.37;0.02;0.02;0.0;0.19
2023;265;365;beauce_5_sa_025;BTH;;5.0;0.0;14.89;-81.75;29.0;132.89;31.69;0.0;0.0;0;17.06;0;11.68;0.0;0.0;0.0;5.0
2023;1;199;beauce_5_sa_026;BTH;;1.01;0.0;44.02;10.03;44.05;15.31;24.27;0.04;0.0;0;25.92;0;-158.5;0.0;0.03;0.0;1.01
2023;200;275;beauce_5_sa_026;solnu;;0.0;0.0;29.47;-14.17;0.0;24.27;39.55;0.01;0.0;0;0;0;-157.05;0.0;0.01;0.0;0.0
2023;276;365;beauce_5_sa_026;BTH;;1.03;0.0;11.3;-35.56;7.51;39.72;6.82;0.0;0.0;0;4.42;0;-31.6;0.0;0.0;0.0;1.03
2023;1;172;beauce_5_sa_027;BTH;;1.83;0.0;32.09;-8.6;33.13;27.73;16.47;0.02;0.0;0;19.5;0;-99.83;0.0;0.02;0.0;1.83
2023;173;312;beauce_5_sa_027;solnu;;0.0;0.0;44.82;-2.36;0.0;16.47;58.92;0.03;0.0;0;0;0;-214.24;0.0;0.03;0.0;0.0
2023;313;365;beauce_5_sa_027;BTH;;2.27;0.0;5.36;-42.96;0.67;59.11;18.37;0.01;0.0;0;0.39;0;-17.46;0.01;0.0;0.0;2.27
2023;1;187;beauce_5_sa_028;BTH;;1.49;0.0;38.57;22.74;54.04;20.8;26.54;0.05;0.0;0;31.8;0;-210.0;0.01;0.04;0.0;1.49
2023;188;261;beauce_5_sa_028;solnu;;0.0;0.0;29.81;-10.19;0.0;26.54;46.14;0.01;0.0;0;0;0;-184.52;0.0;0.01;0.0;0.0
2023;262;365;beauce_5_sa_028;BTH;;1.57;0.0;14.69;-44.59;4.5;46.35;10.16;0.0;0.0;0;2.65;0;-61.16;0.0;0.0;0.0;1.57
2023;1;184;beauce_5_sa_029;BTH;;0.69;0.0;36.66;5.01;44.37;11.64;6.72;0.03;0.0;0;26.11;0;-104.43;0.0;0.03;0.0;0.69
2023;185;297;beauce_5_sa_029;solnu;;0.0;0.0;39.48;-40.6;0.0;6.72;5.83;0.02;0.0;0;0;0;-198.0;0.0;0.02;0.0;0.0
2023;298;365;beauce_5_sa_029;BTH;;0.7;0.0;7.4;-7.3;0.0;5.94;5.24;0.0;0.0;0;0.0;0;-10.81;0.0;0.0;0.0;0.7
2023;1;197;beauce_5_sa_030;BTH;;0.83;0.42;42.97;14.26;104.81;17.0;23.5;0.06;0.0;0;61.67;0;-53.87;0.02;0.04;0.42;0.83
2023;198;279;beauce_5_sa_030;solnu;;0.0;0.0;32.84;-48.36;0.0;23.5;10.13;0.01;0.0;0;0;0;-162.55;0.0;0.01;0.0;0.0
2023;280;365;beauce_5_sa_030;BTH;;1.16;0.32;11.01;-13.2;0.19;10.13;31.97;0.01;0.0;0;0.11;0;-5.35;0.0;0.0;0.32;1.16
2023;1;193;beauce_5_sa_031;BTH;;3.08;1.29;43.67;36.06;102.5;69.95;140.46;0.15;0.0;0;74.2;0;-182.51;0.1;0.05;1.29;3.08
2023;194;256;beauce_5_sa_031;solnu;;0.0;0.0;29.59;-86.47;0.0;140.46;83.58;0.01;0.0;0;0;0;-169.22;0.0;0.01;0.0;0.0
2023;257;365;beauce_5_sa_031;BTH;;5.6;0.0;18.03;-3.53;39.81;81.27;52.64;0.03;0.0;0;23.43;0;62.63;0.01;0.02;0.0;5.6
2023;1;176;beauce_5_sa_032;BTH;;3.57;1.46;35.75;25.7;108.61;76.6;92.22;0.06;0.0;0;63.91;0;-13.59;0.03;0.04;1.46;3.57
2023;177;274;beauce_5_sa_032;solnu;;0.0;0.0;40.87;-22.92;0.0;92.22;153.24;0.06;0.0;0;0;0;-170.92;0.04;0.02;0.0;0.0
2023;275;365;beauce_5_sa_032;BTH;;5.72;0.0;12.41;-62.55;39.89;148.47;57.46;0.03;0.0;0;23.47;0;45.3;0.02;0.0;0.0;5.72
2023;1;230;beauce_5_sa_033;BTH;;6.23;2.59;65.31;49.98;171.88;131.02;262.09;0.22;0.0;0;102.91;0;-143.77;0.16;0.07;2.59;6.23
2023;231;270;beauce_5_sa_033;solnu;;0.0;0.0;17.04;-12.18;0.0;262.09;266.93;0.02;0.0;0;0;0;-88.49;0.01;0.0;0.0;0.0
2023;271;365;beauce_5_sa_033;BTH;;10.44;0.0;14.48;-84.37;45.18;267.36;141.33;0.08;0.0;0;26.58;0;44.54;0.07;0.01;0.0;10.44
2023;1;209;beauce_5_sa_034;BTH;;1.58;0.0;48.48;22.63;104.66;69.99;34.79;0.07;0.0;0;62.95;0;-78.54;0.03;0.04;0.0;1.58
2023;210;293;beauce_5_sa_034;solnu;;0.0;0.0;28.9;-46.5;0.0;34.79;18.86;0.01;0.0;0;0;0;-166.05;0.0;0.01;0.0;0.0
2023;294;365;beauce_5_sa_034;BTH;;3.44;0.8;8.25;-27.39;3.38;18.86;56.17;0.04;0.0;0;1.99;0;-29.25;0.04;0.0;0.8;3.44
2023;1;225;beauce_5_sa_035;BTH;;2.38;1.1;59.94;30.46;120.93;62.79;112.34;0.13;0.0;0;71.54;0;-129.88;0.07;0.05;1.1;2.38
2023;226;271;beauce_5_sa_035;solnu;;0.0;0.0;19.61;-101.66;0.0;112.34;30.29;0.0;0.0;0;0;0;-75.88;0.0;0.0;0.0;0.0
2023;272;365;beauce_5_sa_035;BTH;;3.75;0.21;14.24;-10.43;1.63;30.18;44.3;0.01;0.0;0;0.96;0;76.48;0.01;0.0;0.21;3.75
2023;1;177;beauce_5_sa_036;BTH;;1.96;0.47;34.12;3.07;58.85;32.85;43.36;0.02;0.0;0;34.63;0;-47.54;0.0;0.02;0.47;1.96
2023;178;309;beauce_5_sa_036;solnu;;0.0;0.0;44.62;-45.23;0.0;43.36;42.86;0.04;0.0;0;0;0;-191.18;0.01;0.03;0.0;0.0
2023;310;365;beauce_5_sa_036;BTH;;2.24;0.0;6.02;-22.48;2.13;41.44;22.03;0.01;0.0;0;1.25;0;8.97;0.01;0.0;0.0;2.24
2023;1;197;beauce_5_sa_037;BTH;;1.22;1.26;43.51;10.98;133.6;26.23;40.19;0.05;0.0;0;78.62;0;21.44;0.02;0.03;1.26;1.22
2023;198;273;beauce_5_sa_037;solnu;;0.0;0.0;33.58;-60.23;0.0;40.19;14.13;0.01;0.0;0;0;0;-110.57;0.0;0.01;0.0;0.0
2023;274;365;beauce_5_sa_037;BTH;;0.79;0.0;12.97;-13.49;0.0;14.13;13.41;0.0;0.0;0;0.0;0;47.07;0.0;0.0;0.0;0.79
2023;1;223;beauce_5_sa_038;BTH;;0.74;0.14;54.89;11.4;57.19;14.5;33.37;0.04;0.0;0;33.65;0;-166.66;0.0;0.04;0.14;0.74
2023;224;289;beauce_5_sa_038;solnu;;0.0;0.0;22.09;-49.32;0.0;33.37;7.13;0.0;0.0;0;0;0;-144.57;0.0;0.0;0.0;0.0
2023;290;365;beauce_5_sa_038;BTH;;0.93;0.0;8.99;-9.1;0.0;7.1;6.2;0.0;0.0;0;0.0;0;16.45;0.0;0.0;0.0;0.93
2023;1;185;beauce_5_sa_039;BTH;;1.03;0.0;37.08;14.37;73.5;36.58;11.95;0.04;0.0;0;44.03;0;-64.13;0.01;0.03;0.0;1.03
2023;186;309;beauce_5_sa_039;solnu;;0.0;0.0;40.48;-42.85;0.0;11.95;11.13;0.02;0.0;0;0;0;-204.35;0.0;0.02;0.0;0.0
2023;310;365;beauce_5_sa_039;BTH;;1.32;0.4;5.92;-16.13;1.53;11.13;28.96;0.01;0.0;0;0.9;0;-19.02;0.01;0.0;0.4;1.32
2023;1;215;beauce_5_sa_040;BTH;;3.47;1.5;53.94;26.33;122.09;74.7;141.33;0.09;0.0;0;71.84;0;-68.64;0.04;0.05;1.5;3.47
2023;216;290;beauce_5_sa_040;solnu;;0.0;0.0;29.68;-56.65;0.0;141.33;114.35;0.02;0.0;0;0;0;-127.27;0.0;0.01;0.0;0.0
2023;291;365;beauce_5_sa_040;BTH;;2.73;0.0;9.4;-43.48;12.64;111.36;64.84;0.04;0.0;0;7.44;0;51.55;0.04;0.0;0.0;2.73
2023;1;181;beauce_5_sa_041;BTH;;0.89;0.0;34.6;2.02;40.65;14.33;7.98;0.02;0.0;0;23.92;0;-96.29;0.0;0.02;0.0;0.89
2023;182;314;beauce_5_sa_041;solnu;;0.0;0.0;43.27;-43.68;0.0;7.98;7.7;0.02;0.0;0;0;0;-210.2;0.0;0.02;0.0;0.0
2023;315;365;beauce_5_sa_041;BTH;;0.88;0.0;5.11;-5.1;0.0;7.63;6.82;0.0;0.0;0;0.0;0;-6.79;0.0;0.0;0.0;0.88
2023;1;183;beauce_5_sa_042;BTH;;6.92;3.26;33.83;19.49;213.3;149.27;225.43;0.06;0.0;0;125.52;0;72.45;0.03;0.03;3.26;6.92
2023;184;295;beauce_5_sa_042;solnu;;0.0;0.0;37.88;7.75;0.0;225.43;271.58;0.03;0.0;0;0;0;-80.34;0.0;0.03;0.0;0.0
2023;296;365;beauce_5_sa_042;BTH;;0.0;0.0;8.18;-80.0;6.36;271.81;193.31;0.09;0.0;0;3.74;0;39.3;0.09;0.0;0.0;0.0
2023;1;200;beauce_5_sa_043;BTH;;1.1;0.0;46.77;21.95;134.27;101.44;34.69;0.1;0.0;0;82.04;0;-109.83;0.06;0.04;0.0;1.1
2023;201;263;beauce_5_sa_043;solnu;;0.0;0.0;30.41;-58.42;0.0;34.69;15.27;0.0;0.0;0;0;0;-177.25;0.0;0.0;0.0;0.0
2023;264;365;beauce_5_sa_043;BTH;;1.77;1.12;17.74;-11.24;4.46;15.2;99.08;0.04;0.0;0;2.63;0;98.31;0.03;0.0;1.12;1.77
2023;1;187;beauce_5_sa_044;BTH;;0.91;0.0;38.35;-2.59;39.61;13.93;8.15;0.02;0.0;0;23.31;0;-95.84;0.0;0.02;0.0;0.91
2023;188;309;beauce_5_sa_044;solnu;;0.0;0.0;39.46;-27.23;0.0;8.15;20.51;0.02;0.0;0;0;0;-181.52;0.0;0.02;0.0;0.0
2023;310;365;beauce_5_sa_044;BTH;;0.82;0.0;5.91;-19.38;0.0;18.47;6.22;0.0;0.0;0;0.0;0;-8.4;0.0;0.0;0.0;0.82
2023;1;216;beauce_5_sa_045;BTH;;4.69;1.84;52.9;41.41;124.19;100.84;203.93;0.1;0.0;0;73.98;0;-154.81;0.04;0.06;1.84;4.69
2023;217;292;beauce_5_sa_045;solnu;;0.0;0.0;27.7;-5.89;0.0;203.93;225.73;0.02;0.0;0;0;0;-144.16;0.0;0.01;0.0;0.0
2023;293;365;beauce_5_sa_045;BTH;;6.14;0.0;8.62;-89.06;8.73;226.03;130.34;0.08;0.0;0;5.14;0;8.84;0.08;0.0;0.0;6.14
2023;1;224;beauce_5_sa_046;BTH;;1.67;0.5;55.74;15.99;178.55;30.74;47.77;0.1;0.0;0;105.07;0;-5.84;0.05;0.05;0.5;1.67
2023;225;309;beauce_5_sa_046;solnu;;0.0;0.0;28.91;-56.33;0.0;47.77;22.95;0.01;0.0;0;0;0;-129.34;0.0;0.01;0.0;0.0
2023;310;365;beauce_5_sa_046;BTH;;0.91;1.18;6.22;-8.3;0.36;22.94;108.25;0.02;0.0;0;0.21;0;32.51;0.02;0.0;1.18;0.91
2023;1;213;beauce_5_sa_047;BTH;;3.06;0.96;52.83;33.92;85.39;63.88;133.64;0.1;0.0;0;50.25;0;-155.79;0.04;0.05;0.96;3.06
2023;214;272;beauce_5_sa_047;solnu;;0.0;0.0;23.76;-78.14;0.0;133.64;79.24;0.01;0.0;0;0;0;-124.36;0.0;0.01;0.0;0.0
2023;273;365;beauce_5_sa_047;BTH;;5.32;0.0;12.99;-10.33;34.28;77.46;42.29;0.01;0.0;0;20.17;0;40.0;0.01;0.01;0.0;5.32
2023;1;214;beauce_5_sa_048;BTH;;0.4;0.92;53.51;30.14;121.18;8.48;39.05;0.09;0.0;0;71.31;0;-114.65;0.04;0.05;0.92;0.4
2023;215;264;beauce_5_sa_048;solnu;;0.0;0.0;23.06;-58.97;0.0;39.05;6.01;0.0;0.0;0;0;0;-139.68;0.0;0.0;0.0;0.0
2023;265;365;beauce_5_sa_048;BTH;;0.71;0.0;16.92;-16.96;0.0;5.93;5.25;0.0;0.0;0;0.0;0;42.45;0.0;0.0;0.0;0.71
2023;1;195;beauce_5_sa_049;BTH;;0.11;0.0;41.95;20.05;52.04;2.49;12.3;0.04;0.0;0;30.62;0;-159.3;0.0;0.04;0.0;0.11
2023;196;278;beauce_5_sa_049;solnu;;0.0;0.0;32.44;-45.21;0.0;12.3;1.38;0.01;0.0;0;0;0;-204.95;0.0;0.01;0.0;0.0
2023;279;365;beauce_5_sa_049;BTH;;0.18;0.0;11.35;-11.24;0.0;1.49;1.32;0.0;0.0;0;0.0;0;-7.62;0.0;0.0;0.0;0.18
2023;1;177;beauce_5_sa_050;BTH;;0.98;0.0;34.46;11.26;48.44;17.7;13.98;0.03;0.0;0;28.5;0;-128.89;0.0;0.03;0.0;0.98
2023;178;266;beauce_5_sa_050;solnu;;0.11;0.0;36.39;-9.69;0.0;13.98;40.55;0.02;0.0;0;0;0;-197.29;0.0;0.02;0.0;0.11
2023;267;365;beauce_5_sa_050;BTH;;1.21;0.0;13.69;-39.34;6.0;40.81;7.8;0.0;0.0;0;3.53;0;-44.99;0.0;0.0;0.0;1.21
2023;1;193;beauce_5_sa_051;BTH;;4.28;2.22;40.65;27.23;169.29;89.08;149.47;0.11;0.0;0;102.27;0;21.54;0.06;0.04;2.22;4.28
2023;194;282;beauce_5_sa_051;solnu;;0.0;0.0;37.47;-1.36;0.0;149.47;185.55;0.02;0.0;0;0;0;-136.09;0.0;0.02;0.0;0.0
2023;283;365;beauce_5_sa_051;BTH;;2.53;0.0;10.51;-90.09;26.11;185.89;77.29;0.04;0.0;0;15.36;0;48.94;0.03;0.0;0.0;2.53
2023;1;197;beauce_5_sa_052;BTH;;0.83;0.46;43.37;10.12;78.66;17.83;26.13;0.04;0.0;0;46.29;0;-71.21;0.01;0.03;0.46;0.83
2023;198;273;beauce_5_sa_052;solnu;;0.0;0.0;31.64;-48.33;0.0;26.13;9.52;0.01;0.0;0;0;0;-137.81;0.0;0.01;0.0;0.0
2023;274;365;beauce_5_sa_052;BTH;;1.12;0.0;12.52;-13.35;0.0;9.52;8.53;0.0;0.0;0;0.0;0;-3.67;0.0;0.0;0.0;1.12
2023;1;171;beauce_5_sa_053;BTH;;8.2;2.64;32.22;37.99;156.27;194.88;99.21;0.06;0.0;0;98.11;0;-7.21;0.02;0.04;2.64;8.2
2023;172;291;beauce_5_sa_053;solnu;;0.0;0.0;44.63;-89.32;0.0;99.21;253.01;0.03;0.0;0;0;0;-179.21;0.01;0.02;0.0;0.0
2023;292;365;beauce_5_sa_053;BTH;;7.88;0.0;9.11;4.02;11.13;252.74;247.0;0.12;0.0;0;6.55;0;67.13;0.11;0.01;0.0;7.88
2023;1;210;beauce_5_sa_054;BTH;;0.26;1.31;50.96;21.38;147.86;5.71;27.95;0.05;0.0;0;87.01;0;-28.92;0.01;0.04;1.31;0.26
2023;211;277;beauce_5_sa_054;solnu;;0.0;0.0;31.3;-60.44;0.0;27.95;3.4;0.0;0.0;0;0;0;-127.29;0.0;0.0;0.0;0.0
2023;278;365;beauce_5_sa_054;BTH;;0.15;0.0;13.04;-13.25;0.0;3.29;3.04;0.0;0.0;0;0.0;0;77.05;0.0;0.0;0.0;0.15
2023;1;224;beauce_5_sa_055;BTH;;1.64;0.95;57.15;31.66;129.44;34.05;62.54;0.1;0.0;0;76.17;0;-193.01;0.04;0.05;0.95;1.64
2023;225;264;beauce_5_sa_055;solnu;;0.0;0.0;17.35;-14.68;0.0;62.54;65.21;0.0;0.0;0;0;0;-102.34;0.0;0.0;0.0;0.0
2023;265;365;beauce_5_sa_055;BTH;;2.56;0.0;15.52;-60.73;1.5;65.48;16.42;0.0;0.0;0;0.88;0;-18.22;0.0;0.0;0.0;2.56
2023;1;189;beauce_5_sa_056;BTH;;0.15;0.0;40.51;21.77;51.08;4.23;15.23;0.05;0.0;0;30.87;0;-159.08;0.01;0.04;0.0;0.15
2023;190;264;beauce_5_sa_056;solnu;;0.0;0.0;31.3;-45.57;0.0;15.23;2.36;0.01;0.0;0;0;0;-197.82;0.0;0.01;0.0;0.0
2023;265;365;beauce_5_sa_056;BTH;;0.31;0.0;15.49;-15.46;0.0;2.38;2.07;0.0;0.0;0;0.0;0;-17.84;0.0;0.0;0.0;0.31
2023;1;188;beauce_5_sa_057;BTH;;1.42;0.0;39.37;31.38;149.28;112.52;32.46;0.1;0.0;0;88.95;0;-72.11;0.06;0.04;0.0;1.42
2023;189;264;beauce_5_sa_057;solnu;;0.0;0.0;32.31;-47.05;0.0;32.46;19.63;0.01;0.0;0;0;0;-156.36;0.0;0.01;0.0;0.0
2023;265;365;beauce_5_sa_057;BTH;;2.09;1.26;15.52;-18.04;1.86;19.48;107.76;0.04;0.0;0;1.1;0;27.65;0.03;0.0;1.26;2.09
2023;1;208;beauce_5_sa_058;BTH;;3.81;1.23;48.75;24.9;109.47;74.38;126.55;0.08;0.0;0;64.42;0;-115.48;0.03;0.04;1.23;3.81
2023;209;298;beauce_5_sa_058;solnu;;0.0;0.0;31.4;-4.26;0.0;126.55;153.68;0.02;0.0;0;0;0;-150.54;0.0;0.02;0.0;0.0
2023;299;365;beauce_5_sa_058;BTH;;3.76;0.0;7.5;-85.93;4.62;153.89;66.82;0.04;0.0;0;2.72;0;7.75;0.04;0.0;0.0;3.76
2023;1;194;beauce_5_sa_059;BTH;;1.19;0.0;40.91;-3.56;43.91;17.68;10.07;0.02;0.0;0;25.84;0;-133.26;0.0;0.02;0.0;1.19
2023;195;315;beauce_5_sa_059;solnu;;0.0;0.0;37.53;-8.47;0.0;10.07;39.11;0.02;0.0;0;0;0;-185.4;0.0;0.02;0.0;0.0
2023;316;365;beauce_5_sa_059;BTH;;1.13;0.0;4.96;-34.42;0.0;39.4;8.54;0.0;0.0;0;0.0;0;-14.69;0.0;0.0;0.0;1.13
2023;1;181;beauce_5_sa_060;BTH;;1.1;0.0;35.73;18.86;51.22;20.93;23.17;0.03;0.0;0;30.14;0;-167.37;0.0;0.03;0.0;1.1
2023;182;257;beauce_5_sa_060;solnu;;0.23;0.0;32.49;-10.58;0.0;23.17;44.82;0.02;0.0;0;0;0;-192.33;0.01;0.02;0.0;0.23
2023;258;365;beauce_5_sa_060;BTH;;1.61;0.0;15.71;-44.17;4.51;45.17;10.25;0.0;0.0;0;2.65;0;-56.95;0.0;0.0;0.0;1.61
2023;1;194;beauce_5_sa_061;BTH;;1.54;0.0;39.67;9.14;147.31;30.31;24.73;0.08;0.0;0;86.68;0;-34.57;0.04;0.04;0.0;1.54
2023;195;302;beauce_5_sa_061;solnu;;0.0;0.0;37.36;-2.7;0.0;24.73;59.38;0.02;0.0;0;0;0;-156.97;0.0;0.02;0.0;0.0
2023;303;365;beauce_5_sa_061;BTH;;1.0;1.26;6.98;-49.02;0.19;59.57;112.98;0.01;0.0;0;0.11;0;-35.98;0.01;0.0;1.26;1.0
2023;1;221;beauce_5_sa_062;BTH;;0.42;0.4;56.48;23.45;76.96;8.68;41.27;0.06;0.0;0;45.29;0;-164.89;0.01;0.05;0.4;0.42
2023;222;262;beauce_5_sa_062;solnu;;0.0;0.0;18.3;-54.63;0.0;41.27;5.63;0.0;0.0;0;0;0;-117.23;0.0;0.0;0.0;0.0
2023;263;365;beauce_5_sa_062;BTH;;0.77;0.0;17.17;-17.5;0.0;5.63;4.9;0.0;0.0;0;0.0;0;27.05;0.0;0.0;0.0;0.77
2023;1;190;beauce_5_sa_063;BTH;;3.46;1.23;42.81;40.36;141.75;106.36;136.61;0.18;0.0;0;85.01;0;-69.9;0.13;0.05;1.23;3.46
2023;191;261;beauce_5_sa_063;solnu;;0.0;0.0;32.41;-84.35;0.0;136.61;84.66;0.01;0.0;0;0;0;-129.47;0.0;0.01;0.0;0.0
2023;262;365;beauce_5_sa_063;BTH;;6.03;0.54;16.95;-4.11;36.49;83.32;95.37;0.06;0.0;0;21.47;0;83.85;0.05;0.02;0.54;6.03
2023;1;188;beauce_5_sa_064;BTH;;3.31;0.91;39.96;29.62;92.61;58.63;100.27;0.11;0.0;0;56.26;0;-144.47;0.07;0.04;0.91;3.31
2023;189;265;beauce_5_sa_064;solnu;;0.0;0.0;31.63;-5.03;0.0;100.27;126.86;0.02;0.0;0;0;0;-169.59;0.0;0.02;0.0;0.0
2023;266;365;beauce_5_sa_064;BTH;;4.95;0.0;14.26;-80.23;24.32;127.35;31.61;0.0;0.0;0;14.31;0;-14.28;0.0;0.0;0.0;4.95
2023;1;194;beauce_5_sa_065;BTH;;0.67;0.0;41.15;3.23;45.8;10.62;8.5;0.03;0.0;0;26.95;0;-120.51;0.0;0.03;0.0;0.67
2023;195;304;beauce_5_sa_065;solnu;;0.0;0.0;36.18;-39.52;0.0;8.5;5.15;0.02;0.0;0;0;0;-181.07;0.0;0.02;0.0;0.0
2023;305;365;beauce_5_sa_065;BTH;;0.6;0.0;6.62;-6.79;0.0;5.1;4.57;0.0;0.0;0;0.0;0;-12.71;0.0;0.0;0.0;0.6
2023;1;185;beauce_5_sa_066;BTH;;1.29;0.0;35.41;18.19;127.46;25.59;21.8;0.08;0.0;0;75.0;0;-91.41;0.04;0.04;0.0;1.29
2023;186;288;beauce_5_sa_066;solnu;;0.0;0.0;36.94;0.48;0.0;21.8;59.03;0.02;0.0;0;0;0;-184.31;0.0;0.02;0.0;0.0
2023;289;365;beauce_5_sa_066;BTH;;0.88;0.95;8.61;-48.52;3.0;59.28;16.88;0.0;0.0;0;1.77;0;-46.66;0.0;0.0;0.95;0.88
2023;1;185;beauce_5_sa_067;BTH;;3.8;1.8;39.0;39.79;137.62;82.5;154.34;0.13;0.0;0;81.55;0;-63.61;0.08;0.05;1.8;3.8
2023;186;278;beauce_5_sa_067;solnu;;0.0;0.0;37.94;-97.81;0.0;154.34;89.14;0.02;0.0;0;0;0;-132.44;0.0;0.02;0.0;0.0
2023;279;365;beauce_5_sa_067;BTH;;4.93;0.0;11.91;10.97;32.17;88.88;74.86;0.06;0.0;0;18.93;0;61.28;0.04;0.01;0.0;4.93
2023;1;207;beauce_5_sa_068;BTH;;1.09;0.0;46.43;13.13;54.18;17.4;21.66;0.04;0.0;0;31.88;0;-238.94;0.0;0.04;0.0;1.09
2023;208;302;beauce_5_sa_068;solnu;;0.0;0.0;29.27;-9.26;0.0;21.66;41.65;0.01;0.0;0;0;0;-174.98;0.0;0.01;0.0;0.0
2023;303;365;beauce_5_sa_068;BTH;;0.97;0.0;6.65;-39.96;0.0;41.83;7.37;0.0;0.0;0;0.0;0;-23.9;0.0;0.0;0.0;0.97
2023;1;174;beauce_5_sa_069;BTH;;0.75;0.0;33.09;10.11;47.88;14.1;8.65;0.03;0.0;0;28.18;0;-105.4;0.0;0.03;0.0;0.75
2023;175;287;beauce_5_sa_069;solnu;;0.0;0.0;41.7;-42.98;0.0;8.65;7.39;0.02;0.0;0;0;0;-211.26;0.0;0.02;0.0;0.0
2023;288;365;beauce_5_sa_069;BTH;;0.96;0.0;9.17;-9.21;0.0;7.39;6.39;0.0;0.0;0;0.0;0;-12.04;0.0;0.0;0.0;0.96
2023;1;202;beauce_5_sa_070;BTH;;4.17;1.23;49.01;31.36;82.75;79.76;165.36;0.11;0.0;0;55.41;0;-108.23;0.07;0.05;1.23;4.17
2023;203;257;beauce_5_sa_070;solnu;;0.0;0.0;24.85;-11.62;0.0;165.36;178.57;0.01;0.0;0;0;0;-134.49;0.0;0.01;0.0;0.0
2023;258;365;beauce_5_sa_070;BTH;;7.67;0.0;17.1;-77.77;58.88;178.95;51.35;0.01;0.0;0;34.64;0;28.84;0.0;0.01;0.0;7.67
2023;1;202;beauce_5_sa_071;BTH;;2.76;1.1;49.26;38.47;101.01;48.34;114.86;0.14;0.0;0;60.43;0;-153.41;0.08;0.05;1.1;2.76
2023;203;260;beauce_5_sa_071;solnu;;0.0;0.0;25.47;-80.63;0.0;114.86;59.7;0.01;0.0;0;0;0;-117.65;0.0;0.01;0.0;0.0
2023;261;365;beauce_5_sa_071;BTH;;4.58;0.0;17.17;-8.64;24.46;57.01;39.16;0.02;0.0;0;14.39;0;58.15;0.01;0.01;0.0;4.58
2023;1;171;beauce_5_sa_072;BTH;;4.04;1.98;34.38;31.08;127.45;90.45;172.26;0.1;0.0;0;97.17;0;-95.46;0.06;0.04;1.98;4.04
2023;172;264;beauce_5_sa_072;solnu;;0.0;0.0;39.87;-100.33;0.0;172.26;111.75;0.05;0.0;0;0;0;-164.3;0.03;0.02;0.0;0.0
2023;265;365;beauce_5_sa_072;BTH;;5.39;0.0;16.29;17.15;56.45;111.61;83.27;0.07;0.0;0;33.22;0;79.19;0.05;0.02;0.0;5.39
2023;1;224;beauce_5_sa_073;BTH;;2.81;0.74;57.38;26.06;187.42;117.85;66.51;0.11;0.0;0;111.39;0;0.75;0.05;0.05;0.74;2.81
2023;225;300;beauce_5_sa_073;solnu;;0.0;0.0;27.55;-58.69;0.0;66.51;35.37;0.01;0.0;0;0;0;-119.73;0.0;0.01;0.0;0.0
2023;301;365;beauce_5_sa_073;BTH;;1.9;1.18;7.64;-25.42;2.67;34.7;102.15;0.05;0.0;0;1.57;0;37.59;0.04;0.0;1.18;1.9
2023;1;172;beauce_5_sa_074;BTH;;2.26;0.53;32.02;10.21;137.97;89.44;31.19;0.06;0.0;0;81.78;0;36.08;0.03;0.03;0.53;2.26
2023;173;312;beauce_5_sa_074;solnu;;0.0;0.0;45.47;-45.44;0.0;31.19;31.24;0.03;0.0;0;0;0;-149.16;0.0;0.03;0.0;0.0
2023;313;365;beauce_5_sa_074;BTH;;1.61;0.8;5.67;-19.7;1.27;30.65;76.32;0.02;0.0;0;0.75;0;-7.44;0.02;0.0;0.8;1.61
2023;1;171;beauce_5_sa_075;BTH;;4.59;1.51;32.97;26.21;107.3;99.09;157.85;0.04;0.0;0;63.14;0;-29.49;0.0;0.04;1.51;4.59
2023;172;283;beauce_5_sa_075;solnu;;0.0;0.0;43.25;-25.99;0.0;157.85;175.42;0.05;0.0;0;0;0;-191.71;0.03;0.03;0.0;0.0
2023;284;365;beauce_5_sa_075;BTH;;6.62;0.0;9.96;-56.64;24.62;172.93;97.45;0.06;0.0;0;14.49;0;30.8;0.05;0.0;0.0;6.62
2023;1;179;beauce_5_sa_076;BTH;;2.26;0.83;34.03;-7.61;81.05;45.79;50.21;0.02;0.0;0;47.69;0;-6.49;0.0;0.02;0.83;2.26
2023;180;313;beauce_5_sa_076;solnu;;0.0;0.0;45.1;1.3;0.0;50.21;96.76;0.03;0.0;0;0;0;-149.68;0.0;0.03;0.0;0.0
2023;314;365;beauce_5_sa_076;BTH;;1.77;0.0;5.5;-69.58;0.06;97.05;30.83;0.02;0.0;0;0.03;0;2.98;0.02;0.0;0.0;1.77
2023;1;187;beauce_5_sa_077;BTH;;2.32;0.4;36.49;21.72;167.53;44.7;51.09;0.09;0.0;0;98.58;0;-59.9;0.05;0.04;0.4;2.32
2023;188;291;beauce_5_sa_077;solnu;;0.0;0.0;38.0;2.55;0.0;51.09;91.61;0.03;0.0;0;0;0;-167.04;0.0;0.03;0.0;0.0
2023;292;365;beauce_5_sa_077;BTH;;1.35;1.18;8.48;-68.31;4.91;91.8;113.63;0.02;0.0;0;2.89;0;5.0;0.02;0.0;1.18;1.35
2023;1;222;beauce_5_sa_078;BTH;;0.71;0.8;57.82;44.47;96.11;20.65;86.11;0.11;0.0;0;60.81;0;-258.76;0.05;0.06;0.8;0.71
2023;223;272;beauce_5_sa_078;solnu;;0.0;0.0;22.46;-96.66;0.0;86.11;11.92;0.0;0.0;0;0;0;-41.84;0.0;0.0;0.0;0.0
2023;273;365;beauce_5_sa_078;BTH;;1.64;0.0;14.28;-0.25;6.77;11.95;17.53;0.01;0.0;0;3.99;0;36.77;0.0;0.01;0.0;1.64
2023;1;225;beauce_5_sa_079;BTH;;4.57;2.63;57.5;42.07;214.84;98.43;175.25;0.1;0.0;0;126.42;0;-85.08;0.04;0.06;2.63;4.57
2023;226;300;beauce_5_sa_079;solnu;;0.0;0.0;27.54;-70.23;0.0;175.25;132.54;0.02;0.0;0;0;0;-111.48;0.0;0.01;0.0;0.0
2023;301;365;beauce_5_sa_079;BTH;;1.49;0.0;7.73;-18.39;3.66;130.87;116.65;0.07;0.0;0;2.16;0;46.4;0.07;0.0;0.0;1.49
2023;1;217;beauce_5_sa_080;BTH;;1.24;0.25;52.55;13.9;124.76;80.13;39.25;0.08;0.0;0;73.59;0;-51.82;0.03;0.05;0.25;1.24
2023;218;293;beauce_5_sa_080;solnu;;0.0;0.0;27.9;-12.65;0.0;39.25;54.5;0.01;0.0;0;0;0;-138.9;0.0;0.01;0.0;0.0
2023;294;365;beauce_5_sa_080;BTH;;1.03;0.81;8.42;-53.16;0.36;54.81;71.59;0.01;0.0;0;0.21;0;-30.25;0.01;0.0;0.81;1.03
2023;1;214;beauce_5_sa_081;BTH;;4.75;1.55;53.1;37.68;110.21;98.91;191.03;0.15;0.0;0;65.74;0;-194.65;0.1;0.05;1.55;4.75
2023;215;267;beauce_5_sa_081;solnu;;0.0;0.0;22.09;-10.13;0.0;191.03;202.98;0.01;0.0;0;0;0;-117.45;0.0;0.01;0.0;0.0
2023;268;365;beauce_5_sa_081;BTH;;8.8;0.0;14.41;-80.17;51.44;203.6;76.95;0.04;0.0;0;30.27;0;-1.69;0.03;0.01;0.0;8.8
2023;1;185;beauce_5_sa_082;BTH;;0.87;0.83;37.03;4.27;109.25;17.98;9.88;0.04;0.0;0;64.29;0;17.31;0.01;0.03;0.83;0.87
2023;186;292;beauce_5_sa_082;solnu;;0.0;0.0;39.33;-42.7;0.0;9.88;8.85;0.02;0.0;0;0;0;-150.47;0.0;0.02;0.0;0.0
2023;293;365;beauce_5_sa_082;BTH;;0.44;0.0;8.64;-11.43;0.0;8.99;8.55;0.0;0.0;0;0.0;0;-19.32;0.0;0.0;0.0;0.44
2023;1;220;beauce_5_sa_083;BTH;;5.48;2.21;56.06;31.82;139.49;118.21;226.92;0.08;0.0;0;82.08;0;-36.39;0.03;0.05;2.21;5.48
2023;221;311;beauce_5_sa_083;solnu;;0.0;0.0;31.67;-102.24;0.0;226.92;156.34;0.01;0.0;0;0;0;-86.21;0.0;0.01;0.0;0.0
2023;312;365;beauce_5_sa_083;BTH;;4.56;0.0;6.09;0.62;1.68;156.05;156.7;0.1;0.0;0;0.99;0;47.75;0.09;0.0;0.0;4.56
2023;1;184;beauce_5_sa_084;BTH;;0.08;0.0;37.06;15.98;49.76;1.6;4.75;0.03;0.0;0;29.28;0;-125.48;0.0;0.03;0.0;0.08
2023;185;283;beauce_5_sa_084;solnu;;0.0;0.0;37.95;-43.46;0.0;4.75;1.05;0.01;0.0;0;0;0;-205.57;0.0;0.01;0.0;0.0
2023;284;365;beauce_5_sa_084;BTH;;0.13;0.0;9.94;-9.85;0.0;1.05;1.01;0.0;0.0;0;0.0;0;-6.29;0.0;0.0;0.0;0.13
2023;1;188;beauce_5_sa_085;BTH;;3.53;1.25;40.68;38.25;102.02;75.97;143.19;0.1;0.0;0;60.04;0;-99.77;0.05;0.05;1.25;3.53
2023;189;272;beauce_5_sa_085;solnu;;0.0;0.0;35.03;-74.34;0.0;143.19;103.87;0.02;0.0;0;0;0;-165.49;0.0;0.02;0.0;0.0
2023;273;365;beauce_5_sa_085;BTH;;6.27;0.0;12.92;-11.49;41.35;101.92;57.65;0.03;0.0;0;24.33;0;44.95;0.02;0.01;0.0;6.27
2023;1;184;beauce_5_sa_086;BTH;;2.52;0.0;35.45;29.02;136.51;107.89;31.75;0.08;0.0;0;81.5;0;-76.41;0.04;0.04;0.0;2.52
2023;185;299;beauce_5_sa_086;solnu;;0.0;0.0;39.89;2.42;0.0;31.75;74.3;0.03;0.0;0;0;0;-194.99;0.0;0.03;0.0;0.0
2023;300;365;beauce_5_sa_086;BTH;;4.01;1.24;7.14;-72.11;2.67;74.42;96.05;0.06;0.0;0;1.57;0;-19.44;0.06;0.0;1.24;4.01
2023;1;205;beauce_5_sa_087;BTH;;0.89;0.0;46.75;17.19;93.15;57.37;27.2;0.07;0.0;0;54.99;0;-87.74;0.03;0.04;0.0;0.89
2023;206;290;beauce_5_sa_087;solnu;;0.0;0.0;29.9;-49.86;0.0;27.2;11.89;0.01;0.0;0;0;0;-203.14;0.0;0.01;0.0;0.0
2023;291;365;beauce_5_sa_087;BTH;;1.48;0.56;8.87;-10.35;0.36;11.89;50.7;0.01;0.0;0;0.21;0;11.87;0.01;0.0;0.56;1.48
2023;1;201;beauce_5_sa_088;BTH;;3.96;1.61;44.25;40.52;135.0;85.11;151.32;0.09;0.0;0;81.34;0;-149.04;0.04;0.05;1.61;3.96
2023;202;291;beauce_5_sa_088;solnu;;0.0;0.0;34.07;2.76;0.0;151.32;188.13;0.02;0.0;0;0;0;-181.64;0.0;0.02;0.0;0.0
2023;292;365;beauce_5_sa_088;BTH;;3.04;0.0;8.6;-88.69;11.13;188.35;93.81;0.06;0.0;0;6.55;0;-2.18;0.06;0.0;0.0;3.04
2023;1;211;beauce_5_sa_089;BTH;;0.92;0.0;49.47;16.98;49.53;15.29;31.24;0.04;0.0;0;29.15;0;-210.58;0.0;0.04;0.0;0.92
2023;212;280;beauce_5_sa_089;solnu;;0.0;0.0;24.53;-47.28;0.0;31.24;8.48;0.01;0.0;0;0;0;-156.89;0.0;0.01;0.0;0.0
2023;281;365;beauce_5_sa_089;BTH;;0.99;0.0;10.27;-11.16;0.0;7.99;6.61;0.0;0.0;0;0.0;0;-19.77;0.0;0.0;0.0;0.99
2023;1;228;beauce_5_sa_090;BTH;;1.15;0.92;61.21;27.13;154.04;50.55;52.68;0.09;0.0;0;91.75;0;-84.84;0.04;0.05;0.92;1.15
2023;229;286;beauce_5_sa_090;solnu;;0.0;0.0;22.93;-63.87;0.0;52.68;14.95;0.0;0.0;0;0;0;-100.56;0.0;0.0;0.0;0.0
2023;287;365;beauce_5_sa_090;BTH;;0.82;0.51;10.54;-13.35;1.86;14.98;47.93;0.02;0.0;0;1.1;0;65.85;0.02;0.0;0.51;0.82
2023;1;172;beauce_5_sa_091;BTH;;1.5;0.41;32.75;11.08;59.49;28.81;40.57;0.03;0.0;0;35.01;0;-65.81;0.0;0.03;0.41;1.5
2023;173;302;beauce_5_sa_091;solnu;;0.0;0.0;45.25;-69.37;0.0;40.57;16.53;0.03;0.0;0;0;0;-189.94;0.01;0.02;0.0;0.0
2023;303;365;beauce_5_sa_091;BTH;;1.95;0.0;7.14;-5.93;0.0;16.53;15.78;0.0;0.0;0;0.0;0;9.52;0.0;0.0;0.0;1.95
2023;1;217;beauce_5_sa_092;BTH;;1.16;0.0;52.06;18.08;48.78;18.29;38.44;0.05;0.0;0;28.7;0;-235.92;0.0;0.04;0.0;1.16
2023;218;274;beauce_5_sa_092;solnu;;0.0;0.0;21.01;-15.85;0.0;38.44;43.59;0.01;0.0;0;0;0;-135.29;0.0;0.01;0.0;0.0
2023;275;365;beauce_5_sa_092;BTH;;1.22;0.0;11.49;-39.88;6.0;43.83;8.1;0.0;0.0;0;3.53;0;-35.33;0.0;0.0;0.0;1.22
2023;1;212;beauce_5_sa_093;BTH;;0.73;0.88;50.15;6.17;110.87;14.78;25.18;0.05;0.0;0;65.24;0;-19.79;0.01;0.03;0.88;0.73
2023;213;307;beauce_5_sa_093;solnu;;0.0;0.0;31.85;-52.47;0.0;25.18;7.15;0.01;0.0;0;0;0;-134.34;0.0;0.01;0.0;0.0
2023;308;365;beauce_5_sa_093;BTH;;0.29;0.0;6.42;-8.0;0.0;7.15;6.91;0.0;0.0;0;0.0;0;-1.08;0.0;0.0;0.0;0.29
2023;1;215;beauce_5_sa_094;BTH;;1.8;1.19;52.13;11.22;127.97;34.45;56.88;0.07;0.0;0;75.3;0;-23.25;0.03;0.04;1.19;1.8
2023;216;314;beauce_5_sa_094;solnu;;0.0;0.0;33.4;-73.68;0.0;56.88;16.64;0.01;0.0;0;0;0;-95.34;0.0;0.01;0.0;0.0
2023;315;365;beauce_5_sa_094;BTH;;0.65;0.0;5.4;-5.4;0.0;16.65;15.98;0.0;0.0;0;0.0;0;30.48;0.0;0.0;0.0;0.65
2023;1;187;beauce_5_sa_095;BTH;;3.9;1.15;41.62;26.0;80.58;73.69;143.09;0.1;0.0;0;54.61;0;-81.01;0.06;0.04;1.15;3.9
2023;188;257;beauce_5_sa_095;solnu;;0.0;0.0;31.18;-8.88;0.0;143.09;165.37;0.02;0.0;0;0;0;-144.46;0.0;0.02;0.0;0.0
2023;258;365;beauce_5_sa_095;BTH;;7.06;0.0;16.74;-78.39;49.75;165.76;46.91;0.01;0.0;0;29.27;0;31.79;0.0;0.01;0.0;7.06
2023;1;194;beauce_5_sa_096;BTH;;0.11;0.0;42.01;19.42;50.27;2.31;13.31;0.04;0.0;0;29.58;0;-146.98;0.0;0.04;0.0;0.11
2023;195;274;beauce_5_sa_096;solnu;;0.0;0.0;32.04;-44.98;0.0;13.31;1.46;0.01;0.0;0;0;0;-195.23;0.0;0.01;0.0;0.0
2023;275;365;beauce_5_sa_096;BTH;;0.19;0.0;12.36;-12.31;0.0;1.4;1.32;0.0;0.0;0;0.0;0;-10.57;0.0;0.0;0.0;0.19
2023;1;190;beauce_5_sa_097;BTH;;7.01;2.45;38.21;36.69;152.96;150.51;248.98;0.11;0.0;0;97.54;0;-71.72;0.06;0.05;2.45;7.01
2023;191;286;beauce_5_sa_097;solnu;;0.0;0.0;37.38;6.93;0.0;248.98;293.26;0.03;0.0;0;0;0;-170.84;0.0;0.03;0.0;0.0
2023;287;365;beauce_5_sa_097;BTH;;4.97;0.0;9.41;-87.96;20.13;293.56;189.53;0.09;0.0;0;11.84;0;12.45;0.09;0.0;0.0;4.97
2023;1;193;beauce_5_sa_098;BTH;;3.12;1.37;42.29;21.82;106.81;66.39;122.83;0.08;0.0;0;62.85;0;-24.82;0.04;0.04;1.37;3.12
2023;194;290;beauce_5_sa_098;solnu;;0.0;0.0;37.66;-71.83;0.0;122.83;88.64;0.02;0.0;0;0;0;-147.66;0.0;0.02;0.0;0.0
2023;291;365;beauce_5_sa_098;BTH;;4.75;0.0;9.24;-19.88;12.62;87.16;60.59;0.04;0.0;0;7.43;0;50.1;0.03;0.0;0.0;4.75
2023;1;174;beauce_5_sa_099;BTH;;2.49;1.28;32.68;7.65;121.34;53.43;64.4;0.05;0.0;0;71.4;0;22.22;0.02;0.02;1.28;2.49
2023;175;316;beauce_5_sa_099;solnu;;0.0;0.0;43.67;-78.12;0.0;64.4;30.11;0.02;0.0;0;0;0;-102.1;0.0;0.02;0.0;0.0
2023;317;365;beauce_5_sa_099;BTH;;1.19;0.0;5.09;-4.96;0.0;30.11;29.05;0.0;0.0;0;0.0;0;31.45;0.0;0.0;0.0;1.19
2024;1;174;beauce_5_sa_000;BTH;;1.16;0.0;31.22;16.75;76.17;38.49;9.08;0.06;0.0;0;45.03;0;-3.6;0.03;0.03;0.0;1.16
2024;175;258;beauce_5_sa_000;solnu;;1.25;0.0;39.24;-47.69;0.0;9.08;6.37;0.02;0.01;0;0;0;-227.92;0.01;0.01;0.0;1.25
2024;259;366;beauce_5_sa_000;BTH;;0.34;0.48;22.3;-7.96;9.62;6.48;47.04;0.02;0.0;0;5.66;0;52.41;0.01;0.01;0.48;0.34
2024;1;178;beauce_5_sa_001;BTH;;3.11;0.0;31.79;12.57;62.7;30.7;9.22;0.04;0.0;0;36.89;0;-72.25;0.01;0.03;0.0;3.11
2024;179;312;beauce_5_sa_001;solnu;;2.02;0.0;50.69;1.78;0.0;9.22;59.55;0.09;0.03;0;0;0;-275.1;0.05;0.03;0.0;2.02
2024;313;366;beauce_5_sa_001;BTH;;0.52;0.22;6.94;-49.29;0.0;59.72;16.67;0.0;0.0;0;0.0;0;-16.63;0.0;0.0;0.22;0.52
2024;1;180;beauce_5_sa_002;BTH;;2.84;0.73;33.62;17.58;108.78;14.41;8.47;0.06;0.01;0;64.61;0;35.28;0.03;0.03;0.73;2.84
2024;181;305;beauce_5_sa_002;solnu;;1.45;0.0;50.65;9.96;0.0;8.47;67.5;0.09;0.04;0;0;0;-197.24;0.06;0.04;0.0;1.45
2024;306;366;beauce_5_sa_002;BTH;;0.81;0.2;8.59;-68.99;1.45;67.75;20.53;0.02;0.0;0;0.85;0;-9.44;0.01;0.0;0.2;0.81
2024;1;202;beauce_5_sa_003;BTH;;1.81;0.45;41.51;17.19;83.62;7.78;14.45;0.04;0.0;0;52.74;0;-87.36;0.01;0.04;0.45;1.81
2024;203;286;beauce_5_sa_003;solnu;;1.27;0.0;34.84;-5.28;0.0;14.45;42.67;0.04;0.03;0;0;0;-167.06;0.02;0.02;0.0;1.27
2024;287;366;beauce_5_sa_003;BTH;;0.46;0.0;12.67;-46.29;0.0;43.09;10.46;0.0;0.0;0;0.0;0;-51.8;0.0;0.0;0.0;0.46
2024;1;217;beauce_5_sa_004;BTH;;1.96;1.03;49.12;12.1;129.92;10.01;16.69;0.08;0.03;0;76.45;0;40.47;0.04;0.04;1.03;1.96
2024;218;310;beauce_5_sa_004;solnu;;0.64;0.0;35.23;-6.17;0.0;16.69;40.04;0.05;0.01;0;0;0;-120.91;0.03;0.02;0.0;0.64
2024;311;366;beauce_5_sa_004;BTH;;0.26;0.0;7.57;-43.48;0.0;40.3;8.61;0.0;0.0;0;0.0;0;-57.92;0.0;0.0;0.0;0.26
2024;1;177;beauce_5_sa_005;BTH;;22.49;2.82;33.99;52.37;204.95;160.06;228.5;0.24;0.02;0;134.17;0;36.48;0.19;0.05;2.82;22.49
2024;178;285;beauce_5_sa_005;solnu;;8.82;0.0;47.81;14.68;0.0;228.5;282.77;0.27;0.12;0;0;0;-170.14;0.24;0.04;0.0;8.82
2024;286;366;beauce_5_sa_005;BTH;;8.06;0.0;14.32;-75.37;25.6;283.2;188.03;0.03;0.0;0;15.07;0;47.51;0.02;0.01;0.0;8.06
2024;1;224;beauce_5_sa_006;BTH;;3.15;1.08;51.71;30.85;144.52;15.92;31.33;0.16;0.05;0;85.04;0;-75.85;0.11;0.05;1.08;3.15
2024;225;302;beauce_5_sa_006;solnu;;1.79;0.0;28.87;-3.95;0.0;31.33;54.39;0.04;0.02;0;0;0;-122.13;0.03;0.02;0.0;1.79
2024;303;366;beauce_5_sa_006;BTH;;0.86;0.0;8.73;-45.0;0.0;54.67;21.09;0.01;0.0;0;0.0;0;-64.21;0.0;0.0;0.0;0.86
2024;1;231;beauce_5_sa_007;BTH;;3.17;0.0;52.36;29.26;62.8;11.58;27.21;0.07;0.02;0;36.95;0;-284.06;0.02;0.05;0.0;3.17
2024;232;315;beauce_5_sa_007;solnu;;1.21;0.0;26.0;-8.89;0.0;27.21;43.05;0.05;0.02;0;0;0;-170.81;0.03;0.01;0.0;1.21
2024;316;366;beauce_5_sa_007;BTH;;0.49;0.0;6.14;-34.1;0.0;43.37;16.14;0.0;0.0;0;0.0;0;-54.74;0.0;0.0;0.0;0.49
2024;1;219;beauce_5_sa_008;BTH;;2.22;1.07;54.31;28.54;129.67;5.44;36.38;0.17;0.06;0;76.31;0;-75.57;0.12;0.05;1.07;2.22
2024;220;267;beauce_5_sa_008;solnu;;2.27;0.0;23.24;-47.56;0.0;36.38;20.55;0.0;0.0;0;0;0;-213.08;0.0;0.0;0.0;2.27
2024;268;366;beauce_5_sa_008;BTH;;1.03;0.0;18.61;-17.68;0.45;20.56;20.0;0.0;0.0;0;0.27;0;100.3;0.0;0.0;0.0;1.03
2024;1;198;beauce_5_sa_009;BTH;;20.28;2.0;41.55;59.87;197.19;135.57;167.61;0.12;0.0;0;119.05;0;-45.01;0.06;0.06;2.0;20.28
2024;199;298;beauce_5_sa_009;solnu;;9.5;0.0;41.13;8.08;0.0;167.61;207.28;0.25;0.1;0;0;0;-183.5;0.22;0.03;0.0;9.5
2024;299;366;beauce_5_sa_009;BTH;;4.94;0.0;9.92;-83.89;4.76;207.5;123.59;0.02;0.0;0;2.8;0;25.91;0.02;0.0;0.0;4.94
2024;1;223;beauce_5_sa_010;BTH;;1.1;0.0;51.58;24.21;40.95;3.48;37.16;0.1;0.03;0;24.1;0;-207.75;0.05;0.05;0.0;1.1
2024;224;263;beauce_5_sa_010;solnu;;1.73;0.0;18.57;-33.8;0.0;37.16;21.86;0.02;0.02;0;0;0;-144.41;0.02;0.0;0.0;1.73
2024;264;366;beauce_5_sa_010;BTH;;1.17;0.0;19.5;-17.7;1.73;22.13;20.77;0.0;0.0;0;1.02;0;-22.87;0.0;0.0;0.0;1.17
2024;1;210;beauce_5_sa_011;BTH;;1.93;1.14;45.67;10.39;136.35;9.65;12.46;0.12;0.02;0;80.24;0;68.42;0.08;0.04;1.14;1.93
2024;211;308;beauce_5_sa_011;solnu;;0.54;0.0;39.13;-41.59;0.0;12.46;10.17;0.05;0.02;0;0;0;-122.04;0.03;0.02;0.0;0.54
2024;309;366;beauce_5_sa_011;BTH;;0.31;0.0;8.02;-11.24;0.0;10.17;9.89;0.0;0.0;0;0.0;0;-25.85;0.0;0.0;0.0;0.31
2024;1;193;beauce_5_sa_012;BTH;;1.13;0.56;37.92;-0.44;78.94;5.72;3.9;0.07;0.01;0;46.45;0;21.97;0.05;0.02;0.56;1.13
2024;194;309;beauce_5_sa_012;solnu;;0.45;0.0;45.36;-42.76;0.0;3.9;6.8;0.04;0.01;0;0;0;-161.29;0.02;0.02;0.0;0.45
2024;310;366;beauce_5_sa_012;BTH;;0.21;0.0;7.8;-8.49;0.0;6.98;6.62;0.0;0.0;0;0.0;0;0.24;0.0;0.0;0.0;0.21
2024;1;227;beauce_5_sa_013;BTH;;5.52;0.15;52.75;39.23;104.84;37.54;31.17;0.09;0.03;0;62.44;0;-154.17;0.03;0.06;0.15;5.52
2024;228;299;beauce_5_sa_013;solnu;;1.61;0.0;26.27;-9.48;0.0;31.17;46.29;0.04;0.02;0;0;0;-150.44;0.02;0.01;0.0;1.61
2024;300;366;beauce_5_sa_013;BTH;;0.82;0.48;9.09;-56.62;3.29;46.48;34.08;0.02;0.0;0;1.93;0;-67.82;0.02;0.0;0.48;0.82
2024;1;225;beauce_5_sa_014;BTH;;1.86;0.0;51.91;12.04;50.0;6.59;18.67;0.06;0.02;0;29.42;0;-167.17;0.02;0.04;0.0;1.86
2024;226;316;beauce_5_sa_014;solnu;;0.86;0.0;30.42;-37.65;0.0;18.67;10.59;0.03;0.01;0;0;0;-175.89;0.02;0.01;0.0;0.86
2024;317;366;beauce_5_sa_014;BTH;;0.31;0.0;6.28;-7.32;0.0;10.44;10.13;0.0;0.0;0;0.0;0;-27.17;0.0;0.0;0.0;0.31
2024;1;201;beauce_5_sa_015;BTH;;3.23;0.54;42.4;26.07;84.02;13.79;35.24;0.05;0.0;0;50.53;0;-98.17;0.01;0.04;0.54;3.23
2024;202;257;beauce_5_sa_015;solnu;;3.05;0.0;26.95;-9.39;0.0;35.24;49.61;0.08;0.06;0;0;0;-125.55;0.07;0.01;0.0;3.05
2024;258;366;beauce_5_sa_015;BTH;;1.36;0.0;21.96;-47.39;3.62;50.04;22.16;0.0;0.0;0;2.13;0;-71.29;0.0;0.0;0.0;1.36
2024;1;215;beauce_5_sa_016;BTH;;2.31;0.0;46.95;20.21;38.92;9.92;35.82;0.04;0.0;0;25.55;0;-172.69;0.0;0.04;0.0;2.31
2024;216;262;beauce_5_sa_016;solnu;;2.82;0.0;22.16;-14.87;0.0;35.82;40.17;0.07;0.05;0;0;0;-151.92;0.06;0.01;0.0;2.82
2024;263;366;beauce_5_sa_016;BTH;;1.18;0.0;19.84;-38.5;0.45;40.77;20.75;0.0;0.0;0;0.26;0;-52.05;0.0;0.0;0.0;1.18
2024;1;185;beauce_5_sa_017;BTH;;39.42;1.82;37.23;49.61;200.49;288.4;270.26;0.18;0.01;0;118.48;0;33.49;0.13;0.05;1.82;39.42
2024;186;316;beauce_5_sa_017;solnu;;20.06;0.0;52.37;-82.12;0.0;270.26;220.86;0.27;0.11;0;0;0;-116.75;0.23;0.03;0.0;20.06
2024;317;366;beauce_5_sa_017;BTH;;6.43;1.11;7.02;10.42;2.77;221.0;312.52;0.06;0.0;0;1.63;0;47.36;0.05;0.01;1.11;6.43
2024;1;198;beauce_5_sa_018;BTH;;0.83;0.0;39.54;6.84;46.06;4.23;2.26;0.03;0.0;0;27.1;0;-113.49;0.0;0.03;0.0;0.83
2024;199;313;beauce_5_sa_018;solnu;;0.39;0.0;42.06;-41.41;0.0;2.26;2.88;0.02;0.01;0;0;0;-213.61;0.0;0.02;0.0;0.39
2024;314;366;beauce_5_sa_018;BTH;;0.08;0.0;6.73;-6.78;0.0;2.83;2.75;0.0;0.0;0;0.0;0;-7.52;0.0;0.0;0.0;0.08
2024;1;183;beauce_5_sa_019;BTH;;2.71;0.0;32.09;21.58;56.58;13.77;8.14;0.03;0.0;0;33.3;0;-164.99;0.0;0.03;0.0;2.71
2024;184;313;beauce_5_sa_019;solnu;;1.74;0.0;46.73;6.57;0.0;8.14;59.58;0.09;0.03;0;0;0;-305.13;0.05;0.03;0.0;1.74
2024;314;366;beauce_5_sa_019;BTH;;0.49;0.0;6.47;-49.7;0.0;59.76;15.86;0.0;0.0;0;0.0;0;-31.19;0.0;0.0;0.0;0.49
2024;1;198;beauce_5_sa_020;BTH;;1.85;0.74;42.53;16.63;99.49;8.94;22.39;0.06;0.0;0;58.55;0;-9.34;0.02;0.04;0.74;1.85
2024;199;268;beauce_5_sa_020;solnu;;1.79;0.0;33.28;-42.01;0.0;22.39;16.26;0.05;0.04;0;0;0;-171.72;0.04;0.01;0.0;1.79
2024;269;366;beauce_5_sa_020;BTH;;0.87;0.0;18.54;-19.94;0.0;16.26;15.5;0.0;0.0;0;0.0;0;18.11;0.0;0.0;0.0;0.87
2024;1;171;beauce_5_sa_021;BTH;;47.03;2.77;30.19;39.28;197.75;304.62;335.99;0.14;0.0;0;117.26;0;26.04;0.09;0.04;2.77;47.03
2024;172;313;beauce_5_sa_021;solnu;;26.7;0.0;56.18;24.28;0.0;335.99;390.08;0.36;0.13;0;0;0;-224.1;0.31;0.05;0.0;26.7
2024;314;366;beauce_5_sa_021;BTH;;8.32;0.0;7.19;-86.28;3.29;390.28;299.36;0.03;0.0;0;1.93;0;10.78;0.03;0.0;0.0;8.32
2024;1;220;beauce_5_sa_022;BTH;;26.81;2.1;57.53;57.84;148.49;107.12;203.87;0.38;0.14;0;123.22;0;-110.1;0.31;0.07;2.1;26.81
2024;221;263;beauce_5_sa_022;solnu;;13.8;0.0;21.82;-11.48;0.0;203.87;200.29;0.07;0.06;0;0;0;-113.77;0.06;0.01;0.0;13.8
2024;264;366;beauce_5_sa_022;BTH;;8.22;0.0;20.93;-61.07;11.89;200.76;140.04;0.0;0.0;0;7.0;0;86.41;0.0;0.0;0.0;8.22
2024;1;180;beauce_5_sa_023;BTH;;6.99;1.49;35.43;41.35;121.83;34.51;94.05;0.1;0.01;0;89.99;0;13.68;0.05;0.05;1.49;6.99
2024;181;264;beauce_5_sa_023;solnu;;9.58;0.0;41.43;3.91;0.0;94.05;129.52;0.2;0.1;0;0;0;-158.35;0.17;0.03;0.0;9.58
2024;265;366;beauce_5_sa_023;BTH;;3.97;0.0;20.75;-70.11;7.7;130.19;68.47;0.0;0.0;0;4.53;0;43.71;0.0;0.0;0.0;3.97
2024;1;229;beauce_5_sa_024;BTH;;0.77;0.0;54.57;21.48;44.93;2.56;32.87;0.09;0.03;0;26.44;0;-231.6;0.04;0.05;0.0;0.77
2024;230;276;beauce_5_sa_024;solnu;;1.37;0.0;20.21;-36.23;0.0;32.87;18.67;0.02;0.02;0;0;0;-158.35;0.02;0.0;0.0;1.37
2024;277;366;beauce_5_sa_024;BTH;;0.99;0.0;15.05;-13.92;0.0;18.59;18.81;0.0;0.0;0;0.0;0;-16.66;0.0;0.0;0.0;0.99
2024;1;183;beauce_5_sa_025;BTH;;7.11;1.0;35.34;38.71;92.3;31.7;81.38;0.13;0.02;0;71.37;0;-46.43;0.08;0.04;1.0;7.11
2024;184;265;beauce_5_sa_025;solnu;;8.36;0.0;39.48;0.92;0.0;81.38;113.16;0.17;0.09;0;0;0;-179.87;0.14;0.03;0.0;8.36
2024;266;366;beauce_5_sa_025;BTH;;3.31;0.0;19.64;-64.38;6.32;113.55;58.99;0.0;0.0;0;3.72;0;8.57;0.0;0.0;0.0;3.31
2024;1;199;beauce_5_sa_026;BTH;;1.44;0.0;40.45;8.61;38.54;6.86;15.86;0.03;0.0;0;27.1;0;-112.04;0.0;0.03;0.0;1.44
2024;200;276;beauce_5_sa_026;solnu;;1.11;0.0;33.98;-10.39;0.0;15.86;38.27;0.04;0.03;0;0;0;-193.85;0.03;0.02;0.0;1.11
2024;277;366;beauce_5_sa_026;BTH;;0.5;0.0;14.99;-39.75;3.0;38.58;10.27;0.0;0.0;0;1.77;0;-41.05;0.0;0.0;0.0;0.5
2024;1;172;beauce_5_sa_027;BTH;;3.6;0.0;28.62;19.31;52.69;18.26;9.97;0.03;0.0;0;31.4;0;-100.89;0.0;0.03;0.0;3.6
2024;173;313;beauce_5_sa_027;solnu;;2.46;0.0;52.23;0.41;0.0;9.97;60.04;0.09;0.03;0;0;0;-335.8;0.05;0.03;0.0;2.46
2024;314;366;beauce_5_sa_027;BTH;;0.56;0.0;6.64;-48.0;0.0;60.21;18.12;0.0;0.0;0;0.0;0;-22.75;0.0;0.0;0.0;0.56
2024;1;187;beauce_5_sa_028;BTH;;2.33;0.0;34.02;22.96;46.06;10.17;18.72;0.04;0.0;0;29.75;0;-151.46;0.0;0.03;0.0;2.33
2024;188;262;beauce_5_sa_028;solnu;;1.81;0.0;33.46;-5.43;0.0;18.72;44.83;0.07;0.04;0;0;0;-210.46;0.05;0.02;0.0;1.81
2024;263;366;beauce_5_sa_028;BTH;;0.95;0.0;19.39;-46.04;0.28;45.54;16.95;0.0;0.0;0;0.16;0;-82.51;0.0;0.0;0.0;0.95
2024;1;184;beauce_5_sa_029;BTH;;1.02;0.0;33.98;6.26;39.63;5.2;3.31;0.02;0.0;0;23.32;0;-86.82;0.0;0.02;0.0;1.02
2024;185;298;beauce_5_sa_029;solnu;;0.59;0.0;45.73;-41.74;0.0;3.31;6.69;0.03;0.02;0;0;0;-231.77;0.01;0.02;0.0;0.59
2024;299;366;beauce_5_sa_029;BTH;;0.26;0.0;9.44;-9.36;0.0;6.7;6.5;0.0;0.0;0;0.0;0;-13.81;0.0;0.0;0.0;0.26
2024;1;197;beauce_5_sa_030;BTH;;2.76;0.42;40.43;16.87;102.91;31.58;14.78;0.09;0.01;0;60.67;0;-13.5;0.05;0.04;0.42;2.76
2024;198;280;beauce_5_sa_030;solnu;;1.46;0.0;37.24;-41.1;0.0;14.78;11.94;0.04;0.03;0;0;0;-186.36;0.02;0.01;0.0;1.46
2024;281;366;beauce_5_sa_030;BTH;;0.64;0.32;14.62;-17.58;0.28;11.94;34.28;0.0;0.0;0;0.16;0;0.3;0.0;0.0;0.32;0.64
2024;1;193;beauce_5_sa_031;BTH;;8.98;1.29;40.25;42.73;94.05;52.82;128.95;0.14;0.01;0;78.77;0;-92.3;0.09;0.05;1.29;8.98
2024;194;257;beauce_5_sa_031;solnu;;14.01;0.0;32.77;-56.03;0.0;128.95;92.67;0.18;0.11;0;0;0;-176.08;0.17;0.01;0.0;14.01
2024;258;366;beauce_5_sa_031;BTH;;5.08;0.0;23.06;-17.86;14.13;92.67;79.57;0.01;0.0;0;8.32;0;53.15;0.0;0.01;0.0;5.08
2024;1;176;beauce_5_sa_032;BTH;;9.32;1.46;33.32;40.62;118.69;57.62;111.52;0.16;0.02;0;93.32;0;-13.31;0.11;0.04;1.46;9.32
2024;177;275;beauce_5_sa_032;solnu;;10.72;0.0;46.42;-34.87;0.0;111.52;112.88;0.21;0.1;0;0;0;-197.97;0.18;0.03;0.0;10.72
2024;276;366;beauce_5_sa_032;BTH;;4.27;0.0;16.78;-41.2;0.0;104.87;84.19;0.0;0.0;0;0.0;0;68.81;0.0;0.0;0.0;4.27
2024;1;230;beauce_5_sa_033;BTH;;30.2;2.59;62.23;73.28;191.33;141.54;248.69;0.57;0.17;0;139.17;0;-188.59;0.49;0.08;2.59;30.2
2024;231;271;beauce_5_sa_033;solnu;;20.62;0.0;19.15;-10.67;0.0;248.69;236.4;0.06;0.1;0;0;0;-103.46;0.06;0.01;0.0;20.62
2024;272;366;beauce_5_sa_033;BTH;;9.19;0.0;17.62;-57.87;4.94;236.83;182.01;0.0;0.0;0;2.9;0;37.4;0.0;0.0;0.0;9.19
2024;1;209;beauce_5_sa_034;BTH;;7.81;0.0;45.07;29.64;98.2;55.98;24.81;0.06;0.0;0;59.78;0;-19.31;0.01;0.05;0.0;7.81
2024;210;294;beauce_5_sa_034;solnu;;3.47;0.0;35.59;-41.17;0.0;24.81;17.92;0.03;0.02;0;0;0;-201.06;0.01;0.02;0.0;3.47
2024;295;366;beauce_5_sa_034;BTH;;0.76;0.8;10.37;-23.23;3.99;17.67;63.24;0.03;0.0;0;2.35;0;-22.01;0.03;0.0;0.8;0.76
2024;1;225;beauce_5_sa_035;BTH;;9.41;1.1;57.56;55.39;142.18;44.41;87.84;0.32;0.1;0;84.63;0;-118.0;0.25;0.07;1.1;9.41
2024;226;272;beauce_5_sa_035;solnu;;5.31;0.0;21.89;-48.56;0.0;87.84;61.48;0.04;0.04;0;0;0;-162.07;0.03;0.0;0.0;5.31
2024;273;366;beauce_5_sa_035;BTH;;3.29;0.21;17.59;-19.63;2.34;61.48;70.14;0.01;0.0;0;1.38;0;51.94;0.01;0.0;0.21;3.29
2024;1;177;beauce_5_sa_036;BTH;;3.96;0.47;32.04;31.52;86.55;22.06;28.68;0.05;0.0;0;52.18;0;-71.02;0.01;0.04;0.47;3.96
2024;178;310;beauce_5_sa_036;solnu;;3.64;0.0;51.7;-47.83;0.0;28.68;29.11;0.12;0.05;0;0;0;-273.66;0.08;0.03;0.0;3.64
2024;311;366;beauce_5_sa_036;BTH;;0.88;0.0;7.49;-7.72;0.0;29.28;28.23;0.0;0.0;0;0.0;0;1.38;0.0;0.0;0.0;0.88
2024;1;197;beauce_5_sa_037;BTH;;2.7;1.26;42.72;20.81;138.54;13.47;29.96;0.08;0.0;0;81.52;0;48.23;0.04;0.04;1.26;2.7
2024;198;274;beauce_5_sa_037;solnu;;2.37;0.0;37.26;-43.66;0.0;29.96;24.02;0.08;0.06;0;0;0;-151.01;0.06;0.02;0.0;2.37
2024;275;366;beauce_5_sa_037;BTH;;1.26;0.0;17.06;-19.02;0.0;23.73;22.35;0.0;0.0;0;0.0;0;42.01;0.0;0.0;0.0;1.26
2024;1;223;beauce_5_sa_038;BTH;;1.82;0.14;51.76;14.16;56.99;6.23;23.78;0.07;0.03;0;33.53;0;-135.3;0.03;0.04;0.14;1.82
2024;224;290;beauce_5_sa_038;solnu;;1.04;0.0;26.46;-40.0;0.0;23.78;13.39;0.01;0.01;0;0;0;-200.16;0.01;0.0;0.0;1.04
2024;291;366;beauce_5_sa_038;BTH;;0.71;0.0;11.69;-12.13;0.0;13.39;12.7;0.0;0.0;0;0.0;0;12.4;0.0;0.0;0.0;0.71
2024;1;185;beauce_5_sa_039;BTH;;3.12;0.0;34.61;16.77;67.6;28.55;8.38;0.04;0.0;0;40.68;0;-35.58;0.01;0.03;0.0;3.12
2024;186;310;beauce_5_sa_039;solnu;;1.65;0.0;47.95;-44.08;0.0;8.38;11.34;0.04;0.02;0;0;0;-226.21;0.02;0.02;0.0;1.65
2024;311;366;beauce_5_sa_039;BTH;;0.38;0.4;7.38;-15.59;3.29;11.5;29.28;0.02;0.0;0;1.93;0;0.12;0.02;0.0;0.4;0.38
2024;1;215;beauce_5_sa_040;BTH;;10.49;1.5;50.96;56.34;156.21;64.98;117.25;0.19;0.02;0;99.36;0;-76.29;0.12;0.06;1.5;10.49
2024;216;291;beauce_5_sa_040;solnu;;10.1;0.0;32.89;-57.75;0.0;117.25;81.99;0.17;0.12;0;0;0;-146.15;0.16;0.02;0.0;10.1
2024;292;366;beauce_5_sa_040;BTH;;3.68;0.0;12.29;-12.73;0.0;81.49;78.29;0.0;0.0;0;0.0;0;46.44;0.0;0.0;0.0;3.68
2024;1;181;beauce_5_sa_041;BTH;;1.32;0.0;32.5;9.43;42.53;6.78;4.86;0.03;0.0;0;25.03;0;-96.67;0.0;0.03;0.0;1.32
2024;182;315;beauce_5_sa_041;solnu;;0.99;0.0;49.58;-43.14;0.0;4.86;10.23;0.06;0.03;0;0;0;-267.01;0.03;0.03;0.0;0.99
2024;316;366;beauce_5_sa_041;BTH;;0.31;0.0;6.53;-6.32;0.0;10.23;10.13;0.0;0.0;0;0.0;0;-11.57;0.0;0.0;0.0;0.31
2024;1;183;beauce_5_sa_042;BTH;;28.63;3.26;36.57;51.1;232.87;193.34;261.93;0.32;0.03;0;140.77;0;62.28;0.27;0.05;3.26;28.63
2024;184;296;beauce_5_sa_042;solnu;;1.07;0.0;49.71;14.45;0.0;261.93;325.42;0.26;0.1;0;0;0;-168.05;0.22;0.04;0.0;1.07
2024;297;366;beauce_5_sa_042;BTH;;9.6;0.0;11.04;-79.35;8.14;325.95;239.35;0.02;0.0;0;4.79;0;40.07;0.02;0.0;0.0;9.6
2024;1;200;beauce_5_sa_043;BTH;;5.35;0.0;44.51;21.38;125.64;99.15;33.88;0.1;0.0;0;76.56;0;-57.16;0.06;0.04;0.0;5.35
2024;201;264;beauce_5_sa_043;solnu;;3.52;0.0;31.55;-57.9;0.0;33.88;13.37;0.01;0.01;0;0;0;-180.29;0.01;0.0;0.0;3.52
2024;265;366;beauce_5_sa_043;BTH;;0.71;1.12;19.88;-8.91;7.67;13.26;99.49;0.05;0.0;0;4.51;0;108.02;0.04;0.01;1.12;0.71
2024;1;187;beauce_5_sa_044;BTH;;1.2;0.0;34.97;5.35;41.03;6.15;4.27;0.02;0.0;0;24.14;0;-89.71;0.0;0.02;0.0;1.2
2024;188;310;beauce_5_sa_044;solnu;;0.73;0.0;46.99;-27.37;0.0;4.27;23.08;0.06;0.02;0;0;0;-249.39;0.03;0.03;0.0;0.73
2024;311;366;beauce_5_sa_044;BTH;;0.26;0.0;7.34;-21.79;0.0;20.95;8.37;0.0;0.0;0;0.0;0;-13.4;0.0;0.0;0.0;0.26
2024;1;216;beauce_5_sa_045;BTH;;19.43;1.84;49.27;67.71;182.28;130.4;183.21;0.15;0.0;0;112.4;0;-138.94;0.08;0.07;1.84;19.43
2024;217;293;beauce_5_sa_045;solnu;;16.59;0.0;31.78;-1.39;0.0;183.21;196.63;0.23;0.15;0;0;0;-157.38;0.21;0.02;0.0;16.59
2024;294;366;beauce_5_sa_045;BTH;;5.18;0.0;10.95;-74.76;1.51;197.3;126.11;0.01;0.0;0;0.89;0;12.08;0.01;0.0;0.0;5.18
2024;1;224;beauce_5_sa_046;BTH;;10.58;0.5;54.2;24.49;172.88;107.8;40.62;0.13;0.03;0;101.94;0;37.42;0.08;0.05;0.5;10.58
2024;225;310;beauce_5_sa_046;solnu;;3.46;0.0;31.97;-46.15;0.0;40.62;29.16;0.02;0.01;0;0;0;-182.05;0.01;0.01;0.0;3.46
2024;311;366;beauce_5_sa_046;BTH;;0.89;1.18;7.66;-10.18;0.88;29.16;113.35;0.01;0.0;0;0.52;0;35.54;0.01;0.0;1.18;0.89
2024;1;213;beauce_5_sa_047;BTH;;7.35;0.96;49.14;46.67;93.49;42.45;108.72;0.08;0.0;0;75.18;0;-153.36;0.02;0.06;0.96;7.35
2024;214;273;beauce_5_sa_047;solnu;;9.49;0.0;28.59;-57.43;0.0;108.72;71.98;0.17;0.11;0;0;0;-168.02;0.16;0.01;0.0;9.49
2024;274;366;beauce_5_sa_047;BTH;;3.84;0.0;17.16;-18.2;0.0;71.98;68.19;0.0;0.0;0;0.0;0;36.43;0.0;0.0;0.0;3.84
2024;1;214;beauce_5_sa_048;BTH;;1.19;0.92;49.77;32.62;118.77;5.16;36.15;0.11;0.0;0;69.89;0;-71.69;0.06;0.05;0.92;1.19
2024;215;265;beauce_5_sa_048;solnu;;3.11;0.0;25.11;-42.4;0.0;36.15;22.82;0.06;0.06;0;0;0;-221.96;0.06;0.0;0.0;3.11
2024;266;366;beauce_5_sa_048;BTH;;1.23;0.0;19.08;-19.78;0.0;22.82;21.75;0.0;0.0;0;0.0;0;37.28;0.0;0.0;0.0;1.23
2024;1;195;beauce_5_sa_049;BTH;;0.25;0.0;38.23;15.63;47.94;1.24;6.95;0.03;0.0;0;28.21;0;-108.93;0.0;0.03;0.0;0.25
2024;196;279;beauce_5_sa_049;solnu;;0.27;0.0;36.85;-40.36;0.0;6.95;4.99;0.02;0.02;0;0;0;-239.46;0.01;0.01;0.0;0.27
2024;280;366;beauce_5_sa_049;BTH;;0.26;0.0;14.45;-11.08;1.78;5.04;6.31;0.0;0.0;0;1.05;0;1.82;0.0;0.0;0.0;0.26
2024;1;177;beauce_5_sa_050;BTH;;1.75;0.0;31.19;9.56;39.07;7.79;7.7;0.02;0.0;0;26.52;0;-93.32;0.0;0.02;0.0;1.75
2024;178;267;beauce_5_sa_050;solnu;;1.09;0.0;39.91;-5.58;0.0;7.7;40.85;0.05;0.04;0;0;0;-212.27;0.03;0.02;0.0;1.09
2024;268;366;beauce_5_sa_050;BTH;;0.62;0.0;17.91;-44.64;1.5;41.17;12.0;0.0;0.0;0;0.88;0;-55.98;0.0;0.0;0.0;0.62
2024;1;193;beauce_5_sa_051;BTH;;14.57;2.22;40.46;52.52;191.17;77.41;130.55;0.16;0.01;0;127.85;0;20.78;0.11;0.06;2.22;14.57
2024;194;283;beauce_5_sa_051;solnu;;7.99;0.0;42.13;4.7;0.0;130.55;169.06;0.21;0.11;0;0;0;-158.9;0.18;0.03;0.0;7.99
2024;284;366;beauce_5_sa_051;BTH;;4.41;0.0;14.79;-75.93;6.0;169.63;97.5;0.01;0.0;0;3.53;0;52.95;0.0;0.0;0.0;4.41
2024;1;197;beauce_5_sa_052;BTH;;1.71;0.46;40.83;12.97;77.32;8.49;17.6;0.03;0.0;0;45.5;0;-43.31;0.0;0.03;0.46;1.71
2024;198;274;beauce_5_sa_052;solnu;;1.4;0.0;35.65;-39.75;0.0;17.6;13.68;0.05;0.04;0;0;0;-164.81;0.04;0.02;0.0;1.4
2024;275;366;beauce_5_sa_052;BTH;;0.73;0.0;16.38;-17.47;0.0;13.68;12.98;0.0;0.0;0;0.0;0;-11.47;0.0;0.0;0.0;0.73
2024;1;171;beauce_5_sa_053;BTH;;36.16;2.64;30.88;41.51;173.57;247.19;306.07;0.12;0.01;0;108.69;0;20.4;0.08;0.04;2.64;36.16
2024;172;292;beauce_5_sa_053;solnu;;31.2;0.0;53.33;-84.47;0.0;306.07;244.16;0.3;0.14;0;0;0;-139.11;0.27;0.03;0.0;31.2
2024;293;366;beauce_5_sa_053;BTH;;9.22;0.0;11.95;17.1;12.86;244.46;251.08;0.05;0.0;0;7.57;0;73.66;0.03;0.02;0.0;9.22
2024;1;210;beauce_5_sa_054;BTH;;0.78;1.31;49.21;24.76;151.56;3.01;22.63;0.11;0.01;0;89.19;0;-2.11;0.07;0.04;1.31;0.78
2024;211;278;beauce_5_sa_054;solnu;;1.59;0.0;32.36;-50.51;0.0;22.63;9.74;0.03;0.02;0;0;0;-190.67;0.02;0.0;0.0;1.59
2024;279;366;beauce_5_sa_054;BTH;;0.51;0.0;15.53;-12.63;1.36;9.63;10.77;0.0;0.0;0;0.8;0;105.27;0.0;0.0;0.0;0.51
2024;1;224;beauce_5_sa_055;BTH;;5.31;0.95;53.55;42.31;127.14;16.4;50.43;0.18;0.07;0;75.7;0;-131.4;0.13;0.06;0.95;5.31
2024;225;265;beauce_5_sa_055;solnu;;2.75;0.0;18.7;-12.42;0.0;50.43;53.9;0.03;0.03;0;0;0;-100.66;0.02;0.01;0.0;2.75
2024;266;366;beauce_5_sa_055;BTH;;1.71;0.0;18.26;-45.27;0.84;54.2;31.47;0.0;0.0;0;0.49;0;-109.75;0.0;0.0;0.0;1.71
2024;1;189;beauce_5_sa_056;BTH;;0.46;0.0;35.82;18.71;43.82;2.08;12.29;0.03;0.0;0;25.79;0;-103.96;0.0;0.03;0.0;0.46
2024;190;265;beauce_5_sa_056;solnu;;0.81;0.0;35.44;-39.11;0.0;12.29;10.24;0.03;0.03;0;0;0;-217.54;0.03;0.01;0.0;0.81
2024;266;366;beauce_5_sa_056;BTH;;0.54;0.0;18.85;-11.82;4.89;10.1;11.84;0.01;0.0;0;2.88;0;-26.02;0.0;0.01;0.0;0.54
2024;1;188;beauce_5_sa_057;BTH;;6.4;0.0;37.31;32.34;141.93;107.7;28.97;0.11;0.0;0;84.61;0;-27.28;0.07;0.04;0.0;6.4
2024;189;265;beauce_5_sa_057;solnu;;3.91;0.0;37.19;-41.49;0.0;28.97;27.32;0.06;0.05;0;0;0;-215.98;0.04;0.01;0.0;3.91
2024;266;366;beauce_5_sa_057;BTH;;1.48;1.26;19.28;-18.05;3.29;27.32;118.91;0.05;0.0;0;1.93;0;39.32;0.04;0.0;1.26;1.48
2024;1;208;beauce_5_sa_058;BTH;;10.68;1.23;44.85;57.83;154.78;66.8;95.8;0.1;0.0;0;93.8;0;-102.91;0.04;0.06;1.23;10.68
2024;209;299;beauce_5_sa_058;solnu;;6.78;0.0;37.28;1.34;0.0;95.8;127.35;0.18;0.09;0;0;0;-186.77;0.16;0.02;0.0;6.78
2024;300;366;beauce_5_sa_058;BTH;;2.78;0.0;9.58;-66.23;0.0;127.57;67.92;0.01;0.0;0;0.0;0;4.57;0.01;0.0;0.0;2.78
2024;1;194;beauce_5_sa_059;BTH;;1.66;0.0;37.33;4.0;42.51;8.48;4.16;0.03;0.0;0;25.02;0;-107.97;0.0;0.03;0.0;1.66
2024;195;316;beauce_5_sa_059;solnu;;0.79;0.0;44.59;-3.95;0.0;4.16;43.97;0.06;0.01;0;0;0;-239.94;0.03;0.03;0.0;0.79
2024;317;366;beauce_5_sa_059;BTH;;0.24;0.0;6.27;-42.23;0.0;44.08;7.77;0.0;0.0;0;0.0;0;-19.74;0.0;0.0;0.0;0.24
2024;1;181;beauce_5_sa_060;BTH;;2.39;0.0;32.2;17.26;41.11;10.26;16.19;0.03;0.0;0;26.84;0;-113.25;0.0;0.03;0.0;2.39
2024;182;258;beauce_5_sa_060;solnu;;1.77;0.0;34.66;-6.45;0.0;16.19;42.52;0.06;0.04;0;0;0;-208.35;0.05;0.02;0.0;1.77
2024;259;366;beauce_5_sa_060;BTH;;0.94;0.0;21.33;-45.1;1.77;43.1;16.04;0.0;0.0;0;1.04;0;-77.07;0.0;0.0;0.0;0.94
2024;1;194;beauce_5_sa_061;BTH;;9.0;0.0;38.49;17.22;135.38;112.03;22.71;0.09;0.0;0;79.78;0;6.35;0.05;0.04;0.0;9.0
2024;195;303;beauce_5_sa_061;solnu;;3.39;0.0;43.69;2.96;0.0;22.71;66.17;0.06;0.02;0;0;0;-183.72;0.03;0.03;0.0;3.39
2024;304;366;beauce_5_sa_061;BTH;;1.01;1.26;8.8;-53.56;0.28;66.51;116.97;0.01;0.0;0;0.16;0;-39.32;0.01;0.0;1.26;1.01
2024;1;221;beauce_5_sa_062;BTH;;1.65;0.4;53.19;23.82;69.98;4.9;40.21;0.11;0.05;0;41.18;0;-119.39;0.07;0.05;0.4;1.65
2024;222;263;beauce_5_sa_062;solnu;;2.15;0.0;20.08;-37.28;0.0;40.21;25.63;0.02;0.02;0;0;0;-177.35;0.01;0.0;0.0;2.15
2024;264;366;beauce_5_sa_062;BTH;;1.38;0.0;19.88;-20.51;0.92;25.63;24.08;0.0;0.0;0;0.54;0;3.03;0.0;0.0;0.0;1.38
2024;1;190;beauce_5_sa_063;BTH;;11.35;1.23;40.46;45.15;136.57;95.57;125.24;0.27;0.03;0;101.83;0;-50.27;0.21;0.05;1.23;11.35
2024;191;262;beauce_5_sa_063;solnu;;17.78;0.0;36.97;-48.06;0.0;125.24;96.68;0.15;0.1;0;0;0;-177.97;0.14;0.02;0.0;17.78
2024;263;366;beauce_5_sa_063;BTH;;5.26;0.54;21.89;-18.09;9.64;96.68;126.4;0.03;0.0;0;5.67;0;76.82;0.03;0.0;0.54;5.26
2024;1;188;beauce_5_sa_064;BTH;;7.01;0.91;36.24;46.88;94.01;31.61;81.63;0.16;0.02;0;69.63;0;-107.53;0.11;0.05;0.91;7.01
2024;189;266;beauce_5_sa_064;solnu;;8.92;0.0;36.49;2.26;0.0;81.63;111.21;0.16;0.09;0;0;0;-191.9;0.14;0.02;0.0;8.92
2024;267;366;beauce_5_sa_064;BTH;;3.26;0.0;18.66;-61.72;5.73;111.89;59.21;0.0;0.0;0;3.37;0;-27.22;0.0;0.0;0.0;3.26
2024;1;194;beauce_5_sa_065;BTH;;0.89;0.0;37.64;5.65;43.07;4.5;2.38;0.03;0.0;0;25.34;0;-100.49;0.0;0.03;0.0;0.89
2024;195;305;beauce_5_sa_065;solnu;;0.4;0.0;43.2;-40.86;0.0;2.38;4.38;0.03;0.01;0;0;0;-223.35;0.01;0.02;0.0;0.4
2024;306;366;beauce_5_sa_065;BTH;;0.17;0.0;8.17;-8.34;0.0;4.27;4.04;0.0;0.0;0;0.0;0;-11.31;0.0;0.0;0.0;0.17
2024;1;185;beauce_5_sa_066;BTH;;6.1;0.0;34.03;22.96;123.12;88.32;16.01;0.09;0.0;0;74.21;0;-65.36;0.05;0.04;0.0;6.1
2024;186;289;beauce_5_sa_066;solnu;;2.98;0.0;42.3;6.44;0.0;16.01;61.68;0.06;0.03;0;0;0;-207.66;0.03;0.03;0.0;2.98
2024;290;366;beauce_5_sa_066;BTH;;0.93;0.95;11.88;-53.3;0.0;62.12;20.99;0.01;0.0;0;0.0;0;-51.94;0.01;0.0;0.95;0.93
2024;1;185;beauce_5_sa_067;BTH;;11.35;1.8;37.37;45.18;152.97;75.06;127.43;0.23;0.03;0;108.95;0;-57.52;0.18;0.05;1.8;11.35
2024;186;279;beauce_5_sa_067;solnu;;12.9;0.0;44.34;-56.91;0.0;127.43;101.72;0.18;0.1;0;0;0;-147.76;0.16;0.02;0.0;12.9
2024;280;366;beauce_5_sa_067;BTH;;5.41;0.0;15.83;-14.59;0.0;101.84;97.55;0.0;0.0;0;0.0;0;73.82;0.0;0.0;0.0;5.41
2024;1;207;beauce_5_sa_068;BTH;;1.42;0.0;41.9;18.85;57.69;7.3;8.97;0.04;0.0;0;33.95;0;-193.91;0.0;0.04;0.0;1.42
2024;208;303;beauce_5_sa_068;solnu;;0.74;0.0;35.83;-2.94;0.0;8.97;41.05;0.05;0.02;0;0;0;-214.14;0.02;0.02;0.0;0.74
2024;304;366;beauce_5_sa_068;BTH;;0.31;0.0;8.23;-41.44;0.0;41.38;7.67;0.01;0.0;0;0.0;0;-36.82;0.01;0.0;0.0;0.31
2024;1;174;beauce_5_sa_069;BTH;;1.26;0.0;29.82;9.32;39.11;6.39;4.04;0.02;0.0;0;23.01;0;-80.15;0.0;0.02;0.0;1.26
2024;175;288;beauce_5_sa_069;solnu;;0.87;0.0;47.25;-40.48;0.0;4.04;10.03;0.04;0.03;0;0;0;-231.34;0.02;0.02;0.0;0.87
2024;289;366;beauce_5_sa_069;BTH;;0.53;0.0;12.31;-11.62;0.0;10.02;10.18;0.0;0.0;0;0.0;0;-23.13;0.0;0.0;0.0;0.53
2024;1;202;beauce_5_sa_070;BTH;;9.63;1.23;45.76;48.57;85.72;51.51;142.5;0.08;0.0;0;85.08;0;-128.53;0.03;0.06;1.23;9.63
2024;203;258;beauce_5_sa_070;solnu;;12.9;0.0;28.14;-9.11;0.0;142.5;148.29;0.22;0.12;0;0;0;-138.64;0.21;0.01;0.0;12.9
2024;259;366;beauce_5_sa_070;BTH;;5.33;0.0;22.62;-67.67;14.86;148.89;83.15;0.01;0.0;0;8.75;0;45.95;0.0;0.0;0.0;5.33
2024;1;202;beauce_5_sa_071;BTH;;6.13;1.1;46.08;43.88;111.56;39.33;93.88;0.22;0.03;0;80.04;0;-124.8;0.16;0.05;1.1;6.13
2024;203;261;beauce_5_sa_071;solnu;;10.81;0.0;29.69;-48.71;0.0;93.88;66.0;0.14;0.09;0;0;0;-180.54;0.13;0.01;0.0;10.81
2024;262;366;beauce_5_sa_071;BTH;;3.59;0.0;21.8;-17.72;9.09;66.41;58.32;0.0;0.0;0;5.35;0;43.15;0.0;0.0;0.0;3.59
2024;1;171;beauce_5_sa_072;BTH;;11.3;1.98;31.83;35.68;136.17;83.46;150.97;0.23;0.03;0;113.34;0;-36.08;0.19;0.04;1.98;11.3
2024;172;265;beauce_5_sa_072;solnu;;17.21;0.0;45.58;-56.33;0.0;150.97;123.03;0.19;0.1;0;0;0;-132.14;0.17;0.02;0.0;17.21
2024;266;366;beauce_5_sa_072;BTH;;6.66;0.0;20.72;-14.02;7.59;122.97;115.48;0.0;0.0;0;4.47;0;109.42;0.0;0.0;0.0;6.66
2024;1;224;beauce_5_sa_073;BTH;;12.7;0.74;55.27;41.41;183.21;101.9;58.21;0.21;0.06;0;109.38;0;43.94;0.16;0.06;0.74;12.7
2024;225;301;beauce_5_sa_073;solnu;;4.36;0.0;30.74;-40.95;0.0;58.21;44.02;0.03;0.02;0;0;0;-132.47;0.02;0.01;0.0;4.36
2024;302;366;beauce_5_sa_073;BTH;;1.83;1.18;9.6;-23.78;3.29;43.79;114.88;0.04;0.0;0;1.93;0;12.02;0.04;0.0;1.18;1.83
2024;1;172;beauce_5_sa_074;BTH;;8.84;0.53;30.57;16.19;129.1;75.69;24.87;0.11;0.01;0;76.71;0;84.02;0.07;0.03;0.53;8.84
2024;173;313;beauce_5_sa_074;solnu;;4.63;0.0;56.36;-41.15;0.0;24.87;35.51;0.11;0.04;0;0;0;-189.38;0.07;0.04;0.0;4.63
2024;314;366;beauce_5_sa_074;BTH;;1.14;0.8;7.24;-23.37;3.29;35.51;75.89;0.03;0.0;0;1.93;0;7.06;0.03;0.0;0.8;1.14
2024;1;171;beauce_5_sa_075;BTH;;15.12;1.51;30.45;41.43;124.12;97.59;141.54;0.1;0.0;0;87.52;0;-13.8;0.06;0.04;1.51;15.12
2024;172;284;beauce_5_sa_075;solnu;;14.39;0.0;49.56;-26.29;0.0;141.54;150.97;0.23;0.11;0;0;0;-220.03;0.2;0.04;0.0;14.39
2024;285;366;beauce_5_sa_075;BTH;;5.22;0.0;14.02;-50.1;1.5;147.72;108.17;0.0;0.0;0;0.88;0;45.62;0.0;0.0;0.0;5.22
2024;1;179;beauce_5_sa_076;BTH;;6.06;0.83;33.24;15.91;99.54;30.78;35.39;0.05;0.0;0;58.6;0;21.77;0.02;0.03;0.83;6.06
2024;180;314;beauce_5_sa_076;solnu;;4.31;0.0;52.47;10.46;0.0;35.39;93.89;0.15;0.06;0;0;0;-217.57;0.11;0.04;0.0;4.31
2024;315;366;beauce_5_sa_076;BTH;;1.17;0.0;6.99;-61.54;0.0;94.08;38.28;0.0;0.0;0;0.0;0;-1.92;0.0;0.0;0.0;1.17
2024;1;187;beauce_5_sa_077;BTH;;11.42;0.4;35.81;37.03;154.81;113.07;48.99;0.11;0.0;0;93.99;0;-22.64;0.06;0.05;0.4;11.42
2024;188;292;beauce_5_sa_077;solnu;;5.93;0.0;44.26;11.08;0.0;48.99;98.39;0.12;0.06;0;0;0;-194.42;0.09;0.03;0.0;5.93
2024;293;366;beauce_5_sa_077;BTH;;1.88;1.18;11.28;-62.0;3.57;98.91;130.44;0.02;0.0;0;2.1;0;-14.57;0.01;0.0;1.18;1.88
2024;1;223;beauce_5_sa_078;BTH;;3.96;0.8;55.36;48.12;95.6;17.68;81.28;0.2;0.07;0;60.24;0;-206.52;0.14;0.06;0.8;3.96
2024;224;273;beauce_5_sa_078;solnu;;4.32;0.0;22.82;-62.59;0.0;81.28;39.65;0.0;0.0;0;0;0;-107.45;0.0;0.0;0.0;4.32
2024;274;366;beauce_5_sa_078;BTH;;1.9;0.0;16.99;-12.25;2.77;39.62;39.71;0.0;0.0;0;1.63;0;52.81;0.0;0.0;0.0;1.9
2024;1;225;beauce_5_sa_079;BTH;;18.69;2.63;54.71;68.95;242.12;116.83;175.75;0.39;0.15;0;144.63;0;-97.77;0.31;0.07;2.63;18.69
2024;226;301;beauce_5_sa_079;solnu;;1.8;0.0;30.34;-60.67;0.0;175.75;143.48;0.07;0.07;0;0;0;-127.44;0.05;0.01;0.0;1.8
2024;302;366;beauce_5_sa_079;BTH;;5.66;0.0;9.58;-9.59;0.0;143.45;137.81;0.0;0.0;0;0.0;0;43.24;0.0;0.0;0.0;5.66
2024;1;217;beauce_5_sa_080;BTH;;7.49;0.25;49.8;21.84;125.41;70.84;28.98;0.09;0.02;0;74.01;0;4.46;0.04;0.05;0.25;7.49
2024;218;294;beauce_5_sa_080;solnu;;2.09;0.0;31.88;-8.57;0.0;28.98;43.83;0.04;0.02;0;0;0;-148.8;0.02;0.02;0.0;2.09
2024;295;366;beauce_5_sa_080;BTH;;0.61;0.81;10.52;-54.58;1.84;44.15;62.74;0.02;0.0;0;1.08;0;-65.55;0.01;0.0;0.81;0.61
2024;1;214;beauce_5_sa_081;BTH;;12.17;1.55;50.26;66.22;152.35;77.15;145.0;0.32;0.03;0;119.92;0;-212.45;0.25;0.07;1.55;12.17
2024;215;268;beauce_5_sa_081;solnu;;18.57;0.0;25.76;-6.64;0.0;145.0;145.28;0.16;0.11;0;0;0;-137.64;0.15;0.01;0.0;18.57
2024;269;366;beauce_5_sa_081;BTH;;5.12;0.0;17.94;-54.84;5.43;145.77;97.82;0.0;0.0;0;3.2;0;2.93;0.0;0.0;0.0;5.12
2024;1;185;beauce_5_sa_082;BTH;;1.68;0.83;35.72;-0.13;89.74;8.54;13.66;0.1;0.02;0;52.81;0;74.41;0.08;0.02;0.83;1.68
2024;186;293;beauce_5_sa_082;solnu;;1.52;0.0;46.32;-44.42;0.0;13.66;15.88;0.06;0.04;0;0;0;-142.1;0.04;0.02;0.0;1.52
2024;294;366;beauce_5_sa_082;BTH;;0.63;0.0;11.21;-11.81;0.0;15.86;15.26;0.0;0.0;0;0.0;0;23.73;0.0;0.0;0.0;0.63
2024;1;220;beauce_5_sa_083;BTH;;22.93;2.21;52.5;58.38;219.25;156.87;190.9;0.29;0.11;0;130.01;0;-67.96;0.22;0.07;2.21;22.93
2024;221;312;beauce_5_sa_083;solnu;;4.44;0.0;35.75;-70.7;0.0;190.9;151.38;0.07;0.06;0;0;0;-85.27;0.06;0.01;0.0;4.44
2024;313;366;beauce_5_sa_083;BTH;;4.58;0.0;7.57;-7.57;0.0;151.37;146.8;0.0;0.0;0;0.0;0;55.54;0.0;0.0;0.0;4.58
2024;1;184;beauce_5_sa_084;BTH;;0.19;0.0;34.08;12.15;44.59;1.01;0.93;0.03;0.0;0;26.24;0;-75.17;0.0;0.03;0.0;0.19
2024;185;284;beauce_5_sa_084;solnu;;0.12;0.0;42.37;-41.91;0.0;0.93;3.76;0.02;0.01;0;0;0;-260.42;0.01;0.01;0.0;0.12
2024;285;366;beauce_5_sa_084;BTH;;0.2;0.0;13.3;-11.13;0.69;3.73;5.05;0.0;0.0;0;0.4;0;5.8;0.0;0.0;0.0;0.2
2024;1;188;beauce_5_sa_085;BTH;;9.46;1.25;37.73;43.21;104.68;57.83;118.33;0.07;0.0;0;85.93;0;-81.66;0.02;0.05;1.25;9.46
2024;189;273;beauce_5_sa_085;solnu;;10.3;0.0;40.5;-62.09;0.0;118.33;86.28;0.2;0.11;0;0;0;-182.15;0.18;0.02;0.0;10.3
2024;274;366;beauce_5_sa_085;BTH;;4.6;0.0;17.49;-17.45;0.0;86.29;81.72;0.0;0.0;0;0.0;0;62.35;0.0;0.0;0.0;4.6
2024;1;184;beauce_5_sa_086;BTH;;13.33;0.0;34.35;40.99;124.47;95.7;32.02;0.07;0.0;0;74.82;0;-44.91;0.02;0.05;0.0;13.33
2024;185;300;beauce_5_sa_086;solnu;;5.34;0.0;46.3;11.26;0.0;32.02;84.31;0.08;0.04;0;0;0;-228.88;0.05;0.04;0.0;5.34
2024;301;366;beauce_5_sa_086;BTH;;1.61;1.24;9.27;-70.88;3.29;84.7;111.54;0.05;0.0;0;1.93;0;-29.53;0.05;0.0;1.24;1.61
2024;1;205;beauce_5_sa_087;BTH;;4.58;0.0;43.05;18.51;88.58;50.4;19.03;0.06;0.0;0;52.33;0;-40.23;0.02;0.04;0.0;4.58
2024;206;291;beauce_5_sa_087;solnu;;2.25;0.0;35.84;-44.09;0.0;19.03;13.05;0.02;0.02;0;0;0;-236.73;0.01;0.01;0.0;2.25
2024;292;366;beauce_5_sa_087;BTH;;0.68;0.56;11.42;-13.35;1.84;12.8;50.35;0.01;0.0;0;1.08;0;19.2;0.01;0.0;0.56;0.68
2024;1;201;beauce_5_sa_088;BTH;;14.42;1.61;41.53;68.13;182.35;93.91;126.97;0.2;0.02;0;113.85;0;-136.6;0.13;0.07;1.61;14.42
2024;202;292;beauce_5_sa_088;solnu;;7.49;0.0;37.49;7.2;0.0;126.97;163.86;0.21;0.1;0;0;0;-193.4;0.18;0.03;0.0;7.49
2024;293;366;beauce_5_sa_088;BTH;;3.82;0.0;11.12;-74.32;4.25;164.38;92.58;0.01;0.0;0;2.5;0;-8.22;0.01;0.0;0.0;3.82
2024;1;211;beauce_5_sa_089;BTH;;1.33;0.0;44.75;20.27;49.41;6.61;20.85;0.04;0.0;0;29.07;0;-165.06;0.0;0.04;0.0;1.33
2024;212;281;beauce_5_sa_089;solnu;;1.54;0.0;29.65;-36.39;0.0;20.85;12.52;0.05;0.04;0;0;0;-180.18;0.03;0.01;0.0;1.54
2024;282;366;beauce_5_sa_089;BTH;;0.61;0.0;13.8;-14.29;0.0;12.52;12.14;0.0;0.0;0;0.0;0;-44.07;0.0;0.0;0.0;0.61
2024;1;228;beauce_5_sa_090;BTH;;7.27;0.92;57.63;33.09;159.5;47.84;40.78;0.13;0.05;0;94.95;0;-34.58;0.08;0.05;0.92;7.27
2024;229;287;beauce_5_sa_090;solnu;;2.53;0.0;24.48;-42.47;0.0;40.78;27.75;0.01;0.02;0;0;0;-194.03;0.01;0.0;0.0;2.53
2024;288;366;beauce_5_sa_090;BTH;;1.49;0.51;13.01;-15.5;3.29;27.42;59.03;0.02;0.0;0;1.93;0;63.75;0.02;0.0;0.51;1.49
2024;1;172;beauce_5_sa_091;BTH;;3.0;0.41;29.73;29.49;75.78;15.89;25.75;0.04;0.0;0;44.59;0;-74.62;0.01;0.04;0.41;3.0
2024;173;303;beauce_5_sa_091;solnu;;3.63;0.0;53.09;-47.68;0.0;25.75;28.63;0.1;0.06;0;0;0;-254.62;0.08;0.03;0.0;3.63
2024;304;366;beauce_5_sa_091;BTH;;1.13;0.0;8.78;-8.75;0.0;28.56;27.52;0.0;0.0;0;0.0;0;7.33;0.0;0.0;0.0;1.13
2024;1;217;beauce_5_sa_092;BTH;;2.21;0.0;47.68;17.97;42.45;8.09;29.01;0.07;0.02;0;28.51;0;-184.43;0.03;0.04;0.0;2.21
2024;218;275;beauce_5_sa_092;solnu;;0.79;0.0;25.29;-12.95;0.0;29.01;31.29;0.04;0.02;0;0;0;-168.97;0.03;0.01;0.0;0.79
2024;276;366;beauce_5_sa_092;BTH;;0.46;0.0;15.1;-36.75;0.0;31.81;9.61;0.0;0.0;0;0.0;0;-38.31;0.0;0.0;0.0;0.46
2024;1;212;beauce_5_sa_093;BTH;;1.38;0.88;46.0;8.7;113.73;6.92;12.1;0.11;0.02;0;66.93;0;30.79;0.08;0.03;0.88;1.38
2024;213;308;beauce_5_sa_093;solnu;;0.68;0.0;37.71;-44.4;0.0;12.1;8.28;0.03;0.02;0;0;0;-162.91;0.01;0.02;0.0;0.68
2024;309;366;beauce_5_sa_093;BTH;;0.25;0.0;7.86;-8.78;0.0;8.28;8.04;0.0;0.0;0;0.0;0;8.97;0.0;0.0;0.0;0.25
2024;1;215;beauce_5_sa_094;BTH;;3.21;1.19;48.83;19.63;130.71;16.04;39.27;0.15;0.02;0;76.92;0;51.65;0.11;0.04;1.19;3.21
2024;216;315;beauce_5_sa_094;solnu;;2.03;0.0;38.0;-49.41;0.0;39.27;28.54;0.08;0.06;0;0;0;-138.91;0.06;0.02;0.0;2.03
2024;316;366;beauce_5_sa_094;BTH;;0.85;0.0;6.97;-7.28;0.0;28.54;27.7;0.0;0.0;0;0.0;0;27.2;0.0;0.0;0.0;0.85
2024;1;187;beauce_5_sa_095;BTH;;9.06;1.15;37.98;41.41;81.4;47.07;122.11;0.07;0.0;0;77.17;0;-69.59;0.02;0.05;1.15;9.06
2024;188;258;beauce_5_sa_095;solnu;;10.96;0.0;35.47;-4.87;0.0;122.11;141.42;0.21;0.12;0;0;0;-165.12;0.19;0.02;0.0;10.96
2024;259;366;beauce_5_sa_095;BTH;;4.85;0.0;22.91;-71.54;13.38;142.04;74.61;0.0;0.0;0;7.88;0;48.44;0.0;0.0;0.0;4.85
2024;1;194;beauce_5_sa_096;BTH;;0.26;0.0;37.97;14.94;45.01;1.34;8.92;0.03;0.0;0;26.49;0;-102.8;0.0;0.03;0.0;0.26
2024;195;275;beauce_5_sa_096;solnu;;0.42;0.0;36.54;-39.83;0.0;8.92;6.68;0.02;0.03;0;0;0;-233.61;0.02;0.01;0.0;0.42
2024;276;366;beauce_5_sa_096;BTH;;0.35;0.0;15.66;-12.4;1.78;6.55;7.8;0.0;0.0;0;1.05;0;-2.55;0.0;0.0;0.0;0.35
2024;1;190;beauce_5_sa_097;BTH;;27.72;2.45;37.37;62.45;211.1;189.66;232.48;0.28;0.03;0;136.06;0;-64.7;0.22;0.06;2.45;27.72
2024;191;287;beauce_5_sa_097;solnu;;5.41;0.0;41.18;11.67;0.0;232.48;280.56;0.23;0.1;0;0;0;-184.37;0.19;0.03;0.0;5.41
2024;288;366;beauce_5_sa_097;BTH;;8.67;0.0;13.0;-77.47;12.74;281.0;194.67;0.02;0.0;0;7.5;0;15.09;0.01;0.0;0.0;8.67
2024;1;193;beauce_5_sa_098;BTH;;9.51;1.37;39.87;45.33;142.44;60.74;94.89;0.09;0.0;0;91.25;0;-39.76;0.04;0.05;1.37;9.51
2024;194;291;beauce_5_sa_098;solnu;;7.54;0.0;43.74;-61.05;0.0;94.89;69.95;0.18;0.09;0;0;0;-176.88;0.15;0.02;0.0;7.54
2024;292;366;beauce_5_sa_098;BTH;;3.31;0.0;12.4;-12.57;0.0;69.44;66.48;0.0;0.0;0;0.0;0;57.48;0.0;0.0;0.0;3.31
2024;1;174;beauce_5_sa_099;BTH;;5.8;1.28;32.02;21.09;112.16;29.02;58.74;0.14;0.02;0;66.0;0;72.15;0.11;0.03;1.28;5.8
2024;175;317;beauce_5_sa_099;solnu;;5.86;0.0;56.74;-53.93;0.0;58.74;55.6;0.16;0.08;0;0;0;-146.69;0.12;0.04;0.0;5.86
2024;318;366;beauce_5_sa_099;BTH;;1.64;0.0;6.81;-6.82;0.0;55.66;53.94;0.0;0.0;0;0.0;0;26.47;0.0;0.0;0.0;1.64
2025;1;174;beauce_5_sa_000;BTH;;0.53;0.0;35.12;17.68;82.79;47.11;16.45;0.08;0.0;0;54.38;0;-101.58;0.05;0.03;0.0;0.53
2025;175;257;beauce_5_sa_000;solnu;;0.0;0.0;34.72;-51.05;0.0;16.45;4.25;0.01;0.0;0;0;0;-254.83;0.0;0.01;0.0;0.0
2025;258;365;beauce_5_sa_000;BTH;;0.33;0.48;17.37;-17.71;0.85;4.47;39.11;0.01;0.0;0;0.5;0;35.14;0.01;0.0;0.48;0.33
2025;1;178;beauce_5_sa_001;BTH;;1.52;0.0;34.53;14.11;68.81;16.68;11.71;0.04;0.0;0;40.49;0;-89.74;0.01;0.03;0.0;1.52
2025;179;311;beauce_5_sa_001;solnu;;0.07;0.0;43.76;-3.14;0.0;11.71;52.21;0.05;0.0;0;0;0;-239.96;0.02;0.03;0.0;0.07
2025;312;365;beauce_5_sa_001;BTH;;1.27;0.22;5.16;-40.79;0.0;52.37;16.15;0.01;0.0;0;0.0;0;-23.31;0.01;0.0;0.22;1.27
2025;1;180;beauce_5_sa_002;BTH;;1.72;0.73;36.48;20.18;117.72;20.49;12.16;0.04;0.0;0;70.13;0;-2.72;0.0;0.03;0.73;1.72
2025;181;304;beauce_5_sa_002;solnu;;0.0;0.0;41.49;2.7;0.0;12.16;56.31;0.05;0.0;0;0;0;-170.15;0.02;0.03;0.0;0.0
2025;305;365;beauce_5_sa_002;BTH;;0.74;0.2;6.36;-57.76;0.85;56.6;20.49;0.01;0.0;0;0.5;0;-24.02;0.01;0.0;0.2;0.74
2025;1;202;beauce_5_sa_003;BTH;;0.87;0.45;51.89;23.24;83.87;10.43;34.26;0.05;0.0;0;49.35;0;-158.02;0.01;0.05;0.45;0.87
2025;203;285;beauce_5_sa_003;solnu;;0.0;0.0;25.97;-11.58;0.0;34.26;48.61;0.04;0.0;0;0;0;-146.88;0.02;0.01;0.0;0.0
2025;286;365;beauce_5_sa_003;BTH;;0.85;0.0;9.37;-47.65;0.0;48.94;10.7;0.0;0.0;0;0.0;0;-26.37;0.0;0.0;0.0;0.85
2025;1;217;beauce_5_sa_004;BTH;;0.71;1.03;56.17;12.05;123.3;8.5;30.52;0.05;0.0;0;72.56;0;-22.54;0.01;0.04;1.03;0.71
2025;218;309;beauce_5_sa_004;solnu;;0.0;0.0;24.46;-12.27;0.0;30.52;42.67;0.03;0.0;0;0;0;-73.33;0.02;0.01;0.0;0.0
2025;310;365;beauce_5_sa_004;BTH;;0.53;0.0;5.63;-39.62;0.0;42.87;12.22;0.01;0.0;0;0.0;0;-51.65;0.01;0.0;0.0;0.53
2025;1;177;beauce_5_sa_005;BTH;;15.56;2.82;33.77;47.66;211.21;187.89;252.59;0.08;0.0;0;139.35;0;-16.81;0.03;0.05;2.82;15.56
2025;178;284;beauce_5_sa_005;solnu;;0.0;0.0;35.42;3.35;0.0;252.59;291.95;0.05;0.0;0;0;0;-132.53;0.03;0.02;0.0;0.0
2025;285;365;beauce_5_sa_005;BTH;;0.0;0.0;10.88;-76.94;20.56;292.32;205.23;0.1;0.0;0;12.1;0;52.96;0.09;0.0;0.0;0.0
2025;1;224;beauce_5_sa_006;BTH;;1.74;1.08;58.62;28.95;143.91;20.9;43.67;0.05;0.0;0;84.68;0;-130.57;0.0;0.05;1.08;1.74
2025;225;301;beauce_5_sa_006;solnu;;0.0;0.0;20.55;-10.31;0.0;43.67;53.87;0.03;0.0;0;0;0;-81.93;0.03;0.01;0.0;0.0
2025;302;365;beauce_5_sa_006;BTH;;0.71;0.0;6.43;-46.06;0.0;54.07;16.29;0.0;0.0;0;0.0;0;-43.88;0.0;0.0;0.0;0.71
2025;1;231;beauce_5_sa_007;BTH;;1.35;0.0;58.95;26.77;59.74;16.12;40.75;0.05;0.0;0;35.16;0;-349.13;0.0;0.05;0.0;1.35
2025;232;314;beauce_5_sa_007;solnu;;0.46;0.0;17.94;-13.62;0.0;40.75;44.56;0.04;0.0;0;0;0;-109.82;0.04;0.01;0.0;0.46
2025;315;365;beauce_5_sa_007;BTH;;0.92;0.0;4.34;-33.47;0.0;44.7;15.28;0.0;0.0;0;0.0;0;-34.64;0.0;0.0;0.0;0.92
2025;1;219;beauce_5_sa_008;BTH;;1.7;1.07;67.23;25.34;133.09;19.96;57.91;0.1;0.0;0;78.58;0;-210.94;0.04;0.06;1.07;1.7
2025;220;266;beauce_5_sa_008;solnu;;0.0;0.0;19.67;-70.57;0.0;57.91;9.71;0.0;0.0;0;0;0;-66.25;0.0;0.0;0.0;0.0
2025;267;365;beauce_5_sa_008;BTH;;0.56;0.0;14.56;-14.47;0.0;9.83;9.23;0.0;0.0;0;0.0;0;79.24;0.0;0.0;0.0;0.56
2025;1;198;beauce_5_sa_009;BTH;;10.27;2.0;48.98;64.3;171.11;123.51;205.11;0.08;0.0;0;103.49;0;-90.19;0.01;0.07;2.0;10.27
2025;199;297;beauce_5_sa_009;solnu;;0.0;0.0;29.89;-3.14;0.0;205.11;231.79;0.07;0.0;0;0;0;-159.4;0.05;0.02;0.0;0.0
2025;298;365;beauce_5_sa_009;BTH;;4.13;0.0;7.68;-89.13;4.86;232.13;141.28;0.08;0.0;0;2.86;0;21.31;0.07;0.0;0.0;4.13
2025;1;223;beauce_5_sa_010;BTH;;1.85;0.0;61.38;24.16;49.61;20.74;54.8;0.05;0.0;0;30.21;0;-362.22;0.0;0.05;0.0;1.85
2025;224;262;beauce_5_sa_010;solnu;;0.0;0.0;12.08;-56.7;0.0;54.8;10.18;0.0;0.0;0;0;0;-75.68;0.0;0.0;0.0;0.0
2025;263;365;beauce_5_sa_010;BTH;;1.08;0.0;15.07;-14.95;0.0;10.25;9.22;0.0;0.0;0;0.0;0;9.22;0.0;0.0;0.0;1.08
2025;1;210;beauce_5_sa_011;BTH;;0.83;1.14;55.41;12.58;136.78;9.87;25.39;0.04;0.0;0;80.48;0;-3.59;0.0;0.04;1.14;0.83
2025;211;307;beauce_5_sa_011;solnu;;0.0;0.0;26.89;-44.37;0.0;25.39;8.21;0.03;0.0;0;0;0;-82.81;0.02;0.01;0.0;0.0
2025;308;365;beauce_5_sa_011;BTH;;0.31;0.0;6.0;-9.61;0.0;8.21;7.9;0.0;0.0;0;0.0;0;-37.59;0.0;0.0;0.0;0.31
2025;1;193;beauce_5_sa_012;BTH;;0.55;0.56;45.92;10.51;95.73;6.54;8.78;0.04;0.0;0;56.33;0;-58.9;0.0;0.03;0.56;0.55
2025;194;308;beauce_5_sa_012;solnu;;0.0;0.0;36.06;-40.23;0.0;8.78;5.81;0.03;0.0;0;0;0;-172.32;0.01;0.02;0.0;0.0
2025;309;365;beauce_5_sa_012;BTH;;0.33;0.0;5.72;-8.93;0.0;5.81;5.48;0.0;0.0;0;0.0;0;-36.55;0.0;0.0;0.0;0.33
2025;1;227;beauce_5_sa_013;BTH;;1.98;0.15;60.68;46.45;101.75;33.76;48.95;0.07;0.0;0;61.81;0;-230.73;0.01;0.07;0.15;1.98
2025;228;298;beauce_5_sa_013;solnu;;0.0;0.0;18.36;-14.34;0.0;48.95;52.94;0.03;0.0;0;0;0;-120.93;0.03;0.01;0.0;0.0
2025;299;365;beauce_5_sa_013;BTH;;1.16;0.48;6.81;-51.72;0.85;53.19;45.14;0.01;0.0;0;0.5;0;-52.93;0.01;0.0;0.48;1.16
2025;1;225;beauce_5_sa_014;BTH;;0.85;0.0;60.28;12.71;52.1;10.12;30.13;0.04;0.0;0;30.66;0;-249.92;0.0;0.04;0.0;0.85
2025;226;315;beauce_5_sa_014;solnu;;0.3;0.0;20.88;-42.46;0.0;30.13;8.24;0.02;0.0;0;0;0;-119.15;0.02;0.0;0.0;0.3
2025;316;365;beauce_5_sa_014;BTH;;0.47;0.0;4.53;-6.02;0.0;8.24;7.77;0.0;0.0;0;0.0;0;-26.73;0.0;0.0;0.0;0.47
2025;1;201;beauce_5_sa_015;BTH;;2.11;0.54;53.78;32.64;90.93;22.13;55.72;0.07;0.0;0;55.64;0;-207.14;0.02;0.05;0.54;2.11
2025;202;256;beauce_5_sa_015;solnu;;0.0;0.0;18.89;-15.29;0.0;55.72;59.31;0.01;0.0;0;0;0;-117.07;0.0;0.01;0.0;0.0
2025;257;365;beauce_5_sa_015;BTH;;1.13;0.0;17.33;-63.16;1.5;59.53;11.06;0.0;0.0;0;0.88;0;-1.38;0.0;0.0;0.0;1.13
2025;1;215;beauce_5_sa_016;BTH;;1.85;0.0;57.01;25.25;47.19;20.63;53.91;0.05;0.0;0;28.03;0;-301.28;0.0;0.05;0.0;1.85
2025;216;261;beauce_5_sa_016;solnu;;0.0;0.0;13.3;-16.8;0.0;53.91;50.41;0.0;0.0;0;0;0;-102.27;0.0;0.0;0.0;0.0
2025;262;365;beauce_5_sa_016;BTH;;1.44;0.0;15.44;-48.66;4.5;50.75;11.25;0.01;0.0;0;2.65;0;-12.98;0.01;0.0;0.0;1.44
2025;1;185;beauce_5_sa_017;BTH;;19.49;1.82;39.41;45.9;215.48;312.32;297.68;0.12;0.0;0;128.43;0;-34.83;0.07;0.05;1.82;19.49
2025;186;315;beauce_5_sa_017;solnu;;0.0;0.0;31.22;-91.91;0.0;297.68;237.98;0.06;0.0;0;0;0;-35.87;0.05;0.01;0.0;0.0
2025;316;365;beauce_5_sa_017;BTH;;0.0;1.11;5.25;6.41;0.73;238.17;332.32;0.07;0.0;0;0.43;0;52.03;0.06;0.01;1.11;0.0
2025;1;198;beauce_5_sa_018;BTH;;0.23;0.0;48.73;16.6;56.33;2.74;11.48;0.04;0.0;0;33.14;0;-187.49;0.0;0.04;0.0;0.23
2025;199;312;beauce_5_sa_018;solnu;;0.05;0.0;30.97;-42.44;0.0;11.48;3.44;0.02;0.0;0;0;0;-229.12;0.01;0.01;0.0;0.05
2025;313;365;beauce_5_sa_018;BTH;;0.26;0.0;4.95;-5.19;0.0;3.5;3.24;0.0;0.0;0;0.0;0;-7.67;0.0;0.0;0.0;0.26
2025;1;183;beauce_5_sa_019;BTH;;1.32;0.0;35.91;23.24;61.82;15.81;10.32;0.04;0.0;0;36.38;0;-189.9;0.0;0.04;0.0;1.32
2025;184;312;beauce_5_sa_019;solnu;;0.06;0.0;38.54;0.49;0.0;10.32;49.35;0.05;0.0;0;0;0;-257.9;0.02;0.02;0.0;0.06
2025;313;365;beauce_5_sa_019;BTH;;1.13;0.0;4.74;-38.57;0.0;49.48;14.61;0.01;0.0;0;0.0;0;-28.59;0.01;0.0;0.0;1.13
2025;1;198;beauce_5_sa_020;BTH;;1.35;0.74;53.54;22.57;104.16;15.48;41.7;0.06;0.0;0;61.29;0;-94.05;0.01;0.05;0.74;1.35
2025;199;267;beauce_5_sa_020;solnu;;0.0;0.0;27.18;-61.41;0.0;41.7;7.93;0.01;0.0;0;0;0;-152.94;0.0;0.01;0.0;0.0
2025;268;365;beauce_5_sa_020;BTH;;0.53;0.0;14.19;-14.76;0.0;7.93;7.51;0.0;0.0;0;0.0;0;37.87;0.0;0.0;0.0;0.53
2025;1;171;beauce_5_sa_021;BTH;;23.26;2.77;30.88;44.4;182.15;298.81;375.94;0.07;0.0;0;109.12;0;14.11;0.02;0.05;2.77;23.26
2025;172;312;beauce_5_sa_021;solnu;;0.0;0.0;40.63;10.78;0.0;375.94;427.94;0.09;0.0;0;0;0;-141.35;0.05;0.03;0.0;0.0
2025;313;365;beauce_5_sa_021;BTH;;6.44;0.0;5.45;-83.65;1.41;428.1;341.8;0.09;0.0;0;0.83;0;13.0;0.09;0.0;0.0;6.44
2025;1;220;beauce_5_sa_022;BTH;;12.75;2.1;70.01;37.67;124.86;139.77;267.39;0.13;0.0;0;80.47;0;-61.07;0.06;0.06;2.1;12.75
2025;221;262;beauce_5_sa_022;solnu;;0.0;0.0;17.74;-15.64;0.0;267.39;269.48;0.01;0.0;0;0;0;-103.84;0.0;0.0;0.0;0.0
2025;263;365;beauce_5_sa_022;BTH;;9.18;0.0;16.92;-87.56;58.23;269.93;131.31;0.1;0.02;0;34.27;0;84.93;0.09;0.01;0.0;9.18
2025;1;180;beauce_5_sa_023;BTH;;6.43;1.49;40.07;27.04;117.57;68.27;123.19;0.09;0.0;0;73.72;0;16.06;0.05;0.04;1.49;6.43
2025;181;263;beauce_5_sa_023;solnu;;0.0;0.0;37.82;-4.21;0.0;123.19;156.78;0.02;0.0;0;0;0;-160.29;0.0;0.02;0.0;0.0
2025;264;365;beauce_5_sa_023;BTH;;3.1;0.0;16.47;-85.34;31.81;157.46;52.96;0.04;0.0;0;18.72;0;64.38;0.03;0.01;0.0;3.1
2025;1;229;beauce_5_sa_024;BTH;;1.51;0.0;62.13;20.87;53.1;18.85;47.16;0.05;0.0;0;31.24;0;-335.25;0.0;0.05;0.0;1.51
2025;230;275;beauce_5_sa_024;solnu;;0.11;0.0;12.59;-52.28;0.0;47.16;8.23;0.0;0.0;0;0;0;-67.95;0.0;0.0;0.0;0.11
2025;276;365;beauce_5_sa_024;BTH;;0.75;0.0;11.4;-11.32;0.0;8.29;7.57;0.0;0.0;0;0.0;0;1.2;0.0;0.0;0.0;0.75
2025;1;183;beauce_5_sa_025;BTH;;5.49;1.0;41.22;25.9;82.44;58.79;113.32;0.06;0.0;0;52.23;0;-29.83;0.02;0.04;1.0;5.49
2025;184;264;beauce_5_sa_025;solnu;;0.0;0.0;34.24;-6.85;0.0;113.32;140.7;0.02;0.0;0;0;0;-167.84;0.0;0.02;0.0;0.0
2025;265;365;beauce_5_sa_025;BTH;;3.89;0.0;15.41;-74.38;33.39;141.03;44.41;0.04;0.0;0;19.65;0;31.1;0.03;0.01;0.0;3.89
2025;1;199;beauce_5_sa_026;BTH;;0.87;0.0;50.69;17.83;45.75;10.24;32.12;0.04;0.0;0;28.69;0;-208.14;0.0;0.04;0.0;0.87
2025;200;275;beauce_5_sa_026;solnu;;0.08;0.0;23.34;-16.12;0.0;32.12;39.24;0.02;0.0;0;0;0;-154.23;0.01;0.01;0.0;0.08
2025;276;365;beauce_5_sa_026;BTH;;0.79;0.0;11.56;-40.95;1.5;39.56;7.88;0.0;0.0;0;0.88;0;-22.67;0.0;0.0;0.0;0.79
2025;1;172;beauce_5_sa_027;BTH;;1.51;0.0;31.25;8.6;45.07;18.09;11.36;0.02;0.0;0;26.52;0;-102.57;0.0;0.02;0.0;1.51
2025;173;312;beauce_5_sa_027;solnu;;0.13;0.0;45.26;-0.86;0.0;11.36;55.58;0.06;0.0;0;0;0;-253.18;0.03;0.03;0.0;0.13
2025;313;365;beauce_5_sa_027;BTH;;1.32;0.0;4.92;-42.1;0.0;55.7;17.05;0.02;0.0;0;0.0;0;-15.08;0.01;0.0;0.0;1.32
2025;1;187;beauce_5_sa_028;BTH;;1.49;0.0;40.94;34.08;57.9;16.91;32.54;0.05;0.0;0;34.23;0;-239.39;0.0;0.05;0.0;1.49
2025;188;261;beauce_5_sa_028;solnu;;0.0;0.0;26.66;-12.54;0.0;32.54;46.65;0.01;0.0;0;0;0;-187.37;0.0;0.01;0.0;0.0
2025;262;365;beauce_5_sa_028;BTH;;1.0;0.0;14.96;-48.68;3.0;47.26;8.92;0.01;0.0;0;1.77;0;-50.43;0.01;0.0;0.0;1.0
2025;1;184;beauce_5_sa_029;BTH;;0.54;0.0;38.79;18.7;58.42;6.5;3.5;0.03;0.0;0;34.38;0;-162.13;0.0;0.03;0.0;0.54
2025;185;297;beauce_5_sa_029;solnu;;0.02;0.0;38.19;-38.52;0.0;3.5;4.93;0.02;0.0;0;0;0;-249.33;0.01;0.01;0.0;0.02
2025;298;365;beauce_5_sa_029;BTH;;0.41;0.0;7.18;-7.88;0.0;5.07;4.59;0.0;0.0;0;0.0;0;-22.36;0.0;0.0;0.0;0.41
2025;1;197;beauce_5_sa_030;BTH;;1.18;0.42;49.4;22.68;104.71;34.03;31.69;0.06;0.0;0;61.78;0;-85.88;0.02;0.04;0.42;1.18
2025;198;279;beauce_5_sa_030;solnu;;0.0;0.0;28.68;-54.27;0.0;31.69;8.0;0.01;0.0;0;0;0;-167.35;0.0;0.01;0.0;0.0
2025;280;365;beauce_5_sa_030;BTH;;0.67;0.32;10.87;-12.08;0.13;8.26;30.58;0.01;0.0;0;0.07;0;21.72;0.0;0.0;0.32;0.67
2025;1;193;beauce_5_sa_031;BTH;;7.27;1.29;49.75;33.17;82.76;79.35;168.85;0.12;0.0;0;57.02;0;-76.66;0.07;0.05;1.29;7.27
2025;194;256;beauce_5_sa_031;solnu;;0.0;0.0;28.69;-78.0;0.0;168.85;119.53;0.01;0.0;0;0;0;-151.27;0.0;0.01;0.0;0.0
2025;257;365;beauce_5_sa_031;BTH;;5.22;0.0;18.65;-4.1;64.44;117.75;64.36;0.06;0.01;0;37.92;0;64.55;0.04;0.02;0.0;5.22
2025;1;176;beauce_5_sa_032;BTH;;7.2;1.46;37.18;27.4;106.08;84.03;144.98;0.05;0.0;0;62.42;0;39.19;0.02;0.04;1.46;7.2
2025;177;274;beauce_5_sa_032;solnu;;0.0;0.0;42.18;-31.11;0.0;144.98;155.99;0.05;0.0;0;0;0;-171.8;0.03;0.02;0.0;0.0
2025;275;365;beauce_5_sa_032;BTH;;4.9;0.0;13.21;-52.94;37.0;150.63;74.31;0.05;0.0;0;21.77;0;62.34;0.04;0.01;0.0;4.9
2025;1;230;beauce_5_sa_033;BTH;;16.08;2.59;77.9;52.79;176.27;181.63;314.31;0.15;0.0;0;106.63;0;-214.26;0.07;0.08;2.59;16.08
2025;231;270;beauce_5_sa_033;solnu;;0.0;0.0;17.23;-14.54;0.0;314.31;316.87;0.1;0.02;0;0;0;-112.57;0.1;0.0;0.0;0.0
2025;271;365;beauce_5_sa_033;BTH;;8.03;0.0;13.52;-84.23;44.56;317.1;193.51;0.06;0.0;0;26.22;0;50.07;0.05;0.01;0.0;8.03
2025;1;209;beauce_5_sa_034;BTH;;2.41;0.0;55.94;32.41;107.11;63.11;41.99;0.08;0.0;0;65.37;0;-142.57;0.03;0.05;0.0;2.41
2025;210;293;beauce_5_sa_034;solnu;;0.0;0.0;24.59;-48.98;0.0;41.99;20.32;0.02;0.0;0;0;0;-155.79;0.01;0.01;0.0;0.0
2025;294;365;beauce_5_sa_034;BTH;;1.8;0.8;8.11;-24.09;2.7;20.32;62.68;0.03;0.0;0;1.59;0;-25.16;0.03;0.0;0.8;1.8
2025;1;225;beauce_5_sa_035;BTH;;5.21;1.1;66.97;35.73;116.76;69.98;133.38;0.09;0.0;0;70.08;0;-168.79;0.03;0.06;1.1;5.21
2025;226;271;beauce_5_sa_035;solnu;;0.0;0.0;15.26;-107.19;0.0;133.38;41.44;0.01;0.0;0;0;0;-44.11;0.01;0.0;0.0;0.0
2025;272;365;beauce_5_sa_035;BTH;;2.97;0.21;13.41;7.37;17.36;40.74;57.46;0.03;0.0;0;10.22;0;84.52;0.01;0.01;0.21;2.97
2025;1;177;beauce_5_sa_036;BTH;;2.36;0.47;35.22;9.32;63.9;28.23;40.03;0.03;0.0;0;37.6;0;-21.87;0.0;0.03;0.47;2.36
2025;178;309;beauce_5_sa_036;solnu;;0.07;0.0;45.27;-55.91;0.0;40.03;29.37;0.06;0.0;0;0;0;-199.25;0.03;0.03;0.0;0.07
2025;310;365;beauce_5_sa_036;BTH;;1.71;0.0;5.58;-13.44;0.0;28.2;19.8;0.0;0.0;0;0.0;0;14.73;0.0;0.0;0.0;1.71
2025;1;197;beauce_5_sa_037;BTH;;1.92;1.26;52.93;22.07;141.74;22.31;47.97;0.07;0.0;0;83.41;0;-45.27;0.02;0.05;1.26;1.92
2025;198;273;beauce_5_sa_037;solnu;;0.0;0.0;32.09;-69.44;0.0;47.97;10.7;0.01;0.0;0;0;0;-119.38;0.0;0.01;0.0;0.0
2025;274;365;beauce_5_sa_037;BTH;;0.55;0.0;13.04;-13.09;0.0;10.7;10.17;0.0;0.0;0;0.0;0;71.0;0.0;0.0;0.0;0.55
2025;1;223;beauce_5_sa_038;BTH;;1.06;0.14;59.77;17.79;61.78;12.67;37.93;0.05;0.0;0;36.35;0;-236.72;0.0;0.05;0.14;1.06
2025;224;289;beauce_5_sa_038;solnu;;0.09;0.0;18.14;-51.38;0.0;37.93;6.17;0.0;0.0;0;0;0;-124.9;0.0;0.0;0.0;0.09
2025;290;365;beauce_5_sa_038;BTH;;0.51;0.0;8.63;-8.57;0.0;6.3;5.73;0.0;0.0;0;0.0;0;23.68;0.0;0.0;0.0;0.51
2025;1;185;beauce_5_sa_039;BTH;;1.33;0.0;40.47;27.07;83.8;29.12;10.12;0.05;0.0;0;51.25;0;-105.08;0.01;0.04;0.0;1.33
2025;186;309;beauce_5_sa_039;solnu;;0.02;0.0;39.28;-40.53;0.0;10.12;11.25;0.03;0.0;0;0;0;-241.55;0.01;0.02;0.0;0.02
2025;310;365;beauce_5_sa_039;BTH;;0.94;0.4;5.41;-13.65;0.85;11.19;33.45;0.01;0.0;0;0.5;0;-35.79;0.01;0.0;0.4;0.94
2025;1;215;beauce_5_sa_040;BTH;;6.54;1.5;63.31;30.82;112.87;78.14;164.95;0.06;0.0;0;66.42;0;-49.89;0.01;0.06;1.5;6.54
2025;216;290;beauce_5_sa_040;solnu;;0.0;0.0;24.52;-65.09;0.0;164.95;124.32;0.07;0.0;0;0;0;-112.58;0.06;0.01;0.0;0.0
2025;291;365;beauce_5_sa_040;BTH;;5.01;0.0;9.36;-36.53;11.54;121.46;80.56;0.03;0.0;0;6.79;0;57.03;0.03;0.0;0.0;5.01
2025;1;181;beauce_5_sa_041;BTH;;0.83;0.0;35.61;19.25;57.18;9.94;5.74;0.03;0.0;0;33.64;0;-151.08;0.0;0.03;0.0;0.83
2025;182;314;beauce_5_sa_041;solnu;;0.22;0.0;42.4;-40.85;0.0;5.74;7.74;0.03;0.0;0;0;0;-256.46;0.01;0.02;0.0;0.22
2025;315;365;beauce_5_sa_041;BTH;;0.43;0.0;4.66;-5.0;0.0;7.56;7.17;0.0;0.0;0;0.0;0;-12.69;0.0;0.0;0.0;0.43
2025;1;183;beauce_5_sa_042;BTH;;19.95;3.26;36.66;49.17;238.38;239.07;309.35;0.09;0.0;0;145.06;0;9.02;0.04;0.05;3.26;19.95
2025;184;295;beauce_5_sa_042;solnu;;0.0;0.0;26.34;-1.31;0.0;309.35;335.28;0.03;0.0;0;0;0;-87.8;0.01;0.02;0.0;0.0
2025;296;365;beauce_5_sa_042;BTH;;0.0;0.0;8.87;-76.75;6.11;335.81;261.18;0.1;0.0;0;3.6;0;52.93;0.1;0.0;0.0;0.0
2025;1;200;beauce_5_sa_043;BTH;;1.51;0.0;56.94;22.74;128.4;99.53;49.14;0.12;0.0;0;80.07;0;-200.06;0.07;0.05;0.0;1.51
2025;201;263;beauce_5_sa_043;solnu;;0.0;0.0;26.93;-67.06;0.0;49.14;12.58;0.0;0.0;0;0;0;-106.27;0.0;0.0;0.0;0.0
2025;264;365;beauce_5_sa_043;BTH;;0.75;1.12;15.74;-13.54;1.51;12.83;96.08;0.03;0.0;0;0.89;0;85.0;0.03;0.0;1.12;0.75
2025;1;187;beauce_5_sa_044;BTH;;0.7;0.0;41.59;16.06;58.34;8.35;5.71;0.04;0.0;0;34.33;0;-173.9;0.0;0.04;0.0;0.7
2025;188;309;beauce_5_sa_044;solnu;;0.03;0.0;37.67;-33.91;0.0;5.71;9.45;0.03;0.0;0;0;0;-217.27;0.01;0.02;0.0;0.03
2025;310;365;beauce_5_sa_044;BTH;;0.51;0.0;5.37;-10.5;0.0;6.85;5.88;0.0;0.0;0;0.0;0;-36.42;0.0;0.0;0.0;0.51
2025;1;216;beauce_5_sa_045;BTH;;10.57;1.84;59.85;54.73;129.65;125.87;238.17;0.07;0.0;0;77.18;0;-134.96;0.0;0.07;1.84;10.57
2025;217;292;beauce_5_sa_045;solnu;;0.0;0.0;23.13;-8.69;0.0;238.17;252.53;0.08;0.0;0;0;0;-135.97;0.07;0.01;0.0;0.0
2025;293;365;beauce_5_sa_045;BTH;;6.26;0.0;8.55;-90.16;8.54;252.92;156.04;0.07;0.0;0;5.03;0;17.16;0.07;0.0;0.0;6.26
2025;1;224;beauce_5_sa_046;BTH;;3.39;0.5;57.68;24.13;176.91;112.99;52.04;0.11;0.0;0;104.62;0;-25.18;0.06;0.05;0.5;3.39
2025;225;309;beauce_5_sa_046;solnu;;0.0;0.0;22.1;-50.12;0.0;52.04;29.66;0.01;0.0;0;0;0;-127.41;0.01;0.0;0.0;0.0
2025;310;365;beauce_5_sa_046;BTH;;1.14;1.18;5.72;-7.66;0.37;29.85;114.79;0.02;0.0;0;0.22;0;28.48;0.01;0.0;1.18;1.14
2025;1;213;beauce_5_sa_047;BTH;;5.87;0.96;60.3;31.98;78.76;68.06;147.32;0.06;0.0;0;46.35;0;-121.91;0.01;0.06;0.96;5.87
2025;214;272;beauce_5_sa_047;solnu;;0.01;0.0;19.28;-86.02;0.0;147.32;80.55;0.03;0.0;0;0;0;-83.52;0.02;0.0;0.0;0.01
2025;273;365;beauce_5_sa_047;BTH;;4.18;0.0;13.01;0.08;40.14;79.51;49.28;0.03;0.0;0;23.62;0;52.66;0.01;0.01;0.0;4.18
2025;1;214;beauce_5_sa_048;BTH;;1.9;0.92;62.42;32.35;123.66;21.7;59.43;0.1;0.0;0;72.77;0;-208.8;0.04;0.06;0.92;1.9
2025;215;264;beauce_5_sa_048;solnu;;0.0;0.0;19.56;-68.91;0.0;59.43;11.44;0.0;0.0;0;0;0;-103.06;0.0;0.0;0.0;0.0
2025;265;365;beauce_5_sa_048;BTH;;0.73;0.0;14.74;-14.95;0.0;11.14;10.49;0.0;0.0;0;0.0;0;56.64;0.0;0.0;0.0;0.73
2025;1;195;beauce_5_sa_049;BTH;;0.43;0.0;46.46;21.12;51.38;6.35;22.03;0.04;0.0;0;31.28;0;-225.61;0.0;0.04;0.0;0.43
2025;196;278;beauce_5_sa_049;solnu;;0.0;0.0;27.76;-48.58;0.0;22.03;2.68;0.0;0.0;0;0;0;-184.85;0.0;0.0;0.0;0.0
2025;279;365;beauce_5_sa_049;BTH;;0.23;0.0;10.7;-10.78;0.0;2.58;2.36;0.0;0.0;0;0.0;0;-0.94;0.0;0.0;0.0;0.23
2025;1;177;beauce_5_sa_050;BTH;;1.04;0.0;34.77;19.43;48.98;11.88;16.14;0.03;0.0;0;29.7;0;-127.1;0.0;0.03;0.0;1.04
2025;178;266;beauce_5_sa_050;solnu;;0.0;0.0;35.01;-10.68;0.0;16.14;40.46;0.02;0.0;0;0;0;-231.76;0.0;0.02;0.0;0.0
2025;267;365;beauce_5_sa_050;BTH;;0.89;0.0;13.85;-44.38;1.5;40.83;7.71;0.01;0.0;0;0.88;0;-34.86;0.01;0.0;0.0;0.89
2025;1;193;beauce_5_sa_051;BTH;;8.96;2.22;48.87;41.49;173.82;97.32;171.16;0.11;0.0;0;105.81;0;-7.24;0.05;0.06;2.22;8.96
2025;194;282;beauce_5_sa_051;solnu;;0.0;0.0;37.82;-2.88;0.0;171.16;206.02;0.08;0.0;0;0;0;-162.67;0.05;0.02;0.0;0.0
2025;283;365;beauce_5_sa_051;BTH;;3.62;0.0;11.22;-88.52;23.47;206.3;101.58;0.04;0.0;0;13.81;0;55.64;0.04;0.0;0.0;3.62
2025;1;197;beauce_5_sa_052;BTH;;1.11;0.46;50.19;20.61;83.48;12.96;33.49;0.05;0.0;0;49.12;0;-130.77;0.01;0.04;0.46;1.11
2025;198;273;beauce_5_sa_052;solnu;;0.0;0.0;28.88;-57.11;0.0;33.49;6.22;0.01;0.0;0;0;0;-168.07;0.0;0.01;0.0;0.0
2025;274;365;beauce_5_sa_052;BTH;;0.44;0.0;12.37;-12.98;0.0;6.22;5.8;0.0;0.0;0;0.0;0;16.82;0.0;0.0;0.0;0.44
2025;1;171;beauce_5_sa_053;BTH;;19.51;2.64;32.65;37.67;167.72;250.85;133.0;0.07;0.0;0;106.26;0;-32.04;0.02;0.04;2.64;19.51
2025;172;291;beauce_5_sa_053;solnu;;0.0;0.0;42.29;-93.29;0.0;133.0;280.54;0.06;0.0;0;0;0;-122.87;0.04;0.02;0.0;0.0
2025;292;365;beauce_5_sa_053;BTH;;7.21;0.0;9.35;10.22;10.04;280.5;282.75;0.11;0.0;0;5.91;0;75.4;0.1;0.01;0.0;7.21
2025;1;210;beauce_5_sa_054;BTH;;0.79;1.31;62.69;26.52;153.91;10.8;43.3;0.07;0.0;0;91.36;0;-164.77;0.02;0.05;1.31;0.79
2025;211;277;beauce_5_sa_054;solnu;;0.0;0.0;27.23;-70.05;0.0;43.3;4.43;0.0;0.0;0;0;0;-102.59;0.0;0.0;0.0;0.0
2025;278;365;beauce_5_sa_054;BTH;;0.19;0.0;11.82;-11.75;0.0;4.55;4.3;0.0;0.0;0;0.0;0;80.39;0.0;0.0;0.0;0.19
2025;1;224;beauce_5_sa_055;BTH;;2.8;0.95;63.98;40.36;120.45;31.4;83.32;0.09;0.0;0;71.37;0;-226.42;0.03;0.06;0.95;2.8
2025;225;264;beauce_5_sa_055;solnu;;0.0;0.0;13.68;-15.42;0.0;83.32;81.57;0.0;0.0;0;0;0;-82.93;0.0;0.0;0.0;0.0
2025;265;365;beauce_5_sa_055;BTH;;2.3;0.0;14.1;-65.76;1.5;81.78;26.34;0.03;0.01;0;0.88;0;2.69;0.03;0.0;0.0;2.3
2025;1;189;beauce_5_sa_056;BTH;;0.84;0.0;43.75;20.82;49.94;11.89;25.59;0.04;0.0;0;32.26;0;-216.8;0.01;0.04;0.0;0.84
2025;190;264;beauce_5_sa_056;solnu;;0.0;0.0;28.96;-50.1;0.0;25.59;4.87;0.01;0.0;0;0;0;-192.89;0.0;0.01;0.0;0.0
2025;265;365;beauce_5_sa_056;BTH;;0.4;0.0;14.33;-14.45;0.0;4.8;4.34;0.0;0.0;0;0.0;0;-5.59;0.0;0.0;0.0;0.4
2025;1;188;beauce_5_sa_057;BTH;;2.83;0.0;44.3;33.29;148.93;118.91;44.63;0.12;0.0;0;89.57;0;-102.96;0.08;0.05;0.0;2.83
2025;189;264;beauce_5_sa_057;solnu;;0.0;0.0;32.74;-58.4;0.0;44.63;20.6;0.01;0.0;0;0;0;-166.91;0.0;0.01;0.0;0.0
2025;265;365;beauce_5_sa_057;BTH;;1.17;1.26;14.88;-16.46;1.51;20.09;110.94;0.03;0.0;0;0.89;0;53.21;0.03;0.0;1.26;1.17
2025;1;208;beauce_5_sa_058;BTH;;5.66;1.23;56.71;36.39;101.06;67.79;146.12;0.06;0.0;0;59.47;0;-113.62;0.0;0.06;1.23;5.66
2025;209;298;beauce_5_sa_058;solnu;;0.0;0.0;26.75;-7.35;0.0;146.12;165.45;0.07;0.0;0;0;0;-121.89;0.05;0.01;0.0;0.0
2025;299;365;beauce_5_sa_058;BTH;;4.59;0.0;7.3;-83.51;4.22;165.77;80.38;0.05;0.0;0;2.48;0;8.64;0.05;0.0;0.0;4.59
2025;1;194;beauce_5_sa_059;BTH;;0.65;0.0;45.3;15.48;58.77;7.75;9.09;0.04;0.0;0;34.58;0;-191.53;0.0;0.04;0.0;0.65
2025;195;315;beauce_5_sa_059;solnu;;0.22;0.0;34.58;-8.52;0.0;9.09;34.89;0.04;0.0;0;0;0;-204.85;0.03;0.02;0.0;0.22
2025;316;365;beauce_5_sa_059;BTH;;0.54;0.0;4.54;-31.26;0.0;35.14;8.84;0.0;0.0;0;0.0;0;-35.38;0.0;0.0;0.0;0.54
2025;1;181;beauce_5_sa_060;BTH;;1.47;0.0;36.58;27.23;52.39;16.06;25.94;0.04;0.0;0;31.87;0;-178.78;0.01;0.04;0.0;1.47
2025;182;257;beauce_5_sa_060;solnu;;0.0;0.0;30.33;-12.32;0.0;25.94;43.94;0.01;0.0;0;0;0;-209.93;0.0;0.01;0.0;0.0
2025;258;365;beauce_5_sa_060;BTH;;0.8;0.0;16.54;-50.35;1.5;44.27;7.82;0.0;0.0;0;0.88;0;-43.65;0.0;0.0;0.0;0.8
2025;1;194;beauce_5_sa_061;BTH;;2.99;0.0;44.74;25.61;151.7;116.15;32.51;0.1;0.0;0;89.43;0;-62.19;0.05;0.05;0.0;2.99
2025;195;302;beauce_5_sa_061;solnu;;0.0;0.0;33.14;-3.86;0.0;32.51;61.76;0.04;0.0;0;0;0;-149.68;0.02;0.02;0.0;0.0
2025;303;365;beauce_5_sa_061;BTH;;1.4;1.26;6.52;-46.25;0.13;62.11;118.35;0.02;0.0;0;0.07;0;-47.16;0.02;0.0;1.26;1.4
2025;1;221;beauce_5_sa_062;BTH;;2.17;0.4;63.63;22.02;77.1;24.05;60.5;0.06;0.0;0;45.91;0;-249.35;0.01;0.05;0.4;2.17
2025;222;262;beauce_5_sa_062;solnu;;0.0;0.0;13.64;-62.21;0.0;60.5;12.19;0.0;0.0;0;0;0;-87.59;0.0;0.0;0.0;0.0
2025;263;365;beauce_5_sa_062;BTH;;1.13;0.0;15.57;-15.65;0.0;12.55;11.07;0.0;0.0;0;0.0;0;43.43;0.0;0.0;0.0;1.13
2025;1;190;beauce_5_sa_063;BTH;;7.87;1.23;49.74;35.34;135.16;126.27;160.77;0.15;0.0;0;85.21;0;-59.69;0.1;0.05;1.23;7.87
2025;191;261;beauce_5_sa_063;solnu;;0.0;0.0;32.84;-91.34;0.0;160.77;102.26;0.01;0.0;0;0;0;-164.65;0.0;0.01;0.0;0.0
2025;262;365;beauce_5_sa_063;BTH;;4.59;0.54;17.53;0.18;47.17;98.74;108.59;0.07;0.01;0;27.75;0;99.46;0.05;0.02;0.54;4.59
2025;1;188;beauce_5_sa_064;BTH;;5.45;0.91;43.41;36.46;85.62;59.07;116.03;0.07;0.0;0;53.76;0;-135.77;0.03;0.05;0.91;5.45
2025;189;265;beauce_5_sa_064;solnu;;0.0;0.0;29.87;-6.38;0.0;116.03;139.51;0.02;0.0;0;0;0;-161.09;0.0;0.02;0.0;0.0
2025;266;365;beauce_5_sa_064;BTH;;4.04;0.0;14.48;-75.11;30.3;139.97;44.49;0.04;0.0;0;17.83;0;2.17;0.04;0.01;0.0;4.04
2025;1;194;beauce_5_sa_065;BTH;;0.34;0.0;45.7;15.75;56.48;4.03;8.63;0.04;0.0;0;33.24;0;-184.05;0.0;0.04;0.0;0.34
2025;195;304;beauce_5_sa_065;solnu;;0.03;0.0;33.6;-38.87;0.0;8.63;4.42;0.03;0.0;0;0;0;-205.42;0.01;0.01;0.0;0.03
2025;305;365;beauce_5_sa_065;BTH;;0.37;0.0;5.94;-6.84;0.0;4.4;4.11;0.0;0.0;0;0.0;0;-23.08;0.0;0.0;0.0;0.37
2025;1;185;beauce_5_sa_066;BTH;;2.45;0.0;39.02;32.79;133.22;20.93;28.48;0.09;0.0;0;78.39;0;-110.18;0.05;0.05;0.0;2.45
2025;186;288;beauce_5_sa_066;solnu;;0.0;0.0;35.82;-0.32;0.0;28.48;63.93;0.05;0.0;0;0;0;-200.02;0.02;0.02;0.0;0.0
2025;289;365;beauce_5_sa_066;BTH;;1.32;0.95;8.73;-51.35;0.13;64.23;93.01;0.01;0.0;0;0.07;0;-44.27;0.01;0.0;0.95;1.32
2025;1;185;beauce_5_sa_067;BTH;;8.18;1.8;44.49;37.89;127.28;97.48;179.0;0.07;0.0;0;74.9;0;-37.7;0.02;0.05;1.8;8.18
2025;186;278;beauce_5_sa_067;solnu;;0.0;0.0;38.16;-102.66;0.0;179.0;114.46;0.04;0.0;0;0;0;-136.3;0.03;0.01;0.0;0.0
2025;279;365;beauce_5_sa_067;BTH;;4.85;0.0;12.09;14.98;29.49;114.48;107.11;0.09;0.0;0;17.35;0;65.45;0.07;0.02;0.0;4.85
2025;1;207;beauce_5_sa_068;BTH;;0.64;0.0;51.45;26.32;61.32;7.64;23.44;0.05;0.0;0;36.09;0;-279.52;0.0;0.05;0.0;0.64
2025;208;302;beauce_5_sa_068;solnu;;0.05;0.0;24.9;-11.09;0.0;23.44;37.16;0.03;0.0;0;0;0;-162.09;0.02;0.01;0.0;0.05
2025;303;365;beauce_5_sa_068;BTH;;0.64;0.0;5.97;-35.97;0.0;37.46;7.21;0.01;0.0;0;0.0;0;-36.67;0.0;0.0;0.0;0.64
2025;1;174;beauce_5_sa_069;BTH;;0.82;0.0;32.63;21.49;57.34;10.24;6.11;0.03;0.0;0;33.74;0;-146.7;0.0;0.03;0.0;0.82
2025;175;287;beauce_5_sa_069;solnu;;0.03;0.0;41.35;-44.7;0.0;6.11;4.88;0.01;0.0;0;0;0;-260.96;0.0;0.01;0.0;0.03
2025;288;365;beauce_5_sa_069;BTH;;0.41;0.0;8.96;-8.92;0.0;4.88;4.52;0.0;0.0;0;0.0;0;-3.52;0.0;0.0;0.0;0.41
2025;1;202;beauce_5_sa_070;BTH;;7.66;1.23;58.65;36.71;77.45;82.91;185.6;0.08;0.0;0;54.32;0;-105.8;0.02;0.06;1.23;7.66
2025;203;257;beauce_5_sa_070;solnu;;0.0;0.0;21.8;-14.31;0.0;185.6;193.09;0.01;0.0;0;0;0;-118.74;0.0;0.01;0.0;0.0
2025;258;365;beauce_5_sa_070;BTH;;5.53;0.0;18.5;-72.18;65.88;193.48;67.93;0.07;0.01;0;38.77;0;44.05;0.05;0.01;0.0;5.53
2025;1;202;beauce_5_sa_071;BTH;;5.55;1.1;57.91;27.98;82.28;58.15;138.98;0.09;0.0;0;53.77;0;-105.81;0.04;0.05;1.1;5.55
2025;203;260;beauce_5_sa_071;solnu;;0.0;0.0;21.71;-82.8;0.0;138.98;77.9;0.0;0.0;0;0;0;-104.02;0.0;0.0;0.0;0.0
2025;261;365;beauce_5_sa_071;BTH;;3.44;0.0;17.34;-4.83;41.07;75.71;45.84;0.04;0.01;0;24.17;0;70.63;0.03;0.02;0.0;3.44
2025;1;171;beauce_5_sa_072;BTH;;10.33;1.98;35.81;30.12;114.8;115.33;204.13;0.07;0.0;0;72.02;0;4.28;0.03;0.04;1.98;10.33
2025;172;264;beauce_5_sa_072;solnu;;0.0;0.0;41.32;-98.05;0.0;204.13;147.38;0.03;0.0;0;0;0;-140.87;0.01;0.02;0.0;0.0
2025;265;365;beauce_5_sa_072;BTH;;4.79;0.0;16.27;14.63;53.77;147.03;119.62;0.11;0.0;0;31.64;0;85.91;0.09;0.02;0.0;4.79
2025;1;224;beauce_5_sa_073;BTH;;5.06;0.74;62.63;36.16;185.56;114.59;78.5;0.1;0.0;0;111.13;0;-49.53;0.04;0.06;0.74;5.06
2025;225;300;beauce_5_sa_073;solnu;;0.0;0.0;22.02;-59.17;0.0;78.5;41.31;0.04;0.0;0;0;0;-91.22;0.03;0.01;0.0;0.0
2025;301;365;beauce_5_sa_073;BTH;;2.01;1.18;7.25;-19.13;1.51;41.18;115.42;0.03;0.0;0;0.89;0;31.65;0.03;0.0;1.18;2.01
2025;1;172;beauce_5_sa_074;BTH;;3.79;0.53;32.6;28.17;144.04;75.58;28.61;0.06;0.0;0;86.69;0;32.69;0.03;0.04;0.53;3.79
2025;173;312;beauce_5_sa_074;solnu;;0.0;0.0;45.35;-43.2;0.0;28.61;30.72;0.05;0.0;0;0;0;-164.54;0.02;0.03;0.0;0.0
2025;313;365;beauce_5_sa_074;BTH;;1.43;0.8;5.45;-15.48;0.85;30.27;80.25;0.02;0.0;0;0.5;0;-4.74;0.02;0.0;0.8;1.43
2025;1;171;beauce_5_sa_075;BTH;;9.12;1.51;33.56;31.51;115.11;107.98;160.71;0.04;0.0;0;68.62;0;16.06;0.0;0.04;1.51;9.12
2025;172;283;beauce_5_sa_075;solnu;;0.0;0.0;44.83;-28.45;0.0;160.71;177.37;0.07;0.0;0;0;0;-188.34;0.04;0.03;0.0;0.0
2025;284;365;beauce_5_sa_075;BTH;;4.42;0.0;10.71;-53.47;22.05;172.58;108.08;0.06;0.0;0;12.98;0;47.78;0.05;0.0;0.0;4.42
2025;1;179;beauce_5_sa_076;BTH;;3.19;0.83;36.61;5.71;90.93;38.22;47.21;0.03;0.0;0;53.51;0;23.26;0.0;0.03;0.83;3.19
2025;180;313;beauce_5_sa_076;solnu;;0.0;0.0;44.14;3.67;0.0;47.21;95.09;0.07;0.0;0;0;0;-164.52;0.04;0.03;0.0;0.0
2025;314;365;beauce_5_sa_076;BTH;;1.92;0.0;5.27;-66.55;0.0;95.49;31.86;0.02;0.0;0;0.0;0;5.43;0.02;0.0;0.0;1.92
2025;1;187;beauce_5_sa_077;BTH;;4.85;0.4;40.71;38.45;169.12;129.87;65.52;0.11;0.0;0;101.62;0;-84.89;0.06;0.05;0.4;4.85
2025;188;291;beauce_5_sa_077;solnu;;0.0;0.0;34.64;0.74;0.0;65.52;100.84;0.05;0.0;0;0;0;-160.84;0.03;0.02;0.0;0.0
2025;292;365;beauce_5_sa_077;BTH;;1.8;1.18;8.67;-68.6;3.6;101.08;123.63;0.02;0.0;0;2.12;0;9.98;0.01;0.0;1.18;1.8
2025;1;222;beauce_5_sa_078;BTH;;3.31;0.8;64.53;37.63;87.73;39.71;110.85;0.07;0.0;0;53.26;0;-276.72;0.01;0.06;0.8;3.31
2025;223;272;beauce_5_sa_078;solnu;;0.0;0.0;16.37;-102.2;0.0;110.85;25.01;0.0;0.0;0;0;0;-14.66;0.0;0.0;0.0;0.0
2025;273;365;beauce_5_sa_078;BTH;;1.94;0.0;13.07;17.27;24.71;25.38;28.67;0.03;0.0;0;14.54;0;33.19;0.01;0.02;0.0;1.94
2025;1;225;beauce_5_sa_079;BTH;;11.58;2.63;57.75;49.7;215.01;137.55;215.35;0.09;0.0;0;126.52;0;-94.39;0.02;0.06;2.63;11.58
2025;226;300;beauce_5_sa_079;solnu;;0.0;0.0;21.71;-79.76;0.0;215.35;157.23;0.07;0.0;0;0;0;-59.53;0.06;0.01;0.0;0.0
2025;301;365;beauce_5_sa_079;BTH;;0.0;0.0;7.27;-10.46;3.11;155.81;150.85;0.07;0.0;0;1.83;0;54.31;0.06;0.0;0.0;0.0
2025;1;217;beauce_5_sa_080;BTH;;1.81;0.25;59.35;30.67;123.33;62.26;46.28;0.09;0.0;0;73.65;0;-91.59;0.03;0.06;0.25;1.81
2025;218;293;beauce_5_sa_080;solnu;;0.0;0.0;22.75;-14.14;0.0;46.28;54.86;0.03;0.0;0;0;0;-114.01;0.02;0.01;0.0;0.0
2025;294;365;beauce_5_sa_080;BTH;;1.2;0.81;8.25;-54.23;0.85;55.06;71.2;0.02;0.0;0;0.5;0;-44.54;0.02;0.0;0.81;1.2
2025;1;214;beauce_5_sa_081;BTH;;8.85;1.55;59.98;48.74;105.13;97.56;208.89;0.1;0.0;0;65.06;0;-165.28;0.04;0.07;1.55;8.85
2025;215;267;beauce_5_sa_081;solnu;;0.0;0.0;17.87;-13.11;0.0;208.89;213.61;0.05;0.0;0;0;0;-114.86;0.04;0.01;0.0;0.0
2025;268;365;beauce_5_sa_081;BTH;;7.23;0.0;13.88;-79.24;47.56;213.96;93.41;0.05;0.0;0;27.99;0;17.95;0.04;0.01;0.0;7.23
2025;1;185;beauce_5_sa_082;BTH;;1.27;0.83;42.25;14.77;116.04;15.23;17.19;0.04;0.0;0;68.28;0;-24.5;0.0;0.03;0.83;1.27
2025;186;292;beauce_5_sa_082;solnu;;0.0;0.0;38.53;-48.54;0.0;17.19;10.12;0.03;0.0;0;0;0;-197.43;0.01;0.02;0.0;0.0
2025;293;365;beauce_5_sa_082;BTH;;0.58;0.0;8.77;-10.23;0.0;10.12;9.62;0.0;0.0;0;0.0;0;9.89;0.0;0.0;0.0;0.58
2025;1;220;beauce_5_sa_083;BTH;;12.3;2.21;60.25;40.48;157.88;146.53;243.16;0.06;0.0;0;92.9;0;-35.96;0.0;0.06;2.21;12.3
2025;221;311;beauce_5_sa_083;solnu;;0.0;0.0;25.6;-107.37;0.0;243.16;161.32;0.08;0.0;0;0;0;-26.88;0.07;0.01;0.0;0.0
2025;312;365;beauce_5_sa_083;BTH;;4.1;0.0;5.79;3.55;1.47;161.27;165.02;0.06;0.0;0;0.87;0;53.86;0.06;0.01;0.0;4.1
2025;1;184;beauce_5_sa_084;BTH;;0.33;0.0;39.01;19.96;54.09;5.07;9.57;0.04;0.0;0;32.23;0;-150.16;0.0;0.04;0.0;0.33
2025;185;283;beauce_5_sa_084;solnu;;0.02;0.0;35.44;-45.55;0.0;9.57;1.95;0.01;0.0;0;0;0;-244.75;0.0;0.01;0.0;0.02
2025;284;365;beauce_5_sa_084;BTH;;0.16;0.0;9.81;-9.7;0.0;1.95;1.89;0.0;0.0;0;0.0;0;-0.06;0.0;0.0;0.0;0.16
2025;1;188;beauce_5_sa_085;BTH;;7.08;1.25;45.34;36.21;95.94;81.59;154.14;0.06;0.0;0;56.46;0;-38.14;0.01;0.05;1.25;7.08
2025;189;272;beauce_5_sa_085;solnu;;0.0;0.0;33.89;-84.5;0.0;154.14;103.5;0.04;0.0;0;0;0;-157.3;0.02;0.01;0.0;0.0
2025;273;365;beauce_5_sa_085;BTH;;4.56;0.0;13.3;1.74;41.48;102.36;72.43;0.05;0.0;0;24.41;0;58.63;0.04;0.01;0.0;4.56
2025;1;184;beauce_5_sa_086;BTH;;4.67;0.0;37.49;43.76;152.27;111.24;34.23;0.1;0.0;0;91.54;0;-93.35;0.05;0.05;0.0;4.67
2025;185;299;beauce_5_sa_086;solnu;;0.0;0.0;36.74;2.34;0.0;34.23;73.69;0.04;0.0;0;0;0;-187.17;0.02;0.02;0.0;0.0
2025;300;365;beauce_5_sa_086;BTH;;2.04;1.24;6.9;-63.0;1.51;74.03;108.6;0.03;0.0;0;0.89;0;-34.16;0.03;0.0;1.24;2.04
2025;1;205;beauce_5_sa_087;BTH;;1.49;0.0;53.03;25.32;94.03;50.23;33.11;0.08;0.0;0;56.41;0;-167.28;0.03;0.05;0.0;1.49
2025;206;290;beauce_5_sa_087;solnu;;0.0;0.0;25.25;-53.53;0.0;33.11;11.14;0.0;0.0;0;0;0;-194.5;0.0;0.0;0.0;0.0
2025;291;365;beauce_5_sa_087;BTH;;0.98;0.56;8.48;-11.26;0.85;11.14;48.93;0.01;0.0;0;0.5;0;15.99;0.01;0.0;0.56;0.98
2025;1;201;beauce_5_sa_088;BTH;;7.77;1.61;51.85;58.02;141.32;92.4;173.77;0.07;0.0;0;85.66;0;-166.14;0.0;0.07;1.61;7.77
2025;202;291;beauce_5_sa_088;solnu;;0.0;0.0;28.24;-2.23;0.0;173.77;199.7;0.07;0.0;0;0;0;-162.41;0.06;0.02;0.0;0.0
2025;292;365;beauce_5_sa_088;BTH;;3.78;0.0;8.51;-89.08;10.04;199.94;105.25;0.05;0.0;0;5.91;0;5.42;0.05;0.0;0.0;3.78
2025;1;211;beauce_5_sa_089;BTH;;1.0;0.0;54.42;25.7;53.33;11.95;37.88;0.05;0.0;0;31.38;0;-278.48;0.0;0.05;0.0;1.0
2025;212;280;beauce_5_sa_089;solnu;;0.17;0.0;19.62;-48.43;0.0;37.88;8.99;0.02;0.0;0;0;0;-123.53;0.01;0.0;0.0;0.17
2025;281;365;beauce_5_sa_089;BTH;;0.75;0.0;10.06;-10.61;0.0;8.99;8.27;0.0;0.0;0;0.0;0;-22.4;0.0;0.0;0.0;0.75
2025;1;228;beauce_5_sa_090;BTH;;2.9;0.92;67.54;27.73;157.63;58.93;62.75;0.1;0.0;0;94.69;0;-150.13;0.04;0.06;0.92;2.9
2025;229;286;beauce_5_sa_090;solnu;;0.0;0.0;19.37;-66.57;0.0;62.75;18.43;0.0;0.0;0;0;0;-75.39;0.0;0.0;0.0;0.0
2025;287;365;beauce_5_sa_090;BTH;;0.89;0.51;9.67;-12.64;1.51;18.44;51.53;0.02;0.0;0;0.89;0;68.01;0.02;0.0;0.51;0.89
2025;1;172;beauce_5_sa_091;BTH;;2.3;0.41;32.46;20.81;70.91;27.39;36.83;0.03;0.0;0;41.73;0;-74.4;0.0;0.03;0.41;2.3
2025;173;302;beauce_5_sa_091;solnu;;0.0;0.0;46.26;-67.56;0.0;36.83;15.59;0.02;0.0;0;0;0;-197.49;0.01;0.02;0.0;0.0
2025;303;365;beauce_5_sa_091;BTH;;1.28;0.0;6.52;-6.47;0.0;15.59;14.36;0.0;0.0;0;0.0;0;15.27;0.0;0.0;0.0;1.28
2025;1;217;beauce_5_sa_092;BTH;;0.81;0.0;56.58;24.22;46.47;9.59;43.08;0.05;0.0;0;27.35;0;-290.21;0.0;0.05;0.0;0.81
2025;218;274;beauce_5_sa_092;solnu;;0.09;0.0;16.13;-16.8;0.0;43.08;42.29;0.02;0.0;0;0;0;-104.58;0.02;0.0;0.0;0.09
2025;275;365;beauce_5_sa_092;BTH;;0.84;0.0;11.5;-41.55;3.0;42.49;8.41;0.0;0.0;0;1.77;0;-26.8;0.0;0.0;0.0;0.84
2025;1;212;beauce_5_sa_093;BTH;;0.67;0.88;56.7;16.08;120.75;8.06;25.07;0.05;0.0;0;71.05;0;-74.62;0.0;0.04;0.88;0.67
2025;213;307;beauce_5_sa_093;solnu;;0.0;0.0;26.13;-47.61;0.0;25.07;7.16;0.02;0.0;0;0;0;-135.12;0.01;0.01;0.0;0.0
2025;308;365;beauce_5_sa_093;BTH;;0.33;0.0;5.83;-8.16;0.0;7.16;6.87;0.0;0.0;0;0.0;0;-12.9;0.0;0.0;0.0;0.33
2025;1;215;beauce_5_sa_094;BTH;;2.31;1.19;59.23;18.83;124.03;27.7;68.28;0.05;0.0;0;72.99;0;-40.9;0.0;0.05;1.19;2.31
2025;216;314;beauce_5_sa_094;solnu;;0.0;0.0;26.99;-73.44;0.0;68.28;22.03;0.04;0.0;0;0;0;-61.47;0.03;0.01;0.0;0.0
2025;315;365;beauce_5_sa_094;BTH;;1.0;0.0;5.11;-5.02;0.0;22.02;21.11;0.0;0.0;0;0.0;0;32.11;0.0;0.0;0.0;1.0
2025;1;187;beauce_5_sa_095;BTH;;7.11;1.15;46.42;28.33;72.62;74.38;155.92;0.07;0.0;0;50.61;0;-32.56;0.03;0.04;1.15;7.11
2025;188;257;beauce_5_sa_095;solnu;;0.0;0.0;30.39;-10.74;0.0;155.92;175.56;0.01;0.0;0;0;0;-138.0;0.0;0.01;0.0;0.0
2025;258;365;beauce_5_sa_095;BTH;;4.79;0.0;18.48;-69.7;60.86;175.96;58.63;0.05;0.0;0;35.81;0;46.31;0.04;0.01;0.0;4.79
2025;1;194;beauce_5_sa_096;BTH;;0.55;0.0;46.23;20.95;51.6;7.83;22.79;0.04;0.0;0;31.41;0;-219.65;0.0;0.04;0.0;0.55
2025;195;274;beauce_5_sa_096;solnu;;0.0;0.0;27.91;-49.6;0.0;22.79;3.07;0.0;0.0;0;0;0;-191.96;0.0;0.0;0.0;0.0
2025;275;365;beauce_5_sa_096;BTH;;0.28;0.0;11.76;-11.64;0.0;3.09;2.91;0.0;0.0;0;0.0;0;2.12;0.0;0.0;0.0;0.28
2025;1;190;beauce_5_sa_097;BTH;;16.47;2.45;44.33;59.07;172.26;194.25;292.92;0.07;0.0;0;108.87;0;-93.41;0.0;0.06;2.45;16.47
2025;191;286;beauce_5_sa_097;solnu;;0.0;0.0;35.26;2.83;0.0;292.92;330.94;0.08;0.0;0;0;0;-173.3;0.06;0.02;0.0;0.0
2025;287;365;beauce_5_sa_097;BTH;;6.23;0.0;9.73;-84.82;16.05;331.33;233.47;0.1;0.0;0;9.44;0;19.56;0.1;0.0;0.0;6.23
2025;1;193;beauce_5_sa_098;BTH;;5.57;1.37;48.83;27.96;110.17;66.36;129.82;0.06;0.0;0;64.83;0;-7.82;0.01;0.05;1.37;5.57
2025;194;290;beauce_5_sa_098;solnu;;0.0;0.0;36.69;-84.23;0.0;129.82;82.21;0.06;0.0;0;0;0;-138.86;0.05;0.02;0.0;0.0
2025;291;365;beauce_5_sa_098;BTH;;4.1;0.0;9.48;-8.69;11.54;81.07;67.33;0.03;0.0;0;6.79;0;60.68;0.03;0.01;0.0;4.1
2025;1;174;beauce_5_sa_099;BTH;;4.51;1.28;34.18;20.37;126.67;53.84;72.0;0.04;0.0;0;74.54;0;16.44;0.0;0.03;1.28;4.51
2025;175;316;beauce_5_sa_099;solnu;;0.0;0.0;46.46;-85.43;0.0;72.0;33.16;0.05;0.0;0;0;0;-120.4;0.02;0.02;0.0;0.0
2025;317;365;beauce_5_sa_099;BTH;;1.45;0.0;4.95;-4.82;0.0;33.16;31.84;0.0;0.0;0;0.0;0;33.82;0.0;0.0;0.0;1.45
2026;1;174;beauce_5_sa_000;BTH;;1.8;0.0;34.55;18.52;77.65;39.07;12.66;0.06;0.0;0;46.19;0;-47.99;0.03;0.03;0.0;1.8
2026;175;257;beauce_5_sa_000;solnu;;0.0;0.0;32.44;-43.87;0.0;12.66;4.87;0.01;0.0;0;0;0;-186.79;0.0;0.01;0.0;0.0
2026;258;365;beauce_5_sa_000;BTH;;0.55;0.48;17.11;-17.74;0.0;4.87;4.37;0.0;0.0;0;0.0;0;21.08;0.0;0.0;0.48;0.55
2026;1;178;beauce_5_sa_001;BTH;;3.61;0.0;33.46;2.8;55.78;32.99;9.75;0.03;0.0;0;32.82;0;-51.11;0.0;0.03;0.0;3.61
2026;179;311;beauce_5_sa_001;solnu;;0.45;0.0;41.99;-3.09;0.0;9.75;48.12;0.06;0.02;0;0;0;-208.76;0.04;0.02;0.0;0.45
2026;312;365;beauce_5_sa_001;BTH;;0.67;0.22;5.24;-32.14;0.0;48.26;21.4;0.0;0.0;0;0.0;0;-25.18;0.0;0.0;0.22;0.67
2026;1;180;beauce_5_sa_002;BTH;;3.27;0.73;34.4;11.42;108.12;19.87;9.3;0.05;0.0;0;64.12;0;41.62;0.02;0.03;0.73;3.27
2026;181;304;beauce_5_sa_002;solnu;;0.0;0.0;40.55;2.58;0.0;9.3;52.37;0.07;0.02;0;0;0;-141.33;0.04;0.03;0.0;0.0
2026;305;365;beauce_5_sa_002;BTH;;0.0;0.2;6.42;-51.25;0.99;52.55;25.43;0.0;0.0;0;0.58;0;-45.85;0.0;0.0;0.2;0.0
2026;1;202;beauce_5_sa_003;BTH;;2.2;0.45;47.01;23.69;86.44;10.64;26.16;0.05;0.0;0;50.86;0;-111.81;0.01;0.04;0.45;2.2
2026;203;285;beauce_5_sa_003;solnu;;0.0;0.0;26.42;-10.52;0.0;26.16;42.04;0.01;0.0;0;0;0;-155.93;0.0;0.01;0.0;0.0
2026;286;365;beauce_5_sa_003;BTH;;0.64;0.0;10.38;-47.68;0.0;42.25;5.3;0.01;0.0;0;0.0;0;-24.55;0.01;0.0;0.0;0.64
2026;1;217;beauce_5_sa_004;BTH;;4.31;1.03;57.66;11.68;110.37;12.28;45.26;0.09;0.0;0;64.94;0;-28.26;0.04;0.05;1.03;4.31
2026;218;309;beauce_5_sa_004;solnu;;0.0;0.0;28.27;-11.61;0.0;45.26;61.83;0.06;0.02;0;0;0;-107.13;0.05;0.01;0.0;0.0
2026;310;365;beauce_5_sa_004;BTH;;0.03;0.0;5.64;-37.15;0.0;61.92;34.63;0.0;0.0;0;0.0;0;-61.59;0.0;0.0;0.0;0.03
2026;1;177;beauce_5_sa_005;BTH;;29.86;2.82;34.64;51.68;208.93;205.4;149.55;0.21;0.0;0;135.04;0;22.31;0.16;0.05;2.82;29.86
2026;178;284;beauce_5_sa_005;solnu;;0.0;0.0;31.04;1.8;0.0;149.55;296.56;0.02;0.0;0;0;0;-108.56;0.0;0.02;0.0;0.0
2026;285;365;beauce_5_sa_005;BTH;;0.0;0.0;12.38;-74.93;24.11;297.0;209.76;0.1;0.04;0;14.19;0;81.14;0.09;0.01;0.0;0.0
2026;1;224;beauce_5_sa_006;BTH;;3.28;1.08;57.42;28.78;133.02;16.27;46.83;0.1;0.0;0;78.27;0;-101.13;0.04;0.05;1.08;3.28
2026;225;301;beauce_5_sa_006;solnu;;0.0;0.0;22.82;-8.68;0.0;46.83;60.88;0.07;0.03;0;0;0;-95.37;0.06;0.01;0.0;0.0
2026;302;365;beauce_5_sa_006;BTH;;0.0;0.0;6.41;-41.59;0.0;61.18;29.72;0.0;0.0;0;0.0;0;-66.22;0.0;0.0;0.0;0.0
2026;1;231;beauce_5_sa_007;BTH;;3.16;0.0;57.32;24.55;51.53;15.26;42.57;0.05;0.0;0;30.32;0;-324.82;0.0;0.05;0.0;3.16
2026;232;314;beauce_5_sa_007;solnu;;0.8;0.0;18.6;-13.13;0.0;42.57;47.16;0.05;0.02;0;0;0;-114.54;0.05;0.01;0.0;0.8
2026;315;365;beauce_5_sa_007;BTH;;0.62;0.0;4.29;-30.65;0.0;47.37;21.21;0.0;0.0;0;0.0;0;-34.87;0.0;0.0;0.0;0.62
2026;1;219;beauce_5_sa_008;BTH;;2.42;1.07;63.79;31.52;130.78;9.2;51.42;0.14;0.01;0;76.96;0;-160.21;0.09;0.06;1.07;2.42
2026;220;266;beauce_5_sa_008;solnu;;0.0;0.0;19.5;-65.82;0.0;51.42;8.52;0.0;0.0;0;0;0;-88.89;0.0;0.0;0.0;0.0
2026;267;365;beauce_5_sa_008;BTH;;0.44;0.0;16.31;-16.32;0.0;8.43;8.06;0.0;0.0;0;0.0;0;87.88;0.0;0.0;0.0;0.44
2026;1;198;beauce_5_sa_009;BTH;;22.37;2.0;44.04;62.12;178.65;141.32;195.98;0.13;0.0;0;107.98;0;-30.37;0.07;0.06;2.0;22.37
2026;199;297;beauce_5_sa_009;solnu;;0.0;0.0;35.01;1.23;0.0;195.98;232.06;0.11;0.05;0;0;0;-180.19;0.09;0.02;0.0;0.0
2026;298;365;beauce_5_sa_009;BTH;;0.0;0.0;7.93;-87.39;5.29;232.68;147.29;0.02;0.0;0;3.12;0;23.93;0.02;0.0;0.0;0.0
2026;1;223;beauce_5_sa_010;BTH;;2.14;0.0;58.4;26.23;46.6;9.16;45.04;0.06;0.0;0;27.42;0;-280.4;0.01;0.05;0.0;2.14
2026;224;262;beauce_5_sa_010;solnu;;0.0;0.0;10.7;-50.69;0.0;45.04;5.16;0.0;0.0;0;0;0;-68.6;0.0;0.0;0.0;0.0
2026;263;365;beauce_5_sa_010;BTH;;0.61;0.0;15.39;-15.43;0.0;5.05;4.51;0.0;0.0;0;0.0;0;9.96;0.0;0.0;0.0;0.61
2026;1;210;beauce_5_sa_011;BTH;;1.62;1.14;53.48;9.55;127.19;7.9;27.43;0.08;0.0;0;74.84;0;23.19;0.04;0.04;1.14;1.62
2026;211;307;beauce_5_sa_011;solnu;;0.0;0.0;28.34;-37.77;0.0;27.43;19.37;0.05;0.02;0;0;0;-103.94;0.04;0.01;0.0;0.0
2026;308;365;beauce_5_sa_011;BTH;;0.0;0.0;6.1;-10.9;0.0;19.43;19.4;0.0;0.0;0;0.0;0;-53.93;0.0;0.0;0.0;0.0
2026;1;193;beauce_5_sa_012;BTH;;1.13;0.56;40.5;1.26;83.09;5.48;5.1;0.04;0.0;0;48.89;0;11.7;0.02;0.03;0.56;1.13
2026;194;308;beauce_5_sa_012;solnu;;0.0;0.0;37.82;-38.38;0.0;5.1;6.37;0.03;0.01;0;0;0;-158.77;0.01;0.02;0.0;0.0
2026;309;365;beauce_5_sa_012;BTH;;0.0;0.0;5.77;-7.86;0.0;6.44;6.37;0.0;0.0;0;0.0;0;-19.84;0.0;0.0;0.0;0.0
2026;1;227;beauce_5_sa_013;BTH;;5.17;0.15;60.28;37.06;97.82;44.55;50.95;0.08;0.0;0;58.06;0;-205.12;0.01;0.07;0.15;5.17
2026;228;298;beauce_5_sa_013;solnu;;0.0;0.0;20.47;-13.11;0.0;50.95;58.23;0.06;0.02;0;0;0;-132.32;0.05;0.01;0.0;0.0
2026;299;365;beauce_5_sa_013;BTH;;1.1;0.48;6.73;-47.95;0.95;58.44;54.87;0.01;0.0;0;0.56;0;-73.45;0.01;0.0;0.48;1.1
2026;1;225;beauce_5_sa_014;BTH;;1.62;0.0;59.01;9.4;41.93;7.77;32.6;0.04;0.0;0;24.67;0;-214.39;0.0;0.04;0.0;1.62
2026;226;315;beauce_5_sa_014;solnu;;0.51;0.0;21.46;-37.7;0.0;32.6;15.81;0.04;0.02;0;0;0;-118.05;0.04;0.01;0.0;0.51
2026;316;365;beauce_5_sa_014;BTH;;0.5;0.0;4.59;-5.74;0.0;15.81;15.37;0.0;0.0;0;0.0;0;-24.02;0.0;0.0;0.0;0.5
2026;1;201;beauce_5_sa_015;BTH;;2.29;0.54;48.38;36.21;93.44;11.07;40.08;0.09;0.01;0;55.87;0;-132.2;0.04;0.05;0.54;2.29
2026;202;256;beauce_5_sa_015;solnu;;0.0;0.0;22.22;-12.99;0.0;40.08;49.31;0.01;0.0;0;0;0;-143.08;0.0;0.01;0.0;0.0
2026;257;365;beauce_5_sa_015;BTH;;1.07;0.0;17.58;-56.21;3.0;49.5;7.77;0.0;0.0;0;1.77;0;-17.31;0.0;0.0;0.0;1.07
2026;1;215;beauce_5_sa_016;BTH;;2.66;0.0;54.52;25.35;46.09;11.25;42.32;0.06;0.0;0;29.77;0;-251.49;0.01;0.05;0.0;2.66
2026;216;261;beauce_5_sa_016;solnu;;0.0;0.0;13.36;-15.89;0.0;42.32;39.79;0.0;0.0;0;0;0;-87.1;0.0;0.0;0.0;0.0
2026;262;365;beauce_5_sa_016;BTH;;0.71;0.0;15.61;-46.68;3.0;40.1;5.25;0.0;0.0;0;1.77;0;-22.77;0.0;0.0;0.0;0.71
2026;1;185;beauce_5_sa_017;BTH;;48.11;1.82;37.38;49.98;201.3;332.52;305.46;0.19;0.0;0;118.89;0;41.7;0.14;0.05;1.82;48.11
2026;186;315;beauce_5_sa_017;solnu;;0.0;0.0;38.82;-87.81;0.0;305.46;257.08;0.09;0.04;0;0;0;-43.47;0.07;0.02;0.0;0.0
2026;316;365;beauce_5_sa_017;BTH;;0.0;1.11;5.4;8.2;1.29;257.23;352.85;0.03;0.0;0;0.76;0;51.53;0.02;0.01;1.11;0.0
2026;1;198;beauce_5_sa_018;BTH;;0.66;0.0;42.42;8.44;45.34;3.23;8.07;0.03;0.0;0;26.68;0;-104.4;0.0;0.03;0.0;0.66
2026;199;312;beauce_5_sa_018;solnu;;0.11;0.0;34.55;-41.74;0.0;8.07;1.25;0.01;0.0;0;0;0;-200.07;0.0;0.01;0.0;0.11
2026;313;365;beauce_5_sa_018;BTH;;0.04;0.0;5.01;-4.97;0.0;1.28;1.26;0.0;0.0;0;0.0;0;-1.01;0.0;0.0;0.0;0.04
2026;1;183;beauce_5_sa_019;BTH;;3.02;0.0;32.37;10.36;46.56;14.61;7.74;0.03;0.0;0;27.4;0;-146.44;0.0;0.03;0.0;3.02
2026;184;312;beauce_5_sa_019;solnu;;0.39;0.0;37.94;1.62;0.0;7.74;46.83;0.06;0.02;0;0;0;-224.9;0.04;0.03;0.0;0.39
2026;313;365;beauce_5_sa_019;BTH;;0.6;0.0;4.76;-31.4;0.0;47.22;19.76;0.0;0.0;0;0.0;0;-26.51;0.0;0.0;0.0;0.6
2026;1;198;beauce_5_sa_020;BTH;;1.54;0.74;46.13;21.15;103.24;7.49;25.57;0.09;0.01;0;60.75;0;-38.05;0.04;0.04;0.74;1.54
2026;199;267;beauce_5_sa_020;solnu;;0.0;0.0;29.03;-49.87;0.0;25.57;5.09;0.01;0.0;0;0;0;-143.09;0.0;0.01;0.0;0.0
2026;268;365;beauce_5_sa_020;BTH;;0.35;0.0;15.66;-17.61;0.0;5.09;4.83;0.0;0.0;0;0.0;0;19.32;0.0;0.0;0.0;0.35
2026;1;171;beauce_5_sa_021;BTH;;53.29;2.77;32.53;43.56;193.94;341.59;377.24;0.17;0.0;0;114.95;0;45.74;0.12;0.05;2.77;53.29
2026;172;312;beauce_5_sa_021;solnu;;0.0;0.0;37.06;10.24;0.0;377.24;425.04;0.14;0.05;0;0;0;-109.23;0.11;0.03;0.0;0.0
2026;313;365;beauce_5_sa_021;BTH;;0.0;0.0;5.67;-82.28;1.54;425.53;346.86;0.02;0.0;0;0.91;0;20.07;0.02;0.0;0.0;0.0
2026;1;220;beauce_5_sa_022;BTH;;24.05;2.1;68.73;58.85;150.79;131.49;241.24;0.2;0.02;0;123.0;0;-210.09;0.12;0.08;2.1;24.05
2026;221;262;beauce_5_sa_022;solnu;;0.0;0.0;19.86;-13.63;0.0;241.24;247.47;0.01;0.0;0;0;0;-133.49;0.0;0.01;0.0;0.0
2026;263;365;beauce_5_sa_022;BTH;;6.76;0.0;18.03;-76.2;56.04;247.73;126.38;0.1;0.03;0;32.98;0;110.44;0.08;0.01;0.0;6.76
2026;1;180;beauce_5_sa_023;BTH;;9.58;1.49;38.31;46.28;140.54;53.14;29.95;0.1;0.01;0;101.41;0;-48.08;0.05;0.05;1.49;9.58
2026;181;263;beauce_5_sa_023;solnu;;0.0;0.0;34.97;-3.79;0.0;29.95;130.14;0.06;0.0;0;0;0;-169.0;0.04;0.02;0.0;0.0
2026;264;365;beauce_5_sa_023;BTH;;0.9;0.0;16.93;-91.26;24.07;130.46;30.84;0.0;0.0;0;14.16;0;85.73;0.0;0.0;0.0;0.9
2026;1;229;beauce_5_sa_024;BTH;;1.61;0.0;60.52;19.25;44.27;7.47;41.41;0.05;0.0;0;26.05;0;-261.89;0.0;0.05;0.0;1.61
2026;230;275;beauce_5_sa_024;solnu;;0.0;0.0;11.42;-49.29;0.0;41.41;3.64;0.0;0.0;0;0;0;-54.1;0.0;0.0;0.0;0.0
2026;276;365;beauce_5_sa_024;BTH;;0.45;0.0;12.67;-12.61;0.0;3.74;3.25;0.0;0.0;0;0.0;0;13.88;0.0;0.0;0.0;0.45
2026;1;183;beauce_5_sa_025;BTH;;8.0;1.0;38.06;43.2;110.76;44.58;82.03;0.07;0.0;0;84.82;0;-103.2;0.02;0.05;1.0;8.0
2026;184;264;beauce_5_sa_025;solnu;;0.0;0.0;32.82;-6.66;0.0;82.03;108.12;0.06;0.0;0;0;0;-176.48;0.04;0.02;0.0;0.0
2026;265;365;beauce_5_sa_025;BTH;;2.93;0.0;15.98;-83.88;13.51;108.3;23.79;0.0;0.0;0;7.95;0;57.24;0.0;0.0;0.0;2.93
2026;1;199;beauce_5_sa_026;BTH;;1.74;0.0;43.88;13.4;43.57;7.88;19.81;0.04;0.0;0;26.52;0;-125.7;0.0;0.03;0.0;1.74
2026;200;275;beauce_5_sa_026;solnu;;0.0;0.0;26.23;-14.21;0.0;19.81;31.82;0.01;0.0;0;0;0;-162.44;0.0;0.01;0.0;0.0
2026;276;365;beauce_5_sa_026;BTH;;0.45;0.0;12.68;-39.25;1.5;32.16;3.39;0.0;0.0;0;0.88;0;-17.18;0.0;0.0;0.0;0.45
2026;1;172;beauce_5_sa_027;BTH;;3.49;0.0;31.21;8.42;43.42;17.05;9.73;0.02;0.0;0;25.55;0;-86.39;0.0;0.02;0.0;3.49
2026;173;312;beauce_5_sa_027;solnu;;0.67;0.0;42.04;-2.13;0.0;9.73;48.9;0.07;0.02;0;0;0;-247.74;0.04;0.03;0.0;0.67
2026;313;365;beauce_5_sa_027;BTH;;0.65;0.0;4.97;-32.01;0.0;49.28;21.35;0.0;0.0;0;0.0;0;-18.37;0.0;0.0;0.0;0.65
2026;1;187;beauce_5_sa_028;BTH;;2.08;0.0;36.11;28.71;53.51;8.94;18.1;0.05;0.0;0;33.25;0;-164.4;0.01;0.04;0.0;2.08
2026;188;261;beauce_5_sa_028;solnu;;0.0;0.0;27.62;-9.94;0.0;18.1;35.78;0.01;0.0;0;0;0;-189.06;0.0;0.01;0.0;0.0
2026;262;365;beauce_5_sa_028;BTH;;0.6;0.0;14.82;-42.69;3.0;36.31;4.85;0.0;0.0;0;1.77;0;-52.63;0.0;0.0;0.0;0.6
2026;1;184;beauce_5_sa_029;BTH;;0.94;0.0;35.17;4.8;40.15;4.54;3.45;0.02;0.0;0;23.63;0;-74.85;0.0;0.02;0.0;0.94
2026;185;297;beauce_5_sa_029;solnu;;0.17;0.0;37.57;-39.21;0.0;3.45;1.83;0.01;0.0;0;0;0;-184.0;0.0;0.01;0.0;0.17
2026;298;365;beauce_5_sa_029;BTH;;0.07;0.0;7.31;-7.3;0.0;1.86;1.77;0.0;0.0;0;0.0;0;-2.76;0.0;0.0;0.0;0.07
2026;1;197;beauce_5_sa_030;BTH;;2.97;0.42;43.38;21.96;103.18;30.34;20.97;0.07;0.0;0;60.79;0;-24.75;0.03;0.04;0.42;2.97
2026;198;279;beauce_5_sa_030;solnu;;0.0;0.0;31.38;-48.9;0.0;20.97;6.59;0.01;0.0;0;0;0;-198.01;0.0;0.01;0.0;0.0
2026;280;365;beauce_5_sa_030;BTH;;0.32;0.32;12.28;-13.23;0.0;6.78;6.35;0.0;0.0;0;0.0;0;16.88;0.0;0.0;0.32;0.32
2026;1;193;beauce_5_sa_031;BTH;;11.19;1.29;44.85;40.91;100.96;64.53;134.29;0.17;0.03;0;97.33;0;-144.89;0.11;0.05;1.29;11.19
2026;194;256;beauce_5_sa_031;solnu;;0.0;0.0;29.3;-81.57;0.0;134.29;82.01;0.01;0.0;0;0;0;-188.65;0.0;0.01;0.0;0.0
2026;257;365;beauce_5_sa_031;BTH;;5.72;0.0;18.8;-6.89;31.53;80.35;56.64;0.02;0.0;0;18.55;0;107.83;0.0;0.02;0.0;5.72
2026;1;176;beauce_5_sa_032;BTH;;12.53;1.46;37.16;41.77;130.03;74.48;77.02;0.08;0.0;0;98.29;0;-45.5;0.03;0.05;1.46;12.53
2026;177;274;beauce_5_sa_032;solnu;;0.0;0.0;38.49;-36.26;0.0;77.02;122.32;0.05;0.0;0;0;0;-184.1;0.03;0.02;0.0;0.0
2026;275;365;beauce_5_sa_032;BTH;;2.05;0.0;14.59;-51.92;35.3;116.87;47.59;0.03;0.01;0;20.77;0;93.98;0.02;0.01;0.0;2.05
2026;1;230;beauce_5_sa_033;BTH;;35.58;2.59;75.06;73.55;190.56;193.71;309.85;0.24;0.0;0;138.35;0;-314.82;0.15;0.09;2.59;35.58
2026;231;270;beauce_5_sa_033;solnu;;0.0;0.0;18.26;-12.66;0.0;309.85;315.43;0.02;0.0;0;0;0;-123.22;0.02;0.01;0.0;0.0
2026;271;365;beauce_5_sa_033;BTH;;1.2;0.0;15.35;-71.4;45.37;315.85;212.63;0.15;0.04;0;26.7;0;61.5;0.14;0.01;0.0;1.2
2026;1;209;beauce_5_sa_034;BTH;;7.35;0.0;54.11;31.81;99.73;62.53;41.44;0.08;0.0;0;60.28;0;-68.83;0.03;0.05;0.0;7.35
2026;210;293;beauce_5_sa_034;solnu;;0.0;0.0;25.87;-53.95;0.0;41.44;15.84;0.01;0.0;0;0;0;-176.87;0.0;0.01;0.0;0.0
2026;294;365;beauce_5_sa_034;BTH;;1.44;0.8;8.41;-21.75;3.79;14.84;59.2;0.01;0.0;0;2.23;0;7.48;0.01;0.0;0.8;1.44
2026;1;225;beauce_5_sa_035;BTH;;8.11;1.1;69.46;54.55;161.24;57.63;94.56;0.16;0.0;0;105.1;0;-284.86;0.08;0.07;1.1;8.11
2026;226;271;beauce_5_sa_035;solnu;;0.0;0.0;19.21;-95.28;0.0;94.56;18.49;0.0;0.0;0;0;0;-88.31;0.0;0.0;0.0;0.0
2026;272;365;beauce_5_sa_035;BTH;;0.45;0.21;15.26;-12.33;0.95;18.5;35.61;0.0;0.0;0;0.56;0;109.22;0.0;0.0;0.21;0.45
2026;1;177;beauce_5_sa_036;BTH;;4.02;0.47;34.33;26.6;84.74;19.8;26.19;0.04;0.0;0;49.86;0;-58.6;0.0;0.04;0.47;4.02
2026;178;309;beauce_5_sa_036;solnu;;0.39;0.0;43.51;-49.13;0.0;26.19;20.68;0.06;0.02;0;0;0;-216.33;0.04;0.02;0.0;0.39
2026;310;365;beauce_5_sa_036;BTH;;0.65;0.0;5.62;-5.97;0.0;20.64;19.99;0.0;0.0;0;0.0;0;7.38;0.0;0.0;0.0;0.65
2026;1;197;beauce_5_sa_037;BTH;;2.44;1.26;45.74;24.17;130.78;10.17;41.09;0.11;0.0;0;76.96;0;20.62;0.07;0.04;1.26;2.44
2026;198;273;beauce_5_sa_037;solnu;;0.0;0.0;33.61;-65.37;0.0;41.09;9.66;0.01;0.0;0;0;0;-135.8;0.0;0.01;0.0;0.0
2026;274;365;beauce_5_sa_037;BTH;;0.06;0.0;14.73;-14.94;0.0;9.66;9.7;0.0;0.0;0;0.0;0;74.35;0.0;0.0;0.0;0.06
2026;1;223;beauce_5_sa_038;BTH;;1.17;0.14;58.82;16.25;53.66;5.7;36.48;0.05;0.0;0;31.58;0;-199.22;0.0;0.05;0.14;1.17
2026;224;289;beauce_5_sa_038;solnu;;0.02;0.0;17.51;-51.85;0.0;36.48;2.6;0.0;0.0;0;0;0;-88.95;0.0;0.0;0.0;0.02
2026;290;365;beauce_5_sa_038;BTH;;0.29;0.0;9.43;-9.41;0.0;2.61;2.32;0.0;0.0;0;0.0;0;9.52;0.0;0.0;0.0;0.29
2026;1;185;beauce_5_sa_039;BTH;;3.56;0.0;36.13;12.96;68.12;33.01;9.31;0.04;0.0;0;40.58;0;-26.75;0.01;0.03;0.0;3.56
2026;186;309;beauce_5_sa_039;solnu;;0.4;0.0;41.18;-42.38;0.0;9.31;9.31;0.03;0.0;0;0;0;-207.53;0.01;0.02;0.0;0.4
2026;310;365;beauce_5_sa_039;BTH;;0.29;0.4;5.44;-13.69;1.29;9.35;30.17;0.01;0.0;0;0.76;0;-8.19;0.01;0.0;0.4;0.29
2026;1;215;beauce_5_sa_040;BTH;;14.05;1.5;62.03;59.0;156.72;80.71;142.72;0.11;0.0;0;99.01;0;-155.69;0.04;0.07;1.5;14.05
2026;216;290;beauce_5_sa_040;solnu;;0.0;0.0;28.33;-80.37;0.0;142.72;90.64;0.04;0.0;0;0;0;-166.2;0.03;0.01;0.0;0.0
2026;291;365;beauce_5_sa_040;BTH;;0.0;0.0;10.04;-19.6;15.09;87.67;65.91;0.05;0.02;0;8.88;0;77.12;0.04;0.01;0.0;0.0
2026;1;181;beauce_5_sa_041;BTH;;1.47;0.0;33.85;4.61;40.06;7.14;4.06;0.02;0.0;0;23.58;0;-82.39;0.0;0.02;0.0;1.47
2026;182;314;beauce_5_sa_041;solnu;;0.27;0.0;40.96;-36.63;0.0;4.06;8.28;0.04;0.01;0;0;0;-204.17;0.02;0.02;0.0;0.27
2026;315;365;beauce_5_sa_041;BTH;;0.25;0.0;4.72;-4.74;0.0;8.28;8.0;0.0;0.0;0;0.0;0;-4.03;0.0;0.0;0.0;0.25
2026;1;183;beauce_5_sa_042;BTH;;40.08;3.26;35.29;51.94;228.76;261.28;322.81;0.25;0.0;0;138.21;0;90.19;0.2;0.05;3.26;40.08
2026;184;295;beauce_5_sa_042;solnu;;0.0;0.0;34.68;5.96;0.0;322.81;363.6;0.1;0.04;0;0;0;-97.37;0.08;0.03;0.0;0.0
2026;296;365;beauce_5_sa_042;BTH;;0.0;0.0;9.27;-74.38;6.95;363.95;291.51;0.02;0.0;0;4.09;0;63.71;0.02;0.0;0.0;0.0
2026;1;200;beauce_5_sa_043;BTH;;7.05;0.0;49.49;26.88;122.58;96.14;42.67;0.13;0.01;0;73.01;0;-77.0;0.09;0.05;0.0;7.05
2026;201;263;beauce_5_sa_043;solnu;;0.0;0.0;27.4;-53.01;0.0;42.67;19.71;0.0;0.0;0;0;0;-168.14;0.0;0.0;0.0;0.0
2026;264;365;beauce_5_sa_043;BTH;;1.42;1.12;16.45;-16.02;2.53;19.73;99.75;0.01;0.0;0;1.49;0;76.71;0.01;0.0;1.12;1.42
2026;1;187;beauce_5_sa_044;BTH;;1.22;0.0;37.1;-0.06;37.54;5.88;4.17;0.02;0.0;0;22.09;0;-66.14;0.0;0.02;0.0;1.22
2026;188;309;beauce_5_sa_044;solnu;;0.33;0.0;39.79;-25.34;0.0;4.17;18.22;0.05;0.02;0;0;0;-194.96;0.03;0.02;0.0;0.33
2026;310;365;beauce_5_sa_044;BTH;;0.43;0.0;5.43;-10.78;0.0;17.27;13.25;0.0;0.0;0;0.0;0;-18.49;0.0;0.0;0.0;0.43
2026;1;216;beauce_5_sa_045;BTH;;24.7;1.84;58.35;73.62;180.64;156.13;220.28;0.15;0.0;0;111.32;0;-183.53;0.07;0.08;1.84;24.7
2026;217;292;beauce_5_sa_045;solnu;;0.0;0.0;26.34;-6.84;0.0;220.28;239.72;0.06;0.0;0;0;0;-162.33;0.05;0.01;0.0;0.0
2026;293;365;beauce_5_sa_045;BTH;;0.0;0.0;8.95;-86.36;10.59;240.27;151.59;0.08;0.05;0;6.23;0;22.83;0.08;0.0;0.0;0.0
2026;1;224;beauce_5_sa_046;BTH;;13.12;0.5;63.64;23.03;156.85;114.42;68.65;0.14;0.0;0;92.51;0;-22.75;0.09;0.06;0.5;13.12
2026;225;309;beauce_5_sa_046;solnu;;0.0;0.0;25.84;-62.08;0.0;68.65;35.51;0.01;0.0;0;0;0;-115.54;0.0;0.0;0.0;0.0
2026;310;365;beauce_5_sa_046;BTH;;0.0;1.18;5.8;-5.91;0.0;35.49;35.48;0.0;0.0;0;0.0;0;39.01;0.0;0.0;1.18;0.0
2026;1;213;beauce_5_sa_047;BTH;;8.85;0.96;58.79;46.85;92.12;49.44;125.38;0.12;0.0;0;77.83;0;-243.58;0.05;0.06;0.96;8.85
2026;214;272;beauce_5_sa_047;solnu;;0.0;0.0;20.38;-90.7;0.0;125.38;55.06;0.0;0.0;0;0;0;-129.29;0.0;0.0;0.0;0.0
2026;273;365;beauce_5_sa_047;BTH;;3.17;0.0;14.56;-7.67;22.23;52.97;36.53;0.02;0.0;0;13.08;0;90.14;0.0;0.01;0.0;3.17
2026;1;214;beauce_5_sa_048;BTH;;2.4;0.92;59.17;37.87;124.29;10.5;49.28;0.14;0.01;0;73.14;0;-161.93;0.08;0.06;0.92;2.4
2026;215;264;beauce_5_sa_048;solnu;;0.0;0.0;19.87;-62.62;0.0;49.28;7.74;0.0;0.0;0;0;0;-114.44;0.0;0.0;0.0;0.0
2026;265;365;beauce_5_sa_048;BTH;;0.62;0.0;16.01;-16.04;0.0;7.74;7.32;0.0;0.0;0;0.0;0;54.64;0.0;0.0;0.0;0.62
2026;1;195;beauce_5_sa_049;BTH;;0.5;0.0;40.84;16.96;47.67;2.37;11.95;0.04;0.0;0;28.05;0;-138.27;0.0;0.03;0.0;0.5
2026;196;278;beauce_5_sa_049;solnu;;0.0;0.0;28.92;-40.99;0.0;11.95;1.36;0.01;0.0;0;0;0;-194.04;0.0;0.01;0.0;0.0
2026;279;365;beauce_5_sa_049;BTH;;0.16;0.0;11.87;-11.83;0.0;1.36;1.26;0.0;0.0;0;0.0;0;-5.03;0.0;0.0;0.0;0.16
2026;1;177;beauce_5_sa_050;BTH;;1.6;0.0;33.49;14.56;46.13;7.7;8.0;0.03;0.0;0;28.03;0;-94.46;0.0;0.03;0.0;1.6
2026;178;266;beauce_5_sa_050;solnu;;0.06;0.0;32.27;-10.0;0.0;8.0;30.18;0.02;0.0;0;0;0;-195.26;0.0;0.02;0.0;0.06
2026;267;365;beauce_5_sa_050;BTH;;0.38;0.0;14.47;-41.28;0.0;30.29;3.08;0.0;0.0;0;0.0;0;-27.61;0.0;0.0;0.0;0.38
2026;1;193;beauce_5_sa_051;BTH;;21.64;2.22;43.42;53.35;181.32;101.73;161.4;0.17;0.0;0;120.51;0;-1.67;0.11;0.06;2.22;21.64
2026;194;282;beauce_5_sa_051;solnu;;0.0;0.0;38.28;-0.98;0.0;161.4;198.68;0.02;0.0;0;0;0;-189.21;0.0;0.02;0.0;0.0
2026;283;365;beauce_5_sa_051;BTH;;0.0;0.0;12.83;-82.29;25.6;199.23;103.5;0.08;0.03;0;15.07;0;66.46;0.08;0.01;0.0;0.0
2026;1;197;beauce_5_sa_052;BTH;;1.23;0.46;43.82;19.17;81.79;5.8;20.04;0.06;0.01;0;48.13;0;-70.55;0.03;0.04;0.46;1.23
2026;198;273;beauce_5_sa_052;solnu;;0.0;0.0;30.12;-46.39;0.0;20.04;3.9;0.01;0.0;0;0;0;-151.54;0.0;0.01;0.0;0.0
2026;274;365;beauce_5_sa_052;BTH;;0.26;0.0;13.7;-15.99;0.0;3.85;3.6;0.0;0.0;0;0.0;0;-0.57;0.0;0.0;0.0;0.26
2026;1;171;beauce_5_sa_053;BTH;;42.11;2.64;34.27;42.83;177.46;282.95;138.97;0.16;0.0;0;110.33;0;-0.93;0.11;0.05;2.64;42.11
2026;172;291;beauce_5_sa_053;solnu;;0.0;0.0;40.19;-90.71;0.0;138.97;287.04;0.03;0.0;0;0;0;-107.18;0.01;0.02;0.0;0.0
2026;292;365;beauce_5_sa_053;BTH;;0.0;0.0;10.14;10.0;13.59;286.83;293.43;0.11;0.04;0;8.0;0;86.73;0.09;0.01;0.0;0.0
2026;1;210;beauce_5_sa_054;BTH;;1.4;1.31;58.97;28.77;148.21;4.26;40.41;0.12;0.0;0;87.21;0;-87.74;0.06;0.05;1.31;1.4
2026;211;277;beauce_5_sa_054;solnu;;0.0;0.0;26.43;-64.19;0.0;40.41;6.62;0.0;0.0;0;0;0;-119.21;0.0;0.0;0.0;0.0
2026;278;365;beauce_5_sa_054;BTH;;0.0;0.0;13.47;-13.43;0.0;6.69;6.66;0.0;0.0;0;0.0;0;88.98;0.0;0.0;0.0;0.0
2026;1;224;beauce_5_sa_055;BTH;;5.4;0.95;62.42;48.77;136.38;26.33;66.49;0.12;0.01;0;81.13;0;-202.97;0.05;0.07;0.95;5.4
2026;225;264;beauce_5_sa_055;solnu;;0.0;0.0;14.49;-14.11;0.0;66.49;66.86;0.0;0.0;0;0;0;-108.41;0.0;0.0;0.0;0.0
2026;265;365;beauce_5_sa_055;BTH;;1.32;0.0;15.28;-67.57;1.5;67.01;11.76;0.0;0.0;0;0.88;0;23.51;0.0;0.0;0.0;1.32
2026;1;189;beauce_5_sa_056;BTH;;1.0;0.0;38.34;20.38;48.0;4.37;14.03;0.04;0.0;0;28.24;0;-128.63;0.01;0.04;0.0;1.0
2026;190;264;beauce_5_sa_056;solnu;;0.0;0.0;28.83;-41.03;0.0;14.03;2.94;0.01;0.0;0;0;0;-191.11;0.0;0.01;0.0;0.0
2026;265;365;beauce_5_sa_056;BTH;;0.34;0.0;14.78;-14.72;0.0;3.03;2.66;0.0;0.0;0;0.0;0;-7.45;0.0;0.0;0.0;0.34
2026;1;188;beauce_5_sa_057;BTH;;9.22;0.0;39.41;35.73;139.12;110.94;37.59;0.14;0.01;0;82.75;0;-49.8;0.1;0.05;0.0;9.22
2026;189;264;beauce_5_sa_057;solnu;;0.0;0.0;32.37;-47.32;0.0;37.59;25.2;0.01;0.0;0;0;0;-181.94;0.0;0.01;0.0;0.0
2026;265;365;beauce_5_sa_057;BTH;;0.97;1.26;15.6;-18.43;2.53;25.07;114.19;0.02;0.0;0;1.49;0;28.38;0.01;0.0;1.26;0.97
2026;1;208;beauce_5_sa_058;BTH;;13.34;1.23;53.83;61.8;144.75;80.38;129.69;0.1;0.0;0;87.66;0;-150.97;0.03;0.07;1.23;13.34
2026;209;298;beauce_5_sa_058;solnu;;0.0;0.0;29.8;-6.28;0.0;129.69;153.06;0.11;0.04;0;0;0;-191.41;0.09;0.02;0.0;0.0
2026;299;365;beauce_5_sa_058;BTH;;2.56;0.0;7.28;-79.36;0.36;153.32;78.05;0.01;0.0;0;0.21;0;12.4;0.01;0.0;0.0;2.56
2026;1;194;beauce_5_sa_059;BTH;;1.85;0.0;39.99;0.83;40.82;8.84;7.27;0.03;0.0;0;24.02;0;-112.87;0.0;0.03;0.0;1.85
2026;195;315;beauce_5_sa_059;solnu;;0.43;0.0;36.99;-6.83;0.0;7.27;36.93;0.05;0.02;0;0;0;-193.44;0.03;0.02;0.0;0.43
2026;316;365;beauce_5_sa_059;BTH;;0.4;0.0;4.48;-27.4;0.0;37.04;14.27;0.0;0.0;0;0.0;0;-23.12;0.0;0.0;0.0;0.4
2026;1;181;beauce_5_sa_060;BTH;;1.65;0.0;34.13;24.69;49.67;7.73;15.29;0.04;0.0;0;30.11;0;-130.73;0.0;0.04;0.0;1.65
2026;182;257;beauce_5_sa_060;solnu;;0.1;0.0;28.45;-10.71;0.0;15.29;32.9;0.02;0.0;0;0;0;-183.05;0.01;0.01;0.0;0.1
2026;258;365;beauce_5_sa_060;BTH;;0.51;0.0;16.16;-40.56;4.37;33.53;4.17;0.0;0.0;0;2.57;0;-50.75;0.0;0.0;0.0;0.51
2026;1;194;beauce_5_sa_061;BTH;;11.45;0.0;41.29;18.7;135.66;117.52;31.13;0.1;0.0;0;79.9;0;-4.96;0.05;0.05;0.0;11.45
2026;195;302;beauce_5_sa_061;solnu;;0.0;0.0;37.68;-1.01;0.0;31.13;67.71;0.07;0.02;0;0;0;-170.09;0.04;0.02;0.0;0.0
2026;303;365;beauce_5_sa_061;BTH;;1.31;1.26;6.49;-36.95;0.0;67.9;40.26;0.0;0.0;0;0.0;0;-76.97;0.0;0.0;1.26;1.31
2026;1;221;beauce_5_sa_062;BTH;;2.26;0.4;62.64;27.08;76.69;11.12;51.86;0.07;0.01;0;45.13;0;-206.06;0.02;0.05;0.4;2.26
2026;222;262;beauce_5_sa_062;solnu;;0.0;0.0;14.79;-60.35;0.0;51.86;6.96;0.0;0.0;0;0;0;-85.98;0.0;0.0;0.0;0.0
2026;263;365;beauce_5_sa_062;BTH;;0.88;0.0;16.43;-16.5;0.0;6.96;6.17;0.0;0.0;0;0.0;0;36.3;0.0;0.0;0.0;0.88
2026;1;190;beauce_5_sa_063;BTH;;14.01;1.23;44.18;43.56;145.36;108.77;129.2;0.22;0.02;0;113.29;0;-83.55;0.17;0.05;1.23;14.01
2026;191;261;beauce_5_sa_063;solnu;;0.0;0.0;33.6;-79.24;0.0;129.2;83.54;0.01;0.0;0;0;0;-196.94;0.0;0.01;0.0;0.0
2026;262;365;beauce_5_sa_063;BTH;;2.67;0.54;18.0;-1.49;36.1;80.29;101.71;0.03;0.0;0;21.24;0;114.96;0.01;0.02;0.54;2.67
2026;1;188;beauce_5_sa_064;BTH;;8.29;0.91;39.07;52.73;115.28;44.66;80.69;0.12;0.01;0;85.66;0;-154.03;0.07;0.06;0.91;8.29
2026;189;265;beauce_5_sa_064;solnu;;0.0;0.0;30.89;-5.13;0.0;80.69;106.43;0.02;0.0;0;0;0;-183.82;0.0;0.02;0.0;0.0
2026;266;365;beauce_5_sa_064;BTH;;2.94;0.0;15.19;-83.22;12.0;106.67;23.46;0.0;0.0;0;7.06;0;23.17;0.0;0.0;0.0;2.94
2026;1;194;beauce_5_sa_065;BTH;;0.85;0.0;40.43;5.08;43.56;4.07;5.19;0.03;0.0;0;25.63;0;-85.28;0.0;0.03;0.0;0.85
2026;195;304;beauce_5_sa_065;solnu;;0.2;0.0;36.3;-39.3;0.0;5.19;2.39;0.02;0.0;0;0;0;-209.55;0.01;0.01;0.0;0.2
2026;305;365;beauce_5_sa_065;BTH;;0.08;0.0;5.92;-6.02;0.0;2.39;2.34;0.0;0.0;0;0.0;0;-5.92;0.0;0.0;0.0;0.08
2026;1;185;beauce_5_sa_066;BTH;;9.26;0.0;35.04;27.61;123.98;92.43;22.35;0.08;0.0;0;73.03;0;-70.48;0.04;0.04;0.0;9.26
2026;186;288;beauce_5_sa_066;solnu;;0.0;0.0;35.64;1.01;0.0;22.35;58.97;0.03;0.0;0;0;0;-184.28;0.01;0.02;0.0;0.0
2026;289;365;beauce_5_sa_066;BTH;;0.94;0.95;9.62;-48.1;0.0;59.47;21.64;0.01;0.0;0;0.0;0;-55.09;0.01;0.0;0.95;0.94
2026;1;185;beauce_5_sa_067;BTH;;15.6;1.8;38.69;42.56;169.64;107.29;137.59;0.13;0.0;0;117.17;0;-84.8;0.08;0.05;1.8;15.6
2026;186;278;beauce_5_sa_067;solnu;;0.0;0.0;38.44;-92.33;0.0;137.59;83.67;0.02;0.0;0;0;0;-150.62;0.0;0.02;0.0;0.0
2026;279;365;beauce_5_sa_067;BTH;;0.0;0.0;13.73;15.52;33.11;83.42;79.72;0.07;0.02;0;19.49;0;90.57;0.05;0.02;0.0;0.0
2026;1;207;beauce_5_sa_068;BTH;;1.49;0.0;48.07;19.83;50.67;7.21;22.92;0.04;0.0;0;29.82;0;-226.11;0.0;0.04;0.0;1.49
2026;208;302;beauce_5_sa_068;solnu;;0.41;0.0;26.24;-9.98;0.0;22.92;38.7;0.05;0.02;0;0;0;-165.12;0.04;0.01;0.0;0.41
2026;303;365;beauce_5_sa_068;BTH;;0.52;0.0;5.83;-29.6;0.0;38.85;15.85;0.0;0.0;0;0.0;0;-45.94;0.0;0.0;0.0;0.52
2026;1;174;beauce_5_sa_069;BTH;;0.94;0.0;32.45;13.15;45.54;4.52;3.62;0.03;0.0;0;26.8;0;-91.64;0.0;0.03;0.0;0.94
2026;175;287;beauce_5_sa_069;solnu;;0.0;0.0;37.27;-39.73;0.0;3.62;2.11;0.01;0.0;0;0;0;-202.14;0.0;0.01;0.0;0.0
2026;288;365;beauce_5_sa_069;BTH;;0.24;0.0;10.07;-9.95;0.0;2.12;1.99;0.0;0.0;0;0.0;0;-6.51;0.0;0.0;0.0;0.24
2026;1;202;beauce_5_sa_070;BTH;;11.94;1.23;53.57;47.99;95.11;68.1;154.53;0.15;0.03;0;94.73;0;-189.11;0.09;0.06;1.23;11.94
2026;203;257;beauce_5_sa_070;solnu;;0.0;0.0;24.58;-13.06;0.0;154.53;166.04;0.01;0.0;0;0;0;-179.47;0.0;0.01;0.0;0.0
2026;258;365;beauce_5_sa_070;BTH;;6.06;0.0;19.04;-83.07;38.94;166.86;57.01;0.02;0.0;0;22.91;0;84.19;0.0;0.01;0.0;6.06
2026;1;202;beauce_5_sa_071;BTH;;7.58;1.1;53.65;42.87;126.3;46.0;91.0;0.17;0.01;0;98.49;0;-192.06;0.11;0.06;1.1;7.58
2026;203;260;beauce_5_sa_071;solnu;;0.0;0.0;26.09;-86.6;0.0;91.0;30.48;0.01;0.0;0;0;0;-171.07;0.0;0.01;0.0;0.0
2026;261;365;beauce_5_sa_071;BTH;;2.82;0.0;17.91;-19.54;1.03;29.43;25.0;0.0;0.0;0;0.6;0;114.56;0.0;0.0;0.0;2.82
2026;1;171;beauce_5_sa_072;BTH;;17.24;1.98;35.92;36.24;148.36;119.79;173.97;0.14;0.0;0;118.94;0;-77.71;0.09;0.04;1.98;17.24
2026;172;264;beauce_5_sa_072;solnu;;0.0;0.0;38.22;-90.43;0.0;173.97;121.71;0.05;0.0;0;0;0;-147.95;0.03;0.02;0.0;0.0
2026;265;365;beauce_5_sa_072;BTH;;1.74;0.0;17.06;15.0;54.45;121.38;97.46;0.08;0.03;0;32.04;0;115.48;0.06;0.02;0.0;1.74
2026;1;224;beauce_5_sa_073;BTH;;14.11;0.74;64.47;38.55;180.39;115.13;79.37;0.14;0.0;0;107.03;0;-22.57;0.07;0.06;0.74;14.11
2026;225;300;beauce_5_sa_073;solnu;;0.0;0.0;25.36;-62.39;0.0;79.37;42.6;0.05;0.01;0;0;0;-110.45;0.04;0.01;0.0;0.0
2026;301;365;beauce_5_sa_073;BTH;;0.0;1.18;7.42;-19.54;2.53;42.6;117.09;0.02;0.0;0;1.49;0;44.23;0.02;0.0;1.18;0.0
2026;1;172;beauce_5_sa_074;BTH;;9.28;0.53;33.62;16.24;136.39;79.67;24.2;0.08;0.0;0;80.76;0;74.52;0.04;0.04;0.53;9.28
2026;173;312;beauce_5_sa_074;solnu;;0.0;0.0;43.5;-28.96;0.0;24.2;39.02;0.07;0.02;0;0;0;-147.31;0.04;0.03;0.0;0.0
2026;313;365;beauce_5_sa_074;BTH;;0.0;0.8;5.71;-20.61;0.95;39.02;87.49;0.0;0.0;0;0.56;0;-41.07;0.0;0.0;0.8;0.0
2026;1;171;beauce_5_sa_075;BTH;;17.29;1.51;34.21;45.49;135.59;108.25;146.48;0.08;0.0;0;92.77;0;-30.29;0.04;0.05;1.51;17.29
2026;172;283;beauce_5_sa_075;solnu;;0.0;0.0;40.89;-36.91;0.0;146.48;150.8;0.04;0.0;0;0;0;-187.4;0.02;0.03;0.0;0.0
2026;284;365;beauce_5_sa_075;BTH;;2.03;0.0;12.01;-48.52;25.6;147.04;86.55;0.07;0.03;0;15.07;0;68.19;0.06;0.01;0.0;2.03
2026;1;179;beauce_5_sa_076;BTH;;6.42;0.83;34.9;10.84;99.41;31.86;32.76;0.04;0.0;0;58.5;0;39.51;0.01;0.03;0.83;6.42
2026;180;313;beauce_5_sa_076;solnu;;0.0;0.0;44.87;6.6;0.0;32.76;84.22;0.09;0.03;0;0;0;-166.13;0.06;0.03;0.0;0.0
2026;314;365;beauce_5_sa_076;BTH;;0.32;0.0;5.23;-50.09;0.0;84.4;39.62;0.0;0.0;0;0.0;0;-8.21;0.0;0.0;0.0;0.32
2026;1;187;beauce_5_sa_077;BTH;;13.91;0.4;37.71;41.46;165.83;123.24;52.94;0.12;0.0;0;99.7;0;-31.89;0.07;0.05;0.4;13.91
2026;188;291;beauce_5_sa_077;solnu;;0.0;0.0;38.74;5.53;0.0;52.94;97.17;0.04;0.0;0;0;0;-184.13;0.01;0.03;0.0;0.0
2026;292;365;beauce_5_sa_077;BTH;;0.5;1.18;9.22;-53.44;0.0;97.58;53.29;0.04;0.03;0;0.0;0;-14.9;0.04;0.0;1.18;0.5
2026;1;222;beauce_5_sa_078;BTH;;4.57;0.8;63.98;46.1;103.49;28.82;90.67;0.11;0.0;0;75.44;0;-335.15;0.05;0.07;0.8;4.57
2026;223;272;beauce_5_sa_078;solnu;;0.0;0.0;16.59;-92.1;0.0;90.67;15.15;0.0;0.0;0;0;0;-41.14;0.0;0.0;0.0;0.0
2026;273;365;beauce_5_sa_078;BTH;;1.73;0.0;14.61;-9.85;2.09;15.14;16.09;0.0;0.0;0;1.23;0;65.73;0.0;0.0;0.0;1.73
2026;1;225;beauce_5_sa_079;BTH;;27.38;2.63;60.39;72.89;219.86;151.03;233.45;0.22;0.0;0;131.2;0;-152.87;0.14;0.08;2.63;27.38
2026;226;300;beauce_5_sa_079;solnu;;0.0;0.0;24.72;-84.28;0.0;233.45;173.74;0.11;0.04;0;0;0;-80.97;0.1;0.01;0.0;0.0
2026;301;365;beauce_5_sa_079;BTH;;0.0;0.0;7.42;0.98;3.6;172.91;178.51;0.03;0.0;0;2.12;0;53.26;0.02;0.01;0.0;0.0
2026;1;217;beauce_5_sa_080;BTH;;7.59;0.25;58.38;27.78;118.66;70.67;49.76;0.09;0.0;0;70.32;0;-52.49;0.04;0.06;0.25;7.59
2026;218;293;beauce_5_sa_080;solnu;;0.0;0.0;24.57;-13.1;0.0;49.76;61.21;0.03;0.0;0;0;0;-140.52;0.02;0.01;0.0;0.0
2026;294;365;beauce_5_sa_080;BTH;;1.6;0.81;8.57;-38.24;0.0;61.07;34.5;0.03;0.02;0;0.0;0;-79.38;0.03;0.0;0.81;1.6
2026;1;214;beauce_5_sa_081;BTH;;16.36;1.55;59.22;68.73;166.9;93.6;154.33;0.2;0.0;0;126.2;0;-269.75;0.13;0.08;1.55;16.36
2026;215;267;beauce_5_sa_081;solnu;;0.0;0.0;21.98;-10.44;0.0;154.33;165.86;0.01;0.0;0;0;0;-158.45;0.0;0.01;0.0;0.0
2026;268;365;beauce_5_sa_081;BTH;;1.32;0.0;15.57;-69.35;48.07;166.08;62.63;0.05;0.01;0;28.28;0;41.96;0.04;0.01;0.0;1.32
2026;1;185;beauce_5_sa_082;BTH;;1.98;0.83;37.55;6.45;102.23;9.64;10.11;0.06;0.0;0;60.15;0;47.64;0.03;0.03;0.83;1.98
2026;186;292;beauce_5_sa_082;solnu;;0.0;0.0;40.27;-48.5;0.0;10.11;4.28;0.02;0.0;0;0;0;-158.84;0.0;0.02;0.0;0.0
2026;293;365;beauce_5_sa_082;BTH;;0.04;0.0;9.29;-10.24;0.0;4.2;4.19;0.0;0.0;0;0.0;0;28.48;0.0;0.0;0.0;0.04
2026;1;220;beauce_5_sa_083;BTH;;25.91;2.21;60.55;61.71;196.95;165.19;230.16;0.15;0.0;0;116.76;0;-113.58;0.07;0.07;2.21;25.91
2026;221;311;beauce_5_sa_083;solnu;;0.0;0.0;28.2;-100.52;0.0;230.16;157.69;0.1;0.04;0;0;0;-39.18;0.1;0.01;0.0;0.0
2026;312;365;beauce_5_sa_083;BTH;;0.0;0.0;6.02;8.03;1.9;157.82;169.81;0.02;0.0;0;1.12;0;56.13;0.02;0.01;0.0;0.0
2026;1;184;beauce_5_sa_084;BTH;;0.39;0.0;35.47;12.84;47.28;1.9;2.51;0.03;0.0;0;27.82;0;-86.79;0.0;0.03;0.0;0.39
2026;185;283;beauce_5_sa_084;solnu;;0.0;0.0;33.76;-38.88;0.0;2.51;0.82;0.01;0.0;0;0;0;-235.59;0.0;0.01;0.0;0.0
2026;284;365;beauce_5_sa_084;BTH;;0.09;0.0;10.79;-10.73;0.0;0.82;0.88;0.0;0.0;0;0.0;0;-1.02;0.0;0.0;0.0;0.09
2026;1;188;beauce_5_sa_085;BTH;;11.63;1.25;40.92;42.45;110.49;72.61;127.52;0.12;0.0;0;89.43;0;-105.05;0.07;0.05;1.25;11.63
2026;189;272;beauce_5_sa_085;solnu;;0.0;0.0;35.0;-78.94;0.0;127.52;83.56;0.02;0.0;0;0;0;-196.68;0.0;0.02;0.0;0.0
2026;273;365;beauce_5_sa_085;BTH;;2.07;0.0;14.67;-10.57;36.11;81.31;49.44;0.03;0.01;0;21.25;0;89.33;0.01;0.01;0.0;2.07
2026;1;184;beauce_5_sa_086;BTH;;12.68;0.0;34.84;35.82;134.19;108.18;30.8;0.09;0.0;0;79.85;0;-34.61;0.05;0.05;0.0;12.68
2026;185;299;beauce_5_sa_086;solnu;;0.0;0.0;38.97;4.41;0.0;30.8;74.26;0.07;0.02;0;0;0;-184.95;0.04;0.03;0.0;0.0
2026;300;365;beauce_5_sa_086;BTH;;0.79;1.24;6.95;-59.58;2.53;74.6;113.53;0.02;0.0;0;1.49;0;-53.77;0.02;0.0;1.24;0.79
2026;1;205;beauce_5_sa_087;BTH;;4.93;0.0;50.06;23.52;85.9;48.75;31.61;0.07;0.0;0;51.05;0;-90.64;0.02;0.05;0.0;4.93
2026;206;290;beauce_5_sa_087;solnu;;0.0;0.0;26.04;-51.78;0.0;31.61;10.85;0.0;0.0;0;0;0;-193.16;0.0;0.0;0.0;0.0
2026;291;365;beauce_5_sa_087;BTH;;1.17;0.56;9.01;-9.35;0.0;10.75;9.57;0.0;0.0;0;0.0;0;25.71;0.0;0.0;0.56;1.17
2026;1;201;beauce_5_sa_088;BTH;;17.32;1.61;46.05;72.93;179.94;105.37;147.33;0.13;0.0;0;111.79;0;-144.63;0.06;0.07;1.61;17.32
2026;202;291;beauce_5_sa_088;solnu;;0.0;0.0;32.54;1.03;0.0;147.33;180.85;0.05;0.0;0;0;0;-199.35;0.03;0.02;0.0;0.0
2026;292;365;beauce_5_sa_088;BTH;;0.0;0.0;8.99;-83.81;10.12;181.25;95.79;0.07;0.04;0;5.95;0;9.06;0.07;0.0;0.0;0.0
2026;1;211;beauce_5_sa_089;BTH;;1.71;0.0;52.22;23.07;49.19;8.26;32.61;0.05;0.0;0;28.94;0;-227.52;0.0;0.05;0.0;1.71
2026;212;280;beauce_5_sa_089;solnu;;0.0;0.0;18.97;-47.82;0.0;32.61;3.83;0.0;0.0;0;0;0;-114.54;0.0;0.0;0.0;0.0
2026;281;365;beauce_5_sa_089;BTH;;0.47;0.0;11.3;-11.53;0.0;3.83;3.47;0.0;0.0;0;0.0;0;-15.33;0.0;0.0;0.0;0.47
2026;1;228;beauce_5_sa_090;BTH;;6.82;0.92;68.41;35.67;149.9;51.46;67.82;0.14;0.0;0;89.09;0;-140.52;0.08;0.06;0.92;6.82
2026;229;286;beauce_5_sa_090;solnu;;0.0;0.0;21.01;-70.54;0.0;67.82;21.12;0.0;0.0;0;0;0;-77.34;0.0;0.0;0.0;0.0
2026;287;365;beauce_5_sa_090;BTH;;0.0;0.51;10.98;-13.26;2.53;21.17;54.78;0.01;0.0;0;1.49;0;75.4;0.01;0.0;0.51;0.0
2026;1;172;beauce_5_sa_091;BTH;;2.96;0.41;33.06;25.69;76.38;14.37;22.6;0.04;0.0;0;44.94;0;-64.61;0.0;0.04;0.41;2.96
2026;173;302;beauce_5_sa_091;solnu;;0.47;0.0;43.57;-58.62;0.0;22.6;7.41;0.02;0.0;0;0;0;-184.76;0.0;0.02;0.0;0.47
2026;303;365;beauce_5_sa_091;BTH;;0.23;0.0;6.5;-6.62;0.0;7.3;7.06;0.0;0.0;0;0.0;0;20.02;0.0;0.0;0.0;0.23
2026;1;217;beauce_5_sa_092;BTH;;1.84;0.0;54.24;22.95;45.75;8.41;37.95;0.05;0.0;0;28.69;0;-257.77;0.0;0.05;0.0;1.84
2026;218;274;beauce_5_sa_092;solnu;;0.0;0.0;15.91;-16.08;0.0;37.95;37.78;0.0;0.0;0;0;0;-102.13;0.0;0.0;0.0;0.0
2026;275;365;beauce_5_sa_092;BTH;;0.53;0.0;12.62;-44.53;1.5;37.99;3.85;0.0;0.0;0;0.88;0;-22.19;0.0;0.0;0.0;0.53
2026;1;212;beauce_5_sa_093;BTH;;1.41;0.88;55.65;10.79;109.89;6.86;27.66;0.07;0.0;0;64.66;0;-29.34;0.03;0.04;0.88;1.41
2026;213;307;beauce_5_sa_093;solnu;;0.0;0.0;29.43;-57.4;0.0;27.66;2.85;0.01;0.0;0;0;0;-124.74;0.0;0.01;0.0;0.0
2026;308;365;beauce_5_sa_093;BTH;;0.0;0.0;5.87;-6.0;0.0;2.95;2.87;0.0;0.0;0;0.0;0;26.69;0.0;0.0;0.0;0.0
2026;1;215;beauce_5_sa_094;BTH;;4.32;1.19;57.24;22.65;123.95;21.03;61.59;0.06;0.0;0;72.93;0;-13.91;0.02;0.05;1.19;4.32
2026;216;314;beauce_5_sa_094;solnu;;0.0;0.0;29.11;-81.32;0.0;61.59;9.37;0.01;0.0;0;0;0;-52.68;0.0;0.01;0.0;0.0
2026;315;365;beauce_5_sa_094;BTH;;0.0;0.0;5.27;-5.26;0.0;9.45;9.37;0.0;0.0;0;0.0;0;39.26;0.0;0.0;0.0;0.0
2026;1;187;beauce_5_sa_095;BTH;;10.3;1.15;42.22;40.25;89.66;58.8;127.33;0.14;0.02;0;88.57;0;-112.14;0.09;0.05;1.15;10.3
2026;188;257;beauce_5_sa_095;solnu;;0.0;0.0;31.86;-9.9;0.0;127.33;149.26;0.02;0.0;0;0;0;-198.06;0.0;0.02;0.0;0.0
2026;258;365;beauce_5_sa_095;BTH;;5.35;0.0;18.62;-95.95;26.32;150.03;40.27;0.0;0.0;0;15.48;0;85.02;0.0;0.0;0.0;5.35
2026;1;194;beauce_5_sa_096;BTH;;0.61;0.0;40.94;16.7;46.15;2.84;13.74;0.04;0.0;0;27.16;0;-125.02;0.0;0.03;0.0;0.61
2026;195;274;beauce_5_sa_096;solnu;;0.0;0.0;28.62;-41.95;0.0;13.74;1.84;0.01;0.0;0;0;0;-186.55;0.0;0.01;0.0;0.0
2026;275;365;beauce_5_sa_096;BTH;;0.21;0.0;12.83;-12.79;0.0;1.84;1.68;0.0;0.0;0;0.0;0;-1.37;0.0;0.0;0.0;0.21
2026;1;190;beauce_5_sa_097;BTH;;35.61;2.45;38.39;62.6;198.19;233.63;284.12;0.17;0.0;0;126.07;0;-72.38;0.11;0.06;2.45;35.61
2026;191;286;beauce_5_sa_097;solnu;;0.0;0.0;36.32;4.98;0.0;284.12;325.4;0.03;0.0;0;0;0;-179.0;0.0;0.03;0.0;0.0
2026;287;365;beauce_5_sa_097;BTH;;0.0;0.0;11.04;-77.85;21.11;325.83;237.31;0.13;0.05;0;12.42;0;26.42;0.12;0.01;0.0;0.0
2026;1;193;beauce_5_sa_098;BTH;;11.3;1.37;44.13;47.31;139.7;67.49;109.99;0.11;0.0;0;88.99;0;-73.22;0.06;0.05;1.37;11.3
2026;194;290;beauce_5_sa_098;solnu;;0.0;0.0;38.56;-92.31;0.0;109.99;56.22;0.02;0.0;0;0;0;-171.36;0.01;0.02;0.0;0.0
2026;291;365;beauce_5_sa_098;BTH;;1.37;0.0;10.23;-1.7;15.09;54.94;48.23;0.03;0.02;0;8.88;0;79.0;0.02;0.01;0.0;1.37
2026;1;174;beauce_5_sa_099;BTH;;6.43;1.28;34.62;34.52;136.33;31.85;52.66;0.07;0.0;0;80.22;0;34.65;0.03;0.04;1.28;6.43
2026;175;316;beauce_5_sa_099;solnu;;0.0;0.0;39.9;-77.21;0.0;52.66;15.44;0.02;0.0;0;0;0;-85.34;0.0;0.02;0.0;0.0
2026;317;365;beauce_5_sa_099;BTH;;0.0;0.0;5.15;-5.15;0.0;15.44;15.43;0.0;0.0;0;0.0;0;40.59;0.0;0.0;0.0;0.0
2027;1;174;beauce_5_sa_000;BTH;;1.09;0.0;29.68;15.77;75.22;4.37;9.77;0.07;0.0;0;44.27;0;10.25;0.04;0.03;0.0;1.09
2027;175;257;beauce_5_sa_000;solnu;;0.0;0.0;45.18;-56.4;0.0;9.77;2.68;0.01;0.0;0;0;0;-216.67;0.0;0.01;0.0;0.0
2027;258;365;beauce_5_sa_000;BTH;;0.61;0.48;18.77;-0.67;11.42;2.63;45.04;0.03;0.0;0;6.72;0;62.65;0.01;0.01;0.48;0.61
2027;1;178;beauce_5_sa_001;BTH;;4.31;0.0;29.28;2.55;53.17;21.4;11.34;0.03;0.0;0;31.29;0;-44.79;0.0;0.03;0.0;4.31
2027;179;311;beauce_5_sa_001;solnu;;2.25;0.0;48.91;-0.86;0.0;11.34;57.18;0.11;0.01;0;0;0;-253.75;0.08;0.03;0.0;2.25
2027;312;365;beauce_5_sa_001;BTH;;3.18;0.22;5.94;-35.65;0.0;57.45;25.47;0.0;0.0;0;0.0;0;-30.57;0.0;0.0;0.22;3.18
2027;1;180;beauce_5_sa_002;BTH;;4.88;0.73;30.93;9.65;101.17;25.43;13.06;0.04;0.0;0;60.12;0;61.95;0.01;0.03;0.73;4.88
2027;181;304;beauce_5_sa_002;solnu;;0.72;0.0;44.98;4.59;0.0;13.06;61.93;0.11;0.01;0;0;0;-157.35;0.08;0.03;0.0;0.72
2027;305;365;beauce_5_sa_002;BTH;;3.75;0.2;7.49;-53.44;1.11;62.17;28.49;0.01;0.0;0;0.66;0;-20.1;0.01;0.0;0.2;3.75
2027;1;202;beauce_5_sa_003;BTH;;1.12;0.45;40.87;21.29;77.64;5.3;22.1;0.06;0.0;0;45.69;0;-69.0;0.02;0.04;0.45;1.12
2027;203;285;beauce_5_sa_003;solnu;;0.16;0.0;35.68;-3.96;0.0;22.1;53.59;0.07;0.0;0;0;0;-183.78;0.04;0.02;0.0;0.16
2027;286;365;beauce_5_sa_003;BTH;;4.34;0.0;11.07;-40.51;0.0;54.04;20.99;0.03;0.01;0;0.0;0;-49.95;0.03;0.0;0.0;4.34
2027;1;217;beauce_5_sa_004;BTH;;8.06;1.03;48.57;7.42;116.29;34.63;44.69;0.07;0.0;0;68.43;0;-5.77;0.04;0.04;1.03;8.06
2027;218;309;beauce_5_sa_004;solnu;;1.96;0.0;35.48;-7.42;0.0;44.69;70.69;0.1;0.01;0;0;0;-135.87;0.08;0.02;0.0;1.96
2027;310;365;beauce_5_sa_004;BTH;;5.15;0.0;6.5;-37.27;0.0;70.6;38.4;0.01;0.0;0;0.0;0;-68.67;0.0;0.0;0.0;5.15
2027;1;177;beauce_5_sa_005;BTH;;24.99;2.82;32.14;51.38;206.85;209.76;271.19;0.21;0.0;0;135.91;0;44.32;0.16;0.05;2.82;24.99
2027;178;284;beauce_5_sa_005;solnu;;0.0;0.0;39.62;8.9;0.0;271.19;320.58;0.1;0.0;0;0;0;-137.18;0.07;0.03;0.0;0.0
2027;285;365;beauce_5_sa_005;BTH;;22.5;0.0;13.63;-73.85;23.82;320.97;213.88;0.15;0.01;0;14.02;0;77.67;0.14;0.01;0.0;22.5
2027;1;224;beauce_5_sa_006;BTH;;5.37;1.08;49.06;23.07;134.63;29.72;42.66;0.08;0.0;0;79.22;0;-61.49;0.03;0.04;1.08;5.37
2027;225;301;beauce_5_sa_006;solnu;;0.21;0.0;27.92;-4.93;0.0;42.66;64.8;0.1;0.01;0;0;0;-109.05;0.08;0.02;0.0;0.21
2027;302;365;beauce_5_sa_006;BTH;;4.45;0.0;7.38;-39.81;0.0;65.16;31.29;0.01;0.0;0;0.0;0;-68.08;0.0;0.0;0.0;4.45
2027;1;231;beauce_5_sa_007;BTH;;4.1;0.0;51.21;22.56;50.13;21.21;40.79;0.05;0.0;0;29.5;0;-275.8;0.0;0.05;0.0;4.1
2027;232;314;beauce_5_sa_007;solnu;;2.3;0.0;23.28;-11.13;0.0;40.79;50.55;0.09;0.01;0;0;0;-146.07;0.08;0.01;0.0;2.3
2027;315;365;beauce_5_sa_007;BTH;;2.9;0.0;4.83;-30.13;0.0;50.66;23.27;0.0;0.0;0;0.0;0;-38.77;0.0;0.0;0.0;2.9
2027;1;219;beauce_5_sa_008;BTH;;2.59;1.07;58.89;33.34;125.58;8.06;52.16;0.19;0.0;0;73.9;0;-121.21;0.13;0.06;1.07;2.59
2027;220;266;beauce_5_sa_008;solnu;;0.28;0.0;25.05;-67.58;0.0;52.16;13.13;0.01;0.0;0;0;0;-86.73;0.01;0.0;0.0;0.28
2027;267;365;beauce_5_sa_008;BTH;;2.66;0.0;17.11;-12.97;2.18;12.96;12.43;0.0;0.0;0;1.28;0;98.86;0.0;0.0;0.0;2.66
2027;1;198;beauce_5_sa_009;BTH;;23.58;2.0;40.73;60.74;179.22;147.29;195.56;0.1;0.0;0;108.58;0;-23.16;0.04;0.06;2.0;23.58
2027;199;297;beauce_5_sa_009;solnu;;3.46;0.0;40.32;6.66;0.0;195.56;238.87;0.21;0.01;0;0;0;-178.37;0.18;0.03;0.0;3.46
2027;298;365;beauce_5_sa_009;BTH;;17.94;0.0;8.96;-87.08;6.59;239.14;136.18;0.04;0.0;0;3.88;0;28.74;0.03;0.0;0.0;17.94
2027;1;223;beauce_5_sa_010;BTH;;0.9;0.0;53.81;25.91;40.16;4.51;43.11;0.05;0.0;0;23.63;0;-232.31;0.0;0.05;0.0;0.9
2027;224;262;beauce_5_sa_010;solnu;;0.0;0.0;18.63;-59.81;0.0;43.11;1.93;0.0;0.0;0;0;0;-117.27;0.0;0.0;0.0;0.0
2027;263;365;beauce_5_sa_010;BTH;;0.5;0.0;16.66;-8.81;4.58;1.93;4.69;0.01;0.0;0;2.7;0;13.54;0.0;0.01;0.0;0.5
2027;1;210;beauce_5_sa_011;BTH;;3.42;1.14;44.53;4.33;127.64;19.4;22.57;0.06;0.0;0;75.11;0;69.39;0.03;0.03;1.14;3.42
2027;211;307;beauce_5_sa_011;solnu;;0.22;0.0;38.07;-34.61;0.0;22.57;26.15;0.09;0.01;0;0;0;-132.91;0.07;0.02;0.0;0.22
2027;308;365;beauce_5_sa_011;BTH;;3.09;0.0;7.0;-12.89;0.0;26.07;22.99;0.0;0.0;0;0.0;0;-46.62;0.0;0.0;0.0;3.09
2027;1;193;beauce_5_sa_012;BTH;;1.23;0.56;35.49;0.37;78.83;6.37;4.18;0.04;0.0;0;46.38;0;33.68;0.02;0.02;0.56;1.23
2027;194;308;beauce_5_sa_012;solnu;;0.4;0.0;42.31;-33.21;0.0;4.18;15.86;0.07;0.01;0;0;0;-189.67;0.05;0.02;0.0;0.4
2027;309;365;beauce_5_sa_012;BTH;;1.88;0.0;6.67;-9.23;0.0;15.94;14.03;0.0;0.0;0;0.0;0;-14.54;0.0;0.0;0.0;1.88
2027;1;227;beauce_5_sa_013;BTH;;6.38;0.15;52.2;34.23;100.05;54.87;46.33;0.08;0.0;0;59.43;0;-161.4;0.02;0.06;0.15;6.38
2027;228;298;beauce_5_sa_013;solnu;;2.28;0.0;24.9;-11.09;0.0;46.33;57.78;0.08;0.01;0;0;0;-141.37;0.07;0.01;0.0;2.28
2027;299;365;beauce_5_sa_013;BTH;;4.47;0.48;7.65;-50.52;2.0;57.98;49.01;0.02;0.0;0;1.17;0;-85.15;0.02;0.0;0.48;4.47
2027;1;225;beauce_5_sa_014;BTH;;2.96;0.0;52.26;7.81;42.02;15.37;30.42;0.04;0.0;0;24.73;0;-180.68;0.0;0.04;0.0;2.96
2027;226;315;beauce_5_sa_014;solnu;;1.87;0.0;28.8;-36.9;0.0;30.42;20.46;0.07;0.01;0;0;0;-171.35;0.06;0.01;0.0;1.87
2027;316;365;beauce_5_sa_014;BTH;;2.27;0.0;5.22;-6.28;0.0;20.46;18.21;0.0;0.0;0;0.0;0;-24.01;0.0;0.0;0.0;2.27
2027;1;201;beauce_5_sa_015;BTH;;1.53;0.54;42.99;32.42;85.93;7.77;35.89;0.08;0.0;0;52.33;0;-87.46;0.04;0.05;0.54;1.53
2027;202;256;beauce_5_sa_015;solnu;;0.0;0.0;31.33;-8.47;0.0;35.89;58.73;0.03;0.0;0;0;0;-185.12;0.01;0.02;0.0;0.0
2027;257;365;beauce_5_sa_015;BTH;;1.55;0.0;18.11;-65.44;4.5;59.15;5.33;0.01;0.0;0;2.65;0;7.62;0.01;0.0;0.0;1.55
2027;1;215;beauce_5_sa_016;BTH;;1.07;0.0;48.26;23.48;37.4;5.25;38.48;0.05;0.0;0;23.77;0;-172.01;0.0;0.04;0.0;1.07
2027;216;261;beauce_5_sa_016;solnu;;0.0;0.0;23.08;-15.08;0.0;38.48;46.47;0.01;0.0;0;0;0;-160.92;0.0;0.01;0.0;0.0
2027;262;365;beauce_5_sa_016;BTH;;2.19;0.0;16.62;-48.65;4.5;46.64;7.73;0.02;0.0;0;2.65;0;-9.04;0.02;0.0;0.0;2.19
2027;1;185;beauce_5_sa_017;BTH;;40.37;1.82;34.35;47.47;212.74;352.85;316.78;0.2;0.0;0;125.94;0;40.63;0.15;0.05;1.82;40.37
2027;186;315;beauce_5_sa_017;solnu;;1.05;0.0;44.48;-82.62;0.0;316.78;278.12;0.17;0.01;0;0;0;-60.56;0.15;0.02;0.0;1.05
2027;316;365;beauce_5_sa_017;BTH;;28.04;1.11;6.54;11.24;2.0;278.58;349.25;0.1;0.0;0;1.17;0;68.12;0.09;0.01;1.11;28.04
2027;1;198;beauce_5_sa_018;BTH;;0.24;0.0;38.69;11.48;45.12;1.26;6.03;0.03;0.0;0;26.55;0;-104.76;0.0;0.03;0.0;0.24
2027;199;312;beauce_5_sa_018;solnu;;0.6;0.0;40.58;-41.16;0.0;6.03;4.96;0.04;0.0;0;0;0;-233.71;0.02;0.02;0.0;0.6
2027;313;365;beauce_5_sa_018;BTH;;0.54;0.0;5.59;-5.64;0.0;4.9;4.36;0.0;0.0;0;0.0;0;-3.51;0.0;0.0;0.0;0.54
2027;1;183;beauce_5_sa_019;BTH;;3.81;0.0;28.45;8.62;42.77;19.76;10.21;0.02;0.0;0;25.17;0;-123.4;0.0;0.02;0.0;3.81
2027;184;312;beauce_5_sa_019;solnu;;2.14;0.0;44.12;5.44;0.0;10.21;57.52;0.11;0.01;0;0;0;-267.77;0.08;0.03;0.0;2.14
2027;313;365;beauce_5_sa_019;BTH;;3.11;0.0;5.28;-34.7;0.0;57.65;24.98;0.0;0.0;0;0.0;0;-25.96;0.0;0.0;0.0;3.11
2027;1;198;beauce_5_sa_020;BTH;;0.95;0.74;43.85;19.59;95.39;4.83;27.49;0.08;0.0;0;56.13;0;6.57;0.04;0.04;0.74;0.95
2027;199;267;beauce_5_sa_020;solnu;;0.0;0.0;37.11;-61.28;0.0;27.49;3.3;0.02;0.0;0;0;0;-188.36;0.01;0.02;0.0;0.0
2027;268;365;beauce_5_sa_020;BTH;;0.67;0.0;16.75;-16.91;0.0;3.26;2.69;0.0;0.0;0;0.0;0;56.34;0.0;0.0;0.0;0.67
2027;1;171;beauce_5_sa_021;BTH;;49.49;2.77;29.17;43.43;199.09;346.86;377.25;0.14;0.0;0;118.06;0;78.79;0.1;0.04;2.77;49.49
2027;172;312;beauce_5_sa_021;solnu;;4.78;0.0;45.89;19.69;0.0;377.25;438.63;0.26;0.01;0;0;0;-139.94;0.22;0.04;0.0;4.78
2027;313;365;beauce_5_sa_021;BTH;;34.1;0.0;6.54;-84.22;2.37;438.81;324.41;0.07;0.0;0;1.39;0;22.53;0.07;0.0;0.0;34.1
2027;1;220;beauce_5_sa_022;BTH;;18.21;2.1;64.72;56.98;150.97;126.38;236.03;0.26;0.0;0;121.82;0;-149.84;0.18;0.07;2.1;18.21
2027;221;262;beauce_5_sa_022;solnu;;0.0;0.0;22.35;-12.95;0.0;236.03;245.4;0.03;0.0;0;0;0;-157.14;0.02;0.01;0.0;0.0
2027;263;365;beauce_5_sa_022;BTH;;26.13;0.0;18.99;-73.53;54.46;245.71;110.14;0.13;0.01;0;32.05;0;124.38;0.11;0.02;0.0;26.13
2027;1;180;beauce_5_sa_023;BTH;;5.37;1.49;34.28;46.22;126.18;30.84;91.4;0.09;0.0;0;88.42;0;30.76;0.04;0.05;1.49;5.37
2027;181;263;beauce_5_sa_023;solnu;;0.0;0.0;48.01;5.95;0.0;91.4;145.32;0.04;0.0;0;0;0;-215.29;0.0;0.03;0.0;0.0
2027;264;365;beauce_5_sa_023;BTH;;8.37;0.0;19.28;-84.15;28.21;145.61;43.79;0.08;0.0;0;16.6;0;78.85;0.07;0.01;0.0;8.37
2027;1;229;beauce_5_sa_024;BTH;;0.63;0.0;56.62;22.83;39.71;3.25;42.3;0.05;0.0;0;23.37;0;-251.54;0.0;0.05;0.0;0.63
2027;230;275;beauce_5_sa_024;solnu;;0.09;0.0;18.71;-59.64;0.0;42.3;1.29;0.0;0.0;0;0;0;-87.98;0.0;0.0;0.0;0.09
2027;276;365;beauce_5_sa_024;BTH;;0.3;0.0;13.43;-6.75;3.99;1.29;3.67;0.0;0.0;0;2.35;0;16.79;0.0;0.0;0.0;0.3
2027;1;183;beauce_5_sa_025;BTH;;4.83;1.0;34.19;35.03;84.23;23.79;79.09;0.07;0.0;0;57.51;0;31.03;0.03;0.04;1.0;4.83
2027;184;264;beauce_5_sa_025;solnu;;0.0;0.0;45.02;3.83;0.0;79.09;127.92;0.03;0.0;0;0;0;-202.6;0.0;0.03;0.0;0.0
2027;265;365;beauce_5_sa_025;BTH;;7.91;0.0;18.21;-76.58;25.52;128.26;36.03;0.07;0.0;0;15.02;0;39.52;0.06;0.01;0.0;7.91
2027;1;199;beauce_5_sa_026;BTH;;0.67;0.0;40.46;15.79;39.03;3.39;19.91;0.03;0.0;0;23.85;0;-109.54;0.0;0.03;0.0;0.67
2027;200;275;beauce_5_sa_026;solnu;;0.19;0.0;34.45;-10.73;0.0;19.91;43.4;0.05;0.0;0;0;0;-210.05;0.03;0.02;0.0;0.19
2027;276;365;beauce_5_sa_026;BTH;;2.02;0.0;13.58;-42.27;4.5;43.74;8.19;0.0;0.0;0;2.65;0;-26.95;0.0;0.0;0.0;2.02
2027;1;172;beauce_5_sa_027;BTH;;4.12;0.0;26.73;-0.08;32.04;21.35;11.82;0.02;0.0;0;18.85;0;-65.81;0.0;0.02;0.0;4.12
2027;173;312;beauce_5_sa_027;solnu;;2.5;0.0;49.56;2.3;0.0;11.82;61.06;0.12;0.01;0;0;0;-263.9;0.09;0.03;0.0;2.5
2027;313;365;beauce_5_sa_027;BTH;;3.39;0.0;5.56;-36.1;0.0;61.2;27.13;0.0;0.0;0;0.0;0;-20.15;0.0;0.0;0.0;3.39
2027;1;187;beauce_5_sa_028;BTH;;0.96;0.0;30.89;25.62;44.9;4.85;15.47;0.03;0.0;0;28.18;0;-117.93;0.0;0.03;0.0;0.96
2027;188;261;beauce_5_sa_028;solnu;;0.0;0.0;36.83;-4.23;0.0;15.47;48.05;0.02;0.0;0;0;0;-239.27;0.0;0.02;0.0;0.0
2027;262;365;beauce_5_sa_028;BTH;;2.07;0.0;15.95;-49.28;4.5;48.24;8.12;0.02;0.0;0;2.65;0;-52.96;0.02;0.0;0.0;2.07
2027;1;184;beauce_5_sa_029;BTH;;0.37;0.0;31.1;9.41;39.89;1.77;1.99;0.02;0.0;0;23.47;0;-73.43;0.0;0.02;0.0;0.37
2027;185;297;beauce_5_sa_029;solnu;;0.62;0.0;45.79;-40.93;0.0;1.99;6.18;0.04;0.0;0;0;0;-242.14;0.02;0.02;0.0;0.62
2027;298;365;beauce_5_sa_029;BTH;;0.77;0.0;8.13;-8.16;0.0;6.2;5.39;0.0;0.0;0;0.0;0;-8.09;0.0;0.0;0.0;0.77
2027;1;197;beauce_5_sa_030;BTH;;2.02;0.42;40.6;21.04;100.64;6.35;20.22;0.08;0.0;0;59.22;0;-16.53;0.04;0.04;0.42;2.02
2027;198;279;beauce_5_sa_030;solnu;;0.05;0.0;38.71;-55.7;0.0;20.22;5.81;0.02;0.0;0;0;0;-201.61;0.0;0.02;0.0;0.05
2027;280;365;beauce_5_sa_030;BTH;;1.16;0.32;13.02;-14.2;0.28;5.8;27.67;0.0;0.0;0;0.16;0;39.26;0.0;0.0;0.32;1.16
2027;1;193;beauce_5_sa_031;BTH;;8.18;1.29;40.88;44.9;99.51;56.64;131.13;0.12;0.0;0;77.11;0;-55.71;0.07;0.05;1.29;8.18
2027;194;256;beauce_5_sa_031;solnu;;0.0;0.0;40.48;-87.68;0.0;131.13;83.88;0.04;0.0;0;0;0;-235.9;0.02;0.02;0.0;0.0
2027;257;365;beauce_5_sa_031;BTH;;8.86;0.0;19.98;11.44;62.18;82.06;44.16;0.09;0.01;0;36.59;0;89.22;0.07;0.02;0.0;8.86
2027;1;176;beauce_5_sa_032;BTH;;7.82;1.46;32.56;42.17;122.18;47.59;100.66;0.1;0.0;0;92.67;0;17.34;0.05;0.04;1.46;7.82
2027;177;274;beauce_5_sa_032;solnu;;0.0;0.0;48.28;-30.75;0.0;100.66;118.23;0.09;0.0;0;0;0;-210.71;0.05;0.03;0.0;0.0
2027;275;365;beauce_5_sa_032;BTH;;9.57;0.0;16.3;-48.83;25.48;109.89;50.59;0.05;0.01;0;14.99;0;95.57;0.04;0.01;0.0;9.57
2027;1;230;beauce_5_sa_033;BTH;;31.2;2.59;67.58;69.8;192.29;212.63;320.19;0.43;0.02;0;139.85;0;-246.34;0.35;0.08;2.59;31.2
2027;231;270;beauce_5_sa_033;solnu;;0.0;0.0;19.01;-12.26;0.0;320.19;326.85;0.09;0.01;0;0;0;-126.36;0.08;0.01;0.0;0.0
2027;271;365;beauce_5_sa_033;BTH;;42.94;0.0;15.97;-68.06;37.64;327.26;194.1;0.07;0.01;0;22.15;0;76.13;0.05;0.01;0.0;42.94
2027;1;209;beauce_5_sa_034;BTH;;5.67;0.0;45.75;33.72;100.39;59.2;32.52;0.09;0.0;0;61.3;0;-39.09;0.04;0.05;0.0;5.67
2027;210;293;beauce_5_sa_034;solnu;;1.93;0.0;35.4;-48.17;0.0;32.52;19.56;0.04;0.0;0;0;0;-203.16;0.03;0.02;0.0;1.93
2027;294;365;beauce_5_sa_034;BTH;;3.51;0.8;9.41;-21.19;4.17;19.37;62.14;0.05;0.0;0;2.45;0;4.93;0.05;0.0;0.8;3.51
2027;1;225;beauce_5_sa_035;BTH;;3.86;1.1;62.44;56.27;141.51;35.61;91.36;0.18;0.0;0;83.83;0;-111.94;0.11;0.07;1.1;3.86
2027;226;271;beauce_5_sa_035;solnu;;0.15;0.0;21.96;-94.71;0.0;91.36;18.44;0.01;0.0;0;0;0;-112.08;0.0;0.0;0.0;0.15
2027;272;365;beauce_5_sa_035;BTH;;3.66;0.21;16.18;-12.69;1.64;18.36;32.22;0.01;0.0;0;0.96;0;111.33;0.01;0.0;0.21;3.66
2027;1;177;beauce_5_sa_036;BTH;;3.86;0.47;30.33;4.89;56.8;19.99;28.0;0.02;0.0;0;33.42;0;26.01;0.0;0.02;0.47;3.86
2027;178;309;beauce_5_sa_036;solnu;;2.65;0.0;51.38;-39.16;0.0;28.0;37.49;0.13;0.01;0;0;0;-203.42;0.1;0.03;0.0;2.65
2027;310;365;beauce_5_sa_036;BTH;;4.44;0.0;6.51;-6.5;0.0;37.2;33.06;0.0;0.0;0;0.0;0;6.91;0.0;0.0;0.0;4.44
2027;1;197;beauce_5_sa_037;BTH;;1.82;1.26;44.34;28.16;134.56;9.7;40.06;0.1;0.0;0;79.18;0;26.19;0.06;0.04;1.26;1.82
2027;198;273;beauce_5_sa_037;solnu;;0.0;0.0;41.42;-69.77;0.0;40.06;11.65;0.05;0.0;0;0;0;-178.06;0.03;0.02;0.0;0.0
2027;274;365;beauce_5_sa_037;BTH;;2.22;0.0;16.05;-15.99;0.0;11.66;9.5;0.0;0.0;0;0.0;0;86.3;0.0;0.0;0.0;2.22
2027;1;223;beauce_5_sa_038;BTH;;0.46;0.14;53.12;19.09;52.15;2.32;32.43;0.05;0.0;0;30.69;0;-164.68;0.0;0.04;0.14;0.46
2027;224;289;beauce_5_sa_038;solnu;;0.49;0.0;25.31;-53.13;0.0;32.43;4.28;0.02;0.0;0;0;0;-146.14;0.01;0.01;0.0;0.49
2027;290;365;beauce_5_sa_038;BTH;;0.53;0.0;10.25;-10.16;0.0;4.33;3.83;0.0;0.0;0;0.0;0;26.56;0.0;0.0;0.0;0.53
2027;1;185;beauce_5_sa_039;BTH;;3.04;0.0;31.61;17.36;66.84;30.17;7.98;0.04;0.0;0;40.09;0;-23.37;0.01;0.03;0.0;3.04
2027;186;309;beauce_5_sa_039;solnu;;1.6;0.0;47.33;-33.44;0.0;7.98;22.15;0.08;0.01;0;0;0;-254.42;0.06;0.02;0.0;1.6
2027;310;365;beauce_5_sa_039;BTH;;2.99;0.4;6.23;-17.25;2.37;21.96;37.29;0.02;0.0;0;1.39;0;-24.99;0.02;0.0;0.4;2.99
2027;1;215;beauce_5_sa_040;BTH;;11.43;1.5;52.24;57.66;149.35;65.91;126.9;0.13;0.0;0;96.77;0;-55.25;0.06;0.07;1.5;11.43
2027;216;290;beauce_5_sa_040;solnu;;3.4;0.0;34.68;-70.86;0.0;126.9;87.18;0.14;0.01;0;0;0;-192.12;0.12;0.02;0.0;3.4
2027;291;365;beauce_5_sa_040;BTH;;8.29;0.0;11.31;-31.32;0.0;82.93;58.87;0.0;0.0;0;0.0;0;81.53;0.0;0.0;0.0;8.29
2027;1;181;beauce_5_sa_041;BTH;;1.54;0.0;29.71;7.0;37.19;8.0;4.64;0.02;0.0;0;21.88;0;-73.19;0.0;0.02;0.0;1.54
2027;182;314;beauce_5_sa_041;solnu;;1.49;0.0;48.28;-32.13;0.0;4.64;19.45;0.09;0.01;0;0;0;-259.33;0.06;0.03;0.0;1.49
2027;315;365;beauce_5_sa_041;BTH;;2.16;0.0;5.37;-5.38;0.0;19.44;17.29;0.0;0.0;0;0.0;0;-9.68;0.0;0.0;0.0;2.16
2027;1;183;beauce_5_sa_042;BTH;;37.59;3.26;33.86;50.19;230.99;291.51;349.69;0.24;0.0;0;140.02;0;69.53;0.19;0.05;3.26;37.59
2027;184;295;beauce_5_sa_042;solnu;;0.0;0.0;39.59;9.11;0.0;349.69;398.87;0.18;0.01;0;0;0;-134.37;0.15;0.03;0.0;0.0
2027;296;365;beauce_5_sa_042;BTH;;28.6;0.0;10.57;-77.16;7.81;399.28;295.82;0.04;0.0;0;4.6;0;70.45;0.04;0.0;0.0;28.6
2027;1;200;beauce_5_sa_043;BTH;;5.22;0.0;45.49;24.42;123.66;99.75;40.62;0.15;0.0;0;74.26;0;-59.07;0.11;0.04;0.0;5.22
2027;201;263;beauce_5_sa_043;solnu;;0.0;0.0;36.52;-66.77;0.0;40.62;15.96;0.01;0.0;0;0;0;-137.77;0.01;0.0;0.0;0.0
2027;264;365;beauce_5_sa_043;BTH;;3.87;1.12;17.91;0.04;11.7;15.92;101.85;0.07;0.0;0;6.88;0;107.05;0.06;0.01;1.12;3.87
2027;1;187;beauce_5_sa_044;BTH;;2.56;0.0;31.94;0.38;35.56;13.25;7.43;0.02;0.0;0;20.92;0;-72.05;0.0;0.02;0.0;2.56
2027;188;309;beauce_5_sa_044;solnu;;1.51;0.0;46.86;-25.93;0.0;7.43;26.75;0.09;0.01;0;0;0;-249.33;0.07;0.03;0.0;1.51
2027;310;365;beauce_5_sa_044;BTH;;2.53;0.0;6.14;-11.67;0.0;24.37;18.82;0.0;0.0;0;0.0;0;-15.68;0.0;0.0;0.0;2.53
2027;1;216;beauce_5_sa_045;BTH;;26.68;1.84;49.54;70.73;168.97;151.59;213.85;0.11;0.0;0;105.66;0;-100.43;0.04;0.07;1.84;26.68
2027;217;292;beauce_5_sa_045;solnu;;6.64;0.0;32.28;-1.71;0.0;213.85;237.58;0.2;0.01;0;0;0;-172.43;0.18;0.02;0.0;6.64
2027;293;365;beauce_5_sa_045;BTH;;18.22;0.0;9.89;-86.07;11.84;237.97;131.3;0.03;0.0;0;6.97;0;26.27;0.03;0.0;0.0;18.22
2027;1;224;beauce_5_sa_046;BTH;;10.87;0.5;53.61;24.98;170.63;35.48;58.04;0.16;0.0;0;100.4;0;10.84;0.11;0.05;0.5;10.87
2027;225;309;beauce_5_sa_046;solnu;;0.78;0.0;32.23;-54.13;0.0;58.04;39.22;0.03;0.0;0;0;0;-149.71;0.03;0.01;0.0;0.78
2027;310;365;beauce_5_sa_046;BTH;;4.67;1.18;6.75;-9.73;1.13;38.89;118.79;0.02;0.0;0;0.67;0;46.87;0.02;0.0;1.18;4.67
2027;1;213;beauce_5_sa_047;BTH;;5.28;0.96;52.68;52.3;87.65;36.53;120.03;0.1;0.0;0;64.66;0;-129.43;0.04;0.06;0.96;5.28
2027;214;272;beauce_5_sa_047;solnu;;0.5;0.0;29.41;-83.82;0.0;120.03;62.17;0.07;0.0;0;0;0;-178.22;0.06;0.01;0.0;0.5
2027;273;365;beauce_5_sa_047;BTH;;6.55;0.0;15.66;-2.48;29.59;59.69;39.16;0.04;0.01;0;17.41;0;76.32;0.02;0.02;0.0;6.55
2027;1;214;beauce_5_sa_048;BTH;;1.84;0.92;53.43;37.0;116.73;7.32;47.59;0.17;0.0;0;68.69;0;-107.78;0.11;0.05;0.92;1.84
2027;215;264;beauce_5_sa_048;solnu;;0.0;0.0;25.79;-65.0;0.0;47.59;9.52;0.01;0.0;0;0;0;-139.8;0.0;0.01;0.0;0.0
2027;265;365;beauce_5_sa_048;BTH;;2.13;0.0;16.98;-16.23;0.0;9.43;8.13;0.0;0.0;0;0.0;0;66.08;0.0;0.0;0.0;2.13
2027;1;195;beauce_5_sa_049;BTH;;0.26;0.0;36.76;16.07;41.49;1.26;12.31;0.03;0.0;0;24.41;0;-103.52;0.0;0.03;0.0;0.26
2027;196;278;beauce_5_sa_049;solnu;;0.03;0.0;38.02;-49.95;0.0;12.31;0.56;0.01;0.0;0;0;0;-224.06;0.0;0.01;0.0;0.03
2027;279;365;beauce_5_sa_049;BTH;;0.15;0.0;12.56;-6.5;3.29;0.55;3.17;0.0;0.0;0;1.94;0;10.46;0.0;0.0;0.0;0.15
2027;1;177;beauce_5_sa_050;BTH;;0.62;0.0;29.25;14.12;39.28;3.08;6.53;0.03;0.0;0;23.11;0;-72.25;0.0;0.03;0.0;0.62
2027;178;266;beauce_5_sa_050;solnu;;0.15;0.0;42.14;-4.61;0.0;6.53;43.86;0.05;0.0;0;0;0;-240.18;0.02;0.03;0.0;0.15
2027;267;365;beauce_5_sa_050;BTH;;2.06;0.0;15.88;-45.1;4.5;44.31;8.08;0.01;0.0;0;2.65;0;-41.5;0.0;0.0;0.0;2.06
2027;1;193;beauce_5_sa_051;BTH;;18.44;2.22;39.15;51.23;183.73;103.5;157.73;0.17;0.0;0;123.18;0;9.74;0.11;0.05;2.22;18.44
2027;194;282;beauce_5_sa_051;solnu;;0.0;0.0;45.48;4.29;0.0;157.73;207.4;0.1;0.0;0;0;0;-199.74;0.07;0.03;0.0;0.0
2027;283;365;beauce_5_sa_051;BTH;;14.55;0.0;13.87;-87.77;16.39;207.83;102.47;0.08;0.01;0;9.65;0;65.8;0.08;0.0;0.0;14.55
2027;1;197;beauce_5_sa_052;BTH;;0.71;0.46;41.14;17.24;74.16;3.6;21.39;0.05;0.0;0;43.64;0;-36.21;0.02;0.04;0.46;0.71
2027;198;273;beauce_5_sa_052;solnu;;0.03;0.0;37.89;-52.23;0.0;21.39;6.99;0.04;0.0;0;0;0;-186.41;0.02;0.02;0.0;0.03
2027;274;365;beauce_5_sa_052;BTH;;1.32;0.0;14.83;-15.41;0.0;6.73;5.38;0.0;0.0;0;0.0;0;21.56;0.0;0.0;0.0;1.32
2027;1;171;beauce_5_sa_053;BTH;;38.43;2.64;30.46;41.24;183.54;293.43;141.64;0.16;0.0;0;116.0;0;31.28;0.11;0.04;2.64;38.43
2027;172;291;beauce_5_sa_053;solnu;;1.29;0.0;45.65;-86.43;0.0;141.64;298.14;0.18;0.01;0;0;0;-91.97;0.15;0.02;0.0;1.29
2027;292;365;beauce_5_sa_053;BTH;;29.01;0.0;11.55;16.9;13.34;298.45;284.11;0.13;0.0;0;7.85;0;89.86;0.11;0.02;0.0;29.01
2027;1;210;beauce_5_sa_054;BTH;;1.29;1.31;50.92;27.72;148.79;6.66;33.2;0.11;0.0;0;87.56;0;-23.18;0.06;0.05;1.31;1.29
2027;211;277;beauce_5_sa_054;solnu;;0.0;0.0;34.07;-66.57;0.0;33.2;5.09;0.01;0.0;0;0;0;-105.77;0.01;0.0;0.0;0.0
2027;278;365;beauce_5_sa_054;BTH;;1.02;0.0;14.35;-7.37;3.69;5.06;7.35;0.0;0.0;0;2.17;0;103.78;0.0;0.0;0.0;1.02
2027;1;224;beauce_5_sa_055;BTH;;2.56;0.95;56.23;52.98;127.45;11.76;61.65;0.16;0.0;0;75.88;0;-158.49;0.09;0.07;0.95;2.56
2027;225;264;beauce_5_sa_055;solnu;;0.0;0.0;18.1;-13.12;0.0;61.65;64.57;0.01;0.0;0;0;0;-106.7;0.0;0.01;0.0;0.0
2027;265;365;beauce_5_sa_055;BTH;;4.89;0.0;15.91;-60.24;0.0;64.81;17.36;0.04;0.0;0;0.0;0;-5.72;0.03;0.0;0.0;4.89
2027;1;189;beauce_5_sa_056;BTH;;0.53;0.0;33.6;17.81;41.55;2.66;11.95;0.03;0.0;0;24.45;0;-86.66;0.0;0.03;0.0;0.53
2027;190;264;beauce_5_sa_056;solnu;;0.0;0.0;38.68;-49.56;0.0;11.95;1.08;0.01;0.0;0;0;0;-215.43;0.0;0.01;0.0;0.0
2027;265;365;beauce_5_sa_056;BTH;;0.29;0.0;16.39;-6.6;5.83;1.04;4.75;0.01;0.0;0;3.43;0;-10.01;0.0;0.01;0.0;0.29
2027;1;188;beauce_5_sa_057;BTH;;6.66;0.0;34.56;33.39;142.03;114.19;33.3;0.16;0.0;0;85.07;0;-13.25;0.11;0.04;0.0;6.66
2027;189;264;beauce_5_sa_057;solnu;;0.0;0.0;43.25;-57.15;0.0;33.3;20.02;0.03;0.0;0;0;0;-201.07;0.0;0.02;0.0;0.0
2027;265;365;beauce_5_sa_057;BTH;;4.46;1.26;17.25;-15.62;3.69;19.97;108.09;0.07;0.0;0;2.17;0;58.55;0.06;0.0;1.26;4.46
2027;1;208;beauce_5_sa_058;BTH;;15.0;1.23;44.65;38.65;119.34;78.05;118.83;0.05;0.0;0;70.44;0;-29.03;0.0;0.05;1.23;15.0
2027;209;298;beauce_5_sa_058;solnu;;3.63;0.0;37.21;3.72;0.0;118.83;155.94;0.18;0.01;0;0;0;-164.27;0.15;0.03;0.0;3.63
2027;299;365;beauce_5_sa_058;BTH;;11.19;0.0;8.47;-74.5;0.16;156.2;78.55;0.01;0.0;0;0.09;0;12.73;0.01;0.0;0.0;11.19
2027;1;194;beauce_5_sa_059;BTH;;2.76;0.0;35.02;1.68;39.79;14.27;6.92;0.02;0.0;0;23.41;0;-101.71;0.0;0.02;0.0;2.76
2027;195;315;beauce_5_sa_059;solnu;;1.61;0.0;43.95;-5.06;0.0;6.92;44.23;0.09;0.01;0;0;0;-243.2;0.07;0.03;0.0;1.61
2027;316;365;beauce_5_sa_059;BTH;;2.26;0.0;5.23;-29.39;0.0;44.5;18.11;0.0;0.0;0;0.0;0;-24.73;0.0;0.0;0.0;2.26
2027;1;181;beauce_5_sa_060;BTH;;0.84;0.0;29.79;20.03;40.24;4.17;12.88;0.03;0.0;0;26.25;0;-88.09;0.0;0.03;0.0;0.84
2027;182;257;beauce_5_sa_060;solnu;;0.0;0.0;38.77;-5.59;0.0;12.88;46.04;0.02;0.0;0;0;0;-243.66;0.0;0.02;0.0;0.0
2027;258;365;beauce_5_sa_060;BTH;;1.32;0.0;17.28;-50.5;6.0;46.3;5.49;0.01;0.0;0;3.53;0;-47.35;0.01;0.0;0.0;1.32
2027;1;194;beauce_5_sa_061;BTH;;11.66;0.0;36.2;10.42;139.36;40.26;28.78;0.12;0.0;0;82.0;0;5.64;0.08;0.04;0.0;11.66
2027;195;302;beauce_5_sa_061;solnu;;2.87;0.0;43.12;1.23;0.0;28.78;70.38;0.1;0.01;0;0;0;-186.75;0.07;0.03;0.0;2.87
2027;303;365;beauce_5_sa_061;BTH;;5.42;1.26;7.54;-41.09;0.28;70.34;129.81;0.01;0.0;0;0.16;0;-86.61;0.01;0.0;1.26;5.42
2027;1;221;beauce_5_sa_062;BTH;;1.19;0.4;57.6;29.22;72.59;6.17;49.22;0.08;0.0;0;42.72;0;-170.47;0.03;0.05;0.4;1.19
2027;222;262;beauce_5_sa_062;solnu;;0.0;0.0;20.1;-64.61;0.0;49.22;4.84;0.01;0.0;0;0;0;-107.47;0.01;0.0;0.0;0.0
2027;263;365;beauce_5_sa_062;BTH;;1.22;0.0;17.36;-16.92;0.0;5.09;4.06;0.0;0.0;0;0.0;0;44.43;0.0;0.0;0.0;1.22
2027;1;190;beauce_5_sa_063;BTH;;9.85;1.23;39.72;43.2;144.52;101.71;122.51;0.21;0.0;0;106.29;0;-43.12;0.16;0.05;1.23;9.85
2027;191;261;beauce_5_sa_063;solnu;;0.0;0.0;45.19;-77.79;0.0;122.51;89.87;0.04;0.0;0;0;0;-240.99;0.02;0.02;0.0;0.0
2027;262;365;beauce_5_sa_063;BTH;;9.47;0.54;19.57;4.47;53.33;88.6;91.43;0.13;0.01;0;31.38;0;108.77;0.11;0.02;0.54;9.47
2027;1;188;beauce_5_sa_064;BTH;;4.74;0.91;34.22;48.71;92.13;23.46;77.52;0.09;0.0;0;61.27;0;-44.44;0.04;0.05;0.91;4.74
2027;189;265;beauce_5_sa_064;solnu;;0.07;0.0;41.32;5.54;0.0;77.52;124.25;0.06;0.0;0;0;0;-219.2;0.03;0.03;0.0;0.07
2027;266;365;beauce_5_sa_064;BTH;;7.85;0.0;16.74;-77.54;21.24;124.18;34.32;0.04;0.0;0;12.5;0;6.34;0.03;0.01;0.0;7.85
2027;1;194;beauce_5_sa_065;BTH;;0.45;0.0;35.58;7.46;41.58;2.34;1.82;0.03;0.0;0;24.47;0;-90.33;0.0;0.03;0.0;0.45
2027;195;304;beauce_5_sa_065;solnu;;0.89;0.0;43.32;-31.4;0.0;1.82;13.82;0.07;0.01;0;0;0;-249.27;0.05;0.02;0.0;0.89
2027;305;365;beauce_5_sa_065;BTH;;1.62;0.0;6.77;-7.24;0.0;13.66;12.1;0.0;0.0;0;0.0;0;-18.75;0.0;0.0;0.0;1.62
2027;1;185;beauce_5_sa_066;BTH;;6.84;0.0;30.34;25.15;123.84;21.64;17.79;0.1;0.0;0;72.87;0;-40.83;0.06;0.04;0.0;6.84
2027;186;288;beauce_5_sa_066;solnu;;2.27;0.0;41.45;6.3;0.0;17.79;63.16;0.1;0.01;0;0;0;-203.19;0.07;0.03;0.0;2.27
2027;289;365;beauce_5_sa_066;BTH;;4.47;0.95;10.17;-41.23;0.0;63.36;31.42;0.0;0.0;0;0.0;0;-97.02;0.0;0.0;0.95;4.47
2027;1;185;beauce_5_sa_067;BTH;;10.8;1.8;35.31;42.79;148.04;79.72;133.44;0.14;0.0;0;106.6;0;-36.13;0.09;0.05;1.8;10.8
2027;186;278;beauce_5_sa_067;solnu;;0.0;0.0;46.67;-91.44;0.0;133.44;88.59;0.07;0.0;0;0;0;-170.81;0.04;0.02;0.0;0.0
2027;279;365;beauce_5_sa_067;BTH;;10.65;0.0;14.81;19.87;32.48;88.53;80.01;0.12;0.01;0;19.12;0;85.2;0.1;0.02;0.0;10.65
2027;1;207;beauce_5_sa_068;BTH;;3.08;0.0;40.66;14.63;47.15;15.85;20.88;0.03;0.0;0;27.75;0;-184.03;0.0;0.03;0.0;3.08
2027;208;302;beauce_5_sa_068;solnu;;1.53;0.0;33.62;-5.4;0.0;20.88;47.47;0.09;0.01;0;0;0;-199.23;0.07;0.02;0.0;1.53
2027;303;365;beauce_5_sa_068;BTH;;2.91;0.0;6.65;-31.59;0.0;47.55;20.58;0.01;0.0;0;0.0;0;-43.26;0.01;0.0;0.0;2.91
2027;1;174;beauce_5_sa_069;BTH;;0.38;0.0;27.92;12.36;39.39;1.99;2.47;0.02;0.0;0;23.18;0;-67.64;0.0;0.02;0.0;0.38
2027;175;287;beauce_5_sa_069;solnu;;0.13;0.0;46.64;-47.09;0.0;2.47;1.86;0.02;0.0;0;0;0;-236.98;0.0;0.02;0.0;0.13
2027;288;365;beauce_5_sa_069;BTH;;0.3;0.0;10.67;-9.1;0.0;1.79;3.13;0.0;0.0;0;0.0;0;-10.05;0.0;0.0;0.0;0.3
2027;1;202;beauce_5_sa_070;BTH;;8.55;1.23;48.22;52.74;92.14;57.01;149.44;0.11;0.0;0;77.13;0;-79.14;0.05;0.06;1.23;8.55
2027;203;257;beauce_5_sa_070;solnu;;0.0;0.0;33.33;-8.18;0.0;149.44;174.54;0.05;0.0;0;0;0;-217.89;0.03;0.02;0.0;0.0
2027;258;365;beauce_5_sa_070;BTH;;11.77;0.0;19.32;-76.48;51.68;174.83;53.83;0.09;0.01;0;30.41;0;75.09;0.08;0.02;0.0;11.77
2027;1;202;beauce_5_sa_071;BTH;;5.04;1.1;47.83;46.06;98.83;25.0;97.61;0.1;0.0;0;58.76;0;-9.15;0.05;0.06;1.1;5.04
2027;203;260;beauce_5_sa_071;solnu;;0.0;0.0;34.36;-75.91;0.0;97.61;56.03;0.03;0.0;0;0;0;-178.86;0.02;0.01;0.0;0.0
2027;261;365;beauce_5_sa_071;BTH;;4.78;0.0;19.25;-0.53;40.35;53.8;29.54;0.06;0.01;0;23.75;0;79.38;0.04;0.02;0.0;4.78
2027;1;171;beauce_5_sa_072;BTH;;12.22;1.98;31.67;36.12;135.8;97.46;165.01;0.14;0.0;0;111.95;0;-17.06;0.1;0.04;1.98;12.22
2027;172;264;beauce_5_sa_072;solnu;;0.0;0.0;47.72;-92.31;0.0;165.01;120.41;0.02;0.0;0;0;0;-148.23;0.0;0.02;0.0;0.0
2027;265;365;beauce_5_sa_072;BTH;;13.8;0.0;19.61;27.53;55.1;120.59;98.44;0.2;0.01;0;32.42;0;106.07;0.17;0.03;0.0;13.8
2027;1;224;beauce_5_sa_073;BTH;;12.95;0.74;55.93;41.48;185.64;117.09;71.3;0.16;0.0;0;110.73;0;19.56;0.1;0.06;0.74;12.95
2027;225;300;beauce_5_sa_073;solnu;;0.67;0.0;31.71;-43.79;0.0;71.3;58.62;0.1;0.01;0;0;0;-141.59;0.09;0.01;0.0;0.67
2027;301;365;beauce_5_sa_073;BTH;;8.42;1.18;8.61;-24.64;3.69;58.62;120.9;0.06;0.0;0;2.17;0;23.14;0.06;0.0;1.18;8.42
2027;1;172;beauce_5_sa_074;BTH;;9.15;0.53;29.67;11.55;131.44;87.49;26.62;0.09;0.0;0;77.9;0;95.77;0.06;0.03;0.53;9.15
2027;173;312;beauce_5_sa_074;solnu;;2.47;0.0;49.94;-32.03;0.0;26.62;43.04;0.11;0.01;0;0;0;-159.4;0.08;0.03;0.0;2.47
2027;313;365;beauce_5_sa_074;BTH;;5.56;0.8;6.43;-24.18;2.15;43.04;80.71;0.04;0.0;0;1.27;0;-27.1;0.04;0.0;0.8;5.56
2027;1;171;beauce_5_sa_075;BTH;;13.98;1.51;30.04;44.94;122.69;86.55;136.27;0.08;0.0;0;87.26;0;16.35;0.03;0.04;1.51;13.98
2027;172;283;beauce_5_sa_075;solnu;;0.01;0.0;49.04;-30.58;0.0;136.27;154.87;0.1;0.0;0;0;0;-212.35;0.06;0.03;0.0;0.01
2027;284;365;beauce_5_sa_075;BTH;;15.85;0.0;13.13;-46.23;25.32;148.53;80.5;0.09;0.01;0;14.9;0;67.78;0.08;0.01;0.0;15.85
2027;1;179;beauce_5_sa_076;BTH;;7.59;0.83;31.5;-0.13;86.09;39.62;38.33;0.02;0.0;0;50.66;0;65.07;0.0;0.02;0.83;7.59
2027;180;313;beauce_5_sa_076;solnu;;3.76;0.0;51.35;9.69;0.0;38.33;95.55;0.16;0.01;0;0;0;-170.42;0.12;0.04;0.0;3.76
2027;314;365;beauce_5_sa_076;BTH;;5.52;0.0;6.18;-52.43;0.0;95.89;44.26;0.0;0.0;0;0.0;0;-3.03;0.0;0.0;0.0;5.52
2027;1;187;beauce_5_sa_077;BTH;;13.2;0.4;32.49;27.93;165.3;53.29;52.11;0.13;0.0;0;97.27;0;-2.15;0.09;0.04;0.4;13.2
2027;188;291;beauce_5_sa_077;solnu;;2.46;0.0;42.52;9.16;0.0;52.11;101.5;0.13;0.01;0;0;0;-182.2;0.09;0.03;0.0;2.46
2027;292;365;beauce_5_sa_077;BTH;;7.73;1.18;10.25;-55.37;0.9;102.05;137.0;0.02;0.0;0;0.53;0;-23.5;0.02;0.0;1.18;7.73
2027;1;222;beauce_5_sa_078;BTH;;2.79;0.8;58.6;49.83;90.45;16.09;91.29;0.08;0.0;0;54.46;0;-178.42;0.02;0.07;0.8;2.79
2027;223;272;beauce_5_sa_078;solnu;;0.37;0.0;23.9;-100.24;0.0;91.29;14.56;0.02;0.0;0;0;0;-14.24;0.01;0.01;0.0;0.37
2027;273;365;beauce_5_sa_078;BTH;;2.01;0.0;15.77;24.11;32.29;15.25;20.1;0.04;0.01;0;19.0;0;29.69;0.02;0.02;0.0;2.01
2027;1;225;beauce_5_sa_079;BTH;;24.74;2.63;53.74;67.8;235.02;178.51;236.8;0.26;0.0;0;140.41;0;-123.81;0.19;0.07;2.63;24.74
2027;226;300;beauce_5_sa_079;solnu;;0.0;0.0;30.86;-79.14;0.0;236.8;188.35;0.17;0.01;0;0;0;-117.71;0.15;0.01;0.0;0.0
2027;301;365;beauce_5_sa_079;BTH;;20.1;0.0;8.57;2.77;4.82;187.78;174.72;0.04;0.0;0;2.83;0;58.97;0.03;0.01;0.0;20.1
2027;1;217;beauce_5_sa_080;BTH;;8.53;0.25;50.3;13.88;122.33;34.5;46.81;0.1;0.0;0;71.99;0;-20.97;0.05;0.05;0.25;8.53
2027;218;293;beauce_5_sa_080;solnu;;2.81;0.0;31.9;-9.75;0.0;46.81;66.05;0.09;0.01;0;0;0;-159.35;0.07;0.02;0.0;2.81
2027;294;365;beauce_5_sa_080;BTH;;4.98;0.81;9.56;-48.52;1.13;66.68;86.48;0.02;0.0;0;0.67;0;-78.99;0.02;0.0;0.81;4.98
2027;1;214;beauce_5_sa_081;BTH;;9.14;1.55;53.14;68.33;151.68;62.63;139.5;0.23;0.0;0;117.54;0;-192.69;0.16;0.07;1.55;9.14
2027;215;267;beauce_5_sa_081;solnu;;0.0;0.0;26.0;-7.93;0.0;139.5;157.5;0.07;0.0;0;0;0;-169.63;0.06;0.01;0.0;0.0
2027;268;365;beauce_5_sa_081;BTH;;13.59;0.0;15.95;-77.31;20.0;157.91;62.51;0.03;0.01;0;11.77;0;44.54;0.02;0.01;0.0;13.59
2027;1;185;beauce_5_sa_082;BTH;;0.81;0.83;33.21;7.74;97.44;4.19;7.88;0.06;0.0;0;57.34;0;65.63;0.03;0.03;0.83;0.81
2027;186;292;beauce_5_sa_082;solnu;;0.4;0.0;44.84;-45.59;0.0;7.88;7.39;0.05;0.0;0;0;0;-151.55;0.02;0.02;0.0;0.4
2027;293;365;beauce_5_sa_082;BTH;;0.92;0.0;10.37;-10.9;0.0;7.39;6.51;0.0;0.0;0;0.0;0;29.23;0.0;0.0;0.0;0.92
2027;1;220;beauce_5_sa_083;BTH;;22.04;2.21;53.7;57.39;207.8;169.81;216.78;0.16;0.0;0;123.4;0;-63.87;0.09;0.07;2.21;22.04
2027;221;311;beauce_5_sa_083;solnu;;1.13;0.0;36.5;-94.75;0.0;216.78;157.21;0.18;0.01;0;0;0;-81.93;0.17;0.01;0.0;1.13
2027;312;365;beauce_5_sa_083;BTH;;14.75;0.0;6.97;10.38;2.69;157.51;157.06;0.06;0.0;0;1.58;0;60.73;0.05;0.01;0.0;14.75
2027;1;184;beauce_5_sa_084;BTH;;0.16;0.0;31.22;10.95;40.29;0.88;2.58;0.03;0.0;0;23.71;0;-48.77;0.0;0.03;0.0;0.16
2027;185;283;beauce_5_sa_084;solnu;;0.01;0.0;43.68;-45.98;0.0;2.58;0.38;0.01;0.0;0;0;0;-245.91;0.0;0.01;0.0;0.01
2027;284;365;beauce_5_sa_084;BTH;;0.08;0.0;11.59;-10.16;0.0;0.37;1.73;0.0;0.0;0;0.0;0;11.34;0.0;0.0;0.0;0.08
2027;1;188;beauce_5_sa_085;BTH;;7.47;1.25;36.16;44.88;96.51;49.44;120.38;0.07;0.0;0;78.04;0;-39.92;0.02;0.05;1.25;7.47
2027;189;272;beauce_5_sa_085;solnu;;0.03;0.0;45.67;-75.92;0.0;120.38;90.01;0.08;0.0;0;0;0;-224.14;0.06;0.03;0.0;0.03
2027;273;365;beauce_5_sa_085;BTH;;9.56;0.0;16.17;-1.86;41.27;87.42;53.41;0.06;0.01;0;24.29;0;79.73;0.05;0.02;0.0;9.56
2027;1;184;beauce_5_sa_086;BTH;;13.44;0.0;30.97;33.41;130.16;113.53;34.2;0.1;0.0;0;78.08;0;-17.67;0.06;0.04;0.0;13.44
2027;185;299;beauce_5_sa_086;solnu;;3.08;0.0;43.68;8.47;0.0;34.2;83.17;0.11;0.01;0;0;0;-202.37;0.08;0.03;0.0;3.08
2027;300;365;beauce_5_sa_086;BTH;;7.47;1.24;8.05;-65.41;3.69;83.68;109.58;0.06;0.0;0;2.17;0;-50.51;0.06;0.0;1.24;7.47
2027;1;205;beauce_5_sa_087;BTH;;3.55;0.0;42.82;20.81;86.63;9.57;24.69;0.08;0.0;0;50.98;0;-49.92;0.04;0.04;0.0;3.55
2027;206;290;beauce_5_sa_087;solnu;;0.86;0.0;35.46;-55.68;0.0;24.69;7.56;0.01;0.0;0;0;0;-207.46;0.0;0.01;0.0;0.86
2027;291;365;beauce_5_sa_087;BTH;;0.95;0.56;10.02;-11.34;1.13;7.55;45.9;0.01;0.0;0;0.67;0;34.36;0.01;0.0;0.56;0.95
2027;1;201;beauce_5_sa_088;BTH;;17.29;1.61;39.11;68.77;161.82;95.79;144.94;0.11;0.0;0;101.17;0;-102.82;0.04;0.06;1.61;17.29
2027;202;291;beauce_5_sa_088;solnu;;1.0;0.0;36.86;6.45;0.0;144.94;187.07;0.18;0.01;0;0;0;-188.27;0.15;0.03;0.0;1.0
2027;292;365;beauce_5_sa_088;BTH;;13.55;0.0;9.96;-82.14;6.04;187.62;95.27;0.02;0.0;0;3.55;0;5.64;0.01;0.0;0.0;13.55
2027;1;211;beauce_5_sa_089;BTH;;0.67;0.0;44.98;24.85;45.3;3.47;27.28;0.04;0.0;0;26.65;0;-169.11;0.0;0.04;0.0;0.67
2027;212;280;beauce_5_sa_089;solnu;;0.21;0.0;29.07;-44.97;0.0;27.28;11.13;0.04;0.0;0;0;0;-178.76;0.03;0.01;0.0;0.21
2027;281;365;beauce_5_sa_089;BTH;;1.99;0.0;11.76;-12.71;0.0;10.71;8.19;0.0;0.0;0;0.0;0;-15.26;0.0;0.0;0.0;1.99
2027;1;228;beauce_5_sa_090;BTH;;5.86;0.92;59.8;38.5;156.39;54.78;59.74;0.17;0.0;0;93.51;0;-84.15;0.11;0.06;0.92;5.86
2027;229;286;beauce_5_sa_090;solnu;;0.0;0.0;24.36;-64.74;0.0;59.74;22.11;0.0;0.0;0;0;0;-114.61;0.0;0.0;0.0;0.0
2027;287;365;beauce_5_sa_090;BTH;;4.15;0.51;11.73;-13.84;3.69;21.97;50.61;0.03;0.0;0;2.17;0;81.95;0.03;0.0;0.51;4.15
2027;1;172;beauce_5_sa_091;BTH;;1.39;0.41;28.64;18.73;61.72;7.06;20.49;0.03;0.0;0;36.32;0;-11.02;0.0;0.03;0.41;1.39
2027;173;302;beauce_5_sa_091;solnu;;0.89;0.0;51.58;-62.43;0.0;20.49;8.72;0.05;0.0;0;0;0;-197.71;0.02;0.03;0.0;0.89
2027;303;365;beauce_5_sa_091;BTH;;1.09;0.0;7.63;-5.27;0.63;8.65;9.36;0.0;0.0;0;0.37;0;15.37;0.0;0.0;0.0;1.09
2027;1;217;beauce_5_sa_092;BTH;;0.76;0.0;48.48;24.73;40.86;3.85;35.39;0.05;0.0;0;24.93;0;-192.43;0.0;0.04;0.0;0.76
2027;218;274;beauce_5_sa_092;solnu;;0.23;0.0;24.52;-13.82;0.0;35.39;45.82;0.04;0.0;0;0;0;-155.76;0.03;0.01;0.0;0.23
2027;275;365;beauce_5_sa_092;BTH;;2.31;0.0;13.46;-44.41;3.0;46.26;9.55;0.0;0.0;0;1.77;0;-29.15;0.0;0.0;0.0;2.31
2027;1;212;beauce_5_sa_093;BTH;;0.55;0.88;45.32;13.16;108.8;2.87;17.65;0.07;0.0;0;64.02;0;16.62;0.03;0.04;0.88;0.55
2027;213;307;beauce_5_sa_093;solnu;;0.18;0.0;37.54;-50.62;0.0;17.65;8.19;0.04;0.0;0;0;0;-167.86;0.03;0.02;0.0;0.18
2027;308;365;beauce_5_sa_093;BTH;;0.97;0.0;6.79;-7.2;0.0;8.19;7.33;0.0;0.0;0;0.0;0;22.36;0.0;0.0;0.0;0.97
2027;1;215;beauce_5_sa_094;BTH;;1.7;1.19;48.05;28.06;130.28;9.37;42.33;0.09;0.0;0;76.66;0;35.8;0.04;0.05;1.19;1.7
2027;216;314;beauce_5_sa_094;solnu;;0.28;0.0;38.79;-64.15;0.0;42.33;17.19;0.06;0.0;0;0;0;-102.4;0.05;0.02;0.0;0.28
2027;315;365;beauce_5_sa_094;BTH;;1.91;0.0;6.18;-6.18;0.0;17.2;15.28;0.0;0.0;0;0.0;0;40.11;0.0;0.0;0.0;1.91
2027;1;187;beauce_5_sa_095;BTH;;7.85;1.15;36.71;43.24;76.75;40.27;121.92;0.05;0.0;0;60.65;0;26.04;0.0;0.05;1.15;7.85
2027;188;257;beauce_5_sa_095;solnu;;0.0;0.0;44.82;0.76;0.0;121.92;167.45;0.05;0.0;0;0;0;-210.48;0.02;0.03;0.0;0.0
2027;258;365;beauce_5_sa_095;BTH;;10.47;0.0;19.94;-71.69;55.21;167.76;49.92;0.1;0.01;0;32.49;0;59.4;0.08;0.02;0.0;10.47
2027;1;194;beauce_5_sa_096;BTH;;0.33;0.0;36.28;16.15;41.64;1.68;12.11;0.03;0.0;0;24.5;0;-95.83;0.0;0.03;0.0;0.33
2027;195;274;beauce_5_sa_096;solnu;;0.04;0.0;38.29;-49.93;0.0;12.11;0.68;0.01;0.0;0;0;0;-222.3;0.0;0.01;0.0;0.04
2027;275;365;beauce_5_sa_096;BTH;;0.18;0.0;13.93;-6.82;4.25;0.68;3.36;0.0;0.0;0;2.5;0;13.03;0.0;0.0;0.0;0.18
2027;1;190;beauce_5_sa_097;BTH;;29.63;2.45;33.8;59.54;209.89;237.31;274.56;0.21;0.0;0;135.93;0;-38.07;0.15;0.06;2.45;29.63
2027;191;286;beauce_5_sa_097;solnu;;0.0;0.0;40.24;10.31;0.0;274.56;324.99;0.12;0.0;0;0;0;-178.99;0.09;0.03;0.0;0.0
2027;287;365;beauce_5_sa_097;BTH;;25.1;0.0;11.83;-73.59;20.82;325.39;217.15;0.15;0.01;0;12.25;0;30.52;0.14;0.01;0.0;25.1
2027;1;193;beauce_5_sa_098;BTH;;8.09;1.37;39.67;47.77;131.73;48.23;98.1;0.08;0.0;0;86.4;0;-21.96;0.03;0.05;1.37;8.09
2027;194;290;beauce_5_sa_098;solnu;;3.71;0.0;46.49;-88.43;0.0;98.1;52.34;0.11;0.01;0;0;0;-195.29;0.08;0.03;0.0;3.71
2027;291;365;beauce_5_sa_098;BTH;;5.61;0.0;11.55;2.45;11.67;51.07;49.05;0.02;0.0;0;6.87;0;80.57;0.01;0.01;0.0;5.61
2027;1;174;beauce_5_sa_099;BTH;;2.78;1.28;31.17;25.96;117.01;15.43;47.42;0.08;0.0;0;68.86;0;109.66;0.04;0.03;1.28;2.78
2027;175;316;beauce_5_sa_099;solnu;;0.61;0.0;49.69;-76.93;0.0;47.42;19.54;0.07;0.0;0;0;0;-93.38;0.05;0.03;0.0;0.61
2027;317;365;beauce_5_sa_099;BTH;;2.17;0.0;6.14;-5.88;0.0;19.54;17.63;0.0;0.0;0;0.0;0;42.87;0.0;0.0;0.0;2.17
2028;1;174;beauce_5_sa_000;BTH;;0.73;0.0;32.71;20.06;80.26;45.06;16.73;0.09;0.0;0;53.95;0;-121.01;0.05;0.03;0.0;0.73
2028;175;258;beauce_5_sa_000;solnu;;0.0;0.0;26.84;-43.76;0.0;16.73;4.55;0.01;0.0;0;0;0;-188.41;0.0;0.01;0.0;0.0
2028;259;366;beauce_5_sa_000;BTH;;0.55;0.48;16.29;-17.88;0.06;4.55;40.22;0.0;0.0;0;0.03;0;11.78;0.0;0.0;0.48;0.55
2028;1;178;beauce_5_sa_001;BTH;;4.09;0.0;31.46;6.52;62.53;24.99;13.57;0.03;0.0;0;36.8;0;-75.76;0.0;0.03;0.0;4.09
2028;179;312;beauce_5_sa_001;solnu;;0.21;0.0;28.1;-11.56;0.0;13.57;29.88;0.02;0.0;0;0;0;-123.92;0.01;0.01;0.0;0.21
2028;313;366;beauce_5_sa_001;BTH;;1.79;0.22;6.57;-25.78;0.0;30.33;12.75;0.0;0.0;0;0.0;0;-75.72;0.0;0.0;0.22;1.79
2028;1;180;beauce_5_sa_002;BTH;;4.21;0.73;34.67;12.42;110.96;28.0;13.48;0.04;0.0;0;65.95;0;28.29;0.01;0.03;0.73;4.21
2028;181;305;beauce_5_sa_002;solnu;;0.0;0.0;26.89;-7.08;0.0;13.48;33.37;0.03;0.0;0;0;0;-95.74;0.01;0.01;0.0;0.0
2028;306;366;beauce_5_sa_002;BTH;;1.29;0.2;8.35;-42.75;1.24;33.61;15.47;0.0;0.0;0;0.73;0;-46.58;0.0;0.0;0.2;1.29
2028;1;202;beauce_5_sa_003;BTH;;2.93;0.45;39.44;18.47;84.11;20.65;25.28;0.04;0.0;0;49.49;0;-106.85;0.01;0.04;0.45;2.93
2028;203;286;beauce_5_sa_003;solnu;;0.0;0.0;17.91;-13.18;0.0;25.28;30.0;0.01;0.0;0;0;0;-75.79;0.0;0.01;0.0;0.0
2028;287;366;beauce_5_sa_003;BTH;;1.48;0.0;10.8;-35.78;0.0;30.2;8.65;0.0;0.0;0;0.0;0;-84.49;0.0;0.0;0.0;1.48
2028;1;217;beauce_5_sa_004;BTH;;4.88;1.03;46.24;7.09;129.89;37.67;35.04;0.04;0.0;0;76.43;0;-3.04;0.01;0.04;1.03;4.88
2028;218;310;beauce_5_sa_004;solnu;;0.0;0.0;19.24;-13.2;0.0;35.04;41.05;0.02;0.0;0;0;0;-44.38;0.02;0.01;0.0;0.0
2028;311;366;beauce_5_sa_004;BTH;;1.46;0.0;7.14;-31.98;0.0;41.2;19.43;0.0;0.0;0;0.0;0;-86.07;0.0;0.0;0.0;1.46
2028;1;177;beauce_5_sa_005;BTH;;25.51;2.82;34.47;50.77;220.34;210.46;263.75;0.13;0.0;0;143.67;0;3.25;0.08;0.05;2.82;25.51
2028;178;285;beauce_5_sa_005;solnu;;0.0;0.0;20.72;-3.79;0.0;263.75;281.18;0.02;0.0;0;0;0;-72.11;0.01;0.01;0.0;0.0
2028;286;366;beauce_5_sa_005;BTH;;0.06;0.0;13.98;-70.14;22.51;281.92;202.32;0.13;0.0;0;13.25;0;108.04;0.12;0.01;0.0;0.06
2028;1;224;beauce_5_sa_006;BTH;;4.26;1.08;46.36;22.42;137.96;30.7;38.65;0.06;0.01;0;81.18;0;-57.87;0.02;0.04;1.08;4.26
2028;225;302;beauce_5_sa_006;solnu;;0.0;0.0;16.3;-10.71;0.0;38.65;44.22;0.02;0.0;0;0;0;-61.41;0.02;0.01;0.0;0.0
2028;303;366;beauce_5_sa_006;BTH;;1.28;0.0;8.09;-37.55;0.0;44.54;17.55;0.01;0.0;0;0.0;0;-56.58;0.01;0.0;0.0;1.28
2028;1;231;beauce_5_sa_007;BTH;;4.16;0.0;44.35;19.95;51.16;22.82;32.22;0.04;0.0;0;30.1;0;-232.17;0.0;0.04;0.0;4.16
2028;232;315;beauce_5_sa_007;solnu;;0.28;0.0;12.16;-14.09;0.0;32.22;29.98;0.02;0.0;0;0;0;-81.57;0.01;0.0;0.0;0.28
2028;316;366;beauce_5_sa_007;BTH;;1.58;0.0;5.25;-25.54;0.0;30.07;11.37;0.0;0.0;0;0.0;0;-55.46;0.0;0.0;0.0;1.58
2028;1;219;beauce_5_sa_008;BTH;;1.74;1.07;56.26;33.61;131.28;12.27;49.38;0.12;0.0;0;78.53;0;-151.6;0.07;0.05;1.07;1.74
2028;220;267;beauce_5_sa_008;solnu;;0.0;0.0;17.56;-61.71;0.0;49.38;10.22;0.0;0.0;0;0;0;-113.72;0.0;0.0;0.0;0.0
2028;268;366;beauce_5_sa_008;BTH;;1.15;0.0;16.82;-16.87;0.0;10.4;9.13;0.0;0.0;0;0.0;0;89.11;0.0;0.0;0.0;1.15
2028;1;198;beauce_5_sa_009;BTH;;16.53;2.0;41.26;61.38;175.57;133.86;196.34;0.08;0.0;0;107.19;0;-48.47;0.02;0.06;2.0;16.53
2028;199;298;beauce_5_sa_009;solnu;;0.0;0.0;21.77;-5.61;0.0;196.34;212.46;0.04;0.0;0;0;0;-78.92;0.03;0.01;0.0;0.0
2028;299;366;beauce_5_sa_009;BTH;;9.47;0.0;10.24;-85.54;8.66;212.82;118.95;0.08;0.0;0;5.1;0;48.13;0.08;0.0;0.0;9.47
2028;1;223;beauce_5_sa_010;BTH;;0.24;0.0;50.79;33.42;50.63;4.74;37.98;0.05;0.0;0;32.49;0;-283.78;0.0;0.05;0.0;0.24
2028;224;263;beauce_5_sa_010;solnu;;0.0;0.0;10.07;-47.52;0.0;37.98;0.95;0.0;0.0;0;0;0;-63.56;0.0;0.0;0.0;0.0
2028;264;366;beauce_5_sa_010;BTH;;0.13;0.0;15.38;-16.36;0.0;0.85;0.76;0.0;0.0;0;0.0;0;-11.64;0.0;0.0;0.0;0.13
2028;1;210;beauce_5_sa_011;BTH;;3.15;1.14;44.66;5.9;133.16;22.56;22.57;0.05;0.01;0;78.36;0;54.88;0.02;0.03;1.14;3.15
2028;211;308;beauce_5_sa_011;solnu;;0.0;0.0;19.99;-33.31;0.0;22.57;10.9;0.01;0.0;0;0;0;-102.33;0.0;0.01;0.0;0.0
2028;309;366;beauce_5_sa_011;BTH;;0.42;0.0;7.83;-12.72;0.0;10.9;10.52;0.0;0.0;0;0.0;0;-49.41;0.0;0.0;0.0;0.42
2028;1;193;beauce_5_sa_012;BTH;;2.48;0.56;38.54;2.97;85.74;13.76;9.3;0.04;0.01;0;50.45;0;4.25;0.02;0.03;0.56;2.48
2028;194;309;beauce_5_sa_012;solnu;;0.0;0.0;23.48;-29.72;0.0;9.3;6.27;0.01;0.0;0;0;0;-146.19;0.0;0.01;0.0;0.0
2028;310;366;beauce_5_sa_012;BTH;;0.59;0.0;7.31;-12.46;0.0;6.27;5.68;0.0;0.0;0;0.0;0;-59.37;0.0;0.0;0.0;0.59
2028;1;227;beauce_5_sa_013;BTH;;5.26;0.15;46.38;35.94;96.21;47.58;41.35;0.05;0.0;0;57.79;0;-126.19;0.0;0.05;0.15;5.26
2028;228;299;beauce_5_sa_013;solnu;;0.0;0.0;13.56;-14.22;0.0;41.35;40.68;0.01;0.0;0;0;0;-67.52;0.01;0.0;0.0;0.0
2028;300;366;beauce_5_sa_013;BTH;;2.49;0.48;8.52;-45.6;1.67;40.98;41.37;0.01;0.0;0;0.98;0;-101.04;0.01;0.0;0.48;2.49
2028;1;225;beauce_5_sa_014;BTH;;3.27;0.0;46.42;8.32;44.24;17.88;25.39;0.03;0.0;0;26.03;0;-160.02;0.0;0.03;0.0;3.27
2028;226;316;beauce_5_sa_014;solnu;;0.22;0.0;15.22;-32.21;0.0;25.39;9.57;0.01;0.0;0;0;0;-105.71;0.01;0.0;0.0;0.22
2028;317;366;beauce_5_sa_014;BTH;;1.19;0.0;5.7;-8.63;0.0;9.57;8.44;0.0;0.0;0;0.0;0;-30.59;0.0;0.0;0.0;1.19
2028;1;201;beauce_5_sa_015;BTH;;0.71;0.54;42.76;39.62;90.42;5.14;36.78;0.06;0.0;0;55.86;0;-125.47;0.01;0.05;0.54;0.71
2028;202;257;beauce_5_sa_015;solnu;;0.0;0.0;18.65;-13.48;0.0;36.78;41.95;0.01;0.0;0;0;0;-111.47;0.0;0.01;0.0;0.0
2028;258;366;beauce_5_sa_015;BTH;;0.37;0.0;16.18;-50.7;8.71;42.08;2.11;0.0;0.0;0;5.12;0;-37.46;0.0;0.0;0.0;0.37
2028;1;215;beauce_5_sa_016;BTH;;1.27;0.0;45.32;31.38;47.81;7.62;35.31;0.05;0.0;0;30.78;0;-215.01;0.0;0.05;0.0;1.27
2028;216;262;beauce_5_sa_016;solnu;;0.0;0.0;9.69;-14.6;0.0;35.31;30.39;0.0;0.0;0;0;0;-78.74;0.0;0.0;0.0;0.0
2028;263;366;beauce_5_sa_016;BTH;;0.55;0.0;15.0;-39.61;3.62;30.43;2.89;0.0;0.0;0;2.13;0;-26.41;0.0;0.0;0.0;0.55
2028;1;185;beauce_5_sa_017;BTH;;34.9;1.82;39.18;48.09;212.15;344.62;324.27;0.14;0.0;0;126.01;0;-8.96;0.09;0.05;1.82;34.9
2028;186;316;beauce_5_sa_017;solnu;;0.0;0.0;26.19;-94.84;0.0;324.27;256.62;0.05;0.0;0;0;0;7.83;0.04;0.01;0.0;0.0
2028;317;366;beauce_5_sa_017;BTH;;3.84;1.11;7.42;12.17;3.23;256.62;352.51;0.1;0.0;0;1.9;0;83.49;0.09;0.01;1.11;3.84
2028;1;198;beauce_5_sa_018;BTH;;0.74;0.0;37.73;13.99;48.96;4.28;6.35;0.03;0.0;0;28.81;0;-123.66;0.0;0.03;0.0;0.74
2028;199;313;beauce_5_sa_018;solnu;;0.05;0.0;22.06;-30.59;0.0;6.35;1.78;0.0;0.0;0;0;0;-188.48;0.0;0.0;0.0;0.05
2028;314;366;beauce_5_sa_018;BTH;;0.22;0.0;6.02;-7.04;0.0;1.78;1.59;0.0;0.0;0;0.0;0;-21.1;0.0;0.0;0.0;0.22
2028;1;183;beauce_5_sa_019;BTH;;4.27;0.0;30.55;13.21;51.67;24.51;11.52;0.03;0.0;0;30.4;0;-160.79;0.0;0.03;0.0;4.27
2028;184;313;beauce_5_sa_019;solnu;;0.21;0.0;24.58;-8.69;0.0;11.52;27.34;0.02;0.0;0;0;0;-134.75;0.01;0.01;0.0;0.21
2028;314;366;beauce_5_sa_019;BTH;;1.62;0.0;5.66;-22.19;0.0;27.44;11.64;0.0;0.0;0;0.0;0;-72.61;0.0;0.0;0.0;1.62
2028;1;198;beauce_5_sa_020;BTH;;0.34;0.74;43.74;31.57;107.7;2.67;25.54;0.07;0.0;0;63.38;0;-59.83;0.03;0.05;0.74;0.34
2028;199;268;beauce_5_sa_020;solnu;;0.0;0.0;21.5;-45.88;0.0;25.54;1.35;0.01;0.0;0;0;0;-118.24;0.0;0.01;0.0;0.0
2028;269;366;beauce_5_sa_020;BTH;;0.17;0.0;16.36;-18.89;0.0;1.35;1.23;0.0;0.0;0;0.0;0;-3.55;0.0;0.0;0.0;0.17
2028;1;171;beauce_5_sa_021;BTH;;37.17;2.77;32.47;48.62;186.27;318.75;388.36;0.15;0.01;0;111.0;0;56.21;0.1;0.05;2.77;37.17
2028;172;313;beauce_5_sa_021;solnu;;0.0;0.0;27.73;4.04;0.0;388.36;420.95;0.08;0.0;0;0;0;-66.33;0.06;0.02;0.0;0.0
2028;314;366;beauce_5_sa_021;BTH;;8.71;0.0;7.28;-85.7;3.74;421.1;329.99;0.09;0.0;0;2.2;0;36.74;0.09;0.0;0.0;8.71
2028;1;220;beauce_5_sa_022;BTH;;13.66;2.1;62.75;54.47;134.98;108.35;235.99;0.12;0.0;0;111.47;0;-155.86;0.05;0.07;2.1;13.66
2028;221;263;beauce_5_sa_022;solnu;;0.0;0.0;18.55;-14.37;0.0;235.99;240.16;0.01;0.0;0;0;0;-136.57;0.0;0.01;0.0;0.0
2028;264;366;beauce_5_sa_022;BTH;;9.37;0.0;18.47;-77.57;59.32;240.3;112.22;0.15;0.0;0;34.9;0;123.3;0.13;0.01;0.0;9.37
2028;1;180;beauce_5_sa_023;BTH;;4.86;1.49;38.38;46.17;131.78;43.33;103.32;0.09;0.0;0;94.14;0;-59.88;0.04;0.05;1.49;4.86
2028;181;264;beauce_5_sa_023;solnu;;0.0;0.0;29.29;-6.69;0.0;103.32;125.89;0.02;0.0;0;0;0;-136.43;0.0;0.02;0.0;0.0
2028;265;366;beauce_5_sa_023;BTH;;1.97;0.0;18.08;-86.42;31.37;126.0;24.2;0.02;0.0;0;18.46;0;100.83;0.01;0.01;0.0;1.97
2028;1;229;beauce_5_sa_024;BTH;;0.3;0.0;50.46;29.8;51.38;3.68;32.19;0.05;0.0;0;32.58;0;-274.69;0.0;0.05;0.0;0.3
2028;230;276;beauce_5_sa_024;solnu;;0.0;0.0;8.33;-41.62;0.0;32.19;1.14;0.0;0.0;0;0;0;-84.99;0.0;0.0;0.0;0.0
2028;277;366;beauce_5_sa_024;BTH;;0.16;0.0;13.16;-13.75;0.0;1.01;0.83;0.0;0.0;0;0.0;0;7.92;0.0;0.0;0.0;0.16
2028;1;183;beauce_5_sa_025;BTH;;4.04;1.0;37.74;43.67;97.17;35.65;91.32;0.1;0.01;0;72.2;0;-92.12;0.05;0.05;1.0;4.04
2028;184;265;beauce_5_sa_025;solnu;;0.0;0.0;26.17;-9.49;0.0;91.32;107.99;0.01;0.0;0;0;0;-147.74;0.0;0.01;0.0;0.0
2028;266;366;beauce_5_sa_025;BTH;;1.84;0.0;17.05;-90.43;18.92;108.14;13.85;0.01;0.0;0;11.13;0;70.23;0.0;0.0;0.0;1.84
2028;1;199;beauce_5_sa_026;BTH;;1.37;0.0;39.26;18.97;45.27;8.05;19.74;0.04;0.0;0;29.29;0;-143.34;0.0;0.04;0.0;1.37
2028;200;276;beauce_5_sa_026;solnu;;0.0;0.0;15.88;-16.15;0.0;19.74;19.46;0.0;0.0;0;0;0;-94.45;0.0;0.0;0.0;0.0
2028;277;366;beauce_5_sa_026;BTH;;0.55;0.0;13.38;-32.2;0.0;19.65;3.01;0.0;0.0;0;0.0;0;-56.72;0.0;0.0;0.0;0.55
2028;1;172;beauce_5_sa_027;BTH;;4.52;0.0;28.85;9.01;45.84;26.62;13.55;0.02;0.0;0;26.97;0;-119.07;0.0;0.02;0.0;4.52
2028;173;313;beauce_5_sa_027;solnu;;0.32;0.0;28.66;-10.8;0.0;13.55;31.25;0.02;0.0;0;0;0;-144.12;0.01;0.01;0.0;0.32
2028;314;366;beauce_5_sa_027;BTH;;1.91;0.0;6.0;-24.41;0.0;31.35;13.69;0.0;0.0;0;0.0;0;-56.88;0.0;0.0;0.0;1.91
2028;1;187;beauce_5_sa_028;BTH;;1.13;0.0;33.15;33.63;53.2;8.09;20.53;0.04;0.0;0;33.95;0;-176.33;0.0;0.04;0.0;1.13
2028;188;262;beauce_5_sa_028;solnu;;0.0;0.0;18.15;-13.83;0.0;20.53;24.85;0.01;0.0;0;0;0;-119.19;0.0;0.01;0.0;0.0
2028;263;366;beauce_5_sa_028;BTH;;0.53;0.0;14.14;-35.2;3.24;24.93;2.94;0.0;0.0;0;1.9;0;-81.15;0.0;0.0;0.0;0.53
2028;1;184;beauce_5_sa_029;BTH;;0.91;0.0;33.5;14.83;49.11;5.29;3.67;0.03;0.0;0;28.9;0;-121.71;0.0;0.03;0.0;0.91
2028;185;298;beauce_5_sa_029;solnu;;0.01;0.0;24.06;-29.2;0.0;3.67;2.41;0.01;0.0;0;0;0;-174.29;0.0;0.0;0.0;0.01
2028;299;366;beauce_5_sa_029;BTH;;0.35;0.0;9.06;-11.7;0.0;2.41;2.1;0.0;0.0;0;0.0;0;-31.44;0.0;0.0;0.0;0.35
2028;1;197;beauce_5_sa_030;BTH;;1.25;0.42;40.5;26.63;105.48;27.25;19.28;0.07;0.01;0;62.23;0;-26.28;0.03;0.04;0.42;1.25
2028;198;280;beauce_5_sa_030;solnu;;0.0;0.0;19.19;-34.39;0.0;19.28;4.63;0.0;0.0;0;0;0;-118.9;0.0;0.0;0.0;0.0
2028;281;366;beauce_5_sa_030;BTH;;0.68;0.32;13.06;-17.39;0.0;4.63;4.03;0.0;0.0;0;0.0;0;-46.04;0.0;0.0;0.32;0.68
2028;1;193;beauce_5_sa_031;BTH;;4.44;1.29;43.82;40.96;89.09;43.7;131.79;0.12;0.0;0;89.01;0;-136.23;0.07;0.05;1.29;4.44
2028;194;257;beauce_5_sa_031;solnu;;0.0;0.0;24.53;-56.41;0.0;131.79;99.91;0.01;0.0;0;0;0;-164.84;0.0;0.01;0.0;0.0
2028;258;366;beauce_5_sa_031;BTH;;2.3;0.0;18.02;-34.12;51.63;97.58;29.84;0.04;0.0;0;30.38;0;109.34;0.02;0.02;0.0;2.3
2028;1;176;beauce_5_sa_032;BTH;;5.78;1.46;36.16;42.21;113.15;50.0;119.46;0.11;0.01;0;81.57;0;-28.06;0.06;0.05;1.46;5.78
2028;177;275;beauce_5_sa_032;solnu;;0.0;0.0;27.44;-41.92;0.0;119.46;104.96;0.01;0.0;0;0;0;-108.65;0.0;0.01;0.0;0.0
2028;276;366;beauce_5_sa_032;BTH;;3.0;0.0;16.35;-48.14;38.07;98.77;32.08;0.03;0.0;0;22.4;0;109.42;0.02;0.01;0.0;3.0
2028;1;230;beauce_5_sa_033;BTH;;24.94;2.59;66.29;68.22;191.72;190.76;305.86;0.18;0.01;0;134.97;0;-242.38;0.1;0.08;2.59;24.94
2028;231;271;beauce_5_sa_033;solnu;;0.0;0.0;16.83;-13.24;0.0;305.86;309.45;0.0;0.0;0;0;0;-116.07;0.0;0.0;0.0;0.0
2028;272;366;beauce_5_sa_033;BTH;;11.11;0.0;15.94;-69.5;47.0;309.89;197.59;0.2;0.0;0;27.65;0;78.29;0.18;0.01;0.0;11.11
2028;1;209;beauce_5_sa_034;BTH;;6.23;0.0;43.54;32.96;97.53;61.32;34.8;0.07;0.0;0;59.85;0;-47.04;0.03;0.05;0.0;6.23
2028;210;294;beauce_5_sa_034;solnu;;0.0;0.0;17.06;-33.42;0.0;34.8;20.19;0.0;0.0;0;0;0;-123.74;0.0;0.0;0.0;0.0
2028;295;366;beauce_5_sa_034;BTH;;3.89;0.8;10.1;-30.02;6.39;20.12;54.54;0.04;0.0;0;3.76;0;-35.07;0.04;0.0;0.8;3.89
2028;1;225;beauce_5_sa_035;BTH;;2.36;1.1;59.12;55.83;144.08;32.02;83.19;0.13;0.01;0;85.74;0;-113.85;0.06;0.07;1.1;2.36
2028;226;272;beauce_5_sa_035;solnu;;0.0;0.0;14.71;-88.68;0.0;83.19;9.22;0.0;0.0;0;0;0;-80.67;0.0;0.0;0.0;0.0
2028;273;366;beauce_5_sa_035;BTH;;1.22;0.21;16.34;-16.38;1.16;9.09;22.38;0.0;0.0;0;0.68;0;116.93;0.0;0.0;0.21;1.22
2028;1;177;beauce_5_sa_036;BTH;;5.38;0.47;32.94;12.27;70.92;32.43;36.11;0.03;0.0;0;41.73;0;-52.92;0.0;0.03;0.47;5.38
2028;178;310;beauce_5_sa_036;solnu;;0.25;0.0;29.49;-48.4;0.0;36.11;17.05;0.02;0.0;0;0;0;-107.51;0.01;0.01;0.0;0.25
2028;311;366;beauce_5_sa_036;BTH;;2.13;0.0;7.2;-7.57;0.0;17.04;14.96;0.0;0.0;0;0.0;0;9.86;0.0;0.0;0.0;2.13
2028;1;197;beauce_5_sa_037;BTH;;1.27;1.26;44.74;36.39;141.06;9.35;42.54;0.09;0.0;0;83.01;0;-27.38;0.04;0.05;1.26;1.27
2028;198;274;beauce_5_sa_037;solnu;;0.0;0.0;23.05;-58.13;0.0;42.54;7.46;0.01;0.0;0;0;0;-89.29;0.0;0.01;0.0;0.0
2028;275;366;beauce_5_sa_037;BTH;;0.78;0.0;16.09;-17.91;0.0;7.26;6.56;0.0;0.0;0;0.0;0;68.01;0.0;0.0;0.0;0.78
2028;1;223;beauce_5_sa_038;BTH;;0.6;0.14;47.79;24.82;61.53;3.78;24.83;0.04;0.0;0;36.21;0;-172.57;0.0;0.04;0.14;0.6
2028;224;290;beauce_5_sa_038;solnu;;0.01;0.0;11.99;-39.7;0.0;24.83;1.77;0.0;0.0;0;0;0;-126.31;0.0;0.0;0.0;0.01
2028;291;366;beauce_5_sa_038;BTH;;0.26;0.0;10.28;-11.6;0.0;1.84;1.56;0.0;0.0;0;0.0;0;-6.98;0.0;0.0;0.0;0.26
2028;1;185;beauce_5_sa_039;BTH;;4.58;0.0;34.25;19.47;71.08;36.34;13.81;0.04;0.0;0;43.22;0;-62.89;0.0;0.03;0.0;4.58
2028;186;310;beauce_5_sa_039;solnu;;0.24;0.0;26.0;-29.38;0.0;13.81;13.53;0.01;0.0;0;0;0;-171.72;0.0;0.01;0.0;0.24
2028;311;366;beauce_5_sa_039;BTH;;1.68;0.4;6.79;-20.75;2.86;13.53;28.33;0.01;0.0;0;1.68;0;-47.83;0.01;0.0;0.4;1.68
2028;1;215;beauce_5_sa_040;BTH;;8.06;1.5;51.49;56.39;132.3;57.92;138.29;0.1;0.01;0;77.85;0;-22.47;0.04;0.06;1.5;8.06
2028;216;291;beauce_5_sa_040;solnu;;0.0;0.0;18.15;-73.58;0.0;138.29;82.84;0.02;0.0;0;0;0;-93.36;0.02;0.0;0.0;0.0
2028;292;366;beauce_5_sa_040;BTH;;4.61;0.0;11.84;-26.22;14.99;80.19;48.81;0.04;0.0;0;8.82;0;93.11;0.03;0.01;0.0;4.61
2028;1;181;beauce_5_sa_041;BTH;;2.92;0.0;32.27;9.16;45.82;16.97;8.46;0.03;0.0;0;26.96;0;-117.54;0.0;0.03;0.0;2.92
2028;182;315;beauce_5_sa_041;solnu;;0.2;0.0;27.29;-30.98;0.0;8.46;8.19;0.01;0.0;0;0;0;-187.5;0.0;0.01;0.0;0.2
2028;316;366;beauce_5_sa_041;BTH;;1.0;0.0;5.88;-7.32;0.0;8.24;7.12;0.0;0.0;0;0.0;0;-10.89;0.0;0.0;0.0;1.0
2028;1;183;beauce_5_sa_042;BTH;;37.05;3.26;37.09;52.56;241.55;290.57;349.72;0.16;0.0;0;146.73;0;46.24;0.1;0.05;3.26;37.05
2028;184;296;beauce_5_sa_042;solnu;;0.0;0.0;19.9;-3.86;0.0;349.72;366.37;0.03;0.0;0;0;0;-59.73;0.02;0.01;0.0;0.0
2028;297;366;beauce_5_sa_042;BTH;;0.0;0.0;12.05;-73.28;9.93;366.71;295.1;0.1;0.0;0;5.85;0;101.57;0.09;0.01;0.0;0.0
2028;1;200;beauce_5_sa_043;BTH;;5.56;0.0;45.84;23.29;115.4;101.32;49.9;0.12;0.0;0;74.79;0;-145.26;0.07;0.04;0.0;5.56
2028;201;264;beauce_5_sa_043;solnu;;0.0;0.0;23.32;-53.93;0.0;49.9;25.33;0.0;0.0;0;0;0;-183.19;0.0;0.0;0.0;0.0
2028;265;366;beauce_5_sa_043;BTH;;2.93;1.12;16.87;-16.15;4.59;25.32;102.07;0.04;0.0;0;2.7;0;83.58;0.04;0.0;1.12;2.93
2028;1;187;beauce_5_sa_044;BTH;;3.29;0.0;34.64;5.27;46.19;18.47;9.23;0.02;0.0;0;27.18;0;-122.37;0.0;0.02;0.0;3.29
2028;188;310;beauce_5_sa_044;solnu;;0.2;0.0;25.24;-26.22;0.0;9.23;8.59;0.01;0.0;0;0;0;-120.79;0.0;0.01;0.0;0.2
2028;311;366;beauce_5_sa_044;BTH;;1.07;0.0;6.69;-11.48;0.0;8.59;7.54;0.0;0.0;0;0.0;0;-76.02;0.0;0.0;0.0;1.07
2028;1;216;beauce_5_sa_045;BTH;;16.49;1.84;47.39;69.1;151.17;129.04;217.81;0.08;0.0;0;95.92;0;-93.9;0.01;0.07;1.84;16.49
2028;217;293;beauce_5_sa_045;solnu;;0.0;0.0;16.76;-10.0;0.0;217.81;224.54;0.03;0.0;0;0;0;-95.98;0.03;0.01;0.0;0.0
2028;294;366;beauce_5_sa_045;BTH;;10.6;0.0;10.63;-87.26;13.49;224.78;123.7;0.1;0.0;0;7.94;0;46.8;0.09;0.0;0.0;10.6
2028;1;224;beauce_5_sa_046;BTH;;7.01;0.5;51.2;29.35;174.46;117.66;55.05;0.12;0.0;0;103.33;0;9.3;0.07;0.05;0.5;7.01
2028;225;310;beauce_5_sa_046;solnu;;0.0;0.0;19.39;-43.5;0.0;55.05;33.8;0.0;0.0;0;0;0;-117.79;0.0;0.0;0.0;0.0
2028;311;366;beauce_5_sa_046;BTH;;2.62;1.18;7.49;-8.33;0.06;33.72;119.1;0.0;0.0;0;0.03;0;55.91;0.0;0.0;1.18;2.62
2028;1;213;beauce_5_sa_047;BTH;;4.11;0.96;50.48;47.27;85.91;38.79;118.36;0.07;0.0;0;67.97;0;-162.28;0.02;0.06;0.96;4.11
2028;214;273;beauce_5_sa_047;solnu;;0.0;0.0;16.17;-64.44;0.0;118.36;70.09;0.0;0.0;0;0;0;-111.58;0.0;0.0;0.0;0.0
2028;274;366;beauce_5_sa_047;BTH;;2.21;0.0;15.63;-30.7;26.82;63.98;25.96;0.03;0.0;0;15.78;0;93.1;0.02;0.01;0.0;2.21
2028;1;214;beauce_5_sa_048;BTH;;1.14;0.92;51.32;42.3;122.5;8.1;46.57;0.11;0.0;0;72.09;0;-134.49;0.05;0.06;0.92;1.14
2028;215;265;beauce_5_sa_048;solnu;;0.0;0.0;17.24;-58.49;0.0;46.57;6.61;0.0;0.0;0;0;0;-111.86;0.0;0.0;0.0;0.0
2028;266;366;beauce_5_sa_048;BTH;;0.82;0.0;16.23;-17.19;0.0;6.61;5.89;0.0;0.0;0;0.0;0;39.38;0.0;0.0;0.0;0.82
2028;1;195;beauce_5_sa_049;BTH;;0.25;0.0;37.72;23.49;51.0;3.2;13.08;0.04;0.0;0;31.95;0;-177.63;0.0;0.04;0.0;0.25
2028;196;279;beauce_5_sa_049;solnu;;0.0;0.0;17.6;-33.99;0.0;13.08;0.82;0.0;0.0;0;0;0;-171.51;0.0;0.0;0.0;0.0
2028;280;366;beauce_5_sa_049;BTH;;0.13;0.0;12.47;-15.44;0.0;0.82;0.79;0.0;0.0;0;0.0;0;-30.94;0.0;0.0;0.0;0.13
2028;1;177;beauce_5_sa_050;BTH;;1.32;0.0;31.21;21.56;47.64;7.9;11.86;0.03;0.0;0;30.68;0;-122.94;0.0;0.03;0.0;1.32
2028;178;267;beauce_5_sa_050;solnu;;0.0;0.0;21.51;-14.44;0.0;11.86;18.93;0.01;0.0;0;0;0;-130.58;0.0;0.01;0.0;0.0
2028;268;366;beauce_5_sa_050;BTH;;0.54;0.0;14.85;-33.0;0.0;19.0;3.02;0.0;0.0;0;0.0;0;-67.6;0.0;0.0;0.0;0.54
2028;1;193;beauce_5_sa_051;BTH;;14.38;2.22;42.59;49.7;178.92;100.62;167.5;0.13;0.0;0;114.93;0;11.88;0.08;0.06;2.22;14.38
2028;194;283;beauce_5_sa_051;solnu;;0.0;0.0;24.2;-6.81;0.0;167.5;184.87;0.02;0.0;0;0;0;-85.1;0.01;0.01;0.0;0.0
2028;284;366;beauce_5_sa_051;BTH;;5.54;0.0;14.12;-80.65;26.72;185.22;86.01;0.06;0.0;0;15.72;0;96.48;0.05;0.01;0.0;5.54
2028;1;197;beauce_5_sa_052;BTH;;0.68;0.46;41.41;25.6;85.51;5.3;20.5;0.04;0.0;0;50.32;0;-82.03;0.0;0.04;0.46;0.68
2028;198;274;beauce_5_sa_052;solnu;;0.0;0.0;20.34;-38.2;0.0;20.5;2.63;0.01;0.0;0;0;0;-109.53;0.0;0.01;0.0;0.0
2028;275;366;beauce_5_sa_052;BTH;;0.34;0.0;14.62;-20.84;0.0;2.46;2.22;0.0;0.0;0;0.0;0;-47.68;0.0;0.0;0.0;0.34
2028;1;171;beauce_5_sa_053;BTH;;30.56;2.64;33.89;40.59;179.46;280.03;344.9;0.11;0.0;0;113.45;0;-10.78;0.07;0.04;2.64;30.56
2028;172;292;beauce_5_sa_053;solnu;;0.0;0.0;27.11;-94.03;0.0;344.9;278.9;0.02;0.0;0;0;0;-34.2;0.01;0.01;0.0;0.0
2028;293;366;beauce_5_sa_053;BTH;;13.46;0.0;12.37;11.46;13.49;278.61;275.61;0.15;0.0;0;7.94;0;111.8;0.13;0.02;0.0;13.46
2028;1;210;beauce_5_sa_054;BTH;;0.8;1.31;48.66;30.57;153.48;7.34;30.3;0.1;0.01;0;92.49;0;-75.56;0.05;0.05;1.31;0.8
2028;211;278;beauce_5_sa_054;solnu;;0.0;0.0;19.61;-49.52;0.0;30.3;6.45;0.0;0.0;0;0;0;-174.09;0.0;0.0;0.0;0.0
2028;279;366;beauce_5_sa_054;BTH;;0.59;0.0;14.49;-15.77;0.0;6.45;6.03;0.0;0.0;0;0.0;0;80.27;0.0;0.0;0.0;0.59
2028;1;224;beauce_5_sa_055;BTH;;2.42;0.95;51.01;46.28;126.16;17.02;56.82;0.1;0.01;0;74.24;0;-125.18;0.04;0.06;0.95;2.42
2028;225;265;beauce_5_sa_055;solnu;;0.0;0.0;10.89;-13.47;0.0;56.82;54.24;0.0;0.0;0;0;0;-60.61;0.0;0.0;0.0;0.0
2028;266;366;beauce_5_sa_055;BTH;;1.5;0.0;15.07;-59.98;1.5;54.34;8.51;0.0;0.0;0;0.88;0;-2.21;0.0;0.0;0.0;1.5
2028;1;189;beauce_5_sa_056;BTH;;0.19;0.0;35.97;23.21;47.44;4.79;16.25;0.04;0.0;0;31.35;0;-171.71;0.0;0.04;0.0;0.19
2028;190;265;beauce_5_sa_056;solnu;;0.0;0.0;20.44;-37.16;0.0;16.25;0.71;0.0;0.0;0;0;0;-151.13;0.0;0.0;0.0;0.0
2028;266;366;beauce_5_sa_056;BTH;;0.11;0.0;14.99;-17.69;0.0;0.76;0.64;0.0;0.0;0;0.0;0;-40.78;0.0;0.0;0.0;0.11
2028;1;188;beauce_5_sa_057;BTH;;6.28;0.0;38.11;40.36;131.98;107.44;48.18;0.12;0.0;0;79.83;0;-70.12;0.08;0.05;0.0;6.28
2028;189;265;beauce_5_sa_057;solnu;;0.0;0.0;25.08;-45.97;0.0;48.18;28.07;0.01;0.0;0;0;0;-124.58;0.0;0.01;0.0;0.0
2028;266;366;beauce_5_sa_057;BTH;;3.13;1.26;16.15;-22.16;4.26;28.07;112.72;0.04;0.0;0;2.51;0;-4.83;0.04;0.0;1.26;3.13
2028;1;208;beauce_5_sa_058;BTH;;11.63;1.23;44.38;38.08;109.75;77.06;131.44;0.05;0.0;0;64.68;0;-53.04;0.0;0.05;1.23;11.63
2028;209;299;beauce_5_sa_058;solnu;;0.0;0.0;18.95;-8.3;0.0;131.44;142.06;0.03;0.0;0;0;0;-69.54;0.02;0.01;0.0;0.0
2028;300;366;beauce_5_sa_058;BTH;;6.53;0.0;9.63;-84.81;7.83;142.53;52.48;0.04;0.0;0;4.61;0;31.26;0.04;0.0;0.0;6.53
2028;1;194;beauce_5_sa_059;BTH;;3.29;0.0;36.7;3.88;43.39;17.78;11.99;0.03;0.0;0;25.53;0;-127.9;0.0;0.03;0.0;3.29
2028;195;316;beauce_5_sa_059;solnu;;0.19;0.0;23.14;-13.0;0.0;11.99;21.93;0.02;0.0;0;0;0;-105.7;0.01;0.01;0.0;0.19
2028;317;366;beauce_5_sa_059;BTH;;1.16;0.0;5.73;-21.38;0.0;21.93;8.43;0.0;0.0;0;0.0;0;-60.67;0.0;0.0;0.0;1.16
2028;1;181;beauce_5_sa_060;BTH;;0.7;0.0;32.33;29.2;47.93;5.53;18.35;0.04;0.0;0;31.73;0;-149.27;0.0;0.04;0.0;0.7
2028;182;258;beauce_5_sa_060;solnu;;0.0;0.0;20.74;-13.89;0.0;18.35;25.2;0.01;0.0;0;0;0;-133.08;0.0;0.01;0.0;0.0
2028;259;366;beauce_5_sa_060;BTH;;0.34;0.0;14.87;-37.31;2.61;25.28;1.82;0.0;0.0;0;1.54;0;-59.56;0.0;0.0;0.0;0.34
2028;1;194;beauce_5_sa_061;BTH;;7.9;0.0;38.43;16.36;139.06;127.73;37.54;0.11;0.0;0;81.99;0;-13.34;0.07;0.04;0.0;7.9
2028;195;303;beauce_5_sa_061;solnu;;0.0;0.0;22.78;-8.87;0.0;37.54;51.43;0.02;0.0;0;0;0;-76.17;0.01;0.01;0.0;0.0
2028;304;366;beauce_5_sa_061;BTH;;4.35;1.26;8.35;-29.92;0.0;51.83;30.6;0.01;0.0;0;0.0;0;-106.83;0.01;0.0;1.26;4.35
2028;1;221;beauce_5_sa_062;BTH;;0.49;0.4;53.61;36.27;79.89;4.08;43.6;0.06;0.0;0;47.01;0;-189.76;0.0;0.05;0.4;0.49
2028;222;263;beauce_5_sa_062;solnu;;0.0;0.0;12.19;-54.22;0.0;43.6;1.71;0.0;0.0;0;0;0;-67.88;0.0;0.0;0.0;0.0
2028;264;366;beauce_5_sa_062;BTH;;0.27;0.0;16.3;-18.13;0.0;1.71;1.49;0.0;0.0;0;0.0;0;11.79;0.0;0.0;0.0;0.27
2028;1;190;beauce_5_sa_063;BTH;;7.37;1.23;43.31;41.57;130.9;90.66;130.32;0.17;0.01;0;108.41;0;-98.04;0.12;0.05;1.23;7.37
2028;191;262;beauce_5_sa_063;solnu;;0.0;0.0;27.5;-50.43;0.0;130.32;107.39;0.01;0.0;0;0;0;-167.06;0.0;0.01;0.0;0.0
2028;263;366;beauce_5_sa_063;BTH;;4.46;0.54;18.32;-36.36;35.7;104.77;89.58;0.07;0.0;0;21.0;0;121.17;0.05;0.02;0.54;4.46
2028;1;188;beauce_5_sa_064;BTH;;3.97;0.91;37.12;53.09;101.46;33.96;87.06;0.11;0.01;0;72.2;0;-132.45;0.06;0.05;0.91;3.97
2028;189;266;beauce_5_sa_064;solnu;;0.0;0.0;22.58;-8.65;0.0;87.06;100.98;0.01;0.0;0;0;0;-133.14;0.0;0.01;0.0;0.0
2028;267;366;beauce_5_sa_064;BTH;;1.88;0.0;15.76;-85.2;15.97;101.05;13.68;0.01;0.0;0;9.4;0;35.2;0.0;0.0;0.0;1.88
2028;1;194;beauce_5_sa_065;BTH;;2.11;0.0;37.28;7.04;44.89;11.83;9.39;0.03;0.0;0;26.42;0;-123.39;0.0;0.03;0.0;2.11
2028;195;305;beauce_5_sa_065;solnu;;0.14;0.0;22.01;-28.82;0.0;9.39;5.17;0.01;0.0;0;0;0;-134.21;0.0;0.0;0.0;0.14
2028;306;366;beauce_5_sa_065;BTH;;0.65;0.0;7.42;-10.31;0.0;5.17;4.55;0.0;0.0;0;0.0;0;-46.43;0.0;0.0;0.0;0.65
2028;1;185;beauce_5_sa_066;BTH;;5.26;0.0;32.76;24.25;125.88;30.84;28.64;0.1;0.0;0;74.08;0;-67.13;0.06;0.04;0.0;5.26
2028;186;289;beauce_5_sa_066;solnu;;0.0;0.0;22.21;-6.87;0.0;28.64;43.96;0.01;0.0;0;0;0;-92.26;0.0;0.01;0.0;0.0
2028;290;366;beauce_5_sa_066;BTH;;3.21;0.95;10.17;-34.54;0.0;44.15;21.92;0.0;0.0;0;0.0;0;-118.33;0.0;0.0;0.95;3.21
2028;1;185;beauce_5_sa_067;BTH;;8.34;1.8;39.58;42.73;131.25;79.08;157.19;0.14;0.01;0;96.35;0;-63.17;0.09;0.05;1.8;8.34
2028;186;279;beauce_5_sa_067;solnu;;0.0;0.0;25.46;-82.77;0.0;157.19;99.87;0.01;0.0;0;0;0;-132.43;0.0;0.01;0.0;0.0
2028;280;366;beauce_5_sa_067;BTH;;6.21;0.0;15.17;-6.65;34.78;96.66;67.35;0.06;0.0;0;20.47;0;105.77;0.04;0.02;0.0;6.21
2028;1;207;beauce_5_sa_068;BTH;;3.57;0.0;38.24;15.79;51.26;20.21;19.74;0.03;0.0;0;30.16;0;-176.09;0.0;0.03;0.0;3.57
2028;208;303;beauce_5_sa_068;solnu;;0.01;0.0;16.77;-13.48;0.0;19.74;23.02;0.01;0.0;0;0;0;-97.63;0.0;0.0;0.0;0.01
2028;304;366;beauce_5_sa_068;BTH;;1.52;0.0;7.24;-23.87;0.0;23.1;9.22;0.01;0.0;0;0.0;0;-92.87;0.0;0.0;0.0;1.52
2028;1;174;beauce_5_sa_069;BTH;;0.36;0.0;30.12;23.35;53.98;3.1;2.22;0.03;0.0;0;31.77;0;-131.75;0.0;0.03;0.0;0.36
2028;175;288;beauce_5_sa_069;solnu;;0.0;0.0;25.41;-31.65;0.0;2.22;1.14;0.01;0.0;0;0;0;-214.53;0.0;0.01;0.0;0.0
2028;289;366;beauce_5_sa_069;BTH;;0.17;0.0;10.42;-12.15;0.0;1.14;1.04;0.0;0.0;0;0.0;0;-17.11;0.0;0.0;0.0;0.17
2028;1;202;beauce_5_sa_070;BTH;;5.84;1.23;47.73;48.56;86.09;53.19;150.35;0.1;0.0;0;81.07;0;-133.34;0.05;0.06;1.23;5.84
2028;203;258;beauce_5_sa_070;solnu;;0.0;0.0;21.64;-13.19;0.0;150.35;158.79;0.01;0.0;0;0;0;-144.9;0.0;0.01;0.0;0.0
2028;259;366;beauce_5_sa_070;BTH;;3.29;0.0;17.85;-79.65;59.82;158.99;33.83;0.04;0.0;0;35.2;0;91.78;0.03;0.01;0.0;3.29
2028;1;202;beauce_5_sa_071;BTH;;2.54;1.1;48.38;41.31;105.47;29.37;93.78;0.13;0.01;0;85.81;0;-171.84;0.08;0.05;1.1;2.54
2028;203;261;beauce_5_sa_071;solnu;;0.0;0.0;22.03;-58.31;0.0;93.78;57.49;0.01;0.0;0;0;0;-151.77;0.0;0.01;0.0;0.0
2028;262;366;beauce_5_sa_071;BTH;;1.45;0.0;17.9;-52.34;11.04;55.28;10.55;0.0;0.0;0;6.5;0;114.29;0.0;0.0;0.0;1.45
2028;1;171;beauce_5_sa_072;BTH;;10.01;1.98;35.34;33.95;127.19;97.24;178.3;0.14;0.01;0;107.27;0;-67.83;0.1;0.04;1.98;10.01
2028;172;265;beauce_5_sa_072;solnu;;0.0;0.0;29.11;-52.03;0.0;178.3;155.37;0.01;0.0;0;0;0;-144.68;0.0;0.01;0.0;0.0
2028;266;366;beauce_5_sa_072;BTH;;7.13;0.0;18.26;-33.03;55.92;153.79;77.48;0.05;0.0;0;32.91;0;123.81;0.03;0.02;0.0;7.13
2028;1;224;beauce_5_sa_073;BTH;;11.89;0.74;53.9;36.89;176.73;119.19;78.5;0.12;0.01;0;106.17;0;13.39;0.07;0.05;0.74;11.89
2028;225;301;beauce_5_sa_073;solnu;;0.0;0.0;18.76;-52.75;0.0;78.5;44.5;0.02;0.0;0;0;0;-69.89;0.02;0.0;0.0;0.0
2028;302;366;beauce_5_sa_073;BTH;;3.65;1.18;9.75;-26.8;4.59;44.82;108.75;0.04;0.0;0;2.7;0;47.63;0.04;0.0;1.18;3.65
2028;1;172;beauce_5_sa_074;BTH;;8.85;0.53;32.75;20.66;128.89;78.94;35.14;0.07;0.01;0;77.11;0;59.72;0.03;0.03;0.53;8.85
2028;173;313;beauce_5_sa_074;solnu;;0.0;0.0;29.88;-33.23;0.0;35.14;33.01;0.02;0.0;0;0;0;-89.86;0.01;0.01;0.0;0.0
2028;314;366;beauce_5_sa_074;BTH;;2.89;0.8;7.09;-22.36;1.67;33.06;77.54;0.01;0.0;0;0.98;0;-41.68;0.01;0.0;0.8;2.89
2028;1;171;beauce_5_sa_075;BTH;;9.77;1.51;33.13;45.15;115.98;79.34;144.43;0.06;0.0;0;83.15;0;-23.81;0.02;0.05;1.51;9.77
2028;172;284;beauce_5_sa_075;solnu;;0.0;0.0;28.15;-46.9;0.0;144.43;125.94;0.02;0.0;0;0;0;-103.33;0.01;0.01;0.0;0.0
2028;285;366;beauce_5_sa_075;BTH;;6.29;0.0;13.38;-41.34;25.44;120.66;66.19;0.06;0.0;0;14.97;0;88.09;0.05;0.01;0.0;6.29
2028;1;179;beauce_5_sa_076;BTH;;6.79;0.83;34.73;3.41;92.89;43.44;43.48;0.02;0.0;0;54.66;0;28.41;0.0;0.02;0.83;6.79
2028;180;314;beauce_5_sa_076;solnu;;0.0;0.0;29.69;-3.73;0.0;43.48;69.54;0.04;0.0;0;0;0;-88.66;0.03;0.02;0.0;0.0
2028;315;366;beauce_5_sa_076;BTH;;3.29;0.0;6.83;-47.57;0.0;69.83;26.73;0.01;0.0;0;0.0;0;-2.7;0.01;0.0;0.0;3.29
2028;1;187;beauce_5_sa_077;BTH;;9.26;0.4;35.75;34.86;163.14;135.2;65.09;0.12;0.0;0;96.53;0;-34.35;0.07;0.05;0.4;9.26
2028;188;292;beauce_5_sa_077;solnu;;0.0;0.0;23.42;-5.12;0.0;65.09;83.37;0.02;0.0;0;0;0;-84.61;0.01;0.01;0.0;0.0
2028;293;366;beauce_5_sa_077;BTH;;4.72;1.18;10.76;-52.8;0.06;83.59;125.41;0.01;0.0;0;0.03;0;3.03;0.0;0.0;1.18;4.72
2028;1;223;beauce_5_sa_078;BTH;;1.64;0.8;55.52;41.43;83.77;20.04;91.67;0.07;0.0;0;68.29;0;-290.59;0.01;0.06;0.8;1.64
2028;224;273;beauce_5_sa_078;solnu;;0.0;0.0;13.41;-99.16;0.0;91.67;5.91;0.0;0.0;0;0;0;-44.07;0.0;0.0;0.0;0.0
2028;274;366;beauce_5_sa_078;BTH;;0.88;0.0;15.63;-5.17;4.98;5.93;10.5;0.01;0.0;0;2.93;0;73.32;0.0;0.01;0.0;0.88
2028;1;225;beauce_5_sa_079;BTH;;20.82;2.63;51.16;64.63;240.53;171.96;225.8;0.14;0.0;0;144.37;0;-114.12;0.07;0.07;2.63;20.82
2028;226;301;beauce_5_sa_079;solnu;;0.0;0.0;20.41;-78.64;0.0;225.8;167.52;0.06;0.0;0;0;0;-73.72;0.05;0.01;0.0;0.0
2028;302;366;beauce_5_sa_079;BTH;;1.98;0.0;9.65;-1.44;6.39;166.1;167.26;0.1;0.0;0;3.76;0;73.93;0.09;0.01;0.0;1.98
2028;1;217;beauce_5_sa_080;BTH;;5.88;0.25;47.2;23.19;124.63;84.94;45.02;0.09;0.0;0;74.01;0;-13.2;0.04;0.05;0.25;5.88
2028;218;294;beauce_5_sa_080;solnu;;0.0;0.0;16.43;-14.69;0.0;45.02;46.75;0.01;0.0;0;0;0;-71.11;0.01;0.0;0.0;0.0
2028;295;366;beauce_5_sa_080;BTH;;3.14;0.81;10.27;-37.75;0.06;46.9;81.88;0.0;0.0;0;0.03;0;-76.04;0.0;0.0;0.81;3.14
2028;1;214;beauce_5_sa_081;BTH;;7.57;1.55;49.9;68.97;145.21;61.68;144.88;0.14;0.01;0;97.22;0;-161.11;0.07;0.07;1.55;7.57
2028;215;268;beauce_5_sa_081;solnu;;0.0;0.0;16.75;-11.74;0.0;144.88;149.88;0.01;0.0;0;0;0;-114.45;0.0;0.01;0.0;0.0
2028;269;366;beauce_5_sa_081;BTH;;4.2;0.0;15.72;-74.29;40.81;149.98;46.24;0.05;0.0;0;24.02;0;55.47;0.03;0.02;0.0;4.2
2028;1;185;beauce_5_sa_082;BTH;;1.07;0.83;37.56;13.6;105.67;6.38;13.12;0.07;0.01;0;62.18;0;10.86;0.03;0.03;0.83;1.07
2028;186;293;beauce_5_sa_082;solnu;;0.0;0.0;24.93;-39.4;0.0;13.12;2.8;0.01;0.0;0;0;0;-164.11;0.0;0.01;0.0;0.0
2028;294;366;beauce_5_sa_082;BTH;;0.31;0.0;11.11;-13.13;0.0;2.94;2.48;0.0;0.0;0;0.0;0;30.4;0.0;0.0;0.0;0.31
2028;1;220;beauce_5_sa_083;BTH;;17.9;2.21;53.29;54.69;190.89;154.87;221.97;0.16;0.01;0;113.91;0;-73.3;0.09;0.06;2.21;17.9
2028;221;312;beauce_5_sa_083;solnu;;0.0;0.0;22.05;-104.23;0.0;221.97;139.73;0.06;0.0;0;0;0;-26.32;0.05;0.0;0.0;0.0
2028;313;366;beauce_5_sa_083;BTH;;5.13;0.0;7.89;10.3;3.74;140.06;148.98;0.07;0.0;0;2.2;0;73.21;0.06;0.01;0.0;5.13
2028;1;184;beauce_5_sa_084;BTH;;0.15;0.0;33.59;21.22;51.06;1.86;5.28;0.03;0.0;0;30.05;0;-123.63;0.0;0.03;0.0;0.15
2028;185;284;beauce_5_sa_084;solnu;;0.0;0.0;22.23;-31.34;0.0;5.28;0.69;0.0;0.0;0;0;0;-208.87;0.0;0.0;0.0;0.0
2028;285;366;beauce_5_sa_084;BTH;;0.08;0.0;11.43;-13.48;0.0;0.51;0.52;0.0;0.0;0;0.0;0;-16.1;0.0;0.0;0.0;0.08
2028;1;188;beauce_5_sa_085;BTH;;5.94;1.25;39.64;43.01;94.73;52.79;129.27;0.07;0.0;0;80.03;0;-78.37;0.02;0.05;1.25;5.94
2028;189;273;beauce_5_sa_085;solnu;;0.0;0.0;24.19;-52.6;0.0;129.27;100.85;0.01;0.0;0;0;0;-143.4;0.0;0.01;0.0;0.0
2028;274;366;beauce_5_sa_085;BTH;;2.94;0.0;16.13;-38.82;41.73;94.1;33.45;0.03;0.0;0;24.56;0;98.77;0.02;0.01;0.0;2.94
2028;1;184;beauce_5_sa_086;BTH;;10.74;0.0;33.59;40.9;132.0;107.86;39.8;0.09;0.0;0;79.84;0;-53.02;0.04;0.05;0.0;10.74
2028;185;300;beauce_5_sa_086;solnu;;0.0;0.0;24.12;-5.62;0.0;39.8;58.83;0.02;0.0;0;0;0;-93.4;0.01;0.01;0.0;0.0
2028;301;366;beauce_5_sa_086;BTH;;4.64;1.24;8.89;-53.91;4.59;59.29;100.23;0.04;0.0;0;2.7;0;-69.41;0.04;0.0;1.24;4.64
2028;1;205;beauce_5_sa_087;BTH;;2.59;0.0;41.16;27.29;87.47;45.5;24.21;0.08;0.0;0;52.13;0;-64.73;0.04;0.04;0.0;2.59
2028;206;291;beauce_5_sa_087;solnu;;0.0;0.0;17.52;-35.24;0.0;24.21;10.29;0.0;0.0;0;0;0;-188.32;0.0;0.0;0.0;0.0
2028;292;366;beauce_5_sa_087;BTH;;1.51;0.56;10.23;-13.29;0.06;10.29;50.33;0.0;0.0;0;0.03;0;-5.64;0.0;0.0;0.56;1.51
2028;1;201;beauce_5_sa_088;BTH;;12.22;1.61;39.77;57.84;149.64;93.5;151.41;0.09;0.01;0;91.61;0;-92.03;0.04;0.06;1.61;12.22
2028;202;292;beauce_5_sa_088;solnu;;0.0;0.0;19.66;-4.6;0.0;151.41;166.44;0.02;0.0;0;0;0;-83.55;0.01;0.01;0.0;0.0
2028;293;366;beauce_5_sa_088;BTH;;5.31;0.0;10.47;-83.69;13.49;166.66;74.35;0.06;0.0;0;7.94;0;30.44;0.05;0.01;0.0;5.31
2028;1;211;beauce_5_sa_089;BTH;;1.34;0.0;41.7;27.62;52.43;8.07;23.7;0.04;0.0;0;30.85;0;-180.75;0.0;0.04;0.0;1.34
2028;212;281;beauce_5_sa_089;solnu;;0.0;0.0;12.81;-34.0;0.0;23.7;3.54;0.0;0.0;0;0;0;-99.52;0.0;0.0;0.0;0.0
2028;282;366;beauce_5_sa_089;BTH;;0.56;0.0;11.68;-13.59;0.0;3.54;3.1;0.0;0.0;0;0.0;0;-41.22;0.0;0.0;0.0;0.56
2028;1;228;beauce_5_sa_090;BTH;;4.42;0.92;55.09;38.81;159.12;50.0;49.94;0.1;0.0;0;95.8;0;-63.57;0.04;0.06;0.92;4.42
2028;229;287;beauce_5_sa_090;solnu;;0.0;0.0;15.59;-52.49;0.0;49.94;17.11;0.0;0.0;0;0;0;-108.16;0.0;0.0;0.0;0.0
2028;288;366;beauce_5_sa_090;BTH;;1.55;0.51;11.77;-17.39;4.26;17.11;44.69;0.02;0.0;0;2.51;0;71.61;0.02;0.0;0.51;1.55
2028;1;172;beauce_5_sa_091;BTH;;1.35;0.41;31.2;31.48;79.36;9.26;20.73;0.04;0.0;0;47.07;0;-89.25;0.0;0.04;0.41;1.35
2028;173;303;beauce_5_sa_091;solnu;;0.0;0.0;29.55;-49.55;0.0;20.73;4.43;0.01;0.0;0;0;0;-152.83;0.0;0.01;0.0;0.0
2028;304;366;beauce_5_sa_091;BTH;;0.64;0.0;8.42;-8.34;0.0;4.62;3.87;0.0;0.0;0;0.0;0;22.95;0.0;0.0;0.0;0.64
2028;1;217;beauce_5_sa_092;BTH;;1.57;0.0;44.41;27.38;48.48;9.4;31.25;0.04;0.0;0;30.29;0;-204.99;0.0;0.04;0.0;1.57
2028;218;275;beauce_5_sa_092;solnu;;0.0;0.0;9.85;-14.5;0.0;31.25;26.61;0.0;0.0;0;0;0;-74.87;0.0;0.0;0.0;0.0
2028;276;366;beauce_5_sa_092;BTH;;0.66;0.0;13.12;-37.96;0.0;26.69;3.55;0.0;0.0;0;0.0;0;-36.7;0.0;0.0;0.0;0.66
2028;1;212;beauce_5_sa_093;BTH;;1.23;0.88;45.61;15.55;115.05;7.12;17.85;0.07;0.01;0;67.7;0;-3.28;0.03;0.04;0.88;1.23
2028;213;308;beauce_5_sa_093;solnu;;0.0;0.0;19.47;-39.19;0.0;17.85;3.07;0.0;0.0;0;0;0;-146.47;0.0;0.0;0.0;0.0
2028;309;366;beauce_5_sa_093;BTH;;0.27;0.0;7.58;-9.86;0.0;3.07;2.87;0.0;0.0;0;0.0;0;-6.16;0.0;0.0;0.0;0.27
2028;1;215;beauce_5_sa_094;BTH;;2.49;1.19;50.1;25.17;119.09;14.99;57.78;0.09;0.01;0;70.08;0;14.8;0.05;0.05;1.19;2.49
2028;216;315;beauce_5_sa_094;solnu;;0.0;0.0;21.76;-73.06;0.0;57.78;7.0;0.01;0.0;0;0;0;-53.99;0.01;0.0;0.0;0.0
2028;316;366;beauce_5_sa_094;BTH;;0.63;0.0;6.96;-7.02;0.0;6.98;6.31;0.0;0.0;0;0.0;0;69.09;0.0;0.0;0.0;0.63
2028;1;187;beauce_5_sa_095;BTH;;5.39;1.15;41.2;40.28;82.14;49.32;130.13;0.09;0.0;0;80.82;0;-100.99;0.04;0.05;1.15;5.39
2028;188;258;beauce_5_sa_095;solnu;;0.0;0.0;26.29;-11.5;0.0;130.13;144.91;0.01;0.0;0;0;0;-168.82;0.0;0.01;0.0;0.0
2028;259;366;beauce_5_sa_095;BTH;;2.75;0.0;18.0;-81.66;47.89;145.07;30.57;0.03;0.0;0;28.18;0;97.35;0.02;0.01;0.0;2.75
2028;1;194;beauce_5_sa_096;BTH;;0.23;0.0;38.05;22.66;49.12;3.39;14.68;0.04;0.0;0;31.41;0;-170.41;0.0;0.04;0.0;0.23
2028;195;275;beauce_5_sa_096;solnu;;0.0;0.0;17.91;-34.62;0.0;14.68;0.75;0.0;0.0;0;0;0;-148.03;0.0;0.0;0.0;0.0
2028;276;366;beauce_5_sa_096;BTH;;0.11;0.0;13.51;-16.3;0.0;0.84;0.71;0.0;0.0;0;0.0;0;-48.23;0.0;0.0;0.0;0.11
2028;1;190;beauce_5_sa_097;BTH;;25.93;2.45;37.43;61.62;185.8;213.65;287.95;0.15;0.01;0;121.58;0;-70.24;0.09;0.06;2.45;25.93
2028;191;287;beauce_5_sa_097;solnu;;0.0;0.0;22.83;-3.62;0.0;287.95;307.15;0.02;0.0;0;0;0;-91.07;0.01;0.01;0.0;0.0
2028;288;366;beauce_5_sa_097;BTH;;12.22;0.0;11.92;-76.01;18.0;307.64;212.7;0.12;0.0;0;10.59;0;49.07;0.12;0.01;0.0;12.22
2028;1;193;beauce_5_sa_098;BTH;;6.11;1.37;42.44;46.97;128.21;48.49;106.34;0.12;0.01;0;82.31;0;-34.2;0.07;0.05;1.37;6.11
2028;194;291;beauce_5_sa_098;solnu;;0.0;0.0;24.32;-96.6;0.0;106.34;34.04;0.01;0.0;0;0;0;-106.75;0.01;0.01;0.0;0.0
2028;292;366;beauce_5_sa_098;BTH;;3.01;0.0;12.08;0.87;14.11;33.08;29.85;0.02;0.0;0;8.3;0;98.75;0.01;0.01;0.0;3.01
2028;1;174;beauce_5_sa_099;BTH;;2.65;1.28;34.9;41.63;144.16;17.39;41.91;0.08;0.01;0;84.83;0;31.36;0.04;0.05;1.28;2.65
2028;175;317;beauce_5_sa_099;solnu;;0.0;0.0;28.3;-62.23;0.0;41.91;9.27;0.01;0.0;0;0;0;-60.13;0.0;0.01;0.0;0.0
2028;318;366;beauce_5_sa_099;BTH;;0.33;0.0;7.15;-7.1;0.0;9.19;8.99;0.0;0.0;0;0.0;0;53.88;0.0;0.0;0.0;0.33
