annee;jourDebut;jourFin;parcelle;couvert;itk;N_lixivie[kgN/ha];N_volatilise_NH3[kgN/ha];N_mineralise_net_SOM[kgN/ha];N_mineralise_net_residus[kgN/ha];N_acquis_couvert[kgN/ha];N_mineral_debut[kgN/ha];N_mineral_fin[kgN/ha];emissions_N2O_directes[kgN/ha];emissions_N2[kgN/ha];N_fixe_legumineuses[kgN/ha];satisfactionAzote_culture[%];satisfactionAzote_ci[%];delta_Corg[kgC/ha];emissions_N2O_denit[kgN-N2O/ha];emissions_N2O_nit[kgN-N2O/ha];emissions_N2O_indirectes_volat[kgN-N2O/ha];emissions_N2O_indirectes_lixiv[kgN-N2O/ha]
2019;213;263;beauce_5_sa_000;solnu;;0.0;0.0;16.62;0.0;0.0;35.0;51.61;0.01;0.0;0;0;0;-182.73;0.0;0.01;0.0;0.0
2019;264;365;beauce_5_sa_000;orgeh;orgeH_tousSols_nonirr_organique;0.34;0.0;16.57;0.0;42.17;51.75;25.64;0.03;0.0;0;21.08;0;-187.97;0.02;0.01;0.0;0.34
2019;213;301;beauce_5_sa_001;solnu;;0.0;0.0;22.62;0.0;0.0;35.0;57.61;0.01;0.0;0;0;0;-251.43;0.0;0.01;0.0;0.0
2019;302;365;beauce_5_sa_001;orgeh;orgeH_tousSols_nonirr_organique;0.26;0.0;10.55;0.0;5.47;57.74;62.35;0.08;0.0;0;2.73;0;-119.09;0.08;0.01;0.0;0.26
2019;213;298;beauce_5_sa_002;solnu;;0.0;0.0;22.13;0.0;0.0;35.0;57.12;0.01;0.0;0;0;0;-246.16;0.0;0.01;0.0;0.0
2019;299;365;beauce_5_sa_002;orgeh;orgeH_tousSols_nonirr_organique;0.27;0.0;11.04;0.0;6.68;57.25;61.13;0.08;0.0;0;3.34;0;-124.38;0.08;0.01;0.0;0.27
2019;213;312;beauce_5_sa_003;solnu;;0.0;0.0;24.7;0.0;0.0;35.0;59.67;0.03;0.0;0;0;0;-274.07;0.02;0.01;0.0;0.0
2019;313;365;beauce_5_sa_003;orgeh;orgeH_tousSols_nonirr_organique;0.26;0.0;8.48;0.0;3.33;59.91;64.48;0.07;0.0;0;1.66;0;-96.47;0.06;0.01;0.0;0.26
2019;213;307;beauce_5_sa_004;solnu;;0.0;0.0;23.76;0.0;0.0;35.0;58.73;0.02;0.0;0;0;0;-262.07;0.01;0.01;0.0;0.0
2019;308;365;beauce_5_sa_004;orgeh;orgeH_tousSols_nonirr_organique;0.27;0.0;9.42;0.0;4.32;58.88;63.49;0.07;0.0;0;2.16;0;-108.48;0.07;0.01;0.0;0.27
2019;213;280;beauce_5_sa_005;solnu;;0.0;0.0;19.62;0.0;0.0;35.0;54.6;0.01;0.0;0;0;0;-217.89;0.0;0.01;0.0;0.0
2019;281;365;beauce_5_sa_005;orgeh;orgeH_tousSols_nonirr_organique;0.28;0.0;13.55;0.0;22.3;54.67;45.51;0.07;0.0;0;11.15;0;-152.61;0.06;0.01;0.0;0.28
2019;213;273;beauce_5_sa_006;solnu;;0.0;0.0;18.69;0.0;0.0;35.0;53.67;0.01;0.0;0;0;0;-207.24;0.0;0.01;0.0;0.0
2019;274;365;beauce_5_sa_006;orgeh;orgeH_tousSols_nonirr_organique;0.3;0.0;14.48;0.0;28.63;53.83;39.16;0.06;0.0;0;14.31;0;-163.17;0.05;0.01;0.0;0.3
2019;213;285;beauce_5_sa_007;solnu;;0.0;0.0;20.11;0.0;0.0;35.0;55.1;0.01;0.0;0;0;0;-224.25;0.0;0.01;0.0;0.0
2019;286;365;beauce_5_sa_007;orgeh;orgeH_tousSols_nonirr_organique;0.28;0.0;13.06;0.0;18.92;55.27;48.89;0.07;0.0;0;9.46;0;-146.33;0.06;0.01;0.0;0.28
2019;213;280;beauce_5_sa_008;solnu;;0.0;0.0;19.57;0.0;0.0;35.0;54.56;0.01;0.0;0;0;0;-217.45;0.0;0.01;0.0;0.0
2019;281;365;beauce_5_sa_008;orgeh;orgeH_tousSols_nonirr_organique;0.27;0.0;13.53;0.0;22.06;54.63;45.69;0.07;0.0;0;11.03;0;-152.34;0.06;0.01;0.0;0.27
2019;213;270;beauce_5_sa_009;solnu;;0.0;0.0;18.11;0.0;0.0;35.0;53.1;0.01;0.0;0;0;0;-200.55;0.0;0.01;0.0;0.0
2019;271;365;beauce_5_sa_009;orgeh;orgeH_tousSols_nonirr_organique;0.36;0.0;15.0;0.0;31.16;53.31;36.54;0.05;0.0;0;15.58;0;-169.35;0.04;0.01;0.0;0.36
2019;213;280;beauce_5_sa_010;solnu;;0.0;0.0;19.61;0.0;0.0;35.0;54.6;0.01;0.0;0;0;0;-217.86;0.0;0.01;0.0;0.0
2019;281;365;beauce_5_sa_010;orgeh;orgeH_tousSols_nonirr_organique;0.29;0.0;13.56;0.0;22.7;54.67;45.11;0.07;0.0;0;11.35;0;-152.69;0.06;0.01;0.0;0.29
2019;213;303;beauce_5_sa_011;solnu;;0.0;0.0;22.91;0.0;0.0;35.0;57.9;0.01;0.0;0;0;0;-254.89;0.0;0.01;0.0;0.0
2019;304;365;beauce_5_sa_011;orgeh;orgeH_tousSols_nonirr_organique;0.27;0.0;10.26;0.0;4.92;58.07;62.89;0.08;0.0;0;2.46;0;-115.66;0.08;0.01;0.0;0.27
2019;213;271;beauce_5_sa_012;solnu;;0.0;0.0;18.34;0.0;0.0;35.0;53.33;0.01;0.0;0;0;0;-203.06;0.0;0.01;0.0;0.0
2019;272;365;beauce_5_sa_012;orgeh;orgeH_tousSols_nonirr_organique;0.31;0.0;14.84;0.0;32.44;53.49;35.38;0.05;0.0;0;16.22;0;-167.59;0.04;0.01;0.0;0.31
2019;213;288;beauce_5_sa_013;solnu;;0.0;0.0;20.47;0.0;0.0;35.0;55.45;0.01;0.0;0;0;0;-227.99;0.0;0.01;0.0;0.0
2019;289;365;beauce_5_sa_013;orgeh;orgeH_tousSols_nonirr_organique;0.27;0.0;12.71;0.0;16.25;55.55;51.56;0.07;0.0;0;8.13;0;-142.59;0.07;0.01;0.0;0.27
2019;213;309;beauce_5_sa_014;solnu;;0.0;0.0;24.02;0.0;0.0;35.0;58.99;0.03;0.0;0;0;0;-267.71;0.01;0.01;0.0;0.0
2019;310;365;beauce_5_sa_014;orgeh;orgeH_tousSols_nonirr_organique;0.27;0.0;9.15;0.0;4.07;59.18;63.74;0.07;0.0;0;2.04;0;-102.83;0.07;0.01;0.0;0.27
2019;213;258;beauce_5_sa_015;solnu;;0.0;0.0;15.69;0.0;0.0;35.0;50.68;0.01;0.0;0;0;0;-173.99;0.0;0.01;0.0;0.0
2019;259;365;beauce_5_sa_015;orgeh;orgeH_tousSols_nonirr_organique;0.33;0.0;17.5;0.0;49.15;50.8;18.67;0.02;0.0;0;24.58;0;-196.66;0.01;0.01;0.0;0.33
2019;213;287;beauce_5_sa_016;solnu;;0.0;0.0;20.36;0.0;0.0;35.0;55.34;0.01;0.0;0;0;0;-227.11;0.0;0.01;0.0;0.0
2019;288;365;beauce_5_sa_016;orgeh;orgeH_tousSols_nonirr_organique;0.28;0.0;12.82;0.0;17.33;55.45;50.49;0.07;0.0;0;8.66;0;-143.47;0.06;0.01;0.0;0.28
2019;213;267;beauce_5_sa_017;solnu;;0.0;0.0;17.48;0.0;0.0;35.0;52.47;0.01;0.0;0;0;0;-191.94;0.0;0.01;0.0;0.0
2019;268;365;beauce_5_sa_017;orgeh;orgeH_tousSols_nonirr_organique;0.34;0.0;15.64;0.0;35.26;52.7;32.46;0.05;0.0;0;17.63;0;-177.92;0.04;0.01;0.0;0.34
2019;213;275;beauce_5_sa_018;solnu;;0.0;0.0;18.99;0.0;0.0;35.0;53.98;0.01;0.0;0;0;0;-211.05;0.0;0.01;0.0;0.0
2019;276;365;beauce_5_sa_018;orgeh;orgeH_tousSols_nonirr_organique;0.31;0.0;14.2;0.0;27.1;54.05;40.7;0.06;0.0;0;13.55;0;-159.59;0.05;0.01;0.0;0.31
2019;213;266;beauce_5_sa_019;solnu;;0.0;0.0;17.13;0.0;0.0;35.0;52.12;0.01;0.0;0;0;0;-189.88;0.0;0.01;0.0;0.0
2019;267;365;beauce_5_sa_019;orgeh;orgeH_tousSols_nonirr_organique;0.34;0.0;15.98;0.0;36.76;52.46;30.95;0.04;0.0;0;18.38;0;-179.91;0.03;0.01;0.0;0.34
2019;213;264;beauce_5_sa_020;solnu;;0.0;0.0;16.76;0.0;0.0;35.0;51.75;0.01;0.0;0;0;0;-186.17;0.0;0.01;0.0;0.0
2019;265;365;beauce_5_sa_020;orgeh;orgeH_tousSols_nonirr_organique;0.34;0.0;16.42;0.0;40.74;51.97;27.05;0.04;0.0;0;20.37;0;-184.36;0.03;0.01;0.0;0.34
2019;213;292;beauce_5_sa_021;solnu;;0.0;0.0;21.05;0.0;0.0;35.0;56.04;0.01;0.0;0;0;0;-233.1;0.0;0.01;0.0;0.0
2019;293;365;beauce_5_sa_021;orgeh;orgeH_tousSols_nonirr_organique;0.25;0.0;12.09;0.0;10.71;56.22;57.08;0.08;0.0;0;5.36;0;-137.07;0.07;0.01;0.0;0.25
2019;213;279;beauce_5_sa_022;solnu;;0.0;0.0;19.44;0.0;0.0;35.0;54.43;0.01;0.0;0;0;0;-216.67;0.0;0.01;0.0;0.0
2019;280;365;beauce_5_sa_022;orgeh;orgeH_tousSols_nonirr_organique;0.28;0.0;13.7;0.0;22.79;54.59;45.0;0.07;0.0;0;11.39;0;-153.47;0.06;0.01;0.0;0.28
2019;213;315;beauce_5_sa_023;solnu;;0.0;0.0;25.41;0.0;0.0;35.0;60.37;0.04;0.0;0;0;0;-282.16;0.02;0.02;0.0;0.0
2019;316;365;beauce_5_sa_023;orgeh;orgeH_tousSols_nonirr_organique;0.27;0.0;7.77;0.0;2.68;60.52;65.12;0.06;0.0;0;1.34;0;-88.39;0.06;0.0;0.0;0.27
2019;213;289;beauce_5_sa_024;solnu;;0.0;0.0;20.55;0.0;0.0;35.0;55.54;0.01;0.0;0;0;0;-229.07;0.0;0.01;0.0;0.0
2019;290;365;beauce_5_sa_024;orgeh;orgeH_tousSols_nonirr_organique;0.26;0.0;12.61;0.0;14.47;55.63;53.33;0.08;0.0;0;7.24;0;-141.25;0.07;0.01;0.0;0.26
2019;213;265;beauce_5_sa_025;solnu;;0.0;0.0;16.98;0.0;0.0;35.0;51.97;0.01;0.0;0;0;0;-187.68;0.0;0.01;0.0;0.0
2019;266;365;beauce_5_sa_025;orgeh;orgeH_tousSols_nonirr_organique;0.34;0.0;16.18;0.0;38.21;52.14;29.55;0.04;0.0;0;19.11;0;-182.64;0.03;0.01;0.0;0.34
2019;213;312;beauce_5_sa_026;solnu;;0.0;0.0;24.7;0.0;0.0;35.0;59.67;0.03;0.0;0;0;0;-274.08;0.02;0.01;0.0;0.0
2019;313;365;beauce_5_sa_026;orgeh;orgeH_tousSols_nonirr_organique;0.27;0.0;8.48;0.0;3.33;59.91;64.48;0.07;0.0;0;1.66;0;-96.47;0.06;0.01;0.0;0.27
2019;213;316;beauce_5_sa_027;solnu;;0.0;0.0;25.56;0.0;0.0;35.0;60.52;0.04;0.0;0;0;0;-284.58;0.02;0.02;0.0;0.0
2019;317;365;beauce_5_sa_027;orgeh;orgeH_tousSols_nonirr_organique;0.27;0.0;7.61;0.0;2.32;60.87;65.48;0.06;0.0;0;1.16;0;-85.96;0.06;0.0;0.0;0.27
2019;213;311;beauce_5_sa_028;solnu;;0.0;0.0;24.45;0.0;0.0;35.0;59.42;0.03;0.0;0;0;0;-270.9;0.02;0.01;0.0;0.0
2019;312;365;beauce_5_sa_028;orgeh;orgeH_tousSols_nonirr_organique;0.25;0.0;8.7;0.0;3.51;59.65;64.29;0.07;0.0;0;1.76;0;-99.46;0.06;0.01;0.0;0.25
2019;213;282;beauce_5_sa_029;solnu;;0.0;0.0;19.76;0.0;0.0;35.0;54.74;0.01;0.0;0;0;0;-220.42;0.0;0.01;0.0;0.0
2019;283;365;beauce_5_sa_029;orgeh;orgeH_tousSols_nonirr_organique;0.29;0.0;13.43;0.0;20.54;54.93;47.27;0.07;0.0;0;10.27;0;-150.23;0.06;0.01;0.0;0.29
2019;213;289;beauce_5_sa_030;solnu;;0.0;0.0;20.55;0.0;0.0;35.0;55.53;0.01;0.0;0;0;0;-229.05;0.0;0.01;0.0;0.0
2019;290;365;beauce_5_sa_030;orgeh;orgeH_tousSols_nonirr_organique;0.26;0.0;12.61;0.0;14.48;55.63;53.32;0.08;0.0;0;7.24;0;-141.23;0.07;0.01;0.0;0.26
2019;213;267;beauce_5_sa_031;solnu;;0.0;0.0;17.47;0.0;0.0;35.0;52.46;0.01;0.0;0;0;0;-191.89;0.0;0.01;0.0;0.0
2019;268;365;beauce_5_sa_031;orgeh;orgeH_tousSols_nonirr_organique;0.34;0.0;15.64;0.0;35.61;52.7;32.11;0.05;0.0;0;17.8;0;-177.98;0.04;0.01;0.0;0.34
2019;213;273;beauce_5_sa_032;solnu;;0.0;0.0;18.68;0.0;0.0;35.0;53.67;0.01;0.0;0;0;0;-207.21;0.0;0.01;0.0;0.0
2019;274;365;beauce_5_sa_032;orgeh;orgeH_tousSols_nonirr_organique;0.31;0.0;14.5;0.0;30.2;53.83;37.61;0.05;0.0;0;15.1;0;-163.42;0.05;0.01;0.0;0.31
2019;213;311;beauce_5_sa_033;solnu;;0.0;0.0;24.45;0.0;0.0;35.0;59.42;0.03;0.0;0;0;0;-270.9;0.02;0.01;0.0;0.0
2019;312;365;beauce_5_sa_033;orgeh;orgeH_tousSols_nonirr_organique;0.25;0.0;8.7;0.0;3.51;59.65;64.29;0.07;0.0;0;1.76;0;-99.46;0.06;0.01;0.0;0.25
2019;213;288;beauce_5_sa_034;solnu;;0.0;0.0;20.45;0.0;0.0;35.0;55.44;0.01;0.0;0;0;0;-227.81;0.0;0.01;0.0;0.0
2019;289;365;beauce_5_sa_034;orgeh;orgeH_tousSols_nonirr_organique;0.26;0.0;12.69;0.0;16.11;55.53;51.69;0.07;0.0;0;8.06;0;-142.38;0.07;0.01;0.0;0.26
2019;213;313;beauce_5_sa_035;solnu;;0.0;0.0;24.94;0.0;0.0;35.0;59.91;0.03;0.0;0;0;0;-276.59;0.02;0.01;0.0;0.0
2019;314;365;beauce_5_sa_035;orgeh;orgeH_tousSols_nonirr_organique;0.27;0.0;8.24;0.0;3.0;60.15;64.81;0.07;0.0;0;1.5;0;-93.95;0.06;0.0;0.0;0.27
2019;213;297;beauce_5_sa_036;solnu;;0.0;0.0;21.95;0.0;0.0;35.0;56.94;0.01;0.0;0;0;0;-243.31;0.0;0.01;0.0;0.0
2019;298;365;beauce_5_sa_036;orgeh;orgeH_tousSols_nonirr_organique;0.24;0.0;11.19;0.0;7.14;57.09;60.66;0.08;0.0;0;3.57;0;-126.86;0.08;0.01;0.0;0.24
2019;213;261;beauce_5_sa_037;solnu;;0.0;0.0;16.13;0.0;0.0;35.0;51.12;0.01;0.0;0;0;0;-178.38;0.0;0.01;0.0;0.0
2019;262;365;beauce_5_sa_037;orgeh;orgeH_tousSols_nonirr_organique;0.33;0.0;17.06;0.0;45.62;51.31;22.19;0.03;0.0;0;22.81;0;-192.25;0.01;0.01;0.0;0.33
2019;213;283;beauce_5_sa_038;solnu;;0.0;0.0;19.93;0.0;0.0;35.0;54.92;0.01;0.0;0;0;0;-221.14;0.0;0.01;0.0;0.0
2019;284;365;beauce_5_sa_038;orgeh;orgeH_tousSols_nonirr_organique;0.27;0.0;13.22;0.0;20.18;55.0;47.62;0.07;0.0;0;10.09;0;-149.07;0.06;0.01;0.0;0.27
2019;213;297;beauce_5_sa_039;solnu;;0.0;0.0;21.98;0.0;0.0;35.0;56.97;0.01;0.0;0;0;0;-243.58;0.0;0.01;0.0;0.0
2019;298;365;beauce_5_sa_039;orgeh;orgeH_tousSols_nonirr_organique;0.27;0.0;11.2;0.0;7.14;57.12;60.67;0.08;0.0;0;3.57;0;-126.98;0.08;0.01;0.0;0.27
2019;213;311;beauce_5_sa_040;solnu;;0.0;0.0;24.47;0.0;0.0;35.0;59.44;0.03;0.0;0;0;0;-271.09;0.02;0.01;0.0;0.0
2019;312;365;beauce_5_sa_040;orgeh;orgeH_tousSols_nonirr_organique;0.27;0.0;8.7;0.0;3.51;59.67;64.29;0.07;0.0;0;1.76;0;-99.46;0.06;0.01;0.0;0.27
2019;213;295;beauce_5_sa_041;solnu;;0.0;0.0;21.57;0.0;0.0;35.0;56.55;0.01;0.0;0;0;0;-239.75;0.0;0.01;0.0;0.0
2019;296;365;beauce_5_sa_041;orgeh;orgeH_tousSols_nonirr_organique;0.27;0.0;11.61;0.0;8.32;56.73;59.49;0.08;0.0;0;4.16;0;-130.78;0.08;0.01;0.0;0.27
2019;213;269;beauce_5_sa_042;solnu;;0.0;0.0;17.9;0.0;0.0;35.0;52.89;0.01;0.0;0;0;0;-198.35;0.0;0.01;0.0;0.0
2019;270;365;beauce_5_sa_042;orgeh;orgeH_tousSols_nonirr_organique;0.35;0.0;15.22;0.0;33.83;53.1;33.88;0.05;0.0;0;16.91;0;-171.57;0.04;0.01;0.0;0.35
2019;213;270;beauce_5_sa_043;solnu;;0.0;0.0;18.13;0.0;0.0;35.0;53.12;0.01;0.0;0;0;0;-200.72;0.0;0.01;0.0;0.0
2019;271;365;beauce_5_sa_043;orgeh;orgeH_tousSols_nonirr_organique;0.36;0.0;15.05;0.0;33.35;53.33;34.41;0.05;0.0;0;16.68;0;-169.94;0.04;0.01;0.0;0.36
2019;213;268;beauce_5_sa_044;solnu;;0.0;0.0;17.71;0.0;0.0;35.0;52.7;0.01;0.0;0;0;0;-195.66;0.0;0.01;0.0;0.0
2019;269;365;beauce_5_sa_044;orgeh;orgeH_tousSols_nonirr_organique;0.35;0.0;15.41;0.0;34.71;52.89;33.0;0.05;0.0;0;17.36;0;-174.21;0.04;0.01;0.0;0.35
2019;213;296;beauce_5_sa_045;solnu;;0.0;0.0;21.75;0.0;0.0;35.0;56.73;0.01;0.0;0;0;0;-241.55;0.0;0.01;0.0;0.0
2019;297;365;beauce_5_sa_045;orgeh;orgeH_tousSols_nonirr_organique;0.27;0.0;11.43;0.0;7.6;56.97;60.21;0.08;0.0;0;3.8;0;-129.0;0.08;0.01;0.0;0.27
2019;213;269;beauce_5_sa_046;solnu;;0.0;0.0;17.92;0.0;0.0;35.0;52.91;0.01;0.0;0;0;0;-198.58;0.0;0.01;0.0;0.0
2019;270;365;beauce_5_sa_046;orgeh;orgeH_tousSols_nonirr_organique;0.35;0.0;15.24;0.0;33.96;53.12;33.79;0.05;0.0;0;16.98;0;-171.76;0.04;0.01;0.0;0.35
2019;213;317;beauce_5_sa_047;solnu;;0.0;0.0;25.91;0.0;0.0;35.0;60.87;0.04;0.0;0;0;0;-286.27;0.03;0.02;0.0;0.0
2019;318;365;beauce_5_sa_047;orgeh;orgeH_tousSols_nonirr_organique;0.27;0.0;7.26;0.0;2.32;60.98;65.48;0.06;0.0;0;1.16;0;-84.28;0.05;0.0;0.0;0.27
2019;213;306;beauce_5_sa_048;solnu;;0.0;0.0;23.4;0.0;0.0;35.0;58.38;0.02;0.0;0;0;0;-260.08;0.0;0.01;0.0;0.0
2019;307;365;beauce_5_sa_048;orgeh;orgeH_tousSols_nonirr_organique;0.27;0.0;9.77;0.0;4.5;58.74;63.31;0.08;0.0;0;2.25;0;-110.49;0.07;0.01;0.0;0.27
2019;213;263;beauce_5_sa_049;solnu;;0.0;0.0;16.62;0.0;0.0;35.0;51.61;0.01;0.0;0;0;0;-182.7;0.0;0.01;0.0;0.0
2019;264;365;beauce_5_sa_049;orgeh;orgeH_tousSols_nonirr_organique;0.34;0.0;16.54;0.0;40.35;51.74;27.42;0.04;0.0;0;20.17;0;-187.65;0.03;0.01;0.0;0.34
2019;213;269;beauce_5_sa_050;solnu;;0.0;0.0;17.92;0.0;0.0;35.0;52.91;0.01;0.0;0;0;0;-198.59;0.0;0.01;0.0;0.0
2019;270;365;beauce_5_sa_050;orgeh;orgeH_tousSols_nonirr_organique;0.36;0.0;15.26;0.0;35.51;53.12;32.26;0.05;0.0;0;17.76;0;-172.07;0.04;0.01;0.0;0.36
2019;213;260;beauce_5_sa_051;solnu;;0.0;0.0;15.93;0.0;0.0;35.0;50.92;0.01;0.0;0;0;0;-177.11;0.0;0.01;0.0;0.0
2019;261;365;beauce_5_sa_051;orgeh;orgeH_tousSols_nonirr_organique;0.35;0.0;17.39;0.0;47.52;51.12;20.41;0.02;0.0;0;23.76;0;-195.0;0.01;0.01;0.0;0.35
2019;213;283;beauce_5_sa_052;solnu;;0.0;0.0;19.9;0.0;0.0;35.0;54.89;0.01;0.0;0;0;0;-220.88;0.0;0.01;0.0;0.0
2019;284;365;beauce_5_sa_052;orgeh;orgeH_tousSols_nonirr_organique;0.26;0.0;13.2;0.0;19.97;54.97;47.8;0.07;0.0;0;9.98;0;-148.92;0.06;0.01;0.0;0.26
2019;213;283;beauce_5_sa_053;solnu;;0.0;0.0;19.94;0.0;0.0;35.0;54.93;0.01;0.0;0;0;0;-221.26;0.0;0.01;0.0;0.0
2019;284;365;beauce_5_sa_053;orgeh;orgeH_tousSols_nonirr_organique;0.28;0.0;13.24;0.0;20.71;55.01;47.11;0.07;0.0;0;10.35;0;-149.33;0.06;0.01;0.0;0.28
2019;213;276;beauce_5_sa_054;solnu;;0.0;0.0;19.03;0.0;0.0;35.0;54.02;0.01;0.0;0;0;0;-212.31;0.0;0.01;0.0;0.0
2019;277;365;beauce_5_sa_054;orgeh;orgeH_tousSols_nonirr_organique;0.29;0.0;14.08;0.0;25.29;54.21;42.46;0.06;0.0;0;12.65;0;-157.61;0.05;0.01;0.0;0.29
2019;213;315;beauce_5_sa_055;solnu;;0.0;0.0;25.41;0.0;0.0;35.0;60.37;0.04;0.0;0;0;0;-282.16;0.02;0.02;0.0;0.0
2019;316;365;beauce_5_sa_055;orgeh;orgeH_tousSols_nonirr_organique;0.27;0.0;7.77;0.0;2.68;60.52;65.12;0.06;0.0;0;1.34;0;-88.39;0.06;0.0;0.0;0.27
2019;213;284;beauce_5_sa_056;solnu;;0.0;0.0;20.02;0.0;0.0;35.0;55.01;0.01;0.0;0;0;0;-223.34;0.0;0.01;0.0;0.0
2019;285;365;beauce_5_sa_056;orgeh;orgeH_tousSols_nonirr_organique;0.28;0.0;13.16;0.0;19.66;55.1;48.15;0.07;0.0;0;9.83;0;-147.28;0.06;0.01;0.0;0.28
2019;213;272;beauce_5_sa_057;solnu;;0.0;0.0;18.49;0.0;0.0;35.0;53.48;0.01;0.0;0;0;0;-205.29;0.0;0.01;0.0;0.0
2019;273;365;beauce_5_sa_057;orgeh;orgeH_tousSols_nonirr_organique;0.32;0.0;14.67;0.0;29.32;53.66;38.45;0.06;0.0;0;14.66;0;-165.04;0.05;0.01;0.0;0.32
2019;213;309;beauce_5_sa_058;solnu;;0.0;0.0;24.02;0.0;0.0;35.0;58.99;0.03;0.0;0;0;0;-267.68;0.01;0.01;0.0;0.0
2019;310;365;beauce_5_sa_058;orgeh;orgeH_tousSols_nonirr_organique;0.26;0.0;9.16;0.0;4.07;59.17;63.74;0.07;0.0;0;2.04;0;-102.83;0.07;0.01;0.0;0.26
2019;213;266;beauce_5_sa_059;solnu;;0.0;0.0;17.15;0.0;0.0;35.0;52.14;0.01;0.0;0;0;0;-190.14;0.0;0.01;0.0;0.0
2019;267;365;beauce_5_sa_059;orgeh;orgeH_tousSols_nonirr_organique;0.35;0.0;16.03;0.0;38.59;52.48;29.19;0.04;0.0;0;19.3;0;-180.45;0.03;0.01;0.0;0.35
2019;213;285;beauce_5_sa_060;solnu;;0.0;0.0;20.11;0.0;0.0;35.0;55.1;0.01;0.0;0;0;0;-224.27;0.0;0.01;0.0;0.0
2019;286;365;beauce_5_sa_060;orgeh;orgeH_tousSols_nonirr_organique;0.28;0.0;13.07;0.0;18.53;55.27;49.29;0.07;0.0;0;9.26;0;-146.35;0.06;0.01;0.0;0.28
2019;213;270;beauce_5_sa_061;solnu;;0.0;0.0;18.12;0.0;0.0;35.0;53.11;0.01;0.0;0;0;0;-200.61;0.0;0.01;0.0;0.0
2019;271;365;beauce_5_sa_061;orgeh;orgeH_tousSols_nonirr_organique;0.36;0.0;15.01;0.0;31.21;53.32;36.49;0.05;0.0;0;15.61;0;-169.4;0.04;0.01;0.0;0.36
2019;213;284;beauce_5_sa_062;solnu;;0.0;0.0;20.02;0.0;0.0;35.0;55.01;0.01;0.0;0;0;0;-223.34;0.0;0.01;0.0;0.0
2019;285;365;beauce_5_sa_062;orgeh;orgeH_tousSols_nonirr_organique;0.28;0.0;13.16;0.0;19.66;55.1;48.15;0.07;0.0;0;9.83;0;-147.28;0.06;0.01;0.0;0.28
2019;213;273;beauce_5_sa_063;solnu;;0.0;0.0;18.68;0.0;0.0;35.0;53.67;0.01;0.0;0;0;0;-207.21;0.0;0.01;0.0;0.0
2019;274;365;beauce_5_sa_063;orgeh;orgeH_tousSols_nonirr_organique;0.31;0.0;14.5;0.0;30.2;53.83;37.61;0.05;0.0;0;15.1;0;-163.42;0.05;0.01;0.0;0.31
2019;213;296;beauce_5_sa_064;solnu;;0.0;0.0;21.71;0.0;0.0;35.0;56.7;0.01;0.0;0;0;0;-241.14;0.0;0.01;0.0;0.0
2019;297;365;beauce_5_sa_064;orgeh;orgeH_tousSols_nonirr_organique;0.24;0.0;11.41;0.0;7.6;56.92;60.19;0.08;0.0;0;3.8;0;-128.83;0.08;0.01;0.0;0.24
2019;213;276;beauce_5_sa_065;solnu;;0.0;0.0;19.06;0.0;0.0;35.0;54.05;0.01;0.0;0;0;0;-212.59;0.0;0.01;0.0;0.0
2019;277;365;beauce_5_sa_065;orgeh;orgeH_tousSols_nonirr_organique;0.29;0.0;14.09;0.0;25.09;54.24;42.69;0.06;0.0;0;12.55;0;-157.66;0.05;0.01;0.0;0.29
2019;213;265;beauce_5_sa_066;solnu;;0.0;0.0;16.98;0.0;0.0;35.0;51.97;0.01;0.0;0;0;0;-187.68;0.0;0.01;0.0;0.0
2019;266;365;beauce_5_sa_066;orgeh;orgeH_tousSols_nonirr_organique;0.34;0.0;16.2;0.0;39.46;52.14;28.32;0.04;0.0;0;19.73;0;-182.87;0.03;0.01;0.0;0.34
2019;213;269;beauce_5_sa_067;solnu;;0.0;0.0;17.92;0.0;0.0;35.0;52.91;0.01;0.0;0;0;0;-198.59;0.0;0.01;0.0;0.0
2019;270;365;beauce_5_sa_067;orgeh;orgeH_tousSols_nonirr_organique;0.36;0.0;15.26;0.0;35.51;53.12;32.26;0.05;0.0;0;17.76;0;-172.07;0.04;0.01;0.0;0.36
2019;213;289;beauce_5_sa_068;solnu;;0.0;0.0;20.54;0.0;0.0;35.0;55.53;0.01;0.0;0;0;0;-229.02;0.0;0.01;0.0;0.0
2019;290;365;beauce_5_sa_068;orgeh;orgeH_tousSols_nonirr_organique;0.26;0.0;12.6;0.0;14.46;55.63;53.34;0.08;0.0;0;7.23;0;-141.22;0.07;0.01;0.0;0.26
2019;213;259;beauce_5_sa_069;solnu;;0.0;0.0;15.81;0.0;0.0;35.0;50.8;0.01;0.0;0;0;0;-175.7;0.0;0.01;0.0;0.0
2019;260;365;beauce_5_sa_069;orgeh;orgeH_tousSols_nonirr_organique;0.33;0.0;17.37;0.0;48.09;50.92;19.73;0.02;0.0;0;24.05;0;-194.98;0.01;0.01;0.0;0.33
2019;213;269;beauce_5_sa_070;solnu;;0.0;0.0;17.92;0.0;0.0;35.0;52.91;0.01;0.0;0;0;0;-198.59;0.0;0.01;0.0;0.0
2019;270;365;beauce_5_sa_070;orgeh;orgeH_tousSols_nonirr_organique;0.36;0.0;15.26;0.0;35.51;53.12;32.26;0.05;0.0;0;17.76;0;-172.07;0.04;0.01;0.0;0.36
2019;213;312;beauce_5_sa_071;solnu;;0.0;0.0;24.7;0.0;0.0;35.0;59.67;0.03;0.0;0;0;0;-274.08;0.02;0.01;0.0;0.0
2019;313;365;beauce_5_sa_071;orgeh;orgeH_tousSols_nonirr_organique;0.27;0.0;8.48;0.0;3.33;59.91;64.48;0.07;0.0;0;1.66;0;-96.46;0.06;0.01;0.0;0.27
2019;213;304;beauce_5_sa_072;solnu;;0.0;0.0;23.09;0.0;0.0;35.0;58.07;0.01;0.0;0;0;0;-256.64;0.0;0.01;0.0;0.0
2019;305;365;beauce_5_sa_072;orgeh;orgeH_tousSols_nonirr_organique;0.26;0.0;10.09;0.0;4.92;58.2;62.89;0.08;0.0;0;2.46;0;-113.9;0.08;0.01;0.0;0.26
2019;213;313;beauce_5_sa_073;solnu;;0.0;0.0;24.94;0.0;0.0;35.0;59.9;0.03;0.0;0;0;0;-276.56;0.02;0.01;0.0;0.0
2019;314;365;beauce_5_sa_073;orgeh;orgeH_tousSols_nonirr_organique;0.26;0.0;8.24;0.0;3.0;60.15;64.81;0.07;0.0;0;1.5;0;-93.95;0.06;0.0;0.0;0.26
2019;213;307;beauce_5_sa_074;solnu;;0.0;0.0;23.76;0.0;0.0;35.0;58.74;0.02;0.0;0;0;0;-262.12;0.01;0.01;0.0;0.0
2019;308;365;beauce_5_sa_074;orgeh;orgeH_tousSols_nonirr_organique;0.27;0.0;9.42;0.0;4.32;58.88;63.49;0.07;0.0;0;2.16;0;-108.47;0.07;0.01;0.0;0.27
2019;213;263;beauce_5_sa_075;solnu;;0.0;0.0;16.62;0.0;0.0;35.0;51.61;0.01;0.0;0;0;0;-182.67;0.0;0.01;0.0;0.0
2019;264;365;beauce_5_sa_075;orgeh;orgeH_tousSols_nonirr_organique;0.34;0.0;16.55;0.0;41.7;51.74;26.09;0.03;0.0;0;20.85;0;-187.83;0.02;0.01;0.0;0.34
2019;213;290;beauce_5_sa_076;solnu;;0.0;0.0;20.63;0.0;0.0;35.0;55.62;0.01;0.0;0;0;0;-230.03;0.0;0.01;0.0;0.0
2019;291;365;beauce_5_sa_076;orgeh;orgeH_tousSols_nonirr_organique;0.26;0.0;12.51;0.0;12.89;55.8;54.9;0.08;0.0;0;6.44;0;-140.14;0.07;0.01;0.0;0.26
2019;213;307;beauce_5_sa_077;solnu;;0.0;0.0;23.76;0.0;0.0;35.0;58.73;0.02;0.0;0;0;0;-262.06;0.01;0.01;0.0;0.0
2019;308;365;beauce_5_sa_077;orgeh;orgeH_tousSols_nonirr_organique;0.27;0.0;9.42;0.0;4.32;58.88;63.49;0.07;0.0;0;2.16;0;-108.47;0.07;0.01;0.0;0.27
2019;213;288;beauce_5_sa_078;solnu;;0.0;0.0;20.47;0.0;0.0;35.0;55.45;0.01;0.0;0;0;0;-227.99;0.0;0.01;0.0;0.0
2019;289;365;beauce_5_sa_078;orgeh;orgeH_tousSols_nonirr_organique;0.27;0.0;12.71;0.0;16.25;55.55;51.56;0.07;0.0;0;8.13;0;-142.59;0.07;0.01;0.0;0.27
2019;213;258;beauce_5_sa_079;solnu;;0.0;0.0;15.69;0.0;0.0;35.0;50.68;0.01;0.0;0;0;0;-173.99;0.0;0.01;0.0;0.0
2019;259;365;beauce_5_sa_079;orgeh;orgeH_tousSols_nonirr_organique;0.33;0.0;17.5;0.0;49.4;50.8;18.42;0.02;0.0;0;24.7;0;-196.71;0.01;0.01;0.0;0.33
2019;213;258;beauce_5_sa_080;solnu;;0.0;0.0;15.69;0.0;0.0;35.0;50.68;0.01;0.0;0;0;0;-173.99;0.0;0.01;0.0;0.0
2019;259;365;beauce_5_sa_080;orgeh;orgeH_tousSols_nonirr_organique;0.33;0.0;17.48;0.0;47.78;50.8;20.02;0.02;0.0;0;23.89;0;-196.43;0.01;0.01;0.0;0.33
2019;213;296;beauce_5_sa_081;solnu;;0.0;0.0;21.75;0.0;0.0;35.0;56.73;0.01;0.0;0;0;0;-241.55;0.0;0.01;0.0;0.0
2019;297;365;beauce_5_sa_081;orgeh;orgeH_tousSols_nonirr_organique;0.27;0.0;11.43;0.0;7.6;56.97;60.21;0.08;0.0;0;3.8;0;-129.0;0.08;0.01;0.0;0.27
2019;213;272;beauce_5_sa_082;solnu;;0.0;0.0;18.5;0.0;0.0;35.0;53.49;0.01;0.0;0;0;0;-205.43;0.0;0.01;0.0;0.0
2019;273;365;beauce_5_sa_082;orgeh;orgeH_tousSols_nonirr_organique;0.32;0.0;14.68;0.0;29.76;53.67;38.05;0.06;0.0;0;14.88;0;-165.23;0.05;0.01;0.0;0.32
2019;213;267;beauce_5_sa_083;solnu;;0.0;0.0;17.49;0.0;0.0;35.0;52.48;0.01;0.0;0;0;0;-192.1;0.0;0.01;0.0;0.0
2019;268;365;beauce_5_sa_083;orgeh;orgeH_tousSols_nonirr_organique;0.35;0.0;15.69;0.0;37.46;52.72;30.31;0.04;0.0;0;18.73;0;-178.52;0.03;0.01;0.0;0.35
2019;213;302;beauce_5_sa_084;solnu;;0.0;0.0;22.75;0.0;0.0;35.0;57.73;0.01;0.0;0;0;0;-253.28;0.0;0.01;0.0;0.0
2019;303;365;beauce_5_sa_084;orgeh;orgeH_tousSols_nonirr_organique;0.25;0.0;10.42;0.0;5.26;57.89;62.55;0.08;0.0;0;2.63;0;-117.14;0.08;0.01;0.0;0.25
2019;213;314;beauce_5_sa_085;solnu;;0.0;0.0;25.18;0.0;0.0;35.0;60.14;0.04;0.0;0;0;0;-279.19;0.02;0.02;0.0;0.0
2019;315;365;beauce_5_sa_085;orgeh;orgeH_tousSols_nonirr_organique;0.26;0.0;7.98;0.0;2.83;60.36;64.98;0.06;0.0;0;1.41;0;-91.23;0.06;0.0;0.0;0.26
2019;213;278;beauce_5_sa_086;solnu;;0.0;0.0;19.35;0.0;0.0;35.0;54.34;0.01;0.0;0;0;0;-215.64;0.0;0.01;0.0;0.0
2019;279;365;beauce_5_sa_086;orgeh;orgeH_tousSols_nonirr_organique;0.29;0.0;13.8;0.0;23.37;54.43;44.42;0.06;0.0;0;11.69;0;-154.66;0.06;0.01;0.0;0.29
2019;213;280;beauce_5_sa_087;solnu;;0.0;0.0;19.65;0.0;0.0;35.0;54.63;0.01;0.0;0;0;0;-218.22;0.0;0.01;0.0;0.0
2019;281;365;beauce_5_sa_087;orgeh;orgeH_tousSols_nonirr_organique;0.29;0.0;13.56;0.0;21.98;54.7;45.86;0.07;0.0;0;10.99;0;-152.73;0.06;0.01;0.0;0.29
2019;213;278;beauce_5_sa_088;solnu;;0.0;0.0;19.36;0.0;0.0;35.0;54.35;0.01;0.0;0;0;0;-215.7;0.0;0.01;0.0;0.0
2019;279;365;beauce_5_sa_088;orgeh;orgeH_tousSols_nonirr_organique;0.29;0.0;13.81;0.0;23.74;54.44;44.07;0.06;0.0;0;11.87;0;-154.79;0.06;0.01;0.0;0.29
2019;213;257;beauce_5_sa_089;solnu;;0.0;0.0;15.54;0.0;0.0;35.0;50.53;0.01;0.0;0;0;0;-172.66;0.0;0.01;0.0;0.0
2019;258;365;beauce_5_sa_089;orgeh;orgeH_tousSols_nonirr_organique;0.33;0.0;17.66;0.0;50.49;50.68;17.35;0.01;0.0;0;25.25;0;-198.15;0.0;0.01;0.0;0.33
2019;213;304;beauce_5_sa_090;solnu;;0.0;0.0;23.09;0.0;0.0;35.0;58.07;0.01;0.0;0;0;0;-256.64;0.0;0.01;0.0;0.0
2019;305;365;beauce_5_sa_090;orgeh;orgeH_tousSols_nonirr_organique;0.26;0.0;10.09;0.0;4.92;58.2;62.89;0.08;0.0;0;2.46;0;-113.9;0.08;0.01;0.0;0.26
2019;213;315;beauce_5_sa_091;solnu;;0.0;0.0;25.41;0.0;0.0;35.0;60.37;0.04;0.0;0;0;0;-282.16;0.02;0.02;0.0;0.0
2019;316;365;beauce_5_sa_091;orgeh;orgeH_tousSols_nonirr_organique;0.27;0.0;7.77;0.0;2.68;60.52;65.12;0.06;0.0;0;1.34;0;-88.39;0.06;0.0;0.0;0.27
2019;213;291;beauce_5_sa_092;solnu;;0.0;0.0;20.83;0.0;0.0;35.0;55.82;0.01;0.0;0;0;0;-231.36;0.0;0.01;0.0;0.0
2019;292;365;beauce_5_sa_092;orgeh;orgeH_tousSols_nonirr_organique;0.27;0.0;12.34;0.0;12.04;56.06;55.77;0.08;0.0;0;6.02;0;-139.21;0.07;0.01;0.0;0.27
2019;213;312;beauce_5_sa_093;solnu;;0.0;0.0;24.7;0.0;0.0;35.0;59.67;0.03;0.0;0;0;0;-274.08;0.02;0.01;0.0;0.0
2019;313;365;beauce_5_sa_093;orgeh;orgeH_tousSols_nonirr_organique;0.27;0.0;8.48;0.0;3.33;59.91;64.48;0.07;0.0;0;1.66;0;-96.47;0.06;0.01;0.0;0.27
2019;213;263;beauce_5_sa_094;solnu;;0.0;0.0;16.62;0.0;0.0;35.0;51.61;0.01;0.0;0;0;0;-182.73;0.0;0.01;0.0;0.0
2019;264;365;beauce_5_sa_094;orgeh;orgeH_tousSols_nonirr_organique;0.34;0.0;16.57;0.0;42.17;51.75;25.64;0.03;0.0;0;21.08;0;-187.97;0.02;0.01;0.0;0.34
2019;213;301;beauce_5_sa_095;solnu;;0.0;0.0;22.62;0.0;0.0;35.0;57.61;0.01;0.0;0;0;0;-251.45;0.0;0.01;0.0;0.0
2019;302;365;beauce_5_sa_095;orgeh;orgeH_tousSols_nonirr_organique;0.27;0.0;10.55;0.0;5.47;57.74;62.34;0.08;0.0;0;2.73;0;-119.1;0.08;0.01;0.0;0.27
2019;213;317;beauce_5_sa_096;solnu;;0.0;0.0;25.91;0.0;0.0;35.0;60.87;0.04;0.0;0;0;0;-286.27;0.03;0.02;0.0;0.0
2019;318;365;beauce_5_sa_096;orgeh;orgeH_tousSols_nonirr_organique;0.27;0.0;7.26;0.0;2.32;60.98;65.48;0.06;0.0;0;1.16;0;-84.28;0.05;0.0;0.0;0.27
2019;213;267;beauce_5_sa_097;solnu;;0.0;0.0;17.49;0.0;0.0;35.0;52.48;0.01;0.0;0;0;0;-192.1;0.0;0.01;0.0;0.0
2019;268;365;beauce_5_sa_097;orgeh;orgeH_tousSols_nonirr_organique;0.35;0.0;15.69;0.0;37.46;52.72;30.31;0.04;0.0;0;18.73;0;-178.52;0.03;0.01;0.0;0.35
2019;213;259;beauce_5_sa_098;solnu;;0.0;0.0;15.81;0.0;0.0;35.0;50.8;0.01;0.0;0;0;0;-175.7;0.0;0.01;0.0;0.0
2019;260;365;beauce_5_sa_098;orgeh;orgeH_tousSols_nonirr_organique;0.33;0.0;17.37;0.0;48.09;50.92;19.73;0.02;0.0;0;24.05;0;-194.98;0.01;0.01;0.0;0.33
2019;213;261;beauce_5_sa_099;solnu;;0.0;0.0;16.12;0.0;0.0;35.0;51.11;0.01;0.0;0;0;0;-178.3;0.0;0.01;0.0;0.0
2019;262;365;beauce_5_sa_099;orgeh;orgeH_tousSols_nonirr_organique;0.33;0.0;17.01;0.0;43.84;51.3;23.91;0.03;0.0;0;21.92;0;-191.75;0.02;0.01;0.0;0.33
2020;1;225;beauce_5_sa_000;orgeh;orgeH_tousSols_nonirr_organique;2.41;0.0;68.33;0.0;45.07;25.64;46.34;0.13;0.02;0;43.62;0;-761.31;0.09;0.04;0.0;2.41
2020;226;264;beauce_5_sa_000;solnu;;0.44;0.0;22.67;-15.73;0.0;46.34;52.78;0.06;0.0;0;0;0;-223.72;0.05;0.01;0.0;0.44
2020;265;366;beauce_5_sa_000;orgeh;orgeH_tousSols_nonirr_organique;2.57;0.0;19.41;-49.79;3.0;53.12;16.82;0.0;0.0;0;1.5;0;-80.46;0.0;0.0;0.0;2.57
2020;1;207;beauce_5_sa_001;orgeh;orgeH_tousSols_nonirr_organique;3.49;0.0;53.15;0.0;83.86;62.35;28.06;0.08;0.0;0;44.66;0;-592.64;0.05;0.03;0.0;3.49
2020;208;302;beauce_5_sa_001;solnu;;1.47;0.0;41.31;-43.86;0.0;28.06;23.96;0.07;0.01;0;0;0;-392.18;0.05;0.02;0.0;1.47
2020;303;366;beauce_5_sa_001;orgeh;orgeH_tousSols_nonirr_organique;1.97;0.0;9.14;-9.33;0.0;23.76;21.8;0.0;0.0;0;0.0;0;-35.45;0.0;0.0;0.0;1.97
2020;1;215;beauce_5_sa_002;orgeh;orgeH_tousSols_nonirr_organique;3.44;0.0;56.7;0.0;82.67;61.13;31.64;0.08;0.0;0;44.68;0;-629.68;0.05;0.03;0.0;3.44
2020;216;299;beauce_5_sa_002;solnu;;1.5;0.0;37.41;-14.89;0.0;31.64;52.58;0.08;0.0;0;0;0;-363.41;0.07;0.02;0.0;1.5
2020;300;366;beauce_5_sa_002;orgeh;orgeH_tousSols_nonirr_organique;2.05;0.0;9.75;-37.52;0.0;52.81;22.76;0.0;0.0;0;0.0;0;-46.92;0.0;0.0;0.0;2.05
2020;1;181;beauce_5_sa_003;orgeh;orgeH_tousSols_nonirr_organique;3.58;0.0;41.61;0.0;80.85;64.48;20.46;0.07;0.0;0;42.09;0;-461.4;0.05;0.02;0.0;3.58
2020;182;313;beauce_5_sa_003;solnu;;1.6;0.0;54.85;-46.64;0.0;20.46;27.11;0.09;0.01;0;0;0;-529.19;0.07;0.02;0.0;1.6
2020;314;366;beauce_5_sa_003;orgeh;orgeH_tousSols_nonirr_organique;2.23;0.0;7.08;-7.14;0.0;27.05;24.82;0.0;0.0;0;0.0;0;-27.38;0.0;0.0;0.0;2.23
2020;1;190;beauce_5_sa_004;orgeh;orgeH_tousSols_nonirr_organique;3.56;0.0;46.6;0.0;84.56;63.49;21.89;0.07;0.0;0;44.44;0;-519.03;0.05;0.03;0.0;3.56
2020;191;308;beauce_5_sa_004;solnu;;1.49;0.0;49.15;-24.46;0.0;21.89;45.01;0.08;0.0;0;0;0;-474.13;0.06;0.02;0.0;1.49
2020;309;366;beauce_5_sa_004;orgeh;orgeH_tousSols_nonirr_organique;2.08;0.0;7.92;-27.72;0.0;43.78;23.12;0.0;0.0;0;0.0;0;-36.93;0.0;0.0;0.0;2.08
2020;1;199;beauce_5_sa_005;orgeh;orgeH_tousSols_nonirr_organique;2.74;0.0;51.88;0.0;65.48;45.51;29.11;0.06;0.0;0;43.89;0;-577.95;0.03;0.03;0.0;2.74
2020;200;281;beauce_5_sa_005;solnu;;0.92;0.0;40.37;-52.28;0.0;29.11;16.24;0.03;0.0;0;0;0;-314.6;0.03;0.0;0.0;0.92
2020;282;366;beauce_5_sa_005;orgeh;orgeH_tousSols_nonirr_organique;1.75;0.0;13.9;-1.95;7.63;16.29;18.8;0.01;0.0;0;3.82;0;-36.94;0.0;0.01;0.0;1.75
2020;1;211;beauce_5_sa_006;orgeh;orgeH_tousSols_nonirr_organique;2.3;0.0;57.51;0.0;58.75;39.16;35.55;0.06;0.0;0;43.69;0;-639.97;0.03;0.03;0.0;2.3
2020;212;274;beauce_5_sa_006;solnu;;1.0;0.0;34.22;-52.96;0.0;35.55;15.77;0.05;0.0;0;0;0;-277.27;0.05;0.0;0.0;1.0
2020;275;366;beauce_5_sa_006;orgeh;orgeH_tousSols_nonirr_organique;1.75;0.0;15.9;-7.05;5.16;15.77;17.71;0.01;0.0;0;2.58;0;-44.85;0.0;0.01;0.0;1.75
2020;1;175;beauce_5_sa_007;orgeh;orgeH_tousSols_nonirr_organique;2.96;0.0;39.64;0.0;68.15;48.89;16.11;0.06;0.0;0;43.54;0;-433.77;0.04;0.02;0.0;2.96
2020;176;286;beauce_5_sa_007;solnu;;0.94;0.0;53.27;-13.64;0.0;16.11;54.83;0.09;0.0;0;0;0;-527.35;0.06;0.03;0.0;0.94
2020;287;366;beauce_5_sa_007;orgeh;orgeH_tousSols_nonirr_organique;2.37;0.0;12.44;-39.75;4.19;55.08;20.95;0.01;0.0;0;2.09;0;-61.47;0.01;0.0;0.0;2.37
2020;1;214;beauce_5_sa_008;orgeh;orgeH_tousSols_nonirr_organique;2.74;0.0;58.02;0.0;65.62;45.69;35.29;0.07;0.0;0;43.84;0;-645.28;0.03;0.03;0.0;2.74
2020;215;281;beauce_5_sa_008;solnu;;0.97;0.0;34.4;-52.15;0.0;35.29;16.54;0.04;0.0;0;0;0;-277.26;0.04;0.0;0.0;0.97
2020;282;366;beauce_5_sa_008;orgeh;orgeH_tousSols_nonirr_organique;1.79;0.0;13.88;-7.71;3.33;16.54;17.57;0.0;0.0;0;1.66;0;-36.5;0.0;0.0;0.0;1.79
2020;1;212;beauce_5_sa_009;orgeh;orgeH_tousSols_nonirr_organique;2.08;0.0;58.88;0.0;56.59;36.54;36.69;0.06;0.0;0;43.87;0;-653.72;0.03;0.04;0.0;2.08
2020;213;271;beauce_5_sa_009;solnu;;0.58;0.0;32.65;-52.68;0.0;36.69;16.0;0.07;0.0;0;0;0;-279.76;0.06;0.0;0.0;0.58
2020;272;366;beauce_5_sa_009;orgeh;orgeH_tousSols_nonirr_organique;2.18;0.0;16.99;-9.26;4.23;15.98;17.3;0.01;0.0;0;2.12;0;-48.88;0.0;0.01;0.0;2.18
2020;1;173;beauce_5_sa_010;orgeh;orgeH_tousSols_nonirr_organique;2.73;0.0;38.14;0.0;65.19;45.11;15.28;0.05;0.0;0;43.95;0;-424.53;0.03;0.02;0.0;2.73
2020;174;281;beauce_5_sa_010;solnu;;0.89;0.0;53.65;-29.73;0.0;15.28;38.21;0.09;0.0;0;0;0;-521.93;0.07;0.02;0.0;0.89
2020;282;366;beauce_5_sa_010;orgeh;orgeH_tousSols_nonirr_organique;2.26;0.0;13.86;-30.99;0.0;35.7;18.82;0.0;0.0;0;0.0;0;-56.23;0.0;0.0;0.0;2.26
2020;1;212;beauce_5_sa_011;orgeh;orgeH_tousSols_nonirr_organique;3.53;0.0;54.99;0.0;84.45;62.89;29.82;0.08;0.0;0;44.68;0;-611.3;0.05;0.03;0.0;3.53
2020;213;304;beauce_5_sa_011;solnu;;1.52;0.0;39.99;-14.61;0.0;29.82;53.6;0.08;0.01;0;0;0;-387.21;0.06;0.02;0.0;1.52
2020;305;366;beauce_5_sa_011;orgeh;orgeH_tousSols_nonirr_organique;2.06;0.0;8.71;-37.32;0.0;53.81;22.92;0.0;0.0;0;0.0;0;-43.07;0.0;0.0;0.0;2.06
2020;1;208;beauce_5_sa_012;orgeh;orgeH_tousSols_nonirr_organique;2.1;0.0;56.67;0.0;54.98;35.38;34.91;0.06;0.0;0;43.71;0;-631.96;0.02;0.03;0.0;2.1
2020;209;272;beauce_5_sa_012;solnu;;0.44;0.0;34.31;-15.31;0.0;34.91;53.39;0.08;0.0;0;0;0;-332.36;0.06;0.01;0.0;0.44
2020;273;366;beauce_5_sa_012;orgeh;orgeH_tousSols_nonirr_organique;2.63;0.0;16.66;-44.9;4.17;53.3;18.32;0.03;0.0;0;2.09;0;-74.92;0.03;0.0;0.0;2.63
2020;1;195;beauce_5_sa_013;orgeh;orgeH_tousSols_nonirr_organique;3.07;0.0;49.66;0.0;71.9;51.56;26.18;0.07;0.0;0;44.08;0;-552.33;0.04;0.03;0.0;3.07
2020;196;289;beauce_5_sa_013;solnu;;0.96;0.0;43.34;-14.34;0.0;26.18;54.14;0.08;0.0;0;0;0;-419.95;0.06;0.02;0.0;0.96
2020;290;366;beauce_5_sa_013;orgeh;orgeH_tousSols_nonirr_organique;2.41;0.0;11.88;-39.16;2.94;54.34;21.49;0.01;0.0;0;1.47;0;-57.89;0.01;0.0;0.0;2.41
2020;1;183;beauce_5_sa_014;orgeh;orgeH_tousSols_nonirr_organique;3.55;0.0;43.54;0.0;81.65;63.73;20.74;0.07;0.0;0;42.86;0;-472.68;0.05;0.03;0.0;3.55
2020;184;310;beauce_5_sa_014;solnu;;1.55;0.0;52.67;-32.15;0.0;20.74;39.77;0.09;0.01;0;0;0;-521.32;0.07;0.02;0.0;1.55
2020;311;366;beauce_5_sa_014;orgeh;orgeH_tousSols_nonirr_organique;2.17;0.0;7.56;-21.06;0.0;36.82;24.09;0.0;0.0;0;0.0;0;-33.89;0.0;0.0;0.0;2.17
2020;1;196;beauce_5_sa_015;orgeh;orgeH_tousSols_nonirr_organique;1.67;0.0;53.98;0.0;37.75;18.67;33.19;0.04;0.0;0;43.45;0;-598.66;0.01;0.03;0.0;1.67
2020;197;259;beauce_5_sa_015;solnu;;0.5;0.0;35.67;-30.98;0.0;33.19;37.28;0.1;0.0;0;0;0;-348.51;0.08;0.01;0.0;0.5
2020;260;366;beauce_5_sa_015;orgeh;orgeH_tousSols_nonirr_organique;1.87;0.0;21.11;-33.33;7.18;33.95;16.0;0.01;0.0;0;3.59;0;-74.02;0.0;0.01;0.0;1.87
2020;1;203;beauce_5_sa_016;orgeh;orgeH_tousSols_nonirr_organique;3.04;0.0;52.47;0.0;71.33;50.49;28.53;0.07;0.0;0;44.33;0;-585.43;0.04;0.03;0.0;3.04
2020;204;288;beauce_5_sa_016;solnu;;0.94;0.0;40.28;-14.66;0.0;28.53;53.13;0.08;0.0;0;0;0;-389.16;0.06;0.02;0.0;0.94
2020;289;366;beauce_5_sa_016;orgeh;orgeH_tousSols_nonirr_organique;2.36;0.0;12.06;-38.89;2.97;53.33;20.95;0.01;0.0;0;1.49;0;-57.38;0.01;0.0;0.0;2.36
2020;1;183;beauce_5_sa_017;orgeh;orgeH_tousSols_nonirr_organique;1.88;0.0;45.66;0.0;52.99;32.46;23.19;0.05;0.0;0;44.13;0;-493.17;0.02;0.03;0.0;1.88
2020;184;268;beauce_5_sa_017;solnu;;0.49;0.0;44.58;-53.52;0.0;23.19;13.7;0.06;0.0;0;0;0;-400.86;0.05;0.01;0.0;0.49
2020;269;366;beauce_5_sa_017;orgeh;orgeH_tousSols_nonirr_organique;1.89;0.0;18.31;-6.11;7.05;13.71;16.95;0.01;0.0;0;3.52;0;-57.53;0.0;0.01;0.0;1.89
2020;1;183;beauce_5_sa_018;orgeh;orgeH_tousSols_nonirr_organique;2.44;0.0;44.83;0.0;60.45;40.7;22.58;0.05;0.0;0;43.78;0;-485.02;0.03;0.03;0.0;2.44
2020;184;276;beauce_5_sa_018;solnu;;0.85;0.0;46.61;-14.06;0.0;22.58;54.18;0.09;0.0;0;0;0;-465.13;0.07;0.02;0.0;0.85
2020;277;366;beauce_5_sa_018;orgeh;orgeH_tousSols_nonirr_organique;2.23;0.0;15.29;-44.56;4.23;54.64;18.45;0.01;0.0;0;2.11;0;-72.68;0.01;0.0;0.0;2.23
2020;1;215;beauce_5_sa_019;orgeh;orgeH_tousSols_nonirr_organique;1.84;0.0;61.87;0.0;50.48;30.95;40.44;0.06;0.0;0;43.62;0;-686.02;0.02;0.04;0.0;1.84
2020;216;267;beauce_5_sa_019;solnu;;0.66;0.0;29.41;-55.84;0.0;40.44;13.31;0.04;0.0;0;0;0;-217.93;0.04;0.0;0.0;0.66
2020;268;366;beauce_5_sa_019;orgeh;orgeH_tousSols_nonirr_organique;1.85;0.0;18.48;-1.14;11.26;13.36;17.53;0.02;0.0;0;5.63;0;-54.76;0.01;0.01;0.0;1.85
2020;1;190;beauce_5_sa_020;orgeh;orgeH_tousSols_nonirr_organique;1.73;0.0;49.74;0.0;46.68;27.05;28.32;0.05;0.0;0;43.71;0;-553.22;0.02;0.03;0.0;1.73
2020;191;265;beauce_5_sa_020;solnu;;0.51;0.0;40.37;-14.75;0.0;28.32;53.35;0.09;0.0;0;0;0;-391.02;0.07;0.02;0.0;0.51
2020;266;366;beauce_5_sa_020;orgeh;orgeH_tousSols_nonirr_organique;2.02;0.0;19.07;-50.48;6.0;53.71;13.9;0.01;0.0;0;3.0;0;-83.73;0.01;0.0;0.0;2.02
2020;1;223;beauce_5_sa_021;orgeh;orgeH_tousSols_nonirr_organique;3.3;0.0;61.55;0.0;77.47;57.08;37.78;0.09;0.0;0;44.09;0;-685.19;0.05;0.04;0.0;3.3
2020;224;293;beauce_5_sa_021;solnu;;1.32;0.0;32.02;-49.77;0.0;37.78;18.67;0.04;0.0;0;0;0;-281.48;0.04;0.01;0.0;1.32
2020;294;366;beauce_5_sa_021;orgeh;orgeH_tousSols_nonirr_organique;1.73;0.0;11.1;-11.06;0.0;18.47;16.97;0.0;0.0;0;0.0;0;-31.1;0.0;0.0;0.0;1.73
2020;1;197;beauce_5_sa_022;orgeh;orgeH_tousSols_nonirr_organique;2.71;0.0;51.2;0.0;65.02;45.0;28.4;0.06;0.0;0;43.9;0;-570.42;0.03;0.03;0.0;2.71
2020;198;280;beauce_5_sa_022;solnu;;0.95;0.0;40.98;-52.46;0.0;28.4;15.91;0.05;0.0;0;0;0;-360.61;0.04;0.01;0.0;0.95
2020;281;366;beauce_5_sa_022;orgeh;orgeH_tousSols_nonirr_organique;1.72;0.0;14.14;-11.59;0.78;15.91;15.96;0.0;0.0;0;0.39;0;-41.73;0.0;0.0;0.0;1.72
2020;1;225;beauce_5_sa_023;orgeh;orgeH_tousSols_nonirr_organique;3.63;0.0;61.24;0.0;86.65;65.12;35.99;0.09;0.0;0;44.67;0;-682.1;0.05;0.04;0.0;3.63
2020;226;316;beauce_5_sa_023;solnu;;1.56;0.0;35.63;-14.98;0.0;35.99;54.99;0.09;0.0;0;0;0;-344.19;0.07;0.01;0.0;1.56
2020;317;366;beauce_5_sa_023;orgeh;orgeH_tousSols_nonirr_organique;2.11;0.0;6.56;-35.91;0.0;55.1;23.52;0.0;0.0;0;0.0;0;-33.04;0.0;0.0;0.0;2.11
2020;1;218;beauce_5_sa_024;orgeh;orgeH_tousSols_nonirr_organique;3.12;0.0;59.26;0.0;73.12;53.33;36.28;0.07;0.0;0;43.8;0;-657.32;0.04;0.04;0.0;3.12
2020;219;290;beauce_5_sa_024;solnu;;1.02;0.0;34.0;-51.28;0.0;36.28;17.92;0.05;0.0;0;0;0;-299.73;0.04;0.01;0.0;1.02
2020;291;366;beauce_5_sa_024;orgeh;orgeH_tousSols_nonirr_organique;1.87;0.0;11.73;-11.27;0.0;17.92;16.51;0.0;0.0;0;0.0;0;-32.52;0.0;0.0;0.0;1.87
2020;1;193;beauce_5_sa_025;orgeh;orgeH_tousSols_nonirr_organique;1.8;0.0;51.42;0.0;48.47;29.55;30.65;0.05;0.0;0;43.34;0;-567.63;0.02;0.03;0.0;1.8
2020;194;266;beauce_5_sa_025;solnu;;0.55;0.0;39.07;-48.73;0.0;30.65;20.36;0.09;0.0;0;0;0;-377.83;0.07;0.01;0.0;0.55
2020;267;366;beauce_5_sa_025;orgeh;orgeH_tousSols_nonirr_organique;1.97;0.0;18.85;-15.58;4.97;18.28;16.67;0.01;0.0;0;2.49;0;-60.72;0.0;0.01;0.0;1.97
2020;1;191;beauce_5_sa_026;orgeh;orgeH_tousSols_nonirr_organique;3.58;0.0;46.89;0.0;85.48;64.48;22.24;0.08;0.0;0;44.4;0;-522.04;0.05;0.03;0.0;3.58
2020;192;313;beauce_5_sa_026;solnu;;1.5;0.0;49.44;-13.57;0.0;22.24;56.51;0.09;0.0;0;0;0;-478.28;0.06;0.02;0.0;1.5
2020;314;366;beauce_5_sa_026;orgeh;orgeH_tousSols_nonirr_organique;2.09;0.0;7.07;-38.18;0.0;56.72;23.3;0.0;0.0;0;0.0;0;-37.03;0.0;0.0;0.0;2.09
2020;1;230;beauce_5_sa_027;orgeh;orgeH_tousSols_nonirr_organique;3.65;0.0;64.42;0.0;86.64;65.48;39.52;0.1;0.0;0;44.48;0;-715.66;0.06;0.04;0.0;3.65
2020;231;317;beauce_5_sa_027;solnu;;1.61;0.0;32.56;-15.26;0.0;39.52;55.11;0.09;0.0;0;0;0;-317.05;0.08;0.01;0.0;1.61
2020;318;366;beauce_5_sa_027;orgeh;orgeH_tousSols_nonirr_organique;2.16;0.0;6.46;-35.41;0.0;55.22;24.01;0.0;0.0;0;0.0;0;-32.56;0.0;0.0;0.0;2.16
2020;1;205;beauce_5_sa_028;orgeh;orgeH_tousSols_nonirr_organique;3.59;0.0;52.17;0.0;85.45;64.29;27.34;0.08;0.0;0;44.48;0;-580.77;0.05;0.03;0.0;3.59
2020;206;312;beauce_5_sa_028;solnu;;1.51;0.0;44.03;-48.33;0.0;27.34;21.47;0.05;0.01;0;0;0;-387.89;0.04;0.01;0.0;1.51
2020;313;366;beauce_5_sa_028;orgeh;orgeH_tousSols_nonirr_organique;1.77;0.0;7.18;-6.96;0.0;21.47;19.91;0.0;0.0;0;0.0;0;-20.96;0.0;0.0;0.0;1.77
2020;1;191;beauce_5_sa_029;orgeh;orgeH_tousSols_nonirr_organique;2.87;0.0;48.04;0.0;67.2;47.27;25.18;0.06;0.0;0;43.87;0;-534.51;0.03;0.03;0.0;2.87
2020;192;283;beauce_5_sa_029;solnu;;0.94;0.0;44.11;-14.29;0.0;25.18;53.98;0.09;0.0;0;0;0;-426.8;0.07;0.02;0.0;0.94
2020;284;366;beauce_5_sa_029;orgeh;orgeH_tousSols_nonirr_organique;2.34;0.0;13.34;-40.4;4.39;54.39;20.18;0.01;0.0;0;2.19;0;-66.83;0.01;0.0;0.0;2.34
2020;1;174;beauce_5_sa_030;orgeh;orgeH_tousSols_nonirr_organique;3.12;0.0;38.55;0.0;69.6;53.32;17.88;0.06;0.0;0;42.04;0;-425.68;0.04;0.02;0.0;3.12
2020;175;290;beauce_5_sa_030;solnu;;1.04;0.0;54.66;-53.46;0.0;17.88;18.24;0.06;0.0;0;0;0;-501.03;0.04;0.02;0.0;1.04
2020;291;366;beauce_5_sa_030;orgeh;orgeH_tousSols_nonirr_organique;1.9;0.0;11.75;-9.97;0.24;18.24;17.87;0.0;0.0;0;0.12;0;-37.8;0.0;0.0;0.0;1.9
2020;1;227;beauce_5_sa_031;orgeh;orgeH_tousSols_nonirr_organique;2.68;0.0;68.82;0.0;52.3;32.11;45.82;0.12;0.01;0;43.95;0;-762.28;0.08;0.04;0.0;2.68
2020;228;268;beauce_5_sa_031;solnu;;0.44;0.0;22.59;-51.19;0.0;45.82;16.75;0.02;0.0;0;0;0;-167.02;0.02;0.0;0.0;0.44
2020;269;366;beauce_5_sa_031;orgeh;orgeH_tousSols_nonirr_organique;2.28;0.0;18.23;-7.88;6.66;16.79;18.16;0.01;0.0;0;3.33;0;-52.57;0.0;0.01;0.0;2.28
2020;1;228;beauce_5_sa_032;orgeh;orgeH_tousSols_nonirr_organique;2.57;0.0;67.39;0.0;57.54;37.61;44.78;0.1;0.0;0;43.87;0;-749.6;0.06;0.04;0.0;2.57
2020;229;274;beauce_5_sa_032;solnu;;1.0;0.0;24.37;-15.77;0.0;44.78;52.29;0.08;0.0;0;0;0;-239.36;0.07;0.01;0.0;1.0
2020;275;366;beauce_5_sa_032;orgeh;orgeH_tousSols_nonirr_organique;2.44;0.0;15.8;-42.7;2.73;52.58;20.21;0.0;0.0;0;1.36;0;-69.5;0.0;0.0;0.0;2.44
2020;1;206;beauce_5_sa_033;orgeh;orgeH_tousSols_nonirr_organique;3.59;0.0;52.62;0.0;85.45;64.29;27.79;0.08;0.0;0;44.48;0;-585.31;0.05;0.03;0.0;3.59
2020;207;312;beauce_5_sa_033;solnu;;1.51;0.0;43.58;-48.33;0.0;27.79;21.47;0.05;0.01;0;0;0;-384.05;0.04;0.01;0.0;1.51
2020;313;366;beauce_5_sa_033;orgeh;orgeH_tousSols_nonirr_organique;1.77;0.0;7.18;-6.95;0.0;21.47;19.92;0.0;0.0;0;0.0;0;-20.87;0.0;0.0;0.0;1.77
2020;1;224;beauce_5_sa_034;orgeh;orgeH_tousSols_nonirr_organique;3.07;0.0;62.43;0.0;72.04;51.69;38.91;0.09;0.0;0;44.08;0;-695.47;0.05;0.04;0.0;3.07
2020;225;289;beauce_5_sa_034;solnu;;1.05;0.0;30.78;-50.35;0.0;38.91;18.25;0.05;0.0;0;0;0;-274.11;0.04;0.01;0.0;1.05
2020;290;366;beauce_5_sa_034;orgeh;orgeH_tousSols_nonirr_organique;1.91;0.0;11.9;-11.79;0.0;18.25;16.46;0.0;0.0;0;0.0;0;-34.1;0.0;0.0;0.0;1.91
2020;1;228;beauce_5_sa_035;orgeh;orgeH_tousSols_nonirr_organique;3.62;0.0;63.28;0.0;85.91;64.81;38.47;0.09;0.0;0;44.45;0;-703.56;0.06;0.04;0.0;3.62
2020;229;314;beauce_5_sa_035;solnu;;1.6;0.0;33.38;-44.31;0.0;38.47;25.85;0.08;0.0;0;0;0;-315.82;0.07;0.01;0.0;1.6
2020;315;366;beauce_5_sa_035;orgeh;orgeH_tousSols_nonirr_organique;2.13;0.0;6.87;-6.87;0.0;25.89;23.72;0.0;0.0;0;0.0;0;-25.29;0.0;0.0;0.0;2.13
2020;1;178;beauce_5_sa_036;orgeh;orgeH_tousSols_nonirr_organique;3.43;0.0;40.33;0.0;76.87;60.66;19.57;0.07;0.0;0;42.0;0;-447.96;0.05;0.02;0.0;3.43
2020;179;298;beauce_5_sa_036;solnu;;1.56;0.0;53.87;-51.79;0.0;19.57;20.4;0.06;0.0;0;0;0;-494.9;0.04;0.02;0.0;1.56
2020;299;366;beauce_5_sa_036;orgeh;orgeH_tousSols_nonirr_organique;1.69;0.0;10.0;-9.88;0.0;20.4;18.84;0.0;0.0;0;0.0;0;-33.44;0.0;0.0;0.0;1.69
2020;1;229;beauce_5_sa_037;orgeh;orgeH_tousSols_nonirr_organique;2.41;0.0;71.44;0.0;41.67;22.19;49.38;0.14;0.02;0;43.65;0;-793.89;0.1;0.04;0.0;2.41
2020;230;262;beauce_5_sa_037;solnu;;0.46;0.0;19.44;-15.45;0.0;49.38;52.86;0.06;0.0;0;0;0;-196.27;0.06;0.0;0.0;0.46
2020;263;366;beauce_5_sa_037;orgeh;orgeH_tousSols_nonirr_organique;2.62;0.0;20.05;-50.36;3.0;53.06;16.92;0.0;0.0;0;1.5;0;-80.89;0.0;0.0;0.0;2.62
2020;1;216;beauce_5_sa_038;orgeh;orgeH_tousSols_nonirr_organique;2.88;0.0;58.64;0.0;68.66;47.62;34.65;0.07;0.0;0;44.42;0;-652.73;0.03;0.04;0.0;2.88
2020;217;284;beauce_5_sa_038;solnu;;0.97;0.0;33.96;-50.76;0.0;34.65;16.83;0.05;0.0;0;0;0;-307.83;0.05;0.01;0.0;0.97
2020;285;366;beauce_5_sa_038;orgeh;orgeH_tousSols_nonirr_organique;1.78;0.0;12.99;-12.77;0.0;16.83;15.26;0.0;0.0;0;0.0;0;-38.31;0.0;0.0;0.0;1.78
2020;1;180;beauce_5_sa_039;orgeh;orgeH_tousSols_nonirr_organique;3.44;0.0;41.27;0.0;78.58;60.67;19.86;0.07;0.0;0;42.86;0;-457.75;0.04;0.02;0.0;3.44
2020;181;298;beauce_5_sa_039;solnu;;1.52;0.0;52.52;-13.65;0.0;19.86;57.1;0.09;0.0;0;0;0;-512.07;0.07;0.02;0.0;1.52
2020;299;366;beauce_5_sa_039;orgeh;orgeH_tousSols_nonirr_organique;2.16;0.0;9.97;-40.87;0.0;57.33;24.03;0.0;0.0;0;0.0;0;-51.15;0.0;0.0;0.0;2.16
2020;1;197;beauce_5_sa_040;orgeh;orgeH_tousSols_nonirr_organique;3.6;0.0;49.55;0.0;85.45;64.29;24.71;0.08;0.0;0;44.48;0;-552.38;0.05;0.03;0.0;3.6
2020;198;312;beauce_5_sa_040;solnu;;1.5;0.0;46.73;-13.85;0.0;24.71;56.01;0.08;0.01;0;0;0;-450.68;0.06;0.02;0.0;1.5
2020;313;366;beauce_5_sa_040;orgeh;orgeH_tousSols_nonirr_organique;2.08;0.0;7.15;-37.95;0.0;56.11;23.13;0.0;0.0;0;0.0;0;-36.64;0.0;0.0;0.0;2.08
2020;1;220;beauce_5_sa_041;orgeh;orgeH_tousSols_nonirr_organique;3.4;0.0;59.38;0.0;78.77;59.49;36.63;0.08;0.0;0;43.54;0;-662.49;0.04;0.04;0.0;3.4
2020;221;296;beauce_5_sa_041;solnu;;1.6;0.0;34.42;-35.23;0.0;36.63;34.14;0.09;0.0;0;0;0;-331.59;0.07;0.01;0.0;1.6
2020;297;366;beauce_5_sa_041;orgeh;orgeH_tousSols_nonirr_organique;2.05;0.0;10.42;-19.75;0.0;31.85;22.76;0.0;0.0;0;0.0;0;-40.64;0.0;0.0;0.0;2.05
2020;1;219;beauce_5_sa_042;orgeh;orgeH_tousSols_nonirr_organique;1.99;0.0;63.49;0.0;53.26;33.88;42.07;0.06;0.0;0;43.54;0;-706.26;0.02;0.04;0.0;1.99
2020;220;270;beauce_5_sa_042;solnu;;0.72;0.0;27.93;-53.17;0.0;42.07;16.05;0.05;0.01;0;0;0;-209.46;0.05;0.0;0.0;0.72
2020;271;366;beauce_5_sa_042;orgeh;orgeH_tousSols_nonirr_organique;2.17;0.0;17.46;-4.98;7.93;16.14;18.42;0.01;0.0;0;3.96;0;-49.74;0.0;0.01;0.0;2.17
2020;1;231;beauce_5_sa_043;orgeh;orgeH_tousSols_nonirr_organique;2.61;0.0;69.94;0.0;54.41;34.41;47.21;0.12;0.01;0;43.88;0;-780.4;0.08;0.04;0.0;2.61
2020;232;271;beauce_5_sa_043;solnu;;0.45;0.0;21.68;-15.67;0.0;47.21;52.7;0.06;0.0;0;0;0;-212.61;0.05;0.01;0.0;0.45
2020;272;366;beauce_5_sa_043;orgeh;orgeH_tousSols_nonirr_organique;3.0;0.0;16.9;-44.25;1.5;52.97;20.82;0.02;0.0;0;0.75;0;-72.05;0.02;0.0;0.0;3.0
2020;1;226;beauce_5_sa_044;orgeh;orgeH_tousSols_nonirr_organique;2.74;0.0;67.71;0.0;52.67;33.0;45.16;0.12;0.01;0;43.69;0;-752.51;0.08;0.04;0.0;2.74
2020;227;269;beauce_5_sa_044;solnu;;0.44;0.0;23.84;-51.66;0.0;45.16;16.87;0.01;0.0;0;0;0;-174.14;0.01;0.0;0.0;0.44
2020;270;366;beauce_5_sa_044;orgeh;orgeH_tousSols_nonirr_organique;2.29;0.0;17.82;-7.89;6.34;16.9;18.18;0.01;0.0;0;3.17;0;-52.65;0.0;0.01;0.0;2.29
2020;1;170;beauce_5_sa_045;orgeh;orgeH_tousSols_nonirr_organique;3.42;0.0;35.66;0.0;71.0;60.21;21.38;0.07;0.0;0;39.3;0;-395.15;0.04;0.02;0.0;3.42
2020;171;297;beauce_5_sa_045;solnu;;1.78;0.0;58.91;-13.1;0.0;21.38;65.3;0.12;0.0;0;0;0;-577.0;0.09;0.03;0.0;1.78
2020;298;366;beauce_5_sa_045;orgeh;orgeH_tousSols_nonirr_organique;2.45;0.0;10.21;-45.04;0.63;65.56;27.38;0.01;0.0;0;0.31;0;-52.66;0.0;0.0;0.0;2.45
2020;1;220;beauce_5_sa_046;orgeh;orgeH_tousSols_nonirr_organique;1.98;0.0;63.89;0.0;53.72;33.79;41.9;0.06;0.0;0;43.84;0;-712.14;0.03;0.04;0.0;1.98
2020;221;270;beauce_5_sa_046;solnu;;0.74;0.0;27.48;-42.41;0.0;41.9;26.13;0.09;0.01;0;0;0;-265.71;0.08;0.01;0.0;0.74
2020;271;366;beauce_5_sa_046;orgeh;orgeH_tousSols_nonirr_organique;2.33;0.0;17.38;-24.79;0.0;22.82;16.38;0.0;0.0;0;0.0;0;-55.82;0.0;0.0;0.0;2.33
2020;1;179;beauce_5_sa_047;orgeh;orgeH_tousSols_nonirr_organique;3.65;0.0;40.6;0.0;80.53;65.48;21.82;0.07;0.0;0;41.43;0;-450.87;0.05;0.02;0.0;3.65
2020;180;318;beauce_5_sa_047;solnu;;1.64;0.0;56.32;-48.39;0.0;21.82;28.01;0.1;0.0;0;0;0;-539.94;0.07;0.03;0.0;1.64
2020;319;366;beauce_5_sa_047;orgeh;orgeH_tousSols_nonirr_organique;2.31;0.0;6.39;-6.36;0.0;28.02;25.72;0.0;0.0;0;0.0;0;-24.47;0.0;0.0;0.0;2.31
2020;1;195;beauce_5_sa_048;orgeh;orgeH_tousSols_nonirr_organique;3.52;0.0;48.83;0.0;84.93;63.3;23.6;0.08;0.0;0;44.72;0;-543.34;0.05;0.03;0.0;3.52
2020;196;307;beauce_5_sa_048;solnu;;1.47;0.0;46.58;-44.09;0.0;23.6;24.54;0.07;0.01;0;0;0;-441.98;0.06;0.02;0.0;1.47
2020;308;366;beauce_5_sa_048;orgeh;orgeH_tousSols_nonirr_organique;2.03;0.0;8.14;-8.19;0.0;24.5;22.47;0.0;0.0;0;0.0;0;-32.05;0.0;0.0;0.0;2.03
2020;1;219;beauce_5_sa_049;orgeh;orgeH_tousSols_nonirr_organique;1.76;0.0;65.17;0.0;46.59;27.42;44.18;0.07;0.0;0;43.47;0;-724.99;0.03;0.04;0.0;1.76
2020;220;264;beauce_5_sa_049;solnu;;0.72;0.0;25.88;-52.46;0.0;44.18;16.79;0.08;0.01;0;0;0;-209.31;0.08;0.0;0.0;0.72
2020;265;366;beauce_5_sa_049;orgeh;orgeH_tousSols_nonirr_organique;2.31;0.0;19.58;-7.95;7.05;16.79;19.05;0.01;0.0;0;3.52;0;-58.2;0.0;0.01;0.0;2.31
2020;1;183;beauce_5_sa_050;orgeh;orgeH_tousSols_nonirr_organique;1.95;0.0;45.41;0.0;51.95;32.26;23.72;0.05;0.0;0;43.73;0;-490.68;0.02;0.03;0.0;1.95
2020;184;270;beauce_5_sa_050;solnu;;0.46;0.0;44.98;-14.26;0.0;23.72;53.9;0.08;0.0;0;0;0;-449.33;0.06;0.02;0.0;0.46
2020;271;366;beauce_5_sa_050;orgeh;orgeH_tousSols_nonirr_organique;2.4;0.0;17.39;-48.05;4.17;54.38;16.65;0.03;0.0;0;2.08;0;-80.9;0.02;0.0;0.0;2.4
2020;1;200;beauce_5_sa_051;orgeh;orgeH_tousSols_nonirr_organique;1.67;0.0;55.48;0.0;39.56;20.41;34.6;0.04;0.0;0;43.54;0;-616.61;0.01;0.03;0.0;1.67
2020;201;261;beauce_5_sa_051;solnu;;0.52;0.0;34.37;-15.33;0.0;34.6;53.03;0.1;0.0;0;0;0;-335.41;0.08;0.01;0.0;0.52
2020;262;366;beauce_5_sa_051;orgeh;orgeH_tousSols_nonirr_organique;1.88;0.0;20.43;-51.77;6.43;53.42;13.37;0.0;0.0;0;3.22;0;-83.91;0.0;0.0;0.0;1.88
2020;1;178;beauce_5_sa_052;orgeh;orgeH_tousSols_nonirr_organique;2.89;0.0;40.71;0.0;68.75;47.8;16.82;0.06;0.0;0;44.36;0;-452.01;0.03;0.02;0.0;2.89
2020;179;284;beauce_5_sa_052;solnu;;0.95;0.0;51.94;-51.55;0.0;16.82;16.21;0.04;0.0;0;0;0;-449.2;0.03;0.01;0.0;0.95
2020;285;366;beauce_5_sa_052;orgeh;orgeH_tousSols_nonirr_organique;1.73;0.0;13.04;-6.6;3.49;16.26;17.43;0.0;0.0;0;1.75;0;-38.06;0.0;0.0;0.0;1.73
2020;1;187;beauce_5_sa_053;orgeh;orgeH_tousSols_nonirr_organique;2.87;0.0;46.2;0.0;68.22;47.11;22.15;0.06;0.0;0;44.47;0;-514.37;0.03;0.03;0.0;2.87
2020;188;284;beauce_5_sa_053;solnu;;0.93;0.0;46.37;-14.03;0.0;22.15;53.47;0.08;0.01;0;0;0;-447.05;0.06;0.02;0.0;0.93
2020;285;366;beauce_5_sa_053;orgeh;orgeH_tousSols_nonirr_organique;2.31;0.0;12.96;-41.36;2.69;53.88;20.06;0.01;0.0;0;1.34;0;-65.23;0.01;0.0;0.0;2.31
2020;1;220;beauce_5_sa_054;orgeh;orgeH_tousSols_nonirr_organique;2.55;0.0;61.94;0.0;62.25;42.46;39.54;0.07;0.0;0;43.77;0;-690.74;0.03;0.04;0.0;2.55
2020;221;277;beauce_5_sa_054;solnu;;1.0;0.0;30.18;-52.23;0.0;39.54;16.44;0.04;0.0;0;0;0;-219.76;0.04;0.0;0.0;1.0
2020;278;366;beauce_5_sa_054;orgeh;orgeH_tousSols_nonirr_organique;1.8;0.0;14.92;-4.61;6.78;16.47;18.17;0.01;0.0;0;3.39;0;-39.64;0.0;0.01;0.0;1.8
2020;1;180;beauce_5_sa_055;orgeh;orgeH_tousSols_nonirr_organique;3.63;0.0;41.09;0.0;81.07;65.12;21.44;0.07;0.0;0;41.88;0;-455.83;0.05;0.02;0.0;3.63
2020;181;316;beauce_5_sa_055;solnu;;1.61;0.0;55.48;-13.26;0.0;21.44;61.94;0.1;0.0;0;0;0;-541.44;0.07;0.03;0.0;1.61
2020;317;366;beauce_5_sa_055;orgeh;orgeH_tousSols_nonirr_organique;2.3;0.0;6.58;-40.5;0.0;62.05;25.7;0.01;0.0;0;0.0;0;-35.27;0.01;0.0;0.0;2.3
2020;1;191;beauce_5_sa_056;orgeh;orgeH_tousSols_nonirr_organique;2.92;0.0;47.91;0.0;68.87;48.15;24.21;0.06;0.0;0;44.27;0;-533.14;0.03;0.03;0.0;2.92
2020;192;285;beauce_5_sa_056;solnu;;0.93;0.0;44.77;-14.2;0.0;24.21;53.76;0.08;0.0;0;0;0;-431.91;0.06;0.02;0.0;0.93
2020;286;366;beauce_5_sa_056;orgeh;orgeH_tousSols_nonirr_organique;2.33;0.0;12.59;-39.45;4.19;53.93;20.37;0.01;0.0;0;2.09;0;-62.52;0.01;0.0;0.0;2.33
2020;1;193;beauce_5_sa_057;orgeh;orgeH_tousSols_nonirr_organique;2.25;0.0;50.17;0.0;58.53;38.45;27.8;0.06;0.0;0;43.92;0;-554.29;0.03;0.03;0.0;2.25
2020;194;273;beauce_5_sa_057;solnu;;0.78;0.0;40.82;-54.97;0.0;27.8;12.85;0.02;0.0;0;0;0;-321.22;0.02;0.0;0.0;0.78
2020;274;366;beauce_5_sa_057;orgeh;orgeH_tousSols_nonirr_organique;1.45;0.0;16.44;0.58;10.98;13.03;17.41;0.02;0.0;0;5.49;0;-48.49;0.01;0.01;0.0;1.45
2020;1;187;beauce_5_sa_058;orgeh;orgeH_tousSols_nonirr_organique;3.56;0.0;45.31;0.0;85.14;63.74;20.27;0.07;0.0;0;44.61;0;-504.68;0.05;0.03;0.0;3.56
2020;188;310;beauce_5_sa_058;solnu;;1.49;0.0;50.78;-45.36;0.0;20.27;24.13;0.07;0.01;0;0;0;-478.92;0.05;0.02;0.0;1.49
2020;311;366;beauce_5_sa_058;orgeh;orgeH_tousSols_nonirr_organique;1.99;0.0;7.57;-7.64;0.0;24.05;22.06;0.0;0.0;0;0.0;0;-29.35;0.0;0.0;0.0;1.99
2020;1;181;beauce_5_sa_059;orgeh;orgeH_tousSols_nonirr_organique;1.81;0.0;43.44;0.0;49.36;29.19;21.42;0.04;0.0;0;43.97;0;-480.89;0.02;0.03;0.0;1.81
2020;182;267;beauce_5_sa_059;solnu;;0.45;0.0;46.2;-14.17;0.0;21.42;52.92;0.08;0.0;0;0;0;-449.53;0.06;0.02;0.0;0.45
2020;268;366;beauce_5_sa_059;orgeh;orgeH_tousSols_nonirr_organique;2.09;0.0;18.38;-50.24;4.5;53.15;14.45;0.02;0.0;0;2.25;0;-82.43;0.01;0.0;0.0;2.09
2020;1;198;beauce_5_sa_060;orgeh;orgeH_tousSols_nonirr_organique;2.97;0.0;51.03;0.0;69.6;49.29;27.68;0.07;0.0;0;44.07;0;-568.27;0.04;0.03;0.0;2.97
2020;199;286;beauce_5_sa_060;solnu;;0.96;0.0;41.69;-46.57;0.0;27.68;21.75;0.08;0.0;0;0;0;-396.85;0.06;0.02;0.0;0.96
2020;287;366;beauce_5_sa_060;orgeh;orgeH_tousSols_nonirr_organique;2.31;0.0;12.47;-12.48;0.0;21.51;19.43;0.0;0.0;0;0.0;0;-44.14;0.0;0.0;0.0;2.31
2020;1;219;beauce_5_sa_061;orgeh;orgeH_tousSols_nonirr_organique;2.08;0.0;63.2;0.0;56.05;36.49;41.5;0.06;0.0;0;43.63;0;-703.1;0.03;0.04;0.0;2.08
2020;220;271;beauce_5_sa_061;solnu;;0.64;0.0;28.49;-52.09;0.0;41.5;17.18;0.08;0.0;0;0;0;-244.88;0.08;0.0;0.0;0.64
2020;272;366;beauce_5_sa_061;orgeh;orgeH_tousSols_nonirr_organique;2.35;0.0;16.97;-10.54;3.44;17.14;17.81;0.0;0.0;0;1.72;0;-48.41;0.0;0.0;0.0;2.35
2020;1;218;beauce_5_sa_062;orgeh;orgeH_tousSols_nonirr_organique;2.92;0.0;59.8;0.0;68.87;48.15;36.09;0.07;0.0;0;44.27;0;-663.18;0.03;0.04;0.0;2.92
2020;219;285;beauce_5_sa_062;solnu;;0.98;0.0;33.02;-15.35;0.0;36.09;52.69;0.09;0.0;0;0;0;-322.13;0.07;0.01;0.0;0.98
2020;286;366;beauce_5_sa_062;orgeh;orgeH_tousSols_nonirr_organique;2.36;0.0;12.57;-39.57;2.69;52.85;20.63;0.01;0.0;0;1.34;0;-59.64;0.01;0.0;0.0;2.36
2020;1;201;beauce_5_sa_063;orgeh;orgeH_tousSols_nonirr_organique;2.26;0.0;53.43;0.0;57.54;37.61;31.18;0.06;0.0;0;43.87;0;-596.33;0.02;0.03;0.0;2.26
2020;202;274;beauce_5_sa_063;solnu;;0.85;0.0;37.77;-14.98;0.0;31.18;53.03;0.09;0.0;0;0;0;-362.61;0.08;0.02;0.0;0.85
2020;275;366;beauce_5_sa_063;orgeh;orgeH_tousSols_nonirr_organique;2.18;0.0;15.83;-44.21;4.23;53.36;18.23;0.01;0.0;0;2.11;0;-72.82;0.0;0.0;0.0;2.18
2020;1;210;beauce_5_sa_064;orgeh;orgeH_tousSols_nonirr_organique;3.41;0.0;54.41;0.0;80.59;60.19;30.53;0.08;0.0;0;44.09;0;-606.73;0.04;0.03;0.0;3.41
2020;211;297;beauce_5_sa_064;solnu;;1.46;0.0;39.45;-50.2;0.0;30.53;18.28;0.04;0.0;0;0;0;-347.59;0.03;0.01;0.0;1.46
2020;298;366;beauce_5_sa_064;orgeh;orgeH_tousSols_nonirr_organique;1.51;0.0;10.24;-10.19;0.0;18.28;16.81;0.0;0.0;0;0.0;0;-29.87;0.0;0.0;0.0;1.51
2020;1;222;beauce_5_sa_065;orgeh;orgeH_tousSols_nonirr_organique;2.73;0.0;63.44;0.0;62.43;42.69;40.88;0.1;0.0;0;43.76;0;-701.31;0.06;0.04;0.0;2.73
2020;223;277;beauce_5_sa_065;solnu;;0.88;0.0;28.68;-50.91;0.0;40.88;15.09;0.05;0.0;0;0;0;-262.46;0.04;0.01;0.0;0.88
2020;278;366;beauce_5_sa_065;orgeh;orgeH_tousSols_nonirr_organique;1.65;0.0;14.86;-13.81;0.0;15.09;14.5;0.0;0.0;0;0.0;0;-44.15;0.0;0.0;0.0;1.65
2020;1;221;beauce_5_sa_066;orgeh;orgeH_tousSols_nonirr_organique;1.76;0.0;65.7;0.0;47.47;28.32;44.72;0.07;0.0;0;43.46;0;-729.85;0.03;0.04;0.0;1.76
2020;222;266;beauce_5_sa_066;solnu;;0.79;0.0;25.47;-15.79;0.0;44.72;53.5;0.11;0.01;0;0;0;-252.35;0.1;0.01;0.0;0.79
2020;267;366;beauce_5_sa_066;orgeh;orgeH_tousSols_nonirr_organique;2.58;0.0;18.71;-49.37;3.0;53.88;17.24;0.01;0.0;0;1.5;0;-77.1;0.01;0.0;0.0;2.58
2020;1;222;beauce_5_sa_067;orgeh;orgeH_tousSols_nonirr_organique;2.63;0.0;65.31;0.0;51.95;32.26;42.87;0.11;0.01;0;43.73;0;-722.23;0.07;0.04;0.0;2.63
2020;223;270;beauce_5_sa_067;solnu;;0.28;0.0;25.95;-15.77;0.0;42.87;47.3;0.06;0.0;0;0;0;-259.35;0.05;0.01;0.0;0.28
2020;271;366;beauce_5_sa_067;orgeh;orgeH_tousSols_nonirr_organique;2.15;0.0;17.35;-44.59;3.0;47.75;14.89;0.02;0.0;0;1.5;0;-73.72;0.02;0.0;0.0;2.15
2020;1;221;beauce_5_sa_068;orgeh;orgeH_tousSols_nonirr_organique;3.12;0.0;60.55;0.0;73.13;53.34;37.57;0.08;0.0;0;43.79;0;-673.47;0.04;0.04;0.0;3.12
2020;222;290;beauce_5_sa_068;solnu;;1.06;0.0;32.85;-51.17;0.0;37.57;18.13;0.05;0.0;0;0;0;-275.63;0.05;0.01;0.0;1.06
2020;291;366;beauce_5_sa_068;orgeh;orgeH_tousSols_nonirr_organique;1.89;0.0;11.73;-9.94;0.24;18.13;17.79;0.0;0.0;0;0.12;0;-30.21;0.0;0.0;0.0;1.89
2020;1;197;beauce_5_sa_069;orgeh;orgeH_tousSols_nonirr_organique;1.7;0.0;54.29;0.0;39.2;19.73;33.07;0.04;0.0;0;43.65;0;-604.18;0.01;0.03;0.0;1.7
2020;198;260;beauce_5_sa_069;solnu;;0.5;0.0;35.52;-15.23;0.0;33.07;52.76;0.1;0.0;0;0;0;-345.21;0.08;0.01;0.0;0.5
2020;261;366;beauce_5_sa_069;orgeh;orgeH_tousSols_nonirr_organique;1.85;0.0;20.71;-51.97;6.61;53.06;13.05;0.0;0.0;0;3.3;0;-86.07;0.0;0.0;0.0;1.85
2020;1;171;beauce_5_sa_070;orgeh;orgeH_tousSols_nonirr_organique;1.95;0.0;37.39;0.0;51.95;32.26;15.71;0.04;0.0;0;43.73;0;-409.02;0.02;0.02;0.0;1.95
2020;172;270;beauce_5_sa_070;solnu;;0.4;0.0;52.22;-13.56;0.0;15.71;53.89;0.08;0.0;0;0;0;-513.18;0.06;0.02;0.0;0.4
2020;271;366;beauce_5_sa_070;orgeh;orgeH_tousSols_nonirr_organique;2.35;0.0;17.41;-48.42;4.17;54.38;16.34;0.03;0.0;0;2.09;0;-84.08;0.02;0.0;0.0;2.35
2020;1;229;beauce_5_sa_071;orgeh;orgeH_tousSols_nonirr_organique;3.57;0.0;63.96;0.0;85.5;64.48;39.29;0.1;0.0;0;44.41;0;-710.23;0.06;0.04;0.0;3.57
2020;230;313;beauce_5_sa_071;solnu;;1.63;0.0;32.57;-40.21;0.0;39.29;29.93;0.08;0.0;0;0;0;-315.32;0.07;0.01;0.0;1.63
2020;314;366;beauce_5_sa_071;orgeh;orgeH_tousSols_nonirr_organique;2.15;0.0;7.06;-10.94;0.0;28.1;23.9;0.0;0.0;0;0.0;0;-26.73;0.0;0.0;0.0;2.15
2020;1;219;beauce_5_sa_072;orgeh;orgeH_tousSols_nonirr_organique;3.48;0.0;58.5;0.0;84.52;62.89;33.31;0.08;0.0;0;44.72;0;-651.33;0.05;0.04;0.0;3.48
2020;220;305;beauce_5_sa_072;solnu;;1.49;0.0;36.6;-14.93;0.0;33.31;53.39;0.08;0.0;0;0;0;-353.62;0.07;0.01;0.0;1.49
2020;306;366;beauce_5_sa_072;orgeh;orgeH_tousSols_nonirr_organique;2.07;0.0;8.51;-36.91;0.0;53.62;22.93;0.0;0.0;0;0.0;0;-41.74;0.0;0.0;0.0;2.07
2020;1;196;beauce_5_sa_073;orgeh;orgeH_tousSols_nonirr_organique;3.61;0.0;49.18;0.0;85.9;64.81;24.41;0.08;0.0;0;44.45;0;-546.77;0.05;0.03;0.0;3.61
2020;197;314;beauce_5_sa_073;solnu;;1.62;0.0;47.34;-47.57;0.0;24.41;22.5;0.06;0.01;0;0;0;-432.54;0.04;0.02;0.0;1.62
2020;315;366;beauce_5_sa_073;orgeh;orgeH_tousSols_nonirr_organique;1.86;0.0;6.89;-6.82;0.0;22.5;20.72;0.0;0.0;0;0.0;0;-22.8;0.0;0.0;0.0;1.86
2020;1;189;beauce_5_sa_074;orgeh;orgeH_tousSols_nonirr_organique;3.53;0.0;46.24;0.0;84.56;63.49;21.56;0.07;0.0;0;44.44;0;-513.33;0.05;0.03;0.0;3.53
2020;190;308;beauce_5_sa_074;solnu;;1.49;0.0;49.55;-44.43;0.0;21.56;25.11;0.08;0.0;0;0;0;-472.19;0.06;0.02;0.0;1.49
2020;309;366;beauce_5_sa_074;orgeh;orgeH_tousSols_nonirr_organique;2.07;0.0;7.92;-8.02;0.0;25.03;22.94;0.0;0.0;0;0.0;0;-32.01;0.0;0.0;0.0;2.07
2020;1;199;beauce_5_sa_075;orgeh;orgeH_tousSols_nonirr_organique;1.7;0.0;54.61;0.0;45.47;26.09;33.48;0.05;0.0;0;43.59;0;-607.81;0.02;0.03;0.0;1.7
2020;200;264;beauce_5_sa_075;solnu;;0.56;0.0;35.88;-56.9;0.0;33.48;11.86;0.03;0.0;0;0;0;-265.79;0.03;0.0;0.0;0.56
2020;265;366;beauce_5_sa_075;orgeh;orgeH_tousSols_nonirr_organique;1.61;0.0;19.6;3.44;16.36;11.67;16.91;0.02;0.0;0;8.18;0;-63.93;0.01;0.01;0.0;1.61
2020;1;202;beauce_5_sa_076;orgeh;orgeH_tousSols_nonirr_organique;3.19;0.0;51.97;0.0;75.05;54.9;28.57;0.07;0.0;0;43.97;0;-580.05;0.04;0.03;0.0;3.19
2020;203;291;beauce_5_sa_076;solnu;;1.03;0.0;41.28;-51.09;0.0;28.57;17.69;0.04;0.0;0;0;0;-354.23;0.03;0.01;0.0;1.03
2020;292;366;beauce_5_sa_076;orgeh;orgeH_tousSols_nonirr_organique;1.85;0.0;11.59;-9.76;0.24;17.46;17.42;0.0;0.0;0;0.12;0;-31.97;0.0;0.0;0.0;1.85
2020;1;184;beauce_5_sa_077;orgeh;orgeH_tousSols_nonirr_organique;3.55;0.0;44.26;0.0;82.31;63.49;20.56;0.07;0.0;0;43.31;0;-488.9;0.05;0.03;0.0;3.55
2020;185;308;beauce_5_sa_077;solnu;;1.54;0.0;51.47;-46.51;0.0;20.56;24.12;0.07;0.01;0;0;0;-489.06;0.05;0.02;0.0;1.54
2020;309;366;beauce_5_sa_077;orgeh;orgeH_tousSols_nonirr_organique;1.99;0.0;7.93;-7.88;0.0;24.12;22.17;0.0;0.0;0;0.0;0;-29.31;0.0;0.0;0.0;1.99
2020;1;221;beauce_5_sa_078;orgeh;orgeH_tousSols_nonirr_organique;3.07;0.0;60.67;0.0;71.9;51.56;37.18;0.07;0.0;0;44.08;0;-674.73;0.04;0.04;0.0;3.07
2020;222;289;beauce_5_sa_078;solnu;;1.0;0.0;32.44;-15.4;0.0;37.18;53.13;0.08;0.0;0;0;0;-316.43;0.07;0.01;0.0;1.0
2020;290;366;beauce_5_sa_078;orgeh;orgeH_tousSols_nonirr_organique;2.46;0.0;11.87;-37.7;2.94;53.33;21.88;0.01;0.0;0;1.47;0;-54.03;0.01;0.0;0.0;2.46
2020;1;199;beauce_5_sa_079;orgeh;orgeH_tousSols_nonirr_organique;1.67;0.0;55.37;0.0;37.39;18.42;34.69;0.04;0.0;0;43.39;0;-616.08;0.01;0.03;0.0;1.67
2020;200;259;beauce_5_sa_079;solnu;;0.5;0.0;34.35;-15.34;0.0;34.69;53.1;0.1;0.0;0;0;0;-334.47;0.09;0.01;0.0;0.5
2020;260;366;beauce_5_sa_079;orgeh;orgeH_tousSols_nonirr_organique;1.88;0.0;21.02;-51.6;7.2;53.42;13.44;0.0;0.0;0;3.6;0;-86.38;0.0;0.0;0.0;1.88
2020;1;217;beauce_5_sa_080;orgeh;orgeH_tousSols_nonirr_organique;1.76;0.0;64.8;0.0;38.95;20.02;44.03;0.07;0.0;0;43.37;0;-718.44;0.03;0.04;0.0;1.76
2020;218;259;beauce_5_sa_080;solnu;;0.67;0.0;25.6;-52.67;0.0;44.03;16.2;0.08;0.01;0;0;0;-217.58;0.08;0.0;0.0;0.67
2020;260;366;beauce_5_sa_080;orgeh;orgeH_tousSols_nonirr_organique;2.23;0.0;21.17;-9.17;7.33;16.2;18.64;0.01;0.0;0;3.66;0;-64.74;0.0;0.01;0.0;2.23
2020;1;195;beauce_5_sa_081;orgeh;orgeH_tousSols_nonirr_organique;3.42;0.0;49.15;0.0;80.27;60.21;25.59;0.07;0.0;0;43.93;0;-546.8;0.04;0.03;0.0;3.42
2020;196;297;beauce_5_sa_081;solnu;;1.51;0.0;44.7;-14.16;0.0;25.59;54.54;0.09;0.01;0;0;0;-432.3;0.07;0.02;0.0;1.51
2020;298;366;beauce_5_sa_081;orgeh;orgeH_tousSols_nonirr_organique;2.09;0.0;10.21;-39.48;0.0;54.81;23.18;0.0;0.0;0;0.0;0;-50.36;0.0;0.0;0.0;2.09
2020;1;181;beauce_5_sa_082;orgeh;orgeH_tousSols_nonirr_organique;2.23;0.0;42.86;0.0;58.13;38.05;20.48;0.05;0.0;0;43.94;0;-474.6;0.03;0.03;0.0;2.23
2020;182;273;beauce_5_sa_082;solnu;;0.83;0.0;47.7;-30.34;0.0;20.48;36.92;0.09;0.0;0;0;0;-463.56;0.07;0.02;0.0;0.83
2020;274;366;beauce_5_sa_082;orgeh;orgeH_tousSols_nonirr_organique;1.91;0.0;16.34;-34.79;0.0;31.9;16.57;0.0;0.0;0;0.0;0;-62.34;0.0;0.0;0.0;1.91
2020;1;225;beauce_5_sa_083;orgeh;orgeH_tousSols_nonirr_organique;2.61;0.0;67.27;0.0;50.91;30.31;43.93;0.12;0.01;0;44.19;0;-749.52;0.08;0.04;0.0;2.61
2020;226;268;beauce_5_sa_083;solnu;;0.44;0.0;23.96;-15.76;0.0;43.93;51.64;0.06;0.0;0;0;0;-237.18;0.05;0.01;0.0;0.44
2020;269;366;beauce_5_sa_083;orgeh;orgeH_tousSols_nonirr_organique;2.72;0.0;18.12;-45.73;3.0;52.04;18.29;0.01;0.0;0;1.5;0;-74.38;0.01;0.0;0.0;2.72
2020;1;225;beauce_5_sa_084;orgeh;orgeH_tousSols_nonirr_organique;3.51;0.0;61.63;0.0;84.29;62.55;36.29;0.09;0.0;0;44.78;0;-686.43;0.05;0.04;0.0;3.51
2020;226;303;beauce_5_sa_084;solnu;;1.7;0.0;33.34;-45.39;0.0;36.29;22.49;0.06;0.0;0;0;0;-303.6;0.05;0.01;0.0;1.7
2020;304;366;beauce_5_sa_084;orgeh;orgeH_tousSols_nonirr_organique;1.86;0.0;8.9;-8.82;0.0;22.49;20.72;0.0;0.0;0;0.0;0;-28.69;0.0;0.0;0.0;1.86
2020;1;218;beauce_5_sa_085;orgeh;orgeH_tousSols_nonirr_organique;3.63;0.0;57.82;0.0;86.54;64.98;32.55;0.08;0.0;0;44.68;0;-641.61;0.05;0.03;0.0;3.63
2020;219;315;beauce_5_sa_085;solnu;;1.64;0.0;38.9;-47.25;0.0;32.55;22.5;0.06;0.0;0;0;0;-345.01;0.05;0.01;0.0;1.64
2020;316;366;beauce_5_sa_085;orgeh;orgeH_tousSols_nonirr_organique;1.86;0.0;6.72;-6.58;0.0;22.5;20.78;0.0;0.0;0;0.0;0;-19.95;0.0;0.0;0.0;1.86
2020;1;188;beauce_5_sa_086;orgeh;orgeH_tousSols_nonirr_organique;2.67;0.0;47.01;0.0;64.8;44.42;23.91;0.06;0.0;0;44.08;0;-522.3;0.03;0.03;0.0;2.67
2020;189;279;beauce_5_sa_086;solnu;;0.91;0.0;45.08;-52.2;0.0;23.91;15.81;0.06;0.0;0;0;0;-413.4;0.04;0.02;0.0;0.91
2020;280;366;beauce_5_sa_086;orgeh;orgeH_tousSols_nonirr_organique;1.72;0.0;14.3;-11.86;0.61;15.81;15.92;0.0;0.0;0;0.3;0;-44.5;0.0;0.0;0.0;1.72
2020;1;200;beauce_5_sa_087;orgeh;orgeH_tousSols_nonirr_organique;2.75;0.0;52.3;0.0;65.63;45.86;29.71;0.06;0.0;0;43.81;0;-582.02;0.03;0.03;0.0;2.75
2020;201;281;beauce_5_sa_087;solnu;;0.93;0.0;39.97;-52.51;0.0;29.71;16.19;0.04;0.0;0;0;0;-327.23;0.03;0.01;0.0;0.93
2020;282;366;beauce_5_sa_087;orgeh;orgeH_tousSols_nonirr_organique;1.76;0.0;13.89;-5.33;5.06;16.21;17.93;0.01;0.0;0;2.53;0;-37.29;0.0;0.01;0.0;1.76
2020;1;213;beauce_5_sa_088;orgeh;orgeH_tousSols_nonirr_organique;2.66;0.0;57.81;0.0;64.41;44.07;34.75;0.07;0.0;0;44.07;0;-642.37;0.03;0.03;0.0;2.66
2020;214;279;beauce_5_sa_088;solnu;;0.97;0.0;34.3;-45.95;0.0;34.75;22.04;0.08;0.0;0;0;0;-330.26;0.07;0.01;0.0;0.97
2020;280;366;beauce_5_sa_088;orgeh;orgeH_tousSols_nonirr_organique;2.2;0.0;14.26;-15.78;0.0;20.81;18.32;0.0;0.0;0;0.0;0;-48.68;0.0;0.0;0.0;2.2
2020;1;215;beauce_5_sa_089;orgeh;orgeH_tousSols_nonirr_organique;1.72;0.0;63.6;0.0;36.52;17.35;42.65;0.06;0.0;0;43.51;0;-705.33;0.02;0.04;0.0;1.72
2020;216;258;beauce_5_sa_089;solnu;;0.63;0.0;26.42;-15.79;0.0;42.65;52.54;0.1;0.01;0;0;0;-261.99;0.09;0.01;0.0;0.63
2020;259;366;beauce_5_sa_089;orgeh;orgeH_tousSols_nonirr_organique;2.13;0.0;21.31;-50.06;7.01;52.85;14.65;0.0;0.0;0;3.51;0;-84.96;0.0;0.0;0.0;2.13
2020;1;230;beauce_5_sa_090;orgeh;orgeH_tousSols_nonirr_organique;3.48;0.0;64.75;0.0;84.52;62.89;39.55;0.09;0.0;0;44.72;0;-719.39;0.06;0.04;0.0;3.48
2020;231;305;beauce_5_sa_090;solnu;;1.62;0.0;30.5;-15.46;0.0;39.55;52.89;0.08;0.0;0;0;0;-297.66;0.07;0.01;0.0;1.62
2020;306;366;beauce_5_sa_090;orgeh;orgeH_tousSols_nonirr_organique;2.11;0.0;8.51;-35.8;0.0;53.1;23.48;0.0;0.0;0;0.0;0;-40.89;0.0;0.0;0.0;2.11
2020;1;187;beauce_5_sa_091;orgeh;orgeH_tousSols_nonirr_organique;3.63;0.0;45.23;0.0;85.71;65.12;20.0;0.08;0.0;0;44.19;0;-503.88;0.05;0.03;0.0;3.63
2020;188;316;beauce_5_sa_091;solnu;;1.51;0.0;51.64;-13.64;0.0;20.0;56.65;0.09;0.01;0;0;0;-501.25;0.06;0.02;0.0;1.51
2020;317;366;beauce_5_sa_091;orgeh;orgeH_tousSols_nonirr_organique;2.11;0.0;6.57;-37.69;0.0;56.76;23.43;0.0;0.0;0;0.0;0;-34.82;0.0;0.0;0.0;2.11
2020;1;212;beauce_5_sa_092;orgeh;orgeH_tousSols_nonirr_organique;3.25;0.0;55.77;0.0;75.51;55.77;32.7;0.07;0.0;0;43.78;0;-619.81;0.04;0.03;0.0;3.25
2020;213;292;beauce_5_sa_092;solnu;;1.27;0.0;37.56;-14.94;0.0;32.7;53.97;0.08;0.0;0;0;0;-364.2;0.07;0.02;0.0;1.27
2020;293;366;beauce_5_sa_092;orgeh;orgeH_tousSols_nonirr_organique;2.33;0.0;11.26;-38.14;1.75;54.19;23.0;0.01;0.0;0;0.88;0;-54.58;0.01;0.0;0.0;2.33
2020;1;227;beauce_5_sa_093;orgeh;orgeH_tousSols_nonirr_organique;3.58;0.0;62.75;0.0;85.48;64.48;38.08;0.09;0.0;0;44.4;0;-694.51;0.05;0.04;0.0;3.58
2020;228;313;beauce_5_sa_093;solnu;;1.59;0.0;33.73;-15.18;0.0;38.08;54.95;0.09;0.0;0;0;0;-331.01;0.07;0.01;0.0;1.59
2020;314;366;beauce_5_sa_093;orgeh;orgeH_tousSols_nonirr_organique;2.13;0.0;7.05;-36.15;0.0;55.16;23.72;0.0;0.0;0;0.0;0;-34.56;0.0;0.0;0.0;2.13
2020;1;204;beauce_5_sa_094;orgeh;orgeH_tousSols_nonirr_organique;1.7;0.0;56.62;0.0;45.07;25.64;35.44;0.05;0.0;0;43.62;0;-629.43;0.02;0.03;0.0;1.7
2020;205;264;beauce_5_sa_094;solnu;;0.55;0.0;33.73;-15.38;0.0;35.44;53.15;0.09;0.0;0;0;0;-328.16;0.08;0.01;0.0;0.55
2020;265;366;beauce_5_sa_094;orgeh;orgeH_tousSols_nonirr_organique;2.05;0.0;19.41;-49.87;6.0;53.54;14.63;0.01;0.0;0;3.0;0;-80.59;0.01;0.0;0.0;2.05
2020;1;214;beauce_5_sa_095;orgeh;orgeH_tousSols_nonirr_organique;3.5;0.0;55.98;0.0;83.55;62.34;31.2;0.08;0.0;0;44.51;0;-622.84;0.05;0.03;0.0;3.5
2020;215;302;beauce_5_sa_095;solnu;;1.51;0.0;38.61;-14.76;0.0;31.2;53.45;0.08;0.0;0;0;0;-373.19;0.07;0.02;0.0;1.51
2020;303;366;beauce_5_sa_095;orgeh;orgeH_tousSols_nonirr_organique;2.07;0.0;9.12;-37.48;0.0;53.71;23.02;0.0;0.0;0;0.0;0;-44.98;0.0;0.0;0.0;2.07
2020;1;189;beauce_5_sa_096;orgeh;orgeH_tousSols_nonirr_organique;3.65;0.0;46.12;0.0;87.29;65.48;20.58;0.08;0.0;0;44.81;0;-512.02;0.05;0.03;0.0;3.65
2020;190;318;beauce_5_sa_096;solnu;;1.49;0.0;50.91;-13.63;0.0;20.58;56.27;0.08;0.01;0;0;0;-495.23;0.06;0.02;0.0;1.49
2020;319;366;beauce_5_sa_096;orgeh;orgeH_tousSols_nonirr_organique;2.09;0.0;6.37;-37.25;0.0;56.42;23.3;0.01;0.0;0;0.0;0;-34.53;0.0;0.0;0.0;2.09
2020;1;195;beauce_5_sa_097;orgeh;orgeH_tousSols_nonirr_organique;1.83;0.0;51.98;0.0;50.91;30.31;29.51;0.05;0.0;0;44.19;0;-577.56;0.02;0.03;0.0;1.83
2020;196;268;beauce_5_sa_097;solnu;;0.51;0.0;38.38;-14.92;0.0;29.51;52.37;0.08;0.0;0;0;0;-373.7;0.06;0.02;0.0;0.51
2020;269;366;beauce_5_sa_097;orgeh;orgeH_tousSols_nonirr_organique;2.21;0.0;18.15;-48.72;4.5;52.81;15.06;0.02;0.0;0;2.25;0;-78.43;0.02;0.0;0.0;2.21
2020;1;218;beauce_5_sa_098;orgeh;orgeH_tousSols_nonirr_organique;1.76;0.0;65.4;0.0;39.2;19.73;44.11;0.06;0.0;0;43.65;0;-724.25;0.02;0.04;0.0;1.76
2020;219;260;beauce_5_sa_098;solnu;;0.66;0.0;25.03;-15.79;0.0;44.11;52.58;0.11;0.01;0;0;0;-251.05;0.1;0.01;0.0;0.66
2020;261;366;beauce_5_sa_098;orgeh;orgeH_tousSols_nonirr_organique;2.23;0.0;20.69;-51.64;4.5;52.85;14.89;0.0;0.0;0;2.25;0;-83.23;0.0;0.0;0.0;2.23
2020;1;190;beauce_5_sa_099;orgeh;orgeH_tousSols_nonirr_organique;1.75;0.0;50.11;0.0;43.26;23.91;28.96;0.04;0.0;0;43.55;0;-557.18;0.01;0.03;0.0;1.75
2020;191;262;beauce_5_sa_099;solnu;;0.51;0.0;39.7;-54.68;0.0;28.96;13.4;0.07;0.0;0;0;0;-352.06;0.06;0.01;0.0;0.51
2020;263;366;beauce_5_sa_099;orgeh;orgeH_tousSols_nonirr_organique;1.84;0.0;20.26;-8.79;6.47;13.4;16.54;0.01;0.0;0;3.24;0;-66.69;0.0;0.01;0.0;1.84
2021;1;225;beauce_5_sa_000;orgeh;orgeH_tousSols_nonirr_organique;5.12;0.0;59.02;23.82;49.74;15.69;44.72;0.08;0.0;0;26.37;0;-352.47;0.03;0.05;0.0;5.12
2021;226;263;beauce_5_sa_000;solnu;;0.99;0.0;17.48;-11.77;0.0;44.72;49.29;0.05;0.1;0;0;0;-133.8;0.04;0.0;0.0;0.99
2021;264;365;beauce_5_sa_000;orgeh;orgeH_tousSols_nonirr_organique;4.92;0.0;18.46;-34.5;6.36;49.63;21.98;0.0;0.0;0;3.18;0;-72.62;0.0;0.0;0.0;4.92
2021;1;207;beauce_5_sa_001;orgeh;orgeH_tousSols_nonirr_organique;6.23;0.0;50.06;9.52;56.01;20.42;19.11;0.04;0.0;0;28.0;0;-257.41;0.0;0.04;0.0;6.23
2021;208;301;beauce_5_sa_001;solnu;;1.14;0.0;36.54;-32.47;0.0;19.11;21.95;0.04;0.05;0;0;0;-257.14;0.03;0.02;0.0;1.14
2021;302;365;beauce_5_sa_001;orgeh;orgeH_tousSols_nonirr_organique;2.81;0.0;8.29;-9.46;2.73;21.4;15.23;0.0;0.0;0;1.37;0;-20.85;0.0;0.0;0.0;2.81
2021;1;215;beauce_5_sa_002;orgeh;orgeH_tousSols_nonirr_organique;6.52;0.0;54.88;9.54;53.91;21.31;26.7;0.04;0.0;0;26.96;0;-288.31;0.0;0.04;0.0;6.52
2021;216;298;beauce_5_sa_002;solnu;;1.22;0.0;31.12;-8.71;0.0;26.7;47.77;0.05;0.06;0;0;0;-224.29;0.04;0.01;0.0;1.22
2021;299;365;beauce_5_sa_002;orgeh;orgeH_tousSols_nonirr_organique;3.59;0.0;8.88;-33.54;1.4;48.08;18.11;0.01;0.0;0;0.7;0;-32.28;0.01;0.0;0.0;3.59
2021;1;181;beauce_5_sa_003;orgeh;orgeH_tousSols_nonirr_organique;6.67;0.0;37.52;6.04;48.58;23.24;12.22;0.03;0.0;0;24.29;0;-180.73;0.0;0.03;0.0;6.67
2021;182;312;beauce_5_sa_003;solnu;;1.82;0.0;50.55;-24.55;0.0;12.22;36.41;0.08;0.06;0;0;0;-347.93;0.05;0.03;0.0;1.82
2021;313;365;beauce_5_sa_003;orgeh;orgeH_tousSols_nonirr_organique;4.18;0.0;6.16;-8.36;1.52;35.83;28.48;0.02;0.01;0;0.76;0;-21.67;0.02;0.0;0.0;4.18
2021;1;190;beauce_5_sa_004;orgeh;orgeH_tousSols_nonirr_organique;6.6;0.0;42.04;4.75;52.04;21.65;10.2;0.03;0.0;0;26.02;0;-199.82;0.0;0.03;0.0;6.6
2021;191;307;beauce_5_sa_004;solnu;;1.18;0.0;45.19;-8.67;0.0;10.2;45.49;0.05;0.05;0;0;0;-311.54;0.03;0.03;0.0;1.18
2021;308;365;beauce_5_sa_004;orgeh;orgeH_tousSols_nonirr_organique;3.54;0.0;7.45;-27.58;2.45;41.59;19.34;0.03;0.0;0;1.22;0;-28.84;0.03;0.0;0.0;3.54
2021;1;199;beauce_5_sa_005;orgeh;orgeH_tousSols_nonirr_organique;4.74;0.0;46.49;15.88;58.63;17.92;17.76;0.04;0.0;0;33.13;0;-298.0;0.01;0.04;0.0;4.74
2021;200;280;beauce_5_sa_005;solnu;;0.84;0.0;36.34;-38.63;0.0;17.76;14.54;0.03;0.06;0;0;0;-235.19;0.02;0.01;0.0;0.84
2021;281;365;beauce_5_sa_005;orgeh;orgeH_tousSols_nonirr_organique;2.81;0.0;13.58;-4.16;5.73;14.57;15.41;0.01;0.0;0;2.87;0;-31.65;0.0;0.01;0.0;2.81
2021;1;211;beauce_5_sa_006;orgeh;orgeH_tousSols_nonirr_organique;4.53;0.0;52.79;20.27;57.39;16.86;28.78;0.05;0.01;0;31.28;0;-338.52;0.01;0.04;0.0;4.53
2021;212;273;beauce_5_sa_006;solnu;;0.89;0.0;27.68;-37.72;0.0;28.78;17.73;0.04;0.07;0;0;0;-187.13;0.03;0.0;0.0;0.89
2021;274;365;beauce_5_sa_006;orgeh;orgeH_tousSols_nonirr_organique;3.46;0.0;15.74;-6.75;5.15;17.73;18.11;0.01;0.0;0;2.57;0;-40.84;0.0;0.01;0.0;3.46
2021;1;175;beauce_5_sa_007;orgeh;orgeH_tousSols_nonirr_organique;5.28;0.0;34.48;5.21;43.93;19.64;10.42;0.02;0.0;0;24.06;0;-156.85;0.0;0.02;0.0;5.28
2021;176;285;beauce_5_sa_007;solnu;;1.42;0.0;47.66;-1.89;0.0;10.42;54.76;0.06;0.06;0;0;0;-325.64;0.03;0.03;0.0;1.42
2021;286;365;beauce_5_sa_007;orgeh;orgeH_tousSols_nonirr_organique;3.65;0.0;11.98;-29.91;14.65;55.14;18.51;0.01;0.0;0;7.32;0;-52.73;0.01;0.0;0.0;3.65
2021;1;214;beauce_5_sa_008;orgeh;orgeH_tousSols_nonirr_organique;4.62;0.0;54.54;20.31;59.44;16.68;28.32;0.05;0.0;0;31.38;0;-345.8;0.01;0.04;0.0;4.62
2021;215;280;beauce_5_sa_008;solnu;;0.84;0.0;28.13;-38.67;0.0;28.32;16.84;0.03;0.07;0;0;0;-182.65;0.03;0.0;0.0;0.84
2021;281;365;beauce_5_sa_008;orgeh;orgeH_tousSols_nonirr_organique;3.24;0.0;13.59;-6.64;4.0;16.84;16.54;0.0;0.0;0;2.0;0;-32.48;0.0;0.0;0.0;3.24
2021;1;212;beauce_5_sa_009;orgeh;orgeH_tousSols_nonirr_organique;4.46;0.0;53.43;22.08;56.55;16.48;31.74;0.06;0.0;0;30.39;0;-340.72;0.01;0.05;0.0;4.46
2021;213;270;beauce_5_sa_009;solnu;;0.93;0.0;26.18;-37.61;0.0;31.74;19.26;0.04;0.08;0;0;0;-183.2;0.04;0.0;0.0;0.93
2021;271;365;beauce_5_sa_009;orgeh;orgeH_tousSols_nonirr_organique;3.71;0.0;16.64;-9.59;3.88;19.26;18.72;0.0;0.0;0;1.94;0;-47.93;0.0;0.0;0.0;3.71
2021;1;173;beauce_5_sa_010;orgeh;orgeH_tousSols_nonirr_organique;4.69;0.0;33.66;12.54;50.53;17.48;8.83;0.03;0.0;0;25.26;0;-163.01;0.0;0.03;0.0;4.69
2021;174;280;beauce_5_sa_010;solnu;;1.23;0.0;47.28;-12.79;0.0;8.83;42.02;0.06;0.07;0;0;0;-330.34;0.03;0.03;0.0;1.23
2021;281;365;beauce_5_sa_010;orgeh;orgeH_tousSols_nonirr_organique;3.44;0.0;13.32;-20.3;13.53;40.51;18.07;0.01;0.0;0;6.77;0;-53.15;0.0;0.0;0.0;3.44
2021;1;212;beauce_5_sa_011;orgeh;orgeH_tousSols_nonirr_organique;6.57;0.0;53.04;8.28;54.0;21.46;23.64;0.04;0.0;0;27.0;0;-272.84;0.0;0.04;0.0;6.57
2021;213;303;beauce_5_sa_011;solnu;;1.23;0.0;33.81;-7.53;0.0;23.64;48.58;0.05;0.06;0;0;0;-241.87;0.03;0.02;0.0;1.23
2021;304;365;beauce_5_sa_011;orgeh;orgeH_tousSols_nonirr_organique;3.59;0.0;7.99;-33.55;0.86;48.75;18.56;0.02;0.0;0;0.43;0;-29.83;0.02;0.0;0.0;3.59
2021;1;208;beauce_5_sa_012;orgeh;orgeH_tousSols_nonirr_organique;5.27;0.0;50.52;17.07;50.69;16.95;29.9;0.05;0.0;0;27.43;0;-279.38;0.01;0.04;0.0;5.27
2021;209;271;beauce_5_sa_012;solnu;;0.96;0.0;28.43;-9.55;0.0;29.9;47.69;0.05;0.08;0;0;0;-209.65;0.03;0.01;0.0;0.96
2021;272;365;beauce_5_sa_012;orgeh;orgeH_tousSols_nonirr_organique;3.65;0.0;15.76;-34.93;7.5;47.94;17.37;0.0;0.0;0;3.75;0;-60.04;0.0;0.0;0.0;3.65
2021;1;195;beauce_5_sa_013;orgeh;orgeH_tousSols_nonirr_organique;6.15;0.0;44.42;7.91;52.2;20.12;15.44;0.03;0.0;0;27.57;0;-222.19;0.0;0.03;0.0;6.15
2021;196;288;beauce_5_sa_013;solnu;;0.97;0.0;38.86;-5.61;0.0;15.44;47.62;0.04;0.05;0;0;0;-271.6;0.02;0.02;0.0;0.97
2021;289;365;beauce_5_sa_013;orgeh;orgeH_tousSols_nonirr_organique;2.95;0.0;11.27;-34.68;7.93;47.84;13.32;0.01;0.0;0;3.97;0;-44.17;0.01;0.0;0.0;2.95
2021;1;183;beauce_5_sa_014;orgeh;orgeH_tousSols_nonirr_organique;6.51;0.0;38.78;4.78;48.66;22.56;11.43;0.03;0.0;0;24.33;0;-182.56;0.0;0.03;0.0;6.51
2021;184;309;beauce_5_sa_014;solnu;;1.68;0.0;48.65;-14.2;0.0;11.43;44.14;0.07;0.05;0;0;0;-334.75;0.05;0.03;0.0;1.68
2021;310;365;beauce_5_sa_014;orgeh;orgeH_tousSols_nonirr_organique;4.06;0.0;6.76;-18.7;2.16;43.04;25.95;0.03;0.01;0;1.08;0;-26.39;0.03;0.0;0.0;4.06
2021;1;196;beauce_5_sa_015;orgeh;orgeH_tousSols_nonirr_organique;3.85;0.0;45.37;23.27;53.77;15.36;26.93;0.07;0.01;0;30.47;0;-284.95;0.03;0.04;0.0;3.85
2021;197;258;beauce_5_sa_015;solnu;;1.07;0.0;29.98;-27.57;0.0;26.93;28.13;0.05;0.08;0;0;0;-224.16;0.04;0.01;0.0;1.07
2021;259;365;beauce_5_sa_015;orgeh;orgeH_tousSols_nonirr_organique;4.14;0.0;20.78;-17.68;5.99;26.1;21.08;0.01;0.0;0;3.0;0;-71.65;0.0;0.01;0.0;4.14
2021;1;203;beauce_5_sa_016;orgeh;orgeH_tousSols_nonirr_organique;6.02;0.0;47.93;8.98;51.73;19.62;20.07;0.04;0.0;0;27.35;0;-243.22;0.0;0.03;0.0;6.02
2021;204;287;beauce_5_sa_016;solnu;;0.99;0.0;35.39;-7.2;0.0;20.07;47.17;0.04;0.06;0;0;0;-252.2;0.02;0.02;0.0;0.99
2021;288;365;beauce_5_sa_016;orgeh;orgeH_tousSols_nonirr_organique;3.04;0.0;11.5;-34.51;7.52;47.48;13.59;0.01;0.0;0;3.76;0;-43.49;0.01;0.0;0.0;3.04
2021;1;183;beauce_5_sa_017;orgeh;orgeH_tousSols_nonirr_organique;3.83;0.0;39.3;17.5;54.86;16.25;15.01;0.04;0.01;0;30.96;0;-242.15;0.01;0.03;0.0;3.83
2021;184;267;beauce_5_sa_017;solnu;;0.88;0.0;38.89;-36.13;0.0;15.01;16.59;0.05;0.07;0;0;0;-269.86;0.04;0.01;0.0;0.88
2021;268;365;beauce_5_sa_017;orgeh;orgeH_tousSols_nonirr_organique;3.25;0.0;17.57;-6.88;6.11;16.59;17.91;0.01;0.0;0;3.05;0;-55.04;0.0;0.01;0.0;3.25
2021;1;183;beauce_5_sa_018;orgeh;orgeH_tousSols_nonirr_organique;5.01;0.0;38.92;11.96;50.99;17.35;13.29;0.03;0.0;0;27.61;0;-195.73;0.0;0.03;0.0;5.01
2021;184;275;beauce_5_sa_018;solnu;;1.02;0.0;40.71;-4.44;0.0;13.29;48.35;0.05;0.06;0;0;0;-286.57;0.03;0.02;0.0;1.02
2021;276;365;beauce_5_sa_018;orgeh;orgeH_tousSols_nonirr_organique;3.17;0.0;14.72;-35.11;10.25;48.85;14.53;0.0;0.0;0;5.13;0;-62.14;0.0;0.0;0.0;3.17
2021;1;215;beauce_5_sa_019;orgeh;orgeH_tousSols_nonirr_organique;4.03;0.0;55.86;19.28;53.11;16.81;35.45;0.07;0.01;0;32.18;0;-388.44;0.03;0.05;0.0;4.03
2021;216;266;beauce_5_sa_019;solnu;;1.03;0.0;23.0;-47.92;0.0;35.45;9.46;0.01;0.02;0;0;0;-137.59;0.01;0.0;0.0;1.03
2021;267;365;beauce_5_sa_019;orgeh;orgeH_tousSols_nonirr_organique;1.89;0.0;17.36;-1.01;10.66;9.51;13.24;0.01;0.0;0;5.33;0;-44.14;0.0;0.01;0.0;1.89
2021;1;190;beauce_5_sa_020;orgeh;orgeH_tousSols_nonirr_organique;4.11;0.0;42.27;20.5;51.21;13.18;21.3;0.05;0.0;0;28.61;0;-233.81;0.02;0.04;0.0;4.11
2021;191;264;beauce_5_sa_020;solnu;;0.86;0.0;34.73;-6.94;0.0;21.3;48.09;0.06;0.08;0;0;0;-252.91;0.04;0.02;0.0;0.86
2021;265;365;beauce_5_sa_020;orgeh;orgeH_tousSols_nonirr_organique;3.69;0.0;18.1;-35.76;9.16;48.77;17.57;0.0;0.0;0;4.58;0;-73.03;0.0;0.0;0.0;3.69
2021;1;223;beauce_5_sa_021;orgeh;orgeH_tousSols_nonirr_organique;4.9;0.0;58.59;20.59;61.88;15.91;29.32;0.05;0.0;0;30.94;0;-348.66;0.01;0.05;0.0;4.9
2021;224;292;beauce_5_sa_021;solnu;;0.88;0.0;26.65;-38.15;0.0;29.32;16.83;0.03;0.07;0;0;0;-179.19;0.03;0.01;0.0;0.88
2021;293;365;beauce_5_sa_021;orgeh;orgeH_tousSols_nonirr_organique;3.15;0.0;10.38;-10.03;0.0;16.77;14.03;0.0;0.0;0;0.0;0;-25.28;0.0;0.0;0.0;3.15
2021;1;197;beauce_5_sa_022;orgeh;orgeH_tousSols_nonirr_organique;4.31;0.0;45.36;20.74;60.52;15.08;17.18;0.04;0.0;0;30.65;0;-264.13;0.0;0.04;0.0;4.31
2021;198;279;beauce_5_sa_022;solnu;;0.76;0.0;36.55;-38.02;0.0;17.18;14.84;0.04;0.06;0;0;0;-246.59;0.03;0.01;0.0;0.76
2021;280;365;beauce_5_sa_022;orgeh;orgeH_tousSols_nonirr_organique;2.85;0.0;13.97;-7.93;3.09;14.84;14.93;0.0;0.0;0;1.55;0;-38.31;0.0;0.0;0.0;2.85
2021;1;225;beauce_5_sa_023;orgeh;orgeH_tousSols_nonirr_organique;6.79;0.0;59.12;7.62;52.69;22.03;30.74;0.05;0.0;0;26.34;0;-311.5;0.01;0.04;0.0;6.79
2021;226;315;beauce_5_sa_023;solnu;;1.87;0.0;30.17;-8.65;0.0;30.74;50.25;0.07;0.07;0;0;0;-213.41;0.06;0.01;0.0;1.87
2021;316;365;beauce_5_sa_023;orgeh;orgeH_tousSols_nonirr_organique;4.03;0.0;5.53;-28.66;0.0;50.52;23.07;0.01;0.0;0;0.0;0;-23.48;0.01;0.0;0.0;4.03
2021;1;218;beauce_5_sa_024;orgeh;orgeH_tousSols_nonirr_organique;4.65;0.0;56.23;21.92;62.01;15.63;27.94;0.05;0.0;0;31.01;0;-338.84;0.0;0.05;0.0;4.65
2021;219;289;beauce_5_sa_024;solnu;;0.81;0.0;28.35;-39.14;0.0;27.94;16.23;0.04;0.07;0;0;0;-189.16;0.03;0.01;0.0;0.81
2021;290;365;beauce_5_sa_024;orgeh;orgeH_tousSols_nonirr_organique;3.08;0.0;11.15;-9.13;0.25;16.23;14.92;0.0;0.0;0;0.13;0;-25.58;0.0;0.0;0.0;3.08
2021;1;193;beauce_5_sa_025;orgeh;orgeH_tousSols_nonirr_organique;4.07;0.0;43.91;22.79;56.94;15.97;22.3;0.06;0.01;0;30.96;0;-272.93;0.02;0.04;0.0;4.07
2021;194;265;beauce_5_sa_025;solnu;;0.85;0.0;33.72;-36.44;0.0;22.3;18.61;0.05;0.07;0;0;0;-245.83;0.04;0.01;0.0;0.85
2021;266;365;beauce_5_sa_025;orgeh;orgeH_tousSols_nonirr_organique;3.62;0.0;17.92;-8.21;5.21;18.61;19.49;0.01;0.0;0;2.61;0;-56.33;0.0;0.01;0.0;3.62
2021;1;191;beauce_5_sa_026;orgeh;orgeH_tousSols_nonirr_organique;6.68;0.0;42.61;3.82;51.74;21.82;10.15;0.03;0.0;0;25.87;0;-200.95;0.0;0.03;0.0;6.68
2021;192;312;beauce_5_sa_026;solnu;;1.33;0.0;45.79;-2.34;0.0;10.15;52.22;0.07;0.04;0;0;0;-314.47;0.04;0.03;0.0;1.33
2021;313;365;beauce_5_sa_026;orgeh;orgeH_tousSols_nonirr_organique;3.99;0.0;6.16;-31.8;0.4;52.45;22.15;0.03;0.0;0;0.2;0;-28.72;0.03;0.0;0.0;3.99
2021;1;230;beauce_5_sa_027;orgeh;orgeH_tousSols_nonirr_organique;6.94;0.0;61.32;7.68;52.15;22.48;33.86;0.05;0.0;0;26.07;0;-323.2;0.01;0.04;0.0;6.94
2021;231;316;beauce_5_sa_027;solnu;;1.92;0.0;28.1;-9.3;0.0;33.86;50.59;0.08;0.07;0;0;0;-201.31;0.06;0.01;0.0;1.92
2021;317;365;beauce_5_sa_027;orgeh;orgeH_tousSols_nonirr_organique;4.25;0.0;5.32;-27.55;0.0;50.26;24.1;0.01;0.0;0;0.0;0;-22.57;0.01;0.0;0.0;4.25
2021;1;205;beauce_5_sa_028;orgeh;orgeH_tousSols_nonirr_organique;5.65;0.0;49.07;13.45;61.56;18.73;15.18;0.04;0.0;0;30.78;0;-263.04;0.0;0.04;0.0;5.65
2021;206;311;beauce_5_sa_028;solnu;;1.16;0.0;39.63;-41.33;0.0;15.18;12.26;0.03;0.04;0;0;0;-260.3;0.01;0.01;0.0;1.16
2021;312;365;beauce_5_sa_028;orgeh;orgeH_tousSols_nonirr_organique;2.12;0.0;6.43;-6.14;0.0;12.28;10.42;0.0;0.0;0;0.0;0;-14.35;0.0;0.0;0.0;2.12
2021;1;191;beauce_5_sa_029;orgeh;orgeH_tousSols_nonirr_organique;5.76;0.0;42.72;8.8;51.55;18.92;14.36;0.03;0.0;0;27.97;0;-212.66;0.0;0.03;0.0;5.76
2021;192;282;beauce_5_sa_029;solnu;;0.94;0.0;39.23;-5.37;0.0;14.36;47.18;0.05;0.06;0;0;0;-274.93;0.02;0.02;0.0;0.94
2021;283;365;beauce_5_sa_029;orgeh;orgeH_tousSols_nonirr_organique;2.95;0.0;12.71;-35.34;8.16;47.49;13.43;0.0;0.0;0;4.08;0;-50.92;0.0;0.0;0.0;2.95
2021;1;174;beauce_5_sa_030;orgeh;orgeH_tousSols_nonirr_organique;4.27;0.0;34.12;17.42;55.51;16.84;8.69;0.03;0.0;0;27.88;0;-183.35;0.0;0.03;0.0;4.27
2021;175;289;beauce_5_sa_030;solnu;;1.19;0.0;49.67;-39.79;0.0;8.69;17.3;0.05;0.06;0;0;0;-333.92;0.03;0.02;0.0;1.19
2021;290;365;beauce_5_sa_030;orgeh;orgeH_tousSols_nonirr_organique;3.45;0.0;11.18;4.04;8.91;17.34;20.14;0.01;0.0;0;4.46;0;-35.52;0.0;0.01;0.0;3.45
2021;1;226;beauce_5_sa_031;orgeh;orgeH_tousSols_nonirr_organique;4.74;0.0;60.39;20.64;53.25;17.27;41.11;0.08;0.01;0;29.96;0;-407.08;0.03;0.05;0.0;4.74
2021;227;267;beauce_5_sa_031;solnu;;1.0;0.0;18.41;-34.78;0.0;41.11;23.6;0.04;0.1;0;0;0;-117.85;0.04;0.0;0.0;1.0
2021;268;365;beauce_5_sa_031;orgeh;orgeH_tousSols_nonirr_organique;4.5;0.0;17.07;-9.43;4.73;23.59;22.0;0.01;0.0;0;2.37;0;-48.25;0.0;0.01;0.0;4.5
2021;1;228;beauce_5_sa_032;orgeh;orgeH_tousSols_nonirr_organique;5.87;0.0;60.2;17.11;49.84;18.99;41.75;0.06;0.0;0;26.28;0;-343.96;0.01;0.05;0.0;5.87
2021;229;273;beauce_5_sa_032;solnu;;0.99;0.0;19.21;-11.88;0.0;41.75;47.96;0.04;0.09;0;0;0;-145.41;0.04;0.01;0.0;0.99
2021;274;365;beauce_5_sa_032;orgeh;orgeH_tousSols_nonirr_organique;4.43;0.0;15.27;-33.29;6.0;48.24;19.51;0.0;0.0;0;3.0;0;-58.02;0.0;0.0;0.0;4.43
2021;1;206;beauce_5_sa_033;orgeh;orgeH_tousSols_nonirr_organique;5.65;0.0;49.59;13.56;61.56;18.74;15.82;0.04;0.0;0;30.78;0;-267.6;0.0;0.04;0.0;5.65
2021;207;311;beauce_5_sa_033;solnu;;1.16;0.0;39.12;-41.36;0.0;15.82;12.36;0.03;0.04;0;0;0;-256.11;0.01;0.01;0.0;1.16
2021;312;365;beauce_5_sa_033;orgeh;orgeH_tousSols_nonirr_organique;2.13;0.0;6.43;-6.16;0.0;12.38;10.49;0.0;0.0;0;0.0;0;-14.21;0.0;0.0;0.0;2.13
2021;1;224;beauce_5_sa_034;orgeh;orgeH_tousSols_nonirr_organique;4.71;0.0;59.01;21.3;60.23;15.39;31.77;0.06;0.0;0;30.11;0;-350.06;0.01;0.05;0.0;4.71
2021;225;288;beauce_5_sa_034;solnu;;0.79;0.0;25.23;-38.07;0.0;31.77;18.03;0.03;0.08;0;0;0;-174.44;0.03;0.0;0.0;0.79
2021;289;365;beauce_5_sa_034;orgeh;orgeH_tousSols_nonirr_organique;3.41;0.0;11.32;-11.06;0.0;18.03;14.88;0.0;0.0;0;0.0;0;-29.08;0.0;0.0;0.0;3.41
2021;1;228;beauce_5_sa_035;orgeh;orgeH_tousSols_nonirr_organique;6.84;0.0;60.47;9.93;55.61;22.21;31.62;0.05;0.0;0;27.8;0;-327.53;0.01;0.04;0.0;6.84
2021;229;313;beauce_5_sa_035;solnu;;1.48;0.0;28.5;-36.86;0.0;31.62;21.67;0.05;0.07;0;0;0;-200.61;0.04;0.01;0.0;1.48
2021;314;365;beauce_5_sa_035;orgeh;orgeH_tousSols_nonirr_organique;3.42;0.0;5.98;-7.7;0.0;20.49;16.53;0.0;0.0;0;0.0;0;-14.24;0.0;0.0;0.0;3.42
2021;1;178;beauce_5_sa_036;orgeh;orgeH_tousSols_nonirr_organique;5.07;0.0;36.22;15.76;55.14;17.69;9.38;0.03;0.0;0;27.57;0;-187.23;0.0;0.03;0.0;5.07
2021;179;297;beauce_5_sa_036;solnu;;1.23;0.0;49.37;-39.68;0.0;9.38;17.78;0.05;0.06;0;0;0;-336.21;0.03;0.02;0.0;1.23
2021;298;365;beauce_5_sa_036;orgeh;orgeH_tousSols_nonirr_organique;3.38;0.0;9.1;4.34;5.68;17.9;22.13;0.02;0.01;0;2.84;0;-27.0;0.01;0.01;0.0;3.38
2021;1;229;beauce_5_sa_037;orgeh;orgeH_tousSols_nonirr_organique;5.26;0.0;60.75;24.68;49.01;15.85;47.99;0.08;0.0;0;26.01;0;-366.06;0.03;0.05;0.0;5.26
2021;230;261;beauce_5_sa_037;solnu;;1.08;0.0;15.13;-11.87;0.0;47.99;50.03;0.05;0.1;0;0;0;-118.06;0.05;0.0;0.0;1.08
2021;262;365;beauce_5_sa_037;orgeh;orgeH_tousSols_nonirr_organique;5.31;0.0;19.18;-36.01;4.63;50.25;23.25;0.0;0.0;0;2.32;0;-76.75;0.0;0.0;0.0;5.31
2021;1;216;beauce_5_sa_038;orgeh;orgeH_tousSols_nonirr_organique;4.33;0.0;55.37;22.28;60.31;14.41;28.21;0.05;0.0;0;30.16;0;-328.12;0.0;0.05;0.0;4.33
2021;217;283;beauce_5_sa_038;solnu;;0.76;0.0;27.51;-38.41;0.0;28.21;16.45;0.04;0.07;0;0;0;-192.25;0.03;0.01;0.0;0.76
2021;284;365;beauce_5_sa_038;orgeh;orgeH_tousSols_nonirr_organique;3.11;0.0;12.63;-10.46;0.25;16.45;15.26;0.0;0.0;0;0.13;0;-32.44;0.0;0.0;0.0;3.11
2021;1;180;beauce_5_sa_039;orgeh;orgeH_tousSols_nonirr_organique;6.47;0.0;37.19;6.11;48.56;22.5;11.42;0.03;0.0;0;24.28;0;-178.18;0.0;0.03;0.0;6.47
2021;181;297;beauce_5_sa_039;solnu;;1.48;0.0;47.99;-1.31;0.0;11.42;56.56;0.07;0.06;0;0;0;-332.51;0.04;0.03;0.0;1.48
2021;298;365;beauce_5_sa_039;orgeh;orgeH_tousSols_nonirr_organique;4.34;0.0;9.07;-30.96;5.68;56.79;24.6;0.03;0.01;0;2.84;0;-40.45;0.03;0.0;0.0;4.34
2021;1;197;beauce_5_sa_040;orgeh;orgeH_tousSols_nonirr_organique;6.63;0.0;45.06;5.04;55.04;21.66;11.53;0.03;0.0;0;27.52;0;-218.14;0.0;0.03;0.0;6.63
2021;198;311;beauce_5_sa_040;solnu;;1.31;0.0;43.24;-3.2;0.0;11.53;50.16;0.07;0.04;0;0;0;-298.54;0.04;0.02;0.0;1.31
2021;312;365;beauce_5_sa_040;orgeh;orgeH_tousSols_nonirr_organique;3.69;0.0;6.4;-33.16;0.24;50.48;19.45;0.03;0.0;0;0.12;0;-28.43;0.03;0.0;0.0;3.69
2021;1;220;beauce_5_sa_041;orgeh;orgeH_tousSols_nonirr_organique;6.54;0.0;56.97;12.99;56.31;21.33;29.82;0.05;0.0;0;28.15;0;-315.67;0.01;0.04;0.0;6.54
2021;221;295;beauce_5_sa_041;solnu;;1.22;0.0;28.44;-26.05;0.0;29.82;30.87;0.04;0.07;0;0;0;-206.52;0.03;0.01;0.0;1.22
2021;296;365;beauce_5_sa_041;orgeh;orgeH_tousSols_nonirr_organique;3.44;0.0;9.62;-19.53;0.36;28.15;17.16;0.0;0.0;0;0.18;0;-26.35;0.0;0.0;0.0;3.44
2021;1;219;beauce_5_sa_042;orgeh;orgeH_tousSols_nonirr_organique;4.62;0.0;57.17;19.96;54.69;17.57;36.17;0.07;0.01;0;31.31;0;-388.41;0.03;0.05;0.0;4.62
2021;220;269;beauce_5_sa_042;solnu;;0.88;0.0;22.01;-36.16;0.0;36.17;20.3;0.03;0.09;0;0;0;-142.41;0.03;0.0;0.0;0.88
2021;270;365;beauce_5_sa_042;orgeh;orgeH_tousSols_nonirr_organique;3.88;0.0;16.57;-7.51;5.59;20.35;19.89;0.01;0.0;0;2.79;0;-42.78;0.0;0.01;0.0;3.88
2021;1;231;beauce_5_sa_043;orgeh;orgeH_tousSols_nonirr_organique;6.1;0.0;61.57;19.11;49.4;19.27;45.94;0.07;0.0;0;25.45;0;-359.26;0.02;0.05;0.0;6.1
2021;232;270;beauce_5_sa_043;solnu;;1.07;0.0;17.09;-12.08;0.0;45.94;49.72;0.05;0.1;0;0;0;-130.05;0.04;0.0;0.0;1.07
2021;271;365;beauce_5_sa_043;orgeh;orgeH_tousSols_nonirr_organique;4.92;0.0;16.05;-34.65;4.5;50.0;21.69;0.0;0.0;0;2.25;0;-63.69;0.0;0.0;0.0;4.92
2021;1;225;beauce_5_sa_044;orgeh;orgeH_tousSols_nonirr_organique;4.73;0.0;59.83;20.86;54.08;17.29;39.97;0.07;0.0;0;30.21;0;-403.37;0.03;0.05;0.0;4.73
2021;226;268;beauce_5_sa_044;solnu;;0.98;0.0;19.13;-38.61;0.0;39.97;19.4;0.03;0.08;0;0;0;-114.61;0.03;0.0;0.0;0.98
2021;269;365;beauce_5_sa_044;orgeh;orgeH_tousSols_nonirr_organique;3.7;0.0;16.8;-6.54;6.64;19.4;19.3;0.01;0.0;0;3.32;0;-45.27;0.0;0.01;0.0;3.7
2021;1;170;beauce_5_sa_045;orgeh;orgeH_tousSols_nonirr_organique;6.88;0.0;32.33;11.84;49.76;25.75;14.06;0.03;0.0;0;25.19;0;-167.67;0.0;0.03;0.0;6.88
2021;171;296;beauce_5_sa_045;solnu;;2.12;0.0;52.33;0.26;0.0;14.06;64.44;0.08;0.07;0;0;0;-375.12;0.05;0.03;0.0;2.12
2021;297;365;beauce_5_sa_045;orgeh;orgeH_tousSols_nonirr_organique;5.33;0.0;9.16;-32.12;6.12;64.6;29.98;0.04;0.01;0;3.06;0;-45.33;0.04;0.0;0.0;5.33
2021;1;220;beauce_5_sa_046;orgeh;orgeH_tousSols_nonirr_organique;4.56;0.0;56.98;26.14;56.61;15.64;38.25;0.07;0.0;0;28.31;0;-347.94;0.02;0.05;0.0;4.56
2021;221;269;beauce_5_sa_046;solnu;;0.92;0.0;21.61;-29.11;0.0;38.25;29.68;0.04;0.1;0;0;0;-165.61;0.03;0.01;0.0;0.92
2021;270;365;beauce_5_sa_046;orgeh;orgeH_tousSols_nonirr_organique;4.26;0.0;16.8;-18.83;2.64;27.14;20.75;0.0;0.0;0;1.32;0;-51.24;0.0;0.0;0.0;4.26
2021;1;179;beauce_5_sa_047;orgeh;orgeH_tousSols_nonirr_organique;6.88;0.0;36.81;7.29;49.16;24.11;12.52;0.03;0.0;0;24.58;0;-179.7;0.0;0.03;0.0;6.88
2021;180;317;beauce_5_sa_047;solnu;;2.8;0.0;52.14;-27.31;0.0;12.52;34.5;0.09;0.06;0;0;0;-365.21;0.06;0.03;0.0;2.8
2021;318;365;beauce_5_sa_047;orgeh;orgeH_tousSols_nonirr_organique;3.45;0.0;5.24;-5.69;0.61;34.04;29.97;0.02;0.01;0;0.3;0;-16.98;0.02;0.0;0.0;3.45
2021;1;195;beauce_5_sa_048;orgeh;orgeH_tousSols_nonirr_organique;6.41;0.0;44.41;6.92;55.99;21.04;11.37;0.03;0.0;0;28.0;0;-218.38;0.0;0.03;0.0;6.41
2021;196;306;beauce_5_sa_048;solnu;;1.11;0.0;42.55;-31.45;0.0;11.37;21.28;0.04;0.04;0;0;0;-291.88;0.02;0.02;0.0;1.11
2021;307;365;beauce_5_sa_048;orgeh;orgeH_tousSols_nonirr_organique;2.72;0.0;7.66;-8.2;3.0;20.59;15.02;0.01;0.0;0;1.5;0;-20.23;0.0;0.0;0.0;2.72
2021;1;219;beauce_5_sa_049;orgeh;orgeH_tousSols_nonirr_organique;4.8;0.0;57.43;21.63;54.04;18.18;39.16;0.09;0.01;0;30.54;0;-387.12;0.04;0.05;0.0;4.8
2021;220;263;beauce_5_sa_049;solnu;;0.95;0.0;20.39;-35.43;0.0;39.16;21.89;0.03;0.09;0;0;0;-141.19;0.03;0.0;0.0;0.95
2021;264;365;beauce_5_sa_049;orgeh;orgeH_tousSols_nonirr_organique;4.27;0.0;18.94;-10.54;5.06;21.89;20.96;0.01;0.0;0;2.53;0;-55.97;0.0;0.01;0.0;4.27
2021;1;183;beauce_5_sa_050;orgeh;orgeH_tousSols_nonirr_organique;4.62;0.0;38.96;16.17;51.84;15.71;15.28;0.04;0.0;0;28.0;0;-203.23;0.0;0.03;0.0;4.62
2021;184;269;beauce_5_sa_050;solnu;;0.98;0.0;38.98;-5.09;0.0;15.28;47.96;0.06;0.07;0;0;0;-278.67;0.04;0.02;0.0;0.98
2021;270;365;beauce_5_sa_050;orgeh;orgeH_tousSols_nonirr_organique;3.33;0.0;16.47;-35.63;9.26;48.52;16.21;0.0;0.0;0;4.63;0;-68.44;0.0;0.0;0.0;3.33
2021;1;200;beauce_5_sa_051;orgeh;orgeH_tousSols_nonirr_organique;3.83;0.0;46.77;23.63;51.61;12.58;28.26;0.06;0.0;0;29.02;0;-273.68;0.02;0.04;0.0;3.83
2021;201;260;beauce_5_sa_051;solnu;;0.97;0.0;28.95;-9.04;0.0;28.26;47.07;0.05;0.08;0;0;0;-214.06;0.04;0.01;0.0;0.97
2021;261;365;beauce_5_sa_051;orgeh;orgeH_tousSols_nonirr_organique;4.05;0.0;19.7;-36.37;7.95;47.67;18.39;0.0;0.0;0;3.98;0;-77.87;0.0;0.0;0.0;4.05
2021;1;178;beauce_5_sa_052;orgeh;orgeH_tousSols_nonirr_organique;4.26;0.0;36.36;15.59;56.18;16.55;7.72;0.03;0.0;0;29.84;0;-204.05;0.0;0.03;0.0;4.26
2021;179;283;beauce_5_sa_052;solnu;;0.9;0.0;46.51;-38.61;0.0;7.72;14.77;0.04;0.05;0;0;0;-310.18;0.02;0.02;0.0;0.9
2021;284;365;beauce_5_sa_052;orgeh;orgeH_tousSols_nonirr_organique;2.85;0.0;12.72;-3.47;5.22;14.83;15.95;0.01;0.0;0;2.61;0;-36.45;0.0;0.01;0.0;2.85
2021;1;187;beauce_5_sa_053;orgeh;orgeH_tousSols_nonirr_organique;5.75;0.0;40.79;8.01;51.52;18.8;11.56;0.03;0.0;0;27.1;0;-197.34;0.0;0.03;0.0;5.75
2021;188;283;beauce_5_sa_053;solnu;;0.92;0.0;41.34;-4.14;0.0;11.56;47.74;0.05;0.06;0;0;0;-287.14;0.02;0.02;0.0;0.92
2021;284;365;beauce_5_sa_053;orgeh;orgeH_tousSols_nonirr_organique;2.94;0.0;12.47;-34.35;9.29;48.09;13.62;0.01;0.0;0;4.64;0;-50.88;0.01;0.0;0.0;2.94
2021;1;220;beauce_5_sa_054;orgeh;orgeH_tousSols_nonirr_organique;4.67;0.0;57.31;19.0;57.03;17.29;32.71;0.06;0.01;0;31.9;0;-384.05;0.02;0.05;0.0;4.67
2021;221;276;beauce_5_sa_054;solnu;;0.88;0.0;24.57;-37.24;0.0;32.71;19.05;0.03;0.08;0;0;0;-153.52;0.03;0.0;0.0;0.88
2021;277;365;beauce_5_sa_054;orgeh;orgeH_tousSols_nonirr_organique;3.68;0.0;14.76;-7.08;4.59;19.06;18.47;0.01;0.0;0;2.29;0;-35.96;0.0;0.01;0.0;3.68
2021;1;180;beauce_5_sa_055;orgeh;orgeH_tousSols_nonirr_organique;6.91;0.0;37.11;4.93;47.16;24.07;12.79;0.03;0.0;0;23.58;0;-178.45;0.0;0.03;0.0;6.91
2021;181;315;beauce_5_sa_055;solnu;;2.33;0.0;51.45;0.94;0.0;12.79;62.77;0.11;0.06;0;0;0;-357.38;0.07;0.03;0.0;2.33
2021;316;365;beauce_5_sa_055;orgeh;orgeH_tousSols_nonirr_organique;4.91;0.0;5.54;-28.77;0.9;63.05;33.69;0.03;0.01;0;0.45;0;-29.47;0.03;0.0;0.0;4.91
2021;1;191;beauce_5_sa_056;orgeh;orgeH_tousSols_nonirr_organique;5.83;0.0;42.72;8.09;51.63;19.09;13.69;0.03;0.0;0;27.91;0;-210.69;0.0;0.03;0.0;5.83
2021;192;284;beauce_5_sa_056;solnu;;0.94;0.0;39.75;-5.39;0.0;13.69;47.02;0.05;0.06;0;0;0;-278.47;0.02;0.02;0.0;0.94
2021;285;365;beauce_5_sa_056;orgeh;orgeH_tousSols_nonirr_organique;2.91;0.0;12.2;-35.22;7.79;47.31;13.29;0.01;0.0;0;3.89;0;-48.3;0.01;0.0;0.0;2.91
2021;1;193;beauce_5_sa_057;orgeh;orgeH_tousSols_nonirr_organique;4.08;0.0;44.04;15.69;55.21;16.69;17.8;0.05;0.01;0;33.1;0;-291.61;0.01;0.04;0.0;4.08
2021;194;272;beauce_5_sa_057;solnu;;0.77;0.0;35.63;-43.54;0.0;17.8;9.08;0.02;0.03;0;0;0;-225.6;0.01;0.01;0.0;0.77
2021;273;365;beauce_5_sa_057;orgeh;orgeH_tousSols_nonirr_organique;1.84;0.0;15.7;-0.9;9.47;9.15;12.55;0.01;0.0;0;4.74;0;-39.27;0.0;0.01;0.0;1.84
2021;1;187;beauce_5_sa_058;orgeh;orgeH_tousSols_nonirr_organique;6.28;0.0;40.74;6.38;51.45;20.66;10.33;0.03;0.0;0;25.73;0;-193.42;0.0;0.03;0.0;6.28
2021;188;309;beauce_5_sa_058;solnu;;1.32;0.0;47.1;-33.04;0.0;10.33;23.08;0.05;0.05;0;0;0;-318.49;0.03;0.02;0.0;1.32
2021;310;365;beauce_5_sa_058;orgeh;orgeH_tousSols_nonirr_organique;3.08;0.0;6.78;-3.4;2.16;22.83;21.2;0.02;0.01;0;1.08;0;-19.54;0.01;0.0;0.0;3.08
2021;1;181;beauce_5_sa_059;orgeh;orgeH_tousSols_nonirr_organique;4.02;0.0;37.74;18.4;52.54;13.66;14.0;0.04;0.0;0;28.52;0;-201.09;0.0;0.03;0.0;4.02
2021;182;266;beauce_5_sa_059;solnu;;0.89;0.0;39.6;-4.9;0.0;14.0;47.68;0.06;0.07;0;0;0;-283.7;0.04;0.02;0.0;0.89
2021;267;365;beauce_5_sa_059;orgeh;orgeH_tousSols_nonirr_organique;3.37;0.0;17.26;-35.48;9.46;47.99;16.63;0.0;0.0;0;4.73;0;-70.01;0.0;0.0;0.0;3.37
2021;1;198;beauce_5_sa_060;orgeh;orgeH_tousSols_nonirr_organique;5.48;0.0;45.75;14.77;57.17;17.97;17.27;0.04;0.0;0;28.58;0;-242.51;0.0;0.04;0.0;5.48
2021;199;285;beauce_5_sa_060;solnu;;0.94;0.0;37.28;-32.42;0.0;17.27;21.09;0.04;0.06;0;0;0;-265.91;0.02;0.02;0.0;0.94
2021;286;365;beauce_5_sa_060;orgeh;orgeH_tousSols_nonirr_organique;2.99;0.0;12.03;-7.65;5.29;20.01;17.18;0.01;0.0;0;2.65;0;-33.26;0.0;0.01;0.0;2.99
2021;1;219;beauce_5_sa_061;orgeh;orgeH_tousSols_nonirr_organique;4.73;0.0;56.82;23.27;56.74;16.93;36.36;0.07;0.0;0;30.09;0;-366.04;0.02;0.05;0.0;4.73
2021;220;270;beauce_5_sa_061;solnu;;0.88;0.0;22.64;-36.91;0.0;36.36;20.65;0.04;0.09;0;0;0;-158.61;0.03;0.0;0.0;0.88
2021;271;365;beauce_5_sa_061;orgeh;orgeH_tousSols_nonirr_organique;3.95;0.0;16.58;-11.46;2.57;20.65;19.25;0.0;0.0;0;1.28;0;-48.19;0.0;0.0;0.0;3.95
2021;1;218;beauce_5_sa_062;orgeh;orgeH_tousSols_nonirr_organique;5.9;0.0;55.99;11.91;50.81;19.32;31.78;0.04;0.0;0;26.75;0;-303.34;0.0;0.04;0.0;5.9
2021;219;284;beauce_5_sa_062;solnu;;1.0;0.0;26.63;-10.07;0.0;31.78;47.23;0.04;0.08;0;0;0;-191.87;0.03;0.01;0.0;1.0
2021;285;365;beauce_5_sa_062;orgeh;orgeH_tousSols_nonirr_organique;3.59;0.0;12.18;-33.71;6.29;47.5;15.81;0.01;0.0;0;3.14;0;-45.46;0.01;0.0;0.0;3.59
2021;1;201;beauce_5_sa_063;orgeh;orgeH_tousSols_nonirr_organique;5.22;0.0;47.0;15.37;51.5;16.84;23.83;0.05;0.0;0;27.87;0;-253.27;0.01;0.04;0.0;5.22
2021;202;273;beauce_5_sa_063;solnu;;0.93;0.0;32.5;-8.18;0.0;23.83;47.1;0.05;0.07;0;0;0;-235.13;0.03;0.02;0.0;0.93
2021;274;365;beauce_5_sa_063;orgeh;orgeH_tousSols_nonirr_organique;3.36;0.0;15.27;-35.74;7.5;47.43;15.76;0.0;0.0;0;3.75;0;-60.01;0.0;0.0;0.0;3.36
2021;1;210;beauce_5_sa_064;orgeh;orgeH_tousSols_nonirr_organique;4.82;0.0;51.85;18.91;62.71;15.76;20.0;0.04;0.0;0;31.35;0;-295.16;0.0;0.04;0.0;4.82
2021;211;296;beauce_5_sa_064;solnu;;0.97;0.0;34.56;-40.15;0.0;20.0;13.35;0.03;0.05;0;0;0;-232.24;0.02;0.01;0.0;0.97
2021;297;365;beauce_5_sa_064;orgeh;orgeH_tousSols_nonirr_organique;2.45;0.0;9.21;-8.37;0.0;13.35;11.74;0.0;0.0;0;0.0;0;-22.05;0.0;0.0;0.0;2.45
2021;1;222;beauce_5_sa_065;orgeh;orgeH_tousSols_nonirr_organique;4.02;0.0;58.17;24.05;58.33;13.84;34.3;0.06;0.0;0;29.16;0;-354.44;0.01;0.05;0.0;4.02
2021;223;276;beauce_5_sa_065;solnu;;0.74;0.0;22.92;-36.88;0.0;34.3;19.47;0.04;0.09;0;0;0;-161.74;0.03;0.0;0.0;0.74
2021;277;365;beauce_5_sa_065;orgeh;orgeH_tousSols_nonirr_organique;3.71;0.0;14.73;-10.93;1.44;19.47;18.11;0.0;0.0;0;0.72;0;-41.58;0.0;0.0;0.0;3.71
2021;1;221;beauce_5_sa_066;orgeh;orgeH_tousSols_nonirr_organique;5.18;0.0;57.25;23.36;50.67;16.1;41.92;0.07;0.0;0;26.84;0;-339.48;0.02;0.05;0.0;5.18
2021;222;265;beauce_5_sa_066;solnu;;1.04;0.0;20.21;-11.51;0.0;41.92;49.44;0.04;0.1;0;0;0;-153.17;0.04;0.01;0.0;1.04
2021;266;365;beauce_5_sa_066;orgeh;orgeH_tousSols_nonirr_organique;4.68;0.0;17.51;-35.26;6.0;49.67;21.01;0.0;0.0;0;3.0;0;-69.04;0.0;0.0;0.0;4.68
2021;1;222;beauce_5_sa_067;orgeh;orgeH_tousSols_nonirr_organique;4.37;0.0;57.84;19.62;48.62;14.04;39.29;0.07;0.0;0;25.81;0;-335.12;0.02;0.05;0.0;4.37
2021;223;269;beauce_5_sa_067;solnu;;0.87;0.0;20.44;-11.83;0.0;39.29;46.89;0.04;0.1;0;0;0;-158.02;0.04;0.01;0.0;0.87
2021;270;365;beauce_5_sa_067;orgeh;orgeH_tousSols_nonirr_organique;4.2;0.0;16.48;-33.86;6.0;47.37;19.3;0.0;0.0;0;3.0;0;-64.09;0.0;0.0;0.0;4.2
2021;1;221;beauce_5_sa_068;orgeh;orgeH_tousSols_nonirr_organique;4.87;0.0;57.61;21.75;63.21;16.75;29.02;0.05;0.0;0;31.73;0;-355.11;0.01;0.05;0.0;4.87
2021;222;289;beauce_5_sa_068;solnu;;0.86;0.0;27.41;-38.61;0.0;29.02;16.86;0.03;0.07;0;0;0;-180.03;0.02;0.0;0.0;0.86
2021;290;365;beauce_5_sa_068;orgeh;orgeH_tousSols_nonirr_organique;3.19;0.0;11.15;-9.67;0.0;16.86;15.14;0.0;0.0;0;0.0;0;-24.94;0.0;0.0;0.0;3.19
2021;1;197;beauce_5_sa_069;orgeh;orgeH_tousSols_nonirr_organique;3.77;0.0;45.39;23.31;51.03;12.27;26.88;0.06;0.0;0;28.82;0;-263.71;0.02;0.04;0.0;3.77
2021;198;259;beauce_5_sa_069;solnu;;0.97;0.0;29.84;-8.62;0.0;26.88;46.98;0.05;0.08;0;0;0;-220.48;0.04;0.01;0.0;0.97
2021;260;365;beauce_5_sa_069;orgeh;orgeH_tousSols_nonirr_organique;4.08;0.0;20.16;-36.16;8.42;47.52;18.49;0.0;0.0;0;4.21;0;-80.5;0.0;0.0;0.0;4.08
2021;1;171;beauce_5_sa_070;orgeh;orgeH_tousSols_nonirr_organique;4.25;0.0;32.93;13.74;50.68;15.42;8.05;0.03;0.0;0;27.43;0;-162.9;0.0;0.03;0.0;4.25
2021;172;269;beauce_5_sa_070;solnu;;1.02;0.0;44.88;-2.5;0.0;8.05;49.28;0.06;0.07;0;0;0;-314.66;0.03;0.03;0.0;1.02
2021;270;365;beauce_5_sa_070;orgeh;orgeH_tousSols_nonirr_organique;3.32;0.0;16.49;-34.68;11.33;49.84;16.43;0.0;0.0;0;5.67;0;-71.52;0.0;0.0;0.0;3.32
2021;1;229;beauce_5_sa_071;orgeh;orgeH_tousSols_nonirr_organique;6.91;0.0;60.87;9.66;54.98;22.38;32.48;0.05;0.0;0;27.49;0;-328.23;0.01;0.04;0.0;6.91
2021;230;312;beauce_5_sa_071;solnu;;1.44;0.0;27.87;-29.12;0.0;32.48;29.67;0.06;0.07;0;0;0;-199.41;0.04;0.01;0.0;1.44
2021;313;365;beauce_5_sa_071;orgeh;orgeH_tousSols_nonirr_organique;3.71;0.0;6.15;-14.02;0.0;28.59;18.08;0.0;0.0;0;0.0;0;-16.99;0.0;0.0;0.0;3.71
2021;1;219;beauce_5_sa_072;orgeh;orgeH_tousSols_nonirr_organique;6.63;0.0;56.48;8.91;54.3;21.48;27.35;0.05;0.0;0;27.15;0;-296.92;0.01;0.04;0.0;6.63
2021;220;304;beauce_5_sa_072;solnu;;1.17;0.0;30.5;-8.74;0.0;27.35;47.57;0.05;0.06;0;0;0;-218.04;0.03;0.01;0.0;1.17
2021;305;365;beauce_5_sa_072;orgeh;orgeH_tousSols_nonirr_organique;3.65;0.0;7.86;-33.75;0.1;47.7;17.91;0.02;0.0;0;0.05;0;-28.22;0.02;0.0;0.0;3.65
2021;1;196;beauce_5_sa_073;orgeh;orgeH_tousSols_nonirr_organique;5.86;0.0;44.79;10.29;59.26;19.44;10.63;0.03;0.0;0;29.63;0;-228.66;0.0;0.03;0.0;5.86
2021;197;313;beauce_5_sa_073;solnu;;1.18;0.0;44.02;-40.9;0.0;10.63;12.5;0.03;0.04;0;0;0;-290.91;0.01;0.02;0.0;1.18
2021;314;365;beauce_5_sa_073;orgeh;orgeH_tousSols_nonirr_organique;2.17;0.0;6.0;-2.62;1.06;12.3;12.64;0.0;0.0;0;0.53;0;-12.97;0.0;0.0;0.0;2.17
2021;1;189;beauce_5_sa_074;orgeh;orgeH_tousSols_nonirr_organique;6.55;0.0;41.56;5.86;52.82;21.48;10.01;0.03;0.0;0;26.41;0;-199.75;0.0;0.03;0.0;6.55
2021;190;307;beauce_5_sa_074;solnu;;1.18;0.0;45.76;-29.06;0.0;10.01;25.47;0.05;0.04;0;0;0;-312.56;0.03;0.02;0.0;1.18
2021;308;365;beauce_5_sa_074;orgeh;orgeH_tousSols_nonirr_organique;3.12;0.0;7.46;-8.61;2.76;24.05;18.43;0.01;0.01;0;1.38;0;-21.9;0.01;0.0;0.0;3.12
2021;1;199;beauce_5_sa_075;orgeh;orgeH_tousSols_nonirr_organique;3.63;0.0;47.04;15.82;51.78;16.3;24.28;0.07;0.01;0;34.07;0;-328.23;0.03;0.04;0.0;3.63
2021;200;263;beauce_5_sa_075;solnu;;0.91;0.0;30.73;-47.61;0.0;24.28;6.49;0.01;0.0;0;0;0;-185.59;0.01;0.0;0.0;0.91
2021;264;365;beauce_5_sa_075;orgeh;orgeH_tousSols_nonirr_organique;1.33;0.0;18.63;2.99;15.41;6.61;11.35;0.02;0.0;0;7.71;0;-50.18;0.01;0.01;0.0;1.33
2021;1;202;beauce_5_sa_076;orgeh;orgeH_tousSols_nonirr_organique;4.73;0.0;47.53;19.48;63.98;16.41;15.69;0.04;0.0;0;32.11;0;-277.03;0.0;0.04;0.0;4.73
2021;203;290;beauce_5_sa_076;solnu;;0.81;0.0;37.58;-39.49;0.0;15.69;12.88;0.03;0.05;0;0;0;-245.97;0.02;0.01;0.0;0.81
2021;291;365;beauce_5_sa_076;orgeh;orgeH_tousSols_nonirr_organique;2.46;0.0;10.9;-7.32;1.2;12.88;12.79;0.0;0.0;0;0.6;0;-25.13;0.0;0.0;0.0;2.46
2021;1;184;beauce_5_sa_077;orgeh;orgeH_tousSols_nonirr_organique;6.29;0.0;39.3;7.99;51.64;20.79;10.55;0.03;0.0;0;25.82;0;-190.21;0.0;0.03;0.0;6.29
2021;185;307;beauce_5_sa_077;solnu;;1.14;0.0;47.68;-32.65;0.0;10.55;24.35;0.05;0.05;0;0;0;-324.67;0.03;0.02;0.0;1.14
2021;308;365;beauce_5_sa_077;orgeh;orgeH_tousSols_nonirr_organique;3.4;0.0;7.46;-3.32;2.76;23.63;22.31;0.02;0.01;0;1.38;0;-22.54;0.02;0.0;0.0;3.4
2021;1;221;beauce_5_sa_078;orgeh;orgeH_tousSols_nonirr_organique;6.29;0.0;57.33;11.67;52.07;20.49;32.46;0.05;0.0;0;27.51;0;-312.96;0.01;0.04;0.0;6.29
2021;222;288;beauce_5_sa_078;solnu;;1.05;0.0;26.3;-10.51;0.0;32.46;47.08;0.04;0.08;0;0;0;-192.35;0.03;0.01;0.0;1.05
2021;289;365;beauce_5_sa_078;orgeh;orgeH_tousSols_nonirr_organique;3.7;0.0;11.25;-31.86;6.37;47.29;16.39;0.01;0.0;0;3.19;0;-42.41;0.01;0.0;0.0;3.7
2021;1;199;beauce_5_sa_079;orgeh;orgeH_tousSols_nonirr_organique;3.84;0.0;46.49;23.75;50.82;12.68;28.93;0.07;0.01;0;29.01;0;-274.28;0.03;0.04;0.0;3.84
2021;200;258;beauce_5_sa_079;solnu;;1.07;0.0;28.66;-9.16;0.0;28.93;47.22;0.05;0.08;0;0;0;-212.53;0.04;0.01;0.0;1.07
2021;259;365;beauce_5_sa_079;orgeh;orgeH_tousSols_nonirr_organique;4.24;0.0;20.5;-35.83;8.02;47.61;19.62;0.0;0.0;0;4.01;0;-82.3;0.0;0.0;0.0;4.24
2021;1;217;beauce_5_sa_080;orgeh;orgeH_tousSols_nonirr_organique;4.54;0.0;56.91;22.54;52.43;17.83;41.02;0.09;0.01;0;29.88;0;-383.68;0.04;0.05;0.0;4.54
2021;218;258;beauce_5_sa_080;solnu;;1.33;0.0;19.2;-34.34;0.0;41.02;24.41;0.05;0.09;0;0;0;-136.3;0.05;0.0;0.0;1.33
2021;259;365;beauce_5_sa_080;orgeh;orgeH_tousSols_nonirr_organique;4.8;0.0;20.96;-9.85;7.64;24.41;23.07;0.01;0.0;0;3.82;0;-66.78;0.0;0.01;0.0;4.8
2021;1;195;beauce_5_sa_081;orgeh;orgeH_tousSols_nonirr_organique;6.61;0.0;44.4;7.96;55.97;21.7;12.92;0.03;0.0;0;27.98;0;-221.53;0.0;0.03;0.0;6.61
2021;196;296;beauce_5_sa_081;solnu;;1.13;0.0;40.97;-4.61;0.0;12.92;48.04;0.05;0.05;0;0;0;-285.05;0.03;0.02;0.0;1.13
2021;297;365;beauce_5_sa_081;orgeh;orgeH_tousSols_nonirr_organique;3.16;0.0;9.18;-34.52;3.0;48.2;16.54;0.02;0.0;0;1.5;0;-37.01;0.01;0.0;0.0;3.16
2021;1;181;beauce_5_sa_082;orgeh;orgeH_tousSols_nonirr_organique;4.36;0.0;37.71;19.51;58.05;15.77;11.35;0.03;0.0;0;29.03;0;-203.54;0.0;0.03;0.0;4.36
2021;182;272;beauce_5_sa_082;solnu;;0.91;0.0;41.21;-14.93;0.0;11.35;36.6;0.05;0.07;0;0;0;-297.27;0.03;0.02;0.0;0.91
2021;273;365;beauce_5_sa_082;orgeh;orgeH_tousSols_nonirr_organique;3.13;0.0;15.67;-24.56;8.1;34.24;16.46;0.0;0.0;0;4.05;0;-55.85;0.0;0.0;0.0;3.13
2021;1;225;beauce_5_sa_083;orgeh;orgeH_tousSols_nonirr_organique;5.44;0.0;59.0;20.68;50.05;17.22;42.41;0.07;0.0;0;26.52;0;-345.54;0.02;0.05;0.0;5.44
2021;226;267;beauce_5_sa_083;solnu;;1.0;0.0;18.81;-11.98;0.0;42.41;48.11;0.04;0.1;0;0;0;-143.86;0.04;0.01;0.0;1.0
2021;268;365;beauce_5_sa_083;orgeh;orgeH_tousSols_nonirr_organique;4.56;0.0;16.98;-35.34;4.5;48.36;20.69;0.0;0.0;0;2.25;0;-63.48;0.0;0.0;0.0;4.56
2021;1;225;beauce_5_sa_084;orgeh;orgeH_tousSols_nonirr_organique;5.93;0.0;59.33;13.79;58.21;19.44;29.65;0.05;0.0;0;29.1;0;-332.04;0.01;0.04;0.0;5.93
2021;226;302;beauce_5_sa_084;solnu;;1.08;0.0;27.66;-38.72;0.0;29.65;17.41;0.03;0.07;0;0;0;-188.08;0.02;0.01;0.0;1.08
2021;303;365;beauce_5_sa_084;orgeh;orgeH_tousSols_nonirr_organique;3.17;0.0;8.16;-8.07;0.0;17.41;14.33;0.0;0.0;0;0.0;0;-20.09;0.0;0.0;0.0;3.17
2021;1;218;beauce_5_sa_085;orgeh;orgeH_tousSols_nonirr_organique;5.89;0.0;56.19;13.17;59.69;19.51;24.51;0.04;0.0;0;29.84;0;-312.14;0.0;0.04;0.0;5.89
2021;219;314;beauce_5_sa_085;solnu;;1.61;0.0;33.2;-41.52;0.0;24.51;14.5;0.03;0.05;0;0;0;-214.11;0.02;0.01;0.0;1.61
2021;315;365;beauce_5_sa_085;orgeh;orgeH_tousSols_nonirr_organique;2.23;0.0;5.77;-5.62;0.0;14.51;12.41;0.0;0.0;0;0.0;0;-12.68;0.0;0.0;0.0;2.23
2021;1;188;beauce_5_sa_086;orgeh;orgeH_tousSols_nonirr_organique;4.3;0.0;41.32;20.25;61.12;15.05;12.03;0.04;0.0;0;30.86;0;-234.34;0.0;0.04;0.0;4.3
2021;189;278;beauce_5_sa_086;solnu;;0.72;0.0;39.94;-36.71;0.0;12.03;14.43;0.04;0.06;0;0;0;-276.63;0.03;0.02;0.0;0.72
2021;279;365;beauce_5_sa_086;orgeh;orgeH_tousSols_nonirr_organique;2.77;0.0;14.17;-8.23;2.98;14.43;14.62;0.0;0.0;0;1.49;0;-41.65;0.0;0.0;0.0;2.77
2021;1;200;beauce_5_sa_087;orgeh;orgeH_tousSols_nonirr_organique;4.62;0.0;46.83;17.98;59.93;17.07;18.16;0.04;0.0;0;32.49;0;-292.62;0.0;0.04;0.0;4.62
2021;201;280;beauce_5_sa_087;solnu;;0.81;0.0;35.8;-38.59;0.0;18.16;14.46;0.03;0.06;0;0;0;-235.43;0.02;0.01;0.0;0.81
2021;281;365;beauce_5_sa_087;orgeh;orgeH_tousSols_nonirr_organique;2.8;0.0;13.6;-5.5;4.58;14.47;15.17;0.01;0.0;0;2.29;0;-33.39;0.0;0.01;0.0;2.8
2021;1;213;beauce_5_sa_088;orgeh;orgeH_tousSols_nonirr_organique;5.2;0.0;53.72;19.77;56.76;17.06;29.81;0.05;0.0;0;28.38;0;-307.08;0.01;0.04;0.0;5.2
2021;214;278;beauce_5_sa_088;solnu;;0.93;0.0;27.4;-28.87;0.0;29.81;27.29;0.04;0.08;0;0;0;-203.46;0.03;0.01;0.0;0.93
2021;279;365;beauce_5_sa_088;orgeh;orgeH_tousSols_nonirr_organique;3.45;0.0;13.9;-16.25;3.49;26.03;18.0;0.0;0.0;0;1.75;0;-40.2;0.0;0.0;0.0;3.45
2021;1;215;beauce_5_sa_089;orgeh;orgeH_tousSols_nonirr_organique;4.33;0.0;55.27;25.05;50.1;13.76;40.45;0.08;0.01;0;28.56;0;-339.09;0.03;0.05;0.0;4.33
2021;216;257;beauce_5_sa_089;solnu;;1.15;0.0;19.32;-11.72;0.0;40.45;46.75;0.05;0.1;0;0;0;-148.34;0.04;0.01;0.0;1.15
2021;258;365;beauce_5_sa_089;orgeh;orgeH_tousSols_nonirr_organique;4.74;0.0;21.1;-35.65;6.32;47.38;21.14;0.0;0.0;0;3.16;0;-81.26;0.0;0.0;0.0;4.74
2021;1;230;beauce_5_sa_090;orgeh;orgeH_tousSols_nonirr_organique;6.78;0.0;61.41;9.62;53.89;21.98;33.78;0.05;0.0;0;26.94;0;-328.23;0.01;0.04;0.0;6.78
2021;231;304;beauce_5_sa_090;solnu;;1.2;0.0;25.57;-10.47;0.0;33.78;47.57;0.05;0.07;0;0;0;-186.77;0.04;0.01;0.0;1.2
2021;305;365;beauce_5_sa_090;orgeh;orgeH_tousSols_nonirr_organique;4.13;0.0;7.86;-32.08;0.0;47.69;19.21;0.02;0.0;0;0.0;0;-28.03;0.01;0.0;0.0;4.13
2021;1;187;beauce_5_sa_091;orgeh;orgeH_tousSols_nonirr_organique;6.7;0.0;40.66;2.17;48.25;21.94;11.27;0.03;0.0;0;24.13;0;-185.57;0.0;0.03;0.0;6.7
2021;188;315;beauce_5_sa_091;solnu;;1.8;0.0;48.27;-0.54;0.0;11.27;57.05;0.09;0.05;0;0;0;-328.36;0.07;0.03;0.0;1.8
2021;316;365;beauce_5_sa_091;orgeh;orgeH_tousSols_nonirr_organique;4.26;0.0;5.54;-28.87;0.9;57.33;28.53;0.03;0.0;0;0.45;0;-28.09;0.03;0.0;0.0;4.26
2021;1;212;beauce_5_sa_092;orgeh;orgeH_tousSols_nonirr_organique;6.57;0.0;53.04;10.35;53.17;21.53;26.61;0.04;0.0;0;27.46;0;-282.26;0.0;0.04;0.0;6.57
2021;213;291;beauce_5_sa_092;solnu;;1.12;0.0;31.07;-8.88;0.0;26.61;47.57;0.04;0.06;0;0;0;-226.27;0.03;0.01;0.0;1.12
2021;292;365;beauce_5_sa_092;orgeh;orgeH_tousSols_nonirr_organique;3.4;0.0;10.71;-34.49;4.33;48.02;16.05;0.01;0.0;0;2.16;0;-38.92;0.01;0.0;0.0;3.4
2021;1;227;beauce_5_sa_093;orgeh;orgeH_tousSols_nonirr_organique;6.85;0.0;59.97;8.8;54.02;22.21;31.57;0.05;0.0;0;27.01;0;-320.01;0.01;0.04;0.0;6.85
2021;228;312;beauce_5_sa_093;solnu;;1.4;0.0;28.71;-9.26;0.0;31.57;49.48;0.06;0.07;0;0;0;-204.47;0.05;0.01;0.0;1.4
2021;313;365;beauce_5_sa_093;orgeh;orgeH_tousSols_nonirr_organique;4.36;0.0;6.14;-29.3;0.0;49.7;21.94;0.02;0.0;0;0.0;0;-25.57;0.02;0.0;0.0;4.36
2021;1;204;beauce_5_sa_094;orgeh;orgeH_tousSols_nonirr_organique;4.18;0.0;48.5;22.97;52.4;13.96;29.46;0.06;0.0;0;29.2;0;-283.48;0.02;0.04;0.0;4.18
2021;205;263;beauce_5_sa_094;solnu;;0.9;0.0;28.21;-9.63;0.0;29.46;47.01;0.05;0.08;0;0;0;-209.93;0.04;0.01;0.0;0.9
2021;264;365;beauce_5_sa_094;orgeh;orgeH_tousSols_nonirr_organique;3.88;0.0;18.46;-37.24;6.52;47.41;17.82;0.0;0.0;0;3.26;0;-72.56;0.0;0.0;0.0;3.88
2021;1;214;beauce_5_sa_095;orgeh;orgeH_tousSols_nonirr_organique;6.61;0.0;54.23;8.88;54.2;21.55;25.27;0.04;0.0;0;27.1;0;-282.73;0.0;0.04;0.0;6.61
2021;215;301;beauce_5_sa_095;solnu;;1.24;0.0;32.34;-8.15;0.0;25.27;48.12;0.05;0.06;0;0;0;-231.5;0.03;0.02;0.0;1.24
2021;302;365;beauce_5_sa_095;orgeh;orgeH_tousSols_nonirr_organique;3.59;0.0;8.27;-33.69;0.7;48.28;18.38;0.02;0.0;0;0.35;0;-30.63;0.02;0.0;0.0;3.59
2021;1;189;beauce_5_sa_096;orgeh;orgeH_tousSols_nonirr_organique;6.65;0.0;41.48;1.63;48.26;21.81;10.51;0.03;0.0;0;24.13;0;-190.14;0.0;0.03;0.0;6.65
2021;190;317;beauce_5_sa_096;solnu;;2.14;0.0;47.92;-0.92;0.0;10.51;55.27;0.1;0.05;0;0;0;-325.0;0.07;0.03;0.0;2.14
2021;318;365;beauce_5_sa_096;orgeh;orgeH_tousSols_nonirr_organique;3.73;0.0;5.24;-28.83;0.61;55.53;27.31;0.02;0.0;0;0.3;0;-25.66;0.02;0.0;0.0;3.73
2021;1;195;beauce_5_sa_097;orgeh;orgeH_tousSols_nonirr_organique;4.47;0.0;44.53;19.28;50.97;14.11;23.37;0.05;0.0;0;27.73;0;-243.95;0.01;0.04;0.0;4.47
2021;196;267;beauce_5_sa_097;solnu;;0.87;0.0;33.23;-7.69;0.0;23.37;47.92;0.05;0.08;0;0;0;-241.3;0.04;0.02;0.0;0.87
2021;268;365;beauce_5_sa_097;orgeh;orgeH_tousSols_nonirr_organique;3.56;0.0;16.98;-35.04;8.93;48.22;17.37;0.0;0.0;0;4.46;0;-66.46;0.0;0.0;0.0;3.56
2021;1;218;beauce_5_sa_098;orgeh;orgeH_tousSols_nonirr_organique;4.56;0.0;56.1;25.54;49.95;14.1;41.94;0.07;0.0;0;27.23;0;-339.61;0.02;0.05;0.0;4.56
2021;219;259;beauce_5_sa_098;solnu;;1.09;0.0;19.04;-11.54;0.0;41.94;48.2;0.05;0.1;0;0;0;-145.42;0.04;0.01;0.0;1.09
2021;260;365;beauce_5_sa_098;orgeh;orgeH_tousSols_nonirr_organique;4.83;0.0;20.14;-35.97;6.21;48.66;21.32;0.0;0.0;0;3.11;0;-78.12;0.0;0.0;0.0;4.83
2021;1;190;beauce_5_sa_099;orgeh;orgeH_tousSols_nonirr_organique;3.84;0.0;42.69;20.75;54.27;15.9;21.79;0.06;0.01;0;30.37;0;-267.69;0.03;0.04;0.0;3.84
2021;191;261;beauce_5_sa_099;solnu;;0.95;0.0;33.98;-35.28;0.0;21.79;19.42;0.05;0.07;0;0;0;-240.55;0.04;0.01;0.0;0.95
2021;262;365;beauce_5_sa_099;orgeh;orgeH_tousSols_nonirr_organique;3.84;0.0;19.76;-6.89;7.65;19.42;20.78;0.01;0.0;0;3.83;0;-65.6;0.0;0.01;0.0;3.84
