annee;jourDebut;jourFin;parcelle;couvert;itk;N_lixivie[kgN/ha];N_volatilise_NH3[kgN/ha];N_mineralise_net_SOM[kgN/ha];N_mineralise_net_residus[kgN/ha];N_acquis_couvert[kgN/ha];N_mineral_debut[kgN/ha];N_mineral_fin[kgN/ha];emissions_N2O_directes[kgN/ha];emissions_N2[kgN/ha];N_fixe_legumineuses[kgN/ha];satisfactionAzote_culture[%];satisfactionAzote_ci[%];delta_Corg[kgC/ha];emissions_N2O_denit[kgN-N2O/ha];emissions_N2O_nit[kgN-N2O/ha];emissions_N2O_indirectes_volat[kgN-N2O/ha];emissions_N2O_indirectes_lixiv[kgN-N2O/ha]
2019;213;268;beauce_5_sa_000;solnu;;0.0;0.0;17.7;0.0;0.0;35.0;52.69;0.01;0.0;0;0;0;-195.61;0.0;0.01;0.0;0.0
2019;269;365;beauce_5_sa_000;BTH;;0.32;0.0;15.4;0.0;39.16;52.88;28.58;0.03;0.0;0;23.04;0;-174.16;0.02;0.01;0.0;0.32
2019;213;287;beauce_5_sa_001;solnu;;0.0;0.0;20.35;0.0;0.0;35.0;55.33;0.01;0.0;0;0;0;-226.99;0.0;0.01;0.0;0.0
2019;288;365;beauce_5_sa_001;BTH;;0.25;0.0;12.8;0.0;18.18;55.44;49.66;0.05;0.0;0;10.7;0;-143.24;0.04;0.01;0.0;0.25
2019;213;310;beauce_5_sa_002;solnu;;0.0;0.0;24.18;0.0;0.0;35.0;59.16;0.02;0.0;0;0;0;-268.75;0.01;0.01;0.0;0.0
2019;311;365;beauce_5_sa_002;BTH;;0.25;0.0;8.97;0.0;3.78;59.42;64.05;0.05;0.0;0;2.23;0;-101.53;0.05;0.01;0.0;0.25
2019;213;279;beauce_5_sa_003;solnu;;0.0;0.0;19.51;0.0;0.0;35.0;54.5;0.01;0.0;0;0;0;-217.44;0.0;0.01;0.0;0.0
2019;280;365;beauce_5_sa_003;BTH;;0.28;0.0;13.74;0.0;24.91;54.66;42.99;0.05;0.0;0;14.66;0;-153.88;0.04;0.01;0.0;0.28
2019;213;282;beauce_5_sa_004;solnu;;0.0;0.0;19.76;0.0;0.0;35.0;54.74;0.01;0.0;0;0;0;-220.42;0.0;0.01;0.0;0.0
2019;283;365;beauce_5_sa_004;BTH;;0.28;0.0;13.43;0.0;22.47;54.93;45.37;0.05;0.0;0;13.23;0;-150.21;0.04;0.01;0.0;0.28
2019;213;290;beauce_5_sa_005;solnu;;0.0;0.0;20.66;0.0;0.0;35.0;55.64;0.01;0.0;0;0;0;-230.28;0.0;0.01;0.0;0.0
2019;291;365;beauce_5_sa_005;BTH;;0.27;0.0;12.52;0.0;13.52;55.82;54.31;0.06;0.0;0;7.96;0;-140.34;0.05;0.01;0.0;0.27
2019;213;283;beauce_5_sa_006;solnu;;0.0;0.0;19.88;0.0;0.0;35.0;54.87;0.01;0.0;0;0;0;-220.63;0.0;0.01;0.0;0.0
2019;284;365;beauce_5_sa_006;BTH;;0.25;0.0;13.2;0.0;21.94;54.95;45.84;0.05;0.0;0;12.91;0;-148.92;0.04;0.01;0.0;0.25
2019;213;317;beauce_5_sa_007;solnu;;0.0;0.0;25.91;0.0;0.0;35.0;60.88;0.03;0.0;0;0;0;-286.26;0.02;0.02;0.0;0.0
2019;318;365;beauce_5_sa_007;BTH;;0.26;0.0;7.26;0.0;2.32;60.99;65.51;0.04;0.0;0;1.37;0;-84.27;0.04;0.0;0.0;0.26
2019;213;296;beauce_5_sa_008;solnu;;0.0;0.0;21.72;0.0;0.0;35.0;56.7;0.01;0.0;0;0;0;-241.2;0.0;0.01;0.0;0.0
2019;297;365;beauce_5_sa_008;BTH;;0.27;0.32;11.42;0.0;7.6;56.93;84.07;0.07;0.0;0;4.47;0;-128.88;0.06;0.01;0.32;0.27
2019;213;296;beauce_5_sa_009;solnu;;0.0;0.0;21.69;0.0;0.0;35.0;56.67;0.01;0.0;0;0;0;-240.88;0.0;0.01;0.0;0.0
2019;297;365;beauce_5_sa_009;BTH;;0.23;0.0;11.41;0.0;7.6;56.9;60.2;0.06;0.0;0;4.47;0;-128.83;0.05;0.01;0.0;0.23
2019;213;260;beauce_5_sa_010;solnu;;0.0;0.0;15.92;0.0;0.0;35.0;50.91;0.01;0.0;0;0;0;-177.08;0.0;0.01;0.0;0.0
2019;261;365;beauce_5_sa_010;BTH;;0.33;0.0;17.37;0.0;51.11;51.11;16.83;0.01;0.0;0;30.08;0;-194.86;0.0;0.01;0.0;0.33
2019;213;298;beauce_5_sa_011;solnu;;0.0;0.0;22.13;0.0;0.0;35.0;57.12;0.01;0.0;0;0;0;-246.16;0.0;0.01;0.0;0.0
2019;299;365;beauce_5_sa_011;BTH;;0.26;0.0;11.04;0.0;6.68;57.25;61.15;0.06;0.0;0;3.93;0;-124.38;0.05;0.01;0.0;0.26
2019;213;302;beauce_5_sa_012;solnu;;0.0;0.0;22.76;0.0;0.0;35.0;57.74;0.01;0.0;0;0;0;-253.38;0.0;0.01;0.0;0.0
2019;303;365;beauce_5_sa_012;BTH;;0.27;0.0;10.42;0.0;5.26;57.9;62.58;0.06;0.0;0;3.09;0;-117.16;0.05;0.01;0.0;0.27
2019;213;307;beauce_5_sa_013;solnu;;0.0;0.0;23.75;0.0;0.0;35.0;58.73;0.02;0.0;0;0;0;-262.04;0.01;0.01;0.0;0.0
2019;308;365;beauce_5_sa_013;BTH;;0.26;0.0;9.42;0.0;4.32;58.88;63.52;0.05;0.0;0;2.54;0;-108.47;0.05;0.01;0.0;0.26
2019;213;301;beauce_5_sa_014;solnu;;0.0;0.0;22.62;0.0;0.0;35.0;57.61;0.01;0.0;0;0;0;-251.4;0.0;0.01;0.0;0.0
2019;302;365;beauce_5_sa_014;BTH;;0.26;0.0;10.55;0.0;5.47;57.74;62.37;0.06;0.0;0;3.22;0;-119.08;0.05;0.01;0.0;0.26
2019;213;290;beauce_5_sa_015;solnu;;0.0;0.0;20.66;0.0;0.0;35.0;55.64;0.01;0.0;0;0;0;-230.28;0.0;0.01;0.0;0.0
2019;291;365;beauce_5_sa_015;BTH;;0.27;0.0;12.52;0.0;13.52;55.82;54.31;0.06;0.0;0;7.96;0;-140.34;0.05;0.01;0.0;0.27
2019;213;286;beauce_5_sa_016;solnu;;0.0;0.0;20.27;0.0;0.0;35.0;55.26;0.01;0.0;0;0;0;-225.25;0.0;0.01;0.0;0.0
2019;287;365;beauce_5_sa_016;BTH;;0.26;0.0;12.89;0.0;19.29;55.34;48.56;0.05;0.0;0;11.35;0;-145.19;0.04;0.01;0.0;0.26
2019;213;310;beauce_5_sa_017;solnu;;0.0;0.0;24.2;0.0;0.0;35.0;59.18;0.02;0.0;0;0;0;-269.02;0.01;0.01;0.0;0.0
2019;311;365;beauce_5_sa_017;BTH;;0.26;0.0;8.97;0.0;3.78;59.45;64.05;0.05;0.0;0;2.23;0;-101.52;0.05;0.01;0.0;0.26
2019;213;259;beauce_5_sa_018;solnu;;0.0;0.0;15.86;0.0;0.0;35.0;50.86;0.01;0.0;0;0;0;-176.27;0.0;0.01;0.0;0.0
2019;260;365;beauce_5_sa_018;BTH;;0.32;0.0;17.39;0.0;51.3;50.97;16.62;0.01;0.0;0;30.19;0;-195.23;0.0;0.01;0.0;0.32
2019;213;296;beauce_5_sa_019;solnu;;0.0;0.0;21.75;0.0;0.0;35.0;56.73;0.01;0.0;0;0;0;-241.55;0.0;0.01;0.0;0.0
2019;297;365;beauce_5_sa_019;BTH;;0.27;0.0;11.43;0.0;7.6;56.97;60.24;0.06;0.0;0;4.47;0;-129.0;0.05;0.01;0.0;0.27
2019;213;300;beauce_5_sa_020;solnu;;0.0;0.0;22.45;0.0;0.0;35.0;57.43;0.01;0.0;0;0;0;-249.3;0.0;0.01;0.0;0.0
2019;301;365;beauce_5_sa_020;BTH;;0.26;0.0;10.72;0.0;5.61;57.61;62.23;0.06;0.0;0;3.3;0;-121.18;0.05;0.01;0.0;0.26
2019;213;312;beauce_5_sa_021;solnu;;0.0;0.0;24.7;0.0;0.0;35.0;59.67;0.03;0.0;0;0;0;-274.08;0.01;0.01;0.0;0.0
2019;313;365;beauce_5_sa_021;BTH;;0.27;0.0;8.48;0.0;3.33;59.91;64.51;0.05;0.0;0;1.96;0;-96.47;0.04;0.01;0.0;0.27
2019;213;280;beauce_5_sa_022;solnu;;0.0;0.0;19.61;0.0;0.0;35.0;54.6;0.01;0.0;0;0;0;-217.86;0.0;0.01;0.0;0.0
2019;281;365;beauce_5_sa_022;BTH;;0.31;0.35;13.57;0.0;25.45;54.67;68.6;0.06;0.0;0;14.98;0;-152.73;0.05;0.01;0.35;0.31
2019;213;315;beauce_5_sa_023;solnu;;0.0;0.0;25.41;0.0;0.0;35.0;60.38;0.03;0.0;0;0;0;-282.16;0.02;0.02;0.0;0.0
2019;316;365;beauce_5_sa_023;BTH;;0.27;0.0;7.77;0.0;2.68;60.53;65.15;0.04;0.0;0;1.58;0;-88.38;0.04;0.0;0.0;0.27
2019;213;272;beauce_5_sa_024;solnu;;0.0;0.0;18.5;0.0;0.0;35.0;53.49;0.01;0.0;0;0;0;-205.43;0.0;0.01;0.0;0.0
2019;273;365;beauce_5_sa_024;BTH;;0.3;0.0;14.69;0.0;33.97;53.67;33.88;0.04;0.0;0;19.99;0;-165.32;0.03;0.01;0.0;0.3
2019;213;280;beauce_5_sa_025;solnu;;0.0;0.0;19.6;0.0;0.0;35.0;54.59;0.01;0.0;0;0;0;-217.76;0.0;0.01;0.0;0.0
2019;281;365;beauce_5_sa_025;BTH;;0.26;0.0;13.54;0.0;24.5;54.66;43.33;0.05;0.0;0;14.42;0;-152.45;0.04;0.01;0.0;0.26
2019;213;278;beauce_5_sa_026;solnu;;0.0;0.0;19.35;0.0;0.0;35.0;54.33;0.01;0.0;0;0;0;-215.56;0.0;0.01;0.0;0.0
2019;279;365;beauce_5_sa_026;BTH;;0.28;1.05;13.79;0.0;25.73;54.43;120.7;0.06;0.0;0;15.14;0;-154.54;0.05;0.01;1.05;0.28
2019;213;285;beauce_5_sa_027;solnu;;0.0;0.0;20.11;0.0;0.0;35.0;55.1;0.01;0.0;0;0;0;-224.25;0.0;0.01;0.0;0.0
2019;286;365;beauce_5_sa_027;BTH;;0.27;0.0;13.06;0.0;20.49;55.27;47.36;0.05;0.0;0;12.06;0;-146.32;0.04;0.01;0.0;0.27
2019;213;314;beauce_5_sa_028;solnu;;0.0;0.0;25.19;0.0;0.0;35.0;60.16;0.03;0.0;0;0;0;-279.32;0.02;0.02;0.0;0.0
2019;315;365;beauce_5_sa_028;BTH;;0.27;0.0;7.98;0.0;2.83;60.38;65.0;0.04;0.0;0;1.66;0;-91.23;0.04;0.0;0.0;0.27
2019;213;268;beauce_5_sa_029;solnu;;0.0;0.0;17.73;0.0;0.0;35.0;52.72;0.01;0.0;0;0;0;-195.91;0.0;0.01;0.0;0.0
2019;269;365;beauce_5_sa_029;BTH;;0.33;0.0;15.45;0.0;40.84;52.91;26.97;0.03;0.0;0;24.03;0;-174.68;0.02;0.01;0.0;0.33
2019;213;289;beauce_5_sa_030;solnu;;0.0;0.0;20.54;0.0;0.0;35.0;55.53;0.01;0.0;0;0;0;-228.97;0.0;0.01;0.0;0.0
2019;290;365;beauce_5_sa_030;BTH;;0.25;0.0;12.6;0.0;15.28;55.62;52.54;0.05;0.0;0;8.99;0;-141.2;0.05;0.01;0.0;0.25
2019;213;261;beauce_5_sa_031;solnu;;0.0;0.0;16.13;0.0;0.0;35.0;51.12;0.01;0.0;0;0;0;-178.38;0.0;0.01;0.0;0.0
2019;262;365;beauce_5_sa_031;BTH;;0.32;0.0;17.05;0.0;50.68;51.31;17.15;0.01;0.0;0;29.82;0;-192.13;0.0;0.01;0.0;0.32
2019;213;311;beauce_5_sa_032;solnu;;0.0;0.0;24.47;0.0;0.0;35.0;59.45;0.03;0.0;0;0;0;-271.09;0.01;0.01;0.0;0.0
2019;312;365;beauce_5_sa_032;BTH;;0.27;0.0;8.7;0.0;3.51;59.67;64.32;0.05;0.0;0;2.07;0;-99.46;0.04;0.01;0.0;0.27
2019;213;266;beauce_5_sa_033;solnu;;0.0;0.0;17.15;0.0;0.0;35.0;52.14;0.01;0.0;0;0;0;-190.14;0.0;0.01;0.0;0.0
2019;267;365;beauce_5_sa_033;BTH;;0.32;0.0;16.02;0.0;43.19;52.48;24.63;0.02;0.0;0;25.41;0;-180.4;0.01;0.01;0.0;0.32
2019;213;313;beauce_5_sa_034;solnu;;0.0;0.0;24.94;0.0;0.0;35.0;59.91;0.03;0.0;0;0;0;-276.55;0.01;0.01;0.0;0.0
2019;314;365;beauce_5_sa_034;BTH;;0.26;0.68;8.24;0.0;3.0;60.16;64.84;0.05;0.0;0;1.76;0;-93.95;0.04;0.0;0.68;0.26
2019;213;288;beauce_5_sa_035;solnu;;0.0;0.0;20.46;0.0;0.0;35.0;55.45;0.01;0.0;0;0;0;-227.97;0.0;0.01;0.0;0.0
2019;289;365;beauce_5_sa_035;BTH;;0.26;0.0;12.7;0.0;17.26;55.55;50.59;0.05;0.0;0;10.16;0;-142.48;0.04;0.01;0.0;0.26
2019;213;293;beauce_5_sa_036;solnu;;0.0;0.0;21.25;0.0;0.0;35.0;56.24;0.01;0.0;0;0;0;-235.98;0.0;0.01;0.0;0.0
2019;294;365;beauce_5_sa_036;BTH;;0.27;0.0;11.92;0.0;9.37;56.39;58.47;0.06;0.0;0;5.51;0;-134.57;0.05;0.01;0.0;0.27
2019;213;278;beauce_5_sa_037;solnu;;0.0;0.0;19.36;0.0;0.0;35.0;54.35;0.01;0.0;0;0;0;-215.7;0.0;0.01;0.0;0.0
2019;279;365;beauce_5_sa_037;BTH;;0.28;0.55;13.82;0.0;27.12;54.44;40.73;0.04;0.0;0;15.96;0;-154.89;0.03;0.01;0.55;0.28
2019;213;270;beauce_5_sa_038;solnu;;0.0;0.0;18.13;0.0;0.0;35.0;53.12;0.01;0.0;0;0;0;-200.72;0.0;0.01;0.0;0.0
2019;271;365;beauce_5_sa_038;BTH;;0.34;0.0;15.05;0.0;37.3;53.33;30.5;0.03;0.0;0;21.95;0;-169.9;0.02;0.01;0.0;0.34
2019;213;298;beauce_5_sa_039;solnu;;0.0;0.0;22.1;0.0;0.0;35.0;57.09;0.01;0.0;0;0;0;-245.85;0.0;0.01;0.0;0.0
2019;299;365;beauce_5_sa_039;BTH;;0.24;0.0;11.04;0.0;6.68;57.22;61.14;0.06;0.0;0;3.93;0;-124.3;0.05;0.01;0.0;0.24
2019;213;271;beauce_5_sa_040;solnu;;0.0;0.0;18.34;0.0;0.0;35.0;53.33;0.01;0.0;0;0;0;-203.06;0.0;0.01;0.0;0.0
2019;272;365;beauce_5_sa_040;BTH;;0.29;0.0;14.84;0.0;36.21;53.49;31.63;0.03;0.0;0;21.31;0;-167.55;0.02;0.01;0.0;0.29
2019;213;287;beauce_5_sa_041;solnu;;0.0;0.0;20.36;0.0;0.0;35.0;55.34;0.01;0.0;0;0;0;-227.09;0.0;0.01;0.0;0.0
2019;288;365;beauce_5_sa_041;BTH;;0.26;0.0;12.81;0.0;18.52;55.45;49.33;0.05;0.0;0;10.9;0;-143.37;0.04;0.01;0.0;0.26
2019;213;261;beauce_5_sa_042;solnu;;0.0;0.0;16.13;0.0;0.0;35.0;51.12;0.01;0.0;0;0;0;-178.38;0.0;0.01;0.0;0.0
2019;262;365;beauce_5_sa_042;BTH;;0.32;0.0;17.05;0.0;50.85;51.31;16.99;0.01;0.0;0;29.92;0;-192.18;0.0;0.01;0.0;0.32
2019;213;264;beauce_5_sa_043;solnu;;0.0;0.0;16.79;0.0;0.0;35.0;51.78;0.01;0.0;0;0;0;-186.55;0.0;0.01;0.0;0.0
2019;265;365;beauce_5_sa_043;BTH;;0.33;0.0;16.45;0.0;43.96;52.0;23.92;0.02;0.0;0;25.87;0;-184.78;0.01;0.01;0.0;0.33
2019;213;316;beauce_5_sa_044;solnu;;0.0;0.0;25.55;0.0;0.0;35.0;60.52;0.03;0.0;0;0;0;-284.52;0.02;0.02;0.0;0.0
2019;317;365;beauce_5_sa_044;BTH;;0.26;0.0;7.61;0.0;2.32;60.87;65.51;0.04;0.0;0;1.37;0;-85.96;0.04;0.0;0.0;0.26
2019;213;296;beauce_5_sa_045;solnu;;0.0;0.0;21.71;0.0;0.0;35.0;56.7;0.01;0.0;0;0;0;-241.14;0.0;0.01;0.0;0.0
2019;297;365;beauce_5_sa_045;BTH;;0.23;0.0;11.41;0.0;7.6;56.93;60.22;0.06;0.0;0;4.47;0;-128.82;0.05;0.01;0.0;0.23
2019;213;262;beauce_5_sa_046;solnu;;0.0;0.0;16.32;0.0;0.0;35.0;51.31;0.01;0.0;0;0;0;-180.61;0.0;0.01;0.0;0.0
2019;263;365;beauce_5_sa_046;BTH;;0.32;0.34;16.84;0.0;47.74;51.61;45.23;0.02;0.0;0;28.09;0;-189.74;0.01;0.01;0.34;0.32
2019;213;312;beauce_5_sa_047;solnu;;0.0;0.0;24.7;0.0;0.0;35.0;59.67;0.03;0.0;0;0;0;-274.08;0.01;0.01;0.0;0.0
2019;313;365;beauce_5_sa_047;BTH;;0.27;0.68;8.48;0.0;3.33;59.91;64.51;0.05;0.0;0;1.96;0;-96.47;0.04;0.01;0.68;0.27
2019;213;276;beauce_5_sa_048;solnu;;0.0;0.0;19.1;0.0;0.0;35.0;54.09;0.01;0.0;0;0;0;-213.08;0.0;0.01;0.0;0.0
2019;277;365;beauce_5_sa_048;BTH;;0.31;0.0;14.18;0.0;28.61;54.29;39.31;0.04;0.0;0;16.83;0;-158.66;0.03;0.01;0.0;0.31
2019;213;274;beauce_5_sa_049;solnu;;0.0;0.0;18.88;0.0;0.0;35.0;53.87;0.01;0.0;0;0;0;-209.7;0.0;0.01;0.0;0.0
2019;275;365;beauce_5_sa_049;BTH;;0.29;0.0;14.34;0.0;30.39;54.02;37.49;0.04;0.0;0;17.88;0;-161.38;0.03;0.01;0.0;0.29
2019;213;306;beauce_5_sa_050;solnu;;0.0;0.0;23.39;0.0;0.0;35.0;58.38;0.02;0.0;0;0;0;-259.98;0.0;0.01;0.0;0.0
2019;307;365;beauce_5_sa_050;BTH;;0.26;0.0;9.78;0.0;4.5;58.73;63.33;0.06;0.0;0;2.65;0;-110.5;0.05;0.01;0.0;0.26
2019;213;263;beauce_5_sa_051;solnu;;0.0;0.0;16.62;0.0;0.0;35.0;51.61;0.01;0.0;0;0;0;-182.73;0.0;0.01;0.0;0.0
2019;264;365;beauce_5_sa_051;BTH;;0.33;0.32;16.56;0.0;47.01;51.75;44.48;0.03;0.0;0;27.66;0;-187.91;0.02;0.01;0.32;0.33
2019;213;260;beauce_5_sa_052;solnu;;0.0;0.0;15.92;0.0;0.0;35.0;50.91;0.01;0.0;0;0;0;-177.06;0.0;0.01;0.0;0.0
2019;261;365;beauce_5_sa_052;BTH;;0.33;0.0;17.37;0.0;50.99;51.11;16.95;0.01;0.0;0;30.0;0;-194.8;0.0;0.01;0.0;0.33
2019;213;276;beauce_5_sa_053;solnu;;0.0;0.0;19.06;0.0;0.0;35.0;54.05;0.01;0.0;0;0;0;-212.63;0.0;0.01;0.0;0.0
2019;277;365;beauce_5_sa_053;BTH;;0.28;0.0;14.1;0.0;28.05;54.24;39.79;0.04;0.0;0;16.5;0;-157.81;0.03;0.01;0.0;0.28
2019;213;288;beauce_5_sa_054;solnu;;0.0;0.0;20.47;0.0;0.0;35.0;55.45;0.01;0.0;0;0;0;-227.99;0.0;0.01;0.0;0.0
2019;289;365;beauce_5_sa_054;BTH;;0.27;0.0;12.71;0.0;17.31;55.55;50.54;0.05;0.0;0;10.19;0;-142.58;0.04;0.01;0.0;0.27
2019;213;306;beauce_5_sa_055;solnu;;0.0;0.0;23.4;0.0;0.0;35.0;58.38;0.02;0.0;0;0;0;-260.02;0.0;0.01;0.0;0.0
2019;307;365;beauce_5_sa_055;BTH;;0.26;0.0;9.78;0.0;4.5;58.73;63.33;0.06;0.0;0;2.65;0;-110.5;0.05;0.01;0.0;0.26
2019;213;260;beauce_5_sa_056;solnu;;0.0;0.0;15.93;0.0;0.0;35.0;50.92;0.01;0.0;0;0;0;-177.11;0.0;0.01;0.0;0.0
2019;261;365;beauce_5_sa_056;BTH;;0.33;0.0;17.38;0.0;51.15;51.12;16.81;0.01;0.0;0;30.1;0;-194.94;0.0;0.01;0.0;0.33
2019;213;268;beauce_5_sa_057;solnu;;0.0;0.0;17.73;0.0;0.0;35.0;52.72;0.01;0.0;0;0;0;-195.91;0.0;0.01;0.0;0.0
2019;269;365;beauce_5_sa_057;BTH;;0.32;0.0;15.43;0.0;39.48;52.91;28.32;0.03;0.0;0;23.23;0;-174.47;0.02;0.01;0.0;0.32
2019;213;267;beauce_5_sa_058;solnu;;0.0;0.0;17.49;0.0;0.0;35.0;52.48;0.01;0.0;0;0;0;-192.1;0.0;0.01;0.0;0.0
2019;268;365;beauce_5_sa_058;BTH;;0.32;0.0;15.68;0.0;42.04;52.72;25.77;0.02;0.0;0;24.74;0;-178.47;0.02;0.01;0.0;0.32
2019;213;309;beauce_5_sa_059;solnu;;0.0;0.0;24.02;0.0;0.0;35.0;59.0;0.02;0.0;0;0;0;-267.75;0.01;0.01;0.0;0.0
2019;310;365;beauce_5_sa_059;BTH;;0.27;0.0;9.15;0.0;4.07;59.18;63.76;0.05;0.0;0;2.4;0;-102.83;0.05;0.01;0.0;0.27
2019;213;313;beauce_5_sa_060;solnu;;0.0;0.0;24.94;0.0;0.0;35.0;59.91;0.03;0.0;0;0;0;-276.6;0.01;0.01;0.0;0.0
2019;314;365;beauce_5_sa_060;BTH;;0.26;0.0;8.23;0.0;3.0;60.16;64.84;0.05;0.0;0;1.76;0;-93.94;0.04;0.0;0.0;0.26
2019;213;291;beauce_5_sa_061;solnu;;0.0;0.0;20.83;0.0;0.0;35.0;55.82;0.01;0.0;0;0;0;-231.33;0.0;0.01;0.0;0.0
2019;292;365;beauce_5_sa_061;BTH;;0.26;0.0;12.34;0.0;12.39;56.05;55.45;0.06;0.0;0;7.29;0;-139.11;0.05;0.01;0.0;0.26
2019;213;294;beauce_5_sa_062;solnu;;0.0;0.0;21.38;0.0;0.0;35.0;56.36;0.01;0.0;0;0;0;-237.71;0.0;0.01;0.0;0.0
2019;295;365;beauce_5_sa_062;BTH;;0.24;0.0;11.75;0.0;8.74;56.52;59.08;0.06;0.0;0;5.14;0;-132.33;0.05;0.01;0.0;0.24
2019;213;299;beauce_5_sa_063;solnu;;0.0;0.0;22.25;0.0;0.0;35.0;57.24;0.01;0.0;0;0;0;-247.77;0.0;0.01;0.0;0.0
2019;300;365;beauce_5_sa_063;BTH;;0.25;0.0;10.91;0.0;6.08;57.43;61.76;0.06;0.0;0;3.58;0;-122.61;0.05;0.01;0.0;0.25
2019;213;288;beauce_5_sa_064;solnu;;0.0;0.0;20.45;0.0;0.0;35.0;55.44;0.01;0.0;0;0;0;-227.81;0.0;0.01;0.0;0.0
2019;289;365;beauce_5_sa_064;BTH;;0.25;0.0;12.69;0.0;17.17;55.53;50.66;0.05;0.0;0;10.11;0;-142.37;0.04;0.01;0.0;0.25
2019;213;266;beauce_5_sa_065;solnu;;0.0;0.0;17.17;0.0;0.0;35.0;52.16;0.01;0.0;0;0;0;-190.3;0.0;0.01;0.0;0.0
2019;267;365;beauce_5_sa_065;BTH;;0.32;0.0;16.02;0.0;41.07;52.5;26.76;0.03;0.0;0;24.17;0;-180.43;0.02;0.01;0.0;0.32
2019;213;293;beauce_5_sa_066;solnu;;0.0;0.0;21.25;0.0;0.0;35.0;56.24;0.01;0.0;0;0;0;-235.98;0.0;0.01;0.0;0.0
2019;294;365;beauce_5_sa_066;BTH;;0.27;0.0;11.92;0.0;9.37;56.39;58.47;0.06;0.0;0;5.51;0;-134.57;0.05;0.01;0.0;0.27
2019;213;304;beauce_5_sa_067;solnu;;0.0;0.0;23.08;0.0;0.0;35.0;58.06;0.01;0.0;0;0;0;-256.52;0.0;0.01;0.0;0.0
2019;305;365;beauce_5_sa_067;BTH;;0.25;0.98;10.09;0.0;4.92;58.19;136.42;0.07;0.0;0;2.9;0;-113.89;0.06;0.01;0.98;0.25
2019;213;289;beauce_5_sa_068;solnu;;0.0;0.0;20.56;0.0;0.0;35.0;55.55;0.01;0.0;0;0;0;-229.21;0.0;0.01;0.0;0.0
2019;290;365;beauce_5_sa_068;BTH;;0.3;0.52;12.62;0.0;15.47;55.64;91.51;0.07;0.0;0;9.11;0;-141.4;0.06;0.01;0.52;0.3
2019;213;264;beauce_5_sa_069;solnu;;0.0;0.0;16.75;0.0;0.0;35.0;51.74;0.01;0.0;0;0;0;-186.08;0.0;0.01;0.0;0.0
2019;265;365;beauce_5_sa_069;BTH;;0.31;0.0;16.36;0.0;43.33;51.96;24.43;0.02;0.0;0;25.5;0;-183.71;0.01;0.01;0.0;0.31
2019;213;261;beauce_5_sa_070;solnu;;0.0;0.0;16.13;0.0;0.0;35.0;51.12;0.01;0.0;0;0;0;-178.38;0.0;0.01;0.0;0.0
2019;262;365;beauce_5_sa_070;BTH;;0.32;0.0;17.05;0.0;50.85;51.31;16.99;0.01;0.0;0;29.92;0;-192.18;0.0;0.01;0.0;0.32
2019;213;277;beauce_5_sa_071;solnu;;0.0;0.0;19.21;0.0;0.0;35.0;54.2;0.01;0.0;0;0;0;-212.97;0.0;0.01;0.0;0.0
2019;278;365;beauce_5_sa_071;BTH;;0.29;0.28;13.88;0.0;27.07;54.29;61.98;0.05;0.0;0;15.93;0;-156.63;0.05;0.01;0.28;0.29
2019;213;269;beauce_5_sa_072;solnu;;0.0;0.0;17.92;0.0;0.0;35.0;52.91;0.01;0.0;0;0;0;-198.59;0.0;0.01;0.0;0.0
2019;270;365;beauce_5_sa_072;BTH;;0.33;0.44;15.26;0.0;39.62;53.12;60.84;0.04;0.0;0;23.32;0;-172.02;0.03;0.01;0.44;0.33
2019;213;281;beauce_5_sa_073;solnu;;0.0;0.0;19.68;0.0;0.0;35.0;54.67;0.01;0.0;0;0;0;-219.66;0.0;0.01;0.0;0.0
2019;282;365;beauce_5_sa_073;BTH;;0.27;0.0;13.49;0.0;23.87;54.74;43.98;0.05;0.0;0;14.04;0;-150.78;0.04;0.01;0.0;0.27
2019;213;279;beauce_5_sa_074;solnu;;0.0;0.0;19.45;0.0;0.0;35.0;54.44;0.01;0.0;0;0;0;-216.82;0.0;0.01;0.0;0.0
2019;280;365;beauce_5_sa_074;BTH;;0.28;0.0;13.73;0.0;26.44;54.6;41.41;0.04;0.0;0;15.56;0;-153.79;0.04;0.01;0.0;0.28
2019;213;315;beauce_5_sa_075;solnu;;0.0;0.0;25.41;0.0;0.0;35.0;60.38;0.03;0.0;0;0;0;-282.16;0.02;0.02;0.0;0.0
2019;316;365;beauce_5_sa_075;BTH;;0.27;0.0;7.76;0.0;2.68;60.53;65.15;0.04;0.0;0;1.58;0;-88.38;0.04;0.0;0.0;0.27
2019;213;270;beauce_5_sa_076;solnu;;0.0;0.0;18.12;0.0;0.0;35.0;53.11;0.01;0.0;0;0;0;-200.61;0.0;0.01;0.0;0.0
2019;271;365;beauce_5_sa_076;BTH;;0.33;0.0;15.0;0.0;35.1;53.32;32.64;0.03;0.0;0;20.66;0;-169.36;0.03;0.01;0.0;0.33
2019;213;311;beauce_5_sa_077;solnu;;0.0;0.0;24.47;0.0;0.0;35.0;59.45;0.03;0.0;0;0;0;-271.09;0.01;0.01;0.0;0.0
2019;312;365;beauce_5_sa_077;BTH;;0.27;0.0;8.7;0.0;3.51;59.67;64.32;0.05;0.0;0;2.07;0;-99.46;0.04;0.01;0.0;0.27
2019;213;283;beauce_5_sa_078;solnu;;0.0;0.0;19.94;0.0;0.0;35.0;54.93;0.01;0.0;0;0;0;-221.26;0.0;0.01;0.0;0.0
2019;284;365;beauce_5_sa_078;BTH;;0.26;0.0;13.23;0.0;22.31;55.01;45.54;0.05;0.0;0;13.13;0;-149.23;0.04;0.01;0.0;0.26
2019;213;289;beauce_5_sa_079;solnu;;0.0;0.0;20.56;0.0;0.0;35.0;55.55;0.01;0.0;0;0;0;-229.21;0.0;0.01;0.0;0.0
2019;290;365;beauce_5_sa_079;BTH;;0.27;0.0;12.62;0.0;15.3;55.64;52.55;0.05;0.0;0;9.0;0;-141.38;0.05;0.01;0.0;0.27
2019;213;310;beauce_5_sa_080;solnu;;0.0;0.0;24.2;0.0;0.0;35.0;59.18;0.02;0.0;0;0;0;-269.02;0.01;0.01;0.0;0.0
2019;311;365;beauce_5_sa_080;BTH;;0.27;0.0;8.97;0.0;3.78;59.45;64.05;0.05;0.0;0;2.23;0;-101.53;0.05;0.01;0.0;0.27
2019;213;271;beauce_5_sa_081;solnu;;0.0;0.0;18.34;0.0;0.0;35.0;53.33;0.01;0.0;0;0;0;-203.06;0.0;0.01;0.0;0.0
2019;272;365;beauce_5_sa_081;BTH;;0.29;0.0;14.84;0.0;36.21;53.49;31.63;0.03;0.0;0;21.31;0;-167.55;0.02;0.01;0.0;0.29
2019;213;316;beauce_5_sa_082;solnu;;0.0;0.0;25.56;0.0;0.0;35.0;60.53;0.03;0.0;0;0;0;-284.57;0.02;0.02;0.0;0.0
2019;317;365;beauce_5_sa_082;BTH;;0.27;0.0;7.61;0.0;2.32;60.88;65.51;0.04;0.0;0;1.37;0;-85.96;0.04;0.0;0.0;0.27
2019;213;277;beauce_5_sa_083;solnu;;0.0;0.0;19.26;0.0;0.0;35.0;54.25;0.01;0.0;0;0;0;-213.53;0.0;0.01;0.0;0.0
2019;278;365;beauce_5_sa_083;BTH;;0.28;0.0;13.92;0.0;28.38;54.35;39.46;0.04;0.0;0;16.7;0;-157.08;0.03;0.01;0.0;0.28
2019;213;316;beauce_5_sa_084;solnu;;0.0;0.0;25.56;0.0;0.0;35.0;60.53;0.03;0.0;0;0;0;-284.58;0.02;0.02;0.0;0.0
2019;317;365;beauce_5_sa_084;BTH;;0.27;0.0;7.61;0.0;2.32;60.88;65.51;0.04;0.0;0;1.37;0;-85.96;0.04;0.0;0.0;0.27
2019;213;296;beauce_5_sa_085;solnu;;0.0;0.0;21.75;0.0;0.0;35.0;56.73;0.01;0.0;0;0;0;-241.55;0.0;0.01;0.0;0.0
2019;297;365;beauce_5_sa_085;BTH;;0.27;0.0;11.43;0.0;7.6;56.97;60.24;0.06;0.0;0;4.47;0;-129.0;0.05;0.01;0.0;0.27
2019;213;313;beauce_5_sa_086;solnu;;0.0;0.0;24.94;0.0;0.0;35.0;59.91;0.03;0.0;0;0;0;-276.6;0.01;0.01;0.0;0.0
2019;314;365;beauce_5_sa_086;BTH;;0.36;1.13;8.24;0.0;3.0;60.16;149.68;0.07;0.0;0;1.76;0;-93.95;0.07;0.0;1.13;0.36
2019;213;264;beauce_5_sa_087;solnu;;0.0;0.0;16.76;0.0;0.0;35.0;51.75;0.01;0.0;0;0;0;-186.17;0.0;0.01;0.0;0.0
2019;265;365;beauce_5_sa_087;BTH;;0.32;0.0;16.41;0.0;45.6;51.97;22.22;0.02;0.0;0;26.83;0;-184.3;0.01;0.01;0.0;0.32
2019;213;279;beauce_5_sa_088;solnu;;0.0;0.0;19.45;0.0;0.0;35.0;54.44;0.01;0.0;0;0;0;-216.82;0.0;0.01;0.0;0.0
2019;280;365;beauce_5_sa_088;BTH;;0.28;0.0;13.73;0.0;26.44;54.6;41.41;0.04;0.0;0;15.56;0;-153.79;0.04;0.01;0.0;0.28
2019;213;302;beauce_5_sa_089;solnu;;0.0;0.0;22.74;0.0;0.0;35.0;57.73;0.01;0.0;0;0;0;-253.22;0.0;0.01;0.0;0.0
2019;303;365;beauce_5_sa_089;BTH;;0.25;0.0;10.41;0.0;5.26;57.88;62.58;0.06;0.0;0;3.09;0;-117.14;0.05;0.01;0.0;0.25
2019;213;269;beauce_5_sa_090;solnu;;0.0;0.0;17.92;0.0;0.0;35.0;52.91;0.01;0.0;0;0;0;-198.59;0.0;0.01;0.0;0.0
2019;270;365;beauce_5_sa_090;BTH;;0.33;0.0;15.26;0.0;39.62;53.12;28.19;0.03;0.0;0;23.32;0;-172.02;0.02;0.01;0.0;0.33
2019;213;314;beauce_5_sa_091;solnu;;0.0;0.0;25.19;0.0;0.0;35.0;60.16;0.03;0.0;0;0;0;-279.32;0.02;0.02;0.0;0.0
2019;315;365;beauce_5_sa_091;BTH;;0.27;0.0;7.98;0.0;2.83;60.38;65.0;0.04;0.0;0;1.66;0;-91.23;0.04;0.0;0.0;0.27
2019;213;281;beauce_5_sa_092;solnu;;0.0;0.0;19.68;0.0;0.0;35.0;54.67;0.01;0.0;0;0;0;-219.67;0.0;0.01;0.0;0.0
2019;282;365;beauce_5_sa_092;BTH;;0.27;0.0;13.5;0.0;24.52;54.74;43.32;0.05;0.0;0;14.43;0;-150.92;0.04;0.01;0.0;0.27
2019;213;282;beauce_5_sa_093;solnu;;0.0;0.0;19.76;0.0;0.0;35.0;54.74;0.01;0.0;0;0;0;-220.42;0.0;0.01;0.0;0.0
2019;283;365;beauce_5_sa_093;BTH;;0.28;0.0;13.43;0.0;22.47;54.93;45.37;0.05;0.0;0;13.23;0;-150.21;0.04;0.01;0.0;0.28
2019;213;261;beauce_5_sa_094;solnu;;0.0;0.0;16.12;0.0;0.0;35.0;51.11;0.01;0.0;0;0;0;-178.34;0.0;0.01;0.0;0.0
2019;262;365;beauce_5_sa_094;BTH;;0.32;0.24;17.01;0.0;49.09;51.3;36.74;0.03;0.0;0;28.89;0;-191.71;0.02;0.01;0.24;0.32
2019;213;282;beauce_5_sa_095;solnu;;0.0;0.0;19.79;0.0;0.0;35.0;54.78;0.01;0.0;0;0;0;-220.78;0.0;0.01;0.0;0.0
2019;283;365;beauce_5_sa_095;BTH;;0.28;0.0;13.42;0.0;21.52;54.96;46.35;0.05;0.0;0;12.66;0;-150.19;0.04;0.01;0.0;0.28
2019;213;312;beauce_5_sa_096;solnu;;0.0;0.0;24.7;0.0;0.0;35.0;59.67;0.03;0.0;0;0;0;-274.08;0.01;0.01;0.0;0.0
2019;313;365;beauce_5_sa_096;BTH;;0.27;0.9;8.48;0.0;3.33;59.91;132.09;0.06;0.0;0;1.96;0;-96.47;0.05;0.01;0.9;0.27
2019;213;280;beauce_5_sa_097;solnu;;0.0;0.0;19.61;0.0;0.0;35.0;54.6;0.01;0.0;0;0;0;-217.85;0.0;0.01;0.0;0.0
2019;281;365;beauce_5_sa_097;BTH;;0.27;0.0;13.56;0.0;24.87;54.67;42.98;0.05;0.0;0;14.63;0;-152.62;0.04;0.01;0.0;0.27
2019;213;264;beauce_5_sa_098;solnu;;0.0;0.0;16.76;0.0;0.0;35.0;51.75;0.01;0.0;0;0;0;-186.17;0.0;0.01;0.0;0.0
2019;265;365;beauce_5_sa_098;BTH;;0.32;0.0;16.41;0.0;45.6;51.97;22.22;0.02;0.0;0;26.83;0;-184.3;0.01;0.01;0.0;0.32
2019;213;259;beauce_5_sa_099;solnu;;0.0;0.0;15.81;0.0;0.0;35.0;50.8;0.01;0.0;0;0;0;-175.65;0.0;0.01;0.0;0.0
2019;260;365;beauce_5_sa_099;BTH;;0.32;0.0;17.35;0.0;51.2;50.91;16.62;0.01;0.0;0;30.13;0;-194.76;0.0;0.01;0.0;0.32
2020;1;218;beauce_5_sa_000;BTH;;1.87;0.69;61.42;0.0;107.51;28.58;32.36;0.08;0.0;0;86.3;0;-680.58;0.04;0.04;0.69;1.87
2020;219;269;beauce_5_sa_000;solnu;;0.2;0.0;27.91;-56.95;0.0;32.36;10.55;0.02;0.0;0;0;0;-278.89;0.01;0.0;0.0;0.2
2020;270;366;beauce_5_sa_000;BTH;;1.41;0.0;17.73;-14.84;1.17;10.71;10.86;0.0;0.0;0;0.69;0;11.38;0.0;0.0;0.0;1.41
2020;1;201;beauce_5_sa_001;BTH;;3.04;0.67;50.31;0.0;126.96;49.66;20.11;0.08;0.0;0;85.41;0;-561.93;0.05;0.03;0.67;3.04
2020;202;288;beauce_5_sa_001;solnu;;0.0;0.0;40.05;-52.27;0.0;20.11;14.17;0.02;0.0;0;0;0;-433.18;0.0;0.01;0.0;0.0
2020;289;366;beauce_5_sa_001;BTH;;1.32;0.0;12.01;-13.13;0.0;14.17;13.01;0.0;0.0;0;0.0;0;-20.84;0.0;0.0;0.0;1.32
2020;1;213;beauce_5_sa_002;BTH;;3.61;1.85;51.51;0.0;184.43;64.04;65.68;0.09;0.0;0;110.75;0;-572.71;0.06;0.03;1.85;3.61
2020;214;311;beauce_5_sa_002;solnu;;0.0;0.0;40.36;-81.18;0.0;65.68;24.78;0.07;0.0;0;0;0;-296.98;0.06;0.01;0.0;0.0
2020;312;366;beauce_5_sa_002;BTH;;0.98;0.0;7.35;-7.49;0.0;24.63;23.67;0.0;0.0;0;0.0;0;18.94;0.0;0.0;0.0;0.98
2020;1;192;beauce_5_sa_003;BTH;;2.39;1.95;47.01;0.0;194.48;42.99;39.38;0.1;0.0;0;129.1;0;-523.47;0.07;0.03;1.95;2.39
2020;193;280;beauce_5_sa_003;solnu;;0.0;0.0;41.86;-66.7;0.0;39.38;15.33;0.03;0.0;0;0;0;-272.77;0.02;0.01;0.0;0.0
2020;281;366;beauce_5_sa_003;BTH;;1.13;0.0;14.27;-10.5;1.49;15.34;16.48;0.0;0.0;0;0.88;0;39.34;0.0;0.0;0.0;1.13
2020;1;227;beauce_5_sa_004;BTH;;2.85;0.0;63.7;0.0;72.59;45.37;33.56;0.07;0.0;0;55.94;0;-705.2;0.03;0.04;0.0;2.85
2020;228;283;beauce_5_sa_004;solnu;;0.77;0.0;27.34;-22.21;0.0;33.56;37.88;0.04;0.0;0;0;0;-268.49;0.03;0.01;0.0;0.77
2020;284;366;beauce_5_sa_004;BTH;;1.78;0.0;13.26;-39.75;0.0;38.26;15.34;0.0;0.0;0;0.0;0;-156.17;0.0;0.0;0.0;1.78
2020;1;179;beauce_5_sa_005;BTH;;3.22;0.13;40.78;0.0;83.9;54.31;16.46;0.05;0.0;0;57.33;0;-452.96;0.03;0.02;0.13;3.22
2020;180;291;beauce_5_sa_005;solnu;;0.53;0.0;49.75;-20.72;0.0;16.46;45.2;0.04;0.0;0;0;0;-481.36;0.02;0.02;0.0;0.53
2020;292;366;beauce_5_sa_005;BTH;;2.17;0.0;11.52;-41.0;0.0;45.32;19.49;0.01;0.0;0;0.0;0;-152.38;0.01;0.0;0.0;2.17
2020;1;175;beauce_5_sa_006;BTH;;2.87;0.77;39.54;0.0;83.07;45.84;55.46;0.05;0.0;0;61.79;0;-432.97;0.02;0.02;0.77;2.87
2020;176;284;beauce_5_sa_006;solnu;;0.75;0.0;50.83;-91.29;0.0;55.46;14.66;0.02;0.0;0;0;0;-351.6;0.02;0.01;0.0;0.75
2020;285;366;beauce_5_sa_006;BTH;;1.57;0.0;13.14;-4.12;4.61;14.7;17.5;0.01;0.0;0;2.71;0;4.5;0.0;0.01;0.0;1.57
2020;1;222;beauce_5_sa_007;BTH;;3.8;1.82;56.35;0.0;195.86;65.51;58.68;0.1;0.0;0;116.62;0;-621.84;0.07;0.03;1.82;3.8
2020;223;318;beauce_5_sa_007;solnu;;0.0;0.0;37.1;-63.33;0.0;58.68;32.43;0.09;0.0;0;0;0;-331.32;0.07;0.01;0.0;0.0
2020;319;366;beauce_5_sa_007;BTH;;2.23;0.0;6.39;-6.73;0.0;32.61;30.32;0.0;0.0;0;0.0;0;-2.96;0.0;0.0;0.0;2.23
2020;1;181;beauce_5_sa_008;BTH;;4.15;0.99;41.18;0.0;171.11;84.07;23.66;0.11;0.0;0;105.16;0;-457.27;0.08;0.02;0.99;4.15
2020;182;297;beauce_5_sa_008;solnu;;0.0;0.0;47.54;-54.05;0.0;23.66;23.04;0.02;0.0;0;0;0;-473.71;0.01;0.01;0.0;0.0
2020;298;366;beauce_5_sa_008;BTH;;2.04;0.32;10.23;-14.56;3.49;23.03;37.16;0.02;0.0;0;2.06;0;13.11;0.01;0.0;0.32;2.04
2020;1;176;beauce_5_sa_009;BTH;;3.38;0.17;39.57;0.0;89.22;60.2;18.59;0.05;0.0;0;56.97;0;-441.28;0.03;0.02;0.17;3.38
2020;177;297;beauce_5_sa_009;solnu;;1.09;0.0;52.26;-60.4;0.0;18.59;17.89;0.02;0.0;0;0;0;-534.14;0.01;0.01;0.0;1.09
2020;298;366;beauce_5_sa_009;BTH;;1.48;0.0;10.19;-9.98;0.0;17.91;16.61;0.0;0.0;0;0.0;0;-6.73;0.0;0.0;0.0;1.48
2020;1;210;beauce_5_sa_010;BTH;;1.38;1.27;59.83;0.0;110.38;16.83;59.73;0.11;0.0;0;95.03;0;-666.68;0.07;0.04;1.27;1.38
2020;211;261;beauce_5_sa_010;solnu;;0.28;0.0;30.06;-78.8;0.0;59.73;11.63;0.03;0.0;0;0;0;-196.1;0.03;0.0;0.0;0.28
2020;262;366;beauce_5_sa_010;BTH;;1.58;0.0;20.62;-8.79;6.47;11.63;15.39;0.01;0.0;0;3.81;0;15.89;0.0;0.01;0.0;1.58
2020;1;188;beauce_5_sa_011;BTH;;3.47;0.0;45.7;0.0;85.44;61.15;17.89;0.06;0.0;0;54.21;0;-508.22;0.03;0.03;0.0;3.47
2020;189;299;beauce_5_sa_011;solnu;;1.12;0.0;47.13;-21.12;0.0;17.89;42.72;0.04;0.0;0;0;0;-455.35;0.02;0.02;0.0;1.12
2020;300;366;beauce_5_sa_011;BTH;;1.72;0.0;9.73;-36.9;0.0;42.96;19.26;0.0;0.0;0;0.0;0;-139.22;0.0;0.0;0.0;1.72
2020;1;203;beauce_5_sa_012;BTH;;3.52;1.97;48.52;0.0;201.05;62.57;54.16;0.09;0.0;0;121.4;0;-541.98;0.06;0.03;1.97;3.52
2020;204;303;beauce_5_sa_012;solnu;;0.0;0.0;41.0;-18.35;0.0;54.16;76.72;0.09;0.0;0;0;0;-368.38;0.07;0.02;0.0;0.0
2020;304;366;beauce_5_sa_012;BTH;;1.6;0.0;8.95;-54.41;0.0;76.93;30.01;0.0;0.0;0;0.0;0;-23.09;0.0;0.0;0.0;1.6
2020;1;180;beauce_5_sa_013;BTH;;3.51;0.33;40.98;0.0;105.77;63.52;20.22;0.06;0.0;0;64.78;0;-454.82;0.04;0.02;0.33;3.51
2020;181;308;beauce_5_sa_013;solnu;;1.07;0.0;52.47;-52.25;0.0;20.22;22.28;0.04;0.0;0;0;0;-528.22;0.02;0.02;0.0;1.07
2020;309;366;beauce_5_sa_013;BTH;;1.85;0.0;7.9;-11.39;0.0;22.28;20.69;0.0;0.0;0;0.0;0;-72.54;0.0;0.0;0.0;1.85
2020;1;220;beauce_5_sa_014;BTH;;3.53;0.0;58.26;0.0;90.55;62.37;26.49;0.07;0.0;0;56.5;0;-650.16;0.03;0.03;0.0;3.53
2020;221;302;beauce_5_sa_014;solnu;;1.24;0.0;35.62;-47.5;0.0;26.49;17.62;0.02;0.0;0;0;0;-381.6;0.01;0.01;0.0;1.24
2020;303;366;beauce_5_sa_014;BTH;;1.46;0.0;9.07;-13.21;0.0;17.62;16.2;0.0;0.0;0;0.0;0;-86.43;0.0;0.0;0.0;1.46
2020;1;219;beauce_5_sa_015;BTH;;3.22;0.0;58.57;0.0;81.15;54.31;28.46;0.06;0.0;0;55.71;0;-652.19;0.03;0.04;0.0;3.22
2020;220;291;beauce_5_sa_015;solnu;;0.76;0.0;33.5;-21.85;0.0;28.46;39.31;0.03;0.0;0;0;0;-321.17;0.02;0.01;0.0;0.76
2020;292;366;beauce_5_sa_015;BTH;;1.95;0.0;11.49;-38.29;0.0;39.43;17.35;0.01;0.0;0;0.0;0;-157.07;0.01;0.0;0.0;1.95
2020;1;228;beauce_5_sa_016;BTH;;2.86;2.17;63.17;0.0;175.75;48.56;95.17;0.17;0.0;0;114.77;0;-702.27;0.14;0.04;2.17;2.86
2020;229;287;beauce_5_sa_016;solnu;;0.0;0.0;27.96;-83.11;0.0;95.17;39.29;0.09;0.0;0;0;0;-240.66;0.09;0.01;0.0;0.0
2020;288;366;beauce_5_sa_016;BTH;;3.64;0.0;12.28;-12.28;0.0;39.31;35.65;0.0;0.0;0;0.0;0;33.8;0.0;0.0;0.0;3.64
2020;1;194;beauce_5_sa_017;BTH;;3.56;0.61;46.84;0.0;134.27;64.05;17.1;0.07;0.0;0;81.23;0;-521.75;0.04;0.03;0.61;3.56
2020;195;311;beauce_5_sa_017;solnu;;0.0;0.0;44.75;-42.73;0.0;17.1;20.77;0.03;0.0;0;0;0;-436.56;0.02;0.02;0.0;0.0
2020;312;366;beauce_5_sa_017;BTH;;1.56;0.0;7.27;-14.27;0.0;20.82;19.25;0.0;0.0;0;0.0;0;-126.11;0.0;0.0;0.0;1.56
2020;1;198;beauce_5_sa_018;BTH;;1.29;0.78;54.75;0.0;100.09;16.62;28.25;0.06;0.0;0;89.08;0;-608.49;0.02;0.03;0.78;1.29
2020;199;260;beauce_5_sa_018;solnu;;0.13;0.0;34.95;-63.74;0.0;28.25;7.0;0.0;0.0;0;0;0;-308.57;0.0;0.0;0.0;0.13
2020;261;366;beauce_5_sa_018;BTH;;0.94;0.0;20.77;-8.75;8.05;6.96;10.03;0.01;0.0;0;4.74;0;22.31;0.0;0.01;0.0;0.94
2020;1;222;beauce_5_sa_019;BTH;;3.47;0.0;59.88;0.0;87.67;60.24;28.91;0.07;0.0;0;56.06;0;-661.38;0.03;0.04;0.0;3.47
2020;223;297;beauce_5_sa_019;solnu;;1.19;0.0;33.14;-21.84;0.0;28.91;38.94;0.04;0.0;0;0;0;-322.17;0.03;0.01;0.0;1.19
2020;298;366;beauce_5_sa_019;BTH;;1.63;0.0;10.16;-35.79;0.0;39.2;18.06;0.0;0.0;0;0.0;0;-140.02;0.0;0.0;0.0;1.63
2020;1;195;beauce_5_sa_020;BTH;;3.45;1.91;45.02;0.0;227.7;62.23;19.08;0.11;0.0;0;137.29;0;-502.1;0.08;0.03;1.91;3.45
2020;196;301;beauce_5_sa_020;solnu;;0.0;0.0;40.35;-40.97;0.0;19.08;20.4;0.02;0.0;0;0;0;-379.64;0.01;0.01;0.0;0.0
2020;302;366;beauce_5_sa_020;BTH;;0.43;0.0;9.43;-9.92;0.0;20.2;19.81;0.0;0.0;0;0.0;0;-8.74;0.0;0.0;0.0;0.43
2020;1;230;beauce_5_sa_021;BTH;;3.6;0.33;63.21;0.0;116.81;64.51;31.9;0.08;0.0;0;70.69;0;-702.04;0.04;0.04;0.33;3.6
2020;231;313;beauce_5_sa_021;solnu;;0.66;0.0;31.88;-41.98;0.0;31.9;21.09;0.04;0.0;0;0;0;-302.24;0.03;0.01;0.0;0.66
2020;314;366;beauce_5_sa_021;BTH;;1.74;0.0;7.03;-12.54;0.0;21.15;19.52;0.0;0.0;0;0.0;0;-129.72;0.0;0.0;0.0;1.74
2020;1;198;beauce_5_sa_022;BTH;;3.36;1.72;50.61;0.0;91.64;68.6;153.02;0.07;0.0;0;68.9;0;-563.55;0.04;0.03;1.72;3.36
2020;199;281;beauce_5_sa_022;solnu;;0.97;0.0;39.72;-20.83;0.0;153.02;170.77;0.16;0.0;0;0;0;-375.27;0.14;0.02;0.0;0.97
2020;282;366;beauce_5_sa_022;BTH;;6.29;0.35;13.86;-90.18;29.63;171.01;84.72;0.06;0.0;0;17.44;0;-12.28;0.06;0.0;0.35;6.29
2020;1;206;beauce_5_sa_023;BTH;;4.68;0.79;50.64;0.0;141.71;65.15;28.21;0.09;0.0;0;84.97;0;-563.65;0.06;0.03;0.79;4.68
2020;207;316;beauce_5_sa_023;solnu;;0.04;0.0;43.16;-49.35;0.0;28.21;27.19;0.02;0.0;0;0;0;-465.43;0.01;0.01;0.0;0.04
2020;317;366;beauce_5_sa_023;BTH;;2.24;0.0;6.54;-9.87;0.0;27.19;24.95;0.0;0.0;0;0.0;0;-52.58;0.0;0.0;0.0;2.24
2020;1;208;beauce_5_sa_024;BTH;;2.18;0.44;55.14;0.0;94.72;33.88;25.21;0.06;0.0;0;75.73;0;-615.05;0.03;0.03;0.44;2.18
2020;209;273;beauce_5_sa_024;solnu;;0.34;0.0;34.35;-21.29;0.0;25.21;37.88;0.04;0.0;0;0;0;-323.08;0.03;0.01;0.0;0.34
2020;274;366;beauce_5_sa_024;BTH;;1.59;0.0;16.25;-43.85;0.0;38.41;13.19;0.0;0.0;0;0.0;0;-157.05;0.0;0.0;0.0;1.59
2020;1;193;beauce_5_sa_025;BTH;;2.73;0.0;48.62;0.0;70.25;43.33;18.91;0.05;0.0;0;55.76;0;-537.8;0.02;0.03;0.0;2.73
2020;194;281;beauce_5_sa_025;solnu;;0.62;0.0;41.71;-52.33;0.0;18.91;12.21;0.02;0.0;0;0;0;-443.47;0.01;0.01;0.0;0.62
2020;282;366;beauce_5_sa_025;BTH;;1.31;0.0;13.77;-14.88;0.0;12.34;10.93;0.0;0.0;0;0.0;0;-46.38;0.0;0.0;0.0;1.31
2020;1;221;beauce_5_sa_026;BTH;;4.13;2.46;61.52;0.0;160.85;120.7;201.63;0.15;0.0;0;109.79;0;-683.31;0.11;0.04;2.46;4.13
2020;222;279;beauce_5_sa_026;solnu;;0.75;0.0;30.32;-115.87;0.0;201.63;115.12;0.2;0.0;0;0;0;-194.36;0.2;0.0;0.0;0.75
2020;280;366;beauce_5_sa_026;BTH;;8.76;1.05;14.42;16.65;32.6;115.27;183.39;0.09;0.0;0;19.18;0;51.78;0.07;0.02;1.05;8.76
2020;1;208;beauce_5_sa_027;BTH;;3.32;0.86;53.43;0.0;128.12;47.36;33.41;0.08;0.0;0;87.45;0;-596.24;0.05;0.03;0.86;3.32
2020;209;286;beauce_5_sa_027;solnu;;0.24;0.0;37.76;-20.44;0.0;33.41;50.43;0.05;0.0;0;0;0;-352.1;0.03;0.01;0.0;0.24
2020;287;366;beauce_5_sa_027;BTH;;2.34;0.0;12.4;-44.64;0.0;50.69;20.52;0.0;0.0;0;0.0;0;-133.16;0.0;0.0;0.0;2.34
2020;1;223;beauce_5_sa_028;BTH;;3.66;2.01;59.86;0.0;119.05;65.0;152.26;0.09;0.0;0;71.72;0;-666.32;0.06;0.04;2.01;3.66
2020;224;315;beauce_5_sa_028;solnu;;2.26;0.0;36.2;-20.99;0.0;152.26;165.03;0.18;0.0;0;0;0;-340.79;0.16;0.01;0.0;2.26
2020;316;366;beauce_5_sa_028;BTH;;5.13;0.0;6.71;-89.48;1.92;165.18;75.15;0.04;0.0;0;1.13;0;-25.12;0.04;0.0;0.0;5.13
2020;1;226;beauce_5_sa_029;BTH;;1.83;0.14;65.2;0.0;64.12;26.97;36.52;0.07;0.0;0;61.76;0;-724.53;0.03;0.04;0.14;1.83
2020;227;269;beauce_5_sa_029;solnu;;0.27;0.0;23.73;-21.96;0.0;36.52;37.98;0.03;0.0;0;0;0;-232.09;0.03;0.01;0.0;0.27
2020;270;366;beauce_5_sa_029;BTH;;1.82;0.0;17.64;-46.12;0.0;38.31;12.29;0.01;0.0;0;0.0;0;-143.67;0.0;0.0;0.0;1.82
2020;1;177;beauce_5_sa_030;BTH;;3.14;0.0;39.96;0.0;72.85;52.54;16.46;0.05;0.0;0;51.86;0;-445.54;0.03;0.02;0.0;3.14
2020;178;290;beauce_5_sa_030;solnu;;0.83;0.0;51.31;-54.54;0.0;16.46;15.67;0.02;0.0;0;0;0;-525.06;0.01;0.01;0.0;0.83
2020;291;366;beauce_5_sa_030;BTH;;1.62;0.0;11.68;-11.5;0.0;15.53;14.23;0.0;0.0;0;0.0;0;-39.54;0.0;0.0;0.0;1.62
2020;1;211;beauce_5_sa_031;BTH;;1.44;0.0;58.49;0.0;42.75;17.15;31.41;0.04;0.0;0;54.98;0;-650.78;0.0;0.04;0.0;1.44
2020;212;262;beauce_5_sa_031;solnu;;0.21;0.0;29.84;-51.34;0.0;31.41;10.06;0.04;0.0;0;0;0;-285.84;0.04;0.01;0.0;0.21
2020;263;366;beauce_5_sa_031;BTH;;1.37;0.0;20.07;-23.86;0.0;10.06;8.81;0.0;0.0;0;0.0;0;-117.57;0.0;0.0;0.0;1.37
2020;1;171;beauce_5_sa_032;BTH;;3.63;1.38;36.61;0.0;112.07;64.32;86.81;0.08;0.0;0;68.01;0;-401.17;0.05;0.02;1.38;3.63
2020;172;312;beauce_5_sa_032;solnu;;1.77;0.0;58.19;-18.17;0.0;86.81;125.04;0.16;0.0;0;0;0;-558.09;0.13;0.03;0.0;1.77
2020;313;366;beauce_5_sa_032;BTH;;3.89;0.0;7.18;-84.43;0.24;125.14;43.64;0.01;0.0;0;0.14;0;-17.57;0.01;0.0;0.0;3.89
2020;1;182;beauce_5_sa_033;BTH;;1.7;2.39;43.31;0.0;58.87;24.63;186.63;0.05;0.0;0;60.05;0;-479.91;0.03;0.03;2.39;1.7
2020;183;267;beauce_5_sa_033;solnu;;0.23;0.0;43.51;-20.71;0.0;186.63;209.06;0.13;0.0;0;0;0;-415.7;0.11;0.02;0.0;0.23
2020;268;366;beauce_5_sa_033;BTH;;7.09;0.0;18.45;-79.94;52.22;209.31;88.14;0.12;0.0;0;30.73;0;-47.34;0.11;0.01;0.0;7.09
2020;1;223;beauce_5_sa_034;BTH;;4.57;0.0;58.65;0.0;135.13;64.84;34.9;0.1;0.0;0;81.28;0;-652.69;0.06;0.04;0.0;4.57
2020;224;314;beauce_5_sa_034;solnu;;0.6;0.0;36.08;-50.09;0.0;34.9;26.09;0.02;0.0;0;0;0;-400.29;0.01;0.01;0.0;0.6
2020;315;366;beauce_5_sa_034;BTH;;2.15;0.68;6.83;-9.86;0.0;26.09;23.97;0.0;0.0;0;0.0;0;-58.34;0.0;0.0;0.68;2.15
2020;1;216;beauce_5_sa_035;BTH;;3.09;1.05;57.08;0.0;92.8;50.59;90.36;0.06;0.0;0;64.76;0;-635.53;0.03;0.03;1.05;3.09
2020;217;289;beauce_5_sa_035;solnu;;0.96;0.0;34.8;-88.5;0.0;90.36;35.59;0.12;0.0;0;0;0;-318.66;0.11;0.01;0.0;0.96
2020;290;366;beauce_5_sa_035;BTH;;3.34;0.0;11.94;-16.4;0.0;33.76;27.78;0.0;0.0;0;0.0;0;8.3;0.0;0.0;0.0;3.34
2020;1;178;beauce_5_sa_036;BTH;;3.64;0.84;40.05;0.0;133.74;58.47;24.17;0.08;0.0;0;84.21;0;-445.37;0.06;0.02;0.84;3.64
2020;179;294;beauce_5_sa_036;solnu;;0.14;0.0;49.01;-19.94;0.0;24.17;53.08;0.05;0.0;0;0;0;-464.85;0.03;0.02;0.0;0.14
2020;295;366;beauce_5_sa_036;BTH;;2.42;0.0;10.85;-40.59;0.0;53.38;26.81;0.0;0.0;0;0.0;0;-133.94;0.0;0.0;0.0;2.42
2020;1;222;beauce_5_sa_037;BTH;;2.9;2.04;62.72;0.0;198.06;40.73;96.25;0.23;0.02;0;132.5;0;-693.2;0.19;0.04;2.04;2.9
2020;223;279;beauce_5_sa_037;solnu;;0.0;0.0;29.08;-19.34;0.0;96.25;88.17;0.09;0.0;0;0;0;-268.43;0.08;0.01;0.0;0.0
2020;280;366;beauce_5_sa_037;BTH;;2.96;0.55;14.26;-64.45;5.97;88.34;29.05;0.0;0.0;0;3.51;0;-34.53;0.0;0.0;0.55;2.96
2020;1;171;beauce_5_sa_038;BTH;;1.9;0.6;37.2;0.0;97.6;30.5;11.23;0.05;0.0;0;79.38;0;-407.28;0.03;0.02;0.6;1.9
2020;172;271;beauce_5_sa_038;solnu;;0.0;0.0;49.26;-20.19;0.0;11.23;40.49;0.03;0.0;0;0;0;-475.03;0.01;0.02;0.0;0.0
2020;272;366;beauce_5_sa_038;BTH;;1.73;0.0;16.93;-46.2;0.0;40.82;14.12;0.01;0.0;0;0.0;0;-167.07;0.01;0.0;0.0;1.73
2020;1;228;beauce_5_sa_039;BTH;;3.47;1.11;62.69;0.0;135.6;61.14;67.95;0.1;0.0;0;83.73;0;-696.97;0.06;0.04;1.11;3.47
2020;229;299;beauce_5_sa_039;solnu;;1.2;0.0;30.48;-77.45;0.0;67.95;20.56;0.05;0.0;0;0;0;-248.79;0.05;0.0;0.0;1.2
2020;300;366;beauce_5_sa_039;BTH;;1.7;0.0;9.78;-9.78;0.0;20.58;18.86;0.0;0.0;0;0.0;0;11.6;0.0;0.0;0.0;1.7
2020;1;193;beauce_5_sa_040;BTH;;2.06;0.0;49.29;0.0;59.07;31.63;19.75;0.04;0.0;0;56.06;0;-544.86;0.01;0.03;0.0;2.06
2020;194;272;beauce_5_sa_040;solnu;;0.15;0.0;39.13;-21.31;0.0;19.75;37.39;0.03;0.0;0;0;0;-377.2;0.02;0.01;0.0;0.15
2020;273;366;beauce_5_sa_040;BTH;;1.77;0.0;16.62;-43.49;0.0;37.48;12.36;0.01;0.0;0;0.0;0;-172.05;0.01;0.0;0.0;1.77
2020;1;186;beauce_5_sa_041;BTH;;3.77;2.32;44.64;0.0;132.32;49.33;130.01;0.08;0.0;0;88.76;0;-497.38;0.06;0.03;2.32;3.77
2020;187;288;beauce_5_sa_041;solnu;;0.0;0.0;44.28;-83.34;0.0;130.01;90.99;0.13;0.0;0;0;0;-402.47;0.11;0.02;0.0;0.0
2020;289;366;beauce_5_sa_041;BTH;;4.46;0.0;12.19;-29.65;14.54;88.57;54.49;0.02;0.0;0;8.56;0;37.12;0.01;0.01;0.0;4.46
2020;1;192;beauce_5_sa_042;BTH;;1.2;3.19;52.05;0.0;165.12;16.99;141.72;0.21;0.0;0;127.08;0;-578.47;0.18;0.03;3.19;1.2
2020;193;262;beauce_5_sa_042;solnu;;0.0;0.0;39.27;-18.49;0.0;141.72;162.14;0.16;0.0;0;0;0;-355.83;0.14;0.02;0.0;0.0
2020;263;366;beauce_5_sa_042;BTH;;5.91;0.0;20.15;-77.26;46.06;162.41;53.0;0.05;0.0;0;27.11;0;14.74;0.04;0.01;0.0;5.91
2020;1;221;beauce_5_sa_043;BTH;;1.62;0.86;63.77;0.0;63.59;23.92;86.75;0.07;0.0;0;63.29;0;-708.61;0.03;0.04;0.86;1.62
2020;222;265;beauce_5_sa_043;solnu;;0.48;0.0;25.28;-87.68;0.0;86.75;23.78;0.09;0.0;0;0;0;-165.5;0.09;0.0;0.0;0.48
2020;266;366;beauce_5_sa_043;BTH;;3.23;0.0;19.3;-13.77;2.79;23.78;23.29;0.0;0.0;0;1.64;0;4.71;0.0;0.0;0.0;3.23
2020;1;219;beauce_5_sa_044;BTH;;5.38;1.21;54.81;0.0;167.05;65.51;38.55;0.12;0.0;0;99.67;0;-610.26;0.09;0.03;1.21;5.38
2020;220;317;beauce_5_sa_044;solnu;;0.0;0.0;38.69;-50.28;0.0;38.55;32.46;0.02;0.0;0;0;0;-416.3;0.01;0.01;0.0;0.0
2020;318;366;beauce_5_sa_044;BTH;;2.26;0.0;6.45;-7.37;0.0;32.44;30.34;0.0;0.0;0;0.0;0;-33.63;0.0;0.0;0.0;2.26
2020;1;196;beauce_5_sa_045;BTH;;3.45;0.21;49.11;0.0;102.85;60.22;19.06;0.06;0.0;0;64.99;0;-546.03;0.03;0.03;0.21;3.45
2020;197;297;beauce_5_sa_045;solnu;;0.95;0.0;43.48;-54.86;0.0;19.06;15.96;0.01;0.0;0;0;0;-501.05;0.0;0.01;0.0;0.95
2020;298;366;beauce_5_sa_045;BTH;;1.32;0.0;10.13;-10.72;0.0;15.96;14.77;0.0;0.0;0;0.0;0;-22.39;0.0;0.0;0.0;1.32
2020;1;223;beauce_5_sa_046;BTH;;1.51;0.0;67.28;0.0;70.85;45.23;40.03;0.11;0.01;0;69.78;0;-749.38;0.07;0.04;0.0;1.51
2020;224;263;beauce_5_sa_046;solnu;;0.37;0.0;23.01;-21.73;0.0;40.03;40.9;0.03;0.0;0;0;0;-224.61;0.03;0.0;0.0;0.37
2020;264;366;beauce_5_sa_046;BTH;;2.19;0.34;19.66;-49.9;0.72;41.25;36.77;0.01;0.0;0;0.42;0;-139.05;0.0;0.0;0.34;2.19
2020;1;170;beauce_5_sa_047;BTH;;4.56;1.59;35.16;0.0;204.59;115.52;59.08;0.13;0.0;0;122.35;0;-389.75;0.11;0.02;1.59;4.56
2020;171;313;beauce_5_sa_047;solnu;;0.0;0.0;56.99;-16.16;0.0;59.08;100.01;0.11;0.0;0;0;0;-521.44;0.09;0.03;0.0;0.0
2020;314;366;beauce_5_sa_047;BTH;;3.56;0.68;7.11;-64.07;0.54;100.22;89.96;0.01;0.0;0;0.32;0;-21.41;0.01;0.0;0.68;3.56
2020;1;211;beauce_5_sa_048;BTH;;2.32;2.8;55.86;0.0;136.06;39.31;166.28;0.1;0.0;0;96.9;0;-621.52;0.06;0.03;2.8;2.32
2020;212;277;beauce_5_sa_048;solnu;;0.26;0.0;34.83;-104.03;0.0;166.28;96.65;0.17;0.0;0;0;0;-300.06;0.16;0.01;0.0;0.26
2020;278;366;beauce_5_sa_048;BTH;;5.47;0.0;14.95;0.64;35.56;95.27;71.15;0.06;0.0;0;20.92;0;11.98;0.05;0.01;0.0;5.47
2020;1;231;beauce_5_sa_049;BTH;;2.37;0.0;66.96;0.0;63.81;37.49;38.2;0.07;0.0;0;55.43;0;-747.05;0.03;0.04;0.0;2.37
2020;232;275;beauce_5_sa_049;solnu;;0.67;0.0;23.21;-52.62;0.0;38.2;11.56;0.0;0.0;0;0;0;-228.89;0.0;0.0;0.0;0.67
2020;276;366;beauce_5_sa_049;BTH;;1.25;0.0;15.49;-15.44;0.0;11.63;10.35;0.0;0.0;0;0.0;0;-23.07;0.0;0.0;0.0;1.25
2020;1;201;beauce_5_sa_050;BTH;;3.58;0.0;50.6;0.0;90.85;63.33;19.43;0.06;0.0;0;56.11;0;-565.14;0.03;0.03;0.0;3.58
2020;202;307;beauce_5_sa_050;solnu;;1.18;0.0;43.95;-50.09;0.0;19.43;17.78;0.02;0.0;0;0;0;-473.19;0.01;0.01;0.0;1.18
2020;308;366;beauce_5_sa_050;BTH;;1.47;0.0;8.08;-10.11;0.0;17.91;16.34;0.0;0.0;0;0.0;0;-57.25;0.0;0.0;0.0;1.47
2020;1;210;beauce_5_sa_051;BTH;;1.73;0.65;58.7;0.0;98.46;44.48;51.66;0.08;0.0;0;85.6;0;-654.11;0.05;0.04;0.65;1.73
2020;211;264;beauce_5_sa_051;solnu;;0.25;0.0;30.95;-21.3;0.0;51.66;60.97;0.07;0.0;0;0;0;-291.23;0.07;0.01;0.0;0.25
2020;265;366;beauce_5_sa_051;BTH;;2.22;0.32;19.38;-70.94;3.49;61.35;28.79;0.01;0.0;0;2.06;0;-59.14;0.01;0.0;0.32;2.22
2020;1;202;beauce_5_sa_052;BTH;;1.38;0.26;55.69;0.0;61.99;16.95;29.05;0.05;0.0;0;66.48;0;-620.8;0.02;0.03;0.26;1.38
2020;203;261;beauce_5_sa_052;solnu;;0.17;0.0;33.42;-62.74;0.0;29.05;7.12;0.0;0.0;0;0;0;-326.22;0.0;0.0;0.0;0.17
2020;262;366;beauce_5_sa_052;BTH;;0.96;0.0;20.45;-9.52;7.05;7.24;10.03;0.01;0.0;0;4.15;0;-15.31;0.0;0.01;0.0;0.96
2020;1;220;beauce_5_sa_053;BTH;;2.69;0.27;60.56;0.0;84.14;39.79;33.48;0.07;0.0;0;66.01;0;-675.31;0.03;0.04;0.27;2.69
2020;221;277;beauce_5_sa_053;solnu;;0.55;0.0;29.96;-48.92;0.0;33.48;15.4;0.03;0.0;0;0;0;-301.64;0.03;0.01;0.0;0.55
2020;278;366;beauce_5_sa_053;BTH;;1.68;0.0;14.76;-18.19;0.0;15.4;13.75;0.0;0.0;0;0.0;0;-95.22;0.0;0.0;0.0;1.68
2020;1;175;beauce_5_sa_054;BTH;;3.09;1.68;39.47;0.0;98.69;50.53;112.31;0.07;0.0;0;68.26;0;-432.3;0.05;0.02;1.68;3.09
2020;176;289;beauce_5_sa_054;solnu;;1.01;0.0;51.32;-19.23;0.0;112.31;143.36;0.14;0.0;0;0;0;-492.74;0.12;0.02;0.0;1.01
2020;290;366;beauce_5_sa_054;BTH;;4.89;0.0;11.93;-90.68;12.88;143.58;46.82;0.03;0.0;0;7.58;0;-29.53;0.03;0.0;0.0;4.89
2020;1;199;beauce_5_sa_055;BTH;;3.58;1.29;50.0;0.0;118.57;63.33;88.01;0.07;0.0;0;72.42;0;-557.51;0.04;0.03;1.29;3.58
2020;200;307;beauce_5_sa_055;solnu;;1.65;0.0;44.5;-93.12;0.0;88.01;37.62;0.13;0.0;0;0;0;-399.64;0.11;0.02;0.0;1.65
2020;308;366;beauce_5_sa_055;BTH;;3.1;0.0;8.17;-8.26;0.0;37.52;34.42;0.0;0.0;0;0.0;0;7.67;0.0;0.0;0.0;3.1
2020;1;192;beauce_5_sa_056;BTH;;1.37;1.2;50.86;0.0;111.5;16.81;44.41;0.09;0.0;0;95.7;0;-565.53;0.06;0.03;1.2;1.37
2020;193;261;beauce_5_sa_056;solnu;;0.07;0.0;37.98;-20.19;0.0;44.41;62.06;0.08;0.0;0;0;0;-354.29;0.06;0.01;0.0;0.07
2020;262;366;beauce_5_sa_056;BTH;;1.77;0.0;20.44;-68.21;1.5;62.46;11.46;0.0;0.0;0;0.88;0;-50.54;0.0;0.0;0.0;1.77
2020;1;178;beauce_5_sa_057;BTH;;1.86;0.81;41.06;0.0;66.48;28.32;61.29;0.05;0.0;0;62.35;0;-455.83;0.03;0.02;0.81;1.86
2020;179;269;beauce_5_sa_057;solnu;;0.1;0.0;45.67;-79.47;0.0;61.29;27.3;0.08;0.0;0;0;0;-426.69;0.06;0.02;0.0;0.1
2020;270;366;beauce_5_sa_057;BTH;;1.98;0.0;17.92;-30.06;0.0;23.38;13.18;0.0;0.0;0;0.0;0;-3.47;0.0;0.0;0.0;1.98
2020;1;210;beauce_5_sa_058;BTH;;1.68;0.91;58.08;0.0;121.78;25.77;28.11;0.07;0.0;0;96.4;0;-647.11;0.04;0.03;0.91;1.68
2020;211;268;beauce_5_sa_058;solnu;;0.0;0.0;32.23;-20.77;0.0;28.11;39.51;0.04;0.0;0;0;0;-301.54;0.03;0.01;0.0;0.0
2020;269;366;beauce_5_sa_058;BTH;;1.46;0.0;18.06;-50.13;0.0;39.95;9.59;0.0;0.0;0;0.0;0;-118.3;0.0;0.0;0.0;1.46
2020;1;217;beauce_5_sa_059;BTH;;3.56;1.48;56.71;0.0;127.17;63.76;100.78;0.08;0.0;0;77.23;0;-630.01;0.05;0.03;1.48;3.56
2020;218;310;beauce_5_sa_059;solnu;;1.67;0.0;38.52;-94.22;0.0;100.78;43.26;0.14;0.0;0;0;0;-345.37;0.13;0.01;0.0;1.67
2020;311;366;beauce_5_sa_059;BTH;;3.44;0.0;7.58;-9.27;0.0;42.82;38.13;0.0;0.0;0;0.0;0;13.72;0.0;0.0;0.0;3.44
2020;1;221;beauce_5_sa_060;BTH;;3.59;1.11;58.47;0.0;107.61;64.84;95.43;0.07;0.0;0;65.08;0;-650.66;0.03;0.04;1.11;3.59
2020;222;314;beauce_5_sa_060;solnu;;1.73;0.0;37.4;-81.41;0.0;95.43;49.56;0.14;0.0;0;0;0;-344.58;0.13;0.01;0.0;1.73
2020;315;366;beauce_5_sa_060;BTH;;3.29;0.0;6.89;-16.5;0.0;47.4;36.65;0.0;0.0;0;0.0;0;2.51;0.0;0.0;0.0;3.29
2020;1;223;beauce_5_sa_061;BTH;;4.35;1.05;59.6;0.0;149.75;55.45;39.67;0.12;0.0;0;95.41;0;-663.33;0.09;0.04;1.05;4.35
2020;224;292;beauce_5_sa_061;solnu;;0.0;0.0;31.73;-44.76;0.0;39.67;30.0;0.03;0.0;0;0;0;-331.71;0.02;0.01;0.0;0.0
2020;293;366;beauce_5_sa_061;BTH;;2.72;0.0;11.21;-16.02;0.0;29.69;27.07;0.0;0.0;0;0.0;0;-81.97;0.0;0.0;0.0;2.72
2020;1;176;beauce_5_sa_062;BTH;;3.41;1.14;39.65;0.0;107.35;59.08;72.22;0.06;0.0;0;68.31;0;-442.25;0.04;0.02;1.14;3.41
2020;177;295;beauce_5_sa_062;solnu;;1.35;0.0;52.02;-100.39;0.0;72.22;22.59;0.07;0.0;0;0;0;-421.49;0.06;0.02;0.0;1.35
2020;296;366;beauce_5_sa_062;BTH;;1.87;0.0;10.7;-10.43;0.0;22.59;20.99;0.0;0.0;0;0.0;0;11.56;0.0;0.0;0.0;1.87
2020;1;176;beauce_5_sa_063;BTH;;3.45;0.59;39.45;0.0;122.41;61.76;19.79;0.06;0.0;0;75.61;0;-440.21;0.03;0.02;0.59;3.45
2020;177;300;beauce_5_sa_063;solnu;;0.53;0.0;51.36;-53.12;0.0;19.79;21.93;0.04;0.0;0;0;0;-533.75;0.02;0.02;0.0;0.53
2020;301;366;beauce_5_sa_063;BTH;;1.81;0.0;9.53;-11.76;0.0;21.93;20.24;0.0;0.0;0;0.0;0;-50.16;0.0;0.0;0.0;1.81
2020;1;185;beauce_5_sa_064;BTH;;3.09;0.0;44.86;0.0;77.5;50.66;14.88;0.05;0.0;0;55.71;0;-499.19;0.03;0.03;0.0;3.09
2020;186;289;beauce_5_sa_064;solnu;;0.74;0.0;46.66;-53.5;0.0;14.88;13.79;0.02;0.0;0;0;0;-506.9;0.0;0.01;0.0;0.74
2020;290;366;beauce_5_sa_064;BTH;;1.44;0.0;11.83;-11.87;0.0;13.79;12.39;0.0;0.0;0;0.0;0;-19.46;0.0;0.0;0.0;1.44
2020;1;194;beauce_5_sa_065;BTH;;1.71;1.62;51.84;0.0;163.86;26.76;33.9;0.11;0.0;0;120.59;0;-575.27;0.08;0.03;1.62;1.71
2020;195;267;beauce_5_sa_065;solnu;;0.0;0.0;39.11;-59.1;0.0;33.9;14.63;0.05;0.0;0;0;0;-323.8;0.04;0.01;0.0;0.0
2020;268;366;beauce_5_sa_065;BTH;;1.81;0.0;18.53;-18.47;0.0;14.62;12.88;0.0;0.0;0;0.0;0;31.59;0.0;0.0;0.0;1.81
2020;1;174;beauce_5_sa_066;BTH;;3.39;0.0;38.42;0.0;74.01;58.47;17.93;0.05;0.0;0;49.06;0;-424.33;0.03;0.02;0.0;3.39
2020;175;294;beauce_5_sa_066;solnu;;1.37;0.0;53.32;-20.43;0.0;17.93;49.65;0.06;0.0;0;0;0;-519.37;0.03;0.02;0.0;1.37
2020;295;366;beauce_5_sa_066;BTH;;1.95;0.0;10.84;-39.36;0.0;49.95;21.67;0.0;0.0;0;0.0;0;-113.42;0.0;0.0;0.0;1.95
2020;1;222;beauce_5_sa_067;BTH;;5.23;0.62;56.95;0.0;194.93;136.42;39.88;0.12;0.0;0;117.6;0;-628.54;0.08;0.03;0.62;5.23
2020;223;305;beauce_5_sa_067;solnu;;0.0;0.0;34.95;-44.79;0.0;39.88;31.64;0.03;0.0;0;0;0;-338.66;0.02;0.01;0.0;0.0
2020;306;366;beauce_5_sa_067;BTH;;2.63;0.98;8.52;-13.71;1.01;31.64;97.46;0.02;0.0;0;0.59;0;-16.02;0.02;0.0;0.98;2.63
2020;1;178;beauce_5_sa_068;BTH;;4.02;1.21;40.27;0.0;134.19;91.51;82.58;0.1;0.0;0;88.07;0;-447.58;0.07;0.02;1.21;4.02
2020;179;290;beauce_5_sa_068;solnu;;0.14;0.0;49.38;-18.84;0.0;82.58;112.99;0.11;0.0;0;0;0;-461.82;0.09;0.02;0.0;0.14
2020;291;366;beauce_5_sa_068;BTH;;4.67;0.52;11.76;-79.72;7.77;113.17;71.76;0.03;0.0;0;4.57;0;-24.18;0.03;0.0;0.52;4.67
2020;1;183;beauce_5_sa_069;BTH;;1.62;1.93;45.2;0.0;51.78;24.43;160.36;0.04;0.0;0;55.97;0;-488.7;0.01;0.03;1.93;1.62
2020;184;265;beauce_5_sa_069;solnu;;0.24;0.0;41.94;-108.5;0.0;160.36;93.44;0.12;0.0;0;0;0;-364.88;0.11;0.01;0.0;0.24
2020;266;366;beauce_5_sa_069;BTH;;5.09;0.0;19.4;16.75;56.7;93.45;67.69;0.11;0.0;0;33.37;0;-14.08;0.09;0.02;0.0;5.09
2020;1;227;beauce_5_sa_070;BTH;;1.53;1.1;68.17;0.0;47.56;16.99;118.13;0.14;0.01;0;57.9;0;-755.02;0.1;0.04;1.1;1.53
2020;228;262;beauce_5_sa_070;solnu;;0.77;0.0;20.58;-21.6;0.0;118.13;116.25;0.08;0.0;0;0;0;-207.34;0.08;0.0;0.0;0.77
2020;263;366;beauce_5_sa_070;BTH;;5.24;0.0;20.06;-86.33;10.51;116.44;34.22;0.01;0.0;0;6.18;0;-37.37;0.01;0.0;0.0;5.24
2020;1;213;beauce_5_sa_071;BTH;;3.1;0.0;56.68;0.0;83.95;61.98;31.53;0.07;0.0;0;65.33;0;-629.8;0.03;0.03;0.0;3.1
2020;214;278;beauce_5_sa_071;solnu;;0.53;0.0;33.77;-59.15;0.0;31.53;15.18;0.01;0.0;0;0;0;-360.07;0.0;0.0;0.0;0.53
2020;279;366;beauce_5_sa_071;BTH;;1.79;0.28;14.54;-13.23;3.49;15.12;32.5;0.02;0.0;0;2.06;0;1.08;0.02;0.0;0.28;1.79
2020;1;205;beauce_5_sa_072;BTH;;2.13;1.0;54.96;0.0;94.05;60.84;94.45;0.08;0.0;0;78.66;0;-611.06;0.04;0.03;1.0;2.13
2020;206;270;beauce_5_sa_072;solnu;;0.01;0.0;34.61;-21.18;0.0;94.45;107.76;0.1;0.0;0;0;0;-326.95;0.09;0.01;0.0;0.01
2020;271;366;beauce_5_sa_072;BTH;;4.12;0.44;17.4;-84.6;9.9;108.24;59.17;0.04;0.0;0;5.82;0;-61.05;0.04;0.0;0.44;4.12
2020;1;228;beauce_5_sa_073;BTH;;2.69;1.82;64.69;0.0;147.7;43.98;94.51;0.14;0.0;0;100.96;0;-719.3;0.1;0.04;1.82;2.69
2020;229;282;beauce_5_sa_073;solnu;;0.89;0.0;26.53;-84.96;0.0;94.51;35.01;0.09;0.0;0;0;0;-238.85;0.09;0.01;0.0;0.89
2020;283;366;beauce_5_sa_073;BTH;;3.83;0.0;13.66;-13.64;0.0;35.01;31.2;0.0;0.0;0;0.0;0;26.42;0.0;0.0;0.0;3.83
2020;1;178;beauce_5_sa_074;BTH;;2.66;0.0;40.58;0.0;65.87;41.41;13.42;0.04;0.0;0;54.32;0;-450.73;0.02;0.02;0.0;2.66
2020;179;280;beauce_5_sa_074;solnu;;0.56;0.0;48.54;-20.97;0.0;13.42;40.39;0.04;0.0;0;0;0;-470.79;0.02;0.02;0.0;0.56
2020;281;366;beauce_5_sa_074;BTH;;1.71;0.0;14.06;-42.77;0.0;40.7;14.33;0.0;0.0;0;0.0;0;-146.74;0.0;0.0;0.0;1.71
2020;1;188;beauce_5_sa_075;BTH;;3.6;0.0;45.5;0.0;87.67;65.15;19.32;0.06;0.0;0;53.17;0;-506.12;0.03;0.03;0.0;3.6
2020;189;316;beauce_5_sa_075;solnu;;1.11;0.0;50.02;-48.6;0.0;19.32;22.16;0.04;0.0;0;0;0;-503.89;0.02;0.02;0.0;1.11
2020;317;366;beauce_5_sa_075;BTH;;1.83;0.0;6.55;-10.5;0.0;22.16;20.53;0.0;0.0;0;0.0;0;-80.57;0.0;0.0;0.0;1.83
2020;1;217;beauce_5_sa_076;BTH;;2.28;1.21;62.0;0.0;143.94;32.64;39.0;0.11;0.0;0;105.35;0;-687.04;0.07;0.04;1.21;2.28
2020;218;271;beauce_5_sa_076;solnu;;0.0;0.0;29.79;-53.61;0.0;39.0;19.36;0.04;0.01;0;0;0;-305.96;0.04;0.0;0.0;0.0
2020;272;366;beauce_5_sa_076;BTH;;2.58;0.0;16.86;-17.31;0.0;19.36;16.91;0.0;0.0;0;0.0;0;-11.33;0.0;0.0;0.0;2.58
2020;1;175;beauce_5_sa_077;BTH;;3.53;2.81;38.26;0.0;208.94;64.32;98.92;0.1;0.0;0;125.01;0;-421.73;0.08;0.02;2.81;3.53
2020;176;312;beauce_5_sa_077;solnu;;0.0;0.0;49.19;-17.0;0.0;98.92;131.13;0.14;0.0;0;0;0;-448.55;0.11;0.02;0.0;0.0
2020;313;366;beauce_5_sa_077;BTH;;1.93;0.0;7.23;-87.11;1.34;131.24;47.95;0.02;0.0;0;0.79;0;1.98;0.02;0.0;0.0;1.93
2020;1;218;beauce_5_sa_078;BTH;;2.86;0.85;58.56;0.0;133.32;45.54;31.29;0.08;0.0;0;91.58;0;-649.17;0.04;0.04;0.85;2.86
2020;219;284;beauce_5_sa_078;solnu;;0.15;0.0;32.64;-45.57;0.0;31.29;18.4;0.04;0.0;0;0;0;-315.91;0.03;0.01;0.0;0.15
2020;285;366;beauce_5_sa_078;BTH;;1.94;0.0;12.92;-18.86;0.0;17.94;16.1;0.0;0.0;0;0.0;0;-95.65;0.0;0.0;0.0;1.94
2020;1;221;beauce_5_sa_079;BTH;;3.14;0.0;59.44;0.0;79.95;52.54;28.84;0.06;0.0;0;56.05;0;-661.28;0.03;0.04;0.0;3.14
2020;222;290;beauce_5_sa_079;solnu;;0.74;0.0;32.59;-44.41;0.0;28.84;17.18;0.03;0.0;0;0;0;-320.68;0.02;0.01;0.0;0.74
2020;291;366;beauce_5_sa_079;BTH;;1.87;0.0;11.64;-17.7;0.0;17.18;15.38;0.0;0.0;0;0.0;0;-128.79;0.0;0.0;0.0;1.87
2020;1;192;beauce_5_sa_080;BTH;;3.62;1.51;46.48;0.0;140.89;64.05;77.95;0.08;0.0;0;85.13;0;-518.05;0.06;0.03;1.51;3.62
2020;193;311;beauce_5_sa_080;solnu;;0.41;0.0;46.44;-19.18;0.0;77.95;104.82;0.13;0.0;0;0;0;-430.86;0.11;0.02;0.0;0.41
2020;312;366;beauce_5_sa_080;BTH;;3.2;0.0;7.31;-73.29;0.0;104.96;35.63;0.01;0.0;0;0.0;0;-26.96;0.01;0.0;0.0;3.2
2020;1;221;beauce_5_sa_081;BTH;;2.06;0.81;62.23;0.0;117.59;31.63;34.82;0.09;0.0;0;90.5;0;-691.56;0.05;0.04;0.81;2.06
2020;222;272;beauce_5_sa_081;solnu;;0.05;0.0;27.55;-21.29;0.0;34.82;40.97;0.05;0.0;0;0;0;-262.28;0.04;0.01;0.0;0.05
2020;273;366;beauce_5_sa_081;BTH;;2.24;0.0;16.59;-44.59;0.0;40.93;15.43;0.01;0.0;0;0.0;0;-148.74;0.01;0.0;0.0;2.24
2020;1;202;beauce_5_sa_082;BTH;;3.67;0.0;50.71;0.0;93.59;65.51;18.89;0.06;0.0;0;56.44;0;-566.14;0.03;0.03;0.0;3.67
2020;203;317;beauce_5_sa_082;solnu;;1.0;0.0;45.24;-47.61;0.0;18.89;19.76;0.03;0.0;0;0;0;-478.68;0.02;0.02;0.0;1.0
2020;318;366;beauce_5_sa_082;BTH;;1.63;0.0;6.44;-9.54;0.0;19.76;18.22;0.0;0.0;0;0.0;0;-67.26;0.0;0.0;0.0;1.63
2020;1;185;beauce_5_sa_083;BTH;;2.54;0.45;45.15;0.0;99.66;39.46;15.71;0.05;0.0;0;75.35;0;-502.26;0.02;0.03;0.45;2.54
2020;186;278;beauce_5_sa_083;solnu;;0.21;0.0;43.88;-20.51;0.0;15.71;38.82;0.04;0.0;0;0;0;-415.29;0.02;0.02;0.0;0.21
2020;279;366;beauce_5_sa_083;BTH;;1.66;0.0;14.56;-43.59;0.0;39.21;13.72;0.0;0.0;0;0.0;0;-165.47;0.0;0.0;0.0;1.66
2020;1;226;beauce_5_sa_084;BTH;;3.68;1.84;58.73;0.0;173.97;65.51;84.53;0.11;0.0;0;103.73;0;-651.76;0.08;0.04;1.84;3.68
2020;227;317;beauce_5_sa_084;solnu;;0.0;0.0;35.16;-19.89;0.0;84.53;99.67;0.13;0.0;0;0;0;-325.08;0.12;0.01;0.0;0.0
2020;318;366;beauce_5_sa_084;BTH;;3.21;0.0;6.49;-66.3;0.0;99.79;36.64;0.01;0.0;0;0.0;0;-15.39;0.01;0.0;0.0;3.21
2020;1;177;beauce_5_sa_085;BTH;;3.47;0.0;39.87;0.0;77.7;60.24;18.88;0.05;0.0;0;50.19;0;-444.62;0.03;0.02;0.0;3.47
2020;178;297;beauce_5_sa_085;solnu;;1.33;0.0;52.33;-20.47;0.0;18.88;49.35;0.05;0.0;0;0;0;-504.85;0.03;0.02;0.0;1.33
2020;298;366;beauce_5_sa_085;BTH;;1.93;0.0;10.2;-40.02;0.0;49.64;21.49;0.0;0.0;0;0.0;0;-122.92;0.0;0.0;0.0;1.93
2020;1;228;beauce_5_sa_086;BTH;;6.4;0.6;60.38;0.0;178.35;149.68;70.08;0.14;0.0;0;106.71;0;-671.07;0.1;0.04;0.6;6.4
2020;229;314;beauce_5_sa_086;solnu;;0.0;0.0;33.33;-19.98;0.0;70.08;83.2;0.08;0.0;0;0;0;-306.36;0.07;0.01;0.0;0.0
2020;315;366;beauce_5_sa_086;BTH;;4.51;1.13;6.89;-81.72;2.18;83.4;87.22;0.05;0.0;0;1.28;0;-29.12;0.05;0.0;1.13;4.51
2020;1;172;beauce_5_sa_087;BTH;;1.58;0.0;38.27;0.0;48.4;22.22;10.48;0.03;0.0;0;55.31;0;-418.75;0.01;0.02;0.0;1.58
2020;173;265;beauce_5_sa_087;solnu;;0.1;0.0;47.16;-20.92;0.0;10.48;36.58;0.04;0.0;0;0;0;-459.98;0.02;0.02;0.0;0.1
2020;266;366;beauce_5_sa_087;BTH;;1.17;0.0;19.07;-48.89;0.0;36.95;7.69;0.0;0.0;0;0.0;0;-144.67;0.0;0.0;0.0;1.17
2020;1;210;beauce_5_sa_088;BTH;;2.4;1.2;54.65;0.0;158.15;41.41;25.62;0.09;0.0;0;108.62;0;-608.95;0.06;0.03;1.2;2.4
2020;211;280;beauce_5_sa_088;solnu;;0.0;0.0;35.98;-19.76;0.0;25.62;41.79;0.04;0.0;0;0;0;-331.14;0.03;0.01;0.0;0.0
2020;281;366;beauce_5_sa_088;BTH;;1.42;0.0;14.06;-42.42;0.0;42.09;15.73;0.0;0.0;0;0.0;0;-110.68;0.0;0.0;0.0;1.42
2020;1;179;beauce_5_sa_089;BTH;;3.55;0.0;40.68;0.0;80.49;62.57;19.16;0.06;0.0;0;50.46;0;-451.78;0.03;0.02;0.0;3.55
2020;180;303;beauce_5_sa_089;solnu;;1.29;0.0;52.59;-55.12;0.0;19.16;19.83;0.03;0.0;0;0;0;-546.54;0.01;0.02;0.0;1.29
2020;304;366;beauce_5_sa_089;BTH;;1.63;0.0;8.87;-9.54;0.0;19.67;18.1;0.0;0.0;0;0.0;0;-36.88;0.0;0.0;0.0;1.63
2020;1;218;beauce_5_sa_090;BTH;;1.9;1.45;60.77;0.0;56.57;28.19;138.69;0.05;0.0;0;56.61;0;-673.62;0.01;0.04;1.45;1.9
2020;219;270;beauce_5_sa_090;solnu;;0.43;0.0;28.19;-22.2;0.0;138.69;144.12;0.13;0.0;0;0;0;-274.93;0.12;0.01;0.0;0.43
2020;271;366;beauce_5_sa_090;BTH;;5.39;0.0;17.39;-80.09;31.45;144.56;44.53;0.05;0.0;0;18.5;0;-67.35;0.04;0.01;0.0;5.39
2020;1;228;beauce_5_sa_091;BTH;;3.66;0.0;62.69;0.0;91.87;65.0;32.09;0.07;0.0;0;55.72;0;-696.9;0.04;0.04;0.0;3.66
2020;229;315;beauce_5_sa_091;solnu;;1.24;0.0;33.43;-21.74;0.0;32.09;42.49;0.04;0.0;0;0;0;-319.6;0.03;0.01;0.0;1.24
2020;316;366;beauce_5_sa_091;BTH;;1.72;0.0;6.68;-32.75;0.0;42.64;19.15;0.0;0.0;0;0.0;0;-114.22;0.0;0.0;0.0;1.72
2020;1;214;beauce_5_sa_092;BTH;;2.76;0.16;56.76;0.0;83.46;43.32;25.84;0.06;0.0;0;63.54;0;-631.38;0.02;0.03;0.16;2.76
2020;215;282;beauce_5_sa_092;solnu;;0.46;0.0;34.18;-21.63;0.0;25.84;37.9;0.04;0.0;0;0;0;-326.86;0.03;0.01;0.0;0.46
2020;283;366;beauce_5_sa_092;BTH;;1.68;0.0;13.53;-41.72;0.0;38.19;14.31;0.0;0.0;0;0.0;0;-157.92;0.0;0.0;0.0;1.68
2020;1;206;beauce_5_sa_093;BTH;;2.85;1.37;53.35;0.0;84.05;45.37;114.1;0.05;0.0;0;62.68;0;-593.21;0.02;0.03;1.37;2.85
2020;207;283;beauce_5_sa_093;solnu;;1.01;0.0;37.42;-21.29;0.0;114.1;129.07;0.14;0.0;0;0;0;-356.18;0.13;0.01;0.0;1.01
2020;284;366;beauce_5_sa_093;BTH;;4.34;0.0;13.35;-82.93;16.83;129.5;38.31;0.02;0.0;0;9.9;0;-64.93;0.02;0.0;0.0;4.34
2020;1;216;beauce_5_sa_094;BTH;;1.53;0.0;62.58;0.0;61.29;36.74;36.43;0.06;0.0;0;64.96;0;-695.93;0.03;0.04;0.0;1.53
2020;217;262;beauce_5_sa_094;solnu;;0.28;0.0;27.16;-56.62;0.0;36.43;12.84;0.04;0.0;0;0;0;-307.68;0.04;0.0;0.0;0.28
2020;263;366;beauce_5_sa_094;BTH;;1.76;0.24;20.06;-21.17;1.66;12.84;26.75;0.01;0.0;0;0.98;0;-18.04;0.01;0.0;0.24;1.76
2020;1;177;beauce_5_sa_095;BTH;;2.88;1.32;40.09;0.0;81.16;46.35;99.76;0.06;0.0;0;60.42;0;-447.0;0.04;0.02;1.32;2.88
2020;178;283;beauce_5_sa_095;solnu;;1.03;0.0;49.91;-109.14;0.0;99.76;39.49;0.09;0.0;0;0;0;-354.74;0.08;0.02;0.0;1.03
2020;284;366;beauce_5_sa_095;BTH;;2.91;0.0;13.53;16.61;25.12;40.25;41.56;0.05;0.0;0;14.78;0;-10.36;0.03;0.02;0.0;2.91
2020;1;190;beauce_5_sa_096;BTH;;5.25;0.0;45.27;0.0;141.79;132.09;30.2;0.1;0.0;0;85.39;0;-504.79;0.07;0.03;0.0;5.25
2020;191;313;beauce_5_sa_096;solnu;;0.0;0.0;46.75;-20.09;0.0;30.2;56.83;0.04;0.0;0;0;0;-441.88;0.02;0.02;0.0;0.0
2020;314;366;beauce_5_sa_096;BTH;;2.82;0.9;7.07;-46.4;1.01;57.04;85.46;0.02;0.0;0;0.59;0;-109.14;0.02;0.0;0.9;2.82
2020;1;184;beauce_5_sa_097;BTH;;2.72;0.0;44.75;0.0;69.88;42.98;15.08;0.05;0.0;0;55.75;0;-494.05;0.02;0.03;0.0;2.72
2020;185;281;beauce_5_sa_097;solnu;;0.58;0.0;45.15;-45.79;0.0;15.08;15.36;0.03;0.0;0;0;0;-452.07;0.02;0.02;0.0;0.58
2020;282;366;beauce_5_sa_097;BTH;;1.65;0.0;13.78;-16.84;0.0;15.36;13.73;0.0;0.0;0;0.0;0;-109.26;0.0;0.0;0.0;1.65
2020;1;186;beauce_5_sa_098;BTH;;1.6;0.93;47.15;0.0;79.37;22.22;57.99;0.07;0.0;0;73.54;0;-524.36;0.04;0.03;0.93;1.6
2020;187;265;beauce_5_sa_098;solnu;;0.07;0.0;40.81;-20.62;0.0;57.99;78.03;0.08;0.0;0;0;0;-385.1;0.07;0.02;0.0;0.07
2020;266;366;beauce_5_sa_098;BTH;;2.15;0.0;19.11;-76.0;4.5;78.4;14.48;0.01;0.0;0;2.65;0;-57.98;0.01;0.0;0.0;2.15
2020;1;203;beauce_5_sa_099;BTH;;1.39;2.19;55.43;0.0;46.33;16.62;188.28;0.06;0.0;0;57.39;0;-617.94;0.03;0.03;2.19;1.39
2020;204;260;beauce_5_sa_099;solnu;;0.61;0.0;32.68;-107.29;0.0;188.28;112.93;0.13;0.0;0;0;0;-185.68;0.12;0.01;0.0;0.61
2020;261;366;beauce_5_sa_099;BTH;;6.26;0.0;21.04;23.18;63.18;113.5;87.58;0.13;0.0;0;37.17;0;-44.49;0.11;0.03;0.0;6.26
2021;1;218;beauce_5_sa_000;BTH;;2.64;0.69;57.42;18.92;108.24;10.26;28.02;0.09;0.0;0;64.38;0;-245.29;0.05;0.05;0.69;2.64
2021;219;268;beauce_5_sa_000;solnu;;0.62;0.0;22.3;-52.83;0.0;28.02;4.34;0.01;0.0;0;0;0;-180.21;0.01;0.0;0.0;0.62
2021;269;365;beauce_5_sa_000;BTH;;0.79;0.0;16.79;-16.72;0.0;4.24;3.62;0.0;0.0;0;0.0;0;39.15;0.0;0.0;0.0;0.79
2021;1;201;beauce_5_sa_001;BTH;;3.33;0.67;47.37;5.04;102.18;12.15;10.07;0.07;0.0;0;60.12;0;-80.53;0.04;0.03;0.67;3.33
2021;202;287;beauce_5_sa_001;solnu;;0.53;0.0;37.05;-47.18;0.0;10.07;6.87;0.01;0.01;0;0;0;-259.86;0.0;0.01;0.0;0.53
2021;288;365;beauce_5_sa_001;BTH;;1.3;0.0;11.6;-12.5;0.0;6.87;5.61;0.0;0.0;0;0.0;0;14.19;0.0;0.0;0.0;1.3
2021;1;213;beauce_5_sa_002;BTH;;5.07;1.85;55.44;23.88;160.04;22.16;75.86;0.24;0.02;0;94.18;0;-104.82;0.2;0.05;1.85;5.07
2021;214;310;beauce_5_sa_002;solnu;;2.8;0.0;35.68;-64.96;0.0;75.86;45.32;0.06;0.08;0;0;0;-152.4;0.05;0.01;0.0;2.8
2021;311;365;beauce_5_sa_002;BTH;;7.83;0.0;6.79;-6.73;0.0;45.36;37.54;0.0;0.0;0;0.0;0;35.42;0.0;0.0;0.0;7.83
2021;1;192;beauce_5_sa_003;BTH;;3.25;1.95;44.64;23.35;189.0;15.64;38.33;0.22;0.02;0;112.09;0;-108.45;0.18;0.04;1.95;3.25
2021;193;279;beauce_5_sa_003;solnu;;1.29;0.0;39.47;-52.0;0.0;38.33;26.3;0.04;0.06;0;0;0;-163.69;0.03;0.01;0.0;1.29
2021;280;365;beauce_5_sa_003;BTH;;4.96;0.0;14.42;-13.84;0.0;26.25;21.91;0.0;0.0;0;0.0;0;67.01;0.0;0.0;0.0;4.96
2021;1;227;beauce_5_sa_004;BTH;;4.45;0.0;59.18;12.56;51.99;14.41;30.6;0.05;0.0;0;30.59;0;-315.55;0.0;0.04;0.0;4.45
2021;228;282;beauce_5_sa_004;solnu;;0.58;0.0;21.84;-15.17;0.0;30.6;36.62;0.03;0.05;0;0;0;-154.42;0.02;0.01;0.0;0.58
2021;283;365;beauce_5_sa_004;BTH;;2.92;0.0;12.56;-33.62;0.0;36.9;12.92;0.0;0.0;0;0.0;0;-60.21;0.0;0.0;0.0;2.92
2021;1;179;beauce_5_sa_005;BTH;;5.19;0.13;36.57;4.18;54.84;18.27;8.65;0.03;0.0;0;32.27;0;-185.49;0.0;0.03;0.13;5.19
2021;180;290;beauce_5_sa_005;solnu;;1.0;0.0;45.79;-1.16;0.0;8.65;52.26;0.04;0.03;0;0;0;-310.72;0.02;0.03;0.0;1.0
2021;291;365;beauce_5_sa_005;BTH;;2.83;0.0;10.77;-44.74;2.96;52.45;12.48;0.01;0.0;0;1.74;0;-51.01;0.01;0.0;0.0;2.83
2021;1;175;beauce_5_sa_006;BTH;;3.8;0.77;35.11;23.34;77.2;16.77;51.29;0.08;0.02;0;48.14;0;-132.49;0.04;0.04;0.77;3.8
2021;176;283;beauce_5_sa_006;solnu;;3.54;0.0;48.56;-56.79;0.0;51.29;42.29;0.08;0.07;0;0;0;-259.51;0.07;0.01;0.0;3.54
2021;284;365;beauce_5_sa_006;BTH;;7.99;0.0;12.92;-8.95;1.44;42.29;36.83;0.0;0.0;0;0.85;0;16.12;0.0;0.0;0.0;7.99
2021;1;222;beauce_5_sa_007;BTH;;8.09;1.82;59.78;15.04;173.57;28.32;59.83;0.21;0.02;0;102.14;0;-91.35;0.16;0.05;1.82;8.09
2021;223;317;beauce_5_sa_007;solnu;;4.25;0.0;32.18;-54.5;0.0;59.83;34.32;0.05;0.07;0;0;0;-162.9;0.04;0.01;0.0;4.25
2021;318;365;beauce_5_sa_007;BTH;;4.72;0.0;5.35;-6.24;0.0;34.29;29.7;0.0;0.0;0;0.0;0;7.69;0.0;0.0;0.0;4.72
2021;1;181;beauce_5_sa_008;BTH;;6.72;0.99;37.96;15.78;129.77;35.36;26.91;0.14;0.02;0;78.42;0;-49.62;0.1;0.03;0.99;6.72
2021;182;296;beauce_5_sa_008;solnu;;2.13;0.0;48.78;-54.36;0.0;26.91;23.95;0.04;0.04;0;0;0;-262.74;0.03;0.02;0.0;2.13
2021;297;365;beauce_5_sa_008;BTH;;4.66;0.32;9.32;-12.52;2.75;23.94;37.2;0.02;0.0;0;1.62;0;37.6;0.02;0.0;0.32;4.66
2021;1;176;beauce_5_sa_009;BTH;;4.39;0.17;34.92;8.15;59.04;15.62;7.54;0.03;0.0;0;34.74;0;-95.94;0.0;0.03;0.17;4.39
2021;177;296;beauce_5_sa_009;solnu;;1.02;0.0;51.05;-48.68;0.0;7.54;11.39;0.02;0.03;0;0;0;-287.07;0.01;0.01;0.0;1.02
2021;297;365;beauce_5_sa_009;BTH;;2.09;0.0;9.24;-9.16;0.0;11.43;9.37;0.0;0.0;0;0.0;0;0.48;0.0;0.0;0.0;2.09
2021;1;210;beauce_5_sa_010;BTH;;3.09;1.27;53.47;30.13;128.06;14.88;62.48;0.26;0.02;0;79.17;0;-240.76;0.21;0.05;1.27;3.09
2021;211;260;beauce_5_sa_010;solnu;;2.76;0.0;24.41;-67.27;0.0;62.48;19.26;0.01;0.0;0;0;0;-122.26;0.01;0.0;0.0;2.76
2021;261;365;beauce_5_sa_010;BTH;;3.75;0.0;20.15;-11.74;4.48;19.27;19.43;0.01;0.0;0;2.64;0;52.12;0.0;0.01;0.0;3.75
2021;1;188;beauce_5_sa_011;BTH;;5.58;0.0;40.73;-2.08;43.84;17.94;8.6;0.02;0.0;0;25.8;0;-180.03;0.0;0.02;0.0;5.58
2021;189;298;beauce_5_sa_011;solnu;;0.84;0.0;43.6;-5.56;0.0;8.6;45.74;0.04;0.02;0;0;0;-274.53;0.02;0.02;0.0;0.84
2021;299;365;beauce_5_sa_011;BTH;;2.22;0.0;8.85;-42.32;0.0;46.08;10.05;0.0;0.0;0;0.0;0;-35.34;0.0;0.0;0.0;2.22
2021;1;203;beauce_5_sa_012;BTH;;7.2;1.97;48.79;16.11;186.53;28.21;48.71;0.18;0.02;0;109.76;0;-74.54;0.13;0.04;1.97;7.2
2021;204;302;beauce_5_sa_012;solnu;;1.31;0.0;39.46;-4.08;0.0;48.71;82.63;0.07;0.07;0;0;0;-199.76;0.05;0.02;0.0;1.31
2021;303;365;beauce_5_sa_012;BTH;;5.99;0.0;8.34;-57.97;0.0;82.85;27.21;0.01;0.0;0;0.0;0;6.04;0.01;0.0;0.0;5.99
2021;1;180;beauce_5_sa_013;BTH;;5.58;0.33;37.07;-0.19;66.57;19.18;9.32;0.03;0.0;0;39.17;0;-75.55;0.0;0.03;0.33;5.58
2021;181;307;beauce_5_sa_013;solnu;;1.19;0.0;49.4;-45.23;0.0;9.32;12.77;0.03;0.02;0;0;0;-261.67;0.01;0.02;0.0;1.19
2021;308;365;beauce_5_sa_013;BTH;;2.34;0.0;7.49;-7.99;0.0;12.61;10.54;0.0;0.0;0;0.0;0;-13.76;0.0;0.0;0.0;2.34
2021;1;220;beauce_5_sa_014;BTH;;4.71;0.0;56.31;1.68;50.51;15.19;18.93;0.04;0.0;0;29.72;0;-189.27;0.0;0.04;0.0;4.71
2021;221;301;beauce_5_sa_014;solnu;;0.66;0.0;29.46;-39.45;0.0;18.93;9.17;0.02;0.02;0;0;0;-184.96;0.01;0.01;0.0;0.66
2021;302;365;beauce_5_sa_014;BTH;;1.67;0.0;8.26;-8.83;0.0;9.17;7.55;0.0;0.0;0;0.0;0;-20.47;0.0;0.0;0.0;1.67
2021;1;219;beauce_5_sa_015;BTH;;5.07;0.0;55.72;8.73;52.47;16.46;24.21;0.04;0.0;0;30.88;0;-282.3;0.0;0.04;0.0;5.07
2021;220;290;beauce_5_sa_015;solnu;;0.66;0.0;27.1;-13.61;0.0;24.21;36.9;0.02;0.03;0;0;0;-185.94;0.01;0.01;0.0;0.66
2021;291;365;beauce_5_sa_015;BTH;;2.34;0.0;10.74;-35.65;0.0;37.06;10.32;0.01;0.0;0;0.0;0;-51.91;0.0;0.0;0.0;2.34
2021;1;228;beauce_5_sa_016;BTH;;9.09;2.17;62.75;30.22;151.85;33.37;129.58;0.32;0.02;0;89.35;0;-126.98;0.26;0.06;2.17;9.09
2021;229;286;beauce_5_sa_016;solnu;;6.63;0.0;23.43;-59.27;0.0;129.58;87.51;0.05;0.13;0;0;0;-126.28;0.05;0.01;0.0;6.63
2021;287;365;beauce_5_sa_016;BTH;;16.2;0.0;11.98;-13.63;0.0;87.28;71.04;0.0;0.0;0;0.0;0;28.64;0.0;0.0;0.0;16.2
2021;1;194;beauce_5_sa_017;BTH;;5.04;0.61;43.88;-6.85;87.99;17.99;8.12;0.05;0.0;0;51.78;0;-63.85;0.03;0.02;0.61;5.04
2021;195;310;beauce_5_sa_017;solnu;;0.89;0.0;43.73;-42.11;0.0;8.12;9.03;0.03;0.01;0;0;0;-200.66;0.01;0.02;0.0;0.89
2021;311;365;beauce_5_sa_017;BTH;;1.55;0.0;6.66;-9.4;0.0;8.94;7.43;0.0;0.0;0;0.0;0;-40.39;0.0;0.0;0.0;1.55
2021;1;198;beauce_5_sa_018;BTH;;1.67;0.78;46.94;16.65;110.76;9.73;19.41;0.09;0.01;0;69.92;0;-198.49;0.05;0.04;0.78;1.67
2021;199;259;beauce_5_sa_018;solnu;;0.51;0.0;29.33;-53.78;0.0;19.41;3.7;0.0;0.0;0;0;0;-233.14;0.0;0.0;0.0;0.51
2021;260;365;beauce_5_sa_018;BTH;;0.72;0.0;20.35;-15.6;2.87;3.83;4.84;0.0;0.0;0;1.69;0;61.5;0.0;0.0;0.0;0.72
2021;1;222;beauce_5_sa_019;BTH;;5.33;0.0;57.22;-4.4;43.04;16.91;22.83;0.03;0.0;0;25.32;0;-183.36;0.0;0.03;0.0;5.33
2021;223;296;beauce_5_sa_019;solnu;;0.74;0.0;27.48;-15.62;0.0;22.83;33.9;0.03;0.03;0;0;0;-161.35;0.02;0.01;0.0;0.74
2021;297;365;beauce_5_sa_019;BTH;;2.18;0.0;9.18;-31.23;0.0;34.05;9.82;0.0;0.0;0;0.0;0;-28.13;0.0;0.0;0.0;2.18
2021;1;195;beauce_5_sa_020;BTH;;4.42;1.91;45.15;5.36;197.46;18.57;10.15;0.15;0.01;0;116.19;0;-20.02;0.12;0.03;1.91;4.42
2021;196;300;beauce_5_sa_020;solnu;;0.89;0.0;42.52;-44.03;0.0;10.15;10.56;0.02;0.01;0;0;0;-201.16;0.0;0.02;0.0;0.89
2021;301;365;beauce_5_sa_020;BTH;;1.91;0.0;8.71;-9.84;0.0;10.46;8.6;0.0;0.0;0;0.0;0;19.54;0.0;0.0;0.0;1.91
2021;1;230;beauce_5_sa_021;BTH;;5.53;0.33;61.53;-3.39;70.76;18.15;27.04;0.05;0.0;0;41.64;0;-203.78;0.01;0.04;0.33;5.53
2021;231;312;beauce_5_sa_021;solnu;;1.12;0.0;27.19;-37.29;0.0;27.04;15.98;0.03;0.04;0;0;0;-155.39;0.02;0.01;0.0;1.12
2021;313;365;beauce_5_sa_021;BTH;;2.77;0.0;6.14;-8.86;0.0;15.98;13.25;0.0;0.0;0;0.0;0;-57.89;0.0;0.0;0.0;2.77
2021;1;198;beauce_5_sa_022;BTH;;19.14;1.72;46.29;43.77;127.76;81.07;156.58;0.19;0.01;0;92.61;0;-181.38;0.13;0.05;1.72;19.14
2021;199;280;beauce_5_sa_022;solnu;;4.77;0.0;35.88;-5.88;0.0;156.58;181.58;0.1;0.12;0;0;0;-224.09;0.08;0.02;0.0;4.77
2021;281;365;beauce_5_sa_022;BTH;;18.57;0.35;13.42;-88.67;17.85;181.87;96.13;0.03;0.0;0;10.5;0;27.4;0.03;0.0;0.35;18.57
2021;1;206;beauce_5_sa_023;BTH;;8.42;0.79;49.37;3.61;114.71;23.36;13.65;0.07;0.0;0;67.5;0;-96.36;0.03;0.04;0.79;8.42
2021;207;315;beauce_5_sa_023;solnu;;1.67;0.0;39.74;-46.79;0.0;13.65;10.58;0.01;0.0;0;0;0;-273.11;0.0;0.01;0.0;1.67
2021;316;365;beauce_5_sa_023;BTH;;1.58;0.0;5.55;-7.26;0.0;10.38;8.73;0.0;0.0;0;0.0;0;-10.16;0.0;0.0;0.0;1.58
2021;1;208;beauce_5_sa_024;BTH;;3.63;0.44;50.84;10.45;80.88;12.38;23.07;0.05;0.0;0;47.59;0;-189.01;0.02;0.04;0.44;3.63
2021;209;272;beauce_5_sa_024;solnu;;0.56;0.0;28.67;-12.7;0.0;23.07;38.42;0.03;0.04;0;0;0;-180.03;0.02;0.01;0.0;0.56
2021;273;365;beauce_5_sa_024;BTH;;2.34;0.0;15.49;-43.57;0.0;38.79;10.35;0.0;0.0;0;0.0;0;-65.28;0.0;0.0;0.0;2.34
2021;1;193;beauce_5_sa_025;BTH;;3.14;0.0;43.51;6.48;50.32;10.24;7.44;0.03;0.0;0;29.61;0;-138.52;0.0;0.03;0.0;3.14
2021;194;280;beauce_5_sa_025;solnu;;0.4;0.0;37.74;-39.26;0.0;7.44;6.21;0.02;0.02;0;0;0;-228.33;0.0;0.01;0.0;0.4
2021;281;365;beauce_5_sa_025;BTH;;1.17;0.0;13.56;-13.51;0.0;6.21;5.1;0.0;0.0;0;0.0;0;-18.32;0.0;0.0;0.0;1.17
2021;1;221;beauce_5_sa_026;BTH;;27.92;2.46;59.97;43.14;193.86;177.98;248.75;0.46;0.04;0;133.26;0;-264.78;0.4;0.06;2.46;27.92
2021;222;278;beauce_5_sa_026;solnu;;17.44;0.0;24.55;-73.46;0.0;248.75;182.23;0.06;0.11;0;0;0;-85.72;0.06;0.0;0.0;17.44
2021;279;365;beauce_5_sa_026;BTH;;34.64;1.05;14.57;-14.22;1.12;181.98;225.44;0.03;0.0;0;0.66;0;96.09;0.03;0.0;1.05;34.64
2021;1;208;beauce_5_sa_027;BTH;;6.46;0.86;50.45;17.92;116.18;19.26;30.28;0.1;0.01;0;68.36;0;-212.59;0.06;0.05;0.86;6.46
2021;209;285;beauce_5_sa_027;solnu;;0.96;0.0;32.01;-9.71;0.0;30.28;51.54;0.04;0.04;0;0;0;-207.08;0.02;0.02;0.0;0.96
2021;286;365;beauce_5_sa_027;BTH;;3.33;0.0;11.91;-47.32;0.0;51.95;14.73;0.0;0.0;0;0.0;0;-67.2;0.0;0.0;0.0;3.33
2021;1;223;beauce_5_sa_028;BTH;;18.32;2.01;58.84;55.42;139.63;70.68;181.38;0.26;0.03;0;83.3;0;-312.37;0.19;0.07;2.01;18.32
2021;224;314;beauce_5_sa_028;solnu;;13.58;0.0;30.63;-6.77;0.0;181.38;191.42;0.12;0.12;0;0;0;-209.98;0.11;0.02;0.0;13.58
2021;315;365;beauce_5_sa_028;BTH;;20.65;0.0;5.76;-61.79;0.0;191.74;114.73;0.01;0.0;0;0.0;0;-13.34;0.01;0.0;0.0;20.65
2021;1;226;beauce_5_sa_029;BTH;;3.6;0.14;59.74;10.5;52.77;11.43;36.45;0.06;0.0;0;31.05;0;-228.82;0.01;0.04;0.14;3.6
2021;227;268;beauce_5_sa_029;solnu;;0.57;0.0;18.52;-16.66;0.0;36.45;37.66;0.03;0.06;0;0;0;-123.43;0.02;0.0;0.0;0.57
2021;269;365;beauce_5_sa_029;BTH;;3.46;0.0;16.64;-36.84;0.0;37.85;15.13;0.0;0.0;0;0.0;0;-57.63;0.0;0.0;0.0;3.46
2021;1;177;beauce_5_sa_030;BTH;;3.78;0.0;35.35;12.51;51.05;13.11;7.24;0.03;0.0;0;30.04;0;-165.67;0.0;0.03;0.0;3.78
2021;178;289;beauce_5_sa_030;solnu;;0.76;0.0;48.12;-43.76;0.0;7.24;11.58;0.03;0.03;0;0;0;-314.41;0.01;0.02;0.0;0.76
2021;290;365;beauce_5_sa_030;BTH;;2.19;0.0;11.12;-10.87;0.0;11.68;9.64;0.0;0.0;0;0.0;0;-28.07;0.0;0.0;0.0;2.19
2021;1;211;beauce_5_sa_031;BTH;;2.69;0.0;52.05;17.66;46.66;8.27;29.12;0.05;0.0;0;27.46;0;-225.84;0.01;0.04;0.0;2.69
2021;212;261;beauce_5_sa_031;solnu;;0.44;0.0;23.36;-37.82;0.0;29.12;14.17;0.03;0.04;0;0;0;-157.97;0.02;0.0;0.0;0.44
2021;262;365;beauce_5_sa_031;BTH;;2.76;0.0;19.55;-19.75;0.0;14.17;11.53;0.0;0.0;0;0.0;0;-58.44;0.0;0.0;0.0;2.76
2021;1;171;beauce_5_sa_032;BTH;;9.57;1.38;32.97;12.77;102.45;40.87;79.33;0.11;0.02;0;60.42;0;-44.42;0.08;0.03;1.38;9.57
2021;172;311;beauce_5_sa_032;solnu;;7.9;0.0;55.41;11.22;0.0;79.33;138.59;0.15;0.08;0;0;0;-292.35;0.11;0.04;0.0;7.9
2021;312;365;beauce_5_sa_032;BTH;;14.26;0.0;6.52;-60.86;0.0;138.97;69.98;0.02;0.0;0;0.0;0;-8.92;0.02;0.0;0.0;14.26
2021;1;182;beauce_5_sa_033;BTH;;15.42;2.39;39.06;37.47;122.73;84.63;205.59;0.22;0.03;0;102.95;0;-197.11;0.17;0.05;2.39;15.42
2021;183;266;beauce_5_sa_033;solnu;;15.98;0.0;38.71;-3.46;0.0;205.59;224.61;0.14;0.11;0;0;0;-257.05;0.11;0.02;0.0;15.98
2021;267;365;beauce_5_sa_033;BTH;;28.75;0.0;17.42;-79.84;9.21;224.96;124.22;0.0;0.0;0;5.42;0;12.01;0.0;0.0;0.0;28.75
2021;1;223;beauce_5_sa_034;BTH;;8.8;0.0;58.27;7.44;105.29;22.43;26.74;0.08;0.0;0;61.96;0;-172.79;0.03;0.05;0.0;8.8
2021;224;313;beauce_5_sa_034;solnu;;1.62;0.0;30.43;-46.22;0.0;26.74;15.6;0.02;0.02;0;0;0;-242.07;0.01;0.01;0.0;1.62
2021;314;365;beauce_5_sa_034;BTH;;2.7;0.68;5.96;-8.67;0.0;15.25;12.93;0.0;0.0;0;0.0;0;-30.41;0.0;0.0;0.68;2.7
2021;1;216;beauce_5_sa_035;BTH;;7.82;1.05;56.02;30.91;92.7;26.04;92.71;0.14;0.0;0;54.55;0;-187.5;0.08;0.05;1.05;7.82
2021;217;288;beauce_5_sa_035;solnu;;1.19;0.0;28.7;-71.31;0.0;92.71;48.74;0.07;0.1;0;0;0;-167.39;0.06;0.01;0.0;1.19
2021;289;365;beauce_5_sa_035;BTH;;9.0;0.0;11.49;-11.87;0.0;48.39;39.36;0.0;0.0;0;0.0;0;26.76;0.0;0.0;0.0;9.0
2021;1;178;beauce_5_sa_036;BTH;;8.56;0.84;36.13;-1.25;99.19;25.34;15.6;0.05;0.0;0;58.37;0;-50.95;0.03;0.03;0.84;8.56
2021;179;293;beauce_5_sa_036;solnu;;2.01;0.0;47.97;-7.0;0.0;15.6;54.59;0.04;0.03;0;0;0;-243.75;0.02;0.03;0.0;2.01
2021;294;365;beauce_5_sa_036;BTH;;3.66;0.0;10.18;-46.68;0.0;54.8;16.33;0.0;0.0;0;0.0;0;-42.54;0.0;0.0;0.0;3.66
2021;1;222;beauce_5_sa_037;BTH;;7.94;2.04;59.86;45.83;196.92;27.22;123.48;0.39;0.01;0;119.39;0;-270.44;0.32;0.06;2.04;7.94
2021;223;278;beauce_5_sa_037;solnu;;4.48;0.0;23.14;-10.04;0.0;123.48;131.92;0.06;0.11;0;0;0;-149.57;0.05;0.01;0.0;4.48
2021;279;365;beauce_5_sa_037;BTH;;14.18;0.55;13.9;-63.34;6.0;132.21;62.31;0.0;0.0;0;3.53;0;-3.47;0.0;0.0;0.55;14.18
2021;1;171;beauce_5_sa_038;BTH;;3.48;0.6;32.86;9.93;91.04;13.23;6.96;0.05;0.0;0;53.57;0;-116.82;0.02;0.03;0.6;3.48
2021;172;270;beauce_5_sa_038;solnu;;0.84;0.0;45.02;-2.81;0.0;6.96;48.24;0.05;0.04;0;0;0;-270.55;0.02;0.03;0.0;0.84
2021;271;365;beauce_5_sa_038;BTH;;2.85;0.0;16.03;-49.78;0.0;48.64;12.59;0.0;0.0;0;0.0;0;-70.7;0.0;0.0;0.0;2.85
2021;1;228;beauce_5_sa_039;BTH;;5.35;1.11;61.95;22.53;116.35;17.65;64.73;0.18;0.01;0;68.47;0;-185.05;0.13;0.05;1.11;5.35
2021;229;298;beauce_5_sa_039;solnu;;1.57;0.0;26.45;-58.23;0.0;64.73;36.44;0.04;0.1;0;0;0;-175.61;0.04;0.0;0.0;1.57
2021;299;365;beauce_5_sa_039;BTH;;6.66;0.0;8.99;-8.99;0.0;36.42;29.85;0.0;0.0;0;0.0;0;30.17;0.0;0.0;0.0;6.66
2021;1;193;beauce_5_sa_040;BTH;;3.59;0.0;43.21;15.05;54.15;11.57;12.84;0.04;0.0;0;31.87;0;-258.93;0.0;0.04;0.0;3.59
2021;194;271;beauce_5_sa_040;solnu;;0.48;0.0;34.44;-8.02;0.0;12.84;38.73;0.03;0.03;0;0;0;-248.59;0.01;0.02;0.0;0.48
2021;272;365;beauce_5_sa_040;BTH;;2.04;0.0;15.58;-41.59;1.5;39.01;9.26;0.0;0.0;0;0.88;0;-80.46;0.0;0.0;0.0;2.04
2021;1;186;beauce_5_sa_041;BTH;;13.55;2.32;41.08;39.69;159.84;51.59;133.8;0.2;0.01;0;102.61;0;-97.82;0.15;0.05;2.32;13.55
2021;187;287;beauce_5_sa_041;solnu;;4.89;0.0;43.13;-64.73;0.0;133.8;108.01;0.1;0.11;0;0;0;-229.78;0.07;0.02;0.0;4.89
2021;288;365;beauce_5_sa_041;BTH;;16.77;0.0;11.85;-29.68;0.0;105.12;73.41;0.0;0.0;0;0.0;0;68.08;0.0;0.0;0.0;16.77
2021;1;192;beauce_5_sa_042;BTH;;10.81;3.19;44.68;42.07;175.67;50.56;191.96;0.48;0.03;0;130.48;0;-157.95;0.43;0.05;3.19;10.81
2021;193;261;beauce_5_sa_042;solnu;;13.21;0.0;32.88;-5.72;0.0;191.96;205.72;0.09;0.1;0;0;0;-186.94;0.07;0.02;0.0;13.21
2021;262;365;beauce_5_sa_042;BTH;;28.4;0.0;19.6;-71.93;8.32;206.09;116.67;0.0;0.0;0;4.89;0;45.11;0.0;0.0;0.0;28.4
2021;1;221;beauce_5_sa_043;BTH;;6.38;0.86;58.42;34.64;84.11;22.06;90.02;0.17;0.02;0;51.14;0;-277.73;0.11;0.06;0.86;6.38
2021;222;264;beauce_5_sa_043;solnu;;3.36;0.0;20.19;-56.01;0.0;90.02;54.42;0.04;0.08;0;0;0;-143.74;0.04;0.0;0.0;3.36
2021;265;365;beauce_5_sa_043;BTH;;10.51;0.0;19.0;-18.57;0.0;54.53;44.33;0.0;0.0;0;0.0;0;24.23;0.0;0.0;0.0;10.51
2021;1;219;beauce_5_sa_044;BTH;;12.78;1.21;56.61;20.09;153.5;28.44;31.43;0.12;0.0;0;90.33;0;-250.78;0.07;0.05;1.21;12.78
2021;220;316;beauce_5_sa_044;solnu;;2.94;0.0;32.81;-45.1;0.0;31.43;20.07;0.02;0.02;0;0;0;-259.11;0.01;0.01;0.0;2.94
2021;317;365;beauce_5_sa_044;BTH;;3.09;0.0;5.29;-5.85;0.0;19.69;17.09;0.0;0.0;0;0.0;0;-11.64;0.0;0.0;0.0;3.09
2021;1;196;beauce_5_sa_045;BTH;;4.59;0.21;44.56;5.92;69.7;13.81;7.02;0.04;0.0;0;41.01;0;-116.78;0.0;0.03;0.21;4.59
2021;197;296;beauce_5_sa_045;solnu;;0.71;0.0;40.84;-46.48;0.0;7.02;6.38;0.01;0.01;0;0;0;-276.45;0.0;0.01;0.0;0.71
2021;297;365;beauce_5_sa_045;BTH;;1.17;0.0;9.16;-9.21;0.0;6.38;5.23;0.0;0.0;0;0.0;0;5.35;0.0;0.0;0.0;1.17
2021;1;223;beauce_5_sa_046;BTH;;5.44;0.0;58.34;23.07;72.3;35.16;40.35;0.08;0.01;0;42.96;0;-264.32;0.03;0.05;0.0;5.44
2021;224;262;beauce_5_sa_046;solnu;;0.89;0.0;17.73;-16.64;0.0;40.35;40.48;0.03;0.05;0;0;0;-124.03;0.02;0.0;0.0;0.89
2021;263;365;beauce_5_sa_046;BTH;;4.08;0.34;18.78;-41.14;0.36;40.87;40.97;0.0;0.0;0;0.21;0;-83.6;0.0;0.0;0.34;4.08
2021;1;170;beauce_5_sa_047;BTH;;10.5;1.59;32.46;13.41;179.7;85.44;63.35;0.18;0.02;0;106.06;0;-38.05;0.14;0.03;1.59;10.5
2021;171;312;beauce_5_sa_047;solnu;;7.75;0.0;56.26;13.17;0.0;63.35;125.06;0.13;0.07;0;0;0;-282.97;0.09;0.04;0.0;7.75
2021;313;365;beauce_5_sa_047;BTH;;12.87;0.68;6.29;-55.31;0.0;125.31;63.3;0.02;0.0;0;0.0;0;-10.85;0.02;0.0;0.68;12.87
2021;1;211;beauce_5_sa_048;BTH;;12.39;2.8;54.0;51.02;185.15;68.26;187.83;0.36;0.03;0;129.87;0;-276.05;0.3;0.06;2.8;12.39
2021;212;276;beauce_5_sa_048;solnu;;11.45;0.0;28.59;-74.13;0.0;187.83;130.65;0.08;0.11;0;0;0;-168.0;0.07;0.01;0.0;11.45
2021;277;365;beauce_5_sa_048;BTH;;24.59;0.0;14.85;-14.46;0.0;130.62;106.46;0.0;0.0;0;0.0;0;47.07;0.0;0.0;0.0;24.59
2021;1;231;beauce_5_sa_049;BTH;;2.96;0.0;61.64;15.19;53.05;9.74;31.12;0.05;0.0;0;31.21;0;-312.76;0.0;0.05;0.0;2.96
2021;232;274;beauce_5_sa_049;solnu;;0.39;0.0;18.61;-44.22;0.0;31.12;6.84;0.01;0.02;0;0;0;-115.33;0.01;0.0;0.0;0.39
2021;275;365;beauce_5_sa_049;BTH;;1.28;0.0;15.43;-15.37;0.0;6.73;5.62;0.0;0.0;0;0.0;0;-16.29;0.0;0.0;0.0;1.28
2021;1;201;beauce_5_sa_050;BTH;;4.74;0.0;46.6;-1.09;49.3;15.33;6.55;0.03;0.0;0;29.01;0;-134.19;0.0;0.03;0.0;4.74
2021;202;306;beauce_5_sa_050;solnu;;0.67;0.0;39.71;-41.92;0.0;6.55;5.82;0.01;0.0;0;0;0;-241.27;0.0;0.01;0.0;0.67
2021;307;365;beauce_5_sa_050;BTH;;1.04;0.0;7.64;-7.69;0.0;5.77;4.78;0.0;0.0;0;0.0;0;-9.13;0.0;0.0;0.0;1.04
2021;1;210;beauce_5_sa_051;BTH;;5.64;0.65;52.22;36.25;103.88;27.59;56.31;0.16;0.02;0;63.18;0;-193.72;0.11;0.05;0.65;5.64
2021;211;263;beauce_5_sa_051;solnu;;1.75;0.0;25.1;-13.44;0.0;56.31;66.11;0.05;0.06;0;0;0;-162.48;0.04;0.01;0.0;1.75
2021;264;365;beauce_5_sa_051;BTH;;6.38;0.32;18.55;-58.54;2.75;66.53;42.48;0.02;0.0;0;1.62;0;-46.96;0.02;0.0;0.32;6.38
2021;1;202;beauce_5_sa_052;BTH;;1.9;0.26;48.14;18.72;74.31;9.72;20.44;0.07;0.01;0;47.88;0;-249.17;0.03;0.04;0.26;1.9
2021;203;260;beauce_5_sa_052;solnu;;0.44;0.0;28.14;-51.92;0.0;20.44;3.16;0.0;0.0;0;0;0;-220.48;0.0;0.0;0.0;0.44
2021;261;365;beauce_5_sa_052;BTH;;0.63;0.0;19.77;-12.18;4.58;3.35;5.55;0.01;0.0;0;2.69;0;8.44;0.0;0.01;0.0;0.63
2021;1;220;beauce_5_sa_053;BTH;;3.98;0.27;56.73;12.54;73.08;12.97;25.93;0.05;0.0;0;43.0;0;-197.22;0.01;0.04;0.27;3.98
2021;221;276;beauce_5_sa_053;solnu;;0.52;0.0;23.58;-37.52;0.0;25.93;12.23;0.02;0.03;0;0;0;-151.26;0.01;0.01;0.0;0.52
2021;277;365;beauce_5_sa_053;BTH;;2.29;0.0;14.46;-18.54;0.0;12.3;9.99;0.0;0.0;0;0.0;0;-72.71;0.0;0.0;0.0;2.29
2021;1;175;beauce_5_sa_054;BTH;;10.86;1.68;34.8;39.83;113.31;44.19;121.65;0.13;0.02;0;74.25;0;-139.69;0.08;0.04;1.68;10.86
2021;176;288;beauce_5_sa_054;solnu;;9.74;0.0;48.43;5.06;0.0;121.65;165.92;0.14;0.09;0;0;0;-311.31;0.11;0.03;0.0;9.74
2021;289;365;beauce_5_sa_054;BTH;;18.09;0.0;11.37;-71.73;8.09;166.18;79.36;0.01;0.0;0;4.76;0;-13.57;0.01;0.0;0.0;18.09
2021;1;199;beauce_5_sa_055;BTH;;9.86;1.29;46.63;21.51;97.46;32.23;90.6;0.16;0.02;0;57.35;0;-97.52;0.12;0.04;1.29;9.86
2021;200;306;beauce_5_sa_055;solnu;;4.17;0.0;41.31;-66.59;0.0;90.6;61.91;0.08;0.09;0;0;0;-218.41;0.06;0.02;0.0;4.17
2021;307;365;beauce_5_sa_055;BTH;;11.25;0.0;7.81;-7.79;0.0;61.96;50.68;0.0;0.0;0;0.0;0;19.22;0.0;0.0;0.0;11.25
2021;1;192;beauce_5_sa_056;BTH;;3.49;1.2;43.98;25.05;110.15;10.74;56.31;0.22;0.02;0;65.7;0;-129.25;0.18;0.04;1.2;3.49
2021;193;260;beauce_5_sa_056;solnu;;2.48;0.0;32.02;-8.34;0.0;56.31;77.38;0.06;0.07;0;0;0;-186.0;0.04;0.02;0.0;2.48
2021;261;365;beauce_5_sa_056;BTH;;7.85;0.0;19.94;-58.5;0.0;78.06;32.63;0.0;0.0;0;0.0;0;-38.15;0.0;0.0;0.0;7.85
2021;1;178;beauce_5_sa_057;BTH;;3.56;0.81;36.72;29.21;79.04;12.5;55.19;0.1;0.01;0;46.51;0;-104.89;0.06;0.04;0.81;3.56
2021;179;268;beauce_5_sa_057;solnu;;3.12;0.0;41.88;-49.56;0.0;55.19;45.26;0.08;0.07;0;0;0;-245.69;0.06;0.02;0.0;3.12
2021;269;365;beauce_5_sa_057;BTH;;8.51;0.0;17.47;-17.59;0.0;45.11;36.64;0.0;0.0;0;0.0;0;2.15;0.0;0.0;0.0;8.51
2021;1;210;beauce_5_sa_058;BTH;;2.56;0.91;52.44;20.26;120.12;8.97;27.29;0.11;0.0;0;70.68;0;-190.88;0.06;0.04;0.91;2.56
2021;211;267;beauce_5_sa_058;solnu;;0.53;0.0;26.41;-12.47;0.0;27.29;40.62;0.03;0.04;0;0;0;-166.47;0.02;0.01;0.0;0.53
2021;268;365;beauce_5_sa_058;BTH;;2.71;0.0;16.94;-46.23;0.0;40.93;11.9;0.0;0.0;0;0.0;0;-80.19;0.0;0.0;0.0;2.71
2021;1;217;beauce_5_sa_059;BTH;;10.87;1.48;56.8;25.6;113.22;35.71;107.35;0.18;0.02;0;66.63;0;-124.16;0.13;0.05;1.48;10.87
2021;218;309;beauce_5_sa_059;solnu;;5.29;0.0;32.82;-68.67;0.0;107.35;66.05;0.08;0.09;0;0;0;-170.26;0.07;0.01;0.0;5.29
2021;310;365;beauce_5_sa_059;BTH;;11.42;0.0;6.91;-6.85;0.0;66.05;54.74;0.0;0.0;0;0.0;0;23.18;0.0;0.0;0.0;11.42
2021;1;221;beauce_5_sa_060;BTH;;10.4;1.11;57.97;23.68;93.62;34.32;97.52;0.14;0.0;0;55.09;0;-171.0;0.09;0.05;1.11;10.4
2021;222;313;beauce_5_sa_060;solnu;;2.49;0.0;31.77;-66.96;0.0;97.52;59.65;0.09;0.1;0;0;0;-182.5;0.07;0.01;0.0;2.49
2021;314;365;beauce_5_sa_060;BTH;;9.38;0.0;6.08;-11.34;0.0;55.96;45.01;0.0;0.0;0;0.0;0;15.45;0.0;0.0;0.0;9.38
2021;1;223;beauce_5_sa_061;BTH;;9.55;1.05;59.06;11.22;133.72;25.39;32.81;0.1;0.0;0;78.69;0;-157.69;0.06;0.05;1.05;9.55
2021;224;291;beauce_5_sa_061;solnu;;1.66;0.0;25.86;-40.3;0.0;32.81;19.77;0.02;0.03;0;0;0;-187.31;0.01;0.01;0.0;1.66
2021;292;365;beauce_5_sa_061;BTH;;3.68;0.0;10.71;-14.66;0.0;19.77;16.21;0.0;0.0;0;0.0;0;-53.53;0.0;0.0;0.0;3.68
2021;1;176;beauce_5_sa_062;BTH;;5.28;1.14;35.49;29.04;103.2;19.81;61.05;0.12;0.02;0;60.73;0;-88.35;0.08;0.04;1.14;5.28
2021;177;294;beauce_5_sa_062;solnu;;4.03;0.0;50.63;-56.85;0.0;61.05;48.55;0.09;0.07;0;0;0;-251.28;0.06;0.02;0.0;4.03
2021;295;365;beauce_5_sa_062;BTH;;8.89;0.0;10.17;-10.04;0.0;48.66;39.78;0.0;0.0;0;0.0;0;23.11;0.0;0.0;0.0;8.89
2021;1;176;beauce_5_sa_063;BTH;;5.06;0.59;34.84;-1.93;81.32;18.85;10.04;0.04;0.0;0;47.85;0;-44.21;0.02;0.02;0.59;5.06
2021;177;299;beauce_5_sa_063;solnu;;1.24;0.0;50.76;-47.26;0.0;10.04;14.79;0.04;0.03;0;0;0;-258.99;0.01;0.02;0.0;1.24
2021;300;365;beauce_5_sa_063;BTH;;2.7;0.0;8.73;-8.74;0.0;14.79;12.23;0.0;0.0;0;0.0;0;4.83;0.0;0.0;0.0;2.7
2021;1;185;beauce_5_sa_064;BTH;;3.53;0.0;39.65;5.55;48.58;11.62;5.45;0.03;0.0;0;28.59;0;-119.18;0.0;0.03;0.0;3.53
2021;186;288;beauce_5_sa_064;solnu;;0.5;0.0;43.92;-44.13;0.0;5.45;6.81;0.02;0.01;0;0;0;-261.0;0.0;0.01;0.0;0.5
2021;289;365;beauce_5_sa_064;BTH;;1.29;0.0;11.34;-11.29;0.0;6.83;5.57;0.0;0.0;0;0.0;0;-8.02;0.0;0.0;0.0;1.29
2021;1;194;beauce_5_sa_065;BTH;;3.33;1.62;45.37;19.96;163.65;12.05;32.01;0.2;0.02;0;96.3;0;-79.15;0.16;0.04;1.62;3.33
2021;195;266;beauce_5_sa_065;solnu;;1.02;0.0;34.41;-47.91;0.0;32.01;21.64;0.04;0.05;0;0;0;-207.36;0.03;0.01;0.0;1.02
2021;267;365;beauce_5_sa_065;BTH;;4.13;0.0;18.32;-18.66;0.0;21.51;17.41;0.0;0.0;0;0.0;0;62.42;0.0;0.0;0.0;4.13
2021;1;174;beauce_5_sa_066;BTH;;5.59;0.0;33.8;-3.88;35.29;20.31;10.69;0.02;0.0;0;20.76;0;-140.93;0.0;0.02;0.0;5.59
2021;175;293;beauce_5_sa_066;solnu;;1.47;0.0;49.63;-2.48;0.0;10.69;56.29;0.05;0.04;0;0;0;-311.29;0.02;0.03;0.0;1.47
2021;294;365;beauce_5_sa_066;BTH;;3.37;0.0;10.07;-45.61;2.13;56.5;15.23;0.01;0.0;0;1.26;0;-43.4;0.01;0.0;0.0;3.37
2021;1;222;beauce_5_sa_067;BTH;;15.35;0.62;59.35;14.44;161.22;94.26;41.28;0.16;0.02;0;95.46;0;-127.27;0.11;0.05;0.62;15.35
2021;223;304;beauce_5_sa_067;solnu;;2.93;0.0;29.35;-45.68;0.0;41.28;27.52;0.02;0.03;0;0;0;-214.0;0.01;0.01;0.0;2.93
2021;305;365;beauce_5_sa_067;BTH;;5.34;0.98;7.95;-13.63;1.12;27.52;89.97;0.03;0.0;0;0.66;0;6.91;0.02;0.0;0.98;5.34
2021;1;178;beauce_5_sa_068;BTH;;13.14;1.21;36.6;26.54;123.23;68.16;87.27;0.15;0.02;0;77.09;0;-69.91;0.12;0.04;1.21;13.14
2021;179;289;beauce_5_sa_068;solnu;;6.67;0.0;47.31;2.84;0.0;87.27;131.6;0.1;0.08;0;0;0;-263.57;0.07;0.03;0.0;6.67
2021;290;365;beauce_5_sa_068;BTH;;13.85;0.52;11.3;-73.61;4.49;131.98;90.13;0.03;0.0;0;2.64;0;-1.04;0.03;0.0;0.52;13.85
2021;1;183;beauce_5_sa_069;BTH;;11.78;1.93;39.82;28.61;106.05;65.25;162.24;0.19;0.02;0;95.77;0;-216.52;0.15;0.04;1.93;11.78
2021;184;264;beauce_5_sa_069;solnu;;7.54;0.0;37.82;-82.11;0.0;162.24;105.76;0.12;0.11;0;0;0;-212.24;0.1;0.01;0.0;7.54
2021;265;365;beauce_5_sa_069;BTH;;20.41;0.0;19.08;-15.01;1.94;105.77;87.48;0.0;0.0;0;1.14;0;74.23;0.0;0.0;0.0;20.41
2021;1;227;beauce_5_sa_070;BTH;;10.59;1.1;60.66;43.21;79.58;32.02;129.92;0.19;0.02;0;53.01;0;-295.58;0.13;0.06;1.1;10.59
2021;228;261;beauce_5_sa_070;solnu;;5.81;0.0;16.08;-14.95;0.0;129.92;125.07;0.06;0.1;0;0;0;-114.13;0.05;0.0;0.0;5.81
2021;262;365;beauce_5_sa_070;BTH;;16.27;0.0;19.31;-57.87;3.2;125.3;67.38;0.0;0.0;0;1.89;0;-27.0;0.0;0.0;0.0;16.27
2021;1;213;beauce_5_sa_071;BTH;;6.57;0.0;53.76;17.42;72.61;31.27;24.44;0.06;0.01;0;44.78;0;-236.45;0.01;0.04;0.0;6.57
2021;214;277;beauce_5_sa_071;solnu;;0.94;0.0;27.78;-49.86;0.0;24.44;7.73;0.0;0.0;0;0;0;-208.1;0.0;0.0;0.0;0.94
2021;278;365;beauce_5_sa_071;BTH;;1.73;0.28;14.52;-14.04;2.75;7.85;25.03;0.02;0.0;0;1.62;0;13.67;0.02;0.0;0.28;1.73
2021;1;205;beauce_5_sa_072;BTH;;11.09;1.0;49.46;47.08;114.86;56.89;104.45;0.2;0.02;0;73.41;0;-255.62;0.14;0.06;1.0;11.09
2021;206;269;beauce_5_sa_072;solnu;;3.44;0.0;29.35;-7.19;0.0;104.45;123.0;0.08;0.1;0;0;0;-204.44;0.06;0.01;0.0;3.44
2021;270;365;beauce_5_sa_072;BTH;;12.12;0.44;16.51;-70.5;7.12;123.63;82.42;0.01;0.0;0;4.19;0;-29.24;0.01;0.0;0.44;12.12
2021;1;228;beauce_5_sa_073;BTH;;8.96;1.82;62.44;32.84;156.19;29.22;97.45;0.25;0.02;0;91.91;0;-159.84;0.19;0.06;1.82;8.96
2021;229;281;beauce_5_sa_073;solnu;;4.12;0.0;21.84;-52.23;0.0;97.45;62.79;0.05;0.11;0;0;0;-122.95;0.04;0.01;0.0;4.12
2021;282;365;beauce_5_sa_073;BTH;;11.61;0.0;13.37;-14.49;0.0;63.17;51.03;0.0;0.0;0;0.0;0;14.07;0.0;0.0;0.0;11.61
2021;1;178;beauce_5_sa_074;BTH;;3.88;0.0;35.93;3.89;42.62;13.42;6.12;0.02;0.0;0;25.08;0;-158.1;0.0;0.02;0.0;3.88
2021;179;279;beauce_5_sa_074;solnu;;0.7;0.0;43.92;-5.36;0.0;6.12;43.96;0.04;0.03;0;0;0;-287.84;0.01;0.02;0.0;0.7
2021;280;365;beauce_5_sa_074;BTH;;2.21;0.0;13.54;-40.92;4.5;44.45;9.86;0.0;0.0;0;2.65;0;-59.0;0.0;0.0;0.0;2.21
2021;1;188;beauce_5_sa_075;BTH;;6.0;0.0;40.83;-10.36;35.12;19.04;8.91;0.02;0.0;0;20.67;0;-102.96;0.0;0.02;0.0;6.0
2021;189;315;beauce_5_sa_075;solnu;;1.31;0.0;47.29;-43.85;0.0;8.91;11.09;0.04;0.02;0;0;0;-243.56;0.02;0.02;0.0;1.31
2021;316;365;beauce_5_sa_075;BTH;;1.7;0.0;5.57;-5.61;0.0;11.13;9.36;0.0;0.0;0;0.0;0;-8.63;0.0;0.0;0.0;1.7
2021;1;217;beauce_5_sa_076;BTH;;4.26;1.21;57.38;21.94;150.18;15.88;32.33;0.13;0.01;0;88.37;0;-183.96;0.09;0.05;1.21;4.26
2021;218;270;beauce_5_sa_076;solnu;;1.03;0.0;23.45;-44.36;0.0;32.33;16.87;0.03;0.04;0;0;0;-204.99;0.03;0.0;0.0;1.03
2021;271;365;beauce_5_sa_076;BTH;;3.2;0.0;16.57;-17.93;0.0;16.87;13.81;0.0;0.0;0;0.0;0;19.9;0.0;0.0;0.0;3.2
2021;1;175;beauce_5_sa_077;BTH;;9.5;2.81;34.9;28.28;179.95;44.95;130.63;0.22;0.02;0;106.68;0;20.49;0.18;0.04;2.81;9.5
2021;176;311;beauce_5_sa_077;solnu;;11.49;0.0;54.53;9.58;0.0;130.63;183.48;0.18;0.1;0;0;0;-242.35;0.14;0.04;0.0;11.49
2021;312;365;beauce_5_sa_077;BTH;;20.68;0.0;6.63;-68.41;0.0;183.86;101.0;0.03;0.0;0;0.0;0;9.21;0.03;0.0;0.0;20.68
2021;1;218;beauce_5_sa_078;BTH;;4.4;0.85;56.89;4.56;108.27;15.14;28.19;0.13;0.01;0;63.71;0;-104.26;0.09;0.04;0.85;4.4
2021;219;283;beauce_5_sa_078;solnu;;0.82;0.0;26.44;-39.36;0.0;28.19;14.38;0.03;0.04;0;0;0;-137.3;0.02;0.01;0.0;0.82
2021;284;365;beauce_5_sa_078;BTH;;2.65;0.0;12.58;-18.15;0.0;14.26;11.74;0.0;0.0;0;0.0;0;-63.55;0.0;0.0;0.0;2.65
2021;1;221;beauce_5_sa_079;BTH;;4.49;0.0;56.75;2.67;47.17;14.43;23.11;0.04;0.0;0;27.76;0;-195.76;0.0;0.04;0.0;4.49
2021;222;289;beauce_5_sa_079;solnu;;0.59;0.0;26.22;-38.16;0.0;23.11;11.22;0.02;0.03;0;0;0;-166.77;0.01;0.01;0.0;0.59
2021;290;365;beauce_5_sa_079;BTH;;2.09;0.0;11.08;-11.76;0.0;11.22;9.17;0.0;0.0;0;0.0;0;-30.5;0.0;0.0;0.0;2.09
2021;1;192;beauce_5_sa_080;BTH;;9.33;1.51;43.63;17.48;110.69;33.37;88.4;0.17;0.02;0;65.14;0;-136.81;0.14;0.04;1.51;9.33
2021;193;310;beauce_5_sa_080;solnu;;4.66;0.0;44.54;6.04;0.0;88.4;135.08;0.11;0.08;0;0;0;-260.27;0.08;0.03;0.0;4.66
2021;311;365;beauce_5_sa_080;BTH;;13.35;0.0;6.7;-62.84;0.0;135.41;65.55;0.02;0.0;0;0.0;0;-13.58;0.02;0.0;0.0;13.35
2021;1;221;beauce_5_sa_081;BTH;;4.58;0.81;57.66;18.26;92.72;14.38;54.54;0.18;0.01;0;54.56;0;-243.55;0.13;0.05;0.81;4.58
2021;222;271;beauce_5_sa_081;solnu;;1.09;0.0;21.62;-14.19;0.0;54.54;60.77;0.04;0.07;0;0;0;-142.07;0.03;0.01;0.0;1.09
2021;272;365;beauce_5_sa_081;BTH;;5.4;0.0;15.68;-48.7;0.0;61.01;23.78;0.0;0.0;0;0.0;0;-59.84;0.0;0.0;0.0;5.4
2021;1;202;beauce_5_sa_082;BTH;;5.34;0.0;46.89;-6.27;45.99;17.02;7.59;0.03;0.0;0;27.06;0;-123.33;0.0;0.03;0.0;5.34
2021;203;316;beauce_5_sa_082;solnu;;0.98;0.0;41.63;-42.23;0.0;7.59;6.62;0.02;0.0;0;0;0;-227.14;0.01;0.02;0.0;0.98
2021;317;365;beauce_5_sa_082;BTH;;1.01;0.0;5.34;-5.46;0.0;6.47;5.63;0.0;0.0;0;0.0;0;-7.5;0.0;0.0;0.0;1.01
2021;1;185;beauce_5_sa_083;BTH;;3.88;0.45;39.56;8.47;84.89;12.93;6.28;0.05;0.0;0;49.95;0;-175.51;0.03;0.03;0.45;3.88
2021;186;277;beauce_5_sa_083;solnu;;0.52;0.0;39.85;-4.69;0.0;6.28;40.86;0.03;0.03;0;0;0;-252.81;0.01;0.02;0.0;0.52
2021;278;365;beauce_5_sa_083;BTH;;1.94;0.0;14.06;-45.39;0.0;41.33;8.59;0.0;0.0;0;0.0;0;-73.29;0.0;0.0;0.0;1.94
2021;1;226;beauce_5_sa_084;BTH;;8.03;1.84;61.53;22.5;152.61;34.33;97.82;0.26;0.02;0;89.8;0;-165.79;0.21;0.05;1.84;8.03
2021;227;316;beauce_5_sa_084;solnu;;6.52;0.0;30.38;-7.17;0.0;97.82;114.29;0.09;0.11;0;0;0;-169.73;0.08;0.02;0.0;6.52
2021;317;365;beauce_5_sa_084;BTH;;11.44;0.0;5.41;-46.38;0.0;113.13;63.76;0.01;0.0;0;0.0;0;-33.51;0.01;0.0;0.0;11.44
2021;1;177;beauce_5_sa_085;BTH;;5.87;0.0;35.16;-0.45;38.78;20.14;10.17;0.02;0.0;0;22.82;0;-172.16;0.0;0.02;0.0;5.87
2021;178;296;beauce_5_sa_085;solnu;;1.26;0.0;48.95;-0.62;0.0;10.17;57.42;0.06;0.04;0;0;0;-325.81;0.03;0.03;0.0;1.26
2021;297;365;beauce_5_sa_085;BTH;;3.4;0.0;9.14;-46.94;0.68;57.61;15.54;0.01;0.0;0;0.4;0;-45.1;0.01;0.0;0.0;3.4
2021;1;228;beauce_5_sa_086;BTH;;18.76;0.6;61.22;53.24;146.0;82.76;81.63;0.19;0.02;0;87.19;0;-257.21;0.12;0.07;0.6;18.76
2021;229;313;beauce_5_sa_086;solnu;;4.05;0.0;28.63;-8.47;0.0;81.63;97.56;0.08;0.09;0;0;0;-185.16;0.06;0.01;0.0;4.05
2021;314;365;beauce_5_sa_086;BTH;;11.96;1.13;6.03;-81.59;1.38;96.69;94.09;0.07;0.0;0;0.81;0;-14.81;0.07;0.0;1.13;11.96
2021;1;172;beauce_5_sa_087;BTH;;2.06;0.0;33.14;9.2;43.15;7.2;3.62;0.03;0.0;0;25.39;0;-149.57;0.0;0.03;0.0;2.06
2021;173;264;beauce_5_sa_087;solnu;;0.44;0.0;42.79;-5.71;0.0;3.62;40.22;0.04;0.04;0;0;0;-280.76;0.02;0.02;0.0;0.44
2021;265;365;beauce_5_sa_087;BTH;;2.24;0.0;18.1;-43.39;3.0;40.96;9.69;0.0;0.0;0;1.77;0;-80.39;0.0;0.0;0.0;2.24
2021;1;210;beauce_5_sa_088;BTH;;3.77;1.2;52.39;18.11;149.24;14.74;23.31;0.12;0.0;0;87.82;0;-195.09;0.07;0.04;1.2;3.77
2021;211;279;beauce_5_sa_088;solnu;;0.73;0.0;29.67;-10.33;0.0;23.31;41.86;0.03;0.03;0;0;0;-182.46;0.02;0.01;0.0;0.73
2021;280;365;beauce_5_sa_088;BTH;;2.48;0.0;13.58;-46.12;0.0;42.34;11.05;0.0;0.0;0;0.0;0;-84.37;0.0;0.0;0.0;2.48
2021;1;179;beauce_5_sa_089;BTH;;4.91;0.0;36.72;2.94;43.57;16.93;9.25;0.02;0.0;0;25.64;0;-126.98;0.0;0.02;0.0;4.91
2021;180;302;beauce_5_sa_089;solnu;;1.05;0.0;48.97;-44.56;0.0;9.25;12.56;0.03;0.03;0;0;0;-286.55;0.01;0.02;0.0;1.05
2021;303;365;beauce_5_sa_089;BTH;;2.28;0.0;8.18;-7.93;0.0;12.61;10.52;0.0;0.0;0;0.0;0;-16.64;0.0;0.0;0.0;2.28
2021;1;218;beauce_5_sa_090;BTH;;11.47;1.45;56.59;52.99;102.34;42.34;148.37;0.18;0.0;0;78.73;0;-379.81;0.11;0.07;1.45;11.47
2021;219;269;beauce_5_sa_090;solnu;;4.17;0.0;22.17;-12.65;0.0;148.37;153.52;0.09;0.12;0;0;0;-168.27;0.08;0.01;0.0;4.17
2021;270;365;beauce_5_sa_090;BTH;;15.95;0.0;16.4;-76.52;7.51;154.07;69.94;0.0;0.0;0;4.42;0;-26.98;0.0;0.0;0.0;15.95
2021;1;228;beauce_5_sa_091;BTH;;5.65;0.0;59.37;5.52;52.98;17.93;26.19;0.04;0.0;0;31.18;0;-366.36;0.0;0.04;0.0;5.65
2021;229;314;beauce_5_sa_091;solnu;;1.33;0.0;28.23;-11.33;0.0;26.19;41.68;0.05;0.04;0;0;0;-198.55;0.04;0.01;0.0;1.33
2021;315;365;beauce_5_sa_091;BTH;;3.1;0.0;5.68;-27.61;0.0;41.98;17.53;0.0;0.0;0;0.0;0;-46.69;0.0;0.0;0.0;3.1
2021;1;214;beauce_5_sa_092;BTH;;4.12;0.16;53.82;7.83;59.95;13.43;23.88;0.04;0.0;0;35.28;0;-220.05;0.0;0.04;0.16;4.12
2021;215;281;beauce_5_sa_092;solnu;;0.55;0.0;27.25;-13.76;0.0;23.88;36.76;0.03;0.03;0;0;0;-176.38;0.02;0.01;0.0;0.55
2021;282;365;beauce_5_sa_092;BTH;;2.2;0.0;12.97;-38.39;0.0;37.19;9.76;0.0;0.0;0;0.0;0;-48.71;0.0;0.0;0.0;2.2
2021;1;206;beauce_5_sa_093;BTH;;10.62;1.37;49.67;47.96;107.67;35.64;119.78;0.18;0.02;0;73.26;0;-312.16;0.12;0.06;1.37;10.62
2021;207;282;beauce_5_sa_093;solnu;;4.4;0.0;32.36;-4.49;0.0;119.78;143.06;0.08;0.1;0;0;0;-237.42;0.07;0.02;0.0;4.4
2021;283;365;beauce_5_sa_093;BTH;;14.12;0.0;12.66;-71.26;8.04;143.43;62.3;0.0;0.0;0;4.73;0;-37.94;0.0;0.0;0.0;14.12
2021;1;216;beauce_5_sa_094;BTH;;4.25;0.0;55.59;19.55;64.18;25.8;33.39;0.06;0.01;0;38.74;0;-220.1;0.02;0.05;0.0;4.25
2021;217;261;beauce_5_sa_094;solnu;;0.73;0.0;20.96;-40.37;0.0;33.39;16.44;0.02;0.04;0;0;0;-170.54;0.02;0.0;0.0;0.73
2021;262;365;beauce_5_sa_094;BTH;;3.23;0.24;19.73;-21.38;1.52;16.44;29.04;0.01;0.0;0;0.9;0;-18.17;0.01;0.0;0.24;3.23
2021;1;177;beauce_5_sa_095;BTH;;8.81;1.32;36.02;27.24;87.06;39.99;105.92;0.14;0.02;0;66.01;0;-185.64;0.1;0.04;1.32;8.81
2021;178;282;beauce_5_sa_095;solnu;;7.17;0.0;47.16;-66.17;0.0;105.92;81.21;0.1;0.09;0;0;0;-261.98;0.08;0.02;0.0;7.17
2021;283;365;beauce_5_sa_095;BTH;;15.3;0.0;13.17;-13.01;0.0;81.36;66.07;0.0;0.0;0;0.0;0;28.52;0.0;0.0;0.0;15.3
2021;1;190;beauce_5_sa_096;BTH;;14.6;0.0;42.08;8.54;97.98;81.02;22.04;0.07;0.01;0;58.25;0;-126.21;0.03;0.04;0.0;14.6
2021;191;312;beauce_5_sa_096;solnu;;2.68;0.0;45.92;-3.3;0.0;22.04;62.05;0.05;0.02;0;0;0;-275.08;0.03;0.03;0.0;2.68
2021;313;365;beauce_5_sa_096;BTH;;5.5;0.9;6.19;-50.97;1.12;62.3;80.36;0.04;0.0;0;0.66;0;-54.0;0.03;0.0;0.9;5.5
2021;1;184;beauce_5_sa_097;BTH;;3.99;0.0;39.15;0.73;43.78;12.95;5.83;0.02;0.0;0;25.76;0;-117.86;0.0;0.02;0.0;3.99
2021;185;280;beauce_5_sa_097;solnu;;0.53;0.0;41.38;-38.36;0.0;5.83;8.18;0.02;0.02;0;0;0;-239.35;0.01;0.02;0.0;0.53
2021;281;365;beauce_5_sa_097;BTH;;1.5;0.0;13.37;-13.42;0.0;8.13;6.63;0.0;0.0;0;0.0;0;-30.23;0.0;0.0;0.0;1.5
2021;1;186;beauce_5_sa_098;BTH;;4.3;0.93;40.6;26.57;93.7;13.58;53.17;0.13;0.02;0;57.79;0;-149.35;0.08;0.04;0.93;4.3
2021;187;264;beauce_5_sa_098;solnu;;2.24;0.0;36.17;-4.39;0.0;53.17;82.58;0.06;0.07;0;0;0;-222.98;0.04;0.02;0.0;2.24
2021;265;365;beauce_5_sa_098;BTH;;7.65;0.0;18.28;-59.45;1.5;83.36;32.71;0.0;0.0;0;0.88;0;-41.37;0.0;0.0;0.0;7.65
2021;1;203;beauce_5_sa_099;BTH;;15.81;2.19;49.47;28.61;113.9;84.54;199.61;0.32;0.03;0;104.2;0;-331.35;0.27;0.05;2.19;15.81
2021;204;259;beauce_5_sa_099;solnu;;13.64;0.0;27.53;-105.57;0.0;199.61;107.87;0.02;0.03;0;0;0;-79.79;0.02;0.0;0.0;13.64
2021;260;365;beauce_5_sa_099;BTH;;21.31;0.0;20.75;12.82;21.36;107.93;98.74;0.03;0.01;0;12.57;0;72.26;0.01;0.02;0.0;21.31
2022;1;218;beauce_5_sa_000;BTH;;1.25;0.69;59.85;22.2;86.66;3.65;49.4;0.15;0.02;0;50.99;0;-193.1;0.1;0.05;0.69;1.25
2022;219;268;beauce_5_sa_000;solnu;;0.98;0.0;23.17;-65.92;0.0;49.4;6.07;0.0;0.0;0;0;0;-81.01;0.0;0.0;0.0;0.98
2022;269;365;beauce_5_sa_000;BTH;;0.75;0.0;16.91;-14.64;0.52;6.16;7.07;0.0;0.0;0;0.3;0;52.73;0.0;0.0;0.0;0.75
2022;1;201;beauce_5_sa_001;BTH;;1.63;0.67;52.68;11.75;102.81;5.66;15.71;0.09;0.02;0;60.5;0;-68.98;0.05;0.04;0.67;1.63
2022;202;287;beauce_5_sa_001;solnu;;1.02;0.0;36.69;-43.25;0.0;15.71;15.25;0.04;0.03;0;0;0;-266.34;0.03;0.01;0.0;1.02
2022;288;365;beauce_5_sa_001;BTH;;1.66;0.0;11.33;-11.94;0.0;15.62;13.45;0.0;0.0;0;0.0;0;11.98;0.0;0.0;0.0;1.66
2022;1;213;beauce_5_sa_002;BTH;;10.6;1.85;57.69;24.35;131.66;37.54;115.39;0.17;0.02;0;77.47;0;-26.57;0.12;0.05;1.85;10.6
2022;214;310;beauce_5_sa_002;solnu;;5.53;0.0;37.42;-71.28;0.0;115.39;76.69;0.11;0.07;0;0;0;-119.1;0.1;0.01;0.0;5.53
2022;311;365;beauce_5_sa_002;BTH;;5.47;0.0;6.35;-6.46;0.0;76.2;71.12;0.0;0.0;0;0.0;0;32.68;0.0;0.0;0.0;5.47
2022;1;192;beauce_5_sa_003;BTH;;5.11;1.95;52.02;27.29;186.07;21.99;56.2;0.16;0.03;0;109.49;0;-81.53;0.11;0.05;1.95;5.11
2022;193;279;beauce_5_sa_003;solnu;;1.72;0.0;40.02;-79.1;0.0;56.2;15.36;0.04;0.0;0;0;0;-105.79;0.03;0.01;0.0;1.72
2022;280;365;beauce_5_sa_003;BTH;;1.83;0.0;14.47;-11.39;1.01;15.2;15.61;0.0;0.0;0;0.59;0;82.08;0.0;0.0;0.0;1.83
2022;1;227;beauce_5_sa_004;BTH;;3.99;0.0;65.71;24.05;56.19;12.92;42.44;0.07;0.0;0;33.06;0;-379.41;0.01;0.05;0.0;3.99
2022;228;282;beauce_5_sa_004;solnu;;1.67;0.0;18.81;-16.08;0.0;42.44;43.42;0.04;0.04;0;0;0;-133.89;0.04;0.0;0.0;1.67
2022;283;365;beauce_5_sa_004;BTH;;2.62;0.0;12.36;-33.29;0.0;43.71;21.16;0.0;0.0;0;0.0;0;-79.44;0.0;0.0;0.0;2.62
2022;1;179;beauce_5_sa_005;BTH;;3.59;0.13;40.91;21.31;75.13;12.47;5.91;0.04;0.0;0;45.95;0;-226.55;0.0;0.04;0.13;3.59
2022;180;290;beauce_5_sa_005;solnu;;1.18;0.0;44.58;-0.71;0.0;5.91;48.5;0.07;0.04;0;0;0;-308.58;0.04;0.03;0.0;1.18
2022;291;365;beauce_5_sa_005;BTH;;2.26;0.0;10.21;-40.07;0.0;49.12;18.32;0.0;0.0;0;0.0;0;-84.6;0.0;0.0;0.0;2.26
2022;1;175;beauce_5_sa_006;BTH;;10.49;0.77;40.88;24.2;93.04;36.9;55.05;0.06;0.01;0;55.6;0;-137.82;0.02;0.04;0.77;10.49
2022;176;283;beauce_5_sa_006;solnu;;2.18;0.0;46.22;-86.79;0.0;55.05;12.36;0.02;0.0;0;0;0;-172.28;0.01;0.01;0.0;2.18
2022;284;365;beauce_5_sa_006;BTH;;1.39;0.0;12.82;-1.97;5.12;12.37;16.69;0.01;0.0;0;3.02;0;33.35;0.0;0.01;0.0;1.39
2022;1;222;beauce_5_sa_007;BTH;;9.44;1.82;62.51;19.42;157.56;29.62;80.99;0.19;0.02;0;92.71;0;-16.05;0.14;0.05;1.82;9.44
2022;223;317;beauce_5_sa_007;solnu;;4.66;0.0;33.2;-58.64;0.0;80.99;52.83;0.07;0.07;0;0;0;-153.13;0.06;0.01;0.0;4.66
2022;318;365;beauce_5_sa_007;BTH;;3.56;0.0;5.08;-6.0;0.0;52.75;49.3;0.0;0.0;0;0.0;0;9.41;0.0;0.0;0.0;3.56
2022;1;181;beauce_5_sa_008;BTH;;8.4;0.99;43.47;23.26;136.81;37.14;30.69;0.14;0.03;0;82.12;0;-38.08;0.1;0.04;0.99;8.4
2022;182;296;beauce_5_sa_008;solnu;;1.72;0.0;46.67;-50.9;0.0;30.69;30.55;0.05;0.05;0;0;0;-265.47;0.03;0.02;0.0;1.72
2022;297;365;beauce_5_sa_008;BTH;;3.4;0.32;8.89;-12.11;1.88;30.48;45.93;0.01;0.0;0;1.11;0;37.61;0.01;0.0;0.32;3.4
2022;1;176;beauce_5_sa_009;BTH;;2.78;0.17;40.35;16.63;71.09;9.4;4.99;0.03;0.0;0;41.83;0;-138.12;0.0;0.03;0.17;2.78
2022;177;296;beauce_5_sa_009;solnu;;0.51;0.0;48.29;-51.84;0.0;4.99;3.36;0.01;0.0;0;0;0;-281.16;0.0;0.01;0.0;0.51
2022;297;365;beauce_5_sa_009;BTH;;0.36;0.0;8.73;-8.77;0.0;3.27;2.96;0.0;0.0;0;0.0;0;5.57;0.0;0.0;0.0;0.36
2022;1;210;beauce_5_sa_010;BTH;;4.7;1.27;60.23;36.52;120.58;19.53;85.62;0.18;0.04;0;73.59;0;-235.21;0.12;0.06;1.27;4.7
2022;211;260;beauce_5_sa_010;solnu;;5.41;0.0;25.26;-77.81;0.0;85.62;27.71;0.05;0.0;0;0;0;-71.7;0.04;0.0;0.0;5.41
2022;261;365;beauce_5_sa_010;BTH;;3.61;0.0;19.55;-6.42;6.8;27.72;30.42;0.01;0.0;0;4.0;0;50.27;0.0;0.01;0.0;3.61
2022;1;188;beauce_5_sa_011;BTH;;2.93;0.0;45.89;19.31;67.13;10.04;5.15;0.04;0.0;0;39.5;0;-243.07;0.0;0.04;0.0;2.93
2022;189;298;beauce_5_sa_011;solnu;;0.87;0.0;42.17;-5.65;0.0;5.15;40.71;0.05;0.03;0;0;0;-289.16;0.03;0.02;0.0;0.87
2022;299;365;beauce_5_sa_011;BTH;;1.68;0.0;8.2;-35.17;0.0;40.97;13.92;0.01;0.0;0;0.0;0;-65.23;0.0;0.0;0.0;1.68
2022;1;203;beauce_5_sa_012;BTH;;9.09;1.97;53.47;25.79;162.69;27.26;82.23;0.16;0.02;0;95.73;0;-22.56;0.11;0.05;1.97;9.09
2022;204;302;beauce_5_sa_012;solnu;;2.39;0.0;39.3;-3.04;0.0;82.23;115.91;0.12;0.07;0;0;0;-183.26;0.1;0.02;0.0;2.39
2022;303;365;beauce_5_sa_012;BTH;;7.38;0.0;8.0;-54.55;0.0;116.08;62.3;0.03;0.0;0;0.0;0;-4.27;0.03;0.0;0.0;7.38
2022;1;180;beauce_5_sa_013;BTH;;3.31;0.33;41.79;9.63;77.98;10.47;5.7;0.04;0.0;0;45.88;0;-96.93;0.0;0.03;0.33;3.31
2022;181;307;beauce_5_sa_013;solnu;;1.78;0.0;48.96;-38.93;0.0;5.7;16.84;0.06;0.03;0;0;0;-296.61;0.03;0.02;0.0;1.78
2022;308;365;beauce_5_sa_013;BTH;;1.22;0.0;6.57;-7.73;0.0;16.84;15.66;0.0;0.0;0;0.0;0;-22.64;0.0;0.0;0.0;1.22
2022;1;220;beauce_5_sa_014;BTH;;2.23;0.0;59.62;11.31;53.81;7.58;22.39;0.05;0.0;0;31.67;0;-244.37;0.01;0.04;0.0;2.23
2022;221;301;beauce_5_sa_014;solnu;;0.98;0.0;30.2;-38.21;0.0;22.39;14.08;0.03;0.03;0;0;0;-198.73;0.02;0.01;0.0;0.98
2022;302;365;beauce_5_sa_014;BTH;;1.55;0.0;7.79;-8.52;0.0;14.08;12.56;0.0;0.0;0;0.0;0;-26.6;0.0;0.0;0.0;1.55
2022;1;219;beauce_5_sa_015;BTH;;3.1;0.0;58.86;20.67;59.4;10.31;27.29;0.06;0.0;0;34.95;0;-316.24;0.01;0.05;0.0;3.1
2022;220;290;beauce_5_sa_015;solnu;;1.29;0.0;27.7;-13.25;0.0;27.29;40.37;0.04;0.03;0;0;0;-188.02;0.03;0.01;0.0;1.29
2022;291;365;beauce_5_sa_015;BTH;;2.01;0.0;10.2;-34.42;0.0;40.92;16.27;0.0;0.0;0;0.0;0;-71.05;0.0;0.0;0.0;2.01
2022;1;228;beauce_5_sa_016;BTH;;19.57;2.17;72.79;26.22;144.31;71.11;168.14;0.24;0.03;0;84.92;0;-89.49;0.18;0.06;2.17;19.57
2022;229;286;beauce_5_sa_016;solnu;;9.44;0.0;21.34;-72.58;0.0;168.14;107.52;0.08;0.1;0;0;0;-83.84;0.07;0.0;0.0;9.44
2022;287;365;beauce_5_sa_016;BTH;;11.85;0.0;12.0;-11.97;0.0;107.52;95.77;0.0;0.0;0;0.0;0;58.01;0.0;0.0;0.0;11.85
2022;1;194;beauce_5_sa_017;BTH;;2.21;0.61;48.83;3.43;96.1;7.43;6.78;0.09;0.02;0;56.55;0;-53.6;0.06;0.03;0.61;2.21
2022;195;310;beauce_5_sa_017;solnu;;1.13;0.0;43.02;-35.78;0.0;6.78;13.97;0.05;0.03;0;0;0;-212.7;0.03;0.02;0.0;1.13
2022;311;365;beauce_5_sa_017;BTH;;1.0;0.0;6.13;-10.31;0.0;13.91;13.04;0.0;0.0;0;0.0;0;-58.46;0.0;0.0;0.0;1.0
2022;1;198;beauce_5_sa_018;BTH;;0.82;0.78;53.45;20.89;109.05;4.9;27.56;0.07;0.0;0;65.86;0;-167.87;0.03;0.04;0.78;0.82
2022;199;259;beauce_5_sa_018;solnu;;0.25;0.0;30.94;-63.11;0.0;27.56;1.25;0.0;0.0;0;0;0;-144.1;0.0;0.0;0.0;0.25
2022;260;365;beauce_5_sa_018;BTH;;0.16;0.0;19.53;-9.93;6.0;1.39;4.69;0.01;0.0;0;3.53;0;71.46;0.0;0.01;0.0;0.16
2022;1;222;beauce_5_sa_019;BTH;;2.91;0.0;61.5;10.83;52.68;9.76;26.5;0.05;0.0;0;31.0;0;-266.45;0.01;0.04;0.0;2.91
2022;223;296;beauce_5_sa_019;solnu;;1.14;0.0;27.76;-15.44;0.0;26.5;37.61;0.04;0.03;0;0;0;-177.29;0.03;0.01;0.0;1.14
2022;297;365;beauce_5_sa_019;BTH;;1.78;0.0;8.65;-31.02;0.0;37.87;14.49;0.0;0.0;0;0.0;0;-44.91;0.0;0.0;0.0;1.78
2022;1;195;beauce_5_sa_020;BTH;;4.76;1.91;50.09;12.18;185.39;8.63;23.6;0.17;0.04;0;109.09;0;52.74;0.13;0.04;1.91;4.76
2022;196;300;beauce_5_sa_020;solnu;;0.35;0.0;42.07;-42.17;0.0;23.6;26.73;0.06;0.04;0;0;0;-185.71;0.04;0.02;0.0;0.35
2022;301;365;beauce_5_sa_020;BTH;;2.95;0.0;8.32;-8.98;0.0;26.73;23.89;0.0;0.0;0;0.0;0;21.55;0.0;0.0;0.0;2.95
2022;1;230;beauce_5_sa_021;BTH;;3.85;0.33;67.46;7.78;74.77;13.33;34.51;0.08;0.01;0;44.0;0;-232.85;0.03;0.05;0.33;3.85
2022;231;312;beauce_5_sa_021;solnu;;2.17;0.0;24.98;-35.44;0.0;34.51;22.41;0.05;0.04;0;0;0;-139.5;0.04;0.01;0.0;2.17
2022;313;365;beauce_5_sa_021;BTH;;1.51;0.0;5.64;-9.73;0.0;22.41;20.91;0.0;0.0;0;0.0;0;-74.0;0.0;0.0;0.0;1.51
2022;1;198;beauce_5_sa_022;BTH;;24.99;1.72;52.43;53.13;126.53;96.16;178.98;0.07;0.0;0;84.96;0;-85.77;0.01;0.06;1.72;24.99
2022;199;280;beauce_5_sa_022;solnu;;10.02;0.0;35.73;-5.36;0.0;178.98;199.08;0.17;0.09;0;0;0;-207.4;0.15;0.02;0.0;10.02
2022;281;365;beauce_5_sa_022;BTH;;13.72;0.35;13.82;-85.48;11.32;199.58;128.61;0.02;0.0;0;6.66;0;27.61;0.01;0.0;0.35;13.72
2022;1;206;beauce_5_sa_023;BTH;;6.54;0.79;53.65;11.13;107.54;8.82;18.26;0.09;0.0;0;63.28;0;-65.51;0.04;0.04;0.79;6.54
2022;207;315;beauce_5_sa_023;solnu;;2.35;0.0;39.22;-43.35;0.0;18.26;17.28;0.04;0.03;0;0;0;-258.58;0.02;0.01;0.0;2.35
2022;316;365;beauce_5_sa_023;BTH;;1.15;0.0;5.3;-6.78;0.0;17.15;15.94;0.0;0.0;0;0.0;0;-12.12;0.0;0.0;0.0;1.15
2022;1;208;beauce_5_sa_024;BTH;;3.1;0.44;55.85;22.0;86.19;10.35;31.98;0.08;0.02;0;50.72;0;-213.29;0.03;0.05;0.44;3.1
2022;209;272;beauce_5_sa_024;solnu;;1.53;0.0;27.82;-12.75;0.0;31.98;45.42;0.06;0.04;0;0;0;-169.53;0.05;0.01;0.0;1.53
2022;273;365;beauce_5_sa_024;BTH;;2.86;0.0;15.64;-39.92;0.0;45.79;20.82;0.0;0.0;0;0.0;0;-86.15;0.0;0.0;0.0;2.86
2022;1;193;beauce_5_sa_025;BTH;;1.47;0.0;48.67;16.18;54.89;5.12;13.55;0.04;0.0;0;32.3;0;-208.18;0.0;0.04;0.0;1.47
2022;194;280;beauce_5_sa_025;solnu;;0.85;0.0;35.98;-36.9;0.0;13.55;14.15;0.04;0.03;0;0;0;-256.44;0.03;0.01;0.0;0.85
2022;281;365;beauce_5_sa_025;BTH;;1.54;0.0;13.38;-13.62;0.0;14.02;12.48;0.0;0.0;0;0.0;0;-26.41;0.0;0.0;0.0;1.54
2022;1;221;beauce_5_sa_026;BTH;;48.51;2.46;68.5;45.82;174.17;225.45;301.23;0.36;0.03;0;103.15;0;-103.6;0.29;0.07;2.46;48.51
2022;222;278;beauce_5_sa_026;solnu;;26.27;0.0;24.36;-88.93;0.0;301.23;210.24;0.07;0.09;0;0;0;-93.21;0.06;0.0;0.0;26.27
2022;279;365;beauce_5_sa_026;BTH;;24.97;1.05;14.99;-14.89;0.65;210.24;263.35;0.01;0.0;0;0.38;0;97.06;0.01;0.0;1.05;24.97
2022;1;208;beauce_5_sa_027;BTH;;4.76;0.86;54.75;29.76;116.89;14.76;41.67;0.08;0.0;0;68.78;0;-209.11;0.03;0.05;0.86;4.76
2022;209;285;beauce_5_sa_027;solnu;;2.25;0.0;31.7;-8.59;0.0;41.67;62.39;0.08;0.05;0;0;0;-191.08;0.06;0.02;0.0;2.25
2022;286;365;beauce_5_sa_027;BTH;;3.48;0.0;11.55;-45.41;0.0;62.65;28.15;0.0;0.0;0;0.0;0;-81.82;0.0;0.0;0.0;3.48
2022;1;223;beauce_5_sa_028;BTH;;33.13;2.01;62.38;31.98;108.71;114.69;217.32;0.12;0.0;0;63.97;0;-189.46;0.06;0.06;2.01;33.13
2022;224;314;beauce_5_sa_028;solnu;;15.63;0.0;30.55;-3.96;0.0;217.32;228.0;0.18;0.11;0;0;0;-172.21;0.16;0.02;0.0;15.63
2022;315;365;beauce_5_sa_028;BTH;;10.73;0.0;5.49;-72.85;0.0;228.31;149.89;0.02;0.0;0;0.0;0;-7.35;0.02;0.0;0.0;10.73
2022;1;226;beauce_5_sa_029;BTH;;4.79;0.14;64.69;19.37;58.09;15.12;46.59;0.07;0.01;0;34.18;0;-307.27;0.02;0.05;0.14;4.79
2022;227;268;beauce_5_sa_029;solnu;;1.51;0.0;16.42;-16.85;0.0;46.59;44.57;0.04;0.05;0;0;0;-102.82;0.03;0.0;0.0;1.51
2022;269;365;beauce_5_sa_029;BTH;;3.11;0.0;16.52;-36.99;0.0;44.73;22.36;0.0;0.0;0;0.0;0;-67.65;0.0;0.0;0.0;3.11
2022;1;177;beauce_5_sa_030;BTH;;2.88;0.0;40.25;23.64;65.26;9.68;4.25;0.04;0.0;0;38.4;0;-210.67;0.0;0.04;0.0;2.88
2022;178;289;beauce_5_sa_030;solnu;;0.83;0.0;45.62;-43.21;0.0;4.25;8.81;0.02;0.02;0;0;0;-335.73;0.01;0.02;0.0;0.83
2022;290;365;beauce_5_sa_030;BTH;;0.97;0.0;10.49;-10.47;0.0;8.81;7.86;0.0;0.0;0;0.0;0;-20.79;0.0;0.0;0.0;0.97
2022;1;211;beauce_5_sa_031;BTH;;3.56;0.0;55.7;24.97;53.1;11.57;35.49;0.05;0.0;0;31.24;0;-297.47;0.0;0.05;0.0;3.56
2022;212;261;beauce_5_sa_031;solnu;;1.38;0.0;23.76;-35.48;0.0;35.49;22.46;0.05;0.04;0;0;0;-160.96;0.04;0.01;0.0;1.38
2022;262;365;beauce_5_sa_031;BTH;;2.89;0.0;18.44;-20.16;0.0;22.25;19.5;0.0;0.0;0;0.0;0;-77.29;0.0;0.0;0.0;2.89
2022;1;171;beauce_5_sa_032;BTH;;20.08;1.38;39.51;5.47;89.64;69.99;107.47;0.13;0.01;0;52.75;0;-18.5;0.1;0.03;1.38;20.08
2022;172;311;beauce_5_sa_032;solnu;;11.07;0.0;53.98;8.95;0.0;107.47;159.68;0.18;0.08;0;0;0;-252.25;0.14;0.04;0.0;11.07
2022;312;365;beauce_5_sa_032;BTH;;7.25;0.0;5.99;-57.47;0.0;159.91;100.95;0.01;0.0;0;0.0;0;-7.81;0.01;0.0;0.0;7.25
2022;1;182;beauce_5_sa_033;BTH;;35.46;2.39;44.16;37.89;111.93;124.06;238.11;0.07;0.01;0;71.28;0;-65.12;0.02;0.05;2.39;35.46
2022;183;266;beauce_5_sa_033;solnu;;11.17;0.0;39.3;-0.44;0.0;238.11;265.54;0.16;0.1;0;0;0;-204.82;0.14;0.02;0.0;11.17
2022;267;365;beauce_5_sa_033;BTH;;20.5;0.0;17.46;-79.94;29.16;265.83;153.36;0.03;0.0;0;17.16;0;24.65;0.02;0.01;0.0;20.5
2022;1;223;beauce_5_sa_034;BTH;;7.22;0.0;62.07;14.88;102.16;13.02;31.61;0.1;0.0;0;60.12;0;-147.42;0.05;0.05;0.0;7.22
2022;224;313;beauce_5_sa_034;solnu;;2.9;0.0;30.28;-45.33;0.0;31.61;19.64;0.03;0.03;0;0;0;-231.14;0.02;0.01;0.0;2.9
2022;314;365;beauce_5_sa_034;BTH;;1.32;0.68;5.52;-7.95;0.0;19.64;18.36;0.0;0.0;0;0.0;0;-27.88;0.0;0.0;0.68;1.32
2022;1;216;beauce_5_sa_035;BTH;;11.55;1.05;59.93;33.76;89.77;39.36;110.29;0.09;0.0;0;52.83;0;-155.28;0.04;0.06;1.05;11.55
2022;217;288;beauce_5_sa_035;solnu;;3.62;0.0;30.3;-64.82;0.0;110.29;57.73;0.08;0.07;0;0;0;-156.39;0.07;0.01;0.0;3.62
2022;289;365;beauce_5_sa_035;BTH;;6.35;0.0;11.11;-11.14;0.0;57.72;51.36;0.0;0.0;0;0.0;0;23.57;0.0;0.0;0.0;6.35
2022;1;178;beauce_5_sa_036;BTH;;6.61;0.84;41.16;10.29;112.11;16.34;10.78;0.07;0.01;0;65.97;0;-44.3;0.03;0.03;0.84;6.61
2022;179;293;beauce_5_sa_036;solnu;;1.85;0.0;47.36;-4.34;0.0;10.78;51.97;0.06;0.04;0;0;0;-238.54;0.03;0.03;0.0;1.85
2022;294;365;beauce_5_sa_036;BTH;;2.65;0.0;9.52;-42.45;0.0;52.45;21.41;0.0;0.0;0;0.0;0;-79.46;0.0;0.0;0.0;2.65
2022;1;222;beauce_5_sa_037;BTH;;16.15;2.04;68.48;59.42;192.84;62.29;174.84;0.35;0.04;0;117.01;0;-257.78;0.27;0.08;2.04;16.15
2022;223;278;beauce_5_sa_037;solnu;;11.8;0.0;23.11;-10.41;0.0;174.84;175.56;0.08;0.09;0;0;0;-152.47;0.07;0.01;0.0;11.8
2022;279;365;beauce_5_sa_037;BTH;;14.68;0.55;14.34;-64.78;1.5;176.23;108.93;0.01;0.0;0;0.88;0;-5.42;0.01;0.0;0.55;14.68
2022;1;171;beauce_5_sa_038;BTH;;3.46;0.6;38.71;20.83;104.63;12.58;8.58;0.06;0.01;0;61.57;0;-139.39;0.03;0.04;0.6;3.46
2022;172;270;beauce_5_sa_038;solnu;;1.19;0.0;42.84;-1.01;0.0;8.58;49.11;0.07;0.05;0;0;0;-255.64;0.04;0.03;0.0;1.19
2022;271;365;beauce_5_sa_038;BTH;;2.96;0.0;16.1;-43.27;0.0;49.44;21.41;0.0;0.0;0;0.0;0;-98.66;0.0;0.0;0.0;2.96
2022;1;228;beauce_5_sa_039;BTH;;8.63;1.11;68.48;23.41;99.7;29.92;96.55;0.15;0.01;0;58.67;0;-158.07;0.09;0.06;1.11;8.63
2022;229;298;beauce_5_sa_039;solnu;;4.92;0.0;23.96;-61.02;0.0;96.55;55.92;0.06;0.07;0;0;0;-104.46;0.06;0.0;0.0;4.92
2022;299;365;beauce_5_sa_039;BTH;;6.16;0.0;8.51;-8.42;0.0;55.93;49.85;0.0;0.0;0;0.0;0;26.37;0.0;0.0;0.0;6.16
2022;1;193;beauce_5_sa_040;BTH;;2.65;0.0;47.83;29.11;61.52;9.04;21.97;0.05;0.0;0;37.08;0;-304.95;0.0;0.05;0.0;2.65
2022;194;271;beauce_5_sa_040;solnu;;1.03;0.0;32.62;-9.5;0.0;21.97;43.97;0.05;0.04;0;0;0;-233.18;0.04;0.02;0.0;1.03
2022;272;365;beauce_5_sa_040;BTH;;2.59;0.0;15.56;-38.62;0.0;44.27;18.87;0.0;0.0;0;0.0;0;-93.33;0.0;0.0;0.0;2.59
2022;1;186;beauce_5_sa_041;BTH;;24.03;2.32;47.32;43.98;165.58;73.44;148.46;0.13;0.01;0;97.43;0;1.25;0.07;0.05;2.32;24.03
2022;187;287;beauce_5_sa_041;solnu;;6.54;0.0;43.33;-74.72;0.0;148.46;110.29;0.14;0.09;0;0;0;-204.23;0.12;0.02;0.0;6.54
2022;288;365;beauce_5_sa_041;BTH;;12.06;0.0;11.89;-12.58;0.0;109.63;97.53;0.0;0.0;0;0.0;0;68.8;0.0;0.0;0.0;12.06
2022;1;192;beauce_5_sa_042;BTH;;27.2;3.19;52.56;38.84;162.58;116.68;257.1;0.35;0.06;0;100.56;0;-31.66;0.3;0.05;3.19;27.2
2022;193;261;beauce_5_sa_042;solnu;;24.43;0.0;35.1;-5.76;0.0;257.1;261.75;0.17;0.09;0;0;0;-186.07;0.15;0.02;0.0;24.43
2022;262;365;beauce_5_sa_042;BTH;;24.9;0.0;19.36;-77.38;13.83;262.14;165.0;0.0;0.0;0;8.14;0;50.74;0.0;0.0;0.0;24.9
2022;1;221;beauce_5_sa_043;BTH;;14.23;0.86;63.16;30.55;76.48;44.39;111.56;0.12;0.0;0;45.0;0;-244.82;0.06;0.06;0.86;14.23
2022;222;264;beauce_5_sa_043;solnu;;3.93;0.0;20.15;-96.82;0.0;111.56;30.93;0.01;0.02;0;0;0;-77.31;0.01;0.0;0.0;3.93
2022;265;365;beauce_5_sa_043;BTH;;3.81;0.0;18.02;17.73;25.9;31.12;36.95;0.03;0.0;0;15.24;0;21.53;0.01;0.02;0.0;3.81
2022;1;219;beauce_5_sa_044;BTH;;13.06;1.21;58.43;28.45;144.49;17.11;37.05;0.15;0.01;0;85.02;0;-197.84;0.1;0.06;1.21;13.06
2022;220;316;beauce_5_sa_044;solnu;;3.95;0.0;33.37;-43.09;0.0;37.05;28.17;0.03;0.03;0;0;0;-260.88;0.02;0.01;0.0;3.95
2022;317;365;beauce_5_sa_044;BTH;;1.9;0.0;5.06;-5.87;0.0;28.17;26.37;0.0;0.0;0;0.0;0;-17.13;0.0;0.0;0.0;1.9
2022;1;196;beauce_5_sa_045;BTH;;1.79;0.21;49.43;12.45;72.04;5.29;9.32;0.04;0.0;0;42.39;0;-135.3;0.0;0.04;0.21;1.79
2022;197;296;beauce_5_sa_045;solnu;;0.82;0.0;39.67;-41.76;0.0;9.32;11.59;0.03;0.03;0;0;0;-276.57;0.02;0.01;0.0;0.82
2022;297;365;beauce_5_sa_045;BTH;;1.28;0.0;8.66;-8.62;0.0;11.76;10.38;0.0;0.0;0;0.0;0;1.78;0.0;0.0;0.0;1.28
2022;1;223;beauce_5_sa_046;BTH;;6.06;0.0;63.94;27.1;76.69;40.68;49.15;0.11;0.01;0;45.34;0;-304.76;0.05;0.06;0.0;6.06
2022;224;262;beauce_5_sa_046;solnu;;2.14;0.0;17.35;-16.89;0.0;49.15;47.38;0.03;0.05;0;0;0;-118.74;0.03;0.0;0.0;2.14
2022;263;365;beauce_5_sa_046;BTH;;3.74;0.34;17.98;-40.38;0.0;47.84;25.71;0.0;0.0;0;0.0;0;-107.2;0.0;0.0;0.34;3.74
2022;1;170;beauce_5_sa_047;BTH;;19.1;1.59;39.06;16.96;187.67;114.24;81.15;0.2;0.04;0;110.43;0;-21.28;0.15;0.04;1.59;19.1
2022;171;312;beauce_5_sa_047;solnu;;7.63;0.0;54.21;11.94;0.0;81.15;140.21;0.16;0.07;0;0;0;-259.1;0.12;0.04;0.0;7.63
2022;313;365;beauce_5_sa_047;BTH;;6.45;0.68;5.87;-50.1;0.0;140.42;89.7;0.01;0.0;0;0.0;0;-10.28;0.01;0.0;0.68;6.45
2022;1;211;beauce_5_sa_048;BTH;;26.73;2.8;61.51;60.72;162.04;106.52;249.26;0.23;0.03;0;95.35;0;-172.58;0.15;0.07;2.8;26.73
2022;212;276;beauce_5_sa_048;solnu;;19.22;0.0;28.76;-78.18;0.0;249.26;180.36;0.17;0.09;0;0;0;-163.78;0.16;0.01;0.0;19.22
2022;277;365;beauce_5_sa_048;BTH;;23.0;0.0;15.24;-15.38;0.0;180.15;157.23;0.0;0.0;0;0.0;0;41.77;0.0;0.0;0.0;23.0
2022;1;231;beauce_5_sa_049;BTH;;1.74;0.0;68.66;19.44;51.98;5.63;39.94;0.07;0.0;0;30.59;0;-368.67;0.01;0.05;0.0;1.74
2022;232;274;beauce_5_sa_049;solnu;;0.6;0.0;14.61;-50.68;0.0;39.94;3.74;0.0;0.0;0;0;0;-50.02;0.0;0.0;0.0;0.6
2022;275;365;beauce_5_sa_049;BTH;;0.45;0.0;15.31;-15.23;0.0;3.78;3.37;0.0;0.0;0;0.0;0;-14.48;0.0;0.0;0.0;0.45
2022;1;201;beauce_5_sa_050;BTH;;1.39;0.0;51.01;9.51;55.78;4.75;8.1;0.04;0.0;0;32.83;0;-180.48;0.0;0.04;0.0;1.39
2022;202;306;beauce_5_sa_050;solnu;;1.0;0.0;39.67;-38.53;0.0;8.1;10.1;0.03;0.03;0;0;0;-256.7;0.02;0.01;0.0;1.0
2022;307;365;beauce_5_sa_050;BTH;;0.73;0.0;6.79;-7.21;0.0;10.1;9.43;0.0;0.0;0;0.0;0;-16.04;0.0;0.0;0.0;0.73
2022;1;210;beauce_5_sa_051;BTH;;9.85;0.65;57.5;39.46;98.05;42.4;80.1;0.15;0.03;0;59.31;0;-205.16;0.1;0.06;0.65;9.85
2022;211;263;beauce_5_sa_051;solnu;;5.13;0.0;25.36;-13.98;0.0;80.1;86.2;0.09;0.06;0;0;0;-153.95;0.08;0.01;0.0;5.13
2022;264;365;beauce_5_sa_051;BTH;;6.93;0.32;17.84;-57.18;1.99;86.48;65.2;0.01;0.0;0;1.17;0;-60.75;0.01;0.0;0.32;6.93
2022;1;202;beauce_5_sa_052;BTH;;0.84;0.26;54.24;22.82;72.16;5.62;29.37;0.07;0.0;0;45.16;0;-256.77;0.02;0.05;0.26;0.84
2022;203;260;beauce_5_sa_052;solnu;;0.77;0.0;28.88;-54.23;0.0;29.37;4.59;0.02;0.0;0;0;0;-156.63;0.02;0.0;0.0;0.77
2022;261;365;beauce_5_sa_052;BTH;;0.58;0.0;18.93;-9.96;5.84;4.5;7.14;0.01;0.0;0;3.43;0;5.02;0.0;0.01;0.0;0.58
2022;1;220;beauce_5_sa_053;BTH;;4.26;0.27;60.35;16.48;68.87;10.03;33.64;0.08;0.0;0;40.53;0;-206.68;0.03;0.05;0.27;4.26
2022;221;276;beauce_5_sa_053;solnu;;1.35;0.0;23.34;-36.43;0.0;33.64;20.25;0.03;0.04;0;0;0;-151.98;0.02;0.0;0.0;1.35
2022;277;365;beauce_5_sa_053;BTH;;2.51;0.0;14.72;-17.04;0.0;20.25;17.78;0.0;0.0;0;0.0;0;-59.12;0.0;0.0;0.0;2.51
2022;1;175;beauce_5_sa_054;BTH;;22.6;1.68;40.45;24.69;98.63;79.36;147.96;0.13;0.02;0;62.8;0;-77.26;0.09;0.04;1.68;22.6
2022;176;288;beauce_5_sa_054;solnu;;10.34;0.0;47.1;7.01;0.0;147.96;192.17;0.15;0.08;0;0;0;-250.38;0.11;0.03;0.0;10.34
2022;289;365;beauce_5_sa_054;BTH;;13.44;0.0;10.97;-71.37;9.8;192.43;108.52;0.0;0.0;0;5.77;0;-9.81;0.0;0.0;0.0;13.44
2022;1;199;beauce_5_sa_055;BTH;;14.52;1.29;51.76;26.77;101.14;50.67;110.39;0.05;0.0;0;59.52;0;-85.67;0.01;0.05;1.29;14.52
2022;200;306;beauce_5_sa_055;solnu;;7.68;0.0;41.57;-69.75;0.0;110.39;74.31;0.13;0.08;0;0;0;-203.86;0.11;0.02;0.0;7.68
2022;307;365;beauce_5_sa_055;BTH;;5.37;0.0;7.05;-7.03;0.0;74.42;68.96;0.0;0.0;0;0.0;0;21.68;0.0;0.0;0.0;5.37
2022;1;192;beauce_5_sa_056;BTH;;10.17;1.2;50.01;29.54;101.98;32.62;89.52;0.17;0.03;0;60.01;0;-132.02;0.12;0.05;1.2;10.17
2022;193;260;beauce_5_sa_056;solnu;;6.52;0.0;32.03;-9.14;0.0;89.52;105.73;0.1;0.07;0;0;0;-182.16;0.08;0.02;0.0;6.52
2022;261;365;beauce_5_sa_056;BTH;;8.96;0.0;19.26;-54.99;1.93;106.26;59.87;0.0;0.0;0;1.14;0;-29.76;0.0;0.0;0.0;8.96
2022;1;178;beauce_5_sa_057;BTH;;10.93;0.81;42.1;24.76;72.94;36.66;79.88;0.05;0.0;0;42.92;0;-106.53;0.01;0.04;0.81;10.93
2022;179;268;beauce_5_sa_057;solnu;;3.37;0.0;40.95;-55.06;0.0;79.88;62.22;0.1;0.07;0;0;0;-232.97;0.08;0.02;0.0;3.37
2022;269;365;beauce_5_sa_057;BTH;;7.97;0.0;17.28;-18.18;0.0;61.81;53.35;0.0;0.0;0;0.0;0;5.96;0.0;0.0;0.0;7.97
2022;1;210;beauce_5_sa_058;BTH;;3.4;0.91;58.64;27.25;119.23;11.86;42.81;0.11;0.02;0;70.16;0;-191.29;0.05;0.05;0.91;3.4
2022;211;267;beauce_5_sa_058;solnu;;2.09;0.0;26.25;-12.38;0.0;42.81;54.48;0.08;0.05;0;0;0;-153.98;0.07;0.01;0.0;2.09
2022;268;365;beauce_5_sa_058;BTH;;3.73;0.0;16.73;-44.94;0.0;54.7;26.63;0.0;0.0;0;0.0;0;-93.36;0.0;0.0;0.0;3.73
2022;1;217;beauce_5_sa_059;BTH;;15.81;1.48;59.97;24.38;99.78;54.65;134.49;0.11;0.0;0;58.72;0;-63.58;0.06;0.05;1.48;15.81
2022;218;309;beauce_5_sa_059;solnu;;9.62;0.0;34.54;-73.95;0.0;134.49;85.27;0.11;0.08;0;0;0;-159.72;0.09;0.01;0.0;9.62
2022;310;365;beauce_5_sa_059;BTH;;6.14;0.0;6.52;-6.6;0.0;85.1;79.03;0.0;0.0;0;0.0;0;24.84;0.0;0.0;0.0;6.14
2022;1;221;beauce_5_sa_060;BTH;;12.97;1.11;62.09;29.86;94.41;45.01;112.87;0.09;0.0;0;55.55;0;-134.59;0.04;0.06;1.11;12.97
2022;222;313;beauce_5_sa_060;solnu;;8.24;0.0;32.45;-61.71;0.0;112.87;75.19;0.11;0.08;0;0;0;-174.46;0.1;0.01;0.0;8.24
2022;314;365;beauce_5_sa_060;BTH;;4.99;0.0;5.7;-6.81;0.0;74.89;69.16;0.0;0.0;0;0.0;0;9.57;0.0;0.0;0.0;4.99
2022;1;223;beauce_5_sa_061;BTH;;11.03;1.05;63.47;17.04;122.02;16.22;42.36;0.14;0.01;0;71.8;0;-122.31;0.09;0.05;1.05;11.03
2022;224;291;beauce_5_sa_061;solnu;;3.19;0.0;26.04;-39.94;0.0;42.36;27.96;0.03;0.03;0;0;0;-184.92;0.02;0.01;0.0;3.19
2022;292;365;beauce_5_sa_061;BTH;;3.08;0.0;10.01;-13.68;0.0;27.96;24.97;0.0;0.0;0;0.0;0;-50.64;0.0;0.0;0.0;3.08
2022;1;176;beauce_5_sa_062;BTH;;11.4;1.14;41.38;23.01;99.98;39.78;76.92;0.1;0.01;0;58.83;0;-61.47;0.06;0.04;1.14;11.4
2022;177;294;beauce_5_sa_062;solnu;;4.33;0.0;49.37;-62.14;0.0;76.92;60.57;0.1;0.07;0;0;0;-219.0;0.08;0.02;0.0;4.33
2022;295;365;beauce_5_sa_062;BTH;;6.67;0.0;9.41;-9.3;0.0;60.65;54.0;0.0;0.0;0;0.0;0;28.0;0.0;0.0;0.0;6.67
2022;1;176;beauce_5_sa_063;BTH;;3.43;0.59;40.73;9.54;97.36;12.18;6.15;0.05;0.01;0;57.29;0;-57.02;0.02;0.03;0.59;3.43
2022;177;299;beauce_5_sa_063;solnu;;1.01;0.0;49.19;-40.77;0.0;6.15;18.41;0.05;0.04;0;0;0;-298.41;0.03;0.02;0.0;1.01
2022;300;365;beauce_5_sa_063;BTH;;2.03;0.0;8.25;-8.88;0.0;18.4;16.41;0.0;0.0;0;0.0;0;-1.17;0.0;0.0;0.0;2.03
2022;1;185;beauce_5_sa_064;BTH;;1.65;0.0;44.97;15.3;58.76;5.59;5.4;0.04;0.0;0;34.58;0;-175.48;0.0;0.04;0.0;1.65
2022;186;288;beauce_5_sa_064;solnu;;0.65;0.0;41.82;-39.77;0.0;5.4;10.15;0.03;0.03;0;0;0;-297.13;0.01;0.01;0.0;0.65
2022;289;365;beauce_5_sa_064;BTH;;1.12;0.0;10.75;-10.66;0.0;10.28;9.12;0.0;0.0;0;0.0;0;-11.75;0.0;0.0;0.0;1.12
2022;1;194;beauce_5_sa_065;BTH;;4.8;1.62;52.4;21.84;153.32;17.41;54.29;0.19;0.03;0;90.22;0;-50.49;0.15;0.04;1.62;4.8
2022;195;266;beauce_5_sa_065;solnu;;2.27;0.0;35.27;-73.2;0.0;54.29;14.05;0.04;0.0;0;0;0;-137.65;0.03;0.01;0.0;2.27
2022;267;365;beauce_5_sa_065;BTH;;1.74;0.0;17.75;-17.74;0.0;14.06;12.32;0.0;0.0;0;0.0;0;86.56;0.0;0.0;0.0;1.74
2022;1;174;beauce_5_sa_066;BTH;;4.45;0.0;39.34;25.18;68.03;15.16;7.22;0.04;0.0;0;41.29;0;-227.49;0.0;0.04;0.0;4.45
2022;175;293;beauce_5_sa_066;solnu;;1.36;0.0;47.35;-5.06;0.0;7.22;48.05;0.06;0.04;0;0;0;-336.47;0.04;0.03;0.0;1.36
2022;294;365;beauce_5_sa_066;BTH;;2.25;0.0;9.26;-38.67;0.0;48.51;18.2;0.0;0.0;0;0.0;0;-70.39;0.0;0.0;0.0;2.25
2022;1;222;beauce_5_sa_067;BTH;;16.21;0.62;62.79;19.73;142.6;89.6;60.28;0.16;0.01;0;84.57;0;-71.12;0.1;0.05;0.62;16.21
2022;223;304;beauce_5_sa_067;solnu;;3.78;0.0;30.09;-51.4;0.0;60.28;40.53;0.04;0.05;0;0;0;-196.56;0.03;0.01;0.0;3.78
2022;305;365;beauce_5_sa_067;BTH;;4.34;0.98;7.49;-11.32;0.65;39.02;106.03;0.01;0.0;0;0.38;0;17.06;0.01;0.0;0.98;4.34
2022;1;178;beauce_5_sa_068;BTH;;21.39;1.21;41.81;34.49;127.4;89.8;106.62;0.14;0.02;0;77.61;0;-54.3;0.09;0.05;1.21;21.39
2022;179;289;beauce_5_sa_068;solnu;;7.17;0.0;46.8;2.5;0.0;106.62;149.46;0.13;0.08;0;0;0;-248.38;0.1;0.03;0.0;7.17
2022;290;365;beauce_5_sa_068;BTH;;10.13;0.52;10.91;-70.13;5.51;149.77;113.87;0.02;0.0;0;3.24;0;-1.37;0.01;0.0;0.52;10.13
2022;1;183;beauce_5_sa_069;BTH;;24.74;1.93;45.71;41.7;104.18;87.58;190.07;0.07;0.0;0;62.44;0;-61.34;0.01;0.05;1.93;24.74
2022;184;264;beauce_5_sa_069;solnu;;7.62;0.0;38.09;-92.11;0.0;190.07;128.22;0.12;0.09;0;0;0;-194.09;0.11;0.02;0.0;7.62
2022;265;365;beauce_5_sa_069;BTH;;12.75;0.0;18.31;13.6;47.23;127.44;100.12;0.04;0.0;0;27.79;0;56.46;0.02;0.02;0.0;12.75
2022;1;227;beauce_5_sa_070;BTH;;22.35;1.1;68.11;32.2;71.19;67.37;156.23;0.11;0.0;0;43.78;0;-254.14;0.05;0.06;1.1;22.35
2022;228;261;beauce_5_sa_070;solnu;;6.67;0.0;13.52;-15.11;0.0;156.23;147.8;0.08;0.09;0;0;0;-86.56;0.07;0.0;0.0;6.67
2022;262;365;beauce_5_sa_070;BTH;;12.16;0.0;18.79;-64.0;9.16;147.99;81.26;0.0;0.0;0;5.39;0;-8.31;0.0;0.0;0.0;12.16
2022;1;213;beauce_5_sa_071;BTH;;4.82;0.0;56.86;20.59;68.92;25.03;28.68;0.06;0.0;0;42.17;0;-236.47;0.01;0.05;0.0;4.82
2022;214;277;beauce_5_sa_071;solnu;;1.24;0.0;27.43;-50.63;0.0;28.68;6.95;0.01;0.0;0;0;0;-182.58;0.01;0.0;0.0;1.24
2022;278;365;beauce_5_sa_071;BTH;;0.9;0.28;14.48;-14.65;1.99;6.8;25.21;0.01;0.0;0;1.17;0;25.18;0.01;0.0;0.28;0.9
2022;1;205;beauce_5_sa_072;BTH;;18.17;1.0;55.1;54.16;118.58;82.24;129.72;0.09;0.0;0;73.97;0;-247.83;0.03;0.07;1.0;18.17
2022;206;269;beauce_5_sa_072;solnu;;7.16;0.0;29.07;-8.04;0.0;129.72;143.37;0.13;0.08;0;0;0;-185.24;0.12;0.01;0.0;7.16
2022;270;365;beauce_5_sa_072;BTH;;10.85;0.44;16.5;-69.19;3.3;143.78;109.19;0.0;0.0;0;1.94;0;-24.6;0.0;0.0;0.44;10.85
2022;1;228;beauce_5_sa_073;BTH;;14.93;1.82;71.75;29.76;142.67;51.09;131.06;0.24;0.02;0;83.95;0;-140.2;0.17;0.06;1.82;14.93
2022;229;281;beauce_5_sa_073;solnu;;8.52;0.0;19.34;-58.12;0.0;131.06;83.7;0.06;0.08;0;0;0;-88.82;0.06;0.0;0.0;8.52
2022;282;365;beauce_5_sa_073;BTH;;9.19;0.0;13.51;-15.57;0.0;83.37;74.2;0.0;0.0;0;0.0;0;14.38;0.0;0.0;0.0;9.19
2022;1;178;beauce_5_sa_074;BTH;;2.85;0.0;40.67;19.47;61.22;9.86;5.89;0.04;0.0;0;38.67;0;-219.44;0.0;0.04;0.0;2.85
2022;179;279;beauce_5_sa_074;solnu;;0.9;0.0;42.19;-5.74;0.0;5.89;41.36;0.06;0.04;0;0;0;-288.83;0.03;0.02;0.0;0.9
2022;280;365;beauce_5_sa_074;BTH;;2.26;0.0;13.5;-37.11;0.0;41.59;16.87;0.01;0.0;0;0.0;0;-91.19;0.0;0.0;0.0;2.26
2022;1;188;beauce_5_sa_075;BTH;;2.74;0.0;46.28;13.75;61.0;9.36;4.13;0.04;0.0;0;35.89;0;-198.08;0.0;0.04;0.0;2.74
2022;189;315;beauce_5_sa_075;solnu;;1.31;0.0;45.52;-36.76;0.0;4.13;12.51;0.05;0.03;0;0;0;-299.08;0.03;0.02;0.0;1.31
2022;316;365;beauce_5_sa_075;BTH;;0.84;0.0;5.27;-6.71;0.0;12.51;11.7;0.0;0.0;0;0.0;0;-36.3;0.0;0.0;0.0;0.84
2022;1;217;beauce_5_sa_076;BTH;;7.6;1.21;62.98;26.05;133.79;13.81;51.95;0.18;0.01;0;78.73;0;-148.77;0.13;0.05;1.21;7.6
2022;218;270;beauce_5_sa_076;solnu;;2.44;0.0;23.64;-59.63;0.0;51.95;16.58;0.0;0.0;0;0;0;-151.4;0.0;0.0;0.0;2.44
2022;271;365;beauce_5_sa_076;BTH;;1.99;0.0;16.31;-16.99;0.0;16.44;14.4;0.0;0.0;0;0.0;0;38.76;0.0;0.0;0.0;1.99
2022;1;175;beauce_5_sa_077;BTH;;26.83;2.81;41.48;12.58;173.44;100.93;164.07;0.2;0.04;0;102.06;0;79.28;0.17;0.03;2.81;26.83
2022;176;311;beauce_5_sa_077;solnu;;8.77;0.0;52.47;8.45;0.0;164.07;216.6;0.19;0.08;0;0;0;-186.93;0.15;0.04;0.0;8.77
2022;312;365;beauce_5_sa_077;BTH;;10.69;0.0;6.18;-63.32;0.0;216.83;148.76;0.01;0.0;0;0.0;0;10.71;0.01;0.0;0.0;10.69
2022;1;218;beauce_5_sa_078;BTH;;3.54;0.85;61.51;10.57;94.42;11.74;49.11;0.17;0.03;0;55.56;0;-82.87;0.12;0.04;0.85;3.54
2022;219;283;beauce_5_sa_078;solnu;;2.58;0.0;27.2;-42.92;0.0;49.11;31.48;0.04;0.05;0;0;0;-146.55;0.04;0.01;0.0;2.58
2022;284;365;beauce_5_sa_078;BTH;;3.42;0.0;12.54;-15.74;0.0;31.07;27.67;0.0;0.0;0;0.0;0;-22.79;0.0;0.0;0.0;3.42
2022;1;221;beauce_5_sa_079;BTH;;2.76;0.0;61.01;13.73;52.35;9.17;28.75;0.06;0.0;0;30.8;0;-264.97;0.01;0.05;0.0;2.76
2022;222;289;beauce_5_sa_079;solnu;;1.21;0.0;26.37;-37.02;0.0;28.75;17.01;0.03;0.03;0;0;0;-177.49;0.03;0.01;0.0;1.21
2022;290;365;beauce_5_sa_079;BTH;;1.88;0.0;10.57;-11.05;0.0;17.12;15.22;0.0;0.0;0;0.0;0;-42.24;0.0;0.0;0.0;1.88
2022;1;192;beauce_5_sa_080;BTH;;18.84;1.51;48.57;24.73;113.99;65.49;119.17;0.12;0.01;0;67.08;0;-130.03;0.07;0.04;1.51;18.84
2022;193;310;beauce_5_sa_080;solnu;;7.37;0.0;43.49;5.05;0.0;119.17;160.08;0.18;0.08;0;0;0;-240.86;0.15;0.03;0.0;7.37
2022;311;365;beauce_5_sa_080;BTH;;7.28;0.0;6.16;-63.57;0.0;160.02;95.37;0.02;0.0;0;0.0;0;-11.84;0.02;0.0;0.0;7.28
2022;1;221;beauce_5_sa_081;BTH;;7.81;0.81;62.08;31.73;87.88;23.77;82.37;0.19;0.03;0;51.71;0;-261.94;0.13;0.06;0.81;7.81
2022;222;271;beauce_5_sa_081;solnu;;3.62;0.0;21.04;-13.87;0.0;82.37;85.79;0.06;0.06;0;0;0;-137.09;0.05;0.01;0.0;3.62
2022;272;365;beauce_5_sa_081;BTH;;6.26;0.0;15.84;-51.6;0.0;86.05;45.35;0.0;0.0;0;0.0;0;-55.43;0.0;0.0;0.0;6.26
2022;1;202;beauce_5_sa_082;BTH;;1.64;0.0;51.52;7.88;55.18;5.63;8.17;0.04;0.0;0;32.47;0;-184.39;0.0;0.04;0.0;1.64
2022;203;316;beauce_5_sa_082;solnu;;1.09;0.0;40.78;-38.56;0.0;8.17;10.43;0.04;0.03;0;0;0;-257.49;0.02;0.02;0.0;1.09
2022;317;365;beauce_5_sa_082;BTH;;0.7;0.0;5.13;-5.49;0.0;10.61;9.66;0.0;0.0;0;0.0;0;-15.69;0.0;0.0;0.0;0.7
2022;1;185;beauce_5_sa_083;BTH;;2.55;0.45;44.91;23.44;90.58;8.58;17.06;0.09;0.02;0;53.3;0;-194.08;0.05;0.04;0.45;2.55
2022;186;277;beauce_5_sa_083;solnu;;1.07;0.0;38.25;-3.69;0.0;17.06;50.44;0.06;0.05;0;0;0;-244.17;0.04;0.02;0.0;1.07
2022;278;365;beauce_5_sa_083;BTH;;2.95;0.0;14.3;-43.34;0.0;50.87;21.6;0.01;0.0;0;0.0;0;-103.24;0.01;0.0;0.0;2.95
2022;1;226;beauce_5_sa_084;BTH;;17.94;1.84;65.49;18.29;135.65;63.74;131.94;0.21;0.02;0;79.82;0;-110.05;0.16;0.05;1.84;17.94
2022;227;316;beauce_5_sa_084;solnu;;5.99;0.0;29.32;-7.75;0.0;131.94;147.3;0.13;0.1;0;0;0;-133.82;0.12;0.01;0.0;5.99
2022;317;365;beauce_5_sa_084;BTH;;6.99;0.0;5.27;-49.7;0.0;147.66;97.62;0.01;0.0;0;0.0;0;-26.91;0.01;0.0;0.0;6.99
2022;1;177;beauce_5_sa_085;BTH;;4.51;0.0;39.97;26.43;69.53;15.57;6.76;0.04;0.0;0;41.31;0;-243.32;0.0;0.04;0.0;4.51
2022;178;296;beauce_5_sa_085;solnu;;1.34;0.0;46.85;-2.97;0.0;6.76;49.26;0.06;0.04;0;0;0;-338.87;0.04;0.03;0.0;1.34
2022;297;365;beauce_5_sa_085;BTH;;2.26;0.0;8.51;-38.63;0.0;49.55;18.29;0.0;0.0;0;0.0;0;-64.49;0.0;0.0;0.0;2.26
2022;1;228;beauce_5_sa_086;BTH;;22.48;0.6;67.26;63.76;146.36;93.68;101.04;0.13;0.0;0;86.94;0;-238.74;0.05;0.08;0.6;22.48
2022;229;313;beauce_5_sa_086;solnu;;7.61;0.0;26.49;-8.2;0.0;101.04;111.54;0.11;0.08;0;0;0;-166.16;0.1;0.01;0.0;7.61
2022;314;365;beauce_5_sa_086;BTH;;5.35;1.13;5.61;-66.82;1.46;111.68;129.82;0.03;0.0;0;0.86;0;-30.84;0.03;0.0;1.13;5.35
2022;1;172;beauce_5_sa_087;BTH;;2.92;0.0;38.96;24.21;59.4;9.73;10.5;0.04;0.0;0;36.72;0;-219.64;0.0;0.04;0.0;2.92
2022;173;264;beauce_5_sa_087;solnu;;0.96;0.0;40.23;-7.2;0.0;10.5;42.47;0.06;0.04;0;0;0;-281.43;0.04;0.02;0.0;0.96
2022;265;365;beauce_5_sa_087;BTH;;2.67;0.0;17.34;-40.09;0.0;42.94;18.89;0.0;0.0;0;0.0;0;-101.39;0.0;0.0;0.0;2.67
2022;1;210;beauce_5_sa_088;BTH;;3.17;1.2;59.11;28.94;149.04;10.97;36.92;0.13;0.03;0;87.7;0;-176.65;0.08;0.05;1.2;3.17
2022;211;279;beauce_5_sa_088;solnu;;1.93;0.0;29.49;-9.32;0.0;36.92;55.04;0.08;0.05;0;0;0;-164.27;0.06;0.01;0.0;1.93
2022;280;365;beauce_5_sa_088;BTH;;3.5;0.0;13.66;-41.53;0.0;55.17;26.15;0.01;0.0;0;0.0;0;-78.05;0.01;0.0;0.0;3.5
2022;1;179;beauce_5_sa_089;BTH;;3.1;0.0;41.25;17.31;59.91;10.35;4.66;0.04;0.0;0;35.25;0;-187.49;0.0;0.04;0.0;3.1
2022;180;302;beauce_5_sa_089;solnu;;1.01;0.0;47.69;-39.51;0.0;4.66;14.96;0.04;0.03;0;0;0;-335.31;0.02;0.02;0.0;1.01
2022;303;365;beauce_5_sa_089;BTH;;1.65;0.0;7.65;-7.63;0.0;15.12;13.34;0.0;0.0;0;0.0;0;-13.79;0.0;0.0;0.0;1.65
2022;1;218;beauce_5_sa_090;BTH;;22.31;1.45;60.6;54.25;97.89;69.95;172.7;0.13;0.01;0;62.02;0;-251.86;0.06;0.07;1.45;22.31
2022;219;269;beauce_5_sa_090;solnu;;8.02;0.0;22.6;-10.63;0.0;172.7;176.47;0.09;0.09;0;0;0;-159.16;0.08;0.01;0.0;8.02
2022;270;365;beauce_5_sa_090;BTH;;13.59;0.0;16.44;-75.97;6.0;176.84;97.34;0.01;0.0;0;3.53;0;-20.43;0.0;0.0;0.0;13.59
2022;1;228;beauce_5_sa_091;BTH;;5.07;0.0;65.06;19.11;62.2;17.41;34.37;0.06;0.0;0;36.6;0;-404.96;0.01;0.05;0.0;5.07
2022;229;314;beauce_5_sa_091;solnu;;2.5;0.0;25.39;-12.93;0.0;34.37;44.24;0.06;0.04;0;0;0;-171.42;0.05;0.01;0.0;2.5
2022;315;365;beauce_5_sa_091;BTH;;1.61;0.0;5.3;-27.96;0.0;44.49;22.33;0.0;0.0;0;0.0;0;-60.96;0.0;0.0;0.0;1.61
2022;1;214;beauce_5_sa_092;BTH;;2.85;0.16;57.87;20.22;66.96;9.75;30.03;0.05;0.0;0;39.4;0;-266.49;0.0;0.05;0.16;2.85
2022;215;281;beauce_5_sa_092;solnu;;1.65;0.0;27.94;-13.59;0.0;30.03;42.63;0.06;0.04;0;0;0;-180.68;0.05;0.01;0.0;1.65
2022;282;365;beauce_5_sa_092;BTH;;2.38;0.0;12.93;-36.08;0.0;43.19;19.31;0.0;0.0;0;0.0;0;-79.75;0.0;0.0;0.0;2.38
2022;1;206;beauce_5_sa_093;BTH;;17.83;1.37;54.71;52.04;106.65;62.29;146.83;0.07;0.0;0;67.49;0;-270.92;0.0;0.06;1.37;17.83
2022;207;282;beauce_5_sa_093;solnu;;8.08;0.0;31.57;-3.54;0.0;146.83;166.53;0.16;0.09;0;0;0;-208.59;0.14;0.02;0.0;8.08
2022;283;365;beauce_5_sa_093;BTH;;11.11;0.0;12.55;-70.98;7.5;166.96;89.5;0.0;0.0;0;4.41;0;-34.9;0.0;0.0;0.0;11.11
2022;1;216;beauce_5_sa_094;BTH;;5.75;0.0;59.47;20.77;63.41;28.96;40.03;0.08;0.01;0;38.21;0;-248.55;0.03;0.05;0.0;5.75
2022;217;261;beauce_5_sa_094;solnu;;0.78;0.0;21.89;-51.75;0.0;40.03;4.9;0.0;0.0;0;0;0;-135.51;0.0;0.0;0.0;0.78
2022;262;365;beauce_5_sa_094;BTH;;0.63;0.24;18.56;-18.81;1.01;4.9;21.13;0.01;0.0;0;0.59;0;0.95;0.01;0.0;0.24;0.63
2022;1;177;beauce_5_sa_095;BTH;;19.08;1.32;41.52;29.48;98.83;66.11;116.5;0.05;0.0;0;58.15;0;-89.53;0.01;0.04;1.32;19.08
2022;178;282;beauce_5_sa_095;solnu;;5.03;0.0;45.4;-95.42;0.0;116.5;61.45;0.08;0.06;0;0;0;-172.28;0.07;0.02;0.0;5.03
2022;283;365;beauce_5_sa_095;BTH;;5.9;0.0;13.13;18.18;26.96;61.96;59.87;0.03;0.0;0;15.87;0;29.21;0.01;0.02;0.0;5.9
2022;1;190;beauce_5_sa_096;BTH;;14.94;0.0;46.97;21.31;112.46;79.51;19.67;0.07;0.0;0;66.83;0;-143.55;0.02;0.05;0.0;14.94
2022;191;312;beauce_5_sa_096;solnu;;3.35;0.0;44.3;-1.48;0.0;19.67;59.36;0.08;0.03;0;0;0;-261.82;0.05;0.03;0.0;3.35
2022;313;365;beauce_5_sa_096;BTH;;2.27;0.9;5.7;-43.56;0.65;59.55;89.5;0.01;0.0;0;0.38;0;-74.11;0.01;0.0;0.9;2.27
2022;1;184;beauce_5_sa_097;BTH;;1.94;0.0;44.26;14.73;55.43;6.63;8.21;0.04;0.0;0;32.62;0;-186.3;0.0;0.04;0.0;1.94
2022;185;280;beauce_5_sa_097;solnu;;0.87;0.0;39.92;-32.25;0.0;8.21;15.06;0.04;0.04;0;0;0;-253.25;0.03;0.02;0.0;0.87
2022;281;365;beauce_5_sa_097;BTH;;1.66;0.0;13.4;-14.76;0.0;15.06;13.44;0.0;0.0;0;0.0;0;-60.7;0.0;0.0;0.0;1.66
2022;1;186;beauce_5_sa_098;BTH;;9.79;0.93;46.21;30.72;91.83;32.7;77.61;0.07;0.0;0;54.92;0;-152.36;0.03;0.05;0.93;9.79
2022;187;264;beauce_5_sa_098;solnu;;3.35;0.0;35.59;-6.11;0.0;77.61;103.57;0.1;0.07;0;0;0;-212.02;0.08;0.02;0.0;3.35
2022;265;365;beauce_5_sa_098;BTH;;7.31;0.0;17.78;-61.44;1.5;104.06;51.29;0.0;0.0;0;0.88;0;-28.84;0.0;0.0;0.0;7.31
2022;1;203;beauce_5_sa_099;BTH;;23.03;2.19;57.46;44.9;107.04;98.91;234.93;0.11;0.0;0;75.55;0;-228.38;0.05;0.06;2.19;23.03
2022;204;259;beauce_5_sa_099;solnu;;12.34;0.0;28.95;-109.32;0.0;234.93;141.98;0.14;0.09;0;0;0;-91.85;0.14;0.01;0.0;12.34
2022;260;365;beauce_5_sa_099;BTH;;14.39;0.0;20.03;29.83;61.81;142.61;115.56;0.07;0.0;0;36.37;0;41.64;0.04;0.03;0.0;14.39
2023;1;218;beauce_5_sa_000;BTH;;0.3;0.69;55.13;30.3;98.67;7.07;45.26;0.08;0.0;0;58.36;0;-183.72;0.03;0.05;0.69;0.3
2023;219;268;beauce_5_sa_000;solnu;;0.0;0.0;21.97;-64.12;0.0;45.26;4.65;0.0;0.0;0;0;0;-89.24;0.0;0.0;0.0;0.0
2023;269;365;beauce_5_sa_000;BTH;;0.62;0.0;15.29;-14.22;0.0;4.65;5.1;0.0;0.0;0;0.0;0;54.06;0.0;0.0;0.0;0.62
2023;1;201;beauce_5_sa_001;BTH;;0.63;0.67;45.23;8.77;95.74;13.45;21.26;0.04;0.0;0;56.34;0;-39.09;0.01;0.03;0.67;0.63
2023;202;287;beauce_5_sa_001;solnu;;0.0;0.0;33.45;-50.23;0.0;21.26;6.63;0.01;0.0;0;0;0;-151.58;0.0;0.01;0.0;0.0
2023;288;365;beauce_5_sa_001;BTH;;0.48;0.0;9.64;-10.18;0.0;6.63;6.19;0.0;0.0;0;0.0;0;17.66;0.0;0.0;0.0;0.48
2023;1;213;beauce_5_sa_002;BTH;;3.3;1.85;51.16;25.08;150.68;71.12;131.56;0.08;0.0;0;88.67;0;-18.95;0.03;0.05;1.85;3.3
2023;214;310;beauce_5_sa_002;solnu;;0.0;0.0;34.78;-103.56;0.0;131.56;62.77;0.01;0.0;0;0;0;-74.02;0.0;0.01;0.0;0.0
2023;311;365;beauce_5_sa_002;BTH;;0.82;0.0;6.31;5.24;1.92;62.78;71.53;0.05;0.0;0;1.13;0;48.42;0.04;0.01;0.0;0.82
2023;1;192;beauce_5_sa_003;BTH;;0.66;1.95;39.91;33.94;194.45;15.61;40.62;0.07;0.0;0;115.02;0;-15.63;0.02;0.04;1.95;0.66
2023;193;279;beauce_5_sa_003;solnu;;0.0;0.0;39.03;-72.21;0.0;40.62;7.44;0.01;0.0;0;0;0;-58.13;0.0;0.01;0.0;0.0
2023;280;365;beauce_5_sa_003;BTH;;0.16;0.0;12.25;-11.59;0.0;7.43;7.94;0.0;0.0;0;0.0;0;81.2;0.0;0.0;0.0;0.16
2023;1;227;beauce_5_sa_004;BTH;;1.27;0.0;56.61;19.35;49.88;21.16;45.92;0.05;0.0;0;29.35;0;-289.67;0.0;0.05;0.0;1.27
2023;228;282;beauce_5_sa_004;solnu;;0.0;0.0;17.47;-15.55;0.0;45.92;47.83;0.0;0.0;0;0;0;-115.65;0.0;0.0;0.0;0.0
2023;283;365;beauce_5_sa_004;BTH;;1.35;0.0;9.58;-38.25;9.0;48.04;9.03;0.0;0.0;0;5.3;0;-34.94;0.0;0.0;0.0;1.35
2023;1;179;beauce_5_sa_005;BTH;;0.94;0.13;33.39;10.52;59.99;18.32;10.1;0.03;0.0;0;35.3;0;-146.63;0.0;0.03;0.13;0.94
2023;180;290;beauce_5_sa_005;solnu;;0.0;0.0;39.71;0.14;0.0;10.1;50.12;0.03;0.0;0;0;0;-228.37;0.0;0.03;0.0;0.0
2023;291;365;beauce_5_sa_005;BTH;;1.11;0.0;8.23;-43.58;5.21;50.35;8.46;0.0;0.0;0;3.06;0;-30.17;0.0;0.0;0.0;1.11
2023;1;175;beauce_5_sa_006;BTH;;0.59;0.77;34.69;30.22;91.76;16.69;45.7;0.04;0.0;0;57.01;0;-90.32;0.01;0.04;0.77;0.59
2023;176;283;beauce_5_sa_006;solnu;;0.0;0.0;43.97;-81.28;0.0;45.7;8.4;0.03;0.0;0;0;0;-130.77;0.02;0.01;0.0;0.0
2023;284;365;beauce_5_sa_006;BTH;;1.12;0.0;10.7;-6.59;1.53;8.4;9.86;0.0;0.0;0;0.9;0;39.06;0.0;0.0;0.0;1.12
2023;1;222;beauce_5_sa_007;BTH;;2.29;1.82;55.32;17.63;172.57;49.3;83.89;0.08;0.0;0;101.55;0;31.49;0.03;0.05;1.82;2.29
2023;223;317;beauce_5_sa_007;solnu;;0.0;0.0;31.73;-83.93;0.0;83.89;31.67;0.01;0.0;0;0;0;-88.2;0.0;0.01;0.0;0.0
2023;318;365;beauce_5_sa_007;BTH;;0.69;0.0;5.02;-12.39;0.0;29.73;23.61;0.0;0.0;0;0.0;0;42.97;0.0;0.0;0.0;0.69
2023;1;181;beauce_5_sa_008;BTH;;1.46;0.99;33.7;18.5;147.17;45.93;22.01;0.06;0.0;0;87.71;0;14.69;0.03;0.03;0.99;1.46
2023;182;296;beauce_5_sa_008;solnu;;0.0;0.0;42.14;-50.13;0.0;22.01;17.23;0.02;0.0;0;0;0;-159.08;0.0;0.02;0.0;0.0
2023;297;365;beauce_5_sa_008;BTH;;0.83;0.32;8.09;-15.06;2.67;17.23;30.99;0.01;0.0;0;1.57;0;38.31;0.01;0.0;0.32;0.83
2023;1;176;beauce_5_sa_009;BTH;;0.14;0.17;33.49;14.16;60.27;2.96;2.71;0.03;0.0;0;35.46;0;-80.28;0.0;0.03;0.17;0.14
2023;177;296;beauce_5_sa_009;solnu;;0.0;0.0;43.38;-45.86;0.0;2.71;1.7;0.01;0.0;0;0;0;-204.87;0.0;0.01;0.0;0.0
2023;297;365;beauce_5_sa_009;BTH;;0.19;0.0;7.88;-7.93;0.0;1.63;1.46;0.0;0.0;0;0.0;0;4.67;0.0;0.0;0.0;0.19
2023;1;210;beauce_5_sa_010;BTH;;1.23;1.27;53.59;38.68;139.18;30.42;77.06;0.14;0.0;0;85.9;0;-193.48;0.08;0.06;1.27;1.23
2023;211;260;beauce_5_sa_010;solnu;;0.0;0.0;25.31;-83.97;0.0;77.06;18.4;0.0;0.0;0;0;0;-44.65;0.0;0.0;0.0;0.0
2023;261;365;beauce_5_sa_010;BTH;;2.23;0.0;19.51;-2.23;9.34;18.42;24.1;0.02;0.0;0;5.5;0;63.21;0.01;0.01;0.0;2.23
2023;1;188;beauce_5_sa_011;BTH;;0.88;0.0;37.97;5.99;48.86;13.92;8.12;0.03;0.0;0;28.75;0;-147.83;0.0;0.03;0.0;0.88
2023;189;298;beauce_5_sa_011;solnu;;0.0;0.0;37.13;-6.05;0.0;8.12;39.18;0.02;0.0;0;0;0;-201.71;0.0;0.02;0.0;0.0
2023;299;365;beauce_5_sa_011;BTH;;0.79;0.0;7.1;-39.47;0.0;39.36;6.02;0.0;0.0;0;0.0;0;-21.79;0.0;0.0;0.0;0.79
2023;1;203;beauce_5_sa_012;BTH;;2.89;1.97;45.79;18.42;181.42;62.3;89.86;0.07;0.0;0;106.76;0;6.63;0.02;0.04;1.97;2.89
2023;204;302;beauce_5_sa_012;solnu;;0.0;0.0;36.25;-1.63;0.0;89.86;124.45;0.02;0.0;0;0;0;-129.71;0.0;0.02;0.0;0.0
2023;303;365;beauce_5_sa_012;BTH;;0.77;0.0;7.36;-88.82;3.54;124.67;38.65;0.02;0.0;0;2.09;0;28.38;0.02;0.0;0.0;0.77
2023;1;180;beauce_5_sa_013;BTH;;0.81;0.33;34.43;3.61;68.31;15.66;9.63;0.02;0.0;0;40.2;0;-41.07;0.0;0.02;0.33;0.81
2023;181;307;beauce_5_sa_013;solnu;;0.0;0.0;43.28;-44.91;0.0;9.63;8.37;0.02;0.0;0;0;0;-183.54;0.0;0.02;0.0;0.0
2023;308;365;beauce_5_sa_013;BTH;;0.97;0.0;6.25;-6.68;0.0;8.37;7.5;0.0;0.0;0;0.0;0;-5.83;0.0;0.0;0.0;0.97
2023;1;220;beauce_5_sa_014;BTH;;0.77;0.0;53.18;8.3;47.73;12.56;25.5;0.04;0.0;0;28.09;0;-184.89;0.0;0.04;0.0;0.77
2023;221;301;beauce_5_sa_014;solnu;;0.0;0.0;24.88;-44.7;0.0;25.5;6.05;0.01;0.0;0;0;0;-150.37;0.0;0.01;0.0;0.0
2023;302;365;beauce_5_sa_014;BTH;;0.71;0.0;6.93;-7.17;0.0;5.9;5.28;0.0;0.0;0;0.0;0;-11.25;0.0;0.0;0.0;0.71
2023;1;219;beauce_5_sa_015;BTH;;0.98;0.0;51.94;16.63;50.35;16.27;33.47;0.04;0.0;0;29.63;0;-237.16;0.0;0.04;0.0;0.98
2023;220;290;beauce_5_sa_015;solnu;;0.0;0.0;23.12;-13.83;0.0;33.47;42.74;0.01;0.0;0;0;0;-148.78;0.0;0.01;0.0;0.0
2023;291;365;beauce_5_sa_015;BTH;;1.0;0.0;8.33;-38.26;4.95;42.93;6.88;0.0;0.0;0;2.91;0;-27.22;0.0;0.0;0.0;1.0
2023;1;228;beauce_5_sa_016;BTH;;4.44;2.17;63.78;30.58;160.04;95.77;187.74;0.13;0.0;0;94.18;0;-41.63;0.08;0.06;2.17;4.44
2023;229;286;beauce_5_sa_016;solnu;;0.0;0.0;22.98;-84.87;0.0;187.74;125.83;0.01;0.0;0;0;0;-80.36;0.0;0.01;0.0;0.0
2023;287;365;beauce_5_sa_016;BTH;;3.09;0.0;10.68;-18.29;20.17;123.65;94.9;0.06;0.0;0;11.87;0;82.66;0.05;0.01;0.0;3.09
2023;1;194;beauce_5_sa_017;BTH;;0.71;0.61;40.42;-3.17;86.65;13.04;8.56;0.03;0.0;0;50.99;0;-7.11;0.01;0.02;0.61;0.71
2023;195;310;beauce_5_sa_017;solnu;;0.0;0.0;38.28;-40.47;0.0;8.56;6.34;0.02;0.0;0;0;0;-126.73;0.0;0.02;0.0;0.0
2023;311;365;beauce_5_sa_017;BTH;;0.3;0.0;5.9;-7.54;0.0;6.26;5.98;0.0;0.0;0;0.0;0;-21.39;0.0;0.0;0.0;0.3
2023;1;198;beauce_5_sa_018;BTH;;0.06;0.78;45.82;21.64;108.69;4.69;21.65;0.07;0.0;0;67.48;0;-112.8;0.03;0.04;0.78;0.06
2023;199;259;beauce_5_sa_018;solnu;;0.0;0.0;29.82;-56.41;0.0;21.65;2.44;0.0;0.0;0;0;0;-178.38;0.0;0.0;0.0;0.0
2023;260;365;beauce_5_sa_018;BTH;;0.28;0.0;18.69;-13.4;3.23;2.32;4.22;0.0;0.0;0;1.9;0;63.8;0.0;0.0;0.0;0.28
2023;1;222;beauce_5_sa_019;BTH;;0.93;0.0;54.17;6.41;43.45;14.49;30.65;0.04;0.0;0;25.57;0;-203.16;0.0;0.04;0.0;0.93
2023;223;296;beauce_5_sa_019;solnu;;0.0;0.0;23.23;-15.79;0.0;30.65;38.08;0.01;0.0;0;0;0;-117.56;0.0;0.01;0.0;0.0
2023;297;365;beauce_5_sa_019;BTH;;0.87;0.0;7.59;-38.62;0.0;38.34;6.18;0.0;0.0;0;0.0;0;-13.93;0.0;0.0;0.0;0.87
2023;1;195;beauce_5_sa_020;BTH;;1.11;1.91;39.45;7.58;197.26;23.89;15.6;0.04;0.0;0;116.07;0;85.61;0.01;0.03;1.91;1.11
2023;196;300;beauce_5_sa_020;solnu;;0.0;0.0;36.66;-41.65;0.0;15.6;11.6;0.02;0.0;0;0;0;-81.66;0.0;0.02;0.0;0.0
2023;301;365;beauce_5_sa_020;BTH;;0.0;0.0;7.56;-8.17;0.0;11.6;11.73;0.0;0.0;0;0.0;0;25.49;0.0;0.0;0.0;0.0
2023;1;230;beauce_5_sa_021;BTH;;1.28;0.33;59.92;2.92;66.72;20.91;40.96;0.04;0.0;0;39.26;0;-171.15;0.0;0.04;0.33;1.28
2023;231;312;beauce_5_sa_021;solnu;;0.0;0.0;23.47;-42.55;0.0;40.96;21.87;0.01;0.0;0;0;0;-100.95;0.0;0.01;0.0;0.0
2023;313;365;beauce_5_sa_021;BTH;;0.72;0.0;5.48;-17.55;0.0;19.39;9.36;0.0;0.0;0;0.0;0;-3.01;0.0;0.0;0.0;0.72
2023;1;198;beauce_5_sa_022;BTH;;5.42;1.72;44.27;45.26;138.23;128.61;203.26;0.11;0.0;0;88.0;0;-25.89;0.06;0.05;1.72;5.42
2023;199;280;beauce_5_sa_022;solnu;;0.0;0.0;33.88;-4.25;0.0;203.26;232.88;0.02;0.0;0;0;0;-162.41;0.0;0.02;0.0;0.0
2023;281;365;beauce_5_sa_022;BTH;;6.94;0.35;10.8;-91.77;29.17;233.33;141.96;0.08;0.0;0;17.17;0;40.12;0.08;0.0;0.35;6.94
2023;1;206;beauce_5_sa_023;BTH;;0.84;0.79;47.34;9.42;107.24;15.94;23.5;0.07;0.0;0;63.1;0;-29.48;0.03;0.04;0.79;0.84
2023;207;315;beauce_5_sa_023;solnu;;0.0;0.0;33.2;-47.14;0.0;23.5;12.17;0.01;0.0;0;0;0;-187.03;0.0;0.01;0.0;0.0
2023;316;365;beauce_5_sa_023;BTH;;1.34;0.0;5.07;-7.59;0.0;12.12;10.8;0.0;0.0;0;0.0;0;-19.81;0.0;0.0;0.0;1.34
2023;1;208;beauce_5_sa_024;BTH;;0.97;0.44;48.68;17.82;82.58;20.82;36.87;0.05;0.0;0;48.59;0;-160.17;0.01;0.04;0.44;0.97
2023;209;272;beauce_5_sa_024;solnu;;0.0;0.0;26.06;-12.49;0.0;36.87;50.44;0.01;0.0;0;0;0;-133.25;0.0;0.01;0.0;0.0
2023;273;365;beauce_5_sa_024;BTH;;1.29;0.0;12.27;-49.01;3.0;50.78;9.73;0.0;0.0;0;1.77;0;-25.76;0.0;0.0;0.0;1.29
2023;1;193;beauce_5_sa_025;BTH;;0.75;0.0;40.89;10.91;47.47;12.48;16.02;0.03;0.0;0;27.93;0;-145.78;0.0;0.03;0.0;0.75
2023;194;280;beauce_5_sa_025;solnu;;0.0;0.0;33.5;-43.52;0.0;16.02;6.25;0.01;0.0;0;0;0;-174.38;0.0;0.01;0.0;0.0
2023;281;365;beauce_5_sa_025;BTH;;0.82;0.0;10.49;-10.5;0.0;6.26;5.43;0.0;0.0;0;0.0;0;-12.44;0.0;0.0;0.0;0.82
2023;1;221;beauce_5_sa_026;BTH;;9.15;2.46;58.72;46.21;189.31;263.35;354.13;0.22;0.0;0;111.78;0;-50.55;0.16;0.06;2.46;9.15
2023;222;278;beauce_5_sa_026;solnu;;0.0;0.0;26.14;-104.71;0.0;354.13;275.55;0.0;0.0;0;0;0;-56.85;0.0;0.0;0.0;0.0
2023;279;365;beauce_5_sa_026;BTH;;9.23;1.05;13.22;15.82;32.36;275.73;341.51;0.14;0.0;0;19.04;0;96.39;0.12;0.02;1.05;9.23
2023;1;208;beauce_5_sa_027;BTH;;1.34;0.86;47.7;26.68;116.61;28.15;48.66;0.07;0.0;0;68.62;0;-138.86;0.02;0.05;0.86;1.34
2023;209;285;beauce_5_sa_027;solnu;;0.0;0.0;27.5;-9.23;0.0;48.66;66.92;0.01;0.0;0;0;0;-155.3;0.0;0.01;0.0;0.0
2023;286;365;beauce_5_sa_027;BTH;;1.99;0.0;9.21;-53.3;7.5;67.1;15.07;0.0;0.0;0;4.41;0;-33.86;0.0;0.0;0.0;1.99
2023;1;223;beauce_5_sa_028;BTH;;6.95;2.01;55.31;44.83;131.7;149.89;261.48;0.08;0.0;0;77.5;0;-175.88;0.02;0.06;2.01;6.95
2023;224;314;beauce_5_sa_028;solnu;;0.0;0.0;28.62;-3.78;0.0;261.48;286.3;0.02;0.0;0;0;0;-151.99;0.0;0.02;0.0;0.0
2023;315;365;beauce_5_sa_028;BTH;;6.37;0.0;5.22;-84.69;1.06;286.54;199.29;0.11;0.0;0;0.62;0;-3.08;0.11;0.0;0.0;6.37
2023;1;226;beauce_5_sa_029;BTH;;1.62;0.14;57.42;16.33;55.4;22.36;49.4;0.05;0.0;0;32.6;0;-222.58;0.01;0.04;0.14;1.62
2023;227;268;beauce_5_sa_029;solnu;;0.0;0.0;14.87;-16.27;0.0;49.4;48.01;0.0;0.0;0;0;0;-106.72;0.0;0.0;0.0;0.0
2023;269;365;beauce_5_sa_029;BTH;;1.56;0.0;13.26;-45.13;4.51;48.4;10.25;0.0;0.0;0;2.65;0;-14.92;0.0;0.0;0.0;1.56
2023;1;177;beauce_5_sa_030;BTH;;0.41;0.0;33.39;16.94;52.97;7.86;4.78;0.03;0.0;0;31.17;0;-132.48;0.0;0.03;0.0;0.41
2023;178;289;beauce_5_sa_030;solnu;;0.0;0.0;41.13;-42.57;0.0;4.78;4.12;0.01;0.0;0;0;0;-228.74;0.0;0.01;0.0;0.0
2023;290;365;beauce_5_sa_030;BTH;;0.53;0.0;8.8;-8.72;0.0;4.1;3.67;0.0;0.0;0;0.0;0;-14.88;0.0;0.0;0.0;0.53
2023;1;211;beauce_5_sa_031;BTH;;1.42;0.0;50.31;20.46;49.54;19.5;39.26;0.05;0.0;0;29.15;0;-226.37;0.01;0.04;0.0;1.42
2023;212;261;beauce_5_sa_031;solnu;;0.0;0.0;19.85;-43.54;0.0;39.26;15.57;0.0;0.0;0;0;0;-128.88;0.0;0.0;0.0;0.0
2023;262;365;beauce_5_sa_031;BTH;;1.45;0.0;15.6;-20.4;0.0;13.6;9.32;0.0;0.0;0;0.0;0;-33.47;0.0;0.0;0.0;1.45
2023;1;171;beauce_5_sa_032;BTH;;5.19;1.38;32.09;-3.38;103.0;100.95;123.43;0.05;0.0;0;60.61;0;1.47;0.03;0.02;1.38;5.19
2023;172;311;beauce_5_sa_032;solnu;;0.0;0.0;45.03;8.1;0.0;123.43;176.9;0.03;0.0;0;0;0;-147.33;0.0;0.03;0.0;0.0
2023;312;365;beauce_5_sa_032;BTH;;3.76;0.0;5.84;-81.71;1.68;177.18;95.54;0.05;0.0;0;0.99;0;7.97;0.05;0.0;0.0;3.76
2023;1;182;beauce_5_sa_033;BTH;;7.22;2.39;36.55;46.89;147.49;153.36;261.31;0.09;0.0;0;103.95;0;-99.24;0.04;0.05;2.39;7.22
2023;183;266;beauce_5_sa_033;solnu;;0.0;0.0;35.85;-0.53;0.0;261.31;290.73;0.05;0.0;0;0;0;-176.88;0.02;0.02;0.0;0.0
2023;267;365;beauce_5_sa_033;BTH;;7.95;0.0;14.26;-83.35;55.42;291.03;158.17;0.09;0.0;0;32.61;0;31.59;0.08;0.01;0.0;7.95
2023;1;223;beauce_5_sa_034;BTH;;0.98;0.0;54.81;12.88;102.31;18.36;33.91;0.07;0.0;0;60.2;0;-84.52;0.03;0.05;0.0;0.98
2023;224;313;beauce_5_sa_034;solnu;;0.0;0.0;25.9;-50.33;0.0;33.91;12.33;0.01;0.0;0;0;0;-161.86;0.0;0.01;0.0;0.0
2023;314;365;beauce_5_sa_034;BTH;;1.39;0.68;5.35;-7.13;0.0;12.48;10.95;0.0;0.0;0;0.0;0;-20.52;0.0;0.0;0.68;1.39
2023;1;216;beauce_5_sa_035;BTH;;2.47;1.05;54.07;27.21;83.95;51.36;124.78;0.08;0.0;0;49.4;0;-113.22;0.03;0.05;1.05;2.47
2023;217;288;beauce_5_sa_035;solnu;;0.0;0.0;26.26;-63.43;0.0;124.78;87.61;0.01;0.0;0;0;0;-119.97;0.0;0.01;0.0;0.0
2023;289;365;beauce_5_sa_035;BTH;;4.02;0.0;9.47;-27.45;15.63;85.56;49.93;0.03;0.0;0;9.2;0;35.55;0.03;0.0;0.0;4.02
2023;1;178;beauce_5_sa_036;BTH;;0.99;0.84;33.46;3.88;108.02;21.41;11.4;0.03;0.0;0;63.57;0;7.56;0.01;0.03;0.84;0.99
2023;179;293;beauce_5_sa_036;solnu;;0.0;0.0;42.18;-5.32;0.0;11.4;48.44;0.02;0.0;0;0;0;-147.42;0.0;0.02;0.0;0.0
2023;294;365;beauce_5_sa_036;BTH;;0.82;0.0;8.21;-47.54;0.0;48.76;10.57;0.0;0.0;0;0.0;0;-30.97;0.0;0.0;0.0;0.82
2023;1;222;beauce_5_sa_037;BTH;;5.17;2.04;55.8;53.28;200.79;108.93;205.82;0.23;0.0;0;119.04;0;-167.23;0.17;0.07;2.04;5.17
2023;223;278;beauce_5_sa_037;solnu;;0.0;0.0;23.97;-7.78;0.0;205.82;221.99;0.01;0.0;0;0;0;-131.28;0.0;0.01;0.0;0.0
2023;279;365;beauce_5_sa_037;BTH;;3.79;0.55;11.71;-79.71;32.27;222.56;158.82;0.06;0.0;0;18.99;0;18.05;0.06;0.01;0.55;3.79
2023;1;171;beauce_5_sa_038;BTH;;1.01;0.6;32.19;15.2;99.79;21.41;12.57;0.04;0.0;0;58.72;0;-87.39;0.01;0.03;0.6;1.01
2023;172;270;beauce_5_sa_038;solnu;;0.0;0.0;38.93;-2.14;0.0;12.57;49.34;0.02;0.0;0;0;0;-193.36;0.0;0.02;0.0;0.0
2023;271;365;beauce_5_sa_038;BTH;;1.23;0.0;12.24;-49.26;3.0;49.76;9.53;0.0;0.0;0;1.77;0;-51.29;0.0;0.0;0.0;1.23
2023;1;228;beauce_5_sa_039;BTH;;2.58;1.11;60.88;22.6;104.06;49.85;109.9;0.08;0.0;0;61.23;0;-132.91;0.03;0.05;1.11;2.58
2023;229;298;beauce_5_sa_039;solnu;;0.0;0.0;22.43;-105.49;0.0;109.9;26.84;0.0;0.0;0;0;0;-43.49;0.0;0.0;0.0;0.0
2023;299;365;beauce_5_sa_039;BTH;;2.92;0.0;7.89;7.53;4.62;26.89;34.7;0.02;0.0;0;2.72;0;44.61;0.01;0.01;0.0;2.92
2023;1;193;beauce_5_sa_040;BTH;;1.15;0.0;40.01;22.73;55.07;18.87;25.34;0.05;0.0;0;32.41;0;-226.94;0.01;0.04;0.0;1.15
2023;194;271;beauce_5_sa_040;solnu;;0.0;0.0;30.5;-8.82;0.0;25.34;47.0;0.02;0.0;0;0;0;-194.67;0.0;0.02;0.0;0.0
2023;272;365;beauce_5_sa_040;BTH;;1.33;0.0;11.65;-40.96;7.51;47.19;8.87;0.0;0.0;0;4.42;0;-54.06;0.0;0.0;0.0;1.33
2023;1;186;beauce_5_sa_041;BTH;;4.64;2.32;38.13;32.75;168.7;97.53;168.47;0.09;0.0;0;99.27;0;43.82;0.05;0.04;2.32;4.64
2023;187;287;beauce_5_sa_041;solnu;;0.0;0.0;40.13;-52.72;0.0;168.47;155.85;0.03;0.0;0;0;0;-131.2;0.0;0.02;0.0;0.0
2023;288;365;beauce_5_sa_041;BTH;;2.98;0.0;9.84;-37.43;18.62;153.4;106.6;0.06;0.0;0;10.96;0;72.88;0.06;0.0;0.0;2.98
2023;1;192;beauce_5_sa_042;BTH;;8.43;3.19;42.48;33.8;175.79;165.0;296.07;0.2;0.0;0;111.58;0;-2.43;0.16;0.05;3.19;8.43
2023;193;261;beauce_5_sa_042;solnu;;0.0;0.0;32.62;-3.23;0.0;296.07;325.44;0.02;0.0;0;0;0;-118.32;0.0;0.02;0.0;0.0
2023;262;365;beauce_5_sa_042;BTH;;7.51;0.0;16.68;-79.03;65.85;325.7;189.64;0.09;0.0;0;38.75;0;65.05;0.08;0.01;0.0;7.51
2023;1;221;beauce_5_sa_043;BTH;;1.38;0.86;57.99;38.69;79.92;36.95;116.54;0.13;0.0;0;62.27;0;-309.29;0.07;0.06;0.86;1.38
2023;222;264;beauce_5_sa_043;solnu;;0.0;0.0;20.55;-108.37;0.0;116.54;28.72;0.0;0.0;0;0;0;-75.77;0.0;0.0;0.0;0.0
2023;265;365;beauce_5_sa_043;BTH;;2.82;0.0;17.66;20.47;32.57;28.9;31.42;0.03;0.0;0;19.16;0;40.82;0.01;0.02;0.0;2.82
2023;1;219;beauce_5_sa_044;BTH;;1.36;1.21;51.23;25.84;152.09;26.37;40.68;0.09;0.0;0;89.5;0;-131.63;0.04;0.05;1.21;1.36
2023;220;316;beauce_5_sa_044;solnu;;0.0;0.0;30.39;-53.9;0.0;40.68;19.81;0.01;0.0;0;0;0;-182.56;0.0;0.01;0.0;0.0
2023;317;365;beauce_5_sa_044;BTH;;0.92;0.0;4.75;-5.02;0.0;19.81;19.06;0.0;0.0;0;0.0;0;-2.05;0.0;0.0;0.0;0.92
2023;1;196;beauce_5_sa_045;BTH;;0.54;0.21;41.77;8.68;65.9;10.38;10.45;0.03;0.0;0;38.78;0;-97.14;0.0;0.03;0.21;0.54
2023;197;296;beauce_5_sa_045;solnu;;0.0;0.0;35.2;-42.89;0.0;10.45;5.05;0.01;0.0;0;0;0;-188.55;0.0;0.01;0.0;0.0
2023;297;365;beauce_5_sa_045;BTH;;0.63;0.0;7.8;-8.17;0.0;4.99;4.4;0.0;0.0;0;0.0;0;-0.16;0.0;0.0;0.0;0.63
2023;1;223;beauce_5_sa_046;BTH;;1.26;0.0;56.29;23.9;78.45;25.71;51.26;0.08;0.0;0;46.17;0;-220.27;0.03;0.05;0.0;1.26
2023;224;262;beauce_5_sa_046;solnu;;0.0;0.0;16.43;-16.52;0.0;51.26;51.17;0.0;0.0;0;0;0;-105.25;0.0;0.0;0.0;0.0
2023;263;365;beauce_5_sa_046;BTH;;1.99;0.34;15.81;-52.27;1.86;51.52;36.4;0.01;0.0;0;1.09;0;-31.42;0.01;0.0;0.34;1.99
2023;1;170;beauce_5_sa_047;BTH;;4.23;1.59;30.35;7.69;202.2;89.7;90.27;0.07;0.0;0;118.98;0;21.4;0.04;0.03;1.59;4.23
2023;171;312;beauce_5_sa_047;solnu;;0.0;0.0;39.41;8.5;0.0;90.27;138.44;0.03;0.0;0;0;0;-111.61;0.0;0.03;0.0;0.0
2023;313;365;beauce_5_sa_047;BTH;;1.37;0.68;5.67;-81.03;1.02;138.66;111.67;0.03;0.0;0;0.6;0;15.24;0.03;0.0;0.68;1.37
2023;1;211;beauce_5_sa_048;BTH;;7.3;2.8;52.05;52.33;171.75;157.23;292.0;0.15;0.0;0;101.07;0;-110.64;0.09;0.06;2.8;7.3
2023;212;276;beauce_5_sa_048;solnu;;0.0;0.0;28.56;-84.8;0.0;292.0;235.74;0.02;0.0;0;0;0;-134.5;0.01;0.01;0.0;0.0
2023;277;365;beauce_5_sa_048;BTH;;6.68;0.0;12.98;-2.37;37.02;232.96;202.53;0.12;0.0;0;21.78;0;55.87;0.11;0.01;0.0;6.68
2023;1;231;beauce_5_sa_049;BTH;;0.2;0.0;60.62;22.27;46.64;3.37;39.37;0.05;0.0;0;27.44;0;-289.35;0.0;0.05;0.0;0.2
2023;232;274;beauce_5_sa_049;solnu;;0.0;0.0;15.25;-52.52;0.0;39.37;2.24;0.0;0.0;0;0;0;-65.79;0.0;0.0;0.0;0.0
2023;275;365;beauce_5_sa_049;BTH;;0.29;0.0;12.93;-12.92;0.0;2.17;1.97;0.0;0.0;0;0.0;0;8.72;0.0;0.0;0.0;0.29
2023;1;201;beauce_5_sa_050;BTH;;0.57;0.0;44.94;6.56;47.79;9.43;12.54;0.03;0.0;0;28.12;0;-147.58;0.0;0.03;0.0;0.57
2023;202;306;beauce_5_sa_050;solnu;;0.0;0.0;33.05;-41.36;0.0;12.54;4.49;0.01;0.0;0;0;0;-167.04;0.0;0.01;0.0;0.0
2023;307;365;beauce_5_sa_050;BTH;;0.53;0.0;6.35;-6.35;0.0;4.61;4.04;0.0;0.0;0;0.0;0;-9.99;0.0;0.0;0.0;0.53
2023;1;210;beauce_5_sa_051;BTH;;2.47;0.65;51.22;35.39;108.25;65.2;89.71;0.12;0.0;0;64.87;0;-145.57;0.07;0.05;0.65;2.47
2023;211;263;beauce_5_sa_051;solnu;;0.0;0.0;22.7;-13.92;0.0;89.71;98.48;0.01;0.0;0;0;0;-131.68;0.0;0.01;0.0;0.0
2023;264;365;beauce_5_sa_051;BTH;;4.34;0.32;15.44;-76.85;13.19;98.82;43.2;0.02;0.0;0;7.76;0;11.78;0.02;0.0;0.32;4.34
2023;1;202;beauce_5_sa_052;BTH;;0.2;0.26;47.58;22.61;71.8;7.14;25.1;0.07;0.0;0;45.68;0;-207.32;0.02;0.04;0.26;0.2
2023;203;260;beauce_5_sa_052;solnu;;0.0;0.0;26.41;-53.22;0.0;25.1;3.54;0.0;0.0;0;0;0;-172.95;0.0;0.0;0.0;0.0
2023;261;365;beauce_5_sa_052;BTH;;0.47;0.0;17.8;-12.57;3.23;3.47;5.07;0.0;0.0;0;1.9;0;12.43;0.0;0.0;0.0;0.47
2023;1;220;beauce_5_sa_053;BTH;;0.97;0.27;54.0;15.39;68.01;17.78;38.15;0.06;0.0;0;40.02;0;-169.08;0.01;0.04;0.27;0.97
2023;221;276;beauce_5_sa_053;solnu;;0.0;0.0;20.85;-49.05;0.0;38.15;10.15;0.0;0.0;0;0;0;-123.71;0.0;0.0;0.0;0.0
2023;277;365;beauce_5_sa_053;BTH;;1.32;0.0;11.7;-12.48;0.0;10.06;8.77;0.0;0.0;0;0.0;0;-12.36;0.0;0.0;0.0;1.32
2023;1;175;beauce_5_sa_054;BTH;;5.05;1.68;33.52;21.91;107.21;108.52;176.25;0.04;0.0;0;68.85;0;-46.54;0.01;0.03;1.68;5.05
2023;176;288;beauce_5_sa_054;solnu;;0.0;0.0;42.34;7.82;0.0;176.25;226.8;0.06;0.0;0;0;0;-190.04;0.03;0.03;0.0;0.0
2023;289;365;beauce_5_sa_054;BTH;;6.44;0.0;8.98;-87.56;15.6;227.07;126.12;0.07;0.0;0;9.18;0;9.47;0.07;0.0;0.0;6.44
2023;1;199;beauce_5_sa_055;BTH;;3.34;1.29;44.62;24.27;105.41;68.96;125.93;0.07;0.0;0;62.02;0;-37.53;0.03;0.04;1.29;3.34
2023;200;306;beauce_5_sa_055;solnu;;0.0;0.0;37.14;-62.0;0.0;125.93;101.06;0.02;0.0;0;0;0;-153.63;0.0;0.02;0.0;0.0
2023;307;365;beauce_5_sa_055;BTH;;3.62;0.0;6.7;-29.07;2.67;99.01;72.35;0.05;0.0;0;1.57;0;33.41;0.05;0.0;0.0;3.62
2023;1;192;beauce_5_sa_056;BTH;;2.99;1.2;42.31;23.96;119.15;59.87;93.57;0.12;0.0;0;71.25;0;-91.29;0.08;0.04;1.2;2.99
2023;193;260;beauce_5_sa_056;solnu;;0.0;0.0;30.31;-7.87;0.0;93.57;116.0;0.02;0.0;0;0;0;-140.19;0.0;0.02;0.0;0.0
2023;261;365;beauce_5_sa_056;BTH;;5.08;0.0;16.21;-78.25;17.14;116.49;31.73;0.0;0.0;0;10.09;0;17.27;0.0;0.0;0.0;5.08
2023;1;178;beauce_5_sa_057;BTH;;2.54;0.81;36.1;24.78;79.44;53.35;92.5;0.04;0.0;0;46.75;0;-86.65;0.0;0.04;0.81;2.54
2023;179;268;beauce_5_sa_057;solnu;;0.16;0.0;38.1;-52.74;0.0;92.5;77.66;0.05;0.0;0;0;0;-187.51;0.03;0.02;0.0;0.16
2023;269;365;beauce_5_sa_057;BTH;;4.34;0.0;13.85;-25.89;26.67;73.15;34.6;0.01;0.0;0;15.69;0;24.09;0.0;0.01;0.0;4.34
2023;1;210;beauce_5_sa_058;BTH;;1.27;0.91;50.2;23.02;120.06;26.63;46.25;0.06;0.0;0;70.65;0;-132.07;0.01;0.04;0.91;1.27
2023;211;267;beauce_5_sa_058;solnu;;0.0;0.0;24.82;-11.45;0.0;46.25;59.6;0.01;0.0;0;0;0;-119.62;0.0;0.01;0.0;0.0
2023;268;365;beauce_5_sa_058;BTH;;1.67;0.0;14.46;-55.91;4.5;60.23;12.92;0.0;0.0;0;2.65;0;-26.01;0.0;0.0;0.0;1.67
2023;1;217;beauce_5_sa_059;BTH;;3.88;1.48;54.64;27.41;108.1;79.03;160.14;0.08;0.0;0;63.61;0;-62.36;0.03;0.05;1.48;3.88
2023;218;309;beauce_5_sa_059;solnu;;0.0;0.0;30.43;-68.23;0.0;160.14;122.33;0.01;0.0;0;0;0;-122.99;0.0;0.01;0.0;0.0
2023;310;365;beauce_5_sa_059;BTH;;4.35;0.0;6.31;-29.62;2.13;120.31;92.47;0.06;0.0;0;1.25;0;36.07;0.06;0.0;0.0;4.35
2023;1;221;beauce_5_sa_060;BTH;;3.88;1.11;55.87;19.06;84.5;69.16;139.03;0.07;0.0;0;49.72;0;-79.96;0.03;0.05;1.11;3.88
2023;222;313;beauce_5_sa_060;solnu;;0.0;0.0;28.73;-55.97;0.0;139.03;111.77;0.01;0.0;0;0;0;-121.93;0.0;0.01;0.0;0.0
2023;314;365;beauce_5_sa_060;BTH;;4.16;0.0;5.58;-33.65;1.32;108.96;78.16;0.06;0.0;0;0.78;0;20.94;0.06;0.0;0.0;4.16
2023;1;223;beauce_5_sa_061;BTH;;1.28;1.05;55.59;15.07;126.41;24.97;46.7;0.09;0.0;0;74.38;0;-71.03;0.04;0.05;1.05;1.28
2023;224;291;beauce_5_sa_061;solnu;;0.0;0.0;25.42;-54.76;0.0;46.7;18.13;0.01;0.0;0;0;0;-134.56;0.0;0.01;0.0;0.0
2023;292;365;beauce_5_sa_061;BTH;;1.03;0.0;8.9;-11.8;0.0;18.25;17.19;0.0;0.0;0;0.0;0;-16.76;0.0;0.0;0.0;1.03
2023;1;176;beauce_5_sa_062;BTH;;2.5;1.14;33.94;19.4;108.89;54.0;79.79;0.05;0.0;0;64.08;0;-18.46;0.01;0.03;1.14;2.5
2023;177;294;beauce_5_sa_062;solnu;;0.0;0.0;44.14;-92.35;0.0;79.79;31.74;0.03;0.0;0;0;0;-139.85;0.01;0.02;0.0;0.0
2023;295;365;beauce_5_sa_062;BTH;;1.77;0.0;8.53;6.1;6.95;31.64;37.64;0.02;0.0;0;4.09;0;45.82;0.01;0.01;0.0;1.77
2023;1;176;beauce_5_sa_063;BTH;;0.76;0.59;33.02;3.72;87.05;16.41;9.8;0.02;0.0;0;51.22;0;-5.0;0.0;0.02;0.59;0.76
2023;177;299;beauce_5_sa_063;solnu;;0.0;0.0;43.49;-44.84;0.0;9.8;9.04;0.02;0.0;0;0;0;-159.39;0.0;0.02;0.0;0.0
2023;300;365;beauce_5_sa_063;BTH;;0.5;0.0;7.37;-8.29;0.0;8.97;8.56;0.0;0.0;0;0.0;0;-2.73;0.0;0.0;0.0;0.5
2023;1;185;beauce_5_sa_064;BTH;;0.5;0.0;37.57;9.6;49.23;9.12;6.52;0.03;0.0;0;28.97;0;-117.05;0.0;0.03;0.0;0.5
2023;186;288;beauce_5_sa_064;solnu;;0.0;0.0;37.83;-41.85;0.0;6.52;4.36;0.01;0.0;0;0;0;-207.24;0.0;0.01;0.0;0.0
2023;289;365;beauce_5_sa_064;BTH;;0.57;0.0;9.08;-9.08;0.0;4.37;3.79;0.0;0.0;0;0.0;0;-4.88;0.0;0.0;0.0;0.57
2023;1;194;beauce_5_sa_065;BTH;;0.59;1.62;43.68;30.95;162.27;12.32;44.97;0.11;0.0;0;95.48;0;-9.56;0.07;0.04;1.62;0.59
2023;195;266;beauce_5_sa_065;solnu;;0.0;0.0;33.02;-68.79;0.0;44.97;9.19;0.01;0.0;0;0;0;-97.31;0.0;0.01;0.0;0.0
2023;267;365;beauce_5_sa_065;BTH;;0.95;0.0;15.93;-16.05;0.0;9.19;8.11;0.0;0.0;0;0.0;0;80.6;0.0;0.0;0.0;0.95
2023;1;174;beauce_5_sa_066;BTH;;1.12;0.0;32.66;2.02;41.23;18.2;10.5;0.02;0.0;0;24.26;0;-107.92;0.0;0.02;0.0;1.12
2023;175;293;beauce_5_sa_066;solnu;;0.0;0.0;41.66;-3.49;0.0;10.5;48.65;0.02;0.0;0;0;0;-217.5;0.0;0.02;0.0;0.0
2023;294;365;beauce_5_sa_066;BTH;;1.15;0.0;7.9;-44.63;2.27;48.96;8.5;0.0;0.0;0;1.33;0;-23.62;0.0;0.0;0.0;1.15
2023;1;222;beauce_5_sa_067;BTH;;2.08;0.62;55.68;19.43;163.18;106.03;62.54;0.11;0.0;0;96.41;0;-17.54;0.06;0.05;0.62;2.08
2023;223;304;beauce_5_sa_067;solnu;;0.0;0.0;27.72;-65.7;0.0;62.54;25.82;0.01;0.0;0;0;0;-118.32;0.0;0.01;0.0;0.0
2023;305;365;beauce_5_sa_067;BTH;;2.02;0.98;7.07;-12.9;1.16;25.76;90.49;0.02;0.0;0;0.68;0;40.34;0.02;0.0;0.98;2.02
2023;1;178;beauce_5_sa_068;BTH;;4.1;1.21;34.35;26.48;134.5;113.87;125.04;0.06;0.0;0;82.39;0;-9.21;0.02;0.04;1.21;4.1
2023;179;289;beauce_5_sa_068;solnu;;0.0;0.0;42.41;3.69;0.0;125.04;171.34;0.05;0.0;0;0;0;-174.62;0.02;0.03;0.0;0.0
2023;290;365;beauce_5_sa_068;BTH;;4.37;0.52;8.93;-92.11;14.09;171.5;108.83;0.05;0.0;0;8.29;0;25.01;0.05;0.0;0.52;4.37
2023;1;183;beauce_5_sa_069;BTH;;4.49;1.93;38.16;36.17;114.64;100.12;199.41;0.09;0.0;0;95.25;0;-110.66;0.04;0.04;1.93;4.49
2023;184;264;beauce_5_sa_069;solnu;;0.0;0.0;35.26;-90.5;0.0;199.41;144.13;0.04;0.0;0;0;0;-171.71;0.02;0.01;0.0;0.0
2023;265;365;beauce_5_sa_069;BTH;;7.1;0.0;15.74;2.73;56.96;142.94;98.46;0.07;0.0;0;33.52;0;81.95;0.06;0.02;0.0;7.1
2023;1;227;beauce_5_sa_070;BTH;;4.6;1.1;61.16;33.53;81.73;81.26;171.71;0.11;0.0;0;53.49;0;-213.88;0.06;0.06;1.1;4.6
2023;228;261;beauce_5_sa_070;solnu;;0.0;0.0;13.7;-14.66;0.0;171.71;170.74;0.0;0.0;0;0;0;-94.52;0.0;0.0;0.0;0.0
2023;262;365;beauce_5_sa_070;BTH;;7.14;0.0;16.51;-79.12;51.21;170.87;49.77;0.01;0.0;0;30.13;0;34.09;0.0;0.01;0.0;7.14
2023;1;213;beauce_5_sa_071;BTH;;0.51;0.0;51.24;21.7;66.76;25.21;30.82;0.06;0.0;0;40.46;0;-181.67;0.02;0.04;0.0;0.51
2023;214;277;beauce_5_sa_071;solnu;;0.0;0.0;25.23;-52.58;0.0;30.82;6.81;0.0;0.0;0;0;0;-155.98;0.0;0.0;0.0;0.0
2023;278;365;beauce_5_sa_071;BTH;;1.28;0.28;11.87;-12.94;2.67;6.74;23.07;0.02;0.0;0;1.57;0;29.87;0.02;0.0;0.28;1.28
2023;1;205;beauce_5_sa_072;BTH;;3.75;1.0;48.2;48.5;132.6;109.19;144.31;0.13;0.0;0;79.96;0;-185.21;0.07;0.06;1.0;3.75
2023;206;269;beauce_5_sa_072;solnu;;0.0;0.0;27.41;-6.99;0.0;144.31;164.72;0.01;0.0;0;0;0;-152.54;0.0;0.01;0.0;0.0
2023;270;365;beauce_5_sa_072;BTH;;5.25;0.44;13.32;-88.21;40.47;165.04;76.76;0.02;0.0;0;23.81;0;-1.36;0.01;0.0;0.44;5.25
2023;1;228;beauce_5_sa_073;BTH;;3.44;1.82;62.79;26.71;152.39;74.2;144.12;0.12;0.0;0;89.67;0;-67.84;0.07;0.05;1.82;3.44
2023;229;281;beauce_5_sa_073;solnu;;0.0;0.0;21.19;-75.69;0.0;144.12;89.61;0.01;0.0;0;0;0;-81.47;0.0;0.0;0.0;0.0
2023;282;365;beauce_5_sa_073;BTH;;2.97;0.0;11.44;-29.14;25.51;87.44;43.42;0.01;0.0;0;15.01;0;79.47;0.0;0.01;0.0;2.97
2023;1;178;beauce_5_sa_074;BTH;;0.95;0.0;33.87;9.49;49.89;16.87;9.36;0.03;0.0;0;29.36;0;-139.66;0.0;0.03;0.0;0.95
2023;179;279;beauce_5_sa_074;solnu;;0.04;0.0;38.52;-5.88;0.0;9.36;41.94;0.02;0.0;0;0;0;-217.68;0.0;0.02;0.0;0.04
2023;280;365;beauce_5_sa_074;BTH;;1.03;0.0;10.05;-35.26;9.0;42.2;7.04;0.0;0.0;0;5.3;0;-46.67;0.0;0.0;0.0;1.03
2023;1;188;beauce_5_sa_075;BTH;;0.77;0.0;38.63;-1.91;39.78;11.7;6.85;0.02;0.0;0;23.41;0;-92.27;0.0;0.02;0.0;0.77
2023;189;315;beauce_5_sa_075;solnu;;0.0;0.0;40.14;-40.5;0.0;6.85;6.56;0.02;0.0;0;0;0;-180.94;0.0;0.02;0.0;0.0
2023;316;365;beauce_5_sa_075;BTH;;0.68;0.0;5.01;-5.66;0.0;6.24;5.22;0.0;0.0;0;0.0;0;-5.43;0.0;0.0;0.0;0.68
2023;1;217;beauce_5_sa_076;BTH;;0.69;1.21;54.89;31.93;139.04;14.4;52.07;0.11;0.0;0;81.81;0;-98.21;0.06;0.05;1.21;0.69
2023;218;270;beauce_5_sa_076;solnu;;0.0;0.0;23.87;-67.38;0.0;52.07;10.42;0.01;0.0;0;0;0;-118.5;0.01;0.0;0.0;0.0
2023;271;365;beauce_5_sa_076;BTH;;1.15;0.0;14.33;-14.25;0.0;10.42;9.36;0.0;0.0;0;0.0;0;52.87;0.0;0.0;0.0;1.15
2023;1;175;beauce_5_sa_077;BTH;;6.9;2.81;32.71;2.38;171.74;148.76;214.78;0.05;0.0;0;101.06;0;110.63;0.03;0.02;2.81;6.9
2023;176;311;beauce_5_sa_077;solnu;;0.0;0.0;40.39;6.37;0.0;214.78;262.08;0.03;0.0;0;0;0;-66.63;0.0;0.03;0.0;0.0
2023;312;365;beauce_5_sa_077;BTH;;0.64;0.0;6.06;-85.91;1.68;262.36;179.81;0.08;0.0;0;0.99;0;44.32;0.08;0.0;0.0;0.64
2023;1;218;beauce_5_sa_078;BTH;;1.33;0.85;54.26;11.81;103.5;27.67;52.29;0.07;0.0;0;60.9;0;-74.62;0.03;0.04;0.85;1.33
2023;219;283;beauce_5_sa_078;solnu;;0.0;0.0;26.07;-59.66;0.0;52.29;18.69;0.01;0.0;0;0;0;-105.07;0.0;0.01;0.0;0.0
2023;284;365;beauce_5_sa_078;BTH;;1.3;0.0;10.32;-15.28;0.0;16.53;12.71;0.0;0.0;0;0.0;0;26.43;0.0;0.0;0.0;1.3
2023;1;221;beauce_5_sa_079;BTH;;0.92;0.0;53.79;9.57;45.49;15.22;32.14;0.04;0.0;0;26.77;0;-200.21;0.0;0.04;0.0;0.92
2023;222;289;beauce_5_sa_079;solnu;;0.0;0.0;22.51;-44.48;0.0;32.14;10.17;0.01;0.0;0;0;0;-137.87;0.0;0.01;0.0;0.0
2023;290;365;beauce_5_sa_079;BTH;;0.95;0.0;8.71;-11.57;0.0;8.92;6.41;0.0;0.0;0;0.0;0;-11.35;0.0;0.0;0.0;0.95
2023;1;192;beauce_5_sa_080;BTH;;4.92;1.51;39.59;17.53;119.06;95.37;140.49;0.08;0.0;0;70.06;0;-68.81;0.04;0.04;1.51;4.92
2023;193;310;beauce_5_sa_080;solnu;;0.0;0.0;39.28;7.29;0.0;140.49;187.31;0.03;0.0;0;0;0;-173.96;0.0;0.03;0.0;0.0
2023;311;365;beauce_5_sa_080;BTH;;3.6;0.0;5.91;-84.83;1.92;187.59;102.81;0.07;0.0;0;1.13;0;-0.49;0.07;0.0;0.0;3.6
2023;1;221;beauce_5_sa_081;BTH;;2.15;0.81;54.74;31.21;96.1;45.35;93.64;0.1;0.0;0;56.55;0;-215.99;0.05;0.05;0.81;2.15
2023;222;271;beauce_5_sa_081;solnu;;0.0;0.0;20.21;-12.89;0.0;93.64;100.96;0.01;0.0;0;0;0;-107.11;0.0;0.01;0.0;0.0
2023;272;365;beauce_5_sa_081;BTH;;3.49;0.0;12.55;-70.44;16.58;101.14;23.0;0.0;0.0;0;9.76;0;-9.03;0.0;0.0;0.0;3.49
2023;1;202;beauce_5_sa_082;BTH;;0.62;0.0;45.5;3.56;46.55;9.66;11.51;0.03;0.0;0;27.39;0;-144.85;0.0;0.03;0.0;0.62
2023;203;316;beauce_5_sa_082;solnu;;0.0;0.0;34.15;-41.11;0.0;11.51;4.74;0.01;0.0;0;0;0;-169.16;0.0;0.01;0.0;0.0
2023;317;365;beauce_5_sa_082;BTH;;0.54;0.0;4.8;-4.97;0.0;4.62;4.13;0.0;0.0;0;0.0;0;-8.23;0.0;0.0;0.0;0.54
2023;1;185;beauce_5_sa_083;BTH;;1.07;0.45;36.99;16.95;89.68;21.6;18.1;0.04;0.0;0;52.77;0;-133.96;0.01;0.03;0.45;1.07
2023;186;277;beauce_5_sa_083;solnu;;0.0;0.0;34.86;-2.72;0.0;18.1;49.93;0.02;0.0;0;0;0;-186.88;0.0;0.02;0.0;0.0
2023;278;365;beauce_5_sa_083;BTH;;1.26;0.0;10.52;-45.21;6.0;50.07;9.4;0.0;0.0;0;3.53;0;-56.38;0.0;0.0;0.0;1.26
2023;1;226;beauce_5_sa_084;BTH;;4.61;1.84;58.19;17.01;146.86;97.62;159.31;0.09;0.0;0;86.42;0;-60.41;0.05;0.05;1.84;4.61
2023;227;316;beauce_5_sa_084;solnu;;0.0;0.0;29.02;-6.2;0.0;159.31;182.11;0.03;0.0;0;0;0;-114.25;0.01;0.02;0.0;0.0
2023;317;365;beauce_5_sa_084;BTH;;1.69;0.0;5.0;-85.27;0.64;182.27;99.43;0.07;0.0;0;0.38;0;6.95;0.07;0.0;0.0;1.69
2023;1;177;beauce_5_sa_085;BTH;;1.12;0.0;33.01;5.37;44.72;18.29;10.8;0.02;0.0;0;26.32;0;-138.39;0.0;0.02;0.0;1.12
2023;178;296;beauce_5_sa_085;solnu;;0.0;0.0;41.1;-0.71;0.0;10.8;51.16;0.03;0.0;0;0;0;-231.82;0.0;0.03;0.0;0.0
2023;297;365;beauce_5_sa_085;BTH;;1.14;0.0;7.37;-47.53;1.19;51.48;8.67;0.0;0.0;0;0.7;0;-26.3;0.0;0.0;0.0;1.14
2023;1;228;beauce_5_sa_086;BTH;;4.01;0.6;59.51;48.89;162.13;129.82;116.87;0.11;0.0;0;96.26;0;-151.86;0.04;0.07;0.6;4.01
2023;229;313;beauce_5_sa_086;solnu;;0.0;0.0;24.56;-8.41;0.0;116.87;133.01;0.01;0.0;0;0;0;-150.58;0.0;0.01;0.0;0.0
2023;314;365;beauce_5_sa_086;BTH;;4.83;1.13;5.46;-86.98;1.32;133.32;130.22;0.08;0.0;0;0.78;0;4.43;0.08;0.0;1.13;4.83
2023;1;172;beauce_5_sa_087;BTH;;1.01;0.0;32.71;15.59;52.19;18.89;13.97;0.03;0.0;0;30.71;0;-147.31;0.0;0.03;0.0;1.01
2023;173;264;beauce_5_sa_087;solnu;;0.12;0.0;36.67;-6.87;0.0;13.97;43.63;0.02;0.0;0;0;0;-216.4;0.0;0.02;0.0;0.12
2023;265;365;beauce_5_sa_087;BTH;;1.29;0.0;14.08;-43.61;4.5;43.93;8.3;0.0;0.0;0;2.65;0;-55.11;0.0;0.0;0.0;1.29
2023;1;210;beauce_5_sa_088;BTH;;1.21;1.2;48.95;23.38;145.42;26.15;41.98;0.06;0.0;0;85.57;0;-112.85;0.01;0.04;1.2;1.21
2023;211;279;beauce_5_sa_088;solnu;;0.0;0.0;29.04;-7.89;0.0;41.98;63.11;0.02;0.0;0;0;0;-136.63;0.0;0.01;0.0;0.0
2023;280;365;beauce_5_sa_088;BTH;;0.6;0.0;10.89;-56.14;6.0;63.42;12.4;0.0;0.0;0;3.53;0;-23.88;0.0;0.0;0.0;0.6
2023;1;179;beauce_5_sa_089;BTH;;0.76;0.0;33.97;7.68;46.47;13.34;7.73;0.03;0.0;0;27.35;0;-103.96;0.0;0.03;0.0;0.76
2023;180;302;beauce_5_sa_089;solnu;;0.0;0.0;42.42;-43.1;0.0;7.73;7.05;0.02;0.0;0;0;0;-211.34;0.0;0.02;0.0;0.0
2023;303;365;beauce_5_sa_089;BTH;;0.83;0.0;6.89;-6.91;0.0;7.06;6.21;0.0;0.0;0;0.0;0;-8.24;0.0;0.0;0.0;0.83
2023;1;218;beauce_5_sa_090;BTH;;4.64;1.45;54.12;54.85;111.99;97.34;197.81;0.12;0.0;0;69.43;0;-226.4;0.06;0.07;1.45;4.64
2023;219;269;beauce_5_sa_090;solnu;;0.0;0.0;21.57;-10.17;0.0;197.81;209.2;0.01;0.0;0;0;0;-129.99;0.0;0.01;0.0;0.0
2023;270;365;beauce_5_sa_090;BTH;;8.03;0.0;13.33;-82.01;48.2;209.5;84.25;0.05;0.0;0;28.36;0;-4.5;0.04;0.01;0.0;8.03
2023;1;228;beauce_5_sa_091;BTH;;1.47;0.0;56.63;13.49;50.88;22.33;40.12;0.04;0.0;0;29.94;0;-301.34;0.0;0.04;0.0;1.47
2023;229;314;beauce_5_sa_091;solnu;;0.0;0.0;21.32;-13.04;0.0;40.12;48.39;0.01;0.0;0;0;0;-138.79;0.0;0.01;0.0;0.0
2023;315;365;beauce_5_sa_091;BTH;;1.44;0.0;4.94;-40.93;0.0;48.57;10.95;0.01;0.0;0;0.0;0;-18.86;0.0;0.0;0.0;1.44
2023;1;214;beauce_5_sa_092;BTH;;1.0;0.16;50.83;14.58;58.56;19.31;37.16;0.04;0.0;0;34.46;0;-203.92;0.0;0.04;0.16;1.0
2023;215;281;beauce_5_sa_092;solnu;;0.0;0.0;24.62;-13.77;0.0;37.16;48.0;0.01;0.0;0;0;0;-133.13;0.0;0.01;0.0;0.0
2023;282;365;beauce_5_sa_092;BTH;;1.15;0.0;9.89;-40.89;7.5;48.16;8.61;0.0;0.0;0;4.41;0;-30.05;0.0;0.0;0.0;1.15
2023;1;206;beauce_5_sa_093;BTH;;4.17;1.37;47.09;48.73;116.21;89.5;167.16;0.1;0.0;0;72.8;0;-214.35;0.04;0.06;1.37;4.17
2023;207;282;beauce_5_sa_093;solnu;;0.0;0.0;28.71;-3.0;0.0;167.16;192.85;0.02;0.0;0;0;0;-167.61;0.0;0.02;0.0;0.0
2023;283;365;beauce_5_sa_093;BTH;;6.02;0.0;9.85;-85.39;26.12;193.19;85.11;0.05;0.0;0;15.37;0;-10.5;0.05;0.0;0.0;6.02
2023;1;216;beauce_5_sa_094;BTH;;0.25;0.0;54.24;24.78;63.38;21.13;36.45;0.07;0.0;0;37.89;0;-201.4;0.02;0.05;0.0;0.25
2023;217;261;beauce_5_sa_094;solnu;;0.0;0.0;19.72;-52.36;0.0;36.45;4.66;0.0;0.0;0;0;0;-129.16;0.0;0.0;0.0;0.0
2023;262;365;beauce_5_sa_094;BTH;;0.59;0.24;17.18;-18.45;1.27;4.36;19.58;0.01;0.0;0;0.75;0;16.64;0.01;0.0;0.24;0.59
2023;1;177;beauce_5_sa_095;BTH;;2.4;1.32;34.81;32.84;105.2;59.87;117.38;0.05;0.0;0;77.77;0;-106.84;0.01;0.04;1.32;2.4
2023;178;282;beauce_5_sa_095;solnu;;0.0;0.0;42.31;-101.74;0.0;117.38;58.12;0.04;0.0;0;0;0;-168.3;0.03;0.02;0.0;0.0
2023;283;365;beauce_5_sa_095;BTH;;3.91;0.0;10.71;14.97;26.12;58.4;53.72;0.05;0.0;0;15.37;0;50.38;0.03;0.02;0.0;3.91
2023;1;190;beauce_5_sa_096;BTH;;1.81;0.0;38.8;10.51;113.92;89.5;23.02;0.07;0.0;0;67.42;0;-73.09;0.03;0.04;0.0;1.81
2023;191;312;beauce_5_sa_096;solnu;;0.0;0.0;39.59;-1.55;0.0;23.02;61.03;0.02;0.0;0;0;0;-187.19;0.0;0.02;0.0;0.0
2023;313;365;beauce_5_sa_096;BTH;;2.02;0.9;5.48;-58.42;1.16;61.23;73.86;0.02;0.0;0;0.68;0;-29.84;0.02;0.0;0.9;2.02
2023;1;184;beauce_5_sa_097;BTH;;0.76;0.0;37.08;7.63;45.06;13.44;12.29;0.03;0.0;0;26.52;0;-121.75;0.0;0.03;0.0;0.76
2023;185;280;beauce_5_sa_097;solnu;;0.04;0.0;36.73;-36.59;0.0;12.29;12.37;0.02;0.0;0;0;0;-195.31;0.0;0.02;0.0;0.04
2023;281;365;beauce_5_sa_097;BTH;;0.89;0.0;10.24;-15.78;0.0;9.58;5.94;0.0;0.0;0;0.0;0;-18.26;0.0;0.0;0.0;0.89
2023;1;186;beauce_5_sa_098;BTH;;2.48;0.93;39.8;28.82;94.12;51.29;92.89;0.09;0.0;0;56.27;0;-113.35;0.05;0.04;0.93;2.48
2023;187;264;beauce_5_sa_098;solnu;;0.0;0.0;32.44;-5.58;0.0;92.89;119.72;0.02;0.0;0;0;0;-167.61;0.0;0.02;0.0;0.0
2023;265;365;beauce_5_sa_098;BTH;;4.52;0.0;14.7;-78.24;22.74;120.05;28.92;0.0;0.0;0;13.38;0;-5.28;0.0;0.0;0.0;4.52
2023;1;203;beauce_5_sa_099;BTH;;5.02;2.19;50.43;38.84;120.21;115.56;243.44;0.17;0.0;0;107.1;0;-219.24;0.12;0.05;2.19;5.02
2023;204;259;beauce_5_sa_099;solnu;;0.0;0.0;27.83;-105.6;0.0;243.44;165.67;0.01;0.0;0;0;0;-61.95;0.0;0.01;0.0;0.0
2023;260;365;beauce_5_sa_099;BTH;;9.77;0.0;19.44;29.91;67.65;166.25;137.49;0.11;0.0;0;39.81;0;57.43;0.08;0.03;0.0;9.77
2024;1;218;beauce_5_sa_000;BTH;;1.43;0.69;52.11;30.51;104.65;5.18;33.22;0.16;0.06;0;61.58;0;-134.09;0.12;0.05;0.69;1.43
2024;219;269;beauce_5_sa_000;solnu;;1.6;0.0;24.12;-44.01;0.0;33.22;14.49;0.0;0.0;0;0;0;-211.37;0.0;0.0;0.0;1.6
2024;270;366;beauce_5_sa_000;BTH;;0.71;0.0;17.85;-15.2;1.67;14.35;14.76;0.0;0.0;0;0.98;0;61.02;0.0;0.0;0.0;0.71
2024;1;201;beauce_5_sa_001;BTH;;1.22;0.67;42.44;10.18;97.83;6.24;9.91;0.07;0.01;0;57.57;0;-6.23;0.04;0.03;0.67;1.22
2024;202;288;beauce_5_sa_001;solnu;;0.54;0.0;37.72;-44.98;0.0;9.91;7.43;0.03;0.02;0;0;0;-188.55;0.01;0.01;0.0;0.54
2024;289;366;beauce_5_sa_001;BTH;;0.4;0.0;12.65;-12.73;0.0;7.43;7.1;0.0;0.0;0;0.0;0;32.04;0.0;0.0;0.0;0.4
2024;1;213;beauce_5_sa_002;BTH;;11.16;1.85;48.04;55.6;199.34;71.72;102.66;0.22;0.03;0;118.43;0;-56.16;0.16;0.06;1.85;11.16
2024;214;311;beauce_5_sa_002;solnu;;1.65;0.0;39.87;-60.93;0.0;102.66;79.82;0.16;0.09;0;0;0;-101.36;0.14;0.02;0.0;1.65
2024;312;366;beauce_5_sa_002;BTH;;2.41;0.0;7.83;-7.96;0.0;79.87;77.28;0.0;0.0;0;0.0;0;48.14;0.0;0.0;0.0;2.41
2024;1;192;beauce_5_sa_003;BTH;;1.47;1.95;41.16;37.06;186.96;8.02;43.89;0.16;0.02;0;110.02;0;24.74;0.11;0.05;1.95;1.47
2024;193;280;beauce_5_sa_003;solnu;;2.63;0.0;43.62;-50.75;0.0;43.89;36.4;0.11;0.08;0;0;0;-105.26;0.1;0.01;0.0;2.63
2024;281;366;beauce_5_sa_003;BTH;;1.93;0.0;16.0;-10.42;2.96;36.31;37.09;0.0;0.0;0;1.74;0;85.9;0.0;0.0;0.0;1.93
2024;1;227;beauce_5_sa_004;BTH;;2.69;0.0;52.02;22.74;47.91;8.99;33.08;0.08;0.03;0;33.49;0;-243.91;0.04;0.05;0.0;2.69
2024;228;283;beauce_5_sa_004;solnu;;1.41;0.0;21.58;-13.57;0.0;33.08;39.63;0.02;0.02;0;0;0;-150.88;0.02;0.01;0.0;1.41
2024;284;366;beauce_5_sa_004;BTH;;0.84;0.0;12.96;-35.28;0.0;40.07;18.64;0.0;0.0;0;0.0;0;-60.84;0.0;0.0;0.0;0.84
2024;1;179;beauce_5_sa_005;BTH;;1.65;0.13;31.04;14.77;56.39;8.4;4.96;0.03;0.0;0;36.24;0;-125.45;0.0;0.03;0.13;1.65
2024;180;291;beauce_5_sa_005;solnu;;1.18;0.0;44.15;6.13;0.0;4.96;54.01;0.06;0.04;0;0;0;-257.03;0.03;0.03;0.0;1.18
2024;292;366;beauce_5_sa_005;BTH;;0.6;0.0;11.08;-46.79;4.25;54.69;13.46;0.01;0.0;0;2.5;0;-49.61;0.01;0.0;0.0;0.6
2024;1;175;beauce_5_sa_006;BTH;;1.71;0.77;32.27;31.93;78.91;9.96;49.65;0.04;0.0;0;47.34;0;-36.09;0.0;0.04;0.77;1.71
2024;176;284;beauce_5_sa_006;solnu;;4.18;0.0;48.72;-54.22;0.0;49.65;41.83;0.13;0.08;0;0;0;-171.05;0.12;0.02;0.0;4.18
2024;285;366;beauce_5_sa_006;BTH;;2.23;0.0;14.2;-4.51;5.35;41.83;43.93;0.01;0.0;0;3.15;0;27.67;0.0;0.01;0.0;2.23
2024;1;222;beauce_5_sa_007;BTH;;5.44;1.82;53.87;43.34;185.16;23.61;66.46;0.26;0.08;0;108.96;0;52.25;0.2;0.06;1.82;5.44
2024;223;318;beauce_5_sa_007;solnu;;2.35;0.0;35.21;-49.68;0.0;66.46;49.86;0.06;0.03;0;0;0;-111.75;0.04;0.02;0.0;2.35
2024;319;366;beauce_5_sa_007;BTH;;1.49;0.0;6.7;-6.89;0.0;49.85;48.48;0.0;0.0;0;0.0;0;28.08;0.0;0.0;0.0;1.49
2024;1;181;beauce_5_sa_008;BTH;;4.57;0.99;34.27;23.02;134.5;30.89;21.55;0.14;0.02;0;80.71;0;53.72;0.1;0.03;0.99;4.57
2024;182;297;beauce_5_sa_008;solnu;;2.25;0.0;49.7;-48.1;0.0;21.55;23.68;0.06;0.04;0;0;0;-171.37;0.04;0.02;0.0;2.25
2024;298;366;beauce_5_sa_008;BTH;;0.96;0.32;10.1;-11.75;3.29;23.7;41.66;0.02;0.0;0;1.93;0;49.29;0.02;0.0;0.32;0.96
2024;1;176;beauce_5_sa_009;BTH;;0.29;0.17;31.1;10.02;53.07;1.45;1.72;0.03;0.0;0;31.23;0;-52.82;0.0;0.02;0.17;0.29
2024;177;297;beauce_5_sa_009;solnu;;0.46;0.0;49.82;-45.64;0.0;1.72;7.02;0.03;0.03;0;0;0;-235.57;0.02;0.02;0.0;0.46
2024;298;366;beauce_5_sa_009;BTH;;0.28;0.0;9.69;-8.98;0.0;7.0;7.46;0.0;0.0;0;0.0;0;16.49;0.0;0.0;0.0;0.28
2024;1;210;beauce_5_sa_010;BTH;;3.62;1.27;49.93;41.17;124.39;24.24;81.87;0.23;0.02;0;78.69;0;-146.2;0.18;0.05;1.27;3.62
2024;211;261;beauce_5_sa_010;solnu;;9.07;0.0;26.08;-62.37;0.0;81.87;42.68;0.08;0.05;0;0;0;-139.67;0.08;0.0;0.0;9.07
2024;262;366;beauce_5_sa_010;BTH;;2.32;0.0;21.61;-10.56;8.75;42.86;42.65;0.01;0.0;0;5.15;0;72.05;0.0;0.01;0.0;2.32
2024;1;188;beauce_5_sa_011;BTH;;1.16;0.0;34.55;11.64;46.55;5.96;3.11;0.03;0.0;0;27.39;0;-126.32;0.0;0.03;0.0;1.16
2024;189;299;beauce_5_sa_011;solnu;;0.63;0.0;43.45;-0.65;0.0;3.11;45.25;0.05;0.02;0;0;0;-250.32;0.03;0.03;0.0;0.63
2024;300;366;beauce_5_sa_011;BTH;;0.33;0.0;9.09;-45.71;0.0;45.44;8.28;0.01;0.0;0;0.0;0;-31.67;0.01;0.0;0.0;0.33
2024;1;203;beauce_5_sa_012;BTH;;8.16;1.97;44.01;55.01;209.29;38.6;67.75;0.18;0.03;0;125.24;0;13.35;0.12;0.06;1.97;8.16
2024;204;303;beauce_5_sa_012;solnu;;0.84;0.0;41.14;5.29;0.0;67.75;113.13;0.16;0.06;0;0;0;-159.21;0.13;0.03;0.0;0.84
2024;304;366;beauce_5_sa_012;BTH;;2.26;0.0;9.26;-64.91;0.0;113.5;55.21;0.01;0.0;0;0.0;0;22.11;0.01;0.0;0.0;2.26
2024;1;180;beauce_5_sa_013;BTH;;1.91;0.33;32.71;7.86;64.84;7.41;6.34;0.03;0.0;0;38.15;0;-26.27;0.01;0.03;0.33;1.91
2024;181;308;beauce_5_sa_013;solnu;;1.39;0.0;50.07;-43.96;0.0;6.34;11.41;0.05;0.03;0;0;0;-222.55;0.02;0.03;0.0;1.39
2024;309;366;beauce_5_sa_013;BTH;;0.35;0.0;7.76;-7.75;0.0;11.49;11.07;0.0;0.0;0;0.0;0;1.06;0.0;0.0;0.0;0.35
2024;1;220;beauce_5_sa_014;BTH;;1.51;0.0;49.56;10.79;47.12;5.23;16.92;0.06;0.02;0;27.73;0;-150.24;0.02;0.04;0.0;1.51
2024;221;302;beauce_5_sa_014;solnu;;0.84;0.0;30.52;-38.47;0.0;16.92;9.34;0.01;0.01;0;0;0;-188.31;0.0;0.01;0.0;0.84
2024;303;366;beauce_5_sa_014;BTH;;0.37;0.0;8.65;-8.99;0.0;9.34;8.97;0.0;0.0;0;0.0;0;-15.99;0.0;0.0;0.0;0.37
2024;1;219;beauce_5_sa_015;BTH;;2.01;0.0;48.04;19.84;51.33;6.87;21.32;0.07;0.03;0;33.12;0;-206.17;0.03;0.04;0.0;2.01
2024;220;291;beauce_5_sa_015;solnu;;1.08;0.0;27.72;-10.31;0.0;21.32;37.62;0.02;0.01;0;0;0;-172.47;0.01;0.01;0.0;1.08
2024;292;366;beauce_5_sa_015;BTH;;0.58;0.0;11.06;-36.32;0.0;38.24;13.01;0.01;0.0;0;0.0;0;-59.02;0.01;0.0;0.0;0.58
2024;1;228;beauce_5_sa_016;BTH;;16.2;2.17;60.13;62.04;198.75;95.09;163.85;0.37;0.14;0;128.82;0;-90.92;0.3;0.07;2.17;16.2
2024;229;287;beauce_5_sa_016;solnu;;11.4;0.0;25.31;-56.54;0.0;163.85;121.09;0.06;0.07;0;0;0;-113.15;0.05;0.01;0.0;11.4
2024;288;366;beauce_5_sa_016;BTH;;5.73;0.0;13.67;-13.68;0.0;121.11;115.35;0.0;0.0;0;0.0;0;75.07;0.0;0.0;0.0;5.73
2024;1;194;beauce_5_sa_017;BTH;;1.19;0.61;38.58;0.63;83.82;5.98;4.12;0.08;0.01;0;49.32;0;14.92;0.05;0.02;0.61;1.19
2024;195;311;beauce_5_sa_017;solnu;;0.46;0.0;45.05;-41.63;0.0;4.12;7.11;0.05;0.01;0;0;0;-159.06;0.02;0.03;0.0;0.46
2024;312;366;beauce_5_sa_017;BTH;;0.22;0.0;7.4;-8.46;0.0;7.11;6.95;0.0;0.0;0;0.0;0;-12.66;0.0;0.0;0.0;0.22
2024;1;198;beauce_5_sa_018;BTH;;0.4;0.78;43.16;21.19;103.84;4.29;22.59;0.06;0.0;0;63.0;0;-68.68;0.02;0.04;0.78;0.4
2024;199;260;beauce_5_sa_018;solnu;;0.38;0.0;30.44;-61.09;0.0;22.59;1.65;0.0;0.0;0;0;0;-171.95;0.0;0.0;0.0;0.38
2024;261;366;beauce_5_sa_018;BTH;;0.08;0.0;21.61;-7.05;9.89;1.55;6.22;0.01;0.0;0;5.82;0;97.47;0.0;0.01;0.0;0.08
2024;1;222;beauce_5_sa_019;BTH;;1.77;0.0;50.97;13.53;47.92;6.11;20.9;0.06;0.02;0;28.2;0;-160.56;0.02;0.04;0.0;1.77
2024;223;297;beauce_5_sa_019;solnu;;0.96;0.0;28.56;-12.56;0.0;20.9;35.9;0.03;0.01;0;0;0;-169.97;0.02;0.01;0.0;0.96
2024;298;366;beauce_5_sa_019;BTH;;0.48;0.0;9.48;-33.6;0.0;36.08;11.6;0.0;0.0;0;0.0;0;-31.09;0.0;0.0;0.0;0.48
2024;1;195;beauce_5_sa_020;BTH;;3.54;1.91;41.01;13.1;193.26;11.71;11.95;0.14;0.02;0;113.72;0;117.52;0.11;0.04;1.91;3.54
2024;196;301;beauce_5_sa_020;solnu;;0.32;0.0;44.64;-42.54;0.0;11.95;14.14;0.03;0.01;0;0;0;-105.23;0.01;0.02;0.0;0.32
2024;302;366;beauce_5_sa_020;BTH;;0.55;0.0;9.84;-10.26;0.0;14.06;13.54;0.0;0.0;0;0.0;0;45.22;0.0;0.0;0.0;0.55
2024;1;230;beauce_5_sa_021;BTH;;2.28;0.33;54.76;14.64;74.32;9.36;26.7;0.09;0.03;0;43.73;0;-108.54;0.05;0.04;0.33;2.28
2024;231;313;beauce_5_sa_021;solnu;;1.31;0.0;28.01;-36.79;0.0;26.7;16.54;0.04;0.02;0;0;0;-147.63;0.03;0.01;0.0;1.31
2024;314;366;beauce_5_sa_021;BTH;;0.5;0.0;6.78;-10.55;0.0;16.36;15.93;0.0;0.0;0;0.0;0;-57.77;0.0;0.0;0.0;0.5
2024;1;198;beauce_5_sa_022;BTH;;20.03;1.72;43.36;55.8;166.32;142.09;183.55;0.1;0.0;0;115.03;0;-20.2;0.05;0.06;1.72;20.03
2024;199;281;beauce_5_sa_022;solnu;;15.33;0.0;37.98;1.21;0.0;183.55;207.04;0.24;0.13;0;0;0;-160.92;0.22;0.03;0.0;15.33
2024;282;366;beauce_5_sa_022;BTH;;5.9;0.35;15.01;-81.8;12.99;207.35;147.59;0.02;0.0;0;7.64;0;55.43;0.02;0.0;0.35;5.9
2024;1;206;beauce_5_sa_023;BTH;;3.57;0.79;43.73;9.92;107.45;10.89;12.28;0.07;0.0;0;63.23;0;-1.03;0.03;0.04;0.79;3.57
2024;207;316;beauce_5_sa_023;solnu;;1.66;0.0;40.81;-46.9;0.0;12.28;8.95;0.02;0.01;0;0;0;-203.33;0.01;0.02;0.0;1.66
2024;317;366;beauce_5_sa_023;BTH;;0.27;0.0;6.45;-7.29;0.0;8.95;8.69;0.0;0.0;0;0.0;0;3.64;0.0;0.0;0.0;0.27
2024;1;208;beauce_5_sa_024;BTH;;1.96;0.44;45.01;20.93;78.77;9.67;28.03;0.05;0.0;0;48.12;0;-112.95;0.01;0.04;0.44;1.96
2024;209;273;beauce_5_sa_024;solnu;;2.11;0.0;29.27;-8.14;0.0;28.03;46.26;0.07;0.05;0;0;0;-140.6;0.05;0.01;0.0;2.11
2024;274;366;beauce_5_sa_024;BTH;;0.85;0.0;16.03;-44.83;0.0;46.83;17.28;0.0;0.0;0;0.0;0;-48.77;0.0;0.0;0.0;0.85
2024;1;193;beauce_5_sa_025;BTH;;1.1;0.0;37.1;10.67;45.75;5.43;6.33;0.03;0.0;0;26.92;0;-89.78;0.0;0.03;0.0;1.1
2024;194;281;beauce_5_sa_025;solnu;;0.52;0.0;38.58;-38.67;0.0;6.33;6.19;0.03;0.02;0;0;0;-216.51;0.01;0.01;0.0;0.52
2024;282;366;beauce_5_sa_025;BTH;;0.33;0.0;14.26;-14.14;0.0;6.38;5.98;0.0;0.0;0;0.0;0;-20.38;0.0;0.0;0.0;0.33
2024;1;221;beauce_5_sa_026;BTH;;56.24;2.46;59.08;53.41;207.99;341.7;373.58;0.55;0.17;0;141.43;0;-127.36;0.49;0.07;2.46;56.24
2024;222;279;beauce_5_sa_026;solnu;;28.66;0.0;27.52;-74.22;0.0;373.58;298.07;0.07;0.07;0;0;0;-72.98;0.07;0.01;0.0;28.66
2024;280;366;beauce_5_sa_026;BTH;;15.91;1.05;16.24;-13.85;2.96;298.07;360.21;0.03;0.0;0;1.74;0;115.23;0.03;0.0;1.05;15.91
2024;1;208;beauce_5_sa_027;BTH;;3.56;0.86;43.98;31.28;115.89;14.97;34.95;0.08;0.0;0;72.61;0;-98.51;0.03;0.05;0.86;3.56
2024;209;286;beauce_5_sa_027;solnu;;3.15;0.0;32.49;-3.35;0.0;34.95;60.8;0.08;0.05;0;0;0;-158.05;0.06;0.02;0.0;3.15
2024;287;366;beauce_5_sa_027;BTH;;1.04;0.0;12.66;-51.65;0.0;61.24;23.38;0.0;0.0;0;0.0;0;-57.42;0.0;0.0;0.0;1.04
2024;1;223;beauce_5_sa_028;BTH;;30.0;2.01;51.6;64.7;199.32;198.93;236.07;0.29;0.09;0;117.91;0;-147.36;0.22;0.07;2.01;30.0
2024;224;315;beauce_5_sa_028;solnu;;17.64;0.0;31.91;0.66;0.0;236.07;250.79;0.13;0.07;0;0;0;-155.49;0.11;0.02;0.0;17.64
2024;316;366;beauce_5_sa_028;BTH;;5.22;0.0;6.64;-80.66;0.0;251.16;171.54;0.0;0.0;0;0.0;0;5.27;0.0;0.0;0.0;5.22
2024;1;226;beauce_5_sa_029;BTH;;3.24;0.14;52.64;19.37;48.49;10.21;40.76;0.1;0.04;0;31.19;0;-165.31;0.06;0.04;0.14;3.24
2024;227;269;beauce_5_sa_029;solnu;;1.77;0.0;18.94;-14.93;0.0;40.76;42.93;0.03;0.02;0;0;0;-124.54;0.02;0.01;0.0;1.77
2024;270;366;beauce_5_sa_029;BTH;;1.19;0.0;17.13;-37.3;0.0;43.23;23.46;0.0;0.0;0;0.0;0;-42.3;0.0;0.0;0.0;1.19
2024;1;177;beauce_5_sa_030;BTH;;0.72;0.0;30.73;15.29;45.46;3.68;2.01;0.03;0.0;0;26.75;0;-105.97;0.0;0.03;0.0;0.72
2024;178;290;beauce_5_sa_030;solnu;;0.52;0.0;45.73;-39.9;0.0;2.01;7.64;0.03;0.03;0;0;0;-243.52;0.02;0.02;0.0;0.52
2024;291;366;beauce_5_sa_030;BTH;;0.41;0.0;11.57;-9.05;0.88;7.64;8.87;0.0;0.0;0;0.52;0;-25.59;0.0;0.0;0.0;0.41
2024;1;211;beauce_5_sa_031;BTH;;2.14;0.0;44.84;21.54;40.89;9.32;32.62;0.04;0.0;0;24.06;0;-165.04;0.0;0.04;0.0;2.14
2024;212;262;beauce_5_sa_031;solnu;;2.44;0.0;24.13;-34.11;0.0;32.62;20.09;0.06;0.05;0;0;0;-160.35;0.06;0.01;0.0;2.44
2024;263;366;beauce_5_sa_031;BTH;;1.07;0.0;19.95;-19.29;1.07;20.46;18.89;0.0;0.0;0;0.63;0;-41.3;0.0;0.0;0.0;1.07
2024;1;171;beauce_5_sa_032;BTH;;16.11;1.38;30.35;32.25;137.88;95.27;105.94;0.16;0.03;0;82.13;0;31.55;0.13;0.04;1.38;16.11
2024;172;312;beauce_5_sa_032;solnu;;12.03;0.0;56.37;16.33;0.0;105.94;167.15;0.22;0.08;0;0;0;-234.18;0.18;0.04;0.0;12.03
2024;313;366;beauce_5_sa_032;BTH;;3.05;0.0;7.34;-72.89;0.0;167.34;98.54;0.0;0.0;0;0.0;0;6.31;0.0;0.0;0.0;3.05
2024;1;182;beauce_5_sa_033;BTH;;19.86;2.39;35.67;52.25;164.7;158.37;240.64;0.19;0.01;0;129.53;0;-39.21;0.14;0.05;2.39;19.86
2024;183;267;beauce_5_sa_033;solnu;;20.53;0.0;40.59;6.21;0.0;240.64;258.81;0.27;0.14;0;0;0;-170.29;0.24;0.03;0.0;20.53
2024;268;366;beauce_5_sa_033;BTH;;8.79;0.0;19.0;-81.99;23.69;259.18;163.33;0.0;0.0;0;13.94;0;53.68;0.0;0.0;0.0;8.79
2024;1;223;beauce_5_sa_034;BTH;;5.57;0.0;51.83;15.06;99.37;62.14;23.99;0.1;0.02;0;58.47;0;-45.0;0.05;0.05;0.0;5.57
2024;224;314;beauce_5_sa_034;solnu;;1.5;0.0;31.54;-45.03;0.0;23.99;14.68;0.02;0.01;0;0;0;-211.97;0.01;0.01;0.0;1.5
2024;315;366;beauce_5_sa_034;BTH;;0.44;0.68;6.69;-8.65;0.0;14.68;14.26;0.0;0.0;0;0.0;0;-13.56;0.0;0.0;0.68;0.44
2024;1;216;beauce_5_sa_035;BTH;;7.7;1.05;50.79;49.48;118.09;50.06;102.97;0.08;0.0;0;78.69;0;-126.83;0.02;0.06;1.05;7.7
2024;217;289;beauce_5_sa_035;solnu;;9.15;0.0;31.22;-55.99;0.0;102.97;69.18;0.16;0.11;0;0;0;-173.54;0.15;0.01;0.0;9.15
2024;290;366;beauce_5_sa_035;BTH;;3.22;0.0;12.68;-14.31;0.0;69.09;65.88;0.0;0.0;0;0.0;0;19.95;0.0;0.0;0.0;3.22
2024;1;178;beauce_5_sa_036;BTH;;3.8;0.84;32.49;7.67;97.62;10.56;11.11;0.06;0.0;0;57.44;0;39.49;0.03;0.03;0.84;3.8
2024;179;294;beauce_5_sa_036;solnu;;2.43;0.0;48.66;2.05;0.0;11.11;59.37;0.07;0.03;0;0;0;-177.86;0.04;0.03;0.0;2.43
2024;295;366;beauce_5_sa_036;BTH;;0.72;0.0;10.61;-52.79;0.0;59.71;17.54;0.0;0.0;0;0.0;0;-17.24;0.0;0.0;0.0;0.72
2024;1;222;beauce_5_sa_037;BTH;;25.24;2.04;55.74;77.47;211.28;159.02;207.89;0.52;0.16;0;143.31;0;-187.8;0.44;0.08;2.04;25.24
2024;223;279;beauce_5_sa_037;solnu;;15.42;0.0;24.72;-5.65;0.0;207.89;211.42;0.07;0.06;0;0;0;-135.3;0.05;0.01;0.0;15.42
2024;280;366;beauce_5_sa_037;BTH;;7.3;0.55;14.71;-60.11;4.78;211.75;194.9;0.0;0.0;0;2.81;0;14.65;0.0;0.0;0.55;7.3
2024;1;171;beauce_5_sa_038;BTH;;2.03;0.6;28.87;17.22;91.35;9.51;5.46;0.05;0.0;0;55.52;0;-47.45;0.02;0.03;0.6;2.03
2024;172;271;beauce_5_sa_038;solnu;;1.62;0.0;43.26;4.47;0.0;5.46;51.65;0.07;0.04;0;0;0;-204.26;0.04;0.03;0.0;1.62
2024;272;366;beauce_5_sa_038;BTH;;0.81;0.0;16.66;-52.25;0.0;52.14;16.25;0.0;0.0;0;0.0;0;-56.46;0.0;0.0;0.0;0.81
2024;1;228;beauce_5_sa_039;BTH;;6.87;1.11;56.81;53.97;142.61;34.87;79.03;0.18;0.07;0;86.63;0;-163.86;0.12;0.07;1.11;6.87
2024;229;299;beauce_5_sa_039;solnu;;5.22;0.0;28.11;-55.02;0.0;79.03;52.96;0.04;0.04;0;0;0;-184.64;0.03;0.0;0.0;5.22
2024;300;366;beauce_5_sa_039;BTH;;2.09;0.0;9.69;-9.66;0.0;52.93;50.91;0.0;0.0;0;0.0;0;44.82;0.0;0.0;0.0;2.09
2024;1;193;beauce_5_sa_040;BTH;;1.89;0.0;35.75;21.88;49.85;8.85;14.72;0.04;0.0;0;33.75;0;-183.42;0.0;0.04;0.0;1.89
2024;194;272;beauce_5_sa_040;solnu;;1.37;0.0;34.35;-3.75;0.0;14.72;43.86;0.06;0.04;0;0;0;-211.7;0.04;0.02;0.0;1.37
2024;273;366;beauce_5_sa_040;BTH;;0.65;0.0;15.69;-43.03;3.0;44.28;13.26;0.0;0.0;0;1.77;0;-78.11;0.0;0.0;0.0;0.65
2024;1;186;beauce_5_sa_041;BTH;;18.42;2.32;38.3;48.31;191.63;106.75;155.34;0.16;0.01;0;123.72;0;38.85;0.1;0.05;2.32;18.42
2024;187;288;beauce_5_sa_041;solnu;;9.47;0.0;46.56;-53.57;0.0;155.34;138.81;0.23;0.11;0;0;0;-161.68;0.2;0.03;0.0;9.47
2024;289;366;beauce_5_sa_041;BTH;;5.64;0.0;13.72;-30.18;0.0;135.98;116.71;0.0;0.0;0;0.0;0;91.91;0.0;0.0;0.0;5.64
2024;1;192;beauce_5_sa_042;BTH;;24.9;3.19;41.8;53.1;167.67;189.85;330.7;0.45;0.03;0;137.41;0;-40.04;0.39;0.06;3.19;24.9
2024;193;262;beauce_5_sa_042;solnu;;46.46;0.0;36.66;0.33;0.0;330.7;320.84;0.25;0.14;0;0;0;-150.26;0.23;0.02;0.0;46.46
2024;263;366;beauce_5_sa_042;BTH;;13.73;0.0;21.91;-77.31;20.37;321.63;231.34;0.0;0.0;0;11.99;0;73.48;0.0;0.0;0.0;13.73
2024;1;221;beauce_5_sa_043;BTH;;7.36;0.86;54.79;43.59;87.81;31.58;98.66;0.22;0.09;0;70.84;0;-228.45;0.16;0.06;0.86;7.36
2024;222;265;beauce_5_sa_043;solnu;;6.39;0.0;21.34;-50.33;0.0;98.66;69.2;0.03;0.04;0;0;0;-199.72;0.03;0.0;0.0;6.39
2024;266;366;beauce_5_sa_043;BTH;;3.75;0.0;19.34;-14.77;6.51;69.2;63.9;0.0;0.0;0;3.83;0;42.26;0.0;0.0;0.0;3.75
2024;1;219;beauce_5_sa_044;BTH;;8.91;1.21;48.44;32.05;153.49;19.03;27.79;0.13;0.02;0;90.32;0;-79.71;0.07;0.05;1.21;8.91
2024;220;317;beauce_5_sa_044;solnu;;2.27;0.0;33.61;-43.89;0.0;27.79;20.47;0.02;0.01;0;0;0;-225.82;0.01;0.01;0.0;2.27
2024;318;366;beauce_5_sa_044;BTH;;0.6;0.0;6.14;-6.45;0.0;20.41;19.84;0.0;0.0;0;0.0;0;5.6;0.0;0.0;0.0;0.6
2024;1;196;beauce_5_sa_045;BTH;;0.99;0.21;38.99;10.34;65.36;4.43;3.44;0.03;0.0;0;38.46;0;-74.22;0.0;0.03;0.21;0.99
2024;197;297;beauce_5_sa_045;solnu;;0.5;0.0;41.42;-45.21;0.0;3.44;3.54;0.02;0.01;0;0;0;-229.46;0.01;0.01;0.0;0.5
2024;298;366;beauce_5_sa_045;BTH;;0.14;0.0;9.55;-9.51;0.0;3.66;3.44;0.0;0.0;0;0.0;0;9.49;0.0;0.0;0.0;0.14
2024;1;223;beauce_5_sa_046;BTH;;4.91;0.0;51.87;31.49;70.53;36.1;44.14;0.12;0.05;0;42.6;0;-169.38;0.07;0.05;0.0;4.91
2024;224;263;beauce_5_sa_046;solnu;;2.26;0.0;18.24;-15.14;0.0;44.14;44.94;0.02;0.02;0;0;0;-105.47;0.02;0.0;0.0;2.26
2024;264;366;beauce_5_sa_046;BTH;;1.51;0.34;19.0;-40.51;1.24;45.3;51.02;0.0;0.0;0;0.73;0;-101.83;0.0;0.0;0.34;1.51
2024;1;170;beauce_5_sa_047;BTH;;15.65;1.59;30.12;40.9;199.83;111.42;84.93;0.2;0.02;0;118.19;0;68.56;0.15;0.04;1.59;15.65
2024;171;313;beauce_5_sa_047;solnu;;8.71;0.0;57.88;25.45;0.0;84.93;159.78;0.22;0.08;0;0;0;-204.54;0.17;0.05;0.0;8.71
2024;314;366;beauce_5_sa_047;BTH;;2.75;0.68;7.32;-76.2;0.28;159.99;138.88;0.0;0.0;0;0.16;0;8.41;0.0;0.0;0.68;2.75
2024;1;211;beauce_5_sa_048;BTH;;28.21;2.8;50.6;62.7;195.74;202.75;301.1;0.35;0.02;0;136.96;0;-140.88;0.28;0.07;2.8;28.21
2024;212;277;beauce_5_sa_048;solnu;;27.3;0.0;31.32;-81.39;0.0;301.1;223.33;0.26;0.16;0;0;0;-139.25;0.24;0.01;0.0;27.3
2024;278;366;beauce_5_sa_048;BTH;;11.88;0.0;15.94;8.31;10.46;222.29;225.21;0.03;0.0;0;6.16;0;73.07;0.01;0.02;0.0;11.88
2024;1;231;beauce_5_sa_049;BTH;;0.59;0.0;55.83;22.48;46.12;1.94;33.45;0.09;0.03;0;27.14;0;-244.43;0.04;0.05;0.0;0.59
2024;232;275;beauce_5_sa_049;solnu;;1.32;0.0;18.99;-41.07;0.0;33.45;11.77;0.0;0.0;0;0;0;-121.19;0.0;0.0;0.0;1.32
2024;276;366;beauce_5_sa_049;BTH;;0.63;0.0;15.6;-13.15;0.98;11.77;12.61;0.0;0.0;0;0.58;0;5.81;0.0;0.0;0.0;0.63
2024;1;201;beauce_5_sa_050;BTH;;0.78;0.0;40.91;6.96;47.36;3.99;3.74;0.03;0.0;0;27.87;0;-101.38;0.0;0.03;0.0;0.78
2024;202;307;beauce_5_sa_050;solnu;;0.37;0.0;40.23;-41.08;0.0;3.74;2.92;0.02;0.01;0;0;0;-222.75;0.0;0.02;0.0;0.37
2024;308;366;beauce_5_sa_050;BTH;;0.1;0.0;7.82;-7.81;0.0;3.14;2.82;0.0;0.0;0;0.0;0;-8.05;0.0;0.0;0.0;0.1
2024;1;210;beauce_5_sa_051;BTH;;7.1;0.65;46.7;47.01;100.12;43.16;78.25;0.16;0.02;0;66.68;0;-88.07;0.11;0.06;0.65;7.1
2024;211;264;beauce_5_sa_051;solnu;;7.72;0.0;26.28;-9.49;0.0;78.25;87.09;0.13;0.08;0;0;0;-139.8;0.12;0.01;0.0;7.72
2024;265;366;beauce_5_sa_051;BTH;;2.79;0.32;19.41;-56.39;5.9;87.68;66.47;0.02;0.0;0;3.47;0;-26.67;0.02;0.0;0.32;2.79
2024;1;202;beauce_5_sa_052;BTH;;0.64;0.26;42.96;22.23;66.28;5.13;23.12;0.06;0.0;0;40.9;0;-140.45;0.02;0.04;0.26;0.64
2024;203;261;beauce_5_sa_052;solnu;;1.5;0.0;27.95;-46.75;0.0;23.12;8.69;0.03;0.02;0;0;0;-205.76;0.03;0.0;0.0;1.5
2024;262;366;beauce_5_sa_052;BTH;;0.46;0.0;20.43;-8.24;9.08;8.62;11.33;0.01;0.0;0;5.34;0;25.25;0.0;0.01;0.0;0.46
2024;1;220;beauce_5_sa_053;BTH;;3.11;0.27;50.57;19.22;66.03;8.81;29.33;0.09;0.03;0;38.85;0;-119.91;0.05;0.04;0.27;3.11
2024;221;277;beauce_5_sa_053;solnu;;1.5;0.0;24.78;-35.04;0.0;29.33;18.15;0.02;0.01;0;0;0;-151.17;0.01;0.01;0.0;1.5
2024;278;366;beauce_5_sa_053;BTH;;0.91;0.0;14.83;-17.6;0.0;18.15;17.25;0.0;0.0;0;0.0;0;-50.36;0.0;0.0;0.0;0.91
2024;1;175;beauce_5_sa_054;BTH;;19.02;1.68;31.62;48.05;151.04;126.19;159.96;0.12;0.0;0;98.06;0;-33.98;0.07;0.05;1.68;19.02
2024;176;289;beauce_5_sa_054;solnu;;14.92;0.0;48.21;13.79;0.0;159.96;207.66;0.24;0.11;0;0;0;-224.48;0.21;0.04;0.0;14.92
2024;290;366;beauce_5_sa_054;BTH;;5.46;0.0;12.55;-81.98;10.0;208.12;122.75;0.02;0.0;0;5.89;0;11.93;0.02;0.0;0.0;5.46
2024;1;199;beauce_5_sa_055;BTH;;10.96;1.29;42.6;49.01;137.87;72.42;110.62;0.09;0.0;0;82.7;0;-43.44;0.04;0.05;1.29;10.96
2024;200;307;beauce_5_sa_055;solnu;;8.99;0.0;43.43;-67.5;0.0;110.62;77.52;0.2;0.09;0;0;0;-178.54;0.17;0.02;0.0;8.99
2024;308;366;beauce_5_sa_055;BTH;;2.73;0.0;8.38;-8.38;0.0;77.16;74.8;0.0;0.0;0;0.0;0;39.14;0.0;0.0;0.0;2.73
2024;1;192;beauce_5_sa_056;BTH;;6.9;1.2;38.97;37.89;106.25;31.75;84.94;0.19;0.02;0;72.61;0;-38.75;0.14;0.05;1.2;6.9
2024;193;261;beauce_5_sa_056;solnu;;9.76;0.0;34.12;-1.26;0.0;84.94;107.79;0.16;0.09;0;0;0;-147.17;0.13;0.02;0.0;9.76
2024;262;366;beauce_5_sa_056;BTH;;3.57;0.0;21.31;-59.41;9.23;108.45;57.73;0.0;0.0;0;5.43;0;-8.52;0.0;0.0;0.0;3.57
2024;1;178;beauce_5_sa_057;BTH;;5.93;0.81;33.5;35.32;82.8;34.75;74.9;0.06;0.0;0;64.42;0;-82.63;0.02;0.04;0.81;5.93
2024;179;269;beauce_5_sa_057;solnu;;7.11;0.0;42.4;-50.87;0.0;74.9;59.17;0.17;0.09;0;0;0;-208.95;0.14;0.02;0.0;7.11
2024;270;366;beauce_5_sa_057;BTH;;3.17;0.0;18.61;-18.55;0.84;59.45;55.6;0.0;0.0;0;0.5;0;22.69;0.0;0.0;0.0;3.17
2024;1;210;beauce_5_sa_058;BTH;;2.67;0.91;46.69;28.62;116.22;12.9;37.01;0.11;0.01;0;71.04;0;-81.15;0.06;0.05;0.91;2.67
2024;211;268;beauce_5_sa_058;solnu;;3.23;0.0;27.27;-7.35;0.0;37.01;53.56;0.08;0.06;0;0;0;-119.99;0.07;0.01;0.0;3.23
2024;269;366;beauce_5_sa_058;BTH;;1.22;0.0;17.7;-49.98;0.0;54.04;23.81;0.0;0.0;0;0.0;0;-64.82;0.0;0.0;0.0;1.22
2024;1;217;beauce_5_sa_059;BTH;;13.77;1.48;51.17;53.7;164.75;92.51;129.71;0.18;0.05;0;98.2;0;-66.12;0.12;0.06;1.48;13.77
2024;218;310;beauce_5_sa_059;solnu;;6.1;0.0;36.37;-63.17;0.0;129.71;58.69;0.13;0.06;0;0;0;-148.75;0.12;0.02;0.0;6.1
2024;311;366;beauce_5_sa_059;BTH;;1.78;0.0;7.85;-8.2;0.0;58.36;56.59;0.0;0.0;0;0.0;0;37.92;0.0;0.0;0.0;1.78
2024;1;221;beauce_5_sa_060;BTH;;14.76;1.11;52.75;50.44;139.23;78.13;110.49;0.19;0.07;0;82.71;0;-118.26;0.13;0.06;1.11;14.76
2024;222;314;beauce_5_sa_060;solnu;;7.44;0.0;33.92;-59.5;0.0;110.49;77.72;0.08;0.04;0;0;0;-163.15;0.06;0.02;0.0;7.44
2024;315;366;beauce_5_sa_060;BTH;;2.36;0.0;7.01;-8.08;0.0;77.86;75.37;0.0;0.0;0;0.0;0;6.75;0.0;0.0;0.0;2.36
2024;1;223;beauce_5_sa_061;BTH;;8.79;1.05;52.97;21.64;129.11;17.2;32.6;0.13;0.03;0;75.97;0;-14.73;0.08;0.05;1.05;8.79
2024;224;292;beauce_5_sa_061;solnu;;2.07;0.0;27.55;-40.44;0.0;32.6;21.6;0.02;0.01;0;0;0;-168.14;0.01;0.01;0.0;2.07
2024;293;366;beauce_5_sa_061;BTH;;0.86;0.0;11.14;-15.31;0.0;21.59;20.83;0.0;0.0;0;0.0;0;-37.29;0.0;0.0;0.0;0.86
2024;1;176;beauce_5_sa_062;BTH;;6.42;1.14;32.84;39.39;118.61;37.81;68.84;0.12;0.02;0;73.89;0;-33.18;0.08;0.04;1.14;6.42
2024;177;295;beauce_5_sa_062;solnu;;6.88;0.0;51.92;-56.47;0.0;68.84;57.47;0.16;0.08;0;0;0;-188.86;0.14;0.03;0.0;6.88
2024;296;366;beauce_5_sa_062;BTH;;2.26;0.0;10.77;-10.79;0.0;57.5;55.19;0.0;0.0;0;0.0;0;42.21;0.0;0.0;0.0;2.26
2024;1;176;beauce_5_sa_063;BTH;;1.67;0.59;31.63;3.89;81.12;8.47;5.71;0.06;0.01;0;47.74;0;18.59;0.04;0.02;0.59;1.67
2024;177;300;beauce_5_sa_063;solnu;;1.17;0.0;50.66;-43.72;0.0;5.71;12.99;0.05;0.03;0;0;0;-189.0;0.03;0.03;0.0;1.17
2024;301;366;beauce_5_sa_063;BTH;;0.51;0.0;9.51;-9.58;0.0;12.97;12.41;0.0;0.0;0;0.0;0;15.49;0.0;0.0;0.0;0.51
2024;1;185;beauce_5_sa_064;BTH;;0.75;0.0;34.33;8.04;42.87;3.78;2.51;0.03;0.0;0;25.22;0;-64.39;0.0;0.03;0.0;0.75
2024;186;289;beauce_5_sa_064;solnu;;0.35;0.0;43.19;-41.9;0.0;2.51;4.7;0.02;0.01;0;0;0;-246.23;0.01;0.01;0.0;0.35
2024;290;366;beauce_5_sa_064;BTH;;0.25;0.0;12.08;-11.8;0.0;4.77;4.74;0.0;0.0;0;0.0;0;5.64;0.0;0.0;0.0;0.25
2024;1;194;beauce_5_sa_065;BTH;;1.89;1.62;42.43;30.35;160.51;8.1;39.3;0.16;0.02;0;94.45;0;45.66;0.11;0.04;1.62;1.89
2024;195;267;beauce_5_sa_065;solnu;;3.3;0.0;37.7;-45.06;0.0;39.3;31.88;0.1;0.07;0;0;0;-151.03;0.09;0.02;0.0;3.3
2024;268;366;beauce_5_sa_065;BTH;;1.69;0.0;19.94;-19.94;0.16;31.79;30.1;0.0;0.0;0;0.09;0;86.69;0.0;0.0;0.0;1.69
2024;1;174;beauce_5_sa_066;BTH;;1.67;0.0;29.42;15.42;46.6;8.5;5.04;0.03;0.0;0;28.75;0;-109.76;0.0;0.03;0.0;1.67
2024;175;294;beauce_5_sa_066;solnu;;1.27;0.0;47.91;1.7;0.0;5.04;53.28;0.07;0.03;0;0;0;-282.37;0.04;0.03;0.0;1.27
2024;295;366;beauce_5_sa_066;BTH;;0.54;0.0;10.04;-48.74;0.75;53.6;13.28;0.01;0.0;0;0.44;0;-36.75;0.0;0.0;0.0;0.54
2024;1;222;beauce_5_sa_067;BTH;;10.03;0.62;53.55;31.59;170.31;90.11;41.85;0.16;0.05;0;100.9;0;44.18;0.11;0.05;0.62;10.03
2024;223;305;beauce_5_sa_067;solnu;;3.1;0.0;32.11;-43.71;0.0;41.85;30.31;0.02;0.02;0;0;0;-162.25;0.01;0.01;0.0;3.1
2024;306;366;beauce_5_sa_067;BTH;;1.22;0.98;8.62;-15.05;2.34;30.16;94.51;0.03;0.0;0;1.38;0;33.08;0.02;0.0;0.98;1.22
2024;1;178;beauce_5_sa_068;BTH;;14.81;1.21;33.41;47.66;158.93;108.88;105.22;0.11;0.0;0;101.81;0;9.61;0.07;0.05;1.21;14.81
2024;179;290;beauce_5_sa_068;solnu;;9.57;0.0;47.83;11.68;0.0;105.22;155.14;0.2;0.09;0;0;0;-196.69;0.16;0.04;0.0;9.57
2024;291;366;beauce_5_sa_068;BTH;;3.81;0.52;12.49;-78.46;11.53;155.64;112.96;0.04;0.0;0;6.78;0;21.28;0.04;0.0;0.52;3.81
2024;1;183;beauce_5_sa_069;BTH;;13.11;1.93;36.77;42.57;125.09;98.65;183.66;0.11;0.0;0;107.13;0;-45.71;0.06;0.05;1.93;13.11
2024;184;265;beauce_5_sa_069;solnu;;16.07;0.0;40.41;-74.92;0.0;183.66;132.72;0.24;0.13;0;0;0;-135.83;0.22;0.02;0.0;16.07
2024;266;366;beauce_5_sa_069;BTH;;7.2;0.0;20.48;-13.23;7.73;132.71;125.03;0.0;0.0;0;4.55;0;110.78;0.0;0.0;0.0;7.2
2024;1;227;beauce_5_sa_070;BTH;;14.93;1.1;57.8;55.96;87.86;49.93;142.57;0.26;0.1;0;81.83;0;-217.49;0.19;0.07;1.1;14.93
2024;228;262;beauce_5_sa_070;solnu;;9.23;0.0;16.82;-14.24;0.0;142.57;135.81;0.05;0.06;0;0;0;-99.78;0.05;0.0;0.0;9.23
2024;263;366;beauce_5_sa_070;BTH;;5.61;0.0;20.5;-51.21;9.85;136.36;92.37;0.0;0.0;0;5.8;0;-23.99;0.0;0.0;0.0;5.61
2024;1;213;beauce_5_sa_071;BTH;;3.05;0.0;46.77;22.54;63.91;23.05;25.37;0.05;0.0;0;39.18;0;-135.3;0.01;0.04;0.0;3.05
2024;214;278;beauce_5_sa_071;solnu;;2.54;0.0;29.46;-47.5;0.0;25.37;11.95;0.03;0.02;0;0;0;-210.58;0.02;0.0;0.0;2.54
2024;279;366;beauce_5_sa_071;BTH;;0.66;0.28;14.72;-10.09;3.29;12.02;33.92;0.02;0.0;0;1.93;0;37.18;0.02;0.0;0.28;0.66
2024;1;205;beauce_5_sa_072;BTH;;9.44;1.0;45.21;67.48;132.19;76.91;122.59;0.13;0.0;0;101.6;0;-150.03;0.06;0.07;1.0;9.44
2024;206;270;beauce_5_sa_072;solnu;;11.29;0.0;29.89;-1.9;0.0;122.59;138.98;0.21;0.11;0;0;0;-167.22;0.19;0.02;0.0;11.29
2024;271;366;beauce_5_sa_072;BTH;;4.13;0.44;17.24;-69.18;6.18;139.48;109.37;0.02;0.0;0;3.64;0;-4.61;0.01;0.0;0.44;4.13
2024;1;228;beauce_5_sa_073;BTH;;11.0;1.82;59.6;62.53;177.5;43.6;112.97;0.34;0.12;0;119.46;0;-105.19;0.27;0.07;1.82;11.0
2024;229;282;beauce_5_sa_073;solnu;;7.28;0.0;23.35;-48.03;0.0;112.97;81.21;0.05;0.05;0;0;0;-114.7;0.04;0.01;0.0;7.28
2024;283;366;beauce_5_sa_073;BTH;;3.88;0.0;14.85;-15.35;0.0;81.21;77.38;0.0;0.0;0;0.0;0;46.97;0.0;0.0;0.0;3.88
2024;1;178;beauce_5_sa_074;BTH;;1.42;0.0;30.94;9.52;41.85;7.03;4.19;0.02;0.0;0;29.93;0;-118.14;0.0;0.02;0.0;1.42
2024;179;280;beauce_5_sa_074;solnu;;0.91;0.0;42.3;-1.99;0.0;4.19;43.51;0.05;0.03;0;0;0;-240.84;0.02;0.03;0.0;0.91
2024;281;366;beauce_5_sa_074;BTH;;0.46;0.0;13.78;-43.63;3.0;43.69;10.2;0.0;0.0;0;1.77;0;-50.31;0.0;0.0;0.0;0.46
2024;1;188;beauce_5_sa_075;BTH;;1.01;0.0;35.36;5.57;40.63;5.16;3.13;0.03;0.0;0;23.91;0;-90.85;0.0;0.03;0.0;1.01
2024;189;316;beauce_5_sa_075;solnu;;0.59;0.0;47.54;-41.67;0.0;3.13;8.37;0.06;0.02;0;0;0;-248.62;0.03;0.03;0.0;0.59
2024;317;366;beauce_5_sa_075;BTH;;0.22;0.0;6.38;-7.53;0.0;7.73;7.01;0.0;0.0;0;0.0;0;-9.82;0.0;0.0;0.0;0.22
2024;1;217;beauce_5_sa_076;BTH;;3.08;1.21;52.31;37.32;145.78;9.36;40.61;0.16;0.05;0;85.78;0;-51.87;0.1;0.05;1.21;3.08
2024;218;271;beauce_5_sa_076;solnu;;1.36;0.0;25.28;-41.13;0.0;40.61;14.86;0.04;0.03;0;0;0;-200.89;0.03;0.01;0.0;1.36
2024;272;366;beauce_5_sa_076;BTH;;0.78;0.0;17.47;-18.47;0.0;14.62;13.87;0.0;0.0;0;0.0;0;36.92;0.0;0.0;0.0;0.78
2024;1;175;beauce_5_sa_077;BTH;;28.17;2.81;33.6;37.19;216.24;179.54;214.96;0.24;0.03;0;128.24;0;129.08;0.2;0.04;2.81;28.17
2024;176;312;beauce_5_sa_077;solnu;;10.64;0.0;56.85;18.61;0.0;214.96;280.34;0.27;0.1;0;0;0;-159.8;0.23;0.05;0.0;10.64
2024;313;366;beauce_5_sa_077;BTH;;5.97;0.0;7.81;-85.25;2.81;280.54;194.11;0.01;0.0;0;1.65;0;28.93;0.01;0.0;0.0;5.97
2024;1;218;beauce_5_sa_078;BTH;;3.92;0.85;51.36;18.59;92.6;12.77;49.33;0.2;0.07;0;54.49;0;-12.32;0.16;0.04;0.85;3.92
2024;219;284;beauce_5_sa_078;solnu;;2.21;0.0;28.54;-41.1;0.0;49.33;28.97;0.03;0.02;0;0;0;-106.86;0.02;0.01;0.0;2.21
2024;285;366;beauce_5_sa_078;BTH;;1.35;0.0;13.75;-16.8;0.0;28.89;27.6;0.0;0.0;0;0.0;0;-23.2;0.0;0.0;0.0;1.35
2024;1;221;beauce_5_sa_079;BTH;;1.86;0.0;50.43;15.04;47.04;6.37;22.89;0.07;0.03;0;27.68;0;-167.92;0.03;0.04;0.0;1.86
2024;222;290;beauce_5_sa_079;solnu;;1.06;0.0;26.95;-36.01;0.0;22.89;13.25;0.02;0.01;0;0;0;-178.16;0.01;0.01;0.0;1.06
2024;291;366;beauce_5_sa_079;BTH;;0.61;0.0;11.66;-12.63;0.0;13.25;12.69;0.0;0.0;0;0.0;0;-21.72;0.0;0.0;0.0;0.61
2024;1;192;beauce_5_sa_080;BTH;;16.1;1.51;37.54;51.12;174.21;102.58;113.04;0.14;0.03;0;103.64;0;-58.08;0.08;0.05;1.51;16.1
2024;193;311;beauce_5_sa_080;solnu;;2.57;0.0;45.04;12.7;0.0;113.04;168.16;0.23;0.08;0;0;0;-212.96;0.2;0.04;0.0;2.57
2024;312;366;beauce_5_sa_080;BTH;;2.86;0.0;7.38;-80.64;0.0;168.54;92.04;0.0;0.0;0;0.0;0;2.18;0.0;0.0;0.0;2.86
2024;1;221;beauce_5_sa_081;BTH;;7.39;0.81;52.15;44.93;104.83;22.98;68.22;0.25;0.08;0;71.44;0;-161.56;0.19;0.06;0.81;7.39
2024;222;272;beauce_5_sa_081;solnu;;3.88;0.0;22.44;-9.41;0.0;68.22;77.3;0.04;0.03;0;0;0;-127.11;0.03;0.01;0.0;3.88
2024;273;366;beauce_5_sa_081;BTH;;2.23;0.0;16.3;-50.38;0.0;77.71;45.19;0.0;0.0;0;0.0;0;-73.81;0.0;0.0;0.0;2.23
2024;1;202;beauce_5_sa_082;BTH;;0.8;0.0;41.4;4.81;46.28;4.06;3.23;0.03;0.0;0;27.23;0;-97.16;0.0;0.03;0.0;0.8
2024;203;317;beauce_5_sa_082;solnu;;0.37;0.0;41.48;-41.42;0.0;3.23;3.12;0.03;0.01;0;0;0;-228.29;0.01;0.02;0.0;0.37
2024;318;366;beauce_5_sa_082;BTH;;0.09;0.0;6.27;-6.29;0.0;3.12;3.04;0.0;0.0;0;0.0;0;-7.97;0.0;0.0;0.0;0.09
2024;1;185;beauce_5_sa_083;BTH;;1.87;0.45;33.79;14.96;81.5;9.32;8.04;0.08;0.01;0;51.49;0;-90.3;0.05;0.03;0.45;1.87
2024;186;278;beauce_5_sa_083;solnu;;1.36;0.0;39.77;4.62;0.0;8.04;50.97;0.06;0.04;0;0;0;-199.58;0.04;0.03;0.0;1.36
2024;279;366;beauce_5_sa_083;BTH;;0.66;0.0;14.22;-50.34;1.5;51.23;13.72;0.0;0.0;0;0.88;0;-57.86;0.0;0.0;0.0;0.66
2024;1;226;beauce_5_sa_084;BTH;;16.74;1.84;53.55;57.01;195.19;98.98;135.68;0.33;0.11;0;115.24;0;-61.6;0.26;0.07;1.84;16.74
2024;227;317;beauce_5_sa_084;solnu;;1.57;0.0;32.16;-1.18;0.0;135.68;164.93;0.09;0.06;0;0;0;-138.03;0.07;0.02;0.0;1.57
2024;318;366;beauce_5_sa_084;BTH;;3.31;0.0;6.56;-58.47;0.0;165.13;109.71;0.0;0.0;0;0.0;0;7.92;0.0;0.0;0.0;3.31
2024;1;177;beauce_5_sa_085;BTH;;1.7;0.0;30.39;21.35;52.38;8.67;4.82;0.03;0.0;0;31.52;0;-135.48;0.0;0.03;0.0;1.7
2024;178;297;beauce_5_sa_085;solnu;;1.2;0.0;46.66;3.36;0.0;4.82;53.58;0.07;0.03;0;0;0;-292.03;0.04;0.03;0.0;1.2
2024;298;366;beauce_5_sa_085;BTH;;0.52;0.0;9.24;-49.38;0.0;53.78;12.91;0.01;0.0;0;0.0;0;-37.37;0.01;0.0;0.0;0.52
2024;1;228;beauce_5_sa_086;BTH;;20.43;0.6;54.92;67.01;173.23;129.91;103.15;0.2;0.05;0;102.71;0;-105.59;0.12;0.07;0.6;20.43
2024;229;314;beauce_5_sa_086;solnu;;7.83;0.0;29.73;-2.88;0.0;103.15;122.04;0.08;0.05;0;0;0;-152.7;0.06;0.02;0.0;7.83
2024;315;366;beauce_5_sa_086;BTH;;2.39;1.13;6.83;-75.16;3.04;122.24;133.5;0.04;0.0;0;1.79;0;-3.93;0.04;0.0;1.13;2.39
2024;1;172;beauce_5_sa_087;BTH;;1.89;0.0;28.58;14.33;43.75;8.3;5.56;0.03;0.0;0;28.39;0;-111.66;0.0;0.03;0.0;1.89
2024;173;265;beauce_5_sa_087;solnu;;1.24;0.0;40.59;-1.83;0.0;5.56;42.98;0.06;0.04;0;0;0;-229.98;0.04;0.03;0.0;1.24
2024;266;366;beauce_5_sa_087;BTH;;0.71;0.0;18.28;-45.7;1.5;43.34;13.35;0.0;0.0;0;0.88;0;-71.93;0.0;0.0;0.0;0.71
2024;1;210;beauce_5_sa_088;BTH;;2.4;1.2;46.47;32.24;150.66;12.37;28.13;0.11;0.01;0;92.19;0;-72.18;0.06;0.05;1.2;2.4
2024;211;280;beauce_5_sa_088;solnu;;2.18;0.0;30.82;-3.27;0.0;28.13;53.38;0.07;0.05;0;0;0;-134.83;0.05;0.02;0.0;2.18
2024;281;366;beauce_5_sa_088;BTH;;0.88;0.0;14.18;-49.73;0.0;53.58;19.31;0.0;0.0;0;0.0;0;-43.17;0.0;0.0;0.0;0.88
2024;1;179;beauce_5_sa_089;BTH;;1.22;0.0;31.79;9.81;42.03;6.21;4.53;0.03;0.0;0;24.73;0;-91.64;0.0;0.03;0.0;1.22
2024;180;303;beauce_5_sa_089;solnu;;0.89;0.0;48.39;-42.65;0.0;4.53;9.32;0.04;0.03;0;0;0;-244.64;0.02;0.02;0.0;0.89
2024;304;366;beauce_5_sa_089;BTH;;0.37;0.0;8.55;-8.51;0.0;9.32;9.0;0.0;0.0;0;0.0;0;-14.68;0.0;0.0;0.0;0.37
2024;1;218;beauce_5_sa_090;BTH;;20.35;1.45;51.4;70.15;127.0;84.45;166.31;0.28;0.12;0;103.09;0;-217.09;0.21;0.07;1.45;20.35
2024;219;270;beauce_5_sa_090;solnu;;8.66;0.0;23.56;-8.11;0.0;166.31;157.97;0.07;0.05;0;0;0;-140.18;0.06;0.01;0.0;8.66
2024;271;366;beauce_5_sa_090;BTH;;5.22;0.0;17.1;-61.17;6.21;158.43;102.47;0.0;0.0;0;3.66;0;-1.44;0.0;0.0;0.0;5.22
2024;1;228;beauce_5_sa_091;BTH;;3.0;0.0;51.42;26.48;61.32;10.88;24.45;0.07;0.02;0;36.08;0;-258.98;0.02;0.05;0.0;3.0
2024;229;315;beauce_5_sa_091;solnu;;1.14;0.0;27.55;-8.58;0.0;24.45;42.21;0.04;0.02;0;0;0;-177.85;0.03;0.01;0.0;1.14
2024;316;366;beauce_5_sa_091;BTH;;0.44;0.0;6.2;-34.37;0.0;42.53;14.62;0.0;0.0;0;0.0;0;-45.59;0.0;0.0;0.0;0.44
2024;1;214;beauce_5_sa_092;BTH;;1.7;0.16;46.28;17.12;58.16;8.6;24.15;0.04;0.0;0;38.64;0;-147.22;0.0;0.04;0.16;1.7
2024;215;282;beauce_5_sa_092;solnu;;1.98;0.0;28.68;-9.98;0.0;24.15;40.77;0.05;0.04;0;0;0;-166.87;0.04;0.01;0.0;1.98
2024;283;366;beauce_5_sa_092;BTH;;0.65;0.0;13.55;-40.43;0.0;41.17;14.36;0.0;0.0;0;0.0;0;-54.82;0.0;0.0;0.0;0.65
2024;1;206;beauce_5_sa_093;BTH;;13.34;1.37;43.66;71.07;143.68;85.27;145.07;0.09;0.0;0;99.92;0;-190.93;0.03;0.07;1.37;13.34
2024;207;283;beauce_5_sa_093;solnu;;12.55;0.0;32.4;1.62;0.0;145.07;166.2;0.22;0.12;0;0;0;-181.17;0.2;0.02;0.0;12.55
2024;284;366;beauce_5_sa_093;BTH;;4.39;0.0;13.39;-73.41;4.5;166.76;97.28;0.0;0.0;0;2.65;0;-17.85;0.0;0.0;0.0;4.39
2024;1;216;beauce_5_sa_094;BTH;;1.19;0.0;49.33;25.15;57.95;19.49;34.85;0.06;0.0;0;34.84;0;-148.24;0.01;0.04;0.0;1.19
2024;217;262;beauce_5_sa_094;solnu;;2.85;0.0;22.23;-37.95;0.0;34.85;21.07;0.06;0.06;0;0;0;-194.11;0.06;0.0;0.0;2.85
2024;263;366;beauce_5_sa_094;BTH;;1.13;0.24;20.23;-19.92;3.29;21.07;35.27;0.01;0.0;0;1.93;0;5.16;0.01;0.0;0.24;1.13
2024;1;177;beauce_5_sa_095;BTH;;8.11;1.32;33.19;38.87;99.9;53.91;114.68;0.08;0.0;0;74.16;0;-34.72;0.03;0.04;1.32;8.11
2024;178;283;beauce_5_sa_095;solnu;;10.29;0.0;47.24;-65.46;0.0;114.68;86.94;0.2;0.1;0;0;0;-171.6;0.18;0.02;0.0;10.29
2024;284;366;beauce_5_sa_095;BTH;;4.61;0.0;14.63;-11.9;1.1;86.75;83.95;0.0;0.0;0;0.65;0;57.47;0.0;0.0;0.0;4.61
2024;1;190;beauce_5_sa_096;BTH;;7.23;0.0;36.38;22.82;106.98;73.05;17.36;0.07;0.0;0;63.63;0;-31.27;0.02;0.04;0.0;7.23
2024;191;313;beauce_5_sa_096;solnu;;3.07;0.0;46.65;6.58;0.0;17.36;67.53;0.08;0.03;0;0;0;-221.27;0.05;0.03;0.0;3.07
2024;314;366;beauce_5_sa_096;BTH;;0.72;0.9;6.88;-67.86;2.34;67.72;71.8;0.02;0.0;0;1.38;0;-24.21;0.02;0.0;0.9;0.72
2024;1;184;beauce_5_sa_097;BTH;;1.19;0.0;34.05;11.35;45.16;5.93;3.45;0.03;0.0;0;26.58;0;-102.61;0.0;0.03;0.0;1.19
2024;185;281;beauce_5_sa_097;solnu;;0.59;0.0;41.22;-36.57;0.0;3.45;7.49;0.03;0.02;0;0;0;-223.72;0.01;0.02;0.0;0.59
2024;282;366;beauce_5_sa_097;BTH;;0.33;0.0;14.07;-14.7;0.0;7.07;6.63;0.0;0.0;0;0.0;0;-28.38;0.0;0.0;0.0;0.33
2024;1;186;beauce_5_sa_098;BTH;;6.23;0.93;36.03;40.3;99.46;28.83;69.16;0.08;0.0;0;71.9;0;-79.34;0.03;0.05;0.93;6.23
2024;187;265;beauce_5_sa_098;solnu;;7.14;0.0;37.43;1.68;0.0;69.16;100.88;0.15;0.09;0;0;0;-182.11;0.13;0.02;0.0;7.14
2024;266;366;beauce_5_sa_098;BTH;;2.85;0.0;19.16;-59.97;6.48;101.28;51.14;0.0;0.0;0;3.81;0;-15.63;0.0;0.0;0.0;2.85
2024;1;203;beauce_5_sa_099;BTH;;16.48;2.19;48.01;40.01;137.78;137.65;235.06;0.19;0.01;0;120.88;0;-166.73;0.14;0.05;2.19;16.48
2024;204;260;beauce_5_sa_099;solnu;;29.43;0.0;29.07;-102.43;0.0;235.06;132.02;0.18;0.07;0;0;0;-40.84;0.18;0.0;0.0;29.43
2024;261;366;beauce_5_sa_099;BTH;;7.4;0.0;22.57;22.63;34.62;132.09;135.16;0.04;0.0;0;20.37;0;100.49;0.01;0.03;0.0;7.4
2025;1;218;beauce_5_sa_000;BTH;;1.2;0.69;61.39;24.54;86.25;14.77;64.97;0.06;0.0;0;51.74;0;-243.9;0.01;0.05;0.69;1.2
2025;219;268;beauce_5_sa_000;solnu;;0.05;0.0;16.43;-74.59;0.0;64.97;7.07;0.0;0.0;0;0;0;-41.8;0.0;0.0;0.0;0.05
2025;269;365;beauce_5_sa_000;BTH;;0.66;0.0;13.82;-13.78;0.0;6.89;6.44;0.0;0.0;0;0.0;0;62.04;0.0;0.0;0.0;0.66
2025;1;201;beauce_5_sa_001;BTH;;0.59;0.67;54.28;18.57;100.92;7.07;28.63;0.05;0.0;0;59.38;0;-118.45;0.0;0.04;0.67;0.59
2025;202;287;beauce_5_sa_001;solnu;;0.0;0.0;28.52;-57.04;0.0;28.63;3.35;0.01;0.0;0;0;0;-146.37;0.0;0.01;0.0;0.0
2025;288;365;beauce_5_sa_001;BTH;;0.23;0.0;9.33;-9.42;0.0;3.49;3.16;0.0;0.0;0;0.0;0;32.02;0.0;0.0;0.0;0.23
2025;1;213;beauce_5_sa_002;BTH;;6.48;1.85;57.15;34.88;160.31;77.13;140.73;0.06;0.0;0;94.33;0;-47.38;0.0;0.06;1.85;6.48
2025;214;310;beauce_5_sa_002;solnu;;0.0;0.0;27.78;-108.07;0.0;140.73;60.39;0.05;0.0;0;0;0;-23.48;0.04;0.01;0.0;0.0
2025;311;365;beauce_5_sa_002;BTH;;0.3;0.0;5.92;7.22;1.51;60.52;71.7;0.03;0.0;0;0.89;0;51.1;0.02;0.01;0.0;0.3
2025;1;192;beauce_5_sa_003;BTH;;2.99;1.95;49.09;31.0;178.54;37.13;81.92;0.07;0.0;0;106.8;0;-88.39;0.02;0.05;1.95;2.99
2025;193;279;beauce_5_sa_003;solnu;;0.0;0.0;39.73;-105.01;0.0;81.92;16.64;0.01;0.0;0;0;0;-81.38;0.0;0.01;0.0;0.0
2025;280;365;beauce_5_sa_003;BTH;;0.27;0.0;12.19;8.02;8.73;16.7;27.83;0.02;0.0;0;5.14;0;79.88;0.01;0.01;0.0;0.27
2025;1;227;beauce_5_sa_004;BTH;;1.56;0.0;59.13;26.52;51.88;18.6;50.8;0.05;0.0;0;30.53;0;-318.13;0.0;0.05;0.0;1.56
2025;228;282;beauce_5_sa_004;solnu;;0.2;0.0;14.18;-16.17;0.0;50.8;48.59;0.02;0.0;0;0;0;-89.27;0.02;0.0;0.0;0.2
2025;283;365;beauce_5_sa_004;BTH;;1.23;0.0;9.51;-40.47;2.92;48.72;13.49;0.0;0.0;0;1.72;0;-27.73;0.0;0.0;0.0;1.23
2025;1;179;beauce_5_sa_005;BTH;;1.12;0.13;33.81;22.26;70.2;13.42;8.14;0.03;0.0;0;43.81;0;-160.42;0.0;0.03;0.13;1.12
2025;180;290;beauce_5_sa_005;solnu;;0.0;0.0;38.27;-0.65;0.0;8.14;45.7;0.04;0.0;0;0;0;-238.99;0.02;0.02;0.0;0.0
2025;291;365;beauce_5_sa_005;BTH;;0.81;0.0;8.18;-44.66;0.0;45.96;9.35;0.0;0.0;0;0.0;0;-45.19;0.0;0.0;0.0;0.81
2025;1;175;beauce_5_sa_006;BTH;;3.48;0.77;35.58;24.87;96.26;43.97;60.83;0.04;0.0;0;59.79;0;-105.69;0.01;0.04;0.77;3.48
2025;176;283;beauce_5_sa_006;solnu;;0.0;0.0;43.19;-84.44;0.0;60.83;19.75;0.01;0.0;0;0;0;-159.75;0.0;0.01;0.0;0.0
2025;284;365;beauce_5_sa_006;BTH;;1.61;0.0;10.66;-9.11;0.0;19.75;19.68;0.0;0.0;0;0.0;0;46.7;0.0;0.0;0.0;1.61
2025;1;222;beauce_5_sa_007;BTH;;4.06;1.82;62.38;27.14;170.49;48.28;99.97;0.06;0.0;0;100.32;0;-25.8;0.01;0.06;1.82;4.06
2025;223;317;beauce_5_sa_007;solnu;;0.0;0.0;25.69;-88.27;0.0;99.97;37.34;0.05;0.0;0;0;0;-59.84;0.05;0.01;0.0;0.0
2025;318;365;beauce_5_sa_007;BTH;;1.56;0.0;4.81;-5.13;0.0;37.14;35.47;0.0;0.0;0;0.0;0;40.84;0.0;0.0;0.0;1.56
2025;1;181;beauce_5_sa_008;BTH;;2.32;0.99;37.23;24.01;147.97;41.59;25.18;0.05;0.0;0;89.01;0;-9.66;0.02;0.04;0.99;2.32
2025;182;296;beauce_5_sa_008;solnu;;0.0;0.0;40.0;-54.37;0.0;25.18;14.87;0.01;0.0;0;0;0;-168.87;0.0;0.01;0.0;0.0
2025;297;365;beauce_5_sa_008;BTH;;0.72;0.32;7.95;-11.59;1.51;14.87;32.9;0.01;0.0;0;0.89;0;49.23;0.01;0.0;0.32;0.72
2025;1;176;beauce_5_sa_009;BTH;;0.58;0.17;33.53;19.67;67.91;7.51;4.66;0.03;0.0;0;39.96;0;-115.11;0.0;0.03;0.17;0.58
2025;177;296;beauce_5_sa_009;solnu;;0.0;0.0;43.01;-47.9;0.0;4.66;3.71;0.01;0.0;0;0;0;-261.51;0.0;0.01;0.0;0.0
2025;297;365;beauce_5_sa_009;BTH;;0.28;0.0;7.49;-7.48;0.0;3.73;3.45;0.0;0.0;0;0.0;0;9.57;0.0;0.0;0.0;0.28
2025;1;210;beauce_5_sa_010;BTH;;3.5;1.27;63.75;37.11;118.06;42.68;116.77;0.12;0.0;0;74.62;0;-257.72;0.06;0.06;1.27;3.5
2025;211;260;beauce_5_sa_010;solnu;;0.0;0.0;20.94;-114.09;0.0;116.77;23.62;0.0;0.0;0;0;0;-28.34;0.0;0.0;0.0;0.0
2025;261;365;beauce_5_sa_010;BTH;;2.04;0.0;17.55;24.31;29.14;23.93;34.25;0.04;0.01;0;17.15;0;53.56;0.01;0.03;0.0;2.04
2025;1;188;beauce_5_sa_011;BTH;;0.69;0.0;40.69;22.2;62.23;8.26;8.21;0.04;0.0;0;36.62;0;-203.11;0.0;0.04;0.0;0.69
2025;189;298;beauce_5_sa_011;solnu;;0.02;0.0;34.89;-6.34;0.0;8.21;36.7;0.03;0.0;0;0;0;-212.5;0.02;0.02;0.0;0.02
2025;299;365;beauce_5_sa_011;BTH;;0.58;0.0;6.79;-37.68;0.0;37.0;6.47;0.0;0.0;0;0.0;0;-42.35;0.0;0.0;0.0;0.58
2025;1;203;beauce_5_sa_012;BTH;;4.63;1.97;54.23;35.29;173.88;55.1;113.89;0.06;0.0;0;102.32;0;-26.71;0.01;0.05;1.97;4.63
2025;204;302;beauce_5_sa_012;solnu;;0.0;0.0;29.68;-5.15;0.0;113.89;138.36;0.06;0.0;0;0;0;-105.93;0.04;0.02;0.0;0.0
2025;303;365;beauce_5_sa_012;BTH;;2.18;0.0;6.96;-89.78;2.7;138.74;50.62;0.04;0.0;0;1.59;0;27.9;0.04;0.0;0.0;2.18
2025;1;180;beauce_5_sa_013;BTH;;0.93;0.33;36.24;11.93;75.5;11.04;6.43;0.03;0.0;0;44.43;0;-70.21;0.0;0.03;0.33;0.93
2025;181;307;beauce_5_sa_013;solnu;;0.03;0.0;43.27;-42.68;0.0;6.43;8.55;0.04;0.0;0;0;0;-225.89;0.02;0.02;0.0;0.03
2025;308;365;beauce_5_sa_013;BTH;;0.69;0.0;5.73;-6.98;0.0;8.55;7.92;0.0;0.0;0;0.0;0;-16.31;0.0;0.0;0.0;0.69
2025;1;220;beauce_5_sa_014;BTH;;0.75;0.0;58.08;16.24;54.43;8.96;28.07;0.05;0.0;0;32.03;0;-257.59;0.0;0.05;0.0;0.75
2025;221;301;beauce_5_sa_014;solnu;;0.06;0.0;21.17;-43.02;0.0;28.07;7.4;0.02;0.0;0;0;0;-137.53;0.01;0.0;0.0;0.06
2025;302;365;beauce_5_sa_014;BTH;;0.62;0.0;6.34;-7.71;0.0;7.48;6.81;0.0;0.0;0;0.0;0;-25.51;0.0;0.0;0.0;0.62
2025;1;219;beauce_5_sa_015;BTH;;1.08;0.0;56.36;24.4;53.51;12.98;39.13;0.05;0.0;0;31.49;0;-290.49;0.0;0.05;0.0;1.08
2025;220;290;beauce_5_sa_015;solnu;;0.1;0.0;18.78;-15.39;0.0;39.13;42.39;0.03;0.0;0;0;0;-119.37;0.02;0.0;0.0;0.1
2025;291;365;beauce_5_sa_015;BTH;;0.92;0.0;8.15;-39.7;0.0;42.58;10.17;0.0;0.0;0;0.0;0;-27.07;0.0;0.0;0.0;0.92
2025;1;228;beauce_5_sa_016;BTH;;9.68;2.17;72.52;37.14;163.28;115.14;214.2;0.07;0.0;0;96.08;0;-75.96;0.01;0.07;2.17;9.68
2025;229;286;beauce_5_sa_016;solnu;;0.0;0.0;20.78;-88.82;0.0;214.2;146.06;0.08;0.02;0;0;0;-103.19;0.08;0.0;0.0;0.0
2025;287;365;beauce_5_sa_016;BTH;;4.67;0.0;10.33;-16.64;16.04;143.73;119.01;0.03;0.0;0;9.44;0;85.45;0.03;0.01;0.0;4.67
2025;1;194;beauce_5_sa_017;BTH;;0.58;0.61;46.88;10.37;99.81;6.95;9.27;0.04;0.0;0;58.73;0;-58.02;0.0;0.04;0.61;0.58
2025;195;310;beauce_5_sa_017;solnu;;0.0;0.0;35.04;-38.84;0.0;9.27;5.88;0.03;0.0;0;0;0;-152.59;0.01;0.02;0.0;0.0
2025;311;365;beauce_5_sa_017;BTH;;0.34;0.0;5.47;-8.35;0.0;5.88;5.57;0.0;0.0;0;0.0;0;-50.07;0.0;0.0;0.0;0.34
2025;1;198;beauce_5_sa_018;BTH;;0.11;0.78;55.15;22.62;105.74;6.3;36.38;0.08;0.0;0;68.04;0;-202.29;0.03;0.05;0.78;0.11
2025;199;259;beauce_5_sa_018;solnu;;0.0;0.0;25.95;-65.69;0.0;36.38;1.63;0.0;0.0;0;0;0;-154.37;0.0;0.0;0.0;0.0
2025;260;365;beauce_5_sa_018;BTH;;0.12;0.0;17.56;-15.49;0.73;1.78;2.85;0.0;0.0;0;0.43;0;74.59;0.0;0.0;0.0;0.12
2025;1;222;beauce_5_sa_019;BTH;;0.97;0.0;59.23;13.85;50.45;11.6;33.21;0.04;0.0;0;29.69;0;-248.32;0.0;0.04;0.0;0.97
2025;223;296;beauce_5_sa_019;solnu;;0.1;0.0;19.33;-16.59;0.0;33.21;35.82;0.02;0.0;0;0;0;-112.93;0.02;0.0;0.0;0.1
2025;297;365;beauce_5_sa_019;BTH;;0.78;0.0;7.31;-34.68;0.0;36.06;8.62;0.0;0.0;0;0.0;0;-26.57;0.0;0.0;0.0;0.78
2025;1;195;beauce_5_sa_020;BTH;;1.13;1.91;44.68;15.21;201.02;13.47;14.32;0.05;0.0;0;118.29;0;62.21;0.01;0.04;1.91;1.13
2025;196;300;beauce_5_sa_020;solnu;;0.0;0.0;28.89;-38.95;0.0;14.32;7.22;0.02;0.0;0;0;0;-115.26;0.01;0.01;0.0;0.0
2025;301;365;beauce_5_sa_020;BTH;;0.0;0.0;7.47;-8.13;0.0;6.9;7.04;0.0;0.0;0;0.0;0;52.79;0.0;0.0;0.0;0.0
2025;1;230;beauce_5_sa_021;BTH;;1.33;0.33;63.27;12.26;76.25;15.89;38.54;0.05;0.0;0;44.87;0;-182.74;0.0;0.05;0.33;1.33
2025;231;312;beauce_5_sa_021;solnu;;0.06;0.0;19.71;-39.58;0.0;38.54;18.57;0.03;0.0;0;0;0;-100.93;0.03;0.01;0.0;0.06
2025;313;365;beauce_5_sa_021;BTH;;1.02;0.0;5.01;-12.87;0.0;16.54;12.62;0.0;0.0;0;0.0;0;-42.54;0.0;0.0;0.0;1.02
2025;1;198;beauce_5_sa_022;BTH;;11.33;1.72;54.37;53.99;149.1;147.4;224.31;0.09;0.0;0;95.38;0;-63.42;0.02;0.07;1.72;11.33
2025;199;280;beauce_5_sa_022;solnu;;0.0;0.0;31.17;-7.65;0.0;224.31;247.75;0.08;0.0;0;0;0;-170.03;0.06;0.02;0.0;0.0
2025;281;365;beauce_5_sa_022;BTH;;6.06;0.35;11.32;-90.59;26.49;247.99;162.1;0.07;0.0;0;15.59;0;52.31;0.07;0.0;0.35;6.06
2025;1;206;beauce_5_sa_023;BTH;;0.93;0.79;54.19;18.58;113.54;8.69;25.83;0.07;0.0;0;66.81;0;-77.91;0.02;0.05;0.79;0.93
2025;207;315;beauce_5_sa_023;solnu;;0.33;0.0;29.24;-47.72;0.0;25.83;12.37;0.02;0.0;0;0;0;-203.79;0.01;0.01;0.0;0.33
2025;316;365;beauce_5_sa_023;BTH;;0.7;0.0;4.7;-5.81;0.0;12.51;11.59;0.0;0.0;0;0.0;0;-7.98;0.0;0.0;0.0;0.7
2025;1;208;beauce_5_sa_024;BTH;;1.48;0.44;54.79;28.33;84.31;17.24;47.71;0.05;0.0;0;49.61;0;-209.42;0.0;0.05;0.44;1.48
2025;209;272;beauce_5_sa_024;solnu;;0.07;0.0;19.77;-14.63;0.0;47.71;52.76;0.02;0.0;0;0;0;-119.94;0.02;0.01;0.0;0.07
2025;273;365;beauce_5_sa_024;BTH;;1.28;0.0;12.17;-50.13;1.5;53.03;12.44;0.0;0.0;0;0.88;0;-19.94;0.0;0.0;0.0;1.28
2025;1;193;beauce_5_sa_025;BTH;;0.5;0.0;44.8;20.96;51.34;5.94;19.88;0.04;0.0;0;30.21;0;-189.82;0.0;0.04;0.0;0.5
2025;194;280;beauce_5_sa_025;solnu;;0.04;0.0;29.98;-48.09;0.0;19.88;2.78;0.01;0.0;0;0;0;-194.93;0.0;0.01;0.0;0.04
2025;281;365;beauce_5_sa_025;BTH;;0.23;0.0;10.31;-10.25;0.0;2.91;2.61;0.0;0.0;0;0.0;0;-1.7;0.0;0.0;0.0;0.23
2025;1;221;beauce_5_sa_026;BTH;;25.51;2.46;73.46;50.14;190.26;359.74;452.43;0.14;0.0;0;113.7;0;-138.81;0.06;0.07;2.46;25.51
2025;222;278;beauce_5_sa_026;solnu;;0.0;0.0;24.7;-107.92;0.0;452.43;369.09;0.08;0.02;0;0;0;-70.94;0.07;0.0;0.0;0.0
2025;279;365;beauce_5_sa_026;BTH;;11.37;1.05;12.41;16.92;29.51;369.34;436.05;0.13;0.0;0;17.37;0;94.4;0.11;0.02;1.05;11.37
2025;1;208;beauce_5_sa_027;BTH;;1.97;0.86;54.34;37.64;113.49;23.32;63.96;0.07;0.0;0;66.78;0;-179.04;0.01;0.06;0.86;1.97
2025;209;285;beauce_5_sa_027;solnu;;0.0;0.0;22.81;-11.42;0.0;63.96;75.32;0.04;0.0;0;0;0;-130.83;0.03;0.01;0.0;0.0
2025;286;365;beauce_5_sa_027;BTH;;1.71;0.0;9.36;-61.43;3.0;75.64;18.87;0.0;0.0;0;1.77;0;-7.22;0.0;0.0;0.0;1.71
2025;1;223;beauce_5_sa_028;BTH;;14.37;2.01;56.5;64.67;150.15;171.23;278.31;0.07;0.0;0;88.35;0;-131.05;0.0;0.07;2.01;14.37
2025;224;314;beauce_5_sa_028;solnu;;0.0;0.0;22.4;-6.1;0.0;278.31;294.5;0.11;0.0;0;0;0;-120.97;0.1;0.01;0.0;0.0
2025;315;365;beauce_5_sa_028;BTH;;6.12;0.0;4.82;-85.65;0.85;294.69;206.66;0.06;0.0;0;0.5;0;3.74;0.06;0.0;0.0;6.12
2025;1;226;beauce_5_sa_029;BTH;;2.03;0.14;60.83;24.7;58.71;23.42;58.56;0.05;0.0;0;34.55;0;-280.16;0.0;0.05;0.14;2.03
2025;227;268;beauce_5_sa_029;solnu;;0.32;0.0;11.62;-16.13;0.0;58.56;53.71;0.02;0.0;0;0;0;-87.01;0.02;0.0;0.0;0.32
2025;269;365;beauce_5_sa_029;BTH;;1.59;0.0;13.09;-49.1;1.5;53.85;14.93;0.0;0.0;0;0.88;0;-1.28;0.0;0.0;0.0;1.59
2025;1;177;beauce_5_sa_030;BTH;;0.64;0.0;33.56;24.92;60.58;8.91;4.6;0.04;0.0;0;36.17;0;-169.3;0.0;0.04;0.0;0.64
2025;178;289;beauce_5_sa_030;solnu;;0.02;0.0;39.59;-45.03;0.0;4.6;4.08;0.01;0.0;0;0;0;-293.36;0.0;0.01;0.0;0.02
2025;290;365;beauce_5_sa_030;BTH;;0.33;0.0;8.42;-8.51;0.0;3.93;3.68;0.0;0.0;0;0.0;0;-7.23;0.0;0.0;0.0;0.33
2025;1;211;beauce_5_sa_031;BTH;;1.68;0.0;56.41;29.09;51.71;18.93;50.94;0.06;0.0;0;31.06;0;-329.31;0.0;0.05;0.0;1.68
2025;212;261;beauce_5_sa_031;solnu;;0.0;0.0;15.29;-51.02;0.0;50.94;15.22;0.0;0.0;0;0;0;-103.59;0.0;0.0;0.0;0.0
2025;262;365;beauce_5_sa_031;BTH;;1.02;0.0;15.45;-21.09;0.0;9.95;8.56;0.0;0.0;0;0.0;0;-14.39;0.0;0.0;0.0;1.02
2025;1;171;beauce_5_sa_032;BTH;;8.22;1.38;33.07;7.04;105.76;98.26;126.84;0.03;0.0;0;62.23;0;59.94;0.0;0.02;1.38;8.22
2025;172;311;beauce_5_sa_032;solnu;;0.0;0.0;46.35;10.58;0.0;126.84;184.0;0.08;0.0;0;0;0;-142.16;0.05;0.04;0.0;0.0
2025;312;365;beauce_5_sa_032;BTH;;4.08;0.0;5.58;-82.42;1.47;184.19;101.55;0.05;0.0;0;0.87;0;11.68;0.05;0.0;0.0;4.08
2025;1;182;beauce_5_sa_033;BTH;;14.42;2.39;39.8;50.07;135.06;162.98;282.92;0.11;0.0;0;93.41;0;-29.77;0.05;0.05;2.39;14.42
2025;183;266;beauce_5_sa_033;solnu;;0.0;0.0;37.2;-0.24;0.0;282.92;319.86;0.02;0.0;0;0;0;-176.91;0.0;0.02;0.0;0.0
2025;267;365;beauce_5_sa_033;BTH;;7.62;0.0;15.03;-82.24;50.84;320.41;194.05;0.14;0.0;0;29.92;0;50.4;0.13;0.01;0.0;7.62
2025;1;223;beauce_5_sa_034;BTH;;1.67;0.0;60.22;20.15;106.03;14.24;38.06;0.08;0.0;0;62.39;0;-139.75;0.03;0.05;0.0;1.67
2025;224;313;beauce_5_sa_034;solnu;;0.14;0.0;22.42;-49.26;0.0;38.06;16.49;0.02;0.0;0;0;0;-166.24;0.02;0.0;0.0;0.14
2025;314;365;beauce_5_sa_034;BTH;;1.25;0.68;4.96;-7.55;0.0;16.16;15.25;0.0;0.0;0;0.0;0;-25.45;0.0;0.0;0.68;1.25
2025;1;216;beauce_5_sa_035;BTH;;5.5;1.05;61.84;25.77;84.89;65.83;141.69;0.06;0.0;0;49.95;0;-78.55;0.0;0.05;1.05;5.5
2025;217;288;beauce_5_sa_035;solnu;;0.0;0.0;22.36;-73.56;0.0;141.69;90.43;0.05;0.0;0;0;0;-100.54;0.05;0.01;0.0;0.0
2025;289;365;beauce_5_sa_035;BTH;;4.33;0.0;9.52;-19.38;14.54;88.5;61.67;0.03;0.0;0;8.56;0;47.92;0.02;0.0;0.0;4.33
2025;1;178;beauce_5_sa_036;BTH;;1.47;0.84;35.12;13.84;117.66;17.43;10.46;0.05;0.0;0;69.24;0;-7.52;0.01;0.03;0.84;1.47
2025;179;293;beauce_5_sa_036;solnu;;0.0;0.0;42.11;-2.1;0.0;10.46;50.43;0.04;0.0;0;0;0;-179.4;0.02;0.03;0.0;0.0
2025;294;365;beauce_5_sa_036;BTH;;0.7;0.0;8.34;-49.9;0.0;50.67;11.65;0.0;0.0;0;0.0;0;-37.81;0.0;0.0;0.0;0.7
2025;1;222;beauce_5_sa_037;BTH;;13.54;2.04;68.06;64.96;197.98;194.39;269.31;0.14;0.0;0;119.31;0;-246.94;0.06;0.08;2.04;13.54
2025;223;278;beauce_5_sa_037;solnu;;0.0;0.0;23.16;-10.31;0.0;269.31;282.05;0.09;0.02;0;0;0;-145.43;0.08;0.01;0.0;0.0
2025;279;365;beauce_5_sa_037;BTH;;5.41;0.55;11.14;-80.42;29.49;282.36;218.74;0.07;0.0;0;17.35;0;22.38;0.07;0.01;0.55;5.41
2025;1;171;beauce_5_sa_038;BTH;;1.41;0.6;31.76;22.72;99.77;16.22;14.12;0.04;0.0;0;58.71;0;-82.41;0.01;0.03;0.6;1.41
2025;172;270;beauce_5_sa_038;solnu;;0.0;0.0;38.6;-0.05;0.0;14.12;52.64;0.04;0.0;0;0;0;-203.0;0.01;0.02;0.0;0.0
2025;271;365;beauce_5_sa_038;BTH;;0.72;0.0;12.68;-53.68;1.5;52.95;10.42;0.0;0.0;0;0.88;0;-36.16;0.0;0.0;0.0;0.72
2025;1;228;beauce_5_sa_039;BTH;;4.24;1.11;66.56;26.6;105.26;50.79;117.8;0.06;0.0;0;61.94;0;-119.4;0.01;0.06;1.11;4.24
2025;229;298;beauce_5_sa_039;solnu;;0.0;0.0;19.52;-106.68;0.0;117.8;30.61;0.02;0.0;0;0;0;-25.77;0.02;0.0;0.0;0.0
2025;299;365;beauce_5_sa_039;BTH;;2.48;0.0;7.47;2.21;4.06;30.67;33.75;0.01;0.0;0;2.39;0;49.86;0.0;0.01;0.0;2.48
2025;1;193;beauce_5_sa_040;BTH;;1.14;0.0;42.82;32.15;56.39;13.26;30.66;0.05;0.0;0;34.95;0;-249.12;0.0;0.05;0.0;1.14
2025;194;271;beauce_5_sa_040;solnu;;0.07;0.0;26.5;-11.43;0.0;30.66;45.63;0.03;0.0;0;0;0;-186.67;0.01;0.01;0.0;0.07
2025;272;365;beauce_5_sa_040;BTH;;0.98;0.0;11.83;-44.17;2.98;46.0;9.48;0.0;0.0;0;1.75;0;-47.17;0.0;0.0;0.0;0.98
2025;1;186;beauce_5_sa_041;BTH;;10.16;2.32;44.59;46.26;186.16;116.6;184.62;0.09;0.0;0;109.54;0;11.57;0.04;0.05;2.32;10.16
2025;187;287;beauce_5_sa_041;solnu;;0.0;0.0;38.77;-63.96;0.0;184.62;159.38;0.07;0.0;0;0;0;-145.96;0.04;0.02;0.0;0.0
2025;288;365;beauce_5_sa_041;BTH;;3.36;0.0;10.41;-24.63;16.04;157.19;125.7;0.06;0.0;0;9.44;0;85.73;0.06;0.01;0.0;3.36
2025;1;192;beauce_5_sa_042;BTH;;19.47;3.19;50.93;48.93;166.5;230.8;384.22;0.21;0.0;0;109.96;0;-53.74;0.15;0.06;3.19;19.47
2025;193;261;beauce_5_sa_042;solnu;;0.0;0.0;35.07;-5.42;0.0;384.22;413.84;0.02;0.0;0;0;0;-181.98;0.0;0.02;0.0;0.0
2025;262;365;beauce_5_sa_042;BTH;;11.23;0.0;17.73;-77.43;60.44;414.72;282.3;0.17;0.01;0;35.56;0;66.94;0.16;0.01;0.0;11.23
2025;1;221;beauce_5_sa_043;BTH;;5.89;0.86;64.12;25.08;66.34;63.71;145.14;0.08;0.0;0;42.87;0;-166.44;0.02;0.05;0.86;5.89
2025;222;264;beauce_5_sa_043;solnu;;0.0;0.0;14.48;-93.92;0.0;145.14;65.7;0.0;0.0;0;0;0;-39.79;0.0;0.0;0.0;0.0
2025;265;365;beauce_5_sa_043;BTH;;3.86;0.0;15.07;12.73;43.16;65.63;46.42;0.05;0.01;0;25.4;0;44.97;0.03;0.02;0.0;3.86
2025;1;219;beauce_5_sa_044;BTH;;2.53;1.21;54.41;35.72;152.34;19.79;45.78;0.11;0.0;0;89.64;0;-149.58;0.06;0.06;1.21;2.53
2025;220;316;beauce_5_sa_044;solnu;;0.0;0.0;23.2;-48.24;0.0;45.78;25.13;0.02;0.0;0;0;0;-167.22;0.01;0.01;0.0;0.0
2025;317;365;beauce_5_sa_044;BTH;;1.39;0.0;4.34;-5.22;0.0;25.13;23.82;0.0;0.0;0;0.0;0;-7.28;0.0;0.0;0.0;1.39
2025;1;196;beauce_5_sa_045;BTH;;0.29;0.21;47.59;16.32;70.6;3.43;12.5;0.04;0.0;0;41.54;0;-129.85;0.0;0.04;0.21;0.29
2025;197;296;beauce_5_sa_045;solnu;;0.02;0.0;30.62;-47.66;0.0;12.5;1.6;0.01;0.0;0;0;0;-228.65;0.0;0.01;0.0;0.02
2025;297;365;beauce_5_sa_045;BTH;;0.13;0.0;7.4;-7.57;0.0;1.6;1.53;0.0;0.0;0;0.0;0;6.03;0.0;0.0;0.0;0.13
2025;1;223;beauce_5_sa_046;BTH;;2.41;0.0;61.83;30.35;75.74;50.75;64.96;0.08;0.0;0;45.3;0;-281.76;0.03;0.06;0.0;2.41
2025;224;262;beauce_5_sa_046;solnu;;0.0;0.0;12.85;-16.69;0.0;64.96;61.12;0.0;0.0;0;0;0;-78.25;0.0;0.0;0.0;0.0
2025;263;365;beauce_5_sa_046;BTH;;1.62;0.34;14.81;-55.65;3.37;61.37;41.19;0.02;0.01;0;1.98;0;-21.39;0.02;0.0;0.34;1.62
2025;1;170;beauce_5_sa_047;BTH;;8.0;1.59;30.18;30.7;209.93;138.24;99.77;0.08;0.0;0;123.7;0;28.02;0.04;0.04;1.59;8.0
2025;171;312;beauce_5_sa_047;solnu;;0.0;0.0;37.45;10.38;0.0;99.77;147.87;0.06;0.0;0;0;0;-117.15;0.03;0.03;0.0;0.0
2025;313;365;beauce_5_sa_047;BTH;;0.0;0.68;5.57;-79.71;1.41;148.03;123.29;0.04;0.0;0;0.83;0;30.89;0.04;0.0;0.68;0.0
2025;1;211;beauce_5_sa_048;BTH;;18.28;2.8;63.3;63.09;184.57;225.02;358.23;0.12;0.0;0;114.77;0;-249.05;0.04;0.08;2.8;18.28
2025;212;276;beauce_5_sa_048;solnu;;0.0;0.0;27.6;-90.25;0.0;358.23;295.47;0.08;0.03;0;0;0;-155.09;0.07;0.01;0.0;0.0
2025;277;365;beauce_5_sa_048;BTH;;7.52;0.0;12.13;3.97;32.53;294.07;271.4;0.11;0.0;0;19.14;0;62.78;0.1;0.01;0.0;7.52
2025;1;231;beauce_5_sa_049;BTH;;0.97;0.0;63.43;21.73;50.52;12.6;46.23;0.05;0.0;0;30.31;0;-361.53;0.0;0.05;0.0;0.97
2025;232;274;beauce_5_sa_049;solnu;;0.06;0.0;12.11;-53.29;0.0;46.23;5.47;0.0;0.0;0;0;0;-53.7;0.0;0.0;0.0;0.06
2025;275;365;beauce_5_sa_049;BTH;;0.5;0.0;11.74;-11.72;0.0;5.37;4.99;0.0;0.0;0;0.0;0;18.88;0.0;0.0;0.0;0.5
2025;1;201;beauce_5_sa_050;BTH;;0.24;0.0;51.12;15.84;54.84;2.82;14.68;0.04;0.0;0;32.27;0;-204.5;0.0;0.04;0.0;0.24
2025;202;306;beauce_5_sa_050;solnu;;0.04;0.0;28.56;-41.74;0.0;14.68;3.61;0.02;0.0;0;0;0;-193.84;0.01;0.01;0.0;0.04
2025;307;365;beauce_5_sa_050;BTH;;0.29;0.0;5.69;-6.08;0.0;3.61;3.4;0.0;0.0;0;0.0;0;-10.55;0.0;0.0;0.0;0.29
2025;1;210;beauce_5_sa_051;BTH;;4.54;0.65;59.81;44.09;105.12;66.34;109.36;0.11;0.0;0;65.33;0;-216.74;0.04;0.06;0.65;4.54
2025;211;263;beauce_5_sa_051;solnu;;0.0;0.0;19.47;-15.36;0.0;109.36;113.46;0.01;0.0;0;0;0;-119.98;0.0;0.01;0.0;0.0
2025;264;365;beauce_5_sa_051;BTH;;3.17;0.32;15.21;-81.13;10.51;114.02;57.5;0.04;0.01;0;6.18;0;26.88;0.04;0.0;0.32;3.17
2025;1;202;beauce_5_sa_052;BTH;;0.67;0.26;55.4;21.61;66.48;11.38;40.96;0.07;0.0;0;44.46;0;-299.16;0.02;0.05;0.26;0.67
2025;203;260;beauce_5_sa_052;solnu;;0.0;0.0;22.6;-59.57;0.0;40.96;4.69;0.0;0.0;0;0;0;-115.19;0.0;0.0;0.0;0.0
2025;261;365;beauce_5_sa_052;BTH;;0.36;0.0;16.16;-13.97;1.07;4.49;5.43;0.0;0.0;0;0.63;0;15.73;0.0;0.0;0.0;0.36
2025;1;220;beauce_5_sa_053;BTH;;1.47;0.27;59.19;19.49;68.46;17.27;45.98;0.06;0.0;0;40.29;0;-226.89;0.01;0.05;0.27;1.47
2025;221;276;beauce_5_sa_053;solnu;;0.02;0.0;16.66;-49.82;0.0;45.98;12.78;0.02;0.0;0;0;0;-94.94;0.02;0.0;0.0;0.02
2025;277;365;beauce_5_sa_053;BTH;;1.21;0.0;11.3;-13.26;0.0;12.95;11.65;0.0;0.0;0;0.0;0;-19.71;0.0;0.0;0.0;1.21
2025;1;175;beauce_5_sa_054;BTH;;10.33;1.68;34.17;36.12;123.1;122.53;183.87;0.05;0.0;0;78.32;0;-13.42;0.01;0.04;1.68;10.33
2025;176;288;beauce_5_sa_054;solnu;;0.0;0.0;43.34;8.7;0.0;183.87;236.2;0.08;0.0;0;0;0;-196.23;0.05;0.03;0.0;0.0
2025;289;365;beauce_5_sa_054;BTH;;5.16;0.0;9.4;-89.62;14.54;236.53;136.21;0.07;0.0;0;8.56;0;20.23;0.07;0.0;0.0;5.16
2025;1;199;beauce_5_sa_055;BTH;;6.24;1.29;53.74;31.54;108.55;74.66;142.12;0.05;0.0;0;63.88;0;-38.89;0.0;0.05;1.29;6.24
2025;200;306;beauce_5_sa_055;solnu;;0.0;0.0;32.19;-78.46;0.0;142.12;95.79;0.07;0.0;0;0;0;-123.04;0.05;0.01;0.0;0.0
2025;307;365;beauce_5_sa_055;BTH;;3.54;0.0;6.27;-17.58;2.12;94.38;78.77;0.04;0.0;0;1.25;0;40.38;0.04;0.0;0.0;3.54
2025;1;192;beauce_5_sa_056;BTH;;5.52;1.2;47.84;34.37;104.52;57.57;119.51;0.1;0.0;0;66.94;0;-107.63;0.05;0.05;1.2;5.52
2025;193;260;beauce_5_sa_056;solnu;;0.0;0.0;29.2;-9.43;0.0;119.51;139.26;0.01;0.0;0;0;0;-145.72;0.0;0.01;0.0;0.0
2025;261;365;beauce_5_sa_056;BTH;;3.56;0.0;16.81;-84.91;24.53;139.67;43.03;0.03;0.0;0;14.43;0;31.65;0.03;0.01;0.0;3.56
2025;1;178;beauce_5_sa_057;BTH;;4.94;0.81;37.38;23.59;74.4;55.44;97.48;0.05;0.0;0;44.27;0;-31.47;0.01;0.04;0.81;4.94
2025;179;268;beauce_5_sa_057;solnu;;0.0;0.0;37.77;-63.14;0.0;97.48;72.06;0.03;0.0;0;0;0;-174.48;0.01;0.02;0.0;0.0
2025;269;365;beauce_5_sa_057;BTH;;3.31;0.0;14.26;-10.97;32.3;69.71;39.72;0.02;0.0;0;19.01;0;42.71;0.01;0.01;0.0;3.31
2025;1;210;beauce_5_sa_058;BTH;;2.07;0.91;58.41;36.12;121.59;23.75;62.39;0.08;0.0;0;71.55;0;-181.03;0.02;0.06;0.91;2.07
2025;211;267;beauce_5_sa_058;solnu;;0.0;0.0;20.35;-13.74;0.0;62.39;68.97;0.03;0.0;0;0;0;-117.79;0.03;0.01;0.0;0.0
2025;268;365;beauce_5_sa_058;BTH;;1.74;0.0;13.61;-60.74;0.0;69.33;21.13;0.0;0.0;0;0.0;0;-8.44;0.0;0.0;0.0;1.74
2025;1;217;beauce_5_sa_059;BTH;;4.72;1.48;62.95;27.62;94.76;56.56;158.74;0.06;0.0;0;55.76;0;-15.91;0.0;0.06;1.48;4.72
2025;218;309;beauce_5_sa_059;solnu;;0.0;0.0;26.16;-76.45;0.0;158.74;108.37;0.07;0.0;0;0;0;-103.46;0.06;0.01;0.0;0.0
2025;310;365;beauce_5_sa_059;BTH;;4.43;0.0;5.9;-20.51;1.6;106.77;87.68;0.05;0.0;0;0.94;0;36.52;0.05;0.0;0.0;4.43
2025;1;221;beauce_5_sa_060;BTH;;6.29;1.11;63.13;20.77;88.23;75.27;148.08;0.05;0.0;0;51.92;0;-30.69;0.0;0.05;1.11;6.29
2025;222;313;beauce_5_sa_060;solnu;;0.28;0.0;24.28;-61.44;0.0;148.08;110.57;0.07;0.0;0;0;0;-102.25;0.06;0.01;0.0;0.28
2025;314;365;beauce_5_sa_060;BTH;;4.65;0.0;5.29;-32.54;1.07;105.94;77.56;0.03;0.0;0;0.63;0;26.77;0.03;0.0;0.0;4.65
2025;1;223;beauce_5_sa_061;BTH;;2.5;1.05;61.92;22.98;126.16;20.72;55.81;0.1;0.0;0;74.24;0;-103.89;0.05;0.05;1.05;2.5
2025;224;291;beauce_5_sa_061;solnu;;0.0;0.0;20.25;-53.08;0.0;55.81;26.0;0.02;0.0;0;0;0;-122.97;0.02;0.0;0.0;0.0
2025;292;365;beauce_5_sa_061;BTH;;1.5;0.0;8.57;-10.8;0.0;26.0;24.62;0.0;0.0;0;0.0;0;-12.5;0.0;0.0;0.0;1.5
2025;1;176;beauce_5_sa_062;BTH;;4.63;1.14;35.78;24.74;107.78;55.09;87.3;0.04;0.0;0;63.42;0;-6.97;0.0;0.04;1.14;4.63
2025;177;294;beauce_5_sa_062;solnu;;0.0;0.0;45.24;-95.2;0.0;87.3;37.54;0.03;0.0;0;0;0;-137.26;0.01;0.02;0.0;0.0
2025;295;365;beauce_5_sa_062;BTH;;2.0;0.0;8.62;11.3;6.81;37.71;48.62;0.03;0.0;0;4.01;0;45.8;0.02;0.01;0.0;2.0
2025;1;176;beauce_5_sa_063;BTH;;1.04;0.59;34.16;13.29;94.46;12.39;7.53;0.03;0.0;0;55.59;0;-31.09;0.0;0.03;0.59;1.04
2025;177;299;beauce_5_sa_063;solnu;;0.0;0.0;43.96;-45.97;0.0;7.53;8.34;0.03;0.0;0;0;0;-216.18;0.01;0.02;0.0;0.0
2025;300;365;beauce_5_sa_063;BTH;;0.48;0.0;7.12;-8.0;0.0;8.34;7.92;0.0;0.0;0;0.0;0;4.96;0.0;0.0;0.0;0.48
2025;1;185;beauce_5_sa_064;BTH;;0.38;0.0;40.43;19.57;55.28;4.78;9.03;0.04;0.0;0;32.53;0;-147.61;0.0;0.04;0.0;0.38
2025;186;288;beauce_5_sa_064;solnu;;0.02;0.0;35.19;-45.09;0.0;9.03;2.24;0.01;0.0;0;0;0;-252.72;0.0;0.01;0.0;0.02
2025;289;365;beauce_5_sa_064;BTH;;0.19;0.0;8.83;-8.84;0.0;2.41;2.07;0.0;0.0;0;0.0;0;0.14;0.0;0.0;0.0;0.19
2025;1;194;beauce_5_sa_065;BTH;;2.63;1.62;52.84;31.33;159.0;30.06;73.5;0.11;0.0;0;93.65;0;-66.88;0.06;0.05;1.62;2.63
2025;195;266;beauce_5_sa_065;solnu;;0.0;0.0;33.98;-91.08;0.0;73.5;16.39;0.01;0.0;0;0;0;-128.78;0.0;0.01;0.0;0.0
2025;267;365;beauce_5_sa_065;BTH;;0.9;0.0;15.63;-13.84;0.25;16.39;17.03;0.0;0.0;0;0.15;0;100.29;0.0;0.0;0.0;0.9
2025;1;174;beauce_5_sa_066;BTH;;1.11;0.0;31.9;17.47;53.09;13.25;8.43;0.03;0.0;0;31.68;0;-134.19;0.0;0.03;0.0;1.11
2025;175;293;beauce_5_sa_066;solnu;;0.01;0.0;41.6;-3.06;0.0;8.43;46.92;0.04;0.0;0;0;0;-250.25;0.02;0.02;0.0;0.01
2025;294;365;beauce_5_sa_066;BTH;;0.86;0.0;7.79;-43.72;0.65;47.15;9.48;0.0;0.0;0;0.38;0;-22.95;0.0;0.0;0.0;0.86
2025;1;222;beauce_5_sa_067;BTH;;3.6;0.62;63.03;29.83;160.48;94.26;69.96;0.1;0.0;0;95.81;0;-66.13;0.04;0.06;0.62;3.6
2025;223;304;beauce_5_sa_067;solnu;;0.0;0.0;23.27;-63.07;0.0;69.96;31.26;0.03;0.0;0;0;0;-95.67;0.02;0.0;0.0;0.0
2025;305;365;beauce_5_sa_067;BTH;;2.12;0.98;6.4;-10.85;0.85;31.26;97.56;0.02;0.0;0;0.5;0;35.97;0.02;0.0;0.98;2.12
2025;1;178;beauce_5_sa_068;BTH;;7.82;1.21;36.45;41.88;145.18;112.72;127.34;0.07;0.0;0;92.22;0;2.0;0.03;0.05;1.21;7.82
2025;179;289;beauce_5_sa_068;solnu;;0.0;0.0;42.95;3.38;0.0;127.34;174.03;0.07;0.0;0;0;0;-187.85;0.04;0.03;0.0;0.0
2025;290;365;beauce_5_sa_068;BTH;;3.72;0.52;9.4;-91.72;13.04;174.3;114.07;0.05;0.0;0;7.67;0;34.32;0.04;0.0;0.52;3.72
2025;1;183;beauce_5_sa_069;BTH;;11.08;1.93;42.73;42.57;116.71;124.88;226.61;0.09;0.0;0;73.23;0;-11.04;0.04;0.05;1.93;11.08
2025;184;264;beauce_5_sa_069;solnu;;0.0;0.0;37.03;-92.38;0.0;226.61;171.24;0.01;0.0;0;0;0;-173.59;0.0;0.01;0.0;0.0
2025;265;365;beauce_5_sa_069;BTH;;5.9;0.0;16.06;8.37;53.79;170.29;135.87;0.12;0.0;0;31.65;0;86.52;0.1;0.02;0.0;5.9
2025;1;227;beauce_5_sa_070;BTH;;8.58;1.1;68.45;33.24;77.11;92.18;190.48;0.1;0.0;0;51.17;0;-174.95;0.04;0.06;1.1;8.58
2025;228;261;beauce_5_sa_070;solnu;;0.0;0.0;11.37;-15.28;0.0;190.48;186.57;0.0;0.0;0;0;0;-61.77;0.0;0.0;0.0;0.0
2025;262;365;beauce_5_sa_070;BTH;;6.51;0.0;16.44;-77.79;42.2;186.93;76.43;0.06;0.01;0;24.83;0;34.81;0.05;0.01;0.0;6.51
2025;1;213;beauce_5_sa_071;BTH;;1.35;0.0;57.72;22.15;71.56;33.94;40.82;0.07;0.0;0;44.04;0;-272.04;0.02;0.05;0.0;1.35
2025;214;277;beauce_5_sa_071;solnu;;0.0;0.0;19.85;-55.27;0.0;40.82;8.1;0.0;0.0;0;0;0;-131.45;0.0;0.0;0.0;0.0
2025;278;365;beauce_5_sa_071;BTH;;0.71;0.28;11.05;-12.72;1.51;7.97;25.51;0.01;0.0;0;0.89;0;38.4;0.01;0.0;0.28;0.71
2025;1;205;beauce_5_sa_072;BTH;;7.34;1.0;56.37;62.05;131.1;109.17;164.13;0.12;0.0;0;80.78;0;-207.63;0.05;0.07;1.0;7.34
2025;206;269;beauce_5_sa_072;solnu;;0.0;0.0;24.47;-9.81;0.0;164.13;178.72;0.06;0.01;0;0;0;-160.18;0.05;0.01;0.0;0.0
2025;270;365;beauce_5_sa_072;BTH;;4.3;0.44;13.2;-86.92;26.36;179.19;106.98;0.03;0.0;0;15.51;0;13.72;0.02;0.01;0.44;4.3
2025;1;228;beauce_5_sa_073;BTH;;6.52;1.82;70.86;34.09;151.03;77.24;161.09;0.08;0.0;0;88.87;0;-89.98;0.01;0.06;1.82;6.52
2025;229;281;beauce_5_sa_073;solnu;;0.0;0.0;17.65;-79.54;0.0;161.09;99.13;0.06;0.01;0;0;0;-93.9;0.06;0.0;0.0;0.0
2025;282;365;beauce_5_sa_073;BTH;;4.29;0.0;11.16;-32.78;10.24;96.23;62.98;0.0;0.0;0;6.02;0;85.56;0.0;0.0;0.0;4.29
2025;1;178;beauce_5_sa_074;BTH;;0.84;0.0;34.03;20.57;53.79;10.19;10.14;0.03;0.0;0;33.42;0;-156.64;0.0;0.03;0.0;0.84
2025;179;279;beauce_5_sa_074;solnu;;0.01;0.0;36.99;-5.92;0.0;10.14;41.16;0.03;0.0;0;0;0;-229.78;0.01;0.02;0.0;0.01
2025;280;365;beauce_5_sa_074;BTH;;0.75;0.0;10.3;-41.89;1.5;41.52;7.62;0.01;0.0;0;0.88;0;-38.22;0.01;0.0;0.0;0.75
2025;1;188;beauce_5_sa_075;BTH;;0.59;0.0;41.85;15.22;58.02;7.0;4.37;0.03;0.0;0;34.14;0;-171.22;0.0;0.03;0.0;0.59
2025;189;315;beauce_5_sa_075;solnu;;0.17;0.0;38.15;-37.5;0.0;4.37;5.36;0.03;0.0;0;0;0;-221.58;0.01;0.02;0.0;0.17
2025;316;365;beauce_5_sa_075;BTH;;0.31;0.0;4.6;-5.63;0.0;5.36;5.06;0.0;0.0;0;0.0;0;-26.29;0.0;0.0;0.0;0.31
2025;1;217;beauce_5_sa_076;BTH;;1.24;1.21;64.55;32.95;133.18;13.77;67.52;0.11;0.0;0;78.37;0;-177.92;0.05;0.06;1.21;1.24
2025;218;270;beauce_5_sa_076;solnu;;0.0;0.0;20.87;-80.17;0.0;67.52;8.27;0.0;0.0;0;0;0;-80.94;0.0;0.0;0.0;0.0
2025;271;365;beauce_5_sa_076;BTH;;0.46;0.0;13.19;-13.16;0.0;8.31;7.82;0.0;0.0;0;0.0;0;65.84;0.0;0.0;0.0;0.46
2025;1;175;beauce_5_sa_077;BTH;;16.26;2.81;33.22;39.03;198.25;193.78;261.02;0.06;0.0;0;118.31;0;78.93;0.01;0.04;2.81;16.26
2025;176;311;beauce_5_sa_077;solnu;;0.0;0.0;37.78;4.67;0.0;261.02;304.24;0.07;0.0;0;0;0;-105.45;0.04;0.03;0.0;0.0
2025;312;365;beauce_5_sa_077;BTH;;0.0;0.0;5.99;-82.72;1.47;304.44;225.95;0.08;0.0;0;0.87;0;47.75;0.08;0.0;0.0;0.0
2025;1;218;beauce_5_sa_078;BTH;;2.3;0.85;62.96;21.04;99.49;27.5;73.2;0.06;0.0;0;58.54;0;-133.27;0.01;0.05;0.85;2.3
2025;219;283;beauce_5_sa_078;solnu;;0.0;0.0;21.32;-63.1;0.0;73.2;31.38;0.04;0.0;0;0;0;-111.43;0.03;0.0;0.0;0.0
2025;284;365;beauce_5_sa_078;BTH;;1.97;0.0;10.35;-17.3;0.0;27.99;22.6;0.0;0.0;0;0.0;0;38.28;0.0;0.0;0.0;1.97
2025;1;221;beauce_5_sa_079;BTH;;1.06;0.0;58.89;17.07;50.14;12.65;37.42;0.05;0.0;0;29.5;0;-260.53;0.0;0.05;0.0;1.06
2025;222;289;beauce_5_sa_079;solnu;;0.11;0.0;18.17;-45.41;0.0;37.42;10.03;0.02;0.0;0;0;0;-112.2;0.02;0.0;0.0;0.11
2025;290;365;beauce_5_sa_079;BTH;;0.83;0.0;8.58;-9.78;0.0;9.96;9.13;0.0;0.0;0;0.0;0;-20.74;0.0;0.0;0.0;0.83
2025;1;192;beauce_5_sa_080;BTH;;7.69;1.51;43.52;44.54;141.63;91.85;144.01;0.06;0.0;0;83.34;0;-66.03;0.0;0.05;1.51;7.69
2025;193;310;beauce_5_sa_080;solnu;;0.0;0.0;33.4;3.62;0.0;144.01;180.96;0.07;0.0;0;0;0;-143.66;0.05;0.02;0.0;0.0
2025;311;365;beauce_5_sa_080;BTH;;2.8;0.0;5.5;-87.39;1.51;181.17;94.71;0.05;0.0;0;0.89;0;6.68;0.05;0.0;0.0;2.8
2025;1;221;beauce_5_sa_081;BTH;;3.9;0.81;60.19;38.35;90.67;45.09;109.78;0.07;0.0;0;53.36;0;-202.17;0.01;0.06;0.81;3.9
2025;222;271;beauce_5_sa_081;solnu;;0.19;0.0;15.0;-14.14;0.0;109.78;110.41;0.03;0.0;0;0;0;-88.56;0.03;0.0;0.0;0.19
2025;272;365;beauce_5_sa_081;BTH;;3.44;0.0;12.48;-72.72;13.48;110.69;33.24;0.01;0.0;0;7.93;0;5.93;0.01;0.0;0.0;3.44
2025;1;202;beauce_5_sa_082;BTH;;0.25;0.0;51.73;13.25;53.48;3.03;14.25;0.04;0.0;0;31.47;0;-197.07;0.0;0.04;0.0;0.25
2025;203;316;beauce_5_sa_082;solnu;;0.14;0.0;29.64;-41.48;0.0;14.25;3.81;0.02;0.0;0;0;0;-188.19;0.01;0.01;0.0;0.14
2025;317;365;beauce_5_sa_082;BTH;;0.22;0.0;4.41;-5.31;0.0;3.81;3.61;0.0;0.0;0;0.0;0;-15.7;0.0;0.0;0.0;0.22
2025;1;185;beauce_5_sa_083;BTH;;1.15;0.45;39.68;28.75;86.53;13.68;27.78;0.05;0.0;0;51.8;0;-148.02;0.0;0.04;0.45;1.15
2025;186;277;beauce_5_sa_083;solnu;;0.0;0.0;32.52;-4.47;0.0;27.78;55.8;0.03;0.0;0;0;0;-194.77;0.02;0.02;0.0;0.0
2025;278;365;beauce_5_sa_083;BTH;;1.07;0.0;10.8;-53.61;1.5;56.18;10.9;0.01;0.0;0;0.88;0;-32.88;0.01;0.0;0.0;1.07
2025;1;226;beauce_5_sa_084;BTH;;9.15;1.84;60.23;30.2;152.4;109.49;176.58;0.06;0.0;0;89.68;0;-50.92;0.0;0.06;1.84;9.15
2025;227;316;beauce_5_sa_084;solnu;;0.0;0.0;23.45;-7.32;0.0;176.58;192.61;0.1;0.0;0;0;0;-75.12;0.09;0.01;0.0;0.0
2025;317;365;beauce_5_sa_084;BTH;;0.17;0.0;4.75;-85.31;0.54;192.82;111.3;0.03;0.0;0;0.32;0;11.7;0.03;0.0;0.0;0.17
2025;1;177;beauce_5_sa_085;BTH;;1.08;0.0;32.96;20.22;55.99;12.87;7.49;0.03;0.0;0;32.95;0;-151.61;0.0;0.03;0.0;1.08
2025;178;296;beauce_5_sa_085;solnu;;0.0;0.0;40.16;-1.34;0.0;7.49;46.31;0.04;0.0;0;0;0;-251.2;0.02;0.02;0.0;0.0
2025;297;365;beauce_5_sa_085;BTH;;0.84;0.0;7.11;-43.23;0.0;46.63;9.35;0.0;0.0;0;0.0;0;-25.83;0.0;0.0;0.0;0.84
2025;1;228;beauce_5_sa_086;BTH;;7.56;0.6;61.25;62.95;169.06;133.0;125.86;0.11;0.0;0;101.27;0;-157.03;0.04;0.08;0.6;7.56
2025;229;313;beauce_5_sa_086;solnu;;0.0;0.0;20.66;-9.33;0.0;125.86;137.12;0.06;0.0;0;0;0;-115.42;0.06;0.01;0.0;0.0
2025;314;365;beauce_5_sa_086;BTH;;4.03;1.13;5.12;-85.76;1.07;137.48;136.28;0.06;0.0;0;0.63;0;8.23;0.06;0.0;1.13;4.03
2025;1;172;beauce_5_sa_087;BTH;;1.18;0.0;31.94;25.69;54.54;13.33;15.23;0.04;0.0;0;32.98;0;-161.53;0.0;0.03;0.0;1.18
2025;173;264;beauce_5_sa_087;solnu;;0.0;0.0;35.76;-7.88;0.0;15.23;43.09;0.02;0.0;0;0;0;-227.03;0.0;0.02;0.0;0.0
2025;265;365;beauce_5_sa_087;BTH;;0.87;0.0;14.01;-46.67;1.5;43.39;8.06;0.01;0.0;0;0.88;0;-45.7;0.01;0.0;0.0;0.87
2025;1;210;beauce_5_sa_088;BTH;;1.61;1.2;59.09;37.58;146.37;19.23;58.12;0.08;0.0;0;86.13;0;-163.43;0.02;0.06;1.2;1.61
2025;211;279;beauce_5_sa_088;solnu;;0.0;0.0;25.48;-10.04;0.0;58.12;73.51;0.05;0.01;0;0;0;-142.91;0.03;0.01;0.0;0.0
2025;280;365;beauce_5_sa_088;BTH;;1.18;0.0;10.66;-58.08;1.5;73.92;24.04;0.01;0.0;0;0.88;0;-8.86;0.01;0.0;0.0;1.18
2025;1;179;beauce_5_sa_089;BTH;;0.75;0.0;34.9;21.33;57.42;9.02;5.52;0.03;0.0;0;33.79;0;-153.96;0.0;0.03;0.0;0.75
2025;180;302;beauce_5_sa_089;solnu;;0.01;0.0;41.61;-42.43;0.0;5.52;6.41;0.02;0.0;0;0;0;-267.16;0.01;0.02;0.0;0.01
2025;303;365;beauce_5_sa_089;BTH;;0.53;0.0;6.24;-6.33;0.0;6.37;5.83;0.0;0.0;0;0.0;0;-5.27;0.0;0.0;0.0;0.53
2025;1;218;beauce_5_sa_090;BTH;;9.19;1.45;60.73;53.19;102.52;102.21;212.85;0.08;0.0;0;63.98;0;-200.86;0.01;0.07;1.45;9.19
2025;219;269;beauce_5_sa_090;solnu;;0.0;0.0;16.9;-13.01;0.0;212.85;216.68;0.05;0.0;0;0;0;-111.97;0.05;0.0;0.0;0.0
2025;270;365;beauce_5_sa_090;BTH;;7.37;0.0;13.14;-79.49;44.53;217.05;98.38;0.05;0.0;0;26.21;0;11.4;0.04;0.01;0.0;7.37
2025;1;228;beauce_5_sa_091;BTH;;1.22;0.0;58.72;24.49;58.66;14.59;37.9;0.05;0.0;0;34.52;0;-328.07;0.0;0.05;0.0;1.22
2025;229;314;beauce_5_sa_091;solnu;;0.42;0.0;18.78;-13.74;0.0;37.9;42.48;0.04;0.0;0;0;0;-115.61;0.03;0.01;0.0;0.42
2025;315;365;beauce_5_sa_091;BTH;;0.85;0.0;4.39;-32.97;0.0;42.62;14.0;0.0;0.0;0;0.0;0;-34.62;0.0;0.0;0.0;0.85
2025;1;214;beauce_5_sa_092;BTH;;1.2;0.16;56.92;24.46;62.21;14.33;44.32;0.05;0.0;0;36.61;0;-248.56;0.0;0.05;0.16;1.2
2025;215;281;beauce_5_sa_092;solnu;;0.0;0.0;20.2;-15.37;0.0;44.32;49.11;0.03;0.0;0;0;0;-125.6;0.02;0.01;0.0;0.0
2025;282;365;beauce_5_sa_092;BTH;;1.15;0.0;9.96;-43.98;1.5;49.34;12.68;0.0;0.0;0;0.88;0;-22.07;0.0;0.0;0.0;1.15
2025;1;206;beauce_5_sa_093;BTH;;8.19;1.37;54.01;61.62;118.37;97.11;188.6;0.08;0.0;0;72.3;0;-212.53;0.01;0.07;1.37;8.19
2025;207;282;beauce_5_sa_093;solnu;;0.0;0.0;24.42;-6.29;0.0;188.6;206.67;0.07;0.0;0;0;0;-161.69;0.06;0.01;0.0;0.0
2025;283;365;beauce_5_sa_093;BTH;;5.48;0.0;9.92;-84.39;23.48;206.93;103.19;0.05;0.0;0;13.81;0;-2.17;0.05;0.0;0.0;5.48
2025;1;216;beauce_5_sa_094;BTH;;1.85;0.0;60.93;23.88;63.06;35.23;55.1;0.07;0.0;0;39.04;0;-287.73;0.02;0.05;0.0;1.85
2025;217;261;beauce_5_sa_094;solnu;;0.0;0.0;15.16;-60.03;0.0;55.1;10.89;0.0;0.0;0;0;0;-83.87;0.0;0.0;0.0;0.0
2025;262;365;beauce_5_sa_094;BTH;;0.98;0.24;15.91;-16.48;0.85;10.93;26.53;0.01;0.0;0;0.5;0;20.11;0.01;0.0;0.24;0.98
2025;1;177;beauce_5_sa_095;BTH;;7.01;1.32;36.77;33.92;112.08;83.89;133.98;0.05;0.0;0;66.6;0;-39.92;0.01;0.04;1.32;7.01
2025;178;282;beauce_5_sa_095;solnu;;0.0;0.0;42.72;-98.67;0.0;133.98;78.0;0.04;0.0;0;0;0;-136.66;0.02;0.02;0.0;0.0
2025;283;365;beauce_5_sa_095;BTH;;3.68;0.0;10.96;16.51;23.47;78.26;78.26;0.06;0.0;0;13.81;0;52.72;0.04;0.02;0.0;3.68
2025;1;190;beauce_5_sa_096;BTH;;2.79;0.0;43.33;37.44;127.27;71.28;22.43;0.08;0.0;0;76.27;0;-104.82;0.03;0.05;0.0;2.79
2025;191;312;beauce_5_sa_096;solnu;;0.0;0.0;36.53;-1.11;0.0;22.43;57.8;0.05;0.0;0;0;0;-187.8;0.02;0.02;0.0;0.0
2025;313;365;beauce_5_sa_096;BTH;;1.75;0.9;5.11;-50.58;0.85;57.94;80.19;0.03;0.0;0;0.5;0;-52.4;0.03;0.0;0.9;1.75
2025;1;184;beauce_5_sa_097;BTH;;0.55;0.0;39.06;18.32;50.81;6.63;12.61;0.03;0.0;0;29.9;0;-153.8;0.0;0.03;0.0;0.55
2025;185;280;beauce_5_sa_097;solnu;;0.09;0.0;34.9;-41.93;0.0;12.61;5.46;0.03;0.0;0;0;0;-206.77;0.01;0.01;0.0;0.09
2025;281;365;beauce_5_sa_097;BTH;;0.45;0.0;10.35;-10.66;0.0;5.39;4.95;0.0;0.0;0;0.0;0;-17.16;0.0;0.0;0.0;0.45
2025;1;186;beauce_5_sa_098;BTH;;4.7;0.93;43.75;35.13;92.29;51.01;102.62;0.08;0.0;0;58.12;0;-105.97;0.03;0.05;0.93;4.7
2025;187;264;beauce_5_sa_098;solnu;;0.0;0.0;31.77;-7.5;0.0;102.62;126.87;0.02;0.0;0;0;0;-171.31;0.0;0.02;0.0;0.0
2025;265;365;beauce_5_sa_098;BTH;;2.98;0.0;14.93;-83.08;18.68;127.21;37.03;0.03;0.0;0;10.99;0;14.18;0.03;0.0;0.0;2.98
2025;1;203;beauce_5_sa_099;BTH;;9.65;2.19;62.14;44.05;120.68;135.07;274.86;0.17;0.0;0;91.39;0;-265.75;0.11;0.06;2.19;9.65
2025;204;259;beauce_5_sa_099;solnu;;0.0;0.0;25.7;-112.68;0.0;274.86;187.87;0.01;0.0;0;0;0;-77.56;0.0;0.0;0.0;0.0
2025;260;365;beauce_5_sa_099;BTH;;9.41;0.0;18.72;29.19;63.25;189.11;162.94;0.16;0.02;0;37.22;0;71.5;0.13;0.03;0.0;9.41
2026;1;218;beauce_5_sa_000;BTH;;1.28;0.69;61.58;35.67;110.25;6.47;43.88;0.09;0.0;0;64.88;0;-218.46;0.03;0.06;0.69;1.28
2026;219;268;beauce_5_sa_000;solnu;;0.0;0.0;18.39;-61.16;0.0;43.88;3.61;0.0;0.0;0;0;0;-88.67;0.0;0.0;0.0;0.0
2026;269;365;beauce_5_sa_000;BTH;;0.31;0.0;15.74;-15.8;0.0;3.74;3.24;0.0;0.0;0;0.0;0;59.62;0.0;0.0;0.0;0.31
2026;1;201;beauce_5_sa_001;BTH;;0.65;0.67;47.78;15.11;94.37;3.19;21.2;0.07;0.0;0;55.53;0;-42.25;0.03;0.04;0.67;0.65
2026;202;287;beauce_5_sa_001;solnu;;0.0;0.0;31.87;-54.76;0.0;21.2;1.59;0.01;0.0;0;0;0;-166.77;0.0;0.01;0.0;0.0
2026;288;365;beauce_5_sa_001;BTH;;0.0;0.0;10.57;-10.74;0.0;1.59;1.61;0.0;0.0;0;0.0;0;38.25;0.0;0.0;0.0;0.0
2026;1;213;beauce_5_sa_002;BTH;;12.22;1.85;54.35;57.73;189.2;71.89;120.49;0.12;0.0;0;112.22;0;-102.78;0.06;0.07;1.85;12.22
2026;214;310;beauce_5_sa_002;solnu;;0.0;0.0;27.69;-98.44;0.0;120.49;49.7;0.03;0.02;0;0;0;-19.94;0.03;0.01;0.0;0.0
2026;311;365;beauce_5_sa_002;BTH;;0.0;0.0;6.15;9.94;2.09;49.9;63.67;0.02;0.0;0;1.23;0;52.16;0.01;0.01;0.0;0.0
2026;1;192;beauce_5_sa_003;BTH;;4.46;1.95;42.64;43.61;200.58;28.01;55.24;0.15;0.0;0;123.16;0;-76.11;0.1;0.05;1.95;4.46
2026;193;279;beauce_5_sa_003;solnu;;0.0;0.0;38.21;-80.91;0.0;55.24;12.53;0.01;0.0;0;0;0;-107.14;0.0;0.01;0.0;0.0
2026;280;365;beauce_5_sa_003;BTH;;0.0;0.0;14.02;-7.8;2.53;12.53;16.22;0.0;0.0;0;1.49;0;96.27;0.0;0.0;0.0;0.0
2026;1;227;beauce_5_sa_004;BTH;;2.81;0.0;57.82;26.65;49.42;13.49;45.68;0.05;0.0;0;30.8;0;-303.0;0.0;0.05;0.0;2.81
2026;228;282;beauce_5_sa_004;solnu;;0.0;0.0;13.58;-15.51;0.0;45.68;43.74;0.0;0.0;0;0;0;-85.37;0.0;0.0;0.0;0.0
2026;283;365;beauce_5_sa_004;BTH;;0.9;0.0;10.6;-45.43;1.5;44.02;6.51;0.01;0.0;0;0.88;0;-24.21;0.01;0.0;0.0;0.9
2026;1;179;beauce_5_sa_005;BTH;;1.9;0.13;32.06;15.68;59.01;9.34;4.82;0.03;0.0;0;34.72;0;-119.31;0.0;0.03;0.13;1.9
2026;180;290;beauce_5_sa_005;solnu;;0.0;0.0;35.7;-0.83;0.0;4.82;39.71;0.03;0.0;0;0;0;-199.53;0.0;0.02;0.0;0.0
2026;291;365;beauce_5_sa_005;BTH;;0.64;0.0;8.63;-36.34;0.0;40.11;11.58;0.02;0.02;0;0.0;0;-41.42;0.02;0.0;0.0;0.64
2026;1;175;beauce_5_sa_006;BTH;;3.87;0.77;35.61;32.92;87.51;19.78;9.61;0.04;0.0;0;51.49;0;-47.68;0.0;0.04;0.77;3.87
2026;176;283;beauce_5_sa_006;solnu;;0.0;0.0;39.82;-82.77;0.0;9.61;11.54;0.03;0.0;0;0;0;-130.27;0.02;0.01;0.0;0.0
2026;284;365;beauce_5_sa_006;BTH;;1.16;0.0;11.99;-4.65;3.3;11.54;14.41;0.01;0.0;0;1.94;0;48.45;0.0;0.0;0.0;1.16
2026;1;222;beauce_5_sa_007;BTH;;7.91;1.82;63.34;40.21;162.42;35.4;105.18;0.09;0.0;0;95.58;0;-8.9;0.03;0.06;1.82;7.91
2026;223;317;beauce_5_sa_007;solnu;;0.0;0.0;28.45;-72.48;0.0;105.18;61.01;0.1;0.04;0;0;0;-83.77;0.09;0.01;0.0;0.0
2026;318;365;beauce_5_sa_007;BTH;;0.0;0.0;5.14;-5.13;0.0;61.01;61.02;0.0;0.0;0;0.0;0;36.52;0.0;0.0;0.0;0.0
2026;1;181;beauce_5_sa_008;BTH;;4.26;0.99;34.59;22.2;148.14;32.81;10.91;0.07;0.0;0;88.06;0;47.57;0.04;0.03;0.99;4.26
2026;182;296;beauce_5_sa_008;solnu;;0.0;0.0;36.55;-43.8;0.0;10.91;9.83;0.01;0.0;0;0;0;-177.16;0.0;0.01;0.0;0.0
2026;297;365;beauce_5_sa_008;BTH;;0.0;0.32;8.29;-13.49;2.53;10.17;26.2;0.01;0.0;0;1.49;0;51.71;0.01;0.0;0.32;0.0
2026;1;176;beauce_5_sa_009;BTH;;0.97;0.17;33.56;10.95;54.57;3.44;4.91;0.03;0.0;0;32.11;0;-60.61;0.0;0.03;0.17;0.97
2026;177;296;beauce_5_sa_009;solnu;;0.28;0.0;40.2;-43.93;0.0;4.91;3.45;0.01;0.0;0;0;0;-203.96;0.0;0.01;0.0;0.28
2026;297;365;beauce_5_sa_009;BTH;;0.12;0.0;7.72;-7.74;0.0;3.52;3.31;0.0;0.0;0;0.0;0;10.44;0.0;0.0;0.0;0.12
2026;1;210;beauce_5_sa_010;BTH;;5.09;1.27;61.76;47.6;147.63;34.42;85.6;0.2;0.02;0;104.02;0;-306.98;0.14;0.07;1.27;5.09
2026;211;260;beauce_5_sa_010;solnu;;0.0;0.0;22.24;-84.99;0.0;85.6;22.84;0.0;0.0;0;0;0;-74.97;0.0;0.0;0.0;0.0
2026;261;365;beauce_5_sa_010;BTH;;1.61;0.0;18.11;-3.61;7.46;22.77;28.25;0.01;0.0;0;4.39;0;87.84;0.0;0.01;0.0;1.61
2026;1;188;beauce_5_sa_011;BTH;;1.34;0.0;36.26;9.37;46.56;6.47;4.18;0.03;0.0;0;27.4;0;-122.97;0.0;0.03;0.0;1.34
2026;189;298;beauce_5_sa_011;solnu;;0.27;0.0;36.55;-5.44;0.0;4.18;34.94;0.05;0.02;0;0;0;-203.45;0.03;0.02;0.0;0.27
2026;299;365;beauce_5_sa_011;BTH;;0.52;0.0;6.72;-28.15;0.0;35.19;14.14;0.0;0.0;0;0.0;0;-44.14;0.0;0.0;0.0;0.52
2026;1;203;beauce_5_sa_012;BTH;;10.61;1.97;50.17;58.98;189.41;50.57;107.36;0.12;0.01;0;113.05;0;-25.35;0.05;0.07;1.97;10.61
2026;204;302;beauce_5_sa_012;solnu;;0.0;0.0;32.35;-2.02;0.0;107.36;137.55;0.1;0.04;0;0;0;-137.06;0.08;0.02;0.0;0.0
2026;303;365;beauce_5_sa_012;BTH;;0.0;0.0;7.02;-74.45;0.0;137.75;70.12;0.0;0.0;0;0.0;0;27.07;0.0;0.0;0.0;0.0
2026;1;180;beauce_5_sa_013;BTH;;1.88;0.33;34.66;7.77;67.13;7.93;4.87;0.03;0.0;0;39.5;0;-27.36;0.0;0.03;0.33;1.88
2026;181;307;beauce_5_sa_013;solnu;;0.27;0.0;41.99;-43.3;0.0;4.87;4.69;0.02;0.0;0;0;0;-193.2;0.0;0.02;0.0;0.27
2026;308;365;beauce_5_sa_013;BTH;;0.15;0.0;5.75;-6.23;0.0;4.69;4.57;0.0;0.0;0;0.0;0;2.15;0.0;0.0;0.0;0.15
2026;1;220;beauce_5_sa_014;BTH;;1.41;0.0;56.4;10.22;42.94;6.81;29.04;0.04;0.0;0;25.27;0;-197.85;0.0;0.04;0.0;1.41
2026;221;301;beauce_5_sa_014;solnu;;0.26;0.0;21.76;-48.22;0.0;29.04;2.71;0.0;0.0;0;0;0;-117.79;0.0;0.0;0.0;0.26
2026;302;365;beauce_5_sa_014;BTH;;0.08;0.0;6.31;-6.35;0.0;2.71;2.59;0.0;0.0;0;0.0;0;2.39;0.0;0.0;0.0;0.08
2026;1;219;beauce_5_sa_015;BTH;;2.1;0.0;54.42;23.05;48.24;10.19;37.24;0.05;0.0;0;28.39;0;-259.27;0.0;0.05;0.0;2.1
2026;220;290;beauce_5_sa_015;solnu;;0.01;0.0;18.79;-14.54;0.0;37.24;41.47;0.01;0.0;0;0;0;-116.22;0.01;0.01;0.0;0.01
2026;291;365;beauce_5_sa_015;BTH;;0.97;0.0;8.58;-35.75;0.0;41.74;13.58;0.02;0.02;0;0.0;0;-32.09;0.02;0.0;0.0;0.97
2026;1;228;beauce_5_sa_016;BTH;;21.6;2.17;72.06;63.54;191.91;119.19;203.18;0.16;0.0;0;122.37;0;-199.86;0.08;0.08;2.17;21.6
2026;229;286;beauce_5_sa_016;solnu;;0.0;0.0;22.87;-85.98;0.0;203.18;140.04;0.04;0.0;0;0;0;-122.52;0.03;0.01;0.0;0.0
2026;287;365;beauce_5_sa_016;BTH;;0.0;0.0;11.77;-6.25;21.1;138.04;124.33;0.09;0.03;0;12.42;0;95.35;0.08;0.01;0.0;0.0
2026;1;194;beauce_5_sa_017;BTH;;1.15;0.61;41.3;0.34;85.21;5.57;6.39;0.05;0.0;0;50.14;0;3.27;0.02;0.03;0.61;1.15
2026;195;310;beauce_5_sa_017;solnu;;0.0;0.0;37.55;-29.71;0.0;6.39;14.78;0.05;0.02;0;0;0;-150.51;0.03;0.02;0.0;0.0
2026;311;365;beauce_5_sa_017;BTH;;0.0;0.0;5.67;-9.54;0.0;14.76;14.77;0.0;0.0;0;0.0;0;-57.52;0.0;0.0;0.0;0.0
2026;1;198;beauce_5_sa_018;BTH;;0.36;0.78;47.09;26.3;108.91;2.91;25.18;0.1;0.01;0;64.52;0;-88.06;0.05;0.04;0.78;0.36
2026;199;259;beauce_5_sa_018;solnu;;0.0;0.0;27.33;-54.75;0.0;25.18;4.01;0.0;0.0;0;0;0;-192.26;0.0;0.0;0.0;0.0
2026;260;365;beauce_5_sa_018;BTH;;0.43;0.0;17.48;-17.32;0.0;4.11;3.74;0.0;0.0;0;0.0;0;76.91;0.0;0.0;0.0;0.43
2026;1;222;beauce_5_sa_019;BTH;;1.78;0.0;57.7;11.53;42.08;8.61;33.95;0.04;0.0;0;24.76;0;-205.17;0.0;0.04;0.0;1.78
2026;223;296;beauce_5_sa_019;solnu;;0.47;0.0;19.46;-16.15;0.0;33.95;36.73;0.04;0.02;0;0;0;-110.71;0.04;0.0;0.0;0.47
2026;297;365;beauce_5_sa_019;BTH;;0.6;0.0;7.47;-28.32;0.0;37.05;16.09;0.0;0.0;0;0.0;0;-29.17;0.0;0.0;0.0;0.6
2026;1;195;beauce_5_sa_020;BTH;;2.82;1.91;41.86;11.97;184.9;6.96;16.13;0.11;0.0;0;108.8;0;143.77;0.07;0.03;1.91;2.82
2026;196;300;beauce_5_sa_020;solnu;;0.0;0.0;30.98;-38.13;0.0;16.13;11.87;0.01;0.0;0;0;0;-118.9;0.0;0.01;0.0;0.0
2026;301;365;beauce_5_sa_020;BTH;;0.0;0.0;7.71;-8.29;0.0;11.71;11.61;0.0;0.0;0;0.0;0;47.01;0.0;0.0;0.0;0.0
2026;1;230;beauce_5_sa_021;BTH;;2.62;0.33;62.74;9.47;66.19;12.58;40.97;0.05;0.0;0;38.95;0;-158.14;0.01;0.04;0.33;2.62
2026;231;312;beauce_5_sa_021;solnu;;0.3;0.0;21.42;-34.67;0.0;40.97;27.34;0.06;0.02;0;0;0;-107.14;0.05;0.01;0.0;0.3
2026;313;365;beauce_5_sa_021;BTH;;0.69;0.0;5.17;-13.33;0.0;22.21;21.11;0.0;0.0;0;0.0;0;-42.55;0.0;0.0;0.0;0.69
2026;1;198;beauce_5_sa_022;BTH;;24.91;1.72;46.76;56.76;163.8;162.26;205.64;0.14;0.0;0;111.98;0;-21.29;0.08;0.06;1.72;24.91
2026;199;280;beauce_5_sa_022;solnu;;0.0;0.0;34.7;-3.88;0.0;205.64;236.44;0.02;0.0;0;0;0;-199.57;0.0;0.02;0.0;0.0
2026;281;365;beauce_5_sa_022;BTH;;0.0;0.35;13.06;-83.59;28.62;236.94;163.4;0.1;0.04;0;16.84;0;64.79;0.1;0.01;0.35;0.0
2026;1;206;beauce_5_sa_023;BTH;;3.69;0.79;51.85;13.66;106.44;11.59;25.86;0.08;0.0;0;62.64;0;-36.99;0.04;0.04;0.79;3.69
2026;207;315;beauce_5_sa_023;solnu;;0.44;0.0;31.19;-51.62;0.0;25.86;9.07;0.01;0.0;0;0;0;-189.66;0.0;0.01;0.0;0.44
2026;316;365;beauce_5_sa_023;BTH;;0.26;0.0;4.69;-6.14;0.0;9.07;8.82;0.0;0.0;0;0.0;0;-0.58;0.0;0.0;0.0;0.26
2026;1;208;beauce_5_sa_024;BTH;;2.57;0.44;52.44;26.86;82.47;12.44;39.78;0.07;0.0;0;49.41;0;-156.3;0.02;0.05;0.44;2.57
2026;209;272;beauce_5_sa_024;solnu;;0.0;0.0;22.78;-12.88;0.0;39.78;49.68;0.01;0.0;0;0;0;-139.86;0.0;0.01;0.0;0.0
2026;273;365;beauce_5_sa_024;BTH;;0.38;0.0;13.54;-56.25;1.5;49.96;5.73;0.0;0.0;0;0.88;0;-9.12;0.0;0.0;0.0;0.38
2026;1;193;beauce_5_sa_025;BTH;;0.54;0.0;40.02;15.05;46.1;2.61;11.01;0.03;0.0;0;27.12;0;-111.9;0.0;0.03;0.0;0.54
2026;194;280;beauce_5_sa_025;solnu;;0.0;0.0;30.66;-41.39;0.0;11.01;1.48;0.01;0.0;0;0;0;-194.8;0.0;0.01;0.0;0.0
2026;281;365;beauce_5_sa_025;BTH;;0.17;0.0;11.59;-11.5;0.0;1.72;1.4;0.0;0.0;0;0.0;0;-5.47;0.0;0.0;0.0;0.17
2026;1;221;beauce_5_sa_026;BTH;;66.38;2.46;71.09;53.25;202.01;436.23;476.29;0.24;0.0;0;136.24;0;-236.11;0.17;0.07;2.46;66.38
2026;222;278;beauce_5_sa_026;solnu;;0.0;0.0;26.33;-100.39;0.0;476.29;402.19;0.04;0.0;0;0;0;-95.62;0.03;0.0;0.0;0.0
2026;279;365;beauce_5_sa_026;BTH;;0.0;1.05;14.21;20.02;33.19;402.45;481.67;0.16;0.04;0;19.53;0;103.59;0.14;0.02;1.05;0.0
2026;1;208;beauce_5_sa_027;BTH;;4.43;0.86;51.61;41.41;120.51;18.86;51.01;0.08;0.0;0;72.68;0;-147.92;0.02;0.06;0.86;4.43
2026;209;285;beauce_5_sa_027;solnu;;0.0;0.0;23.69;-9.45;0.0;51.01;65.24;0.01;0.0;0;0;0;-139.43;0.0;0.01;0.0;0.0
2026;286;365;beauce_5_sa_027;BTH;;1.27;0.0;10.4;-61.57;1.5;65.46;11.79;0.01;0.0;0;0.88;0;-3.0;0.01;0.0;0.0;1.27
2026;1;223;beauce_5_sa_028;BTH;;32.03;2.01;58.1;71.19;188.26;206.37;265.72;0.14;0.0;0;111.28;0;-147.27;0.06;0.08;2.01;32.03
2026;224;314;beauce_5_sa_028;solnu;;0.0;0.0;25.14;-4.3;0.0;265.72;286.36;0.15;0.05;0;0;0;-142.44;0.13;0.01;0.0;0.0
2026;315;365;beauce_5_sa_028;BTH;;0.0;0.0;4.87;-82.74;1.29;286.65;207.2;0.01;0.0;0;0.76;0;7.9;0.01;0.0;0.0;0.0
2026;1;226;beauce_5_sa_029;BTH;;3.33;0.14;59.77;24.89;57.26;14.93;49.31;0.06;0.0;0;34.57;0;-236.73;0.01;0.05;0.14;3.33
2026;227;268;beauce_5_sa_029;solnu;;0.0;0.0;10.68;-14.8;0.0;49.31;45.18;0.0;0.0;0;0;0;-64.0;0.0;0.0;0.0;0.0
2026;269;365;beauce_5_sa_029;BTH;;0.87;0.0;14.52;-51.18;1.5;45.38;6.19;0.0;0.0;0;0.88;0;-8.56;0.0;0.0;0.0;0.87
2026;1;177;beauce_5_sa_030;BTH;;0.76;0.0;32.28;16.49;48.41;3.68;3.25;0.03;0.0;0;28.49;0;-106.34;0.0;0.03;0.0;0.76
2026;178;289;beauce_5_sa_030;solnu;;0.0;0.0;36.36;-39.37;0.0;3.25;1.78;0.01;0.0;0;0;0;-207.49;0.0;0.01;0.0;0.0
2026;290;365;beauce_5_sa_030;BTH;;0.19;0.0;9.17;-9.06;0.0;1.85;1.7;0.0;0.0;0;0.0;0;-9.11;0.0;0.0;0.0;0.19
2026;1;211;beauce_5_sa_031;BTH;;2.0;0.0;53.1;30.36;50.34;8.5;39.62;0.06;0.0;0;29.62;0;-252.44;0.01;0.05;0.0;2.0
2026;212;261;beauce_5_sa_031;solnu;;0.0;0.0;14.72;-44.06;0.0;39.62;10.28;0.0;0.0;0;0;0;-95.63;0.0;0.0;0.0;0.0
2026;262;365;beauce_5_sa_031;BTH;;0.59;0.0;15.62;-20.92;0.0;5.48;4.43;0.0;0.0;0;0.0;0;-12.24;0.0;0.0;0.0;0.59
2026;1;171;beauce_5_sa_032;BTH;;16.75;1.38;33.52;35.99;141.64;101.34;114.73;0.07;0.0;0;84.21;0;22.25;0.03;0.04;1.38;16.75
2026;172;311;beauce_5_sa_032;solnu;;0.0;0.0;43.29;6.96;0.0;114.73;165.19;0.11;0.04;0;0;0;-171.85;0.08;0.03;0.0;0.0
2026;312;365;beauce_5_sa_032;BTH;;0.0;0.0;5.75;-82.98;0.43;165.36;87.52;0.0;0.0;0;0.25;0;16.29;0.0;0.0;0.0;0.0
2026;1;182;beauce_5_sa_033;BTH;;29.44;2.39;37.07;52.39;164.86;194.25;89.05;0.14;0.01;0;126.93;0;-60.58;0.09;0.05;2.39;29.44
2026;183;266;beauce_5_sa_033;solnu;;0.0;0.0;33.78;-0.54;0.0;89.05;301.53;0.07;0.0;0;0;0;-158.04;0.04;0.02;0.0;0.0
2026;267;365;beauce_5_sa_033;BTH;;3.25;0.0;16.01;-71.04;51.78;301.66;191.32;0.11;0.04;0;30.47;0;72.93;0.1;0.01;0.0;3.25
2026;1;223;beauce_5_sa_034;BTH;;5.05;0.0;59.83;16.47;97.58;66.44;40.05;0.09;0.0;0;57.42;0;-108.24;0.03;0.05;0.0;5.05
2026;224;313;beauce_5_sa_034;solnu;;0.65;0.0;23.64;-54.73;0.0;40.05;11.08;0.01;0.0;0;0;0;-143.7;0.0;0.0;0.0;0.65
2026;314;365;beauce_5_sa_034;BTH;;0.33;0.68;4.87;-6.09;0.0;11.08;10.76;0.0;0.0;0;0.0;0;-2.16;0.0;0.0;0.68;0.33
2026;1;216;beauce_5_sa_035;BTH;;10.92;1.05;60.31;52.17;106.89;61.82;134.88;0.11;0.0;0;71.46;0;-196.56;0.04;0.07;1.05;10.92
2026;217;288;beauce_5_sa_035;solnu;;0.0;0.0;23.77;-87.71;0.0;134.88;70.92;0.02;0.0;0;0;0;-143.16;0.02;0.01;0.0;0.0
2026;289;365;beauce_5_sa_035;BTH;;2.75;0.0;10.58;-13.9;18.09;68.1;46.7;0.03;0.02;0;10.65;0;68.22;0.03;0.01;0.0;2.75
2026;1;178;beauce_5_sa_036;BTH;;3.58;0.84;34.83;11.7;106.25;11.65;11.44;0.06;0.0;0;62.52;0;29.83;0.03;0.03;0.84;3.58
2026;179;293;beauce_5_sa_036;solnu;;0.0;0.0;40.55;-3.12;0.0;11.44;48.84;0.03;0.0;0;0;0;-156.71;0.01;0.02;0.0;0.0
2026;294;365;beauce_5_sa_036;BTH;;1.08;0.0;8.7;-36.8;0.0;48.97;23.91;0.03;0.02;0;0.0;0;-78.79;0.03;0.0;0.0;1.08
2026;1;222;beauce_5_sa_037;BTH;;34.99;2.04;64.04;78.14;206.8;218.93;271.95;0.23;0.0;0;139.04;0;-273.71;0.15;0.09;2.04;34.99
2026;223;278;beauce_5_sa_037;solnu;;0.0;0.0;23.87;-8.18;0.0;271.95;287.6;0.04;0.0;0;0;0;-152.47;0.03;0.01;0.0;0.0
2026;279;365;beauce_5_sa_037;BTH;;0.0;0.55;12.54;-70.86;33.14;287.92;196.0;0.11;0.03;0;19.5;0;30.62;0.1;0.01;0.55;0.0
2026;1;171;beauce_5_sa_038;BTH;;2.21;0.6;31.49;23.78;102.16;10.41;5.86;0.06;0.0;0;61.0;0;-67.88;0.02;0.03;0.6;2.21
2026;172;270;beauce_5_sa_038;solnu;;0.0;0.0;34.51;-2.78;0.0;5.86;37.57;0.02;0.0;0;0;0;-173.38;0.0;0.02;0.0;0.0
2026;271;365;beauce_5_sa_038;BTH;;0.29;0.0;13.73;-47.97;0.0;37.93;4.72;0.0;0.0;0;0.0;0;-45.51;0.0;0.0;0.0;0.29
2026;1;228;beauce_5_sa_039;BTH;;6.26;1.11;67.02;57.41;133.51;33.9;101.59;0.1;0.0;0;80.95;0;-246.05;0.03;0.07;1.11;6.26
2026;229;298;beauce_5_sa_039;solnu;;0.07;0.0;22.41;-110.71;0.0;101.59;13.22;0.0;0.0;0;0;0;-38.94;0.0;0.0;0.0;0.07
2026;299;365;beauce_5_sa_039;BTH;;0.47;0.0;7.53;1.46;3.79;13.24;17.94;0.01;0.0;0;2.23;0;58.85;0.0;0.01;0.0;0.47
2026;1;193;beauce_5_sa_040;BTH;;2.01;0.0;37.9;27.3;54.88;9.47;17.73;0.04;0.0;0;34.05;0;-185.62;0.0;0.04;0.0;2.01
2026;194;271;beauce_5_sa_040;solnu;;0.0;0.0;27.1;-9.36;0.0;17.73;35.46;0.01;0.0;0;0;0;-183.31;0.0;0.01;0.0;0.0
2026;272;365;beauce_5_sa_040;BTH;;0.53;0.0;12.77;-43.74;0.0;35.95;4.13;0.0;0.0;0;0.0;0;-47.65;0.0;0.0;0.0;0.53
2026;1;186;beauce_5_sa_041;BTH;;22.83;2.32;39.9;47.85;188.42;125.87;175.5;0.17;0.0;0;120.31;0;16.37;0.12;0.05;2.32;22.83
2026;187;287;beauce_5_sa_041;solnu;;0.0;0.0;40.55;-60.47;0.0;175.5;155.55;0.02;0.0;0;0;0;-155.8;0.0;0.02;0.0;0.0
2026;288;365;beauce_5_sa_041;BTH;;0.0;0.0;11.98;-21.18;19.6;151.1;126.63;0.09;0.03;0;11.53;0;96.76;0.08;0.01;0.0;0.0
2026;1;192;beauce_5_sa_042;BTH;;45.41;3.19;44.89;51.6;181.88;282.5;390.32;0.36;0.02;0;142.59;0;-67.69;0.3;0.06;3.19;45.41
2026;193;261;beauce_5_sa_042;solnu;;0.0;0.0;35.13;-3.83;0.0;390.32;421.6;0.02;0.0;0;0;0;-209.99;0.0;0.02;0.0;0.0
2026;262;365;beauce_5_sa_042;BTH;;4.75;0.0;18.27;-67.01;57.74;422.35;310.25;0.09;0.03;0;33.98;0;87.18;0.08;0.02;0.0;4.75
2026;1;221;beauce_5_sa_043;BTH;;8.01;0.86;64.02;42.38;94.48;46.56;114.55;0.12;0.01;0;80.99;0;-322.64;0.06;0.06;0.86;8.01
2026;222;264;beauce_5_sa_043;solnu;;0.0;0.0;15.89;-103.5;0.0;114.55;26.94;0.0;0.0;0;0;0;-63.89;0.0;0.0;0.0;0.0
2026;265;365;beauce_5_sa_043;BTH;;3.07;0.0;16.45;-5.14;5.51;26.93;29.66;0.01;0.0;0;3.24;0;99.36;0.0;0.01;0.0;3.07
2026;1;219;beauce_5_sa_044;BTH;;9.32;1.21;55.67;33.85;141.4;23.83;53.28;0.13;0.0;0;83.2;0;-134.31;0.07;0.06;1.21;9.32
2026;220;316;beauce_5_sa_044;solnu;;0.05;0.0;25.62;-58.95;0.0;53.28;24.56;0.01;0.0;0;0;0;-165.3;0.0;0.01;0.0;0.05
2026;317;365;beauce_5_sa_044;BTH;;0.69;0.0;4.37;-4.55;0.0;24.56;23.95;0.0;0.0;0;0.0;0;8.42;0.0;0.0;0.0;0.69
2026;1;196;beauce_5_sa_045;BTH;;0.47;0.21;42.01;10.52;61.15;1.49;8.49;0.04;0.0;0;35.98;0;-51.21;0.0;0.03;0.21;0.47
2026;197;296;beauce_5_sa_045;solnu;;0.1;0.0;33.74;-44.35;0.0;8.49;1.3;0.01;0.0;0;0;0;-214.4;0.0;0.01;0.0;0.1
2026;297;365;beauce_5_sa_045;BTH;;0.04;0.0;7.61;-7.69;0.0;1.27;1.16;0.0;0.0;0;0.0;0;13.5;0.0;0.0;0.0;0.04
2026;1;223;beauce_5_sa_046;BTH;;4.69;0.0;58.8;35.33;76.42;40.99;54.12;0.08;0.01;0;46.95;0;-224.53;0.02;0.06;0.0;4.69
2026;224;262;beauce_5_sa_046;solnu;;0.0;0.0;12.15;-15.47;0.0;54.12;50.8;0.0;0.0;0;0;0;-90.36;0.0;0.0;0.0;0.0
2026;263;365;beauce_5_sa_046;BTH;;1.37;0.34;15.27;-54.02;1.5;50.9;9.51;0.0;0.0;0;0.88;0;-7.98;0.0;0.0;0.34;1.37
2026;1;170;beauce_5_sa_047;BTH;;18.47;1.59;32.52;44.92;206.24;123.11;93.49;0.16;0.0;0;122.19;0;62.37;0.11;0.05;1.59;18.47
2026;171;312;beauce_5_sa_047;solnu;;0.0;0.0;35.63;10.28;0.0;93.49;139.66;0.09;0.03;0;0;0;-102.57;0.06;0.03;0.0;0.0
2026;313;365;beauce_5_sa_047;BTH;;0.0;0.68;5.8;-59.45;0.0;140.17;86.0;0.0;0.0;0;0.0;0;18.79;0.0;0.0;0.68;0.0
2026;1;211;beauce_5_sa_048;BTH;;44.52;2.8;59.41;62.57;194.14;271.61;364.1;0.22;0.0;0;133.38;0;-223.82;0.15;0.07;2.8;44.52
2026;212;276;beauce_5_sa_048;solnu;;0.0;0.0;27.47;-81.49;0.0;364.1;310.07;0.02;0.0;0;0;0;-153.39;0.01;0.01;0.0;0.0
2026;277;365;beauce_5_sa_048;BTH;;0.0;0.0;13.64;4.21;34.71;308.54;293.01;0.15;0.04;0;20.43;0;76.54;0.14;0.02;0.0;0.0
2026;1;231;beauce_5_sa_049;BTH;;1.08;0.0;61.46;19.35;43.05;4.91;41.62;0.05;0.0;0;25.33;0;-288.37;0.0;0.05;0.0;1.08
2026;232;274;beauce_5_sa_049;solnu;;0.0;0.0;10.7;-49.52;0.0;41.62;2.83;0.0;0.0;0;0;0;-44.17;0.0;0.0;0.0;0.0
2026;275;365;beauce_5_sa_049;BTH;;0.34;0.0;13.03;-13.1;0.0;2.73;2.42;0.0;0.0;0;0.0;0;15.67;0.0;0.0;0.0;0.34
2026;1;201;beauce_5_sa_050;BTH;;0.7;0.0;45.93;7.96;44.31;3.39;12.25;0.03;0.0;0;26.07;0;-120.66;0.0;0.03;0.0;0.7
2026;202;306;beauce_5_sa_050;solnu;;0.12;0.0;31.49;-43.61;0.0;12.25;1.32;0.01;0.0;0;0;0;-187.69;0.0;0.01;0.0;0.12
2026;307;365;beauce_5_sa_050;BTH;;0.04;0.0;5.64;-5.63;0.0;1.31;1.3;0.0;0.0;0;0.0;0;1.34;0.0;0.0;0.0;0.04
2026;1;210;beauce_5_sa_051;BTH;;8.68;0.65;56.52;52.51;114.76;57.47;91.69;0.14;0.01;0;73.71;0;-159.43;0.08;0.07;0.65;8.68
2026;211;263;beauce_5_sa_051;solnu;;0.0;0.0;18.81;-13.51;0.0;91.69;96.98;0.01;0.0;0;0;0;-132.51;0.0;0.01;0.0;0.0
2026;264;365;beauce_5_sa_051;BTH;;3.08;0.32;16.05;-81.99;10.03;97.25;41.6;0.01;0.0;0;5.9;0;48.59;0.0;0.0;0.32;3.08
2026;1;202;beauce_5_sa_052;BTH;;0.88;0.26;48.64;26.62;69.86;5.49;29.71;0.07;0.01;0;41.74;0;-192.62;0.02;0.05;0.26;0.88
2026;203;260;beauce_5_sa_052;solnu;;0.0;0.0;22.0;-50.13;0.0;29.71;4.19;0.0;0.0;0;0;0;-151.64;0.0;0.0;0.0;0.0
2026;261;365;beauce_5_sa_052;BTH;;0.49;0.0;15.97;-15.49;0.0;4.1;4.18;0.0;0.0;0;0.0;0;20.98;0.0;0.0;0.0;0.49
2026;1;220;beauce_5_sa_053;BTH;;2.79;0.27;57.75;21.05;67.14;11.61;40.48;0.06;0.0;0;39.51;0;-187.62;0.01;0.05;0.27;2.79
2026;221;276;beauce_5_sa_053;solnu;;0.0;0.0;15.97;-50.9;0.0;40.48;6.19;0.0;0.0;0;0;0;-95.5;0.0;0.0;0.0;0.0
2026;277;365;beauce_5_sa_053;BTH;;0.77;0.0;12.54;-13.51;0.0;6.19;5.47;0.0;0.0;0;0.0;0;-1.12;0.0;0.0;0.0;0.77
2026;1;175;beauce_5_sa_054;BTH;;21.09;1.68;34.05;52.75;160.27;136.33;166.33;0.12;0.0;0;102.87;0;-40.22;0.07;0.05;1.68;21.09
2026;176;288;beauce_5_sa_054;solnu;;0.0;0.0;39.85;6.4;0.0;166.33;212.93;0.05;0.0;0;0;0;-183.37;0.02;0.03;0.0;0.0
2026;289;365;beauce_5_sa_054;BTH;;0.19;0.0;10.52;-86.54;18.1;213.48;118.5;0.09;0.04;0;10.65;0;28.0;0.08;0.0;0.0;0.19
2026;1;199;beauce_5_sa_055;BTH;;12.89;1.29;47.03;52.32;130.28;78.88;131.76;0.09;0.0;0;77.91;0;-67.25;0.04;0.06;1.29;12.89
2026;200;306;beauce_5_sa_055;solnu;;0.0;0.0;37.83;-89.62;0.0;131.76;79.86;0.09;0.03;0;0;0;-165.99;0.07;0.02;0.0;0.0
2026;307;365;beauce_5_sa_055;BTH;;1.85;0.0;6.33;-7.76;2.53;79.09;74.04;0.01;0.0;0;1.49;0;49.14;0.01;0.0;0.0;1.85
2026;1;192;beauce_5_sa_056;BTH;;8.19;1.2;43.01;54.1;143.92;43.19;77.52;0.2;0.02;0;99.12;0;-123.01;0.14;0.06;1.2;8.19
2026;193;260;beauce_5_sa_056;solnu;;0.0;0.0;30.76;-6.23;0.0;77.52;102.03;0.02;0.0;0;0;0;-170.9;0.0;0.02;0.0;0.0
2026;261;365;beauce_5_sa_056;BTH;;2.14;0.0;16.9;-76.97;11.56;102.16;28.25;0.0;0.0;0;6.8;0;44.77;0.0;0.0;0.0;2.14
2026;1;178;beauce_5_sa_057;BTH;;6.82;0.81;36.25;35.19;85.49;39.87;18.78;0.05;0.0;0;69.32;0;-114.59;0.01;0.04;0.81;6.82
2026;179;268;beauce_5_sa_057;solnu;;0.0;0.0;34.71;-53.44;0.0;18.78;60.3;0.05;0.0;0;0;0;-192.07;0.03;0.02;0.0;0.0
2026;269;365;beauce_5_sa_057;BTH;;1.96;0.0;15.5;-47.78;6.0;54.29;20.07;0.0;0.0;0;3.53;0;72.23;0.0;0.0;0.0;1.96
2026;1;210;beauce_5_sa_058;BTH;;4.45;0.91;55.64;36.45;122.04;21.13;54.4;0.12;0.01;0;71.81;0;-136.65;0.07;0.06;0.91;4.45
2026;211;267;beauce_5_sa_058;solnu;;0.0;0.0;20.7;-12.13;0.0;54.4;62.96;0.01;0.0;0;0;0;-122.97;0.0;0.01;0.0;0.0
2026;268;365;beauce_5_sa_058;BTH;;0.77;0.0;15.21;-63.78;1.5;63.14;12.47;0.0;0.0;0;0.88;0;14.32;0.0;0.0;0.0;0.77
2026;1;217;beauce_5_sa_059;BTH;;13.49;1.48;61.27;55.25;150.29;87.76;151.44;0.11;0.0;0;89.38;0;-139.43;0.04;0.07;1.48;13.49
2026;218;309;beauce_5_sa_059;solnu;;0.0;0.0;29.34;-89.45;0.0;151.44;91.18;0.11;0.04;0;0;0;-158.22;0.1;0.01;0.0;0.0
2026;310;365;beauce_5_sa_059;BTH;;2.47;0.0;6.02;-16.51;0.48;90.58;77.74;0.0;0.0;0;0.28;0;52.33;0.0;0.0;0.0;2.47
2026;1;221;beauce_5_sa_060;BTH;;13.2;1.11;62.78;54.74;123.48;77.56;141.7;0.1;0.0;0;73.29;0;-166.39;0.03;0.07;1.11;13.2
2026;222;313;beauce_5_sa_060;solnu;;0.05;0.0;26.62;-69.5;0.0;141.7;98.61;0.11;0.04;0;0;0;-149.9;0.1;0.01;0.0;0.05
2026;314;365;beauce_5_sa_060;BTH;;2.56;0.0;5.32;-23.0;0.0;96.78;78.38;0.0;0.0;0;0.0;0;31.18;0.0;0.0;0.0;2.56
2026;1;223;beauce_5_sa_061;BTH;;8.44;1.05;61.75;23.23;122.23;24.55;57.66;0.12;0.0;0;71.92;0;-95.65;0.06;0.06;1.05;8.44
2026;224;291;beauce_5_sa_061;solnu;;0.0;0.0;21.08;-59.9;0.0;57.66;20.96;0.01;0.0;0;0;0;-120.47;0.0;0.0;0.0;0.0
2026;292;365;beauce_5_sa_061;BTH;;1.33;0.0;9.06;-10.81;0.0;20.96;19.7;0.0;0.0;0;0.0;0;17.24;0.0;0.0;0.0;1.33
2026;1;176;beauce_5_sa_062;BTH;;7.78;1.14;36.07;40.0;123.66;48.8;38.12;0.07;0.0;0;76.77;0;-69.39;0.03;0.05;1.14;7.78
2026;177;294;beauce_5_sa_062;solnu;;0.0;0.0;43.11;-99.34;0.0;38.12;20.74;0.03;0.0;0;0;0;-155.86;0.01;0.02;0.0;0.0
2026;295;365;beauce_5_sa_062;BTH;;0.7;0.0;8.99;12.39;7.46;21.01;33.93;0.02;0.0;0;4.39;0;56.78;0.0;0.01;0.0;0.7
2026;1;176;beauce_5_sa_063;BTH;;1.95;0.59;33.9;7.21;84.02;7.88;7.49;0.03;0.0;0;49.44;0;12.66;0.01;0.03;0.59;1.95
2026;177;299;beauce_5_sa_063;solnu;;0.0;0.0;42.26;-46.39;0.0;7.49;6.37;0.02;0.0;0;0;0;-178.26;0.0;0.02;0.0;0.0
2026;300;365;beauce_5_sa_063;BTH;;0.11;0.0;7.2;-7.52;0.0;6.37;6.29;0.0;0.0;0;0.0;0;18.75;0.0;0.0;0.0;0.11
2026;1;185;beauce_5_sa_064;BTH;;0.44;0.0;36.08;10.81;45.96;2.07;2.53;0.03;0.0;0;27.04;0;-78.26;0.0;0.03;0.0;0.44
2026;186;288;beauce_5_sa_064;solnu;;0.0;0.0;35.66;-38.61;0.0;2.53;1.17;0.01;0.0;0;0;0;-225.92;0.0;0.01;0.0;0.0
2026;289;365;beauce_5_sa_064;BTH;;0.12;0.0;9.74;-9.85;0.0;1.14;0.94;0.0;0.0;0;0.0;0;-2.0;0.0;0.0;0.0;0.12
2026;1;194;beauce_5_sa_065;BTH;;4.02;1.62;46.29;43.4;166.04;17.12;57.46;0.19;0.01;0;97.85;0;-39.45;0.13;0.05;1.62;4.02
2026;195;266;beauce_5_sa_065;solnu;;0.0;0.0;34.1;-74.95;0.0;57.46;16.6;0.01;0.0;0;0;0;-140.82;0.0;0.01;0.0;0.0
2026;267;365;beauce_5_sa_065;BTH;;0.4;0.0;17.18;-16.94;0.0;16.63;16.44;0.0;0.0;0;0.0;0;104.53;0.0;0.0;0.0;0.4
2026;1;174;beauce_5_sa_066;BTH;;1.94;0.0;31.76;11.43;45.25;9.47;5.45;0.03;0.0;0;27.01;0;-105.38;0.0;0.03;0.0;1.94
2026;175;293;beauce_5_sa_066;solnu;;0.0;0.0;38.37;-4.04;0.0;5.45;39.76;0.03;0.0;0;0;0;-213.2;0.01;0.02;0.0;0.0
2026;294;365;beauce_5_sa_066;BTH;;0.91;0.0;8.04;-30.58;0.0;39.82;17.07;0.03;0.02;0;0.0;0;-39.2;0.03;0.0;0.0;0.91
2026;1;222;beauce_5_sa_067;BTH;;11.04;0.62;63.85;30.91;156.72;97.23;71.23;0.12;0.0;0;92.72;0;-54.09;0.06;0.06;0.62;11.04
2026;223;304;beauce_5_sa_067;solnu;;0.0;0.0;26.34;-73.6;0.0;71.23;24.39;0.01;0.0;0;0;0;-83.89;0.0;0.01;0.0;0.0
2026;305;365;beauce_5_sa_067;BTH;;0.77;0.98;6.48;-10.54;0.95;24.37;92.13;0.01;0.0;0;0.56;0;51.12;0.0;0.0;0.98;0.77
2026;1;178;beauce_5_sa_068;BTH;;16.44;1.21;35.65;50.88;157.96;114.18;115.23;0.12;0.0;0;100.62;0;-0.57;0.06;0.05;1.21;16.44
2026;179;289;beauce_5_sa_068;solnu;;0.0;0.0;40.57;4.67;0.0;115.23;160.61;0.05;0.0;0;0;0;-174.32;0.02;0.03;0.0;0.0
2026;290;365;beauce_5_sa_068;BTH;;0.79;0.52;10.45;-88.58;9.76;161.35;111.0;0.07;0.04;0;5.74;0;36.53;0.07;0.0;0.52;0.79
2026;1;183;beauce_5_sa_069;BTH;;20.24;1.93;39.11;41.23;142.36;136.05;197.67;0.11;0.0;0;115.42;0;-91.27;0.06;0.05;1.93;20.24
2026;184;264;beauce_5_sa_069;solnu;;0.0;0.0;34.26;-81.5;0.0;197.67;150.35;0.08;0.0;0;0;0;-151.19;0.06;0.01;0.0;0.0
2026;265;365;beauce_5_sa_069;BTH;;2.6;0.0;16.79;2.21;54.43;149.43;112.23;0.07;0.02;0;32.03;0;116.4;0.05;0.02;0.0;2.6
2026;1;227;beauce_5_sa_070;BTH;;14.42;1.1;67.82;56.41;99.65;76.59;168.64;0.15;0.01;0;83.47;0;-311.59;0.07;0.07;1.1;14.42
2026;228;261;beauce_5_sa_070;solnu;;0.0;0.0;12.86;-15.19;0.0;168.64;166.3;0.0;0.0;0;0;0;-100.85;0.0;0.0;0.0;0.0
2026;262;365;beauce_5_sa_070;BTH;;6.01;0.0;17.39;-85.17;37.63;166.81;54.85;0.03;0.0;0;22.15;0;69.45;0.01;0.01;0.0;6.01
2026;1;213;beauce_5_sa_071;BTH;;2.91;0.0;54.69;23.49;66.43;25.47;34.28;0.06;0.0;0;39.98;0;-198.98;0.01;0.05;0.0;2.91
2026;214;277;beauce_5_sa_071;solnu;;0.0;0.0;18.68;-49.41;0.0;34.28;6.4;0.0;0.0;0;0;0;-118.98;0.0;0.0;0.0;0.0
2026;278;365;beauce_5_sa_071;BTH;;0.77;0.28;12.33;-14.13;2.53;6.39;22.62;0.0;0.0;0;1.49;0;21.78;0.0;0.0;0.28;0.77
2026;1;205;beauce_5_sa_072;BTH;;16.52;1.0;51.78;70.76;141.01;107.16;146.74;0.16;0.0;0;98.49;0;-195.95;0.08;0.07;1.0;16.52
2026;206;269;beauce_5_sa_072;solnu;;0.0;0.0;24.33;-8.18;0.0;146.74;162.88;0.01;0.0;0;0;0;-170.85;0.0;0.01;0.0;0.0
2026;270;365;beauce_5_sa_072;BTH;;1.86;0.44;14.74;-77.81;38.66;163.29;59.24;0.03;0.01;0;22.75;0;24.8;0.02;0.01;0.44;1.86
2026;1;228;beauce_5_sa_073;BTH;;12.63;1.82;71.13;66.17;170.94;63.11;152.94;0.14;0.01;0;106.61;0;-182.0;0.05;0.08;1.82;12.63
2026;229;281;beauce_5_sa_073;solnu;;0.0;0.0;19.97;-81.21;0.0;152.94;91.67;0.02;0.0;0;0;0;-114.44;0.02;0.0;0.0;0.0
2026;282;365;beauce_5_sa_073;BTH;;0.88;0.0;12.75;-15.31;28.6;89.08;59.55;0.06;0.02;0;16.83;0;95.29;0.05;0.01;0.0;0.88
2026;1;178;beauce_5_sa_074;BTH;;1.59;0.0;32.54;14.99;49.06;7.61;4.47;0.03;0.0;0;29.75;0;-125.77;0.0;0.03;0.0;1.59
2026;179;279;beauce_5_sa_074;solnu;;0.0;0.0;33.68;-7.68;0.0;4.47;30.46;0.02;0.0;0;0;0;-194.44;0.0;0.02;0.0;0.0
2026;280;365;beauce_5_sa_074;BTH;;0.39;0.0;11.42;-38.63;0.0;30.79;3.06;0.0;0.0;0;0.0;0;-35.21;0.0;0.0;0.0;0.39
2026;1;188;beauce_5_sa_075;BTH;;1.05;0.0;37.53;0.28;37.6;5.06;2.84;0.02;0.0;0;22.13;0;-77.08;0.0;0.02;0.0;1.05
2026;189;315;beauce_5_sa_075;solnu;;0.28;0.0;40.19;-30.77;0.0;2.84;12.31;0.05;0.02;0;0;0;-199.72;0.03;0.02;0.0;0.28
2026;316;365;beauce_5_sa_075;BTH;;0.39;0.0;4.68;-5.25;0.0;12.31;11.95;0.0;0.0;0;0.0;0;-17.27;0.0;0.0;0.0;0.39
2026;1;217;beauce_5_sa_076;BTH;;3.16;1.21;60.73;44.37;146.86;7.83;53.43;0.15;0.01;0;86.42;0;-153.65;0.09;0.06;1.21;3.16
2026;218;270;beauce_5_sa_076;solnu;;0.0;0.0;21.31;-66.13;0.0;53.43;10.01;0.0;0.0;0;0;0;-116.71;0.0;0.0;0.0;0.0
2026;271;365;beauce_5_sa_076;BTH;;0.4;0.0;15.04;-14.9;0.0;9.96;9.74;0.0;0.0;0;0.0;0;70.75;0.0;0.0;0.0;0.4
2026;1;175;beauce_5_sa_077;BTH;;37.54;2.81;34.99;39.06;215.66;225.78;256.43;0.19;0.0;0;127.77;0;116.82;0.15;0.05;2.81;37.54
2026;176;311;beauce_5_sa_077;solnu;;0.0;0.0;36.45;5.93;0.0;256.43;299.09;0.12;0.04;0;0;0;-83.92;0.09;0.03;0.0;0.0
2026;312;365;beauce_5_sa_077;BTH;;0.0;0.0;6.28;-79.13;1.9;299.28;224.32;0.01;0.0;0;1.12;0;51.3;0.01;0.0;0.0;0.0
2026;1;218;beauce_5_sa_078;BTH;;4.68;0.85;61.41;28.12;103.18;22.65;67.63;0.09;0.0;0;60.72;0;-115.1;0.04;0.05;0.85;4.68
2026;219;283;beauce_5_sa_078;solnu;;0.0;0.0;22.73;-67.5;0.0;67.63;22.85;0.01;0.0;0;0;0;-109.77;0.01;0.01;0.0;0.0
2026;284;365;beauce_5_sa_078;BTH;;0.44;0.0;11.65;-23.76;0.0;20.13;10.3;0.0;0.0;0;0.0;0;56.29;0.0;0.0;0.0;0.44
2026;1;221;beauce_5_sa_079;BTH;;1.89;0.0;57.5;14.23;42.06;9.16;36.87;0.04;0.0;0;24.75;0;-214.58;0.0;0.04;0.0;1.89
2026;222;289;beauce_5_sa_079;solnu;;0.04;0.0;17.52;-50.24;0.0;36.87;4.1;0.0;0.0;0;0;0;-103.72;0.0;0.0;0.0;0.04
2026;290;365;beauce_5_sa_079;BTH;;0.45;0.0;9.34;-9.4;0.0;4.12;3.59;0.0;0.0;0;0.0;0;-1.8;0.0;0.0;0.0;0.45
2026;1;192;beauce_5_sa_080;BTH;;15.28;1.51;39.32;56.24;168.8;94.54;119.39;0.09;0.0;0;100.22;0;-42.36;0.03;0.06;1.51;15.28
2026;193;310;beauce_5_sa_080;solnu;;0.0;0.0;34.5;5.32;0.0;119.39;159.06;0.11;0.04;0;0;0;-154.14;0.08;0.02;0.0;0.0
2026;311;365;beauce_5_sa_080;BTH;;0.0;0.0;5.64;-83.98;0.95;159.25;79.77;0.0;0.0;0;0.56;0;12.43;0.0;0.0;0.0;0.0
2026;1;221;beauce_5_sa_081;BTH;;6.68;0.81;60.88;52.86;119.57;33.25;81.3;0.12;0.0;0;78.29;0;-245.94;0.05;0.07;0.81;6.68
2026;222;271;beauce_5_sa_081;solnu;;0.0;0.0;17.25;-13.11;0.0;81.3;85.45;0.0;0.0;0;0;0;-114.18;0.0;0.0;0.0;0.0
2026;272;365;beauce_5_sa_081;BTH;;0.95;0.0;14.05;-77.22;6.0;85.94;15.31;0.01;0.0;0;3.53;0;19.76;0.01;0.0;0.0;0.95
2026;1;202;beauce_5_sa_082;BTH;;0.75;0.0;47.16;5.76;42.32;3.6;13.43;0.03;0.0;0;24.9;0;-118.29;0.0;0.03;0.0;0.75
2026;203;316;beauce_5_sa_082;solnu;;0.25;0.0;31.99;-34.35;0.0;13.43;11.66;0.04;0.02;0;0;0;-195.0;0.03;0.01;0.0;0.25
2026;317;365;beauce_5_sa_082;BTH;;0.37;0.0;4.54;-5.36;0.0;11.72;11.29;0.0;0.0;0;0.0;0;-17.03;0.0;0.0;0.0;0.37
2026;1;185;beauce_5_sa_083;BTH;;2.27;0.45;34.91;25.1;91.08;10.89;10.86;0.06;0.0;0;54.48;0;-103.45;0.02;0.04;0.45;2.27
2026;186;277;beauce_5_sa_083;solnu;;0.0;0.0;32.77;-1.26;0.0;10.86;42.35;0.02;0.0;0;0;0;-180.41;0.0;0.02;0.0;0.0
2026;278;365;beauce_5_sa_083;BTH;;0.34;0.0;11.9;-49.36;0.0;42.68;4.86;0.0;0.0;0;0.0;0;-31.41;0.0;0.0;0.0;0.34
2026;1;226;beauce_5_sa_084;BTH;;19.69;1.84;58.76;61.23;175.49;110.95;174.06;0.1;0.0;0;103.59;0;-95.32;0.03;0.07;1.84;19.69
2026;227;316;beauce_5_sa_084;solnu;;0.0;0.0;25.37;-5.28;0.0;174.06;193.97;0.13;0.04;0;0;0;-104.39;0.12;0.01;0.0;0.0
2026;317;365;beauce_5_sa_084;BTH;;0.0;0.0;4.86;-82.33;1.15;194.14;115.35;0.0;0.0;0;0.68;0;12.92;0.0;0.0;0.0;0.0
2026;1;177;beauce_5_sa_085;BTH;;1.91;0.0;31.78;14.13;48.08;9.34;5.24;0.03;0.0;0;28.29;0;-125.24;0.0;0.03;0.0;1.91
2026;178;296;beauce_5_sa_085;solnu;;0.31;0.0;37.72;-1.92;0.0;5.24;40.65;0.06;0.02;0;0;0;-218.6;0.03;0.02;0.0;0.31
2026;297;365;beauce_5_sa_085;BTH;;0.64;0.0;7.26;-30.64;0.0;41.09;17.21;0.0;0.0;0;0.0;0;-39.58;0.0;0.0;0.0;0.64
2026;1;228;beauce_5_sa_086;BTH;;19.09;0.6;63.47;71.64;165.91;136.03;131.14;0.14;0.0;0;98.26;0;-155.01;0.06;0.08;0.6;19.09
2026;229;313;beauce_5_sa_086;solnu;;0.0;0.0;24.13;-7.32;0.0;131.14;147.81;0.11;0.04;0;0;0;-137.62;0.1;0.01;0.0;0.0
2026;314;365;beauce_5_sa_086;BTH;;0.0;1.13;5.03;-86.58;1.54;147.97;149.67;0.02;0.0;0;0.91;0;7.88;0.02;0.0;1.13;0.0
2026;1;172;beauce_5_sa_087;BTH;;1.68;0.0;31.42;20.39;50.51;8.06;7.64;0.03;0.0;0;30.61;0;-130.55;0.0;0.03;0.0;1.68
2026;173;264;beauce_5_sa_087;solnu;;0.06;0.0;32.47;-7.21;0.0;7.64;32.82;0.02;0.0;0;0;0;-194.92;0.0;0.02;0.0;0.06
2026;265;365;beauce_5_sa_087;BTH;;0.38;0.0;14.33;-42.25;1.5;32.99;3.09;0.0;0.0;0;0.88;0;-42.25;0.0;0.0;0.0;0.38
2026;1;210;beauce_5_sa_088;BTH;;5.37;1.2;54.77;37.9;144.42;24.03;56.97;0.13;0.0;0;85.87;0;-130.89;0.07;0.06;1.2;5.37
2026;211;279;beauce_5_sa_088;solnu;;0.0;0.0;24.72;-8.92;0.0;56.97;72.75;0.02;0.0;0;0;0;-140.34;0.01;0.01;0.0;0.0
2026;280;365;beauce_5_sa_088;BTH;;0.0;0.0;12.1;-65.41;1.5;73.13;18.13;0.0;0.0;0;0.88;0;8.21;0.0;0.0;0.0;0.0
2026;1;179;beauce_5_sa_089;BTH;;1.2;0.0;33.26;9.02;42.74;5.86;4.14;0.03;0.0;0;25.15;0;-88.87;0.0;0.03;0.0;1.2
2026;180;302;beauce_5_sa_089;solnu;;0.2;0.0;40.08;-41.56;0.0;4.14;2.65;0.01;0.0;0;0;0;-197.27;0.0;0.01;0.0;0.2
2026;303;365;beauce_5_sa_089;BTH;;0.08;0.0;6.18;-6.27;0.0;2.56;2.48;0.0;0.0;0;0.0;0;-1.38;0.0;0.0;0.0;0.08
2026;1;218;beauce_5_sa_090;BTH;;17.23;1.45;59.54;70.9;128.21;98.57;191.48;0.15;0.0;0;101.65;0;-278.77;0.07;0.08;1.45;17.23
2026;219;269;beauce_5_sa_090;solnu;;0.0;0.0;18.48;-12.27;0.0;191.48;197.69;0.01;0.0;0;0;0;-140.0;0.0;0.01;0.0;0.0
2026;270;365;beauce_5_sa_090;BTH;;3.93;0.0;14.72;-77.52;46.73;198.06;84.13;0.08;0.02;0;27.5;0;26.81;0.06;0.01;0.0;3.93
2026;1;228;beauce_5_sa_091;BTH;;2.91;0.0;56.96;21.95;50.51;13.99;39.48;0.05;0.0;0;29.72;0;-302.8;0.0;0.05;0.0;2.91
2026;229;314;beauce_5_sa_091;solnu;;0.77;0.0;19.57;-13.21;0.0;39.48;45.0;0.05;0.02;0;0;0;-119.04;0.05;0.01;0.0;0.77
2026;315;365;beauce_5_sa_091;BTH;;0.58;0.0;4.34;-29.97;0.0;45.22;19.99;0.0;0.0;0;0.0;0;-35.05;0.0;0.0;0.0;0.58
2026;1;214;beauce_5_sa_092;BTH;;2.61;0.16;53.98;23.37;60.46;12.68;38.93;0.05;0.0;0;36.46;0;-212.64;0.0;0.05;0.16;2.61
2026;215;281;beauce_5_sa_092;solnu;;0.0;0.0;19.61;-14.56;0.0;38.93;43.98;0.01;0.0;0;0;0;-122.96;0.0;0.01;0.0;0.0
2026;282;365;beauce_5_sa_092;BTH;;0.75;0.0;11.14;-46.73;1.5;44.23;6.26;0.01;0.0;0;0.88;0;-17.97;0.0;0.0;0.0;0.75
2026;1;206;beauce_5_sa_093;BTH;;17.36;1.37;50.35;75.6;142.26;103.36;171.72;0.13;0.0;0;97.53;0;-225.09;0.05;0.08;1.37;17.36
2026;207;282;beauce_5_sa_093;solnu;;0.0;0.0;25.32;-5.96;0.0;171.72;191.06;0.02;0.0;0;0;0;-174.99;0.0;0.01;0.0;0.0
2026;283;365;beauce_5_sa_093;BTH;;2.38;0.0;11.13;-82.8;25.6;191.59;91.28;0.09;0.03;0;15.07;0;5.19;0.08;0.01;0.0;2.38
2026;1;216;beauce_5_sa_094;BTH;;2.88;0.0;57.1;27.65;64.4;26.47;43.92;0.07;0.01;0;38.39;0;-220.65;0.02;0.05;0.0;2.88
2026;217;261;beauce_5_sa_094;solnu;;0.0;0.0;14.86;-52.39;0.0;43.92;7.08;0.0;0.0;0;0;0;-87.27;0.0;0.0;0.0;0.0
2026;262;365;beauce_5_sa_094;BTH;;0.88;0.24;16.3;-17.51;0.95;7.08;22.34;0.0;0.0;0;0.56;0;19.46;0.0;0.0;0.24;0.88
2026;1;177;beauce_5_sa_095;BTH;;11.83;1.32;36.28;38.51;114.75;78.44;26.39;0.07;0.0;0;81.34;0;-90.14;0.03;0.04;1.32;11.83
2026;178;282;beauce_5_sa_095;solnu;;0.0;0.0;39.2;-102.71;0.0;26.39;61.33;0.04;0.0;0;0;0;-139.17;0.02;0.01;0.0;0.0
2026;283;365;beauce_5_sa_095;BTH;;1.79;0.0;12.43;17.47;25.6;61.54;63.76;0.06;0.02;0;15.06;0;70.72;0.04;0.02;0.0;1.79
2026;1;190;beauce_5_sa_096;BTH;;8.57;0.0;38.51;19.18;108.4;79.4;19.33;0.07;0.0;0;64.29;0;-30.45;0.03;0.04;0.0;8.57
2026;191;312;beauce_5_sa_096;solnu;;0.05;0.0;39.56;-0.32;0.0;19.33;58.57;0.06;0.02;0;0;0;-189.27;0.04;0.02;0.0;0.05
2026;313;365;beauce_5_sa_096;BTH;;0.96;0.9;5.2;-48.04;0.95;58.98;84.32;0.0;0.0;0;0.56;0;-57.76;0.0;0.0;0.9;0.96
2026;1;184;beauce_5_sa_097;BTH;;1.04;0.0;35.57;11.94;46.22;4.95;5.17;0.03;0.0;0;27.2;0;-105.13;0.0;0.03;0.0;1.04
2026;185;280;beauce_5_sa_097;solnu;;0.0;0.0;33.12;-35.79;0.0;5.17;2.15;0.01;0.0;0;0;0;-181.58;0.0;0.01;0.0;0.0
2026;281;365;beauce_5_sa_097;BTH;;0.24;0.0;11.6;-12.49;0.0;2.14;1.9;0.0;0.0;0;0.0;0;-25.11;0.0;0.0;0.0;0.24
2026;1;186;beauce_5_sa_098;BTH;;7.31;0.93;38.52;49.8;116.5;37.15;71.09;0.11;0.01;0;79.54;0;-107.66;0.06;0.05;0.93;7.31
2026;187;264;beauce_5_sa_098;solnu;;0.0;0.0;31.82;-4.44;0.0;71.09;98.45;0.02;0.0;0;0;0;-176.36;0.0;0.02;0.0;0.0
2026;265;365;beauce_5_sa_098;BTH;;2.2;0.0;15.56;-79.28;10.5;98.64;22.02;0.0;0.0;0;6.18;0;31.48;0.0;0.0;0.0;2.2
2026;1;203;beauce_5_sa_099;BTH;;25.23;2.19;55.94;43.1;143.94;163.1;256.57;0.21;0.03;0;121.92;0;-236.86;0.15;0.06;2.19;25.23
2026;204;259;beauce_5_sa_099;solnu;;0.0;0.0;26.35;-104.46;0.0;256.57;178.46;0.0;0.0;0;0;0;-97.89;0.0;0.0;0.0;0.0
2026;260;365;beauce_5_sa_099;BTH;;9.36;0.0;19.11;29.48;62.27;179.41;155.28;0.11;0.03;0;36.64;0;97.3;0.08;0.03;0.0;9.36
2027;1;218;beauce_5_sa_000;BTH;;0.64;0.69;55.56;30.03;98.19;3.24;41.72;0.08;0.0;0;57.78;0;-129.22;0.03;0.05;0.69;0.64
2027;219;268;beauce_5_sa_000;solnu;;0.09;0.0;25.66;-66.71;0.0;41.72;3.12;0.0;0.0;0;0;0;-88.11;0.0;0.0;0.0;0.09
2027;269;365;beauce_5_sa_000;BTH;;0.66;0.0;16.26;-6.75;5.68;3.11;6.27;0.01;0.0;0;3.34;0;83.92;0.0;0.01;0.0;0.66
2027;1;201;beauce_5_sa_001;BTH;;0.31;0.67;41.19;16.5;93.45;1.61;15.73;0.04;0.0;0;54.99;0;-12.68;0.01;0.03;0.67;0.31
2027;202;287;beauce_5_sa_001;solnu;;0.0;0.0;38.55;-53.91;0.0;15.73;0.93;0.02;0.0;0;0;0;-154.33;0.0;0.02;0.0;0.0
2027;288;365;beauce_5_sa_001;BTH;;0.15;0.0;11.35;-11.36;0.0;0.89;0.79;0.0;0.0;0;0.0;0;38.37;0.0;0.0;0.0;0.15
2027;1;213;beauce_5_sa_002;BTH;;7.25;1.85;47.44;53.91;191.93;63.67;103.94;0.15;0.0;0;114.17;0;-57.82;0.09;0.06;1.85;7.25
2027;214;310;beauce_5_sa_002;solnu;;0.01;0.0;39.92;-93.5;0.0;103.94;50.27;0.08;0.01;0;0;0;-74.27;0.06;0.02;0.0;0.01
2027;311;365;beauce_5_sa_002;BTH;;5.27;0.0;7.12;12.49;2.91;50.52;61.67;0.03;0.0;0;1.71;0;53.54;0.02;0.01;0.0;5.27
2027;1;192;beauce_5_sa_003;BTH;;2.2;1.95;39.91;43.01;185.2;16.22;57.93;0.15;0.0;0;110.47;0;3.7;0.1;0.05;1.95;2.2
2027;193;279;beauce_5_sa_003;solnu;;0.0;0.0;48.15;-97.84;0.0;57.93;8.22;0.02;0.0;0;0;0;-92.9;0.0;0.02;0.0;0.0
2027;280;365;beauce_5_sa_003;BTH;;1.39;0.0;15.24;21.26;19.09;8.46;24.21;0.04;0.0;0;11.23;0;83.57;0.02;0.02;0.0;1.39
2027;1;227;beauce_5_sa_004;BTH;;1.27;0.0;52.31;31.37;46.26;6.51;42.61;0.06;0.0;0;28.1;0;-249.87;0.0;0.05;0.0;1.27
2027;228;282;beauce_5_sa_004;solnu;;0.26;0.0;20.26;-14.38;0.0;42.61;48.18;0.04;0.0;0;0;0;-129.65;0.04;0.01;0.0;0.26
2027;283;365;beauce_5_sa_004;BTH;;3.44;0.0;11.06;-40.42;0.0;48.48;15.42;0.02;0.01;0;0.0;0;-31.93;0.02;0.0;0.0;3.44
2027;1;179;beauce_5_sa_005;BTH;;2.26;0.13;27.91;12.2;52.45;11.58;6.92;0.03;0.0;0;30.86;0;-93.4;0.0;0.02;0.13;2.26
2027;180;290;beauce_5_sa_005;solnu;;1.57;0.0;42.84;5.57;0.0;6.92;53.64;0.1;0.01;0;0;0;-243.06;0.07;0.03;0.0;1.57
2027;291;365;beauce_5_sa_005;BTH;;3.2;0.0;9.48;-37.77;0.0;54.11;22.51;0.0;0.0;0;0.0;0;-47.23;0.0;0.0;0.0;3.2
2027;1;175;beauce_5_sa_006;BTH;;2.42;0.77;31.37;34.76;84.08;14.41;50.33;0.05;0.0;0;51.42;0;-39.28;0.01;0.04;0.77;2.42
2027;176;283;beauce_5_sa_006;solnu;;0.14;0.0;50.63;-83.1;0.0;50.33;17.73;0.03;0.0;0;0;0;-135.51;0.0;0.03;0.0;0.14
2027;284;365;beauce_5_sa_006;BTH;;2.19;0.0;13.13;19.97;25.32;18.33;23.26;0.05;0.01;0;14.9;0;19.35;0.03;0.02;0.0;2.19
2027;1;222;beauce_5_sa_007;BTH;;11.34;1.82;53.67;30.7;179.4;61.02;91.12;0.11;0.0;0;105.57;0;42.35;0.05;0.05;1.82;11.34
2027;223;317;beauce_5_sa_007;solnu;;0.66;0.0;36.36;-58.58;0.0;91.12;68.42;0.15;0.01;0;0;0;-107.58;0.13;0.02;0.0;0.66
2027;318;365;beauce_5_sa_007;BTH;;7.59;0.0;5.96;-6.0;0.0;68.4;60.79;0.0;0.0;0;0.0;0;38.46;0.0;0.0;0.0;7.59
2027;1;181;beauce_5_sa_008;BTH;;2.7;0.99;31.51;19.88;140.32;26.2;8.3;0.07;0.0;0;84.06;0;85.73;0.04;0.03;0.99;2.7
2027;182;296;beauce_5_sa_008;solnu;;0.0;0.0;42.46;-49.85;0.0;8.3;7.56;0.01;0.0;0;0;0;-176.23;0.0;0.01;0.0;0.0
2027;297;365;beauce_5_sa_008;BTH;;1.22;0.32;9.33;-12.68;3.69;7.89;23.17;0.02;0.0;0;2.17;0;67.65;0.02;0.0;0.32;1.22
2027;1;176;beauce_5_sa_009;BTH;;0.66;0.17;28.81;11.21;51.99;3.31;3.16;0.03;0.0;0;30.6;0;-42.48;0.0;0.02;0.17;0.66
2027;177;296;beauce_5_sa_009;solnu;;0.15;0.0;48.01;-50.29;0.0;3.16;1.55;0.02;0.0;0;0;0;-224.32;0.0;0.02;0.0;0.15
2027;297;365;beauce_5_sa_009;BTH;;0.2;0.0;8.57;-8.5;0.0;1.55;1.43;0.0;0.0;0;0.0;0;24.53;0.0;0.0;0.0;0.2
2027;1;210;beauce_5_sa_010;BTH;;3.87;1.27;54.21;45.96;126.64;28.25;92.67;0.16;0.0;0;78.91;0;-146.42;0.1;0.06;1.27;3.87
2027;211;260;beauce_5_sa_010;solnu;;0.0;0.0;29.14;-105.71;0.0;92.67;16.06;0.04;0.0;0;0;0;-53.85;0.04;0.0;0.0;0.0
2027;261;365;beauce_5_sa_010;BTH;;3.85;0.0;18.98;17.95;23.42;16.13;25.68;0.04;0.0;0;13.78;0;73.34;0.01;0.02;0.0;3.85
2027;1;188;beauce_5_sa_011;BTH;;2.74;0.0;31.22;5.85;40.13;14.14;6.82;0.02;0.0;0;23.61;0;-100.36;0.0;0.02;0.0;2.74
2027;189;298;beauce_5_sa_011;solnu;;1.41;0.0;42.95;-2.85;0.0;6.82;45.45;0.09;0.01;0;0;0;-245.96;0.06;0.03;0.0;1.41
2027;299;365;beauce_5_sa_011;BTH;;2.7;0.0;7.64;-31.68;0.0;45.66;19.0;0.0;0.0;0;0.0;0;-34.19;0.0;0.0;0.0;2.7
2027;1;203;beauce_5_sa_012;BTH;;13.09;1.97;42.84;35.46;188.33;70.12;94.62;0.11;0.0;0;110.82;0;57.15;0.06;0.05;1.97;13.09
2027;204;302;beauce_5_sa_012;solnu;;0.0;0.0;39.18;5.69;0.0;94.62;139.33;0.16;0.01;0;0;0;-130.1;0.13;0.03;0.0;0.0
2027;303;365;beauce_5_sa_012;BTH;;9.44;0.0;8.33;-67.89;0.0;139.63;70.31;0.02;0.0;0;0.0;0;28.45;0.02;0.0;0.0;9.44
2027;1;180;beauce_5_sa_013;BTH;;1.23;0.33;30.53;6.13;59.19;4.57;4.45;0.03;0.0;0;34.83;0;-0.64;0.01;0.02;0.33;1.23
2027;181;307;beauce_5_sa_013;solnu;;1.39;0.0;49.66;-33.39;0.0;4.45;20.8;0.09;0.01;0;0;0;-236.16;0.06;0.03;0.0;1.39
2027;308;365;beauce_5_sa_013;BTH;;2.46;0.0;6.59;-7.41;0.0;20.74;18.31;0.0;0.0;0;0.0;0;-8.5;0.0;0.0;0.0;2.46
2027;1;220;beauce_5_sa_014;BTH;;0.5;0.0;50.46;16.21;44.67;2.59;24.05;0.04;0.0;0;26.28;0;-166.74;0.0;0.04;0.0;0.5
2027;221;301;beauce_5_sa_014;solnu;;0.81;0.0;28.83;-44.89;0.0;24.05;7.8;0.04;0.0;0;0;0;-181.85;0.03;0.01;0.0;0.81
2027;302;365;beauce_5_sa_014;BTH;;0.98;0.0;7.27;-7.28;0.0;7.8;6.84;0.0;0.0;0;0.0;0;-3.02;0.0;0.0;0.0;0.98
2027;1;219;beauce_5_sa_015;BTH;;2.66;0.0;47.59;21.36;45.14;13.58;34.68;0.04;0.0;0;26.56;0;-207.18;0.0;0.04;0.0;2.66
2027;220;290;beauce_5_sa_015;solnu;;1.8;0.0;26.67;-11.45;0.0;34.68;48.01;0.08;0.01;0;0;0;-168.35;0.07;0.01;0.0;1.8
2027;291;365;beauce_5_sa_015;BTH;;3.06;0.0;9.39;-33.42;0.0;48.43;21.49;0.0;0.0;0;0.0;0;-42.04;0.0;0.0;0.0;3.06
2027;1;228;beauce_5_sa_016;BTH;;16.31;2.17;63.41;59.31;204.68;124.33;188.05;0.24;0.0;0;132.86;0;-136.64;0.17;0.07;2.17;16.31
2027;229;286;beauce_5_sa_016;solnu;;0.0;0.0;26.07;-85.24;0.0;188.05;128.78;0.09;0.0;0;0;0;-132.76;0.08;0.01;0.0;0.0
2027;287;365;beauce_5_sa_016;BTH;;15.06;0.0;12.62;-0.01;20.82;127.22;105.44;0.06;0.01;0;12.25;0;109.93;0.05;0.01;0.0;15.06
2027;1;194;beauce_5_sa_017;BTH;;2.86;0.61;35.85;-3.74;81.64;14.77;6.62;0.04;0.0;0;48.04;0;19.27;0.02;0.02;0.61;2.86
2027;195;310;beauce_5_sa_017;solnu;;0.58;0.0;42.04;-30.37;0.0;6.62;18.41;0.08;0.01;0;0;0;-165.04;0.05;0.02;0.0;0.58
2027;311;365;beauce_5_sa_017;BTH;;2.04;0.0;6.36;-11.07;0.0;18.41;16.5;0.0;0.0;0;0.0;0;-41.41;0.0;0.0;0.0;2.04
2027;1;198;beauce_5_sa_018;BTH;;0.75;0.78;44.48;23.47;101.43;3.74;27.73;0.09;0.0;0;59.69;0;-45.31;0.05;0.04;0.78;0.75
2027;199;259;beauce_5_sa_018;solnu;;0.0;0.0;35.58;-67.05;0.0;27.73;2.48;0.01;0.0;0;0;0;-159.68;0.01;0.0;0.0;0.0
2027;260;365;beauce_5_sa_018;BTH;;0.58;0.0;18.56;0.02;12.47;2.45;7.99;0.02;0.0;0;7.34;0;96.64;0.0;0.01;0.0;0.58
2027;1;222;beauce_5_sa_019;BTH;;3.12;0.0;51.41;9.5;41.54;16.09;32.3;0.04;0.0;0;24.45;0;-172.77;0.0;0.04;0.0;3.12
2027;223;296;beauce_5_sa_019;solnu;;1.68;0.0;27.14;-14.1;0.0;32.3;43.59;0.07;0.01;0;0;0;-161.37;0.06;0.01;0.0;1.68
2027;297;365;beauce_5_sa_019;BTH;;2.75;0.0;8.19;-30.58;0.0;43.93;19.25;0.0;0.0;0;0.0;0;-30.26;0.0;0.0;0.0;2.75
2027;1;195;beauce_5_sa_020;BTH;;2.43;1.91;38.84;10.81;189.7;11.61;12.12;0.09;0.0;0;111.63;0;170.82;0.06;0.03;1.91;2.43
2027;196;300;beauce_5_sa_020;solnu;;0.0;0.0;40.29;-42.0;0.0;12.12;12.57;0.03;0.0;0;0;0;-132.36;0.02;0.02;0.0;0.0
2027;301;365;beauce_5_sa_020;BTH;;1.39;0.0;9.02;-9.01;0.0;12.57;11.36;0.0;0.0;0;0.0;0;57.5;0.0;0.0;0.0;1.39
2027;1;230;beauce_5_sa_021;BTH;;4.07;0.33;54.61;8.35;65.85;21.11;38.87;0.05;0.0;0;38.75;0;-116.09;0.01;0.04;0.33;4.07
2027;231;312;beauce_5_sa_021;solnu;;1.76;0.0;26.33;-37.2;0.0;38.87;26.15;0.08;0.01;0;0;0;-136.81;0.07;0.01;0.0;1.76
2027;313;365;beauce_5_sa_021;BTH;;2.86;0.0;5.68;-9.93;0.0;25.75;22.91;0.0;0.0;0;0.0;0;-53.51;0.0;0.0;0.0;2.86
2027;1;198;beauce_5_sa_022;BTH;;21.63;1.72;43.9;55.32;166.45;163.4;203.28;0.14;0.0;0;114.79;0;-17.04;0.08;0.06;1.72;21.63
2027;199;280;beauce_5_sa_022;solnu;;0.0;0.0;41.82;0.94;0.0;203.28;245.92;0.12;0.0;0;0;0;-211.39;0.09;0.03;0.0;0.0
2027;281;365;beauce_5_sa_022;BTH;;21.89;0.35;13.9;-81.51;29.48;246.28;153.03;0.14;0.01;0;17.35;0;66.18;0.13;0.01;0.35;21.89
2027;1;206;beauce_5_sa_023;BTH;;3.94;0.79;44.17;14.68;101.74;8.82;20.82;0.09;0.0;0;59.87;0;15.6;0.05;0.04;0.79;3.94
2027;207;315;beauce_5_sa_023;solnu;;1.75;0.0;39.79;-47.78;0.0;20.82;15.76;0.05;0.0;0;0;0;-237.38;0.03;0.02;0.0;1.75
2027;316;365;beauce_5_sa_023;BTH;;1.75;0.0;5.52;-6.49;0.0;15.93;14.11;0.0;0.0;0;0.0;0;3.64;0.0;0.0;0.0;1.75
2027;1;208;beauce_5_sa_024;BTH;;1.12;0.44;45.78;31.36;80.68;5.73;34.17;0.05;0.0;0;48.36;0;-109.69;0.0;0.05;0.44;1.12
2027;209;272;beauce_5_sa_024;solnu;;0.05;0.0;29.91;-8.51;0.0;34.17;55.45;0.06;0.0;0;0;0;-174.91;0.05;0.02;0.0;0.05
2027;273;365;beauce_5_sa_024;BTH;;2.89;0.0;14.35;-55.3;0.0;55.88;11.69;0.0;0.0;0;0.0;0;-9.78;0.0;0.0;0.0;2.89
2027;1;193;beauce_5_sa_025;BTH;;0.27;0.0;35.56;14.84;40.96;1.4;10.54;0.03;0.0;0;24.1;0;-84.19;0.0;0.03;0.0;0.27
2027;194;280;beauce_5_sa_025;solnu;;0.04;0.0;39.69;-48.53;0.0;10.54;1.63;0.02;0.0;0;0;0;-229.3;0.0;0.02;0.0;0.04
2027;281;365;beauce_5_sa_025;BTH;;0.33;0.0;12.21;-11.91;0.0;1.71;1.61;0.0;0.0;0;0.0;0;-6.54;0.0;0.0;0.0;0.33
2027;1;221;beauce_5_sa_026;BTH;;59.35;2.46;63.76;49.46;206.86;481.67;512.85;0.37;0.0;0;141.26;0;-192.39;0.3;0.07;2.46;59.35
2027;222;278;beauce_5_sa_026;solnu;;0.0;0.0;27.71;-96.6;0.0;512.85;443.85;0.11;0.0;0;0;0;-105.18;0.1;0.01;0.0;0.0
2027;279;365;beauce_5_sa_026;BTH;;53.8;1.05;15.05;18.66;32.49;443.81;469.69;0.21;0.01;0;19.12;0;119.6;0.19;0.02;1.05;53.8
2027;1;208;beauce_5_sa_027;BTH;;3.53;0.86;44.46;42.15;113.08;11.79;45.85;0.08;0.0;0;67.42;0;-86.15;0.03;0.05;0.86;3.53
2027;209;285;beauce_5_sa_027;solnu;;0.41;0.0;32.77;-2.92;0.0;45.85;75.21;0.08;0.0;0;0;0;-182.26;0.06;0.02;0.0;0.41
2027;286;365;beauce_5_sa_027;BTH;;6.66;0.0;11.1;-49.47;0.0;75.68;31.73;0.04;0.01;0;0.0;0;-48.66;0.04;0.0;0.0;6.66
2027;1;223;beauce_5_sa_028;BTH;;31.69;2.01;50.26;68.58;185.77;207.2;258.66;0.11;0.0;0;110.07;0;-99.22;0.04;0.07;2.01;31.69
2027;224;314;beauce_5_sa_028;solnu;;4.83;0.0;31.6;1.31;0.0;258.66;286.49;0.25;0.01;0;0;0;-142.79;0.23;0.02;0.0;4.83
2027;315;365;beauce_5_sa_028;BTH;;20.8;0.0;5.65;-85.63;2.15;286.63;183.53;0.03;0.0;0;1.27;0;9.98;0.03;0.0;0.0;20.8
2027;1;226;beauce_5_sa_029;BTH;;1.25;0.14;54.9;27.67;50.81;6.19;47.0;0.06;0.0;0;30.78;0;-183.5;0.01;0.05;0.14;1.25
2027;227;268;beauce_5_sa_029;solnu;;0.27;0.0;18.01;-15.69;0.0;47.0;49.01;0.03;0.0;0;0;0;-128.62;0.03;0.0;0.0;0.27
2027;269;365;beauce_5_sa_029;BTH;;2.68;0.0;15.04;-49.38;1.5;49.22;10.49;0.01;0.0;0;0.88;0;6.12;0.0;0.0;0.0;2.68
2027;1;177;beauce_5_sa_030;BTH;;0.35;0.0;28.11;17.03;43.99;1.7;2.47;0.03;0.0;0;25.89;0;-86.05;0.0;0.03;0.0;0.35
2027;178;289;beauce_5_sa_030;solnu;;0.09;0.0;44.51;-46.1;0.0;2.47;0.81;0.02;0.0;0;0;0;-236.9;0.0;0.02;0.0;0.09
2027;290;365;beauce_5_sa_030;BTH;;0.1;0.0;9.93;-8.55;0.0;0.83;2.08;0.0;0.0;0;0.0;0;-13.43;0.0;0.0;0.0;0.1
2027;1;211;beauce_5_sa_031;BTH;;0.88;0.0;46.4;27.09;42.03;4.43;34.95;0.04;0.0;0;24.73;0;-179.43;0.0;0.04;0.0;0.88
2027;212;261;beauce_5_sa_031;solnu;;0.0;0.0;24.94;-38.85;0.0;34.95;21.03;0.01;0.0;0;0;0;-158.91;0.0;0.01;0.0;0.0
2027;262;365;beauce_5_sa_031;BTH;;0.94;0.0;16.58;-27.73;3.13;19.24;5.79;0.01;0.0;0;1.84;0;-14.25;0.01;0.0;0.0;0.94
2027;1;171;beauce_5_sa_032;BTH;;16.61;1.38;29.36;17.98;114.27;87.52;105.87;0.07;0.0;0;67.5;0;101.57;0.05;0.03;1.38;16.61
2027;172;311;beauce_5_sa_032;solnu;;2.54;0.0;47.44;17.09;0.0;105.87;167.95;0.2;0.01;0;0;0;-140.81;0.16;0.04;0.0;2.54
2027;312;365;beauce_5_sa_032;BTH;;10.64;0.0;6.72;-78.69;0.0;168.3;85.33;0.01;0.0;0;0.0;0;35.11;0.0;0.0;0.0;10.64
2027;1;182;beauce_5_sa_033;BTH;;24.45;2.39;33.62;49.81;169.33;191.32;260.11;0.16;0.0;0;130.11;0;-21.7;0.11;0.05;2.39;24.45
2027;183;266;beauce_5_sa_033;solnu;;0.0;0.0;45.8;7.26;0.0;260.11;313.08;0.1;0.0;0;0;0;-213.38;0.06;0.03;0.0;0.0
2027;267;365;beauce_5_sa_033;BTH;;25.6;0.0;17.9;-68.08;52.13;313.61;184.97;0.2;0.01;0;30.67;0;63.63;0.18;0.02;0.0;25.6
2027;1;223;beauce_5_sa_034;BTH;;3.89;0.0;52.66;19.75;96.21;10.76;34.19;0.09;0.0;0;56.62;0;-69.92;0.04;0.05;0.0;3.89
2027;224;313;beauce_5_sa_034;solnu;;1.89;0.0;30.58;-50.81;0.0;34.19;17.11;0.05;0.0;0;0;0;-203.67;0.04;0.01;0.0;1.89
2027;314;365;beauce_5_sa_034;BTH;;1.9;0.68;5.66;-6.68;0.0;17.11;15.24;0.0;0.0;0;0.0;0;3.61;0.0;0.0;0.68;1.9
2027;1;216;beauce_5_sa_035;BTH;;8.4;1.05;53.27;54.99;106.1;46.7;119.03;0.09;0.0;0;73.08;0;-115.81;0.02;0.06;1.05;8.4
2027;217;288;beauce_5_sa_035;solnu;;4.37;0.0;32.37;-85.45;0.0;119.03;61.46;0.11;0.01;0;0;0;-173.57;0.1;0.01;0.0;4.37
2027;289;365;beauce_5_sa_035;BTH;;6.13;0.0;11.38;-14.82;4.77;60.32;47.12;0.01;0.0;0;2.81;0;75.23;0.0;0.01;0.0;6.13
2027;1;178;beauce_5_sa_036;BTH;;5.91;0.84;30.53;4.47;100.24;23.91;16.16;0.06;0.0;0;58.99;0;35.24;0.03;0.03;0.84;5.91
2027;179;293;beauce_5_sa_036;solnu;;2.31;0.0;48.01;-0.37;0.0;16.16;61.38;0.1;0.01;0;0;0;-186.86;0.07;0.03;0.0;2.31
2027;294;365;beauce_5_sa_036;BTH;;4.16;0.0;9.73;-42.9;0.0;62.04;29.18;0.01;0.0;0;0.0;0;-75.27;0.0;0.0;0.0;4.16
2027;1;222;beauce_5_sa_037;BTH;;29.52;2.04;56.53;74.26;206.58;196.0;284.36;0.34;0.0;0;141.06;0;-208.47;0.26;0.08;2.04;29.52
2027;223;278;beauce_5_sa_037;solnu;;0.0;0.0;23.87;-7.16;0.0;284.36;300.95;0.11;0.0;0;0;0;-144.58;0.1;0.01;0.0;0.0
2027;279;365;beauce_5_sa_037;BTH;;28.07;0.55;13.1;-69.18;27.69;301.28;229.96;0.09;0.01;0;16.29;0;40.39;0.08;0.01;0.55;28.07
2027;1;171;beauce_5_sa_038;BTH;;1.0;0.6;27.07;20.3;91.72;4.72;3.92;0.05;0.0;0;53.97;0;-22.95;0.02;0.03;0.6;1.0
2027;172;270;beauce_5_sa_038;solnu;;0.04;0.0;42.46;4.53;0.0;3.92;50.81;0.06;0.0;0;0;0;-201.97;0.03;0.03;0.0;0.04
2027;271;365;beauce_5_sa_038;BTH;;2.18;0.0;14.94;-55.37;0.0;51.3;8.82;0.0;0.0;0;0.0;0;-25.78;0.0;0.0;0.0;2.18
2027;1;228;beauce_5_sa_039;BTH;;2.98;1.11;59.05;60.19;134.06;17.94;83.33;0.1;0.0;0;81.11;0;-145.0;0.03;0.07;1.11;2.98
2027;229;298;beauce_5_sa_039;solnu;;1.51;0.0;27.78;-91.85;0.0;83.33;17.71;0.04;0.0;0;0;0;-77.91;0.03;0.01;0.0;1.51
2027;299;365;beauce_5_sa_039;BTH;;2.21;0.0;8.78;-8.69;0.0;17.71;15.58;0.0;0.0;0;0.0;0;62.51;0.0;0.0;0.0;2.21
2027;1;193;beauce_5_sa_040;BTH;;0.81;0.0;33.4;27.39;48.09;4.13;15.98;0.04;0.0;0;28.3;0;-142.23;0.0;0.04;0.0;0.81
2027;194;271;beauce_5_sa_040;solnu;;0.22;0.0;35.32;-3.24;0.0;15.98;47.79;0.05;0.0;0;0;0;-231.91;0.03;0.02;0.0;0.22
2027;272;365;beauce_5_sa_040;BTH;;2.28;0.0;13.53;-46.59;3.0;48.06;9.44;0.0;0.0;0;1.77;0;-52.51;0.0;0.0;0.0;2.28
2027;1;186;beauce_5_sa_041;BTH;;19.31;2.32;35.9;45.02;194.38;126.63;167.18;0.17;0.0;0;125.91;0;35.36;0.12;0.05;2.32;19.31
2027;187;287;beauce_5_sa_041;solnu;;0.0;0.0;45.13;-63.29;0.0;167.18;148.9;0.12;0.0;0;0;0;-157.68;0.09;0.03;0.0;0.0
2027;288;365;beauce_5_sa_041;BTH;;13.16;0.0;13.04;-10.93;20.82;145.66;116.95;0.08;0.01;0;12.25;0;104.92;0.07;0.01;0.0;13.16
2027;1;192;beauce_5_sa_042;BTH;;50.89;3.19;41.5;49.52;176.75;310.25;412.52;0.32;0.0;0;137.98;0;-23.46;0.26;0.05;3.19;50.89
2027;193;261;beauce_5_sa_042;solnu;;0.0;0.0;44.4;1.05;0.0;412.52;457.92;0.05;0.0;0;0;0;-259.24;0.02;0.03;0.0;0.0
2027;262;365;beauce_5_sa_042;BTH;;54.49;0.0;19.57;-65.87;59.7;458.15;297.21;0.21;0.01;0;35.13;0;84.84;0.19;0.02;0.0;54.49
2027;1;221;beauce_5_sa_043;BTH;;4.77;0.86;58.99;52.47;86.43;29.66;114.15;0.11;0.0;0;54.1;0;-157.6;0.04;0.07;0.86;4.77
2027;222;264;beauce_5_sa_043;solnu;;0.0;0.0;21.41;-102.25;0.0;114.15;33.3;0.01;0.0;0;0;0;-80.2;0.01;0.0;0.0;0.0
2027;265;365;beauce_5_sa_043;BTH;;5.22;0.0;17.61;24.92;41.64;33.08;28.91;0.06;0.01;0;24.5;0;57.46;0.03;0.03;0.0;5.22
2027;1;219;beauce_5_sa_044;BTH;;9.02;1.21;47.21;36.41;142.41;23.95;46.79;0.14;0.0;0;83.8;0;-72.85;0.09;0.05;1.21;9.02
2027;220;316;beauce_5_sa_044;solnu;;3.01;0.0;32.65;-51.44;0.0;46.79;29.04;0.04;0.0;0;0;0;-204.21;0.03;0.01;0.0;3.01
2027;317;365;beauce_5_sa_044;BTH;;3.23;0.0;5.02;-5.06;0.0;29.04;25.96;0.0;0.0;0;0.0;0;10.82;0.0;0.0;0.0;3.23
2027;1;196;beauce_5_sa_045;BTH;;0.44;0.21;37.83;12.41;61.32;1.16;5.69;0.03;0.0;0;36.08;0;-64.9;0.0;0.03;0.21;0.44
2027;197;296;beauce_5_sa_045;solnu;;0.14;0.0;40.93;-47.57;0.0;5.69;1.28;0.02;0.0;0;0;0;-215.23;0.0;0.02;0.0;0.14
2027;297;365;beauce_5_sa_045;BTH;;0.15;0.0;8.42;-8.49;0.0;1.32;1.06;0.0;0.0;0;0.0;0;12.77;0.0;0.0;0.0;0.15
2027;1;223;beauce_5_sa_046;BTH;;2.11;0.0;54.45;35.04;70.63;9.51;51.32;0.09;0.0;0;42.45;0;-185.72;0.04;0.06;0.0;2.11
2027;224;262;beauce_5_sa_046;solnu;;0.0;0.0;17.91;-15.81;0.0;51.32;53.41;0.01;0.0;0;0;0;-112.11;0.01;0.0;0.0;0.0
2027;263;365;beauce_5_sa_046;BTH;;3.29;0.34;16.14;-55.04;2.4;53.64;34.33;0.03;0.0;0;1.41;0;-2.92;0.03;0.0;0.34;3.29
2027;1;170;beauce_5_sa_047;BTH;;14.94;1.59;29.42;24.02;204.19;86.0;88.94;0.14;0.0;0;120.15;0;106.8;0.1;0.04;1.59;14.94
2027;171;312;beauce_5_sa_047;solnu;;1.48;0.0;45.09;18.78;0.0;88.94;151.49;0.17;0.01;0;0;0;-118.81;0.13;0.04;0.0;1.48
2027;313;365;beauce_5_sa_047;BTH;;10.38;0.68;6.7;-66.36;0.28;151.68;132.19;0.01;0.0;0;0.16;0;19.4;0.0;0.0;0.68;10.38
2027;1;211;beauce_5_sa_048;BTH;;38.86;2.8;52.2;59.16;199.63;293.01;375.24;0.24;0.0;0;137.9;0;-150.25;0.17;0.07;2.8;38.86
2027;212;276;beauce_5_sa_048;solnu;;0.0;0.0;31.87;-78.18;0.0;375.24;328.76;0.16;0.0;0;0;0;-168.86;0.14;0.01;0.0;0.0
2027;277;365;beauce_5_sa_048;BTH;;35.03;0.0;14.6;8.22;35.5;326.42;280.87;0.18;0.01;0;20.89;0;82.67;0.17;0.02;0.0;35.03
2027;1;231;beauce_5_sa_049;BTH;;0.48;0.0;58.27;22.69;40.11;2.42;42.74;0.05;0.0;0;23.6;0;-268.71;0.0;0.05;0.0;0.48
2027;232;274;beauce_5_sa_049;solnu;;0.07;0.0;17.63;-59.33;0.0;42.74;0.97;0.0;0.0;0;0;0;-67.76;0.0;0.0;0.0;0.07
2027;275;365;beauce_5_sa_049;BTH;;0.23;0.0;13.93;-7.87;3.53;0.97;3.26;0.0;0.0;0;2.08;0;17.83;0.0;0.0;0.0;0.23
2027;1;201;beauce_5_sa_050;BTH;;0.25;0.0;39.72;11.09;44.7;1.3;7.13;0.03;0.0;0;26.3;0;-99.72;0.0;0.03;0.0;0.25
2027;202;306;beauce_5_sa_050;solnu;;0.57;0.0;39.59;-41.78;0.0;7.13;5.04;0.04;0.0;0;0;0;-228.75;0.02;0.02;0.0;0.57
2027;307;365;beauce_5_sa_050;BTH;;0.59;0.0;6.39;-6.42;0.0;5.03;4.41;0.0;0.0;0;0.0;0;-1.75;0.0;0.0;0.0;0.59
2027;1;210;beauce_5_sa_051;BTH;;4.65;0.65;50.55;54.34;108.12;41.6;82.34;0.13;0.0;0;69.52;0;-98.2;0.06;0.06;0.65;4.65
2027;211;263;beauce_5_sa_051;solnu;;0.0;0.0;27.55;-9.46;0.0;82.34;100.39;0.04;0.0;0;0;0;-162.47;0.03;0.01;0.0;0.0
2027;264;365;beauce_5_sa_051;BTH;;7.28;0.32;17.21;-79.96;9.69;100.65;44.29;0.07;0.0;0;5.7;0;43.41;0.07;0.0;0.32;7.28
2027;1;202;beauce_5_sa_052;BTH;;0.88;0.26;43.29;24.07;62.87;4.18;27.56;0.07;0.0;0;37.0;0;-125.75;0.02;0.04;0.26;0.88
2027;203;260;beauce_5_sa_052;solnu;;0.0;0.0;31.52;-59.37;0.0;27.56;1.99;0.01;0.0;0;0;0;-156.32;0.0;0.0;0.0;0.0
2027;261;365;beauce_5_sa_052;BTH;;0.55;0.0;17.19;0.64;11.93;2.0;7.32;0.02;0.0;0;7.02;0;39.96;0.0;0.01;0.0;0.55
2027;1;220;beauce_5_sa_053;BTH;;1.6;0.27;53.09;23.54;60.95;5.47;39.52;0.07;0.0;0;35.86;0;-134.89;0.02;0.05;0.27;1.6
2027;221;276;beauce_5_sa_053;solnu;;0.29;0.0;23.42;-49.45;0.0;39.52;13.17;0.04;0.0;0;0;0;-145.33;0.03;0.01;0.0;0.29
2027;277;365;beauce_5_sa_053;BTH;;2.49;0.0;13.4;-14.77;0.0;12.45;10.0;0.0;0.0;0;0.0;0;0.99;0.0;0.0;0.0;2.49
2027;1;175;beauce_5_sa_054;BTH;;20.41;1.68;30.11;51.87;139.87;118.5;164.57;0.09;0.0;0;92.95;0;3.37;0.04;0.05;1.68;20.41
2027;176;288;beauce_5_sa_054;solnu;;7.21;0.0;46.59;13.07;0.0;164.57;217.12;0.19;0.01;0;0;0;-204.78;0.15;0.04;0.0;7.21
2027;289;365;beauce_5_sa_054;BTH;;15.13;0.0;11.36;-87.7;15.74;217.33;109.88;0.03;0.0;0;9.26;0;30.06;0.02;0.0;0.0;15.13
2027;1;199;beauce_5_sa_055;BTH;;12.46;1.29;42.89;52.74;132.71;74.04;121.32;0.08;0.0;0;79.58;0;-33.06;0.02;0.06;1.29;12.46
2027;200;306;beauce_5_sa_055;solnu;;5.34;0.0;43.84;-77.14;0.0;121.32;82.51;0.17;0.01;0;0;0;-183.59;0.15;0.02;0.0;5.34
2027;307;365;beauce_5_sa_055;BTH;;9.77;0.0;7.3;-7.33;0.0;82.47;72.71;0.0;0.0;0;0.0;0;45.2;0.0;0.0;0.0;9.77
2027;1;192;beauce_5_sa_056;BTH;;5.49;1.2;38.79;42.01;111.19;28.25;81.95;0.13;0.0;0;72.23;0;-5.76;0.08;0.05;1.2;5.49
2027;193;260;beauce_5_sa_056;solnu;;0.0;0.0;40.82;0.95;0.0;81.95;123.68;0.04;0.0;0;0;0;-207.69;0.01;0.03;0.0;0.0
2027;261;365;beauce_5_sa_056;BTH;;7.07;0.0;18.51;-85.72;19.45;124.09;29.89;0.06;0.0;0;11.45;0;44.86;0.05;0.01;0.0;7.07
2027;1;178;beauce_5_sa_057;BTH;;3.86;0.81;32.21;39.25;74.74;20.07;73.17;0.04;0.0;0;47.51;0;7.52;0.0;0.04;0.81;3.86
2027;179;268;beauce_5_sa_057;solnu;;0.38;0.0;46.66;-45.41;0.0;73.17;73.98;0.07;0.0;0;0;0;-216.32;0.04;0.03;0.0;0.38
2027;269;365;beauce_5_sa_057;BTH;;5.54;0.0;17.0;-16.5;35.38;70.72;33.51;0.04;0.01;0;20.82;0;42.37;0.03;0.01;0.0;5.54
2027;1;210;beauce_5_sa_058;BTH;;2.41;0.91;49.38;41.57;120.03;12.47;48.66;0.12;0.0;0;71.51;0;-93.18;0.06;0.05;0.91;2.41
2027;211;267;beauce_5_sa_058;solnu;;0.01;0.0;27.96;-7.98;0.0;48.66;68.56;0.07;0.0;0;0;0;-161.02;0.05;0.01;0.0;0.01
2027;268;365;beauce_5_sa_058;BTH;;4.81;0.0;15.72;-61.44;0.0;68.97;18.84;0.01;0.0;0;0.0;0;-1.3;0.01;0.0;0.0;4.81
2027;1;217;beauce_5_sa_059;BTH;;14.89;1.48;52.81;58.05;138.11;77.74;146.64;0.07;0.0;0;81.55;0;-33.48;0.0;0.07;1.48;14.89
2027;218;309;beauce_5_sa_059;solnu;;6.42;0.0;37.68;-82.61;0.0;146.64;95.1;0.19;0.01;0;0;0;-175.36;0.17;0.02;0.0;6.42
2027;310;365;beauce_5_sa_059;BTH;;11.23;0.0;6.95;-7.23;0.0;94.02;83.58;0.0;0.0;0;0.0;0;48.47;0.0;0.0;0.0;11.23
2027;1;221;beauce_5_sa_060;BTH;;15.02;1.11;54.52;34.45;100.4;78.38;135.27;0.05;0.0;0;59.08;0;-22.33;0.0;0.05;1.11;15.02
2027;222;313;beauce_5_sa_060;solnu;;6.99;0.0;33.88;-64.75;0.0;135.27;97.21;0.19;0.01;0;0;0;-135.04;0.17;0.02;0.0;6.99
2027;314;365;beauce_5_sa_060;BTH;;9.75;0.0;6.18;-15.6;0.0;94.64;78.04;0.0;0.0;0;0.0;0;31.43;0.0;0.0;0.0;9.75
2027;1;223;beauce_5_sa_061;BTH;;7.13;1.05;54.78;27.78;122.6;19.7;51.25;0.13;0.0;0;72.14;0;-42.32;0.08;0.05;1.05;7.13
2027;224;291;beauce_5_sa_061;solnu;;2.38;0.0;27.02;-53.85;0.0;51.25;25.25;0.04;0.0;0;0;0;-157.68;0.03;0.01;0.0;2.38
2027;292;365;beauce_5_sa_061;BTH;;3.15;0.0;10.06;-12.49;0.0;25.25;22.23;0.0;0.0;0;0.0;0;5.21;0.0;0.0;0.0;3.15
2027;1;176;beauce_5_sa_062;BTH;;4.88;1.14;31.39;40.1;122.93;33.93;61.79;0.09;0.0;0;76.73;0;-23.74;0.05;0.04;1.14;4.88
2027;177;294;beauce_5_sa_062;solnu;;1.32;0.0;48.88;-91.43;0.0;61.79;17.96;0.05;0.0;0;0;0;-155.92;0.03;0.02;0.0;1.32
2027;295;365;beauce_5_sa_062;BTH;;2.33;0.0;10.02;2.91;5.09;17.97;23.46;0.01;0.0;0;2.99;0;63.53;0.0;0.01;0.0;2.33
2027;1;176;beauce_5_sa_063;BTH;;1.2;0.59;29.44;6.85;81.79;6.29;4.04;0.04;0.0;0;48.13;0;34.32;0.02;0.02;0.59;1.2
2027;177;299;beauce_5_sa_063;solnu;;0.43;0.0;46.12;-44.1;0.0;4.04;7.18;0.04;0.0;0;0;0;-186.79;0.02;0.02;0.0;0.43
2027;300;365;beauce_5_sa_063;BTH;;0.89;0.0;8.43;-8.46;0.0;7.16;6.25;0.0;0.0;0;0.0;0;40.53;0.0;0.0;0.0;0.89
2027;1;185;beauce_5_sa_064;BTH;;0.19;0.0;31.45;10.12;40.81;0.94;1.48;0.03;0.0;0;24.02;0;-54.98;0.0;0.03;0.0;0.19
2027;186;288;beauce_5_sa_064;solnu;;0.05;0.0;44.31;-45.26;0.0;1.48;0.54;0.02;0.0;0;0;0;-239.82;0.0;0.02;0.0;0.05
2027;289;365;beauce_5_sa_064;BTH;;0.06;0.0;10.37;-10.41;0.0;0.44;0.44;0.0;0.0;0;0.0;0;-3.73;0.0;0.0;0.0;0.06
2027;1;194;beauce_5_sa_065;BTH;;3.83;1.62;42.97;40.42;165.13;16.44;51.66;0.19;0.0;0;97.17;0;6.38;0.14;0.05;1.62;3.83
2027;195;266;beauce_5_sa_065;solnu;;0.0;0.0;45.77;-84.7;0.0;51.66;12.69;0.03;0.0;0;0;0;-181.97;0.01;0.02;0.0;0.0
2027;267;365;beauce_5_sa_065;BTH;;2.57;0.0;18.87;-5.55;5.55;12.69;17.87;0.01;0.0;0;3.27;0;111.81;0.0;0.01;0.0;2.57
2027;1;174;beauce_5_sa_066;BTH;;3.32;0.0;27.2;4.38;35.27;17.07;8.89;0.02;0.0;0;20.75;0;-75.51;0.0;0.02;0.0;3.32
2027;175;293;beauce_5_sa_066;solnu;;1.86;0.0;46.33;-0.55;0.0;8.89;52.81;0.1;0.01;0;0;0;-253.73;0.07;0.03;0.0;1.86
2027;294;365;beauce_5_sa_066;BTH;;3.28;0.0;8.9;-35.19;0.21;53.42;23.03;0.01;0.0;0;0.12;0;-32.57;0.01;0.0;0.0;3.28
2027;1;222;beauce_5_sa_067;BTH;;7.9;0.62;55.51;37.45;167.06;92.13;56.76;0.14;0.0;0;98.87;0;0.71;0.08;0.06;0.62;7.9
2027;223;304;beauce_5_sa_067;solnu;;2.01;0.0;32.65;-60.32;0.0;56.76;28.65;0.05;0.0;0;0;0;-130.93;0.04;0.01;0.0;2.01
2027;305;365;beauce_5_sa_067;BTH;;3.83;0.98;7.58;-12.25;1.79;28.64;91.85;0.04;0.0;0;1.06;0;55.47;0.04;0.0;0.98;3.83
2027;1;178;beauce_5_sa_068;BTH;;16.01;1.21;31.9;44.52;145.22;111.0;115.44;0.1;0.0;0;91.19;0;47.25;0.05;0.05;1.21;16.01
2027;179;289;beauce_5_sa_068;solnu;;5.53;0.0;47.29;12.09;0.0;115.44;169.48;0.17;0.01;0;0;0;-187.3;0.14;0.04;0.0;5.53
2027;290;365;beauce_5_sa_068;BTH;;12.17;0.52;11.58;-83.93;11.25;169.93;112.84;0.04;0.0;0;6.62;0;33.11;0.04;0.0;0.52;12.17
2027;1;183;beauce_5_sa_069;BTH;;15.38;1.93;35.61;41.55;126.58;112.23;191.5;0.1;0.0;0;106.51;0;-26.55;0.05;0.05;1.93;15.38
2027;184;264;beauce_5_sa_069;solnu;;0.0;0.0;48.54;-82.45;0.0;191.5;157.55;0.04;0.0;0;0;0;-211.93;0.01;0.03;0.0;0.0
2027;265;365;beauce_5_sa_069;BTH;;17.72;0.0;19.16;12.64;55.11;156.06;116.3;0.21;0.01;0;32.43;0;107.29;0.19;0.02;0.0;17.72
2027;1;227;beauce_5_sa_070;BTH;;8.06;1.1;62.71;62.4;93.57;54.85;160.35;0.19;0.0;0;77.21;0;-220.79;0.11;0.08;1.1;8.06
2027;228;261;beauce_5_sa_070;solnu;;0.0;0.0;17.4;-14.96;0.0;160.35;162.78;0.0;0.0;0;0;0;-124.47;0.0;0.0;0.0;0.0
2027;262;365;beauce_5_sa_070;BTH;;14.79;0.0;17.64;-91.0;22.65;162.93;51.91;0.06;0.0;0;13.33;0;78.69;0.06;0.01;0.0;14.79
2027;1;213;beauce_5_sa_071;BTH;;2.02;0.0;48.04;23.41;61.29;22.62;30.7;0.06;0.0;0;37.56;0;-143.09;0.02;0.04;0.0;2.02
2027;214;277;beauce_5_sa_071;solnu;;0.2;0.0;29.59;-57.05;0.0;30.7;4.23;0.01;0.0;0;0;0;-144.54;0.0;0.0;0.0;0.2
2027;278;365;beauce_5_sa_071;BTH;;1.17;0.28;13.04;-7.25;3.69;4.22;26.44;0.03;0.0;0;2.17;0;42.53;0.02;0.0;0.28;1.17
2027;1;205;beauce_5_sa_072;BTH;;9.52;1.0;45.82;68.05;137.19;59.24;133.81;0.15;0.0;0;103.48;0;-151.78;0.08;0.07;1.0;9.52
2027;206;269;beauce_5_sa_072;solnu;;0.0;0.0;32.21;-2.62;0.0;133.81;163.29;0.11;0.0;0;0;0;-208.75;0.09;0.02;0.0;0.0
2027;270;365;beauce_5_sa_072;BTH;;12.37;0.44;15.38;-77.81;26.67;163.66;94.43;0.05;0.01;0;15.7;0;25.66;0.04;0.01;0.44;12.37
2027;1;228;beauce_5_sa_073;BTH;;9.19;1.82;63.27;62.39;183.64;59.55;128.53;0.23;0.0;0;124.89;0;-155.67;0.15;0.08;1.82;9.19
2027;229;281;beauce_5_sa_073;solnu;;0.0;0.0;24.09;-76.68;0.0;128.53;75.88;0.07;0.0;0;0;0;-136.7;0.06;0.01;0.0;0.0
2027;282;365;beauce_5_sa_073;BTH;;10.4;0.0;13.59;-18.15;4.32;73.59;56.58;0.01;0.01;0;2.54;0;111.1;0.01;0.01;0.0;10.4
2027;1;178;beauce_5_sa_074;BTH;;0.61;0.0;28.31;14.49;42.45;3.06;2.78;0.03;0.0;0;24.98;0;-89.06;0.0;0.03;0.0;0.61
2027;179;279;beauce_5_sa_074;solnu;;0.15;0.0;42.96;-0.71;0.0;2.78;44.83;0.05;0.0;0;0;0;-247.71;0.03;0.03;0.0;0.15
2027;280;365;beauce_5_sa_074;BTH;;2.36;0.0;12.05;-41.48;2.66;45.24;10.36;0.02;0.0;0;1.57;0;-41.12;0.01;0.0;0.0;2.36
2027;1;188;beauce_5_sa_075;BTH;;2.31;0.0;32.51;0.58;34.95;11.95;6.26;0.02;0.0;0;20.56;0;-72.19;0.0;0.02;0.0;2.31
2027;189;315;beauce_5_sa_075;solnu;;1.57;0.0;47.15;-32.47;0.0;6.26;19.46;0.09;0.01;0;0;0;-250.14;0.06;0.02;0.0;1.57
2027;316;365;beauce_5_sa_075;BTH;;2.16;0.0;5.35;-5.52;0.0;19.6;17.31;0.0;0.0;0;0.0;0;-13.44;0.0;0.0;0.0;2.16
2027;1;217;beauce_5_sa_076;BTH;;3.13;1.21;55.52;41.3;138.66;9.74;55.28;0.18;0.0;0;81.59;0;-91.63;0.12;0.06;1.21;3.13
2027;218;270;beauce_5_sa_076;solnu;;0.05;0.0;26.0;-68.92;0.0;55.28;13.56;0.01;0.0;0;0;0;-136.86;0.0;0.01;0.0;0.05
2027;271;365;beauce_5_sa_076;BTH;;2.7;0.0;15.78;-15.69;0.0;13.52;10.95;0.0;0.0;0;0.0;0;76.78;0.0;0.0;0.0;2.7
2027;1;175;beauce_5_sa_077;BTH;;31.15;2.81;32.31;38.73;208.93;224.32;264.51;0.16;0.0;0;124.06;0;143.2;0.12;0.04;2.81;31.15
2027;176;311;beauce_5_sa_077;solnu;;0.1;0.0;45.23;12.71;0.0;264.51;322.85;0.21;0.01;0;0;0;-103.6;0.17;0.04;0.0;0.1
2027;312;365;beauce_5_sa_077;BTH;;26.07;0.0;7.39;-84.0;2.69;323.22;217.46;0.02;0.0;0;1.58;0;41.28;0.02;0.0;0.0;26.07
2027;1;218;beauce_5_sa_078;BTH;;1.98;0.85;54.16;37.33;101.47;10.3;61.7;0.1;0.0;0;59.71;0;-57.72;0.04;0.06;0.85;1.98
2027;219;283;beauce_5_sa_078;solnu;;0.1;0.0;29.41;-64.05;0.0;61.7;26.89;0.06;0.0;0;0;0;-158.18;0.05;0.01;0.0;0.1
2027;284;365;beauce_5_sa_078;BTH;;4.14;0.0;12.58;-18.56;0.0;23.07;16.77;0.0;0.0;0;0.0;0;52.65;0.0;0.0;0.0;4.14
2027;1;221;beauce_5_sa_079;BTH;;0.72;0.0;51.72;20.53;43.77;3.59;31.32;0.04;0.0;0;25.75;0;-193.54;0.0;0.04;0.0;0.72
2027;222;289;beauce_5_sa_079;solnu;;0.99;0.0;25.72;-47.08;0.0;31.32;8.92;0.04;0.0;0;0;0;-155.89;0.03;0.01;0.0;0.99
2027;290;365;beauce_5_sa_079;BTH;;1.11;0.0;10.1;-10.19;0.0;8.89;7.79;0.0;0.0;0;0.0;0;-5.32;0.0;0.0;0.0;1.11
2027;1;192;beauce_5_sa_080;BTH;;14.2;1.51;34.62;46.1;147.05;79.77;110.96;0.07;0.0;0;87.09;0;20.4;0.02;0.05;1.51;14.2
2027;193;310;beauce_5_sa_080;solnu;;0.74;0.0;39.73;13.98;0.0;110.96;163.98;0.19;0.01;0;0;0;-163.99;0.16;0.03;0.0;0.74
2027;311;365;beauce_5_sa_080;BTH;;10.03;0.0;6.5;-79.96;0.0;164.18;80.49;0.0;0.0;0;0.0;0;21.71;0.0;0.0;0.0;10.03
2027;1;221;beauce_5_sa_081;BTH;;3.01;0.81;54.77;56.17;110.46;15.31;73.35;0.12;0.0;0;68.53;0;-155.97;0.05;0.07;0.81;3.01
2027;222;271;beauce_5_sa_081;solnu;;0.34;0.0;21.67;-10.53;0.0;73.35;84.09;0.06;0.0;0;0;0;-124.55;0.05;0.01;0.0;0.34
2027;272;365;beauce_5_sa_081;BTH;;5.22;0.0;14.64;-69.54;3.0;84.36;20.97;0.0;0.0;0;1.77;0;15.57;0.0;0.0;0.0;5.22
2027;1;202;beauce_5_sa_082;BTH;;2.19;0.0;40.67;3.63;41.34;11.29;12.03;0.03;0.0;0;24.33;0;-97.6;0.0;0.03;0.0;2.19
2027;203;316;beauce_5_sa_082;solnu;;1.46;0.0;40.22;-34.78;0.0;12.03;17.16;0.07;0.01;0;0;0;-246.8;0.05;0.02;0.0;1.46
2027;317;365;beauce_5_sa_082;BTH;;1.91;0.0;5.12;-5.42;0.0;17.22;15.3;0.0;0.0;0;0.0;0;-13.26;0.0;0.0;0.0;1.91
2027;1;185;beauce_5_sa_083;BTH;;0.95;0.45;30.62;23.6;83.9;4.86;7.54;0.05;0.0;0;49.37;0;-67.16;0.02;0.03;0.45;0.95
2027;186;277;beauce_5_sa_083;solnu;;0.17;0.0;41.1;5.62;0.0;7.54;54.04;0.06;0.0;0;0;0;-219.01;0.03;0.03;0.0;0.17
2027;278;365;beauce_5_sa_083;BTH;;2.41;0.0;12.61;-53.29;1.5;54.48;9.77;0.01;0.0;0;0.88;0;-33.78;0.01;0.0;0.0;2.41
2027;1;226;beauce_5_sa_084;BTH;;17.12;1.84;51.89;59.81;181.2;115.35;166.65;0.14;0.0;0;107.3;0;-47.87;0.07;0.07;1.84;17.12
2027;227;316;beauce_5_sa_084;solnu;;0.02;0.0;32.39;-0.23;0.0;166.65;198.57;0.21;0.01;0;0;0;-138.45;0.19;0.02;0.0;0.02
2027;317;365;beauce_5_sa_084;BTH;;13.95;0.0;5.71;-78.15;0.0;198.73;112.16;0.01;0.0;0;0.0;0;14.9;0.01;0.0;0.0;13.95
2027;1;177;beauce_5_sa_085;BTH;;3.33;0.0;27.56;7.14;37.9;17.21;9.15;0.02;0.0;0;22.3;0;-94.6;0.0;0.02;0.0;3.33
2027;178;296;beauce_5_sa_085;solnu;;1.75;0.0;44.67;2.08;0.0;9.15;54.19;0.1;0.01;0;0;0;-259.15;0.07;0.03;0.0;1.75
2027;297;365;beauce_5_sa_085;BTH;;3.32;0.0;7.95;-35.51;0.0;54.56;23.3;0.0;0.0;0;0.0;0;-32.23;0.0;0.0;0.0;3.32
2027;1;228;beauce_5_sa_086;BTH;;20.71;0.6;54.71;68.02;174.15;149.67;122.31;0.14;0.0;0;103.38;0;-106.44;0.07;0.07;0.6;20.71
2027;229;313;beauce_5_sa_086;solnu;;5.08;0.0;29.37;-2.78;0.0;122.31;143.64;0.17;0.01;0;0;0;-148.71;0.15;0.02;0.0;5.08
2027;314;365;beauce_5_sa_086;BTH;;11.67;1.13;5.91;-85.25;2.37;143.97;135.17;0.06;0.0;0;1.39;0;11.98;0.06;0.0;1.13;11.67
2027;1;172;beauce_5_sa_087;BTH;;0.62;0.0;26.84;18.15;42.87;3.09;4.56;0.03;0.0;0;26.11;0;-90.88;0.0;0.03;0.0;0.62
2027;173;264;beauce_5_sa_087;solnu;;0.0;0.0;41.76;-1.41;0.0;4.56;44.88;0.03;0.0;0;0;0;-248.06;0.0;0.03;0.0;0.0
2027;265;365;beauce_5_sa_087;BTH;;2.23;0.0;15.9;-47.28;3.0;45.25;8.23;0.03;0.0;0;1.77;0;-52.49;0.03;0.0;0.0;2.23
2027;1;210;beauce_5_sa_088;BTH;;3.48;1.2;46.49;40.4;144.03;18.13;47.58;0.13;0.0;0;85.64;0;-59.64;0.07;0.05;1.2;3.48
2027;211;279;beauce_5_sa_088;solnu;;0.0;0.0;31.22;-2.22;0.0;47.58;76.5;0.07;0.0;0;0;0;-164.21;0.05;0.02;0.0;0.0
2027;280;365;beauce_5_sa_088;BTH;;4.65;0.0;12.68;-60.52;0.0;76.97;24.53;0.01;0.0;0;0.0;0;0.02;0.01;0.0;0.0;4.65
2027;1;179;beauce_5_sa_089;BTH;;0.5;0.0;29.15;12.67;41.11;2.48;2.66;0.03;0.0;0;24.19;0;-78.07;0.0;0.03;0.0;0.5
2027;180;302;beauce_5_sa_089;solnu;;0.65;0.0;47.31;-43.02;0.0;2.66;6.27;0.04;0.0;0;0;0;-245.2;0.02;0.02;0.0;0.65
2027;303;365;beauce_5_sa_089;BTH;;0.78;0.0;7.15;-6.94;0.0;6.22;5.7;0.0;0.0;0;0.0;0;-6.43;0.0;0.0;0.0;0.78
2027;1;218;beauce_5_sa_090;BTH;;12.0;1.45;53.77;72.16;121.2;84.13;184.96;0.16;0.0;0;98.82;0;-211.19;0.09;0.08;1.45;12.0
2027;219;269;beauce_5_sa_090;solnu;;0.39;0.0;23.73;-9.39;0.0;184.96;198.81;0.09;0.0;0;0;0;-162.17;0.08;0.01;0.0;0.39
2027;270;365;beauce_5_sa_090;BTH;;17.57;0.0;15.22;-75.35;36.14;199.14;84.89;0.06;0.01;0;21.27;0;31.27;0.05;0.01;0.0;17.57
2027;1;228;beauce_5_sa_091;BTH;;3.86;0.0;50.14;19.21;48.29;19.99;37.16;0.04;0.0;0;28.41;0;-247.96;0.0;0.04;0.0;3.86
2027;229;314;beauce_5_sa_091;solnu;;2.22;0.0;25.34;-10.48;0.0;37.16;49.71;0.09;0.01;0;0;0;-157.66;0.07;0.01;0.0;2.22
2027;315;365;beauce_5_sa_091;BTH;;2.8;0.0;4.91;-30.55;0.0;49.82;22.42;0.0;0.0;0;0.0;0;-38.5;0.0;0.0;0.0;2.8
2027;1;214;beauce_5_sa_092;BTH;;1.23;0.16;46.91;24.58;55.42;6.26;33.09;0.05;0.0;0;33.49;0;-147.86;0.01;0.04;0.16;1.23
2027;215;281;beauce_5_sa_092;solnu;;0.19;0.0;28.36;-10.15;0.0;33.09;51.05;0.05;0.0;0;0;0;-171.84;0.04;0.01;0.0;0.19
2027;282;365;beauce_5_sa_092;BTH;;3.33;0.0;11.67;-44.77;0.0;51.33;14.62;0.02;0.0;0;0.0;0;-21.38;0.02;0.0;0.0;3.33
2027;1;206;beauce_5_sa_093;BTH;;15.46;1.37;43.11;73.95;132.98;91.28;162.14;0.1;0.0;0;93.32;0;-161.67;0.02;0.07;1.37;15.46
2027;207;282;beauce_5_sa_093;solnu;;0.05;0.0;32.89;1.02;0.0;162.14;195.89;0.11;0.0;0;0;0;-199.65;0.09;0.02;0.0;0.05
2027;283;365;beauce_5_sa_093;BTH;;19.07;0.0;11.69;-87.72;14.98;196.31;85.73;0.08;0.01;0;8.82;0;1.96;0.08;0.0;0.0;19.07
2027;1;216;beauce_5_sa_094;BTH;;1.37;0.0;52.36;26.75;57.96;22.34;42.04;0.08;0.0;0;34.67;0;-163.15;0.03;0.05;0.0;1.37
2027;217;261;beauce_5_sa_094;solnu;;0.0;0.0;23.44;-61.73;0.0;42.04;3.75;0.01;0.0;0;0;0;-122.65;0.0;0.0;0.0;0.0
2027;262;365;beauce_5_sa_094;BTH;;1.03;0.24;17.2;-13.64;2.15;3.78;22.16;0.02;0.0;0;1.27;0;30.36;0.02;0.0;0.24;1.03
2027;1;177;beauce_5_sa_095;BTH;;9.46;1.32;32.25;39.22;104.47;63.76;118.05;0.07;0.0;0;76.54;0;-38.04;0.03;0.04;1.32;9.46
2027;178;282;beauce_5_sa_095;solnu;;0.04;0.0;48.25;-95.5;0.0;118.05;70.84;0.06;0.0;0;0;0;-155.5;0.04;0.02;0.0;0.04
2027;283;365;beauce_5_sa_095;BTH;;9.19;0.0;13.52;22.42;26.82;71.35;70.65;0.11;0.01;0;15.78;0;60.18;0.09;0.02;0.0;9.19
2027;1;190;beauce_5_sa_096;BTH;;7.84;0.0;33.7;17.48;107.38;84.32;20.21;0.08;0.0;0;63.75;0;-11.19;0.04;0.04;0.0;7.84
2027;191;312;beauce_5_sa_096;solnu;;2.85;0.0;45.16;4.82;0.0;20.21;67.22;0.12;0.01;0;0;0;-212.83;0.08;0.03;0.0;2.85
2027;313;365;beauce_5_sa_096;BTH;;4.17;0.9;5.86;-55.11;1.64;67.37;82.52;0.02;0.0;0;0.96;0;-57.08;0.02;0.0;0.9;4.17
2027;1;184;beauce_5_sa_097;BTH;;0.37;0.0;31.4;10.76;40.17;1.9;3.49;0.03;0.0;0;23.64;0;-72.43;0.0;0.03;0.0;0.37
2027;185;280;beauce_5_sa_097;solnu;;0.14;0.0;43.3;-38.13;0.0;3.49;8.47;0.05;0.0;0;0;0;-237.35;0.02;0.02;0.0;0.14
2027;281;365;beauce_5_sa_097;BTH;;1.49;0.0;12.26;-13.09;0.0;8.09;6.15;0.0;0.0;0;0.0;0;-18.17;0.0;0.0;0.0;1.49
2027;1;186;beauce_5_sa_098;BTH;;4.58;0.93;34.04;40.55;95.12;22.02;66.52;0.06;0.0;0;62.15;0;-17.02;0.02;0.05;0.93;4.58
2027;187;264;beauce_5_sa_098;solnu;;0.0;0.0;42.9;5.03;0.0;66.52;114.42;0.03;0.0;0;0;0;-213.83;0.0;0.03;0.0;0.0
2027;265;365;beauce_5_sa_098;BTH;;7.27;0.0;17.43;-83.36;13.09;114.85;28.09;0.06;0.0;0;7.7;0;19.11;0.05;0.0;0.0;7.27
2027;1;203;beauce_5_sa_099;BTH;;21.95;2.19;50.73;42.61;136.77;155.28;253.76;0.15;0.0;0;117.12;0;-161.12;0.1;0.06;2.19;21.95
2027;204;259;beauce_5_sa_099;solnu;;0.0;0.0;35.3;-95.89;0.0;253.76;193.12;0.06;0.0;0;0;0;-60.19;0.04;0.02;0.0;0.0
2027;260;365;beauce_5_sa_099;BTH;;28.25;0.0;19.82;32.11;62.84;193.8;153.71;0.25;0.02;0;36.98;0;64.72;0.21;0.03;0.0;28.25
2028;1;218;beauce_5_sa_000;BTH;;0.45;0.69;52.57;30.66;105.94;6.29;34.85;0.07;0.01;0;65.68;0;-191.59;0.02;0.05;0.69;0.45
2028;219;269;beauce_5_sa_000;solnu;;0.0;0.0;14.04;-52.88;0.0;34.85;1.55;0.0;0.0;0;0;0;-138.5;0.0;0.0;0.0;0.0
2028;270;366;beauce_5_sa_000;BTH;;0.23;0.0;16.06;-16.11;0.0;1.55;1.42;0.0;0.0;0;0.0;0;79.32;0.0;0.0;0.0;0.23
2028;1;201;beauce_5_sa_001;BTH;;0.12;0.67;42.19;21.66;99.78;0.77;14.92;0.04;0.0;0;58.71;0;-54.31;0.01;0.04;0.67;0.12
2028;202;288;beauce_5_sa_001;solnu;;0.0;0.0;20.64;-39.52;0.0;14.92;0.47;0.0;0.0;0;0;0;-159.62;0.0;0.0;0.0;0.0
2028;289;366;beauce_5_sa_001;BTH;;0.05;0.0;11.26;-14.19;0.0;0.47;0.5;0.0;0.0;0;0.0;0;12.78;0.0;0.0;0.0;0.05
2028;1;213;beauce_5_sa_002;BTH;;7.26;1.85;48.72;52.11;190.66;61.03;102.69;0.13;0.01;0;113.9;0;-96.57;0.07;0.06;1.85;7.26
2028;214;311;beauce_5_sa_002;solnu;;0.0;0.0;21.91;-100.23;0.0;102.69;24.37;0.0;0.0;0;0;0;4.72;0.0;0.0;0.0;0.0
2028;312;366;beauce_5_sa_002;BTH;;0.38;0.0;8.07;-3.51;1.82;24.37;26.73;0.0;0.0;0;1.07;0;72.55;0.0;0.0;0.0;0.38
2028;1;192;beauce_5_sa_003;BTH;;2.03;1.95;42.05;41.63;203.56;24.18;48.55;0.09;0.01;0;131.02;0;-108.74;0.04;0.05;1.95;2.03
2028;193;280;beauce_5_sa_003;solnu;;0.0;0.0;24.54;-64.78;0.0;48.55;8.31;0.01;0.0;0;0;0;-82.74;0.0;0.01;0.0;0.0
2028;281;366;beauce_5_sa_003;BTH;;0.11;0.0;15.46;-15.6;0.0;8.14;8.06;0.0;0.0;0;0.0;0;105.01;0.0;0.0;0.0;0.11
2028;1;227;beauce_5_sa_004;BTH;;2.57;0.0;45.48;27.37;50.29;15.13;35.37;0.04;0.0;0;29.6;0;-218.74;0.0;0.04;0.0;2.57
2028;228;283;beauce_5_sa_004;solnu;;0.0;0.0;8.99;-14.04;0.0;35.37;30.32;0.0;0.0;0;0;0;-66.83;0.0;0.0;0.0;0.0
2028;284;366;beauce_5_sa_004;BTH;;1.08;0.0;10.86;-36.14;0.0;30.38;5.89;0.0;0.0;0;0.0;0;-37.57;0.0;0.0;0.0;1.08
2028;1;179;beauce_5_sa_005;BTH;;3.3;0.13;29.92;16.53;63.27;22.09;10.83;0.03;0.0;0;37.23;0;-135.87;0.0;0.03;0.13;3.3
2028;180;291;beauce_5_sa_005;solnu;;0.0;0.0;23.11;-9.37;0.0;10.83;24.77;0.01;0.0;0;0;0;-122.8;0.0;0.01;0.0;0.0
2028;292;366;beauce_5_sa_005;BTH;;1.55;0.0;9.58;-28.2;0.0;24.99;9.19;0.0;0.0;0;0.0;0;-104.75;0.0;0.0;0.0;1.55
2028;1;175;beauce_5_sa_006;BTH;;2.32;0.77;34.26;30.06;90.28;23.15;51.23;0.05;0.0;0;68.02;0;-146.19;0.01;0.04;0.77;2.32
2028;176;284;beauce_5_sa_006;solnu;;0.0;0.0;27.56;-70.95;0.0;51.23;8.25;0.01;0.0;0;0;0;-119.56;0.0;0.01;0.0;0.0
2028;285;366;beauce_5_sa_006;BTH;;1.19;0.0;13.11;-13.07;0.0;8.26;7.1;0.0;0.0;0;0.0;0;60.85;0.0;0.0;0.0;1.19
2028;1;222;beauce_5_sa_007;BTH;;9.47;1.82;53.85;25.75;165.02;59.73;102.36;0.11;0.01;0;97.1;0;47.38;0.06;0.05;1.82;9.47
2028;223;318;beauce_5_sa_007;solnu;;0.0;0.0;22.07;-86.5;0.0;102.36;37.88;0.04;0.0;0;0;0;-27.44;0.04;0.01;0.0;0.0
2028;319;366;beauce_5_sa_007;BTH;;2.44;0.0;6.99;-6.89;0.0;38.02;35.54;0.0;0.0;0;0.0;0;63.64;0.0;0.0;0.0;2.44
2028;1;181;beauce_5_sa_008;BTH;;2.35;0.99;35.93;24.7;132.65;22.85;21.02;0.08;0.01;0;80.23;0;55.78;0.04;0.04;0.99;2.35
2028;182;297;beauce_5_sa_008;solnu;;0.0;0.0;25.67;-46.23;0.0;21.02;7.29;0.01;0.0;0;0;0;-171.65;0.0;0.01;0.0;0.0
2028;298;366;beauce_5_sa_008;BTH;;0.66;0.32;10.52;-18.57;4.59;7.29;19.32;0.01;0.0;0;2.7;0;51.89;0.01;0.0;0.32;0.66
2028;1;176;beauce_5_sa_009;BTH;;0.23;0.17;31.21;20.31;63.2;1.43;2.0;0.03;0.0;0;37.19;0;-93.39;0.0;0.03;0.17;0.23
2028;177;297;beauce_5_sa_009;solnu;;0.0;0.0;25.65;-33.81;0.0;2.0;1.01;0.0;0.0;0;0;0;-227.05;0.0;0.0;0.0;0.0
2028;298;366;beauce_5_sa_009;BTH;;0.12;0.0;9.47;-10.09;0.0;1.13;0.85;0.0;0.0;0;0.0;0;-4.04;0.0;0.0;0.0;0.12
2028;1;210;beauce_5_sa_010;BTH;;2.06;1.27;52.3;44.16;126.45;25.57;88.41;0.13;0.01;0;88.19;0;-216.55;0.07;0.06;1.27;2.06
2028;211;261;beauce_5_sa_010;solnu;;0.0;0.0;20.65;-101.37;0.0;88.41;7.7;0.0;0.0;0;0;0;-69.44;0.0;0.0;0.0;0.0
2028;262;366;beauce_5_sa_010;BTH;;1.04;0.0;18.01;1.87;9.0;7.71;17.53;0.02;0.0;0;5.29;0;93.95;0.01;0.01;0.0;1.04
2028;1;188;beauce_5_sa_011;BTH;;3.27;0.0;33.31;10.75;50.88;18.64;8.88;0.03;0.0;0;29.94;0;-144.4;0.0;0.03;0.0;3.27
2028;189;299;beauce_5_sa_011;solnu;;0.01;0.0;21.93;-13.52;0.0;8.88;17.27;0.01;0.0;0;0;0;-110.9;0.0;0.01;0.0;0.01
2028;300;366;beauce_5_sa_011;BTH;;1.23;0.0;8.47;-22.42;0.0;17.63;7.25;0.0;0.0;0;0.0;0;-104.82;0.0;0.0;0.0;1.23
2028;1;203;beauce_5_sa_012;BTH;;9.64;1.97;44.57;31.58;180.67;68.98;103.77;0.11;0.01;0;106.31;0;50.51;0.06;0.05;1.97;9.64
2028;204;303;beauce_5_sa_012;solnu;;0.0;0.0;22.12;-5.92;0.0;103.77;119.94;0.03;0.0;0;0;0;-77.77;0.02;0.01;0.0;0.0
2028;304;366;beauce_5_sa_012;BTH;;3.18;0.0;9.43;-80.16;0.0;120.39;46.0;0.03;0.0;0;0.0;0;81.42;0.03;0.0;0.0;3.18
2028;1;180;beauce_5_sa_013;BTH;;3.07;0.33;33.26;7.71;70.51;18.01;10.74;0.03;0.0;0;41.49;0;-54.65;0.01;0.03;0.33;3.07
2028;181;308;beauce_5_sa_013;solnu;;0.24;0.0;28.03;-32.33;0.0;10.74;9.74;0.01;0.0;0;0;0;-172.57;0.0;0.01;0.0;0.24
2028;309;366;beauce_5_sa_013;BTH;;1.22;0.0;7.3;-10.52;0.0;9.84;8.55;0.0;0.0;0;0.0;0;-30.11;0.0;0.0;0.0;1.22
2028;1;220;beauce_5_sa_014;BTH;;1.17;0.0;45.78;15.67;47.08;6.71;20.0;0.04;0.0;0;27.71;0;-156.16;0.0;0.04;0.0;1.17
2028;221;302;beauce_5_sa_014;solnu;;0.01;0.0;13.89;-33.29;0.0;20.0;2.87;0.0;0.0;0;0;0;-121.84;0.0;0.0;0.0;0.01
2028;303;366;beauce_5_sa_014;BTH;;0.42;0.0;7.96;-9.74;0.0;2.87;2.51;0.0;0.0;0;0.0;0;-15.57;0.0;0.0;0.0;0.42
2028;1;219;beauce_5_sa_015;BTH;;3.62;0.0;43.19;19.93;50.66;21.09;30.31;0.04;0.0;0;29.81;0;-202.78;0.0;0.04;0.0;3.62
2028;220;291;beauce_5_sa_015;solnu;;0.03;0.0;12.06;-15.18;0.0;30.31;27.14;0.01;0.0;0;0;0;-84.26;0.0;0.0;0.0;0.03
2028;292;366;beauce_5_sa_015;BTH;;1.44;0.0;9.5;-29.76;0.0;27.25;8.39;0.0;0.0;0;0.0;0;-54.12;0.0;0.0;0.0;1.44
2028;1;228;beauce_5_sa_016;BTH;;12.57;2.17;59.97;56.39;188.01;103.87;183.34;0.11;0.01;0;122.88;0;-114.19;0.04;0.07;2.17;12.57
2028;229;287;beauce_5_sa_016;solnu;;0.0;0.0;18.51;-89.81;0.0;183.34;112.0;0.04;0.0;0;0;0;-92.09;0.04;0.0;0.0;0.0
2028;288;366;beauce_5_sa_016;BTH;;4.72;0.0;12.77;-1.08;18.0;110.11;100.9;0.08;0.0;0;10.59;0;117.72;0.07;0.01;0.0;4.72
2028;1;194;beauce_5_sa_017;BTH;;2.92;0.61;39.21;1.76;88.35;16.15;11.67;0.05;0.01;0;51.99;0;5.71;0.02;0.03;0.61;2.92
2028;195;311;beauce_5_sa_017;solnu;;0.0;0.0;23.29;-28.23;0.0;11.67;7.53;0.01;0.0;0;0;0;-111.42;0.0;0.01;0.0;0.0
2028;312;366;beauce_5_sa_017;BTH;;0.7;0.0;7.09;-12.79;0.0;7.57;6.82;0.0;0.0;0;0.0;0;-76.57;0.0;0.0;0.0;0.7
2028;1;198;beauce_5_sa_018;BTH;;0.39;0.78;44.69;23.31;106.24;8.02;27.6;0.08;0.0;0;69.85;0;-156.16;0.03;0.04;0.78;0.39
2028;199;260;beauce_5_sa_018;solnu;;0.0;0.0;22.93;-54.85;0.0;27.6;1.91;0.0;0.0;0;0;0;-176.47;0.0;0.0;0.0;0.0
2028;261;366;beauce_5_sa_018;BTH;;0.23;0.0;17.03;-17.19;0.0;1.79;1.56;0.0;0.0;0;0.0;0;80.1;0.0;0.0;0.0;0.23
2028;1;222;beauce_5_sa_019;BTH;;3.38;0.0;46.2;10.56;44.65;18.91;27.94;0.03;0.0;0;26.28;0;-157.74;0.0;0.03;0.0;3.38
2028;223;297;beauce_5_sa_019;solnu;;0.02;0.0;12.35;-16.25;0.0;27.94;24.02;0.01;0.0;0;0;0;-80.11;0.0;0.0;0.0;0.02
2028;298;366;beauce_5_sa_019;BTH;;1.32;0.0;9.05;-27.35;0.0;24.13;7.66;0.0;0.0;0;0.0;0;-40.68;0.0;0.0;0.0;1.32
2028;1;195;beauce_5_sa_020;BTH;;1.75;1.91;42.36;14.28;190.67;11.05;18.59;0.08;0.0;0;112.2;0;133.5;0.04;0.04;1.91;1.75
2028;196;301;beauce_5_sa_020;solnu;;0.0;0.0;22.13;-31.82;0.0;18.59;13.14;0.01;0.0;0;0;0;-105.34;0.0;0.01;0.0;0.0
2028;302;366;beauce_5_sa_020;BTH;;0.21;0.0;10.22;-12.3;0.0;13.14;12.99;0.0;0.0;0;0.0;0;39.13;0.0;0.0;0.0;0.21
2028;1;230;beauce_5_sa_021;BTH;;4.07;0.33;49.72;8.45;68.56;22.59;33.07;0.05;0.01;0;40.35;0;-92.03;0.01;0.04;0.33;4.07
2028;231;313;beauce_5_sa_021;solnu;;0.0;0.0;15.5;-35.35;0.0;33.07;13.2;0.02;0.0;0;0;0;-80.19;0.02;0.0;0.0;0.0
2028;314;366;beauce_5_sa_021;BTH;;1.64;0.0;6.17;-10.08;0.0;13.05;11.45;0.0;0.0;0;0.0;0;-46.66;0.0;0.0;0.0;1.64
2028;1;198;beauce_5_sa_022;BTH;;17.43;1.72;44.06;53.13;150.98;150.77;210.6;0.09;0.0;0;106.19;0;-29.78;0.03;0.06;1.72;17.43
2028;199;281;beauce_5_sa_022;solnu;;0.0;0.0;22.02;-9.58;0.0;210.6;223.01;0.02;0.0;0;0;0;-116.28;0.01;0.01;0.0;0.0
2028;282;366;beauce_5_sa_022;BTH;;9.85;0.35;14.22;-82.8;31.79;223.56;138.92;0.11;0.0;0;18.71;0;87.87;0.1;0.01;0.35;9.85
2028;1;206;beauce_5_sa_023;BTH;;3.6;0.79;42.12;15.13;103.15;13.86;23.46;0.08;0.0;0;60.7;0;4.15;0.04;0.04;0.79;3.6
2028;207;316;beauce_5_sa_023;solnu;;0.3;0.0;21.84;-34.28;0.0;23.46;13.97;0.0;0.0;0;0;0;-169.78;0.0;0.0;0.0;0.3
2028;317;366;beauce_5_sa_023;BTH;;1.73;0.0;6.08;-9.22;0.0;13.97;12.35;0.0;0.0;0;0.0;0;-26.72;0.0;0.0;0.0;1.73
2028;1;208;beauce_5_sa_024;BTH;;1.59;0.44;43.52;30.81;84.94;11.47;32.61;0.05;0.0;0;49.98;0;-117.57;0.0;0.05;0.44;1.59
2028;209;273;beauce_5_sa_024;solnu;;0.0;0.0;15.53;-13.74;0.0;32.61;34.39;0.0;0.0;0;0;0;-87.45;0.0;0.0;0.0;0.0
2028;274;366;beauce_5_sa_024;BTH;;0.79;0.0;14.15;-46.7;0.0;34.74;4.82;0.0;0.0;0;0.0;0;-45.3;0.0;0.0;0.0;0.79
2028;1;193;beauce_5_sa_025;BTH;;0.26;0.0;36.96;24.75;51.32;1.66;11.69;0.04;0.0;0;30.2;0;-141.51;0.0;0.04;0.0;0.26
2028;194;281;beauce_5_sa_025;solnu;;0.0;0.0;18.78;-32.81;0.0;11.69;0.9;0.0;0.0;0;0;0;-150.69;0.0;0.0;0.0;0.0
2028;282;366;beauce_5_sa_025;BTH;;0.12;0.0;12.16;-13.82;0.0;0.8;0.75;0.0;0.0;0;0.0;0;-36.51;0.0;0.0;0.0;0.12
2028;1;221;beauce_5_sa_026;BTH;;51.88;2.46;60.76;48.75;207.56;462.59;504.08;0.21;0.01;0;141.26;0;-165.11;0.14;0.07;2.46;51.88
2028;222;279;beauce_5_sa_026;solnu;;0.0;0.0;23.49;-96.32;0.0;504.08;431.18;0.06;0.0;0;0;0;-85.37;0.06;0.0;0.0;0.0
2028;280;366;beauce_5_sa_026;BTH;;13.44;1.05;15.39;16.98;34.83;430.86;493.79;0.15;0.0;0;20.49;0;130.91;0.13;0.02;1.05;13.44
2028;1;208;beauce_5_sa_027;BTH;;5.17;0.86;41.83;31.76;110.71;31.15;53.51;0.07;0.0;0;65.15;0;-94.16;0.02;0.05;0.86;5.17
2028;209;286;beauce_5_sa_027;solnu;;0.0;0.0;16.04;-12.07;0.0;53.51;57.48;0.01;0.0;0;0;0;-79.42;0.0;0.0;0.0;0.0
2028;287;366;beauce_5_sa_027;BTH;;2.83;0.0;10.87;-49.78;0.0;57.68;16.53;0.01;0.0;0;0.0;0;-17.53;0.0;0.0;0.0;2.83
2028;1;223;beauce_5_sa_028;BTH;;22.22;2.01;47.81;69.99;167.64;180.0;261.58;0.08;0.0;0;99.91;0;-89.7;0.01;0.07;2.01;22.22
2028;224;315;beauce_5_sa_028;solnu;;0.0;0.0;18.62;-7.02;0.0;261.58;273.1;0.08;0.0;0;0;0;-79.38;0.07;0.01;0.0;0.0
2028;316;366;beauce_5_sa_028;BTH;;11.69;0.0;6.3;-89.19;3.23;273.27;175.21;0.08;0.0;0;1.9;0;21.72;0.08;0.0;0.0;11.69
2028;1;226;beauce_5_sa_029;BTH;;1.8;0.14;47.95;29.59;57.35;10.3;39.2;0.05;0.0;0;34.63;0;-178.97;0.0;0.05;0.14;1.8
2028;227;269;beauce_5_sa_029;solnu;;0.0;0.0;6.68;-11.81;0.0;39.2;34.07;0.0;0.0;0;0;0;-52.05;0.0;0.0;0.0;0.0
2028;270;366;beauce_5_sa_029;BTH;;0.71;0.0;14.63;-46.01;0.0;34.04;3.84;0.0;0.0;0;0.0;0;-9.19;0.0;0.0;0.0;0.71
2028;1;177;beauce_5_sa_030;BTH;;0.24;0.0;29.93;26.17;55.59;2.21;2.33;0.03;0.0;0;32.71;0;-141.59;0.0;0.03;0.0;0.24
2028;178;290;beauce_5_sa_030;solnu;;0.0;0.0;24.16;-31.22;0.0;2.33;0.87;0.0;0.0;0;0;0;-220.96;0.0;0.0;0.0;0.0
2028;291;366;beauce_5_sa_030;BTH;;0.13;0.0;9.86;-11.38;0.0;0.87;0.79;0.0;0.0;0;0.0;0;-19.53;0.0;0.0;0.0;0.13
2028;1;211;beauce_5_sa_031;BTH;;0.45;0.0;44.45;35.83;51.97;5.81;33.6;0.05;0.0;0;32.42;0;-233.51;0.0;0.05;0.0;0.45
2028;212;262;beauce_5_sa_031;solnu;;0.0;0.0;13.05;-28.8;0.0;33.6;17.85;0.0;0.0;0;0;0;-90.48;0.0;0.0;0.0;0.0
2028;263;366;beauce_5_sa_031;BTH;;0.25;0.0;15.08;-31.59;1.01;15.65;1.33;0.0;0.0;0;0.59;0;-26.86;0.0;0.0;0.0;0.25
2028;1;171;beauce_5_sa_032;BTH;;12.83;1.38;33.25;21.61;115.85;83.72;113.34;0.08;0.01;0;68.17;0;63.97;0.05;0.03;1.38;12.83
2028;172;312;beauce_5_sa_032;solnu;;0.0;0.0;29.08;2.21;0.0;113.34;144.86;0.07;0.0;0;0;0;-69.4;0.05;0.02;0.0;0.0
2028;313;366;beauce_5_sa_032;BTH;;4.72;0.0;7.63;-80.22;0.0;145.48;67.52;0.03;0.0;0;0.0;0;33.85;0.03;0.0;0.0;4.72
2028;1;182;beauce_5_sa_033;BTH;;20.64;2.39;37.51;48.48;157.58;182.31;271.93;0.11;0.0;0;123.4;0;-63.05;0.06;0.05;2.39;20.64
2028;183;267;beauce_5_sa_033;solnu;;0.0;0.0;28.48;-4.9;0.0;271.93;295.49;0.02;0.0;0;0;0;-142.6;0.0;0.02;0.0;0.0
2028;268;366;beauce_5_sa_033;BTH;;11.66;0.0;17.32;-68.94;53.35;295.62;178.69;0.16;0.0;0;31.39;0;86.0;0.14;0.02;0.0;11.66
2028;1;223;beauce_5_sa_034;BTH;;3.57;0.0;47.7;20.21;99.61;14.98;31.1;0.09;0.0;0;58.61;0;-53.9;0.04;0.04;0.0;3.57
2028;224;314;beauce_5_sa_034;solnu;;0.32;0.0;16.53;-37.59;0.0;31.1;13.04;0.0;0.0;0;0;0;-139.86;0.0;0.0;0.0;0.32
2028;315;366;beauce_5_sa_034;BTH;;1.61;0.68;6.18;-9.74;0.0;13.04;11.43;0.0;0.0;0;0.0;0;-33.27;0.0;0.0;0.68;1.61
2028;1;216;beauce_5_sa_035;BTH;;6.29;1.05;50.26;53.95;104.68;46.47;118.94;0.07;0.0;0;64.41;0;-82.55;0.01;0.06;1.05;6.29
2028;217;289;beauce_5_sa_035;solnu;;0.0;0.0;16.18;-85.46;0.0;118.94;49.64;0.01;0.0;0;0;0;-81.46;0.01;0.0;0.0;0.0
2028;290;366;beauce_5_sa_035;BTH;;3.51;0.0;11.7;-11.39;16.49;48.35;29.94;0.02;0.0;0;9.7;0;84.16;0.01;0.01;0.0;3.51
2028;1;178;beauce_5_sa_036;BTH;;5.21;0.84;32.94;8.38;104.72;28.63;22.32;0.06;0.0;0;61.62;0;13.11;0.03;0.03;0.84;5.21
2028;179;294;beauce_5_sa_036;solnu;;0.0;0.0;26.56;-11.18;0.0;22.32;38.14;0.01;0.0;0;0;0;-92.77;0.0;0.01;0.0;0.0
2028;295;366;beauce_5_sa_036;BTH;;3.19;0.0;10.44;-31.98;0.0;38.35;19.44;0.0;0.0;0;0.0;0;-83.77;0.0;0.0;0.0;3.19
2028;1;222;beauce_5_sa_037;BTH;;24.88;2.04;53.95;73.45;209.6;226.76;275.76;0.17;0.01;0;139.63;0;-183.25;0.1;0.08;2.04;24.88
2028;223;279;beauce_5_sa_037;solnu;;0.0;0.0;21.0;-8.58;0.0;275.76;288.1;0.08;0.0;0;0;0;-130.69;0.07;0.01;0.0;0.0
2028;280;366;beauce_5_sa_037;BTH;;5.2;0.55;13.2;-67.93;34.82;288.56;193.24;0.11;0.0;0;20.49;0;46.96;0.1;0.01;0.55;5.2
2028;1;171;beauce_5_sa_038;BTH;;1.18;0.6;29.5;25.83;96.58;8.66;10.93;0.06;0.0;0;56.83;0;-63.15;0.03;0.03;0.6;1.18
2028;172;271;beauce_5_sa_038;solnu;;0.0;0.0;23.36;-6.38;0.0;10.93;27.9;0.01;0.0;0;0;0;-97.91;0.0;0.01;0.0;0.0
2028;272;366;beauce_5_sa_038;BTH;;0.79;0.0;14.61;-40.81;0.0;28.33;4.94;0.0;0.0;0;0.0;0;-78.87;0.0;0.0;0.0;0.79
2028;1;228;beauce_5_sa_039;BTH;;2.38;1.11;54.71;48.27;119.39;15.32;79.97;0.11;0.01;0;70.25;0;-62.7;0.04;0.06;1.11;2.38
2028;229;299;beauce_5_sa_039;solnu;;0.0;0.0;15.03;-87.87;0.0;79.97;7.12;0.0;0.0;0;0;0;-15.5;0.0;0.0;0.0;0.0
2028;300;366;beauce_5_sa_039;BTH;;0.91;0.0;10.05;-10.13;0.0;6.98;6.14;0.0;0.0;0;0.0;0;71.41;0.0;0.0;0.0;0.91
2028;1;193;beauce_5_sa_040;BTH;;1.49;0.0;34.32;32.87;54.99;9.16;20.12;0.04;0.0;0;34.12;0;-186.96;0.0;0.04;0.0;1.49
2028;194;272;beauce_5_sa_040;solnu;;0.0;0.0;15.89;-13.65;0.0;20.12;22.35;0.0;0.0;0;0;0;-105.94;0.0;0.0;0.0;0.0
2028;273;366;beauce_5_sa_040;BTH;;0.63;0.0;13.09;-33.94;0.0;22.53;3.54;0.0;0.0;0;0.0;0;-87.01;0.0;0.0;0.0;0.63
2028;1;186;beauce_5_sa_041;BTH;;14.75;2.32;40.44;45.71;185.83;115.26;175.87;0.13;0.0;0;121.6;0;-7.89;0.08;0.05;2.32;14.75
2028;187;288;beauce_5_sa_041;solnu;;0.0;0.0;25.89;-75.73;0.0;175.87;126.01;0.02;0.0;0;0;0;-69.79;0.01;0.01;0.0;0.0
2028;289;366;beauce_5_sa_041;BTH;;4.77;0.0;13.26;-9.97;18.0;124.71;106.46;0.08;0.0;0;10.59;0;124.55;0.07;0.01;0.0;4.77
2028;1;192;beauce_5_sa_042;BTH;;37.68;3.19;44.3;47.64;174.58;291.92;415.82;0.26;0.01;0;137.86;0;-83.69;0.2;0.06;3.19;37.68
2028;193;262;beauce_5_sa_042;solnu;;0.0;0.0;28.0;-7.62;0.0;415.82;436.19;0.01;0.0;0;0;0;-162.44;0.0;0.01;0.0;0.0
2028;263;366;beauce_5_sa_042;BTH;;23.42;0.0;18.43;-66.44;61.09;436.43;303.52;0.16;0.0;0;35.95;0;104.24;0.14;0.02;0.0;23.42
2028;1;221;beauce_5_sa_043;BTH;;2.67;0.86;57.11;42.01;78.37;28.69;111.24;0.08;0.0;0;70.62;0;-285.63;0.02;0.06;0.86;2.67
2028;222;265;beauce_5_sa_043;solnu;;0.0;0.0;15.06;-102.81;0.0;111.24;23.49;0.0;0.0;0;0;0;-83.19;0.0;0.0;0.0;0.0
2028;266;366;beauce_5_sa_043;BTH;;1.41;0.0;16.95;9.94;26.44;22.68;22.49;0.03;0.0;0;15.56;0;94.59;0.01;0.02;0.0;1.41
2028;1;219;beauce_5_sa_044;BTH;;5.28;1.21;43.81;35.92;146.84;25.49;44.23;0.13;0.0;0;86.41;0;-72.21;0.08;0.05;1.21;5.28
2028;220;317;beauce_5_sa_044;solnu;;0.0;0.0;17.51;-39.27;0.0;44.23;26.73;0.0;0.0;0;0;0;-149.12;0.0;0.0;0.0;0.0
2028;318;366;beauce_5_sa_044;BTH;;3.29;0.0;5.7;-6.28;0.0;26.67;23.48;0.0;0.0;0;0.0;0;-1.98;0.0;0.0;0.0;3.29
2028;1;196;beauce_5_sa_045;BTH;;0.32;0.21;38.27;17.39;64.71;1.05;7.75;0.04;0.0;0;38.08;0;-84.63;0.0;0.03;0.21;0.32
2028;197;297;beauce_5_sa_045;solnu;;0.0;0.0;20.19;-32.74;0.0;7.75;1.41;0.0;0.0;0;0;0;-214.48;0.0;0.0;0.0;0.0
2028;298;366;beauce_5_sa_045;BTH;;0.21;0.0;9.3;-11.51;0.0;1.41;1.24;0.0;0.0;0;0.0;0;-3.35;0.0;0.0;0.0;0.21
2028;1;223;beauce_5_sa_046;BTH;;1.66;0.0;49.95;37.96;72.47;33.85;48.03;0.08;0.0;0;44.05;0;-190.69;0.03;0.05;0.0;1.66
2028;224;263;beauce_5_sa_046;solnu;;0.0;0.0;10.35;-14.87;0.0;48.03;43.51;0.0;0.0;0;0;0;-61.9;0.0;0.0;0.0;0.0
2028;264;366;beauce_5_sa_046;BTH;;0.99;0.34;15.03;-51.71;3.06;43.54;30.17;0.0;0.0;0;1.8;0;-23.24;0.0;0.0;0.34;0.99
2028;1;170;beauce_5_sa_047;BTH;;11.56;1.59;32.23;30.59;216.33;129.62;84.75;0.11;0.0;0;127.46;0;75.44;0.07;0.04;1.59;11.56
2028;171;313;beauce_5_sa_047;solnu;;0.0;0.0;26.24;3.58;0.0;84.75;114.87;0.05;0.0;0;0;0;-59.51;0.03;0.02;0.0;0.0
2028;314;366;beauce_5_sa_047;BTH;;0.84;0.68;7.48;-56.91;0.0;115.02;64.58;0.01;0.0;0;0.0;0;33.97;0.01;0.0;0.68;0.84
2028;1;211;beauce_5_sa_048;BTH;;33.13;2.8;49.02;56.04;195.72;276.41;366.49;0.17;0.01;0;136.06;0;-135.79;0.11;0.06;2.8;33.13
2028;212;277;beauce_5_sa_048;solnu;;0.0;0.0;22.1;-73.24;0.0;366.49;315.33;0.03;0.0;0;0;0;-122.68;0.02;0.01;0.0;0.0
2028;278;366;beauce_5_sa_048;BTH;;7.57;0.0;14.64;-2.47;37.86;312.52;281.91;0.15;0.0;0;22.28;0;96.9;0.13;0.02;0.0;7.57
2028;1;231;beauce_5_sa_049;BTH;;0.25;0.0;52.15;28.44;50.31;3.26;33.24;0.05;0.0;0;31.68;0;-280.86;0.0;0.05;0.0;0.25
2028;232;275;beauce_5_sa_049;solnu;;0.0;0.0;7.48;-41.42;0.0;33.24;0.97;0.0;0.0;0;0;0;-68.6;0.0;0.0;0.0;0.0
2028;276;366;beauce_5_sa_049;BTH;;0.13;0.0;13.58;-13.86;0.0;0.85;0.68;0.0;0.0;0;0.0;0;13.3;0.0;0.0;0.0;0.13
2028;1;201;beauce_5_sa_050;BTH;;0.75;0.0;38.93;13.45;47.3;4.33;8.71;0.03;0.0;0;27.83;0;-118.23;0.0;0.03;0.0;0.75
2028;202;307;beauce_5_sa_050;solnu;;0.05;0.0;20.6;-30.39;0.0;8.71;1.94;0.0;0.0;0;0;0;-175.13;0.0;0.0;0.0;0.05
2028;308;366;beauce_5_sa_050;BTH;;0.23;0.0;7.05;-8.31;0.0;1.82;1.61;0.0;0.0;0;0.0;0;-5.54;0.0;0.0;0.0;0.23
2028;1;210;beauce_5_sa_051;BTH;;4.24;0.65;47.77;52.97;105.95;43.73;83.46;0.12;0.01;0;68.05;0;-112.61;0.06;0.06;0.65;4.24
2028;211;264;beauce_5_sa_051;solnu;;0.0;0.0;16.34;-13.47;0.0;83.46;86.33;0.0;0.0;0;0;0;-95.65;0.0;0.0;0.0;0.0
2028;265;366;beauce_5_sa_051;BTH;;2.26;0.32;16.25;-77.69;15.09;86.42;31.21;0.02;0.0;0;8.88;0;59.3;0.02;0.0;0.32;2.26
2028;1;202;beauce_5_sa_052;BTH;;0.38;0.26;42.85;22.87;65.45;7.34;26.98;0.07;0.0;0;45.53;0;-209.17;0.03;0.04;0.26;0.38
2028;203;261;beauce_5_sa_052;solnu;;0.0;0.0;19.38;-48.4;0.0;26.98;1.7;0.0;0.0;0;0;0;-165.76;0.0;0.0;0.0;0.0
2028;262;366;beauce_5_sa_052;BTH;;0.25;0.0;15.68;-15.84;0.0;1.79;1.49;0.0;0.0;0;0.0;0;24.3;0.0;0.0;0.0;0.25
2028;1;220;beauce_5_sa_053;BTH;;1.68;0.27;48.09;23.44;66.88;9.81;32.95;0.06;0.0;0;39.36;0;-137.66;0.01;0.04;0.27;1.68
2028;221;277;beauce_5_sa_053;solnu;;0.0;0.0;10.34;-38.23;0.0;32.95;5.17;0.0;0.0;0;0;0;-76.86;0.0;0.0;0.0;0.0
2028;278;366;beauce_5_sa_053;BTH;;0.82;0.0;13.28;-15.92;0.0;5.28;4.43;0.0;0.0;0;0.0;0;-18.46;0.0;0.0;0.0;0.82
2028;1;175;beauce_5_sa_054;BTH;;13.79;1.68;32.98;53.11;137.15;108.07;169.35;0.08;0.0;0;89.96;0;-34.4;0.03;0.05;1.68;13.79
2028;176;289;beauce_5_sa_054;solnu;;0.0;0.0;26.69;-1.45;0.0;169.35;194.89;0.03;0.0;0;0;0;-100.96;0.01;0.02;0.0;0.0
2028;290;366;beauce_5_sa_054;BTH;;8.6;0.0;11.67;-85.34;16.5;195.12;96.04;0.08;0.0;0;9.71;0;52.01;0.07;0.01;0.0;8.6
2028;1;199;beauce_5_sa_055;BTH;;10.67;1.29;43.53;32.71;107.64;71.33;127.49;0.05;0.0;0;63.34;0;18.47;0.0;0.05;1.29;10.67
2028;200;307;beauce_5_sa_055;solnu;;0.0;0.0;24.45;-83.38;0.0;127.49;68.53;0.04;0.0;0;0;0;-58.36;0.03;0.01;0.0;0.0
2028;308;366;beauce_5_sa_055;BTH;;5.44;0.0;8.32;-9.97;4.97;67.35;56.44;0.03;0.0;0;2.92;0;64.33;0.02;0.01;0.0;5.44
2028;1;192;beauce_5_sa_056;BTH;;3.52;1.2;41.13;54.01;125.14;29.58;85.95;0.12;0.01;0;85.08;0;-104.24;0.06;0.06;1.2;3.52
2028;193;261;beauce_5_sa_056;solnu;;0.0;0.0;23.82;-9.1;0.0;85.95;100.66;0.01;0.0;0;0;0;-137.76;0.0;0.01;0.0;0.0
2028;262;366;beauce_5_sa_056;BTH;;1.78;0.0;17.05;-87.99;16.93;100.79;11.01;0.0;0.0;0;9.96;0;65.17;0.0;0.0;0.0;1.78
2028;1;178;beauce_5_sa_057;BTH;;3.42;0.81;34.98;34.35;77.94;33.21;81.72;0.06;0.0;0;66.68;0;-105.85;0.01;0.04;0.81;3.42
2028;179;269;beauce_5_sa_057;solnu;;0.0;0.0;26.22;-26.45;0.0;81.72;81.48;0.01;0.0;0;0;0;-151.95;0.0;0.01;0.0;0.0
2028;270;366;beauce_5_sa_057;BTH;;1.4;0.0;16.63;-74.51;10.5;77.31;11.7;0.0;0.0;0;6.18;0;78.32;0.0;0.0;0.0;1.4
2028;1;210;beauce_5_sa_058;BTH;;2.45;0.91;46.05;40.84;126.35;18.48;44.66;0.07;0.01;0;74.35;0;-100.33;0.02;0.05;0.91;2.45
2028;211;268;beauce_5_sa_058;solnu;;0.0;0.0;16.38;-12.86;0.0;44.66;48.18;0.0;0.0;0;0;0;-92.18;0.0;0.0;0.0;0.0
2028;269;366;beauce_5_sa_058;BTH;;1.23;0.0;15.32;-56.65;0.0;48.25;7.73;0.0;0.0;0;0.0;0;-6.48;0.0;0.0;0.0;1.23
2028;1;217;beauce_5_sa_059;BTH;;12.29;1.48;51.22;35.64;113.85;82.0;155.36;0.05;0.0;0;67.0;0;20.32;0.0;0.05;1.48;12.29
2028;218;310;beauce_5_sa_059;solnu;;0.0;0.0;20.31;-87.49;0.0;155.36;88.14;0.05;0.0;0;0;0;-58.74;0.05;0.0;0.0;0.0
2028;311;366;beauce_5_sa_059;BTH;;6.89;0.0;7.82;-12.69;4.43;87.17;71.91;0.04;0.0;0;2.61;0;67.12;0.03;0.0;0.0;6.89
2028;1;221;beauce_5_sa_060;BTH;;11.89;1.11;51.55;33.28;103.18;76.56;131.14;0.05;0.0;0;60.71;0;-34.89;0.0;0.05;1.11;11.89
2028;222;314;beauce_5_sa_060;solnu;;0.01;0.0;19.32;-76.29;0.0;131.14;74.1;0.05;0.0;0;0;0;-67.4;0.05;0.0;0.0;0.01
2028;315;366;beauce_5_sa_060;BTH;;6.29;0.0;6.88;-22.66;3.48;72.15;48.54;0.01;0.0;0;2.05;0;50.85;0.01;0.0;0.0;6.29
2028;1;223;beauce_5_sa_061;BTH;;4.32;1.05;50.09;25.78;124.11;21.72;48.4;0.11;0.0;0;73.03;0;-23.74;0.06;0.05;1.05;4.32
2028;224;292;beauce_5_sa_061;solnu;;0.0;0.0;14.6;-42.69;0.0;48.4;22.87;0.0;0.0;0;0;0;-97.8;0.0;0.0;0.0;0.0
2028;293;366;beauce_5_sa_061;BTH;;3.29;0.0;10.53;-13.59;0.0;22.95;19.62;0.0;0.0;0;0.0;0;-17.5;0.0;0.0;0.0;3.29
2028;1;176;beauce_5_sa_062;BTH;;2.94;1.14;35.01;43.3;119.21;23.34;63.44;0.09;0.01;0;73.14;0;-35.77;0.04;0.05;1.14;2.94
2028;177;295;beauce_5_sa_062;solnu;;0.0;0.0;28.01;-81.3;0.0;63.44;10.21;0.01;0.0;0;0;0;-65.62;0.0;0.01;0.0;0.0
2028;296;366;beauce_5_sa_062;BTH;;1.14;0.0;11.34;-11.41;0.0;10.12;8.99;0.0;0.0;0;0.0;0;74.95;0.0;0.0;0.0;1.14
2028;1;176;beauce_5_sa_063;BTH;;0.87;0.59;32.67;12.76;90.54;6.14;3.28;0.04;0.01;0;53.27;0;-6.23;0.01;0.03;0.59;0.87
2028;177;300;beauce_5_sa_063;solnu;;0.0;0.0;26.11;-30.5;0.0;3.28;3.0;0.01;0.0;0;0;0;-196.39;0.0;0.01;0.0;0.0
2028;301;366;beauce_5_sa_063;BTH;;0.33;0.0;9.31;-11.32;0.0;3.0;2.74;0.0;0.0;0;0.0;0;-12.32;0.0;0.0;0.0;0.33
2028;1;185;beauce_5_sa_064;BTH;;0.12;0.0;34.09;19.22;50.23;0.44;3.36;0.03;0.0;0;29.56;0;-111.99;0.0;0.03;0.0;0.12
2028;186;289;beauce_5_sa_064;solnu;;0.0;0.0;22.6;-30.65;0.0;3.36;0.43;0.0;0.0;0;0;0;-220.38;0.0;0.0;0.0;0.0
2028;290;366;beauce_5_sa_064;BTH;;0.06;0.0;10.35;-11.64;0.0;0.49;0.43;0.0;0.0;0;0.0;0;-9.54;0.0;0.0;0.0;0.06
2028;1;194;beauce_5_sa_065;BTH;;1.86;1.62;47.12;45.97;167.59;17.85;62.33;0.16;0.01;0;101.88;0;-93.44;0.11;0.06;1.62;1.86
2028;195;267;beauce_5_sa_065;solnu;;0.0;0.0;27.18;-68.49;0.0;62.33;21.02;0.01;0.0;0;0;0;-133.16;0.0;0.01;0.0;0.0
2028;268;366;beauce_5_sa_065;BTH;;1.21;0.0;18.44;-28.05;0.0;19.5;10.19;0.0;0.0;0;0.0;0;111.39;0.0;0.0;0.0;1.21
2028;1;174;beauce_5_sa_066;BTH;;3.8;0.0;29.28;11.61;47.79;22.59;11.09;0.03;0.0;0;28.25;0;-125.1;0.0;0.03;0.0;3.8
2028;175;294;beauce_5_sa_066;solnu;;0.0;0.0;25.01;-12.62;0.0;11.09;23.68;0.01;0.0;0;0;0;-128.65;0.0;0.01;0.0;0.0
2028;295;366;beauce_5_sa_066;BTH;;1.62;0.0;9.47;-26.17;0.0;23.87;9.52;0.0;0.0;0;0.0;0;-80.92;0.0;0.0;0.0;1.62
2028;1;222;beauce_5_sa_067;BTH;;8.0;0.62;52.68;35.24;155.31;90.69;63.11;0.13;0.01;0;92.44;0;7.34;0.08;0.05;0.62;8.0
2028;223;305;beauce_5_sa_067;solnu;;0.0;0.0;18.75;-56.45;0.0;63.11;28.11;0.01;0.0;0;0;0;-85.5;0.01;0.0;0.0;0.0
2028;306;366;beauce_5_sa_067;BTH;;3.19;0.98;8.51;-13.56;1.36;28.11;92.55;0.01;0.0;0;0.8;0;50.86;0.01;0.0;0.98;3.19
2028;1;178;beauce_5_sa_068;BTH;;12.59;1.21;35.04;42.89;140.94;110.81;126.21;0.12;0.01;0;89.56;0;16.58;0.07;0.05;1.21;12.59
2028;179;290;beauce_5_sa_068;solnu;;0.0;0.0;27.52;-2.53;0.0;126.21;152.13;0.03;0.0;0;0;0;-87.99;0.01;0.02;0.0;0.0
2028;291;366;beauce_5_sa_068;BTH;;6.77;0.52;11.95;-87.15;13.59;152.36;95.71;0.04;0.0;0;8.0;0;66.97;0.03;0.01;0.52;6.77
2028;1;183;beauce_5_sa_069;BTH;;12.27;1.93;39.75;39.19;121.32;114.77;205.72;0.1;0.0;0;103.82;0;-72.65;0.06;0.05;1.93;12.27
2028;184;265;beauce_5_sa_069;solnu;;0.0;0.0;28.98;-51.03;0.0;205.72;183.65;0.01;0.0;0;0;0;-166.33;0.0;0.01;0.0;0.0
2028;266;366;beauce_5_sa_069;BTH;;6.81;0.0;18.09;-34.83;56.18;181.43;103.79;0.11;0.0;0;33.06;0;117.93;0.1;0.02;0.0;6.81
2028;1;227;beauce_5_sa_070;BTH;;6.7;1.1;57.56;62.43;87.99;51.11;159.33;0.09;0.0;0;65.11;0;-160.14;0.01;0.07;1.1;6.7
2028;228;262;beauce_5_sa_070;solnu;;0.0;0.0;11.41;-13.89;0.0;159.33;156.85;0.0;0.0;0;0;0;-84.81;0.0;0.0;0.0;0.0
2028;263;366;beauce_5_sa_070;BTH;;4.12;0.0;16.97;-78.92;55.35;156.99;35.36;0.05;0.0;0;32.57;0;72.75;0.04;0.01;0.0;4.12
2028;1;213;beauce_5_sa_071;BTH;;1.95;0.0;45.37;25.82;66.75;26.27;28.87;0.06;0.0;0;41.45;0;-184.61;0.02;0.04;0.0;1.95
2028;214;278;beauce_5_sa_071;solnu;;0.0;0.0;13.55;-40.8;0.0;28.87;7.06;0.0;0.0;0;0;0;-162.3;0.0;0.0;0.0;0.0
2028;279;366;beauce_5_sa_071;BTH;;1.07;0.28;12.97;-18.53;4.59;6.85;18.24;0.01;0.0;0;2.7;0;23.37;0.01;0.0;0.28;1.07
2028;1;205;beauce_5_sa_072;BTH;;8.05;1.0;44.19;66.05;133.34;93.62;138.06;0.12;0.0;0;94.16;0;-148.19;0.06;0.07;1.0;8.05
2028;206;270;beauce_5_sa_072;solnu;;0.0;0.0;20.14;-9.56;0.0;138.06;148.63;0.01;0.0;0;0;0;-134.89;0.0;0.01;0.0;0.0
2028;271;366;beauce_5_sa_072;BTH;;3.69;0.44;15.31;-74.83;40.82;148.97;77.21;0.05;0.0;0;24.02;0;39.88;0.04;0.01;0.44;3.69
2028;1;228;beauce_5_sa_073;BTH;;6.93;1.82;58.89;60.97;163.71;55.81;142.02;0.15;0.01;0;98.87;0;-95.73;0.08;0.07;1.82;6.93
2028;229;282;beauce_5_sa_073;solnu;;0.0;0.0;15.05;-83.35;0.0;142.02;73.7;0.03;0.0;0;0;0;-84.38;0.02;0.0;0.0;0.0
2028;283;366;beauce_5_sa_073;BTH;;3.59;0.0;13.77;-14.0;29.52;71.13;40.33;0.03;0.0;0;17.37;0;113.87;0.01;0.01;0.0;3.59
2028;1;178;beauce_5_sa_074;BTH;;1.68;0.0;30.28;20.75;52.65;10.19;7.03;0.03;0.0;0;32.55;0;-141.91;0.0;0.03;0.0;1.68
2028;179;280;beauce_5_sa_074;solnu;;0.0;0.0;22.33;-12.5;0.0;7.03;16.85;0.01;0.0;0;0;0;-121.63;0.0;0.01;0.0;0.0
2028;281;366;beauce_5_sa_074;BTH;;0.67;0.0;11.91;-29.63;0.0;17.14;3.74;0.0;0.0;0;0.0;0;-101.72;0.0;0.0;0.0;0.67
2028;1;188;beauce_5_sa_075;BTH;;3.03;0.0;34.87;5.15;45.39;17.03;7.62;0.02;0.0;0;26.71;0;-121.05;0.0;0.02;0.0;3.03
2028;189;316;beauce_5_sa_075;solnu;;0.18;0.0;25.78;-27.41;0.0;7.62;7.5;0.01;0.0;0;0;0;-162.11;0.0;0.01;0.0;0.18
2028;317;366;beauce_5_sa_075;BTH;;0.94;0.0;5.85;-9.28;0.0;7.5;6.59;0.0;0.0;0;0.0;0;-38.05;0.0;0.0;0.0;0.94
2028;1;217;beauce_5_sa_076;BTH;;1.76;1.21;52.6;44.11;136.29;10.69;60.17;0.13;0.0;0;80.2;0;-94.74;0.07;0.06;1.21;1.76
2028;218;271;beauce_5_sa_076;solnu;;0.0;0.0;16.3;-66.09;0.0;60.17;10.83;0.0;0.0;0;0;0;-84.83;0.0;0.0;0.0;0.0
2028;272;366;beauce_5_sa_076;BTH;;1.25;0.0;15.81;-16.9;0.0;10.83;9.66;0.0;0.0;0;0.0;0;59.15;0.0;0.0;0.0;1.25
2028;1;175;beauce_5_sa_077;BTH;;26.75;2.81;35.83;43.37;202.72;213.28;276.43;0.09;0.0;0;120.87;0;117.94;0.05;0.05;2.81;26.75
2028;176;312;beauce_5_sa_077;solnu;;0.0;0.0;24.59;-1.68;0.0;276.43;300.04;0.07;0.0;0;0;0;-50.47;0.06;0.01;0.0;0.0
2028;313;366;beauce_5_sa_077;BTH;;0.2;0.0;8.45;-84.59;3.74;300.69;219.89;0.07;0.0;0;2.2;0;76.58;0.07;0.0;0.0;0.2
2028;1;218;beauce_5_sa_078;BTH;;2.6;0.85;51.36;34.16;101.67;16.45;61.37;0.09;0.01;0;59.82;0;-58.81;0.04;0.05;0.85;2.6
2028;219;284;beauce_5_sa_078;solnu;;0.0;0.0;15.24;-67.55;0.0;61.37;9.06;0.01;0.0;0;0;0;-71.45;0.01;0.0;0.0;0.0
2028;285;366;beauce_5_sa_078;BTH;;1.11;0.0;12.74;-14.33;0.0;8.28;6.54;0.0;0.0;0;0.0;0;62.12;0.0;0.0;0.0;1.11
2028;1;221;beauce_5_sa_079;BTH;;1.31;0.0;46.48;20.66;47.93;7.64;25.65;0.04;0.0;0;28.21;0;-177.23;0.0;0.04;0.0;1.31
2028;222;290;beauce_5_sa_079;solnu;;0.03;0.0;11.88;-34.93;0.0;25.65;3.38;0.0;0.0;0;0;0;-89.28;0.0;0.0;0.0;0.03
2028;291;366;beauce_5_sa_079;BTH;;0.5;0.0;10.15;-12.15;0.0;3.38;2.94;0.0;0.0;0;0.0;0;-19.15;0.0;0.0;0.0;0.5
2028;1;192;beauce_5_sa_080;BTH;;11.66;1.51;37.89;40.09;139.08;78.96;120.91;0.09;0.01;0;81.84;0;-3.5;0.05;0.05;1.51;11.66
2028;193;311;beauce_5_sa_080;solnu;;0.0;0.0;22.66;0.0;0.0;120.91;143.51;0.06;0.0;0;0;0;-88.94;0.05;0.01;0.0;0.0
2028;312;366;beauce_5_sa_080;BTH;;2.31;0.0;7.34;-83.59;0.52;143.76;64.41;0.03;0.0;0;0.31;0;38.69;0.03;0.0;0.0;2.31
2028;1;221;beauce_5_sa_081;BTH;;3.09;0.81;49.76;49.85;100.88;20.58;77.19;0.1;0.01;0;61.13;0;-140.72;0.04;0.06;0.81;3.09
2028;222;272;beauce_5_sa_081;solnu;;0.0;0.0;10.92;-12.54;0.0;77.19;75.57;0.0;0.0;0;0;0;-57.29;0.0;0.0;0.0;0.0
2028;273;366;beauce_5_sa_081;BTH;;1.55;0.0;14.57;-74.07;6.0;75.71;8.51;0.01;0.0;0;3.53;0;25.94;0.01;0.0;0.0;1.55
2028;1;202;beauce_5_sa_082;BTH;;2.71;0.0;39.35;5.79;45.18;15.03;12.52;0.03;0.0;0;26.58;0;-114.85;0.0;0.03;0.0;2.71
2028;203;317;beauce_5_sa_082;solnu;;0.16;0.0;21.62;-30.73;0.0;12.52;6.44;0.01;0.0;0;0;0;-151.9;0.0;0.0;0.0;0.16
2028;318;366;beauce_5_sa_082;BTH;;0.8;0.0;5.79;-7.08;0.0;6.48;5.71;0.0;0.0;0;0.0;0;-27.71;0.0;0.0;0.0;0.8
2028;1;185;beauce_5_sa_083;BTH;;1.55;0.45;33.23;30.01;90.33;9.64;14.43;0.06;0.01;0;54.04;0;-112.63;0.02;0.04;0.45;1.55
2028;186;278;beauce_5_sa_083;solnu;;0.0;0.0;20.43;-8.76;0.0;14.43;26.09;0.01;0.0;0;0;0;-100.04;0.0;0.01;0.0;0.0
2028;279;366;beauce_5_sa_083;BTH;;0.64;0.0;12.55;-38.64;0.0;26.45;3.68;0.0;0.0;0;0.0;0;-88.26;0.0;0.0;0.0;0.64
2028;1;226;beauce_5_sa_084;BTH;;16.11;1.84;50.98;45.42;158.27;110.04;172.12;0.11;0.01;0;93.13;0;-18.34;0.05;0.06;1.84;16.11
2028;227;317;beauce_5_sa_084;solnu;;0.0;0.0;21.1;-6.19;0.0;172.12;186.95;0.08;0.0;0;0;0;-67.58;0.07;0.01;0.0;0.0
2028;318;366;beauce_5_sa_084;BTH;;2.41;0.0;6.64;-90.09;1.75;187.11;99.29;0.05;0.0;0;1.03;0;28.6;0.05;0.0;0.0;2.41
2028;1;177;beauce_5_sa_085;BTH;;3.82;0.0;29.32;13.88;51.19;22.86;11.45;0.03;0.0;0;30.12;0;-139.99;0.0;0.03;0.0;3.82
2028;178;297;beauce_5_sa_085;solnu;;0.0;0.0;24.1;-11.08;0.0;11.45;24.46;0.01;0.0;0;0;0;-128.54;0.0;0.01;0.0;0.0
2028;298;366;beauce_5_sa_085;BTH;;1.62;0.0;8.75;-26.49;0.0;24.73;9.59;0.0;0.0;0;0.0;0;-87.51;0.0;0.0;0.0;1.62
2028;1;228;beauce_5_sa_086;BTH;;15.01;0.6;50.7;66.98;161.9;132.79;120.73;0.1;0.0;0;96.66;0;-69.48;0.03;0.07;0.6;15.01
2028;229;314;beauce_5_sa_086;solnu;;0.0;0.0;17.28;-8.95;0.0;120.73;129.0;0.06;0.0;0;0;0;-91.91;0.05;0.01;0.0;0.0
2028;315;366;beauce_5_sa_086;BTH;;8.13;1.13;6.52;-90.61;3.48;129.25;118.2;0.07;0.0;0;2.05;0;24.73;0.07;0.0;1.13;8.13
2028;1;172;beauce_5_sa_087;BTH;;1.34;0.0;28.83;25.57;50.39;8.05;10.87;0.03;0.0;0;31.42;0;-141.92;0.0;0.03;0.0;1.34
2028;173;265;beauce_5_sa_087;solnu;;0.0;0.0;21.8;-12.03;0.0;10.87;20.63;0.01;0.0;0;0;0;-120.61;0.0;0.01;0.0;0.0
2028;266;366;beauce_5_sa_087;BTH;;0.55;0.0;14.44;-33.96;0.0;20.73;3.1;0.0;0.0;0;0.0;0;-72.52;0.0;0.0;0.0;0.55
2028;1;210;beauce_5_sa_088;BTH;;3.07;1.2;44.47;38.81;154.09;24.07;40.77;0.07;0.01;0;90.67;0;-74.41;0.02;0.05;1.2;3.07
2028;211;280;beauce_5_sa_088;solnu;;0.0;0.0;18.16;-9.72;0.0;40.77;49.19;0.02;0.0;0;0;0;-74.68;0.01;0.01;0.0;0.0
2028;281;366;beauce_5_sa_088;BTH;;1.25;0.0;12.72;-51.15;0.0;49.52;10.64;0.0;0.0;0;0.0;0;-7.54;0.0;0.0;0.0;1.25
2028;1;179;beauce_5_sa_089;BTH;;0.94;0.0;31.46;18.58;49.82;5.44;3.45;0.03;0.0;0;29.31;0;-122.88;0.0;0.03;0.0;0.94
2028;180;303;beauce_5_sa_089;solnu;;0.0;0.0;26.14;-33.65;0.0;3.45;2.97;0.0;0.0;0;0;0;-219.29;0.0;0.0;0.0;0.0
2028;304;366;beauce_5_sa_089;BTH;;0.4;0.0;7.79;-8.44;0.0;2.77;2.45;0.0;0.0;0;0.0;0;7.13;0.0;0.0;0.0;0.4
2028;1;218;beauce_5_sa_090;BTH;;10.16;1.45;50.33;69.0;115.12;83.72;187.09;0.09;0.0;0;89.01;0;-199.46;0.02;0.07;1.45;10.16
2028;219;270;beauce_5_sa_090;solnu;;0.0;0.0;14.67;-12.62;0.0;187.09;189.15;0.0;0.0;0;0;0;-105.9;0.0;0.0;0.0;0.0
2028;271;366;beauce_5_sa_090;BTH;;6.15;0.0;15.16;-77.12;48.41;189.43;72.52;0.1;0.0;0;28.48;0;40.39;0.08;0.01;0.0;6.15
2028;1;228;beauce_5_sa_091;BTH;;4.01;0.0;43.91;18.3;49.73;22.0;30.88;0.04;0.0;0;29.26;0;-215.55;0.0;0.04;0.0;4.01
2028;229;315;beauce_5_sa_091;solnu;;0.27;0.0;13.27;-14.25;0.0;30.88;29.61;0.02;0.0;0;0;0;-88.58;0.01;0.0;0.0;0.27
2028;316;366;beauce_5_sa_091;BTH;;1.55;0.0;5.33;-24.89;0.0;29.71;11.15;0.0;0.0;0;0.0;0;-45.91;0.0;0.0;0.0;1.55
2028;1;214;beauce_5_sa_092;BTH;;2.18;0.16;43.96;24.62;61.73;14.34;31.28;0.04;0.0;0;36.33;0;-159.95;0.0;0.04;0.16;2.18
2028;215;282;beauce_5_sa_092;solnu;;0.0;0.0;13.75;-14.71;0.0;31.28;30.31;0.01;0.0;0;0;0;-92.99;0.0;0.0;0.0;0.0
2028;283;366;beauce_5_sa_092;BTH;;0.99;0.0;11.51;-37.52;0.0;30.48;5.74;0.0;0.0;0;0.0;0;-36.99;0.0;0.0;0.0;0.99
2028;1;206;beauce_5_sa_093;BTH;;11.03;1.37;40.97;70.48;124.32;84.25;164.08;0.07;0.0;0;81.97;0;-128.81;0.0;0.07;1.37;11.03
2028;207;283;beauce_5_sa_093;solnu;;0.0;0.0;17.15;-7.85;0.0;164.08;173.35;0.02;0.0;0;0;0;-107.53;0.01;0.01;0.0;0.0
2028;284;366;beauce_5_sa_093;BTH;;7.48;0.0;11.64;-80.19;26.72;173.65;70.54;0.06;0.0;0;15.72;0;20.26;0.05;0.01;0.0;7.48
2028;1;216;beauce_5_sa_094;BTH;;1.03;0.0;49.4;32.6;63.8;22.09;39.26;0.07;0.0;0;38.81;0;-203.99;0.02;0.05;0.0;1.03
2028;217;262;beauce_5_sa_094;solnu;;0.0;0.0;12.83;-48.65;0.0;39.26;4.04;0.0;0.0;0;0;0;-83.96;0.0;0.0;0.0;0.0
2028;263;366;beauce_5_sa_094;BTH;;0.65;0.24;15.95;-19.28;1.67;4.04;18.1;0.0;0.0;0;0.98;0;1.27;0.0;0.0;0.24;0.65
2028;1;177;beauce_5_sa_095;BTH;;7.21;1.32;35.15;37.21;109.79;69.89;124.42;0.07;0.0;0;80.39;0;-80.71;0.03;0.04;1.32;7.21
2028;178;283;beauce_5_sa_095;solnu;;0.0;0.0;27.38;-94.8;0.0;124.42;56.99;0.01;0.0;0;0;0;-113.87;0.0;0.01;0.0;0.0
2028;284;366;beauce_5_sa_095;BTH;;4.12;0.0;13.63;4.05;26.71;55.85;43.79;0.04;0.0;0;15.72;0;93.85;0.02;0.01;0.0;4.12
2028;1;190;beauce_5_sa_096;BTH;;6.98;0.0;35.84;24.5;111.04;80.74;23.3;0.07;0.0;0;66.3;0;-44.51;0.03;0.04;0.0;6.98
2028;191;313;beauce_5_sa_096;solnu;;0.0;0.0;25.33;-7.98;0.0;23.3;40.96;0.02;0.0;0;0;0;-95.8;0.01;0.01;0.0;0.0
2028;314;366;beauce_5_sa_096;BTH;;3.09;0.9;6.38;-36.72;1.16;41.08;77.55;0.01;0.0;0;0.68;0;-93.02;0.01;0.0;0.9;3.09
2028;1;184;beauce_5_sa_097;BTH;;1.03;0.0;33.76;18.38;47.83;6.07;9.39;0.03;0.0;0;28.15;0;-133.91;0.0;0.03;0.0;1.03
2028;185;281;beauce_5_sa_097;solnu;;0.0;0.0;21.72;-29.23;0.0;9.39;2.76;0.01;0.0;0;0;0;-115.62;0.0;0.01;0.0;0.0
2028;282;366;beauce_5_sa_097;BTH;;0.43;0.0;12.24;-14.71;0.0;2.76;2.44;0.0;0.0;0;0.0;0;-62.62;0.0;0.0;0.0;0.43
2028;1;186;beauce_5_sa_098;BTH;;3.6;0.93;37.53;50.53;102.94;27.67;79.19;0.08;0.0;0;68.27;0;-106.64;0.03;0.05;0.93;3.6
2028;187;265;beauce_5_sa_098;solnu;;0.0;0.0;23.89;-8.11;0.0;79.19;94.96;0.01;0.0;0;0;0;-122.07;0.0;0.01;0.0;0.0
2028;266;366;beauce_5_sa_098;BTH;;1.72;0.0;16.31;-84.4;13.5;95.12;11.65;0.0;0.0;0;7.95;0;42.93;0.0;0.0;0.0;1.72
2028;1;203;beauce_5_sa_099;BTH;;16.69;2.19;50.12;35.96;128.0;151.46;258.98;0.13;0.0;0;112.3;0;-218.99;0.08;0.05;2.19;16.69
2028;204;260;beauce_5_sa_099;solnu;;0.0;0.0;24.13;-108.38;0.0;258.98;174.72;0.0;0.0;0;0;0;-84.24;0.0;0.0;0.0;0.0
2028;261;366;beauce_5_sa_099;BTH;;10.0;0.0;18.55;29.15;65.85;174.85;146.4;0.17;0.0;0;38.75;0;103.3;0.14;0.03;0.0;10.0
