annee;jourDebut;jourFin;parcelle;couvert;itk;N_lixivie[kgN/ha];N_volatilise_NH3[kgN/ha];N_mineralise_net_SOM[kgN/ha];N_mineralise_net_residus[kgN/ha];N_acquis_couvert[kgN/ha];N_mineral_debut[kgN/ha];N_mineral_fin[kgN/ha];emissions_N2O_directes[kgN/ha];emissions_N2[kgN/ha];N_fixe_legumineuses[kgN/ha];satisfactionAzote_culture[%];satisfactionAzote_ci[%];delta_Corg[kgC/ha];emissions_N2O_denit[kgN-N2O/ha];emissions_N2O_nit[kgN-N2O/ha];emissions_N2O_indirectes_volat[kgN-N2O/ha];emissions_N2O_indirectes_lixiv[kgN-N2O/ha]
2019;213;265;beauce_5_sa_000;solnu;;0.0;0.0;16.98;0.0;0.0;35.0;51.97;0.01;0.0;0;0;0;-187.68;0.0;0.01;0.0;0.0
2019;266;365;beauce_5_sa_000;orgeh;orgeH_tousSols_nonirr_organique;0.34;0.0;16.2;0.0;39.46;52.14;28.32;0.04;0.0;0;19.73;0;-182.87;0.03;0.01;0.0;0.34
2019;213;259;beauce_5_sa_001;solnu;;0.0;0.0;15.81;0.0;0.0;35.0;50.8;0.01;0.0;0;0;0;-175.7;0.0;0.01;0.0;0.0
2019;260;365;beauce_5_sa_001;orgeh;orgeH_tousSols_nonirr_organique;0.33;0.0;17.37;0.0;48.09;50.92;19.73;0.02;0.0;0;24.05;0;-194.98;0.01;0.01;0.0;0.33
2019;213;312;beauce_5_sa_002;solnu;;0.0;0.0;24.7;0.0;0.0;35.0;59.67;0.03;0.0;0;0;0;-274.07;0.02;0.01;0.0;0.0
2019;313;365;beauce_5_sa_002;orgeh;orgeH_tousSols_nonirr_organique;0.27;0.0;8.48;0.0;3.33;59.91;64.48;0.07;0.0;0;1.66;0;-96.47;0.06;0.01;0.0;0.27
2019;213;278;beauce_5_sa_003;solnu;;0.0;0.0;19.36;0.0;0.0;35.0;54.35;0.01;0.0;0;0;0;-215.7;0.0;0.01;0.0;0.0
2019;279;365;beauce_5_sa_003;orgeh;orgeH_tousSols_nonirr_organique;0.3;0.0;13.82;0.0;24.39;54.44;43.42;0.06;0.0;0;12.19;0;-154.92;0.05;0.01;0.0;0.3
2019;213;315;beauce_5_sa_004;solnu;;0.0;0.0;25.41;0.0;0.0;35.0;60.37;0.04;0.0;0;0;0;-282.12;0.02;0.02;0.0;0.0
2019;316;365;beauce_5_sa_004;orgeh;orgeH_tousSols_nonirr_organique;0.26;0.0;7.77;0.0;2.68;60.52;65.12;0.06;0.0;0;1.34;0;-88.39;0.06;0.0;0.0;0.26
2019;213;316;beauce_5_sa_005;solnu;;0.0;0.0;25.56;0.0;0.0;35.0;60.52;0.04;0.0;0;0;0;-284.55;0.02;0.02;0.0;0.0
2019;317;365;beauce_5_sa_005;orgeh;orgeH_tousSols_nonirr_organique;0.27;0.0;7.61;0.0;2.32;60.87;65.48;0.06;0.0;0;1.16;0;-85.96;0.06;0.0;0.0;0.27
2019;213;315;beauce_5_sa_006;solnu;;0.0;0.0;25.4;0.0;0.0;35.0;60.36;0.04;0.0;0;0;0;-282.03;0.02;0.02;0.0;0.0
2019;316;365;beauce_5_sa_006;orgeh;orgeH_tousSols_nonirr_organique;0.26;0.0;7.77;0.0;2.68;60.51;65.12;0.06;0.0;0;1.34;0;-88.39;0.06;0.0;0.0;0.26
2019;213;308;beauce_5_sa_007;solnu;;0.0;0.0;23.9;0.0;0.0;35.0;58.88;0.03;0.0;0;0;0;-266.09;0.01;0.01;0.0;0.0
2019;309;365;beauce_5_sa_007;orgeh;orgeH_tousSols_nonirr_organique;0.27;0.0;9.27;0.0;4.25;58.99;63.56;0.07;0.0;0;2.13;0;-104.46;0.07;0.01;0.0;0.27
2019;213;305;beauce_5_sa_008;solnu;;0.0;0.0;23.22;0.0;0.0;35.0;58.2;0.01;0.0;0;0;0;-258.57;0.0;0.01;0.0;0.0
2019;306;365;beauce_5_sa_008;orgeh;orgeH_tousSols_nonirr_organique;0.27;0.0;9.96;0.0;4.79;58.38;63.02;0.08;0.0;0;2.39;0;-111.97;0.08;0.01;0.0;0.27
2019;213;308;beauce_5_sa_009;solnu;;0.0;0.0;23.9;0.0;0.0;35.0;58.88;0.03;0.0;0;0;0;-266.09;0.01;0.01;0.0;0.0
2019;309;365;beauce_5_sa_009;orgeh;orgeH_tousSols_nonirr_organique;0.27;0.0;9.27;0.0;4.25;58.99;63.56;0.07;0.0;0;2.13;0;-104.46;0.07;0.01;0.0;0.27
2019;213;295;beauce_5_sa_010;solnu;;0.0;0.0;21.57;0.0;0.0;35.0;56.55;0.01;0.0;0;0;0;-239.76;0.0;0.01;0.0;0.0
2019;296;365;beauce_5_sa_010;orgeh;orgeH_tousSols_nonirr_organique;0.27;0.0;11.61;0.0;8.32;56.73;59.49;0.08;0.0;0;4.16;0;-130.8;0.08;0.01;0.0;0.27
2019;213;263;beauce_5_sa_011;solnu;;0.0;0.0;16.6;0.0;0.0;35.0;51.59;0.01;0.0;0;0;0;-182.49;0.0;0.01;0.0;0.0
2019;264;365;beauce_5_sa_011;orgeh;orgeH_tousSols_nonirr_organique;0.34;0.0;16.52;0.0;40.15;51.72;27.58;0.04;0.0;0;20.08;0;-187.39;0.03;0.01;0.0;0.34
2019;213;303;beauce_5_sa_012;solnu;;0.0;0.0;22.91;0.0;0.0;35.0;57.9;0.01;0.0;0;0;0;-254.89;0.0;0.01;0.0;0.0
2019;304;365;beauce_5_sa_012;orgeh;orgeH_tousSols_nonirr_organique;0.26;0.0;10.26;0.0;4.92;58.07;62.89;0.08;0.0;0;2.46;0;-115.65;0.08;0.01;0.0;0.26
2019;213;280;beauce_5_sa_013;solnu;;0.0;0.0;19.59;0.0;0.0;35.0;54.58;0.01;0.0;0;0;0;-217.66;0.0;0.01;0.0;0.0
2019;281;365;beauce_5_sa_013;orgeh;orgeH_tousSols_nonirr_organique;0.28;0.0;13.55;0.0;22.25;54.65;45.53;0.07;0.0;0;11.13;0;-152.5;0.06;0.01;0.0;0.28
2019;213;266;beauce_5_sa_014;solnu;;0.0;0.0;17.16;0.0;0.0;35.0;52.15;0.01;0.0;0;0;0;-190.18;0.0;0.01;0.0;0.0
2019;267;365;beauce_5_sa_014;orgeh;orgeH_tousSols_nonirr_organique;0.35;0.0;16.14;0.0;39.34;52.49;28.55;0.04;0.0;0;19.67;0;-181.71;0.03;0.01;0.0;0.35
2019;213;295;beauce_5_sa_015;solnu;;0.0;0.0;21.57;0.0;0.0;35.0;56.55;0.01;0.0;0;0;0;-239.76;0.0;0.01;0.0;0.0
2019;296;365;beauce_5_sa_015;orgeh;orgeH_tousSols_nonirr_organique;0.27;0.0;11.61;0.0;8.32;56.73;59.49;0.08;0.0;0;4.16;0;-130.8;0.08;0.01;0.0;0.27
2019;213;284;beauce_5_sa_016;solnu;;0.0;0.0;20.02;0.0;0.0;35.0;55.01;0.01;0.0;0;0;0;-223.29;0.0;0.01;0.0;0.0
2019;285;365;beauce_5_sa_016;orgeh;orgeH_tousSols_nonirr_organique;0.27;0.0;13.14;0.0;19.25;55.1;48.55;0.07;0.0;0;9.63;0;-147.09;0.06;0.01;0.0;0.27
2019;213;292;beauce_5_sa_017;solnu;;0.0;0.0;21.07;0.0;0.0;35.0;56.06;0.01;0.0;0;0;0;-233.33;0.0;0.01;0.0;0.0
2019;293;365;beauce_5_sa_017;orgeh;orgeH_tousSols_nonirr_organique;0.27;0.0;12.11;0.0;10.72;56.24;57.09;0.08;0.0;0;5.36;0;-137.23;0.07;0.01;0.0;0.27
2019;213;268;beauce_5_sa_018;solnu;;0.0;0.0;17.73;0.0;0.0;35.0;52.72;0.01;0.0;0;0;0;-195.9;0.0;0.01;0.0;0.0
2019;269;365;beauce_5_sa_018;orgeh;orgeH_tousSols_nonirr_organique;0.35;0.0;15.43;0.0;34.92;52.91;32.83;0.05;0.0;0;17.46;0;-174.42;0.04;0.01;0.0;0.35
2019;213;295;beauce_5_sa_019;solnu;;0.0;0.0;21.57;0.0;0.0;35.0;56.55;0.01;0.0;0;0;0;-239.76;0.0;0.01;0.0;0.0
2019;296;365;beauce_5_sa_019;orgeh;orgeH_tousSols_nonirr_organique;0.27;0.0;11.61;0.0;8.32;56.73;59.49;0.08;0.0;0;4.16;0;-130.8;0.08;0.01;0.0;0.27
2019;213;309;beauce_5_sa_020;solnu;;0.0;0.0;23.99;0.0;0.0;35.0;58.96;0.03;0.0;0;0;0;-267.39;0.01;0.01;0.0;0.0
2019;310;365;beauce_5_sa_020;orgeh;orgeH_tousSols_nonirr_organique;0.24;0.0;9.16;0.0;4.07;59.15;63.73;0.07;0.0;0;2.04;0;-102.84;0.07;0.01;0.0;0.24
2019;213;293;beauce_5_sa_021;solnu;;0.0;0.0;21.22;0.0;0.0;35.0;56.2;0.01;0.0;0;0;0;-235.6;0.0;0.01;0.0;0.0
2019;294;365;beauce_5_sa_021;orgeh;orgeH_tousSols_nonirr_organique;0.25;0.0;11.91;0.0;9.37;56.36;58.42;0.08;0.0;0;4.69;0;-134.4;0.07;0.01;0.0;0.25
2019;213;282;beauce_5_sa_022;solnu;;0.0;0.0;19.74;0.0;0.0;35.0;54.72;0.01;0.0;0;0;0;-220.2;0.0;0.01;0.0;0.0
2019;283;365;beauce_5_sa_022;orgeh;orgeH_tousSols_nonirr_organique;0.27;0.0;13.4;0.0;19.92;54.91;47.87;0.07;0.0;0;9.96;0;-149.9;0.06;0.01;0.0;0.27
2019;213;294;beauce_5_sa_023;solnu;;0.0;0.0;21.41;0.0;0.0;35.0;56.39;0.01;0.0;0;0;0;-238.03;0.0;0.01;0.0;0.0
2019;295;365;beauce_5_sa_023;orgeh;orgeH_tousSols_nonirr_organique;0.27;0.0;11.77;0.0;8.74;56.55;59.07;0.08;0.0;0;4.37;0;-132.53;0.08;0.01;0.0;0.27
2019;213;258;beauce_5_sa_024;solnu;;0.0;0.0;15.68;0.0;0.0;35.0;50.67;0.01;0.0;0;0;0;-173.88;0.0;0.01;0.0;0.0
2019;259;365;beauce_5_sa_024;orgeh;orgeH_tousSols_nonirr_organique;0.33;0.0;17.45;0.0;47.59;50.79;20.18;0.02;0.0;0;23.79;0;-196.17;0.01;0.01;0.0;0.33
2019;213;257;beauce_5_sa_025;solnu;;0.0;0.0;15.54;0.0;0.0;35.0;50.53;0.01;0.0;0;0;0;-172.66;0.0;0.01;0.0;0.0
2019;258;365;beauce_5_sa_025;orgeh;orgeH_tousSols_nonirr_organique;0.33;0.0;17.66;0.0;50.49;50.68;17.35;0.01;0.0;0;25.25;0;-198.15;0.0;0.01;0.0;0.33
2019;213;289;beauce_5_sa_026;solnu;;0.0;0.0;20.54;0.0;0.0;35.0;55.53;0.01;0.0;0;0;0;-229.02;0.0;0.01;0.0;0.0
2019;290;365;beauce_5_sa_026;orgeh;orgeH_tousSols_nonirr_organique;0.26;0.0;12.6;0.0;14.49;55.63;53.31;0.08;0.0;0;7.25;0;-141.21;0.07;0.01;0.0;0.26
2019;213;288;beauce_5_sa_027;solnu;;0.0;0.0;20.46;0.0;0.0;35.0;55.45;0.01;0.0;0;0;0;-227.98;0.0;0.01;0.0;0.0
2019;289;365;beauce_5_sa_027;orgeh;orgeH_tousSols_nonirr_organique;0.27;0.0;12.7;0.0;16.19;55.55;51.63;0.07;0.0;0;8.09;0;-142.5;0.07;0.01;0.0;0.27
2019;213;316;beauce_5_sa_028;solnu;;0.0;0.0;25.56;0.0;0.0;35.0;60.52;0.04;0.0;0;0;0;-284.58;0.02;0.02;0.0;0.0
2019;317;365;beauce_5_sa_028;orgeh;orgeH_tousSols_nonirr_organique;0.27;0.0;7.61;0.0;2.32;60.87;65.48;0.06;0.0;0;1.16;0;-85.96;0.06;0.0;0.0;0.27
2019;213;274;beauce_5_sa_029;solnu;;0.0;0.0;18.84;0.0;0.0;35.0;53.83;0.01;0.0;0;0;0;-209.26;0.0;0.01;0.0;0.0
2019;275;365;beauce_5_sa_029;orgeh;orgeH_tousSols_nonirr_organique;0.31;0.0;14.34;0.0;28.52;53.98;39.28;0.06;0.0;0;14.26;0;-161.37;0.05;0.01;0.0;0.31
2019;213;278;beauce_5_sa_030;solnu;;0.0;0.0;19.35;0.0;0.0;35.0;54.34;0.01;0.0;0;0;0;-215.6;0.0;0.01;0.0;0.0
2019;279;365;beauce_5_sa_030;orgeh;orgeH_tousSols_nonirr_organique;0.28;0.0;13.78;0.0;22.72;54.43;45.06;0.07;0.0;0;11.36;0;-154.48;0.06;0.01;0.0;0.28
2019;213;306;beauce_5_sa_031;solnu;;0.0;0.0;23.4;0.0;0.0;35.0;58.38;0.02;0.0;0;0;0;-260.04;0.0;0.01;0.0;0.0
2019;307;365;beauce_5_sa_031;orgeh;orgeH_tousSols_nonirr_organique;0.27;0.0;9.78;0.0;4.5;58.73;63.31;0.08;0.0;0;2.25;0;-110.5;0.07;0.01;0.0;0.27
2019;213;274;beauce_5_sa_032;solnu;;0.0;0.0;18.83;0.0;0.0;35.0;53.82;0.01;0.0;0;0;0;-209.08;0.0;0.01;0.0;0.0
2019;275;365;beauce_5_sa_032;orgeh;orgeH_tousSols_nonirr_organique;0.29;0.0;14.3;0.0;26.75;53.96;41.01;0.06;0.0;0;13.37;0;-160.88;0.05;0.01;0.0;0.29
2019;213;287;beauce_5_sa_033;solnu;;0.0;0.0;20.35;0.0;0.0;35.0;55.34;0.01;0.0;0;0;0;-227.06;0.0;0.01;0.0;0.0
2019;288;365;beauce_5_sa_033;orgeh;orgeH_tousSols_nonirr_organique;0.26;0.0;12.81;0.0;17.2;55.45;50.62;0.07;0.0;0;8.6;0;-143.32;0.06;0.01;0.0;0.26
2019;213;278;beauce_5_sa_034;solnu;;0.0;0.0;19.35;0.0;0.0;35.0;54.34;0.01;0.0;0;0;0;-215.63;0.0;0.01;0.0;0.0
2019;279;365;beauce_5_sa_034;orgeh;orgeH_tousSols_nonirr_organique;0.29;0.0;13.8;0.0;23.37;54.43;44.42;0.06;0.0;0;11.68;0;-154.63;0.06;0.01;0.0;0.29
2019;213;265;beauce_5_sa_035;solnu;;0.0;0.0;16.97;0.0;0.0;35.0;51.96;0.01;0.0;0;0;0;-187.59;0.0;0.01;0.0;0.0
2019;266;365;beauce_5_sa_035;orgeh;orgeH_tousSols_nonirr_organique;0.34;0.0;16.15;0.0;37.03;52.13;30.69;0.04;0.0;0;18.51;0;-182.29;0.03;0.01;0.0;0.34
2019;213;313;beauce_5_sa_036;solnu;;0.0;0.0;24.94;0.0;0.0;35.0;59.91;0.03;0.0;0;0;0;-276.59;0.02;0.01;0.0;0.0
2019;314;365;beauce_5_sa_036;orgeh;orgeH_tousSols_nonirr_organique;0.27;0.0;8.24;0.0;3.0;60.15;64.81;0.07;0.0;0;1.5;0;-93.95;0.06;0.0;0.0;0.27
2019;213;269;beauce_5_sa_037;solnu;;0.0;0.0;17.9;0.0;0.0;35.0;52.89;0.01;0.0;0;0;0;-198.35;0.0;0.01;0.0;0.0
2019;270;365;beauce_5_sa_037;orgeh;orgeH_tousSols_nonirr_organique;0.35;0.0;15.22;0.0;33.83;53.1;33.88;0.05;0.0;0;16.91;0;-171.57;0.04;0.01;0.0;0.35
2019;213;275;beauce_5_sa_038;solnu;;0.0;0.0;18.99;0.0;0.0;35.0;53.98;0.01;0.0;0;0;0;-211.05;0.0;0.01;0.0;0.0
2019;276;365;beauce_5_sa_038;orgeh;orgeH_tousSols_nonirr_organique;0.31;0.0;14.2;0.0;27.1;54.05;40.7;0.06;0.0;0;13.55;0;-159.59;0.05;0.01;0.0;0.31
2019;213;263;beauce_5_sa_039;solnu;;0.0;0.0;16.63;0.0;0.0;35.0;51.62;0.01;0.0;0;0;0;-182.8;0.0;0.01;0.0;0.0
2019;264;365;beauce_5_sa_039;orgeh;orgeH_tousSols_nonirr_organique;0.34;0.0;16.55;0.0;40.2;51.75;27.59;0.04;0.0;0;20.1;0;-187.81;0.03;0.01;0.0;0.34
2019;213;303;beauce_5_sa_040;solnu;;0.0;0.0;22.91;0.0;0.0;35.0;57.9;0.01;0.0;0;0;0;-254.89;0.0;0.01;0.0;0.0
2019;304;365;beauce_5_sa_040;orgeh;orgeH_tousSols_nonirr_organique;0.27;0.0;10.26;0.0;4.92;58.07;62.89;0.08;0.0;0;2.46;0;-115.66;0.08;0.01;0.0;0.27
2019;213;291;beauce_5_sa_041;solnu;;0.0;0.0;20.83;0.0;0.0;35.0;55.82;0.01;0.0;0;0;0;-231.36;0.0;0.01;0.0;0.0
2019;292;365;beauce_5_sa_041;orgeh;orgeH_tousSols_nonirr_organique;0.27;0.0;12.34;0.0;12.04;56.06;55.77;0.08;0.0;0;6.02;0;-139.21;0.07;0.01;0.0;0.27
2019;213;292;beauce_5_sa_042;solnu;;0.0;0.0;21.07;0.0;0.0;35.0;56.06;0.01;0.0;0;0;0;-233.33;0.0;0.01;0.0;0.0
2019;293;365;beauce_5_sa_042;orgeh;orgeH_tousSols_nonirr_organique;0.27;0.0;12.11;0.0;10.72;56.24;57.09;0.08;0.0;0;5.36;0;-137.23;0.07;0.01;0.0;0.27
2019;213;301;beauce_5_sa_043;solnu;;0.0;0.0;22.6;0.0;0.0;35.0;57.58;0.01;0.0;0;0;0;-251.17;0.0;0.01;0.0;0.0
2019;302;365;beauce_5_sa_043;orgeh;orgeH_tousSols_nonirr_organique;0.25;0.0;10.55;0.0;5.47;57.72;62.34;0.08;0.0;0;2.73;0;-119.06;0.08;0.01;0.0;0.25
2019;213;261;beauce_5_sa_044;solnu;;0.0;0.0;16.14;0.0;0.0;35.0;51.13;0.01;0.0;0;0;0;-178.5;0.0;0.01;0.0;0.0
2019;262;365;beauce_5_sa_044;orgeh;orgeH_tousSols_nonirr_organique;0.33;0.0;17.08;0.0;44.64;51.32;23.2;0.03;0.0;0;22.32;0;-192.49;0.02;0.01;0.0;0.33
2019;213;289;beauce_5_sa_045;solnu;;0.0;0.0;20.53;0.0;0.0;35.0;55.52;0.01;0.0;0;0;0;-228.93;0.0;0.01;0.0;0.0
2019;290;365;beauce_5_sa_045;orgeh;orgeH_tousSols_nonirr_organique;0.26;0.0;12.6;0.0;14.47;55.62;53.32;0.08;0.0;0;7.24;0;-141.18;0.07;0.01;0.0;0.26
2019;213;260;beauce_5_sa_046;solnu;;0.0;0.0;15.93;0.0;0.0;35.0;50.92;0.01;0.0;0;0;0;-177.11;0.0;0.01;0.0;0.0
2019;261;365;beauce_5_sa_046;orgeh;orgeH_tousSols_nonirr_organique;0.35;0.0;17.39;0.0;47.52;51.12;20.41;0.02;0.0;0;23.76;0;-195.0;0.01;0.01;0.0;0.35
2019;213;263;beauce_5_sa_047;solnu;;0.0;0.0;16.62;0.0;0.0;35.0;51.61;0.01;0.0;0;0;0;-182.73;0.0;0.01;0.0;0.0
2019;264;365;beauce_5_sa_047;orgeh;orgeH_tousSols_nonirr_organique;0.34;0.0;16.55;0.0;41.29;51.75;26.5;0.03;0.0;0;20.64;0;-187.81;0.02;0.01;0.0;0.34
2019;213;270;beauce_5_sa_048;solnu;;0.0;0.0;18.13;0.0;0.0;35.0;53.12;0.01;0.0;0;0;0;-200.72;0.0;0.01;0.0;0.0
2019;271;365;beauce_5_sa_048;orgeh;orgeH_tousSols_nonirr_organique;0.36;0.0;15.05;0.0;33.35;53.33;34.41;0.05;0.0;0;16.68;0;-169.94;0.04;0.01;0.0;0.36
2019;213;294;beauce_5_sa_049;solnu;;0.0;0.0;21.41;0.0;0.0;35.0;56.39;0.01;0.0;0;0;0;-238.03;0.0;0.01;0.0;0.0
2019;295;365;beauce_5_sa_049;orgeh;orgeH_tousSols_nonirr_organique;0.27;0.0;11.77;0.0;8.74;56.55;59.07;0.08;0.0;0;4.37;0;-132.53;0.08;0.01;0.0;0.27
2019;213;292;beauce_5_sa_050;solnu;;0.0;0.0;21.07;0.0;0.0;35.0;56.06;0.01;0.0;0;0;0;-233.33;0.0;0.01;0.0;0.0
2019;293;365;beauce_5_sa_050;orgeh;orgeH_tousSols_nonirr_organique;0.27;0.0;12.1;0.0;10.72;56.24;57.09;0.08;0.0;0;5.36;0;-137.21;0.07;0.01;0.0;0.27
2019;213;317;beauce_5_sa_051;solnu;;0.0;0.0;25.91;0.0;0.0;35.0;60.87;0.04;0.0;0;0;0;-286.27;0.03;0.02;0.0;0.0
2019;318;365;beauce_5_sa_051;orgeh;orgeH_tousSols_nonirr_organique;0.27;0.0;7.26;0.0;2.32;60.98;65.48;0.06;0.0;0;1.16;0;-84.28;0.05;0.0;0.0;0.27
2019;213;290;beauce_5_sa_052;solnu;;0.0;0.0;20.66;0.0;0.0;35.0;55.64;0.01;0.0;0;0;0;-230.28;0.0;0.01;0.0;0.0
2019;291;365;beauce_5_sa_052;orgeh;orgeH_tousSols_nonirr_organique;0.28;0.0;12.52;0.0;12.98;55.82;54.83;0.08;0.0;0;6.49;0;-140.35;0.07;0.01;0.0;0.28
2019;213;284;beauce_5_sa_053;solnu;;0.0;0.0;20.0;0.0;0.0;35.0;54.99;0.01;0.0;0;0;0;-223.09;0.0;0.01;0.0;0.0
2019;285;365;beauce_5_sa_053;orgeh;orgeH_tousSols_nonirr_organique;0.26;0.0;13.13;0.0;19.17;55.08;48.62;0.07;0.0;0;9.59;0;-146.98;0.06;0.01;0.0;0.26
2019;213;316;beauce_5_sa_054;solnu;;0.0;0.0;25.56;0.0;0.0;35.0;60.52;0.04;0.0;0;0;0;-284.58;0.02;0.02;0.0;0.0
2019;317;365;beauce_5_sa_054;orgeh;orgeH_tousSols_nonirr_organique;0.27;0.0;7.61;0.0;2.32;60.87;65.48;0.06;0.0;0;1.16;0;-85.96;0.06;0.0;0.0;0.27
2019;213;263;beauce_5_sa_055;solnu;;0.0;0.0;16.62;0.0;0.0;35.0;51.61;0.01;0.0;0;0;0;-182.67;0.0;0.01;0.0;0.0
2019;264;365;beauce_5_sa_055;orgeh;orgeH_tousSols_nonirr_organique;0.34;0.0;16.55;0.0;41.7;51.74;26.09;0.03;0.0;0;20.85;0;-187.83;0.02;0.01;0.0;0.34
2019;213;297;beauce_5_sa_056;solnu;;0.0;0.0;21.98;0.0;0.0;35.0;56.97;0.01;0.0;0;0;0;-243.58;0.0;0.01;0.0;0.0
2019;298;365;beauce_5_sa_056;orgeh;orgeH_tousSols_nonirr_organique;0.27;0.0;11.2;0.0;7.14;57.12;60.67;0.08;0.0;0;3.57;0;-126.98;0.08;0.01;0.0;0.27
2019;213;311;beauce_5_sa_057;solnu;;0.0;0.0;24.47;0.0;0.0;35.0;59.44;0.03;0.0;0;0;0;-271.12;0.02;0.01;0.0;0.0
2019;312;365;beauce_5_sa_057;orgeh;orgeH_tousSols_nonirr_organique;0.27;0.0;8.7;0.0;3.51;59.67;64.3;0.07;0.0;0;1.76;0;-99.45;0.06;0.01;0.0;0.27
2019;213;259;beauce_5_sa_058;solnu;;0.0;0.0;15.81;0.0;0.0;35.0;50.8;0.01;0.0;0;0;0;-175.69;0.0;0.01;0.0;0.0
2019;260;365;beauce_5_sa_058;orgeh;orgeH_tousSols_nonirr_organique;0.33;0.0;17.35;0.0;46.81;50.91;20.99;0.02;0.0;0;23.4;0;-194.66;0.01;0.01;0.0;0.33
2019;213;294;beauce_5_sa_059;solnu;;0.0;0.0;21.4;0.0;0.0;35.0;56.39;0.01;0.0;0;0;0;-237.99;0.0;0.01;0.0;0.0
2019;295;365;beauce_5_sa_059;orgeh;orgeH_tousSols_nonirr_organique;0.26;0.0;11.76;0.0;8.74;56.55;59.08;0.08;0.0;0;4.37;0;-132.47;0.08;0.01;0.0;0.26
2019;213;264;beauce_5_sa_060;solnu;;0.0;0.0;16.76;0.0;0.0;35.0;51.75;0.01;0.0;0;0;0;-186.17;0.0;0.01;0.0;0.0
2019;265;365;beauce_5_sa_060;orgeh;orgeH_tousSols_nonirr_organique;0.34;0.0;16.42;0.0;40.74;51.97;27.05;0.04;0.0;0;20.37;0;-184.36;0.03;0.01;0.0;0.34
2019;213;306;beauce_5_sa_061;solnu;;0.0;0.0;23.4;0.0;0.0;35.0;58.38;0.02;0.0;0;0;0;-260.0;0.0;0.01;0.0;0.0
2019;307;365;beauce_5_sa_061;orgeh;orgeH_tousSols_nonirr_organique;0.26;0.0;9.78;0.0;4.5;58.73;63.31;0.08;0.0;0;2.25;0;-110.5;0.07;0.01;0.0;0.26
2019;213;298;beauce_5_sa_062;solnu;;0.0;0.0;22.13;0.0;0.0;35.0;57.12;0.01;0.0;0;0;0;-246.18;0.0;0.01;0.0;0.0
2019;299;365;beauce_5_sa_062;orgeh;orgeH_tousSols_nonirr_organique;0.26;0.0;11.04;0.0;6.68;57.25;61.13;0.08;0.0;0;3.34;0;-124.37;0.08;0.01;0.0;0.26
2019;213;272;beauce_5_sa_063;solnu;;0.0;0.0;18.5;0.0;0.0;35.0;53.49;0.01;0.0;0;0;0;-205.4;0.0;0.01;0.0;0.0
2019;273;365;beauce_5_sa_063;orgeh;orgeH_tousSols_nonirr_organique;0.32;0.0;14.67;0.0;29.16;53.67;38.62;0.06;0.0;0;14.58;0;-165.06;0.05;0.01;0.0;0.32
2019;213;272;beauce_5_sa_064;solnu;;0.0;0.0;18.5;0.0;0.0;35.0;53.49;0.01;0.0;0;0;0;-205.43;0.0;0.01;0.0;0.0
2019;273;365;beauce_5_sa_064;orgeh;orgeH_tousSols_nonirr_organique;0.31;0.0;14.69;0.0;30.43;53.67;37.39;0.05;0.0;0;15.21;0;-165.36;0.05;0.01;0.0;0.31
2019;213;304;beauce_5_sa_065;solnu;;0.0;0.0;23.09;0.0;0.0;35.0;58.07;0.01;0.0;0;0;0;-256.64;0.0;0.01;0.0;0.0
2019;305;365;beauce_5_sa_065;orgeh;orgeH_tousSols_nonirr_organique;0.26;0.0;10.09;0.0;4.92;58.2;62.89;0.08;0.0;0;2.46;0;-113.9;0.08;0.01;0.0;0.26
2019;213;265;beauce_5_sa_066;solnu;;0.0;0.0;16.98;0.0;0.0;35.0;51.97;0.01;0.0;0;0;0;-187.68;0.0;0.01;0.0;0.0
2019;266;365;beauce_5_sa_066;orgeh;orgeH_tousSols_nonirr_organique;0.34;0.0;16.2;0.0;39.46;52.14;28.32;0.04;0.0;0;19.73;0;-182.87;0.03;0.01;0.0;0.34
2019;213;301;beauce_5_sa_067;solnu;;0.0;0.0;22.62;0.0;0.0;35.0;57.61;0.01;0.0;0;0;0;-251.45;0.0;0.01;0.0;0.0
2019;302;365;beauce_5_sa_067;orgeh;orgeH_tousSols_nonirr_organique;0.27;0.0;10.55;0.0;5.47;57.74;62.34;0.08;0.0;0;2.73;0;-119.1;0.08;0.01;0.0;0.27
2019;213;267;beauce_5_sa_068;solnu;;0.0;0.0;17.49;0.0;0.0;35.0;52.48;0.01;0.0;0;0;0;-192.1;0.0;0.01;0.0;0.0
2019;268;365;beauce_5_sa_068;orgeh;orgeH_tousSols_nonirr_organique;0.35;0.0;15.69;0.0;37.46;52.72;30.31;0.04;0.0;0;18.73;0;-178.52;0.03;0.01;0.0;0.35
2019;213;280;beauce_5_sa_069;solnu;;0.0;0.0;19.61;0.0;0.0;35.0;54.6;0.01;0.0;0;0;0;-217.86;0.0;0.01;0.0;0.0
2019;281;365;beauce_5_sa_069;orgeh;orgeH_tousSols_nonirr_organique;0.29;0.0;13.57;0.0;23.04;54.67;44.77;0.06;0.0;0;11.52;0;-152.76;0.06;0.01;0.0;0.29
2019;213;299;beauce_5_sa_070;solnu;;0.0;0.0;22.23;0.0;0.0;35.0;57.22;0.01;0.0;0;0;0;-247.55;0.0;0.01;0.0;0.0
2019;300;365;beauce_5_sa_070;orgeh;orgeH_tousSols_nonirr_organique;0.25;0.0;10.91;0.0;6.08;57.41;61.72;0.08;0.0;0;3.04;0;-122.59;0.08;0.01;0.0;0.25
2019;213;291;beauce_5_sa_071;solnu;;0.0;0.0;20.83;0.0;0.0;35.0;55.82;0.01;0.0;0;0;0;-231.36;0.0;0.01;0.0;0.0
2019;292;365;beauce_5_sa_071;orgeh;orgeH_tousSols_nonirr_organique;0.27;0.0;12.34;0.0;12.04;56.06;55.77;0.08;0.0;0;6.02;0;-139.21;0.07;0.01;0.0;0.27
2019;213;270;beauce_5_sa_072;solnu;;0.0;0.0;18.12;0.0;0.0;35.0;53.11;0.01;0.0;0;0;0;-200.61;0.0;0.01;0.0;0.0
2019;271;365;beauce_5_sa_072;orgeh;orgeH_tousSols_nonirr_organique;0.36;0.0;15.02;0.0;31.98;53.32;35.74;0.05;0.0;0;15.99;0;-169.59;0.04;0.01;0.0;0.36
2019;213;301;beauce_5_sa_073;solnu;;0.0;0.0;22.62;0.0;0.0;35.0;57.61;0.01;0.0;0;0;0;-251.45;0.0;0.01;0.0;0.0
2019;302;365;beauce_5_sa_073;orgeh;orgeH_tousSols_nonirr_organique;0.27;0.0;10.55;0.0;5.47;57.74;62.34;0.08;0.0;0;2.73;0;-119.1;0.08;0.01;0.0;0.27
2019;213;310;beauce_5_sa_074;solnu;;0.0;0.0;24.2;0.0;0.0;35.0;59.18;0.03;0.0;0;0;0;-269.02;0.01;0.01;0.0;0.0
2019;311;365;beauce_5_sa_074;orgeh;orgeH_tousSols_nonirr_organique;0.27;0.0;8.97;0.0;3.78;59.44;64.02;0.07;0.0;0;1.89;0;-101.53;0.07;0.01;0.0;0.27
2019;213;278;beauce_5_sa_075;solnu;;0.0;0.0;19.36;0.0;0.0;35.0;54.35;0.01;0.0;0;0;0;-215.7;0.0;0.01;0.0;0.0
2019;279;365;beauce_5_sa_075;orgeh;orgeH_tousSols_nonirr_organique;0.3;0.0;13.82;0.0;24.39;54.44;43.42;0.06;0.0;0;12.19;0;-154.92;0.05;0.01;0.0;0.3
2019;213;290;beauce_5_sa_076;solnu;;0.0;0.0;20.66;0.0;0.0;35.0;55.64;0.01;0.0;0;0;0;-230.28;0.0;0.01;0.0;0.0
2019;291;365;beauce_5_sa_076;orgeh;orgeH_tousSols_nonirr_organique;0.28;0.0;12.52;0.0;12.98;55.82;54.83;0.08;0.0;0;6.49;0;-140.35;0.07;0.01;0.0;0.28
2019;213;294;beauce_5_sa_077;solnu;;0.0;0.0;21.41;0.0;0.0;35.0;56.39;0.01;0.0;0;0;0;-238.03;0.0;0.01;0.0;0.0
2019;295;365;beauce_5_sa_077;orgeh;orgeH_tousSols_nonirr_organique;0.27;0.0;11.77;0.0;8.74;56.55;59.07;0.08;0.0;0;4.37;0;-132.53;0.08;0.01;0.0;0.27
2019;213;270;beauce_5_sa_078;solnu;;0.0;0.0;18.1;0.0;0.0;35.0;53.09;0.01;0.0;0;0;0;-200.43;0.0;0.01;0.0;0.0
2019;271;365;beauce_5_sa_078;orgeh;orgeH_tousSols_nonirr_organique;0.36;0.0;15.01;0.0;31.81;53.3;35.89;0.05;0.0;0;15.9;0;-169.44;0.04;0.01;0.0;0.36
2019;213;265;beauce_5_sa_079;solnu;;0.0;0.0;16.98;0.0;0.0;35.0;51.97;0.01;0.0;0;0;0;-187.68;0.0;0.01;0.0;0.0
2019;266;365;beauce_5_sa_079;orgeh;orgeH_tousSols_nonirr_organique;0.34;0.0;16.2;0.0;39.46;52.14;28.32;0.04;0.0;0;19.73;0;-182.87;0.03;0.01;0.0;0.34
2019;213;270;beauce_5_sa_080;solnu;;0.0;0.0;18.13;0.0;0.0;35.0;53.12;0.01;0.0;0;0;0;-200.72;0.0;0.01;0.0;0.0
2019;271;365;beauce_5_sa_080;orgeh;orgeH_tousSols_nonirr_organique;0.36;0.0;15.05;0.0;33.35;53.33;34.41;0.05;0.0;0;16.68;0;-169.94;0.04;0.01;0.0;0.36
2019;213;302;beauce_5_sa_081;solnu;;0.0;0.0;22.74;0.0;0.0;35.0;57.73;0.01;0.0;0;0;0;-253.22;0.0;0.01;0.0;0.0
2019;303;365;beauce_5_sa_081;orgeh;orgeH_tousSols_nonirr_organique;0.25;0.0;10.41;0.0;5.26;57.88;62.55;0.08;0.0;0;2.63;0;-117.14;0.08;0.01;0.0;0.25
2019;213;312;beauce_5_sa_082;solnu;;0.0;0.0;24.7;0.0;0.0;35.0;59.67;0.03;0.0;0;0;0;-274.08;0.02;0.01;0.0;0.0
2019;313;365;beauce_5_sa_082;orgeh;orgeH_tousSols_nonirr_organique;0.27;0.0;8.48;0.0;3.33;59.91;64.48;0.07;0.0;0;1.66;0;-96.47;0.06;0.01;0.0;0.27
2019;213;308;beauce_5_sa_083;solnu;;0.0;0.0;23.9;0.0;0.0;35.0;58.88;0.03;0.0;0;0;0;-266.09;0.01;0.01;0.0;0.0
2019;309;365;beauce_5_sa_083;orgeh;orgeH_tousSols_nonirr_organique;0.27;0.0;9.27;0.0;4.25;58.99;63.56;0.07;0.0;0;2.13;0;-104.46;0.07;0.01;0.0;0.27
2019;213;273;beauce_5_sa_084;solnu;;0.0;0.0;18.68;0.0;0.0;35.0;53.67;0.01;0.0;0;0;0;-207.21;0.0;0.01;0.0;0.0
2019;274;365;beauce_5_sa_084;orgeh;orgeH_tousSols_nonirr_organique;0.31;0.0;14.5;0.0;30.2;53.83;37.61;0.05;0.0;0;15.1;0;-163.42;0.05;0.01;0.0;0.31
2019;213;264;beauce_5_sa_085;solnu;;0.0;0.0;16.75;0.0;0.0;35.0;51.74;0.01;0.0;0;0;0;-186.07;0.0;0.01;0.0;0.0
2019;265;365;beauce_5_sa_085;orgeh;orgeH_tousSols_nonirr_organique;0.34;0.0;16.4;0.0;40.1;51.96;27.66;0.04;0.0;0;20.05;0;-184.16;0.03;0.01;0.0;0.34
2019;213;257;beauce_5_sa_086;solnu;;0.0;0.0;15.53;0.0;0.0;35.0;50.53;0.01;0.0;0;0;0;-172.65;0.0;0.01;0.0;0.0
2019;258;365;beauce_5_sa_086;orgeh;orgeH_tousSols_nonirr_organique;0.33;0.0;17.65;0.0;49.67;50.68;18.15;0.02;0.0;0;24.83;0;-197.97;0.01;0.01;0.0;0.33
2019;213;305;beauce_5_sa_087;solnu;;0.0;0.0;23.22;0.0;0.0;35.0;58.2;0.01;0.0;0;0;0;-258.57;0.0;0.01;0.0;0.0
2019;306;365;beauce_5_sa_087;orgeh;orgeH_tousSols_nonirr_organique;0.27;0.0;9.96;0.0;4.79;58.38;63.02;0.08;0.0;0;2.39;0;-111.97;0.08;0.01;0.0;0.27
2019;213;269;beauce_5_sa_088;solnu;;0.0;0.0;17.95;0.0;0.0;35.0;52.94;0.01;0.0;0;0;0;-198.88;0.0;0.01;0.0;0.0
2019;270;365;beauce_5_sa_088;orgeh;orgeH_tousSols_nonirr_organique;0.36;0.0;15.27;0.0;33.76;53.15;34.04;0.05;0.0;0;16.88;0;-172.16;0.04;0.01;0.0;0.36
2019;213;288;beauce_5_sa_089;solnu;;0.0;0.0;20.47;0.0;0.0;35.0;55.45;0.01;0.0;0;0;0;-227.99;0.0;0.01;0.0;0.0
2019;289;365;beauce_5_sa_089;orgeh;orgeH_tousSols_nonirr_organique;0.27;0.0;12.71;0.0;16.25;55.55;51.56;0.07;0.0;0;8.13;0;-142.59;0.07;0.01;0.0;0.27
2019;213;277;beauce_5_sa_090;solnu;;0.0;0.0;19.26;0.0;0.0;35.0;54.25;0.01;0.0;0;0;0;-213.53;0.0;0.01;0.0;0.0
2019;278;365;beauce_5_sa_090;orgeh;orgeH_tousSols_nonirr_organique;0.3;0.0;13.92;0.0;25.49;54.35;42.32;0.06;0.0;0;12.75;0;-157.11;0.05;0.01;0.0;0.3
2019;213;285;beauce_5_sa_091;solnu;;0.0;0.0;20.11;0.0;0.0;35.0;55.1;0.01;0.0;0;0;0;-224.25;0.0;0.01;0.0;0.0
2019;286;365;beauce_5_sa_091;orgeh;orgeH_tousSols_nonirr_organique;0.28;0.0;13.06;0.0;18.92;55.27;48.89;0.07;0.0;0;9.46;0;-146.33;0.06;0.01;0.0;0.28
2019;213;315;beauce_5_sa_092;solnu;;0.0;0.0;25.41;0.0;0.0;35.0;60.37;0.04;0.0;0;0;0;-282.16;0.02;0.02;0.0;0.0
2019;316;365;beauce_5_sa_092;orgeh;orgeH_tousSols_nonirr_organique;0.27;0.0;7.77;0.0;2.68;60.52;65.12;0.06;0.0;0;1.34;0;-88.39;0.06;0.0;0.0;0.27
2019;213;264;beauce_5_sa_093;solnu;;0.0;0.0;16.76;0.0;0.0;35.0;51.75;0.01;0.0;0;0;0;-186.17;0.0;0.01;0.0;0.0
2019;265;365;beauce_5_sa_093;orgeh;orgeH_tousSols_nonirr_organique;0.34;0.0;16.42;0.0;40.74;51.97;27.05;0.04;0.0;0;20.37;0;-184.36;0.03;0.01;0.0;0.34
2019;213;304;beauce_5_sa_094;solnu;;0.0;0.0;23.09;0.0;0.0;35.0;58.07;0.01;0.0;0;0;0;-256.64;0.0;0.01;0.0;0.0
2019;305;365;beauce_5_sa_094;orgeh;orgeH_tousSols_nonirr_organique;0.26;0.0;10.09;0.0;4.92;58.2;62.89;0.08;0.0;0;2.46;0;-113.9;0.08;0.01;0.0;0.26
2019;213;260;beauce_5_sa_095;solnu;;0.0;0.0;15.93;0.0;0.0;35.0;50.92;0.01;0.0;0;0;0;-177.1;0.0;0.01;0.0;0.0
2019;261;365;beauce_5_sa_095;orgeh;orgeH_tousSols_nonirr_organique;0.34;0.0;17.37;0.0;46.92;51.12;21.0;0.02;0.0;0;23.46;0;-194.82;0.01;0.01;0.0;0.34
2019;213;315;beauce_5_sa_096;solnu;;0.0;0.0;25.41;0.0;0.0;35.0;60.37;0.04;0.0;0;0;0;-282.16;0.02;0.02;0.0;0.0
2019;316;365;beauce_5_sa_096;orgeh;orgeH_tousSols_nonirr_organique;0.27;0.0;7.77;0.0;2.68;60.52;65.12;0.06;0.0;0;1.34;0;-88.39;0.06;0.0;0.0;0.27
2019;213;282;beauce_5_sa_097;solnu;;0.0;0.0;19.74;0.0;0.0;35.0;54.73;0.01;0.0;0;0;0;-220.26;0.0;0.01;0.0;0.0
2019;283;365;beauce_5_sa_097;orgeh;orgeH_tousSols_nonirr_organique;0.27;0.0;13.39;0.0;19.66;54.91;48.12;0.07;0.0;0;9.83;0;-149.83;0.06;0.01;0.0;0.27
2019;213;293;beauce_5_sa_098;solnu;;0.0;0.0;21.25;0.0;0.0;35.0;56.24;0.01;0.0;0;0;0;-236.0;0.0;0.01;0.0;0.0
2019;294;365;beauce_5_sa_098;orgeh;orgeH_tousSols_nonirr_organique;0.27;0.0;11.92;0.0;9.37;56.4;58.44;0.08;0.0;0;4.69;0;-134.56;0.07;0.01;0.0;0.27
2019;213;274;beauce_5_sa_099;solnu;;0.0;0.0;18.84;0.0;0.0;35.0;53.83;0.01;0.0;0;0;0;-209.26;0.0;0.01;0.0;0.0
2019;275;365;beauce_5_sa_099;orgeh;orgeH_tousSols_nonirr_organique;0.31;0.0;14.34;0.0;28.52;53.98;39.28;0.06;0.0;0;14.26;0;-161.37;0.05;0.01;0.0;0.31
2020;1;197;beauce_5_sa_000;orgeh;orgeH_tousSols_nonirr_organique;1.76;0.0;53.41;0.0;47.47;28.32;32.45;0.05;0.0;0;43.46;0;-594.61;0.02;0.03;0.0;1.76
2020;198;266;beauce_5_sa_000;solnu;;0.56;0.0;37.16;-15.06;0.0;32.45;53.9;0.09;0.0;0;0;0;-360.09;0.07;0.02;0.0;0.56
2020;267;366;beauce_5_sa_000;orgeh;orgeH_tousSols_nonirr_organique;2.19;0.0;18.73;-50.97;4.5;54.32;14.96;0.01;0.0;0;2.25;0;-80.34;0.01;0.0;0.0;2.19
2020;1;218;beauce_5_sa_001;orgeh;orgeH_tousSols_nonirr_organique;1.76;0.0;65.4;0.0;39.2;19.73;44.11;0.06;0.0;0;43.65;0;-724.25;0.02;0.04;0.0;1.76
2020;219;260;beauce_5_sa_001;solnu;;0.66;0.0;25.03;-15.79;0.0;44.11;52.58;0.11;0.01;0;0;0;-251.05;0.1;0.01;0.0;0.66
2020;261;366;beauce_5_sa_001;orgeh;orgeH_tousSols_nonirr_organique;2.23;0.0;20.69;-51.64;4.5;52.85;14.89;0.0;0.0;0;2.25;0;-83.23;0.0;0.0;0.0;2.23
2020;1;223;beauce_5_sa_002;orgeh;orgeH_tousSols_nonirr_organique;3.58;0.0;60.5;0.0;85.5;64.48;35.82;0.09;0.0;0;44.41;0;-673.52;0.05;0.04;0.0;3.58
2020;224;313;beauce_5_sa_002;solnu;;1.58;0.0;35.99;-44.4;0.0;35.82;25.74;0.08;0.0;0;0;0;-342.75;0.07;0.01;0.0;1.58
2020;314;366;beauce_5_sa_002;orgeh;orgeH_tousSols_nonirr_organique;2.12;0.0;7.06;-7.06;0.0;25.78;23.62;0.0;0.0;0;0.0;0;-26.03;0.0;0.0;0.0;2.12
2020;1;172;beauce_5_sa_003;orgeh;orgeH_tousSols_nonirr_organique;2.64;0.0;37.89;0.0;62.76;43.42;14.59;0.05;0.0;0;43.58;0;-414.65;0.03;0.02;0.0;2.64
2020;173;279;beauce_5_sa_003;solnu;;0.88;0.0;53.69;-13.64;0.0;14.59;53.8;0.09;0.0;0;0;0;-529.51;0.07;0.03;0.0;0.88
2020;280;366;beauce_5_sa_003;orgeh;orgeH_tousSols_nonirr_organique;2.23;0.0;14.27;-41.82;5.46;53.98;18.55;0.0;0.0;0;2.73;0;-70.33;0.0;0.0;0.0;2.23
2020;1;189;beauce_5_sa_004;orgeh;orgeH_tousSols_nonirr_organique;3.62;0.0;46.14;0.0;86.64;65.12;20.93;0.08;0.0;0;44.66;0;-512.23;0.05;0.03;0.0;3.62
2020;190;316;beauce_5_sa_004;solnu;;1.51;0.0;50.75;-46.39;0.0;20.93;23.7;0.07;0.01;0;0;0;-474.21;0.05;0.02;0.0;1.51
2020;317;366;beauce_5_sa_004;orgeh;orgeH_tousSols_nonirr_organique;1.96;0.0;6.59;-6.55;0.0;23.7;21.78;0.0;0.0;0;0.0;0;-23.63;0.0;0.0;0.0;1.96
2020;1;172;beauce_5_sa_005;orgeh;orgeH_tousSols_nonirr_organique;3.65;0.0;37.35;0.0;75.43;65.48;22.43;0.07;0.0;0;38.87;0;-409.13;0.05;0.02;0.0;3.65
2020;173;317;beauce_5_sa_005;solnu;;1.88;0.0;60.44;-52.26;0.0;22.43;28.8;0.1;0.0;0;0;0;-576.24;0.08;0.03;0.0;1.88
2020;318;366;beauce_5_sa_005;orgeh;orgeH_tousSols_nonirr_organique;2.38;0.0;6.49;-6.2;0.0;28.8;26.71;0.0;0.0;0;0.0;0;-23.43;0.0;0.0;0.0;2.38
2020;1;225;beauce_5_sa_006;orgeh;orgeH_tousSols_nonirr_organique;3.62;0.0;61.24;0.0;86.39;65.12;36.27;0.09;0.0;0;44.53;0;-682.11;0.05;0.04;0.0;3.62
2020;226;316;beauce_5_sa_006;solnu;;1.68;0.0;35.68;-47.29;0.0;36.27;22.91;0.06;0.0;0;0;0;-311.58;0.05;0.01;0.0;1.68
2020;317;366;beauce_5_sa_006;orgeh;orgeH_tousSols_nonirr_organique;1.89;0.0;6.58;-6.45;0.0;22.91;21.15;0.0;0.0;0;0.0;0;-18.82;0.0;0.0;0.0;1.89
2020;1;178;beauce_5_sa_007;orgeh;orgeH_tousSols_nonirr_organique;3.56;0.0;40.22;0.0;78.29;63.55;20.81;0.07;0.0;0;41.27;0;-446.83;0.05;0.02;0.0;3.56
2020;179;309;beauce_5_sa_007;solnu;;1.63;0.0;55.7;-13.29;0.0;20.81;61.86;0.1;0.0;0;0;0;-544.34;0.07;0.03;0.0;1.63
2020;310;366;beauce_5_sa_007;orgeh;orgeH_tousSols_nonirr_organique;2.31;0.0;7.84;-41.74;0.0;62.18;25.65;0.01;0.0;0;0.0;0;-41.22;0.01;0.0;0.0;2.31
2020;1;220;beauce_5_sa_008;orgeh;orgeH_tousSols_nonirr_organique;3.53;0.0;58.83;0.0;84.6;63.02;33.64;0.08;0.0;0;44.7;0;-656.38;0.05;0.04;0.0;3.53
2020;221;306;beauce_5_sa_008;solnu;;1.51;0.0;36.51;-14.94;0.0;33.64;53.61;0.08;0.0;0;0;0;-351.3;0.07;0.01;0.0;1.51
2020;307;366;beauce_5_sa_008;orgeh;orgeH_tousSols_nonirr_organique;2.07;0.0;8.31;-36.86;0.0;53.82;22.99;0.0;0.0;0;0.0;0;-41.47;0.0;0.0;0.0;2.07
2020;1;199;beauce_5_sa_009;orgeh;orgeH_tousSols_nonirr_organique;3.56;0.0;50.3;0.0;85.02;63.55;25.19;0.08;0.0;0;44.64;0;-560.62;0.05;0.03;0.0;3.56
2020;200;309;beauce_5_sa_009;solnu;;1.48;0.0;45.37;-14.01;0.0;25.19;54.99;0.08;0.01;0;0;0;-438.17;0.06;0.02;0.0;1.48
2020;310;366;beauce_5_sa_009;orgeh;orgeH_tousSols_nonirr_organique;2.06;0.0;7.84;-37.83;0.0;55.31;22.93;0.0;0.0;0;0.0;0;-40.25;0.0;0.0;0.0;2.06
2020;1;188;beauce_5_sa_010;orgeh;orgeH_tousSols_nonirr_organique;3.4;0.0;46.04;0.0;79.59;59.49;22.47;0.07;0.0;0;43.95;0;-511.77;0.04;0.03;0.0;3.4
2020;189;296;beauce_5_sa_010;solnu;;1.55;0.0;47.85;-13.83;0.0;22.47;54.84;0.09;0.01;0;0;0;-463.78;0.07;0.02;0.0;1.55
2020;297;366;beauce_5_sa_010;orgeh;orgeH_tousSols_nonirr_organique;2.1;0.0;10.42;-39.91;0.0;55.07;23.24;0.0;0.0;0;0.0;0;-51.87;0.0;0.0;0.0;2.1
2020;1;222;beauce_5_sa_011;orgeh;orgeH_tousSols_nonirr_organique;2.45;0.0;67.09;0.0;46.69;27.58;45.38;0.13;0.02;0;43.42;0;-742.17;0.09;0.04;0.0;2.45
2020;223;264;beauce_5_sa_011;solnu;;0.24;0.0;23.94;-52.72;0.0;45.38;9.2;0.0;0.0;0;0;0;-176.65;0.0;0.0;0.0;0.24
2020;265;366;beauce_5_sa_011;orgeh;orgeH_tousSols_nonirr_organique;1.24;0.0;19.54;-5.72;9.11;9.24;12.65;0.01;0.0;0;4.56;0;-60.01;0.0;0.01;0.0;1.24
2020;1;197;beauce_5_sa_012;orgeh;orgeH_tousSols_nonirr_organique;3.5;0.0;49.68;0.0;84.45;62.89;24.54;0.08;0.0;0;44.68;0;-553.81;0.05;0.03;0.0;3.5
2020;198;304;beauce_5_sa_012;solnu;;1.49;0.0;45.25;-25.23;0.0;24.54;42.99;0.08;0.01;0;0;0;-436.07;0.06;0.02;0.0;1.49
2020;305;366;beauce_5_sa_012;orgeh;orgeH_tousSols_nonirr_organique;2.06;0.0;8.72;-26.77;0.0;40.21;22.88;0.0;0.0;0;0.0;0;-39.07;0.0;0.0;0.0;2.06
2020;1;229;beauce_5_sa_013;orgeh;orgeH_tousSols_nonirr_organique;2.77;0.0;66.64;0.0;65.48;45.53;43.82;0.1;0.0;0;43.87;0;-740.19;0.06;0.04;0.0;2.77
2020;230;281;beauce_5_sa_013;solnu;;1.08;0.0;25.96;-50.46;0.0;43.82;18.2;0.03;0.0;0;0;0;-188.21;0.03;0.0;0.0;1.08
2020;282;366;beauce_5_sa_013;orgeh;orgeH_tousSols_nonirr_organique;1.96;0.0;13.87;-7.09;4.11;18.22;18.9;0.0;0.0;0;2.06;0;-35.43;0.0;0.0;0.0;1.96
2020;1;205;beauce_5_sa_014;orgeh;orgeH_tousSols_nonirr_organique;1.79;0.0;56.45;0.0;48.4;28.55;34.76;0.05;0.0;0;43.87;0;-627.36;0.02;0.03;0.0;1.79
2020;206;267;beauce_5_sa_014;solnu;;0.53;0.0;34.1;-35.66;0.0;34.76;32.58;0.08;0.0;0;0;0;-330.86;0.07;0.01;0.0;0.53
2020;268;366;beauce_5_sa_014;orgeh;orgeH_tousSols_nonirr_organique;1.96;0.0;18.4;-31.26;2.4;30.32;15.36;0.01;0.0;0;1.2;0;-60.6;0.0;0.0;0.0;1.96
2020;1;225;beauce_5_sa_015;orgeh;orgeH_tousSols_nonirr_organique;3.4;0.0;62.08;0.0;79.59;59.49;38.5;0.09;0.0;0;43.95;0;-691.51;0.05;0.04;0.0;3.4
2020;226;296;beauce_5_sa_015;solnu;;1.62;0.0;31.79;-15.42;0.0;38.5;53.15;0.08;0.0;0;0;0;-309.01;0.07;0.01;0.0;1.62
2020;297;366;beauce_5_sa_015;orgeh;orgeH_tousSols_nonirr_organique;2.13;0.0;10.4;-37.79;0.0;53.38;23.63;0.0;0.0;0;0.0;0;-48.39;0.0;0.0;0.0;2.13
2020;1;198;beauce_5_sa_016;orgeh;orgeH_tousSols_nonirr_organique;2.92;0.0;51.18;0.0;69.32;48.55;27.42;0.07;0.0;0;44.29;0;-569.8;0.04;0.03;0.0;2.92
2020;199;285;beauce_5_sa_016;solnu;;0.95;0.0;41.6;-49.2;0.0;27.42;18.8;0.06;0.0;0;0;0;-387.59;0.05;0.01;0.0;0.95
2020;286;366;beauce_5_sa_016;orgeh;orgeH_tousSols_nonirr_organique;1.98;0.0;12.62;-12.55;0.0;18.8;16.89;0.0;0.0;0;0.0;0;-41.75;0.0;0.0;0.0;1.98
2020;1;197;beauce_5_sa_017;orgeh;orgeH_tousSols_nonirr_organique;3.3;0.0;50.16;0.0;77.43;57.09;26.45;0.07;0.0;0;44.08;0;-559.11;0.04;0.03;0.0;3.3
2020;198;293;beauce_5_sa_017;solnu;;1.25;0.0;43.16;-14.34;0.0;26.45;53.93;0.08;0.01;0;0;0;-416.69;0.06;0.02;0.0;1.25
2020;294;366;beauce_5_sa_017;orgeh;orgeH_tousSols_nonirr_organique;2.31;0.0;11.08;-39.72;0.22;53.94;22.76;0.01;0.0;0;0.11;0;-54.19;0.01;0.0;0.0;2.31
2020;1;222;beauce_5_sa_018;orgeh;orgeH_tousSols_nonirr_organique;2.73;0.0;65.72;0.0;52.94;32.83;42.75;0.12;0.01;0;43.93;0;-726.79;0.08;0.04;0.0;2.73
2020;223;269;beauce_5_sa_018;solnu;;0.27;0.0;25.65;-49.47;0.0;42.75;12.61;0.05;0.0;0;0;0;-246.85;0.05;0.01;0.0;0.27
2020;270;366;beauce_5_sa_018;orgeh;orgeH_tousSols_nonirr_organique;1.7;0.0;17.78;-15.85;0.43;12.61;12.41;0.0;0.0;0;0.21;0;-55.54;0.0;0.0;0.0;1.7
2020;1;184;beauce_5_sa_019;orgeh;orgeH_tousSols_nonirr_organique;3.4;0.0;44.51;0.0;79.59;59.49;20.94;0.07;0.0;0;43.95;0;-491.47;0.04;0.03;0.0;3.4
2020;185;296;beauce_5_sa_019;solnu;;1.53;0.0;49.32;-13.77;0.0;20.94;54.87;0.09;0.01;0;0;0;-481.75;0.06;0.02;0.0;1.53
2020;297;366;beauce_5_sa_019;orgeh;orgeH_tousSols_nonirr_organique;2.1;0.0;10.42;-39.97;0.0;55.1;23.23;0.0;0.0;0;0.0;0;-52.16;0.0;0.0;0.0;2.1
2020;1;193;beauce_5_sa_020;orgeh;orgeH_tousSols_nonirr_organique;3.56;0.0;47.97;0.0;85.15;63.73;22.92;0.08;0.0;0;44.61;0;-530.82;0.05;0.03;0.0;3.56
2020;194;310;beauce_5_sa_020;solnu;;1.45;0.0;48.0;-50.09;0.0;22.92;19.34;0.04;0.0;0;0;0;-425.46;0.02;0.02;0.0;1.45
2020;311;366;beauce_5_sa_020;orgeh;orgeH_tousSols_nonirr_organique;1.6;0.0;7.58;-7.31;0.0;19.34;18.02;0.0;0.0;0;0.0;0;-23.04;0.0;0.0;0.0;1.6
2020;1;179;beauce_5_sa_021;orgeh;orgeH_tousSols_nonirr_organique;3.34;0.0;40.87;0.0;75.8;58.41;19.0;0.07;0.0;0;42.59;0;-453.7;0.04;0.02;0.0;3.34
2020;180;294;beauce_5_sa_021;solnu;;1.52;0.0;52.81;-52.06;0.0;19.0;18.4;0.04;0.0;0;0;0;-460.53;0.03;0.02;0.0;1.52
2020;295;366;beauce_5_sa_021;orgeh;orgeH_tousSols_nonirr_organique;1.53;0.0;10.91;-7.81;1.19;18.41;18.77;0.0;0.0;0;0.6;0;-32.4;0.0;0.0;0.0;1.53
2020;1;230;beauce_5_sa_022;orgeh;orgeH_tousSols_nonirr_organique;2.89;0.0;66.88;0.0;67.65;47.87;44.11;0.1;0.0;0;43.78;0;-743.2;0.06;0.04;0.0;2.89
2020;231;283;beauce_5_sa_022;solnu;;1.13;0.0;25.86;-50.2;0.0;44.11;18.58;0.05;0.0;0;0;0;-215.45;0.05;0.0;0.0;1.13
2020;284;366;beauce_5_sa_022;orgeh;orgeH_tousSols_nonirr_organique;1.97;0.0;13.37;-12.03;0.0;18.58;17.94;0.0;0.0;0;0.0;0;-36.22;0.0;0.0;0.0;1.97
2020;1;223;beauce_5_sa_023;orgeh;orgeH_tousSols_nonirr_organique;3.38;0.0;61.36;0.0;79.04;59.07;37.92;0.09;0.0;0;43.89;0;-683.1;0.05;0.04;0.0;3.38
2020;224;295;beauce_5_sa_023;solnu;;1.6;0.0;32.46;-15.37;0.0;37.92;53.32;0.08;0.0;0;0;0;-314.77;0.07;0.01;0.0;1.6
2020;296;366;beauce_5_sa_023;orgeh;orgeH_tousSols_nonirr_organique;2.12;0.0;10.57;-38.25;0.0;53.5;23.51;0.0;0.0;0;0.0;0;-49.64;0.0;0.0;0.0;2.12
2020;1;220;beauce_5_sa_024;orgeh;orgeH_tousSols_nonirr_organique;1.76;0.0;66.54;0.0;38.93;20.18;45.94;0.08;0.0;0;43.26;0;-741.75;0.04;0.04;0.0;1.76
2020;221;259;beauce_5_sa_024;solnu;;0.71;0.0;23.88;-54.12;0.0;45.94;14.92;0.06;0.01;0;0;0;-181.67;0.06;0.0;0.0;0.71
2020;260;366;beauce_5_sa_024;orgeh;orgeH_tousSols_nonirr_organique;2.03;0.0;21.14;-5.35;10.01;14.91;18.65;0.02;0.0;0;5.01;0;-65.01;0.01;0.01;0.0;2.03
2020;1;180;beauce_5_sa_025;orgeh;orgeH_tousSols_nonirr_organique;1.64;0.0;43.55;0.0;36.52;17.35;22.7;0.04;0.0;0;43.51;0;-482.49;0.01;0.03;0.0;1.64
2020;181;258;beauce_5_sa_025;solnu;;0.38;0.0;44.18;-14.43;0.0;22.7;51.97;0.09;0.0;0;0;0;-429.79;0.07;0.02;0.0;0.38
2020;259;366;beauce_5_sa_025;orgeh;orgeH_tousSols_nonirr_organique;1.64;0.0;21.38;-50.21;9.28;52.3;12.21;0.0;0.0;0;4.64;0;-93.1;0.0;0.0;0.0;1.64
2020;1;208;beauce_5_sa_026;orgeh;orgeH_tousSols_nonirr_organique;3.12;0.0;54.31;0.0;73.12;53.31;31.31;0.07;0.0;0;43.8;0;-606.04;0.04;0.03;0.0;3.12
2020;209;290;beauce_5_sa_026;solnu;;0.98;0.0;38.74;-51.48;0.0;31.31;17.53;0.05;0.0;0;0;0;-346.08;0.04;0.01;0.0;0.98
2020;291;366;beauce_5_sa_026;orgeh;orgeH_tousSols_nonirr_organique;1.83;0.0;11.73;-11.44;0.0;17.53;16.0;0.0;0.0;0;0.0;0;-34.31;0.0;0.0;0.0;1.83
2020;1;222;beauce_5_sa_027;orgeh;orgeH_tousSols_nonirr_organique;3.07;0.0;61.58;0.0;71.99;51.63;38.06;0.09;0.0;0;44.09;0;-680.47;0.05;0.04;0.0;3.07
2020;223;289;beauce_5_sa_027;solnu;;0.98;0.0;31.55;-46.19;0.0;38.06;21.58;0.07;0.0;0;0;0;-305.77;0.06;0.01;0.0;0.98
2020;290;366;beauce_5_sa_027;orgeh;orgeH_tousSols_nonirr_organique;2.32;0.0;11.89;-11.67;0.0;21.58;19.47;0.0;0.0;0;0.0;0;-39.98;0.0;0.0;0.0;2.32
2020;1;204;beauce_5_sa_028;orgeh;orgeH_tousSols_nonirr_organique;3.65;0.0;51.63;0.0;86.64;65.48;26.75;0.08;0.0;0;44.48;0;-575.03;0.05;0.03;0.0;3.65
2020;205;317;beauce_5_sa_028;solnu;;1.5;0.0;45.02;-14.02;0.0;26.75;56.16;0.08;0.01;0;0;0;-434.66;0.06;0.02;0.0;1.5
2020;318;366;beauce_5_sa_028;orgeh;orgeH_tousSols_nonirr_organique;2.09;0.0;6.47;-37.22;0.0;56.27;23.31;0.0;0.0;0;0.0;0;-33.45;0.0;0.0;0.0;2.09
2020;1;190;beauce_5_sa_029;orgeh;orgeH_tousSols_nonirr_organique;2.36;0.0;48.31;0.0;58.53;39.28;26.63;0.06;0.0;0;43.53;0;-537.58;0.03;0.03;0.0;2.36
2020;191;275;beauce_5_sa_029;solnu;;0.86;0.0;42.95;-14.46;0.0;26.63;54.18;0.09;0.0;0;0;0;-415.66;0.08;0.02;0.0;0.86
2020;276;366;beauce_5_sa_029;orgeh;orgeH_tousSols_nonirr_organique;2.24;0.0;15.54;-44.58;4.23;54.47;18.66;0.01;0.0;0;2.11;0;-73.8;0.01;0.0;0.0;2.24
2020;1;186;beauce_5_sa_030;orgeh;orgeH_tousSols_nonirr_organique;2.69;0.0;46.2;0.0;65.26;45.06;23.25;0.06;0.0;0;43.99;0;-514.03;0.03;0.03;0.0;2.69
2020;187;279;beauce_5_sa_030;solnu;;0.91;0.0;45.9;-51.8;0.0;23.25;16.37;0.06;0.0;0;0;0;-429.85;0.04;0.02;0.0;0.91
2020;280;366;beauce_5_sa_030;orgeh;orgeH_tousSols_nonirr_organique;1.78;0.0;14.29;-13.22;0.0;16.37;15.67;0.0;0.0;0;0.0;0;-46.65;0.0;0.0;0.0;1.78
2020;1;205;beauce_5_sa_031;orgeh;orgeH_tousSols_nonirr_organique;3.55;0.0;52.26;0.0;84.93;63.3;27.01;0.08;0.0;0;44.72;0;-581.73;0.05;0.03;0.0;3.55
2020;206;307;beauce_5_sa_031;solnu;;1.47;0.0;43.05;-41.09;0.0;27.01;27.42;0.08;0.01;0;0;0;-412.68;0.06;0.02;0.0;1.47
2020;308;366;beauce_5_sa_031;orgeh;orgeH_tousSols_nonirr_organique;2.05;0.0;8.14;-10.76;0.0;25.44;22.75;0.0;0.0;0;0.0;0;-32.85;0.0;0.0;0.0;2.05
2020;1;202;beauce_5_sa_032;orgeh;orgeH_tousSols_nonirr_organique;2.41;0.0;53.63;0.0;59.68;41.01;32.49;0.06;0.0;0;43.21;0;-598.24;0.03;0.03;0.0;2.41
2020;203;275;beauce_5_sa_032;solnu;;0.93;0.0;37.96;-53.9;0.0;32.49;15.56;0.06;0.0;0;0;0;-325.81;0.05;0.01;0.0;0.93
2020;276;366;beauce_5_sa_032;orgeh;orgeH_tousSols_nonirr_organique;1.72;0.0;15.59;-8.27;4.02;15.56;17.13;0.01;0.0;0;2.01;0;-45.18;0.0;0.01;0.0;1.72
2020;1;194;beauce_5_sa_033;orgeh;orgeH_tousSols_nonirr_organique;3.03;0.0;49.28;0.0;71.49;50.62;25.32;0.07;0.0;0;44.34;0;-547.96;0.04;0.03;0.0;3.03
2020;195;288;beauce_5_sa_033;solnu;;0.95;0.0;43.67;-48.27;0.0;25.32;19.7;0.06;0.01;0;0;0;-408.76;0.05;0.02;0.0;0.95
2020;289;366;beauce_5_sa_033;orgeh;orgeH_tousSols_nonirr_organique;2.06;0.0;12.09;-12.02;0.0;19.7;17.71;0.0;0.0;0;0.0;0;-40.16;0.0;0.0;0.0;2.06
2020;1;190;beauce_5_sa_034;orgeh;orgeH_tousSols_nonirr_organique;2.67;0.0;47.95;0.0;64.8;44.42;24.85;0.06;0.0;0;44.08;0;-533.75;0.03;0.03;0.0;2.67
2020;191;279;beauce_5_sa_034;solnu;;0.9;0.0;44.08;-52.08;0.0;24.85;15.88;0.06;0.0;0;0;0;-406.09;0.04;0.02;0.0;0.9
2020;280;366;beauce_5_sa_034;orgeh;orgeH_tousSols_nonirr_organique;1.72;0.0;14.29;-13.2;0.0;15.88;15.25;0.0;0.0;0;0.0;0;-46.01;0.0;0.0;0.0;1.72
2020;1;205;beauce_5_sa_035;orgeh;orgeH_tousSols_nonirr_organique;1.82;0.0;57.0;0.0;49.85;30.69;35.96;0.05;0.0;0;43.44;0;-633.36;0.02;0.03;0.0;1.82
2020;206;266;beauce_5_sa_035;solnu;;0.59;0.0;34.01;-54.41;0.0;35.96;14.89;0.08;0.0;0;0;0;-302.15;0.07;0.01;0.0;0.59
2020;267;366;beauce_5_sa_035;orgeh;orgeH_tousSols_nonirr_organique;2.03;0.0;18.87;-11.36;4.02;14.89;16.35;0.01;0.0;0;2.01;0;-59.01;0.0;0.01;0.0;2.03
2020;1;205;beauce_5_sa_036;orgeh;orgeH_tousSols_nonirr_organique;3.62;0.0;52.11;0.0;85.91;64.81;27.32;0.08;0.0;0;44.45;0;-580.15;0.05;0.03;0.0;3.62
2020;206;314;beauce_5_sa_036;solnu;;1.51;0.0;44.27;-44.76;0.0;27.32;25.24;0.08;0.01;0;0;0;-418.95;0.06;0.02;0.0;1.51
2020;315;366;beauce_5_sa_036;orgeh;orgeH_tousSols_nonirr_organique;2.08;0.0;6.88;-6.88;0.0;25.24;23.16;0.0;0.0;0;0.0;0;-26.41;0.0;0.0;0.0;2.08
2020;1;227;beauce_5_sa_037;orgeh;orgeH_tousSols_nonirr_organique;2.72;0.0;68.19;0.0;53.26;33.88;45.98;0.11;0.01;0;43.54;0;-755.27;0.07;0.04;0.0;2.72
2020;228;270;beauce_5_sa_037;solnu;;0.45;0.0;23.38;-51.27;0.0;45.98;17.61;0.02;0.0;0;0;0;-173.58;0.02;0.0;0.0;0.45
2020;271;366;beauce_5_sa_037;orgeh;orgeH_tousSols_nonirr_organique;2.38;0.0;17.44;-7.93;6.04;17.66;18.69;0.01;0.0;0;3.02;0;-50.83;0.0;0.01;0.0;2.38
2020;1;224;beauce_5_sa_038;orgeh;orgeH_tousSols_nonirr_organique;2.66;0.0;64.57;0.0;60.45;40.7;42.05;0.1;0.0;0;43.78;0;-719.4;0.06;0.04;0.0;2.66
2020;225;276;beauce_5_sa_038;solnu;;1.0;0.0;27.34;-15.74;0.0;42.05;52.57;0.08;0.0;0;0;0;-267.61;0.07;0.01;0.0;1.0
2020;277;366;beauce_5_sa_038;orgeh;orgeH_tousSols_nonirr_organique;2.44;0.0;15.25;-42.49;2.73;53.0;20.15;0.01;0.0;0;1.36;0;-66.92;0.01;0.0;0.0;2.44
2020;1;223;beauce_5_sa_039;orgeh;orgeH_tousSols_nonirr_organique;2.45;0.0;67.54;0.0;46.69;27.59;45.85;0.13;0.02;0;43.44;0;-752.32;0.09;0.04;0.0;2.45
2020;224;264;beauce_5_sa_039;solnu;;0.46;0.0;23.57;-50.13;0.0;45.85;18.79;0.04;0.0;0;0;0;-193.0;0.04;0.0;0.0;0.46
2020;265;366;beauce_5_sa_039;orgeh;orgeH_tousSols_nonirr_organique;2.58;0.0;19.57;-10.02;5.7;18.79;20.05;0.01;0.0;0;2.85;0;-58.38;0.0;0.01;0.0;2.58
2020;1;205;beauce_5_sa_040;orgeh;orgeH_tousSols_nonirr_organique;3.53;0.0;52.34;0.0;84.45;62.89;27.17;0.08;0.0;0;44.68;0;-582.6;0.05;0.03;0.0;3.53
2020;206;304;beauce_5_sa_040;solnu;;1.48;0.0;42.49;-14.34;0.0;27.17;53.76;0.08;0.01;0;0;0;-410.32;0.06;0.02;0.0;1.48
2020;305;366;beauce_5_sa_040;orgeh;orgeH_tousSols_nonirr_organique;2.06;0.0;8.72;-37.57;0.0;53.98;22.84;0.0;0.0;0;0.0;0;-43.74;0.0;0.0;0.0;2.06
2020;1;224;beauce_5_sa_041;orgeh;orgeH_tousSols_nonirr_organique;3.25;0.0;62.09;0.0;75.51;55.77;39.02;0.09;0.0;0;43.78;0;-691.75;0.05;0.04;0.0;3.25
2020;225;292;beauce_5_sa_041;solnu;;1.33;0.0;31.36;-15.47;0.0;39.02;53.49;0.08;0.0;0;0;0;-304.05;0.07;0.01;0.0;1.33
2020;293;366;beauce_5_sa_041;orgeh;orgeH_tousSols_nonirr_organique;2.38;0.0;11.25;-37.42;1.5;53.7;23.43;0.01;0.0;0;0.75;0;-53.64;0.01;0.0;0.0;2.38
2020;1;193;beauce_5_sa_042;orgeh;orgeH_tousSols_nonirr_organique;3.3;0.0;48.49;0.0;77.43;57.09;24.78;0.07;0.0;0;44.08;0;-536.36;0.04;0.03;0.0;3.3
2020;194;293;beauce_5_sa_042;solnu;;1.25;0.0;44.83;-14.16;0.0;24.78;54.11;0.08;0.01;0;0;0;-436.97;0.06;0.02;0.0;1.25
2020;294;366;beauce_5_sa_042;orgeh;orgeH_tousSols_nonirr_organique;2.31;0.0;11.08;-39.85;0.22;54.11;22.8;0.01;0.0;0;0.11;0;-54.28;0.01;0.0;0.0;2.31
2020;1;207;beauce_5_sa_043;orgeh;orgeH_tousSols_nonirr_organique;3.49;0.0;53.15;0.0;83.55;62.33;28.37;0.08;0.0;0;44.51;0;-592.64;0.05;0.03;0.0;3.49
2020;208;302;beauce_5_sa_043;solnu;;1.44;0.0;41.43;-49.89;0.0;28.37;18.43;0.03;0.0;0;0;0;-354.29;0.02;0.01;0.0;1.44
2020;303;366;beauce_5_sa_043;orgeh;orgeH_tousSols_nonirr_organique;1.53;0.0;9.17;-9.06;0.0;18.43;17.01;0.0;0.0;0;0.0;0;-25.77;0.0;0.0;0.0;1.53
2020;1;178;beauce_5_sa_044;orgeh;orgeH_tousSols_nonirr_organique;1.73;0.0;42.21;0.0;42.54;23.2;21.11;0.04;0.0;0;43.59;0;-468.27;0.01;0.03;0.0;1.73
2020;179;262;beauce_5_sa_044;solnu;;0.37;0.0;45.97;-54.44;0.0;21.11;12.19;0.07;0.0;0;0;0;-418.03;0.05;0.01;0.0;0.37
2020;263;366;beauce_5_sa_044;orgeh;orgeH_tousSols_nonirr_organique;1.67;0.0;20.29;-9.25;6.16;12.19;15.37;0.01;0.0;0;3.08;0;-70.07;0.0;0.01;0.0;1.67
2020;1;213;beauce_5_sa_045;orgeh;orgeH_tousSols_nonirr_organique;3.12;0.0;56.49;0.0;73.12;53.32;33.5;0.07;0.0;0;43.8;0;-627.89;0.04;0.03;0.0;3.12
2020;214;290;beauce_5_sa_045;solnu;;1.05;0.0;36.92;-51.58;0.0;33.5;17.74;0.05;0.0;0;0;0;-312.6;0.04;0.01;0.0;1.05
2020;291;366;beauce_5_sa_045;orgeh;orgeH_tousSols_nonirr_organique;1.85;0.0;11.74;-10.17;0.0;17.74;17.45;0.0;0.0;0;0.0;0;-31.78;0.0;0.0;0.0;1.85
2020;1;187;beauce_5_sa_046;orgeh;orgeH_tousSols_nonirr_organique;1.67;0.0;48.5;0.0;39.56;20.41;27.63;0.04;0.0;0;43.54;0;-539.47;0.01;0.03;0.0;1.67
2020;188;261;beauce_5_sa_046;solnu;;0.49;0.0;40.78;-14.72;0.0;27.63;53.1;0.09;0.0;0;0;0;-395.76;0.08;0.02;0.0;0.49
2020;262;366;beauce_5_sa_046;orgeh;orgeH_tousSols_nonirr_organique;1.82;0.0;20.45;-51.65;6.99;53.49;13.09;0.0;0.0;0;3.49;0;-86.74;0.0;0.0;0.0;1.82
2020;1;217;beauce_5_sa_047;orgeh;orgeH_tousSols_nonirr_organique;1.72;0.0;63.8;0.0;45.81;26.5;42.7;0.06;0.0;0;43.55;0;-707.32;0.03;0.04;0.0;1.72
2020;218;264;beauce_5_sa_047;solnu;;0.66;0.0;27.1;-47.36;0.0;42.7;21.67;0.1;0.01;0;0;0;-264.26;0.09;0.01;0.0;0.66
2020;265;366;beauce_5_sa_047;orgeh;orgeH_tousSols_nonirr_organique;2.2;0.0;19.51;-19.03;3.16;19.45;16.8;0.0;0.0;0;1.58;0;-60.09;0.0;0.0;0.0;2.2
2020;1;216;beauce_5_sa_048;orgeh;orgeH_tousSols_nonirr_organique;2.03;0.0;61.12;0.0;54.41;34.41;39.03;0.06;0.0;0;43.88;0;-679.84;0.02;0.04;0.0;2.03
2020;217;271;beauce_5_sa_048;solnu;;0.55;0.0;30.15;-15.62;0.0;39.03;52.93;0.08;0.0;0;0;0;-293.6;0.07;0.01;0.0;0.55
2020;272;366;beauce_5_sa_048;orgeh;orgeH_tousSols_nonirr_organique;2.67;0.0;16.92;-45.68;2.67;53.23;18.79;0.03;0.0;0;1.34;0;-74.41;0.03;0.0;0.0;2.67
2020;1;213;beauce_5_sa_049;orgeh;orgeH_tousSols_nonirr_organique;3.38;0.0;56.01;0.0;79.04;59.07;32.58;0.08;0.0;0;43.89;0;-622.65;0.04;0.03;0.0;3.38
2020;214;295;beauce_5_sa_049;solnu;;1.56;0.0;37.69;-14.9;0.0;32.58;53.72;0.09;0.0;0;0;0;-365.23;0.07;0.02;0.0;1.56
2020;296;366;beauce_5_sa_049;orgeh;orgeH_tousSols_nonirr_organique;2.09;0.0;10.58;-39.07;0.0;53.9;23.13;0.0;0.0;0;0.0;0;-50.54;0.0;0.0;0.0;2.09
2020;1;194;beauce_5_sa_050;orgeh;orgeH_tousSols_nonirr_organique;3.3;0.0;48.93;0.0;77.43;57.09;25.22;0.07;0.0;0;44.08;0;-544.11;0.04;0.03;0.0;3.3
2020;195;293;beauce_5_sa_050;solnu;;1.26;0.0;44.42;-25.16;0.0;25.22;43.14;0.08;0.01;0;0;0;-430.06;0.06;0.02;0.0;1.26
2020;294;366;beauce_5_sa_050;orgeh;orgeH_tousSols_nonirr_organique;2.22;0.0;11.08;-30.09;0.0;39.66;21.91;0.0;0.0;0;0.0;0;-47.56;0.0;0.0;0.0;2.22
2020;1;215;beauce_5_sa_051;orgeh;orgeH_tousSols_nonirr_organique;3.65;0.0;56.13;0.0;87.29;65.48;30.59;0.08;0.0;0;44.81;0;-623.33;0.05;0.03;0.0;3.65
2020;216;318;beauce_5_sa_051;solnu;;1.51;0.0;40.75;-14.45;0.0;30.59;55.28;0.08;0.01;0;0;0;-394.98;0.07;0.02;0.0;1.51
2020;319;366;beauce_5_sa_051;orgeh;orgeH_tousSols_nonirr_organique;2.08;0.0;6.37;-36.34;0.0;55.43;23.22;0.0;0.0;0;0.0;0;-32.96;0.0;0.0;0.0;2.08
2020;1;229;beauce_5_sa_052;orgeh;orgeH_tousSols_nonirr_organique;3.19;0.0;65.24;0.0;74.94;54.83;41.85;0.1;0.0;0;43.96;0;-724.57;0.06;0.04;0.0;3.19
2020;230;291;beauce_5_sa_052;solnu;;1.09;0.0;28.07;-15.67;0.0;41.85;53.08;0.07;0.0;0;0;0;-276.7;0.06;0.01;0.0;1.09
2020;292;366;beauce_5_sa_052;orgeh;orgeH_tousSols_nonirr_organique;2.62;0.0;11.52;-37.32;1.4;53.12;23.25;0.01;0.0;0;0.7;0;-52.54;0.01;0.0;0.0;2.62
2020;1;177;beauce_5_sa_053;orgeh;orgeH_tousSols_nonirr_organique;2.93;0.0;40.23;0.0;69.38;48.61;16.49;0.06;0.0;0;44.27;0;-448.51;0.04;0.02;0.0;2.93
2020;178;285;beauce_5_sa_053;solnu;;0.96;0.0;52.74;-51.86;0.0;16.49;16.36;0.05;0.0;0;0;0;-463.79;0.03;0.02;0.0;0.96
2020;286;366;beauce_5_sa_053;orgeh;orgeH_tousSols_nonirr_organique;1.73;0.0;12.66;-8.36;1.91;16.36;17.01;0.0;0.0;0;0.96;0;-37.56;0.0;0.0;0.0;1.73
2020;1;220;beauce_5_sa_054;orgeh;orgeH_tousSols_nonirr_organique;3.65;0.0;58.48;0.0;86.64;65.48;33.59;0.08;0.0;0;44.48;0;-652.53;0.05;0.04;0.0;3.65
2020;221;317;beauce_5_sa_054;solnu;;1.53;0.0;38.36;-14.71;0.0;33.59;55.61;0.09;0.0;0;0;0;-369.2;0.07;0.02;0.0;1.53
2020;318;366;beauce_5_sa_054;orgeh;orgeH_tousSols_nonirr_organique;2.11;0.0;6.47;-36.53;0.0;55.73;23.44;0.0;0.0;0;0.0;0;-32.75;0.0;0.0;0.0;2.11
2020;1;195;beauce_5_sa_055;orgeh;orgeH_tousSols_nonirr_organique;1.7;0.0;52.69;0.0;45.47;26.09;31.55;0.05;0.0;0;43.59;0;-585.22;0.02;0.03;0.0;1.7
2020;196;264;beauce_5_sa_055;solnu;;0.55;0.0;37.69;-57.03;0.0;31.55;11.63;0.03;0.0;0;0;0;-283.42;0.03;0.0;0.0;0.55
2020;265;366;beauce_5_sa_055;orgeh;orgeH_tousSols_nonirr_organique;1.59;0.0;19.6;4.28;17.29;11.5;16.6;0.02;0.0;0;8.64;0;-64.82;0.01;0.01;0.0;1.59
2020;1;181;beauce_5_sa_056;orgeh;orgeH_tousSols_nonirr_organique;3.44;0.0;41.78;0.0;78.58;60.67;19.24;0.07;0.0;0;42.86;0;-463.22;0.04;0.03;0.0;3.44
2020;182;298;beauce_5_sa_056;solnu;;1.55;0.0;52.33;-13.68;0.0;19.24;56.5;0.09;0.01;0;0;0;-510.7;0.07;0.02;0.0;1.55
2020;299;366;beauce_5_sa_056;orgeh;orgeH_tousSols_nonirr_organique;2.15;0.0;9.97;-40.43;0.0;56.73;23.89;0.0;0.0;0;0.0;0;-50.49;0.0;0.0;0.0;2.15
2020;1;207;beauce_5_sa_057;orgeh;orgeH_tousSols_nonirr_organique;3.57;0.0;52.93;0.0;85.45;64.3;28.13;0.08;0.0;0;44.48;0;-590.26;0.05;0.03;0.0;3.57
2020;208;312;beauce_5_sa_057;solnu;;1.5;0.0;43.24;-44.97;0.0;28.13;24.82;0.07;0.01;0;0;0;-404.14;0.06;0.02;0.0;1.5
2020;313;366;beauce_5_sa_057;orgeh;orgeH_tousSols_nonirr_organique;2.04;0.0;7.16;-7.2;0.0;24.78;22.74;0.0;0.0;0;0.0;0;-25.98;0.0;0.0;0.0;2.04
2020;1;221;beauce_5_sa_058;orgeh;orgeH_tousSols_nonirr_organique;1.78;0.0;66.98;0.0;40.42;20.99;45.68;0.08;0.0;0;43.62;0;-744.23;0.04;0.04;0.0;1.78
2020;222;260;beauce_5_sa_058;solnu;;0.74;0.0;23.57;-50.82;0.0;45.68;17.57;0.1;0.01;0;0;0;-219.5;0.1;0.0;0.0;0.74
2020;261;366;beauce_5_sa_058;orgeh;orgeH_tousSols_nonirr_organique;2.4;0.0;20.84;-15.26;3.33;17.48;17.41;0.0;0.0;0;1.66;0;-65.19;0.0;0.0;0.0;2.4
2020;1;187;beauce_5_sa_059;orgeh;orgeH_tousSols_nonirr_organique;3.38;0.0;45.66;0.0;78.94;59.07;22.34;0.07;0.0;0;43.84;0;-508.45;0.04;0.03;0.0;3.38
2020;188;295;beauce_5_sa_059;solnu;;1.66;0.0;48.21;-46.67;0.0;22.34;22.15;0.07;0.01;0;0;0;-454.44;0.05;0.02;0.0;1.66
2020;296;366;beauce_5_sa_059;orgeh;orgeH_tousSols_nonirr_organique;1.84;0.0;10.61;-10.33;0.0;22.15;20.6;0.0;0.0;0;0.0;0;-39.03;0.0;0.0;0.0;1.84
2020;1;221;beauce_5_sa_060;orgeh;orgeH_tousSols_nonirr_organique;1.74;0.0;65.9;0.0;46.68;27.05;44.45;0.07;0.0;0;43.71;0;-732.15;0.03;0.04;0.0;1.74
2020;222;265;beauce_5_sa_060;solnu;;0.77;0.0;25.14;-15.78;0.0;44.45;52.93;0.11;0.01;0;0;0;-249.05;0.1;0.01;0.0;0.77
2020;266;366;beauce_5_sa_060;orgeh;orgeH_tousSols_nonirr_organique;2.47;0.0;19.04;-48.64;4.5;53.26;16.34;0.01;0.0;0;2.25;0;-79.04;0.01;0.0;0.0;2.47
2020;1;206;beauce_5_sa_061;orgeh;orgeH_tousSols_nonirr_organique;3.55;0.0;52.72;0.0;84.95;63.31;27.45;0.08;0.0;0;44.73;0;-586.3;0.05;0.03;0.0;3.55
2020;207;307;beauce_5_sa_061;solnu;;1.58;0.0;42.63;-46.28;0.0;27.45;22.14;0.06;0.01;0;0;0;-393.86;0.04;0.02;0.0;1.58
2020;308;366;beauce_5_sa_061;orgeh;orgeH_tousSols_nonirr_organique;1.83;0.0;8.15;-8.11;0.0;22.14;20.35;0.0;0.0;0;0.0;0;-27.87;0.0;0.0;0.0;1.83
2020;1;181;beauce_5_sa_062;orgeh;orgeH_tousSols_nonirr_organique;3.42;0.0;41.72;0.0;78.51;61.13;19.72;0.07;0.0;0;42.6;0;-462.6;0.05;0.03;0.0;3.42
2020;182;299;beauce_5_sa_062;solnu;;1.69;0.0;52.52;-47.63;0.0;19.72;23.11;0.07;0.01;0;0;0;-493.62;0.05;0.02;0.0;1.69
2020;300;366;beauce_5_sa_062;orgeh;orgeH_tousSols_nonirr_organique;1.91;0.0;9.79;-9.53;0.0;23.11;21.46;0.0;0.0;0;0.0;0;-35.53;0.0;0.0;0.0;1.91
2020;1;182;beauce_5_sa_063;orgeh;orgeH_tousSols_nonirr_organique;2.25;0.0;43.43;0.0;58.13;38.62;21.61;0.05;0.0;0;43.65;0;-481.05;0.03;0.03;0.0;2.25
2020;183;273;beauce_5_sa_063;solnu;;0.84;0.0;47.14;-53.11;0.0;21.61;14.73;0.07;0.0;0;0;0;-449.81;0.05;0.02;0.0;0.84
2020;274;366;beauce_5_sa_063;orgeh;orgeH_tousSols_nonirr_organique;1.59;0.0;16.36;-11.99;1.91;14.58;15.58;0.0;0.0;0;0.96;0;-53.5;0.0;0.0;0.0;1.59
2020;1;206;beauce_5_sa_064;orgeh;orgeH_tousSols_nonirr_organique;2.22;0.0;55.73;0.0;57.72;37.39;33.12;0.06;0.0;0;44.07;0;-619.04;0.02;0.03;0.0;2.22
2020;207;273;beauce_5_sa_064;solnu;;0.87;0.0;35.26;-15.21;0.0;33.12;52.2;0.09;0.0;0;0;0;-342.81;0.08;0.01;0.0;0.87
2020;274;366;beauce_5_sa_064;orgeh;orgeH_tousSols_nonirr_organique;2.18;0.0;16.31;-45.15;3.0;52.73;18.17;0.01;0.0;0;1.5;0;-73.05;0.0;0.0;0.0;2.18
2020;1;220;beauce_5_sa_065;orgeh;orgeH_tousSols_nonirr_organique;3.47;0.0;58.82;0.0;84.7;62.89;33.46;0.08;0.0;0;44.81;0;-656.25;0.05;0.04;0.0;3.47
2020;221;305;beauce_5_sa_065;solnu;;1.5;0.0;36.31;-21.94;0.0;33.46;46.25;0.08;0.0;0;0;0;-349.52;0.07;0.01;0.0;1.5
2020;306;366;beauce_5_sa_065;orgeh;orgeH_tousSols_nonirr_organique;2.06;0.0;8.52;-29.79;0.0;43.09;22.91;0.0;0.0;0;0.0;0;-38.26;0.0;0.0;0.0;2.06
2020;1;187;beauce_5_sa_066;orgeh;orgeH_tousSols_nonirr_organique;1.76;0.0;48.06;0.0;47.47;28.32;27.1;0.05;0.0;0;43.46;0;-534.6;0.02;0.03;0.0;1.76
2020;188;266;beauce_5_sa_066;solnu;;0.51;0.0;42.1;-14.57;0.0;27.1;54.02;0.09;0.0;0;0;0;-407.71;0.07;0.02;0.0;0.51
2020;267;366;beauce_5_sa_066;orgeh;orgeH_tousSols_nonirr_organique;2.13;0.0;18.75;-49.72;6.0;54.45;14.9;0.01;0.0;0;3.0;0;-82.25;0.01;0.0;0.0;2.13
2020;1;182;beauce_5_sa_067;orgeh;orgeH_tousSols_nonirr_organique;3.5;0.0;42.19;0.0;79.9;62.34;19.93;0.07;0.0;0;42.68;0;-467.93;0.05;0.03;0.0;3.5
2020;183;302;beauce_5_sa_067;solnu;;1.55;0.0;52.42;-13.63;0.0;19.93;57.34;0.09;0.01;0;0;0;-510.91;0.07;0.02;0.0;1.55
2020;303;366;beauce_5_sa_067;orgeh;orgeH_tousSols_nonirr_organique;2.17;0.0;9.13;-40.15;0.0;57.6;24.14;0.0;0.0;0;0.0;0;-47.33;0.0;0.0;0.0;2.17
2020;1;209;beauce_5_sa_068;orgeh;orgeH_tousSols_nonirr_organique;1.83;0.0;58.04;0.0;50.91;30.31;35.57;0.05;0.0;0;44.19;0;-646.12;0.02;0.03;0.0;1.83
2020;210;268;beauce_5_sa_068;solnu;;0.59;0.0;32.66;-15.44;0.0;35.57;52.12;0.08;0.0;0;0;0;-318.78;0.07;0.01;0.0;0.59
2020;269;366;beauce_5_sa_068;orgeh;orgeH_tousSols_nonirr_organique;2.3;0.0;18.13;-47.75;4.5;52.55;15.68;0.02;0.0;0;2.25;0;-75.39;0.02;0.0;0.0;2.3
2020;1;184;beauce_5_sa_069;orgeh;orgeH_tousSols_nonirr_organique;2.72;0.0;45.23;0.0;64.92;44.77;22.3;0.06;0.0;0;43.98;0;-499.05;0.03;0.03;0.0;2.72
2020;185;281;beauce_5_sa_069;solnu;;0.89;0.0;46.76;-14.01;0.0;22.3;54.06;0.09;0.0;0;0;0;-456.61;0.07;0.02;0.0;0.89
2020;282;366;beauce_5_sa_069;orgeh;orgeH_tousSols_nonirr_organique;2.24;0.0;13.82;-41.08;5.67;54.29;18.89;0.0;0.0;0;2.83;0;-66.94;0.0;0.0;0.0;2.24
2020;1;195;beauce_5_sa_070;orgeh;orgeH_tousSols_nonirr_organique;3.47;0.0;48.98;0.0;82.59;61.72;24.56;0.08;0.0;0;44.34;0;-544.99;0.05;0.03;0.0;3.47
2020;196;300;beauce_5_sa_070;solnu;;1.44;0.0;45.4;-50.33;0.0;24.56;18.16;0.04;0.0;0;0;0;-394.37;0.02;0.01;0.0;1.44
2020;301;366;beauce_5_sa_070;orgeh;orgeH_tousSols_nonirr_organique;1.5;0.0;9.59;-9.5;0.0;18.16;16.75;0.0;0.0;0;0.0;0;-28.34;0.0;0.0;0.0;1.5
2020;1;200;beauce_5_sa_071;orgeh;orgeH_tousSols_nonirr_organique;3.25;0.0;51.38;0.0;75.51;55.77;28.32;0.07;0.0;0;43.78;0;-572.02;0.04;0.03;0.0;3.25
2020;201;292;beauce_5_sa_071;solnu;;1.25;0.0;41.88;-14.49;0.0;28.32;54.37;0.08;0.0;0;0;0;-404.27;0.06;0.02;0.0;1.25
2020;293;366;beauce_5_sa_071;orgeh;orgeH_tousSols_nonirr_organique;2.32;0.0;11.27;-38.68;1.75;54.59;22.88;0.01;0.0;0;0.88;0;-56.07;0.01;0.0;0.0;2.32
2020;1;222;beauce_5_sa_072;orgeh;orgeH_tousSols_nonirr_organique;2.63;0.0;65.03;0.0;55.18;35.74;42.83;0.11;0.01;0;43.58;0;-719.04;0.07;0.04;0.0;2.63
2020;223;271;beauce_5_sa_072;solnu;;0.29;0.0;26.51;-52.57;0.0;42.83;11.53;0.01;0.0;0;0;0;-194.3;0.01;0.0;0.0;0.29
2020;272;366;beauce_5_sa_072;orgeh;orgeH_tousSols_nonirr_organique;1.55;0.0;17.01;-5.22;7.79;11.56;13.98;0.01;0.0;0;3.89;0;-48.85;0.0;0.01;0.0;1.55
2020;1;176;beauce_5_sa_073;orgeh;orgeH_tousSols_nonirr_organique;3.5;0.0;39.57;0.0;77.79;62.34;20.57;0.07;0.0;0;41.63;0;-441.29;0.05;0.02;0.0;3.5
2020;177;302;beauce_5_sa_073;solnu;;1.64;0.0;55.31;-13.41;0.0;20.57;60.73;0.1;0.0;0;0;0;-538.01;0.08;0.03;0.0;1.64
2020;303;366;beauce_5_sa_073;orgeh;orgeH_tousSols_nonirr_organique;2.29;0.0;9.13;-42.09;0.0;60.99;25.48;0.0;0.0;0;0.0;0;-47.52;0.0;0.0;0.0;2.29
2020;1;208;beauce_5_sa_074;orgeh;orgeH_tousSols_nonirr_organique;3.59;0.0;53.25;0.0;85.26;64.02;28.34;0.08;0.0;0;44.52;0;-594.31;0.05;0.03;0.0;3.59
2020;209;311;beauce_5_sa_074;solnu;;1.49;0.0;42.86;-14.27;0.0;28.34;55.35;0.08;0.01;0;0;0;-411.04;0.06;0.02;0.0;1.49
2020;312;366;beauce_5_sa_074;orgeh;orgeH_tousSols_nonirr_organique;2.08;0.0;7.28;-37.5;0.0;55.49;23.04;0.0;0.0;0;0.0;0;-37.99;0.0;0.0;0.0;2.08
2020;1;201;beauce_5_sa_075;orgeh;orgeH_tousSols_nonirr_organique;2.64;0.0;52.77;0.0;64.02;43.42;29.46;0.06;0.0;0;44.2;0;-589.01;0.03;0.03;0.0;2.64
2020;202;279;beauce_5_sa_075;solnu;;0.89;0.0;39.1;-14.82;0.0;29.46;52.76;0.09;0.0;0;0;0;-376.26;0.07;0.02;0.0;0.89
2020;280;366;beauce_5_sa_075;orgeh;orgeH_tousSols_nonirr_organique;2.25;0.0;14.25;-41.95;4.16;52.94;18.65;0.0;0.0;0;2.08;0;-66.73;0.0;0.0;0.0;2.25
2020;1;220;beauce_5_sa_076;orgeh;orgeH_tousSols_nonirr_organique;3.19;0.0;59.89;0.0;74.94;54.83;36.52;0.08;0.0;0;43.96;0;-668.07;0.04;0.04;0.0;3.19
2020;221;291;beauce_5_sa_076;solnu;;1.02;0.0;33.29;-15.32;0.0;36.52;53.37;0.08;0.0;0;0;0;-322.49;0.07;0.01;0.0;1.02
2020;292;366;beauce_5_sa_076;orgeh;orgeH_tousSols_nonirr_organique;2.54;0.0;11.53;-36.75;2.9;53.43;22.69;0.02;0.0;0;1.45;0;-54.19;0.01;0.0;0.0;2.54
2020;1;223;beauce_5_sa_077;orgeh;orgeH_tousSols_nonirr_organique;3.38;0.0;61.36;0.0;79.04;59.07;37.92;0.09;0.0;0;43.89;0;-683.1;0.05;0.04;0.0;3.38
2020;224;295;beauce_5_sa_077;solnu;;1.6;0.0;32.46;-15.37;0.0;37.92;53.32;0.08;0.0;0;0;0;-314.77;0.07;0.01;0.0;1.6
2020;296;366;beauce_5_sa_077;orgeh;orgeH_tousSols_nonirr_organique;2.12;0.0;10.57;-38.25;0.0;53.5;23.51;0.0;0.0;0;0.0;0;-49.64;0.0;0.0;0.0;2.12
2020;1;183;beauce_5_sa_078;orgeh;orgeH_tousSols_nonirr_organique;2.07;0.0;45.3;0.0;55.7;35.89;23.37;0.05;0.0;0;43.75;0;-489.66;0.02;0.03;0.0;2.07
2020;184;271;beauce_5_sa_078;solnu;;0.42;0.0;45.5;-55.46;0.0;23.37;12.96;0.03;0.0;0;0;0;-379.54;0.02;0.01;0.0;0.42
2020;272;366;beauce_5_sa_078;orgeh;orgeH_tousSols_nonirr_organique;1.73;0.0;17.07;0.51;11.69;12.61;17.11;0.02;0.0;0;5.84;0;-54.15;0.01;0.01;0.0;1.73
2020;1;195;beauce_5_sa_079;orgeh;orgeH_tousSols_nonirr_organique;1.76;0.0;52.41;0.0;47.47;28.32;31.46;0.05;0.0;0;43.46;0;-582.26;0.02;0.03;0.0;1.76
2020;196;266;beauce_5_sa_079;solnu;;0.55;0.0;38.07;-14.98;0.0;31.46;53.91;0.09;0.0;0;0;0;-370.01;0.07;0.02;0.0;0.55
2020;267;366;beauce_5_sa_079;orgeh;orgeH_tousSols_nonirr_organique;2.17;0.0;18.74;-50.61;4.5;54.33;15.35;0.01;0.0;0;2.25;0;-79.62;0.01;0.0;0.0;2.17
2020;1;196;beauce_5_sa_080;orgeh;orgeH_tousSols_nonirr_organique;2.03;0.0;52.04;0.0;54.41;34.41;29.96;0.05;0.0;0;43.88;0;-577.68;0.02;0.03;0.0;2.03
2020;197;271;beauce_5_sa_080;solnu;;0.46;0.0;38.82;-14.88;0.0;29.96;53.36;0.08;0.0;0;0;0;-376.16;0.06;0.02;0.0;0.46
2020;272;366;beauce_5_sa_080;orgeh;orgeH_tousSols_nonirr_organique;2.53;0.0;16.94;-45.96;4.17;53.68;17.62;0.03;0.0;0;2.08;0;-77.72;0.03;0.0;0.0;2.53
2020;1;174;beauce_5_sa_081;orgeh;orgeH_tousSols_nonirr_organique;3.51;0.0;38.35;0.0;75.06;62.55;21.05;0.07;0.0;0;40.16;0;-423.57;0.05;0.02;0.0;3.51
2020;175;303;beauce_5_sa_081;solnu;;1.77;0.0;56.92;-51.97;0.0;21.05;24.43;0.08;0.0;0;0;0;-528.58;0.05;0.02;0.0;1.77
2020;304;366;beauce_5_sa_081;orgeh;orgeH_tousSols_nonirr_organique;2.02;0.0;8.93;-8.86;0.0;24.43;22.48;0.0;0.0;0;0.0;0;-31.79;0.0;0.0;0.0;2.02
2020;1;213;beauce_5_sa_082;orgeh;orgeH_tousSols_nonirr_organique;3.58;0.0;55.24;0.0;85.48;64.48;30.58;0.08;0.0;0;44.4;0;-614.21;0.05;0.03;0.0;3.58
2020;214;313;beauce_5_sa_082;solnu;;1.52;0.0;41.1;-14.45;0.0;30.58;55.62;0.09;0.01;0;0;0;-398.17;0.07;0.02;0.0;1.52
2020;314;366;beauce_5_sa_082;orgeh;orgeH_tousSols_nonirr_organique;2.1;0.0;7.06;-37.26;0.0;55.83;23.32;0.0;0.0;0;0.0;0;-35.86;0.0;0.0;0.0;2.1
2020;1;227;beauce_5_sa_083;orgeh;orgeH_tousSols_nonirr_organique;3.56;0.0;62.9;0.0;85.02;63.55;37.78;0.09;0.0;0;44.64;0;-696.19;0.05;0.04;0.0;3.56
2020;228;309;beauce_5_sa_083;solnu;;1.58;0.0;32.95;-15.25;0.0;37.78;53.81;0.08;0.0;0;0;0;-324.03;0.07;0.01;0.0;1.58
2020;310;366;beauce_5_sa_083;orgeh;orgeH_tousSols_nonirr_organique;2.11;0.0;7.83;-36.11;0.0;54.12;23.41;0.0;0.0;0;0.0;0;-38.32;0.0;0.0;0.0;2.11
2020;1;212;beauce_5_sa_084;orgeh;orgeH_tousSols_nonirr_organique;2.26;0.0;58.06;0.0;57.54;37.61;35.8;0.06;0.0;0;43.87;0;-644.8;0.02;0.03;0.0;2.26
2020;213;274;beauce_5_sa_084;solnu;;0.96;0.0;33.43;-15.38;0.0;35.8;52.79;0.1;0.01;0;0;0;-324.77;0.09;0.01;0.0;0.96
2020;275;366;beauce_5_sa_084;orgeh;orgeH_tousSols_nonirr_organique;2.26;0.0;15.82;-44.55;3.0;53.12;18.8;0.01;0.0;0;1.5;0;-71.83;0.0;0.0;0.0;2.26
2020;1;197;beauce_5_sa_085;orgeh;orgeH_tousSols_nonirr_organique;1.75;0.0;53.58;0.0;46.61;27.66;32.83;0.05;0.0;0;43.36;0;-596.51;0.02;0.03;0.0;1.75
2020;198;265;beauce_5_sa_085;solnu;;0.57;0.0;37.03;-57.35;0.0;32.83;11.91;0.03;0.0;0;0;0;-282.34;0.03;0.0;0.0;0.57
2020;266;366;beauce_5_sa_085;orgeh;orgeH_tousSols_nonirr_organique;1.64;0.0;19.23;3.44;15.85;12.05;17.06;0.02;0.0;0;7.93;0;-62.42;0.01;0.01;0.0;1.64
2020;1;176;beauce_5_sa_086;orgeh;orgeH_tousSols_nonirr_organique;1.65;0.0;41.69;0.0;37.26;18.15;20.88;0.04;0.0;0;43.47;0;-464.49;0.01;0.03;0.0;1.65
2020;177;258;beauce_5_sa_086;solnu;;0.37;0.0;45.81;-53.06;0.0;20.88;13.18;0.09;0.0;0;0;0;-436.04;0.07;0.02;0.0;0.37
2020;259;366;beauce_5_sa_086;orgeh;orgeH_tousSols_nonirr_organique;1.65;0.0;21.55;-9.43;7.61;13.06;16.0;0.01;0.0;0;3.81;0;-75.26;0.01;0.01;0.0;1.65
2020;1;186;beauce_5_sa_087;orgeh;orgeH_tousSols_nonirr_organique;3.53;0.0;45.02;0.0;84.6;63.02;19.84;0.07;0.0;0;44.7;0;-501.3;0.05;0.03;0.0;3.53
2020;187;306;beauce_5_sa_087;solnu;;1.49;0.0;50.49;-13.73;0.0;19.84;55.02;0.08;0.0;0;0;0;-489.53;0.06;0.02;0.0;1.49
2020;307;366;beauce_5_sa_087;orgeh;orgeH_tousSols_nonirr_organique;2.06;0.0;8.32;-38.36;0.0;55.24;22.92;0.0;0.0;0;0.0;0;-43.46;0.0;0.0;0.0;2.06
2020;1;171;beauce_5_sa_088;orgeh;orgeH_tousSols_nonirr_organique;1.99;0.0;37.4;0.0;53.47;34.03;15.93;0.04;0.0;0;43.62;0;-409.13;0.02;0.02;0.0;1.99
2020;172;270;beauce_5_sa_088;solnu;;0.41;0.0;52.43;-53.89;0.0;15.93;13.99;0.06;0.0;0;0;0;-471.83;0.04;0.02;0.0;0.41
2020;271;366;beauce_5_sa_088;orgeh;orgeH_tousSols_nonirr_organique;1.92;0.0;17.51;-6.91;6.03;14.0;16.64;0.01;0.0;0;3.02;0;-59.22;0.0;0.01;0.0;1.92
2020;1;228;beauce_5_sa_089;orgeh;orgeH_tousSols_nonirr_organique;3.07;0.0;64.88;0.0;71.9;51.56;41.37;0.09;0.0;0;44.08;0;-721.45;0.05;0.04;0.0;3.07
2020;229;289;beauce_5_sa_089;solnu;;1.08;0.0;28.34;-15.66;0.0;41.37;52.89;0.08;0.0;0;0;0;-278.18;0.07;0.01;0.0;1.08
2020;290;366;beauce_5_sa_089;orgeh;orgeH_tousSols_nonirr_organique;2.52;0.0;11.86;-38.46;1.47;53.09;22.29;0.01;0.0;0;0.74;0;-54.13;0.01;0.0;0.0;2.52
2020;1;173;beauce_5_sa_090;orgeh;orgeH_tousSols_nonirr_organique;2.58;0.0;38.25;0.0;62.2;42.32;15.74;0.05;0.0;0;43.84;0;-425.63;0.03;0.02;0.0;2.58
2020;174;278;beauce_5_sa_090;solnu;;0.86;0.0;53.06;-13.53;0.0;15.74;54.31;0.1;0.0;0;0;0;-515.6;0.07;0.03;0.0;0.86
2020;279;366;beauce_5_sa_090;orgeh;orgeH_tousSols_nonirr_organique;2.23;0.0;14.62;-42.56;5.66;54.69;18.47;0.0;0.0;0;2.83;0;-71.43;0.0;0.0;0.0;2.23
2020;1;231;beauce_5_sa_091;orgeh;orgeH_tousSols_nonirr_organique;2.96;0.0;66.77;0.0;69.41;48.89;43.2;0.1;0.0;0;44.17;0;-744.97;0.06;0.04;0.0;2.96
2020;232;286;beauce_5_sa_091;solnu;;1.07;0.0;26.22;-15.74;0.0;43.2;52.53;0.08;0.0;0;0;0;-256.58;0.07;0.01;0.0;1.07
2020;287;366;beauce_5_sa_091;orgeh;orgeH_tousSols_nonirr_organique;2.48;0.0;12.41;-38.06;2.69;52.76;21.7;0.01;0.0;0;1.34;0;-54.52;0.01;0.0;0.0;2.48
2020;1;219;beauce_5_sa_092;orgeh;orgeH_tousSols_nonirr_organique;3.63;0.0;58.22;0.0;86.65;65.12;32.98;0.08;0.0;0;44.67;0;-648.29;0.05;0.03;0.0;3.63
2020;220;316;beauce_5_sa_092;solnu;;1.52;0.0;38.55;-14.69;0.0;32.98;55.23;0.09;0.0;0;0;0;-372.05;0.07;0.02;0.0;1.52
2020;317;366;beauce_5_sa_092;orgeh;orgeH_tousSols_nonirr_organique;2.09;0.0;6.57;-36.39;0.0;55.34;23.31;0.0;0.0;0;0.0;0;-33.64;0.0;0.0;0.0;2.09
2020;1;217;beauce_5_sa_093;orgeh;orgeH_tousSols_nonirr_organique;1.74;0.0;63.54;0.0;46.68;27.05;42.1;0.06;0.0;0;43.71;0;-704.43;0.02;0.04;0.0;1.74
2020;218;265;beauce_5_sa_093;solnu;;0.65;0.0;27.42;-15.75;0.0;42.1;53.0;0.1;0.01;0;0;0;-271.53;0.09;0.01;0.0;0.65
2020;266;366;beauce_5_sa_093;orgeh;orgeH_tousSols_nonirr_organique;2.29;0.0;19.04;-48.43;6.0;53.34;15.31;0.01;0.0;0;3.0;0;-77.92;0.01;0.0;0.0;2.29
2020;1;170;beauce_5_sa_094;orgeh;orgeH_tousSols_nonirr_organique;3.48;0.0;35.55;0.0;72.75;62.89;22.14;0.07;0.0;0;38.83;0;-393.94;0.05;0.02;0.0;3.48
2020;171;305;beauce_5_sa_094;solnu;;1.84;0.0;60.52;-12.92;0.0;22.14;67.79;0.12;0.0;0;0;0;-592.96;0.09;0.03;0.0;1.84
2020;306;366;beauce_5_sa_094;orgeh;orgeH_tousSols_nonirr_organique;2.52;0.0;8.53;-45.48;0.23;68.01;28.08;0.01;0.0;0;0.11;0;-45.07;0.01;0.0;0.0;2.52
2020;1;206;beauce_5_sa_095;orgeh;orgeH_tousSols_nonirr_organique;1.71;0.0;58.28;0.0;40.03;21.0;37.49;0.05;0.0;0;43.47;0;-646.65;0.01;0.03;0.0;1.71
2020;207;261;beauce_5_sa_095;solnu;;0.53;0.0;31.78;-54.1;0.0;37.49;14.55;0.09;0.0;0;0;0;-300.84;0.09;0.01;0.0;0.53
2020;262;366;beauce_5_sa_095;orgeh;orgeH_tousSols_nonirr_organique;1.94;0.0;20.59;-11.21;5.54;14.4;16.44;0.01;0.0;0;2.77;0;-63.56;0.0;0.01;0.0;1.94
2020;1;229;beauce_5_sa_096;orgeh;orgeH_tousSols_nonirr_organique;3.63;0.0;63.86;0.0;86.65;65.12;38.6;0.09;0.0;0;44.67;0;-709.08;0.06;0.04;0.0;3.63
2020;230;316;beauce_5_sa_096;solnu;;1.6;0.0;33.06;-24.35;0.0;38.6;45.62;0.09;0.0;0;0;0;-321.75;0.07;0.01;0.0;1.6
2020;317;366;beauce_5_sa_096;orgeh;orgeH_tousSols_nonirr_organique;2.13;0.0;6.57;-26.39;0.0;43.93;23.66;0.0;0.0;0;0.0;0;-28.96;0.0;0.0;0.0;2.13
2020;1;210;beauce_5_sa_097;orgeh;orgeH_tousSols_nonirr_organique;2.89;0.0;55.67;0.0;67.89;48.12;32.95;0.07;0.0;0;43.78;0;-620.61;0.03;0.03;0.0;2.89
2020;211;283;beauce_5_sa_097;solnu;;0.97;0.0;36.57;-51.48;0.0;32.95;17.02;0.06;0.0;0;0;0;-335.29;0.04;0.01;0.0;0.97
2020;284;366;beauce_5_sa_097;orgeh;orgeH_tousSols_nonirr_organique;1.81;0.0;13.37;-12.88;0.0;17.02;15.7;0.0;0.0;0;0.0;0;-40.4;0.0;0.0;0.0;1.81
2020;1;219;beauce_5_sa_098;orgeh;orgeH_tousSols_nonirr_organique;3.34;0.0;59.25;0.0;78.01;58.44;36.27;0.08;0.0;0;43.69;0;-659.64;0.04;0.04;0.0;3.34
2020;220;294;beauce_5_sa_098;solnu;;1.69;0.0;34.34;-46.44;0.0;36.27;22.4;0.07;0.0;0;0;0;-319.46;0.06;0.01;0.0;1.69
2020;295;366;beauce_5_sa_098;orgeh;orgeH_tousSols_nonirr_organique;1.86;0.0;10.86;-10.65;0.0;22.4;20.74;0.0;0.0;0;0.0;0;-37.02;0.0;0.0;0.0;1.86
2020;1;213;beauce_5_sa_099;orgeh;orgeH_tousSols_nonirr_organique;2.36;0.0;58.41;0.0;58.53;39.28;36.73;0.06;0.0;0;43.53;0;-648.83;0.03;0.04;0.0;2.36
2020;214;275;beauce_5_sa_099;solnu;;0.95;0.0;33.11;-15.41;0.0;36.73;53.38;0.1;0.0;0;0;0;-323.4;0.08;0.01;0.0;0.95
2020;276;366;beauce_5_sa_099;orgeh;orgeH_tousSols_nonirr_organique;2.3;0.0;15.52;-43.28;4.23;53.67;19.08;0.01;0.0;0;2.11;0;-69.3;0.01;0.0;0.0;2.3
2021;1;197;beauce_5_sa_000;orgeh;orgeH_tousSols_nonirr_organique;4.43;0.0;45.26;21.79;52.19;14.13;25.32;0.06;0.0;0;28.35;0;-255.94;0.02;0.04;0.0;4.43
2021;198;265;beauce_5_sa_000;solnu;;0.91;0.0;32.22;-7.86;0.0;25.32;48.63;0.05;0.08;0;0;0;-234.31;0.04;0.02;0.0;0.91
2021;266;365;beauce_5_sa_000;orgeh;orgeH_tousSols_nonirr_organique;3.76;0.0;17.5;-35.69;8.78;48.89;17.89;0.0;0.0;0;4.39;0;-70.23;0.0;0.0;0.0;3.76
2021;1;218;beauce_5_sa_001;orgeh;orgeH_tousSols_nonirr_organique;4.56;0.0;56.1;25.54;49.95;14.1;41.94;0.07;0.0;0;27.23;0;-339.61;0.02;0.05;0.0;4.56
2021;219;259;beauce_5_sa_001;solnu;;1.09;0.0;19.04;-11.54;0.0;41.94;48.2;0.05;0.1;0;0;0;-145.42;0.04;0.01;0.0;1.09
2021;260;365;beauce_5_sa_001;orgeh;orgeH_tousSols_nonirr_organique;4.83;0.0;20.14;-35.97;6.21;48.66;21.32;0.0;0.0;0;3.11;0;-78.12;0.0;0.0;0.0;4.83
2021;1;223;beauce_5_sa_002;orgeh;orgeH_tousSols_nonirr_organique;6.83;0.0;58.44;9.77;55.89;22.11;29.07;0.05;0.0;0;27.94;0;-315.36;0.01;0.04;0.0;6.83
2021;224;312;beauce_5_sa_002;solnu;;1.47;0.0;30.39;-33.09;0.0;29.07;24.78;0.05;0.07;0;0;0;-214.33;0.04;0.01;0.0;1.47
2021;313;365;beauce_5_sa_002;orgeh;orgeH_tousSols_nonirr_organique;3.33;0.0;6.15;-11.45;0.0;23.97;16.14;0.0;0.0;0;0.0;0;-15.38;0.0;0.0;0.0;3.33
2021;1;172;beauce_5_sa_003;orgeh;orgeH_tousSols_nonirr_organique;4.69;0.0;33.23;7.31;44.86;17.43;8.61;0.02;0.0;0;25.16;0;-153.59;0.0;0.02;0.0;4.69
2021;173;278;beauce_5_sa_003;solnu;;1.2;0.0;47.11;-2.5;0.0;8.61;51.95;0.06;0.07;0;0;0;-321.21;0.03;0.03;0.0;1.2
2021;279;365;beauce_5_sa_003;orgeh;orgeH_tousSols_nonirr_organique;3.37;0.0;13.82;-32.43;13.12;52.22;16.85;0.0;0.0;0;6.56;0;-61.37;0.0;0.0;0.0;3.37
2021;1;189;beauce_5_sa_004;orgeh;orgeH_tousSols_nonirr_organique;6.19;0.0;41.57;6.72;52.76;20.4;10.12;0.03;0.0;0;26.38;0;-199.64;0.0;0.03;0.0;6.19
2021;190;315;beauce_5_sa_004;solnu;;1.65;0.0;47.68;-37.3;0.0;10.12;18.86;0.05;0.05;0;0;0;-316.42;0.03;0.02;0.0;1.65
2021;316;365;beauce_5_sa_004;orgeh;orgeH_tousSols_nonirr_organique;2.52;0.0;5.56;-0.27;0.9;18.84;20.71;0.01;0.01;0;0.45;0;-14.34;0.01;0.0;0.0;2.52
2021;1;172;beauce_5_sa_005;orgeh;orgeH_tousSols_nonirr_organique;6.64;0.0;33.11;12.14;50.67;24.85;14.62;0.03;0.0;0;25.33;0;-173.01;0.0;0.03;0.0;6.64
2021;173;316;beauce_5_sa_005;solnu;;2.9;0.0;55.48;-31.74;0.0;14.62;35.3;0.08;0.07;0;0;0;-388.37;0.05;0.03;0.0;2.9
2021;317;365;beauce_5_sa_005;orgeh;orgeH_tousSols_nonirr_organique;4.27;0.0;5.33;-0.06;0.9;34.83;35.37;0.03;0.01;0;0.45;0;-18.06;0.02;0.0;0.0;4.27
2021;1;225;beauce_5_sa_006;orgeh;orgeH_tousSols_nonirr_organique;6.04;0.0;59.33;13.81;60.29;19.86;27.91;0.05;0.0;0;30.14;0;-334.7;0.01;0.04;0.0;6.04
2021;226;315;beauce_5_sa_006;solnu;;1.65;0.0;30.3;-40.44;0.0;27.91;16.03;0.03;0.06;0;0;0;-195.48;0.02;0.01;0.0;1.65
2021;316;365;beauce_5_sa_006;orgeh;orgeH_tousSols_nonirr_organique;2.47;0.0;5.55;-5.49;0.0;16.03;13.63;0.0;0.0;0;0.0;0;-12.1;0.0;0.0;0.0;2.47
2021;1;178;beauce_5_sa_007;orgeh;orgeH_tousSols_nonirr_organique;6.89;0.0;36.05;6.48;47.32;24.02;12.75;0.03;0.0;0;23.66;0;-170.86;0.0;0.03;0.0;6.89
2021;179;308;beauce_5_sa_007;solnu;;1.85;0.0;51.0;0.6;0.0;12.75;62.43;0.09;0.06;0;0;0;-356.82;0.05;0.03;0.0;1.85
2021;309;365;beauce_5_sa_007;orgeh;orgeH_tousSols_nonirr_organique;5.11;0.0;7.01;-30.19;2.5;62.76;31.6;0.04;0.01;0;1.25;0;-37.28;0.04;0.0;0.0;5.11
2021;1;220;beauce_5_sa_008;orgeh;orgeH_tousSols_nonirr_organique;6.64;0.0;56.9;8.71;53.94;21.53;27.98;0.05;0.0;0;26.97;0;-299.98;0.01;0.04;0.0;6.64
2021;221;305;beauce_5_sa_008;solnu;;1.23;0.0;30.28;-8.75;0.0;27.98;48.17;0.05;0.07;0;0;0;-216.35;0.03;0.01;0.0;1.23
2021;306;365;beauce_5_sa_008;orgeh;orgeH_tousSols_nonirr_organique;3.83;0.0;7.77;-33.48;0.11;48.34;18.5;0.02;0.0;0;0.05;0;-28.4;0.02;0.0;0.0;3.83
2021;1;199;beauce_5_sa_009;orgeh;orgeH_tousSols_nonirr_organique;6.57;0.0;46.1;5.44;54.91;21.47;12.95;0.03;0.0;0;27.46;0;-223.72;0.0;0.03;0.0;6.57
2021;200;308;beauce_5_sa_009;solnu;;1.31;0.0;41.75;-3.94;0.0;12.95;49.34;0.06;0.04;0;0;0;-288.21;0.04;0.02;0.0;1.31
2021;309;365;beauce_5_sa_009;orgeh;orgeH_tousSols_nonirr_organique;3.48;0.0;7.01;-33.56;0.55;49.68;18.75;0.02;0.0;0;0.27;0;-31.6;0.02;0.0;0.0;3.48
2021;1;188;beauce_5_sa_010;orgeh;orgeH_tousSols_nonirr_organique;6.65;0.0;41.11;6.79;53.09;21.77;10.52;0.03;0.0;0;26.54;0;-200.19;0.0;0.03;0.0;6.65
2021;189;295;beauce_5_sa_010;solnu;;1.16;0.0;43.8;-3.55;0.0;10.52;49.64;0.05;0.05;0;0;0;-302.67;0.03;0.03;0.0;1.16
2021;296;365;beauce_5_sa_010;orgeh;orgeH_tousSols_nonirr_organique;3.39;0.0;9.63;-33.33;4.78;50.21;17.75;0.02;0.0;0;2.39;0;-40.34;0.02;0.0;0.0;3.39
2021;1;221;beauce_5_sa_011;orgeh;orgeH_tousSols_nonirr_organique;2.79;0.0;58.48;20.29;50.62;12.2;37.91;0.09;0.01;0;29.87;0;-403.82;0.05;0.05;0.0;2.79
2021;222;263;beauce_5_sa_011;solnu;;0.86;0.0;19.41;-47.66;0.0;37.91;8.77;0.0;0.02;0;0;0;-111.38;0.0;0.0;0.0;0.86
2021;264;365;beauce_5_sa_011;orgeh;orgeH_tousSols_nonirr_organique;1.75;0.0;18.57;-0.75;12.05;8.86;12.77;0.02;0.0;0;6.02;0;-55.19;0.01;0.01;0.0;1.75
2021;1;197;beauce_5_sa_012;orgeh;orgeH_tousSols_nonirr_organique;6.55;0.0;45.1;6.22;54.62;21.43;12.99;0.03;0.0;0;27.31;0;-220.4;0.0;0.03;0.0;6.55
2021;198;303;beauce_5_sa_012;solnu;;1.16;0.0;41.64;-10.92;0.0;12.99;42.47;0.05;0.04;0;0;0;-289.72;0.03;0.02;0.0;1.16
2021;304;365;beauce_5_sa_012;orgeh;orgeH_tousSols_nonirr_organique;3.23;0.0;8.01;-27.7;2.42;41.07;17.1;0.02;0.0;0;1.21;0;-28.24;0.02;0.0;0.0;3.23
2021;1;229;beauce_5_sa_013;orgeh;orgeH_tousSols_nonirr_organique;5.08;0.0;61.16;19.71;58.61;17.9;36.03;0.06;0.0;0;31.36;0;-402.77;0.01;0.05;0.0;5.08
2021;230;280;beauce_5_sa_013;solnu;;0.85;0.0;21.43;-36.05;0.0;36.03;20.44;0.03;0.08;0;0;0;-131.36;0.03;0.0;0.0;0.85
2021;281;365;beauce_5_sa_013;orgeh;orgeH_tousSols_nonirr_organique;3.89;0.0;13.54;-8.15;2.97;20.45;18.97;0.0;0.0;0;1.48;0;-32.14;0.0;0.0;0.0;3.89
2021;1;205;beauce_5_sa_014;orgeh;orgeH_tousSols_nonirr_organique;3.99;0.0;49.21;25.36;57.12;14.62;28.74;0.06;0.0;0;29.76;0;-298.71;0.02;0.04;0.0;3.99
2021;206;266;beauce_5_sa_014;solnu;;0.86;0.0;28.72;-25.39;0.0;28.74;31.08;0.05;0.08;0;0;0;-219.72;0.04;0.01;0.0;0.86
2021;267;365;beauce_5_sa_014;orgeh;orgeH_tousSols_nonirr_organique;3.78;0.0;17.5;-19.36;5.22;29.31;20.22;0.01;0.0;0;2.61;0;-54.71;0.0;0.01;0.0;3.78
2021;1;225;beauce_5_sa_015;orgeh;orgeH_tousSols_nonirr_organique;6.8;0.0;59.19;11.28;54.97;22.13;32.29;0.05;0.0;0;27.48;0;-324.19;0.01;0.04;0.0;6.8
2021;226;295;beauce_5_sa_015;solnu;;1.21;0.0;26.1;-10.38;0.0;32.29;46.67;0.05;0.07;0;0;0;-189.1;0.04;0.01;0.0;1.21
2021;296;365;beauce_5_sa_015;orgeh;orgeH_tousSols_nonirr_organique;3.78;0.0;9.61;-34.44;0.94;47.2;17.12;0.01;0.0;0;0.47;0;-34.81;0.01;0.0;0.0;3.78
2021;1;198;beauce_5_sa_016;orgeh;orgeH_tousSols_nonirr_organique;4.81;0.0;45.79;17.98;58.78;15.78;17.03;0.04;0.0;0;29.39;0;-248.71;0.0;0.04;0.0;4.81
2021;199;284;beauce_5_sa_016;solnu;;0.84;0.0;37.13;-37.94;0.0;17.03;15.28;0.04;0.06;0;0;0;-262.88;0.03;0.02;0.0;0.84
2021;285;365;beauce_5_sa_016;orgeh;orgeH_tousSols_nonirr_organique;2.84;0.0;12.29;-5.37;3.86;15.29;15.5;0.0;0.0;0;1.93;0;-33.08;0.0;0.0;0.0;2.84
2021;1;197;beauce_5_sa_017;orgeh;orgeH_tousSols_nonirr_organique;6.54;0.0;45.12;8.51;54.31;21.31;15.51;0.03;0.0;0;27.26;0;-226.34;0.0;0.03;0.0;6.54
2021;198;292;beauce_5_sa_017;solnu;;1.08;0.0;39.23;-5.28;0.0;15.51;48.28;0.04;0.05;0;0;0;-274.07;0.02;0.02;0.0;1.08
2021;293;365;beauce_5_sa_017;orgeh;orgeH_tousSols_nonirr_organique;3.2;0.0;10.37;-33.41;5.65;48.6;16.38;0.02;0.0;0;2.83;0;-41.16;0.02;0.0;0.0;3.2
2021;1;222;beauce_5_sa_018;orgeh;orgeH_tousSols_nonirr_organique;3.36;0.0;58.11;25.0;54.12;11.73;37.97;0.07;0.0;0;27.28;0;-357.27;0.02;0.05;0.0;3.36
2021;223;268;beauce_5_sa_018;solnu;;0.73;0.0;20.38;-36.05;0.0;37.97;21.43;0.04;0.1;0;0;0;-152.49;0.04;0.0;0.0;0.73
2021;269;365;beauce_5_sa_018;orgeh;orgeH_tousSols_nonirr_organique;4.1;0.0;17.21;-11.21;3.3;21.43;20.03;0.0;0.0;0;1.65;0;-53.72;0.0;0.0;0.0;4.1
2021;1;184;beauce_5_sa_019;orgeh;orgeH_tousSols_nonirr_organique;6.63;0.0;39.28;6.06;51.13;21.75;10.78;0.03;0.0;0;25.56;0;-187.16;0.0;0.03;0.0;6.63
2021;185;295;beauce_5_sa_019;solnu;;1.16;0.0;45.46;-2.71;0.0;10.78;52.13;0.06;0.05;0;0;0;-312.88;0.03;0.03;0.0;1.16
2021;296;365;beauce_5_sa_019;orgeh;orgeH_tousSols_nonirr_organique;3.74;0.0;9.63;-31.8;6.38;52.7;19.81;0.02;0.0;0;3.19;0;-42.51;0.02;0.0;0.0;3.74
2021;1;193;beauce_5_sa_020;orgeh;orgeH_tousSols_nonirr_organique;5.06;0.0;43.67;13.72;61.44;16.73;8.02;0.03;0.0;0;30.72;0;-229.61;0.0;0.03;0.0;5.06
2021;194;309;beauce_5_sa_020;solnu;;1.02;0.0;44.54;-40.56;0.0;8.02;11.02;0.03;0.04;0;0;0;-288.27;0.01;0.02;0.0;1.02
2021;310;365;beauce_5_sa_020;orgeh;orgeH_tousSols_nonirr_organique;1.9;0.0;6.79;-6.28;0.0;11.02;9.63;0.0;0.0;0;0.0;0;-15.67;0.0;0.0;0.0;1.9
2021;1;179;beauce_5_sa_021;orgeh;orgeH_tousSols_nonirr_organique;4.8;0.0;37.04;16.28;57.13;17.73;8.9;0.03;0.0;0;29.16;0;-203.28;0.0;0.03;0.0;4.8
2021;180;293;beauce_5_sa_021;solnu;;1.16;0.0;48.27;-40.58;0.0;8.9;15.38;0.04;0.05;0;0;0;-315.95;0.02;0.02;0.0;1.16
2021;294;365;beauce_5_sa_021;orgeh;orgeH_tousSols_nonirr_organique;2.86;0.0;10.14;-2.61;4.21;15.39;15.84;0.01;0.0;0;2.1;0;-28.07;0.0;0.01;0.0;2.86
2021;1;230;beauce_5_sa_022;orgeh;orgeH_tousSols_nonirr_organique;4.94;0.0;61.63;22.52;60.11;17.09;36.98;0.06;0.0;0;30.05;0;-381.63;0.01;0.05;0.0;4.94
2021;231;282;beauce_5_sa_022;solnu;;0.83;0.0;21.32;-36.44;0.0;36.98;20.91;0.04;0.08;0;0;0;-141.22;0.04;0.0;0.0;0.83
2021;283;365;beauce_5_sa_022;orgeh;orgeH_tousSols_nonirr_organique;3.96;0.0;12.93;-10.6;0.36;20.91;18.92;0.0;0.0;0;0.18;0;-32.91;0.0;0.0;0.0;3.96
2021;1;223;beauce_5_sa_023;orgeh;orgeH_tousSols_nonirr_organique;6.77;0.0;58.38;11.57;54.4;22.01;32.25;0.05;0.0;0;27.2;0;-320.07;0.01;0.04;0.0;6.77
2021;224;294;beauce_5_sa_023;solnu;;1.22;0.0;26.62;-10.22;0.0;32.25;47.31;0.04;0.07;0;0;0;-193.84;0.03;0.01;0.0;1.22
2021;295;365;beauce_5_sa_023;orgeh;orgeH_tousSols_nonirr_organique;3.79;0.0;9.9;-34.17;1.97;47.67;17.28;0.01;0.0;0;0.98;0;-35.89;0.01;0.0;0.0;3.79
2021;1;220;beauce_5_sa_024;orgeh;orgeH_tousSols_nonirr_organique;4.4;0.0;58.28;21.33;52.17;17.9;41.57;0.11;0.01;0;31.09;0;-407.47;0.06;0.05;0.0;4.4
2021;221;258;beauce_5_sa_024;solnu;;1.31;0.0;17.97;-36.97;0.0;41.57;21.16;0.03;0.08;0;0;0;-119.0;0.03;0.0;0.0;1.31
2021;259;365;beauce_5_sa_024;orgeh;orgeH_tousSols_nonirr_organique;4.13;0.0;20.6;-10.1;7.38;21.16;20.14;0.01;0.0;0;3.69;0;-62.75;0.0;0.01;0.0;4.13
2021;1;180;beauce_5_sa_025;orgeh;orgeH_tousSols_nonirr_organique;3.16;0.0;37.61;19.89;50.16;11.58;16.34;0.04;0.01;0;29.72;0;-213.23;0.01;0.03;0.0;3.16
2021;181;257;beauce_5_sa_025;solnu;;0.95;0.0;36.4;-6.26;0.0;16.34;45.39;0.06;0.08;0;0;0;-260.73;0.04;0.02;0.0;0.95
2021;258;365;beauce_5_sa_025;orgeh;orgeH_tousSols_nonirr_organique;3.76;0.0;21.16;-35.86;8.72;46.13;18.2;0.01;0.0;0;4.36;0;-89.39;0.0;0.01;0.0;3.76
2021;1;208;beauce_5_sa_026;orgeh;orgeH_tousSols_nonirr_organique;4.53;0.0;50.75;21.01;62.12;15.11;21.06;0.05;0.0;0;31.06;0;-293.27;0.0;0.04;0.0;4.53
2021;209;289;beauce_5_sa_026;solnu;;0.78;0.0;33.6;-39.54;0.0;21.06;14.25;0.03;0.06;0;0;0;-232.15;0.02;0.01;0.0;0.78
2021;290;365;beauce_5_sa_026;orgeh;orgeH_tousSols_nonirr_organique;2.7;0.0;11.16;-9.05;0.25;14.25;13.41;0.0;0.0;0;0.13;0;-27.19;0.0;0.0;0.0;2.7
2021;1;222;beauce_5_sa_027;orgeh;orgeH_tousSols_nonirr_organique;5.57;0.0;58.14;16.53;56.14;18.3;32.38;0.05;0.0;0;28.07;0;-328.55;0.01;0.05;0.0;5.57
2021;223;288;beauce_5_sa_027;solnu;;0.94;0.0;25.71;-36.8;0.0;32.38;20.23;0.04;0.08;0;0;0;-188.89;0.03;0.01;0.0;0.94
2021;289;365;beauce_5_sa_027;orgeh;orgeH_tousSols_nonirr_organique;3.55;0.0;11.28;-11.16;0.0;19.56;16.8;0.0;0.0;0;0.0;0;-29.88;0.0;0.0;0.0;3.55
2021;1;204;beauce_5_sa_028;orgeh;orgeH_tousSols_nonirr_organique;6.67;0.0;48.28;5.29;54.14;21.82;16.03;0.03;0.0;0;27.07;0;-237.81;0.0;0.03;0.0;6.67
2021;205;316;beauce_5_sa_028;solnu;;1.71;0.0;41.14;-4.25;0.0;16.03;51.09;0.08;0.04;0;0;0;-286.44;0.06;0.02;0.0;1.71
2021;317;365;beauce_5_sa_028;orgeh;orgeH_tousSols_nonirr_organique;3.67;0.0;5.33;-30.94;0.0;50.85;21.78;0.02;0.0;0;0.0;0;-24.48;0.02;0.0;0.0;3.67
2021;1;190;beauce_5_sa_029;orgeh;orgeH_tousSols_nonirr_organique;5.36;0.0;42.16;13.01;51.67;17.55;16.76;0.04;0.0;0;27.95;0;-217.77;0.01;0.03;0.0;5.36
2021;191;274;beauce_5_sa_029;solnu;;0.92;0.0;37.63;-5.7;0.0;16.76;47.65;0.05;0.07;0;0;0;-267.63;0.03;0.02;0.0;0.92
2021;275;365;beauce_5_sa_029;orgeh;orgeH_tousSols_nonirr_organique;3.22;0.0;15.0;-35.52;8.89;47.99;15.02;0.0;0.0;0;4.44;0;-61.27;0.0;0.0;0.0;3.22
2021;1;186;beauce_5_sa_030;orgeh;orgeH_tousSols_nonirr_organique;4.33;0.0;40.37;20.09;60.73;14.95;11.02;0.04;0.0;0;30.37;0;-221.77;0.0;0.04;0.0;4.33
2021;187;278;beauce_5_sa_030;solnu;;0.73;0.0;40.7;-36.06;0.0;11.02;14.82;0.05;0.06;0;0;0;-288.47;0.03;0.02;0.0;0.73
2021;279;365;beauce_5_sa_030;orgeh;orgeH_tousSols_nonirr_organique;2.85;0.0;14.1;-6.1;4.21;14.81;15.76;0.01;0.0;0;2.1;0;-41.63;0.0;0.01;0.0;2.85
2021;1;205;beauce_5_sa_031;orgeh;orgeH_tousSols_nonirr_organique;6.49;0.0;48.95;7.55;55.66;21.31;17.06;0.03;0.0;0;27.83;0;-245.54;0.0;0.03;0.0;6.49
2021;206;306;beauce_5_sa_031;solnu;;1.16;0.0;38.22;-22.56;0.0;17.06;31.47;0.05;0.05;0;0;0;-270.07;0.03;0.02;0.0;1.16
2021;307;365;beauce_5_sa_031;orgeh;orgeH_tousSols_nonirr_organique;3.04;0.0;7.65;-18.6;1.4;30.05;16.08;0.01;0.0;0;0.7;0;-22.48;0.01;0.0;0.0;3.04
2021;1;202;beauce_5_sa_032;orgeh;orgeH_tousSols_nonirr_organique;4.42;0.0;47.61;21.2;59.43;16.32;22.05;0.05;0.0;0;31.72;0;-297.36;0.01;0.04;0.0;4.42
2021;203;274;beauce_5_sa_032;solnu;;0.82;0.0;32.91;-37.72;0.0;22.05;16.3;0.04;0.07;0;0;0;-227.5;0.03;0.01;0.0;0.82
2021;275;365;beauce_5_sa_032;orgeh;orgeH_tousSols_nonirr_organique;3.13;0.0;15.48;-9.58;3.01;16.3;16.06;0.0;0.0;0;1.51;0;-42.83;0.0;0.0;0.0;3.13
2021;1;194;beauce_5_sa_033;orgeh;orgeH_tousSols_nonirr_organique;5.09;0.0;44.14;16.04;59.23;16.69;13.53;0.04;0.0;0;29.61;0;-235.13;0.0;0.04;0.0;5.09
2021;195;287;beauce_5_sa_033;solnu;;0.81;0.0;39.23;-37.88;0.0;13.53;13.98;0.04;0.05;0;0;0;-273.97;0.02;0.02;0.0;0.81
2021;288;365;beauce_5_sa_033;orgeh;orgeH_tousSols_nonirr_organique;2.64;0.0;11.56;-5.39;3.29;13.99;14.22;0.0;0.0;0;1.64;0;-30.26;0.0;0.0;0.0;2.64
2021;1;190;beauce_5_sa_034;orgeh;orgeH_tousSols_nonirr_organique;4.21;0.0;42.28;20.6;60.6;14.56;13.27;0.04;0.0;0;30.3;0;-235.43;0.0;0.04;0.0;4.21
2021;191;278;beauce_5_sa_034;solnu;;0.73;0.0;39.09;-36.42;0.0;13.27;15.1;0.04;0.06;0;0;0;-273.29;0.03;0.02;0.0;0.73
2021;279;365;beauce_5_sa_034;orgeh;orgeH_tousSols_nonirr_organique;2.83;0.0;14.16;-8.19;3.29;15.07;14.96;0.0;0.0;0;1.64;0;-41.93;0.0;0.0;0.0;2.83
2021;1;205;beauce_5_sa_035;orgeh;orgeH_tousSols_nonirr_organique;4.12;0.0;49.36;23.48;55.92;15.6;29.07;0.07;0.01;0;29.97;0;-309.07;0.02;0.04;0.0;4.12
2021;206;265;beauce_5_sa_035;solnu;;0.9;0.0;28.78;-37.32;0.0;29.07;19.5;0.04;0.08;0;0;0;-203.71;0.04;0.01;0.0;0.9
2021;266;365;beauce_5_sa_035;orgeh;orgeH_tousSols_nonirr_organique;3.82;0.0;18.08;-8.18;5.45;19.5;20.13;0.01;0.0;0;2.72;0;-55.71;0.0;0.01;0.0;3.82
2021;1;205;beauce_5_sa_036;orgeh;orgeH_tousSols_nonirr_organique;6.62;0.0;48.96;7.55;55.92;21.69;17.08;0.03;0.0;0;27.96;0;-246.96;0.0;0.03;0.0;6.62
2021;206;313;beauce_5_sa_036;solnu;;1.39;0.0;39.9;-32.87;0.0;17.08;22.63;0.05;0.05;0;0;0;-278.28;0.03;0.02;0.0;1.39
2021;314;365;beauce_5_sa_036;orgeh;orgeH_tousSols_nonirr_organique;2.86;0.0;5.99;-8.54;1.09;21.55;16.13;0.0;0.0;0;0.54;0;-14.78;0.0;0.0;0.0;2.86
2021;1;227;beauce_5_sa_037;orgeh;orgeH_tousSols_nonirr_organique;4.89;0.0;60.58;20.86;54.3;17.76;40.86;0.07;0.0;0;30.17;0;-408.94;0.02;0.05;0.0;4.89
2021;228;269;beauce_5_sa_037;solnu;;0.98;0.0;18.48;-34.91;0.0;40.86;23.33;0.04;0.09;0;0;0;-118.23;0.04;0.0;0.0;0.98
2021;270;365;beauce_5_sa_037;orgeh;orgeH_tousSols_nonirr_organique;4.4;0.0;16.56;-10.3;3.68;23.34;21.5;0.0;0.0;0;1.84;0;-46.29;0.0;0.0;0.0;4.4
2021;1;224;beauce_5_sa_038;orgeh;orgeH_tousSols_nonirr_organique;5.8;0.0;58.71;16.58;50.65;18.93;38.93;0.06;0.0;0;26.69;0;-333.48;0.01;0.05;0.0;5.8
2021;225;275;beauce_5_sa_038;solnu;;0.99;0.0;21.34;-11.5;0.0;38.93;47.64;0.04;0.09;0;0;0;-160.17;0.04;0.01;0.0;0.99
2021;276;365;beauce_5_sa_038;orgeh;orgeH_tousSols_nonirr_organique;4.18;0.0;14.72;-33.72;6.0;48.08;18.46;0.0;0.0;0;3.0;0;-55.64;0.0;0.0;0.0;4.18
2021;1;223;beauce_5_sa_039;orgeh;orgeH_tousSols_nonirr_organique;5.25;0.0;59.18;21.72;53.76;19.06;41.84;0.09;0.01;0;29.73;0;-396.62;0.04;0.05;0.0;5.25
2021;224;263;beauce_5_sa_039;solnu;;1.14;0.0;18.51;-34.59;0.0;41.84;24.49;0.04;0.1;0;0;0;-129.37;0.04;0.0;0.0;1.14
2021;264;365;beauce_5_sa_039;orgeh;orgeH_tousSols_nonirr_organique;4.75;0.0;18.9;-12.16;4.07;24.49;22.41;0.0;0.0;0;2.04;0;-58.29;0.0;0.0;0.0;4.75
2021;1;205;beauce_5_sa_040;orgeh;orgeH_tousSols_nonirr_organique;6.54;0.0;48.93;6.84;53.94;21.39;18.1;0.03;0.0;0;26.97;0;-243.07;0.0;0.03;0.0;6.54
2021;206;303;beauce_5_sa_040;solnu;;1.18;0.0;37.84;-5.87;0.0;18.1;48.8;0.05;0.05;0;0;0;-267.0;0.03;0.02;0.0;1.18
2021;304;365;beauce_5_sa_040;orgeh;orgeH_tousSols_nonirr_organique;3.45;0.0;8.0;-33.48;1.46;48.97;18.38;0.02;0.0;0;0.73;0;-30.9;0.02;0.0;0.0;3.45
2021;1;224;beauce_5_sa_041;orgeh;orgeH_tousSols_nonirr_organique;6.75;0.0;58.78;11.18;52.31;21.94;34.28;0.05;0.0;0;26.9;0;-322.22;0.01;0.04;0.0;6.75
2021;225;291;beauce_5_sa_041;solnu;;1.11;0.0;25.34;-10.66;0.0;34.28;47.73;0.04;0.08;0;0;0;-186.14;0.03;0.01;0.0;1.11
2021;292;365;beauce_5_sa_041;orgeh;orgeH_tousSols_nonirr_organique;3.92;0.0;10.7;-33.58;3.66;48.16;17.26;0.01;0.0;0;1.83;0;-38.84;0.01;0.0;0.0;3.92
2021;1;193;beauce_5_sa_042;orgeh;orgeH_tousSols_nonirr_organique;6.52;0.0;43.58;8.08;54.66;21.35;13.25;0.03;0.0;0;27.44;0;-217.04;0.0;0.03;0.0;6.52
2021;194;292;beauce_5_sa_042;solnu;;1.04;0.0;40.6;-4.75;0.0;13.25;47.96;0.04;0.05;0;0;0;-282.02;0.02;0.02;0.0;1.04
2021;293;365;beauce_5_sa_042;orgeh;orgeH_tousSols_nonirr_organique;3.11;0.0;10.37;-33.63;5.6;48.28;15.98;0.02;0.0;0;2.8;0;-41.5;0.02;0.0;0.0;3.11
2021;1;207;beauce_5_sa_043;orgeh;orgeH_tousSols_nonirr_organique;4.85;0.0;50.2;17.59;63.56;15.98;16.35;0.04;0.0;0;31.78;0;-282.3;0.0;0.04;0.0;4.85
2021;208;301;beauce_5_sa_043;solnu;;0.94;0.0;37.22;-40.6;0.0;16.35;11.96;0.03;0.04;0;0;0;-240.63;0.02;0.01;0.0;0.94
2021;302;365;beauce_5_sa_043;orgeh;orgeH_tousSols_nonirr_organique;2.19;0.0;8.31;-7.22;0.0;11.96;10.87;0.0;0.0;0;0.0;0;-17.85;0.0;0.0;0.0;2.19
2021;1;178;beauce_5_sa_044;orgeh;orgeH_tousSols_nonirr_organique;3.24;0.0;36.65;19.1;54.08;14.8;13.75;0.05;0.01;0;30.12;0;-218.84;0.01;0.03;0.0;3.24
2021;179;261;beauce_5_sa_044;solnu;;0.88;0.0;39.48;-34.13;0.0;13.75;18.09;0.06;0.07;0;0;0;-281.55;0.04;0.02;0.0;0.88
2021;262;365;beauce_5_sa_044;orgeh;orgeH_tousSols_nonirr_organique;3.58;0.0;19.8;-6.39;7.81;18.09;20.09;0.01;0.0;0;3.91;0;-69.84;0.0;0.01;0.0;3.58
2021;1;213;beauce_5_sa_045;orgeh;orgeH_tousSols_nonirr_organique;4.73;0.0;53.87;21.03;62.7;16.43;24.88;0.05;0.0;0;31.35;0;-324.5;0.0;0.04;0.0;4.73
2021;214;289;beauce_5_sa_045;solnu;;0.83;0.0;30.96;-39.73;0.0;24.88;15.19;0.03;0.06;0;0;0;-202.44;0.03;0.01;0.0;0.83
2021;290;365;beauce_5_sa_045;orgeh;orgeH_tousSols_nonirr_organique;2.89;0.0;11.17;-7.87;0.97;15.19;14.62;0.0;0.0;0;0.48;0;-24.83;0.0;0.0;0.0;2.89
2021;1;187;beauce_5_sa_046;orgeh;orgeH_tousSols_nonirr_organique;3.7;0.0;41.04;21.74;51.83;12.34;20.27;0.06;0.0;0;29.41;0;-232.92;0.02;0.04;0.0;3.7
2021;188;260;beauce_5_sa_046;solnu;;0.87;0.0;34.43;-6.86;0.0;20.27;46.83;0.06;0.08;0;0;0;-251.53;0.04;0.02;0.0;0.87
2021;261;365;beauce_5_sa_046;orgeh;orgeH_tousSols_nonirr_organique;3.82;0.0;19.71;-36.17;8.85;47.44;17.7;0.0;0.0;0;4.42;0;-79.94;0.0;0.0;0.0;3.82
2021;1;217;beauce_5_sa_047;orgeh;orgeH_tousSols_nonirr_organique;4.39;0.0;56.12;26.54;55.9;15.99;39.09;0.07;0.01;0;29.53;0;-358.86;0.02;0.05;0.0;4.39
2021;218;263;beauce_5_sa_047;solnu;;0.99;0.0;20.99;-36.21;0.0;39.09;22.74;0.05;0.09;0;0;0;-158.62;0.04;0.0;0.0;0.99
2021;264;365;beauce_5_sa_047;orgeh;orgeH_tousSols_nonirr_organique;4.41;0.0;18.85;-11.67;4.0;22.74;21.51;0.0;0.0;0;2.0;0;-57.71;0.0;0.0;0.0;4.41
2021;1;216;beauce_5_sa_048;orgeh;orgeH_tousSols_nonirr_organique;5.43;0.0;55.07;18.96;50.41;17.41;36.92;0.06;0.0;0;26.54;0;-315.47;0.01;0.04;0.0;5.43
2021;217;270;beauce_5_sa_048;solnu;;1.02;0.0;23.64;-10.88;0.0;36.92;48.53;0.05;0.09;0;0;0;-174.22;0.04;0.01;0.0;1.02
2021;271;365;beauce_5_sa_048;orgeh;orgeH_tousSols_nonirr_organique;4.09;0.0;16.04;-34.16;7.5;48.86;18.81;0.0;0.0;0;3.75;0;-63.02;0.0;0.0;0.0;4.09
2021;1;213;beauce_5_sa_049;orgeh;orgeH_tousSols_nonirr_organique;6.62;0.0;53.66;10.89;54.88;21.66;26.14;0.04;0.0;0;27.44;0;-286.27;0.0;0.04;0.0;6.62
2021;214;294;beauce_5_sa_049;solnu;;1.23;0.0;31.3;-8.61;0.0;26.14;47.5;0.05;0.06;0;0;0;-227.1;0.03;0.01;0.0;1.23
2021;295;365;beauce_5_sa_049;orgeh;orgeH_tousSols_nonirr_organique;3.45;0.0;9.91;-33.97;2.64;47.87;17.34;0.01;0.0;0;1.32;0;-36.58;0.01;0.0;0.0;3.45
2021;1;194;beauce_5_sa_050;orgeh;orgeH_tousSols_nonirr_organique;6.24;0.0;44.04;9.8;55.98;20.54;13.48;0.03;0.0;0;27.99;0;-222.05;0.0;0.03;0.0;6.24
2021;195;292;beauce_5_sa_050;solnu;;1.0;0.0;40.22;-14.06;0.0;13.48;38.56;0.04;0.05;0;0;0;-282.6;0.02;0.02;0.0;1.0
2021;293;365;beauce_5_sa_050;orgeh;orgeH_tousSols_nonirr_organique;2.92;0.0;10.38;-25.09;5.61;35.91;15.3;0.01;0.0;0;2.81;0;-35.45;0.01;0.0;0.0;2.92
2021;1;215;beauce_5_sa_051;orgeh;orgeH_tousSols_nonirr_organique;6.63;0.0;54.83;6.54;53.25;21.74;24.67;0.04;0.0;0;26.63;0;-280.61;0.0;0.04;0.0;6.63
2021;216;317;beauce_5_sa_051;solnu;;2.17;0.0;34.76;-6.88;0.0;24.67;50.25;0.08;0.06;0;0;0;-246.3;0.06;0.02;0.0;2.17
2021;318;365;beauce_5_sa_051;orgeh;orgeH_tousSols_nonirr_organique;3.46;0.0;5.23;-29.46;0.0;50.5;22.55;0.01;0.0;0;0.0;0;-22.58;0.01;0.0;0.0;3.46
2021;1;229;beauce_5_sa_052;orgeh;orgeH_tousSols_nonirr_organique;6.7;0.0;60.78;11.95;53.55;21.77;35.68;0.05;0.0;0;27.48;0;-334.96;0.01;0.04;0.0;6.7
2021;230;290;beauce_5_sa_052;solnu;;1.06;0.0;23.17;-11.26;0.0;35.68;46.42;0.04;0.08;0;0;0;-170.86;0.03;0.01;0.0;1.06
2021;291;365;beauce_5_sa_052;orgeh;orgeH_tousSols_nonirr_organique;3.98;0.0;10.82;-31.87;3.89;46.57;17.5;0.01;0.0;0;1.94;0;-39.97;0.01;0.0;0.0;3.98
2021;1;177;beauce_5_sa_053;orgeh;orgeH_tousSols_nonirr_organique;4.21;0.0;35.61;16.41;56.65;16.12;8.13;0.03;0.0;0;29.28;0;-194.74;0.0;0.03;0.0;4.21
2021;178;284;beauce_5_sa_053;solnu;;0.9;0.0;47.39;-38.83;0.0;8.13;15.68;0.04;0.06;0;0;0;-315.21;0.03;0.02;0.0;0.9
2021;285;365;beauce_5_sa_053;orgeh;orgeH_tousSols_nonirr_organique;3.01;0.0;12.4;-3.64;4.81;15.72;16.62;0.01;0.0;0;2.4;0;-37.74;0.0;0.01;0.0;3.01
2021;1;220;beauce_5_sa_054;orgeh;orgeH_tousSols_nonirr_organique;6.76;0.0;56.85;7.55;54.15;21.95;26.88;0.04;0.0;0;27.08;0;-297.73;0.01;0.04;0.0;6.76
2021;221;316;beauce_5_sa_054;solnu;;1.84;0.0;32.72;-7.68;0.0;26.88;49.95;0.07;0.06;0;0;0;-231.27;0.06;0.02;0.0;1.84
2021;317;365;beauce_5_sa_054;orgeh;orgeH_tousSols_nonirr_organique;3.87;0.0;5.32;-29.03;0.0;49.67;22.35;0.01;0.0;0;0.0;0;-23.08;0.01;0.0;0.0;3.87
2021;1;195;beauce_5_sa_055;orgeh;orgeH_tousSols_nonirr_organique;3.58;0.0;45.27;15.3;51.17;15.99;22.35;0.06;0.01;0;34.23;0;-315.79;0.03;0.04;0.0;3.58
2021;196;263;beauce_5_sa_055;solnu;;0.88;0.0;32.37;-47.31;0.0;22.35;6.51;0.01;0.0;0;0;0;-195.82;0.01;0.0;0.0;0.88
2021;264;365;beauce_5_sa_055;orgeh;orgeH_tousSols_nonirr_organique;1.31;0.0;18.64;3.46;16.0;6.28;11.28;0.02;0.01;0;8.0;0;-50.96;0.01;0.01;0.0;1.31
2021;1;181;beauce_5_sa_056;orgeh;orgeH_tousSols_nonirr_organique;6.44;0.0;37.53;6.12;48.74;22.37;11.45;0.03;0.0;0;24.37;0;-178.11;0.0;0.03;0.0;6.44
2021;182;297;beauce_5_sa_056;solnu;;1.47;0.0;47.63;-1.67;0.0;11.45;55.95;0.07;0.06;0;0;0;-329.44;0.04;0.03;0.0;1.47
2021;298;365;beauce_5_sa_056;orgeh;orgeH_tousSols_nonirr_organique;4.26;0.0;9.07;-31.1;5.68;56.18;23.93;0.03;0.01;0;2.84;0;-40.14;0.03;0.0;0.0;4.26
2021;1;207;beauce_5_sa_057;orgeh;orgeH_tousSols_nonirr_organique;6.5;0.0;50.04;8.83;57.37;21.29;17.7;0.04;0.0;0;28.68;0;-257.26;0.0;0.04;0.0;6.5
2021;208;311;beauce_5_sa_057;solnu;;1.34;0.0;38.43;-38.77;0.0;17.7;15.94;0.04;0.04;0;0;0;-264.52;0.02;0.02;0.0;1.34
2021;312;365;beauce_5_sa_057;orgeh;orgeH_tousSols_nonirr_organique;2.5;0.0;6.41;-4.04;1.44;15.54;14.37;0.0;0.0;0;0.72;0;-13.86;0.0;0.0;0.0;2.5
2021;1;221;beauce_5_sa_058;orgeh;orgeH_tousSols_nonirr_organique;4.82;0.0;58.01;25.56;52.7;16.51;43.37;0.09;0.01;0;28.01;0;-372.75;0.04;0.05;0.0;4.82
2021;222;259;beauce_5_sa_058;solnu;;1.21;0.0;17.82;-33.99;0.0;43.37;25.84;0.04;0.1;0;0;0;-135.03;0.04;0.0;0.0;1.21
2021;260;365;beauce_5_sa_058;orgeh;orgeH_tousSols_nonirr_organique;5.07;0.0;20.55;-13.65;4.28;25.93;23.39;0.0;0.0;0;2.14;0;-68.91;0.0;0.0;0.0;5.07
2021;1;187;beauce_5_sa_059;orgeh;orgeH_tousSols_nonirr_organique;5.84;0.0;40.82;11.45;57.27;19.36;9.72;0.03;0.0;0;28.64;0;-206.64;0.0;0.03;0.0;5.84
2021;188;294;beauce_5_sa_059;solnu;;1.03;0.0;43.97;-35.54;0.0;9.72;17.04;0.04;0.05;0;0;0;-304.82;0.02;0.02;0.0;1.03
2021;295;365;beauce_5_sa_059;orgeh;orgeH_tousSols_nonirr_organique;2.76;0.0;9.95;-2.78;5.29;16.49;16.15;0.01;0.0;0;2.65;0;-26.83;0.0;0.01;0.0;2.76
2021;1;221;beauce_5_sa_060;orgeh;orgeH_tousSols_nonirr_organique;4.94;0.0;57.29;22.84;49.62;15.26;41.83;0.07;0.0;0;27.06;0;-338.78;0.03;0.05;0.0;4.94
2021;222;264;beauce_5_sa_060;solnu;;1.01;0.0;19.67;-11.65;0.0;41.83;48.69;0.04;0.1;0;0;0;-150.67;0.04;0.01;0.0;1.01
2021;265;365;beauce_5_sa_060;orgeh;orgeH_tousSols_nonirr_organique;4.68;0.0;18.11;-34.64;6.25;49.28;21.22;0.0;0.0;0;3.13;0;-69.41;0.0;0.0;0.0;4.68
2021;1;206;beauce_5_sa_061;orgeh;orgeH_tousSols_nonirr_organique;5.78;0.0;49.55;11.16;58.01;19.09;17.24;0.04;0.0;0;29.0;0;-258.2;0.0;0.04;0.0;5.78
2021;207;306;beauce_5_sa_061;solnu;;1.05;0.0;37.76;-40.36;0.0;17.24;13.5;0.03;0.05;0;0;0;-257.41;0.02;0.02;0.0;1.05
2021;307;365;beauce_5_sa_061;orgeh;orgeH_tousSols_nonirr_organique;2.47;0.0;7.67;-4.38;1.06;13.54;13.26;0.0;0.0;0;0.53;0;-17.43;0.0;0.0;0.0;2.47
2021;1;181;beauce_5_sa_062;orgeh;orgeH_tousSols_nonirr_organique;5.73;0.0;37.61;10.88;52.85;20.18;10.47;0.03;0.0;0;26.42;0;-188.95;0.0;0.03;0.0;5.73
2021;182;298;beauce_5_sa_062;solnu;;1.34;0.0;47.96;-36.87;0.0;10.47;20.24;0.05;0.06;0;0;0;-324.93;0.03;0.02;0.0;1.34
2021;299;365;beauce_5_sa_062;orgeh;orgeH_tousSols_nonirr_organique;3.43;0.0;8.92;1.59;5.14;20.2;22.15;0.02;0.01;0;2.57;0;-26.68;0.01;0.01;0.0;3.43
2021;1;182;beauce_5_sa_063;orgeh;orgeH_tousSols_nonirr_organique;3.82;0.0;38.53;20.84;58.74;14.82;12.35;0.04;0.0;0;30.33;0;-217.74;0.0;0.04;0.0;3.82
2021;183;272;beauce_5_sa_063;solnu;;0.85;0.0;40.53;-33.72;0.0;12.35;18.19;0.05;0.07;0;0;0;-295.96;0.03;0.02;0.0;0.85
2021;273;365;beauce_5_sa_063;orgeh;orgeH_tousSols_nonirr_organique;3.2;0.0;15.94;-6.63;6.15;17.24;18.14;0.01;0.0;0;3.07;0;-49.5;0.0;0.01;0.0;3.2
2021;1;206;beauce_5_sa_064;orgeh;orgeH_tousSols_nonirr_organique;5.21;0.0;49.47;17.04;51.45;16.82;27.97;0.05;0.0;0;27.23;0;-270.59;0.01;0.04;0.0;5.21
2021;207;272;beauce_5_sa_064;solnu;;0.94;0.0;29.71;-9.12;0.0;27.97;47.49;0.05;0.08;0;0;0;-218.39;0.03;0.01;0.0;0.94
2021;273;365;beauce_5_sa_064;orgeh;orgeH_tousSols_nonirr_organique;3.55;0.0;15.56;-35.12;7.5;47.84;16.89;0.0;0.0;0;3.75;0;-60.03;0.0;0.0;0.0;3.55
2021;1;220;beauce_5_sa_065;orgeh;orgeH_tousSols_nonirr_organique;6.63;0.0;56.91;8.93;54.27;21.45;27.8;0.05;0.0;0;27.14;0;-300.67;0.01;0.04;0.0;6.63
2021;221;304;beauce_5_sa_065;solnu;;1.23;0.0;30.19;-12.84;0.0;27.8;43.81;0.05;0.07;0;0;0;-216.05;0.03;0.01;0.0;1.23
2021;305;365;beauce_5_sa_065;orgeh;orgeH_tousSols_nonirr_organique;3.63;0.0;7.87;-30.12;0.0;42.62;17.91;0.01;0.0;0;0.0;0;-25.58;0.01;0.0;0.0;3.63
2021;1;187;beauce_5_sa_066;orgeh;orgeH_tousSols_nonirr_organique;4.35;0.0;40.93;19.72;52.18;14.13;18.96;0.05;0.0;0;29.09;0;-225.27;0.01;0.04;0.0;4.35
2021;188;265;beauce_5_sa_066;solnu;;0.85;0.0;36.46;-6.43;0.0;18.96;48.01;0.06;0.07;0;0;0;-263.42;0.04;0.02;0.0;0.85
2021;266;365;beauce_5_sa_066;orgeh;orgeH_tousSols_nonirr_organique;3.56;0.0;17.5;-36.42;8.43;48.28;17.09;0.0;0.0;0;4.22;0;-71.57;0.0;0.0;0.0;3.56
2021;1;182;beauce_5_sa_067;orgeh;orgeH_tousSols_nonirr_organique;6.51;0.0;38.27;5.43;48.16;22.6;11.89;0.03;0.0;0;24.08;0;-179.35;0.0;0.03;0.0;6.51
2021;183;301;beauce_5_sa_067;solnu;;1.51;0.0;47.65;-1.19;0.0;11.89;56.83;0.07;0.06;0;0;0;-331.4;0.04;0.03;0.0;1.51
2021;302;365;beauce_5_sa_067;orgeh;orgeH_tousSols_nonirr_organique;4.4;0.0;8.28;-31.04;4.0;57.0;25.62;0.04;0.01;0;2.0;0;-37.77;0.04;0.0;0.0;4.4
2021;1;209;beauce_5_sa_068;orgeh;orgeH_tousSols_nonirr_organique;4.64;0.0;51.01;20.95;51.03;14.7;31.89;0.06;0.0;0;27.77;0;-291.27;0.02;0.04;0.0;4.64
2021;210;267;beauce_5_sa_068;solnu;;0.94;0.0;26.9;-10.17;0.0;31.89;47.55;0.05;0.08;0;0;0;-200.67;0.04;0.01;0.0;0.94
2021;268;365;beauce_5_sa_068;orgeh;orgeH_tousSols_nonirr_organique;3.84;0.0;16.98;-35.96;6.41;47.84;18.32;0.0;0.0;0;3.2;0;-64.1;0.0;0.0;0.0;3.84
2021;1;184;beauce_5_sa_069;orgeh;orgeH_tousSols_nonirr_organique;5.4;0.0;39.36;8.96;51.08;17.74;10.69;0.03;0.0;0;28.37;0;-193.63;0.0;0.03;0.0;5.4
2021;185;280;beauce_5_sa_069;solnu;;0.82;0.0;41.82;-4.48;0.0;10.69;46.77;0.05;0.06;0;0;0;-290.4;0.02;0.02;0.0;0.82
2021;281;365;beauce_5_sa_069;orgeh;orgeH_tousSols_nonirr_organique;2.83;0.0;13.25;-35.1;9.53;47.03;12.56;0.0;0.0;0;4.76;0;-55.38;0.0;0.0;0.0;2.83
2021;1;195;beauce_5_sa_070;orgeh;orgeH_tousSols_nonirr_organique;4.78;0.0;44.57;16.72;63.48;15.75;9.74;0.04;0.0;0;31.74;0;-243.74;0.0;0.04;0.0;4.78
2021;196;299;beauce_5_sa_070;solnu;;0.88;0.0;42.32;-39.75;0.0;9.74;11.36;0.03;0.04;0;0;0;-270.25;0.01;0.01;0.0;0.88
2021;300;365;beauce_5_sa_070;orgeh;orgeH_tousSols_nonirr_organique;2.08;0.0;8.7;-5.78;0.73;11.37;11.47;0.0;0.0;0;0.37;0;-19.21;0.0;0.0;0.0;2.08
2021;1;200;beauce_5_sa_071;orgeh;orgeH_tousSols_nonirr_organique;6.53;0.0;46.53;8.38;53.15;21.42;18.08;0.03;0.0;0;27.45;0;-236.83;0.0;0.03;0.0;6.53
2021;201;291;beauce_5_sa_071;solnu;;1.09;0.0;37.56;-6.25;0.0;18.08;48.2;0.04;0.06;0;0;0;-265.43;0.02;0.02;0.0;1.09
2021;292;365;beauce_5_sa_071;orgeh;orgeH_tousSols_nonirr_organique;3.19;0.0;10.72;-33.67;5.87;48.66;16.19;0.02;0.0;0;2.93;0;-40.54;0.01;0.0;0.0;3.19
2021;1;222;beauce_5_sa_072;orgeh;orgeH_tousSols_nonirr_organique;3.43;0.0;58.68;19.71;52.91;13.39;35.97;0.07;0.01;0;30.35;0;-398.09;0.03;0.05;0.0;3.43
2021;223;270;beauce_5_sa_072;solnu;;0.79;0.0;20.96;-41.74;0.0;35.97;14.32;0.02;0.06;0;0;0;-126.21;0.02;0.0;0.0;0.79
2021;271;365;beauce_5_sa_072;orgeh;orgeH_tousSols_nonirr_organique;2.73;0.0;16.15;-5.0;7.27;14.36;15.46;0.01;0.0;0;3.63;0;-43.9;0.0;0.01;0.0;2.73
2021;1;176;beauce_5_sa_073;orgeh;orgeH_tousSols_nonirr_organique;6.82;0.0;34.83;6.92;47.1;23.88;12.37;0.03;0.0;0;23.55;0;-167.23;0.0;0.03;0.0;6.82
2021;177;301;beauce_5_sa_073;solnu;;1.64;0.0;50.88;0.15;0.0;12.37;61.61;0.07;0.06;0;0;0;-355.73;0.04;0.03;0.0;1.64
2021;302;365;beauce_5_sa_073;orgeh;orgeH_tousSols_nonirr_organique;5.03;0.0;8.27;-30.28;4.0;61.78;30.51;0.05;0.01;0;2.0;0;-39.84;0.04;0.0;0.0;5.03
2021;1;208;beauce_5_sa_074;orgeh;orgeH_tousSols_nonirr_organique;6.6;0.0;50.51;6.47;54.55;21.58;18.83;0.04;0.0;0;27.28;0;-253.26;0.0;0.03;0.0;6.6
2021;209;310;beauce_5_sa_074;solnu;;1.33;0.0;37.64;-5.67;0.0;18.83;49.37;0.06;0.05;0;0;0;-264.89;0.04;0.02;0.0;1.33
2021;311;365;beauce_5_sa_074;orgeh;orgeH_tousSols_nonirr_organique;3.69;0.0;6.61;-33.03;0.0;49.64;19.23;0.02;0.0;0;0.0;0;-27.48;0.02;0.0;0.0;3.69
2021;1;201;beauce_5_sa_075;orgeh;orgeH_tousSols_nonirr_organique;5.34;0.0;46.99;12.08;50.61;17.51;21.73;0.04;0.0;0;27.39;0;-244.46;0.01;0.04;0.0;5.34
2021;202;278;beauce_5_sa_075;solnu;;0.91;0.0;33.94;-7.61;0.0;21.73;47.04;0.05;0.07;0;0;0;-241.54;0.03;0.02;0.0;0.91
2021;279;365;beauce_5_sa_075;orgeh;orgeH_tousSols_nonirr_organique;3.15;0.0;13.81;-33.99;9.76;47.31;13.95;0.0;0.0;0;4.88;0;-55.85;0.0;0.0;0.0;3.15
2021;1;220;beauce_5_sa_076;orgeh;orgeH_tousSols_nonirr_organique;6.55;0.0;56.87;10.62;52.53;21.24;31.06;0.05;0.0;0;27.72;0;-309.48;0.01;0.04;0.0;6.55
2021;221;290;beauce_5_sa_076;solnu;;1.11;0.0;27.2;-10.28;0.0;31.06;46.76;0.04;0.08;0;0;0;-197.25;0.02;0.01;0.0;1.11
2021;291;365;beauce_5_sa_076;orgeh;orgeH_tousSols_nonirr_organique;3.64;0.0;10.83;-33.63;4.29;46.91;16.01;0.01;0.0;0;2.15;0;-40.12;0.01;0.0;0.0;3.64
2021;1;223;beauce_5_sa_077;orgeh;orgeH_tousSols_nonirr_organique;6.77;0.0;58.38;11.57;54.4;22.01;32.25;0.05;0.0;0;27.2;0;-320.07;0.01;0.04;0.0;6.77
2021;224;294;beauce_5_sa_077;solnu;;1.22;0.0;26.62;-10.22;0.0;32.25;47.31;0.04;0.07;0;0;0;-193.84;0.03;0.01;0.0;1.22
2021;295;365;beauce_5_sa_077;orgeh;orgeH_tousSols_nonirr_organique;3.79;0.0;9.9;-34.17;1.97;47.67;17.28;0.01;0.0;0;0.98;0;-35.89;0.01;0.0;0.0;3.79
2021;1;183;beauce_5_sa_078;orgeh;orgeH_tousSols_nonirr_organique;3.73;0.0;39.34;15.03;54.72;16.43;12.98;0.04;0.01;0;33.2;0;-255.36;0.01;0.03;0.0;3.73
2021;184;270;beauce_5_sa_078;solnu;;0.83;0.0;39.61;-39.99;0.0;12.98;11.55;0.03;0.04;0;0;0;-257.92;0.02;0.01;0.0;0.83
2021;271;365;beauce_5_sa_078;orgeh;orgeH_tousSols_nonirr_organique;2.29;0.0;16.21;-0.73;10.13;11.61;14.6;0.01;0.0;0;5.06;0;-44.37;0.0;0.01;0.0;2.29
2021;1;195;beauce_5_sa_079;orgeh;orgeH_tousSols_nonirr_organique;4.44;0.0;44.56;21.81;53.21;14.58;24.02;0.06;0.0;0;28.85;0;-253.48;0.02;0.04;0.0;4.44
2021;196;265;beauce_5_sa_079;solnu;;0.88;0.0;32.77;-7.79;0.0;24.02;47.99;0.05;0.08;0;0;0;-238.6;0.04;0.02;0.0;0.88
2021;266;365;beauce_5_sa_079;orgeh;orgeH_tousSols_nonirr_organique;3.66;0.0;17.5;-36.7;7.87;48.26;17.27;0.0;0.0;0;3.93;0;-70.8;0.0;0.0;0.0;3.66
2021;1;196;beauce_5_sa_080;orgeh;orgeH_tousSols_nonirr_organique;5.2;0.0;44.81;16.37;50.96;16.6;22.59;0.05;0.0;0;27.56;0;-241.33;0.01;0.04;0.0;5.2
2021;197;270;beauce_5_sa_080;solnu;;0.94;0.0;33.82;-7.56;0.0;22.59;47.79;0.05;0.07;0;0;0;-241.72;0.03;0.02;0.0;0.94
2021;271;365;beauce_5_sa_080;orgeh;orgeH_tousSols_nonirr_organique;3.47;0.0;16.06;-35.01;8.24;48.15;17.12;0.0;0.0;0;4.12;0;-64.57;0.0;0.0;0.0;3.47
2021;1;174;beauce_5_sa_081;orgeh;orgeH_tousSols_nonirr_organique;5.66;0.0;34.02;14.73;52.65;21.07;11.98;0.03;0.0;0;26.32;0;-179.48;0.0;0.03;0.0;5.66
2021;175;302;beauce_5_sa_081;solnu;;1.75;0.0;52.05;-36.56;0.0;11.98;25.71;0.06;0.07;0;0;0;-357.59;0.03;0.03;0.0;1.75
2021;303;365;beauce_5_sa_081;orgeh;orgeH_tousSols_nonirr_organique;4.22;0.0;8.17;3.22;3.81;25.8;29.03;0.03;0.01;0;1.9;0;-26.58;0.02;0.01;0.0;4.22
2021;1;213;beauce_5_sa_082;orgeh;orgeH_tousSols_nonirr_organique;6.67;0.0;53.61;7.22;54.32;21.84;23.11;0.04;0.0;0;27.16;0;-275.6;0.0;0.04;0.0;6.67
2021;214;312;beauce_5_sa_082;solnu;;1.39;0.0;35.07;-6.69;0.0;23.11;49.97;0.07;0.05;0;0;0;-247.95;0.05;0.02;0.0;1.39
2021;313;365;beauce_5_sa_082;orgeh;orgeH_tousSols_nonirr_organique;3.98;0.0;6.15;-31.54;0.0;50.2;20.58;0.02;0.0;0;0.0;0;-26.39;0.02;0.0;0.0;3.98
2021;1;227;beauce_5_sa_083;orgeh;orgeH_tousSols_nonirr_organique;6.76;0.0;59.99;8.89;53.76;21.92;31.73;0.05;0.0;0;26.88;0;-319.3;0.01;0.04;0.0;6.76
2021;228;308;beauce_5_sa_083;solnu;;1.38;0.0;27.85;-9.6;0.0;31.73;48.47;0.06;0.07;0;0;0;-197.15;0.05;0.01;0.0;1.38
2021;309;365;beauce_5_sa_083;orgeh;orgeH_tousSols_nonirr_organique;4.06;0.0;7.0;-31.29;0.0;48.79;20.1;0.02;0.0;0;0.0;0;-28.87;0.02;0.0;0.0;4.06
2021;1;212;beauce_5_sa_084;orgeh;orgeH_tousSols_nonirr_organique;5.43;0.0;53.0;16.73;50.78;17.68;32.27;0.05;0.0;0;26.89;0;-293.84;0.01;0.04;0.0;5.43
2021;213;273;beauce_5_sa_084;solnu;;0.99;0.0;26.52;-10.03;0.0;32.27;47.64;0.05;0.08;0;0;0;-196.92;0.04;0.01;0.0;0.99
2021;274;365;beauce_5_sa_084;orgeh;orgeH_tousSols_nonirr_organique;3.73;0.0;15.27;-34.51;7.5;47.96;17.16;0.0;0.0;0;3.75;0;-58.8;0.0;0.0;0.0;3.73
2021;1;197;beauce_5_sa_085;orgeh;orgeH_tousSols_nonirr_organique;3.69;0.0;45.94;16.13;51.99;16.43;23.37;0.06;0.01;0;33.92;0;-319.3;0.03;0.04;0.0;3.69
2021;198;264;beauce_5_sa_085;solnu;;0.9;0.0;31.97;-46.48;0.0;23.37;7.95;0.01;0.0;0;0;0;-200.75;0.01;0.0;0.0;0.9
2021;265;365;beauce_5_sa_085;orgeh;orgeH_tousSols_nonirr_organique;1.56;0.0;18.26;0.07;12.2;8.1;12.48;0.02;0.0;0;6.1;0;-48.01;0.01;0.01;0.0;1.56
2021;1;176;beauce_5_sa_086;orgeh;orgeH_tousSols_nonirr_organique;3.21;0.0;35.49;19.11;53.37;15.47;13.96;0.05;0.01;0;30.49;0;-215.61;0.02;0.03;0.0;3.21
2021;177;257;beauce_5_sa_086;solnu;;0.88;0.0;38.59;-31.32;0.0;13.96;19.46;0.06;0.07;0;0;0;-282.17;0.04;0.02;0.0;0.88
2021;258;365;beauce_5_sa_086;orgeh;orgeH_tousSols_nonirr_organique;3.63;0.0;21.48;-10.51;7.38;19.29;19.4;0.01;0.0;0;3.69;0;-80.27;0.0;0.01;0.0;3.63
2021;1;186;beauce_5_sa_087;orgeh;orgeH_tousSols_nonirr_organique;6.57;0.0;40.14;3.6;48.36;21.46;10.68;0.03;0.0;0;24.18;0;-184.87;0.0;0.03;0.0;6.57
2021;187;305;beauce_5_sa_087;solnu;;1.21;0.0;46.58;-1.78;0.0;10.68;54.36;0.06;0.05;0;0;0;-318.23;0.03;0.03;0.0;1.21
2021;306;365;beauce_5_sa_087;orgeh;orgeH_tousSols_nonirr_organique;4.13;0.0;7.78;-30.93;3.41;54.53;23.63;0.04;0.0;0;1.71;0;-34.72;0.04;0.0;0.0;4.13
2021;1;171;beauce_5_sa_088;orgeh;orgeH_tousSols_nonirr_organique;3.56;0.0;33.13;16.54;55.21;15.92;6.57;0.03;0.0;0;30.62;0;-195.05;0.0;0.03;0.0;3.56
2021;172;269;beauce_5_sa_088;solnu;;0.89;0.0;45.28;-35.12;0.0;6.57;15.77;0.05;0.06;0;0;0;-311.26;0.03;0.02;0.0;0.89
2021;270;365;beauce_5_sa_088;orgeh;orgeH_tousSols_nonirr_organique;3.13;0.0;17.16;-4.88;7.14;15.81;17.78;0.01;0.0;0;3.57;0;-54.91;0.0;0.01;0.0;3.13
2021;1;228;beauce_5_sa_089;orgeh;orgeH_tousSols_nonirr_organique;6.43;0.0;60.33;12.13;51.27;20.87;37.0;0.05;0.0;0;26.37;0;-331.09;0.01;0.04;0.0;6.43
2021;229;288;beauce_5_sa_089;solnu;;1.02;0.0;23.2;-11.08;0.0;37.0;47.97;0.04;0.08;0;0;0;-170.64;0.03;0.01;0.0;1.02
2021;289;365;beauce_5_sa_089;orgeh;orgeH_tousSols_nonirr_organique;4.07;0.0;11.25;-30.8;6.37;48.17;17.96;0.01;0.0;0;3.19;0;-42.74;0.01;0.0;0.0;4.07
2021;1;173;beauce_5_sa_090;orgeh;orgeH_tousSols_nonirr_organique;4.66;0.0;33.63;8.32;46.56;17.36;9.18;0.03;0.0;0;26.11;0;-159.21;0.0;0.03;0.0;4.66
2021;174;277;beauce_5_sa_090;solnu;;1.19;0.0;46.38;-2.51;0.0;9.18;51.72;0.06;0.07;0;0;0;-320.54;0.03;0.03;0.0;1.19
2021;278;365;beauce_5_sa_090;orgeh;orgeH_tousSols_nonirr_organique;3.4;0.0;14.16;-32.6;12.71;52.14;17.18;0.0;0.0;0;6.35;0;-60.74;0.0;0.0;0.0;3.4
2021;1;231;beauce_5_sa_091;orgeh;orgeH_tousSols_nonirr_organique;6.25;0.0;61.67;12.82;51.18;20.32;38.71;0.05;0.0;0;26.94;0;-342.37;0.01;0.05;0.0;6.25
2021;232;285;beauce_5_sa_091;solnu;;0.99;0.0;21.12;-11.69;0.0;38.71;47.02;0.04;0.09;0;0;0;-156.67;0.04;0.01;0.0;0.99
2021;286;365;beauce_5_sa_091;orgeh;orgeH_tousSols_nonirr_organique;4.22;0.0;11.95;-32.36;3.83;47.35;18.55;0.0;0.0;0;1.91;0;-43.72;0.0;0.0;0.0;4.22
2021;1;219;beauce_5_sa_092;orgeh;orgeH_tousSols_nonirr_organique;6.73;0.0;56.42;6.88;52.84;21.82;27.0;0.04;0.0;0;26.42;0;-292.27;0.01;0.04;0.0;6.73
2021;220;315;beauce_5_sa_092;solnu;;1.77;0.0;32.82;-7.5;0.0;27.0;50.17;0.07;0.06;0;0;0;-231.13;0.06;0.02;0.0;1.77
2021;316;365;beauce_5_sa_092;orgeh;orgeH_tousSols_nonirr_organique;3.85;0.0;5.53;-29.68;0.0;50.45;22.16;0.01;0.0;0;0.0;0;-23.78;0.01;0.0;0.0;3.85
2021;1;217;beauce_5_sa_093;orgeh;orgeH_tousSols_nonirr_organique;4.59;0.0;55.7;23.25;50.38;14.43;39.21;0.07;0.0;0;28.19;0;-331.65;0.02;0.05;0.0;4.59
2021;218;264;beauce_5_sa_093;solnu;;0.95;0.0;21.26;-11.51;0.0;39.21;47.87;0.05;0.1;0;0;0;-162.32;0.04;0.01;0.0;0.95
2021;265;365;beauce_5_sa_093;orgeh;orgeH_tousSols_nonirr_organique;4.36;0.0;18.08;-35.77;6.0;48.47;19.81;0.0;0.0;0;3.0;0;-68.42;0.0;0.0;0.0;4.36
2021;1;170;beauce_5_sa_094;orgeh;orgeH_tousSols_nonirr_organique;7.04;0.0;32.28;13.95;51.72;26.43;14.69;0.03;0.0;0;25.97;0;-170.51;0.0;0.03;0.0;7.04
2021;171;304;beauce_5_sa_094;solnu;;2.21;0.0;53.58;0.37;0.0;14.69;66.34;0.08;0.07;0;0;0;-390.71;0.05;0.03;0.0;2.21
2021;305;365;beauce_5_sa_094;orgeh;orgeH_tousSols_nonirr_organique;5.61;0.0;7.85;-33.09;3.51;66.47;31.92;0.04;0.01;0;1.75;0;-37.72;0.04;0.0;0.0;5.61
2021;1;206;beauce_5_sa_095;orgeh;orgeH_tousSols_nonirr_organique;3.93;0.0;50.08;24.45;55.0;15.77;31.96;0.08;0.01;0;30.27;0;-320.33;0.03;0.04;0.0;3.93
2021;207;260;beauce_5_sa_095;solnu;;1.04;0.0;26.11;-35.4;0.0;31.96;21.5;0.05;0.08;0;0;0;-195.34;0.04;0.01;0.0;1.04
2021;261;365;beauce_5_sa_095;orgeh;orgeH_tousSols_nonirr_organique;4.16;0.0;20.06;-11.94;4.76;21.29;20.71;0.01;0.0;0;2.38;0;-64.84;0.0;0.01;0.0;4.16
2021;1;229;beauce_5_sa_096;orgeh;orgeH_tousSols_nonirr_organique;6.83;0.0;60.79;8.36;53.32;22.16;32.61;0.05;0.0;0;26.66;0;-322.77;0.01;0.04;0.0;6.83
2021;230;315;beauce_5_sa_096;solnu;;1.88;0.0;28.48;-17.17;0.0;32.61;41.9;0.07;0.07;0;0;0;-203.73;0.06;0.01;0.0;1.88
2021;316;365;beauce_5_sa_096;orgeh;orgeH_tousSols_nonirr_organique;3.79;0.0;5.53;-22.24;0.0;39.9;21.4;0.01;0.0;0;0.0;0;-19.25;0.01;0.0;0.0;3.79
2021;1;210;beauce_5_sa_097;orgeh;orgeH_tousSols_nonirr_organique;4.42;0.0;51.81;22.57;61.47;14.88;24.14;0.05;0.0;0;30.74;0;-302.43;0.0;0.04;0.0;4.42
2021;211;282;beauce_5_sa_097;solnu;;0.8;0.0;30.77;-38.39;0.0;24.14;15.62;0.04;0.07;0;0;0;-220.3;0.03;0.01;0.0;0.8
2021;283;365;beauce_5_sa_097;orgeh;orgeH_tousSols_nonirr_organique;2.95;0.0;12.9;-10.65;0.36;15.62;14.54;0.0;0.0;0;0.18;0;-34.56;0.0;0.0;0.0;2.95
2021;1;219;beauce_5_sa_098;orgeh;orgeH_tousSols_nonirr_organique;5.94;0.0;56.61;15.52;57.63;19.49;29.26;0.05;0.0;0;28.81;0;-320.66;0.01;0.04;0.0;5.94
2021;220;293;beauce_5_sa_098;solnu;;1.04;0.0;28.41;-39.01;0.0;29.26;17.24;0.03;0.07;0;0;0;-199.09;0.02;0.01;0.0;1.04
2021;294;365;beauce_5_sa_098;orgeh;orgeH_tousSols_nonirr_organique;3.18;0.0;10.09;-9.45;0.0;17.22;14.7;0.0;0.0;0;0.0;0;-26.07;0.0;0.0;0.0;3.18
2021;1;213;beauce_5_sa_099;orgeh;orgeH_tousSols_nonirr_organique;5.5;0.0;53.58;16.51;51.82;17.94;31.8;0.05;0.0;0;28.03;0;-300.59;0.01;0.04;0.0;5.5
2021;214;274;beauce_5_sa_099;solnu;;0.98;0.0;26.2;-10.31;0.0;31.8;46.59;0.05;0.08;0;0;0;-194.7;0.03;0.01;0.0;0.98
2021;275;365;beauce_5_sa_099;orgeh;orgeH_tousSols_nonirr_organique;3.63;0.0;14.99;-34.4;7.5;46.91;16.04;0.0;0.0;0;3.75;0;-57.46;0.0;0.0;0.0;3.63
