annee;jourDebut;jourFin;parcelle;couvert;itk;N_lixivie[kgN/ha];N_volatilise_NH3[kgN/ha];N_mineralise_net_SOM[kgN/ha];N_mineralise_net_residus[kgN/ha];N_acquis_couvert[kgN/ha];N_mineral_debut[kgN/ha];N_mineral_fin[kgN/ha];emissions_N2O_directes[kgN/ha];emissions_N2[kgN/ha];N_fixe_legumineuses[kgN/ha];satisfactionAzote_culture[%];satisfactionAzote_ci[%];delta_Corg[kgC/ha];emissions_N2O_denit[kgN-N2O/ha];emissions_N2O_nit[kgN-N2O/ha];emissions_N2O_indirectes_volat[kgN-N2O/ha];emissions_N2O_indirectes_lixiv[kgN-N2O/ha]
2019;213;266;beauce_5_sa_000;solnu;;0.0;0.0;17.18;0.0;0.0;35.0;52.17;0.01;0.0;0;0;0;-190.48;0.0;0.01;0.0;0.0
2019;267;365;beauce_5_sa_000;BTH;;0.33;0.0;16.04;0.0;41.58;52.52;26.28;0.03;0.0;0;24.47;0;-180.59;0.02;0.01;0.0;0.33
2019;213;260;beauce_5_sa_001;solnu;;0.0;0.0;15.93;0.0;0.0;35.0;50.92;0.01;0.0;0;0;0;-177.11;0.0;0.01;0.0;0.0
2019;261;365;beauce_5_sa_001;BTH;;0.33;0.0;17.38;0.0;51.15;51.12;16.81;0.01;0.0;0;30.1;0;-194.94;0.0;0.01;0.0;0.33
2019;213;262;beauce_5_sa_002;solnu;;0.0;0.0;16.32;0.0;0.0;35.0;51.31;0.01;0.0;0;0;0;-180.69;0.0;0.01;0.0;0.0
2019;263;365;beauce_5_sa_002;BTH;;0.32;0.22;16.83;0.0;46.42;51.62;38.16;0.02;0.0;0;27.32;0;-189.66;0.01;0.01;0.22;0.32
2019;213;299;beauce_5_sa_003;solnu;;0.0;0.0;22.25;0.0;0.0;35.0;57.24;0.01;0.0;0;0;0;-247.77;0.0;0.01;0.0;0.0
2019;300;365;beauce_5_sa_003;BTH;;0.25;0.0;10.91;0.0;6.08;57.43;61.76;0.06;0.0;0;3.58;0;-122.61;0.05;0.01;0.0;0.25
2019;213;293;beauce_5_sa_004;solnu;;0.0;0.0;21.25;0.0;0.0;35.0;56.24;0.01;0.0;0;0;0;-235.98;0.0;0.01;0.0;0.0
2019;294;365;beauce_5_sa_004;BTH;;0.27;0.0;11.92;0.0;9.37;56.39;58.47;0.06;0.0;0;5.51;0;-134.57;0.05;0.01;0.0;0.27
2019;213;287;beauce_5_sa_005;solnu;;0.0;0.0;20.36;0.0;0.0;35.0;55.34;0.01;0.0;0;0;0;-227.11;0.0;0.01;0.0;0.0
2019;288;365;beauce_5_sa_005;BTH;;0.33;0.69;12.82;0.0;18.59;55.45;100.69;0.07;0.0;0;10.94;0;-143.46;0.06;0.01;0.69;0.33
2019;213;267;beauce_5_sa_006;solnu;;0.0;0.0;17.49;0.0;0.0;35.0;52.48;0.01;0.0;0;0;0;-192.1;0.0;0.01;0.0;0.0
2019;268;365;beauce_5_sa_006;BTH;;0.32;0.0;15.68;0.0;42.04;52.72;25.77;0.02;0.0;0;24.74;0;-178.47;0.02;0.01;0.0;0.32
2019;213;285;beauce_5_sa_007;solnu;;0.0;0.0;20.11;0.0;0.0;35.0;55.1;0.01;0.0;0;0;0;-224.25;0.0;0.01;0.0;0.0
2019;286;365;beauce_5_sa_007;BTH;;0.27;0.0;13.06;0.0;20.49;55.27;47.36;0.05;0.0;0;12.06;0;-146.32;0.04;0.01;0.0;0.27
2019;213;298;beauce_5_sa_008;solnu;;0.0;0.0;22.09;0.0;0.0;35.0;57.08;0.01;0.0;0;0;0;-245.72;0.0;0.01;0.0;0.0
2019;299;365;beauce_5_sa_008;BTH;;0.24;0.0;11.03;0.0;6.68;57.21;61.13;0.06;0.0;0;3.93;0;-124.29;0.05;0.01;0.0;0.24
2019;213;266;beauce_5_sa_009;solnu;;0.0;0.0;17.15;0.0;0.0;35.0;52.14;0.01;0.0;0;0;0;-190.07;0.0;0.01;0.0;0.0
2019;267;365;beauce_5_sa_009;BTH;;0.32;0.0;16.01;0.0;42.78;52.47;25.02;0.02;0.0;0;25.17;0;-180.27;0.01;0.01;0.0;0.32
2019;213;261;beauce_5_sa_010;solnu;;0.0;0.0;16.13;0.0;0.0;35.0;51.12;0.01;0.0;0;0;0;-178.38;0.0;0.01;0.0;0.0
2019;262;365;beauce_5_sa_010;BTH;;0.32;0.0;17.05;0.0;50.85;51.31;16.99;0.01;0.0;0;29.92;0;-192.18;0.0;0.01;0.0;0.32
2019;213;259;beauce_5_sa_011;solnu;;0.0;0.0;15.81;0.0;0.0;35.0;50.8;0.01;0.0;0;0;0;-175.7;0.0;0.01;0.0;0.0
2019;260;365;beauce_5_sa_011;BTH;;0.32;0.0;17.37;0.0;51.24;50.92;16.6;0.01;0.0;0;30.15;0;-194.91;0.0;0.01;0.0;0.32
2019;213;265;beauce_5_sa_012;solnu;;0.0;0.0;17.23;0.0;0.0;35.0;52.22;0.01;0.0;0;0;0;-190.46;0.0;0.01;0.0;0.0
2019;266;365;beauce_5_sa_012;BTH;;0.34;0.0;16.32;0.0;43.03;52.4;25.16;0.02;0.0;0;25.32;0;-184.33;0.01;0.01;0.0;0.34
2019;213;279;beauce_5_sa_013;solnu;;0.0;0.0;19.45;0.0;0.0;35.0;54.44;0.01;0.0;0;0;0;-216.78;0.0;0.01;0.0;0.0
2019;280;365;beauce_5_sa_013;BTH;;0.27;0.0;13.72;0.0;25.12;54.6;42.71;0.04;0.0;0;14.78;0;-153.65;0.04;0.01;0.0;0.27
2019;213;289;beauce_5_sa_014;solnu;;0.0;0.0;20.56;0.0;0.0;35.0;55.55;0.01;0.0;0;0;0;-229.21;0.0;0.01;0.0;0.0
2019;290;365;beauce_5_sa_014;BTH;;0.27;0.0;12.62;0.0;15.47;55.64;52.37;0.05;0.0;0;9.11;0;-141.4;0.05;0.01;0.0;0.27
2019;213;304;beauce_5_sa_015;solnu;;0.0;0.0;23.08;0.0;0.0;35.0;58.06;0.01;0.0;0;0;0;-256.56;0.0;0.01;0.0;0.0
2019;305;365;beauce_5_sa_015;BTH;;0.25;0.0;10.09;0.0;4.92;58.2;62.92;0.06;0.0;0;2.9;0;-113.89;0.05;0.01;0.0;0.25
2019;213;256;beauce_5_sa_016;solnu;;0.0;0.0;15.42;0.0;0.0;35.0;50.41;0.01;0.0;0;0;0;-171.43;0.0;0.01;0.0;0.0
2019;257;365;beauce_5_sa_016;BTH;;0.32;0.0;17.77;0.0;51.43;50.53;16.41;0.01;0.0;0;30.27;0;-199.25;0.0;0.01;0.0;0.32
2019;213;282;beauce_5_sa_017;solnu;;0.0;0.0;19.72;0.0;0.0;35.0;54.7;0.01;0.0;0;0;0;-219.97;0.0;0.01;0.0;0.0
2019;283;365;beauce_5_sa_017;BTH;;0.26;0.82;13.4;0.0;21.81;54.89;107.56;0.05;0.0;0;12.84;0;-149.85;0.04;0.01;0.82;0.26
2019;213;311;beauce_5_sa_018;solnu;;0.0;0.0;24.47;0.0;0.0;35.0;59.45;0.03;0.0;0;0;0;-271.09;0.01;0.01;0.0;0.0
2019;312;365;beauce_5_sa_018;BTH;;0.27;0.0;8.7;0.0;3.51;59.67;64.32;0.05;0.0;0;2.07;0;-99.46;0.04;0.01;0.0;0.27
2019;213;312;beauce_5_sa_019;solnu;;0.0;0.0;24.7;0.0;0.0;35.0;59.67;0.03;0.0;0;0;0;-274.08;0.01;0.01;0.0;0.0
2019;313;365;beauce_5_sa_019;BTH;;0.27;0.0;8.48;0.0;3.33;59.91;64.51;0.05;0.0;0;1.96;0;-96.47;0.04;0.01;0.0;0.27
2019;213;313;beauce_5_sa_020;solnu;;0.0;0.0;24.94;0.0;0.0;35.0;59.91;0.03;0.0;0;0;0;-276.6;0.01;0.01;0.0;0.0
2019;314;365;beauce_5_sa_020;BTH;;0.27;0.0;8.24;0.0;3.0;60.16;64.83;0.05;0.0;0;1.76;0;-93.95;0.04;0.0;0.0;0.27
2019;213;292;beauce_5_sa_021;solnu;;0.0;0.0;21.07;0.0;0.0;35.0;56.06;0.01;0.0;0;0;0;-233.33;0.0;0.01;0.0;0.0
2019;293;365;beauce_5_sa_021;BTH;;0.27;0.0;12.11;0.0;10.9;56.24;56.94;0.06;0.0;0;6.42;0;-137.22;0.05;0.01;0.0;0.27
2019;213;306;beauce_5_sa_022;solnu;;0.0;0.0;23.4;0.0;0.0;35.0;58.38;0.02;0.0;0;0;0;-260.05;0.0;0.01;0.0;0.0
2019;307;365;beauce_5_sa_022;BTH;;0.27;0.0;9.78;0.0;4.5;58.74;63.33;0.06;0.0;0;2.65;0;-110.5;0.05;0.01;0.0;0.27
2019;213;309;beauce_5_sa_023;solnu;;0.0;0.0;24.01;0.0;0.0;35.0;58.99;0.02;0.0;0;0;0;-267.64;0.01;0.01;0.0;0.0
2019;310;365;beauce_5_sa_023;BTH;;0.26;0.0;9.16;0.0;4.07;59.17;63.76;0.05;0.0;0;2.4;0;-102.83;0.05;0.01;0.0;0.26
2019;213;289;beauce_5_sa_024;solnu;;0.0;0.0;20.56;0.0;0.0;35.0;55.54;0.01;0.0;0;0;0;-229.18;0.0;0.01;0.0;0.0
2019;290;365;beauce_5_sa_024;BTH;;0.26;0.0;12.61;0.0;15.34;55.64;52.5;0.05;0.0;0;9.03;0;-141.29;0.05;0.01;0.0;0.26
2019;213;267;beauce_5_sa_025;solnu;;0.0;0.0;17.49;0.0;0.0;35.0;52.48;0.01;0.0;0;0;0;-192.1;0.0;0.01;0.0;0.0
2019;268;365;beauce_5_sa_025;BTH;;0.32;0.0;15.68;0.0;42.04;52.72;25.77;0.02;0.0;0;24.74;0;-178.47;0.02;0.01;0.0;0.32
2019;213;269;beauce_5_sa_026;solnu;;0.0;0.0;17.92;0.0;0.0;35.0;52.91;0.01;0.0;0;0;0;-198.59;0.0;0.01;0.0;0.0
2019;270;365;beauce_5_sa_026;BTH;;0.33;0.0;15.26;0.0;39.62;53.12;28.19;0.03;0.0;0;23.32;0;-172.02;0.02;0.01;0.0;0.33
2019;213;286;beauce_5_sa_027;solnu;;0.0;0.0;20.21;0.0;0.0;35.0;55.19;0.01;0.0;0;0;0;-224.5;0.0;0.01;0.0;0.0
2019;287;365;beauce_5_sa_027;BTH;;0.23;0.0;12.86;0.0;19.03;55.27;48.75;0.05;0.0;0;11.2;0;-144.85;0.04;0.01;0.0;0.23
2019;213;304;beauce_5_sa_028;solnu;;0.0;0.0;23.09;0.0;0.0;35.0;58.07;0.01;0.0;0;0;0;-256.64;0.0;0.01;0.0;0.0
2019;305;365;beauce_5_sa_028;BTH;;0.27;0.14;10.09;0.0;4.92;58.2;73.26;0.06;0.0;0;2.9;0;-113.9;0.06;0.01;0.14;0.27
2019;213;317;beauce_5_sa_029;solnu;;0.0;0.0;25.91;0.0;0.0;35.0;60.87;0.03;0.0;0;0;0;-286.19;0.02;0.02;0.0;0.0
2019;318;365;beauce_5_sa_029;BTH;;0.26;0.0;7.26;0.0;2.32;60.98;65.51;0.04;0.0;0;1.37;0;-84.28;0.04;0.0;0.0;0.26
2019;213;309;beauce_5_sa_030;solnu;;0.0;0.0;24.02;0.0;0.0;35.0;59.0;0.02;0.0;0;0;0;-267.71;0.01;0.01;0.0;0.0
2019;310;365;beauce_5_sa_030;BTH;;0.27;0.0;9.16;0.0;4.07;59.18;63.76;0.05;0.0;0;2.4;0;-102.83;0.05;0.01;0.0;0.27
2019;213;316;beauce_5_sa_031;solnu;;0.0;0.0;25.56;0.0;0.0;35.0;60.53;0.03;0.0;0;0;0;-284.58;0.02;0.02;0.0;0.0
2019;317;365;beauce_5_sa_031;BTH;;0.27;0.0;7.61;0.0;2.32;60.88;65.51;0.04;0.0;0;1.37;0;-85.96;0.04;0.0;0.0;0.27
2019;213;271;beauce_5_sa_032;solnu;;0.0;0.0;18.34;0.0;0.0;35.0;53.33;0.01;0.0;0;0;0;-203.05;0.0;0.01;0.0;0.0
2019;272;365;beauce_5_sa_032;BTH;;0.3;0.0;14.81;0.0;34.77;53.49;33.04;0.03;0.0;0;20.46;0;-167.25;0.03;0.01;0.0;0.3
2019;213;294;beauce_5_sa_033;solnu;;0.0;0.0;21.37;0.0;0.0;35.0;56.36;0.01;0.0;0;0;0;-237.65;0.0;0.01;0.0;0.0
2019;295;365;beauce_5_sa_033;BTH;;0.24;0.0;11.75;0.0;8.74;56.52;59.08;0.06;0.0;0;5.14;0;-132.31;0.05;0.01;0.0;0.24
2019;213;262;beauce_5_sa_034;solnu;;0.0;0.0;16.32;0.0;0.0;35.0;51.31;0.01;0.0;0;0;0;-180.61;0.0;0.01;0.0;0.0
2019;263;365;beauce_5_sa_034;BTH;;0.32;0.0;16.84;0.0;47.74;51.61;20.07;0.02;0.0;0;28.09;0;-189.74;0.01;0.01;0.0;0.32
2019;213;286;beauce_5_sa_035;solnu;;0.0;0.0;20.23;0.0;0.0;35.0;55.22;0.01;0.0;0;0;0;-224.75;0.0;0.01;0.0;0.0
2019;287;365;beauce_5_sa_035;BTH;;0.24;0.0;12.87;0.0;19.2;55.3;48.59;0.05;0.0;0;11.3;0;-145.0;0.04;0.01;0.0;0.24
2019;213;312;beauce_5_sa_036;solnu;;0.0;0.0;24.69;0.0;0.0;35.0;59.66;0.03;0.0;0;0;0;-274.01;0.01;0.01;0.0;0.0
2019;313;365;beauce_5_sa_036;BTH;;0.26;0.0;8.48;0.0;3.33;59.91;64.51;0.05;0.0;0;1.96;0;-96.47;0.04;0.01;0.0;0.26
2019;213;262;beauce_5_sa_037;solnu;;0.0;0.0;16.32;0.0;0.0;35.0;51.31;0.01;0.0;0;0;0;-180.61;0.0;0.01;0.0;0.0
2019;263;365;beauce_5_sa_037;BTH;;0.33;0.66;16.84;0.0;47.74;51.61;69.18;0.04;0.0;0;28.09;0;-189.74;0.03;0.01;0.66;0.33
2019;213;263;beauce_5_sa_038;solnu;;0.0;0.0;16.62;0.0;0.0;35.0;51.61;0.01;0.0;0;0;0;-182.73;0.0;0.01;0.0;0.0
2019;264;365;beauce_5_sa_038;BTH;;0.32;0.0;16.56;0.0;47.01;51.75;20.82;0.02;0.0;0;27.66;0;-187.91;0.01;0.01;0.0;0.32
2019;213;309;beauce_5_sa_039;solnu;;0.0;0.0;24.02;0.0;0.0;35.0;59.0;0.02;0.0;0;0;0;-267.71;0.01;0.01;0.0;0.0
2019;310;365;beauce_5_sa_039;BTH;;0.27;0.0;9.16;0.0;4.07;59.18;63.76;0.05;0.0;0;2.4;0;-102.83;0.05;0.01;0.0;0.27
2019;213;315;beauce_5_sa_040;solnu;;0.0;0.0;25.39;0.0;0.0;35.0;60.36;0.03;0.0;0;0;0;-281.97;0.02;0.02;0.0;0.0
2019;316;365;beauce_5_sa_040;BTH;;0.25;0.0;7.77;0.0;2.68;60.51;65.15;0.04;0.0;0;1.58;0;-88.39;0.04;0.0;0.0;0.25
2019;213;297;beauce_5_sa_041;solnu;;0.0;0.0;21.98;0.0;0.0;35.0;56.97;0.01;0.0;0;0;0;-243.58;0.0;0.01;0.0;0.0
2019;298;365;beauce_5_sa_041;BTH;;0.27;0.0;11.2;0.0;7.14;57.12;60.7;0.06;0.0;0;4.2;0;-126.97;0.05;0.01;0.0;0.27
2019;213;312;beauce_5_sa_042;solnu;;0.0;0.0;24.7;0.0;0.0;35.0;59.67;0.03;0.0;0;0;0;-274.08;0.01;0.01;0.0;0.0
2019;313;365;beauce_5_sa_042;BTH;;0.27;1.02;8.48;0.0;3.33;59.91;140.78;0.06;0.0;0;1.96;0;-96.47;0.05;0.01;1.02;0.27
2019;213;296;beauce_5_sa_043;solnu;;0.0;0.0;21.72;0.0;0.0;35.0;56.7;0.01;0.0;0;0;0;-241.21;0.0;0.01;0.0;0.0
2019;297;365;beauce_5_sa_043;BTH;;0.24;0.0;11.42;0.0;7.6;56.93;60.22;0.06;0.0;0;4.47;0;-128.88;0.05;0.01;0.0;0.24
2019;213;289;beauce_5_sa_044;solnu;;0.0;0.0;20.55;0.0;0.0;35.0;55.54;0.01;0.0;0;0;0;-229.15;0.0;0.01;0.0;0.0
2019;290;365;beauce_5_sa_044;BTH;;0.26;0.0;12.61;0.0;15.34;55.64;52.5;0.05;0.0;0;9.03;0;-141.25;0.05;0.01;0.0;0.26
2019;213;276;beauce_5_sa_045;solnu;;0.0;0.0;19.07;0.0;0.0;35.0;54.05;0.01;0.0;0;0;0;-212.66;0.0;0.01;0.0;0.0
2019;277;365;beauce_5_sa_045;BTH;;0.28;0.0;14.11;0.0;29.39;54.25;38.45;0.04;0.0;0;17.3;0;-157.95;0.03;0.01;0.0;0.28
2019;213;295;beauce_5_sa_046;solnu;;0.0;0.0;21.56;0.0;0.0;35.0;56.55;0.01;0.0;0;0;0;-239.69;0.0;0.01;0.0;0.0
2019;296;365;beauce_5_sa_046;BTH;;0.25;0.0;11.6;0.0;8.32;56.73;59.52;0.06;0.0;0;4.89;0;-130.72;0.05;0.01;0.0;0.25
2019;213;282;beauce_5_sa_047;solnu;;0.0;0.0;19.76;0.0;0.0;35.0;54.74;0.01;0.0;0;0;0;-220.42;0.0;0.01;0.0;0.0
2019;283;365;beauce_5_sa_047;BTH;;0.28;0.0;13.43;0.0;22.47;54.93;45.37;0.05;0.0;0;13.23;0;-150.21;0.04;0.01;0.0;0.28
2019;213;313;beauce_5_sa_048;solnu;;0.0;0.0;24.94;0.0;0.0;35.0;59.91;0.03;0.0;0;0;0;-276.6;0.01;0.01;0.0;0.0
2019;314;365;beauce_5_sa_048;BTH;;0.27;0.0;8.24;0.0;3.0;60.16;64.83;0.05;0.0;0;1.76;0;-93.95;0.04;0.0;0.0;0.27
2019;213;314;beauce_5_sa_049;solnu;;0.0;0.0;25.2;0.0;0.0;35.0;60.17;0.03;0.0;0;0;0;-279.38;0.02;0.02;0.0;0.0
2019;315;365;beauce_5_sa_049;BTH;;0.27;0.0;7.98;0.0;2.83;60.38;65.01;0.04;0.0;0;1.66;0;-91.22;0.04;0.0;0.0;0.27
2019;213;302;beauce_5_sa_050;solnu;;0.0;0.0;22.76;0.0;0.0;35.0;57.74;0.01;0.0;0;0;0;-253.38;0.0;0.01;0.0;0.0
2019;303;365;beauce_5_sa_050;BTH;;0.27;0.0;10.42;0.0;5.26;57.9;62.58;0.06;0.0;0;3.09;0;-117.16;0.05;0.01;0.0;0.27
2019;213;292;beauce_5_sa_051;solnu;;0.0;0.0;21.07;0.0;0.0;35.0;56.06;0.01;0.0;0;0;0;-233.33;0.0;0.01;0.0;0.0
2019;293;365;beauce_5_sa_051;BTH;;0.27;0.0;12.11;0.0;10.9;56.24;56.94;0.06;0.0;0;6.42;0;-137.22;0.05;0.01;0.0;0.27
2019;213;310;beauce_5_sa_052;solnu;;0.0;0.0;24.2;0.0;0.0;35.0;59.18;0.02;0.0;0;0;0;-269.02;0.01;0.01;0.0;0.0
2019;311;365;beauce_5_sa_052;BTH;;0.27;0.0;8.97;0.0;3.78;59.45;64.05;0.05;0.0;0;2.23;0;-101.53;0.05;0.01;0.0;0.27
2019;213;268;beauce_5_sa_053;solnu;;0.0;0.0;17.7;0.0;0.0;35.0;52.69;0.01;0.0;0;0;0;-195.61;0.0;0.01;0.0;0.0
2019;269;365;beauce_5_sa_053;BTH;;0.32;0.0;15.39;0.0;38.39;52.88;29.34;0.03;0.0;0;22.59;0;-173.98;0.02;0.01;0.0;0.32
2019;213;303;beauce_5_sa_054;solnu;;0.0;0.0;22.91;0.0;0.0;35.0;57.9;0.01;0.0;0;0;0;-254.89;0.0;0.01;0.0;0.0
2019;304;365;beauce_5_sa_054;BTH;;0.27;0.0;10.26;0.0;4.92;58.07;62.91;0.06;0.0;0;2.9;0;-115.66;0.05;0.01;0.0;0.27
2019;213;309;beauce_5_sa_055;solnu;;0.0;0.0;24.02;0.0;0.0;35.0;59.0;0.02;0.0;0;0;0;-267.71;0.01;0.01;0.0;0.0
2019;310;365;beauce_5_sa_055;BTH;;0.27;0.0;9.16;0.0;4.07;59.18;63.76;0.05;0.0;0;2.4;0;-102.83;0.05;0.01;0.0;0.27
2019;213;272;beauce_5_sa_056;solnu;;0.0;0.0;18.48;0.0;0.0;35.0;53.47;0.01;0.0;0;0;0;-205.24;0.0;0.01;0.0;0.0
2019;273;365;beauce_5_sa_056;BTH;;0.28;0.0;14.64;0.0;31.75;53.65;36.04;0.04;0.0;0;18.68;0;-164.75;0.03;0.01;0.0;0.28
2019;213;257;beauce_5_sa_057;solnu;;0.0;0.0;15.54;0.0;0.0;35.0;50.53;0.01;0.0;0;0;0;-172.66;0.0;0.01;0.0;0.0
2019;258;365;beauce_5_sa_057;BTH;;0.32;0.0;17.65;0.0;51.44;50.68;16.4;0.01;0.0;0;30.27;0;-198.06;0.0;0.01;0.0;0.32
2019;213;291;beauce_5_sa_058;solnu;;0.0;0.0;20.82;0.0;0.0;35.0;55.81;0.01;0.0;0;0;0;-231.26;0.0;0.01;0.0;0.0
2019;292;365;beauce_5_sa_058;BTH;;0.25;0.0;12.33;0.0;12.39;56.05;55.45;0.06;0.0;0;7.29;0;-139.05;0.05;0.01;0.0;0.25
2019;213;263;beauce_5_sa_059;solnu;;0.0;0.0;16.65;0.0;0.0;35.0;51.64;0.01;0.0;0;0;0;-183.05;0.0;0.01;0.0;0.0
2019;264;365;beauce_5_sa_059;BTH;;0.32;0.0;16.58;0.0;45.67;51.78;22.21;0.02;0.0;0;26.87;0;-188.19;0.01;0.01;0.0;0.32
2019;213;283;beauce_5_sa_060;solnu;;0.0;0.0;19.94;0.0;0.0;35.0;54.93;0.01;0.0;0;0;0;-221.26;0.0;0.01;0.0;0.0
2019;284;365;beauce_5_sa_060;BTH;;0.27;0.0;13.24;0.0;22.61;55.01;45.24;0.05;0.0;0;13.31;0;-149.32;0.04;0.01;0.0;0.27
2019;213;308;beauce_5_sa_061;solnu;;0.0;0.0;23.89;0.0;0.0;35.0;58.87;0.02;0.0;0;0;0;-265.93;0.01;0.01;0.0;0.0
2019;309;365;beauce_5_sa_061;BTH;;0.25;0.0;9.27;0.0;4.25;58.98;63.58;0.05;0.0;0;2.5;0;-104.46;0.05;0.01;0.0;0.25
2019;213;286;beauce_5_sa_062;solnu;;0.0;0.0;20.27;0.0;0.0;35.0;55.26;0.01;0.0;0;0;0;-225.24;0.0;0.01;0.0;0.0
2019;287;365;beauce_5_sa_062;BTH;;0.26;0.0;12.89;0.0;19.29;55.34;48.56;0.05;0.0;0;11.35;0;-145.17;0.04;0.01;0.0;0.26
2019;213;269;beauce_5_sa_063;solnu;;0.0;0.0;17.92;0.0;0.0;35.0;52.91;0.01;0.0;0;0;0;-198.59;0.0;0.01;0.0;0.0
2019;270;365;beauce_5_sa_063;BTH;;0.33;1.14;15.26;0.0;39.62;53.12;113.53;0.05;0.0;0;23.32;0;-172.02;0.04;0.01;1.14;0.33
2019;213;316;beauce_5_sa_064;solnu;;0.0;0.0;25.56;0.0;0.0;35.0;60.53;0.03;0.0;0;0;0;-284.58;0.02;0.02;0.0;0.0
2019;317;365;beauce_5_sa_064;BTH;;0.27;0.0;7.61;0.0;2.32;60.88;65.51;0.04;0.0;0;1.37;0;-85.96;0.04;0.0;0.0;0.27
2019;213;308;beauce_5_sa_065;solnu;;0.0;0.0;23.9;0.0;0.0;35.0;58.88;0.02;0.0;0;0;0;-266.1;0.01;0.01;0.0;0.0
2019;309;365;beauce_5_sa_065;BTH;;0.26;0.0;9.27;0.0;4.25;59.0;63.59;0.05;0.0;0;2.5;0;-104.46;0.05;0.01;0.0;0.26
2019;213;285;beauce_5_sa_066;solnu;;0.0;0.0;20.11;0.0;0.0;35.0;55.1;0.01;0.0;0;0;0;-224.25;0.0;0.01;0.0;0.0
2019;286;365;beauce_5_sa_066;BTH;;0.27;1.11;13.06;0.0;20.49;55.27;130.74;0.05;0.0;0;12.06;0;-146.32;0.05;0.01;1.11;0.27
2019;213;294;beauce_5_sa_067;solnu;;0.0;0.0;21.41;0.0;0.0;35.0;56.39;0.01;0.0;0;0;0;-238.03;0.0;0.01;0.0;0.0
2019;295;365;beauce_5_sa_067;BTH;;0.27;0.0;11.77;0.0;8.74;56.55;59.1;0.06;0.0;0;5.14;0;-132.52;0.05;0.01;0.0;0.27
2019;213;299;beauce_5_sa_068;solnu;;0.0;0.0;22.26;0.0;0.0;35.0;57.25;0.01;0.0;0;0;0;-247.88;0.0;0.01;0.0;0.0
2019;300;365;beauce_5_sa_068;BTH;;0.26;0.0;10.91;0.0;6.08;57.44;61.76;0.06;0.0;0;3.58;0;-122.65;0.05;0.01;0.0;0.26
2019;213;303;beauce_5_sa_069;solnu;;0.0;0.0;22.89;0.0;0.0;35.0;57.87;0.01;0.0;0;0;0;-254.6;0.0;0.01;0.0;0.0
2019;304;365;beauce_5_sa_069;BTH;;0.24;0.0;10.26;0.0;4.92;58.04;62.91;0.06;0.0;0;2.9;0;-115.63;0.05;0.01;0.0;0.24
2019;213;259;beauce_5_sa_070;solnu;;0.0;0.0;15.81;0.0;0.0;35.0;50.8;0.01;0.0;0;0;0;-175.7;0.0;0.01;0.0;0.0
2019;260;365;beauce_5_sa_070;BTH;;0.32;0.0;17.37;0.0;51.24;50.92;16.6;0.01;0.0;0;30.15;0;-194.91;0.0;0.01;0.0;0.32
2019;213;279;beauce_5_sa_071;solnu;;0.0;0.0;19.45;0.0;0.0;35.0;54.44;0.01;0.0;0;0;0;-216.8;0.0;0.01;0.0;0.0
2019;280;365;beauce_5_sa_071;BTH;;0.27;0.0;13.71;0.0;24.82;54.6;43.01;0.05;0.0;0;14.61;0;-153.57;0.04;0.01;0.0;0.27
2019;213;286;beauce_5_sa_072;solnu;;0.0;0.0;20.28;0.0;0.0;35.0;55.27;0.01;0.0;0;0;0;-225.27;0.0;0.01;0.0;0.0
2019;287;365;beauce_5_sa_072;BTH;;0.3;0.36;12.9;0.0;19.5;55.34;75.05;0.06;0.0;0;11.47;0;-145.31;0.05;0.01;0.36;0.3
2019;213;261;beauce_5_sa_073;solnu;;0.0;0.0;16.13;0.0;0.0;35.0;51.12;0.01;0.0;0;0;0;-178.38;0.0;0.01;0.0;0.0
2019;262;365;beauce_5_sa_073;BTH;;0.32;0.0;17.05;0.0;50.85;51.31;16.99;0.01;0.0;0;29.92;0;-192.18;0.0;0.01;0.0;0.32
2019;213;257;beauce_5_sa_074;solnu;;0.0;0.0;15.52;0.0;0.0;35.0;50.51;0.01;0.0;0;0;0;-172.52;0.0;0.01;0.0;0.0
2019;258;365;beauce_5_sa_074;BTH;;0.32;0.0;17.6;0.0;51.48;50.66;16.3;0.01;0.0;0;30.3;0;-197.46;0.0;0.01;0.0;0.32
2019;213;275;beauce_5_sa_075;solnu;;0.0;0.0;18.96;0.0;0.0;35.0;53.95;0.01;0.0;0;0;0;-210.8;0.0;0.01;0.0;0.0
2019;276;365;beauce_5_sa_075;BTH;;0.27;0.0;14.15;0.0;28.09;54.03;39.7;0.04;0.0;0;16.53;0;-159.01;0.03;0.01;0.0;0.27
2019;213;309;beauce_5_sa_076;solnu;;0.0;0.0;24.0;0.0;0.0;35.0;58.97;0.02;0.0;0;0;0;-267.44;0.01;0.01;0.0;0.0
2019;310;365;beauce_5_sa_076;BTH;;0.25;0.0;9.16;0.0;4.07;59.16;63.76;0.05;0.0;0;2.4;0;-102.84;0.05;0.01;0.0;0.25
2019;213;278;beauce_5_sa_077;solnu;;0.0;0.0;19.4;0.0;0.0;35.0;54.39;0.01;0.0;0;0;0;-216.16;0.0;0.01;0.0;0.0
2019;279;365;beauce_5_sa_077;BTH;;0.31;0.0;13.87;0.0;25.92;54.48;41.99;0.04;0.0;0;15.25;0;-155.5;0.04;0.01;0.0;0.31
2019;213;282;beauce_5_sa_078;solnu;;0.0;0.0;19.76;0.0;0.0;35.0;54.74;0.01;0.0;0;0;0;-220.42;0.0;0.01;0.0;0.0
2019;283;365;beauce_5_sa_078;BTH;;0.28;0.0;13.43;0.0;22.47;54.93;45.37;0.05;0.0;0;13.23;0;-150.21;0.04;0.01;0.0;0.28
2019;213;266;beauce_5_sa_079;solnu;;0.0;0.0;17.14;0.0;0.0;35.0;52.13;0.01;0.0;0;0;0;-190.05;0.0;0.01;0.0;0.0
2019;267;365;beauce_5_sa_079;BTH;;0.31;0.0;15.97;0.0;40.64;52.47;27.12;0.03;0.0;0;23.91;0;-179.79;0.02;0.01;0.0;0.31
2019;213;288;beauce_5_sa_080;solnu;;0.0;0.0;20.47;0.0;0.0;35.0;55.45;0.01;0.0;0;0;0;-227.99;0.0;0.01;0.0;0.0
2019;289;365;beauce_5_sa_080;BTH;;0.27;0.0;12.71;0.0;17.31;55.55;50.54;0.05;0.0;0;10.19;0;-142.58;0.04;0.01;0.0;0.27
2019;213;288;beauce_5_sa_081;solnu;;0.0;0.0;20.46;0.0;0.0;35.0;55.45;0.01;0.0;0;0;0;-227.91;0.0;0.01;0.0;0.0
2019;289;365;beauce_5_sa_081;BTH;;0.25;0.0;12.7;0.0;17.06;55.54;50.78;0.05;0.0;0;10.04;0;-142.39;0.04;0.01;0.0;0.25
2019;213;272;beauce_5_sa_082;solnu;;0.0;0.0;18.5;0.0;0.0;35.0;53.49;0.01;0.0;0;0;0;-205.43;0.0;0.01;0.0;0.0
2019;273;365;beauce_5_sa_082;BTH;;0.3;0.0;14.69;0.0;33.97;53.67;33.88;0.04;0.0;0;19.99;0;-165.32;0.03;0.01;0.0;0.3
2019;213;290;beauce_5_sa_083;solnu;;0.0;0.0;20.66;0.0;0.0;35.0;55.64;0.01;0.0;0;0;0;-230.28;0.0;0.01;0.0;0.0
2019;291;365;beauce_5_sa_083;BTH;;0.27;0.0;12.52;0.0;13.52;55.82;54.31;0.06;0.0;0;7.96;0;-140.34;0.05;0.01;0.0;0.27
2019;213;264;beauce_5_sa_084;solnu;;0.0;0.0;16.76;0.0;0.0;35.0;51.75;0.01;0.0;0;0;0;-186.17;0.0;0.01;0.0;0.0
2019;265;365;beauce_5_sa_084;BTH;;0.32;0.0;16.41;0.0;45.6;51.97;22.22;0.02;0.0;0;26.83;0;-184.3;0.01;0.01;0.0;0.32
2019;213;311;beauce_5_sa_085;solnu;;0.0;0.0;24.47;0.0;0.0;35.0;59.44;0.03;0.0;0;0;0;-271.08;0.01;0.01;0.0;0.0
2019;312;365;beauce_5_sa_085;BTH;;0.27;0.0;8.7;0.0;3.51;59.67;64.32;0.05;0.0;0;2.07;0;-99.46;0.04;0.01;0.0;0.27
2019;213;270;beauce_5_sa_086;solnu;;0.0;0.0;18.11;0.0;0.0;35.0;53.1;0.01;0.0;0;0;0;-200.5;0.0;0.01;0.0;0.0
2019;271;365;beauce_5_sa_086;BTH;;0.33;0.0;15.0;0.0;35.34;53.31;32.39;0.03;0.0;0;20.8;0;-169.34;0.02;0.01;0.0;0.33
2019;213;275;beauce_5_sa_087;solnu;;0.0;0.0;18.98;0.0;0.0;35.0;53.97;0.01;0.0;0;0;0;-210.99;0.0;0.01;0.0;0.0
2019;276;365;beauce_5_sa_087;BTH;;0.27;0.0;14.15;0.0;28.02;54.05;39.8;0.04;0.0;0;16.49;0;-159.11;0.03;0.01;0.0;0.27
2019;213;292;beauce_5_sa_088;solnu;;0.0;0.0;21.07;0.0;0.0;35.0;56.06;0.01;0.0;0;0;0;-233.33;0.0;0.01;0.0;0.0
2019;293;365;beauce_5_sa_088;BTH;;0.27;0.0;12.11;0.0;10.9;56.24;56.94;0.06;0.0;0;6.42;0;-137.22;0.05;0.01;0.0;0.27
2019;213;311;beauce_5_sa_089;solnu;;0.0;0.0;24.47;0.0;0.0;35.0;59.45;0.03;0.0;0;0;0;-271.09;0.01;0.01;0.0;0.0
2019;312;365;beauce_5_sa_089;BTH;;0.27;0.0;8.7;0.0;3.51;59.67;64.32;0.05;0.0;0;2.07;0;-99.46;0.04;0.01;0.0;0.27
2019;213;308;beauce_5_sa_090;solnu;;0.0;0.0;23.9;0.0;0.0;35.0;58.88;0.02;0.0;0;0;0;-266.09;0.01;0.01;0.0;0.0
2019;309;365;beauce_5_sa_090;BTH;;0.27;0.88;9.27;0.0;4.25;59.0;129.4;0.06;0.0;0;2.5;0;-104.46;0.05;0.01;0.88;0.27
2019;213;291;beauce_5_sa_091;solnu;;0.0;0.0;20.83;0.0;0.0;35.0;55.82;0.01;0.0;0;0;0;-231.33;0.0;0.01;0.0;0.0
2019;292;365;beauce_5_sa_091;BTH;;0.26;0.0;12.34;0.0;12.39;56.05;55.45;0.06;0.0;0;7.29;0;-139.12;0.05;0.01;0.0;0.26
2019;213;296;beauce_5_sa_092;solnu;;0.0;0.0;21.75;0.0;0.0;35.0;56.73;0.01;0.0;0;0;0;-241.54;0.0;0.01;0.0;0.0
2019;297;365;beauce_5_sa_092;BTH;;0.26;0.0;11.43;0.0;7.6;56.96;60.24;0.06;0.0;0;4.47;0;-128.98;0.05;0.01;0.0;0.26
2019;213;280;beauce_5_sa_093;solnu;;0.0;0.0;19.61;0.0;0.0;35.0;54.6;0.01;0.0;0;0;0;-217.86;0.0;0.01;0.0;0.0
2019;281;365;beauce_5_sa_093;BTH;;0.27;0.0;13.56;0.0;25.06;54.67;42.79;0.04;0.0;0;14.75;0;-152.67;0.04;0.01;0.0;0.27
2019;213;274;beauce_5_sa_094;solnu;;0.0;0.0;18.84;0.0;0.0;35.0;53.83;0.01;0.0;0;0;0;-209.24;0.0;0.01;0.0;0.0
2019;275;365;beauce_5_sa_094;BTH;;0.28;0.0;14.31;0.0;30.39;53.97;37.44;0.04;0.0;0;17.88;0;-161.09;0.03;0.01;0.0;0.28
2019;213;272;beauce_5_sa_095;solnu;;0.0;0.0;18.47;0.0;0.0;35.0;53.46;0.01;0.0;0;0;0;-205.12;0.0;0.01;0.0;0.0
2019;273;365;beauce_5_sa_095;BTH;;0.28;0.0;14.65;0.0;32.16;53.64;35.63;0.04;0.0;0;18.92;0;-164.78;0.03;0.01;0.0;0.28
2019;213;268;beauce_5_sa_096;solnu;;0.0;0.0;17.72;0.0;0.0;35.0;52.71;0.01;0.0;0;0;0;-195.83;0.0;0.01;0.0;0.0
2019;269;365;beauce_5_sa_096;BTH;;0.32;0.0;15.44;0.0;40.43;52.9;27.37;0.03;0.0;0;23.79;0;-174.55;0.02;0.01;0.0;0.32
2019;213;278;beauce_5_sa_097;solnu;;0.0;0.0;19.36;0.0;0.0;35.0;54.35;0.01;0.0;0;0;0;-215.7;0.0;0.01;0.0;0.0
2019;279;365;beauce_5_sa_097;BTH;;0.3;0.14;13.82;0.0;27.12;54.44;51.46;0.05;0.0;0;15.96;0;-154.89;0.04;0.01;0.14;0.3
2019;213;275;beauce_5_sa_098;solnu;;0.0;0.0;18.99;0.0;0.0;35.0;53.98;0.01;0.0;0;0;0;-211.05;0.0;0.01;0.0;0.0
2019;276;365;beauce_5_sa_098;BTH;;0.29;0.0;14.19;0.0;30.31;54.05;37.53;0.04;0.0;0;17.84;0;-159.56;0.03;0.01;0.0;0.29
2019;213;317;beauce_5_sa_099;solnu;;0.0;0.0;25.91;0.0;0.0;35.0;60.88;0.03;0.0;0;0;0;-286.27;0.02;0.02;0.0;0.0
2019;318;365;beauce_5_sa_099;BTH;;0.27;0.0;7.26;0.0;2.32;60.99;65.51;0.04;0.0;0;1.37;0;-84.28;0.04;0.0;0.0;0.27
2020;1;171;beauce_5_sa_000;BTH;;1.82;2.01;37.41;0.0;121.26;26.28;89.81;0.08;0.0;0;95.82;0;-409.24;0.06;0.02;2.01;1.82
2020;172;267;beauce_5_sa_000;solnu;;0.0;0.0;48.81;-119.01;0.0;89.81;19.65;0.05;0.0;0;0;0;-302.04;0.04;0.01;0.0;0.0
2020;268;366;beauce_5_sa_000;BTH;;2.0;0.0;18.84;23.07;31.06;20.04;28.45;0.04;0.0;0;18.28;0;13.42;0.02;0.03;0.0;2.0
2020;1;211;beauce_5_sa_001;BTH;;1.41;2.19;58.8;0.0;42.05;16.81;195.81;0.04;0.0;0;54.84;0;-654.1;0.01;0.04;2.19;1.41
2020;212;261;beauce_5_sa_001;solnu;;0.67;0.0;29.52;-22.22;0.0;195.81;202.28;0.17;0.0;0;0;0;-286.39;0.16;0.01;0.0;0.67
2020;262;366;beauce_5_sa_001;BTH;;7.54;0.0;20.47;-74.48;61.45;202.65;79.17;0.1;0.0;0;36.16;0;-58.71;0.08;0.01;0.0;7.54
2020;1;184;beauce_5_sa_002;BTH;;1.57;0.0;46.45;0.0;63.16;38.16;19.82;0.05;0.0;0;64.48;0;-511.93;0.02;0.03;0.0;1.57
2020;185;263;beauce_5_sa_002;solnu;;0.08;0.0;40.81;-57.38;0.0;19.82;9.75;0.02;0.0;0;0;0;-440.17;0.02;0.01;0.0;0.08
2020;264;366;beauce_5_sa_002;BTH;;1.32;0.22;19.87;-19.14;1.01;9.7;25.11;0.01;0.0;0;0.59;0;-22.1;0.01;0.0;0.22;1.32
2020;1;227;beauce_5_sa_003;BTH;;3.51;0.29;62.38;0.0;110.16;61.76;32.09;0.08;0.0;0;68.4;0;-690.31;0.04;0.04;0.29;3.51
2020;228;300;beauce_5_sa_003;solnu;;1.19;0.0;31.17;-49.21;0.0;32.09;18.58;0.03;0.0;0;0;0;-373.98;0.02;0.01;0.0;1.19
2020;301;366;beauce_5_sa_003;BTH;;1.54;0.0;9.47;-12.19;0.0;18.58;17.17;0.0;0.0;0;0.0;0;-52.07;0.0;0.0;0.0;1.54
2020;1;211;beauce_5_sa_004;BTH;;3.39;0.6;54.32;0.0;121.71;58.47;32.41;0.07;0.0;0;77.13;0;-604.95;0.04;0.03;0.6;3.39
2020;212;294;beauce_5_sa_004;solnu;;1.14;0.0;38.16;-20.72;0.0;32.41;48.66;0.06;0.0;0;0;0;-358.44;0.04;0.01;0.0;1.14
2020;295;366;beauce_5_sa_004;BTH;;1.83;0.0;10.82;-42.83;0.0;48.96;20.31;0.0;0.0;0;0.0;0;-125.25;0.0;0.0;0.0;1.83
2020;1;199;beauce_5_sa_005;BTH;;4.23;1.4;48.17;0.0;211.65;100.69;37.44;0.14;0.0;0;135.48;0;-537.05;0.11;0.03;1.4;4.23
2020;200;288;beauce_5_sa_005;solnu;;0.0;0.0;39.67;-17.91;0.0;37.44;59.16;0.05;0.0;0;0;0;-355.09;0.03;0.02;0.0;0.0
2020;289;366;beauce_5_sa_005;BTH;;1.29;0.69;12.12;-59.19;4.61;59.37;58.09;0.04;0.0;0;2.71;0;-31.67;0.04;0.0;0.69;1.29
2020;1;174;beauce_5_sa_006;BTH;;1.76;1.88;39.07;0.0;53.06;25.77;9.99;0.03;0.0;0;55.96;0;-431.26;0.01;0.02;1.88;1.76
2020;175;268;beauce_5_sa_006;solnu;;0.1;0.0;46.86;-20.41;0.0;9.99;176.95;0.12;0.0;0;0;0;-451.79;0.1;0.02;0.0;0.1
2020;269;366;beauce_5_sa_006;BTH;;5.58;0.0;18.27;-80.24;50.59;177.41;58.71;0.09;0.0;0;29.77;0;-29.96;0.08;0.01;0.0;5.58
2020;1;195;beauce_5_sa_007;BTH;;2.64;0.58;48.46;0.0;118.74;47.36;17.59;0.06;0.0;0;81.93;0;-539.2;0.03;0.03;0.58;2.64
2020;196;286;beauce_5_sa_007;solnu;;0.0;0.0;41.37;-20.62;0.0;17.59;38.31;0.03;0.0;0;0;0;-390.78;0.02;0.02;0.0;0.0
2020;287;366;beauce_5_sa_007;BTH;;1.42;0.0;12.41;-40.07;0.0;38.56;15.32;0.0;0.0;0;0.0;0;-150.12;0.0;0.0;0.0;1.42
2020;1;174;beauce_5_sa_008;BTH;;3.38;1.12;38.12;0.0;157.52;61.13;21.8;0.08;0.0;0;96.62;0;-421.6;0.06;0.02;1.12;3.38
2020;175;299;beauce_5_sa_008;solnu;;0.24;0.0;52.21;-60.05;0.0;21.8;21.16;0.02;0.0;0;0;0;-503.9;0.01;0.01;0.0;0.24
2020;300;366;beauce_5_sa_008;BTH;;1.74;0.0;9.78;-9.82;0.0;21.18;19.38;0.0;0.0;0;0.0;0;15.92;0.0;0.0;0.0;1.74
2020;1;217;beauce_5_sa_009;BTH;;1.71;0.0;60.88;0.0;51.83;25.02;32.31;0.04;0.0;0;55.67;0;-675.38;0.01;0.04;0.0;1.71
2020;218;267;beauce_5_sa_009;solnu;;0.18;0.0;27.95;-61.43;0.0;32.31;7.71;0.0;0.0;0;0;0;-265.48;0.0;0.0;0.0;0.18
2020;268;366;beauce_5_sa_009;BTH;;1.05;0.0;18.38;-11.36;4.51;7.71;9.17;0.01;0.0;0;2.66;0;-17.06;0.0;0.0;0.0;1.05
2020;1;228;beauce_5_sa_010;BTH;;1.54;0.63;68.72;0.0;72.46;16.99;59.06;0.11;0.01;0;72.56;0;-764.54;0.07;0.04;0.63;1.54
2020;229;262;beauce_5_sa_010;solnu;;0.41;0.0;20.03;-21.24;0.0;59.06;57.33;0.05;0.0;0;0;0;-197.38;0.04;0.0;0.0;0.41
2020;263;366;beauce_5_sa_010;BTH;;2.58;0.0;19.95;-60.4;0.0;57.51;16.68;0.0;0.0;0;0.0;0;-126.19;0.0;0.0;0.0;2.58
2020;1;172;beauce_5_sa_011;BTH;;1.39;2.01;38.56;0.0;79.68;16.6;55.0;0.1;0.0;0;77.04;0;-421.68;0.08;0.02;2.01;1.39
2020;173;260;beauce_5_sa_011;solnu;;0.24;0.0;45.96;-19.91;0.0;55.0;150.17;0.12;0.0;0;0;0;-440.83;0.1;0.02;0.0;0.24
2020;261;366;beauce_5_sa_011;BTH;;3.9;0.0;20.89;-84.5;44.24;150.49;38.37;0.05;0.0;0;26.03;0;-16.15;0.04;0.01;0.0;3.9
2020;1;219;beauce_5_sa_012;BTH;;1.67;0.0;62.52;0.0;50.54;25.15;35.42;0.05;0.0;0;55.06;0;-695.55;0.01;0.04;0.0;1.67
2020;220;266;beauce_5_sa_012;solnu;;0.26;0.0;26.38;-57.98;0.0;35.42;10.53;0.02;0.0;0;0;0;-279.15;0.02;0.0;0.0;0.26
2020;267;366;beauce_5_sa_012;BTH;;1.4;0.0;18.71;-15.97;1.19;10.44;10.67;0.0;0.0;0;0.7;0;-26.99;0.0;0.0;0.0;1.4
2020;1;177;beauce_5_sa_013;BTH;;2.41;0.88;40.08;0.0;131.85;42.71;14.18;0.06;0.0;0;92.37;0;-447.17;0.04;0.02;0.88;2.41
2020;178;280;beauce_5_sa_013;solnu;;0.0;0.0;46.82;-49.66;0.0;14.18;13.73;0.03;0.0;0;0;0;-466.68;0.01;0.02;0.0;0.0
2020;281;366;beauce_5_sa_013;BTH;;1.18;0.0;14.1;-17.84;0.0;13.61;12.48;0.0;0.0;0;0.0;0;-62.07;0.0;0.0;0.0;1.18
2020;1;185;beauce_5_sa_014;BTH;;3.14;1.89;44.8;0.0;115.18;52.37;118.77;0.08;0.0;0;76.88;0;-498.56;0.05;0.03;1.89;3.14
2020;186;290;beauce_5_sa_014;solnu;;0.91;0.0;46.5;-19.58;0.0;118.77;144.77;0.14;0.0;0;0;0;-436.99;0.12;0.02;0.0;0.91
2020;291;366;beauce_5_sa_014;BTH;;4.95;0.0;11.75;-95.44;9.74;144.95;46.35;0.03;0.0;0;5.73;0;-8.6;0.03;0.0;0.0;4.95
2020;1;201;beauce_5_sa_015;BTH;;3.51;0.36;50.01;0.0;116.73;62.92;19.67;0.06;0.0;0;71.59;0;-558.7;0.03;0.03;0.36;3.51
2020;202;305;beauce_5_sa_015;solnu;;0.6;0.0;43.09;-50.52;0.0;19.67;18.4;0.02;0.0;0;0;0;-473.5;0.01;0.01;0.0;0.6
2020;306;366;beauce_5_sa_015;BTH;;1.52;0.0;8.48;-11.15;0.0;18.4;16.91;0.0;0.0;0;0.0;0;-57.11;0.0;0.0;0.0;1.52
2020;1;186;beauce_5_sa_016;BTH;;1.33;0.72;47.74;0.0;41.31;16.41;75.53;0.05;0.0;0;54.57;0;-530.78;0.02;0.03;0.72;1.33
2020;187;257;beauce_5_sa_016;solnu;;0.34;0.0;38.58;-21.47;0.0;75.53;92.22;0.09;0.0;0;0;0;-369.15;0.08;0.01;0.0;0.34
2020;258;366;beauce_5_sa_016;BTH;;2.67;0.0;21.8;-79.76;12.64;92.67;18.95;0.0;0.0;0;7.44;0;-98.86;0.0;0.0;0.0;2.67
2020;1;225;beauce_5_sa_017;BTH;;3.62;2.31;62.23;0.0;193.55;107.55;145.05;0.24;0.02;0;126.73;0;-692.88;0.2;0.04;2.31;3.62
2020;226;283;beauce_5_sa_017;solnu;;0.0;0.0;29.14;-113.24;0.0;145.05;60.88;0.07;0.0;0;0;0;-94.76;0.07;0.0;0.0;0.0
2020;284;366;beauce_5_sa_017;BTH;;5.41;0.82;13.58;15.92;17.62;61.43;128.88;0.04;0.0;0;10.37;0;50.45;0.02;0.02;0.82;5.41
2020;1;213;beauce_5_sa_018;BTH;;3.63;1.79;54.84;0.0;104.38;64.32;145.38;0.07;0.0;0;63.49;0;-609.85;0.03;0.03;1.79;3.63
2020;214;312;beauce_5_sa_018;solnu;;2.16;0.0;40.8;-20.67;0.0;145.38;163.18;0.18;0.0;0;0;0;-386.77;0.17;0.02;0.0;2.16
2020;313;366;beauce_5_sa_018;BTH;;5.02;0.0;7.16;-88.33;2.53;163.28;74.41;0.04;0.0;0;1.49;0;-14.4;0.04;0.0;0.0;5.02
2020;1;208;beauce_5_sa_019;BTH;;3.6;0.0;52.78;0.0;91.6;64.51;22.02;0.06;0.0;0;55.86;0;-589.23;0.03;0.03;0.0;3.6
2020;209;313;beauce_5_sa_019;solnu;;1.07;0.0;42.82;-43.77;0.0;22.02;20.17;0.04;0.0;0;0;0;-407.19;0.02;0.02;0.0;1.07
2020;314;366;beauce_5_sa_019;BTH;;1.66;0.0;7.04;-13.26;0.0;20.14;18.49;0.0;0.0;0;0.0;0;-116.53;0.0;0.0;0.0;1.66
2020;1;194;beauce_5_sa_020;BTH;;3.64;0.0;48.12;0.0;90.34;64.83;17.47;0.06;0.0;0;54.92;0;-535.47;0.03;0.03;0.0;3.64
2020;195;314;beauce_5_sa_020;solnu;;1.04;0.0;47.35;-21.01;0.0;17.47;43.01;0.04;0.0;0;0;0;-457.07;0.02;0.02;0.0;1.04
2020;315;366;beauce_5_sa_020;BTH;;1.69;0.0;6.86;-34.68;0.0;43.21;18.97;0.0;0.0;0;0.0;0;-113.58;0.0;0.0;0.0;1.69
2020;1;187;beauce_5_sa_021;BTH;;3.35;0.0;45.44;0.0;81.56;56.93;16.16;0.06;0.0;0;54.41;0;-506.17;0.03;0.03;0.0;3.35
2020;188;293;beauce_5_sa_021;solnu;;0.93;0.0;46.45;-21.29;0.0;16.16;40.73;0.04;0.0;0;0;0;-449.34;0.02;0.02;0.0;0.93
2020;294;366;beauce_5_sa_021;BTH;;1.86;0.0;11.05;-37.41;0.0;40.79;18.38;0.0;0.0;0;0.0;0;-147.04;0.0;0.0;0.0;1.86
2020;1;188;beauce_5_sa_022;BTH;;3.59;0.0;45.62;0.0;86.62;63.33;18.69;0.06;0.0;0;53.62;0;-507.43;0.03;0.03;0.0;3.59
2020;189;307;beauce_5_sa_022;solnu;;1.12;0.0;48.59;-20.84;0.0;18.69;45.27;0.04;0.0;0;0;0;-468.7;0.02;0.02;0.0;1.12
2020;308;366;beauce_5_sa_022;BTH;;1.78;0.0;8.12;-37.08;0.0;45.53;19.93;0.0;0.0;0;0.0;0;-112.47;0.0;0.0;0.0;1.78
2020;1;200;beauce_5_sa_023;BTH;;3.59;0.0;50.33;0.0;91.11;63.76;19.33;0.06;0.0;0;56.01;0;-560.65;0.03;0.03;0.0;3.59
2020;201;310;beauce_5_sa_023;solnu;;1.15;0.0;44.72;-49.42;0.0;19.33;18.18;0.02;0.0;0;0;0;-483.24;0.01;0.01;0.0;1.15
2020;311;366;beauce_5_sa_023;BTH;;1.49;0.0;7.51;-9.79;0.0;17.99;16.57;0.0;0.0;0;0.0;0;-52.76;0.0;0.0;0.0;1.49
2020;1;200;beauce_5_sa_024;BTH;;3.14;1.54;50.84;0.0;120.86;52.5;94.32;0.08;0.0;0;80.15;0;-566.19;0.05;0.03;1.54;3.14
2020;201;290;beauce_5_sa_024;solnu;;0.82;0.0;40.91;-100.24;0.0;94.32;34.05;0.12;0.0;0;0;0;-359.52;0.11;0.01;0.0;0.82
2020;291;366;beauce_5_sa_024;BTH;;3.63;0.0;11.78;-12.25;0.0;33.84;29.95;0.0;0.0;0;0.0;0;21.9;0.0;0.0;0.0;3.63
2020;1;181;beauce_5_sa_025;BTH;;1.62;1.28;42.93;0.0;131.71;25.77;31.43;0.06;0.0;0;102.24;0;-475.36;0.04;0.03;1.28;1.62
2020;182;268;beauce_5_sa_025;solnu;;0.0;0.0;44.51;-19.05;0.0;31.43;56.83;0.06;0.0;0;0;0;-414.69;0.04;0.02;0.0;0.0
2020;269;366;beauce_5_sa_025;BTH;;1.56;0.0;18.19;-61.72;0.0;57.28;12.37;0.01;0.0;0;0.0;0;-64.73;0.01;0.0;0.0;1.56
2020;1;192;beauce_5_sa_026;BTH;;1.78;2.29;49.49;0.0;138.81;28.19;108.6;0.1;0.0;0;105.0;0;-550.46;0.07;0.03;2.29;1.78
2020;193;270;beauce_5_sa_026;solnu;;0.0;0.0;40.2;-19.44;0.0;108.6;129.24;0.12;0.0;0;0;0;-369.98;0.1;0.02;0.0;0.0
2020;271;366;beauce_5_sa_026;BTH;;3.87;0.0;17.44;-91.79;16.75;129.74;34.25;0.04;0.0;0;9.86;0;-34.91;0.03;0.0;0.0;3.87
2020;1;226;beauce_5_sa_027;BTH;;3.64;1.27;61.9;0.0;160.04;48.75;41.87;0.13;0.0;0;105.37;0;-687.29;0.09;0.04;1.27;3.64
2020;227;287;beauce_5_sa_027;solnu;;0.0;0.0;29.52;-54.05;0.0;41.87;26.66;0.01;0.0;0;0;0;-283.05;0.01;0.0;0.0;0.0
2020;288;366;beauce_5_sa_027;BTH;;2.5;0.0;12.19;-12.1;0.0;26.67;24.24;0.0;0.0;0;0.0;0;34.17;0.0;0.0;0.0;2.5
2020;1;193;beauce_5_sa_028;BTH;;3.83;1.29;45.35;0.0;189.26;73.26;21.82;0.1;0.0;0;114.26;0;-503.43;0.08;0.03;1.29;3.83
2020;194;305;beauce_5_sa_028;solnu;;0.0;0.0;42.29;-19.42;0.0;21.82;44.65;0.03;0.0;0;0;0;-393.11;0.02;0.02;0.0;0.0
2020;306;366;beauce_5_sa_028;BTH;;0.8;0.14;8.56;-41.19;0.65;44.89;23.9;0.0;0.0;0;0.38;0;-70.5;0.0;0.0;0.14;0.8
2020;1;218;beauce_5_sa_029;BTH;;3.67;0.0;57.25;0.0;93.64;65.51;25.39;0.07;0.0;0;56.47;0;-635.52;0.03;0.03;0.0;3.67
2020;219;318;beauce_5_sa_029;solnu;;1.18;0.0;39.1;-51.28;0.0;25.39;18.03;0.02;0.0;0;0;0;-436.66;0.01;0.01;0.0;1.18
2020;319;366;beauce_5_sa_029;BTH;;1.49;0.0;6.33;-7.36;0.0;18.03;16.6;0.0;0.0;0;0.0;0;-34.78;0.0;0.0;0.0;1.49
2020;1;205;beauce_5_sa_030;BTH;;3.59;0.0;51.84;0.0;91.08;63.76;20.87;0.06;0.0;0;55.99;0;-577.25;0.03;0.03;0.0;3.59
2020;206;310;beauce_5_sa_030;solnu;;1.06;0.0;43.29;-21.05;0.0;20.87;42.0;0.04;0.0;0;0;0;-412.32;0.02;0.02;0.0;1.06
2020;311;366;beauce_5_sa_030;BTH;;1.65;0.0;7.53;-34.48;0.0;42.32;18.5;0.0;0.0;0;0.0;0;-121.26;0.0;0.0;0.0;1.65
2020;1;211;beauce_5_sa_031;BTH;;3.68;0.91;53.77;0.0;109.37;65.51;73.97;0.07;0.0;0;65.72;0;-598.96;0.03;0.03;0.91;3.68
2020;212;317;beauce_5_sa_031;solnu;;1.48;0.0;42.4;-20.36;0.0;73.97;94.4;0.13;0.0;0;0;0;-400.16;0.11;0.02;0.0;1.48
2020;318;366;beauce_5_sa_031;BTH;;2.92;0.0;6.48;-65.32;0.0;94.52;32.63;0.01;0.0;0;0.0;0;-25.76;0.01;0.0;0.0;2.92
2020;1;202;beauce_5_sa_032;BTH;;2.1;0.0;52.79;0.0;60.19;33.04;23.49;0.05;0.0;0;55.88;0;-589.05;0.01;0.03;0.0;2.1
2020;203;272;beauce_5_sa_032;solnu;;0.18;0.0;36.06;-50.36;0.0;23.49;10.68;0.03;0.0;0;0;0;-351.03;0.02;0.01;0.0;0.18
2020;273;366;beauce_5_sa_032;BTH;;1.44;0.0;16.61;-20.55;0.0;10.53;9.28;0.0;0.0;0;0.0;0;-98.42;0.0;0.0;0.0;1.44
2020;1;221;beauce_5_sa_033;BTH;;3.49;0.83;57.71;0.0;143.28;59.08;31.8;0.09;0.0;0;89.45;0;-641.58;0.05;0.03;0.83;3.49
2020;222;295;beauce_5_sa_033;solnu;;0.07;0.0;33.75;-50.64;0.0;31.8;20.28;0.02;0.0;0;0;0;-372.29;0.01;0.01;0.0;0.07
2020;296;366;beauce_5_sa_033;BTH;;1.68;0.0;10.53;-12.51;0.0;20.28;18.64;0.0;0.0;0;0.0;0;-30.86;0.0;0.0;0.0;1.68
2020;1;179;beauce_5_sa_034;BTH;;1.5;0.0;41.98;0.0;45.48;20.07;15.03;0.03;0.0;0;54.85;0;-465.67;0.0;0.03;0.0;1.5
2020;180;263;beauce_5_sa_034;solnu;;0.13;0.0;43.81;-20.83;0.0;15.03;37.84;0.04;0.0;0;0;0;-420.71;0.02;0.02;0.0;0.13
2020;264;366;beauce_5_sa_034;BTH;;1.14;0.0;19.81;-52.24;0.0;38.28;7.34;0.0;0.0;0;0.0;0;-116.85;0.0;0.0;0.0;1.14
2020;1;214;beauce_5_sa_035;BTH;;2.78;2.21;55.29;0.0;170.96;48.59;95.52;0.11;0.0;0;111.9;0;-614.68;0.08;0.03;2.21;2.78
2020;215;287;beauce_5_sa_035;solnu;;0.0;0.0;35.97;-108.86;0.0;95.52;22.56;0.07;0.0;0;0;0;-174.05;0.07;0.0;0.0;0.0
2020;288;366;beauce_5_sa_035;BTH;;1.93;0.0;12.43;-2.96;4.2;22.56;25.89;0.01;0.0;0;2.47;0;49.19;0.0;0.01;0.0;1.93
2020;1;175;beauce_5_sa_036;BTH;;3.6;0.0;39.26;0.0;79.27;64.51;20.83;0.06;0.0;0;48.6;0;-430.06;0.03;0.02;0.0;3.6
2020;176;313;beauce_5_sa_036;solnu;;1.61;0.0;55.95;-56.84;0.0;20.83;22.44;0.04;0.0;0;0;0;-574.82;0.02;0.02;0.0;1.61
2020;314;366;beauce_5_sa_036;BTH;;1.85;0.0;7.05;-7.76;0.0;22.43;20.69;0.0;0.0;0;0.0;0;-32.51;0.0;0.0;0.0;1.85
2020;1;222;beauce_5_sa_037;BTH;;1.91;0.0;67.34;0.0;91.15;69.17;43.32;0.13;0.01;0;81.73;0;-744.96;0.09;0.04;0.0;1.91
2020;223;263;beauce_5_sa_037;solnu;;0.3;0.0;23.42;-21.49;0.0;43.32;38.34;0.03;0.0;0;0;0;-231.5;0.02;0.01;0.0;0.3
2020;264;366;beauce_5_sa_037;BTH;;2.03;0.66;19.65;-57.72;4.61;38.7;48.08;0.04;0.0;0;2.71;0;-135.06;0.04;0.0;0.66;2.03
2020;1;190;beauce_5_sa_038;BTH;;1.53;0.0;48.78;0.0;47.2;20.82;20.83;0.03;0.0;0;55.44;0;-542.77;0.01;0.03;0.0;1.53
2020;191;264;beauce_5_sa_038;solnu;;0.14;0.0;38.58;-21.42;0.0;20.83;37.8;0.04;0.0;0;0;0;-367.99;0.02;0.01;0.0;0.14
2020;265;366;beauce_5_sa_038;BTH;;1.19;0.0;19.38;-51.37;0.0;38.2;7.73;0.0;0.0;0;0.0;0;-148.02;0.0;0.0;0.0;1.19
2020;1;195;beauce_5_sa_039;BTH;;3.53;0.42;47.91;0.0;120.42;63.76;17.52;0.06;0.0;0;73.26;0;-533.43;0.04;0.03;0.42;3.53
2020;196;310;beauce_5_sa_039;solnu;;0.43;0.0;45.59;-20.76;0.0;17.52;42.19;0.04;0.0;0;0;0;-434.9;0.02;0.02;0.0;0.43
2020;311;366;beauce_5_sa_039;BTH;;1.74;0.0;7.54;-34.1;0.0;42.5;19.29;0.0;0.0;0;0.0;0;-139.21;0.0;0.0;0.0;1.74
2020;1;190;beauce_5_sa_040;BTH;;3.65;0.97;45.79;0.0;136.95;65.15;41.67;0.08;0.0;0;82.17;0;-510.54;0.05;0.03;0.97;3.65
2020;191;316;beauce_5_sa_040;solnu;;0.42;0.0;47.76;-69.55;0.0;41.67;23.43;0.05;0.0;0;0;0;-441.56;0.04;0.01;0.0;0.42
2020;317;366;beauce_5_sa_040;BTH;;1.92;0.0;6.59;-6.71;0.0;23.29;21.4;0.0;0.0;0;0.0;0;2.55;0.0;0.0;0.0;1.92
2020;1;181;beauce_5_sa_041;BTH;;4.06;1.24;41.01;0.0;162.93;60.7;26.03;0.1;0.0;0;100.07;0;-455.44;0.08;0.02;1.24;4.06
2020;182;298;beauce_5_sa_041;solnu;;0.0;0.0;47.57;-19.49;0.0;26.03;54.62;0.04;0.0;0;0;0;-447.0;0.03;0.02;0.0;0.0
2020;299;366;beauce_5_sa_041;BTH;;2.4;0.0;9.99;-37.53;0.0;54.86;29.16;0.0;0.0;0;0.0;0;-121.18;0.0;0.0;0.0;2.4
2020;1;179;beauce_5_sa_042;BTH;;5.47;0.0;40.05;0.0;139.79;140.77;34.05;0.1;0.0;0;84.22;0;-445.4;0.08;0.02;0.0;5.47
2020;180;313;beauce_5_sa_042;solnu;;0.02;0.0;51.7;-19.47;0.0;34.05;66.76;0.05;0.0;0;0;0;-490.27;0.03;0.02;0.0;0.02
2020;314;366;beauce_5_sa_042;BTH;;3.33;1.02;7.08;-51.03;1.01;66.98;99.65;0.02;0.0;0;0.59;0;-95.13;0.02;0.0;1.02;3.33
2020;1;176;beauce_5_sa_043;BTH;;3.47;0.91;39.43;0.0;144.43;60.22;19.73;0.09;0.0;0;89.46;0;-439.97;0.06;0.02;0.91;3.47
2020;177;297;beauce_5_sa_043;solnu;;0.21;0.0;50.25;-58.09;0.0;19.73;18.89;0.02;0.0;0;0;0;-515.38;0.01;0.01;0.0;0.21
2020;298;366;beauce_5_sa_043;BTH;;1.56;0.0;10.2;-10.19;0.0;18.89;17.4;0.0;0.0;0;0.0;0;5.62;0.0;0.0;0.0;1.56
2020;1;210;beauce_5_sa_044;BTH;;3.14;0.0;54.2;0.0;79.95;52.5;23.56;0.06;0.0;0;56.07;0;-604.4;0.03;0.03;0.0;3.14
2020;211;290;beauce_5_sa_044;solnu;;0.71;0.0;37.72;-50.35;0.0;23.56;14.35;0.02;0.0;0;0;0;-401.86;0.01;0.01;0.0;0.71
2020;291;366;beauce_5_sa_044;BTH;;1.55;0.0;11.64;-13.1;0.0;14.44;12.92;0.0;0.0;0;0.0;0;-63.05;0.0;0.0;0.0;1.55
2020;1;174;beauce_5_sa_045;BTH;;2.48;1.88;38.71;0.0;73.02;38.45;140.82;0.06;0.0;0;60.26;0;-427.51;0.04;0.02;1.88;2.48
2020;175;277;beauce_5_sa_045;solnu;;0.98;0.0;49.66;-19.79;0.0;140.82;169.63;0.16;0.0;0;0;0;-473.99;0.14;0.02;0.0;0.98
2020;278;366;beauce_5_sa_045;BTH;;5.67;0.0;14.92;-83.27;35.57;169.92;60.0;0.04;0.0;0;20.93;0;-55.25;0.04;0.01;0.0;5.67
2020;1;187;beauce_5_sa_046;BTH;;3.44;0.76;44.8;0.0;139.7;59.52;16.8;0.07;0.0;0;87.1;0;-499.36;0.04;0.03;0.76;3.44
2020;188;296;beauce_5_sa_046;solnu;;0.17;0.0;45.07;-46.85;0.0;16.8;19.19;0.02;0.0;0;0;0;-475.64;0.01;0.01;0.0;0.17
2020;297;366;beauce_5_sa_046;BTH;;1.59;0.0;10.39;-13.49;0.0;19.34;17.68;0.0;0.0;0;0.0;0;-64.72;0.0;0.0;0.0;1.59
2020;1;177;beauce_5_sa_047;BTH;;2.85;0.31;40.09;0.0;85.24;45.37;19.74;0.05;0.0;0;63.38;0;-446.99;0.03;0.02;0.31;2.85
2020;178;283;beauce_5_sa_047;solnu;;0.68;0.0;49.62;-19.66;0.0;19.74;49.04;0.06;0.0;0;0;0;-469.83;0.03;0.02;0.0;0.68
2020;284;366;beauce_5_sa_047;BTH;;1.95;0.0;13.33;-46.81;0.0;49.47;16.76;0.0;0.0;0;0.0;0;-130.22;0.0;0.0;0.0;1.95
2020;1;206;beauce_5_sa_048;BTH;;3.65;2.18;47.78;0.0;224.22;64.83;47.97;0.1;0.0;0;133.7;0;-532.43;0.07;0.03;2.18;3.65
2020;207;314;beauce_5_sa_048;solnu;;0.0;0.0;41.51;-17.57;0.0;47.97;71.82;0.08;0.0;0;0;0;-369.69;0.06;0.02;0.0;0.0
2020;315;366;beauce_5_sa_048;BTH;;0.83;0.0;6.93;-48.91;0.0;72.03;29.07;0.0;0.0;0;0.0;0;-13.21;0.0;0.0;0.0;0.83
2020;1;210;beauce_5_sa_049;BTH;;3.61;1.41;51.08;0.0;169.83;65.0;48.35;0.08;0.0;0;101.59;0;-569.78;0.05;0.03;1.41;3.61
2020;211;315;beauce_5_sa_049;solnu;;0.0;0.0;41.9;-65.97;0.0;48.35;25.37;0.07;0.0;0;0;0;-375.13;0.05;0.01;0.0;0.0
2020;316;366;beauce_5_sa_049;BTH;;1.69;0.0;6.73;-6.89;0.0;25.31;23.74;0.0;0.0;0;0.0;0;-2.33;0.0;0.0;0.0;1.69
2020;1;228;beauce_5_sa_050;BTH;;3.67;2.2;58.39;0.0;233.2;62.57;49.05;0.15;0.0;0;140.32;0;-648.81;0.11;0.04;2.2;3.67
2020;229;303;beauce_5_sa_050;solnu;;0.0;0.0;31.37;-18.58;0.0;49.05;61.17;0.06;0.0;0;0;0;-280.78;0.05;0.01;0.0;0.0
2020;304;366;beauce_5_sa_050;BTH;;1.52;0.0;8.93;-38.96;0.0;61.37;29.97;0.0;0.0;0;0.0;0;-46.82;0.0;0.0;0.0;1.52
2020;1;221;beauce_5_sa_051;BTH;;3.35;0.0;59.23;0.0;84.31;56.93;28.44;0.06;0.0;0;56.03;0;-658.96;0.03;0.04;0.0;3.35
2020;222;293;beauce_5_sa_051;solnu;;0.96;0.0;33.19;-21.87;0.0;28.44;38.76;0.04;0.0;0;0;0;-318.34;0.02;0.01;0.0;0.96
2020;294;366;beauce_5_sa_051;BTH;;1.81;0.0;11.02;-35.56;0.0;38.81;17.85;0.0;0.0;0;0.0;0;-162.36;0.0;0.0;0.0;1.81
2020;1;173;beauce_5_sa_052;BTH;;3.62;0.0;37.72;0.0;77.36;64.05;20.72;0.05;0.0;0;47.75;0;-419.89;0.03;0.02;0.0;3.62
2020;174;311;beauce_5_sa_052;solnu;;1.51;0.0;57.46;-19.69;0.0;20.72;56.92;0.07;0.0;0;0;0;-554.35;0.04;0.03;0.0;1.51
2020;312;366;beauce_5_sa_052;BTH;;2.12;0.0;7.28;-40.24;0.0;57.07;23.61;0.0;0.0;0;0.0;0;-76.75;0.0;0.0;0.0;2.12
2020;1;206;beauce_5_sa_053;BTH;;1.83;0.65;56.36;0.0;103.88;29.34;28.86;0.07;0.0;0;83.72;0;-625.53;0.04;0.03;0.65;1.83
2020;207;269;beauce_5_sa_053;solnu;;0.0;0.0;34.24;-58.42;0.0;28.86;11.89;0.01;0.0;0;0;0;-350.21;0.01;0.0;0.0;0.0
2020;270;366;beauce_5_sa_053;BTH;;1.58;0.0;17.74;-17.07;0.0;11.93;10.97;0.0;0.0;0;0.0;0;15.74;0.0;0.0;0.0;1.58
2020;1;223;beauce_5_sa_054;BTH;;3.57;1.81;59.82;0.0;133.5;62.91;121.34;0.11;0.0;0;81.45;0;-665.85;0.07;0.04;1.81;3.57
2020;224;304;beauce_5_sa_054;solnu;;1.77;0.0;34.2;-20.97;0.0;121.34;132.65;0.15;0.0;0;0;0;-321.02;0.14;0.01;0.0;1.77
2020;305;366;beauce_5_sa_054;BTH;;3.98;0.0;8.73;-92.14;0.97;132.87;44.27;0.01;0.0;0;0.57;0;-0.82;0.01;0.0;0.0;3.98
2020;1;174;beauce_5_sa_055;BTH;;3.59;0.0;38.33;0.0;77.12;63.76;19.82;0.06;0.0;0;47.78;0;-423.38;0.03;0.02;0.0;3.59
2020;175;310;beauce_5_sa_055;solnu;;1.5;0.0;56.47;-19.92;0.0;19.82;55.09;0.06;0.0;0;0;0;-548.48;0.04;0.02;0.0;1.5
2020;311;366;beauce_5_sa_055;BTH;;2.09;0.0;7.55;-40.44;0.0;55.41;23.43;0.0;0.0;0;0.0;0;-87.36;0.0;0.0;0.0;2.09
2020;1;175;beauce_5_sa_056;BTH;;2.24;1.08;39.85;0.0;84.62;36.04;45.43;0.06;0.0;0;68.48;0;-436.15;0.03;0.02;1.08;2.24
2020;176;273;beauce_5_sa_056;solnu;;0.66;0.0;47.85;-98.55;0.0;45.43;16.58;0.08;0.0;0;0;0;-394.22;0.06;0.01;0.0;0.66
2020;274;366;beauce_5_sa_056;BTH;;1.83;0.0;16.5;-8.19;3.49;16.59;19.56;0.01;0.0;0;2.06;0;-9.56;0.0;0.01;0.0;1.83
2020;1;192;beauce_5_sa_057;BTH;;1.35;0.91;50.55;0.0;75.13;16.4;58.86;0.1;0.0;0;74.48;0;-562.24;0.07;0.03;0.91;1.35
2020;193;258;beauce_5_sa_057;solnu;;0.29;0.0;36.57;-21.14;0.0;58.86;73.92;0.08;0.0;0;0;0;-345.73;0.07;0.01;0.0;0.29
2020;259;366;beauce_5_sa_057;BTH;;2.2;0.0;21.38;-75.89;3.0;74.25;14.29;0.0;0.0;0;1.77;0;-51.89;0.0;0.0;0.0;2.2
2020;1;171;beauce_5_sa_058;BTH;;3.18;0.16;36.61;0.0;81.5;55.45;18.05;0.05;0.0;0;55.25;0;-401.03;0.03;0.02;0.16;3.18
2020;172;292;beauce_5_sa_058;solnu;;1.02;0.0;54.85;-55.98;0.0;18.05;17.73;0.03;0.0;0;0;0;-551.13;0.01;0.02;0.0;1.02
2020;293;366;beauce_5_sa_058;BTH;;1.64;0.0;11.26;-12.56;0.0;17.73;16.12;0.0;0.0;0;0.0;0;-51.56;0.0;0.0;0.0;1.64
2020;1;188;beauce_5_sa_059;BTH;;1.55;0.6;47.84;0.0;82.51;22.21;30.83;0.05;0.0;0;75.43;0;-531.22;0.02;0.03;0.6;1.55
2020;189;264;beauce_5_sa_059;solnu;;0.14;0.0;39.5;-68.59;0.0;30.83;7.53;0.01;0.0;0;0;0;-356.88;0.01;0.0;0.0;0.14
2020;265;366;beauce_5_sa_059;BTH;;1.03;0.0;19.59;-14.56;2.66;7.63;8.86;0.0;0.0;0;1.57;0;19.04;0.0;0.0;0.0;1.03
2020;1;185;beauce_5_sa_060;BTH;;2.68;1.24;44.18;0.0;165.82;45.24;13.59;0.08;0.0;0;110.88;0;-491.95;0.06;0.03;1.24;2.68
2020;186;284;beauce_5_sa_060;solnu;;0.0;0.0;43.1;-19.74;0.0;13.59;36.92;0.03;0.0;0;0;0;-401.55;0.01;0.02;0.0;0.0
2020;285;366;beauce_5_sa_060;BTH;;1.08;0.0;12.97;-37.65;0.0;37.34;15.08;0.0;0.0;0;0.0;0;-119.21;0.0;0.0;0.0;1.08
2020;1;211;beauce_5_sa_061;BTH;;3.59;1.66;53.84;0.0;127.78;63.58;110.2;0.08;0.0;0;77.69;0;-599.71;0.05;0.03;1.66;3.59
2020;212;309;beauce_5_sa_061;solnu;;1.97;0.0;41.13;-111.68;0.0;110.2;37.56;0.13;0.0;0;0;0;-326.24;0.12;0.01;0.0;1.97
2020;310;366;beauce_5_sa_061;BTH;;3.11;0.0;7.9;-6.65;0.0;37.57;35.7;0.0;0.0;0;0.0;0;18.1;0.0;0.0;0.0;3.11
2020;1;212;beauce_5_sa_062;BTH;;2.91;0.14;55.24;0.0;86.43;48.56;24.67;0.06;0.0;0;62.21;0;-614.02;0.03;0.03;0.14;2.91
2020;213;287;beauce_5_sa_062;solnu;;0.46;0.0;36.45;-48.35;0.0;24.67;15.12;0.02;0.0;0;0;0;-375.68;0.01;0.01;0.0;0.46
2020;288;366;beauce_5_sa_062;BTH;;1.65;0.0;12.16;-16.09;0.0;15.12;13.61;0.0;0.0;0;0.0;0;-97.24;0.0;0.0;0.0;1.65
2020;1;196;beauce_5_sa_063;BTH;;2.59;1.31;52.17;0.0;181.05;113.53;79.67;0.18;0.0;0;129.85;0;-578.35;0.15;0.03;1.31;2.59
2020;197;270;beauce_5_sa_063;solnu;;0.0;0.0;38.74;-18.39;0.0;79.67;99.92;0.1;0.0;0;0;0;-351.04;0.09;0.02;0.0;0.0
2020;271;366;beauce_5_sa_063;BTH;;3.43;1.14;17.42;-76.63;6.92;100.42;115.68;0.05;0.0;0;4.07;0;-39.24;0.04;0.0;1.14;3.43
2020;1;178;beauce_5_sa_064;BTH;;3.68;2.57;40.08;0.0;130.35;65.51;162.82;0.09;0.0;0;78.07;0;-445.82;0.06;0.02;2.57;3.68
2020;179;317;beauce_5_sa_064;solnu;;1.22;0.0;53.13;-18.5;0.0;162.82;196.14;0.19;0.0;0;0;0;-499.54;0.16;0.02;0.0;1.22
2020;318;366;beauce_5_sa_064;BTH;;6.19;0.0;6.5;-90.19;1.92;196.26;104.28;0.06;0.0;0;1.13;0;-31.9;0.06;0.0;0.0;6.19
2020;1;209;beauce_5_sa_065;BTH;;3.6;1.81;49.9;0.0;182.78;63.58;62.9;0.09;0.0;0;110.06;0;-556.45;0.06;0.03;1.81;3.6
2020;210;309;beauce_5_sa_065;solnu;;0.0;0.0;40.79;-75.33;0.0;62.9;28.31;0.08;0.0;0;0;0;-343.96;0.06;0.01;0.0;0.0
2020;310;366;beauce_5_sa_065;BTH;;1.43;0.0;7.9;-7.9;0.0;28.43;26.87;0.0;0.0;0;0.0;0;9.84;0.0;0.0;0.0;1.43
2020;1;221;beauce_5_sa_066;BTH;;4.04;0.0;59.34;0.0;145.37;130.74;40.55;0.11;0.0;0;97.6;0;-659.33;0.08;0.04;0.0;4.04
2020;222;286;beauce_5_sa_066;solnu;;0.0;0.0;31.84;-20.69;0.0;40.55;51.65;0.04;0.0;0;0;0;-298.74;0.03;0.01;0.0;0.0
2020;287;366;beauce_5_sa_066;BTH;;2.77;1.11;12.38;-43.29;0.72;51.89;106.06;0.01;0.0;0;0.42;0;-154.25;0.01;0.0;1.11;2.77
2020;1;219;beauce_5_sa_067;BTH;;3.4;1.03;58.06;0.0;116.73;59.1;73.82;0.07;0.0;0;73.83;0;-646.36;0.04;0.03;1.03;3.4
2020;220;295;beauce_5_sa_067;solnu;;1.35;0.0;34.5;-21.24;0.0;73.82;85.61;0.12;0.0;0;0;0;-325.37;0.1;0.01;0.0;1.35
2020;296;366;beauce_5_sa_067;BTH;;2.86;0.0;10.59;-62.15;0.0;85.8;31.81;0.0;0.0;0;0.0;0;-34.01;0.0;0.0;0.0;2.86
2020;1;179;beauce_5_sa_068;BTH;;3.51;0.91;40.68;0.0;99.87;61.76;65.86;0.07;0.0;0;62.34;0;-451.83;0.04;0.02;0.91;3.51
2020;180;300;beauce_5_sa_068;solnu;;1.68;0.0;51.95;-78.25;0.0;65.86;37.9;0.12;0.0;0;0;0;-486.1;0.09;0.02;0.0;1.68
2020;301;366;beauce_5_sa_068;BTH;;2.84;0.0;9.6;-13.18;0.0;35.52;31.48;0.0;0.0;0;0.0;0;-14.84;0.0;0.0;0.0;2.84
2020;1;170;beauce_5_sa_069;BTH;;3.55;0.2;35.61;0.0;80.63;62.91;28.22;0.06;0.0;0;50.34;0;-394.56;0.03;0.02;0.2;3.55
2020;171;304;beauce_5_sa_069;solnu;;1.67;0.0;58.52;-65.31;0.0;28.22;20.85;0.05;0.0;0;0;0;-544.91;0.03;0.02;0.0;1.67
2020;305;366;beauce_5_sa_069;BTH;;1.72;0.0;8.74;-8.8;0.0;20.84;19.08;0.0;0.0;0;0.0;0;-18.0;0.0;0.0;0.0;1.72
2020;1;206;beauce_5_sa_070;BTH;;1.39;2.39;57.06;0.0;46.27;16.6;204.74;0.07;0.0;0;57.38;0;-633.45;0.04;0.03;2.39;1.39
2020;207;260;beauce_5_sa_070;solnu;;0.87;0.0;31.16;-22.08;0.0;204.74;212.78;0.16;0.0;0;0;0;-301.79;0.15;0.01;0.0;0.87
2020;261;366;beauce_5_sa_070;BTH;;8.61;0.0;20.78;-77.57;63.03;213.08;84.25;0.1;0.0;0;37.09;0;-33.6;0.08;0.01;0.0;8.61
2020;1;193;beauce_5_sa_071;BTH;;2.71;0.0;48.65;0.0;69.99;43.01;18.91;0.05;0.0;0;55.79;0;-538.13;0.02;0.03;0.0;2.71
2020;194;280;beauce_5_sa_071;solnu;;0.6;0.0;41.36;-49.24;0.0;18.91;12.52;0.02;0.0;0;0;0;-421.92;0.01;0.01;0.0;0.6
2020;281;366;beauce_5_sa_071;BTH;;1.33;0.0;14.05;-17.14;0.0;12.27;10.98;0.0;0.0;0;0.0;0;-81.86;0.0;0.0;0.0;1.33
2020;1;217;beauce_5_sa_072;BTH;;3.71;0.0;57.79;0.0;97.7;75.05;31.36;0.07;0.0;0;68.96;0;-641.66;0.04;0.03;0.0;3.71
2020;218;287;beauce_5_sa_072;solnu;;0.61;0.0;33.93;-21.48;0.0;31.36;43.17;0.03;0.0;0;0;0;-324.09;0.02;0.01;0.0;0.61
2020;288;366;beauce_5_sa_072;BTH;;2.34;0.36;12.16;-60.59;3.25;43.34;21.77;0.01;0.0;0;1.91;0;-133.94;0.01;0.0;0.36;2.34
2020;1;192;beauce_5_sa_073;BTH;;1.43;0.39;49.89;0.0;63.24;16.99;31.08;0.04;0.0;0;67.13;0;-555.01;0.01;0.03;0.39;1.43
2020;193;262;beauce_5_sa_073;solnu;;0.16;0.0;37.27;-21.27;0.0;31.08;46.86;0.05;0.0;0;0;0;-353.84;0.04;0.01;0.0;0.16
2020;263;366;beauce_5_sa_073;BTH;;1.29;0.0;20.05;-59.58;0.0;47.13;8.3;0.0;0.0;0;0.0;0;-92.78;0.0;0.0;0.0;1.29
2020;1;174;beauce_5_sa_074;BTH;;1.34;1.73;39.74;0.0;58.75;16.3;125.64;0.08;0.0;0;64.86;0;-438.26;0.05;0.02;1.73;1.34
2020;175;258;beauce_5_sa_074;solnu;;0.34;0.0;44.79;-112.69;0.0;125.64;57.32;0.08;0.0;0;0;0;-307.99;0.07;0.01;0.0;0.34
2020;259;366;beauce_5_sa_074;BTH;;3.64;0.0;21.8;24.53;64.23;57.93;35.71;0.06;0.0;0;37.79;0;-25.52;0.04;0.03;0.0;3.64
2020;1;217;beauce_5_sa_075;BTH;;2.36;0.21;59.3;0.0;83.05;39.7;29.62;0.05;0.0;0;65.4;0;-657.95;0.02;0.04;0.21;2.36
2020;218;276;beauce_5_sa_075;solnu;;0.45;0.0;31.21;-56.33;0.0;29.62;12.65;0.02;0.0;0;0;0;-367.09;0.02;0.0;0.0;0.45
2020;277;366;beauce_5_sa_075;BTH;;1.37;0.0;15.17;-15.67;0.0;12.64;11.34;0.0;0.0;0;0.0;0;-15.26;0.0;0.0;0.0;1.37
2020;1;209;beauce_5_sa_076;BTH;;3.58;1.91;53.12;0.0;127.58;63.76;128.33;0.08;0.0;0;77.47;0;-592.01;0.05;0.03;1.91;3.58
2020;210;310;beauce_5_sa_076;solnu;;1.87;0.0;42.05;-117.19;0.0;128.33;51.18;0.14;0.0;0;0;0;-318.57;0.13;0.01;0.0;1.87
2020;311;366;beauce_5_sa_076;BTH;;3.47;0.0;7.62;7.79;2.79;51.43;60.3;0.03;0.0;0;1.64;0;14.05;0.03;0.01;0.0;3.47
2020;1;172;beauce_5_sa_077;BTH;;2.64;2.11;37.69;0.0;85.81;41.99;147.38;0.07;0.0;0;65.75;0;-412.78;0.05;0.02;2.11;2.64
2020;173;279;beauce_5_sa_077;solnu;;1.21;0.0;51.37;-110.8;0.0;147.38;87.23;0.14;0.0;0;0;0;-444.78;0.13;0.02;0.0;1.21
2020;280;366;beauce_5_sa_077;BTH;;4.89;0.0;14.41;9.97;32.6;87.07;74.05;0.07;0.0;0;19.18;0;10.28;0.06;0.01;0.0;4.89
2020;1;229;beauce_5_sa_078;BTH;;2.85;2.21;64.88;0.0;160.79;45.37;112.1;0.2;0.0;0;107.84;0;-720.38;0.16;0.04;2.21;2.85
2020;230;283;beauce_5_sa_078;solnu;;0.0;0.0;26.18;-20.62;0.0;112.1;117.55;0.11;0.0;0;0;0;-246.23;0.1;0.01;0.0;0.0
2020;284;366;beauce_5_sa_078;BTH;;5.22;0.0;13.35;-71.6;8.91;117.94;45.16;0.01;0.0;0;5.24;0;-3.49;0.01;0.0;0.0;5.22
2020;1;203;beauce_5_sa_079;BTH;;1.59;0.82;55.8;0.0;114.53;27.12;28.13;0.05;0.0;0;91.31;0;-621.71;0.02;0.03;0.82;1.59
2020;204;267;beauce_5_sa_079;solnu;;0.0;0.0;35.45;-53.97;0.0;28.13;11.45;0.04;0.0;0;0;0;-349.93;0.03;0.01;0.0;0.0
2020;268;366;beauce_5_sa_079;BTH;;1.54;0.0;18.38;-20.05;0.0;11.35;9.88;0.0;0.0;0;0.0;0;-26.05;0.0;0.0;0.0;1.54
2020;1;217;beauce_5_sa_080;BTH;;3.09;0.98;56.81;0.0;150.42;50.53;26.76;0.1;0.0;0;98.7;0;-630.35;0.07;0.03;0.98;3.09
2020;218;289;beauce_5_sa_080;solnu;;0.0;0.0;34.33;-20.38;0.0;26.76;40.68;0.04;0.0;0;0;0;-321.06;0.02;0.01;0.0;0.0
2020;290;366;beauce_5_sa_080;BTH;;1.68;0.0;11.84;-39.77;0.0;40.88;17.0;0.0;0.0;0;0.0;0;-131.83;0.0;0.0;0.0;1.68
2020;1;215;beauce_5_sa_081;BTH;;3.09;1.69;56.68;0.0;115.62;50.78;115.28;0.08;0.0;0;78.08;0;-629.45;0.05;0.03;1.69;3.09
2020;216;289;beauce_5_sa_081;solnu;;1.07;0.0;35.24;-113.71;0.0;115.28;35.61;0.12;0.0;0;0;0;-289.83;0.11;0.01;0.0;1.07
2020;290;366;beauce_5_sa_081;BTH;;3.19;0.0;11.98;4.34;11.49;35.22;37.23;0.02;0.0;0;6.76;0;30.31;0.01;0.01;0.0;3.19
2020;1;183;beauce_5_sa_082;BTH;;2.02;1.14;44.29;0.0;144.96;33.88;16.28;0.08;0.0;0;105.29;0;-479.74;0.05;0.03;1.14;2.02
2020;184;273;beauce_5_sa_082;solnu;;0.0;0.0;43.33;-19.2;0.0;16.28;40.37;0.04;0.0;0;0;0;-411.98;0.03;0.02;0.0;0.0
2020;274;366;beauce_5_sa_082;BTH;;1.37;0.0;16.33;-43.16;0.0;40.93;14.53;0.0;0.0;0;0.0;0;-120.58;0.0;0.0;0.0;1.37
2020;1;187;beauce_5_sa_083;BTH;;3.22;1.72;44.87;0.0;149.56;54.31;73.67;0.09;0.0;0;95.97;0;-500.12;0.06;0.03;1.72;3.22
2020;188;291;beauce_5_sa_083;solnu;;0.0;0.0;44.03;-19.21;0.0;73.67;98.49;0.1;0.0;0;0;0;-407.33;0.08;0.02;0.0;0.0
2020;292;366;beauce_5_sa_083;BTH;;3.03;0.0;11.6;-68.82;4.7;98.81;33.61;0.02;0.0;0;2.77;0;-26.35;0.02;0.0;0.0;3.03
2020;1;221;beauce_5_sa_084;BTH;;1.58;1.11;63.75;0.0;49.95;22.22;117.58;0.05;0.0;0;56.22;0;-708.38;0.01;0.04;1.11;1.58
2020;222;265;beauce_5_sa_084;solnu;;0.57;0.0;25.12;-22.16;0.0;117.58;119.83;0.14;0.0;0;0;0;-246.0;0.13;0.01;0.0;0.57
2020;266;366;beauce_5_sa_084;BTH;;4.75;0.0;19.07;-86.96;14.89;120.13;32.27;0.02;0.0;0;8.76;0;-38.3;0.02;0.0;0.0;4.75
2020;1;184;beauce_5_sa_085;BTH;;3.88;0.36;43.97;0.0;107.59;64.32;22.08;0.07;0.0;0;65.38;0;-486.03;0.04;0.03;0.36;3.88
2020;185;312;beauce_5_sa_085;solnu;;1.19;0.0;50.47;-49.66;0.0;22.08;25.73;0.04;0.0;0;0;0;-523.68;0.02;0.02;0.0;1.19
2020;313;366;beauce_5_sa_085;BTH;;2.12;0.0;7.12;-11.05;0.0;25.78;23.62;0.0;0.0;0;0.0;0;-81.69;0.0;0.0;0.0;2.12
2020;1;189;beauce_5_sa_086;BTH;;2.04;0.37;47.51;0.0;81.88;32.39;23.66;0.05;0.0;0;68.98;0;-527.0;0.02;0.03;0.37;2.04
2020;190;271;beauce_5_sa_086;solnu;;0.15;0.0;40.88;-59.64;0.0;23.66;10.83;0.02;0.0;0;0;0;-422.09;0.02;0.01;0.0;0.15
2020;272;366;beauce_5_sa_086;BTH;;1.45;0.0;16.92;-16.97;0.0;10.81;9.45;0.0;0.0;0;0.0;0;-17.28;0.0;0.0;0.0;1.45
2020;1;171;beauce_5_sa_087;BTH;;2.78;0.53;36.98;0.0;95.11;39.8;17.07;0.07;0.0;0;72.45;0;-405.03;0.04;0.02;0.53;2.78
2020;172;276;beauce_5_sa_087;solnu;;0.26;0.0;50.64;-53.18;0.0;17.07;17.2;0.03;0.0;0;0;0;-512.82;0.01;0.02;0.0;0.26
2020;277;366;beauce_5_sa_087;BTH;;1.87;0.0;15.26;-18.14;0.0;17.18;15.35;0.0;0.0;0;0.0;0;-73.42;0.0;0.0;0.0;1.87
2020;1;222;beauce_5_sa_088;BTH;;4.09;1.61;57.99;0.0;192.91;56.93;38.38;0.14;0.0;0;119.93;0;-640.15;0.1;0.03;1.61;4.09
2020;223;293;beauce_5_sa_088;solnu;;0.0;0.0;32.34;-19.57;0.0;38.38;49.89;0.03;0.0;0;0;0;-300.07;0.02;0.01;0.0;0.0
2020;294;366;beauce_5_sa_088;BTH;;2.19;0.0;11.07;-34.55;0.0;50.15;27.96;0.01;0.0;0;0.0;0;-90.01;0.0;0.0;0.0;2.19
2020;1;207;beauce_5_sa_089;BTH;;3.63;0.83;52.57;0.0;118.52;64.32;56.64;0.07;0.0;0;71.81;0;-586.29;0.04;0.03;0.83;3.63
2020;208;312;beauce_5_sa_089;solnu;;1.36;0.0;42.99;-20.11;0.0;56.64;78.04;0.11;0.0;0;0;0;-403.29;0.09;0.02;0.0;1.36
2020;313;366;beauce_5_sa_089;BTH;;2.49;0.0;7.15;-56.74;0.0;78.15;27.65;0.0;0.0;0;0.0;0;-50.41;0.0;0.0;0.0;2.49
2020;1;184;beauce_5_sa_090;BTH;;4.79;0.0;43.34;0.0;137.89;129.4;28.47;0.1;0.0;0;83.64;0;-479.7;0.07;0.03;0.0;4.79
2020;185;309;beauce_5_sa_090;solnu;;0.0;0.0;47.94;-20.08;0.0;28.47;56.62;0.04;0.0;0;0;0;-458.54;0.02;0.02;0.0;0.0
2020;310;366;beauce_5_sa_090;BTH;;2.75;0.88;7.85;-41.97;0.72;56.95;88.97;0.01;0.0;0;0.42;0;-127.8;0.01;0.0;0.88;2.75
2020;1;226;beauce_5_sa_091;BTH;;3.28;0.0;62.11;0.0;83.5;55.45;30.71;0.07;0.0;0;56.42;0;-689.97;0.03;0.04;0.0;3.28
2020;227;292;beauce_5_sa_091;solnu;;1.09;0.0;30.27;-44.87;0.0;30.71;17.59;0.03;0.0;0;0;0;-328.58;0.02;0.01;0.0;1.09
2020;293;366;beauce_5_sa_091;BTH;;1.61;0.0;11.18;-15.7;0.0;17.67;15.93;0.0;0.0;0;0.0;0;-110.28;0.0;0.0;0.0;1.61
2020;1;188;beauce_5_sa_092;BTH;;3.48;1.14;44.61;0.0;168.45;60.24;18.07;0.1;0.0;0;103.59;0;-496.79;0.07;0.03;1.14;3.48
2020;189;297;beauce_5_sa_092;solnu;;0.0;0.0;43.56;-43.05;0.0;18.07;19.64;0.03;0.0;0;0;0;-417.37;0.01;0.02;0.0;0.0
2020;298;366;beauce_5_sa_092;BTH;;1.3;0.0;10.21;-15.44;0.0;19.64;18.41;0.0;0.0;0;0.0;0;-96.2;0.0;0.0;0.0;1.3
2020;1;201;beauce_5_sa_093;BTH;;3.54;1.01;51.43;0.0;135.25;42.79;31.12;0.09;0.0;0;94.33;0;-574.11;0.06;0.03;1.01;3.54
2020;202;281;beauce_5_sa_093;solnu;;0.0;0.0;38.94;-44.63;0.0;31.12;25.38;0.04;0.0;0;0;0;-359.3;0.03;0.01;0.0;0.0
2020;282;366;beauce_5_sa_093;BTH;;2.38;0.0;13.79;-20.96;0.0;25.36;23.11;0.0;0.0;0;0.0;0;-113.03;0.0;0.0;0.0;2.38
2020;1;206;beauce_5_sa_094;BTH;;2.37;0.0;54.09;0.0;63.81;37.44;25.3;0.05;0.0;0;55.43;0;-601.26;0.02;0.03;0.0;2.37
2020;207;275;beauce_5_sa_094;solnu;;0.58;0.0;35.55;-51.68;0.0;25.3;11.45;0.03;0.0;0;0;0;-370.4;0.02;0.01;0.0;0.58
2020;276;366;beauce_5_sa_094;BTH;;1.24;0.0;15.47;-17.58;0.0;11.45;10.24;0.0;0.0;0;0.0;0;-69.81;0.0;0.0;0.0;1.24
2020;1;185;beauce_5_sa_095;BTH;;2.1;1.03;45.47;0.0;139.83;35.63;16.16;0.08;0.0;0;101.2;0;-505.62;0.05;0.03;1.03;2.1
2020;186;273;beauce_5_sa_095;solnu;;0.0;0.0;42.7;-55.72;0.0;16.16;11.41;0.01;0.0;0;0;0;-418.64;0.01;0.01;0.0;0.0
2020;274;366;beauce_5_sa_095;BTH;;1.14;0.0;16.33;-16.11;0.0;11.44;10.49;0.0;0.0;0;0.0;0;29.34;0.0;0.0;0.0;1.14
2020;1;213;beauce_5_sa_096;BTH;;2.01;2.11;60.17;0.0;135.93;27.37;107.18;0.12;0.0;0;103.78;0;-667.92;0.08;0.04;2.11;2.01
2020;214;269;beauce_5_sa_096;solnu;;0.0;0.0;31.38;-115.87;0.0;107.18;22.65;0.04;0.0;0;0;0;-68.11;0.04;0.0;0.0;0.0
2020;270;366;beauce_5_sa_096;BTH;;2.82;0.0;18.13;17.62;25.1;23.1;30.44;0.03;0.0;0;14.77;0;26.79;0.01;0.02;0.0;2.82
2020;1;177;beauce_5_sa_097;BTH;;2.94;1.12;40.16;0.0;139.06;51.46;32.03;0.1;0.0;0;97.79;0;-447.95;0.08;0.02;1.12;2.94
2020;178;279;beauce_5_sa_097;solnu;;0.0;0.0;47.15;-18.81;0.0;32.03;60.38;0.07;0.0;0;0;0;-435.21;0.05;0.02;0.0;0.0
2020;280;366;beauce_5_sa_097;BTH;;2.25;0.14;14.29;-63.76;1.11;60.57;20.93;0.0;0.0;0;0.65;0;-110.65;0.0;0.0;0.14;2.25
2020;1;175;beauce_5_sa_098;BTH;;2.26;1.16;39.72;0.0;149.56;37.53;12.54;0.08;0.0;0;105.85;0;-435.6;0.05;0.02;1.16;2.26
2020;176;276;beauce_5_sa_098;solnu;;0.0;0.0;46.41;-19.41;0.0;12.54;39.52;0.04;0.0;0;0;0;-440.18;0.02;0.02;0.0;0.0
2020;277;366;beauce_5_sa_098;BTH;;1.31;0.0;15.3;-41.58;0.0;40.03;14.66;0.01;0.0;0;0.0;0;-129.43;0.0;0.0;0.0;1.31
2020;1;203;beauce_5_sa_099;BTH;;4.59;1.51;47.4;0.0;193.45;65.51;28.03;0.12;0.0;0;115.2;0;-529.73;0.09;0.03;1.51;4.59
2020;204;318;beauce_5_sa_099;solnu;;0.0;0.0;42.54;-19.13;0.0;28.03;51.4;0.04;0.0;0;0;0;-389.35;0.02;0.02;0.0;0.0
2020;319;366;beauce_5_sa_099;BTH;;0.84;0.0;6.4;-31.43;0.0;51.55;28.77;0.0;0.0;0;0.0;0;-73.92;0.0;0.0;0.0;0.84
2021;1;171;beauce_5_sa_000;BTH;;3.35;2.01;33.99;27.15;147.98;27.57;87.59;0.19;0.03;0;105.35;0;-146.31;0.15;0.04;2.01;3.35
2021;172;266;beauce_5_sa_000;solnu;;7.11;0.0;45.46;-68.21;0.0;87.59;58.66;0.09;0.06;0;0;0;-181.77;0.07;0.02;0.0;7.11
2021;267;365;beauce_5_sa_000;BTH;;11.27;0.0;18.47;-7.57;4.76;58.67;53.53;0.01;0.0;0;2.8;0;74.46;0.0;0.01;0.0;11.27
2021;1;211;beauce_5_sa_001;BTH;;16.75;2.19;53.74;43.97;110.99;75.82;212.51;0.32;0.03;0;101.47;0;-336.36;0.26;0.06;2.19;16.75
2021;212;260;beauce_5_sa_001;solnu;;13.77;0.0;23.13;-12.82;0.0;212.51;208.86;0.08;0.11;0;0;0;-170.4;0.07;0.01;0.0;13.77
2021;261;365;beauce_5_sa_001;BTH;;29.26;0.0;19.72;-71.02;8.94;209.46;119.35;0.0;0.0;0;5.26;0;3.24;0.0;0.0;0.0;29.26
2021;1;184;beauce_5_sa_002;BTH;;3.48;0.0;39.62;17.23;67.09;24.48;11.32;0.05;0.01;0;40.07;0;-142.97;0.02;0.03;0.0;3.48
2021;185;262;beauce_5_sa_002;solnu;;0.49;0.0;36.43;-41.65;0.0;11.32;10.32;0.02;0.03;0;0;0;-275.94;0.01;0.01;0.0;0.49
2021;263;365;beauce_5_sa_002;BTH;;2.02;0.22;19.48;-16.8;1.25;10.7;26.5;0.01;0.0;0;0.73;0;-9.9;0.01;0.0;0.22;2.02
2021;1;227;beauce_5_sa_003;BTH;;4.93;0.29;60.15;3.74;73.83;16.09;23.97;0.05;0.0;0;43.44;0;-175.96;0.01;0.04;0.29;4.93
2021;228;299;beauce_5_sa_003;solnu;;0.8;0.0;26.24;-41.54;0.0;23.97;12.7;0.02;0.03;0;0;0;-203.32;0.01;0.0;0.0;0.8
2021;300;365;beauce_5_sa_003;BTH;;2.32;0.0;8.6;-10.55;0.0;12.7;10.47;0.0;0.0;0;0.0;0;-22.29;0.0;0.0;0.0;2.32
2021;1;211;beauce_5_sa_004;BTH;;5.86;0.6;52.45;0.67;86.51;19.0;25.86;0.08;0.01;0;50.9;0;-126.44;0.05;0.03;0.6;5.86
2021;212;293;beauce_5_sa_004;solnu;;0.89;0.0;32.36;-11.44;0.0;25.86;45.83;0.04;0.03;0;0;0;-177.63;0.02;0.01;0.0;0.89
2021;294;365;beauce_5_sa_004;BTH;;2.75;0.0;10.12;-42.6;0.0;46.03;12.29;0.0;0.0;0;0.0;0;-43.1;0.0;0.0;0.0;2.75
2021;1;199;beauce_5_sa_005;BTH;;9.3;1.4;47.11;33.11;197.4;55.34;36.0;0.21;0.02;0;118.87;0;-108.86;0.16;0.05;1.4;9.3
2021;200;287;beauce_5_sa_005;solnu;;2.16;0.0;37.55;-5.9;0.0;36.0;65.4;0.04;0.04;0;0;0;-204.28;0.02;0.02;0.0;2.16
2021;288;365;beauce_5_sa_005;BTH;;6.17;0.69;11.73;-66.27;3.81;65.74;52.55;0.04;0.0;0;2.24;0;4.63;0.04;0.0;0.69;6.17
2021;1;174;beauce_5_sa_006;BTH;;11.35;1.88;34.61;30.74;92.67;56.1;159.5;0.06;0.01;0;84.3;0;-140.91;0.02;0.04;1.88;11.35
2021;175;267;beauce_5_sa_006;solnu;;6.07;0.0;43.47;-3.01;0.0;159.5;193.71;0.19;0.12;0;0;0;-272.96;0.16;0.03;0.0;6.07
2021;268;365;beauce_5_sa_006;BTH;;19.72;0.0;17.25;-90.76;15.03;194.06;85.45;0.0;0.0;0;8.84;0;35.75;0.0;0.0;0.0;19.72
2021;1;195;beauce_5_sa_007;BTH;;4.24;0.58;44.36;4.06;95.4;14.35;7.38;0.04;0.0;0;56.14;0;-110.74;0.01;0.03;0.58;4.24
2021;196;285;beauce_5_sa_007;solnu;;0.57;0.0;37.91;-10.7;0.0;7.38;33.98;0.02;0.01;0;0;0;-209.03;0.0;0.02;0.0;0.57
2021;286;365;beauce_5_sa_007;BTH;;1.36;0.0;11.99;-41.65;0.0;34.39;6.07;0.0;0.0;0;0.0;0;-69.34;0.0;0.0;0.0;1.36
2021;1;174;beauce_5_sa_008;BTH;;4.3;1.12;34.23;7.12;128.48;18.17;11.43;0.08;0.0;0;75.61;0;-25.31;0.05;0.03;1.12;4.3
2021;175;298;beauce_5_sa_008;solnu;;1.57;0.0;52.66;-53.76;0.0;11.43;15.7;0.03;0.03;0;0;0;-268.27;0.01;0.02;0.0;1.57
2021;299;365;beauce_5_sa_008;BTH;;2.86;0.0;9.03;-9.04;0.0;15.73;12.83;0.0;0.0;0;0.0;0;39.62;0.0;0.0;0.0;2.86
2021;1;216;beauce_5_sa_009;BTH;;2.16;0.0;55.58;17.23;53.02;8.76;26.74;0.05;0.0;0;33.86;0;-298.05;0.01;0.04;0.0;2.16
2021;217;266;beauce_5_sa_009;solnu;;0.38;0.0;22.65;-48.36;0.0;26.74;2.95;0.0;0.0;0;0;0;-136.49;0.0;0.0;0.0;0.38
2021;267;365;beauce_5_sa_009;BTH;;0.58;0.0;17.37;-12.97;2.34;2.95;4.43;0.0;0.0;0;1.38;0;-15.09;0.0;0.0;0.0;0.58
2021;1;228;beauce_5_sa_010;BTH;;5.15;0.63;59.86;33.87;78.11;15.61;74.45;0.16;0.01;0;45.96;0;-335.15;0.1;0.06;0.63;5.15
2021;229;261;beauce_5_sa_010;solnu;;1.84;0.0;15.48;-14.31;0.0;74.45;73.66;0.05;0.09;0;0;0;-114.6;0.04;0.0;0.0;1.84
2021;262;365;beauce_5_sa_010;BTH;;8.24;0.0;19.06;-50.58;0.0;73.89;34.45;0.0;0.0;0;0.0;0;-83.03;0.0;0.0;0.0;8.24
2021;1;172;beauce_5_sa_011;BTH;;6.12;2.01;34.04;33.71;127.45;36.87;121.67;0.17;0.02;0;101.03;0;-127.01;0.13;0.04;2.01;6.12
2021;173;259;beauce_5_sa_011;solnu;;6.1;0.0;41.54;-1.35;0.0;121.67;156.29;0.16;0.11;0;0;0;-246.31;0.14;0.03;0.0;6.1
2021;260;365;beauce_5_sa_011;BTH;;17.06;0.0;20.59;-80.49;10.22;156.92;69.12;0.0;0.0;0;6.01;0;30.31;0.0;0.0;0.0;17.06
2021;1;219;beauce_5_sa_012;BTH;;2.78;0.0;56.45;20.17;54.47;10.08;29.99;0.05;0.0;0;32.76;0;-298.6;0.01;0.05;0.0;2.78
2021;220;265;beauce_5_sa_012;solnu;;0.42;0.0;21.01;-48.65;0.0;29.99;3.24;0.0;0.0;0;0;0;-129.0;0.0;0.0;0.0;0.42
2021;266;365;beauce_5_sa_012;BTH;;0.62;0.0;17.6;-15.33;0.61;3.31;4.28;0.0;0.0;0;0.36;0;-20.71;0.0;0.0;0.0;0.62
2021;1;177;beauce_5_sa_013;BTH;;2.87;0.88;35.75;2.97;107.02;11.67;5.62;0.05;0.0;0;62.98;0;-21.4;0.03;0.02;0.88;2.87
2021;178;279;beauce_5_sa_013;solnu;;0.69;0.0;45.49;-41.09;0.0;5.62;10.67;0.03;0.03;0;0;0;-225.07;0.01;0.02;0.0;0.69
2021;280;365;beauce_5_sa_013;BTH;;2.0;0.0;13.96;-16.33;0.0;10.67;8.76;0.0;0.0;0;0.0;0;-22.44;0.0;0.0;0.0;2.0
2021;1;185;beauce_5_sa_014;BTH;;11.86;1.89;40.31;40.99;131.57;43.58;124.09;0.21;0.02;0;83.15;0;-112.74;0.16;0.05;1.89;11.86
2021;186;289;beauce_5_sa_014;solnu;;7.29;0.0;43.65;0.51;0.0;124.09;161.59;0.09;0.09;0;0;0;-255.19;0.06;0.03;0.0;7.29
2021;290;365;beauce_5_sa_014;BTH;;17.72;0.0;11.29;-71.78;5.61;161.97;77.76;0.01;0.0;0;3.3;0;10.79;0.01;0.0;0.0;17.72
2021;1;201;beauce_5_sa_015;BTH;;4.73;0.36;46.9;-1.3;77.16;15.84;7.62;0.04;0.0;0;45.4;0;-90.19;0.01;0.03;0.36;4.73
2021;202;304;beauce_5_sa_015;solnu;;0.68;0.0;39.84;-42.77;0.0;7.62;6.38;0.01;0.0;0;0;0;-237.45;0.0;0.01;0.0;0.68
2021;305;365;beauce_5_sa_015;BTH;;1.16;0.0;7.89;-8.72;0.0;6.38;5.28;0.0;0.0;0;0.0;0;-11.54;0.0;0.0;0.0;1.16
2021;1;186;beauce_5_sa_016;BTH;;5.32;0.72;40.58;40.87;78.36;17.97;70.64;0.14;0.02;0;53.54;0;-247.37;0.09;0.05;0.72;5.32
2021;187;256;beauce_5_sa_016;solnu;;3.6;0.0;32.39;-6.46;0.0;70.64;92.84;0.06;0.07;0;0;0;-232.72;0.05;0.02;0.0;3.6
2021;257;365;beauce_5_sa_016;BTH;;10.36;0.0;21.77;-59.09;4.02;93.74;41.57;0.0;0.0;0;2.37;0;-86.21;0.0;0.0;0.0;10.36
2021;1;225;beauce_5_sa_017;BTH;;18.53;2.31;62.46;42.15;203.07;125.18;184.09;0.46;0.03;0;129.87;0;-276.86;0.39;0.06;2.31;18.53
2021;226;282;beauce_5_sa_017;solnu;;12.99;0.0;24.36;-61.84;0.0;184.09;133.59;0.05;0.12;0;0;0;-65.95;0.05;0.0;0.0;12.99
2021;283;365;beauce_5_sa_017;BTH;;25.11;0.82;13.32;-13.67;0.36;133.54;169.35;0.0;0.0;0;0.21;0;84.03;0.0;0.0;0.82;25.11
2021;1;213;beauce_5_sa_018;BTH;;18.1;1.79;54.19;41.36;129.72;70.09;156.27;0.17;0.01;0;77.82;0;-191.4;0.11;0.06;1.79;18.1
2021;214;311;beauce_5_sa_018;solnu;;4.92;0.0;35.0;-7.17;0.0;156.27;178.92;0.13;0.12;0;0;0;-219.43;0.11;0.02;0.0;4.92
2021;312;365;beauce_5_sa_018;BTH;;18.32;0.0;6.47;-76.8;0.0;179.28;90.25;0.03;0.0;0;0.0;0;4.18;0.03;0.0;0.0;18.32
2021;1;208;beauce_5_sa_019;BTH;;5.45;0.0;49.99;-4.43;48.04;17.31;10.87;0.03;0.0;0;28.27;0;-183.41;0.0;0.03;0.0;5.45
2021;209;312;beauce_5_sa_019;solnu;;0.83;0.0;37.65;-39.57;0.0;10.87;8.08;0.03;0.01;0;0;0;-222.61;0.01;0.02;0.0;0.83
2021;313;365;beauce_5_sa_019;BTH;;1.37;0.0;6.15;-6.49;0.0;7.99;6.64;0.0;0.0;0;0.0;0;-18.23;0.0;0.0;0.0;1.37
2021;1;194;beauce_5_sa_020;BTH;;5.57;0.0;43.56;-8.8;40.35;17.65;8.63;0.02;0.0;0;23.75;0;-172.2;0.0;0.02;0.0;5.57
2021;195;313;beauce_5_sa_020;solnu;;0.91;0.0;43.89;-6.17;0.0;8.63;45.38;0.05;0.02;0;0;0;-253.95;0.02;0.02;0.0;0.91
2021;314;365;beauce_5_sa_020;BTH;;2.87;0.0;5.97;-33.59;0.0;45.45;14.88;0.01;0.0;0;0.0;0;-23.43;0.01;0.0;0.0;2.87
2021;1;187;beauce_5_sa_021;BTH;;5.36;0.0;40.42;-5.21;39.38;17.18;7.4;0.02;0.0;0;23.17;0;-123.78;0.0;0.02;0.0;5.36
2021;188;292;beauce_5_sa_021;solnu;;0.74;0.0;42.68;-9.8;0.0;7.4;39.58;0.03;0.02;0;0;0;-241.26;0.01;0.02;0.0;0.74
2021;293;365;beauce_5_sa_021;BTH;;1.86;0.0;10.37;-38.61;1.33;39.96;8.15;0.01;0.0;0;0.78;0;-32.26;0.01;0.0;0.0;1.86
2021;1;188;beauce_5_sa_022;BTH;;5.85;0.0;40.82;-11.98;34.42;18.5;9.2;0.02;0.0;0;20.25;0;-117.92;0.0;0.02;0.0;5.85
2021;189;306;beauce_5_sa_022;solnu;;0.89;0.0;45.15;-7.93;0.0;9.2;45.46;0.04;0.02;0;0;0;-237.43;0.01;0.02;0.0;0.89
2021;307;365;beauce_5_sa_022;BTH;;2.66;0.0;7.68;-37.83;0.0;45.75;12.63;0.02;0.0;0;0.0;0;-24.23;0.02;0.0;0.0;2.66
2021;1;200;beauce_5_sa_023;BTH;;4.8;0.0;46.18;-2.03;48.67;15.53;7.21;0.03;0.0;0;28.64;0;-130.93;0.0;0.03;0.0;4.8
2021;201;309;beauce_5_sa_023;solnu;;0.74;0.0;41.0;-42.63;0.0;7.21;6.0;0.01;0.0;0;0;0;-235.71;0.0;0.01;0.0;0.74
2021;310;365;beauce_5_sa_023;BTH;;1.04;0.0;6.76;-6.69;0.0;5.98;5.04;0.0;0.0;0;0.0;0;-6.79;0.0;0.0;0.0;1.04
2021;1;200;beauce_5_sa_024;BTH;;7.74;1.54;47.57;33.46;134.27;28.11;83.8;0.21;0.02;0;79.01;0;-113.93;0.16;0.05;1.54;7.74
2021;201;289;beauce_5_sa_024;solnu;;3.66;0.0;37.77;-61.39;0.0;83.8;56.67;0.07;0.08;0;0;0;-199.36;0.05;0.02;0.0;3.66
2021;290;365;beauce_5_sa_024;BTH;;10.55;0.0;11.37;-11.56;0.0;56.67;46.16;0.0;0.0;0;0.0;0;32.45;0.0;0.0;0.0;10.55
2021;1;181;beauce_5_sa_025;BTH;;3.15;1.28;38.12;17.75;131.49;11.57;29.59;0.11;0.01;0;77.38;0;-99.37;0.08;0.03;1.28;3.15
2021;182;267;beauce_5_sa_025;solnu;;1.23;0.0;39.96;-2.44;0.0;29.59;65.75;0.07;0.06;0;0;0;-220.53;0.05;0.02;0.0;1.23
2021;268;365;beauce_5_sa_025;BTH;;4.89;0.0;17.19;-57.98;0.0;66.1;21.35;0.0;0.0;0;0.0;0;-37.04;0.0;0.0;0.0;4.89
2021;1;192;beauce_5_sa_026;BTH;;7.81;2.29;44.17;50.84;173.18;32.27;119.55;0.3;0.02;0;111.76;0;-186.84;0.24;0.06;2.29;7.81
2021;193;269;beauce_5_sa_026;solnu;;6.85;0.0;35.02;-1.04;0.0;119.55;146.51;0.08;0.09;0;0;0;-216.37;0.06;0.02;0.0;6.85
2021;270;365;beauce_5_sa_026;BTH;;16.58;0.0;16.66;-67.87;6.0;147.17;72.72;0.0;0.0;0;3.53;0;-4.03;0.0;0.0;0.0;16.58
2021;1;226;beauce_5_sa_027;BTH;;8.45;1.27;61.38;12.68;148.11;22.74;36.64;0.12;0.0;0;87.16;0;-161.13;0.08;0.04;1.27;8.45
2021;227;286;beauce_5_sa_027;solnu;;1.95;0.0;24.75;-46.76;0.0;36.64;22.88;0.01;0.04;0;0;0;-227.84;0.01;0.0;0.0;1.95
2021;287;365;beauce_5_sa_027;BTH;;4.32;0.0;11.8;-11.69;0.0;22.84;18.66;0.0;0.0;0;0.0;0;57.16;0.0;0.0;0.0;4.32
2021;1;193;beauce_5_sa_028;BTH;;6.09;1.29;44.02;2.23;147.02;22.39;12.25;0.09;0.0;0;86.89;0;-9.63;0.06;0.03;1.29;6.09
2021;194;304;beauce_5_sa_028;solnu;;1.14;0.0;43.35;-9.39;0.0;12.25;45.18;0.03;0.01;0;0;0;-188.18;0.01;0.02;0.0;1.14
2021;305;365;beauce_5_sa_028;BTH;;2.48;0.14;8.05;-52.67;0.59;45.32;11.4;0.0;0.0;0;0.34;0;-37.26;0.0;0.0;0.14;2.48
2021;1;218;beauce_5_sa_029;BTH;;4.8;0.0;55.46;0.72;52.67;15.56;15.28;0.03;0.0;0;30.99;0;-187.78;0.0;0.03;0.0;4.8
2021;219;317;beauce_5_sa_029;solnu;;1.05;0.0;33.38;-42.84;0.0;15.28;6.94;0.01;0.01;0;0;0;-213.71;0.0;0.01;0.0;1.05
2021;318;365;beauce_5_sa_029;BTH;;0.96;0.0;5.22;-5.19;0.0;6.93;6.08;0.0;0.0;0;0.0;0;-4.2;0.0;0.0;0.0;0.96
2021;1;205;beauce_5_sa_030;BTH;;5.41;0.0;48.37;-3.35;50.29;17.23;8.45;0.03;0.0;0;29.59;0;-220.11;0.0;0.03;0.0;5.41
2021;206;309;beauce_5_sa_030;solnu;;0.81;0.0;38.45;-8.61;0.0;8.45;37.43;0.04;0.01;0;0;0;-241.27;0.02;0.02;0.0;0.81
2021;310;365;beauce_5_sa_030;BTH;;1.8;0.0;6.73;-33.76;0.0;37.65;9.0;0.01;0.0;0;0.0;0;-33.13;0.01;0.0;0.0;1.8
2021;1;211;beauce_5_sa_031;BTH;;9.36;0.91;52.51;15.34;83.24;30.64;75.57;0.11;0.0;0;48.98;0;-190.84;0.07;0.04;0.91;9.36
2021;212;316;beauce_5_sa_031;solnu;;2.9;0.0;37.14;-3.7;0.0;75.57;105.91;0.12;0.09;0;0;0;-230.32;0.1;0.02;0.0;2.9
2021;317;365;beauce_5_sa_031;BTH;;8.69;0.0;5.37;-53.64;0.0;105.11;48.93;0.01;0.0;0;0.0;0;-13.04;0.01;0.0;0.0;8.69
2021;1;202;beauce_5_sa_032;BTH;;2.72;0.0;47.23;7.54;46.07;8.69;15.23;0.03;0.0;0;27.11;0;-147.78;0.0;0.03;0.0;2.72
2021;203;271;beauce_5_sa_032;solnu;;0.35;0.0;31.49;-38.27;0.0;15.23;8.74;0.02;0.03;0;0;0;-194.48;0.01;0.01;0.0;0.35
2021;272;365;beauce_5_sa_032;BTH;;1.6;0.0;16.21;-16.28;0.0;8.6;7.06;0.0;0.0;0;0.0;0;-29.17;0.0;0.0;0.0;1.6
2021;1;221;beauce_5_sa_033;BTH;;7.03;0.83;57.62;11.01;116.11;17.55;25.94;0.07;0.0;0;68.32;0;-155.08;0.03;0.04;0.83;7.03
2021;222;294;beauce_5_sa_033;solnu;;1.28;0.0;27.98;-45.51;0.0;25.94;14.39;0.01;0.03;0;0;0;-243.04;0.01;0.01;0.0;1.28
2021;295;365;beauce_5_sa_033;BTH;;2.64;0.0;9.89;-11.59;0.0;14.39;11.83;0.0;0.0;0;0.0;0;-4.32;0.0;0.0;0.0;2.64
2021;1;179;beauce_5_sa_034;BTH;;2.13;0.0;36.91;7.11;42.32;6.86;6.89;0.03;0.0;0;24.9;0;-111.06;0.0;0.03;0.0;2.13
2021;180;262;beauce_5_sa_034;solnu;;0.37;0.0;38.63;-9.91;0.0;6.89;35.17;0.03;0.03;0;0;0;-232.83;0.02;0.02;0.0;0.37
2021;263;365;beauce_5_sa_034;BTH;;1.98;0.0;19.06;-42.27;1.5;35.74;8.47;0.0;0.0;0;0.88;0;-60.06;0.0;0.0;0.0;1.98
2021;1;214;beauce_5_sa_035;BTH;;5.48;2.21;56.66;42.16;177.09;24.74;107.32;0.27;0.03;0;106.68;0;-186.87;0.21;0.06;2.21;5.48
2021;215;286;beauce_5_sa_035;solnu;;4.98;0.0;30.76;-66.02;0.0;107.32;67.81;0.06;0.09;0;0;0;-96.91;0.06;0.0;0.0;4.98
2021;287;365;beauce_5_sa_035;BTH;;12.8;0.0;12.18;-12.11;0.0;67.89;55.07;0.0;0.0;0;0.0;0;72.46;0.0;0.0;0.0;12.8
2021;1;175;beauce_5_sa_036;BTH;;5.26;0.0;34.33;-0.81;37.94;19.39;9.7;0.02;0.0;0;22.32;0;-110.92;0.0;0.02;0.0;5.26
2021;176;312;beauce_5_sa_036;solnu;;1.62;0.0;53.28;-46.65;0.0;9.7;14.69;0.04;0.03;0;0;0;-301.7;0.01;0.02;0.0;1.62
2021;313;365;beauce_5_sa_036;BTH;;2.54;0.0;6.19;-5.91;0.0;14.69;12.43;0.0;0.0;0;0.0;0;-13.02;0.0;0.0;0.0;2.54
2021;1;222;beauce_5_sa_037;BTH;;7.93;0.0;58.78;31.08;86.46;46.72;43.44;0.1;0.01;0;53.59;0;-243.64;0.05;0.05;0.0;7.93
2021;223;262;beauce_5_sa_037;solnu;;1.37;0.0;18.14;-16.67;0.0;43.44;43.46;0.03;0.05;0;0;0;-126.56;0.02;0.0;0.0;1.37
2021;263;365;beauce_5_sa_037;BTH;;5.12;0.66;18.78;-50.92;3.81;43.87;57.6;0.04;0.0;0;2.24;0;-104.72;0.04;0.0;0.66;5.12
2021;1;190;beauce_5_sa_038;BTH;;2.33;0.0;41.93;16.76;48.77;7.25;15.28;0.04;0.0;0;28.7;0;-216.98;0.01;0.04;0.0;2.33
2021;191;263;beauce_5_sa_038;solnu;;0.4;0.0;33.58;-9.19;0.0;15.28;39.2;0.03;0.04;0;0;0;-232.6;0.02;0.02;0.0;0.4
2021;264;365;beauce_5_sa_038;BTH;;2.39;0.0;18.39;-43.39;1.5;39.66;10.3;0.0;0.0;0;0.88;0;-83.33;0.0;0.0;0.0;2.39
2021;1;195;beauce_5_sa_039;BTH;;5.48;0.42;43.91;7.65;87.61;18.27;8.23;0.04;0.0;0;51.55;0;-255.81;0.0;0.04;0.42;5.48
2021;196;309;beauce_5_sa_039;solnu;;0.9;0.0;42.43;-2.8;0.0;8.23;46.99;0.05;0.02;0;0;0;-289.78;0.02;0.03;0.0;0.9
2021;310;365;beauce_5_sa_039;BTH;;2.38;0.0;6.68;-40.49;0.0;47.22;11.75;0.01;0.0;0;0.0;0;-59.52;0.01;0.0;0.0;2.38
2021;1;190;beauce_5_sa_040;BTH;;5.83;0.97;42.51;6.37;100.35;20.04;35.32;0.11;0.01;0;59.05;0;-60.18;0.08;0.03;0.97;5.83
2021;191;315;beauce_5_sa_040;solnu;;2.18;0.0;47.13;-57.65;0.0;35.32;25.08;0.05;0.06;0;0;0;-217.91;0.03;0.02;0.0;2.18
2021;316;365;beauce_5_sa_040;BTH;;3.85;0.0;5.64;-5.66;0.0;25.12;21.21;0.0;0.0;0;0.0;0;16.32;0.0;0.0;0.0;3.85
2021;1;181;beauce_5_sa_041;BTH;;9.31;1.24;37.6;4.14;132.92;27.27;20.29;0.07;0.0;0;78.21;0;-92.57;0.04;0.03;1.24;9.31
2021;182;297;beauce_5_sa_041;solnu;;2.67;0.0;47.53;-3.29;0.0;20.29;62.05;0.05;0.03;0;0;0;-256.57;0.02;0.03;0.0;2.67
2021;298;365;beauce_5_sa_041;BTH;;4.48;0.0;9.13;-48.69;0.0;62.3;20.14;0.0;0.0;0;0.0;0;-50.84;0.0;0.0;0.0;4.48
2021;1;179;beauce_5_sa_042;BTH;;16.13;0.0;37.0;-0.18;89.72;94.79;29.05;0.07;0.01;0;53.39;0;-16.38;0.04;0.03;0.0;16.13
2021;180;312;beauce_5_sa_042;solnu;;4.14;0.0;51.54;-3.57;0.0;29.05;72.99;0.06;0.03;0;0;0;-255.62;0.03;0.03;0.0;4.14
2021;313;365;beauce_5_sa_042;BTH;;7.04;1.02;6.26;-52.45;1.12;73.24;96.37;0.04;0.0;0;0.66;0;-35.23;0.04;0.0;1.02;7.04
2021;1;176;beauce_5_sa_043;BTH;;4.04;0.91;35.05;5.06;112.33;16.29;9.14;0.08;0.0;0;66.1;0;-33.62;0.06;0.02;0.91;4.04
2021;177;296;beauce_5_sa_043;solnu;;1.17;0.0;51.28;-52.82;0.0;9.14;13.27;0.03;0.03;0;0;0;-279.36;0.01;0.02;0.0;1.17
2021;297;365;beauce_5_sa_043;BTH;;2.42;0.0;9.28;-9.29;0.0;13.26;10.84;0.0;0.0;0;0.0;0;33.56;0.0;0.0;0.0;2.42
2021;1;210;beauce_5_sa_044;BTH;;3.72;0.0;51.33;4.73;49.95;12.04;15.27;0.03;0.0;0;29.39;0;-174.12;0.0;0.03;0.0;3.72
2021;211;289;beauce_5_sa_044;solnu;;0.49;0.0;31.95;-40.16;0.0;15.27;7.52;0.02;0.02;0;0;0;-206.06;0.01;0.01;0.0;0.49
2021;290;365;beauce_5_sa_044;BTH;;1.4;0.0;11.11;-11.45;0.0;7.52;6.13;0.0;0.0;0;0.0;0;-19.79;0.0;0.0;0.0;1.4
2021;1;174;beauce_5_sa_045;BTH;;12.98;1.88;34.28;38.86;103.37;57.12;156.26;0.13;0.03;0;81.76;0;-180.45;0.09;0.04;1.88;12.98
2021;175;276;beauce_5_sa_045;solnu;;12.53;0.0;45.7;2.95;0.0;156.26;192.92;0.16;0.1;0;0;0;-310.18;0.13;0.03;0.0;12.53
2021;277;365;beauce_5_sa_045;BTH;;22.33;0.0;14.38;-76.41;10.5;193.16;98.06;0.0;0.0;0;6.18;0;-23.3;0.0;0.0;0.0;22.33
2021;1;187;beauce_5_sa_046;BTH;;4.77;0.76;40.83;-3.03;95.7;16.6;10.41;0.08;0.01;0;56.32;0;-32.34;0.06;0.02;0.76;4.77
2021;188;295;beauce_5_sa_046;solnu;;0.83;0.0;44.01;-45.15;0.0;10.41;10.95;0.03;0.02;0;0;0;-222.96;0.01;0.02;0.0;0.83
2021;296;365;beauce_5_sa_046;BTH;;2.01;0.0;9.72;-10.85;0.0;10.95;9.06;0.0;0.0;0;0.0;0;-4.61;0.0;0.0;0.0;2.01
2021;1;177;beauce_5_sa_047;BTH;;4.54;0.31;35.27;3.25;53.99;15.76;18.82;0.05;0.01;0;31.77;0;-146.28;0.02;0.02;0.31;4.54
2021;178;282;beauce_5_sa_047;solnu;;1.13;0.0;45.63;-0.18;0.0;18.82;63.94;0.06;0.05;0;0;0;-287.63;0.03;0.03;0.0;1.13
2021;283;365;beauce_5_sa_047;BTH;;4.09;0.0;12.69;-48.87;5.56;64.3;18.11;0.0;0.0;0;3.27;0;-51.07;0.0;0.0;0.0;4.09
2021;1;206;beauce_5_sa_048;BTH;;6.43;2.18;50.57;8.11;197.09;27.16;47.33;0.19;0.02;0;115.98;0;-10.85;0.15;0.04;2.18;6.43
2021;207;313;beauce_5_sa_048;solnu;;1.41;0.0;40.42;-5.09;0.0;47.33;81.11;0.09;0.06;0;0;0;-174.74;0.06;0.02;0.0;1.41
2021;314;365;beauce_5_sa_048;BTH;;6.95;0.0;6.17;-46.26;0.0;80.69;34.68;0.02;0.0;0;0.0;0;-5.11;0.02;0.0;0.0;6.95
2021;1;210;beauce_5_sa_049;BTH;;5.74;1.41;52.67;8.59;137.54;22.11;47.32;0.17;0.02;0;80.93;0;-76.04;0.14;0.04;1.41;5.74
2021;211;314;beauce_5_sa_049;solnu;;2.01;0.0;38.16;-59.22;0.0;47.32;26.37;0.05;0.06;0;0;0;-191.76;0.04;0.02;0.0;2.01
2021;315;365;beauce_5_sa_049;BTH;;4.02;0.0;5.87;-6.14;0.0;26.26;22.16;0.0;0.0;0;0.0;0;20.88;0.0;0.0;0.0;4.02
2021;1;228;beauce_5_sa_050;BTH;;6.21;2.2;62.24;28.3;221.18;28.07;57.94;0.26;0.02;0;130.15;0;-265.99;0.2;0.06;2.2;6.21
2021;229;302;beauce_5_sa_050;solnu;;2.51;0.0;26.58;-9.35;0.0;57.94;72.53;0.05;0.08;0;0;0;-160.95;0.04;0.01;0.0;2.51
2021;303;365;beauce_5_sa_050;BTH;;6.81;0.0;8.22;-43.44;0.0;72.75;30.9;0.0;0.0;0;0.0;0;-16.3;0.0;0.0;0.0;6.81
2021;1;221;beauce_5_sa_051;BTH;;5.21;0.0;56.55;10.16;54.06;16.7;25.26;0.04;0.0;0;31.81;0;-324.8;0.0;0.04;0.0;5.21
2021;222;292;beauce_5_sa_051;solnu;;0.69;0.0;26.64;-13.19;0.0;25.26;37.95;0.02;0.03;0;0;0;-189.95;0.01;0.01;0.0;0.69
2021;293;365;beauce_5_sa_051;BTH;;2.51;0.0;10.23;-35.29;0.0;38.29;11.05;0.01;0.0;0;0.0;0;-57.5;0.0;0.0;0.0;2.51
2021;1;173;beauce_5_sa_052;BTH;;6.12;0.0;33.38;-9.22;29.09;22.11;11.54;0.02;0.0;0;17.12;0;-139.66;0.0;0.02;0.0;6.12
2021;174;310;beauce_5_sa_052;solnu;;1.88;0.0;53.56;1.1;0.0;11.54;64.33;0.07;0.04;0;0;0;-327.45;0.04;0.03;0.0;1.88
2021;311;365;beauce_5_sa_052;BTH;;4.8;0.0;6.61;-41.2;0.21;64.63;24.71;0.02;0.0;0;0.12;0;-31.2;0.02;0.0;0.0;4.8
2021;1;206;beauce_5_sa_053;BTH;;2.83;0.65;50.45;18.1;105.25;10.49;20.31;0.08;0.0;0;61.93;0;-167.66;0.04;0.04;0.65;2.83
2021;207;268;beauce_5_sa_053;solnu;;0.49;0.0;29.24;-45.75;0.0;20.31;10.44;0.02;0.03;0;0;0;-266.58;0.01;0.0;0.0;0.49
2021;269;365;beauce_5_sa_053;BTH;;1.98;0.0;17.26;-17.28;0.0;10.44;8.53;0.0;0.0;0;0.0;0;36.91;0.0;0.0;0.0;1.98
2021;1;223;beauce_5_sa_054;BTH;;12.08;1.81;59.94;38.45;132.11;41.46;134.0;0.24;0.02;0;78.31;0;-141.67;0.18;0.06;1.81;12.08
2021;224;303;beauce_5_sa_054;solnu;;6.72;0.0;28.9;-9.69;0.0;134.0;146.3;0.08;0.11;0;0;0;-166.52;0.06;0.01;0.0;6.72
2021;304;365;beauce_5_sa_054;BTH;;16.34;0.0;8.16;-63.99;0.0;146.49;74.29;0.01;0.0;0;0.0;0;10.6;0.01;0.0;0.0;16.34
2021;1;174;beauce_5_sa_055;BTH;;6.02;0.0;33.79;-9.86;29.65;21.77;11.76;0.02;0.0;0;17.45;0;-120.62;0.0;0.02;0.0;6.02
2021;175;309;beauce_5_sa_055;solnu;;1.81;0.0;53.06;-0.39;0.0;11.76;62.52;0.07;0.04;0;0;0;-309.83;0.04;0.03;0.0;1.81
2021;310;365;beauce_5_sa_055;BTH;;4.54;0.0;6.77;-41.5;0.0;62.75;23.24;0.02;0.0;0;0.0;0;-29.96;0.02;0.0;0.0;4.54
2021;1;175;beauce_5_sa_056;BTH;;4.2;1.08;35.08;33.16;91.69;18.79;71.04;0.09;0.02;0;56.01;0;-143.73;0.05;0.04;1.08;4.2
2021;176;272;beauce_5_sa_056;solnu;;3.87;0.0;44.91;-58.0;0.0;71.04;55.11;0.11;0.09;0;0;0;-256.99;0.09;0.02;0.0;3.87
2021;273;365;beauce_5_sa_056;BTH;;10.42;0.0;16.39;-14.97;0.0;55.2;46.11;0.0;0.0;0;0.0;0;3.78;0.0;0.0;0.0;10.42
2021;1;192;beauce_5_sa_057;BTH;;4.54;0.91;43.67;26.91;83.22;13.4;65.39;0.19;0.01;0;50.74;0;-147.84;0.15;0.04;0.91;4.54
2021;193;257;beauce_5_sa_057;solnu;;2.88;0.0;30.52;-9.04;0.0;65.39;83.86;0.06;0.07;0;0;0;-183.68;0.04;0.01;0.0;2.88
2021;258;365;beauce_5_sa_057;BTH;;9.0;0.0;21.42;-58.66;1.12;84.67;36.85;0.0;0.0;0;0.66;0;-38.19;0.0;0.0;0.0;9.0
2021;1;171;beauce_5_sa_058;BTH;;4.13;0.16;32.79;3.24;50.97;15.1;8.04;0.02;0.0;0;29.99;0;-94.88;0.0;0.02;0.16;4.13
2021;172;291;beauce_5_sa_058;solnu;;1.08;0.0;50.68;-42.97;0.0;8.04;14.66;0.04;0.04;0;0;0;-284.74;0.02;0.02;0.0;1.08
2021;292;365;beauce_5_sa_058;BTH;;2.72;0.0;10.8;-10.77;0.0;14.71;11.97;0.0;0.0;0;0.0;0;-17.02;0.0;0.0;0.0;2.72
2021;1;188;beauce_5_sa_059;BTH;;2.01;0.6;41.91;19.45;94.54;8.51;18.49;0.07;0.01;0;57.2;0;-139.1;0.04;0.04;0.6;2.01
2021;189;263;beauce_5_sa_059;solnu;;0.53;0.0;35.28;-52.07;0.0;18.49;6.16;0.01;0.01;0;0;0;-228.99;0.0;0.01;0.0;0.53
2021;264;365;beauce_5_sa_059;BTH;;1.17;0.0;19.19;-17.08;0.61;6.18;6.49;0.0;0.0;0;0.36;0;38.57;0.0;0.0;0.0;1.17
2021;1;185;beauce_5_sa_060;BTH;;3.65;1.24;39.97;6.48;142.07;14.18;7.24;0.11;0.01;0;83.6;0;-98.5;0.08;0.03;1.24;3.65
2021;186;283;beauce_5_sa_060;solnu;;0.7;0.0;42.0;-5.36;0.0;7.24;43.39;0.03;0.03;0;0;0;-220.54;0.01;0.02;0.0;0.7
2021;284;365;beauce_5_sa_060;BTH;;2.1;0.0;12.54;-48.62;0.0;43.78;9.39;0.0;0.0;0;0.0;0;-71.59;0.0;0.0;0.0;2.1
2021;1;211;beauce_5_sa_061;BTH;;9.97;1.66;53.39;47.12;136.82;33.78;113.43;0.2;0.02;0;80.51;0;-184.47;0.14;0.06;1.66;9.97
2021;212;308;beauce_5_sa_061;solnu;;5.85;0.0;36.07;-72.11;0.0;113.43;71.44;0.07;0.09;0;0;0;-178.42;0.06;0.01;0.0;5.85
2021;309;365;beauce_5_sa_061;BTH;;12.31;0.0;7.16;-7.37;0.0;71.37;58.92;0.0;0.0;0;0.0;0;27.27;0.0;0.0;0.0;12.31
2021;1;212;beauce_5_sa_062;BTH;;3.85;0.14;52.76;6.57;61.02;12.65;18.29;0.04;0.0;0;35.91;0;-179.91;0.0;0.04;0.14;3.85
2021;213;286;beauce_5_sa_062;solnu;;0.5;0.0;29.95;-40.36;0.0;18.29;8.84;0.02;0.02;0;0;0;-195.2;0.01;0.01;0.0;0.5
2021;287;365;beauce_5_sa_062;BTH;;1.65;0.0;11.68;-12.41;0.0;8.95;7.25;0.0;0.0;0;0.0;0;-30.79;0.0;0.0;0.0;1.65
2021;1;196;beauce_5_sa_063;BTH;;12.7;1.31;45.83;44.58;186.28;113.0;104.51;0.38;0.03;0;113.69;0;-178.59;0.32;0.05;1.31;12.7
2021;197;269;beauce_5_sa_063;solnu;;6.59;0.0;33.6;-2.86;0.0;104.51;128.46;0.07;0.08;0;0;0;-200.62;0.05;0.02;0.0;6.59
2021;270;365;beauce_5_sa_063;BTH;;14.77;1.14;16.66;-65.0;4.12;129.11;146.56;0.03;0.0;0;2.42;0;-8.21;0.03;0.0;1.14;14.77
2021;1;178;beauce_5_sa_064;BTH;;16.88;2.57;36.14;41.49;162.62;98.76;193.31;0.22;0.03;0;96.82;0;-176.72;0.18;0.05;2.57;16.88
2021;179;316;beauce_5_sa_064;solnu;;20.5;0.0;52.56;15.27;0.0;193.31;241.32;0.2;0.11;0;0;0;-353.07;0.16;0.04;0.0;20.5
2021;317;365;beauce_5_sa_064;BTH;;26.35;0.0;5.35;-73.01;0.0;238.45;147.3;0.02;0.0;0;0.0;0;-18.34;0.02;0.0;0.0;26.35
2021;1;209;beauce_5_sa_065;BTH;;7.17;1.81;52.13;20.3;163.65;25.17;64.15;0.21;0.01;0;96.3;0;-95.76;0.16;0.04;1.81;7.17
2021;210;308;beauce_5_sa_065;solnu;;2.09;0.0;37.69;-62.71;0.0;64.15;37.2;0.06;0.08;0;0;0;-178.89;0.05;0.01;0.0;2.09
2021;309;365;beauce_5_sa_065;BTH;;6.38;0.0;7.2;-7.45;0.0;37.13;30.56;0.0;0.0;0;0.0;0;29.52;0.0;0.0;0.0;6.38
2021;1;221;beauce_5_sa_066;BTH;;16.27;0.0;57.46;29.54;132.11;102.7;44.54;0.12;0.01;0;78.16;0;-312.45;0.07;0.06;0.0;16.27
2021;222;285;beauce_5_sa_066;solnu;;2.57;0.0;25.17;-12.34;0.0;44.54;54.73;0.03;0.04;0;0;0;-176.91;0.02;0.01;0.0;2.57
2021;286;365;beauce_5_sa_066;BTH;;5.4;1.11;11.82;-42.81;0.36;55.12;104.68;0.0;0.0;0;0.21;0;-103.41;0.0;0.0;1.11;5.4
2021;1;219;beauce_5_sa_067;BTH;;9.58;1.03;56.96;19.42;105.34;29.68;70.02;0.12;0.0;0;61.99;0;-170.16;0.07;0.05;1.03;9.58
2021;220;294;beauce_5_sa_067;solnu;;1.48;0.0;28.53;-12.02;0.0;70.02;83.79;0.06;0.08;0;0;0;-171.95;0.05;0.01;0.0;1.48
2021;295;365;beauce_5_sa_067;BTH;;6.91;0.0;10.03;-56.62;0.0;84.19;30.93;0.0;0.0;0;0.0;0;-11.1;0.0;0.0;0.0;6.91
2021;1;179;beauce_5_sa_068;BTH;;8.47;0.91;37.11;12.98;71.28;29.48;68.37;0.1;0.01;0;41.94;0;-100.17;0.07;0.03;0.91;8.47
2021;180;299;beauce_5_sa_068;solnu;;4.72;0.0;48.9;-51.12;0.0;68.37;62.31;0.1;0.08;0;0;0;-282.65;0.07;0.03;0.0;4.72
2021;300;365;beauce_5_sa_068;BTH;;10.27;0.0;8.79;-14.76;0.0;60.89;46.06;0.0;0.0;0;0.0;0;-0.56;0.0;0.0;0.0;10.27
2021;1;170;beauce_5_sa_069;BTH;;4.84;0.2;32.47;3.93;42.76;17.87;22.03;0.04;0.01;0;25.16;0;-94.39;0.01;0.02;0.2;4.84
2021;171;303;beauce_5_sa_069;solnu;;2.06;0.0;54.09;-49.48;0.0;22.03;25.08;0.06;0.05;0;0;0;-297.88;0.03;0.03;0.0;2.06
2021;304;365;beauce_5_sa_069;BTH;;4.56;0.0;8.11;-8.0;0.0;25.08;20.63;0.0;0.0;0;0.0;0;-11.53;0.0;0.0;0.0;4.56
2021;1;206;beauce_5_sa_070;BTH;;18.35;2.39;50.84;39.85;112.47;80.45;222.58;0.32;0.03;0;103.27;0;-274.61;0.27;0.05;2.39;18.35
2021;207;259;beauce_5_sa_070;solnu;;14.43;0.0;25.75;-12.2;0.0;222.58;221.5;0.09;0.11;0;0;0;-176.59;0.08;0.01;0.0;14.43
2021;260;365;beauce_5_sa_070;BTH;;31.02;0.0;20.32;-72.92;13.55;222.06;124.34;0.0;0.0;0;7.97;0;35.6;0.0;0.0;0.0;31.02
2021;1;193;beauce_5_sa_071;BTH;;3.17;0.0;43.48;4.78;49.31;10.28;6.73;0.03;0.0;0;29.02;0;-139.38;0.0;0.03;0.0;3.17
2021;194;279;beauce_5_sa_071;solnu;;0.4;0.0;37.1;-37.22;0.0;6.73;6.18;0.02;0.02;0;0;0;-219.95;0.0;0.01;0.0;0.4
2021;280;365;beauce_5_sa_071;BTH;;1.15;0.0;13.88;-14.02;0.0;6.45;5.01;0.0;0.0;0;0.0;0;-31.83;0.0;0.0;0.0;1.15
2021;1;217;beauce_5_sa_072;BTH;;6.1;0.0;55.65;31.49;77.07;20.22;25.69;0.05;0.0;0;47.26;0;-257.55;0.0;0.05;0.0;6.1
2021;218;286;beauce_5_sa_072;solnu;;0.84;0.0;27.2;-13.73;0.0;25.69;38.27;0.03;0.03;0;0;0;-186.97;0.02;0.01;0.0;0.84
2021;287;365;beauce_5_sa_072;BTH;;2.89;0.36;11.61;-54.52;3.81;38.5;17.64;0.01;0.0;0;2.24;0;-69.94;0.01;0.0;0.36;2.89
2021;1;192;beauce_5_sa_073;BTH;;2.57;0.39;43.32;13.21;64.11;7.75;26.99;0.07;0.01;0;37.72;0;-126.32;0.04;0.03;0.39;2.57
2021;193;261;beauce_5_sa_073;solnu;;0.64;0.0;32.19;-10.89;0.0;26.99;47.57;0.04;0.05;0;0;0;-188.25;0.03;0.02;0.0;0.64
2021;262;365;beauce_5_sa_073;BTH;;3.55;0.0;19.37;-47.38;1.5;47.91;14.83;0.0;0.0;0;0.88;0;-42.58;0.0;0.0;0.0;3.55
2021;1;174;beauce_5_sa_074;BTH;;6.03;1.73;35.11;23.45;94.79;34.27;123.03;0.17;0.03;0;93.57;0;-195.2;0.13;0.04;1.73;6.03
2021;175;257;beauce_5_sa_074;solnu;;9.92;0.0;40.18;-83.92;0.0;123.03;69.16;0.09;0.04;0;0;0;-178.73;0.08;0.01;0.0;9.92
2021;258;365;beauce_5_sa_074;BTH;;13.63;0.0;22.42;-4.17;10.81;69.16;62.95;0.02;0.0;0;6.36;0;82.07;0.01;0.01;0.0;13.63
2021;1;217;beauce_5_sa_075;BTH;;3.22;0.21;55.68;12.04;67.15;10.64;24.73;0.04;0.0;0;39.51;0;-187.94;0.0;0.04;0.21;3.22
2021;218;275;beauce_5_sa_075;solnu;;0.43;0.0;24.86;-41.47;0.0;24.73;11.17;0.02;0.03;0;0;0;-190.8;0.02;0.0;0.0;0.43
2021;276;365;beauce_5_sa_075;BTH;;2.12;0.0;15.23;-15.07;0.0;11.17;9.26;0.0;0.0;0;0.0;0;-0.6;0.0;0.0;0.0;2.12
2021;1;209;beauce_5_sa_076;BTH;;13.81;1.91;51.85;46.55;154.41;57.88;132.91;0.24;0.03;0;92.5;0;-230.02;0.18;0.06;1.91;13.81
2021;210;309;beauce_5_sa_076;solnu;;7.81;0.0;37.69;-75.44;0.0;132.91;87.18;0.08;0.1;0;0;0;-180.65;0.06;0.01;0.0;7.81
2021;310;365;beauce_5_sa_076;BTH;;15.04;0.0;6.88;-7.02;0.0;87.01;72.0;0.0;0.0;0;0.0;0;28.96;0.0;0.0;0.0;15.04
2021;1;172;beauce_5_sa_077;BTH;;13.22;2.11;33.79;30.15;122.02;71.23;159.26;0.17;0.03;0;90.99;0;-136.97;0.14;0.04;2.11;13.22
2021;173;278;beauce_5_sa_077;solnu;;13.34;0.0;48.04;-71.66;0.0;159.26;122.82;0.15;0.1;0;0;0;-249.56;0.13;0.02;0.0;13.34
2021;279;365;beauce_5_sa_077;BTH;;23.18;0.0;14.52;-14.4;0.0;122.93;99.76;0.0;0.0;0;0.0;0;53.57;0.0;0.0;0.0;23.18
2021;1;229;beauce_5_sa_078;BTH;;11.47;2.21;63.03;27.94;147.38;42.28;142.6;0.34;0.02;0;91.96;0;-143.81;0.29;0.06;2.21;11.47
2021;230;282;beauce_5_sa_078;solnu;;7.87;0.0;21.71;-12.98;0.0;142.6;143.28;0.06;0.13;0;0;0;-123.56;0.05;0.01;0.0;7.87
2021;283;365;beauce_5_sa_078;BTH;;18.14;0.0;12.94;-57.71;1.2;143.59;80.03;0.0;0.0;0;0.7;0;6.85;0.0;0.0;0.0;18.14
2021;1;203;beauce_5_sa_079;BTH;;2.59;0.82;48.86;15.09;110.82;9.27;21.72;0.08;0.0;0;65.21;0;-119.18;0.04;0.04;0.82;2.59
2021;204;266;beauce_5_sa_079;solnu;;0.52;0.0;30.28;-46.45;0.0;21.72;12.4;0.02;0.04;0;0;0;-236.83;0.02;0.01;0.0;0.52
2021;267;365;beauce_5_sa_079;BTH;;2.38;0.0;17.93;-19.2;0.0;12.4;10.11;0.0;0.0;0;0.0;0;18.19;0.0;0.0;0.0;2.38
2021;1;217;beauce_5_sa_080;BTH;;4.59;0.98;56.42;9.53;115.36;15.94;35.86;0.16;0.01;0;67.88;0;-180.03;0.12;0.04;0.98;4.59
2021;218;288;beauce_5_sa_080;solnu;;0.94;0.0;27.78;-12.47;0.0;35.86;50.14;0.04;0.05;0;0;0;-162.81;0.03;0.01;0.0;0.94
2021;289;365;beauce_5_sa_080;BTH;;3.53;0.0;11.28;-46.04;0.0;50.37;15.59;0.0;0.0;0;0.0;0;-70.33;0.0;0.0;0.0;3.53
2021;1;215;beauce_5_sa_081;BTH;;8.94;1.69;56.29;46.01;137.05;35.66;119.88;0.23;0.02;0;87.41;0;-247.63;0.17;0.06;1.69;8.94
2021;216;288;beauce_5_sa_081;solnu;;5.59;0.0;29.37;-67.86;0.0;119.88;76.03;0.07;0.09;0;0;0;-169.84;0.06;0.01;0.0;5.59
2021;289;365;beauce_5_sa_081;BTH;;14.33;0.0;11.49;-11.49;0.0;76.03;61.76;0.0;0.0;0;0.0;0;40.84;0.0;0.0;0.0;14.33
2021;1;183;beauce_5_sa_082;BTH;;3.14;1.14;39.25;14.03;142.51;13.61;7.23;0.08;0.0;0;83.86;0;-130.23;0.05;0.03;1.14;3.14
2021;184;272;beauce_5_sa_082;solnu;;0.74;0.0;39.7;-6.16;0.0;7.23;39.92;0.03;0.03;0;0;0;-231.26;0.01;0.02;0.0;0.74
2021;273;365;beauce_5_sa_082;BTH;;2.12;0.0;15.6;-46.58;0.0;40.32;9.41;0.0;0.0;0;0.0;0;-78.21;0.0;0.0;0.0;2.12
2021;1;187;beauce_5_sa_083;BTH;;8.8;1.72;41.31;12.89;107.31;31.47;98.61;0.2;0.02;0;65.91;0;-70.5;0.17;0.03;1.72;8.8
2021;188;290;beauce_5_sa_083;solnu;;5.33;0.0;43.0;1.27;0.0;98.61;138.35;0.08;0.09;0;0;0;-222.91;0.06;0.03;0.0;5.33
2021;291;365;beauce_5_sa_083;BTH;;14.04;0.0;11.08;-69.17;4.54;138.55;61.66;0.01;0.0;0;2.67;0;-0.27;0.01;0.0;0.0;14.04
2021;1;221;beauce_5_sa_084;BTH;;9.57;1.11;58.07;44.23;84.98;30.33;123.0;0.18;0.02;0;58.77;0;-285.52;0.12;0.06;1.11;9.57
2021;222;264;beauce_5_sa_084;solnu;;4.89;0.0;19.66;-14.35;0.0;123.0;123.26;0.06;0.1;0;0;0;-139.05;0.05;0.01;0.0;4.89
2021;265;365;beauce_5_sa_084;BTH;;14.54;0.0;18.21;-62.2;3.0;123.87;61.93;0.0;0.0;0;1.77;0;-14.28;0.0;0.0;0.0;14.54
2021;1;184;beauce_5_sa_085;BTH;;7.15;0.36;39.07;-0.18;70.88;22.12;11.46;0.04;0.0;0;41.71;0;-90.96;0.01;0.03;0.36;7.15
2021;185;311;beauce_5_sa_085;solnu;;1.35;0.0;48.22;-45.63;0.0;11.46;13.64;0.04;0.02;0;0;0;-271.43;0.01;0.02;0.0;1.35
2021;312;365;beauce_5_sa_085;BTH;;2.36;0.0;6.42;-6.7;0.0;13.64;11.38;0.0;0.0;0;0.0;0;-11.96;0.0;0.0;0.0;2.36
2021;1;189;beauce_5_sa_086;BTH;;2.71;0.37;41.77;16.64;80.32;8.95;12.49;0.06;0.01;0;47.27;0;-139.16;0.02;0.04;0.37;2.71
2021;190;270;beauce_5_sa_086;solnu;;0.42;0.0;36.94;-43.05;0.0;12.49;10.5;0.02;0.03;0;0;0;-265.67;0.01;0.01;0.0;0.42
2021;271;365;beauce_5_sa_086;BTH;;1.91;0.0;16.6;-16.9;0.0;10.21;8.29;0.0;0.0;0;0.0;0;0.74;0.0;0.0;0.0;1.91
2021;1;171;beauce_5_sa_087;BTH;;3.89;0.53;32.97;5.97;82.38;14.38;7.75;0.05;0.0;0;48.47;0;-49.2;0.02;0.02;0.53;3.89
2021;172;275;beauce_5_sa_087;solnu;;0.98;0.0;46.81;-40.71;0.0;7.75;13.74;0.04;0.03;0;0;0;-250.57;0.02;0.02;0.0;0.98
2021;276;365;beauce_5_sa_087;BTH;;2.59;0.0;15.14;-17.16;0.0;13.74;11.21;0.0;0.0;0;0.0;0;-26.54;0.0;0.0;0.0;2.59
2021;1;222;beauce_5_sa_088;BTH;;9.11;1.61;59.32;11.17;174.05;26.21;35.74;0.15;0.0;0;102.42;0;-136.41;0.1;0.05;1.61;9.11
2021;223;292;beauce_5_sa_088;solnu;;2.01;0.0;26.68;-14.21;0.0;35.74;46.15;0.02;0.03;0;0;0;-147.26;0.01;0.01;0.0;2.01
2021;293;365;beauce_5_sa_088;BTH;;4.25;0.0;10.47;-37.68;0.0;46.45;18.75;0.01;0.0;0;0.0;0;-62.62;0.0;0.0;0.0;4.25
2021;1;207;beauce_5_sa_089;BTH;;8.11;0.83;49.97;5.22;78.32;25.9;58.25;0.13;0.01;0;46.09;0;-142.93;0.09;0.03;0.83;8.11
2021;208;311;beauce_5_sa_089;solnu;;1.76;0.0;38.36;-4.17;0.0;58.25;90.51;0.09;0.07;0;0;0;-217.61;0.07;0.02;0.0;1.76
2021;312;365;beauce_5_sa_089;BTH;;7.58;0.0;6.46;-51.71;0.0;90.89;37.69;0.02;0.0;0;0.0;0;-13.5;0.02;0.0;0.0;7.58
2021;1;184;beauce_5_sa_090;BTH;;14.41;0.0;39.1;12.23;101.27;84.71;23.28;0.08;0.01;0;60.01;0;-197.94;0.04;0.04;0.0;14.41
2021;185;308;beauce_5_sa_090;solnu;;2.87;0.0;47.33;2.19;0.0;23.28;69.93;0.06;0.03;0;0;0;-320.76;0.03;0.03;0.0;2.87
2021;309;365;beauce_5_sa_090;BTH;;5.37;0.88;6.98;-50.33;0.36;70.31;88.06;0.01;0.0;0;0.21;0;-60.08;0.01;0.0;0.88;5.37
2021;1;226;beauce_5_sa_091;BTH;;4.61;0.0;58.95;11.04;55.09;14.93;26.18;0.05;0.0;0;32.41;0;-290.43;0.0;0.04;0.0;4.61
2021;227;291;beauce_5_sa_091;solnu;;0.62;0.0;24.22;-37.79;0.0;26.18;13.42;0.02;0.04;0;0;0;-181.06;0.02;0.01;0.0;0.62
2021;292;365;beauce_5_sa_091;BTH;;2.5;0.0;10.6;-10.9;0.0;13.65;11.01;0.0;0.0;0;0.0;0;-44.32;0.0;0.0;0.0;2.5
2021;1;188;beauce_5_sa_092;BTH;;4.6;1.14;41.35;-2.46;126.06;17.26;10.66;0.11;0.01;0;74.18;0;-22.02;0.08;0.02;1.14;4.6
2021;189;296;beauce_5_sa_092;solnu;;0.92;0.0;44.16;-41.92;0.0;10.66;11.97;0.03;0.02;0;0;0;-187.77;0.01;0.02;0.0;0.92
2021;297;365;beauce_5_sa_092;BTH;;2.15;0.0;9.32;-13.68;0.0;11.76;9.6;0.0;0.0;0;0.0;0;-45.33;0.0;0.0;0.0;2.15
2021;1;201;beauce_5_sa_093;BTH;;7.53;1.01;47.45;8.14;126.56;21.53;20.32;0.08;0.0;0;74.47;0;-72.87;0.04;0.04;1.01;7.53
2021;202;280;beauce_5_sa_093;solnu;;1.36;0.0;34.69;-35.64;0.0;20.32;17.96;0.02;0.02;0;0;0;-181.69;0.01;0.02;0.0;1.36
2021;281;365;beauce_5_sa_093;BTH;;2.82;0.0;13.37;-21.95;0.0;16.82;12.48;0.0;0.0;0;0.0;0;-68.87;0.0;0.0;0.0;2.82
2021;1;206;beauce_5_sa_094;BTH;;2.95;0.0;49.31;10.58;49.57;9.59;17.57;0.04;0.0;0;29.17;0;-185.54;0.0;0.04;0.0;2.95
2021;207;274;beauce_5_sa_094;solnu;;0.38;0.0;30.24;-39.15;0.0;17.57;8.94;0.02;0.03;0;0;0;-197.92;0.01;0.01;0.0;0.38
2021;275;365;beauce_5_sa_094;BTH;;1.69;0.0;15.39;-15.51;0.0;8.94;7.34;0.0;0.0;0;0.0;0;-33.08;0.0;0.0;0.0;1.69
2021;1;185;beauce_5_sa_095;BTH;;2.49;1.03;40.48;14.19;134.8;9.95;4.84;0.09;0.0;0;79.32;0;-71.67;0.06;0.03;1.03;2.49
2021;186;272;beauce_5_sa_095;solnu;;0.43;0.0;39.63;-44.88;0.0;4.84;6.4;0.01;0.02;0;0;0;-287.64;0.0;0.01;0.0;0.43
2021;273;365;beauce_5_sa_095;BTH;;1.21;0.0;16.18;-16.67;0.0;6.4;5.26;0.0;0.0;0;0.0;0;47.49;0.0;0.0;0.0;1.21
2021;1;213;beauce_5_sa_096;BTH;;5.13;2.11;56.52;34.69;172.94;29.34;100.96;0.32;0.01;0;116.54;0;-290.43;0.26;0.05;2.11;5.13
2021;214;268;beauce_5_sa_096;solnu;;3.91;0.0;25.58;-96.25;0.0;100.96;26.36;0.01;0.0;0;0;0;14.09;0.01;0.0;0.0;3.91
2021;269;365;beauce_5_sa_096;BTH;;5.18;0.0;17.51;5.57;12.31;26.37;31.92;0.02;0.01;0;7.24;0;88.4;0.01;0.01;0.0;5.18
2021;1;177;beauce_5_sa_097;BTH;;5.03;1.12;35.6;28.9;109.78;19.69;52.66;0.18;0.02;0;65.25;0;-168.1;0.14;0.04;1.12;5.03
2021;178;278;beauce_5_sa_097;solnu;;3.4;0.0;44.67;4.4;0.0;52.66;99.07;0.09;0.07;0;0;0;-296.64;0.06;0.03;0.0;3.4
2021;279;365;beauce_5_sa_097;BTH;;8.78;0.14;13.82;-70.45;5.78;99.4;38.7;0.0;0.0;0;3.4;0;-53.46;0.0;0.0;0.14;8.78
2021;1;175;beauce_5_sa_098;BTH;;3.09;1.16;34.67;9.3;127.87;13.67;13.49;0.11;0.01;0;75.25;0;-121.6;0.09;0.03;1.16;3.09
2021;176;275;beauce_5_sa_098;solnu;;1.07;0.0;44.83;1.18;0.0;13.49;58.32;0.06;0.05;0;0;0;-261.58;0.03;0.03;0.0;1.07
2021;276;365;beauce_5_sa_098;BTH;;3.67;0.0;14.77;-54.53;0.0;58.89;16.26;0.0;0.0;0;0.0;0;-63.69;0.0;0.0;0.0;3.67
2021;1;203;beauce_5_sa_099;BTH;;8.47;1.51;48.41;-3.26;161.59;27.22;16.17;0.1;0.0;0;95.09;0;-49.22;0.07;0.04;1.51;8.47
2021;204;317;beauce_5_sa_099;solnu;;2.4;0.0;42.22;-10.54;0.0;16.17;45.62;0.05;0.0;0;0;0;-201.59;0.03;0.02;0.0;2.4
2021;318;365;beauce_5_sa_099;BTH;;3.03;0.0;5.34;-33.32;0.0;45.9;19.1;0.0;0.0;0;0.0;0;-62.89;0.0;0.0;0.0;3.03
2022;1;171;beauce_5_sa_000;BTH;;14.84;2.01;40.82;32.3;151.12;53.66;111.27;0.17;0.02;0;91.73;0;-76.88;0.13;0.04;2.01;14.84
2022;172;266;beauce_5_sa_000;solnu;;4.67;0.0;44.59;-103.87;0.0;111.27;47.24;0.05;0.03;0;0;0;-129.18;0.04;0.02;0.0;4.67
2022;267;365;beauce_5_sa_000;BTH;;4.68;0.0;18.13;26.89;42.2;47.63;45.33;0.04;0.0;0;24.83;0;60.65;0.01;0.03;0.0;4.68
2022;1;211;beauce_5_sa_001;BTH;;35.43;2.19;58.38;43.56;101.2;119.36;248.29;0.08;0.0;0;64.81;0;-138.91;0.02;0.06;2.19;35.43
2022;212;260;beauce_5_sa_001;solnu;;13.85;0.0;23.96;-11.24;0.0;248.29;246.89;0.17;0.1;0;0;0;-148.65;0.16;0.01;0.0;13.85
2022;261;365;beauce_5_sa_001;BTH;;20.92;0.0;19.18;-87.29;20.61;247.39;137.24;0.0;0.0;0;12.13;0;18.61;0.0;0.0;0.0;20.92
2022;1;184;beauce_5_sa_002;BTH;;3.92;0.0;44.83;20.91;68.26;26.55;20.0;0.06;0.0;0;40.9;0;-187.23;0.02;0.04;0.0;3.92
2022;185;262;beauce_5_sa_002;solnu;;0.86;0.0;35.9;-51.34;0.0;20.0;4.84;0.02;0.0;0;0;0;-225.53;0.01;0.01;0.0;0.86
2022;263;365;beauce_5_sa_002;BTH;;0.62;0.22;18.33;-17.74;0.65;4.85;20.95;0.01;0.0;0;0.38;0;-9.01;0.0;0.0;0.22;0.62
2022;1;227;beauce_5_sa_003;BTH;;3.08;0.29;66.16;9.24;73.31;10.47;31.12;0.08;0.01;0;43.14;0;-191.99;0.03;0.05;0.29;3.08
2022;228;299;beauce_5_sa_003;solnu;;1.19;0.0;23.67;-42.99;0.0;31.12;15.74;0.02;0.03;0;0;0;-191.68;0.02;0.0;0.0;1.19
2022;300;365;beauce_5_sa_003;BTH;;1.74;0.0;8.09;-8.48;0.0;15.74;14.09;0.0;0.0;0;0.0;0;-4.4;0.0;0.0;0.0;1.74
2022;1;211;beauce_5_sa_004;BTH;;3.57;0.6;55.94;12.08;78.58;12.28;42.86;0.08;0.01;0;46.24;0;-131.05;0.04;0.04;0.6;3.57
2022;212;293;beauce_5_sa_004;solnu;;1.99;0.0;33.28;-10.14;0.0;42.86;63.89;0.08;0.05;0;0;0;-178.53;0.06;0.02;0.0;1.99
2022;294;365;beauce_5_sa_004;BTH;;3.33;0.0;9.46;-44.55;0.0;64.35;27.01;0.0;0.0;0;0.0;0;-35.62;0.0;0.0;0.0;3.33
2022;1;199;beauce_5_sa_005;BTH;;10.7;1.4;53.14;44.18;184.12;52.44;59.44;0.18;0.03;0;110.59;0;-67.04;0.12;0.06;1.4;10.7
2022;200;287;beauce_5_sa_005;solnu;;2.68;0.0;38.33;-4.78;0.0;59.44;90.15;0.1;0.06;0;0;0;-210.99;0.08;0.02;0.0;2.68
2022;288;365;beauce_5_sa_005;BTH;;5.93;0.69;11.6;-63.12;2.32;90.82;83.05;0.02;0.0;0;1.36;0;-11.43;0.02;0.0;0.69;5.93
2022;1;174;beauce_5_sa_006;BTH;;24.83;1.88;40.92;37.14;101.58;85.48;177.78;0.05;0.0;0;68.62;0;-15.53;0.0;0.05;1.88;24.83
2022;175;267;beauce_5_sa_006;solnu;;7.56;0.0;42.53;-0.61;0.0;177.78;211.91;0.15;0.1;0;0;0;-226.73;0.12;0.03;0.0;7.56
2022;268;365;beauce_5_sa_006;BTH;;15.5;0.0;17.45;-90.36;13.51;212.17;109.99;0.01;0.0;0;7.95;0;42.82;0.01;0.0;0.0;15.5
2022;1;195;beauce_5_sa_007;BTH;;1.93;0.58;49.55;12.48;93.31;6.07;16.02;0.06;0.01;0;54.91;0;-106.4;0.02;0.04;0.58;1.93
2022;196;285;beauce_5_sa_007;solnu;;1.1;0.0;37.79;-8.39;0.0;16.02;44.22;0.06;0.04;0;0;0;-203.48;0.04;0.02;0.0;1.1
2022;286;365;beauce_5_sa_007;BTH;;2.12;0.0;11.7;-40.25;0.0;44.48;17.18;0.0;0.0;0;0.0;0;-77.22;0.0;0.0;0.0;2.12
2022;1;174;beauce_5_sa_008;BTH;;4.07;1.12;40.57;12.36;136.78;12.82;8.39;0.08;0.02;0;80.49;0;3.18;0.04;0.03;1.12;4.07
2022;175;298;beauce_5_sa_008;solnu;;0.58;0.0;50.51;-56.1;0.0;8.39;7.51;0.02;0.0;0;0;0;-223.95;0.0;0.02;0.0;0.58
2022;299;365;beauce_5_sa_008;BTH;;0.82;0.0;8.57;-8.6;0.0;7.54;6.66;0.0;0.0;0;0.0;0;43.46;0.0;0.0;0.0;0.82
2022;1;216;beauce_5_sa_009;BTH;;0.95;0.0;58.67;20.58;52.4;4.47;30.26;0.06;0.0;0;32.21;0;-316.47;0.01;0.05;0.0;0.95
2022;217;266;beauce_5_sa_009;solnu;;0.13;0.0;23.92;-50.48;0.0;30.26;0.9;0.0;0.0;0;0;0;-104.94;0.0;0.0;0.0;0.13
2022;267;365;beauce_5_sa_009;BTH;;0.12;0.0;17.03;-9.94;4.62;0.9;3.24;0.0;0.0;0;2.72;0;-14.83;0.0;0.0;0.0;0.12
2022;1;228;beauce_5_sa_010;BTH;;11.26;0.63;66.66;41.81;77.31;34.46;101.65;0.16;0.01;0;45.49;0;-389.87;0.1;0.07;0.63;11.26
2022;229;261;beauce_5_sa_010;solnu;;4.33;0.0;12.83;-14.48;0.0;101.65;95.53;0.06;0.07;0;0;0;-83.02;0.06;0.0;0.0;4.33
2022;262;365;beauce_5_sa_010;BTH;;7.79;0.0;18.25;-52.97;0.0;95.72;53.19;0.0;0.0;0;0.0;0;-69.25;0.0;0.0;0.0;7.79
2022;1;172;beauce_5_sa_011;BTH;;21.6;2.01;40.53;33.93;94.12;69.14;178.13;0.18;0.03;0;61.4;0;-25.03;0.13;0.04;2.01;21.6
2022;173;259;beauce_5_sa_011;solnu;;11.0;0.0;40.82;-1.76;0.0;178.13;205.96;0.14;0.09;0;0;0;-200.06;0.11;0.02;0.0;11.0
2022;260;365;beauce_5_sa_011;BTH;;17.46;0.0;20.05;-78.33;17.22;206.41;112.99;0.0;0.0;0;10.13;0;22.52;0.0;0.0;0.0;17.46
2022;1;219;beauce_5_sa_012;BTH;;0.93;0.0;59.83;24.45;53.9;4.31;33.66;0.07;0.0;0;32.08;0;-321.78;0.02;0.05;0.0;0.93
2022;220;265;beauce_5_sa_012;solnu;;0.62;0.0;21.63;-51.62;0.0;33.66;3.81;0.0;0.0;0;0;0;-133.32;0.0;0.0;0.0;0.62
2022;266;365;beauce_5_sa_012;BTH;;0.48;0.0;17.17;-13.7;1.72;3.89;5.08;0.0;0.0;0;1.01;0;0.25;0.0;0.0;0.0;0.48
2022;1;177;beauce_5_sa_013;BTH;;2.54;0.88;41.56;8.84;116.4;8.81;5.86;0.07;0.01;0;68.49;0;-12.87;0.04;0.03;0.88;2.54
2022;178;279;beauce_5_sa_013;solnu;;0.9;0.0;44.85;-32.33;0.0;5.86;19.36;0.05;0.04;0;0;0;-235.9;0.03;0.02;0.0;0.9
2022;280;365;beauce_5_sa_013;BTH;;2.24;0.0;13.99;-16.04;0.0;18.77;16.65;0.0;0.0;0;0.0;0;-33.47;0.0;0.0;0.0;2.24
2022;1;185;beauce_5_sa_014;BTH;;22.18;1.89;46.08;23.33;106.22;77.76;159.95;0.14;0.02;0;65.81;0;-18.08;0.09;0.04;1.89;22.18
2022;186;289;beauce_5_sa_014;solnu;;10.3;0.0;43.37;0.98;0.0;159.95;193.77;0.15;0.08;0;0;0;-209.46;0.12;0.03;0.0;10.3
2022;290;365;beauce_5_sa_014;BTH;;13.57;0.0;10.98;-73.89;7.48;194.08;109.79;0.01;0.0;0;4.4;0;10.41;0.01;0.0;0.0;13.57
2022;1;201;beauce_5_sa_015;BTH;;1.53;0.36;51.27;7.55;79.42;5.3;10.13;0.06;0.01;0;46.73;0;-107.12;0.02;0.04;0.36;1.53
2022;202;304;beauce_5_sa_015;solnu;;0.6;0.0;39.54;-40.1;0.0;10.13;12.14;0.04;0.03;0;0;0;-247.75;0.02;0.01;0.0;0.6
2022;305;365;beauce_5_sa_015;BTH;;1.3;0.0;7.36;-8.73;0.0;11.68;10.86;0.0;0.0;0;0.0;0;-15.81;0.0;0.0;0.0;1.3
2022;1;186;beauce_5_sa_016;BTH;;13.22;0.72;45.65;39.75;74.67;41.62;93.09;0.06;0.0;0;46.31;0;-230.65;0.01;0.05;0.72;13.22
2022;187;256;beauce_5_sa_016;solnu;;4.08;0.0;32.52;-7.65;0.0;93.09;113.69;0.11;0.08;0;0;0;-217.56;0.09;0.02;0.0;4.08
2022;257;365;beauce_5_sa_016;BTH;;8.91;0.0;20.01;-61.2;6.18;114.19;57.4;0.0;0.0;0;3.64;0;-58.85;0.0;0.0;0.0;8.91
2022;1;225;beauce_5_sa_017;BTH;;32.89;2.31;72.25;35.82;181.89;169.24;234.89;0.38;0.06;0;107.25;0;-119.32;0.32;0.06;2.31;32.89
2022;226;282;beauce_5_sa_017;solnu;;22.86;0.0;22.56;-103.52;0.0;234.89;131.04;0.01;0.02;0;0;0;-14.19;0.01;0.0;0.0;22.86
2022;283;365;beauce_5_sa_017;BTH;;14.48;0.82;13.49;-4.66;3.72;131.04;121.66;0.01;0.0;0;2.19;0;98.84;0.0;0.01;0.82;14.48
2022;1;213;beauce_5_sa_018;BTH;;25.9;1.79;57.06;27.75;101.94;90.25;181.46;0.05;0.0;0;59.99;0;-26.97;0.0;0.05;1.79;25.9
2022;214;311;beauce_5_sa_018;solnu;;12.61;0.0;36.9;-3.3;0.0;181.46;202.15;0.22;0.09;0;0;0;-191.34;0.19;0.02;0.0;12.61
2022;312;365;beauce_5_sa_018;BTH;;9.16;0.0;5.98;-71.12;0.0;202.38;127.83;0.02;0.0;0;0.0;0;3.63;0.02;0.0;0.0;9.16
2022;1;208;beauce_5_sa_019;BTH;;1.93;0.0;54.05;12.04;57.27;6.59;13.49;0.04;0.0;0;33.7;0;-238.15;0.0;0.04;0.0;1.93
2022;209;312;beauce_5_sa_019;solnu;;1.38;0.0;37.48;-34.51;0.0;13.49;15.48;0.06;0.03;0;0;0;-241.92;0.04;0.02;0.0;1.38
2022;313;365;beauce_5_sa_019;BTH;;1.04;0.0;5.63;-6.97;0.0;15.48;14.47;0.0;0.0;0;0.0;0;-42.08;0.0;0.0;0.0;1.04
2022;1;194;beauce_5_sa_020;BTH;;4.33;0.0;48.27;10.56;60.55;14.83;8.78;0.04;0.0;0;35.63;0;-233.35;0.0;0.04;0.0;4.33
2022;195;313;beauce_5_sa_020;solnu;;1.77;0.0;42.76;-6.06;0.0;8.78;43.61;0.07;0.03;0;0;0;-281.64;0.05;0.02;0.0;1.77
2022;314;365;beauce_5_sa_020;BTH;;1.36;0.0;5.5;-30.02;0.0;43.75;19.02;0.0;0.0;0;0.0;0;-49.18;0.0;0.0;0.0;1.36
2022;1;187;beauce_5_sa_021;BTH;;2.38;0.0;45.77;14.23;59.81;8.15;5.92;0.04;0.0;0;35.98;0;-201.47;0.0;0.04;0.0;2.38
2022;188;292;beauce_5_sa_021;solnu;;0.82;0.0;41.7;-8.04;0.0;5.92;38.68;0.05;0.03;0;0;0;-272.24;0.03;0.02;0.0;0.82
2022;293;365;beauce_5_sa_021;BTH;;1.6;0.0;9.69;-34.93;0.0;39.17;12.98;0.0;0.0;0;0.0;0;-54.59;0.0;0.0;0.0;1.6
2022;1;188;beauce_5_sa_022;BTH;;3.68;0.0;46.3;13.26;61.61;12.63;5.37;0.04;0.0;0;36.26;0;-209.46;0.0;0.04;0.0;3.68
2022;189;306;beauce_5_sa_022;solnu;;1.5;0.0;44.06;-8.56;0.0;5.37;39.36;0.06;0.03;0;0;0;-289.8;0.04;0.02;0.0;1.5
2022;307;365;beauce_5_sa_022;BTH;;1.3;0.0;6.79;-30.72;0.0;39.75;16.66;0.0;0.0;0;0.0;0;-62.08;0.0;0.0;0.0;1.3
2022;1;200;beauce_5_sa_023;BTH;;1.45;0.0;50.66;9.53;55.9;5.0;7.84;0.04;0.0;0;32.9;0;-185.65;0.0;0.04;0.0;1.45
2022;201;309;beauce_5_sa_023;solnu;;1.02;0.0;40.56;-39.63;0.0;7.84;10.51;0.04;0.03;0;0;0;-268.39;0.02;0.01;0.0;1.02
2022;310;365;beauce_5_sa_023;BTH;;0.76;0.0;6.25;-6.34;0.0;10.46;9.74;0.0;0.0;0;0.0;0;-8.62;0.0;0.0;0.0;0.76
2022;1;200;beauce_5_sa_024;BTH;;13.23;1.54;52.94;25.22;103.6;46.16;122.41;0.13;0.01;0;60.96;0;-38.19;0.08;0.05;1.54;13.23
2022;201;289;beauce_5_sa_024;solnu;;7.51;0.0;38.1;-67.44;0.0;122.41;85.37;0.12;0.08;0;0;0;-164.95;0.1;0.02;0.0;7.51
2022;290;365;beauce_5_sa_024;BTH;;9.4;0.0;11.09;-11.09;0.0;85.39;75.98;0.0;0.0;0;0.0;0;35.12;0.0;0.0;0.0;9.4
2022;1;181;beauce_5_sa_025;BTH;;5.86;1.28;43.78;25.94;124.3;21.34;56.86;0.15;0.02;0;73.14;0;-83.39;0.1;0.04;1.28;5.86
2022;182;267;beauce_5_sa_025;solnu;;2.99;0.0;39.95;-2.42;0.0;56.86;91.23;0.1;0.07;0;0;0;-219.01;0.08;0.02;0.0;2.99
2022;268;365;beauce_5_sa_025;BTH;;6.24;0.0;17.14;-58.35;0.0;91.48;44.58;0.0;0.0;0;0.0;0;-25.85;0.0;0.0;0.0;6.24
2022;1;192;beauce_5_sa_026;BTH;;18.87;2.29;51.0;46.63;160.38;72.72;162.48;0.19;0.03;0;97.91;0;-141.46;0.13;0.06;2.29;18.87
2022;193;269;beauce_5_sa_026;solnu;;8.98;0.0;35.78;-2.38;0.0;162.48;186.64;0.16;0.09;0;0;0;-201.11;0.14;0.02;0.0;8.98
2022;270;365;beauce_5_sa_026;BTH;;14.31;0.0;16.82;-80.73;6.0;187.07;102.42;0.01;0.0;0;3.53;0;5.68;0.0;0.0;0.0;14.31
2022;1;226;beauce_5_sa_027;BTH;;7.0;1.27;69.34;14.76;145.55;18.64;45.1;0.14;0.01;0;85.65;0;-143.43;0.09;0.05;1.27;7.0
2022;227;286;beauce_5_sa_027;solnu;;2.4;0.0;22.6;-56.37;0.0;45.1;13.95;0.0;0.0;0;0;0;-134.33;0.0;0.0;0.0;2.4
2022;287;365;beauce_5_sa_027;BTH;;1.53;0.0;11.65;-11.6;0.0;13.97;12.47;0.0;0.0;0;0.0;0;75.2;0.0;0.0;0.0;1.53
2022;1;193;beauce_5_sa_028;BTH;;6.76;1.29;49.37;11.44;142.99;11.4;18.77;0.09;0.01;0;84.49;0;43.12;0.05;0.04;1.29;6.76
2022;194;304;beauce_5_sa_028;solnu;;0.78;0.0;43.07;-4.23;0.0;18.77;56.73;0.06;0.03;0;0;0;-175.72;0.04;0.03;0.0;0.78
2022;305;365;beauce_5_sa_028;BTH;;3.3;0.14;7.63;-46.33;0.55;56.15;29.3;0.02;0.0;0;0.32;0;-65.47;0.01;0.0;0.14;3.3
2022;1;218;beauce_5_sa_029;BTH;;1.76;0.0;58.27;9.55;55.14;6.03;16.95;0.05;0.0;0;32.45;0;-224.67;0.01;0.04;0.0;1.76
2022;219;317;beauce_5_sa_029;solnu;;1.28;0.0;34.11;-42.74;0.0;16.95;10.84;0.03;0.02;0;0;0;-235.86;0.02;0.01;0.0;1.28
2022;318;365;beauce_5_sa_029;BTH;;0.73;0.0;4.86;-4.89;0.0;10.8;10.1;0.0;0.0;0;0.0;0;-4.23;0.0;0.0;0.0;0.73
2022;1;205;beauce_5_sa_030;BTH;;2.62;0.0;52.33;12.9;58.29;9.01;13.28;0.04;0.0;0;34.3;0;-253.33;0.0;0.04;0.0;2.62
2022;206;309;beauce_5_sa_030;solnu;;1.48;0.0;38.04;-7.96;0.0;13.28;41.78;0.07;0.03;0;0;0;-248.53;0.05;0.02;0.0;1.48
2022;310;365;beauce_5_sa_030;BTH;;1.37;0.0;6.18;-30.58;0.0;42.08;17.71;0.01;0.0;0;0.0;0;-53.63;0.0;0.0;0.0;1.37
2022;1;211;beauce_5_sa_031;BTH;;14.21;0.91;55.56;21.47;90.52;48.95;88.98;0.05;0.0;0;53.26;0;-186.29;0.0;0.05;0.91;14.21
2022;212;316;beauce_5_sa_031;solnu;;6.88;0.0;37.58;-3.42;0.0;88.98;116.03;0.16;0.07;0;0;0;-217.64;0.14;0.02;0.0;6.88
2022;317;365;beauce_5_sa_031;BTH;;4.92;0.0;5.18;-47.66;0.0;116.4;69.01;0.02;0.0;0;0.0;0;-22.61;0.01;0.0;0.0;4.92
2022;1;202;beauce_5_sa_032;BTH;;2.05;0.0;52.1;18.35;52.17;7.07;23.25;0.04;0.0;0;30.7;0;-232.62;0.0;0.04;0.0;2.05
2022;203;271;beauce_5_sa_032;solnu;;0.86;0.0;30.14;-35.42;0.0;23.25;17.78;0.04;0.04;0;0;0;-205.54;0.03;0.01;0.0;0.86
2022;272;365;beauce_5_sa_032;BTH;;2.28;0.0;16.05;-17.25;0.0;17.65;15.4;0.0;0.0;0;0.0;0;-53.43;0.0;0.0;0.0;2.28
2022;1;221;beauce_5_sa_033;BTH;;5.8;0.83;61.67;15.13;111.91;11.86;32.69;0.1;0.01;0;65.85;0;-112.93;0.05;0.05;0.83;5.8
2022;222;294;beauce_5_sa_033;solnu;;2.28;0.0;28.37;-43.5;0.0;32.69;21.02;0.02;0.03;0;0;0;-232.81;0.02;0.01;0.0;2.28
2022;295;365;beauce_5_sa_033;BTH;;2.32;0.0;9.05;-10.46;0.0;21.02;18.77;0.0;0.0;0;0.0;0;-1.67;0.0;0.0;0.0;2.32
2022;1;179;beauce_5_sa_034;BTH;;2.55;0.0;41.66;18.54;51.95;8.37;14.13;0.04;0.0;0;31.45;0;-190.89;0.0;0.04;0.0;2.55
2022;180;262;beauce_5_sa_034;solnu;;0.89;0.0;37.73;-11.44;0.0;14.13;39.43;0.05;0.04;0;0;0;-250.61;0.04;0.02;0.0;0.89
2022;263;365;beauce_5_sa_034;BTH;;2.57;0.0;18.33;-38.6;0.0;40.11;17.72;0.0;0.0;0;0.0;0;-79.18;0.0;0.0;0.0;2.57
2022;1;214;beauce_5_sa_035;BTH;;14.13;2.21;62.76;33.79;165.28;55.08;137.49;0.19;0.03;0;97.25;0;-91.37;0.14;0.06;2.21;14.13
2022;215;286;beauce_5_sa_035;solnu;;6.73;0.0;31.47;-103.55;0.0;137.49;56.67;0.06;0.03;0;0;0;-43.19;0.06;0.0;0.0;6.73
2022;287;365;beauce_5_sa_035;BTH;;6.26;0.0;12.28;-4.94;2.94;56.67;54.8;0.01;0.0;0;1.73;0;84.32;0.0;0.0;0.0;6.26
2022;1;175;beauce_5_sa_036;BTH;;3.64;0.0;39.83;18.19;59.87;12.27;5.93;0.04;0.0;0;35.23;0;-188.1;0.0;0.04;0.0;3.64
2022;176;312;beauce_5_sa_036;solnu;;2.03;0.0;51.1;-39.25;0.0;5.93;17.53;0.05;0.04;0;0;0;-348.88;0.03;0.02;0.0;2.03
2022;313;365;beauce_5_sa_036;BTH;;1.18;0.0;5.65;-5.68;0.0;17.52;16.33;0.0;0.0;0;0.0;0;-9.78;0.0;0.0;0.0;1.18
2022;1;222;beauce_5_sa_037;BTH;;11.54;0.0;64.61;34.72;89.35;57.55;55.92;0.12;0.01;0;54.82;0;-257.56;0.06;0.06;0.0;11.54
2022;223;262;beauce_5_sa_037;solnu;;3.09;0.0;18.34;-17.02;0.0;55.92;54.07;0.04;0.05;0;0;0;-134.59;0.03;0.0;0.0;3.09
2022;263;365;beauce_5_sa_037;BTH;;4.58;0.66;18.02;-47.49;2.32;54.55;72.43;0.02;0.0;0;1.36;0;-112.89;0.02;0.0;0.66;4.58
2022;1;190;beauce_5_sa_038;BTH;;3.11;0.0;47.01;29.05;58.55;10.34;24.64;0.05;0.0;0;35.34;0;-280.82;0.0;0.05;0.0;3.11
2022;191;263;beauce_5_sa_038;solnu;;1.13;0.0;32.28;-11.05;0.0;24.64;44.65;0.06;0.04;0;0;0;-228.19;0.04;0.01;0.0;1.13
2022;264;365;beauce_5_sa_038;BTH;;2.92;0.0;17.47;-40.13;0.0;44.95;20.39;0.0;0.0;0;0.0;0;-99.72;0.0;0.0;0.0;2.92
2022;1;195;beauce_5_sa_039;BTH;;4.3;0.42;47.78;21.09;97.4;11.74;10.15;0.06;0.01;0;57.32;0;-249.4;0.01;0.04;0.42;4.3
2022;196;309;beauce_5_sa_039;solnu;;1.92;0.0;41.24;0.11;0.0;10.15;49.46;0.08;0.04;0;0;0;-270.62;0.05;0.03;0.0;1.92
2022;310;365;beauce_5_sa_039;BTH;;1.73;0.0;6.12;-34.74;0.0;49.77;22.34;0.01;0.0;0;0.0;0;-85.46;0.01;0.0;0.0;1.73
2022;1;190;beauce_5_sa_040;BTH;;6.14;0.97;47.91;16.33;104.15;21.21;46.27;0.1;0.01;0;61.28;0;-60.02;0.06;0.04;0.97;6.14
2022;191;315;beauce_5_sa_040;solnu;;3.39;0.0;45.55;-55.07;0.0;46.27;35.32;0.07;0.06;0;0;0;-212.13;0.06;0.02;0.0;3.39
2022;316;365;beauce_5_sa_040;BTH;;2.37;0.0;5.42;-5.46;0.0;35.34;32.91;0.0;0.0;0;0.0;0;16.32;0.0;0.0;0.0;2.37
2022;1;181;beauce_5_sa_041;BTH;;9.02;1.24;42.69;16.84;144.69;20.14;17.22;0.1;0.01;0;85.14;0;-67.24;0.06;0.04;1.24;9.02
2022;182;297;beauce_5_sa_041;solnu;;1.77;0.0;46.25;0.58;0.0;17.22;62.29;0.07;0.04;0;0;0;-240.57;0.04;0.03;0.0;1.77
2022;298;365;beauce_5_sa_041;BTH;;3.5;0.0;8.56;-43.34;0.0;62.54;28.47;0.0;0.0;0;0.0;0;-78.11;0.0;0.0;0.0;3.5
2022;1;179;beauce_5_sa_042;BTH;;18.24;0.0;41.99;11.01;103.88;95.53;25.81;0.07;0.0;0;61.78;0;-44.85;0.03;0.04;0.0;18.24
2022;180;312;beauce_5_sa_042;solnu;;4.97;0.0;50.78;-1.22;0.0;25.81;70.59;0.09;0.04;0;0;0;-267.94;0.06;0.03;0.0;4.97
2022;313;365;beauce_5_sa_042;BTH;;2.88;1.02;5.81;-42.36;0.3;70.78;111.07;0.01;0.0;0;0.17;0;-66.21;0.01;0.0;1.02;2.88
2022;1;176;beauce_5_sa_043;BTH;;3.17;0.91;41.04;12.99;114.22;10.83;14.29;0.11;0.03;0;67.21;0;-17.32;0.08;0.03;0.91;3.17
2022;177;296;beauce_5_sa_043;solnu;;0.99;0.0;49.16;-53.2;0.0;14.29;15.19;0.04;0.03;0;0;0;-255.18;0.02;0.02;0.0;0.99
2022;297;365;beauce_5_sa_043;BTH;;1.66;0.0;8.87;-8.93;0.0;15.19;13.46;0.0;0.0;0;0.0;0;32.43;0.0;0.0;0.0;1.66
2022;1;210;beauce_5_sa_044;BTH;;1.82;0.0;55.3;14.09;53.7;6.13;19.96;0.04;0.0;0;31.6;0;-233.99;0.0;0.04;0.0;1.82
2022;211;289;beauce_5_sa_044;solnu;;0.96;0.0;32.01;-38.53;0.0;19.96;13.93;0.04;0.03;0;0;0;-219.03;0.03;0.01;0.0;0.96
2022;290;365;beauce_5_sa_044;BTH;;1.53;0.0;10.58;-10.98;0.0;13.93;12.4;0.0;0.0;0;0.0;0;-24.03;0.0;0.0;0.0;1.53
2022;1;174;beauce_5_sa_045;BTH;;27.74;1.88;40.13;34.81;113.02;98.06;172.99;0.07;0.0;0;72.68;0;-109.78;0.03;0.05;1.88;27.74
2022;175;276;beauce_5_sa_045;solnu;;7.64;0.0;43.63;5.83;0.0;172.99;214.56;0.15;0.1;0;0;0;-245.26;0.12;0.03;0.0;7.64
2022;277;365;beauce_5_sa_045;BTH;;15.6;0.0;14.98;-87.11;13.51;215.01;113.3;0.02;0.0;0;7.95;0;-9.17;0.02;0.0;0.0;15.6
2022;1;187;beauce_5_sa_046;BTH;;2.71;0.76;46.53;7.76;102.37;9.01;15.07;0.11;0.03;0;60.24;0;-37.37;0.08;0.03;0.76;2.71
2022;188;295;beauce_5_sa_046;solnu;;0.97;0.0;43.3;-41.13;0.0;15.07;19.47;0.05;0.04;0;0;0;-248.11;0.03;0.02;0.0;0.97
2022;296;365;beauce_5_sa_046;BTH;;2.14;0.0;9.01;-10.29;0.0;19.47;17.35;0.0;0.0;0;0.0;0;-4.09;0.0;0.0;0.0;2.14
2022;1;177;beauce_5_sa_047;BTH;;5.29;0.31;40.4;22.31;82.21;18.11;15.64;0.06;0.01;0;51.65;0;-203.23;0.02;0.04;0.31;5.29
2022;178;282;beauce_5_sa_047;solnu;;1.74;0.0;43.79;-1.67;0.0;15.64;55.95;0.08;0.05;0;0;0;-290.33;0.05;0.03;0.0;1.74
2022;283;365;beauce_5_sa_047;BTH;;3.01;0.0;12.52;-43.9;0.0;56.35;24.39;0.0;0.0;0;0.0;0;-90.31;0.0;0.0;0.0;3.01
2022;1;206;beauce_5_sa_048;BTH;;10.03;2.18;54.57;11.61;172.04;34.68;81.95;0.15;0.02;0;101.23;0;54.49;0.1;0.04;2.18;10.03
2022;207;313;beauce_5_sa_048;solnu;;3.5;0.0;40.36;-4.56;0.0;81.95;114.02;0.15;0.07;0;0;0;-156.38;0.13;0.02;0.0;3.5
2022;314;365;beauce_5_sa_048;BTH;;4.74;0.0;5.85;-49.78;0.0;114.17;66.06;0.01;0.0;0;0.0;0;-4.64;0.01;0.0;0.0;4.74
2022;1;210;beauce_5_sa_049;BTH;;6.37;1.41;56.14;16.54;117.39;22.2;76.72;0.14;0.01;0;69.08;0;-20.28;0.1;0.04;1.41;6.37
2022;211;314;beauce_5_sa_049;solnu;;4.46;0.0;38.6;-61.28;0.0;76.72;50.98;0.11;0.07;0;0;0;-163.9;0.09;0.02;0.0;4.46
2022;315;365;beauce_5_sa_049;BTH;;3.43;0.0;5.66;-5.69;0.0;50.98;47.57;0.0;0.0;0;0.0;0;19.48;0.0;0.0;0.0;3.43
2022;1;228;beauce_5_sa_050;BTH;;11.51;2.2;67.72;41.35;204.56;30.88;88.69;0.26;0.05;0;120.37;0;-228.08;0.19;0.07;2.2;11.51
2022;229;302;beauce_5_sa_050;solnu;;1.43;0.0;24.79;-9.0;0.0;88.69;102.9;0.07;0.07;0;0;0;-129.02;0.06;0.01;0.0;1.43
2022;303;365;beauce_5_sa_050;BTH;;7.51;0.0;7.78;-41.45;0.0;103.04;62.42;0.02;0.0;0;0.0;0;-25.08;0.02;0.0;0.0;7.51
2022;1;221;beauce_5_sa_051;BTH;;3.31;0.0;60.07;23.52;60.54;11.04;30.73;0.06;0.0;0;35.63;0;-348.29;0.01;0.05;0.0;3.31
2022;222;292;beauce_5_sa_051;solnu;;1.4;0.0;26.7;-12.98;0.0;30.73;42.97;0.04;0.04;0;0;0;-190.01;0.03;0.01;0.0;1.4
2022;293;365;beauce_5_sa_051;BTH;;2.16;0.0;9.48;-34.36;0.0;43.43;17.5;0.0;0.0;0;0.0;0;-70.35;0.0;0.0;0.0;2.16
2022;1;173;beauce_5_sa_052;BTH;;7.19;0.0;38.97;23.26;68.97;24.75;10.73;0.04;0.0;0;40.71;0;-231.12;0.0;0.04;0.0;7.19
2022;174;310;beauce_5_sa_052;solnu;;2.83;0.0;50.84;-4.63;0.0;10.73;54.0;0.09;0.04;0;0;0;-367.11;0.06;0.03;0.0;2.83
2022;311;365;beauce_5_sa_052;BTH;;2.03;0.0;5.96;-33.87;0.0;54.2;26.51;0.0;0.0;0;0.0;0;-64.59;0.0;0.0;0.0;2.03
2022;1;206;beauce_5_sa_053;BTH;;2.36;0.65;56.85;19.2;100.04;8.52;31.04;0.08;0.01;0;58.86;0;-163.88;0.04;0.05;0.65;2.36
2022;207;268;beauce_5_sa_053;solnu;;1.12;0.0;28.45;-55.56;0.0;31.04;6.44;0.02;0.0;0;0;0;-183.12;0.02;0.0;0.0;1.12
2022;269;365;beauce_5_sa_053;BTH;;0.78;0.0;16.75;-16.79;0.0;6.41;5.62;0.0;0.0;0;0.0;0;39.79;0.0;0.0;0.0;0.78
2022;1;223;beauce_5_sa_054;BTH;;21.53;1.81;64.44;20.32;98.06;74.19;175.04;0.18;0.02;0;57.71;0;-26.6;0.12;0.05;1.81;21.53
2022;224;303;beauce_5_sa_054;solnu;;10.51;0.0;29.42;-9.72;0.0;175.04;184.02;0.11;0.09;0;0;0;-137.55;0.1;0.01;0.0;10.51
2022;304;365;beauce_5_sa_054;BTH;;13.47;0.0;7.74;-61.92;0.0;184.19;116.33;0.03;0.0;0;0.0;0;9.32;0.03;0.0;0.0;13.47
2022;1;174;beauce_5_sa_055;BTH;;6.82;0.0;39.37;23.37;68.11;23.21;9.86;0.04;0.0;0;40.08;0;-225.54;0.0;0.04;0.0;6.82
2022;175;309;beauce_5_sa_055;solnu;;2.65;0.0;50.4;-6.0;0.0;9.86;51.61;0.08;0.04;0;0;0;-361.47;0.05;0.03;0.0;2.65
2022;310;365;beauce_5_sa_055;BTH;;1.95;0.0;6.2;-33.06;0.0;51.89;25.12;0.01;0.0;0;0.0;0;-63.54;0.01;0.0;0.0;1.95
2022;1;175;beauce_5_sa_056;BTH;;13.12;1.08;40.93;35.3;101.25;46.23;88.38;0.11;0.01;0;59.58;0;-139.92;0.06;0.05;1.08;13.12
2022;176;272;beauce_5_sa_056;solnu;;3.82;0.0;42.78;-83.09;0.0;88.38;44.11;0.08;0.06;0;0;0;-217.99;0.06;0.02;0.0;3.82
2022;273;365;beauce_5_sa_056;BTH;;5.42;0.0;16.24;-2.97;5.54;44.12;46.42;0.01;0.0;0;3.26;0;21.27;0.0;0.01;0.0;5.42
2022;1;192;beauce_5_sa_057;BTH;;11.88;0.91;49.35;31.54;78.29;36.68;95.86;0.16;0.03;0;46.73;0;-171.39;0.11;0.05;0.91;11.88
2022;193;257;beauce_5_sa_057;solnu;;6.64;0.0;30.46;-10.51;0.0;95.86;109.0;0.09;0.07;0;0;0;-184.24;0.08;0.01;0.0;6.64
2022;258;365;beauce_5_sa_057;BTH;;9.59;0.0;20.09;-55.9;2.14;109.35;61.86;0.0;0.0;0;1.26;0;-33.64;0.0;0.0;0.0;9.59
2022;1;171;beauce_5_sa_058;BTH;;3.54;0.16;38.8;15.58;68.69;11.97;5.39;0.03;0.0;0;40.42;0;-146.68;0.0;0.03;0.16;3.54
2022;172;291;beauce_5_sa_058;solnu;;1.24;0.0;48.54;-37.69;0.0;5.39;18.18;0.05;0.04;0;0;0;-325.98;0.03;0.02;0.0;1.24
2022;292;365;beauce_5_sa_058;BTH;;2.0;0.0;10.02;-10.24;0.0;18.37;16.2;0.0;0.0;0;0.0;0;-20.81;0.0;0.0;0.0;2.0
2022;1;188;beauce_5_sa_059;BTH;;1.47;0.6;48.1;23.04;86.68;6.53;34.29;0.08;0.01;0;51.36;0;-141.5;0.04;0.04;0.6;1.47
2022;189;263;beauce_5_sa_059;solnu;;0.73;0.0;35.25;-64.72;0.0;34.29;4.55;0.02;0.0;0;0;0;-164.73;0.01;0.01;0.0;0.73
2022;264;365;beauce_5_sa_059;BTH;;0.55;0.0;18.2;-15.3;1.22;4.51;5.68;0.0;0.0;0;0.72;0;36.06;0.0;0.0;0.0;0.55
2022;1;185;beauce_5_sa_060;BTH;;2.61;1.24;45.9;17.51;143.92;9.3;18.87;0.13;0.03;0;84.69;0;-66.83;0.09;0.04;1.24;2.61
2022;186;283;beauce_5_sa_060;solnu;;1.24;0.0;41.59;-0.83;0.0;18.87;58.26;0.08;0.05;0;0;0;-209.61;0.05;0.03;0.0;1.24
2022;284;365;beauce_5_sa_060;BTH;;3.05;0.0;12.5;-47.42;0.0;58.81;24.68;0.0;0.0;0;0.0;0;-76.34;0.0;0.0;0.0;3.05
2022;1;211;beauce_5_sa_061;BTH;;16.83;1.66;56.92;30.89;110.12;58.91;143.9;0.11;0.02;0;64.8;0;-77.56;0.06;0.05;1.66;16.83
2022;212;308;beauce_5_sa_061;solnu;;10.75;0.0;37.3;-77.58;0.0;143.9;92.66;0.13;0.08;0;0;0;-133.07;0.11;0.01;0.0;10.75
2022;309;365;beauce_5_sa_061;BTH;;6.68;0.0;6.66;-6.6;0.0;92.76;86.04;0.0;0.0;0;0.0;0;28.5;0.0;0.0;0.0;6.68
2022;1;212;beauce_5_sa_062;BTH;;2.1;0.14;56.01;14.04;63.38;7.3;22.04;0.04;0.0;0;37.3;0;-211.74;0.0;0.04;0.14;2.1
2022;213;286;beauce_5_sa_062;solnu;;1.09;0.0;30.53;-38.35;0.0;22.04;15.35;0.04;0.03;0;0;0;-208.61;0.03;0.01;0.0;1.09
2022;287;365;beauce_5_sa_062;BTH;;1.68;0.0;11.44;-12.45;0.0;15.24;13.64;0.0;0.0;0;0.0;0;-32.17;0.0;0.0;0.0;1.68
2022;1;196;beauce_5_sa_063;BTH;;25.05;1.31;52.81;51.37;164.68;146.38;158.45;0.3;0.05;0;99.33;0;-165.59;0.23;0.06;1.31;25.05
2022;197;269;beauce_5_sa_063;solnu;;15.53;0.0;34.49;-4.49;0.0;158.45;172.72;0.13;0.07;0;0;0;-201.69;0.11;0.02;0.0;15.53
2022;270;365;beauce_5_sa_063;BTH;;15.58;1.14;16.75;-63.81;0.65;173.14;194.91;0.02;0.0;0;0.38;0;-15.37;0.01;0.0;1.14;15.58
2022;1;178;beauce_5_sa_064;BTH;;40.73;2.57;41.07;33.0;137.32;147.28;234.51;0.16;0.02;0;80.8;0;-135.39;0.12;0.05;2.57;40.73
2022;179;316;beauce_5_sa_064;solnu;;12.82;0.0;49.68;18.38;0.0;234.51;290.32;0.23;0.1;0;0;0;-289.46;0.19;0.04;0.0;12.82
2022;317;365;beauce_5_sa_064;BTH;;14.05;0.0;5.16;-83.48;0.48;290.72;197.43;0.03;0.0;0;0.28;0;-15.56;0.03;0.0;0.0;14.05
2022;1;209;beauce_5_sa_065;BTH;;8.61;1.81;56.21;26.09;140.28;30.56;99.67;0.15;0.03;0;82.55;0;-34.52;0.1;0.05;1.81;8.61
2022;210;308;beauce_5_sa_065;solnu;;4.27;0.0;38.3;-68.43;0.0;99.67;65.45;0.11;0.07;0;0;0;-155.82;0.1;0.01;0.0;4.27
2022;309;365;beauce_5_sa_065;BTH;;4.72;0.0;6.7;-6.73;0.0;65.52;60.7;0.0;0.0;0;0.0;0;30.22;0.0;0.0;0.0;4.72
2022;1;221;beauce_5_sa_066;BTH;;12.22;0.0;61.91;39.12;140.98;104.09;52.33;0.17;0.01;0;83.17;0;-288.07;0.11;0.06;0.0;12.22
2022;222;285;beauce_5_sa_066;solnu;;4.0;0.0;25.12;-11.62;0.0;52.33;61.74;0.05;0.04;0;0;0;-181.09;0.04;0.01;0.0;4.0
2022;286;365;beauce_5_sa_066;BTH;;4.15;1.11;11.37;-40.85;0.0;61.98;33.62;0.0;0.0;0;0.0;0;-121.8;0.0;0.0;1.11;4.15
2022;1;219;beauce_5_sa_067;BTH;;9.35;1.03;60.71;25.56;103.75;30.86;80.89;0.09;0.0;0;61.05;0;-132.73;0.04;0.05;1.03;9.35
2022;220;294;beauce_5_sa_067;solnu;;4.16;0.0;30.14;-10.89;0.0;80.89;95.85;0.08;0.06;0;0;0;-165.63;0.06;0.01;0.0;4.16
2022;295;365;beauce_5_sa_067;BTH;;5.85;0.0;9.23;-52.4;0.0;96.13;47.45;0.0;0.0;0;0.0;0;-12.56;0.0;0.0;0.0;5.85
2022;1;179;beauce_5_sa_068;BTH;;13.21;0.91;41.92;29.23;95.38;46.07;75.47;0.06;0.0;0;56.13;0;-135.83;0.02;0.04;0.91;13.21
2022;180;299;beauce_5_sa_068;solnu;;3.9;0.0;48.11;-55.83;0.0;75.47;63.79;0.12;0.07;0;0;0;-283.73;0.09;0.03;0.0;3.9
2022;300;365;beauce_5_sa_068;BTH;;7.03;0.0;8.3;-8.24;0.0;63.78;56.84;0.0;0.0;0;0.0;0;3.2;0.0;0.0;0.0;7.03
2022;1;170;beauce_5_sa_069;BTH;;6.04;0.2;38.66;22.27;68.45;20.6;21.13;0.04;0.0;0;40.28;0;-172.59;0.0;0.04;0.2;6.04
2022;171;303;beauce_5_sa_069;solnu;;2.19;0.0;51.4;-44.61;0.0;21.13;28.22;0.07;0.05;0;0;0;-339.46;0.04;0.02;0.0;2.19
2022;304;365;beauce_5_sa_069;BTH;;3.02;0.0;7.49;-7.48;0.0;28.22;25.22;0.0;0.0;0;0.0;0;-2.92;0.0;0.0;0.0;3.02
2022;1;206;beauce_5_sa_070;BTH;;36.55;2.39;57.25;37.92;99.21;124.3;262.47;0.08;0.0;0;66.35;0;-66.32;0.02;0.06;2.39;36.55
2022;207;259;beauce_5_sa_070;solnu;;14.67;0.0;26.08;-11.7;0.0;262.47;261.91;0.18;0.1;0;0;0;-154.92;0.17;0.01;0.0;14.67
2022;260;365;beauce_5_sa_070;BTH;;22.31;0.0;19.74;-90.1;24.02;262.3;145.23;0.0;0.0;0;14.13;0;49.14;0.0;0.0;0.0;22.31
2022;1;193;beauce_5_sa_071;BTH;;1.46;0.0;48.67;14.46;52.36;5.0;14.28;0.04;0.0;0;30.81;0;-206.09;0.0;0.04;0.0;1.46
2022;194;279;beauce_5_sa_071;solnu;;0.75;0.0;35.68;-34.14;0.0;14.28;15.48;0.04;0.04;0;0;0;-232.68;0.03;0.01;0.0;0.75
2022;280;365;beauce_5_sa_071;BTH;;1.78;0.0;13.68;-14.77;0.0;14.92;13.24;0.0;0.0;0;0.0;0;-44.54;0.0;0.0;0.0;1.78
2022;1;217;beauce_5_sa_072;BTH;;5.02;0.0;58.5;38.95;79.24;17.57;30.76;0.07;0.0;0;48.87;0;-260.31;0.01;0.06;0.0;5.02
2022;218;286;beauce_5_sa_072;solnu;;1.73;0.0;27.87;-13.4;0.0;30.76;43.42;0.04;0.03;0;0;0;-200.28;0.03;0.01;0.0;1.73
2022;287;365;beauce_5_sa_072;BTH;;2.45;0.36;11.34;-48.51;2.32;43.74;31.64;0.01;0.0;0;1.36;0;-88.66;0.01;0.0;0.36;2.45
2022;1;192;beauce_5_sa_073;BTH;;4.56;0.39;48.87;22.74;64.86;14.84;45.85;0.08;0.01;0;39.05;0;-185.39;0.03;0.04;0.39;4.56
2022;193;261;beauce_5_sa_073;solnu;;1.74;0.0;31.25;-12.63;0.0;45.85;62.61;0.07;0.06;0;0;0;-193.38;0.06;0.01;0.0;1.74
2022;262;365;beauce_5_sa_073;BTH;;4.4;0.0;18.72;-47.78;0.0;62.95;30.01;0.0;0.0;0;0.0;0;-50.59;0.0;0.0;0.0;4.4
2022;1;174;beauce_5_sa_074;BTH;;15.43;1.73;41.87;33.76;96.23;63.1;156.47;0.18;0.02;0;62.99;0;-89.95;0.14;0.05;1.73;15.43
2022;175;257;beauce_5_sa_074;solnu;;11.93;0.0;40.7;-100.98;0.0;156.47;84.17;0.06;0.03;0;0;0;-171.1;0.04;0.01;0.0;11.93
2022;258;365;beauce_5_sa_074;BTH;;10.16;0.0;20.85;26.71;45.2;84.51;76.33;0.04;0.0;0;26.6;0;42.28;0.01;0.03;0.0;10.16
2022;1;217;beauce_5_sa_075;BTH;;2.82;0.21;59.56;16.42;67.73;9.15;30.71;0.07;0.01;0;39.86;0;-230.06;0.02;0.05;0.21;2.82
2022;218;275;beauce_5_sa_075;solnu;;0.92;0.0;24.62;-50.1;0.0;30.71;6.44;0.0;0.0;0;0;0;-158.76;0.0;0.0;0.0;0.92
2022;276;365;beauce_5_sa_075;BTH;;0.81;0.0;15.1;-15.05;0.0;6.44;5.75;0.0;0.0;0;0.0;0;0.98;0.0;0.0;0.0;0.81
2022;1;209;beauce_5_sa_076;BTH;;20.52;1.91;55.99;35.1;120.43;72.0;164.71;0.12;0.02;0;70.87;0;-82.76;0.06;0.05;1.91;20.52
2022;210;309;beauce_5_sa_076;solnu;;12.34;0.0;38.06;-82.66;0.0;164.71;107.56;0.13;0.08;0;0;0;-128.86;0.11;0.01;0.0;12.34
2022;310;365;beauce_5_sa_076;BTH;;7.76;0.0;6.5;-6.47;0.0;107.48;99.84;0.0;0.0;0;0.0;0;28.73;0.0;0.0;0.0;7.76
2022;1;172;beauce_5_sa_077;BTH;;28.09;2.11;40.38;32.94;120.17;99.71;181.27;0.15;0.01;0;70.71;0;-27.99;0.11;0.04;2.11;28.09
2022;173;278;beauce_5_sa_077;solnu;;11.37;0.0;46.09;-85.84;0.0;181.27;130.79;0.13;0.09;0;0;0;-190.66;0.11;0.02;0.0;11.37
2022;279;365;beauce_5_sa_077;BTH;;15.56;0.0;14.87;-7.34;2.94;130.8;119.81;0.01;0.0;0;1.73;0;62.06;0.0;0.0;0.0;15.56
2022;1;229;beauce_5_sa_078;BTH;;22.69;2.21;72.79;26.87;114.71;79.93;207.67;0.27;0.04;0;68.2;0;-99.76;0.21;0.06;2.21;22.69
2022;230;282;beauce_5_sa_078;solnu;;13.82;0.0;19.19;-14.02;0.0;207.67;198.81;0.1;0.11;0;0;0;-92.39;0.09;0.01;0.0;13.82
2022;283;365;beauce_5_sa_078;BTH;;15.27;0.0;13.11;-69.18;4.5;199.14;122.98;0.0;0.0;0;2.65;0;19.47;0.0;0.0;0.0;15.27
2022;1;203;beauce_5_sa_079;BTH;;2.77;0.82;55.64;20.11;112.15;10.11;32.22;0.09;0.01;0;66.0;0;-112.89;0.04;0.05;0.82;2.77
2022;204;266;beauce_5_sa_079;solnu;;1.18;0.0;30.07;-55.98;0.0;32.22;6.85;0.03;0.0;0;0;0;-175.83;0.02;0.01;0.0;1.18
2022;267;365;beauce_5_sa_079;BTH;;0.87;0.0;17.27;-17.99;0.0;6.85;6.04;0.0;0.0;0;0.0;0;29.94;0.0;0.0;0.0;0.87
2022;1;217;beauce_5_sa_080;BTH;;4.55;0.98;60.19;19.92;102.64;15.59;61.31;0.19;0.03;0;60.4;0;-151.7;0.14;0.05;0.98;4.55
2022;218;288;beauce_5_sa_080;solnu;;3.35;0.0;28.94;-10.43;0.0;61.31;76.34;0.07;0.05;0;0;0;-157.88;0.05;0.01;0.0;3.35
2022;289;365;beauce_5_sa_080;BTH;;4.6;0.0;10.79;-46.95;0.0;76.57;37.25;0.0;0.0;0;0.0;0;-44.38;0.0;0.0;0.0;4.6
2022;1;215;beauce_5_sa_081;BTH;;17.63;1.69;59.91;30.31;107.91;61.75;152.9;0.14;0.02;0;63.5;0;-82.45;0.08;0.05;1.69;17.63
2022;216;288;beauce_5_sa_081;solnu;;10.66;0.0;30.91;-71.5;0.0;152.9;101.44;0.12;0.08;0;0;0;-127.65;0.12;0.01;0.0;10.66
2022;289;365;beauce_5_sa_081;BTH;;11.15;0.0;11.17;-11.36;0.0;101.28;90.09;0.0;0.0;0;0.0;0;41.81;0.0;0.0;0.0;11.15
2022;1;183;beauce_5_sa_082;BTH;;2.51;1.14;44.95;24.1;144.68;9.4;16.33;0.1;0.02;0;85.13;0;-104.67;0.05;0.04;1.14;2.51
2022;184;272;beauce_5_sa_082;solnu;;1.25;0.0;39.68;-3.48;0.0;16.33;51.16;0.07;0.05;0;0;0;-222.71;0.04;0.02;0.0;1.25
2022;273;365;beauce_5_sa_082;BTH;;3.07;0.0;15.81;-43.44;0.0;51.58;22.3;0.0;0.0;0;0.0;0;-79.92;0.0;0.0;0.0;3.07
2022;1;187;beauce_5_sa_083;BTH;;17.38;1.72;47.37;26.75;123.04;61.66;123.74;0.18;0.04;0;75.07;0;-78.28;0.13;0.04;1.72;17.38
2022;188;290;beauce_5_sa_083;solnu;;5.99;0.0;42.66;1.26;0.0;123.74;161.46;0.13;0.08;0;0;0;-224.94;0.1;0.03;0.0;5.99
2022;291;365;beauce_5_sa_083;BTH;;11.2;0.0;10.75;-65.18;5.3;162.12;90.53;0.0;0.0;0;3.12;0;-1.56;0.0;0.0;0.0;11.2
2022;1;221;beauce_5_sa_084;BTH;;20.06;1.11;62.63;32.59;73.51;61.92;146.67;0.1;0.0;0;45.02;0;-195.65;0.05;0.06;1.11;20.06
2022;222;264;beauce_5_sa_084;solnu;;6.22;0.0;19.85;-14.46;0.0;146.67;145.67;0.08;0.08;0;0;0;-122.43;0.07;0.01;0.0;6.22
2022;265;365;beauce_5_sa_084;BTH;;11.33;0.0;17.81;-66.83;6.33;146.04;78.99;0.0;0.0;0;3.73;0;-2.64;0.0;0.0;0.0;11.33
2022;1;184;beauce_5_sa_085;BTH;;3.59;0.36;43.99;11.43;83.43;11.32;5.34;0.04;0.0;0;49.09;0;-115.02;0.01;0.04;0.36;3.59
2022;185;311;beauce_5_sa_085;solnu;;1.66;0.0;47.06;-38.01;0.0;5.34;14.64;0.05;0.03;0;0;0;-290.59;0.03;0.02;0.0;1.66
2022;312;365;beauce_5_sa_085;BTH;;0.99;0.0;5.82;-7.57;0.0;14.64;13.69;0.0;0.0;0;0.0;0;-33.36;0.0;0.0;0.0;0.99
2022;1;189;beauce_5_sa_086;BTH;;2.45;0.37;47.14;21.12;74.19;8.28;27.56;0.07;0.01;0;43.66;0;-165.51;0.03;0.04;0.37;2.45
2022;190;270;beauce_5_sa_086;solnu;;0.58;0.0;35.01;-58.85;0.0;27.56;3.55;0.02;0.0;0;0;0;-188.86;0.01;0.01;0.0;0.58
2022;271;365;beauce_5_sa_086;BTH;;0.43;0.0;16.34;-16.26;0.0;3.56;3.2;0.0;0.0;0;0.0;0;5.32;0.0;0.0;0.0;0.43
2022;1;171;beauce_5_sa_087;BTH;;3.22;0.53;39.14;14.05;95.07;11.21;4.86;0.06;0.0;0;55.94;0;-71.72;0.03;0.03;0.53;3.22
2022;172;275;beauce_5_sa_087;solnu;;0.93;0.0;44.43;-31.37;0.0;4.86;18.16;0.05;0.04;0;0;0;-252.56;0.03;0.02;0.0;0.93
2022;276;365;beauce_5_sa_087;BTH;;2.29;0.0;15.28;-18.25;0.0;18.16;15.94;0.0;0.0;0;0.0;0;-63.78;0.0;0.0;0.0;2.29
2022;1;222;beauce_5_sa_088;BTH;;9.13;1.61;64.49;19.12;166.53;18.74;47.12;0.16;0.02;0;97.99;0;-89.62;0.1;0.05;1.61;9.13
2022;223;292;beauce_5_sa_088;solnu;;2.81;0.0;27.69;-13.2;0.0;47.12;58.72;0.04;0.04;0;0;0;-139.31;0.03;0.01;0.0;2.81
2022;293;365;beauce_5_sa_088;BTH;;3.86;0.0;9.89;-39.17;0.0;59.19;31.24;0.0;0.0;0;0.0;0;-76.15;0.0;0.0;0.0;3.86
2022;1;207;beauce_5_sa_089;BTH;;10.95;0.83;54.39;19.35;87.19;37.71;75.22;0.05;0.0;0;51.31;0;-169.97;0.01;0.05;0.83;10.95
2022;208;311;beauce_5_sa_089;solnu;;6.02;0.0;38.38;-4.26;0.0;75.22;103.09;0.15;0.07;0;0;0;-220.43;0.13;0.02;0.0;6.02
2022;312;365;beauce_5_sa_089;BTH;;4.18;0.0;5.88;-47.13;0.0;103.31;58.19;0.01;0.0;0;0.0;0;-24.18;0.01;0.0;0.0;4.18
2022;1;184;beauce_5_sa_090;BTH;;11.83;0.0;43.38;27.22;127.87;87.19;17.61;0.1;0.0;0;75.45;0;-215.44;0.05;0.05;0.0;11.83
2022;185;308;beauce_5_sa_090;solnu;;3.34;0.0;45.43;4.67;0.0;17.61;64.41;0.09;0.04;0;0;0;-297.65;0.06;0.03;0.0;3.34
2022;309;365;beauce_5_sa_090;BTH;;2.62;0.88;6.31;-37.5;0.0;64.64;33.79;0.01;0.0;0;0.0;0;-88.25;0.0;0.0;0.88;2.62
2022;1;226;beauce_5_sa_091;BTH;;3.28;0.0;64.25;19.72;58.5;11.0;33.13;0.06;0.0;0;34.43;0;-345.36;0.01;0.05;0.0;3.28
2022;227;291;beauce_5_sa_091;solnu;;1.32;0.0;22.78;-38.37;0.0;33.13;17.9;0.03;0.04;0;0;0;-164.68;0.02;0.0;0.0;1.32
2022;292;365;beauce_5_sa_091;BTH;;1.94;0.0;9.77;-10.93;0.0;17.71;15.76;0.0;0.0;0;0.0;0;-44.24;0.0;0.0;0.0;1.94
2022;1;188;beauce_5_sa_092;BTH;;2.88;1.14;47.29;5.12;111.8;9.6;32.42;0.14;0.03;0;65.79;0;13.56;0.11;0.03;1.14;2.88
2022;189;296;beauce_5_sa_092;solnu;;1.25;0.0;43.19;-41.3;0.0;32.42;32.93;0.08;0.05;0;0;0;-181.47;0.06;0.02;0.0;1.25
2022;297;365;beauce_5_sa_092;BTH;;3.5;0.0;8.94;-12.31;0.0;31.97;28.34;0.0;0.0;0;0.0;0;-27.54;0.0;0.0;0.0;3.5
2022;1;201;beauce_5_sa_093;BTH;;4.41;1.01;53.46;14.93;126.8;12.39;25.34;0.1;0.01;0;74.62;0;-53.11;0.05;0.04;1.01;4.41
2022;202;280;beauce_5_sa_093;solnu;;1.89;0.0;34.9;-35.59;0.0;25.34;23.02;0.05;0.04;0;0;0;-175.11;0.04;0.02;0.0;1.89
2022;281;365;beauce_5_sa_093;BTH;;2.54;0.0;13.58;-19.17;0.0;23.02;20.5;0.0;0.0;0;0.0;0;-77.14;0.0;0.0;0.0;2.54
2022;1;206;beauce_5_sa_094;BTH;;2.15;0.0;54.0;18.82;53.94;7.36;24.03;0.04;0.0;0;31.74;0;-249.25;0.0;0.04;0.0;2.15
2022;207;274;beauce_5_sa_094;solnu;;0.9;0.0;28.78;-36.26;0.0;24.03;17.09;0.04;0.04;0;0;0;-211.0;0.03;0.01;0.0;0.9
2022;275;365;beauce_5_sa_094;BTH;;2.21;0.0;15.3;-16.05;0.0;17.06;14.9;0.0;0.0;0;0.0;0;-45.02;0.0;0.0;0.0;2.21
2022;1;185;beauce_5_sa_095;BTH;;1.42;1.03;46.92;14.09;127.82;5.25;14.0;0.08;0.02;0;75.21;0;-38.13;0.05;0.04;1.03;1.42
2022;186;272;beauce_5_sa_095;solnu;;0.46;0.0;39.55;-55.09;0.0;14.0;3.34;0.02;0.0;0;0;0;-228.5;0.01;0.01;0.0;0.46
2022;273;365;beauce_5_sa_095;BTH;;0.38;0.0;16.12;-16.22;0.0;3.26;2.85;0.0;0.0;0;0.0;0;56.01;0.0;0.0;0.0;0.38
2022;1;213;beauce_5_sa_096;BTH;;6.38;2.11;65.52;43.07;168.33;32.07;123.27;0.19;0.03;0;106.3;0;-243.13;0.13;0.07;2.11;6.38
2022;214;268;beauce_5_sa_096;solnu;;6.58;0.0;27.45;-109.61;0.0;123.27;34.43;0.09;0.0;0;0;0;31.64;0.09;0.0;0.0;6.58
2022;269;365;beauce_5_sa_096;BTH;;4.37;0.0;17.87;12.75;18.08;34.47;42.56;0.03;0.0;0;10.64;0;86.01;0.01;0.02;0.0;4.37
2022;1;177;beauce_5_sa_097;BTH;;11.04;1.12;40.74;47.36;127.5;38.76;71.63;0.17;0.03;0;78.43;0;-200.03;0.12;0.05;1.12;11.04
2022;178;278;beauce_5_sa_097;solnu;;4.69;0.0;42.99;4.28;0.0;71.63;114.03;0.11;0.07;0;0;0;-280.92;0.08;0.03;0.0;4.69
2022;279;365;beauce_5_sa_097;BTH;;8.28;0.14;14.11;-67.8;1.48;114.78;61.59;0.01;0.0;0;0.87;0;-57.25;0.01;0.0;0.14;8.28
2022;1;175;beauce_5_sa_098;BTH;;4.62;1.16;40.46;23.43;131.16;16.24;31.44;0.14;0.03;0;77.18;0;-120.69;0.1;0.04;1.16;4.62
2022;176;275;beauce_5_sa_098;solnu;;1.76;0.0;43.46;3.48;0.0;31.44;76.46;0.09;0.06;0;0;0;-245.15;0.06;0.03;0.0;1.76
2022;276;365;beauce_5_sa_098;BTH;;4.82;0.0;15.13;-52.59;0.0;76.92;35.22;0.01;0.0;0;0.0;0;-64.97;0.0;0.0;0.0;4.82
2022;1;203;beauce_5_sa_099;BTH;;7.5;1.51;52.54;0.51;159.56;19.2;19.33;0.13;0.03;0;93.89;0;2.21;0.08;0.04;1.51;7.5
2022;204;317;beauce_5_sa_099;solnu;;1.83;0.0;41.73;-6.45;0.0;19.33;52.68;0.08;0.03;0;0;0;-177.26;0.05;0.02;0.0;1.83
2022;318;365;beauce_5_sa_099;BTH;;1.95;0.0;5.06;-33.03;0.0;52.9;27.46;0.01;0.0;0;0.0;0;-66.6;0.01;0.0;0.0;1.95
2023;1;171;beauce_5_sa_000;BTH;;1.73;2.01;33.69;31.81;158.7;45.33;101.09;0.09;0.0;0;118.22;0;-97.29;0.05;0.04;2.01;1.73
2023;172;266;beauce_5_sa_000;solnu;;0.0;0.0;40.62;-95.56;0.0;101.09;46.13;0.02;0.0;0;0;0;-97.23;0.01;0.02;0.0;0.0
2023;267;365;beauce_5_sa_000;BTH;;0.9;0.0;16.12;24.29;52.11;46.55;33.48;0.04;0.0;0;30.66;0;71.48;0.02;0.02;0.0;0.9
2023;1;211;beauce_5_sa_001;BTH;;7.06;2.19;53.11;55.3;124.28;137.24;277.88;0.15;0.0;0;85.26;0;-159.85;0.08;0.07;2.19;7.06
2023;212;260;beauce_5_sa_001;solnu;;0.0;0.0;22.05;-9.9;0.0;277.88;290.02;0.01;0.0;0;0;0;-126.94;0.0;0.01;0.0;0.0
2023;261;365;beauce_5_sa_001;BTH;;13.18;0.0;16.93;-81.16;66.77;290.52;145.75;0.08;0.0;0;39.29;0;31.78;0.07;0.01;0.0;13.18
2023;1;184;beauce_5_sa_002;BTH;;0.22;0.0;38.15;22.56;68.27;20.95;13.1;0.05;0.0;0;40.56;0;-112.48;0.02;0.04;0.0;0.22
2023;185;262;beauce_5_sa_002;solnu;;0.0;0.0;32.7;-45.21;0.0;13.1;3.67;0.01;0.0;0;0;0;-216.67;0.0;0.01;0.0;0.0
2023;263;365;beauce_5_sa_002;BTH;;0.5;0.22;15.89;-17.0;1.16;3.67;17.91;0.01;0.0;0;0.68;0;-7.39;0.01;0.0;0.22;0.5
2023;1;227;beauce_5_sa_003;BTH;;0.87;0.29;57.84;8.59;68.22;14.09;33.1;0.04;0.0;0;40.14;0;-131.34;0.0;0.04;0.29;0.87
2023;228;299;beauce_5_sa_003;solnu;;0.0;0.0;21.25;-49.56;0.0;33.1;6.89;0.0;0.0;0;0;0;-142.56;0.0;0.0;0.0;0.0
2023;300;365;beauce_5_sa_003;BTH;;0.79;0.0;7.29;-7.82;0.0;6.72;6.05;0.0;0.0;0;0.0;0;15.78;0.0;0.0;0.0;0.79
2023;1;211;beauce_5_sa_004;BTH;;1.64;0.6;50.34;12.02;81.41;27.01;51.06;0.06;0.0;0;47.9;0;-113.43;0.02;0.04;0.6;1.64
2023;212;293;beauce_5_sa_004;solnu;;0.0;0.0;27.46;-11.06;0.0;51.06;67.44;0.01;0.0;0;0;0;-125.5;0.0;0.01;0.0;0.0
2023;294;365;beauce_5_sa_004;BTH;;1.51;0.0;8.2;-60.88;1.85;67.74;11.4;0.0;0.0;0;1.09;0;4.09;0.0;0.0;0.0;1.51
2023;1;199;beauce_5_sa_005;BTH;;2.63;1.4;41.71;33.96;209.98;83.05;50.63;0.08;0.0;0;124.93;0;-11.07;0.04;0.05;1.4;2.63
2023;200;287;beauce_5_sa_005;solnu;;0.0;0.0;37.36;-1.48;0.0;50.63;86.48;0.02;0.0;0;0;0;-144.9;0.0;0.02;0.0;0.0
2023;288;365;beauce_5_sa_005;BTH;;0.03;0.69;9.66;-70.91;13.98;86.75;62.71;0.04;0.0;0;8.22;0;27.0;0.04;0.0;0.69;0.03
2023;1;174;beauce_5_sa_006;BTH;;5.33;1.88;35.26;38.3;117.86;109.99;60.32;0.04;0.0;0;77.3;0;-20.06;0.0;0.04;1.88;5.33
2023;175;267;beauce_5_sa_006;solnu;;0.0;0.0;39.26;0.15;0.0;60.32;240.39;0.07;0.0;0;0;0;-165.51;0.04;0.02;0.0;0.0
2023;268;365;beauce_5_sa_006;BTH;;8.71;0.0;14.3;-87.92;52.4;241.03;105.59;0.06;0.0;0;30.83;0;42.58;0.05;0.01;0.0;8.71
2023;1;195;beauce_5_sa_007;BTH;;0.8;0.58;41.08;8.61;88.77;17.18;20.49;0.03;0.0;0;52.24;0;-65.65;0.0;0.03;0.58;0.8
2023;196;285;beauce_5_sa_007;solnu;;0.0;0.0;34.5;-7.94;0.0;20.49;47.03;0.02;0.0;0;0;0;-151.48;0.0;0.02;0.0;0.0
2023;286;365;beauce_5_sa_007;BTH;;0.65;0.0;9.35;-46.02;4.5;47.21;8.05;0.0;0.0;0;2.65;0;-41.46;0.0;0.0;0.0;0.65
2023;1;174;beauce_5_sa_008;BTH;;0.31;1.12;32.56;10.83;128.87;6.66;4.39;0.03;0.0;0;75.83;0;45.28;0.0;0.03;1.12;0.31
2023;175;298;beauce_5_sa_008;solnu;;0.0;0.0;43.19;-49.32;0.0;4.39;3.66;0.01;0.0;0;0;0;-159.38;0.0;0.01;0.0;0.0
2023;299;365;beauce_5_sa_008;BTH;;0.15;0.0;7.72;-7.84;0.0;3.66;3.63;0.0;0.0;0;0.0;0;37.74;0.0;0.0;0.0;0.15
2023;1;216;beauce_5_sa_009;BTH;;0.05;0.0;53.51;20.42;48.52;3.24;28.55;0.05;0.0;0;31.27;0;-273.91;0.01;0.04;0.0;0.05
2023;217;266;beauce_5_sa_009;solnu;;0.0;0.0;21.49;-50.71;0.0;28.55;1.38;0.0;0.0;0;0;0;-98.76;0.0;0.0;0.0;0.0
2023;267;365;beauce_5_sa_009;BTH;;0.19;0.0;15.65;-10.58;3.16;1.38;3.09;0.0;0.0;0;1.86;0;-14.47;0.0;0.0;0.0;0.19
2023;1;228;beauce_5_sa_010;BTH;;3.44;0.63;59.12;37.6;81.78;53.19;112.03;0.12;0.0;0;48.12;0;-302.08;0.06;0.06;0.63;3.44
2023;229;261;beauce_5_sa_010;solnu;;0.0;0.0;11.94;-13.66;0.0;112.03;110.31;0.0;0.0;0;0;0;-93.08;0.0;0.0;0.0;0.0
2023;262;365;beauce_5_sa_010;BTH;;4.34;0.0;15.55;-76.4;18.12;110.42;27.0;0.0;0.0;0;10.66;0;-17.47;0.0;0.0;0.0;4.34
2023;1;172;beauce_5_sa_011;BTH;;5.86;2.01;35.43;26.14;105.79;112.99;143.86;0.07;0.0;0;72.38;0;-26.81;0.04;0.04;2.01;5.86
2023;173;259;beauce_5_sa_011;solnu;;0.0;0.0;38.0;-0.36;0.0;143.86;250.9;0.07;0.0;0;0;0;-158.68;0.05;0.02;0.0;0.0
2023;260;365;beauce_5_sa_011;BTH;;10.37;0.0;16.59;-82.46;68.46;251.2;106.13;0.06;0.0;0;40.29;0;37.66;0.05;0.01;0.0;10.37
2023;1;219;beauce_5_sa_012;BTH;;0.2;0.0;54.34;25.62;52.04;5.08;32.74;0.06;0.0;0;31.64;0;-271.91;0.01;0.05;0.0;0.2
2023;220;265;beauce_5_sa_012;solnu;;0.0;0.0;19.55;-50.84;0.0;32.74;2.6;0.0;0.0;0;0;0;-118.56;0.0;0.0;0.0;0.0
2023;266;365;beauce_5_sa_012;BTH;;0.36;0.0;16.12;-14.74;0.0;2.6;3.62;0.0;0.0;0;0.0;0;0.12;0.0;0.0;0.0;0.36
2023;1;177;beauce_5_sa_013;BTH;;0.77;0.88;33.66;4.85;111.41;16.65;8.66;0.02;0.0;0;65.56;0;8.77;0.0;0.02;0.88;0.77
2023;178;279;beauce_5_sa_013;solnu;;0.0;0.0;40.62;-42.78;0.0;8.66;8.05;0.02;0.0;0;0;0;-146.64;0.0;0.02;0.0;0.0
2023;280;365;beauce_5_sa_013;BTH;;0.38;0.0;10.94;-13.5;0.0;8.05;7.81;0.0;0.0;0;0.0;0;-19.8;0.0;0.0;0.0;0.38
2023;1;185;beauce_5_sa_014;BTH;;5.11;1.89;38.26;20.53;118.79;109.79;185.88;0.11;0.0;0;74.31;0;-1.36;0.07;0.04;1.89;5.11
2023;186;289;beauce_5_sa_014;solnu;;0.0;0.0;39.37;2.76;0.0;185.88;222.19;0.03;0.0;0;0;0;-153.02;0.0;0.03;0.0;0.0
2023;290;365;beauce_5_sa_014;BTH;;6.05;0.0;9.01;-90.41;14.09;222.36;120.58;0.07;0.0;0;8.29;0;27.65;0.07;0.0;0.0;6.05
2023;1;201;beauce_5_sa_015;BTH;;0.62;0.36;44.57;5.35;73.25;10.86;13.89;0.04;0.0;0;43.11;0;-73.51;0.0;0.03;0.36;0.62
2023;202;304;beauce_5_sa_015;solnu;;0.0;0.0;34.59;-45.24;0.0;13.89;5.2;0.01;0.0;0;0;0;-164.53;0.0;0.01;0.0;0.0
2023;305;365;beauce_5_sa_015;BTH;;0.33;0.0;6.79;-7.58;0.0;5.2;4.97;0.0;0.0;0;0.0;0;-7.34;0.0;0.0;0.0;0.33
2023;1;186;beauce_5_sa_016;BTH;;3.24;0.72;39.68;35.48;79.85;57.4;103.45;0.09;0.0;0;50.62;0;-183.32;0.05;0.05;0.72;3.24
2023;187;256;beauce_5_sa_016;solnu;;0.0;0.0;29.71;-6.62;0.0;103.45;126.52;0.02;0.0;0;0;0;-178.08;0.0;0.02;0.0;0.0
2023;257;365;beauce_5_sa_016;BTH;;5.32;0.0;16.13;-75.42;29.64;126.93;32.27;0.0;0.0;0;17.44;0;-32.32;0.0;0.0;0.0;5.32
2023;1;225;beauce_5_sa_017;BTH;;5.74;2.31;61.75;50.73;200.61;121.66;261.8;0.26;0.0;0;120.24;0;-106.38;0.19;0.07;2.31;5.74
2023;226;282;beauce_5_sa_017;solnu;;0.0;0.0;26.48;-101.2;0.0;261.8;187.07;0.01;0.0;0;0;0;0.03;0.01;0.01;0.0;0.0
2023;283;365;beauce_5_sa_017;BTH;;5.35;0.82;12.39;19.58;26.19;187.79;248.94;0.13;0.0;0;15.41;0;77.97;0.11;0.02;0.82;5.35
2023;1;213;beauce_5_sa_018;BTH;;6.06;1.79;51.74;26.02;116.48;127.83;217.3;0.07;0.0;0;68.54;0;-46.16;0.02;0.05;1.79;6.06
2023;214;311;beauce_5_sa_018;solnu;;0.0;0.0;31.84;-5.06;0.0;217.3;244.06;0.02;0.0;0;0;0;-132.54;0.0;0.02;0.0;0.0
2023;312;365;beauce_5_sa_018;BTH;;5.46;0.0;5.9;-85.5;1.68;244.33;157.21;0.09;0.0;0;0.99;0;12.15;0.09;0.0;0.0;5.46
2023;1;208;beauce_5_sa_019;BTH;;0.94;0.0;47.7;5.24;47.49;14.47;18.95;0.03;0.0;0;27.94;0;-183.84;0.0;0.03;0.0;0.94
2023;209;312;beauce_5_sa_019;solnu;;0.0;0.0;30.87;-35.55;0.0;18.95;14.26;0.01;0.0;0;0;0;-162.24;0.0;0.01;0.0;0.0
2023;313;365;beauce_5_sa_019;BTH;;0.81;0.0;5.39;-12.72;0.0;12.44;6.18;0.0;0.0;0;0.0;0;-11.69;0.0;0.0;0.0;0.81
2023;1;194;beauce_5_sa_020;BTH;;1.26;0.0;40.69;-2.3;45.48;19.02;10.94;0.02;0.0;0;26.76;0;-153.33;0.0;0.02;0.0;1.26
2023;195;313;beauce_5_sa_020;solnu;;0.0;0.0;37.01;-7.14;0.0;10.94;40.79;0.02;0.0;0;0;0;-192.1;0.0;0.02;0.0;0.0
2023;314;365;beauce_5_sa_020;BTH;;1.15;0.0;5.25;-36.16;0.0;41.07;8.71;0.0;0.0;0;0.0;0;-16.2;0.0;0.0;0.0;1.15
2023;1;187;beauce_5_sa_021;BTH;;0.82;0.0;38.29;2.95;45.61;12.98;7.77;0.03;0.0;0;26.84;0;-122.19;0.0;0.03;0.0;0.82
2023;188;292;beauce_5_sa_021;solnu;;0.0;0.0;36.83;-9.03;0.0;7.77;35.55;0.02;0.0;0;0;0;-185.83;0.0;0.02;0.0;0.0
2023;293;365;beauce_5_sa_021;BTH;;0.77;0.0;8.15;-35.74;1.77;35.8;5.42;0.0;0.0;0;1.04;0;-21.1;0.0;0.0;0.0;0.77
2023;1;188;beauce_5_sa_022;BTH;;1.1;0.0;38.52;-4.22;40.59;16.66;9.32;0.02;0.0;0;23.89;0;-100.82;0.0;0.02;0.0;1.1
2023;189;306;beauce_5_sa_022;solnu;;0.0;0.0;38.61;-9.34;0.0;9.32;38.56;0.02;0.0;0;0;0;-175.41;0.0;0.02;0.0;0.0
2023;307;365;beauce_5_sa_022;BTH;;0.98;0.0;6.32;-36.56;0.0;38.79;7.33;0.0;0.0;0;0.0;0;-13.75;0.0;0.0;0.0;0.98
2023;1;200;beauce_5_sa_023;BTH;;0.59;0.0;44.51;6.12;48.16;9.74;11.58;0.03;0.0;0;28.34;0;-136.22;0.0;0.03;0.0;0.59
2023;201;309;beauce_5_sa_023;solnu;;0.0;0.0;33.92;-41.63;0.0;11.58;4.64;0.01;0.0;0;0;0;-180.47;0.0;0.01;0.0;0.0
2023;310;365;beauce_5_sa_023;BTH;;0.55;0.0;5.91;-6.16;0.0;4.64;4.11;0.0;0.0;0;0.0;0;-9.78;0.0;0.0;0.0;0.55
2023;1;200;beauce_5_sa_024;BTH;;3.52;1.54;46.34;26.5;122.48;75.98;137.77;0.11;0.0;0;72.07;0;-40.18;0.06;0.04;1.54;3.52
2023;201;289;beauce_5_sa_024;solnu;;0.0;0.0;34.84;-76.18;0.0;137.77;96.41;0.02;0.0;0;0;0;-145.29;0.0;0.02;0.0;0.0
2023;290;365;beauce_5_sa_024;BTH;;3.74;0.0;9.48;-19.42;14.14;95.26;68.56;0.04;0.0;0;8.32;0;55.64;0.04;0.0;0.0;3.74
2023;1;181;beauce_5_sa_025;BTH;;2.12;1.28;35.88;21.0;130.66;44.58;64.74;0.05;0.0;0;76.89;0;-49.72;0.02;0.03;1.28;2.12
2023;182;267;beauce_5_sa_025;solnu;;0.0;0.0;36.36;-0.57;0.0;64.74;100.49;0.04;0.0;0;0;0;-155.7;0.02;0.02;0.0;0.0
2023;268;365;beauce_5_sa_025;BTH;;2.81;0.0;13.9;-74.33;15.09;101.13;22.16;0.0;0.0;0;8.88;0;6.68;0.0;0.0;0.0;2.81
2023;1;192;beauce_5_sa_026;BTH;;4.89;2.29;40.76;45.09;168.21;102.42;186.64;0.14;0.0;0;102.51;0;-81.24;0.08;0.05;2.29;4.89
2023;193;269;beauce_5_sa_026;solnu;;0.0;0.0;33.91;1.45;0.0;186.64;221.97;0.02;0.0;0;0;0;-154.96;0.0;0.02;0.0;0.0
2023;270;365;beauce_5_sa_026;BTH;;4.98;0.0;13.35;-82.16;48.43;222.31;99.69;0.06;0.0;0;28.5;0;18.27;0.05;0.01;0.0;4.98
2023;1;226;beauce_5_sa_027;BTH;;0.58;1.27;59.93;18.14;141.7;12.47;43.22;0.07;0.0;0;83.38;0;-51.23;0.02;0.05;1.27;0.58
2023;227;286;beauce_5_sa_027;solnu;;0.0;0.0;24.93;-64.24;0.0;43.22;7.03;0.0;0.0;0;0;0;-99.82;0.0;0.0;0.0;0.0
2023;287;365;beauce_5_sa_027;BTH;;0.33;0.0;10.71;-10.73;0.0;7.08;6.68;0.0;0.0;0;0.0;0;82.91;0.0;0.0;0.0;0.33
2023;1;193;beauce_5_sa_028;BTH;;1.36;1.29;39.26;5.23;152.55;29.3;16.28;0.03;0.0;0;90.09;0;66.94;0.0;0.03;1.29;1.36
2023;194;304;beauce_5_sa_028;solnu;;0.0;0.0;39.33;-5.2;0.0;16.28;50.39;0.02;0.0;0;0;0;-105.28;0.0;0.02;0.0;0.0
2023;305;365;beauce_5_sa_028;BTH;;0.31;0.14;7.03;-54.59;0.54;50.65;14.25;0.0;0.0;0;0.32;0;-10.94;0.0;0.0;0.14;0.31
2023;1;218;beauce_5_sa_029;BTH;;0.62;0.0;52.25;7.96;48.51;10.1;21.14;0.04;0.0;0;28.55;0;-164.01;0.0;0.04;0.0;0.62
2023;219;317;beauce_5_sa_029;solnu;;0.0;0.0;28.02;-45.24;0.0;21.14;4.82;0.01;0.0;0;0;0;-163.95;0.0;0.01;0.0;0.0
2023;318;365;beauce_5_sa_029;BTH;;0.57;0.0;4.68;-4.76;0.0;4.82;4.33;0.0;0.0;0;0.0;0;-4.54;0.0;0.0;0.0;0.57
2023;1;205;beauce_5_sa_030;BTH;;1.15;0.0;46.3;5.98;49.23;17.71;19.61;0.03;0.0;0;28.97;0;-202.46;0.0;0.03;0.0;1.15
2023;206;309;beauce_5_sa_030;solnu;;0.0;0.0;31.04;-9.81;0.0;19.61;40.81;0.02;0.0;0;0;0;-173.28;0.0;0.02;0.0;0.0
2023;310;365;beauce_5_sa_030;BTH;;1.03;0.0;5.8;-37.74;0.0;41.03;7.84;0.0;0.0;0;0.0;0;-19.07;0.0;0.0;0.0;1.03
2023;1;211;beauce_5_sa_031;BTH;;4.18;0.91;50.13;9.72;76.66;69.01;115.75;0.06;0.0;0;45.11;0;-123.48;0.03;0.04;0.91;4.18
2023;212;316;beauce_5_sa_031;solnu;;0.0;0.0;31.21;-4.76;0.0;115.75;142.19;0.02;0.0;0;0;0;-144.13;0.0;0.02;0.0;0.0
2023;317;365;beauce_5_sa_031;BTH;;5.65;0.0;4.88;-67.63;0.64;142.34;73.07;0.06;0.0;0;0.38;0;-5.47;0.06;0.0;0.0;5.65
2023;1;202;beauce_5_sa_032;BTH;;1.02;0.0;46.21;13.22;46.01;15.4;27.76;0.04;0.0;0;27.07;0;-182.16;0.01;0.04;0.0;1.02
2023;203;271;beauce_5_sa_032;solnu;;0.0;0.0;26.86;-46.45;0.0;27.76;8.16;0.01;0.0;0;0;0;-140.3;0.0;0.01;0.0;0.0
2023;272;365;beauce_5_sa_032;BTH;;1.07;0.0;12.54;-12.6;0.0;8.14;7.04;0.0;0.0;0;0.0;0;-16.16;0.0;0.0;0.0;1.07
2023;1;221;beauce_5_sa_033;BTH;;0.87;0.83;54.13;13.33;113.67;18.77;33.52;0.04;0.0;0;66.89;0;-62.32;0.0;0.04;0.83;0.87
2023;222;294;beauce_5_sa_033;solnu;;0.0;0.0;26.51;-54.25;0.0;33.52;9.06;0.0;0.0;0;0;0;-155.65;0.0;0.0;0.0;0.0
2023;295;365;beauce_5_sa_033;BTH;;0.67;0.0;8.33;-9.0;0.0;9.06;8.54;0.0;0.0;0;0.0;0;15.64;0.0;0.0;0.0;0.67
2023;1;179;beauce_5_sa_034;BTH;;1.0;0.0;35.15;10.73;46.64;17.72;15.93;0.03;0.0;0;27.44;0;-127.08;0.0;0.03;0.0;1.0
2023;180;262;beauce_5_sa_034;solnu;;0.15;0.0;34.83;-11.14;0.0;15.93;39.46;0.02;0.0;0;0;0;-187.03;0.0;0.02;0.0;0.15
2023;263;365;beauce_5_sa_034;BTH;;1.25;0.0;14.96;-42.2;3.0;39.91;7.96;0.0;0.0;0;1.77;0;-42.63;0.0;0.0;0.0;1.25
2023;1;214;beauce_5_sa_035;BTH;;2.41;2.21;54.47;48.32;183.41;54.8;137.15;0.11;0.0;0;109.66;0;-87.34;0.04;0.06;2.21;2.41
2023;215;286;beauce_5_sa_035;solnu;;0.0;0.0;31.84;-102.6;0.0;137.15;66.37;0.02;0.0;0;0;0;-17.8;0.01;0.01;0.0;0.0
2023;287;365;beauce_5_sa_035;BTH;;1.81;0.0;11.07;17.94;20.17;66.92;73.32;0.07;0.0;0;11.87;0;70.87;0.06;0.02;0.0;1.81
2023;1;175;beauce_5_sa_036;BTH;;0.94;0.0;33.08;5.61;43.18;16.33;9.63;0.02;0.0;0;25.41;0;-99.64;0.0;0.02;0.0;0.94
2023;176;312;beauce_5_sa_036;solnu;;0.0;0.0;44.61;-45.3;0.0;9.63;9.09;0.02;0.0;0;0;0;-220.94;0.0;0.02;0.0;0.0
2023;313;365;beauce_5_sa_036;BTH;;1.07;0.0;5.44;-5.43;0.0;9.12;8.03;0.0;0.0;0;0.0;0;-6.61;0.0;0.0;0.0;1.07
2023;1;222;beauce_5_sa_037;BTH;;1.76;0.0;56.41;29.77;99.44;72.43;57.32;0.09;0.0;0;59.88;0;-189.79;0.04;0.05;0.0;1.76
2023;223;262;beauce_5_sa_037;solnu;;0.0;0.0;18.1;-16.54;0.0;57.32;58.87;0.0;0.0;0;0;0;-110.04;0.0;0.0;0.0;0.0
2023;263;365;beauce_5_sa_037;BTH;;3.12;0.66;16.38;-64.37;3.39;59.27;54.87;0.04;0.0;0;1.99;0;-26.9;0.04;0.0;0.66;3.12
2023;1;190;beauce_5_sa_038;BTH;;1.41;0.0;39.71;22.01;54.34;20.39;26.3;0.05;0.0;0;31.98;0;-205.91;0.01;0.04;0.0;1.41
2023;191;263;beauce_5_sa_038;solnu;;0.0;0.0;29.41;-10.87;0.0;26.3;44.82;0.01;0.0;0;0;0;-178.49;0.0;0.01;0.0;0.0
2023;264;365;beauce_5_sa_038;BTH;;1.51;0.0;14.31;-44.95;3.0;45.16;9.66;0.0;0.0;0;1.77;0;-55.81;0.0;0.0;0.0;1.51
2023;1;195;beauce_5_sa_039;BTH;;1.1;0.42;39.67;12.69;91.47;22.34;13.83;0.04;0.0;0;53.83;0;-191.9;0.0;0.04;0.42;1.1
2023;196;309;beauce_5_sa_039;solnu;;0.0;0.0;35.65;-0.17;0.0;13.83;49.29;0.02;0.0;0;0;0;-202.26;0.0;0.02;0.0;0.0
2023;310;365;beauce_5_sa_039;BTH;;1.19;0.0;5.7;-44.68;0.0;49.52;9.64;0.0;0.0;0;0.0;0;-35.78;0.0;0.0;0.0;1.19
2023;1;190;beauce_5_sa_040;BTH;;1.81;0.97;40.0;11.91;102.86;32.91;51.65;0.07;0.0;0;60.53;0;-14.03;0.04;0.03;0.97;1.81
2023;191;315;beauce_5_sa_040;solnu;;0.0;0.0;41.88;-77.25;0.0;51.65;16.39;0.02;0.0;0;0;0;-124.14;0.0;0.02;0.0;0.0
2023;316;365;beauce_5_sa_040;BTH;;1.18;0.0;5.25;-5.35;0.0;16.29;15.12;0.0;0.0;0;0.0;0;25.0;0.0;0.0;0.0;1.18
2023;1;181;beauce_5_sa_041;BTH;;1.32;1.24;32.64;8.71;144.89;28.47;15.3;0.04;0.0;0;85.26;0;-10.99;0.01;0.03;1.24;1.32
2023;182;297;beauce_5_sa_041;solnu;;0.0;0.0;40.7;1.71;0.0;15.3;57.98;0.03;0.0;0;0;0;-144.32;0.0;0.03;0.0;0.0
2023;298;365;beauce_5_sa_041;BTH;;0.54;0.0;7.44;-52.32;0.0;58.19;14.45;0.0;0.0;0;0.0;0;-25.77;0.0;0.0;0.0;0.54
2023;1;179;beauce_5_sa_042;BTH;;2.03;0.0;34.15;-2.21;111.56;111.07;28.23;0.07;0.0;0;65.82;0;10.94;0.04;0.03;0.0;2.03
2023;180;312;beauce_5_sa_042;solnu;;0.0;0.0;45.25;-2.58;0.0;28.23;71.21;0.03;0.0;0;0;0;-168.67;0.0;0.03;0.0;0.0
2023;313;365;beauce_5_sa_042;BTH;;2.53;1.02;5.64;-62.46;1.16;71.41;88.14;0.02;0.0;0;0.68;0;-14.62;0.02;0.0;1.02;2.53
2023;1;176;beauce_5_sa_043;BTH;;0.62;0.91;32.94;10.01;115.14;13.46;8.65;0.03;0.0;0;67.75;0;18.84;0.01;0.03;0.91;0.62
2023;177;296;beauce_5_sa_043;solnu;;0.0;0.0;42.41;-49.0;0.0;8.65;7.42;0.01;0.0;0;0;0;-173.41;0.0;0.01;0.0;0.0
2023;297;365;beauce_5_sa_043;BTH;;0.3;0.0;8.02;-8.1;0.0;7.37;7.16;0.0;0.0;0;0.0;0;33.72;0.0;0.0;0.0;0.3
2023;1;210;beauce_5_sa_044;BTH;;0.71;0.0;49.07;11.05;47.49;12.4;24.28;0.04;0.0;0;27.95;0;-167.47;0.0;0.04;0.0;0.71
2023;211;289;beauce_5_sa_044;solnu;;0.0;0.0;26.99;-45.38;0.0;24.28;6.18;0.01;0.0;0;0;0;-163.22;0.0;0.01;0.0;0.0
2023;290;365;beauce_5_sa_044;BTH;;0.79;0.0;8.8;-8.86;0.0;6.07;5.33;0.0;0.0;0;0.0;0;-10.0;0.0;0.0;0.0;0.79
2023;1;174;beauce_5_sa_045;BTH;;5.32;1.88;33.48;46.39;133.35;113.3;193.8;0.05;0.0;0;86.42;0;-84.83;0.0;0.05;1.88;5.32
2023;175;276;beauce_5_sa_045;solnu;;0.0;0.0;40.0;7.29;0.0;193.8;241.44;0.06;0.0;0;0;0;-201.18;0.03;0.03;0.0;0.0
2023;277;365;beauce_5_sa_045;BTH;;6.68;0.0;11.35;-87.58;36.97;242.04;121.49;0.07;0.0;0;21.76;0;7.93;0.07;0.0;0.0;6.68
2023;1;187;beauce_5_sa_046;BTH;;0.9;0.76;37.92;4.51;105.92;17.35;9.86;0.04;0.0;0;62.32;0;-1.71;0.02;0.03;0.76;0.9
2023;188;295;beauce_5_sa_046;solnu;;0.0;0.0;39.29;-43.1;0.0;9.86;8.41;0.02;0.0;0;0;0;-158.93;0.0;0.02;0.0;0.0
2023;296;365;beauce_5_sa_046;BTH;;0.42;0.0;8.03;-10.49;0.0;8.41;8.09;0.0;0.0;0;0.0;0;-17.52;0.0;0.0;0.0;0.42
2023;1;177;beauce_5_sa_047;BTH;;1.37;0.31;33.62;9.8;71.6;24.39;17.32;0.03;0.0;0;42.13;0;-107.33;0.0;0.03;0.31;1.37
2023;178;282;beauce_5_sa_047;solnu;;0.0;0.0;39.67;-0.01;0.0;17.32;57.06;0.03;0.0;0;0;0;-204.72;0.0;0.03;0.0;0.0
2023;283;365;beauce_5_sa_047;BTH;;1.54;0.0;9.56;-45.9;9.0;57.36;10.52;0.0;0.0;0;5.3;0;-32.34;0.0;0.0;0.0;1.54
2023;1;206;beauce_5_sa_048;BTH;;3.07;2.18;47.19;7.55;176.09;66.06;105.04;0.06;0.0;0;103.62;0;77.88;0.03;0.04;2.18;3.07
2023;207;313;beauce_5_sa_048;solnu;;0.0;0.0;36.49;-3.37;0.0;105.04;138.14;0.02;0.0;0;0;0;-91.77;0.0;0.02;0.0;0.0
2023;314;365;beauce_5_sa_048;BTH;;0.29;0.0;5.76;-85.9;1.32;138.46;56.35;0.04;0.0;0;0.78;0;23.45;0.04;0.0;0.0;0.29
2023;1;210;beauce_5_sa_049;BTH;;2.38;1.41;49.42;16.05;135.51;47.57;80.87;0.07;0.0;0;79.74;0;-7.29;0.03;0.04;1.41;2.38
2023;211;314;beauce_5_sa_049;solnu;;0.0;0.0;35.23;-91.82;0.0;80.87;24.26;0.02;0.0;0;0;0;-105.69;0.0;0.02;0.0;0.0
2023;315;365;beauce_5_sa_049;BTH;;0.5;0.0;5.48;-6.71;0.0;23.48;22.52;0.0;0.0;0;0.0;0;38.99;0.0;0.0;0.0;0.5
2023;1;228;beauce_5_sa_050;BTH;;2.89;2.2;58.45;35.0;210.96;62.42;107.0;0.11;0.0;0;124.14;0;-141.35;0.05;0.06;2.2;2.89
2023;229;302;beauce_5_sa_050;solnu;;0.0;0.0;24.58;-7.37;0.0;107.0;123.92;0.02;0.0;0;0;0;-123.94;0.0;0.01;0.0;0.0
2023;303;365;beauce_5_sa_050;BTH;;0.87;0.0;7.21;-80.97;3.54;124.14;45.73;0.02;0.0;0;2.09;0;12.56;0.02;0.0;0.0;0.87
2023;1;221;beauce_5_sa_051;BTH;;1.05;0.0;52.42;19.52;53.4;17.5;34.95;0.04;0.0;0;31.42;0;-267.7;0.0;0.04;0.0;1.05
2023;222;292;beauce_5_sa_051;solnu;;0.0;0.0;22.47;-13.33;0.0;34.95;44.09;0.01;0.0;0;0;0;-148.92;0.0;0.01;0.0;0.0
2023;293;365;beauce_5_sa_051;BTH;;1.02;0.0;8.01;-41.66;1.95;44.32;7.47;0.0;0.0;0;1.15;0;-27.39;0.0;0.0;0.0;1.02
2023;1;173;beauce_5_sa_052;BTH;;1.75;0.0;32.25;-8.2;32.47;26.51;15.33;0.02;0.0;0;19.11;0;-111.29;0.0;0.02;0.0;1.75
2023;174;310;beauce_5_sa_052;solnu;;0.0;0.0;44.13;-0.95;0.0;15.33;58.78;0.03;0.0;0;0;0;-215.66;0.0;0.03;0.0;0.0
2023;311;365;beauce_5_sa_052;BTH;;2.15;0.0;5.65;-43.94;0.87;59.02;17.46;0.01;0.0;0;0.51;0;-18.98;0.01;0.0;0.0;2.15
2023;1;206;beauce_5_sa_053;BTH;;0.27;0.65;49.22;21.87;97.49;5.62;27.84;0.06;0.0;0;57.37;0;-96.25;0.01;0.04;0.65;0.27
2023;207;268;beauce_5_sa_053;solnu;;0.0;0.0;27.74;-56.61;0.0;27.84;3.77;0.0;0.0;0;0;0;-161.12;0.0;0.0;0.0;0.0
2023;269;365;beauce_5_sa_053;BTH;;0.47;0.0;15.32;-15.34;0.0;3.87;3.28;0.0;0.0;0;0.0;0;44.48;0.0;0.0;0.0;0.47
2023;1;223;beauce_5_sa_054;BTH;;5.8;1.81;58.01;20.14;120.04;116.33;204.35;0.08;0.0;0;70.64;0;-43.33;0.03;0.05;1.81;5.8
2023;224;303;beauce_5_sa_054;solnu;;0.0;0.0;27.92;-9.52;0.0;204.35;222.74;0.01;0.0;0;0;0;-116.14;0.0;0.01;0.0;0.0
2023;304;365;beauce_5_sa_054;BTH;;5.39;0.0;7.28;-90.07;3.38;222.9;131.09;0.08;0.0;0;1.99;0;25.38;0.08;0.0;0.0;5.39
2023;1;174;beauce_5_sa_055;BTH;;1.66;0.0;32.65;-8.32;32.36;25.12;14.24;0.02;0.0;0;19.04;0;-99.26;0.0;0.02;0.0;1.66
2023;175;309;beauce_5_sa_055;solnu;;0.0;0.0;43.86;-3.34;0.0;14.24;55.02;0.03;0.0;0;0;0;-205.22;0.0;0.03;0.0;0.0
2023;310;365;beauce_5_sa_055;BTH;;1.92;0.0;5.82;-43.24;0.45;55.24;15.22;0.01;0.0;0;0.26;0;-17.07;0.01;0.0;0.0;1.92
2023;1;175;beauce_5_sa_056;BTH;;1.94;1.08;34.7;39.42;109.99;46.42;66.58;0.06;0.0;0;67.98;0;-114.28;0.01;0.04;1.08;1.94
2023;176;272;beauce_5_sa_056;solnu;;0.0;0.0;40.04;-91.14;0.0;66.58;37.93;0.04;0.0;0;0;0;-178.39;0.03;0.02;0.0;0.0
2023;273;365;beauce_5_sa_056;BTH;;2.83;0.0;12.98;12.02;26.54;37.58;33.54;0.03;0.0;0;15.61;0;32.26;0.01;0.02;0.0;2.83
2023;1;192;beauce_5_sa_057;BTH;;3.85;0.91;42.68;24.46;85.17;61.86;108.34;0.12;0.0;0;51.38;0;-127.75;0.08;0.04;0.91;3.85
2023;193;257;beauce_5_sa_057;solnu;;0.0;0.0;28.95;-9.59;0.0;108.34;127.69;0.01;0.0;0;0;0;-145.84;0.0;0.01;0.0;0.0
2023;258;365;beauce_5_sa_057;BTH;;5.46;0.0;16.45;-79.22;26.6;128.07;32.85;0.0;0.0;0;15.65;0;0.75;0.0;0.0;0.0;5.46
2023;1;171;beauce_5_sa_058;BTH;;0.84;0.16;32.24;6.76;56.72;16.2;9.85;0.02;0.0;0;33.38;0;-72.28;0.0;0.02;0.16;0.84
2023;172;291;beauce_5_sa_058;solnu;;0.0;0.0;43.38;-44.57;0.0;9.85;8.76;0.02;0.0;0;0;0;-204.29;0.0;0.02;0.0;0.0
2023;292;365;beauce_5_sa_058;BTH;;1.09;0.0;8.58;-8.47;0.0;8.88;7.77;0.0;0.0;0;0.0;0;-4.72;0.0;0.0;0.0;1.09
2023;1;188;beauce_5_sa_059;BTH;;0.19;0.6;41.07;26.74;88.61;5.68;29.52;0.07;0.0;0;52.86;0;-92.86;0.03;0.04;0.6;0.19
2023;189;263;beauce_5_sa_059;solnu;;0.0;0.0;32.81;-58.87;0.0;29.52;4.93;0.01;0.0;0;0;0;-160.99;0.0;0.01;0.0;0.0
2023;264;365;beauce_5_sa_059;BTH;;0.65;0.0;16.47;-16.58;0.0;4.91;4.17;0.0;0.0;0;0.0;0;32.5;0.0;0.0;0.0;0.65
2023;1;185;beauce_5_sa_060;BTH;;1.14;1.24;36.11;11.11;145.45;24.68;18.02;0.04;0.0;0;85.59;0;-19.12;0.01;0.03;1.24;1.14
2023;186;283;beauce_5_sa_060;solnu;;0.0;0.0;37.34;1.02;0.0;18.02;56.22;0.02;0.0;0;0;0;-137.25;0.0;0.02;0.0;0.0
2023;284;365;beauce_5_sa_060;BTH;;0.48;0.0;9.64;-49.9;6.0;56.4;11.64;0.0;0.0;0;3.53;0;-33.19;0.0;0.0;0.0;0.48
2023;1;211;beauce_5_sa_061;BTH;;3.99;1.66;51.44;34.91;132.23;86.04;160.34;0.07;0.0;0;77.81;0;-73.61;0.02;0.05;1.66;3.99
2023;212;308;beauce_5_sa_061;solnu;;0.0;0.0;32.66;-98.5;0.0;160.34;94.49;0.01;0.0;0;0;0;-110.51;0.0;0.01;0.0;0.0
2023;309;365;beauce_5_sa_061;BTH;;3.68;0.0;6.54;-0.72;2.26;94.07;94.3;0.06;0.0;0;1.33;0;44.62;0.06;0.0;0.0;3.68
2023;1;212;beauce_5_sa_062;BTH;;0.69;0.14;50.14;12.42;57.2;13.64;28.54;0.04;0.0;0;33.66;0;-176.16;0.0;0.04;0.14;0.69
2023;213;286;beauce_5_sa_062;solnu;;0.0;0.0;25.57;-47.52;0.0;28.54;6.79;0.01;0.0;0;0;0;-129.55;0.0;0.01;0.0;0.0
2023;287;365;beauce_5_sa_062;BTH;;0.88;0.0;9.34;-9.5;0.0;6.73;5.97;0.0;0.0;0;0.0;0;-10.82;0.0;0.0;0.0;0.88
2023;1;196;beauce_5_sa_063;BTH;;5.55;1.31;41.85;40.88;184.77;194.91;184.92;0.2;0.0;0;109.11;0;-100.23;0.15;0.05;1.31;5.55
2023;197;269;beauce_5_sa_063;solnu;;0.0;0.0;33.11;-2.14;0.0;184.92;215.88;0.02;0.0;0;0;0;-156.64;0.0;0.02;0.0;0.0
2023;270;365;beauce_5_sa_063;BTH;;3.75;1.14;13.49;-80.41;48.12;216.21;182.38;0.06;0.0;0;28.31;0;16.04;0.05;0.01;1.14;3.75
2023;1;178;beauce_5_sa_064;BTH;;9.16;2.57;30.88;37.03;162.08;197.43;285.77;0.06;0.0;0;95.66;0;-80.81;0.02;0.04;2.57;9.16
2023;179;316;beauce_5_sa_064;solnu;;0.0;0.0;38.49;17.55;0.0;285.77;342.44;0.03;0.0;0;0;0;-176.83;0.0;0.03;0.0;0.0
2023;317;365;beauce_5_sa_064;BTH;;0.02;0.0;4.84;-80.68;0.64;342.62;265.82;0.11;0.0;0;0.38;0;-5.92;0.1;0.0;0.0;0.02
2023;1;209;beauce_5_sa_065;BTH;;2.82;1.81;48.5;26.49;166.23;60.7;102.48;0.06;0.0;0;97.81;0;-10.13;0.01;0.05;1.81;2.82
2023;210;308;beauce_5_sa_065;solnu;;0.0;0.0;35.09;-93.43;0.0;102.48;44.12;0.02;0.0;0;0;0;-107.94;0.0;0.01;0.0;0.0
2023;309;365;beauce_5_sa_065;BTH;;0.61;0.0;6.6;0.33;2.26;43.78;48.15;0.03;0.0;0;1.33;0;48.71;0.02;0.01;0.0;0.61
2023;1;221;beauce_5_sa_066;BTH;;1.79;0.0;52.65;34.58;142.8;33.62;59.53;0.11;0.0;0;84.03;0;-208.85;0.05;0.06;0.0;1.79
2023;222;285;beauce_5_sa_066;solnu;;0.0;0.0;24.44;-10.39;0.0;59.53;73.57;0.01;0.0;0;0;0;-148.09;0.0;0.01;0.0;0.0
2023;286;365;beauce_5_sa_066;BTH;;1.29;1.11;9.4;-56.64;6.36;73.77;103.13;0.02;0.0;0;3.74;0;-34.62;0.02;0.0;1.11;1.29
2023;1;219;beauce_5_sa_067;BTH;;2.28;1.03;54.24;21.61;97.73;47.45;100.09;0.07;0.0;0;57.51;0;-91.56;0.03;0.05;1.03;2.28
2023;220;294;beauce_5_sa_067;solnu;;0.0;0.0;25.89;-11.88;0.0;100.09;114.09;0.01;0.0;0;0;0;-116.91;0.0;0.01;0.0;0.0
2023;295;365;beauce_5_sa_067;BTH;;3.03;0.0;8.18;-84.52;6.95;114.29;27.75;0.01;0.0;0;4.09;0;19.27;0.01;0.0;0.0;3.03
2023;1;179;beauce_5_sa_068;BTH;;2.86;0.91;34.48;14.7;80.08;56.84;90.2;0.03;0.0;0;47.12;0;-43.76;0.0;0.03;0.91;2.86
2023;180;299;beauce_5_sa_068;solnu;;0.0;0.0;43.23;-40.81;0.0;90.2;92.81;0.05;0.0;0;0;0;-190.85;0.02;0.03;0.0;0.0
2023;300;365;beauce_5_sa_068;BTH;;3.65;0.0;7.33;-33.36;4.44;91.69;58.65;0.04;0.0;0;2.61;0;14.84;0.04;0.0;0.0;3.65
2023;1;170;beauce_5_sa_069;BTH;;1.37;0.2;32.01;7.46;50.46;25.22;26.78;0.02;0.0;0;29.69;0;-65.54;0.0;0.02;0.2;1.37
2023;171;303;beauce_5_sa_069;solnu;;0.0;0.0;45.55;-58.0;0.0;26.78;14.38;0.03;0.0;0;0;0;-203.64;0.0;0.02;0.0;0.0
2023;304;365;beauce_5_sa_069;BTH;;1.7;0.0;6.92;-6.73;0.0;14.38;12.87;0.0;0.0;0;0.0;0;3.46;0.0;0.0;0.0;1.7
2023;1;206;beauce_5_sa_070;BTH;;7.53;2.39;51.47;48.16;122.6;145.23;293.39;0.15;0.0;0;86.27;0;-93.89;0.09;0.06;2.39;7.53
2023;207;259;beauce_5_sa_070;solnu;;0.0;0.0;24.74;-9.51;0.0;293.39;308.61;0.01;0.0;0;0;0;-127.6;0.0;0.01;0.0;0.0
2023;260;365;beauce_5_sa_070;BTH;;14.26;0.0;17.42;-83.27;69.92;308.92;158.49;0.09;0.0;0;41.14;0;58.53;0.08;0.01;0.0;14.26
2023;1;193;beauce_5_sa_071;BTH;;0.81;0.0;40.96;10.92;47.15;13.24;17.12;0.03;0.0;0;27.75;0;-155.86;0.0;0.03;0.0;0.81
2023;194;279;beauce_5_sa_071;solnu;;0.0;0.0;33.26;-43.68;0.0;17.12;6.68;0.01;0.0;0;0;0;-176.9;0.0;0.01;0.0;0.0
2023;280;365;beauce_5_sa_071;BTH;;0.87;0.0;10.68;-10.63;0.0;6.66;5.86;0.0;0.0;0;0.0;0;-17.16;0.0;0.0;0.0;0.87
2023;1;217;beauce_5_sa_072;BTH;;1.08;0.0;51.63;31.52;75.24;31.64;38.4;0.06;0.0;0;45.64;0;-203.0;0.01;0.05;0.0;1.08
2023;218;286;beauce_5_sa_072;solnu;;0.0;0.0;23.84;-14.06;0.0;38.4;48.17;0.01;0.0;0;0;0;-148.0;0.0;0.01;0.0;0.0
2023;287;365;beauce_5_sa_072;BTH;;1.83;0.36;9.07;-59.71;7.24;48.4;15.7;0.01;0.0;0;4.26;0;-30.46;0.01;0.0;0.36;1.83
2023;1;192;beauce_5_sa_073;BTH;;2.19;0.39;41.66;18.64;66.2;30.01;50.76;0.06;0.0;0;38.96;0;-134.02;0.03;0.04;0.39;2.19
2023;193;261;beauce_5_sa_073;solnu;;0.0;0.0;29.34;-11.75;0.0;50.76;68.35;0.01;0.0;0;0;0;-149.96;0.0;0.01;0.0;0.0
2023;262;365;beauce_5_sa_073;BTH;;2.42;0.0;15.32;-56.86;9.02;68.55;15.36;0.0;0.0;0;5.31;0;-18.33;0.0;0.0;0.0;2.42
2023;1;174;beauce_5_sa_074;BTH;;3.4;1.73;36.1;29.93;106.64;76.33;162.0;0.1;0.0;0;89.34;0;-129.93;0.06;0.04;1.73;3.4
2023;175;257;beauce_5_sa_074;solnu;;0.0;0.0;37.31;-106.43;0.0;162.0;92.82;0.06;0.0;0;0;0;-143.55;0.04;0.01;0.0;0.0
2023;258;365;beauce_5_sa_074;BTH;;5.45;0.0;18.29;23.97;67.62;93.07;61.96;0.05;0.0;0;39.79;0;70.1;0.02;0.03;0.0;5.45
2023;1;217;beauce_5_sa_075;BTH;;0.28;0.21;53.14;18.85;62.07;5.75;31.44;0.05;0.0;0;36.53;0;-165.48;0.0;0.04;0.21;0.28
2023;218;275;beauce_5_sa_075;solnu;;0.0;0.0;22.53;-52.26;0.0;31.44;3.44;0.0;0.0;0;0;0;-144.1;0.0;0.0;0.0;0.0
2023;276;365;beauce_5_sa_075;BTH;;0.44;0.0;12.27;-12.37;0.0;3.33;2.9;0.0;0.0;0;0.0;0;23.92;0.0;0.0;0.0;0.44
2023;1;209;beauce_5_sa_076;BTH;;4.63;1.91;49.76;38.65;139.19;99.84;187.04;0.07;0.0;0;81.91;0;-69.81;0.02;0.05;1.91;4.63
2023;210;309;beauce_5_sa_076;solnu;;0.0;0.0;34.19;-100.49;0.0;187.04;120.73;0.01;0.0;0;0;0;-104.05;0.0;0.01;0.0;0.0
2023;310;365;beauce_5_sa_076;BTH;;4.24;0.0;6.36;4.27;2.13;120.65;124.91;0.08;0.0;0;1.25;0;41.99;0.08;0.01;0.0;4.24
2023;1;172;beauce_5_sa_077;BTH;;5.5;2.11;33.98;38.95;139.49;119.81;204.05;0.08;0.0;0;83.81;0;-36.45;0.03;0.04;2.11;5.5
2023;173;278;beauce_5_sa_077;solnu;;0.0;0.0;42.9;-88.81;0.0;204.05;158.54;0.05;0.0;0;0;0;-157.08;0.03;0.02;0.0;0.0
2023;279;365;beauce_5_sa_077;BTH;;6.75;0.0;11.99;4.31;32.25;157.6;135.76;0.09;0.0;0;18.98;0;67.53;0.08;0.01;0.0;6.75
2023;1;229;beauce_5_sa_078;BTH;;5.73;2.21;64.41;30.42;152.57;122.98;225.03;0.16;0.0;0;92.43;0;-95.14;0.1;0.06;2.21;5.73
2023;230;282;beauce_5_sa_078;solnu;;0.0;0.0;21.05;-11.67;0.0;225.03;234.39;0.02;0.0;0;0;0;-89.22;0.01;0.01;0.0;0.0
2023;283;365;beauce_5_sa_078;BTH;;4.44;0.0;11.1;-92.34;26.18;234.73;122.46;0.07;0.0;0;15.4;0;49.89;0.07;0.0;0.0;4.44
2023;1;203;beauce_5_sa_079;BTH;;0.29;0.82;48.16;23.23;110.48;6.04;27.98;0.05;0.0;0;65.01;0;-76.91;0.01;0.04;0.82;0.29
2023;204;266;beauce_5_sa_079;solnu;;0.0;0.0;28.02;-54.56;0.0;27.98;3.94;0.01;0.0;0;0;0;-135.65;0.0;0.01;0.0;0.0
2023;267;365;beauce_5_sa_079;BTH;;0.46;0.0;15.64;-16.31;0.0;3.94;3.5;0.0;0.0;0;0.0;0;23.07;0.0;0.0;0.0;0.46
2023;1;217;beauce_5_sa_080;BTH;;1.75;0.98;52.91;19.59;115.65;37.25;65.31;0.07;0.0;0;68.05;0;-132.47;0.03;0.04;0.98;1.75
2023;218;288;beauce_5_sa_080;solnu;;0.0;0.0;27.23;-9.38;0.0;65.31;83.14;0.02;0.0;0;0;0;-126.68;0.0;0.01;0.0;0.0
2023;289;365;beauce_5_sa_080;BTH;;1.05;0.0;9.17;-65.36;8.24;83.42;17.67;0.0;0.0;0;4.85;0;5.07;0.0;0.0;0.0;1.05
2023;1;215;beauce_5_sa_081;BTH;;4.18;1.69;53.9;31.54;117.11;90.09;180.75;0.11;0.0;0;68.91;0;-81.39;0.06;0.05;1.69;4.18
2023;216;288;beauce_5_sa_081;solnu;;0.0;0.0;27.99;-96.73;0.0;180.75;112.01;0.01;0.0;0;0;0;-97.02;0.0;0.01;0.0;0.0
2023;289;365;beauce_5_sa_081;BTH;;6.89;0.0;9.83;-0.56;15.65;111.33;98.65;0.07;0.0;0;9.21;0;59.38;0.06;0.01;0.0;6.89
2023;1;183;beauce_5_sa_082;BTH;;1.04;1.14;35.35;18.69;142.73;22.3;17.69;0.04;0.0;0;83.99;0;-60.78;0.01;0.03;1.14;1.04
2023;184;272;beauce_5_sa_082;solnu;;0.0;0.0;35.98;-2.6;0.0;17.69;51.05;0.02;0.0;0;0;0;-160.8;0.0;0.02;0.0;0.0
2023;273;365;beauce_5_sa_082;BTH;;0.54;0.0;11.96;-51.2;1.5;51.42;10.76;0.0;0.0;0;0.88;0;-32.98;0.0;0.0;0.0;0.54
2023;1;187;beauce_5_sa_083;BTH;;4.22;1.72;38.4;13.98;121.87;90.53;145.33;0.08;0.0;0;74.83;0;-9.97;0.05;0.03;1.72;4.22
2023;188;290;beauce_5_sa_083;solnu;;0.0;0.0;38.98;3.92;0.0;145.33;188.17;0.03;0.0;0;0;0;-143.33;0.0;0.03;0.0;0.0
2023;291;365;beauce_5_sa_083;BTH;;3.15;0.0;8.91;-89.74;12.6;188.42;91.54;0.05;0.0;0;7.41;0;22.48;0.05;0.0;0.0;3.15
2023;1;221;beauce_5_sa_084;BTH;;4.34;1.11;56.77;35.66;86.35;78.99;163.81;0.11;0.0;0;54.53;0;-180.69;0.05;0.06;1.11;4.34
2023;222;264;beauce_5_sa_084;solnu;;0.0;0.0;18.31;-14.01;0.0;163.81;168.11;0.0;0.0;0;0;0;-106.83;0.0;0.0;0.0;0.0
2023;265;365;beauce_5_sa_084;BTH;;6.86;0.0;15.5;-78.22;50.16;168.38;48.35;0.01;0.0;0;29.52;0;18.5;0.0;0.01;0.0;6.86
2023;1;184;beauce_5_sa_085;BTH;;0.72;0.36;36.4;5.04;72.53;13.69;8.69;0.03;0.0;0;42.68;0;-49.83;0.0;0.03;0.36;0.72
2023;185;311;beauce_5_sa_085;solnu;;0.0;0.0;41.46;-43.46;0.0;8.69;7.11;0.02;0.0;0;0;0;-184.51;0.0;0.02;0.0;0.0
2023;312;365;beauce_5_sa_085;BTH;;0.82;0.0;5.63;-6.59;0.0;7.11;6.37;0.0;0.0;0;0.0;0;-14.87;0.0;0.0;0.0;0.82
2023;1;189;beauce_5_sa_086;BTH;;0.18;0.37;40.63;26.18;74.75;3.2;22.74;0.06;0.0;0;43.99;0;-128.41;0.02;0.04;0.37;0.18
2023;190;270;beauce_5_sa_086;solnu;;0.0;0.0;33.38;-53.52;0.0;22.74;3.11;0.01;0.0;0;0;0;-161.16;0.0;0.01;0.0;0.0
2023;271;365;beauce_5_sa_086;BTH;;0.41;0.0;13.35;-13.26;0.0;3.15;2.79;0.0;0.0;0;0.0;0;6.3;0.0;0.0;0.0;0.41
2023;1;171;beauce_5_sa_087;BTH;;0.75;0.53;32.71;8.23;85.68;15.94;10.19;0.04;0.0;0;50.41;0;-26.07;0.02;0.03;0.53;0.75
2023;172;275;beauce_5_sa_087;solnu;;0.0;0.0;40.92;-42.47;0.0;10.19;9.16;0.02;0.0;0;0;0;-170.61;0.0;0.02;0.0;0.0
2023;276;365;beauce_5_sa_087;BTH;;1.02;0.0;11.84;-13.77;0.0;9.16;8.17;0.0;0.0;0;0.0;0;-22.93;0.0;0.0;0.0;1.02
2023;1;222;beauce_5_sa_088;BTH;;1.45;1.61;55.37;17.11;175.83;31.24;46.96;0.07;0.0;0;103.47;0;-9.11;0.02;0.05;1.61;1.45
2023;223;292;beauce_5_sa_088;solnu;;0.0;0.0;26.79;-11.8;0.0;46.96;61.95;0.01;0.0;0;0;0;-119.34;0.0;0.01;0.0;0.0
2023;293;365;beauce_5_sa_088;BTH;;0.64;0.0;8.79;-53.75;1.06;62.23;15.96;0.0;0.0;0;0.62;0;12.58;0.0;0.0;0.0;0.64
2023;1;207;beauce_5_sa_089;BTH;;3.55;0.83;48.19;8.13;80.89;58.19;91.98;0.06;0.0;0;47.6;0;-109.18;0.02;0.03;0.83;3.55
2023;208;311;beauce_5_sa_089;solnu;;0.0;0.0;32.21;-4.92;0.0;91.98;119.26;0.02;0.0;0;0;0;-142.77;0.0;0.02;0.0;0.0
2023;312;365;beauce_5_sa_089;BTH;;4.23;0.0;5.71;-72.68;1.68;119.53;46.34;0.04;0.0;0;0.99;0;-1.34;0.04;0.0;0.0;4.23
2023;1;184;beauce_5_sa_090;BTH;;1.73;0.0;34.94;11.64;118.58;33.79;24.3;0.07;0.0;0;69.78;0;-130.08;0.03;0.04;0.0;1.73
2023;185;308;beauce_5_sa_090;solnu;;0.0;0.0;39.92;5.7;0.0;24.3;70.26;0.03;0.0;0;0;0;-222.62;0.0;0.03;0.0;0.0
2023;309;365;beauce_5_sa_090;BTH;;1.97;0.88;5.93;-57.16;0.36;70.53;82.9;0.01;0.0;0;0.21;0;-27.2;0.01;0.0;0.88;1.97
2023;1;226;beauce_5_sa_091;BTH;;0.91;0.0;56.01;17.61;51.06;15.76;37.36;0.04;0.0;0;30.05;0;-254.1;0.0;0.04;0.0;0.91
2023;227;291;beauce_5_sa_091;solnu;;0.0;0.0;19.51;-49.29;0.0;37.36;7.61;0.0;0.0;0;0;0;-122.1;0.0;0.0;0.0;0.0
2023;292;365;beauce_5_sa_091;BTH;;0.99;0.0;8.33;-8.28;0.0;7.61;6.74;0.0;0.0;0;0.0;0;-16.72;0.0;0.0;0.0;0.99
2023;1;188;beauce_5_sa_092;BTH;;1.36;1.14;38.1;1.22;121.23;28.34;29.31;0.05;0.0;0;71.34;0;24.45;0.02;0.02;1.14;1.36
2023;189;296;beauce_5_sa_092;solnu;;0.0;0.0;39.51;-37.69;0.0;29.31;31.19;0.02;0.0;0;0;0;-119.04;0.0;0.02;0.0;0.0
2023;297;365;beauce_5_sa_092;BTH;;0.56;0.0;7.94;-25.86;0.0;26.64;13.39;0.0;0.0;0;0.0;0;18.93;0.0;0.0;0.0;0.56
2023;1;201;beauce_5_sa_093;BTH;;1.02;1.01;45.3;12.6;118.88;20.5;34.22;0.07;0.0;0;69.96;0;-18.27;0.03;0.04;1.01;1.02
2023;202;280;beauce_5_sa_093;solnu;;0.0;0.0;32.28;-40.63;0.0;34.22;25.85;0.01;0.0;0;0;0;-128.39;0.0;0.01;0.0;0.0
2023;281;365;beauce_5_sa_093;BTH;;0.92;0.0;10.78;-22.84;0.0;19.51;15.26;0.0;0.0;0;0.0;0;-11.06;0.0;0.0;0.0;0.92
2023;1;206;beauce_5_sa_094;BTH;;0.93;0.0;47.78;14.52;47.96;14.9;28.28;0.04;0.0;0;28.22;0;-181.97;0.0;0.04;0.0;0.93
2023;207;274;beauce_5_sa_094;solnu;;0.0;0.0;25.54;-46.28;0.0;28.28;7.55;0.01;0.0;0;0;0;-152.77;0.0;0.01;0.0;0.0
2023;275;365;beauce_5_sa_094;BTH;;0.99;0.0;11.88;-11.87;0.0;7.74;6.57;0.0;0.0;0;0.0;0;-17.08;0.0;0.0;0.0;0.99
2023;1;185;beauce_5_sa_095;BTH;;0.13;1.03;37.97;16.95;125.17;2.85;9.49;0.04;0.0;0;73.65;0;-2.76;0.01;0.03;1.03;0.13
2023;186;272;beauce_5_sa_095;solnu;;0.0;0.0;36.24;-48.09;0.0;9.49;1.43;0.01;0.0;0;0;0;-163.66;0.0;0.01;0.0;0.0
2023;273;365;beauce_5_sa_095;BTH;;0.09;0.0;13.13;-13.27;0.0;1.71;1.35;0.0;0.0;0;0.0;0;45.69;0.0;0.0;0.0;0.09
2023;1;213;beauce_5_sa_096;BTH;;1.63;2.11;55.51;42.32;172.65;42.56;123.62;0.18;0.0;0;112.23;0;-177.58;0.12;0.06;2.11;1.63
2023;214;268;beauce_5_sa_096;solnu;;0.0;0.0;28.51;-95.52;0.0;123.62;56.59;0.03;0.0;0;0;0;64.46;0.01;0.02;0.0;0.0
2023;269;365;beauce_5_sa_096;BTH;;2.26;0.0;17.2;23.86;47.55;58.11;47.78;0.06;0.0;0;27.98;0;42.68;0.03;0.02;0.0;2.26
2023;1;177;beauce_5_sa_097;BTH;;2.88;1.12;32.9;42.45;139.57;61.59;78.0;0.07;0.0;0;83.0;0;-133.37;0.03;0.05;1.12;2.88
2023;178;278;beauce_5_sa_097;solnu;;0.0;0.0;38.72;5.79;0.0;78.0;122.48;0.04;0.0;0;0;0;-217.56;0.01;0.03;0.0;0.0
2023;279;365;beauce_5_sa_097;BTH;;1.69;0.14;10.55;-85.75;25.79;122.98;30.55;0.0;0.0;0;15.17;0;-16.48;0.0;0.0;0.14;1.69
2023;1;175;beauce_5_sa_098;BTH;;1.63;1.16;32.83;17.31;135.69;35.22;35.22;0.05;0.0;0;79.84;0;-74.09;0.02;0.03;1.16;1.63
2023;176;275;beauce_5_sa_098;solnu;;0.0;0.0;38.97;5.65;0.0;35.22;79.81;0.03;0.0;0;0;0;-177.31;0.01;0.03;0.0;0.0
2023;276;365;beauce_5_sa_098;BTH;;0.84;0.0;11.32;-61.69;12.03;80.02;16.64;0.0;0.0;0;7.08;0;-15.35;0.0;0.0;0.0;0.84
2023;1;203;beauce_5_sa_099;BTH;;1.27;1.51;45.42;-3.5;158.29;27.46;24.12;0.05;0.0;0;93.14;0;32.97;0.02;0.04;1.51;1.27
2023;204;317;beauce_5_sa_099;solnu;;0.0;0.0;36.85;-6.59;0.0;24.12;54.36;0.02;0.0;0;0;0;-113.75;0.0;0.02;0.0;0.0
2023;318;365;beauce_5_sa_099;BTH;;0.61;0.0;4.96;-44.39;0.0;54.68;15.87;0.01;0.0;0;0.0;0;-18.56;0.0;0.0;0.0;0.61
2024;1;171;beauce_5_sa_000;BTH;;4.41;2.01;32.24;34.45;152.75;33.67;92.34;0.12;0.01;0;120.55;0;-32.96;0.08;0.04;2.01;4.41
2024;172;267;beauce_5_sa_000;solnu;;6.96;0.0;46.8;-73.16;0.0;92.34;59.05;0.16;0.08;0;0;0;-101.61;0.14;0.02;0.0;6.96
2024;268;366;beauce_5_sa_000;BTH;;3.22;0.0;20.34;5.78;13.36;59.04;68.56;0.02;0.0;0;7.86;0;101.41;0.01;0.02;0.0;3.22
2024;1;211;beauce_5_sa_001;BTH;;20.89;2.19;50.31;63.99;151.22;145.97;251.39;0.26;0.01;0;128.27;0;-151.68;0.19;0.07;2.19;20.89
2024;212;261;beauce_5_sa_001;solnu;;28.13;0.0;24.85;-7.32;0.0;251.39;240.4;0.25;0.15;0;0;0;-133.66;0.23;0.01;0.0;28.13
2024;262;366;beauce_5_sa_001;BTH;;9.57;0.0;21.21;-73.68;21.33;241.02;157.03;0.0;0.0;0;12.55;0;51.91;0.0;0.0;0.0;9.57
2024;1;184;beauce_5_sa_002;BTH;;1.0;0.0;34.63;19.88;58.05;17.82;13.33;0.04;0.0;0;34.84;0;-58.22;0.01;0.03;0.0;1.0
2024;185;263;beauce_5_sa_002;solnu;;1.22;0.0;36.72;-38.46;0.0;13.33;13.01;0.04;0.04;0;0;0;-222.2;0.03;0.01;0.0;1.22
2024;264;366;beauce_5_sa_002;BTH;;0.7;0.22;19.77;-16.1;2.77;13.01;30.02;0.01;0.0;0;1.63;0;-13.89;0.01;0.0;0.22;0.7
2024;1;227;beauce_5_sa_003;BTH;;1.62;0.29;53.67;10.55;67.17;5.98;23.1;0.06;0.02;0;39.52;0;-86.45;0.02;0.04;0.29;1.62
2024;228;300;beauce_5_sa_003;solnu;;1.02;0.0;27.09;-41.1;0.0;23.1;12.51;0.02;0.02;0;0;0;-196.8;0.01;0.01;0.0;1.02
2024;301;366;beauce_5_sa_003;BTH;;0.49;0.0;9.15;-10.13;0.0;12.51;12.03;0.0;0.0;0;0.0;0;-3.37;0.0;0.0;0.0;0.49
2024;1;211;beauce_5_sa_004;BTH;;2.21;0.6;46.21;23.3;91.8;11.33;31.65;0.06;0.0;0;55.11;0;-61.72;0.02;0.04;0.6;2.21
2024;212;294;beauce_5_sa_004;solnu;;2.56;0.0;34.78;-3.89;0.0;31.65;59.83;0.09;0.05;0;0;0;-157.55;0.07;0.02;0.0;2.56
2024;295;366;beauce_5_sa_004;BTH;;0.86;0.0;10.46;-49.2;0.0;60.17;21.02;0.0;0.0;0;0.0;0;-22.98;0.0;0.0;0.0;0.86
2024;1;199;beauce_5_sa_005;BTH;;9.44;1.4;42.95;45.76;198.16;62.6;48.23;0.18;0.02;0;124.83;0;14.11;0.12;0.05;1.4;9.44
2024;200;288;beauce_5_sa_005;solnu;;1.49;0.0;39.06;1.5;0.0;48.23;87.15;0.1;0.06;0;0;0;-146.2;0.07;0.03;0.0;1.49
2024;289;366;beauce_5_sa_005;BTH;;1.87;0.69;13.13;-66.25;3.99;87.51;79.66;0.03;0.0;0;2.35;0;32.28;0.03;0.0;0.69;1.87
2024;1;174;beauce_5_sa_006;BTH;;15.0;1.88;32.56;43.22;133.3;105.76;173.72;0.08;0.0;0;109.27;0;3.73;0.03;0.05;1.88;15.0
2024;175;268;beauce_5_sa_006;solnu;;14.13;0.0;44.73;6.19;0.0;173.72;210.13;0.26;0.12;0;0;0;-175.14;0.23;0.03;0.0;14.13
2024;269;366;beauce_5_sa_006;BTH;;6.52;0.0;19.17;-83.46;17.73;210.65;121.59;0.0;0.0;0;10.43;0;68.88;0.0;0.0;0.0;6.52
2024;1;195;beauce_5_sa_007;BTH;;1.57;0.58;38.84;13.02;93.92;8.05;7.6;0.04;0.0;0;57.91;0;-31.18;0.0;0.03;0.58;1.57
2024;196;286;beauce_5_sa_007;solnu;;0.78;0.0;38.8;-3.05;0.0;7.6;42.5;0.04;0.03;0;0;0;-168.12;0.02;0.02;0.0;0.78
2024;287;366;beauce_5_sa_007;BTH;;0.37;0.0;12.92;-48.72;0.0;42.93;8.47;0.0;0.0;0;0.0;0;-43.7;0.0;0.0;0.0;0.37
2024;1;174;beauce_5_sa_008;BTH;;0.7;1.12;31.64;4.99;120.1;3.58;2.97;0.06;0.01;0;70.67;0;93.54;0.04;0.02;1.12;0.7
2024;175;299;beauce_5_sa_008;solnu;;0.8;0.0;53.49;-50.94;0.0;2.97;10.83;0.05;0.03;0;0;0;-160.6;0.03;0.02;0.0;0.8
2024;300;366;beauce_5_sa_008;BTH;;0.42;0.0;9.94;-9.96;0.0;10.74;10.39;0.0;0.0;0;0.0;0;68.23;0.0;0.0;0.0;0.42
2024;1;217;beauce_5_sa_009;BTH;;0.38;0.0;49.01;20.14;44.48;3.14;27.29;0.07;0.03;0;28.03;0;-225.75;0.03;0.04;0.0;0.38
2024;218;267;beauce_5_sa_009;solnu;;0.49;0.0;23.33;-40.76;0.0;27.29;4.15;0.02;0.01;0;0;0;-171.42;0.02;0.0;0.0;0.49
2024;268;366;beauce_5_sa_009;BTH;;0.21;0.0;17.87;-8.81;7.16;4.14;5.83;0.01;0.0;0;4.22;0;-0.56;0.0;0.01;0.0;0.21
2024;1;228;beauce_5_sa_010;BTH;;9.38;0.63;54.1;59.56;86.54;26.99;91.86;0.26;0.08;0;61.58;0;-262.13;0.19;0.07;0.63;9.38
2024;229;262;beauce_5_sa_010;solnu;;4.92;0.0;15.4;-12.7;0.0;91.86;89.55;0.04;0.04;0;0;0;-111.3;0.04;0.0;0.0;4.92
2024;263;366;beauce_5_sa_010;BTH;;3.38;0.0;19.48;-44.21;8.25;90.09;55.55;0.0;0.0;0;4.85;0;-75.33;0.0;0.0;0.0;3.38
2024;1;172;beauce_5_sa_011;BTH;;13.94;2.01;32.03;42.67;143.39;106.32;173.73;0.24;0.03;0;124.66;0;-31.26;0.2;0.04;2.01;13.94
2024;173;260;beauce_5_sa_011;solnu;;19.21;0.0;42.64;5.66;0.0;173.73;202.47;0.24;0.12;0;0;0;-174.02;0.21;0.03;0.0;19.21
2024;261;366;beauce_5_sa_011;BTH;;7.55;0.0;22.59;-77.57;19.56;203.02;120.37;0.0;0.0;0;11.51;0;65.62;0.0;0.0;0.0;7.55
2024;1;219;beauce_5_sa_012;BTH;;0.75;0.0;49.58;24.67;46.01;3.7;30.99;0.09;0.04;0;27.07;0;-218.46;0.05;0.04;0.0;0.75
2024;220;266;beauce_5_sa_012;solnu;;1.61;0.0;21.75;-40.66;0.0;30.99;14.72;0.0;0.0;0;0;0;-169.61;0.0;0.0;0.0;1.61
2024;267;366;beauce_5_sa_012;BTH;;0.75;0.0;18.26;-11.4;5.46;14.66;15.37;0.01;0.0;0;3.21;0;-4.42;0.0;0.0;0.0;0.75
2024;1;177;beauce_5_sa_013;BTH;;1.51;0.88;32.71;7.15;106.55;7.72;3.79;0.04;0.0;0;62.7;0;56.57;0.01;0.03;0.88;1.51
2024;178;280;beauce_5_sa_013;solnu;;0.74;0.0;45.64;-39.69;0.0;3.79;10.49;0.05;0.03;0;0;0;-155.05;0.02;0.02;0.0;0.74
2024;281;366;beauce_5_sa_013;BTH;;0.53;0.0;14.94;-16.48;0.0;10.58;10.08;0.0;0.0;0;0.0;0;1.15;0.0;0.0;0.0;0.53
2024;1;185;beauce_5_sa_014;BTH;;17.99;1.89;36.66;48.98;171.94;120.63;156.21;0.17;0.03;0;109.47;0;1.82;0.12;0.05;1.89;17.99
2024;186;290;beauce_5_sa_014;solnu;;11.7;0.0;45.73;8.46;0.0;156.21;199.19;0.22;0.1;0;0;0;-186.19;0.18;0.03;0.0;11.7
2024;291;366;beauce_5_sa_014;BTH;;5.42;0.0;12.63;-76.11;8.5;199.69;121.76;0.02;0.0;0;5.0;0;30.1;0.02;0.0;0.0;5.42
2024;1;201;beauce_5_sa_015;BTH;;0.97;0.36;41.32;5.84;73.7;4.95;4.44;0.07;0.01;0;43.37;0;-40.05;0.04;0.03;0.36;0.97
2024;202;305;beauce_5_sa_015;solnu;;0.33;0.0;40.42;-43.12;0.0;4.44;3.97;0.02;0.01;0;0;0;-189.47;0.01;0.02;0.0;0.33
2024;306;366;beauce_5_sa_015;BTH;;0.16;0.0;8.29;-8.7;0.0;4.13;3.91;0.0;0.0;0;0.0;0;-0.55;0.0;0.0;0.0;0.16
2024;1;186;beauce_5_sa_016;BTH;;7.18;0.72;35.34;48.8;77.25;32.36;85.97;0.08;0.0;0;62.9;0;-145.73;0.03;0.05;0.72;7.18
2024;187;257;beauce_5_sa_016;solnu;;8.99;0.0;33.25;-0.87;0.0;85.97;109.1;0.17;0.09;0;0;0;-186.47;0.14;0.02;0.0;8.99
2024;258;366;beauce_5_sa_016;BTH;;3.65;0.0;21.85;-58.0;12.28;109.58;57.14;0.01;0.0;0;7.23;0;-48.58;0.0;0.01;0.0;3.65
2024;1;225;beauce_5_sa_017;BTH;;34.34;2.31;60.71;49.13;216.36;249.12;280.08;0.52;0.16;0;142.73;0;-177.18;0.46;0.07;2.31;34.34
2024;226;283;beauce_5_sa_017;solnu;;25.06;0.0;26.75;-55.1;0.0;280.08;226.78;0.05;0.06;0;0;0;-54.17;0.04;0.0;0.0;25.06
2024;284;366;beauce_5_sa_017;BTH;;12.06;0.82;15.28;-13.83;0.28;226.78;277.46;0.0;0.0;0;0.16;0;102.74;0.0;0.0;0.82;12.06
2024;1;213;beauce_5_sa_018;BTH;;23.9;1.79;47.89;48.7;173.15;156.94;190.97;0.1;0.0;0;102.88;0;-20.46;0.04;0.06;1.79;23.9
2024;214;312;beauce_5_sa_018;solnu;;13.76;0.0;38.79;0.63;0.0;190.97;216.24;0.27;0.12;0;0;0;-164.59;0.25;0.03;0.0;13.76
2024;313;366;beauce_5_sa_018;BTH;;4.24;0.0;7.34;-82.72;0.0;216.43;136.62;0.0;0.0;0;0.0;0;22.68;0.0;0.0;0.0;4.24
2024;1;208;beauce_5_sa_019;BTH;;1.2;0.0;43.25;9.72;49.86;6.11;8.05;0.03;0.0;0;29.34;0;-132.39;0.0;0.03;0.0;1.2
2024;209;313;beauce_5_sa_019;solnu;;0.66;0.0;38.27;-34.23;0.0;8.05;11.37;0.05;0.01;0;0;0;-224.53;0.03;0.02;0.0;0.66
2024;314;366;beauce_5_sa_019;BTH;;0.19;0.0;6.72;-11.83;0.0;9.7;6.09;0.0;0.0;0;0.0;0;-16.13;0.0;0.0;0.0;0.19
2024;1;194;beauce_5_sa_020;BTH;;1.7;0.0;37.08;7.54;45.82;8.65;4.29;0.03;0.0;0;26.96;0;-121.52;0.0;0.03;0.0;1.7
2024;195;314;beauce_5_sa_020;solnu;;0.79;0.0;43.92;-2.47;0.0;4.29;44.9;0.06;0.01;0;0;0;-246.34;0.03;0.03;0.0;0.79
2024;315;366;beauce_5_sa_020;BTH;;0.25;0.0;6.55;-43.06;0.0;45.07;8.14;0.0;0.0;0;0.0;0;-21.75;0.0;0.0;0.0;0.25
2024;1;187;beauce_5_sa_021;BTH;;1.06;0.0;34.63;6.69;41.35;5.36;3.16;0.03;0.0;0;25.37;0;-98.86;0.0;0.03;0.0;1.06
2024;188;293;beauce_5_sa_021;solnu;;0.57;0.0;43.2;-4.21;0.0;3.16;41.56;0.05;0.02;0;0;0;-228.81;0.02;0.03;0.0;0.57
2024;294;366;beauce_5_sa_021;BTH;;0.29;0.0;10.57;-43.87;0.9;42.17;7.08;0.01;0.0;0;0.53;0;-30.77;0.01;0.0;0.0;0.29
2024;1;188;beauce_5_sa_022;BTH;;1.42;0.0;35.19;6.14;42.51;7.27;4.7;0.03;0.0;0;25.01;0;-94.25;0.0;0.03;0.0;1.42
2024;189;307;beauce_5_sa_022;solnu;;0.76;0.0;45.82;-3.45;0.0;4.7;46.22;0.06;0.02;0;0;0;-246.57;0.03;0.03;0.0;0.76
2024;308;366;beauce_5_sa_022;BTH;;0.34;0.0;7.83;-44.36;0.0;46.54;9.35;0.01;0.0;0;0.0;0;-21.81;0.01;0.0;0.0;0.34
2024;1;200;beauce_5_sa_023;BTH;;0.81;0.0;40.52;5.86;46.55;4.14;3.11;0.03;0.0;0;27.39;0;-90.95;0.0;0.03;0.0;0.81
2024;201;310;beauce_5_sa_023;solnu;;0.37;0.0;41.19;-41.41;0.0;3.11;2.84;0.02;0.01;0;0;0;-221.86;0.0;0.02;0.0;0.37
2024;311;366;beauce_5_sa_023;BTH;;0.08;0.0;7.29;-7.38;0.0;2.75;2.67;0.0;0.0;0;0.0;0;-6.42;0.0;0.0;0.0;0.08
2024;1;200;beauce_5_sa_024;BTH;;10.94;1.54;43.87;50.99;158.07;68.72;109.26;0.16;0.03;0;101.34;0;-53.55;0.1;0.06;1.54;10.94
2024;201;290;beauce_5_sa_024;solnu;;7.64;0.0;39.75;-61.01;0.0;109.26;80.13;0.18;0.1;0;0;0;-157.0;0.16;0.02;0.0;7.64
2024;291;366;beauce_5_sa_024;BTH;;3.79;0.0;12.73;-12.74;0.0;80.17;76.32;0.0;0.0;0;0.0;0;61.28;0.0;0.0;0.0;3.79
2024;1;181;beauce_5_sa_025;BTH;;4.42;1.28;34.43;31.41;127.67;22.14;51.88;0.13;0.01;0;84.01;0;-11.43;0.09;0.04;1.28;4.42
2024;182;268;beauce_5_sa_025;solnu;;5.24;0.0;40.83;7.45;0.0;51.88;94.67;0.15;0.08;0;0;0;-167.39;0.12;0.03;0.0;5.24
2024;269;366;beauce_5_sa_025;BTH;;2.33;0.0;18.46;-63.72;2.41;95.21;45.0;0.0;0.0;0;1.42;0;-3.79;0.0;0.0;0.0;2.33
2024;1;192;beauce_5_sa_026;BTH;;14.19;2.29;39.71;61.93;180.13;99.91;178.34;0.26;0.02;0;134.49;0;-89.69;0.2;0.06;2.29;14.19
2024;193;270;beauce_5_sa_026;solnu;;14.68;0.0;37.98;5.7;0.0;178.34;206.96;0.25;0.13;0;0;0;-177.46;0.22;0.03;0.0;14.68
2024;271;366;beauce_5_sa_026;BTH;;6.58;0.0;17.92;-74.58;15.78;207.48;127.93;0.0;0.0;0;9.29;0;20.61;0.0;0.0;0.0;6.58
2024;1;226;beauce_5_sa_027;BTH;;5.98;1.27;56.71;25.38;140.01;6.67;37.63;0.13;0.04;0;82.39;0;-23.19;0.08;0.05;1.27;5.98
2024;227;287;beauce_5_sa_027;solnu;;2.36;0.0;25.65;-46.18;0.0;37.63;24.82;0.01;0.02;0;0;0;-212.02;0.01;0.0;0.0;2.36
2024;288;366;beauce_5_sa_027;BTH;;1.31;0.0;13.07;-13.01;0.0;24.83;23.57;0.0;0.0;0;0.0;0;74.69;0.0;0.0;0.0;1.31
2024;1;193;beauce_5_sa_028;BTH;;2.83;1.29;39.34;11.09;149.77;14.23;7.21;0.08;0.01;0;88.45;0;114.15;0.05;0.03;1.29;2.83
2024;194;305;beauce_5_sa_028;solnu;;0.6;0.0;46.32;0.88;0.0;7.21;53.8;0.06;0.02;0;0;0;-127.75;0.03;0.03;0.0;0.6
2024;306;366;beauce_5_sa_028;BTH;;0.52;0.14;8.84;-60.79;0.7;54.08;13.08;0.01;0.0;0;0.41;0;-9.96;0.01;0.0;0.14;0.52
2024;1;218;beauce_5_sa_029;BTH;;1.21;0.0;48.24;8.2;46.59;4.27;12.9;0.05;0.02;0;27.41;0;-130.24;0.02;0.03;0.0;1.21
2024;219;318;beauce_5_sa_029;solnu;;0.59;0.0;34.29;-40.95;0.0;12.9;5.51;0.01;0.0;0;0;0;-198.45;0.0;0.01;0.0;0.59
2024;319;366;beauce_5_sa_029;BTH;;0.16;0.0;6.08;-6.08;0.0;5.51;5.35;0.0;0.0;0;0.0;0;-4.37;0.0;0.0;0.0;0.16
2024;1;205;beauce_5_sa_030;BTH;;1.53;0.0;41.78;12.85;54.13;7.78;6.79;0.03;0.0;0;31.85;0;-164.62;0.0;0.03;0.0;1.53
2024;206;310;beauce_5_sa_030;solnu;;0.68;0.0;38.3;-3.93;0.0;6.79;40.42;0.05;0.01;0;0;0;-217.97;0.03;0.02;0.0;0.68
2024;311;366;beauce_5_sa_030;BTH;;0.21;0.0;7.12;-40.53;0.0;40.68;6.8;0.0;0.0;0;0.0;0;-26.18;0.0;0.0;0.0;0.21
2024;1;211;beauce_5_sa_031;BTH;;11.55;0.91;45.57;42.93;130.74;72.71;87.02;0.06;0.0;0;77.31;0;-131.01;0.01;0.05;0.91;11.55
2024;212;317;beauce_5_sa_031;solnu;;8.14;0.0;38.58;-0.18;0.0;87.02;117.02;0.18;0.08;0;0;0;-207.73;0.16;0.02;0.0;8.14
2024;318;366;beauce_5_sa_031;BTH;;1.86;0.0;6.34;-60.26;0.0;117.21;61.57;0.0;0.0;0;0.0;0;-10.67;0.0;0.0;0.0;1.86
2024;1;202;beauce_5_sa_032;BTH;;1.52;0.0;41.83;15.69;44.34;7.04;18.67;0.03;0.0;0;26.09;0;-123.7;0.0;0.03;0.0;1.52
2024;203;272;beauce_5_sa_032;solnu;;1.29;0.0;31.51;-37.07;0.0;18.67;11.89;0.04;0.04;0;0;0;-183.34;0.03;0.01;0.0;1.29
2024;273;366;beauce_5_sa_032;BTH;;0.63;0.0;16.8;-17.11;0.0;11.79;11.2;0.0;0.0;0;0.0;0;-34.13;0.0;0.0;0.0;0.63
2024;1;221;beauce_5_sa_033;BTH;;4.09;0.83;51.42;19.85;113.98;8.47;23.49;0.09;0.03;0;67.07;0;-20.45;0.05;0.05;0.83;4.09
2024;222;295;beauce_5_sa_033;solnu;;1.46;0.0;29.72;-43.87;0.0;23.49;14.52;0.01;0.01;0;0;0;-214.66;0.01;0.01;0.0;1.46
2024;296;366;beauce_5_sa_033;BTH;;0.57;0.0;10.11;-11.17;0.0;14.38;13.8;0.0;0.0;0;0.0;0;17.62;0.0;0.0;0.0;0.57
2024;1;179;beauce_5_sa_034;BTH;;1.84;0.0;32.01;11.1;38.32;7.95;10.88;0.03;0.0;0;24.32;0;-78.62;0.0;0.03;0.0;1.84
2024;180;263;beauce_5_sa_034;solnu;;1.28;0.0;37.98;-6.93;0.0;10.88;40.55;0.06;0.04;0;0;0;-214.64;0.04;0.02;0.0;1.28
2024;264;366;beauce_5_sa_034;BTH;;0.73;0.0;19.54;-44.57;1.5;41.04;13.29;0.0;0.0;0;0.88;0;-58.97;0.0;0.0;0.0;0.73
2024;1;214;beauce_5_sa_035;BTH;;10.1;2.21;52.51;47.91;197.21;73.51;131.71;0.2;0.01;0;127.91;0;-111.71;0.14;0.06;2.21;10.1
2024;215;287;beauce_5_sa_035;solnu;;9.24;0.0;34.42;-63.19;0.0;131.71;93.59;0.17;0.13;0;0;0;-72.7;0.17;0.01;0.0;9.24
2024;288;366;beauce_5_sa_035;BTH;;4.93;0.0;14.1;-11.35;1.1;93.55;90.32;0.0;0.0;0;0.65;0;96.51;0.0;0.0;0.0;4.93
2024;1;175;beauce_5_sa_036;BTH;;1.58;0.0;30.3;8.98;39.85;8.03;4.39;0.02;0.0;0;23.45;0;-84.2;0.0;0.02;0.0;1.58
2024;176;313;beauce_5_sa_036;solnu;;1.27;0.0;51.73;-43.97;0.0;4.39;10.86;0.05;0.03;0;0;0;-265.57;0.02;0.03;0.0;1.27
2024;314;366;beauce_5_sa_036;BTH;;0.33;0.0;6.78;-6.58;0.0;10.86;10.73;0.0;0.0;0;0.0;0;-11.41;0.0;0.0;0.0;0.33
2024;1;222;beauce_5_sa_037;BTH;;10.11;0.0;52.5;40.85;88.05;54.79;49.87;0.14;0.05;0;53.8;0;-130.55;0.08;0.06;0.0;10.11
2024;223;263;beauce_5_sa_037;solnu;;2.91;0.0;18.87;-14.79;0.0;49.87;51.0;0.02;0.02;0;0;0;-105.96;0.02;0.01;0.0;2.91
2024;264;366;beauce_5_sa_037;BTH;;1.82;0.66;19.16;-46.57;4.62;51.38;72.29;0.03;0.0;0;2.72;0;-104.61;0.03;0.0;0.66;1.82
2024;1;190;beauce_5_sa_038;BTH;;2.22;0.0;35.21;21.58;44.81;9.66;19.39;0.04;0.0;0;28.14;0;-144.8;0.0;0.03;0.0;2.22
2024;191;264;beauce_5_sa_038;solnu;;1.75;0.0;33.33;-5.85;0.0;19.39;45.01;0.06;0.04;0;0;0;-207.78;0.05;0.02;0.0;1.75
2024;265;366;beauce_5_sa_038;BTH;;0.89;0.0;18.57;-46.2;0.0;45.59;16.48;0.0;0.0;0;0.0;0;-74.65;0.0;0.0;0.0;0.89
2024;1;195;beauce_5_sa_039;BTH;;1.9;0.42;36.69;21.74;91.23;9.74;4.67;0.04;0.0;0;53.68;0;-140.16;0.0;0.04;0.42;1.9
2024;196;310;beauce_5_sa_039;solnu;;0.89;0.0;41.63;5.62;0.0;4.67;50.99;0.07;0.02;0;0;0;-237.53;0.04;0.03;0.0;0.89
2024;311;366;beauce_5_sa_039;BTH;;0.32;0.0;6.99;-48.07;0.0;51.26;10.38;0.0;0.0;0;0.0;0;-42.75;0.0;0.0;0.0;0.32
2024;1;190;beauce_5_sa_040;BTH;;2.97;0.97;37.89;24.16;110.97;15.11;34.43;0.09;0.02;0;65.3;0;16.85;0.05;0.04;0.97;2.97
2024;191;316;beauce_5_sa_040;solnu;;2.44;0.0;48.83;-52.14;0.0;34.43;29.15;0.11;0.05;0;0;0;-155.67;0.08;0.03;0.0;2.44
2024;317;366;beauce_5_sa_040;BTH;;0.86;0.0;6.74;-6.88;0.0;29.03;28.16;0.0;0.0;0;0.0;0;24.03;0.0;0.0;0.0;0.86
2024;1;181;beauce_5_sa_041;BTH;;5.71;1.24;33.33;17.42;134.41;14.45;17.85;0.08;0.0;0;79.09;0;24.85;0.04;0.04;1.24;5.71
2024;182;298;beauce_5_sa_041;solnu;;3.38;0.0;48.08;10.88;0.0;17.85;73.31;0.09;0.04;0;0;0;-188.82;0.05;0.04;0.0;3.38
2024;299;366;beauce_5_sa_041;BTH;;1.04;0.0;9.67;-57.44;0.0;73.52;25.53;0.0;0.0;0;0.0;0;-20.82;0.0;0.0;0.0;1.04
2024;1;179;beauce_5_sa_042;BTH;;8.98;0.0;33.34;12.62;100.05;87.31;23.79;0.06;0.0;0;59.56;0;56.37;0.03;0.04;0.0;8.98
2024;180;313;beauce_5_sa_042;solnu;;4.78;0.0;52.8;7.33;0.0;23.79;79.3;0.1;0.04;0;0;0;-202.82;0.06;0.04;0.0;4.78
2024;314;366;beauce_5_sa_042;BTH;;0.98;1.02;7.15;-69.98;2.34;79.49;90.04;0.03;0.0;0;1.38;0;-8.14;0.02;0.0;1.02;0.98
2024;1;176;beauce_5_sa_043;BTH;;1.41;0.91;32.09;6.45;106.52;7.11;5.74;0.09;0.01;0;62.68;0;68.65;0.07;0.02;0.91;1.41
2024;177;297;beauce_5_sa_043;solnu;;1.07;0.0;51.41;-49.67;0.0;5.74;12.54;0.04;0.03;0;0;0;-180.7;0.02;0.02;0.0;1.07
2024;298;366;beauce_5_sa_043;BTH;;0.49;0.0;10.04;-10.13;0.0;12.43;11.96;0.0;0.0;0;0.0;0;61.35;0.0;0.0;0.0;0.49
2024;1;210;beauce_5_sa_044;BTH;;1.04;0.0;44.63;11.65;46.51;5.3;14.02;0.03;0.0;0;27.37;0;-128.0;0.0;0.03;0.0;1.04
2024;211;290;beauce_5_sa_044;solnu;;0.95;0.0;32.95;-38.97;0.0;14.02;7.77;0.03;0.03;0;0;0;-193.59;0.02;0.01;0.0;0.95
2024;291;366;beauce_5_sa_044;BTH;;0.38;0.0;11.71;-11.8;0.0;7.77;7.43;0.0;0.0;0;0.0;0;-18.81;0.0;0.0;0.0;0.38
2024;1;174;beauce_5_sa_045;BTH;;17.34;1.88;31.03;53.32;150.37;121.66;177.72;0.11;0.0;0;110.24;0;-51.07;0.06;0.05;1.88;17.34
2024;175;277;beauce_5_sa_045;solnu;;15.4;0.0;45.43;14.54;0.0;177.72;222.66;0.26;0.12;0;0;0;-211.61;0.22;0.04;0.0;15.4
2024;278;366;beauce_5_sa_045;BTH;;6.45;0.0;15.26;-84.8;13.51;223.05;133.16;0.0;0.0;0;7.95;0;13.04;0.0;0.0;0.0;6.45
2024;1;187;beauce_5_sa_046;BTH;;1.6;0.76;36.05;0.93;92.47;8.1;6.68;0.1;0.02;0;54.41;0;60.18;0.07;0.02;0.76;1.6
2024;188;296;beauce_5_sa_046;solnu;;0.92;0.0;46.0;-43.5;0.0;6.68;10.1;0.04;0.02;0;0;0;-150.23;0.02;0.02;0.0;0.92
2024;297;366;beauce_5_sa_046;BTH;;0.4;0.0;10.28;-10.48;0.0;10.1;9.74;0.0;0.0;0;0.0;0;21.7;0.0;0.0;0.0;0.4
2024;1;177;beauce_5_sa_047;BTH;;2.1;0.31;30.85;10.46;54.97;10.51;16.72;0.03;0.0;0;37.65;0;-79.14;0.01;0.03;0.31;2.1
2024;178;283;beauce_5_sa_047;solnu;;2.12;0.0;43.76;6.14;0.0;16.72;64.38;0.09;0.05;0;0;0;-225.34;0.06;0.03;0.0;2.12
2024;284;366;beauce_5_sa_047;BTH;;0.96;0.0;13.38;-52.37;3.0;64.91;21.42;0.0;0.0;0;1.77;0;-40.07;0.0;0.0;0.0;0.96
2024;1;206;beauce_5_sa_048;BTH;;10.06;2.18;44.79;44.42;210.04;56.02;88.58;0.17;0.03;0;124.37;0;82.9;0.12;0.05;2.18;10.06
2024;207;314;beauce_5_sa_048;solnu;;0.39;0.0;42.97;5.28;0.0;88.58;136.17;0.2;0.07;0;0;0;-139.66;0.17;0.03;0.0;0.39
2024;315;366;beauce_5_sa_048;BTH;;2.14;0.0;7.37;-71.72;0.0;136.37;69.68;0.0;0.0;0;0.0;0;25.19;0.0;0.0;0.0;2.14
2024;1;210;beauce_5_sa_049;BTH;;4.56;1.41;46.5;42.49;151.37;22.51;61.17;0.17;0.03;0;89.07;0;18.33;0.12;0.05;1.41;4.56
2024;211;315;beauce_5_sa_049;solnu;;1.39;0.0;41.08;-54.8;0.0;61.17;46.08;0.12;0.07;0;0;0;-130.82;0.1;0.02;0.0;1.39
2024;316;366;beauce_5_sa_049;BTH;;1.38;0.0;7.09;-7.07;0.0;46.1;44.73;0.0;0.0;0;0.0;0;32.19;0.0;0.0;0.0;1.38
2024;1;228;beauce_5_sa_050;BTH;;10.48;2.2;54.36;75.93;234.68;45.74;95.52;0.32;0.11;0;140.18;0;-138.29;0.25;0.08;2.2;10.48
2024;229;303;beauce_5_sa_050;solnu;;1.37;0.0;27.99;-2.24;0.0;95.52;119.78;0.07;0.05;0;0;0;-142.77;0.05;0.02;0.0;1.37
2024;304;366;beauce_5_sa_050;BTH;;3.07;0.0;8.79;-50.47;0.0;120.15;75.02;0.01;0.0;0;0.0;0;1.24;0.01;0.0;0.0;3.07
2024;1;221;beauce_5_sa_051;BTH;;2.15;0.0;48.77;25.31;55.99;7.42;23.31;0.07;0.03;0;34.09;0;-230.89;0.03;0.05;0.0;2.15
2024;222;293;beauce_5_sa_051;solnu;;1.15;0.0;27.01;-9.48;0.0;23.31;39.65;0.03;0.01;0;0;0;-172.73;0.02;0.01;0.0;1.15
2024;294;366;beauce_5_sa_051;BTH;;0.56;0.0;10.17;-36.1;0.0;40.23;13.8;0.0;0.0;0;0.0;0;-55.9;0.0;0.0;0.0;0.56
2024;1;173;beauce_5_sa_052;BTH;;3.41;0.0;29.04;22.94;55.34;17.41;9.16;0.03;0.0;0;33.07;0;-112.21;0.0;0.03;0.0;3.41
2024;174;311;beauce_5_sa_052;solnu;;2.28;0.0;51.11;0.31;0.0;9.16;58.27;0.08;0.03;0;0;0;-336.58;0.05;0.03;0.0;2.28
2024;312;366;beauce_5_sa_052;BTH;;0.53;0.0;6.95;-47.47;0.0;58.58;17.21;0.0;0.0;0;0.0;0;-25.95;0.0;0.0;0.0;0.53
2024;1;206;beauce_5_sa_053;BTH;;0.74;0.65;45.67;21.76;94.86;3.29;23.99;0.07;0.0;0;55.82;0;-45.13;0.03;0.04;0.65;0.74
2024;207;269;beauce_5_sa_053;solnu;;1.65;0.0;29.9;-47.05;0.0;23.99;14.52;0.05;0.04;0;0;0;-235.4;0.04;0.0;0.0;1.65
2024;270;366;beauce_5_sa_053;BTH;;0.78;0.0;17.96;-16.44;0.57;14.52;14.71;0.0;0.0;0;0.34;0;73.84;0.0;0.0;0.0;0.78
2024;1;223;beauce_5_sa_054;BTH;;20.14;1.81;54.84;54.99;182.06;130.99;174.15;0.27;0.1;0;109.12;0;-45.58;0.2;0.07;1.81;20.14
2024;224;304;beauce_5_sa_054;solnu;;11.79;0.0;31.86;-5.47;0.0;174.15;188.59;0.09;0.06;0;0;0;-133.75;0.08;0.02;0.0;11.79
2024;305;366;beauce_5_sa_054;BTH;;5.17;0.0;8.99;-66.27;0.0;188.91;126.13;0.01;0.0;0;0.0;0;29.76;0.01;0.0;0.0;5.17
2024;1;174;beauce_5_sa_055;BTH;;2.99;0.0;29.48;19.57;52.76;15.1;8.5;0.03;0.0;0;31.31;0;-101.15;0.0;0.03;0.0;2.99
2024;175;310;beauce_5_sa_055;solnu;;2.04;0.0;50.92;-0.06;0.0;8.5;57.2;0.08;0.03;0;0;0;-324.37;0.05;0.03;0.0;2.04
2024;311;366;beauce_5_sa_055;BTH;;0.51;0.0;7.17;-47.52;0.0;57.45;16.33;0.0;0.0;0;0.0;0;-25.22;0.0;0.0;0.0;0.51
2024;1;175;beauce_5_sa_056;BTH;;5.05;1.08;32.09;41.34;104.63;33.73;76.26;0.08;0.0;0;77.18;0;-84.55;0.03;0.04;1.08;5.05
2024;176;273;beauce_5_sa_056;solnu;;6.82;0.0;44.72;-53.63;0.0;76.26;62.73;0.17;0.09;0;0;0;-211.88;0.15;0.02;0.0;6.82
2024;274;366;beauce_5_sa_056;BTH;;3.33;0.0;17.22;-15.13;1.1;62.82;60.38;0.0;0.0;0;0.65;0;35.91;0.0;0.0;0.0;3.33
2024;1;192;beauce_5_sa_057;BTH;;7.84;0.91;38.55;43.79;86.6;32.93;89.02;0.18;0.02;0;66.61;0;-97.77;0.13;0.05;0.91;7.84
2024;193;258;beauce_5_sa_057;solnu;;10.25;0.0;32.58;-4.15;0.0;89.02;106.96;0.15;0.09;0;0;0;-161.24;0.13;0.02;0.0;10.25
2024;259;366;beauce_5_sa_057;BTH;;3.68;0.0;22.32;-57.85;11.23;107.58;57.37;0.01;0.0;0;6.61;0;-15.09;0.0;0.0;0.0;3.68
2024;1;171;beauce_5_sa_058;BTH;;1.53;0.16;29.06;8.92;50.94;7.74;4.16;0.02;0.0;0;29.98;0;-51.46;0.0;0.02;0.16;1.53
2024;172;292;beauce_5_sa_058;solnu;;1.29;0.0;49.83;-40.33;0.0;4.16;12.46;0.05;0.03;0;0;0;-233.88;0.03;0.03;0.0;1.29
2024;293;366;beauce_5_sa_058;BTH;;0.49;0.0;11.11;-11.08;0.0;12.44;12.0;0.0;0.0;0;0.0;0;-13.02;0.0;0.0;0.0;0.49
2024;1;188;beauce_5_sa_059;BTH;;0.92;0.6;37.35;24.06;81.27;4.19;28.25;0.05;0.0;0;47.82;0;-30.68;0.01;0.04;0.6;0.92
2024;189;264;beauce_5_sa_059;solnu;;2.41;0.0;37.19;-49.7;0.0;28.25;15.01;0.05;0.04;0;0;0;-177.94;0.04;0.01;0.0;2.41
2024;265;366;beauce_5_sa_059;BTH;;0.81;0.0;20.23;-12.05;5.35;15.14;17.02;0.01;0.0;0;3.15;0;28.57;0.0;0.01;0.0;0.81
2024;1;185;beauce_5_sa_060;BTH;;2.27;1.24;35.36;16.56;144.02;11.62;8.71;0.11;0.02;0;88.28;0;12.36;0.08;0.03;1.24;2.27
2024;186;284;beauce_5_sa_060;solnu;;1.08;0.0;42.79;7.29;0.0;8.71;57.66;0.07;0.04;0;0;0;-155.51;0.04;0.03;0.0;1.08
2024;285;366;beauce_5_sa_060;BTH;;0.71;0.0;13.55;-55.63;0.0;57.87;15.97;0.0;0.0;0;0.0;0;-23.82;0.0;0.0;0.0;0.71
2024;1;211;beauce_5_sa_061;BTH;;14.16;1.66;47.53;56.23;179.93;94.47;128.1;0.12;0.0;0;107.21;0;-65.19;0.06;0.06;1.66;14.16
2024;212;309;beauce_5_sa_061;solnu;;8.27;0.0;39.47;-67.92;0.0;128.1;91.08;0.19;0.1;0;0;0;-118.57;0.17;0.02;0.0;8.27
2024;310;366;beauce_5_sa_061;BTH;;2.78;0.0;8.11;-8.17;0.0;91.19;88.25;0.0;0.0;0;0.0;0;47.39;0.0;0.0;0.0;2.78
2024;1;212;beauce_5_sa_062;BTH;;1.16;0.14;45.69;13.94;57.57;5.93;17.1;0.04;0.0;0;33.87;0;-113.6;0.0;0.04;0.14;1.16
2024;213;287;beauce_5_sa_062;solnu;;1.25;0.0;31.43;-37.53;0.0;17.1;10.02;0.04;0.03;0;0;0;-182.66;0.03;0.01;0.0;1.25
2024;288;366;beauce_5_sa_062;BTH;;0.48;0.0;12.51;-13.26;0.0;9.97;9.5;0.0;0.0;0;0.0;0;-23.8;0.0;0.0;0.0;0.48
2024;1;196;beauce_5_sa_063;BTH;;18.08;1.31;42.39;63.5;187.53;182.6;180.08;0.36;0.03;0;138.66;0;-112.34;0.3;0.06;1.31;18.08
2024;197;270;beauce_5_sa_063;solnu;;17.33;0.0;35.55;3.13;0.0;180.08;201.11;0.21;0.11;0;0;0;-174.07;0.18;0.02;0.0;17.33
2024;271;366;beauce_5_sa_063;BTH;;7.05;1.14;17.73;-66.71;10.43;201.62;219.97;0.03;0.0;0;6.14;0;13.6;0.03;0.0;1.14;7.05
2024;1;178;beauce_5_sa_064;BTH;;41.09;2.57;32.01;51.61;209.28;265.44;290.24;0.24;0.03;0;123.53;0;-53.57;0.18;0.05;2.57;41.09
2024;179;317;beauce_5_sa_064;solnu;;14.05;0.0;50.66;28.44;0.0;290.24;355.69;0.32;0.11;0;0;0;-240.32;0.27;0.05;0.0;14.05
2024;318;366;beauce_5_sa_064;BTH;;7.5;0.0;6.38;-82.04;2.59;355.9;269.91;0.02;0.0;0;1.52;0;-7.14;0.02;0.0;0.0;7.5
2024;1;209;beauce_5_sa_065;BTH;;7.86;1.81;46.31;57.89;200.48;48.34;79.71;0.17;0.02;0;119.3;0;-37.21;0.11;0.06;1.81;7.86
2024;210;309;beauce_5_sa_065;solnu;;1.26;0.0;40.67;-58.35;0.0;79.71;60.55;0.15;0.08;0;0;0;-140.11;0.13;0.02;0.0;1.26
2024;310;366;beauce_5_sa_065;BTH;;1.85;0.0;8.19;-8.21;0.0;60.61;58.68;0.0;0.0;0;0.0;0;43.76;0.0;0.0;0.0;1.85
2024;1;221;beauce_5_sa_066;BTH;;14.25;0.0;49.78;46.28;139.15;102.52;45.6;0.15;0.04;0;85.63;0;-165.45;0.09;0.06;0.0;14.25
2024;222;286;beauce_5_sa_066;solnu;;2.92;0.0;25.24;-6.84;0.0;45.6;61.04;0.03;0.02;0;0;0;-143.46;0.01;0.01;0.0;2.92
2024;287;366;beauce_5_sa_066;BTH;;1.41;1.11;12.31;-44.37;0.28;61.47;113.71;0.01;0.0;0;0.16;0;-85.9;0.0;0.0;1.11;1.41
2024;1;219;beauce_5_sa_067;BTH;;7.74;1.03;51.43;53.82;131.78;27.75;70.14;0.16;0.06;0;81.63;0;-83.91;0.1;0.06;1.03;7.74
2024;220;295;beauce_5_sa_067;solnu;;4.06;0.0;31.29;-7.01;0.0;70.14;90.26;0.06;0.03;0;0;0;-168.87;0.04;0.02;0.0;4.06
2024;296;366;beauce_5_sa_067;BTH;;1.95;0.0;10.41;-53.62;0.0;90.53;47.43;0.0;0.0;0;0.0;0;-23.52;0.0;0.0;0.0;1.95
2024;1;179;beauce_5_sa_068;BTH;;9.09;0.91;33.06;40.43;112.97;58.73;77.09;0.07;0.0;0;69.09;0;-63.71;0.03;0.04;0.91;9.09
2024;180;300;beauce_5_sa_068;solnu;;7.61;0.0;49.47;-55.66;0.0;77.09;63.18;0.17;0.08;0;0;0;-245.87;0.14;0.03;0.0;7.61
2024;301;366;beauce_5_sa_068;BTH;;2.49;0.0;9.52;-9.52;0.0;63.16;60.69;0.0;0.0;0;0.0;0;16.73;0.0;0.0;0.0;2.49
2024;1;170;beauce_5_sa_069;BTH;;2.53;0.2;28.82;17.95;49.41;12.75;22.96;0.03;0.0;0;29.08;0;-63.28;0.0;0.03;0.2;2.53
2024;171;304;beauce_5_sa_069;solnu;;3.0;0.0;53.31;-46.51;0.0;22.96;25.45;0.1;0.05;0;0;0;-258.0;0.07;0.03;0.0;3.0
2024;305;366;beauce_5_sa_069;BTH;;1.01;0.0;8.52;-8.47;0.0;25.45;24.49;0.0;0.0;0;0.0;0;-5.54;0.0;0.0;0.0;1.01
2024;1;206;beauce_5_sa_070;BTH;;20.12;2.39;49.41;57.53;149.38;158.69;274.46;0.26;0.02;0;129.04;0;-94.67;0.2;0.06;2.39;20.12
2024;207;260;beauce_5_sa_070;solnu;;35.49;0.0;27.3;-6.96;0.0;274.46;258.89;0.28;0.14;0;0;0;-135.46;0.27;0.01;0.0;35.49
2024;261;366;beauce_5_sa_070;BTH;;10.63;0.0;22.21;-77.63;21.34;259.41;171.49;0.0;0.0;0;12.55;0;85.1;0.0;0.0;0.0;10.63
2024;1;193;beauce_5_sa_071;BTH;;1.18;0.0;37.13;12.25;46.12;5.85;7.92;0.03;0.0;0;27.14;0;-99.17;0.0;0.03;0.0;1.18
2024;194;280;beauce_5_sa_071;solnu;;0.66;0.0;38.26;-37.88;0.0;7.92;7.63;0.03;0.02;0;0;0;-219.28;0.02;0.02;0.0;0.66
2024;281;366;beauce_5_sa_071;BTH;;0.4;0.0;14.29;-14.2;0.0;7.63;7.35;0.0;0.0;0;0.0;0;-26.35;0.0;0.0;0.0;0.4
2024;1;217;beauce_5_sa_072;BTH;;3.99;0.0;48.03;38.36;71.74;15.56;26.27;0.07;0.02;0;46.48;0;-157.65;0.02;0.05;0.0;3.99
2024;218;287;beauce_5_sa_072;solnu;;1.08;0.0;28.17;-9.97;0.0;26.27;35.55;0.03;0.02;0;0;0;-167.81;0.02;0.01;0.0;1.08
2024;288;366;beauce_5_sa_072;BTH;;0.47;0.36;12.26;-50.94;3.99;35.92;21.95;0.01;0.0;0;2.35;0;-71.6;0.01;0.0;0.36;0.47
2024;1;192;beauce_5_sa_073;BTH;;3.57;0.39;37.47;22.29;60.34;15.36;40.07;0.05;0.0;0;40.82;0;-86.78;0.01;0.04;0.39;3.57
2024;193;262;beauce_5_sa_073;solnu;;3.62;0.0;33.36;-6.74;0.0;40.07;62.91;0.1;0.06;0;0;0;-161.48;0.08;0.02;0.0;3.62
2024;263;366;beauce_5_sa_073;BTH;;1.67;0.0;20.4;-51.59;1.78;63.63;28.44;0.0;0.0;0;1.05;0;-32.31;0.0;0.0;0.0;1.67
2024;1;174;beauce_5_sa_074;BTH;;9.05;1.73;33.23;34.22;102.62;62.13;147.27;0.19;0.04;0;100.18;0;-54.52;0.15;0.04;1.73;9.05
2024;175;258;beauce_5_sa_074;solnu;;21.4;0.0;41.62;-72.83;0.0;147.27;94.48;0.12;0.05;0;0;0;-117.54;0.11;0.01;0.0;21.4
2024;259;366;beauce_5_sa_074;BTH;;5.18;0.0;23.77;-2.68;15.12;94.47;95.25;0.02;0.0;0;8.9;0;115.47;0.01;0.01;0.0;5.18
2024;1;217;beauce_5_sa_075;BTH;;0.79;0.21;49.26;18.51;59.89;2.89;25.99;0.07;0.02;0;35.24;0;-118.92;0.03;0.04;0.21;0.79
2024;218;276;beauce_5_sa_075;solnu;;0.51;0.0;26.6;-38.8;0.0;25.99;7.53;0.03;0.02;0;0;0;-201.49;0.02;0.0;0.0;0.51
2024;277;366;beauce_5_sa_075;BTH;;0.4;0.0;15.3;-15.38;0.0;7.53;7.23;0.0;0.0;0;0.0;0;13.99;0.0;0.0;0.0;0.4
2024;1;209;beauce_5_sa_076;BTH;;18.34;1.91;46.65;57.39;187.21;125.1;165.97;0.13;0.0;0;111.42;0;-74.7;0.06;0.06;1.91;18.34
2024;210;310;beauce_5_sa_076;solnu;;12.15;0.0;40.6;-77.57;0.0;165.97;116.52;0.22;0.11;0;0;0;-107.2;0.2;0.02;0.0;12.15
2024;311;366;beauce_5_sa_076;BTH;;3.54;0.0;7.89;-7.87;0.0;116.51;113.0;0.0;0.0;0;0.0;0;47.51;0.0;0.0;0.0;3.54
2024;1;172;beauce_5_sa_077;BTH;;19.23;2.11;31.65;40.82;156.36;135.96;189.37;0.21;0.02;0;110.98;0;-13.75;0.17;0.04;2.11;19.23
2024;173;279;beauce_5_sa_077;solnu;;18.14;0.0;49.65;-70.63;0.0;189.37;150.52;0.24;0.11;0;0;0;-151.91;0.21;0.03;0.0;18.14
2024;280;366;beauce_5_sa_077;BTH;;8.01;0.0;16.04;-10.83;2.34;150.52;145.36;0.0;0.0;0;1.38;0;87.28;0.0;0.0;0.0;8.01
2024;1;229;beauce_5_sa_078;BTH;;22.66;2.21;60.47;68.32;195.33;122.6;198.38;0.43;0.15;0;130.34;0;-95.37;0.35;0.08;2.21;22.66
2024;230;283;beauce_5_sa_078;solnu;;14.61;0.0;23.28;-9.27;0.0;198.38;197.64;0.07;0.08;0;0;0;-115.91;0.06;0.01;0.0;14.61
2024;284;366;beauce_5_sa_078;BTH;;6.45;0.0;14.49;-61.33;1.5;198.17;142.85;0.0;0.0;0;0.88;0;45.39;0.0;0.0;0.0;6.45
2024;1;203;beauce_5_sa_079;BTH;;0.75;0.82;45.3;21.36;104.88;3.5;25.85;0.06;0.0;0;61.72;0;-6.29;0.02;0.04;0.82;0.75
2024;204;267;beauce_5_sa_079;solnu;;1.78;0.0;30.96;-41.53;0.0;25.85;17.17;0.06;0.05;0;0;0;-190.14;0.05;0.01;0.0;1.78
2024;268;366;beauce_5_sa_079;BTH;;0.92;0.0;18.82;-20.36;0.0;17.17;16.29;0.0;0.0;0;0.0;0;20.61;0.0;0.0;0.0;0.92
2024;1;217;beauce_5_sa_080;BTH;;3.51;0.98;49.47;31.87;118.82;17.65;49.45;0.2;0.06;0;74.76;0;-72.36;0.15;0.05;0.98;3.51
2024;218;289;beauce_5_sa_080;solnu;;1.78;0.0;29.55;-4.21;0.0;49.45;55.48;0.06;0.03;0;0;0;-129.18;0.04;0.02;0.0;1.78
2024;290;366;beauce_5_sa_080;BTH;;0.85;0.0;12.2;-50.39;0.0;55.92;19.21;0.01;0.0;0;0.0;0;-44.81;0.01;0.0;0.0;0.85
2024;1;215;beauce_5_sa_081;BTH;;14.83;1.69;51.05;54.11;166.69;98.83;148.7;0.18;0.02;0;107.3;0;-111.89;0.12;0.06;1.69;14.83
2024;216;289;beauce_5_sa_081;solnu;;13.01;0.0;32.45;-63.84;0.0;148.7;104.15;0.19;0.13;0;0;0;-122.65;0.18;0.01;0.0;13.01
2024;290;366;beauce_5_sa_081;BTH;;5.4;0.0;12.95;-13.06;0.0;104.21;98.63;0.0;0.0;0;0.0;0;67.58;0.0;0.0;0.0;5.4
2024;1;183;beauce_5_sa_082;BTH;;2.07;1.14;34.27;21.74;141.05;10.68;8.74;0.07;0.01;0;83.88;0;-19.41;0.03;0.04;1.14;2.07
2024;184;273;beauce_5_sa_082;solnu;;1.32;0.0;40.62;4.4;0.0;8.74;52.31;0.07;0.04;0;0;0;-168.91;0.04;0.03;0.0;1.32
2024;274;366;beauce_5_sa_082;BTH;;0.78;0.0;16.36;-53.69;0.0;52.93;15.9;0.0;0.0;0;0.0;0;-41.53;0.0;0.0;0.0;0.78
2024;1;187;beauce_5_sa_083;BTH;;14.36;1.72;37.07;52.43;166.64;91.6;127.25;0.2;0.02;0;105.47;0;-20.75;0.14;0.05;1.72;14.36
2024;188;291;beauce_5_sa_083;solnu;;7.94;0.0;44.97;9.14;0.0;127.25;173.88;0.21;0.1;0;0;0;-195.91;0.18;0.03;0.0;7.94
2024;292;366;beauce_5_sa_083;BTH;;4.36;0.0;12.22;-77.15;6.64;174.34;97.92;0.02;0.0;0;3.91;0;18.38;0.02;0.0;0.0;4.36
2024;1;221;beauce_5_sa_084;BTH;;13.99;1.11;54.5;55.59;89.47;48.52;137.83;0.24;0.1;0;82.17;0;-187.24;0.17;0.07;1.11;13.99
2024;222;265;beauce_5_sa_084;solnu;;8.12;0.0;21.07;-12.87;0.0;137.83;137.8;0.06;0.05;0;0;0;-124.25;0.05;0.01;0.0;8.12
2024;266;366;beauce_5_sa_084;BTH;;5.05;0.0;19.2;-55.61;7.12;138.11;90.15;0.0;0.0;0;4.19;0;3.31;0.0;0.0;0.0;5.05
2024;1;184;beauce_5_sa_085;BTH;;1.76;0.36;34.27;8.86;68.35;6.36;6.19;0.04;0.0;0;40.22;0;-32.03;0.01;0.03;0.36;1.76
2024;185;312;beauce_5_sa_085;solnu;;1.18;0.0;48.72;-43.61;0.0;6.19;10.37;0.06;0.02;0;0;0;-228.64;0.03;0.03;0.0;1.18
2024;313;366;beauce_5_sa_085;BTH;;0.31;0.0;6.99;-7.38;0.0;10.33;9.98;0.0;0.0;0;0.0;0;-4.06;0.0;0.0;0.0;0.31
2024;1;189;beauce_5_sa_086;BTH;;0.58;0.37;36.46;21.18;68.82;2.8;18.71;0.04;0.0;0;40.5;0;-56.58;0.01;0.03;0.37;0.58
2024;190;271;beauce_5_sa_086;solnu;;1.34;0.0;37.93;-41.99;0.0;18.71;16.39;0.06;0.05;0;0;0;-219.7;0.05;0.01;0.0;1.34
2024;272;366;beauce_5_sa_086;BTH;;0.86;0.0;17.39;-16.09;0.45;16.1;16.38;0.0;0.0;0;0.27;0;3.46;0.0;0.0;0.0;0.86
2024;1;171;beauce_5_sa_087;BTH;;1.88;0.53;29.61;9.41;79.07;8.21;5.97;0.05;0.0;0;46.53;0;6.6;0.02;0.03;0.53;1.88
2024;172;276;beauce_5_sa_087;solnu;;1.34;0.0;46.57;-38.42;0.0;5.97;13.51;0.06;0.04;0;0;0;-186.75;0.03;0.02;0.0;1.34
2024;277;366;beauce_5_sa_087;BTH;;0.72;0.0;15.62;-17.18;0.0;13.51;12.81;0.0;0.0;0;0.0;0;-18.0;0.0;0.0;0.0;0.72
2024;1;222;beauce_5_sa_088;BTH;;7.07;1.61;53.46;29.21;174.6;15.92;37.36;0.15;0.05;0;103.36;0;31.68;0.09;0.05;1.61;7.07
2024;223;293;beauce_5_sa_088;solnu;;2.52;0.0;28.86;-8.02;0.0;37.36;55.62;0.03;0.02;0;0;0;-123.82;0.02;0.01;0.0;2.52
2024;294;366;beauce_5_sa_088;BTH;;1.06;0.0;11.05;-43.67;0.0;56.26;25.96;0.0;0.0;0;0.0;0;-36.6;0.0;0.0;0.0;1.06
2024;1;207;beauce_5_sa_089;BTH;;7.94;0.83;44.12;45.04;118.86;46.11;70.61;0.07;0.0;0;70.93;0;-107.55;0.01;0.05;0.83;7.94
2024;208;312;beauce_5_sa_089;solnu;;6.33;0.0;39.7;0.28;0.0;70.61;104.01;0.17;0.08;0;0;0;-207.2;0.15;0.03;0.0;6.33
2024;313;366;beauce_5_sa_089;BTH;;1.56;0.0;7.04;-59.22;0.0;104.19;50.41;0.0;0.0;0;0.0;0;-9.35;0.0;0.0;0.0;1.56
2024;1;184;beauce_5_sa_090;BTH;;7.96;0.0;33.29;28.8;114.66;82.05;20.79;0.07;0.0;0;67.68;0;-100.53;0.03;0.04;0.0;7.96
2024;185;309;beauce_5_sa_090;solnu;;4.0;0.0;46.4;14.59;0.0;20.79;77.88;0.1;0.04;0;0;0;-261.01;0.06;0.04;0.0;4.0
2024;310;366;beauce_5_sa_090;BTH;;0.92;0.88;7.34;-59.2;0.57;78.24;90.64;0.01;0.0;0;0.34;0;-33.94;0.01;0.0;0.88;0.92
2024;1;226;beauce_5_sa_091;BTH;;1.95;0.0;51.66;23.07;53.52;6.71;25.91;0.07;0.03;0;31.5;0;-218.31;0.03;0.05;0.0;1.95
2024;227;292;beauce_5_sa_091;solnu;;1.16;0.0;24.66;-36.8;0.0;25.91;14.44;0.02;0.02;0;0;0;-182.12;0.01;0.01;0.0;1.16
2024;293;366;beauce_5_sa_091;BTH;;0.57;0.0;10.55;-11.72;0.0;14.43;13.89;0.0;0.0;0;0.0;0;-27.64;0.0;0.0;0.0;0.57
2024;1;188;beauce_5_sa_092;BTH;;2.65;1.14;37.23;9.54;125.69;13.28;15.6;0.13;0.02;0;73.96;0;74.15;0.1;0.03;1.14;2.65
2024;189;297;beauce_5_sa_092;solnu;;1.24;0.0;46.48;-41.05;0.0;15.6;19.72;0.07;0.04;0;0;0;-139.24;0.04;0.03;0.0;1.24
2024;298;366;beauce_5_sa_092;BTH;;0.77;0.0;10.21;-12.21;0.0;19.57;18.88;0.0;0.0;0;0.0;0;3.69;0.0;0.0;0.0;0.77
2024;1;201;beauce_5_sa_093;BTH;;4.52;1.01;43.2;16.59;123.77;15.25;22.48;0.08;0.0;0;72.83;0;15.46;0.04;0.04;1.01;4.52
2024;202;281;beauce_5_sa_093;solnu;;2.39;0.0;35.75;-31.45;0.0;22.48;24.31;0.05;0.03;0;0;0;-137.39;0.03;0.02;0.0;2.39
2024;282;366;beauce_5_sa_093;BTH;;0.81;0.0;14.56;-25.39;0.0;19.23;16.68;0.0;0.0;0;0.0;0;-36.63;0.0;0.0;0.0;0.81
2024;1;206;beauce_5_sa_094;BTH;;1.38;0.0;43.21;15.34;43.8;6.57;19.9;0.04;0.0;0;25.77;0;-135.13;0.0;0.04;0.0;1.38
2024;207;275;beauce_5_sa_094;solnu;;1.36;0.0;30.86;-37.89;0.0;19.9;11.96;0.04;0.04;0;0;0;-195.41;0.03;0.01;0.0;1.36
2024;276;366;beauce_5_sa_094;BTH;;0.64;0.0;15.63;-15.67;0.0;11.96;11.42;0.0;0.0;0;0.0;0;-15.99;0.0;0.0;0.0;0.64
2024;1;185;beauce_5_sa_095;BTH;;0.28;1.03;36.52;12.61;120.42;1.42;6.76;0.09;0.01;0;70.86;0;39.08;0.06;0.03;1.03;0.28
2024;186;273;beauce_5_sa_095;solnu;;0.67;0.0;41.68;-43.43;0.0;6.76;10.37;0.04;0.04;0;0;0;-201.41;0.03;0.01;0.0;0.67
2024;274;366;beauce_5_sa_095;BTH;;0.55;0.0;17.3;-17.54;0.0;10.37;9.87;0.0;0.0;0;0.0;0;73.75;0.0;0.0;0.0;0.55
2024;1;213;beauce_5_sa_096;BTH;;6.63;2.11;54.51;38.37;174.45;47.93;117.01;0.25;0.01;0;130.63;0;-232.01;0.2;0.06;2.11;6.63
2024;214;269;beauce_5_sa_096;solnu;;12.72;0.0;29.39;-70.85;0.0;117.01;62.9;0.11;0.07;0;0;0;2.39;0.11;0.0;0.0;12.72
2024;270;366;beauce_5_sa_096;BTH;;3.16;0.0;19.51;1.79;12.36;62.89;68.66;0.02;0.0;0;7.27;0;103.2;0.01;0.01;0.0;3.16
2024;1;177;beauce_5_sa_097;BTH;;6.01;1.12;31.36;55.61;129.09;30.66;64.3;0.18;0.02;0;91.14;0;-97.97;0.13;0.05;1.12;6.01
2024;178;279;beauce_5_sa_097;solnu;;6.01;0.0;43.06;15.3;0.0;64.3;117.4;0.18;0.08;0;0;0;-233.31;0.14;0.04;0.0;6.01
2024;280;366;beauce_5_sa_097;BTH;;2.7;0.14;14.28;-72.87;8.04;117.76;58.83;0.0;0.0;0;4.73;0;-26.56;0.0;0.0;0.14;2.7
2024;1;175;beauce_5_sa_098;BTH;;3.31;1.16;30.99;22.45;125.47;16.61;26.92;0.12;0.02;0;80.91;0;-32.36;0.09;0.03;1.16;3.31
2024;176;276;beauce_5_sa_098;solnu;;3.12;0.0;44.13;15.47;0.0;26.92;83.25;0.13;0.07;0;0;0;-191.06;0.09;0.04;0.0;3.12
2024;277;366;beauce_5_sa_098;BTH;;1.61;0.0;15.19;-60.88;3.0;83.63;33.23;0.0;0.0;0;1.77;0;-30.24;0.0;0.0;0.0;1.61
2024;1;203;beauce_5_sa_099;BTH;;5.14;1.51;43.74;5.32;159.67;15.87;13.68;0.1;0.01;0;93.95;0;78.99;0.06;0.04;1.51;5.14
2024;204;318;beauce_5_sa_099;solnu;;0.91;0.0;43.53;-2.04;0.0;13.68;54.18;0.06;0.01;0;0;0;-135.46;0.03;0.03;0.0;0.91
2024;319;366;beauce_5_sa_099;BTH;;0.47;0.0;6.57;-46.8;0.0;54.3;15.67;0.0;0.0;0;0.0;0;-24.52;0.0;0.0;0.0;0.47
2025;1;171;beauce_5_sa_000;BTH;;4.82;2.01;35.34;30.62;164.67;68.6;115.72;0.11;0.0;0;104.76;0;-57.1;0.07;0.04;2.01;4.82
2025;172;266;beauce_5_sa_000;solnu;;0.0;0.0;42.54;-100.57;0.0;115.72;57.66;0.03;0.0;0;0;0;-138.93;0.01;0.02;0.0;0.0
2025;267;365;beauce_5_sa_000;BTH;;1.34;0.0;15.98;21.65;47.66;57.87;46.24;0.05;0.0;0;28.05;0;90.2;0.03;0.02;0.0;1.34
2025;1;211;beauce_5_sa_001;BTH;;13.58;2.19;63.69;59.83;122.45;156.67;308.1;0.14;0.0;0;84.6;0;-175.71;0.07;0.07;2.19;13.58
2025;212;260;beauce_5_sa_001;solnu;;0.0;0.0;20.06;-13.07;0.0;308.1;315.08;0.01;0.0;0;0;0;-127.97;0.0;0.01;0.0;0.0
2025;261;365;beauce_5_sa_001;BTH;;11.82;0.0;17.12;-80.47;61.67;315.49;178.09;0.14;0.02;0;36.29;0;41.97;0.13;0.01;0.0;11.82
2025;1;184;beauce_5_sa_002;BTH;;1.15;0.0;40.28;22.6;66.73;30.05;24.96;0.06;0.0;0;40.9;0;-151.43;0.02;0.04;0.0;1.15
2025;185;262;beauce_5_sa_002;solnu;;0.0;0.0;31.63;-50.89;0.0;24.96;7.06;0.01;0.0;0;0;0;-213.9;0.0;0.01;0.0;0.0
2025;263;365;beauce_5_sa_002;BTH;;0.58;0.22;15.24;-15.77;0.85;7.35;21.94;0.01;0.0;0;0.5;0;2.39;0.01;0.0;0.22;0.58
2025;1;227;beauce_5_sa_003;BTH;;1.0;0.29;62.09;14.9;75.48;12.05;34.2;0.05;0.0;0;44.41;0;-178.21;0.0;0.05;0.29;1.0
2025;228;299;beauce_5_sa_003;solnu;;0.13;0.0;18.3;-47.0;0.0;34.2;8.65;0.01;0.0;0;0;0;-151.04;0.01;0.0;0.0;0.13
2025;300;365;beauce_5_sa_003;BTH;;0.72;0.0;6.8;-7.59;0.0;8.65;7.99;0.0;0.0;0;0.0;0;9.51;0.0;0.0;0.0;0.72
2025;1;211;beauce_5_sa_004;BTH;;1.75;0.6;57.27;20.44;75.96;21.01;65.76;0.05;0.0;0;44.7;0;-141.6;0.0;0.05;0.6;1.75
2025;212;293;beauce_5_sa_004;solnu;;0.16;0.0;23.42;-12.49;0.0;65.76;76.49;0.04;0.0;0;0;0;-103.7;0.03;0.01;0.0;0.16
2025;294;365;beauce_5_sa_004;BTH;;1.61;0.0;8.2;-63.8;1.59;76.71;17.69;0.0;0.0;0;0.94;0;7.54;0.0;0.0;0.0;1.61
2025;1;199;beauce_5_sa_005;BTH;;4.31;1.4;51.33;47.26;211.14;79.54;67.31;0.1;0.0;0;126.59;0;-60.71;0.04;0.06;1.4;4.31
2025;200;287;beauce_5_sa_005;solnu;;0.0;0.0;30.41;-5.91;0.0;67.31;91.75;0.05;0.0;0;0;0;-128.03;0.03;0.02;0.0;0.0
2025;288;365;beauce_5_sa_005;BTH;;0.0;0.69;9.85;-72.78;7.44;92.0;72.86;0.03;0.0;0;4.38;0;35.57;0.02;0.0;0.69;0.0
2025;1;174;beauce_5_sa_006;BTH;;11.09;1.88;36.44;31.09;108.96;121.37;209.72;0.06;0.0;0;74.55;0;48.73;0.02;0.04;1.88;11.09
2025;175;267;beauce_5_sa_006;solnu;;0.0;0.0;40.76;-0.04;0.0;209.72;245.29;0.05;0.0;0;0;0;-155.6;0.03;0.03;0.0;0.0
2025;268;365;beauce_5_sa_006;BTH;;6.63;0.0;15.18;-84.47;47.68;245.79;121.59;0.08;0.0;0;28.06;0;65.86;0.08;0.01;0.0;6.63
2025;1;195;beauce_5_sa_007;BTH;;0.71;0.58;47.32;17.96;91.16;8.49;25.06;0.05;0.0;0;53.64;0;-92.08;0.01;0.04;0.58;0.71
2025;196;285;beauce_5_sa_007;solnu;;0.0;0.0;32.05;-8.83;0.0;25.06;48.24;0.04;0.0;0;0;0;-156.33;0.02;0.02;0.0;0.0
2025;286;365;beauce_5_sa_007;BTH;;0.59;0.0;9.6;-48.65;0.0;48.58;9.84;0.0;0.0;0;0.0;0;-21.27;0.0;0.0;0.0;0.59
2025;1;174;beauce_5_sa_008;BTH;;0.87;1.12;32.96;16.01;135.48;10.37;6.56;0.04;0.0;0;79.72;0;30.01;0.01;0.03;1.12;0.87
2025;175;298;beauce_5_sa_008;solnu;;0.0;0.0;42.15;-50.03;0.0;6.56;5.3;0.01;0.0;0;0;0;-216.58;0.0;0.01;0.0;0.0
2025;299;365;beauce_5_sa_008;BTH;;0.2;0.0;7.61;-7.51;0.0;5.55;5.19;0.0;0.0;0;0.0;0;48.33;0.0;0.0;0.0;0.2
2025;1;216;beauce_5_sa_009;BTH;;0.34;0.0;59.49;17.34;42.89;5.87;39.37;0.05;0.0;0;29.45;0;-362.67;0.0;0.05;0.0;0.34
2025;217;266;beauce_5_sa_009;solnu;;0.0;0.0;17.08;-54.82;0.0;39.37;2.16;0.0;0.0;0;0;0;-61.4;0.0;0.0;0.0;0.0
2025;267;365;beauce_5_sa_009;BTH;;0.17;0.0;13.72;-12.73;0.0;2.07;2.97;0.0;0.0;0;0.0;0;-5.17;0.0;0.0;0.0;0.17
2025;1;228;beauce_5_sa_010;BTH;;5.25;0.63;63.99;43.96;78.09;55.38;127.53;0.09;0.0;0;50.81;0;-321.46;0.03;0.06;0.63;5.25
2025;229;261;beauce_5_sa_010;solnu;;0.0;0.0;9.82;-14.12;0.0;127.53;123.23;0.0;0.0;0;0;0;-60.3;0.0;0.0;0.0;0.0
2025;262;365;beauce_5_sa_010;BTH;;3.94;0.0;15.32;-80.05;15.74;123.53;38.76;0.03;0.01;0;9.26;0;-15.12;0.03;0.0;0.0;3.94
2025;1;172;beauce_5_sa_011;BTH;;10.66;2.01;36.13;36.07;107.84;120.07;155.02;0.08;0.0;0;74.97;0;13.37;0.03;0.04;2.01;10.66
2025;173;259;beauce_5_sa_011;solnu;;0.0;0.0;38.37;-2.32;0.0;155.02;260.5;0.04;0.0;0;0;0;-160.34;0.02;0.02;0.0;0.0
2025;260;365;beauce_5_sa_011;BTH;;6.96;0.0;18.16;-79.52;63.3;261.31;128.76;0.11;0.0;0;37.25;0;58.97;0.1;0.01;0.0;6.96
2025;1;219;beauce_5_sa_012;BTH;;1.22;0.0;60.35;22.46;48.51;15.39;48.39;0.05;0.0;0;31.75;0;-364.53;0.0;0.05;0.0;1.22
2025;220;265;beauce_5_sa_012;solnu;;0.0;0.0;15.1;-56.65;0.0;48.39;6.85;0.0;0.0;0;0;0;-81.88;0.0;0.0;0.0;0.0
2025;266;365;beauce_5_sa_012;BTH;;0.61;0.0;14.02;-14.03;0.0;6.76;6.22;0.0;0.0;0;0.0;0;11.97;0.0;0.0;0.0;0.61
2025;1;177;beauce_5_sa_013;BTH;;0.84;0.88;35.58;11.67;112.65;10.03;9.52;0.04;0.0;0;66.29;0;17.65;0.01;0.03;0.88;0.84
2025;178;279;beauce_5_sa_013;solnu;;0.0;0.0;41.99;-45.45;0.0;9.52;7.85;0.03;0.0;0;0;0;-182.1;0.01;0.02;0.0;0.0
2025;280;365;beauce_5_sa_013;BTH;;0.35;0.0;11.28;-13.33;0.0;7.85;7.58;0.0;0.0;0;0.0;0;1.98;0.0;0.0;0.0;0.35
2025;1;185;beauce_5_sa_014;BTH;;10.23;1.89;43.3;31.55;126.27;121.53;201.36;0.05;0.0;0;79.31;0;24.19;0.01;0.05;1.89;10.23
2025;186;289;beauce_5_sa_014;solnu;;0.0;0.0;39.82;0.73;0.0;201.36;241.84;0.08;0.0;0;0;0;-168.98;0.05;0.03;0.0;0.0
2025;290;365;beauce_5_sa_014;BTH;;5.36;0.0;9.54;-91.58;13.04;242.11;141.32;0.07;0.0;0;7.67;0;35.77;0.07;0.0;0.0;5.36
2025;1;201;beauce_5_sa_015;BTH;;0.32;0.36;52.32;14.05;80.62;3.86;16.34;0.04;0.0;0;47.44;0;-138.09;0.0;0.04;0.36;0.32
2025;202;304;beauce_5_sa_015;solnu;;0.0;0.0;29.57;-44.08;0.0;16.34;4.49;0.02;0.0;0;0;0;-166.61;0.01;0.01;0.0;0.0
2025;305;365;beauce_5_sa_015;BTH;;0.35;0.0;6.07;-7.21;0.0;4.49;4.19;0.0;0.0;0;0.0;0;-12.71;0.0;0.0;0.0;0.35
2025;1;186;beauce_5_sa_016;BTH;;5.34;0.72;42.86;39.43;72.17;56.99;115.91;0.09;0.0;0;49.69;0;-171.42;0.04;0.05;0.72;5.34
2025;187;256;beauce_5_sa_016;solnu;;0.0;0.0;28.24;-8.34;0.0;115.91;135.79;0.01;0.0;0;0;0;-171.24;0.0;0.01;0.0;0.0
2025;257;365;beauce_5_sa_016;BTH;;3.5;0.0;17.14;-63.03;38.53;136.06;47.83;0.04;0.0;0;22.67;0;-19.0;0.03;0.01;0.0;3.5
2025;1;225;beauce_5_sa_017;BTH;;18.88;2.31;73.58;36.57;195.81;277.11;345.5;0.12;0.0;0;115.39;0;-146.14;0.05;0.07;2.31;18.88
2025;226;282;beauce_5_sa_017;solnu;;0.0;0.0;22.75;-107.43;0.0;345.5;260.71;0.08;0.02;0;0;0;7.81;0.08;0.0;0.0;0.0
2025;283;365;beauce_5_sa_017;BTH;;7.83;0.82;11.52;17.64;23.48;261.12;320.02;0.11;0.0;0;13.82;0;80.57;0.09;0.02;0.82;7.83
2025;1;213;beauce_5_sa_018;BTH;;11.4;1.79;58.52;40.82;129.53;136.36;229.27;0.06;0.0;0;76.22;0;-24.15;0.0;0.06;1.79;11.4
2025;214;311;beauce_5_sa_018;solnu;;0.0;0.0;26.87;-7.34;0.0;229.27;248.72;0.09;0.0;0;0;0;-97.47;0.07;0.01;0.0;0.0
2025;312;365;beauce_5_sa_018;BTH;;5.76;0.0;5.58;-87.94;1.47;248.89;159.05;0.07;0.0;0;0.87;0;18.81;0.07;0.0;0.0;5.76
2025;1;208;beauce_5_sa_019;BTH;;0.51;0.0;53.65;16.95;56.15;6.08;19.99;0.04;0.0;0;33.04;0;-235.46;0.0;0.04;0.0;0.51
2025;209;312;beauce_5_sa_019;solnu;;0.09;0.0;26.34;-36.93;0.0;19.99;9.29;0.03;0.0;0;0;0;-162.86;0.02;0.01;0.0;0.09
2025;313;365;beauce_5_sa_019;BTH;;0.47;0.0;4.94;-8.9;0.0;7.72;5.73;0.0;0.0;0;0.0;0;-28.43;0.0;0.0;0.0;0.47
2025;1;194;beauce_5_sa_020;BTH;;0.68;0.0;44.89;17.42;60.07;8.12;9.67;0.04;0.0;0;35.35;0;-198.64;0.0;0.04;0.0;0.68
2025;195;313;beauce_5_sa_020;solnu;;0.09;0.0;33.96;-7.77;0.0;9.67;35.73;0.04;0.0;0;0;0;-204.17;0.02;0.02;0.0;0.09
2025;314;365;beauce_5_sa_020;BTH;;0.7;0.0;4.84;-32.23;0.0;35.94;9.2;0.01;0.0;0;0.0;0;-40.28;0.01;0.0;0.0;0.7
2025;1;187;beauce_5_sa_021;BTH;;0.59;0.0;41.21;18.42;56.73;7.06;9.36;0.04;0.0;0;33.91;0;-178.98;0.0;0.04;0.0;0.59
2025;188;292;beauce_5_sa_021;solnu;;0.04;0.0;34.42;-9.0;0.0;9.36;34.69;0.03;0.0;0;0;0;-201.39;0.02;0.02;0.0;0.04
2025;293;365;beauce_5_sa_021;BTH;;0.53;0.0;8.12;-37.47;0.0;35.06;5.87;0.0;0.0;0;0.0;0;-34.08;0.0;0.0;0.0;0.53
2025;1;188;beauce_5_sa_022;BTH;;0.78;0.0;41.63;15.52;60.41;9.33;5.27;0.03;0.0;0;35.55;0;-173.54;0.0;0.03;0.0;0.78
2025;189;306;beauce_5_sa_022;solnu;;0.04;0.0;36.9;-9.41;0.0;5.27;32.69;0.03;0.0;0;0;0;-212.41;0.01;0.02;0.0;0.04
2025;307;365;beauce_5_sa_022;BTH;;0.61;0.0;5.71;-32.47;0.0;32.9;7.25;0.0;0.0;0;0.0;0;-41.36;0.0;0.0;0.0;0.61
2025;1;200;beauce_5_sa_023;BTH;;0.22;0.0;50.61;15.21;53.61;2.66;14.61;0.04;0.0;0;31.55;0;-200.5;0.0;0.04;0.0;0.22
2025;201;309;beauce_5_sa_023;solnu;;0.04;0.0;29.56;-42.2;0.0;14.61;3.88;0.02;0.0;0;0;0;-194.2;0.01;0.01;0.0;0.04
2025;310;365;beauce_5_sa_023;BTH;;0.31;0.0;5.33;-5.67;0.0;3.96;3.63;0.0;0.0;0;0.0;0;-11.07;0.0;0.0;0.0;0.31
2025;1;200;beauce_5_sa_024;BTH;;6.4;1.54;56.06;34.02;112.24;76.18;162.77;0.06;0.0;0;66.04;0;-54.49;0.01;0.05;1.54;6.4
2025;201;289;beauce_5_sa_024;solnu;;0.0;0.0;30.4;-86.23;0.0;162.77;106.88;0.06;0.0;0;0;0;-110.88;0.05;0.01;0.0;0.0
2025;290;365;beauce_5_sa_024;BTH;;4.9;0.0;9.64;-9.9;13.04;105.67;88.62;0.05;0.0;0;7.67;0;59.86;0.04;0.01;0.0;4.9
2025;1;181;beauce_5_sa_025;BTH;;3.99;1.28;38.34;32.8;133.04;44.84;75.14;0.08;0.0;0;79.71;0;-45.24;0.04;0.04;1.28;3.99
2025;182;267;beauce_5_sa_025;solnu;;0.0;0.0;37.23;-1.21;0.0;75.14;111.11;0.04;0.0;0;0;0;-178.84;0.02;0.02;0.0;0.0
2025;268;365;beauce_5_sa_025;BTH;;1.88;0.0;14.36;-81.94;10.49;111.59;31.16;0.01;0.0;0;6.17;0;26.61;0.0;0.0;0.0;1.88
2025;1;192;beauce_5_sa_026;BTH;;11.32;2.29;47.55;54.61;169.98;127.65;220.27;0.13;0.0;0;109.31;0;-112.58;0.06;0.06;2.29;11.32
2025;193;269;beauce_5_sa_026;solnu;;0.0;0.0;35.26;-0.45;0.0;220.27;255.0;0.07;0.0;0;0;0;-178.69;0.05;0.02;0.0;0.0
2025;270;365;beauce_5_sa_026;BTH;;4.86;0.0;13.87;-78.25;44.58;255.54;141.1;0.07;0.0;0;26.23;0;30.64;0.06;0.01;0.0;4.86
2025;1;226;beauce_5_sa_027;BTH;;1.99;1.27;67.81;20.81;150.6;23.53;54.55;0.08;0.0;0;88.62;0;-125.66;0.03;0.05;1.27;1.99
2025;227;286;beauce_5_sa_027;solnu;;0.0;0.0;20.28;-67.96;0.0;54.55;11.57;0.0;0.0;0;0;0;-84.05;0.0;0.0;0.0;0.0
2025;287;365;beauce_5_sa_027;BTH;;0.51;0.0;9.73;-9.84;0.0;11.39;10.95;0.0;0.0;0;0.0;0;86.55;0.0;0.0;0.0;0.51
2025;1;193;beauce_5_sa_028;BTH;;1.09;1.29;44.19;14.79;153.78;13.04;13.55;0.05;0.0;0;90.9;0;69.67;0.02;0.04;1.29;1.09
2025;194;304;beauce_5_sa_028;solnu;;0.0;0.0;32.34;-4.82;0.0;13.55;41.04;0.03;0.0;0;0;0;-81.34;0.01;0.02;0.0;0.0
2025;305;365;beauce_5_sa_028;BTH;;0.1;0.14;6.62;-48.89;0.27;41.33;10.73;0.01;0.0;0;0.16;0;-19.8;0.0;0.0;0.14;0.1
2025;1;218;beauce_5_sa_029;BTH;;0.45;0.0;57.42;15.26;54.1;5.34;23.44;0.04;0.0;0;31.83;0;-247.73;0.0;0.04;0.0;0.45
2025;219;317;beauce_5_sa_029;solnu;;0.19;0.0;23.78;-45.17;0.0;23.44;5.25;0.02;0.0;0;0;0;-169.4;0.01;0.0;0.0;0.19
2025;318;365;beauce_5_sa_029;BTH;;0.3;0.0;4.24;-4.64;0.0;5.2;4.9;0.0;0.0;0;0.0;0;-5.36;0.0;0.0;0.0;0.3
2025;1;205;beauce_5_sa_030;BTH;;0.56;0.0;51.46;18.66;55.35;6.74;20.97;0.04;0.0;0;32.57;0;-241.13;0.0;0.04;0.0;0.56
2025;206;309;beauce_5_sa_030;solnu;;0.06;0.0;27.1;-11.14;0.0;20.97;36.83;0.03;0.0;0;0;0;-166.73;0.02;0.01;0.0;0.06
2025;310;365;beauce_5_sa_030;BTH;;0.69;0.0;5.2;-33.32;0.0;36.99;8.59;0.01;0.0;0;0.0;0;-28.46;0.01;0.0;0.0;0.69
2025;1;211;beauce_5_sa_031;BTH;;5.14;0.91;56.76;23.62;84.67;61.47;119.88;0.05;0.0;0;49.82;0;-113.16;0.0;0.05;0.91;5.14
2025;212;316;beauce_5_sa_031;solnu;;1.18;0.0;27.19;-6.71;0.0;119.88;139.08;0.09;0.0;0;0;0;-113.95;0.08;0.01;0.0;1.18
2025;317;365;beauce_5_sa_031;BTH;;3.21;0.0;4.54;-71.36;0.54;139.28;68.48;0.03;0.0;0;0.32;0;-0.63;0.03;0.0;0.0;3.21
2025;1;202;beauce_5_sa_032;BTH;;0.97;0.0;52.11;23.07;48.39;11.21;36.97;0.05;0.0;0;28.48;0;-249.16;0.0;0.05;0.0;0.97
2025;203;271;beauce_5_sa_032;solnu;;0.1;0.0;21.4;-52.88;0.0;36.97;5.41;0.0;0.0;0;0;0;-133.57;0.0;0.0;0.0;0.1
2025;272;365;beauce_5_sa_032;BTH;;0.51;0.0;12.51;-12.4;0.0;5.4;5.01;0.0;0.0;0;0.0;0;-3.27;0.0;0.0;0.0;0.51
2025;1;221;beauce_5_sa_033;BTH;;1.16;0.83;60.84;19.14;116.06;13.82;38.37;0.06;0.0;0;68.29;0;-113.07;0.01;0.05;0.83;1.16
2025;222;294;beauce_5_sa_033;solnu;;0.0;0.0;20.86;-55.9;0.0;38.37;6.99;0.0;0.0;0;0;0;-144.68;0.0;0.0;0.0;0.0
2025;295;365;beauce_5_sa_033;BTH;;0.42;0.0;7.94;-8.58;0.0;6.89;6.48;0.0;0.0;0;0.0;0;24.59;0.0;0.0;0.0;0.42
2025;1;179;beauce_5_sa_034;BTH;;1.17;0.0;36.14;22.52;50.11;13.3;20.62;0.04;0.0;0;30.37;0;-146.2;0.0;0.04;0.0;1.17
2025;180;262;beauce_5_sa_034;solnu;;0.0;0.0;33.07;-12.71;0.0;20.62;40.97;0.01;0.0;0;0;0;-222.37;0.0;0.01;0.0;0.0
2025;263;365;beauce_5_sa_034;BTH;;0.82;0.0;15.1;-44.95;3.0;41.4;7.41;0.01;0.0;0;1.77;0;-33.76;0.01;0.0;0.0;0.82
2025;1;214;beauce_5_sa_035;BTH;;7.55;2.21;64.73;38.81;176.08;90.23;175.64;0.08;0.0;0;104.25;0;-105.36;0.02;0.06;2.21;7.55
2025;215;286;beauce_5_sa_035;solnu;;0.0;0.0;27.48;-108.95;0.0;175.64;94.13;0.04;0.01;0;0;0;-23.91;0.04;0.01;0.0;0.0
2025;287;365;beauce_5_sa_035;BTH;;2.65;0.0;10.67;16.94;16.04;94.69;102.97;0.07;0.0;0;9.44;0;73.19;0.05;0.02;0.0;2.65
2025;1;175;beauce_5_sa_036;BTH;;0.88;0.0;32.82;19.51;54.92;10.59;7.22;0.03;0.0;0;32.32;0;-135.42;0.0;0.03;0.0;0.88
2025;176;312;beauce_5_sa_036;solnu;;0.07;0.0;44.97;-43.91;0.0;7.22;8.47;0.04;0.0;0;0;0;-263.87;0.01;0.02;0.0;0.07
2025;313;365;beauce_5_sa_036;BTH;;0.64;0.0;4.99;-4.97;0.0;8.55;7.85;0.0;0.0;0;0.0;0;-4.31;0.0;0.0;0.0;0.64
2025;1;222;beauce_5_sa_037;BTH;;3.04;0.0;64.44;36.66;98.05;72.19;72.19;0.1;0.0;0;60.42;0;-256.35;0.04;0.06;0.0;3.04
2025;223;262;beauce_5_sa_037;solnu;;0.0;0.0;14.71;-17.17;0.0;72.19;69.73;0.0;0.0;0;0;0;-104.25;0.0;0.0;0.0;0.0
2025;263;365;beauce_5_sa_037;BTH;;1.96;0.66;15.06;-66.49;4.44;70.06;62.33;0.04;0.01;0;2.61;0;-12.62;0.04;0.0;0.66;1.96
2025;1;190;beauce_5_sa_038;BTH;;1.44;0.0;42.88;33.22;57.22;16.45;33.87;0.05;0.0;0;33.67;0;-240.46;0.0;0.05;0.0;1.44
2025;191;263;beauce_5_sa_038;solnu;;0.0;0.0;25.75;-13.08;0.0;33.87;46.53;0.01;0.0;0;0;0;-184.35;0.0;0.01;0.0;0.0
2025;264;365;beauce_5_sa_038;BTH;;1.1;0.0;14.26;-48.46;1.5;47.08;9.72;0.01;0.0;0;0.88;0;-44.86;0.01;0.0;0.0;1.1
2025;1;195;beauce_5_sa_039;BTH;;0.86;0.42;43.77;27.52;96.38;10.37;15.66;0.05;0.0;0;56.72;0;-200.3;0.0;0.04;0.42;0.86
2025;196;309;beauce_5_sa_039;solnu;;0.0;0.0;32.06;-1.15;0.0;15.66;46.52;0.04;0.0;0;0;0;-186.55;0.02;0.02;0.0;0.0
2025;310;365;beauce_5_sa_039;BTH;;0.94;0.0;5.09;-41.78;0.0;46.71;11.56;0.01;0.0;0;0.0;0;-56.37;0.01;0.0;0.0;0.94
2025;1;190;beauce_5_sa_040;BTH;;2.35;0.97;45.83;22.22;111.58;28.1;54.96;0.05;0.0;0;65.66;0;-42.97;0.01;0.04;0.97;2.35
2025;191;315;beauce_5_sa_040;solnu;;0.03;0.0;38.27;-75.47;0.0;54.96;17.69;0.03;0.0;0;0;0;-111.39;0.02;0.01;0.0;0.03
2025;316;365;beauce_5_sa_040;BTH;;1.01;0.0;4.99;-4.9;0.0;17.8;16.76;0.0;0.0;0;0.0;0;27.31;0.0;0.0;0.0;1.01
2025;1;181;beauce_5_sa_041;BTH;;2.15;1.24;34.52;20.7;157.34;25.42;14.07;0.06;0.0;0;92.58;0;-17.63;0.02;0.04;1.24;2.15
2025;182;297;beauce_5_sa_041;solnu;;0.0;0.0;36.68;2.41;0.0;14.07;53.13;0.04;0.0;0;0;0;-142.38;0.01;0.02;0.0;0.0
2025;298;365;beauce_5_sa_041;BTH;;0.56;0.0;7.46;-47.45;0.0;53.47;14.32;0.0;0.0;0;0.0;0;-27.06;0.0;0.0;0.0;0.56
2025;1;179;beauce_5_sa_042;BTH;;3.67;0.0;36.54;25.04;119.41;89.53;26.96;0.07;0.0;0;71.64;0;-0.19;0.03;0.04;0.0;3.67
2025;180;312;beauce_5_sa_042;solnu;;0.0;0.0;45.28;0.13;0.0;26.96;72.5;0.05;0.0;0;0;0;-199.99;0.03;0.03;0.0;0.0
2025;313;365;beauce_5_sa_042;BTH;;2.36;1.02;5.37;-55.4;0.85;72.64;97.19;0.03;0.0;0;0.5;0;-25.8;0.03;0.0;1.02;2.36
2025;1;176;beauce_5_sa_043;BTH;;1.0;0.91;34.11;19.33;124.74;11.88;6.44;0.03;0.0;0;73.4;0;1.37;0.0;0.03;0.91;1.0
2025;177;296;beauce_5_sa_043;solnu;;0.0;0.0;41.26;-47.99;0.0;6.44;6.06;0.01;0.0;0;0;0;-244.82;0.0;0.01;0.0;0.0
2025;297;365;beauce_5_sa_043;BTH;;0.26;0.0;7.86;-8.05;0.0;6.06;5.84;0.0;0.0;0;0.0;0;72.94;0.0;0.0;0.0;0.26
2025;1;210;beauce_5_sa_044;BTH;;0.62;0.0;54.96;18.96;51.17;7.42;29.52;0.04;0.0;0;30.11;0;-247.75;0.0;0.04;0.0;0.62
2025;211;289;beauce_5_sa_044;solnu;;0.1;0.0;22.08;-46.2;0.0;29.52;6.26;0.01;0.0;0;0;0;-143.61;0.01;0.0;0.0;0.1
2025;290;365;beauce_5_sa_044;BTH;;0.52;0.0;8.61;-8.94;0.0;6.26;5.74;0.0;0.0;0;0.0;0;-8.67;0.0;0.0;0.0;0.52
2025;1;174;beauce_5_sa_045;BTH;;11.36;1.88;33.77;50.83;139.39;132.98;207.78;0.06;0.0;0;89.97;0;-52.77;0.01;0.05;1.88;11.36
2025;175;276;beauce_5_sa_045;solnu;;0.0;0.0;40.84;7.56;0.0;207.78;255.74;0.06;0.0;0;0;0;-200.85;0.03;0.03;0.0;0.0
2025;277;365;beauce_5_sa_045;BTH;;5.41;0.0;11.88;-85.32;32.53;256.19;144.27;0.09;0.0;0;19.14;0;20.4;0.09;0.01;0.0;5.41
2025;1;187;beauce_5_sa_046;BTH;;0.81;0.76;43.37;14.03;104.04;9.76;19.18;0.04;0.0;0;61.22;0;-38.14;0.0;0.03;0.76;0.81
2025;188;295;beauce_5_sa_046;solnu;;0.0;0.0;37.44;-50.72;0.0;19.18;7.81;0.03;0.0;0;0;0;-169.32;0.01;0.02;0.0;0.0
2025;296;365;beauce_5_sa_046;BTH;;0.52;0.0;8.13;-8.58;0.0;8.07;7.38;0.0;0.0;0;0.0;0;9.75;0.0;0.0;0.0;0.52
2025;1;177;beauce_5_sa_047;BTH;;1.8;0.31;33.98;23.93;74.15;21.38;26.82;0.04;0.0;0;45.4;0;-130.93;0.0;0.04;0.31;1.8
2025;178;282;beauce_5_sa_047;solnu;;0.04;0.0;38.73;-1.38;0.0;26.82;64.08;0.05;0.0;0;0;0;-230.7;0.02;0.02;0.0;0.04
2025;283;365;beauce_5_sa_047;BTH;;1.29;0.0;9.89;-54.05;4.42;64.34;14.21;0.0;0.0;0;2.6;0;-21.31;0.0;0.0;0.0;1.29
2025;1;206;beauce_5_sa_048;BTH;;5.82;2.18;52.31;27.27;179.86;69.55;126.85;0.06;0.0;0;105.84;0;63.27;0.01;0.05;2.18;5.82
2025;207;313;beauce_5_sa_048;solnu;;0.0;0.0;28.61;-4.11;0.0;126.85;151.28;0.07;0.0;0;0;0;-65.4;0.05;0.02;0.0;0.0
2025;314;365;beauce_5_sa_048;BTH;;0.0;0.0;5.65;-85.02;1.07;151.71;70.79;0.04;0.0;0;0.63;0;26.27;0.04;0.0;0.0;0.0
2025;1;210;beauce_5_sa_049;BTH;;3.73;1.41;57.63;26.64;131.26;44.64;99.73;0.06;0.0;0;77.24;0;-44.03;0.0;0.05;1.41;3.73
2025;211;314;beauce_5_sa_049;solnu;;0.0;0.0;28.76;-95.68;0.0;99.73;32.76;0.05;0.0;0;0;0;-69.5;0.04;0.01;0.0;0.0
2025;315;365;beauce_5_sa_049;BTH;;1.41;0.0;5.22;-5.12;0.0;32.75;31.44;0.0;0.0;0;0.0;0;39.66;0.0;0.0;0.0;1.41
2025;1;228;beauce_5_sa_050;BTH;;6.3;2.2;56.38;46.53;221.29;74.86;115.36;0.08;0.0;0;130.22;0;-128.91;0.02;0.06;2.2;6.3
2025;229;302;beauce_5_sa_050;solnu;;0.0;0.0;20.7;-6.54;0.0;115.36;129.45;0.06;0.01;0;0;0;-87.53;0.05;0.01;0.0;0.0
2025;303;365;beauce_5_sa_050;BTH;;0.0;0.0;6.55;-75.84;0.18;129.81;59.95;0.02;0.0;0;0.11;0;16.18;0.02;0.0;0.0;0.0
2025;1;221;beauce_5_sa_051;BTH;;1.15;0.0;56.66;27.15;56.87;13.77;39.54;0.05;0.0;0;33.47;0;-312.44;0.0;0.05;0.0;1.15
2025;222;292;beauce_5_sa_051;solnu;;0.1;0.0;17.99;-14.77;0.0;39.54;42.64;0.03;0.0;0;0;0;-119.24;0.02;0.0;0.0;0.1
2025;293;365;beauce_5_sa_051;BTH;;0.96;0.0;7.75;-38.95;0.0;42.92;10.65;0.0;0.0;0;0.0;0;-31.32;0.0;0.0;0.0;0.96
2025;1;173;beauce_5_sa_052;BTH;;1.43;0.0;31.49;7.83;44.76;17.17;10.31;0.02;0.0;0;26.34;0;-105.74;0.0;0.02;0.0;1.43
2025;174;310;beauce_5_sa_052;solnu;;0.14;0.0;44.49;0.31;0.0;10.31;54.91;0.05;0.0;0;0;0;-248.97;0.03;0.03;0.0;0.14
2025;311;365;beauce_5_sa_052;BTH;;1.24;0.0;5.1;-42.86;0.0;55.08;15.9;0.01;0.0;0;0.0;0;-15.98;0.01;0.0;0.0;1.24
2025;1;206;beauce_5_sa_053;BTH;;1.2;0.65;58.0;24.61;100.49;14.78;44.52;0.07;0.0;0;59.47;0;-184.38;0.02;0.05;0.65;1.2
2025;207;268;beauce_5_sa_053;solnu;;0.0;0.0;23.99;-64.93;0.0;44.52;7.1;0.0;0.0;0;0;0;-137.04;0.0;0.0;0.0;0.0
2025;269;365;beauce_5_sa_053;BTH;;0.42;0.0;13.65;-13.66;0.0;7.11;6.68;0.0;0.0;0;0.0;0;56.53;0.0;0.0;0.0;0.42
2025;1;223;beauce_5_sa_054;BTH;;10.53;1.81;64.98;27.76;115.92;125.96;228.15;0.06;0.0;0;68.21;0;17.2;0.0;0.06;1.81;10.53
2025;224;303;beauce_5_sa_054;solnu;;0.0;0.0;23.56;-11.5;0.0;228.15;240.14;0.07;0.0;0;0;0;-93.57;0.06;0.01;0.0;0.0
2025;304;365;beauce_5_sa_054;BTH;;6.23;0.0;6.7;-88.79;2.52;240.32;149.23;0.08;0.0;0;1.48;0;26.88;0.08;0.0;0.0;6.23
2025;1;174;beauce_5_sa_055;BTH;;1.36;0.0;31.99;9.25;45.95;16.3;10.23;0.03;0.0;0;27.04;0;-106.11;0.0;0.03;0.0;1.36
2025;175;309;beauce_5_sa_055;solnu;;0.06;0.0;44.33;-1.47;0.0;10.23;52.97;0.05;0.0;0;0;0;-248.95;0.02;0.03;0.0;0.06
2025;310;365;beauce_5_sa_055;BTH;;1.23;0.0;5.26;-42.04;0.0;53.12;14.95;0.01;0.0;0;0.0;0;-15.19;0.01;0.0;0.0;1.23
2025;1;175;beauce_5_sa_056;BTH;;5.17;1.08;35.47;35.43;100.84;60.34;105.74;0.05;0.0;0;59.98;0;-62.86;0.01;0.04;1.08;5.17
2025;176;272;beauce_5_sa_056;solnu;;0.0;0.0;40.13;-91.37;0.0;105.74;54.47;0.03;0.0;0;0;0;-171.97;0.01;0.02;0.0;0.0
2025;273;365;beauce_5_sa_056;BTH;;2.84;0.0;13.11;14.86;36.72;54.25;42.85;0.03;0.0;0;21.61;0;39.14;0.02;0.02;0.0;2.84
2025;1;192;beauce_5_sa_057;BTH;;5.52;0.91;47.56;32.58;78.92;57.2;121.47;0.09;0.0;0;53.04;0;-109.23;0.04;0.05;0.91;5.52
2025;193;257;beauce_5_sa_057;solnu;;0.0;0.0;27.39;-11.5;0.0;121.47;137.34;0.01;0.0;0;0;0;-158.28;0.0;0.01;0.0;0.0
2025;258;365;beauce_5_sa_057;BTH;;3.5;0.0;17.81;-70.55;34.3;137.74;46.75;0.04;0.0;0;20.18;0;21.34;0.03;0.01;0.0;3.5
2025;1;171;beauce_5_sa_058;BTH;;0.99;0.16;31.79;17.46;65.04;11.86;7.42;0.03;0.0;0;38.27;0;-103.41;0.0;0.03;0.16;0.99
2025;172;291;beauce_5_sa_058;solnu;;0.0;0.0;43.73;-43.83;0.0;7.42;8.29;0.03;0.0;0;0;0;-247.42;0.01;0.02;0.0;0.0
2025;292;365;beauce_5_sa_058;BTH;;0.69;0.0;8.48;-8.72;0.0;8.29;7.61;0.0;0.0;0;0.0;0;-5.25;0.0;0.0;0.0;0.69
2025;1;188;beauce_5_sa_059;BTH;;1.25;0.6;45.37;25.74;81.88;17.08;49.83;0.07;0.0;0;51.33;0;-163.99;0.02;0.04;0.6;1.25
2025;189;263;beauce_5_sa_059;solnu;;0.0;0.0;31.44;-73.12;0.0;49.83;8.14;0.01;0.0;0;0;0;-159.75;0.0;0.01;0.0;0.0
2025;264;365;beauce_5_sa_059;BTH;;0.63;0.0;15.71;-15.28;0.0;7.95;7.94;0.0;0.0;0;0.0;0;44.32;0.0;0.0;0.0;0.63
2025;1;185;beauce_5_sa_060;BTH;;1.33;1.24;41.18;25.15;141.15;15.93;32.53;0.05;0.0;0;83.06;0;-35.79;0.01;0.04;1.24;1.33
2025;186;283;beauce_5_sa_060;solnu;;0.0;0.0;37.89;0.36;0.0;32.53;70.71;0.05;0.0;0;0;0;-179.27;0.03;0.02;0.0;0.0
2025;284;365;beauce_5_sa_060;BTH;;0.7;0.0;10.23;-62.01;3.0;71.04;15.4;0.0;0.0;0;1.77;0;1.65;0.0;0.0;0.0;0.7
2025;1;211;beauce_5_sa_061;BTH;;7.39;1.66;59.28;39.41;125.72;88.09;178.0;0.06;0.0;0;73.98;0;-57.2;0.0;0.06;1.66;7.39
2025;212;308;beauce_5_sa_061;solnu;;0.0;0.0;27.87;-104.96;0.0;178.0;100.85;0.06;0.0;0;0;0;-75.65;0.06;0.01;0.0;0.0
2025;309;365;beauce_5_sa_061;BTH;;3.98;0.0;6.06;4.1;1.74;100.8;105.24;0.05;0.0;0;1.02;0;44.87;0.04;0.01;0.0;3.98
2025;1;212;beauce_5_sa_062;BTH;;0.8;0.14;56.01;20.43;60.97;9.48;34.39;0.05;0.0;0;35.88;0;-233.6;0.0;0.05;0.14;0.8
2025;213;286;beauce_5_sa_062;solnu;;0.11;0.0;21.05;-48.86;0.0;34.39;7.82;0.02;0.0;0;0;0;-135.04;0.01;0.0;0.0;0.11
2025;287;365;beauce_5_sa_062;BTH;;0.65;0.0;9.19;-9.96;0.0;7.82;7.18;0.0;0.0;0;0.0;0;-11.51;0.0;0.0;0.0;0.65
2025;1;196;beauce_5_sa_063;BTH;;12.77;1.31;51.76;59.34;180.0;219.74;235.92;0.18;0.0;0;112.06;0;-132.56;0.11;0.07;1.31;12.77
2025;197;269;beauce_5_sa_063;solnu;;0.0;0.0;32.74;-4.41;0.0;235.92;264.16;0.08;0.01;0;0;0;-207.95;0.06;0.02;0.0;0.0
2025;270;365;beauce_5_sa_063;BTH;;5.0;1.14;13.66;-77.83;44.56;264.67;235.72;0.08;0.0;0;26.22;0;26.59;0.07;0.01;1.14;5.0
2025;1;178;beauce_5_sa_064;BTH;;21.3;2.57;31.71;55.91;196.53;269.39;331.14;0.07;0.0;0;117.17;0;-70.94;0.02;0.05;2.57;21.3
2025;179;316;beauce_5_sa_064;solnu;;0.0;0.0;34.87;12.86;0.0;331.14;379.58;0.1;0.0;0;0;0;-159.06;0.07;0.03;0.0;0.0
2025;317;365;beauce_5_sa_064;BTH;;0.0;0.0;4.58;-77.98;0.54;379.83;305.57;0.07;0.0;0;0.32;0;7.8;0.06;0.0;0.0;0.0
2025;1;209;beauce_5_sa_065;BTH;;4.91;1.81;52.8;35.59;172.78;58.57;105.21;0.05;0.0;0;101.67;0;-30.15;0.0;0.05;1.81;4.91
2025;210;308;beauce_5_sa_065;solnu;;0.0;0.0;27.04;-96.61;0.0;105.21;35.6;0.04;0.0;0;0;0;-54.49;0.03;0.01;0.0;0.0
2025;309;365;beauce_5_sa_065;BTH;;0.0;0.0;6.13;-6.11;0.0;35.61;35.62;0.0;0.0;0;0.0;0;51.97;0.0;0.0;0.0;0.0
2025;1;221;beauce_5_sa_066;BTH;;3.53;0.0;58.96;47.08;146.14;113.15;69.97;0.12;0.0;0;86.16;0;-257.13;0.05;0.07;0.0;3.53
2025;222;285;beauce_5_sa_066;solnu;;0.0;0.0;19.31;-12.46;0.0;69.97;76.77;0.04;0.01;0;0;0;-119.25;0.03;0.01;0.0;0.0
2025;286;365;beauce_5_sa_066;BTH;;1.94;1.11;9.01;-53.8;0.37;77.07;115.28;0.02;0.0;0;0.22;0;-44.88;0.02;0.0;1.11;1.94
2025;1;219;beauce_5_sa_067;BTH;;3.98;1.03;61.68;27.55;102.9;47.36;106.59;0.06;0.0;0;60.55;0;-86.93;0.0;0.06;1.03;3.98
2025;220;294;beauce_5_sa_067;solnu;;0.0;0.0;22.01;-13.61;0.0;106.59;114.93;0.05;0.0;0;0;0;-108.66;0.04;0.01;0.0;0.0
2025;295;365;beauce_5_sa_067;BTH;;3.17;0.0;8.22;-80.81;2.75;115.13;36.4;0.01;0.0;0;1.62;0;24.32;0.01;0.0;0.0;3.17
2025;1;179;beauce_5_sa_068;BTH;;5.06;0.91;36.38;21.94;88.69;60.58;92.0;0.04;0.0;0;52.19;0;-20.47;0.0;0.04;0.91;5.06
2025;180;299;beauce_5_sa_068;solnu;;0.0;0.0;43.15;-54.82;0.0;92.0;80.49;0.06;0.0;0;0;0;-191.8;0.04;0.03;0.0;0.0
2025;300;365;beauce_5_sa_068;BTH;;3.33;0.0;7.19;-23.65;3.71;78.12;56.96;0.03;0.0;0;2.18;0;25.73;0.03;0.0;0.0;3.33
2025;1;170;beauce_5_sa_069;BTH;;2.06;0.2;31.6;21.94;67.68;24.46;22.33;0.03;0.0;0;39.83;0;-113.42;0.0;0.03;0.2;2.06
2025;171;303;beauce_5_sa_069;solnu;;0.0;0.0;46.51;-53.16;0.0;22.33;16.26;0.03;0.0;0;0;0;-246.23;0.01;0.02;0.0;0.0
2025;304;365;beauce_5_sa_069;BTH;;1.35;0.0;6.2;-6.26;0.0;16.25;14.85;0.0;0.0;0;0.0;0;8.16;0.0;0.0;0.0;1.35
2025;1;206;beauce_5_sa_070;BTH;;14.79;2.39;62.69;51.54;120.39;171.03;329.2;0.14;0.0;0;83.4;0;-97.49;0.08;0.07;2.39;14.79
2025;207;259;beauce_5_sa_070;solnu;;0.0;0.0;22.84;-12.87;0.0;329.2;339.16;0.01;0.0;0;0;0;-139.23;0.0;0.01;0.0;0.0
2025;260;365;beauce_5_sa_070;BTH;;13.05;0.0;18.39;-81.78;63.41;340.0;199.14;0.15;0.02;0;37.31;0;68.94;0.14;0.01;0.0;13.05
2025;1;193;beauce_5_sa_071;BTH;;0.61;0.0;44.84;20.73;51.21;7.25;21.07;0.04;0.0;0;30.13;0;-188.87;0.0;0.04;0.0;0.61
2025;194;279;beauce_5_sa_071;solnu;;0.02;0.0;29.71;-46.23;0.0;21.07;4.79;0.01;0.0;0;0;0;-192.44;0.01;0.01;0.0;0.02
2025;280;365;beauce_5_sa_071;BTH;;0.46;0.0;10.59;-10.97;0.0;4.73;4.35;0.0;0.0;0;0.0;0;-11.51;0.0;0.0;0.0;0.46
2025;1;217;beauce_5_sa_072;BTH;;1.13;0.0;56.96;40.18;76.98;21.84;40.91;0.07;0.0;0;47.64;0;-262.01;0.01;0.06;0.0;1.13
2025;218;286;beauce_5_sa_072;solnu;;0.02;0.0;19.32;-15.63;0.0;40.91;44.55;0.03;0.0;0;0;0;-120.59;0.02;0.01;0.0;0.02
2025;287;365;beauce_5_sa_072;BTH;;1.08;0.36;9.0;-56.88;2.7;44.8;21.03;0.01;0.0;0;1.59;0;-41.13;0.01;0.0;0.36;1.08
2025;1;192;beauce_5_sa_073;BTH;;2.61;0.39;45.84;27.66;67.17;28.34;61.03;0.06;0.0;0;40.57;0;-153.27;0.01;0.04;0.39;2.61
2025;193;261;beauce_5_sa_073;solnu;;0.0;0.0;26.03;-13.65;0.0;61.03;73.4;0.01;0.0;0;0;0;-160.68;0.0;0.01;0.0;0.0
2025;262;365;beauce_5_sa_073;BTH;;1.93;0.0;15.96;-63.58;7.5;74.03;16.34;0.01;0.0;0;4.41;0;-2.12;0.01;0.0;0.0;1.93
2025;1;174;beauce_5_sa_074;BTH;;7.22;1.73;37.48;31.19;103.7;95.21;182.64;0.13;0.0;0;69.92;0;-48.37;0.09;0.04;1.73;7.22
2025;175;257;beauce_5_sa_074;solnu;;0.0;0.0;37.13;-97.12;0.0;182.64;115.45;0.01;0.0;0;0;0;-167.77;0.0;0.01;0.0;0.0
2025;258;365;beauce_5_sa_074;BTH;;4.45;0.0;18.89;13.9;66.03;114.79;77.68;0.08;0.0;0;38.85;0;81.52;0.06;0.02;0.0;4.45
2025;1;217;beauce_5_sa_075;BTH;;0.61;0.21;59.57;20.91;62.3;7.15;40.84;0.05;0.0;0;36.66;0;-253.16;0.0;0.05;0.21;0.61
2025;218;275;beauce_5_sa_075;solnu;;0.0;0.0;18.13;-56.66;0.0;40.84;3.52;0.0;0.0;0;0;0;-114.8;0.0;0.0;0.0;0.0
2025;276;365;beauce_5_sa_075;BTH;;0.29;0.0;11.66;-11.75;0.0;3.53;3.15;0.0;0.0;0;0.0;0;32.6;0.0;0.0;0.0;0.29
2025;1;209;beauce_5_sa_076;BTH;;9.49;1.91;57.34;50.68;138.53;112.82;215.61;0.07;0.0;0;81.52;0;-102.66;0.0;0.06;1.91;9.49
2025;210;309;beauce_5_sa_076;solnu;;0.0;0.0;28.47;-106.53;0.0;215.61;137.49;0.07;0.0;0;0;0;-55.28;0.06;0.01;0.0;0.0
2025;310;365;beauce_5_sa_076;BTH;;4.87;0.0;5.93;7.39;1.6;137.62;144.27;0.07;0.0;0;0.94;0;42.21;0.06;0.01;0.0;4.87
2025;1;172;beauce_5_sa_077;BTH;;12.21;2.11;35.15;39.42;142.53;145.23;221.83;0.05;0.0;0;85.24;0;-0.55;0.01;0.04;2.11;12.21
2025;173;278;beauce_5_sa_077;solnu;;0.0;0.0;45.06;-94.69;0.0;221.83;172.59;0.05;0.0;0;0;0;-150.84;0.03;0.02;0.0;0.0
2025;279;365;beauce_5_sa_077;BTH;;5.52;0.0;12.24;12.25;29.5;172.34;161.95;0.11;0.0;0;17.36;0;78.63;0.09;0.02;0.0;5.52
2025;1;229;beauce_5_sa_078;BTH;;12.03;2.21;74.31;39.33;151.12;142.58;258.95;0.08;0.0;0;89.81;0;-74.13;0.01;0.07;2.21;12.03
2025;230;282;beauce_5_sa_078;solnu;;0.0;0.0;19.5;-13.81;0.0;258.95;264.52;0.09;0.02;0;0;0;-109.61;0.09;0.01;0.0;0.0
2025;283;365;beauce_5_sa_078;BTH;;6.67;0.0;10.94;-92.97;23.48;264.73;152.29;0.05;0.0;0;13.81;0;54.73;0.05;0.0;0.0;6.67
2025;1;203;beauce_5_sa_079;BTH;;1.43;0.82;57.5;26.95;113.45;16.27;47.16;0.07;0.0;0;66.76;0;-155.72;0.02;0.05;0.82;1.43
2025;204;266;beauce_5_sa_079;solnu;;0.0;0.0;24.71;-64.24;0.0;47.16;8.69;0.0;0.0;0;0;0;-137.86;0.0;0.0;0.0;0.0
2025;267;365;beauce_5_sa_079;BTH;;0.52;0.0;14.49;-14.77;0.0;8.53;7.96;0.0;0.0;0;0.0;0;52.27;0.0;0.0;0.0;0.52
2025;1;217;beauce_5_sa_080;BTH;;1.6;0.98;61.0;32.54;108.74;19.21;75.36;0.06;0.0;0;63.99;0;-147.7;0.01;0.06;0.98;1.6
2025;218;288;beauce_5_sa_080;solnu;;0.0;0.0;22.53;-12.0;0.0;75.36;85.84;0.05;0.0;0;0;0;-121.72;0.04;0.01;0.0;0.0
2025;289;365;beauce_5_sa_080;BTH;;1.58;0.0;9.01;-64.12;6.0;86.1;23.15;0.0;0.0;0;3.53;0;7.66;0.0;0.0;0.0;1.58
2025;1;215;beauce_5_sa_081;BTH;;8.28;1.69;63.15;37.46;117.95;98.45;199.55;0.07;0.0;0;69.4;0;-78.79;0.01;0.06;1.69;8.28
2025;216;288;beauce_5_sa_081;solnu;;0.0;0.0;23.9;-102.54;0.0;199.55;120.85;0.06;0.0;0;0;0;-81.67;0.05;0.0;0.0;0.0
2025;289;365;beauce_5_sa_081;BTH;;5.81;0.0;9.75;3.16;14.54;120.33;113.33;0.06;0.0;0;8.56;0;66.06;0.05;0.01;0.0;5.81
2025;1;183;beauce_5_sa_082;BTH;;1.37;1.14;38.79;29.25;143.93;15.85;23.74;0.06;0.0;0;84.69;0;-60.03;0.02;0.04;1.14;1.37
2025;184;272;beauce_5_sa_082;solnu;;0.0;0.0;37.15;-1.91;0.0;23.74;58.94;0.04;0.0;0;0;0;-192.95;0.02;0.02;0.0;0.0
2025;273;365;beauce_5_sa_082;BTH;;0.64;0.0;12.5;-56.72;1.5;59.3;12.83;0.0;0.0;0;0.88;0;-6.41;0.0;0.0;0.0;0.64
2025;1;187;beauce_5_sa_083;BTH;;8.22;1.72;43.76;36.73;138.56;97.73;160.16;0.05;0.0;0;85.45;0;-26.05;0.0;0.05;1.72;8.22
2025;188;290;beauce_5_sa_083;solnu;;0.0;0.0;37.6;1.28;0.0;160.16;198.97;0.07;0.0;0;0;0;-160.56;0.05;0.02;0.0;0.0
2025;291;365;beauce_5_sa_083;BTH;;3.39;0.0;9.27;-91.33;11.54;199.26;101.91;0.06;0.0;0;6.79;0;29.86;0.05;0.0;0.0;3.39
2025;1;221;beauce_5_sa_084;BTH;;8.33;1.11;64.55;34.94;80.77;89.89;183.65;0.09;0.0;0;51.72;0;-144.56;0.03;0.06;1.11;8.33
2025;222;264;beauce_5_sa_084;solnu;;0.0;0.0;14.69;-15.44;0.0;183.65;182.9;0.0;0.0;0;0;0;-82.55;0.0;0.0;0.0;0.0
2025;265;365;beauce_5_sa_084;BTH;;6.38;0.0;15.03;-76.24;42.09;183.11;73.14;0.06;0.01;0;24.77;0;35.71;0.06;0.01;0.0;6.38
2025;1;184;beauce_5_sa_085;BTH;;0.84;0.36;39.07;14.99;82.7;10.01;5.8;0.04;0.0;0;48.66;0;-88.77;0.0;0.03;0.36;0.84
2025;185;311;beauce_5_sa_085;solnu;;0.06;0.0;40.76;-40.99;0.0;5.8;7.56;0.03;0.0;0;0;0;-229.94;0.01;0.02;0.0;0.06
2025;312;365;beauce_5_sa_085;BTH;;0.57;0.0;5.19;-7.21;0.0;7.62;6.99;0.0;0.0;0;0.0;0;-28.14;0.0;0.0;0.0;0.57
2025;1;189;beauce_5_sa_086;BTH;;1.33;0.37;44.3;26.57;71.43;16.38;42.16;0.05;0.0;0;42.3;0;-171.26;0.01;0.04;0.37;1.33
2025;190;270;beauce_5_sa_086;solnu;;0.02;0.0;30.44;-65.0;0.0;42.16;7.65;0.01;0.0;0;0;0;-149.94;0.0;0.01;0.0;0.02
2025;271;365;beauce_5_sa_086;BTH;;0.72;0.0;13.08;-13.15;0.0;7.65;6.86;0.0;0.0;0;0.0;0;20.89;0.0;0.0;0.0;0.72
2025;1;171;beauce_5_sa_087;BTH;;1.09;0.53;32.77;14.09;90.75;12.79;7.55;0.04;0.0;0;53.4;0;-37.62;0.01;0.03;0.53;1.09
2025;172;275;beauce_5_sa_087;solnu;;0.0;0.0;41.4;-43.78;0.0;7.55;6.56;0.02;0.0;0;0;0;-203.98;0.0;0.02;0.0;0.0
2025;276;365;beauce_5_sa_087;BTH;;0.44;0.0;12.03;-13.84;0.0;6.56;6.13;0.0;0.0;0;0.0;0;-7.66;0.0;0.0;0.0;0.44
2025;1;222;beauce_5_sa_088;BTH;;2.19;1.61;60.43;27.41;182.41;25.93;49.72;0.08;0.0;0;107.34;0;-42.05;0.03;0.06;1.61;2.19
2025;223;292;beauce_5_sa_088;solnu;;0.0;0.0;21.88;-12.46;0.0;49.72;59.09;0.04;0.01;0;0;0;-92.65;0.03;0.01;0.0;0.0
2025;293;365;beauce_5_sa_088;BTH;;0.83;0.0;8.6;-47.05;0.0;59.45;20.83;0.0;0.0;0;0.0;0;0.97;0.0;0.0;0.0;0.83
2025;1;207;beauce_5_sa_089;BTH;;4.2;0.83;55.14;22.57;82.15;50.33;103.69;0.05;0.0;0;48.34;0;-107.32;0.0;0.05;0.83;4.2
2025;208;311;beauce_5_sa_089;solnu;;0.27;0.0;28.33;-7.02;0.0;103.69;124.67;0.07;0.0;0;0;0;-123.04;0.06;0.01;0.0;0.27
2025;312;365;beauce_5_sa_089;BTH;;3.45;0.0;5.26;-73.36;1.47;124.83;51.62;0.03;0.0;0;0.87;0;2.33;0.03;0.0;0.0;3.45
2025;1;184;beauce_5_sa_090;BTH;;3.14;0.0;36.87;35.39;133.55;89.89;24.61;0.09;0.0;0;78.92;0;-144.43;0.04;0.05;0.0;3.14
2025;185;308;beauce_5_sa_090;solnu;;0.0;0.0;37.74;5.57;0.0;24.61;68.15;0.05;0.0;0;0;0;-218.32;0.02;0.03;0.0;0.0
2025;309;365;beauce_5_sa_090;BTH;;1.73;0.88;5.32;-49.77;0.37;68.35;89.07;0.02;0.0;0;0.22;0;-48.12;0.02;0.0;0.88;1.73
2025;1;226;beauce_5_sa_091;BTH;;1.16;0.0;59.04;24.79;55.99;13.86;40.52;0.05;0.0;0;32.95;0;-304.75;0.0;0.05;0.0;1.16
2025;227;291;beauce_5_sa_091;solnu;;0.11;0.0;16.26;-46.36;0.0;40.52;10.68;0.02;0.0;0;0;0;-102.0;0.01;0.0;0.0;0.11
2025;292;365;beauce_5_sa_091;BTH;;0.88;0.0;7.97;-8.3;0.0;10.57;9.71;0.0;0.0;0;0.0;0;-20.84;0.0;0.0;0.0;0.88
2025;1;188;beauce_5_sa_092;BTH;;1.57;1.14;44.03;14.45;123.83;18.76;37.17;0.04;0.0;0;72.87;0;15.57;0.0;0.04;1.14;1.57
2025;189;296;beauce_5_sa_092;solnu;;0.0;0.0;36.46;-49.92;0.0;37.17;23.67;0.04;0.0;0;0;0;-128.28;0.02;0.02;0.0;0.0
2025;297;365;beauce_5_sa_092;BTH;;0.64;0.0;8.1;-18.22;0.0;19.42;13.32;0.0;0.0;0;0.0;0;26.6;0.0;0.0;0.0;0.64
2025;1;201;beauce_5_sa_093;BTH;;1.41;1.01;55.23;21.88;127.14;16.69;40.94;0.08;0.0;0;74.82;0;-69.2;0.03;0.05;1.01;1.41
2025;202;280;beauce_5_sa_093;solnu;;0.0;0.0;29.01;-46.0;0.0;40.94;23.9;0.04;0.0;0;0;0;-151.74;0.02;0.01;0.0;0.0
2025;281;365;beauce_5_sa_093;BTH;;0.84;0.0;10.82;-21.38;0.0;19.89;15.55;0.0;0.0;0;0.0;0;-8.58;0.0;0.0;0.0;0.84
2025;1;206;beauce_5_sa_094;BTH;;0.97;0.0;53.3;23.65;51.15;11.35;36.2;0.05;0.0;0;30.1;0;-264.57;0.0;0.05;0.0;0.97
2025;207;274;beauce_5_sa_094;solnu;;0.08;0.0;20.63;-51.25;0.0;36.2;5.5;0.0;0.0;0;0;0;-128.02;0.0;0.0;0.0;0.08
2025;275;365;beauce_5_sa_094;BTH;;0.5;0.0;11.71;-11.79;0.0;5.47;4.92;0.0;0.0;0;0.0;0;-4.87;0.0;0.0;0.0;0.5
2025;1;185;beauce_5_sa_095;BTH;;0.85;1.03;43.36;22.14;129.63;9.86;21.89;0.06;0.0;0;76.28;0;-45.43;0.02;0.04;1.03;0.85
2025;186;272;beauce_5_sa_095;solnu;;0.0;0.0;37.32;-59.11;0.0;21.89;4.85;0.01;0.0;0;0;0;-200.95;0.0;0.01;0.0;0.0
2025;273;365;beauce_5_sa_095;BTH;;0.25;0.0;13.09;-13.15;0.0;4.85;4.65;0.0;0.0;0;0.0;0;62.59;0.0;0.0;0.0;0.25
2025;1;213;beauce_5_sa_096;BTH;;5.21;2.11;70.39;33.15;171.06;68.65;153.48;0.14;0.0;0;107.93;0;-264.39;0.08;0.06;2.11;5.21
2025;214;268;beauce_5_sa_096;solnu;;0.0;0.0;27.78;-100.89;0.0;153.48;80.3;0.05;0.01;0;0;0;33.85;0.04;0.01;0.0;0.0
2025;269;365;beauce_5_sa_096;BTH;;2.43;0.0;15.28;21.46;46.01;81.01;68.53;0.06;0.0;0;27.08;0;48.78;0.04;0.02;0.0;2.43
2025;1;177;beauce_5_sa_097;BTH;;4.95;1.12;33.92;53.17;136.18;58.75;88.3;0.06;0.0;0;84.87;0;-117.62;0.01;0.05;1.12;4.95
2025;178;278;beauce_5_sa_097;solnu;;0.0;0.0;38.78;6.13;0.0;88.3;133.16;0.05;0.0;0;0;0;-223.9;0.03;0.03;0.0;0.0
2025;279;365;beauce_5_sa_097;BTH;;2.18;0.14;10.81;-87.43;22.37;133.53;42.73;0.02;0.0;0;13.16;0;-7.67;0.02;0.0;0.14;2.18
2025;1;175;beauce_5_sa_098;BTH;;2.82;1.16;33.29;29.91;136.09;33.15;44.69;0.06;0.0;0;81.85;0;-62.88;0.02;0.04;1.16;2.82
2025;176;275;beauce_5_sa_098;solnu;;0.0;0.0;39.57;6.75;0.0;44.69;90.96;0.05;0.0;0;0;0;-197.2;0.02;0.03;0.0;0.0
2025;276;365;beauce_5_sa_098;BTH;;1.03;0.0;11.82;-72.12;7.5;91.41;22.12;0.01;0.0;0;4.41;0;-0.61;0.01;0.0;0.0;1.03
2025;1;203;beauce_5_sa_099;BTH;;1.33;1.51;50.8;12.64;168.84;15.64;22.36;0.07;0.0;0;99.35;0;21.3;0.02;0.05;1.51;1.33
2025;204;317;beauce_5_sa_099;solnu;;0.0;0.0;29.29;-7.8;0.0;22.36;43.81;0.04;0.0;0;0;0;-78.07;0.03;0.01;0.0;0.0
2025;318;365;beauce_5_sa_099;BTH;;0.53;0.0;4.71;-37.04;0.0;43.95;13.67;0.0;0.0;0;0.0;0;-32.6;0.0;0.0;0.0;0.53
2026;1;171;beauce_5_sa_000;BTH;;8.64;2.01;36.02;36.94;156.33;46.42;24.73;0.15;0.01;0;120.04;0;-71.53;0.11;0.04;2.01;8.64
2026;172;266;beauce_5_sa_000;solnu;;0.0;0.0;38.67;-93.06;0.0;24.73;50.45;0.03;0.0;0;0;0;-137.06;0.01;0.02;0.0;0.0
2026;267;365;beauce_5_sa_000;BTH;;0.33;0.0;17.06;19.7;46.64;50.35;40.2;0.03;0.01;0;27.44;0;105.87;0.01;0.02;0.0;0.33
2026;1;211;beauce_5_sa_001;BTH;;29.42;2.19;60.83;64.91;149.34;178.29;288.52;0.23;0.02;0;124.16;0;-247.04;0.16;0.08;2.19;29.42
2026;212;260;beauce_5_sa_001;solnu;;0.0;0.0;21.28;-11.58;0.0;288.52;298.22;0.01;0.0;0;0;0;-140.52;0.0;0.01;0.0;0.0
2026;261;365;beauce_5_sa_001;BTH;;10.14;0.0;17.67;-69.56;60.93;298.36;175.12;0.11;0.03;0;35.85;0;61.92;0.1;0.02;0.0;10.14
2026;1;184;beauce_5_sa_002;BTH;;2.11;0.0;36.47;21.37;62.93;21.89;14.68;0.05;0.0;0;37.53;0;-83.55;0.02;0.03;0.0;2.11
2026;185;262;beauce_5_sa_002;solnu;;0.0;0.0;29.76;-40.99;0.0;14.68;3.93;0.01;0.0;0;0;0;-201.44;0.0;0.01;0.0;0.0
2026;263;365;beauce_5_sa_002;BTH;;0.44;0.22;15.14;-16.64;0.95;3.93;18.42;0.0;0.0;0;0.56;0;-5.43;0.0;0.0;0.22;0.44
2026;1;227;beauce_5_sa_003;BTH;;1.65;0.29;61.3;10.8;64.34;7.99;35.77;0.05;0.0;0;37.86;0;-154.34;0.0;0.04;0.29;1.65
2026;228;299;beauce_5_sa_003;solnu;;0.28;0.0;19.49;-52.97;0.0;35.77;3.2;0.0;0.0;0;0;0;-97.33;0.0;0.0;0.0;0.28
2026;300;365;beauce_5_sa_003;BTH;;0.11;0.0;6.81;-6.87;0.0;3.17;3.05;0.0;0.0;0;0.0;0;17.21;0.0;0.0;0.0;0.11
2026;1;211;beauce_5_sa_004;BTH;;3.61;0.6;55.78;32.88;95.45;17.69;52.03;0.07;0.0;0;57.1;0;-159.34;0.02;0.05;0.6;3.61
2026;212;293;beauce_5_sa_004;solnu;;0.0;0.0;25.45;-10.85;0.0;52.03;66.59;0.03;0.0;0;0;0;-127.88;0.02;0.01;0.0;0.0
2026;294;365;beauce_5_sa_004;BTH;;1.57;0.0;8.51;-45.56;0.0;66.36;30.32;0.04;0.03;0;0.0;0;-40.68;0.04;0.0;0.0;1.57
2026;1;199;beauce_5_sa_005;BTH;;10.52;1.4;45.18;48.16;201.49;72.79;58.65;0.15;0.0;0;122.94;0;2.65;0.09;0.06;1.4;10.52
2026;200;287;beauce_5_sa_005;solnu;;0.0;0.0;34.84;-2.31;0.0;58.65;91.15;0.02;0.0;0;0;0;-146.72;0.0;0.02;0.0;0.0
2026;288;365;beauce_5_sa_005;BTH;;0.0;0.69;11.28;-73.74;6.79;91.75;73.36;0.04;0.02;0;3.99;0;39.16;0.04;0.0;0.69;0.0
2026;1;174;beauce_5_sa_006;BTH;;18.76;1.88;36.4;44.59;139.93;121.77;43.79;0.1;0.0;0;110.4;0;-27.36;0.05;0.05;1.88;18.76
2026;175;267;beauce_5_sa_006;solnu;;0.0;0.0;37.24;-1.71;0.0;43.79;219.98;0.06;0.0;0;0;0;-167.08;0.03;0.02;0.0;0.0
2026;268;365;beauce_5_sa_006;BTH;;1.94;0.0;16.49;-79.57;49.95;220.18;104.91;0.08;0.03;0;29.39;0;90.1;0.06;0.01;0.0;1.94
2026;1;195;beauce_5_sa_007;BTH;;2.22;0.58;41.45;16.85;91.09;9.86;18.0;0.06;0.0;0;53.6;0;-53.8;0.02;0.04;0.58;2.22
2026;196;285;beauce_5_sa_007;solnu;;0.0;0.0;32.79;-7.37;0.0;18.0;43.39;0.02;0.0;0;0;0;-157.86;0.0;0.02;0.0;0.0
2026;286;365;beauce_5_sa_007;BTH;;0.33;0.0;10.7;-48.13;0.0;43.61;6.87;0.01;0.0;0;0.0;0;-17.57;0.01;0.0;0.0;0.33
2026;1;174;beauce_5_sa_008;BTH;;2.82;1.12;34.47;8.54;111.61;5.16;15.84;0.07;0.0;0;65.68;0;109.71;0.05;0.03;1.12;2.82
2026;175;298;beauce_5_sa_008;solnu;;0.0;0.0;44.15;-49.98;0.0;15.84;15.87;0.01;0.0;0;0;0;-205.55;0.0;0.01;0.0;0.0
2026;299;365;beauce_5_sa_008;BTH;;0.0;0.0;7.7;-7.76;0.0;15.86;15.81;0.0;0.0;0;0.0;0;49.45;0.0;0.0;0.0;0.0
2026;1;216;beauce_5_sa_009;BTH;;0.49;0.0;55.03;22.85;46.09;3.03;34.22;0.05;0.0;0;27.12;0;-261.4;0.01;0.05;0.0;0.49
2026;217;266;beauce_5_sa_009;solnu;;0.0;0.0;14.5;-47.18;0.0;34.22;2.02;0.0;0.0;0;0;0;-78.88;0.0;0.0;0.0;0.0
2026;267;365;beauce_5_sa_009;BTH;;0.24;0.0;14.67;-14.57;0.0;2.04;1.87;0.0;0.0;0;0.0;0;-6.65;0.0;0.0;0.0;0.24
2026;1;228;beauce_5_sa_010;BTH;;8.34;0.63;60.99;65.71;99.97;38.85;104.48;0.13;0.01;0;68.09;0;-322.55;0.05;0.08;0.63;8.34
2026;229;261;beauce_5_sa_010;solnu;;0.0;0.0;9.9;-13.37;0.0;104.48;101.0;0.0;0.0;0;0;0;-79.54;0.0;0.0;0.0;0.0
2026;262;365;beauce_5_sa_010;BTH;;3.03;0.0;15.81;-83.88;9.0;101.34;20.89;0.0;0.0;0;5.3;0;0.92;0.0;0.0;0.0;3.03
2026;1;172;beauce_5_sa_011;BTH;;19.02;2.01;36.39;44.24;154.83;128.95;116.38;0.16;0.0;0;128.36;0;-62.85;0.11;0.05;2.01;19.02
2026;173;259;beauce_5_sa_011;solnu;;0.0;0.0;36.33;-1.66;0.0;116.38;220.44;0.08;0.0;0;0;0;-173.68;0.06;0.02;0.0;0.0
2026;260;365;beauce_5_sa_011;BTH;;2.43;0.0;18.15;-71.16;62.11;221.21;102.8;0.06;0.02;0;36.55;0;87.19;0.05;0.01;0.0;2.43
2026;1;219;beauce_5_sa_012;BTH;;1.42;0.0;56.46;25.81;48.85;6.22;38.17;0.05;0.0;0;28.75;0;-278.71;0.0;0.05;0.0;1.42
2026;220;265;beauce_5_sa_012;solnu;;0.0;0.0;12.94;-47.85;0.0;38.17;3.5;0.0;0.0;0;0;0;-62.32;0.0;0.0;0.0;0.0
2026;266;365;beauce_5_sa_012;BTH;;0.42;0.0;14.82;-14.83;0.0;3.52;3.08;0.0;0.0;0;0.0;0;-5.83;0.0;0.0;0.0;0.42
2026;1;177;beauce_5_sa_013;BTH;;1.76;0.88;34.83;11.45;111.17;7.52;6.58;0.07;0.0;0;65.41;0;30.81;0.04;0.03;0.88;1.76
2026;178;279;beauce_5_sa_013;solnu;;0.0;0.0;37.47;-39.12;0.0;6.58;6.13;0.02;0.0;0;0;0;-150.53;0.0;0.02;0.0;0.0
2026;280;365;beauce_5_sa_013;BTH;;0.04;0.0;12.72;-16.3;0.0;6.13;6.1;0.0;0.0;0;0.0;0;-11.39;0.0;0.0;0.0;0.04
2026;1;185;beauce_5_sa_014;BTH;;21.82;1.89;38.59;50.69;174.7;141.42;175.26;0.13;0.0;0;110.47;0;-8.41;0.08;0.05;1.89;21.82
2026;186;289;beauce_5_sa_014;solnu;;0.0;0.0;40.85;2.96;0.0;175.26;219.03;0.04;0.0;0;0;0;-183.06;0.01;0.03;0.0;0.0
2026;290;365;beauce_5_sa_014;BTH;;0.0;0.0;10.61;-87.12;15.09;219.77;127.29;0.09;0.04;0;8.88;0;44.65;0.08;0.0;0.0;0.0
2026;1;201;beauce_5_sa_015;BTH;;0.87;0.36;46.93;6.84;70.11;4.19;13.99;0.04;0.0;0;41.26;0;-67.99;0.01;0.03;0.36;0.87
2026;202;304;beauce_5_sa_015;solnu;;0.02;0.0;33.16;-48.07;0.0;13.99;1.77;0.01;0.0;0;0;0;-170.85;0.0;0.01;0.0;0.02
2026;305;365;beauce_5_sa_015;BTH;;0.06;0.0;6.06;-6.32;0.0;1.77;1.73;0.0;0.0;0;0.0;0;10.22;0.0;0.0;0.0;0.06
2026;1;186;beauce_5_sa_016;BTH;;7.72;0.72;37.72;48.19;91.3;48.01;88.64;0.13;0.02;0;76.4;0;-185.23;0.08;0.05;0.72;7.72
2026;187;256;beauce_5_sa_016;solnu;;0.0;0.0;28.13;-8.13;0.0;88.64;108.62;0.01;0.0;0;0;0;-188.73;0.0;0.01;0.0;0.0
2026;257;365;beauce_5_sa_016;BTH;;3.82;0.0;16.76;-75.69;17.12;108.82;28.75;0.0;0.0;0;10.07;0;-1.16;0.0;0.0;0.0;3.82
2026;1;225;beauce_5_sa_017;BTH;;46.84;2.31;74.07;50.09;206.9;320.19;362.89;0.24;0.0;0;135.56;0;-291.67;0.17;0.07;2.31;46.84
2026;226;282;beauce_5_sa_017;solnu;;0.0;0.0;26.01;-97.52;0.0;362.89;291.34;0.05;0.0;0;0;0;-10.45;0.04;0.01;0.0;0.0
2026;283;365;beauce_5_sa_017;BTH;;0.0;0.82;13.18;20.58;25.62;292.24;299.28;0.14;0.04;0;15.08;0;77.91;0.12;0.02;0.82;0.0
2026;1;213;beauce_5_sa_018;BTH;;25.04;1.79;58.22;55.46;163.9;158.83;217.98;0.11;0.0;0;97.31;0;-40.1;0.04;0.07;1.79;25.04
2026;214;311;beauce_5_sa_018;solnu;;0.0;0.0;30.65;-5.92;0.0;217.98;242.53;0.14;0.05;0;0;0;-162.98;0.12;0.02;0.0;0.0
2026;312;365;beauce_5_sa_018;BTH;;0.0;0.0;5.73;-88.95;1.9;242.69;157.4;0.01;0.0;0;1.12;0;21.26;0.01;0.0;0.0;0.0
2026;1;208;beauce_5_sa_019;BTH;;1.19;0.0;50.7;9.06;43.06;5.72;21.23;0.04;0.0;0;25.34;0;-173.14;0.0;0.04;0.0;1.19
2026;209;312;beauce_5_sa_019;solnu;;0.37;0.0;27.55;-30.05;0.0;21.23;18.29;0.05;0.02;0;0;0;-163.94;0.04;0.01;0.0;0.37
2026;313;365;beauce_5_sa_019;BTH;;0.45;0.0;5.07;-10.23;0.0;14.54;13.81;0.0;0.0;0;0.0;0;-28.08;0.0;0.0;0.0;0.45
2026;1;194;beauce_5_sa_020;BTH;;1.92;0.0;39.54;3.77;44.65;9.2;6.09;0.03;0.0;0;26.28;0;-122.02;0.0;0.03;0.0;1.92
2026;195;313;beauce_5_sa_020;solnu;;0.43;0.0;36.44;-6.92;0.0;6.09;35.11;0.05;0.02;0;0;0;-195.48;0.03;0.02;0.0;0.43
2026;314;365;beauce_5_sa_020;BTH;;0.41;0.0;4.7;-26.61;0.0;35.27;13.83;0.0;0.0;0;0.0;0;-30.73;0.0;0.0;0.0;0.41
2026;1;187;beauce_5_sa_021;BTH;;1.21;0.0;36.69;7.59;44.52;5.86;4.39;0.03;0.0;0;26.2;0;-95.77;0.0;0.03;0.0;1.21
2026;188;292;beauce_5_sa_021;solnu;;0.01;0.0;35.73;-8.64;0.0;4.39;31.45;0.03;0.0;0;0;0;-191.57;0.01;0.02;0.0;0.01
2026;293;365;beauce_5_sa_021;BTH;;0.67;0.0;8.45;-27.43;0.0;31.96;13.31;0.02;0.02;0;0.0;0;-45.97;0.02;0.0;0.0;0.67
2026;1;188;beauce_5_sa_022;BTH;;1.51;0.0;37.28;-0.26;37.42;7.23;4.07;0.02;0.0;0;22.02;0;-75.27;0.0;0.02;0.0;1.51
2026;189;306;beauce_5_sa_022;solnu;;0.37;0.0;38.68;-8.45;0.0;4.07;33.92;0.05;0.02;0;0;0;-187.88;0.03;0.02;0.0;0.37
2026;307;365;beauce_5_sa_022;BTH;;0.43;0.0;5.67;-26.49;0.0;34.11;13.32;0.0;0.0;0;0.0;0;-23.17;0.0;0.0;0.0;0.43
2026;1;200;beauce_5_sa_023;BTH;;0.75;0.0;45.02;6.41;42.52;3.63;11.76;0.03;0.0;0;25.02;0;-106.32;0.0;0.03;0.0;0.75
2026;201;309;beauce_5_sa_023;solnu;;0.13;0.0;32.66;-43.42;0.0;11.76;1.51;0.01;0.0;0;0;0;-190.23;0.0;0.01;0.0;0.13
2026;310;365;beauce_5_sa_023;BTH;;0.05;0.0;5.32;-5.29;0.0;1.51;1.5;0.0;0.0;0;0.0;0;1.35;0.0;0.0;0.0;0.05
2026;1;200;beauce_5_sa_024;BTH;;14.3;1.54;50.3;52.09;150.7;88.79;140.95;0.13;0.0;0;96.35;0;-107.65;0.07;0.06;1.54;14.3
2026;201;289;beauce_5_sa_024;solnu;;0.0;0.0;33.73;-91.86;0.0;140.95;82.79;0.02;0.0;0;0;0;-164.52;0.01;0.01;0.0;0.0
2026;290;365;beauce_5_sa_024;BTH;;1.6;0.0;10.67;-2.89;15.09;80.52;73.8;0.05;0.02;0;8.88;0;79.85;0.04;0.01;0.0;1.6
2026;1;181;beauce_5_sa_025;BTH;;6.2;1.28;36.28;41.05;148.43;31.03;49.88;0.1;0.0;0;93.51;0;-34.41;0.05;0.05;1.28;6.2
2026;182;267;beauce_5_sa_025;solnu;;0.0;0.0;33.36;0.48;0.0;49.88;83.68;0.04;0.0;0;0;0;-153.09;0.02;0.02;0.0;0.0
2026;268;365;beauce_5_sa_025;BTH;;0.49;0.0;15.49;-74.4;7.5;83.88;16.77;0.0;0.0;0;4.41;0;39.66;0.0;0.0;0.0;0.49
2026;1;192;beauce_5_sa_026;BTH;;24.63;2.29;40.98;60.15;183.03;141.31;205.96;0.22;0.0;0;133.93;0;-98.87;0.16;0.06;2.29;24.63
2026;193;269;beauce_5_sa_026;solnu;;0.0;0.0;33.86;-0.3;0.0;205.96;239.49;0.02;0.0;0;0;0;-193.03;0.0;0.02;0.0;0.0
2026;270;365;beauce_5_sa_026;BTH;;0.0;0.0;15.37;-68.0;46.86;239.93;139.88;0.09;0.03;0;27.57;0;42.62;0.08;0.01;0.0;0.0
2026;1;226;beauce_5_sa_027;BTH;;4.4;1.27;67.48;26.71;135.66;10.93;59.98;0.13;0.0;0;79.83;0;-109.07;0.07;0.06;1.27;4.4
2026;227;286;beauce_5_sa_027;solnu;;0.0;0.0;21.31;-68.06;0.0;59.98;15.59;0.0;0.0;0;0;0;-57.96;0.0;0.0;0.0;0.0
2026;287;365;beauce_5_sa_027;BTH;;0.17;0.0;11.09;-10.95;0.0;15.7;15.56;0.0;0.0;0;0.0;0;69.93;0.0;0.0;0.0;0.17
2026;1;193;beauce_5_sa_028;BTH;;4.07;1.29;41.93;12.5;137.94;10.83;19.49;0.09;0.0;0;81.33;0;102.81;0.05;0.04;1.29;4.07
2026;194;304;beauce_5_sa_028;solnu;;0.0;0.0;37.67;-3.1;0.0;19.49;53.99;0.06;0.02;0;0;0;-110.72;0.04;0.02;0.0;0.0
2026;305;365;beauce_5_sa_028;BTH;;0.0;0.14;6.71;-44.75;0.63;54.16;29.96;0.0;0.0;0;0.37;0;-49.31;0.0;0.0;0.14;0.0
2026;1;218;beauce_5_sa_029;BTH;;1.01;0.0;55.75;8.56;42.32;4.9;25.84;0.04;0.0;0;24.9;0;-178.97;0.0;0.04;0.0;1.01
2026;219;317;beauce_5_sa_029;solnu;;0.18;0.0;24.3;-48.66;0.0;25.84;1.88;0.0;0.0;0;0;0;-128.04;0.0;0.0;0.0;0.18
2026;318;365;beauce_5_sa_029;BTH;;0.05;0.0;4.31;-4.27;0.0;1.89;1.87;0.0;0.0;0;0.0;0;2.86;0.0;0.0;0.0;0.05
2026;1;205;beauce_5_sa_030;BTH;;1.77;0.0;48.18;11.97;45.75;8.51;21.2;0.04;0.0;0;26.92;0;-186.36;0.0;0.04;0.0;1.77
2026;206;309;beauce_5_sa_030;solnu;;0.46;0.0;28.31;-10.4;0.0;21.2;38.57;0.05;0.02;0;0;0;-176.21;0.04;0.01;0.0;0.46
2026;310;365;beauce_5_sa_030;BTH;;0.51;0.0;5.14;-28.52;0.0;38.66;15.57;0.0;0.0;0;0.0;0;-30.45;0.0;0.0;0.0;0.51
2026;1;211;beauce_5_sa_031;BTH;;11.61;0.91;54.5;49.98;114.07;68.18;114.99;0.08;0.0;0;67.44;0;-160.28;0.02;0.06;0.91;11.61
2026;212;316;beauce_5_sa_031;solnu;;0.0;0.0;29.25;-7.05;0.0;114.99;137.05;0.11;0.04;0;0;0;-184.06;0.09;0.02;0.0;0.0
2026;317;365;beauce_5_sa_031;BTH;;1.68;0.0;4.58;-71.94;0.0;137.2;68.0;0.0;0.0;0;0.0;0;2.12;0.0;0.0;0.0;1.68
2026;1;202;beauce_5_sa_032;BTH;;1.07;0.0;47.71;21.7;48.39;5.02;24.91;0.05;0.0;0;28.47;0;-175.67;0.0;0.04;0.0;1.07
2026;203;271;beauce_5_sa_032;solnu;;0.0;0.0;22.29;-44.02;0.0;24.91;3.17;0.0;0.0;0;0;0;-145.75;0.0;0.0;0.0;0.0
2026;272;365;beauce_5_sa_032;BTH;;0.33;0.0;13.67;-14.4;0.0;2.91;2.52;0.0;0.0;0;0.0;0;-11.67;0.0;0.0;0.0;0.33
2026;1;221;beauce_5_sa_033;BTH;;2.44;0.83;60.39;22.55;108.94;6.5;39.83;0.08;0.0;0;64.1;0;-94.25;0.03;0.05;0.83;2.44
2026;222;294;beauce_5_sa_033;solnu;;0.35;0.0;21.75;-58.77;0.0;39.83;7.12;0.0;0.0;0;0;0;-148.31;0.0;0.0;0.0;0.35
2026;295;365;beauce_5_sa_033;BTH;;0.26;0.0;8.17;-8.36;0.0;7.11;6.89;0.0;0.0;0;0.0;0;36.13;0.0;0.0;0.0;0.26
2026;1;179;beauce_5_sa_034;BTH;;1.56;0.0;34.14;15.65;44.51;7.4;11.1;0.03;0.0;0;27.96;0;-92.9;0.0;0.03;0.0;1.56
2026;180;262;beauce_5_sa_034;solnu;;0.08;0.0;31.31;-11.42;0.0;11.1;30.89;0.02;0.0;0;0;0;-188.73;0.0;0.01;0.0;0.08
2026;263;365;beauce_5_sa_034;BTH;;0.42;0.0;15.06;-40.94;1.5;31.1;3.36;0.0;0.0;0;0.88;0;-28.89;0.0;0.0;0.0;0.42
2026;1;214;beauce_5_sa_035;BTH;;16.12;2.21;64.46;49.38;190.4;103.15;175.6;0.17;0.0;0;121.48;0;-205.87;0.1;0.07;2.21;16.12
2026;215;286;beauce_5_sa_035;solnu;;0.0;0.0;29.42;-102.05;0.0;175.6;102.95;0.02;0.0;0;0;0;-57.23;0.01;0.01;0.0;0.0
2026;287;365;beauce_5_sa_035;BTH;;0.0;0.0;12.19;19.57;21.1;103.63;113.49;0.09;0.03;0;12.42;0;75.63;0.08;0.02;0.0;0.0
2026;1;175;beauce_5_sa_036;BTH;;1.61;0.0;32.44;8.98;43.15;7.85;4.49;0.03;0.0;0;25.39;0;-89.6;0.0;0.03;0.0;1.61
2026;176;312;beauce_5_sa_036;solnu;;0.27;0.0;42.17;-42.96;0.0;4.49;3.48;0.02;0.0;0;0;0;-205.78;0.0;0.02;0.0;0.27
2026;313;365;beauce_5_sa_036;BTH;;0.11;0.0;5.08;-5.08;0.0;3.58;3.37;0.0;0.0;0;0.0;0;-0.68;0.0;0.0;0.0;0.11
2026;1;222;beauce_5_sa_037;BTH;;6.69;0.0;61.08;44.52;98.22;62.29;62.9;0.1;0.01;0;60.41;0;-203.92;0.04;0.06;0.0;6.69
2026;223;262;beauce_5_sa_037;solnu;;0.0;0.0;14.81;-15.87;0.0;62.9;61.83;0.0;0.0;0;0;0;-103.36;0.0;0.0;0.0;0.0
2026;263;365;beauce_5_sa_037;BTH;;1.88;0.66;15.71;-65.91;5.29;62.0;54.88;0.01;0.0;0;3.11;0;7.09;0.01;0.0;0.66;1.88
2026;1;190;beauce_5_sa_038;BTH;;2.21;0.0;37.59;27.17;52.95;9.72;19.27;0.05;0.0;0;32.04;0;-162.72;0.01;0.04;0.0;2.21
2026;191;263;beauce_5_sa_038;solnu;;0.0;0.0;27.29;-10.48;0.0;19.27;36.06;0.01;0.0;0;0;0;-184.26;0.0;0.01;0.0;0.0
2026;264;365;beauce_5_sa_038;BTH;;0.61;0.0;14.43;-43.66;1.5;36.33;4.78;0.0;0.0;0;0.88;0;-41.04;0.0;0.0;0.0;0.61
2026;1;195;beauce_5_sa_039;BTH;;2.83;0.42;38.21;22.1;87.85;11.56;12.65;0.05;0.0;0;51.69;0;-148.83;0.01;0.04;0.42;2.83
2026;196;309;beauce_5_sa_039;solnu;;0.25;0.0;34.53;1.12;0.0;12.65;47.97;0.06;0.02;0;0;0;-195.62;0.04;0.02;0.0;0.25
2026;310;365;beauce_5_sa_039;BTH;;0.69;0.0;5.01;-33.62;0.0;48.07;21.1;0.0;0.0;0;0.0;0;-68.03;0.0;0.0;0.0;0.69
2026;1;190;beauce_5_sa_040;BTH;;3.42;0.97;41.01;24.7;109.6;16.73;40.5;0.06;0.0;0;64.5;0;9.51;0.02;0.04;0.97;3.42
2026;191;315;beauce_5_sa_040;solnu;;0.0;0.0;41.93;-75.07;0.0;40.5;7.4;0.02;0.0;0;0;0;-112.6;0.0;0.02;0.0;0.0
2026;316;365;beauce_5_sa_040;BTH;;0.0;0.0;5.06;-5.07;0.0;7.4;7.39;0.0;0.0;0;0.0;0;31.87;0.0;0.0;0.0;0.0
2026;1;181;beauce_5_sa_041;BTH;;5.06;1.24;34.16;18.82;135.62;14.31;17.9;0.09;0.0;0;79.81;0;23.08;0.06;0.04;1.24;5.06
2026;182;297;beauce_5_sa_041;solnu;;0.0;0.0;40.34;3.51;0.0;17.9;61.91;0.07;0.02;0;0;0;-153.94;0.04;0.03;0.0;0.0
2026;298;365;beauce_5_sa_041;BTH;;0.0;0.0;7.64;-38.66;0.0;62.52;34.3;0.0;0.0;0;0.0;0;-70.78;0.0;0.0;0.0;0.0
2026;1;179;beauce_5_sa_042;BTH;;10.93;0.0;35.44;8.74;102.83;96.37;26.27;0.07;0.0;0;61.01;0;51.3;0.03;0.04;0.0;10.93
2026;180;312;beauce_5_sa_042;solnu;;0.18;0.0;44.83;0.02;0.0;26.27;71.37;0.07;0.02;0;0;0;-170.49;0.04;0.03;0.0;0.18
2026;313;365;beauce_5_sa_042;BTH;;1.24;1.02;5.52;-38.16;0.0;71.79;40.67;0.0;0.0;0;0.0;0;-47.25;0.0;0.0;1.02;1.24
2026;1;176;beauce_5_sa_043;BTH;;1.2;0.91;33.78;9.08;110.88;5.88;4.6;0.07;0.0;0;65.25;0;52.14;0.04;0.03;0.91;1.2
2026;177;296;beauce_5_sa_043;solnu;;0.0;0.0;38.72;-47.45;0.0;4.6;3.5;0.01;0.0;0;0;0;-215.38;0.0;0.01;0.0;0.0
2026;297;365;beauce_5_sa_043;BTH;;0.0;0.0;8.16;-8.25;0.0;3.81;3.56;0.0;0.0;0;0.0;0;46.8;0.0;0.0;0.0;0.0
2026;1;210;beauce_5_sa_044;BTH;;1.19;0.0;53.02;14.51;43.38;5.78;28.67;0.04;0.0;0;25.53;0;-192.05;0.0;0.04;0.0;1.19
2026;211;289;beauce_5_sa_044;solnu;;0.02;0.0;21.73;-47.92;0.0;28.67;2.61;0.0;0.0;0;0;0;-124.1;0.0;0.0;0.0;0.02
2026;290;365;beauce_5_sa_044;BTH;;0.29;0.0;9.38;-9.39;0.0;2.66;2.31;0.0;0.0;0;0.0;0;-0.67;0.0;0.0;0.0;0.29
2026;1;174;beauce_5_sa_045;BTH;;22.01;1.88;33.47;55.8;159.21;144.47;50.77;0.12;0.0;0;112.82;0;-68.13;0.06;0.05;1.88;22.01
2026;175;276;beauce_5_sa_045;solnu;;0.0;0.0;36.61;4.79;0.0;50.77;233.33;0.04;0.0;0;0;0;-177.31;0.01;0.03;0.0;0.0
2026;277;365;beauce_5_sa_045;BTH;;0.0;0.0;13.13;-76.93;34.67;233.65;134.73;0.09;0.04;0;20.4;0;35.35;0.09;0.01;0.0;0.0
2026;1;187;beauce_5_sa_046;BTH;;1.51;0.76;38.41;7.2;102.32;7.32;4.54;0.05;0.0;0;60.21;0;19.77;0.02;0.03;0.76;1.51
2026;188;295;beauce_5_sa_046;solnu;;0.0;0.0;40.04;-43.48;0.0;4.54;3.13;0.02;0.0;0;0;0;-174.69;0.0;0.02;0.0;0.0
2026;296;365;beauce_5_sa_046;BTH;;0.02;0.0;8.29;-9.5;0.0;3.13;3.13;0.0;0.0;0;0.0;0;10.63;0.0;0.0;0.0;0.02
2026;1;177;beauce_5_sa_047;BTH;;2.95;0.31;32.84;19.31;71.8;14.2;14.18;0.03;0.0;0;44.85;0;-97.78;0.0;0.03;0.31;2.95
2026;178;282;beauce_5_sa_047;solnu;;0.0;0.0;35.29;-0.21;0.0;14.18;49.29;0.03;0.0;0;0;0;-187.29;0.0;0.02;0.0;0.0
2026;283;365;beauce_5_sa_047;BTH;;0.76;0.0;11.02;-51.77;1.5;49.77;6.28;0.0;0.0;0;0.88;0;-16.94;0.0;0.0;0.0;0.76
2026;1;206;beauce_5_sa_048;BTH;;14.0;2.18;51.08;50.12;196.48;70.54;124.69;0.13;0.01;0;116.25;0;52.98;0.07;0.06;2.18;14.0
2026;207;313;beauce_5_sa_048;solnu;;0.0;0.0;29.03;-3.05;0.0;124.69;150.54;0.09;0.04;0;0;0;-86.41;0.08;0.02;0.0;0.0
2026;314;365;beauce_5_sa_048;BTH;;0.0;0.0;5.67;-75.52;0.08;150.73;80.62;0.0;0.0;0;0.04;0;27.36;0.0;0.0;0.0;0.0
2026;1;210;beauce_5_sa_049;BTH;;6.35;1.41;54.28;45.28;148.83;31.43;81.53;0.07;0.0;0;87.58;0;-38.62;0.01;0.06;1.41;6.35
2026;211;314;beauce_5_sa_049;solnu;;0.0;0.0;28.65;-91.01;0.0;81.53;19.13;0.03;0.01;0;0;0;-62.62;0.02;0.01;0.0;0.0
2026;315;365;beauce_5_sa_049;BTH;;0.0;0.0;5.41;-5.41;0.0;19.13;19.13;0.0;0.0;0;0.0;0;44.81;0.0;0.0;0.0;0.0
2026;1;228;beauce_5_sa_050;BTH;;14.27;2.2;58.46;68.74;203.38;59.94;134.44;0.17;0.0;0;119.78;0;-145.51;0.09;0.08;2.2;14.27
2026;229;302;beauce_5_sa_050;solnu;;0.0;0.0;23.49;-3.77;0.0;134.44;154.01;0.12;0.04;0;0;0;-99.53;0.11;0.01;0.0;0.0
2026;303;365;beauce_5_sa_050;BTH;;0.0;0.0;6.54;-71.86;0.0;154.2;88.68;0.0;0.0;0;0.0;0;12.48;0.0;0.0;0.0;0.0
2026;1;221;beauce_5_sa_051;BTH;;2.19;0.0;54.88;26.22;51.05;10.61;38.46;0.05;0.0;0;30.04;0;-279.63;0.0;0.05;0.0;2.19
2026;222;292;beauce_5_sa_051;solnu;;0.02;0.0;17.91;-14.18;0.0;38.46;42.15;0.02;0.0;0;0;0;-118.45;0.01;0.0;0.0;0.02
2026;293;365;beauce_5_sa_051;BTH;;1.15;0.0;7.99;-31.87;0.0;42.55;19.04;0.03;0.02;0;0.0;0;-57.21;0.03;0.0;0.0;1.15
2026;1;173;beauce_5_sa_052;BTH;;3.25;0.0;31.27;11.23;45.45;15.89;8.35;0.03;0.0;0;26.75;0;-100.22;0.0;0.03;0.0;3.25
2026;174;310;beauce_5_sa_052;solnu;;0.59;0.0;41.39;-2.38;0.0;8.35;46.77;0.06;0.02;0;0;0;-249.81;0.04;0.02;0.0;0.59
2026;311;365;beauce_5_sa_052;BTH;;0.66;0.0;5.13;-31.32;0.0;46.92;20.41;0.0;0.0;0;0.0;0;-24.47;0.0;0.0;0.0;0.66
2026;1;206;beauce_5_sa_053;BTH;;1.42;0.65;53.72;25.58;100.11;6.68;33.3;0.08;0.01;0;58.91;0;-113.06;0.04;0.05;0.65;1.42
2026;207;268;beauce_5_sa_053;solnu;;0.0;0.0;23.23;-56.0;0.0;33.3;4.21;0.0;0.0;0;0;0;-154.67;0.0;0.0;0.0;0.0
2026;269;365;beauce_5_sa_053;BTH;;0.38;0.0;15.43;-15.46;0.0;4.21;3.96;0.0;0.0;0;0.0;0;56.7;0.0;0.0;0.0;0.38
2026;1;223;beauce_5_sa_054;BTH;;23.9;1.81;65.15;57.72;176.55;149.13;207.3;0.12;0.0;0;105.37;0;-92.56;0.05;0.07;1.81;23.9
2026;224;303;beauce_5_sa_054;solnu;;0.0;0.0;26.95;-9.43;0.0;207.3;224.63;0.14;0.04;0;0;0;-154.22;0.13;0.01;0.0;0.0
2026;304;365;beauce_5_sa_054;BTH;;0.0;0.0;6.84;-90.43;2.92;224.93;138.1;0.01;0.0;0;1.72;0;34.84;0.01;0.0;0.0;0.0
2026;1;174;beauce_5_sa_055;BTH;;3.07;0.0;31.78;8.42;43.67;14.94;8.37;0.02;0.0;0;25.69;0;-87.92;0.0;0.02;0.0;3.07
2026;175;309;beauce_5_sa_055;solnu;;0.55;0.0;41.39;-3.1;0.0;8.37;46.03;0.06;0.02;0;0;0;-242.4;0.04;0.02;0.0;0.55
2026;310;365;beauce_5_sa_055;BTH;;0.65;0.0;5.24;-31.02;0.0;46.12;19.84;0.0;0.0;0;0.0;0;-19.16;0.0;0.0;0.0;0.65
2026;1;175;beauce_5_sa_056;BTH;;7.14;1.08;35.08;40.54;115.29;43.03;53.99;0.07;0.0;0;89.45;0;-120.88;0.03;0.05;1.08;7.14
2026;176;272;beauce_5_sa_056;solnu;;0.0;0.0;36.55;-92.28;0.0;53.99;20.71;0.04;0.0;0;0;0;-172.08;0.03;0.02;0.0;0.0
2026;273;365;beauce_5_sa_056;BTH;;1.57;0.0;14.3;0.54;6.4;19.83;27.56;0.01;0.0;0;3.77;0;70.88;0.0;0.01;0.0;1.57
2026;1;192;beauce_5_sa_057;BTH;;7.78;0.91;42.85;46.86;110.62;46.93;86.38;0.16;0.02;0;85.27;0;-141.75;0.11;0.05;0.91;7.78
2026;193;257;beauce_5_sa_057;solnu;;0.0;0.0;28.57;-9.96;0.0;86.38;104.97;0.01;0.0;0;0;0;-200.91;0.0;0.01;0.0;0.0
2026;258;365;beauce_5_sa_057;BTH;;3.53;0.0;17.82;-78.77;13.7;105.72;26.79;0.0;0.0;0;8.06;0;41.82;0.0;0.0;0.0;3.53
2026;1;171;beauce_5_sa_058;BTH;;1.69;0.16;32.03;11.26;55.44;7.61;4.77;0.03;0.0;0;32.62;0;-64.21;0.0;0.03;0.16;1.69
2026;172;291;beauce_5_sa_058;solnu;;0.0;0.0;40.26;-41.85;0.0;4.77;4.09;0.02;0.0;0;0;0;-202.17;0.0;0.02;0.0;0.0
2026;292;365;beauce_5_sa_058;BTH;;0.45;0.0;8.95;-8.99;0.0;4.09;3.65;0.0;0.0;0;0.0;0;2.05;0.0;0.0;0.0;0.45
2026;1;188;beauce_5_sa_059;BTH;;1.52;0.6;40.92;31.04;94.14;8.0;29.06;0.08;0.01;0;55.39;0;-77.01;0.03;0.04;0.6;1.52
2026;189;263;beauce_5_sa_059;solnu;;0.0;0.0;31.94;-54.93;0.0;29.06;7.13;0.01;0.0;0;0;0;-185.0;0.0;0.01;0.0;0.0
2026;264;365;beauce_5_sa_059;BTH;;0.81;0.0;16.15;-16.35;0.0;7.08;6.28;0.0;0.0;0;0.0;0;47.41;0.0;0.0;0.0;0.81
2026;1;185;beauce_5_sa_060;BTH;;3.73;1.24;35.66;21.75;142.95;15.4;18.79;0.1;0.0;0;85.88;0;-6.13;0.07;0.04;1.24;3.73
2026;186;283;beauce_5_sa_060;solnu;;0.0;0.0;37.0;4.09;0.0;18.79;59.84;0.03;0.0;0;0;0;-154.8;0.0;0.03;0.0;0.0
2026;284;365;beauce_5_sa_060;BTH;;0.0;0.0;11.42;-56.86;0.0;60.13;15.38;0.01;0.0;0;0.0;0;-6.71;0.0;0.0;0.0;0.0
2026;1;211;beauce_5_sa_061;BTH;;16.51;1.66;58.96;59.94;162.6;105.41;169.15;0.12;0.0;0;96.7;0;-136.36;0.05;0.07;1.66;16.51
2026;212;308;beauce_5_sa_061;solnu;;0.0;0.0;31.14;-106.05;0.0;169.15;94.14;0.08;0.03;0;0;0;-105.73;0.07;0.01;0.0;0.0
2026;309;365;beauce_5_sa_061;BTH;;0.88;0.0;6.14;8.8;2.31;94.29;105.87;0.02;0.0;0;1.36;0;49.31;0.01;0.01;0.0;0.88
2026;1;212;beauce_5_sa_062;BTH;;1.49;0.14;53.89;17.16;55.69;7.22;31.27;0.05;0.0;0;32.77;0;-177.3;0.0;0.04;0.14;1.49
2026;213;286;beauce_5_sa_062;solnu;;0.0;0.0;20.73;-48.77;0.0;31.27;3.36;0.0;0.0;0;0;0;-117.69;0.0;0.0;0.0;0.0
2026;287;365;beauce_5_sa_062;BTH;;0.39;0.0;10.31;-10.58;0.0;3.28;3.02;0.0;0.0;0;0.0;0;-0.4;0.0;0.0;0.0;0.39
2026;1;196;beauce_5_sa_063;BTH;;32.84;1.31;42.78;61.58;193.83;235.93;210.94;0.26;0.0;0;140.28;0;-108.11;0.2;0.06;1.31;32.84
2026;197;269;beauce_5_sa_063;solnu;;0.0;0.0;35.08;0.06;0.0;210.94;246.05;0.02;0.0;0;0;0;-220.21;0.0;0.02;0.0;0.0
2026;270;365;beauce_5_sa_063;BTH;;0.0;1.14;15.33;-65.62;46.75;246.5;234.26;0.08;0.02;0;27.51;0;37.61;0.07;0.01;1.14;0.0
2026;1;178;beauce_5_sa_064;BTH;;46.78;2.57;31.5;52.88;204.89;305.31;329.98;0.16;0.0;0;120.88;0;-35.17;0.11;0.05;2.57;46.78
2026;179;316;beauce_5_sa_064;solnu;;0.0;0.0;33.55;14.87;0.0;329.98;378.8;0.13;0.05;0;0;0;-133.53;0.1;0.03;0.0;0.0
2026;317;365;beauce_5_sa_064;BTH;;0.0;0.0;4.7;-76.31;1.15;379.01;306.03;0.02;0.0;0;0.68;0;12.9;0.01;0.0;0.0;0.0
2026;1;209;beauce_5_sa_065;BTH;;7.14;1.81;52.47;59.63;180.53;35.67;95.83;0.11;0.0;0;106.23;0;-29.77;0.04;0.07;1.81;7.14
2026;210;308;beauce_5_sa_065;solnu;;0.0;0.0;28.01;-95.39;0.0;95.83;28.41;0.02;0.01;0;0;0;-64.94;0.02;0.01;0.0;0.0
2026;309;365;beauce_5_sa_065;BTH;;0.0;0.0;6.29;9.12;2.31;28.59;41.5;0.02;0.0;0;1.36;0;54.05;0.01;0.01;0.0;0.0
2026;1;221;beauce_5_sa_066;BTH;;12.7;0.0;56.75;49.37;137.07;114.8;71.51;0.12;0.0;0;80.88;0;-205.07;0.05;0.07;0.0;12.7
2026;222;285;beauce_5_sa_066;solnu;;0.0;0.0;18.76;-11.71;0.0;71.51;78.55;0.01;0.0;0;0;0;-130.72;0.01;0.01;0.0;0.0
2026;286;365;beauce_5_sa_066;BTH;;1.36;1.11;9.93;-58.16;0.0;78.75;30.43;0.01;0.0;0;0.0;0;-29.55;0.01;0.0;1.11;1.36
2026;1;219;beauce_5_sa_067;BTH;;7.53;1.03;61.02;46.32;109.09;36.39;103.9;0.09;0.0;0;65.81;0;-105.14;0.02;0.06;1.03;7.53
2026;220;294;beauce_5_sa_067;solnu;;0.8;0.0;24.08;-11.25;0.0;103.9;115.8;0.09;0.04;0;0;0;-145.64;0.08;0.01;0.0;0.8
2026;295;365;beauce_5_sa_067;BTH;;2.06;0.0;8.51;-65.91;0.79;116.19;55.53;0.01;0.0;0;0.47;0;18.47;0.01;0.0;0.0;2.06
2026;1;179;beauce_5_sa_068;BTH;;9.63;0.91;35.01;44.26;118.33;57.08;75.23;0.06;0.0;0;71.81;0;-66.99;0.02;0.05;0.91;9.63
2026;180;299;beauce_5_sa_068;solnu;;0.02;0.0;42.08;-77.31;0.0;75.23;40.05;0.07;0.02;0;0;0;-200.82;0.04;0.02;0.0;0.02
2026;300;365;beauce_5_sa_068;BTH;;1.25;0.0;7.26;-12.3;0.0;38.53;33.76;0.0;0.0;0;0.0;0;39.47;0.0;0.0;0.0;1.25
2026;1;170;beauce_5_sa_069;BTH;;3.05;0.2;32.0;12.06;46.82;14.85;8.99;0.03;0.0;0;27.55;0;-46.58;0.0;0.03;0.2;3.05
2026;171;303;beauce_5_sa_069;solnu;;0.63;0.0;43.75;-59.87;0.0;8.99;7.52;0.02;0.0;0;0;0;-182.81;0.01;0.02;0.0;0.63
2026;304;365;beauce_5_sa_069;BTH;;0.24;0.0;6.31;-5.79;0.0;7.53;7.8;0.0;0.0;0;0.0;0;10.05;0.0;0.0;0.0;0.24
2026;1;206;beauce_5_sa_070;BTH;;32.24;2.39;59.25;57.54;149.3;199.33;312.93;0.24;0.03;0;125.17;0;-184.03;0.17;0.07;2.39;32.24
2026;207;259;beauce_5_sa_070;solnu;;0.0;0.0;24.34;-11.25;0.0;312.93;326.01;0.01;0.0;0;0;0;-164.43;0.0;0.01;0.0;0.0
2026;260;365;beauce_5_sa_070;BTH;;11.66;0.0;19.06;-71.37;62.58;326.97;199.32;0.12;0.03;0;36.82;0;92.61;0.1;0.02;0.0;11.66
2026;1;193;beauce_5_sa_071;BTH;;0.91;0.0;40.07;15.11;46.73;4.35;11.87;0.03;0.0;0;27.5;0;-115.86;0.0;0.03;0.0;0.91
2026;194;279;beauce_5_sa_071;solnu;;0.0;0.0;30.48;-40.6;0.0;11.87;2.19;0.01;0.0;0;0;0;-188.75;0.0;0.01;0.0;0.0
2026;280;365;beauce_5_sa_071;BTH;;0.26;0.0;11.84;-12.16;0.0;2.19;1.97;0.0;0.0;0;0.0;0;-14.99;0.0;0.0;0.0;0.26
2026;1;217;beauce_5_sa_072;BTH;;3.04;0.0;54.51;40.44;73.82;20.87;39.05;0.06;0.0;0;45.03;0;-204.65;0.0;0.06;0.0;3.04
2026;218;286;beauce_5_sa_072;solnu;;0.0;0.0;19.68;-14.69;0.0;39.05;44.03;0.01;0.0;0;0;0;-135.98;0.0;0.01;0.0;0.0
2026;287;365;beauce_5_sa_072;BTH;;1.01;0.36;10.05;-60.16;3.79;44.33;17.44;0.02;0.01;0;2.23;0;-34.18;0.02;0.0;0.36;1.01
2026;1;192;beauce_5_sa_073;BTH;;3.78;0.39;41.16;30.69;72.61;16.22;40.64;0.07;0.0;0;47.14;0;-116.28;0.03;0.04;0.39;3.78
2026;193;261;beauce_5_sa_073;solnu;;0.0;0.0;27.99;-10.86;0.0;40.64;57.76;0.01;0.0;0;0;0;-157.98;0.0;0.01;0.0;0.0
2026;262;365;beauce_5_sa_073;BTH;;1.21;0.0;16.07;-58.79;4.5;58.32;9.37;0.0;0.0;0;2.65;0;7.98;0.0;0.0;0.0;1.21
2026;1;174;beauce_5_sa_074;BTH;;11.46;1.73;37.76;36.01;113.7;77.85;155.95;0.1;0.0;0;105.76;0;-105.55;0.06;0.04;1.73;11.46
2026;175;257;beauce_5_sa_074;solnu;;0.0;0.0;35.34;-92.26;0.0;155.95;98.94;0.08;0.01;0;0;0;-153.9;0.07;0.01;0.0;0.0
2026;258;365;beauce_5_sa_074;BTH;;3.33;0.0;18.93;12.07;66.07;97.37;60.49;0.04;0.01;0;38.88;0;112.04;0.01;0.02;0.0;3.33
2026;1;217;beauce_5_sa_075;BTH;;0.66;0.21;56.58;20.79;61.41;3.15;34.48;0.05;0.0;0;36.14;0;-198.53;0.0;0.05;0.21;0.66
2026;218;275;beauce_5_sa_075;solnu;;0.0;0.0;17.31;-52.05;0.0;34.48;1.94;0.0;0.0;0;0;0;-106.49;0.0;0.0;0.0;0.0
2026;276;365;beauce_5_sa_075;BTH;;0.24;0.0;12.96;-12.99;0.0;2.2;1.71;0.0;0.0;0;0.0;0;18.21;0.0;0.0;0.0;0.24
2026;1;209;beauce_5_sa_076;BTH;;21.86;1.91;57.23;61.19;177.8;144.46;205.59;0.14;0.0;0;105.57;0;-142.12;0.07;0.07;1.91;21.86
2026;210;309;beauce_5_sa_076;solnu;;0.0;0.0;32.13;-101.94;0.0;205.59;135.66;0.09;0.03;0;0;0;-88.25;0.08;0.01;0.0;0.0
2026;310;365;beauce_5_sa_076;BTH;;0.0;0.0;6.01;10.62;2.09;135.79;150.18;0.03;0.0;0;1.23;0;45.25;0.02;0.01;0.0;0.0
2026;1;172;beauce_5_sa_077;BTH;;23.62;2.11;35.47;41.59;166.62;162.14;204.94;0.13;0.0;0;115.4;0;-44.14;0.09;0.05;2.11;23.62
2026;173;278;beauce_5_sa_077;solnu;;0.0;0.0;40.42;-84.9;0.0;204.94;160.81;0.03;0.0;0;0;0;-152.71;0.01;0.02;0.0;0.0
2026;279;365;beauce_5_sa_077;BTH;;0.0;0.0;13.88;8.22;33.15;160.05;149.63;0.1;0.04;0;19.51;0;99.24;0.08;0.02;0.0;0.0
2026;1;229;beauce_5_sa_078;BTH;;27.23;2.21;73.05;70.27;194.94;152.44;238.96;0.17;0.0;0;128.52;0;-208.96;0.08;0.09;2.21;27.23
2026;230;282;beauce_5_sa_078;solnu;;0.0;0.0;21.65;-11.57;0.0;238.96;248.98;0.05;0.0;0;0;0;-138.63;0.04;0.01;0.0;0.0
2026;283;365;beauce_5_sa_078;BTH;;0.0;0.0;12.42;-80.66;25.61;249.48;154.99;0.11;0.04;0;15.07;0;65.34;0.11;0.01;0.0;0.0
2026;1;203;beauce_5_sa_079;BTH;;1.67;0.82;51.75;27.37;112.5;7.95;34.18;0.1;0.01;0;66.2;0;-78.98;0.05;0.05;0.82;1.67
2026;204;266;beauce_5_sa_079;solnu;;0.0;0.0;25.98;-55.62;0.0;34.18;5.72;0.01;0.0;0;0;0;-155.15;0.0;0.01;0.0;0.0
2026;267;365;beauce_5_sa_079;BTH;;0.33;0.0;15.97;-16.69;0.0;5.72;5.56;0.0;0.0;0;0.0;0;41.12;0.0;0.0;0.0;0.33
2026;1;217;beauce_5_sa_080;BTH;;4.76;0.98;57.94;36.97;120.65;23.14;65.59;0.09;0.0;0;74.52;0;-156.12;0.03;0.06;0.98;4.76
2026;218;288;beauce_5_sa_080;solnu;;0.0;0.0;25.22;-9.19;0.0;65.59;81.57;0.04;0.0;0;0;0;-126.99;0.03;0.01;0.0;0.0
2026;289;365;beauce_5_sa_080;BTH;;0.0;0.0;9.95;-61.66;3.0;82.04;27.37;0.03;0.02;0;1.77;0;-1.01;0.03;0.0;0.0;0.0
2026;1;215;beauce_5_sa_081;BTH;;17.83;1.69;61.79;56.85;158.11;113.51;182.51;0.14;0.0;0;101.59;0;-183.14;0.07;0.07;1.69;17.83
2026;216;288;beauce_5_sa_081;solnu;;0.0;0.0;25.75;-104.2;0.0;182.51;104.04;0.03;0.0;0;0;0;-118.03;0.02;0.01;0.0;0.0
2026;289;365;beauce_5_sa_081;BTH;;2.11;0.0;10.9;8.55;18.1;103.49;103.18;0.07;0.03;0;10.65;0;84.17;0.06;0.01;0.0;2.11
2026;1;183;beauce_5_sa_082;BTH;;2.88;1.14;34.53;27.61;143.66;12.82;13.49;0.1;0.0;0;85.42;0;-34.47;0.06;0.04;1.14;2.88
2026;184;272;beauce_5_sa_082;solnu;;0.0;0.0;32.92;-1.49;0.0;13.49;44.9;0.02;0.0;0;0;0;-146.59;0.0;0.02;0.0;0.0
2026;273;365;beauce_5_sa_082;BTH;;0.0;0.0;13.57;-51.89;0.0;45.22;8.66;0.0;0.0;0;0.0;0;-28.34;0.0;0.0;0.0;0.0
2026;1;187;beauce_5_sa_083;BTH;;16.54;1.72;38.51;54.94;176.72;102.02;130.56;0.12;0.0;0;110.78;0;-24.62;0.06;0.06;1.72;16.54
2026;188;290;beauce_5_sa_083;solnu;;0.0;0.0;39.99;4.37;0.0;130.56;174.88;0.04;0.0;0;0;0;-184.9;0.01;0.03;0.0;0.0
2026;291;365;beauce_5_sa_083;BTH;;0.0;0.0;10.0;-86.04;13.88;175.33;84.84;0.07;0.04;0;8.17;0;35.27;0.07;0.0;0.0;0.0
2026;1;221;beauce_5_sa_084;BTH;;13.74;1.11;64.18;56.24;101.94;73.31;160.93;0.14;0.01;0;84.76;0;-267.68;0.07;0.07;1.11;13.74
2026;222;264;beauce_5_sa_084;solnu;;0.0;0.0;15.97;-15.04;0.0;160.93;161.85;0.0;0.0;0;0;0;-126.4;0.0;0.0;0.0;0.0
2026;265;365;beauce_5_sa_084;BTH;;5.12;0.0;16.35;-84.35;37.51;162.0;51.19;0.02;0.0;0;22.07;0;70.1;0.01;0.01;0.0;5.12
2026;1;184;beauce_5_sa_085;BTH;;1.75;0.36;35.57;8.3;69.31;6.99;5.17;0.04;0.0;0;40.79;0;-30.25;0.01;0.03;0.36;1.75
2026;185;311;beauce_5_sa_085;solnu;;0.27;0.0;40.53;-35.48;0.0;5.17;11.68;0.04;0.01;0;0;0;-206.42;0.02;0.02;0.0;0.27
2026;312;365;beauce_5_sa_085;BTH;;0.37;0.0;5.3;-7.27;0.0;11.68;11.31;0.0;0.0;0;0.0;0;-27.82;0.0;0.0;0.0;0.37
2026;1;189;beauce_5_sa_086;BTH;;1.48;0.37;39.61;28.55;80.32;6.88;20.88;0.05;0.0;0;47.26;0;-114.81;0.01;0.04;0.37;1.48
2026;190;270;beauce_5_sa_086;solnu;;0.0;0.0;31.25;-48.57;0.0;20.88;4.67;0.01;0.0;0;0;0;-175.1;0.0;0.01;0.0;0.0
2026;271;365;beauce_5_sa_086;BTH;;0.54;0.0;14.3;-14.78;0.0;4.67;4.16;0.0;0.0;0;0.0;0;11.47;0.0;0.0;0.0;0.54
2026;1;171;beauce_5_sa_087;BTH;;1.76;0.53;32.97;13.58;84.54;6.17;4.88;0.05;0.0;0;49.75;0;-9.79;0.02;0.03;0.53;1.76
2026;172;275;beauce_5_sa_087;solnu;;0.0;0.0;37.53;-38.79;0.0;4.88;4.3;0.02;0.0;0;0;0;-166.62;0.0;0.02;0.0;0.0
2026;276;365;beauce_5_sa_087;BTH;;0.41;0.0;13.18;-15.84;0.0;4.18;3.9;0.0;0.0;0;0.0;0;-26.72;0.0;0.0;0.0;0.41
2026;1;222;beauce_5_sa_088;BTH;;6.92;1.61;62.98;30.76;161.33;20.84;66.75;0.14;0.0;0;94.94;0;-49.87;0.08;0.06;1.61;6.92
2026;223;292;beauce_5_sa_088;solnu;;0.0;0.0;24.63;-11.73;0.0;66.75;79.61;0.04;0.0;0;0;0;-119.3;0.03;0.01;0.0;0.0
2026;293;365;beauce_5_sa_088;BTH;;0.0;0.0;9.0;-44.22;0.0;80.11;47.86;0.04;0.03;0;0.0;0;-42.64;0.03;0.0;0.0;0.0
2026;1;207;beauce_5_sa_089;BTH;;9.37;0.83;51.95;50.18;104.88;51.45;101.39;0.08;0.0;0;62.58;0;-138.64;0.01;0.06;0.83;9.37
2026;208;311;beauce_5_sa_089;solnu;;0.24;0.0;30.64;-6.95;0.0;101.39;124.7;0.1;0.04;0;0;0;-195.91;0.09;0.02;0.0;0.24
2026;312;365;beauce_5_sa_089;BTH;;1.87;0.0;5.33;-68.57;0.0;124.85;59.6;0.0;0.0;0;0.0;0;2.51;0.0;0.0;0.0;1.87
2026;1;184;beauce_5_sa_090;BTH;;9.55;0.0;33.3;25.27;113.26;88.25;23.24;0.07;0.0;0;66.87;0;-91.55;0.03;0.04;0.0;9.55
2026;185;308;beauce_5_sa_090;solnu;;0.0;0.0;38.34;7.62;0.0;23.24;69.57;0.07;0.02;0;0;0;-208.25;0.04;0.03;0.0;0.0
2026;309;365;beauce_5_sa_090;BTH;;1.12;0.88;5.29;-38.19;0.0;69.75;37.97;0.0;0.0;0;0.0;0;-66.15;0.0;0.0;0.88;1.12
2026;1;226;beauce_5_sa_091;BTH;;2.0;0.0;57.41;22.36;47.68;9.71;39.76;0.05;0.0;0;28.06;0;-268.41;0.0;0.05;0.0;2.0
2026;227;291;beauce_5_sa_091;solnu;;0.03;0.0;16.24;-51.86;0.0;39.76;4.11;0.0;0.0;0;0;0;-88.31;0.0;0.0;0.0;0.03
2026;292;365;beauce_5_sa_091;BTH;;0.44;0.0;8.31;-8.33;0.0;4.0;3.65;0.0;0.0;0;0.0;0;-5.33;0.0;0.0;0.0;0.44
2026;1;188;beauce_5_sa_092;BTH;;2.7;1.14;38.69;12.51;135.28;13.36;10.53;0.07;0.0;0;79.6;0;57.57;0.04;0.03;1.14;2.7
2026;189;296;beauce_5_sa_092;solnu;;0.0;0.0;37.55;-42.63;0.0;10.53;5.81;0.03;0.0;0;0;0;-139.43;0.0;0.02;0.0;0.0
2026;297;365;beauce_5_sa_092;BTH;;0.0;0.0;8.47;-10.74;0.0;5.71;5.72;0.0;0.0;0;0.0;0;25.7;0.0;0.0;0.0;0.0
2026;1;201;beauce_5_sa_093;BTH;;4.72;1.01;48.71;20.65;120.49;15.49;35.38;0.1;0.0;0;70.9;0;2.75;0.05;0.04;1.01;4.72
2026;202;280;beauce_5_sa_093;solnu;;0.0;0.0;29.84;-40.91;0.0;35.38;24.3;0.01;0.0;0;0;0;-157.0;0.0;0.01;0.0;0.0
2026;281;365;beauce_5_sa_093;BTH;;0.37;0.0;12.42;-26.19;0.0;16.86;12.58;0.0;0.0;0;0.0;0;7.96;0.0;0.0;0.0;0.37
2026;1;206;beauce_5_sa_094;BTH;;1.07;0.0;50.45;20.63;46.81;4.91;28.07;0.05;0.0;0;27.55;0;-198.13;0.0;0.04;0.0;1.07
2026;207;274;beauce_5_sa_094;solnu;;0.0;0.0;20.22;-45.64;0.0;28.07;2.65;0.0;0.0;0;0;0;-125.33;0.0;0.0;0.0;0.0
2026;275;365;beauce_5_sa_094;BTH;;0.31;0.0;12.84;-12.92;0.0;2.65;2.43;0.0;0.0;0;0.0;0;-8.75;0.0;0.0;0.0;0.31
2026;1;185;beauce_5_sa_095;BTH;;1.26;1.03;37.92;18.32;123.29;4.64;13.3;0.1;0.0;0;72.55;0;13.56;0.07;0.03;1.03;1.26
2026;186;272;beauce_5_sa_095;solnu;;0.0;0.0;35.43;-46.68;0.0;13.3;6.86;0.01;0.0;0;0;0;-193.88;0.0;0.01;0.0;0.0
2026;273;365;beauce_5_sa_095;BTH;;0.03;0.0;14.39;-15.23;0.0;6.86;6.98;0.0;0.0;0;0.0;0;49.8;0.0;0.0;0.0;0.03
2026;1;213;beauce_5_sa_096;BTH;;12.11;2.11;65.08;38.66;173.73;68.68;143.91;0.21;0.0;0;129.31;0;-326.57;0.15;0.06;2.11;12.11
2026;214;268;beauce_5_sa_096;solnu;;0.0;0.0;25.34;-97.83;0.0;143.91;71.42;0.01;0.0;0;0;0;12.36;0.0;0.01;0.0;0.0
2026;269;365;beauce_5_sa_096;BTH;;1.28;0.0;17.62;25.67;48.19;72.62;65.14;0.07;0.02;0;28.36;0;85.95;0.05;0.03;0.0;1.28
2026;1;177;beauce_5_sa_097;BTH;;7.92;1.12;31.81;58.43;159.04;42.81;48.7;0.1;0.0;0;106.75;0;-103.2;0.05;0.05;1.12;7.92
2026;178;278;beauce_5_sa_097;solnu;;0.0;0.0;33.16;7.2;0.0;48.7;89.19;0.03;0.0;0;0;0;-171.66;0.0;0.03;0.0;0.0
2026;279;365;beauce_5_sa_097;BTH;;0.0;0.14;12.02;-78.11;12.79;89.54;21.07;0.0;0.0;0;7.53;0;4.39;0.0;0.0;0.14;0.0
2026;1;175;beauce_5_sa_098;BTH;;4.78;1.16;32.41;34.28;143.11;22.1;27.05;0.12;0.0;0;88.62;0;-49.08;0.08;0.04;1.16;4.78
2026;176;275;beauce_5_sa_098;solnu;;0.0;0.0;35.06;7.2;0.0;27.05;69.42;0.03;0.0;0;0;0;-161.03;0.0;0.03;0.0;0.0
2026;276;365;beauce_5_sa_098;BTH;;0.0;0.0;12.98;-63.99;3.0;69.89;15.41;0.0;0.0;0;1.77;0;6.0;0.0;0.0;0.0;0.0
2026;1;203;beauce_5_sa_099;BTH;;4.36;1.51;48.78;5.3;152.29;13.67;25.35;0.09;0.0;0;89.61;0;60.48;0.05;0.04;1.51;4.36
2026;204;317;beauce_5_sa_099;solnu;;0.0;0.0;32.37;-6.84;0.0;25.35;50.8;0.05;0.02;0;0;0;-96.19;0.04;0.02;0.0;0.0
2026;318;365;beauce_5_sa_099;BTH;;0.0;0.0;4.88;-34.23;0.0;50.94;24.53;0.0;0.0;0;0.0;0;-44.98;0.0;0.0;0.0;0.0
2027;1;171;beauce_5_sa_000;BTH;;6.2;2.01;31.85;36.49;152.39;40.2;20.44;0.16;0.0;0;117.12;0;-26.98;0.12;0.04;2.01;6.2
2027;172;266;beauce_5_sa_000;solnu;;0.0;0.0;46.24;-90.37;0.0;20.44;56.39;0.04;0.0;0;0;0;-89.57;0.02;0.02;0.0;0.0
2027;267;365;beauce_5_sa_000;BTH;;5.81;0.0;19.34;31.44;52.01;57.26;49.25;0.09;0.01;0;30.6;0;83.09;0.06;0.03;0.0;5.81
2027;1;211;beauce_5_sa_001;BTH;;24.65;2.19;54.61;61.83;154.92;175.12;275.5;0.19;0.0;0;127.02;0;-172.27;0.12;0.07;2.19;24.65
2027;212;260;beauce_5_sa_001;solnu;;0.0;0.0;26.98;-8.58;0.0;275.5;293.81;0.09;0.0;0;0;0;-172.38;0.08;0.01;0.0;0.0
2027;261;365;beauce_5_sa_001;BTH;;31.62;0.0;18.26;-65.5;61.21;294.18;153.54;0.19;0.01;0;36.02;0;74.06;0.18;0.02;0.0;31.62
2027;1;184;beauce_5_sa_002;BTH;;0.8;0.0;32.13;19.43;57.6;18.42;11.54;0.05;0.0;0;34.45;0;-47.98;0.02;0.03;0.0;0.8
2027;185;262;beauce_5_sa_002;solnu;;0.0;0.0;41.49;-51.53;0.0;11.54;1.75;0.02;0.0;0;0;0;-224.34;0.0;0.02;0.0;0.0
2027;263;365;beauce_5_sa_002;BTH;;0.42;0.22;17.06;-10.76;3.52;1.68;20.87;0.02;0.0;0;2.07;0;9.15;0.01;0.0;0.22;0.42
2027;1;227;beauce_5_sa_003;BTH;;0.59;0.29;54.95;16.81;65.53;3.05;30.35;0.05;0.0;0;38.56;0;-131.04;0.0;0.04;0.29;0.59
2027;228;299;beauce_5_sa_003;solnu;;0.8;0.0;26.08;-50.47;0.0;30.35;7.73;0.03;0.0;0;0;0;-173.01;0.02;0.01;0.0;0.8
2027;300;365;beauce_5_sa_003;BTH;;0.97;0.0;7.87;-7.98;0.0;7.73;6.8;0.0;0.0;0;0.0;0;30.04;0.0;0.0;0.0;0.97
2027;1;211;beauce_5_sa_004;BTH;;5.91;0.6;47.27;12.76;81.73;30.32;47.47;0.04;0.0;0;48.09;0;-38.98;0.01;0.04;0.6;5.91
2027;212;293;beauce_5_sa_004;solnu;;2.85;0.0;34.65;-5.25;0.0;47.47;73.89;0.11;0.01;0;0;0;-149.86;0.09;0.02;0.0;2.85
2027;294;365;beauce_5_sa_004;BTH;;4.94;0.0;9.49;-45.31;0.0;74.55;34.72;0.01;0.0;0;0.0;0;-26.87;0.01;0.0;0.0;4.94
2027;1;199;beauce_5_sa_005;BTH;;7.16;1.4;42.17;49.14;209.66;73.36;52.31;0.15;0.0;0;127.36;0;11.87;0.1;0.05;1.4;7.16
2027;200;287;beauce_5_sa_005;solnu;;0.0;0.0;41.09;3.07;0.0;52.31;96.37;0.1;0.0;0;0;0;-165.1;0.07;0.03;0.0;0.0
2027;288;365;beauce_5_sa_005;BTH;;7.63;0.69;12.14;-63.21;4.17;96.9;85.3;0.07;0.01;0;2.45;0;25.35;0.07;0.0;0.69;7.63
2027;1;174;beauce_5_sa_006;BTH;;13.75;1.88;32.12;42.75;128.42;104.91;178.23;0.1;0.0;0;104.96;0;18.18;0.05;0.04;1.88;13.75
2027;175;267;beauce_5_sa_006;solnu;;0.0;0.0;47.04;4.81;0.0;178.23;229.99;0.08;0.0;0;0;0;-199.76;0.05;0.03;0.0;0.0
2027;268;365;beauce_5_sa_006;BTH;;16.9;0.0;18.29;-78.48;49.04;230.46;103.71;0.14;0.01;0;28.86;0;86.36;0.12;0.01;0.0;16.9
2027;1;195;beauce_5_sa_007;BTH;;1.45;0.58;37.2;15.87;85.8;6.87;15.85;0.06;0.0;0;50.49;0;-14.41;0.03;0.03;0.58;1.45
2027;196;285;beauce_5_sa_007;solnu;;0.1;0.0;40.31;-1.97;0.0;15.85;54.02;0.07;0.0;0;0;0;-193.36;0.04;0.02;0.0;0.1
2027;286;365;beauce_5_sa_007;BTH;;4.42;0.0;11.46;-43.84;0.0;54.48;21.32;0.03;0.01;0;0.0;0;-62.0;0.03;0.0;0.0;4.42
2027;1;174;beauce_5_sa_008;BTH;;3.99;1.12;30.23;7.74;115.81;15.81;17.48;0.06;0.0;0;68.15;0;112.81;0.03;0.02;1.12;3.99
2027;175;298;beauce_5_sa_008;solnu;;0.7;0.0;47.29;-52.97;0.0;17.48;15.82;0.02;0.0;0;0;0;-183.22;0.0;0.02;0.0;0.7
2027;299;365;beauce_5_sa_008;BTH;;1.96;0.0;9.01;-9.13;0.0;15.69;13.74;0.0;0.0;0;0.0;0;56.34;0.0;0.0;0.0;1.96
2027;1;216;beauce_5_sa_009;BTH;;0.36;0.0;49.42;21.0;39.4;1.87;32.5;0.05;0.0;0;23.18;0;-210.53;0.0;0.04;0.0;0.36
2027;217;266;beauce_5_sa_009;solnu;;0.05;0.0;24.3;-56.16;0.0;32.5;0.92;0.0;0.0;0;0;0;-102.81;0.0;0.0;0.0;0.05
2027;267;365;beauce_5_sa_009;BTH;;0.2;0.0;15.74;-1.82;10.27;0.97;4.36;0.01;0.0;0;6.04;0;10.15;0.0;0.01;0.0;0.2
2027;1;228;beauce_5_sa_010;BTH;;4.24;0.63;56.01;67.66;86.26;20.89;101.4;0.13;0.0;0;56.06;0;-239.38;0.06;0.07;0.63;4.24
2027;229;261;beauce_5_sa_010;solnu;;0.0;0.0;15.39;-13.2;0.0;101.4;103.59;0.0;0.0;0;0;0;-98.37;0.0;0.0;0.0;0.0
2027;262;365;beauce_5_sa_010;BTH;;6.39;0.0;16.21;-78.42;11.59;103.74;23.36;0.05;0.0;0;6.82;0;2.85;0.04;0.0;0.0;6.39
2027;1;172;beauce_5_sa_011;BTH;;14.04;2.01;31.72;42.55;138.01;102.8;105.9;0.14;0.0;0;117.76;0;-1.86;0.1;0.04;2.01;14.04
2027;173;259;beauce_5_sa_011;solnu;;0.0;0.0;48.07;5.75;0.0;105.9;229.16;0.03;0.0;0;0;0;-217.23;0.0;0.03;0.0;0.0
2027;260;365;beauce_5_sa_011;BTH;;16.75;0.0;20.11;-70.7;62.74;229.49;98.9;0.18;0.01;0;36.92;0;83.78;0.16;0.02;0.0;16.75
2027;1;219;beauce_5_sa_012;BTH;;0.62;0.0;50.75;23.01;38.36;3.08;37.81;0.05;0.0;0;22.57;0;-212.77;0.0;0.04;0.0;0.62
2027;220;265;beauce_5_sa_012;solnu;;0.07;0.0;22.67;-59.16;0.0;37.81;1.26;0.0;0.0;0;0;0;-102.68;0.0;0.0;0.0;0.07
2027;266;365;beauce_5_sa_012;BTH;;0.31;0.0;15.98;-1.24;9.92;1.25;5.75;0.01;0.0;0;5.84;0;7.57;0.0;0.01;0.0;0.31
2027;1;177;beauce_5_sa_013;BTH;;1.28;0.88;30.83;7.6;102.1;6.1;6.78;0.07;0.0;0;60.08;0;73.83;0.05;0.02;0.88;1.28
2027;178;279;beauce_5_sa_013;solnu;;0.0;0.0;43.66;-41.66;0.0;6.78;10.49;0.04;0.0;0;0;0;-156.75;0.02;0.02;0.0;0.0
2027;280;365;beauce_5_sa_013;BTH;;1.75;0.0;13.73;-15.16;0.0;10.49;8.78;0.0;0.0;0;0.0;0;25.13;0.0;0.0;0.0;1.75
2027;1;185;beauce_5_sa_014;BTH;;21.72;1.89;34.58;49.95;153.84;127.29;176.25;0.09;0.0;0;99.41;0;32.72;0.04;0.05;1.89;21.72
2027;186;289;beauce_5_sa_014;solnu;;5.67;0.0;46.29;7.65;0.0;176.25;224.76;0.19;0.01;0;0;0;-191.72;0.16;0.03;0.0;5.67
2027;290;365;beauce_5_sa_014;BTH;;15.81;0.0;11.76;-88.42;17.82;225.19;114.44;0.03;0.0;0;10.48;0;49.27;0.03;0.0;0.0;15.81
2027;1;201;beauce_5_sa_015;BTH;;0.33;0.36;39.13;9.29;68.98;1.73;7.83;0.04;0.0;0;40.59;0;-35.79;0.01;0.03;0.36;0.33
2027;202;304;beauce_5_sa_015;solnu;;0.25;0.0;38.5;-43.97;0.0;7.83;4.85;0.04;0.0;0;0;0;-186.38;0.02;0.02;0.0;0.25
2027;305;365;beauce_5_sa_015;BTH;;0.57;0.0;7.01;-7.24;0.0;4.81;4.26;0.0;0.0;0;0.0;0;10.84;0.0;0.0;0.0;0.57
2027;1;186;beauce_5_sa_016;BTH;;5.91;0.72;32.58;43.69;68.55;28.75;84.59;0.05;0.0;0;50.41;0;-66.34;0.0;0.05;0.72;5.91
2027;187;256;beauce_5_sa_016;solnu;;0.0;0.0;39.79;4.31;0.0;84.59;128.64;0.04;0.0;0;0;0;-220.37;0.02;0.03;0.0;0.0
2027;257;365;beauce_5_sa_016;BTH;;6.92;0.0;17.98;-58.19;43.39;129.11;38.03;0.08;0.01;0;25.53;0;-18.2;0.06;0.02;0.0;6.92
2027;1;225;beauce_5_sa_017;BTH;;42.25;2.31;64.66;45.81;212.96;299.28;388.42;0.4;0.0;0;140.39;0;-232.14;0.33;0.07;2.31;42.25
2027;226;282;beauce_5_sa_017;solnu;;0.0;0.0;27.22;-97.94;0.0;388.42;317.62;0.07;0.01;0;0;0;-40.71;0.06;0.01;0.0;0.0
2027;283;365;beauce_5_sa_017;BTH;;40.54;0.82;14.11;22.57;26.82;318.26;348.34;0.17;0.01;0;15.78;0;94.85;0.14;0.02;0.82;40.54
2027;1;213;beauce_5_sa_018;BTH;;26.87;1.79;48.35;51.6;156.97;157.4;207.73;0.08;0.0;0;93.49;0;19.33;0.02;0.06;1.79;26.87
2027;214;311;beauce_5_sa_018;solnu;;5.79;0.0;39.35;1.18;0.0;207.73;242.23;0.23;0.01;0;0;0;-161.57;0.21;0.03;0.0;5.79
2027;312;365;beauce_5_sa_018;BTH;;16.67;0.0;6.64;-92.02;2.69;242.55;137.48;0.02;0.0;0;1.58;0;26.91;0.02;0.0;0.0;16.67
2027;1;208;beauce_5_sa_019;BTH;;2.67;0.0;42.97;7.24;44.09;13.81;17.23;0.03;0.0;0;25.94;0;-139.69;0.0;0.03;0.0;2.67
2027;209;312;beauce_5_sa_019;solnu;;1.66;0.0;36.42;-30.22;0.0;17.23;21.68;0.08;0.01;0;0;0;-216.67;0.06;0.02;0.0;1.66
2027;313;365;beauce_5_sa_019;BTH;;2.2;0.0;5.53;-8.45;0.0;20.19;17.62;0.0;0.0;0;0.0;0;-31.19;0.0;0.0;0.0;2.2
2027;1;194;beauce_5_sa_020;BTH;;2.66;0.0;34.61;2.03;40.73;13.83;7.09;0.02;0.0;0;23.97;0;-103.89;0.0;0.02;0.0;2.66
2027;195;313;beauce_5_sa_020;solnu;;1.64;0.0;43.2;-3.57;0.0;7.09;44.99;0.09;0.01;0;0;0;-238.61;0.07;0.03;0.0;1.64
2027;314;365;beauce_5_sa_020;BTH;;2.31;0.0;5.43;-30.18;0.0;45.27;18.53;0.0;0.0;0;0.0;0;-27.14;0.0;0.0;0.0;2.31
2027;1;187;beauce_5_sa_021;BTH;;2.6;0.0;31.44;3.78;38.36;13.31;6.44;0.02;0.0;0;22.57;0;-75.82;0.0;0.02;0.0;2.6
2027;188;292;beauce_5_sa_021;solnu;;1.47;0.0;43.61;-5.98;0.0;6.44;42.59;0.08;0.01;0;0;0;-233.33;0.06;0.02;0.0;1.47
2027;293;365;beauce_5_sa_021;BTH;;2.58;0.0;9.19;-31.56;0.0;42.92;18.14;0.01;0.0;0;0.0;0;-36.45;0.0;0.0;0.0;2.58
2027;1;188;beauce_5_sa_022;BTH;;2.58;0.0;32.29;0.5;35.11;13.32;6.89;0.02;0.0;0;20.66;0;-74.69;0.0;0.02;0.0;2.58
2027;189;306;beauce_5_sa_022;solnu;;1.52;0.0;45.87;-5.19;0.0;6.89;46.07;0.09;0.01;0;0;0;-246.21;0.07;0.03;0.0;1.52
2027;307;365;beauce_5_sa_022;BTH;;2.57;0.0;6.42;-30.89;0.0;46.25;19.25;0.0;0.0;0;0.0;0;-22.64;0.0;0.0;0.0;2.57
2027;1;200;beauce_5_sa_023;BTH;;0.29;0.0;39.62;10.88;44.73;1.5;6.94;0.03;0.0;0;26.32;0;-102.24;0.0;0.03;0.0;0.29
2027;201;309;beauce_5_sa_023;solnu;;0.61;0.0;40.28;-41.05;0.0;6.94;5.65;0.04;0.0;0;0;0;-230.54;0.02;0.02;0.0;0.61
2027;310;365;beauce_5_sa_023;BTH;;0.66;0.0;6.09;-6.21;0.0;5.48;4.88;0.0;0.0;0;0.0;0;-2.96;0.0;0.0;0.0;0.66
2027;1;200;beauce_5_sa_024;BTH;;11.66;1.54;44.13;51.71;153.16;73.8;119.75;0.13;0.0;0;99.01;0;-54.04;0.07;0.06;1.54;11.66
2027;201;289;beauce_5_sa_024;solnu;;3.16;0.0;41.65;-87.97;0.0;119.75;70.15;0.11;0.01;0;0;0;-170.17;0.09;0.02;0.0;3.16
2027;290;365;beauce_5_sa_024;BTH;;7.27;0.0;11.8;2.72;15.81;68.85;61.57;0.02;0.0;0;9.3;0;84.29;0.01;0.01;0.0;7.27
2027;1;181;beauce_5_sa_025;BTH;;3.09;1.28;32.61;37.31;132.52;16.77;47.1;0.1;0.0;0;82.4;0;19.08;0.06;0.04;1.28;3.09
2027;182;267;beauce_5_sa_025;solnu;;0.0;0.0;44.95;9.63;0.0;47.1;101.6;0.08;0.0;0;0;0;-198.83;0.04;0.03;0.0;0.0
2027;268;365;beauce_5_sa_025;BTH;;5.45;0.0;17.05;-83.97;7.5;102.07;21.72;0.01;0.0;0;4.41;0;32.42;0.01;0.0;0.0;5.45
2027;1;192;beauce_5_sa_026;BTH;;19.37;2.29;37.7;57.58;185.17;139.88;202.0;0.23;0.0;0;136.54;0;-76.99;0.18;0.06;2.29;19.37
2027;193;269;beauce_5_sa_026;solnu;;0.0;0.0;43.81;6.39;0.0;202.0;252.08;0.13;0.0;0;0;0;-235.26;0.1;0.03;0.0;0.0
2027;270;365;beauce_5_sa_026;BTH;;17.26;0.0;16.43;-65.63;47.52;252.45;137.96;0.13;0.01;0;27.96;0;37.56;0.11;0.02;0.0;17.26
2027;1;226;beauce_5_sa_027;BTH;;5.7;1.27;59.63;28.74;135.69;15.56;57.41;0.16;0.0;0;79.85;0;-74.24;0.1;0.05;1.27;5.7
2027;227;286;beauce_5_sa_027;solnu;;0.04;0.0;25.51;-66.09;0.0;57.41;20.33;0.0;0.0;0;0;0;-104.2;0.0;0.0;0.0;0.04
2027;287;365;beauce_5_sa_027;BTH;;3.89;0.0;11.85;-11.83;0.0;19.47;16.45;0.0;0.0;0;0.0;0;78.59;0.0;0.0;0.0;3.89
2027;1;193;beauce_5_sa_028;BTH;;7.29;1.29;37.45;5.95;135.61;29.96;25.73;0.09;0.0;0;80.17;0;105.1;0.06;0.03;1.29;7.29
2027;194;304;beauce_5_sa_028;solnu;;0.33;0.0;43.47;-1.07;0.0;25.73;68.0;0.09;0.01;0;0;0;-135.24;0.07;0.03;0.0;0.33
2027;305;365;beauce_5_sa_028;BTH;;4.86;0.14;7.85;-47.69;0.47;68.24;36.31;0.0;0.0;0;0.27;0;-19.2;0.0;0.0;0.14;4.86
2027;1;218;beauce_5_sa_029;BTH;;0.36;0.0;48.42;13.76;45.1;1.87;18.55;0.04;0.0;0;26.54;0;-154.12;0.0;0.04;0.0;0.36
2027;219;317;beauce_5_sa_029;solnu;;0.72;0.0;32.84;-45.95;0.0;18.55;5.8;0.03;0.0;0;0;0;-190.38;0.02;0.01;0.0;0.72
2027;318;365;beauce_5_sa_029;BTH;;0.64;0.0;4.97;-4.99;0.0;5.81;5.14;0.0;0.0;0;0.0;0;1.56;0.0;0.0;0.0;0.64
2027;1;205;beauce_5_sa_030;BTH;;3.0;0.0;40.63;8.93;44.06;15.57;18.04;0.03;0.0;0;25.93;0;-158.96;0.0;0.03;0.0;3.0
2027;206;309;beauce_5_sa_030;solnu;;1.66;0.0;36.7;-5.66;0.0;18.04;47.32;0.09;0.01;0;0;0;-210.3;0.07;0.02;0.0;1.66
2027;310;365;beauce_5_sa_030;BTH;;2.72;0.0;5.84;-30.94;0.0;47.38;20.37;0.0;0.0;0;0.0;0;-33.51;0.0;0.0;0.0;2.72
2027;1;211;beauce_5_sa_031;BTH;;13.09;0.91;45.42;29.44;91.89;68.0;105.63;0.05;0.0;0;54.07;0;-44.53;0.0;0.05;0.91;13.09
2027;212;316;beauce_5_sa_031;solnu;;5.98;0.0;37.98;3.82;0.0;105.63;141.25;0.19;0.01;0;0;0;-170.77;0.16;0.03;0.0;5.98
2027;317;365;beauce_5_sa_031;BTH;;8.88;0.0;5.35;-66.39;0.0;141.41;71.34;0.0;0.0;0;0.0;0;0.33;0.0;0.0;0.0;8.88
2027;1;202;beauce_5_sa_032;BTH;;0.5;0.0;41.95;18.35;38.85;2.52;23.42;0.04;0.0;0;22.86;0;-114.36;0.0;0.04;0.0;0.5
2027;203;271;beauce_5_sa_032;solnu;;0.13;0.0;32.25;-49.84;0.0;23.42;5.68;0.03;0.0;0;0;0;-198.7;0.01;0.01;0.0;0.13
2027;272;365;beauce_5_sa_032;BTH;;1.07;0.0;14.61;-12.74;0.63;5.47;5.86;0.0;0.0;0;0.37;0;-8.36;0.0;0.0;0.0;1.07
2027;1;221;beauce_5_sa_033;BTH;;2.72;0.83;53.32;23.67;106.63;6.89;36.32;0.08;0.0;0;62.74;0;-52.23;0.04;0.05;0.83;2.72
2027;222;294;beauce_5_sa_033;solnu;;1.1;0.0;28.58;-55.81;0.0;36.32;11.06;0.02;0.0;0;0;0;-162.22;0.02;0.01;0.0;1.1
2027;295;365;beauce_5_sa_033;BTH;;1.38;0.0;8.99;-9.18;0.0;11.05;9.7;0.0;0.0;0;0.0;0;38.93;0.0;0.0;0.0;1.38
2027;1;179;beauce_5_sa_034;BTH;;0.68;0.0;29.86;13.74;37.25;3.36;9.0;0.03;0.0;0;22.8;0;-53.52;0.0;0.03;0.0;0.68
2027;180;262;beauce_5_sa_034;solnu;;0.0;0.0;41.1;-6.01;0.0;9.0;44.07;0.02;0.0;0;0;0;-246.55;0.0;0.02;0.0;0.0
2027;263;365;beauce_5_sa_034;BTH;;1.91;0.0;16.82;-47.41;4.5;44.37;7.04;0.02;0.0;0;2.65;0;-35.93;0.02;0.0;0.0;1.91
2027;1;214;beauce_5_sa_035;BTH;;14.66;2.21;54.72;45.63;200.37;113.49;164.1;0.19;0.0;0;130.32;0;-140.47;0.13;0.06;2.21;14.66
2027;215;286;beauce_5_sa_035;solnu;;0.0;0.0;36.31;-95.6;0.0;164.1;104.72;0.07;0.0;0;0;0;-81.95;0.06;0.01;0.0;0.0
2027;287;365;beauce_5_sa_035;BTH;;11.09;0.0;13.1;21.52;20.82;105.36;107.31;0.11;0.01;0;12.25;0;81.0;0.09;0.02;0.0;11.09
2027;1;175;beauce_5_sa_036;BTH;;0.68;0.0;28.1;11.43;39.18;3.37;3.01;0.02;0.0;0;23.05;0;-65.6;0.0;0.02;0.0;0.68
2027;176;312;beauce_5_sa_036;solnu;;0.95;0.0;50.1;-43.87;0.0;3.01;8.24;0.06;0.0;0;0;0;-256.46;0.03;0.02;0.0;0.95
2027;313;365;beauce_5_sa_036;BTH;;0.91;0.0;5.69;-5.58;0.0;8.23;7.43;0.0;0.0;0;0.0;0;-4.84;0.0;0.0;0.0;0.91
2027;1;222;beauce_5_sa_037;BTH;;3.4;0.0;56.32;46.26;95.71;54.88;58.21;0.14;0.0;0;59.43;0;-154.79;0.08;0.06;0.0;3.4
2027;223;262;beauce_5_sa_037;solnu;;0.0;0.0;18.62;-15.56;0.0;58.21;61.25;0.01;0.0;0;0;0;-129.25;0.01;0.01;0.0;0.0
2027;263;365;beauce_5_sa_037;BTH;;5.23;0.66;16.38;-61.05;4.17;61.5;57.28;0.07;0.0;0;2.45;0;9.07;0.06;0.0;0.66;5.23
2027;1;190;beauce_5_sa_038;BTH;;0.96;0.0;32.82;25.75;45.4;4.78;16.94;0.04;0.0;0;27.6;0;-122.24;0.0;0.04;0.0;0.96
2027;191;263;beauce_5_sa_038;solnu;;0.0;0.0;35.92;-5.29;0.0;16.94;47.55;0.02;0.0;0;0;0;-236.45;0.0;0.02;0.0;0.0
2027;264;365;beauce_5_sa_038;BTH;;2.52;0.0;15.76;-48.69;3.0;47.79;9.07;0.03;0.0;0;1.77;0;-50.57;0.03;0.0;0.0;2.52
2027;1;195;beauce_5_sa_039;BTH;;4.53;0.42;33.51;16.57;84.62;21.1;13.55;0.05;0.0;0;49.8;0;-122.77;0.01;0.03;0.42;4.53
2027;196;309;beauce_5_sa_039;solnu;;1.96;0.0;39.39;4.56;0.0;13.55;55.42;0.1;0.01;0;0;0;-224.27;0.07;0.03;0.0;1.96
2027;310;365;beauce_5_sa_039;BTH;;3.36;0.0;5.66;-36.52;0.0;55.46;25.07;0.0;0.0;0;0.0;0;-82.21;0.0;0.0;0.0;3.36
2027;1;190;beauce_5_sa_040;BTH;;1.47;0.97;36.18;27.22;109.0;7.39;31.38;0.05;0.0;0;64.14;0;34.3;0.01;0.04;0.97;1.47
2027;191;315;beauce_5_sa_040;solnu;;0.71;0.0;47.41;-66.52;0.0;31.38;11.6;0.05;0.0;0;0;0;-125.65;0.03;0.02;0.0;0.71
2027;316;365;beauce_5_sa_040;BTH;;1.28;0.0;6.07;-6.13;0.0;11.69;10.26;0.0;0.0;0;0.0;0;33.85;0.0;0.0;0.0;1.28
2027;1;181;beauce_5_sa_041;BTH;;8.82;1.24;30.46;12.01;133.03;34.3;27.84;0.09;0.0;0;78.28;0;23.45;0.06;0.03;1.24;8.82
2027;182;297;beauce_5_sa_041;solnu;;2.6;0.0;44.85;6.22;0.0;27.84;76.19;0.11;0.01;0;0;0;-171.65;0.08;0.03;0.0;2.6
2027;298;365;beauce_5_sa_041;BTH;;5.59;0.0;8.5;-44.11;0.0;76.44;39.19;0.0;0.0;0;0.0;0;-75.49;0.0;0.0;0.0;5.59
2027;1;179;beauce_5_sa_042;BTH;;10.38;0.0;31.52;-3.5;105.93;40.67;27.31;0.08;0.0;0;62.33;0;58.79;0.05;0.03;0.0;10.38
2027;180;312;beauce_5_sa_042;solnu;;3.84;0.0;51.29;3.32;0.0;27.31;78.34;0.12;0.01;0;0;0;-193.53;0.09;0.03;0.0;3.84
2027;313;365;beauce_5_sa_042;BTH;;5.14;1.02;6.27;-55.85;1.46;78.49;101.05;0.02;0.0;0;0.86;0;-40.26;0.02;0.0;1.02;5.14
2027;1;176;beauce_5_sa_043;BTH;;0.65;0.91;29.85;7.46;105.12;3.56;3.12;0.04;0.0;0;61.86;0;118.89;0.02;0.02;0.91;0.65
2027;177;296;beauce_5_sa_043;solnu;;0.05;0.0;44.59;-50.32;0.0;3.12;1.76;0.02;0.0;0;0;0;-170.32;0.0;0.02;0.0;0.05
2027;297;365;beauce_5_sa_043;BTH;;0.21;0.0;9.18;-9.21;0.0;1.79;1.52;0.0;0.0;0;0.0;0;54.26;0.0;0.0;0.0;0.21
2027;1;210;beauce_5_sa_044;BTH;;0.46;0.0;45.36;17.85;43.24;2.31;21.78;0.04;0.0;0;25.45;0;-148.34;0.0;0.04;0.0;0.46
2027;211;289;beauce_5_sa_044;solnu;;0.86;0.0;32.14;-45.46;0.0;21.78;7.65;0.04;0.0;0;0;0;-191.29;0.03;0.01;0.0;0.86
2027;290;365;beauce_5_sa_044;BTH;;0.95;0.0;10.15;-10.08;0.0;7.68;6.78;0.0;0.0;0;0.0;0;-4.28;0.0;0.0;0.0;0.95
2027;1;174;beauce_5_sa_045;BTH;;18.01;1.88;29.36;52.95;150.32;134.73;188.29;0.12;0.0;0;108.86;0;-29.54;0.07;0.05;1.88;18.01
2027;175;276;beauce_5_sa_045;solnu;;0.0;0.0;42.14;10.96;0.0;188.29;241.65;0.09;0.0;0;0;0;-190.97;0.05;0.03;0.0;0.0
2027;277;365;beauce_5_sa_045;BTH;;18.46;0.0;14.45;-75.69;35.49;242.33;126.3;0.15;0.01;0;20.88;0;32.18;0.14;0.01;0.0;18.46
2027;1;187;beauce_5_sa_046;BTH;;0.61;0.76;33.21;5.79;96.09;3.13;2.31;0.05;0.0;0;56.55;0;56.47;0.03;0.02;0.76;0.61
2027;188;295;beauce_5_sa_046;solnu;;0.24;0.0;43.88;-44.61;0.0;2.31;5.48;0.04;0.0;0;0;0;-194.51;0.02;0.02;0.0;0.24
2027;296;365;beauce_5_sa_046;BTH;;0.67;0.0;9.3;-9.54;0.0;5.67;4.79;0.0;0.0;0;0.0;0;47.45;0.0;0.0;0.0;0.67
2027;1;177;beauce_5_sa_047;BTH;;1.23;0.31;28.75;20.47;64.96;6.28;11.27;0.03;0.0;0;39.11;0;-56.38;0.0;0.03;0.31;1.23
2027;178;282;beauce_5_sa_047;solnu;;0.22;0.0;44.43;6.85;0.0;11.27;62.26;0.07;0.0;0;0;0;-240.81;0.04;0.03;0.0;0.22
2027;283;365;beauce_5_sa_047;BTH;;4.11;0.0;11.73;-49.56;1.5;62.66;18.89;0.03;0.01;0;0.88;0;-30.92;0.03;0.0;0.0;4.11
2027;1;206;beauce_5_sa_048;BTH;;13.46;2.18;44.53;29.33;185.02;80.62;119.22;0.1;0.0;0;108.92;0;134.82;0.05;0.04;2.18;13.46
2027;207;313;beauce_5_sa_048;solnu;;0.0;0.0;40.05;6.62;0.0;119.22;165.7;0.19;0.01;0;0;0;-113.74;0.16;0.03;0.0;0.0
2027;314;365;beauce_5_sa_048;BTH;;9.56;0.0;6.82;-75.17;0.0;166.09;87.78;0.0;0.0;0;0.0;0;47.99;0.0;0.0;0.0;9.56
2027;1;210;beauce_5_sa_049;BTH;;3.17;1.41;45.61;40.6;149.01;19.13;58.86;0.1;0.0;0;87.68;0;42.84;0.05;0.05;1.41;3.17
2027;211;314;beauce_5_sa_049;solnu;;0.19;0.0;39.89;-63.76;0.0;58.86;34.74;0.11;0.01;0;0;0;-102.21;0.09;0.02;0.0;0.19
2027;315;365;beauce_5_sa_049;BTH;;3.84;0.0;6.35;-6.46;0.0;34.68;30.79;0.0;0.0;0;0.0;0;40.59;0.0;0.0;0.0;3.84
2027;1;228;beauce_5_sa_050;BTH;;14.95;2.2;51.77;60.4;223.25;88.68;127.57;0.18;0.0;0;131.37;0;-105.48;0.11;0.07;2.2;14.95
2027;229;302;beauce_5_sa_050;solnu;;0.0;0.0;28.14;0.83;0.0;127.57;156.37;0.16;0.01;0;0;0;-118.74;0.14;0.02;0.0;0.0
2027;303;365;beauce_5_sa_050;BTH;;11.65;0.0;7.65;-60.95;0.0;156.67;91.41;0.01;0.0;0;0.0;0;11.65;0.01;0.0;0.0;11.65
2027;1;221;beauce_5_sa_051;BTH;;3.72;0.0;48.25;21.25;46.32;19.04;38.46;0.04;0.0;0;27.26;0;-226.31;0.0;0.04;0.0;3.72
2027;222;292;beauce_5_sa_051;solnu;;2.02;0.0;24.85;-11.6;0.0;38.46;49.61;0.08;0.01;0;0;0;-154.75;0.07;0.01;0.0;2.02
2027;293;365;beauce_5_sa_051;BTH;;3.24;0.0;8.61;-32.79;0.0;49.92;22.81;0.01;0.0;0;0.0;0;-44.86;0.0;0.0;0.0;3.24
2027;1;173;beauce_5_sa_052;BTH;;3.94;0.0;26.84;0.02;31.82;20.41;11.5;0.02;0.0;0;18.73;0;-68.76;0.0;0.02;0.0;3.94
2027;174;310;beauce_5_sa_052;solnu;;2.49;0.0;48.94;3.26;0.0;11.5;61.08;0.12;0.01;0;0;0;-261.83;0.09;0.03;0.0;2.49
2027;311;365;beauce_5_sa_052;BTH;;3.38;0.0;5.78;-36.38;0.0;61.23;27.1;0.0;0.0;0;0.0;0;-21.75;0.0;0.0;0.0;3.38
2027;1;206;beauce_5_sa_053;BTH;;1.13;0.65;47.72;23.47;90.12;3.96;32.77;0.09;0.0;0;53.03;0;-51.53;0.04;0.04;0.65;1.13
2027;207;268;beauce_5_sa_053;solnu;;0.07;0.0;32.05;-63.16;0.0;32.77;3.43;0.01;0.0;0;0;0;-140.33;0.01;0.01;0.0;0.07
2027;269;365;beauce_5_sa_053;BTH;;0.69;0.0;16.1;-11.45;2.33;3.48;5.06;0.0;0.0;0;1.37;0;66.23;0.0;0.0;0.0;0.69
2027;1;223;beauce_5_sa_054;BTH;;24.85;1.81;55.49;57.32;165.41;138.1;196.34;0.08;0.0;0;99.06;0;3.43;0.01;0.07;1.81;24.85
2027;224;303;beauce_5_sa_054;solnu;;2.3;0.0;32.64;-5.21;0.0;196.34;221.26;0.21;0.01;0;0;0;-151.59;0.19;0.02;0.0;2.3
2027;304;365;beauce_5_sa_054;BTH;;16.46;0.0;8.05;-89.89;0.9;221.59;122.04;0.02;0.0;0;0.53;0;41.69;0.02;0.0;0.0;16.46
2027;1;174;beauce_5_sa_055;BTH;;3.83;0.0;27.28;0.44;32.2;19.84;10.35;0.02;0.0;0;18.95;0;-66.14;0.0;0.02;0.0;3.83
2027;175;309;beauce_5_sa_055;solnu;;2.15;0.0;49.06;1.2;0.0;10.35;58.46;0.11;0.01;0;0;0;-260.13;0.08;0.03;0.0;2.15
2027;310;365;beauce_5_sa_055;BTH;;3.46;0.0;5.99;-35.11;0.0;58.48;25.87;0.0;0.0;0;0.0;0;-20.48;0.0;0.0;0.0;3.46
2027;1;175;beauce_5_sa_056;BTH;;3.98;1.08;30.74;45.64;108.12;27.56;72.29;0.07;0.0;0;67.39;0;-30.83;0.03;0.05;1.08;3.98
2027;176;272;beauce_5_sa_056;solnu;;0.08;0.0;46.39;-83.56;0.0;72.29;34.99;0.05;0.0;0;0;0;-196.9;0.02;0.03;0.0;0.08
2027;273;365;beauce_5_sa_056;BTH;;3.92;0.0;15.92;19.73;35.5;34.51;31.15;0.05;0.01;0;20.89;0;45.53;0.03;0.02;0.0;3.92
2027;1;192;beauce_5_sa_057;BTH;;5.61;0.91;38.1;39.04;76.68;26.79;90.03;0.09;0.0;0;53.19;0;4.37;0.04;0.05;0.91;5.61
2027;193;257;beauce_5_sa_057;solnu;;0.0;0.0;38.76;-1.41;0.0;90.03;127.35;0.03;0.0;0;0;0;-212.89;0.01;0.02;0.0;0.0
2027;258;365;beauce_5_sa_057;BTH;;6.89;0.0;18.87;-65.17;38.29;127.66;35.79;0.08;0.01;0;22.53;0;24.22;0.06;0.02;0.0;6.89
2027;1;171;beauce_5_sa_058;BTH;;0.72;0.16;27.62;10.76;50.06;3.65;2.06;0.03;0.0;0;29.46;0;-35.53;0.0;0.02;0.16;0.72
2027;172;291;beauce_5_sa_058;solnu;;0.82;0.0;48.67;-42.44;0.0;2.06;7.63;0.05;0.0;0;0;0;-232.11;0.02;0.02;0.0;0.82
2027;292;365;beauce_5_sa_058;BTH;;0.94;0.0;9.91;-9.83;0.0;7.69;6.77;0.0;0.0;0;0.0;0;-1.01;0.0;0.0;0.0;0.94
2027;1;188;beauce_5_sa_059;BTH;;1.26;0.6;35.86;22.45;81.02;6.28;27.16;0.05;0.0;0;47.68;0;-0.67;0.01;0.04;0.6;1.26
2027;189;263;beauce_5_sa_059;solnu;;0.0;0.0;43.61;-68.18;0.0;27.16;2.57;0.02;0.0;0;0;0;-168.7;0.0;0.01;0.0;0.0
2027;264;365;beauce_5_sa_059;BTH;;0.64;0.0;18.09;-4.03;7.3;2.57;8.68;0.01;0.0;0;4.29;0;54.79;0.0;0.01;0.0;0.64
2027;1;185;beauce_5_sa_060;BTH;;2.68;1.24;31.67;20.24;145.38;15.38;11.9;0.09;0.0;0;85.55;0;28.74;0.06;0.03;1.24;2.68
2027;186;283;beauce_5_sa_060;solnu;;0.0;0.0;40.66;8.9;0.0;11.9;61.4;0.06;0.0;0;0;0;-149.7;0.03;0.03;0.0;0.0
2027;284;365;beauce_5_sa_060;BTH;;2.92;0.0;12.36;-52.52;0.0;61.83;20.8;0.03;0.01;0;0.0;0;-30.7;0.02;0.0;0.0;2.92
2027;1;211;beauce_5_sa_061;BTH;;15.14;1.66;48.05;55.56;178.47;105.87;139.99;0.12;0.0;0;106.38;0;-64.16;0.05;0.06;1.66;15.14
2027;212;308;beauce_5_sa_061;solnu;;1.84;0.0;40.09;-96.9;0.0;139.99;81.22;0.12;0.01;0;0;0;-123.38;0.1;0.02;0.0;1.84
2027;309;365;beauce_5_sa_061;BTH;;8.81;0.0;7.18;11.46;3.27;81.44;87.74;0.04;0.0;0;1.92;0;55.48;0.03;0.01;0.0;8.81
2027;1;212;beauce_5_sa_062;BTH;;0.59;0.14;46.58;18.63;52.33;3.02;25.54;0.04;0.0;0;30.79;0;-128.4;0.0;0.04;0.14;0.59
2027;213;286;beauce_5_sa_062;solnu;;0.26;0.0;31.25;-47.12;0.0;25.54;9.51;0.04;0.0;0;0;0;-176.29;0.03;0.01;0.0;0.26
2027;287;365;beauce_5_sa_062;BTH;;1.83;0.0;10.88;-10.87;0.0;9.15;7.74;0.0;0.0;0;0.0;0;-4.36;0.0;0.0;0.0;1.83
2027;1;196;beauce_5_sa_063;BTH;;23.56;1.31;40.7;59.96;187.53;234.26;221.32;0.29;0.0;0;137.86;0;-85.54;0.23;0.06;1.31;23.56
2027;197;269;beauce_5_sa_063;solnu;;0.0;0.0;40.15;3.61;0.0;221.32;264.95;0.13;0.0;0;0;0;-245.46;0.1;0.03;0.0;0.0
2027;270;365;beauce_5_sa_063;BTH;;21.16;1.14;16.07;-64.68;47.5;265.32;232.9;0.13;0.01;0;27.95;0;36.38;0.12;0.02;1.14;21.16
2027;1;178;beauce_5_sa_064;BTH;;38.78;2.57;28.52;52.93;216.47;306.03;323.87;0.17;0.0;0;128.06;0;-5.32;0.12;0.05;2.57;38.78
2027;179;316;beauce_5_sa_064;solnu;;0.0;0.0;38.33;22.41;0.0;323.87;384.96;0.24;0.01;0;0;0;-138.47;0.2;0.04;0.0;0.0
2027;317;365;beauce_5_sa_064;BTH;;29.65;0.0;5.54;-78.29;1.79;385.16;280.71;0.06;0.0;0;1.06;0;5.98;0.06;0.0;0.0;29.65
2027;1;209;beauce_5_sa_065;BTH;;4.55;1.81;45.12;57.56;204.94;41.5;70.43;0.14;0.0;0;121.95;0;-38.03;0.08;0.06;1.81;4.55
2027;210;308;beauce_5_sa_065;solnu;;0.0;0.0;39.59;-80.67;0.0;70.43;29.3;0.06;0.0;0;0;0;-119.18;0.05;0.02;0.0;0.0
2027;309;365;beauce_5_sa_065;BTH;;3.32;0.0;7.36;-7.01;0.0;29.29;26.33;0.0;0.0;0;0.0;0;55.63;0.0;0.0;0.0;3.32
2027;1;221;beauce_5_sa_066;BTH;;8.5;0.0;49.54;50.59;141.25;30.43;64.04;0.16;0.0;0;83.12;0;-162.92;0.1;0.06;0.0;8.5
2027;222;285;beauce_5_sa_066;solnu;;0.0;0.0;23.76;-7.56;0.0;64.04;80.18;0.07;0.0;0;0;0;-133.38;0.05;0.01;0.0;0.0
2027;286;365;beauce_5_sa_066;BTH;;8.87;1.11;10.5;-49.16;0.9;80.62;118.38;0.04;0.01;0;0.53;0;-76.67;0.04;0.0;1.11;8.87
2027;1;219;beauce_5_sa_067;BTH;;11.18;1.03;53.02;34.38;109.02;55.53;99.54;0.07;0.0;0;64.62;0;-42.47;0.01;0.05;1.03;11.18
2027;220;294;beauce_5_sa_067;solnu;;4.62;0.0;31.89;-7.29;0.0;99.54;119.36;0.15;0.01;0;0;0;-165.03;0.13;0.02;0.0;4.62
2027;295;365;beauce_5_sa_067;BTH;;8.4;0.0;9.38;-61.85;0.0;119.65;58.96;0.01;0.0;0;0.0;0;10.61;0.01;0.0;0.0;8.4
2027;1;179;beauce_5_sa_068;BTH;;6.6;0.91;31.14;38.47;93.19;33.76;70.49;0.04;0.0;0;54.83;0;15.82;0.0;0.04;0.91;6.6
2027;180;299;beauce_5_sa_068;solnu;;3.56;0.0;48.53;-57.02;0.0;70.49;58.37;0.15;0.01;0;0;0;-206.36;0.12;0.03;0.0;3.56
2027;300;365;beauce_5_sa_068;BTH;;7.01;0.0;8.52;-10.75;0.0;57.98;49.13;0.0;0.0;0;0.0;0;27.51;0.0;0.0;0.0;7.01
2027;1;170;beauce_5_sa_069;BTH;;1.54;0.2;27.66;25.49;53.25;7.8;4.73;0.03;0.0;0;31.33;0;-66.39;0.0;0.03;0.2;1.54
2027;171;303;beauce_5_sa_069;solnu;;1.4;0.0;51.54;-57.93;0.0;4.73;12.25;0.06;0.0;0;0;0;-253.09;0.03;0.03;0.0;1.4
2027;304;365;beauce_5_sa_069;BTH;;1.46;0.0;7.3;-7.07;0.0;12.24;11.02;0.0;0.0;0;0.0;0;7.83;0.0;0.0;0.0;1.46
2027;1;206;beauce_5_sa_070;BTH;;28.22;2.39;53.21;54.44;152.9;199.32;304.47;0.19;0.0;0;126.8;0;-111.27;0.13;0.06;2.39;28.22
2027;207;259;beauce_5_sa_070;solnu;;0.0;0.0;31.68;-7.68;0.0;304.47;328.4;0.07;0.0;0;0;0;-199.44;0.06;0.02;0.0;0.0
2027;260;365;beauce_5_sa_070;BTH;;34.54;0.0;19.38;-68.66;62.87;328.72;181.46;0.24;0.01;0;37.0;0;99.85;0.22;0.02;0.0;34.54
2027;1;193;beauce_5_sa_071;BTH;;0.39;0.0;35.65;14.46;40.61;1.97;11.05;0.03;0.0;0;23.9;0;-84.61;0.0;0.03;0.0;0.39
2027;194;279;beauce_5_sa_071;solnu;;0.14;0.0;39.56;-42.91;0.0;11.05;7.52;0.04;0.0;0;0;0;-236.2;0.02;0.02;0.0;0.14
2027;280;365;beauce_5_sa_071;BTH;;1.51;0.0;12.51;-12.43;0.0;7.55;6.09;0.0;0.0;0;0.0;0;-13.21;0.0;0.0;0.0;1.51
2027;1;217;beauce_5_sa_072;BTH;;2.28;0.0;48.13;42.75;71.87;17.44;34.09;0.06;0.0;0;44.52;0;-164.03;0.01;0.05;0.0;2.28
2027;218;286;beauce_5_sa_072;solnu;;0.37;0.0;27.67;-10.83;0.0;34.09;50.5;0.06;0.0;0;0;0;-168.27;0.04;0.01;0.0;0.37
2027;287;365;beauce_5_sa_072;BTH;;4.85;0.36;10.51;-52.54;4.17;50.27;29.52;0.04;0.01;0;2.45;0;-71.03;0.04;0.0;0.36;4.85
2027;1;192;beauce_5_sa_073;BTH;;1.91;0.39;36.86;26.07;61.6;9.37;37.66;0.04;0.0;0;38.89;0;-46.63;0.0;0.04;0.39;1.91
2027;193;261;beauce_5_sa_073;solnu;;0.0;0.0;37.75;-4.86;0.0;37.66;70.53;0.02;0.0;0;0;0;-202.14;0.0;0.02;0.0;0.0
2027;262;365;beauce_5_sa_073;BTH;;3.48;0.0;17.48;-64.57;7.5;70.73;12.43;0.03;0.0;0;4.41;0;3.0;0.03;0.0;0.0;3.48
2027;1;174;beauce_5_sa_074;BTH;;8.72;1.73;32.87;36.56;103.81;60.49;147.04;0.12;0.0;0;99.96;0;-18.87;0.08;0.04;1.73;8.72
2027;175;257;beauce_5_sa_074;solnu;;0.0;0.0;50.43;-94.71;0.0;147.04;102.74;0.03;0.0;0;0;0;-138.16;0.0;0.03;0.0;0.0
2027;258;365;beauce_5_sa_074;BTH;;12.58;0.0;21.11;33.07;65.75;103.32;78.4;0.18;0.01;0;38.69;0;72.97;0.15;0.03;0.0;12.58
2027;1;217;beauce_5_sa_075;BTH;;0.34;0.21;51.13;20.71;55.66;1.71;33.58;0.05;0.0;0;32.76;0;-138.78;0.01;0.04;0.21;0.34
2027;218;275;beauce_5_sa_075;solnu;;0.03;0.0;26.3;-58.95;0.0;33.58;0.93;0.01;0.0;0;0;0;-145.96;0.0;0.01;0.0;0.03
2027;276;365;beauce_5_sa_075;BTH;;0.15;0.0;13.82;-13.59;0.0;0.89;1.0;0.0;0.0;0;0.0;0;37.98;0.0;0.0;0.0;0.15
2027;1;209;beauce_5_sa_076;BTH;;21.08;1.91;47.47;55.65;183.91;150.18;190.87;0.14;0.0;0;109.45;0;-89.82;0.07;0.06;1.91;21.08
2027;210;309;beauce_5_sa_076;solnu;;4.87;0.0;40.94;-94.9;0.0;190.87;131.88;0.16;0.01;0;0;0;-103.21;0.14;0.02;0.0;4.87
2027;310;365;beauce_5_sa_076;BTH;;12.72;0.0;7.03;12.94;3.0;131.47;136.06;0.06;0.0;0;1.77;0;49.0;0.05;0.01;0.0;12.72
2027;1;172;beauce_5_sa_077;BTH;;19.34;2.11;31.32;39.85;165.05;149.63;192.87;0.16;0.0;0;116.62;0;2.25;0.12;0.04;2.11;19.34
2027;173;278;beauce_5_sa_077;solnu;;0.0;0.0;45.46;-83.98;0.0;192.87;154.68;0.07;0.0;0;0;0;-143.3;0.05;0.03;0.0;0.0
2027;279;365;beauce_5_sa_077;BTH;;16.48;0.0;15.15;15.56;32.49;154.26;136.25;0.16;0.01;0;19.12;0;103.97;0.15;0.02;0.0;16.48
2027;1;229;beauce_5_sa_078;BTH;;21.48;2.21;64.25;66.04;206.23;154.99;222.98;0.27;0.0;0;136.42;0;-129.25;0.19;0.08;2.21;21.48
2027;230;282;beauce_5_sa_078;solnu;;0.0;0.0;23.56;-10.22;0.0;222.98;236.23;0.09;0.0;0;0;0;-145.16;0.08;0.01;0.0;0.0
2027;283;365;beauce_5_sa_078;BTH;;21.52;0.0;13.27;-83.36;14.98;236.61;129.54;0.08;0.01;0;8.82;0;77.28;0.08;0.0;0.0;21.52
2027;1;203;beauce_5_sa_079;BTH;;1.1;0.82;47.04;25.24;103.88;5.56;34.15;0.09;0.0;0;61.13;0;-31.26;0.05;0.04;0.82;1.1
2027;204;266;beauce_5_sa_079;solnu;;0.01;0.0;34.22;-64.22;0.0;34.15;4.76;0.02;0.0;0;0;0;-180.21;0.01;0.01;0.0;0.01
2027;267;365;beauce_5_sa_079;BTH;;0.92;0.0;17.02;-17.23;0.0;4.65;3.63;0.0;0.0;0;0.0;0;63.81;0.0;0.0;0.0;0.92
2027;1;217;beauce_5_sa_080;BTH;;5.32;0.98;49.16;32.79;123.43;27.37;53.5;0.09;0.0;0;74.4;0;-66.62;0.04;0.05;0.98;5.32
2027;218;288;beauce_5_sa_080;solnu;;1.55;0.0;30.03;-4.47;0.0;53.5;77.39;0.11;0.01;0;0;0;-135.32;0.1;0.02;0.0;1.55
2027;289;365;beauce_5_sa_080;BTH;;5.29;0.0;10.62;-48.37;0.0;77.58;37.16;0.01;0.0;0;0.0;0;-48.23;0.0;0.0;0.0;5.29
2027;1;215;beauce_5_sa_081;BTH;;15.21;1.69;53.21;55.29;158.58;103.18;164.35;0.14;0.0;0;103.96;0;-106.17;0.07;0.07;1.69;15.21
2027;216;288;beauce_5_sa_081;solnu;;5.57;0.0;34.32;-100.13;0.0;164.35;92.85;0.12;0.01;0;0;0;-137.73;0.11;0.01;0.0;5.57
2027;289;365;beauce_5_sa_081;BTH;;9.67;0.0;11.79;13.19;19.32;92.7;88.79;0.05;0.0;0;11.37;0;87.81;0.04;0.02;0.0;9.67
2027;1;183;beauce_5_sa_082;BTH;;1.81;1.14;31.1;26.46;136.82;8.66;12.64;0.1;0.0;0;80.51;0;6.42;0.06;0.04;1.14;1.81
2027;184;272;beauce_5_sa_082;solnu;;0.0;0.0;41.7;5.41;0.0;12.64;59.68;0.06;0.0;0;0;0;-183.47;0.03;0.03;0.0;0.0
2027;273;365;beauce_5_sa_082;BTH;;2.66;0.0;14.94;-59.86;0.0;60.17;13.7;0.0;0.0;0;0.0;0;-14.64;0.0;0.0;0.0;2.66
2027;1;187;beauce_5_sa_083;BTH;;15.25;1.72;34.02;53.03;154.71;84.84;129.35;0.1;0.0;0;99.21;0;12.0;0.05;0.05;1.72;15.25
2027;188;290;beauce_5_sa_083;solnu;;0.25;0.0;42.69;7.88;0.0;129.35;179.8;0.17;0.01;0;0;0;-177.93;0.14;0.03;0.0;0.25
2027;291;365;beauce_5_sa_083;BTH;;12.29;0.0;11.29;-84.03;8.62;180.36;86.13;0.02;0.0;0;5.07;0;33.65;0.01;0.0;0.0;12.29
2027;1;221;beauce_5_sa_084;BTH;;7.48;1.11;59.78;61.64;94.03;51.19;154.13;0.15;0.0;0;77.4;0;-190.57;0.08;0.07;1.11;7.48
2027;222;264;beauce_5_sa_084;solnu;;0.0;0.0;20.77;-13.78;0.0;154.13;161.09;0.02;0.0;0;0;0;-143.65;0.01;0.01;0.0;0.0
2027;265;365;beauce_5_sa_084;BTH;;13.72;0.0;17.31;-88.84;22.6;161.28;53.17;0.07;0.0;0;13.3;0;72.34;0.06;0.01;0.0;13.72
2027;1;184;beauce_5_sa_085;BTH;;2.71;0.36;31.45;6.45;65.03;11.31;8.27;0.04;0.0;0;38.27;0;-16.37;0.01;0.03;0.36;2.71
2027;185;311;beauce_5_sa_085;solnu;;1.78;0.0;48.07;-33.43;0.0;8.27;22.05;0.09;0.01;0;0;0;-245.14;0.06;0.03;0.0;1.78
2027;312;365;beauce_5_sa_085;BTH;;2.45;0.0;5.99;-7.54;0.0;22.05;19.65;0.0;0.0;0;0.0;0;-26.79;0.0;0.0;0.0;2.45
2027;1;189;beauce_5_sa_086;BTH;;0.83;0.37;34.84;20.21;69.54;4.16;16.53;0.04;0.0;0;40.92;0;-27.84;0.0;0.03;0.37;0.83
2027;190;270;beauce_5_sa_086;solnu;;0.09;0.0;41.54;-56.18;0.0;16.53;1.79;0.02;0.0;0;0;0;-204.69;0.0;0.02;0.0;0.09
2027;271;365;beauce_5_sa_086;BTH;;0.34;0.0;15.57;-12.54;1.08;1.83;3.39;0.0;0.0;0;0.64;0;24.38;0.0;0.0;0.0;0.34
2027;1;171;beauce_5_sa_087;BTH;;1.89;0.53;28.53;12.04;75.83;3.9;5.05;0.06;0.0;0;44.62;0;16.58;0.03;0.03;0.53;1.89
2027;172;275;beauce_5_sa_087;solnu;;0.07;0.0;46.43;-43.49;0.0;5.05;8.78;0.04;0.0;0;0;0;-200.46;0.01;0.02;0.0;0.07
2027;276;365;beauce_5_sa_087;BTH;;1.75;0.0;14.41;-15.38;0.0;8.98;7.06;0.0;0.0;0;0.0;0;2.64;0.0;0.0;0.0;1.75
2027;1;222;beauce_5_sa_088;BTH;;11.49;1.61;53.68;25.05;166.31;47.86;69.26;0.15;0.0;0;97.86;0;-6.24;0.1;0.05;1.61;11.49
2027;223;292;beauce_5_sa_088;solnu;;2.04;0.0;28.24;-9.28;0.0;69.26;86.07;0.1;0.01;0;0;0;-129.15;0.08;0.01;0.0;2.04
2027;293;365;beauce_5_sa_088;BTH;;7.26;0.0;9.87;-42.29;0.0;86.42;51.0;0.01;0.0;0;0.0;0;-53.2;0.0;0.0;0.0;7.26
2027;1;207;beauce_5_sa_089;BTH;;11.49;0.83;44.13;25.61;87.03;59.6;92.75;0.04;0.0;0;51.21;0;-35.94;0.0;0.04;0.83;11.49
2027;208;311;beauce_5_sa_089;solnu;;5.4;0.0;38.71;3.08;0.0;92.75;128.95;0.18;0.01;0;0;0;-175.78;0.15;0.03;0.0;5.4
2027;312;365;beauce_5_sa_089;BTH;;7.93;0.0;6.11;-63.59;0.0;129.26;63.53;0.0;0.0;0;0.0;0;2.13;0.0;0.0;0.0;7.93
2027;1;184;beauce_5_sa_090;BTH;;9.43;0.0;29.33;15.56;114.09;37.97;23.57;0.09;0.0;0;67.13;0;-70.34;0.05;0.04;0.0;9.43
2027;185;308;beauce_5_sa_090;solnu;;2.98;0.0;42.94;11.04;0.0;23.57;74.61;0.12;0.01;0;0;0;-226.29;0.08;0.03;0.0;2.98
2027;309;365;beauce_5_sa_090;BTH;;5.07;0.88;6.03;-48.91;0.9;74.84;94.99;0.02;0.0;0;0.53;0;-78.09;0.01;0.0;0.88;5.07
2027;1;226;beauce_5_sa_091;BTH;;0.72;0.0;51.65;29.41;48.94;3.65;34.99;0.05;0.0;0;28.8;0;-231.73;0.0;0.05;0.0;0.72
2027;227;291;beauce_5_sa_091;solnu;;0.99;0.0;22.67;-48.21;0.0;34.99;8.75;0.03;0.0;0;0;0;-141.48;0.03;0.01;0.0;0.99
2027;292;365;beauce_5_sa_091;BTH;;1.09;0.0;9.06;-9.05;0.0;8.75;7.73;0.0;0.0;0;0.0;0;-9.44;0.0;0.0;0.0;1.09
2027;1;188;beauce_5_sa_092;BTH;;0.99;1.14;34.53;7.51;126.41;5.72;4.04;0.06;0.0;0;74.39;0;105.97;0.03;0.03;1.14;0.99
2027;189;296;beauce_5_sa_092;solnu;;0.0;0.0;43.29;-28.07;0.0;4.04;20.53;0.09;0.01;0;0;0;-162.8;0.06;0.03;0.0;0.0
2027;297;365;beauce_5_sa_092;BTH;;2.57;0.0;9.53;-13.87;0.0;20.53;18.11;0.0;0.0;0;0.0;0;-18.3;0.0;0.0;0.0;2.57
2027;1;201;beauce_5_sa_093;BTH;;4.45;1.01;42.92;22.07;117.44;12.58;31.36;0.11;0.0;0;69.1;0;31.99;0.07;0.04;1.01;4.45
2027;202;280;beauce_5_sa_093;solnu;;0.0;0.0;38.86;-43.54;0.0;31.36;26.62;0.06;0.0;0;0;0;-192.4;0.04;0.02;0.0;0.0
2027;281;365;beauce_5_sa_093;BTH;;4.39;0.0;13.12;-19.9;0.0;25.47;18.42;0.0;0.0;0;0.0;0;2.95;0.0;0.0;0.0;4.39
2027;1;206;beauce_5_sa_094;BTH;;0.48;0.0;44.08;19.81;40.48;2.43;25.32;0.04;0.0;0;23.82;0;-143.38;0.0;0.04;0.0;0.48
2027;207;274;beauce_5_sa_094;solnu;;0.11;0.0;30.55;-51.39;0.0;25.32;4.35;0.02;0.0;0;0;0;-187.25;0.01;0.01;0.0;0.11
2027;275;365;beauce_5_sa_094;BTH;;0.85;0.0;13.85;-12.87;0.0;4.42;4.47;0.0;0.0;0;0.0;0;-9.0;0.0;0.0;0.0;0.85
2027;1;185;beauce_5_sa_095;BTH;;1.45;1.03;33.81;14.52;118.55;6.98;12.29;0.09;0.0;0;69.76;0;49.21;0.06;0.03;1.03;1.45
2027;186;272;beauce_5_sa_095;solnu;;0.0;0.0;44.96;-54.07;0.0;12.29;6.08;0.02;0.0;0;0;0;-176.31;0.0;0.02;0.0;0.0
2027;273;365;beauce_5_sa_095;BTH;;1.06;0.0;15.95;-16.08;0.0;6.05;4.89;0.0;0.0;0;0.0;0;75.05;0.0;0.0;0.0;1.06
2027;1;213;beauce_5_sa_096;BTH;;10.76;2.11;59.95;39.35;167.58;65.14;143.51;0.27;0.01;0;126.97;0;-276.79;0.21;0.06;2.11;10.76
2027;214;268;beauce_5_sa_096;solnu;;0.0;0.0;32.01;-88.65;0.0;143.51;67.91;0.05;0.01;0;0;0;40.46;0.03;0.02;0.0;0.0
2027;269;365;beauce_5_sa_096;BTH;;9.59;0.0;18.23;25.03;48.99;68.59;52.5;0.07;0.01;0;28.83;0;42.47;0.05;0.03;0.0;9.59
2027;1;177;beauce_5_sa_097;BTH;;3.34;1.12;28.51;57.35;144.43;21.07;41.02;0.1;0.0;0;92.52;0;-50.65;0.05;0.05;1.12;3.34
2027;178;278;beauce_5_sa_097;solnu;;0.0;0.0;38.57;13.83;0.0;41.02;93.4;0.07;0.0;0;0;0;-187.51;0.04;0.03;0.0;0.0
2027;279;365;beauce_5_sa_097;BTH;;3.99;0.14;12.91;-76.6;9.83;93.78;26.61;0.04;0.01;0;5.78;0;-1.91;0.03;0.0;0.14;3.99
2027;1;175;beauce_5_sa_098;BTH;;2.67;1.16;28.56;31.36;139.84;15.41;18.61;0.1;0.0;0;84.05;0;-5.2;0.06;0.04;1.16;2.67
2027;176;275;beauce_5_sa_098;solnu;;0.0;0.0;39.35;12.87;0.0;18.61;70.81;0.06;0.0;0;0;0;-173.21;0.03;0.03;0.0;0.0
2027;276;365;beauce_5_sa_098;BTH;;2.35;0.0;14.19;-65.33;3.0;71.26;14.38;0.01;0.0;0;1.77;0;11.75;0.0;0.0;0.0;2.35
2027;1;203;beauce_5_sa_099;BTH;;6.4;1.51;42.47;1.05;152.77;24.53;23.13;0.09;0.0;0;89.9;0;74.83;0.05;0.04;1.51;6.4
2027;204;317;beauce_5_sa_099;solnu;;0.53;0.0;41.14;-1.72;0.0;23.13;61.92;0.1;0.01;0;0;0;-123.72;0.07;0.03;0.0;0.53
2027;318;365;beauce_5_sa_099;BTH;;3.71;0.0;5.77;-37.78;0.0;62.12;29.81;0.0;0.0;0;0.0;0;-51.85;0.0;0.0;0.0;3.71
2028;1;171;beauce_5_sa_000;BTH;;5.28;2.01;35.37;32.78;152.57;48.76;110.21;0.13;0.0;0;120.39;0;-101.76;0.08;0.04;2.01;5.28
2028;172;267;beauce_5_sa_000;solnu;;0.0;0.0;27.98;-71.01;0.0;110.21;67.18;0.01;0.0;0;0;0;-117.43;0.0;0.01;0.0;0.0
2028;268;366;beauce_5_sa_000;BTH;;2.0;0.0;18.46;-8.83;36.01;66.56;38.77;0.03;0.0;0;21.19;0;124.29;0.01;0.02;0.0;2.0
2028;1;211;beauce_5_sa_001;BTH;;17.95;2.19;51.98;58.44;136.3;151.17;273.29;0.14;0.0;0;116.22;0;-166.67;0.07;0.07;2.19;17.95
2028;212;261;beauce_5_sa_001;solnu;;0.0;0.0;20.5;-11.95;0.0;273.29;281.83;0.01;0.0;0;0;0;-138.78;0.0;0.01;0.0;0.0
2028;262;366;beauce_5_sa_001;BTH;;11.12;0.0;17.41;-69.98;62.82;282.02;155.15;0.17;0.0;0;36.97;0;79.69;0.15;0.02;0.0;11.12
2028;1;184;beauce_5_sa_002;BTH;;0.66;0.0;34.96;26.16;64.22;20.89;17.05;0.06;0.0;0;39.86;0;-127.26;0.02;0.04;0.0;0.66
2028;185;263;beauce_5_sa_002;solnu;;0.0;0.0;23.03;-38.08;0.0;17.05;2.87;0.01;0.0;0;0;0;-153.73;0.0;0.01;0.0;0.0
2028;264;366;beauce_5_sa_002;BTH;;0.43;0.22;15.42;-19.61;1.36;2.89;16.24;0.0;0.0;0;0.8;0;-43.59;0.0;0.0;0.22;0.43
2028;1;227;beauce_5_sa_003;BTH;;1.17;0.29;48.69;16.74;69.34;6.67;23.39;0.04;0.0;0;40.81;0;-103.7;0.0;0.04;0.29;1.17
2028;228;300;beauce_5_sa_003;solnu;;0.02;0.0;12.64;-35.88;0.0;23.39;2.8;0.0;0.0;0;0;0;-127.31;0.0;0.0;0.0;0.02
2028;301;366;beauce_5_sa_003;BTH;;0.41;0.0;8.66;-10.84;0.0;2.8;2.45;0.0;0.0;0;0.0;0;-19.31;0.0;0.0;0.0;0.41
2028;1;211;beauce_5_sa_004;BTH;;5.99;0.6;44.83;14.44;75.15;34.09;57.62;0.04;0.0;0;44.22;0;-60.15;0.0;0.04;0.6;5.99
2028;212;294;beauce_5_sa_004;solnu;;0.0;0.0;16.26;-13.38;0.0;57.62;60.49;0.01;0.0;0;0;0;-72.24;0.01;0.0;0.0;0.0
2028;295;366;beauce_5_sa_004;BTH;;2.52;0.0;10.22;-52.07;1.5;60.65;14.71;0.01;0.0;0;0.88;0;32.94;0.01;0.0;0.0;2.52
2028;1;199;beauce_5_sa_005;BTH;;8.99;1.4;41.96;43.16;206.9;83.93;59.03;0.09;0.01;0;124.2;0;3.13;0.04;0.05;1.4;8.99
2028;200;288;beauce_5_sa_005;solnu;;0.0;0.0;21.94;-8.61;0.0;59.03;72.35;0.01;0.0;0;0;0;-67.71;0.0;0.01;0.0;0.0
2028;289;366;beauce_5_sa_005;BTH;;0.7;0.69;12.24;-64.32;6.39;72.53;65.25;0.04;0.0;0;3.76;0;54.88;0.03;0.0;0.69;0.7
2028;1;174;beauce_5_sa_006;BTH;;11.73;1.88;35.51;42.16;118.63;102.28;191.67;0.08;0.0;0;98.66;0;-30.72;0.03;0.05;1.88;11.73
2028;175;268;beauce_5_sa_006;solnu;;0.0;0.0;26.92;-7.26;0.0;191.67;211.32;0.01;0.0;0;0;0;-104.96;0.0;0.01;0.0;0.0
2028;269;366;beauce_5_sa_006;BTH;;5.5;0.0;17.9;-79.15;51.54;211.37;92.94;0.09;0.0;0;30.33;0;111.98;0.08;0.01;0.0;5.5
2028;1;195;beauce_5_sa_007;BTH;;2.65;0.58;38.62;14.08;92.17;20.87;22.39;0.04;0.0;0;54.23;0;-51.14;0.01;0.03;0.58;2.65
2028;196;286;beauce_5_sa_007;solnu;;0.0;0.0;20.66;-12.29;0.0;22.39;30.75;0.01;0.0;0;0;0;-75.23;0.0;0.01;0.0;0.0
2028;287;366;beauce_5_sa_007;BTH;;1.29;0.0;11.23;-37.24;0.0;30.97;9.21;0.0;0.0;0;0.0;0;-86.02;0.0;0.0;0.0;1.29
2028;1;174;beauce_5_sa_008;BTH;;1.72;1.12;33.3;15.89;136.89;13.48;7.86;0.03;0.0;0;80.55;0;75.89;0.01;0.03;1.12;1.72
2028;175;299;beauce_5_sa_008;solnu;;0.0;0.0;25.66;-33.89;0.0;7.86;6.99;0.0;0.0;0;0;0;-208.09;0.0;0.0;0.0;0.0
2028;300;366;beauce_5_sa_008;BTH;;0.47;0.0;10.2;-11.34;0.0;6.99;6.67;0.0;0.0;0;0.0;0;34.16;0.0;0.0;0.0;0.47
2028;1;217;beauce_5_sa_009;BTH;;0.2;0.0;47.8;22.88;45.8;4.37;28.98;0.05;0.0;0;32.99;0;-280.07;0.0;0.04;0.0;0.2
2028;218;267;beauce_5_sa_009;solnu;;0.0;0.0;12.51;-42.55;0.0;28.98;0.7;0.0;0.0;0;0;0;-99.86;0.0;0.0;0.0;0.0
2028;268;366;beauce_5_sa_009;BTH;;0.11;0.0;14.97;-14.89;0.0;0.7;0.67;0.0;0.0;0;0.0;0;20.73;0.0;0.0;0.0;0.11
2028;1;228;beauce_5_sa_010;BTH;;2.97;0.63;51.05;67.5;90.33;23.02;95.95;0.12;0.01;0;59.97;0;-242.61;0.04;0.07;0.63;2.97
2028;229;262;beauce_5_sa_010;solnu;;0.0;0.0;7.97;-12.05;0.0;95.95;91.87;0.0;0.0;0;0;0;-52.86;0.0;0.0;0.0;0.0
2028;263;366;beauce_5_sa_010;BTH;;1.65;0.0;15.14;-81.38;15.0;91.93;8.98;0.01;0.0;0;8.83;0;11.5;0.01;0.0;0.0;1.65
2028;1;172;beauce_5_sa_011;BTH;;10.66;2.01;35.29;41.51;129.26;97.59;186.13;0.13;0.01;0;112.98;0;-31.48;0.08;0.05;2.01;10.66
2028;173;260;beauce_5_sa_011;solnu;;0.0;0.0;30.47;-5.23;0.0;186.13;211.34;0.02;0.0;0;0;0;-159.32;0.0;0.02;0.0;0.0
2028;261;366;beauce_5_sa_011;BTH;;6.37;0.0;18.19;-73.5;60.94;211.41;88.64;0.09;0.0;0;35.86;0;100.12;0.07;0.02;0.0;6.37
2028;1;219;beauce_5_sa_012;BTH;;0.27;0.0;48.79;27.28;48.87;5.78;32.64;0.05;0.0;0;34.59;0;-293.97;0.0;0.05;0.0;0.27
2028;220;266;beauce_5_sa_012;solnu;;0.0;0.0;12.16;-46.88;0.0;32.64;1.05;0.0;0.0;0;0;0;-113.89;0.0;0.0;0.0;0.0
2028;267;366;beauce_5_sa_012;BTH;;0.15;0.0;15.0;-15.46;0.0;0.94;0.92;0.0;0.0;0;0.0;0;15.77;0.0;0.0;0.0;0.15
2028;1;177;beauce_5_sa_013;BTH;;1.1;0.88;33.79;13.69;114.52;8.61;6.32;0.04;0.0;0;67.39;0;26.02;0.01;0.03;0.88;1.1
2028;178;280;beauce_5_sa_013;solnu;;0.0;0.0;25.53;-29.2;0.0;6.32;4.01;0.01;0.0;0;0;0;-138.12;0.0;0.01;0.0;0.0
2028;281;366;beauce_5_sa_013;BTH;;0.44;0.0;13.82;-19.26;0.0;4.01;3.66;0.0;0.0;0;0.0;0;-34.46;0.0;0.0;0.0;0.44
2028;1;185;beauce_5_sa_014;BTH;;14.39;1.89;38.56;52.08;146.46;112.52;185.4;0.12;0.01;0;96.67;0;-11.26;0.07;0.05;1.89;14.39
2028;186;290;beauce_5_sa_014;solnu;;0.0;0.0;26.06;-5.37;0.0;185.4;206.07;0.03;0.0;0;0;0;-95.65;0.01;0.01;0.0;0.0
2028;291;366;beauce_5_sa_014;BTH;;9.92;0.0;12.13;-87.48;15.0;206.3;105.72;0.08;0.0;0;8.82;0;72.77;0.07;0.01;0.0;9.92
2028;1;201;beauce_5_sa_015;BTH;;0.73;0.36;40.31;11.96;72.95;4.25;9.85;0.05;0.01;0;42.93;0;-61.03;0.01;0.03;0.36;0.73
2028;202;305;beauce_5_sa_015;solnu;;0.0;0.0;21.4;-32.55;0.0;9.85;1.81;0.0;0.0;0;0;0;-155.17;0.0;0.0;0.0;0.0
2028;306;366;beauce_5_sa_015;BTH;;0.21;0.0;7.73;-10.82;0.0;1.81;1.69;0.0;0.0;0;0.0;0;-32.45;0.0;0.0;0.0;0.21
2028;1;186;beauce_5_sa_016;BTH;;3.55;0.72;35.92;45.79;79.49;37.73;90.68;0.09;0.0;0;72.31;0;-172.47;0.04;0.05;0.72;3.55
2028;187;257;beauce_5_sa_016;solnu;;0.0;0.0;22.8;-10.36;0.0;90.68;103.12;0.01;0.0;0;0;0;-162.08;0.0;0.01;0.0;0.0
2028;258;366;beauce_5_sa_016;BTH;;1.82;0.0;15.74;-84.2;20.27;103.24;12.57;0.0;0.0;0;11.93;0;17.39;0.0;0.0;0.0;1.82
2028;1;225;beauce_5_sa_017;BTH;;35.77;2.31;60.45;45.27;208.55;343.6;382.22;0.2;0.01;0;138.5;0;-195.63;0.14;0.06;2.31;35.77
2028;226;283;beauce_5_sa_017;solnu;;0.0;0.0;21.66;-101.0;0.0;382.22;302.83;0.05;0.0;0;0;0;-37.39;0.05;0.0;0.0;0.0
2028;284;366;beauce_5_sa_017;BTH;;9.54;0.82;14.22;20.99;26.73;303.12;363.2;0.13;0.0;0;15.73;0;114.97;0.11;0.02;0.82;9.54
2028;1;213;beauce_5_sa_018;BTH;;17.98;1.79;48.35;54.87;147.44;134.82;209.52;0.06;0.0;0;88.34;0;13.84;0.0;0.06;1.79;17.98
2028;214;312;beauce_5_sa_018;solnu;;0.0;0.0;21.16;-8.93;0.0;209.52;221.7;0.07;0.0;0;0;0;-83.97;0.06;0.01;0.0;0.0
2028;313;366;beauce_5_sa_018;BTH;;10.42;0.0;7.5;-93.04;3.74;222.21;121.94;0.06;0.0;0;2.2;0;41.52;0.06;0.0;0.0;10.42
2028;1;208;beauce_5_sa_019;BTH;;3.16;0.0;40.57;7.47;44.62;17.3;17.85;0.03;0.0;0;26.25;0;-138.99;0.0;0.03;0.0;3.16
2028;209;313;beauce_5_sa_019;solnu;;0.19;0.0;19.04;-28.38;0.0;17.85;9.1;0.01;0.0;0;0;0;-107.7;0.01;0.0;0.0;0.19
2028;314;366;beauce_5_sa_019;BTH;;1.12;0.0;5.97;-8.57;0.0;8.99;7.92;0.0;0.0;0;0.0;0;-56.1;0.0;0.0;0.0;1.12
2028;1;194;beauce_5_sa_020;BTH;;3.31;0.0;36.18;6.63;45.92;18.14;12.09;0.03;0.0;0;27.02;0;-138.95;0.0;0.03;0.0;3.31
2028;195;314;beauce_5_sa_020;solnu;;0.2;0.0;22.57;-12.7;0.0;12.09;21.76;0.02;0.0;0;0;0;-108.13;0.01;0.01;0.0;0.2
2028;315;366;beauce_5_sa_020;BTH;;1.17;0.0;5.88;-21.49;0.0;21.97;8.49;0.0;0.0;0;0.0;0;-66.12;0.0;0.0;0.0;1.17
2028;1;187;beauce_5_sa_021;BTH;;3.13;0.0;33.89;8.63;47.45;17.8;10.07;0.03;0.0;0;27.92;0;-122.04;0.0;0.03;0.0;3.13
2028;188;293;beauce_5_sa_021;solnu;;0.0;0.0;21.93;-14.67;0.0;10.07;17.32;0.01;0.0;0;0;0;-118.72;0.0;0.01;0.0;0.0
2028;294;366;beauce_5_sa_021;BTH;;1.16;0.0;9.68;-23.28;0.0;17.52;6.78;0.0;0.0;0;0.0;0;-68.17;0.0;0.0;0.0;1.16
2028;1;188;beauce_5_sa_022;BTH;;3.39;0.0;34.58;4.77;45.75;18.84;9.44;0.02;0.0;0;26.92;0;-121.21;0.0;0.02;0.0;3.39
2028;189;307;beauce_5_sa_022;solnu;;0.2;0.0;24.37;-14.71;0.0;9.44;18.89;0.01;0.0;0;0;0;-111.13;0.01;0.01;0.0;0.2
2028;308;366;beauce_5_sa_022;BTH;;1.17;0.0;7.09;-21.65;0.0;19.07;8.2;0.0;0.0;0;0.0;0;-79.09;0.0;0.0;0.0;1.17
2028;1;200;beauce_5_sa_023;BTH;;0.84;0.0;38.87;11.53;45.73;4.79;8.68;0.03;0.0;0;26.91;0;-115.69;0.0;0.03;0.0;0.84
2028;201;310;beauce_5_sa_023;solnu;;0.06;0.0;21.38;-33.29;0.0;8.68;2.02;0.0;0.0;0;0;0;-183.82;0.0;0.0;0.0;0.06
2028;311;366;beauce_5_sa_023;BTH;;0.25;0.0;6.63;-7.69;0.0;2.02;1.78;0.0;0.0;0;0.0;0;-2.37;0.0;0.0;0.0;0.25
2028;1;200;beauce_5_sa_024;BTH;;7.61;1.54;45.21;50.16;134.06;60.79;130.2;0.13;0.01;0;88.19;0;-51.77;0.07;0.06;1.54;7.61
2028;201;290;beauce_5_sa_024;solnu;;0.0;0.0;22.51;-96.68;0.0;130.2;56.02;0.01;0.0;0;0;0;-98.07;0.01;0.01;0.0;0.0
2028;291;366;beauce_5_sa_024;BTH;;4.31;0.0;12.16;0.6;14.99;55.16;49.42;0.04;0.0;0;8.82;0;99.16;0.03;0.01;0.0;4.31
2028;1;181;beauce_5_sa_025;BTH;;2.89;1.28;36.21;48.32;137.81;21.36;61.55;0.11;0.01;0;85.51;0;-52.05;0.05;0.05;1.28;2.89
2028;182;268;beauce_5_sa_025;solnu;;0.0;0.0;26.6;-4.15;0.0;61.55;83.99;0.02;0.0;0;0;0;-118.88;0.0;0.02;0.0;0.0
2028;269;366;beauce_5_sa_025;BTH;;1.24;0.0;16.63;-81.75;7.5;84.06;10.12;0.0;0.0;0;4.41;0;53.9;0.0;0.0;0.0;1.24
2028;1;192;beauce_5_sa_026;BTH;;16.34;2.29;40.04;55.68;182.06;135.93;206.71;0.16;0.01;0;135.09;0;-101.57;0.1;0.06;2.29;16.34
2028;193;270;beauce_5_sa_026;solnu;;0.0;0.0;25.8;-5.26;0.0;206.71;227.24;0.01;0.0;0;0;0;-150.19;0.0;0.01;0.0;0.0
2028;271;366;beauce_5_sa_026;BTH;;3.53;0.0;16.39;-64.24;48.49;227.61;127.25;0.12;0.0;0;28.53;0;61.09;0.11;0.02;0.0;3.53
2028;1;226;beauce_5_sa_027;BTH;;3.1;1.27;54.38;30.41;140.74;16.15;52.33;0.1;0.0;0;82.82;0;-62.73;0.05;0.05;1.27;3.1
2028;227;287;beauce_5_sa_027;solnu;;0.0;0.0;16.0;-52.71;0.0;52.33;21.39;0.0;0.0;0;0;0;-142.69;0.0;0.0;0.0;0.0
2028;288;366;beauce_5_sa_027;BTH;;2.38;0.0;11.85;-12.32;0.0;21.39;19.13;0.0;0.0;0;0.0;0;81.74;0.0;0.0;0.0;2.38
2028;1;193;beauce_5_sa_028;BTH;;4.51;1.29;40.33;8.87;156.99;35.61;20.38;0.05;0.0;0;92.66;0;85.11;0.02;0.03;1.29;4.51
2028;194;305;beauce_5_sa_028;solnu;;0.0;0.0;23.53;-8.9;0.0;20.38;34.99;0.02;0.0;0;0;0;-69.57;0.01;0.01;0.0;0.0
2028;306;366;beauce_5_sa_028;BTH;;0.66;0.14;8.78;-38.68;0.43;35.22;18.69;0.0;0.0;0;0.25;0;-27.75;0.0;0.0;0.14;0.66
2028;1;218;beauce_5_sa_029;BTH;;0.89;0.0;44.68;14.4;47.18;5.05;16.11;0.04;0.0;0;27.76;0;-145.38;0.0;0.04;0.0;0.89
2028;219;318;beauce_5_sa_029;solnu;;0.06;0.0;16.69;-37.11;0.0;16.11;2.09;0.0;0.0;0;0;0;-164.02;0.0;0.0;0.0;0.06
2028;319;366;beauce_5_sa_029;BTH;;0.26;0.0;5.64;-6.12;0.0;2.06;1.88;0.0;0.0;0;0.0;0;-3.24;0.0;0.0;0.0;0.26
2028;1;205;beauce_5_sa_030;BTH;;3.61;0.0;38.72;10.43;47.46;19.94;18.42;0.03;0.0;0;27.93;0;-151.99;0.0;0.03;0.0;3.61
2028;206;310;beauce_5_sa_030;solnu;;0.22;0.0;19.12;-13.74;0.0;18.42;23.56;0.02;0.0;0;0;0;-106.25;0.01;0.01;0.0;0.22
2028;311;366;beauce_5_sa_030;BTH;;1.28;0.0;6.35;-23.0;0.0;23.69;9.09;0.0;0.0;0;0.0;0;-69.52;0.0;0.0;0.0;1.28
2028;1;211;beauce_5_sa_031;BTH;;11.46;0.91;44.31;30.48;97.74;69.99;104.68;0.05;0.0;0;57.51;0;-76.12;0.0;0.05;0.91;11.46
2028;212;317;beauce_5_sa_031;solnu;;0.0;0.0;20.41;-8.06;0.0;104.68;116.98;0.05;0.0;0;0;0;-79.35;0.04;0.01;0.0;0.0
2028;318;366;beauce_5_sa_031;BTH;;6.27;0.0;6.17;-65.94;0.0;117.13;50.91;0.03;0.0;0;0.0;0;11.7;0.03;0.0;0.0;6.27
2028;1;202;beauce_5_sa_032;BTH;;0.69;0.0;40.51;28.99;53.82;5.79;20.81;0.04;0.0;0;32.04;0;-183.59;0.0;0.04;0.0;0.69
2028;203;272;beauce_5_sa_032;solnu;;0.0;0.0;15.08;-33.93;0.0;20.81;1.96;0.0;0.0;0;0;0;-95.77;0.0;0.0;0.0;0.0
2028;273;366;beauce_5_sa_032;BTH;;0.3;0.0;14.22;-17.25;0.0;1.94;1.7;0.0;0.0;0;0.0;0;-59.08;0.0;0.0;0.0;0.3
2028;1;221;beauce_5_sa_033;BTH;;1.96;0.83;48.69;22.3;107.26;9.52;33.27;0.07;0.0;0;63.11;0;-41.47;0.03;0.04;0.83;1.96
2028;222;295;beauce_5_sa_033;solnu;;0.0;0.0;14.14;-40.3;0.0;33.27;11.22;0.0;0.0;0;0;0;-146.72;0.0;0.0;0.0;0.0
2028;296;366;beauce_5_sa_033;BTH;;1.65;0.0;9.99;-12.28;0.0;11.22;9.68;0.0;0.0;0;0.0;0;0.68;0.0;0.0;0.0;1.65
2028;1;179;beauce_5_sa_034;BTH;;1.12;0.0;32.28;23.4;47.34;6.97;14.22;0.03;0.0;0;30.5;0;-125.0;0.0;0.03;0.0;1.12
2028;180;263;beauce_5_sa_034;solnu;;0.0;0.0;21.28;-14.86;0.0;14.22;20.64;0.01;0.0;0;0;0;-132.68;0.0;0.01;0.0;0.0
2028;264;366;beauce_5_sa_034;BTH;;0.48;0.0;15.04;-33.93;1.5;20.67;2.58;0.0;0.0;0;0.88;0;-61.12;0.0;0.0;0.0;0.48
2028;1;214;beauce_5_sa_035;BTH;;11.4;2.21;52.84;43.22;196.0;105.93;161.36;0.1;0.0;0;127.58;0;-143.39;0.05;0.06;2.21;11.4
2028;215;287;beauce_5_sa_035;solnu;;0.0;0.0;21.03;-102.26;0.0;161.36;80.11;0.01;0.0;0;0;0;-57.23;0.01;0.0;0.0;0.0
2028;288;366;beauce_5_sa_035;BTH;;2.55;0.0;13.24;16.28;17.99;80.14;89.0;0.08;0.0;0;10.59;0;114.15;0.06;0.02;0.0;2.55
2028;1;175;beauce_5_sa_036;BTH;;1.22;0.0;30.25;18.47;49.06;7.32;4.41;0.03;0.0;0;28.87;0;-116.49;0.0;0.03;0.0;1.22
2028;176;313;beauce_5_sa_036;solnu;;0.09;0.0;28.77;-32.78;0.0;4.41;3.97;0.01;0.0;0;0;0;-191.91;0.0;0.01;0.0;0.09
2028;314;366;beauce_5_sa_036;BTH;;0.46;0.0;6.13;-6.72;0.0;3.85;3.32;0.0;0.0;0;0.0;0;-11.54;0.0;0.0;0.0;0.46
2028;1;222;beauce_5_sa_037;BTH;;4.25;0.0;52.17;44.01;88.15;56.72;60.97;0.09;0.0;0;54.33;0;-141.99;0.03;0.06;0.0;4.25
2028;223;263;beauce_5_sa_037;solnu;;0.0;0.0;12.25;-15.58;0.0;60.97;57.64;0.0;0.0;0;0;0;-90.57;0.0;0.0;0.0;0.0
2028;264;366;beauce_5_sa_037;BTH;;2.74;0.66;15.44;-62.18;9.39;57.69;50.73;0.04;0.0;0;5.52;0;-5.94;0.03;0.0;0.66;2.74
2028;1;190;beauce_5_sa_038;BTH;;1.46;0.0;34.16;31.79;52.07;8.9;21.44;0.04;0.0;0;32.41;0;-172.15;0.0;0.04;0.0;1.46
2028;191;264;beauce_5_sa_038;solnu;;0.0;0.0;17.0;-14.2;0.0;21.44;24.24;0.0;0.0;0;0;0;-110.52;0.0;0.0;0.0;0.0
2028;265;366;beauce_5_sa_038;BTH;;0.63;0.0;14.18;-35.0;1.5;24.29;3.45;0.0;0.0;0;0.88;0;-71.58;0.0;0.0;0.0;0.63
2028;1;195;beauce_5_sa_039;BTH;;3.88;0.42;34.22;18.05;87.87;24.71;16.99;0.04;0.0;0;51.7;0;-139.06;0.0;0.03;0.42;3.88
2028;196;310;beauce_5_sa_039;solnu;;0.2;0.0;20.69;-7.28;0.0;16.99;30.17;0.02;0.0;0;0;0;-93.71;0.01;0.01;0.0;0.2
2028;311;366;beauce_5_sa_039;BTH;;1.65;0.0;6.11;-26.94;0.0;30.34;11.76;0.0;0.0;0;0.0;0;-110.58;0.0;0.0;0.0;1.65
2028;1;190;beauce_5_sa_040;BTH;;1.6;0.97;39.59;29.36;118.06;10.07;30.72;0.08;0.01;0;69.47;0;-4.48;0.04;0.04;0.97;1.6
2028;191;316;beauce_5_sa_040;solnu;;0.0;0.0;26.77;-56.53;0.0;30.72;4.53;0.01;0.0;0;0;0;-107.93;0.0;0.01;0.0;0.0
2028;317;366;beauce_5_sa_040;BTH;;0.45;0.0;6.78;-6.75;0.0;4.53;4.11;0.0;0.0;0;0.0;0;59.11;0.0;0.0;0.0;0.45
2028;1;181;beauce_5_sa_041;BTH;;5.84;1.24;33.09;15.91;141.23;38.44;32.39;0.08;0.0;0;83.1;0;3.75;0.05;0.03;1.24;5.84
2028;182;298;beauce_5_sa_041;solnu;;0.0;0.0;24.83;-6.59;0.0;32.39;50.85;0.02;0.0;0;0;0;-83.39;0.01;0.01;0.0;0.0
2028;299;366;beauce_5_sa_041;BTH;;3.63;0.0;9.54;-31.8;0.0;51.18;29.32;0.0;0.0;0;0.0;0;-87.06;0.0;0.0;0.0;3.63
2028;1;179;beauce_5_sa_042;BTH;;8.47;0.0;34.61;14.03;108.1;99.08;31.55;0.08;0.0;0;64.47;0;32.34;0.04;0.04;0.0;8.47
2028;180;313;beauce_5_sa_042;solnu;;0.0;0.0;30.47;-7.8;0.0;31.55;54.57;0.03;0.0;0;0;0;-88.05;0.01;0.02;0.0;0.0
2028;314;366;beauce_5_sa_042;BTH;;4.2;1.02;6.9;-39.27;0.75;54.69;97.84;0.01;0.0;0;0.44;0;-74.21;0.01;0.0;1.02;4.2
2028;1;176;beauce_5_sa_043;BTH;;0.2;0.91;33.1;16.84;117.2;1.48;2.09;0.04;0.0;0;68.97;0;68.47;0.01;0.03;0.91;0.2
2028;177;297;beauce_5_sa_043;solnu;;0.0;0.0;24.53;-31.06;0.0;2.09;0.89;0.0;0.0;0;0;0;-206.61;0.0;0.0;0.0;0.0
2028;298;366;beauce_5_sa_043;BTH;;0.06;0.0;10.28;-12.03;0.0;0.89;0.89;0.0;0.0;0;0.0;0;14.68;0.0;0.0;0.0;0.06
2028;1;210;beauce_5_sa_044;BTH;;1.12;0.0;42.33;20.6;49.48;6.67;19.07;0.04;0.0;0;29.12;0;-160.67;0.0;0.04;0.0;1.12
2028;211;290;beauce_5_sa_044;solnu;;0.01;0.0;15.19;-34.9;0.0;19.07;2.92;0.0;0.0;0;0;0;-142.41;0.0;0.0;0.0;0.01
2028;291;366;beauce_5_sa_044;BTH;;0.43;0.0;10.17;-12.07;0.0;2.92;2.52;0.0;0.0;0;0.0;0;-7.13;0.0;0.0;0.0;0.43
2028;1;174;beauce_5_sa_045;BTH;;14.55;1.88;32.1;53.18;142.71;124.52;195.05;0.08;0.0;0;104.86;0;-64.66;0.03;0.05;1.88;14.55
2028;175;277;beauce_5_sa_045;solnu;;0.0;0.0;23.89;-2.94;0.0;195.05;215.99;0.01;0.0;0;0;0;-95.35;0.0;0.01;0.0;0.0
2028;278;366;beauce_5_sa_045;BTH;;7.63;0.0;14.56;-74.87;37.83;216.43;110.1;0.1;0.0;0;22.26;0;54.45;0.09;0.01;0.0;7.63
2028;1;187;beauce_5_sa_046;BTH;;0.79;0.76;37.47;11.45;105.35;4.64;4.44;0.06;0.01;0;61.99;0;20.5;0.03;0.03;0.76;0.79
2028;188;296;beauce_5_sa_046;solnu;;0.0;0.0;24.07;-29.99;0.0;4.44;1.98;0.01;0.0;0;0;0;-174.17;0.0;0.01;0.0;0.0
2028;297;366;beauce_5_sa_046;BTH;;0.22;0.0;10.35;-14.95;0.0;1.98;1.77;0.0;0.0;0;0.0;0;-29.95;0.0;0.0;0.0;0.22
2028;1;177;beauce_5_sa_047;BTH;;3.03;0.31;30.77;21.44;73.12;18.53;18.39;0.03;0.0;0;43.91;0;-102.35;0.0;0.03;0.31;3.03
2028;178;283;beauce_5_sa_047;solnu;;0.0;0.0;23.89;-7.54;0.0;18.39;34.73;0.01;0.0;0;0;0;-112.62;0.0;0.01;0.0;0.0
2028;284;366;beauce_5_sa_047;BTH;;1.22;0.0;11.6;-39.83;0.0;35.02;7.07;0.0;0.0;0;0.0;0;-50.73;0.0;0.0;0.0;1.22
2028;1;206;beauce_5_sa_048;BTH;;11.09;2.18;45.91;25.94;188.79;86.12;122.99;0.09;0.01;0;111.09;0;115.77;0.05;0.04;2.18;11.09
2028;207;314;beauce_5_sa_048;solnu;;0.0;0.0;22.76;-4.64;0.0;122.99;141.05;0.06;0.0;0;0;0;-58.28;0.05;0.01;0.0;0.0
2028;315;366;beauce_5_sa_048;BTH;;0.48;0.0;7.68;-78.6;0.0;141.36;69.62;0.03;0.0;0;0.0;0;54.94;0.03;0.0;0.0;0.48
2028;1;210;beauce_5_sa_049;BTH;;4.92;1.41;48.31;27.57;127.52;30.2;79.9;0.1;0.01;0;75.04;0;36.63;0.05;0.05;1.41;4.92
2028;211;315;beauce_5_sa_049;solnu;;0.0;0.0;22.75;-87.17;0.0;79.9;15.46;0.02;0.0;0;0;0;-45.55;0.01;0.0;0.0;0.0
2028;316;366;beauce_5_sa_049;BTH;;1.03;0.0;7.19;-7.31;0.0;15.32;14.31;0.0;0.0;0;0.0;0;58.82;0.0;0.0;0.0;1.03
2028;1;228;beauce_5_sa_050;BTH;;11.88;2.2;50.36;51.32;218.63;89.68;127.54;0.13;0.01;0;128.65;0;-82.56;0.07;0.06;2.2;11.88
2028;229;303;beauce_5_sa_050;solnu;;0.0;0.0;18.36;-5.85;0.0;127.54;140.0;0.05;0.0;0;0;0;-66.14;0.04;0.01;0.0;0.0
2028;304;366;beauce_5_sa_050;BTH;;1.68;0.0;8.55;-77.92;0.12;140.42;68.8;0.03;0.0;0;0.07;0;29.71;0.03;0.0;0.0;1.68
2028;1;221;beauce_5_sa_051;BTH;;3.83;0.0;43.0;21.92;52.61;22.38;31.26;0.04;0.0;0;30.96;0;-217.33;0.0;0.04;0.0;3.83
2028;222;293;beauce_5_sa_051;solnu;;0.03;0.0;11.46;-14.85;0.0;31.26;27.84;0.01;0.0;0;0;0;-79.87;0.0;0.0;0.0;0.03
2028;294;366;beauce_5_sa_051;BTH;;1.55;0.0;9.01;-29.59;0.0;27.96;9.03;0.0;0.0;0;0.0;0;-65.88;0.0;0.0;0.0;1.55
2028;1;173;beauce_5_sa_052;BTH;;4.46;0.0;28.87;11.25;47.76;26.58;13.63;0.02;0.0;0;28.1;0;-128.59;0.0;0.02;0.0;4.46
2028;174;311;beauce_5_sa_052;solnu;;0.3;0.0;27.72;-10.76;0.0;13.63;30.51;0.02;0.0;0;0;0;-146.47;0.01;0.01;0.0;0.3
2028;312;366;beauce_5_sa_052;BTH;;1.87;0.0;6.36;-25.28;0.0;30.68;13.33;0.0;0.0;0;0.0;0;-66.52;0.0;0.0;0.0;1.87
2028;1;206;beauce_5_sa_053;BTH;;0.48;0.65;46.15;30.96;100.74;5.07;29.81;0.09;0.0;0;60.65;0;-126.66;0.04;0.05;0.65;0.48
2028;207;269;beauce_5_sa_053;solnu;;0.0;0.0;19.88;-50.94;0.0;29.81;3.47;0.0;0.0;0;0;0;-162.87;0.0;0.0;0.0;0.0
2028;270;366;beauce_5_sa_053;BTH;;0.39;0.0;15.9;-17.56;0.0;3.6;3.08;0.0;0.0;0;0.0;0;35.37;0.0;0.0;0.0;0.39
2028;1;223;beauce_5_sa_054;BTH;;16.28;1.81;54.05;49.17;132.98;119.73;211.73;0.06;0.0;0;78.78;0;26.63;0.0;0.06;1.81;16.28
2028;224;304;beauce_5_sa_054;solnu;;0.0;0.0;18.78;-10.82;0.0;211.73;219.61;0.08;0.0;0;0;0;-71.35;0.07;0.01;0.0;0.0
2028;305;366;beauce_5_sa_054;BTH;;10.88;0.0;9.0;-93.35;5.52;219.89;118.79;0.06;0.0;0;3.25;0;54.64;0.06;0.0;0.0;10.88
2028;1;174;beauce_5_sa_055;BTH;;4.36;0.0;29.44;8.24;45.9;25.38;13.26;0.02;0.0;0;27.01;0;-117.49;0.0;0.02;0.0;4.36
2028;175;310;beauce_5_sa_055;solnu;;0.3;0.0;27.67;-11.14;0.0;13.26;29.46;0.02;0.0;0;0;0;-137.74;0.01;0.01;0.0;0.3
2028;311;366;beauce_5_sa_055;BTH;;1.77;0.0;6.52;-24.33;0.0;29.62;12.56;0.0;0.0;0;0.0;0;-54.88;0.0;0.0;0.0;1.77
2028;1;175;beauce_5_sa_056;BTH;;2.87;1.08;33.51;39.88;94.92;30.98;87.22;0.06;0.0;0;76.75;0;-105.54;0.02;0.04;1.08;2.87
2028;176;273;beauce_5_sa_056;solnu;;0.0;0.0;25.24;-56.36;0.0;87.22;56.08;0.01;0.0;0;0;0;-137.52;0.0;0.01;0.0;0.0
2028;274;366;beauce_5_sa_056;BTH;;1.27;0.0;15.76;-36.63;15.21;50.28;18.71;0.01;0.0;0;8.95;0;74.18;0.0;0.01;0.0;1.27
2028;1;192;beauce_5_sa_057;BTH;;3.44;0.91;40.82;44.45;96.58;35.49;89.37;0.13;0.01;0;79.36;0;-148.71;0.08;0.05;0.91;3.44
2028;193;258;beauce_5_sa_057;solnu;;0.0;0.0;23.39;-11.84;0.0;89.37;100.91;0.01;0.0;0;0;0;-162.46;0.0;0.01;0.0;0.0
2028;259;366;beauce_5_sa_057;BTH;;2.28;0.0;16.95;-84.71;17.07;101.07;13.79;0.0;0.0;0;10.04;0;55.53;0.0;0.0;0.0;2.28
2028;1;171;beauce_5_sa_058;BTH;;1.11;0.16;30.06;17.5;59.86;6.66;4.15;0.03;0.0;0;35.22;0;-83.8;0.0;0.03;0.16;1.11
2028;172;292;beauce_5_sa_058;solnu;;0.0;0.0;27.06;-32.27;0.0;4.15;3.62;0.01;0.0;0;0;0;-191.54;0.0;0.01;0.0;0.0
2028;293;366;beauce_5_sa_058;BTH;;0.54;0.0;10.25;-11.63;0.0;3.62;3.18;0.0;0.0;0;0.0;0;-7.35;0.0;0.0;0.0;0.54
2028;1;188;beauce_5_sa_059;BTH;;0.43;0.6;39.54;30.06;80.63;8.75;42.06;0.06;0.0;0;51.74;0;-122.46;0.01;0.04;0.6;0.43
2028;189;264;beauce_5_sa_059;solnu;;0.0;0.0;24.9;-65.8;0.0;42.06;1.52;0.01;0.0;0;0;0;-140.83;0.0;0.01;0.0;0.0
2028;265;366;beauce_5_sa_059;BTH;;0.2;0.0;16.85;-16.9;0.0;1.52;1.34;0.0;0.0;0;0.0;0;53.47;0.0;0.0;0.0;0.2
2028;1;185;beauce_5_sa_060;BTH;;2.6;1.24;35.86;22.1;134.8;20.42;34.04;0.06;0.01;0;79.32;0;5.86;0.03;0.04;1.24;2.6
2028;186;284;beauce_5_sa_060;solnu;;0.0;0.0;23.36;-4.96;0.0;34.04;52.43;0.02;0.0;0;0;0;-99.48;0.0;0.01;0.0;0.0
2028;285;366;beauce_5_sa_060;BTH;;0.91;0.0;12.42;-54.27;1.5;52.82;9.79;0.0;0.0;0;0.88;0;19.82;0.0;0.0;0.0;0.91
2028;1;211;beauce_5_sa_061;BTH;;10.68;1.66;48.61;54.06;143.7;86.63;160.19;0.09;0.0;0;86.48;0;-81.65;0.03;0.06;1.66;10.68
2028;212;309;beauce_5_sa_061;solnu;;0.0;0.0;21.7;-109.35;0.0;160.19;72.5;0.03;0.0;0;0;0;-33.73;0.03;0.0;0.0;0.0
2028;310;366;beauce_5_sa_061;BTH;;6.13;0.0;8.01;10.87;4.59;72.61;80.6;0.05;0.0;0;2.7;0;65.87;0.04;0.01;0.0;6.13
2028;1;212;beauce_5_sa_062;BTH;;1.2;0.14;43.72;21.66;60.37;7.6;21.78;0.04;0.0;0;35.52;0;-144.83;0.0;0.04;0.14;1.2
2028;213;287;beauce_5_sa_062;solnu;;0.0;0.0;14.53;-36.38;0.0;21.78;3.34;0.0;0.0;0;0;0;-134.45;0.0;0.0;0.0;0.0
2028;288;366;beauce_5_sa_062;BTH;;0.51;0.0;10.74;-13.54;0.0;3.34;2.91;0.0;0.0;0;0.0;0;-17.12;0.0;0.0;0.0;0.51
2028;1;196;beauce_5_sa_063;BTH;;22.78;1.31;42.35;58.73;188.74;230.07;220.03;0.21;0.01;0;139.01;0;-126.72;0.15;0.06;1.31;22.78
2028;197;270;beauce_5_sa_063;solnu;;0.0;0.0;26.32;-5.01;0.0;220.03;241.32;0.01;0.0;0;0;0;-154.93;0.0;0.01;0.0;0.0
2028;271;366;beauce_5_sa_063;BTH;;3.5;1.14;16.05;-62.83;48.4;241.72;227.9;0.1;0.0;0;28.48;0;55.59;0.09;0.02;1.14;3.5
2028;1;178;beauce_5_sa_064;BTH;;32.49;2.57;31.74;60.82;196.78;275.7;335.34;0.13;0.01;0;116.85;0;-22.93;0.08;0.06;2.57;32.49
2028;179;317;beauce_5_sa_064;solnu;;0.0;0.0;24.34;6.96;0.0;335.34;367.4;0.08;0.0;0;0;0;-93.38;0.06;0.02;0.0;0.0
2028;318;366;beauce_5_sa_064;BTH;;3.42;0.0;6.42;-81.39;3.23;367.6;285.69;0.09;0.0;0;1.9;0;29.9;0.09;0.0;0.0;3.42
2028;1;209;beauce_5_sa_065;BTH;;3.32;1.81;45.63;55.08;191.4;25.97;68.13;0.08;0.0;0;112.63;0;-8.26;0.01;0.06;1.81;3.32
2028;210;309;beauce_5_sa_065;solnu;;0.0;0.0;20.6;-76.44;0.0;68.13;12.29;0.01;0.0;0;0;0;-48.08;0.0;0.0;0.0;0.0
2028;310;366;beauce_5_sa_065;BTH;;0.18;0.0;8.24;-8.33;0.0;12.25;12.02;0.0;0.0;0;0.0;0;85.43;0.0;0.0;0.0;0.18
2028;1;221;beauce_5_sa_066;BTH;;7.37;0.0;44.83;45.99;138.98;116.87;62.73;0.13;0.0;0;82.31;0;-142.26;0.07;0.06;0.0;7.37
2028;222;286;beauce_5_sa_066;solnu;;0.0;0.0;13.62;-12.37;0.0;62.73;63.97;0.01;0.0;0;0;0;-67.75;0.01;0.0;0.0;0.0
2028;287;366;beauce_5_sa_066;BTH;;4.2;1.11;10.18;-45.07;0.06;64.15;112.81;0.01;0.0;0;0.03;0;-79.41;0.0;0.0;1.11;4.2
2028;1;219;beauce_5_sa_067;BTH;;8.85;1.03;49.68;28.8;107.93;57.75;97.48;0.05;0.0;0;63.51;0;-33.71;0.01;0.05;1.03;8.85
2028;220;295;beauce_5_sa_067;solnu;;0.0;0.0;15.64;-13.19;0.0;97.48;99.91;0.02;0.0;0;0;0;-67.17;0.02;0.0;0.0;0.0
2028;296;366;beauce_5_sa_067;BTH;;4.86;0.0;10.53;-74.83;1.68;100.17;29.06;0.02;0.0;0;0.99;0;46.53;0.01;0.0;0.0;4.86
2028;1;179;beauce_5_sa_068;BTH;;7.16;0.91;34.28;32.89;96.71;48.21;79.17;0.04;0.0;0;56.91;0;-32.44;0.0;0.04;0.91;7.16
2028;180;300;beauce_5_sa_068;solnu;;0.0;0.0;27.65;-63.41;0.0;79.17;43.55;0.03;0.0;0;0;0;-98.88;0.02;0.01;0.0;0.0
2028;301;366;beauce_5_sa_068;BTH;;3.45;0.0;9.54;-25.84;0.0;40.23;23.79;0.0;0.0;0;0.0;0;47.19;0.0;0.0;0.0;3.45
2028;1;170;beauce_5_sa_069;BTH;;1.78;0.2;29.99;25.91;57.68;10.88;21.31;0.03;0.0;0;33.94;0;-87.76;0.0;0.03;0.2;1.78
2028;171;304;beauce_5_sa_069;solnu;;0.14;0.0;29.66;-46.8;0.0;21.31;5.69;0.01;0.0;0;0;0;-130.3;0.0;0.01;0.0;0.14
2028;305;366;beauce_5_sa_069;BTH;;0.71;0.0;7.99;-7.98;0.0;5.7;4.98;0.0;0.0;0;0.0;0;15.1;0.0;0.0;0.0;0.71
2028;1;206;beauce_5_sa_070;BTH;;20.53;2.39;51.44;51.59;147.96;178.71;294.67;0.15;0.0;0;124.06;0;-123.2;0.09;0.06;2.39;20.53
2028;207;260;beauce_5_sa_070;solnu;;0.0;0.0;23.9;-11.27;0.0;294.67;307.29;0.01;0.0;0;0;0;-149.23;0.0;0.01;0.0;0.0
2028;261;366;beauce_5_sa_070;BTH;;12.23;0.0;18.41;-70.55;66.16;307.45;176.58;0.18;0.0;0;38.93;0;110.52;0.16;0.02;0.0;12.23
2028;1;193;beauce_5_sa_071;BTH;;1.02;0.0;37.03;22.08;51.07;6.03;13.08;0.04;0.0;0;30.05;0;-141.79;0.0;0.04;0.0;1.02
2028;194;280;beauce_5_sa_071;solnu;;0.0;0.0;18.63;-31.72;0.0;13.08;2.73;0.0;0.0;0;0;0;-140.44;0.0;0.0;0.0;0.0
2028;281;366;beauce_5_sa_071;BTH;;0.42;0.0;12.4;-14.76;0.0;2.73;2.33;0.0;0.0;0;0.0;0;-50.73;0.0;0.0;0.0;0.42
2028;1;217;beauce_5_sa_072;BTH;;4.11;0.0;44.05;37.25;71.64;28.81;35.02;0.05;0.0;0;44.61;0;-154.17;0.0;0.05;0.0;4.11
2028;218;287;beauce_5_sa_072;solnu;;0.0;0.0;13.02;-15.18;0.0;35.02;32.86;0.0;0.0;0;0;0;-73.01;0.0;0.0;0.0;0.0
2028;288;366;beauce_5_sa_072;BTH;;2.31;0.36;10.37;-52.02;2.65;33.09;17.45;0.01;0.0;0;1.56;0;-66.42;0.01;0.0;0.36;2.31
2028;1;192;beauce_5_sa_073;BTH;;1.88;0.39;38.24;35.61;71.01;12.27;42.21;0.07;0.01;0;46.2;0;-111.66;0.03;0.04;0.39;1.88
2028;193;262;beauce_5_sa_073;solnu;;0.0;0.0;18.55;-13.76;0.0;42.21;47.0;0.01;0.0;0;0;0;-109.27;0.0;0.01;0.0;0.0
2028;263;366;beauce_5_sa_073;BTH;;0.87;0.0;15.75;-51.73;6.26;47.08;4.66;0.0;0.0;0;3.68;0;0.83;0.0;0.0;0.0;0.87
2028;1;174;beauce_5_sa_074;BTH;;7.87;1.73;36.73;30.47;103.82;77.43;163.53;0.14;0.02;0;99.78;0;-109.12;0.1;0.04;1.73;7.87
2028;175;258;beauce_5_sa_074;solnu;;0.0;0.0;30.92;-89.31;0.0;163.53;105.12;0.01;0.0;0;0;0;-169.4;0.0;0.01;0.0;0.0
2028;259;366;beauce_5_sa_074;BTH;;6.36;0.0;18.68;3.77;57.66;104.5;63.51;0.04;0.0;0;33.93;0;117.37;0.02;0.02;0.0;6.36
2028;1;217;beauce_5_sa_075;BTH;;0.1;0.21;47.92;31.07;67.95;1.07;27.98;0.05;0.0;0;39.98;0;-178.06;0.0;0.05;0.21;0.1
2028;218;276;beauce_5_sa_075;solnu;;0.0;0.0;12.8;-42.83;0.0;27.98;0.37;0.0;0.0;0;0;0;-114.3;0.0;0.0;0.0;0.0
2028;277;366;beauce_5_sa_075;BTH;;0.06;0.0;13.64;-14.48;0.0;0.37;0.39;0.0;0.0;0;0.0;0;6.97;0.0;0.0;0.0;0.06
2028;1;209;beauce_5_sa_076;BTH;;15.31;1.91;47.17;53.34;161.06;134.3;202.79;0.1;0.0;0;96.54;0;-92.82;0.04;0.06;1.91;15.31
2028;210;310;beauce_5_sa_076;solnu;;0.0;0.0;21.89;-107.97;0.0;202.79;116.66;0.04;0.0;0;0;0;-19.28;0.04;0.0;0.0;0.0
2028;311;366;beauce_5_sa_076;BTH;;8.47;0.0;7.85;13.2;4.43;116.86;124.74;0.08;0.0;0;2.61;0;62.05;0.06;0.01;0.0;8.47
2028;1;172;beauce_5_sa_077;BTH;;14.55;2.11;34.67;39.62;148.47;134.46;204.23;0.13;0.01;0;106.48;0;-36.65;0.09;0.04;2.11;14.55
2028;173;279;beauce_5_sa_077;solnu;;0.0;0.0;26.52;-75.98;0.0;204.23;155.48;0.01;0.0;0;0;0;-82.1;0.0;0.01;0.0;0.0
2028;280;366;beauce_5_sa_077;BTH;;6.97;0.0;15.63;-8.33;34.8;152.06;120.89;0.1;0.0;0;20.48;0;122.22;0.09;0.02;0.0;6.97
2028;1;229;beauce_5_sa_078;BTH;;16.51;2.21;61.2;61.54;178.69;127.08;222.67;0.1;0.01;0;113.96;0;-52.72;0.03;0.07;2.21;16.51
2028;230;283;beauce_5_sa_078;solnu;;0.0;0.0;17.76;-12.14;0.0;222.67;228.22;0.06;0.0;0;0;0;-104.15;0.06;0.01;0.0;0.0
2028;284;366;beauce_5_sa_078;BTH;;6.75;0.0;13.41;-82.76;26.73;228.49;125.3;0.09;0.0;0;15.73;0;88.1;0.08;0.01;0.0;6.75
2028;1;203;beauce_5_sa_079;BTH;;0.48;0.82;45.95;35.41;116.16;3.57;29.65;0.08;0.0;0;68.35;0;-80.02;0.03;0.05;0.82;0.48
2028;204;267;beauce_5_sa_079;solnu;;0.0;0.0;20.65;-49.4;0.0;29.65;1.81;0.0;0.0;0;0;0;-122.9;0.0;0.0;0.0;0.0
2028;268;366;beauce_5_sa_079;BTH;;0.21;0.0;16.42;-21.37;0.0;1.81;1.68;0.0;0.0;0;0.0;0;2.09;0.0;0.0;0.0;0.21
2028;1;217;beauce_5_sa_080;BTH;;6.21;0.98;47.38;24.34;98.72;36.49;76.88;0.09;0.01;0;58.09;0;-52.77;0.04;0.04;0.98;6.21
2028;218;289;beauce_5_sa_080;solnu;;0.0;0.0;15.58;-12.12;0.0;76.88;80.33;0.02;0.0;0;0;0;-55.29;0.02;0.0;0.0;0.0
2028;290;366;beauce_5_sa_080;BTH;;2.62;0.0;10.78;-67.16;4.5;80.47;16.82;0.01;0.0;0;2.65;0;31.11;0.01;0.0;0.0;2.62
2028;1;215;beauce_5_sa_081;BTH;;10.13;1.69;51.67;52.25;140.65;87.63;168.4;0.12;0.01;0;94.13;0;-104.55;0.06;0.06;1.69;10.13
2028;216;289;beauce_5_sa_081;solnu;;0.0;0.0;17.72;-104.17;0.0;168.4;81.94;0.01;0.0;0;0;0;-69.23;0.01;0.0;0.0;0.0
2028;290;366;beauce_5_sa_081;BTH;;6.54;0.0;12.12;6.63;16.49;81.43;77.59;0.07;0.0;0;9.71;0;102.99;0.06;0.01;0.0;6.54
2028;1;183;beauce_5_sa_082;BTH;;1.77;1.14;34.32;30.9;144.81;13.44;17.44;0.07;0.0;0;85.21;0;-34.52;0.03;0.04;1.14;1.77
2028;184;273;beauce_5_sa_082;solnu;;0.0;0.0;23.7;-5.99;0.0;17.44;35.14;0.01;0.0;0;0;0;-90.95;0.0;0.01;0.0;0.0
2028;274;366;beauce_5_sa_082;BTH;;0.68;0.0;14.76;-45.84;0.0;35.63;5.83;0.0;0.0;0;0.0;0;-36.57;0.0;0.0;0.0;0.68
2028;1;187;beauce_5_sa_083;BTH;;11.34;1.72;38.45;41.8;143.44;84.5;140.09;0.09;0.01;0;89.47;0;13.66;0.04;0.05;1.72;11.34
2028;188;291;beauce_5_sa_083;solnu;;0.0;0.0;24.6;-3.43;0.0;140.09;161.22;0.03;0.0;0;0;0;-77.75;0.01;0.01;0.0;0.0
2028;292;366;beauce_5_sa_083;BTH;;4.55;0.0;11.83;-86.65;14.99;161.52;66.8;0.06;0.0;0;8.82;0;63.88;0.05;0.01;0.0;4.55
2028;1;221;beauce_5_sa_084;BTH;;6.7;1.11;55.13;61.02;92.37;52.39;153.36;0.08;0.0;0;67.65;0;-150.22;0.01;0.07;1.11;6.7
2028;222;265;beauce_5_sa_084;solnu;;0.0;0.0;13.14;-13.96;0.0;153.36;152.54;0.0;0.0;0;0;0;-91.09;0.0;0.0;0.0;0.0
2028;266;366;beauce_5_sa_084;BTH;;3.91;0.0;16.66;-79.69;51.65;152.67;33.9;0.05;0.0;0;30.4;0;75.15;0.03;0.01;0.0;3.91
2028;1;184;beauce_5_sa_085;BTH;;3.56;0.36;33.92;7.9;72.07;19.29;12.65;0.04;0.0;0;42.41;0;-61.54;0.01;0.03;0.36;3.56
2028;185;312;beauce_5_sa_085;solnu;;0.24;0.0;26.8;-30.44;0.0;12.65;11.41;0.01;0.0;0;0;0;-152.96;0.0;0.01;0.0;0.24
2028;313;366;beauce_5_sa_085;BTH;;1.42;0.0;6.6;-10.53;0.0;11.41;10.02;0.0;0.0;0;0.0;0;-57.57;0.0;0.0;0.0;1.42
2028;1;189;beauce_5_sa_086;BTH;;0.25;0.37;37.35;31.19;67.55;3.42;31.82;0.04;0.0;0;40.39;0;-110.3;0.0;0.04;0.37;0.25
2028;190;271;beauce_5_sa_086;solnu;;0.0;0.0;19.95;-49.56;0.0;31.82;2.21;0.0;0.0;0;0;0;-114.36;0.0;0.0;0.0;0.0
2028;272;366;beauce_5_sa_086;BTH;;0.12;0.0;15.28;-17.47;0.0;1.34;0.7;0.0;0.0;0;0.0;0;5.5;0.0;0.0;0.0;0.12
2028;1;171;beauce_5_sa_087;BTH;;1.21;0.53;31.29;15.66;85.07;6.93;7.45;0.06;0.0;0;50.06;0;-26.02;0.03;0.03;0.53;1.21
2028;172;276;beauce_5_sa_087;solnu;;0.0;0.0;25.63;-27.53;0.0;7.45;6.25;0.01;0.0;0;0;0;-127.99;0.0;0.01;0.0;0.0
2028;277;366;beauce_5_sa_087;BTH;;0.92;0.0;14.28;-20.9;0.0;6.31;5.43;0.0;0.0;0;0.0;0;-59.31;0.0;0.0;0.0;0.92
2028;1;222;beauce_5_sa_088;BTH;;7.53;1.61;49.74;23.99;174.1;50.04;63.57;0.1;0.0;0;102.45;0;20.58;0.06;0.05;1.61;7.53
2028;223;293;beauce_5_sa_088;solnu;;0.0;0.0;16.45;-13.14;0.0;63.57;66.87;0.02;0.0;0;0;0;-62.97;0.01;0.0;0.0;0.0
2028;294;366;beauce_5_sa_088;BTH;;3.49;0.0;10.5;-42.0;0.0;67.08;35.13;0.0;0.0;0;0.0;0;-15.31;0.0;0.0;0.0;3.49
2028;1;207;beauce_5_sa_089;BTH;;10.26;0.83;43.07;27.38;93.7;62.33;91.96;0.04;0.0;0;55.13;0;-65.3;0.0;0.04;0.83;10.26
2028;208;312;beauce_5_sa_089;solnu;;0.03;0.0;20.82;-8.44;0.0;91.96;104.25;0.05;0.0;0;0;0;-80.91;0.04;0.01;0.0;0.03
2028;313;366;beauce_5_sa_089;BTH;;5.33;0.0;6.82;-65.55;0.0;104.74;40.18;0.02;0.0;0;0.0;0;14.1;0.02;0.0;0.0;5.33
2028;1;184;beauce_5_sa_090;BTH;;7.22;0.0;31.49;27.75;119.06;93.07;27.86;0.08;0.0;0;70.59;0;-92.08;0.04;0.04;0.0;7.22
2028;185;309;beauce_5_sa_090;solnu;;0.0;0.0;24.25;-2.95;0.0;27.86;49.13;0.03;0.0;0;0;0;-106.64;0.01;0.01;0.0;0.0
2028;310;366;beauce_5_sa_090;BTH;;3.59;0.88;6.55;-30.11;0.06;49.35;90.72;0.0;0.0;0;0.03;0;-100.88;0.0;0.0;0.88;3.59
2028;1;226;beauce_5_sa_091;BTH;;1.27;0.0;44.93;28.23;53.34;7.6;26.24;0.04;0.0;0;31.39;0;-201.14;0.0;0.04;0.0;1.27
2028;227;292;beauce_5_sa_091;solnu;;0.03;0.0;10.73;-35.95;0.0;26.24;3.39;0.0;0.0;0;0;0;-95.15;0.0;0.0;0.0;0.03
2028;293;366;beauce_5_sa_091;BTH;;0.5;0.0;9.31;-11.12;0.0;3.39;2.93;0.0;0.0;0;0.0;0;-29.39;0.0;0.0;0.0;0.5
2028;1;188;beauce_5_sa_092;BTH;;2.64;1.14;38.79;6.22;135.45;17.77;10.22;0.06;0.01;0;79.7;0;86.48;0.03;0.03;1.14;2.64
2028;189;297;beauce_5_sa_092;solnu;;0.0;0.0;23.39;-25.75;0.0;10.22;8.38;0.01;0.0;0;0;0;-84.06;0.0;0.01;0.0;0.0
2028;298;366;beauce_5_sa_092;BTH;;0.46;0.0;10.73;-18.19;0.0;8.5;8.01;0.0;0.0;0;0.0;0;-79.42;0.0;0.0;0.0;0.46
2028;1;201;beauce_5_sa_093;BTH;;2.82;1.01;42.88;20.86;120.2;18.15;34.84;0.09;0.0;0;70.73;0;-4.55;0.05;0.04;1.01;2.82
2028;202;281;beauce_5_sa_093;solnu;;0.0;0.0;20.52;-36.42;0.0;34.84;18.94;0.01;0.0;0;0;0;-70.82;0.0;0.01;0.0;0.0
2028;282;366;beauce_5_sa_093;BTH;;1.91;0.0;13.29;-22.01;0.0;16.73;14.62;0.0;0.0;0;0.0;0;-48.88;0.0;0.0;0.0;1.91
2028;1;206;beauce_5_sa_094;BTH;;0.57;0.0;41.45;29.18;53.66;4.53;20.83;0.04;0.0;0;31.57;0;-188.42;0.0;0.04;0.0;0.57
2028;207;275;beauce_5_sa_094;solnu;;0.0;0.0;14.09;-33.63;0.0;20.83;1.56;0.0;0.0;0;0;0;-102.1;0.0;0.0;0.0;0.0
2028;276;366;beauce_5_sa_094;BTH;;0.25;0.0;13.47;-17.25;0.0;1.56;1.39;0.0;0.0;0;0.0;0;-49.31;0.0;0.0;0.0;0.25
2028;1;185;beauce_5_sa_095;BTH;;0.62;1.03;38.18;25.61;131.72;4.78;13.36;0.05;0.01;0;77.51;0;-20.2;0.01;0.04;1.03;0.62
2028;186;273;beauce_5_sa_095;solnu;;0.0;0.0;24.87;-37.9;0.0;13.36;2.2;0.01;0.0;0;0;0;-145.33;0.0;0.01;0.0;0.0
2028;274;366;beauce_5_sa_095;BTH;;0.24;0.0;15.83;-21.14;0.0;2.2;2.1;0.0;0.0;0;0.0;0;3.42;0.0;0.0;0.0;0.24
2028;1;213;beauce_5_sa_096;BTH;;6.43;2.11;58.02;34.07;159.57;51.79;136.14;0.14;0.0;0;122.73;0;-289.04;0.09;0.06;2.11;6.43
2028;214;269;beauce_5_sa_096;solnu;;0.0;0.0;23.63;-102.55;0.0;136.14;57.21;0.01;0.0;0;0;0;-7.95;0.0;0.01;0.0;0.0
2028;270;366;beauce_5_sa_096;BTH;;3.12;0.0;18.36;27.73;49.83;57.8;50.28;0.08;0.0;0;29.32;0;80.14;0.05;0.03;0.0;3.12
2028;1;177;beauce_5_sa_097;BTH;;3.43;1.12;31.4;57.55;126.8;26.21;68.79;0.1;0.01;0;80.4;0;-86.46;0.05;0.05;1.12;3.43
2028;178;279;beauce_5_sa_097;solnu;;0.0;0.0;23.65;-0.74;0.0;68.79;91.68;0.02;0.0;0;0;0;-114.3;0.0;0.02;0.0;0.0
2028;280;366;beauce_5_sa_097;BTH;;1.91;0.14;13.09;-79.14;17.16;92.22;17.3;0.01;0.0;0;10.1;0;19.18;0.01;0.0;0.14;1.91
2028;1;175;beauce_5_sa_098;BTH;;1.82;1.16;31.74;36.79;131.57;14.11;36.67;0.07;0.01;0;79.19;0;-38.45;0.03;0.04;1.16;1.82
2028;176;276;beauce_5_sa_098;solnu;;0.0;0.0;23.5;-1.53;0.0;36.67;58.62;0.01;0.0;0;0;0;-113.03;0.0;0.01;0.0;0.0
2028;277;366;beauce_5_sa_098;BTH;;0.74;0.0;14.17;-64.47;1.5;59.0;6.11;0.01;0.0;0;0.88;0;35.11;0.0;0.0;0.0;0.74
2028;1;203;beauce_5_sa_099;BTH;;5.29;1.51;43.25;4.63;156.35;29.39;29.98;0.08;0.01;0;92.01;0;54.95;0.04;0.04;1.51;5.29
2028;204;318;beauce_5_sa_099;solnu;;0.0;0.0;23.18;-10.32;0.0;29.98;42.82;0.02;0.0;0;0;0;-40.55;0.01;0.01;0.0;0.0
2028;319;366;beauce_5_sa_099;BTH;;1.36;0.0;6.68;-29.63;0.0;43.13;24.68;0.0;0.0;0;0.0;0;-83.55;0.0;0.0;0.0;1.36
