annee;jourDebut;jourFin;parcelle;couvert;itk;evaporation[mm];transpiration[mm];percolation[mm];capilarite[mm];ruissellement[mm];Hr_debut[mm];Hm_debut[mm];Hr_fin[mm];Hm_fin[mm];Hr_1erJanv[mm];Hm_1erJanv[mm];satisfactionHydrique[%];pluie[mm];irrigation[mm];sommeDegresJourCulture[°C]
2019;213;295;beauce_5_sa_000;solnu;;108.53;0.0;0.0;0.01;0.0;45.53;248.32;38.68;241.46;-1.0;-1.0;0.0;101.68;0.0;0.0
2019;296;365;beauce_5_sa_000;orgeh;orgeH_tousSols_nonirr_organique;32.47;0.02;11.99;0.8;0.0;37.86;240.64;56.91;310.4;-1.0;-1.0;96.39;114.22;0.0;473.96
2019;213;296;beauce_5_sa_001;solnu;;109.05;0.0;0.0;0.01;0.0;45.53;248.32;38.16;240.95;-1.0;-1.0;0.0;102.44;0.0;0.0
2019;297;365;beauce_5_sa_001;orgeh;orgeH_tousSols_nonirr_organique;31.72;0.02;12.23;0.79;0.0;37.8;240.59;56.91;310.4;-1.0;-1.0;96.81;113.47;0.0;464.28
2019;213;292;beauce_5_sa_002;solnu;;105.88;0.0;0.0;0.01;0.0;45.53;248.32;35.33;238.12;-1.0;-1.0;0.0;97.32;0.0;0.0
2019;293;365;beauce_5_sa_002;orgeh;orgeH_tousSols_nonirr_organique;34.66;0.04;12.43;0.83;0.0;35.98;238.77;56.91;310.4;-1.0;-1.0;95.07;118.58;0.0;507.81
2019;213;290;beauce_5_sa_003;solnu;;105.1;0.0;0.0;0.01;0.0;45.53;248.32;18.46;221.25;-1.0;-1.0;0.0;86.42;0.0;0.0
2019;291;365;beauce_5_sa_003;orgeh;orgeH_tousSols_nonirr_organique;35.21;0.06;12.65;0.83;0.0;26.37;229.15;56.91;310.4;-1.0;-1.0;93.72;129.48;0.0;529.57
2019;213;283;beauce_5_sa_004;solnu;;101.98;0.0;0.0;0.01;0.0;45.53;248.32;15.22;218.01;-1.0;-1.0;0.0;74.9;0.0;0.0
2019;284;365;beauce_5_sa_004;orgeh;orgeH_tousSols_nonirr_organique;37.84;0.16;13.03;0.87;0.0;18.29;221.08;56.91;310.4;-1.0;-1.0;90.98;141.0;0.0;613.66
2019;213;299;beauce_5_sa_005;solnu;;111.23;0.0;0.0;0.01;0.0;45.53;248.32;37.11;239.9;-1.0;-1.0;0.0;110.85;0.0;0.0
2019;300;365;beauce_5_sa_005;orgeh;orgeH_tousSols_nonirr_organique;29.59;0.01;12.19;0.81;0.0;44.48;247.27;56.91;310.4;-1.0;-1.0;98.23;105.05;0.0;436.35
2019;213;303;beauce_5_sa_006;solnu;;113.34;0.0;0.0;0.01;0.0;45.53;248.32;49.68;252.47;-1.0;-1.0;0.0;118.19;0.0;0.0
2019;304;365;beauce_5_sa_006;orgeh;orgeH_tousSols_nonirr_organique;27.08;0.0;12.59;0.62;0.0;49.55;252.33;56.91;310.4;-1.0;-1.0;98.36;97.72;0.0;406.45
2019;213;312;beauce_5_sa_007;solnu;;119.95;0.0;0.0;0.04;0.0;45.53;248.32;55.92;270.93;-1.0;-1.0;0.0;142.56;0.0;0.0
2019;313;365;beauce_5_sa_007;orgeh;orgeH_tousSols_nonirr_organique;20.94;0.0;12.12;0.37;0.0;55.03;270.03;56.91;310.4;-1.0;-1.0;98.11;73.35;0.0;323.88
2019;213;256;beauce_5_sa_008;solnu;;78.43;0.0;0.0;0.01;0.0;45.53;248.32;13.76;216.55;-1.0;-1.0;0.0;46.66;0.0;0.0
2019;257;365;beauce_5_sa_008;orgeh;orgeH_tousSols_nonirr_organique;54.25;3.99;16.35;0.39;0.0;12.71;215.5;87.55;310.4;-1.0;-1.0;80.97;169.25;0.0;1020.05
2019;213;271;beauce_5_sa_009;solnu;;94.18;0.0;0.0;0.01;0.0;45.53;248.32;16.42;219.21;-1.0;-1.0;0.0;65.07;0.0;0.0
2019;272;365;beauce_5_sa_009;orgeh;orgeH_tousSols_nonirr_organique;43.82;0.7;14.31;0.75;0.0;15.53;218.32;59.38;310.4;-1.0;-1.0;86.35;150.83;0.0;766.17
2019;213;288;beauce_5_sa_010;solnu;;104.21;0.0;0.0;0.01;0.0;45.53;248.32;19.34;222.13;-1.0;-1.0;0.0;78.02;0.0;0.0
2019;289;365;beauce_5_sa_010;orgeh;orgeH_tousSols_nonirr_organique;36.31;0.08;12.41;0.88;0.0;18.75;221.54;56.91;310.4;-1.0;-1.0;92.6;137.88;0.0;556.92
2019;213;300;beauce_5_sa_011;solnu;;111.95;0.0;0.0;0.01;0.0;45.53;248.32;44.44;247.22;-1.0;-1.0;0.0;111.67;0.0;0.0
2019;301;365;beauce_5_sa_011;orgeh;orgeH_tousSols_nonirr_organique;28.95;0.01;12.11;0.72;0.0;44.21;247.0;56.91;310.4;-1.0;-1.0;98.26;104.24;0.0;429.33
2019;213;276;beauce_5_sa_012;solnu;;97.71;0.0;0.0;0.01;0.0;45.53;248.32;17.03;219.82;-1.0;-1.0;0.0;69.53;0.0;0.0
2019;277;365;beauce_5_sa_012;orgeh;orgeH_tousSols_nonirr_organique;41.51;0.36;13.43;0.81;0.0;16.62;219.41;56.91;310.4;-1.0;-1.0;87.2;146.38;0.0;697.57
2019;213;286;beauce_5_sa_013;solnu;;103.15;0.0;0.0;0.01;0.0;45.53;248.32;19.78;222.57;-1.0;-1.0;0.0;77.4;0.0;0.0
2019;287;365;beauce_5_sa_013;orgeh;orgeH_tousSols_nonirr_organique;36.94;0.11;12.82;0.87;0.0;19.32;222.1;56.91;310.4;-1.0;-1.0;92.26;138.51;0.0;578.34
2019;213;317;beauce_5_sa_014;solnu;;122.72;0.0;0.0;0.08;0.0;45.53;248.32;56.91;278.91;-1.0;-1.0;0.0;153.32;0.0;0.0
2019;318;365;beauce_5_sa_014;orgeh;orgeH_tousSols_nonirr_organique;18.2;0.0;12.09;0.18;0.0;56.36;278.37;56.91;310.4;-1.0;-1.0;97.92;62.59;0.0;276.42
2019;213;306;beauce_5_sa_015;solnu;;116.06;0.0;0.0;0.01;0.0;45.53;248.32;56.91;264.84;-1.0;-1.0;0.0;137.53;0.0;0.0
2019;307;365;beauce_5_sa_015;orgeh;orgeH_tousSols_nonirr_organique;24.84;0.0;12.11;0.5;0.0;56.91;269.01;56.91;310.4;-1.0;-1.0;98.31;78.38;0.0;378.84
2019;213;305;beauce_5_sa_016;solnu;;115.44;0.0;0.0;0.01;0.0;45.53;248.32;48.28;251.07;-1.0;-1.0;0.0;132.58;0.0;0.0
2019;306;365;beauce_5_sa_016;orgeh;orgeH_tousSols_nonirr_organique;25.44;0.0;12.14;0.67;0.0;56.91;264.88;56.91;310.4;-1.0;-1.0;98.33;83.32;0.0;384.84
2019;213;299;beauce_5_sa_017;solnu;;111.23;0.0;0.0;0.01;0.0;45.53;248.32;37.11;239.9;-1.0;-1.0;0.0;110.85;0.0;0.0
2019;300;365;beauce_5_sa_017;orgeh;orgeH_tousSols_nonirr_organique;29.59;0.01;12.19;0.81;0.0;44.48;247.27;56.91;310.4;-1.0;-1.0;98.23;105.05;0.0;436.35
2019;213;305;beauce_5_sa_018;solnu;;115.44;0.0;0.0;0.01;0.0;45.53;248.32;48.28;251.07;-1.0;-1.0;0.0;132.58;0.0;0.0
2019;306;365;beauce_5_sa_018;orgeh;orgeH_tousSols_nonirr_organique;25.44;0.0;12.14;0.67;0.0;56.91;264.88;56.91;310.4;-1.0;-1.0;98.33;83.32;0.0;384.84
2019;213;279;beauce_5_sa_019;solnu;;99.47;0.0;0.0;0.01;0.0;45.53;248.32;16.58;219.37;-1.0;-1.0;0.0;70.52;0.0;0.0
2019;280;365;beauce_5_sa_019;orgeh;orgeH_tousSols_nonirr_organique;39.91;0.25;13.38;0.84;0.0;15.64;218.43;56.91;310.4;-1.0;-1.0;89.41;145.39;0.0;661.43
2019;213;272;beauce_5_sa_020;solnu;;95.07;0.0;0.0;0.01;0.0;45.53;248.32;15.53;218.32;-1.0;-1.0;0.0;65.07;0.0;0.0
2019;273;365;beauce_5_sa_020;orgeh;orgeH_tousSols_nonirr_organique;43.06;0.6;14.28;0.74;0.0;14.95;217.74;57.4;310.4;-1.0;-1.0;86.89;150.83;0.0;751.07
2019;213;301;beauce_5_sa_021;solnu;;112.99;0.0;0.0;0.01;0.0;45.53;248.32;44.21;247.0;-1.0;-1.0;0.0;113.79;0.0;0.0
2019;302;365;beauce_5_sa_021;orgeh;orgeH_tousSols_nonirr_organique;27.92;0.0;12.1;0.71;0.0;45.97;248.75;56.91;310.4;-1.0;-1.0;98.34;102.11;0.0;421.57
2019;213;304;beauce_5_sa_022;solnu;;114.67;0.0;0.0;0.01;0.0;45.53;248.32;49.05;251.84;-1.0;-1.0;0.0;118.19;0.0;0.0
2019;305;365;beauce_5_sa_022;orgeh;orgeH_tousSols_nonirr_organique;26.24;0.0;12.1;0.61;0.0;48.28;251.07;56.91;310.4;-1.0;-1.0;98.35;97.72;0.0;398.57
2019;213;306;beauce_5_sa_023;solnu;;116.08;0.0;0.0;0.01;0.0;45.53;248.32;56.91;264.83;-1.0;-1.0;0.0;137.53;0.0;0.0
2019;307;365;beauce_5_sa_023;orgeh;orgeH_tousSols_nonirr_organique;24.84;0.0;12.1;0.51;0.0;56.91;268.99;56.91;310.4;-1.0;-1.0;98.31;78.38;0.0;378.84
2019;213;308;beauce_5_sa_024;solnu;;117.41;0.0;0.0;0.01;0.0;45.53;248.32;56.91;270.16;-1.0;-1.0;0.0;139.25;0.0;0.0
2019;309;365;beauce_5_sa_024;orgeh;orgeH_tousSols_nonirr_organique;23.43;0.0;12.17;0.43;0.0;56.48;269.73;56.91;310.4;-1.0;-1.0;98.25;76.66;0.0;366.39
2019;213;291;beauce_5_sa_025;solnu;;105.59;0.0;0.0;0.01;0.0;45.53;248.32;26.37;229.15;-1.0;-1.0;0.0;95.68;0.0;0.0
2019;292;365;beauce_5_sa_025;orgeh;orgeH_tousSols_nonirr_organique;34.89;0.05;12.49;0.86;0.0;35.33;238.12;56.91;310.4;-1.0;-1.0;94.48;120.22;0.0;518.09
2019;213;295;beauce_5_sa_026;solnu;;108.38;0.0;0.0;0.01;0.0;45.53;248.32;38.83;241.61;-1.0;-1.0;0.0;101.68;0.0;0.0
2019;296;365;beauce_5_sa_026;orgeh;orgeH_tousSols_nonirr_organique;32.47;0.02;12.13;0.8;0.0;38.01;240.79;56.91;310.4;-1.0;-1.0;96.44;114.22;0.0;473.96
2019;213;307;beauce_5_sa_027;solnu;;117.14;0.0;0.0;0.01;0.0;45.53;248.32;56.91;268.71;-1.0;-1.0;0.0;139.25;0.0;0.0
2019;308;365;beauce_5_sa_027;orgeh;orgeH_tousSols_nonirr_organique;24.03;0.0;11.84;0.45;0.0;56.91;269.83;56.91;310.4;-1.0;-1.0;98.28;76.66;0.0;374.6
2019;213;272;beauce_5_sa_028;solnu;;95.07;0.0;0.0;0.01;0.0;45.53;248.32;15.53;218.32;-1.0;-1.0;0.0;65.07;0.0;0.0
2019;273;365;beauce_5_sa_028;orgeh;orgeH_tousSols_nonirr_organique;43.06;0.6;14.28;0.74;0.0;14.95;217.74;57.4;310.4;-1.0;-1.0;86.89;150.83;0.0;751.07
2019;213;286;beauce_5_sa_029;solnu;;103.49;0.0;0.0;0.01;0.0;45.53;248.32;19.44;222.22;-1.0;-1.0;0.0;77.4;0.0;0.0
2019;287;365;beauce_5_sa_029;orgeh;orgeH_tousSols_nonirr_organique;37.01;0.11;12.4;0.87;0.0;18.96;221.75;56.91;310.4;-1.0;-1.0;91.31;138.51;0.0;578.34
2019;213;294;beauce_5_sa_030;solnu;;108.12;0.0;0.0;0.01;0.0;45.53;248.32;34.74;237.52;-1.0;-1.0;0.0;101.68;0.0;0.0
2019;295;365;beauce_5_sa_030;orgeh;orgeH_tousSols_nonirr_organique;32.85;0.03;12.02;0.83;0.0;38.68;241.47;56.91;310.4;-1.0;-1.0;95.87;114.22;0.0;487.09
2019;213;283;beauce_5_sa_031;solnu;;102.17;0.0;0.0;0.01;0.0;45.53;248.32;15.03;217.82;-1.0;-1.0;0.0;74.9;0.0;0.0
2019;284;365;beauce_5_sa_031;orgeh;orgeH_tousSols_nonirr_organique;37.92;0.16;12.77;0.87;0.0;18.11;220.89;56.91;310.4;-1.0;-1.0;90.15;141.0;0.0;613.66
2019;213;282;beauce_5_sa_032;solnu;;101.58;0.0;0.0;0.01;0.0;45.53;248.32;15.62;218.41;-1.0;-1.0;0.0;71.67;0.0;0.0
2019;283;365;beauce_5_sa_032;orgeh;orgeH_tousSols_nonirr_organique;38.45;0.17;12.81;0.84;0.0;14.93;217.71;56.91;310.4;-1.0;-1.0;89.65;144.24;0.0;624.32
2019;213;306;beauce_5_sa_033;solnu;;116.14;0.0;0.0;0.01;0.0;45.53;248.32;56.91;264.76;-1.0;-1.0;0.0;137.53;0.0;0.0
2019;307;365;beauce_5_sa_033;orgeh;orgeH_tousSols_nonirr_organique;24.83;0.0;12.04;0.52;0.0;56.91;268.92;56.91;310.4;-1.0;-1.0;98.31;78.38;0.0;378.84
2019;213;288;beauce_5_sa_034;solnu;;103.98;0.0;0.0;0.01;0.0;45.53;248.32;19.58;222.36;-1.0;-1.0;0.0;78.02;0.0;0.0
2019;289;365;beauce_5_sa_034;orgeh;orgeH_tousSols_nonirr_organique;36.25;0.08;12.7;0.86;0.0;18.99;221.78;56.91;310.4;-1.0;-1.0;92.88;137.88;0.0;556.92
2019;213;259;beauce_5_sa_035;solnu;;80.93;0.0;0.0;0.01;0.0;45.53;248.32;12.3;215.08;-1.0;-1.0;0.0;47.7;0.0;0.0
2019;260;365;beauce_5_sa_035;orgeh;orgeH_tousSols_nonirr_organique;53.22;2.92;15.94;0.49;0.0;11.48;214.27;82.16;310.4;-1.0;-1.0;81.19;168.21;0.0;968.3
2019;213;279;beauce_5_sa_036;solnu;;99.64;0.0;0.0;0.01;0.0;45.53;248.32;16.41;219.2;-1.0;-1.0;0.0;70.52;0.0;0.0
2019;280;365;beauce_5_sa_036;orgeh;orgeH_tousSols_nonirr_organique;40.03;0.25;13.1;0.84;0.0;15.46;218.25;56.91;310.4;-1.0;-1.0;88.37;145.39;0.0;661.43
2019;213;265;beauce_5_sa_037;solnu;;86.43;0.0;0.0;0.01;0.0;45.53;248.32;24.18;226.96;-1.0;-1.0;0.0;65.07;0.0;0.0
2019;266;365;beauce_5_sa_037;orgeh;orgeH_tousSols_nonirr_organique;50.26;1.48;14.84;0.62;0.0;23.25;226.04;71.36;310.4;-1.0;-1.0;82.05;150.83;0.0;871.06
2019;213;271;beauce_5_sa_038;solnu;;94.18;0.0;0.0;0.01;0.0;45.53;248.32;16.42;219.21;-1.0;-1.0;0.0;65.07;0.0;0.0
2019;272;365;beauce_5_sa_038;orgeh;orgeH_tousSols_nonirr_organique;43.82;0.7;14.31;0.75;0.0;15.53;218.32;59.38;310.4;-1.0;-1.0;86.35;150.83;0.0;766.17
2019;213;302;beauce_5_sa_039;solnu;;113.31;0.0;0.0;0.01;0.0;45.53;248.32;46.01;248.8;-1.0;-1.0;0.0;117.49;0.0;0.0
2019;303;365;beauce_5_sa_039;orgeh;orgeH_tousSols_nonirr_organique;27.53;0.0;12.17;0.73;0.0;49.19;251.97;56.91;310.4;-1.0;-1.0;98.38;98.41;0.0;412.94
2019;213;263;beauce_5_sa_040;solnu;;84.62;0.0;0.0;0.01;0.0;45.53;248.32;23.24;226.03;-1.0;-1.0;0.0;62.33;0.0;0.0
2019;264;365;beauce_5_sa_040;orgeh;orgeH_tousSols_nonirr_organique;51.04;1.88;15.47;0.56;0.0;22.23;225.02;74.73;310.4;-1.0;-1.0;82.37;153.57;0.0;906.2
2019;213;299;beauce_5_sa_041;solnu;;111.31;0.0;0.0;0.01;0.0;45.53;248.32;37.03;239.82;-1.0;-1.0;0.0;110.85;0.0;0.0
2019;300;365;beauce_5_sa_041;orgeh;orgeH_tousSols_nonirr_organique;29.6;0.01;12.09;0.8;0.0;44.38;247.17;56.91;310.4;-1.0;-1.0;98.21;105.05;0.0;436.35
2019;213;277;beauce_5_sa_042;solnu;;98.37;0.0;0.0;0.01;0.0;45.53;248.32;16.69;219.47;-1.0;-1.0;0.0;69.83;0.0;0.0
2019;278;365;beauce_5_sa_042;orgeh;orgeH_tousSols_nonirr_organique;40.91;0.32;13.41;0.82;0.0;16.42;219.21;56.91;310.4;-1.0;-1.0;87.78;146.07;0.0;686.34
2019;213;281;beauce_5_sa_043;solnu;;100.71;0.0;0.0;0.01;0.0;45.53;248.32;16.49;219.28;-1.0;-1.0;0.0;71.67;0.0;0.0
2019;282;365;beauce_5_sa_043;orgeh;orgeH_tousSols_nonirr_organique;38.88;0.21;13.22;0.85;0.0;15.9;218.69;56.91;310.4;-1.0;-1.0;90.18;144.24;0.0;633.81
2019;213;286;beauce_5_sa_044;solnu;;103.37;0.0;0.0;0.01;0.0;45.53;248.32;19.56;222.35;-1.0;-1.0;0.0;77.4;0.0;0.0
2019;287;365;beauce_5_sa_044;orgeh;orgeH_tousSols_nonirr_organique;37.01;0.11;12.53;0.87;0.0;19.09;221.88;56.91;310.4;-1.0;-1.0;91.52;138.51;0.0;578.34
2019;213;288;beauce_5_sa_045;solnu;;103.99;0.0;0.0;0.01;0.0;45.53;248.32;19.56;222.35;-1.0;-1.0;0.0;78.02;0.0;0.0
2019;289;365;beauce_5_sa_045;orgeh;orgeH_tousSols_nonirr_organique;36.25;0.08;12.69;0.88;0.0;18.98;221.77;56.91;310.4;-1.0;-1.0;93.2;137.88;0.0;556.92
2019;213;289;beauce_5_sa_046;solnu;;104.81;0.0;0.0;0.01;0.0;45.53;248.32;18.75;221.54;-1.0;-1.0;0.0;78.02;0.0;0.0
2019;290;365;beauce_5_sa_046;orgeh;orgeH_tousSols_nonirr_organique;35.71;0.07;12.42;0.83;0.0;18.22;221.01;56.91;310.4;-1.0;-1.0;92.68;137.88;0.0;543.42
2019;213;295;beauce_5_sa_047;solnu;;108.68;0.0;0.0;0.01;0.0;45.53;248.32;38.53;241.32;-1.0;-1.0;0.0;101.68;0.0;0.0
2019;296;365;beauce_5_sa_047;orgeh;orgeH_tousSols_nonirr_organique;32.47;0.02;11.84;0.8;0.0;37.71;240.5;56.91;310.4;-1.0;-1.0;96.29;114.22;0.0;473.96
2019;213;278;beauce_5_sa_048;solnu;;99.15;0.0;0.0;0.01;0.0;45.53;248.32;16.21;219.0;-1.0;-1.0;0.0;70.52;0.0;0.0
2019;279;365;beauce_5_sa_048;orgeh;orgeH_tousSols_nonirr_organique;40.46;0.29;13.11;0.83;0.0;16.3;219.09;56.91;310.4;-1.0;-1.0;87.82;145.39;0.0;669.87
2019;213;276;beauce_5_sa_049;solnu;;97.6;0.0;0.0;0.01;0.0;45.53;248.32;17.14;219.93;-1.0;-1.0;0.0;69.53;0.0;0.0
2019;277;365;beauce_5_sa_049;orgeh;orgeH_tousSols_nonirr_organique;41.37;0.37;13.67;0.81;0.0;16.74;219.52;56.91;310.4;-1.0;-1.0;88.22;146.38;0.0;697.57
2019;213;304;beauce_5_sa_050;solnu;;114.67;0.0;0.0;0.01;0.0;45.53;248.32;49.05;251.84;-1.0;-1.0;0.0;118.19;0.0;0.0
2019;305;365;beauce_5_sa_050;orgeh;orgeH_tousSols_nonirr_organique;26.29;0.0;12.05;0.57;0.0;48.27;251.06;56.91;310.4;-1.0;-1.0;98.35;97.72;0.0;398.57
2019;213;284;beauce_5_sa_051;solnu;;102.35;0.0;0.0;0.01;0.0;45.53;248.32;18.09;220.88;-1.0;-1.0;0.0;74.9;0.0;0.0
2019;285;365;beauce_5_sa_051;orgeh;orgeH_tousSols_nonirr_organique;37.82;0.14;12.71;0.85;0.0;17.39;220.18;56.91;310.4;-1.0;-1.0;90.52;141.0;0.0;598.71
2019;213;267;beauce_5_sa_052;solnu;;89.26;0.0;0.0;0.01;0.0;45.53;248.32;21.34;224.13;-1.0;-1.0;0.0;65.07;0.0;0.0
2019;268;365;beauce_5_sa_052;orgeh;orgeH_tousSols_nonirr_organique;47.88;1.16;14.71;0.67;0.0;20.18;222.97;67.04;310.4;-1.0;-1.0;83.75;150.83;0.0;836.54
2019;213;292;beauce_5_sa_053;solnu;;105.88;0.0;0.0;0.01;0.0;45.53;248.32;35.33;238.12;-1.0;-1.0;0.0;97.32;0.0;0.0
2019;293;365;beauce_5_sa_053;orgeh;orgeH_tousSols_nonirr_organique;34.66;0.04;12.43;0.83;0.0;35.98;238.77;56.91;310.4;-1.0;-1.0;95.07;118.58;0.0;507.81
2019;213;266;beauce_5_sa_054;solnu;;87.24;0.0;0.0;0.01;0.0;45.53;248.32;23.37;226.16;-1.0;-1.0;0.0;65.07;0.0;0.0
2019;267;365;beauce_5_sa_054;orgeh;orgeH_tousSols_nonirr_organique;49.39;1.35;15.03;0.64;0.0;21.36;224.15;69.05;310.4;-1.0;-1.0;84.1;150.83;0.0;852.98
2019;213;265;beauce_5_sa_055;solnu;;86.37;0.0;0.0;0.01;0.0;45.53;248.32;24.24;227.02;-1.0;-1.0;0.0;65.07;0.0;0.0
2019;266;365;beauce_5_sa_055;orgeh;orgeH_tousSols_nonirr_organique;50.19;1.5;14.95;0.62;0.0;23.32;226.1;71.36;310.4;-1.0;-1.0;82.48;150.83;0.0;871.06
2019;213;287;beauce_5_sa_056;solnu;;103.83;0.0;0.0;0.01;0.0;45.53;248.32;19.1;221.89;-1.0;-1.0;0.0;78.02;0.0;0.0
2019;288;365;beauce_5_sa_056;orgeh;orgeH_tousSols_nonirr_organique;36.66;0.09;12.43;0.88;0.0;19.34;222.13;56.91;310.4;-1.0;-1.0;91.82;137.88;0.0;567.78
2019;213;294;beauce_5_sa_057;solnu;;108.17;0.0;0.0;0.01;0.0;45.53;248.32;34.68;237.47;-1.0;-1.0;0.0;101.68;0.0;0.0
2019;295;365;beauce_5_sa_057;orgeh;orgeH_tousSols_nonirr_organique;32.85;0.03;11.96;0.83;0.0;38.62;241.41;56.91;310.4;-1.0;-1.0;95.83;114.22;0.0;487.09
2019;213;256;beauce_5_sa_058;solnu;;78.37;0.0;0.0;0.01;0.0;45.53;248.32;13.82;216.61;-1.0;-1.0;0.0;46.66;0.0;0.0
2019;257;365;beauce_5_sa_058;orgeh;orgeH_tousSols_nonirr_organique;53.98;4.13;16.54;0.39;0.0;12.78;215.57;87.55;310.4;-1.0;-1.0;81.91;169.25;0.0;1020.05
2019;213;266;beauce_5_sa_059;solnu;;87.41;0.0;0.0;0.01;0.0;45.53;248.32;23.19;225.98;-1.0;-1.0;0.0;65.07;0.0;0.0
2019;267;365;beauce_5_sa_059;orgeh;orgeH_tousSols_nonirr_organique;49.57;1.3;14.73;0.65;0.0;21.18;223.96;69.05;310.4;-1.0;-1.0;82.94;150.83;0.0;852.98
2019;213;279;beauce_5_sa_060;solnu;;99.56;0.0;0.0;0.01;0.0;45.53;248.32;16.49;219.28;-1.0;-1.0;0.0;70.52;0.0;0.0
2019;280;365;beauce_5_sa_060;orgeh;orgeH_tousSols_nonirr_organique;40.06;0.25;13.15;0.84;0.0;15.53;218.32;56.91;310.4;-1.0;-1.0;88.38;145.39;0.0;661.43
2019;213;305;beauce_5_sa_061;solnu;;115.53;0.0;0.0;0.01;0.0;45.53;248.32;48.19;250.97;-1.0;-1.0;0.0;132.58;0.0;0.0
2019;306;365;beauce_5_sa_061;orgeh;orgeH_tousSols_nonirr_organique;25.44;0.0;12.03;0.66;0.0;56.91;264.78;56.91;310.4;-1.0;-1.0;98.33;83.32;0.0;384.84
2019;213;281;beauce_5_sa_062;solnu;;100.71;0.0;0.0;0.01;0.0;45.53;248.32;16.49;219.28;-1.0;-1.0;0.0;71.67;0.0;0.0
2019;282;365;beauce_5_sa_062;orgeh;orgeH_tousSols_nonirr_organique;38.88;0.21;13.22;0.85;0.0;15.9;218.69;56.91;310.4;-1.0;-1.0;90.18;144.24;0.0;633.81
2019;213;263;beauce_5_sa_063;solnu;;84.45;0.0;0.0;0.01;0.0;45.53;248.32;23.41;226.2;-1.0;-1.0;0.0;62.33;0.0;0.0
2019;264;365;beauce_5_sa_063;orgeh;orgeH_tousSols_nonirr_organique;50.99;1.89;15.68;0.55;0.0;22.4;225.19;74.73;310.4;-1.0;-1.0;82.59;153.57;0.0;906.2
2019;213;286;beauce_5_sa_064;solnu;;103.15;0.0;0.0;0.01;0.0;45.53;248.32;19.78;222.57;-1.0;-1.0;0.0;77.4;0.0;0.0
2019;287;365;beauce_5_sa_064;orgeh;orgeH_tousSols_nonirr_organique;36.94;0.11;12.82;0.87;0.0;19.32;222.1;56.91;310.4;-1.0;-1.0;92.26;138.51;0.0;578.34
2019;213;301;beauce_5_sa_065;solnu;;113.13;0.0;0.0;0.01;0.0;45.53;248.32;44.07;246.86;-1.0;-1.0;0.0;113.79;0.0;0.0
2019;302;365;beauce_5_sa_065;orgeh;orgeH_tousSols_nonirr_organique;27.91;0.0;11.97;0.73;0.0;45.83;248.62;56.91;310.4;-1.0;-1.0;98.34;102.11;0.0;421.57
2019;213;307;beauce_5_sa_066;solnu;;116.93;0.0;0.0;0.01;0.0;45.53;248.32;56.91;268.92;-1.0;-1.0;0.0;139.25;0.0;0.0
2019;308;365;beauce_5_sa_066;orgeh;orgeH_tousSols_nonirr_organique;24.03;0.0;12.05;0.45;0.0;56.91;270.04;56.91;310.4;-1.0;-1.0;98.28;76.66;0.0;374.6
2019;213;256;beauce_5_sa_067;solnu;;78.22;0.0;0.0;0.01;0.0;45.53;248.32;13.97;216.76;-1.0;-1.0;0.0;46.66;0.0;0.0
2019;257;365;beauce_5_sa_067;orgeh;orgeH_tousSols_nonirr_organique;54.01;4.13;16.66;0.38;0.0;12.92;215.71;87.55;310.4;-1.0;-1.0;81.94;169.25;0.0;1020.05
2019;213;292;beauce_5_sa_068;solnu;;106.18;0.0;0.0;0.01;0.0;45.53;248.32;35.03;237.82;-1.0;-1.0;0.0;97.32;0.0;0.0
2019;293;365;beauce_5_sa_068;orgeh;orgeH_tousSols_nonirr_organique;34.72;0.04;12.07;0.83;0.0;35.65;238.44;56.91;310.4;-1.0;-1.0;94.57;118.58;0.0;507.81
2019;213;274;beauce_5_sa_069;solnu;;96.11;0.0;0.0;0.01;0.0;45.53;248.32;18.63;221.42;-1.0;-1.0;0.0;69.21;0.0;0.0
2019;275;365;beauce_5_sa_069;orgeh;orgeH_tousSols_nonirr_organique;42.88;0.46;13.57;0.79;0.0;17.74;220.53;56.91;310.4;-1.0;-1.0;86.15;146.69;0.0;727.04
2019;213;315;beauce_5_sa_070;solnu;;121.83;0.0;0.0;0.07;0.0;45.53;248.32;56.74;277.0;-1.0;-1.0;0.0;150.51;0.0;0.0
2019;316;365;beauce_5_sa_070;orgeh;orgeH_tousSols_nonirr_organique;19.18;0.0;12.0;0.23;0.0;56.25;276.51;56.91;310.4;-1.0;-1.0;98.0;65.4;0.0;294.39
2019;213;276;beauce_5_sa_071;solnu;;97.6;0.0;0.0;0.01;0.0;45.53;248.32;17.14;219.93;-1.0;-1.0;0.0;69.53;0.0;0.0
2019;277;365;beauce_5_sa_071;orgeh;orgeH_tousSols_nonirr_organique;41.37;0.37;13.67;0.81;0.0;16.74;219.52;56.91;310.4;-1.0;-1.0;88.22;146.38;0.0;697.57
2019;213;314;beauce_5_sa_072;solnu;;121.22;0.0;0.0;0.05;0.0;45.53;248.32;56.91;277.31;-1.0;-1.0;0.0;150.51;0.0;0.0
2019;315;365;beauce_5_sa_072;orgeh;orgeH_tousSols_nonirr_organique;19.69;0.0;12.11;0.22;0.0;56.74;277.13;56.91;310.4;-1.0;-1.0;98.04;65.4;0.0;308.01
2019;213;307;beauce_5_sa_073;solnu;;116.94;0.0;0.0;0.01;0.0;45.53;248.32;56.91;268.9;-1.0;-1.0;0.0;139.25;0.0;0.0
2019;308;365;beauce_5_sa_073;orgeh;orgeH_tousSols_nonirr_organique;24.03;0.0;12.03;0.45;0.0;56.91;270.02;56.91;310.4;-1.0;-1.0;98.28;76.66;0.0;374.6
2019;213;296;beauce_5_sa_074;solnu;;109.34;0.0;0.0;0.01;0.0;45.53;248.32;37.87;240.66;-1.0;-1.0;0.0;102.44;0.0;0.0
2019;297;365;beauce_5_sa_074;orgeh;orgeH_tousSols_nonirr_organique;31.69;0.02;11.96;0.81;0.0;37.51;240.29;56.91;310.4;-1.0;-1.0;96.89;113.47;0.0;464.28
2019;213;291;beauce_5_sa_075;solnu;;105.86;0.0;0.0;0.01;0.0;45.53;248.32;26.09;228.88;-1.0;-1.0;0.0;95.68;0.0;0.0
2019;292;365;beauce_5_sa_075;orgeh;orgeH_tousSols_nonirr_organique;34.95;0.05;12.15;0.86;0.0;35.05;237.84;56.91;310.4;-1.0;-1.0;93.89;120.22;0.0;518.09
2019;213;289;beauce_5_sa_076;solnu;;104.6;0.0;0.0;0.01;0.0;45.53;248.32;18.96;221.74;-1.0;-1.0;0.0;78.02;0.0;0.0
2019;290;365;beauce_5_sa_076;orgeh;orgeH_tousSols_nonirr_organique;35.71;0.07;12.64;0.83;0.0;18.43;221.22;56.91;310.4;-1.0;-1.0;92.98;137.88;0.0;543.42
2019;213;296;beauce_5_sa_077;solnu;;109.35;0.0;0.0;0.01;0.0;45.53;248.32;37.86;240.65;-1.0;-1.0;0.0;102.44;0.0;0.0
2019;297;365;beauce_5_sa_077;orgeh;orgeH_tousSols_nonirr_organique;31.7;0.02;11.95;0.81;0.0;37.5;240.29;56.91;310.4;-1.0;-1.0;96.85;113.47;0.0;464.28
2019;213;309;beauce_5_sa_078;solnu;;117.84;0.0;0.0;0.01;0.0;45.53;248.32;56.48;269.73;-1.0;-1.0;0.0;139.25;0.0;0.0
2019;310;365;beauce_5_sa_078;orgeh;orgeH_tousSols_nonirr_organique;23.03;0.0;12.15;0.42;0.0;55.86;269.11;56.91;310.4;-1.0;-1.0;98.21;76.66;0.0;355.2
2019;213;300;beauce_5_sa_079;solnu;;111.94;0.0;0.0;0.01;0.0;45.53;248.32;44.45;247.24;-1.0;-1.0;0.0;111.67;0.0;0.0
2019;301;365;beauce_5_sa_079;orgeh;orgeH_tousSols_nonirr_organique;28.95;0.01;12.12;0.72;0.0;44.22;247.01;56.91;310.4;-1.0;-1.0;98.27;104.24;0.0;429.33
2019;213;300;beauce_5_sa_080;solnu;;111.91;0.0;0.0;0.01;0.0;45.53;248.32;44.48;247.27;-1.0;-1.0;0.0;111.67;0.0;0.0
2019;301;365;beauce_5_sa_080;orgeh;orgeH_tousSols_nonirr_organique;28.93;0.01;12.17;0.74;0.0;44.25;247.04;56.91;310.4;-1.0;-1.0;98.29;104.24;0.0;429.33
2019;213;285;beauce_5_sa_081;solnu;;102.83;0.0;0.0;0.01;0.0;45.53;248.32;17.61;220.39;-1.0;-1.0;0.0;77.4;0.0;0.0
2019;286;365;beauce_5_sa_081;orgeh;orgeH_tousSols_nonirr_organique;37.2;0.12;12.86;0.88;0.0;19.78;222.57;56.91;310.4;-1.0;-1.0;91.83;138.51;0.0;589.85
2019;213;301;beauce_5_sa_082;solnu;;112.95;0.0;0.0;0.01;0.0;45.53;248.32;44.25;247.04;-1.0;-1.0;0.0;113.79;0.0;0.0
2019;302;365;beauce_5_sa_082;orgeh;orgeH_tousSols_nonirr_organique;27.91;0.0;12.15;0.73;0.0;46.01;248.8;56.91;310.4;-1.0;-1.0;98.35;102.11;0.0;421.57
2019;213;281;beauce_5_sa_083;solnu;;100.87;0.0;0.0;0.01;0.0;45.53;248.32;16.32;219.11;-1.0;-1.0;0.0;71.67;0.0;0.0
2019;282;365;beauce_5_sa_083;orgeh;orgeH_tousSols_nonirr_organique;38.98;0.21;12.95;0.85;0.0;15.72;218.51;56.91;310.4;-1.0;-1.0;89.25;144.24;0.0;633.81
2019;213;298;beauce_5_sa_084;solnu;;110.65;0.0;0.0;0.01;0.0;45.53;248.32;37.69;240.48;-1.0;-1.0;0.0;102.81;0.0;0.0
2019;299;365;beauce_5_sa_084;orgeh;orgeH_tousSols_nonirr_organique;30.17;0.01;12.19;0.75;0.0;37.11;239.9;56.91;310.4;-1.0;-1.0;97.81;113.09;0.0;445.8
2019;213;283;beauce_5_sa_085;solnu;;101.98;0.0;0.0;0.01;0.0;45.53;248.32;15.22;218.01;-1.0;-1.0;0.0;74.9;0.0;0.0
2019;284;365;beauce_5_sa_085;orgeh;orgeH_tousSols_nonirr_organique;37.84;0.16;13.03;0.87;0.0;18.29;221.08;56.91;310.4;-1.0;-1.0;90.98;141.0;0.0;613.66
2019;213;286;beauce_5_sa_086;solnu;;103.15;0.0;0.0;0.01;0.0;45.53;248.32;19.78;222.57;-1.0;-1.0;0.0;77.4;0.0;0.0
2019;287;365;beauce_5_sa_086;orgeh;orgeH_tousSols_nonirr_organique;36.94;0.11;12.82;0.87;0.0;19.32;222.1;56.91;310.4;-1.0;-1.0;92.26;138.51;0.0;578.34
2019;213;294;beauce_5_sa_087;solnu;;107.82;0.0;0.0;0.01;0.0;45.53;248.32;35.03;237.82;-1.0;-1.0;0.0;101.68;0.0;0.0
2019;295;365;beauce_5_sa_087;orgeh;orgeH_tousSols_nonirr_organique;32.84;0.03;12.32;0.83;0.0;38.98;241.77;56.91;310.4;-1.0;-1.0;96.06;114.22;0.0;487.09
2019;213;309;beauce_5_sa_088;solnu;;117.77;0.0;0.0;0.01;0.0;45.53;248.32;56.48;269.8;-1.0;-1.0;0.0;139.25;0.0;0.0
2019;310;365;beauce_5_sa_088;orgeh;orgeH_tousSols_nonirr_organique;23.07;0.0;12.17;0.39;0.0;55.86;269.18;56.91;310.4;-1.0;-1.0;98.21;76.66;0.0;355.2
2019;213;312;beauce_5_sa_089;solnu;;119.95;0.0;0.0;0.04;0.0;45.53;248.32;55.92;270.93;-1.0;-1.0;0.0;142.56;0.0;0.0
2019;313;365;beauce_5_sa_089;orgeh;orgeH_tousSols_nonirr_organique;20.94;0.0;12.12;0.37;0.0;55.03;270.03;56.91;310.4;-1.0;-1.0;98.11;73.35;0.0;323.88
2019;213;304;beauce_5_sa_090;solnu;;114.85;0.0;0.0;0.01;0.0;45.53;248.32;48.87;251.66;-1.0;-1.0;0.0;118.19;0.0;0.0
2019;305;365;beauce_5_sa_090;orgeh;orgeH_tousSols_nonirr_organique;26.25;0.0;11.91;0.61;0.0;48.1;250.88;56.91;310.4;-1.0;-1.0;98.35;97.72;0.0;398.57
2019;213;261;beauce_5_sa_091;solnu;;82.45;0.0;0.0;0.01;0.0;45.53;248.32;10.78;213.57;-1.0;-1.0;0.0;62.33;0.0;0.0
2019;262;365;beauce_5_sa_091;orgeh;orgeH_tousSols_nonirr_organique;52.29;2.42;15.86;0.54;0.0;25.19;227.97;78.25;310.4;-1.0;-1.0;82.55;153.57;0.0;934.6
2019;213;313;beauce_5_sa_092;solnu;;120.85;0.0;0.0;0.05;0.0;45.53;248.32;55.03;270.03;-1.0;-1.0;0.0;150.2;0.0;0.0
2019;314;365;beauce_5_sa_092;orgeh;orgeH_tousSols_nonirr_organique;20.01;0.0;12.15;0.41;0.0;56.91;277.32;56.91;310.4;-1.0;-1.0;98.08;65.7;0.0;314.44
2019;213;269;beauce_5_sa_093;solnu;;91.42;0.0;0.0;0.01;0.0;45.53;248.32;19.18;221.97;-1.0;-1.0;0.0;65.07;0.0;0.0
2019;270;365;beauce_5_sa_093;orgeh;orgeH_tousSols_nonirr_organique;46.04;0.93;14.62;0.71;0.0;17.96;220.75;63.24;310.4;-1.0;-1.0;85.55;150.83;0.0;800.34
2019;213;295;beauce_5_sa_094;solnu;;108.36;0.0;0.0;0.01;0.0;45.53;248.32;38.85;241.64;-1.0;-1.0;0.0;101.68;0.0;0.0
2019;296;365;beauce_5_sa_094;orgeh;orgeH_tousSols_nonirr_organique;32.48;0.02;12.16;0.8;0.0;38.03;240.82;56.91;310.4;-1.0;-1.0;96.43;114.22;0.0;473.96
2019;213;282;beauce_5_sa_095;solnu;;101.3;0.0;0.0;0.01;0.0;45.53;248.32;15.9;218.69;-1.0;-1.0;0.0;71.67;0.0;0.0
2019;283;365;beauce_5_sa_095;orgeh;orgeH_tousSols_nonirr_organique;38.39;0.17;13.15;0.84;0.0;15.22;218.01;56.91;310.4;-1.0;-1.0;90.58;144.24;0.0;624.32
2019;213;310;beauce_5_sa_096;solnu;;118.58;0.0;0.0;0.02;0.0;45.53;248.32;55.86;268.99;-1.0;-1.0;0.0;142.56;0.0;0.0
2019;311;365;beauce_5_sa_096;orgeh;orgeH_tousSols_nonirr_organique;22.39;0.0;12.04;0.44;0.0;56.91;271.8;56.91;310.4;-1.0;-1.0;98.18;73.35;0.0;345.3
2019;213;307;beauce_5_sa_097;solnu;;116.81;0.0;0.0;0.01;0.0;45.53;248.32;56.91;269.04;-1.0;-1.0;0.0;139.25;0.0;0.0
2019;308;365;beauce_5_sa_097;orgeh;orgeH_tousSols_nonirr_organique;24.03;0.0;12.17;0.45;0.0;56.91;270.16;56.91;310.4;-1.0;-1.0;98.28;76.66;0.0;374.6
2019;213;289;beauce_5_sa_098;solnu;;104.58;0.0;0.0;0.01;0.0;45.53;248.32;18.98;221.77;-1.0;-1.0;0.0;78.02;0.0;0.0
2019;290;365;beauce_5_sa_098;orgeh;orgeH_tousSols_nonirr_organique;35.66;0.07;12.7;0.83;0.0;18.46;221.25;56.91;310.4;-1.0;-1.0;93.27;137.88;0.0;543.42
2019;213;272;beauce_5_sa_099;solnu;;95.31;0.0;0.0;0.01;0.0;45.53;248.32;15.29;218.08;-1.0;-1.0;0.0;65.07;0.0;0.0
2019;273;365;beauce_5_sa_099;orgeh;orgeH_tousSols_nonirr_organique;43.2;0.58;13.92;0.74;0.0;14.71;217.49;57.4;310.4;-1.0;-1.0;85.54;150.83;0.0;751.07
2020;1;226;beauce_5_sa_000;orgeh;orgeH_tousSols_nonirr_organique;234.15;35.99;93.99;43.95;0.0;310.4;248.32;201.33;301.13;56.91;310.4;99.55;356.58;0.0;2964.06
2020;227;296;beauce_5_sa_000;solnu;;79.99;0.0;55.72;9.53;0.0;201.33;240.64;55.18;308.67;56.91;310.4;0.0;140.72;0.0;0.0
2020;297;366;beauce_5_sa_000;orgeh;orgeH_tousSols_nonirr_organique;27.83;0.0;62.89;1.56;0.0;54.61;301.13;56.85;310.34;56.91;310.4;98.57;115.04;0.0;434.83
2020;1;191;beauce_5_sa_001;orgeh;orgeH_tousSols_nonirr_organique;192.82;36.05;93.84;34.82;0.0;310.4;248.32;144.85;281.03;56.91;310.4;99.47;297.33;0.0;2312.08
2020;192;297;beauce_5_sa_001;solnu;;128.28;0.0;49.42;24.34;0.0;144.85;240.59;54.61;308.09;56.91;310.4;0.0;201.18;0.0;0.0
2020;298;366;beauce_5_sa_001;orgeh;orgeH_tousSols_nonirr_organique;27.27;0.0;62.89;1.53;0.0;55.41;281.03;56.85;310.34;56.91;310.4;98.55;113.83;0.0;424.97
2020;1;220;beauce_5_sa_002;orgeh;orgeH_tousSols_nonirr_organique;222.61;37.53;94.12;42.32;0.0;310.4;248.32;186.0;289.62;56.91;310.4;99.54;333.81;0.0;2892.24
2020;221;293;beauce_5_sa_002;solnu;;92.36;0.0;43.29;22.1;0.0;186.0;238.77;55.97;309.46;56.91;310.4;0.0;163.46;0.0;0.0
2020;294;366;beauce_5_sa_002;orgeh;orgeH_tousSols_nonirr_organique;30.46;0.01;70.19;2.24;0.0;56.91;289.62;56.85;310.34;56.91;310.4;98.63;115.07;0.0;463.96
2020;1;175;beauce_5_sa_003;orgeh;orgeH_tousSols_nonirr_organique;168.72;37.33;93.95;26.9;0.0;310.4;248.32;139.63;288.15;56.91;310.4;99.42;277.74;0.0;2079.89
2020;176;291;beauce_5_sa_003;solnu;;145.23;0.0;36.35;31.31;0.0;139.63;229.15;46.97;300.46;56.91;310.4;0.0;210.42;0.0;0.0
2020;292;366;beauce_5_sa_003;orgeh;orgeH_tousSols_nonirr_organique;31.76;0.02;77.21;3.53;0.0;56.91;288.15;56.85;310.34;56.91;310.4;98.67;124.19;0.0;486.37
2020;1;212;beauce_5_sa_004;orgeh;orgeH_tousSols_nonirr_organique;203.42;41.1;94.25;38.36;0.0;310.4;248.32;187.29;293.75;56.91;310.4;99.52;321.31;0.0;2841.59
2020;213;284;beauce_5_sa_004;solnu;;98.15;0.0;40.58;20.04;0.0;187.29;221.08;49.89;303.38;56.91;310.4;0.0;148.36;0.0;0.0
2020;285;366;beauce_5_sa_004;orgeh;orgeH_tousSols_nonirr_organique;34.96;0.04;78.06;3.65;0.0;49.44;293.75;56.85;310.34;56.91;310.4;98.78;142.67;0.0;555.77
2020;1;190;beauce_5_sa_005;orgeh;orgeH_tousSols_nonirr_organique;194.47;35.04;93.92;34.94;0.0;310.4;248.32;142.0;279.87;56.91;310.4;99.47;292.54;0.0;2266.48
2020;191;300;beauce_5_sa_005;solnu;;130.52;0.0;47.99;28.18;0.0;142.0;247.27;55.2;308.68;56.91;310.4;0.0;206.87;0.0;0.0
2020;301;366;beauce_5_sa_005;orgeh;orgeH_tousSols_nonirr_organique;26.02;0.0;62.61;1.35;0.0;54.89;279.87;56.85;310.34;56.91;310.4;98.48;112.93;0.0;394.92
2020;1;206;beauce_5_sa_006;orgeh;orgeH_tousSols_nonirr_organique;211.08;34.65;93.32;39.86;0.0;310.4;248.32;151.82;274.9;56.91;310.4;99.5;303.45;0.0;2528.98
2020;207;304;beauce_5_sa_006;solnu;;115.23;0.0;49.47;20.74;0.0;151.82;252.33;53.83;307.32;56.91;310.4;0.0;196.42;0.0;0.0
2020;305;366;beauce_5_sa_006;orgeh;orgeH_tousSols_nonirr_organique;24.24;0.0;62.57;1.39;0.0;53.14;274.9;56.85;310.34;56.91;310.4;98.39;112.47;0.0;355.75
2020;1;190;beauce_5_sa_007;orgeh;orgeH_tousSols_nonirr_organique;196.88;34.84;93.66;35.09;0.0;310.4;248.32;136.62;277.92;56.91;310.4;99.47;292.54;0.0;2154.01
2020;191;313;beauce_5_sa_007;solnu;;137.87;0.0;47.81;29.34;0.0;136.62;270.03;56.65;310.13;56.91;310.4;0.0;217.45;0.0;0.0
2020;314;366;beauce_5_sa_007;orgeh;orgeH_tousSols_nonirr_organique;18.62;0.0;60.88;0.8;0.0;56.09;277.92;56.85;310.34;56.91;310.4;98.11;102.35;0.0;285.14
2020;1;220;beauce_5_sa_008;orgeh;orgeH_tousSols_nonirr_organique;135.01;89.34;110.11;21.02;0.0;310.4;248.32;235.17;309.42;87.64;310.4;99.54;333.81;0.0;3404.47
2020;221;257;beauce_5_sa_008;solnu;;64.01;0.0;38.32;6.74;0.0;235.17;215.5;47.42;300.91;87.64;310.4;0.0;92.68;0.0;0.0
2020;258;366;beauce_5_sa_008;orgeh;orgeH_tousSols_nonirr_organique;54.48;0.37;98.91;9.37;0.0;47.0;309.42;79.79;310.37;87.64;310.4;99.08;185.86;0.0;939.82
2020;1;184;beauce_5_sa_009;orgeh;orgeH_tousSols_nonirr_organique;148.82;62.8;91.3;23.75;0.0;310.4;248.32;173.51;298.51;59.47;310.4;99.45;290.99;0.0;2484.0
2020;185;272;beauce_5_sa_009;solnu;;116.41;0.0;27.68;23.34;0.0;173.51;218.32;56.87;310.35;59.47;310.4;0.0;169.27;0.0;0.0
2020;273;366;beauce_5_sa_009;orgeh;orgeH_tousSols_nonirr_organique;48.29;0.19;95.05;7.08;0.0;56.91;298.51;56.85;310.34;59.47;310.4;98.94;152.08;0.0;706.85
2020;1;179;beauce_5_sa_010;orgeh;orgeH_tousSols_nonirr_organique;168.99;38.68;94.28;29.35;0.0;310.4;248.32;143.72;287.11;56.91;310.4;99.44;284.83;0.0;2175.76
2020;180;289;beauce_5_sa_010;solnu;;138.71;0.0;39.01;21.3;0.0;143.72;221.54;48.88;302.36;56.91;310.4;0.0;185.99;0.0;0.0
2020;290;366;beauce_5_sa_010;orgeh;orgeH_tousSols_nonirr_organique;33.0;0.0;77.9;3.43;0.0;48.23;287.11;56.85;310.34;56.91;310.4;98.7;141.52;0.0;507.89
2020;1;173;beauce_5_sa_011;orgeh;orgeH_tousSols_nonirr_organique;172.22;32.26;93.66;27.41;0.0;310.4;248.32;133.11;289.99;56.91;310.4;99.42;276.93;0.0;1943.39
2020;174;301;beauce_5_sa_011;solnu;;151.86;0.0;52.18;26.87;0.0;133.11;247.0;54.95;308.44;56.91;310.4;0.0;222.49;0.0;0.0
2020;302;366;beauce_5_sa_011;orgeh;orgeH_tousSols_nonirr_organique;25.64;0.0;62.74;1.35;0.0;54.37;289.99;56.85;310.34;56.91;310.4;98.46;112.93;0.0;383.87
2020;1;228;beauce_5_sa_012;orgeh;orgeH_tousSols_nonirr_organique;210.73;51.32;100.72;38.13;0.0;310.4;248.32;226.34;310.4;56.91;310.4;99.56;362.42;0.0;3229.19
2020;229;277;beauce_5_sa_012;solnu;;63.87;0.0;43.41;7.22;0.0;226.34;219.41;56.91;310.4;56.91;310.4;0.0;106.83;0.0;0.0
2020;278;366;beauce_5_sa_012;orgeh;orgeH_tousSols_nonirr_organique;40.86;0.01;79.62;3.32;0.0;54.62;310.4;56.85;310.34;56.91;310.4;98.88;143.08;0.0;639.11
2020;1;189;beauce_5_sa_013;orgeh;orgeH_tousSols_nonirr_organique;183.56;38.91;94.32;32.2;0.0;310.4;248.32;155.02;286.5;56.91;310.4;99.47;292.09;0.0;2387.96
2020;190;287;beauce_5_sa_013;solnu;;123.67;0.0;38.46;25.74;0.0;155.02;222.1;49.43;302.92;56.91;310.4;0.0;178.55;0.0;0.0
2020;288;366;beauce_5_sa_013;orgeh;orgeH_tousSols_nonirr_organique;34.13;0.03;77.47;3.46;0.0;48.56;286.5;56.85;310.34;56.91;310.4;98.73;141.7;0.0;526.47
2020;1;208;beauce_5_sa_014;orgeh;orgeH_tousSols_nonirr_organique;213.61;34.85;93.97;41.45;0.0;310.4;248.32;148.62;272.24;56.91;310.4;99.51;312.35;0.0;2438.16
2020;209;318;beauce_5_sa_014;solnu;;124.0;0.0;46.68;25.88;0.0;148.62;278.37;54.81;308.3;56.91;310.4;0.0;198.32;0.0;0.0
2020;319;366;beauce_5_sa_014;orgeh;orgeH_tousSols_nonirr_organique;16.73;0.0;60.73;0.86;0.0;54.99;272.24;56.85;310.34;56.91;310.4;97.92;101.67;0.0;257.58
2020;1;171;beauce_5_sa_015;orgeh;orgeH_tousSols_nonirr_organique;172.09;29.96;93.78;26.38;0.0;310.4;248.32;131.65;291.77;56.91;310.4;99.41;276.93;0.0;1848.89
2020;172;307;beauce_5_sa_015;solnu;;157.47;0.0;52.14;29.68;0.0;131.65;269.01;55.2;308.69;56.91;310.4;0.0;227.64;0.0;0.0
2020;308;366;beauce_5_sa_015;orgeh;orgeH_tousSols_nonirr_organique;22.4;0.0;62.73;1.15;0.0;56.59;291.77;56.85;310.34;56.91;310.4;98.31;107.77;0.0;335.34
2020;1;178;beauce_5_sa_016;orgeh;orgeH_tousSols_nonirr_organique;177.56;34.3;93.76;30.9;0.0;310.4;248.32;130.83;283.32;56.91;310.4;99.43;277.85;0.0;1985.27
2020;179;306;beauce_5_sa_016;solnu;;151.9;0.0;47.19;32.85;0.0;130.83;264.88;55.92;309.4;56.91;310.4;0.0;225.07;0.0;0.0
2020;307;366;beauce_5_sa_016;orgeh;orgeH_tousSols_nonirr_organique;23.32;0.0;62.52;1.1;0.0;54.99;283.32;56.85;310.34;56.91;310.4;98.33;109.43;0.0;336.27
2020;1;195;beauce_5_sa_017;orgeh;orgeH_tousSols_nonirr_organique;199.81;35.04;93.92;36.31;0.0;310.4;248.32;148.19;280.72;56.91;310.4;99.48;298.28;0.0;2360.5
2020;196;300;beauce_5_sa_017;solnu;;125.48;0.0;47.69;26.91;0.0;148.19;247.27;55.2;308.68;56.91;310.4;0.0;201.13;0.0;0.0
2020;301;366;beauce_5_sa_017;orgeh;orgeH_tousSols_nonirr_organique;26.02;0.0;62.61;1.35;0.0;54.89;280.72;56.85;310.34;56.91;310.4;98.48;112.93;0.0;394.92
2020;1;182;beauce_5_sa_018;orgeh;orgeH_tousSols_nonirr_organique;184.61;34.61;93.76;32.4;0.0;310.4;248.32;134.86;283.06;56.91;310.4;99.45;284.83;0.0;2060.76
2020;183;306;beauce_5_sa_018;solnu;;144.82;0.0;46.92;30.96;0.0;134.86;264.88;55.92;309.4;56.91;310.4;0.0;218.08;0.0;0.0
2020;307;366;beauce_5_sa_018;orgeh;orgeH_tousSols_nonirr_organique;23.32;0.0;62.52;1.1;0.0;54.99;283.06;56.85;310.34;56.91;310.4;98.33;109.43;0.0;336.27
2020;1;217;beauce_5_sa_019;orgeh;orgeH_tousSols_nonirr_organique;203.59;46.29;93.71;37.62;0.0;310.4;248.32;196.61;294.39;56.91;310.4;99.53;326.77;0.0;2985.31
2020;218;280;beauce_5_sa_019;solnu;;89.05;0.0;41.49;17.68;0.0;196.61;218.43;52.86;306.34;56.91;310.4;0.0;142.49;0.0;0.0
2020;281;366;beauce_5_sa_019;orgeh;orgeH_tousSols_nonirr_organique;37.19;0.06;79.18;3.62;0.0;52.2;294.39;56.85;310.34;56.91;310.4;98.84;143.08;0.0;608.2
2020;1;203;beauce_5_sa_020;orgeh;orgeH_tousSols_nonirr_organique;171.91;60.11;91.7;29.84;0.0;310.4;248.32;180.43;287.57;57.49;310.4;99.5;302.75;0.0;2817.95
2020;204;273;beauce_5_sa_020;solnu;;96.63;0.0;40.71;19.29;0.0;180.43;217.74;56.91;310.4;57.49;310.4;0.0;157.51;0.0;0.0
2020;274;366;beauce_5_sa_020;orgeh;orgeH_tousSols_nonirr_organique;46.92;0.17;82.4;4.91;0.0;54.25;287.57;56.86;310.34;57.49;310.4;98.92;152.08;0.0;693.54
2020;1;188;beauce_5_sa_021;orgeh;orgeH_tousSols_nonirr_organique;192.41;34.66;93.66;34.12;0.0;310.4;248.32;141.66;282.57;56.91;310.4;99.46;292.09;0.0;2212.42
2020;189;302;beauce_5_sa_021;solnu;;133.54;0.0;48.48;25.65;0.0;141.66;248.75;54.39;307.88;56.91;310.4;0.0;207.32;0.0;0.0
2020;303;366;beauce_5_sa_021;orgeh;orgeH_tousSols_nonirr_organique;25.07;0.0;62.75;1.36;0.0;53.89;282.57;56.85;310.34;56.91;310.4;98.44;112.93;0.0;374.98
2020;1;208;beauce_5_sa_022;orgeh;orgeH_tousSols_nonirr_organique;212.5;34.68;93.35;40.53;0.0;310.4;248.32;153.68;274.13;56.91;310.4;99.51;312.35;0.0;2560.31
2020;209;305;beauce_5_sa_022;solnu;;117.37;0.0;46.62;26.77;0.0;153.68;251.07;53.08;306.56;56.91;310.4;0.0;190.56;0.0;0.0
2020;306;366;beauce_5_sa_022;orgeh;orgeH_tousSols_nonirr_organique;23.55;0.0;62.5;1.46;0.0;55.92;274.13;56.85;310.34;56.91;310.4;98.36;109.43;0.0;346.53
2020;1;181;beauce_5_sa_023;orgeh;orgeH_tousSols_nonirr_organique;183.36;34.56;93.81;32.14;0.0;310.4;248.32;134.74;284.31;56.91;310.4;99.44;284.83;0.0;2035.02
2020;182;307;beauce_5_sa_023;solnu;;146.35;0.0;47.36;27.94;0.0;134.74;268.99;55.2;308.69;56.91;310.4;0.0;219.74;0.0;0.0
2020;308;366;beauce_5_sa_023;orgeh;orgeH_tousSols_nonirr_organique;22.4;0.0;62.73;1.15;0.0;56.59;284.31;56.85;310.34;56.91;310.4;98.31;107.77;0.0;335.34
2020;1;176;beauce_5_sa_024;orgeh;orgeH_tousSols_nonirr_organique;175.76;33.88;93.87;29.95;0.0;310.4;248.32;130.39;285.43;56.91;310.4;99.43;277.74;0.0;1938.72
2020;177;309;beauce_5_sa_024;solnu;;155.56;0.0;47.58;33.19;0.0;130.39;269.73;55.64;309.13;56.91;310.4;0.0;228.36;0.0;0.0
2020;310;366;beauce_5_sa_024;orgeh;orgeH_tousSols_nonirr_organique;21.39;0.0;62.52;1.1;0.0;56.16;285.43;56.85;310.34;56.91;310.4;98.25;106.25;0.0;310.54
2020;1;170;beauce_5_sa_025;orgeh;orgeH_tousSols_nonirr_organique;163.89;34.57;94.12;24.02;0.0;310.4;248.32;139.99;295.01;56.91;310.4;99.41;276.39;0.0;1970.18
2020;171;292;beauce_5_sa_025;solnu;;151.28;0.0;45.11;31.93;0.0;139.99;238.12;56.91;310.4;56.91;310.4;0.0;211.77;0.0;0.0
2020;293;366;beauce_5_sa_025;orgeh;orgeH_tousSols_nonirr_organique;31.34;0.02;70.24;2.14;0.0;55.97;295.01;56.85;310.34;56.91;310.4;98.65;124.19;0.0;475.7
2020;1;206;beauce_5_sa_026;orgeh;orgeH_tousSols_nonirr_organique;207.1;35.99;93.99;39.79;0.0;310.4;248.32;156.71;276.87;56.91;310.4;99.51;303.45;0.0;2596.48
2020;207;296;beauce_5_sa_026;solnu;;112.28;0.0;50.48;20.88;0.0;156.71;240.79;55.18;308.67;56.91;310.4;0.0;193.85;0.0;0.0
2020;297;366;beauce_5_sa_026;orgeh;orgeH_tousSols_nonirr_organique;27.79;0.0;62.93;1.53;0.0;54.61;276.87;56.85;310.34;56.91;310.4;98.57;115.04;0.0;434.83
2020;1;223;beauce_5_sa_027;orgeh;orgeH_tousSols_nonirr_organique;233.39;35.07;93.87;43.7;0.0;310.4;248.32;196.75;302.59;56.91;310.4;99.54;353.71;0.0;2815.52
2020;224;308;beauce_5_sa_027;solnu;;93.11;0.0;50.4;17.75;0.0;196.75;269.83;56.46;309.94;56.91;310.4;0.0;150.86;0.0;0.0
2020;309;366;beauce_5_sa_027;orgeh;orgeH_tousSols_nonirr_organique;22.11;0.0;62.61;1.03;0.0;55.72;302.59;56.85;310.34;56.91;310.4;98.28;107.77;0.0;322.77
2020;1;172;beauce_5_sa_028;orgeh;orgeH_tousSols_nonirr_organique;138.36;60.11;91.7;18.28;0.0;310.4;248.32;158.43;297.97;57.49;310.4;99.41;276.93;0.0;2243.12
2020;173;273;beauce_5_sa_028;solnu;;131.88;0.0;39.03;25.66;0.0;158.43;217.74;56.91;310.4;57.49;310.4;0.0;183.33;0.0;0.0
2020;274;366;beauce_5_sa_028;orgeh;orgeH_tousSols_nonirr_organique;46.97;0.16;82.36;4.92;0.0;54.25;297.97;56.85;310.34;57.49;310.4;98.92;152.08;0.0;693.54
2020;1;207;beauce_5_sa_029;orgeh;orgeH_tousSols_nonirr_organique;200.48;39.39;94.28;38.39;0.0;310.4;248.32;167.5;280.52;56.91;310.4;99.51;303.45;0.0;2722.07
2020;208;287;beauce_5_sa_029;solnu;;103.84;0.0;40.68;16.09;0.0;167.5;221.75;49.7;303.19;56.91;310.4;0.0;167.19;0.0;0.0
2020;288;366;beauce_5_sa_029;orgeh;orgeH_tousSols_nonirr_organique;34.12;0.0;77.78;3.45;0.0;48.91;280.52;56.85;310.34;56.91;310.4;98.73;141.7;0.0;526.47
2020;1;196;beauce_5_sa_030;orgeh;orgeH_tousSols_nonirr_organique;197.94;36.29;94.03;35.82;0.0;310.4;248.32;152.25;281.22;56.91;310.4;99.48;298.51;0.0;2430.16
2020;197;295;beauce_5_sa_030;solnu;;117.27;0.0;53.58;15.87;0.0;152.25;241.47;55.87;309.36;56.91;310.4;0.0;198.78;0.0;0.0
2020;296;366;beauce_5_sa_030;orgeh;orgeH_tousSols_nonirr_organique;28.48;0.0;62.97;1.52;0.0;55.18;281.22;56.85;310.34;56.91;310.4;98.59;115.04;0.0;445.94
2020;1;190;beauce_5_sa_031;orgeh;orgeH_tousSols_nonirr_organique;181.41;41.63;94.19;31.61;0.0;310.4;248.32;157.38;286.08;56.91;310.4;99.47;292.54;0.0;2443.79
2020;191;284;beauce_5_sa_031;solnu;;118.63;0.0;41.44;18.77;0.0;157.38;220.89;50.1;303.58;56.91;310.4;0.0;177.13;0.0;0.0
2020;285;366;beauce_5_sa_031;orgeh;orgeH_tousSols_nonirr_organique;34.85;0.0;78.41;3.58;0.0;49.7;286.08;56.85;310.34;56.91;310.4;98.78;142.67;0.0;555.77
2020;1;171;beauce_5_sa_032;orgeh;orgeH_tousSols_nonirr_organique;156.82;42.57;94.0;22.28;0.0;310.4;248.32;145.8;294.2;56.91;310.4;99.41;276.93;0.0;2094.38
2020;172;283;beauce_5_sa_032;solnu;;141.11;0.0;42.35;20.55;0.0;145.8;217.71;50.37;303.86;56.91;310.4;0.0;192.74;0.0;0.0
2020;284;366;beauce_5_sa_032;orgeh;orgeH_tousSols_nonirr_organique;34.91;0.05;78.73;3.62;0.0;50.0;294.2;56.86;310.35;56.91;310.4;98.8;142.67;0.0;563.98
2020;1;206;beauce_5_sa_033;orgeh;orgeH_tousSols_nonirr_organique;211.05;34.49;93.89;40.65;0.0;310.4;248.32;151.5;274.52;56.91;310.4;99.5;303.45;0.0;2501.36
2020;207;307;beauce_5_sa_033;solnu;;118.52;0.0;47.48;22.71;0.0;151.5;268.92;55.2;308.69;56.91;310.4;0.0;201.12;0.0;0.0
2020;308;366;beauce_5_sa_033;orgeh;orgeH_tousSols_nonirr_organique;22.4;0.0;62.73;1.15;0.0;56.59;274.52;56.85;310.34;56.91;310.4;98.31;107.77;0.0;335.34
2020;1;212;beauce_5_sa_034;orgeh;orgeH_tousSols_nonirr_organique;208.52;38.64;94.19;39.51;0.0;310.4;248.32;182.2;291.17;56.91;310.4;99.52;321.31;0.0;2784.84
2020;213;289;beauce_5_sa_034;solnu;;100.24;0.0;38.16;20.05;0.0;182.2;221.78;48.79;302.28;56.91;310.4;0.0;149.51;0.0;0.0
2020;290;366;beauce_5_sa_034;orgeh;orgeH_tousSols_nonirr_organique;32.71;0.0;78.1;3.15;0.0;48.28;291.17;56.85;310.34;56.91;310.4;98.7;141.52;0.0;507.89
2020;1;176;beauce_5_sa_035;orgeh;orgeH_tousSols_nonirr_organique;102.25;86.67;98.22;12.59;0.0;310.4;248.32;178.5;301.81;82.25;310.4;99.43;277.74;0.0;2540.63
2020;177;260;beauce_5_sa_035;solnu;;120.07;0.0;31.2;17.68;0.0;178.5;214.27;45.8;299.28;82.25;310.4;0.0;148.88;0.0;0.0
2020;261;366;beauce_5_sa_035;orgeh;orgeH_tousSols_nonirr_organique;52.46;0.49;99.18;9.31;0.0;45.65;301.81;75.01;310.37;82.25;310.4;99.06;185.72;0.0;894.86
2020;1;214;beauce_5_sa_036;orgeh;orgeH_tousSols_nonirr_organique;199.05;46.76;93.64;36.91;0.0;310.4;248.32;192.01;293.07;56.91;310.4;99.53;326.34;0.0;2928.18
2020;215;280;beauce_5_sa_036;solnu;;89.71;0.0;44.95;8.86;0.0;192.01;218.25;52.87;306.36;56.91;310.4;0.0;142.91;0.0;0.0
2020;281;366;beauce_5_sa_036;orgeh;orgeH_tousSols_nonirr_organique;37.31;0.01;79.14;3.56;0.0;52.23;293.07;56.85;310.34;56.91;310.4;98.84;143.08;0.0;608.2
2020;1;174;beauce_5_sa_037;orgeh;orgeH_tousSols_nonirr_organique;115.38;78.97;92.06;14.23;0.0;310.4;248.32;171.77;301.73;71.46;310.4;99.42;276.93;0.0;2400.16
2020;175;266;beauce_5_sa_037;solnu;;123.7;0.0;30.13;18.02;0.0;171.77;226.04;45.83;299.32;71.46;310.4;0.0;153.05;0.0;0.0
2020;267;366;beauce_5_sa_037;orgeh;orgeH_tousSols_nonirr_organique;51.79;0.17;98.35;9.03;0.0;46.95;301.73;64.4;310.36;71.46;310.4;99.0;182.36;0.0;804.16
2020;1;220;beauce_5_sa_038;orgeh;orgeH_tousSols_nonirr_organique;186.57;62.8;91.3;32.78;0.0;310.4;248.32;214.92;303.2;59.47;310.4;99.54;333.81;0.0;3150.6
2020;221;272;beauce_5_sa_038;solnu;;73.46;0.0;32.85;15.51;0.0;214.92;218.32;56.91;310.4;59.47;310.4;0.0;126.46;0.0;0.0
2020;273;366;beauce_5_sa_038;orgeh;orgeH_tousSols_nonirr_organique;48.34;0.18;95.06;7.09;0.0;56.91;303.2;56.85;310.34;59.47;310.4;98.94;152.08;0.0;706.85
2020;1;195;beauce_5_sa_039;orgeh;orgeH_tousSols_nonirr_organique;200.21;35.26;93.85;36.38;0.0;310.4;248.32;146.35;280.17;56.91;310.4;99.48;298.28;0.0;2337.09
2020;196;303;beauce_5_sa_039;solnu;;126.9;0.0;47.15;27.26;0.0;146.35;251.97;53.76;307.25;56.91;310.4;0.0;201.59;0.0;0.0
2020;304;366;beauce_5_sa_039;orgeh;orgeH_tousSols_nonirr_organique;24.69;0.0;62.5;1.46;0.0;53.78;280.17;56.85;310.34;56.91;310.4;98.41;112.47;0.0;365.29
2020;1;215;beauce_5_sa_040;orgeh;orgeH_tousSols_nonirr_organique;150.75;81.01;95.93;24.84;0.0;310.4;248.32;224.08;309.86;74.83;310.4;99.53;326.77;0.0;3191.96
2020;216;264;beauce_5_sa_040;solnu;;77.17;0.0;36.28;12.08;0.0;224.08;225.02;43.4;296.89;74.83;310.4;0.0;100.05;0.0;0.0
2020;265;366;beauce_5_sa_040;orgeh;orgeH_tousSols_nonirr_organique;52.2;0.39;96.82;8.96;0.0;43.11;309.86;68.0;310.35;74.83;310.4;99.02;185.52;0.0;832.76
2020;1;186;beauce_5_sa_041;orgeh;orgeH_tousSols_nonirr_organique;190.03;35.31;93.84;33.54;0.0;310.4;248.32;141.06;283.02;56.91;310.4;99.46;292.09;0.0;2193.58
2020;187;300;beauce_5_sa_041;solnu;;132.67;0.0;50.02;23.6;0.0;141.06;247.17;55.25;308.74;56.91;310.4;0.0;207.32;0.0;0.0
2020;301;366;beauce_5_sa_041;orgeh;orgeH_tousSols_nonirr_organique;25.87;0.0;62.81;1.33;0.0;54.96;283.02;56.85;310.34;56.91;310.4;98.48;112.93;0.0;394.92
2020;1;196;beauce_5_sa_042;orgeh;orgeH_tousSols_nonirr_organique;177.71;50.29;93.2;30.23;0.0;310.4;248.32;170.94;288.28;56.91;310.4;99.49;298.51;0.0;2629.4
2020;197;278;beauce_5_sa_042;solnu;;109.64;0.0;41.52;19.16;0.0;170.94;219.21;54.62;308.11;56.91;310.4;0.0;170.74;0.0;0.0
2020;279;366;beauce_5_sa_042;orgeh;orgeH_tousSols_nonirr_organique;38.7;0.01;79.5;3.46;0.0;53.56;288.28;56.85;310.34;56.91;310.4;98.86;143.08;0.0;631.3
2020;1;230;beauce_5_sa_043;orgeh;orgeH_tousSols_nonirr_organique;224.4;44.81;97.31;40.99;0.0;310.4;248.32;221.16;307.11;56.91;310.4;99.56;365.11;0.0;3202.89
2020;231;282;beauce_5_sa_043;solnu;;68.45;0.0;41.75;13.93;0.0;221.16;218.69;50.26;303.74;56.91;310.4;0.0;104.4;0.0;0.0
2020;283;366;beauce_5_sa_043;orgeh;orgeH_tousSols_nonirr_organique;35.12;0.05;78.66;3.77;0.0;50.32;307.11;56.85;310.34;56.91;310.4;98.81;142.83;0.0;579.69
2020;1;204;beauce_5_sa_044;orgeh;orgeH_tousSols_nonirr_organique;197.72;39.38;94.28;37.61;0.0;310.4;248.32;166.29;282.58;56.91;310.4;99.5;302.75;0.0;2661.82
2020;205;287;beauce_5_sa_044;solnu;;106.86;0.0;40.29;13.97;0.0;166.29;221.88;49.83;303.32;56.91;310.4;0.0;167.89;0.0;0.0
2020;288;366;beauce_5_sa_044;orgeh;orgeH_tousSols_nonirr_organique;34.01;0.0;78.02;3.43;0.0;49.08;282.58;56.85;310.34;56.91;310.4;98.73;141.7;0.0;526.47
2020;1;184;beauce_5_sa_045;orgeh;orgeH_tousSols_nonirr_organique;178.43;38.18;94.28;31.4;0.0;310.4;248.32;153.34;290.54;56.91;310.4;99.45;290.99;0.0;2274.75
2020;185;289;beauce_5_sa_045;solnu;;132.11;0.0;37.24;28.34;0.0;153.34;221.77;48.3;301.78;56.91;310.4;0.0;179.83;0.0;0.0
2020;290;366;beauce_5_sa_045;orgeh;orgeH_tousSols_nonirr_organique;33.04;0.02;77.26;3.49;0.0;47.55;290.54;56.85;310.34;56.91;310.4;98.7;141.52;0.0;507.89
2020;1;194;beauce_5_sa_046;orgeh;orgeH_tousSols_nonirr_organique;191.82;38.52;93.96;33.79;0.0;310.4;248.32;157.15;284.6;56.91;310.4;99.48;298.28;0.0;2448.4
2020;195;290;beauce_5_sa_046;solnu;;116.29;0.0;39.71;16.6;0.0;157.15;221.01;48.23;301.72;56.91;310.4;0.0;172.54;0.0;0.0
2020;291;366;beauce_5_sa_046;orgeh;orgeH_tousSols_nonirr_organique;32.37;0.0;77.88;3.46;0.0;47.73;284.6;56.85;310.34;56.91;310.4;98.68;141.52;0.0;495.65
2020;1;210;beauce_5_sa_047;orgeh;orgeH_tousSols_nonirr_organique;209.34;36.42;93.95;40.65;0.0;310.4;248.32;176.37;292.81;56.91;310.4;99.52;321.31;0.0;2669.84
2020;211;296;beauce_5_sa_047;solnu;;108.65;0.0;51.48;19.95;0.0;176.37;240.5;55.18;308.67;56.91;310.4;0.0;175.99;0.0;0.0
2020;297;366;beauce_5_sa_047;orgeh;orgeH_tousSols_nonirr_organique;27.83;0.0;62.89;1.56;0.0;54.61;292.81;56.85;310.34;56.91;310.4;98.57;115.04;0.0;434.83
2020;1;216;beauce_5_sa_048;orgeh;orgeH_tousSols_nonirr_organique;198.44;49.28;93.36;36.58;0.0;310.4;248.32;198.42;296.9;56.91;310.4;99.53;326.77;0.0;2975.9
2020;217;279;beauce_5_sa_048;solnu;;87.31;0.0;45.03;11.07;0.0;198.42;219.09;53.56;307.04;56.91;310.4;0.0;142.49;0.0;0.0
2020;280;366;beauce_5_sa_048;orgeh;orgeH_tousSols_nonirr_organique;37.72;0.02;79.39;3.56;0.0;52.86;296.9;56.86;310.34;56.91;310.4;98.85;143.08;0.0;618.75
2020;1;201;beauce_5_sa_049;orgeh;orgeH_tousSols_nonirr_organique;180.76;50.68;93.11;32.06;0.0;310.4;248.32;174.92;286.74;56.91;310.4;99.5;300.08;0.0;2733.44
2020;202;277;beauce_5_sa_049;solnu;;103.59;0.0;41.93;20.5;0.0;174.92;219.52;56.91;310.4;56.91;310.4;0.0;169.18;0.0;0.0
2020;278;366;beauce_5_sa_049;orgeh;orgeH_tousSols_nonirr_organique;40.49;0.09;79.92;3.26;0.0;54.62;286.74;56.85;310.34;56.91;310.4;98.88;143.08;0.0;639.11
2020;1;191;beauce_5_sa_050;orgeh;orgeH_tousSols_nonirr_organique;196.45;35.21;93.03;34.42;0.0;310.4;248.32;141.21;279.07;56.91;310.4;99.47;297.33;0.0;2246.36
2020;192;305;beauce_5_sa_050;solnu;;133.11;0.0;46.6;28.1;0.0;141.21;251.06;53.19;306.68;56.91;310.4;0.0;205.58;0.0;0.0
2020;306;366;beauce_5_sa_050;orgeh;orgeH_tousSols_nonirr_organique;23.51;0.0;62.65;1.24;0.0;56.05;279.07;56.85;310.34;56.91;310.4;98.36;109.43;0.0;346.53
2020;1;213;beauce_5_sa_051;orgeh;orgeH_tousSols_nonirr_organique;204.81;40.81;94.15;38.69;0.0;310.4;248.32;187.69;292.76;56.91;310.4;99.53;321.31;0.0;2846.01
2020;214;285;beauce_5_sa_051;solnu;;94.73;0.0;43.21;11.07;0.0;187.69;220.18;49.7;303.18;56.91;310.4;0.0;148.36;0.0;0.0
2020;286;366;beauce_5_sa_051;orgeh;orgeH_tousSols_nonirr_organique;34.62;0.0;78.24;3.58;0.0;49.32;292.76;56.85;310.34;56.91;310.4;98.77;142.67;0.0;544.43
2020;1;196;beauce_5_sa_052;orgeh;orgeH_tousSols_nonirr_organique;148.06;72.61;91.02;22.71;0.0;310.4;248.32;189.36;297.8;67.14;310.4;99.48;298.51;0.0;2779.61
2020;197;268;beauce_5_sa_052;solnu;;97.31;0.0;33.35;14.66;0.0;189.36;222.97;45.66;299.14;67.14;310.4;0.0;131.77;0.0;0.0
2020;269;366;beauce_5_sa_052;orgeh;orgeH_tousSols_nonirr_organique;51.43;0.04;96.73;8.73;0.0;45.09;297.8;61.14;310.34;67.14;310.4;98.98;182.05;0.0;769.82
2020;1;221;beauce_5_sa_053;orgeh;orgeH_tousSols_nonirr_organique;223.89;37.53;94.12;42.39;0.0;310.4;248.32;186.92;289.48;56.91;310.4;99.54;353.57;0.0;2907.55
2020;222;293;beauce_5_sa_053;solnu;;90.86;0.0;43.51;22.1;0.0;186.92;238.77;55.97;309.46;56.91;310.4;0.0;143.69;0.0;0.0
2020;294;366;beauce_5_sa_053;orgeh;orgeH_tousSols_nonirr_organique;30.46;0.01;70.19;2.24;0.0;56.91;289.48;56.85;310.34;56.91;310.4;98.63;115.07;0.0;463.96
2020;1;170;beauce_5_sa_054;orgeh;orgeH_tousSols_nonirr_organique;117.68;73.04;92.56;13.31;0.0;310.4;248.32;168.35;304.32;69.15;310.4;99.41;276.39;0.0;2305.08
2020;171;267;beauce_5_sa_054;solnu;;130.6;0.0;29.38;24.24;0.0;168.35;224.15;44.45;297.93;69.15;310.4;0.0;153.9;0.0;0.0
2020;268;366;beauce_5_sa_054;orgeh;orgeH_tousSols_nonirr_organique;52.26;0.37;94.68;8.79;0.0;44.29;304.32;63.08;310.34;69.15;310.4;98.99;182.05;0.0;786.7
2020;1;203;beauce_5_sa_055;orgeh;orgeH_tousSols_nonirr_organique;145.51;78.27;92.0;23.37;0.0;310.4;248.32;195.94;295.51;71.46;310.4;99.5;302.75;0.0;2937.94
2020;204;266;beauce_5_sa_055;solnu;;90.08;0.0;34.2;11.19;0.0;195.94;226.1;46.0;299.49;71.46;310.4;0.0;127.23;0.0;0.0
2020;267;366;beauce_5_sa_055;orgeh;orgeH_tousSols_nonirr_organique;51.91;0.12;98.46;8.99;0.0;47.15;295.51;64.4;310.35;71.46;310.4;99.0;182.36;0.0;804.16
2020;1;176;beauce_5_sa_056;orgeh;orgeH_tousSols_nonirr_organique;166.16;38.27;94.3;27.39;0.0;310.4;248.32;144.38;290.21;56.91;310.4;99.43;277.74;0.0;2140.1
2020;177;288;beauce_5_sa_056;solnu;;142.61;0.0;37.91;27.07;0.0;144.38;222.13;49.11;302.59;56.91;310.4;0.0;193.08;0.0;0.0
2020;289;366;beauce_5_sa_056;orgeh;orgeH_tousSols_nonirr_organique;33.33;0.0;77.97;3.45;0.0;48.9;290.21;56.85;310.34;56.91;310.4;98.72;141.52;0.0;516.58
2020;1;184;beauce_5_sa_057;orgeh;orgeH_tousSols_nonirr_organique;183.12;36.29;94.03;32.54;0.0;310.4;248.32;146.56;287.99;56.91;310.4;99.45;290.99;0.0;2204.92
2020;185;295;beauce_5_sa_057;solnu;;134.85;0.0;50.82;25.77;0.0;146.56;241.41;55.87;309.36;56.91;310.4;0.0;206.3;0.0;0.0
2020;296;366;beauce_5_sa_057;orgeh;orgeH_tousSols_nonirr_organique;28.48;0.0;62.97;1.52;0.0;55.18;287.99;56.85;310.34;56.91;310.4;98.59;115.04;0.0;445.94
2020;1;229;beauce_5_sa_058;orgeh;orgeH_tousSols_nonirr_organique;143.37;89.76;130.49;22.15;0.0;310.4;248.32;245.21;310.01;87.64;310.4;99.56;362.42;0.0;3569.66
2020;230;257;beauce_5_sa_058;solnu;;49.28;0.0;24.25;5.2;0.0;245.21;215.57;47.06;300.54;87.64;310.4;0.0;64.06;0.0;0.0
2020;258;366;beauce_5_sa_058;orgeh;orgeH_tousSols_nonirr_organique;54.9;0.84;97.68;9.45;0.0;46.53;310.01;79.77;310.34;87.64;310.4;99.08;185.86;0.0;939.82
2020;1;189;beauce_5_sa_059;orgeh;orgeH_tousSols_nonirr_organique;136.57;75.23;91.87;20.2;0.0;310.4;248.32;184.64;299.63;69.15;310.4;99.47;292.09;0.0;2662.6
2020;190;267;beauce_5_sa_059;solnu;;104.39;0.0;34.24;15.93;0.0;184.64;223.96;45.4;298.89;69.15;310.4;0.0;138.19;0.0;0.0
2020;268;366;beauce_5_sa_059;orgeh;orgeH_tousSols_nonirr_organique;49.86;0.84;97.53;8.54;0.0;45.28;299.63;63.11;310.37;69.15;310.4;98.99;182.05;0.0;786.7
2020;1;196;beauce_5_sa_060;orgeh;orgeH_tousSols_nonirr_organique;181.95;46.76;93.64;31.39;0.0;310.4;248.32;168.16;287.13;56.91;310.4;99.49;298.51;0.0;2604.5
2020;197;280;beauce_5_sa_060;solnu;;111.15;0.0;40.6;19.26;0.0;168.16;218.32;52.87;306.36;56.91;310.4;0.0;170.74;0.0;0.0
2020;281;366;beauce_5_sa_060;orgeh;orgeH_tousSols_nonirr_organique;37.29;0.01;79.16;3.55;0.0;52.24;287.13;56.85;310.34;56.91;310.4;98.84;143.08;0.0;608.2
2020;1;196;beauce_5_sa_061;orgeh;orgeH_tousSols_nonirr_organique;202.51;34.61;93.72;36.63;0.0;310.4;248.32;145.87;278.66;56.91;310.4;99.48;298.51;0.0;2327.91
2020;197;306;beauce_5_sa_061;solnu;;124.84;0.0;48.84;22.47;0.0;145.87;264.78;56.13;309.61;56.91;310.4;0.0;204.4;0.0;0.0
2020;307;366;beauce_5_sa_061;orgeh;orgeH_tousSols_nonirr_organique;23.32;0.0;62.73;1.1;0.0;55.2;278.66;56.85;310.34;56.91;310.4;98.33;109.43;0.0;336.27
2020;1;222;beauce_5_sa_062;orgeh;orgeH_tousSols_nonirr_organique;213.17;44.81;96.41;39.3;0.0;310.4;248.32;216.23;310.4;56.91;310.4;99.54;353.71;0.0;3052.73
2020;223;282;beauce_5_sa_062;solnu;;82.67;0.0;39.68;17.79;0.0;216.23;218.69;50.24;303.72;56.91;310.4;0.0;115.79;0.0;0.0
2020;283;366;beauce_5_sa_062;orgeh;orgeH_tousSols_nonirr_organique;35.16;0.05;78.61;3.79;0.0;50.3;310.4;56.85;310.34;56.91;310.4;98.81;142.83;0.0;579.69
2020;1;206;beauce_5_sa_063;orgeh;orgeH_tousSols_nonirr_organique;143.24;81.31;92.85;22.86;0.0;310.4;248.32;201.77;296.57;74.83;310.4;99.51;303.45;0.0;3028.72
2020;207;264;beauce_5_sa_063;solnu;;87.68;0.0;36.2;14.57;0.0;201.77;225.19;43.28;296.76;74.83;310.4;0.0;123.37;0.0;0.0
2020;265;366;beauce_5_sa_063;orgeh;orgeH_tousSols_nonirr_organique;49.83;1.59;97.84;8.93;0.0;42.81;296.57;68.03;310.37;74.83;310.4;99.02;185.52;0.0;832.76
2020;1;185;beauce_5_sa_064;orgeh;orgeH_tousSols_nonirr_organique;179.24;38.91;94.32;31.09;0.0;310.4;248.32;154.19;289.72;56.91;310.4;99.46;290.99;0.0;2318.17
2020;186;287;beauce_5_sa_064;solnu;;127.93;0.0;38.53;26.26;0.0;154.19;222.1;49.43;302.91;56.91;310.4;0.0;179.65;0.0;0.0
2020;288;366;beauce_5_sa_064;orgeh;orgeH_tousSols_nonirr_organique;34.13;0.03;77.46;3.46;0.0;48.56;289.72;56.85;310.34;56.91;310.4;98.73;141.7;0.0;526.47
2020;1;205;beauce_5_sa_065;orgeh;orgeH_tousSols_nonirr_organique;209.3;34.68;93.75;40.15;0.0;310.4;248.32;152.74;276.22;56.91;310.4;99.5;302.75;0.0;2524.19
2020;206;302;beauce_5_sa_065;solnu;;116.15;0.0;48.88;21.39;0.0;152.74;248.62;54.37;307.86;56.91;310.4;0.0;196.66;0.0;0.0
2020;303;366;beauce_5_sa_065;orgeh;orgeH_tousSols_nonirr_organique;25.1;0.0;62.7;1.38;0.0;53.86;276.22;56.85;310.34;56.91;310.4;98.44;112.93;0.0;374.98
2020;1;189;beauce_5_sa_066;orgeh;orgeH_tousSols_nonirr_organique;194.35;34.85;93.93;34.81;0.0;310.4;248.32;139.39;280.17;56.91;310.4;99.46;292.09;0.0;2184.22
2020;190;308;beauce_5_sa_066;solnu;;133.95;0.0;48.62;24.3;0.0;139.39;270.04;56.59;310.08;56.91;310.4;0.0;212.48;0.0;0.0
2020;309;366;beauce_5_sa_066;orgeh;orgeH_tousSols_nonirr_organique;22.11;0.0;62.75;1.03;0.0;55.86;280.17;56.85;310.34;56.91;310.4;98.28;107.77;0.0;322.77
2020;1;208;beauce_5_sa_067;orgeh;orgeH_tousSols_nonirr_organique;125.55;89.64;100.05;19.44;0.0;310.4;248.32;212.86;299.41;87.64;310.4;99.51;312.35;0.0;3181.79
2020;209;257;beauce_5_sa_067;solnu;;81.33;0.0;40.74;10.33;0.0;212.86;215.71;46.89;300.37;87.64;310.4;0.0;114.13;0.0;0.0
2020;258;366;beauce_5_sa_067;orgeh;orgeH_tousSols_nonirr_organique;49.94;3.44;99.83;8.7;0.0;46.32;299.41;79.81;310.38;87.64;310.4;99.08;185.86;0.0;939.82
2020;1;192;beauce_5_sa_068;orgeh;orgeH_tousSols_nonirr_organique;190.28;37.03;94.12;34.78;0.0;310.4;248.32;154.73;287.12;56.91;310.4;99.47;297.69;0.0;2373.84
2020;193;293;beauce_5_sa_068;solnu;;124.93;0.0;43.54;23.63;0.0;154.73;238.44;55.97;309.46;56.91;310.4;0.0;199.57;0.0;0.0
2020;294;366;beauce_5_sa_068;orgeh;orgeH_tousSols_nonirr_organique;30.55;0.0;70.12;2.23;0.0;56.91;287.12;56.85;310.34;56.91;310.4;98.63;115.07;0.0;463.96
2020;1;194;beauce_5_sa_069;orgeh;orgeH_tousSols_nonirr_organique;168.76;56.75;92.33;27.91;0.0;310.4;248.32;173.46;291.07;56.91;310.4;99.48;298.28;0.0;2632.01
2020;195;275;beauce_5_sa_069;solnu;;103.39;0.0;43.5;10.01;0.0;173.46;220.53;53.26;306.74;56.91;310.4;0.0;161.98;0.0;0.0
2020;276;366;beauce_5_sa_069;orgeh;orgeH_tousSols_nonirr_organique;43.77;0.03;82.03;5.19;0.0;51.35;291.07;56.86;310.34;56.91;310.4;98.9;152.08;0.0;665.02
2020;1;186;beauce_5_sa_070;orgeh;orgeH_tousSols_nonirr_organique;192.57;35.44;93.82;34.01;0.0;310.4;248.32;134.47;280.37;56.91;310.4;99.46;292.09;0.0;2051.62
2020;187;316;beauce_5_sa_070;solnu;;140.69;0.0;50.11;23.49;0.0;134.47;276.51;55.29;308.77;56.91;310.4;0.0;218.1;0.0;0.0
2020;317;366;beauce_5_sa_070;orgeh;orgeH_tousSols_nonirr_organique;17.14;0.0;60.79;0.85;0.0;55.02;280.37;56.85;310.34;56.91;310.4;98.0;102.14;0.0;271.49
2020;1;173;beauce_5_sa_071;orgeh;orgeH_tousSols_nonirr_organique;148.54;50.68;93.11;21.31;0.0;310.4;248.32;154.24;295.81;56.91;310.4;99.42;276.93;0.0;2211.62
2020;174;277;beauce_5_sa_071;solnu;;137.04;0.0;40.7;26.49;0.0;154.24;219.52;56.91;310.4;56.91;310.4;0.0;192.33;0.0;0.0
2020;278;366;beauce_5_sa_071;orgeh;orgeH_tousSols_nonirr_organique;40.44;0.1;79.95;3.26;0.0;54.62;295.81;56.85;310.34;56.91;310.4;98.88;143.08;0.0;639.11
2020;1;214;beauce_5_sa_072;orgeh;orgeH_tousSols_nonirr_organique;221.58;34.74;93.65;42.15;0.0;310.4;248.32;165.42;282.55;56.91;310.4;99.52;326.34;0.0;2574.76
2020;215;315;beauce_5_sa_072;solnu;;114.17;0.0;48.09;24.08;0.0;165.42;277.13;55.69;309.18;56.91;310.4;0.0;183.85;0.0;0.0
2020;316;366;beauce_5_sa_072;orgeh;orgeH_tousSols_nonirr_organique;17.46;0.0;60.87;0.79;0.0;55.29;282.55;56.85;310.34;56.91;310.4;98.04;102.14;0.0;275.37
2020;1;198;beauce_5_sa_073;orgeh;orgeH_tousSols_nonirr_organique;204.56;34.85;93.93;37.66;0.0;310.4;248.32;145.03;276.38;56.91;310.4;99.49;299.34;0.0;2355.11
2020;199;308;beauce_5_sa_073;solnu;;123.7;0.0;48.66;22.11;0.0;145.03;270.02;56.59;310.08;56.91;310.4;0.0;205.23;0.0;0.0
2020;309;366;beauce_5_sa_073;orgeh;orgeH_tousSols_nonirr_organique;22.11;0.0;62.75;1.03;0.0;55.86;276.38;56.85;310.34;56.91;310.4;98.28;107.77;0.0;322.77
2020;1;174;beauce_5_sa_074;orgeh;orgeH_tousSols_nonirr_organique;170.88;34.82;93.93;27.69;0.0;310.4;248.32;134.06;288.5;56.91;310.4;99.42;276.93;0.0;1993.39
2020;175;297;beauce_5_sa_074;solnu;;147.23;0.0;53.55;21.98;0.0;134.06;240.29;54.61;308.09;56.91;310.4;0.0;221.58;0.0;0.0
2020;298;366;beauce_5_sa_074;orgeh;orgeH_tousSols_nonirr_organique;27.35;0.0;62.79;1.59;0.0;55.4;288.5;56.85;310.34;56.91;310.4;98.55;113.83;0.0;424.97
2020;1;222;beauce_5_sa_075;orgeh;orgeH_tousSols_nonirr_organique;225.04;37.12;94.1;42.32;0.0;310.4;248.32;208.49;308.52;56.91;310.4;99.54;353.71;0.0;2937.0
2020;223;292;beauce_5_sa_075;solnu;;86.45;0.0;46.24;18.73;0.0;208.49;237.84;56.91;310.4;56.91;310.4;0.0;134.44;0.0;0.0
2020;293;366;beauce_5_sa_075;orgeh;orgeH_tousSols_nonirr_organique;31.48;0.0;70.12;2.15;0.0;55.97;308.52;56.85;310.34;56.91;310.4;98.65;124.19;0.0;475.7
2020;1;226;beauce_5_sa_076;orgeh;orgeH_tousSols_nonirr_organique;229.15;38.45;93.97;42.43;0.0;310.4;248.32;208.81;303.7;56.91;310.4;99.55;356.58;0.0;3033.52
2020;227;290;beauce_5_sa_076;solnu;;78.08;0.0;40.06;15.05;0.0;208.81;221.22;48.85;302.33;56.91;310.4;0.0;114.24;0.0;0.0
2020;291;366;beauce_5_sa_076;orgeh;orgeH_tousSols_nonirr_organique;32.14;0.0;78.72;3.16;0.0;48.52;303.7;56.85;310.34;56.91;310.4;98.68;141.52;0.0;495.65
2020;1;181;beauce_5_sa_077;orgeh;orgeH_tousSols_nonirr_organique;179.75;36.23;93.93;31.39;0.0;310.4;248.32;138.87;286.13;56.91;310.4;99.44;284.83;0.0;2120.47
2020;182;297;beauce_5_sa_077;solnu;;140.86;0.0;49.64;26.25;0.0;138.87;240.29;54.61;308.09;56.91;310.4;0.0;213.68;0.0;0.0
2020;298;366;beauce_5_sa_077;orgeh;orgeH_tousSols_nonirr_organique;27.35;0.0;62.8;1.59;0.0;55.4;286.13;56.85;310.34;56.91;310.4;98.55;113.83;0.0;424.97
2020;1;216;beauce_5_sa_078;orgeh;orgeH_tousSols_nonirr_organique;222.92;34.82;93.83;42.7;0.0;310.4;248.32;172.52;286.41;56.91;310.4;99.52;326.77;0.0;2661.23
2020;217;310;beauce_5_sa_078;solnu;;109.14;0.0;46.94;24.6;0.0;172.52;269.11;56.16;309.65;56.91;310.4;0.0;179.33;0.0;0.0
2020;311;366;beauce_5_sa_078;orgeh;orgeH_tousSols_nonirr_organique;20.38;0.0;62.54;0.97;0.0;55.14;286.41;56.85;310.34;56.91;310.4;98.21;106.25;0.0;304.91
2020;1;178;beauce_5_sa_079;orgeh;orgeH_tousSols_nonirr_organique;176.66;34.85;93.69;30.61;0.0;310.4;248.32;132.06;283.75;56.91;310.4;99.43;277.85;0.0;2029.77
2020;179;301;beauce_5_sa_079;solnu;;148.42;0.0;48.56;28.41;0.0;132.06;247.01;54.97;308.45;56.91;310.4;0.0;221.57;0.0;0.0
2020;302;366;beauce_5_sa_079;orgeh;orgeH_tousSols_nonirr_organique;25.61;0.0;62.78;1.34;0.0;54.39;283.75;56.85;310.34;56.91;310.4;98.46;112.93;0.0;383.87
2020;1;209;beauce_5_sa_080;orgeh;orgeH_tousSols_nonirr_organique;211.47;35.08;93.8;41.3;0.0;310.4;248.32;164.14;283.21;56.91;310.4;99.51;321.31;0.0;2607.86
2020;210;301;beauce_5_sa_080;solnu;;114.67;0.0;47.22;26.14;0.0;164.14;247.04;54.9;308.38;56.91;310.4;0.0;178.1;0.0;0.0
2020;302;366;beauce_5_sa_080;orgeh;orgeH_tousSols_nonirr_organique;25.76;0.0;62.57;1.37;0.0;54.29;283.21;56.85;310.34;56.91;310.4;98.46;112.93;0.0;383.87
2020;1;179;beauce_5_sa_081;orgeh;orgeH_tousSols_nonirr_organique;166.89;39.15;94.35;28.84;0.0;310.4;248.32;146.97;288.67;56.91;310.4;99.44;284.83;0.0;2208.69
2020;180;286;beauce_5_sa_081;solnu;;140.67;0.0;37.36;29.07;0.0;146.97;222.57;48.99;302.47;56.91;310.4;0.0;185.81;0.0;0.0
2020;287;366;beauce_5_sa_081;orgeh;orgeH_tousSols_nonirr_organique;34.53;0.04;77.59;3.64;0.0;49.43;288.67;56.85;310.34;56.91;310.4;98.75;141.7;0.0;536.15
2020;1;194;beauce_5_sa_082;orgeh;orgeH_tousSols_nonirr_organique;199.63;34.9;93.75;36.0;0.0;310.4;248.32;146.13;280.63;56.91;310.4;99.48;298.28;0.0;2326.55
2020;195;302;beauce_5_sa_082;solnu;;127.0;0.0;47.56;27.11;0.0;146.13;248.8;54.29;307.78;56.91;310.4;0.0;201.13;0.0;0.0
2020;303;366;beauce_5_sa_082;orgeh;orgeH_tousSols_nonirr_organique;25.19;0.0;62.53;1.42;0.0;53.76;280.63;56.85;310.34;56.91;310.4;98.44;112.93;0.0;374.98
2020;1;209;beauce_5_sa_083;orgeh;orgeH_tousSols_nonirr_organique;194.35;45.64;93.86;36.78;0.0;310.4;248.32;181.89;289.71;56.91;310.4;99.52;321.31;0.0;2812.34
2020;210;282;beauce_5_sa_083;solnu;;102.13;0.0;40.62;17.06;0.0;181.89;218.51;50.38;303.86;56.91;310.4;0.0;148.2;0.0;0.0
2020;283;366;beauce_5_sa_083;orgeh;orgeH_tousSols_nonirr_organique;35.19;0.01;78.77;3.68;0.0;50.45;289.71;56.85;310.34;56.91;310.4;98.81;142.83;0.0;579.69
2020;1;187;beauce_5_sa_084;orgeh;orgeH_tousSols_nonirr_organique;190.24;34.88;93.7;33.55;0.0;310.4;248.32;143.44;284.49;56.91;310.4;99.46;292.09;0.0;2220.07
2020;188;299;beauce_5_sa_084;solnu;;134.02;0.0;48.66;28.38;0.0;143.44;239.9;54.93;308.42;56.91;310.4;0.0;207.32;0.0;0.0
2020;300;366;beauce_5_sa_084;orgeh;orgeH_tousSols_nonirr_organique;26.43;0.0;62.64;1.44;0.0;55.2;284.49;56.85;310.34;56.91;310.4;98.51;112.93;0.0;405.75
2020;1;212;beauce_5_sa_085;orgeh;orgeH_tousSols_nonirr_organique;203.42;41.1;94.25;38.36;0.0;310.4;248.32;187.29;293.75;56.91;310.4;99.52;321.31;0.0;2841.59
2020;213;284;beauce_5_sa_085;solnu;;98.15;0.0;40.58;20.04;0.0;187.29;221.08;49.89;303.38;56.91;310.4;0.0;148.36;0.0;0.0
2020;285;366;beauce_5_sa_085;orgeh;orgeH_tousSols_nonirr_organique;34.96;0.04;78.06;3.65;0.0;49.44;293.75;56.85;310.34;56.91;310.4;98.78;142.67;0.0;555.77
2020;1;216;beauce_5_sa_086;orgeh;orgeH_tousSols_nonirr_organique;211.74;38.91;94.32;40.44;0.0;310.4;248.32;188.99;293.0;56.91;310.4;99.53;326.77;0.0;2884.37
2020;217;287;beauce_5_sa_086;solnu;;95.3;0.0;38.63;20.78;0.0;188.99;222.1;49.45;302.94;56.91;310.4;0.0;143.87;0.0;0.0
2020;288;366;beauce_5_sa_086;orgeh;orgeH_tousSols_nonirr_organique;34.12;0.03;77.5;3.46;0.0;48.59;293.0;56.85;310.34;56.91;310.4;98.73;141.7;0.0;526.47
2020;1;196;beauce_5_sa_087;orgeh;orgeH_tousSols_nonirr_organique;197.91;36.36;94.03;35.81;0.0;310.4;248.32;152.22;281.19;56.91;310.4;99.48;298.51;0.0;2430.16
2020;197;295;beauce_5_sa_087;solnu;;121.38;0.0;49.43;26.12;0.0;152.22;241.77;55.87;309.36;56.91;310.4;0.0;198.78;0.0;0.0
2020;296;366;beauce_5_sa_087;orgeh;orgeH_tousSols_nonirr_organique;28.49;0.0;62.96;1.54;0.0;55.18;281.19;56.85;310.34;56.91;310.4;98.59;115.04;0.0;445.94
2020;1;229;beauce_5_sa_088;orgeh;orgeH_tousSols_nonirr_organique;242.51;34.75;93.47;44.92;0.0;310.4;248.32;202.69;302.9;56.91;310.4;99.55;362.42;0.0;2904.81
2020;230;310;beauce_5_sa_088;solnu;;86.55;0.0;50.16;19.21;0.0;202.69;269.18;56.38;309.86;56.91;310.4;0.0;143.67;0.0;0.0
2020;311;366;beauce_5_sa_088;orgeh;orgeH_tousSols_nonirr_organique;20.37;0.0;62.75;0.97;0.0;55.36;302.9;56.85;310.34;56.91;310.4;98.21;106.25;0.0;304.91
2020;1;173;beauce_5_sa_089;orgeh;orgeH_tousSols_nonirr_organique;174.23;30.7;93.66;27.87;0.0;310.4;248.32;129.83;289.55;56.91;310.4;99.42;276.93;0.0;1837.93
2020;174;313;beauce_5_sa_089;solnu;;161.17;0.0;51.31;33.53;0.0;129.83;270.03;56.65;310.13;56.91;310.4;0.0;233.07;0.0;0.0
2020;314;366;beauce_5_sa_089;orgeh;orgeH_tousSols_nonirr_organique;18.62;0.0;60.88;0.8;0.0;56.09;289.55;56.85;310.34;56.91;310.4;98.11;102.35;0.0;285.14
2020;1;179;beauce_5_sa_090;orgeh;orgeH_tousSols_nonirr_organique;177.98;35.18;93.33;30.83;0.0;310.4;248.32;131.51;282.57;56.91;310.4;99.44;284.83;0.0;2017.41
2020;180;305;beauce_5_sa_090;solnu;;149.59;0.0;48.28;27.38;0.0;131.51;250.88;53.23;306.72;56.91;310.4;0.0;218.08;0.0;0.0
2020;306;366;beauce_5_sa_090;orgeh;orgeH_tousSols_nonirr_organique;23.54;0.0;62.67;1.4;0.0;56.08;282.57;56.85;310.34;56.91;310.4;98.36;109.43;0.0;346.53
2020;1;174;beauce_5_sa_091;orgeh;orgeH_tousSols_nonirr_organique;107.03;82.92;95.99;12.7;0.0;310.4;248.32;174.91;302.19;78.35;310.4;99.42;276.93;0.0;2463.71
2020;175;262;beauce_5_sa_091;solnu;;124.46;0.0;30.31;21.7;0.0;174.91;227.97;43.61;297.1;78.35;310.4;0.0;149.89;0.0;0.0
2020;263;366;beauce_5_sa_091;orgeh;orgeH_tousSols_nonirr_organique;53.14;0.64;96.06;9.48;0.0;43.62;302.19;71.75;310.34;78.35;310.4;99.04;185.52;0.0;864.86
2020;1;175;beauce_5_sa_092;orgeh;orgeH_tousSols_nonirr_organique;176.72;32.71;93.92;29.6;0.0;310.4;248.32;127.9;284.78;56.91;310.4;99.42;277.74;0.0;1864.77
2020;176;314;beauce_5_sa_092;solnu;;158.84;0.0;49.44;33.46;0.0;127.9;277.32;56.09;309.58;56.91;310.4;0.0;232.46;0.0;0.0
2020;315;366;beauce_5_sa_092;orgeh;orgeH_tousSols_nonirr_organique;18.1;0.0;60.84;0.85;0.0;55.69;284.78;56.85;310.34;56.91;310.4;98.08;102.14;0.0;279.17
2020;1;206;beauce_5_sa_093;orgeh;orgeH_tousSols_nonirr_organique;164.16;67.24;90.5;28.08;0.0;310.4;248.32;190.49;292.06;63.34;310.4;99.51;303.45;0.0;2922.87
2020;207;270;beauce_5_sa_093;solnu;;91.87;0.0;31.72;18.29;0.0;190.49;220.75;42.53;296.01;63.34;310.4;0.0;126.84;0.0;0.0
2020;271;366;beauce_5_sa_093;orgeh;orgeH_tousSols_nonirr_organique;50.3;0.23;94.56;8.94;0.0;41.32;292.06;57.19;310.34;63.34;310.4;98.96;182.05;0.0;738.74
2020;1;212;beauce_5_sa_094;orgeh;orgeH_tousSols_nonirr_organique;213.92;35.99;93.98;40.87;0.0;310.4;248.32;174.22;288.63;56.91;310.4;99.52;321.31;0.0;2701.88
2020;213;296;beauce_5_sa_094;solnu;;103.66;0.0;52.29;19.35;0.0;174.22;240.82;55.18;308.67;56.91;310.4;0.0;175.99;0.0;0.0
2020;297;366;beauce_5_sa_094;orgeh;orgeH_tousSols_nonirr_organique;27.79;0.0;62.93;1.53;0.0;54.61;288.63;56.85;310.34;56.91;310.4;98.57;115.04;0.0;434.83
2020;1;184;beauce_5_sa_095;orgeh;orgeH_tousSols_nonirr_organique;172.46;42.12;94.07;29.63;0.0;310.4;248.32;159.0;292.79;56.91;310.4;99.45;290.99;0.0;2342.15
2020;185;283;beauce_5_sa_095;solnu;;129.08;0.0;39.21;25.95;0.0;159.0;218.01;50.28;303.77;56.91;310.4;0.0;178.68;0.0;0.0
2020;284;366;beauce_5_sa_095;orgeh;orgeH_tousSols_nonirr_organique;35.25;0.05;78.31;3.69;0.0;49.88;292.79;56.85;310.34;56.91;310.4;98.8;142.67;0.0;563.98
2020;1;177;beauce_5_sa_096;orgeh;orgeH_tousSols_nonirr_organique;176.86;33.64;93.96;30.69;0.0;310.4;248.32;129.91;284.48;56.91;310.4;99.43;277.74;0.0;1931.58
2020;178;311;beauce_5_sa_096;solnu;;155.24;0.0;48.76;28.03;0.0;129.91;271.8;55.35;308.84;56.91;310.4;0.0;232.26;0.0;0.0
2020;312;366;beauce_5_sa_096;orgeh;orgeH_tousSols_nonirr_organique;19.35;0.0;62.75;1.03;0.0;56.91;284.48;56.85;310.34;56.91;310.4;98.18;102.35;0.0;302.33
2020;1;211;beauce_5_sa_097;orgeh;orgeH_tousSols_nonirr_organique;215.99;34.85;93.93;41.57;0.0;310.4;248.32;169.12;287.75;56.91;310.4;99.51;321.31;0.0;2585.43
2020;212;308;beauce_5_sa_097;solnu;;113.22;0.0;47.92;25.09;0.0;169.12;270.16;56.38;309.87;56.91;310.4;0.0;183.26;0.0;0.0
2020;309;366;beauce_5_sa_097;orgeh;orgeH_tousSols_nonirr_organique;22.11;0.0;62.54;1.03;0.0;55.65;287.75;56.85;310.34;56.91;310.4;98.28;107.77;0.0;322.77
2020;1;199;beauce_5_sa_098;orgeh;orgeH_tousSols_nonirr_organique;196.69;38.26;93.97;35.71;0.0;310.4;248.32;159.33;281.63;56.91;310.4;99.49;299.34;0.0;2542.45
2020;200;290;beauce_5_sa_098;solnu;;115.47;0.0;36.59;25.21;0.0;159.33;221.25;47.56;301.05;56.91;310.4;0.0;171.48;0.0;0.0
2020;291;366;beauce_5_sa_098;orgeh;orgeH_tousSols_nonirr_organique;32.31;0.02;77.25;3.52;0.0;46.99;281.63;56.85;310.34;56.91;310.4;98.68;141.52;0.0;495.65
2020;1;174;beauce_5_sa_099;orgeh;orgeH_tousSols_nonirr_organique;139.47;60.61;91.56;19.35;0.0;310.4;248.32;158.96;296.48;57.49;310.4;99.42;276.93;0.0;2280.18
2020;175;273;beauce_5_sa_099;solnu;;126.76;0.0;42.66;18.59;0.0;158.96;217.49;56.91;310.4;57.49;310.4;0.0;183.33;0.0;0.0
2020;274;366;beauce_5_sa_099;orgeh;orgeH_tousSols_nonirr_organique;46.79;0.11;82.58;4.93;0.0;54.25;296.48;56.87;310.35;57.49;310.4;98.92;152.08;0.0;693.54
2021;1;226;beauce_5_sa_000;orgeh;orgeH_tousSols_nonirr_organique;238.66;25.85;203.88;48.48;0.0;310.4;248.32;192.9;302.2;56.91;310.4;99.56;437.61;0.0;2793.47
2021;227;295;beauce_5_sa_000;solnu;;65.33;0.0;51.99;9.36;0.11;192.9;240.64;56.91;310.4;56.91;310.4;0.0;125.63;0.0;0.0
2021;296;365;beauce_5_sa_000;orgeh;orgeH_tousSols_nonirr_organique;26.99;0.0;127.18;1.05;0.0;55.52;301.13;56.91;310.4;56.91;310.4;98.57;154.17;0.0;409.08
2021;1;191;beauce_5_sa_001;orgeh;orgeH_tousSols_nonirr_organique;194.67;24.26;198.44;36.37;0.0;310.4;248.32;162.62;306.43;56.91;310.4;99.48;390.81;0.0;2154.72
2021;192;296;beauce_5_sa_001;solnu;;121.93;0.0;47.8;28.34;0.11;162.62;240.59;55.52;309.0;56.91;310.4;0.0;172.67;0.0;0.0
2021;297;365;beauce_5_sa_001;orgeh;orgeH_tousSols_nonirr_organique;25.5;0.01;127.26;1.11;0.0;54.91;281.03;56.91;310.4;56.91;310.4;98.55;153.92;0.0;400.33
2021;1;220;beauce_5_sa_002;orgeh;orgeH_tousSols_nonirr_organique;236.9;19.73;204.27;47.58;0.0;310.4;248.32;195.94;308.17;56.91;310.4;99.55;436.1;0.0;2719.41
2021;221;292;beauce_5_sa_002;solnu;;76.36;0.0;38.33;19.49;0.11;195.94;238.77;56.91;310.4;56.91;310.4;0.0;122.49;0.0;0.0
2021;293;365;beauce_5_sa_002;orgeh;orgeH_tousSols_nonirr_organique;29.24;0.01;135.03;1.9;0.0;56.91;289.62;56.91;310.4;56.91;310.4;98.63;158.82;0.0;444.46
2021;1;175;beauce_5_sa_003;orgeh;orgeH_tousSols_nonirr_organique;169.57;20.33;172.67;32.81;0.0;310.4;248.32;153.42;310.4;56.91;310.4;99.43;352.15;0.0;1932.43
2021;176;290;beauce_5_sa_003;solnu;;149.89;0.0;62.41;38.29;0.11;153.42;229.15;48.92;302.41;56.91;310.4;0.0;192.56;0.0;0.0
2021;291;365;beauce_5_sa_003;orgeh;orgeH_tousSols_nonirr_organique;30.11;0.04;134.85;2.69;0.0;48.71;288.15;56.91;310.4;56.91;310.4;98.67;172.7;0.0;465.03
2021;1;212;beauce_5_sa_004;orgeh;orgeH_tousSols_nonirr_organique;228.58;19.04;202.32;43.66;0.0;310.4;248.32;185.5;300.91;56.91;310.4;99.53;417.87;0.0;2659.92
2021;213;283;beauce_5_sa_004;solnu;;77.04;0.0;41.51;21.36;0.11;185.5;221.08;37.42;290.91;56.91;310.4;0.0;110.18;0.0;0.0
2021;284;365;beauce_5_sa_004;orgeh;orgeH_tousSols_nonirr_organique;36.53;0.07;134.8;3.72;0.0;38.57;293.75;56.91;310.4;56.91;310.4;98.76;189.36;0.0;544.68
2021;1;190;beauce_5_sa_005;orgeh;orgeH_tousSols_nonirr_organique;195.93;22.03;198.34;36.67;0.0;310.4;248.32;159.65;306.74;56.91;310.4;99.47;390.81;0.0;2106.3
2021;191;299;beauce_5_sa_005;solnu;;124.93;0.0;48.05;29.89;0.11;159.65;247.27;53.58;307.07;56.91;310.4;0.0;172.67;0.0;0.0
2021;300;365;beauce_5_sa_005;orgeh;orgeH_tousSols_nonirr_organique;23.82;0.0;126.77;1.29;0.0;53.03;279.87;56.91;310.4;56.91;310.4;98.48;153.92;0.0;369.5
2021;1;206;beauce_5_sa_006;orgeh;orgeH_tousSols_nonirr_organique;214.87;27.62;197.55;39.57;0.0;310.4;248.32;169.91;302.08;56.91;310.4;99.51;409.14;0.0;2342.54
2021;207;303;beauce_5_sa_006;solnu;;96.88;0.0;54.16;17.88;0.11;169.91;252.33;51.86;305.35;56.91;310.4;0.0;154.79;0.0;0.0
2021;304;365;beauce_5_sa_006;orgeh;orgeH_tousSols_nonirr_organique;22.26;0.0;126.53;1.25;0.0;51.98;274.9;56.91;310.4;56.91;310.4;98.39;153.48;0.0;344.08
2021;1;190;beauce_5_sa_007;orgeh;orgeH_tousSols_nonirr_organique;196.28;22.68;197.39;36.76;0.0;310.4;248.32;156.9;306.69;56.91;310.4;99.47;390.81;0.0;1996.53
2021;191;312;beauce_5_sa_007;solnu;;132.16;0.0;55.73;32.44;0.11;156.9;270.03;56.9;310.39;56.91;310.4;0.0;193.47;0.0;0.0
2021;313;365;beauce_5_sa_007;orgeh;orgeH_tousSols_nonirr_organique;17.37;0.0;118.26;0.82;0.0;56.91;277.92;56.91;310.4;56.91;310.4;98.11;133.12;0.0;250.29
2021;1;220;beauce_5_sa_008;orgeh;orgeH_tousSols_nonirr_organique;185.5;47.07;227.81;34.19;0.0;310.4;248.32;222.83;308.74;80.34;310.4;99.55;436.1;0.0;3195.27
2021;221;256;beauce_5_sa_008;solnu;;47.87;0.0;38.09;4.43;0.11;222.83;215.5;48.74;302.22;80.34;310.4;0.0;81.9;0.0;0.0
2021;257;365;beauce_5_sa_008;orgeh;orgeH_tousSols_nonirr_organique;49.65;0.45;143.47;5.94;0.0;50.29;309.42;84.87;310.4;80.34;310.4;99.08;199.41;0.0;956.44
2021;1;184;beauce_5_sa_009;orgeh;orgeH_tousSols_nonirr_organique;182.32;16.65;204.28;34.74;0.0;310.4;248.32;175.01;310.4;56.91;310.4;99.46;380.66;0.0;2316.75
2021;185;271;beauce_5_sa_009;solnu;;118.05;0.0;39.31;29.23;0.11;175.01;218.32;42.82;296.31;56.91;310.4;0.0;143.39;0.0;0.0
2021;272;365;beauce_5_sa_009;orgeh;orgeH_tousSols_nonirr_organique;42.14;0.29;136.83;3.74;0.0;41.98;298.51;58.42;310.4;56.91;310.4;98.9;193.35;0.0;723.78
2021;1;179;beauce_5_sa_010;orgeh;orgeH_tousSols_nonirr_organique;174.6;24.83;184.38;31.62;0.0;310.4;248.32;154.57;305.42;56.91;310.4;99.44;356.26;0.0;2025.9
2021;180;288;beauce_5_sa_010;solnu;;129.7;0.0;54.51;25.94;0.11;154.57;221.54;55.76;309.25;56.91;310.4;0.0;188.15;0.0;0.0
2021;289;365;beauce_5_sa_010;orgeh;orgeH_tousSols_nonirr_organique;32.57;0.02;139.26;2.51;0.0;54.74;287.11;56.91;310.4;56.91;310.4;98.7;173.0;0.0;486.5
2021;1;173;beauce_5_sa_011;orgeh;orgeH_tousSols_nonirr_organique;162.87;26.79;170.6;30.63;0.0;310.4;248.32;138.36;302.63;56.91;310.4;99.42;336.15;0.0;1797.59
2021;174;300;beauce_5_sa_011;solnu;;158.11;0.0;71.42;35.98;0.11;138.36;247.0;53.08;306.56;56.91;310.4;0.0;227.41;0.0;0.0
2021;301;365;beauce_5_sa_011;orgeh;orgeH_tousSols_nonirr_organique;23.23;0.0;126.86;1.21;0.0;52.69;289.99;56.91;310.4;56.91;310.4;98.46;153.84;0.0;363.01
2021;1;228;beauce_5_sa_012;orgeh;orgeH_tousSols_nonirr_organique;239.36;22.2;208.61;49.56;0.0;310.4;248.32;205.51;300.42;56.91;310.4;99.56;437.61;0.0;3031.94
2021;229;276;beauce_5_sa_012;solnu;;53.42;0.0;36.41;9.15;0.11;205.51;219.41;43.45;296.93;56.91;310.4;0.0;86.45;0.0;0.0
2021;277;365;beauce_5_sa_012;orgeh;orgeH_tousSols_nonirr_organique;39.28;0.01;140.59;3.9;0.0;43.08;310.4;56.91;310.4;56.91;310.4;98.87;193.35;0.0;647.88
2021;1;189;beauce_5_sa_013;orgeh;orgeH_tousSols_nonirr_organique;193.28;19.67;201.75;36.32;0.0;310.4;248.32;168.07;308.35;56.91;310.4;99.47;390.06;0.0;2221.1
2021;190;286;beauce_5_sa_013;solnu;;116.0;0.0;40.27;28.85;0.11;168.07;222.1;44.0;297.48;56.91;310.4;0.0;154.35;0.0;0.0
2021;287;365;beauce_5_sa_013;orgeh;orgeH_tousSols_nonirr_organique;34.12;0.05;134.75;3.0;0.0;52.4;286.5;56.91;310.4;56.91;310.4;98.73;173.0;0.0;508.55
2021;1;208;beauce_5_sa_014;orgeh;orgeH_tousSols_nonirr_organique;219.99;25.17;196.55;41.73;0.0;310.4;248.32;176.68;308.97;56.91;310.4;99.52;417.7;0.0;2283.26
2021;209;317;beauce_5_sa_014;solnu;;107.06;0.0;80.6;25.44;0.11;176.68;278.37;56.91;310.4;56.91;310.4;0.0;192.22;0.0;0.0
2021;318;365;beauce_5_sa_014;orgeh;orgeH_tousSols_nonirr_organique;14.96;0.0;95.55;0.55;0.0;56.91;272.24;56.91;310.4;56.91;310.4;97.92;107.49;0.0;209.53
2021;1;171;beauce_5_sa_015;orgeh;orgeH_tousSols_nonirr_organique;159.84;25.37;170.4;29.97;0.0;310.4;248.32;140.84;307.28;56.91;310.4;99.41;329.9;0.0;1717.14
2021;172;306;beauce_5_sa_015;solnu;;165.62;0.0;70.71;40.35;0.11;140.84;269.01;52.23;305.72;56.91;310.4;0.0;235.44;0.0;0.0
2021;307;365;beauce_5_sa_015;orgeh;orgeH_tousSols_nonirr_organique;21.45;0.0;126.5;1.13;0.0;52.29;291.77;56.91;310.4;56.91;310.4;98.31;152.06;0.0;310.39
2021;1;178;beauce_5_sa_016;orgeh;orgeH_tousSols_nonirr_organique;174.64;23.65;181.9;32.6;0.0;310.4;248.32;148.87;309.05;56.91;310.4;99.44;356.26;0.0;1833.45
2021;179;305;beauce_5_sa_016;solnu;;151.78;0.0;59.86;38.68;0.11;148.87;264.88;51.48;304.96;56.91;310.4;0.0;208.52;0.0;0.0
2021;306;365;beauce_5_sa_016;orgeh;orgeH_tousSols_nonirr_organique;21.95;0.0;126.09;1.27;0.0;51.96;283.32;56.91;310.4;56.91;310.4;98.33;152.62;0.0;326.64
2021;1;195;beauce_5_sa_017;orgeh;orgeH_tousSols_nonirr_organique;202.57;21.89;198.37;38.5;0.0;310.4;248.32;165.13;307.42;56.91;310.4;99.49;399.98;0.0;2195.08
2021;196;299;beauce_5_sa_017;solnu;;118.99;0.0;47.47;28.89;0.11;165.13;247.27;53.58;307.07;56.91;310.4;0.0;163.5;0.0;0.0
2021;300;365;beauce_5_sa_017;orgeh;orgeH_tousSols_nonirr_organique;23.83;0.0;126.75;1.29;0.0;53.03;280.72;56.91;310.4;56.91;310.4;98.48;153.92;0.0;369.5
2021;1;182;beauce_5_sa_018;orgeh;orgeH_tousSols_nonirr_organique;182.71;23.4;182.4;34.55;0.0;310.4;248.32;145.89;301.94;56.91;310.4;99.45;368.77;0.0;1906.29
2021;183;305;beauce_5_sa_018;solnu;;144.44;0.0;58.88;38.24;0.11;145.89;264.88;51.48;304.96;56.91;310.4;0.0;196.02;0.0;0.0
2021;306;365;beauce_5_sa_018;orgeh;orgeH_tousSols_nonirr_organique;21.95;0.0;126.09;1.27;0.0;51.97;283.06;56.91;310.4;56.91;310.4;98.33;152.62;0.0;326.64
2021;1;217;beauce_5_sa_019;orgeh;orgeH_tousSols_nonirr_organique;232.55;17.48;203.75;46.9;0.0;310.4;248.32;192.05;299.13;56.91;310.4;99.54;421.35;0.0;2812.27
2021;218;279;beauce_5_sa_019;solnu;;71.6;0.0;40.48;20.25;0.11;192.05;218.43;38.28;291.77;56.91;310.4;0.0;105.17;0.0;0.0
2021;280;365;beauce_5_sa_019;orgeh;orgeH_tousSols_nonirr_organique;38.87;0.12;135.04;3.85;0.0;39.58;294.39;56.91;310.4;56.91;310.4;98.8;190.89;0.0;604.68
2021;1;203;beauce_5_sa_020;orgeh;orgeH_tousSols_nonirr_organique;215.46;16.38;205.84;39.47;0.0;310.4;248.32;185.96;303.42;56.91;310.4;99.51;408.12;0.0;2622.89
2021;204;272;beauce_5_sa_020;solnu;;82.79;0.0;40.83;20.16;0.11;185.96;217.74;42.14;295.63;56.91;310.4;0.0;115.93;0.0;0.0
2021;273;365;beauce_5_sa_020;orgeh;orgeH_tousSols_nonirr_organique;41.6;0.24;136.74;3.82;0.0;41.16;287.57;56.91;310.4;56.91;310.4;98.89;193.35;0.0;709.19
2021;1;188;beauce_5_sa_021;orgeh;orgeH_tousSols_nonirr_organique;189.84;24.17;197.72;36.01;0.0;310.4;248.32;160.31;310.4;56.91;310.4;99.47;390.06;0.0;2054.67
2021;189;301;beauce_5_sa_021;solnu;;131.49;0.0;47.02;31.68;0.11;160.31;248.75;52.7;306.18;56.91;310.4;0.0;173.5;0.0;0.0
2021;302;365;beauce_5_sa_021;orgeh;orgeH_tousSols_nonirr_organique;22.83;0.0;126.8;1.2;0.0;52.29;282.57;56.91;310.4;56.91;310.4;98.44;153.84;0.0;355.08
2021;1;208;beauce_5_sa_022;orgeh;orgeH_tousSols_nonirr_organique;222.02;21.77;198.0;42.43;0.0;310.4;248.32;178.4;308.9;56.91;310.4;99.52;417.7;0.0;2372.2
2021;209;304;beauce_5_sa_022;solnu;;100.4;0.0;49.3;26.68;0.11;178.4;251.07;51.83;305.31;56.91;310.4;0.0;146.23;0.0;0.0
2021;305;365;beauce_5_sa_022;orgeh;orgeH_tousSols_nonirr_organique;22.23;0.0;126.16;1.26;0.0;51.48;274.13;56.91;310.4;56.91;310.4;98.36;153.48;0.0;337.19
2021;1;181;beauce_5_sa_023;orgeh;orgeH_tousSols_nonirr_organique;179.27;25.71;181.94;33.27;0.0;310.4;248.32;145.44;302.32;56.91;310.4;99.45;357.48;0.0;1889.98
2021;182;306;beauce_5_sa_023;solnu;;145.86;0.0;59.15;37.03;0.11;145.44;268.99;52.24;305.73;56.91;310.4;0.0;207.87;0.0;0.0
2021;307;365;beauce_5_sa_023;orgeh;orgeH_tousSols_nonirr_organique;21.44;0.0;126.51;1.13;0.0;52.31;284.31;56.91;310.4;56.91;310.4;98.31;152.06;0.0;310.39
2021;1;176;beauce_5_sa_024;orgeh;orgeH_tousSols_nonirr_organique;169.0;24.1;181.63;32.23;0.0;310.4;248.32;147.82;310.4;56.91;310.4;99.43;353.6;0.0;1773.77
2021;177;308;beauce_5_sa_024;solnu;;159.53;0.0;66.17;41.44;0.11;147.82;269.73;56.91;310.4;56.91;310.4;0.0;224.36;0.0;0.0
2021;309;365;beauce_5_sa_024;orgeh;orgeH_tousSols_nonirr_organique;20.14;0.0;119.3;0.85;0.0;56.18;285.43;56.91;310.4;56.91;310.4;98.25;139.44;0.0;291.18
2021;1;170;beauce_5_sa_025;orgeh;orgeH_tousSols_nonirr_organique;158.46;21.8;171.48;30.77;0.0;310.4;248.32;149.29;310.4;56.91;310.4;99.41;329.9;0.0;1843.04
2021;171;291;beauce_5_sa_025;solnu;;161.04;0.0;62.63;40.32;0.11;149.29;238.12;48.69;302.18;56.91;310.4;0.0;223.22;0.0;0.0
2021;292;365;beauce_5_sa_025;orgeh;orgeH_tousSols_nonirr_organique;29.67;0.03;134.77;2.67;0.0;56.65;295.01;56.91;310.4;56.91;310.4;98.65;164.28;0.0;452.16
2021;1;206;beauce_5_sa_026;orgeh;orgeH_tousSols_nonirr_organique;216.44;24.95;198.7;40.12;0.0;310.4;248.32;172.08;302.03;56.91;310.4;99.51;409.14;0.0;2421.62
2021;207;295;beauce_5_sa_026;solnu;;95.28;0.0;50.34;21.22;0.11;172.08;240.79;56.91;310.4;56.91;310.4;0.0;154.1;0.0;0.0
2021;296;365;beauce_5_sa_026;orgeh;orgeH_tousSols_nonirr_organique;26.99;0.0;127.18;1.05;0.0;55.52;276.87;56.91;310.4;56.91;310.4;98.57;154.17;0.0;409.08
2021;1;223;beauce_5_sa_027;orgeh;orgeH_tousSols_nonirr_organique;236.5;27.21;201.72;47.1;0.0;310.4;248.32;188.74;303.65;56.91;310.4;99.55;437.61;0.0;2632.91
2021;224;307;beauce_5_sa_027;solnu;;78.46;0.0;48.6;16.76;0.11;188.74;269.83;52.24;305.72;56.91;310.4;0.0;140.35;0.0;0.0
2021;308;365;beauce_5_sa_027;orgeh;orgeH_tousSols_nonirr_organique;20.99;0.0;126.39;1.12;0.0;56.91;302.59;56.91;310.4;56.91;310.4;98.28;139.44;0.0;298.48
2021;1;172;beauce_5_sa_028;orgeh;orgeH_tousSols_nonirr_organique;165.25;15.72;176.42;31.6;0.0;310.4;248.32;158.28;305.5;56.91;310.4;99.42;329.9;0.0;2091.64
2021;173;272;beauce_5_sa_028;solnu;;140.91;0.0;63.23;34.8;0.11;158.28;217.74;41.91;295.39;56.91;310.4;0.0;194.15;0.0;0.0
2021;273;365;beauce_5_sa_028;orgeh;orgeH_tousSols_nonirr_organique;41.44;0.29;136.61;3.8;0.0;40.92;297.97;56.91;310.4;56.91;310.4;98.89;193.35;0.0;709.19
2021;1;207;beauce_5_sa_029;orgeh;orgeH_tousSols_nonirr_organique;214.35;24.76;202.16;39.92;0.0;310.4;248.32;178.03;300.85;56.91;310.4;99.52;417.7;0.0;2532.34
2021;208;286;beauce_5_sa_029;solnu;;82.24;0.0;40.98;14.48;0.11;178.03;221.75;50.48;303.96;56.91;310.4;0.0;126.71;0.0;0.0
2021;287;365;beauce_5_sa_029;orgeh;orgeH_tousSols_nonirr_organique;34.35;0.01;141.02;3.06;0.0;56.91;280.52;56.91;310.4;56.91;310.4;98.73;173.0;0.0;508.55
2021;1;196;beauce_5_sa_030;orgeh;orgeH_tousSols_nonirr_organique;198.55;26.04;199.78;36.9;0.0;310.4;248.32;170.02;308.59;56.91;310.4;99.49;401.67;0.0;2262.13
2021;197;294;beauce_5_sa_030;solnu;;105.86;0.0;54.43;17.62;0.11;170.02;241.47;56.91;310.4;56.91;310.4;0.0;161.57;0.0;0.0
2021;295;365;beauce_5_sa_030;orgeh;orgeH_tousSols_nonirr_organique;27.57;0.0;127.65;1.15;0.0;56.91;281.22;56.91;310.4;56.91;310.4;98.59;154.17;0.0;414.62
2021;1;190;beauce_5_sa_031;orgeh;orgeH_tousSols_nonirr_organique;190.74;23.25;202.38;35.26;0.0;310.4;248.32;169.25;306.68;56.91;310.4;99.47;390.81;0.0;2267.15
2021;191;283;beauce_5_sa_031;solnu;;106.99;0.0;40.2;20.35;0.11;169.25;220.89;42.35;295.84;56.91;310.4;0.0;137.23;0.0;0.0
2021;284;365;beauce_5_sa_031;orgeh;orgeH_tousSols_nonirr_organique;36.58;0.01;139.74;3.63;0.0;43.63;286.08;56.91;310.4;56.91;310.4;98.78;189.36;0.0;544.68
2021;1;171;beauce_5_sa_032;orgeh;orgeH_tousSols_nonirr_organique;155.37;25.8;174.42;28.91;0.0;310.4;248.32;151.14;307.31;56.91;310.4;99.41;329.9;0.0;1945.79
2021;172;282;beauce_5_sa_032;solnu;;144.1;0.0;63.17;30.75;0.11;151.14;217.71;43.06;296.55;56.91;310.4;0.0;196.62;0.0;0.0
2021;283;365;beauce_5_sa_032;orgeh;orgeH_tousSols_nonirr_organique;36.68;0.07;140.29;3.7;0.0;42.51;294.2;56.91;310.4;56.91;310.4;98.79;190.89;0.0;557.21
2021;1;206;beauce_5_sa_033;orgeh;orgeH_tousSols_nonirr_organique;217.77;25.07;197.22;40.47;0.0;310.4;248.32;169.4;302.06;56.91;310.4;99.51;409.14;0.0;2322.13
2021;207;306;beauce_5_sa_033;solnu;;102.7;0.0;49.18;25.09;0.11;169.4;268.92;52.23;305.72;56.91;310.4;0.0;156.21;0.0;0.0
2021;307;365;beauce_5_sa_033;orgeh;orgeH_tousSols_nonirr_organique;21.47;0.0;126.48;1.14;0.0;52.29;274.52;56.91;310.4;56.91;310.4;98.31;152.06;0.0;310.39
2021;1;212;beauce_5_sa_034;orgeh;orgeH_tousSols_nonirr_organique;227.35;21.58;200.71;43.26;0.0;310.4;248.32;182.96;301.21;56.91;310.4;99.53;417.87;0.0;2612.04
2021;213;288;beauce_5_sa_034;solnu;;80.95;0.0;41.78;21.37;0.11;182.96;221.78;51.43;304.92;56.91;310.4;0.0;126.54;0.0;0.0
2021;289;365;beauce_5_sa_034;orgeh;orgeH_tousSols_nonirr_organique;32.52;0.03;134.97;2.47;0.0;50.41;291.17;56.91;310.4;56.91;310.4;98.7;173.0;0.0;486.5
2021;1;176;beauce_5_sa_035;orgeh;orgeH_tousSols_nonirr_organique;128.18;52.62;193.96;22.12;0.0;310.4;248.32;178.74;310.4;75.55;310.4;99.43;353.6;0.0;2358.08
2021;177;259;beauce_5_sa_035;solnu;;123.06;0.0;51.72;23.22;0.11;178.74;214.27;47.86;301.35;75.55;310.4;0.0;164.74;0.0;0.0
2021;260;365;beauce_5_sa_035;orgeh;orgeH_tousSols_nonirr_organique;46.39;0.47;143.5;5.11;0.0;47.67;301.81;78.93;310.4;75.55;310.4;99.06;199.07;0.0;904.22
2021;1;214;beauce_5_sa_036;orgeh;orgeH_tousSols_nonirr_organique;223.33;24.12;204.05;42.87;0.0;310.4;248.32;189.12;299.35;56.91;310.4;99.53;417.87;0.0;2754.22
2021;215;279;beauce_5_sa_036;solnu;;66.9;0.0;41.44;11.26;0.11;189.12;218.25;44.29;297.78;56.91;310.4;0.0;108.65;0.0;0.0
2021;280;365;beauce_5_sa_036;orgeh;orgeH_tousSols_nonirr_organique;38.37;0.01;141.65;3.83;0.0;45.76;293.07;56.91;310.4;56.91;310.4;98.84;190.89;0.0;604.68
2021;1;174;beauce_5_sa_037;orgeh;orgeH_tousSols_nonirr_organique;145.34;35.27;178.19;26.81;0.0;310.4;248.32;170.76;310.34;64.96;310.4;99.43;339.98;0.0;2234.34
2021;175;265;beauce_5_sa_037;solnu;;129.96;0.0;64.08;25.67;0.11;170.76;226.04;44.89;298.38;64.96;310.4;0.0;178.36;0.0;0.0
2021;266;365;beauce_5_sa_037;orgeh;orgeH_tousSols_nonirr_organique;44.09;0.22;142.74;5.08;0.0;44.56;301.73;67.79;310.4;64.96;310.4;99.0;199.07;0.0;809.58
2021;1;220;beauce_5_sa_038;orgeh;orgeH_tousSols_nonirr_organique;235.53;16.12;209.35;47.35;0.0;310.4;248.32;208.58;308.09;56.91;310.4;99.55;436.1;0.0;2962.3
2021;221;271;beauce_5_sa_038;solnu;;61.17;0.0;38.03;14.73;0.11;208.58;218.32;43.24;296.73;56.91;310.4;0.0;87.96;0.0;0.0
2021;272;365;beauce_5_sa_038;orgeh;orgeH_tousSols_nonirr_organique;42.28;0.25;137.15;3.78;0.0;42.4;303.2;58.42;310.4;56.91;310.4;98.9;193.35;0.0;723.78
2021;1;195;beauce_5_sa_039;orgeh;orgeH_tousSols_nonirr_organique;202.61;22.23;197.94;38.52;0.0;310.4;248.32;165.23;307.47;56.91;310.4;99.49;399.98;0.0;2165.45
2021;196;302;beauce_5_sa_039;solnu;;120.49;0.0;47.5;29.8;0.11;165.23;251.97;52.18;305.66;56.91;310.4;0.0;163.58;0.0;0.0
2021;303;365;beauce_5_sa_039;orgeh;orgeH_tousSols_nonirr_organique;22.74;0.0;126.36;1.32;0.0;51.74;280.17;56.91;310.4;56.91;310.4;98.41;153.84;0.0;348.41
2021;1;215;beauce_5_sa_040;orgeh;orgeH_tousSols_nonirr_organique;213.23;26.38;211.73;40.86;0.0;310.4;248.32;203.56;299.51;68.57;310.4;99.53;418.38;0.0;2999.7
2021;216;263;beauce_5_sa_040;solnu;;60.46;0.0;41.96;12.63;0.11;203.56;225.02;43.96;297.45;68.57;310.4;0.0;99.96;0.0;0.0
2021;264;365;beauce_5_sa_040;orgeh;orgeH_tousSols_nonirr_organique;45.75;0.14;140.23;4.86;0.0;43.47;309.86;71.48;310.4;68.57;310.4;99.01;199.07;0.0;835.61
2021;1;186;beauce_5_sa_041;orgeh;orgeH_tousSols_nonirr_organique;187.01;24.82;195.87;34.81;0.0;310.4;248.32;155.23;306.16;56.91;310.4;99.46;380.88;0.0;2037.51
2021;187;299;beauce_5_sa_041;solnu;;132.81;0.0;48.75;30.38;0.11;155.23;247.17;53.6;307.09;56.91;310.4;0.0;182.6;0.0;0.0
2021;300;365;beauce_5_sa_041;orgeh;orgeH_tousSols_nonirr_organique;23.65;0.0;126.96;1.19;0.0;53.08;283.02;56.91;310.4;56.91;310.4;98.48;153.92;0.0;369.5
2021;1;196;beauce_5_sa_042;orgeh;orgeH_tousSols_nonirr_organique;198.84;21.6;204.07;37.22;0.0;310.4;248.32;179.88;308.46;56.91;310.4;99.49;401.67;0.0;2447.49
2021;197;277;beauce_5_sa_042;solnu;;99.24;0.0;40.09;22.07;0.11;179.88;219.21;39.6;293.08;56.91;310.4;0.0;122.38;0.0;0.0
2021;278;365;beauce_5_sa_042;orgeh;orgeH_tousSols_nonirr_organique;38.16;0.16;137.72;3.69;0.0;39.11;288.28;56.91;310.4;56.91;310.4;98.85;193.35;0.0;634.75
2021;1;230;beauce_5_sa_043;orgeh;orgeH_tousSols_nonirr_organique;247.11;17.74;206.78;52.6;0.0;310.4;248.32;202.95;298.95;56.91;310.4;99.57;444.39;0.0;3007.67
2021;231;281;beauce_5_sa_043;solnu;;59.08;0.0;36.04;17.59;0.11;202.95;218.69;39.14;292.63;56.91;310.4;0.0;82.13;0.0;0.0
2021;282;365;beauce_5_sa_043;orgeh;orgeH_tousSols_nonirr_organique;37.92;0.09;135.11;3.62;0.0;38.28;307.11;56.91;310.4;56.91;310.4;98.78;190.89;0.0;572.54
2021;1;204;beauce_5_sa_044;orgeh;orgeH_tousSols_nonirr_organique;211.43;24.82;201.97;38.36;0.0;310.4;248.32;176.78;302.87;56.91;310.4;99.51;409.14;0.0;2475.59
2021;205;286;beauce_5_sa_044;solnu;;84.7;0.0;41.13;14.41;0.11;176.78;221.88;50.9;304.39;56.91;310.4;0.0;135.27;0.0;0.0
2021;287;365;beauce_5_sa_044;orgeh;orgeH_tousSols_nonirr_organique;34.4;0.01;141.4;3.07;0.0;56.91;282.58;56.91;310.4;56.91;310.4;98.73;173.0;0.0;508.55
2021;1;184;beauce_5_sa_045;orgeh;orgeH_tousSols_nonirr_organique;184.95;19.0;199.29;35.39;0.0;310.4;248.32;164.39;310.4;56.91;310.4;99.46;380.66;0.0;2117.8
2021;185;288;beauce_5_sa_045;solnu;;130.07;0.0;39.31;33.31;0.11;164.39;221.77;51.17;304.65;56.91;310.4;0.0;163.74;0.0;0.0
2021;289;365;beauce_5_sa_045;orgeh;orgeH_tousSols_nonirr_organique;32.37;0.04;134.84;2.5;0.0;50.15;290.54;56.91;310.4;56.91;310.4;98.7;173.0;0.0;486.5
2021;1;194;beauce_5_sa_046;orgeh;orgeH_tousSols_nonirr_organique;195.91;25.06;201.18;36.4;0.0;310.4;248.32;167.2;304.53;56.91;310.4;99.48;397.27;0.0;2278.6
2021;195;289;beauce_5_sa_046;solnu;;105.43;0.0;41.48;18.58;0.11;167.2;221.01;54.74;308.22;56.91;310.4;0.0;147.14;0.0;0.0
2021;290;365;beauce_5_sa_046;orgeh;orgeH_tousSols_nonirr_organique;31.7;0.01;139.12;2.57;0.0;53.56;284.6;56.91;310.4;56.91;310.4;98.68;173.0;0.0;479.74
2021;1;210;beauce_5_sa_047;orgeh;orgeH_tousSols_nonirr_organique;221.98;26.28;199.18;40.91;0.0;310.4;248.32;177.53;303.24;56.91;310.4;99.52;417.7;0.0;2495.85
2021;211;295;beauce_5_sa_047;solnu;;83.37;0.0;54.9;15.68;0.11;177.53;240.5;56.91;310.4;56.91;310.4;0.0;145.54;0.0;0.0
2021;296;365;beauce_5_sa_047;orgeh;orgeH_tousSols_nonirr_organique;26.99;0.0;127.18;1.05;0.0;55.52;292.81;56.91;310.4;56.91;310.4;98.57;154.17;0.0;409.08
2021;1;216;beauce_5_sa_048;orgeh;orgeH_tousSols_nonirr_organique;222.68;24.96;204.96;43.71;0.0;310.4;248.32;191.5;298.76;56.91;310.4;99.54;419.93;0.0;2806.98
2021;217;278;beauce_5_sa_048;solnu;;66.24;0.0;40.97;11.23;0.11;191.5;219.09;43.63;297.11;56.91;310.4;0.0;104.82;0.0;0.0
2021;279;365;beauce_5_sa_048;orgeh;orgeH_tousSols_nonirr_organique;38.64;0.04;141.39;3.98;0.0;44.1;296.9;56.91;310.4;56.91;310.4;98.85;192.66;0.0;617.36
2021;1;201;beauce_5_sa_049;orgeh;orgeH_tousSols_nonirr_organique;212.24;16.32;204.63;39.49;0.0;310.4;248.32;185.43;307.92;56.91;310.4;99.5;408.12;0.0;2536.72
2021;202;276;beauce_5_sa_049;solnu;;90.65;0.0;40.57;22.34;0.11;185.43;219.52;39.04;292.52;56.91;310.4;0.0;115.93;0.0;0.0
2021;277;365;beauce_5_sa_049;orgeh;orgeH_tousSols_nonirr_organique;39.62;0.18;135.68;3.97;0.0;38.51;286.74;56.91;310.4;56.91;310.4;98.83;193.35;0.0;647.88
2021;1;191;beauce_5_sa_050;orgeh;orgeH_tousSols_nonirr_organique;196.74;22.96;197.69;36.97;0.0;310.4;248.32;159.54;306.42;56.91;310.4;99.48;390.81;0.0;2076.28
2021;192;304;beauce_5_sa_050;solnu;;126.15;0.0;47.76;29.84;0.11;159.54;251.06;52.03;305.51;56.91;310.4;0.0;173.12;0.0;0.0
2021;305;365;beauce_5_sa_050;orgeh;orgeH_tousSols_nonirr_organique;21.71;0.0;126.88;1.0;0.0;51.76;279.07;56.91;310.4;56.91;310.4;98.36;153.48;0.0;337.19
2021;1;213;beauce_5_sa_051;orgeh;orgeH_tousSols_nonirr_organique;223.54;24.78;202.21;42.46;0.0;310.4;248.32;185.43;300.31;56.91;310.4;99.53;417.87;0.0;2669.96
2021;214;284;beauce_5_sa_051;solnu;;69.85;0.0;41.79;12.07;0.11;185.43;220.18;45.25;298.74;56.91;310.4;0.0;116.66;0.0;0.0
2021;285;365;beauce_5_sa_051;orgeh;orgeH_tousSols_nonirr_organique;36.36;0.01;141.33;3.56;0.0;51.55;292.76;56.91;310.4;56.91;310.4;98.77;182.88;0.0;529.59
2021;1;196;beauce_5_sa_052;orgeh;orgeH_tousSols_nonirr_organique;190.0;25.17;209.15;34.97;0.0;310.4;248.32;188.74;308.66;61.71;310.4;99.49;401.67;0.0;2586.02
2021;197;267;beauce_5_sa_052;solnu;;90.71;0.0;40.28;17.16;0.11;188.74;222.97;43.19;296.68;61.71;310.4;0.0;117.44;0.0;0.0
2021;268;365;beauce_5_sa_052;orgeh;orgeH_tousSols_nonirr_organique;43.15;0.28;141.14;4.65;0.0;42.72;297.8;64.75;310.4;61.71;310.4;98.97;198.3;0.0;783.84
2021;1;221;beauce_5_sa_053;orgeh;orgeH_tousSols_nonirr_organique;238.58;19.59;204.32;47.85;0.0;310.4;248.32;195.33;306.58;56.91;310.4;99.55;436.1;0.0;2735.62
2021;222;292;beauce_5_sa_053;solnu;;74.92;0.0;38.18;19.49;0.11;195.33;238.77;56.91;310.4;56.91;310.4;0.0;122.49;0.0;0.0
2021;293;365;beauce_5_sa_053;orgeh;orgeH_tousSols_nonirr_organique;29.24;0.01;135.03;1.9;0.0;56.91;289.48;56.91;310.4;56.91;310.4;98.63;158.82;0.0;444.46
2021;1;170;beauce_5_sa_054;orgeh;orgeH_tousSols_nonirr_organique;155.78;16.81;179.15;30.3;0.0;310.4;248.32;166.58;310.4;63.65;310.4;99.41;329.9;0.0;2154.04
2021;171;266;beauce_5_sa_054;solnu;;142.22;0.0;62.63;33.78;0.11;166.58;224.15;41.14;294.63;63.65;310.4;0.0;189.21;0.0;0.0
2021;267;365;beauce_5_sa_054;orgeh;orgeH_tousSols_nonirr_organique;44.79;0.52;137.99;5.12;0.0;41.58;304.32;66.27;310.4;63.65;310.4;98.96;198.3;0.0;795.89
2021;1;203;beauce_5_sa_055;orgeh;orgeH_tousSols_nonirr_organique;192.42;32.89;210.89;33.39;0.0;310.4;248.32;193.3;304.92;64.96;310.4;99.51;408.12;0.0;2733.51
2021;204;265;beauce_5_sa_055;solnu;;75.16;0.0;41.87;12.89;0.11;193.3;226.1;44.51;298.0;64.96;310.4;0.0;110.22;0.0;0.0
2021;266;365;beauce_5_sa_055;orgeh;orgeH_tousSols_nonirr_organique;44.54;0.13;142.0;5.1;0.0;44.19;295.51;67.79;310.4;64.96;310.4;99.0;199.07;0.0;809.58
2021;1;176;beauce_5_sa_056;orgeh;orgeH_tousSols_nonirr_organique;165.94;24.56;184.23;31.41;0.0;310.4;248.32;157.0;310.4;56.91;310.4;99.43;353.6;0.0;1979.81
2021;177;287;beauce_5_sa_056;solnu;;141.63;0.0;51.72;32.56;0.11;157.0;222.13;55.71;309.2;56.91;310.4;0.0;190.81;0.0;0.0
2021;288;365;beauce_5_sa_056;orgeh;orgeH_tousSols_nonirr_organique;33.23;0.08;138.49;2.41;0.0;54.56;290.21;56.91;310.4;56.91;310.4;98.72;173.0;0.0;499.41
2021;1;184;beauce_5_sa_057;orgeh;orgeH_tousSols_nonirr_organique;179.9;26.05;197.3;33.72;0.0;310.4;248.32;160.49;310.4;56.91;310.4;99.46;380.66;0.0;2055.84
2021;185;294;beauce_5_sa_057;solnu;;130.84;0.0;50.57;28.1;0.11;160.49;241.41;56.91;310.4;56.91;310.4;0.0;182.57;0.0;0.0
2021;295;365;beauce_5_sa_057;orgeh;orgeH_tousSols_nonirr_organique;27.53;0.0;127.69;1.14;0.0;56.91;287.99;56.91;310.4;56.91;310.4;98.59;154.17;0.0;414.62
2021;1;229;beauce_5_sa_058;orgeh;orgeH_tousSols_nonirr_organique;230.39;21.13;219.0;47.89;0.0;310.4;248.32;222.86;300.08;80.34;310.4;99.56;437.61;0.0;3349.76
2021;230;256;beauce_5_sa_058;solnu;;40.56;0.0;36.29;7.7;0.11;222.86;215.57;47.68;301.17;80.34;310.4;0.0;80.39;0.0;0.0
2021;257;365;beauce_5_sa_058;orgeh;orgeH_tousSols_nonirr_organique;50.77;1.0;140.75;6.15;0.0;49.06;310.01;84.87;310.4;80.34;310.4;99.08;199.41;0.0;956.44
2021;1;189;beauce_5_sa_059;orgeh;orgeH_tousSols_nonirr_organique;152.24;51.82;210.0;25.81;0.0;310.4;248.32;183.52;309.02;63.65;310.4;99.47;390.06;0.0;2481.33
2021;190;266;beauce_5_sa_059;solnu;;101.43;0.0;40.69;20.67;0.11;183.52;223.96;41.58;295.06;63.65;310.4;0.0;129.05;0.0;0.0
2021;267;365;beauce_5_sa_059;orgeh;orgeH_tousSols_nonirr_organique;42.91;0.99;139.83;4.99;0.0;42.02;299.63;66.27;310.4;63.65;310.4;98.97;198.3;0.0;795.89
2021;1;196;beauce_5_sa_060;orgeh;orgeH_tousSols_nonirr_organique;198.66;22.29;203.52;37.16;0.0;310.4;248.32;179.53;308.49;56.91;310.4;99.49;401.67;0.0;2424.39
2021;197;279;beauce_5_sa_060;solnu;;99.58;0.0;40.12;21.84;0.11;179.53;218.32;39.96;293.45;56.91;310.4;0.0;124.85;0.0;0.0
2021;280;365;beauce_5_sa_060;orgeh;orgeH_tousSols_nonirr_organique;37.96;0.04;137.7;3.7;0.0;41.44;287.13;56.91;310.4;56.91;310.4;98.83;190.89;0.0;604.68
2021;1;196;beauce_5_sa_061;orgeh;orgeH_tousSols_nonirr_organique;201.02;26.14;197.11;37.6;0.0;310.4;248.32;165.87;308.68;56.91;310.4;99.49;401.67;0.0;2152.47
2021;197;305;beauce_5_sa_061;solnu;;118.97;0.0;48.37;27.63;0.11;165.87;264.78;51.69;305.18;56.91;310.4;0.0;163.11;0.0;0.0
2021;306;365;beauce_5_sa_061;orgeh;orgeH_tousSols_nonirr_organique;21.77;0.0;126.48;1.2;0.0;52.22;278.66;56.91;310.4;56.91;310.4;98.33;152.62;0.0;326.64
2021;1;222;beauce_5_sa_062;orgeh;orgeH_tousSols_nonirr_organique;240.5;17.38;206.81;48.3;0.0;310.4;248.32;200.7;304.4;56.91;310.4;99.55;436.1;0.0;2868.89
2021;223;281;beauce_5_sa_062;solnu;;64.37;0.0;37.73;17.82;0.11;200.7;218.69;39.12;292.61;56.91;310.4;0.0;90.42;0.0;0.0
2021;282;365;beauce_5_sa_062;orgeh;orgeH_tousSols_nonirr_organique;37.9;0.09;135.11;3.62;0.0;38.26;310.4;56.91;310.4;56.91;310.4;98.78;190.89;0.0;572.54
2021;1;206;beauce_5_sa_063;orgeh;orgeH_tousSols_nonirr_organique;160.39;62.9;214.44;25.99;0.0;310.4;248.32;198.32;304.43;68.57;310.4;99.51;409.14;0.0;2819.55
2021;207;263;beauce_5_sa_063;solnu;;72.16;0.0;43.98;12.63;0.11;198.32;225.19;43.89;297.38;68.57;310.4;0.0;109.2;0.0;0.0
2021;264;365;beauce_5_sa_063;orgeh;orgeH_tousSols_nonirr_organique;43.41;1.26;141.37;5.02;0.0;43.17;296.57;71.48;310.4;68.57;310.4;99.01;199.07;0.0;835.61
2021;1;185;beauce_5_sa_064;orgeh;orgeH_tousSols_nonirr_organique;186.7;19.35;199.65;35.19;0.0;310.4;248.32;163.85;307.95;56.91;310.4;99.46;380.88;0.0;2152.97
2021;186;286;beauce_5_sa_064;solnu;;124.58;0.0;40.72;30.82;0.11;163.85;222.1;43.96;297.45;56.91;310.4;0.0;163.53;0.0;0.0
2021;287;365;beauce_5_sa_064;orgeh;orgeH_tousSols_nonirr_organique;34.12;0.05;134.71;3.0;0.0;52.36;289.72;56.91;310.4;56.91;310.4;98.73;173.0;0.0;508.55
2021;1;205;beauce_5_sa_065;orgeh;orgeH_tousSols_nonirr_organique;215.44;25.63;197.52;39.75;0.0;310.4;248.32;169.67;303.52;56.91;310.4;99.51;409.14;0.0;2341.51
2021;206;301;beauce_5_sa_065;solnu;;101.38;0.0;50.28;22.18;0.11;169.67;248.62;52.69;306.17;56.91;310.4;0.0;154.43;0.0;0.0
2021;302;365;beauce_5_sa_065;orgeh;orgeH_tousSols_nonirr_organique;22.9;0.0;126.72;1.22;0.0;52.28;276.22;56.91;310.4;56.91;310.4;98.44;153.84;0.0;355.08
2021;1;189;beauce_5_sa_066;orgeh;orgeH_tousSols_nonirr_organique;191.46;26.23;196.93;35.57;0.0;310.4;248.32;159.35;308.42;56.91;310.4;99.47;390.06;0.0;2017.39
2021;190;307;beauce_5_sa_066;solnu;;129.61;0.0;48.2;30.05;0.11;159.35;270.04;52.29;305.78;56.91;310.4;0.0;187.9;0.0;0.0
2021;308;365;beauce_5_sa_066;orgeh;orgeH_tousSols_nonirr_organique;20.95;0.0;126.49;1.11;0.0;56.91;280.17;56.91;310.4;56.91;310.4;98.28;139.44;0.0;298.48
2021;1;207;beauce_5_sa_067;orgeh;orgeH_tousSols_nonirr_organique;134.31;79.6;223.4;20.5;0.0;310.4;248.32;205.25;304.85;80.34;310.4;99.52;417.7;0.0;2945.69
2021;208;256;beauce_5_sa_067;solnu;;65.29;0.0;44.92;11.45;0.11;205.25;215.71;47.57;301.06;80.34;310.4;0.0;100.3;0.0;0.0
2021;257;365;beauce_5_sa_067;orgeh;orgeH_tousSols_nonirr_organique;47.13;2.18;143.1;5.82;0.0;48.94;299.41;84.87;310.4;80.34;310.4;99.08;199.41;0.0;956.44
2021;1;192;beauce_5_sa_068;orgeh;orgeH_tousSols_nonirr_organique;193.46;25.3;199.95;35.97;0.0;310.4;248.32;164.86;305.09;56.91;310.4;99.48;393.7;0.0;2213.36
2021;193;292;beauce_5_sa_068;solnu;;113.28;0.0;43.61;23.14;0.11;164.86;238.44;56.91;310.4;56.91;310.4;0.0;164.89;0.0;0.0
2021;293;365;beauce_5_sa_068;orgeh;orgeH_tousSols_nonirr_organique;29.42;0.0;134.86;1.92;0.0;56.91;287.12;56.91;310.4;56.91;310.4;98.63;158.82;0.0;444.46
2021;1;194;beauce_5_sa_069;orgeh;orgeH_tousSols_nonirr_organique;189.67;26.55;205.88;34.83;0.0;310.4;248.32;176.67;304.58;56.91;310.4;99.48;397.27;0.0;2447.97
2021;195;274;beauce_5_sa_069;solnu;;96.46;0.0;39.79;17.86;0.11;176.67;220.53;45.09;298.57;56.91;310.4;0.0;126.79;0.0;0.0
2021;275;365;beauce_5_sa_069;orgeh;orgeH_tousSols_nonirr_organique;40.15;0.04;141.34;3.93;0.0;44.67;291.07;56.91;310.4;56.91;310.4;98.9;193.35;0.0;675.96
2021;1;186;beauce_5_sa_070;orgeh;orgeH_tousSols_nonirr_organique;185.92;27.18;194.75;34.41;0.0;310.4;248.32;151.51;306.01;56.91;310.4;99.46;380.88;0.0;1914.07
2021;187;315;beauce_5_sa_070;solnu;;140.67;0.0;70.2;31.08;0.11;151.51;276.51;56.38;309.87;56.91;310.4;0.0;214.84;0.0;0.0
2021;316;365;beauce_5_sa_070;orgeh;orgeH_tousSols_nonirr_organique;15.73;0.0;105.43;0.72;0.0;55.83;280.37;56.91;310.4;56.91;310.4;98.0;121.69;0.0;226.53
2021;1;173;beauce_5_sa_071;orgeh;orgeH_tousSols_nonirr_organique;166.86;17.26;174.88;32.05;0.0;310.4;248.32;154.5;303.89;56.91;310.4;99.42;336.15;0.0;2052.84
2021;174;276;beauce_5_sa_071;solnu;;142.33;0.0;63.3;36.03;0.11;154.5;219.52;38.81;292.3;56.91;310.4;0.0;187.91;0.0;0.0
2021;277;365;beauce_5_sa_071;orgeh;orgeH_tousSols_nonirr_organique;39.45;0.22;135.58;3.95;0.0;38.28;295.81;56.91;310.4;56.91;310.4;98.83;193.35;0.0;647.88
2021;1;214;beauce_5_sa_072;orgeh;orgeH_tousSols_nonirr_organique;230.58;23.49;197.06;44.73;0.0;310.4;248.32;173.55;299.71;56.91;310.4;99.53;417.87;0.0;2421.4
2021;215;314;beauce_5_sa_072;solnu;;95.87;0.0;71.18;23.14;0.11;173.55;277.13;56.91;310.4;56.91;310.4;0.0;177.86;0.0;0.0
2021;315;365;beauce_5_sa_072;orgeh;orgeH_tousSols_nonirr_organique;16.26;0.0;105.43;0.67;0.0;56.38;282.55;56.91;310.4;56.91;310.4;98.04;121.69;0.0;229.57
2021;1;198;beauce_5_sa_073;orgeh;orgeH_tousSols_nonirr_organique;204.03;26.12;197.02;37.63;0.0;310.4;248.32;169.65;310.26;56.91;310.4;99.49;404.45;0.0;2168.57
2021;199;307;beauce_5_sa_073;solnu;;115.55;0.0;49.73;26.73;0.11;169.65;270.02;52.28;305.76;56.91;310.4;0.0;173.52;0.0;0.0
2021;308;365;beauce_5_sa_073;orgeh;orgeH_tousSols_nonirr_organique;20.96;0.0;126.46;1.12;0.0;56.91;276.38;56.91;310.4;56.91;310.4;98.28;139.44;0.0;298.48
2021;1;174;beauce_5_sa_074;orgeh;orgeH_tousSols_nonirr_organique;162.8;26.34;171.74;31.06;0.0;310.4;248.32;147.58;308.26;56.91;310.4;99.42;339.98;0.0;1855.15
2021;175;296;beauce_5_sa_074;solnu;;150.02;0.0;76.21;29.8;0.11;147.58;240.29;55.52;309.0;56.91;310.4;0.0;223.5;0.0;0.0
2021;297;365;beauce_5_sa_074;orgeh;orgeH_tousSols_nonirr_organique;25.51;0.01;127.26;1.13;0.0;54.91;288.5;56.91;310.4;56.91;310.4;98.55;153.92;0.0;400.33
2021;1;222;beauce_5_sa_075;orgeh;orgeH_tousSols_nonirr_organique;235.33;24.82;204.38;46.61;0.0;310.4;248.32;195.06;304.55;56.91;310.4;99.55;436.1;0.0;2764.9
2021;223;291;beauce_5_sa_075;solnu;;69.17;0.0;37.78;14.05;0.11;195.06;237.84;52.61;306.1;56.91;310.4;0.0;117.03;0.0;0.0
2021;292;365;beauce_5_sa_075;orgeh;orgeH_tousSols_nonirr_organique;30.04;0.0;138.35;2.6;0.0;56.91;308.52;56.91;310.4;56.91;310.4;98.65;164.28;0.0;452.16
2021;1;226;beauce_5_sa_076;orgeh;orgeH_tousSols_nonirr_organique;241.81;22.01;204.61;49.57;0.0;310.4;248.32;196.93;302.17;56.91;310.4;99.56;437.61;0.0;2854.3
2021;227;289;beauce_5_sa_076;solnu;;67.77;0.0;36.86;17.64;0.11;196.93;221.22;50.74;304.22;56.91;310.4;0.0;106.8;0.0;0.0
2021;290;365;beauce_5_sa_076;orgeh;orgeH_tousSols_nonirr_organique;31.7;0.0;135.12;2.52;0.0;49.57;303.7;56.91;310.4;56.91;310.4;98.68;173.0;0.0;479.74
2021;1;181;beauce_5_sa_077;orgeh;orgeH_tousSols_nonirr_organique;177.2;26.68;182.67;32.68;0.0;310.4;248.32;148.91;302.7;56.91;310.4;99.45;357.48;0.0;1979.61
2021;182;296;beauce_5_sa_077;solnu;;138.09;0.0;62.47;30.95;0.11;148.91;240.29;55.52;309.0;56.91;310.4;0.0;206.01;0.0;0.0
2021;297;365;beauce_5_sa_077;orgeh;orgeH_tousSols_nonirr_organique;25.51;0.01;127.26;1.12;0.0;54.91;286.13;56.91;310.4;56.91;310.4;98.55;153.92;0.0;400.33
2021;1;216;beauce_5_sa_078;orgeh;orgeH_tousSols_nonirr_organique;232.86;21.7;197.71;46.4;0.0;310.4;248.32;176.49;299.09;56.91;310.4;99.54;419.93;0.0;2493.14
2021;217;309;beauce_5_sa_078;solnu;;92.85;0.0;56.04;25.52;0.11;176.49;269.11;56.18;309.67;56.91;310.4;0.0;159.31;0.0;0.0
2021;310;365;beauce_5_sa_078;orgeh;orgeH_tousSols_nonirr_organique;19.43;0.0;119.28;0.93;0.0;56.91;286.41;56.91;310.4;56.91;310.4;98.21;138.17;0.0;281.2
2021;1;178;beauce_5_sa_079;orgeh;orgeH_tousSols_nonirr_organique;173.09;25.2;181.87;32.13;0.0;310.4;248.32;149.69;309.08;56.91;310.4;99.44;356.26;0.0;1881.05
2021;179;300;beauce_5_sa_079;solnu;;149.69;0.0;59.93;35.84;0.11;149.69;247.01;53.08;306.56;56.91;310.4;0.0;207.3;0.0;0.0
2021;301;365;beauce_5_sa_079;orgeh;orgeH_tousSols_nonirr_organique;23.22;0.0;126.87;1.2;0.0;52.69;283.75;56.91;310.4;56.91;310.4;98.46;153.84;0.0;363.01
2021;1;209;beauce_5_sa_080;orgeh;orgeH_tousSols_nonirr_organique;224.59;21.03;198.53;42.53;0.0;310.4;248.32;177.33;306.53;56.91;310.4;99.52;417.7;0.0;2428.09
2021;210;300;beauce_5_sa_080;solnu;;95.79;0.0;49.89;23.4;0.11;177.33;247.04;53.03;306.52;56.91;310.4;0.0;145.86;0.0;0.0
2021;301;365;beauce_5_sa_080;orgeh;orgeH_tousSols_nonirr_organique;23.44;0.0;126.6;1.32;0.0;52.62;283.21;56.91;310.4;56.91;310.4;98.46;153.84;0.0;363.01
2021;1;179;beauce_5_sa_081;orgeh;orgeH_tousSols_nonirr_organique;179.79;18.99;184.95;33.18;0.0;310.4;248.32;155.64;305.52;56.91;310.4;99.44;356.26;0.0;2054.16
2021;180;285;beauce_5_sa_081;solnu;;132.67;0.0;53.02;35.12;0.11;155.64;222.57;44.49;297.98;56.91;310.4;0.0;179.31;0.0;0.0
2021;286;365;beauce_5_sa_081;orgeh;orgeH_tousSols_nonirr_organique;35.75;0.05;134.66;3.04;0.0;43.89;288.67;56.91;310.4;56.91;310.4;98.75;181.83;0.0;520.29
2021;1;194;beauce_5_sa_082;orgeh;orgeH_tousSols_nonirr_organique;201.98;21.92;198.2;38.12;0.0;310.4;248.32;160.36;304.58;56.91;310.4;99.48;397.27;0.0;2157.92
2021;195;301;beauce_5_sa_082;solnu;;120.57;0.0;47.66;29.52;0.11;160.36;248.8;52.62;306.1;56.91;310.4;0.0;166.3;0.0;0.0
2021;302;365;beauce_5_sa_082;orgeh;orgeH_tousSols_nonirr_organique;23.07;0.0;126.48;1.32;0.0;52.18;280.63;56.91;310.4;56.91;310.4;98.44;153.84;0.0;355.08
2021;1;209;beauce_5_sa_083;orgeh;orgeH_tousSols_nonirr_organique;217.3;23.9;203.07;40.54;0.0;310.4;248.32;188.84;306.4;56.91;310.4;99.52;417.7;0.0;2623.92
2021;210;281;beauce_5_sa_083;solnu;;76.92;0.0;41.76;14.4;0.11;188.84;218.51;42.95;296.43;56.91;310.4;0.0;108.82;0.0;0.0
2021;282;365;beauce_5_sa_083;orgeh;orgeH_tousSols_nonirr_organique;37.63;0.01;139.28;3.63;0.0;42.39;289.71;56.91;310.4;56.91;310.4;98.81;190.89;0.0;572.54
2021;1;187;beauce_5_sa_084;orgeh;orgeH_tousSols_nonirr_organique;191.22;21.4;196.62;36.03;0.0;310.4;248.32;155.73;304.62;56.91;310.4;99.46;389.15;0.0;2066.3
2021;188;298;beauce_5_sa_084;solnu;;130.38;0.0;48.94;31.83;0.11;155.73;239.9;54.3;307.78;56.91;310.4;0.0;174.33;0.0;0.0
2021;299;365;beauce_5_sa_084;orgeh;orgeH_tousSols_nonirr_organique;24.37;0.0;126.93;1.25;0.0;53.58;284.49;56.91;310.4;56.91;310.4;98.51;153.92;0.0;380.32
2021;1;212;beauce_5_sa_085;orgeh;orgeH_tousSols_nonirr_organique;228.58;19.04;202.32;43.66;0.0;310.4;248.32;185.5;300.91;56.91;310.4;99.53;417.87;0.0;2659.92
2021;213;283;beauce_5_sa_085;solnu;;77.04;0.0;41.51;21.36;0.11;185.5;221.08;37.42;290.91;56.91;310.4;0.0;110.18;0.0;0.0
2021;284;365;beauce_5_sa_085;orgeh;orgeH_tousSols_nonirr_organique;36.53;0.07;134.8;3.72;0.0;38.57;293.75;56.91;310.4;56.91;310.4;98.76;189.36;0.0;544.68
2021;1;216;beauce_5_sa_086;orgeh;orgeH_tousSols_nonirr_organique;232.33;18.62;201.88;46.44;0.0;310.4;248.32;185.66;298.53;56.91;310.4;99.54;419.93;0.0;2714.7
2021;217;286;beauce_5_sa_086;solnu;;77.19;0.0;40.76;21.77;0.11;185.66;222.1;44.18;297.67;56.91;310.4;0.0;124.48;0.0;0.0
2021;287;365;beauce_5_sa_086;orgeh;orgeH_tousSols_nonirr_organique;34.17;0.04;134.88;3.0;0.0;52.58;293.0;56.91;310.4;56.91;310.4;98.73;173.0;0.0;508.55
2021;1;196;beauce_5_sa_087;orgeh;orgeH_tousSols_nonirr_organique;203.35;21.67;199.34;38.39;0.0;310.4;248.32;170.02;308.6;56.91;310.4;99.49;401.67;0.0;2262.13
2021;197;294;beauce_5_sa_087;solnu;;112.66;0.0;47.64;27.56;0.11;170.02;241.77;56.91;310.4;56.91;310.4;0.0;161.57;0.0;0.0
2021;295;365;beauce_5_sa_087;orgeh;orgeH_tousSols_nonirr_organique;27.41;0.01;127.8;1.13;0.0;56.91;281.19;56.91;310.4;56.91;310.4;98.59;154.17;0.0;414.62
2021;1;229;beauce_5_sa_088;orgeh;orgeH_tousSols_nonirr_organique;245.3;23.58;201.65;51.44;0.0;310.4;248.32;189.9;300.06;56.91;310.4;99.56;437.61;0.0;2714.85
2021;230;309;beauce_5_sa_088;solnu;;78.67;0.0;51.97;20.39;0.11;189.9;269.18;56.18;309.67;56.91;310.4;0.0;141.63;0.0;0.0
2021;310;365;beauce_5_sa_088;orgeh;orgeH_tousSols_nonirr_organique;19.43;0.0;119.28;0.9;0.0;56.91;302.9;56.91;310.4;56.91;310.4;98.21;138.17;0.0;281.2
2021;1;173;beauce_5_sa_089;orgeh;orgeH_tousSols_nonirr_organique;163.89;26.63;169.88;30.94;0.0;310.4;248.32;136.03;302.48;56.91;310.4;99.42;336.15;0.0;1698.87
2021;174;312;beauce_5_sa_089;solnu;;166.55;0.0;77.29;42.58;0.11;136.03;270.03;56.9;310.39;56.91;310.4;0.0;248.13;0.0;0.0
2021;313;365;beauce_5_sa_089;orgeh;orgeH_tousSols_nonirr_organique;17.37;0.0;118.26;0.82;0.0;56.91;289.55;56.91;310.4;56.91;310.4;98.11;133.12;0.0;250.29
2021;1;179;beauce_5_sa_090;orgeh;orgeH_tousSols_nonirr_organique;175.51;26.87;181.84;31.77;0.0;310.4;248.32;146.48;305.02;56.91;310.4;99.44;356.26;0.0;1864.54
2021;180;304;beauce_5_sa_090;solnu;;145.75;0.0;61.35;33.86;0.11;146.48;250.88;52.0;305.48;56.91;310.4;0.0;207.67;0.0;0.0
2021;305;365;beauce_5_sa_090;orgeh;orgeH_tousSols_nonirr_organique;22.0;0.0;126.55;1.19;0.0;51.69;282.57;56.91;310.4;56.91;310.4;98.36;153.48;0.0;337.19
2021;1;174;beauce_5_sa_091;orgeh;orgeH_tousSols_nonirr_organique;153.52;23.73;181.88;29.08;0.0;310.4;248.32;174.82;310.01;72.32;310.4;99.43;339.98;0.0;2295.04
2021;175;261;beauce_5_sa_091;solnu;;130.29;0.0;63.75;29.93;0.11;174.82;227.97;44.56;298.05;72.32;310.4;0.0;178.36;0.0;0.0
2021;262;365;beauce_5_sa_091;orgeh;orgeH_tousSols_nonirr_organique;46.32;0.77;139.62;5.26;0.0;44.19;302.19;75.3;310.4;72.32;310.4;99.02;199.07;0.0;872.56
2021;1;175;beauce_5_sa_092;orgeh;orgeH_tousSols_nonirr_organique;168.0;24.16;170.48;32.18;0.0;310.4;248.32;145.3;310.31;56.91;310.4;99.43;352.15;0.0;1725.24
2021;176;313;beauce_5_sa_092;solnu;;164.46;0.0;79.64;41.95;0.11;145.3;277.32;56.91;310.4;56.91;310.4;0.0;243.57;0.0;0.0
2021;314;365;beauce_5_sa_092;orgeh;orgeH_tousSols_nonirr_organique;16.71;0.0;116.41;0.8;0.0;56.91;284.78;56.91;310.4;56.91;310.4;98.08;121.69;0.0;239.91
2021;1;206;beauce_5_sa_093;orgeh;orgeH_tousSols_nonirr_organique;217.46;16.54;207.0;40.73;0.0;310.4;248.32;189.36;301.12;57.76;310.4;99.51;409.14;0.0;2725.53
2021;207;269;beauce_5_sa_093;solnu;;76.67;0.0;40.33;19.27;0.11;189.36;220.75;40.49;293.97;57.76;310.4;0.0;114.92;0.0;0.0
2021;270;365;beauce_5_sa_093;orgeh;orgeH_tousSols_nonirr_organique;44.74;0.32;136.81;4.82;0.0;44.49;292.06;61.37;310.4;57.76;310.4;98.92;193.35;0.0;750.66
2021;1;212;beauce_5_sa_094;orgeh;orgeH_tousSols_nonirr_organique;226.12;24.46;198.79;42.78;0.0;310.4;248.32;178.2;301.47;56.91;310.4;99.53;417.87;0.0;2538.98
2021;213;295;beauce_5_sa_094;solnu;;85.28;0.0;51.05;19.56;0.11;178.2;240.82;56.91;310.4;56.91;310.4;0.0;145.37;0.0;0.0
2021;296;365;beauce_5_sa_094;orgeh;orgeH_tousSols_nonirr_organique;26.99;0.0;127.18;1.05;0.0;55.52;288.63;56.91;310.4;56.91;310.4;98.57;154.17;0.0;409.08
2021;1;184;beauce_5_sa_095;orgeh;orgeH_tousSols_nonirr_organique;184.46;17.9;200.9;35.28;0.0;310.4;248.32;166.93;310.4;56.91;310.4;99.46;380.66;0.0;2173.89
2021;185;282;beauce_5_sa_095;solnu;;125.55;0.0;39.31;32.57;0.11;166.93;218.01;37.79;291.28;56.91;310.4;0.0;145.86;0.0;0.0
2021;283;365;beauce_5_sa_095;orgeh;orgeH_tousSols_nonirr_organique;37.06;0.08;134.62;3.68;0.0;37.16;292.79;56.91;310.4;56.91;310.4;98.77;190.89;0.0;557.21
2021;1;177;beauce_5_sa_096;orgeh;orgeH_tousSols_nonirr_organique;169.87;26.54;181.51;31.51;0.0;310.4;248.32;146.47;308.65;56.91;310.4;99.43;356.26;0.0;1781.54
2021;178;310;beauce_5_sa_096;solnu;;156.25;0.0;67.53;37.18;0.11;146.47;271.8;56.91;310.4;56.91;310.4;0.0;224.53;0.0;0.0
2021;311;365;beauce_5_sa_096;orgeh;orgeH_tousSols_nonirr_organique;18.96;0.0;119.21;0.84;0.0;56.91;284.48;56.91;310.4;56.91;310.4;98.18;136.62;0.0;269.65
2021;1;211;beauce_5_sa_097;orgeh;orgeH_tousSols_nonirr_organique;228.49;22.0;197.84;43.17;0.0;310.4;248.32;175.13;302.35;56.91;310.4;99.53;417.87;0.0;2404.92
2021;212;307;beauce_5_sa_097;solnu;;94.22;0.0;50.21;25.41;0.11;175.13;270.16;51.96;305.45;56.91;310.4;0.0;160.1;0.0;0.0
2021;308;365;beauce_5_sa_097;orgeh;orgeH_tousSols_nonirr_organique;21.06;0.0;126.05;1.14;0.0;56.91;287.75;56.91;310.4;56.91;310.4;98.28;139.44;0.0;298.48
2021;1;199;beauce_5_sa_098;orgeh;orgeH_tousSols_nonirr_organique;210.16;19.5;201.16;38.64;0.0;310.4;248.32;173.82;306.61;56.91;310.4;99.5;404.45;0.0;2359.26
2021;200;289;beauce_5_sa_098;solnu;;101.11;0.0;41.55;25.15;0.11;173.82;221.25;50.31;303.8;56.91;310.4;0.0;139.96;0.0;0.0
2021;290;365;beauce_5_sa_098;orgeh;orgeH_tousSols_nonirr_organique;31.43;0.03;134.94;2.6;0.0;49.15;281.63;56.91;310.4;56.91;310.4;98.68;173.0;0.0;479.74
2021;1;174;beauce_5_sa_099;orgeh;orgeH_tousSols_nonirr_organique;153.54;29.48;176.15;28.83;0.0;310.4;248.32;164.55;309.98;56.91;310.4;99.43;339.98;0.0;2123.72
2021;175;272;beauce_5_sa_099;solnu;;134.21;0.0;63.72;27.15;0.11;164.55;217.49;46.36;299.85;56.91;310.4;0.0;184.08;0.0;0.0
2021;273;365;beauce_5_sa_099;orgeh;orgeH_tousSols_nonirr_organique;40.72;0.19;141.89;3.87;0.0;45.51;296.48;56.91;310.4;56.91;310.4;98.92;193.35;0.0;709.19
