annee;jourDebut;jourFin;parcelle;couvert;itk;N_lixivie[kgN/ha];N_volatilise_NH3[kgN/ha];N_mineralise_net_SOM[kgN/ha];N_mineralise_net_residus[kgN/ha];N_acquis_couvert[kgN/ha];N_mineral_debut[kgN/ha];N_mineral_fin[kgN/ha];emissions_N2O_directes[kgN/ha];emissions_N2[kgN/ha];N_fixe_legumineuses[kgN/ha];satisfactionAzote_culture[%];satisfactionAzote_ci[%];delta_Corg[kgC/ha];emissions_N2O_denit[kgN-N2O/ha];emissions_N2O_nit[kgN-N2O/ha];emissions_N2O_indirectes_volat[kgN-N2O/ha];emissions_N2O_indirectes_lixiv[kgN-N2O/ha]
2019;213;297;beauce_5_sa_000;solnu;;0.0;0.0;21.95;0.0;0.0;35.0;56.94;0.01;0.0;0;0;0;-243.27;0.0;0.01;0.0;0.0
2019;298;365;beauce_5_sa_000;orgeh;orgeH_tousSols_nonirr_organique;0.24;0.0;11.19;0.0;7.14;57.09;60.66;0.08;0.0;0;3.57;0;-126.85;0.08;0.01;0.0;0.24
2019;213;287;beauce_5_sa_001;solnu;;0.0;0.0;20.36;0.0;0.0;35.0;55.34;0.01;0.0;0;0;0;-227.1;0.0;0.01;0.0;0.0
2019;288;365;beauce_5_sa_001;orgeh;orgeH_tousSols_nonirr_organique;0.27;0.0;12.82;0.0;17.28;55.45;50.54;0.07;0.0;0;8.64;0;-143.43;0.06;0.01;0.0;0.27
2019;213;291;beauce_5_sa_002;solnu;;0.0;0.0;20.83;0.0;0.0;35.0;55.82;0.01;0.0;0;0;0;-231.36;0.0;0.01;0.0;0.0
2019;292;365;beauce_5_sa_002;orgeh;orgeH_tousSols_nonirr_organique;0.27;0.0;12.34;0.0;12.04;56.06;55.77;0.08;0.0;0;6.02;0;-139.21;0.07;0.01;0.0;0.27
2019;213;304;beauce_5_sa_003;solnu;;0.0;0.0;23.09;0.0;0.0;35.0;58.07;0.01;0.0;0;0;0;-256.64;0.0;0.01;0.0;0.0
2019;305;365;beauce_5_sa_003;orgeh;orgeH_tousSols_nonirr_organique;0.26;0.0;10.09;0.0;4.92;58.2;62.89;0.08;0.0;0;2.46;0;-113.9;0.08;0.01;0.0;0.26
2019;213;291;beauce_5_sa_004;solnu;;0.0;0.0;20.83;0.0;0.0;35.0;55.82;0.01;0.0;0;0;0;-231.36;0.0;0.01;0.0;0.0
2019;292;365;beauce_5_sa_004;orgeh;orgeH_tousSols_nonirr_organique;0.27;0.0;12.34;0.0;12.04;56.06;55.77;0.08;0.0;0;6.02;0;-139.21;0.07;0.01;0.0;0.27
2019;213;312;beauce_5_sa_005;solnu;;0.0;0.0;24.69;0.0;0.0;35.0;59.66;0.03;0.0;0;0;0;-274.05;0.02;0.01;0.0;0.0
2019;313;365;beauce_5_sa_005;orgeh;orgeH_tousSols_nonirr_organique;0.26;0.0;8.48;0.0;3.33;59.91;64.48;0.07;0.0;0;1.66;0;-96.47;0.06;0.01;0.0;0.26
2019;213;261;beauce_5_sa_006;solnu;;0.0;0.0;16.13;0.0;0.0;35.0;51.12;0.01;0.0;0;0;0;-178.38;0.0;0.01;0.0;0.0
2019;262;365;beauce_5_sa_006;orgeh;orgeH_tousSols_nonirr_organique;0.33;0.0;17.06;0.0;45.62;51.31;22.19;0.03;0.0;0;22.81;0;-192.25;0.01;0.01;0.0;0.33
2019;213;306;beauce_5_sa_007;solnu;;0.0;0.0;23.4;0.0;0.0;35.0;58.38;0.02;0.0;0;0;0;-260.05;0.0;0.01;0.0;0.0
2019;307;365;beauce_5_sa_007;orgeh;orgeH_tousSols_nonirr_organique;0.27;0.0;9.78;0.0;4.5;58.73;63.3;0.08;0.0;0;2.25;0;-110.5;0.07;0.01;0.0;0.27
2019;213;256;beauce_5_sa_008;solnu;;0.0;0.0;15.41;0.0;0.0;35.0;50.4;0.01;0.0;0;0;0;-171.39;0.0;0.01;0.0;0.0
2019;257;365;beauce_5_sa_008;orgeh;orgeH_tousSols_nonirr_organique;0.33;0.0;17.73;0.0;49.97;50.52;17.81;0.02;0.0;0;24.99;0;-198.83;0.01;0.01;0.0;0.33
2019;213;294;beauce_5_sa_009;solnu;;0.0;0.0;21.41;0.0;0.0;35.0;56.39;0.01;0.0;0;0;0;-238.03;0.0;0.01;0.0;0.0
2019;295;365;beauce_5_sa_009;orgeh;orgeH_tousSols_nonirr_organique;0.27;0.0;11.77;0.0;8.74;56.55;59.07;0.08;0.0;0;4.37;0;-132.53;0.08;0.01;0.0;0.27
2019;213;293;beauce_5_sa_010;solnu;;0.0;0.0;21.25;0.0;0.0;35.0;56.24;0.01;0.0;0;0;0;-235.98;0.0;0.01;0.0;0.0
2019;294;365;beauce_5_sa_010;orgeh;orgeH_tousSols_nonirr_organique;0.27;0.0;11.92;0.0;9.37;56.39;58.44;0.08;0.0;0;4.69;0;-134.57;0.07;0.01;0.0;0.27
2019;213;293;beauce_5_sa_011;solnu;;0.0;0.0;21.25;0.0;0.0;35.0;56.24;0.01;0.0;0;0;0;-235.98;0.0;0.01;0.0;0.0
2019;294;365;beauce_5_sa_011;orgeh;orgeH_tousSols_nonirr_organique;0.27;0.0;11.92;0.0;9.37;56.39;58.44;0.08;0.0;0;4.69;0;-134.57;0.07;0.01;0.0;0.27
2019;213;266;beauce_5_sa_012;solnu;;0.0;0.0;17.15;0.0;0.0;35.0;52.14;0.01;0.0;0;0;0;-190.14;0.0;0.01;0.0;0.0
2019;267;365;beauce_5_sa_012;orgeh;orgeH_tousSols_nonirr_organique;0.35;0.0;16.03;0.0;38.59;52.48;29.19;0.04;0.0;0;19.3;0;-180.45;0.03;0.01;0.0;0.35
2019;213;314;beauce_5_sa_013;solnu;;0.0;0.0;25.19;0.0;0.0;35.0;60.15;0.04;0.0;0;0;0;-279.27;0.02;0.02;0.0;0.0
2019;315;365;beauce_5_sa_013;orgeh;orgeH_tousSols_nonirr_organique;0.26;0.0;7.98;0.0;2.83;60.37;64.98;0.06;0.0;0;1.41;0;-91.23;0.06;0.0;0.0;0.26
2019;213;277;beauce_5_sa_014;solnu;;0.0;0.0;19.26;0.0;0.0;35.0;54.25;0.01;0.0;0;0;0;-213.53;0.0;0.01;0.0;0.0
2019;278;365;beauce_5_sa_014;orgeh;orgeH_tousSols_nonirr_organique;0.3;0.0;13.92;0.0;25.49;54.35;42.32;0.06;0.0;0;12.75;0;-157.11;0.05;0.01;0.0;0.3
2019;213;293;beauce_5_sa_015;solnu;;0.0;0.0;21.25;0.0;0.0;35.0;56.24;0.01;0.0;0;0;0;-236.0;0.0;0.01;0.0;0.0
2019;294;365;beauce_5_sa_015;orgeh;orgeH_tousSols_nonirr_organique;0.27;0.0;11.92;0.0;9.37;56.4;58.44;0.08;0.0;0;4.69;0;-134.56;0.07;0.01;0.0;0.27
2019;213;297;beauce_5_sa_016;solnu;;0.0;0.0;21.98;0.0;0.0;35.0;56.97;0.01;0.0;0;0;0;-243.58;0.0;0.01;0.0;0.0
2019;298;365;beauce_5_sa_016;orgeh;orgeH_tousSols_nonirr_organique;0.27;0.0;11.2;0.0;7.14;57.12;60.67;0.08;0.0;0;3.57;0;-126.98;0.08;0.01;0.0;0.27
2019;213;287;beauce_5_sa_017;solnu;;0.0;0.0;20.36;0.0;0.0;35.0;55.34;0.01;0.0;0;0;0;-227.11;0.0;0.01;0.0;0.0
2019;288;365;beauce_5_sa_017;orgeh;orgeH_tousSols_nonirr_organique;0.28;0.0;12.82;0.0;17.33;55.45;50.49;0.07;0.0;0;8.66;0;-143.47;0.06;0.01;0.0;0.28
2019;213;273;beauce_5_sa_018;solnu;;0.0;0.0;18.68;0.0;0.0;35.0;53.67;0.01;0.0;0;0;0;-207.21;0.0;0.01;0.0;0.0
2019;274;365;beauce_5_sa_018;orgeh;orgeH_tousSols_nonirr_organique;0.31;0.0;14.5;0.0;30.2;53.83;37.61;0.05;0.0;0;15.1;0;-163.42;0.05;0.01;0.0;0.31
2019;213;293;beauce_5_sa_019;solnu;;0.0;0.0;21.25;0.0;0.0;35.0;56.24;0.01;0.0;0;0;0;-235.98;0.0;0.01;0.0;0.0
2019;294;365;beauce_5_sa_019;orgeh;orgeH_tousSols_nonirr_organique;0.27;0.0;11.92;0.0;9.37;56.39;58.44;0.08;0.0;0;4.69;0;-134.57;0.07;0.01;0.0;0.27
2019;213;273;beauce_5_sa_020;solnu;;0.0;0.0;18.68;0.0;0.0;35.0;53.67;0.01;0.0;0;0;0;-207.21;0.0;0.01;0.0;0.0
2019;274;365;beauce_5_sa_020;orgeh;orgeH_tousSols_nonirr_organique;0.31;0.0;14.5;0.0;30.2;53.83;37.61;0.05;0.0;0;15.1;0;-163.42;0.05;0.01;0.0;0.31
2019;213;286;beauce_5_sa_021;solnu;;0.0;0.0;20.34;0.0;0.0;35.0;55.33;0.01;0.0;0;0;0;-225.95;0.0;0.01;0.0;0.0
2019;287;365;beauce_5_sa_021;orgeh;orgeH_tousSols_nonirr_organique;0.31;0.0;12.93;0.0;16.99;55.41;50.89;0.07;0.0;0;8.49;0;-145.73;0.07;0.01;0.0;0.31
2019;213;315;beauce_5_sa_022;solnu;;0.0;0.0;25.41;0.0;0.0;35.0;60.37;0.04;0.0;0;0;0;-282.16;0.02;0.02;0.0;0.0
2019;316;365;beauce_5_sa_022;orgeh;orgeH_tousSols_nonirr_organique;0.27;0.0;7.77;0.0;2.68;60.52;65.12;0.06;0.0;0;1.34;0;-88.39;0.06;0.0;0.0;0.27
2019;213;310;beauce_5_sa_023;solnu;;0.0;0.0;24.2;0.0;0.0;35.0;59.17;0.03;0.0;0;0;0;-268.93;0.01;0.01;0.0;0.0
2019;311;365;beauce_5_sa_023;orgeh;orgeH_tousSols_nonirr_organique;0.26;0.0;8.97;0.0;3.78;59.43;64.03;0.07;0.0;0;1.89;0;-101.53;0.07;0.01;0.0;0.26
2019;213;278;beauce_5_sa_024;solnu;;0.0;0.0;19.36;0.0;0.0;35.0;54.35;0.01;0.0;0;0;0;-215.7;0.0;0.01;0.0;0.0
2019;279;365;beauce_5_sa_024;orgeh;orgeH_tousSols_nonirr_organique;0.3;0.0;13.82;0.0;24.39;54.44;43.42;0.06;0.0;0;12.19;0;-154.92;0.05;0.01;0.0;0.3
2019;213;291;beauce_5_sa_025;solnu;;0.0;0.0;20.83;0.0;0.0;35.0;55.82;0.01;0.0;0;0;0;-231.36;0.0;0.01;0.0;0.0
2019;292;365;beauce_5_sa_025;orgeh;orgeH_tousSols_nonirr_organique;0.27;0.0;12.34;0.0;12.04;56.06;55.77;0.08;0.0;0;6.02;0;-139.21;0.07;0.01;0.0;0.27
2019;213;315;beauce_5_sa_026;solnu;;0.0;0.0;25.41;0.0;0.0;35.0;60.37;0.04;0.0;0;0;0;-282.16;0.02;0.02;0.0;0.0
2019;316;365;beauce_5_sa_026;orgeh;orgeH_tousSols_nonirr_organique;0.27;0.0;7.77;0.0;2.68;60.52;65.12;0.06;0.0;0;1.34;0;-88.39;0.06;0.0;0.0;0.27
2019;213;309;beauce_5_sa_027;solnu;;0.0;0.0;24.01;0.0;0.0;35.0;58.99;0.03;0.0;0;0;0;-267.65;0.01;0.01;0.0;0.0
2019;310;365;beauce_5_sa_027;orgeh;orgeH_tousSols_nonirr_organique;0.26;0.0;9.16;0.0;4.07;59.17;63.74;0.07;0.0;0;2.04;0;-102.83;0.07;0.01;0.0;0.26
2019;213;313;beauce_5_sa_028;solnu;;0.0;0.0;24.94;0.0;0.0;35.0;59.91;0.03;0.0;0;0;0;-276.6;0.02;0.01;0.0;0.0
2019;314;365;beauce_5_sa_028;orgeh;orgeH_tousSols_nonirr_organique;0.27;0.0;8.24;0.0;3.0;60.16;64.81;0.07;0.0;0;1.5;0;-93.95;0.06;0.0;0.0;0.27
2019;213;294;beauce_5_sa_029;solnu;;0.0;0.0;21.41;0.0;0.0;35.0;56.39;0.01;0.0;0;0;0;-238.03;0.0;0.01;0.0;0.0
2019;295;365;beauce_5_sa_029;orgeh;orgeH_tousSols_nonirr_organique;0.27;0.0;11.77;0.0;8.74;56.55;59.07;0.08;0.0;0;4.37;0;-132.53;0.08;0.01;0.0;0.27
2019;213;300;beauce_5_sa_030;solnu;;0.0;0.0;22.4;0.0;0.0;35.0;57.39;0.01;0.0;0;0;0;-248.85;0.0;0.01;0.0;0.0
2019;301;365;beauce_5_sa_030;orgeh;orgeH_tousSols_nonirr_organique;0.23;0.0;10.72;0.0;5.61;57.56;62.18;0.08;0.0;0;2.8;0;-121.11;0.08;0.01;0.0;0.23
2019;213;290;beauce_5_sa_031;solnu;;0.0;0.0;20.64;0.0;0.0;35.0;55.62;0.01;0.0;0;0;0;-230.05;0.0;0.01;0.0;0.0
2019;291;365;beauce_5_sa_031;orgeh;orgeH_tousSols_nonirr_organique;0.26;0.0;12.51;0.0;12.89;55.8;54.9;0.08;0.0;0;6.44;0;-140.14;0.07;0.01;0.0;0.26
2019;213;260;beauce_5_sa_032;solnu;;0.0;0.0;15.93;0.0;0.0;35.0;50.92;0.01;0.0;0;0;0;-177.1;0.0;0.01;0.0;0.0
2019;261;365;beauce_5_sa_032;orgeh;orgeH_tousSols_nonirr_organique;0.34;0.0;17.38;0.0;47.25;51.12;20.68;0.02;0.0;0;23.62;0;-194.92;0.01;0.01;0.0;0.34
2019;213;266;beauce_5_sa_033;solnu;;0.0;0.0;17.15;0.0;0.0;35.0;52.14;0.01;0.0;0;0;0;-190.14;0.0;0.01;0.0;0.0
2019;267;365;beauce_5_sa_033;orgeh;orgeH_tousSols_nonirr_organique;0.35;0.0;16.01;0.0;37.28;52.48;30.48;0.04;0.0;0;18.64;0;-180.22;0.03;0.01;0.0;0.35
2019;213;305;beauce_5_sa_034;solnu;;0.0;0.0;23.22;0.0;0.0;35.0;58.2;0.01;0.0;0;0;0;-258.57;0.0;0.01;0.0;0.0
2019;306;365;beauce_5_sa_034;orgeh;orgeH_tousSols_nonirr_organique;0.27;0.0;9.96;0.0;4.79;58.38;63.02;0.08;0.0;0;2.39;0;-111.97;0.08;0.01;0.0;0.27
2019;213;285;beauce_5_sa_035;solnu;;0.0;0.0;20.09;0.0;0.0;35.0;55.08;0.01;0.0;0;0;0;-223.99;0.0;0.01;0.0;0.0
2019;286;365;beauce_5_sa_035;orgeh;orgeH_tousSols_nonirr_organique;0.26;0.0;13.04;0.0;18.54;55.24;49.25;0.07;0.0;0;9.27;0;-146.04;0.06;0.01;0.0;0.26
2019;213;286;beauce_5_sa_036;solnu;;0.0;0.0;20.28;0.0;0.0;35.0;55.27;0.01;0.0;0;0;0;-225.27;0.0;0.01;0.0;0.0
2019;287;365;beauce_5_sa_036;orgeh;orgeH_tousSols_nonirr_organique;0.28;0.0;12.9;0.0;18.08;55.34;49.74;0.07;0.0;0;9.04;0;-145.32;0.06;0.01;0.0;0.28
2019;213;303;beauce_5_sa_037;solnu;;0.0;0.0;22.91;0.0;0.0;35.0;57.9;0.01;0.0;0;0;0;-254.89;0.0;0.01;0.0;0.0
2019;304;365;beauce_5_sa_037;orgeh;orgeH_tousSols_nonirr_organique;0.27;0.0;10.26;0.0;4.92;58.07;62.89;0.08;0.0;0;2.46;0;-115.66;0.08;0.01;0.0;0.27
2019;213;305;beauce_5_sa_038;solnu;;0.0;0.0;23.18;0.0;0.0;35.0;58.17;0.01;0.0;0;0;0;-258.14;0.0;0.01;0.0;0.0
2019;306;365;beauce_5_sa_038;orgeh;orgeH_tousSols_nonirr_organique;0.24;0.0;9.96;0.0;4.79;58.34;63.01;0.08;0.0;0;2.39;0;-111.97;0.08;0.01;0.0;0.24
2019;213;287;beauce_5_sa_039;solnu;;0.0;0.0;20.36;0.0;0.0;35.0;55.34;0.01;0.0;0;0;0;-227.1;0.0;0.01;0.0;0.0
2019;288;365;beauce_5_sa_039;orgeh;orgeH_tousSols_nonirr_organique;0.27;0.0;12.82;0.0;17.24;55.45;50.57;0.07;0.0;0;8.62;0;-143.41;0.06;0.01;0.0;0.27
2019;213;259;beauce_5_sa_040;solnu;;0.0;0.0;15.81;0.0;0.0;35.0;50.8;0.01;0.0;0;0;0;-175.7;0.0;0.01;0.0;0.0
2019;260;365;beauce_5_sa_040;orgeh;orgeH_tousSols_nonirr_organique;0.33;0.0;17.37;0.0;48.09;50.92;19.73;0.02;0.0;0;24.05;0;-194.98;0.01;0.01;0.0;0.33
2019;213;297;beauce_5_sa_041;solnu;;0.0;0.0;21.98;0.0;0.0;35.0;56.97;0.01;0.0;0;0;0;-243.58;0.0;0.01;0.0;0.0
2019;298;365;beauce_5_sa_041;orgeh;orgeH_tousSols_nonirr_organique;0.27;0.0;11.2;0.0;7.14;57.12;60.67;0.08;0.0;0;3.57;0;-126.98;0.08;0.01;0.0;0.27
2019;213;283;beauce_5_sa_042;solnu;;0.0;0.0;19.94;0.0;0.0;35.0;54.93;0.01;0.0;0;0;0;-221.26;0.0;0.01;0.0;0.0
2019;284;365;beauce_5_sa_042;orgeh;orgeH_tousSols_nonirr_organique;0.28;0.0;13.24;0.0;20.57;55.01;47.25;0.07;0.0;0;10.28;0;-149.33;0.06;0.01;0.0;0.28
2019;213;292;beauce_5_sa_043;solnu;;0.0;0.0;21.04;0.0;0.0;35.0;56.03;0.01;0.0;0;0;0;-233.0;0.0;0.01;0.0;0.0
2019;293;365;beauce_5_sa_043;orgeh;orgeH_tousSols_nonirr_organique;0.25;0.0;12.09;0.0;10.71;56.21;57.08;0.08;0.0;0;5.36;0;-137.04;0.07;0.01;0.0;0.25
2019;213;291;beauce_5_sa_044;solnu;;0.0;0.0;20.83;0.0;0.0;35.0;55.82;0.01;0.0;0;0;0;-231.36;0.0;0.01;0.0;0.0
2019;292;365;beauce_5_sa_044;orgeh;orgeH_tousSols_nonirr_organique;0.27;0.0;12.34;0.0;12.04;56.06;55.77;0.08;0.0;0;6.02;0;-139.21;0.07;0.01;0.0;0.27
2019;213;314;beauce_5_sa_045;solnu;;0.0;0.0;25.19;0.0;0.0;35.0;60.16;0.04;0.0;0;0;0;-279.33;0.02;0.02;0.0;0.0
2019;315;365;beauce_5_sa_045;orgeh;orgeH_tousSols_nonirr_organique;0.27;0.0;7.98;0.0;2.83;60.37;64.98;0.06;0.0;0;1.41;0;-91.23;0.06;0.0;0.0;0.27
2019;213;281;beauce_5_sa_046;solnu;;0.0;0.0;19.68;0.0;0.0;35.0;54.67;0.01;0.0;0;0;0;-219.67;0.0;0.01;0.0;0.0
2019;282;365;beauce_5_sa_046;orgeh;orgeH_tousSols_nonirr_organique;0.29;0.0;13.5;0.0;22.26;54.74;45.55;0.07;0.0;0;11.13;0;-150.94;0.06;0.01;0.0;0.29
2019;213;303;beauce_5_sa_047;solnu;;0.0;0.0;22.91;0.0;0.0;35.0;57.9;0.01;0.0;0;0;0;-254.89;0.0;0.01;0.0;0.0
2019;304;365;beauce_5_sa_047;orgeh;orgeH_tousSols_nonirr_organique;0.26;0.0;10.26;0.0;4.92;58.07;62.89;0.08;0.0;0;2.46;0;-115.65;0.08;0.01;0.0;0.26
2019;213;259;beauce_5_sa_048;solnu;;0.0;0.0;15.81;0.0;0.0;35.0;50.8;0.01;0.0;0;0;0;-175.7;0.0;0.01;0.0;0.0
2019;260;365;beauce_5_sa_048;orgeh;orgeH_tousSols_nonirr_organique;0.33;0.0;17.36;0.0;47.2;50.92;20.61;0.02;0.0;0;23.6;0;-194.83;0.01;0.01;0.0;0.33
2019;213;259;beauce_5_sa_049;solnu;;0.0;0.0;15.81;0.0;0.0;35.0;50.8;0.01;0.0;0;0;0;-175.7;0.0;0.01;0.0;0.0
2019;260;365;beauce_5_sa_049;orgeh;orgeH_tousSols_nonirr_organique;0.33;0.0;17.37;0.0;48.09;50.92;19.73;0.02;0.0;0;24.05;0;-194.98;0.01;0.01;0.0;0.33
2019;213;278;beauce_5_sa_050;solnu;;0.0;0.0;19.36;0.0;0.0;35.0;54.35;0.01;0.0;0;0;0;-215.7;0.0;0.01;0.0;0.0
2019;279;365;beauce_5_sa_050;orgeh;orgeH_tousSols_nonirr_organique;0.3;0.0;13.82;0.0;24.39;54.44;43.42;0.06;0.0;0;12.19;0;-154.92;0.05;0.01;0.0;0.3
2019;213;287;beauce_5_sa_051;solnu;;0.0;0.0;20.34;0.0;0.0;35.0;55.33;0.01;0.0;0;0;0;-226.98;0.0;0.01;0.0;0.0
2019;288;365;beauce_5_sa_051;orgeh;orgeH_tousSols_nonirr_organique;0.25;0.0;12.8;0.0;17.12;55.44;50.68;0.07;0.0;0;8.56;0;-143.23;0.06;0.01;0.0;0.25
2019;213;266;beauce_5_sa_052;solnu;;0.0;0.0;17.15;0.0;0.0;35.0;52.14;0.01;0.0;0;0;0;-190.14;0.0;0.01;0.0;0.0
2019;267;365;beauce_5_sa_052;orgeh;orgeH_tousSols_nonirr_organique;0.35;0.0;16.03;0.0;38.59;52.48;29.19;0.04;0.0;0;19.3;0;-180.45;0.03;0.01;0.0;0.35
2019;213;311;beauce_5_sa_053;solnu;;0.0;0.0;24.47;0.0;0.0;35.0;59.44;0.03;0.0;0;0;0;-271.06;0.02;0.01;0.0;0.0
2019;312;365;beauce_5_sa_053;orgeh;orgeH_tousSols_nonirr_organique;0.27;0.0;8.7;0.0;3.51;59.66;64.3;0.07;0.0;0;1.76;0;-99.46;0.06;0.01;0.0;0.27
2019;213;277;beauce_5_sa_054;solnu;;0.0;0.0;19.24;0.0;0.0;35.0;54.23;0.01;0.0;0;0;0;-213.37;0.0;0.01;0.0;0.0
2019;278;365;beauce_5_sa_054;orgeh;orgeH_tousSols_nonirr_organique;0.29;0.0;13.9;0.0;24.43;54.33;43.35;0.06;0.0;0;12.22;0;-156.82;0.05;0.01;0.0;0.29
2019;213;301;beauce_5_sa_055;solnu;;0.0;0.0;22.62;0.0;0.0;35.0;57.61;0.01;0.0;0;0;0;-251.45;0.0;0.01;0.0;0.0
2019;302;365;beauce_5_sa_055;orgeh;orgeH_tousSols_nonirr_organique;0.27;0.0;10.55;0.0;5.47;57.74;62.34;0.08;0.0;0;2.73;0;-119.1;0.08;0.01;0.0;0.27
2019;213;312;beauce_5_sa_056;solnu;;0.0;0.0;24.69;0.0;0.0;35.0;59.66;0.03;0.0;0;0;0;-274.03;0.02;0.01;0.0;0.0
2019;313;365;beauce_5_sa_056;orgeh;orgeH_tousSols_nonirr_organique;0.26;0.0;8.48;0.0;3.33;59.9;64.48;0.07;0.0;0;1.66;0;-96.47;0.06;0.01;0.0;0.26
2019;213;316;beauce_5_sa_057;solnu;;0.0;0.0;25.56;0.0;0.0;35.0;60.52;0.04;0.0;0;0;0;-284.58;0.02;0.02;0.0;0.0
2019;317;365;beauce_5_sa_057;orgeh;orgeH_tousSols_nonirr_organique;0.27;0.0;7.61;0.0;2.32;60.87;65.48;0.06;0.0;0;1.16;0;-85.96;0.06;0.0;0.0;0.27
2019;213;279;beauce_5_sa_058;solnu;;0.0;0.0;19.49;0.0;0.0;35.0;54.47;0.01;0.0;0;0;0;-217.2;0.0;0.01;0.0;0.0
2019;280;365;beauce_5_sa_058;orgeh;orgeH_tousSols_nonirr_organique;0.3;0.0;13.73;0.0;22.99;54.64;44.85;0.07;0.0;0;11.5;0;-153.81;0.06;0.01;0.0;0.3
2019;213;313;beauce_5_sa_059;solnu;;0.0;0.0;24.93;0.0;0.0;35.0;59.9;0.03;0.0;0;0;0;-276.52;0.02;0.01;0.0;0.0
2019;314;365;beauce_5_sa_059;orgeh;orgeH_tousSols_nonirr_organique;0.26;0.0;8.24;0.0;3.0;60.15;64.81;0.07;0.0;0;1.5;0;-93.95;0.06;0.0;0.0;0.26
2019;213;306;beauce_5_sa_060;solnu;;0.0;0.0;23.4;0.0;0.0;35.0;58.38;0.02;0.0;0;0;0;-260.05;0.0;0.01;0.0;0.0
2019;307;365;beauce_5_sa_060;orgeh;orgeH_tousSols_nonirr_organique;0.27;0.0;9.78;0.0;4.5;58.73;63.3;0.08;0.0;0;2.25;0;-110.5;0.07;0.01;0.0;0.27
2019;213;307;beauce_5_sa_061;solnu;;0.0;0.0;23.76;0.0;0.0;35.0;58.73;0.02;0.0;0;0;0;-262.07;0.01;0.01;0.0;0.0
2019;308;365;beauce_5_sa_061;orgeh;orgeH_tousSols_nonirr_organique;0.27;0.0;9.42;0.0;4.32;58.88;63.49;0.07;0.0;0;2.16;0;-108.48;0.07;0.01;0.0;0.27
2019;213;285;beauce_5_sa_062;solnu;;0.0;0.0;20.11;0.0;0.0;35.0;55.1;0.01;0.0;0;0;0;-224.25;0.0;0.01;0.0;0.0
2019;286;365;beauce_5_sa_062;orgeh;orgeH_tousSols_nonirr_organique;0.28;0.0;13.06;0.0;18.92;55.27;48.89;0.07;0.0;0;9.46;0;-146.33;0.06;0.01;0.0;0.28
2019;213;264;beauce_5_sa_063;solnu;;0.0;0.0;16.76;0.0;0.0;35.0;51.75;0.01;0.0;0;0;0;-186.17;0.0;0.01;0.0;0.0
2019;265;365;beauce_5_sa_063;orgeh;orgeH_tousSols_nonirr_organique;0.34;0.0;16.42;0.0;40.74;51.97;27.05;0.04;0.0;0;20.37;0;-184.36;0.03;0.01;0.0;0.34
2019;213;263;beauce_5_sa_064;solnu;;0.0;0.0;16.62;0.0;0.0;35.0;51.61;0.01;0.0;0;0;0;-182.73;0.0;0.01;0.0;0.0
2019;264;365;beauce_5_sa_064;orgeh;orgeH_tousSols_nonirr_organique;0.34;0.0;16.57;0.0;42.17;51.75;25.64;0.03;0.0;0;21.08;0;-187.97;0.02;0.01;0.0;0.34
2019;213;262;beauce_5_sa_065;solnu;;0.0;0.0;16.37;0.0;0.0;35.0;51.36;0.01;0.0;0;0;0;-181.22;0.0;0.01;0.0;0.0
2019;263;365;beauce_5_sa_065;orgeh;orgeH_tousSols_nonirr_organique;0.33;0.0;16.87;0.0;42.36;51.67;25.5;0.03;0.0;0;21.18;0;-190.09;0.02;0.01;0.0;0.33
2019;213;303;beauce_5_sa_066;solnu;;0.0;0.0;22.91;0.0;0.0;35.0;57.9;0.01;0.0;0;0;0;-254.89;0.0;0.01;0.0;0.0
2019;304;365;beauce_5_sa_066;orgeh;orgeH_tousSols_nonirr_organique;0.27;0.0;10.26;0.0;4.92;58.07;62.89;0.08;0.0;0;2.46;0;-115.66;0.08;0.01;0.0;0.27
2019;213;295;beauce_5_sa_067;solnu;;0.0;0.0;21.57;0.0;0.0;35.0;56.55;0.01;0.0;0;0;0;-239.76;0.0;0.01;0.0;0.0
2019;296;365;beauce_5_sa_067;orgeh;orgeH_tousSols_nonirr_organique;0.27;0.0;11.61;0.0;8.32;56.73;59.49;0.08;0.0;0;4.16;0;-130.8;0.08;0.01;0.0;0.27
2019;213;259;beauce_5_sa_068;solnu;;0.0;0.0;15.81;0.0;0.0;35.0;50.8;0.01;0.0;0;0;0;-175.7;0.0;0.01;0.0;0.0
2019;260;365;beauce_5_sa_068;orgeh;orgeH_tousSols_nonirr_organique;0.33;0.0;17.37;0.0;48.09;50.92;19.73;0.02;0.0;0;24.05;0;-194.98;0.01;0.01;0.0;0.33
2019;213;294;beauce_5_sa_069;solnu;;0.0;0.0;21.41;0.0;0.0;35.0;56.39;0.01;0.0;0;0;0;-238.03;0.0;0.01;0.0;0.0
2019;295;365;beauce_5_sa_069;orgeh;orgeH_tousSols_nonirr_organique;0.27;0.0;11.77;0.0;8.74;56.55;59.07;0.08;0.0;0;4.37;0;-132.53;0.08;0.01;0.0;0.27
2019;213;299;beauce_5_sa_070;solnu;;0.0;0.0;22.26;0.0;0.0;35.0;57.25;0.01;0.0;0;0;0;-247.88;0.0;0.01;0.0;0.0
2019;300;365;beauce_5_sa_070;orgeh;orgeH_tousSols_nonirr_organique;0.26;0.0;10.91;0.0;6.08;57.44;61.74;0.08;0.0;0;3.04;0;-122.65;0.08;0.01;0.0;0.26
2019;213;281;beauce_5_sa_071;solnu;;0.0;0.0;19.68;0.0;0.0;35.0;54.67;0.01;0.0;0;0;0;-219.67;0.0;0.01;0.0;0.0
2019;282;365;beauce_5_sa_071;orgeh;orgeH_tousSols_nonirr_organique;0.29;0.0;13.5;0.0;22.26;54.74;45.55;0.07;0.0;0;11.13;0;-150.94;0.06;0.01;0.0;0.29
2019;213;310;beauce_5_sa_072;solnu;;0.0;0.0;24.2;0.0;0.0;35.0;59.17;0.03;0.0;0;0;0;-268.96;0.01;0.01;0.0;0.0
2019;311;365;beauce_5_sa_072;orgeh;orgeH_tousSols_nonirr_organique;0.26;0.0;8.97;0.0;3.78;59.44;64.03;0.07;0.0;0;1.89;0;-101.53;0.07;0.01;0.0;0.26
2019;213;270;beauce_5_sa_073;solnu;;0.0;0.0;18.11;0.0;0.0;35.0;53.1;0.01;0.0;0;0;0;-200.5;0.0;0.01;0.0;0.0
2019;271;365;beauce_5_sa_073;orgeh;orgeH_tousSols_nonirr_organique;0.36;0.0;15.0;0.0;31.31;53.31;36.38;0.05;0.0;0;15.66;0;-169.35;0.04;0.01;0.0;0.36
2019;213;299;beauce_5_sa_074;solnu;;0.0;0.0;22.26;0.0;0.0;35.0;57.24;0.01;0.0;0;0;0;-247.8;0.0;0.01;0.0;0.0
2019;300;365;beauce_5_sa_074;orgeh;orgeH_tousSols_nonirr_organique;0.25;0.0;10.91;0.0;6.08;57.43;61.73;0.08;0.0;0;3.04;0;-122.62;0.08;0.01;0.0;0.25
2019;213;295;beauce_5_sa_075;solnu;;0.0;0.0;21.57;0.0;0.0;35.0;56.55;0.01;0.0;0;0;0;-239.76;0.0;0.01;0.0;0.0
2019;296;365;beauce_5_sa_075;orgeh;orgeH_tousSols_nonirr_organique;0.27;0.0;11.61;0.0;8.32;56.73;59.49;0.08;0.0;0;4.16;0;-130.8;0.08;0.01;0.0;0.27
2019;213;289;beauce_5_sa_076;solnu;;0.0;0.0;20.56;0.0;0.0;35.0;55.55;0.01;0.0;0;0;0;-229.21;0.0;0.01;0.0;0.0
2019;290;365;beauce_5_sa_076;orgeh;orgeH_tousSols_nonirr_organique;0.28;0.0;12.62;0.0;14.62;55.64;53.19;0.08;0.0;0;7.31;0;-141.41;0.07;0.01;0.0;0.28
2019;213;311;beauce_5_sa_077;solnu;;0.0;0.0;24.46;0.0;0.0;35.0;59.43;0.03;0.0;0;0;0;-271.01;0.02;0.01;0.0;0.0
2019;312;365;beauce_5_sa_077;orgeh;orgeH_tousSols_nonirr_organique;0.26;0.0;8.7;0.0;3.51;59.66;64.3;0.07;0.0;0;1.76;0;-99.46;0.06;0.01;0.0;0.26
2019;213;270;beauce_5_sa_078;solnu;;0.0;0.0;18.13;0.0;0.0;35.0;53.12;0.01;0.0;0;0;0;-200.72;0.0;0.01;0.0;0.0
2019;271;365;beauce_5_sa_078;orgeh;orgeH_tousSols_nonirr_organique;0.36;0.0;15.05;0.0;33.35;53.33;34.41;0.05;0.0;0;16.68;0;-169.94;0.04;0.01;0.0;0.36
2019;213;295;beauce_5_sa_079;solnu;;0.0;0.0;21.57;0.0;0.0;35.0;56.55;0.01;0.0;0;0;0;-239.76;0.0;0.01;0.0;0.0
2019;296;365;beauce_5_sa_079;orgeh;orgeH_tousSols_nonirr_organique;0.27;0.0;11.61;0.0;8.32;56.74;59.49;0.08;0.0;0;4.16;0;-130.83;0.08;0.01;0.0;0.27
2019;213;266;beauce_5_sa_080;solnu;;0.0;0.0;17.15;0.0;0.0;35.0;52.14;0.01;0.0;0;0;0;-190.14;0.0;0.01;0.0;0.0
2019;267;365;beauce_5_sa_080;orgeh;orgeH_tousSols_nonirr_organique;0.35;0.0;16.03;0.0;38.59;52.48;29.19;0.04;0.0;0;19.3;0;-180.45;0.03;0.01;0.0;0.35
2019;213;260;beauce_5_sa_081;solnu;;0.0;0.0;15.93;0.0;0.0;35.0;50.92;0.01;0.0;0;0;0;-177.11;0.0;0.01;0.0;0.0
2019;261;365;beauce_5_sa_081;orgeh;orgeH_tousSols_nonirr_organique;0.35;0.0;17.39;0.0;47.52;51.12;20.41;0.02;0.0;0;23.76;0;-195.0;0.01;0.01;0.0;0.35
2019;213;271;beauce_5_sa_082;solnu;;0.0;0.0;18.34;0.0;0.0;35.0;53.33;0.01;0.0;0;0;0;-203.06;0.0;0.01;0.0;0.0
2019;272;365;beauce_5_sa_082;orgeh;orgeH_tousSols_nonirr_organique;0.31;0.0;14.84;0.0;32.44;53.49;35.38;0.05;0.0;0;16.22;0;-167.59;0.04;0.01;0.0;0.31
2019;213;283;beauce_5_sa_083;solnu;;0.0;0.0;19.94;0.0;0.0;35.0;54.93;0.01;0.0;0;0;0;-221.26;0.0;0.01;0.0;0.0
2019;284;365;beauce_5_sa_083;orgeh;orgeH_tousSols_nonirr_organique;0.28;0.0;13.24;0.0;20.71;55.01;47.11;0.07;0.0;0;10.35;0;-149.33;0.06;0.01;0.0;0.28
2019;213;303;beauce_5_sa_084;solnu;;0.0;0.0;22.91;0.0;0.0;35.0;57.9;0.01;0.0;0;0;0;-254.89;0.0;0.01;0.0;0.0
2019;304;365;beauce_5_sa_084;orgeh;orgeH_tousSols_nonirr_organique;0.27;0.0;10.26;0.0;4.92;58.07;62.89;0.08;0.0;0;2.46;0;-115.66;0.08;0.01;0.0;0.27
2019;213;311;beauce_5_sa_085;solnu;;0.0;0.0;24.47;0.0;0.0;35.0;59.44;0.03;0.0;0;0;0;-271.09;0.02;0.01;0.0;0.0
2019;312;365;beauce_5_sa_085;orgeh;orgeH_tousSols_nonirr_organique;0.27;0.0;8.7;0.0;3.51;59.67;64.29;0.07;0.0;0;1.76;0;-99.46;0.06;0.01;0.0;0.27
2019;213;315;beauce_5_sa_086;solnu;;0.0;0.0;25.41;0.0;0.0;35.0;60.37;0.04;0.0;0;0;0;-282.16;0.02;0.02;0.0;0.0
2019;316;365;beauce_5_sa_086;orgeh;orgeH_tousSols_nonirr_organique;0.27;0.0;7.76;0.0;2.68;60.52;65.13;0.06;0.0;0;1.34;0;-88.38;0.06;0.0;0.0;0.27
2019;213;271;beauce_5_sa_087;solnu;;0.0;0.0;18.34;0.0;0.0;35.0;53.33;0.01;0.0;0;0;0;-203.06;0.0;0.01;0.0;0.0
2019;272;365;beauce_5_sa_087;orgeh;orgeH_tousSols_nonirr_organique;0.31;0.0;14.84;0.0;32.44;53.49;35.38;0.05;0.0;0;16.22;0;-167.59;0.04;0.01;0.0;0.31
2019;213;305;beauce_5_sa_088;solnu;;0.0;0.0;23.22;0.0;0.0;35.0;58.2;0.01;0.0;0;0;0;-258.57;0.0;0.01;0.0;0.0
2019;306;365;beauce_5_sa_088;orgeh;orgeH_tousSols_nonirr_organique;0.27;0.0;9.96;0.0;4.79;58.38;63.02;0.08;0.0;0;2.39;0;-111.97;0.08;0.01;0.0;0.27
2019;213;313;beauce_5_sa_089;solnu;;0.0;0.0;24.94;0.0;0.0;35.0;59.91;0.03;0.0;0;0;0;-276.6;0.02;0.01;0.0;0.0
2019;314;365;beauce_5_sa_089;orgeh;orgeH_tousSols_nonirr_organique;0.27;0.0;8.24;0.0;3.0;60.16;64.81;0.07;0.0;0;1.5;0;-93.95;0.06;0.0;0.0;0.27
2019;213;303;beauce_5_sa_090;solnu;;0.0;0.0;22.91;0.0;0.0;35.0;57.9;0.01;0.0;0;0;0;-254.89;0.0;0.01;0.0;0.0
2019;304;365;beauce_5_sa_090;orgeh;orgeH_tousSols_nonirr_organique;0.27;0.0;10.26;0.0;4.92;58.07;62.89;0.08;0.0;0;2.46;0;-115.66;0.08;0.01;0.0;0.27
2019;213;289;beauce_5_sa_091;solnu;;0.0;0.0;20.56;0.0;0.0;35.0;55.55;0.01;0.0;0;0;0;-229.21;0.0;0.01;0.0;0.0
2019;290;365;beauce_5_sa_091;orgeh;orgeH_tousSols_nonirr_organique;0.28;0.0;12.62;0.0;14.62;55.64;53.19;0.08;0.0;0;7.31;0;-141.41;0.07;0.01;0.0;0.28
2019;213;313;beauce_5_sa_092;solnu;;0.0;0.0;24.94;0.0;0.0;35.0;59.91;0.03;0.0;0;0;0;-276.6;0.02;0.01;0.0;0.0
2019;314;365;beauce_5_sa_092;orgeh;orgeH_tousSols_nonirr_organique;0.27;0.0;8.24;0.0;3.0;60.16;64.81;0.07;0.0;0;1.5;0;-93.95;0.06;0.0;0.0;0.27
2019;213;289;beauce_5_sa_093;solnu;;0.0;0.0;20.56;0.0;0.0;35.0;55.55;0.01;0.0;0;0;0;-229.2;0.0;0.01;0.0;0.0
2019;290;365;beauce_5_sa_093;orgeh;orgeH_tousSols_nonirr_organique;0.27;0.0;12.61;0.0;14.55;55.64;53.26;0.08;0.0;0;7.28;0;-141.32;0.07;0.01;0.0;0.27
2019;213;287;beauce_5_sa_094;solnu;;0.0;0.0;20.36;0.0;0.0;35.0;55.34;0.01;0.0;0;0;0;-227.11;0.0;0.01;0.0;0.0
2019;288;365;beauce_5_sa_094;orgeh;orgeH_tousSols_nonirr_organique;0.28;0.0;12.82;0.0;17.33;55.45;50.49;0.07;0.0;0;8.66;0;-143.47;0.06;0.01;0.0;0.28
2019;213;307;beauce_5_sa_095;solnu;;0.0;0.0;23.76;0.0;0.0;35.0;58.73;0.02;0.0;0;0;0;-262.07;0.01;0.01;0.0;0.0
2019;308;365;beauce_5_sa_095;orgeh;orgeH_tousSols_nonirr_organique;0.27;0.0;9.42;0.0;4.32;58.88;63.49;0.07;0.0;0;2.16;0;-108.48;0.07;0.01;0.0;0.27
2019;213;271;beauce_5_sa_096;solnu;;0.0;0.0;18.32;0.0;0.0;35.0;53.31;0.01;0.0;0;0;0;-202.87;0.0;0.01;0.0;0.0
2019;272;365;beauce_5_sa_096;orgeh;orgeH_tousSols_nonirr_organique;0.31;0.0;14.79;0.0;30.33;53.47;37.4;0.05;0.0;0;15.17;0;-167.01;0.05;0.01;0.0;0.31
2019;213;292;beauce_5_sa_097;solnu;;0.0;0.0;21.05;0.0;0.0;35.0;56.04;0.01;0.0;0;0;0;-233.14;0.0;0.01;0.0;0.0
2019;293;365;beauce_5_sa_097;orgeh;orgeH_tousSols_nonirr_organique;0.25;0.0;12.09;0.0;10.71;56.22;57.09;0.08;0.0;0;5.36;0;-137.04;0.07;0.01;0.0;0.25
2019;213;292;beauce_5_sa_098;solnu;;0.0;0.0;21.07;0.0;0.0;35.0;56.06;0.01;0.0;0;0;0;-233.33;0.0;0.01;0.0;0.0
2019;293;365;beauce_5_sa_098;orgeh;orgeH_tousSols_nonirr_organique;0.27;0.0;12.11;0.0;10.72;56.24;57.09;0.08;0.0;0;5.36;0;-137.23;0.07;0.01;0.0;0.27
2019;213;284;beauce_5_sa_099;solnu;;0.0;0.0;20.0;0.0;0.0;35.0;54.99;0.01;0.0;0;0;0;-223.15;0.0;0.01;0.0;0.0
2019;285;365;beauce_5_sa_099;orgeh;orgeH_tousSols_nonirr_organique;0.26;0.0;13.13;0.0;18.97;55.08;48.82;0.07;0.0;0;9.48;0;-146.91;0.06;0.01;0.0;0.26
2020;1;224;beauce_5_sa_000;orgeh;orgeH_tousSols_nonirr_organique;3.43;0.0;61.48;0.0;81.37;60.66;37.24;0.09;0.0;0;44.26;0;-684.85;0.05;0.04;0.0;3.43
2020;225;298;beauce_5_sa_000;solnu;;1.54;0.0;32.7;-49.48;0.0;37.24;18.87;0.04;0.0;0;0;0;-285.9;0.03;0.01;0.0;1.54
2020;299;366;beauce_5_sa_000;orgeh;orgeH_tousSols_nonirr_organique;1.56;0.0;9.99;-9.94;0.0;18.87;17.35;0.0;0.0;0;0.0;0;-27.91;0.0;0.0;0.0;1.56
2020;1;218;beauce_5_sa_001;orgeh;orgeH_tousSols_nonirr_organique;3.03;0.0;59.43;0.0;71.23;50.53;35.64;0.07;0.0;0;44.25;0;-659.21;0.04;0.04;0.0;3.03
2020;219;288;beauce_5_sa_001;solnu;;0.97;0.0;33.55;-40.17;0.0;35.64;27.96;0.08;0.0;0;0;0;-326.62;0.07;0.01;0.0;0.97
2020;289;366;beauce_5_sa_001;orgeh;orgeH_tousSols_nonirr_organique;2.35;0.0;12.07;-18.13;0.0;26.2;19.55;0.0;0.0;0;0.0;0;-43.04;0.0;0.0;0.0;2.35
2020;1;211;beauce_5_sa_002;orgeh;orgeH_tousSols_nonirr_organique;3.25;0.0;55.25;0.0;75.51;55.77;32.19;0.07;0.0;0;43.78;0;-615.19;0.04;0.03;0.0;3.25
2020;212;292;beauce_5_sa_002;solnu;;1.27;0.0;38.07;-14.89;0.0;32.19;54.02;0.08;0.0;0;0;0;-367.94;0.07;0.02;0.0;1.27
2020;293;366;beauce_5_sa_002;orgeh;orgeH_tousSols_nonirr_organique;2.33;0.0;11.26;-38.17;1.75;54.23;23.02;0.01;0.0;0;0.88;0;-54.75;0.01;0.0;0.0;2.33
2020;1;189;beauce_5_sa_003;orgeh;orgeH_tousSols_nonirr_organique;3.48;0.0;46.26;0.0;84.52;62.89;21.08;0.07;0.0;0;44.72;0;-513.53;0.05;0.03;0.0;3.48
2020;190;305;beauce_5_sa_003;solnu;;1.49;0.0;48.98;-13.77;0.0;21.08;54.72;0.08;0.0;0;0;0;-475.17;0.06;0.02;0.0;1.49
2020;306;366;beauce_5_sa_003;orgeh;orgeH_tousSols_nonirr_organique;2.06;0.0;8.52;-38.29;0.0;54.94;22.88;0.0;0.0;0;0.0;0;-44.06;0.0;0.0;0.0;2.06
2020;1;217;beauce_5_sa_004;orgeh;orgeH_tousSols_nonirr_organique;3.25;0.0;58.37;0.0;75.51;55.77;35.3;0.08;0.0;0;43.78;0;-648.07;0.04;0.04;0.0;3.25
2020;218;292;beauce_5_sa_004;solnu;;1.27;0.0;34.96;-15.18;0.0;35.3;53.72;0.09;0.0;0;0;0;-340.16;0.07;0.01;0.0;1.27
2020;293;366;beauce_5_sa_004;orgeh;orgeH_tousSols_nonirr_organique;2.34;0.0;11.26;-37.84;1.75;53.94;23.04;0.01;0.0;0;0.88;0;-53.71;0.01;0.0;0.0;2.34
2020;1;230;beauce_5_sa_005;orgeh;orgeH_tousSols_nonirr_organique;3.58;0.0;64.59;0.0;86.31;64.48;39.09;0.1;0.0;0;44.82;0;-717.5;0.06;0.04;0.0;3.58
2020;231;313;beauce_5_sa_005;solnu;;1.61;0.0;31.97;-44.68;0.0;39.09;24.69;0.07;0.0;0;0;0;-297.19;0.06;0.01;0.0;1.61
2020;314;366;beauce_5_sa_005;orgeh;orgeH_tousSols_nonirr_organique;2.03;0.0;7.06;-7.07;0.0;24.66;22.64;0.0;0.0;0;0.0;0;-23.09;0.0;0.0;0.0;2.03
2020;1;227;beauce_5_sa_006;orgeh;orgeH_tousSols_nonirr_organique;2.4;0.0;70.24;0.0;41.67;22.19;48.21;0.13;0.02;0;43.65;0;-778.1;0.09;0.04;0.0;2.4
2020;228;262;beauce_5_sa_006;solnu;;0.45;0.0;20.6;-15.58;0.0;48.21;52.72;0.06;0.0;0;0;0;-209.43;0.06;0.0;0.0;0.45
2020;263;366;beauce_5_sa_006;orgeh;orgeH_tousSols_nonirr_organique;2.58;0.0;20.05;-50.49;3.0;52.93;16.69;0.0;0.0;0;1.5;0;-81.24;0.0;0.0;0.0;2.58
2020;1;183;beauce_5_sa_007;orgeh;orgeH_tousSols_nonirr_organique;3.55;0.0;43.57;0.0;81.45;63.3;20.55;0.07;0.0;0;42.98;0;-473.01;0.05;0.03;0.0;3.55
2020;184;307;beauce_5_sa_007;solnu;;1.54;0.0;52.14;-13.57;0.0;20.55;57.62;0.09;0.01;0;0;0;-517.91;0.07;0.02;0.0;1.54
2020;308;366;beauce_5_sa_007;orgeh;orgeH_tousSols_nonirr_organique;2.16;0.0;8.13;-39.66;0.0;57.87;23.93;0.0;0.0;0;0.0;0;-42.04;0.0;0.0;0.0;2.16
2020;1;184;beauce_5_sa_008;orgeh;orgeH_tousSols_nonirr_organique;1.62;0.0;47.59;0.0;36.44;17.81;27.3;0.04;0.0;0;43.2;0;-524.16;0.01;0.03;0.0;1.62
2020;185;257;beauce_5_sa_008;solnu;;0.47;0.0;40.82;-54.59;0.0;27.3;12.97;0.07;0.0;0;0;0;-371.84;0.06;0.01;0.0;0.47
2020;258;366;beauce_5_sa_008;orgeh;orgeH_tousSols_nonirr_organique;1.78;0.0;21.94;-7.68;8.29;12.97;17.14;0.02;0.0;0;4.15;0;-75.73;0.01;0.01;0.0;1.78
2020;1;206;beauce_5_sa_009;orgeh;orgeH_tousSols_nonirr_organique;3.38;0.0;53.26;0.0;79.04;59.07;29.84;0.08;0.0;0;43.89;0;-592.24;0.04;0.03;0.0;3.38
2020;207;295;beauce_5_sa_009;solnu;;1.51;0.0;40.3;-14.63;0.0;29.84;53.9;0.09;0.0;0;0;0;-389.85;0.07;0.02;0.0;1.51
2020;296;366;beauce_5_sa_009;orgeh;orgeH_tousSols_nonirr_organique;2.08;0.0;10.58;-39.39;0.0;54.09;23.02;0.0;0.0;0;0.0;0;-50.97;0.0;0.0;0.0;2.08
2020;1;203;beauce_5_sa_010;orgeh;orgeH_tousSols_nonirr_organique;3.35;0.0;52.03;0.0;78.01;58.44;29.04;0.07;0.0;0;43.69;0;-580.6;0.04;0.03;0.0;3.35
2020;204;294;beauce_5_sa_010;solnu;;1.52;0.0;41.36;-14.54;0.0;29.04;54.26;0.09;0.0;0;0;0;-398.47;0.07;0.02;0.0;1.52
2020;295;366;beauce_5_sa_010;orgeh;orgeH_tousSols_nonirr_organique;2.09;0.0;10.85;-39.88;0.0;54.55;23.13;0.0;0.0;0;0.0;0;-52.56;0.0;0.0;0.0;2.09
2020;1;219;beauce_5_sa_011;orgeh;orgeH_tousSols_nonirr_organique;3.35;0.0;59.25;0.0;78.01;58.44;36.26;0.08;0.0;0;43.69;0;-659.7;0.04;0.04;0.0;3.35
2020;220;294;beauce_5_sa_011;solnu;;1.57;0.0;34.3;-15.23;0.0;36.26;53.67;0.09;0.0;0;0;0;-332.44;0.08;0.01;0.0;1.57
2020;295;366;beauce_5_sa_011;orgeh;orgeH_tousSols_nonirr_organique;2.11;0.0;10.84;-39.07;0.0;53.95;23.33;0.0;0.0;0;0.0;0;-50.68;0.0;0.0;0.0;2.11
2020;1;204;beauce_5_sa_012;orgeh;orgeH_tousSols_nonirr_organique;1.81;0.0;55.97;0.0;49.36;29.19;33.94;0.05;0.0;0;43.97;0;-622.38;0.02;0.03;0.0;1.81
2020;205;267;beauce_5_sa_012;solnu;;0.51;0.0;34.54;-15.29;0.0;33.94;52.59;0.08;0.0;0;0;0;-335.56;0.07;0.01;0.0;0.51
2020;268;366;beauce_5_sa_012;orgeh;orgeH_tousSols_nonirr_organique;2.18;0.0;18.35;-49.45;4.5;52.83;14.8;0.01;0.0;0;2.25;0;-77.74;0.01;0.0;0.0;2.18
2020;1;227;beauce_5_sa_013;orgeh;orgeH_tousSols_nonirr_organique;3.62;0.0;62.69;0.0;86.54;64.98;37.43;0.09;0.0;0;44.68;0;-693.91;0.05;0.04;0.0;3.62
2020;228;315;beauce_5_sa_013;solnu;;1.69;0.0;34.12;-46.79;0.0;37.43;23.0;0.06;0.0;0;0;0;-309.28;0.05;0.01;0.0;1.69
2020;316;366;beauce_5_sa_013;orgeh;orgeH_tousSols_nonirr_organique;1.9;0.0;6.71;-6.64;0.0;23.0;21.17;0.0;0.0;0;0.0;0;-20.47;0.0;0.0;0.0;1.9
2020;1;210;beauce_5_sa_014;orgeh;orgeH_tousSols_nonirr_organique;2.58;0.0;56.32;0.0;62.2;42.32;33.8;0.06;0.0;0;43.84;0;-627.79;0.03;0.03;0.0;2.58
2020;211;278;beauce_5_sa_014;solnu;;0.91;0.0;35.45;-15.19;0.0;33.8;53.06;0.09;0.0;0;0;0;-343.53;0.08;0.01;0.0;0.91
2020;279;366;beauce_5_sa_014;orgeh;orgeH_tousSols_nonirr_organique;2.29;0.0;14.59;-42.3;4.19;53.43;18.87;0.0;0.0;0;2.09;0;-65.93;0.0;0.0;0.0;2.29
2020;1;215;beauce_5_sa_015;orgeh;orgeH_tousSols_nonirr_organique;3.34;0.0;57.13;0.0;78.01;58.44;34.16;0.08;0.0;0;43.69;0;-634.38;0.04;0.03;0.0;3.34
2020;216;294;beauce_5_sa_015;solnu;;1.68;0.0;36.41;-46.53;0.0;34.16;22.29;0.07;0.0;0;0;0;-340.88;0.06;0.01;0.0;1.68
2020;295;366;beauce_5_sa_015;orgeh;orgeH_tousSols_nonirr_organique;1.85;0.0;10.86;-10.65;0.0;22.29;20.64;0.0;0.0;0;0.0;0;-37.64;0.0;0.0;0.0;1.85
2020;1;174;beauce_5_sa_016;orgeh;orgeH_tousSols_nonirr_organique;3.44;0.0;38.41;0.0;74.43;60.67;19.94;0.07;0.0;0;40.78;0;-424.23;0.04;0.02;0.0;3.44
2020;175;298;beauce_5_sa_016;solnu;;1.69;0.0;55.93;-13.37;0.0;19.94;60.97;0.11;0.0;0;0;0;-548.46;0.08;0.03;0.0;1.69
2020;299;366;beauce_5_sa_016;orgeh;orgeH_tousSols_nonirr_organique;2.31;0.0;9.97;-43.0;0.0;61.2;25.64;0.0;0.0;0;0.0;0;-51.36;0.0;0.0;0.0;2.31
2020;1;174;beauce_5_sa_017;orgeh;orgeH_tousSols_nonirr_organique;3.04;0.0;38.59;0.0;67.8;50.49;16.97;0.06;0.0;0;42.57;0;-426.11;0.04;0.02;0.0;3.04
2020;175;288;beauce_5_sa_017;solnu;;0.98;0.0;54.29;-13.52;0.0;16.97;56.91;0.09;0.0;0;0;0;-533.24;0.06;0.03;0.0;0.98
2020;289;366;beauce_5_sa_017;orgeh;orgeH_tousSols_nonirr_organique;2.5;0.0;12.07;-39.78;4.44;57.11;22.24;0.01;0.0;0;2.22;0;-61.16;0.01;0.0;0.0;2.5
2020;1;172;beauce_5_sa_018;orgeh;orgeH_tousSols_nonirr_organique;2.26;0.0;38.11;0.0;57.54;37.61;15.87;0.05;0.0;0;43.87;0;-416.97;0.02;0.02;0.0;2.26
2020;173;274;beauce_5_sa_018;solnu;;0.79;0.0;52.44;-13.51;0.0;15.87;53.91;0.1;0.0;0;0;0;-513.88;0.07;0.03;0.0;0.79
2020;275;366;beauce_5_sa_018;orgeh;orgeH_tousSols_nonirr_organique;2.15;0.0;15.86;-45.17;4.5;54.24;17.94;0.01;0.0;0;2.25;0;-77.88;0.0;0.0;0.0;2.15
2020;1;198;beauce_5_sa_019;orgeh;orgeH_tousSols_nonirr_organique;3.35;0.0;50.5;0.0;78.01;58.44;27.51;0.07;0.0;0;43.69;0;-562.39;0.04;0.03;0.0;3.35
2020;199;294;beauce_5_sa_019;solnu;;1.54;0.0;43.01;-14.36;0.0;27.51;54.52;0.09;0.0;0;0;0;-415.29;0.07;0.02;0.0;1.54
2020;295;366;beauce_5_sa_019;orgeh;orgeH_tousSols_nonirr_organique;2.09;0.0;10.85;-40.1;0.0;54.81;23.17;0.0;0.0;0;0.0;0;-53.09;0.0;0.0;0.0;2.09
2020;1;190;beauce_5_sa_020;orgeh;orgeH_tousSols_nonirr_organique;2.26;0.0;48.43;0.0;57.54;37.61;26.18;0.05;0.0;0;43.87;0;-538.93;0.02;0.03;0.0;2.26
2020;191;274;beauce_5_sa_020;solnu;;0.84;0.0;42.74;-14.47;0.0;26.18;53.51;0.09;0.0;0;0;0;-411.81;0.08;0.02;0.0;0.84
2020;275;366;beauce_5_sa_020;orgeh;orgeH_tousSols_nonirr_organique;2.18;0.0;15.84;-44.79;4.23;53.84;18.15;0.01;0.0;0;2.11;0;-75.1;0.0;0.0;0.0;2.18
2020;1;228;beauce_5_sa_021;orgeh;orgeH_tousSols_nonirr_organique;3.02;0.0;65.09;0.0;70.43;50.89;42.44;0.09;0.0;0;43.71;0;-723.81;0.06;0.04;0.0;3.02
2020;229;287;beauce_5_sa_021;solnu;;1.11;0.0;28.06;-50.47;0.0;42.44;18.87;0.05;0.0;0;0;0;-249.99;0.04;0.0;0.0;1.11
2020;288;366;beauce_5_sa_021;orgeh;orgeH_tousSols_nonirr_organique;1.98;0.0;12.23;-12.06;0.0;18.87;17.06;0.0;0.0;0;0.0;0;-34.91;0.0;0.0;0.0;1.98
2020;1;190;beauce_5_sa_022;orgeh;orgeH_tousSols_nonirr_organique;3.63;0.0;46.49;0.0;86.65;65.12;21.25;0.08;0.0;0;44.67;0;-517.82;0.05;0.03;0.0;3.63
2020;191;316;beauce_5_sa_022;solnu;;1.5;0.0;50.37;-13.6;0.0;21.25;56.43;0.09;0.01;0;0;0;-487.34;0.06;0.02;0.0;1.5
2020;317;366;beauce_5_sa_022;orgeh;orgeH_tousSols_nonirr_organique;2.09;0.0;6.57;-37.7;0.0;56.55;23.22;0.0;0.0;0;0.0;0;-34.83;0.0;0.0;0.0;2.09
2020;1;189;beauce_5_sa_023;orgeh;orgeH_tousSols_nonirr_organique;3.59;0.0;46.23;0.0;85.27;64.02;21.33;0.08;0.0;0;44.53;0;-513.29;0.05;0.03;0.0;3.59
2020;190;311;beauce_5_sa_023;solnu;;1.66;0.0;50.21;-47.42;0.0;21.33;22.38;0.06;0.0;0;0;0;-460.78;0.04;0.02;0.0;1.66
2020;312;366;beauce_5_sa_023;orgeh;orgeH_tousSols_nonirr_organique;1.85;0.0;7.3;-7.19;0.0;22.37;20.64;0.0;0.0;0;0.0;0;-24.69;0.0;0.0;0.0;1.85
2020;1;200;beauce_5_sa_024;orgeh;orgeH_tousSols_nonirr_organique;2.64;0.0;52.5;0.0;64.02;43.42;29.2;0.06;0.0;0;44.2;0;-584.24;0.03;0.03;0.0;2.64
2020;201;279;beauce_5_sa_024;solnu;;0.9;0.0;39.4;-14.78;0.0;29.2;52.82;0.09;0.0;0;0;0;-380.85;0.07;0.02;0.0;0.9
2020;280;366;beauce_5_sa_024;orgeh;orgeH_tousSols_nonirr_organique;2.25;0.0;14.25;-41.98;4.16;53.0;18.67;0.0;0.0;0;2.08;0;-66.86;0.0;0.0;0.0;2.25
2020;1;195;beauce_5_sa_025;orgeh;orgeH_tousSols_nonirr_organique;3.25;0.0;49.45;0.0;75.51;55.77;26.39;0.07;0.0;0;43.78;0;-550.04;0.04;0.03;0.0;3.25
2020;196;292;beauce_5_sa_025;solnu;;1.25;0.0;43.83;-14.28;0.0;26.39;54.6;0.08;0.0;0;0;0;-423.53;0.06;0.02;0.0;1.25
2020;293;366;beauce_5_sa_025;orgeh;orgeH_tousSols_nonirr_organique;2.32;0.0;11.27;-38.89;1.75;54.82;22.9;0.01;0.0;0;0.88;0;-56.72;0.01;0.0;0.0;2.32
2020;1;223;beauce_5_sa_026;orgeh;orgeH_tousSols_nonirr_organique;3.63;0.0;60.39;0.0;86.65;65.12;35.14;0.09;0.0;0;44.67;0;-672.25;0.05;0.04;0.0;3.63
2020;224;316;beauce_5_sa_026;solnu;;1.56;0.0;36.48;-14.9;0.0;35.14;55.07;0.08;0.0;0;0;0;-352.47;0.07;0.01;0.0;1.56
2020;317;366;beauce_5_sa_026;orgeh;orgeH_tousSols_nonirr_organique;2.11;0.0;6.57;-36.04;0.0;55.19;23.48;0.0;0.0;0;0.0;0;-33.22;0.0;0.0;0.0;2.11
2020;1;228;beauce_5_sa_027;orgeh;orgeH_tousSols_nonirr_organique;3.56;0.0;63.4;0.0;85.14;63.74;38.34;0.09;0.0;0;44.61;0;-704.94;0.06;0.04;0.0;3.56
2020;229;310;beauce_5_sa_027;solnu;;1.68;0.0;32.71;-46.26;0.0;38.34;23.04;0.06;0.0;0;0;0;-297.81;0.05;0.01;0.0;1.68
2020;311;366;beauce_5_sa_027;orgeh;orgeH_tousSols_nonirr_organique;1.9;0.0;7.55;-7.57;0.0;22.96;21.13;0.0;0.0;0;0.0;0;-24.36;0.0;0.0;0.0;1.9
2020;1;205;beauce_5_sa_028;orgeh;orgeH_tousSols_nonirr_organique;3.62;0.0;52.11;0.0;85.91;64.81;27.32;0.08;0.0;0;44.45;0;-580.17;0.05;0.03;0.0;3.62
2020;206;314;beauce_5_sa_028;solnu;;1.5;0.0;44.26;-14.11;0.0;27.32;55.87;0.08;0.01;0;0;0;-426.83;0.06;0.02;0.0;1.5
2020;315;366;beauce_5_sa_028;orgeh;orgeH_tousSols_nonirr_organique;2.09;0.0;6.88;-37.42;0.0;56.07;23.24;0.0;0.0;0;0.0;0;-36.33;0.0;0.0;0.0;2.09
2020;1;177;beauce_5_sa_029;orgeh;orgeH_tousSols_nonirr_organique;3.38;0.0;39.97;0.0;75.8;59.07;19.8;0.07;0.0;0;42.27;0;-445.64;0.04;0.02;0.0;3.38
2020;178;295;beauce_5_sa_029;solnu;;1.61;0.0;53.83;-13.54;0.0;19.8;58.37;0.1;0.0;0;0;0;-522.96;0.07;0.03;0.0;1.61
2020;296;366;beauce_5_sa_029;orgeh;orgeH_tousSols_nonirr_organique;2.22;0.0;10.59;-41.86;0.31;58.56;24.58;0.0;0.0;0;0.15;0;-54.06;0.0;0.0;0.0;2.22
2020;1;182;beauce_5_sa_030;orgeh;orgeH_tousSols_nonirr_organique;3.48;0.0;42.2;0.0;80.64;62.18;20.19;0.07;0.0;0;43.12;0;-468.05;0.05;0.03;0.0;3.48
2020;183;301;beauce_5_sa_030;solnu;;1.47;0.0;52.26;-51.98;0.0;20.19;18.94;0.04;0.0;0;0;0;-471.18;0.03;0.02;0.0;1.47
2020;302;366;beauce_5_sa_030;orgeh;orgeH_tousSols_nonirr_organique;1.57;0.0;9.4;-9.23;0.0;18.94;17.54;0.0;0.0;0;0.0;0;-29.49;0.0;0.0;0.0;1.57
2020;1;180;beauce_5_sa_031;orgeh;orgeH_tousSols_nonirr_organique;3.19;0.0;41.45;0.0;75.05;54.9;18.06;0.07;0.0;0;43.97;0;-459.65;0.04;0.02;0.0;3.19
2020;181;291;beauce_5_sa_031;solnu;;1.01;0.0;51.57;-51.04;0.0;18.06;17.53;0.05;0.0;0;0;0;-463.41;0.03;0.02;0.0;1.01
2020;292;366;beauce_5_sa_031;orgeh;orgeH_tousSols_nonirr_organique;1.83;0.0;11.6;-10.3;0.0;17.3;17.0;0.0;0.0;0;0.0;0;-35.32;0.0;0.0;0.0;1.83
2020;1;226;beauce_5_sa_032;orgeh;orgeH_tousSols_nonirr_organique;2.39;0.0;69.5;0.0;40.31;20.68;47.33;0.13;0.02;0;43.78;0;-772.48;0.09;0.04;0.0;2.39
2020;227;261;beauce_5_sa_032;solnu;;0.43;0.0;21.11;-47.99;0.0;47.33;19.95;0.06;0.0;0;0;0;-208.56;0.06;0.0;0.0;0.43
2020;262;366;beauce_5_sa_032;orgeh;orgeH_tousSols_nonirr_organique;2.53;0.0;20.51;-18.66;1.57;19.62;17.7;0.0;0.0;0;0.78;0;-64.72;0.0;0.0;0.0;2.53
2020;1;209;beauce_5_sa_033;orgeh;orgeH_tousSols_nonirr_organique;1.83;0.0;58.38;0.0;50.25;30.48;36.73;0.05;0.0;0;43.77;0;-649.85;0.02;0.04;0.0;1.83
2020;210;267;beauce_5_sa_033;solnu;;0.61;0.0;32.53;-38.47;0.0;36.73;30.08;0.09;0.0;0;0;0;-314.76;0.08;0.01;0.0;0.61
2020;268;366;beauce_5_sa_033;orgeh;orgeH_tousSols_nonirr_organique;2.05;0.0;18.4;-28.88;1.91;28.0;15.64;0.0;0.0;0;0.96;0;-59.97;0.0;0.0;0.0;2.05
2020;1;224;beauce_5_sa_034;orgeh;orgeH_tousSols_nonirr_organique;3.53;0.0;61.11;0.0;84.6;63.02;35.92;0.09;0.0;0;44.7;0;-680.78;0.05;0.04;0.0;3.53
2020;225;306;beauce_5_sa_034;solnu;;1.57;0.0;34.31;-15.15;0.0;35.92;53.43;0.08;0.0;0;0;0;-331.52;0.07;0.01;0.0;1.57
2020;307;366;beauce_5_sa_034;orgeh;orgeH_tousSols_nonirr_organique;2.09;0.0;8.31;-36.46;0.0;53.64;23.19;0.0;0.0;0;0.0;0;-40.91;0.0;0.0;0.0;2.09
2020;1;188;beauce_5_sa_035;orgeh;orgeH_tousSols_nonirr_organique;2.96;0.0;46.54;0.0;69.66;49.25;23.1;0.06;0.0;0;44.1;0;-517.21;0.04;0.03;0.0;2.96
2020;189;286;beauce_5_sa_035;solnu;;0.99;0.0;46.61;-51.98;0.0;23.1;16.68;0.05;0.0;0;0;0;-403.28;0.04;0.01;0.0;0.99
2020;287;366;beauce_5_sa_035;orgeh;orgeH_tousSols_nonirr_organique;1.76;0.0;12.5;-8.06;1.97;16.68;17.39;0.0;0.0;0;0.99;0;-34.69;0.0;0.0;0.0;1.76
2020;1;195;beauce_5_sa_036;orgeh;orgeH_tousSols_nonirr_organique;3.0;0.0;49.77;0.0;69.67;49.73;26.77;0.07;0.0;0;43.88;0;-553.55;0.04;0.03;0.0;3.0
2020;196;287;beauce_5_sa_036;solnu;;0.96;0.0;43.07;-14.38;0.0;26.77;54.42;0.08;0.0;0;0;0;-417.16;0.06;0.02;0.0;0.96
2020;288;366;beauce_5_sa_036;orgeh;orgeH_tousSols_nonirr_organique;2.4;0.0;12.21;-39.99;3.0;54.59;21.24;0.01;0.0;0;1.5;0;-59.02;0.01;0.0;0.0;2.4
2020;1;199;beauce_5_sa_037;orgeh;orgeH_tousSols_nonirr_organique;3.53;0.0;50.38;0.0;84.45;62.89;25.22;0.08;0.0;0;44.68;0;-561.57;0.05;0.03;0.0;3.53
2020;200;304;beauce_5_sa_037;solnu;;1.48;0.0;44.53;-14.12;0.0;25.22;54.06;0.08;0.01;0;0;0;-429.3;0.06;0.02;0.0;1.48
2020;305;366;beauce_5_sa_037;orgeh;orgeH_tousSols_nonirr_organique;2.06;0.0;8.72;-37.85;0.0;54.28;22.87;0.0;0.0;0;0.0;0;-44.27;0.0;0.0;0.0;2.06
2020;1;179;beauce_5_sa_038;orgeh;orgeH_tousSols_nonirr_organique;3.52;0.0;40.68;0.0;78.9;63.01;20.12;0.07;0.0;0;41.84;0;-451.67;0.05;0.02;0.0;3.52
2020;180;306;beauce_5_sa_038;solnu;;1.53;0.0;54.62;-53.0;0.0;20.12;20.29;0.05;0.0;0;0;0;-492.32;0.03;0.02;0.0;1.53
2020;307;366;beauce_5_sa_038;orgeh;orgeH_tousSols_nonirr_organique;1.68;0.0;8.36;-8.26;0.0;20.29;18.71;0.0;0.0;0;0.0;0;-26.65;0.0;0.0;0.0;1.68
2020;1;189;beauce_5_sa_039;orgeh;orgeH_tousSols_nonirr_organique;3.03;0.0;46.97;0.0;71.31;50.57;23.14;0.07;0.0;0;44.28;0;-521.16;0.04;0.03;0.0;3.03
2020;190;288;beauce_5_sa_039;solnu;;0.95;0.0;46.13;-46.12;0.0;23.14;22.12;0.08;0.01;0;0;0;-443.63;0.06;0.02;0.0;0.95
2020;289;366;beauce_5_sa_039;orgeh;orgeH_tousSols_nonirr_organique;2.31;0.0;12.09;-12.59;0.0;21.91;19.31;0.0;0.0;0;0.0;0;-44.05;0.0;0.0;0.0;2.31
2020;1;197;beauce_5_sa_040;orgeh;orgeH_tousSols_nonirr_organique;1.7;0.0;54.29;0.0;39.2;19.73;33.07;0.04;0.0;0;43.65;0;-604.18;0.01;0.03;0.0;1.7
2020;198;260;beauce_5_sa_040;solnu;;0.5;0.0;35.52;-15.23;0.0;33.07;52.76;0.1;0.0;0;0;0;-345.21;0.08;0.01;0.0;0.5
2020;261;366;beauce_5_sa_040;orgeh;orgeH_tousSols_nonirr_organique;1.85;0.0;20.71;-51.97;6.61;53.06;13.05;0.0;0.0;0;3.3;0;-86.07;0.0;0.0;0.0;1.85
2020;1;230;beauce_5_sa_041;orgeh;orgeH_tousSols_nonirr_organique;3.44;0.0;65.17;0.0;80.96;60.67;41.35;0.1;0.0;0;44.05;0;-724.09;0.06;0.04;0.0;3.44
2020;231;298;beauce_5_sa_041;solnu;;1.64;0.0;29.06;-15.6;0.0;41.35;53.08;0.09;0.0;0;0;0;-284.35;0.08;0.01;0.0;1.64
2020;299;366;beauce_5_sa_041;orgeh;orgeH_tousSols_nonirr_organique;2.15;0.0;9.95;-37.07;0.0;53.3;23.81;0.0;0.0;0;0.0;0;-46.68;0.0;0.0;0.0;2.15
2020;1;206;beauce_5_sa_042;orgeh;orgeH_tousSols_nonirr_organique;2.87;0.0;54.19;0.0;68.37;47.25;30.13;0.07;0.0;0;44.47;0;-602.39;0.03;0.03;0.0;2.87
2020;207;284;beauce_5_sa_042;solnu;;0.92;0.0;38.17;-25.38;0.0;30.13;41.91;0.08;0.0;0;0;0;-369.17;0.06;0.02;0.0;0.92
2020;285;366;beauce_5_sa_042;orgeh;orgeH_tousSols_nonirr_organique;2.26;0.0;12.97;-33.58;0.0;37.24;19.04;0.0;0.0;0;0.0;0;-52.63;0.0;0.0;0.0;2.26
2020;1;174;beauce_5_sa_043;orgeh;orgeH_tousSols_nonirr_organique;3.29;0.0;38.49;0.0;71.76;57.08;19.24;0.07;0.0;0;41.24;0;-425.1;0.04;0.02;0.0;3.29
2020;175;293;beauce_5_sa_043;solnu;;1.4;0.0;55.32;-54.22;0.0;19.24;19.15;0.05;0.0;0;0;0;-489.35;0.04;0.02;0.0;1.4
2020;294;366;beauce_5_sa_043;orgeh;orgeH_tousSols_nonirr_organique;1.79;0.0;11.14;-6.45;2.13;18.96;19.91;0.0;0.0;0;1.07;0;-34.61;0.0;0.0;0.0;1.79
2020;1;184;beauce_5_sa_044;orgeh;orgeH_tousSols_nonirr_organique;3.25;0.0;44.68;0.0;75.51;55.77;21.62;0.07;0.0;0;43.78;0;-493.28;0.04;0.03;0.0;3.25
2020;185;292;beauce_5_sa_044;solnu;;1.24;0.0;48.69;-13.77;0.0;21.62;55.22;0.09;0.01;0;0;0;-474.52;0.06;0.02;0.0;1.24
2020;293;366;beauce_5_sa_044;orgeh;orgeH_tousSols_nonirr_organique;2.33;0.0;11.28;-39.25;1.95;55.44;22.95;0.01;0.0;0;0.98;0;-58.26;0.01;0.0;0.0;2.33
2020;1;177;beauce_5_sa_045;orgeh;orgeH_tousSols_nonirr_organique;3.61;0.0;39.77;0.0;78.82;64.98;22.24;0.07;0.0;0;40.82;0;-443.45;0.05;0.02;0.0;3.61
2020;178;315;beauce_5_sa_045;solnu;;1.82;0.0;57.25;-52.38;0.0;22.24;25.22;0.08;0.0;0;0;0;-520.66;0.06;0.02;0.0;1.82
2020;316;366;beauce_5_sa_045;orgeh;orgeH_tousSols_nonirr_organique;2.08;0.0;6.73;-6.63;0.0;25.22;23.23;0.0;0.0;0;0.0;0;-23.15;0.0;0.0;0.0;2.08
2020;1;199;beauce_5_sa_046;orgeh;orgeH_tousSols_nonirr_organique;2.78;0.0;51.77;0.0;66.12;45.55;28.35;0.06;0.0;0;44.19;0;-576.71;0.03;0.03;0.0;2.78
2020;200;282;beauce_5_sa_046;solnu;;0.92;0.0;40.3;-14.68;0.0;28.35;52.96;0.08;0.0;0;0;0;-389.9;0.07;0.02;0.0;0.92
2020;283;366;beauce_5_sa_046;orgeh;orgeH_tousSols_nonirr_organique;2.27;0.0;13.6;-40.61;4.39;53.25;19.29;0.0;0.0;0;2.19;0;-64.39;0.0;0.0;0.0;2.27
2020;1;186;beauce_5_sa_047;orgeh;orgeH_tousSols_nonirr_organique;3.5;0.0;45.04;0.0;84.45;62.89;19.91;0.07;0.0;0;44.68;0;-501.49;0.05;0.03;0.0;3.5
2020;187;304;beauce_5_sa_047;solnu;;1.51;0.0;50.13;-24.97;0.0;19.91;43.47;0.08;0.0;0;0;0;-486.11;0.06;0.02;0.0;1.51
2020;305;366;beauce_5_sa_047;orgeh;orgeH_tousSols_nonirr_organique;2.07;0.0;8.73;-27.17;0.0;40.69;22.95;0.0;0.0;0;0.0;0;-39.31;0.0;0.0;0.0;2.07
2020;1;176;beauce_5_sa_048;orgeh;orgeH_tousSols_nonirr_organique;1.72;0.0;41.57;0.0;39.96;20.61;20.46;0.04;0.0;0;43.58;0;-463.16;0.01;0.02;0.0;1.72
2020;177;260;beauce_5_sa_048;solnu;;0.37;0.0;46.37;-54.18;0.0;20.46;12.19;0.09;0.0;0;0;0;-435.38;0.07;0.02;0.0;0.37
2020;261;366;beauce_5_sa_048;orgeh;orgeH_tousSols_nonirr_organique;1.66;0.0;20.94;-8.62;7.05;12.09;15.79;0.01;0.0;0;3.52;0;-71.84;0.0;0.01;0.0;1.66
2020;1;209;beauce_5_sa_049;orgeh;orgeH_tousSols_nonirr_organique;1.7;0.0;59.88;0.0;39.2;19.73;38.66;0.05;0.0;0;43.65;0;-666.23;0.01;0.04;0.0;1.7
2020;210;260;beauce_5_sa_049;solnu;;0.56;0.0;30.17;-15.64;0.0;38.66;52.53;0.1;0.0;0;0;0;-295.38;0.09;0.01;0.0;0.56
2020;261;366;beauce_5_sa_049;orgeh;orgeH_tousSols_nonirr_organique;1.94;0.0;20.7;-50.97;6.61;52.82;13.71;0.0;0.0;0;3.3;0;-82.89;0.0;0.0;0.0;1.94
2020;1;215;beauce_5_sa_050;orgeh;orgeH_tousSols_nonirr_organique;2.64;0.0;58.89;0.0;64.02;43.42;35.58;0.07;0.0;0;44.2;0;-653.56;0.03;0.04;0.0;2.64
2020;216;279;beauce_5_sa_050;solnu;;0.93;0.0;33.16;-15.37;0.0;35.58;52.34;0.09;0.0;0;0;0;-323.73;0.08;0.01;0.0;0.93
2020;280;366;beauce_5_sa_050;orgeh;orgeH_tousSols_nonirr_organique;2.28;0.0;14.24;-41.22;4.16;52.52;18.91;0.0;0.0;0;2.08;0;-64.18;0.0;0.0;0.0;2.28
2020;1;212;beauce_5_sa_051;orgeh;orgeH_tousSols_nonirr_organique;3.03;0.0;56.17;0.0;71.39;50.68;32.36;0.07;0.0;0;44.26;0;-624.23;0.04;0.03;0.0;3.03
2020;213;288;beauce_5_sa_051;solnu;;0.98;0.0;36.85;-50.14;0.0;32.36;18.02;0.06;0.0;0;0;0;-339.13;0.04;0.01;0.0;0.98
2020;289;366;beauce_5_sa_051;orgeh;orgeH_tousSols_nonirr_organique;1.88;0.0;12.09;-12.03;0.0;18.02;16.19;0.0;0.0;0;0.0;0;-36.78;0.0;0.0;0.0;1.88
2020;1;197;beauce_5_sa_052;orgeh;orgeH_tousSols_nonirr_organique;1.81;0.0;53.14;0.0;49.36;29.19;31.11;0.05;0.0;0;43.97;0;-591.66;0.02;0.03;0.0;1.81
2020;198;267;beauce_5_sa_052;solnu;;0.53;0.0;37.38;-15.03;0.0;31.11;52.84;0.08;0.0;0;0;0;-361.41;0.07;0.02;0.0;0.53
2020;268;366;beauce_5_sa_052;orgeh;orgeH_tousSols_nonirr_organique;2.17;0.0;18.35;-49.73;4.5;53.08;14.77;0.01;0.0;0;2.25;0;-79.26;0.01;0.0;0.0;2.17
2020;1;206;beauce_5_sa_053;orgeh;orgeH_tousSols_nonirr_organique;3.6;0.0;52.62;0.0;85.45;64.3;27.79;0.08;0.0;0;44.48;0;-585.3;0.05;0.03;0.0;3.6
2020;207;312;beauce_5_sa_053;solnu;;1.5;0.0;43.56;-45.44;0.0;27.79;24.34;0.07;0.01;0;0;0;-407.4;0.05;0.02;0.0;1.5
2020;313;366;beauce_5_sa_053;orgeh;orgeH_tousSols_nonirr_organique;2.01;0.0;7.16;-7.16;0.0;24.37;22.33;0.0;0.0;0;0.0;0;-25.32;0.0;0.0;0.0;2.01
2020;1;224;beauce_5_sa_054;orgeh;orgeH_tousSols_nonirr_organique;2.7;0.0;64.08;0.0;63.06;43.35;41.57;0.1;0.0;0;43.74;0;-713.97;0.06;0.04;0.0;2.7
2020;225;278;beauce_5_sa_054;solnu;;1.06;0.0;28.22;-50.79;0.0;41.57;17.91;0.03;0.0;0;0;0;-209.54;0.03;0.0;0.0;1.06
2020;279;366;beauce_5_sa_054;orgeh;orgeH_tousSols_nonirr_organique;1.96;0.0;14.66;-6.09;5.54;17.96;18.97;0.01;0.0;0;2.77;0;-37.48;0.0;0.01;0.0;1.96
2020;1;228;beauce_5_sa_055;orgeh;orgeH_tousSols_nonirr_organique;3.5;0.0;63.62;0.0;83.55;62.34;38.83;0.09;0.0;0;44.51;0;-707.37;0.06;0.04;0.0;3.5
2020;229;302;beauce_5_sa_055;solnu;;1.63;0.0;31.11;-15.43;0.0;38.83;52.79;0.08;0.0;0;0;0;-302.7;0.07;0.01;0.0;1.63
2020;303;366;beauce_5_sa_055;orgeh;orgeH_tousSols_nonirr_organique;2.12;0.0;9.11;-36.3;0.0;53.04;23.49;0.0;0.0;0;0.0;0;-44.15;0.0;0.0;0.0;2.12
2020;1;216;beauce_5_sa_056;orgeh;orgeH_tousSols_nonirr_organique;3.58;0.0;56.7;0.0;86.31;64.48;31.22;0.08;0.0;0;44.82;0;-631.37;0.05;0.03;0.0;3.58
2020;217;313;beauce_5_sa_056;solnu;;1.55;0.0;39.68;-46.18;0.0;31.22;23.11;0.06;0.01;0;0;0;-365.04;0.05;0.01;0.0;1.55
2020;314;366;beauce_5_sa_056;orgeh;orgeH_tousSols_nonirr_organique;1.9;0.0;7.07;-7.05;0.0;23.08;21.23;0.0;0.0;0;0.0;0;-23.1;0.0;0.0;0.0;1.9
2020;1;176;beauce_5_sa_057;orgeh;orgeH_tousSols_nonirr_organique;3.65;0.0;39.49;0.0;79.16;65.48;22.09;0.07;0.0;0;40.74;0;-440.39;0.05;0.02;0.0;3.65
2020;177;317;beauce_5_sa_057;solnu;;1.7;0.0;57.76;-13.08;0.0;22.09;64.96;0.11;0.0;0;0;0;-562.5;0.08;0.03;0.0;1.7
2020;318;366;beauce_5_sa_057;orgeh;orgeH_tousSols_nonirr_organique;2.43;0.0;6.48;-41.82;0.0;65.07;27.18;0.01;0.0;0;0.0;0;-35.07;0.01;0.0;0.0;2.43
2020;1;224;beauce_5_sa_058;orgeh;orgeH_tousSols_nonirr_organique;2.75;0.0;63.66;0.0;65.0;44.85;40.66;0.09;0.0;0;44.0;0;-709.23;0.05;0.04;0.0;2.75
2020;225;280;beauce_5_sa_058;solnu;;1.05;0.0;28.72;-50.46;0.0;40.66;17.85;0.03;0.0;0;0;0;-210.92;0.03;0.0;0.0;1.05
2020;281;366;beauce_5_sa_058;orgeh;orgeH_tousSols_nonirr_organique;1.92;0.0;14.15;-5.87;5.41;17.89;18.78;0.01;0.0;0;2.71;0;-35.12;0.0;0.01;0.0;1.92
2020;1;196;beauce_5_sa_059;orgeh;orgeH_tousSols_nonirr_organique;3.61;0.0;49.18;0.0;85.9;64.81;24.4;0.08;0.0;0;44.45;0;-546.78;0.05;0.03;0.0;3.61
2020;197;314;beauce_5_sa_059;solnu;;1.67;0.0;47.36;-47.6;0.0;24.4;22.44;0.06;0.01;0;0;0;-429.91;0.04;0.02;0.0;1.67
2020;315;366;beauce_5_sa_059;orgeh;orgeH_tousSols_nonirr_organique;1.85;0.0;6.9;-6.77;0.0;22.44;20.71;0.0;0.0;0;0.0;0;-22.52;0.0;0.0;0.0;1.85
2020;1;227;beauce_5_sa_060;orgeh;orgeH_tousSols_nonirr_organique;3.55;0.0;62.92;0.0;84.93;63.3;37.64;0.09;0.0;0;44.72;0;-696.41;0.05;0.04;0.0;3.55
2020;228;307;beauce_5_sa_060;solnu;;1.58;0.0;32.66;-15.28;0.0;37.64;53.35;0.08;0.0;0;0;0;-320.3;0.07;0.01;0.0;1.58
2020;308;366;beauce_5_sa_060;orgeh;orgeH_tousSols_nonirr_organique;2.1;0.0;8.12;-36.1;0.0;53.6;23.27;0.0;0.0;0;0.0;0;-39.48;0.0;0.0;0.0;2.1
2020;1;217;beauce_5_sa_061;orgeh;orgeH_tousSols_nonirr_organique;3.56;0.0;57.39;0.0;84.56;63.49;32.67;0.08;0.0;0;44.44;0;-637.34;0.05;0.03;0.0;3.56
2020;218;308;beauce_5_sa_061;solnu;;1.51;0.0;38.27;-34.31;0.0;32.67;35.04;0.08;0.0;0;0;0;-369.73;0.07;0.02;0.0;1.51
2020;309;366;beauce_5_sa_061;orgeh;orgeH_tousSols_nonirr_organique;2.08;0.0;7.91;-17.73;0.0;34.05;23.14;0.0;0.0;0;0.0;0;-33.03;0.0;0.0;0.0;2.08
2020;1;228;beauce_5_sa_062;orgeh;orgeH_tousSols_nonirr_organique;2.96;0.0;65.17;0.0;69.41;48.89;41.61;0.09;0.0;0;44.17;0;-724.76;0.05;0.04;0.0;2.96
2020;229;286;beauce_5_sa_062;solnu;;1.06;0.0;27.78;-15.69;0.0;41.61;52.56;0.08;0.0;0;0;0;-273.4;0.07;0.01;0.0;1.06
2020;287;366;beauce_5_sa_062;orgeh;orgeH_tousSols_nonirr_organique;2.46;0.0;12.41;-38.28;2.69;52.79;21.53;0.01;0.0;0;1.34;0;-55.02;0.01;0.0;0.0;2.46
2020;1;176;beauce_5_sa_063;orgeh;orgeH_tousSols_nonirr_organique;1.73;0.0;41.2;0.0;46.68;27.05;19.79;0.04;0.0;0;43.71;0;-459.09;0.02;0.02;0.0;1.73
2020;177;265;beauce_5_sa_063;solnu;;0.4;0.0;47.69;-14.03;0.0;19.79;52.96;0.08;0.0;0;0;0;-461.18;0.06;0.02;0.0;0.4
2020;266;366;beauce_5_sa_063;orgeh;orgeH_tousSols_nonirr_organique;1.92;0.0;19.1;-51.03;6.0;53.33;13.1;0.01;0.0;0;3.0;0;-87.91;0.01;0.0;0.0;1.92
2020;1;180;beauce_5_sa_064;orgeh;orgeH_tousSols_nonirr_organique;1.7;0.0;43.1;0.0;45.07;25.64;21.93;0.04;0.0;0;43.62;0;-477.59;0.02;0.03;0.0;1.7
2020;181;264;beauce_5_sa_064;solnu;;0.4;0.0;45.65;-14.25;0.0;21.93;52.84;0.09;0.0;0;0;0;-443.85;0.07;0.02;0.0;0.4
2020;265;366;beauce_5_sa_064;orgeh;orgeH_tousSols_nonirr_organique;1.87;0.0;19.45;-51.01;6.0;53.23;13.4;0.01;0.0;0;3.0;0;-87.11;0.01;0.0;0.0;1.87
2020;1;200;beauce_5_sa_065;orgeh;orgeH_tousSols_nonirr_organique;1.72;0.0;55.23;0.0;44.37;25.5;34.59;0.05;0.0;0;43.36;0;-613.93;0.02;0.03;0.0;1.72
2020;201;263;beauce_5_sa_065;solnu;;0.51;0.0;35.01;-58.9;0.0;34.59;10.17;0.02;0.0;0;0;0;-252.02;0.01;0.0;0.0;0.51
2020;264;366;beauce_5_sa_065;orgeh;orgeH_tousSols_nonirr_organique;1.39;0.0;19.99;5.42;18.7;10.16;15.47;0.02;0.0;0;9.35;0;-66.98;0.01;0.02;0.0;1.39
2020;1;177;beauce_5_sa_066;orgeh;orgeH_tousSols_nonirr_organique;3.53;0.0;39.83;0.0;77.68;62.89;21.44;0.07;0.0;0;41.3;0;-444.16;0.05;0.02;0.0;3.53
2020;178;304;beauce_5_sa_066;solnu;;1.65;0.0;55.37;-13.33;0.0;21.44;61.72;0.1;0.0;0;0;0;-538.14;0.08;0.03;0.0;1.65
2020;305;366;beauce_5_sa_066;orgeh;orgeH_tousSols_nonirr_organique;2.31;0.0;8.72;-42.41;0.0;61.94;25.72;0.0;0.0;0;0.0;0;-45.4;0.0;0.0;0.0;2.31
2020;1;197;beauce_5_sa_067;orgeh;orgeH_tousSols_nonirr_organique;3.4;0.0;49.99;0.0;79.59;59.49;26.42;0.07;0.0;0;43.95;0;-557.23;0.04;0.03;0.0;3.4
2020;198;296;beauce_5_sa_067;solnu;;1.53;0.0;43.73;-14.26;0.0;26.42;54.26;0.09;0.01;0;0;0;-422.24;0.07;0.02;0.0;1.53
2020;297;366;beauce_5_sa_067;orgeh;orgeH_tousSols_nonirr_organique;2.09;0.0;10.42;-39.42;0.0;54.5;23.16;0.0;0.0;0;0.0;0;-50.68;0.0;0.0;0.0;2.09
2020;1;215;beauce_5_sa_068;orgeh;orgeH_tousSols_nonirr_organique;1.76;0.0;63.3;0.0;39.2;19.73;42.01;0.06;0.0;0;43.65;0;-701.94;0.02;0.04;0.0;1.76
2020;216;260;beauce_5_sa_068;solnu;;0.62;0.0;27.01;-15.77;0.0;42.01;52.53;0.1;0.01;0;0;0;-268.38;0.09;0.01;0.0;0.62
2020;261;366;beauce_5_sa_068;orgeh;orgeH_tousSols_nonirr_organique;2.1;0.0;20.7;-50.2;6.43;52.81;14.49;0.0;0.0;0;3.22;0;-82.01;0.0;0.0;0.0;2.1
2020;1;225;beauce_5_sa_069;orgeh;orgeH_tousSols_nonirr_organique;3.38;0.0;62.21;0.0;79.04;59.07;38.77;0.09;0.0;0;43.89;0;-692.94;0.05;0.04;0.0;3.38
2020;226;295;beauce_5_sa_069;solnu;;1.61;0.0;31.62;-15.44;0.0;38.77;53.25;0.09;0.0;0;0;0;-306.63;0.07;0.01;0.0;1.61
2020;296;366;beauce_5_sa_069;orgeh;orgeH_tousSols_nonirr_organique;2.13;0.0;10.57;-38.13;0.0;53.43;23.57;0.0;0.0;0;0.0;0;-49.36;0.0;0.0;0.0;2.13
2020;1;184;beauce_5_sa_070;orgeh;orgeH_tousSols_nonirr_organique;3.47;0.0;44.38;0.0;81.8;61.74;19.52;0.07;0.0;0;43.94;0;-490.08;0.05;0.03;0.0;3.47
2020;185;300;beauce_5_sa_070;solnu;;1.51;0.0;49.99;-28.4;0.0;19.52;39.74;0.08;0.01;0;0;0;-488.76;0.06;0.02;0.0;1.51
2020;301;366;beauce_5_sa_070;orgeh;orgeH_tousSols_nonirr_organique;2.08;0.0;9.57;-24.17;0.0;37.17;23.05;0.0;0.0;0;0.0;0;-42.89;0.0;0.0;0.0;2.08
2020;1;199;beauce_5_sa_071;orgeh;orgeH_tousSols_nonirr_organique;2.78;0.0;51.77;0.0;66.12;45.55;28.35;0.06;0.0;0;44.19;0;-576.71;0.03;0.03;0.0;2.78
2020;200;282;beauce_5_sa_071;solnu;;0.92;0.0;40.3;-14.68;0.0;28.35;52.96;0.08;0.0;0;0;0;-389.9;0.07;0.02;0.0;0.92
2020;283;366;beauce_5_sa_071;orgeh;orgeH_tousSols_nonirr_organique;2.27;0.0;13.6;-40.61;4.39;53.25;19.29;0.0;0.0;0;2.19;0;-64.39;0.0;0.0;0.0;2.27
2020;1;177;beauce_5_sa_072;orgeh;orgeH_tousSols_nonirr_organique;3.59;0.0;39.8;0.0;78.52;64.03;21.64;0.07;0.0;0;41.15;0;-443.83;0.05;0.02;0.0;3.59
2020;178;311;beauce_5_sa_072;solnu;;1.77;0.0;56.73;-50.88;0.0;21.64;25.64;0.08;0.01;0;0;0;-529.02;0.06;0.02;0.0;1.77
2020;312;366;beauce_5_sa_072;orgeh;orgeH_tousSols_nonirr_organique;2.12;0.0;7.3;-7.07;0.0;25.63;23.75;0.0;0.0;0;0.0;0;-26.51;0.0;0.0;0.0;2.12
2020;1;212;beauce_5_sa_073;orgeh;orgeH_tousSols_nonirr_organique;2.07;0.0;58.87;0.0;56.06;36.38;37.06;0.06;0.0;0;43.69;0;-653.69;0.02;0.04;0.0;2.07
2020;213;271;beauce_5_sa_073;solnu;;0.58;0.0;32.66;-53.02;0.0;37.06;16.05;0.06;0.0;0;0;0;-274.09;0.06;0.0;0.0;0.58
2020;272;366;beauce_5_sa_073;orgeh;orgeH_tousSols_nonirr_organique;2.19;0.0;17.0;-8.88;4.61;16.04;17.37;0.01;0.0;0;2.3;0;-49.44;0.0;0.01;0.0;2.19
2020;1;216;beauce_5_sa_074;orgeh;orgeH_tousSols_nonirr_organique;3.48;0.0;57.05;0.0;82.59;61.73;32.64;0.08;0.0;0;44.33;0;-635.17;0.05;0.03;0.0;3.48
2020;217;300;beauce_5_sa_074;solnu;;1.62;0.0;37.24;-45.96;0.0;32.64;22.22;0.06;0.0;0;0;0;-343.64;0.05;0.01;0.0;1.62
2020;301;366;beauce_5_sa_074;orgeh;orgeH_tousSols_nonirr_organique;1.84;0.0;9.57;-9.43;0.0;22.22;20.53;0.0;0.0;0;0.0;0;-32.11;0.0;0.0;0.0;1.84
2020;1;182;beauce_5_sa_075;orgeh;orgeH_tousSols_nonirr_organique;3.4;0.0;42.33;0.0;78.45;59.49;18.76;0.07;0.0;0;43.38;0;-469.4;0.04;0.03;0.0;3.4
2020;183;296;beauce_5_sa_075;solnu;;1.54;0.0;51.4;-13.8;0.0;18.76;54.87;0.09;0.01;0;0;0;-502.52;0.06;0.02;0.0;1.54
2020;297;366;beauce_5_sa_075;orgeh;orgeH_tousSols_nonirr_organique;2.1;0.0;10.42;-39.86;0.0;55.11;23.33;0.0;0.0;0;0.0;0;-52.15;0.0;0.0;0.0;2.1
2020;1;184;beauce_5_sa_076;orgeh;orgeH_tousSols_nonirr_organique;3.12;0.0;44.77;0.0;72.94;53.19;21.84;0.07;0.0;0;43.78;0;-494.24;0.04;0.03;0.0;3.12
2020;185;290;beauce_5_sa_076;solnu;;0.97;0.0;48.38;-13.81;0.0;21.84;55.36;0.08;0.0;0;0;0;-472.63;0.06;0.02;0.0;0.97
2020;291;366;beauce_5_sa_076;orgeh;orgeH_tousSols_nonirr_organique;2.5;0.0;11.7;-39.3;2.87;55.53;22.37;0.02;0.0;0;1.44;0;-58.81;0.02;0.0;0.0;2.5
2020;1;210;beauce_5_sa_077;orgeh;orgeH_tousSols_nonirr_organique;3.6;0.0;53.91;0.0;85.46;64.3;29.07;0.08;0.0;0;44.48;0;-601.1;0.05;0.03;0.0;3.6
2020;211;312;beauce_5_sa_077;solnu;;1.64;0.0;42.39;-47.36;0.0;29.07;22.4;0.06;0.01;0;0;0;-384.25;0.05;0.01;0.0;1.64
2020;313;366;beauce_5_sa_077;orgeh;orgeH_tousSols_nonirr_organique;1.85;0.0;7.17;-7.09;0.0;22.4;20.63;0.0;0.0;0;0.0;0;-22.8;0.0;0.0;0.0;1.85
2020;1;220;beauce_5_sa_078;orgeh;orgeH_tousSols_nonirr_organique;2.03;0.0;63.48;0.0;54.41;34.41;41.39;0.06;0.0;0;43.88;0;-707.69;0.02;0.04;0.0;2.03
2020;221;271;beauce_5_sa_078;solnu;;0.65;0.0;27.9;-15.72;0.0;41.39;52.82;0.09;0.01;0;0;0;-271.04;0.08;0.01;0.0;0.65
2020;272;366;beauce_5_sa_078;orgeh;orgeH_tousSols_nonirr_organique;2.81;0.0;16.91;-44.6;2.67;53.12;19.63;0.03;0.0;0;1.33;0;-74.36;0.03;0.0;0.0;2.81
2020;1;194;beauce_5_sa_079;orgeh;orgeH_tousSols_nonirr_organique;3.38;0.0;48.77;0.0;78.76;59.49;26.05;0.07;0.0;0;43.54;0;-542.42;0.04;0.03;0.0;3.38
2020;195;296;beauce_5_sa_079;solnu;;1.56;0.0;44.99;-28.39;0.0;26.05;41.0;0.09;0.01;0;0;0;-435.41;0.07;0.02;0.0;1.56
2020;297;366;beauce_5_sa_079;orgeh;orgeH_tousSols_nonirr_organique;2.09;0.0;10.43;-26.13;0.0;38.32;23.21;0.0;0.0;0;0.0;0;-44.4;0.0;0.0;0.0;2.09
2020;1;202;beauce_5_sa_080;orgeh;orgeH_tousSols_nonirr_organique;1.81;0.0;55.13;0.0;49.36;29.19;33.1;0.05;0.0;0;43.97;0;-614.72;0.02;0.03;0.0;1.81
2020;203;267;beauce_5_sa_080;solnu;;0.52;0.0;35.41;-15.22;0.0;33.1;52.69;0.08;0.0;0;0;0;-342.03;0.07;0.01;0.0;0.52
2020;268;366;beauce_5_sa_080;orgeh;orgeH_tousSols_nonirr_organique;2.18;0.0;18.35;-49.52;4.5;52.92;14.82;0.01;0.0;0;2.25;0;-78.2;0.01;0.0;0.0;2.18
2020;1;187;beauce_5_sa_081;orgeh;orgeH_tousSols_nonirr_organique;1.67;0.0;48.5;0.0;39.56;20.41;27.63;0.04;0.0;0;43.54;0;-539.47;0.01;0.03;0.0;1.67
2020;188;261;beauce_5_sa_081;solnu;;0.49;0.0;40.78;-14.72;0.0;27.63;53.1;0.09;0.0;0;0;0;-395.76;0.08;0.02;0.0;0.49
2020;262;366;beauce_5_sa_081;orgeh;orgeH_tousSols_nonirr_organique;1.82;0.0;20.45;-51.65;6.99;53.49;13.09;0.0;0.0;0;3.49;0;-86.74;0.0;0.0;0.0;1.82
2020;1;217;beauce_5_sa_082;orgeh;orgeH_tousSols_nonirr_organique;2.1;0.0;61.51;0.0;54.98;35.38;39.75;0.06;0.0;0;43.71;0;-682.25;0.02;0.04;0.0;2.1
2020;218;272;beauce_5_sa_082;solnu;;0.51;0.0;29.75;-15.64;0.0;39.75;53.27;0.08;0.0;0;0;0;-293.28;0.07;0.01;0.0;0.51
2020;273;366;beauce_5_sa_082;orgeh;orgeH_tousSols_nonirr_organique;2.75;0.0;16.64;-44.0;4.17;53.13;18.97;0.03;0.0;0;2.08;0;-73.71;0.03;0.0;0.0;2.75
2020;1;180;beauce_5_sa_083;orgeh;orgeH_tousSols_nonirr_organique;2.87;0.0;41.69;0.0;68.22;47.11;17.64;0.06;0.0;0;44.47;0;-462.18;0.03;0.03;0.0;2.87
2020;181;284;beauce_5_sa_083;solnu;;0.9;0.0;50.41;-13.7;0.0;17.64;53.36;0.08;0.0;0;0;0;-489.12;0.06;0.02;0.0;0.9
2020;285;366;beauce_5_sa_083;orgeh;orgeH_tousSols_nonirr_organique;2.29;0.0;12.97;-41.41;2.69;53.77;19.93;0.01;0.0;0;1.34;0;-66.48;0.01;0.0;0.0;2.29
2020;1;221;beauce_5_sa_084;orgeh;orgeH_tousSols_nonirr_organique;3.53;0.0;59.37;0.0;84.45;62.89;34.2;0.08;0.0;0;44.68;0;-660.49;0.05;0.04;0.0;3.53
2020;222;304;beauce_5_sa_084;solnu;;1.53;0.0;35.63;-15.04;0.0;34.2;53.18;0.08;0.0;0;0;0;-345.17;0.07;0.01;0.0;1.53
2020;305;366;beauce_5_sa_084;orgeh;orgeH_tousSols_nonirr_organique;2.08;0.0;8.71;-36.75;0.0;53.39;23.05;0.0;0.0;0;0.0;0;-42.71;0.0;0.0;0.0;2.08
2020;1;219;beauce_5_sa_085;orgeh;orgeH_tousSols_nonirr_organique;3.6;0.0;58.35;0.0;85.45;64.29;33.51;0.08;0.0;0;44.48;0;-649.71;0.05;0.04;0.0;3.6
2020;220;312;beauce_5_sa_085;solnu;;1.52;0.0;37.97;-14.77;0.0;33.51;55.1;0.09;0.0;0;0;0;-366.85;0.07;0.02;0.0;1.52
2020;313;366;beauce_5_sa_085;orgeh;orgeH_tousSols_nonirr_organique;2.09;0.0;7.15;-36.9;0.0;55.2;23.25;0.0;0.0;0;0.0;0;-35.58;0.0;0.0;0.0;2.09
2020;1;197;beauce_5_sa_086;orgeh;orgeH_tousSols_nonirr_organique;3.57;0.0;49.41;0.0;86.62;65.13;24.27;0.08;0.0;0;44.65;0;-550.89;0.05;0.03;0.0;3.57
2020;198;316;beauce_5_sa_086;solnu;;1.5;0.0;47.26;-37.84;0.0;24.27;32.12;0.08;0.01;0;0;0;-453.41;0.06;0.02;0.0;1.5
2020;317;366;beauce_5_sa_086;orgeh;orgeH_tousSols_nonirr_organique;2.08;0.0;6.58;-13.5;0.0;30.99;23.11;0.0;0.0;0;0.0;0;-27.24;0.0;0.0;0.0;2.08
2020;1;178;beauce_5_sa_087;orgeh;orgeH_tousSols_nonirr_organique;2.1;0.0;41.35;0.0;54.98;35.38;19.61;0.05;0.0;0;43.71;0;-458.92;0.02;0.02;0.0;2.1
2020;179;272;beauce_5_sa_087;solnu;;0.34;0.0;48.65;-13.91;0.0;19.61;53.93;0.08;0.0;0;0;0;-472.92;0.05;0.02;0.0;0.34
2020;273;366;beauce_5_sa_087;orgeh;orgeH_tousSols_nonirr_organique;2.51;0.0;16.69;-44.8;5.67;53.87;17.61;0.03;0.0;0;2.83;0;-80.68;0.03;0.0;0.0;2.51
2020;1;197;beauce_5_sa_088;orgeh;orgeH_tousSols_nonirr_organique;3.53;0.0;49.65;0.0;84.6;63.02;24.47;0.08;0.0;0;44.7;0;-553.52;0.05;0.03;0.0;3.53
2020;198;306;beauce_5_sa_088;solnu;;1.48;0.0;45.63;-13.99;0.0;24.47;54.55;0.08;0.01;0;0;0;-439.55;0.06;0.02;0.0;1.48
2020;307;366;beauce_5_sa_088;orgeh;orgeH_tousSols_nonirr_organique;2.06;0.0;8.32;-37.96;0.0;54.76;22.85;0.0;0.0;0;0.0;0;-42.75;0.0;0.0;0.0;2.06
2020;1;214;beauce_5_sa_089;orgeh;orgeH_tousSols_nonirr_organique;3.62;0.0;55.67;0.0;85.91;64.81;30.87;0.08;0.0;0;44.45;0;-619.54;0.05;0.03;0.0;3.62
2020;215;314;beauce_5_sa_089;solnu;;1.52;0.0;40.83;-26.52;0.0;30.87;43.58;0.08;0.01;0;0;0;-393.86;0.07;0.02;0.0;1.52
2020;315;366;beauce_5_sa_089;orgeh;orgeH_tousSols_nonirr_organique;2.09;0.0;6.88;-25.1;0.0;41.11;23.26;0.0;0.0;0;0.0;0;-30.38;0.0;0.0;0.0;2.09
2020;1;229;beauce_5_sa_090;orgeh;orgeH_tousSols_nonirr_organique;3.53;0.0;64.21;0.0;84.45;62.89;39.03;0.09;0.0;0;44.68;0;-713.07;0.06;0.04;0.0;3.53
2020;230;304;beauce_5_sa_090;solnu;;1.63;0.0;30.91;-15.44;0.0;39.03;52.79;0.08;0.0;0;0;0;-301.99;0.07;0.01;0.0;1.63
2020;305;366;beauce_5_sa_090;orgeh;orgeH_tousSols_nonirr_organique;2.11;0.0;8.7;-35.91;0.0;53.0;23.47;0.0;0.0;0;0.0;0;-41.47;0.0;0.0;0.0;2.11
2020;1;210;beauce_5_sa_091;orgeh;orgeH_tousSols_nonirr_organique;3.12;0.0;55.04;0.0;72.94;53.19;32.1;0.07;0.0;0;43.78;0;-613.64;0.04;0.03;0.0;3.12
2020;211;290;beauce_5_sa_091;solnu;;0.99;0.0;38.03;-14.9;0.0;32.1;54.16;0.08;0.0;0;0;0;-367.79;0.06;0.02;0.0;0.99
2020;291;366;beauce_5_sa_091;orgeh;orgeH_tousSols_nonirr_organique;2.5;0.0;11.69;-38.12;2.87;54.33;22.34;0.01;0.0;0;1.44;0;-56.7;0.01;0.0;0.0;2.5
2020;1;177;beauce_5_sa_092;orgeh;orgeH_tousSols_nonirr_organique;3.62;0.0;39.78;0.0;79.17;64.81;21.72;0.07;0.0;0;41.08;0;-443.57;0.05;0.02;0.0;3.62
2020;178;314;beauce_5_sa_092;solnu;;1.67;0.0;57.04;-13.15;0.0;21.72;63.83;0.11;0.0;0;0;0;-554.67;0.08;0.03;0.0;1.67
2020;315;366;beauce_5_sa_092;orgeh;orgeH_tousSols_nonirr_organique;2.38;0.0;6.88;-41.71;0.0;64.02;26.6;0.01;0.0;0;0.0;0;-37.67;0.01;0.0;0.0;2.38
2020;1;200;beauce_5_sa_093;orgeh;orgeH_tousSols_nonirr_organique;3.12;0.0;51.54;0.0;73.0;53.26;28.61;0.07;0.0;0;43.78;0;-573.81;0.04;0.03;0.0;3.12
2020;201;290;beauce_5_sa_093;solnu;;0.98;0.0;41.55;-46.91;0.0;28.61;22.19;0.08;0.0;0;0;0;-394.74;0.06;0.02;0.0;0.98
2020;291;366;beauce_5_sa_093;orgeh;orgeH_tousSols_nonirr_organique;2.37;0.0;11.72;-11.7;0.0;22.03;19.84;0.0;0.0;0;0.0;0;-41.83;0.0;0.0;0.0;2.37
2020;1;182;beauce_5_sa_094;orgeh;orgeH_tousSols_nonirr_organique;3.04;0.0;42.59;0.0;71.33;50.49;18.66;0.06;0.0;0;44.33;0;-472.22;0.04;0.03;0.0;3.04
2020;183;288;beauce_5_sa_094;solnu;;0.94;0.0;50.26;-13.65;0.0;18.66;54.25;0.08;0.0;0;0;0;-489.6;0.06;0.02;0.0;0.94
2020;289;366;beauce_5_sa_094;orgeh;orgeH_tousSols_nonirr_organique;2.37;0.0;12.07;-39.87;2.97;54.45;21.09;0.01;0.0;0;1.49;0;-60.66;0.01;0.0;0.0;2.37
2020;1;179;beauce_5_sa_095;orgeh;orgeH_tousSols_nonirr_organique;3.56;0.0;40.66;0.0;78.84;63.49;20.59;0.07;0.0;0;41.58;0;-451.53;0.05;0.02;0.0;3.56
2020;180;308;beauce_5_sa_095;solnu;;1.59;0.0;54.94;-13.4;0.0;20.59;60.68;0.1;0.0;0;0;0;-535.51;0.07;0.03;0.0;1.59
2020;309;366;beauce_5_sa_095;orgeh;orgeH_tousSols_nonirr_organique;2.26;0.0;7.92;-41.22;0.0;60.76;25.11;0.01;0.0;0;0.0;0;-42.05;0.0;0.0;0.0;2.26
2020;1;228;beauce_5_sa_096;orgeh;orgeH_tousSols_nonirr_organique;2.63;0.0;68.07;0.0;56.86;37.4;45.87;0.11;0.01;0;43.6;0;-757.26;0.07;0.04;0.0;2.63
2020;229;272;beauce_5_sa_096;solnu;;0.47;0.0;23.66;-50.31;0.0;45.87;18.68;0.05;0.0;0;0;0;-200.89;0.04;0.0;0.0;0.47
2020;273;366;beauce_5_sa_096;orgeh;orgeH_tousSols_nonirr_organique;2.52;0.0;16.68;-14.22;0.78;18.1;17.85;0.0;0.0;0;0.39;0;-49.4;0.0;0.0;0.0;2.52
2020;1;176;beauce_5_sa_097;orgeh;orgeH_tousSols_nonirr_organique;3.29;0.0;39.74;0.0;74.24;57.09;19.23;0.07;0.0;0;42.48;0;-443.1;0.04;0.02;0.0;3.29
2020;177;293;beauce_5_sa_097;solnu;;1.33;0.0;53.79;-51.66;0.0;19.23;19.96;0.06;0.0;0;0;0;-497.71;0.04;0.02;0.0;1.33
2020;294;366;beauce_5_sa_097;orgeh;orgeH_tousSols_nonirr_organique;1.85;0.0;11.11;-10.8;0.0;19.74;18.42;0.0;0.0;0;0.0;0;-37.26;0.0;0.0;0.0;1.85
2020;1;208;beauce_5_sa_098;orgeh;orgeH_tousSols_nonirr_organique;3.3;0.0;54.0;0.0;77.43;57.09;30.28;0.07;0.0;0;44.08;0;-602.59;0.04;0.03;0.0;3.3
2020;209;293;beauce_5_sa_098;solnu;;1.24;0.0;39.24;-14.75;0.0;30.28;53.45;0.08;0.0;0;0;0;-378.33;0.06;0.02;0.0;1.24
2020;294;366;beauce_5_sa_098;orgeh;orgeH_tousSols_nonirr_organique;2.31;0.0;11.07;-39.23;0.22;53.45;22.76;0.01;0.0;0;0.11;0;-52.89;0.01;0.0;0.0;2.31
2020;1;227;beauce_5_sa_099;orgeh;orgeH_tousSols_nonirr_organique;2.94;0.0;64.8;0.0;69.35;48.82;41.24;0.09;0.0;0;44.16;0;-717.43;0.05;0.04;0.0;2.94
2020;228;285;beauce_5_sa_099;solnu;;1.06;0.0;28.2;-50.19;0.0;41.24;18.14;0.05;0.0;0;0;0;-257.71;0.04;0.01;0.0;1.06
2020;286;366;beauce_5_sa_099;orgeh;orgeH_tousSols_nonirr_organique;1.91;0.0;12.61;-12.49;0.0;18.14;16.34;0.0;0.0;0;0.0;0;-35.79;0.0;0.0;0.0;1.91
2021;1;224;beauce_5_sa_000;orgeh;orgeH_tousSols_nonirr_organique;5.0;0.0;59.07;19.31;62.66;16.36;28.02;0.05;0.0;0;31.33;0;-347.28;0.01;0.05;0.0;5.0
2021;225;297;beauce_5_sa_000;solnu;;0.97;0.0;27.4;-38.31;0.0;28.02;16.04;0.03;0.07;0;0;0;-185.09;0.02;0.01;0.0;0.97
2021;298;365;beauce_5_sa_000;orgeh;orgeH_tousSols_nonirr_organique;2.94;0.0;9.08;-8.95;0.0;16.04;13.23;0.0;0.0;0;0.0;0;-20.66;0.0;0.0;0.0;2.94
2021;1;218;beauce_5_sa_001;orgeh;orgeH_tousSols_nonirr_organique;5.56;0.0;56.11;15.82;56.12;18.35;29.75;0.05;0.0;0;28.06;0;-313.31;0.0;0.04;0.0;5.56
2021;219;287;beauce_5_sa_001;solnu;;0.93;0.0;27.35;-27.9;0.0;29.75;28.15;0.04;0.07;0;0;0;-199.29;0.03;0.01;0.0;0.93
2021;288;365;beauce_5_sa_001;orgeh;orgeH_tousSols_nonirr_organique;3.35;0.0;11.5;-17.3;1.88;26.67;17.12;0.0;0.0;0;0.94;0;-30.3;0.0;0.0;0.0;3.35
2021;1;211;beauce_5_sa_002;orgeh;orgeH_tousSols_nonirr_organique;6.57;0.0;52.39;10.23;53.21;21.55;25.81;0.04;0.0;0;27.48;0;-276.54;0.0;0.04;0.0;6.57
2021;212;291;beauce_5_sa_002;solnu;;1.13;0.0;31.72;-8.61;0.0;25.81;47.69;0.04;0.06;0;0;0;-231.61;0.03;0.01;0.0;1.13
2021;292;365;beauce_5_sa_002;orgeh;orgeH_tousSols_nonirr_organique;3.38;0.0;10.71;-34.4;4.33;48.15;16.29;0.01;0.0;0;2.16;0;-38.93;0.01;0.0;0.0;3.38
2021;1;189;beauce_5_sa_003;orgeh;orgeH_tousSols_nonirr_organique;6.55;0.0;41.52;4.36;50.81;21.43;10.42;0.03;0.0;0;25.41;0;-195.04;0.0;0.03;0.0;6.55
2021;190;304;beauce_5_sa_003;solnu;;1.19;0.0;45.29;-2.67;0.0;10.42;51.87;0.06;0.05;0;0;0;-310.83;0.03;0.03;0.0;1.19
2021;305;365;beauce_5_sa_003;orgeh;orgeH_tousSols_nonirr_organique;3.75;0.0;7.88;-32.31;3.27;52.0;20.39;0.03;0.0;0;1.63;0;-33.33;0.03;0.0;0.0;3.75
2021;1;217;beauce_5_sa_004;orgeh;orgeH_tousSols_nonirr_organique;6.58;0.0;55.68;11.14;53.22;21.58;30.01;0.04;0.0;0;27.49;0;-302.44;0.0;0.04;0.0;6.58
2021;218;291;beauce_5_sa_004;solnu;;1.11;0.0;28.41;-9.74;0.0;30.01;47.46;0.04;0.07;0;0;0;-207.36;0.03;0.01;0.0;1.11
2021;292;365;beauce_5_sa_004;orgeh;orgeH_tousSols_nonirr_organique;3.57;0.0;10.71;-34.63;3.94;47.9;16.02;0.01;0.0;0;1.97;0;-38.55;0.01;0.0;0.0;3.57
2021;1;230;beauce_5_sa_005;orgeh;orgeH_tousSols_nonirr_organique;6.54;0.0;61.48;11.38;56.53;21.2;32.4;0.05;0.0;0;28.26;0;-335.72;0.01;0.04;0.0;6.54
2021;231;312;beauce_5_sa_005;solnu;;1.39;0.0;27.31;-38.88;0.0;32.4;19.33;0.04;0.07;0;0;0;-188.42;0.03;0.01;0.0;1.39
2021;313;365;beauce_5_sa_005;orgeh;orgeH_tousSols_nonirr_organique;3.34;0.0;6.15;-6.09;0.0;19.32;16.05;0.0;0.0;0;0.0;0;-15.08;0.0;0.0;0.0;3.34
2021;1;227;beauce_5_sa_006;orgeh;orgeH_tousSols_nonirr_organique;5.19;0.0;59.92;24.71;49.05;15.63;46.99;0.08;0.0;0;26.03;0;-361.04;0.03;0.05;0.0;5.19
2021;228;261;beauce_5_sa_006;solnu;;1.09;0.0;15.98;-11.85;0.0;46.99;49.88;0.05;0.1;0;0;0;-123.04;0.04;0.0;0.0;1.09
2021;262;365;beauce_5_sa_006;orgeh;orgeH_tousSols_nonirr_organique;5.24;0.0;19.18;-35.51;5.11;50.12;23.2;0.0;0.0;0;2.55;0;-76.03;0.0;0.0;0.0;5.24
2021;1;183;beauce_5_sa_007;orgeh;orgeH_tousSols_nonirr_organique;6.47;0.0;38.77;4.63;48.53;22.41;11.3;0.03;0.0;0;24.26;0;-181.54;0.0;0.03;0.0;6.47
2021;184;306;beauce_5_sa_007;solnu;;1.48;0.0;47.75;-1.24;0.0;11.3;56.29;0.06;0.05;0;0;0;-328.43;0.04;0.03;0.0;1.48
2021;307;365;beauce_5_sa_007;orgeh;orgeH_tousSols_nonirr_organique;4.46;0.0;7.65;-30.82;3.0;56.56;25.61;0.04;0.01;0;1.5;0;-36.08;0.04;0.0;0.0;4.46
2021;1;184;beauce_5_sa_008;orgeh;orgeH_tousSols_nonirr_organique;3.74;0.0;40.07;19.51;53.13;16.54;19.76;0.07;0.02;0;30.71;0;-254.83;0.03;0.04;0.0;3.74
2021;185;256;beauce_5_sa_008;solnu;;0.86;0.0;33.85;-32.55;0.0;19.76;18.95;0.05;0.07;0;0;0;-243.5;0.04;0.01;0.0;0.86
2021;257;365;beauce_5_sa_008;orgeh;orgeH_tousSols_nonirr_organique;3.7;0.0;22.24;-8.9;8.91;18.95;19.66;0.01;0.0;0;4.46;0;-79.62;0.0;0.01;0.0;3.7
2021;1;206;beauce_5_sa_009;orgeh;orgeH_tousSols_nonirr_organique;6.58;0.0;49.47;10.04;55.36;21.55;20.56;0.04;0.0;0;27.68;0;-256.37;0.0;0.04;0.0;6.58
2021;207;294;beauce_5_sa_009;solnu;;1.18;0.0;35.39;-7.02;0.0;20.56;47.65;0.05;0.05;0;0;0;-253.63;0.03;0.02;0.0;1.18
2021;295;365;beauce_5_sa_009;orgeh;orgeH_tousSols_nonirr_organique;3.28;0.0;9.92;-34.01;3.35;48.03;16.9;0.01;0.0;0;1.68;0;-37.64;0.01;0.0;0.0;3.28
2021;1;203;beauce_5_sa_010;orgeh;orgeH_tousSols_nonirr_organique;6.61;0.0;47.92;9.83;54.66;21.66;19.57;0.04;0.0;0;27.33;0;-246.1;0.0;0.04;0.0;6.61
2021;204;293;beauce_5_sa_010;solnu;;1.18;0.0;36.83;-6.43;0.0;19.57;48.69;0.05;0.06;0;0;0;-262.96;0.03;0.02;0.0;1.18
2021;294;365;beauce_5_sa_010;orgeh;orgeH_tousSols_nonirr_organique;3.33;0.0;10.08;-33.59;4.69;48.88;17.15;0.01;0.0;0;2.35;0;-38.97;0.01;0.0;0.0;3.33
2021;1;219;beauce_5_sa_011;orgeh;orgeH_tousSols_nonirr_organique;6.73;0.0;56.5;12.05;54.36;21.84;30.74;0.05;0.0;0;27.18;0;-308.73;0.01;0.04;0.0;6.73
2021;220;293;beauce_5_sa_011;solnu;;1.16;0.0;28.29;-9.67;0.0;30.74;47.8;0.04;0.07;0;0;0;-205.61;0.03;0.01;0.0;1.16
2021;294;365;beauce_5_sa_011;orgeh;orgeH_tousSols_nonirr_organique;3.63;0.0;10.06;-34.09;2.38;47.98;17.76;0.01;0.0;0;1.19;0;-36.38;0.01;0.0;0.0;3.63
2021;1;204;beauce_5_sa_012;orgeh;orgeH_tousSols_nonirr_organique;4.4;0.0;48.42;21.47;51.84;13.92;28.38;0.06;0.0;0;28.17;0;-274.19;0.02;0.04;0.0;4.4
2021;205;266;beauce_5_sa_012;solnu;;0.88;0.0;29.25;-9.19;0.0;28.38;47.43;0.05;0.08;0;0;0;-217.06;0.04;0.01;0.0;0.88
2021;267;365;beauce_5_sa_012;orgeh;orgeH_tousSols_nonirr_organique;3.7;0.0;17.25;-35.35;8.02;47.73;17.61;0.0;0.0;0;4.01;0;-65.48;0.0;0.0;0.0;3.7
2021;1;227;beauce_5_sa_013;orgeh;orgeH_tousSols_nonirr_organique;6.08;0.0;60.13;12.88;58.43;19.85;29.63;0.05;0.0;0;29.21;0;-334.12;0.01;0.04;0.0;6.08
2021;228;314;beauce_5_sa_013;solnu;;1.68;0.0;29.16;-40.06;0.0;29.63;16.95;0.03;0.07;0;0;0;-192.39;0.02;0.01;0.0;1.68
2021;315;365;beauce_5_sa_013;orgeh;orgeH_tousSols_nonirr_organique;2.61;0.0;5.76;-5.69;0.0;16.95;14.41;0.0;0.0;0;0.0;0;-13.37;0.0;0.0;0.0;2.61
2021;1;210;beauce_5_sa_014;orgeh;orgeH_tousSols_nonirr_organique;5.41;0.0;51.63;14.32;51.08;17.72;28.28;0.05;0.0;0;27.63;0;-279.78;0.01;0.04;0.0;5.41
2021;211;277;beauce_5_sa_014;solnu;;0.97;0.0;29.03;-9.43;0.0;28.28;46.78;0.04;0.07;0;0;0;-214.19;0.03;0.01;0.0;0.97
2021;278;365;beauce_5_sa_014;orgeh;orgeH_tousSols_nonirr_organique;3.42;0.0;14.14;-34.18;8.26;47.19;15.06;0.0;0.0;0;4.13;0;-54.62;0.0;0.0;0.0;3.42
2021;1;215;beauce_5_sa_015;orgeh;orgeH_tousSols_nonirr_organique;5.86;0.0;54.99;15.16;57.67;19.4;27.22;0.04;0.0;0;28.84;0;-308.08;0.0;0.04;0.0;5.86
2021;216;293;beauce_5_sa_015;solnu;;1.08;0.0;30.04;-39.3;0.0;27.22;16.78;0.04;0.06;0;0;0;-211.21;0.03;0.01;0.0;1.08
2021;294;365;beauce_5_sa_015;orgeh;orgeH_tousSols_nonirr_organique;3.08;0.0;10.09;-8.75;0.0;16.73;15.04;0.0;0.0;0;0.0;0;-25.63;0.0;0.0;0.0;3.08
2021;1;174;beauce_5_sa_016;orgeh;orgeH_tousSols_nonirr_organique;6.45;0.0;33.94;7.56;46.85;24.04;12.92;0.03;0.0;0;23.42;0;-164.05;0.0;0.03;0.0;6.45
2021;175;297;beauce_5_sa_016;solnu;;1.92;0.0;50.97;0.37;0.0;12.92;62.25;0.08;0.07;0;0;0;-358.25;0.04;0.03;0.0;1.92
2021;298;365;beauce_5_sa_016;orgeh;orgeH_tousSols_nonirr_organique;5.12;0.0;9.06;-30.08;5.68;62.48;30.38;0.04;0.01;0;2.84;0;-43.04;0.04;0.0;0.0;5.12
2021;1;174;beauce_5_sa_017;orgeh;orgeH_tousSols_nonirr_organique;5.62;0.0;33.99;4.67;43.86;20.84;11.39;0.02;0.0;0;24.15;0;-157.27;0.0;0.02;0.0;5.62
2021;175;287;beauce_5_sa_017;solnu;;1.51;0.0;48.58;-1.13;0.0;11.39;57.2;0.06;0.07;0;0;0;-333.14;0.03;0.03;0.0;1.51
2021;288;365;beauce_5_sa_017;orgeh;orgeH_tousSols_nonirr_organique;4.01;0.0;11.51;-29.68;14.81;57.51;20.2;0.02;0.0;0;7.4;0;-51.52;0.01;0.0;0.0;4.01
2021;1;172;beauce_5_sa_018;orgeh;orgeH_tousSols_nonirr_organique;4.54;0.0;33.26;10.87;48.52;16.62;8.09;0.03;0.0;0;26.51;0;-160.72;0.0;0.03;0.0;4.54
2021;173;273;beauce_5_sa_018;solnu;;1.12;0.0;45.7;-2.84;0.0;8.09;49.76;0.06;0.07;0;0;0;-316.86;0.03;0.03;0.0;1.12
2021;274;365;beauce_5_sa_018;orgeh;orgeH_tousSols_nonirr_organique;3.29;0.0;15.28;-34.01;11.23;50.09;16.51;0.0;0.0;0;5.61;0;-65.8;0.0;0.0;0.0;3.29
2021;1;198;beauce_5_sa_019;orgeh;orgeH_tousSols_nonirr_organique;6.65;0.0;45.64;9.01;54.57;21.7;16.57;0.03;0.0;0;27.28;0;-230.64;0.0;0.03;0.0;6.65
2021;199;293;beauce_5_sa_019;solnu;;1.18;0.0;39.1;-5.37;0.0;16.57;49.02;0.05;0.05;0;0;0;-276.29;0.03;0.02;0.0;1.18
2021;294;365;beauce_5_sa_019;orgeh;orgeH_tousSols_nonirr_organique;3.31;0.0;10.08;-33.53;5.14;49.21;17.11;0.02;0.0;0;2.57;0;-39.81;0.01;0.0;0.0;3.31
2021;1;190;beauce_5_sa_020;orgeh;orgeH_tousSols_nonirr_organique;5.2;0.0;42.17;13.78;51.47;16.76;17.39;0.04;0.0;0;27.85;0;-218.93;0.01;0.03;0.0;5.2
2021;191;273;beauce_5_sa_020;solnu;;0.91;0.0;37.38;-6.05;0.0;17.39;47.68;0.05;0.07;0;0;0;-266.55;0.03;0.02;0.0;0.91
2021;274;365;beauce_5_sa_020;orgeh;orgeH_tousSols_nonirr_organique;3.26;0.0;15.27;-35.54;9.0;48.01;15.14;0.0;0.0;0;4.5;0;-62.62;0.0;0.0;0.0;3.26
2021;1;228;beauce_5_sa_021;orgeh;orgeH_tousSols_nonirr_organique;4.88;0.0;60.6;21.86;59.7;15.97;34.89;0.06;0.0;0;29.85;0;-363.62;0.01;0.05;0.0;4.88
2021;229;286;beauce_5_sa_021;solnu;;0.81;0.0;23.22;-37.47;0.0;34.89;19.71;0.04;0.08;0;0;0;-160.03;0.03;0.0;0.0;0.81
2021;287;365;beauce_5_sa_021;orgeh;orgeH_tousSols_nonirr_organique;3.73;0.0;11.76;-10.9;0.0;19.71;16.84;0.0;0.0;0;0.0;0;-29.79;0.0;0.0;0.0;3.73
2021;1;190;beauce_5_sa_022;orgeh;orgeH_tousSols_nonirr_organique;6.65;0.0;42.0;2.75;50.01;21.74;10.23;0.03;0.0;0;25.01;0;-194.96;0.0;0.03;0.0;6.65
2021;191;315;beauce_5_sa_022;solnu;;1.73;0.0;47.07;-1.59;0.0;10.23;53.91;0.09;0.05;0;0;0;-321.09;0.06;0.03;0.0;1.73
2021;316;365;beauce_5_sa_022;orgeh;orgeH_tousSols_nonirr_organique;3.91;0.0;5.54;-30.3;0.29;54.19;24.92;0.02;0.0;0;0.15;0;-26.83;0.02;0.0;0.0;3.91
2021;1;189;beauce_5_sa_023;orgeh;orgeH_tousSols_nonirr_organique;5.85;0.0;41.61;9.67;55.82;19.38;9.26;0.03;0.0;0;27.91;0;-206.59;0.0;0.03;0.0;5.85
2021;190;310;beauce_5_sa_023;solnu;;1.21;0.0;46.65;-41.14;0.0;9.26;13.53;0.04;0.04;0;0;0;-308.25;0.02;0.02;0.0;1.21
2021;311;365;beauce_5_sa_023;orgeh;orgeH_tousSols_nonirr_organique;2.46;0.0;6.63;1.54;2.16;13.58;17.07;0.01;0.0;0;1.08;0;-15.96;0.0;0.0;0.0;2.46
2021;1;200;beauce_5_sa_024;orgeh;orgeH_tousSols_nonirr_organique;5.35;0.0;46.56;11.97;50.84;17.53;20.98;0.04;0.0;0;27.5;0;-241.84;0.0;0.04;0.0;5.35
2021;201;278;beauce_5_sa_024;solnu;;0.92;0.0;34.42;-7.39;0.0;20.98;46.98;0.05;0.07;0;0;0;-244.17;0.03;0.02;0.0;0.92
2021;279;365;beauce_5_sa_024;orgeh;orgeH_tousSols_nonirr_organique;3.13;0.0;13.81;-34.07;9.76;47.25;13.83;0.0;0.0;0;4.88;0;-55.92;0.0;0.0;0.0;3.13
2021;1;195;beauce_5_sa_025;orgeh;orgeH_tousSols_nonirr_organique;6.57;0.0;44.41;7.67;52.99;21.44;15.39;0.03;0.0;0;27.37;0;-222.57;0.0;0.03;0.0;6.57
2021;196;291;beauce_5_sa_025;solnu;;1.05;0.0;39.4;-5.34;0.0;15.39;48.31;0.04;0.05;0;0;0;-276.34;0.02;0.02;0.0;1.05
2021;292;365;beauce_5_sa_025;orgeh;orgeH_tousSols_nonirr_organique;3.14;0.0;10.73;-33.44;6.33;48.77;16.1;0.02;0.0;0;3.16;0;-41.25;0.01;0.0;0.0;3.14
2021;1;223;beauce_5_sa_026;orgeh;orgeH_tousSols_nonirr_organique;6.77;0.0;58.34;7.36;52.69;21.99;29.67;0.05;0.0;0;26.34;0;-305.97;0.01;0.04;0.0;6.77
2021;224;315;beauce_5_sa_026;solnu;;1.86;0.0;30.99;-8.31;0.0;29.67;50.35;0.07;0.07;0;0;0;-218.52;0.06;0.01;0.0;1.86
2021;316;365;beauce_5_sa_026;orgeh;orgeH_tousSols_nonirr_organique;4.0;0.0;5.53;-28.95;0.0;50.62;22.92;0.01;0.0;0;0.0;0;-23.56;0.01;0.0;0.0;4.0
2021;1;228;beauce_5_sa_027;orgeh;orgeH_tousSols_nonirr_organique;6.07;0.0;60.54;13.34;58.79;19.81;30.09;0.05;0.0;0;29.39;0;-336.83;0.01;0.04;0.0;6.07
2021;229;309;beauce_5_sa_027;solnu;;1.28;0.0;27.74;-38.87;0.0;30.09;17.58;0.03;0.07;0;0;0;-188.05;0.02;0.01;0.0;1.28
2021;310;365;beauce_5_sa_027;orgeh;orgeH_tousSols_nonirr_organique;3.04;0.0;6.76;-6.58;0.0;17.58;14.73;0.0;0.0;0;0.0;0;-16.43;0.0;0.0;0.0;3.04
2021;1;205;beauce_5_sa_028;orgeh;orgeH_tousSols_nonirr_organique;6.66;0.0;48.89;5.47;54.07;21.76;16.84;0.03;0.0;0;27.03;0;-240.92;0.0;0.03;0.0;6.66
2021;206;313;beauce_5_sa_028;solnu;;1.34;0.0;39.85;-4.63;0.0;16.84;50.61;0.07;0.05;0;0;0;-279.08;0.05;0.02;0.0;1.34
2021;314;365;beauce_5_sa_028;orgeh;orgeH_tousSols_nonirr_organique;3.92;0.0;5.98;-31.95;0.0;50.54;20.7;0.03;0.0;0;0.0;0;-26.45;0.03;0.0;0.0;3.92
2021;1;177;beauce_5_sa_029;orgeh;orgeH_tousSols_nonirr_organique;6.6;0.0;35.39;6.86;47.37;23.03;11.81;0.03;0.0;0;23.84;0;-168.82;0.0;0.03;0.0;6.6
2021;178;294;beauce_5_sa_029;solnu;;1.55;0.0;48.85;-0.85;0.0;11.81;58.31;0.07;0.06;0;0;0;-341.28;0.04;0.03;0.0;1.55
2021;295;365;beauce_5_sa_029;orgeh;orgeH_tousSols_nonirr_organique;4.56;0.0;9.92;-30.4;7.41;58.7;25.81;0.03;0.01;0;3.71;0;-46.53;0.03;0.0;0.0;4.56
2021;1;182;beauce_5_sa_030;orgeh;orgeH_tousSols_nonirr_organique;4.69;0.0;38.42;16.39;58.15;16.52;8.22;0.03;0.0;0;29.08;0;-201.99;0.0;0.03;0.0;4.69
2021;183;300;beauce_5_sa_030;solnu;;1.14;0.0;47.96;-40.86;0.0;8.22;14.12;0.04;0.05;0;0;0;-320.77;0.02;0.02;0.0;1.14
2021;301;365;beauce_5_sa_030;orgeh;orgeH_tousSols_nonirr_organique;2.63;0.0;8.53;-2.18;3.32;14.19;14.53;0.0;0.0;0;1.66;0;-21.62;0.0;0.0;0.0;2.63
2021;1;180;beauce_5_sa_031;orgeh;orgeH_tousSols_nonirr_organique;4.38;0.0;37.38;16.78;58.8;16.22;7.95;0.03;0.0;0;29.4;0;-201.38;0.0;0.03;0.0;4.38
2021;181;290;beauce_5_sa_031;solnu;;0.95;0.0;47.16;-39.57;0.0;7.95;14.5;0.04;0.05;0;0;0;-307.85;0.02;0.02;0.0;0.95
2021;291;365;beauce_5_sa_031;orgeh;orgeH_tousSols_nonirr_organique;2.82;0.0;10.92;-2.5;4.48;14.52;15.61;0.01;0.0;0;2.24;0;-30.77;0.0;0.01;0.0;2.82
2021;1;226;beauce_5_sa_032;orgeh;orgeH_tousSols_nonirr_organique;5.08;0.0;60.02;26.41;52.91;16.69;46.04;0.09;0.0;0;27.24;0;-378.79;0.03;0.05;0.0;5.08
2021;227;260;beauce_5_sa_032;solnu;;1.13;0.0;15.9;-33.28;0.0;46.04;27.38;0.04;0.1;0;0;0;-123.18;0.04;0.0;0.0;1.13
2021;261;365;beauce_5_sa_032;orgeh;orgeH_tousSols_nonirr_organique;5.21;0.0;20.09;-14.77;3.81;27.15;23.67;0.0;0.0;0;1.9;0;-68.24;0.0;0.0;0.0;5.21
2021;1;209;beauce_5_sa_033;orgeh;orgeH_tousSols_nonirr_organique;4.12;0.0;51.23;25.99;57.08;14.87;31.6;0.07;0.0;0;29.5;0;-314.89;0.02;0.05;0.0;4.12
2021;210;266;beauce_5_sa_033;solnu;;0.91;0.0;26.76;-28.06;0.0;31.6;29.25;0.05;0.09;0;0;0;-204.06;0.04;0.01;0.0;0.91
2021;267;365;beauce_5_sa_033;orgeh;orgeH_tousSols_nonirr_organique;3.92;0.0;17.53;-17.38;4.76;27.65;20.73;0.01;0.0;0;2.38;0;-53.08;0.0;0.01;0.0;3.92
2021;1;224;beauce_5_sa_034;orgeh;orgeH_tousSols_nonirr_organique;6.7;0.0;58.81;9.07;53.68;21.71;30.65;0.05;0.0;0;26.84;0;-312.45;0.01;0.04;0.0;6.7
2021;225;305;beauce_5_sa_034;solnu;;1.21;0.0;28.29;-9.52;0.0;30.65;48.1;0.05;0.07;0;0;0;-203.62;0.03;0.01;0.0;1.21
2021;306;365;beauce_5_sa_034;orgeh;orgeH_tousSols_nonirr_organique;3.96;0.0;7.76;-33.22;0.0;48.27;18.66;0.02;0.0;0;0.0;0;-28.14;0.02;0.0;0.0;3.96
2021;1;188;beauce_5_sa_035;orgeh;orgeH_tousSols_nonirr_organique;4.59;0.0;41.34;17.86;62.18;16.48;9.79;0.04;0.0;0;32.07;0;-239.74;0.0;0.04;0.0;4.59
2021;189;285;beauce_5_sa_035;solnu;;0.74;0.0;42.23;-38.19;0.0;9.79;13.01;0.03;0.05;0;0;0;-278.9;0.02;0.01;0.0;0.74
2021;286;365;beauce_5_sa_035;orgeh;orgeH_tousSols_nonirr_organique;2.5;0.0;12.14;-6.12;3.18;13.04;13.33;0.0;0.0;0;1.59;0;-30.65;0.0;0.0;0.0;2.5
2021;1;195;beauce_5_sa_036;orgeh;orgeH_tousSols_nonirr_organique;6.08;0.0;44.43;8.88;52.24;19.9;16.19;0.03;0.0;0;27.62;0;-223.93;0.0;0.03;0.0;6.08
2021;196;286;beauce_5_sa_036;solnu;;0.97;0.0;38.44;-5.69;0.0;16.19;47.87;0.04;0.06;0;0;0;-269.17;0.02;0.02;0.0;0.97
2021;287;365;beauce_5_sa_036;orgeh;orgeH_tousSols_nonirr_organique;3.0;0.0;11.67;-34.41;8.84;48.1;13.28;0.01;0.0;0;4.42;0;-46.74;0.01;0.0;0.0;3.0
2021;1;199;beauce_5_sa_037;orgeh;orgeH_tousSols_nonirr_organique;6.55;0.0;46.11;5.91;53.76;21.42;14.54;0.03;0.0;0;26.88;0;-224.62;0.0;0.03;0.0;6.55
2021;200;303;beauce_5_sa_037;solnu;;1.2;0.0;40.75;-4.52;0.0;14.54;49.48;0.05;0.05;0;0;0;-284.19;0.03;0.02;0.0;1.2
2021;304;365;beauce_5_sa_037;orgeh;orgeH_tousSols_nonirr_organique;3.47;0.0;8.0;-33.38;2.05;49.65;18.55;0.03;0.0;0;1.03;0;-31.82;0.02;0.0;0.0;3.47
2021;1;179;beauce_5_sa_038;orgeh;orgeH_tousSols_nonirr_organique;5.02;0.0;36.94;15.86;56.04;17.58;9.18;0.03;0.0;0;28.02;0;-193.07;0.0;0.03;0.0;5.02
2021;180;305;beauce_5_sa_038;solnu;;1.25;0.0;50.05;-41.22;0.0;9.18;16.71;0.05;0.06;0;0;0;-334.47;0.02;0.02;0.0;1.25
2021;306;365;beauce_5_sa_038;orgeh;orgeH_tousSols_nonirr_organique;3.18;0.0;7.81;3.79;3.41;16.82;21.7;0.02;0.01;0;1.71;0;-22.23;0.01;0.01;0.0;3.18
2021;1;189;beauce_5_sa_039;orgeh;orgeH_tousSols_nonirr_organique;5.49;0.0;41.66;12.94;57.34;18.16;11.04;0.03;0.0;0;28.67;0;-212.5;0.0;0.03;0.0;5.49
2021;190;287;beauce_5_sa_039;solnu;;0.88;0.0;41.71;-28.6;0.0;11.04;23.16;0.04;0.05;0;0;0;-293.81;0.02;0.02;0.0;0.88
2021;288;365;beauce_5_sa_039;orgeh;orgeH_tousSols_nonirr_organique;2.84;0.0;11.53;-9.56;5.97;22.11;16.31;0.01;0.0;0;2.99;0;-33.19;0.0;0.01;0.0;2.84
2021;1;197;beauce_5_sa_040;orgeh;orgeH_tousSols_nonirr_organique;3.77;0.0;45.39;23.31;51.03;12.27;26.88;0.06;0.0;0;28.82;0;-263.71;0.02;0.04;0.0;3.77
2021;198;259;beauce_5_sa_040;solnu;;0.97;0.0;29.84;-8.62;0.0;26.88;46.98;0.05;0.08;0;0;0;-220.48;0.04;0.01;0.0;0.97
2021;260;365;beauce_5_sa_040;orgeh;orgeH_tousSols_nonirr_organique;4.08;0.0;20.16;-36.16;8.42;47.52;18.49;0.0;0.0;0;4.21;0;-80.5;0.0;0.0;0.0;4.08
2021;1;230;beauce_5_sa_041;orgeh;orgeH_tousSols_nonirr_organique;6.9;0.0;61.39;11.27;55.02;22.3;34.51;0.05;0.0;0;27.51;0;-334.38;0.01;0.04;0.0;6.9
2021;231;297;beauce_5_sa_041;solnu;;1.2;0.0;24.38;-10.82;0.0;34.51;46.74;0.05;0.07;0;0;0;-180.56;0.04;0.01;0.0;1.2
2021;298;365;beauce_5_sa_041;orgeh;orgeH_tousSols_nonirr_organique;4.01;0.0;9.04;-33.41;0.24;46.95;18.11;0.01;0.0;0;0.12;0;-31.07;0.01;0.0;0.0;4.01
2021;1;206;beauce_5_sa_042;orgeh;orgeH_tousSols_nonirr_organique;5.41;0.0;49.54;14.87;55.89;17.89;22.11;0.04;0.0;0;27.94;0;-263.62;0.0;0.04;0.0;5.41
2021;207;283;beauce_5_sa_042;solnu;;0.9;0.0;32.83;-14.83;0.0;22.11;39.11;0.04;0.06;0;0;0;-238.38;0.03;0.02;0.0;0.9
2021;284;365;beauce_5_sa_042;orgeh;orgeH_tousSols_nonirr_organique;2.99;0.0;12.47;-28.27;5.08;36.65;15.24;0.0;0.0;0;2.54;0;-40.88;0.0;0.0;0.0;2.99
2021;1;174;beauce_5_sa_043;orgeh;orgeH_tousSols_nonirr_organique;4.66;0.0;34.13;16.59;55.75;18.86;9.29;0.03;0.0;0;28.94;0;-193.05;0.0;0.03;0.0;4.66
2021;175;292;beauce_5_sa_043;solnu;;1.37;0.0;50.65;-40.92;0.0;9.29;17.58;0.05;0.06;0;0;0;-334.62;0.03;0.02;0.0;1.37
2021;293;365;beauce_5_sa_043;orgeh;orgeH_tousSols_nonirr_organique;3.33;0.0;10.42;-1.49;4.91;17.61;18.27;0.01;0.0;0;2.46;0;-31.38;0.0;0.01;0.0;3.33
2021;1;184;beauce_5_sa_044;orgeh;orgeH_tousSols_nonirr_organique;6.58;0.0;39.29;5.67;50.01;21.49;10.35;0.03;0.0;0;25.98;0;-188.41;0.0;0.03;0.0;6.58
2021;185;291;beauce_5_sa_044;solnu;;1.05;0.0;44.35;-3.34;0.0;10.35;50.23;0.05;0.05;0;0;0;-306.11;0.02;0.03;0.0;1.05
2021;292;365;beauce_5_sa_044;orgeh;orgeH_tousSols_nonirr_organique;3.33;0.0;10.73;-32.47;8.04;50.7;17.09;0.02;0.0;0;4.02;0;-43.86;0.02;0.0;0.0;3.33
2021;1;177;beauce_5_sa_045;orgeh;orgeH_tousSols_nonirr_organique;6.21;0.0;35.42;13.17;52.48;21.87;12.07;0.03;0.0;0;26.24;0;-184.63;0.0;0.03;0.0;6.21
2021;178;314;beauce_5_sa_045;solnu;;2.23;0.0;53.16;-37.11;0.0;12.07;26.04;0.06;0.06;0;0;0;-358.02;0.04;0.03;0.0;2.23
2021;315;365;beauce_5_sa_045;orgeh;orgeH_tousSols_nonirr_organique;3.47;0.0;5.77;3.03;1.12;26.28;30.23;0.02;0.01;0;0.56;0;-18.32;0.02;0.01;0.0;3.47
2021;1;199;beauce_5_sa_046;orgeh;orgeH_tousSols_nonirr_organique;5.54;0.0;46.18;10.77;50.75;18.09;19.92;0.04;0.0;0;27.57;0;-236.68;0.0;0.03;0.0;5.54
2021;200;281;beauce_5_sa_046;solnu;;0.96;0.0;35.62;-7.12;0.0;19.92;47.36;0.05;0.06;0;0;0;-253.77;0.03;0.02;0.0;0.96
2021;282;365;beauce_5_sa_046;orgeh;orgeH_tousSols_nonirr_organique;3.11;0.0;13.04;-34.99;8.16;47.79;14.13;0.0;0.0;0;4.08;0;-50.94;0.0;0.0;0.0;3.11
2021;1;186;beauce_5_sa_047;orgeh;orgeH_tousSols_nonirr_organique;6.57;0.0;40.16;4.77;50.02;21.49;10.24;0.03;0.0;0;25.01;0;-187.07;0.0;0.03;0.0;6.57
2021;187;303;beauce_5_sa_047;solnu;;1.18;0.0;46.36;-8.93;0.0;10.24;46.44;0.06;0.05;0;0;0;-318.61;0.03;0.03;0.0;1.18
2021;304;365;beauce_5_sa_047;orgeh;orgeH_tousSols_nonirr_organique;3.72;0.0;8.01;-26.13;3.62;45.12;20.95;0.03;0.01;0;1.81;0;-31.06;0.03;0.0;0.0;3.72
2021;1;176;beauce_5_sa_048;orgeh;orgeH_tousSols_nonirr_organique;3.22;0.0;35.43;18.96;54.2;15.24;12.72;0.05;0.01;0;30.62;0;-213.83;0.01;0.03;0.0;3.22
2021;177;259;beauce_5_sa_048;solnu;;0.8;0.0;39.52;-32.19;0.0;12.72;18.42;0.06;0.07;0;0;0;-287.44;0.04;0.02;0.0;0.8
2021;260;365;beauce_5_sa_048;orgeh;orgeH_tousSols_nonirr_organique;3.48;0.0;20.58;-10.15;6.61;18.28;18.76;0.01;0.0;0;3.3;0;-73.28;0.0;0.01;0.0;3.48
2021;1;209;beauce_5_sa_049;orgeh;orgeH_tousSols_nonirr_organique;3.94;0.0;51.27;24.72;51.05;12.9;34.63;0.07;0.0;0;28.83;0;-307.87;0.03;0.05;0.0;3.94
2021;210;259;beauce_5_sa_049;solnu;;1.05;0.0;24.08;-10.67;0.0;34.63;46.85;0.05;0.09;0;0;0;-182.85;0.04;0.01;0.0;1.05
2021;260;365;beauce_5_sa_049;orgeh;orgeH_tousSols_nonirr_organique;4.35;0.0;20.15;-35.25;7.95;47.36;19.44;0.0;0.0;0;3.98;0;-77.49;0.0;0.0;0.0;4.35
2021;1;215;beauce_5_sa_050;orgeh;orgeH_tousSols_nonirr_organique;5.42;0.0;54.79;14.13;50.21;17.75;32.16;0.05;0.0;0;27.19;0;-300.32;0.01;0.04;0.0;5.42
2021;216;278;beauce_5_sa_050;solnu;;0.94;0.0;26.16;-10.41;0.0;32.16;46.84;0.04;0.08;0;0;0;-192.29;0.03;0.01;0.0;0.94
2021;279;365;beauce_5_sa_050;orgeh;orgeH_tousSols_nonirr_organique;3.58;0.0;13.8;-33.98;7.25;47.1;15.83;0.0;0.0;0;3.63;0;-53.53;0.0;0.0;0.0;3.58
2021;1;212;beauce_5_sa_051;orgeh;orgeH_tousSols_nonirr_organique;4.61;0.0;53.24;19.96;60.24;15.28;24.49;0.05;0.0;0;30.12;0;-303.45;0.0;0.04;0.0;4.61
2021;213;287;beauce_5_sa_051;solnu;;0.79;0.0;30.57;-38.93;0.0;24.49;15.24;0.04;0.07;0;0;0;-216.52;0.03;0.01;0.0;0.79
2021;288;365;beauce_5_sa_051;orgeh;orgeH_tousSols_nonirr_organique;2.87;0.0;11.56;-10.07;0.0;15.24;13.87;0.0;0.0;0;0.0;0;-29.24;0.0;0.0;0.0;2.87
2021;1;197;beauce_5_sa_052;orgeh;orgeH_tousSols_nonirr_organique;4.4;0.0;45.24;20.53;51.93;13.89;24.16;0.05;0.0;0;28.21;0;-251.5;0.01;0.04;0.0;4.4
2021;198;266;beauce_5_sa_052;solnu;;0.87;0.0;32.41;-7.94;0.0;24.16;47.63;0.05;0.08;0;0;0;-237.04;0.04;0.02;0.0;0.87
2021;267;365;beauce_5_sa_052;orgeh;orgeH_tousSols_nonirr_organique;3.6;0.0;17.25;-36.09;8.02;47.93;17.17;0.0;0.0;0;4.01;0;-67.24;0.0;0.0;0.0;3.6
2021;1;206;beauce_5_sa_053;orgeh;orgeH_tousSols_nonirr_organique;6.36;0.0;49.51;9.2;57.87;20.92;16.77;0.04;0.0;0;28.94;0;-254.55;0.0;0.04;0.0;6.36
2021;207;311;beauce_5_sa_053;solnu;;1.31;0.0;38.99;-39.26;0.0;16.77;15.11;0.04;0.04;0;0;0;-267.9;0.02;0.02;0.0;1.31
2021;312;365;beauce_5_sa_053;orgeh;orgeH_tousSols_nonirr_organique;2.43;0.0;6.41;-3.92;1.2;14.74;13.97;0.0;0.0;0;0.6;0;-13.77;0.0;0.0;0.0;2.43
2021;1;224;beauce_5_sa_054;orgeh;orgeH_tousSols_nonirr_organique;4.99;0.0;59.16;19.18;56.78;18.01;35.48;0.06;0.0;0;31.16;0;-392.88;0.01;0.05;0.0;4.99
2021;225;277;beauce_5_sa_054;solnu;;0.9;0.0;22.48;-36.68;0.0;35.48;20.25;0.03;0.08;0;0;0;-142.09;0.03;0.0;0.0;0.9
2021;278;365;beauce_5_sa_054;orgeh;orgeH_tousSols_nonirr_organique;3.89;0.0;14.54;-7.25;4.38;20.3;19.26;0.01;0.0;0;2.19;0;-34.93;0.0;0.01;0.0;3.89
2021;1;228;beauce_5_sa_055;orgeh;orgeH_tousSols_nonirr_organique;6.8;0.0;60.39;9.79;53.35;21.99;33.46;0.05;0.0;0;26.68;0;-324.32;0.01;0.04;0.0;6.8
2021;229;301;beauce_5_sa_055;solnu;;1.22;0.0;26.19;-10.28;0.0;33.46;48.03;0.05;0.07;0;0;0;-189.27;0.04;0.01;0.0;1.22
2021;302;365;beauce_5_sa_055;orgeh;orgeH_tousSols_nonirr_organique;4.07;0.0;8.26;-33.33;0.0;48.19;18.87;0.01;0.0;0;0.0;0;-29.41;0.01;0.0;0.0;4.07
2021;1;216;beauce_5_sa_056;orgeh;orgeH_tousSols_nonirr_organique;6.06;0.0;55.31;11.31;57.13;19.9;24.63;0.04;0.0;0;28.56;0;-298.74;0.0;0.04;0.0;6.06
2021;217;312;beauce_5_sa_056;solnu;;1.31;0.0;33.54;-41.21;0.0;24.63;15.56;0.04;0.06;0;0;0;-224.8;0.03;0.01;0.0;1.31
2021;313;365;beauce_5_sa_056;orgeh;orgeH_tousSols_nonirr_organique;2.67;0.0;6.17;-5.35;0.0;15.57;13.7;0.0;0.0;0;0.0;0;-13.47;0.0;0.0;0.0;2.67
2021;1;176;beauce_5_sa_057;orgeh;orgeH_tousSols_nonirr_organique;7.28;0.0;34.78;6.2;46.76;25.46;14.08;0.03;0.0;0;23.38;0;-167.9;0.0;0.03;0.0;7.28
2021;177;316;beauce_5_sa_057;solnu;;2.56;0.0;53.79;2.06;0.0;14.08;67.06;0.11;0.07;0;0;0;-378.93;0.08;0.03;0.0;2.56
2021;317;365;beauce_5_sa_057;orgeh;orgeH_tousSols_nonirr_organique;5.41;0.0;5.32;-27.88;0.9;66.65;38.14;0.03;0.01;0;0.45;0;-29.75;0.03;0.0;0.0;5.41
2021;1;224;beauce_5_sa_058;orgeh;orgeH_tousSols_nonirr_organique;4.95;0.0;59.14;18.78;57.5;17.82;34.18;0.06;0.0;0;31.46;0;-391.28;0.01;0.05;0.0;4.95
2021;225;279;beauce_5_sa_058;solnu;;0.87;0.0;23.09;-36.8;0.0;34.18;19.49;0.03;0.08;0;0;0;-143.95;0.03;0.0;0.0;0.87
2021;280;365;beauce_5_sa_058;orgeh;orgeH_tousSols_nonirr_organique;3.72;0.0;13.93;-7.54;3.67;19.55;18.49;0.0;0.0;0;1.83;0;-32.54;0.0;0.0;0.0;3.72
2021;1;196;beauce_5_sa_059;orgeh;orgeH_tousSols_nonirr_organique;5.86;0.0;44.79;10.54;60.17;19.45;9.98;0.03;0.0;0;30.09;0;-229.73;0.0;0.03;0.0;5.86
2021;197;313;beauce_5_sa_059;solnu;;1.17;0.0;44.05;-40.62;0.0;9.98;12.17;0.03;0.04;0;0;0;-288.67;0.01;0.02;0.0;1.17
2021;314;365;beauce_5_sa_059;orgeh;orgeH_tousSols_nonirr_organique;2.06;0.0;6.0;-4.83;0.0;11.95;11.28;0.0;0.0;0;0.0;0;-13.24;0.0;0.0;0.0;2.06
2021;1;227;beauce_5_sa_060;orgeh;orgeH_tousSols_nonirr_organique;6.71;0.0;59.97;8.92;53.66;21.79;31.74;0.05;0.0;0;26.83;0;-318.77;0.01;0.04;0.0;6.71
2021;228;306;beauce_5_sa_060;solnu;;1.19;0.0;27.23;-9.82;0.0;31.74;47.84;0.05;0.07;0;0;0;-194.91;0.04;0.01;0.0;1.19
2021;307;365;beauce_5_sa_060;orgeh;orgeH_tousSols_nonirr_organique;4.13;0.0;7.63;-31.93;0.0;48.1;19.39;0.02;0.0;0;0.0;0;-29.2;0.02;0.0;0.0;4.13
2021;1;217;beauce_5_sa_061;orgeh;orgeH_tousSols_nonirr_organique;6.61;0.0;55.73;9.07;54.99;21.66;26.29;0.04;0.0;0;27.5;0;-294.63;0.0;0.04;0.0;6.61
2021;218;307;beauce_5_sa_061;solnu;;1.22;0.0;31.71;-19.09;0.0;26.29;37.59;0.05;0.06;0;0;0;-226.58;0.03;0.01;0.0;1.22
2021;308;365;beauce_5_sa_061;orgeh;orgeH_tousSols_nonirr_organique;3.49;0.0;7.44;-23.85;0.0;34.12;17.66;0.01;0.0;0;0.0;0;-22.97;0.01;0.0;0.0;3.49
2021;1;228;beauce_5_sa_062;orgeh;orgeH_tousSols_nonirr_organique;6.19;0.0;60.34;12.63;51.73;20.16;36.53;0.05;0.0;0;27.21;0;-333.12;0.01;0.04;0.0;6.19
2021;229;285;beauce_5_sa_062;solnu;;0.99;0.0;22.49;-11.4;0.0;36.53;46.51;0.04;0.08;0;0;0;-166.38;0.03;0.01;0.0;0.99
2021;286;365;beauce_5_sa_062;orgeh;orgeH_tousSols_nonirr_organique;3.97;0.0;11.95;-33.19;3.83;46.85;17.47;0.01;0.0;0;1.91;0;-42.88;0.0;0.0;0.0;3.97
2021;1;176;beauce_5_sa_063;orgeh;orgeH_tousSols_nonirr_organique;3.69;0.0;35.1;17.71;50.74;12.39;11.45;0.04;0.0;0;28.37;0;-182.63;0.0;0.03;0.0;3.69
2021;177;264;beauce_5_sa_063;solnu;;0.72;0.0;41.39;-3.74;0.0;11.45;47.59;0.06;0.07;0;0;0;-293.92;0.04;0.02;0.0;0.72
2021;265;365;beauce_5_sa_063;orgeh;orgeH_tousSols_nonirr_organique;3.34;0.0;18.12;-35.46;10.81;48.28;16.1;0.0;0.0;0;5.41;0;-77.27;0.0;0.0;0.0;3.34
2021;1;180;beauce_5_sa_064;orgeh;orgeH_tousSols_nonirr_organique;3.62;0.0;37.44;19.37;52.06;12.8;14.49;0.04;0.0;0;29.03;0;-203.98;0.01;0.03;0.0;3.62
2021;181;263;beauce_5_sa_064;solnu;;0.84;0.0;38.88;-5.08;0.0;14.49;47.32;0.06;0.07;0;0;0;-278.0;0.04;0.02;0.0;0.84
2021;264;365;beauce_5_sa_064;orgeh;orgeH_tousSols_nonirr_organique;3.49;0.0;18.48;-36.12;9.57;47.74;16.62;0.0;0.0;0;4.78;0;-78.03;0.0;0.0;0.0;3.49
2021;1;200;beauce_5_sa_065;orgeh;orgeH_tousSols_nonirr_organique;3.19;0.0;47.5;15.93;50.31;14.95;25.32;0.07;0.01;0;34.5;0;-337.97;0.03;0.04;0.0;3.19
2021;201;262;beauce_5_sa_065;solnu;;0.92;0.0;29.89;-47.62;0.0;25.32;6.66;0.01;0.0;0;0;0;-175.01;0.01;0.0;0.0;0.92
2021;263;365;beauce_5_sa_065;orgeh;orgeH_tousSols_nonirr_organique;1.34;0.0;19.07;3.57;16.65;6.44;11.28;0.02;0.0;0;8.33;0;-50.49;0.01;0.01;0.0;1.34
2021;1;177;beauce_5_sa_066;orgeh;orgeH_tousSols_nonirr_organique;6.91;0.0;35.35;7.14;47.38;24.1;12.85;0.03;0.0;0;23.69;0;-171.0;0.0;0.03;0.0;6.91
2021;178;303;beauce_5_sa_066;solnu;;1.68;0.0;50.74;0.4;0.0;12.85;62.38;0.07;0.06;0;0;0;-357.42;0.04;0.03;0.0;1.68
2021;304;365;beauce_5_sa_066;orgeh;orgeH_tousSols_nonirr_organique;5.13;0.0;7.99;-30.52;3.62;62.56;31.06;0.05;0.01;0;1.81;0;-38.26;0.05;0.0;0.0;5.13
2021;1;197;beauce_5_sa_067;orgeh;orgeH_tousSols_nonirr_organique;6.63;0.0;45.12;8.27;55.92;21.69;13.97;0.03;0.0;0;27.96;0;-226.39;0.0;0.03;0.0;6.63
2021;198;295;beauce_5_sa_067;solnu;;1.17;0.0;40.0;-5.07;0.0;13.97;47.63;0.05;0.05;0;0;0;-280.01;0.03;0.02;0.0;1.17
2021;296;365;beauce_5_sa_067;orgeh;orgeH_tousSols_nonirr_organique;3.17;0.0;9.63;-34.39;3.11;48.19;16.56;0.02;0.0;0;1.56;0;-38.25;0.01;0.0;0.0;3.17
2021;1;215;beauce_5_sa_068;orgeh;orgeH_tousSols_nonirr_organique;4.26;0.0;55.12;24.99;50.45;13.59;39.81;0.07;0.0;0;28.44;0;-335.11;0.02;0.05;0.0;4.26
2021;216;259;beauce_5_sa_068;solnu;;1.08;0.0;20.2;-11.58;0.0;39.81;47.2;0.05;0.09;0;0;0;-156.96;0.04;0.01;0.0;1.08
2021;260;365;beauce_5_sa_068;orgeh;orgeH_tousSols_nonirr_organique;4.63;0.0;20.14;-35.95;6.21;47.67;20.55;0.0;0.0;0;3.1;0;-76.33;0.0;0.0;0.0;4.63
2021;1;225;beauce_5_sa_069;orgeh;orgeH_tousSols_nonirr_organique;6.79;0.0;59.15;11.82;54.4;22.07;33.29;0.05;0.0;0;27.2;0;-324.82;0.01;0.04;0.0;6.79
2021;226;294;beauce_5_sa_069;solnu;;1.21;0.0;25.79;-10.45;0.0;33.29;47.31;0.05;0.07;0;0;0;-188.36;0.04;0.01;0.0;1.21
2021;295;365;beauce_5_sa_069;orgeh;orgeH_tousSols_nonirr_organique;3.85;0.0;9.9;-34.13;1.73;47.67;17.49;0.01;0.0;0;0.87;0;-35.67;0.01;0.0;0.0;3.85
2021;1;184;beauce_5_sa_070;orgeh;orgeH_tousSols_nonirr_organique;6.61;0.0;39.27;4.92;48.7;21.58;10.97;0.03;0.0;0;24.35;0;-182.95;0.0;0.03;0.0;6.61
2021;185;299;beauce_5_sa_070;solnu;;1.19;0.0;46.46;-13.01;0.0;10.97;43.13;0.06;0.05;0;0;0;-318.09;0.03;0.03;0.0;1.19
2021;300;365;beauce_5_sa_070;orgeh;orgeH_tousSols_nonirr_organique;3.81;0.0;8.67;-20.94;4.58;41.85;22.44;0.03;0.01;0;2.29;0;-33.15;0.02;0.0;0.0;3.81
2021;1;199;beauce_5_sa_071;orgeh;orgeH_tousSols_nonirr_organique;5.54;0.0;46.18;10.77;50.75;18.09;19.92;0.04;0.0;0;27.57;0;-236.68;0.0;0.03;0.0;5.54
2021;200;281;beauce_5_sa_071;solnu;;0.96;0.0;35.62;-7.12;0.0;19.92;47.36;0.05;0.06;0;0;0;-253.77;0.03;0.02;0.0;0.96
2021;282;365;beauce_5_sa_071;orgeh;orgeH_tousSols_nonirr_organique;3.11;0.0;13.04;-34.99;8.16;47.79;14.13;0.0;0.0;0;4.08;0;-50.94;0.0;0.0;0.0;3.11
2021;1;177;beauce_5_sa_072;orgeh;orgeH_tousSols_nonirr_organique;6.35;0.0;35.4;11.36;51.61;22.33;12.51;0.03;0.0;0;25.81;0;-179.63;0.0;0.03;0.0;6.35
2021;178;310;beauce_5_sa_072;solnu;;1.79;0.0;52.19;-33.54;0.0;12.51;29.25;0.07;0.06;0;0;0;-361.39;0.04;0.03;0.0;1.79
2021;311;365;beauce_5_sa_072;orgeh;orgeH_tousSols_nonirr_organique;4.1;0.0;6.62;0.44;2.16;29.24;30.01;0.03;0.01;0;1.08;0;-21.26;0.02;0.0;0.0;4.1
2021;1;212;beauce_5_sa_073;orgeh;orgeH_tousSols_nonirr_organique;4.48;0.0;53.47;21.71;56.38;16.55;31.63;0.06;0.0;0;30.49;0;-342.98;0.01;0.05;0.0;4.48
2021;213;270;beauce_5_sa_073;solnu;;0.93;0.0;26.25;-37.63;0.0;31.63;19.19;0.04;0.08;0;0;0;-178.97;0.04;0.0;0.0;0.93
2021;271;365;beauce_5_sa_073;orgeh;orgeH_tousSols_nonirr_organique;3.75;0.0;16.66;-6.93;5.68;19.18;19.49;0.01;0.0;0;2.84;0;-46.34;0.0;0.01;0.0;3.75
2021;1;216;beauce_5_sa_074;orgeh;orgeH_tousSols_nonirr_organique;5.82;0.0;55.34;13.86;58.26;19.27;25.6;0.04;0.0;0;29.13;0;-307.98;0.0;0.04;0.0;5.82
2021;217;299;beauce_5_sa_074;solnu;;1.09;0.0;31.11;-39.82;0.0;25.6;15.7;0.03;0.06;0;0;0;-212.39;0.02;0.01;0.0;1.09
2021;300;365;beauce_5_sa_074;orgeh;orgeH_tousSols_nonirr_organique;2.87;0.0;8.66;-8.25;0.0;15.7;13.24;0.0;0.0;0;0.0;0;-21.12;0.0;0.0;0.0;2.87
2021;1;182;beauce_5_sa_075;orgeh;orgeH_tousSols_nonirr_organique;6.28;0.0;38.3;5.63;48.85;21.84;10.85;0.03;0.0;0;24.42;0;-177.76;0.0;0.03;0.0;6.28
2021;183;295;beauce_5_sa_075;solnu;;1.41;0.0;46.32;-2.49;0.0;10.85;53.2;0.06;0.05;0;0;0;-319.91;0.03;0.03;0.0;1.41
2021;296;365;beauce_5_sa_075;orgeh;orgeH_tousSols_nonirr_organique;3.9;0.0;9.64;-31.23;6.38;53.78;21.29;0.03;0.0;0;3.19;0;-43.14;0.02;0.0;0.0;3.9
2021;1;184;beauce_5_sa_076;orgeh;orgeH_tousSols_nonirr_organique;6.4;0.0;39.3;6.09;50.8;20.95;9.58;0.03;0.0;0;26.84;0;-189.12;0.0;0.03;0.0;6.4
2021;185;289;beauce_5_sa_076;solnu;;1.01;0.0;43.97;-3.79;0.0;9.58;48.64;0.05;0.05;0;0;0;-303.61;0.02;0.03;0.0;1.01
2021;290;365;beauce_5_sa_076;orgeh;orgeH_tousSols_nonirr_organique;3.0;0.0;11.11;-33.66;7.77;48.97;15.31;0.01;0.0;0;3.88;0;-42.98;0.01;0.0;0.0;3.0
2021;1;210;beauce_5_sa_077;orgeh;orgeH_tousSols_nonirr_organique;5.87;0.0;51.75;12.05;58.91;19.36;19.61;0.04;0.0;0;29.45;0;-275.26;0.0;0.04;0.0;5.87
2021;211;311;beauce_5_sa_077;solnu;;1.26;0.0;36.93;-41.24;0.0;19.61;13.96;0.03;0.05;0;0;0;-249.0;0.02;0.01;0.0;1.26
2021;312;365;beauce_5_sa_077;orgeh;orgeH_tousSols_nonirr_organique;2.38;0.0;6.42;-5.81;0.0;13.99;12.18;0.0;0.0;0;0.0;0;-14.32;0.0;0.0;0.0;2.38
2021;1;220;beauce_5_sa_078;orgeh;orgeH_tousSols_nonirr_organique;5.74;0.0;56.76;18.28;50.04;18.16;38.83;0.06;0.0;0;26.36;0;-324.78;0.02;0.05;0.0;5.74
2021;221;270;beauce_5_sa_078;solnu;;1.07;0.0;22.03;-11.34;0.0;38.83;48.32;0.04;0.1;0;0;0;-163.99;0.03;0.01;0.0;1.07
2021;271;365;beauce_5_sa_078;orgeh;orgeH_tousSols_nonirr_organique;4.32;0.0;16.06;-34.25;6.0;48.64;19.81;0.0;0.0;0;3.0;0;-62.33;0.0;0.0;0.0;4.32
2021;1;194;beauce_5_sa_079;orgeh;orgeH_tousSols_nonirr_organique;6.63;0.0;44.02;9.16;57.33;21.75;12.39;0.03;0.0;0;28.67;0;-222.89;0.0;0.03;0.0;6.63
2021;195;295;beauce_5_sa_079;solnu;;1.14;0.0;40.97;-17.78;0.0;12.39;34.34;0.05;0.04;0;0;0;-288.16;0.02;0.02;0.0;1.14
2021;296;365;beauce_5_sa_079;orgeh;orgeH_tousSols_nonirr_organique;2.87;0.0;9.63;-22.12;3.57;31.13;15.41;0.01;0.0;0;1.79;0;-30.56;0.0;0.0;0.0;2.87
2021;1;202;beauce_5_sa_080;orgeh;orgeH_tousSols_nonirr_organique;4.41;0.0;47.42;21.18;51.92;13.94;27.03;0.06;0.0;0;28.21;0;-267.33;0.02;0.04;0.0;4.41
2021;203;266;beauce_5_sa_080;solnu;;0.89;0.0;30.27;-8.82;0.0;27.03;47.47;0.05;0.08;0;0;0;-223.28;0.04;0.01;0.0;0.89
2021;267;365;beauce_5_sa_080;orgeh;orgeH_tousSols_nonirr_organique;3.67;0.0;17.25;-35.57;8.02;47.77;17.46;0.0;0.0;0;4.01;0;-66.0;0.0;0.0;0.0;3.67
2021;1;187;beauce_5_sa_081;orgeh;orgeH_tousSols_nonirr_organique;3.7;0.0;41.04;21.74;51.83;12.34;20.27;0.06;0.0;0;29.41;0;-232.92;0.02;0.04;0.0;3.7
2021;188;260;beauce_5_sa_081;solnu;;0.87;0.0;34.43;-6.86;0.0;20.27;46.83;0.06;0.08;0;0;0;-251.53;0.04;0.02;0.0;0.87
2021;261;365;beauce_5_sa_081;orgeh;orgeH_tousSols_nonirr_organique;3.82;0.0;19.71;-36.17;8.85;47.44;17.7;0.0;0.0;0;4.42;0;-79.94;0.0;0.0;0.0;3.82
2021;1;217;beauce_5_sa_082;orgeh;orgeH_tousSols_nonirr_organique;5.54;0.0;55.56;17.5;49.64;17.85;36.8;0.05;0.0;0;26.9;0;-315.69;0.01;0.04;0.0;5.54
2021;218;271;beauce_5_sa_082;solnu;;1.01;0.0;23.42;-11.02;0.0;36.8;48.05;0.05;0.09;0;0;0;-175.02;0.04;0.01;0.0;1.01
2021;272;365;beauce_5_sa_082;orgeh;orgeH_tousSols_nonirr_organique;4.05;0.0;15.76;-35.24;6.0;48.28;18.51;0.0;0.0;0;3.0;0;-59.59;0.0;0.0;0.0;4.05
2021;1;180;beauce_5_sa_083;orgeh;orgeH_tousSols_nonirr_organique;5.36;0.0;37.25;6.59;48.51;18.68;9.0;0.03;0.0;0;25.6;0;-175.79;0.0;0.03;0.0;5.36
2021;181;283;beauce_5_sa_083;solnu;;1.09;0.0;44.61;-2.93;0.0;9.0;49.56;0.05;0.06;0;0;0;-304.9;0.03;0.03;0.0;1.09
2021;284;365;beauce_5_sa_083;orgeh;orgeH_tousSols_nonirr_organique;3.06;0.0;12.48;-32.85;10.89;49.91;15.23;0.01;0.0;0;5.44;0;-52.29;0.01;0.0;0.0;3.06
2021;1;221;beauce_5_sa_084;orgeh;orgeH_tousSols_nonirr_organique;6.67;0.0;57.38;8.92;53.94;21.59;28.69;0.05;0.0;0;26.97;0;-303.3;0.01;0.04;0.0;6.67
2021;222;303;beauce_5_sa_084;solnu;;1.23;0.0;29.58;-9.09;0.0;28.69;47.83;0.05;0.07;0;0;0;-212.21;0.03;0.01;0.0;1.23
2021;304;365;beauce_5_sa_084;orgeh;orgeH_tousSols_nonirr_organique;3.78;0.0;7.99;-33.62;0.0;48.0;18.4;0.02;0.0;0;0.0;0;-28.51;0.02;0.0;0.0;3.78
2021;1;219;beauce_5_sa_085;orgeh;orgeH_tousSols_nonirr_organique;6.71;0.0;56.47;7.98;54.22;21.77;26.72;0.04;0.0;0;27.11;0;-295.9;0.01;0.04;0.0;6.71
2021;220;311;beauce_5_sa_085;solnu;;1.33;0.0;31.96;-7.99;0.0;26.72;48.98;0.06;0.06;0;0;0;-226.75;0.04;0.02;0.0;1.33
2021;312;365;beauce_5_sa_085;orgeh;orgeH_tousSols_nonirr_organique;3.96;0.0;6.39;-31.3;0.0;49.3;20.09;0.02;0.0;0;0.0;0;-26.3;0.02;0.0;0.0;3.96
2021;1;197;beauce_5_sa_086;orgeh;orgeH_tousSols_nonirr_organique;6.63;0.0;45.07;5.07;55.02;21.64;11.58;0.03;0.0;0;27.51;0;-218.52;0.0;0.03;0.0;6.63
2021;198;315;beauce_5_sa_086;solnu;;1.67;0.0;44.11;-24.17;0.0;11.58;29.75;0.07;0.04;0;0;0;-303.25;0.04;0.02;0.0;1.67
2021;316;365;beauce_5_sa_086;orgeh;orgeH_tousSols_nonirr_organique;2.8;0.0;5.55;-13.96;0.53;28.63;18.0;0.01;0.0;0;0.26;0;-16.67;0.01;0.0;0.0;2.8
2021;1;178;beauce_5_sa_087;orgeh;orgeH_tousSols_nonirr_organique;4.79;0.0;36.23;12.13;50.37;16.32;10.78;0.03;0.0;0;28.02;0;-178.85;0.0;0.03;0.0;4.79
2021;179;271;beauce_5_sa_087;solnu;;0.97;0.0;42.41;-4.02;0.0;10.78;48.08;0.05;0.07;0;0;0;-299.85;0.03;0.02;0.0;0.97
2021;272;365;beauce_5_sa_087;orgeh;orgeH_tousSols_nonirr_organique;3.22;0.0;15.78;-35.61;9.26;48.34;15.77;0.0;0.0;0;4.63;0;-65.77;0.0;0.0;0.0;3.22
2021;1;197;beauce_5_sa_088;orgeh;orgeH_tousSols_nonirr_organique;6.53;0.0;45.08;5.52;54.65;21.39;12.24;0.03;0.0;0;27.32;0;-218.46;0.0;0.03;0.0;6.53
2021;198;305;beauce_5_sa_088;solnu;;1.15;0.0;41.86;-3.97;0.0;12.24;48.88;0.05;0.04;0;0;0;-289.98;0.03;0.02;0.0;1.15
2021;306;365;beauce_5_sa_088;orgeh;orgeH_tousSols_nonirr_organique;3.39;0.0;7.78;-33.77;1.25;49.06;18.21;0.03;0.0;0;0.63;0;-31.3;0.03;0.0;0.0;3.39
2021;1;214;beauce_5_sa_089;orgeh;orgeH_tousSols_nonirr_organique;6.66;0.0;54.26;7.93;54.96;21.78;23.79;0.04;0.0;0;27.48;0;-281.6;0.0;0.04;0.0;6.66
2021;215;313;beauce_5_sa_089;solnu;;1.4;0.0;34.65;-16.99;0.0;23.79;39.93;0.06;0.05;0;0;0;-246.9;0.05;0.02;0.0;1.4
2021;314;365;beauce_5_sa_089;orgeh;orgeH_tousSols_nonirr_organique;3.59;0.0;5.98;-24.21;0.0;37.5;18.09;0.01;0.0;0;0.0;0;-19.72;0.01;0.0;0.0;3.59
2021;1;229;beauce_5_sa_090;orgeh;orgeH_tousSols_nonirr_organique;6.8;0.0;60.86;9.61;53.16;21.97;33.93;0.05;0.0;0;26.58;0;-325.71;0.01;0.04;0.0;6.8
2021;230;303;beauce_5_sa_090;solnu;;1.21;0.0;26.02;-10.39;0.0;33.93;48.23;0.05;0.07;0;0;0;-188.67;0.04;0.01;0.0;1.21
2021;304;365;beauce_5_sa_090;orgeh;orgeH_tousSols_nonirr_organique;4.14;0.0;7.99;-32.84;0.0;48.39;19.22;0.02;0.0;0;0.0;0;-28.32;0.01;0.0;0.0;4.14
2021;1;210;beauce_5_sa_091;orgeh;orgeH_tousSols_nonirr_organique;6.42;0.0;51.62;9.58;52.49;20.91;24.59;0.04;0.0;0;27.68;0;-270.47;0.0;0.04;0.0;6.42
2021;211;289;beauce_5_sa_091;solnu;;1.1;0.0;32.11;-8.43;0.0;24.59;47.07;0.04;0.06;0;0;0;-232.27;0.03;0.02;0.0;1.1
2021;290;365;beauce_5_sa_091;orgeh;orgeH_tousSols_nonirr_organique;3.23;0.0;11.09;-34.75;5.79;47.39;14.37;0.01;0.0;0;2.9;0;-40.42;0.01;0.0;0.0;3.23
2021;1;177;beauce_5_sa_092;orgeh;orgeH_tousSols_nonirr_organique;7.13;0.0;35.31;5.99;46.84;24.91;13.9;0.03;0.0;0;23.42;0;-169.23;0.0;0.03;0.0;7.13
2021;178;313;beauce_5_sa_092;solnu;;1.97;0.0;52.73;1.71;0.0;13.9;66.2;0.1;0.07;0;0;0;-371.15;0.06;0.03;0.0;1.97
2021;314;365;beauce_5_sa_092;orgeh;orgeH_tousSols_nonirr_organique;5.77;0.0;5.97;-28.49;1.38;65.95;36.49;0.05;0.01;0;0.69;0;-32.37;0.05;0.0;0.0;5.77
2021;1;200;beauce_5_sa_093;orgeh;orgeH_tousSols_nonirr_organique;5.64;0.0;46.63;14.42;58.08;18.65;17.13;0.04;0.0;0;29.04;0;-249.06;0.0;0.04;0.0;5.64
2021;201;289;beauce_5_sa_093;solnu;;0.95;0.0;37.28;-34.17;0.0;17.13;19.19;0.04;0.06;0;0;0;-264.26;0.02;0.02;0.0;0.95
2021;290;365;beauce_5_sa_093;orgeh;orgeH_tousSols_nonirr_organique;2.85;0.0;11.12;-7.35;4.21;18.33;15.91;0.01;0.0;0;2.1;0;-28.8;0.0;0.01;0.0;2.85
2021;1;182;beauce_5_sa_094;orgeh;orgeH_tousSols_nonirr_organique;5.69;0.0;38.33;5.66;48.92;19.74;9.18;0.03;0.0;0;25.95;0;-179.09;0.0;0.03;0.0;5.69
2021;183;287;beauce_5_sa_094;solnu;;1.16;0.0;44.44;-3.48;0.0;9.18;48.93;0.05;0.05;0;0;0;-307.35;0.02;0.03;0.0;1.16
2021;288;365;beauce_5_sa_094;orgeh;orgeH_tousSols_nonirr_organique;3.0;0.0;11.51;-32.84;9.23;49.24;15.36;0.01;0.0;0;4.62;0;-45.38;0.01;0.0;0.0;3.0
2021;1;179;beauce_5_sa_095;orgeh;orgeH_tousSols_nonirr_organique;6.75;0.0;36.8;5.73;47.43;23.51;12.19;0.03;0.0;0;23.72;0;-173.89;0.0;0.03;0.0;6.75
2021;180;307;beauce_5_sa_095;solnu;;1.6;0.0;49.91;0.02;0.0;12.19;60.48;0.07;0.06;0;0;0;-348.73;0.04;0.03;0.0;1.6
2021;308;365;beauce_5_sa_095;orgeh;orgeH_tousSols_nonirr_organique;5.04;0.0;7.44;-30.24;2.76;60.83;29.82;0.05;0.01;0;1.38;0;-37.65;0.05;0.0;0.0;5.04
2021;1;228;beauce_5_sa_096;orgeh;orgeH_tousSols_nonirr_organique;4.91;0.0;60.6;23.88;56.35;16.83;41.0;0.07;0.0;0;28.56;0;-381.43;0.02;0.05;0.0;4.91
2021;229;271;beauce_5_sa_096;solnu;;0.9;0.0;19.12;-35.93;0.0;41.0;23.15;0.04;0.09;0;0;0;-129.98;0.04;0.0;0.0;0.9
2021;272;365;beauce_5_sa_096;orgeh;orgeH_tousSols_nonirr_organique;4.43;0.0;16.32;-10.89;2.73;23.15;21.41;0.0;0.0;0;1.37;0;-47.03;0.0;0.0;0.0;4.43
2021;1;176;beauce_5_sa_097;orgeh;orgeH_tousSols_nonirr_organique;4.91;0.0;34.99;16.4;55.45;17.39;9.42;0.03;0.0;0;27.73;0;-183.39;0.0;0.03;0.0;4.91
2021;177;292;beauce_5_sa_097;solnu;;1.1;0.0;49.18;-37.8;0.0;9.42;19.45;0.05;0.06;0;0;0;-337.72;0.03;0.02;0.0;1.1
2021;293;365;beauce_5_sa_097;orgeh;orgeH_tousSols_nonirr_organique;3.46;0.0;10.4;3.44;9.21;19.42;20.61;0.01;0.0;0;4.61;0;-33.81;0.01;0.01;0.0;3.46
2021;1;208;beauce_5_sa_098;orgeh;orgeH_tousSols_nonirr_organique;6.5;0.0;50.55;10.23;54.29;21.31;22.72;0.04;0.0;0;27.26;0;-263.36;0.0;0.04;0.0;6.5
2021;209;292;beauce_5_sa_098;solnu;;1.08;0.0;33.86;-7.67;0.0;22.72;47.72;0.04;0.06;0;0;0;-241.95;0.03;0.02;0.0;1.08
2021;293;365;beauce_5_sa_098;orgeh;orgeH_tousSols_nonirr_organique;3.29;0.0;10.36;-33.45;4.69;48.03;16.63;0.02;0.0;0;2.35;0;-39.24;0.01;0.0;0.0;3.29
2021;1;227;beauce_5_sa_099;orgeh;orgeH_tousSols_nonirr_organique;4.7;0.0;60.18;22.45;59.34;15.35;34.88;0.06;0.0;0;29.67;0;-361.12;0.01;0.05;0.0;4.7
2021;228;284;beauce_5_sa_099;solnu;;0.8;0.0;22.98;-37.28;0.0;34.88;19.66;0.04;0.08;0;0;0;-161.91;0.03;0.0;0.0;0.8
2021;285;365;beauce_5_sa_099;orgeh;orgeH_tousSols_nonirr_organique;3.71;0.0;12.32;-11.53;0.0;19.66;16.74;0.0;0.0;0;0.0;0;-32.37;0.0;0.0;0.0;3.71
