annee;jourDebut;jourFin;parcelle;couvert;itk;N_lixivie[kgN/ha];N_volatilise_NH3[kgN/ha];N_mineralise_net_SOM[kgN/ha];N_mineralise_net_residus[kgN/ha];N_acquis_couvert[kgN/ha];N_mineral_debut[kgN/ha];N_mineral_fin[kgN/ha];emissions_N2O_directes[kgN/ha];emissions_N2[kgN/ha];N_fixe_legumineuses[kgN/ha];satisfactionAzote_culture[%];satisfactionAzote_ci[%];delta_Corg[kgC/ha];emissions_N2O_denit[kgN-N2O/ha];emissions_N2O_nit[kgN-N2O/ha];emissions_N2O_indirectes_volat[kgN-N2O/ha];emissions_N2O_indirectes_lixiv[kgN-N2O/ha]
2019;213;283;beauce_5_sa_000;solnu;;0.0;0.0;19.94;0.0;0.0;35.0;54.93;0.01;0.0;0;0;0;-221.26;0.0;0.01;0.0;0.0
2019;284;365;beauce_5_sa_000;orgeh;orgeH_tousSols_nonirr_organique;0.28;0.0;13.24;0.0;20.59;55.01;47.23;0.07;0.0;0;10.29;0;-149.3;0.06;0.01;0.0;0.28
2019;213;260;beauce_5_sa_001;solnu;;0.0;0.0;15.91;0.0;0.0;35.0;50.9;0.01;0.0;0;0;0;-176.94;0.0;0.01;0.0;0.0
2019;261;365;beauce_5_sa_001;orgeh;orgeH_tousSols_nonirr_organique;0.34;0.0;17.34;0.0;46.12;51.1;21.75;0.02;0.0;0;23.06;0;-194.47;0.01;0.01;0.0;0.34
2019;213;297;beauce_5_sa_002;solnu;;0.0;0.0;21.98;0.0;0.0;35.0;56.97;0.01;0.0;0;0;0;-243.58;0.0;0.01;0.0;0.0
2019;298;365;beauce_5_sa_002;orgeh;orgeH_tousSols_nonirr_organique;0.27;0.0;11.2;0.0;7.14;57.12;60.67;0.08;0.0;0;3.57;0;-126.98;0.08;0.01;0.0;0.27
2019;213;271;beauce_5_sa_003;solnu;;0.0;0.0;18.34;0.0;0.0;35.0;53.33;0.01;0.0;0;0;0;-203.06;0.0;0.01;0.0;0.0
2019;272;365;beauce_5_sa_003;orgeh;orgeH_tousSols_nonirr_organique;0.31;0.0;14.84;0.0;32.44;53.49;35.38;0.05;0.0;0;16.22;0;-167.59;0.04;0.01;0.0;0.31
2019;213;270;beauce_5_sa_004;solnu;;0.0;0.0;18.12;0.0;0.0;35.0;53.11;0.01;0.0;0;0;0;-200.66;0.0;0.01;0.0;0.0
2019;271;365;beauce_5_sa_004;orgeh;orgeH_tousSols_nonirr_organique;0.36;0.0;15.02;0.0;31.52;53.32;36.2;0.05;0.0;0;15.76;0;-169.5;0.04;0.01;0.0;0.36
2019;213;289;beauce_5_sa_005;solnu;;0.0;0.0;20.56;0.0;0.0;35.0;55.55;0.01;0.0;0;0;0;-229.21;0.0;0.01;0.0;0.0
2019;290;365;beauce_5_sa_005;orgeh;orgeH_tousSols_nonirr_organique;0.28;0.0;12.62;0.0;14.54;55.64;53.27;0.08;0.0;0;7.27;0;-141.42;0.07;0.01;0.0;0.28
2019;213;257;beauce_5_sa_006;solnu;;0.0;0.0;15.54;0.0;0.0;35.0;50.53;0.01;0.0;0;0;0;-172.66;0.0;0.01;0.0;0.0
2019;258;365;beauce_5_sa_006;orgeh;orgeH_tousSols_nonirr_organique;0.33;0.0;17.66;0.0;50.49;50.68;17.35;0.01;0.0;0;25.25;0;-198.15;0.0;0.01;0.0;0.33
2019;213;305;beauce_5_sa_007;solnu;;0.0;0.0;23.2;0.0;0.0;35.0;58.18;0.01;0.0;0;0;0;-258.35;0.0;0.01;0.0;0.0
2019;306;365;beauce_5_sa_007;orgeh;orgeH_tousSols_nonirr_organique;0.25;0.0;9.96;0.0;4.79;58.36;63.02;0.08;0.0;0;2.39;0;-111.97;0.08;0.01;0.0;0.25
2019;213;263;beauce_5_sa_008;solnu;;0.0;0.0;16.62;0.0;0.0;35.0;51.61;0.01;0.0;0;0;0;-182.7;0.0;0.01;0.0;0.0
2019;264;365;beauce_5_sa_008;orgeh;orgeH_tousSols_nonirr_organique;0.34;0.0;16.53;0.0;40.28;51.74;27.49;0.04;0.0;0;20.14;0;-187.56;0.03;0.01;0.0;0.34
2019;213;297;beauce_5_sa_009;solnu;;0.0;0.0;21.98;0.0;0.0;35.0;56.97;0.01;0.0;0;0;0;-243.58;0.0;0.01;0.0;0.0
2019;298;365;beauce_5_sa_009;orgeh;orgeH_tousSols_nonirr_organique;0.27;0.0;11.2;0.0;7.14;57.12;60.67;0.08;0.0;0;3.57;0;-126.98;0.08;0.01;0.0;0.27
2019;213;296;beauce_5_sa_010;solnu;;0.0;0.0;21.75;0.0;0.0;35.0;56.73;0.01;0.0;0;0;0;-241.55;0.0;0.01;0.0;0.0
2019;297;365;beauce_5_sa_010;orgeh;orgeH_tousSols_nonirr_organique;0.27;0.0;11.43;0.0;7.6;56.97;60.21;0.08;0.0;0;3.8;0;-129.0;0.08;0.01;0.0;0.27
2019;213;302;beauce_5_sa_011;solnu;;0.0;0.0;22.76;0.0;0.0;35.0;57.74;0.01;0.0;0;0;0;-253.38;0.0;0.01;0.0;0.0
2019;303;365;beauce_5_sa_011;orgeh;orgeH_tousSols_nonirr_organique;0.27;0.0;10.42;0.0;5.26;57.9;62.55;0.08;0.0;0;2.63;0;-117.17;0.08;0.01;0.0;0.27
2019;213;294;beauce_5_sa_012;solnu;;0.0;0.0;21.4;0.0;0.0;35.0;56.39;0.01;0.0;0;0;0;-237.95;0.0;0.01;0.0;0.0
2019;295;365;beauce_5_sa_012;orgeh;orgeH_tousSols_nonirr_organique;0.26;0.0;11.76;0.0;8.74;56.55;59.07;0.08;0.0;0;4.37;0;-132.44;0.08;0.01;0.0;0.26
2019;213;303;beauce_5_sa_013;solnu;;0.0;0.0;22.91;0.0;0.0;35.0;57.9;0.01;0.0;0;0;0;-254.89;0.0;0.01;0.0;0.0
2019;304;365;beauce_5_sa_013;orgeh;orgeH_tousSols_nonirr_organique;0.27;0.0;10.26;0.0;4.92;58.07;62.89;0.08;0.0;0;2.46;0;-115.66;0.08;0.01;0.0;0.27
2019;213;292;beauce_5_sa_014;solnu;;0.0;0.0;21.15;0.0;0.0;35.0;56.13;0.01;0.0;0;0;0;-234.15;0.0;0.01;0.0;0.0
2019;293;365;beauce_5_sa_014;orgeh;orgeH_tousSols_nonirr_organique;0.3;0.0;12.13;0.0;10.7;56.32;57.17;0.08;0.0;0;5.35;0;-137.5;0.07;0.01;0.0;0.3
2019;213;278;beauce_5_sa_015;solnu;;0.0;0.0;19.36;0.0;0.0;35.0;54.35;0.01;0.0;0;0;0;-215.7;0.0;0.01;0.0;0.0
2019;279;365;beauce_5_sa_015;orgeh;orgeH_tousSols_nonirr_organique;0.3;0.0;13.82;0.0;24.39;54.44;43.42;0.06;0.0;0;12.19;0;-154.92;0.05;0.01;0.0;0.3
2019;213;281;beauce_5_sa_016;solnu;;0.0;0.0;19.68;0.0;0.0;35.0;54.67;0.01;0.0;0;0;0;-219.67;0.0;0.01;0.0;0.0
2019;282;365;beauce_5_sa_016;orgeh;orgeH_tousSols_nonirr_organique;0.29;0.0;13.5;0.0;22.26;54.74;45.55;0.07;0.0;0;11.13;0;-150.94;0.06;0.01;0.0;0.29
2019;213;279;beauce_5_sa_017;solnu;;0.0;0.0;19.45;0.0;0.0;35.0;54.44;0.01;0.0;0;0;0;-216.81;0.0;0.01;0.0;0.0
2019;280;365;beauce_5_sa_017;orgeh;orgeH_tousSols_nonirr_organique;0.29;0.0;13.72;0.0;23.13;54.6;44.67;0.06;0.0;0;11.56;0;-153.66;0.06;0.01;0.0;0.29
2019;213;293;beauce_5_sa_018;solnu;;0.0;0.0;21.23;0.0;0.0;35.0;56.22;0.01;0.0;0;0;0;-235.73;0.0;0.01;0.0;0.0
2019;294;365;beauce_5_sa_018;orgeh;orgeH_tousSols_nonirr_organique;0.25;0.0;11.91;0.0;9.37;56.37;58.43;0.08;0.0;0;4.69;0;-134.43;0.07;0.01;0.0;0.25
2019;213;305;beauce_5_sa_019;solnu;;0.0;0.0;23.22;0.0;0.0;35.0;58.2;0.01;0.0;0;0;0;-258.57;0.0;0.01;0.0;0.0
2019;306;365;beauce_5_sa_019;orgeh;orgeH_tousSols_nonirr_organique;0.27;0.0;9.96;0.0;4.79;58.38;63.02;0.08;0.0;0;2.39;0;-111.97;0.08;0.01;0.0;0.27
2019;213;282;beauce_5_sa_020;solnu;;0.0;0.0;19.76;0.0;0.0;35.0;54.74;0.01;0.0;0;0;0;-220.42;0.0;0.01;0.0;0.0
2019;283;365;beauce_5_sa_020;orgeh;orgeH_tousSols_nonirr_organique;0.29;0.0;13.43;0.0;20.54;54.93;47.27;0.07;0.0;0;10.27;0;-150.23;0.06;0.01;0.0;0.29
2019;213;290;beauce_5_sa_021;solnu;;0.0;0.0;20.63;0.0;0.0;35.0;55.62;0.01;0.0;0;0;0;-229.99;0.0;0.01;0.0;0.0
2019;291;365;beauce_5_sa_021;orgeh;orgeH_tousSols_nonirr_organique;0.26;0.0;12.51;0.0;12.87;55.79;54.92;0.08;0.0;0;6.43;0;-140.13;0.07;0.01;0.0;0.26
2019;213;298;beauce_5_sa_022;solnu;;0.0;0.0;22.13;0.0;0.0;35.0;57.12;0.01;0.0;0;0;0;-246.16;0.0;0.01;0.0;0.0
2019;299;365;beauce_5_sa_022;orgeh;orgeH_tousSols_nonirr_organique;0.27;0.0;11.04;0.0;6.68;57.25;61.13;0.08;0.0;0;3.34;0;-124.38;0.08;0.01;0.0;0.27
2019;213;293;beauce_5_sa_023;solnu;;0.0;0.0;21.25;0.0;0.0;35.0;56.24;0.01;0.0;0;0;0;-235.98;0.0;0.01;0.0;0.0
2019;294;365;beauce_5_sa_023;orgeh;orgeH_tousSols_nonirr_organique;0.27;0.0;11.92;0.0;9.37;56.39;58.44;0.08;0.0;0;4.69;0;-134.54;0.07;0.01;0.0;0.27
2019;213;308;beauce_5_sa_024;solnu;;0.0;0.0;23.9;0.0;0.0;35.0;58.88;0.03;0.0;0;0;0;-266.09;0.01;0.01;0.0;0.0
2019;309;365;beauce_5_sa_024;orgeh;orgeH_tousSols_nonirr_organique;0.27;0.0;9.27;0.0;4.25;58.99;63.56;0.07;0.0;0;2.13;0;-104.46;0.07;0.01;0.0;0.27
2019;213;311;beauce_5_sa_025;solnu;;0.0;0.0;24.47;0.0;0.0;35.0;59.44;0.03;0.0;0;0;0;-271.04;0.02;0.01;0.0;0.0
2019;312;365;beauce_5_sa_025;orgeh;orgeH_tousSols_nonirr_organique;0.26;0.0;8.7;0.0;3.51;59.66;64.3;0.07;0.0;0;1.76;0;-99.46;0.06;0.01;0.0;0.26
2019;213;281;beauce_5_sa_026;solnu;;0.0;0.0;19.68;0.0;0.0;35.0;54.67;0.01;0.0;0;0;0;-219.67;0.0;0.01;0.0;0.0
2019;282;365;beauce_5_sa_026;orgeh;orgeH_tousSols_nonirr_organique;0.29;0.0;13.5;0.0;22.26;54.74;45.55;0.07;0.0;0;11.13;0;-150.94;0.06;0.01;0.0;0.29
2019;213;297;beauce_5_sa_027;solnu;;0.0;0.0;21.98;0.0;0.0;35.0;56.97;0.01;0.0;0;0;0;-243.58;0.0;0.01;0.0;0.0
2019;298;365;beauce_5_sa_027;orgeh;orgeH_tousSols_nonirr_organique;0.27;0.0;11.2;0.0;7.14;57.12;60.67;0.08;0.0;0;3.57;0;-126.98;0.08;0.01;0.0;0.27
2019;213;275;beauce_5_sa_028;solnu;;0.0;0.0;18.99;0.0;0.0;35.0;53.98;0.01;0.0;0;0;0;-211.05;0.0;0.01;0.0;0.0
2019;276;365;beauce_5_sa_028;orgeh;orgeH_tousSols_nonirr_organique;0.31;0.0;14.2;0.0;27.1;54.05;40.7;0.06;0.0;0;13.55;0;-159.59;0.05;0.01;0.0;0.31
2019;213;268;beauce_5_sa_029;solnu;;0.0;0.0;17.73;0.0;0.0;35.0;52.72;0.01;0.0;0;0;0;-195.91;0.0;0.01;0.0;0.0
2019;269;365;beauce_5_sa_029;orgeh;orgeH_tousSols_nonirr_organique;0.35;0.0;15.45;0.0;36.49;52.91;31.29;0.04;0.0;0;18.24;0;-174.73;0.03;0.01;0.0;0.35
2019;213;271;beauce_5_sa_030;solnu;;0.0;0.0;18.34;0.0;0.0;35.0;53.33;0.01;0.0;0;0;0;-203.06;0.0;0.01;0.0;0.0
2019;272;365;beauce_5_sa_030;orgeh;orgeH_tousSols_nonirr_organique;0.31;0.0;14.84;0.0;32.44;53.49;35.38;0.05;0.0;0;16.22;0;-167.59;0.04;0.01;0.0;0.31
2019;213;316;beauce_5_sa_031;solnu;;0.0;0.0;25.56;0.0;0.0;35.0;60.52;0.04;0.0;0;0;0;-284.58;0.02;0.02;0.0;0.0
2019;317;365;beauce_5_sa_031;orgeh;orgeH_tousSols_nonirr_organique;0.27;0.0;7.61;0.0;2.32;60.87;65.48;0.06;0.0;0;1.16;0;-85.96;0.06;0.0;0.0;0.27
2019;213;292;beauce_5_sa_032;solnu;;0.0;0.0;21.07;0.0;0.0;35.0;56.06;0.01;0.0;0;0;0;-233.33;0.0;0.01;0.0;0.0
2019;293;365;beauce_5_sa_032;orgeh;orgeH_tousSols_nonirr_organique;0.27;0.0;12.1;0.0;10.72;56.24;57.09;0.08;0.0;0;5.36;0;-137.21;0.07;0.01;0.0;0.27
2019;213;290;beauce_5_sa_033;solnu;;0.0;0.0;20.66;0.0;0.0;35.0;55.64;0.01;0.0;0;0;0;-230.28;0.0;0.01;0.0;0.0
2019;291;365;beauce_5_sa_033;orgeh;orgeH_tousSols_nonirr_organique;0.28;0.0;12.52;0.0;12.98;55.82;54.83;0.08;0.0;0;6.49;0;-140.35;0.07;0.01;0.0;0.28
2019;213;290;beauce_5_sa_034;solnu;;0.0;0.0;20.65;0.0;0.0;35.0;55.64;0.01;0.0;0;0;0;-230.24;0.0;0.01;0.0;0.0
2019;291;365;beauce_5_sa_034;orgeh;orgeH_tousSols_nonirr_organique;0.27;0.0;12.51;0.0;12.91;55.82;54.9;0.08;0.0;0;6.46;0;-140.23;0.07;0.01;0.0;0.27
2019;213;311;beauce_5_sa_035;solnu;;0.0;0.0;24.47;0.0;0.0;35.0;59.44;0.03;0.0;0;0;0;-271.13;0.02;0.01;0.0;0.0
2019;312;365;beauce_5_sa_035;orgeh;orgeH_tousSols_nonirr_organique;0.27;0.0;8.7;0.0;3.51;59.67;64.3;0.07;0.0;0;1.76;0;-99.45;0.06;0.01;0.0;0.27
2019;213;288;beauce_5_sa_036;solnu;;0.0;0.0;20.45;0.0;0.0;35.0;55.43;0.01;0.0;0;0;0;-227.8;0.0;0.01;0.0;0.0
2019;289;365;beauce_5_sa_036;orgeh;orgeH_tousSols_nonirr_organique;0.26;0.0;12.69;0.0;16.11;55.53;51.69;0.07;0.0;0;8.06;0;-142.37;0.07;0.01;0.0;0.26
2019;213;281;beauce_5_sa_037;solnu;;0.0;0.0;19.68;0.0;0.0;35.0;54.67;0.01;0.0;0;0;0;-219.67;0.0;0.01;0.0;0.0
2019;282;365;beauce_5_sa_037;orgeh;orgeH_tousSols_nonirr_organique;0.29;0.0;13.5;0.0;22.26;54.74;45.55;0.07;0.0;0;11.13;0;-150.94;0.06;0.01;0.0;0.29
2019;213;297;beauce_5_sa_038;solnu;;0.0;0.0;21.98;0.0;0.0;35.0;56.97;0.01;0.0;0;0;0;-243.58;0.0;0.01;0.0;0.0
2019;298;365;beauce_5_sa_038;orgeh;orgeH_tousSols_nonirr_organique;0.27;0.0;11.2;0.0;7.14;57.12;60.67;0.08;0.0;0;3.57;0;-126.98;0.08;0.01;0.0;0.27
2019;213;257;beauce_5_sa_039;solnu;;0.0;0.0;15.54;0.0;0.0;35.0;50.53;0.01;0.0;0;0;0;-172.66;0.0;0.01;0.0;0.0
2019;258;365;beauce_5_sa_039;orgeh;orgeH_tousSols_nonirr_organique;0.33;0.0;17.66;0.0;50.49;50.68;17.35;0.01;0.0;0;25.25;0;-198.15;0.0;0.01;0.0;0.33
2019;213;263;beauce_5_sa_040;solnu;;0.0;0.0;16.62;0.0;0.0;35.0;51.61;0.01;0.0;0;0;0;-182.7;0.0;0.01;0.0;0.0
2019;264;365;beauce_5_sa_040;orgeh;orgeH_tousSols_nonirr_organique;0.34;0.0;16.56;0.0;41.92;51.74;25.88;0.03;0.0;0;20.96;0;-187.89;0.02;0.01;0.0;0.34
2019;213;263;beauce_5_sa_041;solnu;;0.0;0.0;16.62;0.0;0.0;35.0;51.61;0.01;0.0;0;0;0;-182.73;0.0;0.01;0.0;0.0
2019;264;365;beauce_5_sa_041;orgeh;orgeH_tousSols_nonirr_organique;0.34;0.0;16.57;0.0;42.17;51.75;25.64;0.03;0.0;0;21.08;0;-187.97;0.02;0.01;0.0;0.34
2019;213;264;beauce_5_sa_042;solnu;;0.0;0.0;16.76;0.0;0.0;35.0;51.75;0.01;0.0;0;0;0;-186.17;0.0;0.01;0.0;0.0
2019;265;365;beauce_5_sa_042;orgeh;orgeH_tousSols_nonirr_organique;0.34;0.0;16.42;0.0;40.74;51.97;27.05;0.04;0.0;0;20.37;0;-184.36;0.03;0.01;0.0;0.34
2019;213;276;beauce_5_sa_043;solnu;;0.0;0.0;19.07;0.0;0.0;35.0;54.05;0.01;0.0;0;0;0;-212.66;0.0;0.01;0.0;0.0
2019;277;365;beauce_5_sa_043;orgeh;orgeH_tousSols_nonirr_organique;0.3;0.0;14.12;0.0;26.33;54.25;41.47;0.06;0.0;0;13.17;0;-157.98;0.05;0.01;0.0;0.3
2019;213;271;beauce_5_sa_044;solnu;;0.0;0.0;18.34;0.0;0.0;35.0;53.33;0.01;0.0;0;0;0;-203.06;0.0;0.01;0.0;0.0
2019;272;365;beauce_5_sa_044;orgeh;orgeH_tousSols_nonirr_organique;0.31;0.0;14.84;0.0;32.44;53.49;35.38;0.05;0.0;0;16.22;0;-167.59;0.04;0.01;0.0;0.31
2019;213;280;beauce_5_sa_045;solnu;;0.0;0.0;19.61;0.0;0.0;35.0;54.6;0.01;0.0;0;0;0;-217.86;0.0;0.01;0.0;0.0
2019;281;365;beauce_5_sa_045;orgeh;orgeH_tousSols_nonirr_organique;0.29;0.0;13.57;0.0;23.04;54.67;44.77;0.06;0.0;0;11.52;0;-152.76;0.06;0.01;0.0;0.29
2019;213;313;beauce_5_sa_046;solnu;;0.0;0.0;24.94;0.0;0.0;35.0;59.9;0.03;0.0;0;0;0;-276.56;0.02;0.01;0.0;0.0
2019;314;365;beauce_5_sa_046;orgeh;orgeH_tousSols_nonirr_organique;0.26;0.0;8.24;0.0;3.0;60.15;64.81;0.07;0.0;0;1.5;0;-93.95;0.06;0.0;0.0;0.26
2019;213;303;beauce_5_sa_047;solnu;;0.0;0.0;22.91;0.0;0.0;35.0;57.9;0.01;0.0;0;0;0;-254.89;0.0;0.01;0.0;0.0
2019;304;365;beauce_5_sa_047;orgeh;orgeH_tousSols_nonirr_organique;0.27;0.0;10.26;0.0;4.92;58.07;62.89;0.08;0.0;0;2.46;0;-115.66;0.08;0.01;0.0;0.27
2019;213;275;beauce_5_sa_048;solnu;;0.0;0.0;19.02;0.0;0.0;35.0;54.01;0.01;0.0;0;0;0;-211.44;0.0;0.01;0.0;0.0
2019;276;365;beauce_5_sa_048;orgeh;orgeH_tousSols_nonirr_organique;0.33;0.0;14.26;0.0;26.5;54.09;41.39;0.06;0.0;0;13.25;0;-160.34;0.05;0.01;0.0;0.33
2019;213;278;beauce_5_sa_049;solnu;;0.0;0.0;19.4;0.0;0.0;35.0;54.39;0.01;0.0;0;0;0;-216.19;0.0;0.01;0.0;0.0
2019;279;365;beauce_5_sa_049;orgeh;orgeH_tousSols_nonirr_organique;0.33;0.0;13.88;0.0;23.46;54.49;44.41;0.06;0.0;0;11.73;0;-155.56;0.06;0.01;0.0;0.33
2019;213;269;beauce_5_sa_050;solnu;;0.0;0.0;17.92;0.0;0.0;35.0;52.91;0.01;0.0;0;0;0;-198.59;0.0;0.01;0.0;0.0
2019;270;365;beauce_5_sa_050;orgeh;orgeH_tousSols_nonirr_organique;0.36;0.0;15.26;0.0;35.51;53.12;32.26;0.05;0.0;0;17.76;0;-172.07;0.04;0.01;0.0;0.36
2019;213;280;beauce_5_sa_051;solnu;;0.0;0.0;19.6;0.0;0.0;35.0;54.59;0.01;0.0;0;0;0;-217.69;0.0;0.01;0.0;0.0
2019;281;365;beauce_5_sa_051;orgeh;orgeH_tousSols_nonirr_organique;0.27;0.0;13.54;0.0;22.09;54.65;45.69;0.07;0.0;0;11.05;0;-152.42;0.06;0.01;0.0;0.27
2019;213;264;beauce_5_sa_052;solnu;;0.0;0.0;16.76;0.0;0.0;35.0;51.75;0.01;0.0;0;0;0;-186.17;0.0;0.01;0.0;0.0
2019;265;365;beauce_5_sa_052;orgeh;orgeH_tousSols_nonirr_organique;0.34;0.0;16.42;0.0;40.74;51.97;27.05;0.04;0.0;0;20.37;0;-184.36;0.03;0.01;0.0;0.34
2019;213;278;beauce_5_sa_053;solnu;;0.0;0.0;19.36;0.0;0.0;35.0;54.35;0.01;0.0;0;0;0;-215.7;0.0;0.01;0.0;0.0
2019;279;365;beauce_5_sa_053;orgeh;orgeH_tousSols_nonirr_organique;0.3;0.0;13.82;0.0;24.39;54.44;43.42;0.06;0.0;0;12.19;0;-154.92;0.05;0.01;0.0;0.3
2019;213;264;beauce_5_sa_054;solnu;;0.0;0.0;16.76;0.0;0.0;35.0;51.75;0.01;0.0;0;0;0;-186.17;0.0;0.01;0.0;0.0
2019;265;365;beauce_5_sa_054;orgeh;orgeH_tousSols_nonirr_organique;0.34;0.0;16.41;0.0;39.91;51.97;27.86;0.04;0.0;0;19.96;0;-184.24;0.03;0.01;0.0;0.34
2019;213;286;beauce_5_sa_055;solnu;;0.0;0.0;20.28;0.0;0.0;35.0;55.27;0.01;0.0;0;0;0;-225.27;0.0;0.01;0.0;0.0
2019;287;365;beauce_5_sa_055;orgeh;orgeH_tousSols_nonirr_organique;0.28;0.0;12.9;0.0;18.08;55.34;49.74;0.07;0.0;0;9.04;0;-145.32;0.06;0.01;0.0;0.28
2019;213;299;beauce_5_sa_056;solnu;;0.0;0.0;22.26;0.0;0.0;35.0;57.25;0.01;0.0;0;0;0;-247.88;0.0;0.01;0.0;0.0
2019;300;365;beauce_5_sa_056;orgeh;orgeH_tousSols_nonirr_organique;0.27;0.0;10.91;0.0;6.08;57.44;61.73;0.08;0.0;0;3.04;0;-122.66;0.08;0.01;0.0;0.27
2019;213;295;beauce_5_sa_057;solnu;;0.0;0.0;21.57;0.0;0.0;35.0;56.55;0.01;0.0;0;0;0;-239.76;0.0;0.01;0.0;0.0
2019;296;365;beauce_5_sa_057;orgeh;orgeH_tousSols_nonirr_organique;0.27;0.0;11.61;0.0;8.32;56.73;59.49;0.08;0.0;0;4.16;0;-130.8;0.08;0.01;0.0;0.27
2019;213;302;beauce_5_sa_058;solnu;;0.0;0.0;22.76;0.0;0.0;35.0;57.74;0.01;0.0;0;0;0;-253.38;0.0;0.01;0.0;0.0
2019;303;365;beauce_5_sa_058;orgeh;orgeH_tousSols_nonirr_organique;0.27;0.0;10.42;0.0;5.26;57.9;62.55;0.08;0.0;0;2.63;0;-117.17;0.08;0.01;0.0;0.27
2019;213;266;beauce_5_sa_059;solnu;;0.0;0.0;17.13;0.0;0.0;35.0;52.12;0.01;0.0;0;0;0;-189.95;0.0;0.01;0.0;0.0
2019;267;365;beauce_5_sa_059;orgeh;orgeH_tousSols_nonirr_organique;0.34;0.0;15.97;0.0;36.25;52.46;31.46;0.04;0.0;0;18.13;0;-179.83;0.03;0.01;0.0;0.34
2019;213;263;beauce_5_sa_060;solnu;;0.0;0.0;16.62;0.0;0.0;35.0;51.61;0.01;0.0;0;0;0;-182.73;0.0;0.01;0.0;0.0
2019;264;365;beauce_5_sa_060;orgeh;orgeH_tousSols_nonirr_organique;0.34;0.0;16.57;0.0;42.17;51.75;25.64;0.03;0.0;0;21.08;0;-187.97;0.02;0.01;0.0;0.34
2019;213;288;beauce_5_sa_061;solnu;;0.0;0.0;20.45;0.0;0.0;35.0;55.44;0.01;0.0;0;0;0;-227.84;0.0;0.01;0.0;0.0
2019;289;365;beauce_5_sa_061;orgeh;orgeH_tousSols_nonirr_organique;0.26;0.0;12.7;0.0;16.11;55.53;51.7;0.07;0.0;0;8.05;0;-142.4;0.07;0.01;0.0;0.26
2019;213;306;beauce_5_sa_062;solnu;;0.0;0.0;23.4;0.0;0.0;35.0;58.38;0.02;0.0;0;0;0;-260.05;0.0;0.01;0.0;0.0
2019;307;365;beauce_5_sa_062;orgeh;orgeH_tousSols_nonirr_organique;0.27;0.0;9.78;0.0;4.5;58.73;63.3;0.08;0.0;0;2.25;0;-110.5;0.07;0.01;0.0;0.27
2019;213;292;beauce_5_sa_063;solnu;;0.0;0.0;21.06;0.0;0.0;35.0;56.05;0.01;0.0;0;0;0;-233.24;0.0;0.01;0.0;0.0
2019;293;365;beauce_5_sa_063;orgeh;orgeH_tousSols_nonirr_organique;0.26;0.0;12.1;0.0;10.71;56.23;57.09;0.08;0.0;0;5.36;0;-137.1;0.07;0.01;0.0;0.26
2019;213;300;beauce_5_sa_064;solnu;;0.0;0.0;22.42;0.0;0.0;35.0;57.4;0.01;0.0;0;0;0;-248.98;0.0;0.01;0.0;0.0
2019;301;365;beauce_5_sa_064;orgeh;orgeH_tousSols_nonirr_organique;0.24;0.0;10.72;0.0;5.61;57.57;62.19;0.08;0.0;0;2.8;0;-121.13;0.08;0.01;0.0;0.24
2019;213;297;beauce_5_sa_065;solnu;;0.0;0.0;21.95;0.0;0.0;35.0;56.94;0.01;0.0;0;0;0;-243.31;0.0;0.01;0.0;0.0
2019;298;365;beauce_5_sa_065;orgeh;orgeH_tousSols_nonirr_organique;0.25;0.0;11.19;0.0;7.14;57.09;60.66;0.08;0.0;0;3.57;0;-126.89;0.08;0.01;0.0;0.25
2019;213;317;beauce_5_sa_066;solnu;;0.0;0.0;25.91;0.0;0.0;35.0;60.87;0.04;0.0;0;0;0;-286.27;0.03;0.02;0.0;0.0
2019;318;365;beauce_5_sa_066;orgeh;orgeH_tousSols_nonirr_organique;0.27;0.0;7.26;0.0;2.32;60.98;65.48;0.06;0.0;0;1.16;0;-84.28;0.05;0.0;0.0;0.27
2019;213;269;beauce_5_sa_067;solnu;;0.0;0.0;17.92;0.0;0.0;35.0;52.91;0.01;0.0;0;0;0;-198.59;0.0;0.01;0.0;0.0
2019;270;365;beauce_5_sa_067;orgeh;orgeH_tousSols_nonirr_organique;0.36;0.0;15.26;0.0;35.51;53.12;32.26;0.05;0.0;0;17.76;0;-172.07;0.04;0.01;0.0;0.36
2019;213;279;beauce_5_sa_068;solnu;;0.0;0.0;19.45;0.0;0.0;35.0;54.44;0.01;0.0;0;0;0;-216.82;0.0;0.01;0.0;0.0
2019;280;365;beauce_5_sa_068;orgeh;orgeH_tousSols_nonirr_organique;0.3;0.0;13.73;0.0;23.87;54.6;43.95;0.06;0.0;0;11.93;0;-153.82;0.06;0.01;0.0;0.3
2019;213;272;beauce_5_sa_069;solnu;;0.0;0.0;18.5;0.0;0.0;35.0;53.49;0.01;0.0;0;0;0;-205.43;0.0;0.01;0.0;0.0
2019;273;365;beauce_5_sa_069;orgeh;orgeH_tousSols_nonirr_organique;0.31;0.0;14.69;0.0;30.43;53.67;37.39;0.05;0.0;0;15.21;0;-165.36;0.05;0.01;0.0;0.31
2019;213;303;beauce_5_sa_070;solnu;;0.0;0.0;22.91;0.0;0.0;35.0;57.9;0.01;0.0;0;0;0;-254.89;0.0;0.01;0.0;0.0
2019;304;365;beauce_5_sa_070;orgeh;orgeH_tousSols_nonirr_organique;0.27;0.0;10.26;0.0;4.92;58.07;62.89;0.08;0.0;0;2.46;0;-115.66;0.08;0.01;0.0;0.27
2019;213;299;beauce_5_sa_071;solnu;;0.0;0.0;22.26;0.0;0.0;35.0;57.25;0.01;0.0;0;0;0;-247.88;0.0;0.01;0.0;0.0
2019;300;365;beauce_5_sa_071;orgeh;orgeH_tousSols_nonirr_organique;0.27;0.0;10.91;0.0;6.08;57.44;61.73;0.08;0.0;0;3.04;0;-122.66;0.08;0.01;0.0;0.27
2019;213;276;beauce_5_sa_072;solnu;;0.0;0.0;19.07;0.0;0.0;35.0;54.05;0.01;0.0;0;0;0;-212.66;0.0;0.01;0.0;0.0
2019;277;365;beauce_5_sa_072;orgeh;orgeH_tousSols_nonirr_organique;0.3;0.0;14.12;0.0;26.33;54.25;41.47;0.06;0.0;0;13.17;0;-157.98;0.05;0.01;0.0;0.3
2019;213;274;beauce_5_sa_073;solnu;;0.0;0.0;18.84;0.0;0.0;35.0;53.83;0.01;0.0;0;0;0;-209.26;0.0;0.01;0.0;0.0
2019;275;365;beauce_5_sa_073;orgeh;orgeH_tousSols_nonirr_organique;0.31;0.0;14.34;0.0;28.52;53.98;39.28;0.06;0.0;0;14.26;0;-161.37;0.05;0.01;0.0;0.31
2019;213;299;beauce_5_sa_074;solnu;;0.0;0.0;22.26;0.0;0.0;35.0;57.25;0.01;0.0;0;0;0;-247.86;0.0;0.01;0.0;0.0
2019;300;365;beauce_5_sa_074;orgeh;orgeH_tousSols_nonirr_organique;0.26;0.0;10.91;0.0;6.08;57.43;61.73;0.08;0.0;0;3.04;0;-122.64;0.08;0.01;0.0;0.26
2019;213;279;beauce_5_sa_075;solnu;;0.0;0.0;19.45;0.0;0.0;35.0;54.44;0.01;0.0;0;0;0;-216.82;0.0;0.01;0.0;0.0
2019;280;365;beauce_5_sa_075;orgeh;orgeH_tousSols_nonirr_organique;0.3;0.0;13.73;0.0;23.87;54.6;43.95;0.06;0.0;0;11.93;0;-153.82;0.06;0.01;0.0;0.3
2019;213;307;beauce_5_sa_076;solnu;;0.0;0.0;23.76;0.0;0.0;35.0;58.73;0.02;0.0;0;0;0;-262.07;0.01;0.01;0.0;0.0
2019;308;365;beauce_5_sa_076;orgeh;orgeH_tousSols_nonirr_organique;0.27;0.0;9.42;0.0;4.32;58.88;63.49;0.07;0.0;0;2.16;0;-108.47;0.07;0.01;0.0;0.27
2019;213;274;beauce_5_sa_077;solnu;;0.0;0.0;18.88;0.0;0.0;35.0;53.87;0.01;0.0;0;0;0;-209.62;0.0;0.01;0.0;0.0
2019;275;365;beauce_5_sa_077;orgeh;orgeH_tousSols_nonirr_organique;0.32;0.0;14.41;0.0;28.01;54.01;39.88;0.06;0.0;0;14.01;0;-162.16;0.05;0.01;0.0;0.32
2019;213;265;beauce_5_sa_078;solnu;;0.0;0.0;16.97;0.0;0.0;35.0;51.96;0.01;0.0;0;0;0;-187.67;0.0;0.01;0.0;0.0
2019;266;365;beauce_5_sa_078;orgeh;orgeH_tousSols_nonirr_organique;0.34;0.0;16.17;0.0;37.6;52.14;30.14;0.04;0.0;0;18.8;0;-182.55;0.03;0.01;0.0;0.34
2019;213;285;beauce_5_sa_079;solnu;;0.0;0.0;20.11;0.0;0.0;35.0;55.1;0.01;0.0;0;0;0;-224.25;0.0;0.01;0.0;0.0
2019;286;365;beauce_5_sa_079;orgeh;orgeH_tousSols_nonirr_organique;0.28;0.0;13.06;0.0;18.92;55.27;48.89;0.07;0.0;0;9.46;0;-146.33;0.06;0.01;0.0;0.28
2019;213;304;beauce_5_sa_080;solnu;;0.0;0.0;23.08;0.0;0.0;35.0;58.07;0.01;0.0;0;0;0;-256.57;0.0;0.01;0.0;0.0
2019;305;365;beauce_5_sa_080;orgeh;orgeH_tousSols_nonirr_organique;0.25;0.0;10.09;0.0;4.92;58.2;62.89;0.08;0.0;0;2.46;0;-113.89;0.08;0.01;0.0;0.25
2019;213;279;beauce_5_sa_081;solnu;;0.0;0.0;19.45;0.0;0.0;35.0;54.44;0.01;0.0;0;0;0;-216.82;0.0;0.01;0.0;0.0
2019;280;365;beauce_5_sa_081;orgeh;orgeH_tousSols_nonirr_organique;0.3;0.0;13.73;0.0;23.87;54.6;43.95;0.06;0.0;0;11.93;0;-153.82;0.06;0.01;0.0;0.3
2019;213;291;beauce_5_sa_082;solnu;;0.0;0.0;20.83;0.0;0.0;35.0;55.82;0.01;0.0;0;0;0;-231.36;0.0;0.01;0.0;0.0
2019;292;365;beauce_5_sa_082;orgeh;orgeH_tousSols_nonirr_organique;0.27;0.0;12.34;0.0;12.04;56.06;55.77;0.08;0.0;0;6.02;0;-139.21;0.07;0.01;0.0;0.27
2019;213;282;beauce_5_sa_083;solnu;;0.0;0.0;19.72;0.0;0.0;35.0;54.71;0.01;0.0;0;0;0;-220.02;0.0;0.01;0.0;0.0
2019;283;365;beauce_5_sa_083;orgeh;orgeH_tousSols_nonirr_organique;0.27;0.0;13.39;0.0;19.84;54.89;47.93;0.07;0.0;0;9.92;0;-149.83;0.06;0.01;0.0;0.27
2019;213;278;beauce_5_sa_084;solnu;;0.0;0.0;19.36;0.0;0.0;35.0;54.35;0.01;0.0;0;0;0;-215.7;0.0;0.01;0.0;0.0
2019;279;365;beauce_5_sa_084;orgeh;orgeH_tousSols_nonirr_organique;0.29;0.0;13.81;0.0;23.74;54.44;44.07;0.06;0.0;0;11.87;0;-154.79;0.06;0.01;0.0;0.29
2019;213;302;beauce_5_sa_085;solnu;;0.0;0.0;22.74;0.0;0.0;35.0;57.73;0.01;0.0;0;0;0;-253.22;0.0;0.01;0.0;0.0
2019;303;365;beauce_5_sa_085;orgeh;orgeH_tousSols_nonirr_organique;0.25;0.0;10.41;0.0;5.26;57.88;62.55;0.08;0.0;0;2.63;0;-117.14;0.08;0.01;0.0;0.25
2019;213;267;beauce_5_sa_086;solnu;;0.0;0.0;17.47;0.0;0.0;35.0;52.46;0.01;0.0;0;0;0;-191.91;0.0;0.01;0.0;0.0
2019;268;365;beauce_5_sa_086;orgeh;orgeH_tousSols_nonirr_organique;0.34;0.0;15.64;0.0;35.66;52.7;32.06;0.05;0.0;0;17.83;0;-178.0;0.04;0.01;0.0;0.34
2019;213;286;beauce_5_sa_087;solnu;;0.0;0.0;20.28;0.0;0.0;35.0;55.27;0.01;0.0;0;0;0;-225.27;0.0;0.01;0.0;0.0
2019;287;365;beauce_5_sa_087;orgeh;orgeH_tousSols_nonirr_organique;0.28;0.0;12.9;0.0;18.08;55.34;49.74;0.07;0.0;0;9.04;0;-145.32;0.06;0.01;0.0;0.28
2019;213;274;beauce_5_sa_088;solnu;;0.0;0.0;18.81;0.0;0.0;35.0;53.8;0.01;0.0;0;0;0;-208.93;0.0;0.01;0.0;0.0
2019;275;365;beauce_5_sa_088;orgeh;orgeH_tousSols_nonirr_organique;0.29;0.0;14.3;0.0;27.34;53.94;40.41;0.06;0.0;0;13.67;0;-160.96;0.05;0.01;0.0;0.29
2019;213;311;beauce_5_sa_089;solnu;;0.0;0.0;24.47;0.0;0.0;35.0;59.44;0.03;0.0;0;0;0;-271.09;0.02;0.01;0.0;0.0
2019;312;365;beauce_5_sa_089;orgeh;orgeH_tousSols_nonirr_organique;0.27;0.0;8.7;0.0;3.51;59.67;64.29;0.07;0.0;0;1.76;0;-99.46;0.06;0.01;0.0;0.27
2019;213;289;beauce_5_sa_090;solnu;;0.0;0.0;20.55;0.0;0.0;35.0;55.53;0.01;0.0;0;0;0;-229.07;0.0;0.01;0.0;0.0
2019;290;365;beauce_5_sa_090;orgeh;orgeH_tousSols_nonirr_organique;0.26;0.0;12.6;0.0;14.47;55.63;53.33;0.08;0.0;0;7.23;0;-141.19;0.07;0.01;0.0;0.26
2019;213;278;beauce_5_sa_091;solnu;;0.0;0.0;19.32;0.0;0.0;35.0;54.31;0.01;0.0;0;0;0;-215.27;0.0;0.01;0.0;0.0
2019;279;365;beauce_5_sa_091;orgeh;orgeH_tousSols_nonirr_organique;0.28;0.0;13.79;0.0;23.25;54.4;44.5;0.06;0.0;0;11.62;0;-154.48;0.06;0.01;0.0;0.28
2019;213;287;beauce_5_sa_092;solnu;;0.0;0.0;20.36;0.0;0.0;35.0;55.34;0.01;0.0;0;0;0;-227.11;0.0;0.01;0.0;0.0
2019;288;365;beauce_5_sa_092;orgeh;orgeH_tousSols_nonirr_organique;0.28;0.0;12.82;0.0;17.33;55.45;50.49;0.07;0.0;0;8.66;0;-143.47;0.06;0.01;0.0;0.28
2019;213;273;beauce_5_sa_093;solnu;;0.0;0.0;18.68;0.0;0.0;35.0;53.67;0.01;0.0;0;0;0;-207.21;0.0;0.01;0.0;0.0
2019;274;365;beauce_5_sa_093;orgeh;orgeH_tousSols_nonirr_organique;0.31;0.0;14.5;0.0;30.2;53.83;37.61;0.05;0.0;0;15.1;0;-163.42;0.05;0.01;0.0;0.31
2019;213;273;beauce_5_sa_094;solnu;;0.0;0.0;18.65;0.0;0.0;35.0;53.64;0.01;0.0;0;0;0;-206.87;0.0;0.01;0.0;0.0
2019;274;365;beauce_5_sa_094;orgeh;orgeH_tousSols_nonirr_organique;0.3;0.0;14.46;0.0;28.93;53.8;38.82;0.06;0.0;0;14.46;0;-162.99;0.05;0.01;0.0;0.3
2019;213;271;beauce_5_sa_095;solnu;;0.0;0.0;18.34;0.0;0.0;35.0;53.33;0.01;0.0;0;0;0;-203.06;0.0;0.01;0.0;0.0
2019;272;365;beauce_5_sa_095;orgeh;orgeH_tousSols_nonirr_organique;0.31;0.0;14.84;0.0;32.44;53.49;35.38;0.05;0.0;0;16.22;0;-167.59;0.04;0.01;0.0;0.31
2019;213;263;beauce_5_sa_096;solnu;;0.0;0.0;16.62;0.0;0.0;35.0;51.61;0.01;0.0;0;0;0;-182.73;0.0;0.01;0.0;0.0
2019;264;365;beauce_5_sa_096;orgeh;orgeH_tousSols_nonirr_organique;0.34;0.0;16.57;0.0;42.17;51.75;25.64;0.03;0.0;0;21.08;0;-187.97;0.02;0.01;0.0;0.34
2019;213;257;beauce_5_sa_097;solnu;;0.0;0.0;15.53;0.0;0.0;35.0;50.52;0.01;0.0;0;0;0;-172.61;0.0;0.01;0.0;0.0
2019;258;365;beauce_5_sa_097;orgeh;orgeH_tousSols_nonirr_organique;0.33;0.0;17.65;0.0;50.0;50.67;17.82;0.02;0.0;0;25.0;0;-197.99;0.01;0.01;0.0;0.33
2019;213;279;beauce_5_sa_098;solnu;;0.0;0.0;19.49;0.0;0.0;35.0;54.47;0.01;0.0;0;0;0;-217.2;0.0;0.01;0.0;0.0
2019;280;365;beauce_5_sa_098;orgeh;orgeH_tousSols_nonirr_organique;0.3;0.0;13.73;0.0;22.99;54.64;44.85;0.07;0.0;0;11.5;0;-153.81;0.06;0.01;0.0;0.3
2019;213;277;beauce_5_sa_099;solnu;;0.0;0.0;19.26;0.0;0.0;35.0;54.25;0.01;0.0;0;0;0;-213.53;0.0;0.01;0.0;0.0
2019;278;365;beauce_5_sa_099;orgeh;orgeH_tousSols_nonirr_organique;0.3;0.0;13.92;0.0;25.49;54.35;42.32;0.06;0.0;0;12.75;0;-157.11;0.05;0.01;0.0;0.3
2020;1;170;beauce_5_sa_000;orgeh;orgeH_tousSols_nonirr_organique;2.87;0.0;35.86;0.0;62.36;47.23;16.78;0.06;0.0;0;41.47;0;-397.3;0.03;0.02;0.0;2.87
2020;171;284;beauce_5_sa_000;solnu;;0.98;0.0;56.5;-26.52;0.0;16.78;45.89;0.1;0.0;0;0;0;-551.43;0.07;0.03;0.0;0.98
2020;285;366;beauce_5_sa_000;orgeh;orgeH_tousSols_nonirr_organique;2.53;0.0;13.0;-33.86;1.5;41.73;21.01;0.0;0.0;0;0.75;0;-56.96;0.0;0.0;0.0;2.53
2020;1;204;beauce_5_sa_001;orgeh;orgeH_tousSols_nonirr_organique;1.74;0.0;57.12;0.0;40.82;21.75;36.26;0.05;0.0;0;43.47;0;-634.86;0.01;0.03;0.0;1.74
2020;205;261;beauce_5_sa_001;solnu;;0.52;0.0;32.91;-56.95;0.0;36.26;11.66;0.04;0.0;0;0;0;-258.74;0.03;0.0;0.0;0.52
2020;262;366;beauce_5_sa_001;orgeh;orgeH_tousSols_nonirr_organique;1.55;0.0;20.6;-1.22;12.72;11.71;16.75;0.02;0.0;0;6.36;0;-64.73;0.01;0.01;0.0;1.55
2020;1;191;beauce_5_sa_002;orgeh;orgeH_tousSols_nonirr_organique;3.44;0.0;47.21;0.0;80.96;60.67;23.41;0.07;0.0;0;44.05;0;-525.53;0.04;0.03;0.0;3.44
2020;192;298;beauce_5_sa_002;solnu;;1.5;0.0;46.82;-13.93;0.0;23.41;54.71;0.09;0.01;0;0;0;-452.26;0.06;0.02;0.0;1.5
2020;299;366;beauce_5_sa_002;orgeh;orgeH_tousSols_nonirr_organique;2.08;0.0;9.97;-39.51;0.0;54.95;23.09;0.0;0.0;0;0.0;0;-49.9;0.0;0.0;0.0;2.08
2020;1;196;beauce_5_sa_003;orgeh;orgeH_tousSols_nonirr_organique;2.1;0.0;51.85;0.0;54.98;35.38;30.1;0.05;0.0;0;43.71;0;-575.67;0.02;0.03;0.0;2.1
2020;197;272;beauce_5_sa_003;solnu;;0.42;0.0;39.01;-14.86;0.0;30.1;53.75;0.08;0.0;0;0;0;-379.46;0.06;0.02;0.0;0.42
2020;273;366;beauce_5_sa_003;orgeh;orgeH_tousSols_nonirr_organique;2.59;0.0;16.67;-45.57;4.17;53.67;18.06;0.03;0.0;0;2.09;0;-77.19;0.03;0.0;0.0;2.59
2020;1;186;beauce_5_sa_004;orgeh;orgeH_tousSols_nonirr_organique;2.07;0.0;46.97;0.0;55.54;36.2;25.51;0.05;0.0;0;43.53;0;-522.45;0.02;0.03;0.0;2.07
2020;187;271;beauce_5_sa_004;solnu;;0.45;0.0;44.09;-54.19;0.0;25.51;14.88;0.07;0.0;0;0;0;-398.76;0.06;0.01;0.0;0.45
2020;272;366;beauce_5_sa_004;orgeh;orgeH_tousSols_nonirr_organique;2.04;0.0;17.0;-10.08;3.49;14.84;16.26;0.0;0.0;0;1.75;0;-55.06;0.0;0.0;0.0;2.04
2020;1;194;beauce_5_sa_005;orgeh;orgeH_tousSols_nonirr_organique;3.12;0.0;49.15;0.0;73.05;53.27;26.18;0.07;0.0;0;43.8;0;-546.44;0.04;0.03;0.0;3.12
2020;195;290;beauce_5_sa_005;solnu;;0.98;0.0;43.95;-23.43;0.0;26.18;45.62;0.08;0.0;0;0;0;-425.9;0.06;0.02;0.0;0.98
2020;291;366;beauce_5_sa_005;orgeh;orgeH_tousSols_nonirr_organique;2.41;0.0;11.71;-33.74;0.0;43.29;21.17;0.01;0.0;0;0.0;0;-49.78;0.01;0.0;0.0;2.41
2020;1;221;beauce_5_sa_006;orgeh;orgeH_tousSols_nonirr_organique;1.72;0.0;67.27;0.0;36.52;17.35;46.29;0.08;0.0;0;43.51;0;-747.41;0.03;0.04;0.0;1.72
2020;222;258;beauce_5_sa_006;solnu;;0.74;0.0;22.92;-15.74;0.0;46.29;52.61;0.11;0.01;0;0;0;-228.32;0.1;0.01;0.0;0.74
2020;259;366;beauce_5_sa_006;orgeh;orgeH_tousSols_nonirr_organique;2.41;0.0;21.3;-50.86;4.5;52.89;16.13;0.0;0.0;0;2.25;0;-86.3;0.0;0.0;0.0;2.41
2020;1;200;beauce_5_sa_007;orgeh;orgeH_tousSols_nonirr_organique;3.52;0.0;50.72;0.0;84.61;63.02;25.54;0.08;0.0;0;44.7;0;-564.87;0.05;0.03;0.0;3.52
2020;201;306;beauce_5_sa_007;solnu;;1.48;0.0;44.56;-48.03;0.0;25.54;20.54;0.05;0.01;0;0;0;-398.29;0.03;0.01;0.0;1.48
2020;307;366;beauce_5_sa_007;orgeh;orgeH_tousSols_nonirr_organique;1.7;0.0;8.35;-8.12;0.0;20.54;19.08;0.0;0.0;0;0.0;0;-26.3;0.0;0.0;0.0;1.7
2020;1;179;beauce_5_sa_008;orgeh;orgeH_tousSols_nonirr_organique;1.72;0.0;42.57;0.0;46.63;27.49;21.67;0.04;0.0;0;43.45;0;-472.12;0.02;0.03;0.0;1.72
2020;180;264;beauce_5_sa_008;solnu;;0.4;0.0;46.18;-54.46;0.0;21.67;12.91;0.08;0.0;0;0;0;-426.11;0.06;0.02;0.0;0.4
2020;265;366;beauce_5_sa_008;orgeh;orgeH_tousSols_nonirr_organique;1.78;0.0;19.65;-8.88;5.95;12.91;15.94;0.01;0.0;0;2.97;0;-67.12;0.0;0.01;0.0;1.78
2020;1;198;beauce_5_sa_009;orgeh;orgeH_tousSols_nonirr_organique;3.44;0.0;50.27;0.0;80.96;60.67;26.47;0.08;0.0;0;44.05;0;-559.9;0.04;0.03;0.0;3.44
2020;199;298;beauce_5_sa_009;solnu;;1.51;0.0;43.76;-14.25;0.0;26.47;54.38;0.08;0.01;0;0;0;-422.15;0.07;0.02;0.0;1.51
2020;299;366;beauce_5_sa_009;orgeh;orgeH_tousSols_nonirr_organique;2.08;0.0;9.97;-39.2;0.0;54.62;23.07;0.0;0.0;0;0.0;0;-49.5;0.0;0.0;0.0;2.08
2020;1;212;beauce_5_sa_010;orgeh;orgeH_tousSols_nonirr_organique;3.42;0.0;55.34;0.0;80.27;60.21;31.78;0.08;0.0;0;43.93;0;-615.14;0.04;0.03;0.0;3.42
2020;213;297;beauce_5_sa_010;solnu;;1.57;0.0;38.56;-14.81;0.0;31.78;53.87;0.09;0.0;0;0;0;-373.94;0.07;0.02;0.0;1.57
2020;298;366;beauce_5_sa_010;orgeh;orgeH_tousSols_nonirr_organique;2.09;0.0;10.2;-38.76;0.0;54.14;23.22;0.0;0.0;0;0.0;0;-49.1;0.0;0.0;0.0;2.09
2020;1;174;beauce_5_sa_011;orgeh;orgeH_tousSols_nonirr_organique;3.51;0.0;38.35;0.0;75.41;62.55;20.69;0.07;0.0;0;40.33;0;-423.57;0.05;0.02;0.0;3.51
2020;175;303;beauce_5_sa_011;solnu;;1.73;0.0;56.88;-13.26;0.0;20.69;62.75;0.11;0.0;0;0;0;-557.76;0.08;0.03;0.0;1.73
2020;304;366;beauce_5_sa_011;orgeh;orgeH_tousSols_nonirr_organique;2.36;0.0;8.9;-43.01;0.0;62.95;26.27;0.0;0.0;0;0.0;0;-46.49;0.0;0.0;0.0;2.36
2020;1;171;beauce_5_sa_012;orgeh;orgeH_tousSols_nonirr_organique;3.38;0.0;36.59;0.0;70.71;59.07;20.25;0.07;0.0;0;39.72;0;-400.72;0.04;0.02;0.0;3.38
2020;172;295;beauce_5_sa_012;solnu;;1.76;0.0;57.67;-51.12;0.0;20.25;25.07;0.09;0.0;0;0;0;-550.28;0.07;0.02;0.0;1.76
2020;296;366;beauce_5_sa_012;orgeh;orgeH_tousSols_nonirr_organique;2.08;0.0;10.61;-10.5;0.0;25.07;23.1;0.0;0.0;0;0.0;0;-39.78;0.0;0.0;0.0;2.08
2020;1;227;beauce_5_sa_013;orgeh;orgeH_tousSols_nonirr_organique;3.53;0.0;63.02;0.0;84.45;62.89;37.85;0.09;0.0;0;44.68;0;-697.6;0.05;0.04;0.0;3.53
2020;228;304;beauce_5_sa_013;solnu;;1.6;0.0;32.07;-15.35;0.0;37.85;52.88;0.08;0.0;0;0;0;-315.09;0.07;0.01;0.0;1.6
2020;305;366;beauce_5_sa_013;orgeh;orgeH_tousSols_nonirr_organique;2.1;0.0;8.7;-36.13;0.0;53.1;23.35;0.0;0.0;0;0.0;0;-41.78;0.0;0.0;0.0;2.1
2020;1;216;beauce_5_sa_014;orgeh;orgeH_tousSols_nonirr_organique;3.28;0.0;57.6;0.0;77.43;57.17;33.99;0.08;0.0;0;44.06;0;-641.24;0.04;0.03;0.0;3.28
2020;217;293;beauce_5_sa_014;solnu;;1.28;0.0;35.8;-50.28;0.0;33.99;18.19;0.05;0.0;0;0;0;-315.46;0.04;0.01;0.0;1.28
2020;294;366;beauce_5_sa_014;orgeh;orgeH_tousSols_nonirr_organique;1.69;0.0;11.1;-10.99;0.0;17.99;16.62;0.0;0.0;0;0.0;0;-31.69;0.0;0.0;0.0;1.69
2020;1;172;beauce_5_sa_015;orgeh;orgeH_tousSols_nonirr_organique;2.64;0.0;37.89;0.0;62.76;43.42;14.59;0.05;0.0;0;43.58;0;-414.65;0.03;0.02;0.0;2.64
2020;173;279;beauce_5_sa_015;solnu;;0.88;0.0;53.69;-13.64;0.0;14.59;53.8;0.09;0.0;0;0;0;-529.51;0.07;0.03;0.0;0.88
2020;280;366;beauce_5_sa_015;orgeh;orgeH_tousSols_nonirr_organique;2.23;0.0;14.27;-41.82;5.46;53.98;18.55;0.0;0.0;0;2.73;0;-70.33;0.0;0.0;0.0;2.23
2020;1;189;beauce_5_sa_016;orgeh;orgeH_tousSols_nonirr_organique;2.78;0.0;47.33;0.0;66.12;45.55;23.91;0.06;0.0;0;44.19;0;-525.02;0.03;0.03;0.0;2.78
2020;190;282;beauce_5_sa_016;solnu;;0.92;0.0;44.88;-14.2;0.0;23.91;53.58;0.09;0.0;0;0;0;-436.31;0.07;0.02;0.0;0.92
2020;283;366;beauce_5_sa_016;orgeh;orgeH_tousSols_nonirr_organique;2.28;0.0;13.61;-41.12;4.39;53.88;19.4;0.0;0.0;0;2.19;0;-66.16;0.0;0.0;0.0;2.28
2020;1;228;beauce_5_sa_017;orgeh;orgeH_tousSols_nonirr_organique;2.76;0.0;66.11;0.0;65.01;44.67;42.91;0.1;0.0;0;44.07;0;-735.29;0.06;0.04;0.0;2.76
2020;229;280;beauce_5_sa_017;solnu;;1.04;0.0;26.13;-47.07;0.0;42.91;20.86;0.07;0.0;0;0;0;-252.49;0.06;0.01;0.0;1.04
2020;281;366;beauce_5_sa_017;orgeh;orgeH_tousSols_nonirr_organique;2.25;0.0;14.08;-14.03;0.0;20.86;18.66;0.0;0.0;0;0.0;0;-44.71;0.0;0.0;0.0;2.25
2020;1;221;beauce_5_sa_018;orgeh;orgeH_tousSols_nonirr_organique;3.34;0.0;60.08;0.0;78.01;58.42;37.08;0.08;0.0;0;43.69;0;-668.29;0.04;0.04;0.0;3.34
2020;222;294;beauce_5_sa_018;solnu;;1.54;0.0;33.63;-50.57;0.0;37.08;18.55;0.05;0.0;0;0;0;-287.78;0.04;0.01;0.0;1.54
2020;295;366;beauce_5_sa_018;orgeh;orgeH_tousSols_nonirr_organique;1.54;0.0;10.88;-10.49;0.0;18.55;17.4;0.0;0.0;0;0.0;0;-29.84;0.0;0.0;0.0;1.54
2020;1;201;beauce_5_sa_019;orgeh;orgeH_tousSols_nonirr_organique;3.53;0.0;50.96;0.0;84.6;63.02;25.78;0.08;0.0;0;44.7;0;-569.12;0.05;0.03;0.0;3.53
2020;202;306;beauce_5_sa_019;solnu;;1.47;0.0;44.27;-14.14;0.0;25.78;54.36;0.08;0.01;0;0;0;-425.43;0.06;0.02;0.0;1.47
2020;307;366;beauce_5_sa_019;orgeh;orgeH_tousSols_nonirr_organique;2.06;0.0;8.32;-37.79;0.0;54.57;22.83;0.0;0.0;0;0.0;0;-42.41;0.0;0.0;0.0;2.06
2020;1;181;beauce_5_sa_020;orgeh;orgeH_tousSols_nonirr_organique;2.87;0.0;42.26;0.0;67.2;47.27;19.41;0.06;0.0;0;43.87;0;-468.28;0.03;0.03;0.0;2.87
2020;182;283;beauce_5_sa_020;solnu;;0.93;0.0;49.9;-13.72;0.0;19.41;54.56;0.09;0.0;0;0;0;-485.53;0.07;0.02;0.0;0.93
2020;284;366;beauce_5_sa_020;orgeh;orgeH_tousSols_nonirr_organique;2.35;0.0;13.34;-40.94;4.39;54.98;20.22;0.01;0.0;0;2.19;0;-68.82;0.01;0.0;0.0;2.35
2020;1;210;beauce_5_sa_021;orgeh;orgeH_tousSols_nonirr_organique;3.18;0.0;54.92;0.0;75.04;54.92;31.55;0.07;0.0;0;43.95;0;-612.35;0.04;0.03;0.0;3.18
2020;211;291;beauce_5_sa_021;solnu;;1.04;0.0;38.43;-51.1;0.0;31.55;17.8;0.04;0.0;0;0;0;-316.83;0.04;0.01;0.0;1.04
2020;292;366;beauce_5_sa_021;orgeh;orgeH_tousSols_nonirr_organique;1.86;0.0;11.59;-8.09;1.48;17.58;17.96;0.0;0.0;0;0.74;0;-29.71;0.0;0.0;0.0;1.86
2020;1;214;beauce_5_sa_022;orgeh;orgeH_tousSols_nonirr_organique;3.44;0.0;56.13;0.0;82.67;61.13;31.07;0.08;0.0;0;44.68;0;-624.56;0.05;0.03;0.0;3.44
2020;215;299;beauce_5_sa_022;solnu;;1.51;0.0;38.0;-14.83;0.0;31.07;52.64;0.08;0.0;0;0;0;-367.77;0.07;0.02;0.0;1.51
2020;300;366;beauce_5_sa_022;orgeh;orgeH_tousSols_nonirr_organique;2.05;0.0;9.75;-37.59;0.0;52.87;22.75;0.0;0.0;0;0.0;0;-47.09;0.0;0.0;0.0;2.05
2020;1;190;beauce_5_sa_023;orgeh;orgeH_tousSols_nonirr_organique;3.34;0.0;47.01;0.0;78.01;58.44;24.02;0.07;0.0;0;43.69;0;-523.46;0.04;0.03;0.0;3.34
2020;191;294;beauce_5_sa_023;solnu;;1.58;0.0;46.62;-37.75;0.0;24.02;31.23;0.08;0.01;0;0;0;-448.57;0.06;0.02;0.0;1.58
2020;295;366;beauce_5_sa_023;orgeh;orgeH_tousSols_nonirr_organique;1.94;0.0;10.86;-18.54;0.0;28.8;21.61;0.0;0.0;0;0.0;0;-43.26;0.0;0.0;0.0;1.94
2020;1;213;beauce_5_sa_024;orgeh;orgeH_tousSols_nonirr_organique;3.56;0.0;55.37;0.0;85.02;63.55;30.27;0.08;0.0;0;44.64;0;-615.65;0.05;0.03;0.0;3.56
2020;214;309;beauce_5_sa_024;solnu;;1.5;0.0;40.34;-14.55;0.0;30.27;54.47;0.08;0.01;0;0;0;-391.22;0.06;0.02;0.0;1.5
2020;310;366;beauce_5_sa_024;orgeh;orgeH_tousSols_nonirr_organique;2.07;0.0;7.84;-37.25;0.0;54.79;22.98;0.0;0.0;0;0.0;0;-39.49;0.0;0.0;0.0;2.07
2020;1;171;beauce_5_sa_025;orgeh;orgeH_tousSols_nonirr_organique;3.6;0.0;36.46;0.0;73.73;64.3;22.11;0.07;0.0;0;38.62;0;-399.41;0.05;0.02;0.0;3.6
2020;172;312;beauce_5_sa_025;solnu;;1.9;0.0;60.89;-52.57;0.0;22.11;28.55;0.1;0.0;0;0;0;-582.8;0.08;0.03;0.0;1.9
2020;313;366;beauce_5_sa_025;orgeh;orgeH_tousSols_nonirr_organique;2.36;0.0;7.17;-6.9;0.0;28.55;26.46;0.0;0.0;0;0.0;0;-25.88;0.0;0.0;0.0;2.36
2020;1;174;beauce_5_sa_026;orgeh;orgeH_tousSols_nonirr_organique;2.78;0.0;38.76;0.0;64.91;45.55;15.35;0.06;0.0;0;43.58;0;-427.86;0.03;0.02;0.0;2.78
2020;175;282;beauce_5_sa_026;solnu;;0.91;0.0;53.08;-13.64;0.0;15.35;54.0;0.09;0.0;0;0;0;-520.93;0.06;0.02;0.0;0.91
2020;283;366;beauce_5_sa_026;orgeh;orgeH_tousSols_nonirr_organique;2.29;0.0;13.62;-41.47;4.39;54.3;19.47;0.0;0.0;0;2.19;0;-68.32;0.0;0.0;0.0;2.29
2020;1;196;beauce_5_sa_027;orgeh;orgeH_tousSols_nonirr_organique;3.44;0.0;49.57;0.0;80.96;60.67;25.77;0.07;0.0;0;44.05;0;-551.01;0.04;0.03;0.0;3.44
2020;197;298;beauce_5_sa_027;solnu;;1.51;0.0;44.46;-14.17;0.0;25.77;54.46;0.09;0.01;0;0;0;-430.05;0.07;0.02;0.0;1.51
2020;299;366;beauce_5_sa_027;orgeh;orgeH_tousSols_nonirr_organique;2.08;0.0;9.97;-39.27;0.0;54.69;23.07;0.0;0.0;0;0.0;0;-49.71;0.0;0.0;0.0;2.08
2020;1;230;beauce_5_sa_028;orgeh;orgeH_tousSols_nonirr_organique;2.66;0.0;68.26;0.0;60.45;40.7;45.73;0.11;0.0;0;43.78;0;-758.57;0.06;0.04;0.0;2.66
2020;231;276;beauce_5_sa_028;solnu;;1.04;0.0;23.74;-15.76;0.0;45.73;52.59;0.08;0.0;0;0;0;-236.15;0.07;0.01;0.0;1.04
2020;277;366;beauce_5_sa_028;orgeh;orgeH_tousSols_nonirr_organique;2.49;0.0;15.24;-42.07;2.73;52.99;20.54;0.01;0.0;0;1.36;0;-65.62;0.01;0.0;0.0;2.49
2020;1;198;beauce_5_sa_029;orgeh;orgeH_tousSols_nonirr_organique;1.88;0.0;53.23;0.0;51.73;31.29;30.85;0.05;0.0;0;44.11;0;-592.15;0.02;0.03;0.0;1.88
2020;199;269;beauce_5_sa_029;solnu;;0.53;0.0;37.41;-15.02;0.0;30.85;52.63;0.08;0.0;0;0;0;-361.89;0.06;0.02;0.0;0.53
2020;270;366;beauce_5_sa_029;orgeh;orgeH_tousSols_nonirr_organique;2.33;0.0;17.74;-47.45;4.5;53.03;16.06;0.02;0.0;0;2.25;0;-78.79;0.02;0.0;0.0;2.33
2020;1;225;beauce_5_sa_030;orgeh;orgeH_tousSols_nonirr_organique;2.56;0.0;65.99;0.0;54.98;35.38;43.71;0.1;0.01;0;43.71;0;-735.14;0.06;0.04;0.0;2.56
2020;226;272;beauce_5_sa_030;solnu;;0.43;0.0;25.49;-15.78;0.0;43.71;52.93;0.06;0.0;0;0;0;-250.63;0.05;0.01;0.0;0.43
2020;273;366;beauce_5_sa_030;orgeh;orgeH_tousSols_nonirr_organique;2.97;0.0;16.63;-43.54;2.67;52.71;20.35;0.02;0.0;0;1.33;0;-73.48;0.02;0.0;0.0;2.97
2020;1;217;beauce_5_sa_031;orgeh;orgeH_tousSols_nonirr_organique;3.65;0.0;57.12;0.0;86.64;65.48;32.24;0.08;0.0;0;44.48;0;-634.46;0.05;0.03;0.0;3.65
2020;218;317;beauce_5_sa_031;solnu;;1.53;0.0;39.7;-44.97;0.0;32.24;25.35;0.08;0.0;0;0;0;-374.96;0.06;0.01;0.0;1.53
2020;318;366;beauce_5_sa_031;orgeh;orgeH_tousSols_nonirr_organique;2.09;0.0;6.48;-6.48;0.0;25.38;23.26;0.0;0.0;0;0.0;0;-23.77;0.0;0.0;0.0;2.09
2020;1;174;beauce_5_sa_032;orgeh;orgeH_tousSols_nonirr_organique;3.3;0.0;38.49;0.0;71.7;57.09;19.3;0.07;0.0;0;41.21;0;-425.03;0.04;0.02;0.0;3.3
2020;175;293;beauce_5_sa_032;solnu;;1.36;0.0;54.98;-26.67;0.0;19.3;46.42;0.1;0.0;0;0;0;-538.89;0.07;0.03;0.0;1.36
2020;294;366;beauce_5_sa_032;orgeh;orgeH_tousSols_nonirr_organique;2.42;0.0;11.09;-31.16;0.0;43.24;23.93;0.01;0.0;0;0.0;0;-48.63;0.0;0.0;0.0;2.42
2020;1;229;beauce_5_sa_033;orgeh;orgeH_tousSols_nonirr_organique;3.19;0.0;65.24;0.0;74.94;54.83;41.85;0.1;0.0;0;43.96;0;-724.57;0.06;0.04;0.0;3.19
2020;230;291;beauce_5_sa_033;solnu;;1.09;0.0;28.07;-15.67;0.0;41.85;53.08;0.07;0.0;0;0;0;-276.7;0.06;0.01;0.0;1.09
2020;292;366;beauce_5_sa_033;orgeh;orgeH_tousSols_nonirr_organique;2.62;0.0;11.52;-37.32;1.4;53.12;23.25;0.01;0.0;0;0.7;0;-52.54;0.01;0.0;0.0;2.62
2020;1;171;beauce_5_sa_034;orgeh;orgeH_tousSols_nonirr_organique;3.19;0.0;36.64;0.0;68.13;54.9;18.9;0.06;0.0;0;40.52;0;-401.25;0.04;0.02;0.0;3.19
2020;172;291;beauce_5_sa_034;solnu;;1.08;0.0;56.83;-50.22;0.0;18.9;24.44;0.09;0.0;0;0;0;-547.38;0.07;0.02;0.0;1.08
2020;292;366;beauce_5_sa_034;orgeh;orgeH_tousSols_nonirr_organique;2.55;0.0;11.58;-11.45;0.0;24.12;22.01;0.0;0.0;0;0.0;0;-42.64;0.0;0.0;0.0;2.55
2020;1;191;beauce_5_sa_035;orgeh;orgeH_tousSols_nonirr_organique;3.57;0.0;46.91;0.0;85.45;64.29;22.11;0.08;0.0;0;44.48;0;-522.25;0.05;0.03;0.0;3.57
2020;192;312;beauce_5_sa_035;solnu;;1.5;0.0;49.38;-44.85;0.0;22.11;25.06;0.08;0.01;0;0;0;-465.86;0.06;0.02;0.0;1.5
2020;313;366;beauce_5_sa_035;orgeh;orgeH_tousSols_nonirr_organique;2.06;0.0;7.16;-7.19;0.0;25.02;22.97;0.0;0.0;0;0.0;0;-27.37;0.0;0.0;0.0;2.06
2020;1;176;beauce_5_sa_036;orgeh;orgeH_tousSols_nonirr_organique;3.07;0.0;39.84;0.0;70.99;51.69;17.41;0.06;0.0;0;43.55;0;-444.16;0.04;0.02;0.0;3.07
2020;177;289;beauce_5_sa_036;solnu;;0.99;0.0;53.39;-52.43;0.0;17.41;17.32;0.05;0.0;0;0;0;-481.79;0.03;0.02;0.0;0.99
2020;290;366;beauce_5_sa_036;orgeh;orgeH_tousSols_nonirr_organique;1.81;0.0;11.94;-10.47;0.0;17.32;16.98;0.0;0.0;0;0.0;0;-37.5;0.0;0.0;0.0;1.81
2020;1;177;beauce_5_sa_037;orgeh;orgeH_tousSols_nonirr_organique;2.78;0.0;40.34;0.0;66.12;45.55;16.92;0.06;0.0;0;44.19;0;-449.61;0.03;0.02;0.0;2.78
2020;178;282;beauce_5_sa_037;solnu;;0.9;0.0;51.62;-13.65;0.0;16.92;53.9;0.09;0.0;0;0;0;-500.93;0.06;0.02;0.0;0.9
2020;283;366;beauce_5_sa_037;orgeh;orgeH_tousSols_nonirr_organique;2.27;0.0;13.61;-41.53;4.39;54.19;19.32;0.0;0.0;0;2.19;0;-68.23;0.0;0.0;0.0;2.27
2020;1;175;beauce_5_sa_038;orgeh;orgeH_tousSols_nonirr_organique;3.44;0.0;39.38;0.0;75.64;60.67;20.9;0.07;0.0;0;41.39;0;-431.21;0.04;0.02;0.0;3.44
2020;176;298;beauce_5_sa_038;solnu;;1.66;0.0;55.03;-13.38;0.0;20.9;60.79;0.11;0.0;0;0;0;-542.49;0.08;0.03;0.0;1.66
2020;299;366;beauce_5_sa_038;orgeh;orgeH_tousSols_nonirr_organique;2.29;0.0;9.97;-42.99;0.0;61.02;25.48;0.0;0.0;0;0.0;0;-50.91;0.0;0.0;0.0;2.29
2020;1;222;beauce_5_sa_039;orgeh;orgeH_tousSols_nonirr_organique;2.31;0.0;68.18;0.0;36.52;17.35;46.54;0.13;0.02;0;43.51;0;-754.39;0.09;0.04;0.0;2.31
2020;223;258;beauce_5_sa_039;solnu;;0.23;0.0;22.0;-15.69;0.0;46.54;44.8;0.06;0.0;0;0;0;-222.94;0.05;0.01;0.0;0.23
2020;259;366;beauce_5_sa_039;orgeh;orgeH_tousSols_nonirr_organique;1.53;0.0;21.3;-49.46;4.5;45.08;10.61;0.0;0.0;0;2.25;0;-85.82;0.0;0.0;0.0;1.53
2020;1;180;beauce_5_sa_040;orgeh;orgeH_tousSols_nonirr_organique;1.69;0.0;43.11;0.0;45.3;25.88;21.95;0.04;0.0;0;43.61;0;-477.7;0.02;0.03;0.0;1.69
2020;181;264;beauce_5_sa_040;solnu;;0.41;0.0;45.82;-56.91;0.0;21.95;10.42;0.02;0.0;0;0;0;-362.44;0.02;0.01;0.0;0.41
2020;265;366;beauce_5_sa_040;orgeh;orgeH_tousSols_nonirr_organique;1.43;0.0;19.64;4.73;17.88;10.3;15.46;0.02;0.0;0;8.94;0;-68.75;0.01;0.01;0.0;1.43
2020;1;190;beauce_5_sa_041;orgeh;orgeH_tousSols_nonirr_organique;1.7;0.0;49.84;0.0;45.07;25.64;28.66;0.05;0.0;0;43.62;0;-554.25;0.02;0.03;0.0;1.7
2020;191;264;beauce_5_sa_041;solnu;;0.51;0.0;40.09;-14.78;0.0;28.66;53.37;0.09;0.0;0;0;0;-388.03;0.07;0.02;0.0;0.51
2020;265;366;beauce_5_sa_041;orgeh;orgeH_tousSols_nonirr_organique;1.98;0.0;19.43;-50.67;6.0;53.76;14.14;0.01;0.0;0;3.0;0;-84.2;0.01;0.0;0.0;1.98
2020;1;195;beauce_5_sa_042;orgeh;orgeH_tousSols_nonirr_organique;1.73;0.0;52.55;0.0;46.68;27.05;31.13;0.05;0.0;0;43.71;0;-583.73;0.02;0.03;0.0;1.73
2020;196;265;beauce_5_sa_042;solnu;;0.54;0.0;37.83;-15.0;0.0;31.13;53.33;0.09;0.0;0;0;0;-367.52;0.07;0.02;0.0;0.54
2020;266;366;beauce_5_sa_042;orgeh;orgeH_tousSols_nonirr_organique;2.07;0.0;19.06;-50.22;6.0;53.69;14.09;0.01;0.0;0;3.0;0;-82.57;0.01;0.0;0.0;2.07
2020;1;189;beauce_5_sa_043;orgeh;orgeH_tousSols_nonirr_organique;2.52;0.0;47.74;0.0;61.87;41.47;24.76;0.06;0.0;0;44.1;0;-529.41;0.03;0.03;0.0;2.52
2020;190;277;beauce_5_sa_043;solnu;;0.89;0.0;43.96;-14.32;0.0;24.76;53.41;0.09;0.0;0;0;0;-425.62;0.07;0.02;0.0;0.89
2020;278;366;beauce_5_sa_043;orgeh;orgeH_tousSols_nonirr_organique;2.23;0.0;14.86;-43.71;3.97;53.69;18.35;0.0;0.0;0;1.98;0;-70.27;0.0;0.0;0.0;2.23
2020;1;213;beauce_5_sa_044;orgeh;orgeH_tousSols_nonirr_organique;2.1;0.0;59.11;0.0;54.98;35.38;37.35;0.06;0.0;0;43.71;0;-656.5;0.02;0.04;0.0;2.1
2020;214;272;beauce_5_sa_044;solnu;;0.51;0.0;32.08;-15.49;0.0;37.35;53.34;0.08;0.0;0;0;0;-314.1;0.07;0.01;0.0;0.51
2020;273;366;beauce_5_sa_044;orgeh;orgeH_tousSols_nonirr_organique;2.71;0.0;16.65;-44.32;4.17;53.22;18.76;0.03;0.0;0;2.08;0;-74.79;0.03;0.0;0.0;2.71
2020;1;171;beauce_5_sa_045;orgeh;orgeH_tousSols_nonirr_organique;2.72;0.0;36.87;0.0;62.41;44.77;15.19;0.05;0.0;0;42.73;0;-403.53;0.03;0.02;0.0;2.72
2020;172;281;beauce_5_sa_045;solnu;;0.9;0.0;55.02;-13.48;0.0;15.19;55.83;0.1;0.0;0;0;0;-543.05;0.07;0.03;0.0;0.9
2020;282;366;beauce_5_sa_045;orgeh;orgeH_tousSols_nonirr_organique;2.31;0.0;13.83;-42.19;5.67;56.06;19.49;0.0;0.0;0;2.83;0;-69.85;0.0;0.0;0.0;2.31
2020;1;198;beauce_5_sa_046;orgeh;orgeH_tousSols_nonirr_organique;3.62;0.0;49.86;0.0;85.9;64.81;25.08;0.08;0.0;0;44.45;0;-555.43;0.05;0.03;0.0;3.62
2020;199;314;beauce_5_sa_046;solnu;;1.52;0.0;46.64;-46.33;0.0;25.08;23.79;0.07;0.01;0;0;0;-432.42;0.05;0.02;0.0;1.52
2020;315;366;beauce_5_sa_046;orgeh;orgeH_tousSols_nonirr_organique;1.96;0.0;6.89;-6.85;0.0;23.79;21.87;0.0;0.0;0;0.0;0;-24.94;0.0;0.0;0.0;1.96
2020;1;175;beauce_5_sa_047;orgeh;orgeH_tousSols_nonirr_organique;3.53;0.0;39.3;0.0;76.42;62.89;20.92;0.07;0.0;0;40.67;0;-430.46;0.05;0.02;0.0;3.53
2020;176;304;beauce_5_sa_047;solnu;;1.69;0.0;56.12;-13.31;0.0;20.92;62.08;0.1;0.0;0;0;0;-554.05;0.08;0.03;0.0;1.69
2020;305;366;beauce_5_sa_047;orgeh;orgeH_tousSols_nonirr_organique;2.33;0.0;8.72;-42.51;0.0;62.3;25.95;0.01;0.0;0;0.0;0;-45.16;0.0;0.0;0.0;2.33
2020;1;219;beauce_5_sa_048;orgeh;orgeH_tousSols_nonirr_organique;2.46;0.0;61.85;0.0;60.74;41.39;39.97;0.07;0.0;0;43.62;0;-688.28;0.03;0.04;0.0;2.46
2020;220;276;beauce_5_sa_048;solnu;;1.02;0.0;29.98;-51.98;0.0;39.97;16.87;0.07;0.0;0;0;0;-280.68;0.07;0.01;0.0;1.02
2020;277;366;beauce_5_sa_048;orgeh;orgeH_tousSols_nonirr_organique;1.83;0.0;15.28;-14.34;0.0;16.86;15.98;0.0;0.0;0;0.0;0;-45.57;0.0;0.0;0.0;1.83
2020;1;211;beauce_5_sa_049;orgeh;orgeH_tousSols_nonirr_organique;2.66;0.0;56.7;0.0;64.62;44.41;33.76;0.07;0.0;0;44.04;0;-631.07;0.03;0.03;0.0;2.66
2020;212;279;beauce_5_sa_049;solnu;;0.98;0.0;35.47;-51.65;0.0;33.76;16.53;0.06;0.0;0;0;0;-326.8;0.05;0.01;0.0;0.98
2020;280;366;beauce_5_sa_049;orgeh;orgeH_tousSols_nonirr_organique;1.79;0.0;14.27;-13.48;0.0;16.53;15.53;0.0;0.0;0;0.0;0;-43.11;0.0;0.0;0.0;1.79
2020;1;208;beauce_5_sa_050;orgeh;orgeH_tousSols_nonirr_organique;1.95;0.0;57.14;0.0;51.95;32.26;35.45;0.05;0.0;0;43.73;0;-637.16;0.02;0.03;0.0;1.95
2020;209;270;beauce_5_sa_050;solnu;;0.54;0.0;33.71;-15.36;0.0;35.45;53.17;0.08;0.0;0;0;0;-326.01;0.07;0.01;0.0;0.54
2020;271;366;beauce_5_sa_050;orgeh;orgeH_tousSols_nonirr_organique;2.49;0.0;17.37;-46.54;4.17;53.65;17.31;0.02;0.0;0;2.08;0;-76.21;0.02;0.0;0.0;2.49
2020;1;224;beauce_5_sa_051;orgeh;orgeH_tousSols_nonirr_organique;2.79;0.0;63.61;0.0;65.63;45.69;40.79;0.09;0.0;0;43.86;0;-708.7;0.06;0.04;0.0;2.79
2020;225;281;beauce_5_sa_051;solnu;;1.09;0.0;29.02;-50.89;0.0;40.79;17.78;0.05;0.0;0;0;0;-246.14;0.04;0.0;0.0;1.09
2020;282;366;beauce_5_sa_051;orgeh;orgeH_tousSols_nonirr_organique;1.91;0.0;13.85;-11.76;0.43;17.78;17.53;0.0;0.0;0;0.21;0;-37.52;0.0;0.0;0.0;1.91
2020;1;213;beauce_5_sa_052;orgeh;orgeH_tousSols_nonirr_organique;1.74;0.0;60.99;0.0;46.68;27.05;39.56;0.06;0.0;0;43.71;0;-677.21;0.02;0.04;0.0;1.74
2020;214;265;beauce_5_sa_052;solnu;;0.63;0.0;29.82;-15.65;0.0;39.56;53.0;0.09;0.01;0;0;0;-292.85;0.08;0.01;0.0;0.63
2020;266;366;beauce_5_sa_052;orgeh;orgeH_tousSols_nonirr_organique;2.22;0.0;19.05;-48.98;6.0;53.35;14.84;0.01;0.0;0;3.0;0;-79.16;0.01;0.0;0.0;2.22
2020;1;180;beauce_5_sa_053;orgeh;orgeH_tousSols_nonirr_organique;2.64;0.0;41.91;0.0;64.02;43.42;18.61;0.06;0.0;0;44.2;0;-464.61;0.03;0.03;0.0;2.64
2020;181;279;beauce_5_sa_053;solnu;;0.87;0.0;49.46;-13.78;0.0;18.61;53.33;0.09;0.0;0;0;0;-480.34;0.07;0.02;0.0;0.87
2020;280;366;beauce_5_sa_053;orgeh;orgeH_tousSols_nonirr_organique;2.2;0.0;14.27;-41.62;5.46;53.51;18.31;0.0;0.0;0;2.73;0;-69.64;0.0;0.0;0.0;2.2
2020;1;192;beauce_5_sa_054;orgeh;orgeH_tousSols_nonirr_organique;1.72;0.0;50.65;0.0;47.28;27.86;29.47;0.05;0.0;0;43.59;0;-563.38;0.02;0.03;0.0;1.72
2020;193;265;beauce_5_sa_054;solnu;;0.51;0.0;39.46;-40.17;0.0;29.47;28.16;0.09;0.0;0;0;0;-380.41;0.07;0.02;0.0;0.51
2020;266;366;beauce_5_sa_054;orgeh;orgeH_tousSols_nonirr_organique;1.9;0.0;19.16;-24.09;4.97;25.47;16.35;0.01;0.0;0;2.49;0;-63.72;0.0;0.01;0.0;1.9
2020;1;210;beauce_5_sa_055;orgeh;orgeH_tousSols_nonirr_organique;3.0;0.0;55.29;0.0;69.67;49.73;32.28;0.07;0.0;0;43.88;0;-616.35;0.04;0.03;0.0;3.0
2020;211;287;beauce_5_sa_055;solnu;;0.98;0.0;37.56;-14.95;0.0;32.28;53.83;0.08;0.0;0;0;0;-363.15;0.07;0.02;0.0;0.98
2020;288;366;beauce_5_sa_055;orgeh;orgeH_tousSols_nonirr_organique;2.41;0.0;12.21;-39.36;3.0;54.0;21.26;0.01;0.0;0;1.5;0;-58.05;0.01;0.0;0.0;2.41
2020;1;197;beauce_5_sa_056;orgeh;orgeH_tousSols_nonirr_organique;3.48;0.0;49.77;0.0;82.58;61.73;25.36;0.08;0.0;0;44.33;0;-554.81;0.05;0.03;0.0;3.48
2020;198;300;beauce_5_sa_056;solnu;;1.48;0.0;44.46;-14.16;0.0;25.36;54.09;0.08;0.01;0;0;0;-428.64;0.06;0.02;0.0;1.48
2020;301;366;beauce_5_sa_056;orgeh;orgeH_tousSols_nonirr_organique;2.07;0.0;9.55;-38.65;0.0;54.31;22.92;0.0;0.0;0;0.0;0;-48.29;0.0;0.0;0.0;2.07
2020;1;195;beauce_5_sa_057;orgeh;orgeH_tousSols_nonirr_organique;3.4;0.0;49.19;0.0;79.59;59.49;25.62;0.07;0.0;0;43.95;0;-547.26;0.04;0.03;0.0;3.4
2020;196;296;beauce_5_sa_057;solnu;;1.53;0.0;44.52;-14.18;0.0;25.62;54.34;0.09;0.01;0;0;0;-431.02;0.07;0.02;0.0;1.53
2020;297;366;beauce_5_sa_057;orgeh;orgeH_tousSols_nonirr_organique;2.09;0.0;10.42;-39.48;0.0;54.58;23.18;0.0;0.0;0;0.0;0;-50.92;0.0;0.0;0.0;2.09
2020;1;189;beauce_5_sa_058;orgeh;orgeH_tousSols_nonirr_organique;3.51;0.0;46.32;0.0;83.64;62.55;21.64;0.07;0.0;0;44.45;0;-514.21;0.05;0.03;0.0;3.51
2020;190;303;beauce_5_sa_058;solnu;;1.5;0.0;48.63;-13.73;0.0;21.64;54.95;0.08;0.0;0;0;0;-471.14;0.06;0.02;0.0;1.5
2020;304;366;beauce_5_sa_058;orgeh;orgeH_tousSols_nonirr_organique;2.08;0.0;8.9;-38.64;0.0;55.16;23.12;0.0;0.0;0;0.0;0;-46.35;0.0;0.0;0.0;2.08
2020;1;213;beauce_5_sa_059;orgeh;orgeH_tousSols_nonirr_organique;1.86;0.0;60.59;0.0;50.85;31.46;39.27;0.06;0.0;0;43.55;0;-672.66;0.02;0.04;0.0;1.86
2020;214;267;beauce_5_sa_059;solnu;;0.68;0.0;30.68;-53.38;0.0;39.27;15.82;0.07;0.01;0;0;0;-251.96;0.07;0.0;0.0;0.68
2020;268;366;beauce_5_sa_059;orgeh;orgeH_tousSols_nonirr_organique;2.17;0.0;18.49;-6.12;7.43;15.81;18.58;0.01;0.0;0;3.71;0;-54.02;0.0;0.01;0.0;2.17
2020;1;200;beauce_5_sa_060;orgeh;orgeH_tousSols_nonirr_organique;1.7;0.0;55.08;0.0;45.07;25.64;33.91;0.05;0.0;0;43.62;0;-612.35;0.02;0.03;0.0;1.7
2020;201;264;beauce_5_sa_060;solnu;;0.55;0.0;35.28;-15.24;0.0;33.91;53.3;0.09;0.0;0;0;0;-342.65;0.08;0.01;0.0;0.55
2020;265;366;beauce_5_sa_060;orgeh;orgeH_tousSols_nonirr_organique;2.05;0.0;19.41;-50.05;6.0;53.68;14.6;0.01;0.0;0;3.0;0;-81.5;0.01;0.0;0.0;2.05
2020;1;196;beauce_5_sa_061;orgeh;orgeH_tousSols_nonirr_organique;3.07;0.0;50.12;0.0;72.04;51.7;26.64;0.07;0.0;0;44.07;0;-556.92;0.04;0.03;0.0;3.07
2020;197;289;beauce_5_sa_061;solnu;;0.97;0.0;42.98;-51.58;0.0;26.64;17.02;0.05;0.0;0;0;0;-382.83;0.03;0.01;0.0;0.97
2020;290;366;beauce_5_sa_061;orgeh;orgeH_tousSols_nonirr_organique;1.78;0.0;11.93;-11.06;0.0;17.02;16.11;0.0;0.0;0;0.0;0;-34.98;0.0;0.0;0.0;1.78
2020;1;215;beauce_5_sa_062;orgeh;orgeH_tousSols_nonirr_organique;3.55;0.0;56.41;0.0;84.93;63.3;31.15;0.08;0.0;0;44.72;0;-626.46;0.05;0.03;0.0;3.55
2020;216;307;beauce_5_sa_062;solnu;;1.48;0.0;39.01;-14.69;0.0;31.15;53.9;0.08;0.0;0;0;0;-378.21;0.06;0.02;0.0;1.48
2020;308;366;beauce_5_sa_062;orgeh;orgeH_tousSols_nonirr_organique;2.06;0.0;8.13;-37.11;0.0;54.15;22.85;0.0;0.0;0;0.0;0;-40.0;0.0;0.0;0.0;2.06
2020;1;174;beauce_5_sa_063;orgeh;orgeH_tousSols_nonirr_organique;3.3;0.0;38.49;0.0;71.76;57.09;19.25;0.07;0.0;0;41.24;0;-425.09;0.04;0.02;0.0;3.3
2020;175;293;beauce_5_sa_063;solnu;;1.39;0.0;55.02;-50.57;0.0;19.25;22.5;0.08;0.0;0;0;0;-519.86;0.05;0.02;0.0;1.39
2020;294;366;beauce_5_sa_063;orgeh;orgeH_tousSols_nonirr_organique;2.09;0.0;11.11;-11.05;0.0;22.26;20.48;0.0;0.0;0;0.0;0;-39.52;0.0;0.0;0.0;2.09
2020;1;176;beauce_5_sa_064;orgeh;orgeH_tousSols_nonirr_organique;3.48;0.0;39.58;0.0;77.65;62.19;20.57;0.07;0.0;0;41.63;0;-441.38;0.05;0.02;0.0;3.48
2020;177;301;beauce_5_sa_064;solnu;;1.59;0.0;55.13;-53.22;0.0;20.57;20.84;0.06;0.0;0;0;0;-501.16;0.04;0.02;0.0;1.59
2020;302;366;beauce_5_sa_064;orgeh;orgeH_tousSols_nonirr_organique;1.72;0.0;9.4;-9.02;0.0;20.84;19.49;0.0;0.0;0;0.0;0;-31.0;0.0;0.0;0.0;1.72
2020;1;183;beauce_5_sa_065;orgeh;orgeH_tousSols_nonirr_organique;3.43;0.0;43.74;0.0;79.76;60.66;19.88;0.07;0.0;0;43.45;0;-474.57;0.05;0.03;0.0;3.43
2020;184;298;beauce_5_sa_065;solnu;;1.5;0.0;50.72;-50.98;0.0;19.88;18.36;0.04;0.0;0;0;0;-460.96;0.03;0.02;0.0;1.5
2020;299;366;beauce_5_sa_065;orgeh;orgeH_tousSols_nonirr_organique;1.52;0.0;10.01;-9.61;0.0;18.36;17.23;0.0;0.0;0;0.0;0;-30.38;0.0;0.0;0.0;1.52
2020;1;188;beauce_5_sa_066;orgeh;orgeH_tousSols_nonirr_organique;3.65;0.0;45.63;0.0;86.22;65.48;20.09;0.08;0.0;0;44.27;0;-507.35;0.05;0.03;0.0;3.65
2020;189;318;beauce_5_sa_066;solnu;;1.51;0.0;51.38;-13.63;0.0;20.09;56.49;0.08;0.01;0;0;0;-499.67;0.06;0.02;0.0;1.51
2020;319;366;beauce_5_sa_066;orgeh;orgeH_tousSols_nonirr_organique;2.11;0.0;6.37;-37.24;0.0;56.63;23.5;0.01;0.0;0;0.0;0;-34.53;0.0;0.0;0.0;2.11
2020;1;212;beauce_5_sa_067;orgeh;orgeH_tousSols_nonirr_organique;1.95;0.0;59.04;0.0;51.95;32.26;37.34;0.06;0.0;0;43.73;0;-655.51;0.02;0.04;0.0;1.95
2020;213;270;beauce_5_sa_067;solnu;;0.63;0.0;32.04;-15.5;0.0;37.34;53.17;0.09;0.0;0;0;0;-313.24;0.07;0.01;0.0;0.63
2020;271;366;beauce_5_sa_067;orgeh;orgeH_tousSols_nonirr_organique;2.58;0.0;17.36;-45.82;4.17;53.64;17.94;0.02;0.0;0;2.08;0;-75.31;0.02;0.0;0.0;2.58
2020;1;172;beauce_5_sa_068;orgeh;orgeH_tousSols_nonirr_organique;2.68;0.0;37.84;0.0;63.08;43.95;14.72;0.05;0.0;0;43.47;0;-414.18;0.03;0.02;0.0;2.68
2020;173;280;beauce_5_sa_068;solnu;;0.88;0.0;53.79;-13.63;0.0;14.72;54.03;0.09;0.0;0;0;0;-532.17;0.07;0.03;0.0;0.88
2020;281;366;beauce_5_sa_068;orgeh;orgeH_tousSols_nonirr_organique;2.22;0.0;14.1;-41.59;5.73;54.33;18.59;0.0;0.0;0;2.86;0;-68.01;0.0;0.0;0.0;2.22
2020;1;191;beauce_5_sa_069;orgeh;orgeH_tousSols_nonirr_organique;2.22;0.0;48.99;0.0;57.72;37.39;26.38;0.05;0.0;0;44.07;0;-544.8;0.02;0.03;0.0;2.22
2020;192;273;beauce_5_sa_069;solnu;;0.84;0.0;41.8;-14.57;0.0;26.38;52.68;0.09;0.0;0;0;0;-404.29;0.08;0.02;0.0;0.84
2020;274;366;beauce_5_sa_069;orgeh;orgeH_tousSols_nonirr_organique;2.16;0.0;16.32;-44.5;4.5;53.22;17.84;0.01;0.0;0;2.25;0;-75.71;0.0;0.0;0.0;2.16
2020;1;228;beauce_5_sa_070;orgeh;orgeH_tousSols_nonirr_organique;3.53;0.0;63.58;0.0;84.45;62.89;38.4;0.09;0.0;0;44.68;0;-706.88;0.06;0.04;0.0;3.53
2020;229;304;beauce_5_sa_070;solnu;;1.62;0.0;31.52;-15.39;0.0;38.4;52.82;0.08;0.0;0;0;0;-306.84;0.07;0.01;0.0;1.62
2020;305;366;beauce_5_sa_070;orgeh;orgeH_tousSols_nonirr_organique;2.11;0.0;8.7;-36.03;0.0;53.04;23.39;0.0;0.0;0;0.0;0;-41.63;0.0;0.0;0.0;2.11
2020;1;203;beauce_5_sa_071;orgeh;orgeH_tousSols_nonirr_organique;3.48;0.0;51.63;0.0;82.58;61.73;27.22;0.08;0.0;0;44.33;0;-576.17;0.05;0.03;0.0;3.48
2020;204;300;beauce_5_sa_071;solnu;;1.47;0.0;42.51;-14.37;0.0;27.22;53.79;0.08;0.01;0;0;0;-409.15;0.06;0.02;0.0;1.47
2020;301;366;beauce_5_sa_071;orgeh;orgeH_tousSols_nonirr_organique;2.06;0.0;9.55;-38.39;0.0;54.01;22.89;0.0;0.0;0;0.0;0;-47.73;0.0;0.0;0.0;2.06
2020;1;175;beauce_5_sa_072;orgeh;orgeH_tousSols_nonirr_organique;2.52;0.0;40.0;0.0;61.87;41.47;17.03;0.05;0.0;0;44.1;0;-437.44;0.03;0.02;0.0;2.52
2020;176;277;beauce_5_sa_072;solnu;;0.85;0.0;51.45;-13.58;0.0;17.03;53.94;0.1;0.0;0;0;0;-504.82;0.07;0.02;0.0;0.85
2020;278;366;beauce_5_sa_072;orgeh;orgeH_tousSols_nonirr_organique;2.22;0.0;14.87;-42.88;5.42;54.22;18.29;0.0;0.0;0;2.71;0;-74.23;0.0;0.0;0.0;2.22
2020;1;225;beauce_5_sa_073;orgeh;orgeH_tousSols_nonirr_organique;2.6;0.0;65.12;0.0;58.53;39.28;43.16;0.1;0.0;0;43.53;0;-725.43;0.06;0.04;0.0;2.6
2020;226;275;beauce_5_sa_073;solnu;;1.01;0.0;26.65;-15.76;0.0;43.16;52.95;0.08;0.0;0;0;0;-261.13;0.07;0.01;0.0;1.01
2020;276;366;beauce_5_sa_073;orgeh;orgeH_tousSols_nonirr_organique;2.46;0.0;15.51;-42.61;3.0;53.22;20.38;0.01;0.0;0;1.5;0;-66.54;0.01;0.0;0.0;2.46
2020;1;223;beauce_5_sa_074;orgeh;orgeH_tousSols_nonirr_organique;3.48;0.0;60.9;0.0;83.05;61.73;36.02;0.09;0.0;0;44.57;0;-678.0;0.05;0.04;0.0;3.48
2020;224;300;beauce_5_sa_074;solnu;;1.64;0.0;33.5;-44.54;0.0;36.02;23.26;0.07;0.01;0;0;0;-317.89;0.06;0.01;0.0;1.64
2020;301;366;beauce_5_sa_074;orgeh;orgeH_tousSols_nonirr_organique;1.92;0.0;9.56;-9.55;0.0;23.31;21.34;0.0;0.0;0;0.0;0;-34.57;0.0;0.0;0.0;1.92
2020;1;180;beauce_5_sa_075;orgeh;orgeH_tousSols_nonirr_organique;2.68;0.0;41.85;0.0;64.34;43.95;18.72;0.06;0.0;0;44.1;0;-463.97;0.03;0.03;0.0;2.68
2020;181;280;beauce_5_sa_075;solnu;;0.87;0.0;49.54;-13.77;0.0;18.72;53.53;0.09;0.0;0;0;0;-482.88;0.07;0.02;0.0;0.87
2020;281;366;beauce_5_sa_075;orgeh;orgeH_tousSols_nonirr_organique;2.22;0.0;14.1;-42.57;4.23;53.83;18.6;0.0;0.0;0;2.11;0;-69.23;0.0;0.0;0.0;2.22
2020;1;210;beauce_5_sa_076;orgeh;orgeH_tousSols_nonirr_organique;3.55;0.0;53.98;0.0;84.56;63.49;29.28;0.08;0.0;0;44.44;0;-601.95;0.05;0.03;0.0;3.55
2020;211;308;beauce_5_sa_076;solnu;;1.55;0.0;41.62;-46.29;0.0;29.28;22.99;0.06;0.01;0;0;0;-385.49;0.05;0.01;0.0;1.55
2020;309;366;beauce_5_sa_076;orgeh;orgeH_tousSols_nonirr_organique;1.9;0.0;7.92;-7.85;0.0;23.02;21.16;0.0;0.0;0;0.0;0;-27.5;0.0;0.0;0.0;1.9
2020;1;214;beauce_5_sa_077;orgeh;orgeH_tousSols_nonirr_organique;2.38;0.0;58.91;0.0;58.87;39.88;37.48;0.06;0.0;0;43.44;0;-654.98;0.03;0.04;0.0;2.38
2020;215;275;beauce_5_sa_077;solnu;;0.96;0.0;32.65;-52.66;0.0;37.48;16.44;0.07;0.0;0;0;0;-307.4;0.06;0.01;0.0;0.96
2020;276;366;beauce_5_sa_077;orgeh;orgeH_tousSols_nonirr_organique;1.77;0.0;15.55;-13.86;0.24;16.28;16.11;0.0;0.0;0;0.12;0;-46.6;0.0;0.0;0.0;1.77
2020;1;212;beauce_5_sa_078;orgeh;orgeH_tousSols_nonirr_organique;1.82;0.0;60.31;0.0;49.4;30.14;39.17;0.06;0.0;0;43.5;0;-669.54;0.02;0.04;0.0;1.82
2020;213;266;beauce_5_sa_078;solnu;;0.67;0.0;30.89;-53.53;0.0;39.17;15.78;0.09;0.01;0;0;0;-280.28;0.08;0.01;0.0;0.67
2020;267;366;beauce_5_sa_078;orgeh;orgeH_tousSols_nonirr_organique;2.17;0.0;18.88;-10.36;4.74;15.78;17.38;0.01;0.0;0;2.37;0;-56.24;0.0;0.01;0.0;2.17
2020;1;192;beauce_5_sa_079;orgeh;orgeH_tousSols_nonirr_organique;2.96;0.0;48.22;0.0;69.41;48.89;24.68;0.06;0.0;0;44.17;0;-536.83;0.04;0.03;0.0;2.96
2020;193;286;beauce_5_sa_079;solnu;;0.93;0.0;44.38;-14.24;0.0;24.68;53.8;0.08;0.0;0;0;0;-430.01;0.06;0.02;0.0;0.93
2020;287;366;beauce_5_sa_079;orgeh;orgeH_tousSols_nonirr_organique;2.34;0.0;12.44;-39.06;4.19;54.05;20.64;0.01;0.0;0;2.09;0;-59.37;0.01;0.0;0.0;2.34
2020;1;198;beauce_5_sa_080;orgeh;orgeH_tousSols_nonirr_organique;3.48;0.0;50.0;0.0;84.7;62.89;24.64;0.08;0.0;0;44.81;0;-556.93;0.05;0.03;0.0;3.48
2020;199;305;beauce_5_sa_080;solnu;;1.6;0.0;45.12;-46.11;0.0;24.64;21.99;0.06;0.01;0;0;0;-417.92;0.04;0.02;0.0;1.6
2020;306;366;beauce_5_sa_080;orgeh;orgeH_tousSols_nonirr_organique;1.82;0.0;8.54;-8.49;0.0;21.99;20.22;0.0;0.0;0;0.0;0;-29.87;0.0;0.0;0.0;1.82
2020;1;205;beauce_5_sa_081;orgeh;orgeH_tousSols_nonirr_organique;2.68;0.0;54.12;0.0;64.34;43.95;30.98;0.06;0.0;0;44.1;0;-602.03;0.03;0.03;0.0;2.68
2020;206;280;beauce_5_sa_081;solnu;;0.89;0.0;37.66;-14.96;0.0;30.98;52.7;0.09;0.0;0;0;0;-366.31;0.07;0.02;0.0;0.89
2020;281;366;beauce_5_sa_081;orgeh;orgeH_tousSols_nonirr_organique;2.24;0.0;14.08;-41.61;4.23;53.0;18.71;0.0;0.0;0;2.11;0;-64.62;0.0;0.0;0.0;2.24
2020;1;171;beauce_5_sa_082;orgeh;orgeH_tousSols_nonirr_organique;3.25;0.0;36.64;0.0;68.4;55.77;19.44;0.06;0.0;0;40.22;0;-401.19;0.04;0.02;0.0;3.25
2020;172;292;beauce_5_sa_082;solnu;;1.37;0.0;57.06;-13.26;0.0;19.44;62.0;0.11;0.0;0;0;0;-562.46;0.08;0.03;0.0;1.37
2020;293;366;beauce_5_sa_082;orgeh;orgeH_tousSols_nonirr_organique;2.6;0.0;11.28;-42.4;2.6;62.22;25.68;0.01;0.0;0;1.3;0;-58.81;0.01;0.0;0.0;2.6
2020;1;226;beauce_5_sa_083;orgeh;orgeH_tousSols_nonirr_organique;2.89;0.0;64.23;0.0;67.73;47.93;41.45;0.09;0.0;0;43.78;0;-713.7;0.05;0.04;0.0;2.89
2020;227;283;beauce_5_sa_083;solnu;;1.08;0.0;28.42;-50.58;0.0;41.45;18.17;0.04;0.0;0;0;0;-228.2;0.04;0.0;0.0;1.08
2020;284;366;beauce_5_sa_083;orgeh;orgeH_tousSols_nonirr_organique;1.93;0.0;13.38;-10.0;1.35;18.17;18.26;0.0;0.0;0;0.68;0;-34.94;0.0;0.0;0.0;1.93
2020;1;190;beauce_5_sa_084;orgeh;orgeH_tousSols_nonirr_organique;2.66;0.0;47.98;0.0;64.41;44.07;24.92;0.06;0.0;0;44.07;0;-534.03;0.03;0.03;0.0;2.66
2020;191;279;beauce_5_sa_084;solnu;;0.9;0.0;44.0;-44.99;0.0;24.92;22.94;0.08;0.01;0;0;0;-421.51;0.06;0.02;0.0;0.9
2020;280;366;beauce_5_sa_084;orgeh;orgeH_tousSols_nonirr_organique;2.15;0.0;14.27;-17.25;0.0;21.72;17.81;0.0;0.0;0;0.0;0;-51.02;0.0;0.0;0.0;2.15
2020;1;183;beauce_5_sa_085;orgeh;orgeH_tousSols_nonirr_organique;3.51;0.0;43.62;0.0;80.77;62.55;20.57;0.07;0.0;0;43.01;0;-473.46;0.05;0.03;0.0;3.51
2020;184;303;beauce_5_sa_085;solnu;;1.58;0.0;51.48;-48.49;0.0;20.57;22.2;0.06;0.01;0;0;0;-483.0;0.04;0.02;0.0;1.58
2020;304;366;beauce_5_sa_085;orgeh;orgeH_tousSols_nonirr_organique;1.84;0.0;8.93;-8.59;0.0;22.2;20.7;0.0;0.0;0;0.0;0;-30.21;0.0;0.0;0.0;1.84
2020;1;205;beauce_5_sa_086;orgeh;orgeH_tousSols_nonirr_organique;1.87;0.0;56.33;0.0;52.23;32.06;34.23;0.05;0.0;0;43.95;0;-626.11;0.02;0.03;0.0;1.87
2020;206;268;beauce_5_sa_086;solnu;;0.54;0.0;34.38;-54.73;0.0;34.23;13.29;0.04;0.0;0;0;0;-272.0;0.04;0.0;0.0;0.54
2020;269;366;beauce_5_sa_086;orgeh;orgeH_tousSols_nonirr_organique;1.82;0.0;18.27;-2.89;9.54;13.36;17.28;0.01;0.0;0;4.77;0;-53.15;0.0;0.01;0.0;1.82
2020;1;184;beauce_5_sa_087;orgeh;orgeH_tousSols_nonirr_organique;3.0;0.0;44.9;0.0;69.67;49.73;21.91;0.06;0.0;0;43.88;0;-495.6;0.04;0.03;0.0;3.0
2020;185;287;beauce_5_sa_087;solnu;;0.95;0.0;48.01;-13.86;0.0;21.91;55.02;0.08;0.0;0;0;0;-468.85;0.06;0.02;0.0;0.95
2020;288;366;beauce_5_sa_087;orgeh;orgeH_tousSols_nonirr_organique;2.4;0.0;12.22;-39.04;4.47;55.2;21.31;0.01;0.0;0;2.24;0;-60.37;0.01;0.0;0.0;2.4
2020;1;181;beauce_5_sa_088;orgeh;orgeH_tousSols_nonirr_organique;2.39;0.0;42.7;0.0;59.37;40.41;21.28;0.05;0.0;0;43.36;0;-472.88;0.03;0.03;0.0;2.39
2020;182;275;beauce_5_sa_088;solnu;;0.8;0.0;48.44;-54.97;0.0;21.28;13.92;0.03;0.0;0;0;0;-398.26;0.02;0.01;0.0;0.8
2020;276;366;beauce_5_sa_088;orgeh;orgeH_tousSols_nonirr_organique;1.57;0.0;15.65;-0.84;9.11;13.99;18.03;0.01;0.0;0;4.56;0;-48.19;0.0;0.01;0.0;1.57
2020;1;178;beauce_5_sa_089;orgeh;orgeH_tousSols_nonirr_organique;3.6;0.0;40.21;0.0;78.72;64.29;21.06;0.07;0.0;0;41.11;0;-446.66;0.05;0.02;0.0;3.6
2020;179;312;beauce_5_sa_089;solnu;;1.65;0.0;56.33;-13.21;0.0;21.06;62.81;0.1;0.0;0;0;0;-549.97;0.08;0.03;0.0;1.65
2020;313;366;beauce_5_sa_089;orgeh;orgeH_tousSols_nonirr_organique;2.34;0.0;7.16;-41.55;0.0;62.91;26.07;0.01;0.0;0;0.0;0;-37.65;0.01;0.0;0.0;2.34
2020;1;201;beauce_5_sa_090;orgeh;orgeH_tousSols_nonirr_organique;3.12;0.0;51.79;0.0;73.13;53.33;28.8;0.07;0.0;0;43.8;0;-578.22;0.04;0.03;0.0;3.12
2020;202;290;beauce_5_sa_090;solnu;;0.98;0.0;41.26;-50.57;0.0;28.8;18.46;0.05;0.0;0;0;0;-375.71;0.04;0.01;0.0;0.98
2020;291;366;beauce_5_sa_090;orgeh;orgeH_tousSols_nonirr_organique;1.93;0.0;11.73;-11.63;0.0;18.46;16.63;0.0;0.0;0;0.0;0;-36.06;0.0;0.0;0.0;1.93
2020;1;220;beauce_5_sa_091;orgeh;orgeH_tousSols_nonirr_organique;2.67;0.0;61.63;0.0;64.85;44.5;38.54;0.07;0.0;0;44.05;0;-687.31;0.03;0.04;0.0;2.67
2020;221;279;beauce_5_sa_091;solnu;;1.03;0.0;30.82;-51.2;0.0;38.54;17.09;0.05;0.0;0;0;0;-235.63;0.05;0.0;0.0;1.03
2020;280;366;beauce_5_sa_091;orgeh;orgeH_tousSols_nonirr_organique;1.87;0.0;14.31;-6.77;4.51;17.08;18.24;0.01;0.0;0;2.26;0;-36.66;0.0;0.01;0.0;1.87
2020;1;205;beauce_5_sa_092;orgeh;orgeH_tousSols_nonirr_organique;3.04;0.0;53.32;0.0;71.33;50.49;29.37;0.07;0.0;0;44.33;0;-593.29;0.04;0.03;0.0;3.04
2020;206;288;beauce_5_sa_092;solnu;;0.94;0.0;39.42;-14.75;0.0;29.37;53.03;0.08;0.0;0;0;0;-382.45;0.06;0.02;0.0;0.94
2020;289;366;beauce_5_sa_092;orgeh;orgeH_tousSols_nonirr_organique;2.36;0.0;12.06;-38.76;2.97;53.23;20.97;0.01;0.0;0;1.49;0;-57.08;0.01;0.0;0.0;2.36
2020;1;216;beauce_5_sa_093;orgeh;orgeH_tousSols_nonirr_organique;2.26;0.0;60.3;0.0;57.54;37.61;38.05;0.06;0.0;0;43.87;0;-670.92;0.02;0.04;0.0;2.26
2020;217;274;beauce_5_sa_093;solnu;;0.95;0.0;31.21;-15.54;0.0;38.05;52.67;0.1;0.0;0;0;0;-302.84;0.09;0.01;0.0;0.95
2020;275;366;beauce_5_sa_093;orgeh;orgeH_tousSols_nonirr_organique;2.27;0.0;15.82;-44.35;3.0;52.99;18.87;0.01;0.0;0;1.5;0;-69.78;0.0;0.0;0.0;2.27
2020;1;177;beauce_5_sa_094;orgeh;orgeH_tousSols_nonirr_organique;2.29;0.0;40.74;0.0;58.51;38.82;18.7;0.05;0.0;0;43.72;0;-454.05;0.03;0.02;0.0;2.29
2020;178;274;beauce_5_sa_094;solnu;;0.74;0.0;50.08;-55.42;0.0;18.7;12.61;0.02;0.0;0;0;0;-402.38;0.01;0.01;0.0;0.74
2020;275;366;beauce_5_sa_094;orgeh;orgeH_tousSols_nonirr_organique;1.45;0.0;15.97;2.84;12.33;12.75;17.62;0.02;0.0;0;6.17;0;-51.63;0.01;0.01;0.0;1.45
2020;1;224;beauce_5_sa_095;orgeh;orgeH_tousSols_nonirr_organique;2.56;0.0;65.55;0.0;54.98;35.38;43.27;0.1;0.01;0;43.71;0;-730.36;0.06;0.04;0.0;2.56
2020;225;272;beauce_5_sa_095;solnu;;0.43;0.0;25.91;-15.77;0.0;43.27;52.92;0.06;0.0;0;0;0;-254.39;0.05;0.01;0.0;0.43
2020;273;366;beauce_5_sa_095;orgeh;orgeH_tousSols_nonirr_organique;2.97;0.0;16.63;-43.58;2.67;52.71;20.31;0.02;0.0;0;1.33;0;-73.66;0.02;0.0;0.0;2.97
2020;1;193;beauce_5_sa_096;orgeh;orgeH_tousSols_nonirr_organique;1.7;0.0;51.6;0.0;45.07;25.64;30.42;0.05;0.0;0;43.62;0;-569.45;0.02;0.03;0.0;1.7
2020;194;264;beauce_5_sa_096;solnu;;0.53;0.0;38.48;-14.94;0.0;30.42;53.34;0.09;0.0;0;0;0;-376.98;0.07;0.02;0.0;0.53
2020;265;366;beauce_5_sa_096;orgeh;orgeH_tousSols_nonirr_organique;2.01;0.0;19.43;-50.41;6.0;53.72;14.33;0.01;0.0;0;3.0;0;-83.3;0.01;0.0;0.0;2.01
2020;1;218;beauce_5_sa_097;orgeh;orgeH_tousSols_nonirr_organique;1.73;0.0;65.76;0.0;37.1;17.82;44.68;0.07;0.0;0;43.55;0;-728.19;0.03;0.04;0.0;1.73
2020;219;258;beauce_5_sa_097;solnu;;0.66;0.0;24.49;-54.96;0.0;44.68;13.5;0.05;0.01;0;0;0;-177.84;0.05;0.0;0.0;0.66
2020;259;366;beauce_5_sa_097;orgeh;orgeH_tousSols_nonirr_organique;1.84;0.0;21.47;-1.44;13.91;13.55;17.75;0.02;0.0;0;6.95;0;-67.89;0.01;0.01;0.0;1.84
2020;1;201;beauce_5_sa_098;orgeh;orgeH_tousSols_nonirr_organique;2.71;0.0;52.62;0.0;65.0;44.85;29.7;0.06;0.0;0;44.0;0;-587.38;0.03;0.03;0.0;2.71
2020;202;280;beauce_5_sa_098;solnu;;0.92;0.0;39.47;-52.26;0.0;29.7;15.95;0.04;0.0;0;0;0;-310.8;0.03;0.0;0.0;0.92
2020;281;366;beauce_5_sa_098;orgeh;orgeH_tousSols_nonirr_organique;1.75;0.0;14.17;-3.34;6.73;16.0;18.29;0.01;0.0;0;3.36;0;-36.94;0.0;0.01;0.0;1.75
2020;1;226;beauce_5_sa_099;orgeh;orgeH_tousSols_nonirr_organique;2.66;0.0;65.07;0.0;62.2;42.32;42.44;0.09;0.0;0;43.84;0;-723.02;0.06;0.04;0.0;2.66
2020;227;278;beauce_5_sa_099;solnu;;1.03;0.0;27.01;-15.74;0.0;42.44;52.59;0.08;0.0;0;0;0;-266.57;0.07;0.01;0.0;1.03
2020;279;366;beauce_5_sa_099;orgeh;orgeH_tousSols_nonirr_organique;2.45;0.0;14.57;-41.8;2.74;52.94;20.17;0.0;0.0;0;1.37;0;-63.82;0.0;0.0;0.0;2.45
2021;1;170;beauce_5_sa_000;orgeh;orgeH_tousSols_nonirr_organique;5.29;0.0;32.43;12.53;49.55;19.78;10.29;0.03;0.0;0;25.52;0;-162.07;0.0;0.03;0.0;5.29
2021;171;283;beauce_5_sa_000;solnu;;1.44;0.0;49.15;-9.43;0.0;10.29;48.49;0.06;0.07;0;0;0;-347.7;0.03;0.03;0.0;1.44
2021;284;365;beauce_5_sa_000;orgeh;orgeH_tousSols_nonirr_organique;3.87;0.0;12.47;-22.56;14.51;46.37;20.01;0.01;0.0;0;7.26;0;-50.49;0.01;0.0;0.0;3.87
2021;1;204;beauce_5_sa_001;orgeh;orgeH_tousSols_nonirr_organique;3.48;0.0;49.34;19.0;52.27;16.19;29.25;0.08;0.01;0;32.49;0;-339.61;0.04;0.04;0.0;3.48
2021;205;260;beauce_5_sa_001;solnu;;1.05;0.0;27.4;-46.59;0.0;29.25;9.0;0.01;0.0;0;0;0;-174.06;0.01;0.0;0.0;1.05
2021;261;365;beauce_5_sa_001;orgeh;orgeH_tousSols_nonirr_organique;1.74;0.0;19.86;0.41;13.91;9.11;13.58;0.02;0.01;0;6.96;0;-56.23;0.01;0.01;0.0;1.74
2021;1;191;beauce_5_sa_002;orgeh;orgeH_tousSols_nonirr_organique;6.61;0.0;42.67;7.11;55.57;21.62;9.54;0.03;0.0;0;27.79;0;-207.85;0.0;0.03;0.0;6.61
2021;192;297;beauce_5_sa_002;solnu;;1.13;0.0;42.9;-4.45;0.0;9.54;46.83;0.05;0.04;0;0;0;-300.41;0.03;0.02;0.0;1.13
2021;298;365;beauce_5_sa_002;orgeh;orgeH_tousSols_nonirr_organique;3.02;0.0;9.07;-34.88;2.18;47.06;15.79;0.02;0.0;0;1.09;0;-34.07;0.01;0.0;0.0;3.02
2021;1;196;beauce_5_sa_003;orgeh;orgeH_tousSols_nonirr_organique;5.17;0.0;44.8;15.38;50.69;16.7;22.33;0.04;0.0;0;27.43;0;-239.58;0.01;0.04;0.0;5.17
2021;197;271;beauce_5_sa_003;solnu;;0.93;0.0;34.1;-7.27;0.0;22.33;48.11;0.05;0.07;0;0;0;-244.2;0.03;0.02;0.0;0.93
2021;272;365;beauce_5_sa_003;orgeh;orgeH_tousSols_nonirr_organique;3.44;0.0;15.77;-34.93;9.0;48.36;16.49;0.0;0.0;0;4.5;0;-63.05;0.0;0.0;0.0;3.44
2021;1;186;beauce_5_sa_004;orgeh;orgeH_tousSols_nonirr_organique;4.15;0.0;40.48;20.58;57.73;15.51;15.38;0.05;0.0;0;30.61;0;-240.81;0.01;0.04;0.0;4.15
2021;187;270;beauce_5_sa_004;solnu;;0.79;0.0;38.61;-36.24;0.0;15.38;16.85;0.05;0.07;0;0;0;-269.31;0.03;0.01;0.0;0.79
2021;271;365;beauce_5_sa_004;orgeh;orgeH_tousSols_nonirr_organique;3.28;0.0;16.6;-7.75;4.65;16.85;17.76;0.01;0.0;0;2.33;0;-52.63;0.0;0.01;0.0;3.28
2021;1;194;beauce_5_sa_005;orgeh;orgeH_tousSols_nonirr_organique;6.03;0.0;44.05;11.35;55.59;19.86;14.92;0.03;0.0;0;27.79;0;-225.04;0.0;0.03;0.0;6.03
2021;195;289;beauce_5_sa_005;solnu;;0.97;0.0;39.48;-12.5;0.0;14.92;40.83;0.04;0.05;0;0;0;-280.31;0.02;0.02;0.0;0.97
2021;290;365;beauce_5_sa_005;orgeh;orgeH_tousSols_nonirr_organique;2.95;0.0;11.11;-27.04;6.74;38.45;15.19;0.01;0.0;0;3.37;0;-37.59;0.01;0.0;0.0;2.95
2021;1;221;beauce_5_sa_006;orgeh;orgeH_tousSols_nonirr_organique;4.98;0.0;57.53;25.38;49.01;15.28;44.95;0.09;0.01;0;26.75;0;-350.44;0.04;0.05;0.0;4.98
2021;222;257;beauce_5_sa_006;solnu;;1.24;0.0;16.86;-11.83;0.0;44.95;48.59;0.04;0.11;0;0;0;-129.25;0.04;0.0;0.0;1.24
2021;258;365;beauce_5_sa_006;orgeh;orgeH_tousSols_nonirr_organique;5.26;0.0;21.12;-34.4;6.69;49.17;23.35;0.0;0.0;0;3.34;0;-83.69;0.0;0.0;0.0;5.26
2021;1;200;beauce_5_sa_007;orgeh;orgeH_tousSols_nonirr_organique;5.41;0.0;46.64;12.84;60.53;17.94;12.58;0.04;0.0;0;30.27;0;-245.43;0.0;0.04;0.0;5.41
2021;201;305;beauce_5_sa_007;solnu;;1.0;0.0;40.79;-40.08;0.0;12.58;12.21;0.03;0.04;0;0;0;-268.95;0.01;0.02;0.0;1.0
2021;306;365;beauce_5_sa_007;orgeh;orgeH_tousSols_nonirr_organique;2.23;0.0;7.81;-6.56;0.0;12.21;11.23;0.0;0.0;0;0.0;0;-18.4;0.0;0.0;0.0;2.23
2021;1;179;beauce_5_sa_008;orgeh;orgeH_tousSols_nonirr_organique;3.45;0.0;37.32;19.51;55.63;15.32;13.64;0.04;0.01;0;30.79;0;-223.53;0.01;0.03;0.0;3.45
2021;180;263;beauce_5_sa_008;solnu;;0.84;0.0;39.39;-34.45;0.0;13.64;17.62;0.06;0.07;0;0;0;-283.32;0.04;0.02;0.0;0.84
2021;264;365;beauce_5_sa_008;orgeh;orgeH_tousSols_nonirr_organique;3.43;0.0;18.97;-8.78;5.69;17.52;18.68;0.01;0.0;0;2.85;0;-64.8;0.0;0.01;0.0;3.43
2021;1;198;beauce_5_sa_009;orgeh;orgeH_tousSols_nonirr_organique;6.62;0.0;45.63;7.84;56.28;21.6;13.6;0.03;0.0;0;28.14;0;-227.14;0.0;0.03;0.0;6.62
2021;199;297;beauce_5_sa_009;solnu;;1.17;0.0;40.13;-4.94;0.0;13.6;47.53;0.05;0.05;0;0;0;-283.1;0.03;0.02;0.0;1.17
2021;298;365;beauce_5_sa_009;orgeh;orgeH_tousSols_nonirr_organique;3.15;0.0;9.06;-34.67;2.24;47.76;16.51;0.02;0.0;0;1.12;0;-34.11;0.01;0.0;0.0;3.15
2021;1;212;beauce_5_sa_010;orgeh;orgeH_tousSols_nonirr_organique;6.62;0.0;53.08;10.3;55.48;21.74;24.46;0.04;0.0;0;27.74;0;-280.22;0.0;0.04;0.0;6.62
2021;213;296;beauce_5_sa_010;solnu;;1.22;0.0;32.63;-8.14;0.0;24.46;47.63;0.05;0.06;0;0;0;-234.34;0.03;0.02;0.0;1.22
2021;297;365;beauce_5_sa_010;orgeh;orgeH_tousSols_nonirr_organique;3.4;0.0;9.17;-34.3;1.89;47.78;17.19;0.01;0.0;0;0.94;0;-34.53;0.01;0.0;0.0;3.4
2021;1;174;beauce_5_sa_011;orgeh;orgeH_tousSols_nonirr_organique;6.58;0.0;33.91;7.93;47.31;24.64;13.28;0.03;0.0;0;23.66;0;-165.18;0.0;0.03;0.0;6.58
2021;175;302;beauce_5_sa_011;solnu;;1.99;0.0;51.85;0.72;0.0;13.28;63.79;0.08;0.07;0;0;0;-365.9;0.05;0.03;0.0;1.99
2021;303;365;beauce_5_sa_011;orgeh;orgeH_tousSols_nonirr_organique;5.32;0.0;8.14;-30.43;3.81;63.99;32.33;0.05;0.01;0;1.9;0;-39.3;0.05;0.0;0.0;5.32
2021;1;171;beauce_5_sa_012;orgeh;orgeH_tousSols_nonirr_organique;5.82;0.0;32.83;15.2;52.76;21.7;12.53;0.03;0.0;0;26.38;0;-174.25;0.0;0.03;0.0;5.82
2021;172;294;beauce_5_sa_012;solnu;;1.79;0.0;51.44;-33.43;0.0;12.53;28.62;0.06;0.07;0;0;0;-361.64;0.04;0.03;0.0;1.79
2021;295;365;beauce_5_sa_012;orgeh;orgeH_tousSols_nonirr_organique;4.42;0.0;9.93;1.21;7.41;28.49;27.9;0.03;0.01;0;3.71;0;-34.21;0.02;0.01;0.0;4.42
2021;1;227;beauce_5_sa_013;orgeh;orgeH_tousSols_nonirr_organique;6.75;0.0;59.99;9.6;53.4;21.86;32.74;0.05;0.0;0;26.7;0;-321.68;0.01;0.04;0.0;6.75
2021;228;303;beauce_5_sa_013;solnu;;1.21;0.0;26.87;-10.08;0.0;32.74;48.2;0.05;0.07;0;0;0;-193.57;0.04;0.01;0.0;1.21
2021;304;365;beauce_5_sa_013;orgeh;orgeH_tousSols_nonirr_organique;4.05;0.0;7.99;-33.25;0.0;48.37;18.87;0.02;0.0;0;0.0;0;-28.31;0.02;0.0;0.0;4.05
2021;1;216;beauce_5_sa_014;orgeh;orgeH_tousSols_nonirr_organique;4.74;0.0;55.4;20.38;61.7;15.61;25.91;0.05;0.0;0;30.85;0;-327.09;0.0;0.05;0.0;4.74
2021;217;292;beauce_5_sa_014;solnu;;0.87;0.0;29.82;-39.47;0.0;25.91;15.29;0.03;0.06;0;0;0;-199.05;0.03;0.01;0.0;0.87
2021;293;365;beauce_5_sa_014;orgeh;orgeH_tousSols_nonirr_organique;2.86;0.0;10.39;-9.37;0.0;15.24;13.45;0.0;0.0;0;0.0;0;-25.21;0.0;0.0;0.0;2.86
2021;1;172;beauce_5_sa_015;orgeh;orgeH_tousSols_nonirr_organique;4.69;0.0;33.23;7.31;44.86;17.43;8.61;0.02;0.0;0;25.16;0;-153.59;0.0;0.02;0.0;4.69
2021;173;278;beauce_5_sa_015;solnu;;1.2;0.0;47.11;-2.5;0.0;8.61;51.95;0.06;0.07;0;0;0;-321.21;0.03;0.03;0.0;1.2
2021;279;365;beauce_5_sa_015;orgeh;orgeH_tousSols_nonirr_organique;3.37;0.0;13.82;-32.43;13.12;52.22;16.85;0.0;0.0;0;6.56;0;-61.37;0.0;0.0;0.0;3.37
2021;1;189;beauce_5_sa_016;orgeh;orgeH_tousSols_nonirr_organique;5.57;0.0;41.61;9.21;50.82;18.19;13.79;0.03;0.0;0;27.6;0;-206.33;0.0;0.03;0.0;5.57
2021;190;281;beauce_5_sa_016;solnu;;0.93;0.0;40.1;-5.05;0.0;13.79;47.81;0.05;0.06;0;0;0;-280.54;0.03;0.02;0.0;0.93
2021;282;365;beauce_5_sa_016;orgeh;orgeH_tousSols_nonirr_organique;3.02;0.0;13.05;-34.98;8.99;48.24;13.86;0.0;0.0;0;4.5;0;-52.81;0.0;0.0;0.0;3.02
2021;1;228;beauce_5_sa_017;orgeh;orgeH_tousSols_nonirr_organique;5.38;0.0;60.47;20.48;56.32;17.57;37.84;0.06;0.0;0;28.16;0;-354.93;0.01;0.05;0.0;5.38
2021;229;279;beauce_5_sa_017;solnu;;0.9;0.0;20.89;-33.95;0.0;37.84;23.76;0.04;0.09;0;0;0;-156.92;0.04;0.01;0.0;0.9
2021;280;365;beauce_5_sa_017;orgeh;orgeH_tousSols_nonirr_organique;4.0;0.0;13.71;-15.26;0.0;22.15;18.2;0.0;0.0;0;0.0;0;-39.97;0.0;0.0;0.0;4.0
2021;1;221;beauce_5_sa_018;orgeh;orgeH_tousSols_nonirr_organique;4.96;0.0;57.58;21.12;62.6;16.45;28.47;0.05;0.0;0;31.3;0;-347.51;0.01;0.05;0.0;4.96
2021;222;293;beauce_5_sa_018;solnu;;0.99;0.0;28.23;-39.06;0.0;28.47;16.56;0.03;0.07;0;0;0;-184.78;0.02;0.0;0.0;0.99
2021;294;365;beauce_5_sa_018;orgeh;orgeH_tousSols_nonirr_organique;3.05;0.0;10.1;-9.02;0.0;16.54;14.58;0.0;0.0;0;0.0;0;-22.84;0.0;0.0;0.0;3.05
2021;1;201;beauce_5_sa_019;orgeh;orgeH_tousSols_nonirr_organique;6.52;0.0;46.93;6.18;54.64;21.37;14.75;0.03;0.0;0;27.32;0;-230.48;0.0;0.03;0.0;6.52
2021;202;305;beauce_5_sa_019;solnu;;1.17;0.0;40.08;-4.87;0.0;14.75;48.7;0.05;0.04;0;0;0;-279.81;0.03;0.02;0.0;1.17
2021;306;365;beauce_5_sa_019;orgeh;orgeH_tousSols_nonirr_organique;3.41;0.0;7.78;-33.77;1.25;48.88;18.02;0.03;0.0;0;0.63;0;-30.83;0.03;0.0;0.0;3.41
2021;1;181;beauce_5_sa_020;orgeh;orgeH_tousSols_nonirr_organique;5.45;0.0;37.58;6.83;49.83;18.95;9.34;0.03;0.0;0;27.11;0;-180.41;0.0;0.03;0.0;5.45
2021;182;282;beauce_5_sa_020;solnu;;1.09;0.0;43.99;-3.18;0.0;9.34;48.94;0.05;0.06;0;0;0;-301.41;0.03;0.03;0.0;1.09
2021;283;365;beauce_5_sa_020;orgeh;orgeH_tousSols_nonirr_organique;3.02;0.0;12.71;-34.41;10.3;49.26;13.92;0.01;0.0;0;5.15;0;-53.82;0.0;0.0;0.0;3.02
2021;1;210;beauce_5_sa_021;orgeh;orgeH_tousSols_nonirr_organique;4.85;0.0;51.9;19.54;62.69;16.97;21.82;0.04;0.0;0;32.09;0;-314.62;0.0;0.04;0.0;4.85
2021;211;290;beauce_5_sa_021;solnu;;0.86;0.0;33.25;-39.86;0.0;21.82;14.26;0.03;0.06;0;0;0;-216.38;0.02;0.01;0.0;0.86
2021;291;365;beauce_5_sa_021;orgeh;orgeH_tousSols_nonirr_organique;2.73;0.0;10.9;-6.66;1.7;14.25;14.07;0.0;0.0;0;0.85;0;-23.55;0.0;0.0;0.0;2.73
2021;1;214;beauce_5_sa_022;orgeh;orgeH_tousSols_nonirr_organique;6.52;0.0;54.25;9.42;53.88;21.3;25.99;0.04;0.0;0;26.94;0;-284.05;0.0;0.04;0.0;6.52
2021;215;298;beauce_5_sa_022;solnu;;1.22;0.0;31.74;-8.48;0.0;25.99;47.91;0.05;0.06;0;0;0;-228.37;0.04;0.02;0.0;1.22
2021;299;365;beauce_5_sa_022;orgeh;orgeH_tousSols_nonirr_organique;3.57;0.0;8.88;-33.5;1.41;48.22;18.29;0.02;0.0;0;0.71;0;-32.5;0.01;0.0;0.0;3.57
2021;1;190;beauce_5_sa_023;orgeh;orgeH_tousSols_nonirr_organique;6.15;0.0;42.13;10.69;57.38;20.28;10.88;0.03;0.0;0;28.69;0;-212.76;0.0;0.03;0.0;6.15
2021;191;293;beauce_5_sa_023;solnu;;1.05;0.0;42.55;-23.99;0.0;10.88;28.29;0.04;0.05;0;0;0;-299.97;0.02;0.02;0.0;1.05
2021;294;365;beauce_5_sa_023;orgeh;orgeH_tousSols_nonirr_organique;2.82;0.0;10.09;-14.94;5.32;27.25;15.29;0.01;0.0;0;2.66;0;-30.37;0.0;0.0;0.0;2.82
2021;1;213;beauce_5_sa_024;orgeh;orgeH_tousSols_nonirr_organique;6.57;0.0;53.62;7.38;54.57;21.52;22.8;0.04;0.0;0;27.28;0;-274.72;0.0;0.04;0.0;6.57
2021;214;308;beauce_5_sa_024;solnu;;1.36;0.0;34.21;-7.12;0.0;22.8;48.43;0.06;0.05;0;0;0;-240.41;0.04;0.02;0.0;1.36
2021;309;365;beauce_5_sa_024;orgeh;orgeH_tousSols_nonirr_organique;3.61;0.0;7.01;-33.38;0.0;48.76;18.42;0.02;0.0;0;0.0;0;-29.71;0.02;0.0;0.0;3.61
2021;1;171;beauce_5_sa_025;orgeh;orgeH_tousSols_nonirr_organique;6.59;0.0;32.74;13.46;51.46;24.7;13.66;0.03;0.0;0;25.73;0;-173.31;0.0;0.03;0.0;6.59
2021;172;311;beauce_5_sa_025;solnu;;2.32;0.0;54.77;-32.42;0.0;13.66;33.61;0.08;0.07;0;0;0;-386.29;0.05;0.03;0.0;2.32
2021;312;365;beauce_5_sa_025;orgeh;orgeH_tousSols_nonirr_organique;4.61;0.0;6.4;-0.61;1.76;33.52;32.99;0.03;0.01;0;0.88;0;-21.12;0.02;0.0;0.0;4.61
2021;1;174;beauce_5_sa_026;orgeh;orgeH_tousSols_nonirr_organique;4.94;0.0;34.03;6.18;44.17;18.26;9.63;0.02;0.0;0;24.28;0;-155.8;0.0;0.02;0.0;4.94
2021;175;281;beauce_5_sa_026;solnu;;1.29;0.0;47.06;-1.91;0.0;9.63;53.46;0.06;0.07;0;0;0;-321.08;0.03;0.03;0.0;1.29
2021;282;365;beauce_5_sa_026;orgeh;orgeH_tousSols_nonirr_organique;3.49;0.0;13.06;-31.08;14.41;53.89;17.52;0.01;0.0;0;7.21;0;-57.84;0.0;0.0;0.0;3.49
2021;1;196;beauce_5_sa_027;orgeh;orgeH_tousSols_nonirr_organique;6.62;0.0;44.73;7.57;55.28;21.6;13.44;0.03;0.0;0;27.64;0;-222.68;0.0;0.03;0.0;6.62
2021;197;297;beauce_5_sa_027;solnu;;1.16;0.0;40.85;-4.58;0.0;13.44;48.45;0.05;0.05;0;0;0;-285.86;0.03;0.02;0.0;1.16
2021;298;365;beauce_5_sa_027;orgeh;orgeH_tousSols_nonirr_organique;3.27;0.0;9.06;-34.14;3.01;48.68;17.08;0.02;0.0;0;1.5;0;-34.88;0.02;0.0;0.0;3.27
2021;1;230;beauce_5_sa_028;orgeh;orgeH_tousSols_nonirr_organique;5.93;0.0;61.24;16.83;49.77;19.29;42.85;0.06;0.0;0;26.25;0;-348.99;0.01;0.05;0.0;5.93
2021;231;275;beauce_5_sa_028;solnu;;0.98;0.0;18.72;-11.95;0.0;42.85;48.5;0.05;0.09;0;0;0;-143.66;0.04;0.01;0.0;0.98
2021;276;365;beauce_5_sa_028;orgeh;orgeH_tousSols_nonirr_organique;4.54;0.0;14.71;-32.69;6.0;48.91;19.98;0.0;0.0;0;3.0;0;-56.08;0.0;0.0;0.0;4.54
2021;1;198;beauce_5_sa_029;orgeh;orgeH_tousSols_nonirr_organique;4.71;0.0;45.72;18.61;52.16;15.0;23.47;0.05;0.0;0;28.33;0;-249.69;0.01;0.04;0.0;4.71
2021;199;268;beauce_5_sa_029;solnu;;0.89;0.0;32.45;-8.11;0.0;23.47;46.8;0.05;0.07;0;0;0;-237.08;0.03;0.02;0.0;0.89
2021;269;365;beauce_5_sa_029;orgeh;orgeH_tousSols_nonirr_organique;3.45;0.0;16.7;-35.78;7.76;47.04;16.51;0.0;0.0;0;3.88;0;-65.13;0.0;0.0;0.0;3.45
2021;1;225;beauce_5_sa_030;orgeh;orgeH_tousSols_nonirr_organique;5.96;0.0;59.01;17.54;48.64;19.12;42.23;0.06;0.0;0;25.65;0;-338.72;0.02;0.05;0.0;5.96
2021;226;271;beauce_5_sa_030;solnu;;1.08;0.0;19.97;-11.71;0.0;42.23;49.27;0.04;0.1;0;0;0;-150.44;0.04;0.01;0.0;1.08
2021;272;365;beauce_5_sa_030;orgeh;orgeH_tousSols_nonirr_organique;4.55;0.0;15.77;-33.71;6.0;49.49;20.78;0.0;0.0;0;3.0;0;-59.95;0.0;0.0;0.0;4.55
2021;1;217;beauce_5_sa_031;orgeh;orgeH_tousSols_nonirr_organique;6.63;0.0;55.78;8.98;55.89;21.78;25.46;0.04;0.0;0;27.95;0;-295.91;0.0;0.04;0.0;6.63
2021;218;316;beauce_5_sa_031;solnu;;1.83;0.0;33.84;-37.89;0.0;25.46;19.47;0.05;0.06;0;0;0;-234.66;0.04;0.01;0.0;1.83
2021;317;365;beauce_5_sa_031;orgeh;orgeH_tousSols_nonirr_organique;2.65;0.0;5.33;-6.3;0.0;18.9;15.85;0.0;0.0;0;0.0;0;-11.46;0.0;0.0;0.0;2.65
2021;1;174;beauce_5_sa_032;orgeh;orgeH_tousSols_nonirr_organique;5.99;0.0;33.99;9.36;48.67;22.47;11.69;0.03;0.0;0;24.34;0;-166.14;0.0;0.03;0.0;5.99
2021;175;292;beauce_5_sa_032;solnu;;1.66;0.0;49.69;-10.31;0.0;11.69;49.34;0.06;0.07;0;0;0;-348.55;0.03;0.03;0.0;1.66
2021;293;365;beauce_5_sa_032;orgeh;orgeH_tousSols_nonirr_organique;4.41;0.0;10.37;-20.85;9.21;47.11;25.2;0.03;0.01;0;4.61;0;-43.58;0.03;0.0;0.0;4.41
2021;1;229;beauce_5_sa_033;orgeh;orgeH_tousSols_nonirr_organique;6.7;0.0;60.78;11.95;53.55;21.77;35.68;0.05;0.0;0;27.48;0;-334.96;0.01;0.04;0.0;6.7
2021;230;290;beauce_5_sa_033;solnu;;1.06;0.0;23.17;-11.26;0.0;35.68;46.42;0.04;0.08;0;0;0;-170.86;0.03;0.01;0.0;1.06
2021;291;365;beauce_5_sa_033;orgeh;orgeH_tousSols_nonirr_organique;3.98;0.0;10.82;-31.87;3.89;46.57;17.5;0.01;0.0;0;1.94;0;-39.97;0.01;0.0;0.0;3.98
2021;1;171;beauce_5_sa_034;orgeh;orgeH_tousSols_nonirr_organique;5.53;0.0;32.85;15.03;51.98;20.67;11.43;0.03;0.0;0;25.99;0;-171.57;0.0;0.03;0.0;5.53
2021;172;290;beauce_5_sa_034;solnu;;1.58;0.0;50.52;-31.71;0.0;11.43;28.65;0.06;0.07;0;0;0;-355.59;0.03;0.03;0.0;1.58
2021;291;365;beauce_5_sa_034;orgeh;orgeH_tousSols_nonirr_organique;4.08;0.0;10.87;-0.65;11.95;28.45;22.82;0.01;0.0;0;5.97;0;-38.06;0.01;0.01;0.0;4.08
2021;1;191;beauce_5_sa_035;orgeh;orgeH_tousSols_nonirr_organique;6.58;0.0;42.68;6.16;53.56;21.5;10.51;0.03;0.0;0;26.78;0;-206.14;0.0;0.03;0.0;6.58
2021;192;311;beauce_5_sa_035;solnu;;1.35;0.0;45.6;-33.73;0.0;10.51;21.06;0.05;0.04;0;0;0;-310.59;0.03;0.02;0.0;1.35
2021;312;365;beauce_5_sa_035;orgeh;orgeH_tousSols_nonirr_organique;2.83;0.0;6.42;-4.87;1.76;20.58;18.0;0.01;0.01;0;0.88;0;-16.85;0.01;0.0;0.0;2.83
2021;1;176;beauce_5_sa_036;orgeh;orgeH_tousSols_nonirr_organique;4.33;0.0;35.04;17.1;55.71;15.98;8.14;0.03;0.0;0;27.85;0;-186.05;0.0;0.03;0.0;4.33
2021;177;288;beauce_5_sa_036;solnu;;0.94;0.0;48.77;-39.57;0.0;8.14;16.25;0.05;0.06;0;0;0;-323.23;0.03;0.02;0.0;0.94
2021;289;365;beauce_5_sa_036;orgeh;orgeH_tousSols_nonirr_organique;3.2;0.0;11.37;1.22;7.25;16.32;18.38;0.01;0.0;0;3.62;0;-35.09;0.0;0.01;0.0;3.2
2021;1;177;beauce_5_sa_037;orgeh;orgeH_tousSols_nonirr_organique;5.22;0.0;35.45;6.85;47.01;18.12;9.37;0.03;0.0;0;25.7;0;-164.68;0.0;0.03;0.0;5.22
2021;178;281;beauce_5_sa_037;solnu;;1.07;0.0;45.77;-2.47;0.0;9.37;51.48;0.06;0.06;0;0;0;-314.88;0.03;0.03;0.0;1.07
2021;282;365;beauce_5_sa_037;orgeh;orgeH_tousSols_nonirr_organique;3.28;0.0;13.05;-32.45;12.31;51.91;16.47;0.01;0.0;0;6.16;0;-56.2;0.0;0.0;0.0;3.28
2021;1;175;beauce_5_sa_038;orgeh;orgeH_tousSols_nonirr_organique;6.4;0.0;34.43;8.27;48.34;23.9;13.4;0.03;0.0;0;24.17;0;-167.32;0.0;0.03;0.0;6.4
2021;176;297;beauce_5_sa_038;solnu;;1.92;0.0;50.5;0.16;0.0;13.4;62.0;0.08;0.07;0;0;0;-357.21;0.04;0.03;0.0;1.92
2021;298;365;beauce_5_sa_038;orgeh;orgeH_tousSols_nonirr_organique;5.08;0.0;9.05;-30.44;5.68;62.23;29.81;0.04;0.01;0;2.84;0;-42.88;0.04;0.0;0.0;5.08
2021;1;222;beauce_5_sa_039;orgeh;orgeH_tousSols_nonirr_organique;3.17;0.0;58.2;24.6;47.28;10.15;42.87;0.08;0.01;0;25.89;0;-354.35;0.03;0.05;0.0;3.17
2021;223;257;beauce_5_sa_039;solnu;;0.94;0.0;16.2;-12.02;0.0;42.87;45.96;0.04;0.11;0;0;0;-126.45;0.04;0.0;0.0;0.94
2021;258;365;beauce_5_sa_039;orgeh;orgeH_tousSols_nonirr_organique;4.86;0.0;21.12;-33.72;6.8;46.53;21.7;0.0;0.0;0;3.4;0;-85.81;0.0;0.0;0.0;4.86
2021;1;180;beauce_5_sa_040;orgeh;orgeH_tousSols_nonirr_organique;3.0;0.0;37.95;13.47;50.56;14.92;13.27;0.04;0.01;0;34.22;0;-258.27;0.01;0.03;0.0;3.0
2021;181;263;beauce_5_sa_040;solnu;;0.83;0.0;39.17;-46.21;0.0;13.27;5.39;0.02;0.0;0;0;0;-243.55;0.01;0.01;0.0;0.83
2021;264;365;beauce_5_sa_040;orgeh;orgeH_tousSols_nonirr_organique;1.07;0.0;18.68;3.98;16.66;5.16;10.29;0.02;0.0;0;8.33;0;-54.75;0.01;0.01;0.0;1.07
2021;1;190;beauce_5_sa_041;orgeh;orgeH_tousSols_nonirr_organique;4.06;0.0;42.29;21.12;52.37;13.49;21.06;0.06;0.0;0;29.19;0;-237.21;0.02;0.04;0.0;4.06
2021;191;263;beauce_5_sa_041;solnu;;0.84;0.0;34.4;-7.12;0.0;21.06;47.36;0.06;0.08;0;0;0;-250.82;0.04;0.02;0.0;0.84
2021;264;365;beauce_5_sa_041;orgeh;orgeH_tousSols_nonirr_organique;3.68;0.0;18.47;-36.0;8.92;47.78;17.22;0.0;0.0;0;4.46;0;-75.26;0.0;0.0;0.0;3.68
2021;1;195;beauce_5_sa_042;orgeh;orgeH_tousSols_nonirr_organique;4.19;0.0;44.57;21.14;51.05;13.34;24.51;0.06;0.0;0;28.53;0;-250.83;0.02;0.04;0.0;4.19
2021;196;264;beauce_5_sa_042;solnu;;0.86;0.0;32.23;-7.95;0.0;24.51;47.8;0.05;0.08;0;0;0;-235.3;0.04;0.02;0.0;0.86
2021;265;365;beauce_5_sa_042;orgeh;orgeH_tousSols_nonirr_organique;3.72;0.0;18.1;-36.15;8.43;48.47;17.59;0.0;0.0;0;4.21;0;-72.25;0.0;0.0;0.0;3.72
2021;1;189;beauce_5_sa_043;orgeh;orgeH_tousSols_nonirr_organique;5.26;0.0;41.64;12.59;52.56;17.25;14.73;0.04;0.0;0;28.26;0;-213.04;0.0;0.03;0.0;5.26
2021;190;276;beauce_5_sa_043;solnu;;0.89;0.0;38.84;-5.61;0.0;14.73;46.95;0.05;0.06;0;0;0;-273.88;0.03;0.02;0.0;0.89
2021;277;365;beauce_5_sa_043;orgeh;orgeH_tousSols_nonirr_organique;3.05;0.0;14.32;-35.77;8.75;47.16;13.69;0.0;0.0;0;4.38;0;-59.53;0.0;0.0;0.0;3.05
2021;1;213;beauce_5_sa_044;orgeh;orgeH_tousSols_nonirr_organique;5.47;0.0;53.57;17.15;49.7;17.65;34.24;0.05;0.0;0;26.93;0;-300.77;0.01;0.04;0.0;5.47
2021;214;271;beauce_5_sa_044;solnu;;1.03;0.0;25.46;-10.44;0.0;34.24;48.11;0.05;0.08;0;0;0;-189.54;0.04;0.01;0.0;1.03
2021;272;365;beauce_5_sa_044;orgeh;orgeH_tousSols_nonirr_organique;3.91;0.0;15.76;-34.58;7.5;48.34;17.87;0.0;0.0;0;3.75;0;-60.47;0.0;0.0;0.0;3.91
2021;1;171;beauce_5_sa_045;orgeh;orgeH_tousSols_nonirr_organique;4.92;0.0;32.84;6.91;44.34;18.29;9.94;0.02;0.0;0;25.0;0;-153.35;0.0;0.02;0.0;4.92
2021;172;280;beauce_5_sa_045;solnu;;1.29;0.0;48.02;-1.2;0.0;9.94;55.34;0.06;0.07;0;0;0;-329.33;0.03;0.03;0.0;1.29
2021;281;365;beauce_5_sa_045;orgeh;orgeH_tousSols_nonirr_organique;3.69;0.0;13.25;-30.96;15.24;55.6;18.69;0.01;0.0;0;7.62;0;-60.44;0.0;0.0;0.0;3.69
2021;1;198;beauce_5_sa_046;orgeh;orgeH_tousSols_nonirr_organique;6.22;0.0;45.66;8.25;57.38;20.48;12.14;0.03;0.0;0;28.69;0;-228.11;0.0;0.03;0.0;6.22
2021;199;313;beauce_5_sa_046;solnu;;1.28;0.0;43.29;-39.72;0.0;12.14;14.35;0.04;0.04;0;0;0;-291.47;0.02;0.02;0.0;1.28
2021;314;365;beauce_5_sa_046;orgeh;orgeH_tousSols_nonirr_organique;2.4;0.0;6.0;-0.97;1.38;13.93;15.58;0.0;0.0;0;0.69;0;-13.21;0.0;0.0;0.0;2.4
2021;1;175;beauce_5_sa_047;orgeh;orgeH_tousSols_nonirr_organique;6.52;0.0;34.4;7.38;47.3;24.33;13.88;0.03;0.0;0;23.65;0;-165.49;0.0;0.03;0.0;6.52
2021;176;303;beauce_5_sa_047;solnu;;1.99;0.0;51.55;0.87;0.0;13.88;64.16;0.08;0.07;0;0;0;-363.21;0.05;0.03;0.0;1.99
2021;304;365;beauce_5_sa_047;orgeh;orgeH_tousSols_nonirr_organique;5.38;0.0;7.99;-29.93;3.62;64.33;33.17;0.05;0.01;0;1.81;0;-39.21;0.05;0.0;0.0;5.38
2021;1;219;beauce_5_sa_048;orgeh;orgeH_tousSols_nonirr_organique;4.46;0.0;56.61;25.17;58.63;15.22;34.6;0.06;0.0;0;29.31;0;-344.36;0.01;0.05;0.0;4.46
2021;220;275;beauce_5_sa_048;solnu;;0.79;0.0;23.78;-37.24;0.0;34.6;19.94;0.04;0.09;0;0;0;-174.97;0.03;0.01;0.0;0.79
2021;276;365;beauce_5_sa_048;orgeh;orgeH_tousSols_nonirr_organique;3.72;0.0;15.05;-12.33;0.71;19.83;18.22;0.0;0.0;0;0.35;0;-43.2;0.0;0.0;0.0;3.72
2021;1;211;beauce_5_sa_049;orgeh;orgeH_tousSols_nonirr_organique;4.34;0.0;52.56;23.39;60.19;14.78;26.9;0.05;0.0;0;30.09;0;-308.92;0.01;0.05;0.0;4.34
2021;212;278;beauce_5_sa_049;solnu;;0.8;0.0;28.84;-37.92;0.0;26.9;16.89;0.04;0.07;0;0;0;-209.22;0.03;0.01;0.0;0.8
2021;279;365;beauce_5_sa_049;orgeh;orgeH_tousSols_nonirr_organique;3.18;0.0;14.11;-11.15;0.73;16.82;15.93;0.0;0.0;0;0.37;0;-39.53;0.0;0.0;0.0;3.18
2021;1;208;beauce_5_sa_050;orgeh;orgeH_tousSols_nonirr_organique;5.03;0.0;50.56;19.18;51.31;16.11;30.65;0.06;0.0;0;27.74;0;-284.58;0.01;0.04;0.0;5.03
2021;209;269;beauce_5_sa_050;solnu;;0.95;0.0;27.72;-9.8;0.0;30.65;47.49;0.05;0.08;0;0;0;-206.66;0.04;0.01;0.0;0.95
2021;270;365;beauce_5_sa_050;orgeh;orgeH_tousSols_nonirr_organique;3.72;0.0;16.47;-35.85;7.5;48.02;16.88;0.0;0.0;0;3.75;0;-64.22;0.0;0.0;0.0;3.72
2021;1;224;beauce_5_sa_051;orgeh;orgeH_tousSols_nonirr_organique;4.8;0.0;59.05;22.81;59.82;16.52;34.71;0.06;0.0;0;30.13;0;-367.24;0.01;0.05;0.0;4.8
2021;225;280;beauce_5_sa_051;solnu;;0.85;0.0;23.35;-37.36;0.0;34.71;19.73;0.03;0.08;0;0;0;-157.23;0.03;0.0;0.0;0.85
2021;281;365;beauce_5_sa_051;orgeh;orgeH_tousSols_nonirr_organique;3.74;0.0;13.55;-11.1;0.4;19.73;18.03;0.0;0.0;0;0.2;0;-35.88;0.0;0.0;0.0;3.74
2021;1;213;beauce_5_sa_052;orgeh;orgeH_tousSols_nonirr_organique;4.45;0.0;53.68;23.02;50.39;13.98;36.63;0.07;0.0;0;28.19;0;-315.92;0.02;0.05;0.0;4.45
2021;214;264;beauce_5_sa_052;solnu;;0.96;0.0;23.31;-11.0;0.0;36.63;47.84;0.05;0.09;0;0;0;-177.13;0.04;0.01;0.0;0.96
2021;265;365;beauce_5_sa_052;orgeh;orgeH_tousSols_nonirr_organique;4.2;0.0;18.09;-35.98;6.36;48.46;19.38;0.0;0.0;0;3.18;0;-68.61;0.0;0.0;0.0;4.2
2021;1;180;beauce_5_sa_053;orgeh;orgeH_tousSols_nonirr_organique;4.93;0.0;37.28;8.9;51.01;17.2;8.51;0.03;0.0;0;28.24;0;-181.77;0.0;0.03;0.0;4.93
2021;181;278;beauce_5_sa_053;solnu;;0.96;0.0;43.26;-4.03;0.0;8.51;46.68;0.05;0.06;0;0;0;-298.76;0.03;0.02;0.0;0.96
2021;279;365;beauce_5_sa_053;orgeh;orgeH_tousSols_nonirr_organique;2.85;0.0;13.82;-35.25;9.76;46.95;12.64;0.0;0.0;0;4.88;0;-58.45;0.0;0.0;0.0;2.85
2021;1;192;beauce_5_sa_054;orgeh;orgeH_tousSols_nonirr_organique;3.95;0.0;43.59;22.78;56.26;15.67;22.44;0.06;0.01;0;30.62;0;-267.84;0.02;0.04;0.0;3.95
2021;193;264;beauce_5_sa_054;solnu;;0.86;0.0;33.54;-29.94;0.0;22.44;25.04;0.05;0.08;0;0;0;-251.46;0.04;0.01;0.0;0.86
2021;265;365;beauce_5_sa_054;orgeh;orgeH_tousSols_nonirr_organique;3.69;0.0;18.39;-13.94;5.7;22.43;20.08;0.01;0.0;0;2.85;0;-59.28;0.0;0.01;0.0;3.69
2021;1;210;beauce_5_sa_055;orgeh;orgeH_tousSols_nonirr_organique;6.09;0.0;51.64;10.51;51.4;19.91;25.88;0.04;0.0;0;27.2;0;-271.29;0.0;0.04;0.0;6.09
2021;211;286;beauce_5_sa_055;solnu;;1.05;0.0;31.53;-8.55;0.0;25.88;47.7;0.04;0.07;0;0;0;-227.87;0.03;0.01;0.0;1.05
2021;287;365;beauce_5_sa_055;orgeh;orgeH_tousSols_nonirr_organique;3.31;0.0;11.67;-33.56;7.87;47.93;14.62;0.01;0.0;0;3.94;0;-45.2;0.01;0.0;0.0;3.31
2021;1;197;beauce_5_sa_056;orgeh;orgeH_tousSols_nonirr_organique;6.58;0.0;45.09;6.59;54.75;21.47;13.25;0.03;0.0;0;27.38;0;-221.85;0.0;0.03;0.0;6.58
2021;198;299;beauce_5_sa_056;solnu;;1.17;0.0;40.98;-4.42;0.0;13.25;48.55;0.05;0.05;0;0;0;-284.78;0.03;0.02;0.0;1.17
2021;300;365;beauce_5_sa_056;orgeh;orgeH_tousSols_nonirr_organique;3.31;0.0;8.65;-33.89;2.49;48.76;17.49;0.02;0.0;0;1.25;0;-34.57;0.02;0.0;0.0;3.31
2021;1;195;beauce_5_sa_057;orgeh;orgeH_tousSols_nonirr_organique;6.62;0.0;44.4;8.02;56.08;21.71;12.87;0.03;0.0;0;28.04;0;-221.69;0.0;0.03;0.0;6.62
2021;196;295;beauce_5_sa_057;solnu;;1.14;0.0;40.52;-4.78;0.0;12.87;47.38;0.05;0.05;0;0;0;-282.92;0.03;0.02;0.0;1.14
2021;296;365;beauce_5_sa_057;orgeh;orgeH_tousSols_nonirr_organique;3.11;0.0;9.63;-34.47;3.11;47.95;16.29;0.02;0.0;0;1.56;0;-38.31;0.01;0.0;0.0;3.11
2021;1;189;beauce_5_sa_058;orgeh;orgeH_tousSols_nonirr_organique;6.62;0.0;41.52;4.59;51.86;21.65;10.73;0.03;0.0;0;25.93;0;-196.82;0.0;0.03;0.0;6.62
2021;190;302;beauce_5_sa_058;solnu;;1.18;0.0;45.02;-2.57;0.0;10.73;51.89;0.06;0.05;0;0;0;-310.0;0.03;0.03;0.0;1.18
2021;303;365;beauce_5_sa_058;orgeh;orgeH_tousSols_nonirr_organique;3.73;0.0;8.15;-32.36;3.61;52.09;20.31;0.03;0.0;0;1.8;0;-34.37;0.03;0.0;0.0;3.73
2021;1;213;beauce_5_sa_059;orgeh;orgeH_tousSols_nonirr_organique;4.52;0.0;54.38;20.67;54.4;17.75;34.62;0.07;0.01;0;30.91;0;-362.75;0.03;0.05;0.0;4.52
2021;214;266;beauce_5_sa_059;solnu;;1.07;0.0;24.45;-37.02;0.0;34.62;20.84;0.04;0.08;0;0;0;-169.82;0.04;0.0;0.0;1.07
2021;267;365;beauce_5_sa_059;orgeh;orgeH_tousSols_nonirr_organique;4.07;0.0;17.8;-7.8;5.94;20.84;20.82;0.01;0.0;0;2.97;0;-49.16;0.0;0.01;0.0;4.07
2021;1;200;beauce_5_sa_060;orgeh;orgeH_tousSols_nonirr_organique;4.18;0.0;46.69;22.52;52.52;13.93;27.05;0.06;0.0;0;29.26;0;-270.36;0.02;0.04;0.0;4.18
2021;201;263;beauce_5_sa_060;solnu;;0.9;0.0;30.05;-8.93;0.0;27.05;47.14;0.05;0.08;0;0;0;-221.56;0.04;0.01;0.0;0.9
2021;264;365;beauce_5_sa_060;orgeh;orgeH_tousSols_nonirr_organique;3.83;0.0;18.45;-37.22;6.81;47.55;17.74;0.0;0.0;0;3.4;0;-73.43;0.0;0.0;0.0;3.83
2021;1;196;beauce_5_sa_061;orgeh;orgeH_tousSols_nonirr_organique;4.48;0.0;44.94;19.58;62.11;15.33;14.0;0.04;0.0;0;31.05;0;-254.29;0.0;0.04;0.0;4.48
2021;197;288;beauce_5_sa_061;solnu;;0.75;0.0;39.28;-39.11;0.0;14.0;13.33;0.04;0.05;0;0;0;-263.08;0.02;0.01;0.0;0.75
2021;289;365;beauce_5_sa_061;orgeh;orgeH_tousSols_nonirr_organique;2.55;0.0;11.35;-7.66;1.2;13.33;13.28;0.0;0.0;0;0.6;0;-29.01;0.0;0.0;0.0;2.55
2021;1;215;beauce_5_sa_062;orgeh;orgeH_tousSols_nonirr_organique;6.54;0.0;54.85;8.43;54.35;21.4;25.21;0.04;0.0;0;27.17;0;-284.66;0.0;0.04;0.0;6.54
2021;216;306;beauce_5_sa_062;solnu;;1.21;0.0;32.35;-8.0;0.0;25.21;48.25;0.05;0.06;0;0;0;-231.22;0.03;0.02;0.0;1.21
2021;307;365;beauce_5_sa_062;orgeh;orgeH_tousSols_nonirr_organique;3.77;0.0;7.64;-33.46;0.24;48.51;18.39;0.03;0.0;0;0.12;0;-30.02;0.03;0.0;0.0;3.77
2021;1;174;beauce_5_sa_063;orgeh;orgeH_tousSols_nonirr_organique;5.17;0.0;34.06;15.19;53.09;19.22;10.53;0.03;0.0;0;26.55;0;-177.04;0.0;0.03;0.0;5.17
2021;175;292;beauce_5_sa_063;solnu;;1.46;0.0;49.89;-34.96;0.0;10.53;23.98;0.06;0.06;0;0;0;-346.17;0.03;0.03;0.0;1.46
2021;293;365;beauce_5_sa_063;orgeh;orgeH_tousSols_nonirr_organique;3.85;0.0;10.39;1.57;9.21;23.78;22.85;0.02;0.01;0;4.61;0;-35.08;0.01;0.01;0.0;3.85
2021;1;176;beauce_5_sa_064;orgeh;orgeH_tousSols_nonirr_organique;5.18;0.0;34.96;16.55;55.51;18.42;10.28;0.03;0.0;0;27.76;0;-186.25;0.0;0.03;0.0;5.18
2021;177;300;beauce_5_sa_064;solnu;;1.31;0.0;51.12;-38.97;0.0;10.28;20.86;0.05;0.06;0;0;0;-345.75;0.03;0.02;0.0;1.31
2021;301;365;beauce_5_sa_064;orgeh;orgeH_tousSols_nonirr_organique;3.74;0.0;8.52;4.66;4.07;21.07;26.19;0.03;0.01;0;2.04;0;-27.04;0.02;0.01;0.0;3.74
2021;1;183;beauce_5_sa_065;orgeh;orgeH_tousSols_nonirr_organique;4.59;0.0;38.98;16.26;59.1;16.3;8.74;0.03;0.0;0;29.55;0;-206.5;0.0;0.03;0.0;4.59
2021;184;297;beauce_5_sa_065;solnu;;1.1;0.0;47.11;-40.52;0.0;8.74;14.13;0.04;0.05;0;0;0;-307.45;0.02;0.02;0.0;1.1
2021;298;365;beauce_5_sa_065;orgeh;orgeH_tousSols_nonirr_organique;2.6;0.0;9.11;-3.02;3.29;14.17;14.33;0.0;0.0;0;1.65;0;-23.37;0.0;0.0;0.0;2.6
2021;1;188;beauce_5_sa_066;orgeh;orgeH_tousSols_nonirr_organique;6.74;0.0;41.03;1.35;47.19;22.01;11.07;0.03;0.0;0;23.6;0;-187.68;0.0;0.03;0.0;6.74
2021;189;317;beauce_5_sa_066;solnu;;2.19;0.0;48.2;-0.61;0.0;11.07;56.44;0.1;0.05;0;0;0;-325.86;0.07;0.03;0.0;2.19
2021;318;365;beauce_5_sa_066;orgeh;orgeH_tousSols_nonirr_organique;3.86;0.0;5.24;-28.24;0.61;56.7;28.95;0.02;0.0;0;0.3;0;-26.08;0.02;0.0;0.0;3.86
2021;1;212;beauce_5_sa_067;orgeh;orgeH_tousSols_nonirr_organique;5.19;0.0;53.02;19.46;51.52;16.71;33.64;0.06;0.0;0;27.85;0;-302.71;0.01;0.04;0.0;5.19
2021;213;269;beauce_5_sa_067;solnu;;0.99;0.0;25.31;-10.62;0.0;33.64;47.2;0.05;0.08;0;0;0;-191.24;0.04;0.01;0.0;0.99
2021;270;365;beauce_5_sa_067;orgeh;orgeH_tousSols_nonirr_organique;3.86;0.0;16.47;-36.1;6.0;47.73;17.7;0.0;0.0;0;3.0;0;-62.81;0.0;0.0;0.0;3.86
2021;1;172;beauce_5_sa_068;orgeh;orgeH_tousSols_nonirr_organique;4.71;0.0;33.23;7.21;44.64;17.46;8.76;0.02;0.0;0;25.18;0;-153.77;0.0;0.02;0.0;4.71
2021;173;279;beauce_5_sa_068;solnu;;1.22;0.0;47.32;-2.5;0.0;8.76;52.29;0.06;0.07;0;0;0;-323.87;0.03;0.03;0.0;1.22
2021;280;365;beauce_5_sa_068;orgeh;orgeH_tousSols_nonirr_organique;3.39;0.0;13.61;-32.42;13.12;52.74;16.97;0.0;0.0;0;6.56;0;-59.48;0.0;0.0;0.0;3.39
2021;1;191;beauce_5_sa_069;orgeh;orgeH_tousSols_nonirr_organique;5.16;0.0;42.77;14.47;51.33;16.8;18.55;0.04;0.0;0;27.91;0;-223.39;0.01;0.03;0.0;5.16
2021;192;272;beauce_5_sa_069;solnu;;0.91;0.0;36.43;-6.73;0.0;18.55;47.22;0.05;0.07;0;0;0;-261.98;0.03;0.02;0.0;0.91
2021;273;365;beauce_5_sa_069;orgeh;orgeH_tousSols_nonirr_organique;3.28;0.0;15.57;-35.13;9.0;47.58;15.37;0.0;0.0;0;4.5;0;-62.67;0.0;0.0;0.0;3.28
2021;1;228;beauce_5_sa_070;orgeh;orgeH_tousSols_nonirr_organique;6.76;0.0;60.39;9.59;53.35;21.9;33.21;0.05;0.0;0;26.67;0;-323.52;0.01;0.04;0.0;6.76
2021;229;303;beauce_5_sa_070;solnu;;1.21;0.0;26.47;-10.23;0.0;33.21;48.12;0.05;0.07;0;0;0;-191.37;0.04;0.01;0.0;1.21
2021;304;365;beauce_5_sa_070;orgeh;orgeH_tousSols_nonirr_organique;4.08;0.0;7.99;-33.04;0.0;48.28;18.97;0.02;0.0;0;0.0;0;-28.33;0.02;0.0;0.0;4.08
2021;1;203;beauce_5_sa_071;orgeh;orgeH_tousSols_nonirr_organique;6.57;0.0;47.89;7.54;54.85;21.43;16.87;0.03;0.0;0;27.42;0;-239.27;0.0;0.03;0.0;6.57
2021;204;299;beauce_5_sa_071;solnu;;1.19;0.0;38.28;-5.72;0.0;16.87;48.15;0.05;0.05;0;0;0;-270.21;0.03;0.02;0.0;1.19
2021;300;365;beauce_5_sa_071;orgeh;orgeH_tousSols_nonirr_organique;3.33;0.0;8.65;-33.94;1.98;48.36;17.53;0.02;0.0;0;0.99;0;-33.72;0.02;0.0;0.0;3.33
2021;1;175;beauce_5_sa_072;orgeh;orgeH_tousSols_nonirr_organique;4.63;0.0;34.53;8.81;47.58;17.2;8.42;0.03;0.0;0;26.5;0;-163.45;0.0;0.03;0.0;4.63
2021;176;276;beauce_5_sa_072;solnu;;1.16;0.0;45.33;-3.15;0.0;8.42;49.38;0.06;0.06;0;0;0;-312.02;0.03;0.03;0.0;1.16
2021;277;365;beauce_5_sa_072;orgeh;orgeH_tousSols_nonirr_organique;3.15;0.0;14.33;-34.56;11.26;49.59;14.73;0.0;0.0;0;5.63;0;-62.82;0.0;0.0;0.0;3.15
2021;1;225;beauce_5_sa_073;orgeh;orgeH_tousSols_nonirr_organique;5.89;0.0;59.08;17.65;51.16;19.16;39.99;0.06;0.0;0;27.08;0;-341.64;0.01;0.05;0.0;5.89
2021;226;274;beauce_5_sa_073;solnu;;1.03;0.0;20.71;-11.74;0.0;39.99;47.8;0.04;0.09;0;0;0;-156.15;0.04;0.01;0.0;1.03
2021;275;365;beauce_5_sa_073;orgeh;orgeH_tousSols_nonirr_organique;4.29;0.0;14.99;-33.64;6.0;48.09;18.86;0.0;0.0;0;3.0;0;-57.98;0.0;0.0;0.0;4.29
2021;1;223;beauce_5_sa_074;orgeh;orgeH_tousSols_nonirr_organique;6.13;0.0;58.47;12.57;55.86;20.0;30.34;0.05;0.0;0;27.93;0;-321.68;0.01;0.04;0.0;6.13
2021;224;299;beauce_5_sa_074;solnu;;1.14;0.0;27.91;-37.84;0.0;30.34;19.16;0.04;0.07;0;0;0;-197.33;0.03;0.01;0.0;1.14
2021;300;365;beauce_5_sa_074;orgeh;orgeH_tousSols_nonirr_organique;3.33;0.0;8.65;-9.06;0.0;18.64;15.42;0.0;0.0;0;0.0;0;-21.31;0.0;0.0;0.0;3.33
2021;1;180;beauce_5_sa_075;orgeh;orgeH_tousSols_nonirr_organique;5.02;0.0;37.27;8.22;49.53;17.45;8.65;0.03;0.0;0;26.88;0;-179.96;0.0;0.03;0.0;5.02
2021;181;279;beauce_5_sa_075;solnu;;0.99;0.0;43.47;-3.24;0.0;8.65;47.9;0.05;0.06;0;0;0;-299.6;0.03;0.03;0.0;0.99
2021;280;365;beauce_5_sa_075;orgeh;orgeH_tousSols_nonirr_organique;2.94;0.0;13.61;-34.65;9.76;48.35;14.16;0.0;0.0;0;4.88;0;-56.32;0.0;0.0;0.0;2.94
2021;1;210;beauce_5_sa_076;orgeh;orgeH_tousSols_nonirr_organique;6.0;0.0;51.74;11.46;58.46;19.84;19.87;0.04;0.0;0;29.23;0;-273.27;0.0;0.04;0.0;6.0
2021;211;307;beauce_5_sa_076;solnu;;1.13;0.0;35.87;-40.18;0.0;19.87;14.34;0.04;0.05;0;0;0;-248.43;0.02;0.01;0.0;1.13
2021;308;365;beauce_5_sa_076;orgeh;orgeH_tousSols_nonirr_organique;2.59;0.0;7.45;-5.67;0.13;14.29;13.4;0.0;0.0;0;0.07;0;-17.05;0.0;0.0;0.0;2.59
2021;1;214;beauce_5_sa_077;orgeh;orgeH_tousSols_nonirr_organique;4.34;0.0;54.38;25.37;59.84;15.2;31.61;0.06;0.0;0;30.04;0;-331.75;0.01;0.05;0.0;4.34
2021;215;274;beauce_5_sa_077;solnu;;0.82;0.0;25.73;-37.65;0.0;31.61;18.74;0.04;0.08;0;0;0;-191.27;0.04;0.01;0.0;0.82
2021;275;365;beauce_5_sa_077;orgeh;orgeH_tousSols_nonirr_organique;3.57;0.0;15.33;-10.92;1.73;18.74;17.84;0.0;0.0;0;0.87;0;-42.92;0.0;0.0;0.0;3.57
2021;1;212;beauce_5_sa_078;orgeh;orgeH_tousSols_nonirr_organique;4.38;0.0;53.57;23.85;55.83;16.59;34.51;0.07;0.01;0;30.29;0;-344.7;0.02;0.05;0.0;4.38
2021;213;265;beauce_5_sa_078;solnu;;1.01;0.0;24.67;-37.03;0.0;34.51;21.0;0.05;0.09;0;0;0;-179.08;0.04;0.0;0.0;1.01
2021;266;365;beauce_5_sa_078;orgeh;orgeH_tousSols_nonirr_organique;4.05;0.0;17.98;-10.53;4.21;21.0;20.19;0.01;0.0;0;2.1;0;-54.23;0.0;0.01;0.0;4.05
2021;1;192;beauce_5_sa_079;orgeh;orgeH_tousSols_nonirr_organique;5.91;0.0;43.25;8.24;51.71;19.34;14.48;0.03;0.0;0;27.95;0;-215.13;0.0;0.03;0.0;5.91
2021;193;285;beauce_5_sa_079;solnu;;0.96;0.0;39.4;-5.7;0.0;14.48;47.13;0.04;0.06;0;0;0;-276.49;0.02;0.02;0.0;0.96
2021;286;365;beauce_5_sa_079;orgeh;orgeH_tousSols_nonirr_organique;2.93;0.0;11.97;-35.2;7.87;47.51;13.09;0.01;0.0;0;3.94;0;-47.12;0.01;0.0;0.0;2.93
2021;1;198;beauce_5_sa_080;orgeh;orgeH_tousSols_nonirr_organique;5.75;0.0;45.7;10.3;58.82;18.97;11.62;0.03;0.0;0;29.41;0;-231.33;0.0;0.03;0.0;5.75
2021;199;304;beauce_5_sa_080;solnu;;1.04;0.0;41.42;-39.29;0.0;11.62;12.64;0.03;0.04;0;0;0;-281.05;0.01;0.02;0.0;1.04
2021;305;365;beauce_5_sa_080;orgeh;orgeH_tousSols_nonirr_organique;2.31;0.0;7.9;-4.21;1.3;12.65;12.71;0.0;0.0;0;0.65;0;-18.32;0.0;0.0;0.0;2.31
2021;1;205;beauce_5_sa_081;orgeh;orgeH_tousSols_nonirr_organique;5.36;0.0;48.96;12.38;50.57;17.56;24.08;0.04;0.0;0;27.4;0;-256.47;0.0;0.04;0.0;5.36
2021;206;279;beauce_5_sa_081;solnu;;0.91;0.0;32.15;-8.26;0.0;24.08;46.94;0.04;0.07;0;0;0;-232.41;0.03;0.02;0.0;0.91
2021;280;365;beauce_5_sa_081;orgeh;orgeH_tousSols_nonirr_organique;3.2;0.0;13.6;-34.73;8.26;47.38;14.35;0.0;0.0;0;4.13;0;-52.33;0.0;0.0;0.0;3.2
2021;1;171;beauce_5_sa_082;orgeh;orgeH_tousSols_nonirr_organique;6.44;0.0;32.78;7.5;45.72;24.1;12.86;0.02;0.0;0;24.16;0;-160.85;0.0;0.02;0.0;6.44
2021;172;291;beauce_5_sa_082;solnu;;1.81;0.0;50.47;-0.34;0.0;12.86;61.1;0.06;0.07;0;0;0;-355.11;0.03;0.03;0.0;1.81
2021;292;365;beauce_5_sa_082;orgeh;orgeH_tousSols_nonirr_organique;4.8;0.0;10.72;-30.54;10.71;61.56;25.73;0.03;0.01;0;5.36;0;-49.96;0.03;0.0;0.0;4.8
2021;1;226;beauce_5_sa_083;orgeh;orgeH_tousSols_nonirr_organique;4.96;0.0;59.92;21.29;60.06;17.25;34.4;0.06;0.0;0;30.7;0;-378.82;0.01;0.05;0.0;4.96
2021;227;282;beauce_5_sa_083;solnu;;0.85;0.0;23.26;-37.17;0.0;34.4;19.53;0.03;0.08;0;0;0;-149.62;0.03;0.0;0.0;0.85
2021;283;365;beauce_5_sa_083;orgeh;orgeH_tousSols_nonirr_organique;3.72;0.0;12.96;-8.69;1.88;19.53;18.19;0.0;0.0;0;0.94;0;-31.08;0.0;0.0;0.0;3.72
2021;1;190;beauce_5_sa_084;orgeh;orgeH_tousSols_nonirr_organique;5.09;0.0;42.22;17.62;57.91;16.66;14.61;0.04;0.0;0;28.95;0;-225.64;0.0;0.04;0.0;5.09
2021;191;278;beauce_5_sa_084;solnu;;0.86;0.0;38.81;-24.82;0.0;14.61;27.63;0.05;0.06;0;0;0;-279.21;0.03;0.02;0.0;0.86
2021;279;365;beauce_5_sa_084;orgeh;orgeH_tousSols_nonirr_organique;3.05;0.0;13.91;-15.5;6.08;26.35;16.9;0.01;0.0;0;3.04;0;-44.67;0.0;0.01;0.0;3.05
2021;1;183;beauce_5_sa_085;orgeh;orgeH_tousSols_nonirr_organique;5.52;0.0;38.91;11.82;55.4;19.2;10.48;0.03;0.0;0;27.7;0;-196.8;0.0;0.03;0.0;5.52
2021;184;302;beauce_5_sa_085;solnu;;1.28;0.0;47.45;-40.17;0.0;10.48;16.37;0.04;0.05;0;0;0;-317.02;0.02;0.02;0.0;1.28
2021;303;365;beauce_5_sa_085;orgeh;orgeH_tousSols_nonirr_organique;3.11;0.0;8.19;3.27;3.81;16.45;20.88;0.02;0.01;0;1.9;0;-23.09;0.01;0.01;0.0;3.11
2021;1;205;beauce_5_sa_086;orgeh;orgeH_tousSols_nonirr_organique;4.04;0.0;49.64;18.48;53.65;16.59;27.63;0.07;0.01;0;31.6;0;-329.94;0.02;0.04;0.0;4.04
2021;206;267;beauce_5_sa_086;solnu;;0.91;0.0;29.15;-37.22;0.0;27.63;18.54;0.04;0.07;0;0;0;-195.74;0.03;0.0;0.0;0.91
2021;268;365;beauce_5_sa_086;orgeh;orgeH_tousSols_nonirr_organique;3.58;0.0;17.11;-4.42;8.22;18.56;19.43;0.01;0.0;0;4.11;0;-45.66;0.0;0.01;0.0;3.58
2021;1;184;beauce_5_sa_087;orgeh;orgeH_tousSols_nonirr_organique;6.09;0.0;39.32;6.82;51.56;19.98;8.82;0.03;0.0;0;28.02;0;-190.86;0.0;0.03;0.0;6.09
2021;185;286;beauce_5_sa_087;solnu;;0.94;0.0;43.39;-4.52;0.0;8.82;46.66;0.04;0.05;0;0;0;-299.91;0.02;0.02;0.0;0.94
2021;287;365;beauce_5_sa_087;orgeh;orgeH_tousSols_nonirr_organique;2.79;0.0;11.68;-35.32;7.87;46.89;12.35;0.01;0.0;0;3.94;0;-46.91;0.01;0.0;0.0;2.79
2021;1;181;beauce_5_sa_088;orgeh;orgeH_tousSols_nonirr_organique;4.04;0.0;37.92;15.12;56.79;17.27;10.2;0.04;0.0;0;32.95;0;-240.41;0.0;0.03;0.0;4.04
2021;182;274;beauce_5_sa_088;solnu;;0.87;0.0;41.95;-36.34;0.0;10.2;14.86;0.04;0.06;0;0;0;-277.73;0.02;0.01;0.0;0.87
2021;275;365;beauce_5_sa_088;orgeh;orgeH_tousSols_nonirr_organique;2.86;0.0;15.14;-3.5;7.35;14.9;16.28;0.01;0.0;0;3.67;0;-40.58;0.0;0.01;0.0;2.86
2021;1;178;beauce_5_sa_089;orgeh;orgeH_tousSols_nonirr_organique;7.01;0.0;36.04;6.2;46.95;24.41;13.13;0.03;0.0;0;23.48;0;-170.97;0.0;0.03;0.0;7.01
2021;179;311;beauce_5_sa_089;solnu;;1.89;0.0;51.61;0.92;0.0;13.13;63.69;0.09;0.06;0;0;0;-363.29;0.06;0.03;0.0;1.89
2021;312;365;beauce_5_sa_089;orgeh;orgeH_tousSols_nonirr_organique;5.38;0.0;6.4;-29.59;1.76;64.02;33.31;0.04;0.01;0;0.88;0;-33.44;0.04;0.0;0.0;5.38
2021;1;201;beauce_5_sa_090;orgeh;orgeH_tousSols_nonirr_organique;4.75;0.0;47.12;19.31;61.42;15.63;16.86;0.04;0.0;0;30.71;0;-263.78;0.0;0.04;0.0;4.75
2021;202;289;beauce_5_sa_090;solnu;;0.8;0.0;37.02;-39.06;0.0;16.86;13.93;0.04;0.06;0;0;0;-257.88;0.02;0.01;0.0;0.8
2021;290;365;beauce_5_sa_090;orgeh;orgeH_tousSols_nonirr_organique;2.63;0.0;11.15;-8.53;0.52;13.93;13.41;0.0;0.0;0;0.26;0;-28.44;0.0;0.0;0.0;2.63
2021;1;220;beauce_5_sa_091;orgeh;orgeH_tousSols_nonirr_organique;4.8;0.0;57.23;19.43;58.35;17.32;31.7;0.06;0.0;0;31.43;0;-372.49;0.01;0.05;0.0;4.8
2021;221;278;beauce_5_sa_091;solnu;;0.87;0.0;24.8;-37.06;0.0;31.7;18.47;0.03;0.08;0;0;0;-157.83;0.03;0.0;0.0;0.87
2021;279;365;beauce_5_sa_091;orgeh;orgeH_tousSols_nonirr_organique;3.54;0.0;14.17;-7.25;4.08;18.48;17.77;0.0;0.0;0;2.04;0;-33.85;0.0;0.0;0.0;3.54
2021;1;205;beauce_5_sa_092;orgeh;orgeH_tousSols_nonirr_organique;5.99;0.0;48.96;9.44;51.97;19.64;21.37;0.04;0.0;0;27.47;0;-250.39;0.0;0.04;0.0;5.99
2021;206;287;beauce_5_sa_092;solnu;;0.97;0.0;34.29;-7.62;0.0;21.37;46.96;0.04;0.06;0;0;0;-245.37;0.02;0.02;0.0;0.97
2021;288;365;beauce_5_sa_092;orgeh;orgeH_tousSols_nonirr_organique;3.06;0.0;11.5;-34.52;7.34;47.26;13.54;0.01;0.0;0;3.67;0;-43.17;0.01;0.0;0.0;3.06
2021;1;216;beauce_5_sa_093;orgeh;orgeH_tousSols_nonirr_organique;5.41;0.0;55.13;17.88;51.71;17.44;34.71;0.05;0.0;0;27.35;0;-314.58;0.01;0.04;0.0;5.41
2021;217;273;beauce_5_sa_093;solnu;;0.97;0.0;24.41;-10.77;0.0;34.71;47.24;0.05;0.08;0;0;0;-180.49;0.04;0.01;0.0;0.97
2021;274;365;beauce_5_sa_093;orgeh;orgeH_tousSols_nonirr_organique;3.84;0.0;15.26;-35.48;6.0;47.55;17.17;0.0;0.0;0;3.0;0;-58.2;0.0;0.0;0.0;3.84
2021;1;177;beauce_5_sa_094;orgeh;orgeH_tousSols_nonirr_organique;3.83;0.0;35.8;13.29;55.35;16.9;7.5;0.03;0.0;0;33.84;0;-229.21;0.0;0.03;0.0;3.83
2021;178;273;beauce_5_sa_094;solnu;;0.79;0.0;43.8;-39.94;0.0;7.5;10.5;0.02;0.04;0;0;0;-289.6;0.01;0.01;0.0;0.79
2021;274;365;beauce_5_sa_094;orgeh;orgeH_tousSols_nonirr_organique;2.06;0.0;15.42;-2.69;7.96;10.54;13.19;0.01;0.0;0;3.98;0;-40.65;0.0;0.01;0.0;2.06
2021;1;224;beauce_5_sa_095;orgeh;orgeH_tousSols_nonirr_organique;5.95;0.0;58.66;17.45;48.64;19.09;41.77;0.06;0.0;0;25.65;0;-335.43;0.02;0.05;0.0;5.95
2021;225;271;beauce_5_sa_095;solnu;;1.08;0.0;20.33;-11.64;0.0;41.77;49.24;0.04;0.1;0;0;0;-153.56;0.04;0.01;0.0;1.08
2021;272;365;beauce_5_sa_095;orgeh;orgeH_tousSols_nonirr_organique;4.52;0.0;15.77;-33.92;6.0;49.45;20.57;0.0;0.0;0;3.0;0;-60.22;0.0;0.0;0.0;4.52
2021;1;193;beauce_5_sa_096;orgeh;orgeH_tousSols_nonirr_organique;4.11;0.0;43.75;21.57;52.47;13.68;23.02;0.06;0.0;0;29.24;0;-249.53;0.02;0.04;0.0;4.11
2021;194;263;beauce_5_sa_096;solnu;;0.83;0.0;32.73;-7.81;0.0;23.02;46.98;0.05;0.08;0;0;0;-238.23;0.04;0.02;0.0;0.83
2021;264;365;beauce_5_sa_096;orgeh;orgeH_tousSols_nonirr_organique;3.67;0.0;18.46;-36.52;8.11;47.4;17.14;0.0;0.0;0;4.05;0;-74.9;0.0;0.0;0.0;3.67
2021;1;218;beauce_5_sa_097;orgeh;orgeH_tousSols_nonirr_organique;3.94;0.0;57.61;19.33;50.21;17.08;40.44;0.1;0.02;0;32.06;0;-413.63;0.05;0.05;0.0;3.94
2021;219;257;beauce_5_sa_097;solnu;;1.37;0.0;18.2;-47.55;0.0;40.44;9.7;0.01;0.0;0;0;0;-102.14;0.01;0.0;0.0;1.37
2021;258;365;beauce_5_sa_097;orgeh;orgeH_tousSols_nonirr_organique;1.83;0.0;21.26;-0.88;14.63;9.85;13.6;0.02;0.01;0;7.31;0;-63.65;0.01;0.01;0.0;1.83
2021;1;201;beauce_5_sa_098;orgeh;orgeH_tousSols_nonirr_organique;4.64;0.0;47.29;16.82;58.01;17.42;19.7;0.05;0.01;0;32.37;0;-301.11;0.01;0.04;0.0;4.64
2021;202;279;beauce_5_sa_098;solnu;;0.83;0.0;34.91;-38.47;0.0;19.7;15.22;0.03;0.06;0;0;0;-224.81;0.02;0.01;0.0;0.83
2021;280;365;beauce_5_sa_098;orgeh;orgeH_tousSols_nonirr_organique;2.94;0.0;13.95;-3.37;6.64;15.31;16.21;0.01;0.0;0;3.32;0;-32.99;0.0;0.01;0.0;2.94
2021;1;226;beauce_5_sa_099;orgeh;orgeH_tousSols_nonirr_organique;5.81;0.0;59.53;15.6;49.5;18.92;39.92;0.06;0.0;0;26.12;0;-334.88;0.01;0.05;0.0;5.81
2021;227;277;beauce_5_sa_099;solnu;;0.99;0.0;21.06;-11.54;0.0;39.92;48.3;0.04;0.09;0;0;0;-158.92;0.04;0.01;0.0;0.99
2021;278;365;beauce_5_sa_099;orgeh;orgeH_tousSols_nonirr_organique;4.26;0.0;14.14;-33.53;5.89;48.67;18.77;0.0;0.0;0;2.94;0;-53.31;0.0;0.0;0.0;4.26
