annee;jourDebut;jourFin;parcelle;couvert;itk;N_lixivie[kgN/ha];N_volatilise_NH3[kgN/ha];N_mineralise_net_SOM[kgN/ha];N_mineralise_net_residus[kgN/ha];N_acquis_couvert[kgN/ha];N_mineral_debut[kgN/ha];N_mineral_fin[kgN/ha];emissions_N2O_directes[kgN/ha];emissions_N2[kgN/ha];N_fixe_legumineuses[kgN/ha];satisfactionAzote_culture[%];satisfactionAzote_ci[%];delta_Corg[kgC/ha];emissions_N2O_denit[kgN-N2O/ha];emissions_N2O_nit[kgN-N2O/ha];emissions_N2O_indirectes_volat[kgN-N2O/ha];emissions_N2O_indirectes_lixiv[kgN-N2O/ha]
2019;213;317;beauce_5_sa_000;solnu;;0.0;0.0;25.91;0.0;0.0;35.0;60.88;0.03;0.0;0;0;0;-286.27;0.02;0.02;0.0;0.0
2019;318;365;beauce_5_sa_000;BTH;;0.27;0.01;7.26;0.0;2.32;60.99;66.49;0.04;0.0;0;1.37;0;-84.28;0.04;0.0;0.01;0.27
2019;213;261;beauce_5_sa_001;solnu;;0.0;0.0;16.11;0.0;0.0;35.0;51.1;0.01;0.0;0;0;0;-178.17;0.0;0.01;0.0;0.0
2019;262;365;beauce_5_sa_001;BTH;;0.32;0.0;17.0;0.0;49.55;51.28;18.21;0.01;0.0;0;29.16;0;-191.62;0.0;0.01;0.0;0.32
2019;213;261;beauce_5_sa_002;solnu;;0.0;0.0;16.13;0.0;0.0;35.0;51.12;0.01;0.0;0;0;0;-178.38;0.0;0.01;0.0;0.0
2019;262;365;beauce_5_sa_002;BTH;;0.32;0.38;17.05;0.0;50.85;51.31;45.78;0.03;0.0;0;29.92;0;-192.18;0.02;0.01;0.38;0.32
2019;213;295;beauce_5_sa_003;solnu;;0.0;0.0;21.55;0.0;0.0;35.0;56.54;0.01;0.0;0;0;0;-239.61;0.0;0.01;0.0;0.0
2019;296;365;beauce_5_sa_003;BTH;;0.25;0.0;11.6;0.0;8.32;56.72;59.51;0.06;0.0;0;4.89;0;-130.68;0.05;0.01;0.0;0.25
2019;213;258;beauce_5_sa_004;solnu;;0.0;0.0;15.69;0.0;0.0;35.0;50.68;0.01;0.0;0;0;0;-173.99;0.0;0.01;0.0;0.0
2019;259;365;beauce_5_sa_004;BTH;;0.32;0.55;17.49;0.0;51.13;50.8;57.55;0.01;0.0;0;30.09;0;-196.6;0.0;0.01;0.55;0.32
2019;213;283;beauce_5_sa_005;solnu;;0.0;0.0;19.94;0.0;0.0;35.0;54.93;0.01;0.0;0;0;0;-221.26;0.0;0.01;0.0;0.0
2019;284;365;beauce_5_sa_005;BTH;;0.26;0.0;13.23;0.0;22.32;55.01;45.52;0.05;0.0;0;13.14;0;-149.24;0.04;0.01;0.0;0.26
2019;213;269;beauce_5_sa_006;solnu;;0.0;0.0;17.92;0.0;0.0;35.0;52.91;0.01;0.0;0;0;0;-198.59;0.0;0.01;0.0;0.0
2019;270;365;beauce_5_sa_006;BTH;;0.33;0.0;15.24;0.0;38.17;53.12;29.62;0.03;0.0;0;22.46;0;-171.76;0.02;0.01;0.0;0.33
2019;213;267;beauce_5_sa_007;solnu;;0.0;0.0;17.49;0.0;0.0;35.0;52.48;0.01;0.0;0;0;0;-192.1;0.0;0.01;0.0;0.0
2019;268;365;beauce_5_sa_007;BTH;;0.32;0.0;15.68;0.0;42.04;52.72;25.77;0.02;0.0;0;24.74;0;-178.47;0.02;0.01;0.0;0.32
2019;213;269;beauce_5_sa_008;solnu;;0.0;0.0;17.92;0.0;0.0;35.0;52.91;0.01;0.0;0;0;0;-198.59;0.0;0.01;0.0;0.0
2019;270;365;beauce_5_sa_008;BTH;;0.33;0.0;15.26;0.0;39.62;53.12;28.19;0.03;0.0;0;23.32;0;-172.02;0.02;0.01;0.0;0.33
2019;213;302;beauce_5_sa_009;solnu;;0.0;0.0;22.75;0.0;0.0;35.0;57.74;0.01;0.0;0;0;0;-253.31;0.0;0.01;0.0;0.0
2019;303;365;beauce_5_sa_009;BTH;;0.26;0.02;10.42;0.0;5.26;57.89;64.06;0.06;0.0;0;3.09;0;-117.15;0.05;0.01;0.02;0.26
2019;213;260;beauce_5_sa_010;solnu;;0.0;0.0;15.93;0.0;0.0;35.0;50.92;0.01;0.0;0;0;0;-177.11;0.0;0.01;0.0;0.0
2019;261;365;beauce_5_sa_010;BTH;;0.33;0.0;17.38;0.0;51.1;51.12;16.85;0.01;0.0;0;30.07;0;-194.88;0.0;0.01;0.0;0.33
2019;213;281;beauce_5_sa_011;solnu;;0.0;0.0;19.68;0.0;0.0;35.0;54.67;0.01;0.0;0;0;0;-219.67;0.0;0.01;0.0;0.0
2019;282;365;beauce_5_sa_011;BTH;;0.27;0.0;13.5;0.0;24.27;54.74;43.58;0.05;0.0;0;14.28;0;-150.88;0.04;0.01;0.0;0.27
2019;213;310;beauce_5_sa_012;solnu;;0.0;0.0;24.2;0.0;0.0;35.0;59.18;0.02;0.0;0;0;0;-269.0;0.01;0.01;0.0;0.0
2019;311;365;beauce_5_sa_012;BTH;;0.26;0.0;8.97;0.0;3.78;59.44;64.05;0.05;0.0;0;2.23;0;-101.53;0.05;0.01;0.0;0.26
2019;213;260;beauce_5_sa_013;solnu;;0.0;0.0;15.91;0.0;0.0;35.0;50.9;0.01;0.0;0;0;0;-176.89;0.0;0.01;0.0;0.0
2019;261;365;beauce_5_sa_013;BTH;;0.33;0.0;17.33;0.0;50.6;51.09;17.29;0.01;0.0;0;29.77;0;-194.29;0.0;0.01;0.0;0.33
2019;213;286;beauce_5_sa_014;solnu;;0.0;0.0;20.27;0.0;0.0;35.0;55.26;0.01;0.0;0;0;0;-225.24;0.0;0.01;0.0;0.0
2019;287;365;beauce_5_sa_014;BTH;;0.26;0.0;12.89;0.0;19.29;55.34;48.56;0.05;0.0;0;11.35;0;-145.17;0.04;0.01;0.0;0.26
2019;213;289;beauce_5_sa_015;solnu;;0.0;0.0;20.55;0.0;0.0;35.0;55.54;0.01;0.0;0;0;0;-229.15;0.0;0.01;0.0;0.0
2019;290;365;beauce_5_sa_015;BTH;;0.27;0.09;12.61;0.0;15.34;55.64;59.59;0.06;0.0;0;9.03;0;-141.25;0.05;0.01;0.09;0.27
2019;213;276;beauce_5_sa_016;solnu;;0.0;0.0;19.07;0.0;0.0;35.0;54.05;0.01;0.0;0;0;0;-212.66;0.0;0.01;0.0;0.0
2019;277;365;beauce_5_sa_016;BTH;;0.28;0.03;14.11;0.0;29.39;54.25;38.45;0.04;0.0;0;17.3;0;-157.95;0.03;0.01;0.03;0.28
2019;213;316;beauce_5_sa_017;solnu;;0.0;0.0;25.56;0.0;0.0;35.0;60.52;0.03;0.0;0;0;0;-284.54;0.02;0.02;0.0;0.0
2019;317;365;beauce_5_sa_017;BTH;;0.28;0.32;7.61;0.0;2.32;60.87;89.76;0.05;0.0;0;1.37;0;-85.96;0.05;0.0;0.32;0.28
2019;213;277;beauce_5_sa_018;solnu;;0.0;0.0;19.25;0.0;0.0;35.0;54.24;0.01;0.0;0;0;0;-213.46;0.0;0.01;0.0;0.0
2019;278;365;beauce_5_sa_018;BTH;;0.27;0.0;13.9;0.0;27.05;54.34;40.77;0.04;0.0;0;15.92;0;-156.78;0.03;0.01;0.0;0.27
2019;213;317;beauce_5_sa_019;solnu;;0.0;0.0;25.92;0.0;0.0;35.0;60.88;0.03;0.0;0;0;0;-286.31;0.02;0.02;0.0;0.0
2019;318;365;beauce_5_sa_019;BTH;;0.27;0.0;7.26;0.0;2.32;60.99;65.51;0.04;0.0;0;1.37;0;-84.27;0.04;0.0;0.0;0.27
2019;213;312;beauce_5_sa_020;solnu;;0.0;0.0;24.7;0.0;0.0;35.0;59.67;0.03;0.0;0;0;0;-274.06;0.01;0.01;0.0;0.0
2019;313;365;beauce_5_sa_020;BTH;;0.26;0.0;8.48;0.0;3.33;59.91;64.51;0.05;0.0;0;1.96;0;-96.47;0.04;0.01;0.0;0.26
2019;213;279;beauce_5_sa_021;solnu;;0.0;0.0;19.45;0.0;0.0;35.0;54.44;0.01;0.0;0;0;0;-216.8;0.0;0.01;0.0;0.0
2019;280;365;beauce_5_sa_021;BTH;;0.27;0.0;13.71;0.0;24.89;54.6;42.95;0.05;0.0;0;14.64;0;-153.58;0.04;0.01;0.0;0.27
2019;213;266;beauce_5_sa_022;solnu;;0.0;0.0;17.14;0.0;0.0;35.0;52.13;0.01;0.0;0;0;0;-190.02;0.0;0.01;0.0;0.0
2019;267;365;beauce_5_sa_022;BTH;;0.32;0.0;15.98;0.0;41.14;52.47;26.62;0.03;0.0;0;24.21;0;-179.95;0.02;0.01;0.0;0.32
2019;213;298;beauce_5_sa_023;solnu;;0.0;0.0;22.13;0.0;0.0;35.0;57.12;0.01;0.0;0;0;0;-246.13;0.0;0.01;0.0;0.0
2019;299;365;beauce_5_sa_023;BTH;;0.26;0.0;11.04;0.0;6.68;57.25;61.16;0.06;0.0;0;3.93;0;-124.35;0.05;0.01;0.0;0.26
2019;213;271;beauce_5_sa_024;solnu;;0.0;0.0;18.34;0.0;0.0;35.0;53.33;0.01;0.0;0;0;0;-203.05;0.0;0.01;0.0;0.0
2019;272;365;beauce_5_sa_024;BTH;;0.3;0.0;14.81;0.0;34.77;53.49;33.04;0.03;0.0;0;20.46;0;-167.25;0.03;0.01;0.0;0.3
2019;213;271;beauce_5_sa_025;solnu;;0.0;0.0;18.34;0.0;0.0;35.0;53.33;0.01;0.0;0;0;0;-203.04;0.0;0.01;0.0;0.0
2019;272;365;beauce_5_sa_025;BTH;;0.3;0.01;14.8;0.0;34.08;53.49;33.71;0.04;0.0;0;20.05;0;-167.13;0.03;0.01;0.01;0.3
2019;213;262;beauce_5_sa_026;solnu;;0.0;0.0;16.32;0.0;0.0;35.0;51.31;0.01;0.0;0;0;0;-180.61;0.0;0.01;0.0;0.0
2019;263;365;beauce_5_sa_026;BTH;;0.32;0.0;16.84;0.0;47.74;51.61;20.07;0.02;0.0;0;28.09;0;-189.74;0.01;0.01;0.0;0.32
2019;213;291;beauce_5_sa_027;solnu;;0.0;0.0;20.81;0.0;0.0;35.0;55.8;0.01;0.0;0;0;0;-231.14;0.0;0.01;0.0;0.0
2019;292;365;beauce_5_sa_027;BTH;;0.25;0.0;12.33;0.0;12.39;56.03;55.44;0.06;0.0;0;7.29;0;-139.03;0.05;0.01;0.0;0.25
2019;213;270;beauce_5_sa_028;solnu;;0.0;0.0;18.1;0.0;0.0;35.0;53.09;0.01;0.0;0;0;0;-200.41;0.0;0.01;0.0;0.0
2019;271;365;beauce_5_sa_028;BTH;;0.33;0.0;14.99;0.0;35.09;53.3;32.63;0.03;0.0;0;20.65;0;-169.25;0.03;0.01;0.0;0.33
2019;213;280;beauce_5_sa_029;solnu;;0.0;0.0;19.6;0.0;0.0;35.0;54.59;0.01;0.0;0;0;0;-217.76;0.0;0.01;0.0;0.0
2019;281;365;beauce_5_sa_029;BTH;;0.27;0.1;13.54;0.0;24.49;54.66;50.92;0.05;0.0;0;14.41;0;-152.46;0.04;0.01;0.1;0.27
2019;213;299;beauce_5_sa_030;solnu;;0.0;0.0;22.24;0.0;0.0;35.0;57.22;0.01;0.0;0;0;0;-247.61;0.0;0.01;0.0;0.0
2019;300;365;beauce_5_sa_030;BTH;;0.24;0.0;10.91;0.0;6.08;57.41;61.75;0.06;0.0;0;3.58;0;-122.58;0.05;0.01;0.0;0.24
2019;213;275;beauce_5_sa_031;solnu;;0.0;0.0;18.95;0.0;0.0;35.0;53.94;0.01;0.0;0;0;0;-210.62;0.0;0.01;0.0;0.0
2019;276;365;beauce_5_sa_031;BTH;;0.27;0.0;14.15;0.0;28.46;54.01;39.32;0.04;0.0;0;16.74;0;-159.02;0.03;0.01;0.0;0.27
2019;213;271;beauce_5_sa_032;solnu;;0.0;0.0;18.34;0.0;0.0;35.0;53.33;0.01;0.0;0;0;0;-203.06;0.0;0.01;0.0;0.0
2019;272;365;beauce_5_sa_032;BTH;;0.29;0.0;14.84;0.0;36.21;53.49;31.63;0.03;0.0;0;21.31;0;-167.55;0.02;0.01;0.0;0.29
2019;213;304;beauce_5_sa_033;solnu;;0.0;0.0;23.09;0.0;0.0;35.0;58.07;0.01;0.0;0;0;0;-256.64;0.0;0.01;0.0;0.0
2019;305;365;beauce_5_sa_033;BTH;;0.26;0.36;10.09;0.0;4.92;58.2;62.92;0.06;0.0;0;2.9;0;-113.9;0.05;0.01;0.36;0.26
2019;213;264;beauce_5_sa_034;solnu;;0.0;0.0;16.76;0.0;0.0;35.0;51.75;0.01;0.0;0;0;0;-186.15;0.0;0.01;0.0;0.0
2019;265;365;beauce_5_sa_034;BTH;;0.32;0.0;16.38;0.0;44.1;51.96;23.68;0.02;0.0;0;25.95;0;-184.01;0.01;0.01;0.0;0.32
2019;213;296;beauce_5_sa_035;solnu;;0.0;0.0;21.71;0.0;0.0;35.0;56.7;0.01;0.0;0;0;0;-241.2;0.0;0.01;0.0;0.0
2019;297;365;beauce_5_sa_035;BTH;;0.24;0.0;11.41;0.0;7.6;56.93;60.22;0.06;0.0;0;4.47;0;-128.84;0.05;0.01;0.0;0.24
2019;213;288;beauce_5_sa_036;solnu;;0.0;0.0;20.47;0.0;0.0;35.0;55.45;0.01;0.0;0;0;0;-227.99;0.0;0.01;0.0;0.0
2019;289;365;beauce_5_sa_036;BTH;;0.27;0.0;12.71;0.0;17.31;55.55;50.54;0.05;0.0;0;10.19;0;-142.58;0.04;0.01;0.0;0.27
2019;213;315;beauce_5_sa_037;solnu;;0.0;0.0;25.41;0.0;0.0;35.0;60.38;0.03;0.0;0;0;0;-282.16;0.02;0.02;0.0;0.0
2019;316;365;beauce_5_sa_037;BTH;;0.27;0.0;7.77;0.0;2.68;60.53;65.15;0.04;0.0;0;1.58;0;-88.39;0.04;0.0;0.0;0.27
2019;213;260;beauce_5_sa_038;solnu;;0.0;0.0;15.92;0.0;0.0;35.0;50.91;0.01;0.0;0;0;0;-177.08;0.0;0.01;0.0;0.0
2019;261;365;beauce_5_sa_038;BTH;;0.33;0.0;17.37;0.0;51.11;51.11;16.83;0.01;0.0;0;30.08;0;-194.86;0.0;0.01;0.0;0.33
2019;213;312;beauce_5_sa_039;solnu;;0.0;0.0;24.69;0.0;0.0;35.0;59.66;0.03;0.0;0;0;0;-274.01;0.01;0.01;0.0;0.0
2019;313;365;beauce_5_sa_039;BTH;;0.26;0.0;8.48;0.0;3.33;59.91;64.51;0.05;0.0;0;1.96;0;-96.47;0.04;0.01;0.0;0.26
2019;213;312;beauce_5_sa_040;solnu;;0.0;0.0;24.7;0.0;0.0;35.0;59.67;0.03;0.0;0;0;0;-274.08;0.01;0.01;0.0;0.0
2019;313;365;beauce_5_sa_040;BTH;;0.27;0.0;8.48;0.0;3.33;59.91;64.51;0.05;0.0;0;1.96;0;-96.47;0.04;0.01;0.0;0.27
2019;213;258;beauce_5_sa_041;solnu;;0.0;0.0;15.69;0.0;0.0;35.0;50.68;0.01;0.0;0;0;0;-173.99;0.0;0.01;0.0;0.0
2019;259;365;beauce_5_sa_041;BTH;;0.32;0.0;17.49;0.0;51.11;50.8;16.72;0.01;0.0;0;30.08;0;-196.64;0.0;0.01;0.0;0.32
2019;213;280;beauce_5_sa_042;solnu;;0.0;0.0;19.61;0.0;0.0;35.0;54.6;0.01;0.0;0;0;0;-217.86;0.0;0.01;0.0;0.0
2019;281;365;beauce_5_sa_042;BTH;;0.28;0.06;13.57;0.0;25.45;54.67;47.12;0.05;0.0;0;14.98;0;-152.73;0.04;0.01;0.06;0.28
2019;213;296;beauce_5_sa_043;solnu;;0.0;0.0;21.75;0.0;0.0;35.0;56.73;0.01;0.0;0;0;0;-241.55;0.0;0.01;0.0;0.0
2019;297;365;beauce_5_sa_043;BTH;;0.27;0.0;11.43;0.0;7.6;56.97;60.24;0.06;0.0;0;4.47;0;-129.0;0.05;0.01;0.0;0.27
2019;213;306;beauce_5_sa_044;solnu;;0.0;0.0;23.37;0.0;0.0;35.0;58.36;0.02;0.0;0;0;0;-259.75;0.0;0.01;0.0;0.0
2019;307;365;beauce_5_sa_044;BTH;;0.24;0.0;9.78;0.0;4.5;58.71;63.33;0.06;0.0;0;2.65;0;-110.5;0.05;0.01;0.0;0.24
2019;213;300;beauce_5_sa_045;solnu;;0.0;0.0;22.4;0.0;0.0;35.0;57.39;0.01;0.0;0;0;0;-248.83;0.0;0.01;0.0;0.0
2019;301;365;beauce_5_sa_045;BTH;;0.23;0.0;10.72;0.0;5.61;57.56;62.21;0.06;0.0;0;3.3;0;-121.1;0.05;0.01;0.0;0.23
2019;213;280;beauce_5_sa_046;solnu;;0.0;0.0;19.61;0.0;0.0;35.0;54.6;0.01;0.0;0;0;0;-217.86;0.0;0.01;0.0;0.0
2019;281;365;beauce_5_sa_046;BTH;;0.27;0.0;13.57;0.0;25.45;54.67;42.4;0.04;0.0;0;14.98;0;-152.73;0.04;0.01;0.0;0.27
2019;213;290;beauce_5_sa_047;solnu;;0.0;0.0;20.66;0.0;0.0;35.0;55.64;0.01;0.0;0;0;0;-230.28;0.0;0.01;0.0;0.0
2019;291;365;beauce_5_sa_047;BTH;;0.28;0.01;12.52;0.0;13.52;55.82;55.4;0.06;0.0;0;7.96;0;-140.34;0.05;0.01;0.01;0.28
2019;213;298;beauce_5_sa_048;solnu;;0.0;0.0;22.1;0.0;0.0;35.0;57.08;0.01;0.0;0;0;0;-245.77;0.0;0.01;0.0;0.0
2019;299;365;beauce_5_sa_048;BTH;;0.25;0.28;11.03;0.0;6.68;57.21;82.14;0.07;0.0;0;3.93;0;-124.26;0.06;0.01;0.28;0.25
2019;213;279;beauce_5_sa_049;solnu;;0.0;0.0;19.44;0.0;0.0;35.0;54.43;0.01;0.0;0;0;0;-216.73;0.0;0.01;0.0;0.0
2019;280;365;beauce_5_sa_049;BTH;;0.26;0.0;13.7;0.0;25.23;54.59;42.6;0.04;0.0;0;14.85;0;-153.5;0.04;0.01;0.0;0.26
2019;213;277;beauce_5_sa_050;solnu;;0.0;0.0;19.31;0.0;0.0;35.0;54.3;0.01;0.0;0;0;0;-214.13;0.0;0.01;0.0;0.0
2019;278;365;beauce_5_sa_050;BTH;;0.29;0.0;13.93;0.0;26.76;54.4;41.15;0.04;0.0;0;15.74;0;-157.19;0.04;0.01;0.0;0.29
2019;213;273;beauce_5_sa_051;solnu;;0.0;0.0;18.68;0.0;0.0;35.0;53.67;0.01;0.0;0;0;0;-207.21;0.0;0.01;0.0;0.0
2019;274;365;beauce_5_sa_051;BTH;;0.29;0.0;14.5;0.0;33.72;53.83;34.13;0.04;0.0;0;19.84;0;-163.39;0.03;0.01;0.0;0.29
2019;213;259;beauce_5_sa_052;solnu;;0.0;0.0;15.81;0.0;0.0;35.0;50.8;0.01;0.0;0;0;0;-175.7;0.0;0.01;0.0;0.0
2019;260;365;beauce_5_sa_052;BTH;;0.32;0.0;17.37;0.0;51.24;50.92;16.6;0.01;0.0;0;30.15;0;-194.91;0.0;0.01;0.0;0.32
2019;213;305;beauce_5_sa_053;solnu;;0.0;0.0;23.19;0.0;0.0;35.0;58.17;0.01;0.0;0;0;0;-258.22;0.0;0.01;0.0;0.0
2019;306;365;beauce_5_sa_053;BTH;;0.24;0.0;9.96;0.0;4.79;58.35;63.04;0.06;0.0;0;2.82;0;-111.97;0.05;0.01;0.0;0.24
2019;213;300;beauce_5_sa_054;solnu;;0.0;0.0;22.54;0.0;0.0;35.0;57.52;0.01;0.0;0;0;0;-250.28;0.0;0.01;0.0;0.0
2019;301;365;beauce_5_sa_054;BTH;;0.29;0.0;10.73;0.0;5.61;57.7;62.29;0.06;0.0;0;3.3;0;-121.26;0.05;0.01;0.0;0.29
2019;213;297;beauce_5_sa_055;solnu;;0.0;0.0;21.98;0.0;0.0;35.0;56.97;0.01;0.0;0;0;0;-243.58;0.0;0.01;0.0;0.0
2019;298;365;beauce_5_sa_055;BTH;;0.27;1.02;11.2;0.0;7.14;57.12;137.36;0.07;0.0;0;4.2;0;-126.97;0.06;0.01;1.02;0.27
2019;213;274;beauce_5_sa_056;solnu;;0.0;0.0;18.84;0.0;0.0;35.0;53.83;0.01;0.0;0;0;0;-209.23;0.0;0.01;0.0;0.0
2019;275;365;beauce_5_sa_056;BTH;;0.27;0.0;14.31;0.0;30.08;53.97;37.74;0.04;0.0;0;17.7;0;-161.02;0.03;0.01;0.0;0.27
2019;213;283;beauce_5_sa_057;solnu;;0.0;0.0;19.94;0.0;0.0;35.0;54.93;0.01;0.0;0;0;0;-221.26;0.0;0.01;0.0;0.0
2019;284;365;beauce_5_sa_057;BTH;;0.27;0.0;13.24;0.0;22.61;55.01;45.24;0.05;0.0;0;13.31;0;-149.32;0.04;0.01;0.0;0.27
2019;213;307;beauce_5_sa_058;solnu;;0.0;0.0;23.76;0.0;0.0;35.0;58.74;0.02;0.0;0;0;0;-262.07;0.01;0.01;0.0;0.0
2019;308;365;beauce_5_sa_058;BTH;;0.27;0.0;9.42;0.0;4.32;58.88;63.51;0.05;0.0;0;2.54;0;-108.48;0.05;0.01;0.0;0.27
2019;213;276;beauce_5_sa_059;solnu;;0.0;0.0;19.04;0.0;0.0;35.0;54.03;0.01;0.0;0;0;0;-212.36;0.0;0.01;0.0;0.0
2019;277;365;beauce_5_sa_059;BTH;;0.26;0.0;14.07;0.0;27.52;54.22;40.27;0.04;0.0;0;16.2;0;-157.45;0.03;0.01;0.0;0.26
2019;213;271;beauce_5_sa_060;solnu;;0.0;0.0;18.33;0.0;0.0;35.0;53.31;0.01;0.0;0;0;0;-202.9;0.0;0.01;0.0;0.0
2019;272;365;beauce_5_sa_060;BTH;;0.3;0.0;14.79;0.0;33.89;53.47;33.88;0.04;0.0;0;19.94;0;-166.96;0.03;0.01;0.0;0.3
2019;213;270;beauce_5_sa_061;solnu;;0.0;0.0;18.17;0.0;0.0;35.0;53.16;0.01;0.0;0;0;0;-201.12;0.0;0.01;0.0;0.0
2019;271;365;beauce_5_sa_061;BTH;;0.34;0.0;15.06;0.0;35.77;53.37;32.07;0.03;0.0;0;21.05;0;-169.99;0.02;0.01;0.0;0.34
2019;213;310;beauce_5_sa_062;solnu;;0.0;0.0;24.2;0.0;0.0;35.0;59.18;0.02;0.0;0;0;0;-268.97;0.01;0.01;0.0;0.0
2019;311;365;beauce_5_sa_062;BTH;;0.26;0.0;8.97;0.0;3.78;59.44;64.05;0.05;0.0;0;2.23;0;-101.53;0.05;0.01;0.0;0.26
2019;213;303;beauce_5_sa_063;solnu;;0.0;0.0;22.91;0.0;0.0;35.0;57.9;0.01;0.0;0;0;0;-254.89;0.0;0.01;0.0;0.0
2019;304;365;beauce_5_sa_063;BTH;;0.27;0.06;10.26;0.0;4.92;58.07;67.25;0.06;0.0;0;2.9;0;-115.66;0.06;0.01;0.06;0.27
2019;213;293;beauce_5_sa_064;solnu;;0.0;0.0;21.23;0.0;0.0;35.0;56.22;0.01;0.0;0;0;0;-235.78;0.0;0.01;0.0;0.0
2019;294;365;beauce_5_sa_064;BTH;;0.24;0.0;11.91;0.0;9.37;56.37;58.46;0.06;0.0;0;5.51;0;-134.39;0.05;0.01;0.0;0.24
2019;213;291;beauce_5_sa_065;solnu;;0.0;0.0;20.83;0.0;0.0;35.0;55.82;0.01;0.0;0;0;0;-231.36;0.0;0.01;0.0;0.0
2019;292;365;beauce_5_sa_065;BTH;;0.26;0.0;12.34;0.0;12.39;56.06;55.45;0.06;0.0;0;7.29;0;-139.16;0.05;0.01;0.0;0.26
2019;213;261;beauce_5_sa_066;solnu;;0.0;0.0;16.13;0.0;0.0;35.0;51.12;0.01;0.0;0;0;0;-178.37;0.0;0.01;0.0;0.0
2019;262;365;beauce_5_sa_066;BTH;;0.32;0.0;17.04;0.0;50.23;51.3;17.59;0.01;0.0;0;29.56;0;-192.04;0.0;0.01;0.0;0.32
2019;213;263;beauce_5_sa_067;solnu;;0.0;0.0;16.61;0.0;0.0;35.0;51.6;0.01;0.0;0;0;0;-182.56;0.0;0.01;0.0;0.0
2019;264;365;beauce_5_sa_067;BTH;;0.32;0.06;16.5;0.0;44.83;51.73;27.56;0.02;0.0;0;26.38;0;-187.24;0.01;0.01;0.06;0.32
2019;213;269;beauce_5_sa_068;solnu;;0.0;0.0;17.92;0.0;0.0;35.0;52.91;0.01;0.0;0;0;0;-198.58;0.0;0.01;0.0;0.0
2019;270;365;beauce_5_sa_068;BTH;;0.33;0.0;15.23;0.0;37.96;53.12;29.82;0.03;0.0;0;22.34;0;-171.72;0.02;0.01;0.0;0.33
2019;213;269;beauce_5_sa_069;solnu;;0.0;0.0;17.9;0.0;0.0;35.0;52.89;0.01;0.0;0;0;0;-198.39;0.0;0.01;0.0;0.0
2019;270;365;beauce_5_sa_069;BTH;;0.32;0.0;15.21;0.0;37.45;53.1;30.29;0.03;0.0;0;22.04;0;-171.43;0.02;0.01;0.0;0.32
2019;213;296;beauce_5_sa_070;solnu;;0.0;0.0;21.75;0.0;0.0;35.0;56.73;0.01;0.0;0;0;0;-241.55;0.0;0.01;0.0;0.0
2019;297;365;beauce_5_sa_070;BTH;;0.27;0.93;11.43;0.0;7.6;56.97;129.81;0.06;0.0;0;4.47;0;-129.0;0.06;0.01;0.93;0.27
2019;213;314;beauce_5_sa_071;solnu;;0.0;0.0;25.19;0.0;0.0;35.0;60.16;0.03;0.0;0;0;0;-279.32;0.02;0.02;0.0;0.0
2019;315;365;beauce_5_sa_071;BTH;;0.27;0.0;7.98;0.0;2.83;60.38;65.0;0.04;0.0;0;1.66;0;-91.23;0.04;0.0;0.0;0.27
2019;213;298;beauce_5_sa_072;solnu;;0.0;0.0;22.13;0.0;0.0;35.0;57.12;0.01;0.0;0;0;0;-246.16;0.0;0.01;0.0;0.0
2019;299;365;beauce_5_sa_072;BTH;;0.26;0.0;11.04;0.0;6.68;57.25;61.16;0.06;0.0;0;3.93;0;-124.36;0.05;0.01;0.0;0.26
2019;213;279;beauce_5_sa_073;solnu;;0.0;0.0;19.49;0.0;0.0;35.0;54.48;0.01;0.0;0;0;0;-217.28;0.0;0.01;0.0;0.0
2019;280;365;beauce_5_sa_073;BTH;;0.28;0.0;13.73;0.0;25.33;54.64;42.55;0.04;0.0;0;14.91;0;-153.81;0.04;0.01;0.0;0.28
2019;213;265;beauce_5_sa_074;solnu;;0.0;0.0;17.02;0.0;0.0;35.0;52.01;0.01;0.0;0;0;0;-188.17;0.0;0.01;0.0;0.0
2019;266;365;beauce_5_sa_074;BTH;;0.33;0.0;16.24;0.0;42.56;52.19;25.34;0.02;0.0;0;25.05;0;-183.41;0.01;0.01;0.0;0.33
2019;213;302;beauce_5_sa_075;solnu;;0.0;0.0;22.76;0.0;0.0;35.0;57.74;0.01;0.0;0;0;0;-253.38;0.0;0.01;0.0;0.0
2019;303;365;beauce_5_sa_075;BTH;;0.27;0.0;10.42;0.0;5.26;57.9;62.58;0.06;0.0;0;3.09;0;-117.16;0.05;0.01;0.0;0.27
2019;213;284;beauce_5_sa_076;solnu;;0.0;0.0;20.02;0.0;0.0;35.0;55.01;0.01;0.0;0;0;0;-223.33;0.0;0.01;0.0;0.0
2019;285;365;beauce_5_sa_076;BTH;;0.27;0.02;13.15;0.0;21.19;55.1;48.04;0.05;0.0;0;12.47;0;-147.19;0.04;0.01;0.02;0.27
2019;213;269;beauce_5_sa_077;solnu;;0.0;0.0;17.89;0.0;0.0;35.0;52.88;0.01;0.0;0;0;0;-198.29;0.0;0.01;0.0;0.0
2019;270;365;beauce_5_sa_077;BTH;;0.32;0.0;15.21;0.0;37.87;53.09;29.87;0.03;0.0;0;22.28;0;-171.48;0.02;0.01;0.0;0.32
2019;213;312;beauce_5_sa_078;solnu;;0.0;0.0;24.68;0.0;0.0;35.0;59.66;0.03;0.0;0;0;0;-273.91;0.01;0.01;0.0;0.0
2019;313;365;beauce_5_sa_078;BTH;;0.25;0.0;8.48;0.0;3.33;59.9;64.51;0.05;0.0;0;1.96;0;-96.47;0.04;0.01;0.0;0.25
2019;213;277;beauce_5_sa_079;solnu;;0.0;0.0;19.22;0.0;0.0;35.0;54.21;0.01;0.0;0;0;0;-213.16;0.0;0.01;0.0;0.0
2019;278;365;beauce_5_sa_079;BTH;;0.26;0.0;13.87;0.0;26.2;54.31;41.58;0.04;0.0;0;15.42;0;-156.52;0.04;0.01;0.0;0.26
2019;213;266;beauce_5_sa_080;solnu;;0.0;0.0;17.2;0.0;0.0;35.0;52.19;0.01;0.0;0;0;0;-190.66;0.0;0.01;0.0;0.0
2019;267;365;beauce_5_sa_080;BTH;;0.32;0.0;16.02;0.0;41.65;52.53;26.21;0.03;0.0;0;24.51;0;-180.36;0.02;0.01;0.0;0.32
2019;213;296;beauce_5_sa_081;solnu;;0.0;0.0;21.73;0.0;0.0;35.0;56.72;0.01;0.0;0;0;0;-241.39;0.0;0.01;0.0;0.0
2019;297;365;beauce_5_sa_081;BTH;;0.27;0.29;11.42;0.0;7.6;56.95;82.01;0.07;0.0;0;4.47;0;-128.92;0.06;0.01;0.29;0.27
2019;213;279;beauce_5_sa_082;solnu;;0.0;0.0;19.45;0.0;0.0;35.0;54.44;0.01;0.0;0;0;0;-216.82;0.0;0.01;0.0;0.0
2019;280;365;beauce_5_sa_082;BTH;;0.28;0.0;13.73;0.0;26.44;54.6;41.41;0.04;0.0;0;15.56;0;-153.79;0.04;0.01;0.0;0.28
2019;213;274;beauce_5_sa_083;solnu;;0.0;0.0;18.84;0.0;0.0;35.0;53.83;0.01;0.0;0;0;0;-209.26;0.0;0.01;0.0;0.0
2019;275;365;beauce_5_sa_083;BTH;;0.28;0.0;14.33;0.0;31.74;53.98;36.1;0.04;0.0;0;18.68;0;-161.33;0.03;0.01;0.0;0.28
2019;213;266;beauce_5_sa_084;solnu;;0.0;0.0;17.15;0.0;0.0;35.0;52.14;0.01;0.0;0;0;0;-190.12;0.0;0.01;0.0;0.0
2019;267;365;beauce_5_sa_084;BTH;;0.32;0.0;16.0;0.0;41.57;52.48;26.22;0.03;0.0;0;24.46;0;-180.11;0.02;0.01;0.0;0.32
2019;213;297;beauce_5_sa_085;solnu;;0.0;0.0;21.98;0.0;0.0;35.0;56.97;0.01;0.0;0;0;0;-243.58;0.0;0.01;0.0;0.0
2019;298;365;beauce_5_sa_085;BTH;;0.33;0.83;11.19;0.0;7.14;57.12;122.59;0.08;0.0;0;4.2;0;-126.96;0.07;0.01;0.83;0.33
2019;213;288;beauce_5_sa_086;solnu;;0.0;0.0;20.46;0.0;0.0;35.0;55.44;0.01;0.0;0;0;0;-227.89;0.0;0.01;0.0;0.0
2019;289;365;beauce_5_sa_086;BTH;;0.25;0.0;12.69;0.0;17.2;55.54;50.64;0.05;0.0;0;10.12;0;-142.37;0.04;0.01;0.0;0.25
2019;213;271;beauce_5_sa_087;solnu;;0.0;0.0;18.34;0.0;0.0;35.0;53.33;0.01;0.0;0;0;0;-203.06;0.0;0.01;0.0;0.0
2019;272;365;beauce_5_sa_087;BTH;;0.29;0.0;14.84;0.0;36.21;53.49;31.63;0.03;0.0;0;21.31;0;-167.55;0.02;0.01;0.0;0.29
2019;213;291;beauce_5_sa_088;solnu;;0.0;0.0;20.83;0.0;0.0;35.0;55.82;0.01;0.0;0;0;0;-231.33;0.0;0.01;0.0;0.0
2019;292;365;beauce_5_sa_088;BTH;;0.26;0.0;12.33;0.0;12.39;56.05;55.45;0.06;0.0;0;7.29;0;-139.11;0.05;0.01;0.0;0.26
2019;213;317;beauce_5_sa_089;solnu;;0.0;0.0;25.9;0.0;0.0;35.0;60.87;0.03;0.0;0;0;0;-286.15;0.02;0.02;0.0;0.0
2019;318;365;beauce_5_sa_089;BTH;;0.26;0.0;7.26;0.0;2.32;60.98;65.51;0.04;0.0;0;1.37;0;-84.28;0.04;0.0;0.0;0.26
2019;213;268;beauce_5_sa_090;solnu;;0.0;0.0;17.72;0.0;0.0;35.0;52.71;0.01;0.0;0;0;0;-195.79;0.0;0.01;0.0;0.0
2019;269;365;beauce_5_sa_090;BTH;;0.32;0.0;15.39;0.0;37.9;52.9;29.85;0.03;0.0;0;22.3;0;-174.05;0.02;0.01;0.0;0.32
2019;213;264;beauce_5_sa_091;solnu;;0.0;0.0;16.76;0.0;0.0;35.0;51.75;0.01;0.0;0;0;0;-186.17;0.0;0.01;0.0;0.0
2019;265;365;beauce_5_sa_091;BTH;;0.32;0.0;16.41;0.0;45.6;51.97;22.22;0.02;0.0;0;26.83;0;-184.3;0.01;0.01;0.0;0.32
2019;213;286;beauce_5_sa_092;solnu;;0.0;0.0;20.28;0.0;0.0;35.0;55.26;0.01;0.0;0;0;0;-225.26;0.0;0.01;0.0;0.0
2019;287;365;beauce_5_sa_092;BTH;;0.26;0.14;12.89;0.0;19.37;55.34;48.48;0.05;0.0;0;11.4;0;-145.22;0.04;0.01;0.14;0.26
2019;213;268;beauce_5_sa_093;solnu;;0.0;0.0;17.71;0.0;0.0;35.0;52.7;0.01;0.0;0;0;0;-195.71;0.0;0.01;0.0;0.0
2019;269;365;beauce_5_sa_093;BTH;;0.32;0.0;15.41;0.0;39.17;52.89;28.59;0.03;0.0;0;23.05;0;-174.19;0.02;0.01;0.0;0.32
2019;213;315;beauce_5_sa_094;solnu;;0.0;0.0;25.41;0.0;0.0;35.0;60.38;0.03;0.0;0;0;0;-282.14;0.02;0.02;0.0;0.0
2019;316;365;beauce_5_sa_094;BTH;;0.27;0.0;7.77;0.0;2.68;60.53;65.15;0.04;0.0;0;1.58;0;-88.39;0.04;0.0;0.0;0.27
2019;213;280;beauce_5_sa_095;solnu;;0.0;0.0;19.57;0.0;0.0;35.0;54.56;0.01;0.0;0;0;0;-217.45;0.0;0.01;0.0;0.0
2019;281;365;beauce_5_sa_095;BTH;;0.25;0.0;13.53;0.0;24.35;54.63;43.44;0.05;0.0;0;14.33;0;-152.32;0.04;0.01;0.0;0.25
2019;213;304;beauce_5_sa_096;solnu;;0.0;0.0;23.09;0.0;0.0;35.0;58.07;0.01;0.0;0;0;0;-256.64;0.0;0.01;0.0;0.0
2019;305;365;beauce_5_sa_096;BTH;;0.26;0.0;10.09;0.0;4.92;58.2;62.92;0.06;0.0;0;2.9;0;-113.9;0.05;0.01;0.0;0.26
2019;213;281;beauce_5_sa_097;solnu;;0.0;0.0;19.64;0.0;0.0;35.0;54.63;0.01;0.0;0;0;0;-219.24;0.0;0.01;0.0;0.0
2019;282;365;beauce_5_sa_097;BTH;;0.25;0.02;13.47;0.0;23.62;54.7;45.95;0.05;0.0;0;13.9;0;-150.55;0.04;0.01;0.02;0.25
2019;213;278;beauce_5_sa_098;solnu;;0.0;0.0;19.36;0.0;0.0;35.0;54.35;0.01;0.0;0;0;0;-215.7;0.0;0.01;0.0;0.0
2019;279;365;beauce_5_sa_098;BTH;;0.28;0.0;13.82;0.0;27.12;54.44;40.73;0.04;0.0;0;15.96;0;-154.89;0.03;0.01;0.0;0.28
2019;213;266;beauce_5_sa_099;solnu;;0.0;0.0;17.15;0.0;0.0;35.0;52.14;0.01;0.0;0;0;0;-190.14;0.0;0.01;0.0;0.0
2019;267;365;beauce_5_sa_099;BTH;;0.32;0.0;16.02;0.0;43.19;52.48;24.63;0.02;0.0;0;25.41;0;-180.4;0.01;0.01;0.0;0.32
2020;1;200;beauce_5_sa_000;BTH;;3.69;0.0;50.24;0.0;94.33;66.49;18.65;0.06;0.0;0;56.87;0;-559.67;0.03;0.03;0.0;3.69
2020;201;318;beauce_5_sa_000;solnu;;1.02;0.0;45.79;-20.98;0.0;18.65;42.4;0.04;0.0;0;0;0;-439.87;0.02;0.02;0.0;1.02
2020;319;366;beauce_5_sa_000;BTH;;1.64;0.01;6.36;-34.18;0.0;42.55;18.44;0.0;0.0;0;0.0;0;-106.15;0.0;0.0;0.01;1.64
2020;1;209;beauce_5_sa_001;BTH;;1.44;0.24;58.04;0.0;61.68;18.21;31.05;0.04;0.0;0;65.45;0;-646.01;0.01;0.03;0.24;1.44
2020;210;262;beauce_5_sa_001;solnu;;0.2;0.0;30.67;-61.44;0.0;31.05;8.46;0.01;0.0;0;0;0;-326.49;0.01;0.0;0.0;0.2
2020;263;366;beauce_5_sa_001;BTH;;1.13;0.0;20.05;-17.71;1.01;8.42;8.65;0.0;0.0;0;0.59;0;1.64;0.0;0.0;0.0;1.13
2020;1;206;beauce_5_sa_002;BTH;;1.6;0.13;57.93;0.0;76.73;45.78;35.09;0.06;0.0;0;75.07;0;-642.78;0.03;0.03;0.13;1.6
2020;207;262;beauce_5_sa_002;solnu;;0.21;0.0;31.98;-21.55;0.0;35.09;45.25;0.05;0.0;0;0;0;-305.68;0.04;0.01;0.0;0.21
2020;263;366;beauce_5_sa_002;BTH;;1.83;0.38;19.96;-62.03;4.61;45.5;29.27;0.02;0.0;0;2.71;0;-121.02;0.02;0.0;0.38;1.83
2020;1;197;beauce_5_sa_003;BTH;;3.36;0.17;49.5;0.0;98.51;59.51;19.71;0.06;0.0;0;62.86;0;-551.9;0.03;0.03;0.17;3.36
2020;198;296;beauce_5_sa_003;solnu;;0.93;0.0;42.99;-50.84;0.0;19.71;15.89;0.02;0.0;0;0;0;-466.28;0.0;0.01;0.0;0.93
2020;297;366;beauce_5_sa_003;BTH;;1.31;0.0;10.36;-11.74;0.0;15.8;14.61;0.0;0.0;0;0.0;0;-49.14;0.0;0.0;0.0;1.31
2020;1;184;beauce_5_sa_004;BTH;;1.35;1.18;47.18;0.0;97.61;57.55;93.79;0.1;0.0;0;87.53;0;-519.54;0.08;0.03;1.18;1.35
2020;185;259;beauce_5_sa_004;solnu;;0.18;0.0;40.56;-119.26;0.0;93.79;14.9;0.02;0.0;0;0;0;-197.22;0.02;0.0;0.0;0.18
2020;260;366;beauce_5_sa_004;BTH;;2.02;0.55;21.5;17.94;26.73;14.89;66.41;0.04;0.0;0;15.73;0;20.27;0.02;0.02;0.55;2.02
2020;1;190;beauce_5_sa_005;BTH;;2.78;0.13;47.0;0.0;82.99;45.52;16.76;0.05;0.0;0;61.97;0;-523.43;0.02;0.03;0.13;2.78
2020;191;284;beauce_5_sa_005;solnu;;0.46;0.0;43.69;-44.94;0.0;16.76;16.1;0.03;0.0;0;0;0;-425.65;0.02;0.02;0.0;0.46
2020;285;366;beauce_5_sa_005;BTH;;1.74;0.0;12.93;-17.97;0.0;16.1;14.5;0.0;0.0;0;0.0;0;-128.35;0.0;0.0;0.0;1.74
2020;1;187;beauce_5_sa_006;BTH;;1.93;0.0;46.58;0.0;56.53;29.62;17.7;0.04;0.0;0;55.73;0;-518.57;0.01;0.03;0.0;1.93
2020;188;270;beauce_5_sa_006;solnu;;0.13;0.0;41.23;-45.25;0.0;17.7;13.52;0.03;0.0;0;0;0;-392.19;0.02;0.02;0.0;0.13
2020;271;366;beauce_5_sa_006;BTH;;1.33;0.0;17.35;-25.27;0.0;11.84;8.67;0.0;0.0;0;0.0;0;-119.87;0.0;0.0;0.0;1.33
2020;1;198;beauce_5_sa_007;BTH;;1.75;0.07;52.06;0.0;58.38;25.77;22.99;0.04;0.0;0;59.09;0;-579.4;0.01;0.03;0.07;1.75
2020;199;268;beauce_5_sa_007;solnu;;0.15;0.0;36.0;-21.6;0.0;22.99;37.19;0.03;0.0;0;0;0;-344.59;0.02;0.01;0.0;0.15
2020;269;366;beauce_5_sa_007;BTH;;1.28;0.0;18.09;-48.94;0.0;37.64;8.49;0.0;0.0;0;0.0;0;-138.29;0.0;0.0;0.0;1.28
2020;1;208;beauce_5_sa_008;BTH;;1.9;0.0;55.48;0.0;56.57;28.19;25.15;0.04;0.0;0;56.61;0;-618.93;0.01;0.03;0.0;1.9
2020;209;270;beauce_5_sa_008;solnu;;0.17;0.0;33.18;-21.94;0.0;25.15;36.2;0.03;0.0;0;0;0;-316.38;0.02;0.01;0.0;0.17
2020;271;366;beauce_5_sa_008;BTH;;1.56;0.0;17.32;-44.97;0.0;36.67;10.81;0.01;0.0;0;0.0;0;-138.49;0.01;0.0;0.0;1.56
2020;1;183;beauce_5_sa_009;BTH;;3.6;1.94;42.76;0.0;151.88;64.06;94.78;0.09;0.0;0;92.46;0;-466.5;0.07;0.03;1.94;3.6
2020;184;303;beauce_5_sa_009;solnu;;0.0;0.0;47.3;-103.05;0.0;94.78;39.07;0.11;0.0;0;0;0;-412.48;0.1;0.02;0.0;0.0
2020;304;366;beauce_5_sa_009;BTH;;3.22;0.02;9.0;-10.25;0.0;39.07;36.08;0.0;0.0;0;0.0;0;26.99;0.0;0.0;0.02;3.22
2020;1;217;beauce_5_sa_010;BTH;;1.41;1.22;62.52;0.0;62.37;16.85;107.08;0.08;0.0;0;66.77;0;-693.23;0.04;0.04;1.22;1.41
2020;218;261;beauce_5_sa_010;solnu;;0.57;0.0;26.03;-62.18;0.0;107.08;70.23;0.13;0.0;0;0;0;-253.05;0.12;0.01;0.0;0.57
2020;262;366;beauce_5_sa_010;BTH;;4.04;0.0;20.59;-53.93;5.0;64.18;27.85;0.0;0.0;0;2.94;0;11.42;0.0;0.0;0.0;4.04
2020;1;175;beauce_5_sa_011;BTH;;2.77;0.0;39.59;0.0;64.52;43.58;14.32;0.04;0.0;0;52.25;0;-433.44;0.02;0.02;0.0;2.77
2020;176;282;beauce_5_sa_011;solnu;;0.64;0.0;49.91;-38.28;0.0;14.32;25.59;0.05;0.0;0;0;0;-489.56;0.03;0.02;0.0;0.64
2020;283;366;beauce_5_sa_011;BTH;;1.9;0.0;13.62;-25.56;0.0;19.72;15.57;0.0;0.0;0;0.0;0;-115.87;0.0;0.0;0.0;1.9
2020;1;208;beauce_5_sa_012;BTH;;3.55;1.46;51.32;0.0;163.86;64.05;56.93;0.08;0.0;0;98.65;0;-573.13;0.05;0.03;1.46;3.55
2020;209;311;beauce_5_sa_012;solnu;;0.06;0.0;42.14;-67.91;0.0;56.93;31.68;0.09;0.0;0;0;0;-377.01;0.08;0.02;0.0;0.06
2020;312;366;beauce_5_sa_012;BTH;;2.62;0.0;7.3;-8.23;0.0;31.81;29.07;0.0;0.0;0;0.0;0;-17.4;0.0;0.0;0.0;2.62
2020;1;186;beauce_5_sa_013;BTH;;1.42;0.0;47.24;0.0;43.05;17.29;20.02;0.03;0.0;0;55.11;0;-525.42;0.0;0.03;0.0;1.42
2020;187;261;beauce_5_sa_013;solnu;;0.15;0.0;39.47;-60.33;0.0;20.02;6.71;0.01;0.0;0;0;0;-405.9;0.0;0.0;0.0;0.15
2020;262;366;beauce_5_sa_013;BTH;;0.91;0.0;20.51;-13.89;4.02;6.78;8.39;0.01;0.0;0;2.36;0;-23.26;0.0;0.0;0.0;0.91
2020;1;226;beauce_5_sa_014;BTH;;3.22;1.38;62.07;0.0;169.11;48.56;41.49;0.12;0.0;0;110.86;0;-689.17;0.08;0.04;1.38;3.22
2020;227;287;beauce_5_sa_014;solnu;;0.0;0.0;29.36;-47.79;0.0;41.49;25.16;0.03;0.0;0;0;0;-289.14;0.03;0.01;0.0;0.0
2020;288;366;beauce_5_sa_014;BTH;;2.35;0.0;12.2;-14.56;0.0;24.97;22.72;0.0;0.0;0;0.0;0;-38.91;0.0;0.0;0.0;2.35
2020;1;197;beauce_5_sa_015;BTH;;3.34;0.0;49.8;0.0;85.41;59.59;20.59;0.06;0.0;0;59.28;0;-555.2;0.03;0.03;0.0;3.34
2020;198;290;beauce_5_sa_015;solnu;;0.66;0.0;41.91;-48.28;0.0;20.59;15.79;0.02;0.0;0;0;0;-436.79;0.0;0.01;0.0;0.66
2020;291;366;beauce_5_sa_015;BTH;;1.68;0.09;11.65;-20.87;0.96;15.6;14.0;0.0;0.0;0;0.56;0;-64.65;0.0;0.0;0.09;1.68
2020;1;186;beauce_5_sa_016;BTH;;2.51;0.0;45.68;0.0;67.16;40.33;16.3;0.05;0.0;0;56.81;0;-508.43;0.02;0.03;0.0;2.51
2020;187;277;beauce_5_sa_016;solnu;;0.51;0.0;43.67;-21.03;0.0;16.3;38.38;0.04;0.0;0;0;0;-415.59;0.02;0.02;0.0;0.51
2020;278;366;beauce_5_sa_016;BTH;;1.64;0.03;14.82;-44.16;0.0;38.67;14.01;0.0;0.0;0;0.0;0;-146.39;0.0;0.0;0.03;1.64
2020;1;207;beauce_5_sa_017;BTH;;4.34;0.13;51.81;0.0;121.97;89.76;24.96;0.08;0.0;0;73.14;0;-577.96;0.05;0.03;0.13;4.34
2020;208;317;beauce_5_sa_017;solnu;;0.71;0.0;43.41;-50.71;0.0;24.96;22.74;0.02;0.0;0;0;0;-478.19;0.01;0.01;0.0;0.71
2020;318;366;beauce_5_sa_017;BTH;;1.9;0.32;6.43;-17.47;1.66;22.81;33.88;0.01;0.0;0;0.98;0;-37.98;0.01;0.0;0.32;1.9
2020;1;199;beauce_5_sa_018;BTH;;2.59;0.0;51.22;0.0;67.14;40.77;22.21;0.05;0.0;0;55.43;0;-570.76;0.02;0.03;0.0;2.59
2020;200;278;beauce_5_sa_018;solnu;;0.61;0.0;38.81;-53.03;0.0;22.21;11.98;0.02;0.0;0;0;0;-410.37;0.01;0.01;0.0;0.61
2020;279;366;beauce_5_sa_018;BTH;;1.31;0.0;14.53;-15.92;0.0;11.98;10.71;0.0;0.0;0;0.0;0;-52.32;0.0;0.0;0.0;1.31
2020;1;198;beauce_5_sa_019;BTH;;3.64;0.0;49.54;0.0;93.75;65.51;17.61;0.06;0.0;0;56.53;0;-552.05;0.03;0.03;0.0;3.64
2020;199;318;beauce_5_sa_019;solnu;;0.99;0.0;46.42;-48.43;0.0;17.61;19.08;0.03;0.0;0;0;0;-493.98;0.01;0.01;0.0;0.99
2020;319;366;beauce_5_sa_019;BTH;;1.57;0.0;6.34;-9.73;0.0;19.08;17.52;0.0;0.0;0;0.0;0;-66.71;0.0;0.0;0.0;1.57
2020;1;214;beauce_5_sa_020;BTH;;3.6;0.12;54.94;0.0;100.52;64.51;24.24;0.07;0.0;0;61.11;0;-611.45;0.03;0.03;0.12;3.6
2020;215;313;beauce_5_sa_020;solnu;;0.95;0.0;40.49;-47.53;0.0;24.24;20.3;0.03;0.0;0;0;0;-429.75;0.02;0.01;0.0;0.95
2020;314;366;beauce_5_sa_020;BTH;;1.67;0.0;7.02;-9.9;0.0;20.39;18.61;0.0;0.0;0;0.0;0;-72.41;0.0;0.0;0.0;1.67
2020;1;222;beauce_5_sa_021;BTH;;2.71;0.17;61.32;0.0;71.64;42.95;42.79;0.07;0.0;0;56.8;0;-677.49;0.03;0.04;0.17;2.71
2020;223;280;beauce_5_sa_021;solnu;;0.73;0.0;29.27;-58.66;0.0;42.79;13.96;0.04;0.0;0;0;0;-298.36;0.03;0.01;0.0;0.73
2020;281;366;beauce_5_sa_021;BTH;;1.51;0.0;14.04;-15.94;0.0;13.96;12.59;0.0;0.0;0;0.0;0;-53.97;0.0;0.0;0.0;1.51
2020;1;193;beauce_5_sa_022;BTH;;1.74;0.87;49.98;0.0;63.32;26.62;76.43;0.06;0.0;0;61.47;0;-552.29;0.03;0.03;0.87;1.74
2020;194;267;beauce_5_sa_022;solnu;;0.19;0.0;38.09;-102.84;0.0;76.43;11.45;0.04;0.0;0;0;0;-253.49;0.04;0.0;0.0;0.19
2020;268;366;beauce_5_sa_022;BTH;;1.62;0.0;18.68;3.21;11.2;11.46;20.5;0.02;0.0;0;6.59;0;-4.41;0.01;0.01;0.0;1.62
2020;1;181;beauce_5_sa_023;BTH;;3.48;0.02;41.66;0.0;81.04;61.16;18.14;0.06;0.0;0;51.62;0;-462.09;0.03;0.02;0.02;3.48
2020;182;299;beauce_5_sa_023;solnu;;1.31;0.0;50.9;-49.6;0.0;18.14;20.34;0.04;0.0;0;0;0;-516.0;0.02;0.02;0.0;1.31
2020;300;366;beauce_5_sa_023;BTH;;1.68;0.0;9.74;-11.67;0.0;20.45;18.77;0.0;0.0;0;0.0;0;-70.3;0.0;0.0;0.0;1.68
2020;1;207;beauce_5_sa_024;BTH;;2.1;0.0;54.84;0.0;60.19;33.04;25.54;0.05;0.0;0;55.88;0;-611.23;0.01;0.03;0.0;2.1
2020;208;272;beauce_5_sa_024;solnu;;0.19;0.0;34.17;-49.96;0.0;25.54;10.98;0.03;0.0;0;0;0;-336.01;0.02;0.01;0.0;0.19
2020;273;366;beauce_5_sa_024;BTH;;1.46;0.0;16.6;-20.03;0.0;10.5;9.42;0.0;0.0;0;0.0;0;-98.74;0.0;0.0;0.0;1.46
2020;1;179;beauce_5_sa_025;BTH;;2.12;0.54;41.33;0.0;102.73;33.71;11.39;0.05;0.0;0;80.5;0;-458.73;0.02;0.02;0.54;2.12
2020;180;272;beauce_5_sa_025;solnu;;0.01;0.0;45.87;-49.74;0.0;11.39;10.65;0.03;0.0;0;0;0;-459.58;0.01;0.02;0.0;0.01
2020;273;366;beauce_5_sa_025;BTH;;1.44;0.01;16.63;-21.71;0.0;10.32;9.26;0.0;0.0;0;0.0;0;-87.71;0.0;0.0;0.01;1.44
2020;1;214;beauce_5_sa_026;BTH;;1.5;0.0;60.03;0.0;45.48;20.07;33.08;0.04;0.0;0;54.85;0;-667.18;0.01;0.04;0.0;1.5
2020;215;263;beauce_5_sa_026;solnu;;0.22;0.0;28.37;-22.24;0.0;33.08;38.93;0.05;0.0;0;0;0;-276.77;0.04;0.01;0.0;0.22
2020;264;366;beauce_5_sa_026;BTH;;1.43;0.0;19.74;-50.43;0.0;39.33;9.24;0.0;0.0;0;0.0;0;-119.5;0.0;0.0;0.0;1.43
2020;1;209;beauce_5_sa_027;BTH;;3.27;0.0;53.75;0.0;83.5;55.44;22.36;0.06;0.0;0;56.42;0;-599.0;0.03;0.03;0.0;3.27
2020;210;292;beauce_5_sa_027;solnu;;0.95;0.0;38.53;-54.98;0.0;22.36;14.22;0.01;0.0;0;0;0;-438.72;0.0;0.01;0.0;0.95
2020;293;366;beauce_5_sa_027;BTH;;1.32;0.0;11.19;-12.42;0.0;14.22;12.93;0.0;0.0;0;0.0;0;-28.47;0.0;0.0;0.0;1.32
2020;1;224;beauce_5_sa_028;BTH;;2.05;0.41;65.02;0.0;89.7;32.63;36.49;0.09;0.01;0;73.43;0;-724.39;0.05;0.04;0.41;2.05
2020;225;271;beauce_5_sa_028;solnu;;0.26;0.0;25.69;-54.2;0.0;36.49;16.07;0.01;0.0;0;0;0;-305.11;0.01;0.0;0.0;0.26
2020;272;366;beauce_5_sa_028;BTH;;2.15;0.0;16.81;-16.8;0.0;16.03;13.93;0.0;0.0;0;0.0;0;1.51;0.0;0.0;0.0;2.15
2020;1;229;beauce_5_sa_029;BTH;;2.93;0.05;65.24;0.0;79.54;50.92;37.17;0.08;0.0;0;61.22;0;-724.56;0.04;0.04;0.05;2.93
2020;230;281;beauce_5_sa_029;solnu;;0.81;0.0;25.75;-50.86;0.0;37.17;15.68;0.03;0.0;0;0;0;-295.6;0.02;0.0;0.0;0.81
2020;282;366;beauce_5_sa_029;BTH;;1.69;0.1;13.72;-22.53;1.11;15.52;14.27;0.0;0.0;0;0.65;0;-58.06;0.0;0.0;0.1;1.69
2020;1;184;beauce_5_sa_030;BTH;;3.5;0.0;44.23;0.0;82.99;61.75;17.93;0.06;0.0;0;52.41;0;-488.7;0.03;0.03;0.0;3.5
2020;185;300;beauce_5_sa_030;solnu;;1.14;0.0;48.71;-54.34;0.0;17.93;16.76;0.02;0.0;0;0;0;-520.09;0.0;0.01;0.0;1.14
2020;301;366;beauce_5_sa_030;BTH;;1.39;0.0;9.52;-9.71;0.0;16.76;15.39;0.0;0.0;0;0.0;0;-20.89;0.0;0.0;0.0;1.39
2020;1;209;beauce_5_sa_031;BTH;;2.35;0.6;55.27;0.0;111.33;39.32;25.45;0.06;0.0;0;82.26;0;-615.41;0.03;0.03;0.6;2.35
2020;210;276;beauce_5_sa_031;solnu;;0.22;0.0;35.18;-56.58;0.0;25.45;11.92;0.01;0.0;0;0;0;-375.91;0.01;0.0;0.0;0.22
2020;277;366;beauce_5_sa_031;BTH;;1.29;0.0;15.21;-14.57;0.0;12.0;11.27;0.0;0.0;0;0.0;0;8.32;0.0;0.0;0.0;1.29
2020;1;172;beauce_5_sa_032;BTH;;2.06;1.75;37.91;0.0;59.0;31.63;56.56;0.04;0.0;0;56.02;0;-415.12;0.01;0.02;1.75;2.06
2020;173;272;beauce_5_sa_032;solnu;;0.12;0.0;48.96;-20.03;0.0;56.56;166.45;0.12;0.0;0;0;0;-473.59;0.1;0.02;0.0;0.12
2020;273;366;beauce_5_sa_032;BTH;;5.77;0.0;16.77;-81.1;44.5;166.13;51.78;0.07;0.0;0;26.18;0;-42.97;0.06;0.01;0.0;5.77
2020;1;208;beauce_5_sa_033;BTH;;3.95;0.0;52.6;0.0;112.63;62.92;25.89;0.08;0.0;0;69.17;0;-587.14;0.05;0.03;0.0;3.95
2020;209;305;beauce_5_sa_033;solnu;;1.12;0.0;41.38;-20.71;0.0;25.89;45.41;0.04;0.0;0;0;0;-389.32;0.02;0.02;0.0;1.12
2020;306;366;beauce_5_sa_033;BTH;;1.96;0.36;8.5;-35.69;0.0;45.64;21.83;0.0;0.0;0;0.0;0;-137.97;0.0;0.0;0.36;1.96
2020;1;209;beauce_5_sa_034;BTH;;1.61;0.0;57.11;0.0;49.82;23.68;29.32;0.04;0.0;0;55.27;0;-635.8;0.01;0.03;0.0;1.61
2020;210;265;beauce_5_sa_034;solnu;;0.21;0.0;31.53;-54.06;0.0;29.32;10.02;0.04;0.0;0;0;0;-331.77;0.03;0.01;0.0;0.21
2020;266;366;beauce_5_sa_034;BTH;;1.37;0.0;19.11;-20.77;0.0;10.02;8.79;0.0;0.0;0;0.0;0;-62.02;0.0;0.0;0.0;1.37
2020;1;173;beauce_5_sa_035;BTH;;3.46;0.0;37.77;0.0;75.16;60.22;19.32;0.05;0.0;0;48.7;0;-420.51;0.03;0.02;0.0;3.46
2020;174;297;beauce_5_sa_035;solnu;;1.39;0.0;54.66;-57.46;0.0;19.32;18.05;0.03;0.0;0;0;0;-546.67;0.01;0.02;0.0;1.39
2020;298;366;beauce_5_sa_035;BTH;;1.49;0.0;10.2;-10.44;0.0;18.05;16.57;0.0;0.0;0;0.0;0;-26.71;0.0;0.0;0.0;1.49
2020;1;220;beauce_5_sa_036;BTH;;3.09;0.0;59.01;0.0;78.84;50.53;27.56;0.06;0.0;0;56.58;0;-658.46;0.03;0.04;0.0;3.09
2020;221;289;beauce_5_sa_036;solnu;;0.71;0.0;32.86;-21.9;0.0;27.56;37.77;0.03;0.0;0;0;0;-313.77;0.02;0.01;0.0;0.71
2020;290;366;beauce_5_sa_036;BTH;;1.76;0.0;11.82;-38.17;0.0;37.97;15.61;0.0;0.0;0;0.0;0;-147.68;0.0;0.0;0.0;1.76
2020;1;199;beauce_5_sa_037;BTH;;3.65;0.02;49.89;0.0;94.45;65.15;18.06;0.06;0.0;0;57.16;0;-556.28;0.03;0.03;0.02;3.65
2020;200;316;beauce_5_sa_037;solnu;;1.01;0.0;45.94;-21.02;0.0;18.06;41.93;0.04;0.0;0;0;0;-441.22;0.02;0.02;0.0;1.01
2020;317;366;beauce_5_sa_037;BTH;;1.63;0.0;6.56;-31.99;0.0;42.05;18.42;0.0;0.0;0;0.0;0;-108.89;0.0;0.0;0.0;1.63
2020;1;174;beauce_5_sa_038;BTH;;1.38;1.75;39.69;0.0;73.16;16.83;112.96;0.08;0.0;0;73.12;0;-437.76;0.06;0.02;1.75;1.38
2020;175;261;beauce_5_sa_038;solnu;;0.16;0.0;45.88;-107.74;0.0;112.96;50.89;0.05;0.0;0;0;0;-234.68;0.03;0.02;0.0;0.16
2020;262;366;beauce_5_sa_038;BTH;;2.68;0.0;20.95;22.51;61.15;51.67;30.45;0.06;0.0;0;35.98;0;-37.03;0.04;0.03;0.0;2.68
2020;1;220;beauce_5_sa_039;BTH;;3.6;0.42;57.21;0.0;123.37;64.51;26.06;0.07;0.0;0;74.55;0;-638.23;0.04;0.03;0.42;3.6
2020;221;313;beauce_5_sa_039;solnu;;0.59;0.0;37.74;-52.51;0.0;26.06;18.62;0.02;0.0;0;0;0;-432.5;0.01;0.01;0.0;0.59
2020;314;366;beauce_5_sa_039;BTH;;1.54;0.0;7.01;-9.53;0.0;18.62;17.16;0.0;0.0;0;0.0;0;-40.99;0.0;0.0;0.0;1.54
2020;1;209;beauce_5_sa_040;BTH;;3.62;0.12;52.72;0.0;100.61;64.51;21.71;0.06;0.0;0;61.16;0;-587.54;0.03;0.03;0.12;3.62
2020;210;313;beauce_5_sa_040;solnu;;0.76;0.0;42.42;-20.84;0.0;21.71;42.49;0.04;0.0;0;0;0;-403.0;0.02;0.02;0.0;0.76
2020;314;366;beauce_5_sa_040;BTH;;1.66;0.0;7.05;-33.45;0.0;42.71;18.83;0.0;0.0;0;0.0;0;-117.39;0.0;0.0;0.0;1.66
2020;1;170;beauce_5_sa_041;BTH;;1.38;2.26;36.63;0.0;76.9;16.72;144.08;0.14;0.0;0;75.33;0;-405.53;0.12;0.02;2.26;1.38
2020;171;259;beauce_5_sa_041;solnu;;0.41;0.0;47.38;-19.81;0.0;144.08;171.12;0.12;0.0;0;0;0;-449.63;0.1;0.02;0.0;0.41
2020;260;366;beauce_5_sa_041;BTH;;5.6;0.0;21.23;-84.82;53.35;171.46;48.51;0.05;0.0;0;31.39;0;-7.28;0.04;0.01;0.0;5.6
2020;1;179;beauce_5_sa_042;BTH;;2.83;0.59;41.01;0.0;112.58;47.12;15.06;0.06;0.0;0;81.22;0;-455.38;0.03;0.02;0.59;2.83
2020;180;281;beauce_5_sa_042;solnu;;0.45;0.0;47.97;-20.14;0.0;15.06;42.49;0.04;0.0;0;0;0;-455.75;0.02;0.02;0.0;0.45
2020;282;366;beauce_5_sa_042;BTH;;1.83;0.06;13.8;-48.15;0.37;42.73;15.57;0.0;0.0;0;0.22;0;-134.53;0.0;0.0;0.06;1.83
2020;1;214;beauce_5_sa_043;BTH;;3.47;0.0;55.62;0.0;87.67;60.24;24.65;0.06;0.0;0;56.06;0;-618.97;0.03;0.03;0.0;3.47
2020;215;297;beauce_5_sa_043;solnu;;1.17;0.0;37.37;-21.4;0.0;24.65;39.41;0.04;0.0;0;0;0;-356.39;0.02;0.01;0.0;1.17
2020;298;366;beauce_5_sa_043;BTH;;1.61;0.0;10.16;-37.39;0.0;39.69;17.84;0.0;0.0;0;0.0;0;-151.52;0.0;0.0;0.0;1.61
2020;1;188;beauce_5_sa_044;BTH;;3.57;1.23;45.23;0.0;131.97;63.32;63.8;0.08;0.0;0;80.31;0;-503.38;0.05;0.03;1.23;3.57
2020;189;307;beauce_5_sa_044;solnu;;0.56;0.0;47.42;-88.52;0.0;63.8;22.23;0.06;0.0;0;0;0;-369.62;0.05;0.01;0.0;0.56
2020;308;366;beauce_5_sa_044;BTH;;1.83;0.0;8.2;-8.23;0.0;22.16;20.38;0.0;0.0;0;0.0;0;15.41;0.0;0.0;0.0;1.83
2020;1;225;beauce_5_sa_045;BTH;;3.92;0.62;60.72;0.0;122.98;62.21;42.32;0.09;0.0;0;75.67;0;-676.16;0.05;0.04;0.62;3.92
2020;226;301;beauce_5_sa_045;solnu;;1.22;0.0;32.78;-58.43;0.0;42.32;20.65;0.03;0.0;0;0;0;-355.76;0.02;0.01;0.0;1.22
2020;302;366;beauce_5_sa_045;BTH;;1.71;0.0;9.31;-9.94;0.0;20.65;19.09;0.0;0.0;0;0.0;0;-13.56;0.0;0.0;0.0;1.71
2020;1;220;beauce_5_sa_046;BTH;;2.7;0.36;59.79;0.0;95.99;42.4;30.47;0.06;0.0;0;71.46;0;-667.02;0.03;0.04;0.36;2.7
2020;221;281;beauce_5_sa_046;solnu;;0.66;0.0;30.95;-21.68;0.0;30.47;39.03;0.04;0.0;0;0;0;-293.29;0.03;0.01;0.0;0.66
2020;282;366;beauce_5_sa_046;BTH;;1.72;0.0;13.74;-43.61;0.0;39.25;14.54;0.0;0.0;0;0.0;0;-157.33;0.0;0.0;0.0;1.72
2020;1;229;beauce_5_sa_047;BTH;;3.24;0.0;64.21;0.0;82.08;55.4;34.21;0.07;0.0;0;56.26;0;-713.01;0.03;0.04;0.0;3.24
2020;230;291;beauce_5_sa_047;solnu;;0.83;0.0;27.95;-22.18;0.0;34.21;39.12;0.04;0.0;0;0;0;-272.27;0.03;0.01;0.0;0.83
2020;292;366;beauce_5_sa_047;BTH;;2.03;0.01;11.48;-37.62;0.0;39.21;18.09;0.01;0.0;0;0.0;0;-148.31;0.01;0.0;0.01;2.03
2020;1;183;beauce_5_sa_048;BTH;;4.02;0.15;43.5;0.0;98.6;82.14;32.61;0.07;0.0;0;61.95;0;-472.65;0.04;0.03;0.15;4.02
2020;184;299;beauce_5_sa_048;solnu;;1.29;0.0;49.07;-62.55;0.0;32.61;21.59;0.03;0.0;0;0;0;-490.35;0.02;0.02;0.0;1.29
2020;300;366;beauce_5_sa_048;BTH;;1.86;0.28;9.76;-14.74;2.18;21.59;33.78;0.01;0.0;0;1.28;0;-10.73;0.01;0.0;0.28;1.86
2020;1;209;beauce_5_sa_049;BTH;;2.7;0.17;54.58;0.0;82.1;42.6;24.86;0.05;0.0;0;63.16;0;-608.06;0.02;0.03;0.17;2.7
2020;210;280;beauce_5_sa_049;solnu;;0.65;0.0;36.04;-53.78;0.0;24.86;12.39;0.02;0.0;0;0;0;-398.25;0.01;0.01;0.0;0.65
2020;281;366;beauce_5_sa_049;BTH;;1.34;0.0;14.02;-14.3;0.0;12.59;11.09;0.0;0.0;0;0.0;0;-28.5;0.0;0.0;0.0;1.34
2020;1;198;beauce_5_sa_050;BTH;;2.6;0.37;50.73;0.0;95.53;41.14;21.71;0.06;0.0;0;71.96;0;-564.77;0.03;0.03;0.37;2.6
2020;199;278;beauce_5_sa_050;solnu;;0.23;0.0;39.21;-61.19;0.0;21.71;12.49;0.01;0.0;0;0;0;-429.7;0.01;0.0;0.0;0.23
2020;279;366;beauce_5_sa_050;BTH;;1.35;0.0;14.53;-14.29;0.0;12.53;11.38;0.0;0.0;0;0.0;0;15.07;0.0;0.0;0.0;1.35
2020;1;181;beauce_5_sa_051;BTH;;2.23;0.06;42.29;0.0;66.28;34.13;12.61;0.04;0.0;0;58.84;0;-468.65;0.01;0.03;0.06;2.23
2020;182;274;beauce_5_sa_051;solnu;;0.44;0.0;45.93;-21.03;0.0;12.61;37.02;0.04;0.0;0;0;0;-441.19;0.02;0.02;0.0;0.44
2020;275;366;beauce_5_sa_051;BTH;;1.51;0.0;15.8;-43.16;0.0;37.36;12.56;0.0;0.0;0;0.0;0;-152.1;0.0;0.0;0.0;1.51
2020;1;178;beauce_5_sa_052;BTH;;1.35;0.85;42.08;0.0;104.34;16.6;16.37;0.08;0.0;0;91.55;0;-466.75;0.05;0.03;0.85;1.35
2020;179;260;beauce_5_sa_052;solnu;;0.04;0.0;44.26;-19.6;0.0;16.37;40.94;0.04;0.0;0;0;0;-414.73;0.03;0.02;0.0;0.04
2020;261;366;beauce_5_sa_052;BTH;;1.3;0.0;20.73;-55.14;0.0;41.26;8.36;0.0;0.0;0;0.0;0;-83.48;0.0;0.0;0.0;1.3
2020;1;209;beauce_5_sa_053;BTH;;3.53;1.27;52.94;0.0;132.38;63.04;75.21;0.08;0.0;0;80.72;0;-589.99;0.05;0.03;1.27;3.53
2020;210;306;beauce_5_sa_053;solnu;;1.23;0.0;41.38;-94.33;0.0;75.21;20.96;0.07;0.0;0;0;0;-292.08;0.06;0.01;0.0;1.23
2020;307;366;beauce_5_sa_053;BTH;;1.73;0.0;8.39;-8.22;0.0;20.96;19.4;0.0;0.0;0;0.0;0;17.69;0.0;0.0;0.0;1.73
2020;1;172;beauce_5_sa_054;BTH;;3.48;0.06;37.37;0.0;78.9;62.29;19.87;0.05;0.0;0;49.73;0;-409.31;0.03;0.02;0.06;3.48
2020;173;301;beauce_5_sa_054;solnu;;1.46;0.0;55.85;-59.1;0.0;19.87;19.06;0.03;0.0;0;0;0;-563.4;0.01;0.02;0.0;1.46
2020;302;366;beauce_5_sa_054;BTH;;1.56;0.0;9.35;-9.59;0.0;18.91;17.35;0.0;0.0;0;0.0;0;-19.63;0.0;0.0;0.0;1.56
2020;1;188;beauce_5_sa_055;BTH;;5.15;0.03;44.63;0.0;148.84;137.36;29.01;0.1;0.0;0;91.78;0;-496.93;0.08;0.03;0.03;5.15
2020;189;298;beauce_5_sa_055;solnu;;0.0;0.0;44.39;-20.32;0.0;29.01;53.44;0.04;0.0;0;0;0;-419.61;0.02;0.02;0.0;0.0
2020;299;366;beauce_5_sa_055;BTH;;2.51;1.02;9.96;-44.41;1.01;53.68;98.76;0.02;0.0;0;0.59;0;-145.08;0.02;0.0;1.02;2.51
2020;1;210;beauce_5_sa_056;BTH;;2.32;0.72;55.69;0.0;116.58;37.74;28.14;0.08;0.0;0;86.3;0;-620.59;0.04;0.03;0.72;2.32
2020;211;275;beauce_5_sa_056;solnu;;0.04;0.0;34.52;-49.97;0.0;28.14;13.76;0.03;0.0;0;0;0;-326.05;0.02;0.01;0.0;0.04
2020;276;366;beauce_5_sa_056;BTH;;1.49;0.0;15.47;-20.45;0.0;13.76;12.33;0.0;0.0;0;0.0;0;-105.8;0.0;0.0;0.0;1.49
2020;1;207;beauce_5_sa_057;BTH;;2.69;0.56;53.31;0.0;115.66;45.24;22.18;0.06;0.0;0;81.36;0;-594.27;0.03;0.03;0.56;2.69
2020;208;284;beauce_5_sa_057;solnu;;0.02;0.0;37.58;-20.69;0.0;22.18;39.02;0.03;0.0;0;0;0;-350.81;0.02;0.01;0.0;0.02
2020;285;366;beauce_5_sa_057;BTH;;1.71;0.0;12.9;-42.44;0.0;39.44;14.85;0.0;0.0;0;0.0;0;-175.37;0.0;0.0;0.0;1.71
2020;1;211;beauce_5_sa_058;BTH;;3.6;0.31;53.94;0.0;113.89;63.51;23.08;0.07;0.0;0;69.56;0;-600.78;0.04;0.03;0.31;3.6
2020;212;308;beauce_5_sa_058;solnu;;1.11;0.0;40.99;-20.57;0.0;23.08;42.35;0.04;0.0;0;0;0;-385.7;0.02;0.02;0.0;1.11
2020;309;366;beauce_5_sa_058;BTH;;1.65;0.0;7.89;-35.9;0.0;42.43;18.57;0.0;0.0;0;0.0;0;-140.69;0.0;0.0;0.0;1.65
2020;1;225;beauce_5_sa_059;BTH;;2.54;1.06;63.04;0.0;97.17;40.27;82.93;0.1;0.0;0;73.37;0;-702.14;0.06;0.04;1.06;2.54
2020;226;277;beauce_5_sa_059;solnu;;1.04;0.0;27.5;-89.35;0.0;82.93;20.07;0.06;0.0;0;0;0;-192.01;0.06;0.0;0.0;1.04
2020;278;366;beauce_5_sa_059;BTH;;2.19;0.0;14.94;-14.77;0.0;20.05;18.04;0.0;0.0;0;0.0;0;10.12;0.0;0.0;0.0;2.19
2020;1;228;beauce_5_sa_060;BTH;;2.12;0.06;65.97;0.0;65.1;33.88;36.7;0.07;0.0;0;58.25;0;-733.65;0.03;0.04;0.06;2.12
2020;229;272;beauce_5_sa_060;solnu;;0.31;0.0;23.66;-53.15;0.0;36.7;13.66;0.02;0.0;0;0;0;-283.85;0.02;0.0;0.0;0.31
2020;273;366;beauce_5_sa_060;BTH;;1.81;0.0;16.55;-17.6;0.0;13.05;11.76;0.0;0.0;0;0.0;0;-32.8;0.0;0.0;0.0;1.81
2020;1;180;beauce_5_sa_061;BTH;;1.99;0.15;41.96;0.0;70.33;32.07;12.62;0.04;0.0;0;62.43;0;-465.27;0.02;0.03;0.15;1.99
2020;181;271;beauce_5_sa_061;solnu;;0.01;0.0;45.51;-52.58;0.0;12.62;9.79;0.01;0.0;0;0;0;-475.36;0.0;0.01;0.0;0.01
2020;272;366;beauce_5_sa_061;BTH;;1.3;0.0;16.93;-13.92;1.2;9.68;10.28;0.0;0.0;0;0.71;0;-18.48;0.0;0.0;0.0;1.3
2020;1;223;beauce_5_sa_062;BTH;;4.37;1.56;58.98;0.0;138.78;64.05;96.52;0.1;0.0;0;83.89;0;-656.43;0.07;0.04;1.56;4.37
2020;224;311;beauce_5_sa_062;solnu;;0.95;0.0;35.69;-88.14;0.0;96.52;43.0;0.12;0.0;0;0;0;-307.59;0.11;0.01;0.0;0.95
2020;312;366;beauce_5_sa_062;BTH;;3.55;0.0;7.3;-7.42;0.0;42.93;39.34;0.0;0.0;0;0.0;0;6.98;0.0;0.0;0.0;3.55
2020;1;204;beauce_5_sa_063;BTH;;3.63;0.69;49.55;0.0;143.46;67.25;21.63;0.08;0.0;0;87.32;0;-552.2;0.05;0.03;0.69;3.63
2020;205;304;beauce_5_sa_063;solnu;;0.0;0.0;41.42;-20.47;0.0;21.63;42.54;0.03;0.0;0;0;0;-388.67;0.02;0.02;0.0;0.0
2020;305;366;beauce_5_sa_063;BTH;;1.59;0.06;8.72;-36.9;0.0;42.77;20.83;0.0;0.0;0;0.0;0;-126.82;0.0;0.0;0.06;1.59
2020;1;225;beauce_5_sa_064;BTH;;3.26;0.23;61.28;0.0;102.5;58.46;30.88;0.07;0.0;0;65.83;0;-682.46;0.04;0.04;0.23;3.26
2020;226;294;beauce_5_sa_064;solnu;;0.94;0.0;31.27;-51.6;0.0;30.88;15.96;0.02;0.0;0;0;0;-366.33;0.01;0.01;0.0;0.94
2020;295;366;beauce_5_sa_064;BTH;;1.32;0.0;10.76;-13.1;0.0;15.96;14.78;0.0;0.0;0;0.0;0;-57.03;0.0;0.0;0.0;1.32
2020;1;182;beauce_5_sa_065;BTH;;3.28;0.0;42.27;0.0;77.74;55.45;16.64;0.05;0.0;0;53.04;0;-468.91;0.03;0.03;0.0;3.28
2020;183;292;beauce_5_sa_065;solnu;;1.02;0.0;49.16;-47.07;0.0;16.64;18.55;0.04;0.0;0;0;0;-479.18;0.02;0.02;0.0;1.02
2020;293;366;beauce_5_sa_065;BTH;;1.72;0.0;11.24;-15.3;0.0;18.55;16.93;0.0;0.0;0;0.0;0;-110.88;0.0;0.0;0.0;1.72
2020;1;223;beauce_5_sa_066;BTH;;1.54;0.16;65.9;0.0;55.33;17.59;38.48;0.08;0.01;0;62.11;0;-733.92;0.04;0.04;0.16;1.54
2020;224;262;beauce_5_sa_066;solnu;;0.31;0.0;22.87;-51.12;0.0;38.48;14.12;0.03;0.0;0;0;0;-254.08;0.03;0.0;0.0;0.31
2020;263;366;beauce_5_sa_066;BTH;;1.94;0.0;20.07;-22.23;0.0;14.12;12.23;0.0;0.0;0;0.0;0;-69.67;0.0;0.0;0.0;1.94
2020;1;227;beauce_5_sa_067;BTH;;1.62;0.31;68.07;0.0;73.65;27.56;43.74;0.1;0.01;0;69.72;0;-753.89;0.05;0.04;0.31;1.62
2020;228;264;beauce_5_sa_067;solnu;;0.37;0.0;21.27;-54.61;0.0;43.74;14.6;0.02;0.0;0;0;0;-241.19;0.01;0.0;0.0;0.37
2020;265;366;beauce_5_sa_067;BTH;;2.0;0.06;19.44;-19.69;3.01;14.6;13.98;0.0;0.0;0;1.77;0;-15.23;0.0;0.0;0.06;2.0
2020;1;194;beauce_5_sa_068;BTH;;1.93;0.59;50.05;0.0;72.63;29.82;49.07;0.05;0.0;0;65.08;0;-556.21;0.02;0.03;0.59;1.93
2020;195;270;beauce_5_sa_068;solnu;;0.14;0.0;38.42;-74.36;0.0;49.07;13.48;0.06;0.0;0;0;0;-348.81;0.05;0.01;0.0;0.14
2020;271;366;beauce_5_sa_068;BTH;;1.77;0.0;17.47;-17.78;0.0;13.12;11.55;0.0;0.0;0;0.0;0;-13.4;0.0;0.0;0.0;1.77
2020;1;197;beauce_5_sa_069;BTH;;1.95;0.0;51.35;0.0;57.71;30.29;21.94;0.04;0.0;0;56.0;0;-572.08;0.01;0.03;0.0;1.95
2020;198;270;beauce_5_sa_069;solnu;;0.16;0.0;37.13;-56.64;0.0;21.94;10.25;0.02;0.0;0;0;0;-409.31;0.01;0.01;0.0;0.16
2020;271;366;beauce_5_sa_069;BTH;;1.33;0.0;17.33;-17.97;0.0;9.95;8.68;0.0;0.0;0;0.0;0;-26.16;0.0;0.0;0.0;1.33
2020;1;202;beauce_5_sa_070;BTH;;4.54;0.04;49.53;0.0;148.33;129.8;29.22;0.1;0.0;0;91.75;0;-553.13;0.07;0.03;0.04;4.54
2020;203;297;beauce_5_sa_070;solnu;;0.0;0.0;40.85;-20.3;0.0;29.22;49.74;0.04;0.0;0;0;0;-380.34;0.02;0.02;0.0;0.0
2020;298;366;beauce_5_sa_070;BTH;;2.43;0.93;10.19;-40.85;0.72;50.02;91.23;0.01;0.0;0;0.42;0;-142.94;0.01;0.0;0.93;2.43
2020;1;182;beauce_5_sa_071;BTH;;3.66;0.84;41.52;0.0;144.55;65.0;19.43;0.07;0.0;0;86.72;0;-461.35;0.05;0.02;0.84;3.66
2020;183;315;beauce_5_sa_071;solnu;;0.0;0.0;49.89;-19.7;0.0;19.43;49.96;0.05;0.0;0;0;0;-472.2;0.03;0.02;0.0;0.0
2020;316;366;beauce_5_sa_071;BTH;;1.99;0.0;6.72;-37.57;0.0;50.11;22.33;0.0;0.0;0;0.0;0;-104.44;0.0;0.0;0.0;1.99
2020;1;193;beauce_5_sa_072;BTH;;3.48;0.14;47.7;0.0;97.61;61.16;16.77;0.06;0.0;0;61.37;0;-528.08;0.03;0.03;0.14;3.48
2020;194;299;beauce_5_sa_072;solnu;;0.92;0.0;44.79;-42.47;0.0;16.77;18.86;0.03;0.0;0;0;0;-434.41;0.01;0.02;0.0;0.92
2020;300;366;beauce_5_sa_072;BTH;;1.56;0.0;9.72;-16.63;0.0;18.8;17.27;0.0;0.0;0;0.0;0;-143.08;0.0;0.0;0.0;1.56
2020;1;186;beauce_5_sa_073;BTH;;2.71;0.33;45.53;0.0;93.13;42.55;16.76;0.05;0.0;0;69.71;0;-506.84;0.03;0.03;0.33;2.71
2020;187;280;beauce_5_sa_073;solnu;;0.6;0.0;44.38;-60.55;0.0;16.76;11.96;0.01;0.0;0;0;0;-461.96;0.0;0.01;0.0;0.6
2020;281;366;beauce_5_sa_073;BTH;;1.28;0.0;14.06;-11.94;0.61;12.04;12.19;0.0;0.0;0;0.36;0;11.94;0.0;0.0;0.0;1.28
2020;1;204;beauce_5_sa_074;BTH;;1.67;1.28;54.76;0.0;100.04;25.34;74.02;0.08;0.0;0;83.91;0;-609.16;0.05;0.03;1.28;1.67
2020;205;266;beauce_5_sa_074;solnu;;0.22;0.0;33.84;-91.5;0.0;74.02;16.07;0.06;0.0;0;0;0;-225.17;0.06;0.0;0.0;0.22
2020;267;366;beauce_5_sa_074;BTH;;2.18;0.0;19.02;-11.61;3.49;16.07;17.8;0.01;0.0;0;2.06;0;31.76;0.0;0.0;0.0;2.18
2020;1;185;beauce_5_sa_075;BTH;;3.65;0.08;44.56;0.0;89.99;62.57;19.26;0.06;0.0;0;56.05;0;-495.99;0.03;0.03;0.08;3.65
2020;186;303;beauce_5_sa_075;solnu;;1.14;0.0;48.87;-20.76;0.0;19.26;46.19;0.04;0.0;0;0;0;-470.6;0.02;0.02;0.0;1.14
2020;304;366;beauce_5_sa_075;BTH;;1.86;0.0;8.89;-36.81;0.0;46.4;20.7;0.0;0.0;0;0.0;0;-122.06;0.0;0.0;0.0;1.86
2020;1;212;beauce_5_sa_076;BTH;;2.94;0.62;55.47;0.0;96.03;48.04;50.56;0.07;0.0;0;68.97;0;-616.56;0.03;0.03;0.62;2.94
2020;213;285;beauce_5_sa_076;solnu;;0.77;0.0;36.05;-63.55;0.0;50.56;22.21;0.08;0.0;0;0;0;-336.91;0.07;0.01;0.0;0.77
2020;286;366;beauce_5_sa_076;BTH;;2.39;0.02;12.6;-15.64;0.0;22.32;19.73;0.0;0.0;0;0.0;0;-46.76;0.0;0.0;0.02;2.39
2020;1;222;beauce_5_sa_077;BTH;;1.94;0.0;63.14;0.0;56.74;29.87;34.27;0.07;0.0;0;55.67;0;-697.9;0.03;0.04;0.0;1.94
2020;223;270;beauce_5_sa_077;solnu;;0.21;0.0;25.93;-55.76;0.0;34.27;8.84;0.0;0.0;0;0;0;-275.71;0.0;0.0;0.0;0.21
2020;271;366;beauce_5_sa_077;BTH;;1.18;0.0;17.33;-16.33;0.0;8.98;8.66;0.0;0.0;0;0.0;0;-17.07;0.0;0.0;0.0;1.18
2020;1;211;beauce_5_sa_078;BTH;;3.57;0.41;53.65;0.0;122.62;64.51;22.69;0.07;0.0;0;74.11;0;-597.59;0.04;0.03;0.41;3.57
2020;212;313;beauce_5_sa_078;solnu;;0.99;0.0;41.81;-53.38;0.0;22.69;18.37;0.02;0.0;0;0;0;-476.09;0.01;0.01;0.0;0.99
2020;314;366;beauce_5_sa_078;BTH;;1.51;0.0;7.01;-7.92;0.0;18.35;16.95;0.0;0.0;0;0.0;0;-23.3;0.0;0.0;0.0;1.51
2020;1;228;beauce_5_sa_079;BTH;;2.61;0.0;64.89;0.0;67.83;41.58;35.96;0.07;0.0;0;55.33;0;-721.64;0.03;0.04;0.0;2.61
2020;229;278;beauce_5_sa_079;solnu;;0.8;0.0;25.77;-52.82;0.0;35.96;13.84;0.02;0.0;0;0;0;-297.26;0.02;0.0;0.0;0.8
2020;279;366;beauce_5_sa_079;BTH;;1.51;0.0;14.5;-14.34;0.0;14.13;12.49;0.0;0.0;0;0.0;0;-17.12;0.0;0.0;0.0;1.51
2020;1;221;beauce_5_sa_080;BTH;;1.73;0.0;63.07;0.0;52.69;26.21;34.81;0.05;0.0;0;55.51;0;-700.94;0.01;0.04;0.0;1.73
2020;222;267;beauce_5_sa_080;solnu;;0.26;0.0;25.84;-57.6;0.0;34.81;10.57;0.02;0.0;0;0;0;-267.34;0.02;0.0;0.0;0.26
2020;268;366;beauce_5_sa_080;BTH;;1.42;0.0;18.33;-15.75;1.04;10.63;10.7;0.0;0.0;0;0.61;0;-15.82;0.0;0.0;0.0;1.42
2020;1;196;beauce_5_sa_081;BTH;;4.09;0.0;49.1;0.0;104.0;82.01;22.95;0.07;0.0;0;65.67;0;-545.97;0.04;0.03;0.0;4.09
2020;197;297;beauce_5_sa_081;solnu;;1.2;0.0;43.44;-54.42;0.0;22.95;19.18;0.01;0.0;0;0;0;-485.59;0.0;0.01;0.0;1.2
2020;298;366;beauce_5_sa_081;BTH;;1.75;0.29;10.15;-20.93;4.02;19.04;25.66;0.01;0.0;0;2.36;0;-30.74;0.01;0.0;0.29;1.75
2020;1;227;beauce_5_sa_082;BTH;;2.65;0.02;64.04;0.0;68.56;41.41;35.35;0.07;0.0;0;55.9;0;-708.91;0.03;0.04;0.02;2.65
2020;228;280;beauce_5_sa_082;solnu;;0.75;0.0;26.6;-22.21;0.0;35.35;38.95;0.04;0.0;0;0;0;-262.97;0.04;0.01;0.0;0.75
2020;281;366;beauce_5_sa_082;BTH;;1.82;0.0;14.0;-41.96;0.0;39.22;15.31;0.0;0.0;0;0.0;0;-150.91;0.0;0.0;0.0;1.82
2020;1;210;beauce_5_sa_083;BTH;;2.33;0.0;55.44;0.0;62.79;36.1;26.38;0.05;0.0;0;55.62;0;-618.09;0.02;0.03;0.0;2.33
2020;211;275;beauce_5_sa_083;solnu;;0.55;0.0;34.18;-21.86;0.0;26.38;38.1;0.04;0.0;0;0;0;-326.59;0.03;0.01;0.0;0.55
2020;276;366;beauce_5_sa_083;BTH;;1.62;0.0;15.48;-43.16;0.0;38.39;13.37;0.0;0.0;0;0.0;0;-134.96;0.0;0.0;0.0;1.62
2020;1;176;beauce_5_sa_084;BTH;;1.73;0.0;40.46;0.0;52.69;26.22;12.21;0.03;0.0;0;55.47;0;-450.93;0.01;0.02;0.0;1.73
2020;177;267;beauce_5_sa_084;solnu;;0.08;0.0;45.91;-50.85;0.0;12.21;9.14;0.03;0.0;0;0;0;-458.76;0.02;0.01;0.0;0.08
2020;268;366;beauce_5_sa_084;BTH;;1.24;0.0;18.45;-20.46;0.0;9.27;7.93;0.0;0.0;0;0.0;0;-81.41;0.0;0.0;0.0;1.24
2020;1;215;beauce_5_sa_085;BTH;;5.23;0.97;52.53;0.0;206.68;122.59;36.0;0.13;0.0;0;125.82;0;-583.02;0.1;0.03;0.97;5.23
2020;216;298;beauce_5_sa_085;solnu;;0.0;0.0;37.16;-44.11;0.0;36.0;30.55;0.03;0.0;0;0;0;-345.21;0.02;0.01;0.0;0.0
2020;299;366;beauce_5_sa_085;BTH;;1.53;0.83;9.99;-21.84;2.18;30.83;79.09;0.03;0.0;0;1.28;0;-40.45;0.03;0.0;0.83;1.53
2020;1;178;beauce_5_sa_086;BTH;;3.1;1.61;40.21;0.0;150.8;50.64;56.06;0.11;0.0;0;98.86;0;-447.29;0.08;0.02;1.61;3.1
2020;179;289;beauce_5_sa_086;solnu;;0.0;0.0;47.55;-81.21;0.0;56.06;22.47;0.07;0.0;0;0;0;-407.06;0.05;0.02;0.0;0.0
2020;290;366;beauce_5_sa_086;BTH;;1.85;0.0;12.0;-12.0;0.0;22.49;20.61;0.0;0.0;0;0.0;0;23.16;0.0;0.0;0.0;1.85
2020;1;207;beauce_5_sa_087;BTH;;2.06;0.47;55.0;0.0;90.22;31.63;29.83;0.05;0.0;0;74.4;0;-612.83;0.02;0.03;0.47;2.06
2020;208;272;beauce_5_sa_087;solnu;;0.01;0.0;34.23;-21.35;0.0;29.83;42.67;0.04;0.0;0;0;0;-323.77;0.03;0.01;0.0;0.01
2020;273;366;beauce_5_sa_087;BTH;;1.98;0.0;16.6;-48.42;0.0;42.72;13.83;0.01;0.0;0;0.0;0;-135.64;0.01;0.0;0.0;1.98
2020;1;214;beauce_5_sa_088;BTH;;3.28;0.35;55.32;0.0;109.4;55.45;24.36;0.07;0.0;0;71.67;0;-615.39;0.04;0.03;0.35;3.28
2020;215;292;beauce_5_sa_088;solnu;;0.33;0.0;36.47;-46.92;0.0;24.36;17.5;0.02;0.0;0;0;0;-383.58;0.01;0.01;0.0;0.33
2020;293;366;beauce_5_sa_088;BTH;;1.62;0.0;11.2;-15.73;0.0;17.5;15.94;0.0;0.0;0;0.0;0;-96.38;0.0;0.0;0.0;1.62
2020;1;181;beauce_5_sa_089;BTH;;3.7;1.15;40.7;0.0;165.9;65.51;22.35;0.09;0.0;0;98.99;0;-452.16;0.07;0.02;1.15;3.7
2020;182;318;beauce_5_sa_089;solnu;;0.0;0.0;50.61;-54.5;0.0;22.35;24.5;0.03;0.0;0;0;0;-519.66;0.02;0.02;0.0;0.0
2020;319;366;beauce_5_sa_089;BTH;;1.89;0.0;6.37;-6.98;0.0;24.5;22.65;0.0;0.0;0;0.0;0;-11.37;0.0;0.0;0.0;1.89
2020;1;211;beauce_5_sa_090;BTH;;1.89;0.0;56.96;0.0;56.62;29.85;28.25;0.05;0.0;0;55.62;0;-633.93;0.01;0.03;0.0;1.89
2020;212;269;beauce_5_sa_090;solnu;;0.19;0.0;31.96;-53.77;0.0;28.25;11.03;0.02;0.0;0;0;0;-347.6;0.02;0.0;0.0;0.19
2020;270;366;beauce_5_sa_090;BTH;;1.43;0.0;17.72;-17.69;0.0;10.76;9.62;0.0;0.0;0;0.0;0;-42.97;0.0;0.0;0.0;1.43
2020;1;196;beauce_5_sa_091;BTH;;1.58;0.23;51.85;0.0;49.95;22.22;39.96;0.04;0.0;0;56.22;0;-575.59;0.01;0.03;0.23;1.58
2020;197;265;beauce_5_sa_091;solnu;;0.17;0.0;36.04;-21.68;0.0;39.96;54.1;0.06;0.0;0;0;0;-345.86;0.05;0.01;0.0;0.17
2020;266;366;beauce_5_sa_091;BTH;;1.56;0.0;19.06;-60.84;1.5;54.46;10.22;0.0;0.0;0;0.88;0;-84.45;0.0;0.0;0.0;1.56
2020;1;186;beauce_5_sa_092;BTH;;3.08;0.08;45.2;0.0;91.06;59.14;16.06;0.06;0.0;0;64.98;0;-503.26;0.03;0.03;0.08;3.08
2020;187;287;beauce_5_sa_092;solnu;;0.49;0.0;45.7;-45.09;0.0;16.06;17.8;0.03;0.0;0;0;0;-455.44;0.02;0.02;0.0;0.49
2020;288;366;beauce_5_sa_092;BTH;;1.92;0.14;12.18;-19.43;0.54;17.8;23.78;0.0;0.0;0;0.32;0;-118.41;0.0;0.0;0.14;1.92
2020;1;208;beauce_5_sa_093;BTH;;1.87;0.0;55.7;0.0;55.92;28.59;26.45;0.04;0.0;0;55.96;0;-621.33;0.01;0.03;0.0;1.87
2020;209;269;beauce_5_sa_093;solnu;;0.18;0.0;32.96;-51.95;0.0;26.45;9.94;0.02;0.0;0;0;0;-353.46;0.01;0.0;0.0;0.18
2020;270;366;beauce_5_sa_093;BTH;;1.32;0.0;17.71;-16.44;0.0;9.97;9.89;0.0;0.0;0;0.0;0;-43.81;0.0;0.0;0.0;1.32
2020;1;205;beauce_5_sa_094;BTH;;3.65;0.0;51.74;0.0;93.2;65.15;19.97;0.06;0.0;0;56.42;0;-576.13;0.03;0.03;0.0;3.65
2020;206;316;beauce_5_sa_094;solnu;;1.02;0.0;44.2;-50.26;0.0;19.97;18.65;0.03;0.0;0;0;0;-471.87;0.01;0.01;0.0;1.02
2020;317;366;beauce_5_sa_094;BTH;;1.54;0.0;6.53;-9.65;0.0;18.65;17.32;0.0;0.0;0;0.0;0;-64.14;0.0;0.0;0.0;1.54
2020;1;220;beauce_5_sa_095;BTH;;2.72;0.09;59.8;0.0;76.98;43.44;30.09;0.06;0.0;0;59.63;0;-667.07;0.02;0.04;0.09;2.72
2020;221;281;beauce_5_sa_095;solnu;;0.68;0.0;31.1;-54.6;0.0;30.09;13.04;0.02;0.0;0;0;0;-351.43;0.02;0.0;0.0;0.68
2020;282;366;beauce_5_sa_095;BTH;;1.39;0.0;13.73;-13.57;0.0;13.02;11.82;0.0;0.0;0;0.0;0;-13.62;0.0;0.0;0.0;1.39
2020;1;188;beauce_5_sa_096;BTH;;5.24;1.37;44.19;0.0;170.9;62.92;33.07;0.12;0.0;0;103.46;0;-492.21;0.09;0.03;1.37;5.24
2020;189;305;beauce_5_sa_096;solnu;;0.0;0.0;45.01;-19.63;0.0;33.07;58.41;0.04;0.0;0;0;0;-420.14;0.02;0.02;0.0;0.0
2020;306;366;beauce_5_sa_096;BTH;;2.22;0.0;8.54;-35.38;0.0;58.65;34.72;0.0;0.0;0;0.0;0;-122.33;0.0;0.0;0.0;2.22
2020;1;211;beauce_5_sa_097;BTH;;2.84;0.0;55.21;0.0;73.36;45.95;24.91;0.06;0.0;0;57.06;0;-614.74;0.02;0.03;0.0;2.84
2020;212;282;beauce_5_sa_097;solnu;;0.68;0.0;35.7;-56.04;0.0;24.91;12.98;0.01;0.0;0;0;0;-405.78;0.01;0.0;0.0;0.68
2020;283;366;beauce_5_sa_097;BTH;;1.38;0.02;13.53;-14.25;0.26;12.99;12.39;0.0;0.0;0;0.15;0;-10.17;0.0;0.0;0.02;1.38
2020;1;183;beauce_5_sa_098;BTH;;2.61;0.0;44.1;0.0;68.42;40.73;13.75;0.05;0.0;0;56.22;0;-478.19;0.02;0.03;0.0;2.61
2020;184;279;beauce_5_sa_098;solnu;;0.54;0.0;45.52;-21.23;0.0;13.75;37.45;0.04;0.0;0;0;0;-450.31;0.02;0.02;0.0;0.54
2020;280;366;beauce_5_sa_098;BTH;;1.61;0.0;14.21;-41.24;0.0;37.63;13.37;0.0;0.0;0;0.0;0;-142.42;0.0;0.0;0.0;1.61
2020;1;174;beauce_5_sa_099;BTH;;1.7;1.37;39.14;0.0;60.98;24.63;103.86;0.05;0.0;0;61.3;0;-431.95;0.03;0.02;1.37;1.7
2020;175;267;beauce_5_sa_099;solnu;;0.11;0.0;46.8;-20.24;0.0;103.86;130.2;0.11;0.0;0;0;0;-447.93;0.09;0.02;0.0;0.11
2020;268;366;beauce_5_sa_099;BTH;;3.71;0.0;18.47;-83.69;28.67;130.44;32.55;0.04;0.0;0;16.87;0;-50.8;0.03;0.01;0.0;3.71
2021;1;200;beauce_5_sa_000;BTH;;5.4;0.0;45.98;-5.95;46.58;17.14;7.65;0.03;0.0;0;27.41;0;-227.28;0.0;0.03;0.0;5.4
2021;201;317;beauce_5_sa_000;solnu;;1.31;0.0;42.19;-5.21;0.0;7.65;43.26;0.06;0.01;0;0;0;-263.44;0.03;0.02;0.0;1.31
2021;318;365;beauce_5_sa_000;BTH;;2.28;0.01;5.21;-32.55;0.0;43.56;14.69;0.01;0.0;0;0.0;0;-24.7;0.0;0.0;0.01;2.28
2021;1;209;beauce_5_sa_001;BTH;;2.17;0.24;51.72;19.49;69.84;8.18;25.75;0.06;0.0;0;41.69;0;-214.75;0.01;0.04;0.24;2.17
2021;210;261;beauce_5_sa_001;solnu;;0.46;0.0;25.09;-49.74;0.0;25.75;3.79;0.0;0.0;0;0;0;-174.27;0.0;0.0;0.0;0.46
2021;262;365;beauce_5_sa_001;BTH;;0.7;0.0;19.34;-17.5;0.4;3.61;4.52;0.0;0.0;0;0.24;0;9.03;0.0;0.0;0.0;0.7
2021;1;206;beauce_5_sa_002;BTH;;5.29;0.13;49.8;32.99;85.51;28.27;30.94;0.08;0.01;0;53.03;0;-223.96;0.03;0.05;0.13;5.29
2021;207;261;beauce_5_sa_002;solnu;;0.89;0.0;26.34;-13.81;0.0;30.94;42.51;0.03;0.04;0;0;0;-177.75;0.02;0.01;0.0;0.89
2021;262;365;beauce_5_sa_002;BTH;;3.69;0.38;19.1;-51.83;3.81;42.82;34.21;0.03;0.0;0;2.24;0;-89.61;0.02;0.0;0.38;3.69
2021;1;197;beauce_5_sa_003;BTH;;4.22;0.17;44.95;3.35;64.81;13.6;6.47;0.03;0.0;0;38.14;0;-121.63;0.0;0.03;0.17;4.22
2021;198;295;beauce_5_sa_003;solnu;;0.6;0.0;39.71;-42.44;0.0;6.47;5.76;0.01;0.01;0;0;0;-253.44;0.0;0.01;0.0;0.6
2021;296;365;beauce_5_sa_003;BTH;;1.06;0.0;9.62;-10.2;0.0;5.76;4.82;0.0;0.0;0;0.0;0;-10.67;0.0;0.0;0.0;1.06
2021;1;184;beauce_5_sa_004;BTH;;5.72;1.18;41.03;28.28;130.74;65.71;87.12;0.23;0.03;0;92.66;0;-191.22;0.19;0.04;1.18;5.72
2021;185;258;beauce_5_sa_004;solnu;;5.48;0.0;35.59;-74.29;0.0;87.12;40.65;0.01;0.0;0;0;0;-117.49;0.0;0.01;0.0;5.48
2021;259;365;beauce_5_sa_004;BTH;;7.98;0.55;21.36;-4.18;9.53;40.65;40.3;0.02;0.0;0;5.6;0;84.48;0.01;0.01;0.55;7.98
2021;1;190;beauce_5_sa_005;BTH;;4.11;0.13;41.91;5.69;60.89;13.49;5.75;0.03;0.0;0;35.83;0;-143.76;0.0;0.03;0.13;4.11
2021;191;283;beauce_5_sa_005;solnu;;0.54;0.0;39.39;-36.84;0.0;5.75;7.82;0.02;0.01;0;0;0;-239.97;0.0;0.02;0.0;0.54
2021;284;365;beauce_5_sa_005;BTH;;1.32;0.0;12.48;-14.43;0.0;7.12;5.86;0.0;0.0;0;0.0;0;-48.1;0.0;0.0;0.0;1.32
2021;1;187;beauce_5_sa_006;BTH;;2.54;0.0;40.71;7.44;45.77;8.12;8.47;0.03;0.0;0;26.93;0;-137.52;0.0;0.03;0.0;2.54
2021;188;269;beauce_5_sa_006;solnu;;0.36;0.0;36.83;-23.23;0.0;8.47;21.65;0.03;0.03;0;0;0;-226.72;0.01;0.02;0.0;0.36
2021;270;365;beauce_5_sa_006;BTH;;1.66;0.0;16.77;-29.32;0.0;15.76;7.43;0.0;0.0;0;0.0;0;-46.35;0.0;0.0;0.0;1.66
2021;1;198;beauce_5_sa_007;BTH;;2.51;0.07;45.46;13.68;54.02;7.94;16.39;0.04;0.0;0;31.79;0;-203.75;0.0;0.04;0.07;2.51
2021;199;267;beauce_5_sa_007;solnu;;0.36;0.0;31.67;-11.36;0.0;16.39;36.27;0.03;0.03;0;0;0;-211.47;0.02;0.01;0.0;0.36
2021;268;365;beauce_5_sa_007;BTH;;2.0;0.0;16.93;-42.54;0.0;36.6;8.83;0.0;0.0;0;0.0;0;-61.64;0.0;0.0;0.0;2.0
2021;1;208;beauce_5_sa_008;BTH;;3.16;0.0;50.2;7.92;43.35;10.07;22.38;0.04;0.0;0;25.51;0;-190.45;0.0;0.04;0.0;3.16
2021;209;269;beauce_5_sa_008;solnu;;0.43;0.0;27.48;-14.86;0.0;22.38;34.51;0.03;0.03;0;0;0;-177.57;0.02;0.01;0.0;0.43
2021;270;365;beauce_5_sa_008;BTH;;2.12;0.0;16.46;-38.02;1.5;35.05;9.35;0.0;0.0;0;0.88;0;-50.26;0.0;0.0;0.0;2.12
2021;1;183;beauce_5_sa_009;BTH;;8.4;1.94;39.57;30.75;136.62;33.86;104.99;0.18;0.02;0;80.39;0;-45.55;0.14;0.04;1.94;8.4
2021;184;302;beauce_5_sa_009;solnu;;7.0;0.0;48.14;-66.3;0.0;104.99;79.54;0.1;0.09;0;0;0;-218.59;0.07;0.03;0.0;7.0
2021;303;365;beauce_5_sa_009;BTH;;14.46;0.02;8.42;-9.96;0.0;79.56;65.02;0.0;0.0;0;0.0;0;36.58;0.0;0.0;0.02;14.46
2021;1;217;beauce_5_sa_010;BTH;;7.96;1.22;56.81;44.89;94.85;26.29;118.09;0.21;0.02;0;58.75;0;-238.7;0.15;0.06;1.22;7.96
2021;218;260;beauce_5_sa_010;solnu;;5.41;0.0;19.99;-57.54;0.0;118.09;74.96;0.06;0.09;0;0;0;-130.34;0.06;0.0;0.0;5.41
2021;261;365;beauce_5_sa_010;BTH;;14.62;0.0;20.34;-21.08;0.2;74.94;60.33;0.0;0.0;0;0.12;0;11.64;0.0;0.0;0.0;14.62
2021;1;175;beauce_5_sa_011;BTH;;4.01;0.0;34.38;-3.22;34.1;14.52;7.3;0.02;0.0;0;20.06;0;-91.42;0.0;0.02;0.0;4.01
2021;176;281;beauce_5_sa_011;solnu;;0.96;0.0;46.44;-20.3;0.0;7.3;32.49;0.04;0.03;0;0;0;-261.65;0.01;0.02;0.0;0.96
2021;282;365;beauce_5_sa_011;BTH;;2.33;0.0;13.15;-32.95;0.0;28.66;10.37;0.0;0.0;0;0.0;0;-35.09;0.0;0.0;0.0;2.33
2021;1;208;beauce_5_sa_012;BTH;;7.61;1.46;51.42;9.88;140.97;27.29;50.66;0.16;0.02;0;82.95;0;-57.62;0.12;0.04;1.46;7.61
2021;209;310;beauce_5_sa_012;solnu;;1.72;0.0;38.26;-57.36;0.0;50.66;30.16;0.07;0.06;0;0;0;-185.68;0.05;0.02;0.0;1.72
2021;311;365;beauce_5_sa_012;BTH;;5.21;0.0;6.74;-7.62;0.0;30.39;25.05;0.0;0.0;0;0.0;0;10.33;0.0;0.0;0.0;5.21
2021;1;186;beauce_5_sa_013;BTH;;1.79;0.0;40.58;16.76;53.0;8.09;10.9;0.04;0.0;0;33.55;0;-186.13;0.01;0.03;0.0;1.79
2021;187;260;beauce_5_sa_013;solnu;;0.34;0.0;34.88;-45.66;0.0;10.9;2.88;0.01;0.0;0;0;0;-236.13;0.0;0.01;0.0;0.34
2021;261;365;beauce_5_sa_013;BTH;;0.56;0.0;20.42;-11.42;5.45;2.76;5.88;0.01;0.0;0;3.2;0;-22.9;0.0;0.01;0.0;0.56
2021;1;226;beauce_5_sa_014;BTH;;8.15;1.38;60.82;12.12;151.98;21.17;38.72;0.13;0.01;0;89.43;0;-121.15;0.08;0.05;1.38;8.15
2021;227;286;beauce_5_sa_014;solnu;;1.56;0.0;23.83;-40.92;0.0;38.72;23.13;0.02;0.05;0;0;0;-166.73;0.02;0.01;0.0;1.56
2021;287;365;beauce_5_sa_014;BTH;;4.26;0.0;11.77;-16.65;0.0;22.88;18.77;0.0;0.0;0;0.0;0;-28.84;0.0;0.0;0.0;4.26
2021;1;197;beauce_5_sa_015;BTH;;4.01;0.0;45.05;8.69;56.66;13.11;7.04;0.03;0.0;0;33.91;0;-135.52;0.0;0.03;0.0;4.01
2021;198;289;beauce_5_sa_015;solnu;;0.52;0.0;38.22;-39.2;0.0;7.04;5.92;0.02;0.01;0;0;0;-234.68;0.0;0.01;0.0;0.52
2021;290;365;beauce_5_sa_015;BTH;;1.15;0.09;11.14;-16.55;1.37;6.11;5.61;0.0;0.0;0;0.8;0;-22.39;0.0;0.0;0.09;1.15
2021;1;186;beauce_5_sa_016;BTH;;3.91;0.0;40.02;5.72;49.28;13.09;5.18;0.03;0.0;0;29.0;0;-160.88;0.0;0.03;0.0;3.91
2021;187;276;beauce_5_sa_016;solnu;;0.51;0.0;39.28;-9.77;0.0;5.18;34.27;0.03;0.02;0;0;0;-248.01;0.01;0.02;0.0;0.51
2021;277;365;beauce_5_sa_016;BTH;;1.52;0.03;14.28;-38.95;1.5;34.5;6.73;0.0;0.0;0;0.88;0;-56.22;0.0;0.0;0.03;1.52
2021;1;207;beauce_5_sa_017;BTH;;7.27;0.13;50.0;12.31;85.6;31.55;13.03;0.05;0.01;0;51.35;0;-130.36;0.01;0.04;0.13;7.27
2021;208;316;beauce_5_sa_017;solnu;;1.39;0.0;39.43;-48.44;0.0;13.03;8.76;0.01;0.0;0;0;0;-280.57;0.0;0.01;0.0;1.39
2021;317;365;beauce_5_sa_017;BTH;;1.49;0.32;5.32;-14.33;0.9;8.6;22.35;0.01;0.0;0;0.53;0;-4.36;0.01;0.0;0.32;1.49
2021;1;199;beauce_5_sa_018;BTH;;3.08;0.0;46.08;7.87;50.31;10.03;11.25;0.03;0.0;0;29.6;0;-150.5;0.0;0.03;0.0;3.08
2021;200;277;beauce_5_sa_018;solnu;;0.39;0.0;34.4;-39.25;0.0;11.25;7.16;0.02;0.02;0;0;0;-218.84;0.01;0.01;0.0;0.39
2021;278;365;beauce_5_sa_018;BTH;;1.33;0.0;14.55;-14.58;0.0;7.13;5.79;0.0;0.0;0;0.0;0;-18.99;0.0;0.0;0.0;1.33
2021;1;198;beauce_5_sa_019;BTH;;5.15;0.0;45.23;-6.56;43.12;16.4;8.03;0.02;0.0;0;25.38;0;-113.38;0.0;0.02;0.0;5.15
2021;199;317;beauce_5_sa_019;solnu;;1.13;0.0;43.31;-43.24;0.0;8.03;6.95;0.02;0.01;0;0;0;-223.92;0.0;0.02;0.0;1.13
2021;318;365;beauce_5_sa_019;BTH;;0.95;0.0;5.25;-5.26;0.0;6.97;5.99;0.0;0.0;0;0.0;0;-5.1;0.0;0.0;0.0;0.95
2021;1;214;beauce_5_sa_020;BTH;;5.35;0.12;53.77;-2.21;58.7;17.62;15.26;0.03;0.0;0;34.54;0;-165.58;0.0;0.03;0.12;5.35
2021;215;312;beauce_5_sa_020;solnu;;0.85;0.0;34.24;-41.63;0.0;15.26;8.18;0.02;0.01;0;0;0;-205.84;0.01;0.01;0.0;0.85
2021;313;365;beauce_5_sa_020;BTH;;1.42;0.0;6.15;-6.73;0.0;8.17;6.86;0.0;0.0;0;0.0;0;-18.73;0.0;0.0;0.0;1.42
2021;1;222;beauce_5_sa_021;BTH;;3.61;0.17;57.95;12.05;62.49;11.76;29.36;0.06;0.0;0;36.77;0;-205.76;0.01;0.04;0.17;3.61
2021;223;279;beauce_5_sa_021;solnu;;0.47;0.0;23.34;-39.6;0.0;29.36;14.09;0.02;0.04;0;0;0;-161.66;0.02;0.0;0.0;0.47
2021;280;365;beauce_5_sa_021;BTH;;2.65;0.0;13.85;-15.05;0.0;14.09;11.47;0.0;0.0;0;0.0;0;-33.15;0.0;0.0;0.0;2.65
2021;1;193;beauce_5_sa_022;BTH;;4.02;0.87;44.65;31.08;88.75;19.96;68.22;0.15;0.02;0;58.81;0;-229.52;0.11;0.05;0.87;4.02
2021;194;266;beauce_5_sa_022;solnu;;2.76;0.0;34.36;-62.68;0.0;68.22;38.36;0.04;0.06;0;0;0;-195.62;0.03;0.01;0.0;2.76
2021;267;365;beauce_5_sa_022;BTH;;7.32;0.0;18.16;-12.59;2.91;38.4;33.7;0.0;0.0;0;1.71;0;25.23;0.0;0.0;0.0;7.32
2021;1;181;beauce_5_sa_023;BTH;;5.13;0.02;37.41;-2.46;41.12;17.49;8.84;0.02;0.0;0;24.2;0;-106.42;0.0;0.02;0.02;5.13
2021;182;298;beauce_5_sa_023;solnu;;1.04;0.0;47.51;-43.54;0.0;8.84;11.72;0.03;0.02;0;0;0;-267.41;0.01;0.02;0.0;1.04
2021;299;365;beauce_5_sa_023;BTH;;2.14;0.0;8.94;-8.96;0.0;11.77;9.55;0.0;0.0;0;0.0;0;-16.08;0.0;0.0;0.0;2.14
2021;1;207;beauce_5_sa_024;BTH;;2.75;0.0;49.81;9.35;46.23;8.82;19.56;0.04;0.0;0;27.21;0;-175.14;0.0;0.04;0.0;2.75
2021;208;271;beauce_5_sa_024;solnu;;0.37;0.0;28.9;-38.77;0.0;19.56;9.78;0.02;0.03;0;0;0;-184.66;0.01;0.01;0.0;0.37
2021;272;365;beauce_5_sa_024;BTH;;1.84;0.0;16.17;-16.37;0.0;9.78;7.99;0.0;0.0;0;0.0;0;-34.51;0.0;0.0;0.0;1.84
2021;1;179;beauce_5_sa_025;BTH;;2.53;0.54;37.02;4.01;80.27;8.67;7.16;0.06;0.01;0;47.24;0;-34.59;0.04;0.03;0.54;2.53
2021;180;271;beauce_5_sa_025;solnu;;0.46;0.0;41.84;-39.39;0.0;7.16;10.28;0.03;0.03;0;0;0;-211.66;0.01;0.02;0.0;0.46
2021;272;365;beauce_5_sa_025;BTH;;1.94;0.01;16.32;-18.04;0.0;10.4;8.37;0.0;0.0;0;0.0;0;-28.32;0.0;0.0;0.01;1.94
2021;1;214;beauce_5_sa_026;BTH;;2.84;0.0;53.73;13.53;41.98;8.63;31.63;0.05;0.0;0;24.7;0;-223.13;0.01;0.04;0.0;2.84
2021;215;262;beauce_5_sa_026;solnu;;0.45;0.0;21.81;-16.09;0.0;31.63;36.82;0.03;0.05;0;0;0;-147.46;0.02;0.01;0.0;0.45
2021;263;365;beauce_5_sa_026;BTH;;2.93;0.0;18.93;-40.42;0.0;37.29;12.43;0.0;0.0;0;0.0;0;-57.16;0.0;0.0;0.0;2.93
2021;1;209;beauce_5_sa_027;BTH;;3.73;0.0;50.73;7.15;53.85;12.21;13.2;0.04;0.0;0;31.69;0;-163.25;0.0;0.04;0.0;3.73
2021;210;291;beauce_5_sa_027;solnu;;0.49;0.0;33.53;-41.83;0.0;13.2;6.52;0.01;0.01;0;0;0;-218.06;0.0;0.01;0.0;0.49
2021;292;365;beauce_5_sa_027;BTH;;1.23;0.0;10.71;-10.62;0.0;6.52;5.39;0.0;0.0;0;0.0;0;-6.1;0.0;0.0;0.0;1.23
2021;1;224;beauce_5_sa_028;BTH;;3.96;0.41;59.45;15.23;83.8;13.12;31.47;0.06;0.0;0;49.31;0;-229.72;0.02;0.04;0.41;3.96
2021;225;270;beauce_5_sa_028;solnu;;0.62;0.0;20.67;-42.01;0.0;31.47;15.66;0.02;0.05;0;0;0;-194.2;0.02;0.0;0.0;0.62
2021;271;365;beauce_5_sa_028;BTH;;2.98;0.0;16.58;-16.44;0.0;15.92;12.84;0.0;0.0;0;0.0;0;13.1;0.0;0.0;0.0;2.98
2021;1;229;beauce_5_sa_029;BTH;;4.08;0.05;60.64;19.31;62.39;13.43;31.25;0.05;0.0;0;37.37;0;-250.48;0.01;0.05;0.05;4.08
2021;230;280;beauce_5_sa_029;solnu;;0.56;0.0;20.95;-36.95;0.0;31.25;16.21;0.02;0.05;0;0;0;-167.35;0.02;0.0;0.0;0.56
2021;281;365;beauce_5_sa_029;BTH;;3.11;0.1;13.43;-19.65;1.31;16.34;13.77;0.0;0.0;0;0.77;0;-37.15;0.0;0.0;0.1;3.11
2021;1;184;beauce_5_sa_030;BTH;;4.41;0.0;39.18;4.48;46.52;14.41;6.84;0.03;0.0;0;27.37;0;-125.88;0.0;0.03;0.0;4.41
2021;185;299;beauce_5_sa_030;solnu;;0.73;0.0;46.64;-44.72;0.0;6.84;8.59;0.02;0.02;0;0;0;-265.34;0.01;0.01;0.0;0.73
2021;300;365;beauce_5_sa_030;BTH;;1.56;0.0;8.68;-8.71;0.0;8.59;7.0;0.0;0.0;0;0.0;0;-9.0;0.0;0.0;0.0;1.56
2021;1;209;beauce_5_sa_031;BTH;;2.85;0.6;51.77;18.25;104.69;10.75;18.3;0.06;0.0;0;61.6;0;-194.58;0.02;0.04;0.6;2.85
2021;210;275;beauce_5_sa_031;solnu;;0.45;0.0;29.97;-50.62;0.0;18.3;8.85;0.01;0.03;0;0;0;-280.45;0.01;0.0;0.0;0.45
2021;276;365;beauce_5_sa_031;BTH;;1.66;0.0;15.14;-15.1;0.0;8.89;7.22;0.0;0.0;0;0.0;0;34.37;0.0;0.0;0.0;1.66
2021;1;172;beauce_5_sa_032;BTH;;11.43;1.75;33.61;33.13;89.82;49.23;146.85;0.08;0.02;0;79.03;0;-150.88;0.04;0.04;1.75;11.43
2021;173;271;beauce_5_sa_032;solnu;;7.29;0.0;45.32;-0.27;0.0;146.85;185.12;0.18;0.12;0;0;0;-293.79;0.15;0.03;0.0;7.29
2021;272;365;beauce_5_sa_032;BTH;;19.15;0.0;15.94;-84.39;13.51;185.4;84.01;0.0;0.0;0;7.95;0;5.88;0.0;0.0;0.0;19.15
2021;1;208;beauce_5_sa_033;BTH;;6.83;0.0;50.26;4.15;83.23;20.63;13.16;0.05;0.0;0;48.97;0;-213.21;0.01;0.04;0.0;6.83
2021;209;304;beauce_5_sa_033;solnu;;1.0;0.0;36.02;-9.4;0.0;13.16;38.75;0.03;0.01;0;0;0;-236.46;0.01;0.02;0.0;1.0
2021;305;365;beauce_5_sa_033;BTH;;1.86;0.36;7.84;-38.61;0.0;38.89;8.47;0.0;0.0;0;0.0;0;-63.53;0.0;0.0;0.36;1.86
2021;1;209;beauce_5_sa_034;BTH;;2.62;0.0;50.84;14.16;46.18;8.27;24.96;0.04;0.0;0;27.17;0;-193.56;0.0;0.04;0.0;2.62
2021;210;264;beauce_5_sa_034;solnu;;0.41;0.0;25.86;-39.33;0.0;24.96;12.1;0.02;0.04;0;0;0;-173.8;0.02;0.0;0.0;0.41
2021;265;365;beauce_5_sa_034;BTH;;2.33;0.0;18.63;-18.74;0.0;12.1;9.86;0.0;0.0;0;0.0;0;-33.55;0.0;0.0;0.0;2.33
2021;1;173;beauce_5_sa_035;BTH;;4.22;0.0;33.57;3.87;40.36;15.52;8.15;0.02;0.0;0;23.75;0;-104.55;0.0;0.02;0.0;4.22
2021;174;296;beauce_5_sa_035;solnu;;1.22;0.0;51.74;-45.49;0.0;8.15;13.21;0.03;0.03;0;0;0;-288.4;0.01;0.02;0.0;1.22
2021;297;365;beauce_5_sa_035;BTH;;2.42;0.0;9.25;-9.13;0.0;13.21;10.91;0.0;0.0;0;0.0;0;-15.94;0.0;0.0;0.0;2.42
2021;1;220;beauce_5_sa_036;BTH;;4.59;0.0;56.14;1.13;45.29;14.61;22.99;0.04;0.0;0;26.65;0;-200.25;0.0;0.04;0.0;4.59
2021;221;288;beauce_5_sa_036;solnu;;0.6;0.0;26.46;-15.55;0.0;22.99;33.25;0.02;0.03;0;0;0;-163.47;0.01;0.01;0.0;0.6
2021;289;365;beauce_5_sa_036;BTH;;2.12;0.0;11.24;-33.14;0.0;33.46;9.39;0.0;0.0;0;0.0;0;-34.91;0.0;0.0;0.0;2.12
2021;1;199;beauce_5_sa_037;BTH;;5.37;0.02;45.64;-7.69;44.57;17.0;8.12;0.03;0.0;0;26.23;0;-208.98;0.0;0.03;0.02;5.37
2021;200;315;beauce_5_sa_037;solnu;;1.07;0.0;42.31;-6.13;0.0;8.12;43.15;0.05;0.01;0;0;0;-260.28;0.03;0.02;0.0;1.07
2021;316;365;beauce_5_sa_037;BTH;;2.48;0.0;5.52;-32.07;0.0;43.46;14.17;0.01;0.0;0;0.0;0;-24.87;0.01;0.0;0.0;2.48
2021;1;174;beauce_5_sa_038;BTH;;4.58;1.75;35.22;21.64;103.79;29.35;109.82;0.14;0.03;0;97.06;0;-206.62;0.11;0.03;1.75;4.58
2021;175;260;beauce_5_sa_038;solnu;;9.3;0.0;41.67;-91.78;0.0;109.82;50.33;0.06;0.0;0;0;0;-120.41;0.05;0.01;0.0;9.3
2021;261;365;beauce_5_sa_038;BTH;;9.99;0.0;20.55;7.63;16.91;50.37;51.57;0.03;0.01;0;9.95;0;73.45;0.01;0.02;0.0;9.99
2021;1;220;beauce_5_sa_039;BTH;;4.84;0.42;57.21;1.93;84.25;16.08;18.53;0.05;0.0;0;49.58;0;-133.55;0.01;0.04;0.42;4.84
2021;221;312;beauce_5_sa_039;solnu;;0.88;0.0;31.73;-46.62;0.0;18.53;9.26;0.01;0.02;0;0;0;-230.74;0.01;0.01;0.0;0.88
2021;313;365;beauce_5_sa_039;BTH;;1.6;0.0;6.14;-6.91;0.0;9.25;7.67;0.0;0.0;0;0.0;0;-5.22;0.0;0.0;0.0;1.6
2021;1;209;beauce_5_sa_040;BTH;;5.39;0.12;50.41;0.8;63.06;17.38;11.59;0.03;0.0;0;37.1;0;-257.82;0.0;0.03;0.12;5.39
2021;210;312;beauce_5_sa_040;solnu;;0.84;0.0;37.12;-8.05;0.0;11.59;39.77;0.04;0.01;0;0;0;-241.3;0.02;0.02;0.0;0.84
2021;313;365;beauce_5_sa_040;BTH;;2.31;0.0;6.11;-32.83;0.0;40.02;11.81;0.01;0.0;0;0.0;0;-47.13;0.01;0.0;0.0;2.31
2021;1;170;beauce_5_sa_041;BTH;;9.11;2.26;33.25;31.49;111.48;46.27;160.42;0.25;0.03;0;96.99;0;-113.33;0.22;0.04;2.26;9.11
2021;171;258;beauce_5_sa_041;solnu;;14.34;0.0;42.09;-1.98;0.0;160.42;184.82;0.14;0.1;0;0;0;-242.37;0.12;0.03;0.0;14.34
2021;259;365;beauce_5_sa_041;BTH;;24.32;0.0;20.97;-73.61;11.05;185.27;96.81;0.0;0.0;0;6.5;0;35.13;0.0;0.0;0.0;24.32
2021;1;179;beauce_5_sa_042;BTH;;4.16;0.59;36.89;3.96;78.32;14.68;16.16;0.07;0.01;0;46.3;0;-79.74;0.04;0.03;0.59;4.16
2021;180;280;beauce_5_sa_042;solnu;;0.87;0.0;43.98;-3.74;0.0;16.16;55.48;0.05;0.05;0;0;0;-238.47;0.03;0.03;0.0;0.87
2021;281;365;beauce_5_sa_042;BTH;;3.32;0.06;13.32;-52.7;3.46;55.77;14.8;0.0;0.0;0;2.04;0;-38.43;0.0;0.0;0.06;3.32
2021;1;214;beauce_5_sa_043;BTH;;5.25;0.0;53.53;2.13;50.54;16.91;17.73;0.03;0.0;0;29.74;0;-232.99;0.0;0.03;0.0;5.25
2021;215;296;beauce_5_sa_043;solnu;;0.72;0.0;31.02;-12.38;0.0;17.73;35.6;0.03;0.02;0;0;0;-197.91;0.01;0.01;0.0;0.72
2021;297;365;beauce_5_sa_043;BTH;;1.79;0.0;9.13;-35.13;0.0;35.76;8.08;0.0;0.0;0;0.0;0;-38.71;0.0;0.0;0.0;1.79
2021;1;188;beauce_5_sa_044;BTH;;5.29;1.23;41.85;17.65;112.97;19.08;52.6;0.14;0.02;0;66.48;0;-59.73;0.11;0.04;1.23;5.29
2021;189;306;beauce_5_sa_044;solnu;;2.6;0.0;46.54;-59.63;0.0;52.6;39.01;0.06;0.07;0;0;0;-209.55;0.04;0.02;0.0;2.6
2021;307;365;beauce_5_sa_044;BTH;;7.08;0.0;7.85;-7.82;0.0;39.06;31.96;0.0;0.0;0;0.0;0;27.78;0.0;0.0;0.0;7.08
2021;1;225;beauce_5_sa_045;BTH;;6.34;0.62;59.16;15.0;105.75;17.83;27.45;0.09;0.0;0;62.23;0;-202.51;0.04;0.05;0.62;6.34
2021;226;300;beauce_5_sa_045;solnu;;1.06;0.0;27.57;-47.98;0.0;27.45;14.82;0.02;0.03;0;0;0;-255.85;0.01;0.0;0.0;1.06
2021;301;365;beauce_5_sa_045;BTH;;2.69;0.0;8.45;-8.97;0.0;14.99;12.15;0.0;0.0;0;0.0;0;7.67;0.0;0.0;0.0;2.69
2021;1;220;beauce_5_sa_046;BTH;;4.23;0.36;56.36;9.26;75.27;13.65;27.64;0.06;0.01;0;44.29;0;-211.63;0.02;0.04;0.36;4.23
2021;221;280;beauce_5_sa_046;solnu;;0.55;0.0;24.49;-14.29;0.0;27.64;37.21;0.03;0.04;0;0;0;-152.26;0.02;0.01;0.0;0.55
2021;281;365;beauce_5_sa_046;BTH;;2.52;0.0;13.18;-39.25;0.0;37.46;11.14;0.0;0.0;0;0.0;0;-71.39;0.0;0.0;0.0;2.52
2021;1;229;beauce_5_sa_047;BTH;;5.33;0.0;60.03;6.14;49.63;17.15;29.28;0.04;0.0;0;29.2;0;-265.75;0.0;0.04;0.0;5.33
2021;230;290;beauce_5_sa_047;solnu;;0.72;0.0;22.93;-15.91;0.0;29.28;35.52;0.02;0.04;0;0;0;-153.02;0.02;0.01;0.0;0.72
2021;291;365;beauce_5_sa_047;BTH;;2.98;0.01;10.77;-32.27;0.0;35.67;13.16;0.0;0.0;0;0.0;0;-53.74;0.0;0.0;0.01;2.98
2021;1;183;beauce_5_sa_048;BTH;;7.09;0.15;38.95;16.11;74.22;31.94;17.37;0.05;0.01;0;44.96;0;-107.93;0.01;0.03;0.15;7.09
2021;184;298;beauce_5_sa_048;solnu;;1.63;0.0;46.92;-48.22;0.0;17.37;17.11;0.03;0.03;0;0;0;-287.0;0.02;0.02;0.0;1.63
2021;299;365;beauce_5_sa_048;BTH;;3.36;0.28;8.95;-12.72;2.41;17.1;28.57;0.01;0.0;0;1.42;0;7.47;0.01;0.0;0.28;3.36
2021;1;209;beauce_5_sa_049;BTH;;3.12;0.17;51.17;10.46;65.43;10.39;16.65;0.04;0.0;0;38.5;0;-177.05;0.0;0.04;0.17;3.12
2021;210;279;beauce_5_sa_049;solnu;;0.42;0.0;30.75;-42.65;0.0;16.65;8.04;0.02;0.02;0;0;0;-228.58;0.01;0.01;0.0;0.42
2021;280;365;beauce_5_sa_049;BTH;;1.53;0.0;13.96;-13.87;0.0;8.37;6.65;0.0;0.0;0;0.0;0;-5.79;0.0;0.0;0.0;1.53
2021;1;198;beauce_5_sa_050;BTH;;3.0;0.37;46.16;15.58;86.98;10.8;11.11;0.05;0.0;0;51.18;0;-142.04;0.01;0.04;0.37;3.0
2021;199;277;beauce_5_sa_050;solnu;;0.43;0.0;35.58;-46.59;0.0;11.11;7.1;0.01;0.02;0;0;0;-272.47;0.01;0.01;0.0;0.43
2021;278;365;beauce_5_sa_050;BTH;;1.33;0.0;14.6;-14.61;0.0;7.13;5.75;0.0;0.0;0;0.0;0;21.52;0.0;0.0;0.0;1.33
2021;1;181;beauce_5_sa_051;BTH;;3.39;0.06;37.44;2.1;47.36;11.69;4.9;0.03;0.0;0;27.87;0;-125.2;0.0;0.02;0.06;3.39
2021;182;273;beauce_5_sa_051;solnu;;0.59;0.0;41.09;-10.02;0.0;4.9;35.39;0.03;0.02;0;0;0;-243.14;0.01;0.02;0.0;0.59
2021;274;365;beauce_5_sa_051;BTH;;1.69;0.0;15.27;-40.2;1.5;35.75;7.43;0.0;0.0;0;0.88;0;-50.22;0.0;0.0;0.0;1.69
2021;1;178;beauce_5_sa_052;BTH;;2.33;0.85;36.65;10.4;108.49;7.8;7.96;0.08;0.0;0;63.84;0;-38.06;0.05;0.03;0.85;2.33
2021;179;259;beauce_5_sa_052;solnu;;0.45;0.0;38.49;-9.46;0.0;7.96;36.45;0.04;0.04;0;0;0;-193.04;0.02;0.02;0.0;0.45
2021;260;365;beauce_5_sa_052;BTH;;2.3;0.0;20.45;-48.6;0.0;37.04;9.49;0.0;0.0;0;0.0;0;-57.11;0.0;0.0;0.0;2.3
2021;1;209;beauce_5_sa_053;BTH;;5.58;1.27;51.91;29.54;115.21;18.23;75.11;0.17;0.02;0;67.79;0;-140.25;0.12;0.05;1.27;5.58
2021;210;305;beauce_5_sa_053;solnu;;2.47;0.0;37.33;-66.91;0.0;75.11;43.75;0.06;0.08;0;0;0;-163.19;0.05;0.01;0.0;2.47
2021;306;365;beauce_5_sa_053;BTH;;7.94;0.0;7.96;-7.92;0.0;43.8;35.86;0.0;0.0;0;0.0;0;28.73;0.0;0.0;0.0;7.94
2021;1;172;beauce_5_sa_054;BTH;;4.41;0.06;33.16;2.01;42.52;16.24;8.53;0.02;0.0;0;25.02;0;-88.54;0.0;0.02;0.06;4.41
2021;173;300;beauce_5_sa_054;solnu;;1.29;0.0;52.94;-46.33;0.0;8.53;13.91;0.03;0.03;0;0;0;-278.19;0.01;0.02;0.0;1.29
2021;301;365;beauce_5_sa_054;BTH;;2.54;0.0;8.57;-8.5;0.0;13.91;11.44;0.0;0.0;0;0.0;0;-9.42;0.0;0.0;0.0;2.54
2021;1;188;beauce_5_sa_055;BTH;;16.43;0.03;41.1;13.21;112.17;94.86;25.72;0.08;0.01;0;66.6;0;-126.21;0.05;0.04;0.03;16.43
2021;189;297;beauce_5_sa_055;solnu;;2.86;0.0;43.8;-5.52;0.0;25.72;61.44;0.04;0.02;0;0;0;-260.61;0.02;0.02;0.0;2.86
2021;298;365;beauce_5_sa_055;BTH;;4.97;1.02;9.09;-52.16;0.9;61.69;91.28;0.02;0.0;0;0.53;0;-56.68;0.02;0.0;1.02;4.97
2021;1;210;beauce_5_sa_056;BTH;;3.4;0.72;52.17;15.36;106.88;11.53;23.18;0.08;0.0;0;62.89;0;-153.56;0.04;0.04;0.72;3.4
2021;211;274;beauce_5_sa_056;solnu;;0.54;0.0;28.38;-40.0;0.0;23.18;12.01;0.03;0.03;0;0;0;-176.16;0.02;0.01;0.0;0.54
2021;275;365;beauce_5_sa_056;BTH;;2.26;0.0;15.23;-18.04;0.0;12.01;9.89;0.0;0.0;0;0.0;0;-61.9;0.0;0.0;0.0;2.26
2021;1;207;beauce_5_sa_057;BTH;;4.1;0.56;49.74;17.46;102.72;13.96;17.21;0.05;0.01;0;60.44;0;-257.54;0.01;0.04;0.56;4.1
2021;208;283;beauce_5_sa_057;solnu;;0.56;0.0;31.88;-8.43;0.0;17.21;40.05;0.03;0.03;0;0;0;-217.46;0.01;0.02;0.0;0.56
2021;284;365;beauce_5_sa_057;BTH;;1.96;0.0;12.31;-43.64;0.0;40.43;8.8;0.0;0.0;0;0.0;0;-88.72;0.0;0.0;0.0;1.96
2021;1;211;beauce_5_sa_058;BTH;;5.38;0.31;51.67;4.64;72.88;17.29;20.01;0.08;0.01;0;42.89;0;-278.07;0.04;0.04;0.31;5.38
2021;212;307;beauce_5_sa_058;solnu;;0.77;0.0;34.39;-6.78;0.0;20.01;46.78;0.04;0.03;0;0;0;-230.54;0.02;0.02;0.0;0.77
2021;308;365;beauce_5_sa_058;BTH;;2.64;0.0;7.37;-40.31;0.0;47.27;12.26;0.01;0.0;0;0.0;0;-49.93;0.01;0.0;0.0;2.64
2021;1;225;beauce_5_sa_059;BTH;;5.26;1.06;60.51;37.41;110.54;17.01;79.4;0.2;0.02;0;65.05;0;-253.6;0.14;0.06;1.06;5.26
2021;226;276;beauce_5_sa_059;solnu;;2.31;0.0;22.16;-56.94;0.0;79.4;46.16;0.04;0.09;0;0;0;-163.44;0.04;0.0;0.0;2.31
2021;277;365;beauce_5_sa_059;BTH;;8.71;0.0;14.92;-14.81;0.0;46.36;37.56;0.0;0.0;0;0.0;0;28.59;0.0;0.0;0.0;8.71
2021;1;228;beauce_5_sa_060;BTH;;3.43;0.06;60.05;11.46;51.36;11.04;32.58;0.05;0.0;0;30.22;0;-226.42;0.0;0.04;0.06;3.43
2021;229;271;beauce_5_sa_060;solnu;;0.47;0.0;19.05;-38.03;0.0;32.58;16.31;0.02;0.05;0;0;0;-152.78;0.02;0.0;0.0;0.47
2021;272;365;beauce_5_sa_060;BTH;;3.09;0.0;16.26;-16.24;0.0;16.47;13.3;0.0;0.0;0;0.0;0;-16.9;0.0;0.0;0.0;3.09
2021;1;180;beauce_5_sa_061;BTH;;2.45;0.15;37.4;13.26;65.41;9.75;4.0;0.03;0.0;0;39.2;0;-152.61;0.0;0.03;0.15;2.45
2021;181;270;beauce_5_sa_061;solnu;;0.42;0.0;41.21;-45.96;0.0;4.0;3.84;0.01;0.0;0;0;0;-295.96;0.0;0.01;0.0;0.42
2021;271;365;beauce_5_sa_061;BTH;;0.71;0.0;16.57;-13.65;0.99;3.74;5.06;0.0;0.0;0;0.58;0;-0.03;0.0;0.0;0.0;0.71
2021;1;223;beauce_5_sa_062;BTH;;12.16;1.56;59.23;30.18;141.94;36.84;91.22;0.16;0.0;0;83.53;0;-177.51;0.11;0.06;1.56;12.16
2021;224;310;beauce_5_sa_062;solnu;;2.85;0.0;30.2;-68.09;0.0;91.22;50.81;0.06;0.1;0;0;0;-161.11;0.05;0.01;0.0;2.85
2021;311;365;beauce_5_sa_062;BTH;;8.75;0.0;6.72;-6.79;0.0;50.73;41.99;0.0;0.0;0;0.0;0;23.14;0.0;0.0;0.0;8.75
2021;1;204;beauce_5_sa_063;BTH;;5.94;0.69;48.11;12.25;116.83;19.75;10.68;0.05;0.0;0;68.75;0;-250.0;0.01;0.04;0.69;5.94
2021;205;303;beauce_5_sa_063;solnu;;0.88;0.0;38.05;-4.16;0.0;10.68;43.63;0.03;0.01;0;0;0;-251.22;0.01;0.02;0.0;0.88
2021;304;365;beauce_5_sa_063;BTH;;1.91;0.06;7.95;-46.61;0.0;43.83;8.7;0.0;0.0;0;0.0;0;-62.82;0.0;0.0;0.06;1.91
2021;1;225;beauce_5_sa_064;BTH;;4.27;0.23;58.76;11.42;73.7;13.79;23.93;0.05;0.0;0;43.37;0;-227.59;0.0;0.04;0.23;4.27
2021;226;293;beauce_5_sa_064;solnu;;0.65;0.0;25.69;-40.92;0.0;23.93;11.9;0.02;0.03;0;0;0;-207.96;0.01;0.0;0.0;0.65
2021;294;365;beauce_5_sa_064;BTH;;2.19;0.0;10.0;-10.37;0.0;11.88;9.82;0.0;0.0;0;0.0;0;-20.68;0.0;0.0;0.0;2.19
2021;1;182;beauce_5_sa_065;BTH;;4.66;0.0;38.14;-3.45;37.59;15.88;7.85;0.02;0.0;0;22.12;0;-98.68;0.0;0.02;0.0;4.66
2021;183;291;beauce_5_sa_065;solnu;;0.88;0.0;44.91;-35.94;0.0;7.85;16.02;0.03;0.02;0;0;0;-252.18;0.01;0.02;0.0;0.88
2021;292;365;beauce_5_sa_065;BTH;;1.96;0.0;10.78;-16.2;0.0;12.87;8.64;0.0;0.0;0;0.0;0;-21.95;0.0;0.0;0.0;1.96
2021;1;223;beauce_5_sa_066;BTH;;3.77;0.16;57.92;14.18;55.26;11.45;37.19;0.06;0.0;0;32.52;0;-217.6;0.01;0.04;0.16;3.77
2021;224;261;beauce_5_sa_066;solnu;;0.59;0.0;17.65;-38.67;0.0;37.19;18.28;0.03;0.05;0;0;0;-137.11;0.02;0.0;0.0;0.59
2021;262;365;beauce_5_sa_066;BTH;;3.57;0.0;19.62;-19.9;0.0;18.44;14.81;0.0;0.0;0;0.0;0;-35.22;0.0;0.0;0.0;3.57
2021;1;227;beauce_5_sa_067;BTH;;3.89;0.31;60.31;21.58;78.35;13.33;37.04;0.07;0.01;0;47.87;0;-281.16;0.02;0.05;0.31;3.89
2021;228;263;beauce_5_sa_067;solnu;;0.61;0.0;17.1;-40.56;0.0;37.04;18.9;0.02;0.06;0;0;0;-189.63;0.02;0.0;0.0;0.61
2021;264;365;beauce_5_sa_067;BTH;;3.69;0.06;18.99;-19.99;1.97;19.19;16.89;0.0;0.0;0;1.16;0;0.41;0.0;0.0;0.06;3.69
2021;1;194;beauce_5_sa_068;BTH;;3.37;0.59;44.5;20.98;76.95;10.88;40.42;0.1;0.01;0;45.28;0;-136.17;0.06;0.04;0.59;3.37
2021;195;269;beauce_5_sa_068;solnu;;1.08;0.0;34.4;-48.29;0.0;40.42;26.16;0.05;0.06;0;0;0;-203.66;0.03;0.01;0.0;1.08
2021;270;365;beauce_5_sa_068;BTH;;4.92;0.0;17.36;-17.49;0.0;26.02;21.25;0.0;0.0;0;0.0;0;-2.94;0.0;0.0;0.0;4.92
2021;1;197;beauce_5_sa_069;BTH;;2.52;0.0;45.17;14.37;52.04;8.21;13.62;0.04;0.0;0;30.62;0;-165.46;0.0;0.04;0.0;2.52
2021;198;269;beauce_5_sa_069;solnu;;0.35;0.0;33.1;-40.34;0.0;13.62;8.42;0.02;0.03;0;0;0;-225.33;0.01;0.01;0.0;0.35
2021;270;365;beauce_5_sa_069;BTH;;1.57;0.0;17.12;-16.87;0.0;8.43;7.11;0.0;0.0;0;0.0;0;-21.12;0.0;0.0;0.0;1.57
2021;1;202;beauce_5_sa_070;BTH;;14.37;0.04;47.34;11.78;117.39;87.61;21.34;0.09;0.01;0;69.5;0;-151.63;0.05;0.04;0.04;14.37
2021;203;296;beauce_5_sa_070;solnu;;2.27;0.0;38.09;-9.8;0.0;21.34;47.32;0.03;0.01;0;0;0;-228.68;0.01;0.02;0.0;2.27
2021;297;365;beauce_5_sa_070;BTH;;3.56;0.93;9.19;-43.92;0.36;47.49;82.15;0.0;0.0;0;0.21;0;-83.76;0.0;0.0;0.93;3.56
2021;1;182;beauce_5_sa_071;BTH;;5.52;0.84;38.2;-7.4;97.93;21.12;11.45;0.08;0.0;0;57.62;0;-92.45;0.05;0.02;0.84;5.52
2021;183;314;beauce_5_sa_071;solnu;;1.97;0.0;50.07;-1.55;0.0;11.45;57.97;0.07;0.03;0;0;0;-242.73;0.04;0.03;0.0;1.97
2021;315;365;beauce_5_sa_071;BTH;;3.82;0.0;5.81;-40.63;0.0;58.29;21.61;0.01;0.0;0;0.0;0;-47.81;0.01;0.0;0.0;3.82
2021;1;193;beauce_5_sa_072;BTH;;4.98;0.14;43.23;-2.79;55.74;16.17;7.55;0.03;0.0;0;32.8;0;-133.5;0.0;0.03;0.14;4.98
2021;194;298;beauce_5_sa_072;solnu;;0.72;0.0;41.48;-38.24;0.0;7.55;10.03;0.03;0.01;0;0;0;-232.33;0.01;0.02;0.0;0.72
2021;299;365;beauce_5_sa_072;BTH;;1.53;0.0;8.89;-10.96;0.0;9.42;6.88;0.0;0.0;0;0.0;0;-23.97;0.0;0.0;0.0;1.53
2021;1;186;beauce_5_sa_073;BTH;;3.18;0.33;40.47;13.3;82.17;11.49;5.14;0.04;0.0;0;48.71;0;-130.04;0.01;0.03;0.33;3.18
2021;187;279;beauce_5_sa_073;solnu;;0.42;0.0;40.9;-50.24;0.0;5.14;3.78;0.0;0.0;0;0;0;-294.19;0.0;0.0;0.0;0.42
2021;280;365;beauce_5_sa_073;BTH;;0.71;0.0;13.92;-13.06;0.0;3.9;3.93;0.0;0.0;0;0.0;0;28.03;0.0;0.0;0.0;0.71
2021;1;204;beauce_5_sa_074;BTH;;4.22;1.28;49.93;33.19;120.94;17.04;71.25;0.19;0.02;0;73.22;0;-182.79;0.14;0.05;1.28;4.22
2021;205;265;beauce_5_sa_074;solnu;;3.05;0.0;30.12;-56.0;0.0;71.25;46.2;0.05;0.07;0;0;0;-194.32;0.04;0.0;0.0;3.05
2021;266;365;beauce_5_sa_074;BTH;;8.86;0.0;18.52;-18.48;0.0;46.13;37.38;0.0;0.0;0;0.0;0;54.65;0.0;0.0;0.0;8.86
2021;1;185;beauce_5_sa_075;BTH;;5.99;0.08;39.4;-4.28;46.46;19.38;9.63;0.03;0.0;0;27.34;0;-175.04;0.0;0.03;0.08;5.99
2021;186;302;beauce_5_sa_075;solnu;;0.95;0.0;45.81;-3.42;0.0;9.63;50.99;0.05;0.03;0;0;0;-289.75;0.02;0.03;0.0;0.95
2021;303;365;beauce_5_sa_075;BTH;;2.74;0.0;8.13;-43.76;0.0;51.21;12.61;0.01;0.0;0;0.0;0;-32.11;0.01;0.0;0.0;2.74
2021;1;212;beauce_5_sa_076;BTH;;5.69;0.62;53.23;12.44;73.59;18.47;52.08;0.11;0.01;0;43.3;0;-148.52;0.07;0.04;0.62;5.69
2021;213;284;beauce_5_sa_076;solnu;;0.9;0.0;29.68;-50.83;0.0;52.08;29.91;0.05;0.07;0;0;0;-174.28;0.04;0.01;0.0;0.9
2021;285;365;beauce_5_sa_076;BTH;;5.09;0.02;12.35;-16.42;0.0;29.28;22.37;0.0;0.0;0;0.0;0;-0.77;0.0;0.0;0.02;5.09
2021;1;222;beauce_5_sa_077;BTH;;2.32;0.0;57.93;16.93;52.99;8.34;28.16;0.05;0.0;0;31.18;0;-283.49;0.0;0.04;0.0;2.32
2021;223;269;beauce_5_sa_077;solnu;;0.34;0.0;20.42;-47.95;0.0;28.16;2.62;0.0;0.0;0;0;0;-127.49;0.0;0.0;0.0;0.34
2021;270;365;beauce_5_sa_077;BTH;;0.49;0.0;16.58;-15.49;0.0;2.78;3.22;0.0;0.0;0;0.0;0;-12.78;0.0;0.0;0.0;0.49
2021;1;211;beauce_5_sa_078;BTH;;4.85;0.41;52.21;7.48;90.29;15.91;12.23;0.05;0.01;0;53.13;0;-158.03;0.01;0.04;0.41;4.85
2021;212;312;beauce_5_sa_078;solnu;;0.76;0.0;36.21;-47.02;0.0;12.23;6.67;0.01;0.01;0;0;0;-271.73;0.0;0.01;0.0;0.76
2021;313;365;beauce_5_sa_078;BTH;;1.11;0.0;6.12;-6.75;0.0;6.44;5.36;0.0;0.0;0;0.0;0;-0.42;0.0;0.0;0.0;1.11
2021;1;228;beauce_5_sa_079;BTH;;3.56;0.0;60.1;11.61;50.8;11.75;29.79;0.05;0.0;0;29.89;0;-262.64;0.0;0.04;0.0;3.56
2021;229;277;beauce_5_sa_079;solnu;;0.47;0.0;20.81;-38.12;0.0;29.79;14.93;0.02;0.05;0;0;0;-169.47;0.02;0.0;0.0;0.47
2021;278;365;beauce_5_sa_079;BTH;;2.82;0.0;14.51;-14.43;0.0;14.97;12.2;0.0;0.0;0;0.0;0;-14.06;0.0;0.0;0.0;2.82
2021;1;221;beauce_5_sa_080;BTH;;2.8;0.0;57.36;17.47;52.35;10.08;30.33;0.05;0.0;0;31.41;0;-287.6;0.01;0.04;0.0;2.8
2021;222;266;beauce_5_sa_080;solnu;;0.45;0.0;20.41;-49.66;0.0;30.33;3.42;0.0;0.0;0;0;0;-120.81;0.0;0.0;0.0;0.45
2021;267;365;beauce_5_sa_080;BTH;;0.64;0.0;17.36;-14.67;0.95;3.35;4.51;0.0;0.0;0;0.56;0;-10.35;0.0;0.0;0.0;0.64
2021;1;196;beauce_5_sa_081;BTH;;6.45;0.0;44.67;18.13;71.97;24.08;8.93;0.04;0.0;0;44.71;0;-131.64;0.0;0.04;0.0;6.45
2021;197;296;beauce_5_sa_081;solnu;;0.96;0.0;40.62;-43.91;0.0;8.93;8.31;0.01;0.01;0;0;0;-279.05;0.0;0.01;0.0;0.96
2021;297;365;beauce_5_sa_081;BTH;;1.92;0.29;9.17;-17.56;3.51;8.31;17.1;0.01;0.0;0;2.07;0;-9.56;0.01;0.0;0.29;1.92
2021;1;227;beauce_5_sa_082;BTH;;4.39;0.02;59.36;13.36;53.4;14.36;31.38;0.05;0.0;0;31.42;0;-292.1;0.0;0.04;0.02;4.39
2021;228;279;beauce_5_sa_082;solnu;;0.57;0.0;21.01;-16.04;0.0;31.38;35.71;0.03;0.05;0;0;0;-147.41;0.02;0.01;0.0;0.57
2021;280;365;beauce_5_sa_082;BTH;;2.98;0.0;13.46;-34.24;0.0;36.09;13.18;0.0;0.0;0;0.0;0;-68.76;0.0;0.0;0.0;2.98
2021;1;210;beauce_5_sa_083;BTH;;3.91;0.0;51.24;3.57;43.06;12.59;21.17;0.03;0.0;0;25.34;0;-172.88;0.0;0.03;0.0;3.91
2021;211;274;beauce_5_sa_083;solnu;;0.49;0.0;27.94;-15.13;0.0;21.17;33.44;0.02;0.03;0;0;0;-173.94;0.01;0.01;0.0;0.49
2021;275;365;beauce_5_sa_083;BTH;;1.97;0.0;15.01;-37.84;0.0;33.77;8.69;0.0;0.0;0;0.0;0;-43.49;0.0;0.0;0.0;1.97
2021;1;176;beauce_5_sa_084;BTH;;2.23;0.0;34.97;7.79;44.21;7.45;4.22;0.03;0.0;0;26.02;0;-106.09;0.0;0.03;0.0;2.23
2021;177;266;beauce_5_sa_084;solnu;;0.37;0.0;42.22;-37.48;0.0;4.22;8.78;0.03;0.03;0;0;0;-250.28;0.01;0.02;0.0;0.37
2021;267;365;beauce_5_sa_084;BTH;;1.68;0.0;17.91;-17.88;0.0;8.78;7.22;0.0;0.0;0;0.0;0;-39.46;0.0;0.0;0.0;1.68
2021;1;215;beauce_5_sa_085;BTH;;12.36;0.97;56.37;20.33;171.1;75.87;45.03;0.2;0.02;0;101.96;0;-101.35;0.15;0.05;0.97;12.36
2021;216;297;beauce_5_sa_085;solnu;;2.87;0.0;31.39;-45.22;0.0;45.03;29.22;0.03;0.04;0;0;0;-176.28;0.02;0.01;0.0;2.87
2021;298;365;beauce_5_sa_085;BTH;;6.09;0.83;9.22;-23.03;2.41;29.22;71.1;0.04;0.0;0;1.42;0;-12.16;0.04;0.0;0.83;6.09
2021;1;178;beauce_5_sa_086;BTH;;4.42;1.61;36.87;14.47;132.41;19.3;53.94;0.18;0.02;0;77.92;0;-11.23;0.15;0.03;1.61;4.42
2021;179;288;beauce_5_sa_086;solnu;;3.52;0.0;47.91;-53.82;0.0;53.94;46.48;0.08;0.07;0;0;0;-217.77;0.06;0.03;0.0;3.52
2021;289;365;beauce_5_sa_086;BTH;;8.64;0.0;11.65;-11.97;0.0;46.31;37.6;0.0;0.0;0;0.0;0;37.29;0.0;0.0;0.0;8.64
2021;1;207;beauce_5_sa_087;BTH;;3.91;0.47;50.24;10.22;81.73;12.88;24.1;0.06;0.01;0;48.09;0;-157.29;0.02;0.04;0.47;3.91
2021;208;271;beauce_5_sa_087;solnu;;0.58;0.0;29.07;-12.88;0.0;24.1;39.64;0.03;0.04;0;0;0;-175.07;0.02;0.01;0.0;0.58
2021;272;365;beauce_5_sa_087;BTH;;2.48;0.0;15.76;-44.21;0.0;39.9;10.96;0.0;0.0;0;0.0;0;-63.08;0.0;0.0;0.0;2.48
2021;1;214;beauce_5_sa_088;BTH;;4.45;0.35;54.51;2.71;75.99;14.97;19.02;0.05;0.0;0;44.72;0;-140.75;0.02;0.04;0.35;4.45
2021;215;291;beauce_5_sa_088;solnu;;0.68;0.0;29.93;-41.01;0.0;19.02;9.46;0.02;0.02;0;0;0;-192.35;0.01;0.01;0.0;0.68
2021;292;365;beauce_5_sa_088;BTH;;1.76;0.0;10.72;-12.99;0.0;9.46;7.78;0.0;0.0;0;0.0;0;-33.39;0.0;0.0;0.0;1.76
2021;1;181;beauce_5_sa_089;BTH;;5.84;1.15;37.62;2.24;127.75;21.27;14.68;0.08;0.0;0;75.17;0;-31.59;0.05;0.03;1.15;5.84
2021;182;317;beauce_5_sa_089;solnu;;2.65;0.0;51.79;-51.59;0.0;14.68;16.31;0.03;0.03;0;0;0;-265.63;0.01;0.02;0.0;2.65
2021;318;365;beauce_5_sa_089;BTH;;2.24;0.0;5.31;-5.43;0.0;16.26;14.07;0.0;0.0;0;0.0;0;13.83;0.0;0.0;0.0;2.24
2021;1;211;beauce_5_sa_090;BTH;;2.73;0.0;52.24;21.11;56.84;9.16;23.35;0.05;0.0;0;33.45;0;-269.89;0.0;0.04;0.0;2.73
2021;212;268;beauce_5_sa_090;solnu;;0.38;0.0;25.91;-40.95;0.0;23.35;10.8;0.02;0.03;0;0;0;-214.68;0.02;0.0;0.0;0.38
2021;269;365;beauce_5_sa_090;BTH;;2.06;0.0;17.26;-16.86;0.0;10.78;9.14;0.0;0.0;0;0.0;0;-32.87;0.0;0.0;0.0;2.06
2021;1;196;beauce_5_sa_091;BTH;;3.09;0.23;44.84;16.73;56.58;9.56;29.52;0.07;0.01;0;34.18;0;-175.59;0.03;0.04;0.23;3.09
2021;197;264;beauce_5_sa_091;solnu;;0.63;0.0;31.7;-10.79;0.0;29.52;49.7;0.04;0.05;0;0;0;-201.52;0.03;0.01;0.0;0.63
2021;265;365;beauce_5_sa_091;BTH;;3.58;0.0;18.2;-47.56;1.5;50.43;15.35;0.0;0.0;0;0.88;0;-49.44;0.0;0.0;0.0;3.58
2021;1;186;beauce_5_sa_092;BTH;;5.06;0.08;40.09;5.14;62.12;21.73;7.71;0.03;0.0;0;36.87;0;-100.72;0.0;0.03;0.08;5.06
2021;187;286;beauce_5_sa_092;solnu;;0.71;0.0;42.1;-40.63;0.0;7.71;9.15;0.02;0.02;0;0;0;-246.36;0.01;0.02;0.0;0.71
2021;287;365;beauce_5_sa_092;BTH;;1.7;0.14;11.72;-12.62;0.0;9.15;7.5;0.0;0.0;0;0.0;0;-31.7;0.0;0.0;0.14;1.7
2021;1;208;beauce_5_sa_093;BTH;;2.6;0.0;50.47;19.92;57.29;9.55;20.35;0.04;0.0;0;33.71;0;-270.22;0.0;0.04;0.0;2.6
2021;209;268;beauce_5_sa_093;solnu;;0.36;0.0;27.88;-42.16;0.0;20.35;9.64;0.01;0.03;0;0;0;-229.41;0.01;0.0;0.0;0.36
2021;269;365;beauce_5_sa_093;BTH;;1.83;0.0;17.23;-15.19;0.36;9.64;9.48;0.0;0.0;0;0.21;0;-27.16;0.0;0.0;0.0;1.83
2021;1;205;beauce_5_sa_094;BTH;;5.03;0.0;48.51;-4.0;48.99;16.03;7.93;0.03;0.0;0;28.83;0;-129.01;0.0;0.03;0.0;5.03
2021;206;315;beauce_5_sa_094;solnu;;0.9;0.0;39.91;-41.67;0.0;7.93;5.95;0.02;0.0;0;0;0;-223.49;0.0;0.01;0.0;0.9
2021;316;365;beauce_5_sa_094;BTH;;0.89;0.0;5.55;-5.67;0.0;5.86;4.97;0.0;0.0;0;0.0;0;-6.54;0.0;0.0;0.0;0.89
2021;1;220;beauce_5_sa_095;BTH;;3.36;0.09;57.0;14.49;61.54;11.14;24.98;0.05;0.0;0;36.21;0;-248.54;0.01;0.04;0.09;3.36
2021;221;280;beauce_5_sa_095;solnu;;0.47;0.0;25.24;-42.82;0.0;24.98;11.56;0.02;0.03;0;0;0;-205.81;0.01;0.0;0.0;0.47
2021;281;365;beauce_5_sa_095;BTH;;2.17;0.0;13.47;-13.41;0.0;11.56;9.45;0.0;0.0;0;0.0;0;-5.02;0.0;0.0;0.0;2.17
2021;1;188;beauce_5_sa_096;BTH;;11.15;1.37;41.13;6.6;150.67;32.23;21.72;0.1;0.0;0;88.66;0;-143.21;0.06;0.04;1.37;11.15
2021;189;304;beauce_5_sa_096;solnu;;2.4;0.0;45.03;-1.75;0.0;21.72;62.83;0.05;0.03;0;0;0;-265.39;0.02;0.03;0.0;2.4
2021;305;365;beauce_5_sa_096;BTH;;4.57;0.0;7.91;-47.24;0.0;62.98;20.77;0.01;0.0;0;0.0;0;-52.92;0.01;0.0;0.0;4.57
2021;1;211;beauce_5_sa_097;BTH;;3.44;0.0;52.25;16.45;59.48;11.73;18.15;0.04;0.0;0;35.15;0;-225.48;0.0;0.04;0.0;3.44
2021;212;281;beauce_5_sa_097;solnu;;0.45;0.0;29.73;-42.0;0.0;18.15;8.24;0.01;0.02;0;0;0;-227.69;0.01;0.0;0.0;0.45
2021;282;365;beauce_5_sa_097;BTH;;1.57;0.02;13.22;-14.14;0.21;8.28;7.32;0.0;0.0;0;0.12;0;-10.15;0.0;0.0;0.02;1.57
2021;1;183;beauce_5_sa_098;BTH;;3.69;0.0;38.63;-0.27;42.1;12.57;5.92;0.02;0.0;0;24.77;0;-125.98;0.0;0.02;0.0;3.69
2021;184;278;beauce_5_sa_098;solnu;;0.62;0.0;41.19;-10.01;0.0;5.92;36.41;0.03;0.02;0;0;0;-241.86;0.01;0.02;0.0;0.62
2021;279;365;beauce_5_sa_098;BTH;;1.66;0.0;13.81;-38.25;3.0;36.7;7.31;0.0;0.0;0;1.77;0;-45.89;0.0;0.0;0.0;1.66
2021;1;174;beauce_5_sa_099;BTH;;7.02;1.37;34.47;36.07;90.89;31.07;106.67;0.12;0.02;0;70.36;0;-162.99;0.07;0.04;1.37;7.02
2021;175;266;beauce_5_sa_099;solnu;;8.18;0.0;43.08;-0.5;0.0;106.67;141.66;0.13;0.09;0;0;0;-285.98;0.11;0.03;0.0;8.18
2021;267;365;beauce_5_sa_099;BTH;;15.8;0.0;17.41;-70.46;4.5;142.01;68.31;0.0;0.0;0;2.65;0;-20.36;0.0;0.0;0.0;15.8
2022;1;200;beauce_5_sa_000;BTH;;4.28;0.0;50.01;11.53;60.68;14.7;11.24;0.04;0.0;0;35.71;0;-260.45;0.0;0.04;0.0;4.28
2022;201;317;beauce_5_sa_000;solnu;;1.8;0.0;41.25;-4.95;0.0;11.24;45.63;0.08;0.03;0;0;0;-273.44;0.05;0.02;0.0;1.8
2022;318;365;beauce_5_sa_000;BTH;;1.49;0.01;4.82;-30.02;0.0;45.87;21.2;0.01;0.0;0;0.0;0;-48.32;0.01;0.0;0.01;1.49
2022;1;209;beauce_5_sa_001;BTH;;0.9;0.24;57.52;23.61;69.68;4.55;32.98;0.05;0.0;0;41.24;0;-255.22;0.0;0.05;0.24;0.9
2022;210;261;beauce_5_sa_001;solnu;;0.87;0.0;25.19;-54.65;0.0;32.98;5.25;0.02;0.0;0;0;0;-152.02;0.02;0.0;0.0;0.87
2022;262;365;beauce_5_sa_001;BTH;;0.66;0.0;18.65;-16.97;0.3;5.27;5.97;0.0;0.0;0;0.17;0;12.63;0.0;0.0;0.0;0.66
2022;1;206;beauce_5_sa_002;BTH;;6.74;0.13;55.69;37.54;81.89;34.19;48.5;0.07;0.0;0;50.43;0;-250.64;0.02;0.06;0.13;6.74
2022;207;261;beauce_5_sa_002;solnu;;2.73;0.0;25.91;-14.55;0.0;48.5;56.99;0.07;0.05;0;0;0;-173.98;0.06;0.01;0.0;2.73
2022;262;365;beauce_5_sa_002;BTH;;4.42;0.38;18.31;-48.72;2.32;57.32;52.1;0.02;0.0;0;1.36;0;-94.39;0.01;0.0;0.38;4.42
2022;1;197;beauce_5_sa_003;BTH;;1.43;0.17;49.91;10.46;67.31;4.79;9.05;0.04;0.0;0;39.61;0;-143.8;0.0;0.04;0.17;1.43
2022;198;295;beauce_5_sa_003;solnu;;0.66;0.0;39.04;-40.6;0.0;9.05;11.32;0.03;0.03;0;0;0;-266.85;0.02;0.01;0.0;0.66
2022;296;365;beauce_5_sa_003;BTH;;1.23;0.0;8.85;-9.51;0.0;11.23;9.97;0.0;0.0;0;0.0;0;-8.81;0.0;0.0;0.0;1.23
2022;1;184;beauce_5_sa_004;BTH;;9.91;1.18;47.53;31.37;129.0;81.29;109.07;0.17;0.02;0;81.52;0;-135.1;0.12;0.05;1.18;9.91
2022;185;258;beauce_5_sa_004;solnu;;4.29;0.0;38.01;-112.94;0.0;109.07;29.8;0.04;0.01;0;0;0;-49.73;0.03;0.01;0.0;4.29
2022;259;365;beauce_5_sa_004;BTH;;3.44;0.55;20.86;28.62;41.18;30.42;34.62;0.04;0.0;0;24.23;0;56.14;0.01;0.03;0.55;3.44
2022;1;190;beauce_5_sa_005;BTH;;1.77;0.13;47.19;14.61;64.54;5.85;11.37;0.04;0.0;0;37.98;0;-177.82;0.0;0.04;0.13;1.77
2022;191;283;beauce_5_sa_005;solnu;;0.86;0.0;37.98;-32.91;0.0;11.37;15.5;0.04;0.04;0;0;0;-233.06;0.03;0.02;0.0;0.86
2022;284;365;beauce_5_sa_005;BTH;;1.7;0.0;12.32;-14.04;0.0;15.39;13.72;0.0;0.0;0;0.0;0;-62.65;0.0;0.0;0.0;1.7
2022;1;187;beauce_5_sa_006;BTH;;2.15;0.0;46.09;19.49;54.1;7.29;16.73;0.04;0.0;0;31.83;0;-216.01;0.0;0.04;0.0;2.15
2022;188;269;beauce_5_sa_006;solnu;;0.83;0.0;35.23;-24.39;0.0;16.73;26.65;0.05;0.04;0;0;0;-235.78;0.03;0.02;0.0;0.83
2022;270;365;beauce_5_sa_006;BTH;;2.32;0.0;16.47;-25.61;0.0;21.83;16.32;0.0;0.0;0;0.0;0;-70.78;0.0;0.0;0.0;2.32
2022;1;198;beauce_5_sa_007;BTH;;2.61;0.07;50.36;24.26;59.81;8.84;26.31;0.05;0.0;0;35.19;0;-258.76;0.0;0.05;0.07;2.61
2022;199;267;beauce_5_sa_007;solnu;;1.07;0.0;30.45;-12.52;0.0;26.31;43.07;0.05;0.04;0;0;0;-206.1;0.04;0.01;0.0;1.07
2022;268;365;beauce_5_sa_007;BTH;;2.67;0.0;16.65;-39.29;0.0;43.29;19.15;0.0;0.0;0;0.0;0;-80.84;0.0;0.0;0.0;2.67
2022;1;208;beauce_5_sa_008;BTH;;2.77;0.0;54.59;20.16;52.36;9.36;28.93;0.05;0.0;0;31.69;0;-275.51;0.0;0.05;0.0;2.77
2022;209;269;beauce_5_sa_008;solnu;;1.11;0.0;26.79;-15.48;0.0;28.93;39.04;0.05;0.04;0;0;0;-179.51;0.04;0.01;0.0;1.11
2022;270;365;beauce_5_sa_008;BTH;;2.43;0.0;16.36;-36.53;0.0;39.38;17.53;0.0;0.0;0;0.0;0;-68.45;0.0;0.0;0.0;2.43
2022;1;183;beauce_5_sa_009;BTH;;17.87;1.94;45.58;25.38;144.93;65.02;116.58;0.08;0.02;0;85.28;0;7.66;0.04;0.04;1.94;17.87
2022;184;302;beauce_5_sa_009;solnu;;3.37;0.0;46.85;-72.13;0.0;116.58;87.9;0.13;0.08;0;0;0;-174.28;0.1;0.02;0.0;3.37
2022;303;365;beauce_5_sa_009;BTH;;9.67;0.02;8.13;-9.5;0.0;87.74;78.34;0.0;0.0;0;0.0;0;45.52;0.0;0.0;0.02;9.67
2022;1;217;beauce_5_sa_010;BTH;;20.17;1.22;60.8;32.65;82.1;60.34;142.91;0.17;0.01;0;48.43;0;-174.66;0.11;0.06;1.22;20.17
2022;218;260;beauce_5_sa_010;solnu;;7.75;0.0;21.23;-49.17;0.0;142.91;107.06;0.07;0.08;0;0;0;-124.74;0.07;0.0;0.0;7.75
2022;261;365;beauce_5_sa_010;BTH;;12.1;0.0;19.48;-33.2;2.14;101.14;79.11;0.0;0.0;0;1.26;0;25.32;0.0;0.0;0.0;12.1
2022;1;175;beauce_5_sa_011;BTH;;2.98;0.0;40.08;19.02;61.07;10.25;4.39;0.04;0.0;0;35.94;0;-189.27;0.0;0.04;0.0;2.98
2022;176;281;beauce_5_sa_011;solnu;;1.02;0.0;44.26;-27.86;0.0;4.39;19.73;0.05;0.04;0;0;0;-294.08;0.03;0.02;0.0;1.02
2022;282;365;beauce_5_sa_011;BTH;;1.81;0.0;13.07;-19.54;0.0;18.27;14.65;0.0;0.0;0;0.0;0;-74.88;0.0;0.0;0.0;1.81
2022;1;208;beauce_5_sa_012;BTH;;7.17;1.46;55.56;16.7;125.88;24.96;73.17;0.11;0.01;0;74.07;0;-2.64;0.07;0.05;1.46;7.17
2022;209;310;beauce_5_sa_012;solnu;;4.42;0.0;38.78;-58.23;0.0;73.17;49.87;0.11;0.06;0;0;0;-170.19;0.09;0.02;0.0;4.42
2022;311;365;beauce_5_sa_012;BTH;;3.56;0.0;6.28;-7.01;0.0;49.65;46.39;0.0;0.0;0;0.0;0;8.09;0.0;0.0;0.0;3.56
2022;1;186;beauce_5_sa_013;BTH;;0.86;0.0;46.14;19.96;52.4;5.96;18.66;0.04;0.0;0;34.04;0;-240.83;0.0;0.04;0.0;0.86
2022;187;260;beauce_5_sa_013;solnu;;0.34;0.0;34.35;-51.97;0.0;18.66;2.1;0.01;0.0;0;0;0;-219.37;0.01;0.01;0.0;0.34
2022;261;365;beauce_5_sa_013;BTH;;0.26;0.0;18.94;-13.17;3.23;1.99;4.38;0.0;0.0;0;1.9;0;-18.0;0.0;0.0;0.0;0.26
2022;1;226;beauce_5_sa_014;BTH;;6.56;1.38;68.31;16.99;148.42;18.69;52.27;0.14;0.01;0;87.33;0;-87.27;0.08;0.05;1.38;6.56
2022;227;286;beauce_5_sa_014;solnu;;3.06;0.0;22.44;-45.08;0.0;52.27;31.52;0.03;0.05;0;0;0;-154.86;0.03;0.0;0.0;3.06
2022;287;365;beauce_5_sa_014;BTH;;3.47;0.0;11.65;-14.01;0.0;31.52;28.07;0.0;0.0;0;0.0;0;-5.22;0.0;0.0;0.0;3.47
2022;1;197;beauce_5_sa_015;BTH;;1.68;0.0;50.1;19.8;61.37;5.51;12.41;0.04;0.0;0;36.92;0;-195.33;0.0;0.04;0.0;1.68
2022;198;289;beauce_5_sa_015;solnu;;0.78;0.0;37.3;-38.33;0.0;12.41;12.86;0.04;0.03;0;0;0;-264.86;0.02;0.01;0.0;0.78
2022;290;365;beauce_5_sa_015;BTH;;1.43;0.09;10.6;-15.77;1.34;12.86;12.83;0.0;0.0;0;0.79;0;-24.69;0.0;0.0;0.09;1.43
2022;1;186;beauce_5_sa_016;BTH;;1.97;0.0;45.16;20.14;58.65;8.6;13.25;0.04;0.0;0;35.39;0;-222.04;0.0;0.04;0.0;1.97
2022;187;276;beauce_5_sa_016;solnu;;0.78;0.0;37.24;-9.42;0.0;13.25;40.2;0.05;0.04;0;0;0;-248.65;0.03;0.02;0.0;0.78
2022;277;365;beauce_5_sa_016;BTH;;2.23;0.03;14.64;-37.05;0.0;40.59;16.27;0.01;0.0;0;0.0;0;-79.52;0.0;0.0;0.03;2.23
2022;1;207;beauce_5_sa_017;BTH;;4.36;0.13;53.78;20.36;87.15;22.05;14.7;0.05;0.0;0;51.81;0;-134.27;0.0;0.05;0.13;4.36
2022;208;316;beauce_5_sa_017;solnu;;1.58;0.0;38.84;-43.32;0.0;14.7;13.52;0.04;0.03;0;0;0;-271.73;0.02;0.01;0.0;1.58
2022;317;365;beauce_5_sa_017;BTH;;0.95;0.32;5.13;-11.88;0.78;13.52;30.1;0.01;0.0;0;0.46;0;-7.77;0.01;0.0;0.32;0.95
2022;1;199;beauce_5_sa_018;BTH;;1.67;0.0;50.87;17.26;54.31;5.81;17.89;0.04;0.0;0;31.96;0;-221.58;0.0;0.04;0.0;1.67
2022;200;277;beauce_5_sa_018;solnu;;0.71;0.0;32.77;-36.49;0.0;17.89;15.21;0.04;0.03;0;0;0;-231.14;0.03;0.01;0.0;0.71
2022;278;365;beauce_5_sa_018;BTH;;1.9;0.0;14.46;-14.9;0.0;15.11;13.37;0.0;0.0;0;0.0;0;-37.29;0.0;0.0;0.0;1.9
2022;1;198;beauce_5_sa_019;BTH;;1.75;0.0;50.13;10.67;58.69;5.98;6.31;0.04;0.0;0;34.54;0;-194.81;0.0;0.04;0.0;1.75
2022;199;317;beauce_5_sa_019;solnu;;1.07;0.0;42.36;-39.18;0.0;6.31;10.27;0.04;0.02;0;0;0;-279.5;0.02;0.02;0.0;1.07
2022;318;365;beauce_5_sa_019;BTH;;0.69;0.0;4.89;-5.38;0.0;10.25;9.61;0.0;0.0;0;0.0;0;-16.81;0.0;0.0;0.0;0.69
2022;1;214;beauce_5_sa_020;BTH;;1.98;0.12;56.4;7.54;61.98;6.79;15.78;0.04;0.0;0;36.47;0;-186.96;0.0;0.04;0.12;1.98
2022;215;312;beauce_5_sa_020;solnu;;1.37;0.0;35.54;-39.9;0.0;15.78;11.82;0.04;0.03;0;0;0;-224.78;0.03;0.01;0.0;1.37
2022;313;365;beauce_5_sa_020;BTH;;0.8;0.0;5.66;-6.56;0.0;11.82;11.04;0.0;0.0;0;0.0;0;-22.87;0.0;0.0;0.0;0.8
2022;1;222;beauce_5_sa_021;BTH;;3.6;0.17;62.13;15.6;55.19;11.47;43.28;0.06;0.0;0;32.47;0;-235.83;0.02;0.05;0.17;3.6
2022;223;279;beauce_5_sa_021;solnu;;1.64;0.0;22.98;-40.92;0.0;43.28;24.62;0.04;0.04;0;0;0;-145.27;0.03;0.0;0.0;1.64
2022;280;365;beauce_5_sa_021;BTH;;2.93;0.0;13.72;-14.14;0.0;24.57;21.72;0.0;0.0;0;0.0;0;-34.81;0.0;0.0;0.0;2.93
2022;1;193;beauce_5_sa_022;BTH;;9.46;0.87;50.21;32.33;81.33;33.79;90.3;0.07;0.0;0;49.57;0;-192.81;0.02;0.05;0.87;9.46
2022;194;266;beauce_5_sa_022;solnu;;2.75;0.0;33.7;-96.56;0.0;90.3;24.64;0.04;0.02;0;0;0;-135.87;0.03;0.01;0.0;2.75
2022;267;365;beauce_5_sa_022;BTH;;2.5;0.0;17.58;22.16;33.08;24.95;28.75;0.03;0.0;0;19.47;0;12.66;0.01;0.02;0.0;2.5
2022;1;181;beauce_5_sa_023;BTH;;2.8;0.02;42.55;14.16;59.6;9.55;5.2;0.03;0.0;0;35.07;0;-172.71;0.0;0.03;0.02;2.8
2022;182;298;beauce_5_sa_023;solnu;;0.93;0.0;46.28;-36.2;0.0;5.2;15.76;0.05;0.03;0;0;0;-313.07;0.03;0.02;0.0;0.93
2022;299;365;beauce_5_sa_023;BTH;;1.72;0.0;8.32;-8.91;0.0;15.65;13.95;0.0;0.0;0;0.0;0;-25.02;0.0;0.0;0.0;1.72
2022;1;207;beauce_5_sa_024;BTH;;2.33;0.0;54.4;19.86;53.1;8.01;26.76;0.04;0.0;0;31.25;0;-259.27;0.0;0.04;0.0;2.33
2022;208;271;beauce_5_sa_024;solnu;;0.99;0.0;27.83;-35.62;0.0;26.76;18.43;0.04;0.04;0;0;0;-186.4;0.04;0.01;0.0;0.99
2022;272;365;beauce_5_sa_024;BTH;;2.38;0.0;16.0;-17.33;0.0;18.43;16.08;0.0;0.0;0;0.0;0;-58.97;0.0;0.0;0.0;2.38
2022;1;179;beauce_5_sa_025;BTH;;2.53;0.54;42.03;12.58;80.94;8.37;20.65;0.09;0.02;0;47.63;0;-71.84;0.06;0.03;0.54;2.53
2022;180;271;beauce_5_sa_025;solnu;;1.08;0.0;40.74;-36.69;0.0;20.65;24.64;0.06;0.05;0;0;0;-224.85;0.04;0.02;0.0;1.08
2022;272;365;beauce_5_sa_025;BTH;;3.19;0.01;16.32;-19.26;0.0;24.64;21.52;0.0;0.0;0;0.0;0;-47.8;0.0;0.0;0.01;3.19
2022;1;214;beauce_5_sa_026;BTH;;3.78;0.0;56.77;23.6;52.33;12.45;36.65;0.05;0.0;0;30.79;0;-298.19;0.0;0.05;0.0;3.78
2022;215;262;beauce_5_sa_026;solnu;;1.42;0.0;22.88;-16.49;0.0;36.65;41.52;0.05;0.04;0;0;0;-156.19;0.04;0.01;0.0;1.42
2022;263;365;beauce_5_sa_026;BTH;;2.95;0.0;18.18;-37.38;0.0;42.09;20.32;0.0;0.0;0;0.0;0;-77.45;0.0;0.0;0.0;2.95
2022;1;209;beauce_5_sa_027;BTH;;1.57;0.0;54.88;15.08;56.81;5.39;16.91;0.04;0.0;0;33.43;0;-232.12;0.0;0.04;0.0;1.57
2022;210;291;beauce_5_sa_027;solnu;;0.85;0.0;33.06;-41.54;0.0;16.91;12.02;0.03;0.03;0;0;0;-245.76;0.02;0.01;0.0;0.85
2022;292;365;beauce_5_sa_027;BTH;;1.32;0.0;9.92;-9.99;0.0;12.0;10.73;0.0;0.0;0;0.0;0;-9.52;0.0;0.0;0.0;1.32
2022;1;224;beauce_5_sa_028;BTH;;3.92;0.41;65.16;16.22;80.61;12.75;40.29;0.08;0.0;0;47.43;0;-249.86;0.03;0.05;0.41;3.92
2022;225;270;beauce_5_sa_028;solnu;;1.32;0.0;19.4;-52.93;0.0;40.29;8.43;0.0;0.0;0;0;0;-139.04;0.0;0.0;0.0;1.32
2022;271;365;beauce_5_sa_028;BTH;;1.01;0.0;16.15;-16.25;0.0;8.39;7.31;0.0;0.0;0;0.0;0;37.05;0.0;0.0;0.0;1.01
2022;1;229;beauce_5_sa_029;BTH;;4.2;0.05;67.54;23.95;63.97;13.71;40.58;0.07;0.0;0;38.42;0;-331.66;0.01;0.06;0.05;4.2
2022;230;280;beauce_5_sa_029;solnu;;1.76;0.0;17.42;-39.01;0.0;40.58;20.77;0.03;0.04;0;0;0;-147.7;0.03;0.0;0.0;1.76
2022;281;365;beauce_5_sa_029;BTH;;2.3;0.1;13.24;-21.09;1.63;20.95;18.58;0.0;0.0;0;0.96;0;-47.88;0.0;0.0;0.1;2.3
2022;1;184;beauce_5_sa_030;BTH;;2.08;0.0;44.06;14.71;59.87;7.02;3.78;0.04;0.0;0;35.23;0;-179.78;0.0;0.04;0.0;2.08
2022;185;299;beauce_5_sa_030;solnu;;0.82;0.0;44.98;-41.46;0.0;3.78;11.23;0.03;0.03;0;0;0;-319.76;0.02;0.01;0.0;0.82
2022;300;365;beauce_5_sa_030;BTH;;1.23;0.0;8.11;-8.1;0.0;11.22;10.01;0.0;0.0;0;0.0;0;-4.42;0.0;0.0;0.0;1.23
2022;1;209;beauce_5_sa_031;BTH;;1.97;0.6;57.95;21.34;100.93;7.21;28.15;0.06;0.01;0;59.39;0;-182.41;0.01;0.05;0.6;1.97
2022;210;275;beauce_5_sa_031;solnu;;0.92;0.0;28.64;-54.33;0.0;28.15;5.61;0.02;0.0;0;0;0;-190.53;0.02;0.0;0.0;0.92
2022;276;365;beauce_5_sa_031;BTH;;0.68;0.0;15.07;-15.0;0.0;5.62;4.99;0.0;0.0;0;0.0;0;30.1;0.0;0.0;0.0;0.68
2022;1;172;beauce_5_sa_032;BTH;;23.97;1.75;39.9;35.18;102.47;84.02;163.46;0.05;0.0;0;68.25;0;-63.44;0.0;0.05;1.75;23.97
2022;173;271;beauce_5_sa_032;solnu;;7.04;0.0;43.54;2.13;0.0;163.46;201.85;0.14;0.09;0;0;0;-229.72;0.12;0.03;0.0;7.04
2022;272;365;beauce_5_sa_032;BTH;;14.54;0.0;16.39;-87.09;12.0;202.18;104.6;0.01;0.0;0;7.06;0;15.42;0.01;0.0;0.0;14.54
2022;1;208;beauce_5_sa_033;BTH;;3.7;0.0;53.92;17.25;85.29;8.45;17.67;0.07;0.0;0;50.19;0;-224.1;0.01;0.05;0.0;3.7
2022;209;304;beauce_5_sa_033;solnu;;1.25;0.0;35.77;-8.56;0.0;17.67;43.55;0.06;0.03;0;0;0;-226.01;0.04;0.02;0.0;1.25
2022;305;365;beauce_5_sa_033;BTH;;2.14;0.36;7.26;-33.59;0.0;43.34;19.34;0.01;0.0;0;0.0;0;-87.75;0.01;0.0;0.36;2.14
2022;1;209;beauce_5_sa_034;BTH;;3.0;0.0;55.22;21.63;52.31;9.85;31.35;0.05;0.0;0;30.78;0;-272.93;0.0;0.05;0.0;3.0
2022;210;264;beauce_5_sa_034;solnu;;0.9;0.0;25.53;-47.28;0.0;31.35;9.07;0.02;0.02;0;0;0;-165.93;0.02;0.0;0.0;0.9
2022;265;365;beauce_5_sa_034;BTH;;1.16;0.0;17.59;-17.74;0.0;9.34;8.01;0.0;0.0;0;0.0;0;-29.9;0.0;0.0;0.0;1.16
2022;1;173;beauce_5_sa_035;BTH;;3.21;0.0;39.44;17.32;58.4;10.94;4.93;0.03;0.0;0;34.36;0;-172.71;0.0;0.03;0.0;3.21
2022;174;296;beauce_5_sa_035;solnu;;1.19;0.0;49.08;-40.52;0.0;4.93;16.0;0.04;0.03;0;0;0;-343.06;0.02;0.02;0.0;1.19
2022;297;365;beauce_5_sa_035;BTH;;1.76;0.0;8.68;-8.71;0.0;16.18;14.26;0.0;0.0;0;0.0;0;-9.78;0.0;0.0;0.0;1.76
2022;1;220;beauce_5_sa_036;BTH;;2.82;0.0;59.85;13.39;51.68;9.34;28.07;0.06;0.0;0;30.41;0;-272.2;0.01;0.04;0.0;2.82
2022;221;288;beauce_5_sa_036;solnu;;1.22;0.0;27.19;-15.32;0.0;28.07;38.64;0.04;0.03;0;0;0;-174.63;0.03;0.01;0.0;1.22
2022;289;365;beauce_5_sa_036;BTH;;1.95;0.0;10.69;-32.58;0.0;38.84;15.84;0.0;0.0;0;0.0;0;-53.89;0.0;0.0;0.0;1.95
2022;1;199;beauce_5_sa_037;BTH;;4.14;0.02;49.89;12.06;63.29;14.18;9.84;0.04;0.0;0;37.24;0;-254.96;0.0;0.04;0.02;4.14
2022;200;315;beauce_5_sa_037;solnu;;1.66;0.0;41.21;-6.52;0.0;9.84;42.76;0.07;0.03;0;0;0;-273.85;0.05;0.02;0.0;1.66
2022;316;365;beauce_5_sa_037;BTH;;1.34;0.0;5.2;-29.59;0.0;42.95;18.88;0.01;0.0;0;0.0;0;-54.77;0.01;0.0;0.0;1.34
2022;1;174;beauce_5_sa_038;BTH;;11.19;1.75;42.07;30.91;107.14;51.71;137.13;0.13;0.01;0;73.0;0;-114.97;0.09;0.04;1.75;11.19
2022;175;260;beauce_5_sa_038;solnu;;5.46;0.0;42.42;-97.98;0.0;137.13;75.96;0.09;0.06;0;0;0;-83.02;0.07;0.02;0.0;5.46
2022;261;365;beauce_5_sa_038;BTH;;7.15;0.0;20.18;26.69;57.23;76.89;58.39;0.05;0.0;0;33.68;0;17.29;0.02;0.03;0.0;7.15
2022;1;220;beauce_5_sa_039;BTH;;2.24;0.42;59.74;9.0;83.85;7.68;21.62;0.07;0.01;0;49.34;0;-124.94;0.03;0.04;0.42;2.24
2022;221;312;beauce_5_sa_039;solnu;;1.52;0.0;32.69;-45.7;0.0;21.62;13.42;0.03;0.03;0;0;0;-230.93;0.02;0.01;0.0;1.52
2022;313;365;beauce_5_sa_039;BTH;;0.9;0.0;5.66;-6.62;0.0;13.42;12.56;0.0;0.0;0;0.0;0;-7.43;0.0;0.0;0.0;0.9
2022;1;209;beauce_5_sa_040;BTH;;3.43;0.12;53.9;11.3;65.84;11.79;16.52;0.04;0.0;0;38.74;0;-257.55;0.0;0.04;0.12;3.43
2022;210;312;beauce_5_sa_040;solnu;;1.81;0.0;36.8;-7.39;0.0;16.52;44.01;0.07;0.03;0;0;0;-234.52;0.05;0.02;0.0;1.81
2022;313;365;beauce_5_sa_040;BTH;;1.38;0.0;5.58;-30.58;0.0;44.2;19.11;0.0;0.0;0;0.0;0;-54.02;0.0;0.0;0.0;1.38
2022;1;170;beauce_5_sa_041;BTH;;30.21;2.26;39.94;23.97;92.38;96.81;206.99;0.23;0.05;0;60.86;0;11.18;0.19;0.04;2.26;30.21
2022;171;258;beauce_5_sa_041;solnu;;19.67;0.0;41.29;-2.63;0.0;206.99;225.77;0.12;0.08;0;0;0;-183.67;0.1;0.02;0.0;19.67
2022;259;365;beauce_5_sa_041;BTH;;22.5;0.0;20.4;-69.26;11.31;226.22;143.12;0.0;0.0;0;6.66;0;28.84;0.0;0.0;0.0;22.5
2022;1;179;beauce_5_sa_042;BTH;;4.32;0.59;41.76;19.45;91.42;14.8;23.99;0.09;0.01;0;55.83;0;-115.8;0.05;0.04;0.59;4.32
2022;180;280;beauce_5_sa_042;solnu;;1.81;0.0;43.07;-3.37;0.0;23.99;61.75;0.08;0.05;0;0;0;-249.54;0.06;0.03;0.0;1.81
2022;281;365;beauce_5_sa_042;BTH;;3.41;0.06;13.52;-49.98;0.36;62.23;27.7;0.0;0.0;0;0.21;0;-61.06;0.0;0.0;0.06;3.41
2022;1;214;beauce_5_sa_043;BTH;;2.35;0.0;56.28;16.19;57.21;8.03;20.95;0.04;0.0;0;33.66;0;-274.63;0.0;0.04;0.0;2.35
2022;215;296;beauce_5_sa_043;solnu;;1.07;0.0;32.16;-11.71;0.0;20.95;40.25;0.05;0.03;0;0;0;-212.16;0.04;0.01;0.0;1.07
2022;297;365;beauce_5_sa_043;BTH;;1.8;0.0;8.57;-33.87;0.0;40.53;14.73;0.0;0.0;0;0.0;0;-56.66;0.0;0.0;0.0;1.8
2022;1;188;beauce_5_sa_044;BTH;;9.16;1.23;47.69;19.33;111.58;31.96;68.71;0.12;0.01;0;65.66;0;-35.09;0.08;0.04;1.23;9.16
2022;189;306;beauce_5_sa_044;solnu;;4.57;0.0;45.38;-60.91;0.0;68.71;49.4;0.09;0.07;0;0;0;-177.96;0.07;0.02;0.0;4.57
2022;307;365;beauce_5_sa_044;BTH;;3.56;0.0;7.1;-7.18;0.0;49.26;45.76;0.0;0.0;0;0.0;0;28.08;0.0;0.0;0.0;3.56
2022;1;225;beauce_5_sa_045;BTH;;5.16;0.62;64.65;18.08;96.57;12.17;39.45;0.09;0.0;0;56.82;0;-166.17;0.03;0.05;0.62;5.16
2022;226;300;beauce_5_sa_045;solnu;;1.98;0.0;25.69;-47.17;0.0;39.45;21.79;0.03;0.04;0;0;0;-220.11;0.03;0.0;0.0;1.98
2022;301;365;beauce_5_sa_045;BTH;;2.4;0.0;7.91;-8.34;0.0;21.88;19.43;0.0;0.0;0;0.0;0;4.17;0.0;0.0;0.0;2.4
2022;1;220;beauce_5_sa_046;BTH;;3.5;0.36;59.79;19.69;72.03;11.17;42.02;0.09;0.01;0;42.39;0;-231.61;0.05;0.05;0.36;3.5
2022;221;280;beauce_5_sa_046;solnu;;1.76;0.0;24.57;-14.16;0.0;42.02;50.58;0.05;0.05;0;0;0;-149.76;0.04;0.01;0.0;1.76
2022;281;365;beauce_5_sa_046;BTH;;2.93;0.0;13.32;-39.28;0.0;50.99;23.67;0.0;0.0;0;0.0;0;-67.23;0.0;0.0;0.0;2.93
2022;1;229;beauce_5_sa_047;BTH;;3.95;0.0;66.97;16.97;55.35;13.15;37.73;0.06;0.0;0;32.57;0;-343.46;0.01;0.05;0.0;3.95
2022;230;290;beauce_5_sa_047;solnu;;1.48;0.0;20.13;-16.42;0.0;37.73;39.89;0.04;0.04;0;0;0;-131.37;0.03;0.01;0.0;1.48
2022;291;365;beauce_5_sa_047;BTH;;2.27;0.01;10.25;-32.18;0.0;40.36;18.42;0.0;0.0;0;0.0;0;-66.31;0.0;0.0;0.01;2.27
2022;1;183;beauce_5_sa_048;BTH;;6.5;0.15;44.01;21.44;84.01;28.46;13.22;0.04;0.0;0;50.85;0;-119.44;0.01;0.04;0.15;6.5
2022;184;298;beauce_5_sa_048;solnu;;1.71;0.0;45.43;-42.56;0.0;13.22;19.67;0.04;0.03;0;0;0;-323.97;0.02;0.02;0.0;1.71
2022;299;365;beauce_5_sa_048;BTH;;2.18;0.28;8.35;-12.04;1.33;19.6;33.86;0.01;0.0;0;0.78;0;3.75;0.01;0.0;0.28;2.18
2022;1;209;beauce_5_sa_049;BTH;;1.91;0.17;55.55;16.86;66.13;6.65;23.51;0.05;0.0;0;38.91;0;-214.92;0.0;0.04;0.17;1.91
2022;210;279;beauce_5_sa_049;solnu;;1.09;0.0;29.6;-41.25;0.0;23.51;14.71;0.03;0.03;0;0;0;-224.4;0.03;0.01;0.0;1.09
2022;280;365;beauce_5_sa_049;BTH;;1.71;0.0;13.62;-14.22;0.0;14.21;12.68;0.0;0.0;0;0.0;0;-14.04;0.0;0.0;0.0;1.71
2022;1;198;beauce_5_sa_050;BTH;;1.69;0.37;51.84;18.13;83.72;5.76;18.26;0.06;0.01;0;49.27;0;-167.89;0.02;0.04;0.37;1.69
2022;199;277;beauce_5_sa_050;solnu;;0.52;0.0;34.16;-52.57;0.0;18.26;3.23;0.01;0.0;0;0;0;-222.76;0.01;0.01;0.0;0.52
2022;278;365;beauce_5_sa_050;BTH;;0.39;0.0;14.54;-14.46;0.0;3.22;2.91;0.0;0.0;0;0.0;0;17.91;0.0;0.0;0.0;0.39
2022;1;181;beauce_5_sa_051;BTH;;2.19;0.06;42.67;16.53;58.44;7.43;10.69;0.04;0.0;0;35.27;0;-180.16;0.0;0.04;0.06;2.19
2022;182;273;beauce_5_sa_051;solnu;;0.82;0.0;39.51;-8.67;0.0;10.69;40.62;0.05;0.04;0;0;0;-258.29;0.03;0.02;0.0;0.82
2022;274;365;beauce_5_sa_051;BTH;;2.28;0.0;15.42;-38.89;0.0;40.85;16.56;0.0;0.0;0;0.0;0;-77.16;0.0;0.0;0.0;2.28
2022;1;178;beauce_5_sa_052;BTH;;3.36;0.85;42.15;15.62;101.27;9.55;25.94;0.12;0.02;0;59.59;0;-43.04;0.08;0.04;0.85;3.36
2022;179;259;beauce_5_sa_052;solnu;;1.48;0.0;38.98;-9.99;0.0;25.94;53.33;0.07;0.05;0;0;0;-200.54;0.05;0.02;0.0;1.48
2022;260;365;beauce_5_sa_052;BTH;;3.8;0.0;19.59;-49.48;0.0;53.73;25.59;0.0;0.0;0;0.0;0;-69.94;0.0;0.0;0.0;3.8
2022;1;209;beauce_5_sa_053;BTH;;10.38;1.27;56.39;27.8;106.55;35.92;98.22;0.12;0.01;0;62.7;0;-106.53;0.07;0.05;1.27;10.38
2022;210;305;beauce_5_sa_053;solnu;;7.62;0.0;37.5;-69.0;0.0;98.22;59.99;0.1;0.07;0;0;0;-140.18;0.09;0.01;0.0;7.62
2022;306;365;beauce_5_sa_053;BTH;;4.33;0.0;7.3;-7.39;0.0;59.98;55.58;0.0;0.0;0;0.0;0;28.63;0.0;0.0;0.0;4.33
2022;1;172;beauce_5_sa_054;BTH;;3.38;0.06;39.19;17.01;62.4;11.47;5.98;0.03;0.0;0;36.72;0;-158.71;0.0;0.03;0.06;3.38
2022;173;300;beauce_5_sa_054;solnu;;1.29;0.0;50.25;-41.78;0.0;5.98;16.95;0.04;0.04;0;0;0;-342.92;0.03;0.02;0.0;1.29
2022;301;365;beauce_5_sa_054;BTH;;1.87;0.0;7.97;-7.9;0.0;17.06;15.16;0.0;0.0;0;0.0;0;-4.31;0.0;0.0;0.0;1.87
2022;1;188;beauce_5_sa_055;BTH;;13.07;0.03;46.25;25.49;133.17;90.64;19.13;0.1;0.01;0;78.89;0;-136.77;0.06;0.05;0.03;13.07
2022;189;297;beauce_5_sa_055;solnu;;2.21;0.0;42.63;-2.51;0.0;19.13;56.96;0.06;0.03;0;0;0;-247.26;0.03;0.03;0.0;2.21
2022;298;365;beauce_5_sa_055;BTH;;3.18;1.02;8.49;-44.62;0.3;57.2;98.56;0.01;0.0;0;0.17;0;-89.51;0.01;0.0;1.02;3.18
2022;1;210;beauce_5_sa_056;BTH;;2.81;0.72;57.67;20.82;107.43;9.84;31.72;0.07;0.01;0;63.22;0;-159.26;0.03;0.05;0.72;2.81
2022;211;274;beauce_5_sa_056;solnu;;1.49;0.0;27.81;-35.69;0.0;31.72;22.79;0.06;0.04;0;0;0;-165.56;0.05;0.01;0.0;1.49
2022;275;365;beauce_5_sa_056;BTH;;2.83;0.0;15.33;-20.03;0.0;22.79;20.01;0.0;0.0;0;0.0;0;-80.36;0.0;0.0;0.0;2.83
2022;1;207;beauce_5_sa_057;BTH;;2.47;0.56;54.82;29.02;102.96;8.74;29.19;0.06;0.0;0;60.58;0;-267.09;0.01;0.05;0.56;2.47
2022;208;283;beauce_5_sa_057;solnu;;1.66;0.0;31.27;-7.56;0.0;29.19;51.12;0.07;0.05;0;0;0;-199.87;0.06;0.02;0.0;1.66
2022;284;365;beauce_5_sa_057;BTH;;2.73;0.0;12.09;-41.38;0.0;51.64;22.17;0.0;0.0;0;0.0;0;-104.81;0.0;0.0;0.0;2.73
2022;1;211;beauce_5_sa_058;BTH;;3.58;0.31;54.53;21.87;78.19;12.27;30.02;0.05;0.0;0;46.01;0;-280.74;0.0;0.05;0.31;3.58
2022;212;307;beauce_5_sa_058;solnu;;2.54;0.0;35.19;-5.42;0.0;30.02;57.11;0.09;0.04;0;0;0;-228.51;0.07;0.02;0.0;2.54
2022;308;365;beauce_5_sa_058;BTH;;2.12;0.0;6.39;-36.39;0.0;57.3;27.2;0.01;0.0;0;0.0;0;-63.79;0.0;0.0;0.0;2.12
2022;1;225;beauce_5_sa_059;BTH;;11.64;1.06;67.08;30.31;94.65;37.56;107.9;0.19;0.01;0;55.7;0;-205.25;0.13;0.06;1.06;11.64
2022;226;276;beauce_5_sa_059;solnu;;4.28;0.0;19.15;-85.54;0.0;107.9;37.18;0.02;0.04;0;0;0;-73.16;0.02;0.0;0.0;4.28
2022;277;365;beauce_5_sa_059;BTH;;4.5;0.0;15.2;-13.43;0.1;37.18;34.34;0.0;0.0;0;0.06;0;40.22;0.0;0.0;0.0;4.5
2022;1;228;beauce_5_sa_060;BTH;;4.08;0.06;66.7;16.7;52.61;13.32;44.09;0.06;0.0;0;30.96;0;-322.83;0.01;0.05;0.06;4.08
2022;229;271;beauce_5_sa_060;solnu;;0.97;0.0;15.48;-51.04;0.0;44.09;7.89;0.0;0.01;0;0;0;-97.48;0.0;0.0;0.0;0.97
2022;272;365;beauce_5_sa_060;BTH;;0.94;0.0;15.95;-16.06;0.0;7.78;6.84;0.0;0.0;0;0.0;0;3.19;0.0;0.0;0.0;0.94
2022;1;180;beauce_5_sa_061;BTH;;1.09;0.15;42.01;17.36;66.33;5.1;7.92;0.04;0.0;0;39.61;0;-163.68;0.0;0.04;0.15;1.09
2022;181;270;beauce_5_sa_061;solnu;;0.23;0.0;39.96;-51.29;0.0;7.92;1.42;0.01;0.0;0;0;0;-264.2;0.0;0.01;0.0;0.23
2022;271;365;beauce_5_sa_061;BTH;;0.16;0.0;16.19;-14.41;0.24;1.41;2.8;0.0;0.0;0;0.14;0;5.22;0.0;0.0;0.0;0.16
2022;1;223;beauce_5_sa_062;BTH;;13.15;1.56;63.69;34.38;139.27;41.98;104.26;0.12;0.0;0;81.95;0;-109.29;0.06;0.06;1.56;13.15
2022;224;310;beauce_5_sa_062;solnu;;7.54;0.0;30.66;-63.57;0.0;104.26;64.85;0.08;0.07;0;0;0;-153.27;0.07;0.01;0.0;7.54
2022;311;365;beauce_5_sa_062;BTH;;4.63;0.0;6.23;-6.16;0.0;64.86;60.29;0.0;0.0;0;0.0;0;18.56;0.0;0.0;0.0;4.63
2022;1;204;beauce_5_sa_063;BTH;;2.71;0.69;51.91;26.83;121.09;8.7;15.59;0.06;0.0;0;71.26;0;-228.47;0.01;0.05;0.69;2.71
2022;205;303;beauce_5_sa_063;solnu;;0.9;0.0;37.29;-1.58;0.0;15.59;50.29;0.07;0.04;0;0;0;-229.53;0.04;0.02;0.0;0.9
2022;304;365;beauce_5_sa_063;BTH;;2.46;0.06;7.33;-39.98;0.09;50.47;22.3;0.02;0.0;0;0.05;0;-86.42;0.01;0.0;0.06;2.46
2022;1;225;beauce_5_sa_064;BTH;;3.07;0.23;64.33;16.9;73.71;9.79;31.19;0.06;0.0;0;43.37;0;-250.7;0.01;0.05;0.23;3.07
2022;226;293;beauce_5_sa_064;solnu;;1.29;0.0;23.92;-43.19;0.0;31.19;16.36;0.02;0.03;0;0;0;-212.86;0.02;0.0;0.0;1.29
2022;294;365;beauce_5_sa_064;BTH;;1.8;0.0;9.25;-9.85;0.0;16.61;14.63;0.0;0.0;0;0.0;0;-17.8;0.0;0.0;0.0;1.8
2022;1;182;beauce_5_sa_065;BTH;;2.52;0.0;42.98;14.63;59.23;8.63;4.46;0.04;0.0;0;34.85;0;-180.79;0.0;0.04;0.0;2.52
2022;183;291;beauce_5_sa_065;solnu;;0.87;0.0;44.5;-33.55;0.0;4.46;14.97;0.05;0.03;0;0;0;-286.23;0.03;0.02;0.0;0.87
2022;292;365;beauce_5_sa_065;BTH;;1.65;0.0;10.0;-11.87;0.0;15.11;13.33;0.0;0.0;0;0.0;0;-55.5;0.0;0.0;0.0;1.65
2022;1;223;beauce_5_sa_066;BTH;;4.77;0.16;62.54;19.77;59.71;14.82;44.51;0.07;0.0;0;35.14;0;-282.94;0.02;0.05;0.16;4.77
2022;224;261;beauce_5_sa_066;solnu;;1.2;0.0;17.13;-48.26;0.0;44.51;12.44;0.01;0.02;0;0;0;-122.29;0.01;0.0;0.0;1.2
2022;262;365;beauce_5_sa_066;BTH;;1.62;0.0;18.58;-18.96;0.0;12.44;10.9;0.0;0.0;0;0.0;0;-11.31;0.0;0.0;0.0;1.62
2022;1;227;beauce_5_sa_067;BTH;;5.13;0.31;67.24;22.89;69.1;16.94;56.16;0.1;0.01;0;41.82;0;-305.41;0.05;0.05;0.31;5.13
2022;228;263;beauce_5_sa_067;solnu;;1.46;0.0;14.24;-60.16;0.0;56.16;9.12;0.0;0.0;0;0;0;-61.1;0.0;0.0;0.0;1.46
2022;264;365;beauce_5_sa_067;BTH;;1.13;0.06;17.75;-17.82;3.4;9.09;9.16;0.0;0.0;0;2.0;0;10.44;0.0;0.0;0.06;1.13
2022;1;194;beauce_5_sa_068;BTH;;6.25;0.59;49.98;23.48;73.17;21.12;59.06;0.05;0.0;0;43.05;0;-157.64;0.01;0.04;0.59;6.25
2022;195;269;beauce_5_sa_068;solnu;;2.32;0.0;33.29;-51.92;0.0;59.06;38.88;0.07;0.06;0;0;0;-194.57;0.06;0.01;0.0;2.32
2022;270;365;beauce_5_sa_068;BTH;;4.76;0.0;16.81;-16.87;0.0;38.81;34.09;0.0;0.0;0;0.0;0;2.46;0.0;0.0;0.0;4.76
2022;1;197;beauce_5_sa_069;BTH;;2.03;0.0;50.22;20.54;55.11;7.16;20.68;0.04;0.0;0;32.43;0;-235.96;0.0;0.04;0.0;2.03
2022;198;269;beauce_5_sa_069;solnu;;0.46;0.0;31.42;-49.87;0.0;20.68;2.79;0.01;0.0;0;0;0;-199.99;0.01;0.01;0.0;0.46
2022;270;365;beauce_5_sa_069;BTH;;0.34;0.0;16.46;-16.43;0.0;2.78;2.48;0.0;0.0;0;0.0;0;-16.55;0.0;0.0;0.0;0.34
2022;1;202;beauce_5_sa_070;BTH;;9.56;0.04;51.75;20.21;122.68;81.36;24.62;0.11;0.0;0;72.41;0;-142.88;0.06;0.05;0.04;9.56
2022;203;296;beauce_5_sa_070;solnu;;2.29;0.0;37.56;-6.84;0.0;24.62;52.96;0.06;0.03;0;0;0;-217.19;0.04;0.02;0.0;2.29
2022;297;365;beauce_5_sa_070;BTH;;2.81;0.93;8.68;-41.81;0.0;53.25;22.72;0.0;0.0;0;0.0;0;-96.36;0.0;0.0;0.93;2.81
2022;1;182;beauce_5_sa_071;BTH;;6.24;0.84;43.12;-0.33;99.76;21.56;19.93;0.11;0.02;0;58.7;0;-69.29;0.08;0.03;0.84;6.24
2022;183;314;beauce_5_sa_071;solnu;;2.67;0.0;48.35;2.92;0.0;19.93;68.47;0.11;0.05;0;0;0;-234.03;0.08;0.03;0.0;2.67
2022;315;365;beauce_5_sa_071;BTH;;2.49;0.0;5.53;-39.02;0.0;68.77;34.71;0.01;0.0;0;0.0;0;-52.51;0.01;0.0;0.0;2.49
2022;1;193;beauce_5_sa_072;BTH;;1.99;0.14;48.35;12.42;69.63;6.92;6.55;0.04;0.0;0;40.97;0;-182.47;0.0;0.04;0.14;1.99
2022;194;298;beauce_5_sa_072;solnu;;0.7;0.0;40.81;-33.6;0.0;6.55;13.48;0.05;0.03;0;0;0;-252.72;0.03;0.02;0.0;0.7
2022;299;365;beauce_5_sa_072;BTH;;1.48;0.0;8.29;-10.47;0.0;13.48;12.05;0.0;0.0;0;0.0;0;-56.15;0.0;0.0;0.0;1.48
2022;1;186;beauce_5_sa_073;BTH;;1.03;0.33;45.64;16.63;80.1;4.0;9.58;0.06;0.01;0;47.14;0;-131.21;0.02;0.04;0.33;1.03
2022;187;279;beauce_5_sa_073;solnu;;0.22;0.0;39.02;-53.0;0.0;9.58;1.43;0.01;0.0;0;0;0;-245.24;0.0;0.01;0.0;0.22
2022;280;365;beauce_5_sa_073;BTH;;0.15;0.0;13.76;-13.29;0.0;1.27;1.74;0.0;0.0;0;0.0;0;23.43;0.0;0.0;0.0;0.15
2022;1;204;beauce_5_sa_074;BTH;;11.32;1.28;54.97;29.64;94.72;37.42;111.51;0.13;0.02;0;55.74;0;-134.7;0.08;0.05;1.28;11.32
2022;205;265;beauce_5_sa_074;solnu;;3.7;0.0;29.22;-102.62;0.0;111.51;34.32;0.05;0.04;0;0;0;-106.59;0.05;0.0;0.0;3.7
2022;266;365;beauce_5_sa_074;BTH;;3.91;0.0;17.95;20.55;30.18;34.46;38.7;0.03;0.0;0;17.76;0;41.85;0.01;0.02;0.0;3.91
2022;1;185;beauce_5_sa_075;BTH;;3.69;0.08;44.35;21.69;74.11;12.6;5.13;0.04;0.0;0;43.61;0;-233.05;0.0;0.04;0.08;3.69
2022;186;302;beauce_5_sa_075;solnu;;0.98;0.0;44.0;-5.3;0.0;5.13;42.85;0.05;0.03;0;0;0;-305.28;0.03;0.02;0.0;0.98
2022;303;365;beauce_5_sa_075;BTH;;2.0;0.0;7.58;-34.64;0.0;43.15;17.26;0.01;0.0;0;0.0;0;-82.24;0.01;0.0;0.0;2.0
2022;1;212;beauce_5_sa_076;BTH;;6.51;0.62;57.27;23.72;77.31;22.37;65.57;0.05;0.0;0;45.49;0;-177.54;0.01;0.05;0.62;6.51
2022;213;284;beauce_5_sa_076;solnu;;3.24;0.0;30.56;-50.24;0.0;65.57;42.5;0.09;0.06;0;0;0;-173.24;0.08;0.01;0.0;3.24
2022;285;365;beauce_5_sa_076;BTH;;4.68;0.02;12.21;-14.44;0.0;42.41;37.83;0.0;0.0;0;0.0;0;-12.23;0.0;0.0;0.02;4.68
2022;1;222;beauce_5_sa_077;BTH;;0.74;0.0;61.88;21.79;51.81;3.29;34.27;0.06;0.0;0;30.49;0;-321.07;0.01;0.05;0.0;0.74
2022;223;269;beauce_5_sa_077;solnu;;0.51;0.0;20.3;-51.39;0.0;34.27;3.18;0.0;0.0;0;0;0;-114.01;0.0;0.0;0.0;0.51
2022;270;365;beauce_5_sa_077;BTH;;0.39;0.0;16.48;-14.7;0.1;3.3;4.46;0.0;0.0;0;0.06;0;5.39;0.0;0.0;0.0;0.39
2022;1;211;beauce_5_sa_078;BTH;;1.62;0.41;54.97;13.91;89.63;5.38;13.71;0.06;0.01;0;52.74;0;-145.07;0.01;0.04;0.41;1.62
2022;212;312;beauce_5_sa_078;solnu;;1.22;0.0;36.64;-43.96;0.0;13.71;10.43;0.03;0.03;0;0;0;-270.09;0.02;0.01;0.0;1.22
2022;313;365;beauce_5_sa_078;BTH;;0.7;0.0;5.63;-5.74;0.0;10.54;9.71;0.0;0.0;0;0.0;0;3.15;0.0;0.0;0.0;0.7
2022;1;228;beauce_5_sa_079;BTH;;3.71;0.0;66.66;15.94;51.68;12.21;39.35;0.06;0.0;0;30.41;0;-342.45;0.01;0.05;0.0;3.71
2022;229;277;beauce_5_sa_079;solnu;;0.88;0.0;16.95;-50.31;0.0;39.35;5.52;0.0;0.0;0;0;0;-98.68;0.0;0.0;0.0;0.88
2022;278;365;beauce_5_sa_079;BTH;;0.67;0.0;14.42;-14.37;0.0;5.57;4.9;0.0;0.0;0;0.0;0;4.01;0.0;0.0;0.0;0.67
2022;1;221;beauce_5_sa_080;BTH;;1.0;0.0;61.66;22.11;52.25;4.54;34.96;0.07;0.0;0;31.31;0;-321.37;0.02;0.05;0.0;1.0
2022;222;266;beauce_5_sa_080;solnu;;0.62;0.0;20.46;-52.5;0.0;34.96;3.97;0.0;0.0;0;0;0;-122.52;0.0;0.0;0.0;0.62
2022;267;365;beauce_5_sa_080;BTH;;0.48;0.0;17.03;-13.64;1.78;3.9;5.1;0.0;0.0;0;1.05;0;9.11;0.0;0.0;0.0;0.48
2022;1;196;beauce_5_sa_081;BTH;;4.03;0.0;49.46;22.55;73.06;17.02;11.97;0.04;0.0;0;45.06;0;-154.42;0.0;0.04;0.0;4.03
2022;197;296;beauce_5_sa_081;solnu;;1.11;0.0;39.6;-41.04;0.0;11.97;13.76;0.03;0.03;0;0;0;-285.19;0.02;0.01;0.0;1.11
2022;297;365;beauce_5_sa_081;BTH;;1.58;0.29;8.65;-14.52;1.99;13.73;26.88;0.01;0.0;0;1.17;0;-8.93;0.01;0.0;0.29;1.58
2022;1;227;beauce_5_sa_082;BTH;;4.1;0.02;65.84;21.02;54.21;13.17;42.84;0.07;0.0;0;31.9;0;-350.68;0.01;0.05;0.02;4.1
2022;228;279;beauce_5_sa_082;solnu;;1.44;0.0;17.84;-16.49;0.0;42.84;42.68;0.04;0.04;0;0;0;-123.32;0.03;0.0;0.0;1.44
2022;280;365;beauce_5_sa_082;BTH;;2.85;0.0;13.44;-33.59;0.0;42.74;21.29;0.01;0.0;0;0.0;0;-79.1;0.0;0.0;0.0;2.85
2022;1;210;beauce_5_sa_083;BTH;;2.6;0.0;55.33;16.36;49.91;8.69;27.83;0.04;0.0;0;29.37;0;-254.46;0.0;0.04;0.0;2.6
2022;211;274;beauce_5_sa_083;solnu;;1.06;0.0;27.3;-15.14;0.0;27.83;38.84;0.05;0.04;0;0;0;-177.03;0.04;0.01;0.0;1.06
2022;275;365;beauce_5_sa_083;BTH;;2.31;0.0;15.29;-35.54;0.0;39.14;16.87;0.0;0.0;0;0.0;0;-58.46;0.0;0.0;0.0;2.31
2022;1;176;beauce_5_sa_084;BTH;;2.17;0.0;40.52;18.74;54.32;7.21;9.96;0.04;0.0;0;31.96;0;-178.63;0.0;0.04;0.0;2.17
2022;177;266;beauce_5_sa_084;solnu;;0.65;0.0;40.1;-38.76;0.0;9.96;11.87;0.03;0.03;0;0;0;-268.73;0.02;0.02;0.0;0.65
2022;267;365;beauce_5_sa_084;BTH;;1.55;0.0;17.16;-17.73;0.0;11.87;10.36;0.0;0.0;0;0.0;0;-41.66;0.0;0.0;0.0;1.55
2022;1;215;beauce_5_sa_085;BTH;;14.18;0.97;59.48;28.99;157.68;70.8;60.44;0.18;0.03;0;94.2;0;-45.83;0.12;0.05;0.97;14.18
2022;216;297;beauce_5_sa_085;solnu;;2.51;0.0;33.25;-45.63;0.0;60.44;46.73;0.08;0.05;0;0;0;-189.73;0.07;0.01;0.0;2.51
2022;298;365;beauce_5_sa_085;BTH;;5.24;0.83;8.74;-18.91;1.33;46.89;94.03;0.02;0.0;0;0.78;0;-15.12;0.02;0.0;0.83;5.24
2022;1;178;beauce_5_sa_086;BTH;;10.6;1.61;42.82;15.85;118.01;37.6;86.67;0.18;0.04;0;69.44;0;19.03;0.14;0.04;1.61;10.6
2022;179;288;beauce_5_sa_086;solnu;;4.67;0.0;47.71;-56.04;0.0;86.67;75.09;0.1;0.07;0;0;0;-197.07;0.08;0.02;0.0;4.67
2022;289;365;beauce_5_sa_086;BTH;;8.28;0.0;11.35;-11.26;0.0;75.28;66.9;0.0;0.0;0;0.0;0;37.42;0.0;0.0;0.0;8.28
2022;1;207;beauce_5_sa_087;BTH;;3.28;0.47;55.58;19.37;74.64;10.99;43.46;0.06;0.01;0;43.92;0;-183.73;0.01;0.05;0.47;3.28
2022;208;271;beauce_5_sa_087;solnu;;1.86;0.0;28.17;-13.14;0.0;43.46;56.51;0.07;0.05;0;0;0;-165.89;0.06;0.01;0.0;1.86
2022;272;365;beauce_5_sa_087;BTH;;3.67;0.0;15.98;-43.34;0.0;56.79;26.62;0.0;0.0;0;0.0;0;-53.2;0.0;0.0;0.0;3.67
2022;1;214;beauce_5_sa_088;BTH;;2.21;0.35;58.15;11.49;77.39;7.79;24.1;0.06;0.01;0;45.54;0;-159.05;0.01;0.04;0.35;2.21
2022;215;291;beauce_5_sa_088;solnu;;1.23;0.0;31.41;-40.08;0.0;24.1;16.73;0.04;0.03;0;0;0;-199.93;0.04;0.01;0.0;1.23
2022;292;365;beauce_5_sa_088;BTH;;1.84;0.0;9.99;-11.8;0.0;16.73;14.91;0.0;0.0;0;0.0;0;-29.78;0.0;0.0;0.0;1.84
2022;1;181;beauce_5_sa_089;BTH;;7.19;1.15;43.08;10.17;127.84;14.1;16.52;0.08;0.01;0;75.23;0;-0.25;0.05;0.03;1.15;7.19
2022;182;317;beauce_5_sa_089;solnu;;2.44;0.0;49.97;-44.56;0.0;16.52;25.9;0.04;0.03;0;0;0;-275.76;0.02;0.02;0.0;2.44
2022;318;365;beauce_5_sa_089;BTH;;1.74;0.0;5.0;-5.14;0.0;25.81;24.12;0.0;0.0;0;0.0;0;14.91;0.0;0.0;0.0;1.74
2022;1;211;beauce_5_sa_090;BTH;;2.65;0.0;55.45;23.97;56.36;9.19;29.5;0.05;0.0;0;33.16;0;-296.74;0.0;0.05;0.0;2.65
2022;212;268;beauce_5_sa_090;solnu;;0.78;0.0;25.61;-51.15;0.0;29.5;4.57;0.01;0.0;0;0;0;-167.25;0.01;0.0;0.0;0.78
2022;269;365;beauce_5_sa_090;BTH;;0.55;0.0;16.47;-15.42;0.0;4.58;5.06;0.0;0.0;0;0.0;0;-24.55;0.0;0.0;0.0;0.55
2022;1;196;beauce_5_sa_091;BTH;;4.64;0.23;49.98;24.47;56.86;15.36;45.72;0.05;0.0;0;34.34;0;-220.48;0.0;0.05;0.23;4.64
2022;197;264;beauce_5_sa_091;solnu;;1.75;0.0;30.83;-12.42;0.0;45.72;62.25;0.07;0.05;0;0;0;-200.59;0.06;0.01;0.0;1.75
2022;265;365;beauce_5_sa_091;BTH;;4.19;0.0;17.6;-46.28;0.0;62.7;29.53;0.0;0.0;0;0.0;0;-49.09;0.0;0.0;0.0;4.19
2022;1;186;beauce_5_sa_092;BTH;;2.62;0.08;45.36;15.34;74.45;18.16;7.67;0.04;0.0;0;43.81;0;-153.39;0.0;0.04;0.08;2.62
2022;187;286;beauce_5_sa_092;solnu;;0.91;0.0;40.91;-34.03;0.0;7.67;14.75;0.04;0.03;0;0;0;-262.94;0.02;0.02;0.0;0.91
2022;287;365;beauce_5_sa_092;BTH;;1.6;0.14;11.48;-14.35;0.0;14.49;12.93;0.0;0.0;0;0.0;0;-54.02;0.0;0.0;0.14;1.6
2022;1;208;beauce_5_sa_093;BTH;;2.44;0.0;54.51;23.0;56.88;9.51;27.63;0.05;0.0;0;33.69;0;-294.65;0.0;0.05;0.0;2.44
2022;209;268;beauce_5_sa_093;solnu;;0.72;0.0;26.63;-50.92;0.0;27.63;4.14;0.01;0.0;0;0;0;-174.58;0.01;0.0;0.0;0.72
2022;269;365;beauce_5_sa_093;BTH;;0.5;0.0;16.46;-15.6;0.0;4.15;4.49;0.0;0.0;0;0.0;0;-21.78;0.0;0.0;0.0;0.5
2022;1;205;beauce_5_sa_094;BTH;;1.44;0.0;52.74;8.94;55.68;4.96;9.48;0.04;0.0;0;32.77;0;-195.52;0.0;0.04;0.0;1.44
2022;206;315;beauce_5_sa_094;solnu;;1.06;0.0;39.47;-39.66;0.0;9.48;10.12;0.04;0.03;0;0;0;-255.44;0.02;0.02;0.0;1.06
2022;316;365;beauce_5_sa_094;BTH;;0.68;0.0;5.26;-5.5;0.0;10.12;9.46;0.0;0.0;0;0.0;0;-13.33;0.0;0.0;0.0;0.68
2022;1;220;beauce_5_sa_095;BTH;;2.9;0.09;60.32;18.34;62.67;9.47;29.08;0.06;0.0;0;36.88;0;-275.53;0.01;0.05;0.09;2.9
2022;221;280;beauce_5_sa_095;solnu;;0.88;0.0;24.61;-50.82;0.0;29.08;5.26;0.0;0.0;0;0;0;-169.77;0.0;0.0;0.0;0.88
2022;281;365;beauce_5_sa_095;BTH;;0.58;0.0;13.3;-13.2;0.0;5.28;4.78;0.0;0.0;0;0.0;0;-2.59;0.0;0.0;0.0;0.58
2022;1;188;beauce_5_sa_096;BTH;;13.63;1.37;46.12;22.76;155.68;20.9;22.42;0.14;0.01;0;91.61;0;-127.71;0.09;0.05;1.37;13.63
2022;189;304;beauce_5_sa_096;solnu;;1.9;0.0;43.36;1.4;0.0;22.42;65.19;0.07;0.03;0;0;0;-242.59;0.04;0.03;0.0;1.9
2022;305;365;beauce_5_sa_096;BTH;;4.04;0.0;7.37;-37.67;0.0;64.38;35.44;0.02;0.0;0;0.0;0;-92.96;0.02;0.0;0.0;4.04
2022;1;211;beauce_5_sa_097;BTH;;2.15;0.0;55.52;19.17;56.79;7.33;23.01;0.04;0.0;0;33.54;0;-262.1;0.0;0.04;0.0;2.15
2022;212;281;beauce_5_sa_097;solnu;;0.66;0.0;29.2;-50.56;0.0;23.01;3.79;0.01;0.0;0;0;0;-188.55;0.01;0.0;0.0;0.66
2022;282;365;beauce_5_sa_097;BTH;;0.41;0.02;12.98;-13.36;0.14;3.89;4.64;0.0;0.0;0;0.08;0;-5.23;0.0;0.0;0.02;0.41
2022;1;183;beauce_5_sa_098;BTH;;2.14;0.0;43.83;15.39;55.28;7.3;9.08;0.04;0.0;0;34.29;0;-195.57;0.0;0.04;0.0;2.14
2022;184;278;beauce_5_sa_098;solnu;;0.78;0.0;39.31;-9.16;0.0;9.08;38.36;0.05;0.04;0;0;0;-260.91;0.03;0.02;0.0;0.78
2022;279;365;beauce_5_sa_098;BTH;;2.09;0.0;14.11;-36.19;0.0;39.03;15.59;0.01;0.0;0;0.0;0;-76.85;0.0;0.0;0.0;2.09
2022;1;174;beauce_5_sa_099;BTH;;20.53;1.37;40.36;27.86;84.04;68.31;134.74;0.05;0.0;0;52.1;0;-90.82;0.01;0.04;1.37;20.53
2022;175;266;beauce_5_sa_099;solnu;;5.84;0.0;41.46;-0.02;0.0;134.74;170.11;0.13;0.09;0;0;0;-229.24;0.11;0.03;0.0;5.84
2022;267;365;beauce_5_sa_099;BTH;;12.3;0.0;17.34;-77.91;10.5;170.4;86.73;0.0;0.0;0;6.18;0;-10.98;0.0;0.0;0.0;12.3
2023;1;200;beauce_5_sa_000;BTH;;1.4;0.0;43.69;3.11;49.26;21.2;17.35;0.03;0.0;0;28.99;0;-195.33;0.0;0.03;0.0;1.4
2023;201;317;beauce_5_sa_000;solnu;;0.0;0.0;34.32;-6.24;0.0;17.35;45.41;0.02;0.0;0;0;0;-197.86;0.0;0.02;0.0;0.0
2023;318;365;beauce_5_sa_000;BTH;;1.45;0.01;4.6;-38.3;0.0;45.72;11.24;0.01;0.0;0;0.0;0;-17.19;0.01;0.0;0.01;1.45
2023;1;209;beauce_5_sa_001;BTH;;0.22;0.24;50.9;24.96;69.3;5.97;30.2;0.06;0.0;0;40.96;0;-185.93;0.01;0.05;0.24;0.22
2023;210;261;beauce_5_sa_001;solnu;;0.0;0.0;23.14;-52.63;0.0;30.2;3.59;0.0;0.0;0;0;0;-136.95;0.0;0.0;0.0;0.0
2023;262;365;beauce_5_sa_001;BTH;;0.49;0.0;17.08;-16.99;0.0;3.6;3.19;0.0;0.0;0;0.0;0;10.28;0.0;0.0;0.0;0.49
2023;1;206;beauce_5_sa_002;BTH;;1.59;0.13;48.63;32.06;85.54;52.1;55.34;0.08;0.0;0;51.7;0;-187.87;0.04;0.05;0.13;1.59
2023;207;261;beauce_5_sa_002;solnu;;0.0;0.0;23.47;-14.43;0.0;55.34;64.37;0.01;0.0;0;0;0;-143.39;0.0;0.01;0.0;0.0
2023;262;365;beauce_5_sa_002;BTH;;2.86;0.38;15.61;-63.49;6.39;64.57;36.22;0.02;0.0;0;3.76;0;-24.21;0.02;0.0;0.38;2.86
2023;1;197;beauce_5_sa_003;BTH;;0.54;0.17;42.57;7.44;60.49;9.97;11.55;0.03;0.0;0;35.6;0;-97.56;0.0;0.03;0.17;0.54
2023;198;295;beauce_5_sa_003;solnu;;0.0;0.0;34.2;-42.01;0.0;11.55;4.82;0.01;0.0;0;0;0;-172.69;0.0;0.01;0.0;0.0
2023;296;365;beauce_5_sa_003;BTH;;0.61;0.0;7.89;-8.33;0.0;4.92;4.32;0.0;0.0;0;0.0;0;-10.67;0.0;0.0;0.0;0.61
2023;1;184;beauce_5_sa_004;BTH;;1.2;1.18;40.42;31.97;133.48;34.62;101.18;0.12;0.0;0;102.78;0;-141.98;0.08;0.04;1.18;1.2
2023;185;258;beauce_5_sa_004;solnu;;0.0;0.0;34.34;-110.14;0.0;101.18;25.36;0.03;0.0;0;0;0;-54.71;0.02;0.0;0.0;0.0
2023;259;365;beauce_5_sa_004;BTH;;2.67;0.55;18.24;20.6;26.58;25.37;75.75;0.04;0.0;0;15.64;0;80.89;0.02;0.02;0.55;2.67
2023;1;190;beauce_5_sa_005;BTH;;0.72;0.13;39.58;9.79;57.14;13.72;15.26;0.03;0.0;0;33.62;0;-131.15;0.0;0.03;0.13;0.72
2023;191;283;beauce_5_sa_005;solnu;;0.0;0.0;34.75;-38.32;0.0;15.26;11.68;0.02;0.0;0;0;0;-181.18;0.0;0.02;0.0;0.0
2023;284;365;beauce_5_sa_005;BTH;;0.9;0.0;9.55;-14.35;0.0;10.13;6.07;0.0;0.0;0;0.0;0;-17.08;0.0;0.0;0.0;0.9
2023;1;187;beauce_5_sa_006;BTH;;1.13;0.0;39.06;12.11;47.29;16.32;19.03;0.04;0.0;0;27.83;0;-154.82;0.01;0.03;0.0;1.13
2023;188;269;beauce_5_sa_006;solnu;;0.0;0.0;32.86;-29.78;0.0;19.03;22.09;0.01;0.0;0;0;0;-179.56;0.0;0.01;0.0;0.0
2023;270;365;beauce_5_sa_006;BTH;;1.13;0.0;12.78;-26.31;0.0;19.4;7.43;0.0;0.0;0;0.0;0;-30.65;0.0;0.0;0.0;1.13
2023;1;198;beauce_5_sa_007;BTH;;1.21;0.07;43.38;19.29;56.77;19.15;29.13;0.05;0.0;0;33.41;0;-197.22;0.01;0.04;0.07;1.21
2023;199;267;beauce_5_sa_007;solnu;;0.0;0.0;27.46;-12.7;0.0;29.13;43.87;0.01;0.0;0;0;0;-159.03;0.0;0.01;0.0;0.0
2023;268;365;beauce_5_sa_007;BTH;;1.38;0.0;13.4;-41.09;6.0;44.41;9.03;0.0;0.0;0;3.53;0;-47.92;0.0;0.0;0.0;1.38
2023;1;208;beauce_5_sa_008;BTH;;1.22;0.0;48.48;15.09;46.69;17.53;33.15;0.04;0.0;0;27.47;0;-190.25;0.01;0.04;0.0;1.22
2023;209;269;beauce_5_sa_008;solnu;;0.0;0.0;23.69;-15.73;0.0;33.15;41.1;0.01;0.0;0;0;0;-146.46;0.0;0.01;0.0;0.0
2023;270;365;beauce_5_sa_008;BTH;;1.2;0.0;12.57;-38.72;6.01;41.33;7.94;0.0;0.0;0;3.53;0;-38.9;0.0;0.0;0.0;1.2
2023;1;183;beauce_5_sa_009;BTH;;3.63;1.94;35.56;24.3;150.26;78.34;128.15;0.04;0.0;0;88.42;0;55.43;0.0;0.04;1.94;3.63
2023;184;302;beauce_5_sa_009;solnu;;0.0;0.0;42.08;-73.36;0.0;128.15;97.16;0.03;0.0;0;0;0;-113.25;0.0;0.02;0.0;0.0
2023;303;365;beauce_5_sa_009;BTH;;1.55;0.02;7.44;-17.25;3.54;96.03;83.68;0.05;0.0;0;2.09;0;58.51;0.05;0.0;0.02;1.55
2023;1;217;beauce_5_sa_010;BTH;;4.65;1.22;56.07;29.99;90.26;79.11;161.7;0.14;0.0;0;54.37;0;-154.85;0.09;0.05;1.22;4.65
2023;218;260;beauce_5_sa_010;solnu;;0.0;0.0;19.14;-47.32;0.0;161.7;133.52;0.0;0.0;0;0;0;-89.13;0.0;0.0;0.0;0.0
2023;261;365;beauce_5_sa_010;BTH;;7.08;0.0;17.33;-42.93;48.29;127.37;52.51;0.02;0.0;0;28.42;0;47.56;0.01;0.01;0.0;7.08
2023;1;175;beauce_5_sa_011;BTH;;0.86;0.0;33.58;3.55;42.06;14.65;7.59;0.02;0.0;0;24.75;0;-82.45;0.0;0.02;0.0;0.86
2023;176;281;beauce_5_sa_011;solnu;;0.03;0.0;40.51;-23.43;0.0;7.59;24.79;0.02;0.0;0;0;0;-195.1;0.0;0.02;0.0;0.03
2023;282;365;beauce_5_sa_011;BTH;;0.94;0.0;9.88;-25.9;1.5;23.0;6.32;0.0;0.0;0;0.88;0;-18.23;0.0;0.0;0.0;0.94
2023;1;208;beauce_5_sa_012;BTH;;2.29;1.46;49.49;15.06;126.76;46.39;90.84;0.08;0.0;0;74.59;0;14.67;0.04;0.04;1.46;2.29
2023;209;310;beauce_5_sa_012;solnu;;0.0;0.0;34.26;-65.37;0.0;90.84;59.72;0.02;0.0;0;0;0;-115.93;0.0;0.02;0.0;0.0
2023;311;365;beauce_5_sa_012;BTH;;1.44;0.0;6.14;-35.13;1.92;57.25;27.36;0.01;0.0;0;1.13;0;41.41;0.01;0.0;0.0;1.44
2023;1;186;beauce_5_sa_013;BTH;;0.1;0.0;39.68;21.81;51.19;4.38;14.52;0.05;0.0;0;32.02;0;-162.43;0.01;0.04;0.0;0.1
2023;187;260;beauce_5_sa_013;solnu;;0.0;0.0;31.17;-45.87;0.0;14.52;2.25;0.01;0.0;0;0;0;-207.73;0.0;0.01;0.0;0.0
2023;261;365;beauce_5_sa_013;BTH;;0.31;0.0;16.73;-15.77;0.0;2.33;2.91;0.0;0.0;0;0.0;0;-17.37;0.0;0.0;0.0;0.31
2023;1;226;beauce_5_sa_014;BTH;;1.3;1.38;59.63;15.9;145.52;28.07;60.03;0.07;0.0;0;85.63;0;-10.63;0.02;0.05;1.38;1.3
2023;227;286;beauce_5_sa_014;solnu;;0.0;0.0;23.15;-69.8;0.0;60.03;14.09;0.01;0.0;0;0;0;-103.89;0.0;0.0;0.0;0.0
2023;287;365;beauce_5_sa_014;BTH;;0.68;0.0;10.21;-10.45;0.0;14.09;13.45;0.0;0.0;0;0.0;0;51.1;0.0;0.0;0.0;0.68
2023;1;197;beauce_5_sa_015;BTH;;0.62;0.0;42.63;17.44;57.15;12.83;15.08;0.04;0.0;0;34.42;0;-123.45;0.0;0.04;0.0;0.62
2023;198;289;beauce_5_sa_015;solnu;;0.0;0.0;33.07;-42.38;0.0;15.08;6.12;0.01;0.0;0;0;0;-202.97;0.0;0.01;0.0;0.0
2023;290;365;beauce_5_sa_015;BTH;;0.89;0.09;8.78;-14.6;0.75;6.04;6.58;0.0;0.0;0;0.44;0;-18.75;0.0;0.0;0.09;0.89
2023;1;186;beauce_5_sa_016;BTH;;0.97;0.0;38.17;14.19;52.36;16.27;17.14;0.04;0.0;0;30.81;0;-162.86;0.0;0.03;0.0;0.97
2023;187;276;beauce_5_sa_016;solnu;;0.0;0.0;34.09;-9.41;0.0;17.14;41.8;0.02;0.0;0;0;0;-200.04;0.0;0.02;0.0;0.0
2023;277;365;beauce_5_sa_016;BTH;;1.09;0.03;10.95;-38.31;7.5;42.3;8.08;0.0;0.0;0;4.42;0;-44.27;0.0;0.0;0.03;1.09
2023;1;207;beauce_5_sa_017;BTH;;0.77;0.13;47.38;15.39;82.52;30.1;19.29;0.05;0.0;0;49.02;0;-79.21;0.01;0.04;0.13;0.77
2023;208;316;beauce_5_sa_017;solnu;;0.0;0.0;33.18;-48.0;0.0;19.29;8.56;0.01;0.0;0;0;0;-209.22;0.0;0.01;0.0;0.0
2023;317;365;beauce_5_sa_017;BTH;;0.83;0.32;4.82;-14.58;0.64;8.56;22.68;0.01;0.0;0;0.38;0;-9.95;0.01;0.0;0.32;0.83
2023;1;199;beauce_5_sa_018;BTH;;0.81;0.0;43.9;11.92;47.44;13.37;20.89;0.04;0.0;0;27.92;0;-165.31;0.0;0.03;0.0;0.81
2023;200;277;beauce_5_sa_018;solnu;;0.0;0.0;30.12;-44.55;0.0;20.89;6.64;0.01;0.0;0;0;0;-155.89;0.0;0.01;0.0;0.0
2023;278;365;beauce_5_sa_018;BTH;;0.87;0.0;11.16;-11.2;0.0;6.63;5.79;0.0;0.0;0;0.0;0;-15.21;0.0;0.0;0.0;0.87
2023;1;198;beauce_5_sa_019;BTH;;0.62;0.0;42.96;2.63;45.68;9.61;8.88;0.03;0.0;0;26.88;0;-124.22;0.0;0.03;0.0;0.62
2023;199;317;beauce_5_sa_019;solnu;;0.0;0.0;36.45;-40.91;0.0;8.88;4.64;0.02;0.0;0;0;0;-177.42;0.0;0.02;0.0;0.0
2023;318;365;beauce_5_sa_019;BTH;;0.54;0.0;4.71;-4.77;0.0;4.62;4.08;0.0;0.0;0;0.0;0;-5.56;0.0;0.0;0.0;0.54
2023;1;214;beauce_5_sa_020;BTH;;0.66;0.12;50.92;5.34;53.79;11.04;21.79;0.03;0.0;0;31.65;0;-149.96;0.0;0.03;0.12;0.66
2023;215;312;beauce_5_sa_020;solnu;;0.0;0.0;28.96;-45.49;0.0;21.79;5.39;0.01;0.0;0;0;0;-137.65;0.0;0.01;0.0;0.0
2023;313;365;beauce_5_sa_020;BTH;;0.61;0.0;5.45;-5.77;0.0;5.33;4.81;0.0;0.0;0;0.0;0;-7.69;0.0;0.0;0.0;0.61
2023;1;222;beauce_5_sa_021;BTH;;1.28;0.17;55.03;14.57;51.61;21.72;51.31;0.05;0.0;0;30.37;0;-196.31;0.01;0.04;0.17;1.28
2023;223;279;beauce_5_sa_021;solnu;;0.0;0.0;20.88;-60.71;0.0;51.31;11.47;0.0;0.0;0;0;0;-118.94;0.0;0.0;0.0;0.0
2023;280;365;beauce_5_sa_021;BTH;;1.49;0.0;10.95;-10.97;0.0;11.49;9.95;0.0;0.0;0;0.0;0;0.67;0.0;0.0;0.0;1.49
2023;1;193;beauce_5_sa_022;BTH;;0.95;0.87;42.5;32.67;79.03;28.75;88.77;0.1;0.0;0;65.97;0;-198.62;0.06;0.05;0.87;0.95
2023;194;266;beauce_5_sa_022;solnu;;0.0;0.0;32.86;-104.43;0.0;88.77;17.2;0.01;0.0;0;0;0;-131.98;0.0;0.01;0.0;0.0
2023;267;365;beauce_5_sa_022;BTH;;2.13;0.0;15.95;14.29;17.92;17.0;27.35;0.03;0.0;0;10.55;0;42.44;0.01;0.02;0.0;2.13
2023;1;181;beauce_5_sa_023;BTH;;0.8;0.02;34.84;4.69;45.4;13.95;8.64;0.02;0.0;0;26.71;0;-92.5;0.0;0.02;0.02;0.8
2023;182;298;beauce_5_sa_023;solnu;;0.0;0.0;41.46;-42.67;0.0;8.64;7.41;0.02;0.0;0;0;0;-205.8;0.0;0.02;0.0;0.0
2023;299;365;beauce_5_sa_023;BTH;;0.85;0.0;7.27;-7.36;0.0;7.22;6.47;0.0;0.0;0;0.0;0;-8.17;0.0;0.0;0.0;0.85
2023;1;207;beauce_5_sa_024;BTH;;1.06;0.0;48.28;14.33;46.95;16.08;30.63;0.04;0.0;0;27.63;0;-183.39;0.01;0.04;0.0;1.06
2023;208;271;beauce_5_sa_024;solnu;;0.0;0.0;24.71;-46.95;0.0;30.63;8.39;0.01;0.0;0;0;0;-148.66;0.0;0.01;0.0;0.0
2023;272;365;beauce_5_sa_024;BTH;;1.1;0.0;12.53;-12.57;0.0;8.37;7.26;0.0;0.0;0;0.0;0;-18.25;0.0;0.0;0.0;1.1
2023;1;179;beauce_5_sa_025;BTH;;1.1;0.54;35.58;10.33;85.24;21.52;22.3;0.04;0.0;0;50.16;0;-46.32;0.01;0.03;0.54;1.1
2023;180;271;beauce_5_sa_025;solnu;;0.06;0.0;38.43;-49.6;0.0;22.3;11.33;0.02;0.0;0;0;0;-161.82;0.01;0.02;0.0;0.06
2023;272;365;beauce_5_sa_025;BTH;;1.49;0.01;12.77;-13.04;0.0;11.33;9.98;0.0;0.0;0;0.0;0;3.16;0.0;0.0;0.01;1.49
2023;1;214;beauce_5_sa_026;BTH;;1.52;0.0;51.46;17.89;47.27;20.32;40.82;0.05;0.0;0;27.82;0;-222.66;0.01;0.04;0.0;1.52
2023;215;262;beauce_5_sa_026;solnu;;0.0;0.0;18.89;-16.65;0.0;40.82;43.05;0.0;0.0;0;0;0;-121.76;0.0;0.0;0.0;0.0
2023;263;365;beauce_5_sa_026;BTH;;1.48;0.0;15.11;-44.31;3.01;43.41;9.37;0.0;0.0;0;1.77;0;-38.94;0.0;0.0;0.0;1.48
2023;1;209;beauce_5_sa_027;BTH;;0.61;0.0;48.38;11.24;48.1;10.73;21.6;0.04;0.0;0;28.31;0;-155.83;0.0;0.04;0.0;0.61
2023;210;291;beauce_5_sa_027;solnu;;0.0;0.0;27.95;-44.98;0.0;21.6;5.24;0.01;0.0;0;0;0;-161.95;0.0;0.01;0.0;0.0
2023;292;365;beauce_5_sa_027;BTH;;0.69;0.0;8.59;-8.5;0.0;5.23;4.64;0.0;0.0;0;0.0;0;-4.28;0.0;0.0;0.0;0.69
2023;1;224;beauce_5_sa_028;BTH;;0.34;0.41;57.41;20.18;76.33;7.31;38.86;0.06;0.0;0;44.91;0;-170.67;0.01;0.05;0.41;0.34
2023;225;270;beauce_5_sa_028;solnu;;0.0;0.0;19.73;-56.74;0.0;38.86;4.55;0.0;0.0;0;0;0;-118.6;0.0;0.0;0.0;0.0
2023;271;365;beauce_5_sa_028;BTH;;0.6;0.0;14.34;-14.25;0.0;4.63;4.04;0.0;0.0;0;0.0;0;41.48;0.0;0.0;0.0;0.6
2023;1;229;beauce_5_sa_029;BTH;;1.0;0.05;59.04;21.83;58.0;18.58;43.95;0.05;0.0;0;35.09;0;-229.8;0.0;0.05;0.05;1.0
2023;230;280;beauce_5_sa_029;solnu;;0.0;0.0;16.52;-51.84;0.0;43.95;9.38;0.0;0.0;0;0;0;-99.38;0.0;0.0;0.0;0.0
2023;281;365;beauce_5_sa_029;BTH;;1.26;0.1;10.73;-16.62;1.33;9.66;8.59;0.0;0.0;0;0.78;0;0.2;0.0;0.0;0.1;1.26
2023;1;184;beauce_5_sa_030;BTH;;0.56;0.0;36.52;8.38;47.49;10.01;5.34;0.03;0.0;0;27.94;0;-101.13;0.0;0.03;0.0;0.56
2023;185;299;beauce_5_sa_030;solnu;;0.0;0.0;40.07;-42.26;0.0;5.34;5.11;0.01;0.0;0;0;0;-211.51;0.0;0.01;0.0;0.0
2023;300;365;beauce_5_sa_030;BTH;;0.62;0.0;7.25;-7.3;0.0;5.05;4.45;0.0;0.0;0;0.0;0;-2.6;0.0;0.0;0.0;0.62
2023;1;209;beauce_5_sa_031;BTH;;0.23;0.6;49.33;22.88;94.67;4.99;26.87;0.05;0.0;0;55.71;0;-112.11;0.01;0.04;0.6;0.23
2023;210;275;beauce_5_sa_031;solnu;;0.0;0.0;28.38;-56.95;0.0;26.87;3.07;0.0;0.0;0;0;0;-167.27;0.0;0.0;0.0;0.0
2023;276;365;beauce_5_sa_031;BTH;;0.31;0.0;12.9;-12.94;0.0;3.03;2.72;0.0;0.0;0;0.0;0;34.33;0.0;0.0;0.0;0.31
2023;1;172;beauce_5_sa_032;BTH;;4.97;1.75;33.92;37.14;118.13;104.6;102.24;0.04;0.0;0;76.58;0;-39.03;0.0;0.04;1.75;4.97
2023;173;271;beauce_5_sa_032;solnu;;0.0;0.0;40.61;3.84;0.0;102.24;227.74;0.06;0.0;0;0;0;-182.11;0.04;0.03;0.0;0.0
2023;272;365;beauce_5_sa_032;BTH;;7.73;0.0;12.54;-87.52;45.2;227.96;99.77;0.06;0.0;0;26.6;0;26.65;0.05;0.0;0.0;7.73
2023;1;208;beauce_5_sa_033;BTH;;1.0;0.0;47.17;11.41;79.43;19.34;24.58;0.05;0.0;0;46.74;0;-156.7;0.01;0.04;0.0;1.0
2023;209;304;beauce_5_sa_033;solnu;;0.0;0.0;29.87;-10.32;0.0;24.58;44.11;0.01;0.0;0;0;0;-176.44;0.0;0.01;0.0;0.0
2023;305;365;beauce_5_sa_033;BTH;;1.18;0.36;6.56;-41.44;0.0;44.35;9.51;0.0;0.0;0;0.0;0;-38.06;0.0;0.0;0.36;1.18
2023;1;209;beauce_5_sa_034;BTH;;0.56;0.0;49.48;21.37;47.69;8.01;30.55;0.05;0.0;0;28.06;0;-199.4;0.01;0.04;0.0;0.56
2023;210;264;beauce_5_sa_034;solnu;;0.0;0.0;21.97;-47.88;0.0;30.55;4.77;0.0;0.0;0;0;0;-132.47;0.0;0.0;0.0;0.0
2023;265;365;beauce_5_sa_034;BTH;;0.65;0.0;15.05;-14.95;0.0;4.77;4.25;0.0;0.0;0;0.0;0;-20.87;0.0;0.0;0.0;0.65
2023;1;173;beauce_5_sa_035;BTH;;0.8;0.0;32.79;6.72;44.28;14.26;8.68;0.02;0.0;0;26.05;0;-86.01;0.0;0.02;0.0;0.8
2023;174;296;beauce_5_sa_035;solnu;;0.0;0.0;43.6;-44.59;0.0;8.68;7.74;0.02;0.0;0;0;0;-205.77;0.0;0.02;0.0;0.0
2023;297;365;beauce_5_sa_035;BTH;;0.96;0.0;7.78;-7.79;0.0;7.79;6.77;0.0;0.0;0;0.0;0;-5.54;0.0;0.0;0.0;0.96
2023;1;220;beauce_5_sa_036;BTH;;0.97;0.0;53.24;10.28;45.21;15.84;33.14;0.04;0.0;0;26.6;0;-201.68;0.0;0.04;0.0;0.97
2023;221;288;beauce_5_sa_036;solnu;;0.0;0.0;22.73;-15.74;0.0;33.14;40.12;0.01;0.0;0;0;0;-140.59;0.0;0.01;0.0;0.0
2023;289;365;beauce_5_sa_036;BTH;;0.98;0.0;8.75;-35.27;6.08;40.32;6.65;0.0;0.0;0;3.58;0;-23.12;0.0;0.0;0.0;0.98
2023;1;199;beauce_5_sa_037;BTH;;1.25;0.02;42.64;0.19;47.29;18.88;14.81;0.03;0.0;0;27.82;0;-180.53;0.0;0.03;0.02;1.25
2023;200;315;beauce_5_sa_037;solnu;;0.0;0.0;35.19;-6.61;0.0;14.81;43.37;0.02;0.0;0;0;0;-189.44;0.0;0.02;0.0;0.0
2023;316;365;beauce_5_sa_037;BTH;;1.21;0.0;4.9;-37.82;0.0;43.65;9.22;0.0;0.0;0;0.0;0;-16.49;0.0;0.0;0.0;1.21
2023;1;174;beauce_5_sa_038;BTH;;2.47;1.75;36.04;26.59;106.84;58.39;142.7;0.06;0.0;0;96.55;0;-150.97;0.02;0.04;1.75;2.47
2023;175;260;beauce_5_sa_038;solnu;;0.0;0.0;38.7;-102.04;0.0;142.7;79.3;0.05;0.0;0;0;0;-66.91;0.04;0.02;0.0;0.0
2023;261;365;beauce_5_sa_038;BTH;;3.45;0.0;18.02;25.99;63.16;80.22;56.63;0.07;0.0;0;37.17;0;42.27;0.04;0.03;0.0;3.45
2023;1;220;beauce_5_sa_039;BTH;;0.8;0.42;53.68;7.18;78.14;12.56;25.8;0.05;0.0;0;45.98;0;-90.31;0.01;0.04;0.42;0.8
2023;221;312;beauce_5_sa_039;solnu;;0.0;0.0;27.95;-50.59;0.0;25.8;5.96;0.01;0.0;0;0;0;-134.75;0.0;0.01;0.0;0.0
2023;313;365;beauce_5_sa_039;BTH;;0.59;0.0;5.52;-5.77;0.0;5.96;5.45;0.0;0.0;0;0.0;0;1.35;0.0;0.0;0.0;0.59
2023;1;209;beauce_5_sa_040;BTH;;1.09;0.12;47.33;8.21;59.74;19.11;22.71;0.03;0.0;0;35.15;0;-212.29;0.0;0.03;0.12;1.09
2023;210;312;beauce_5_sa_040;solnu;;0.0;0.0;30.28;-9.22;0.0;22.71;43.76;0.01;0.0;0;0;0;-167.07;0.0;0.01;0.0;0.0
2023;313;365;beauce_5_sa_040;BTH;;1.17;0.0;5.32;-39.2;0.0;43.94;8.86;0.0;0.0;0;0.0;0;-21.24;0.0;0.0;0.0;1.17
2023;1;170;beauce_5_sa_041;BTH;;7.48;2.26;34.79;19.28;109.42;143.12;249.33;0.09;0.0;0;71.04;0;1.85;0.06;0.03;2.26;7.48
2023;171;258;beauce_5_sa_041;solnu;;0.0;0.0;38.6;-2.01;0.0;249.33;285.84;0.07;0.0;0;0;0;-145.09;0.05;0.02;0.0;0.0
2023;259;365;beauce_5_sa_041;BTH;;14.15;0.0;16.82;-82.98;70.76;286.18;134.72;0.06;0.0;0;41.64;0;49.03;0.05;0.01;0.0;14.15
2023;1;179;beauce_5_sa_042;BTH;;1.38;0.59;34.63;12.77;92.1;27.7;25.38;0.04;0.0;0;54.41;0;-60.01;0.02;0.03;0.59;1.38
2023;180;280;beauce_5_sa_042;solnu;;0.0;0.0;39.7;-2.05;0.0;25.38;63.0;0.03;0.0;0;0;0;-179.99;0.01;0.02;0.0;0.0
2023;281;365;beauce_5_sa_042;BTH;;1.63;0.06;10.21;-55.48;9.23;63.41;12.32;0.0;0.0;0;5.43;0;-22.65;0.0;0.0;0.06;1.63
2023;1;214;beauce_5_sa_043;BTH;;0.93;0.0;50.25;11.23;48.04;14.73;27.21;0.04;0.0;0;28.27;0;-219.3;0.0;0.04;0.0;0.93
2023;215;296;beauce_5_sa_043;solnu;;0.0;0.0;25.96;-12.99;0.0;27.21;40.17;0.01;0.0;0;0;0;-144.49;0.0;0.01;0.0;0.0
2023;297;365;beauce_5_sa_043;BTH;;0.85;0.0;7.48;-40.52;0.0;40.45;6.28;0.0;0.0;0;0.0;0;-20.05;0.0;0.0;0.0;0.85
2023;1;188;beauce_5_sa_044;BTH;;2.27;1.23;38.76;14.71;121.25;45.76;66.96;0.06;0.0;0;71.35;0;8.81;0.03;0.03;1.23;2.27
2023;189;306;beauce_5_sa_044;solnu;;0.0;0.0;41.95;-86.29;0.0;66.96;22.73;0.02;0.0;0;0;0;-102.06;0.0;0.02;0.0;0.0
2023;307;365;beauce_5_sa_044;BTH;;1.08;0.0;6.88;-6.8;0.0;22.73;21.73;0.0;0.0;0;0.0;0;44.35;0.0;0.0;0.0;1.08
2023;1;225;beauce_5_sa_045;BTH;;1.04;0.62;56.42;16.2;86.25;19.43;51.07;0.07;0.0;0;50.75;0;-119.41;0.03;0.05;0.62;1.04
2023;226;300;beauce_5_sa_045;solnu;;0.0;0.0;22.99;-63.87;0.0;51.07;11.07;0.0;0.0;0;0;0;-110.59;0.0;0.0;0.0;0.0
2023;301;365;beauce_5_sa_045;BTH;;1.31;0.0;7.31;-7.25;0.0;11.23;9.81;0.0;0.0;0;0.0;0;21.49;0.0;0.0;0.0;1.31
2023;1;220;beauce_5_sa_046;BTH;;1.49;0.36;53.44;17.5;71.72;23.67;48.38;0.05;0.0;0;42.2;0;-197.76;0.01;0.04;0.36;1.49
2023;221;280;beauce_5_sa_046;solnu;;0.0;0.0;21.45;-14.18;0.0;48.38;55.64;0.01;0.0;0;0;0;-109.32;0.0;0.01;0.0;0.0
2023;281;365;beauce_5_sa_046;BTH;;1.56;0.0;10.18;-45.52;9.0;55.98;10.48;0.0;0.0;0;5.3;0;-28.06;0.0;0.0;0.0;1.56
2023;1;229;beauce_5_sa_047;BTH;;1.13;0.0;58.35;13.76;47.45;18.42;41.91;0.04;0.0;0;27.92;0;-252.77;0.0;0.04;0.0;1.13
2023;230;290;beauce_5_sa_047;solnu;;0.0;0.0;17.66;-16.03;0.0;41.91;43.54;0.0;0.0;0;0;0;-111.57;0.0;0.0;0.0;0.0
2023;291;365;beauce_5_sa_047;BTH;;1.16;0.01;8.44;-39.22;4.95;43.69;7.76;0.0;0.0;0;2.92;0;-22.16;0.0;0.0;0.01;1.16
2023;1;183;beauce_5_sa_048;BTH;;1.06;0.15;36.07;14.35;71.02;33.86;21.9;0.04;0.0;0;42.57;0;-54.55;0.01;0.03;0.15;1.06
2023;184;298;beauce_5_sa_048;solnu;;0.0;0.0;41.06;-52.29;0.0;21.9;11.77;0.02;0.0;0;0;0;-185.74;0.0;0.02;0.0;0.0
2023;299;365;beauce_5_sa_048;BTH;;1.44;0.28;7.48;-11.93;1.53;11.75;25.45;0.01;0.0;0;0.9;0;10.82;0.01;0.0;0.28;1.44
2023;1;209;beauce_5_sa_049;BTH;;0.65;0.17;48.88;14.33;60.03;12.68;27.7;0.04;0.0;0;35.32;0;-148.12;0.0;0.04;0.17;0.65
2023;210;279;beauce_5_sa_049;solnu;;0.0;0.0;26.45;-49.04;0.0;27.7;6.51;0.0;0.0;0;0;0;-156.52;0.0;0.0;0.0;0.0
2023;280;365;beauce_5_sa_049;BTH;;0.85;0.0;11.0;-10.98;0.0;6.69;5.67;0.0;0.0;0;0.0;0;-0.19;0.0;0.0;0.0;0.85
2023;1;198;beauce_5_sa_050;BTH;;0.13;0.37;43.61;18.53;76.25;2.91;16.64;0.04;0.0;0;44.87;0;-91.23;0.0;0.04;0.37;0.13
2023;199;277;beauce_5_sa_050;solnu;;0.0;0.0;32.66;-49.99;0.0;16.64;1.98;0.01;0.0;0;0;0;-193.01;0.0;0.01;0.0;0.0
2023;278;365;beauce_5_sa_050;BTH;;0.22;0.0;11.81;-11.84;0.0;1.86;1.73;0.0;0.0;0;0.0;0;15.8;0.0;0.0;0.0;0.22
2023;1;181;beauce_5_sa_051;BTH;;0.89;0.06;35.35;9.63;52.12;16.56;13.25;0.03;0.0;0;30.67;0;-121.68;0.0;0.03;0.06;0.89
2023;182;273;beauce_5_sa_051;solnu;;0.04;0.0;36.93;-7.92;0.0;13.25;42.2;0.02;0.0;0;0;0;-197.39;0.0;0.02;0.0;0.04
2023;274;365;beauce_5_sa_051;BTH;;1.09;0.0;11.53;-39.46;6.0;42.39;7.26;0.0;0.0;0;3.53;0;-36.77;0.0;0.0;0.0;1.09
2023;1;178;beauce_5_sa_052;BTH;;1.26;0.85;36.27;13.73;111.35;25.59;26.36;0.06;0.0;0;65.52;0;-16.2;0.03;0.03;0.85;1.26
2023;179;259;beauce_5_sa_052;solnu;;0.0;0.0;35.32;-9.53;0.0;26.36;52.12;0.03;0.0;0;0;0;-139.82;0.01;0.02;0.0;0.0
2023;260;365;beauce_5_sa_052;BTH;;1.97;0.0;16.13;-53.94;1.5;52.39;12.57;0.0;0.0;0;0.88;0;-15.25;0.0;0.0;0.0;1.97
2023;1;209;beauce_5_sa_053;BTH;;2.64;1.27;50.26;26.91;120.29;55.58;104.96;0.08;0.0;0;70.78;0;-78.21;0.03;0.05;1.27;2.64
2023;210;305;beauce_5_sa_053;solnu;;0.0;0.0;33.43;-105.17;0.0;104.96;33.21;0.01;0.0;0;0;0;-74.2;0.0;0.01;0.0;0.0
2023;306;365;beauce_5_sa_053;BTH;;2.48;0.0;7.05;9.24;2.88;33.43;44.1;0.03;0.0;0;1.7;0;42.83;0.02;0.01;0.0;2.48
2023;1;172;beauce_5_sa_054;BTH;;0.81;0.06;32.51;6.91;48.04;15.16;9.84;0.02;0.0;0;28.27;0;-76.44;0.0;0.02;0.06;0.81
2023;173;300;beauce_5_sa_054;solnu;;0.0;0.0;44.62;-46.13;0.0;9.84;8.48;0.02;0.0;0;0;0;-204.32;0.0;0.02;0.0;0.0
2023;301;365;beauce_5_sa_054;BTH;;1.03;0.0;7.26;-7.28;0.0;8.51;7.43;0.0;0.0;0;0.0;0;-2.02;0.0;0.0;0.0;1.03
2023;1;188;beauce_5_sa_055;BTH;;1.39;0.03;37.42;15.15;131.34;98.56;19.79;0.08;0.0;0;77.46;0;-60.12;0.04;0.04;0.03;1.39
2023;189;297;beauce_5_sa_055;solnu;;0.0;0.0;38.38;-2.5;0.0;19.79;55.93;0.02;0.0;0;0;0;-172.11;0.0;0.02;0.0;0.0
2023;298;365;beauce_5_sa_055;BTH;;1.5;1.02;7.41;-53.05;0.84;56.13;85.88;0.02;0.0;0;0.49;0;-34.95;0.02;0.0;1.02;1.5
2023;1;210;beauce_5_sa_056;BTH;;0.93;0.72;49.97;18.2;104.4;20.01;36.49;0.05;0.0;0;61.43;0;-108.33;0.01;0.04;0.72;0.93
2023;211;274;beauce_5_sa_056;solnu;;0.0;0.0;25.86;-51.97;0.0;36.49;10.37;0.01;0.0;0;0;0;-117.45;0.0;0.01;0.0;0.0
2023;275;365;beauce_5_sa_056;BTH;;1.21;0.0;12.34;-13.8;0.0;10.29;9.14;0.0;0.0;0;0.0;0;-13.81;0.0;0.0;0.0;1.21
2023;1;207;beauce_5_sa_057;BTH;;1.03;0.56;46.59;23.55;97.74;22.17;35.53;0.05;0.0;0;57.51;0;-198.71;0.0;0.04;0.56;1.03
2023;208;283;beauce_5_sa_057;solnu;;0.0;0.0;28.24;-7.0;0.0;35.53;56.76;0.01;0.0;0;0;0;-156.76;0.0;0.01;0.0;0.0
2023;284;365;beauce_5_sa_057;BTH;;0.99;0.0;9.43;-48.77;7.5;56.93;10.14;0.0;0.0;0;4.41;0;-48.11;0.0;0.0;0.0;0.99
2023;1;211;beauce_5_sa_058;BTH;;1.71;0.31;48.45;15.28;73.7;27.2;38.65;0.05;0.0;0;43.37;0;-226.27;0.01;0.04;0.31;1.71
2023;212;307;beauce_5_sa_058;solnu;;0.0;0.0;28.38;-7.36;0.0;38.65;59.65;0.01;0.0;0;0;0;-162.05;0.0;0.01;0.0;0.0
2023;308;365;beauce_5_sa_058;BTH;;1.57;0.0;6.02;-52.11;0.0;59.83;11.99;0.0;0.0;0;0.0;0;-16.79;0.0;0.0;0.0;1.57
2023;1;225;beauce_5_sa_059;BTH;;1.55;1.06;59.42;47.27;110.82;34.34;107.97;0.13;0.0;0;65.27;0;-193.24;0.06;0.06;1.06;1.55
2023;226;276;beauce_5_sa_059;solnu;;0.0;0.0;19.63;-106.47;0.0;107.97;21.13;0.0;0.0;0;0;0;-63.93;0.0;0.0;0.0;0.0
2023;277;365;beauce_5_sa_059;BTH;;3.04;0.0;12.84;13.48;13.46;21.16;30.92;0.03;0.0;0;7.92;0;49.15;0.01;0.02;0.0;3.04
2023;1;228;beauce_5_sa_060;BTH;;0.45;0.06;59.28;21.4;48.47;6.84;42.68;0.06;0.0;0;28.52;0;-250.23;0.01;0.05;0.06;0.45
2023;229;271;beauce_5_sa_060;solnu;;0.0;0.0;14.96;-53.54;0.0;42.68;4.12;0.0;0.0;0;0;0;-92.85;0.0;0.0;0.0;0.0
2023;272;365;beauce_5_sa_060;BTH;;0.53;0.0;13.0;-12.95;0.0;4.1;3.64;0.0;0.0;0;0.0;0;8.78;0.0;0.0;0.0;0.53
2023;1;180;beauce_5_sa_061;BTH;;0.06;0.15;35.48;18.65;62.73;2.8;5.05;0.04;0.0;0;37.05;0;-90.25;0.0;0.03;0.15;0.06
2023;181;270;beauce_5_sa_061;solnu;;0.0;0.0;37.75;-46.82;0.0;5.05;0.9;0.01;0.0;0;0;0;-240.15;0.0;0.01;0.0;0.0
2023;271;365;beauce_5_sa_061;BTH;;0.11;0.0;13.37;-13.28;0.0;0.95;0.87;0.0;0.0;0;0.0;0;5.52;0.0;0.0;0.0;0.11
2023;1;223;beauce_5_sa_062;BTH;;2.83;1.56;56.91;29.15;132.29;60.29;127.87;0.1;0.0;0;77.84;0;-62.29;0.04;0.06;1.56;2.83
2023;224;310;beauce_5_sa_062;solnu;;0.0;0.0;27.54;-85.98;0.0;127.87;69.42;0.01;0.0;0;0;0;-105.06;0.0;0.01;0.0;0.0
2023;311;365;beauce_5_sa_062;BTH;;3.14;0.0;6.1;-19.0;1.92;67.88;51.44;0.03;0.0;0;1.13;0;41.22;0.03;0.0;0.0;3.14
2023;1;204;beauce_5_sa_063;BTH;;1.03;0.69;44.55;20.9;114.11;22.3;24.68;0.04;0.0;0;67.2;0;-175.27;0.0;0.04;0.69;1.03
2023;205;303;beauce_5_sa_063;solnu;;0.0;0.0;32.17;-2.64;0.0;24.68;54.19;0.02;0.0;0;0;0;-170.46;0.0;0.02;0.0;0.0
2023;304;365;beauce_5_sa_063;BTH;;0.63;0.06;6.64;-54.1;0.16;54.35;10.52;0.0;0.0;0;0.09;0;-24.99;0.0;0.0;0.06;0.63
2023;1;225;beauce_5_sa_064;BTH;;0.76;0.23;55.72;14.23;67.04;14.63;33.71;0.04;0.0;0;39.45;0;-167.84;0.0;0.04;0.23;0.76
2023;226;293;beauce_5_sa_064;solnu;;0.0;0.0;21.11;-49.3;0.0;33.71;7.06;0.0;0.0;0;0;0;-132.2;0.0;0.0;0.0;0.0
2023;294;365;beauce_5_sa_064;BTH;;0.92;0.0;8.25;-8.62;0.0;7.06;6.27;0.0;0.0;0;0.0;0;-5.78;0.0;0.0;0.0;0.92
2023;1;182;beauce_5_sa_065;BTH;;0.81;0.0;35.61;2.55;42.21;13.33;7.01;0.02;0.0;0;24.84;0;-90.01;0.0;0.02;0.0;0.81
2023;183;291;beauce_5_sa_065;solnu;;0.0;0.0;39.76;-30.4;0.0;7.01;16.43;0.02;0.0;0;0;0;-194.5;0.0;0.02;0.0;0.0
2023;292;365;beauce_5_sa_065;BTH;;0.84;0.0;8.38;-18.12;0.0;14.87;5.85;0.0;0.0;0;0.0;0;-12.18;0.0;0.0;0.0;0.84
2023;1;223;beauce_5_sa_066;BTH;;0.84;0.16;56.0;21.97;56.61;10.9;43.3;0.06;0.0;0;33.31;0;-209.5;0.01;0.05;0.16;0.84
2023;224;261;beauce_5_sa_066;solnu;;0.0;0.0;15.21;-52.09;0.0;43.3;6.43;0.0;0.0;0;0;0;-103.46;0.0;0.0;0.0;0.0
2023;262;365;beauce_5_sa_066;BTH;;0.88;0.0;16.05;-16.1;0.0;6.43;5.64;0.0;0.0;0;0.0;0;5.96;0.0;0.0;0.0;0.88
2023;1;227;beauce_5_sa_067;BTH;;0.45;0.31;60.02;30.39;70.93;9.16;51.58;0.08;0.0;0;43.74;0;-247.68;0.03;0.05;0.31;0.45
2023;228;263;beauce_5_sa_067;solnu;;0.0;0.0;14.49;-60.43;0.0;51.58;5.86;0.0;0.0;0;0;0;-56.03;0.0;0.0;0.0;0.0
2023;264;365;beauce_5_sa_067;BTH;;0.8;0.06;16.99;-18.07;2.4;5.92;6.21;0.0;0.0;0;1.41;0;11.2;0.0;0.0;0.06;0.8
2023;1;194;beauce_5_sa_068;BTH;;1.87;0.59;43.15;22.68;72.76;34.09;69.03;0.07;0.0;0;42.82;0;-118.46;0.03;0.04;0.59;1.87
2023;195;269;beauce_5_sa_068;solnu;;0.0;0.0;31.54;-75.71;0.0;69.03;24.85;0.01;0.0;0;0;0;-147.71;0.0;0.01;0.0;0.0
2023;270;365;beauce_5_sa_068;BTH;;2.83;0.0;13.62;-10.39;3.07;23.88;22.19;0.01;0.0;0;1.81;0;25.1;0.0;0.0;0.0;2.83
2023;1;197;beauce_5_sa_069;BTH;;0.15;0.0;43.57;21.61;48.84;2.48;18.62;0.05;0.0;0;28.74;0;-156.91;0.01;0.04;0.0;0.15
2023;198;269;beauce_5_sa_069;solnu;;0.0;0.0;29.48;-46.39;0.0;18.62;2.15;0.01;0.0;0;0;0;-176.62;0.0;0.01;0.0;0.0
2023;270;365;beauce_5_sa_069;BTH;;0.26;0.0;13.38;-13.37;0.0;1.98;1.9;0.0;0.0;0;0.0;0;-18.07;0.0;0.0;0.0;0.26
2023;1;202;beauce_5_sa_070;BTH;;1.23;0.04;44.81;15.09;124.55;22.72;29.22;0.08;0.0;0;73.29;0;-72.47;0.04;0.04;0.04;1.23
2023;203;296;beauce_5_sa_070;solnu;;0.0;0.0;32.19;-7.33;0.0;29.22;54.06;0.02;0.0;0;0;0;-165.92;0.0;0.02;0.0;0.0
2023;297;365;beauce_5_sa_070;BTH;;1.7;0.93;7.64;-50.12;0.36;54.38;80.63;0.01;0.0;0;0.21;0;-36.26;0.01;0.0;0.93;1.7
2023;1;182;beauce_5_sa_071;BTH;;1.77;0.84;33.98;-6.36;103.71;34.71;19.87;0.03;0.0;0;61.03;0;-36.76;0.01;0.02;0.84;1.77
2023;183;314;beauce_5_sa_071;solnu;;0.0;0.0;43.37;3.58;0.0;19.87;66.8;0.03;0.0;0;0;0;-150.06;0.0;0.03;0.0;0.0
2023;315;365;beauce_5_sa_071;BTH;;0.8;0.0;5.22;-52.8;0.0;67.02;18.99;0.0;0.0;0;0.0;0;-12.09;0.0;0.0;0.0;0.8
2023;1;193;beauce_5_sa_072;BTH;;0.68;0.14;40.17;5.48;59.37;12.05;8.17;0.03;0.0;0;34.94;0;-113.3;0.0;0.03;0.14;0.68
2023;194;298;beauce_5_sa_072;solnu;;0.0;0.0;36.37;-35.5;0.0;8.17;9.02;0.02;0.0;0;0;0;-178.95;0.0;0.02;0.0;0.0
2023;299;365;beauce_5_sa_072;BTH;;0.64;0.0;7.21;-11.25;0.0;7.05;5.22;0.0;0.0;0;0.0;0;-22.96;0.0;0.0;0.0;0.64
2023;1;186;beauce_5_sa_073;BTH;;0.08;0.33;38.96;18.24;76.12;1.74;7.27;0.04;0.0;0;44.79;0;-71.71;0.01;0.03;0.33;0.08
2023;187;279;beauce_5_sa_073;solnu;;0.0;0.0;36.89;-45.61;0.0;7.27;1.13;0.01;0.0;0;0;0;-217.21;0.0;0.01;0.0;0.0
2023;280;365;beauce_5_sa_073;BTH;;0.15;0.0;11.2;-11.12;0.0;1.17;1.06;0.0;0.0;0;0.0;0;15.35;0.0;0.0;0.0;0.15
2023;1;204;beauce_5_sa_074;BTH;;1.43;1.28;49.76;38.06;116.91;38.7;103.77;0.13;0.0;0;86.55;0;-216.93;0.07;0.05;1.28;1.43
2023;205;265;beauce_5_sa_074;solnu;;0.0;0.0;28.05;-109.82;0.0;103.77;22.0;0.01;0.0;0;0;0;-108.31;0.0;0.01;0.0;0.0
2023;266;365;beauce_5_sa_074;BTH;;2.66;0.0;16.9;17.4;20.55;22.17;33.05;0.03;0.0;0;12.09;0;71.59;0.01;0.02;0.0;2.66
2023;1;185;beauce_5_sa_075;BTH;;1.05;0.08;36.63;2.72;50.62;17.26;9.41;0.03;0.0;0;29.79;0;-125.94;0.0;0.03;0.08;1.05
2023;186;302;beauce_5_sa_075;solnu;;0.0;0.0;38.56;-5.06;0.0;9.41;42.95;0.02;0.0;0;0;0;-204.79;0.0;0.02;0.0;0.0
2023;303;365;beauce_5_sa_075;BTH;;1.05;0.0;6.71;-40.65;0.0;43.14;7.96;0.0;0.0;0;0.0;0;-18.56;0.0;0.0;0.0;1.05
2023;1;212;beauce_5_sa_076;BTH;;1.93;0.62;51.48;19.84;74.37;37.83;78.86;0.07;0.0;0;43.76;0;-134.33;0.02;0.04;0.62;1.93
2023;213;284;beauce_5_sa_076;solnu;;0.0;0.0;26.13;-48.92;0.0;78.86;56.05;0.01;0.0;0;0;0;-124.65;0.0;0.01;0.0;0.0
2023;285;365;beauce_5_sa_076;BTH;;2.65;0.02;9.85;-35.72;10.5;53.63;18.42;0.0;0.0;0;6.18;0;20.61;0.0;0.0;0.02;2.65
2023;1;222;beauce_5_sa_077;BTH;;0.17;0.0;55.56;23.74;50.27;4.46;33.26;0.05;0.0;0;29.64;0;-265.14;0.01;0.05;0.0;0.17
2023;223;269;beauce_5_sa_077;solnu;;0.0;0.0;19.58;-51.63;0.0;33.26;2.19;0.0;0.0;0;0;0;-109.02;0.0;0.0;0.0;0.0
2023;270;365;beauce_5_sa_077;BTH;;0.29;0.0;14.16;-14.06;0.0;2.19;2.0;0.0;0.0;0;0.0;0;7.48;0.0;0.0;0.0;0.29
2023;1;211;beauce_5_sa_078;BTH;;0.54;0.41;49.31;11.61;82.39;9.71;18.45;0.04;0.0;0;48.48;0;-114.14;0.0;0.04;0.41;0.54
2023;212;312;beauce_5_sa_078;solnu;;0.0;0.0;30.15;-46.96;0.0;18.45;4.67;0.01;0.0;0;0;0;-171.55;0.0;0.01;0.0;0.0
2023;313;365;beauce_5_sa_078;BTH;;0.55;0.0;5.44;-6.19;0.0;4.67;4.19;0.0;0.0;0;0.0;0;-5.71;0.0;0.0;0.0;0.55
2023;1;228;beauce_5_sa_079;BTH;;0.3;0.0;58.85;19.66;45.29;4.9;37.76;0.05;0.0;0;26.65;0;-255.9;0.0;0.05;0.0;0.3
2023;229;277;beauce_5_sa_079;solnu;;0.0;0.0;16.59;-51.7;0.0;37.76;2.77;0.0;0.0;0;0;0;-93.72;0.0;0.0;0.0;0.0
2023;278;365;beauce_5_sa_079;BTH;;0.37;0.0;11.68;-11.51;0.0;2.81;2.59;0.0;0.0;0;0.0;0;8.57;0.0;0.0;0.0;0.37
2023;1;221;beauce_5_sa_080;BTH;;0.2;0.0;55.49;23.26;49.42;5.1;34.17;0.06;0.0;0;30.13;0;-267.39;0.01;0.05;0.0;0.2
2023;222;266;beauce_5_sa_080;solnu;;0.0;0.0;19.12;-51.21;0.0;34.17;2.68;0.0;0.0;0;0;0;-102.51;0.0;0.0;0.0;0.0
2023;267;365;beauce_5_sa_080;BTH;;0.37;0.0;15.65;-15.18;0.0;2.68;2.79;0.0;0.0;0;0.0;0;2.93;0.0;0.0;0.0;0.37
2023;1;196;beauce_5_sa_081;BTH;;0.83;0.0;41.71;17.01;70.35;26.88;14.37;0.04;0.0;0;42.57;0;-89.47;0.01;0.04;0.0;0.83
2023;197;296;beauce_5_sa_081;solnu;;0.0;0.0;35.02;-43.95;0.0;14.37;8.49;0.01;0.0;0;0;0;-225.13;0.0;0.01;0.0;0.0
2023;297;365;beauce_5_sa_081;BTH;;1.41;0.29;7.73;-17.36;2.67;8.49;17.69;0.01;0.0;0;1.57;0;-9.73;0.01;0.0;0.29;1.41
2023;1;227;beauce_5_sa_082;BTH;;1.35;0.02;56.95;16.49;48.38;21.29;46.13;0.05;0.0;0;28.47;0;-266.34;0.0;0.04;0.02;1.35
2023;228;279;beauce_5_sa_082;solnu;;0.0;0.0;16.86;-15.86;0.0;46.13;47.12;0.0;0.0;0;0;0;-121.93;0.0;0.0;0.0;0.0
2023;280;365;beauce_5_sa_082;BTH;;1.36;0.0;10.23;-38.05;9.01;47.3;9.1;0.0;0.0;0;5.3;0;-19.82;0.0;0.0;0.0;1.36
2023;1;210;beauce_5_sa_083;BTH;;1.1;0.0;49.53;13.77;46.02;16.87;33.01;0.04;0.0;0;27.08;0;-209.75;0.0;0.04;0.0;1.1
2023;211;274;beauce_5_sa_083;solnu;;0.0;0.0;23.95;-15.83;0.0;33.01;41.12;0.01;0.0;0;0;0;-132.51;0.0;0.01;0.0;0.0
2023;275;365;beauce_5_sa_083;BTH;;1.12;0.0;11.54;-38.29;6.0;41.37;7.47;0.0;0.0;0;3.53;0;-30.63;0.0;0.0;0.0;1.12
2023;1;176;beauce_5_sa_084;BTH;;0.54;0.0;34.56;15.09;49.48;10.36;9.96;0.03;0.0;0;29.12;0;-124.25;0.0;0.03;0.0;0.54
2023;177;266;beauce_5_sa_084;solnu;;0.06;0.0;36.82;-41.35;0.0;9.96;5.53;0.02;0.0;0;0;0;-196.75;0.0;0.02;0.0;0.06
2023;267;365;beauce_5_sa_084;BTH;;0.71;0.0;14.32;-14.46;0.0;5.31;4.67;0.0;0.0;0;0.0;0;-27.38;0.0;0.0;0.0;0.71
2023;1;215;beauce_5_sa_085;BTH;;2.44;0.97;52.78;24.01;181.18;94.03;60.03;0.1;0.0;0;107.39;0;-5.62;0.05;0.05;0.97;2.44
2023;216;297;beauce_5_sa_085;solnu;;0.0;0.0;31.05;-62.0;0.0;60.03;29.06;0.02;0.0;0;0;0;-135.26;0.0;0.01;0.0;0.0
2023;298;365;beauce_5_sa_085;BTH;;1.28;0.83;7.97;-19.08;1.86;28.52;76.78;0.03;0.0;0;1.1;0;42.37;0.02;0.0;0.83;1.28
2023;1;178;beauce_5_sa_086;BTH;;3.1;1.61;34.17;11.7;142.79;66.9;86.13;0.05;0.0;0;84.02;0;37.33;0.03;0.03;1.61;3.1
2023;179;288;beauce_5_sa_086;solnu;;0.0;0.0;41.21;-78.29;0.0;86.13;49.21;0.02;0.0;0;0;0;-109.35;0.0;0.02;0.0;0.0
2023;289;365;beauce_5_sa_086;BTH;;0.85;0.0;9.58;-20.08;4.5;47.89;33.36;0.0;0.0;0;2.65;0;70.45;0.0;0.0;0.0;0.85
2023;1;207;beauce_5_sa_087;BTH;;1.25;0.47;48.73;16.72;78.12;26.62;48.17;0.05;0.0;0;45.97;0;-155.53;0.01;0.04;0.47;1.25
2023;208;271;beauce_5_sa_087;solnu;;0.0;0.0;25.81;-12.77;0.0;48.17;61.2;0.01;0.0;0;0;0;-128.13;0.0;0.01;0.0;0.0
2023;272;365;beauce_5_sa_087;BTH;;1.95;0.0;12.41;-51.27;7.51;61.39;12.99;0.0;0.0;0;4.42;0;-15.44;0.0;0.0;0.0;1.95
2023;1;214;beauce_5_sa_088;BTH;;0.72;0.35;51.46;9.5;72.48;14.91;28.99;0.04;0.0;0;42.65;0;-123.1;0.0;0.04;0.35;0.72
2023;215;291;beauce_5_sa_088;solnu;;0.0;0.0;27.92;-50.26;0.0;28.99;7.26;0.01;0.0;0;0;0;-133.33;0.0;0.01;0.0;0.0
2023;292;365;beauce_5_sa_088;BTH;;0.57;0.0;8.73;-9.53;0.0;7.26;6.79;0.0;0.0;0;0.0;0;-6.61;0.0;0.0;0.0;0.57
2023;1;181;beauce_5_sa_089;BTH;;1.12;1.15;33.0;5.18;132.51;24.12;14.47;0.03;0.0;0;77.97;0;41.54;0.0;0.02;1.15;1.12
2023;182;317;beauce_5_sa_089;solnu;;0.0;0.0;43.57;-48.24;0.0;14.47;13.11;0.02;0.0;0;0;0;-144.51;0.0;0.02;0.0;0.0
2023;318;365;beauce_5_sa_089;BTH;;0.51;0.0;4.88;-5.22;0.0;13.33;12.66;0.0;0.0;0;0.0;0;11.4;0.0;0.0;0.0;0.51
2023;1;211;beauce_5_sa_090;BTH;;0.24;0.0;50.25;28.22;53.74;5.06;29.5;0.05;0.0;0;31.62;0;-241.38;0.01;0.05;0.0;0.24
2023;212;268;beauce_5_sa_090;solnu;;0.0;0.0;22.33;-49.55;0.0;29.5;2.89;0.0;0.0;0;0;0;-136.86;0.0;0.0;0.0;0.0
2023;269;365;beauce_5_sa_090;BTH;;0.38;0.0;14.04;-13.84;0.0;3.02;2.71;0.0;0.0;0;0.0;0;-22.52;0.0;0.0;0.0;0.38
2023;1;196;beauce_5_sa_091;BTH;;1.96;0.23;43.04;21.25;57.48;29.53;51.79;0.06;0.0;0;33.82;0;-175.53;0.02;0.04;0.23;1.96
2023;197;264;beauce_5_sa_091;solnu;;0.0;0.0;28.25;-12.5;0.0;51.79;67.53;0.01;0.0;0;0;0;-157.88;0.0;0.01;0.0;0.0
2023;265;365;beauce_5_sa_091;BTH;;2.37;0.0;14.48;-53.93;10.52;67.82;15.18;0.0;0.0;0;6.19;0;-29.3;0.0;0.0;0.0;2.37
2023;1;186;beauce_5_sa_092;BTH;;0.63;0.08;38.14;10.18;65.62;12.93;11.55;0.04;0.0;0;38.61;0;-92.42;0.0;0.03;0.08;0.63
2023;187;286;beauce_5_sa_092;solnu;;0.0;0.0;36.66;-40.93;0.0;11.55;7.27;0.02;0.0;0;0;0;-183.73;0.0;0.02;0.0;0.0
2023;287;365;beauce_5_sa_092;BTH;;0.89;0.14;9.2;-12.12;0.33;6.8;14.92;0.0;0.0;0;0.19;0;-25.12;0.0;0.0;0.14;0.89
2023;1;208;beauce_5_sa_093;BTH;;0.22;0.0;48.63;26.17;52.25;4.49;26.77;0.05;0.0;0;30.74;0;-223.82;0.01;0.04;0.0;0.22
2023;209;268;beauce_5_sa_093;solnu;;0.0;0.0;23.97;-48.79;0.0;26.77;2.83;0.0;0.0;0;0;0;-141.72;0.0;0.0;0.0;0.0
2023;269;365;beauce_5_sa_093;BTH;;0.35;0.0;14.1;-14.19;0.0;2.67;2.38;0.0;0.0;0;0.0;0;-20.17;0.0;0.0;0.0;0.35
2023;1;205;beauce_5_sa_094;BTH;;0.6;0.0;47.05;5.44;47.03;9.46;14.3;0.03;0.0;0;27.67;0;-153.96;0.0;0.03;0.0;0.6
2023;206;315;beauce_5_sa_094;solnu;;0.0;0.0;32.5;-42.55;0.0;14.3;4.5;0.01;0.0;0;0;0;-163.87;0.0;0.01;0.0;0.0
2023;316;365;beauce_5_sa_094;BTH;;0.53;0.0;4.99;-5.13;0.0;4.5;3.99;0.0;0.0;0;0.0;0;-8.19;0.0;0.0;0.0;0.53
2023;1;220;beauce_5_sa_095;BTH;;0.24;0.09;53.63;19.84;53.75;4.78;30.83;0.05;0.0;0;31.63;0;-196.42;0.0;0.04;0.09;0.24
2023;221;280;beauce_5_sa_095;solnu;;0.0;0.0;22.48;-51.09;0.0;30.83;2.69;0.0;0.0;0;0;0;-133.71;0.0;0.0;0.0;0.0
2023;281;365;beauce_5_sa_095;BTH;;0.35;0.0;10.89;-10.73;0.0;2.8;2.49;0.0;0.0;0;0.0;0;14.33;0.0;0.0;0.0;0.35
2023;1;188;beauce_5_sa_096;BTH;;1.78;1.37;36.06;11.74;156.7;35.44;26.05;0.08;0.0;0;92.21;0;-62.31;0.04;0.04;1.37;1.78
2023;189;304;beauce_5_sa_096;solnu;;0.0;0.0;39.08;1.96;0.0;26.05;67.2;0.03;0.0;0;0;0;-171.14;0.0;0.03;0.0;0.0
2023;305;365;beauce_5_sa_096;BTH;;0.98;0.0;6.69;-49.74;0.0;67.47;23.94;0.0;0.0;0;0.0;0;-23.66;0.0;0.0;0.0;0.98
2023;1;211;beauce_5_sa_097;BTH;;0.19;0.0;49.82;22.0;51.84;4.64;24.38;0.05;0.0;0;30.59;0;-196.18;0.0;0.04;0.0;0.19
2023;212;281;beauce_5_sa_097;solnu;;0.0;0.0;25.74;-48.71;0.0;24.38;2.2;0.0;0.0;0;0;0;-149.85;0.0;0.0;0.0;0.0
2023;282;365;beauce_5_sa_097;BTH;;0.29;0.02;10.42;-12.04;0.0;2.22;2.07;0.0;0.0;0;0.0;0;-3.58;0.0;0.0;0.02;0.29
2023;1;183;beauce_5_sa_098;BTH;;0.9;0.0;36.35;7.25;45.33;15.59;12.93;0.03;0.0;0;26.67;0;-125.88;0.0;0.03;0.0;0.9
2023;184;278;beauce_5_sa_098;solnu;;0.04;0.0;36.62;-8.6;0.0;12.93;40.89;0.02;0.0;0;0;0;-198.61;0.0;0.02;0.0;0.04
2023;279;365;beauce_5_sa_098;BTH;;1.01;0.0;10.54;-36.19;7.51;41.32;6.85;0.0;0.0;0;4.42;0;-35.47;0.0;0.0;0.0;1.01
2023;1;174;beauce_5_sa_099;BTH;;4.21;1.37;34.57;38.43;108.07;86.73;150.23;0.04;0.0;0;69.77;0;-98.89;0.0;0.04;1.37;4.21
2023;175;266;beauce_5_sa_099;solnu;;0.0;0.0;38.04;0.43;0.0;150.23;188.64;0.06;0.0;0;0;0;-196.68;0.04;0.02;0.0;0.0
2023;267;365;beauce_5_sa_099;BTH;;7.01;0.0;14.11;-83.05;53.14;188.94;59.52;0.02;0.0;0;31.27;0;7.94;0.02;0.01;0.0;7.01
2024;1;200;beauce_5_sa_000;BTH;;2.19;0.0;39.53;11.82;54.54;11.18;5.82;0.03;0.0;0;32.09;0;-162.95;0.0;0.03;0.0;2.19
2024;201;318;beauce_5_sa_000;solnu;;0.94;0.0;41.13;-1.51;0.0;5.82;44.44;0.06;0.01;0;0;0;-238.91;0.03;0.03;0.0;0.94
2024;319;366;beauce_5_sa_000;BTH;;0.24;0.01;5.95;-42.96;0.0;44.55;8.16;0.0;0.0;0;0.0;0;-22.68;0.0;0.0;0.01;0.24
2024;1;209;beauce_5_sa_001;BTH;;0.72;0.24;45.97;21.65;59.95;3.18;28.05;0.05;0.0;0;35.28;0;-119.48;0.01;0.04;0.24;0.72
2024;210;262;beauce_5_sa_001;solnu;;1.89;0.0;25.78;-44.85;0.0;28.05;11.34;0.04;0.03;0;0;0;-174.82;0.04;0.0;0.0;1.89
2024;263;366;beauce_5_sa_001;BTH;;0.6;0.0;20.31;-14.65;4.46;11.2;11.93;0.0;0.0;0;2.62;0;28.71;0.0;0.0;0.0;0.6
2024;1;206;beauce_5_sa_002;BTH;;5.12;0.13;43.95;40.74;83.02;36.18;42.47;0.06;0.0;0;52.61;0;-133.42;0.01;0.05;0.13;5.12
2024;207;262;beauce_5_sa_002;solnu;;4.09;0.0;26.16;-10.57;0.0;42.47;53.83;0.08;0.06;0;0;0;-149.69;0.07;0.01;0.0;4.09
2024;263;366;beauce_5_sa_002;BTH;;1.55;0.38;19.68;-50.28;4.73;54.51;48.67;0.02;0.0;0;2.79;0;-77.26;0.02;0.0;0.38;1.55
2024;1;197;beauce_5_sa_003;BTH;;0.85;0.17;39.4;9.09;62.01;4.26;2.56;0.03;0.0;0;36.49;0;-80.04;0.0;0.03;0.17;0.85
2024;198;296;beauce_5_sa_003;solnu;;0.38;0.0;40.5;-42.1;0.0;2.56;3.0;0.02;0.01;0;0;0;-212.69;0.0;0.01;0.0;0.38
2024;297;366;beauce_5_sa_003;BTH;;0.12;0.0;9.89;-10.26;0.0;3.26;2.89;0.0;0.0;0;0.0;0;-2.29;0.0;0.0;0.0;0.12
2024;1;184;beauce_5_sa_004;BTH;;5.43;1.18;38.93;38.01;134.38;75.93;100.84;0.15;0.01;0;94.72;0;-65.46;0.11;0.05;1.18;5.43
2024;185;259;beauce_5_sa_004;solnu;;12.08;0.0;38.77;-71.89;0.0;100.84;56.16;0.11;0.05;0;0;0;-78.15;0.1;0.01;0.0;12.08
2024;260;366;beauce_5_sa_004;BTH;;3.09;0.55;23.76;3.18;18.14;56.16;102.7;0.03;0.0;0;10.67;0;101.72;0.01;0.02;0.55;3.09
2024;1;190;beauce_5_sa_005;BTH;;1.27;0.13;35.96;13.63;59.02;6.03;5.4;0.03;0.0;0;34.73;0;-100.42;0.0;0.03;0.13;1.27
2024;191;284;beauce_5_sa_005;solnu;;0.67;0.0;39.92;-36.68;0.0;5.4;7.92;0.04;0.02;0;0;0;-209.76;0.01;0.02;0.0;0.67
2024;285;366;beauce_5_sa_005;BTH;;0.35;0.0;13.16;-13.57;0.0;7.68;7.3;0.0;0.0;0;0.0;0;-29.05;0.0;0.0;0.0;0.35
2024;1;187;beauce_5_sa_006;BTH;;1.63;0.0;34.95;14.42;44.4;7.43;10.75;0.03;0.0;0;26.12;0;-101.03;0.0;0.03;0.0;1.63
2024;188;270;beauce_5_sa_006;solnu;;1.06;0.0;37.23;-22.71;0.0;10.75;24.14;0.05;0.03;0;0;0;-219.78;0.03;0.02;0.0;1.06
2024;271;366;beauce_5_sa_006;BTH;;0.59;0.0;17.18;-29.7;0.0;19.66;11.03;0.0;0.0;0;0.0;0;-44.33;0.0;0.0;0.0;0.59
2024;1;198;beauce_5_sa_007;BTH;;2.0;0.07;39.62;18.35;48.81;9.01;21.47;0.04;0.0;0;32.26;0;-136.03;0.0;0.04;0.07;2.0
2024;199;268;beauce_5_sa_007;solnu;;1.63;0.0;31.15;-8.85;0.0;21.47;42.05;0.06;0.04;0;0;0;-188.43;0.04;0.02;0.0;1.63
2024;269;366;beauce_5_sa_007;BTH;;0.75;0.0;17.38;-44.15;0.0;42.5;14.69;0.0;0.0;0;0.0;0;-56.14;0.0;0.0;0.0;0.75
2024;1;208;beauce_5_sa_008;BTH;;1.74;0.0;43.65;14.61;39.96;7.91;24.47;0.04;0.0;0;27.05;0;-147.07;0.0;0.04;0.0;1.74
2024;209;270;beauce_5_sa_008;solnu;;1.75;0.0;28.14;-12.28;0.0;24.47;38.49;0.05;0.04;0;0;0;-165.92;0.04;0.01;0.0;1.75
2024;271;366;beauce_5_sa_008;BTH;;0.72;0.0;16.9;-40.61;0.0;38.91;14.31;0.0;0.0;0;0.0;0;-49.89;0.0;0.0;0.0;0.72
2024;1;183;beauce_5_sa_009;BTH;;12.88;1.94;36.68;48.01;171.8;83.81;127.51;0.14;0.02;0;103.18;0;40.99;0.09;0.05;1.94;12.88
2024;184;303;beauce_5_sa_009;solnu;;8.57;0.0;51.81;-70.49;0.0;127.51;100.14;0.22;0.1;0;0;0;-160.91;0.19;0.03;0.0;8.57
2024;304;366;beauce_5_sa_009;BTH;;3.96;0.02;9.58;-10.94;0.0;100.15;96.3;0.0;0.0;0;0.0;0;59.15;0.0;0.0;0.02;3.96
2024;1;217;beauce_5_sa_010;BTH;;13.16;1.22;53.55;48.56;98.4;52.68;134.27;0.27;0.11;0;86.32;0;-174.96;0.2;0.06;1.22;13.16
2024;218;261;beauce_5_sa_010;solnu;;7.29;0.0;22.02;-43.28;0.0;134.27;66.83;0.09;0.06;0;0;0;-125.78;0.09;0.01;0.0;7.29
2024;262;366;beauce_5_sa_010;BTH;;3.44;0.0;21.58;-23.07;9.03;64.67;55.62;0.0;0.0;0;5.31;0;8.88;0.0;0.0;0.0;3.44
2024;1;175;beauce_5_sa_011;BTH;;1.28;0.0;30.47;6.56;37.34;6.32;3.24;0.02;0.0;0;22.86;0;-72.55;0.0;0.02;0.0;1.28
2024;176;282;beauce_5_sa_011;solnu;;0.82;0.0;44.96;-15.36;0.0;3.24;31.98;0.05;0.03;0;0;0;-232.92;0.02;0.02;0.0;0.82
2024;283;366;beauce_5_sa_011;BTH;;0.44;0.0;13.93;-36.16;0.0;27.79;9.31;0.0;0.0;0;0.0;0;-33.02;0.0;0.0;0.0;0.44
2024;1;208;beauce_5_sa_012;BTH;;5.11;1.46;45.89;51.13;177.14;27.37;51.01;0.13;0.03;0;105.37;0;-0.83;0.07;0.06;1.46;5.11
2024;209;311;beauce_5_sa_012;solnu;;1.51;0.0;41.23;-51.25;0.0;51.01;39.29;0.13;0.06;0;0;0;-156.64;0.1;0.02;0.0;1.51
2024;312;366;beauce_5_sa_012;BTH;;1.19;0.0;7.71;-8.11;0.0;39.21;37.99;0.0;0.0;0;0.0;0;28.98;0.0;0.0;0.0;1.19
2024;1;186;beauce_5_sa_013;BTH;;0.46;0.0;34.81;19.6;44.33;2.98;12.48;0.03;0.0;0;26.08;0;-104.62;0.0;0.03;0.0;0.46
2024;187;261;beauce_5_sa_013;solnu;;0.86;0.0;34.74;-43.18;0.0;12.48;4.86;0.02;0.01;0;0;0;-204.93;0.01;0.01;0.0;0.86
2024;262;366;beauce_5_sa_013;BTH;;0.26;0.0;20.6;-4.93;10.61;5.02;9.65;0.01;0.0;0;6.24;0;-13.56;0.0;0.01;0.0;0.26
2024;1;226;beauce_5_sa_014;BTH;;7.21;1.38;56.37;29.73;152.23;13.51;43.25;0.14;0.04;0;89.58;0;21.64;0.09;0.05;1.38;7.21
2024;227;287;beauce_5_sa_014;solnu;;2.39;0.0;25.29;-40.23;0.0;43.25;28.56;0.02;0.02;0;0;0;-138.09;0.02;0.01;0.0;2.39
2024;288;366;beauce_5_sa_014;BTH;;1.36;0.0;13.11;-17.85;0.0;28.56;27.22;0.0;0.0;0;0.0;0;-18.44;0.0;0.0;0.0;1.36
2024;1;197;beauce_5_sa_015;BTH;;1.3;0.0;39.32;11.5;49.66;6.58;6.41;0.03;0.0;0;29.66;0;-73.55;0.0;0.03;0.0;1.3
2024;198;290;beauce_5_sa_015;solnu;;0.54;0.0;38.42;-39.76;0.0;6.41;5.28;0.02;0.01;0;0;0;-211.94;0.01;0.02;0.0;0.54
2024;291;366;beauce_5_sa_015;BTH;;0.26;0.09;11.78;-15.35;1.98;5.21;6.67;0.0;0.0;0;1.17;0;-11.58;0.0;0.0;0.09;0.26
2024;1;186;beauce_5_sa_016;BTH;;1.55;0.0;34.15;12.41;46.34;7.77;6.71;0.03;0.0;0;31.69;0;-109.68;0.0;0.03;0.0;1.55
2024;187;277;beauce_5_sa_016;solnu;;0.87;0.0;39.23;-4.34;0.0;6.71;40.66;0.04;0.03;0;0;0;-234.31;0.02;0.02;0.0;0.87
2024;278;366;beauce_5_sa_016;BTH;;0.45;0.03;14.49;-43.52;3.12;41.0;10.5;0.0;0.0;0;1.84;0;-55.27;0.0;0.0;0.03;0.45
2024;1;207;beauce_5_sa_017;BTH;;2.45;0.13;43.65;18.05;83.45;22.28;8.2;0.04;0.0;0;49.48;0;-34.35;0.0;0.04;0.13;2.45
2024;208;317;beauce_5_sa_017;solnu;;0.95;0.0;40.0;-46.14;0.0;8.2;5.46;0.02;0.01;0;0;0;-236.57;0.0;0.01;0.0;0.95
2024;318;366;beauce_5_sa_017;BTH;;0.19;0.32;6.29;-14.96;2.59;5.46;18.55;0.01;0.0;0;1.52;0;7.11;0.01;0.0;0.32;0.19
2024;1;199;beauce_5_sa_018;BTH;;1.2;0.0;40.5;12.16;43.32;5.78;13.9;0.03;0.0;0;25.49;0;-109.93;0.0;0.03;0.0;1.2
2024;200;278;beauce_5_sa_018;solnu;;0.92;0.0;34.76;-39.07;0.0;13.9;9.11;0.03;0.03;0;0;0;-195.4;0.02;0.01;0.0;0.92
2024;279;366;beauce_5_sa_018;BTH;;0.49;0.0;14.8;-14.7;0.0;9.11;8.74;0.0;0.0;0;0.0;0;-22.22;0.0;0.0;0.0;0.49
2024;1;198;beauce_5_sa_019;BTH;;0.81;0.0;39.86;5.49;44.78;4.1;2.3;0.03;0.0;0;26.35;0;-90.98;0.0;0.03;0.0;0.81
2024;199;318;beauce_5_sa_019;solnu;;0.37;0.0;43.0;-42.08;0.0;2.3;3.36;0.03;0.01;0;0;0;-239.75;0.01;0.02;0.0;0.37
2024;319;366;beauce_5_sa_019;BTH;;0.1;0.0;6.15;-6.25;0.0;3.29;3.17;0.0;0.0;0;0.0;0;-6.8;0.0;0.0;0.0;0.1
2024;1;214;beauce_5_sa_020;BTH;;0.93;0.12;46.28;7.96;55.82;4.79;11.25;0.03;0.0;0;32.85;0;-96.53;0.0;0.03;0.12;0.93
2024;215;313;beauce_5_sa_020;solnu;;0.9;0.0;36.33;-40.59;0.0;11.25;6.42;0.04;0.02;0;0;0;-198.6;0.02;0.02;0.0;0.9
2024;314;366;beauce_5_sa_020;BTH;;0.19;0.0;6.81;-7.24;0.0;6.42;6.24;0.0;0.0;0;0.0;0;-14.45;0.0;0.0;0.0;0.19
2024;1;222;beauce_5_sa_021;BTH;;3.01;0.17;52.22;25.52;64.72;9.95;32.76;0.09;0.03;0;38.09;0;-172.88;0.04;0.05;0.17;3.01
2024;223;280;beauce_5_sa_021;solnu;;1.58;0.0;24.43;-36.94;0.0;32.76;20.08;0.02;0.02;0;0;0;-182.24;0.01;0.01;0.0;1.58
2024;281;366;beauce_5_sa_021;BTH;;1.04;0.0;14.33;-16.12;0.0;20.08;19.06;0.0;0.0;0;0.0;0;-15.86;0.0;0.0;0.0;1.04
2024;1;193;beauce_5_sa_022;BTH;;3.66;0.87;39.74;39.61;89.14;27.52;78.75;0.08;0.0;0;63.0;0;-115.29;0.03;0.05;0.87;3.66
2024;194;267;beauce_5_sa_022;solnu;;7.1;0.0;36.69;-61.65;0.0;78.75;50.05;0.13;0.08;0;0;0;-182.21;0.12;0.01;0.0;7.1
2024;268;366;beauce_5_sa_022;BTH;;2.68;0.0;19.07;-9.71;6.09;49.88;50.64;0.01;0.0;0;3.58;0;54.84;0.0;0.01;0.0;2.68
2024;1;181;beauce_5_sa_023;BTH;;1.28;0.02;32.71;7.61;42.33;6.43;4.54;0.03;0.0;0;24.91;0;-81.17;0.0;0.03;0.02;1.28
2024;182;299;beauce_5_sa_023;solnu;;0.8;0.0;47.24;-42.2;0.0;4.54;8.71;0.04;0.03;0;0;0;-242.98;0.02;0.02;0.0;0.8
2024;300;366;beauce_5_sa_023;BTH;;0.34;0.0;9.34;-9.29;0.0;8.73;8.42;0.0;0.0;0;0.0;0;-13.83;0.0;0.0;0.0;0.34
2024;1;207;beauce_5_sa_024;BTH;;1.57;0.0;43.68;16.97;44.53;7.26;21.78;0.04;0.0;0;26.2;0;-142.09;0.0;0.04;0.0;1.57
2024;208;272;beauce_5_sa_024;solnu;;1.53;0.0;29.45;-36.81;0.0;21.78;13.21;0.05;0.04;0;0;0;-175.69;0.04;0.01;0.0;1.53
2024;273;366;beauce_5_sa_024;BTH;;0.7;0.0;16.73;-16.88;0.0;13.11;12.48;0.0;0.0;0;0.0;0;-35.67;0.0;0.0;0.0;0.7
2024;1;179;beauce_5_sa_025;BTH;;2.13;0.54;32.99;10.13;78.45;11.02;13.67;0.09;0.02;0;46.16;0;-1.16;0.06;0.03;0.54;2.13
2024;180;272;beauce_5_sa_025;solnu;;1.74;0.0;42.51;-37.98;0.0;13.67;17.74;0.07;0.04;0;0;0;-180.28;0.05;0.02;0.0;1.74
2024;273;366;beauce_5_sa_025;BTH;;0.93;0.01;17.42;-18.34;0.0;17.56;16.61;0.0;0.0;0;0.0;0;3.98;0.0;0.0;0.01;0.93
2024;1;214;beauce_5_sa_026;BTH;;2.17;0.0;46.11;19.17;38.4;9.37;34.04;0.04;0.0;0;24.37;0;-164.7;0.0;0.04;0.0;2.17
2024;215;263;beauce_5_sa_026;solnu;;2.6;0.0;23.49;-14.23;0.0;34.04;40.58;0.07;0.05;0;0;0;-155.06;0.06;0.01;0.0;2.6
2024;264;366;beauce_5_sa_026;BTH;;1.11;0.0;19.32;-39.1;0.0;41.01;19.93;0.0;0.0;0;0.0;0;-45.4;0.0;0.0;0.0;1.11
2024;1;209;beauce_5_sa_027;BTH;;0.9;0.0;44.2;11.61;48.9;4.62;10.6;0.03;0.0;0;28.78;0;-124.59;0.0;0.03;0.0;0.9
2024;210;292;beauce_5_sa_027;solnu;;0.74;0.0;34.56;-41.24;0.0;10.6;5.37;0.02;0.02;0;0;0;-219.35;0.01;0.01;0.0;0.74
2024;293;366;beauce_5_sa_027;BTH;;0.21;0.0;10.89;-10.89;0.0;5.4;5.17;0.0;0.0;0;0.0;0;10.06;0.0;0.0;0.0;0.21
2024;1;224;beauce_5_sa_028;BTH;;1.2;0.41;54.14;23.42;76.42;3.94;34.53;0.1;0.04;0;44.97;0;-141.2;0.06;0.05;0.41;1.2
2024;225;271;beauce_5_sa_028;solnu;;1.78;0.0;21.2;-41.46;0.0;34.53;20.53;0.01;0.02;0;0;0;-217.01;0.01;0.0;0.0;1.78
2024;272;366;beauce_5_sa_028;BTH;;1.1;0.0;17.08;-16.98;0.0;20.82;19.53;0.0;0.0;0;0.0;0;26.75;0.0;0.0;0.0;1.1
2024;1;229;beauce_5_sa_029;BTH;;2.56;0.05;54.41;27.31;59.47;8.51;31.72;0.09;0.03;0;35.77;0;-187.1;0.04;0.05;0.05;2.56
2024;230;281;beauce_5_sa_029;solnu;;1.32;0.0;21.05;-37.0;0.0;31.72;18.46;0.02;0.02;0;0;0;-183.35;0.02;0.0;0.0;1.32
2024;282;366;beauce_5_sa_029;BTH;;0.98;0.1;13.98;-18.66;2.63;18.39;19.19;0.0;0.0;0;1.55;0;-7.9;0.0;0.0;0.1;0.98
2024;1;184;beauce_5_sa_030;BTH;;0.88;0.0;33.92;7.12;40.53;4.45;2.56;0.02;0.0;0;23.85;0;-77.9;0.0;0.02;0.0;0.88
2024;185;300;beauce_5_sa_030;solnu;;0.51;0.0;46.46;-43.51;0.0;2.56;5.07;0.03;0.01;0;0;0;-227.22;0.01;0.02;0.0;0.51
2024;301;366;beauce_5_sa_030;BTH;;0.2;0.0;9.18;-9.1;0.0;5.07;4.95;0.0;0.0;0;0.0;0;6.84;0.0;0.0;0.0;0.2
2024;1;209;beauce_5_sa_031;BTH;;0.52;0.6;46.63;23.44;94.92;2.73;21.91;0.05;0.0;0;55.85;0;-70.2;0.01;0.04;0.6;0.52
2024;210;276;beauce_5_sa_031;solnu;;1.48;0.0;30.92;-48.16;0.0;21.91;12.99;0.04;0.04;0;0;0;-249.02;0.04;0.0;0.0;1.48
2024;277;366;beauce_5_sa_031;BTH;;0.68;0.0;15.31;-14.08;0.0;13.01;13.53;0.0;0.0;0;0.0;0;59.77;0.0;0.0;0.0;0.68
2024;1;172;beauce_5_sa_032;BTH;;14.43;1.75;30.95;45.84;128.17;99.94;163.81;0.08;0.0;0;102.02;0;-16.43;0.03;0.05;1.75;14.43
2024;173;272;beauce_5_sa_032;solnu;;13.64;0.0;45.91;9.9;0.0;163.81;205.83;0.26;0.12;0;0;0;-193.98;0.22;0.03;0.0;13.64
2024;273;366;beauce_5_sa_032;BTH;;6.04;0.0;17.45;-82.65;14.21;206.3;120.37;0.0;0.0;0;8.36;0;36.59;0.0;0.0;0.0;6.04
2024;1;208;beauce_5_sa_033;BTH;;2.47;0.0;43.12;17.7;83.92;36.45;10.93;0.06;0.0;0;49.38;0;-113.31;0.01;0.04;0.0;2.47
2024;209;305;beauce_5_sa_033;solnu;;1.11;0.0;36.77;-4.22;0.0;10.93;42.3;0.04;0.01;0;0;0;-211.08;0.02;0.02;0.0;1.11
2024;306;366;beauce_5_sa_033;BTH;;0.37;0.36;8.02;-42.23;0.0;42.57;9.22;0.01;0.0;0;0.0;0;-49.33;0.01;0.0;0.36;0.37
2024;1;209;beauce_5_sa_034;BTH;;0.95;0.0;44.59;19.0;39.67;4.26;27.18;0.04;0.0;0;23.34;0;-145.17;0.0;0.04;0.0;0.95
2024;210;265;beauce_5_sa_034;solnu;;1.75;0.0;26.64;-36.17;0.0;27.18;16.05;0.05;0.04;0;0;0;-170.3;0.05;0.01;0.0;1.75
2024;266;366;beauce_5_sa_034;BTH;;0.86;0.0;19.07;-17.36;1.09;16.05;15.84;0.0;0.0;0;0.64;0;-22.88;0.0;0.0;0.0;0.86
2024;1;173;beauce_5_sa_035;BTH;;1.33;0.0;29.7;8.38;38.56;6.77;4.93;0.02;0.0;0;22.69;0;-70.11;0.0;0.02;0.0;1.33
2024;174;297;beauce_5_sa_035;solnu;;1.15;0.0;50.49;-43.44;0.0;4.93;10.76;0.05;0.03;0;0;0;-241.57;0.03;0.02;0.0;1.15
2024;298;366;beauce_5_sa_035;BTH;;0.42;0.0;9.61;-9.02;0.0;10.76;10.93;0.0;0.0;0;0.0;0;-13.51;0.0;0.0;0.0;0.42
2024;1;220;beauce_5_sa_036;BTH;;1.93;0.0;49.66;12.41;44.29;6.58;22.39;0.07;0.03;0;29.64;0;-167.63;0.03;0.04;0.0;1.93
2024;221;289;beauce_5_sa_036;solnu;;1.08;0.0;27.11;-13.13;0.0;22.39;35.26;0.02;0.01;0;0;0;-163.0;0.01;0.01;0.0;1.08
2024;290;366;beauce_5_sa_036;BTH;;0.57;0.0;11.89;-34.77;0.0;35.63;12.88;0.0;0.0;0;0.0;0;-48.43;0.0;0.0;0.0;0.57
2024;1;199;beauce_5_sa_037;BTH;;1.79;0.02;39.3;12.68;54.82;9.16;4.42;0.03;0.0;0;32.26;0;-154.68;0.0;0.03;0.02;1.79
2024;200;316;beauce_5_sa_037;solnu;;0.77;0.0;41.44;-3.77;0.0;4.42;41.3;0.05;0.01;0;0;0;-238.31;0.03;0.02;0.0;0.77
2024;317;366;beauce_5_sa_037;BTH;;0.21;0.0;6.16;-40.38;0.0;41.42;7.01;0.0;0.0;0;0.0;0;-24.87;0.0;0.0;0.0;0.21
2024;1;174;beauce_5_sa_038;BTH;;6.68;1.75;33.49;30.06;116.97;56.79;127.46;0.12;0.0;0;106.0;0;-86.36;0.09;0.04;1.75;6.68
2024;175;261;beauce_5_sa_038;solnu;;13.16;0.0;43.28;-90.47;0.0;127.46;66.93;0.12;0.05;0;0;0;-42.72;0.11;0.01;0.0;13.16
2024;262;366;beauce_5_sa_038;BTH;;3.73;0.0;22.83;17.61;30.11;66.55;73.5;0.03;0.0;0;17.72;0;90.01;0.01;0.02;0.0;3.73
2024;1;220;beauce_5_sa_039;BTH;;1.27;0.42;50.04;9.1;77.74;5.46;16.85;0.08;0.03;0;45.75;0;-57.52;0.04;0.04;0.42;1.27
2024;221;313;beauce_5_sa_039;solnu;;1.02;0.0;33.28;-44.04;0.0;16.85;9.68;0.02;0.01;0;0;0;-182.0;0.0;0.01;0.0;1.02
2024;314;366;beauce_5_sa_039;BTH;;0.29;0.0;6.84;-7.21;0.0;9.68;9.4;0.0;0.0;0;0.0;0;4.29;0.0;0.0;0.0;0.29
2024;1;209;beauce_5_sa_040;BTH;;1.73;0.12;43.0;14.63;63.4;8.85;10.11;0.04;0.0;0;37.31;0;-160.93;0.0;0.04;0.12;1.73
2024;210;313;beauce_5_sa_040;solnu;;0.97;0.0;37.27;-2.8;0.0;10.11;43.53;0.06;0.02;0;0;0;-207.95;0.03;0.02;0.0;0.97
2024;314;366;beauce_5_sa_040;BTH;;0.26;0.0;6.59;-41.58;0.0;43.71;8.64;0.0;0.0;0;0.0;0;-28.92;0.0;0.0;0.0;0.26
2024;1;170;beauce_5_sa_041;BTH;;19.1;2.26;31.47;39.97;147.37;134.91;204.63;0.32;0.04;0;128.36;0;-15.48;0.28;0.04;2.26;19.1
2024;171;259;beauce_5_sa_041;solnu;;27.11;0.0;42.83;5.02;0.0;204.63;212.0;0.2;0.1;0;0;0;-164.68;0.17;0.03;0.0;27.11
2024;260;366;beauce_5_sa_041;BTH;;8.69;0.0;23.12;-70.33;18.38;212.57;137.72;0.0;0.0;0;10.82;0;78.48;0.0;0.0;0.0;8.69
2024;1;179;beauce_5_sa_042;BTH;;2.42;0.59;32.5;11.55;75.14;12.25;21.31;0.1;0.02;0;49.65;0;-18.44;0.07;0.03;0.59;2.42
2024;180;281;beauce_5_sa_042;solnu;;2.57;0.0;44.05;5.42;0.0;21.31;68.11;0.1;0.06;0;0;0;-187.45;0.07;0.03;0.0;2.57
2024;282;366;beauce_5_sa_042;BTH;;1.12;0.06;14.31;-57.9;3.7;68.41;24.55;0.0;0.0;0;2.18;0;-16.43;0.0;0.0;0.06;1.12
2024;1;214;beauce_5_sa_043;BTH;;1.22;0.0;45.54;17.51;52.41;6.21;15.66;0.04;0.0;0;30.84;0;-168.78;0.0;0.04;0.0;1.22
2024;215;297;beauce_5_sa_043;solnu;;1.25;0.0;32.74;-7.95;0.0;15.66;39.13;0.05;0.03;0;0;0;-200.37;0.03;0.02;0.0;1.25
2024;298;366;beauce_5_sa_043;BTH;;0.39;0.0;9.33;-38.82;0.0;39.32;9.5;0.0;0.0;0;0.0;0;-35.5;0.0;0.0;0.0;0.39
2024;1;188;beauce_5_sa_044;BTH;;4.31;1.23;38.05;31.54;120.59;21.73;57.21;0.12;0.02;0;70.96;0;40.78;0.08;0.04;1.23;4.31
2024;189;307;beauce_5_sa_044;solnu;;4.1;0.0;49.58;-57.6;0.0;57.21;45.8;0.14;0.07;0;0;0;-137.42;0.12;0.02;0.0;4.1
2024;308;366;beauce_5_sa_044;BTH;;1.61;0.0;8.57;-8.57;0.0;45.67;44.19;0.0;0.0;0;0.0;0;40.18;0.0;0.0;0.0;1.61
2024;1;225;beauce_5_sa_045;BTH;;3.61;0.62;52.99;25.09;103.86;9.86;26.7;0.09;0.03;0;61.11;0;-88.37;0.04;0.05;0.62;3.61
2024;226;301;beauce_5_sa_045;solnu;;1.46;0.0;28.7;-46.77;0.0;26.7;15.7;0.02;0.02;0;0;0;-233.37;0.01;0.01;0.0;1.46
2024;302;366;beauce_5_sa_045;BTH;;0.61;0.0;8.94;-9.59;0.0;15.59;14.97;0.0;0.0;0;0.0;0;20.5;0.0;0.0;0.0;0.61
2024;1;220;beauce_5_sa_046;BTH;;3.14;0.36;49.89;20.26;68.79;10.41;35.61;0.1;0.04;0;45.77;0;-129.15;0.06;0.04;0.36;3.14
2024;221;281;beauce_5_sa_046;solnu;;1.77;0.0;25.25;-10.84;0.0;35.61;48.2;0.03;0.02;0;0;0;-156.27;0.02;0.01;0.0;1.77
2024;282;366;beauce_5_sa_046;BTH;;1.0;0.0;13.87;-41.11;0.0;48.47;21.79;0.0;0.0;0;0.0;0;-43.11;0.0;0.0;0.0;1.0
2024;1;229;beauce_5_sa_047;BTH;;2.25;0.0;53.46;19.06;49.39;7.71;28.54;0.07;0.03;0;31.98;0;-212.78;0.03;0.04;0.0;2.25
2024;230;291;beauce_5_sa_047;solnu;;1.1;0.0;23.04;-13.73;0.0;28.54;36.71;0.02;0.02;0;0;0;-154.81;0.02;0.01;0.0;1.1
2024;292;366;beauce_5_sa_047;BTH;;0.7;0.01;11.16;-33.72;0.0;37.27;15.76;0.01;0.0;0;0.0;0;-43.96;0.01;0.0;0.01;0.7
2024;1;183;beauce_5_sa_048;BTH;;3.01;0.15;33.88;18.57;73.43;25.23;11.48;0.04;0.0;0;44.11;0;-38.79;0.01;0.03;0.15;3.01
2024;184;299;beauce_5_sa_048;solnu;;1.88;0.0;47.63;-45.63;0.0;11.48;13.75;0.05;0.03;0;0;0;-227.37;0.02;0.02;0.0;1.88
2024;300;366;beauce_5_sa_048;BTH;;0.57;0.28;9.45;-12.05;3.29;13.75;28.3;0.01;0.0;0;1.93;0;14.48;0.01;0.0;0.28;0.57
2024;1;209;beauce_5_sa_049;BTH;;1.13;0.17;44.86;14.85;57.86;5.67;18.88;0.04;0.01;0;34.05;0;-102.81;0.01;0.04;0.17;1.13
2024;210;280;beauce_5_sa_049;solnu;;1.31;0.0;31.35;-41.42;0.0;18.88;10.95;0.04;0.03;0;0;0;-213.39;0.03;0.01;0.0;1.31
2024;281;366;beauce_5_sa_049;BTH;;0.58;0.0;14.37;-14.29;0.0;10.95;10.5;0.0;0.0;0;0.0;0;13.7;0.0;0.0;0.0;0.58
2024;1;198;beauce_5_sa_050;BTH;;0.34;0.37;41.38;16.46;74.79;1.73;12.43;0.04;0.0;0;44.01;0;-58.33;0.01;0.03;0.37;0.34
2024;199;278;beauce_5_sa_050;solnu;;0.66;0.0;36.0;-47.34;0.0;12.43;8.42;0.03;0.03;0;0;0;-256.21;0.02;0.01;0.0;0.66
2024;279;366;beauce_5_sa_050;BTH;;0.44;0.0;14.88;-13.43;0.0;8.43;9.42;0.0;0.0;0;0.0;0;43.99;0.0;0.0;0.0;0.44
2024;1;181;beauce_5_sa_051;BTH;;1.53;0.06;32.53;9.04;46.39;7.26;5.63;0.03;0.0;0;30.83;0;-97.08;0.0;0.03;0.06;1.53
2024;182;274;beauce_5_sa_051;solnu;;0.92;0.0;40.65;-4.2;0.0;5.63;41.08;0.05;0.03;0;0;0;-213.73;0.02;0.02;0.0;0.92
2024;275;366;beauce_5_sa_051;BTH;;0.49;0.0;15.65;-43.23;3.0;41.56;10.09;0.0;0.0;0;1.77;0;-50.67;0.0;0.0;0.0;0.49
2024;1;178;beauce_5_sa_052;BTH;;2.86;0.85;33.22;14.59;100.67;12.5;20.18;0.11;0.02;0;60.12;0;30.11;0.08;0.03;0.85;2.86
2024;179;260;beauce_5_sa_052;solnu;;2.49;0.0;38.77;-4.25;0.0;20.18;52.07;0.08;0.05;0;0;0;-137.42;0.06;0.02;0.0;2.49
2024;261;366;beauce_5_sa_052;BTH;;1.22;0.0;21.73;-53.26;1.27;52.58;20.79;0.0;0.0;0;0.75;0;-25.37;0.0;0.0;0.0;1.22
2024;1;209;beauce_5_sa_053;BTH;;6.96;1.27;46.85;49.76;149.73;44.29;79.15;0.09;0.0;0;89.8;0;-100.21;0.04;0.06;1.27;6.96
2024;210;306;beauce_5_sa_053;solnu;;6.04;0.0;40.36;-61.44;0.0;79.15;54.17;0.14;0.08;0;0;0;-139.96;0.13;0.01;0.0;6.04
2024;307;366;beauce_5_sa_053;BTH;;1.9;0.0;8.54;-8.65;0.0;54.05;52.16;0.0;0.0;0;0.0;0;45.99;0.0;0.0;0.0;1.9
2024;1;172;beauce_5_sa_054;BTH;;1.47;0.06;29.28;7.64;41.5;7.43;4.58;0.02;0.0;0;24.42;0;-60.23;0.0;0.02;0.06;1.47
2024;173;301;beauce_5_sa_054;solnu;;1.25;0.0;51.98;-44.22;0.0;4.58;11.11;0.05;0.03;0;0;0;-234.74;0.03;0.02;0.0;1.25
2024;302;366;beauce_5_sa_054;BTH;;0.44;0.0;9.04;-8.87;0.0;11.11;10.85;0.0;0.0;0;0.0;0;-8.12;0.0;0.0;0.0;0.44
2024;1;188;beauce_5_sa_055;BTH;;7.84;0.03;35.64;23.13;119.26;85.15;19.93;0.08;0.0;0;70.67;0;-25.18;0.04;0.04;0.03;7.84
2024;189;298;beauce_5_sa_055;solnu;;3.21;0.0;44.74;5.37;0.0;19.93;66.74;0.07;0.03;0;0;0;-205.42;0.04;0.03;0.0;3.21
2024;299;366;beauce_5_sa_055;BTH;;0.96;1.02;9.53;-63.1;1.84;66.94;88.98;0.02;0.0;0;1.08;0;-38.73;0.02;0.0;1.02;0.96
2024;1;210;beauce_5_sa_056;BTH;;1.81;0.72;46.39;24.81;104.92;9.19;27.21;0.07;0.01;0;61.74;0;-52.47;0.03;0.04;0.72;1.81
2024;211;275;beauce_5_sa_056;solnu;;2.13;0.0;29.78;-37.1;0.0;27.21;17.65;0.06;0.05;0;0;0;-152.72;0.05;0.01;0.0;2.13
2024;276;366;beauce_5_sa_056;BTH;;0.89;0.0;15.67;-18.57;0.0;17.47;16.62;0.0;0.0;0;0.0;0;-39.71;0.0;0.0;0.0;0.89
2024;1;207;beauce_5_sa_057;BTH;;1.99;0.56;42.8;29.26;99.36;10.06;22.85;0.05;0.0;0;62.88;0;-154.93;0.0;0.04;0.56;1.99
2024;208;284;beauce_5_sa_057;solnu;;1.82;0.0;31.6;-1.84;0.0;22.85;50.69;0.07;0.04;0;0;0;-167.25;0.05;0.02;0.0;1.82
2024;285;366;beauce_5_sa_057;BTH;;0.7;0.0;12.68;-48.3;0.0;50.89;15.87;0.0;0.0;0;0.0;0;-67.11;0.0;0.0;0.0;0.7
2024;1;211;beauce_5_sa_058;BTH;;2.33;0.31;43.67;27.25;80.09;11.91;23.64;0.05;0.0;0;47.13;0;-172.95;0.01;0.04;0.31;2.33
2024;212;308;beauce_5_sa_058;solnu;;2.17;0.0;35.45;0.74;0.0;23.64;57.53;0.09;0.04;0;0;0;-201.42;0.07;0.02;0.0;2.17
2024;309;366;beauce_5_sa_058;BTH;;0.57;0.0;7.34;-46.84;0.0;57.67;18.11;0.0;0.0;0;0.0;0;-38.08;0.0;0.0;0.0;0.57
2024;1;225;beauce_5_sa_059;BTH;;8.02;1.06;56.4;53.4;117.63;31.1;94.13;0.3;0.09;0;77.13;0;-206.05;0.23;0.07;1.06;8.02
2024;226;277;beauce_5_sa_059;solnu;;5.25;0.0;23.53;-52.06;0.0;94.13;63.88;0.04;0.04;0;0;0;-165.83;0.04;0.0;0.0;5.25
2024;278;366;beauce_5_sa_059;BTH;;3.39;0.0;15.63;-15.64;0.0;63.81;60.57;0.0;0.0;0;0.0;0;41.48;0.0;0.0;0.0;3.39
2024;1;228;beauce_5_sa_060;BTH;;1.11;0.06;54.57;21.49;47.43;3.65;35.18;0.09;0.03;0;27.91;0;-202.59;0.04;0.05;0.06;1.11
2024;229;272;beauce_5_sa_060;solnu;;1.43;0.0;19.23;-35.68;0.0;35.18;20.26;0.02;0.02;0;0;0;-161.61;0.02;0.0;0.0;1.43
2024;273;366;beauce_5_sa_060;BTH;;1.08;0.0;16.7;-16.8;0.0;20.21;19.2;0.0;0.0;0;0.0;0;-18.48;0.0;0.0;0.0;1.08
2024;1;180;beauce_5_sa_061;BTH;;0.17;0.15;32.51;14.86;55.68;0.83;3.32;0.03;0.0;0;32.76;0;-47.11;0.0;0.03;0.15;0.17
2024;181;271;beauce_5_sa_061;solnu;;0.28;0.0;40.7;-44.37;0.0;3.32;3.25;0.01;0.02;0;0;0;-238.18;0.01;0.01;0.0;0.28
2024;272;366;beauce_5_sa_061;BTH;;0.17;0.0;17.13;-9.01;5.28;3.37;5.91;0.01;0.0;0;3.11;0;18.04;0.0;0.01;0.0;0.17
2024;1;223;beauce_5_sa_062;BTH;;12.78;1.56;54.45;61.65;171.28;51.53;99.95;0.21;0.06;0;101.92;0;-66.38;0.14;0.07;1.56;12.78
2024;224;311;beauce_5_sa_062;solnu;;6.72;0.0;32.73;-57.39;0.0;99.95;69.16;0.06;0.04;0;0;0;-149.46;0.04;0.01;0.0;6.72
2024;312;366;beauce_5_sa_062;BTH;;2.1;0.0;7.58;-7.54;0.0;69.16;67.18;0.0;0.0;0;0.0;0;29.43;0.0;0.0;0.0;2.1
2024;1;204;beauce_5_sa_063;BTH;;2.06;0.69;41.25;28.6;120.22;10.5;10.05;0.05;0.0;0;70.84;0;-124.34;0.0;0.04;0.69;2.06
2024;205;304;beauce_5_sa_063;solnu;;0.76;0.0;37.52;5.76;0.0;10.05;52.48;0.06;0.03;0;0;0;-193.67;0.03;0.03;0.0;0.76
2024;305;366;beauce_5_sa_063;BTH;;0.47;0.06;8.16;-54.09;0.07;52.8;11.77;0.01;0.0;0;0.04;0;-46.95;0.01;0.0;0.06;0.47
2024;1;225;beauce_5_sa_064;BTH;;2.28;0.23;52.05;19.51;68.81;6.23;23.62;0.07;0.02;0;40.49;0;-142.76;0.03;0.04;0.23;2.28
2024;226;294;beauce_5_sa_064;solnu;;1.16;0.0;26.62;-40.49;0.0;23.62;13.1;0.01;0.01;0;0;0;-211.16;0.01;0.01;0.0;1.16
2024;295;366;beauce_5_sa_064;BTH;;0.52;0.0;10.03;-10.81;0.0;13.1;12.67;0.0;0.0;0;0.0;0;2.65;0.0;0.0;0.0;0.52
2024;1;182;beauce_5_sa_065;BTH;;1.14;0.0;33.12;6.03;39.06;5.81;3.52;0.02;0.0;0;22.98;0;-80.27;0.0;0.02;0.0;1.14
2024;183;292;beauce_5_sa_065;solnu;;0.68;0.0;45.24;-37.94;0.0;3.52;10.12;0.04;0.02;0;0;0;-231.79;0.02;0.02;0.0;0.68
2024;293;366;beauce_5_sa_065;BTH;;0.31;0.0;11.04;-13.3;0.0;9.68;7.56;0.0;0.0;0;0.0;0;-21.74;0.0;0.0;0.0;0.31
2024;1;223;beauce_5_sa_066;BTH;;1.84;0.16;52.06;22.93;50.51;5.64;40.05;0.12;0.04;0;29.72;0;-163.75;0.07;0.05;0.16;1.84
2024;224;262;beauce_5_sa_066;solnu;;1.8;0.0;18.21;-32.6;0.0;40.05;24.3;0.02;0.02;0;0;0;-133.24;0.02;0.0;0.0;1.8
2024;263;366;beauce_5_sa_066;BTH;;1.3;0.0;20.37;-20.62;0.97;24.04;22.47;0.0;0.0;0;0.57;0;-29.12;0.0;0.0;0.0;1.3
2024;1;227;beauce_5_sa_067;BTH;;1.66;0.31;54.91;32.76;70.45;6.29;45.06;0.13;0.06;0;42.87;0;-188.55;0.08;0.05;0.31;1.66
2024;228;264;beauce_5_sa_067;solnu;;2.27;0.0;17.49;-39.42;0.0;45.06;27.3;0.02;0.03;0;0;0;-180.02;0.02;0.0;0.0;2.27
2024;265;366;beauce_5_sa_067;BTH;;1.47;0.06;19.34;-19.71;3.99;27.29;26.47;0.0;0.0;0;2.35;0;24.59;0.0;0.0;0.06;1.47
2024;1;194;beauce_5_sa_068;BTH;;3.92;0.59;39.79;38.72;90.74;22.32;49.78;0.06;0.0;0;55.2;0;-98.88;0.02;0.05;0.59;3.92
2024;195;270;beauce_5_sa_068;solnu;;4.27;0.0;36.21;-45.81;0.0;49.78;36.6;0.11;0.07;0;0;0;-217.74;0.1;0.02;0.0;4.27
2024;271;366;beauce_5_sa_068;BTH;;1.96;0.0;18.0;-18.39;0.0;36.6;34.76;0.0;0.0;0;0.0;0;7.7;0.0;0.0;0.0;1.96
2024;1;197;beauce_5_sa_069;BTH;;0.38;0.0;39.55;17.59;42.98;1.79;15.65;0.03;0.0;0;25.29;0;-123.01;0.0;0.03;0.0;0.38
2024;198;270;beauce_5_sa_069;solnu;;0.85;0.0;33.2;-38.39;0.0;15.65;10.42;0.04;0.04;0;0;0;-209.98;0.03;0.01;0.0;0.85
2024;271;366;beauce_5_sa_069;BTH;;0.56;0.0;17.4;-13.68;2.12;10.48;11.46;0.0;0.0;0;1.25;0;-11.64;0.0;0.0;0.0;0.56
2024;1;202;beauce_5_sa_070;BTH;;7.01;0.04;41.82;21.97;119.74;79.79;20.46;0.08;0.0;0;70.67;0;-44.81;0.03;0.05;0.04;7.01
2024;203;297;beauce_5_sa_070;solnu;;2.75;0.0;38.59;-0.72;0.0;20.46;55.51;0.05;0.02;0;0;0;-176.53;0.03;0.02;0.0;2.75
2024;298;366;beauce_5_sa_070;BTH;;0.72;0.93;9.63;-50.03;0.28;55.72;85.26;0.01;0.0;0;0.16;0;-44.29;0.0;0.0;0.93;0.72
2024;1;182;beauce_5_sa_071;BTH;;3.78;0.84;33.67;3.9;102.64;18.99;11.47;0.09;0.02;0;60.4;0;16.56;0.07;0.02;0.84;3.78
2024;183;315;beauce_5_sa_071;solnu;;1.99;0.0;50.57;12.47;0.0;11.47;72.44;0.1;0.04;0;0;0;-186.64;0.07;0.04;0.0;1.99
2024;316;366;beauce_5_sa_071;BTH;;0.68;0.0;6.74;-56.42;0.0;72.8;22.34;0.0;0.0;0;0.0;0;-11.61;0.0;0.0;0.0;0.68
2024;1;193;beauce_5_sa_072;BTH;;1.01;0.14;36.87;6.9;54.47;5.15;2.85;0.03;0.0;0;32.05;0;-84.65;0.0;0.03;0.14;1.01
2024;194;299;beauce_5_sa_072;solnu;;0.45;0.0;42.59;-38.68;0.0;2.85;6.29;0.04;0.01;0;0;0;-210.88;0.02;0.02;0.0;0.45
2024;300;366;beauce_5_sa_072;BTH;;0.22;0.0;9.28;-10.23;0.0;5.95;5.37;0.0;0.0;0;0.0;0;-17.2;0.0;0.0;0.0;0.22
2024;1;186;beauce_5_sa_073;BTH;;0.23;0.33;35.24;12.96;71.65;1.07;1.89;0.06;0.01;0;42.16;0;-36.44;0.03;0.03;0.33;0.23
2024;187;280;beauce_5_sa_073;solnu;;0.16;0.0;41.54;-48.94;0.0;1.89;0.91;0.01;0.0;0;0;0;-253.09;0.0;0.01;0.0;0.16
2024;281;366;beauce_5_sa_073;BTH;;0.05;0.0;14.51;-9.77;2.91;0.95;2.69;0.0;0.0;0;1.71;0;44.29;0.0;0.0;0.0;0.05
2024;1;204;beauce_5_sa_074;BTH;;4.53;1.28;47.31;45.2;124.38;33.23;92.22;0.15;0.01;0;85.28;0;-115.78;0.09;0.06;1.28;4.53
2024;205;266;beauce_5_sa_074;solnu;;8.64;0.0;30.86;-55.06;0.0;92.22;62.47;0.16;0.1;0;0;0;-187.83;0.15;0.01;0.0;8.64
2024;267;366;beauce_5_sa_074;BTH;;3.35;0.0;19.79;-15.82;5.7;62.18;57.38;0.0;0.0;0;3.36;0;76.11;0.0;0.0;0.0;3.35
2024;1;185;beauce_5_sa_075;BTH;;1.59;0.08;33.7;14.94;55.7;7.94;5.08;0.03;0.0;0;32.78;0;-117.98;0.0;0.03;0.08;1.59
2024;186;303;beauce_5_sa_075;solnu;;0.92;0.0;45.2;0.98;0.0;5.08;50.26;0.06;0.03;0;0;0;-262.25;0.04;0.03;0.0;0.92
2024;304;366;beauce_5_sa_075;BTH;;0.45;0.0;8.39;-47.01;0.0;50.58;11.18;0.01;0.0;0;0.0;0;-29.07;0.01;0.0;0.0;0.45
2024;1;212;beauce_5_sa_076;BTH;;3.62;0.62;47.52;36.37;83.46;18.43;61.24;0.07;0.0;0;55.29;0;-93.63;0.02;0.05;0.62;3.62
2024;213;285;beauce_5_sa_076;solnu;;4.96;0.0;31.93;-45.99;0.0;61.24;42.01;0.12;0.08;0;0;0;-173.95;0.11;0.01;0.0;4.96
2024;286;366;beauce_5_sa_076;BTH;;1.87;0.02;13.53;-17.99;0.0;41.05;38.41;0.0;0.0;0;0.0;0;-5.21;0.0;0.0;0.02;1.87
2024;1;222;beauce_5_sa_077;BTH;;0.62;0.0;51.68;22.2;43.84;2.01;31.29;0.09;0.03;0;25.8;0;-212.98;0.04;0.04;0.0;0.62
2024;223;270;beauce_5_sa_077;solnu;;1.48;0.0;21.3;-40.59;0.0;31.29;13.48;0.0;0.0;0;0;0;-143.26;0.0;0.0;0.0;1.48
2024;271;366;beauce_5_sa_077;BTH;;0.66;0.0;17.11;-12.76;3.16;13.42;14.0;0.0;0.0;0;1.86;0;2.26;0.0;0.0;0.0;0.66
2024;1;211;beauce_5_sa_078;BTH;;0.82;0.41;44.64;12.92;83.06;4.2;8.62;0.04;0.0;0;48.88;0;-69.72;0.0;0.04;0.41;0.82
2024;212;313;beauce_5_sa_078;solnu;;0.55;0.0;37.47;-45.76;0.0;8.62;4.46;0.02;0.02;0;0;0;-209.23;0.01;0.01;0.0;0.55
2024;314;366;beauce_5_sa_078;BTH;;0.13;0.0;6.74;-6.74;0.0;4.46;4.42;0.0;0.0;0;0.0;0;8.56;0.0;0.0;0.0;0.13
2024;1;228;beauce_5_sa_079;BTH;;0.76;0.0;54.28;20.22;44.95;2.48;31.27;0.08;0.03;0;26.45;0;-217.45;0.04;0.05;0.0;0.76
2024;229;278;beauce_5_sa_079;solnu;;1.29;0.0;21.16;-35.7;0.0;31.27;17.52;0.02;0.02;0;0;0;-171.46;0.01;0.0;0.0;1.29
2024;279;366;beauce_5_sa_079;BTH;;0.93;0.0;14.62;-14.52;0.0;17.52;16.69;0.0;0.0;0;0.0;0;-16.2;0.0;0.0;0.0;0.93
2024;1;221;beauce_5_sa_080;BTH;;0.76;0.0;51.08;22.38;43.6;2.84;31.77;0.09;0.03;0;25.65;0;-216.39;0.05;0.04;0.0;0.76
2024;222;267;beauce_5_sa_080;solnu;;1.59;0.0;21.15;-40.65;0.0;31.77;14.05;0.0;0.0;0;0;0;-146.8;0.0;0.0;0.0;1.59
2024;268;366;beauce_5_sa_080;BTH;;0.71;0.0;17.96;-12.45;4.51;14.12;14.33;0.0;0.0;0;2.66;0;-0.93;0.0;0.0;0.0;0.71
2024;1;196;beauce_5_sa_081;BTH;;2.79;0.0;38.96;20.09;66.19;17.54;6.23;0.04;0.0;0;40.52;0;-52.58;0.0;0.04;0.0;2.79
2024;197;297;beauce_5_sa_081;solnu;;1.17;0.0;41.01;-42.53;0.0;6.23;6.12;0.02;0.01;0;0;0;-250.21;0.0;0.01;0.0;1.17
2024;298;366;beauce_5_sa_081;BTH;;0.27;0.29;9.53;-13.97;3.29;6.12;20.21;0.01;0.0;0;1.93;0;2.19;0.01;0.0;0.29;0.27
2024;1;227;beauce_5_sa_082;BTH;;2.74;0.02;52.46;20.37;46.59;9.05;33.67;0.08;0.03;0;32.71;0;-226.28;0.04;0.04;0.02;2.74
2024;228;280;beauce_5_sa_082;solnu;;1.44;0.0;21.2;-14.24;0.0;33.67;39.15;0.02;0.02;0;0;0;-146.69;0.02;0.01;0.0;1.44
2024;281;366;beauce_5_sa_082;BTH;;0.87;0.0;13.67;-34.25;0.0;39.3;18.96;0.0;0.0;0;0.0;0;-52.14;0.0;0.0;0.0;0.87
2024;1;210;beauce_5_sa_083;BTH;;1.58;0.0;44.69;12.73;40.2;7.46;23.07;0.04;0.0;0;27.19;0;-138.83;0.0;0.04;0.0;1.58
2024;211;275;beauce_5_sa_083;solnu;;1.67;0.0;29.19;-12.35;0.0;23.07;38.15;0.05;0.04;0;0;0;-169.94;0.04;0.01;0.0;1.67
2024;276;366;beauce_5_sa_083;BTH;;0.65;0.0;15.33;-38.44;1.5;38.69;13.24;0.0;0.0;0;0.88;0;-42.88;0.0;0.0;0.0;0.65
2024;1;176;beauce_5_sa_084;BTH;;1.02;0.0;30.94;12.76;41.58;4.68;5.74;0.03;0.0;0;24.47;0;-71.65;0.0;0.03;0.0;1.02
2024;177;267;beauce_5_sa_084;solnu;;0.78;0.0;40.76;-35.03;0.0;5.74;10.75;0.04;0.03;0;0;0;-228.59;0.03;0.02;0.0;0.78
2024;268;366;beauce_5_sa_084;BTH;;0.57;0.0;18.43;-17.08;0.45;10.61;11.09;0.0;0.0;0;0.27;0;-42.18;0.0;0.0;0.0;0.57
2024;1;215;beauce_5_sa_085;BTH;;8.97;0.97;49.76;37.57;192.06;76.49;35.82;0.18;0.02;0;114.11;0;56.82;0.12;0.05;0.97;8.97
2024;216;298;beauce_5_sa_085;solnu;;1.97;0.0;35.12;-40.02;0.0;35.82;29.33;0.05;0.04;0;0;0;-146.88;0.03;0.02;0.0;1.97
2024;299;366;beauce_5_sa_085;BTH;;1.23;0.83;10.1;-21.71;3.29;29.33;76.54;0.03;0.0;0;1.93;0;20.89;0.03;0.0;0.83;1.23
2024;1;178;beauce_5_sa_086;BTH;;6.58;1.61;34.72;41.99;154.96;33.43;67.62;0.18;0.02;0;93.83;0;54.3;0.13;0.05;1.61;6.58
2024;179;289;beauce_5_sa_086;solnu;;4.11;0.0;49.26;-52.69;0.0;67.62;60.09;0.17;0.08;0;0;0;-151.06;0.13;0.03;0.0;4.11
2024;290;366;beauce_5_sa_086;BTH;;2.97;0.0;13.39;-13.41;0.0;60.13;57.09;0.0;0.0;0;0.0;0;64.11;0.0;0.0;0.0;2.97
2024;1;207;beauce_5_sa_087;BTH;;2.64;0.47;45.05;19.93;72.91;12.94;37.9;0.04;0.0;0;47.32;0;-98.6;0.0;0.04;0.47;2.64
2024;208;272;beauce_5_sa_087;solnu;;3.09;0.0;29.75;-8.41;0.0;37.9;56.0;0.09;0.06;0;0;0;-138.49;0.07;0.01;0.0;3.09
2024;273;366;beauce_5_sa_087;BTH;;1.19;0.0;16.56;-48.35;0.0;56.42;24.11;0.0;0.0;0;0.0;0;-36.89;0.0;0.0;0.0;1.19
2024;1;214;beauce_5_sa_088;BTH;;1.32;0.35;47.18;11.9;73.93;6.73;16.93;0.05;0.0;0;43.5;0;-57.83;0.01;0.04;0.35;1.32
2024;215;292;beauce_5_sa_088;solnu;;1.33;0.0;32.49;-40.24;0.0;16.93;10.09;0.04;0.03;0;0;0;-184.39;0.02;0.01;0.0;1.33
2024;293;366;beauce_5_sa_088;BTH;;0.4;0.0;11.07;-12.01;0.0;10.08;9.71;0.0;0.0;0;0.0;0;-17.94;0.0;0.0;0.0;0.4
2024;1;181;beauce_5_sa_089;BTH;;3.29;1.15;34.0;8.38;126.87;12.66;10.65;0.06;0.01;0;74.66;0;77.8;0.03;0.03;1.15;3.29
2024;182;318;beauce_5_sa_089;solnu;;1.78;0.0;52.62;-47.38;0.0;10.65;16.23;0.05;0.03;0;0;0;-161.69;0.03;0.03;0.0;1.78
2024;319;366;beauce_5_sa_089;BTH;;0.48;0.0;6.46;-6.44;0.0;16.32;15.78;0.0;0.0;0;0.0;0;22.88;0.0;0.0;0.0;0.48
2024;1;211;beauce_5_sa_090;BTH;;0.56;0.0;44.9;24.05;46.1;2.65;24.97;0.04;0.0;0;27.13;0;-175.66;0.0;0.04;0.0;0.56
2024;212;269;beauce_5_sa_090;solnu;;1.62;0.0;26.68;-37.82;0.0;24.97;14.42;0.05;0.04;0;0;0;-194.83;0.04;0.0;0.0;1.62
2024;270;366;beauce_5_sa_090;BTH;;0.76;0.0;17.31;-11.9;3.74;14.4;15.31;0.0;0.0;0;2.2;0;-14.8;0.0;0.0;0.0;0.76
2024;1;196;beauce_5_sa_091;BTH;;3.45;0.23;39.43;23.94;49.68;15.19;42.85;0.04;0.0;0;35.42;0;-114.49;0.0;0.04;0.23;3.45
2024;197;265;beauce_5_sa_091;solnu;;3.41;0.0;32.07;-8.24;0.0;42.85;63.12;0.1;0.06;0;0;0;-188.12;0.09;0.02;0.0;3.41
2024;266;366;beauce_5_sa_091;BTH;;1.54;0.0;18.76;-49.58;1.97;63.47;28.92;0.0;0.0;0;1.16;0;-40.92;0.0;0.0;0.0;1.54
2024;1;186;beauce_5_sa_092;BTH;;1.64;0.08;34.79;11.87;60.2;14.47;4.48;0.03;0.0;0;35.62;0;-47.93;0.0;0.03;0.08;1.64
2024;187;287;beauce_5_sa_092;solnu;;0.77;0.0;42.3;-38.66;0.0;4.48;7.35;0.03;0.02;0;0;0;-226.68;0.01;0.02;0.0;0.77
2024;288;366;beauce_5_sa_092;BTH;;0.34;0.14;12.59;-14.41;0.28;7.23;16.62;0.0;0.0;0;0.16;0;-25.6;0.0;0.0;0.14;0.34
2024;1;208;beauce_5_sa_093;BTH;;0.51;0.0;43.64;23.89;46.92;2.37;22.44;0.04;0.0;0;27.61;0;-170.23;0.0;0.04;0.0;0.51
2024;209;269;beauce_5_sa_093;solnu;;1.4;0.0;28.06;-39.17;0.0;22.44;12.82;0.04;0.04;0;0;0;-204.79;0.04;0.0;0.0;1.4
2024;270;366;beauce_5_sa_093;BTH;;0.68;0.0;17.29;-11.29;4.14;12.84;13.99;0.0;0.0;0;2.43;0;-10.58;0.0;0.0;0.0;0.68
2024;1;205;beauce_5_sa_094;BTH;;0.79;0.0;42.61;6.51;47.25;4.01;5.04;0.03;0.0;0;27.8;0;-107.13;0.0;0.03;0.0;0.79
2024;206;316;beauce_5_sa_094;solnu;;0.36;0.0;40.12;-41.95;0.0;5.04;3.13;0.03;0.01;0;0;0;-221.02;0.01;0.02;0.0;0.36
2024;317;366;beauce_5_sa_094;BTH;;0.09;0.0;6.32;-6.33;0.0;3.13;3.04;0.0;0.0;0;0.0;0;-7.53;0.0;0.0;0.0;0.09
2024;1;220;beauce_5_sa_095;BTH;;0.71;0.09;50.41;20.49;55.35;2.5;23.83;0.08;0.03;0;32.57;0;-173.33;0.04;0.04;0.09;0.71
2024;221;281;beauce_5_sa_095;solnu;;1.18;0.0;25.57;-38.33;0.0;23.83;13.82;0.01;0.01;0;0;0;-210.4;0.01;0.0;0.0;1.18
2024;282;366;beauce_5_sa_095;BTH;;0.74;0.0;14.04;-13.95;0.0;13.82;13.18;0.0;0.0;0;0.0;0;10.18;0.0;0.0;0.0;0.74
2024;1;188;beauce_5_sa_096;BTH;;7.81;1.37;35.67;21.68;153.16;23.93;21.11;0.1;0.0;0;90.13;0;-28.24;0.06;0.04;1.37;7.81
2024;189;305;beauce_5_sa_096;solnu;;3.38;0.0;45.98;10.63;0.0;21.11;74.46;0.08;0.03;0;0;0;-206.24;0.05;0.03;0.0;3.38
2024;306;366;beauce_5_sa_096;BTH;;1.13;0.0;8.28;-54.68;0.0;74.67;28.01;0.01;0.0;0;0.0;0;-29.43;0.01;0.0;0.0;1.13
2024;1;211;beauce_5_sa_097;BTH;;0.42;0.0;45.22;21.15;51.95;2.03;16.04;0.04;0.0;0;30.57;0;-152.82;0.0;0.04;0.0;0.42
2024;212;282;beauce_5_sa_097;solnu;;0.96;0.0;30.44;-40.45;0.0;16.04;8.39;0.03;0.03;0;0;0;-224.25;0.02;0.0;0.0;0.96
2024;283;366;beauce_5_sa_097;BTH;;0.45;0.02;13.83;-13.34;0.66;8.43;9.55;0.0;0.0;0;0.39;0;7.66;0.0;0.0;0.02;0.45
2024;1;183;beauce_5_sa_098;BTH;;1.39;0.0;33.15;7.28;41.55;6.81;4.31;0.02;0.0;0;28.87;0;-107.78;0.0;0.02;0.0;1.39
2024;184;279;beauce_5_sa_098;solnu;;0.73;0.0;41.15;-5.62;0.0;4.31;39.03;0.04;0.03;0;0;0;-222.96;0.02;0.02;0.0;0.73
2024;280;366;beauce_5_sa_098;BTH;;0.38;0.0;14.23;-41.77;3.0;39.34;8.11;0.0;0.0;0;1.77;0;-40.5;0.0;0.0;0.0;0.38
2024;1;174;beauce_5_sa_099;BTH;;9.58;1.37;31.43;46.39;105.1;59.71;125.41;0.08;0.0;0;93.11;0;-60.3;0.04;0.05;1.37;9.58
2024;175;267;beauce_5_sa_099;solnu;;11.71;0.0;42.89;6.97;0.0;125.41;163.22;0.22;0.11;0;0;0;-203.68;0.19;0.03;0.0;11.71
2024;268;366;beauce_5_sa_099;BTH;;4.96;0.0;18.64;-73.21;12.42;163.59;91.27;0.0;0.0;0;7.31;0;16.95;0.0;0.0;0.0;4.96
2025;1;200;beauce_5_sa_000;BTH;;0.68;0.0;49.2;20.76;60.54;8.14;16.86;0.04;0.0;0;35.63;0;-250.83;0.0;0.04;0.0;0.68
2025;201;317;beauce_5_sa_000;solnu;;0.26;0.0;29.71;-8.23;0.0;16.86;38.04;0.05;0.0;0;0;0;-171.04;0.03;0.02;0.0;0.26
2025;318;365;beauce_5_sa_000;BTH;;0.59;0.01;4.15;-33.93;0.0;38.17;9.73;0.0;0.0;0;0.0;0;-31.82;0.0;0.0;0.01;0.59
2025;1;209;beauce_5_sa_001;BTH;;0.93;0.24;58.73;24.08;66.45;11.97;45.26;0.06;0.0;0;41.72;0;-291.26;0.01;0.05;0.24;0.93
2025;210;261;beauce_5_sa_001;solnu;;0.0;0.0;18.33;-60.14;0.0;45.26;5.32;0.0;0.0;0;0;0;-122.72;0.0;0.0;0.0;0.0
2025;262;365;beauce_5_sa_001;BTH;;0.45;0.0;16.04;-15.96;0.0;5.43;4.95;0.0;0.0;0;0.0;0;38.68;0.0;0.0;0.0;0.45
2025;1;206;beauce_5_sa_002;BTH;;2.5;0.13;55.58;40.38;84.63;48.62;67.18;0.09;0.0;0;52.59;0;-248.01;0.03;0.06;0.13;2.5
2025;207;261;beauce_5_sa_002;solnu;;0.0;0.0;19.72;-15.8;0.0;67.18;71.09;0.01;0.0;0;0;0;-128.9;0.0;0.01;0.0;0.0
2025;262;365;beauce_5_sa_002;BTH;;1.62;0.38;15.49;-68.21;5.94;71.7;39.59;0.03;0.0;0;3.5;0;-5.17;0.03;0.0;0.38;1.62
2025;1;197;beauce_5_sa_003;BTH;;0.24;0.17;47.91;13.65;61.88;2.88;14.93;0.04;0.0;0;36.41;0;-129.49;0.0;0.04;0.17;0.24
2025;198;295;beauce_5_sa_003;solnu;;0.05;0.0;30.23;-43.43;0.0;14.93;3.54;0.02;0.0;0;0;0;-191.37;0.01;0.01;0.0;0.05
2025;296;365;beauce_5_sa_003;BTH;;0.29;0.0;7.73;-8.38;0.0;3.52;3.23;0.0;0.0;0;0.0;0;-4.49;0.0;0.0;0.0;0.29
2025;1;184;beauce_5_sa_004;BTH;;4.26;1.18;45.4;29.71;134.78;102.72;126.72;0.16;0.0;0;89.98;0;-121.15;0.11;0.05;1.18;4.26
2025;185;258;beauce_5_sa_004;solnu;;0.0;0.0;35.83;-111.02;0.0;126.72;51.52;0.01;0.0;0;0;0;-117.11;0.0;0.01;0.0;0.0
2025;259;365;beauce_5_sa_004;BTH;;2.86;0.55;19.29;27.87;48.73;52.17;87.88;0.06;0.01;0;28.68;0;78.55;0.03;0.03;0.55;2.86
2025;1;190;beauce_5_sa_005;BTH;;0.61;0.13;43.48;20.35;61.54;7.28;18.99;0.04;0.0;0;36.21;0;-156.16;0.0;0.04;0.13;0.61
2025;191;283;beauce_5_sa_005;solnu;;0.06;0.0;31.32;-42.55;0.0;18.99;7.68;0.03;0.0;0;0;0;-199.02;0.01;0.01;0.0;0.06
2025;284;365;beauce_5_sa_005;BTH;;0.54;0.0;9.79;-12.07;0.0;7.05;6.01;0.0;0.0;0;0.0;0;-25.61;0.0;0.0;0.0;0.54
2025;1;187;beauce_5_sa_006;BTH;;0.95;0.0;42.0;24.07;51.45;10.97;24.66;0.04;0.0;0;30.27;0;-191.34;0.0;0.04;0.0;0.95
2025;188;269;beauce_5_sa_006;solnu;;0.07;0.0;29.72;-33.02;0.0;24.66;21.26;0.02;0.0;0;0;0;-198.83;0.01;0.01;0.0;0.07
2025;270;365;beauce_5_sa_006;BTH;;0.73;0.0;12.99;-26.59;0.0;16.24;6.99;0.0;0.0;0;0.0;0;-21.53;0.0;0.0;0.0;0.73
2025;1;198;beauce_5_sa_007;BTH;;1.27;0.07;48.91;28.27;56.24;14.68;39.64;0.05;0.0;0;33.09;0;-232.28;0.0;0.05;0.07;1.27
2025;199;267;beauce_5_sa_007;solnu;;0.12;0.0;22.28;-14.81;0.0;39.64;46.96;0.02;0.0;0;0;0;-156.9;0.01;0.01;0.0;0.12
2025;268;365;beauce_5_sa_007;BTH;;1.1;0.0;13.29;-47.28;1.5;47.32;10.37;0.0;0.0;0;0.88;0;-29.21;0.0;0.0;0.0;1.1
2025;1;208;beauce_5_sa_008;BTH;;1.24;0.0;53.97;24.71;48.56;14.3;43.14;0.05;0.0;0;28.58;0;-265.71;0.0;0.05;0.0;1.24
2025;209;269;beauce_5_sa_008;solnu;;0.17;0.0;18.16;-16.82;0.0;43.14;44.3;0.02;0.0;0;0;0;-120.28;0.01;0.0;0.0;0.17
2025;270;365;beauce_5_sa_008;BTH;;1.04;0.0;12.86;-44.79;1.5;44.62;9.87;0.0;0.0;0;0.88;0;-24.12;0.0;0.0;0.0;1.04
2025;1;183;beauce_5_sa_009;BTH;;8.09;1.94;39.34;39.05;164.87;96.08;145.26;0.05;0.0;0;97.02;0;29.58;0.0;0.05;1.94;8.09
2025;184;302;beauce_5_sa_009;solnu;;0.0;0.0;36.52;-89.44;0.0;145.26;92.71;0.04;0.0;0;0;0;-96.77;0.03;0.02;0.0;0.0
2025;303;365;beauce_5_sa_009;BTH;;0.82;0.02;7.28;-3.16;2.7;91.82;94.73;0.05;0.0;0;1.59;0;67.12;0.05;0.0;0.02;0.82
2025;1;217;beauce_5_sa_010;BTH;;5.31;1.22;64.37;28.52;70.63;55.49;164.05;0.1;0.0;0;46.87;0;-115.02;0.04;0.06;1.22;5.31
2025;218;260;beauce_5_sa_010;solnu;;0.0;0.0;15.26;-55.95;0.0;164.05;123.36;0.0;0.0;0;0;0;-78.79;0.0;0.0;0.0;0.0
2025;261;365;beauce_5_sa_010;BTH;;4.37;0.0;17.2;-30.99;53.78;118.88;51.35;0.06;0.01;0;31.65;0;55.3;0.04;0.01;0.0;4.37
2025;1;175;beauce_5_sa_011;BTH;;0.77;0.0;33.59;18.01;54.13;9.31;5.97;0.03;0.0;0;31.85;0;-131.5;0.0;0.03;0.0;0.77
2025;176;281;beauce_5_sa_011;solnu;;0.06;0.0;40.06;-24.58;0.0;5.97;21.36;0.03;0.0;0;0;0;-240.47;0.01;0.02;0.0;0.06
2025;282;365;beauce_5_sa_011;BTH;;0.58;0.0;10.25;-24.85;0.0;17.66;6.43;0.0;0.0;0;0.0;0;-21.95;0.0;0.0;0.0;0.58
2025;1;208;beauce_5_sa_012;BTH;;3.17;1.46;58.47;23.11;124.64;37.97;100.74;0.06;0.0;0;73.34;0;-5.77;0.01;0.05;1.46;3.17
2025;209;310;beauce_5_sa_012;solnu;;0.0;0.0;29.56;-77.61;0.0;100.74;52.63;0.06;0.0;0;0;0;-94.52;0.05;0.01;0.0;0.0
2025;311;365;beauce_5_sa_012;BTH;;1.92;0.0;5.8;-25.01;0.0;51.12;31.5;0.01;0.0;0;0.0;0;43.8;0.01;0.0;0.0;1.92
2025;1;186;beauce_5_sa_013;BTH;;0.39;0.0;42.77;19.48;47.62;9.72;23.84;0.05;0.0;0;34.26;0;-230.94;0.01;0.04;0.0;0.39
2025;187;260;beauce_5_sa_013;solnu;;0.0;0.0;29.51;-51.43;0.0;23.84;2.77;0.01;0.0;0;0;0;-208.33;0.0;0.01;0.0;0.0
2025;261;365;beauce_5_sa_013;BTH;;0.22;0.0;15.84;-15.67;0.0;2.76;2.71;0.0;0.0;0;0.0;0;-7.16;0.0;0.0;0.0;0.22
2025;1;226;beauce_5_sa_014;BTH;;2.3;1.38;67.76;22.92;148.63;27.21;70.22;0.07;0.0;0;87.46;0;-71.55;0.02;0.06;1.38;2.3
2025;227;286;beauce_5_sa_014;solnu;;0.0;0.0;19.57;-64.57;0.0;70.22;25.74;0.03;0.01;0;0;0;-87.02;0.03;0.0;0.0;0.0
2025;287;365;beauce_5_sa_014;BTH;;1.42;0.0;9.8;-10.73;0.0;25.74;24.4;0.0;0.0;0;0.0;0;33.5;0.0;0.0;0.0;1.42
2025;1;197;beauce_5_sa_015;BTH;;0.48;0.0;47.82;24.58;59.89;6.67;18.67;0.04;0.0;0;36.41;0;-194.09;0.0;0.04;0.0;0.48
2025;198;289;beauce_5_sa_015;solnu;;0.07;0.0;29.08;-44.67;0.0;18.67;5.07;0.02;0.0;0;0;0;-201.7;0.01;0.01;0.0;0.07
2025;290;365;beauce_5_sa_015;BTH;;0.43;0.09;8.65;-14.51;1.14;5.07;5.63;0.0;0.0;0;0.67;0;-13.57;0.0;0.0;0.09;0.43
2025;1;186;beauce_5_sa_016;BTH;;0.79;0.0;40.73;23.4;53.88;10.3;19.92;0.04;0.0;0;33.54;0;-174.96;0.0;0.04;0.0;0.79
2025;187;276;beauce_5_sa_016;solnu;;0.02;0.0;31.13;-11.29;0.0;19.92;39.71;0.03;0.0;0;0;0;-209.52;0.01;0.01;0.0;0.02
2025;277;365;beauce_5_sa_016;BTH;;0.72;0.03;11.06;-43.28;0.0;40.06;8.72;0.01;0.0;0;0.0;0;-32.06;0.0;0.0;0.03;0.72
2025;1;207;beauce_5_sa_017;BTH;;0.75;0.13;53.67;26.38;87.38;18.39;20.18;0.06;0.0;0;52.94;0;-139.24;0.01;0.05;0.13;0.75
2025;208;316;beauce_5_sa_017;solnu;;0.11;0.0;28.46;-46.23;0.0;20.18;7.51;0.02;0.0;0;0;0;-212.92;0.01;0.01;0.0;0.11
2025;317;365;beauce_5_sa_017;BTH;;0.46;0.32;4.45;-10.71;0.54;7.51;26.03;0.01;0.0;0;0.32;0;-12.04;0.01;0.0;0.32;0.46
2025;1;199;beauce_5_sa_018;BTH;;0.73;0.0;50.73;22.6;51.57;8.71;29.73;0.04;0.0;0;30.35;0;-237.46;0.0;0.04;0.0;0.73
2025;200;277;beauce_5_sa_018;solnu;;0.03;0.0;24.02;-50.05;0.0;29.73;4.13;0.0;0.0;0;0;0;-156.96;0.0;0.0;0.0;0.03
2025;278;365;beauce_5_sa_018;BTH;;0.37;0.0;11.03;-11.11;0.0;4.11;3.68;0.0;0.0;0;0.0;0;-1.69;0.0;0.0;0.0;0.37
2025;1;198;beauce_5_sa_019;BTH;;0.26;0.0;49.24;13.4;54.52;3.16;10.99;0.04;0.0;0;32.08;0;-189.88;0.0;0.04;0.0;0.26
2025;199;317;beauce_5_sa_019;solnu;;0.13;0.0;32.01;-41.23;0.0;10.99;3.75;0.02;0.0;0;0;0;-198.45;0.01;0.01;0.0;0.13
2025;318;365;beauce_5_sa_019;BTH;;0.22;0.0;4.29;-4.55;0.0;3.82;3.57;0.0;0.0;0;0.0;0;-9.21;0.0;0.0;0.0;0.22
2025;1;214;beauce_5_sa_020;BTH;;0.52;0.12;57.0;13.43;61.84;6.25;23.24;0.04;0.0;0;36.39;0;-205.05;0.0;0.04;0.12;0.52
2025;215;312;beauce_5_sa_020;solnu;;0.06;0.0;24.94;-43.0;0.0;23.24;6.11;0.02;0.0;0;0;0;-153.05;0.01;0.01;0.0;0.06
2025;313;365;beauce_5_sa_020;BTH;;0.46;0.0;5.02;-5.8;0.0;6.11;5.69;0.0;0.0;0;0.0;0;-18.01;0.0;0.0;0.0;0.46
2025;1;222;beauce_5_sa_021;BTH;;1.59;0.17;60.31;19.26;51.46;19.01;58.46;0.05;0.0;0;30.28;0;-233.44;0.0;0.05;0.17;1.59
2025;223;279;beauce_5_sa_021;solnu;;0.09;0.0;16.47;-61.76;0.0;58.46;13.06;0.02;0.0;0;0;0;-85.71;0.01;0.0;0.0;0.09
2025;280;365;beauce_5_sa_021;BTH;;1.2;0.0;10.7;-10.76;0.0;12.83;11.81;0.0;0.0;0;0.0;0;11.17;0.0;0.0;0.0;1.2
2025;1;193;beauce_5_sa_022;BTH;;4.21;0.87;48.46;33.08;80.31;50.66;112.51;0.08;0.0;0;50.84;0;-152.96;0.03;0.05;0.87;4.21
2025;194;266;beauce_5_sa_022;solnu;;0.0;0.0;30.6;-98.47;0.0;112.51;44.63;0.01;0.0;0;0;0;-131.76;0.0;0.01;0.0;0.0
2025;267;365;beauce_5_sa_022;BTH;;2.39;0.0;14.81;18.99;38.72;44.98;37.28;0.04;0.0;0;22.79;0;38.04;0.02;0.02;0.0;2.39
2025;1;181;beauce_5_sa_023;BTH;;0.7;0.02;36.13;15.9;55.18;8.41;4.71;0.03;0.0;0;32.47;0;-136.69;0.0;0.03;0.02;0.7
2025;182;298;beauce_5_sa_023;solnu;;0.01;0.0;40.71;-39.47;0.0;4.71;6.78;0.03;0.0;0;0;0;-242.18;0.01;0.02;0.0;0.01
2025;299;365;beauce_5_sa_023;BTH;;0.57;0.0;7.04;-7.68;0.0;6.78;6.26;0.0;0.0;0;0.0;0;-16.54;0.0;0.0;0.0;0.57
2025;1;207;beauce_5_sa_024;BTH;;1.08;0.0;53.92;23.84;48.9;12.41;40.21;0.05;0.0;0;28.77;0;-269.56;0.0;0.05;0.0;1.08
2025;208;271;beauce_5_sa_024;solnu;;0.11;0.0;19.48;-53.52;0.0;40.21;6.05;0.0;0.0;0;0;0;-122.14;0.0;0.0;0.0;0.11
2025;272;365;beauce_5_sa_024;BTH;;0.57;0.0;12.46;-12.37;0.0;6.04;5.57;0.0;0.0;0;0.0;0;-3.8;0.0;0.0;0.0;0.57
2025;1;179;beauce_5_sa_025;BTH;;1.44;0.54;37.28;19.62;80.92;16.59;32.35;0.04;0.0;0;47.62;0;-66.13;0.01;0.03;0.54;1.44
2025;180;271;beauce_5_sa_025;solnu;;0.06;0.0;37.32;-61.26;0.0;32.35;8.34;0.02;0.0;0;0;0;-183.39;0.0;0.02;0.0;0.06
2025;272;365;beauce_5_sa_025;BTH;;0.79;0.01;13.18;-13.13;0.0;8.33;7.62;0.0;0.0;0;0.0;0;30.38;0.0;0.0;0.01;0.79
2025;1;214;beauce_5_sa_026;BTH;;1.75;0.0;56.69;26.82;49.45;19.83;52.18;0.05;0.0;0;29.1;0;-307.84;0.0;0.05;0.0;1.75
2025;215;262;beauce_5_sa_026;solnu;;0.0;0.0;14.09;-16.95;0.0;52.18;49.32;0.0;0.0;0;0;0;-91.77;0.0;0.0;0.0;0.0
2025;263;365;beauce_5_sa_026;BTH;;1.41;0.0;14.95;-47.15;4.5;49.57;11.27;0.01;0.0;0;2.65;0;-29.82;0.01;0.0;0.0;1.41
2025;1;209;beauce_5_sa_027;BTH;;0.43;0.0;54.34;20.24;53.3;5.09;25.97;0.04;0.0;0;31.36;0;-246.4;0.0;0.04;0.0;0.43
2025;210;291;beauce_5_sa_027;solnu;;0.03;0.0;22.74;-48.64;0.0;25.97;2.43;0.0;0.0;0;0;0;-151.22;0.0;0.0;0.0;0.03
2025;292;365;beauce_5_sa_027;BTH;;0.2;0.0;8.26;-8.33;0.0;2.41;2.16;0.0;0.0;0;0.0;0;3.25;0.0;0.0;0.0;0.2
2025;1;224;beauce_5_sa_028;BTH;;1.7;0.41;63.83;22.13;80.37;19.51;54.05;0.06;0.0;0;47.29;0;-241.2;0.01;0.05;0.41;1.7
2025;225;270;beauce_5_sa_028;solnu;;0.0;0.0;14.85;-60.16;0.0;54.05;9.63;0.0;0.0;0;0;0;-83.23;0.0;0.0;0.0;0.0
2025;271;365;beauce_5_sa_028;BTH;;0.79;0.0;12.83;-12.87;0.0;9.63;8.79;0.0;0.0;0;0.0;0;47.57;0.0;0.0;0.0;0.79
2025;1;229;beauce_5_sa_029;BTH;;1.54;0.05;62.01;26.18;61.14;19.19;48.19;0.05;0.0;0;37.53;0;-287.23;0.0;0.05;0.05;1.54
2025;230;280;beauce_5_sa_029;solnu;;0.1;0.0;13.99;-54.7;0.0;48.19;8.41;0.0;0.0;0;0;0;-81.3;0.0;0.0;0.0;0.1
2025;281;365;beauce_5_sa_029;BTH;;0.71;0.1;10.15;-15.94;1.55;8.41;8.18;0.0;0.0;0;0.91;0;7.74;0.0;0.0;0.1;0.71
2025;1;184;beauce_5_sa_030;BTH;;0.41;0.0;38.73;18.69;57.3;4.9;3.12;0.03;0.0;0;33.72;0;-163.75;0.0;0.03;0.0;0.41
2025;185;299;beauce_5_sa_030;solnu;;0.02;0.0;38.46;-43.15;0.0;3.12;2.4;0.01;0.0;0;0;0;-261.52;0.0;0.01;0.0;0.02
2025;300;365;beauce_5_sa_030;BTH;;0.2;0.0;6.76;-6.79;0.0;2.4;2.22;0.0;0.0;0;0.0;0;0.59;0.0;0.0;0.0;0.2
2025;1;209;beauce_5_sa_031;BTH;;1.05;0.6;57.83;26.8;99.9;13.6;41.75;0.06;0.0;0;58.79;0;-203.82;0.01;0.05;0.6;1.05
2025;210;275;beauce_5_sa_031;solnu;;0.0;0.0;23.22;-61.42;0.0;41.75;5.88;0.0;0.0;0;0;0;-131.22;0.0;0.0;0.0;0.0
2025;276;365;beauce_5_sa_031;BTH;;0.34;0.0;11.69;-11.63;0.0;5.9;5.6;0.0;0.0;0;0.0;0;40.18;0.0;0.0;0.0;0.34
2025;1;172;beauce_5_sa_032;BTH;;10.61;1.75;34.58;35.32;115.21;120.1;114.15;0.04;0.0;0;76.15;0;7.64;0.0;0.04;1.75;10.61
2025;173;271;beauce_5_sa_032;solnu;;0.0;0.0;41.67;3.35;0.0;114.15;240.22;0.07;0.0;0;0;0;-177.98;0.04;0.03;0.0;0.0
2025;272;365;beauce_5_sa_032;BTH;;6.08;0.0;13.63;-84.85;43.07;240.69;119.77;0.08;0.0;0;25.34;0;43.84;0.07;0.01;0.0;6.08
2025;1;208;beauce_5_sa_033;BTH;;0.97;0.0;53.17;23.68;85.64;9.2;26.44;0.07;0.0;0;50.39;0;-208.97;0.01;0.05;0.0;0.97
2025;209;304;beauce_5_sa_033;solnu;;0.0;0.0;25.57;-11.73;0.0;26.44;40.26;0.03;0.0;0;0;0;-153.45;0.02;0.01;0.0;0.0
2025;305;365;beauce_5_sa_033;BTH;;0.92;0.36;5.83;-37.67;0.0;40.46;10.36;0.01;0.0;0;0.0;0;-57.36;0.0;0.0;0.36;0.92
2025;1;209;beauce_5_sa_034;BTH;;1.35;0.0;56.17;25.6;51.29;15.84;44.91;0.05;0.0;0;30.83;0;-315.17;0.0;0.05;0.0;1.35
2025;210;264;beauce_5_sa_034;solnu;;0.0;0.0;17.54;-55.0;0.0;44.91;7.46;0.0;0.0;0;0;0;-108.29;0.0;0.0;0.0;0.0
2025;265;365;beauce_5_sa_034;BTH;;0.77;0.0;14.39;-14.31;0.0;7.46;6.83;0.0;0.0;0;0.0;0;-4.41;0.0;0.0;0.0;0.77
2025;1;173;beauce_5_sa_035;BTH;;0.89;0.0;32.36;20.54;55.46;10.97;6.21;0.03;0.0;0;32.63;0;-140.2;0.0;0.03;0.0;0.89
2025;174;296;beauce_5_sa_035;solnu;;0.04;0.0;43.68;-45.51;0.0;6.21;6.2;0.02;0.0;0;0;0;-267.2;0.0;0.02;0.0;0.04
2025;297;365;beauce_5_sa_035;BTH;;0.5;0.0;7.43;-7.69;0.0;5.94;5.46;0.0;0.0;0;0.0;0;-1.76;0.0;0.0;0.0;0.5
2025;1;220;beauce_5_sa_036;BTH;;1.07;0.0;57.89;17.11;48.94;12.83;37.81;0.05;0.0;0;28.8;0;-252.14;0.0;0.05;0.0;1.07
2025;221;288;beauce_5_sa_036;solnu;;0.13;0.0;18.55;-16.82;0.0;37.81;39.4;0.02;0.0;0;0;0;-112.55;0.02;0.0;0.0;0.13
2025;289;365;beauce_5_sa_036;BTH;;0.87;0.0;8.72;-37.91;0.0;39.6;9.55;0.0;0.0;0;0.0;0;-20.44;0.0;0.0;0.0;0.87
2025;1;199;beauce_5_sa_037;BTH;;0.58;0.02;49.12;16.23;56.06;6.99;16.86;0.04;0.0;0;32.99;0;-220.06;0.0;0.04;0.02;0.58
2025;200;315;beauce_5_sa_037;solnu;;0.24;0.0;29.79;-8.94;0.0;16.86;37.43;0.04;0.0;0;0;0;-172.06;0.03;0.01;0.0;0.24
2025;316;365;beauce_5_sa_037;BTH;;0.57;0.0;4.45;-33.16;0.0;37.68;9.33;0.0;0.0;0;0.0;0;-31.47;0.0;0.0;0.0;0.57
2025;1;174;beauce_5_sa_038;BTH;;4.93;1.75;37.4;27.43;109.75;73.51;154.58;0.12;0.0;0;82.3;0;-95.84;0.08;0.04;1.75;4.93
2025;175;260;beauce_5_sa_038;solnu;;0.0;0.0;39.02;-108.51;0.0;154.58;78.46;0.01;0.0;0;0;0;-128.22;0.0;0.01;0.0;0.0
2025;261;365;beauce_5_sa_038;BTH;;2.35;0.0;18.03;26.3;61.23;78.94;59.13;0.08;0.0;0;36.03;0;72.28;0.05;0.03;0.0;2.35
2025;1;220;beauce_5_sa_039;BTH;;0.79;0.42;59.76;14.9;86.52;9.41;28.09;0.05;0.0;0;50.91;0;-150.15;0.0;0.05;0.42;0.79
2025;221;312;beauce_5_sa_039;solnu;;0.07;0.0;23.7;-48.39;0.0;28.09;7.86;0.02;0.0;0;0;0;-169.32;0.01;0.0;0.0;0.07
2025;313;365;beauce_5_sa_039;BTH;;0.59;0.0;5.06;-6.46;0.0;7.86;7.27;0.0;0.0;0;0.0;0;-10.6;0.0;0.0;0.0;0.59
2025;1;209;beauce_5_sa_040;BTH;;0.72;0.12;52.95;20.73;66.9;8.63;23.44;0.05;0.0;0;39.37;0;-239.66;0.0;0.05;0.12;0.72
2025;210;312;beauce_5_sa_040;solnu;;0.08;0.0;25.64;-10.61;0.0;23.44;38.35;0.03;0.0;0;0;0;-154.63;0.02;0.01;0.0;0.08
2025;313;365;beauce_5_sa_040;BTH;;0.8;0.0;4.84;-33.53;0.0;38.47;10.37;0.01;0.0;0;0.0;0;-39.64;0.01;0.0;0.0;0.8
2025;1;170;beauce_5_sa_041;BTH;;12.12;2.26;35.64;30.51;108.17;137.33;252.64;0.08;0.0;0;74.47;0;37.77;0.04;0.04;2.26;12.12
2025;171;258;beauce_5_sa_041;solnu;;0.0;0.0;39.01;-4.07;0.0;252.64;287.55;0.04;0.0;0;0;0;-152.65;0.01;0.02;0.0;0.0
2025;259;365;beauce_5_sa_041;BTH;;7.87;0.0;18.6;-80.44;65.19;288.05;152.53;0.12;0.0;0;38.36;0;70.47;0.11;0.01;0.0;7.87
2025;1;179;beauce_5_sa_042;BTH;;2.07;0.59;36.3;27.29;94.38;24.34;35.46;0.05;0.0;0;57.71;0;-79.61;0.01;0.04;0.59;2.07
2025;180;280;beauce_5_sa_042;solnu;;0.03;0.0;38.97;-3.38;0.0;35.46;70.97;0.05;0.0;0;0;0;-206.87;0.02;0.02;0.0;0.03
2025;281;365;beauce_5_sa_042;BTH;;1.46;0.06;10.64;-63.46;4.9;71.21;16.64;0.0;0.0;0;2.88;0;-2.82;0.0;0.0;0.06;1.46
2025;1;214;beauce_5_sa_043;BTH;;0.79;0.0;55.4;21.61;54.88;9.48;30.79;0.05;0.0;0;32.29;0;-269.35;0.0;0.05;0.0;0.79
2025;215;296;beauce_5_sa_043;solnu;;0.07;0.0;21.64;-14.56;0.0;30.79;37.78;0.03;0.0;0;0;0;-134.83;0.02;0.01;0.0;0.07
2025;297;365;beauce_5_sa_043;BTH;;0.71;0.0;7.18;-36.66;0.0;38.04;7.89;0.0;0.0;0;0.0;0;-27.46;0.0;0.0;0.0;0.71
2025;1;188;beauce_5_sa_044;BTH;;3.7;1.23;45.2;25.36;115.88;44.11;86.33;0.05;0.0;0;68.19;0;-22.86;0.0;0.04;1.23;3.7
2025;189;306;beauce_5_sa_044;solnu;;0.0;0.0;39.74;-100.23;0.0;86.33;25.95;0.03;0.0;0;0;0;-92.03;0.02;0.01;0.0;0.0
2025;307;365;beauce_5_sa_044;BTH;;1.54;0.0;6.44;3.77;2.12;26.01;32.49;0.01;0.0;0;1.25;0;44.64;0.0;0.01;0.0;1.54
2025;1;225;beauce_5_sa_045;BTH;;1.48;0.62;61.54;22.73;91.33;14.9;52.73;0.07;0.0;0;53.74;0;-152.35;0.02;0.05;0.62;1.48
2025;226;300;beauce_5_sa_045;solnu;;0.1;0.0;19.63;-62.85;0.0;52.73;11.84;0.01;0.0;0;0;0;-100.2;0.01;0.0;0.0;0.1
2025;301;365;beauce_5_sa_045;BTH;;0.99;0.0;6.66;-6.67;0.0;12.02;10.88;0.0;0.0;0;0.0;0;24.9;0.0;0.0;0.0;0.99
2025;1;220;beauce_5_sa_046;BTH;;1.82;0.36;58.3;25.2;69.93;21.74;60.53;0.05;0.0;0;41.15;0;-220.08;0.0;0.05;0.36;1.82
2025;221;280;beauce_5_sa_046;solnu;;0.25;0.0;17.23;-15.32;0.0;60.53;62.15;0.03;0.0;0;0;0;-98.69;0.03;0.0;0.0;0.25
2025;281;365;beauce_5_sa_046;BTH;;1.46;0.0;10.25;-50.86;4.42;62.31;16.01;0.0;0.0;0;2.6;0;-12.53;0.0;0.0;0.0;1.46
2025;1;229;beauce_5_sa_047;BTH;;1.31;0.0;60.73;20.14;50.38;15.76;44.89;0.05;0.0;0;29.65;0;-289.34;0.0;0.05;0.0;1.31
2025;230;290;beauce_5_sa_047;solnu;;0.16;0.0;15.33;-16.49;0.0;44.89;43.54;0.02;0.0;0;0;0;-91.38;0.02;0.0;0.0;0.16
2025;291;365;beauce_5_sa_047;BTH;;1.06;0.01;8.25;-40.26;0.0;43.69;11.69;0.0;0.0;0;0.0;0;-20.77;0.0;0.0;0.01;1.06
2025;1;183;beauce_5_sa_048;BTH;;1.44;0.15;38.55;23.04;79.85;28.23;18.31;0.05;0.0;0;48.92;0;-68.48;0.01;0.04;0.15;1.44
2025;184;298;beauce_5_sa_048;solnu;;0.01;0.0;40.03;-52.06;0.0;18.31;9.72;0.01;0.0;0;0;0;-254.98;0.0;0.01;0.0;0.01
2025;299;365;beauce_5_sa_048;BTH;;0.83;0.28;7.15;-9.64;0.85;9.67;26.63;0.01;0.0;0;0.5;0;17.62;0.01;0.0;0.28;0.83
2025;1;209;beauce_5_sa_049;BTH;;0.88;0.17;55.44;22.63;64.57;10.43;35.61;0.05;0.0;0;37.99;0;-234.91;0.0;0.05;0.17;0.88
2025;210;279;beauce_5_sa_049;solnu;;0.01;0.0;21.24;-53.39;0.0;35.61;4.81;0.0;0.0;0;0;0;-128.79;0.0;0.0;0.0;0.01
2025;280;365;beauce_5_sa_049;BTH;;0.44;0.0;10.6;-10.71;0.0;4.77;4.39;0.0;0.0;0;0.0;0;10.95;0.0;0.0;0.0;0.44
2025;1;198;beauce_5_sa_050;BTH;;0.68;0.37;51.07;23.72;82.72;9.43;28.79;0.05;0.0;0;48.68;0;-167.57;0.0;0.04;0.37;0.68
2025;199;277;beauce_5_sa_050;solnu;;0.0;0.0;27.33;-55.82;0.0;28.79;3.8;0.0;0.0;0;0;0;-190.02;0.0;0.0;0.0;0.0
2025;278;365;beauce_5_sa_050;BTH;;0.3;0.0;11.19;-11.09;0.0;3.81;3.6;0.0;0.0;0;0.0;0;29.95;0.0;0.0;0.0;0.3
2025;1;181;beauce_5_sa_051;BTH;;0.86;0.06;36.22;17.52;52.78;10.07;14.9;0.03;0.0;0;32.82;0;-140.85;0.0;0.03;0.06;0.86
2025;182;273;beauce_5_sa_051;solnu;;0.01;0.0;35.33;-9.09;0.0;14.9;41.1;0.03;0.0;0;0;0;-208.21;0.01;0.02;0.0;0.01
2025;274;365;beauce_5_sa_051;BTH;;0.73;0.0;11.95;-42.38;2.98;41.44;7.24;0.0;0.0;0;1.75;0;-31.64;0.0;0.0;0.0;0.73
2025;1;178;beauce_5_sa_052;BTH;;1.9;0.85;37.53;19.94;104.74;20.81;35.0;0.07;0.0;0;62.38;0;-26.15;0.04;0.03;0.85;1.9
2025;179;259;beauce_5_sa_052;solnu;;0.0;0.0;34.75;-9.92;0.0;35.0;59.82;0.02;0.0;0;0;0;-160.78;0.0;0.02;0.0;0.0
2025;260;365;beauce_5_sa_052;BTH;;1.02;0.0;17.23;-63.63;1.5;60.54;11.19;0.0;0.0;0;0.88;0;27.24;0.0;0.0;0.0;1.02
2025;1;209;beauce_5_sa_053;BTH;;4.37;1.27;58.99;32.16;112.16;52.07;121.95;0.06;0.0;0;66.0;0;-89.7;0.0;0.05;1.27;4.37
2025;210;305;beauce_5_sa_053;solnu;;0.0;0.0;28.48;-105.97;0.0;121.95;44.44;0.03;0.0;0;0;0;-44.02;0.02;0.01;0.0;0.0
2025;306;365;beauce_5_sa_053;BTH;;2.47;0.0;6.37;10.05;2.24;44.59;56.12;0.04;0.0;0;1.32;0;38.56;0.03;0.01;0.0;2.47
2025;1;172;beauce_5_sa_054;BTH;;0.91;0.06;32.06;19.13;57.69;10.85;6.34;0.03;0.0;0;33.95;0;-123.17;0.0;0.03;0.06;0.91
2025;173;300;beauce_5_sa_054;solnu;;0.01;0.0;45.14;-47.57;0.0;6.34;5.97;0.02;0.0;0;0;0;-261.35;0.0;0.02;0.0;0.01
2025;301;365;beauce_5_sa_054;BTH;;0.49;0.0;6.67;-6.72;0.0;5.87;5.42;0.0;0.0;0;0.0;0;4.88;0.0;0.0;0.0;0.49
2025;1;188;beauce_5_sa_055;BTH;;2.75;0.03;41.33;36.12;140.22;88.55;25.84;0.09;0.0;0;83.59;0;-96.23;0.04;0.05;0.03;2.75
2025;189;297;beauce_5_sa_055;solnu;;0.0;0.0;35.99;-1.76;0.0;25.84;60.03;0.04;0.0;0;0;0;-176.81;0.02;0.02;0.0;0.0
2025;298;365;beauce_5_sa_055;BTH;;1.45;1.02;7.3;-54.71;0.85;60.35;90.76;0.02;0.0;0;0.5;0;-56.61;0.02;0.0;1.02;1.45
2025;1;210;beauce_5_sa_056;BTH;;1.42;0.72;57.58;25.82;105.37;16.58;46.86;0.05;0.0;0;62.01;0;-162.4;0.0;0.05;0.72;1.42
2025;211;274;beauce_5_sa_056;solnu;;0.0;0.0;21.02;-55.43;0.0;46.86;12.68;0.02;0.0;0;0;0;-115.17;0.02;0.0;0.0;0.0
2025;275;365;beauce_5_sa_056;BTH;;1.03;0.0;11.95;-14.11;0.0;12.68;11.76;0.0;0.0;0;0.0;0;-14.18;0.0;0.0;0.0;1.03
2025;1;207;beauce_5_sa_057;BTH;;1.32;0.56;53.05;37.71;101.93;15.8;45.36;0.06;0.0;0;59.98;0;-247.99;0.01;0.06;0.56;1.32
2025;208;283;beauce_5_sa_057;solnu;;0.0;0.0;23.74;-9.59;0.0;45.36;59.46;0.04;0.0;0;0;0;-134.74;0.03;0.01;0.0;0.0
2025;284;365;beauce_5_sa_057;BTH;;1.01;0.0;9.39;-51.53;1.5;59.74;15.71;0.0;0.0;0;0.88;0;-37.62;0.0;0.0;0.0;1.01
2025;1;211;beauce_5_sa_058;BTH;;1.51;0.31;53.71;30.37;78.78;18.06;45.04;0.05;0.0;0;46.36;0;-267.44;0.0;0.05;0.31;1.51
2025;212;307;beauce_5_sa_058;solnu;;0.1;0.0;24.28;-8.96;0.0;45.04;60.21;0.04;0.0;0;0;0;-135.88;0.03;0.01;0.0;0.1
2025;308;365;beauce_5_sa_058;BTH;;1.41;0.0;5.35;-47.21;0.0;60.39;16.97;0.01;0.0;0;0.0;0;-17.55;0.01;0.0;0.0;1.41
2025;1;225;beauce_5_sa_059;BTH;;5.12;1.06;65.44;32.73;97.59;60.37;135.4;0.07;0.0;0;57.42;0;-194.59;0.01;0.06;1.06;5.12
2025;226;276;beauce_5_sa_059;solnu;;0.0;0.0;15.85;-105.13;0.0;135.4;46.11;0.01;0.0;0;0;0;-29.77;0.01;0.0;0.0;0.0
2025;277;365;beauce_5_sa_059;BTH;;3.05;0.0;12.04;13.62;27.88;46.22;40.81;0.03;0.0;0;16.41;0;52.65;0.01;0.02;0.0;3.05
2025;1;228;beauce_5_sa_060;BTH;;1.66;0.06;62.56;21.63;53.93;19.14;51.89;0.05;0.0;0;31.73;0;-303.25;0.0;0.05;0.06;1.66
2025;229;271;beauce_5_sa_060;solnu;;0.22;0.0;11.95;-54.41;0.0;51.89;9.21;0.0;0.0;0;0;0;-68.28;0.0;0.0;0.0;0.22
2025;272;365;beauce_5_sa_060;BTH;;0.86;0.0;12.52;-12.55;0.0;9.22;8.32;0.0;0.0;0;0.0;0;6.08;0.0;0.0;0.0;0.86
2025;1;180;beauce_5_sa_061;BTH;;0.27;0.15;36.55;18.63;59.42;5.97;12.3;0.04;0.0;0;38.07;0;-131.6;0.01;0.03;0.15;0.27
2025;181;270;beauce_5_sa_061;solnu;;0.0;0.0;35.91;-49.65;0.0;12.3;1.79;0.01;0.0;0;0;0;-247.27;0.0;0.01;0.0;0.0
2025;271;365;beauce_5_sa_061;BTH;;0.13;0.0;12.8;-12.87;0.0;1.77;1.59;0.0;0.0;0;0.0;0;10.63;0.0;0.0;0.0;0.13
2025;1;223;beauce_5_sa_062;BTH;;5.64;1.56;63.24;35.39;144.97;66.98;131.86;0.08;0.0;0;85.31;0;-83.19;0.01;0.06;1.56;5.64
2025;224;310;beauce_5_sa_062;solnu;;0.0;0.0;23.75;-95.86;0.0;131.86;59.69;0.06;0.0;0;0;0;-85.32;0.05;0.01;0.0;0.0
2025;311;365;beauce_5_sa_062;BTH;;3.14;0.0;5.67;-11.75;1.4;58.85;49.06;0.0;0.0;0;0.83;0;46.49;0.0;0.0;0.0;3.14
2025;1;204;beauce_5_sa_063;BTH;;0.98;0.69;49.05;35.28;120.01;11.73;27.06;0.06;0.0;0;70.66;0;-196.01;0.01;0.05;0.69;0.98
2025;205;303;beauce_5_sa_063;solnu;;0.0;0.0;26.32;-4.02;0.0;27.06;49.33;0.04;0.0;0;0;0;-132.68;0.02;0.02;0.0;0.0
2025;304;365;beauce_5_sa_063;BTH;;0.53;0.06;5.91;-49.95;0.0;49.53;10.66;0.01;0.0;0;0.0;0;-40.05;0.01;0.0;0.06;0.53
2025;1;225;beauce_5_sa_064;BTH;;1.06;0.23;59.98;19.68;69.38;12.63;38.83;0.05;0.0;0;40.82;0;-230.56;0.0;0.05;0.23;1.06
2025;226;293;beauce_5_sa_064;solnu;;0.1;0.0;17.54;-48.96;0.0;38.83;9.66;0.01;0.0;0;0;0;-135.56;0.01;0.0;0.0;0.1
2025;294;365;beauce_5_sa_064;BTH;;0.81;0.0;7.8;-8.25;0.0;9.66;8.87;0.0;0.0;0;0.0;0;9.61;0.0;0.0;0.0;0.81
2025;1;182;beauce_5_sa_065;BTH;;0.62;0.0;36.83;16.76;55.57;7.55;4.92;0.03;0.0;0;32.7;0;-144.5;0.0;0.03;0.0;0.62
2025;183;291;beauce_5_sa_065;solnu;;0.04;0.0;38.94;-37.59;0.0;4.92;6.2;0.03;0.0;0;0;0;-230.71;0.01;0.02;0.0;0.04
2025;292;365;beauce_5_sa_065;BTH;;0.52;0.0;8.42;-9.29;0.0;6.28;5.73;0.0;0.0;0;0.0;0;-27.76;0.0;0.0;0.0;0.52
2025;1;223;beauce_5_sa_066;BTH;;2.03;0.16;61.27;22.97;58.6;22.45;57.96;0.05;0.0;0;35.05;0;-307.07;0.0;0.05;0.16;2.03
2025;224;261;beauce_5_sa_066;solnu;;0.0;0.0;11.2;-57.33;0.0;57.96;11.84;0.0;0.0;0;0;0;-77.47;0.0;0.0;0.0;0.0
2025;262;365;beauce_5_sa_066;BTH;;1.38;0.0;15.82;-16.3;0.0;11.51;10.02;0.0;0.0;0;0.0;0;21.7;0.0;0.0;0.0;1.38
2025;1;227;beauce_5_sa_067;BTH;;2.32;0.31;64.96;25.19;67.44;26.41;70.28;0.07;0.0;0;42.03;0;-296.68;0.01;0.05;0.31;2.32
2025;228;263;beauce_5_sa_067;solnu;;0.0;0.0;11.09;-68.49;0.0;70.28;12.93;0.0;0.0;0;0;0;-46.06;0.0;0.0;0.0;0.0
2025;264;365;beauce_5_sa_067;BTH;;1.27;0.06;15.07;-15.74;2.7;13.13;12.92;0.0;0.0;0;1.59;0;44.87;0.0;0.0;0.06;1.27
2025;1;194;beauce_5_sa_068;BTH;;3.03;0.59;48.49;27.65;72.91;34.63;78.71;0.06;0.0;0;42.91;0;-121.73;0.01;0.05;0.59;3.03
2025;195;269;beauce_5_sa_068;solnu;;0.06;0.0;28.38;-82.77;0.0;78.71;24.25;0.01;0.0;0;0;0;-154.88;0.0;0.01;0.0;0.06
2025;270;365;beauce_5_sa_068;BTH;;1.86;0.0;13.72;3.39;12.81;23.15;26.67;0.02;0.0;0;7.54;0;38.53;0.01;0.01;0.0;1.86
2025;1;197;beauce_5_sa_069;BTH;;0.86;0.0;48.69;23.57;52.42;11.5;30.39;0.05;0.0;0;32.09;0;-257.18;0.0;0.04;0.0;0.86
2025;198;269;beauce_5_sa_069;solnu;;0.0;0.0;25.32;-51.45;0.0;30.39;4.86;0.0;0.0;0;0;0;-164.32;0.0;0.0;0.0;0.0
2025;270;365;beauce_5_sa_069;BTH;;0.46;0.0;13.01;-13.07;0.0;4.85;4.34;0.0;0.0;0;0.0;0;-3.37;0.0;0.0;0.0;0.46
2025;1;202;beauce_5_sa_070;BTH;;2.15;0.04;52.16;29.22;129.7;84.54;37.56;0.09;0.0;0;76.49;0;-134.54;0.04;0.05;0.04;2.15
2025;203;296;beauce_5_sa_070;solnu;;0.0;0.0;27.85;-9.34;0.0;37.56;56.03;0.03;0.0;0;0;0;-148.59;0.02;0.01;0.0;0.0
2025;297;365;beauce_5_sa_070;BTH;;1.67;0.93;7.48;-47.62;0.37;56.34;85.54;0.01;0.0;0;0.22;0;-49.67;0.01;0.0;0.93;1.67
2025;1;182;beauce_5_sa_071;BTH;;1.86;0.84;37.03;10.61;109.81;22.31;19.35;0.03;0.0;0;64.62;0;-19.65;0.0;0.03;0.84;1.86
2025;183;314;beauce_5_sa_071;solnu;;0.0;0.0;40.43;4.4;0.0;19.35;64.19;0.07;0.0;0;0;0;-163.06;0.04;0.03;0.0;0.0
2025;315;365;beauce_5_sa_071;BTH;;1.04;0.0;4.9;-49.71;0.0;64.38;19.24;0.01;0.0;0;0.0;0;-18.5;0.0;0.0;0.0;1.04
2025;1;193;beauce_5_sa_072;BTH;;0.45;0.14;44.54;17.49;66.95;5.36;10.52;0.04;0.0;0;39.4;0;-168.29;0.0;0.04;0.14;0.45
2025;194;298;beauce_5_sa_072;solnu;;0.0;0.0;34.17;-38.93;0.0;10.52;5.92;0.03;0.0;0;0;0;-190.8;0.02;0.02;0.0;0.0
2025;299;365;beauce_5_sa_072;BTH;;0.48;0.0;6.98;-9.22;0.0;5.92;5.48;0.0;0.0;0;0.0;0;-42.66;0.0;0.0;0.0;0.48
2025;1;186;beauce_5_sa_073;BTH;;0.11;0.33;42.34;19.36;75.79;2.74;13.02;0.04;0.0;0;46.31;0;-125.13;0.0;0.04;0.33;0.11
2025;187;279;beauce_5_sa_073;solnu;;0.0;0.0;33.4;-52.05;0.0;13.02;0.92;0.01;0.0;0;0;0;-259.35;0.0;0.01;0.0;0.0
2025;280;365;beauce_5_sa_073;BTH;;0.08;0.0;10.76;-10.77;0.0;0.92;0.84;0.0;0.0;0;0.0;0;44.22;0.0;0.0;0.0;0.08
2025;1;204;beauce_5_sa_074;BTH;;5.25;1.28;58.45;32.57;93.45;57.2;145.34;0.08;0.0;0;58.35;0;-131.09;0.03;0.05;1.28;5.25
2025;205;265;beauce_5_sa_074;solnu;;0.0;0.0;22.34;-104.37;0.0;145.34;63.31;0.0;0.0;0;0;0;-73.79;0.0;0.0;0.0;0.0
2025;266;365;beauce_5_sa_074;BTH;;3.24;0.0;15.44;16.51;47.06;63.26;44.91;0.05;0.0;0;27.69;0;65.77;0.03;0.02;0.0;3.24
2025;1;185;beauce_5_sa_075;BTH;;0.94;0.08;39.13;22.07;67.47;11.15;8.26;0.04;0.0;0;39.7;0;-172.01;0.0;0.04;0.08;0.94
2025;186;302;beauce_5_sa_075;solnu;;0.0;0.0;36.94;-5.41;0.0;8.26;39.81;0.04;0.0;0;0;0;-232.85;0.02;0.02;0.0;0.0
2025;303;365;beauce_5_sa_075;BTH;;0.74;0.0;6.12;-38.46;0.0;40.13;8.24;0.0;0.0;0;0.0;0;-43.5;0.0;0.0;0.0;0.74
2025;1;212;beauce_5_sa_076;BTH;;3.21;0.62;58.68;26.51;78.58;38.34;87.84;0.05;0.0;0;46.24;0;-146.14;0.0;0.05;0.62;3.21
2025;213;284;beauce_5_sa_076;solnu;;0.21;0.0;21.87;-56.36;0.0;87.84;53.09;0.04;0.0;0;0;0;-116.61;0.03;0.01;0.0;0.21
2025;285;365;beauce_5_sa_076;BTH;;2.38;0.02;10.11;-34.57;1.5;49.97;26.13;0.0;0.0;0;0.88;0;33.14;0.0;0.0;0.02;2.38
2025;1;222;beauce_5_sa_077;BTH;;1.12;0.0;61.24;21.26;48.97;14.01;46.35;0.05;0.0;0;30.68;0;-355.03;0.0;0.05;0.0;1.12
2025;223;269;beauce_5_sa_077;solnu;;0.01;0.0;14.65;-55.26;0.0;46.35;6.19;0.0;0.0;0;0;0;-74.52;0.0;0.0;0.0;0.01
2025;270;365;beauce_5_sa_077;BTH;;0.58;0.0;12.99;-13.07;0.0;6.07;5.52;0.0;0.0;0;0.0;0;18.58;0.0;0.0;0.0;0.58
2025;1;211;beauce_5_sa_078;BTH;;0.36;0.41;55.26;18.68;88.37;4.37;20.36;0.05;0.0;0;52.0;0;-152.85;0.0;0.04;0.41;0.36
2025;212;312;beauce_5_sa_078;solnu;;0.07;0.0;25.65;-47.4;0.0;20.36;4.19;0.01;0.0;0;0;0;-201.01;0.01;0.0;0.0;0.07
2025;313;365;beauce_5_sa_078;BTH;;0.32;0.0;4.97;-5.73;0.0;4.19;3.89;0.0;0.0;0;0.0;0;-3.99;0.0;0.0;0.0;0.32
2025;1;228;beauce_5_sa_079;BTH;;1.4;0.0;61.8;19.46;49.61;16.65;46.9;0.05;0.0;0;29.19;0;-309.97;0.0;0.05;0.0;1.4
2025;229;277;beauce_5_sa_079;solnu;;0.14;0.0;13.27;-52.58;0.0;46.9;7.79;0.0;0.0;0;0;0;-70.54;0.0;0.0;0.0;0.14
2025;278;365;beauce_5_sa_079;BTH;;0.7;0.0;10.96;-10.98;0.0;7.68;7.07;0.0;0.0;0;0.0;0;3.56;0.0;0.0;0.0;0.7
2025;1;221;beauce_5_sa_080;BTH;;1.17;0.0;61.64;21.0;48.43;14.35;47.33;0.05;0.0;0;31.15;0;-360.01;0.0;0.05;0.0;1.17
2025;222;266;beauce_5_sa_080;solnu;;0.0;0.0;14.35;-55.77;0.0;47.33;6.32;0.0;0.0;0;0;0;-75.36;0.0;0.0;0.0;0.0
2025;267;365;beauce_5_sa_080;BTH;;0.59;0.0;13.82;-13.74;0.0;6.47;5.81;0.0;0.0;0;0.0;0;17.57;0.0;0.0;0.0;0.59
2025;1;196;beauce_5_sa_081;BTH;;0.81;0.0;47.42;23.07;74.24;20.12;15.59;0.05;0.0;0;45.62;0;-139.88;0.01;0.04;0.0;0.81
2025;197;296;beauce_5_sa_081;solnu;;0.05;0.0;30.68;-44.22;0.0;15.59;7.47;0.02;0.0;0;0;0;-237.87;0.01;0.01;0.0;0.05
2025;297;365;beauce_5_sa_081;BTH;;0.65;0.29;7.37;-16.59;2.7;7.27;17.83;0.01;0.0;0;1.59;0;-3.48;0.01;0.0;0.29;0.65
2025;1;227;beauce_5_sa_082;BTH;;1.58;0.02;59.76;23.01;50.3;18.92;50.97;0.05;0.0;0;29.6;0;-303.69;0.0;0.05;0.02;1.58
2025;228;279;beauce_5_sa_082;solnu;;0.14;0.0;13.68;-16.38;0.0;50.97;48.11;0.02;0.0;0;0;0;-99.88;0.02;0.0;0.0;0.14
2025;280;365;beauce_5_sa_082;BTH;;1.31;0.0;10.22;-42.42;1.5;48.23;13.3;0.01;0.0;0;0.88;0;-12.02;0.01;0.0;0.0;1.31
2025;1;210;beauce_5_sa_083;BTH;;1.13;0.0;55.05;20.39;46.67;13.21;40.83;0.05;0.0;0;28.35;0;-251.68;0.0;0.05;0.0;1.13
2025;211;274;beauce_5_sa_083;solnu;;0.12;0.0;18.75;-17.04;0.0;40.83;42.41;0.02;0.0;0;0;0;-119.72;0.01;0.0;0.0;0.12
2025;275;365;beauce_5_sa_083;BTH;;0.96;0.0;11.71;-42.09;1.5;42.64;9.58;0.0;0.0;0;0.88;0;-19.81;0.0;0.0;0.0;0.96
2025;1;176;beauce_5_sa_084;BTH;;0.88;0.0;34.52;21.13;52.24;11.09;13.57;0.04;0.0;0;31.01;0;-139.7;0.0;0.03;0.0;0.88
2025;177;266;beauce_5_sa_084;solnu;;0.0;0.0;36.0;-44.88;0.0;13.57;4.89;0.01;0.0;0;0;0;-238.12;0.0;0.01;0.0;0.0
2025;267;365;beauce_5_sa_084;BTH;;0.47;0.0;13.96;-13.93;0.0;5.17;4.51;0.0;0.0;0;0.0;0;-15.99;0.0;0.0;0.0;0.47
2025;1;215;beauce_5_sa_085;BTH;;3.4;0.97;59.45;36.05;178.13;76.32;63.34;0.09;0.0;0;106.76;0;-38.03;0.03;0.06;0.97;3.4
2025;216;297;beauce_5_sa_085;solnu;;0.0;0.0;25.33;-58.21;0.0;63.34;30.42;0.04;0.0;0;0;0;-105.26;0.03;0.01;0.0;0.0
2025;298;365;beauce_5_sa_085;BTH;;1.31;0.83;7.9;-13.98;0.85;30.31;84.95;0.02;0.0;0;0.5;0;28.73;0.02;0.0;0.83;1.31
2025;1;178;beauce_5_sa_086;BTH;;4.79;1.61;38.08;24.3;132.73;56.99;101.15;0.04;0.0;0;78.1;0;46.33;0.01;0.04;1.61;4.79
2025;179;288;beauce_5_sa_086;solnu;;0.0;0.0;43.8;-87.47;0.0;101.15;57.68;0.05;0.0;0;0;0;-138.77;0.03;0.02;0.0;0.0
2025;289;365;beauce_5_sa_086;BTH;;1.73;0.0;10.16;-1.8;14.54;56.77;49.74;0.02;0.0;0;8.56;0;72.9;0.02;0.01;0.0;1.73
2025;1;207;beauce_5_sa_087;BTH;;2.08;0.47;55.54;27.13;77.77;24.06;62.41;0.05;0.0;0;45.76;0;-188.67;0.0;0.05;0.47;2.08
2025;208;271;beauce_5_sa_087;solnu;;0.0;0.0;20.91;-14.67;0.0;62.41;68.61;0.03;0.0;0;0;0;-124.57;0.02;0.01;0.0;0.0
2025;272;365;beauce_5_sa_087;BTH;;1.87;0.0;12.67;-56.97;4.48;68.95;18.0;0.0;0.0;0;2.64;0;-0.79;0.0;0.0;0.0;1.87
2025;1;214;beauce_5_sa_088;BTH;;0.81;0.35;58.84;17.25;74.77;9.68;36.52;0.05;0.0;0;44.0;0;-175.83;0.0;0.05;0.35;0.81
2025;215;291;beauce_5_sa_088;solnu;;0.0;0.0;23.4;-50.74;0.0;36.52;10.39;0.02;0.0;0;0;0;-140.31;0.02;0.01;0.0;0.0
2025;292;365;beauce_5_sa_088;BTH;;0.79;0.0;8.48;-9.48;0.0;10.49;9.62;0.0;0.0;0;0.0;0;-8.72;0.0;0.0;0.0;0.79
2025;1;181;beauce_5_sa_089;BTH;;1.32;1.15;35.54;10.64;134.33;15.8;12.11;0.04;0.0;0;79.05;0;36.49;0.01;0.03;1.15;1.32
2025;182;317;beauce_5_sa_089;solnu;;0.0;0.0;40.04;-45.39;0.0;12.11;11.28;0.02;0.0;0;0;0;-157.24;0.0;0.02;0.0;0.0
2025;318;365;beauce_5_sa_089;BTH;;0.47;0.0;4.61;-5.27;0.0;11.2;10.7;0.0;0.0;0;0.0;0;15.13;0.0;0.0;0.0;0.47
2025;1;211;beauce_5_sa_090;BTH;;1.19;0.0;56.12;26.47;53.08;15.35;43.58;0.05;0.0;0;33.43;0;-339.15;0.0;0.05;0.0;1.19
2025;212;268;beauce_5_sa_090;solnu;;0.0;0.0;17.88;-55.33;0.0;43.58;6.81;0.0;0.0;0;0;0;-108.42;0.0;0.0;0.0;0.0
2025;269;365;beauce_5_sa_090;BTH;;0.64;0.0;12.95;-13.02;0.0;6.69;6.1;0.0;0.0;0;0.0;0;-6.01;0.0;0.0;0.0;0.64
2025;1;196;beauce_5_sa_091;BTH;;2.57;0.23;48.58;28.35;56.96;28.69;63.74;0.05;0.0;0;34.68;0;-199.47;0.01;0.05;0.23;2.57
2025;197;264;beauce_5_sa_091;solnu;;0.0;0.0;23.8;-14.71;0.0;63.74;72.83;0.01;0.0;0;0;0;-156.84;0.0;0.01;0.0;0.0
2025;265;365;beauce_5_sa_091;BTH;;2.1;0.0;14.5;-59.51;7.5;73.1;18.2;0.02;0.0;0;4.41;0;-14.16;0.02;0.0;0.0;2.1
2025;1;186;beauce_5_sa_092;BTH;;0.66;0.08;41.55;19.11;68.53;16.32;13.97;0.04;0.0;0;40.49;0;-112.22;0.0;0.04;0.08;0.66
2025;187;286;beauce_5_sa_092;solnu;;0.0;0.0;34.62;-42.63;0.0;13.97;6.75;0.03;0.0;0;0;0;-217.43;0.01;0.01;0.0;0.0
2025;287;365;beauce_5_sa_092;BTH;;0.56;0.14;9.28;-11.72;0.13;6.75;16.24;0.0;0.0;0;0.07;0;-27.86;0.0;0.0;0.14;0.56
2025;1;208;beauce_5_sa_093;BTH;;1.06;0.0;54.89;25.1;52.07;14.03;40.8;0.05;0.0;0;33.08;0;-322.78;0.0;0.05;0.0;1.06
2025;209;268;beauce_5_sa_093;solnu;;0.0;0.0;19.13;-54.52;0.0;40.8;6.07;0.0;0.0;0;0;0;-116.78;0.0;0.0;0.0;0.0
2025;269;365;beauce_5_sa_093;BTH;;0.56;0.0;12.97;-13.05;0.0;6.07;5.43;0.0;0.0;0;0.0;0;-5.5;0.0;0.0;0.0;0.56
2025;1;205;beauce_5_sa_094;BTH;;0.25;0.0;52.62;14.78;53.33;3.04;16.82;0.04;0.0;0;31.38;0;-212.41;0.0;0.04;0.0;0.25
2025;206;315;beauce_5_sa_094;solnu;;0.14;0.0;28.52;-42.07;0.0;16.82;4.04;0.02;0.0;0;0;0;-179.51;0.01;0.01;0.0;0.14
2025;316;365;beauce_5_sa_094;BTH;;0.23;0.0;4.57;-5.11;0.0;4.04;3.84;0.0;0.0;0;0.0;0;-13.28;0.0;0.0;0.0;0.23
2025;1;220;beauce_5_sa_095;BTH;;1.11;0.09;58.36;22.41;58.87;13.17;40.53;0.05;0.0;0;34.64;0;-285.87;0.0;0.05;0.09;1.11
2025;221;280;beauce_5_sa_095;solnu;;0.1;0.0;17.29;-52.75;0.0;40.53;6.23;0.0;0.0;0;0;0;-110.24;0.0;0.0;0.0;0.1
2025;281;365;beauce_5_sa_095;BTH;;0.52;0.0;10.21;-10.21;0.0;6.23;5.71;0.0;0.0;0;0.0;0;22.89;0.0;0.0;0.0;0.52
2025;1;188;beauce_5_sa_096;BTH;;3.26;1.37;39.31;28.87;165.79;27.95;28.22;0.1;0.0;0;97.56;0;-77.66;0.05;0.05;1.37;3.26
2025;189;304;beauce_5_sa_096;solnu;;0.0;0.0;32.5;0.92;0.0;28.22;61.78;0.03;0.0;0;0;0;-139.11;0.01;0.02;0.0;0.0
2025;305;365;beauce_5_sa_096;BTH;;1.18;0.0;6.09;-40.98;0.0;62.07;27.51;0.01;0.0;0;0.0;0;-39.63;0.01;0.0;0.0;1.18
2025;1;211;beauce_5_sa_097;BTH;;0.7;0.0;55.23;22.45;54.21;9.53;32.26;0.05;0.0;0;32.29;0;-274.41;0.0;0.05;0.0;0.7
2025;212;281;beauce_5_sa_097;solnu;;0.04;0.0;20.17;-49.84;0.0;32.26;3.98;0.0;0.0;0;0;0;-122.46;0.0;0.0;0.0;0.04
2025;282;365;beauce_5_sa_097;BTH;;0.33;0.02;10.04;-11.16;0.12;3.99;4.19;0.0;0.0;0;0.07;0;4.09;0.0;0.0;0.02;0.33
2025;1;183;beauce_5_sa_098;BTH;;0.68;0.0;37.92;17.52;49.13;8.1;13.71;0.03;0.0;0;30.68;0;-145.5;0.0;0.03;0.0;0.68
2025;184;278;beauce_5_sa_098;solnu;;0.03;0.0;34.72;-10.04;0.0;13.71;38.34;0.03;0.0;0;0;0;-213.6;0.01;0.02;0.0;0.03
2025;279;365;beauce_5_sa_098;BTH;;0.66;0.0;10.72;-40.34;1.5;38.65;6.76;0.01;0.0;0;0.88;0;-30.22;0.01;0.0;0.0;0.66
2025;1;174;beauce_5_sa_099;BTH;;8.39;1.37;34.88;31.17;94.92;91.12;156.77;0.07;0.0;0;63.16;0;-16.23;0.03;0.04;1.37;8.39
2025;175;266;beauce_5_sa_099;solnu;;0.0;0.0;38.4;0.58;0.0;156.77;192.1;0.02;0.0;0;0;0;-173.58;0.0;0.02;0.0;0.0
2025;267;365;beauce_5_sa_099;BTH;;4.95;0.0;14.72;-77.16;50.59;192.66;74.06;0.07;0.0;0;29.77;0;26.62;0.06;0.01;0.0;4.95
2026;1;200;beauce_5_sa_000;BTH;;2.03;0.0;43.44;9.65;46.98;9.73;13.9;0.03;0.0;0;27.64;0;-163.7;0.0;0.03;0.0;2.03
2026;201;317;beauce_5_sa_000;solnu;;0.43;0.0;32.56;-6.3;0.0;13.9;39.66;0.05;0.02;0;0;0;-192.25;0.04;0.02;0.0;0.43
2026;318;365;beauce_5_sa_000;BTH;;0.42;0.01;4.18;-29.5;0.0;39.78;15.59;0.0;0.0;0;0.0;0;-26.0;0.0;0.0;0.01;0.42
2026;1;209;beauce_5_sa_001;BTH;;1.06;0.24;55.14;25.78;65.28;4.92;37.43;0.06;0.01;0;38.41;0;-198.03;0.01;0.05;0.24;1.06
2026;210;261;beauce_5_sa_001;solnu;;0.0;0.0;17.99;-53.08;0.0;37.43;3.99;0.0;0.0;0;0;0;-113.85;0.0;0.0;0.0;0.0
2026;262;365;beauce_5_sa_001;BTH;;0.5;0.0;16.47;-16.47;0.0;4.08;3.5;0.0;0.0;0;0.0;0;25.8;0.0;0.0;0.0;0.5
2026;1;206;beauce_5_sa_002;BTH;;4.7;0.13;51.2;46.68;86.94;39.6;55.5;0.1;0.01;0;54.65;0;-180.93;0.04;0.06;0.13;4.7
2026;207;261;beauce_5_sa_002;solnu;;0.0;0.0;19.86;-14.07;0.0;55.5;61.28;0.01;0.0;0;0;0;-146.2;0.0;0.01;0.0;0.0
2026;262;365;beauce_5_sa_002;BTH;;1.71;0.38;15.84;-64.54;6.79;61.85;33.07;0.01;0.0;0;3.99;0;1.22;0.01;0.0;0.38;1.71
2026;1;197;beauce_5_sa_003;BTH;;0.8;0.17;42.48;10.72;57.35;3.26;10.87;0.03;0.0;0;33.75;0;-83.18;0.0;0.03;0.17;0.8
2026;198;295;beauce_5_sa_003;solnu;;0.16;0.0;33.49;-43.99;0.0;10.87;1.92;0.01;0.0;0;0;0;-202.0;0.0;0.01;0.0;0.16
2026;296;365;beauce_5_sa_003;BTH;;0.07;0.0;7.8;-7.91;0.0;1.86;1.79;0.0;0.0;0;0.0;0;6.58;0.0;0.0;0.0;0.07
2026;1;184;beauce_5_sa_004;BTH;;8.97;1.18;42.1;35.58;135.19;88.04;109.3;0.19;0.03;0;108.23;0;-115.0;0.14;0.05;1.18;8.97
2026;185;258;beauce_5_sa_004;solnu;;0.0;0.0;32.64;-98.63;0.0;109.3;20.35;0.01;0.0;0;0;0;-142.32;0.0;0.01;0.0;0.0
2026;259;365;beauce_5_sa_004;BTH;;1.27;0.55;18.67;3.96;10.59;20.35;31.1;0.02;0.0;0;6.23;0;118.23;0.0;0.01;0.55;1.27
2026;1;190;beauce_5_sa_005;BTH;;1.3;0.13;38.45;15.78;58.3;6.01;10.66;0.04;0.0;0;34.31;0;-109.89;0.0;0.03;0.13;1.3
2026;191;283;beauce_5_sa_005;solnu;;0.0;0.0;32.78;-39.67;0.0;10.66;3.76;0.01;0.0;0;0;0;-180.57;0.0;0.01;0.0;0.0
2026;284;365;beauce_5_sa_005;BTH;;0.35;0.0;10.81;-12.1;0.0;3.25;2.72;0.0;0.0;0;0.0;0;-18.75;0.0;0.0;0.0;0.35
2026;1;187;beauce_5_sa_006;BTH;;1.54;0.0;37.51;17.78;48.1;6.98;12.6;0.04;0.0;0;28.31;0;-116.04;0.0;0.03;0.0;1.54
2026;188;269;beauce_5_sa_006;solnu;;0.0;0.0;30.3;-23.71;0.0;12.6;19.18;0.01;0.0;0;0;0;-192.38;0.0;0.01;0.0;0.0
2026;270;365;beauce_5_sa_006;BTH;;0.42;0.0;14.02;-29.79;0.0;15.02;3.29;0.0;0.0;0;0.0;0;-25.69;0.0;0.0;0.0;0.42
2026;1;198;beauce_5_sa_007;BTH;;2.29;0.07;42.67;25.2;57.58;10.36;23.64;0.05;0.0;0;34.77;0;-163.04;0.01;0.04;0.07;2.29
2026;199;267;beauce_5_sa_007;solnu;;0.0;0.0;24.54;-12.86;0.0;23.64;35.32;0.01;0.0;0;0;0;-165.66;0.0;0.01;0.0;0.0
2026;268;365;beauce_5_sa_007;BTH;;0.59;0.0;14.24;-44.86;0.0;35.47;4.59;0.0;0.0;0;0.0;0;-32.53;0.0;0.0;0.0;0.59
2026;1;208;beauce_5_sa_008;BTH;;2.2;0.0;51.26;22.28;46.73;9.86;34.42;0.05;0.0;0;28.38;0;-211.29;0.0;0.04;0.0;2.2
2026;209;269;beauce_5_sa_008;solnu;;0.0;0.0;17.97;-15.9;0.0;34.42;36.5;0.0;0.0;0;0;0;-117.82;0.0;0.0;0.0;0.0
2026;270;365;beauce_5_sa_008;BTH;;0.59;0.0;14.0;-44.08;1.5;36.74;4.43;0.0;0.0;0;0.88;0;-22.39;0.0;0.0;0.0;0.59
2026;1;183;beauce_5_sa_009;BTH;;14.52;1.94;37.06;48.52;180.16;94.9;129.83;0.12;0.0;0;107.6;0;33.81;0.06;0.05;1.94;14.52
2026;184;302;beauce_5_sa_009;solnu;;0.0;0.0;40.3;-88.61;0.0;129.83;81.98;0.07;0.03;0;0;0;-93.94;0.05;0.02;0.0;0.0
2026;303;365;beauce_5_sa_009;BTH;;0.0;0.02;7.41;4.62;3.02;81.83;92.45;0.02;0.0;0;1.78;0;70.87;0.01;0.01;0.02;0.0
2026;1;217;beauce_5_sa_010;BTH;;8.82;1.22;63.28;46.51;99.08;51.51;144.64;0.16;0.02;0;89.95;0;-284.68;0.09;0.07;1.22;8.82
2026;218;260;beauce_5_sa_010;solnu;;0.0;0.0;18.6;-66.74;0.0;144.64;96.49;0.0;0.0;0;0;0;-133.58;0.0;0.0;0.0;0.0
2026;261;365;beauce_5_sa_010;BTH;;4.49;0.0;17.98;-30.74;32.97;94.33;46.25;0.02;0.0;0;19.4;0;105.52;0.0;0.02;0.0;4.49
2026;1;175;beauce_5_sa_011;BTH;;1.34;0.0;32.97;7.92;41.78;6.43;4.17;0.03;0.0;0;24.59;0;-84.18;0.0;0.03;0.0;1.34
2026;176;281;beauce_5_sa_011;solnu;;0.0;0.0;36.32;-24.37;0.0;4.17;16.11;0.02;0.0;0;0;0;-188.06;0.0;0.02;0.0;0.0
2026;282;365;beauce_5_sa_011;BTH;;0.33;0.0;11.42;-24.56;0.0;13.06;2.64;0.0;0.0;0;0.0;0;-14.22;0.0;0.0;0.0;0.33
2026;1;208;beauce_5_sa_012;BTH;;6.73;1.46;56.53;51.05;148.02;31.51;93.28;0.09;0.0;0;87.1;0;-55.85;0.03;0.06;1.46;6.73
2026;209;310;beauce_5_sa_012;solnu;;0.0;0.0;33.45;-69.59;0.0;93.28;57.05;0.1;0.04;0;0;0;-145.85;0.08;0.02;0.0;0.0
2026;311;365;beauce_5_sa_012;BTH;;0.0;0.0;6.04;-5.98;0.0;57.2;57.1;0.0;0.0;0;0.0;0;34.95;0.0;0.0;0.0;0.0
2026;1;186;beauce_5_sa_013;BTH;;0.61;0.0;36.89;20.89;46.52;2.74;13.31;0.04;0.0;0;27.37;0;-119.42;0.01;0.03;0.0;0.61
2026;187;260;beauce_5_sa_013;solnu;;0.0;0.0;29.0;-40.71;0.0;13.31;2.57;0.01;0.0;0;0;0;-187.12;0.0;0.01;0.0;0.0
2026;261;365;beauce_5_sa_013;BTH;;0.29;0.0;15.49;-15.52;0.0;2.56;2.28;0.0;0.0;0;0.0;0;-13.0;0.0;0.0;0.0;0.29
2026;1;226;beauce_5_sa_014;BTH;;6.05;1.38;67.42;29.64;153.19;24.41;65.43;0.11;0.0;0;90.14;0;-79.98;0.05;0.06;1.38;6.05
2026;227;286;beauce_5_sa_014;solnu;;0.0;0.0;20.8;-70.49;0.0;65.43;16.54;0.01;0.0;0;0;0;-95.74;0.0;0.0;0.0;0.0
2026;287;365;beauce_5_sa_014;BTH;;0.41;0.0;11.15;-11.3;0.0;16.46;16.0;0.0;0.0;0;0.0;0;70.22;0.0;0.0;0.0;0.41
2026;1;197;beauce_5_sa_015;BTH;;1.04;0.0;42.17;19.16;53.79;5.51;12.09;0.04;0.0;0;32.32;0;-105.43;0.0;0.04;0.0;1.04
2026;198;289;beauce_5_sa_015;solnu;;0.0;0.0;31.29;-42.99;0.0;12.09;2.17;0.01;0.0;0;0;0;-198.07;0.0;0.01;0.0;0.0
2026;290;365;beauce_5_sa_015;BTH;;0.24;0.09;9.42;-15.1;1.58;2.17;2.29;0.0;0.0;0;0.93;0;-6.42;0.0;0.0;0.09;0.24
2026;1;186;beauce_5_sa_016;BTH;;1.59;0.0;35.84;16.39;50.05;8.44;9.27;0.03;0.0;0;29.45;0;-113.91;0.0;0.03;0.0;1.59
2026;187;276;beauce_5_sa_016;solnu;;0.0;0.0;31.88;-8.52;0.0;9.27;32.6;0.02;0.0;0;0;0;-197.75;0.0;0.02;0.0;0.0
2026;277;365;beauce_5_sa_016;BTH;;0.42;0.03;12.08;-39.74;1.5;32.87;3.26;0.0;0.0;0;0.88;0;-31.99;0.0;0.0;0.03;0.42
2026;1;207;beauce_5_sa_017;BTH;;2.59;0.13;51.11;15.97;77.69;25.66;22.54;0.05;0.0;0;46.04;0;-82.4;0.01;0.04;0.13;2.59
2026;208;316;beauce_5_sa_017;solnu;;0.09;0.0;30.52;-51.63;0.0;22.54;5.5;0.01;0.0;0;0;0;-191.21;0.0;0.01;0.0;0.09
2026;317;365;beauce_5_sa_017;BTH;;0.15;0.32;4.52;-9.69;0.95;5.58;23.84;0.0;0.0;0;0.56;0;9.36;0.0;0.0;0.32;0.15
2026;1;199;beauce_5_sa_018;BTH;;0.78;0.0;43.84;16.85;46.88;3.68;16.67;0.04;0.0;0;27.59;0;-139.48;0.0;0.04;0.0;0.78
2026;200;277;beauce_5_sa_018;solnu;;0.0;0.0;26.81;-42.24;0.0;16.67;2.09;0.01;0.0;0;0;0;-173.18;0.0;0.01;0.0;0.0
2026;278;365;beauce_5_sa_018;BTH;;0.23;0.0;12.21;-12.5;0.0;2.02;1.8;0.0;0.0;0;0.0;0;-6.12;0.0;0.0;0.0;0.23
2026;1;198;beauce_5_sa_019;BTH;;0.74;0.0;42.93;4.74;42.17;3.57;8.3;0.03;0.0;0;24.81;0;-91.43;0.0;0.03;0.0;0.74
2026;199;317;beauce_5_sa_019;solnu;;0.2;0.0;35.61;-39.62;0.0;8.3;5.06;0.03;0.01;0;0;0;-209.68;0.01;0.01;0.0;0.2
2026;318;365;beauce_5_sa_019;BTH;;0.16;0.0;4.45;-4.6;0.0;5.04;4.87;0.0;0.0;0;0.0;0;-3.06;0.0;0.0;0.0;0.16
2026;1;214;beauce_5_sa_020;BTH;;1.17;0.12;54.88;8.29;51.59;5.68;25.05;0.04;0.0;0;30.36;0;-154.03;0.0;0.04;0.12;1.17
2026;215;312;beauce_5_sa_020;solnu;;0.34;0.0;26.0;-40.47;0.0;25.05;11.37;0.03;0.02;0;0;0;-154.05;0.03;0.01;0.0;0.34
2026;313;365;beauce_5_sa_020;BTH;;0.36;0.0;5.1;-6.54;0.0;11.37;11.05;0.0;0.0;0;0.0;0;-21.69;0.0;0.0;0.0;0.36
2026;1;222;beauce_5_sa_021;BTH;;2.41;0.17;59.6;27.74;56.63;11.8;52.96;0.06;0.0;0;33.32;0;-251.34;0.01;0.05;0.17;2.41
2026;223;279;beauce_5_sa_021;solnu;;0.0;0.0;15.84;-61.89;0.0;52.96;6.92;0.0;0.0;0;0;0;-87.62;0.0;0.0;0.0;0.0
2026;280;365;beauce_5_sa_021;BTH;;0.83;0.0;12.13;-12.49;0.0;6.55;5.73;0.0;0.0;0;0.0;0;14.28;0.0;0.0;0.0;0.83
2026;1;193;beauce_5_sa_022;BTH;;6.06;0.87;43.26;36.51;82.06;37.43;93.75;0.11;0.01;0;71.07;0;-163.03;0.06;0.05;0.87;6.06
2026;194;266;beauce_5_sa_022;solnu;;0.0;0.0;30.68;-100.27;0.0;93.75;24.15;0.01;0.0;0;0;0;-168.59;0.0;0.01;0.0;0.0
2026;267;365;beauce_5_sa_022;BTH;;2.55;0.0;15.86;1.46;7.59;24.15;31.32;0.01;0.0;0;4.47;0;78.33;0.0;0.01;0.0;2.55
2026;1;181;beauce_5_sa_023;BTH;;1.28;0.02;34.28;6.76;42.87;6.26;3.01;0.03;0.0;0;25.23;0;-75.68;0.0;0.03;0.02;1.28
2026;182;298;beauce_5_sa_023;solnu;;0.22;0.0;39.23;-39.73;0.0;3.01;2.63;0.02;0.0;0;0;0;-194.98;0.0;0.02;0.0;0.22
2026;299;365;beauce_5_sa_023;BTH;;0.09;0.0;7.0;-7.0;0.0;2.63;2.58;0.0;0.0;0;0.0;0;-3.47;0.0;0.0;0.0;0.09
2026;1;207;beauce_5_sa_024;BTH;;1.2;0.0;51.07;22.97;48.01;5.58;30.35;0.05;0.0;0;28.25;0;-210.3;0.0;0.04;0.0;1.2
2026;208;271;beauce_5_sa_024;solnu;;0.0;0.0;19.26;-44.8;0.0;30.35;4.8;0.0;0.0;0;0;0;-121.37;0.0;0.0;0.0;0.0
2026;272;365;beauce_5_sa_024;BTH;;0.37;0.0;13.66;-15.38;0.0;3.97;2.81;0.0;0.0;0;0.0;0;-11.06;0.0;0.0;0.0;0.37
2026;1;179;beauce_5_sa_025;BTH;;1.55;0.54;35.83;22.7;95.74;8.7;10.06;0.06;0.0;0;56.34;0;-47.33;0.02;0.04;0.54;1.55
2026;180;271;beauce_5_sa_025;solnu;;0.0;0.0;34.85;-41.68;0.0;10.06;3.61;0.02;0.0;0;0;0;-166.73;0.0;0.02;0.0;0.0
2026;272;365;beauce_5_sa_025;BTH;;0.4;0.01;14.35;-17.15;0.0;3.61;3.26;0.0;0.0;0;0.0;0;-10.08;0.0;0.0;0.01;0.4
2026;1;214;beauce_5_sa_026;BTH;;2.64;0.0;54.21;24.52;46.54;11.27;40.76;0.05;0.0;0;30.04;0;-240.61;0.01;0.05;0.0;2.64
2026;215;262;beauce_5_sa_026;solnu;;0.0;0.0;14.01;-16.03;0.0;40.76;38.74;0.0;0.0;0;0;0;-91.39;0.0;0.0;0.0;0.0
2026;263;365;beauce_5_sa_026;BTH;;0.68;0.0;15.15;-45.21;3.0;38.85;5.15;0.0;0.0;0;1.77;0;-22.67;0.0;0.0;0.0;0.68
2026;1;209;beauce_5_sa_027;BTH;;0.46;0.0;52.16;14.69;43.84;2.16;24.67;0.04;0.0;0;25.8;0;-183.14;0.0;0.04;0.0;0.46
2026;210;291;beauce_5_sa_027;solnu;;0.01;0.0;22.85;-47.19;0.0;24.67;1.13;0.0;0.0;0;0;0;-132.1;0.0;0.0;0.0;0.01
2026;292;365;beauce_5_sa_027;BTH;;0.12;0.0;8.7;-8.74;0.0;1.17;0.97;0.0;0.0;0;0.0;0;2.22;0.0;0.0;0.0;0.12
2026;1;224;beauce_5_sa_028;BTH;;1.88;0.41;62.67;24.21;77.9;8.78;46.51;0.07;0.01;0;45.84;0;-218.69;0.02;0.05;0.41;1.88
2026;225;270;beauce_5_sa_028;solnu;;0.0;0.0;14.33;-57.28;0.0;46.51;5.03;0.0;0.0;0;0;0;-70.33;0.0;0.0;0.0;0.0
2026;271;365;beauce_5_sa_028;BTH;;0.6;0.0;14.55;-14.55;0.0;5.05;4.43;0.0;0.0;0;0.0;0;37.84;0.0;0.0;0.0;0.6
2026;1;229;beauce_5_sa_029;BTH;;1.67;0.05;60.74;30.99;56.37;8.16;45.36;0.06;0.0;0;34.09;0;-256.33;0.0;0.06;0.05;1.67
2026;230;280;beauce_5_sa_029;solnu;;0.0;0.0;12.98;-54.31;0.0;45.36;4.3;0.0;0.0;0;0;0;-70.63;0.0;0.0;0.0;0.0
2026;281;365;beauce_5_sa_029;BTH;;0.54;0.1;11.53;-15.9;2.24;4.25;4.75;0.0;0.0;0;1.32;0;11.2;0.0;0.0;0.1;0.54
2026;1;184;beauce_5_sa_030;BTH;;0.48;0.0;35.1;7.73;41.23;2.22;1.81;0.03;0.0;0;24.26;0;-78.9;0.0;0.03;0.0;0.48
2026;185;299;beauce_5_sa_030;solnu;;0.1;0.0;37.98;-40.98;0.0;1.81;1.17;0.01;0.0;0;0;0;-205.49;0.0;0.01;0.0;0.1
2026;300;365;beauce_5_sa_030;BTH;;0.04;0.0;6.77;-6.85;0.0;1.1;1.06;0.0;0.0;0;0.0;0;3.54;0.0;0.0;0.0;0.04
2026;1;209;beauce_5_sa_031;BTH;;1.14;0.6;54.81;25.45;95.25;5.6;34.0;0.07;0.0;0;56.05;0;-136.13;0.02;0.05;0.6;1.14
2026;210;275;beauce_5_sa_031;solnu;;0.0;0.0;23.72;-58.11;0.0;34.0;3.21;0.0;0.0;0;0;0;-149.86;0.0;0.0;0.0;0.0
2026;276;365;beauce_5_sa_031;BTH;;0.12;0.0;13.11;-13.03;0.0;3.21;3.16;0.0;0.0;0;0.0;0;47.38;0.0;0.0;0.0;0.12
2026;1;172;beauce_5_sa_032;BTH;;18.92;1.75;34.57;47.9;139.89;119.95;41.83;0.09;0.0;0;107.66;0;-42.52;0.04;0.05;1.75;18.92
2026;173;271;beauce_5_sa_032;solnu;;0.0;0.0;37.39;0.34;0.0;41.83;210.66;0.04;0.0;0;0;0;-173.42;0.02;0.02;0.0;0.0
2026;272;365;beauce_5_sa_032;BTH;;0.22;0.0;15.01;-79.44;42.26;211.24;103.65;0.08;0.03;0;24.87;0;64.75;0.07;0.01;0.0;0.22
2026;1;208;beauce_5_sa_033;BTH;;2.8;0.0;50.46;18.22;76.06;37.36;27.16;0.06;0.0;0;44.76;0;-145.36;0.01;0.05;0.0;2.8
2026;209;304;beauce_5_sa_033;solnu;;0.45;0.0;27.63;-10.54;0.0;27.16;43.72;0.05;0.02;0;0;0;-180.87;0.04;0.01;0.0;0.45
2026;305;365;beauce_5_sa_033;BTH;;0.64;0.36;5.76;-32.24;0.0;43.86;19.64;0.0;0.0;0;0.0;0;-67.41;0.0;0.0;0.36;0.64
2026;1;209;beauce_5_sa_034;BTH;;1.55;0.0;53.01;22.91;46.0;6.73;35.15;0.05;0.0;0;27.07;0;-213.6;0.01;0.05;0.0;1.55
2026;210;264;beauce_5_sa_034;solnu;;0.0;0.0;16.48;-47.56;0.0;35.15;4.07;0.0;0.0;0;0;0;-103.89;0.0;0.0;0.0;0.0
2026;265;365;beauce_5_sa_034;BTH;;0.46;0.0;15.15;-15.46;0.0;3.86;3.43;0.0;0.0;0;0.0;0;-5.2;0.0;0.0;0.0;0.46
2026;1;173;beauce_5_sa_035;BTH;;1.15;0.0;32.35;8.66;40.65;5.46;3.32;0.02;0.0;0;23.92;0;-73.78;0.0;0.02;0.0;1.15
2026;174;296;beauce_5_sa_035;solnu;;0.23;0.0;40.53;-41.37;0.0;3.32;2.64;0.01;0.0;0;0;0;-194.35;0.0;0.01;0.0;0.23
2026;297;365;beauce_5_sa_035;BTH;;0.09;0.0;7.64;-7.71;0.0;2.56;2.47;0.0;0.0;0;0.0;0;0.43;0.0;0.0;0.0;0.09
2026;1;220;beauce_5_sa_036;BTH;;1.99;0.0;56.33;15.35;42.03;9.57;37.18;0.04;0.0;0;24.73;0;-220.24;0.0;0.04;0.0;1.99
2026;221;288;beauce_5_sa_036;solnu;;0.04;0.0;18.03;-16.08;0.0;37.18;39.08;0.01;0.0;0;0;0;-107.59;0.01;0.0;0.0;0.04
2026;289;365;beauce_5_sa_036;BTH;;0.83;0.0;9.58;-36.22;1.5;39.4;10.22;0.01;0.01;0;0.88;0;-22.14;0.01;0.0;0.0;0.83
2026;1;199;beauce_5_sa_037;BTH;;1.94;0.02;42.05;8.79;48.06;9.39;11.38;0.03;0.0;0;28.28;0;-141.75;0.0;0.03;0.02;1.94
2026;200;315;beauce_5_sa_037;solnu;;0.39;0.0;34.01;-6.63;0.0;11.38;38.3;0.05;0.02;0;0;0;-203.93;0.03;0.02;0.0;0.39
2026;316;365;beauce_5_sa_037;BTH;;0.42;0.0;4.38;-28.52;0.0;38.42;15.02;0.0;0.0;0;0.0;0;-33.33;0.0;0.0;0.0;0.42
2026;1;174;beauce_5_sa_038;BTH;;8.7;1.75;37.85;33.74;121.76;59.3;131.22;0.09;0.0;0;107.68;0;-103.9;0.05;0.04;1.75;8.7
2026;175;260;beauce_5_sa_038;solnu;;0.0;0.0;36.86;-103.24;0.0;131.22;64.76;0.07;0.0;0;0;0;-119.76;0.06;0.01;0.0;0.0
2026;261;365;beauce_5_sa_038;BTH;;1.58;0.0;18.03;26.9;58.6;64.88;49.46;0.04;0.01;0;34.48;0;95.14;0.01;0.03;0.0;1.58
2026;1;220;beauce_5_sa_039;BTH;;1.51;0.42;58.44;9.91;75.25;7.34;30.19;0.05;0.0;0;44.28;0;-98.48;0.01;0.04;0.42;1.51
2026;221;312;beauce_5_sa_039;solnu;;0.09;0.0;25.45;-55.02;0.0;30.19;2.92;0.01;0.0;0;0;0;-133.36;0.0;0.0;0.0;0.09
2026;313;365;beauce_5_sa_039;BTH;;0.09;0.0;5.16;-5.27;0.0;2.92;2.84;0.0;0.0;0;0.0;0;15.59;0.0;0.0;0.0;0.09
2026;1;209;beauce_5_sa_040;BTH;;2.11;0.12;50.6;14.69;56.89;10.37;25.64;0.04;0.0;0;33.48;0;-196.46;0.0;0.04;0.12;2.11
2026;210;312;beauce_5_sa_040;solnu;;0.47;0.0;26.72;-10.17;0.0;25.64;41.65;0.05;0.02;0;0;0;-161.84;0.04;0.01;0.0;0.47
2026;313;365;beauce_5_sa_040;BTH;;0.53;0.0;4.86;-30.84;0.0;42.0;17.27;0.0;0.0;0;0.0;0;-43.26;0.0;0.0;0.0;0.53
2026;1;170;beauce_5_sa_041;BTH;;21.78;2.26;35.97;41.69;156.45;152.71;217.05;0.19;0.0;0;130.42;0;-47.78;0.15;0.05;2.26;21.78
2026;171;258;beauce_5_sa_041;solnu;;0.0;0.0;37.32;-1.8;0.0;217.05;256.34;0.09;0.0;0;0;0;-172.79;0.07;0.02;0.0;0.0
2026;259;365;beauce_5_sa_041;BTH;;3.16;0.0;18.42;-71.62;65.49;256.51;134.38;0.08;0.03;0;38.54;0;96.36;0.06;0.01;0.0;3.16
2026;1;179;beauce_5_sa_042;BTH;;3.35;0.59;34.42;22.49;97.6;16.38;15.1;0.05;0.0;0;60.31;0;-33.58;0.01;0.03;0.59;3.35
2026;180;280;beauce_5_sa_042;solnu;;0.0;0.0;35.94;-1.03;0.0;15.1;50.03;0.02;0.0;0;0;0;-164.45;0.0;0.02;0.0;0.0
2026;281;365;beauce_5_sa_042;BTH;;0.34;0.06;12.02;-59.66;0.52;50.49;7.32;0.0;0.0;0;0.3;0;-7.49;0.0;0.0;0.06;0.34
2026;1;214;beauce_5_sa_043;BTH;;1.62;0.0;53.12;17.92;47.25;7.88;30.01;0.04;0.0;0;27.8;0;-221.43;0.0;0.04;0.0;1.62
2026;215;296;beauce_5_sa_043;solnu;;0.43;0.0;22.39;-13.96;0.0;30.01;37.95;0.04;0.02;0;0;0;-139.77;0.04;0.01;0.0;0.43
2026;297;365;beauce_5_sa_043;BTH;;0.61;0.0;7.31;-29.61;0.0;38.31;16.36;0.0;0.0;0;0.0;0;-41.54;0.0;0.0;0.0;0.61
2026;1;188;beauce_5_sa_044;BTH;;5.72;1.23;41.27;46.03;135.26;32.66;69.61;0.08;0.0;0;80.84;0;-51.04;0.03;0.05;1.23;5.72
2026;189;306;beauce_5_sa_044;solnu;;0.0;0.0;43.66;-100.73;0.0;69.61;12.65;0.02;0.0;0;0;0;-127.55;0.0;0.02;0.0;0.0
2026;307;365;beauce_5_sa_044;BTH;;0.15;0.0;6.53;5.75;2.53;12.66;22.24;0.01;0.0;0;1.49;0;49.98;0.0;0.01;0.0;0.15
2026;1;225;beauce_5_sa_045;BTH;;3.16;0.62;61.24;26.21;85.89;10.91;55.58;0.08;0.0;0;50.54;0;-160.46;0.03;0.06;0.62;3.16
2026;226;300;beauce_5_sa_045;solnu;;0.51;0.0;20.89;-70.02;0.0;55.58;6.53;0.0;0.0;0;0;0;-71.45;0.0;0.0;0.0;0.51
2026;301;365;beauce_5_sa_045;BTH;;0.23;0.0;6.75;-6.75;0.0;6.59;6.29;0.0;0.0;0;0.0;0;31.34;0.0;0.0;0.0;0.23
2026;1;220;beauce_5_sa_046;BTH;;3.34;0.36;57.12;28.99;77.92;16.0;47.83;0.06;0.0;0;48.45;0;-207.73;0.01;0.05;0.36;3.34
2026;221;280;beauce_5_sa_046;solnu;;0.0;0.0;16.67;-14.47;0.0;47.83;50.02;0.0;0.0;0;0;0;-98.6;0.0;0.0;0.0;0.0
2026;281;365;beauce_5_sa_046;BTH;;0.99;0.0;11.61;-54.02;0.0;50.34;7.07;0.0;0.0;0;0.0;0;-10.78;0.0;0.0;0.0;0.99
2026;1;229;beauce_5_sa_047;BTH;;2.42;0.0;59.51;21.07;46.35;11.71;43.44;0.05;0.0;0;27.28;0;-266.87;0.0;0.05;0.0;2.42
2026;230;290;beauce_5_sa_047;solnu;;0.03;0.0;15.34;-15.85;0.0;43.44;42.89;0.01;0.0;0;0;0;-90.87;0.01;0.0;0.0;0.03
2026;291;365;beauce_5_sa_047;BTH;;1.11;0.01;8.7;-37.1;0.0;43.1;14.78;0.02;0.02;0;0.0;0;-27.02;0.02;0.0;0.01;1.11
2026;1;183;beauce_5_sa_048;BTH;;3.02;0.15;35.34;17.5;67.93;26.44;18.63;0.04;0.0;0;40.47;0;-34.86;0.01;0.03;0.15;3.02
2026;184;298;beauce_5_sa_048;solnu;;0.44;0.0;39.67;-51.4;0.0;18.63;7.26;0.02;0.0;0;0;0;-171.34;0.0;0.01;0.0;0.44
2026;299;365;beauce_5_sa_048;BTH;;0.26;0.28;7.16;-10.27;1.29;7.22;23.62;0.01;0.0;0;0.76;0;19.8;0.0;0.0;0.28;0.26
2026;1;209;beauce_5_sa_049;BTH;;0.9;0.17;53.13;18.99;58.75;4.39;29.33;0.05;0.0;0;34.57;0;-167.06;0.0;0.04;0.17;0.9
2026;210;279;beauce_5_sa_049;solnu;;0.0;0.0;20.47;-49.42;0.0;29.33;2.23;0.0;0.0;0;0;0;-134.73;0.0;0.0;0.0;0.0
2026;280;365;beauce_5_sa_049;BTH;;0.28;0.0;11.95;-12.01;0.0;2.23;2.07;0.0;0.0;0;0.0;0;11.0;0.0;0.0;0.0;0.28
2026;1;198;beauce_5_sa_050;BTH;;0.71;0.37;43.93;18.21;76.1;3.6;16.9;0.05;0.0;0;44.78;0;-74.27;0.01;0.04;0.37;0.71
2026;199;277;beauce_5_sa_050;solnu;;0.0;0.0;29.93;-48.76;0.0;16.9;1.82;0.01;0.0;0;0;0;-205.77;0.0;0.01;0.0;0.0
2026;278;365;beauce_5_sa_050;BTH;;0.08;0.0;12.51;-12.59;0.0;1.82;1.82;0.0;0.0;0;0.0;0;29.01;0.0;0.0;0.0;0.08
2026;1;181;beauce_5_sa_051;BTH;;1.49;0.06;34.35;14.24;51.73;7.23;7.33;0.03;0.0;0;32.19;0;-108.55;0.0;0.03;0.06;1.49
2026;182;273;beauce_5_sa_051;solnu;;0.01;0.0;32.48;-9.18;0.0;7.33;30.59;0.02;0.0;0;0;0;-179.02;0.0;0.02;0.0;0.01
2026;274;365;beauce_5_sa_051;BTH;;0.38;0.0;12.95;-40.73;0.0;30.95;2.98;0.0;0.0;0;0.0;0;-30.64;0.0;0.0;0.0;0.38
2026;1;178;beauce_5_sa_052;BTH;;2.43;0.85;36.32;22.97;115.63;11.19;15.79;0.08;0.0;0;68.92;0;0.19;0.04;0.04;0.85;2.43
2026;179;259;beauce_5_sa_052;solnu;;0.0;0.0;32.73;-7.77;0.0;15.79;40.73;0.02;0.0;0;0;0;-140.81;0.01;0.02;0.0;0.0
2026;260;365;beauce_5_sa_052;BTH;;0.72;0.0;17.02;-52.35;1.37;41.43;5.8;0.0;0.0;0;0.81;0;-1.38;0.0;0.0;0.0;0.72
2026;1;209;beauce_5_sa_053;BTH;;8.26;1.27;58.01;51.61;140.86;56.29;111.74;0.11;0.0;0;84.2;0;-190.5;0.04;0.07;1.27;8.26
2026;210;305;beauce_5_sa_053;solnu;;0.32;0.0;31.08;-108.1;0.0;111.74;34.36;0.02;0.01;0;0;0;-75.53;0.02;0.01;0.0;0.32
2026;306;365;beauce_5_sa_053;BTH;;0.71;0.0;6.49;11.65;2.64;34.68;49.12;0.02;0.0;0;1.55;0;44.04;0.01;0.01;0.0;0.71
2026;1;172;beauce_5_sa_054;BTH;;1.13;0.06;32.31;10.11;46.58;5.41;4.24;0.03;0.0;0;27.41;0;-64.4;0.0;0.03;0.06;1.13
2026;173;300;beauce_5_sa_054;solnu;;0.23;0.0;42.06;-44.21;0.0;4.24;2.66;0.01;0.0;0;0;0;-199.05;0.0;0.01;0.0;0.23
2026;301;365;beauce_5_sa_054;BTH;;0.1;0.0;6.73;-6.73;0.0;2.72;2.56;0.0;0.0;0;0.0;0;5.85;0.0;0.0;0.0;0.1
2026;1;188;beauce_5_sa_055;BTH;;9.37;0.03;37.42;26.42;124.45;90.2;21.76;0.08;0.0;0;73.73;0;-29.41;0.04;0.04;0.03;9.37
2026;189;297;beauce_5_sa_055;solnu;;0.0;0.0;38.47;-0.29;0.0;21.76;60.07;0.06;0.02;0;0;0;-180.73;0.04;0.02;0.0;0.0
2026;298;365;beauce_5_sa_055;BTH;;1.19;1.02;7.45;-35.67;0.0;60.65;34.45;0.0;0.0;0;0.0;0;-87.7;0.0;0.0;1.02;1.19
2026;1;210;beauce_5_sa_056;BTH;;2.44;0.72;55.29;28.77;106.67;11.71;40.32;0.07;0.0;0;62.77;0;-120.69;0.02;0.05;0.72;2.44
2026;211;274;beauce_5_sa_056;solnu;;0.0;0.0;21.01;-53.86;0.0;40.32;7.47;0.01;0.0;0;0;0;-117.8;0.0;0.01;0.0;0.0
2026;275;365;beauce_5_sa_056;BTH;;0.63;0.0;13.36;-16.69;0.0;6.35;5.33;0.0;0.0;0;0.0;0;4.18;0.0;0.0;0.0;0.63
2026;1;207;beauce_5_sa_057;BTH;;3.35;0.56;48.79;36.16;90.43;15.7;48.84;0.08;0.0;0;54.1;0;-202.28;0.02;0.05;0.56;3.35
2026;208;283;beauce_5_sa_057;solnu;;0.0;0.0;23.42;-8.77;0.0;48.84;63.49;0.01;0.0;0;0;0;-131.46;0.0;0.01;0.0;0.0
2026;284;365;beauce_5_sa_057;BTH;;0.76;0.0;10.36;-58.67;3.0;63.74;11.41;0.01;0.0;0;1.77;0;-14.62;0.01;0.0;0.0;0.76
2026;1;211;beauce_5_sa_058;BTH;;3.5;0.31;51.3;29.14;63.17;16.93;53.88;0.06;0.0;0;37.17;0;-230.56;0.01;0.05;0.31;3.5
2026;212;307;beauce_5_sa_058;solnu;;0.67;0.0;25.7;-7.65;0.0;53.88;71.15;0.08;0.03;0;0;0;-145.06;0.06;0.01;0.0;0.67
2026;308;365;beauce_5_sa_058;BTH;;1.01;0.0;5.28;-44.35;0.0;71.29;31.07;0.0;0.0;0;0.0;0;-13.9;0.0;0.0;0.0;1.01
2026;1;225;beauce_5_sa_059;BTH;;7.07;1.06;65.36;51.55;116.5;40.97;113.45;0.13;0.0;0;84.96;0;-299.98;0.06;0.07;1.06;7.07
2026;226;276;beauce_5_sa_059;solnu;;0.0;0.0;16.15;-108.55;0.0;113.45;21.05;0.0;0.0;0;0;0;-51.11;0.0;0.0;0.0;0.0
2026;277;365;beauce_5_sa_059;BTH;;2.4;0.0;13.56;1.17;6.52;21.04;26.85;0.01;0.0;0;3.84;0;83.09;0.0;0.01;0.0;2.4
2026;1;228;beauce_5_sa_060;BTH;;1.83;0.06;61.02;20.44;44.97;8.31;47.06;0.06;0.0;0;26.46;0;-243.57;0.01;0.05;0.06;1.83
2026;229;271;beauce_5_sa_060;solnu;;0.0;0.0;10.89;-53.46;0.0;47.06;4.5;0.0;0.0;0;0;0;-61.26;0.0;0.0;0.0;0.0
2026;272;365;beauce_5_sa_060;BTH;;0.56;0.0;13.95;-13.88;0.0;4.59;4.01;0.0;0.0;0;0.0;0;19.12;0.0;0.0;0.0;0.56
2026;1;180;beauce_5_sa_061;BTH;;0.34;0.15;34.73;15.75;58.29;1.6;4.36;0.03;0.0;0;34.3;0;-68.4;0.0;0.03;0.15;0.34
2026;181;270;beauce_5_sa_061;solnu;;0.01;0.0;32.56;-38.76;0.0;4.36;0.86;0.01;0.0;0;0;0;-220.59;0.0;0.01;0.0;0.01
2026;271;365;beauce_5_sa_061;BTH;;0.1;0.0;13.85;-14.3;0.0;0.86;0.84;0.0;0.0;0;0.0;0;-0.05;0.0;0.0;0.0;0.1
2026;1;223;beauce_5_sa_062;BTH;;11.24;1.56;64.49;66.49;151.0;49.18;134.4;0.13;0.0;0;89.68;0;-130.12;0.05;0.08;1.56;11.24
2026;224;310;beauce_5_sa_062;solnu;;0.0;0.0;26.44;-101.23;0.0;134.4;59.51;0.08;0.03;0;0;0;-120.76;0.07;0.01;0.0;0.0
2026;311;365;beauce_5_sa_062;BTH;;1.5;0.0;5.84;-2.72;2.09;59.14;59.03;0.01;0.0;0;1.23;0;48.26;0.0;0.0;0.0;1.5
2026;1;204;beauce_5_sa_063;BTH;;3.29;0.69;46.88;33.74;108.36;10.65;31.56;0.08;0.0;0;63.76;0;-150.66;0.03;0.05;0.69;3.29
2026;205;303;beauce_5_sa_063;solnu;;0.13;0.0;29.69;-2.06;0.0;31.56;58.97;0.07;0.02;0;0;0;-161.01;0.05;0.02;0.0;0.13
2026;304;365;beauce_5_sa_063;BTH;;0.94;0.06;5.91;-41.44;0.0;59.28;28.93;0.0;0.0;0;0.0;0;-60.32;0.0;0.0;0.06;0.94
2026;1;225;beauce_5_sa_064;BTH;;1.98;0.23;58.9;19.67;64.84;8.9;37.54;0.05;0.0;0;38.16;0;-211.25;0.0;0.05;0.23;1.98
2026;226;293;beauce_5_sa_064;solnu;;0.01;0.0;17.89;-53.08;0.0;37.54;4.17;0.0;0.0;0;0;0;-104.41;0.0;0.0;0.0;0.01
2026;294;365;beauce_5_sa_064;BTH;;0.46;0.0;8.04;-8.11;0.0;3.82;3.76;0.0;0.0;0;0.0;0;7.15;0.0;0.0;0.0;0.46
2026;1;182;beauce_5_sa_065;BTH;;1.18;0.0;34.76;5.16;40.45;5.73;3.99;0.02;0.0;0;23.8;0;-79.92;0.0;0.02;0.0;1.18
2026;183;291;beauce_5_sa_065;solnu;;0.01;0.0;37.0;-38.05;0.0;3.99;2.92;0.02;0.0;0;0;0;-185.01;0.0;0.02;0.0;0.01
2026;292;365;beauce_5_sa_065;BTH;;0.28;0.0;8.87;-9.24;0.0;2.66;2.32;0.0;0.0;0;0.0;0;-8.62;0.0;0.0;0.0;0.28
2026;1;223;beauce_5_sa_066;BTH;;2.36;0.16;59.5;25.43;57.15;10.02;47.31;0.06;0.0;0;33.63;0;-239.2;0.01;0.05;0.16;2.36
2026;224;261;beauce_5_sa_066;solnu;;0.0;0.0;10.43;-51.95;0.0;47.31;5.8;0.0;0.0;0;0;0;-72.73;0.0;0.0;0.0;0.0
2026;262;365;beauce_5_sa_066;BTH;;0.66;0.0;16.26;-16.82;0.0;5.61;4.77;0.0;0.0;0;0.0;0;21.41;0.0;0.0;0.0;0.66
2026;1;227;beauce_5_sa_067;BTH;;2.69;0.31;62.73;35.24;75.34;12.96;56.27;0.08;0.0;0;45.92;0;-269.8;0.02;0.06;0.31;2.69
2026;228;263;beauce_5_sa_067;solnu;;0.0;0.0;10.47;-60.23;0.0;56.27;7.17;0.0;0.0;0;0;0;-41.86;0.0;0.0;0.0;0.0
2026;264;365;beauce_5_sa_067;BTH;;0.9;0.06;15.87;-17.4;2.01;7.16;7.36;0.0;0.0;0;1.18;0;33.79;0.0;0.0;0.06;0.9
2026;1;194;beauce_5_sa_068;BTH;;4.18;0.59;43.36;37.79;83.64;26.82;63.72;0.09;0.0;0;56.76;0;-162.15;0.04;0.05;0.59;4.18
2026;195;269;beauce_5_sa_068;solnu;;0.0;0.0;30.34;-77.18;0.0;63.72;16.87;0.01;0.0;0;0;0;-191.68;0.0;0.01;0.0;0.0
2026;270;365;beauce_5_sa_068;BTH;;1.53;0.0;15.02;-16.75;0.0;16.44;13.61;0.0;0.0;0;0.0;0;51.58;0.0;0.0;0.0;1.53
2026;1;197;beauce_5_sa_069;BTH;;0.96;0.0;42.61;19.02;46.54;4.35;18.43;0.04;0.0;0;27.39;0;-145.11;0.0;0.04;0.0;0.96
2026;198;269;beauce_5_sa_069;solnu;;0.0;0.0;26.09;-42.6;0.0;18.43;2.7;0.01;0.0;0;0;0;-165.77;0.0;0.01;0.0;0.0
2026;270;365;beauce_5_sa_069;BTH;;0.31;0.0;14.08;-14.09;0.0;2.66;2.44;0.0;0.0;0;0.0;0;-8.19;0.0;0.0;0.0;0.31
2026;1;202;beauce_5_sa_070;BTH;;8.42;0.04;47.78;25.13;114.96;84.86;37.83;0.09;0.0;0;67.86;0;-55.07;0.04;0.05;0.04;8.42
2026;203;296;beauce_5_sa_070;solnu;;0.36;0.0;30.74;-7.45;0.0;37.83;60.68;0.06;0.02;0;0;0;-185.23;0.04;0.02;0.0;0.36
2026;297;365;beauce_5_sa_070;BTH;;1.24;0.93;7.68;-37.74;0.0;61.12;33.51;0.0;0.0;0;0.0;0;-84.8;0.0;0.0;0.93;1.24
2026;1;182;beauce_5_sa_071;BTH;;3.94;0.84;34.48;1.63;96.65;19.14;16.29;0.05;0.0;0;56.87;0;14.21;0.03;0.02;0.84;3.94
2026;183;314;beauce_5_sa_071;solnu;;0.0;0.0;41.88;8.02;0.0;16.29;66.16;0.08;0.03;0;0;0;-142.75;0.05;0.03;0.0;0.0
2026;315;365;beauce_5_sa_071;BTH;;0.0;0.0;4.97;-43.86;0.0;66.46;28.81;0.0;0.0;0;0.0;0;-24.81;0.0;0.0;0.0;0.0
2026;1;193;beauce_5_sa_072;BTH;;1.13;0.14;39.44;8.5;56.2;5.48;6.62;0.03;0.0;0;33.07;0;-94.92;0.0;0.03;0.14;1.13
2026;194;298;beauce_5_sa_072;solnu;;0.17;0.0;36.06;-37.63;0.0;6.62;4.84;0.03;0.01;0;0;0;-184.09;0.01;0.02;0.0;0.17
2026;299;365;beauce_5_sa_072;BTH;;0.17;0.0;6.93;-8.1;0.0;4.81;4.69;0.0;0.0;0;0.0;0;-22.44;0.0;0.0;0.0;0.17
2026;1;186;beauce_5_sa_073;BTH;;0.19;0.33;37.4;13.79;71.09;0.84;5.28;0.04;0.0;0;41.83;0;-37.46;0.01;0.03;0.33;0.19
2026;187;279;beauce_5_sa_073;solnu;;0.0;0.0;33.93;-42.85;0.0;5.28;0.78;0.01;0.0;0;0;0;-226.85;0.0;0.01;0.0;0.0
2026;280;365;beauce_5_sa_073;BTH;;0.09;0.0;12.06;-12.27;0.0;0.78;0.78;0.0;0.0;0;0.0;0;21.32;0.0;0.0;0.0;0.09
2026;1;204;beauce_5_sa_074;BTH;;7.49;1.28;54.85;43.65;129.86;45.07;101.64;0.14;0.01;0;104.11;0;-210.77;0.08;0.06;1.28;7.49
2026;205;265;beauce_5_sa_074;solnu;;0.0;0.0;26.34;-103.3;0.0;101.64;24.67;0.0;0.0;0;0;0;-126.07;0.0;0.0;0.0;0.0
2026;266;365;beauce_5_sa_074;BTH;;1.4;0.0;16.9;4.64;10.11;24.67;34.7;0.02;0.0;0;5.95;0;113.02;0.0;0.01;0.0;1.4
2026;1;185;beauce_5_sa_075;BTH;;1.72;0.08;34.71;7.86;49.13;8.24;4.3;0.03;0.0;0;28.91;0;-102.37;0.0;0.03;0.08;1.72
2026;186;302;beauce_5_sa_075;solnu;;0.32;0.0;38.49;-3.9;0.0;4.3;38.57;0.06;0.02;0;0;0;-212.82;0.04;0.02;0.0;0.32
2026;303;365;beauce_5_sa_075;BTH;;0.51;0.0;6.03;-29.7;0.0;38.74;15.72;0.0;0.0;0;0.0;0;-40.33;0.0;0.0;0.0;0.51
2026;1;212;beauce_5_sa_076;BTH;;5.34;0.62;57.25;44.44;79.93;26.15;88.55;0.08;0.0;0;47.92;0;-174.71;0.02;0.06;0.62;5.34
2026;213;284;beauce_5_sa_076;solnu;;0.0;0.0;22.67;-59.16;0.0;88.55;52.06;0.01;0.0;0;0;0;-132.36;0.0;0.01;0.0;0.0
2026;285;365;beauce_5_sa_076;BTH;;1.92;0.02;11.37;-32.31;8.92;48.21;21.63;0.02;0.01;0;5.25;0;40.73;0.01;0.0;0.02;1.92
2026;1;222;beauce_5_sa_077;BTH;;1.22;0.0;58.45;22.14;45.77;5.54;39.07;0.05;0.0;0;26.93;0;-277.85;0.0;0.05;0.0;1.22
2026;223;269;beauce_5_sa_077;solnu;;0.0;0.0;12.38;-48.56;0.0;39.07;3.23;0.0;0.0;0;0;0;-65.77;0.0;0.0;0.0;0.0
2026;270;365;beauce_5_sa_077;BTH;;0.38;0.0;14.28;-14.38;0.0;3.1;2.75;0.0;0.0;0;0.0;0;14.4;0.0;0.0;0.0;0.38
2026;1;211;beauce_5_sa_078;BTH;;0.89;0.41;53.29;15.93;79.32;3.9;23.63;0.05;0.0;0;46.68;0;-112.92;0.0;0.04;0.41;0.89
2026;212;312;beauce_5_sa_078;solnu;;0.15;0.0;26.71;-51.36;0.0;23.63;1.94;0.0;0.0;0;0;0;-161.83;0.0;0.0;0.0;0.15
2026;313;365;beauce_5_sa_078;BTH;;0.06;0.0;5.03;-5.17;0.0;1.91;1.82;0.0;0.0;0;0.0;0;12.25;0.0;0.0;0.0;0.06
2026;1;228;beauce_5_sa_079;BTH;;1.49;0.0;60.47;18.37;44.86;7.07;39.5;0.05;0.0;0;26.4;0;-254.95;0.0;0.05;0.0;1.49
2026;229;277;beauce_5_sa_079;solnu;;0.0;0.0;12.43;-48.88;0.0;39.5;3.34;0.0;0.0;0;0;0;-65.33;0.0;0.0;0.0;0.0
2026;278;365;beauce_5_sa_079;BTH;;0.41;0.0;12.3;-12.34;0.0;3.37;2.89;0.0;0.0;0;0.0;0;18.57;0.0;0.0;0.0;0.41
2026;1;221;beauce_5_sa_080;BTH;;1.31;0.0;58.27;23.26;45.7;5.8;40.27;0.05;0.0;0;26.89;0;-275.42;0.01;0.05;0.0;1.31
2026;222;266;beauce_5_sa_080;solnu;;0.0;0.0;11.95;-48.85;0.0;40.27;3.46;0.0;0.0;0;0;0;-47.94;0.0;0.0;0.0;0.0
2026;267;365;beauce_5_sa_080;BTH;;0.42;0.0;14.85;-14.81;0.0;3.47;3.08;0.0;0.0;0;0.0;0;-3.38;0.0;0.0;0.0;0.42
2026;1;196;beauce_5_sa_081;BTH;;2.22;0.0;41.82;20.96;66.57;17.75;11.77;0.04;0.0;0;40.76;0;-66.61;0.0;0.04;0.0;2.22
2026;197;296;beauce_5_sa_081;solnu;;0.38;0.0;33.77;-45.16;0.0;11.77;4.26;0.01;0.0;0;0;0;-235.67;0.0;0.01;0.0;0.38
2026;297;365;beauce_5_sa_081;BTH;;0.15;0.29;7.56;-13.4;2.92;4.26;17.39;0.01;0.0;0;1.72;0;11.86;0.01;0.0;0.29;0.15
2026;1;227;beauce_5_sa_082;BTH;;2.78;0.02;58.55;25.44;49.2;13.29;46.43;0.05;0.0;0;29.83;0;-288.6;0.0;0.05;0.02;2.78
2026;228;279;beauce_5_sa_082;solnu;;0.0;0.0;12.89;-15.64;0.0;46.43;43.69;0.0;0.0;0;0;0;-80.05;0.0;0.0;0.0;0.0
2026;280;365;beauce_5_sa_082;BTH;;0.83;0.0;11.48;-46.81;1.5;43.87;6.02;0.0;0.0;0;0.88;0;-22.25;0.0;0.0;0.0;0.83
2026;1;210;beauce_5_sa_083;BTH;;2.12;0.0;53.17;18.14;43.36;9.58;35.36;0.05;0.0;0;26.4;0;-204.28;0.0;0.04;0.0;2.12
2026;211;274;beauce_5_sa_083;solnu;;0.0;0.0;17.85;-16.17;0.0;35.36;37.04;0.0;0.0;0;0;0;-113.13;0.0;0.0;0.0;0.0
2026;275;365;beauce_5_sa_083;BTH;;0.59;0.0;12.87;-43.47;1.5;37.27;4.35;0.0;0.0;0;0.88;0;-15.69;0.0;0.0;0.0;0.59
2026;1;176;beauce_5_sa_084;BTH;;0.93;0.0;33.69;16.43;47.62;4.52;6.07;0.03;0.0;0;28.02;0;-93.77;0.0;0.03;0.0;0.93
2026;177;266;beauce_5_sa_084;solnu;;0.04;0.0;32.73;-37.24;0.0;6.07;1.93;0.01;0.0;0;0;0;-203.1;0.0;0.01;0.0;0.04
2026;267;365;beauce_5_sa_084;BTH;;0.22;0.0;14.61;-15.38;0.0;1.93;1.8;0.0;0.0;0;0.0;0;-26.43;0.0;0.0;0.0;0.22
2026;1;215;beauce_5_sa_085;BTH;;9.77;0.97;57.62;31.07;184.41;84.55;52.26;0.12;0.0;0;109.01;0;-17.02;0.06;0.06;0.97;9.77
2026;216;297;beauce_5_sa_085;solnu;;0.0;0.0;27.91;-57.7;0.0;52.26;22.88;0.02;0.0;0;0;0;-95.73;0.01;0.01;0.0;0.0
2026;298;365;beauce_5_sa_085;BTH;;0.0;0.83;8.17;-18.51;2.53;22.88;72.1;0.01;0.0;0;1.49;0;49.65;0.01;0.0;0.83;0.0
2026;1;178;beauce_5_sa_086;BTH;;8.4;1.61;36.02;43.16;175.16;49.93;64.74;0.12;0.0;0;111.63;0;-17.03;0.07;0.05;1.61;8.4
2026;179;288;beauce_5_sa_086;solnu;;0.0;0.0;35.02;-80.38;0.0;64.74;19.45;0.02;0.0;0;0;0;-109.62;0.0;0.02;0.0;0.0
2026;289;365;beauce_5_sa_086;BTH;;0.0;0.0;11.5;-11.48;0.0;19.45;19.47;0.0;0.0;0;0.0;0;92.52;0.0;0.0;0.0;0.0
2026;1;207;beauce_5_sa_087;BTH;;3.66;0.47;52.54;28.76;79.52;17.99;51.57;0.07;0.0;0;49.43;0;-152.51;0.02;0.05;0.47;3.66
2026;208;271;beauce_5_sa_087;solnu;;0.0;0.0;22.04;-13.2;0.0;51.57;60.4;0.01;0.0;0;0;0;-132.13;0.0;0.01;0.0;0.0
2026;272;365;beauce_5_sa_087;BTH;;1.08;0.0;14.14;-61.64;3.0;60.88;8.83;0.0;0.0;0;1.77;0;10.64;0.0;0.0;0.0;1.08
2026;1;214;beauce_5_sa_088;BTH;;1.98;0.35;56.31;15.31;69.82;9.64;35.73;0.05;0.0;0;41.09;0;-134.87;0.0;0.04;0.35;1.98
2026;215;291;beauce_5_sa_088;solnu;;0.0;0.0;25.0;-56.96;0.0;35.73;4.14;0.01;0.0;0;0;0;-137.02;0.0;0.01;0.0;0.0
2026;292;365;beauce_5_sa_088;BTH;;0.13;0.0;8.93;-8.89;0.0;4.07;4.1;0.0;0.0;0;0.0;0;16.68;0.0;0.0;0.0;0.13
2026;1;181;beauce_5_sa_089;BTH;;3.86;1.15;34.99;10.96;120.65;10.71;17.88;0.08;0.0;0;71.0;0;71.87;0.05;0.03;1.15;3.86
2026;182;317;beauce_5_sa_089;solnu;;0.0;0.0;43.8;-48.54;0.0;17.88;17.1;0.02;0.0;0;0;0;-176.53;0.0;0.02;0.0;0.0
2026;318;365;beauce_5_sa_089;BTH;;0.0;0.0;4.76;-4.85;0.0;17.19;17.12;0.0;0.0;0;0.0;0;24.15;0.0;0.0;0.0;0.0
2026;1;211;beauce_5_sa_090;BTH;;1.35;0.0;52.58;27.44;51.5;6.12;33.22;0.05;0.0;0;30.3;0;-251.23;0.0;0.05;0.0;1.35
2026;212;268;beauce_5_sa_090;solnu;;0.0;0.0;15.79;-46.62;0.0;33.22;3.25;0.0;0.0;0;0;0;-100.04;0.0;0.0;0.0;0.0
2026;269;365;beauce_5_sa_090;BTH;;0.39;0.0;14.2;-14.11;0.0;3.25;2.95;0.0;0.0;0;0.0;0;-10.03;0.0;0.0;0.0;0.39
2026;1;196;beauce_5_sa_091;BTH;;4.09;0.23;42.96;30.36;60.18;18.08;44.65;0.07;0.0;0;39.83;0;-141.33;0.02;0.04;0.23;4.09
2026;197;264;beauce_5_sa_091;solnu;;0.0;0.0;26.26;-12.22;0.0;44.65;58.67;0.01;0.0;0;0;0;-172.77;0.0;0.01;0.0;0.0
2026;265;365;beauce_5_sa_091;BTH;;1.29;0.0;15.11;-56.62;6.0;58.84;9.87;0.0;0.0;0;3.53;0;-2.62;0.0;0.0;0.0;1.29
2026;1;186;beauce_5_sa_092;BTH;;1.8;0.08;36.7;14.59;64.59;15.92;7.02;0.04;0.0;0;38.08;0;-58.0;0.0;0.03;0.08;1.8
2026;187;286;beauce_5_sa_092;solnu;;0.0;0.0;35.14;-38.27;0.0;7.02;3.94;0.01;0.0;0;0;0;-199.08;0.0;0.01;0.0;0.0
2026;287;365;beauce_5_sa_092;BTH;;0.44;0.14;10.41;-12.52;0.0;3.94;3.53;0.0;0.0;0;0.0;0;-31.68;0.0;0.0;0.14;0.44
2026;1;208;beauce_5_sa_093;BTH;;1.2;0.0;50.81;25.52;50.06;5.45;30.45;0.05;0.0;0;29.46;0;-229.19;0.0;0.05;0.0;1.2
2026;209;268;beauce_5_sa_093;solnu;;0.0;0.0;17.44;-46.63;0.0;30.45;3.06;0.0;0.0;0;0;0;-122.27;0.0;0.0;0.0;0.0
2026;269;365;beauce_5_sa_093;BTH;;0.36;0.0;14.19;-14.16;0.0;3.08;2.73;0.0;0.0;0;0.0;0;-4.65;0.0;0.0;0.0;0.36
2026;1;205;beauce_5_sa_094;BTH;;0.79;0.0;49.59;7.01;42.58;3.84;17.03;0.03;0.0;0;25.06;0;-146.1;0.0;0.03;0.0;0.79
2026;206;315;beauce_5_sa_094;solnu;;0.23;0.0;29.77;-43.16;0.0;17.03;3.99;0.02;0.01;0;0;0;-174.2;0.01;0.01;0.0;0.23
2026;316;365;beauce_5_sa_094;BTH;;0.12;0.0;4.54;-4.58;0.0;3.99;3.88;0.0;0.0;0;0.0;0;-2.47;0.0;0.0;0.0;0.12
2026;1;220;beauce_5_sa_095;BTH;;1.18;0.09;56.89;19.43;51.31;5.7;36.1;0.05;0.0;0;30.19;0;-228.68;0.0;0.05;0.09;1.18
2026;221;280;beauce_5_sa_095;solnu;;0.0;0.0;16.33;-50.03;0.0;36.1;2.96;0.0;0.0;0;0;0;-95.6;0.0;0.0;0.0;0.0
2026;281;365;beauce_5_sa_095;BTH;;0.36;0.0;11.59;-11.63;0.0;3.01;2.56;0.0;0.0;0;0.0;0;21.31;0.0;0.0;0.0;0.36
2026;1;188;beauce_5_sa_096;BTH;;9.92;1.37;37.1;20.31;148.87;27.61;26.9;0.12;0.0;0;87.6;0;-29.26;0.07;0.04;1.37;9.92
2026;189;304;beauce_5_sa_096;solnu;;0.0;0.0;39.38;3.7;0.0;26.9;70.16;0.07;0.02;0;0;0;-177.69;0.04;0.03;0.0;0.0
2026;305;365;beauce_5_sa_096;BTH;;0.07;0.0;6.08;-37.6;0.0;70.33;42.26;0.0;0.0;0;0.0;0;-72.34;0.0;0.0;0.0;0.07
2026;1;211;beauce_5_sa_097;BTH;;0.79;0.0;53.0;20.86;49.49;4.12;27.72;0.05;0.0;0;29.19;0;-223.35;0.0;0.04;0.0;0.79
2026;212;281;beauce_5_sa_097;solnu;;0.0;0.0;19.33;-47.15;0.0;27.72;1.87;0.0;0.0;0;0;0;-118.29;0.0;0.0;0.0;0.0
2026;282;365;beauce_5_sa_097;BTH;;0.22;0.02;11.2;-12.48;0.14;1.88;2.0;0.0;0.0;0;0.08;0;4.89;0.0;0.0;0.02;0.22
2026;1;183;beauce_5_sa_098;BTH;;1.41;0.0;34.61;11.49;44.92;6.76;6.5;0.03;0.0;0;27.31;0;-110.53;0.0;0.03;0.0;1.41
2026;184;278;beauce_5_sa_098;solnu;;0.01;0.0;32.96;-9.67;0.0;6.5;29.77;0.02;0.0;0;0;0;-180.19;0.0;0.02;0.0;0.01
2026;279;365;beauce_5_sa_098;BTH;;0.37;0.0;11.87;-37.11;1.5;30.04;2.89;0.0;0.0;0;0.88;0;-28.22;0.0;0.0;0.0;0.37
2026;1;174;beauce_5_sa_099;BTH;;12.28;1.37;34.65;47.32;113.72;74.25;29.97;0.07;0.0;0;96.68;0;-87.91;0.02;0.05;1.37;12.28
2026;175;266;beauce_5_sa_099;solnu;;0.0;0.0;35.11;-1.48;0.0;29.97;166.36;0.06;0.0;0;0;0;-183.33;0.04;0.02;0.0;0.0
2026;267;365;beauce_5_sa_099;BTH;;1.47;0.0;15.57;-79.24;49.37;166.49;51.82;0.03;0.01;0;29.05;0;52.17;0.02;0.01;0.0;1.47
2027;1;200;beauce_5_sa_000;BTH;;3.01;0.0;37.82;8.4;47.09;15.59;11.69;0.03;0.0;0;27.71;0;-149.65;0.0;0.03;0.0;3.01
2027;201;317;beauce_5_sa_000;solnu;;1.7;0.0;39.37;-2.11;0.0;11.69;47.14;0.09;0.01;0;0;0;-225.95;0.07;0.02;0.0;1.7
2027;318;365;beauce_5_sa_000;BTH;;2.42;0.01;4.8;-31.48;0.0;47.31;19.7;0.0;0.0;0;0.0;0;-30.45;0.0;0.0;0.01;2.42
2027;1;209;beauce_5_sa_001;BTH;;0.7;0.24;48.6;24.21;58.86;3.5;34.64;0.05;0.0;0;34.64;0;-145.36;0.01;0.04;0.24;0.7
2027;210;261;beauce_5_sa_001;solnu;;0.0;0.0;28.19;-60.99;0.0;34.64;2.08;0.01;0.0;0;0;0;-133.42;0.01;0.0;0.0;0.0
2027;262;365;beauce_5_sa_001;BTH;;0.51;0.0;17.38;-7.66;5.93;2.0;5.35;0.01;0.0;0;3.49;0;45.36;0.0;0.01;0.0;0.51
2027;1;206;beauce_5_sa_002;BTH;;2.66;0.13;45.73;45.95;81.6;33.07;50.19;0.09;0.0;0;52.01;0;-136.1;0.03;0.06;0.13;2.66
2027;207;261;beauce_5_sa_002;solnu;;0.0;0.0;28.02;-10.4;0.0;50.19;67.77;0.03;0.0;0;0;0;-179.28;0.02;0.01;0.0;0.0
2027;262;365;beauce_5_sa_002;BTH;;3.99;0.38;16.49;-65.68;7.17;67.97;36.27;0.06;0.0;0;4.22;0;4.32;0.05;0.0;0.38;3.99
2027;1;197;beauce_5_sa_003;BTH;;0.4;0.17;39.17;10.77;54.93;1.79;9.0;0.03;0.0;0;32.32;0;-77.16;0.0;0.03;0.17;0.4
2027;198;295;beauce_5_sa_003;solnu;;0.69;0.0;39.94;-43.54;0.0;9.0;6.17;0.04;0.0;0;0;0;-216.01;0.02;0.02;0.0;0.69
2027;296;365;beauce_5_sa_003;BTH;;0.77;0.0;8.64;-8.69;0.0;6.17;5.4;0.0;0.0;0;0.0;0;5.31;0.0;0.0;0.0;0.77
2027;1;184;beauce_5_sa_004;BTH;;3.98;1.18;37.87;41.22;136.38;31.1;98.67;0.14;0.0;0;86.48;0;-17.26;0.09;0.05;1.18;3.98
2027;185;258;beauce_5_sa_004;solnu;;0.0;0.0;49.77;-89.81;0.0;98.67;58.58;0.05;0.0;0;0;0;-71.77;0.02;0.03;0.0;0.0
2027;259;365;beauce_5_sa_004;BTH;;6.58;0.55;21.28;30.59;64.09;59.38;80.5;0.12;0.01;0;37.71;0;31.53;0.09;0.03;0.55;6.58
2027;1;190;beauce_5_sa_005;BTH;;0.52;0.13;33.73;15.25;53.99;2.72;7.21;0.03;0.0;0;31.77;0;-76.48;0.0;0.03;0.13;0.52
2027;191;283;beauce_5_sa_005;solnu;;0.15;0.0;41.31;-37.81;0.0;7.21;10.51;0.05;0.0;0;0;0;-228.78;0.03;0.02;0.0;0.15
2027;284;365;beauce_5_sa_005;BTH;;1.71;0.0;11.55;-13.46;0.0;9.82;6.96;0.0;0.0;0;0.0;0;-14.51;0.0;0.0;0.0;1.71
2027;1;187;beauce_5_sa_006;BTH;;0.66;0.0;32.33;16.87;41.51;3.29;10.29;0.03;0.0;0;24.43;0;-79.11;0.0;0.03;0.0;0.66
2027;188;269;beauce_5_sa_006;solnu;;0.19;0.0;40.13;-23.33;0.0;10.29;26.85;0.05;0.0;0;0;0;-248.8;0.03;0.02;0.0;0.19
2027;270;365;beauce_5_sa_006;BTH;;1.95;0.0;15.07;-32.14;0.0;23.4;7.83;0.0;0.0;0;0.0;0;-28.16;0.0;0.0;0.0;1.95
2027;1;198;beauce_5_sa_007;BTH;;0.92;0.07;39.48;24.33;47.63;4.59;25.14;0.04;0.0;0;28.03;0;-124.27;0.0;0.04;0.07;0.92
2027;199;267;beauce_5_sa_007;solnu;;0.21;0.0;32.41;-8.57;0.0;25.14;48.72;0.05;0.0;0;0;0;-204.06;0.03;0.02;0.0;0.21
2027;268;365;beauce_5_sa_007;BTH;;2.57;0.0;15.17;-49.66;1.5;49.11;10.16;0.01;0.0;0;0.88;0;-36.3;0.01;0.0;0.0;2.57
2027;1;208;beauce_5_sa_008;BTH;;0.88;0.0;44.7;21.97;40.47;4.43;29.71;0.04;0.0;0;24.69;0;-152.23;0.0;0.04;0.0;0.88
2027;209;269;beauce_5_sa_008;solnu;;0.24;0.0;28.22;-12.56;0.0;29.71;45.08;0.04;0.0;0;0;0;-175.67;0.03;0.01;0.0;0.24
2027;270;365;beauce_5_sa_008;BTH;;2.29;0.0;14.85;-45.39;3.0;45.38;9.25;0.0;0.0;0;1.77;0;-26.92;0.0;0.0;0.0;2.29
2027;1;183;beauce_5_sa_009;BTH;;11.31;1.94;34.49;46.51;181.14;92.45;124.81;0.12;0.0;0;108.37;0;42.41;0.07;0.05;1.94;11.31
2027;184;302;beauce_5_sa_009;solnu;;0.0;0.0;45.41;-85.32;0.0;124.81;85.04;0.13;0.01;0;0;0;-112.44;0.11;0.03;0.0;0.0
2027;303;365;beauce_5_sa_009;BTH;;9.03;0.02;8.85;6.72;4.45;84.66;88.57;0.04;0.0;0;2.62;0;75.3;0.03;0.01;0.02;9.03
2027;1;217;beauce_5_sa_010;BTH;;6.34;1.22;58.53;52.99;103.41;46.25;139.4;0.2;0.0;0;80.25;0;-174.12;0.13;0.07;1.22;6.34
2027;218;260;beauce_5_sa_010;solnu;;0.0;0.0;23.97;-50.56;0.0;139.4;112.79;0.02;0.0;0;0;0;-164.05;0.01;0.01;0.0;0.0
2027;261;365;beauce_5_sa_010;BTH;;10.18;0.0;18.67;-41.92;32.41;106.95;46.87;0.07;0.01;0;19.07;0;105.55;0.05;0.02;0.0;10.18
2027;1;175;beauce_5_sa_011;BTH;;0.52;0.0;28.6;10.51;37.92;2.64;1.89;0.02;0.0;0;22.31;0;-63.12;0.0;0.02;0.0;0.52
2027;176;281;beauce_5_sa_011;solnu;;0.14;0.0;46.09;-19.96;0.0;1.89;27.85;0.05;0.0;0;0;0;-253.88;0.03;0.03;0.0;0.14
2027;282;365;beauce_5_sa_011;BTH;;1.76;0.0;12.16;-30.88;0.0;24.78;7.36;0.0;0.0;0;0.0;0;-20.55;0.0;0.0;0.0;1.76
2027;1;208;beauce_5_sa_012;BTH;;11.21;1.46;46.03;21.37;140.3;57.1;81.97;0.06;0.0;0;82.56;0;62.83;0.02;0.04;1.46;11.21
2027;209;310;beauce_5_sa_012;solnu;;1.09;0.0;40.73;-57.2;0.0;81.97;64.58;0.15;0.01;0;0;0;-128.26;0.12;0.02;0.0;1.09
2027;311;365;beauce_5_sa_012;BTH;;7.17;0.0;6.9;-7.24;0.0;64.58;57.51;0.0;0.0;0;0.0;0;32.89;0.0;0.0;0.0;7.17
2027;1;186;beauce_5_sa_013;BTH;;0.46;0.0;32.23;18.29;40.26;2.28;12.05;0.03;0.0;0;23.69;0;-87.24;0.0;0.03;0.0;0.46
2027;187;260;beauce_5_sa_013;solnu;;0.0;0.0;39.5;-50.63;0.0;12.05;0.93;0.01;0.0;0;0;0;-206.42;0.0;0.01;0.0;0.0
2027;261;365;beauce_5_sa_013;BTH;;0.26;0.0;17.19;-1.96;9.73;0.93;6.16;0.01;0.0;0;5.72;0;-13.65;0.0;0.01;0.0;0.26
2027;1;226;beauce_5_sa_014;BTH;;4.18;1.38;60.1;33.58;148.17;16.0;60.52;0.13;0.0;0;87.19;0;-16.92;0.07;0.06;1.38;4.18
2027;227;286;beauce_5_sa_014;solnu;;0.2;0.0;25.42;-61.29;0.0;60.52;26.39;0.04;0.0;0;0;0;-131.87;0.04;0.01;0.0;0.2
2027;287;365;beauce_5_sa_014;BTH;;5.07;0.0;11.94;-12.47;0.0;25.4;21.4;0.0;0.0;0;0.0;0;61.33;0.0;0.0;0.0;5.07
2027;1;197;beauce_5_sa_015;BTH;;0.46;0.0;38.92;21.16;50.27;2.29;11.61;0.04;0.0;0;30.51;0;-84.71;0.0;0.04;0.0;0.46
2027;198;289;beauce_5_sa_015;solnu;;0.75;0.0;38.08;-42.87;0.0;11.61;6.64;0.04;0.0;0;0;0;-235.0;0.02;0.02;0.0;0.75
2027;290;365;beauce_5_sa_015;BTH;;0.86;0.09;10.21;-14.51;1.69;6.63;7.1;0.0;0.0;0;1.0;0;-4.01;0.0;0.0;0.09;0.86
2027;1;186;beauce_5_sa_016;BTH;;0.64;0.0;31.18;19.23;47.88;3.26;6.99;0.03;0.0;0;29.05;0;-104.07;0.0;0.03;0.0;0.64
2027;187;276;beauce_5_sa_016;solnu;;0.16;0.0;40.74;-4.17;0.0;6.99;43.34;0.05;0.0;0;0;0;-243.61;0.03;0.02;0.0;0.16
2027;277;365;beauce_5_sa_016;BTH;;2.03;0.03;12.96;-44.9;1.63;43.89;9.63;0.01;0.0;0;0.96;0;-37.73;0.01;0.0;0.03;2.03
2027;1;207;beauce_5_sa_017;BTH;;1.6;0.13;43.28;19.32;80.48;23.84;14.06;0.05;0.0;0;47.92;0;-43.1;0.01;0.04;0.13;1.6
2027;208;316;beauce_5_sa_017;solnu;;0.9;0.0;38.56;-46.03;0.0;14.06;8.23;0.04;0.0;0;0;0;-228.69;0.02;0.02;0.0;0.9
2027;317;365;beauce_5_sa_017;BTH;;1.21;0.32;5.22;-13.32;1.79;8.23;21.83;0.02;0.0;0;1.06;0;5.67;0.02;0.0;0.32;1.21
2027;1;199;beauce_5_sa_018;BTH;;0.35;0.0;40.37;16.13;40.66;1.8;17.26;0.03;0.0;0;23.92;0;-114.03;0.0;0.03;0.0;0.35
2027;200;277;beauce_5_sa_018;solnu;;0.06;0.0;35.02;-50.19;0.0;17.26;2.02;0.02;0.0;0;0;0;-201.56;0.0;0.01;0.0;0.06
2027;278;365;beauce_5_sa_018;BTH;;0.4;0.0;12.99;-12.72;0.0;2.11;1.88;0.0;0.0;0;0.0;0;-7.22;0.0;0.0;0.0;0.4
2027;1;198;beauce_5_sa_019;BTH;;0.94;0.0;39.15;7.03;45.02;4.87;5.06;0.03;0.0;0;26.49;0;-109.99;0.0;0.03;0.0;0.94
2027;199;317;beauce_5_sa_019;solnu;;1.04;0.0;41.69;-34.19;0.0;5.06;13.53;0.06;0.01;0;0;0;-247.12;0.05;0.02;0.0;1.04
2027;318;365;beauce_5_sa_019;BTH;;1.5;0.0;5.03;-5.4;0.0;13.61;12.04;0.0;0.0;0;0.0;0;-12.46;0.0;0.0;0.0;1.5
2027;1;214;beauce_5_sa_020;BTH;;2.13;0.12;46.36;6.31;49.5;11.05;21.04;0.03;0.0;0;29.13;0;-99.82;0.0;0.03;0.12;2.13
2027;215;312;beauce_5_sa_020;solnu;;1.54;0.0;35.16;-36.4;0.0;21.04;18.97;0.07;0.01;0;0;0;-202.87;0.06;0.02;0.0;1.54
2027;313;365;beauce_5_sa_020;BTH;;2.11;0.0;5.68;-6.66;0.0;18.97;16.89;0.0;0.0;0;0.0;0;-19.29;0.0;0.0;0.0;2.11
2027;1;222;beauce_5_sa_021;BTH;;1.12;0.17;54.32;28.82;54.92;5.73;45.71;0.05;0.0;0;32.32;0;-184.56;0.0;0.05;0.17;1.12
2027;223;279;beauce_5_sa_021;solnu;;0.26;0.0;23.72;-56.86;0.0;45.71;12.27;0.04;0.0;0;0;0;-133.69;0.03;0.01;0.0;0.26
2027;280;365;beauce_5_sa_021;BTH;;2.43;0.0;12.71;-12.64;0.0;12.28;9.91;0.0;0.0;0;0.0;0;14.62;0.0;0.0;0.0;2.43
2027;1;193;beauce_5_sa_022;BTH;;4.35;0.87;39.25;43.94;82.3;31.32;92.73;0.07;0.0;0;52.9;0;-67.16;0.02;0.05;0.87;4.35
2027;194;266;beauce_5_sa_022;solnu;;0.35;0.0;42.39;-88.48;0.0;92.73;46.23;0.06;0.0;0;0;0;-157.6;0.04;0.02;0.0;0.35
2027;267;365;beauce_5_sa_022;BTH;;5.37;0.0;17.47;27.1;51.49;47.02;33.86;0.07;0.01;0;30.3;0;22.24;0.04;0.03;0.0;5.37
2027;1;181;beauce_5_sa_023;BTH;;0.52;0.02;30.16;8.52;40.01;2.58;2.09;0.02;0.0;0;23.55;0;-57.89;0.0;0.02;0.02;0.52
2027;182;298;beauce_5_sa_023;solnu;;0.76;0.0;46.92;-39.36;0.0;2.09;8.83;0.06;0.0;0;0;0;-242.34;0.03;0.02;0.0;0.76
2027;299;365;beauce_5_sa_023;BTH;;1.1;0.0;8.04;-8.07;0.0;8.83;7.7;0.0;0.0;0;0.0;0;-6.73;0.0;0.0;0.0;1.1
2027;1;207;beauce_5_sa_024;BTH;;0.55;0.0;44.76;19.79;38.63;2.81;28.14;0.04;0.0;0;22.73;0;-144.06;0.0;0.04;0.0;0.55
2027;208;271;beauce_5_sa_024;solnu;;0.14;0.0;29.38;-50.78;0.0;28.14;6.58;0.03;0.0;0;0;0;-179.19;0.02;0.01;0.0;0.14
2027;272;365;beauce_5_sa_024;BTH;;1.14;0.0;14.55;-13.23;0.63;6.38;6.14;0.0;0.0;0;0.37;0;-9.98;0.0;0.0;0.0;1.14
2027;1;179;beauce_5_sa_025;BTH;;0.64;0.54;31.7;12.21;74.25;3.26;13.47;0.05;0.0;0;43.69;0;26.97;0.02;0.03;0.54;0.64
2027;180;271;beauce_5_sa_025;solnu;;0.13;0.0;45.99;-53.4;0.0;13.47;5.88;0.04;0.0;0;0;0;-196.25;0.01;0.03;0.0;0.13
2027;272;365;beauce_5_sa_025;BTH;;1.18;0.01;15.78;-15.72;0.0;6.09;4.77;0.0;0.0;0;0.0;0;33.08;0.0;0.0;0.01;1.18
2027;1;214;beauce_5_sa_026;BTH;;1.04;0.0;47.73;22.88;37.15;5.15;37.53;0.05;0.0;0;23.63;0;-165.9;0.0;0.04;0.0;1.04
2027;215;262;beauce_5_sa_026;solnu;;0.0;0.0;23.7;-14.85;0.0;37.53;46.37;0.01;0.0;0;0;0;-164.78;0.0;0.01;0.0;0.0
2027;263;365;beauce_5_sa_026;BTH;;2.32;0.0;16.47;-47.69;4.5;46.64;8.3;0.03;0.0;0;2.65;0;-8.71;0.03;0.0;0.0;2.32
2027;1;209;beauce_5_sa_027;BTH;;0.2;0.0;44.52;16.35;43.88;0.97;17.74;0.04;0.0;0;25.82;0;-145.75;0.0;0.04;0.0;0.2
2027;210;291;beauce_5_sa_027;solnu;;0.09;0.0;33.1;-49.97;0.0;17.74;0.93;0.01;0.0;0;0;0;-194.21;0.0;0.01;0.0;0.09
2027;292;365;beauce_5_sa_027;BTH;;0.1;0.0;9.59;-9.62;0.0;0.79;0.8;0.0;0.0;0;0.0;0;16.35;0.0;0.0;0.0;0.1
2027;1;224;beauce_5_sa_028;BTH;;1.09;0.41;57.04;25.96;72.65;4.43;44.28;0.09;0.0;0;42.75;0;-172.95;0.04;0.05;0.41;1.09
2027;225;270;beauce_5_sa_028;solnu;;0.15;0.0;21.1;-61.62;0.0;44.28;3.0;0.0;0.0;0;0;0;-91.98;0.0;0.0;0.0;0.15
2027;271;365;beauce_5_sa_028;BTH;;0.59;0.0;15.27;-13.59;0.15;3.09;3.94;0.0;0.0;0;0.09;0;60.48;0.0;0.0;0.0;0.59
2027;1;229;beauce_5_sa_029;BTH;;0.82;0.05;56.43;33.18;56.46;4.75;40.57;0.06;0.0;0;34.54;0;-222.7;0.01;0.05;0.05;0.82
2027;230;280;beauce_5_sa_029;solnu;;0.14;0.0;19.52;-55.67;0.0;40.57;5.18;0.01;0.0;0;0;0;-123.25;0.01;0.0;0.0;0.14
2027;281;365;beauce_5_sa_029;BTH;;1.1;0.1;11.97;-14.7;2.32;5.18;6.68;0.0;0.0;0;1.37;0;13.99;0.0;0.0;0.1;1.1
2027;1;184;beauce_5_sa_030;BTH;;0.24;0.0;30.98;9.18;39.02;1.06;1.94;0.02;0.0;0;22.96;0;-67.17;0.0;0.02;0.0;0.24
2027;185;299;beauce_5_sa_030;solnu;;0.1;0.0;45.88;-46.91;0.0;1.94;0.89;0.02;0.0;0;0;0;-233.39;0.0;0.02;0.0;0.1
2027;300;365;beauce_5_sa_030;BTH;;0.11;0.0;7.83;-7.76;0.0;0.9;0.85;0.0;0.0;0;0.0;0;14.61;0.0;0.0;0.0;0.11
2027;1;209;beauce_5_sa_031;BTH;;0.62;0.6;47.25;25.93;90.69;3.16;29.57;0.06;0.0;0;53.37;0;-81.25;0.02;0.04;0.6;0.62
2027;210;275;beauce_5_sa_031;solnu;;0.01;0.0;31.64;-60.66;0.0;29.57;2.3;0.01;0.0;0;0;0;-143.51;0.01;0.0;0.0;0.01
2027;276;365;beauce_5_sa_031;BTH;;0.43;0.0;13.91;-11.84;0.46;2.11;3.47;0.0;0.0;0;0.27;0;52.63;0.0;0.0;0.0;0.43
2027;1;172;beauce_5_sa_032;BTH;;13.8;1.75;30.34;46.27;130.03;103.65;35.04;0.1;0.0;0;101.39;0;3.52;0.05;0.05;1.75;13.8
2027;173;271;beauce_5_sa_032;solnu;;0.0;0.0;44.21;7.05;0.0;35.04;217.6;0.09;0.0;0;0;0;-187.87;0.06;0.03;0.0;0.0
2027;272;365;beauce_5_sa_032;BTH;;15.25;0.0;16.58;-78.32;44.5;217.93;95.97;0.12;0.01;0;26.19;0;63.81;0.11;0.01;0.0;15.25
2027;1;208;beauce_5_sa_033;BTH;;4.32;0.0;42.33;13.68;74.28;19.64;24.02;0.06;0.0;0;43.71;0;-115.28;0.01;0.04;0.0;4.32
2027;209;304;beauce_5_sa_033;solnu;;1.93;0.0;35.26;-6.15;0.0;24.02;51.11;0.09;0.01;0;0;0;-204.3;0.07;0.02;0.0;1.93
2027;305;365;beauce_5_sa_033;BTH;;3.11;0.36;6.56;-35.46;0.0;51.3;23.19;0.0;0.0;0;0.0;0;-76.73;0.0;0.0;0.36;3.11
2027;1;209;beauce_5_sa_034;BTH;;0.69;0.0;46.15;21.79;39.23;3.43;31.41;0.04;0.0;0;23.08;0;-162.61;0.0;0.04;0.0;0.69
2027;210;264;beauce_5_sa_034;solnu;;0.0;0.0;27.12;-56.29;0.0;31.41;2.23;0.01;0.0;0;0;0;-164.56;0.0;0.01;0.0;0.0
2027;265;365;beauce_5_sa_034;BTH;;0.39;0.0;16.48;-8.9;4.58;1.98;4.83;0.01;0.0;0;2.7;0;-5.52;0.0;0.01;0.0;0.39
2027;1;173;beauce_5_sa_035;BTH;;0.5;0.0;27.94;11.07;38.51;2.47;2.45;0.02;0.0;0;22.66;0;-61.3;0.0;0.02;0.0;0.5
2027;174;296;beauce_5_sa_035;solnu;;0.51;0.0;49.0;-46.4;0.0;2.45;4.51;0.03;0.0;0;0;0;-242.19;0.01;0.02;0.0;0.51
2027;297;365;beauce_5_sa_035;BTH;;0.57;0.0;8.45;-8.4;0.0;4.51;4.0;0.0;0.0;0;0.0;0;-4.56;0.0;0.0;0.0;0.57
2027;1;220;beauce_5_sa_036;BTH;;2.01;0.0;50.95;17.27;41.29;10.22;35.11;0.04;0.0;0;25.18;0;-182.45;0.0;0.04;0.0;2.01
2027;221;288;beauce_5_sa_036;solnu;;1.64;0.0;25.8;-13.93;0.0;35.11;45.27;0.08;0.01;0;0;0;-168.51;0.07;0.01;0.0;1.64
2027;289;365;beauce_5_sa_036;BTH;;2.85;0.0;10.1;-33.07;0.0;45.42;20.0;0.0;0.0;0;0.0;0;-35.21;0.0;0.0;0.0;2.85
2027;1;199;beauce_5_sa_037;BTH;;2.91;0.02;37.85;6.86;45.93;15.02;12.09;0.03;0.0;0;27.03;0;-140.04;0.0;0.03;0.02;2.91
2027;200;315;beauce_5_sa_037;solnu;;1.68;0.0;39.58;-3.36;0.0;12.09;46.53;0.09;0.01;0;0;0;-223.44;0.07;0.02;0.0;1.68
2027;316;365;beauce_5_sa_037;BTH;;2.4;0.0;5.1;-30.83;0.0;46.8;19.3;0.0;0.0;0;0.0;0;-33.23;0.0;0.0;0.0;2.4
2027;1;174;beauce_5_sa_038;BTH;;6.97;1.75;33.1;33.74;112.73;49.46;127.55;0.09;0.0;0;100.82;0;-42.03;0.05;0.04;1.75;6.97
2027;175;260;beauce_5_sa_038;solnu;;0.0;0.0;51.32;-85.69;0.0;127.55;93.15;0.03;0.0;0;0;0;-54.21;0.0;0.03;0.0;0.0
2027;261;365;beauce_5_sa_038;BTH;;10.69;0.0;20.67;28.63;61.15;93.91;70.43;0.17;0.01;0;35.98;0;31.27;0.14;0.03;0.0;10.69
2027;1;220;beauce_5_sa_039;BTH;;0.55;0.42;50.14;14.59;74.13;2.84;24.23;0.04;0.0;0;43.62;0;-51.17;0.0;0.04;0.42;0.55
2027;221;312;beauce_5_sa_039;solnu;;0.59;0.0;31.92;-51.05;0.0;24.23;7.76;0.04;0.0;0;0;0;-185.31;0.03;0.01;0.0;0.59
2027;313;365;beauce_5_sa_039;BTH;;0.84;0.0;5.81;-6.06;0.0;7.59;6.85;0.0;0.0;0;0.0;0;14.33;0.0;0.0;0.0;0.84
2027;1;209;beauce_5_sa_040;BTH;;3.32;0.12;42.03;12.11;55.89;17.27;20.97;0.03;0.0;0;32.89;0;-154.91;0.0;0.03;0.12;3.32
2027;210;312;beauce_5_sa_040;solnu;;1.9;0.0;35.25;-4.93;0.0;20.97;49.28;0.09;0.01;0;0;0;-194.25;0.07;0.02;0.0;1.9
2027;313;365;beauce_5_sa_040;BTH;;2.66;0.0;5.39;-32.08;0.0;49.42;21.36;0.0;0.0;0;0.0;0;-44.68;0.0;0.0;0.0;2.66
2027;1;170;beauce_5_sa_041;BTH;;18.23;2.26;31.4;40.47;146.48;134.38;206.66;0.18;0.0;0;124.73;0;12.88;0.14;0.04;2.26;18.23
2027;171;258;beauce_5_sa_041;solnu;;0.0;0.0;48.13;5.35;0.0;206.66;263.95;0.03;0.0;0;0;0;-208.18;0.0;0.03;0.0;0.0
2027;259;365;beauce_5_sa_041;BTH;;22.53;0.0;20.59;-69.57;64.33;264.34;127.91;0.19;0.01;0;37.85;0;102.12;0.18;0.02;0.0;22.53
2027;1;179;beauce_5_sa_042;BTH;;1.43;0.59;30.52;20.13;86.5;7.32;12.44;0.06;0.0;0;51.21;0;15.16;0.03;0.03;0.59;1.43
2027;180;280;beauce_5_sa_042;solnu;;0.07;0.0;45.26;6.37;0.0;12.44;63.94;0.07;0.0;0;0;0;-199.19;0.04;0.03;0.0;0.07
2027;281;365;beauce_5_sa_042;BTH;;3.54;0.06;12.82;-60.77;1.7;64.29;15.61;0.02;0.0;0;1.0;0;-3.2;0.02;0.0;0.06;3.54
2027;1;214;beauce_5_sa_043;BTH;;3.17;0.0;45.24;12.53;44.54;16.36;26.39;0.04;0.0;0;26.21;0;-165.72;0.0;0.04;0.0;3.17
2027;215;296;beauce_5_sa_043;solnu;;1.72;0.0;31.16;-9.98;0.0;26.39;45.77;0.08;0.01;0;0;0;-190.48;0.07;0.02;0.0;1.72
2027;297;365;beauce_5_sa_043;BTH;;2.86;0.0;7.98;-32.02;0.0;46.12;20.01;0.0;0.0;0;0.0;0;-40.56;0.0;0.0;0.0;2.86
2027;1;188;beauce_5_sa_044;BTH;;3.24;1.23;35.49;44.77;145.93;22.24;43.93;0.09;0.0;0;87.36;0;-6.1;0.04;0.05;1.23;3.24
2027;189;306;beauce_5_sa_044;solnu;;0.14;0.0;46.31;-75.29;0.0;43.93;14.81;0.05;0.0;0;0;0;-114.48;0.03;0.02;0.0;0.14
2027;307;365;beauce_5_sa_044;BTH;;1.75;0.0;7.58;-7.52;0.0;14.81;13.12;0.0;0.0;0;0.0;0;56.69;0.0;0.0;0.0;1.75
2027;1;225;beauce_5_sa_045;BTH;;2.19;0.62;54.48;31.83;96.32;6.29;40.39;0.08;0.0;0;56.68;0;-116.87;0.03;0.05;0.62;2.19
2027;226;300;beauce_5_sa_045;solnu;;1.04;0.0;27.86;-62.02;0.0;40.39;9.88;0.02;0.0;0;0;0;-163.2;0.02;0.01;0.0;1.04
2027;301;365;beauce_5_sa_045;BTH;;1.23;0.0;7.7;-7.74;0.0;9.88;8.61;0.0;0.0;0;0.0;0;38.91;0.0;0.0;0.0;1.23
2027;1;220;beauce_5_sa_046;BTH;;1.39;0.36;51.96;29.74;70.07;7.07;44.3;0.06;0.0;0;41.23;0;-122.15;0.01;0.05;0.36;1.39
2027;221;280;beauce_5_sa_046;solnu;;0.31;0.0;24.26;-11.1;0.0;44.3;57.1;0.05;0.0;0;0;0;-146.05;0.04;0.01;0.0;0.31
2027;281;365;beauce_5_sa_046;BTH;;3.49;0.0;12.12;-49.76;1.16;57.4;14.95;0.02;0.0;0;0.68;0;-8.82;0.01;0.0;0.0;3.49
2027;1;229;beauce_5_sa_047;BTH;;2.89;0.0;54.4;21.0;43.67;14.78;43.57;0.05;0.0;0;25.7;0;-223.44;0.0;0.05;0.0;2.89
2027;230;290;beauce_5_sa_047;solnu;;1.91;0.0;21.26;-14.99;0.0;43.57;47.84;0.07;0.01;0;0;0;-136.53;0.07;0.01;0.0;1.91
2027;291;365;beauce_5_sa_047;BTH;;3.13;0.01;9.54;-33.7;0.0;48.22;22.04;0.0;0.0;0;0.0;0;-33.08;0.0;0.0;0.01;3.13
2027;1;183;beauce_5_sa_048;BTH;;2.42;0.15;31.55;20.23;72.18;23.62;10.65;0.04;0.0;0;43.23;0;-29.18;0.01;0.03;0.15;2.42
2027;184;298;beauce_5_sa_048;solnu;;0.83;0.0;47.29;-50.61;0.0;10.65;8.28;0.03;0.0;0;0;0;-223.74;0.01;0.02;0.0;0.83
2027;299;365;beauce_5_sa_048;BTH;;1.3;0.28;8.26;-10.49;2.37;8.3;23.39;0.02;0.0;0;1.39;0;23.32;0.02;0.0;0.28;1.3
2027;1;209;beauce_5_sa_049;BTH;;0.4;0.17;45.81;18.77;53.5;2.07;25.24;0.04;0.0;0;31.48;0;-114.67;0.0;0.04;0.17;0.4
2027;210;279;beauce_5_sa_049;solnu;;0.03;0.0;31.31;-55.65;0.0;25.24;0.86;0.01;0.0;0;0;0;-162.81;0.0;0.01;0.0;0.03
2027;280;365;beauce_5_sa_049;BTH;;0.18;0.0;12.6;-12.38;0.0;0.96;0.91;0.0;0.0;0;0.0;0;12.88;0.0;0.0;0.0;0.18
2027;1;198;beauce_5_sa_050;BTH;;0.35;0.37;40.76;18.21;70.49;1.82;17.93;0.04;0.0;0;41.48;0;-53.31;0.0;0.04;0.37;0.35
2027;199;277;beauce_5_sa_050;solnu;;0.0;0.0;37.67;-56.46;0.0;17.93;1.02;0.01;0.0;0;0;0;-202.14;0.0;0.01;0.0;0.0
2027;278;365;beauce_5_sa_050;BTH;;0.17;0.0;13.31;-12.1;0.0;0.82;2.06;0.0;0.0;0;0.0;0;49.19;0.0;0.0;0.0;0.17
2027;1;181;beauce_5_sa_051;BTH;;0.59;0.06;30.04;13.38;45.34;2.98;5.18;0.03;0.0;0;26.68;0;-66.72;0.0;0.03;0.06;0.59
2027;182;273;beauce_5_sa_051;solnu;;0.16;0.0;42.33;-3.13;0.0;5.18;44.17;0.05;0.0;0;0;0;-232.47;0.03;0.03;0.0;0.16
2027;274;365;beauce_5_sa_051;BTH;;1.92;0.0;14.06;-45.4;3.0;44.5;7.91;0.0;0.0;0;1.77;0;-35.32;0.0;0.0;0.0;1.92
2027;1;178;beauce_5_sa_052;BTH;;1.38;0.85;31.81;18.4;105.57;5.8;12.43;0.08;0.0;0;62.93;0;48.36;0.05;0.03;0.85;1.38
2027;179;259;beauce_5_sa_052;solnu;;0.0;0.0;44.95;-1.86;0.0;12.43;55.49;0.03;0.0;0;0;0;-191.63;0.0;0.03;0.0;0.0
2027;260;365;beauce_5_sa_052;BTH;;1.86;0.0;18.71;-63.36;3.0;55.8;6.6;0.02;0.0;0;1.77;0;30.11;0.02;0.0;0.0;1.86
2027;1;209;beauce_5_sa_053;BTH;;6.23;1.27;47.93;50.33;150.85;49.12;85.44;0.09;0.0;0;90.32;0;-102.21;0.03;0.06;1.27;6.23
2027;210;305;beauce_5_sa_053;solnu;;1.7;0.0;40.44;-102.25;0.0;85.44;21.88;0.04;0.0;0;0;0;-110.43;0.03;0.01;0.0;1.7
2027;306;365;beauce_5_sa_053;BTH;;2.63;0.0;7.58;0.65;3.27;21.91;24.21;0.01;0.0;0;1.92;0;57.45;0.0;0.01;0.0;2.63
2027;1;172;beauce_5_sa_054;BTH;;0.53;0.06;27.83;10.0;40.82;2.56;1.87;0.02;0.0;0;24.02;0;-45.35;0.0;0.02;0.06;0.53
2027;173;300;beauce_5_sa_054;solnu;;0.42;0.0;50.17;-47.85;0.0;1.87;3.78;0.03;0.0;0;0;0;-228.09;0.01;0.02;0.0;0.42
2027;301;365;beauce_5_sa_054;BTH;;0.47;0.0;7.69;-7.62;0.0;3.78;3.38;0.0;0.0;0;0.0;0;1.96;0.0;0.0;0.0;0.47
2027;1;188;beauce_5_sa_055;BTH;;9.5;0.03;32.38;10.93;121.99;34.45;23.82;0.1;0.0;0;71.78;0;-8.13;0.06;0.04;0.03;9.5
2027;189;297;beauce_5_sa_055;solnu;;2.63;0.0;43.47;2.7;0.0;23.82;67.59;0.1;0.01;0;0;0;-197.64;0.07;0.03;0.0;2.63
2027;298;365;beauce_5_sa_055;BTH;;4.94;1.02;8.28;-48.8;1.13;67.84;101.94;0.02;0.0;0;0.67;0;-85.63;0.01;0.0;1.02;4.94
2027;1;210;beauce_5_sa_056;BTH;;1.17;0.72;47.84;29.04;101.05;5.33;33.59;0.07;0.0;0;59.46;0;-54.31;0.02;0.05;0.72;1.17
2027;211;274;beauce_5_sa_056;solnu;;0.25;0.0;29.96;-50.33;0.0;33.59;13.03;0.05;0.0;0;0;0;-160.83;0.04;0.01;0.0;0.25
2027;275;365;beauce_5_sa_056;BTH;;2.6;0.0;14.26;-16.29;0.0;13.32;10.53;0.0;0.0;0;0.0;0;-2.73;0.0;0.0;0.0;2.6
2027;1;207;beauce_5_sa_057;BTH;;2.17;0.56;41.87;39.97;96.94;11.41;36.11;0.07;0.0;0;58.81;0;-152.01;0.02;0.05;0.56;2.17
2027;208;283;beauce_5_sa_057;solnu;;0.0;0.0;31.34;-1.26;0.0;36.11;66.12;0.07;0.0;0;0;0;-176.54;0.05;0.02;0.0;0.0
2027;284;365;beauce_5_sa_057;BTH;;5.06;0.0;10.93;-50.76;0.0;66.37;22.72;0.03;0.01;0;0.0;0;-51.75;0.03;0.0;0.0;5.06
2027;1;211;beauce_5_sa_058;BTH;;6.0;0.31;42.64;25.4;74.21;31.07;42.04;0.04;0.0;0;43.67;0;-182.39;0.0;0.04;0.31;6.0
2027;212;307;beauce_5_sa_058;solnu;;2.76;0.0;33.81;-1.24;0.0;42.04;71.72;0.12;0.01;0;0;0;-195.7;0.1;0.02;0.0;2.76
2027;308;365;beauce_5_sa_058;BTH;;4.54;0.0;5.97;-40.86;0.0;71.87;33.84;0.01;0.0;0;0.0;0;-46.57;0.0;0.0;0.0;4.54
2027;1;225;beauce_5_sa_059;BTH;;4.27;1.06;60.06;59.66;116.17;26.85;105.41;0.15;0.0;0;72.2;0;-183.94;0.08;0.07;1.06;4.27
2027;226;276;beauce_5_sa_059;solnu;;0.36;0.0;23.03;-108.35;0.0;105.41;19.71;0.01;0.0;0;0;0;-80.63;0.01;0.0;0.0;0.36
2027;277;365;beauce_5_sa_059;BTH;;3.35;0.0;14.59;21.8;24.77;19.9;27.92;0.04;0.01;0;14.57;0;71.53;0.02;0.02;0.0;3.35
2027;1;228;beauce_5_sa_060;BTH;;0.79;0.06;56.89;25.43;41.39;4.01;48.24;0.05;0.0;0;24.36;0;-239.35;0.01;0.05;0.06;0.79
2027;229;271;beauce_5_sa_060;solnu;;0.1;0.0;18.54;-65.06;0.0;48.24;1.62;0.0;0.0;0;0;0;-113.97;0.0;0.0;0.0;0.1
2027;272;365;beauce_5_sa_060;BTH;;0.37;0.0;14.72;-6.14;4.82;1.62;5.01;0.01;0.0;0;2.83;0;22.41;0.0;0.01;0.0;0.37
2027;1;180;beauce_5_sa_061;BTH;;0.17;0.15;30.37;12.29;50.26;0.84;4.0;0.03;0.0;0;29.57;0;-31.43;0.0;0.03;0.15;0.17
2027;181;270;beauce_5_sa_061;solnu;;0.02;0.0;43.42;-47.15;0.0;4.0;0.37;0.01;0.0;0;0;0;-221.93;0.0;0.01;0.0;0.02
2027;271;365;beauce_5_sa_061;BTH;;0.12;0.0;15.16;-5.39;5.98;0.37;4.03;0.01;0.0;0;3.52;0;20.63;0.0;0.01;0.0;0.12
2027;1;223;beauce_5_sa_062;BTH;;13.14;1.56;56.34;64.27;159.86;59.03;123.24;0.14;0.0;0;95.3;0;-98.02;0.06;0.07;1.56;13.14
2027;224;310;beauce_5_sa_062;solnu;;6.4;0.0;33.1;-73.2;0.0;123.24;76.59;0.15;0.01;0;0;0;-143.4;0.14;0.01;0.0;6.4
2027;311;365;beauce_5_sa_062;BTH;;8.49;0.0;6.66;-6.73;0.0;76.59;68.03;0.0;0.0;0;0.0;0;41.59;0.0;0.0;0.0;8.49
2027;1;204;beauce_5_sa_063;BTH;;6.46;0.69;39.31;24.24;108.98;28.93;29.07;0.06;0.0;0;64.13;0;-116.6;0.02;0.04;0.69;6.46
2027;205;303;beauce_5_sa_063;solnu;;2.59;0.0;35.86;3.17;0.0;29.07;65.4;0.1;0.01;0;0;0;-185.32;0.08;0.02;0.0;2.59
2027;304;365;beauce_5_sa_063;BTH;;4.32;0.06;6.74;-42.76;0.0;65.76;32.15;0.0;0.0;0;0.0;0;-77.72;0.0;0.0;0.06;4.32
2027;1;225;beauce_5_sa_064;BTH;;0.82;0.23;52.68;21.36;61.11;3.76;32.78;0.05;0.0;0;35.96;0;-152.37;0.01;0.04;0.23;0.82
2027;226;293;beauce_5_sa_064;solnu;;0.98;0.0;24.97;-49.25;0.0;32.78;8.6;0.03;0.0;0;0;0;-160.69;0.02;0.01;0.0;0.98
2027;294;365;beauce_5_sa_064;BTH;;1.07;0.0;8.94;-8.91;0.0;8.6;7.55;0.0;0.0;0;0.0;0;22.72;0.0;0.0;0.0;1.07
2027;1;182;beauce_5_sa_065;BTH;;0.46;0.0;30.72;8.54;38.43;2.32;2.66;0.02;0.0;0;22.62;0;-69.23;0.0;0.02;0.0;0.46
2027;183;291;beauce_5_sa_065;solnu;;0.91;0.0;45.77;-34.91;0.0;2.66;12.54;0.07;0.01;0;0;0;-249.7;0.04;0.02;0.0;0.91
2027;292;365;beauce_5_sa_065;BTH;;1.41;0.0;9.78;-11.05;0.0;12.01;9.86;0.0;0.0;0;0.0;0;-16.52;0.0;0.0;0.0;1.41
2027;1;223;beauce_5_sa_066;BTH;;0.96;0.16;55.03;24.76;50.1;4.77;45.38;0.06;0.0;0;29.48;0;-189.18;0.01;0.05;0.16;0.96
2027;224;261;beauce_5_sa_066;solnu;;0.0;0.0;18.75;-60.75;0.0;45.38;3.38;0.01;0.0;0;0;0;-125.27;0.0;0.0;0.0;0.0
2027;262;365;beauce_5_sa_066;BTH;;0.51;0.0;17.24;-14.5;1.96;2.25;3.64;0.0;0.0;0;1.15;0;32.71;0.0;0.0;0.0;0.51
2027;1;227;beauce_5_sa_067;BTH;;1.22;0.31;58.93;34.51;72.34;7.36;50.64;0.08;0.0;0;43.75;0;-211.45;0.02;0.06;0.31;1.22
2027;228;263;beauce_5_sa_067;solnu;;0.0;0.0;17.7;-65.3;0.0;50.64;3.37;0.0;0.0;0;0;0;-83.52;0.0;0.0;0.0;0.0
2027;264;365;beauce_5_sa_067;BTH;;0.87;0.06;16.96;-15.24;4.17;3.39;4.68;0.0;0.0;0;2.45;0;61.46;0.0;0.0;0.06;0.87
2027;1;194;beauce_5_sa_068;BTH;;2.71;0.59;38.97;36.6;68.32;13.61;61.91;0.05;0.0;0;40.2;0;-32.06;0.0;0.05;0.59;2.71
2027;195;269;beauce_5_sa_068;solnu;;0.34;0.0;40.51;-65.77;0.0;61.91;36.25;0.05;0.0;0;0;0;-221.21;0.03;0.02;0.0;0.34
2027;270;365;beauce_5_sa_068;BTH;;3.16;0.0;16.27;3.12;29.23;34.98;23.22;0.03;0.0;0;17.2;0;28.1;0.01;0.02;0.0;3.16
2027;1;197;beauce_5_sa_069;BTH;;0.48;0.0;39.66;18.47;41.22;2.44;18.84;0.04;0.0;0;24.26;0;-117.1;0.0;0.04;0.0;0.48
2027;198;269;beauce_5_sa_069;solnu;;0.05;0.0;34.35;-52.17;0.0;18.84;0.95;0.01;0.0;0;0;0;-201.45;0.0;0.01;0.0;0.05
2027;270;365;beauce_5_sa_069;BTH;;0.21;0.0;15.15;-9.06;3.4;0.95;3.43;0.0;0.0;0;2.0;0;-6.95;0.0;0.0;0.0;0.21
2027;1;202;beauce_5_sa_070;BTH;;8.97;0.04;40.89;15.99;122.15;33.51;31.6;0.1;0.0;0;71.88;0;-48.4;0.05;0.04;0.04;8.97
2027;203;296;beauce_5_sa_070;solnu;;2.69;0.0;37.96;-2.93;0.0;31.6;63.85;0.1;0.01;0;0;0;-185.85;0.07;0.02;0.0;2.69
2027;297;365;beauce_5_sa_070;BTH;;4.65;0.93;8.46;-46.14;0.9;64.24;95.09;0.01;0.0;0;0.53;0;-92.78;0.01;0.0;0.93;4.65
2027;1;182;beauce_5_sa_071;BTH;;5.51;0.84;30.72;-1.53;92.64;28.81;21.21;0.05;0.0;0;54.51;0;26.79;0.03;0.02;0.84;5.51
2027;183;314;beauce_5_sa_071;solnu;;1.31;0.0;44.73;11.06;0.0;21.21;75.64;0.13;0.01;0;0;0;-157.78;0.1;0.03;0.0;1.31
2027;315;365;beauce_5_sa_071;BTH;;4.13;0.0;5.77;-45.36;0.0;75.79;33.22;0.0;0.0;0;0.0;0;-25.19;0.0;0.0;0.0;4.13
2027;1;193;beauce_5_sa_072;BTH;;0.91;0.14;34.47;8.58;54.27;4.69;3.1;0.03;0.0;0;31.93;0;-72.87;0.0;0.03;0.14;0.91
2027;194;298;beauce_5_sa_072;solnu;;0.85;0.0;41.54;-28.1;0.0;3.1;15.98;0.08;0.01;0;0;0;-216.41;0.05;0.02;0.0;0.85
2027;299;365;beauce_5_sa_072;BTH;;2.0;0.0;7.93;-10.25;0.0;15.98;14.05;0.0;0.0;0;0.0;0;-44.58;0.0;0.0;0.0;2.0
2027;1;186;beauce_5_sa_073;BTH;;0.21;0.33;32.74;13.29;66.19;0.78;4.95;0.04;0.0;0;38.95;0;-11.81;0.01;0.03;0.33;0.21
2027;187;279;beauce_5_sa_073;solnu;;0.02;0.0;44.1;-50.84;0.0;4.95;0.6;0.01;0.0;0;0;0;-224.72;0.0;0.01;0.0;0.02
2027;280;365;beauce_5_sa_073;BTH;;0.14;0.0;12.87;-7.42;2.89;0.52;3.02;0.0;0.0;0;1.7;0;45.38;0.0;0.0;0.0;0.14
2027;1;204;beauce_5_sa_074;BTH;;4.49;1.28;50.07;49.47;125.59;34.7;99.78;0.1;0.0;0;79.85;0;-105.84;0.04;0.06;1.28;4.49
2027;205;265;beauce_5_sa_074;solnu;;0.0;0.0;35.21;-106.99;0.0;99.78;27.95;0.05;0.0;0;0;0;-133.12;0.04;0.01;0.0;0.0
2027;266;365;beauce_5_sa_074;BTH;;4.08;0.0;18.21;28.56;40.43;28.29;30.16;0.05;0.01;0;23.79;0;81.21;0.02;0.03;0.0;4.08
2027;1;185;beauce_5_sa_075;BTH;;3.06;0.08;30.09;5.37;44.62;15.72;8.06;0.03;0.0;0;26.26;0;-88.53;0.0;0.02;0.08;3.06
2027;186;302;beauce_5_sa_075;solnu;;1.47;0.0;44.04;-0.27;0.0;8.06;50.37;0.1;0.01;0;0;0;-245.96;0.07;0.03;0.0;1.47
2027;303;365;beauce_5_sa_075;BTH;;3.03;0.0;6.93;-33.18;0.0;50.44;21.45;0.01;0.0;0;0.0;0;-33.11;0.01;0.0;0.0;3.03
2027;1;212;beauce_5_sa_076;BTH;;3.79;0.62;49.64;49.25;88.93;21.63;73.82;0.07;0.0;0;57.58;0;-146.64;0.01;0.06;0.62;3.79
2027;213;284;beauce_5_sa_076;solnu;;0.63;0.0;32.9;-62.34;0.0;73.82;43.66;0.08;0.0;0;0;0;-195.4;0.07;0.01;0.0;0.63
2027;285;365;beauce_5_sa_076;BTH;;5.47;0.02;12.1;-28.24;0.0;40.66;23.43;0.0;0.0;0;0.0;0;46.1;0.0;0.0;0.02;5.47
2027;1;222;beauce_5_sa_077;BTH;;0.55;0.0;53.55;21.46;39.47;2.75;37.68;0.05;0.0;0;23.23;0;-227.12;0.0;0.05;0.0;0.55
2027;223;269;beauce_5_sa_077;solnu;;0.08;0.0;21.56;-58.08;0.0;37.68;1.08;0.0;0.0;0;0;0;-87.88;0.0;0.0;0.0;0.08
2027;270;365;beauce_5_sa_077;BTH;;0.26;0.0;15.14;-4.3;7.32;1.08;4.33;0.01;0.0;0;4.31;0;15.8;0.0;0.01;0.0;0.26
2027;1;211;beauce_5_sa_078;BTH;;0.4;0.41;44.41;15.24;77.22;1.82;14.59;0.04;0.0;0;45.44;0;-53.37;0.0;0.04;0.41;0.4
2027;212;312;beauce_5_sa_078;solnu;;0.7;0.0;36.35;-47.84;0.0;14.59;6.32;0.03;0.0;0;0;0;-213.93;0.02;0.01;0.0;0.7
2027;313;365;beauce_5_sa_078;BTH;;0.7;0.0;5.64;-5.59;0.0;6.32;5.68;0.0;0.0;0;0.0;0;14.7;0.0;0.0;0.0;0.7
2027;1;228;beauce_5_sa_079;BTH;;0.57;0.0;55.89;19.8;39.02;2.89;38.95;0.05;0.0;0;22.96;0;-228.11;0.0;0.05;0.0;0.57
2027;229;277;beauce_5_sa_079;solnu;;0.07;0.0;20.18;-57.88;0.0;38.95;1.17;0.0;0.0;0;0;0;-106.84;0.0;0.0;0.0;0.07
2027;278;365;beauce_5_sa_079;BTH;;0.25;0.0;12.92;-9.51;1.26;1.17;3.07;0.0;0.0;0;0.74;0;20.79;0.0;0.0;0.0;0.25
2027;1;221;beauce_5_sa_080;BTH;;0.62;0.0;53.39;22.28;39.42;3.08;38.66;0.05;0.0;0;23.2;0;-231.62;0.0;0.05;0.0;0.62
2027;222;266;beauce_5_sa_080;solnu;;0.09;0.0;21.17;-58.54;0.0;38.66;1.2;0.0;0.0;0;0;0;-84.17;0.0;0.0;0.0;0.09
2027;267;365;beauce_5_sa_080;BTH;;0.28;0.0;15.93;-4.13;8.17;1.22;4.54;0.01;0.0;0;4.81;0;13.76;0.0;0.01;0.0;0.28
2027;1;196;beauce_5_sa_081;BTH;;1.66;0.0;37.55;20.78;65.92;17.39;8.09;0.05;0.0;0;40.51;0;-49.86;0.01;0.04;0.0;1.66
2027;197;296;beauce_5_sa_081;solnu;;0.83;0.0;40.61;-43.85;0.0;8.09;7.59;0.03;0.0;0;0;0;-266.74;0.02;0.02;0.0;0.83
2027;297;365;beauce_5_sa_081;BTH;;1.32;0.29;8.33;-13.38;3.88;7.59;19.4;0.02;0.0;0;2.28;0;10.75;0.02;0.0;0.29;1.32
2027;1;227;beauce_5_sa_082;BTH;;1.17;0.02;53.34;28.75;44.19;6.02;43.88;0.05;0.0;0;26.89;0;-235.69;0.0;0.05;0.02;1.17
2027;228;279;beauce_5_sa_082;solnu;;0.26;0.0;19.97;-14.84;0.0;43.88;48.7;0.04;0.0;0;0;0;-126.12;0.03;0.01;0.0;0.26
2027;280;365;beauce_5_sa_082;BTH;;2.96;0.0;11.91;-43.6;1.5;49.03;12.53;0.01;0.0;0;0.88;0;-24.92;0.01;0.0;0.0;2.96
2027;1;210;beauce_5_sa_083;BTH;;0.86;0.0;45.99;19.77;39.69;4.35;29.53;0.04;0.0;0;24.24;0;-147.33;0.0;0.04;0.0;0.86
2027;211;274;beauce_5_sa_083;solnu;;0.23;0.0;28.63;-12.76;0.0;29.53;45.13;0.04;0.0;0;0;0;-179.21;0.03;0.01;0.0;0.23
2027;275;365;beauce_5_sa_083;BTH;;2.3;0.0;13.81;-44.22;3.0;45.59;9.42;0.0;0.0;0;1.77;0;-24.34;0.0;0.0;0.0;2.3
2027;1;176;beauce_5_sa_084;BTH;;0.36;0.0;28.94;12.72;38.78;1.8;4.28;0.03;0.0;0;22.82;0;-50.35;0.0;0.03;0.0;0.36
2027;177;266;beauce_5_sa_084;solnu;;0.03;0.0;43.08;-46.44;0.0;4.28;0.87;0.02;0.0;0;0;0;-251.27;0.0;0.02;0.0;0.03
2027;267;365;beauce_5_sa_084;BTH;;0.17;0.0;16.08;-10.56;3.0;0.92;3.22;0.0;0.0;0;1.77;0;-18.1;0.0;0.0;0.0;0.17
2027;1;215;beauce_5_sa_085;BTH;;6.99;0.97;49.19;37.3;186.04;72.1;38.37;0.12;0.0;0;110.96;0;34.38;0.07;0.05;0.97;6.99
2027;216;297;beauce_5_sa_085;solnu;;0.0;0.0;37.2;-40.65;0.0;38.37;35.52;0.08;0.01;0;0;0;-140.44;0.06;0.02;0.0;0.0
2027;298;365;beauce_5_sa_085;BTH;;5.22;0.83;9.28;-21.93;2.91;35.52;78.54;0.04;0.0;0;1.71;0;15.5;0.04;0.0;0.83;5.22
2027;1;178;beauce_5_sa_086;BTH;;3.03;1.61;33.2;36.87;156.72;19.47;49.23;0.09;0.0;0;92.22;0;90.63;0.05;0.04;1.61;3.03
2027;179;288;beauce_5_sa_086;solnu;;0.0;0.0;43.25;-74.61;0.0;49.23;17.91;0.05;0.0;0;0;0;-107.36;0.03;0.02;0.0;0.0
2027;289;365;beauce_5_sa_086;BTH;;2.15;0.0;12.69;-12.59;0.0;18.01;15.87;0.0;0.0;0;0.0;0;110.9;0.0;0.0;0.0;2.15
2027;1;207;beauce_5_sa_087;BTH;;1.75;0.47;46.35;32.01;73.76;8.83;47.16;0.05;0.0;0;45.17;0;-89.5;0.01;0.05;0.47;1.75
2027;208;271;beauce_5_sa_087;solnu;;0.35;0.0;30.69;-8.29;0.0;47.16;69.14;0.07;0.0;0;0;0;-177.49;0.05;0.02;0.0;0.35
2027;272;365;beauce_5_sa_087;BTH;;3.65;0.0;14.93;-61.23;4.5;69.42;14.68;0.0;0.0;0;2.65;0;4.72;0.0;0.0;0.0;3.65
2027;1;214;beauce_5_sa_088;BTH;;0.79;0.35;47.39;19.16;70.48;4.1;25.67;0.05;0.0;0;41.47;0;-82.06;0.01;0.04;0.35;0.79
2027;215;291;beauce_5_sa_088;solnu;;0.82;0.0;32.32;-48.45;0.0;25.67;9.75;0.04;0.0;0;0;0;-181.91;0.03;0.01;0.0;0.82
2027;292;365;beauce_5_sa_088;BTH;;1.18;0.0;9.89;-10.53;0.0;9.6;8.32;0.0;0.0;0;0.0;0;7.38;0.0;0.0;0.0;1.18
2027;1;181;beauce_5_sa_089;BTH;;5.24;1.15;31.53;8.79;114.7;17.12;23.27;0.08;0.0;0;67.5;0;98.85;0.05;0.03;1.15;5.24
2027;182;317;beauce_5_sa_089;solnu;;1.53;0.0;48.06;-49.95;0.0;23.27;24.75;0.04;0.0;0;0;0;-193.87;0.02;0.02;0.0;1.53
2027;318;365;beauce_5_sa_089;BTH;;2.75;0.0;5.6;-5.56;0.0;24.75;22.07;0.0;0.0;0;0.0;0;31.52;0.0;0.0;0.0;2.75
2027;1;211;beauce_5_sa_090;BTH;;0.58;0.0;45.75;24.24;41.28;2.95;31.04;0.04;0.0;0;24.29;0;-181.19;0.0;0.04;0.0;0.58
2027;212;268;beauce_5_sa_090;solnu;;0.07;0.0;26.59;-56.37;0.0;31.04;1.18;0.01;0.0;0;0;0;-159.31;0.0;0.0;0.0;0.07
2027;269;365;beauce_5_sa_090;BTH;;0.26;0.0;14.9;-6.76;4.58;1.17;4.47;0.01;0.0;0;2.7;0;4.61;0.0;0.01;0.0;0.26
2027;1;196;beauce_5_sa_091;BTH;;2.0;0.23;39.13;27.89;48.63;9.87;43.69;0.04;0.0;0;32.15;0;-82.16;0.0;0.04;0.23;2.0
2027;197;264;beauce_5_sa_091;solnu;;0.0;0.0;34.9;-7.33;0.0;43.69;71.24;0.02;0.0;0;0;0;-215.15;0.0;0.02;0.0;0.0
2027;265;365;beauce_5_sa_091;BTH;;4.31;0.0;16.66;-60.47;7.5;71.54;15.58;0.04;0.0;0;4.42;0;-16.16;0.04;0.0;0.0;4.31
2027;1;186;beauce_5_sa_092;BTH;;0.86;0.08;32.0;12.6;59.44;3.53;4.36;0.03;0.0;0;34.98;0;-41.52;0.0;0.03;0.08;0.86
2027;187;286;beauce_5_sa_092;solnu;;0.18;0.0;43.88;-40.62;0.0;4.36;8.07;0.05;0.0;0;0;0;-229.57;0.02;0.02;0.0;0.18
2027;287;365;beauce_5_sa_092;BTH;;1.56;0.14;11.0;-11.91;0.28;7.77;16.37;0.0;0.0;0;0.16;0;-10.95;0.0;0.0;0.14;1.56
2027;1;208;beauce_5_sa_093;BTH;;0.54;0.0;44.36;23.77;41.85;2.73;28.42;0.04;0.0;0;24.63;0;-170.0;0.0;0.04;0.0;0.54
2027;209;268;beauce_5_sa_093;solnu;;0.07;0.0;28.2;-55.47;0.0;28.42;1.09;0.01;0.0;0;0;0;-159.29;0.0;0.0;0.0;0.07
2027;269;365;beauce_5_sa_093;BTH;;0.25;0.0;14.93;-5.36;5.55;1.08;4.84;0.01;0.0;0;3.27;0;7.86;0.0;0.01;0.0;0.25
2027;1;205;beauce_5_sa_094;BTH;;0.75;0.0;42.11;8.82;42.88;3.88;11.14;0.03;0.0;0;25.23;0;-111.96;0.0;0.03;0.0;0.75
2027;206;315;beauce_5_sa_094;solnu;;1.16;0.0;38.82;-35.13;0.0;11.14;15.03;0.07;0.01;0;0;0;-240.1;0.05;0.02;0.0;1.16
2027;316;365;beauce_5_sa_094;BTH;;1.67;0.0;5.29;-5.64;0.0;15.0;13.4;0.0;0.0;0;0.0;0;-10.28;0.0;0.0;0.0;1.67
2027;1;220;beauce_5_sa_095;BTH;;0.5;0.09;52.3;21.83;47.85;2.56;34.9;0.05;0.0;0;28.16;0;-188.03;0.0;0.04;0.09;0.5
2027;221;280;beauce_5_sa_095;solnu;;0.05;0.0;24.48;-58.11;0.0;34.9;1.22;0.01;0.0;0;0;0;-139.08;0.0;0.0;0.0;0.05
2027;281;365;beauce_5_sa_095;BTH;;0.25;0.0;12.13;-9.74;0.63;1.22;2.74;0.0;0.0;0;0.37;0;26.09;0.0;0.0;0.0;0.25
2027;1;188;beauce_5_sa_096;BTH;;12.12;1.37;32.16;14.02;143.74;42.26;33.27;0.12;0.0;0;84.58;0;-9.09;0.08;0.04;1.37;12.12
2027;189;304;beauce_5_sa_096;solnu;;2.72;0.0;43.47;8.05;0.0;33.27;82.4;0.11;0.01;0;0;0;-189.41;0.08;0.03;0.0;2.72
2027;305;365;beauce_5_sa_096;BTH;;6.03;0.0;7.0;-41.32;0.0;82.63;45.05;0.0;0.0;0;0.0;0;-71.6;0.0;0.0;0.0;6.03
2027;1;211;beauce_5_sa_097;BTH;;0.39;0.0;45.79;21.51;45.24;2.0;23.64;0.04;0.0;0;26.7;0;-161.07;0.0;0.04;0.0;0.39
2027;212;281;beauce_5_sa_097;solnu;;0.04;0.0;30.11;-53.11;0.0;23.64;0.79;0.01;0.0;0;0;0;-154.77;0.0;0.01;0.0;0.04
2027;282;365;beauce_5_sa_097;BTH;;0.18;0.02;11.82;-10.62;0.97;0.87;2.62;0.0;0.0;0;0.57;0;4.05;0.0;0.0;0.02;0.18
2027;1;183;beauce_5_sa_098;BTH;;0.58;0.0;30.64;11.82;40.11;2.89;4.63;0.03;0.0;0;24.49;0;-80.57;0.0;0.03;0.0;0.58
2027;184;278;beauce_5_sa_098;solnu;;0.15;0.0;42.79;-4.17;0.0;4.63;43.05;0.05;0.0;0;0;0;-241.44;0.03;0.03;0.0;0.15
2027;279;365;beauce_5_sa_098;BTH;;2.06;0.0;12.56;-41.94;3.0;43.34;8.59;0.01;0.0;0;1.77;0;-33.62;0.01;0.0;0.0;2.06
2027;1;174;beauce_5_sa_099;BTH;;7.47;1.37;30.2;47.71;100.44;51.82;124.57;0.07;0.0;0;88.15;0;-32.56;0.02;0.05;1.37;7.47
2027;175;266;beauce_5_sa_099;solnu;;0.0;0.0;44.7;6.95;0.0;124.57;176.14;0.08;0.0;0;0;0;-219.83;0.05;0.03;0.0;0.0
2027;267;365;beauce_5_sa_099;BTH;;11.33;0.0;17.35;-77.1;44.41;176.67;60.57;0.07;0.01;0;26.13;0;42.39;0.06;0.02;0.0;11.33
2028;1;200;beauce_5_sa_000;BTH;;3.53;0.0;36.98;9.17;48.06;19.24;14.22;0.03;0.0;0;28.28;0;-160.41;0.0;0.03;0.0;3.53
2028;201;318;beauce_5_sa_000;solnu;;0.2;0.0;21.14;-11.6;0.0;14.22;23.55;0.02;0.0;0;0;0;-101.71;0.01;0.01;0.0;0.2
2028;319;366;beauce_5_sa_000;BTH;;1.3;0.01;5.45;-22.44;0.0;23.69;9.48;0.0;0.0;0;0.0;0;-64.39;0.0;0.0;0.01;1.3
2028;1;209;beauce_5_sa_001;BTH;;0.26;0.24;46.98;28.32;66.88;5.39;31.42;0.05;0.0;0;42.85;0;-209.07;0.01;0.05;0.24;0.26
2028;210;262;beauce_5_sa_001;solnu;;0.0;0.0;16.51;-49.26;0.0;31.42;0.89;0.0;0.0;0;0;0;-125.73;0.0;0.0;0.0;0.0
2028;263;366;beauce_5_sa_001;BTH;;0.13;0.0;16.06;-17.02;0.0;0.89;0.82;0.0;0.0;0;0.0;0;15.69;0.0;0.0;0.0;0.13
2028;1;206;beauce_5_sa_002;BTH;;2.87;0.13;43.05;45.38;78.8;35.91;52.71;0.07;0.0;0;50.59;0;-147.74;0.02;0.05;0.13;2.87
2028;207;262;beauce_5_sa_002;solnu;;0.0;0.0;16.87;-14.34;0.0;52.71;55.24;0.0;0.0;0;0;0;-104.16;0.0;0.0;0.0;0.0
2028;263;366;beauce_5_sa_002;BTH;;1.74;0.38;15.27;-59.19;12.19;55.39;27.03;0.02;0.0;0;7.17;0;-2.92;0.02;0.0;0.38;1.74
2028;1;197;beauce_5_sa_003;BTH;;0.92;0.17;38.63;14.36;60.32;5.3;9.75;0.03;0.0;0;35.5;0;-90.0;0.0;0.03;0.17;0.92
2028;198;296;beauce_5_sa_003;solnu;;0.0;0.0;20.01;-31.52;0.0;9.75;2.68;0.0;0.0;0;0;0;-193.81;0.0;0.0;0.0;0.0
2028;297;366;beauce_5_sa_003;BTH;;0.38;0.0;9.5;-11.5;0.0;2.56;2.21;0.0;0.0;0;0.0;0;-6.38;0.0;0.0;0.0;0.38
2028;1;184;beauce_5_sa_004;BTH;;4.29;1.18;42.17;29.72;122.91;80.08;113.17;0.14;0.0;0;110.04;0;-183.97;0.09;0.04;1.18;4.29
2028;185;259;beauce_5_sa_004;solnu;;0.0;0.0;29.35;-106.86;0.0;113.17;35.65;0.01;0.0;0;0;0;-125.64;0.0;0.01;0.0;0.0
2028;260;366;beauce_5_sa_004;BTH;;2.27;0.55;19.15;26.42;46.18;35.73;32.73;0.04;0.0;0;27.17;0;103.51;0.01;0.03;0.55;2.27
2028;1;190;beauce_5_sa_005;BTH;;1.19;0.13;35.44;19.58;58.3;6.83;12.51;0.04;0.0;0;34.31;0;-105.58;0.0;0.03;0.13;1.19
2028;191;284;beauce_5_sa_005;solnu;;0.0;0.0;20.45;-30.3;0.0;12.51;3.71;0.01;0.0;0;0;0;-125.29;0.0;0.01;0.0;0.0
2028;285;366;beauce_5_sa_005;BTH;;0.55;0.0;11.45;-15.25;0.0;3.63;3.11;0.0;0.0;0;0.0;0;-62.94;0.0;0.0;0.0;0.55
2028;1;187;beauce_5_sa_006;BTH;;1.27;0.0;34.85;24.5;49.76;7.68;16.11;0.04;0.0;0;29.28;0;-142.74;0.0;0.04;0.0;1.27
2028;188;270;beauce_5_sa_006;solnu;;0.0;0.0;18.64;-20.74;0.0;16.11;14.0;0.0;0.0;0;0;0;-115.79;0.0;0.0;0.0;0.0
2028;271;366;beauce_5_sa_006;BTH;;0.52;0.0;14.61;-27.73;0.0;10.29;2.86;0.0;0.0;0;0.0;0;-59.94;0.0;0.0;0.0;0.52
2028;1;198;beauce_5_sa_007;BTH;;1.58;0.07;38.15;29.75;56.99;10.01;24.78;0.04;0.0;0;34.42;0;-170.24;0.0;0.04;0.07;1.58
2028;199;268;beauce_5_sa_007;solnu;;0.0;0.0;15.05;-14.76;0.0;24.78;25.06;0.0;0.0;0;0;0;-94.76;0.0;0.0;0.0;0.0
2028;269;366;beauce_5_sa_007;BTH;;0.69;0.0;14.42;-37.5;0.0;25.1;3.83;0.0;0.0;0;0.0;0;-62.19;0.0;0.0;0.0;0.69
2028;1;208;beauce_5_sa_008;BTH;;1.52;0.0;41.85;26.35;48.54;9.11;27.35;0.04;0.0;0;30.33;0;-180.26;0.0;0.04;0.0;1.52
2028;209;270;beauce_5_sa_008;solnu;;0.0;0.0;11.88;-15.33;0.0;27.35;23.89;0.0;0.0;0;0;0;-88.63;0.0;0.0;0.0;0.0
2028;271;366;beauce_5_sa_008;BTH;;0.61;0.0;14.43;-37.35;0.0;24.0;3.4;0.0;0.0;0;0.0;0;-40.56;0.0;0.0;0.0;0.61
2028;1;183;beauce_5_sa_009;BTH;;9.59;1.94;38.85;47.25;181.68;87.45;127.26;0.08;0.0;0;109.53;0;-3.84;0.03;0.05;1.94;9.59
2028;184;303;beauce_5_sa_009;solnu;;0.0;0.0;26.29;-94.87;0.0;127.26;58.92;0.02;0.0;0;0;0;-47.82;0.01;0.01;0.0;0.0
2028;304;366;beauce_5_sa_009;BTH;;1.44;0.02;10.03;6.16;5.84;58.35;69.27;0.04;0.0;0;3.43;0;109.46;0.03;0.01;0.02;1.44
2028;1;217;beauce_5_sa_010;BTH;;4.95;1.22;56.28;50.93;97.52;46.36;143.03;0.14;0.01;0;76.46;0;-180.84;0.08;0.06;1.22;4.95
2028;218;261;beauce_5_sa_010;solnu;;0.0;0.0;16.7;-43.94;0.0;143.03;115.79;0.0;0.0;0;0;0;-120.83;0.0;0.0;0.0;0.0
2028;262;366;beauce_5_sa_010;BTH;;3.25;0.0;17.85;-51.92;46.38;112.11;32.04;0.04;0.0;0;27.29;0;106.58;0.03;0.02;0.0;3.25
2028;1;175;beauce_5_sa_011;BTH;;1.22;0.0;30.92;17.27;49.79;7.25;4.52;0.03;0.0;0;29.3;0;-114.58;0.0;0.03;0.0;1.22
2028;176;282;beauce_5_sa_011;solnu;;0.0;0.0;24.64;-25.61;0.0;4.52;3.54;0.01;0.0;0;0;0;-123.76;0.0;0.01;0.0;0.0
2028;283;366;beauce_5_sa_011;BTH;;0.49;0.0;12.01;-15.81;0.0;3.23;2.8;0.0;0.0;0;0.0;0;-75.04;0.0;0.0;0.0;0.49
2028;1;208;beauce_5_sa_012;BTH;;8.82;1.46;47.19;19.12;135.58;56.46;88.36;0.09;0.01;0;79.78;0;62.36;0.05;0.04;1.46;8.82
2028;209;311;beauce_5_sa_012;solnu;;0.0;0.0;22.44;-81.19;0.0;88.36;29.59;0.03;0.0;0;0;0;-46.41;0.02;0.01;0.0;0.0
2028;312;366;beauce_5_sa_012;BTH;;2.29;0.0;7.85;-7.78;0.0;29.63;27.36;0.0;0.0;0;0.0;0;80.76;0.0;0.0;0.0;2.29
2028;1;186;beauce_5_sa_013;BTH;;0.2;0.0;35.37;20.77;45.98;6.21;16.08;0.04;0.0;0;32.78;0;-181.4;0.01;0.03;0.0;0.2
2028;187;261;beauce_5_sa_013;solnu;;0.0;0.0;22.29;-38.81;0.0;16.08;0.71;0.0;0.0;0;0;0;-168.93;0.0;0.0;0.0;0.0
2028;262;366;beauce_5_sa_013;BTH;;0.11;0.0;15.3;-17.05;0.0;0.71;0.72;0.0;0.0;0;0.0;0;-29.69;0.0;0.0;0.0;0.11
2028;1;226;beauce_5_sa_014;BTH;;3.43;1.38;54.74;28.37;144.99;20.97;59.33;0.09;0.0;0;85.32;0;6.03;0.04;0.05;1.38;3.43
2028;227;287;beauce_5_sa_014;solnu;;0.0;0.0;15.16;-57.83;0.0;59.33;19.65;0.0;0.0;0;0;0;-81.85;0.0;0.0;0.0;0.0
2028;288;366;beauce_5_sa_014;BTH;;2.63;0.0;12.05;-13.61;0.0;19.99;16.94;0.0;0.0;0;0.0;0;59.82;0.0;0.0;0.0;2.63
2028;1;197;beauce_5_sa_015;BTH;;1.1;0.0;38.17;23.35;54.61;7.03;12.87;0.04;0.0;0;33.13;0;-121.96;0.0;0.04;0.0;1.1
2028;198;290;beauce_5_sa_015;solnu;;0.01;0.0;19.12;-32.13;0.0;12.87;3.08;0.0;0.0;0;0;0;-161.38;0.0;0.0;0.0;0.01
2028;291;366;beauce_5_sa_015;BTH;;0.46;0.09;10.22;-17.84;1.35;3.08;3.15;0.0;0.0;0;0.8;0;-29.76;0.0;0.0;0.09;0.46
2028;1;186;beauce_5_sa_016;BTH;;1.38;0.0;33.44;22.51;50.95;9.22;13.22;0.03;0.0;0;30.94;0;-131.78;0.0;0.03;0.0;1.38
2028;187;277;beauce_5_sa_016;solnu;;0.0;0.0;19.56;-13.95;0.0;13.22;18.82;0.01;0.0;0;0;0;-116.84;0.0;0.01;0.0;0.0
2028;278;366;beauce_5_sa_016;BTH;;0.58;0.03;12.76;-31.28;0.0;19.12;3.22;0.0;0.0;0;0.0;0;-76.93;0.0;0.0;0.03;0.58
2028;1;207;beauce_5_sa_017;BTH;;2.31;0.13;41.74;22.48;76.57;21.2;16.89;0.04;0.0;0;46.11;0;-54.97;0.0;0.04;0.13;2.31
2028;208;317;beauce_5_sa_017;solnu;;0.05;0.0;20.87;-36.8;0.0;16.89;6.92;0.0;0.0;0;0;0;-191.66;0.0;0.0;0.0;0.05
2028;318;366;beauce_5_sa_017;BTH;;0.85;0.32;5.94;-16.88;2.86;6.92;18.68;0.01;0.0;0;1.68;0;-10.11;0.01;0.0;0.32;0.85
2028;1;199;beauce_5_sa_018;BTH;;0.29;0.0;39.3;25.77;51.21;1.92;15.41;0.04;0.0;0;30.13;0;-161.29;0.0;0.04;0.0;0.29
2028;200;278;beauce_5_sa_018;solnu;;0.0;0.0;16.37;-32.83;0.0;15.41;0.79;0.0;0.0;0;0;0;-115.3;0.0;0.0;0.0;0.0
2028;279;366;beauce_5_sa_018;BTH;;0.12;0.0;12.93;-16.91;0.0;0.79;0.7;0.0;0.0;0;0.0;0;-52.83;0.0;0.0;0.0;0.12
2028;1;198;beauce_5_sa_019;BTH;;2.14;0.0;38.25;5.27;43.92;11.84;9.47;0.03;0.0;0;25.84;0;-98.0;0.0;0.03;0.0;2.14
2028;199;318;beauce_5_sa_019;solnu;;0.13;0.0;22.69;-30.69;0.0;9.47;5.09;0.01;0.0;0;0;0;-159.35;0.0;0.0;0.0;0.13
2028;319;366;beauce_5_sa_019;BTH;;0.63;0.0;5.72;-7.33;0.0;5.02;4.47;0.0;0.0;0;0.0;0;-27.25;0.0;0.0;0.0;0.63
2028;1;214;beauce_5_sa_020;BTH;;2.94;0.12;44.05;7.75;53.82;16.59;20.87;0.03;0.0;0;31.67;0;-116.6;0.0;0.03;0.12;2.94
2028;215;313;beauce_5_sa_020;solnu;;0.18;0.0;18.15;-34.65;0.0;20.87;7.41;0.0;0.0;0;0;0;-139.68;0.0;0.0;0.0;0.18
2028;314;366;beauce_5_sa_020;BTH;;0.92;0.0;6.13;-8.75;0.0;7.41;6.5;0.0;0.0;0;0.0;0;-19.18;0.0;0.0;0.0;0.92
2028;1;222;beauce_5_sa_021;BTH;;1.59;0.17;48.98;29.35;59.21;9.75;40.32;0.05;0.0;0;34.84;0;-174.19;0.0;0.05;0.17;1.59
2028;223;280;beauce_5_sa_021;solnu;;0.0;0.0;10.38;-46.17;0.0;40.32;4.67;0.0;0.0;0;0;0;-70.75;0.0;0.0;0.0;0.0
2028;281;366;beauce_5_sa_021;BTH;;0.68;0.0;12.71;-13.86;0.0;4.29;3.64;0.0;0.0;0;0.0;0;15.92;0.0;0.0;0.0;0.68
2028;1;193;beauce_5_sa_022;BTH;;3.45;0.87;41.8;32.65;74.45;33.52;95.28;0.06;0.0;0;74.11;0;-187.48;0.02;0.04;0.87;3.45
2028;194;267;beauce_5_sa_022;solnu;;0.0;0.0;23.36;-96.42;0.0;95.28;22.21;0.0;0.0;0;0;0;-148.81;0.0;0.0;0.0;0.0
2028;268;366;beauce_5_sa_022;BTH;;1.51;0.0;16.73;-0.64;13.25;21.67;23.52;0.02;0.0;0;7.79;0;94.56;0.01;0.01;0.0;1.51
2028;1;181;beauce_5_sa_023;BTH;;1.31;0.02;32.81;12.91;48.68;7.55;4.8;0.03;0.0;0;28.64;0;-108.43;0.0;0.03;0.02;1.31
2028;182;299;beauce_5_sa_023;solnu;;0.01;0.0;25.18;-29.06;0.0;4.8;3.6;0.01;0.0;0;0;0;-165.47;0.0;0.01;0.0;0.01
2028;300;366;beauce_5_sa_023;BTH;;0.53;0.0;8.95;-11.38;0.0;3.74;3.12;0.0;0.0;0;0.0;0;-32.12;0.0;0.0;0.0;0.53
2028;1;207;beauce_5_sa_024;BTH;;0.73;0.0;42.37;30.74;54.47;6.07;24.01;0.05;0.0;0;32.42;0;-199.27;0.0;0.04;0.0;0.73
2028;208;272;beauce_5_sa_024;solnu;;0.0;0.0;13.3;-34.64;0.0;24.01;2.67;0.0;0.0;0;0;0;-102.96;0.0;0.0;0.0;0.0
2028;273;366;beauce_5_sa_024;BTH;;0.32;0.0;14.16;-18.47;0.0;2.07;1.78;0.0;0.0;0;0.0;0;-41.42;0.0;0.0;0.0;0.32
2028;1;179;beauce_5_sa_025;BTH;;0.75;0.54;34.89;26.01;88.02;4.72;18.08;0.06;0.01;0;51.79;0;-64.0;0.03;0.04;0.54;0.75
2028;180;272;beauce_5_sa_025;solnu;;0.0;0.0;23.68;-39.4;0.0;18.08;2.35;0.01;0.0;0;0;0;-103.99;0.0;0.01;0.0;0.0
2028;273;366;beauce_5_sa_025;BTH;;0.31;0.01;15.56;-20.43;0.0;2.08;1.77;0.0;0.0;0;0.0;0;-25.67;0.0;0.0;0.01;0.31
2028;1;214;beauce_5_sa_026;BTH;;1.34;0.0;44.69;30.86;47.79;8.18;34.67;0.05;0.0;0;30.77;0;-211.61;0.0;0.05;0.0;1.34
2028;215;263;beauce_5_sa_026;solnu;;0.0;0.0;10.07;-14.82;0.0;34.67;29.92;0.0;0.0;0;0;0;-80.0;0.0;0.0;0.0;0.0
2028;264;366;beauce_5_sa_026;BTH;;0.58;0.0;14.85;-39.18;4.5;29.93;3.11;0.0;0.0;0;2.65;0;-34.51;0.0;0.0;0.0;0.58
2028;1;209;beauce_5_sa_027;BTH;;0.17;0.0;41.89;22.85;50.25;0.83;15.08;0.04;0.0;0;29.57;0;-161.42;0.0;0.04;0.0;0.17
2028;210;292;beauce_5_sa_027;solnu;;0.0;0.0;15.44;-35.63;0.0;15.08;0.55;0.0;0.0;0;0;0;-162.2;0.0;0.0;0.0;0.0
2028;293;366;beauce_5_sa_027;BTH;;0.08;0.0;9.88;-11.43;0.0;0.55;0.55;0.0;0.0;0;0.0;0;-16.05;0.0;0.0;0.0;0.08
2028;1;224;beauce_5_sa_028;BTH;;0.37;0.41;53.05;31.63;80.77;3.89;38.09;0.07;0.0;0;47.62;0;-198.05;0.02;0.05;0.41;0.37
2028;225;271;beauce_5_sa_028;solnu;;0.0;0.0;11.9;-51.05;0.0;38.09;1.68;0.0;0.0;0;0;0;-104.27;0.0;0.0;0.0;0.0
2028;272;366;beauce_5_sa_028;BTH;;0.25;0.0;15.13;-16.41;0.0;1.68;1.47;0.0;0.0;0;0.0;0;33.67;0.0;0.0;0.0;0.25
2028;1;229;beauce_5_sa_029;BTH;;0.87;0.05;49.35;32.81;59.01;6.53;32.47;0.05;0.0;0;36.09;0;-187.4;0.0;0.05;0.05;0.87
2028;230;281;beauce_5_sa_029;solnu;;0.0;0.0;8.61;-40.12;0.0;32.47;2.51;0.0;0.0;0;0;0;-58.96;0.0;0.0;0.0;0.0
2028;282;366;beauce_5_sa_029;BTH;;0.47;0.1;11.98;-19.26;0.86;2.51;3.16;0.0;0.0;0;0.51;0;-22.82;0.0;0.0;0.1;0.47
2028;1;184;beauce_5_sa_030;BTH;;0.19;0.0;33.36;19.23;51.65;0.89;1.57;0.03;0.0;0;30.39;0;-131.73;0.0;0.03;0.0;0.19
2028;185;300;beauce_5_sa_030;solnu;;0.0;0.0;24.3;-32.44;0.0;1.57;0.81;0.0;0.0;0;0;0;-227.85;0.0;0.0;0.0;0.0
2028;301;366;beauce_5_sa_030;BTH;;0.09;0.0;8.53;-9.75;0.0;0.63;0.54;0.0;0.0;0;0.0;0;-13.02;0.0;0.0;0.0;0.09
2028;1;209;beauce_5_sa_031;BTH;;0.28;0.6;45.06;32.35;100.42;3.46;24.73;0.05;0.0;0;59.36;0;-118.15;0.0;0.05;0.6;0.28
2028;210;276;beauce_5_sa_031;solnu;;0.0;0.0;16.85;-46.88;0.0;24.73;1.02;0.0;0.0;0;0;0;-175.33;0.0;0.0;0.0;0.0
2028;277;366;beauce_5_sa_031;BTH;;0.13;0.0;13.73;-15.32;0.0;1.02;1.04;0.0;0.0;0;0.0;0;30.5;0.0;0.0;0.0;0.13
2028;1;172;beauce_5_sa_032;BTH;;11.03;1.75;33.43;46.19;120.74;94.66;174.6;0.07;0.0;0;97.24;0;-39.37;0.03;0.05;1.75;11.03
2028;173;272;beauce_5_sa_032;solnu;;0.0;0.0;25.97;-5.24;0.0;174.6;195.32;0.01;0.0;0;0;0;-99.0;0.0;0.01;0.0;0.0
2028;273;366;beauce_5_sa_032;BTH;;5.8;0.0;16.6;-78.2;45.4;195.61;82.43;0.08;0.0;0;26.71;0;84.64;0.07;0.01;0.0;5.8
2028;1;208;beauce_5_sa_033;BTH;;3.87;0.0;39.93;15.23;79.12;22.75;22.38;0.05;0.0;0;46.56;0;-113.33;0.01;0.04;0.0;3.87
2028;209;305;beauce_5_sa_033;solnu;;0.27;0.0;17.89;-13.73;0.0;22.38;26.26;0.02;0.0;0;0;0;-90.51;0.01;0.01;0.0;0.27
2028;306;366;beauce_5_sa_033;BTH;;1.62;0.36;7.19;-24.42;0.0;26.42;11.3;0.0;0.0;0;0.0;0;-110.12;0.0;0.0;0.36;1.62
2028;1;209;beauce_5_sa_034;BTH;;0.22;0.0;44.58;31.14;51.24;4.89;29.04;0.05;0.0;0;32.85;0;-231.06;0.0;0.05;0.0;0.22
2028;210;265;beauce_5_sa_034;solnu;;0.0;0.0;14.13;-41.95;0.0;29.04;1.22;0.0;0.0;0;0;0;-95.91;0.0;0.0;0.0;0.0
2028;266;366;beauce_5_sa_034;BTH;;0.12;0.0;15.2;-18.09;0.0;0.85;0.67;0.0;0.0;0;0.0;0;-30.28;0.0;0.0;0.0;0.12
2028;1;173;beauce_5_sa_035;BTH;;0.72;0.0;30.15;19.68;49.7;3.92;3.38;0.03;0.0;0;29.24;0;-115.27;0.0;0.03;0.0;0.72
2028;174;297;beauce_5_sa_035;solnu;;0.0;0.0;26.74;-30.62;0.0;3.38;2.22;0.01;0.0;0;0;0;-200.69;0.0;0.01;0.0;0.0
2028;298;366;beauce_5_sa_035;BTH;;0.32;0.0;9.33;-10.11;0.0;2.35;1.96;0.0;0.0;0;0.0;0;-1.36;0.0;0.0;0.0;0.32
2028;1;220;beauce_5_sa_036;BTH;;3.42;0.0;45.82;14.89;46.75;19.62;30.5;0.04;0.0;0;27.51;0;-171.77;0.0;0.04;0.0;3.42
2028;221;289;beauce_5_sa_036;solnu;;0.06;0.0;11.76;-15.91;0.0;30.5;26.28;0.0;0.0;0;0;0;-85.22;0.0;0.0;0.0;0.06
2028;290;366;beauce_5_sa_036;BTH;;1.35;0.0;10.13;-29.72;0.0;26.35;7.81;0.0;0.0;0;0.0;0;-37.32;0.0;0.0;0.0;1.35
2028;1;199;beauce_5_sa_037;BTH;;3.41;0.02;36.93;8.9;49.17;18.93;13.71;0.03;0.0;0;28.94;0;-152.66;0.0;0.03;0.02;3.41
2028;200;316;beauce_5_sa_037;solnu;;0.2;0.0;21.46;-12.45;0.0;13.71;22.5;0.02;0.0;0;0;0;-102.43;0.01;0.01;0.0;0.2
2028;317;366;beauce_5_sa_037;BTH;;1.21;0.0;5.57;-21.58;0.0;22.5;8.78;0.0;0.0;0;0.0;0;-72.78;0.0;0.0;0.0;1.21
2028;1;174;beauce_5_sa_038;BTH;;7.19;1.75;36.83;26.43;110.94;69.56;146.53;0.09;0.0;0;101.26;0;-142.01;0.05;0.04;1.75;7.19
2028;175;261;beauce_5_sa_038;solnu;;0.0;0.0;30.37;-108.45;0.0;146.53;68.45;0.01;0.0;0;0;0;-122.54;0.0;0.01;0.0;0.0
2028;262;366;beauce_5_sa_038;BTH;;3.52;0.0;18.67;25.46;59.9;68.49;49.09;0.06;0.0;0;35.25;0;101.16;0.03;0.03;0.0;3.52
2028;1;220;beauce_5_sa_039;BTH;;1.16;0.42;47.67;15.87;79.09;6.65;21.46;0.05;0.01;0;46.54;0;-61.8;0.02;0.04;0.42;1.16
2028;221;313;beauce_5_sa_039;solnu;;0.0;0.0;18.13;-40.55;0.0;21.46;2.98;0.0;0.0;0;0;0;-161.76;0.0;0.0;0.0;0.0
2028;314;366;beauce_5_sa_039;BTH;;0.37;0.0;6.3;-7.53;0.0;2.98;2.63;0.0;0.0;0;0.0;0;-7.74;0.0;0.0;0.0;0.37
2028;1;209;beauce_5_sa_040;BTH;;3.51;0.12;39.58;11.38;56.92;20.94;20.66;0.03;0.0;0;33.49;0;-142.81;0.0;0.03;0.12;3.51
2028;210;313;beauce_5_sa_040;solnu;;0.23;0.0;18.26;-12.8;0.0;20.66;25.87;0.02;0.0;0;0;0;-93.7;0.01;0.01;0.0;0.23
2028;314;366;beauce_5_sa_040;BTH;;1.38;0.0;5.8;-24.48;0.0;25.96;9.89;0.0;0.0;0;0.0;0;-80.62;0.0;0.0;0.0;1.38
2028;1;170;beauce_5_sa_041;BTH;;14.13;2.26;35.11;39.57;134.52;126.07;219.06;0.15;0.02;0;117.01;0;-12.54;0.11;0.04;2.26;14.13
2028;171;259;beauce_5_sa_041;solnu;;0.0;0.0;31.24;-5.2;0.0;219.06;248.93;0.02;0.0;0;0;0;-159.65;0.0;0.02;0.0;0.0
2028;260;366;beauce_5_sa_041;BTH;;10.92;0.0;18.5;-73.45;61.17;249.04;121.8;0.09;0.0;0;36.0;0;114.12;0.07;0.02;0.0;10.92
2028;1;179;beauce_5_sa_042;BTH;;2.41;0.59;33.55;27.66;88.38;15.32;29.77;0.07;0.01;0;53.01;0;-50.29;0.03;0.04;0.59;2.41
2028;180;281;beauce_5_sa_042;solnu;;0.0;0.0;24.57;-7.88;0.0;29.77;46.44;0.02;0.0;0;0;0;-102.24;0.0;0.01;0.0;0.0
2028;282;366;beauce_5_sa_042;BTH;;1.04;0.06;12.94;-55.93;1.55;46.98;6.16;0.0;0.0;0;0.91;0;0.97;0.0;0.0;0.06;1.04
2028;1;214;beauce_5_sa_043;BTH;;3.47;0.0;42.17;14.18;48.99;19.67;23.86;0.03;0.0;0;28.83;0;-170.34;0.0;0.03;0.0;3.47
2028;215;297;beauce_5_sa_043;solnu;;0.0;0.0;14.1;-15.46;0.0;23.86;22.49;0.01;0.0;0;0;0;-93.24;0.0;0.0;0.0;0.0
2028;298;366;beauce_5_sa_043;BTH;;1.33;0.0;8.8;-25.96;0.0;22.65;7.75;0.0;0.0;0;0.0;0;-61.39;0.0;0.0;0.0;1.33
2028;1;188;beauce_5_sa_044;BTH;;2.02;1.23;40.15;34.59;125.6;12.89;51.17;0.08;0.01;0;73.91;0;32.07;0.03;0.04;1.23;2.02
2028;189;307;beauce_5_sa_044;solnu;;0.0;0.0;26.9;-72.3;0.0;51.17;6.1;0.01;0.0;0;0;0;-17.21;0.0;0.01;0.0;0.0
2028;308;366;beauce_5_sa_044;BTH;;0.55;0.0;8.64;-8.79;0.0;6.06;5.4;0.0;0.0;0;0.0;0;66.32;0.0;0.0;0.0;0.55
2028;1;225;beauce_5_sa_045;BTH;;1.96;0.62;48.91;28.44;94.86;8.44;35.45;0.07;0.0;0;55.82;0;-73.44;0.02;0.05;0.62;1.96
2028;226;301;beauce_5_sa_045;solnu;;0.02;0.0;13.93;-47.74;0.0;35.45;6.6;0.0;0.0;0;0;0;-134.05;0.0;0.0;0.0;0.02
2028;302;366;beauce_5_sa_045;BTH;;0.96;0.0;8.58;-9.19;0.0;6.6;5.7;0.0;0.0;0;0.0;0;35.4;0.0;0.0;0.0;0.96
2028;1;220;beauce_5_sa_046;BTH;;2.45;0.36;47.02;29.77;68.36;14.66;47.92;0.05;0.0;0;40.91;0;-140.09;0.0;0.05;0.36;2.45
2028;221;281;beauce_5_sa_046;solnu;;0.0;0.0;10.56;-13.8;0.0;47.92;44.68;0.01;0.0;0;0;0;-75.52;0.01;0.0;0.0;0.0
2028;282;366;beauce_5_sa_046;BTH;;1.09;0.0;12.16;-48.21;2.25;44.9;5.93;0.0;0.0;0;1.32;0;3.0;0.0;0.0;0.0;1.09
2028;1;229;beauce_5_sa_047;BTH;;3.73;0.0;47.25;18.83;49.68;21.62;34.68;0.04;0.0;0;29.23;0;-201.73;0.0;0.04;0.0;3.73
2028;230;291;beauce_5_sa_047;solnu;;0.07;0.0;9.79;-15.11;0.0;34.68;29.29;0.01;0.0;0;0;0;-69.64;0.01;0.0;0.0;0.07
2028;292;366;beauce_5_sa_047;BTH;;1.5;0.01;9.68;-32.84;0.0;29.35;8.72;0.0;0.0;0;0.0;0;-44.44;0.0;0.0;0.01;1.5
2028;1;183;beauce_5_sa_048;BTH;;2.48;0.15;34.28;23.62;79.33;22.98;9.41;0.04;0.0;0;48.07;0;-61.61;0.01;0.03;0.15;2.48
2028;184;299;beauce_5_sa_048;solnu;;0.0;0.0;25.44;-34.32;0.0;9.41;7.21;0.0;0.0;0;0;0;-211.0;0.0;0.0;0.0;0.0
2028;300;366;beauce_5_sa_048;BTH;;1.05;0.28;9.21;-17.3;3.48;7.21;17.65;0.01;0.0;0;2.05;0;-4.95;0.01;0.0;0.28;1.05
2028;1;209;beauce_5_sa_049;BTH;;0.14;0.17;43.32;29.08;65.96;0.96;19.68;0.05;0.0;0;38.81;0;-156.74;0.0;0.04;0.17;0.14
2028;210;280;beauce_5_sa_049;solnu;;0.0;0.0;14.37;-36.16;0.0;19.68;0.46;0.0;0.0;0;0;0;-134.24;0.0;0.0;0.0;0.0
2028;281;366;beauce_5_sa_049;BTH;;0.07;0.0;12.52;-14.67;0.0;0.46;0.44;0.0;0.0;0;0.0;0;-21.24;0.0;0.0;0.0;0.07
2028;1;198;beauce_5_sa_050;BTH;;0.14;0.37;40.43;26.78;80.75;2.19;16.36;0.04;0.0;0;47.52;0;-108.47;0.0;0.04;0.37;0.14
2028;199;278;beauce_5_sa_050;solnu;;0.0;0.0;19.23;-39.19;0.0;16.36;0.51;0.0;0.0;0;0;0;-176.92;0.0;0.0;0.0;0.0
2028;279;366;beauce_5_sa_050;BTH;;0.07;0.0;13.3;-16.36;0.0;0.51;0.5;0.0;0.0;0;0.0;0;-7.96;0.0;0.0;0.0;0.07
2028;1;181;beauce_5_sa_051;BTH;;1.25;0.06;32.68;20.14;53.83;7.79;10.37;0.03;0.0;0;33.44;0;-130.76;0.0;0.03;0.06;1.25
2028;182;274;beauce_5_sa_051;solnu;;0.0;0.0;21.51;-13.41;0.0;10.37;18.46;0.01;0.0;0;0;0;-111.26;0.0;0.01;0.0;0.0
2028;275;366;beauce_5_sa_051;BTH;;0.53;0.0;13.73;-32.65;0.0;18.77;2.91;0.0;0.0;0;0.0;0;-77.8;0.0;0.0;0.0;0.53
2028;1;178;beauce_5_sa_052;BTH;;0.96;0.85;34.84;23.26;102.82;6.47;24.28;0.09;0.01;0;62.27;0;-6.59;0.05;0.04;0.85;0.96
2028;179;260;beauce_5_sa_052;solnu;;0.0;0.0;26.11;-10.38;0.0;24.28;40.0;0.01;0.0;0;0;0;-102.19;0.0;0.01;0.0;0.0
2028;261;366;beauce_5_sa_052;BTH;;0.59;0.0;16.72;-51.97;4.59;40.05;3.43;0.0;0.0;0;2.7;0;0.22;0.0;0.0;0.0;0.59
2028;1;209;beauce_5_sa_053;BTH;;3.29;1.27;47.75;52.94;119.0;24.01;97.77;0.07;0.0;0;71.95;0;-65.11;0.01;0.06;1.27;3.29
2028;210;306;beauce_5_sa_053;solnu;;0.14;0.0;21.15;-107.62;0.0;97.77;11.15;0.0;0.0;0;0;0;-22.52;0.0;0.0;0.0;0.14
2028;307;366;beauce_5_sa_053;BTH;;1.46;0.0;8.58;12.48;5.11;11.43;25.62;0.02;0.0;0;3.01;0;63.24;0.01;0.01;0.0;1.46
2028;1;172;beauce_5_sa_054;BTH;;0.59;0.06;30.07;18.73;53.16;3.37;2.56;0.03;0.0;0;31.28;0;-99.48;0.0;0.03;0.06;0.59
2028;173;301;beauce_5_sa_054;solnu;;0.0;0.0;28.15;-34.25;0.0;2.56;1.85;0.01;0.0;0;0;0;-215.19;0.0;0.01;0.0;0.0
2028;302;366;beauce_5_sa_054;BTH;;0.27;0.0;8.47;-9.23;0.0;1.85;1.65;0.0;0.0;0;0.0;0;-3.98;0.0;0.0;0.0;0.27
2028;1;188;beauce_5_sa_055;BTH;;7.23;0.03;34.88;24.6;127.93;100.34;28.63;0.09;0.0;0;75.94;0;-36.1;0.05;0.04;0.03;7.23
2028;189;298;beauce_5_sa_055;solnu;;0.0;0.0;23.05;-9.4;0.0;28.63;42.26;0.01;0.0;0;0;0;-83.16;0.0;0.01;0.0;0.0
2028;299;366;beauce_5_sa_055;BTH;;3.46;1.02;9.31;-34.6;0.75;42.56;94.81;0.01;0.0;0;0.44;0;-119.08;0.01;0.0;1.02;3.46
2028;1;210;beauce_5_sa_056;BTH;;1.58;0.72;44.87;28.6;103.84;10.33;32.18;0.07;0.01;0;61.1;0;-65.25;0.02;0.04;0.72;1.58
2028;211;275;beauce_5_sa_056;solnu;;0.0;0.0;14.16;-40.17;0.0;32.18;6.17;0.0;0.0;0;0;0;-85.06;0.0;0.0;0.0;0.0
2028;276;366;beauce_5_sa_056;BTH;;0.92;0.0;14.05;-19.26;0.0;5.84;5.04;0.0;0.0;0;0.0;0;-31.18;0.0;0.0;0.0;0.92
2028;1;207;beauce_5_sa_057;BTH;;2.85;0.56;39.66;34.59;97.89;22.3;38.23;0.05;0.0;0;57.6;0;-140.76;0.0;0.05;0.56;2.85
2028;208;284;beauce_5_sa_057;solnu;;0.0;0.0;16.3;-10.54;0.0;38.23;43.98;0.01;0.0;0;0;0;-80.54;0.01;0.01;0.0;0.0
2028;285;366;beauce_5_sa_057;BTH;;1.41;0.0;10.79;-45.12;0.0;44.28;10.0;0.0;0.0;0;0.0;0;-57.01;0.0;0.0;0.0;1.41
2028;1;211;beauce_5_sa_058;BTH;;5.9;0.31;40.18;20.58;72.01;33.33;39.84;0.04;0.0;0;42.37;0;-159.87;0.0;0.04;0.31;5.9
2028;212;308;beauce_5_sa_058;solnu;;0.37;0.0;17.03;-10.69;0.0;39.84;45.78;0.03;0.0;0;0;0;-78.19;0.02;0.01;0.0;0.37
2028;309;366;beauce_5_sa_058;BTH;;2.3;0.0;6.56;-35.87;0.0;46.06;16.26;0.0;0.0;0;0.0;0;-50.21;0.0;0.0;0.0;2.3
2028;1;225;beauce_5_sa_059;BTH;;2.58;1.06;55.13;50.96;107.89;27.79;102.85;0.13;0.01;0;78.06;0;-215.87;0.06;0.06;1.06;2.58
2028;226;277;beauce_5_sa_059;solnu;;0.0;0.0;12.99;-99.54;0.0;102.85;16.29;0.0;0.0;0;0;0;-66.21;0.0;0.0;0.0;0.0
2028;278;366;beauce_5_sa_059;BTH;;1.49;0.0;14.59;-3.5;7.83;14.69;18.05;0.02;0.0;0;4.61;0;96.17;0.0;0.01;0.0;1.49
2028;1;228;beauce_5_sa_060;BTH;;0.33;0.06;52.01;34.65;55.82;5.05;39.62;0.06;0.0;0;35.68;0;-278.85;0.0;0.05;0.06;0.33
2028;229;272;beauce_5_sa_060;solnu;;0.0;0.0;8.69;-48.04;0.0;39.62;1.08;0.0;0.0;0;0;0;-74.6;0.0;0.0;0.0;0.0
2028;273;366;beauce_5_sa_060;BTH;;0.17;0.0;14.44;-15.99;0.0;1.08;0.92;0.0;0.0;0;0.0;0;6.71;0.0;0.0;0.0;0.17
2028;1;180;beauce_5_sa_061;BTH;;0.19;0.15;33.02;19.87;59.29;4.07;8.34;0.04;0.0;0;38.41;0;-128.62;0.01;0.03;0.15;0.19
2028;181;271;beauce_5_sa_061;solnu;;0.0;0.0;23.16;-34.34;0.0;8.34;0.75;0.01;0.0;0;0;0;-202.61;0.0;0.01;0.0;0.0
2028;272;366;beauce_5_sa_061;BTH;;0.11;0.0;14.69;-18.39;0.0;0.75;0.72;0.0;0.0;0;0.0;0;-34.68;0.0;0.0;0.0;0.11
2028;1;223;beauce_5_sa_062;BTH;;10.58;1.56;52.8;37.93;141.03;66.74;123.81;0.08;0.0;0;82.99;0;-12.18;0.03;0.06;1.56;10.58
2028;224;311;beauce_5_sa_062;solnu;;0.0;0.0;18.88;-98.83;0.0;123.81;43.82;0.03;0.0;0;0;0;-43.25;0.03;0.0;0.0;0.0
2028;312;366;beauce_5_sa_062;BTH;;5.3;0.0;7.56;-8.77;0.0;43.11;37.3;0.0;0.0;0;0.0;0;65.71;0.0;0.0;0.0;5.3
2028;1;204;beauce_5_sa_063;BTH;;4.14;0.69;37.29;22.72;114.03;31.45;25.95;0.04;0.0;0;67.1;0;-110.29;0.0;0.04;0.69;4.14
2028;205;304;beauce_5_sa_063;solnu;;0.0;0.0;18.52;-7.51;0.0;25.95;36.93;0.02;0.0;0;0;0;-73.18;0.01;0.01;0.0;0.0
2028;305;366;beauce_5_sa_063;BTH;;1.9;0.06;7.3;-33.41;0.0;37.22;16.02;0.0;0.0;0;0.0;0;-88.27;0.0;0.0;0.06;1.9
2028;1;225;beauce_5_sa_064;BTH;;1.29;0.23;46.76;23.37;68.2;7.41;25.1;0.05;0.0;0;40.13;0;-152.77;0.0;0.04;0.23;1.29
2028;226;294;beauce_5_sa_064;solnu;;0.01;0.0;11.66;-37.52;0.0;25.1;3.81;0.0;0.0;0;0;0;-132.01;0.0;0.0;0.0;0.01
2028;295;366;beauce_5_sa_064;BTH;;0.56;0.0;9.5;-11.68;0.0;3.88;3.3;0.0;0.0;0;0.0;0;-26.59;0.0;0.0;0.0;0.56
2028;1;182;beauce_5_sa_065;BTH;;1.65;0.0;33.21;12.93;49.34;9.68;4.98;0.03;0.0;0;29.03;0;-120.11;0.0;0.03;0.0;1.65
2028;183;292;beauce_5_sa_065;solnu;;0.0;0.0;24.15;-26.05;0.0;4.98;4.16;0.01;0.0;0;0;0;-144.8;0.0;0.01;0.0;0.0
2028;293;366;beauce_5_sa_065;BTH;;0.62;0.0;10.11;-15.11;0.0;4.16;3.57;0.0;0.0;0;0.0;0;-61.15;0.0;0.0;0.0;0.62
2028;1;223;beauce_5_sa_066;BTH;;0.24;0.16;51.68;36.64;62.76;3.66;40.84;0.06;0.01;0;38.09;0;-245.26;0.01;0.05;0.16;0.24
2028;224;262;beauce_5_sa_066;solnu;;0.0;0.0;9.47;-42.83;0.0;40.84;7.48;0.0;0.0;0;0;0;-73.23;0.0;0.0;0.0;0.0
2028;263;366;beauce_5_sa_066;BTH;;0.13;0.0;15.96;-23.41;0.0;5.12;0.68;0.0;0.0;0;0.0;0;12.37;0.0;0.0;0.0;0.13
2028;1;227;beauce_5_sa_067;BTH;;0.4;0.31;53.54;35.0;69.67;4.63;46.56;0.07;0.01;0;43.45;0;-198.66;0.02;0.05;0.31;0.4
2028;228;264;beauce_5_sa_067;solnu;;0.0;0.0;9.27;-55.15;0.0;46.56;1.33;0.0;0.0;0;0;0;-49.39;0.0;0.0;0.0;0.0
2028;265;366;beauce_5_sa_067;BTH;;0.23;0.06;16.02;-19.51;0.86;1.33;1.72;0.0;0.0;0;0.51;0;27.76;0.0;0.0;0.06;0.23
2028;1;194;beauce_5_sa_068;BTH;;2.11;0.59;41.62;34.92;75.97;23.08;65.43;0.06;0.0;0;61.9;0;-165.62;0.01;0.05;0.59;2.11
2028;195;270;beauce_5_sa_068;solnu;;0.0;0.0;21.47;-52.52;0.0;65.43;34.38;0.01;0.0;0;0;0;-156.26;0.0;0.01;0.0;0.0
2028;271;366;beauce_5_sa_068;BTH;;0.9;0.0;16.01;-43.03;0.0;30.21;6.46;0.0;0.0;0;0.0;0;67.25;0.0;0.0;0.0;0.9
2028;1;197;beauce_5_sa_069;BTH;;0.19;0.0;39.2;26.37;51.62;3.47;17.15;0.04;0.0;0;32.37;0;-185.61;0.0;0.04;0.0;0.19
2028;198;270;beauce_5_sa_069;solnu;;0.0;0.0;16.83;-34.37;0.0;17.15;0.62;0.0;0.0;0;0;0;-119.1;0.0;0.0;0.0;0.0
2028;271;366;beauce_5_sa_069;BTH;;0.1;0.0;14.67;-17.8;0.0;0.62;0.56;0.0;0.0;0;0.0;0;-57.87;0.0;0.0;0.0;0.1
2028;1;202;beauce_5_sa_070;BTH;;6.69;0.04;39.74;23.13;119.1;93.46;34.92;0.09;0.0;0;70.62;0;-37.53;0.05;0.04;0.04;6.69
2028;203;297;beauce_5_sa_070;solnu;;0.0;0.0;19.35;-11.92;0.0;34.92;42.34;0.01;0.0;0;0;0;-85.49;0.0;0.01;0.0;0.0
2028;298;366;beauce_5_sa_070;BTH;;3.46;0.93;9.42;-32.1;0.06;42.62;90.64;0.01;0.0;0;0.03;0;-111.23;0.0;0.0;0.93;3.46
2028;1;182;beauce_5_sa_071;BTH;;5.81;0.84;34.46;3.97;101.46;32.57;25.72;0.06;0.01;0;59.71;0;14.82;0.03;0.02;0.84;5.81
2028;183;315;beauce_5_sa_071;solnu;;0.0;0.0;26.58;-2.24;0.0;25.72;50.14;0.04;0.0;0;0;0;-93.06;0.02;0.02;0.0;0.0
2028;316;366;beauce_5_sa_071;BTH;;1.59;0.0;6.41;-39.0;0.0;50.32;19.12;0.01;0.0;0;0.0;0;-29.31;0.0;0.0;0.0;1.59
2028;1;193;beauce_5_sa_072;BTH;;2.39;0.14;36.48;9.36;57.85;13.75;10.17;0.03;0.0;0;34.04;0;-100.33;0.0;0.03;0.14;2.39
2028;194;299;beauce_5_sa_072;solnu;;0.0;0.0;21.42;-25.88;0.0;10.17;6.29;0.01;0.0;0;0;0;-118.24;0.0;0.01;0.0;0.0
2028;300;366;beauce_5_sa_072;BTH;;0.88;0.0;8.83;-13.44;0.0;6.29;5.49;0.0;0.0;0;0.0;0;-69.48;0.0;0.0;0.0;0.88
2028;1;186;beauce_5_sa_073;BTH;;0.26;0.33;35.58;20.6;75.64;3.05;7.81;0.05;0.01;0;46.21;0;-99.55;0.02;0.03;0.33;0.26
2028;187;280;beauce_5_sa_073;solnu;;0.0;0.0;21.74;-34.43;0.0;7.81;0.85;0.0;0.0;0;0;0;-220.2;0.0;0.0;0.0;0.0
2028;281;366;beauce_5_sa_073;BTH;;0.13;0.0;12.76;-16.87;0.0;0.85;0.75;0.0;0.0;0;0.0;0;-22.33;0.0;0.0;0.0;0.13
2028;1;204;beauce_5_sa_074;BTH;;2.65;1.28;48.79;41.53;119.57;29.98;93.89;0.08;0.01;0;94.15;0;-179.46;0.03;0.05;1.28;2.65
2028;205;266;beauce_5_sa_074;solnu;;0.0;0.0;21.9;-89.86;0.0;93.89;25.93;0.0;0.0;0;0;0;-134.02;0.0;0.0;0.0;0.0
2028;267;366;beauce_5_sa_074;BTH;;1.12;0.0;17.47;-11.27;11.49;25.26;19.49;0.02;0.0;0;6.76;0;123.8;0.01;0.01;0.0;1.12
2028;1;185;beauce_5_sa_075;BTH;;3.48;0.08;32.44;13.76;58.66;21.0;9.8;0.03;0.0;0;34.52;0;-136.72;0.0;0.03;0.08;3.48
2028;186;303;beauce_5_sa_075;solnu;;0.0;0.0;23.43;-13.18;0.0;9.8;20.18;0.01;0.0;0;0;0;-122.76;0.0;0.01;0.0;0.0
2028;304;366;beauce_5_sa_075;BTH;;1.58;0.0;7.57;-20.98;0.0;20.27;9.53;0.0;0.0;0;0.0;0;-108.96;0.0;0.0;0.0;1.58
2028;1;212;beauce_5_sa_076;BTH;;3.44;0.62;47.09;43.65;83.16;22.98;73.58;0.06;0.0;0;48.94;0;-89.19;0.0;0.05;0.62;3.44
2028;213;285;beauce_5_sa_076;solnu;;0.0;0.0;15.75;-62.87;0.0;73.58;26.46;0.01;0.0;0;0;0;-78.53;0.01;0.0;0.0;0.0
2028;286;366;beauce_5_sa_076;BTH;;1.64;0.02;12.26;-28.95;0.0;21.33;9.5;0.0;0.0;0;0.0;0;57.09;0.0;0.0;0.02;1.64
2028;1;222;beauce_5_sa_077;BTH;;0.25;0.0;50.26;26.46;48.29;4.35;32.45;0.05;0.0;0;32.72;0;-283.72;0.0;0.05;0.0;0.25
2028;223;270;beauce_5_sa_077;solnu;;0.0;0.0;10.53;-43.26;0.0;32.45;0.99;0.0;0.0;0;0;0;-90.83;0.0;0.0;0.0;0.0
2028;271;366;beauce_5_sa_077;BTH;;0.14;0.0;14.85;-15.03;0.0;0.92;0.79;0.0;0.0;0;0.0;0;15.3;0.0;0.0;0.0;0.14
2028;1;211;beauce_5_sa_078;BTH;;0.95;0.41;42.49;17.6;80.88;5.56;14.69;0.04;0.0;0;47.59;0;-64.65;0.0;0.04;0.41;0.95
2028;212;313;beauce_5_sa_078;solnu;;0.06;0.0;18.76;-37.27;0.0;14.69;2.47;0.0;0.0;0;0;0;-206.06;0.0;0.0;0.0;0.06
2028;314;366;beauce_5_sa_078;BTH;;0.31;0.0;6.08;-6.88;0.0;2.47;2.2;0.0;0.0;0;0.0;0;-3.35;0.0;0.0;0.0;0.31
2028;1;228;beauce_5_sa_079;BTH;;0.28;0.0;49.69;29.63;52.13;3.06;29.92;0.05;0.0;0;31.41;0;-248.65;0.0;0.05;0.0;0.28
2028;229;278;beauce_5_sa_079;solnu;;0.0;0.0;8.35;-39.5;0.0;29.92;0.9;0.0;0.0;0;0;0;-85.55;0.0;0.0;0.0;0.0
2028;279;366;beauce_5_sa_079;BTH;;0.13;0.0;12.85;-13.83;0.0;0.84;0.72;0.0;0.0;0;0.0;0;2.44;0.0;0.0;0.0;0.13
2028;1;221;beauce_5_sa_080;BTH;;0.24;0.0;50.38;25.73;47.05;4.56;33.32;0.05;0.0;0;32.49;0;-291.82;0.0;0.05;0.0;0.24
2028;222;267;beauce_5_sa_080;solnu;;0.0;0.0;11.17;-45.03;0.0;33.32;0.82;0.0;0.0;0;0;0;-85.11;0.0;0.0;0.0;0.0
2028;268;366;beauce_5_sa_080;BTH;;0.13;0.0;15.2;-15.24;0.0;0.82;0.79;0.0;0.0;0;0.0;0;17.85;0.0;0.0;0.0;0.13
2028;1;196;beauce_5_sa_081;BTH;;2.28;0.0;37.82;22.25;64.27;19.05;12.88;0.04;0.0;0;40.1;0;-81.77;0.0;0.04;0.0;2.28
2028;197;297;beauce_5_sa_081;solnu;;0.0;0.0;20.08;-30.73;0.0;12.88;6.47;0.0;0.0;0;0;0;-196.56;0.0;0.0;0.0;0.0
2028;298;366;beauce_5_sa_081;BTH;;1.02;0.29;9.21;-20.78;5.84;6.29;12.58;0.01;0.0;0;3.43;0;-20.7;0.01;0.0;0.29;1.02
2028;1;227;beauce_5_sa_082;BTH;;2.05;0.02;46.53;28.5;51.92;12.3;34.72;0.05;0.0;0;31.44;0;-215.66;0.0;0.05;0.02;2.05
2028;228;280;beauce_5_sa_082;solnu;;0.0;0.0;8.57;-13.85;0.0;34.72;29.43;0.0;0.0;0;0;0;-63.88;0.0;0.0;0.0;0.0
2028;281;366;beauce_5_sa_082;BTH;;0.89;0.0;11.8;-37.14;0.0;29.48;4.83;0.0;0.0;0;0.0;0;-36.09;0.0;0.0;0.0;0.89
2028;1;210;beauce_5_sa_083;BTH;;1.58;0.0;42.77;22.59;46.96;9.26;26.2;0.04;0.0;0;29.4;0;-169.15;0.0;0.04;0.0;1.58
2028;211;275;beauce_5_sa_083;solnu;;0.0;0.0;12.3;-15.54;0.0;26.2;22.95;0.0;0.0;0;0;0;-88.82;0.0;0.0;0.0;0.0
2028;276;366;beauce_5_sa_083;BTH;;0.64;0.0;13.49;-34.26;0.0;23.1;3.45;0.0;0.0;0;0.0;0;-33.07;0.0;0.0;0.0;0.64
2028;1;176;beauce_5_sa_084;BTH;;0.14;0.0;31.47;24.17;51.14;3.27;7.55;0.04;0.0;0;31.86;0;-132.6;0.0;0.03;0.0;0.14
2028;177;267;beauce_5_sa_084;solnu;;0.0;0.0;22.77;-29.72;0.0;7.55;0.59;0.01;0.0;0;0;0;-144.22;0.0;0.01;0.0;0.0
2028;268;366;beauce_5_sa_084;BTH;;0.07;0.0;14.96;-19.98;0.0;0.48;0.47;0.0;0.0;0;0.0;0;-73.99;0.0;0.0;0.0;0.07
2028;1;215;beauce_5_sa_085;BTH;;7.38;0.97;50.21;32.77;176.74;77.29;50.23;0.1;0.01;0;105.71;0;8.75;0.05;0.05;0.97;7.38
2028;216;298;beauce_5_sa_085;solnu;;0.0;0.0;19.69;-42.84;0.0;50.23;27.34;0.01;0.0;0;0;0;-64.41;0.01;0.0;0.0;0.0
2028;299;366;beauce_5_sa_085;BTH;;1.84;0.83;10.6;-27.21;3.94;27.34;70.45;0.02;0.0;0;2.32;0;8.7;0.02;0.0;0.83;1.84
2028;1;178;beauce_5_sa_086;BTH;;2.03;1.61;37.44;38.79;168.02;15.51;41.23;0.08;0.01;0;98.87;0;55.02;0.03;0.05;1.61;2.03
2028;179;289;beauce_5_sa_086;solnu;;0.0;0.0;25.96;-59.87;0.0;41.23;7.66;0.01;0.0;0;0;0;-66.11;0.0;0.01;0.0;0.0
2028;290;366;beauce_5_sa_086;BTH;;0.18;0.0;13.17;-13.13;0.0;7.65;7.52;0.0;0.0;0;0.0;0;103.71;0.0;0.0;0.0;0.18
2028;1;207;beauce_5_sa_087;BTH;;2.04;0.47;44.2;34.49;82.78;14.42;44.02;0.05;0.0;0;51.36;0;-117.78;0.0;0.05;0.47;2.04
2028;208;272;beauce_5_sa_087;solnu;;0.0;0.0;15.25;-14.02;0.0;44.02;45.25;0.0;0.0;0;0;0;-89.45;0.0;0.0;0.0;0.0
2028;273;366;beauce_5_sa_087;BTH;;1.03;0.0;14.76;-54.52;0.0;45.43;5.76;0.0;0.0;0;0.0;0;-3.0;0.0;0.0;0.0;1.03
2028;1;214;beauce_5_sa_088;BTH;;1.38;0.35;45.81;18.63;75.01;8.16;22.66;0.04;0.0;0;44.14;0;-85.89;0.01;0.04;0.35;1.38
2028;215;292;beauce_5_sa_088;solnu;;0.0;0.0;16.3;-39.77;0.0;22.66;3.47;0.0;0.0;0;0;0;-136.77;0.0;0.0;0.0;0.0
2028;293;366;beauce_5_sa_088;BTH;;0.45;0.0;10.28;-13.87;0.0;3.47;3.1;0.0;0.0;0;0.0;0;-11.86;0.0;0.0;0.0;0.45
2028;1;181;beauce_5_sa_089;BTH;;2.75;1.15;34.69;13.13;141.16;21.73;11.77;0.04;0.0;0;83.07;0;87.14;0.02;0.03;1.15;2.75
2028;182;318;beauce_5_sa_089;solnu;;0.0;0.0;27.53;-35.35;0.0;11.77;10.68;0.01;0.0;0;0;0;-180.77;0.0;0.01;0.0;0.0
2028;319;366;beauce_5_sa_089;BTH;;0.65;0.0;6.46;-7.53;0.0;10.68;10.06;0.0;0.0;0;0.0;0;22.66;0.0;0.0;0.0;0.65
2028;1;211;beauce_5_sa_090;BTH;;0.23;0.0;43.44;32.04;52.59;4.52;27.07;0.05;0.0;0;33.64;0;-236.22;0.0;0.05;0.0;0.23
2028;212;269;beauce_5_sa_090;solnu;;0.0;0.0;12.8;-40.17;0.0;27.07;0.81;0.0;0.0;0;0;0;-115.09;0.0;0.0;0.0;0.0
2028;270;366;beauce_5_sa_090;BTH;;0.12;0.0;14.4;-16.32;0.0;0.79;0.73;0.0;0.0;0;0.0;0;-25.36;0.0;0.0;0.0;0.12
2028;1;196;beauce_5_sa_091;BTH;;2.36;0.23;39.51;35.46;58.6;15.35;47.0;0.05;0.0;0;38.9;0;-155.12;0.0;0.04;0.23;2.36
2028;197;265;beauce_5_sa_091;solnu;;0.0;0.0;16.54;-14.56;0.0;47.0;48.97;0.0;0.0;0;0;0;-100.87;0.0;0.0;0.0;0.0
2028;266;366;beauce_5_sa_091;BTH;;1.07;0.0;15.32;-52.27;6.0;49.06;5.85;0.0;0.0;0;3.53;0;-3.82;0.0;0.0;0.0;1.07
2028;1;186;beauce_5_sa_092;BTH;;1.21;0.08;34.64;18.09;65.87;15.82;7.89;0.04;0.0;0;38.92;0;-74.18;0.0;0.03;0.08;1.21
2028;187;287;beauce_5_sa_092;solnu;;0.0;0.0;22.57;-29.26;0.0;7.89;3.6;0.01;0.0;0;0;0;-151.57;0.0;0.01;0.0;0.0
2028;288;366;beauce_5_sa_092;BTH;;0.53;0.14;10.88;-16.07;0.0;3.6;3.15;0.0;0.0;0;0.0;0;-69.26;0.0;0.0;0.14;0.53
2028;1;208;beauce_5_sa_093;BTH;;0.24;0.0;42.39;29.22;51.49;4.89;24.67;0.05;0.0;0;33.57;0;-228.3;0.0;0.04;0.0;0.24
2028;209;269;beauce_5_sa_093;solnu;;0.0;0.0;13.91;-39.9;0.0;24.67;0.85;0.0;0.0;0;0;0;-131.43;0.0;0.0;0.0;0.0
2028;270;366;beauce_5_sa_093;BTH;;0.13;0.0;14.43;-17.26;0.0;0.85;0.81;0.0;0.0;0;0.0;0;-23.74;0.0;0.0;0.0;0.13
2028;1;205;beauce_5_sa_094;BTH;;2.34;0.0;40.33;7.72;45.96;13.09;13.13;0.03;0.0;0;27.04;0;-119.89;0.0;0.03;0.0;2.34
2028;206;316;beauce_5_sa_094;solnu;;0.15;0.0;20.73;-32.32;0.0;13.13;5.77;0.0;0.0;0;0;0;-176.12;0.0;0.0;0.0;0.15
2028;317;366;beauce_5_sa_094;BTH;;0.71;0.0;5.78;-6.91;0.0;5.77;5.03;0.0;0.0;0;0.0;0;-5.73;0.0;0.0;0.0;0.71
2028;1;220;beauce_5_sa_095;BTH;;0.27;0.09;47.16;30.58;60.15;2.73;26.61;0.05;0.0;0;35.76;0;-211.28;0.0;0.05;0.09;0.27
2028;221;281;beauce_5_sa_095;solnu;;0.0;0.0;10.84;-39.68;0.0;26.61;0.9;0.0;0.0;0;0;0;-119.91;0.0;0.0;0.0;0.0
2028;282;366;beauce_5_sa_095;BTH;;0.14;0.0;12.06;-13.71;0.0;0.9;0.83;0.0;0.0;0;0.0;0;-6.6;0.0;0.0;0.0;0.14
2028;1;188;beauce_5_sa_096;BTH;;7.42;1.37;34.63;19.03;157.06;44.09;36.44;0.11;0.0;0;92.42;0;-43.2;0.07;0.04;1.37;7.42
2028;189;305;beauce_5_sa_096;solnu;;0.0;0.0;23.69;-5.36;0.0;36.44;54.74;0.02;0.0;0;0;0;-79.35;0.01;0.01;0.0;0.0
2028;306;366;beauce_5_sa_096;BTH;;4.15;0.0;7.73;-29.01;0.0;54.97;33.77;0.0;0.0;0;0.0;0;-97.84;0.0;0.0;0.0;4.15
2028;1;211;beauce_5_sa_097;BTH;;0.26;0.0;42.79;26.39;52.09;2.58;19.41;0.04;0.0;0;31.23;0;-182.08;0.0;0.04;0.0;0.26
2028;212;282;beauce_5_sa_097;solnu;;0.0;0.0;13.67;-36.48;0.0;19.41;0.82;0.0;0.0;0;0;0;-142.36;0.0;0.0;0.0;0.0
2028;283;366;beauce_5_sa_097;BTH;;0.13;0.02;11.62;-14.83;0.0;0.92;0.76;0.0;0.0;0;0.0;0;-7.53;0.0;0.0;0.02;0.13
2028;1;183;beauce_5_sa_098;BTH;;1.43;0.0;32.92;17.99;48.76;8.45;9.29;0.03;0.0;0;30.45;0;-136.16;0.0;0.03;0.0;1.43
2028;184;279;beauce_5_sa_098;solnu;;0.0;0.0;21.27;-13.96;0.0;9.29;16.59;0.01;0.0;0;0;0;-109.03;0.0;0.01;0.0;0.0
2028;280;366;beauce_5_sa_098;BTH;;0.57;0.0;12.55;-28.98;0.0;16.97;3.17;0.0;0.0;0;0.0;0;-81.16;0.0;0.0;0.0;0.57
2028;1;174;beauce_5_sa_099;BTH;;6.83;1.37;33.05;46.96;100.62;59.84;135.87;0.07;0.0;0;85.34;0;-63.76;0.02;0.05;1.37;6.83
2028;175;267;beauce_5_sa_099;solnu;;0.0;0.0;25.2;-6.17;0.0;135.87;154.89;0.01;0.0;0;0;0;-130.04;0.0;0.01;0.0;0.0
2028;268;366;beauce_5_sa_099;BTH;;2.98;0.0;16.56;-76.37;52.87;154.98;39.19;0.04;0.0;0;31.11;0;68.45;0.02;0.01;0.0;2.98
