annee;jourDebut;jourFin;parcelle;couvert;itk;evaporation[mm];transpiration[mm];percolation[mm];capilarite[mm];ruissellement[mm];Hr_debut[mm];Hm_debut[mm];Hr_fin[mm];Hm_fin[mm];Hr_1erJanv[mm];Hm_1erJanv[mm];satisfactionHydrique[%];pluie[mm];irrigation[mm];sommeDegresJourCulture[°C]
2019;213;304;beauce_5_sa_000;solnu;;114.67;0.0;0.0;0.01;0.0;45.53;248.32;49.05;251.84;-1.0;-1.0;0.0;118.19;0.0;0.0
2019;305;365;beauce_5_sa_000;orgeh;orgeH_tousSols_nonirr_organique;26.24;0.0;12.1;0.61;0.0;48.28;251.07;56.91;310.4;-1.0;-1.0;98.35;97.72;0.0;398.57
2019;213;298;beauce_5_sa_001;solnu;;110.65;0.0;0.0;0.01;0.0;45.53;248.32;37.69;240.48;-1.0;-1.0;0.0;102.81;0.0;0.0
2019;299;365;beauce_5_sa_001;orgeh;orgeH_tousSols_nonirr_organique;30.17;0.01;12.19;0.75;0.0;37.11;239.9;56.91;310.4;-1.0;-1.0;97.81;113.09;0.0;445.8
2019;213;287;beauce_5_sa_002;solnu;;103.61;0.0;0.0;0.01;0.0;45.53;248.32;19.32;222.1;-1.0;-1.0;0.0;78.02;0.0;0.0
2019;288;365;beauce_5_sa_002;orgeh;orgeH_tousSols_nonirr_organique;36.56;0.09;12.75;0.88;0.0;19.56;222.35;56.91;310.4;-1.0;-1.0;92.74;137.88;0.0;567.78
2019;213;281;beauce_5_sa_003;solnu;;100.92;0.0;0.0;0.01;0.0;45.53;248.32;16.28;219.07;-1.0;-1.0;0.0;71.67;0.0;0.0
2019;282;365;beauce_5_sa_003;orgeh;orgeH_tousSols_nonirr_organique;38.98;0.21;12.91;0.85;0.0;15.68;218.47;56.91;310.4;-1.0;-1.0;89.07;144.24;0.0;633.81
2019;213;316;beauce_5_sa_004;solnu;;122.17;0.0;0.0;0.09;0.0;45.53;248.32;56.25;276.65;-1.0;-1.0;0.0;153.32;0.0;0.0
2019;317;365;beauce_5_sa_004;orgeh;orgeH_tousSols_nonirr_organique;18.69;0.0;12.15;0.24;0.0;56.91;278.98;56.91;310.4;-1.0;-1.0;97.96;62.59;0.0;290.57
2019;213;307;beauce_5_sa_005;solnu;;116.81;0.0;0.0;0.01;0.0;45.53;248.32;56.91;269.04;-1.0;-1.0;0.0;139.25;0.0;0.0
2019;308;365;beauce_5_sa_005;orgeh;orgeH_tousSols_nonirr_organique;24.03;0.0;12.17;0.45;0.0;56.91;270.16;56.91;310.4;-1.0;-1.0;98.28;76.66;0.0;374.6
2019;213;273;beauce_5_sa_006;solnu;;95.66;0.0;0.0;0.01;0.0;45.53;248.32;14.94;217.73;-1.0;-1.0;0.0;69.21;0.0;0.0
2019;274;365;beauce_5_sa_006;orgeh;orgeH_tousSols_nonirr_organique;42.89;0.53;13.93;0.79;0.0;18.77;221.55;56.91;310.4;-1.0;-1.0;86.62;146.69;0.0;736.61
2019;213;284;beauce_5_sa_007;solnu;;102.14;0.0;0.0;0.01;0.0;45.53;248.32;18.29;221.08;-1.0;-1.0;0.0;74.9;0.0;0.0
2019;285;365;beauce_5_sa_007;orgeh;orgeH_tousSols_nonirr_organique;37.74;0.14;13.0;0.85;0.0;17.61;220.39;56.91;310.4;-1.0;-1.0;91.36;141.0;0.0;598.71
2019;213;261;beauce_5_sa_008;solnu;;82.45;0.0;0.0;0.01;0.0;45.53;248.32;10.78;213.57;-1.0;-1.0;0.0;62.33;0.0;0.0
2019;262;365;beauce_5_sa_008;orgeh;orgeH_tousSols_nonirr_organique;52.29;2.42;15.86;0.54;0.0;25.19;227.97;78.25;310.4;-1.0;-1.0;82.55;153.57;0.0;934.6
2019;213;259;beauce_5_sa_009;solnu;;80.85;0.0;0.0;0.01;0.0;45.53;248.32;12.38;215.17;-1.0;-1.0;0.0;47.7;0.0;0.0
2019;260;365;beauce_5_sa_009;orgeh;orgeH_tousSols_nonirr_organique;52.99;3.02;16.15;0.48;0.0;11.57;214.36;82.16;310.4;-1.0;-1.0;82.11;168.21;0.0;968.3
2019;213;312;beauce_5_sa_010;solnu;;119.95;0.0;0.0;0.04;0.0;45.53;248.32;55.92;270.93;-1.0;-1.0;0.0;142.56;0.0;0.0
2019;313;365;beauce_5_sa_010;orgeh;orgeH_tousSols_nonirr_organique;20.94;0.0;12.12;0.37;0.0;55.03;270.03;56.91;310.4;-1.0;-1.0;98.11;73.35;0.0;323.88
2019;213;264;beauce_5_sa_011;solnu;;85.74;0.0;0.0;0.01;0.0;45.53;248.32;22.13;224.92;-1.0;-1.0;0.0;65.07;0.0;0.0
2019;265;365;beauce_5_sa_011;orgeh;orgeH_tousSols_nonirr_organique;50.64;1.64;14.99;0.61;0.0;24.18;226.96;72.95;310.4;-1.0;-1.0;81.77;150.83;0.0;891.87
2019;213;304;beauce_5_sa_012;solnu;;114.67;0.0;0.0;0.01;0.0;45.53;248.32;49.05;251.84;-1.0;-1.0;0.0;118.19;0.0;0.0
2019;305;365;beauce_5_sa_012;orgeh;orgeH_tousSols_nonirr_organique;26.24;0.0;12.1;0.61;0.0;48.28;251.07;56.91;310.4;-1.0;-1.0;98.35;97.72;0.0;398.57
2019;213;269;beauce_5_sa_013;solnu;;91.6;0.0;0.0;0.01;0.0;45.53;248.32;19.01;221.8;-1.0;-1.0;0.0;65.07;0.0;0.0
2019;270;365;beauce_5_sa_013;orgeh;orgeH_tousSols_nonirr_organique;46.19;0.9;14.33;0.71;0.0;17.78;220.57;63.24;310.4;-1.0;-1.0;84.44;150.83;0.0;800.34
2019;213;286;beauce_5_sa_014;solnu;;103.37;0.0;0.0;0.01;0.0;45.53;248.32;19.56;222.35;-1.0;-1.0;0.0;77.4;0.0;0.0
2019;287;365;beauce_5_sa_014;orgeh;orgeH_tousSols_nonirr_organique;37.01;0.11;12.52;0.87;0.0;19.08;221.87;56.91;310.4;-1.0;-1.0;91.52;138.51;0.0;578.34
2019;213;283;beauce_5_sa_015;solnu;;101.98;0.0;0.0;0.01;0.0;45.53;248.32;15.22;218.01;-1.0;-1.0;0.0;74.9;0.0;0.0
2019;284;365;beauce_5_sa_015;orgeh;orgeH_tousSols_nonirr_organique;37.84;0.16;13.03;0.87;0.0;18.29;221.08;56.91;310.4;-1.0;-1.0;90.98;141.0;0.0;613.66
2019;213;270;beauce_5_sa_016;solnu;;92.64;0.0;0.0;0.01;0.0;45.53;248.32;17.96;220.75;-1.0;-1.0;0.0;65.07;0.0;0.0
2019;271;365;beauce_5_sa_016;orgeh;orgeH_tousSols_nonirr_organique;45.11;0.8;14.46;0.73;0.0;16.42;219.21;61.19;310.4;-1.0;-1.0;85.97;150.83;0.0;783.98
2019;213;293;beauce_5_sa_017;solnu;;106.87;0.0;0.0;0.01;0.0;45.53;248.32;35.98;238.77;-1.0;-1.0;0.0;97.32;0.0;0.0
2019;294;365;beauce_5_sa_017;orgeh;orgeH_tousSols_nonirr_organique;33.76;0.03;12.35;0.8;0.0;35.03;237.82;56.91;310.4;-1.0;-1.0;95.27;118.58;0.0;498.06
2019;213;307;beauce_5_sa_018;solnu;;116.84;0.0;0.0;0.01;0.0;45.53;248.32;56.91;269.01;-1.0;-1.0;0.0;139.25;0.0;0.0
2019;308;365;beauce_5_sa_018;orgeh;orgeH_tousSols_nonirr_organique;24.05;0.0;12.12;0.44;0.0;56.91;270.13;56.91;310.4;-1.0;-1.0;98.28;76.66;0.0;374.6
2019;213;297;beauce_5_sa_019;solnu;;110.17;0.0;0.0;0.01;0.0;45.53;248.32;37.8;240.59;-1.0;-1.0;0.0;102.81;0.0;0.0
2019;298;365;beauce_5_sa_019;orgeh;orgeH_tousSols_nonirr_organique;30.59;0.01;12.24;0.81;0.0;37.69;240.48;56.91;310.4;-1.0;-1.0;97.47;113.09;0.0;455.91
2019;213;308;beauce_5_sa_020;solnu;;117.57;0.0;0.0;0.01;0.0;45.53;248.32;56.91;270.0;-1.0;-1.0;0.0;139.25;0.0;0.0
2019;309;365;beauce_5_sa_020;orgeh;orgeH_tousSols_nonirr_organique;23.44;0.0;12.01;0.43;0.0;56.48;269.57;56.91;310.4;-1.0;-1.0;98.25;76.66;0.0;366.39
2019;213;316;beauce_5_sa_021;solnu;;122.24;0.0;0.0;0.06;0.0;45.53;248.32;56.25;276.58;-1.0;-1.0;0.0;153.32;0.0;0.0
2019;317;365;beauce_5_sa_021;orgeh;orgeH_tousSols_nonirr_organique;18.71;0.0;12.06;0.23;0.0;56.91;278.91;56.91;310.4;-1.0;-1.0;97.96;62.59;0.0;290.57
2019;213;289;beauce_5_sa_022;solnu;;104.67;0.0;0.0;0.01;0.0;45.53;248.32;18.88;221.67;-1.0;-1.0;0.0;78.02;0.0;0.0
2019;290;365;beauce_5_sa_022;orgeh;orgeH_tousSols_nonirr_organique;35.73;0.07;12.54;0.83;0.0;18.35;221.14;56.91;310.4;-1.0;-1.0;92.77;137.88;0.0;543.42
2019;213;275;beauce_5_sa_023;solnu;;96.85;0.0;0.0;0.01;0.0;45.53;248.32;17.9;220.68;-1.0;-1.0;0.0;69.21;0.0;0.0
2019;276;365;beauce_5_sa_023;orgeh;orgeH_tousSols_nonirr_organique;41.92;0.43;13.82;0.8;0.0;17.14;219.93;56.91;310.4;-1.0;-1.0;87.82;146.69;0.0;709.47
2019;213;281;beauce_5_sa_024;solnu;;100.71;0.0;0.0;0.01;0.0;45.53;248.32;16.49;219.28;-1.0;-1.0;0.0;71.67;0.0;0.0
2019;282;365;beauce_5_sa_024;orgeh;orgeH_tousSols_nonirr_organique;38.88;0.21;13.22;0.85;0.0;15.9;218.69;56.91;310.4;-1.0;-1.0;90.18;144.24;0.0;633.81
2019;213;294;beauce_5_sa_025;solnu;;107.82;0.0;0.0;0.01;0.0;45.53;248.32;35.03;237.82;-1.0;-1.0;0.0;101.68;0.0;0.0
2019;295;365;beauce_5_sa_025;orgeh;orgeH_tousSols_nonirr_organique;32.84;0.03;12.32;0.83;0.0;38.98;241.77;56.91;310.4;-1.0;-1.0;96.06;114.22;0.0;487.09
2019;213;261;beauce_5_sa_026;solnu;;82.45;0.0;0.0;0.01;0.0;45.53;248.32;10.78;213.57;-1.0;-1.0;0.0;62.33;0.0;0.0
2019;262;365;beauce_5_sa_026;orgeh;orgeH_tousSols_nonirr_organique;52.29;2.42;15.86;0.54;0.0;25.19;227.97;78.25;310.4;-1.0;-1.0;82.55;153.57;0.0;934.6
2019;213;279;beauce_5_sa_027;solnu;;99.47;0.0;0.0;0.01;0.0;45.53;248.32;16.58;219.37;-1.0;-1.0;0.0;70.52;0.0;0.0
2019;280;365;beauce_5_sa_027;orgeh;orgeH_tousSols_nonirr_organique;39.91;0.25;13.38;0.84;0.0;15.64;218.43;56.91;310.4;-1.0;-1.0;89.41;145.39;0.0;661.43
2019;213;314;beauce_5_sa_028;solnu;;121.2;0.0;0.0;0.09;0.0;45.53;248.32;56.91;277.32;-1.0;-1.0;0.0;150.51;0.0;0.0
2019;315;365;beauce_5_sa_028;orgeh;orgeH_tousSols_nonirr_organique;19.65;0.0;12.16;0.24;0.0;56.74;277.14;56.91;310.4;-1.0;-1.0;98.04;65.4;0.0;308.01
2019;213;304;beauce_5_sa_029;solnu;;114.96;0.0;0.0;0.01;0.0;45.53;248.32;48.76;251.55;-1.0;-1.0;0.0;118.19;0.0;0.0
2019;305;365;beauce_5_sa_029;orgeh;orgeH_tousSols_nonirr_organique;26.25;0.0;11.81;0.61;0.0;47.99;250.78;56.91;310.4;-1.0;-1.0;98.35;97.72;0.0;398.57
2019;213;292;beauce_5_sa_030;solnu;;105.88;0.0;0.0;0.01;0.0;45.53;248.32;35.33;238.12;-1.0;-1.0;0.0;97.32;0.0;0.0
2019;293;365;beauce_5_sa_030;orgeh;orgeH_tousSols_nonirr_organique;34.66;0.04;12.43;0.83;0.0;35.98;238.77;56.91;310.4;-1.0;-1.0;95.07;118.58;0.0;507.81
2019;213;263;beauce_5_sa_031;solnu;;84.62;0.0;0.0;0.01;0.0;45.53;248.32;23.24;226.03;-1.0;-1.0;0.0;62.33;0.0;0.0
2019;264;365;beauce_5_sa_031;orgeh;orgeH_tousSols_nonirr_organique;50.94;1.91;15.54;0.56;0.0;22.23;225.02;74.73;310.4;-1.0;-1.0;82.74;153.57;0.0;906.2
2019;213;288;beauce_5_sa_032;solnu;;103.99;0.0;0.0;0.01;0.0;45.53;248.32;19.56;222.35;-1.0;-1.0;0.0;78.02;0.0;0.0
2019;289;365;beauce_5_sa_032;orgeh;orgeH_tousSols_nonirr_organique;36.25;0.08;12.69;0.88;0.0;18.98;221.77;56.91;310.4;-1.0;-1.0;93.2;137.88;0.0;556.92
2019;213;309;beauce_5_sa_033;solnu;;117.84;0.0;0.0;0.01;0.0;45.53;248.32;56.48;269.73;-1.0;-1.0;0.0;139.25;0.0;0.0
2019;310;365;beauce_5_sa_033;orgeh;orgeH_tousSols_nonirr_organique;23.03;0.0;12.15;0.42;0.0;55.86;269.11;56.91;310.4;-1.0;-1.0;98.21;76.66;0.0;355.2
2019;213;265;beauce_5_sa_034;solnu;;86.33;0.0;0.0;0.01;0.0;45.53;248.32;24.27;227.06;-1.0;-1.0;0.0;65.07;0.0;0.0
2019;266;365;beauce_5_sa_034;orgeh;orgeH_tousSols_nonirr_organique;50.13;1.5;15.05;0.61;0.0;23.36;226.15;71.36;310.4;-1.0;-1.0;82.51;150.83;0.0;871.06
2019;213;317;beauce_5_sa_035;solnu;;122.65;0.0;0.0;0.1;0.0;45.53;248.32;56.91;278.98;-1.0;-1.0;0.0;153.32;0.0;0.0
2019;318;365;beauce_5_sa_035;orgeh;orgeH_tousSols_nonirr_organique;18.2;0.0;12.16;0.18;0.0;56.36;278.44;56.91;310.4;-1.0;-1.0;97.92;62.59;0.0;276.42
2019;213;273;beauce_5_sa_036;solnu;;95.65;0.0;0.0;0.01;0.0;45.53;248.32;14.95;217.74;-1.0;-1.0;0.0;69.21;0.0;0.0
2019;274;365;beauce_5_sa_036;orgeh;orgeH_tousSols_nonirr_organique;42.8;0.54;14.02;0.78;0.0;18.78;221.57;56.91;310.4;-1.0;-1.0;87.06;146.69;0.0;736.61
2019;213;304;beauce_5_sa_037;solnu;;114.67;0.0;0.0;0.01;0.0;45.53;248.32;49.05;251.84;-1.0;-1.0;0.0;118.19;0.0;0.0
2019;305;365;beauce_5_sa_037;orgeh;orgeH_tousSols_nonirr_organique;26.24;0.0;12.1;0.61;0.0;48.28;251.07;56.91;310.4;-1.0;-1.0;98.35;97.72;0.0;398.57
2019;213;262;beauce_5_sa_038;solnu;;82.68;0.0;0.0;0.01;0.0;45.53;248.32;25.19;227.97;-1.0;-1.0;0.0;62.33;0.0;0.0
2019;263;365;beauce_5_sa_038;orgeh;orgeH_tousSols_nonirr_organique;52.83;2.04;15.46;0.56;0.0;23.24;226.03;76.11;310.4;-1.0;-1.0;81.95;153.57;0.0;922.18
2019;213;288;beauce_5_sa_039;solnu;;103.99;0.0;0.0;0.01;0.0;45.53;248.32;19.56;222.35;-1.0;-1.0;0.0;78.02;0.0;0.0
2019;289;365;beauce_5_sa_039;orgeh;orgeH_tousSols_nonirr_organique;36.25;0.08;12.69;0.88;0.0;18.98;221.77;56.91;310.4;-1.0;-1.0;93.2;137.88;0.0;556.92
2019;213;313;beauce_5_sa_040;solnu;;120.86;0.0;0.0;0.03;0.0;45.53;248.32;55.02;270.02;-1.0;-1.0;0.0;150.2;0.0;0.0
2019;314;365;beauce_5_sa_040;orgeh;orgeH_tousSols_nonirr_organique;20.03;0.0;12.12;0.38;0.0;56.91;277.31;56.91;310.4;-1.0;-1.0;98.08;65.7;0.0;314.44
2019;213;302;beauce_5_sa_041;solnu;;113.31;0.0;0.0;0.01;0.0;45.53;248.32;46.01;248.8;-1.0;-1.0;0.0;117.49;0.0;0.0
2019;303;365;beauce_5_sa_041;orgeh;orgeH_tousSols_nonirr_organique;27.53;0.0;12.17;0.73;0.0;49.19;251.97;56.91;310.4;-1.0;-1.0;98.38;98.41;0.0;412.94
2019;213;303;beauce_5_sa_042;solnu;;113.84;0.0;0.0;0.01;0.0;45.53;248.32;49.19;251.97;-1.0;-1.0;0.0;118.19;0.0;0.0
2019;304;365;beauce_5_sa_042;orgeh;orgeH_tousSols_nonirr_organique;27.01;0.0;12.16;0.71;0.0;49.05;251.84;56.91;310.4;-1.0;-1.0;98.36;97.72;0.0;406.45
2019;213;278;beauce_5_sa_043;solnu;;98.88;0.0;0.0;0.01;0.0;45.53;248.32;16.48;219.27;-1.0;-1.0;0.0;70.52;0.0;0.0
2019;279;365;beauce_5_sa_043;orgeh;orgeH_tousSols_nonirr_organique;40.35;0.3;13.49;0.83;0.0;16.58;219.37;56.91;310.4;-1.0;-1.0;89.0;145.39;0.0;669.87
2019;213;293;beauce_5_sa_044;solnu;;107.1;0.0;0.0;0.01;0.0;45.53;248.32;35.75;238.54;-1.0;-1.0;0.0;97.32;0.0;0.0
2019;294;365;beauce_5_sa_044;orgeh;orgeH_tousSols_nonirr_organique;33.79;0.03;12.09;0.8;0.0;34.78;237.57;56.91;310.4;-1.0;-1.0;94.95;118.58;0.0;498.06
2019;213;262;beauce_5_sa_045;solnu;;82.81;0.0;0.0;0.01;0.0;45.53;248.32;25.05;227.84;-1.0;-1.0;0.0;62.33;0.0;0.0
2019;263;365;beauce_5_sa_045;orgeh;orgeH_tousSols_nonirr_organique;53.03;1.97;15.2;0.57;0.0;23.1;225.89;76.11;310.4;-1.0;-1.0;80.89;153.57;0.0;922.18
2019;213;300;beauce_5_sa_046;solnu;;111.91;0.0;0.0;0.01;0.0;45.53;248.32;44.48;247.27;-1.0;-1.0;0.0;111.67;0.0;0.0
2019;301;365;beauce_5_sa_046;orgeh;orgeH_tousSols_nonirr_organique;28.93;0.01;12.17;0.74;0.0;44.25;247.04;56.91;310.4;-1.0;-1.0;98.29;104.24;0.0;429.33
2019;213;293;beauce_5_sa_047;solnu;;106.87;0.0;0.0;0.01;0.0;45.53;248.32;35.98;238.77;-1.0;-1.0;0.0;97.32;0.0;0.0
2019;294;365;beauce_5_sa_047;orgeh;orgeH_tousSols_nonirr_organique;33.76;0.03;12.35;0.8;0.0;35.03;237.82;56.91;310.4;-1.0;-1.0;95.27;118.58;0.0;498.06
2019;213;292;beauce_5_sa_048;solnu;;105.88;0.0;0.0;0.01;0.0;45.53;248.32;35.33;238.12;-1.0;-1.0;0.0;97.32;0.0;0.0
2019;293;365;beauce_5_sa_048;orgeh;orgeH_tousSols_nonirr_organique;34.66;0.04;12.43;0.83;0.0;35.98;238.77;56.91;310.4;-1.0;-1.0;95.07;118.58;0.0;507.81
2019;213;298;beauce_5_sa_049;solnu;;110.55;0.0;0.0;0.01;0.0;45.53;248.32;37.79;240.58;-1.0;-1.0;0.0;102.81;0.0;0.0
2019;299;365;beauce_5_sa_049;orgeh;orgeH_tousSols_nonirr_organique;30.23;0.01;12.22;0.69;0.0;37.2;239.99;56.91;310.4;-1.0;-1.0;97.57;113.09;0.0;445.8
2019;213;310;beauce_5_sa_050;solnu;;118.47;0.0;0.0;0.01;0.0;45.53;248.32;55.86;269.1;-1.0;-1.0;0.0;142.56;0.0;0.0
2019;311;365;beauce_5_sa_050;orgeh;orgeH_tousSols_nonirr_organique;22.4;0.0;12.15;0.44;0.0;56.91;271.91;56.91;310.4;-1.0;-1.0;98.18;73.35;0.0;345.3
2019;213;315;beauce_5_sa_051;solnu;;121.81;0.0;0.0;0.07;0.0;45.53;248.32;56.74;277.02;-1.0;-1.0;0.0;150.51;0.0;0.0
2019;316;365;beauce_5_sa_051;orgeh;orgeH_tousSols_nonirr_organique;19.19;0.0;12.02;0.23;0.0;56.25;276.53;56.91;310.4;-1.0;-1.0;98.0;65.4;0.0;294.39
2019;213;307;beauce_5_sa_052;solnu;;116.97;0.0;0.0;0.01;0.0;45.53;248.32;56.91;268.88;-1.0;-1.0;0.0;139.25;0.0;0.0
2019;308;365;beauce_5_sa_052;orgeh;orgeH_tousSols_nonirr_organique;24.03;0.0;12.01;0.45;0.0;56.91;270.0;56.91;310.4;-1.0;-1.0;98.28;76.66;0.0;374.6
2019;213;311;beauce_5_sa_053;solnu;;118.96;0.0;0.0;0.04;0.0;45.53;248.32;56.91;271.92;-1.0;-1.0;0.0;142.56;0.0;0.0
2019;312;365;beauce_5_sa_053;orgeh;orgeH_tousSols_nonirr_organique;21.89;0.0;12.16;0.38;0.0;55.92;270.93;56.91;310.4;-1.0;-1.0;98.15;73.35;0.0;334.65
2019;213;310;beauce_5_sa_054;solnu;;118.53;0.0;0.0;0.02;0.0;45.53;248.32;55.86;269.04;-1.0;-1.0;0.0;142.56;0.0;0.0
2019;311;365;beauce_5_sa_054;orgeh;orgeH_tousSols_nonirr_organique;22.39;0.0;12.09;0.44;0.0;56.91;271.85;56.91;310.4;-1.0;-1.0;98.18;73.35;0.0;345.3
2019;213;316;beauce_5_sa_055;solnu;;122.29;0.0;0.0;0.08;0.0;45.53;248.32;56.25;276.54;-1.0;-1.0;0.0;153.32;0.0;0.0
2019;317;365;beauce_5_sa_055;orgeh;orgeH_tousSols_nonirr_organique;18.69;0.0;12.04;0.24;0.0;56.91;278.87;56.91;310.4;-1.0;-1.0;97.96;62.59;0.0;290.57
2019;213;287;beauce_5_sa_056;solnu;;103.61;0.0;0.0;0.01;0.0;45.53;248.32;19.32;222.1;-1.0;-1.0;0.0;78.02;0.0;0.0
2019;288;365;beauce_5_sa_056;orgeh;orgeH_tousSols_nonirr_organique;36.56;0.09;12.75;0.88;0.0;19.56;222.35;56.91;310.4;-1.0;-1.0;92.74;137.88;0.0;567.78
2019;213;308;beauce_5_sa_057;solnu;;117.34;0.0;0.0;0.01;0.0;45.53;248.32;56.91;270.23;-1.0;-1.0;0.0;139.25;0.0;0.0
2019;309;365;beauce_5_sa_057;orgeh;orgeH_tousSols_nonirr_organique;23.48;0.0;12.19;0.39;0.0;56.48;269.8;56.91;310.4;-1.0;-1.0;98.25;76.66;0.0;366.39
2019;213;304;beauce_5_sa_058;solnu;;114.73;0.0;0.0;0.01;0.0;45.53;248.32;48.99;251.78;-1.0;-1.0;0.0;118.19;0.0;0.0
2019;305;365;beauce_5_sa_058;orgeh;orgeH_tousSols_nonirr_organique;26.25;0.0;12.03;0.61;0.0;48.22;251.01;56.91;310.4;-1.0;-1.0;98.35;97.72;0.0;398.57
2019;213;265;beauce_5_sa_059;solnu;;86.46;0.0;0.0;0.01;0.0;45.53;248.32;24.14;226.93;-1.0;-1.0;0.0;65.07;0.0;0.0
2019;266;365;beauce_5_sa_059;orgeh;orgeH_tousSols_nonirr_organique;50.21;1.49;14.86;0.62;0.0;23.22;226.01;71.36;310.4;-1.0;-1.0;82.19;150.83;0.0;871.06
2019;213;258;beauce_5_sa_060;solnu;;80.2;0.0;0.0;0.01;0.0;45.53;248.32;12.34;215.13;-1.0;-1.0;0.0;47.7;0.0;0.0
2019;259;365;beauce_5_sa_060;orgeh;orgeH_tousSols_nonirr_organique;53.2;3.33;16.28;0.45;0.0;12.38;215.17;83.86;310.4;-1.0;-1.0;82.0;168.21;0.0;989.01
2019;213;316;beauce_5_sa_061;solnu;;122.18;0.0;0.0;0.04;0.0;45.53;248.32;56.25;276.65;-1.0;-1.0;0.0;153.32;0.0;0.0
2019;317;365;beauce_5_sa_061;orgeh;orgeH_tousSols_nonirr_organique;18.75;0.0;12.08;0.21;0.0;56.91;278.98;56.91;310.4;-1.0;-1.0;97.96;62.59;0.0;290.57
2019;213;308;beauce_5_sa_062;solnu;;117.41;0.0;0.0;0.01;0.0;45.53;248.32;56.91;270.16;-1.0;-1.0;0.0;139.25;0.0;0.0
2019;309;365;beauce_5_sa_062;orgeh;orgeH_tousSols_nonirr_organique;23.43;0.0;12.17;0.43;0.0;56.48;269.73;56.91;310.4;-1.0;-1.0;98.25;76.66;0.0;366.39
2019;213;276;beauce_5_sa_063;solnu;;97.6;0.0;0.0;0.01;0.0;45.53;248.32;17.14;219.93;-1.0;-1.0;0.0;69.53;0.0;0.0
2019;277;365;beauce_5_sa_063;orgeh;orgeH_tousSols_nonirr_organique;41.37;0.37;13.67;0.81;0.0;16.74;219.52;56.91;310.4;-1.0;-1.0;88.22;146.38;0.0;697.57
2019;213;297;beauce_5_sa_064;solnu;;110.17;0.0;0.0;0.01;0.0;45.53;248.32;37.8;240.59;-1.0;-1.0;0.0;102.81;0.0;0.0
2019;298;365;beauce_5_sa_064;orgeh;orgeH_tousSols_nonirr_organique;30.59;0.01;12.24;0.81;0.0;37.69;240.48;56.91;310.4;-1.0;-1.0;97.47;113.09;0.0;455.91
2019;213;268;beauce_5_sa_065;solnu;;90.41;0.0;0.0;0.01;0.0;45.53;248.32;20.2;222.99;-1.0;-1.0;0.0;65.07;0.0;0.0
2019;269;365;beauce_5_sa_065;orgeh;orgeH_tousSols_nonirr_organique;46.97;1.03;14.6;0.69;0.0;19.16;221.95;65.22;310.4;-1.0;-1.0;84.21;150.83;0.0;818.79
2019;213;315;beauce_5_sa_066;solnu;;121.75;0.0;0.0;0.06;0.0;45.53;248.32;56.74;277.08;-1.0;-1.0;0.0;150.51;0.0;0.0
2019;316;365;beauce_5_sa_066;orgeh;orgeH_tousSols_nonirr_organique;19.18;0.0;12.08;0.23;0.0;56.25;276.59;56.91;310.4;-1.0;-1.0;98.0;65.4;0.0;294.39
2019;213;314;beauce_5_sa_067;solnu;;121.2;0.0;0.0;0.09;0.0;45.53;248.32;56.91;277.32;-1.0;-1.0;0.0;150.51;0.0;0.0
2019;315;365;beauce_5_sa_067;orgeh;orgeH_tousSols_nonirr_organique;19.65;0.0;12.16;0.24;0.0;56.74;277.14;56.91;310.4;-1.0;-1.0;98.04;65.4;0.0;308.01
2019;213;291;beauce_5_sa_068;solnu;;105.58;0.0;0.0;0.01;0.0;45.53;248.32;26.38;229.16;-1.0;-1.0;0.0;95.68;0.0;0.0
2019;292;365;beauce_5_sa_068;orgeh;orgeH_tousSols_nonirr_organique;34.9;0.05;12.49;0.83;0.0;35.34;238.13;56.91;310.4;-1.0;-1.0;94.12;120.22;0.0;518.09
2019;213;293;beauce_5_sa_069;solnu;;106.87;0.0;0.0;0.01;0.0;45.53;248.32;35.98;238.77;-1.0;-1.0;0.0;97.32;0.0;0.0
2019;294;365;beauce_5_sa_069;orgeh;orgeH_tousSols_nonirr_organique;33.76;0.03;12.35;0.8;0.0;35.03;237.82;56.91;310.4;-1.0;-1.0;95.27;118.58;0.0;498.06
2019;213;297;beauce_5_sa_070;solnu;;110.17;0.0;0.0;0.01;0.0;45.53;248.32;37.8;240.59;-1.0;-1.0;0.0;102.81;0.0;0.0
2019;298;365;beauce_5_sa_070;orgeh;orgeH_tousSols_nonirr_organique;30.59;0.01;12.24;0.81;0.0;37.69;240.48;56.91;310.4;-1.0;-1.0;97.47;113.09;0.0;455.91
2019;213;317;beauce_5_sa_071;solnu;;122.65;0.0;0.0;0.1;0.0;45.53;248.32;56.91;278.98;-1.0;-1.0;0.0;153.32;0.0;0.0
2019;318;365;beauce_5_sa_071;orgeh;orgeH_tousSols_nonirr_organique;18.2;0.0;12.16;0.18;0.0;56.36;278.44;56.91;310.4;-1.0;-1.0;97.92;62.59;0.0;276.42
2019;213;278;beauce_5_sa_072;solnu;;98.89;0.0;0.0;0.01;0.0;45.53;248.32;16.47;219.25;-1.0;-1.0;0.0;70.52;0.0;0.0
2019;279;365;beauce_5_sa_072;orgeh;orgeH_tousSols_nonirr_organique;40.43;0.29;13.39;0.83;0.0;16.56;219.35;56.91;310.4;-1.0;-1.0;88.53;145.39;0.0;669.87
2019;213;260;beauce_5_sa_073;solnu;;81.66;0.0;0.0;0.01;0.0;45.53;248.32;11.57;214.36;-1.0;-1.0;0.0;47.7;0.0;0.0
2019;261;365;beauce_5_sa_073;orgeh;orgeH_tousSols_nonirr_organique;51.93;2.71;16.72;0.43;0.0;10.78;213.57;79.86;310.4;-1.0;-1.0;83.33;168.21;0.0;953.86
2019;213;305;beauce_5_sa_074;solnu;;115.44;0.0;0.0;0.01;0.0;45.53;248.32;48.28;251.07;-1.0;-1.0;0.0;132.58;0.0;0.0
2019;306;365;beauce_5_sa_074;orgeh;orgeH_tousSols_nonirr_organique;25.44;0.0;12.14;0.67;0.0;56.91;264.88;56.91;310.4;-1.0;-1.0;98.33;83.32;0.0;384.84
2019;213;298;beauce_5_sa_075;solnu;;110.67;0.0;0.0;0.01;0.0;45.53;248.32;37.68;240.46;-1.0;-1.0;0.0;102.81;0.0;0.0
2019;299;365;beauce_5_sa_075;orgeh;orgeH_tousSols_nonirr_organique;30.21;0.01;12.13;0.75;0.0;37.08;239.87;56.91;310.4;-1.0;-1.0;97.71;113.09;0.0;445.8
2019;213;315;beauce_5_sa_076;solnu;;121.69;0.0;0.0;0.09;0.0;45.53;248.32;56.74;277.14;-1.0;-1.0;0.0;150.51;0.0;0.0
2019;316;365;beauce_5_sa_076;orgeh;orgeH_tousSols_nonirr_organique;19.18;0.0;12.15;0.23;0.0;56.25;276.65;56.91;310.4;-1.0;-1.0;98.0;65.4;0.0;294.39
2019;213;291;beauce_5_sa_077;solnu;;105.86;0.0;0.0;0.01;0.0;45.53;248.32;26.09;228.88;-1.0;-1.0;0.0;95.68;0.0;0.0
2019;292;365;beauce_5_sa_077;orgeh;orgeH_tousSols_nonirr_organique;34.95;0.05;12.15;0.86;0.0;35.05;237.84;56.91;310.4;-1.0;-1.0;93.89;120.22;0.0;518.09
2019;213;300;beauce_5_sa_078;solnu;;111.91;0.0;0.0;0.01;0.0;45.53;248.32;44.48;247.27;-1.0;-1.0;0.0;111.67;0.0;0.0
2019;301;365;beauce_5_sa_078;orgeh;orgeH_tousSols_nonirr_organique;28.93;0.01;12.17;0.74;0.0;44.25;247.04;56.91;310.4;-1.0;-1.0;98.29;104.24;0.0;429.33
2019;213;271;beauce_5_sa_079;solnu;;94.18;0.0;0.0;0.01;0.0;45.53;248.32;16.42;219.21;-1.0;-1.0;0.0;65.07;0.0;0.0
2019;272;365;beauce_5_sa_079;orgeh;orgeH_tousSols_nonirr_organique;43.82;0.7;14.31;0.75;0.0;15.53;218.32;59.38;310.4;-1.0;-1.0;86.35;150.83;0.0;766.17
2019;213;260;beauce_5_sa_080;solnu;;81.76;0.0;0.0;0.01;0.0;45.53;248.32;11.47;214.26;-1.0;-1.0;0.0;47.7;0.0;0.0
2019;261;365;beauce_5_sa_080;orgeh;orgeH_tousSols_nonirr_organique;52.1;2.62;16.53;0.44;0.0;10.67;213.46;79.86;310.4;-1.0;-1.0;82.43;168.21;0.0;953.86
2019;213;289;beauce_5_sa_081;solnu;;104.58;0.0;0.0;0.01;0.0;45.53;248.32;18.98;221.77;-1.0;-1.0;0.0;78.02;0.0;0.0
2019;290;365;beauce_5_sa_081;orgeh;orgeH_tousSols_nonirr_organique;35.66;0.07;12.7;0.83;0.0;18.46;221.25;56.91;310.4;-1.0;-1.0;93.27;137.88;0.0;543.42
2019;213;283;beauce_5_sa_082;solnu;;102.09;0.0;0.0;0.01;0.0;45.53;248.32;15.1;217.89;-1.0;-1.0;0.0;74.9;0.0;0.0
2019;284;365;beauce_5_sa_082;orgeh;orgeH_tousSols_nonirr_organique;37.94;0.16;12.82;0.87;0.0;18.18;220.97;56.91;310.4;-1.0;-1.0;90.15;141.0;0.0;613.66
2019;213;269;beauce_5_sa_083;solnu;;91.42;0.0;0.0;0.01;0.0;45.53;248.32;19.18;221.97;-1.0;-1.0;0.0;65.07;0.0;0.0
2019;270;365;beauce_5_sa_083;orgeh;orgeH_tousSols_nonirr_organique;46.04;0.93;14.62;0.71;0.0;17.96;220.75;63.24;310.4;-1.0;-1.0;85.55;150.83;0.0;800.34
2019;213;290;beauce_5_sa_084;solnu;;105.1;0.0;0.0;0.01;0.0;45.53;248.32;18.46;221.25;-1.0;-1.0;0.0;86.42;0.0;0.0
2019;291;365;beauce_5_sa_084;orgeh;orgeH_tousSols_nonirr_organique;35.21;0.06;12.65;0.83;0.0;26.37;229.15;56.91;310.4;-1.0;-1.0;93.72;129.48;0.0;529.57
2019;213;262;beauce_5_sa_085;solnu;;82.81;0.0;0.0;0.01;0.0;45.53;248.32;25.06;227.85;-1.0;-1.0;0.0;62.33;0.0;0.0
2019;263;365;beauce_5_sa_085;orgeh;orgeH_tousSols_nonirr_organique;53.03;1.97;15.21;0.57;0.0;23.11;225.89;76.11;310.4;-1.0;-1.0;80.93;153.57;0.0;922.18
2019;213;308;beauce_5_sa_086;solnu;;117.45;0.0;0.0;0.01;0.0;45.53;248.32;56.91;270.11;-1.0;-1.0;0.0;139.25;0.0;0.0
2019;309;365;beauce_5_sa_086;orgeh;orgeH_tousSols_nonirr_organique;23.46;0.0;12.1;0.41;0.0;56.48;269.68;56.91;310.4;-1.0;-1.0;98.25;76.66;0.0;366.39
2019;213;290;beauce_5_sa_087;solnu;;105.1;0.0;0.0;0.01;0.0;45.53;248.32;18.46;221.25;-1.0;-1.0;0.0;86.42;0.0;0.0
2019;291;365;beauce_5_sa_087;orgeh;orgeH_tousSols_nonirr_organique;35.21;0.06;12.65;0.83;0.0;26.37;229.15;56.91;310.4;-1.0;-1.0;93.72;129.48;0.0;529.57
2019;213;300;beauce_5_sa_088;solnu;;112.09;0.0;0.0;0.01;0.0;45.53;248.32;44.3;247.09;-1.0;-1.0;0.0;111.67;0.0;0.0
2019;301;365;beauce_5_sa_088;orgeh;orgeH_tousSols_nonirr_organique;28.94;0.01;11.99;0.74;0.0;44.07;246.86;56.91;310.4;-1.0;-1.0;98.27;104.24;0.0;429.33
2019;213;260;beauce_5_sa_089;solnu;;81.66;0.0;0.0;0.01;0.0;45.53;248.32;11.57;214.36;-1.0;-1.0;0.0;47.7;0.0;0.0
2019;261;365;beauce_5_sa_089;orgeh;orgeH_tousSols_nonirr_organique;51.93;2.71;16.72;0.43;0.0;10.78;213.57;79.86;310.4;-1.0;-1.0;83.33;168.21;0.0;953.86
2019;213;278;beauce_5_sa_090;solnu;;99.13;0.0;0.0;0.01;0.0;45.53;248.32;16.23;219.02;-1.0;-1.0;0.0;70.52;0.0;0.0
2019;279;365;beauce_5_sa_090;orgeh;orgeH_tousSols_nonirr_organique;40.49;0.29;13.1;0.83;0.0;16.32;219.11;56.91;310.4;-1.0;-1.0;87.67;145.39;0.0;669.87
2019;213;292;beauce_5_sa_091;solnu;;105.88;0.0;0.0;0.01;0.0;45.53;248.32;35.33;238.12;-1.0;-1.0;0.0;97.32;0.0;0.0
2019;293;365;beauce_5_sa_091;orgeh;orgeH_tousSols_nonirr_organique;34.66;0.04;12.43;0.83;0.0;35.98;238.77;56.91;310.4;-1.0;-1.0;95.07;118.58;0.0;507.81
2019;213;258;beauce_5_sa_092;solnu;;80.21;0.0;0.0;0.0;0.0;45.53;248.32;12.33;215.12;-1.0;-1.0;0.0;47.7;0.0;0.0
2019;259;365;beauce_5_sa_092;orgeh;orgeH_tousSols_nonirr_organique;53.22;3.32;16.27;0.45;0.0;12.37;215.16;83.86;310.4;-1.0;-1.0;81.94;168.21;0.0;989.01
2019;213;304;beauce_5_sa_093;solnu;;114.67;0.0;0.0;0.01;0.0;45.53;248.32;49.05;251.84;-1.0;-1.0;0.0;118.19;0.0;0.0
2019;305;365;beauce_5_sa_093;orgeh;orgeH_tousSols_nonirr_organique;26.24;0.0;12.1;0.61;0.0;48.28;251.07;56.91;310.4;-1.0;-1.0;98.35;97.72;0.0;398.57
2019;213;278;beauce_5_sa_094;solnu;;98.88;0.0;0.0;0.01;0.0;45.53;248.32;16.48;219.27;-1.0;-1.0;0.0;70.52;0.0;0.0
2019;279;365;beauce_5_sa_094;orgeh;orgeH_tousSols_nonirr_organique;40.35;0.3;13.49;0.83;0.0;16.58;219.37;56.91;310.4;-1.0;-1.0;89.0;145.39;0.0;669.87
2019;213;284;beauce_5_sa_095;solnu;;102.38;0.0;0.0;0.01;0.0;45.53;248.32;18.06;220.85;-1.0;-1.0;0.0;74.9;0.0;0.0
2019;285;365;beauce_5_sa_095;orgeh;orgeH_tousSols_nonirr_organique;37.82;0.14;12.68;0.85;0.0;17.36;220.15;56.91;310.4;-1.0;-1.0;90.46;141.0;0.0;598.71
2019;213;258;beauce_5_sa_096;solnu;;80.2;0.0;0.0;0.01;0.0;45.53;248.32;12.34;215.13;-1.0;-1.0;0.0;47.7;0.0;0.0
2019;259;365;beauce_5_sa_096;orgeh;orgeH_tousSols_nonirr_organique;53.2;3.33;16.28;0.45;0.0;12.38;215.17;83.86;310.4;-1.0;-1.0;82.0;168.21;0.0;989.01
2019;213;312;beauce_5_sa_097;solnu;;119.91;0.0;0.0;0.03;0.0;45.53;248.32;55.92;270.97;-1.0;-1.0;0.0;142.56;0.0;0.0
2019;313;365;beauce_5_sa_097;orgeh;orgeH_tousSols_nonirr_organique;20.98;0.0;12.12;0.34;0.0;55.02;270.07;56.91;310.4;-1.0;-1.0;98.11;73.35;0.0;323.88
2019;213;262;beauce_5_sa_098;solnu;;82.68;0.0;0.0;0.01;0.0;45.53;248.32;25.19;227.97;-1.0;-1.0;0.0;62.33;0.0;0.0
2019;263;365;beauce_5_sa_098;orgeh;orgeH_tousSols_nonirr_organique;52.83;2.04;15.46;0.56;0.0;23.24;226.03;76.11;310.4;-1.0;-1.0;81.95;153.57;0.0;922.18
2019;213;294;beauce_5_sa_099;solnu;;107.82;0.0;0.0;0.01;0.0;45.53;248.32;35.03;237.82;-1.0;-1.0;0.0;101.68;0.0;0.0
2019;295;365;beauce_5_sa_099;orgeh;orgeH_tousSols_nonirr_organique;32.84;0.03;12.32;0.83;0.0;38.98;241.77;56.91;310.4;-1.0;-1.0;96.06;114.22;0.0;487.09
2020;1;214;beauce_5_sa_000;orgeh;orgeH_tousSols_nonirr_organique;220.48;34.68;93.35;41.62;0.0;310.4;248.32;169.51;284.01;56.91;310.4;99.52;326.34;0.0;2665.32
2020;215;305;beauce_5_sa_000;solnu;;108.33;0.0;47.67;24.74;0.0;169.51;251.07;53.08;306.57;56.91;310.4;0.0;176.57;0.0;0.0
2020;306;366;beauce_5_sa_000;orgeh;orgeH_tousSols_nonirr_organique;23.55;0.0;62.5;1.46;0.0;55.92;284.01;56.85;310.34;56.91;310.4;98.36;109.43;0.0;346.53
2020;1;219;beauce_5_sa_001;orgeh;orgeH_tousSols_nonirr_organique;225.11;34.88;93.7;43.03;0.0;310.4;248.32;182.18;290.2;56.91;310.4;99.53;332.67;0.0;2812.56
2020;220;299;beauce_5_sa_001;solnu;;99.37;0.0;48.44;23.28;0.0;182.18;239.9;54.93;308.42;56.91;310.4;0.0;166.74;0.0;0.0
2020;300;366;beauce_5_sa_001;orgeh;orgeH_tousSols_nonirr_organique;26.43;0.0;62.65;1.44;0.0;55.2;290.2;56.85;310.34;56.91;310.4;98.51;112.93;0.0;405.75
2020;1;191;beauce_5_sa_002;orgeh;orgeH_tousSols_nonirr_organique;186.97;37.41;94.44;33.71;0.0;310.4;248.32;155.16;284.93;56.91;310.4;99.47;297.33;0.0;2415.57
2020;192;288;beauce_5_sa_002;solnu;;123.42;0.0;37.56;25.93;0.0;155.16;222.35;48.56;302.05;56.91;310.4;0.0;173.49;0.0;0.0
2020;289;366;beauce_5_sa_002;orgeh;orgeH_tousSols_nonirr_organique;33.41;0.03;77.33;3.51;0.0;48.3;284.93;56.85;310.34;56.91;310.4;98.72;141.52;0.0;516.58
2020;1;196;beauce_5_sa_003;orgeh;orgeH_tousSols_nonirr_organique;184.31;44.22;93.85;32.09;0.0;310.4;248.32;166.38;287.12;56.91;310.4;99.49;298.51;0.0;2576.88
2020;197;282;beauce_5_sa_003;solnu;;110.09;0.0;44.17;13.12;0.0;166.38;218.47;50.35;303.83;56.91;310.4;0.0;170.99;0.0;0.0
2020;283;366;beauce_5_sa_003;orgeh;orgeH_tousSols_nonirr_organique;35.23;0.01;78.69;3.71;0.0;50.42;287.12;56.85;310.34;56.91;310.4;98.81;142.83;0.0;579.69
2020;1;204;beauce_5_sa_004;orgeh;orgeH_tousSols_nonirr_organique;210.13;34.58;93.98;40.53;0.0;310.4;248.32;147.63;275.28;56.91;310.4;99.5;302.75;0.0;2374.06
2020;205;317;beauce_5_sa_004;solnu;;127.93;0.0;46.29;27.96;0.0;147.63;278.98;55.02;308.5;56.91;310.4;0.0;207.45;0.0;0.0
2020;318;366;beauce_5_sa_004;orgeh;orgeH_tousSols_nonirr_organique;16.97;0.0;60.69;0.91;0.0;54.8;275.28;56.85;310.34;56.91;310.4;97.96;102.14;0.0;265.67
2020;1;221;beauce_5_sa_005;orgeh;orgeH_tousSols_nonirr_organique;230.04;34.85;93.93;43.68;0.0;310.4;248.32;178.19;286.19;56.91;310.4;99.54;353.57;0.0;2774.34
2020;222;308;beauce_5_sa_005;solnu;;99.52;0.0;47.57;23.96;0.0;178.19;270.16;56.39;309.87;56.91;310.4;0.0;151.0;0.0;0.0
2020;309;366;beauce_5_sa_005;orgeh;orgeH_tousSols_nonirr_organique;22.11;0.0;62.54;1.03;0.0;55.65;286.19;56.85;310.34;56.91;310.4;98.28;107.77;0.0;322.77
2020;1;186;beauce_5_sa_006;orgeh;orgeH_tousSols_nonirr_organique;158.09;58.09;92.07;25.32;0.0;310.4;248.32;169.41;293.95;56.91;310.4;99.46;292.09;0.0;2493.83
2020;187;274;beauce_5_sa_006;solnu;;115.01;0.0;40.47;20.8;0.0;169.41;221.55;54.25;307.74;56.91;310.4;0.0;168.17;0.0;0.0
2020;275;366;beauce_5_sa_006;orgeh;orgeH_tousSols_nonirr_organique;44.87;0.02;81.95;5.15;0.0;53.26;293.95;56.85;310.34;56.91;310.4;98.91;152.08;0.0;681.09
2020;1;217;beauce_5_sa_007;orgeh;orgeH_tousSols_nonirr_organique;211.4;40.25;94.25;39.88;0.0;310.4;248.32;191.34;292.08;56.91;310.4;99.53;326.77;0.0;2922.58
2020;218;285;beauce_5_sa_007;solnu;;92.59;0.0;39.46;19.85;0.0;191.34;220.39;49.44;302.93;56.91;310.4;0.0;142.9;0.0;0.0
2020;286;366;beauce_5_sa_007;orgeh;orgeH_tousSols_nonirr_organique;34.75;0.04;77.83;3.64;0.0;49.01;292.08;56.85;310.34;56.91;310.4;98.77;142.67;0.0;544.43
2020;1;188;beauce_5_sa_008;orgeh;orgeH_tousSols_nonirr_organique;121.7;82.92;95.99;17.17;0.0;310.4;248.32;190.53;302.69;78.35;310.4;99.46;292.09;0.0;2725.46
2020;189;262;beauce_5_sa_008;solnu;;105.67;0.0;34.39;17.68;0.0;190.53;227.97;43.66;297.14;78.35;310.4;0.0;134.73;0.0;0.0
2020;263;366;beauce_5_sa_008;orgeh;orgeH_tousSols_nonirr_organique;53.12;0.64;96.12;9.48;0.0;43.66;302.69;71.75;310.34;78.35;310.4;99.04;185.52;0.0;864.86
2020;1;204;beauce_5_sa_009;orgeh;orgeH_tousSols_nonirr_organique;129.42;85.95;98.14;20.15;0.0;310.4;248.32;206.4;300.46;82.25;310.4;99.5;302.75;0.0;3051.79
2020;205;260;beauce_5_sa_009;solnu;;89.75;0.0;36.29;14.3;0.0;206.4;214.36;44.67;298.15;82.25;310.4;0.0;123.87;0.0;0.0
2020;261;366;beauce_5_sa_009;orgeh;orgeH_tousSols_nonirr_organique;53.44;0.74;96.84;9.54;0.0;44.45;300.46;74.98;310.34;82.25;310.4;99.05;185.72;0.0;894.86
2020;1;231;beauce_5_sa_010;orgeh;orgeH_tousSols_nonirr_organique;245.44;34.84;93.66;45.79;0.0;310.4;248.32;203.12;302.38;56.91;310.4;99.55;365.34;0.0;2912.41
2020;232;313;beauce_5_sa_010;solnu;;85.92;0.0;51.22;20.03;0.0;203.12;270.03;56.65;310.13;56.91;310.4;0.0;144.65;0.0;0.0
2020;314;366;beauce_5_sa_010;orgeh;orgeH_tousSols_nonirr_organique;18.62;0.0;60.88;0.8;0.0;56.09;302.38;56.85;310.34;56.91;310.4;98.11;102.35;0.0;285.14
2020;1;225;beauce_5_sa_011;orgeh;orgeH_tousSols_nonirr_organique;163.21;79.79;114.55;26.37;0.0;310.4;248.32;231.09;307.38;73.05;310.4;99.55;354.05;0.0;3365.43
2020;226;265;beauce_5_sa_011;solnu;;57.81;0.0;24.64;6.02;0.0;231.09;226.96;44.55;298.03;73.05;310.4;0.0;74.28;0.0;0.0
2020;266;366;beauce_5_sa_011;orgeh;orgeH_tousSols_nonirr_organique;52.47;0.07;98.02;9.32;0.0;45.83;307.38;66.27;310.35;73.05;310.4;99.01;184.0;0.0;815.93
2020;1;215;beauce_5_sa_012;orgeh;orgeH_tousSols_nonirr_organique;221.45;34.68;93.35;42.1;0.0;310.4;248.32;174.7;288.07;56.91;310.4;99.52;326.77;0.0;2684.33
2020;216;305;beauce_5_sa_012;solnu;;107.77;0.0;47.25;24.71;0.0;174.7;251.07;53.08;306.57;56.91;310.4;0.0;176.15;0.0;0.0
2020;306;366;beauce_5_sa_012;orgeh;orgeH_tousSols_nonirr_organique;23.55;0.0;62.5;1.46;0.0;55.92;288.07;56.85;310.34;56.91;310.4;98.36;109.43;0.0;346.53
2020;1;210;beauce_5_sa_013;orgeh;orgeH_tousSols_nonirr_organique;165.46;67.93;90.27;28.65;0.0;310.4;248.32;211.02;308.86;63.34;310.4;99.52;321.31;0.0;2996.23
2020;211;270;beauce_5_sa_013;solnu;;86.01;0.0;34.7;14.83;0.0;211.02;220.57;43.64;297.12;63.34;310.4;0.0;108.98;0.0;0.0
2020;271;366;beauce_5_sa_013;orgeh;orgeH_tousSols_nonirr_organique;49.03;0.38;96.75;8.79;0.0;42.5;308.86;57.21;310.36;63.34;310.4;98.96;182.05;0.0;738.74
2020;1;196;beauce_5_sa_014;orgeh;orgeH_tousSols_nonirr_organique;191.45;39.38;94.28;34.18;0.0;310.4;248.32;160.35;284.39;56.91;310.4;99.49;298.51;0.0;2521.41
2020;197;287;beauce_5_sa_014;solnu;;111.91;0.0;41.52;13.71;0.0;160.35;221.87;49.83;303.32;56.91;310.4;0.0;172.13;0.0;0.0
2020;288;366;beauce_5_sa_014;orgeh;orgeH_tousSols_nonirr_organique;34.01;0.0;78.02;3.43;0.0;49.08;284.39;56.85;310.34;56.91;310.4;98.73;141.7;0.0;526.47
2020;1;203;beauce_5_sa_015;orgeh;orgeH_tousSols_nonirr_organique;194.18;41.1;94.25;36.37;0.0;310.4;248.32;166.2;281.76;56.91;310.4;99.5;302.75;0.0;2680.55
2020;204;284;beauce_5_sa_015;solnu;;109.51;0.0;38.46;22.53;0.0;166.2;221.08;49.88;303.37;56.91;310.4;0.0;166.92;0.0;0.0
2020;285;366;beauce_5_sa_015;orgeh;orgeH_tousSols_nonirr_organique;34.97;0.04;78.04;3.66;0.0;49.43;281.76;56.85;310.34;56.91;310.4;98.78;142.67;0.0;555.77
2020;1;179;beauce_5_sa_016;orgeh;orgeH_tousSols_nonirr_organique;137.51;64.88;90.85;21.25;0.0;310.4;248.32;165.28;295.82;61.29;310.4;99.44;284.83;0.0;2402.82
2020;180;271;beauce_5_sa_016;solnu;;126.15;0.0;27.44;24.79;0.0;165.28;219.21;41.18;294.67;61.29;310.4;0.0;161.34;0.0;0.0
2020;272;366;beauce_5_sa_016;orgeh;orgeH_tousSols_nonirr_organique;49.12;0.2;94.42;9.03;0.0;56.84;295.82;56.85;310.34;61.29;310.4;98.95;166.17;0.0;724.19
2020;1;219;beauce_5_sa_017;orgeh;orgeH_tousSols_nonirr_organique;221.44;36.68;93.94;42.37;0.0;310.4;248.32;186.77;291.83;56.91;310.4;99.54;332.67;0.0;2864.82
2020;220;294;beauce_5_sa_017;solnu;;95.95;0.0;50.07;22.7;0.0;186.77;237.82;56.91;310.4;56.91;310.4;0.0;164.6;0.0;0.0
2020;295;366;beauce_5_sa_017;orgeh;orgeH_tousSols_nonirr_organique;29.45;0.0;63.04;1.43;0.0;55.87;291.83;56.85;310.34;56.91;310.4;98.61;115.07;0.0;456.01
2020;1;219;beauce_5_sa_018;orgeh;orgeH_tousSols_nonirr_organique;226.7;34.83;93.82;43.5;0.0;310.4;248.32;178.61;288.54;56.91;310.4;99.53;332.67;0.0;2741.36
2020;220;308;beauce_5_sa_018;solnu;;102.62;0.0;47.74;20.56;0.0;178.61;270.13;56.59;310.08;56.91;310.4;0.0;171.9;0.0;0.0
2020;309;366;beauce_5_sa_018;orgeh;orgeH_tousSols_nonirr_organique;22.11;0.0;62.75;1.03;0.0;55.86;288.54;56.85;310.34;56.91;310.4;98.28;107.77;0.0;322.77
2020;1;220;beauce_5_sa_019;orgeh;orgeH_tousSols_nonirr_organique;225.91;35.81;93.91;43.09;0.0;310.4;248.32;182.02;288.26;56.91;310.4;99.54;333.81;0.0;2840.33
2020;221;298;beauce_5_sa_019;solnu;;95.96;0.0;49.25;22.68;0.0;182.02;240.48;55.4;308.88;56.91;310.4;0.0;164.9;0.0;0.0
2020;299;366;beauce_5_sa_019;orgeh;orgeH_tousSols_nonirr_organique;27.02;0.0;62.71;1.42;0.0;54.93;288.26;56.85;310.34;56.91;310.4;98.53;113.64;0.0;415.15
2020;1;194;beauce_5_sa_020;orgeh;orgeH_tousSols_nonirr_organique;200.23;35.13;93.86;36.22;0.0;310.4;248.32;143.97;279.68;56.91;310.4;99.48;298.28;0.0;2271.37
2020;195;309;beauce_5_sa_020;solnu;;128.64;0.0;48.62;23.28;0.0;143.97;269.57;55.81;309.3;56.91;310.4;0.0;207.82;0.0;0.0
2020;310;366;beauce_5_sa_020;orgeh;orgeH_tousSols_nonirr_organique;21.39;0.0;62.69;1.08;0.0;56.33;279.68;56.85;310.34;56.91;310.4;98.25;106.25;0.0;310.54
2020;1;194;beauce_5_sa_021;orgeh;orgeH_tousSols_nonirr_organique;202.1;34.56;93.82;36.47;0.0;310.4;248.32;140.87;278.43;56.91;310.4;99.48;298.28;0.0;2195.55
2020;195;317;beauce_5_sa_021;solnu;;134.71;0.0;47.71;26.35;0.0;140.87;278.91;55.03;308.52;56.91;310.4;0.0;211.92;0.0;0.0
2020;318;366;beauce_5_sa_021;orgeh;orgeH_tousSols_nonirr_organique;16.84;0.0;60.83;0.8;0.0;54.82;278.43;56.85;310.34;56.91;310.4;97.96;102.14;0.0;265.67
2020;1;191;beauce_5_sa_022;orgeh;orgeH_tousSols_nonirr_organique;187.57;38.34;93.96;33.26;0.0;310.4;248.32;153.16;283.88;56.91;310.4;99.47;297.33;0.0;2391.22
2020;192;290;beauce_5_sa_022;solnu;;123.32;0.0;36.65;23.61;0.0;153.16;221.14;48.7;302.19;56.91;310.4;0.0;173.49;0.0;0.0
2020;291;366;beauce_5_sa_022;orgeh;orgeH_tousSols_nonirr_organique;32.29;0.0;78.43;3.38;0.0;48.27;283.88;56.85;310.34;56.91;310.4;98.68;141.52;0.0;495.65
2020;1;196;beauce_5_sa_023;orgeh;orgeH_tousSols_nonirr_organique;173.12;54.36;92.64;29.03;0.0;310.4;248.32;173.9;289.36;56.91;310.4;99.49;298.51;0.0;2652.54
2020;197;276;beauce_5_sa_023;solnu;;107.14;0.0;39.41;20.26;0.0;173.9;219.93;51.3;304.78;56.91;310.4;0.0;170.74;0.0;0.0
2020;277;366;beauce_5_sa_023;orgeh;orgeH_tousSols_nonirr_organique;41.62;0.1;82.15;5.45;0.0;56.91;289.36;56.85;310.34;56.91;310.4;98.89;143.08;0.0;653.48
2020;1;196;beauce_5_sa_024;orgeh;orgeH_tousSols_nonirr_organique;184.77;44.81;93.97;32.26;0.0;310.4;248.32;165.2;285.94;56.91;310.4;99.49;298.51;0.0;2576.88
2020;197;282;beauce_5_sa_024;solnu;;113.98;0.0;39.22;21.94;0.0;165.2;218.69;50.23;303.71;56.91;310.4;0.0;170.99;0.0;0.0
2020;283;366;beauce_5_sa_024;orgeh;orgeH_tousSols_nonirr_organique;35.15;0.06;78.61;3.8;0.0;50.29;285.94;56.85;310.34;56.91;310.4;98.81;142.83;0.0;579.69
2020;1;215;beauce_5_sa_025;orgeh;orgeH_tousSols_nonirr_organique;216.58;36.36;94.03;41.88;0.0;310.4;248.32;180.66;290.59;56.91;310.4;99.53;326.77;0.0;2772.86
2020;216;295;beauce_5_sa_025;solnu;;102.49;0.0;49.67;23.26;0.0;180.66;241.77;55.87;309.36;56.91;310.4;0.0;170.53;0.0;0.0
2020;296;366;beauce_5_sa_025;orgeh;orgeH_tousSols_nonirr_organique;28.49;0.0;62.96;1.54;0.0;55.18;290.59;56.85;310.34;56.91;310.4;98.59;115.04;0.0;445.94
2020;1;230;beauce_5_sa_026;orgeh;orgeH_tousSols_nonirr_organique;159.92;82.92;122.28;25.4;0.0;310.4;248.32;239.72;308.51;78.35;310.4;99.56;365.11;0.0;3503.68
2020;231;262;beauce_5_sa_026;solnu;;50.28;0.0;24.67;7.94;0.0;239.72;227.97;44.26;297.74;78.35;310.4;0.0;61.71;0.0;0.0
2020;263;366;beauce_5_sa_026;orgeh;orgeH_tousSols_nonirr_organique;52.95;0.54;96.99;9.46;0.0;44.29;308.51;71.74;310.34;78.35;310.4;99.04;185.52;0.0;864.86
2020;1;196;beauce_5_sa_027;orgeh;orgeH_tousSols_nonirr_organique;182.31;46.29;93.71;31.51;0.0;310.4;248.32;168.21;287.18;56.91;310.4;99.49;298.51;0.0;2604.5
2020;197;280;beauce_5_sa_027;solnu;;111.44;0.0;40.38;21.23;0.0;168.21;218.43;52.86;306.34;56.91;310.4;0.0;170.74;0.0;0.0
2020;281;366;beauce_5_sa_027;orgeh;orgeH_tousSols_nonirr_organique;37.21;0.06;79.17;3.62;0.0;52.2;287.18;56.85;310.34;56.91;310.4;98.84;143.08;0.0;608.2
2020;1;222;beauce_5_sa_028;orgeh;orgeH_tousSols_nonirr_organique;232.82;34.78;93.96;43.88;0.0;310.4;248.32;194.74;303.22;56.91;310.4;99.54;353.71;0.0;2726.93
2020;223;315;beauce_5_sa_028;solnu;;101.88;0.0;48.78;24.16;0.0;194.74;277.14;55.69;309.17;56.91;310.4;0.0;156.48;0.0;0.0
2020;316;366;beauce_5_sa_028;orgeh;orgeH_tousSols_nonirr_organique;17.54;0.0;60.79;0.87;0.0;55.28;303.22;56.85;310.34;56.91;310.4;98.04;102.14;0.0;275.37
2020;1;222;beauce_5_sa_029;orgeh;orgeH_tousSols_nonirr_organique;231.64;35.3;93.33;42.89;0.0;310.4;248.32;198.68;304.51;56.91;310.4;99.54;353.71;0.0;2817.49
2020;223;305;beauce_5_sa_029;solnu;;94.8;0.0;49.37;20.34;0.0;198.68;250.78;53.15;306.63;56.91;310.4;0.0;149.2;0.0;0.0
2020;306;366;beauce_5_sa_029;orgeh;orgeH_tousSols_nonirr_organique;23.55;0.0;62.58;1.43;0.0;55.99;304.51;56.85;310.34;56.91;310.4;98.36;109.43;0.0;346.53
2020;1;216;beauce_5_sa_030;orgeh;orgeH_tousSols_nonirr_organique;216.52;37.53;94.12;41.48;0.0;310.4;248.32;181.98;289.82;56.91;310.4;99.53;326.77;0.0;2813.84
2020;217;293;beauce_5_sa_030;solnu;;98.85;0.0;42.89;22.67;0.0;181.98;238.77;55.97;309.46;56.91;310.4;0.0;170.5;0.0;0.0
2020;294;366;beauce_5_sa_030;orgeh;orgeH_tousSols_nonirr_organique;30.46;0.01;70.19;2.24;0.0;56.91;289.82;56.85;310.34;56.91;310.4;98.63;115.07;0.0;463.96
2020;1;174;beauce_5_sa_031;orgeh;orgeH_tousSols_nonirr_organique;112.48;80.71;93.04;13.63;0.0;310.4;248.32;173.37;301.91;74.83;310.4;99.42;276.93;0.0;2435.3
2020;175;264;beauce_5_sa_031;solnu;;125.15;0.0;30.2;22.83;0.0;173.37;225.02;42.97;296.45;74.83;310.4;0.0;149.89;0.0;0.0
2020;265;366;beauce_5_sa_031;orgeh;orgeH_tousSols_nonirr_organique;53.12;0.53;95.33;9.38;0.0;42.48;301.91;67.99;310.34;74.83;310.4;99.01;185.52;0.0;832.76
2020;1;219;beauce_5_sa_032;orgeh;orgeH_tousSols_nonirr_organique;217.27;38.18;94.28;41.67;0.0;310.4;248.32;192.81;294.15;56.91;310.4;99.54;332.67;0.0;2923.68
2020;220;289;beauce_5_sa_032;solnu;;92.67;0.0;37.82;21.43;0.0;192.81;221.77;48.33;301.82;56.91;310.4;0.0;138.15;0.0;0.0
2020;290;366;beauce_5_sa_032;orgeh;orgeH_tousSols_nonirr_organique;33.03;0.02;77.31;3.48;0.0;47.59;294.15;56.85;310.34;56.91;310.4;98.7;141.52;0.0;507.89
2020;1;207;beauce_5_sa_033;orgeh;orgeH_tousSols_nonirr_organique;211.71;34.82;93.83;40.87;0.0;310.4;248.32;151.4;274.3;56.91;310.4;99.51;303.45;0.0;2498.93
2020;208;310;beauce_5_sa_033;solnu;;121.47;0.0;45.82;27.19;0.0;151.4;269.11;56.16;309.65;56.91;310.4;0.0;202.64;0.0;0.0
2020;311;366;beauce_5_sa_033;orgeh;orgeH_tousSols_nonirr_organique;20.38;0.0;62.53;0.97;0.0;55.14;274.3;56.85;310.34;56.91;310.4;98.21;106.25;0.0;304.91
2020;1;217;beauce_5_sa_034;orgeh;orgeH_tousSols_nonirr_organique;158.38;77.59;94.45;26.05;0.0;310.4;248.32;222.5;307.55;71.46;310.4;99.53;326.77;0.0;3194.93
2020;218;266;beauce_5_sa_034;solnu;;74.07;0.0;37.08;11.53;0.0;222.5;226.15;44.49;297.97;71.46;310.4;0.0;103.21;0.0;0.0
2020;267;366;beauce_5_sa_034;orgeh;orgeH_tousSols_nonirr_organique;50.99;0.64;97.32;8.91;0.0;45.42;307.55;64.41;310.37;71.46;310.4;99.0;182.36;0.0;804.16
2020;1;206;beauce_5_sa_035;orgeh;orgeH_tousSols_nonirr_organique;212.32;34.85;93.97;40.85;0.0;310.4;248.32;147.27;272.82;56.91;310.4;99.5;303.45;0.0;2398.95
2020;207;318;beauce_5_sa_035;solnu;;125.7;0.0;46.28;27.82;0.0;147.27;278.44;54.8;308.29;56.91;310.4;0.0;207.22;0.0;0.0
2020;319;366;beauce_5_sa_035;orgeh;orgeH_tousSols_nonirr_organique;16.81;0.0;60.64;0.91;0.0;54.97;272.82;56.85;310.34;56.91;310.4;97.92;101.67;0.0;257.58
2020;1;170;beauce_5_sa_036;orgeh;orgeH_tousSols_nonirr_organique;138.86;57.69;92.14;17.78;0.0;310.4;248.32;156.5;298.91;56.91;310.4;99.41;276.39;0.0;2188.71
2020;171;274;beauce_5_sa_036;solnu;;136.92;0.0;38.13;25.53;0.0;156.5;221.57;54.25;307.74;56.91;310.4;0.0;183.88;0.0;0.0
2020;275;366;beauce_5_sa_036;orgeh;orgeH_tousSols_nonirr_organique;44.46;0.14;82.23;5.21;0.0;53.26;298.91;56.85;310.34;56.91;310.4;98.91;152.08;0.0;681.09
2020;1;189;beauce_5_sa_037;orgeh;orgeH_tousSols_nonirr_organique;194.65;34.68;93.35;34.07;0.0;310.4;248.32;140.77;280.63;56.91;310.4;99.46;292.09;0.0;2208.19
2020;190;305;beauce_5_sa_037;solnu;;134.34;0.0;47.5;28.93;0.0;140.77;251.07;53.08;306.56;56.91;310.4;0.0;210.82;0.0;0.0
2020;306;366;beauce_5_sa_037;orgeh;orgeH_tousSols_nonirr_organique;23.55;0.0;62.5;1.46;0.0;55.92;280.63;56.85;310.34;56.91;310.4;98.36;109.43;0.0;346.53
2020;1;174;beauce_5_sa_038;orgeh;orgeH_tousSols_nonirr_organique;109.96;82.61;93.52;13.2;0.0;310.4;248.32;174.05;302.04;76.21;310.4;99.42;276.93;0.0;2451.29
2020;175;263;beauce_5_sa_038;solnu;;124.58;0.0;30.25;22.3;0.0;174.05;226.03;43.62;297.1;76.21;310.4;0.0;149.89;0.0;0.0
2020;264;366;beauce_5_sa_038;orgeh;orgeH_tousSols_nonirr_organique;53.37;0.58;95.68;9.38;0.0;42.97;302.04;69.83;310.34;76.21;310.4;99.03;185.52;0.0;848.37
2020;1;225;beauce_5_sa_039;orgeh;orgeH_tousSols_nonirr_organique;227.16;38.18;94.28;42.31;0.0;310.4;248.32;209.87;305.31;56.91;310.4;99.55;354.05;0.0;3030.47
2020;226;289;beauce_5_sa_039;solnu;;79.84;0.0;40.7;17.96;0.0;209.87;221.77;48.39;301.88;56.91;310.4;0.0;116.77;0.0;0.0
2020;290;366;beauce_5_sa_039;orgeh;orgeH_tousSols_nonirr_organique;33.03;0.02;77.36;3.48;0.0;47.66;305.31;56.85;310.34;56.91;310.4;98.7;141.52;0.0;507.89
2020;1;181;beauce_5_sa_040;orgeh;orgeH_tousSols_nonirr_organique;184.4;34.43;93.79;32.42;0.0;310.4;248.32;132.3;283.43;56.91;310.4;99.44;284.83;0.0;1970.63
2020;182;314;beauce_5_sa_040;solnu;;151.26;0.0;47.75;30.36;0.0;132.3;277.31;56.09;309.58;56.91;310.4;0.0;225.36;0.0;0.0
2020;315;366;beauce_5_sa_040;orgeh;orgeH_tousSols_nonirr_organique;18.06;0.0;60.88;0.79;0.0;55.69;283.43;56.85;310.34;56.91;310.4;98.08;102.14;0.0;279.17
2020;1;226;beauce_5_sa_041;orgeh;orgeH_tousSols_nonirr_organique;237.12;35.26;93.85;44.55;0.0;310.4;248.32;196.73;299.04;56.91;310.4;99.55;356.58;0.0;2903.03
2020;227;303;beauce_5_sa_041;solnu;;87.03;0.0;50.11;20.28;0.0;196.73;251.97;53.77;307.26;56.91;310.4;0.0;143.29;0.0;0.0
2020;304;366;beauce_5_sa_041;orgeh;orgeH_tousSols_nonirr_organique;24.69;0.0;62.51;1.45;0.0;53.79;299.04;56.85;310.34;56.91;310.4;98.41;112.47;0.0;365.29
2020;1;207;beauce_5_sa_042;orgeh;orgeH_tousSols_nonirr_organique;210.78;34.8;93.86;40.91;0.0;310.4;248.32;153.13;275.22;56.91;310.4;99.51;303.45;0.0;2550.18
2020;208;304;beauce_5_sa_042;solnu;;117.64;0.0;46.72;26.66;0.0;153.13;251.84;53.78;307.27;56.91;310.4;0.0;196.42;0.0;0.0
2020;305;366;beauce_5_sa_042;orgeh;orgeH_tousSols_nonirr_organique;24.26;0.0;62.5;1.41;0.0;53.08;275.22;56.85;310.34;56.91;310.4;98.39;112.47;0.0;355.75
2020;1;199;beauce_5_sa_043;orgeh;orgeH_tousSols_nonirr_organique;182.62;48.58;93.51;32.16;0.0;310.4;248.32;170.3;285.84;56.91;310.4;99.49;299.34;0.0;2668.9
2020;200;279;beauce_5_sa_043;solnu;;108.32;0.0;40.39;20.86;0.0;170.3;219.37;53.56;307.04;56.91;310.4;0.0;169.91;0.0;0.0
2020;280;366;beauce_5_sa_043;orgeh;orgeH_tousSols_nonirr_organique;37.61;0.07;79.46;3.59;0.0;52.86;285.84;56.85;310.34;56.91;310.4;98.85;143.08;0.0;618.75
2020;1;205;beauce_5_sa_044;orgeh;orgeH_tousSols_nonirr_organique;204.82;36.68;93.94;39.02;0.0;310.4;248.32;158.9;278.52;56.91;310.4;99.51;302.75;0.0;2600.68
2020;206;294;beauce_5_sa_044;solnu;;112.52;0.0;50.11;22.26;0.0;158.9;237.57;56.91;310.4;56.91;310.4;0.0;194.52;0.0;0.0
2020;295;366;beauce_5_sa_044;orgeh;orgeH_tousSols_nonirr_organique;29.45;0.0;63.04;1.43;0.0;55.87;278.52;56.85;310.34;56.91;310.4;98.61;115.07;0.0;456.01
2020;1;227;beauce_5_sa_045;orgeh;orgeH_tousSols_nonirr_organique;159.21;83.07;116.79;25.67;0.0;310.4;248.32;236.07;308.72;76.21;310.4;99.55;361.97;0.0;3431.8
2020;228;263;beauce_5_sa_045;solnu;;54.98;0.0;26.14;8.49;0.0;236.07;225.89;44.36;297.84;76.21;310.4;0.0;64.85;0.0;0.0
2020;264;366;beauce_5_sa_045;orgeh;orgeH_tousSols_nonirr_organique;52.08;0.48;97.79;9.34;0.0;43.8;308.72;69.85;310.37;76.21;310.4;99.03;185.52;0.0;848.37
2020;1;192;beauce_5_sa_046;orgeh;orgeH_tousSols_nonirr_organique;195.17;35.08;93.8;35.89;0.0;310.4;248.32;148.0;284.5;56.91;310.4;99.47;297.69;0.0;2295.36
2020;193;301;beauce_5_sa_046;solnu;;131.13;0.0;47.06;28.06;0.0;148.0;247.04;54.89;308.38;56.91;310.4;0.0;201.72;0.0;0.0
2020;302;366;beauce_5_sa_046;orgeh;orgeH_tousSols_nonirr_organique;25.76;0.0;62.57;1.37;0.0;54.29;284.5;56.85;310.34;56.91;310.4;98.46;112.93;0.0;383.87
2020;1;175;beauce_5_sa_047;orgeh;orgeH_tousSols_nonirr_organique;170.58;36.57;93.94;27.65;0.0;310.4;248.32;136.3;287.05;56.91;310.4;99.42;277.74;0.0;2048.39
2020;176;294;beauce_5_sa_047;solnu;;147.14;0.0;49.85;31.72;0.0;136.3;237.82;56.91;310.4;56.91;310.4;0.0;219.53;0.0;0.0
2020;295;366;beauce_5_sa_047;orgeh;orgeH_tousSols_nonirr_organique;29.39;0.01;63.09;1.43;0.0;55.87;287.05;56.85;310.34;56.91;310.4;98.61;115.07;0.0;456.01
2020;1;171;beauce_5_sa_048;orgeh;orgeH_tousSols_nonirr_organique;165.95;35.62;94.12;24.89;0.0;310.4;248.32;136.96;291.91;56.91;310.4;99.41;276.93;0.0;1977.87
2020;172;293;beauce_5_sa_048;solnu;;150.31;0.0;43.91;31.91;0.0;136.96;238.77;55.97;309.46;56.91;310.4;0.0;220.34;0.0;0.0
2020;294;366;beauce_5_sa_048;orgeh;orgeH_tousSols_nonirr_organique;30.43;0.01;70.21;2.24;0.0;56.91;291.91;56.85;310.34;56.91;310.4;98.63;115.07;0.0;463.96
2020;1;231;beauce_5_sa_049;orgeh;orgeH_tousSols_nonirr_organique;243.47;34.77;93.37;44.9;0.0;310.4;248.32;208.85;304.7;56.91;310.4;99.56;365.34;0.0;3034.33
2020;232;299;beauce_5_sa_049;solnu;;78.02;0.0;51.82;18.35;0.0;208.85;239.99;54.97;308.46;56.91;310.4;0.0;134.07;0.0;0.0
2020;300;366;beauce_5_sa_049;orgeh;orgeH_tousSols_nonirr_organique;26.27;0.0;62.84;1.4;0.0;55.26;304.7;56.85;310.34;56.91;310.4;98.51;112.93;0.0;405.75
2020;1;182;beauce_5_sa_050;orgeh;orgeH_tousSols_nonirr_organique;185.19;34.65;93.93;32.73;0.0;310.4;248.32;133.0;282.27;56.91;310.4;99.44;284.83;0.0;2021.23
2020;183;311;beauce_5_sa_050;solnu;;148.61;0.0;46.17;30.06;0.0;133.0;271.91;55.26;308.75;56.91;310.4;0.0;225.16;0.0;0.0
2020;312;366;beauce_5_sa_050;orgeh;orgeH_tousSols_nonirr_organique;19.35;0.0;62.66;0.98;0.0;56.91;282.27;56.85;310.34;56.91;310.4;98.18;102.35;0.0;302.33
2020;1;175;beauce_5_sa_051;orgeh;orgeH_tousSols_nonirr_organique;176.78;33.1;93.8;29.4;0.0;310.4;248.32;126.81;284.45;56.91;310.4;99.42;277.74;0.0;1844.72
2020;176;316;beauce_5_sa_051;solnu;;157.28;0.0;51.67;27.48;0.0;126.81;276.53;55.29;308.77;56.91;310.4;0.0;232.46;0.0;0.0
2020;317;366;beauce_5_sa_051;orgeh;orgeH_tousSols_nonirr_organique;17.14;0.0;60.79;0.85;0.0;55.02;284.45;56.85;310.34;56.91;310.4;98.0;102.14;0.0;271.49
2020;1;214;beauce_5_sa_052;orgeh;orgeH_tousSols_nonirr_organique;220.17;34.85;93.92;42.31;0.0;310.4;248.32;168.17;283.58;56.91;310.4;99.52;326.34;0.0;2641.35
2020;215;308;beauce_5_sa_052;solnu;;107.62;0.0;49.19;20.45;0.0;168.17;270.0;56.55;310.03;56.91;310.4;0.0;178.23;0.0;0.0
2020;309;366;beauce_5_sa_052;orgeh;orgeH_tousSols_nonirr_organique;22.11;0.0;62.7;1.03;0.0;55.81;283.58;56.85;310.34;56.91;310.4;98.28;107.77;0.0;322.77
2020;1;196;beauce_5_sa_053;orgeh;orgeH_tousSols_nonirr_organique;203.21;34.49;93.95;37.05;0.0;310.4;248.32;143.51;277.84;56.91;310.4;99.48;298.51;0.0;2277.72
2020;197;312;beauce_5_sa_053;solnu;;131.22;0.0;47.94;27.98;0.0;143.51;270.93;56.91;310.4;56.91;310.4;0.0;211.48;0.0;0.0
2020;313;366;beauce_5_sa_053;orgeh;orgeH_tousSols_nonirr_organique;18.87;0.0;60.89;0.77;0.0;56.65;277.84;56.85;310.34;56.91;310.4;98.15;102.35;0.0;293.43
2020;1;178;beauce_5_sa_054;orgeh;orgeH_tousSols_nonirr_organique;177.98;34.26;93.96;31.23;0.0;310.4;248.32;129.19;282.75;56.91;310.4;99.43;277.85;0.0;1945.74
2020;179;311;beauce_5_sa_054;solnu;;155.59;0.0;46.67;31.31;0.0;129.19;271.85;55.36;308.85;56.91;310.4;0.0;232.15;0.0;0.0
2020;312;366;beauce_5_sa_054;orgeh;orgeH_tousSols_nonirr_organique;19.35;0.0;62.76;1.03;0.0;56.91;282.75;56.85;310.34;56.91;310.4;98.18;102.35;0.0;302.33
2020;1;205;beauce_5_sa_055;orgeh;orgeH_tousSols_nonirr_organique;211.37;34.58;93.98;40.68;0.0;310.4;248.32;147.48;274.03;56.91;310.4;99.5;302.75;0.0;2393.2
2020;206;317;beauce_5_sa_055;solnu;;125.05;0.0;47.92;23.08;0.0;147.48;278.87;55.02;308.51;56.91;310.4;0.0;207.45;0.0;0.0
2020;318;366;beauce_5_sa_055;orgeh;orgeH_tousSols_nonirr_organique;16.91;0.0;60.76;0.86;0.0;54.81;274.03;56.85;310.34;56.91;310.4;97.96;102.14;0.0;265.67
2020;1;214;beauce_5_sa_056;orgeh;orgeH_tousSols_nonirr_organique;211.06;37.41;94.44;40.53;0.0;310.4;248.32;183.21;289.61;56.91;310.4;99.53;326.34;0.0;2834.53
2020;215;288;beauce_5_sa_056;solnu;;98.41;0.0;38.46;21.65;0.0;183.21;222.35;48.59;302.07;56.91;310.4;0.0;144.47;0.0;0.0
2020;289;366;beauce_5_sa_056;orgeh;orgeH_tousSols_nonirr_organique;33.4;0.03;77.36;3.51;0.0;48.33;289.61;56.85;310.34;56.91;310.4;98.72;141.52;0.0;516.58
2020;1;179;beauce_5_sa_057;orgeh;orgeH_tousSols_nonirr_organique;178.35;34.84;93.53;31.27;0.0;310.4;248.32;130.16;282.34;56.91;310.4;99.44;284.83;0.0;1985.23
2020;180;309;beauce_5_sa_057;solnu;;153.62;0.0;46.1;31.95;0.0;130.16;269.8;55.86;309.35;56.91;310.4;0.0;221.26;0.0;0.0
2020;310;366;beauce_5_sa_057;orgeh;orgeH_tousSols_nonirr_organique;21.39;0.0;62.75;1.07;0.0;56.38;282.34;56.85;310.34;56.91;310.4;98.25;106.25;0.0;310.54
2020;1;179;beauce_5_sa_058;orgeh;orgeH_tousSols_nonirr_organique;177.99;35.18;93.33;30.83;0.0;310.4;248.32;131.51;282.57;56.91;310.4;99.44;284.83;0.0;2017.41
2020;180;305;beauce_5_sa_058;solnu;;151.35;0.0;46.29;31.18;0.0;131.51;251.01;53.46;306.94;56.91;310.4;0.0;218.08;0.0;0.0
2020;306;366;beauce_5_sa_058;orgeh;orgeH_tousSols_nonirr_organique;23.45;0.0;62.98;1.26;0.0;56.33;282.57;56.85;310.34;56.91;310.4;98.36;109.43;0.0;346.53
2020;1;197;beauce_5_sa_059;orgeh;orgeH_tousSols_nonirr_organique;139.76;79.65;91.43;20.93;0.0;310.4;248.32;193.6;298.89;71.46;310.4;99.49;298.51;0.0;2834.37
2020;198;266;beauce_5_sa_059;solnu;;94.37;0.0;35.22;11.64;0.0;193.6;226.01;45.64;299.13;71.46;310.4;0.0;131.46;0.0;0.0
2020;267;366;beauce_5_sa_059;orgeh;orgeH_tousSols_nonirr_organique;51.57;0.27;98.28;9.03;0.0;46.72;298.89;64.41;310.36;71.46;310.4;99.0;182.36;0.0;804.16
2020;1;218;beauce_5_sa_060;orgeh;orgeH_tousSols_nonirr_organique;139.8;86.01;105.1;21.94;0.0;310.4;248.32;229.44;307.07;83.96;310.4;99.54;332.67;0.0;3333.78
2020;219;259;beauce_5_sa_060;solnu;;68.5;0.0;39.36;10.19;0.0;229.44;215.17;45.44;298.93;83.96;310.4;0.0;93.81;0.0;0.0
2020;260;366;beauce_5_sa_060;orgeh;orgeH_tousSols_nonirr_organique;53.9;0.74;97.15;9.54;0.0;44.78;307.07;76.53;310.34;83.96;310.4;99.06;185.86;0.0;911.25
2020;1;227;beauce_5_sa_061;orgeh;orgeH_tousSols_nonirr_organique;241.22;34.47;93.4;44.76;0.0;310.4;248.32;194.93;298.69;56.91;310.4;99.55;361.97;0.0;2800.2
2020;228;317;beauce_5_sa_061;solnu;;93.82;0.0;49.97;20.93;0.0;194.93;278.98;55.03;308.52;56.91;310.4;0.0;148.23;0.0;0.0
2020;318;366;beauce_5_sa_061;orgeh;orgeH_tousSols_nonirr_organique;16.83;0.0;60.84;0.8;0.0;54.83;298.69;56.85;310.34;56.91;310.4;97.96;102.14;0.0;265.67
2020;1;180;beauce_5_sa_062;orgeh;orgeH_tousSols_nonirr_organique;178.29;35.01;93.87;32.23;0.0;310.4;248.32;137.71;288.86;56.91;310.4;99.44;284.83;0.0;2004.11
2020;181;309;beauce_5_sa_062;solnu;;153.84;0.0;45.63;32.63;0.0;137.71;269.73;55.64;309.13;56.91;310.4;0.0;221.26;0.0;0.0
2020;310;366;beauce_5_sa_062;orgeh;orgeH_tousSols_nonirr_organique;21.39;0.0;62.52;1.1;0.0;56.16;288.86;56.85;310.34;56.91;310.4;98.25;106.25;0.0;310.54
2020;1;202;beauce_5_sa_063;orgeh;orgeH_tousSols_nonirr_organique;181.52;50.68;93.11;32.44;0.0;310.4;248.32;175.05;285.98;56.91;310.4;99.5;300.08;0.0;2748.45
2020;203;277;beauce_5_sa_063;solnu;;102.99;0.0;41.76;20.36;0.0;175.05;219.52;56.91;310.4;56.91;310.4;0.0;169.18;0.0;0.0
2020;278;366;beauce_5_sa_063;orgeh;orgeH_tousSols_nonirr_organique;40.49;0.09;79.92;3.26;0.0;54.62;285.98;56.85;310.34;56.91;310.4;98.88;143.08;0.0;639.11
2020;1;221;beauce_5_sa_064;orgeh;orgeH_tousSols_nonirr_organique;227.2;35.81;93.91;43.15;0.0;310.4;248.32;182.93;288.1;56.91;310.4;99.54;353.57;0.0;2855.65
2020;222;298;beauce_5_sa_064;solnu;;94.47;0.0;49.45;22.68;0.0;182.93;240.48;55.4;308.88;56.91;310.4;0.0;145.13;0.0;0.0
2020;299;366;beauce_5_sa_064;orgeh;orgeH_tousSols_nonirr_organique;27.02;0.0;62.71;1.42;0.0;54.93;288.1;56.85;310.34;56.91;310.4;98.53;113.64;0.0;415.15
2020;1;207;beauce_5_sa_065;orgeh;orgeH_tousSols_nonirr_organique;160.4;70.37;90.19;27.2;0.0;310.4;248.32;194.63;293.7;65.31;310.4;99.51;303.45;0.0;2962.53
2020;208;269;beauce_5_sa_065;solnu;;88.57;0.0;33.21;13.26;0.0;194.63;221.95;45.27;298.76;65.31;310.4;0.0;126.84;0.0;0.0
2020;270;366;beauce_5_sa_065;orgeh;orgeH_tousSols_nonirr_organique;50.89;0.04;96.9;8.73;0.0;44.62;293.7;59.27;310.34;65.31;310.4;98.97;182.05;0.0;751.13
2020;1;183;beauce_5_sa_066;orgeh;orgeH_tousSols_nonirr_organique;188.11;35.42;93.86;33.14;0.0;310.4;248.32;129.58;278.65;56.91;310.4;99.45;290.23;0.0;1990.22
2020;184;316;beauce_5_sa_066;solnu;;147.43;0.0;47.81;29.57;0.0;129.58;276.59;55.29;308.78;56.91;310.4;0.0;219.97;0.0;0.0
2020;317;366;beauce_5_sa_066;orgeh;orgeH_tousSols_nonirr_organique;17.08;0.0;60.85;0.8;0.0;55.03;278.65;56.85;310.34;56.91;310.4;98.0;102.14;0.0;271.49
2020;1;229;beauce_5_sa_067;orgeh;orgeH_tousSols_nonirr_organique;242.76;34.78;93.96;45.63;0.0;310.4;248.32;200.79;302.13;56.91;310.4;99.55;362.42;0.0;2857.62
2020;230;315;beauce_5_sa_067;solnu;;89.64;0.0;51.09;20.22;0.0;200.79;277.14;55.69;309.17;56.91;310.4;0.0;147.77;0.0;0.0
2020;316;366;beauce_5_sa_067;orgeh;orgeH_tousSols_nonirr_organique;17.54;0.0;60.79;0.87;0.0;55.28;302.13;56.85;310.34;56.91;310.4;98.04;102.14;0.0;275.37
2020;1;193;beauce_5_sa_068;orgeh;orgeH_tousSols_nonirr_organique;191.84;36.98;94.03;34.45;0.0;310.4;248.32;156.21;286.05;56.91;310.4;99.48;297.69;0.0;2401.06
2020;194;292;beauce_5_sa_068;solnu;;121.83;0.0;44.28;23.09;0.0;156.21;238.13;56.91;310.4;56.91;310.4;0.0;190.46;0.0;0.0
2020;293;366;beauce_5_sa_068;orgeh;orgeH_tousSols_nonirr_organique;31.48;0.0;70.12;2.15;0.0;55.97;286.05;56.85;310.34;56.91;310.4;98.65;124.19;0.0;475.7
2020;1;227;beauce_5_sa_069;orgeh;orgeH_tousSols_nonirr_organique;233.64;36.68;93.94;43.96;0.0;310.4;248.32;206.69;303.52;56.91;310.4;99.55;361.97;0.0;3007.68
2020;228;294;beauce_5_sa_069;solnu;;80.74;0.0;53.07;19.16;0.0;206.69;237.82;56.91;310.4;56.91;310.4;0.0;135.3;0.0;0.0
2020;295;366;beauce_5_sa_069;orgeh;orgeH_tousSols_nonirr_organique;29.45;0.0;63.04;1.43;0.0;55.87;303.52;56.85;310.34;56.91;310.4;98.61;115.07;0.0;456.01
2020;1;193;beauce_5_sa_070;orgeh;orgeH_tousSols_nonirr_organique;195.49;35.81;93.91;35.56;0.0;310.4;248.32;149.96;283.7;56.91;310.4;99.48;297.69;0.0;2338.88
2020;194;298;beauce_5_sa_070;solnu;;127.21;0.0;48.42;26.78;0.0;149.96;240.48;55.4;308.88;56.91;310.4;0.0;201.01;0.0;0.0
2020;299;366;beauce_5_sa_070;orgeh;orgeH_tousSols_nonirr_organique;27.02;0.0;62.71;1.42;0.0;54.93;283.7;56.85;310.34;56.91;310.4;98.53;113.64;0.0;415.15
2020;1;208;beauce_5_sa_071;orgeh;orgeH_tousSols_nonirr_organique;213.61;34.85;93.97;41.45;0.0;310.4;248.32;148.62;272.24;56.91;310.4;99.51;312.35;0.0;2438.16
2020;209;318;beauce_5_sa_071;solnu;;124.25;0.0;46.44;27.76;0.0;148.62;278.44;54.8;308.29;56.91;310.4;0.0;198.32;0.0;0.0
2020;319;366;beauce_5_sa_071;orgeh;orgeH_tousSols_nonirr_organique;16.81;0.0;60.64;0.91;0.0;54.97;272.24;56.85;310.34;56.91;310.4;97.92;101.67;0.0;257.58
2020;1;225;beauce_5_sa_072;orgeh;orgeH_tousSols_nonirr_organique;211.88;49.08;97.84;38.15;0.0;310.4;248.32;216.91;306.12;56.91;310.4;99.55;354.05;0.0;3143.42
2020;226;279;beauce_5_sa_072;solnu;;73.23;0.0;41.39;13.13;0.0;216.91;219.35;53.56;307.04;56.91;310.4;0.0;115.2;0.0;0.0
2020;280;366;beauce_5_sa_072;orgeh;orgeH_tousSols_nonirr_organique;37.71;0.01;79.43;3.46;0.0;52.88;306.12;56.85;310.34;56.91;310.4;98.85;143.08;0.0;618.75
2020;1;193;beauce_5_sa_073;orgeh;orgeH_tousSols_nonirr_organique;124.9;84.07;95.97;17.6;0.0;310.4;248.32;198.67;303.96;79.95;310.4;99.48;297.69;0.0;2836.84
2020;194;261;beauce_5_sa_073;solnu;;99.71;0.0;35.24;15.63;0.0;198.67;213.57;44.44;297.93;79.95;310.4;0.0;128.92;0.0;0.0
2020;262;366;beauce_5_sa_073;orgeh;orgeH_tousSols_nonirr_organique;53.37;0.68;96.61;9.47;0.0;43.67;303.96;73.16;310.35;79.95;310.4;99.05;185.72;0.0;882.14
2020;1;204;beauce_5_sa_074;orgeh;orgeH_tousSols_nonirr_organique;208.61;34.61;93.76;40.05;0.0;310.4;248.32;151.93;276.97;56.91;310.4;99.5;302.75;0.0;2468.32
2020;205;306;beauce_5_sa_074;solnu;;121.5;0.0;46.24;27.35;0.0;151.93;264.88;55.92;309.4;56.91;310.4;0.0;200.17;0.0;0.0
2020;307;366;beauce_5_sa_074;orgeh;orgeH_tousSols_nonirr_organique;23.32;0.0;62.52;1.1;0.0;54.99;276.97;56.85;310.34;56.91;310.4;98.33;109.43;0.0;336.27
2020;1;186;beauce_5_sa_075;orgeh;orgeH_tousSols_nonirr_organique;189.78;35.15;93.67;33.15;0.0;310.4;248.32;141.62;283.6;56.91;310.4;99.46;292.09;0.0;2203.02
2020;187;299;beauce_5_sa_075;solnu;;134.06;0.0;48.78;27.93;0.0;141.62;239.87;54.98;308.47;56.91;310.4;0.0;207.32;0.0;0.0
2020;300;366;beauce_5_sa_075;orgeh;orgeH_tousSols_nonirr_organique;26.14;0.0;62.98;1.33;0.0;55.28;283.6;56.85;310.34;56.91;310.4;98.51;112.93;0.0;405.75
2020;1;219;beauce_5_sa_076;orgeh;orgeH_tousSols_nonirr_organique;227.85;34.62;93.88;43.7;0.0;310.4;248.32;175.58;287.53;56.91;310.4;99.53;332.67;0.0;2661.16
2020;220;316;beauce_5_sa_076;solnu;;108.82;0.0;47.47;24.88;0.0;175.58;276.65;55.28;308.77;56.91;310.4;0.0;177.53;0.0;0.0
2020;317;366;beauce_5_sa_076;orgeh;orgeH_tousSols_nonirr_organique;17.19;0.0;60.74;0.9;0.0;55.02;287.53;56.85;310.34;56.91;310.4;98.0;102.14;0.0;271.49
2020;1;191;beauce_5_sa_077;orgeh;orgeH_tousSols_nonirr_organique;189.43;37.12;94.1;34.1;0.0;310.4;248.32;151.05;283.1;56.91;310.4;99.47;297.33;0.0;2365.88
2020;192;292;beauce_5_sa_077;solnu;;124.02;0.0;44.28;24.0;0.0;151.05;237.84;56.91;310.4;56.91;310.4;0.0;190.82;0.0;0.0
2020;293;366;beauce_5_sa_077;orgeh;orgeH_tousSols_nonirr_organique;31.48;0.0;70.12;2.15;0.0;55.97;283.1;56.85;310.34;56.91;310.4;98.65;124.19;0.0;475.7
2020;1;170;beauce_5_sa_078;orgeh;orgeH_tousSols_nonirr_organique;169.25;29.81;93.8;25.49;0.0;310.4;248.32;134.32;294.73;56.91;310.4;99.41;276.39;0.0;1881.43
2020;171;301;beauce_5_sa_078;solnu;;157.15;0.0;52.23;32.78;0.0;134.32;247.04;54.89;308.38;56.91;310.4;0.0;223.03;0.0;0.0
2020;302;366;beauce_5_sa_078;orgeh;orgeH_tousSols_nonirr_organique;25.72;0.0;62.6;1.37;0.0;54.29;294.73;56.85;310.34;56.91;310.4;98.46;112.93;0.0;383.87
2020;1;175;beauce_5_sa_079;orgeh;orgeH_tousSols_nonirr_organique;138.3;62.8;91.3;19.58;0.0;310.4;248.32;160.91;295.73;59.47;310.4;99.42;277.74;0.0;2316.5
2020;176;272;beauce_5_sa_079;solnu;;127.76;0.0;26.9;25.63;0.0;160.91;218.32;56.83;310.32;59.47;310.4;0.0;182.53;0.0;0.0
2020;273;366;beauce_5_sa_079;orgeh;orgeH_tousSols_nonirr_organique;48.29;0.19;95.02;7.08;0.0;56.91;295.73;56.85;310.34;59.47;310.4;98.94;152.08;0.0;706.85
2020;1;220;beauce_5_sa_080;orgeh;orgeH_tousSols_nonirr_organique;148.48;83.15;102.96;23.34;0.0;310.4;248.32;231.5;309.29;79.95;310.4;99.54;333.81;0.0;3338.28
2020;221;261;beauce_5_sa_080;solnu;;65.67;0.0;38.86;8.22;0.0;231.5;213.46;45.22;298.71;79.95;310.4;0.0;92.81;0.0;0.0
2020;262;366;beauce_5_sa_080;orgeh;orgeH_tousSols_nonirr_organique;52.51;0.4;98.5;9.44;0.0;44.61;309.29;73.18;310.37;79.95;310.4;99.05;185.72;0.0;882.14
2020;1;184;beauce_5_sa_081;orgeh;orgeH_tousSols_nonirr_organique;179.24;38.26;93.97;31.13;0.0;310.4;248.32;152.23;289.97;56.91;310.4;99.45;290.99;0.0;2261.25
2020;185;290;beauce_5_sa_081;solnu;;132.83;0.0;36.69;28.68;0.0;152.23;221.25;47.55;301.04;56.91;310.4;0.0;179.83;0.0;0.0
2020;291;366;beauce_5_sa_081;orgeh;orgeH_tousSols_nonirr_organique;32.31;0.02;77.24;3.52;0.0;46.98;289.97;56.85;310.34;56.91;310.4;98.68;141.52;0.0;495.65
2020;1;230;beauce_5_sa_082;orgeh;orgeH_tousSols_nonirr_organique;228.2;41.63;96.79;42.09;0.0;310.4;248.32;219.57;307.01;56.91;310.4;99.56;365.11;0.0;3182.74
2020;231;284;beauce_5_sa_082;solnu;;68.77;0.0;41.89;12.84;0.0;219.57;220.97;50.12;303.6;56.91;310.4;0.0;104.56;0.0;0.0
2020;285;366;beauce_5_sa_082;orgeh;orgeH_tousSols_nonirr_organique;34.82;0.0;78.47;3.57;0.0;49.72;307.01;56.85;310.34;56.91;310.4;98.78;142.67;0.0;555.77
2020;1;221;beauce_5_sa_083;orgeh;orgeH_tousSols_nonirr_organique;180.19;67.24;90.5;31.0;0.0;310.4;248.32;220.81;307.09;63.34;310.4;99.54;353.57;0.0;3200.08
2020;222;270;beauce_5_sa_083;solnu;;70.64;0.0;36.61;14.75;0.0;220.81;220.75;42.83;296.31;63.34;310.4;0.0;76.71;0.0;0.0
2020;271;366;beauce_5_sa_083;orgeh;orgeH_tousSols_nonirr_organique;50.32;0.22;94.85;8.94;0.0;41.64;307.09;57.19;310.34;63.34;310.4;98.96;182.05;0.0;738.74
2020;1;204;beauce_5_sa_084;orgeh;orgeH_tousSols_nonirr_organique;201.67;37.33;93.95;38.18;0.0;310.4;248.32;162.52;281.01;56.91;310.4;99.5;302.75;0.0;2613.05
2020;205;291;beauce_5_sa_084;solnu;;113.1;0.0;35.5;25.25;0.0;162.52;229.15;46.99;300.47;56.91;310.4;0.0;185.41;0.0;0.0
2020;292;366;beauce_5_sa_084;orgeh;orgeH_tousSols_nonirr_organique;31.77;0.02;77.22;3.53;0.0;56.91;281.01;56.85;310.34;56.91;310.4;98.67;124.19;0.0;486.37
2020;1;194;beauce_5_sa_085;orgeh;orgeH_tousSols_nonirr_organique;129.81;83.72;93.41;18.71;0.0;310.4;248.32;195.51;301.97;76.21;310.4;99.48;298.28;0.0;2827.16
2020;195;263;beauce_5_sa_085;solnu;;97.42;0.0;35.83;14.21;0.0;195.51;225.89;44.36;297.84;76.21;310.4;0.0;128.54;0.0;0.0
2020;264;366;beauce_5_sa_085;orgeh;orgeH_tousSols_nonirr_organique;51.59;0.64;98.11;9.27;0.0;43.8;301.97;69.85;310.37;76.21;310.4;99.03;185.52;0.0;848.37
2020;1;201;beauce_5_sa_086;orgeh;orgeH_tousSols_nonirr_organique;206.66;35.1;93.73;38.77;0.0;310.4;248.32;147.14;275.8;56.91;310.4;99.49;300.08;0.0;2402.26
2020;202;309;beauce_5_sa_086;solnu;;122.54;0.0;48.45;21.81;0.0;147.14;269.68;55.81;309.3;56.91;310.4;0.0;206.01;0.0;0.0
2020;310;366;beauce_5_sa_086;orgeh;orgeH_tousSols_nonirr_organique;21.39;0.0;62.69;1.08;0.0;56.33;275.8;56.85;310.34;56.91;310.4;98.25;106.25;0.0;310.54
2020;1;177;beauce_5_sa_087;orgeh;orgeH_tousSols_nonirr_organique;169.52;37.33;93.95;28.22;0.0;310.4;248.32;141.19;288.15;56.91;310.4;99.43;277.74;0.0;2115.85
2020;178;291;beauce_5_sa_087;solnu;;144.71;0.0;36.07;30.99;0.0;141.19;229.15;46.97;300.46;56.91;310.4;0.0;210.42;0.0;0.0
2020;292;366;beauce_5_sa_087;orgeh;orgeH_tousSols_nonirr_organique;31.76;0.02;77.21;3.53;0.0;56.91;288.15;56.85;310.34;56.91;310.4;98.67;124.19;0.0;486.37
2020;1;216;beauce_5_sa_088;orgeh;orgeH_tousSols_nonirr_organique;221.63;34.87;93.79;42.59;0.0;310.4;248.32;175.73;287.69;56.91;310.4;99.53;326.77;0.0;2735.36
2020;217;301;beauce_5_sa_088;solnu;;101.73;0.0;50.17;18.43;0.0;175.73;246.86;54.95;308.44;56.91;310.4;0.0;172.64;0.0;0.0
2020;302;366;beauce_5_sa_088;orgeh;orgeH_tousSols_nonirr_organique;25.64;0.0;62.74;1.35;0.0;54.37;287.69;56.85;310.34;56.91;310.4;98.46;112.93;0.0;383.87
2020;1;228;beauce_5_sa_089;orgeh;orgeH_tousSols_nonirr_organique;155.99;84.07;122.72;24.49;0.0;310.4;248.32;240.97;310.4;79.95;310.4;99.56;362.42;0.0;3485.48
2020;229;261;beauce_5_sa_089;solnu;;52.79;0.0;23.91;8.05;0.0;240.97;213.57;44.86;298.34;79.95;310.4;0.0;64.19;0.0;0.0
2020;262;366;beauce_5_sa_089;orgeh;orgeH_tousSols_nonirr_organique;53.35;0.58;97.15;9.46;0.0;44.17;310.4;73.16;310.34;79.95;310.4;99.05;185.72;0.0;882.14
2020;1;185;beauce_5_sa_090;orgeh;orgeH_tousSols_nonirr_organique;166.85;50.04;93.36;27.62;0.0;310.4;248.32;161.94;291.95;56.91;310.4;99.46;290.99;0.0;2409.69
2020;186;279;beauce_5_sa_090;solnu;;119.11;0.0;44.06;14.45;0.0;161.94;219.11;53.56;307.04;56.91;310.4;0.0;178.26;0.0;0.0
2020;280;366;beauce_5_sa_090;orgeh;orgeH_tousSols_nonirr_organique;37.72;0.02;79.4;3.54;0.0;52.87;291.95;56.86;310.34;56.91;310.4;98.85;143.08;0.0;618.75
2020;1;212;beauce_5_sa_091;orgeh;orgeH_tousSols_nonirr_organique;211.66;37.53;94.12;40.34;0.0;310.4;248.32;177.12;289.22;56.91;310.4;99.52;321.31;0.0;2735.73
2020;213;293;beauce_5_sa_091;solnu;;103.02;0.0;43.59;23.24;0.0;177.12;238.77;55.97;309.46;56.91;310.4;0.0;175.96;0.0;0.0
2020;294;366;beauce_5_sa_091;orgeh;orgeH_tousSols_nonirr_organique;30.46;0.01;70.19;2.24;0.0;56.91;289.22;56.85;310.34;56.91;310.4;98.63;115.07;0.0;463.96
2020;1;185;beauce_5_sa_092;orgeh;orgeH_tousSols_nonirr_organique;111.53;86.56;99.14;15.37;0.0;310.4;248.32;193.43;304.98;83.96;310.4;99.45;290.99;0.0;2728.84
2020;186;259;beauce_5_sa_092;solnu;;106.0;0.0;35.54;13.76;0.0;193.43;215.16;45.44;298.93;83.96;310.4;0.0;135.49;0.0;0.0
2020;260;366;beauce_5_sa_092;orgeh;orgeH_tousSols_nonirr_organique;49.29;2.95;99.52;8.8;0.0;44.78;304.98;76.57;310.38;83.96;310.4;99.06;185.86;0.0;911.25
2020;1;196;beauce_5_sa_093;orgeh;orgeH_tousSols_nonirr_organique;202.8;34.68;93.35;36.13;0.0;310.4;248.32;146.25;278.66;56.91;310.4;99.48;298.51;0.0;2341.64
2020;197;305;beauce_5_sa_093;solnu;;126.64;0.0;47.04;27.51;0.0;146.25;251.07;53.08;306.56;56.91;310.4;0.0;204.4;0.0;0.0
2020;306;366;beauce_5_sa_093;orgeh;orgeH_tousSols_nonirr_organique;23.55;0.0;62.5;1.46;0.0;55.92;278.66;56.85;310.34;56.91;310.4;98.36;109.43;0.0;346.53
2020;1;203;beauce_5_sa_094;orgeh;orgeH_tousSols_nonirr_organique;185.71;48.58;93.51;33.8;0.0;310.4;248.32;171.66;283.49;56.91;310.4;99.5;302.75;0.0;2736.75
2020;204;279;beauce_5_sa_094;solnu;;105.69;0.0;39.93;20.53;0.0;171.66;219.37;53.56;307.04;56.91;310.4;0.0;166.51;0.0;0.0
2020;280;366;beauce_5_sa_094;orgeh;orgeH_tousSols_nonirr_organique;37.61;0.07;79.46;3.59;0.0;52.86;283.49;56.85;310.34;56.91;310.4;98.85;143.08;0.0;618.75
2020;1;184;beauce_5_sa_095;orgeh;orgeH_tousSols_nonirr_organique;174.63;40.7;94.2;30.27;0.0;310.4;248.32;157.52;291.91;56.91;310.4;99.45;290.99;0.0;2316.53
2020;185;285;beauce_5_sa_095;solnu;;125.44;0.0;42.73;15.48;0.0;157.52;220.15;49.7;303.18;56.91;310.4;0.0;178.68;0.0;0.0
2020;286;366;beauce_5_sa_095;orgeh;orgeH_tousSols_nonirr_organique;34.62;0.0;78.25;3.57;0.0;49.32;291.91;56.85;310.34;56.91;310.4;98.77;142.67;0.0;544.43
2020;1;214;beauce_5_sa_096;orgeh;orgeH_tousSols_nonirr_organique;135.2;86.01;105.1;21.34;0.0;310.4;248.32;224.07;306.21;83.96;310.4;99.53;326.34;0.0;3255.76
2020;215;259;beauce_5_sa_096;solnu;;76.35;0.0;36.13;10.8;0.0;224.07;215.17;45.42;298.9;83.96;310.4;0.0;100.14;0.0;0.0
2020;260;366;beauce_5_sa_096;orgeh;orgeH_tousSols_nonirr_organique;53.8;0.8;97.16;9.52;0.0;44.75;306.21;76.53;310.35;83.96;310.4;99.06;185.86;0.0;911.25
2020;1;194;beauce_5_sa_097;orgeh;orgeH_tousSols_nonirr_organique;201.9;34.76;93.33;35.65;0.0;310.4;248.32;141.9;278.91;56.91;310.4;99.48;298.28;0.0;2228.86
2020;195;313;beauce_5_sa_097;solnu;;133.26;0.0;47.82;26.81;0.0;141.9;270.07;56.65;310.13;56.91;310.4;0.0;211.72;0.0;0.0
2020;314;366;beauce_5_sa_097;orgeh;orgeH_tousSols_nonirr_organique;18.61;0.0;60.89;0.79;0.0;56.09;278.91;56.85;310.34;56.91;310.4;98.11;102.35;0.0;285.14
2020;1;195;beauce_5_sa_098;orgeh;orgeH_tousSols_nonirr_organique;131.76;82.61;93.52;19.22;0.0;310.4;248.32;196.19;301.59;76.21;310.4;99.48;298.28;0.0;2846.33
2020;196;263;beauce_5_sa_098;solnu;;97.84;0.0;35.12;16.74;0.0;196.19;226.03;43.68;297.16;76.21;310.4;0.0;128.54;0.0;0.0
2020;264;366;beauce_5_sa_098;orgeh;orgeH_tousSols_nonirr_organique;53.33;0.58;95.78;9.38;0.0;43.04;301.59;69.83;310.34;76.21;310.4;99.03;185.52;0.0;848.37
2020;1;202;beauce_5_sa_099;orgeh;orgeH_tousSols_nonirr_organique;202.88;36.36;94.03;38.36;0.0;310.4;248.32;154.8;278.02;56.91;310.4;99.5;300.08;0.0;2537.97
2020;203;295;beauce_5_sa_099;solnu;;116.76;0.0;49.08;25.78;0.0;154.8;241.77;55.87;309.36;56.91;310.4;0.0;197.22;0.0;0.0
2020;296;366;beauce_5_sa_099;orgeh;orgeH_tousSols_nonirr_organique;28.49;0.0;62.96;1.54;0.0;55.18;278.02;56.85;310.34;56.91;310.4;98.59;115.04;0.0;445.94
2021;1;214;beauce_5_sa_000;orgeh;orgeH_tousSols_nonirr_organique;231.43;21.77;198.0;45.05;0.0;310.4;248.32;176.01;299.65;56.91;310.4;99.53;417.87;0.0;2492.55
2021;215;304;beauce_5_sa_000;solnu;;90.56;0.0;49.73;24.62;0.11;176.01;251.07;51.83;305.31;56.91;310.4;0.0;146.06;0.0;0.0
2021;305;365;beauce_5_sa_000;orgeh;orgeH_tousSols_nonirr_organique;22.23;0.0;126.16;1.27;0.0;51.48;284.01;56.91;310.4;56.91;310.4;98.36;153.48;0.0;337.19
2021;1;219;beauce_5_sa_001;orgeh;orgeH_tousSols_nonirr_organique;234.53;21.21;202.93;47.48;0.0;310.4;248.32;193.53;310.4;56.91;310.4;99.54;436.1;0.0;2644.28
2021;220;298;beauce_5_sa_001;solnu;;84.53;0.0;45.36;22.39;0.11;193.53;239.9;54.3;307.78;56.91;310.4;0.0;127.38;0.0;0.0
2021;299;365;beauce_5_sa_001;orgeh;orgeH_tousSols_nonirr_organique;24.43;0.0;126.88;1.25;0.0;53.58;290.2;56.91;310.4;56.91;310.4;98.51;153.92;0.0;380.32
2021;1;191;beauce_5_sa_002;orgeh;orgeH_tousSols_nonirr_organique;197.18;18.66;201.67;37.23;0.0;310.4;248.32;167.91;306.28;56.91;310.4;99.48;390.81;0.0;2246.34
2021;192;287;beauce_5_sa_002;solnu;;113.98;0.0;39.89;28.54;0.11;167.91;222.35;52.4;305.89;56.91;310.4;0.0;153.6;0.0;0.0
2021;288;365;beauce_5_sa_002;orgeh;orgeH_tousSols_nonirr_organique;33.51;0.04;134.94;2.45;0.0;51.25;284.93;56.91;310.4;56.91;310.4;98.72;173.0;0.0;499.41
2021;1;196;beauce_5_sa_003;orgeh;orgeH_tousSols_nonirr_organique;196.22;24.66;203.55;36.45;0.0;310.4;248.32;178.15;308.53;56.91;310.4;99.49;401.67;0.0;2395.89
2021;197;281;beauce_5_sa_003;solnu;;96.94;0.0;40.16;17.81;0.11;178.15;218.47;44.37;297.86;56.91;310.4;0.0;124.85;0.0;0.0
2021;282;365;beauce_5_sa_003;orgeh;orgeH_tousSols_nonirr_organique;37.76;0.02;140.57;3.69;0.0;43.69;287.12;56.91;310.4;56.91;310.4;98.81;190.89;0.0;572.54
2021;1;204;beauce_5_sa_004;orgeh;orgeH_tousSols_nonirr_organique;218.66;21.99;197.47;40.3;0.0;310.4;248.32;165.29;302.98;56.91;310.4;99.51;409.14;0.0;2214.79
2021;205;316;beauce_5_sa_004;solnu;;111.4;0.0;69.75;27.97;0.11;165.29;278.98;55.83;309.31;56.91;310.4;0.0;197.77;0.0;0.0
2021;317;365;beauce_5_sa_004;orgeh;orgeH_tousSols_nonirr_organique;15.17;0.0;105.42;0.78;0.0;56.91;275.28;56.91;310.4;56.91;310.4;97.96;110.51;0.0;216.35
2021;1;221;beauce_5_sa_005;orgeh;orgeH_tousSols_nonirr_organique;238.05;22.12;202.24;47.64;0.0;310.4;248.32;189.74;306.67;56.91;310.4;99.55;436.1;0.0;2594.43
2021;222;307;beauce_5_sa_005;solnu;;84.21;0.0;46.14;22.34;0.11;189.74;270.16;51.97;305.46;56.91;310.4;0.0;141.86;0.0;0.0
2021;308;365;beauce_5_sa_005;orgeh;orgeH_tousSols_nonirr_organique;21.07;0.0;126.05;1.14;0.0;56.91;286.19;56.91;310.4;56.91;310.4;98.28;139.44;0.0;298.48
2021;1;186;beauce_5_sa_006;orgeh;orgeH_tousSols_nonirr_organique;183.99;20.2;203.49;34.15;0.0;310.4;248.32;171.51;306.18;56.91;310.4;99.46;380.88;0.0;2323.68
2021;187;273;beauce_5_sa_006;solnu;;113.61;0.0;40.85;26.32;0.11;171.51;221.55;41.3;294.78;56.91;310.4;0.0;143.17;0.0;0.0
2021;274;365;beauce_5_sa_006;orgeh;orgeH_tousSols_nonirr_organique;40.03;0.26;137.44;3.63;0.0;40.6;293.95;56.91;310.4;56.91;310.4;98.89;193.35;0.0;694.43
2021;1;217;beauce_5_sa_007;orgeh;orgeH_tousSols_nonirr_organique;232.88;18.34;202.28;46.97;0.0;310.4;248.32;188.83;299.41;56.91;310.4;99.54;421.35;0.0;2748.51
2021;218;284;beauce_5_sa_007;solnu;;74.62;0.0;40.74;21.54;0.11;188.83;220.39;38.57;292.06;56.91;310.4;0.0;113.18;0.0;0.0
2021;285;365;beauce_5_sa_007;orgeh;orgeH_tousSols_nonirr_organique;36.15;0.06;134.82;3.5;0.0;44.79;292.08;56.91;310.4;56.91;310.4;98.76;182.88;0.0;529.59
2021;1;188;beauce_5_sa_008;orgeh;orgeH_tousSols_nonirr_organique;176.01;23.52;212.21;32.65;0.0;310.4;248.32;189.03;310.4;72.32;310.4;99.47;390.06;0.0;2544.55
2021;189;261;beauce_5_sa_008;solnu;;102.15;0.0;39.2;22.02;0.11;189.03;227.97;44.64;298.12;72.32;310.4;0.0;128.28;0.0;0.0
2021;262;365;beauce_5_sa_008;orgeh;orgeH_tousSols_nonirr_organique;46.38;0.76;139.65;5.27;0.0;44.26;302.69;75.3;310.4;72.32;310.4;99.03;199.07;0.0;872.56
2021;1;204;beauce_5_sa_009;orgeh;orgeH_tousSols_nonirr_organique;201.06;23.47;213.26;35.97;0.0;310.4;248.32;198.76;303.33;75.55;310.4;99.51;409.14;0.0;2843.98
2021;205;259;beauce_5_sa_009;solnu;;72.01;0.0;41.49;14.38;0.11;198.76;214.36;46.11;299.59;75.55;310.4;0.0;109.2;0.0;0.0
2021;260;365;beauce_5_sa_009;orgeh;orgeH_tousSols_nonirr_organique;47.66;0.86;140.08;5.37;0.0;45.75;300.46;78.93;310.4;75.55;310.4;99.05;199.07;0.0;904.22
2021;1;231;beauce_5_sa_010;orgeh;orgeH_tousSols_nonirr_organique;248.52;20.99;202.11;53.23;0.0;310.4;248.32;196.75;305.75;56.91;310.4;99.57;449.12;0.0;2733.81
2021;232;312;beauce_5_sa_010;solnu;;80.27;0.0;52.34;22.36;0.11;196.75;270.03;56.9;310.39;56.91;310.4;0.0;135.16;0.0;0.0
2021;313;365;beauce_5_sa_010;orgeh;orgeH_tousSols_nonirr_organique;17.37;0.0;118.26;0.83;0.0;56.91;302.38;56.91;310.4;56.91;310.4;98.11;133.12;0.0;250.29
2021;1;225;beauce_5_sa_011;orgeh;orgeH_tousSols_nonirr_organique;222.02;28.56;216.54;44.15;0.0;310.4;248.32;215.59;303.49;66.83;310.4;99.56;437.61;0.0;3159.06
2021;226;264;beauce_5_sa_011;solnu;;47.7;0.0;37.13;5.81;0.11;215.59;226.96;45.79;299.27;66.83;310.4;0.0;80.73;0.0;0.0
2021;265;365;beauce_5_sa_011;orgeh;orgeH_tousSols_nonirr_organique;45.31;0.12;142.51;5.13;0.0;45.09;307.38;69.17;310.4;66.83;310.4;99.01;199.07;0.0;823.18
2021;1;215;beauce_5_sa_012;orgeh;orgeH_tousSols_nonirr_organique;232.07;21.83;197.96;45.68;0.0;310.4;248.32;176.53;298.99;56.91;310.4;99.53;418.38;0.0;2513.47
2021;216;304;beauce_5_sa_012;solnu;;90.11;0.0;49.51;24.61;0.11;176.53;251.07;51.83;305.31;56.91;310.4;0.0;145.55;0.0;0.0
2021;305;365;beauce_5_sa_012;orgeh;orgeH_tousSols_nonirr_organique;22.23;0.0;126.16;1.27;0.0;51.48;288.07;56.91;310.4;56.91;310.4;98.36;153.48;0.0;337.19
2021;1;210;beauce_5_sa_013;orgeh;orgeH_tousSols_nonirr_organique;196.73;40.63;208.79;34.47;0.0;310.4;248.32;197.03;304.55;57.76;310.4;99.52;417.7;0.0;2799.76
2021;211;269;beauce_5_sa_013;solnu;;68.11;0.0;43.37;16.7;0.11;197.03;220.57;40.88;294.36;57.76;310.4;0.0;106.35;0.0;0.0
2021;270;365;beauce_5_sa_013;orgeh;orgeH_tousSols_nonirr_organique;44.18;0.27;137.82;4.84;0.0;44.9;308.86;61.37;310.4;57.76;310.4;98.92;193.35;0.0;750.66
2021;1;196;beauce_5_sa_014;orgeh;orgeH_tousSols_nonirr_organique;196.97;25.3;202.13;36.61;0.0;310.4;248.32;174.91;308.56;56.91;310.4;99.49;401.67;0.0;2342.67
2021;197;286;beauce_5_sa_014;solnu;;99.24;0.0;40.19;16.93;0.11;174.91;221.87;51.13;304.62;56.91;310.4;0.0;142.74;0.0;0.0
2021;287;365;beauce_5_sa_014;orgeh;orgeH_tousSols_nonirr_organique;34.39;0.01;141.65;3.07;0.0;56.91;284.39;56.91;310.4;56.91;310.4;98.73;173.0;0.0;508.55
2021;1;203;beauce_5_sa_015;orgeh;orgeH_tousSols_nonirr_organique;215.86;19.05;202.32;39.56;0.0;310.4;248.32;178.63;303.88;56.91;310.4;99.51;408.12;0.0;2485.12
2021;204;283;beauce_5_sa_015;solnu;;90.16;0.0;41.18;23.62;0.11;178.63;221.08;37.34;290.83;56.91;310.4;0.0;119.93;0.0;0.0
2021;284;365;beauce_5_sa_015;orgeh;orgeH_tousSols_nonirr_organique;36.48;0.07;134.77;3.71;0.0;38.49;281.76;56.91;310.4;56.91;310.4;98.76;189.36;0.0;544.68
2021;1;179;beauce_5_sa_016;orgeh;orgeH_tousSols_nonirr_organique;177.83;16.23;189.72;32.71;0.0;310.4;248.32;166.41;305.46;56.91;310.4;99.44;356.26;0.0;2242.2
2021;180;270;beauce_5_sa_016;solnu;;122.3;0.0;53.06;31.03;0.11;166.41;219.21;44.29;297.78;56.91;310.4;0.0;167.79;0.0;0.0
2021;271;365;beauce_5_sa_016;orgeh;orgeH_tousSols_nonirr_organique;43.45;0.32;136.97;3.58;0.0;42.8;295.82;59.73;310.4;56.91;310.4;98.91;193.35;0.0;738.89
2021;1;219;beauce_5_sa_017;orgeh;orgeH_tousSols_nonirr_organique;233.83;21.07;203.78;47.3;0.0;310.4;248.32;195.96;310.4;56.91;310.4;99.54;436.1;0.0;2694.54
2021;220;293;beauce_5_sa_017;solnu;;80.46;0.0;41.92;22.05;0.11;195.96;237.82;56.91;310.4;56.91;310.4;0.0;126.09;0.0;0.0
2021;294;365;beauce_5_sa_017;orgeh;orgeH_tousSols_nonirr_organique;28.16;0.01;130.65;1.47;0.0;56.91;291.83;56.91;310.4;56.91;310.4;98.61;155.22;0.0;431.38
2021;1;219;beauce_5_sa_018;orgeh;orgeH_tousSols_nonirr_organique;231.68;25.36;201.64;46.58;0.0;310.4;248.32;191.59;310.4;56.91;310.4;99.54;436.1;0.0;2561.3
2021;220;307;beauce_5_sa_018;solnu;;88.36;0.0;45.39;23.02;0.11;191.59;270.13;52.29;305.78;56.91;310.4;0.0;141.86;0.0;0.0
2021;308;365;beauce_5_sa_018;orgeh;orgeH_tousSols_nonirr_organique;20.97;0.0;126.47;1.12;0.0;56.91;288.54;56.91;310.4;56.91;310.4;98.28;139.44;0.0;298.48
2021;1;220;beauce_5_sa_019;orgeh;orgeH_tousSols_nonirr_organique;236.02;21.85;202.99;47.28;0.0;310.4;248.32;193.34;308.22;56.91;310.4;99.55;436.1;0.0;2670.6
2021;221;297;beauce_5_sa_019;solnu;;80.82;0.0;46.28;19.64;0.11;193.34;240.48;54.91;308.4;56.91;310.4;0.0;127.38;0.0;0.0
2021;298;365;beauce_5_sa_019;orgeh;orgeH_tousSols_nonirr_organique;24.9;0.0;127.02;1.21;0.0;54.3;288.26;56.91;310.4;56.91;310.4;98.53;153.92;0.0;388.6
2021;1;194;beauce_5_sa_020;orgeh;orgeH_tousSols_nonirr_organique;198.2;27.16;196.71;36.92;0.0;310.4;248.32;159.88;304.61;56.91;310.4;99.48;397.27;0.0;2093.49
2021;195;308;beauce_5_sa_020;solnu;;122.54;0.0;55.83;27.46;0.11;159.88;269.57;56.91;310.4;56.91;310.4;0.0;180.7;0.0;0.0
2021;309;365;beauce_5_sa_020;orgeh;orgeH_tousSols_nonirr_organique;20.16;0.0;119.28;0.85;0.0;56.18;279.68;56.91;310.4;56.91;310.4;98.25;139.44;0.0;291.18
2021;1;194;beauce_5_sa_021;orgeh;orgeH_tousSols_nonirr_organique;200.47;25.05;196.66;37.59;0.0;310.4;248.32;157.57;304.5;56.91;310.4;99.48;397.27;0.0;2048.62
2021;195;316;beauce_5_sa_021;solnu;;127.96;0.0;69.15;28.88;0.11;157.57;278.91;55.83;309.31;56.91;310.4;0.0;209.63;0.0;0.0
2021;317;365;beauce_5_sa_021;orgeh;orgeH_tousSols_nonirr_organique;15.17;0.0;105.43;0.73;0.0;56.91;278.43;56.91;310.4;56.91;310.4;97.96;110.51;0.0;216.35
2021;1;191;beauce_5_sa_022;orgeh;orgeH_tousSols_nonirr_organique;193.37;23.53;200.52;36.07;0.0;310.4;248.32;166.23;306.38;56.91;310.4;99.48;390.81;0.0;2225.4
2021;192;289;beauce_5_sa_022;solnu;;114.33;0.0;39.92;24.79;0.11;166.23;221.14;52.13;305.61;56.91;310.4;0.0;153.6;0.0;0.0
2021;290;365;beauce_5_sa_022;orgeh;orgeH_tousSols_nonirr_organique;31.56;0.01;136.64;2.52;0.0;50.96;283.88;56.91;310.4;56.91;310.4;98.68;173.0;0.0;479.74
2021;1;196;beauce_5_sa_023;orgeh;orgeH_tousSols_nonirr_organique;202.73;17.1;204.83;38.42;0.0;310.4;248.32;181.87;308.31;56.91;310.4;99.49;401.67;0.0;2469.67
2021;197;275;beauce_5_sa_023;solnu;;99.05;0.0;39.94;23.78;0.11;181.87;219.93;39.79;293.27;56.91;310.4;0.0;122.38;0.0;0.0
2021;276;365;beauce_5_sa_023;orgeh;orgeH_tousSols_nonirr_organique;40.12;0.19;135.91;3.94;0.0;39.0;289.36;56.91;310.4;56.91;310.4;98.85;193.35;0.0;665.06
2021;1;196;beauce_5_sa_024;orgeh;orgeH_tousSols_nonirr_organique;203.29;18.07;203.24;38.55;0.0;310.4;248.32;178.0;308.37;56.91;310.4;99.49;401.67;0.0;2395.89
2021;197;281;beauce_5_sa_024;solnu;;102.53;0.0;40.01;25.88;0.11;178.0;218.69;38.78;292.26;56.91;310.4;0.0;124.85;0.0;0.0
2021;282;365;beauce_5_sa_024;orgeh;orgeH_tousSols_nonirr_organique;37.83;0.1;134.82;3.61;0.0;37.91;285.94;56.91;310.4;56.91;310.4;98.78;190.89;0.0;572.54
2021;1;215;beauce_5_sa_025;orgeh;orgeH_tousSols_nonirr_organique;231.44;21.15;199.45;45.53;0.0;310.4;248.32;180.13;298.8;56.91;310.4;99.53;418.38;0.0;2612.88
2021;216;294;beauce_5_sa_025;solnu;;83.74;0.0;48.87;22.49;0.11;180.13;241.77;56.91;310.4;56.91;310.4;0.0;144.85;0.0;0.0
2021;295;365;beauce_5_sa_025;orgeh;orgeH_tousSols_nonirr_organique;27.46;0.01;127.75;1.14;0.0;56.91;290.59;56.91;310.4;56.91;310.4;98.59;154.17;0.0;414.62
2021;1;230;beauce_5_sa_026;orgeh;orgeH_tousSols_nonirr_organique;242.19;15.44;214.09;51.47;0.0;310.4;248.32;219.43;298.87;72.32;310.4;99.57;444.39;0.0;3292.84
2021;231;261;beauce_5_sa_026;solnu;;45.13;0.0;35.96;9.94;0.11;219.43;227.97;44.91;298.39;72.32;310.4;0.0;73.94;0.0;0.0
2021;262;365;beauce_5_sa_026;orgeh;orgeH_tousSols_nonirr_organique;46.74;0.63;139.69;5.31;0.0;44.54;308.51;75.3;310.4;72.32;310.4;99.03;199.07;0.0;872.56
2021;1;196;beauce_5_sa_027;orgeh;orgeH_tousSols_nonirr_organique;203.19;17.74;203.67;38.53;0.0;310.4;248.32;179.41;308.36;56.91;310.4;99.49;401.67;0.0;2424.39
2021;197;279;beauce_5_sa_027;solnu;;101.4;0.0;40.0;25.38;0.11;179.41;218.43;38.14;291.63;56.91;310.4;0.0;124.85;0.0;0.0
2021;280;365;beauce_5_sa_027;orgeh;orgeH_tousSols_nonirr_organique;38.79;0.13;134.96;3.84;0.0;39.44;287.18;56.91;310.4;56.91;310.4;98.8;190.89;0.0;604.68
2021;1;222;beauce_5_sa_028;orgeh;orgeH_tousSols_nonirr_organique;241.53;20.95;202.05;48.34;0.0;310.4;248.32;186.35;304.56;56.91;310.4;99.55;436.1;0.0;2564.58
2021;223;314;beauce_5_sa_028;solnu;;87.02;0.0;66.64;22.58;0.11;186.35;277.14;56.91;310.4;56.91;310.4;0.0;159.62;0.0;0.0
2021;315;365;beauce_5_sa_028;orgeh;orgeH_tousSols_nonirr_organique;16.26;0.0;105.43;0.67;0.0;56.38;303.22;56.91;310.4;56.91;310.4;98.04;121.69;0.0;229.57
2021;1;222;beauce_5_sa_029;orgeh;orgeH_tousSols_nonirr_organique;235.89;26.84;201.73;46.7;0.0;310.4;248.32;188.93;304.61;56.91;310.4;99.55;436.1;0.0;2635.73
2021;223;304;beauce_5_sa_029;solnu;;78.27;0.0;48.6;16.44;0.11;188.93;250.78;51.98;305.46;56.91;310.4;0.0;127.83;0.0;0.0
2021;305;365;beauce_5_sa_029;orgeh;orgeH_tousSols_nonirr_organique;22.07;0.0;126.48;1.21;0.0;51.67;304.51;56.91;310.4;56.91;310.4;98.36;153.48;0.0;337.19
2021;1;216;beauce_5_sa_030;orgeh;orgeH_tousSols_nonirr_organique;232.6;19.73;200.36;46.42;0.0;310.4;248.32;182.69;298.68;56.91;310.4;99.54;419.93;0.0;2652.18
2021;217;292;beauce_5_sa_030;solnu;;81.94;0.0;40.97;22.49;0.11;182.69;238.77;56.91;310.4;56.91;310.4;0.0;138.66;0.0;0.0
2021;293;365;beauce_5_sa_030;orgeh;orgeH_tousSols_nonirr_organique;29.23;0.01;135.03;1.9;0.0;56.91;289.82;56.91;310.4;56.91;310.4;98.63;158.82;0.0;444.46
2021;1;174;beauce_5_sa_031;orgeh;orgeH_tousSols_nonirr_organique;158.27;20.65;180.38;30.31;0.0;310.4;248.32;172.61;309.84;68.57;310.4;99.43;339.98;0.0;2262.94
2021;175;263;beauce_5_sa_031;solnu;;131.32;0.0;63.58;30.99;0.11;172.61;225.02;43.54;297.02;68.57;310.4;0.0;178.36;0.0;0.0
2021;264;365;beauce_5_sa_031;orgeh;orgeH_tousSols_nonirr_organique;45.74;0.68;139.28;5.2;0.0;42.8;301.91;71.48;310.4;68.57;310.4;99.0;199.07;0.0;835.61
2021;1;219;beauce_5_sa_032;orgeh;orgeH_tousSols_nonirr_organique;234.22;19.22;205.25;47.52;0.0;310.4;248.32;199.36;310.4;56.91;310.4;99.54;436.1;0.0;2746.42
2021;220;288;beauce_5_sa_032;solnu;;76.34;0.0;37.31;21.33;0.11;199.36;221.77;51.46;304.94;56.91;310.4;0.0;108.31;0.0;0.0
2021;289;365;beauce_5_sa_032;orgeh;orgeH_tousSols_nonirr_organique;32.48;0.03;135.03;2.51;0.0;50.44;294.15;56.91;310.4;56.91;310.4;98.7;173.0;0.0;486.5
2021;1;207;beauce_5_sa_033;orgeh;orgeH_tousSols_nonirr_organique;221.32;22.18;197.56;41.8;0.0;310.4;248.32;168.52;301.06;56.91;310.4;99.52;417.7;0.0;2310.78
2021;208;309;beauce_5_sa_033;solnu;;104.22;0.0;55.88;27.6;0.11;168.52;269.11;56.18;309.67;56.91;310.4;0.0;161.54;0.0;0.0
2021;310;365;beauce_5_sa_033;orgeh;orgeH_tousSols_nonirr_organique;19.42;0.0;119.29;0.93;0.0;56.91;274.3;56.91;310.4;56.91;310.4;98.21;138.17;0.0;281.2
2021;1;217;beauce_5_sa_034;orgeh;orgeH_tousSols_nonirr_organique;188.77;49.73;212.02;34.97;0.0;310.4;248.32;206.08;302.43;64.96;310.4;99.54;421.35;0.0;3008.23
2021;218;265;beauce_5_sa_034;solnu;;61.6;0.0;43.61;14.41;0.11;206.08;226.15;42.03;295.52;64.96;310.4;0.0;96.99;0.0;0.0
2021;266;365;beauce_5_sa_034;orgeh;orgeH_tousSols_nonirr_organique;44.07;0.45;139.67;5.21;0.0;41.58;307.55;67.79;310.4;64.96;310.4;98.98;199.07;0.0;809.58
2021;1;206;beauce_5_sa_035;orgeh;orgeH_tousSols_nonirr_organique;221.09;21.6;197.54;41.41;0.0;310.4;248.32;167.47;301.88;56.91;310.4;99.51;409.14;0.0;2244.37
2021;207;317;beauce_5_sa_035;solnu;;109.7;0.0;79.44;27.84;0.11;167.47;278.44;56.91;310.4;56.91;310.4;0.0;200.78;0.0;0.0
2021;318;365;beauce_5_sa_035;orgeh;orgeH_tousSols_nonirr_organique;14.96;0.0;95.55;0.55;0.0;56.91;272.82;56.91;310.4;56.91;310.4;97.92;107.49;0.0;209.53
2021;1;170;beauce_5_sa_036;orgeh;orgeH_tousSols_nonirr_organique;159.13;16.68;175.93;31.12;0.0;310.4;248.32;160.23;310.4;56.91;310.4;99.41;329.9;0.0;2048.43
2021;171;273;beauce_5_sa_036;solnu;;148.16;0.0;62.63;36.15;0.11;160.23;221.57;40.91;294.4;56.91;310.4;0.0;194.15;0.0;0.0
2021;274;365;beauce_5_sa_036;orgeh;orgeH_tousSols_nonirr_organique;40.61;0.29;136.44;3.85;0.0;40.12;298.91;56.91;310.4;56.91;310.4;98.87;193.35;0.0;694.43
2021;1;189;beauce_5_sa_037;orgeh;orgeH_tousSols_nonirr_organique;194.49;22.23;197.92;36.56;0.0;310.4;248.32;159.43;308.41;56.91;310.4;99.47;390.06;0.0;2041.15
2021;190;304;beauce_5_sa_037;solnu;;128.76;0.0;48.1;31.69;0.11;159.43;251.07;51.83;305.31;56.91;310.4;0.0;173.87;0.0;0.0
2021;305;365;beauce_5_sa_037;orgeh;orgeH_tousSols_nonirr_organique;22.22;0.0;126.17;1.26;0.0;51.48;280.63;56.91;310.4;56.91;310.4;98.36;153.48;0.0;337.19
2021;1;174;beauce_5_sa_038;orgeh;orgeH_tousSols_nonirr_organique;157.79;20.47;181.03;30.2;0.0;310.4;248.32;173.52;309.85;70.4;310.4;99.43;339.98;0.0;2278.55
2021;175;262;beauce_5_sa_038;solnu;;130.67;0.0;63.59;30.48;0.11;173.52;226.03;44.19;297.67;70.4;310.4;0.0;178.36;0.0;0.0
2021;263;365;beauce_5_sa_038;orgeh;orgeH_tousSols_nonirr_organique;45.91;0.77;139.67;5.19;0.0;43.54;302.04;73.27;310.4;70.4;310.4;99.01;199.07;0.0;856.42
2021;1;225;beauce_5_sa_039;orgeh;orgeH_tousSols_nonirr_organique;242.99;19.19;205.25;49.77;0.0;310.4;248.32;197.86;303.17;56.91;310.4;99.56;437.61;0.0;2851.03
2021;226;288;beauce_5_sa_039;solnu;;67.76;0.0;36.95;18.56;0.11;197.86;221.77;51.66;305.15;56.91;310.4;0.0;106.8;0.0;0.0
2021;289;365;beauce_5_sa_039;orgeh;orgeH_tousSols_nonirr_organique;32.48;0.03;135.23;2.51;0.0;50.65;305.31;56.91;310.4;56.91;310.4;98.7;173.0;0.0;486.5
2021;1;181;beauce_5_sa_040;orgeh;orgeH_tousSols_nonirr_organique;180.32;24.89;181.86;33.6;0.0;310.4;248.32;143.1;302.18;56.91;310.4;99.45;357.48;0.0;1833.81
2021;182;313;beauce_5_sa_040;solnu;;150.69;0.0;69.0;37.36;0.11;143.1;277.31;56.91;310.4;56.91;310.4;0.0;238.25;0.0;0.0
2021;314;365;beauce_5_sa_040;orgeh;orgeH_tousSols_nonirr_organique;16.71;0.0;116.41;0.8;0.0;56.91;283.43;56.91;310.4;56.91;310.4;98.08;121.69;0.0;239.91
2021;1;226;beauce_5_sa_041;orgeh;orgeH_tousSols_nonirr_organique;243.97;21.85;202.54;50.09;0.0;310.4;248.32;191.19;302.23;56.91;310.4;99.56;437.61;0.0;2723.94
2021;227;302;beauce_5_sa_041;solnu;;77.26;0.0;45.15;20.74;0.11;191.19;251.97;52.18;305.67;56.91;310.4;0.0;125.95;0.0;0.0
2021;303;365;beauce_5_sa_041;orgeh;orgeH_tousSols_nonirr_organique;22.78;0.0;126.33;1.32;0.0;51.74;299.04;56.91;310.4;56.91;310.4;98.41;153.84;0.0;348.41
2021;1;207;beauce_5_sa_042;orgeh;orgeH_tousSols_nonirr_organique;221.17;21.9;198.0;41.8;0.0;310.4;248.32;169.98;301.05;56.91;310.4;99.52;417.7;0.0;2361.62
2021;208;303;beauce_5_sa_042;solnu;;101.02;0.0;49.12;26.35;0.11;169.98;251.84;51.74;305.22;56.91;310.4;0.0;146.23;0.0;0.0
2021;304;365;beauce_5_sa_042;orgeh;orgeH_tousSols_nonirr_organique;22.42;0.0;126.25;1.33;0.0;51.83;275.22;56.91;310.4;56.91;310.4;98.39;153.48;0.0;344.08
2021;1;199;beauce_5_sa_043;orgeh;orgeH_tousSols_nonirr_organique;209.99;17.07;204.06;38.64;0.0;310.4;248.32;181.11;306.31;56.91;310.4;99.5;404.45;0.0;2482.36
2021;200;278;beauce_5_sa_043;solnu;;93.2;0.0;41.34;23.21;0.11;181.11;219.37;37.78;291.26;56.91;310.4;0.0;120.3;0.0;0.0
2021;279;365;beauce_5_sa_043;orgeh;orgeH_tousSols_nonirr_organique;38.86;0.15;135.2;3.98;0.0;38.18;285.84;56.91;310.4;56.91;310.4;98.81;192.66;0.0;617.36
2021;1;205;beauce_5_sa_044;orgeh;orgeH_tousSols_nonirr_organique;214.21;25.04;199.51;39.4;0.0;310.4;248.32;173.98;303.37;56.91;310.4;99.51;409.14;0.0;2422.54
2021;206;293;beauce_5_sa_044;solnu;;94.27;0.0;48.04;20.23;0.11;173.98;237.57;56.91;310.4;56.91;310.4;0.0;153.05;0.0;0.0
2021;294;365;beauce_5_sa_044;orgeh;orgeH_tousSols_nonirr_organique;28.33;0.0;130.49;1.48;0.0;56.91;278.52;56.91;310.4;56.91;310.4;98.61;155.22;0.0;431.38
2021;1;226;beauce_5_sa_045;orgeh;orgeH_tousSols_nonirr_organique;197.51;48.59;221.2;37.57;0.0;310.4;248.32;218.75;303.31;70.4;310.4;99.56;437.61;0.0;3207.02
2021;227;262;beauce_5_sa_045;solnu;;48.27;0.0;37.53;10.19;0.11;218.75;225.89;44.65;298.14;70.4;310.4;0.0;80.73;0.0;0.0
2021;263;365;beauce_5_sa_045;orgeh;orgeH_tousSols_nonirr_organique;46.51;0.22;140.08;5.31;0.0;44.02;308.72;73.27;310.4;70.4;310.4;99.02;199.07;0.0;856.42
2021;1;192;beauce_5_sa_046;orgeh;orgeH_tousSols_nonirr_organique;199.01;21.32;198.38;37.6;0.0;310.4;248.32;159.62;305.09;56.91;310.4;99.48;393.7;0.0;2133.27
2021;193;300;beauce_5_sa_046;solnu;;123.53;0.0;47.6;29.91;0.11;159.62;247.04;53.03;306.52;56.91;310.4;0.0;169.87;0.0;0.0
2021;301;365;beauce_5_sa_046;orgeh;orgeH_tousSols_nonirr_organique;23.43;0.0;126.61;1.32;0.0;52.62;284.5;56.91;310.4;56.91;310.4;98.46;153.84;0.0;363.01
2021;1;175;beauce_5_sa_047;orgeh;orgeH_tousSols_nonirr_organique;168.31;22.59;171.66;32.35;0.0;310.4;248.32;151.91;310.4;56.91;310.4;99.43;352.15;0.0;1902.07
2021;176;293;beauce_5_sa_047;solnu;;151.83;0.0;66.67;38.8;0.11;151.91;237.82;56.91;310.4;56.91;310.4;0.0;210.04;0.0;0.0
2021;294;365;beauce_5_sa_047;orgeh;orgeH_tousSols_nonirr_organique;28.03;0.02;130.77;1.46;0.0;56.91;287.05;56.91;310.4;56.91;310.4;98.61;155.22;0.0;431.38
2021;1;171;beauce_5_sa_048;orgeh;orgeH_tousSols_nonirr_organique;161.53;22.9;171.18;30.59;0.0;310.4;248.32;146.48;307.29;56.91;310.4;99.41;329.9;0.0;1845.76
2021;172;292;beauce_5_sa_048;solnu;;157.18;0.0;63.07;39.54;0.11;146.48;238.77;56.66;310.14;56.91;310.4;0.0;228.68;0.0;0.0
2021;293;365;beauce_5_sa_048;orgeh;orgeH_tousSols_nonirr_organique;29.09;0.03;134.91;1.89;0.0;56.91;291.91;56.91;310.4;56.91;310.4;98.63;158.82;0.0;444.46
2021;1;231;beauce_5_sa_049;orgeh;orgeH_tousSols_nonirr_organique;247.16;21.64;202.85;52.91;0.0;310.4;248.32;200.42;305.74;56.91;310.4;99.57;449.12;0.0;2854.42
2021;232;298;beauce_5_sa_049;solnu;;72.38;0.0;44.54;19.13;0.11;200.42;239.99;54.31;307.79;56.91;310.4;0.0;114.36;0.0;0.0
2021;299;365;beauce_5_sa_049;orgeh;orgeH_tousSols_nonirr_organique;24.26;0.0;127.06;1.11;0.0;53.62;304.7;56.91;310.4;56.91;310.4;98.51;153.92;0.0;380.32
2021;1;182;beauce_5_sa_050;orgeh;orgeH_tousSols_nonirr_organique;181.67;24.98;182.02;34.22;0.0;310.4;248.32;144.88;301.78;56.91;310.4;99.45;368.77;0.0;1872.36
2021;183;310;beauce_5_sa_050;solnu;;146.82;0.0;66.21;36.75;0.11;144.88;271.91;56.91;310.4;56.91;310.4;0.0;212.02;0.0;0.0
2021;311;365;beauce_5_sa_050;orgeh;orgeH_tousSols_nonirr_organique;18.96;0.0;119.21;0.84;0.0;56.91;282.27;56.91;310.4;56.91;310.4;98.18;136.62;0.0;269.65
2021;1;175;beauce_5_sa_051;orgeh;orgeH_tousSols_nonirr_organique;165.47;26.77;170.41;31.33;0.0;310.4;248.32;144.83;310.31;56.91;310.4;99.43;352.15;0.0;1717.55
2021;176;315;beauce_5_sa_051;solnu;;164.47;0.0;91.6;38.74;0.11;144.83;276.53;56.38;309.87;56.91;310.4;0.0;243.57;0.0;0.0
2021;316;365;beauce_5_sa_051;orgeh;orgeH_tousSols_nonirr_organique;15.73;0.0;105.43;0.72;0.0;55.83;284.45;56.91;310.4;56.91;310.4;98.0;121.69;0.0;226.53
2021;1;214;beauce_5_sa_052;orgeh;orgeH_tousSols_nonirr_organique;227.6;26.46;196.95;43.84;0.0;310.4;248.32;176.11;299.84;56.91;310.4;99.53;417.87;0.0;2468.79
2021;215;307;beauce_5_sa_052;solnu;;90.53;0.0;50.91;21.47;0.11;176.11;270.0;52.28;305.76;56.91;310.4;0.0;160.1;0.0;0.0
2021;308;365;beauce_5_sa_052;orgeh;orgeH_tousSols_nonirr_organique;20.98;0.0;126.45;1.12;0.0;56.91;283.58;56.91;310.4;56.91;310.4;98.28;139.44;0.0;298.48
2021;1;196;beauce_5_sa_053;orgeh;orgeH_tousSols_nonirr_organique;204.34;22.57;197.44;38.6;0.0;310.4;248.32;164.83;308.61;56.91;310.4;99.49;401.67;0.0;2109.63
2021;197;311;beauce_5_sa_053;solnu;;123.01;0.0;55.9;30.69;0.11;164.83;270.93;56.91;310.4;56.91;310.4;0.0;180.09;0.0;0.0
2021;312;365;beauce_5_sa_053;orgeh;orgeH_tousSols_nonirr_organique;18.35;0.0;118.26;0.83;0.0;56.9;277.84;56.91;310.4;56.91;310.4;98.15;135.65;0.0;261.08
2021;1;178;beauce_5_sa_054;orgeh;orgeH_tousSols_nonirr_organique;172.75;25.97;181.48;32.03;0.0;310.4;248.32;148.02;309.05;56.91;310.4;99.44;356.26;0.0;1799.52
2021;179;310;beauce_5_sa_054;solnu;;154.12;0.0;67.39;37.02;0.11;148.02;271.85;56.91;310.4;56.91;310.4;0.0;224.53;0.0;0.0
2021;311;365;beauce_5_sa_054;orgeh;orgeH_tousSols_nonirr_organique;18.96;0.0;119.21;0.84;0.0;56.91;282.75;56.91;310.4;56.91;310.4;98.18;136.62;0.0;269.65
2021;1;205;beauce_5_sa_055;orgeh;orgeH_tousSols_nonirr_organique;215.6;26.62;196.41;39.73;0.0;310.4;248.32;166.92;303.49;56.91;310.4;99.51;409.14;0.0;2232.2
2021;206;316;beauce_5_sa_055;solnu;;110.57;0.0;70.08;25.73;0.11;166.92;278.87;55.83;309.31;56.91;310.4;0.0;197.77;0.0;0.0
2021;317;365;beauce_5_sa_055;orgeh;orgeH_tousSols_nonirr_organique;15.17;0.0;105.43;0.76;0.0;56.91;274.03;56.91;310.4;56.91;310.4;97.96;110.51;0.0;216.35
2021;1;214;beauce_5_sa_056;orgeh;orgeH_tousSols_nonirr_organique;231.33;18.72;201.68;45.17;0.0;310.4;248.32;183.98;299.12;56.91;310.4;99.53;417.87;0.0;2662.61
2021;215;287;beauce_5_sa_056;solnu;;78.25;0.0;41.24;21.78;0.11;183.98;222.35;52.58;306.07;56.91;310.4;0.0;126.54;0.0;0.0
2021;288;365;beauce_5_sa_056;orgeh;orgeH_tousSols_nonirr_organique;33.58;0.04;135.05;2.45;0.0;51.43;289.61;56.91;310.4;56.91;310.4;98.72;173.0;0.0;499.41
2021;1;179;beauce_5_sa_057;orgeh;orgeH_tousSols_nonirr_organique;176.69;26.01;181.55;32.16;0.0;310.4;248.32;145.76;304.99;56.91;310.4;99.44;356.26;0.0;1828.55
2021;180;308;beauce_5_sa_057;solnu;;148.72;0.0;67.46;36.96;0.11;145.76;269.8;56.91;310.4;56.91;310.4;0.0;221.7;0.0;0.0
2021;309;365;beauce_5_sa_057;orgeh;orgeH_tousSols_nonirr_organique;20.14;0.0;119.3;0.85;0.0;56.18;282.34;56.91;310.4;56.91;310.4;98.25;139.44;0.0;291.18
2021;1;179;beauce_5_sa_058;orgeh;orgeH_tousSols_nonirr_organique;177.73;24.54;181.95;32.5;0.0;310.4;248.32;146.47;305.02;56.91;310.4;99.44;356.26;0.0;1864.54
2021;180;304;beauce_5_sa_058;solnu;;146.77;0.0;60.07;35.9;0.11;146.47;251.01;52.25;305.73;56.91;310.4;0.0;207.67;0.0;0.0
2021;305;365;beauce_5_sa_058;orgeh;orgeH_tousSols_nonirr_organique;21.63;0.0;127.18;1.01;0.0;52.0;282.57;56.91;310.4;56.91;310.4;98.36;153.48;0.0;337.19
2021;1;197;beauce_5_sa_059;orgeh;orgeH_tousSols_nonirr_organique;174.63;39.52;210.79;30.48;0.0;310.4;248.32;192.38;309.75;64.96;310.4;99.49;404.45;0.0;2634.64
2021;198;265;beauce_5_sa_059;solnu;;86.25;0.0;41.91;14.39;0.11;192.38;226.01;44.65;298.14;64.96;310.4;0.0;113.89;0.0;0.0
2021;266;365;beauce_5_sa_059;orgeh;orgeH_tousSols_nonirr_organique;44.09;0.22;142.5;5.19;0.0;44.33;298.89;67.79;310.4;64.96;310.4;99.0;199.07;0.0;809.58
2021;1;218;beauce_5_sa_060;orgeh;orgeH_tousSols_nonirr_organique;221.25;19.11;213.25;44.3;0.0;310.4;248.32;211.95;300.72;77.1;310.4;99.54;436.1;0.0;3134.8
2021;219;258;beauce_5_sa_060;solnu;;55.47;0.0;41.07;11.38;0.11;211.95;215.17;47.24;300.73;77.1;310.4;0.0;81.9;0.0;0.0
2021;259;365;beauce_5_sa_060;orgeh;orgeH_tousSols_nonirr_organique;48.4;0.91;140.43;5.31;0.0;46.16;307.07;80.93;310.4;77.1;310.4;99.06;199.41;0.0;923.45
2021;1;227;beauce_5_sa_061;orgeh;orgeH_tousSols_nonirr_organique;244.42;22.99;201.59;50.47;0.0;310.4;248.32;187.61;301.59;56.91;310.4;99.56;437.61;0.0;2642.87
2021;228;316;beauce_5_sa_061;solnu;;84.59;0.0;65.7;21.71;0.11;187.61;278.98;55.83;309.31;56.91;310.4;0.0;169.29;0.0;0.0
2021;317;365;beauce_5_sa_061;orgeh;orgeH_tousSols_nonirr_organique;15.17;0.0;105.43;0.73;0.0;56.91;298.69;56.91;310.4;56.91;310.4;97.96;110.51;0.0;216.35
2021;1;180;beauce_5_sa_062;orgeh;orgeH_tousSols_nonirr_organique;179.87;23.68;182.05;33.29;0.0;310.4;248.32;145.25;303.64;56.91;310.4;99.44;356.26;0.0;1850.11
2021;181;308;beauce_5_sa_062;solnu;;148.55;0.0;66.28;38.89;0.11;145.25;269.73;56.91;310.4;56.91;310.4;0.0;221.7;0.0;0.0
2021;309;365;beauce_5_sa_062;orgeh;orgeH_tousSols_nonirr_organique;20.14;0.0;119.3;0.85;0.0;56.18;288.86;56.91;310.4;56.91;310.4;98.25;139.44;0.0;291.18
2021;1;202;beauce_5_sa_063;orgeh;orgeH_tousSols_nonirr_organique;213.64;16.53;204.62;39.5;0.0;310.4;248.32;184.68;306.32;56.91;310.4;99.5;408.12;0.0;2553.11
2021;203;276;beauce_5_sa_063;solnu;;88.71;0.0;40.88;21.39;0.11;184.68;219.52;39.06;292.54;56.91;310.4;0.0;115.93;0.0;0.0
2021;277;365;beauce_5_sa_063;orgeh;orgeH_tousSols_nonirr_organique;39.61;0.18;135.7;3.97;0.0;38.53;285.98;56.91;310.4;56.91;310.4;98.83;193.35;0.0;647.88
2021;1;221;beauce_5_sa_064;orgeh;orgeH_tousSols_nonirr_organique;237.59;21.85;202.99;47.52;0.0;310.4;248.32;192.75;306.65;56.91;310.4;99.55;436.1;0.0;2686.81
2021;222;297;beauce_5_sa_064;solnu;;79.39;0.0;46.14;19.64;0.11;192.75;240.48;54.91;308.4;56.91;310.4;0.0;127.38;0.0;0.0
2021;298;365;beauce_5_sa_064;orgeh;orgeH_tousSols_nonirr_organique;24.9;0.0;127.02;1.21;0.0;54.3;288.1;56.91;310.4;56.91;310.4;98.53;153.92;0.0;388.6
2021;1;207;beauce_5_sa_065;orgeh;orgeH_tousSols_nonirr_organique;208.09;24.43;208.65;38.45;0.0;310.4;248.32;190.66;300.95;59.84;310.4;99.52;417.7;0.0;2756.99
2021;208;268;beauce_5_sa_065;solnu;;73.22;0.0;41.08;13.73;0.11;190.66;221.95;43.03;296.51;59.84;310.4;0.0;101.41;0.0;0.0
2021;269;365;beauce_5_sa_065;orgeh;orgeH_tousSols_nonirr_organique;43.61;0.1;140.71;4.74;0.0;42.72;293.7;63.41;310.4;59.84;310.4;98.96;198.3;0.0;765.4
2021;1;183;beauce_5_sa_066;orgeh;orgeH_tousSols_nonirr_organique;182.21;25.27;183.86;34.63;0.0;310.4;248.32;153.08;310.4;56.91;310.4;99.45;380.66;0.0;1863.51
2021;184;315;beauce_5_sa_066;solnu;;148.82;0.0;78.56;35.86;0.11;153.08;276.59;56.38;309.87;56.91;310.4;0.0;215.06;0.0;0.0
2021;316;365;beauce_5_sa_066;orgeh;orgeH_tousSols_nonirr_organique;15.72;0.0;105.43;0.7;0.0;55.83;278.65;56.91;310.4;56.91;310.4;98.0;121.69;0.0;226.53
2021;1;229;beauce_5_sa_067;orgeh;orgeH_tousSols_nonirr_organique;248.08;20.43;202.09;52.24;0.0;310.4;248.32;188.32;299.98;56.91;310.4;99.56;437.61;0.0;2685.31
2021;230;314;beauce_5_sa_067;solnu;;82.48;0.0;65.1;22.36;0.11;188.32;277.14;56.91;310.4;56.91;310.4;0.0;158.11;0.0;0.0
2021;315;365;beauce_5_sa_067;orgeh;orgeH_tousSols_nonirr_organique;16.26;0.0;105.43;0.67;0.0;56.38;302.13;56.91;310.4;56.91;310.4;98.04;121.69;0.0;229.57
2021;1;193;beauce_5_sa_068;orgeh;orgeH_tousSols_nonirr_organique;197.09;22.55;199.97;37.3;0.0;310.4;248.32;168.26;307.08;56.91;310.4;99.48;393.7;0.0;2243.91
2021;194;291;beauce_5_sa_068;solnu;;116.2;0.0;39.42;27.97;0.11;168.26;238.13;48.87;302.35;56.91;310.4;0.0;159.43;0.0;0.0
2021;292;365;beauce_5_sa_068;orgeh;orgeH_tousSols_nonirr_organique;29.76;0.02;134.87;2.52;0.0;56.85;286.05;56.91;310.4;56.91;310.4;98.65;164.28;0.0;452.16
2021;1;227;beauce_5_sa_069;orgeh;orgeH_tousSols_nonirr_organique;244.6;20.68;203.84;50.64;0.0;310.4;248.32;194.66;301.46;56.91;310.4;99.56;437.61;0.0;2833.2
2021;228;293;beauce_5_sa_069;solnu;;70.49;0.0;41.44;19.27;0.11;194.66;237.82;56.91;310.4;56.91;310.4;0.0;124.58;0.0;0.0
2021;294;365;beauce_5_sa_069;orgeh;orgeH_tousSols_nonirr_organique;28.17;0.01;130.64;1.47;0.0;56.91;303.52;56.91;310.4;56.91;310.4;98.61;155.22;0.0;431.38
2021;1;193;beauce_5_sa_070;orgeh;orgeH_tousSols_nonirr_organique;198.92;22.02;198.63;37.78;0.0;310.4;248.32;165.03;307.1;56.91;310.4;99.48;393.7;0.0;2183.35
2021;194;297;beauce_5_sa_070;solnu;;121.09;0.0;47.28;29.13;0.11;165.03;240.48;54.91;308.4;56.91;310.4;0.0;169.79;0.0;0.0
2021;298;365;beauce_5_sa_070;orgeh;orgeH_tousSols_nonirr_organique;24.86;0.0;127.06;1.21;0.0;54.3;283.7;56.91;310.4;56.91;310.4;98.53;153.92;0.0;388.6
2021;1;208;beauce_5_sa_071;orgeh;orgeH_tousSols_nonirr_organique;222.7;21.6;197.54;42.55;0.0;310.4;248.32;176.55;308.83;56.91;310.4;99.52;417.7;0.0;2283.26
2021;209;317;beauce_5_sa_071;solnu;;107.79;0.0;79.73;27.85;0.11;176.55;278.44;56.91;310.4;56.91;310.4;0.0;192.22;0.0;0.0
2021;318;365;beauce_5_sa_071;orgeh;orgeH_tousSols_nonirr_organique;14.96;0.0;95.55;0.55;0.0;56.91;272.24;56.91;310.4;56.91;310.4;97.92;107.49;0.0;209.53
2021;1;225;beauce_5_sa_072;orgeh;orgeH_tousSols_nonirr_organique;241.41;18.92;207.15;49.31;0.0;310.4;248.32;204.43;303.11;56.91;310.4;99.56;437.61;0.0;2961.89
2021;226;278;beauce_5_sa_072;solnu;;60.35;0.0;36.92;14.67;0.11;204.43;219.35;38.69;292.17;56.91;310.4;0.0;87.14;0.0;0.0
2021;279;365;beauce_5_sa_072;orgeh;orgeH_tousSols_nonirr_organique;38.36;0.02;136.75;3.7;0.0;39.2;306.12;56.91;310.4;56.91;310.4;98.83;192.66;0.0;617.36
2021;1;193;beauce_5_sa_073;orgeh;orgeH_tousSols_nonirr_organique;179.78;26.2;213.41;32.96;0.0;310.4;248.32;191.15;307.3;73.73;310.4;99.48;393.7;0.0;2650.34
2021;194;260;beauce_5_sa_073;solnu;;93.15;0.0;39.51;19.05;0.11;191.15;213.57;45.69;299.18;73.73;310.4;0.0;124.64;0.0;0.0
2021;261;365;beauce_5_sa_073;orgeh;orgeH_tousSols_nonirr_organique;47.27;0.75;139.83;5.24;0.0;44.66;303.96;76.79;310.4;73.73;310.4;99.04;199.07;0.0;890.78
2021;1;204;beauce_5_sa_074;orgeh;orgeH_tousSols_nonirr_organique;218.28;21.84;197.95;40.24;0.0;310.4;248.32;167.78;303.03;56.91;310.4;99.51;409.14;0.0;2285.39
2021;205;305;beauce_5_sa_074;solnu;;104.56;0.0;49.2;27.19;0.11;167.78;264.88;51.48;304.97;56.91;310.4;0.0;155.65;0.0;0.0
2021;306;365;beauce_5_sa_074;orgeh;orgeH_tousSols_nonirr_organique;21.95;0.0;126.09;1.27;0.0;51.97;276.97;56.91;310.4;56.91;310.4;98.33;152.62;0.0;326.64
2021;1;186;beauce_5_sa_075;orgeh;orgeH_tousSols_nonirr_organique;189.03;22.35;196.3;35.43;0.0;310.4;248.32;156.23;306.19;56.91;310.4;99.46;380.88;0.0;2048.34
2021;187;298;beauce_5_sa_075;solnu;;132.27;0.0;48.61;31.54;0.11;156.23;239.87;54.31;307.8;56.91;310.4;0.0;182.6;0.0;0.0
2021;299;365;beauce_5_sa_075;orgeh;orgeH_tousSols_nonirr_organique;24.06;0.0;127.26;1.02;0.0;53.64;283.6;56.91;310.4;56.91;310.4;98.51;153.92;0.0;380.32
2021;1;219;beauce_5_sa_076;orgeh;orgeH_tousSols_nonirr_organique;235.93;20.77;201.98;47.8;0.0;310.4;248.32;188.97;310.4;56.91;310.4;99.54;436.1;0.0;2510.02
2021;220;315;beauce_5_sa_076;solnu;;94.06;0.0;65.98;25.16;0.11;188.97;276.65;56.38;309.87;56.91;310.4;0.0;159.62;0.0;0.0
2021;316;365;beauce_5_sa_076;orgeh;orgeH_tousSols_nonirr_organique;15.73;0.0;105.42;0.73;0.0;55.83;287.53;56.91;310.4;56.91;310.4;98.0;121.69;0.0;226.53
2021;1;191;beauce_5_sa_077;orgeh;orgeH_tousSols_nonirr_organique;192.15;25.27;199.98;35.62;0.0;310.4;248.32;165.72;306.39;56.91;310.4;99.48;390.81;0.0;2205.45
2021;192;291;beauce_5_sa_077;solnu;;114.49;0.0;39.92;23.75;0.11;165.72;237.84;52.28;305.76;56.91;310.4;0.0;162.31;0.0;0.0
2021;292;365;beauce_5_sa_077;orgeh;orgeH_tousSols_nonirr_organique;30.02;0.0;138.04;2.59;0.0;56.91;283.1;56.91;310.4;56.91;310.4;98.65;164.28;0.0;452.16
2021;1;170;beauce_5_sa_078;orgeh;orgeH_tousSols_nonirr_organique;155.93;25.27;170.54;29.87;0.0;310.4;248.32;143.45;310.4;56.91;310.4;99.41;329.9;0.0;1751.21
2021;171;300;beauce_5_sa_078;solnu;;167.79;0.0;70.31;41.44;0.11;143.45;247.04;53.03;306.52;56.91;310.4;0.0;233.66;0.0;0.0
2021;301;365;beauce_5_sa_078;orgeh;orgeH_tousSols_nonirr_organique;23.43;0.0;126.61;1.32;0.0;52.61;294.73;56.91;310.4;56.91;310.4;98.46;153.84;0.0;363.01
2021;1;175;beauce_5_sa_079;orgeh;orgeH_tousSols_nonirr_organique;168.23;16.04;178.29;32.53;0.0;310.4;248.32;165.93;310.4;56.91;310.4;99.43;352.15;0.0;2152.91
2021;176;271;beauce_5_sa_079;solnu;;135.7;0.0;62.41;34.0;0.11;165.93;218.32;42.76;296.25;56.91;310.4;0.0;171.91;0.0;0.0
2021;272;365;beauce_5_sa_079;orgeh;orgeH_tousSols_nonirr_organique;42.14;0.29;136.77;3.74;0.0;41.91;295.73;58.42;310.4;56.91;310.4;98.9;193.35;0.0;723.78
2021;1;220;beauce_5_sa_080;orgeh;orgeH_tousSols_nonirr_organique;189.65;47.74;223.03;35.09;0.0;310.4;248.32;219.71;308.68;73.73;310.4;99.55;436.1;0.0;3137.59
2021;221;260;beauce_5_sa_080;solnu;;50.61;0.0;38.09;3.53;0.11;219.71;213.46;48.63;302.11;73.73;310.4;0.0;82.24;0.0;0.0
2021;261;365;beauce_5_sa_080;orgeh;orgeH_tousSols_nonirr_organique;46.45;0.34;143.99;5.17;0.0;47.79;309.29;76.79;310.4;73.73;310.4;99.05;199.07;0.0;890.78
2021;1;184;beauce_5_sa_081;orgeh;orgeH_tousSols_nonirr_organique;184.68;19.52;199.05;35.31;0.0;310.4;248.32;163.42;310.4;56.91;310.4;99.46;380.66;0.0;2105.55
2021;185;289;beauce_5_sa_081;solnu;;131.08;0.0;39.31;33.36;0.11;163.42;221.25;50.15;303.64;56.91;310.4;0.0;163.74;0.0;0.0
2021;290;365;beauce_5_sa_081;orgeh;orgeH_tousSols_nonirr_organique;31.4;0.03;134.8;2.6;0.0;48.99;289.97;56.91;310.4;56.91;310.4;98.68;173.0;0.0;479.74
2021;1;230;beauce_5_sa_082;orgeh;orgeH_tousSols_nonirr_organique;244.55;21.16;205.85;51.75;0.0;310.4;248.32;201.58;299.04;56.91;310.4;99.57;444.39;0.0;2983.75
2021;231;283;beauce_5_sa_082;solnu;;58.22;0.0;36.12;14.21;0.11;201.58;220.97;40.01;293.5;56.91;310.4;0.0;83.65;0.0;0.0
2021;284;365;beauce_5_sa_082;orgeh;orgeH_tousSols_nonirr_organique;36.66;0.01;137.31;3.59;0.0;41.29;307.01;56.91;310.4;56.91;310.4;98.78;189.36;0.0;544.68
2021;1;221;beauce_5_sa_083;orgeh;orgeH_tousSols_nonirr_organique;236.45;16.06;210.11;47.45;0.0;310.4;248.32;210.48;306.47;57.76;310.4;99.55;436.1;0.0;3010.4
2021;222;269;beauce_5_sa_083;solnu;;57.29;0.0;37.87;14.25;0.11;210.48;220.75;40.72;294.2;57.76;310.4;0.0;87.96;0.0;0.0
2021;270;365;beauce_5_sa_083;orgeh;orgeH_tousSols_nonirr_organique;44.78;0.3;137.02;4.85;0.0;44.73;307.09;61.37;310.4;57.76;310.4;98.92;193.35;0.0;750.66
2021;1;204;beauce_5_sa_084;orgeh;orgeH_tousSols_nonirr_organique;218.07;19.36;200.95;40.31;0.0;310.4;248.32;173.71;302.71;56.91;310.4;99.51;409.14;0.0;2435.49
2021;205;290;beauce_5_sa_084;solnu;;95.22;0.0;41.01;24.28;0.11;173.71;229.15;49.18;302.66;56.91;310.4;0.0;135.57;0.0;0.0
2021;291;365;beauce_5_sa_084;orgeh;orgeH_tousSols_nonirr_organique;30.31;0.03;134.92;2.71;0.0;48.96;281.01;56.91;310.4;56.91;310.4;98.67;172.7;0.0;465.03
2021;1;194;beauce_5_sa_085;orgeh;orgeH_tousSols_nonirr_organique;154.68;53.06;212.85;26.06;0.0;310.4;248.32;189.48;306.13;70.4;310.4;99.48;397.27;0.0;2631.32
2021;195;262;beauce_5_sa_085;solnu;;92.0;0.0;40.52;18.8;0.11;189.48;225.89;44.65;298.14;70.4;310.4;0.0;121.07;0.0;0.0
2021;263;365;beauce_5_sa_085;orgeh;orgeH_tousSols_nonirr_organique;45.23;0.58;141.0;5.2;0.0;44.02;301.97;73.27;310.4;70.4;310.4;99.02;199.07;0.0;856.42
2021;1;201;beauce_5_sa_086;orgeh;orgeH_tousSols_nonirr_organique;208.68;26.78;196.84;38.23;0.0;310.4;248.32;170.39;308.8;56.91;310.4;99.5;408.12;0.0;2208.14
2021;202;308;beauce_5_sa_086;solnu;;110.12;0.0;58.02;23.91;0.11;170.39;269.68;56.91;310.4;56.91;310.4;0.0;169.84;0.0;0.0
2021;309;365;beauce_5_sa_086;orgeh;orgeH_tousSols_nonirr_organique;20.16;0.0;119.28;0.85;0.0;56.18;275.8;56.91;310.4;56.91;310.4;98.25;139.44;0.0;291.18
2021;1;177;beauce_5_sa_087;orgeh;orgeH_tousSols_nonirr_organique;173.55;20.6;183.77;32.79;0.0;310.4;248.32;153.57;308.67;56.91;310.4;99.43;356.26;0.0;1965.57
2021;178;290;beauce_5_sa_087;solnu;;144.38;0.0;52.55;35.99;0.11;153.57;229.15;48.95;302.44;56.91;310.4;0.0;188.45;0.0;0.0
2021;291;365;beauce_5_sa_087;orgeh;orgeH_tousSols_nonirr_organique;30.11;0.04;134.88;2.69;0.0;48.74;288.15;56.91;310.4;56.91;310.4;98.67;172.7;0.0;465.03
2021;1;216;beauce_5_sa_088;orgeh;orgeH_tousSols_nonirr_organique;229.13;25.35;197.71;45.29;0.0;310.4;248.32;177.95;299.17;56.91;310.4;99.54;419.93;0.0;2572.1
2021;217;300;beauce_5_sa_088;solnu;;86.73;0.0;50.86;19.35;0.11;177.95;246.86;53.08;306.56;56.91;310.4;0.0;143.64;0.0;0.0
2021;301;365;beauce_5_sa_088;orgeh;orgeH_tousSols_nonirr_organique;23.28;0.0;126.8;1.21;0.0;52.69;287.69;56.91;310.4;56.91;310.4;98.46;153.84;0.0;363.01
2021;1;228;beauce_5_sa_089;orgeh;orgeH_tousSols_nonirr_organique;240.92;15.0;214.41;50.34;0.0;310.4;248.32;218.98;300.26;73.73;310.4;99.56;437.61;0.0;3274.96
2021;229;260;beauce_5_sa_089;solnu;;45.17;0.0;36.3;9.47;0.11;218.98;213.57;45.92;299.41;73.73;310.4;0.0;80.73;0.0;0.0
2021;261;365;beauce_5_sa_089;orgeh;orgeH_tousSols_nonirr_organique;47.42;0.68;139.98;5.26;0.0;44.91;310.4;76.79;310.4;73.73;310.4;99.04;199.07;0.0;890.78
2021;1;185;beauce_5_sa_090;orgeh;orgeH_tousSols_nonirr_organique;177.59;25.49;202.6;32.62;0.0;310.4;248.32;169.49;307.98;56.91;310.4;99.46;380.88;0.0;2245.25
2021;186;278;beauce_5_sa_090;solnu;;113.93;0.0;40.73;20.61;0.11;169.49;219.11;43.11;296.6;56.91;310.4;0.0;143.87;0.0;0.0
2021;279;365;beauce_5_sa_090;orgeh;orgeH_tousSols_nonirr_organique;38.47;0.05;141.04;3.95;0.0;43.59;291.95;56.91;310.4;56.91;310.4;98.85;192.66;0.0;617.36
2021;1;212;beauce_5_sa_091;orgeh;orgeH_tousSols_nonirr_organique;228.69;20.76;200.18;43.6;0.0;310.4;248.32;180.87;301.21;56.91;310.4;99.53;417.87;0.0;2568.11
2021;213;292;beauce_5_sa_091;solnu;;84.1;0.0;41.86;22.54;0.11;180.87;238.77;56.91;310.4;56.91;310.4;0.0;140.72;0.0;0.0
2021;293;365;beauce_5_sa_091;orgeh;orgeH_tousSols_nonirr_organique;29.22;0.02;135.04;1.9;0.0;56.91;289.22;56.91;310.4;56.91;310.4;98.63;158.82;0.0;444.46
2021;1;185;beauce_5_sa_092;orgeh;orgeH_tousSols_nonirr_organique;117.18;76.97;210.55;18.17;0.0;310.4;248.32;187.08;308.99;77.1;310.4;99.46;380.88;0.0;2537.76
2021;186;258;beauce_5_sa_092;solnu;;102.98;0.0;42.52;17.31;0.11;187.08;215.16;47.23;300.72;77.1;310.4;0.0;137.12;0.0;0.0
2021;259;365;beauce_5_sa_092;orgeh;orgeH_tousSols_nonirr_organique;44.78;2.1;142.85;4.97;0.0;46.15;304.98;80.93;310.4;77.1;310.4;99.06;199.41;0.0;923.45
2021;1;196;beauce_5_sa_093;orgeh;orgeH_tousSols_nonirr_organique;204.2;22.22;197.88;38.6;0.0;310.4;248.32;166.28;308.65;56.91;310.4;99.49;401.67;0.0;2162.72
2021;197;304;beauce_5_sa_093;solnu;;119.02;0.0;48.16;29.69;0.11;166.28;251.07;51.83;305.31;56.91;310.4;0.0;162.26;0.0;0.0
2021;305;365;beauce_5_sa_093;orgeh;orgeH_tousSols_nonirr_organique;22.23;0.0;126.16;1.26;0.0;51.48;278.66;56.91;310.4;56.91;310.4;98.36;153.48;0.0;337.19
2021;1;203;beauce_5_sa_094;orgeh;orgeH_tousSols_nonirr_organique;216.36;17.1;204.05;39.72;0.0;310.4;248.32;182.14;303.6;56.91;310.4;99.51;408.12;0.0;2548.1
2021;204;278;beauce_5_sa_094;solnu;;87.17;0.0;40.96;22.19;0.11;182.14;219.37;37.8;291.29;56.91;310.4;0.0;116.63;0.0;0.0
2021;279;365;beauce_5_sa_094;orgeh;orgeH_tousSols_nonirr_organique;38.83;0.16;135.25;3.98;0.0;38.2;283.49;56.91;310.4;56.91;310.4;98.81;192.66;0.0;617.36
2021;1;184;beauce_5_sa_095;orgeh;orgeH_tousSols_nonirr_organique;177.95;24.79;200.51;33.33;0.0;310.4;248.32;166.62;310.4;56.91;310.4;99.46;380.66;0.0;2154.34
2021;185;284;beauce_5_sa_095;solnu;;120.32;0.0;39.31;25.21;0.11;166.62;220.15;44.54;298.03;56.91;310.4;0.0;153.86;0.0;0.0
2021;285;365;beauce_5_sa_095;orgeh;orgeH_tousSols_nonirr_organique;36.28;0.02;140.7;3.58;0.0;50.82;291.91;56.91;310.4;56.91;310.4;98.76;182.88;0.0;529.59
2021;1;214;beauce_5_sa_096;orgeh;orgeH_tousSols_nonirr_organique;211.63;24.55;214.45;40.07;0.0;310.4;248.32;207.49;300.23;77.1;310.4;99.53;417.87;0.0;3057.27
2021;215;258;beauce_5_sa_096;solnu;;57.32;0.0;42.21;11.66;0.11;207.49;215.17;47.23;300.72;77.1;310.4;0.0;100.13;0.0;0.0
2021;259;365;beauce_5_sa_096;orgeh;orgeH_tousSols_nonirr_organique;48.42;0.91;140.4;5.31;0.0;46.15;306.21;80.93;310.4;77.1;310.4;99.06;199.41;0.0;923.45
2021;1;194;beauce_5_sa_097;orgeh;orgeH_tousSols_nonirr_organique;200.61;24.53;196.99;37.64;0.0;310.4;248.32;158.66;304.54;56.91;310.4;99.48;397.27;0.0;2068.09
2021;195;312;beauce_5_sa_097;solnu;;126.04;0.0;56.07;29.26;0.11;158.66;270.07;56.9;310.39;56.91;310.4;0.0;187.02;0.0;0.0
2021;313;365;beauce_5_sa_097;orgeh;orgeH_tousSols_nonirr_organique;17.37;0.0;118.26;0.82;0.0;56.91;278.91;56.91;310.4;56.91;310.4;98.11;133.12;0.0;250.29
2021;1;195;beauce_5_sa_098;orgeh;orgeH_tousSols_nonirr_organique;189.86;21.26;211.73;35.39;0.0;310.4;248.32;191.64;307.4;70.4;310.4;99.49;399.98;0.0;2648.53
2021;196;262;beauce_5_sa_098;solnu;;90.98;0.0;39.59;19.41;0.11;191.64;226.03;44.3;297.79;70.4;310.4;0.0;118.36;0.0;0.0
2021;263;365;beauce_5_sa_098;orgeh;orgeH_tousSols_nonirr_organique;46.3;0.66;139.49;5.24;0.0;43.66;301.59;73.27;310.4;70.4;310.4;99.01;199.07;0.0;856.42
2021;1;202;beauce_5_sa_099;orgeh;orgeH_tousSols_nonirr_organique;212.92;21.85;199.3;39.18;0.0;310.4;248.32;173.95;307.04;56.91;310.4;99.5;408.12;0.0;2359.93
2021;203;294;beauce_5_sa_099;solnu;;101.72;0.0;48.88;24.8;0.11;173.95;241.77;56.91;310.4;56.91;310.4;0.0;155.12;0.0;0.0
2021;295;365;beauce_5_sa_099;orgeh;orgeH_tousSols_nonirr_organique;27.43;0.01;127.78;1.14;0.0;56.91;278.02;56.91;310.4;56.91;310.4;98.59;154.17;0.0;414.62
