annee;jourDebut;jourFin;parcelle;couvert;itk;N_lixivie[kgN/ha];N_volatilise_NH3[kgN/ha];N_mineralise_net_SOM[kgN/ha];N_mineralise_net_residus[kgN/ha];N_acquis_couvert[kgN/ha];N_mineral_debut[kgN/ha];N_mineral_fin[kgN/ha];emissions_N2O_directes[kgN/ha];emissions_N2[kgN/ha];N_fixe_legumineuses[kgN/ha];satisfactionAzote_culture[%];satisfactionAzote_ci[%];delta_Corg[kgC/ha];emissions_N2O_denit[kgN-N2O/ha];emissions_N2O_nit[kgN-N2O/ha];emissions_N2O_indirectes_volat[kgN-N2O/ha];emissions_N2O_indirectes_lixiv[kgN-N2O/ha]
2019;213;290;beauce_5_sa_000;solnu;;0.0;0.0;20.66;0.0;0.0;35.0;55.64;0.01;0.0;0;0;0;-230.28;0.0;0.01;0.0;0.0
2019;291;365;beauce_5_sa_000;orgeh;orgeH_tousSols_nonirr_organique;0.28;0.0;12.52;0.0;12.98;55.82;54.83;0.08;0.0;0;6.49;0;-140.35;0.07;0.01;0.0;0.28
2019;213;295;beauce_5_sa_001;solnu;;0.0;0.0;21.56;0.0;0.0;35.0;56.55;0.01;0.0;0;0;0;-239.73;0.0;0.01;0.0;0.0
2019;296;365;beauce_5_sa_001;orgeh;orgeH_tousSols_nonirr_organique;0.26;0.0;11.6;0.0;8.32;56.73;59.49;0.08;0.0;0;4.16;0;-130.74;0.08;0.01;0.0;0.26
2019;213;284;beauce_5_sa_002;solnu;;0.0;0.0;20.02;0.0;0.0;35.0;55.01;0.01;0.0;0;0;0;-223.34;0.0;0.01;0.0;0.0
2019;285;365;beauce_5_sa_002;orgeh;orgeH_tousSols_nonirr_organique;0.28;0.0;13.16;0.0;19.66;55.1;48.15;0.07;0.0;0;9.83;0;-147.28;0.06;0.01;0.0;0.28
2019;213;311;beauce_5_sa_003;solnu;;0.0;0.0;24.47;0.0;0.0;35.0;59.44;0.03;0.0;0;0;0;-271.09;0.02;0.01;0.0;0.0
2019;312;365;beauce_5_sa_003;orgeh;orgeH_tousSols_nonirr_organique;0.27;0.0;8.7;0.0;3.51;59.67;64.3;0.07;0.0;0;1.76;0;-99.46;0.06;0.01;0.0;0.27
2019;213;282;beauce_5_sa_004;solnu;;0.0;0.0;19.76;0.0;0.0;35.0;54.74;0.01;0.0;0;0;0;-220.43;0.0;0.01;0.0;0.0
2019;283;365;beauce_5_sa_004;orgeh;orgeH_tousSols_nonirr_organique;0.29;0.0;13.43;0.0;20.06;54.93;47.76;0.07;0.0;0;10.03;0;-150.26;0.06;0.01;0.0;0.29
2019;213;272;beauce_5_sa_005;solnu;;0.0;0.0;18.5;0.0;0.0;35.0;53.49;0.01;0.0;0;0;0;-205.43;0.0;0.01;0.0;0.0
2019;273;365;beauce_5_sa_005;orgeh;orgeH_tousSols_nonirr_organique;0.31;0.0;14.69;0.0;30.43;53.67;37.39;0.05;0.0;0;15.21;0;-165.36;0.05;0.01;0.0;0.31
2019;213;274;beauce_5_sa_006;solnu;;0.0;0.0;18.81;0.0;0.0;35.0;53.8;0.01;0.0;0;0;0;-208.95;0.0;0.01;0.0;0.0
2019;275;365;beauce_5_sa_006;orgeh;orgeH_tousSols_nonirr_organique;0.29;0.0;14.3;0.0;27.37;53.95;40.39;0.06;0.0;0;13.68;0;-160.97;0.05;0.01;0.0;0.29
2019;213;262;beauce_5_sa_007;solnu;;0.0;0.0;16.29;0.0;0.0;35.0;51.28;0.01;0.0;0;0;0;-180.38;0.0;0.01;0.0;0.0
2019;263;365;beauce_5_sa_007;orgeh;orgeH_tousSols_nonirr_organique;0.33;0.0;16.8;0.0;40.41;51.59;27.3;0.04;0.0;0;20.21;0;-189.23;0.03;0.01;0.0;0.33
2019;213;273;beauce_5_sa_008;solnu;;0.0;0.0;18.68;0.0;0.0;35.0;53.67;0.01;0.0;0;0;0;-207.19;0.0;0.01;0.0;0.0
2019;274;365;beauce_5_sa_008;orgeh;orgeH_tousSols_nonirr_organique;0.3;0.0;14.47;0.0;28.72;53.83;39.06;0.06;0.0;0;14.36;0;-163.12;0.05;0.01;0.0;0.3
2019;213;265;beauce_5_sa_009;solnu;;0.0;0.0;16.98;0.0;0.0;35.0;51.97;0.01;0.0;0;0;0;-187.68;0.0;0.01;0.0;0.0
2019;266;365;beauce_5_sa_009;orgeh;orgeH_tousSols_nonirr_organique;0.34;0.0;16.2;0.0;39.46;52.14;28.32;0.04;0.0;0;19.73;0;-182.87;0.03;0.01;0.0;0.34
2019;213;307;beauce_5_sa_010;solnu;;0.0;0.0;23.76;0.0;0.0;35.0;58.73;0.02;0.0;0;0;0;-262.07;0.01;0.01;0.0;0.0
2019;308;365;beauce_5_sa_010;orgeh;orgeH_tousSols_nonirr_organique;0.27;0.0;9.42;0.0;4.32;58.88;63.49;0.07;0.0;0;2.16;0;-108.48;0.07;0.01;0.0;0.27
2019;213;276;beauce_5_sa_011;solnu;;0.0;0.0;19.05;0.0;0.0;35.0;54.04;0.01;0.0;0;0;0;-212.54;0.0;0.01;0.0;0.0
2019;277;365;beauce_5_sa_011;orgeh;orgeH_tousSols_nonirr_organique;0.29;0.0;14.08;0.0;24.95;54.23;42.83;0.06;0.0;0;12.47;0;-157.6;0.05;0.01;0.0;0.29
2019;213;293;beauce_5_sa_012;solnu;;0.0;0.0;21.25;0.0;0.0;35.0;56.24;0.01;0.0;0;0;0;-235.98;0.0;0.01;0.0;0.0
2019;294;365;beauce_5_sa_012;orgeh;orgeH_tousSols_nonirr_organique;0.27;0.0;11.92;0.0;9.37;56.39;58.44;0.08;0.0;0;4.69;0;-134.54;0.07;0.01;0.0;0.27
2019;213;261;beauce_5_sa_013;solnu;;0.0;0.0;16.13;0.0;0.0;35.0;51.12;0.01;0.0;0;0;0;-178.38;0.0;0.01;0.0;0.0
2019;262;365;beauce_5_sa_013;orgeh;orgeH_tousSols_nonirr_organique;0.33;0.0;17.06;0.0;45.62;51.31;22.19;0.03;0.0;0;22.81;0;-192.25;0.01;0.01;0.0;0.33
2019;213;299;beauce_5_sa_014;solnu;;0.0;0.0;22.26;0.0;0.0;35.0;57.25;0.01;0.0;0;0;0;-247.88;0.0;0.01;0.0;0.0
2019;300;365;beauce_5_sa_014;orgeh;orgeH_tousSols_nonirr_organique;0.27;0.0;10.91;0.0;6.08;57.44;61.73;0.08;0.0;0;3.04;0;-122.66;0.08;0.01;0.0;0.27
2019;213;273;beauce_5_sa_015;solnu;;0.0;0.0;18.68;0.0;0.0;35.0;53.67;0.01;0.0;0;0;0;-207.21;0.0;0.01;0.0;0.0
2019;274;365;beauce_5_sa_015;orgeh;orgeH_tousSols_nonirr_organique;0.31;0.0;14.5;0.0;30.2;53.83;37.61;0.05;0.0;0;15.1;0;-163.42;0.05;0.01;0.0;0.31
2019;213;272;beauce_5_sa_016;solnu;;0.0;0.0;18.47;0.0;0.0;35.0;53.46;0.01;0.0;0;0;0;-205.12;0.0;0.01;0.0;0.0
2019;273;365;beauce_5_sa_016;orgeh;orgeH_tousSols_nonirr_organique;0.31;0.0;14.65;0.0;28.8;53.64;38.94;0.06;0.0;0;14.4;0;-164.82;0.05;0.01;0.0;0.31
2019;213;268;beauce_5_sa_017;solnu;;0.0;0.0;17.73;0.0;0.0;35.0;52.72;0.01;0.0;0;0;0;-195.91;0.0;0.01;0.0;0.0
2019;269;365;beauce_5_sa_017;orgeh;orgeH_tousSols_nonirr_organique;0.35;0.0;15.45;0.0;36.49;52.91;31.29;0.04;0.0;0;18.24;0;-174.73;0.03;0.01;0.0;0.35
2019;213;258;beauce_5_sa_018;solnu;;0.0;0.0;15.69;0.0;0.0;35.0;50.68;0.01;0.0;0;0;0;-173.99;0.0;0.01;0.0;0.0
2019;259;365;beauce_5_sa_018;orgeh;orgeH_tousSols_nonirr_organique;0.33;0.0;17.49;0.0;48.49;50.8;19.32;0.02;0.0;0;24.25;0;-196.57;0.01;0.01;0.0;0.33
2019;213;259;beauce_5_sa_019;solnu;;0.0;0.0;15.81;0.0;0.0;35.0;50.8;0.01;0.0;0;0;0;-175.7;0.0;0.01;0.0;0.0
2019;260;365;beauce_5_sa_019;orgeh;orgeH_tousSols_nonirr_organique;0.33;0.0;17.37;0.0;48.09;50.92;19.73;0.02;0.0;0;24.05;0;-194.98;0.01;0.01;0.0;0.33
2019;213;306;beauce_5_sa_020;solnu;;0.0;0.0;23.4;0.0;0.0;35.0;58.38;0.02;0.0;0;0;0;-260.05;0.0;0.01;0.0;0.0
2019;307;365;beauce_5_sa_020;orgeh;orgeH_tousSols_nonirr_organique;0.27;0.0;9.78;0.0;4.5;58.73;63.3;0.08;0.0;0;2.25;0;-110.5;0.07;0.01;0.0;0.27
2019;213;306;beauce_5_sa_021;solnu;;0.0;0.0;23.4;0.0;0.0;35.0;58.38;0.02;0.0;0;0;0;-260.05;0.0;0.01;0.0;0.0
2019;307;365;beauce_5_sa_021;orgeh;orgeH_tousSols_nonirr_organique;0.27;0.0;9.78;0.0;4.5;58.73;63.3;0.08;0.0;0;2.25;0;-110.5;0.07;0.01;0.0;0.27
2019;213;311;beauce_5_sa_022;solnu;;0.0;0.0;24.47;0.0;0.0;35.0;59.44;0.03;0.0;0;0;0;-271.09;0.02;0.01;0.0;0.0
2019;312;365;beauce_5_sa_022;orgeh;orgeH_tousSols_nonirr_organique;0.27;0.0;8.7;0.0;3.51;59.67;64.3;0.07;0.0;0;1.76;0;-99.46;0.06;0.01;0.0;0.27
2019;213;299;beauce_5_sa_023;solnu;;0.0;0.0;22.26;0.0;0.0;35.0;57.25;0.01;0.0;0;0;0;-247.88;0.0;0.01;0.0;0.0
2019;300;365;beauce_5_sa_023;orgeh;orgeH_tousSols_nonirr_organique;0.27;0.0;10.91;0.0;6.08;57.44;61.73;0.08;0.0;0;3.04;0;-122.66;0.08;0.01;0.0;0.27
2019;213;288;beauce_5_sa_024;solnu;;0.0;0.0;20.45;0.0;0.0;35.0;55.43;0.01;0.0;0;0;0;-227.78;0.0;0.01;0.0;0.0
2019;289;365;beauce_5_sa_024;orgeh;orgeH_tousSols_nonirr_organique;0.25;0.0;12.69;0.0;16.11;55.53;51.69;0.07;0.0;0;8.05;0;-142.37;0.07;0.01;0.0;0.25
2019;213;281;beauce_5_sa_025;solnu;;0.0;0.0;19.68;0.0;0.0;35.0;54.67;0.01;0.0;0;0;0;-219.67;0.0;0.01;0.0;0.0
2019;282;365;beauce_5_sa_025;orgeh;orgeH_tousSols_nonirr_organique;0.29;0.0;13.5;0.0;22.26;54.74;45.55;0.07;0.0;0;11.13;0;-150.94;0.06;0.01;0.0;0.29
2019;213;280;beauce_5_sa_026;solnu;;0.0;0.0;19.61;0.0;0.0;35.0;54.6;0.01;0.0;0;0;0;-217.86;0.0;0.01;0.0;0.0
2019;281;365;beauce_5_sa_026;orgeh;orgeH_tousSols_nonirr_organique;0.29;0.0;13.57;0.0;23.04;54.67;44.77;0.06;0.0;0;11.52;0;-152.76;0.06;0.01;0.0;0.29
2019;213;314;beauce_5_sa_027;solnu;;0.0;0.0;25.19;0.0;0.0;35.0;60.15;0.04;0.0;0;0;0;-279.24;0.02;0.02;0.0;0.0
2019;315;365;beauce_5_sa_027;orgeh;orgeH_tousSols_nonirr_organique;0.26;0.0;7.98;0.0;2.83;60.36;64.98;0.06;0.0;0;1.41;0;-91.23;0.06;0.0;0.0;0.26
2019;213;290;beauce_5_sa_028;solnu;;0.0;0.0;20.66;0.0;0.0;35.0;55.64;0.01;0.0;0;0;0;-230.28;0.0;0.01;0.0;0.0
2019;291;365;beauce_5_sa_028;orgeh;orgeH_tousSols_nonirr_organique;0.28;0.0;12.53;0.0;12.93;55.82;54.88;0.08;0.0;0;6.46;0;-140.36;0.07;0.01;0.0;0.28
2019;213;297;beauce_5_sa_029;solnu;;0.0;0.0;21.95;0.0;0.0;35.0;56.94;0.01;0.0;0;0;0;-243.31;0.0;0.01;0.0;0.0
2019;298;365;beauce_5_sa_029;orgeh;orgeH_tousSols_nonirr_organique;0.24;0.0;11.19;0.0;7.14;57.09;60.66;0.08;0.0;0;3.57;0;-126.86;0.08;0.01;0.0;0.24
2019;213;308;beauce_5_sa_030;solnu;;0.0;0.0;23.9;0.0;0.0;35.0;58.88;0.03;0.0;0;0;0;-266.09;0.01;0.01;0.0;0.0
2019;309;365;beauce_5_sa_030;orgeh;orgeH_tousSols_nonirr_organique;0.27;0.0;9.27;0.0;4.25;58.99;63.56;0.07;0.0;0;2.13;0;-104.46;0.07;0.01;0.0;0.27
2019;213;261;beauce_5_sa_031;solnu;;0.0;0.0;16.13;0.0;0.0;35.0;51.12;0.01;0.0;0;0;0;-178.38;0.0;0.01;0.0;0.0
2019;262;365;beauce_5_sa_031;orgeh;orgeH_tousSols_nonirr_organique;0.33;0.0;17.06;0.0;45.64;51.31;22.17;0.02;0.0;0;22.82;0;-192.28;0.01;0.01;0.0;0.33
2019;213;266;beauce_5_sa_032;solnu;;0.0;0.0;17.15;0.0;0.0;35.0;52.14;0.01;0.0;0;0;0;-190.14;0.0;0.01;0.0;0.0
2019;267;365;beauce_5_sa_032;orgeh;orgeH_tousSols_nonirr_organique;0.35;0.0;16.03;0.0;38.59;52.48;29.19;0.04;0.0;0;19.3;0;-180.45;0.03;0.01;0.0;0.35
2019;213;306;beauce_5_sa_033;solnu;;0.0;0.0;23.4;0.0;0.0;35.0;58.38;0.02;0.0;0;0;0;-260.05;0.0;0.01;0.0;0.0
2019;307;365;beauce_5_sa_033;orgeh;orgeH_tousSols_nonirr_organique;0.27;0.0;9.78;0.0;4.5;58.73;63.3;0.08;0.0;0;2.25;0;-110.5;0.07;0.01;0.0;0.27
2019;213;269;beauce_5_sa_034;solnu;;0.0;0.0;17.91;0.0;0.0;35.0;52.9;0.01;0.0;0;0;0;-198.46;0.0;0.01;0.0;0.0
2019;270;365;beauce_5_sa_034;orgeh;orgeH_tousSols_nonirr_organique;0.35;0.0;15.25;0.0;34.95;53.11;32.8;0.05;0.0;0;17.47;0;-171.88;0.04;0.01;0.0;0.35
2019;213;303;beauce_5_sa_035;solnu;;0.0;0.0;22.91;0.0;0.0;35.0;57.9;0.01;0.0;0;0;0;-254.88;0.0;0.01;0.0;0.0
2019;304;365;beauce_5_sa_035;orgeh;orgeH_tousSols_nonirr_organique;0.26;0.0;10.26;0.0;4.92;58.07;62.89;0.08;0.0;0;2.46;0;-115.65;0.08;0.01;0.0;0.26
2019;213;271;beauce_5_sa_036;solnu;;0.0;0.0;18.37;0.0;0.0;35.0;53.36;0.01;0.0;0;0;0;-203.4;0.0;0.01;0.0;0.0
2019;272;365;beauce_5_sa_036;orgeh;orgeH_tousSols_nonirr_organique;0.31;0.0;14.85;0.0;31.19;53.52;36.65;0.05;0.0;0;15.6;0;-167.64;0.04;0.01;0.0;0.31
2019;213;273;beauce_5_sa_037;solnu;;0.0;0.0;18.68;0.0;0.0;35.0;53.67;0.01;0.0;0;0;0;-207.21;0.0;0.01;0.0;0.0
2019;274;365;beauce_5_sa_037;orgeh;orgeH_tousSols_nonirr_organique;0.31;0.0;14.5;0.0;30.2;53.83;37.61;0.05;0.0;0;15.1;0;-163.42;0.05;0.01;0.0;0.31
2019;213;258;beauce_5_sa_038;solnu;;0.0;0.0;15.69;0.0;0.0;35.0;50.68;0.01;0.0;0;0;0;-174.06;0.0;0.01;0.0;0.0
2019;259;365;beauce_5_sa_038;orgeh;orgeH_tousSols_nonirr_organique;0.33;0.0;17.49;0.0;47.73;50.81;20.09;0.02;0.0;0;23.87;0;-196.63;0.01;0.01;0.0;0.33
2019;213;270;beauce_5_sa_039;solnu;;0.0;0.0;18.13;0.0;0.0;35.0;53.12;0.01;0.0;0;0;0;-200.72;0.0;0.01;0.0;0.0
2019;271;365;beauce_5_sa_039;orgeh;orgeH_tousSols_nonirr_organique;0.36;0.0;15.05;0.0;33.35;53.33;34.41;0.05;0.0;0;16.68;0;-169.94;0.04;0.01;0.0;0.36
2019;213;293;beauce_5_sa_040;solnu;;0.0;0.0;21.25;0.0;0.0;35.0;56.24;0.01;0.0;0;0;0;-235.98;0.0;0.01;0.0;0.0
2019;294;365;beauce_5_sa_040;orgeh;orgeH_tousSols_nonirr_organique;0.27;0.0;11.92;0.0;9.37;56.39;58.44;0.08;0.0;0;4.69;0;-134.56;0.07;0.01;0.0;0.27
2019;213;294;beauce_5_sa_041;solnu;;0.0;0.0;21.41;0.0;0.0;35.0;56.39;0.01;0.0;0;0;0;-238.03;0.0;0.01;0.0;0.0
2019;295;365;beauce_5_sa_041;orgeh;orgeH_tousSols_nonirr_organique;0.27;0.0;11.77;0.0;8.74;56.55;59.07;0.08;0.0;0;4.37;0;-132.53;0.08;0.01;0.0;0.27
2019;213;316;beauce_5_sa_042;solnu;;0.0;0.0;25.56;0.0;0.0;35.0;60.52;0.04;0.0;0;0;0;-284.58;0.02;0.02;0.0;0.0
2019;317;365;beauce_5_sa_042;orgeh;orgeH_tousSols_nonirr_organique;0.27;0.0;7.61;0.0;2.32;60.87;65.48;0.06;0.0;0;1.16;0;-85.96;0.06;0.0;0.0;0.27
2019;213;296;beauce_5_sa_043;solnu;;0.0;0.0;21.75;0.0;0.0;35.0;56.73;0.01;0.0;0;0;0;-241.55;0.0;0.01;0.0;0.0
2019;297;365;beauce_5_sa_043;orgeh;orgeH_tousSols_nonirr_organique;0.27;0.0;11.43;0.0;7.6;56.97;60.21;0.08;0.0;0;3.8;0;-129.0;0.08;0.01;0.0;0.27
2019;213;270;beauce_5_sa_044;solnu;;0.0;0.0;18.13;0.0;0.0;35.0;53.12;0.01;0.0;0;0;0;-200.72;0.0;0.01;0.0;0.0
2019;271;365;beauce_5_sa_044;orgeh;orgeH_tousSols_nonirr_organique;0.36;0.0;15.05;0.0;33.35;53.33;34.41;0.05;0.0;0;16.68;0;-169.94;0.04;0.01;0.0;0.36
2019;213;259;beauce_5_sa_045;solnu;;0.0;0.0;15.85;0.0;0.0;35.0;50.85;0.01;0.0;0;0;0;-176.16;0.0;0.01;0.0;0.0
2019;260;365;beauce_5_sa_045;orgeh;orgeH_tousSols_nonirr_organique;0.33;0.0;17.4;0.0;47.73;50.96;20.15;0.02;0.0;0;23.87;0;-195.24;0.01;0.01;0.0;0.33
2019;213;304;beauce_5_sa_046;solnu;;0.0;0.0;23.08;0.0;0.0;35.0;58.07;0.01;0.0;0;0;0;-256.62;0.0;0.01;0.0;0.0
2019;305;365;beauce_5_sa_046;orgeh;orgeH_tousSols_nonirr_organique;0.26;0.0;10.09;0.0;4.92;58.2;62.89;0.08;0.0;0;2.46;0;-113.9;0.08;0.01;0.0;0.26
2019;213;260;beauce_5_sa_047;solnu;;0.0;0.0;15.97;0.0;0.0;35.0;50.96;0.01;0.0;0;0;0;-177.57;0.0;0.01;0.0;0.0
2019;261;365;beauce_5_sa_047;orgeh;orgeH_tousSols_nonirr_organique;0.35;0.0;17.41;0.0;47.29;51.16;20.7;0.02;0.0;0;23.65;0;-195.26;0.01;0.01;0.0;0.35
2019;213;312;beauce_5_sa_048;solnu;;0.0;0.0;24.7;0.0;0.0;35.0;59.67;0.03;0.0;0;0;0;-274.08;0.02;0.01;0.0;0.0
2019;313;365;beauce_5_sa_048;orgeh;orgeH_tousSols_nonirr_organique;0.27;0.0;8.48;0.0;3.33;59.91;64.48;0.07;0.0;0;1.66;0;-96.47;0.06;0.01;0.0;0.27
2019;213;263;beauce_5_sa_049;solnu;;0.0;0.0;16.62;0.0;0.0;35.0;51.61;0.01;0.0;0;0;0;-182.7;0.0;0.01;0.0;0.0
2019;264;365;beauce_5_sa_049;orgeh;orgeH_tousSols_nonirr_organique;0.34;0.0;16.56;0.0;41.92;51.74;25.88;0.03;0.0;0;20.96;0;-187.89;0.02;0.01;0.0;0.34
2019;213;257;beauce_5_sa_050;solnu;;0.0;0.0;15.54;0.0;0.0;35.0;50.53;0.01;0.0;0;0;0;-172.66;0.0;0.01;0.0;0.0
2019;258;365;beauce_5_sa_050;orgeh;orgeH_tousSols_nonirr_organique;0.33;0.0;17.66;0.0;50.49;50.68;17.35;0.01;0.0;0;25.25;0;-198.15;0.0;0.01;0.0;0.33
2019;213;296;beauce_5_sa_051;solnu;;0.0;0.0;21.72;0.0;0.0;35.0;56.71;0.01;0.0;0;0;0;-241.26;0.0;0.01;0.0;0.0
2019;297;365;beauce_5_sa_051;orgeh;orgeH_tousSols_nonirr_organique;0.25;0.0;11.42;0.0;7.6;56.94;60.2;0.08;0.0;0;3.8;0;-128.89;0.08;0.01;0.0;0.25
2019;213;261;beauce_5_sa_052;solnu;;0.0;0.0;16.12;0.0;0.0;35.0;51.11;0.01;0.0;0;0;0;-178.29;0.0;0.01;0.0;0.0
2019;262;365;beauce_5_sa_052;orgeh;orgeH_tousSols_nonirr_organique;0.33;0.0;17.02;0.0;44.15;51.3;23.61;0.03;0.0;0;22.08;0;-191.83;0.02;0.01;0.0;0.33
2019;213;309;beauce_5_sa_053;solnu;;0.0;0.0;24.02;0.0;0.0;35.0;58.99;0.03;0.0;0;0;0;-267.71;0.01;0.01;0.0;0.0
2019;310;365;beauce_5_sa_053;orgeh;orgeH_tousSols_nonirr_organique;0.27;0.0;9.15;0.0;4.07;59.18;63.74;0.07;0.0;0;2.04;0;-102.83;0.07;0.01;0.0;0.27
2019;213;314;beauce_5_sa_054;solnu;;0.0;0.0;25.19;0.0;0.0;35.0;60.16;0.04;0.0;0;0;0;-279.32;0.02;0.02;0.0;0.0
2019;315;365;beauce_5_sa_054;orgeh;orgeH_tousSols_nonirr_organique;0.27;0.0;7.98;0.0;2.83;60.37;64.98;0.06;0.0;0;1.41;0;-91.23;0.06;0.0;0.0;0.27
2019;213;282;beauce_5_sa_055;solnu;;0.0;0.0;19.77;0.0;0.0;35.0;54.76;0.01;0.0;0;0;0;-220.61;0.0;0.01;0.0;0.0
2019;283;365;beauce_5_sa_055;orgeh;orgeH_tousSols_nonirr_organique;0.29;0.0;13.42;0.0;19.77;54.95;48.05;0.07;0.0;0;9.89;0;-150.14;0.06;0.01;0.0;0.29
2019;213;256;beauce_5_sa_056;solnu;;0.0;0.0;15.42;0.0;0.0;35.0;50.41;0.01;0.0;0;0;0;-171.43;0.0;0.01;0.0;0.0
2019;257;365;beauce_5_sa_056;orgeh;orgeH_tousSols_nonirr_organique;0.33;0.0;17.78;0.0;51.54;50.53;16.31;0.01;0.0;0;25.77;0;-199.36;0.0;0.01;0.0;0.33
2019;213;286;beauce_5_sa_057;solnu;;0.0;0.0;20.26;0.0;0.0;35.0;55.25;0.01;0.0;0;0;0;-225.08;0.0;0.01;0.0;0.0
2019;287;365;beauce_5_sa_057;orgeh;orgeH_tousSols_nonirr_organique;0.26;0.0;12.88;0.0;17.82;55.33;49.98;0.07;0.0;0;8.91;0;-145.08;0.06;0.01;0.0;0.26
2019;213;304;beauce_5_sa_058;solnu;;0.0;0.0;23.08;0.0;0.0;35.0;58.07;0.01;0.0;0;0;0;-256.57;0.0;0.01;0.0;0.0
2019;305;365;beauce_5_sa_058;orgeh;orgeH_tousSols_nonirr_organique;0.25;0.0;10.09;0.0;4.92;58.2;62.89;0.08;0.0;0;2.46;0;-113.89;0.08;0.01;0.0;0.25
2019;213;271;beauce_5_sa_059;solnu;;0.0;0.0;18.33;0.0;0.0;35.0;53.32;0.01;0.0;0;0;0;-202.99;0.0;0.01;0.0;0.0
2019;272;365;beauce_5_sa_059;orgeh;orgeH_tousSols_nonirr_organique;0.31;0.0;14.81;0.0;30.66;53.48;37.1;0.05;0.0;0;15.33;0;-167.16;0.04;0.01;0.0;0.31
2019;213;302;beauce_5_sa_060;solnu;;0.0;0.0;22.76;0.0;0.0;35.0;57.74;0.01;0.0;0;0;0;-253.38;0.0;0.01;0.0;0.0
2019;303;365;beauce_5_sa_060;orgeh;orgeH_tousSols_nonirr_organique;0.27;0.0;10.42;0.0;5.26;57.9;62.55;0.08;0.0;0;2.63;0;-117.17;0.08;0.01;0.0;0.27
2019;213;298;beauce_5_sa_061;solnu;;0.0;0.0;22.13;0.0;0.0;35.0;57.12;0.01;0.0;0;0;0;-246.16;0.0;0.01;0.0;0.0
2019;299;365;beauce_5_sa_061;orgeh;orgeH_tousSols_nonirr_organique;0.27;0.0;11.04;0.0;6.68;57.25;61.13;0.08;0.0;0;3.34;0;-124.38;0.08;0.01;0.0;0.27
2019;213;290;beauce_5_sa_062;solnu;;0.0;0.0;20.64;0.0;0.0;35.0;55.63;0.01;0.0;0;0;0;-230.08;0.0;0.01;0.0;0.0
2019;291;365;beauce_5_sa_062;orgeh;orgeH_tousSols_nonirr_organique;0.26;0.0;12.51;0.0;12.89;55.8;54.9;0.08;0.0;0;6.45;0;-140.15;0.07;0.01;0.0;0.26
2019;213;302;beauce_5_sa_063;solnu;;0.0;0.0;22.76;0.0;0.0;35.0;57.74;0.01;0.0;0;0;0;-253.38;0.0;0.01;0.0;0.0
2019;303;365;beauce_5_sa_063;orgeh;orgeH_tousSols_nonirr_organique;0.27;0.0;10.42;0.0;5.26;57.9;62.55;0.08;0.0;0;2.63;0;-117.17;0.08;0.01;0.0;0.27
2019;213;266;beauce_5_sa_064;solnu;;0.0;0.0;17.14;0.0;0.0;35.0;52.13;0.01;0.0;0;0;0;-189.99;0.0;0.01;0.0;0.0
2019;267;365;beauce_5_sa_064;orgeh;orgeH_tousSols_nonirr_organique;0.34;0.0;15.98;0.0;36.34;52.47;31.37;0.04;0.0;0;18.17;0;-179.87;0.03;0.01;0.0;0.34
2019;213;304;beauce_5_sa_065;solnu;;0.0;0.0;23.09;0.0;0.0;35.0;58.07;0.01;0.0;0;0;0;-256.64;0.0;0.01;0.0;0.0
2019;305;365;beauce_5_sa_065;orgeh;orgeH_tousSols_nonirr_organique;0.26;0.0;10.09;0.0;4.92;58.2;62.89;0.08;0.0;0;2.46;0;-113.9;0.08;0.01;0.0;0.26
2019;213;290;beauce_5_sa_066;solnu;;0.0;0.0;20.66;0.0;0.0;35.0;55.64;0.01;0.0;0;0;0;-230.28;0.0;0.01;0.0;0.0
2019;291;365;beauce_5_sa_066;orgeh;orgeH_tousSols_nonirr_organique;0.28;0.0;12.52;0.0;12.98;55.82;54.83;0.08;0.0;0;6.49;0;-140.35;0.07;0.01;0.0;0.28
2019;213;287;beauce_5_sa_067;solnu;;0.0;0.0;20.36;0.0;0.0;35.0;55.34;0.01;0.0;0;0;0;-227.11;0.0;0.01;0.0;0.0
2019;288;365;beauce_5_sa_067;orgeh;orgeH_tousSols_nonirr_organique;0.28;0.0;12.82;0.0;17.33;55.45;50.49;0.07;0.0;0;8.66;0;-143.47;0.06;0.01;0.0;0.28
2019;213;257;beauce_5_sa_068;solnu;;0.0;0.0;15.54;0.0;0.0;35.0;50.53;0.01;0.0;0;0;0;-172.66;0.0;0.01;0.0;0.0
2019;258;365;beauce_5_sa_068;orgeh;orgeH_tousSols_nonirr_organique;0.33;0.0;17.66;0.0;50.49;50.68;17.35;0.01;0.0;0;25.25;0;-198.15;0.0;0.01;0.0;0.33
2019;213;281;beauce_5_sa_069;solnu;;0.0;0.0;19.68;0.0;0.0;35.0;54.67;0.01;0.0;0;0;0;-219.67;0.0;0.01;0.0;0.0
2019;282;365;beauce_5_sa_069;orgeh;orgeH_tousSols_nonirr_organique;0.29;0.0;13.5;0.0;22.26;54.74;45.55;0.07;0.0;0;11.13;0;-150.94;0.06;0.01;0.0;0.29
2019;213;305;beauce_5_sa_070;solnu;;0.0;0.0;23.19;0.0;0.0;35.0;58.18;0.01;0.0;0;0;0;-258.26;0.0;0.01;0.0;0.0
2019;306;365;beauce_5_sa_070;orgeh;orgeH_tousSols_nonirr_organique;0.24;0.0;9.96;0.0;4.79;58.35;63.01;0.08;0.0;0;2.39;0;-111.97;0.08;0.01;0.0;0.24
2019;213;276;beauce_5_sa_071;solnu;;0.0;0.0;19.06;0.0;0.0;35.0;54.05;0.01;0.0;0;0;0;-212.57;0.0;0.01;0.0;0.0
2019;277;365;beauce_5_sa_071;orgeh;orgeH_tousSols_nonirr_organique;0.29;0.0;14.09;0.0;25.05;54.24;42.73;0.06;0.0;0;12.52;0;-157.64;0.05;0.01;0.0;0.29
2019;213;296;beauce_5_sa_072;solnu;;0.0;0.0;21.75;0.0;0.0;35.0;56.73;0.01;0.0;0;0;0;-241.55;0.0;0.01;0.0;0.0
2019;297;365;beauce_5_sa_072;orgeh;orgeH_tousSols_nonirr_organique;0.27;0.0;11.43;0.0;7.6;56.97;60.21;0.08;0.0;0;3.8;0;-129.0;0.08;0.01;0.0;0.27
2019;213;288;beauce_5_sa_073;solnu;;0.0;0.0;20.47;0.0;0.0;35.0;55.45;0.01;0.0;0;0;0;-227.99;0.0;0.01;0.0;0.0
2019;289;365;beauce_5_sa_073;orgeh;orgeH_tousSols_nonirr_organique;0.27;0.0;12.71;0.0;16.25;55.55;51.56;0.07;0.0;0;8.13;0;-142.59;0.07;0.01;0.0;0.27
2019;213;276;beauce_5_sa_074;solnu;;0.0;0.0;19.07;0.0;0.0;35.0;54.05;0.01;0.0;0;0;0;-212.66;0.0;0.01;0.0;0.0
2019;277;365;beauce_5_sa_074;orgeh;orgeH_tousSols_nonirr_organique;0.3;0.0;14.12;0.0;26.33;54.25;41.47;0.06;0.0;0;13.17;0;-157.98;0.05;0.01;0.0;0.3
2019;213;281;beauce_5_sa_075;solnu;;0.0;0.0;19.67;0.0;0.0;35.0;54.66;0.01;0.0;0;0;0;-219.58;0.0;0.01;0.0;0.0
2019;282;365;beauce_5_sa_075;orgeh;orgeH_tousSols_nonirr_organique;0.27;0.0;13.47;0.0;21.26;54.73;46.53;0.07;0.0;0;10.63;0;-150.63;0.06;0.01;0.0;0.27
2019;213;297;beauce_5_sa_076;solnu;;0.0;0.0;21.98;0.0;0.0;35.0;56.97;0.01;0.0;0;0;0;-243.58;0.0;0.01;0.0;0.0
2019;298;365;beauce_5_sa_076;orgeh;orgeH_tousSols_nonirr_organique;0.26;0.0;11.2;0.0;7.14;57.12;60.67;0.08;0.0;0;3.57;0;-126.96;0.08;0.01;0.0;0.26
2019;213;305;beauce_5_sa_077;solnu;;0.0;0.0;23.19;0.0;0.0;35.0;58.18;0.01;0.0;0;0;0;-258.31;0.0;0.01;0.0;0.0
2019;306;365;beauce_5_sa_077;orgeh;orgeH_tousSols_nonirr_organique;0.25;0.0;9.96;0.0;4.79;58.36;63.02;0.08;0.0;0;2.39;0;-111.97;0.08;0.01;0.0;0.25
2019;213;314;beauce_5_sa_078;solnu;;0.0;0.0;25.19;0.0;0.0;35.0;60.15;0.04;0.0;0;0;0;-279.26;0.02;0.02;0.0;0.0
2019;315;365;beauce_5_sa_078;orgeh;orgeH_tousSols_nonirr_organique;0.26;0.0;7.98;0.0;2.83;60.37;64.98;0.06;0.0;0;1.41;0;-91.23;0.06;0.0;0.0;0.26
2019;213;302;beauce_5_sa_079;solnu;;0.0;0.0;22.76;0.0;0.0;35.0;57.74;0.01;0.0;0;0;0;-253.38;0.0;0.01;0.0;0.0
2019;303;365;beauce_5_sa_079;orgeh;orgeH_tousSols_nonirr_organique;0.27;0.0;10.42;0.0;5.26;57.9;62.55;0.08;0.0;0;2.63;0;-117.17;0.08;0.01;0.0;0.27
2019;213;270;beauce_5_sa_080;solnu;;0.0;0.0;18.12;0.0;0.0;35.0;53.11;0.01;0.0;0;0;0;-200.66;0.0;0.01;0.0;0.0
2019;271;365;beauce_5_sa_080;orgeh;orgeH_tousSols_nonirr_organique;0.36;0.0;15.02;0.0;31.52;53.32;36.2;0.05;0.0;0;15.76;0;-169.5;0.04;0.01;0.0;0.36
2019;213;295;beauce_5_sa_081;solnu;;0.0;0.0;21.56;0.0;0.0;35.0;56.54;0.01;0.0;0;0;0;-239.64;0.0;0.01;0.0;0.0
2019;296;365;beauce_5_sa_081;orgeh;orgeH_tousSols_nonirr_organique;0.25;0.0;11.6;0.0;8.32;56.72;59.49;0.08;0.0;0;4.16;0;-130.7;0.08;0.01;0.0;0.25
2019;213;308;beauce_5_sa_082;solnu;;0.0;0.0;23.9;0.0;0.0;35.0;58.88;0.03;0.0;0;0;0;-266.09;0.01;0.01;0.0;0.0
2019;309;365;beauce_5_sa_082;orgeh;orgeH_tousSols_nonirr_organique;0.27;0.0;9.27;0.0;4.25;58.99;63.56;0.07;0.0;0;2.13;0;-104.46;0.07;0.01;0.0;0.27
2019;213;296;beauce_5_sa_083;solnu;;0.0;0.0;21.74;0.0;0.0;35.0;56.73;0.01;0.0;0;0;0;-241.51;0.0;0.01;0.0;0.0
2019;297;365;beauce_5_sa_083;orgeh;orgeH_tousSols_nonirr_organique;0.26;0.0;11.42;0.0;7.6;56.96;60.22;0.08;0.0;0;3.8;0;-128.95;0.08;0.01;0.0;0.26
2019;213;264;beauce_5_sa_084;solnu;;0.0;0.0;16.75;0.0;0.0;35.0;51.74;0.01;0.0;0;0;0;-186.12;0.0;0.01;0.0;0.0
2019;265;365;beauce_5_sa_084;orgeh;orgeH_tousSols_nonirr_organique;0.34;0.0;16.38;0.0;38.74;51.96;29.0;0.04;0.0;0;19.37;0;-183.91;0.03;0.01;0.0;0.34
2019;213;274;beauce_5_sa_085;solnu;;0.0;0.0;18.84;0.0;0.0;35.0;53.83;0.01;0.0;0;0;0;-209.26;0.0;0.01;0.0;0.0
2019;275;365;beauce_5_sa_085;orgeh;orgeH_tousSols_nonirr_organique;0.31;0.0;14.34;0.0;28.52;53.98;39.28;0.06;0.0;0;14.26;0;-161.37;0.05;0.01;0.0;0.31
2019;213;264;beauce_5_sa_086;solnu;;0.0;0.0;16.75;0.0;0.0;35.0;51.74;0.01;0.0;0;0;0;-186.04;0.0;0.01;0.0;0.0
2019;265;365;beauce_5_sa_086;orgeh;orgeH_tousSols_nonirr_organique;0.34;0.0;16.36;0.0;38.47;51.95;29.25;0.04;0.0;0;19.23;0;-183.78;0.03;0.01;0.0;0.34
2019;213;276;beauce_5_sa_087;solnu;;0.0;0.0;19.07;0.0;0.0;35.0;54.05;0.01;0.0;0;0;0;-212.66;0.0;0.01;0.0;0.0
2019;277;365;beauce_5_sa_087;orgeh;orgeH_tousSols_nonirr_organique;0.3;0.0;14.12;0.0;26.33;54.25;41.47;0.06;0.0;0;13.17;0;-157.98;0.05;0.01;0.0;0.3
2019;213;267;beauce_5_sa_088;solnu;;0.0;0.0;17.52;0.0;0.0;35.0;52.51;0.01;0.0;0;0;0;-192.36;0.0;0.01;0.0;0.0
2019;268;365;beauce_5_sa_088;orgeh;orgeH_tousSols_nonirr_organique;0.36;0.0;15.7;0.0;35.71;52.75;32.09;0.05;0.0;0;17.86;0;-178.67;0.04;0.01;0.0;0.36
2019;213;315;beauce_5_sa_089;solnu;;0.0;0.0;25.41;0.0;0.0;35.0;60.37;0.04;0.0;0;0;0;-282.16;0.02;0.02;0.0;0.0
2019;316;365;beauce_5_sa_089;orgeh;orgeH_tousSols_nonirr_organique;0.27;0.0;7.77;0.0;2.68;60.52;65.12;0.06;0.0;0;1.34;0;-88.39;0.06;0.0;0.0;0.27
2019;213;258;beauce_5_sa_090;solnu;;0.0;0.0;15.69;0.0;0.0;35.0;50.68;0.01;0.0;0;0;0;-173.99;0.0;0.01;0.0;0.0
2019;259;365;beauce_5_sa_090;orgeh;orgeH_tousSols_nonirr_organique;0.33;0.0;17.5;0.0;49.15;50.8;18.67;0.02;0.0;0;24.58;0;-196.66;0.01;0.01;0.0;0.33
2019;213;289;beauce_5_sa_091;solnu;;0.0;0.0;20.56;0.0;0.0;35.0;55.55;0.01;0.0;0;0;0;-229.21;0.0;0.01;0.0;0.0
2019;290;365;beauce_5_sa_091;orgeh;orgeH_tousSols_nonirr_organique;0.28;0.0;12.62;0.0;14.59;55.64;53.22;0.08;0.0;0;7.3;0;-141.38;0.07;0.01;0.0;0.28
2019;213;264;beauce_5_sa_092;solnu;;0.0;0.0;16.76;0.0;0.0;35.0;51.75;0.01;0.0;0;0;0;-186.17;0.0;0.01;0.0;0.0
2019;265;365;beauce_5_sa_092;orgeh;orgeH_tousSols_nonirr_organique;0.34;0.0;16.42;0.0;40.74;51.97;27.05;0.04;0.0;0;20.37;0;-184.36;0.03;0.01;0.0;0.34
2019;213;294;beauce_5_sa_093;solnu;;0.0;0.0;21.39;0.0;0.0;35.0;56.37;0.01;0.0;0;0;0;-237.8;0.0;0.01;0.0;0.0
2019;295;365;beauce_5_sa_093;orgeh;orgeH_tousSols_nonirr_organique;0.25;0.0;11.76;0.0;8.74;56.53;59.06;0.08;0.0;0;4.37;0;-132.4;0.08;0.01;0.0;0.25
2019;213;266;beauce_5_sa_094;solnu;;0.0;0.0;17.15;0.0;0.0;35.0;52.14;0.01;0.0;0;0;0;-190.12;0.0;0.01;0.0;0.0
2019;267;365;beauce_5_sa_094;orgeh;orgeH_tousSols_nonirr_organique;0.34;0.0;16.0;0.0;36.62;52.48;31.13;0.04;0.0;0;18.31;0;-180.1;0.03;0.01;0.0;0.34
2019;213;287;beauce_5_sa_095;solnu;;0.0;0.0;20.36;0.0;0.0;35.0;55.34;0.01;0.0;0;0;0;-227.11;0.0;0.01;0.0;0.0
2019;288;365;beauce_5_sa_095;orgeh;orgeH_tousSols_nonirr_organique;0.28;0.0;12.82;0.0;17.33;55.45;50.49;0.07;0.0;0;8.66;0;-143.47;0.06;0.01;0.0;0.28
2019;213;264;beauce_5_sa_096;solnu;;0.0;0.0;16.76;0.0;0.0;35.0;51.75;0.01;0.0;0;0;0;-186.17;0.0;0.01;0.0;0.0
2019;265;365;beauce_5_sa_096;orgeh;orgeH_tousSols_nonirr_organique;0.34;0.0;16.42;0.0;40.74;51.97;27.05;0.04;0.0;0;20.37;0;-184.36;0.03;0.01;0.0;0.34
2019;213;290;beauce_5_sa_097;solnu;;0.0;0.0;20.66;0.0;0.0;35.0;55.64;0.01;0.0;0;0;0;-230.28;0.0;0.01;0.0;0.0
2019;291;365;beauce_5_sa_097;orgeh;orgeH_tousSols_nonirr_organique;0.28;0.0;12.52;0.0;12.98;55.82;54.83;0.08;0.0;0;6.49;0;-140.35;0.07;0.01;0.0;0.28
2019;213;314;beauce_5_sa_098;solnu;;0.0;0.0;25.19;0.0;0.0;35.0;60.16;0.04;0.0;0;0;0;-279.32;0.02;0.02;0.0;0.0
2019;315;365;beauce_5_sa_098;orgeh;orgeH_tousSols_nonirr_organique;0.27;0.0;7.98;0.0;2.83;60.37;64.98;0.06;0.0;0;1.41;0;-91.23;0.06;0.0;0.0;0.27
2019;213;298;beauce_5_sa_099;solnu;;0.0;0.0;22.13;0.0;0.0;35.0;57.12;0.01;0.0;0;0;0;-246.16;0.0;0.01;0.0;0.0
2019;299;365;beauce_5_sa_099;orgeh;orgeH_tousSols_nonirr_organique;0.26;0.0;11.04;0.0;6.68;57.25;61.13;0.08;0.0;0;3.34;0;-124.37;0.08;0.01;0.0;0.26
2020;1;207;beauce_5_sa_000;orgeh;orgeH_tousSols_nonirr_organique;3.19;0.0;53.91;0.0;74.94;54.83;30.54;0.07;0.0;0;43.96;0;-600.97;0.04;0.03;0.0;3.19
2020;208;291;beauce_5_sa_000;solnu;;0.99;0.0;39.07;-14.78;0.0;30.54;53.76;0.08;0.0;0;0;0;-377.82;0.06;0.02;0.0;0.99
2020;292;366;beauce_5_sa_000;orgeh;orgeH_tousSols_nonirr_organique;2.5;0.0;11.54;-37.52;2.9;53.83;22.36;0.02;0.0;0;1.45;0;-56.2;0.02;0.0;0.0;2.5
2020;1;199;beauce_5_sa_001;orgeh;orgeH_tousSols_nonirr_organique;3.4;0.0;50.71;0.0;78.77;59.49;27.97;0.07;0.0;0;43.54;0;-565.2;0.04;0.03;0.0;3.4
2020;200;296;beauce_5_sa_001;solnu;;1.71;0.0;43.04;-46.77;0.0;27.97;22.46;0.07;0.0;0;0;0;-404.88;0.05;0.02;0.0;1.71
2020;297;366;beauce_5_sa_001;orgeh;orgeH_tousSols_nonirr_organique;1.86;0.0;10.44;-10.19;0.0;22.46;20.85;0.0;0.0;0;0.0;0;-36.83;0.0;0.0;0.0;1.86
2020;1;209;beauce_5_sa_002;orgeh;orgeH_tousSols_nonirr_organique;2.92;0.0;55.14;0.0;68.87;48.15;31.43;0.07;0.0;0;44.27;0;-614.18;0.03;0.03;0.0;2.92
2020;210;285;beauce_5_sa_002;solnu;;0.94;0.0;37.52;-14.95;0.0;31.43;52.97;0.08;0.0;0;0;0;-361.83;0.07;0.02;0.0;0.94
2020;286;366;beauce_5_sa_002;orgeh;orgeH_tousSols_nonirr_organique;2.33;0.0;12.58;-38.65;4.19;53.14;20.38;0.01;0.0;0;2.09;0;-59.81;0.01;0.0;0.0;2.33
2020;1;222;beauce_5_sa_003;orgeh;orgeH_tousSols_nonirr_organique;3.59;0.0;60.06;0.0;85.45;64.29;35.23;0.09;0.0;0;44.48;0;-663.38;0.05;0.04;0.0;3.59
2020;223;312;beauce_5_sa_003;solnu;;1.54;0.0;36.27;-38.76;0.0;35.23;31.0;0.08;0.0;0;0;0;-353.91;0.07;0.01;0.0;1.54
2020;313;366;beauce_5_sa_003;orgeh;orgeH_tousSols_nonirr_organique;2.09;0.0;7.15;-12.81;0.0;29.96;23.24;0.0;0.0;0;0.0;0;-27.5;0.0;0.0;0.0;2.09
2020;1;202;beauce_5_sa_004;orgeh;orgeH_tousSols_nonirr_organique;2.88;0.0;52.59;0.0;67.56;47.76;29.84;0.07;0.0;0;43.81;0;-586.86;0.03;0.03;0.0;2.88
2020;203;283;beauce_5_sa_004;solnu;;0.95;0.0;39.51;-43.66;0.0;29.84;24.66;0.08;0.0;0;0;0;-377.71;0.07;0.02;0.0;0.95
2020;284;366;beauce_5_sa_004;orgeh;orgeH_tousSols_nonirr_organique;2.32;0.0;13.37;-16.31;0.0;22.0;19.4;0.0;0.0;0;0.0;0;-48.48;0.0;0.0;0.0;2.32
2020;1;201;beauce_5_sa_005;orgeh;orgeH_tousSols_nonirr_organique;2.22;0.0;53.6;0.0;57.72;37.39;31.0;0.06;0.0;0;44.07;0;-598.23;0.02;0.03;0.0;2.22
2020;202;273;beauce_5_sa_005;solnu;;0.86;0.0;37.36;-15.01;0.0;31.0;52.38;0.09;0.0;0;0;0;-359.84;0.08;0.02;0.0;0.86
2020;274;366;beauce_5_sa_005;orgeh;orgeH_tousSols_nonirr_organique;2.17;0.0;16.31;-44.18;4.23;52.91;18.1;0.01;0.0;0;2.11;0;-75.02;0.0;0.0;0.0;2.17
2020;1;206;beauce_5_sa_006;orgeh;orgeH_tousSols_nonirr_organique;2.39;0.0;55.36;0.0;59.32;40.39;33.97;0.06;0.0;0;43.35;0;-615.06;0.03;0.03;0.0;2.39
2020;207;275;beauce_5_sa_006;solnu;;0.85;0.0;36.12;-54.02;0.0;33.97;15.18;0.03;0.0;0;0;0;-280.19;0.03;0.0;0.0;0.85
2020;276;366;beauce_5_sa_006;orgeh;orgeH_tousSols_nonirr_organique;1.66;0.0;15.63;-2.63;8.29;14.77;18.22;0.01;0.0;0;4.15;0;-43.6;0.0;0.01;0.0;1.66
2020;1;191;beauce_5_sa_007;orgeh;orgeH_tousSols_nonirr_organique;1.74;0.0;50.47;0.0;46.7;27.3;29.27;0.05;0.0;0;43.56;0;-560.92;0.02;0.03;0.0;1.74
2020;192;263;beauce_5_sa_007;solnu;;0.51;0.0;39.39;-56.69;0.0;29.27;11.42;0.03;0.0;0;0;0;-313.9;0.03;0.01;0.0;0.51
2020;264;366;beauce_5_sa_007;orgeh;orgeH_tousSols_nonirr_organique;1.54;0.0;20.02;1.32;14.43;11.53;16.75;0.02;0.0;0;7.22;0;-65.14;0.01;0.01;0.0;1.54
2020;1;172;beauce_5_sa_008;orgeh;orgeH_tousSols_nonirr_organique;2.3;0.0;38.12;0.0;58.68;39.06;16.15;0.05;0.0;0;43.7;0;-417.05;0.03;0.02;0.0;2.3
2020;173;274;beauce_5_sa_008;solnu;;0.81;0.0;52.46;-44.42;0.0;16.15;23.29;0.08;0.0;0;0;0;-510.83;0.06;0.02;0.0;0.81
2020;275;366;beauce_5_sa_008;orgeh;orgeH_tousSols_nonirr_organique;1.77;0.0;15.88;-20.36;0.78;21.27;16.27;0.0;0.0;0;0.39;0;-56.93;0.0;0.0;0.0;1.77
2020;1;227;beauce_5_sa_009;orgeh;orgeH_tousSols_nonirr_organique;2.5;0.0;69.41;0.0;47.47;28.32;47.62;0.13;0.02;0;43.46;0;-768.85;0.09;0.04;0.0;2.5
2020;228;266;beauce_5_sa_009;solnu;;0.45;0.0;21.92;-15.69;0.0;47.62;53.32;0.06;0.0;0;0;0;-221.77;0.06;0.01;0.0;0.45
2020;267;366;beauce_5_sa_009;orgeh;orgeH_tousSols_nonirr_organique;2.72;0.0;18.71;-48.16;3.0;53.69;18.14;0.01;0.0;0;1.5;0;-75.7;0.01;0.0;0.0;2.72
2020;1;179;beauce_5_sa_010;orgeh;orgeH_tousSols_nonirr_organique;3.56;0.0;40.66;0.0;78.84;63.49;20.59;0.07;0.0;0;41.58;0;-451.53;0.05;0.02;0.0;3.56
2020;180;308;beauce_5_sa_010;solnu;;1.59;0.0;54.94;-13.4;0.0;20.59;60.68;0.1;0.0;0;0;0;-535.51;0.07;0.03;0.0;1.59
2020;309;366;beauce_5_sa_010;orgeh;orgeH_tousSols_nonirr_organique;2.26;0.0;7.92;-41.22;0.0;60.76;25.11;0.01;0.0;0;0.0;0;-42.05;0.0;0.0;0.0;2.26
2020;1;209;beauce_5_sa_011;orgeh;orgeH_tousSols_nonirr_organique;2.56;0.0;56.17;0.0;62.79;42.83;33.58;0.06;0.0;0;43.87;0;-625.48;0.03;0.03;0.0;2.56
2020;210;277;beauce_5_sa_011;solnu;;0.95;0.0;35.82;-52.58;0.0;33.58;15.81;0.06;0.0;0;0;0;-312.82;0.05;0.01;0.0;0.95
2020;278;366;beauce_5_sa_011;orgeh;orgeH_tousSols_nonirr_organique;1.74;0.0;14.89;-10.88;1.66;15.81;16.42;0.0;0.0;0;0.83;0;-42.86;0.0;0.0;0.0;1.74
2020;1;213;beauce_5_sa_012;orgeh;orgeH_tousSols_nonirr_organique;3.35;0.0;56.09;0.0;78.01;58.44;33.1;0.08;0.0;0;43.69;0;-623.53;0.04;0.03;0.0;3.35
2020;214;294;beauce_5_sa_012;solnu;;1.57;0.0;37.44;-34.2;0.0;33.1;34.68;0.08;0.01;0;0;0;-362.29;0.07;0.01;0.0;1.57
2020;295;366;beauce_5_sa_012;orgeh;orgeH_tousSols_nonirr_organique;1.98;0.0;10.85;-21.56;0.0;31.87;21.99;0.0;0.0;0;0.0;0;-42.7;0.0;0.0;0.0;1.98
2020;1;171;beauce_5_sa_013;orgeh;orgeH_tousSols_nonirr_organique;1.72;0.0;37.93;0.0;41.67;22.19;16.7;0.03;0.0;0;43.65;0;-414.73;0.01;0.02;0.0;1.72
2020;172;262;beauce_5_sa_013;solnu;;0.36;0.0;50.02;-13.82;0.0;16.7;52.44;0.09;0.0;0;0;0;-492.2;0.07;0.02;0.0;0.36
2020;263;366;beauce_5_sa_013;orgeh;orgeH_tousSols_nonirr_organique;1.68;0.0;20.11;-52.13;6.44;52.7;12.29;0.0;0.0;0;3.22;0;-91.05;0.0;0.0;0.0;1.68
2020;1;177;beauce_5_sa_014;orgeh;orgeH_tousSols_nonirr_organique;3.48;0.0;39.86;0.0;77.05;61.73;20.18;0.07;0.0;0;41.56;0;-444.47;0.05;0.02;0.0;3.48
2020;178;300;beauce_5_sa_014;solnu;;1.62;0.0;54.6;-13.48;0.0;20.18;59.86;0.1;0.0;0;0;0;-530.97;0.07;0.03;0.0;1.62
2020;301;366;beauce_5_sa_014;orgeh;orgeH_tousSols_nonirr_organique;2.27;0.0;9.56;-41.99;0.0;60.08;25.16;0.0;0.0;0;0.0;0;-48.99;0.0;0.0;0.0;2.27
2020;1;210;beauce_5_sa_015;orgeh;orgeH_tousSols_nonirr_organique;2.26;0.0;57.02;0.0;57.54;37.61;34.77;0.06;0.0;0;43.87;0;-635.54;0.02;0.03;0.0;2.26
2020;211;274;beauce_5_sa_015;solnu;;0.93;0.0;34.37;-15.3;0.0;34.77;52.81;0.1;0.0;0;0;0;-331.33;0.08;0.01;0.0;0.93
2020;275;366;beauce_5_sa_015;orgeh;orgeH_tousSols_nonirr_organique;2.23;0.0;15.82;-44.8;3.0;53.14;18.6;0.01;0.0;0;1.5;0;-71.29;0.0;0.0;0.0;2.23
2020;1;202;beauce_5_sa_016;orgeh;orgeH_tousSols_nonirr_organique;2.26;0.0;53.96;0.0;58.89;38.94;31.69;0.06;0.0;0;43.85;0;-601.85;0.03;0.03;0.0;2.26
2020;203;273;beauce_5_sa_016;solnu;;0.9;0.0;37.27;-53.19;0.0;31.69;14.82;0.05;0.0;0;0;0;-305.89;0.04;0.0;0.0;0.9
2020;274;366;beauce_5_sa_016;orgeh;orgeH_tousSols_nonirr_organique;1.65;0.0;16.39;-7.24;5.33;14.84;16.99;0.01;0.0;0;2.66;0;-47.33;0.0;0.01;0.0;1.65
2020;1;213;beauce_5_sa_017;orgeh;orgeH_tousSols_nonirr_organique;1.88;0.0;59.91;0.0;51.73;31.29;37.53;0.06;0.0;0;44.11;0;-665.17;0.02;0.04;0.0;1.88
2020;214;269;beauce_5_sa_017;solnu;;0.65;0.0;31.11;-15.55;0.0;37.53;52.34;0.09;0.0;0;0;0;-304.15;0.08;0.01;0.0;0.65
2020;270;366;beauce_5_sa_017;orgeh;orgeH_tousSols_nonirr_organique;2.48;0.0;17.73;-46.27;4.17;52.74;17.13;0.02;0.0;0;2.08;0;-76.67;0.02;0.0;0.0;2.48
2020;1;212;beauce_5_sa_018;orgeh;orgeH_tousSols_nonirr_organique;1.75;0.0;61.6;0.0;38.35;19.32;40.75;0.06;0.0;0;43.42;0;-683.94;0.02;0.04;0.0;1.75
2020;213;259;beauce_5_sa_018;solnu;;0.61;0.0;28.57;-52.27;0.0;40.75;16.33;0.1;0.01;0;0;0;-269.92;0.09;0.01;0.0;0.61
2020;260;366;beauce_5_sa_018;orgeh;orgeH_tousSols_nonirr_organique;2.1;0.0;21.16;-14.03;4.97;16.15;16.38;0.01;0.0;0;2.49;0;-66.53;0.0;0.01;0.0;2.1
2020;1;171;beauce_5_sa_019;orgeh;orgeH_tousSols_nonirr_organique;1.7;0.0;38.06;0.0;39.2;19.73;16.85;0.03;0.0;0;43.65;0;-416.09;0.01;0.02;0.0;1.7
2020;172;260;beauce_5_sa_019;solnu;;0.35;0.0;49.44;-13.89;0.0;16.85;51.96;0.09;0.0;0;0;0;-487.27;0.07;0.02;0.0;0.35
2020;261;366;beauce_5_sa_019;orgeh;orgeH_tousSols_nonirr_organique;1.6;0.0;20.77;-50.34;8.86;52.27;11.94;0.0;0.0;0;4.43;0;-91.88;0.0;0.0;0.0;1.6
2020;1;203;beauce_5_sa_020;orgeh;orgeH_tousSols_nonirr_organique;3.55;0.0;51.46;0.0;84.93;63.3;26.2;0.08;0.0;0;44.72;0;-574.34;0.05;0.03;0.0;3.55
2020;204;307;beauce_5_sa_020;solnu;;1.47;0.0;43.87;-14.18;0.0;26.2;54.34;0.08;0.01;0;0;0;-421.9;0.06;0.02;0.0;1.47
2020;308;366;beauce_5_sa_020;orgeh;orgeH_tousSols_nonirr_organique;2.05;0.0;8.13;-37.64;0.0;54.59;22.77;0.0;0.0;0;0.0;0;-41.2;0.0;0.0;0.0;2.05
2020;1;193;beauce_5_sa_021;orgeh;orgeH_tousSols_nonirr_organique;3.55;0.0;48.01;0.0;84.93;63.3;22.75;0.08;0.0;0;44.72;0;-531.26;0.05;0.03;0.0;3.55
2020;194;307;beauce_5_sa_021;solnu;;1.47;0.0;47.42;-13.8;0.0;22.75;54.82;0.08;0.01;0;0;0;-461.01;0.06;0.02;0.0;1.47
2020;308;366;beauce_5_sa_021;orgeh;orgeH_tousSols_nonirr_organique;2.06;0.0;8.13;-38.07;0.0;55.06;22.83;0.0;0.0;0;0.0;0;-42.05;0.0;0.0;0.0;2.06
2020;1;231;beauce_5_sa_022;orgeh;orgeH_tousSols_nonirr_organique;3.59;0.0;64.94;0.0;85.45;64.29;40.11;0.1;0.0;0;44.48;0;-724.5;0.06;0.04;0.0;3.59
2020;232;312;beauce_5_sa_022;solnu;;1.62;0.0;31.52;-39.19;0.0;40.11;30.74;0.08;0.0;0;0;0;-302.37;0.07;0.01;0.0;1.62
2020;313;366;beauce_5_sa_022;orgeh;orgeH_tousSols_nonirr_organique;2.14;0.0;7.14;-11.94;0.0;29.7;23.8;0.0;0.0;0;0.0;0;-27.17;0.0;0.0;0.0;2.14
2020;1;187;beauce_5_sa_023;orgeh;orgeH_tousSols_nonirr_organique;3.48;0.0;45.45;0.0;82.58;61.73;21.04;0.07;0.0;0;44.33;0;-506.18;0.05;0.03;0.0;3.48
2020;188;300;beauce_5_sa_023;solnu;;1.5;0.0;48.95;-13.77;0.0;21.04;54.63;0.09;0.01;0;0;0;-473.22;0.06;0.02;0.0;1.5
2020;301;366;beauce_5_sa_023;orgeh;orgeH_tousSols_nonirr_organique;2.07;0.0;9.56;-39.11;0.0;54.85;23.0;0.0;0.0;0;0.0;0;-48.52;0.0;0.0;0.0;2.07
2020;1;220;beauce_5_sa_024;orgeh;orgeH_tousSols_nonirr_organique;3.07;0.0;60.12;0.0;72.04;51.69;36.62;0.07;0.0;0;44.07;0;-670.62;0.04;0.04;0.0;3.07
2020;221;289;beauce_5_sa_024;solnu;;1.02;0.0;33.11;-51.03;0.0;36.62;17.63;0.05;0.0;0;0;0;-282.4;0.05;0.01;0.0;1.02
2020;290;366;beauce_5_sa_024;orgeh;orgeH_tousSols_nonirr_organique;1.84;0.0;11.92;-10.87;0.0;17.63;16.84;0.0;0.0;0;0.0;0;-31.58;0.0;0.0;0.0;1.84
2020;1;172;beauce_5_sa_025;orgeh;orgeH_tousSols_nonirr_organique;2.78;0.0;37.78;0.0;63.65;45.55;15.59;0.06;0.0;0;42.96;0;-413.56;0.03;0.02;0.0;2.78
2020;173;282;beauce_5_sa_025;solnu;;0.92;0.0;54.14;-13.6;0.0;15.59;55.25;0.09;0.0;0;0;0;-535.1;0.07;0.03;0.0;0.92
2020;283;366;beauce_5_sa_025;orgeh;orgeH_tousSols_nonirr_organique;2.34;0.0;13.62;-42.19;4.39;55.54;19.94;0.0;0.0;0;2.19;0;-69.33;0.0;0.0;0.0;2.34
2020;1;204;beauce_5_sa_026;orgeh;orgeH_tousSols_nonirr_organique;2.72;0.0;53.58;0.0;64.92;44.77;30.64;0.06;0.0;0;43.98;0;-596.32;0.03;0.03;0.0;2.72
2020;205;281;beauce_5_sa_026;solnu;;0.9;0.0;38.33;-14.89;0.0;30.64;53.08;0.09;0.0;0;0;0;-371.26;0.07;0.02;0.0;0.9
2020;282;366;beauce_5_sa_026;orgeh;orgeH_tousSols_nonirr_organique;2.24;0.0;13.81;-41.54;4.28;53.31;18.84;0.0;0.0;0;2.14;0;-64.96;0.0;0.0;0.0;2.24
2020;1;224;beauce_5_sa_027;orgeh;orgeH_tousSols_nonirr_organique;3.63;0.0;60.84;0.0;86.54;64.98;35.57;0.09;0.0;0;44.68;0;-677.7;0.05;0.04;0.0;3.63
2020;225;315;beauce_5_sa_027;solnu;;1.69;0.0;35.98;-46.99;0.0;35.57;22.8;0.06;0.0;0;0;0;-321.28;0.05;0.01;0.0;1.69
2020;316;366;beauce_5_sa_027;orgeh;orgeH_tousSols_nonirr_organique;1.88;0.0;6.71;-6.66;0.0;22.8;20.97;0.0;0.0;0;0.0;0;-20.48;0.0;0.0;0.0;1.88
2020;1;225;beauce_5_sa_028;orgeh;orgeH_tousSols_nonirr_organique;3.19;0.0;62.62;0.0;74.96;54.88;39.26;0.09;0.0;0;43.95;0;-697.45;0.05;0.04;0.0;3.19
2020;226;291;beauce_5_sa_028;solnu;;1.07;0.0;30.66;-32.71;0.0;39.26;36.06;0.07;0.0;0;0;0;-297.98;0.06;0.01;0.0;1.07
2020;292;366;beauce_5_sa_028;orgeh;orgeH_tousSols_nonirr_organique;2.49;0.0;11.53;-23.71;0.0;32.53;21.38;0.0;0.0;0;0.0;0;-43.36;0.0;0.0;0.0;2.49
2020;1;209;beauce_5_sa_029;orgeh;orgeH_tousSols_nonirr_organique;3.43;0.0;54.01;0.0;81.37;60.66;29.79;0.08;0.0;0;44.26;0;-601.81;0.05;0.03;0.0;3.43
2020;210;298;beauce_5_sa_029;solnu;;1.45;0.0;39.93;-49.55;0.0;29.79;18.68;0.04;0.0;0;0;0;-356.78;0.03;0.01;0.0;1.45
2020;299;366;beauce_5_sa_029;orgeh;orgeH_tousSols_nonirr_organique;1.55;0.0;9.99;-9.7;0.0;18.68;17.43;0.0;0.0;0;0.0;0;-31.11;0.0;0.0;0.0;1.55
2020;1;171;beauce_5_sa_030;orgeh;orgeH_tousSols_nonirr_organique;3.56;0.0;36.47;0.0;73.29;63.55;21.85;0.07;0.0;0;38.77;0;-399.5;0.05;0.02;0.0;3.56
2020;172;309;beauce_5_sa_030;solnu;;1.83;0.0;60.21;-12.93;0.0;21.85;67.3;0.12;0.0;0;0;0;-595.49;0.09;0.03;0.0;1.83
2020;310;366;beauce_5_sa_030;orgeh;orgeH_tousSols_nonirr_organique;2.51;0.0;7.84;-44.16;0.2;67.62;28.27;0.01;0.0;0;0.1;0;-41.99;0.01;0.0;0.0;2.51
2020;1;209;beauce_5_sa_031;orgeh;orgeH_tousSols_nonirr_organique;1.7;0.0;59.45;0.0;41.68;22.17;38.2;0.05;0.0;0;43.66;0;-661.56;0.01;0.04;0.0;1.7
2020;210;262;beauce_5_sa_031;solnu;;0.56;0.0;30.82;-29.83;0.0;38.2;38.52;0.1;0.0;0;0;0;-300.44;0.09;0.01;0.0;0.56
2020;263;366;beauce_5_sa_031;orgeh;orgeH_tousSols_nonirr_organique;1.96;0.0;20.12;-37.35;4.29;35.66;15.03;0.0;0.0;0;2.15;0;-69.42;0.0;0.0;0.0;1.96
2020;1;189;beauce_5_sa_032;orgeh;orgeH_tousSols_nonirr_organique;1.81;0.0;48.99;0.0;49.36;29.19;26.96;0.05;0.0;0;43.97;0;-542.89;0.02;0.03;0.0;1.81
2020;190;267;beauce_5_sa_032;solnu;;0.5;0.0;41.26;-14.64;0.0;26.96;53.0;0.08;0.0;0;0;0;-401.1;0.07;0.02;0.0;0.5
2020;268;366;beauce_5_sa_032;orgeh;orgeH_tousSols_nonirr_organique;2.14;0.0;18.36;-49.96;4.5;53.24;14.75;0.02;0.0;0;2.25;0;-80.25;0.01;0.0;0.0;2.14
2020;1;215;beauce_5_sa_033;orgeh;orgeH_tousSols_nonirr_organique;3.55;0.0;56.41;0.0;84.93;63.3;31.15;0.08;0.0;0;44.72;0;-626.46;0.05;0.03;0.0;3.55
2020;216;307;beauce_5_sa_033;solnu;;1.48;0.0;39.01;-14.69;0.0;31.15;53.9;0.08;0.0;0;0;0;-378.21;0.06;0.02;0.0;1.48
2020;308;366;beauce_5_sa_033;orgeh;orgeH_tousSols_nonirr_organique;2.06;0.0;8.13;-37.11;0.0;54.15;22.85;0.0;0.0;0;0.0;0;-40.0;0.0;0.0;0.0;2.06
2020;1;203;beauce_5_sa_034;orgeh;orgeH_tousSols_nonirr_organique;1.96;0.0;54.86;0.0;52.96;32.8;32.67;0.05;0.0;0;43.96;0;-611.63;0.02;0.03;0.0;1.96
2020;204;270;beauce_5_sa_034;solnu;;0.48;0.0;35.93;-56.16;0.0;32.67;11.93;0.02;0.0;0;0;0;-264.75;0.02;0.0;0.0;0.48
2020;271;366;beauce_5_sa_034;orgeh;orgeH_tousSols_nonirr_organique;1.67;0.0;17.51;2.65;13.69;12.15;16.72;0.02;0.0;0;6.84;0;-52.71;0.01;0.01;0.0;1.67
2020;1;175;beauce_5_sa_035;orgeh;orgeH_tousSols_nonirr_organique;3.52;0.0;39.3;0.0;76.42;62.89;20.92;0.07;0.0;0;40.67;0;-430.43;0.05;0.02;0.0;3.52
2020;176;304;beauce_5_sa_035;solnu;;1.72;0.0;56.13;-48.37;0.0;20.92;27.01;0.09;0.01;0;0;0;-544.58;0.07;0.02;0.0;1.72
2020;305;366;beauce_5_sa_035;orgeh;orgeH_tousSols_nonirr_organique;2.2;0.0;8.74;-8.91;0.0;26.88;24.63;0.0;0.0;0;0.0;0;-33.77;0.0;0.0;0.0;2.2
2020;1;226;beauce_5_sa_036;orgeh;orgeH_tousSols_nonirr_organique;2.61;0.0;66.63;0.0;56.25;36.65;44.32;0.11;0.01;0;43.72;0;-740.48;0.07;0.04;0.0;2.61
2020;227;272;beauce_5_sa_036;solnu;;0.46;0.0;25.08;-50.6;0.0;44.32;18.3;0.04;0.0;0;0;0;-193.49;0.04;0.0;0.0;0.46
2020;273;366;beauce_5_sa_036;orgeh;orgeH_tousSols_nonirr_organique;2.49;0.0;16.71;-9.25;4.44;17.73;18.82;0.01;0.0;0;2.22;0;-46.57;0.0;0.01;0.0;2.49
2020;1;194;beauce_5_sa_037;orgeh;orgeH_tousSols_nonirr_organique;2.26;0.0;50.52;0.0;57.54;37.61;28.28;0.06;0.0;0;43.87;0;-561.4;0.02;0.03;0.0;2.26
2020;195;274;beauce_5_sa_037;solnu;;0.85;0.0;40.66;-14.68;0.0;28.28;53.3;0.09;0.0;0;0;0;-392.62;0.08;0.02;0.0;0.85
2020;275;366;beauce_5_sa_037;orgeh;orgeH_tousSols_nonirr_organique;2.18;0.0;15.84;-44.54;4.23;53.63;18.18;0.01;0.0;0;2.11;0;-74.17;0.0;0.0;0.0;2.18
2020;1;173;beauce_5_sa_038;orgeh;orgeH_tousSols_nonirr_organique;1.69;0.0;39.51;0.0;38.89;20.09;18.98;0.04;0.0;0;43.31;0;-439.48;0.01;0.02;0.0;1.69
2020;174;259;beauce_5_sa_038;solnu;;0.36;0.0;47.81;-54.5;0.0;18.98;11.86;0.07;0.0;0;0;0;-428.87;0.05;0.01;0.0;0.36
2020;260;366;beauce_5_sa_038;orgeh;orgeH_tousSols_nonirr_organique;1.63;0.0;21.27;-6.07;8.71;11.86;16.7;0.02;0.0;0;4.36;0;-75.17;0.01;0.01;0.0;1.63
2020;1;221;beauce_5_sa_039;orgeh;orgeH_tousSols_nonirr_organique;2.03;0.0;64.08;0.0;54.41;34.41;41.99;0.06;0.0;0;43.88;0;-711.99;0.02;0.04;0.0;2.03
2020;222;271;beauce_5_sa_039;solnu;;0.68;0.0;27.31;-15.74;0.0;41.99;52.78;0.09;0.01;0;0;0;-267.91;0.08;0.01;0.0;0.68
2020;272;366;beauce_5_sa_039;orgeh;orgeH_tousSols_nonirr_organique;2.84;0.0;16.91;-44.38;2.67;53.08;19.77;0.03;0.0;0;1.33;0;-74.09;0.02;0.0;0.0;2.84
2020;1;222;beauce_5_sa_040;orgeh;orgeH_tousSols_nonirr_organique;3.35;0.0;61.0;0.0;78.01;58.44;37.99;0.09;0.0;0;43.69;0;-673.89;0.05;0.04;0.0;3.35
2020;223;294;beauce_5_sa_040;solnu;;1.56;0.0;32.58;-27.39;0.0;37.99;41.08;0.08;0.0;0;0;0;-321.21;0.07;0.01;0.0;1.56
2020;295;366;beauce_5_sa_040;orgeh;orgeH_tousSols_nonirr_organique;2.03;0.0;10.84;-27.45;0.0;37.67;22.44;0.0;0.0;0;0.0;0;-44.21;0.0;0.0;0.0;2.03
2020;1;199;beauce_5_sa_041;orgeh;orgeH_tousSols_nonirr_organique;3.38;0.0;50.78;0.0;79.04;59.07;27.36;0.07;0.0;0;43.89;0;-565.93;0.04;0.03;0.0;3.38
2020;200;295;beauce_5_sa_041;solnu;;1.52;0.0;42.86;-14.36;0.0;27.36;54.24;0.09;0.01;0;0;0;-413.16;0.07;0.02;0.0;1.52
2020;296;366;beauce_5_sa_041;orgeh;orgeH_tousSols_nonirr_organique;2.08;0.0;10.59;-39.7;0.0;54.42;23.04;0.0;0.0;0;0.0;0;-51.77;0.0;0.0;0.0;2.08
2020;1;178;beauce_5_sa_042;orgeh;orgeH_tousSols_nonirr_organique;3.64;0.0;40.16;0.0;79.97;65.48;21.96;0.07;0.0;0;41.15;0;-446.2;0.05;0.02;0.0;3.64
2020;179;317;beauce_5_sa_042;solnu;;1.65;0.0;56.93;-42.62;0.0;21.96;34.51;0.1;0.0;0;0;0;-551.06;0.08;0.03;0.0;1.65
2020;318;366;beauce_5_sa_042;orgeh;orgeH_tousSols_nonirr_organique;2.34;0.0;6.48;-12.6;0.0;33.7;26.06;0.0;0.0;0;0.0;0;-25.55;0.0;0.0;0.0;2.34
2020;1;179;beauce_5_sa_043;orgeh;orgeH_tousSols_nonirr_organique;3.42;0.0;40.8;0.0;76.81;60.21;19.63;0.07;0.0;0;42.2;0;-452.97;0.04;0.02;0.0;3.42
2020;180;297;beauce_5_sa_043;solnu;;1.56;0.0;52.96;-13.65;0.0;19.63;57.51;0.09;0.0;0;0;0;-516.68;0.07;0.03;0.0;1.56
2020;298;366;beauce_5_sa_043;orgeh;orgeH_tousSols_nonirr_organique;2.19;0.0;10.21;-41.2;0.0;57.78;24.33;0.0;0.0;0;0.0;0;-52.06;0.0;0.0;0.0;2.19
2020;1;198;beauce_5_sa_044;orgeh;orgeH_tousSols_nonirr_organique;2.03;0.0;52.86;0.0;54.41;34.41;30.78;0.05;0.0;0;43.88;0;-588.16;0.02;0.03;0.0;2.03
2020;199;271;beauce_5_sa_044;solnu;;0.46;0.0;38.04;-14.96;0.0;30.78;53.32;0.08;0.0;0;0;0;-367.42;0.06;0.02;0.0;0.46
2020;272;366;beauce_5_sa_044;orgeh;orgeH_tousSols_nonirr_organique;2.53;0.0;16.94;-45.63;4.17;53.64;17.89;0.03;0.0;0;2.08;0;-77.31;0.03;0.0;0.0;2.53
2020;1;218;beauce_5_sa_045;orgeh;orgeH_tousSols_nonirr_organique;1.77;0.0;65.42;0.0;39.71;20.15;44.02;0.06;0.0;0;43.72;0;-724.41;0.03;0.04;0.0;1.77
2020;219;260;beauce_5_sa_045;solnu;;0.65;0.0;25.11;-54.95;0.0;44.02;13.46;0.05;0.01;0;0;0;-179.14;0.05;0.0;0.0;0.65
2020;261;366;beauce_5_sa_045;orgeh;orgeH_tousSols_nonirr_organique;1.82;0.0;20.86;-1.35;13.47;13.52;17.66;0.02;0.0;0;6.73;0;-65.08;0.01;0.01;0.0;1.82
2020;1;204;beauce_5_sa_046;orgeh;orgeH_tousSols_nonirr_organique;3.48;0.0;51.87;0.0;84.7;62.89;26.51;0.08;0.0;0;44.81;0;-577.64;0.05;0.03;0.0;3.48
2020;205;305;beauce_5_sa_046;solnu;;1.46;0.0;43.07;-44.05;0.0;26.51;24.0;0.07;0.01;0;0;0;-408.11;0.05;0.02;0.0;1.46
2020;306;366;beauce_5_sa_046;orgeh;orgeH_tousSols_nonirr_organique;1.98;0.0;8.54;-8.58;0.0;23.95;21.97;0.0;0.0;0;0.0;0;-32.31;0.0;0.0;0.0;1.98
2020;1;200;beauce_5_sa_047;orgeh;orgeH_tousSols_nonirr_organique;1.73;0.0;55.5;0.0;39.8;20.7;34.63;0.04;0.0;0;43.54;0;-616.86;0.01;0.03;0.0;1.73
2020;201;261;beauce_5_sa_047;solnu;;0.51;0.0;34.46;-57.4;0.0;34.63;11.14;0.03;0.0;0;0;0;-262.73;0.03;0.0;0.0;0.51
2020;262;366;beauce_5_sa_047;orgeh;orgeH_tousSols_nonirr_organique;1.5;0.0;20.61;1.29;15.31;11.24;16.22;0.02;0.0;0;7.65;0;-66.26;0.01;0.01;0.0;1.5
2020;1;173;beauce_5_sa_048;orgeh;orgeH_tousSols_nonirr_organique;3.58;0.0;37.68;0.0;76.27;64.48;22.24;0.07;0.0;0;39.8;0;-419.44;0.05;0.02;0.0;3.58
2020;174;313;beauce_5_sa_048;solnu;;1.82;0.0;59.4;-13.01;0.0;22.24;66.69;0.12;0.0;0;0;0;-580.49;0.09;0.03;0.0;1.82
2020;314;366;beauce_5_sa_048;orgeh;orgeH_tousSols_nonirr_organique;2.49;0.0;7.07;-43.21;0.0;66.89;28.05;0.01;0.0;0;0.0;0;-37.97;0.01;0.0;0.0;2.49
2020;1;179;beauce_5_sa_049;orgeh;orgeH_tousSols_nonirr_organique;1.69;0.0;42.56;0.0;45.3;25.88;21.4;0.04;0.0;0;43.61;0;-471.99;0.02;0.03;0.0;1.69
2020;180;264;beauce_5_sa_049;solnu;;0.4;0.0;46.2;-57.14;0.0;21.4;10.04;0.02;0.0;0;0;0;-365.44;0.02;0.01;0.0;0.4
2020;265;366;beauce_5_sa_049;orgeh;orgeH_tousSols_nonirr_organique;1.41;0.0;19.65;4.81;17.31;10.23;15.74;0.02;0.0;0;8.66;0;-68.62;0.01;0.01;0.0;1.41
2020;1;187;beauce_5_sa_050;orgeh;orgeH_tousSols_nonirr_organique;1.64;0.0;48.85;0.0;36.52;17.35;27.99;0.04;0.0;0;43.51;0;-543.23;0.01;0.03;0.0;1.64
2020;188;258;beauce_5_sa_050;solnu;;0.48;0.0;40.08;-14.81;0.0;27.99;52.69;0.1;0.0;0;0;0;-388.06;0.08;0.02;0.0;0.48
2020;259;366;beauce_5_sa_050;orgeh;orgeH_tousSols_nonirr_organique;1.77;0.0;21.35;-49.95;9.33;53.02;13.0;0.0;0.0;0;4.66;0;-90.78;0.0;0.0;0.0;1.77
2020;1;224;beauce_5_sa_051;orgeh;orgeH_tousSols_nonirr_organique;3.42;0.0;61.56;0.0;80.93;60.2;37.32;0.09;0.0;0;44.27;0;-685.79;0.05;0.04;0.0;3.42
2020;225;297;beauce_5_sa_051;solnu;;1.57;0.0;32.55;-49.37;0.0;37.32;18.88;0.04;0.0;0;0;0;-274.96;0.03;0.01;0.0;1.57
2020;298;366;beauce_5_sa_051;orgeh;orgeH_tousSols_nonirr_organique;1.56;0.0;10.23;-10.09;0.0;18.88;17.46;0.0;0.0;0;0.0;0;-27.79;0.0;0.0;0.0;1.56
2020;1;184;beauce_5_sa_052;orgeh;orgeH_tousSols_nonirr_organique;1.75;0.0;47.16;0.0;42.62;23.61;26.35;0.04;0.0;0;43.39;0;-519.58;0.01;0.03;0.0;1.75
2020;185;262;beauce_5_sa_052;solnu;;0.47;0.0;42.15;-54.94;0.0;26.35;13.03;0.06;0.0;0;0;0;-364.58;0.05;0.01;0.0;0.47
2020;263;366;beauce_5_sa_052;orgeh;orgeH_tousSols_nonirr_organique;1.79;0.0;20.26;-5.26;8.71;13.03;17.5;0.02;0.0;0;4.36;0;-67.79;0.01;0.01;0.0;1.79
2020;1;205;beauce_5_sa_053;orgeh;orgeH_tousSols_nonirr_organique;3.55;0.0;52.2;0.0;85.14;63.73;27.16;0.08;0.0;0;44.61;0;-581.09;0.05;0.03;0.0;3.55
2020;206;310;beauce_5_sa_053;solnu;;1.48;0.0;43.62;-33.12;0.0;27.16;36.09;0.08;0.01;0;0;0;-419.02;0.06;0.02;0.0;1.48
2020;311;366;beauce_5_sa_053;orgeh;orgeH_tousSols_nonirr_organique;2.06;0.0;7.56;-18.66;0.0;33.09;22.92;0.0;0.0;0;0.0;0;-32.54;0.0;0.0;0.0;2.06
2020;1;208;beauce_5_sa_054;orgeh;orgeH_tousSols_nonirr_organique;3.63;0.0;53.13;0.0;86.53;64.98;27.87;0.08;0.0;0;44.68;0;-593.06;0.05;0.03;0.0;3.63
2020;209;315;beauce_5_sa_054;solnu;;1.5;0.0;43.41;-14.19;0.0;27.87;55.5;0.08;0.01;0;0;0;-417.04;0.06;0.02;0.0;1.5
2020;316;366;beauce_5_sa_054;orgeh;orgeH_tousSols_nonirr_organique;2.08;0.0;6.7;-36.99;0.0;55.65;23.13;0.0;0.0;0;0.0;0;-35.24;0.0;0.0;0.0;2.08
2020;1;174;beauce_5_sa_055;orgeh;orgeH_tousSols_nonirr_organique;2.88;0.0;38.72;0.0;66.6;48.05;16.01;0.06;0.0;0;43.19;0;-427.43;0.03;0.02;0.0;2.88
2020;175;283;beauce_5_sa_055;solnu;;0.96;0.0;53.52;-52.03;0.0;16.01;16.73;0.04;0.0;0;0;0;-464.47;0.03;0.01;0.0;0.96
2020;284;366;beauce_5_sa_055;orgeh;orgeH_tousSols_nonirr_organique;1.79;0.0;13.43;-5.14;4.97;16.8;18.26;0.01;0.0;0;2.49;0;-39.6;0.0;0.01;0.0;1.79
2020;1;223;beauce_5_sa_056;orgeh;orgeH_tousSols_nonirr_organique;2.32;0.0;68.84;0.0;34.8;16.31;47.87;0.14;0.02;0;43.17;0;-766.84;0.1;0.04;0.0;2.32
2020;224;257;beauce_5_sa_056;solnu;;0.46;0.0;21.21;-15.64;0.0;47.87;52.92;0.06;0.0;0;0;0;-211.0;0.05;0.01;0.0;0.46
2020;258;366;beauce_5_sa_056;orgeh;orgeH_tousSols_nonirr_organique;2.65;0.0;21.72;-49.26;5.11;53.29;17.63;0.0;0.0;0;2.55;0;-87.23;0.0;0.0;0.0;2.65
2020;1;226;beauce_5_sa_057;orgeh;orgeH_tousSols_nonirr_organique;3.0;0.0;63.71;0.0;69.94;49.98;40.66;0.09;0.0;0;43.88;0;-707.87;0.05;0.04;0.0;3.0
2020;227;287;beauce_5_sa_057;solnu;;1.1;0.0;29.51;-50.73;0.0;40.66;18.29;0.05;0.0;0;0;0;-253.52;0.04;0.0;0.0;1.1
2020;288;366;beauce_5_sa_057;orgeh;orgeH_tousSols_nonirr_organique;1.92;0.0;12.24;-11.36;0.0;18.29;17.26;0.0;0.0;0;0.0;0;-32.44;0.0;0.0;0.0;1.92
2020;1;202;beauce_5_sa_058;orgeh;orgeH_tousSols_nonirr_organique;3.48;0.0;51.21;0.0;84.7;62.89;25.85;0.08;0.0;0;44.81;0;-571.63;0.05;0.03;0.0;3.48
2020;203;305;beauce_5_sa_058;solnu;;1.59;0.0;43.85;-46.08;0.0;25.85;21.96;0.06;0.01;0;0;0;-404.45;0.04;0.02;0.0;1.59
2020;306;366;beauce_5_sa_058;orgeh;orgeH_tousSols_nonirr_organique;1.82;0.0;8.54;-8.46;0.0;21.96;20.23;0.0;0.0;0;0.0;0;-29.54;0.0;0.0;0.0;1.82
2020;1;171;beauce_5_sa_059;orgeh;orgeH_tousSols_nonirr_organique;2.14;0.0;37.27;0.0;56.31;37.1;15.87;0.05;0.0;0;43.49;0;-407.67;0.02;0.02;0.0;2.14
2020;172;272;beauce_5_sa_059;solnu;;0.39;0.0;53.08;-53.91;0.0;15.87;14.58;0.07;0.0;0;0;0;-492.35;0.05;0.02;0.0;0.39
2020;273;366;beauce_5_sa_059;orgeh;orgeH_tousSols_nonirr_organique;1.99;0.0;16.75;-8.08;4.83;14.12;16.42;0.01;0.0;0;2.41;0;-55.32;0.0;0.01;0.0;1.99
2020;1;204;beauce_5_sa_060;orgeh;orgeH_tousSols_nonirr_organique;3.51;0.0;51.94;0.0;83.64;62.55;27.26;0.08;0.0;0;44.45;0;-578.39;0.05;0.03;0.0;3.51
2020;205;303;beauce_5_sa_060;solnu;;1.48;0.0;42.7;-14.33;0.0;27.26;54.06;0.08;0.01;0;0;0;-411.82;0.06;0.02;0.0;1.48
2020;304;366;beauce_5_sa_060;orgeh;orgeH_tousSols_nonirr_organique;2.07;0.0;8.9;-37.89;0.0;54.27;23.0;0.0;0.0;0;0.0;0;-44.87;0.0;0.0;0.0;2.07
2020;1;229;beauce_5_sa_061;orgeh;orgeH_tousSols_nonirr_organique;3.44;0.0;64.43;0.0;82.67;61.13;39.36;0.09;0.0;0;44.68;0;-715.53;0.06;0.04;0.0;3.44
2020;230;299;beauce_5_sa_061;solnu;;1.62;0.0;29.87;-15.53;0.0;39.36;51.99;0.08;0.0;0;0;0;-292.37;0.07;0.01;0.0;1.62
2020;300;366;beauce_5_sa_061;orgeh;orgeH_tousSols_nonirr_organique;2.1;0.0;9.74;-36.3;0.0;52.21;23.33;0.0;0.0;0;0.0;0;-45.47;0.0;0.0;0.0;2.1
2020;1;195;beauce_5_sa_062;orgeh;orgeH_tousSols_nonirr_organique;3.19;0.0;49.51;0.0;75.04;54.9;26.11;0.07;0.0;0;43.97;0;-550.7;0.04;0.03;0.0;3.19
2020;196;291;beauce_5_sa_062;solnu;;0.99;0.0;43.65;-51.03;0.0;26.11;17.69;0.05;0.0;0;0;0;-394.06;0.03;0.01;0.0;0.99
2020;292;366;beauce_5_sa_062;orgeh;orgeH_tousSols_nonirr_organique;1.85;0.0;11.58;-11.28;0.0;17.46;16.14;0.0;0.0;0;0.0;0;-34.97;0.0;0.0;0.0;1.85
2020;1;211;beauce_5_sa_063;orgeh;orgeH_tousSols_nonirr_organique;3.51;0.0;54.51;0.0;83.64;62.55;29.82;0.08;0.0;0;44.45;0;-607.0;0.05;0.03;0.0;3.51
2020;212;303;beauce_5_sa_063;solnu;;1.53;0.0;40.31;-14.58;0.0;29.82;53.93;0.08;0.01;0;0;0;-388.81;0.06;0.02;0.0;1.53
2020;304;366;beauce_5_sa_063;orgeh;orgeH_tousSols_nonirr_organique;2.08;0.0;8.89;-37.65;0.0;54.13;23.08;0.0;0.0;0;0.0;0;-44.21;0.0;0.0;0.0;2.08
2020;1;221;beauce_5_sa_064;orgeh;orgeH_tousSols_nonirr_organique;1.86;0.0;65.48;0.0;51.0;31.37;43.92;0.07;0.0;0;43.67;0;-727.44;0.03;0.04;0.0;1.86
2020;222;267;beauce_5_sa_064;solnu;;0.81;0.0;25.99;-51.16;0.0;43.92;17.85;0.08;0.01;0;0;0;-213.64;0.08;0.0;0.0;0.81
2020;268;366;beauce_5_sa_064;orgeh;orgeH_tousSols_nonirr_organique;2.44;0.0;18.47;-8.79;5.76;17.85;19.32;0.01;0.0;0;2.88;0;-53.09;0.0;0.01;0.0;2.44
2020;1;171;beauce_5_sa_065;orgeh;orgeH_tousSols_nonirr_organique;3.48;0.0;36.45;0.0;72.76;62.89;21.78;0.07;0.0;0;38.84;0;-399.21;0.05;0.02;0.0;3.48
2020;172;305;beauce_5_sa_065;solnu;;1.82;0.0;59.55;-12.98;0.0;21.78;66.66;0.12;0.0;0;0;0;-587.72;0.09;0.03;0.0;1.82
2020;306;366;beauce_5_sa_065;orgeh;orgeH_tousSols_nonirr_organique;2.48;0.0;8.53;-45.06;0.0;66.89;27.64;0.01;0.0;0;0.0;0;-44.85;0.01;0.0;0.0;2.48
2020;1;175;beauce_5_sa_066;orgeh;orgeH_tousSols_nonirr_organique;3.19;0.0;39.51;0.0;71.57;54.83;18.26;0.06;0.0;0;42.27;0;-432.48;0.04;0.02;0.0;3.19
2020;176;291;beauce_5_sa_066;solnu;;1.03;0.0;53.84;-13.57;0.0;18.26;57.54;0.09;0.0;0;0;0;-532.27;0.06;0.03;0.0;1.03
2020;292;366;beauce_5_sa_066;orgeh;orgeH_tousSols_nonirr_organique;2.64;0.0;11.55;-39.62;3.16;57.6;23.66;0.02;0.0;0;1.58;0;-58.82;0.02;0.0;0.0;2.64
2020;1;173;beauce_5_sa_067;orgeh;orgeH_tousSols_nonirr_organique;3.04;0.0;37.96;0.0;67.8;50.49;17.54;0.06;0.0;0;42.57;0;-422.48;0.04;0.02;0.0;3.04
2020;174;288;beauce_5_sa_067;solnu;;0.99;0.0;54.99;-13.5;0.0;17.54;57.95;0.09;0.0;0;0;0;-536.85;0.07;0.03;0.0;0.99
2020;289;366;beauce_5_sa_067;orgeh;orgeH_tousSols_nonirr_organique;2.54;0.0;12.07;-40.46;4.44;58.15;22.56;0.01;0.0;0;2.22;0;-61.01;0.01;0.0;0.0;2.54
2020;1;212;beauce_5_sa_068;orgeh;orgeH_tousSols_nonirr_organique;1.72;0.0;61.68;0.0;36.52;17.35;40.74;0.06;0.0;0;43.51;0;-684.89;0.02;0.04;0.0;1.72
2020;213;258;beauce_5_sa_068;solnu;;0.61;0.0;28.22;-15.74;0.0;40.74;52.51;0.1;0.01;0;0;0;-277.9;0.09;0.01;0.0;0.61
2020;259;366;beauce_5_sa_068;orgeh;orgeH_tousSols_nonirr_organique;2.07;0.0;21.32;-50.53;6.98;52.82;14.24;0.0;0.0;0;3.49;0;-86.0;0.0;0.0;0.0;2.07
2020;1;186;beauce_5_sa_069;orgeh;orgeH_tousSols_nonirr_organique;2.78;0.0;45.96;0.0;66.12;45.55;22.54;0.06;0.0;0;44.19;0;-511.43;0.03;0.03;0.0;2.78
2020;187;282;beauce_5_sa_069;solnu;;0.92;0.0;46.29;-14.05;0.0;22.54;53.77;0.09;0.0;0;0;0;-448.27;0.07;0.02;0.0;0.92
2020;283;366;beauce_5_sa_069;orgeh;orgeH_tousSols_nonirr_organique;2.28;0.0;13.61;-41.27;4.39;54.06;19.43;0.0;0.0;0;2.19;0;-66.69;0.0;0.0;0.0;2.28
2020;1;217;beauce_5_sa_070;orgeh;orgeH_tousSols_nonirr_organique;3.52;0.0;57.46;0.0;84.61;63.01;32.26;0.08;0.0;0;44.7;0;-638.09;0.05;0.03;0.0;3.52
2020;218;306;beauce_5_sa_070;solnu;;1.46;0.0;37.89;-49.28;0.0;32.26;19.36;0.04;0.0;0;0;0;-331.17;0.03;0.01;0.0;1.46
2020;307;366;beauce_5_sa_070;orgeh;orgeH_tousSols_nonirr_organique;1.6;0.0;8.34;-8.07;0.0;19.36;18.03;0.0;0.0;0;0.0;0;-23.23;0.0;0.0;0.0;1.6
2020;1;172;beauce_5_sa_071;orgeh;orgeH_tousSols_nonirr_organique;2.55;0.0;37.98;0.0;62.81;42.73;15.29;0.05;0.0;0;43.93;0;-415.55;0.03;0.02;0.0;2.55
2020;173;277;beauce_5_sa_071;solnu;;0.89;0.0;53.45;-52.62;0.0;15.29;15.17;0.06;0.0;0;0;0;-496.0;0.04;0.02;0.0;0.89
2020;278;366;beauce_5_sa_071;orgeh;orgeH_tousSols_nonirr_organique;1.67;0.0;14.92;-10.25;2.09;15.17;16.08;0.0;0.0;0;1.04;0;-48.63;0.0;0.0;0.0;1.67
2020;1;223;beauce_5_sa_072;orgeh;orgeH_tousSols_nonirr_organique;3.42;0.0;61.17;0.0;80.27;60.21;37.59;0.09;0.0;0;43.93;0;-680.94;0.05;0.04;0.0;3.42
2020;224;297;beauce_5_sa_072;solnu;;1.61;0.0;32.84;-15.33;0.0;37.59;53.4;0.08;0.0;0;0;0;-318.67;0.07;0.01;0.0;1.61
2020;298;366;beauce_5_sa_072;orgeh;orgeH_tousSols_nonirr_organique;2.12;0.0;10.19;-37.91;0.0;53.66;23.56;0.0;0.0;0;0.0;0;-48.04;0.0;0.0;0.0;2.12
2020;1;222;beauce_5_sa_073;orgeh;orgeH_tousSols_nonirr_organique;3.07;0.0;61.58;0.0;71.9;51.56;38.08;0.09;0.0;0;44.08;0;-680.47;0.05;0.04;0.0;3.07
2020;223;289;beauce_5_sa_073;solnu;;0.98;0.0;31.52;-15.46;0.0;38.08;52.3;0.07;0.0;0;0;0;-312.17;0.06;0.01;0.0;0.98
2020;290;366;beauce_5_sa_073;orgeh;orgeH_tousSols_nonirr_organique;2.4;0.0;11.86;-37.48;2.94;52.5;21.33;0.01;0.0;0;1.47;0;-53.74;0.01;0.0;0.0;2.4
2020;1;213;beauce_5_sa_074;orgeh;orgeH_tousSols_nonirr_organique;2.52;0.0;58.08;0.0;61.87;41.47;35.1;0.06;0.0;0;44.1;0;-645.25;0.03;0.03;0.0;2.52
2020;214;277;beauce_5_sa_074;solnu;;0.96;0.0;33.75;-15.33;0.0;35.1;52.46;0.1;0.0;0;0;0;-327.84;0.08;0.01;0.0;0.96
2020;278;366;beauce_5_sa_074;orgeh;orgeH_tousSols_nonirr_organique;2.29;0.0;14.84;-42.25;3.97;52.73;18.79;0.0;0.0;0;1.98;0;-68.11;0.0;0.0;0.0;2.29
2020;1;199;beauce_5_sa_075;orgeh;orgeH_tousSols_nonirr_organique;2.81;0.0;51.79;0.0;66.67;46.53;28.77;0.06;0.0;0;43.97;0;-576.95;0.03;0.03;0.0;2.81
2020;200;282;beauce_5_sa_075;solnu;;0.93;0.0;40.32;-50.75;0.0;28.77;17.34;0.06;0.0;0;0;0;-376.14;0.05;0.01;0.0;0.93
2020;283;366;beauce_5_sa_075;orgeh;orgeH_tousSols_nonirr_organique;1.85;0.0;13.64;-13.39;0.0;17.34;15.73;0.0;0.0;0;0.0;0;-43.23;0.0;0.0;0.0;1.85
2020;1;191;beauce_5_sa_076;orgeh;orgeH_tousSols_nonirr_organique;3.43;0.0;47.21;0.0;80.72;60.67;23.66;0.07;0.0;0;43.93;0;-525.5;0.04;0.03;0.0;3.43
2020;192;298;beauce_5_sa_076;solnu;;1.53;0.0;46.83;-44.34;0.0;23.66;24.53;0.08;0.01;0;0;0;-448.25;0.06;0.02;0.0;1.53
2020;299;366;beauce_5_sa_076;orgeh;orgeH_tousSols_nonirr_organique;1.95;0.0;9.98;-10.89;0.0;24.27;21.67;0.0;0.0;0;0.0;0;-39.39;0.0;0.0;0.0;1.95
2020;1;183;beauce_5_sa_077;orgeh;orgeH_tousSols_nonirr_organique;3.52;0.0;43.59;0.0;81.1;63.02;20.65;0.07;0.0;0;42.95;0;-473.14;0.05;0.03;0.0;3.52
2020;184;306;beauce_5_sa_077;solnu;;1.54;0.0;52.01;-50.43;0.0;20.65;20.92;0.05;0.01;0;0;0;-481.6;0.03;0.02;0.0;1.54
2020;307;366;beauce_5_sa_077;orgeh;orgeH_tousSols_nonirr_organique;1.73;0.0;8.35;-8.28;0.0;20.92;19.26;0.0;0.0;0;0.0;0;-27.0;0.0;0.0;0.0;1.73
2020;1;226;beauce_5_sa_078;orgeh;orgeH_tousSols_nonirr_organique;3.63;0.0;61.87;0.0;86.54;64.98;36.6;0.09;0.0;0;44.68;0;-687.26;0.05;0.04;0.0;3.63
2020;227;315;beauce_5_sa_078;solnu;;1.66;0.0;34.94;-46.86;0.0;36.6;22.94;0.06;0.0;0;0;0;-315.42;0.05;0.01;0.0;1.66
2020;316;366;beauce_5_sa_078;orgeh;orgeH_tousSols_nonirr_organique;1.89;0.0;6.71;-6.64;0.0;22.94;21.12;0.0;0.0;0;0.0;0;-20.56;0.0;0.0;0.0;1.89
2020;1;205;beauce_5_sa_079;orgeh;orgeH_tousSols_nonirr_organique;3.51;0.0;52.35;0.0;83.64;62.55;27.67;0.08;0.0;0;44.45;0;-582.75;0.05;0.03;0.0;3.51
2020;206;303;beauce_5_sa_079;solnu;;1.48;0.0;42.31;-14.37;0.0;27.67;54.04;0.08;0.01;0;0;0;-408.26;0.06;0.02;0.0;1.48
2020;304;366;beauce_5_sa_079;orgeh;orgeH_tousSols_nonirr_organique;2.07;0.0;8.9;-37.86;0.0;54.24;23.01;0.0;0.0;0;0.0;0;-44.77;0.0;0.0;0.0;2.07
2020;1;216;beauce_5_sa_080;orgeh;orgeH_tousSols_nonirr_organique;2.07;0.0;61.18;0.0;55.54;36.2;39.71;0.06;0.0;0;43.53;0;-680.46;0.02;0.04;0.0;2.07
2020;217;271;beauce_5_sa_080;solnu;;0.56;0.0;30.39;-53.04;0.0;39.71;16.42;0.08;0.0;0;0;0;-270.22;0.07;0.01;0.0;0.56
2020;272;366;beauce_5_sa_080;orgeh;orgeH_tousSols_nonirr_organique;2.23;0.0;16.96;-12.52;1.91;16.38;16.71;0.0;0.0;0;0.96;0;-50.69;0.0;0.0;0.0;2.23
2020;1;173;beauce_5_sa_081;orgeh;orgeH_tousSols_nonirr_organique;3.39;0.0;37.81;0.0;73.04;59.49;20.8;0.07;0.0;0;40.68;0;-420.96;0.04;0.02;0.0;3.39
2020;174;296;beauce_5_sa_081;solnu;;1.71;0.0;56.32;-51.95;0.0;20.8;23.38;0.08;0.0;0;0;0;-525.94;0.06;0.02;0.0;1.71
2020;297;366;beauce_5_sa_081;orgeh;orgeH_tousSols_nonirr_organique;1.94;0.0;10.45;-10.14;0.0;23.38;21.75;0.0;0.0;0;0.0;0;-37.09;0.0;0.0;0.0;1.94
2020;1;204;beauce_5_sa_082;orgeh;orgeH_tousSols_nonirr_organique;3.55;0.0;51.83;0.0;85.02;63.56;26.73;0.08;0.0;0;44.64;0;-577.16;0.05;0.03;0.0;3.55
2020;205;309;beauce_5_sa_082;solnu;;1.47;0.0;43.72;-31.88;0.0;26.73;37.02;0.08;0.01;0;0;0;-421.82;0.06;0.02;0.0;1.47
2020;310;366;beauce_5_sa_082;orgeh;orgeH_tousSols_nonirr_organique;2.06;0.0;7.84;-19.92;0.0;33.75;22.88;0.0;0.0;0;0.0;0;-32.7;0.0;0.0;0.0;2.06
2020;1;200;beauce_5_sa_083;orgeh;orgeH_tousSols_nonirr_organique;3.42;0.0;51.02;0.0;80.93;60.21;26.81;0.08;0.0;0;44.26;0;-568.13;0.04;0.03;0.0;3.42
2020;201;297;beauce_5_sa_083;solnu;;1.62;0.0;42.83;-45.88;0.0;26.81;22.07;0.06;0.01;0;0;0;-400.69;0.05;0.02;0.0;1.62
2020;298;366;beauce_5_sa_083;orgeh;orgeH_tousSols_nonirr_organique;1.83;0.0;10.22;-10.05;0.0;22.07;20.42;0.0;0.0;0;0.0;0;-36.04;0.0;0.0;0.0;1.83
2020;1;226;beauce_5_sa_084;orgeh;orgeH_tousSols_nonirr_organique;2.49;0.0;68.86;0.0;48.47;29.0;46.76;0.13;0.02;0;43.6;0;-765.38;0.09;0.04;0.0;2.49
2020;227;265;beauce_5_sa_084;solnu;;0.45;0.0;22.52;-49.82;0.0;46.76;18.95;0.05;0.0;0;0;0;-201.73;0.05;0.0;0.0;0.45
2020;266;366;beauce_5_sa_084;orgeh;orgeH_tousSols_nonirr_organique;2.59;0.0;19.19;-13.72;3.05;18.95;18.78;0.0;0.0;0;1.52;0;-57.38;0.0;0.0;0.0;2.59
2020;1;204;beauce_5_sa_085;orgeh;orgeH_tousSols_nonirr_organique;2.36;0.0;54.33;0.0;58.53;39.28;32.66;0.06;0.0;0;43.53;0;-604.52;0.03;0.03;0.0;2.36
2020;205;275;beauce_5_sa_085;solnu;;0.85;0.0;36.86;-15.07;0.0;32.66;53.49;0.09;0.0;0;0;0;-357.59;0.08;0.01;0.0;0.85
2020;276;366;beauce_5_sa_085;orgeh;orgeH_tousSols_nonirr_organique;2.23;0.0;15.53;-44.09;4.23;53.78;18.47;0.01;0.0;0;2.11;0;-71.06;0.01;0.0;0.0;2.23
2020;1;199;beauce_5_sa_086;orgeh;orgeH_tousSols_nonirr_organique;1.77;0.0;54.56;0.0;48.69;29.25;33.3;0.05;0.0;0;43.58;0;-607.25;0.02;0.03;0.0;1.77
2020;200;265;beauce_5_sa_086;solnu;;0.58;0.0;36.2;-54.41;0.0;33.3;14.43;0.07;0.0;0;0;0;-313.21;0.06;0.01;0.0;0.58
2020;266;366;beauce_5_sa_086;orgeh;orgeH_tousSols_nonirr_organique;1.98;0.0;19.23;-7.68;6.53;14.43;17.47;0.01;0.0;0;3.26;0;-59.76;0.0;0.01;0.0;1.98
2020;1;225;beauce_5_sa_087;orgeh;orgeH_tousSols_nonirr_organique;2.72;0.0;64.71;0.0;61.87;41.47;41.5;0.09;0.0;0;44.1;0;-720.85;0.06;0.04;0.0;2.72
2020;226;277;beauce_5_sa_087;solnu;;1.01;0.0;27.35;-15.73;0.0;41.5;52.02;0.08;0.0;0;0;0;-266.18;0.07;0.01;0.0;1.01
2020;278;366;beauce_5_sa_087;orgeh;orgeH_tousSols_nonirr_organique;2.43;0.0;14.82;-41.84;2.73;52.28;19.85;0.0;0.0;0;1.36;0;-66.64;0.0;0.0;0.0;2.43
2020;1;191;beauce_5_sa_088;orgeh;orgeH_tousSols_nonirr_organique;1.87;0.0;49.75;0.0;52.71;32.09;27.21;0.05;0.0;0;44.21;0;-553.14;0.02;0.03;0.0;1.87
2020;192;268;beauce_5_sa_088;solnu;;0.49;0.0;40.58;-53.47;0.0;27.21;13.76;0.06;0.0;0;0;0;-353.92;0.05;0.01;0.0;0.49
2020;269;366;beauce_5_sa_088;orgeh;orgeH_tousSols_nonirr_organique;1.89;0.0;18.29;-7.83;5.95;13.76;16.37;0.01;0.0;0;2.97;0;-55.76;0.0;0.01;0.0;1.89
2020;1;184;beauce_5_sa_089;orgeh;orgeH_tousSols_nonirr_organique;3.63;0.0;44.18;0.0;83.46;65.12;20.89;0.07;0.0;0;43.07;0;-488.03;0.05;0.03;0.0;3.63
2020;185;316;beauce_5_sa_089;solnu;;1.55;0.0;52.64;-13.49;0.0;20.89;58.62;0.09;0.0;0;0;0;-514.88;0.07;0.03;0.0;1.55
2020;317;366;beauce_5_sa_089;orgeh;orgeH_tousSols_nonirr_organique;2.18;0.0;6.58;-38.72;0.0;58.73;24.29;0.0;0.0;0;0.0;0;-35.05;0.0;0.0;0.0;2.18
2020;1;172;beauce_5_sa_090;orgeh;orgeH_tousSols_nonirr_organique;1.67;0.0;39.15;0.0;37.75;18.67;18.36;0.03;0.0;0;43.45;0;-428.01;0.01;0.02;0.0;1.67
2020;173;259;beauce_5_sa_090;solnu;;0.35;0.0;48.16;-29.77;0.0;18.36;36.31;0.09;0.0;0;0;0;-474.59;0.07;0.02;0.0;0.35
2020;260;366;beauce_5_sa_090;orgeh;orgeH_tousSols_nonirr_organique;1.62;0.0;21.17;-33.86;8.06;32.98;13.94;0.01;0.0;0;4.03;0;-81.11;0.0;0.01;0.0;1.62
2020;1;177;beauce_5_sa_091;orgeh;orgeH_tousSols_nonirr_organique;3.12;0.0;40.09;0.0;71.91;53.22;18.22;0.06;0.0;0;43.25;0;-446.93;0.04;0.02;0.0;3.12
2020;178;290;beauce_5_sa_091;solnu;;0.99;0.0;53.05;-26.04;0.0;18.22;44.15;0.08;0.0;0;0;0;-515.42;0.06;0.02;0.0;0.99
2020;291;366;beauce_5_sa_091;orgeh;orgeH_tousSols_nonirr_organique;2.47;0.0;11.72;-31.77;0.0;42.0;21.61;0.01;0.0;0;0.0;0;-50.44;0.01;0.0;0.0;2.47
2020;1;193;beauce_5_sa_092;orgeh;orgeH_tousSols_nonirr_organique;1.73;0.0;51.49;0.0;46.68;27.05;30.07;0.05;0.0;0;43.71;0;-568.33;0.02;0.03;0.0;1.73
2020;194;265;beauce_5_sa_092;solnu;;0.53;0.0;38.75;-14.91;0.0;30.07;53.29;0.09;0.0;0;0;0;-379.8;0.07;0.02;0.0;0.53
2020;266;366;beauce_5_sa_092;orgeh;orgeH_tousSols_nonirr_organique;2.05;0.0;19.07;-50.34;6.0;53.65;13.96;0.01;0.0;0;3.0;0;-83.09;0.01;0.0;0.0;2.05
2020;1;214;beauce_5_sa_093;orgeh;orgeH_tousSols_nonirr_organique;3.37;0.0;56.47;0.0;78.94;59.06;33.14;0.08;0.0;0;43.84;0;-628.31;0.04;0.03;0.0;3.37
2020;215;295;beauce_5_sa_093;solnu;;1.51;0.0;37.35;-50.7;0.0;33.14;18.23;0.04;0.0;0;0;0;-322.32;0.03;0.01;0.0;1.51
2020;296;366;beauce_5_sa_093;orgeh;orgeH_tousSols_nonirr_organique;1.51;0.0;10.62;-10.26;0.0;18.23;17.08;0.0;0.0;0;0.0;0;-29.85;0.0;0.0;0.0;1.51
2020;1;223;beauce_5_sa_094;orgeh;orgeH_tousSols_nonirr_organique;2.63;0.0;66.85;0.0;50.79;31.12;44.41;0.12;0.02;0;43.71;0;-744.62;0.08;0.04;0.0;2.63
2020;224;267;beauce_5_sa_094;solnu;;0.45;0.0;24.68;-49.82;0.0;44.41;18.77;0.05;0.0;0;0;0;-221.47;0.05;0.0;0.0;0.45
2020;268;366;beauce_5_sa_094;orgeh;orgeH_tousSols_nonirr_organique;2.55;0.0;18.45;-15.32;1.34;18.77;18.01;0.0;0.0;0;0.67;0;-57.32;0.0;0.0;0.0;2.55
2020;1;189;beauce_5_sa_095;orgeh;orgeH_tousSols_nonirr_organique;3.04;0.0;46.95;0.0;71.33;50.49;23.01;0.07;0.0;0;44.33;0;-520.99;0.04;0.03;0.0;3.04
2020;190;288;beauce_5_sa_095;solnu;;0.95;0.0;46.09;-14.04;0.0;23.01;54.02;0.08;0.01;0;0;0;-448.16;0.06;0.02;0.0;0.95
2020;289;366;beauce_5_sa_095;orgeh;orgeH_tousSols_nonirr_organique;2.38;0.0;12.06;-39.58;2.97;54.23;21.14;0.01;0.0;0;1.49;0;-59.39;0.01;0.0;0.0;2.38
2020;1;194;beauce_5_sa_096;orgeh;orgeH_tousSols_nonirr_organique;1.73;0.0;52.03;0.0;46.68;27.05;30.61;0.05;0.0;0;43.71;0;-577.7;0.02;0.03;0.0;1.73
2020;195;265;beauce_5_sa_096;solnu;;0.54;0.0;38.34;-14.95;0.0;30.61;53.36;0.09;0.0;0;0;0;-372.54;0.07;0.02;0.0;0.54
2020;266;366;beauce_5_sa_096;orgeh;orgeH_tousSols_nonirr_organique;2.06;0.0;19.06;-50.29;6.0;53.72;14.06;0.01;0.0;0;3.0;0;-82.85;0.01;0.0;0.0;2.06
2020;1;172;beauce_5_sa_097;orgeh;orgeH_tousSols_nonirr_organique;3.19;0.0;37.57;0.0;69.1;54.83;18.79;0.06;0.0;0;41.04;0;-411.4;0.04;0.02;0.0;3.19
2020;173;291;beauce_5_sa_097;solnu;;1.06;0.0;55.76;-13.41;0.0;18.79;60.14;0.09;0.0;0;0;0;-551.03;0.07;0.03;0.0;1.06
2020;292;366;beauce_5_sa_097;orgeh;orgeH_tousSols_nonirr_organique;2.75;0.0;11.55;-40.97;3.36;60.19;24.6;0.02;0.0;0;1.68;0;-59.71;0.02;0.0;0.0;2.75
2020;1;223;beauce_5_sa_098;orgeh;orgeH_tousSols_nonirr_organique;3.63;0.0;60.42;0.0;86.53;64.98;35.14;0.09;0.0;0;44.68;0;-672.57;0.05;0.04;0.0;3.63
2020;224;315;beauce_5_sa_098;solnu;;1.56;0.0;36.35;-14.91;0.0;35.14;54.93;0.08;0.0;0;0;0;-350.89;0.07;0.01;0.0;1.56
2020;316;366;beauce_5_sa_098;orgeh;orgeH_tousSols_nonirr_organique;2.1;0.0;6.7;-36.12;0.0;55.08;23.4;0.0;0.0;0;0.0;0;-33.78;0.0;0.0;0.0;2.1
2020;1;186;beauce_5_sa_099;orgeh;orgeH_tousSols_nonirr_organique;3.43;0.0;45.13;0.0;82.83;61.13;19.94;0.07;0.0;0;44.76;0;-502.51;0.05;0.03;0.0;3.43
2020;187;299;beauce_5_sa_099;solnu;;1.53;0.0;49.22;-43.55;0.0;19.94;24.0;0.07;0.01;0;0;0;-471.88;0.05;0.02;0.0;1.53
2020;300;366;beauce_5_sa_099;orgeh;orgeH_tousSols_nonirr_organique;1.91;0.0;9.78;-10.67;0.0;23.71;21.2;0.0;0.0;0;0.0;0;-38.93;0.0;0.0;0.0;1.91
2021;1;207;beauce_5_sa_000;orgeh;orgeH_tousSols_nonirr_organique;6.41;0.0;50.0;8.77;52.45;20.93;22.23;0.04;0.0;0;27.68;0;-258.58;0.0;0.04;0.0;6.41
2021;208;290;beauce_5_sa_000;solnu;;1.06;0.0;33.9;-7.88;0.0;22.23;47.09;0.04;0.06;0;0;0;-241.86;0.02;0.02;0.0;1.06
2021;291;365;beauce_5_sa_000;orgeh;orgeH_tousSols_nonirr_organique;3.14;0.0;10.84;-34.77;5.17;47.26;14.84;0.01;0.0;0;2.59;0;-40.14;0.01;0.0;0.0;3.14
2021;1;199;beauce_5_sa_001;orgeh;orgeH_tousSols_nonirr_organique;5.92;0.0;46.22;13.19;59.13;19.59;15.17;0.04;0.0;0;29.56;0;-244.89;0.0;0.04;0.0;5.92
2021;200;295;beauce_5_sa_001;solnu;;1.09;0.0;39.19;-38.28;0.0;15.17;14.9;0.04;0.05;0;0;0;-274.25;0.02;0.02;0.0;1.09
2021;296;365;beauce_5_sa_001;orgeh;orgeH_tousSols_nonirr_organique;2.65;0.0;9.64;-4.96;2.57;14.98;14.35;0.0;0.0;0;1.28;0;-24.05;0.0;0.0;0.0;2.65
2021;1;209;beauce_5_sa_002;orgeh;orgeH_tousSols_nonirr_organique;5.83;0.0;51.0;10.74;51.53;19.1;24.72;0.04;0.0;0;27.86;0;-269.11;0.0;0.04;0.0;5.83
2021;210;284;beauce_5_sa_002;solnu;;1.0;0.0;31.63;-8.87;0.0;24.72;46.38;0.04;0.07;0;0;0;-227.06;0.03;0.01;0.0;1.0
2021;285;365;beauce_5_sa_002;orgeh;orgeH_tousSols_nonirr_organique;3.18;0.0;12.19;-35.05;6.29;46.67;14.04;0.01;0.0;0;3.14;0;-45.82;0.01;0.0;0.0;3.18
2021;1;222;beauce_5_sa_003;orgeh;orgeH_tousSols_nonirr_organique;6.72;0.0;58.09;9.47;55.54;21.76;28.5;0.05;0.0;0;27.77;0;-309.03;0.01;0.04;0.0;6.72
2021;223;311;beauce_5_sa_003;solnu;;1.43;0.0;30.51;-26.46;0.0;28.5;31.01;0.05;0.07;0;0;0;-219.76;0.04;0.01;0.0;1.43
2021;312;365;beauce_5_sa_003;orgeh;orgeH_tousSols_nonirr_organique;3.44;0.0;6.4;-17.16;0.0;29.41;16.79;0.01;0.0;0;0.0;0;-17.8;0.0;0.0;0.0;3.44
2021;1;202;beauce_5_sa_004;orgeh;orgeH_tousSols_nonirr_organique;5.5;0.0;47.43;16.3;57.18;17.99;20.41;0.04;0.0;0;28.59;0;-258.27;0.0;0.04;0.0;5.5
2021;203;282;beauce_5_sa_004;solnu;;0.95;0.0;34.78;-28.89;0.0;20.41;25.24;0.04;0.06;0;0;0;-250.2;0.03;0.02;0.0;0.95
2021;283;365;beauce_5_sa_004;orgeh;orgeH_tousSols_nonirr_organique;3.08;0.0;12.78;-13.04;5.08;23.97;16.82;0.01;0.0;0;2.54;0;-37.33;0.0;0.01;0.0;3.08
2021;1;201;beauce_5_sa_005;orgeh;orgeH_tousSols_nonirr_organique;5.21;0.0;47.0;15.24;50.69;16.72;24.39;0.05;0.0;0;27.46;0;-252.37;0.01;0.04;0.0;5.21
2021;202;272;beauce_5_sa_005;solnu;;0.94;0.0;32.22;-8.3;0.0;24.39;47.25;0.05;0.07;0;0;0;-233.49;0.03;0.02;0.0;0.94
2021;273;365;beauce_5_sa_005;orgeh;orgeH_tousSols_nonirr_organique;3.42;0.0;15.56;-35.2;7.5;47.6;16.68;0.0;0.0;0;3.75;0;-60.36;0.0;0.0;0.0;3.42
2021;1;206;beauce_5_sa_006;orgeh;orgeH_tousSols_nonirr_organique;4.45;0.0;49.9;17.9;56.77;17.41;24.73;0.05;0.01;0;32.53;0;-329.93;0.01;0.04;0.0;4.45
2021;207;274;beauce_5_sa_006;solnu;;0.86;0.0;31.21;-38.4;0.0;24.73;16.58;0.03;0.07;0;0;0;-203.78;0.03;0.0;0.0;0.86
2021;275;365;beauce_5_sa_006;orgeh;orgeH_tousSols_nonirr_organique;3.25;0.0;15.53;-4.73;6.66;16.62;17.47;0.01;0.0;0;3.33;0;-38.31;0.0;0.01;0.0;3.25
2021;1;191;beauce_5_sa_007;orgeh;orgeH_tousSols_nonirr_organique;3.52;0.0;43.51;16.24;51.84;16.18;21.07;0.06;0.01;0;33.14;0;-294.94;0.03;0.04;0.0;3.52
2021;192;262;beauce_5_sa_007;solnu;;0.9;0.0;33.53;-46.16;0.0;21.07;7.53;0.01;0.0;0;0;0;-216.62;0.01;0.01;0.0;0.9
2021;263;365;beauce_5_sa_007;orgeh;orgeH_tousSols_nonirr_organique;1.55;0.0;19.09;1.19;13.54;7.65;12.69;0.02;0.01;0;6.77;0;-53.65;0.01;0.01;0.0;1.55
2021;1;172;beauce_5_sa_008;orgeh;orgeH_tousSols_nonirr_organique;3.86;0.0;33.34;18.48;56.19;15.38;7.11;0.03;0.0;0;28.49;0;-178.04;0.0;0.03;0.0;3.86
2021;173;273;beauce_5_sa_008;solnu;;0.97;0.0;45.74;-22.13;0.0;7.11;29.66;0.06;0.07;0;0;0;-327.88;0.03;0.02;0.0;0.97
2021;274;365;beauce_5_sa_008;orgeh;orgeH_tousSols_nonirr_organique;3.28;0.0;15.53;-13.83;9.54;28.11;18.53;0.01;0.0;0;4.77;0;-54.59;0.0;0.01;0.0;3.28
2021;1;227;beauce_5_sa_009;orgeh;orgeH_tousSols_nonirr_organique;5.44;0.0;59.87;23.09;50.54;16.96;45.05;0.07;0.0;0;26.77;0;-359.06;0.02;0.05;0.0;5.44
2021;228;265;beauce_5_sa_009;solnu;;1.02;0.0;17.51;-11.98;0.0;45.05;49.42;0.05;0.1;0;0;0;-133.55;0.04;0.0;0.0;1.02
2021;266;365;beauce_5_sa_009;orgeh;orgeH_tousSols_nonirr_organique;4.87;0.0;17.5;-35.75;4.5;49.63;21.8;0.0;0.0;0;2.25;0;-67.91;0.0;0.0;0.0;4.87
2021;1;179;beauce_5_sa_010;orgeh;orgeH_tousSols_nonirr_organique;6.75;0.0;36.8;5.73;47.43;23.51;12.19;0.03;0.0;0;23.72;0;-173.89;0.0;0.03;0.0;6.75
2021;180;307;beauce_5_sa_010;solnu;;1.6;0.0;49.91;0.02;0.0;12.19;60.48;0.07;0.06;0;0;0;-348.73;0.04;0.03;0.0;1.6
2021;308;365;beauce_5_sa_010;orgeh;orgeH_tousSols_nonirr_organique;5.04;0.0;7.44;-30.24;2.76;60.83;29.82;0.05;0.01;0;1.38;0;-37.65;0.05;0.0;0.0;5.04
2021;1;209;beauce_5_sa_011;orgeh;orgeH_tousSols_nonirr_organique;4.34;0.0;51.22;22.37;60.1;15.57;25.53;0.05;0.0;0;30.88;0;-313.67;0.01;0.04;0.0;4.34
2021;210;276;beauce_5_sa_011;solnu;;0.81;0.0;29.96;-38.07;0.0;25.53;16.5;0.04;0.07;0;0;0;-204.9;0.03;0.01;0.0;0.81
2021;277;365;beauce_5_sa_011;orgeh;orgeH_tousSols_nonirr_organique;3.17;0.0;14.75;-8.89;3.01;16.5;16.17;0.0;0.0;0;1.51;0;-39.88;0.0;0.0;0.0;3.17
2021;1;213;beauce_5_sa_012;orgeh;orgeH_tousSols_nonirr_organique;6.26;0.0;53.7;13.24;56.02;20.62;26.62;0.04;0.0;0;28.01;0;-292.79;0.0;0.04;0.0;6.26
2021;214;293;beauce_5_sa_012;solnu;;1.16;0.0;31.15;-24.59;0.0;26.62;31.91;0.04;0.06;0;0;0;-226.84;0.03;0.01;0.0;1.16
2021;294;365;beauce_5_sa_012;orgeh;orgeH_tousSols_nonirr_organique;3.24;0.0;10.08;-18.71;3.1;30.68;16.93;0.01;0.0;0;1.55;0;-28.5;0.0;0.0;0.0;3.24
2021;1;171;beauce_5_sa_013;orgeh;orgeH_tousSols_nonirr_organique;3.05;0.0;33.06;18.54;52.04;11.59;8.77;0.03;0.0;0;29.24;0;-175.2;0.0;0.03;0.0;3.05
2021;172;261;beauce_5_sa_013;solnu;;0.81;0.0;42.45;-3.1;0.0;8.77;47.17;0.06;0.07;0;0;0;-301.19;0.04;0.02;0.0;0.81
2021;262;365;beauce_5_sa_013;orgeh;orgeH_tousSols_nonirr_organique;3.46;0.0;19.22;-35.89;10.49;47.49;16.55;0.0;0.0;0;5.25;0;-82.86;0.0;0.0;0.0;3.46
2021;1;177;beauce_5_sa_014;orgeh;orgeH_tousSols_nonirr_organique;6.76;0.0;35.36;6.89;47.07;23.57;12.52;0.03;0.0;0;23.54;0;-168.8;0.0;0.03;0.0;6.76
2021;178;299;beauce_5_sa_014;solnu;;1.64;0.0;50.11;-0.09;0.0;12.52;60.98;0.07;0.06;0;0;0;-350.57;0.04;0.03;0.0;1.64
2021;300;365;beauce_5_sa_014;orgeh;orgeH_tousSols_nonirr_organique;4.97;0.0;8.65;-30.31;4.58;61.19;29.72;0.04;0.01;0;2.29;0;-41.65;0.04;0.0;0.0;4.97
2021;1;210;beauce_5_sa_015;orgeh;orgeH_tousSols_nonirr_organique;5.33;0.0;51.64;17.17;51.24;17.18;30.78;0.05;0.0;0;27.12;0;-285.53;0.01;0.04;0.0;5.33
2021;211;273;beauce_5_sa_015;solnu;;1.01;0.0;27.94;-9.69;0.0;30.78;47.89;0.05;0.08;0;0;0;-207.51;0.03;0.01;0.0;1.01
2021;274;365;beauce_5_sa_015;orgeh;orgeH_tousSols_nonirr_organique;3.69;0.0;15.27;-35.08;7.5;48.21;16.88;0.0;0.0;0;3.75;0;-59.4;0.0;0.0;0.0;3.69
2021;1;202;beauce_5_sa_016;orgeh;orgeH_tousSols_nonirr_organique;4.31;0.0;47.69;19.53;56.65;16.2;23.19;0.05;0.01;0;30.99;0;-300.76;0.01;0.04;0.0;4.31
2021;203;272;beauce_5_sa_016;solnu;;0.85;0.0;32.43;-37.79;0.0;23.19;16.88;0.04;0.07;0;0;0;-215.92;0.03;0.01;0.0;0.85
2021;273;365;beauce_5_sa_016;orgeh;orgeH_tousSols_nonirr_organique;3.32;0.0;16.09;-4.53;7.08;16.91;18.03;0.01;0.0;0;3.54;0;-43.4;0.0;0.01;0.0;3.32
2021;1;213;beauce_5_sa_017;orgeh;orgeH_tousSols_nonirr_organique;4.98;0.0;53.6;19.86;51.21;15.95;34.34;0.06;0.0;0;27.69;0;-306.35;0.01;0.04;0.0;4.98
2021;214;268;beauce_5_sa_017;solnu;;0.96;0.0;24.54;-10.77;0.0;34.34;47.02;0.05;0.09;0;0;0;-184.76;0.04;0.01;0.0;0.96
2021;269;365;beauce_5_sa_017;orgeh;orgeH_tousSols_nonirr_organique;3.89;0.0;16.69;-36.24;6.0;47.25;17.58;0.0;0.0;0;3.0;0;-63.84;0.0;0.0;0.0;3.89
2021;1;212;beauce_5_sa_018;orgeh;orgeH_tousSols_nonirr_organique;4.21;0.0;53.84;25.49;53.3;15.64;38.1;0.08;0.01;0;29.14;0;-346.08;0.04;0.05;0.0;4.21
2021;213;258;beauce_5_sa_018;solnu;;1.25;0.0;21.84;-33.8;0.0;38.1;24.75;0.05;0.09;0;0;0;-166.09;0.04;0.01;0.0;1.25
2021;259;365;beauce_5_sa_018;orgeh;orgeH_tousSols_nonirr_organique;4.64;0.0;20.83;-14.64;4.48;24.55;21.82;0.01;0.0;0;2.24;0;-71.19;0.0;0.01;0.0;4.64
2021;1;171;beauce_5_sa_019;orgeh;orgeH_tousSols_nonirr_organique;2.88;0.0;33.13;18.09;50.52;11.32;9.72;0.03;0.0;0;29.69;0;-178.89;0.0;0.03;0.0;2.88
2021;172;259;beauce_5_sa_019;solnu;;0.87;0.0;41.54;-4.03;0.0;9.72;46.22;0.06;0.08;0;0;0;-297.36;0.04;0.02;0.0;0.87
2021;260;365;beauce_5_sa_019;orgeh;orgeH_tousSols_nonirr_organique;3.56;0.0;20.2;-36.34;10.06;46.77;16.46;0.0;0.0;0;5.03;0;-86.44;0.0;0.0;0.0;3.56
2021;1;203;beauce_5_sa_020;orgeh;orgeH_tousSols_nonirr_organique;6.53;0.0;47.87;6.16;54.05;21.32;16.18;0.03;0.0;0;27.03;0;-234.97;0.0;0.03;0.0;6.53
2021;204;306;beauce_5_sa_020;solnu;;1.18;0.0;39.3;-5.18;0.0;16.18;49.03;0.05;0.05;0;0;0;-275.62;0.03;0.02;0.0;1.18
2021;307;365;beauce_5_sa_020;orgeh;orgeH_tousSols_nonirr_organique;3.6;0.0;7.64;-33.25;0.84;49.29;18.95;0.03;0.0;0;0.42;0;-31.94;0.03;0.0;0.0;3.6
2021;1;193;beauce_5_sa_021;orgeh;orgeH_tousSols_nonirr_organique;6.54;0.0;43.52;4.46;53.58;21.37;9.8;0.03;0.0;0;26.79;0;-208.29;0.0;0.03;0.0;6.54
2021;194;306;beauce_5_sa_021;solnu;;1.13;0.0;43.33;-3.56;0.0;9.8;48.43;0.05;0.04;0;0;0;-296.76;0.02;0.02;0.0;1.13
2021;307;365;beauce_5_sa_021;orgeh;orgeH_tousSols_nonirr_organique;3.43;0.0;7.65;-33.42;1.05;48.7;18.14;0.03;0.0;0;0.52;0;-32.42;0.03;0.0;0.0;3.43
2021;1;231;beauce_5_sa_022;orgeh;orgeH_tousSols_nonirr_organique;6.89;0.0;61.81;9.87;55.06;22.28;33.48;0.05;0.0;0;27.53;0;-335.29;0.01;0.04;0.0;6.89
2021;232;311;beauce_5_sa_022;solnu;;1.45;0.0;26.7;-27.6;0.0;33.48;31.01;0.06;0.07;0;0;0;-191.38;0.05;0.01;0.0;1.45
2021;312;365;beauce_5_sa_022;orgeh;orgeH_tousSols_nonirr_organique;3.8;0.0;6.39;-15.21;0.0;29.42;18.39;0.0;0.0;0;0.0;0;-18.13;0.0;0.0;0.0;3.8
2021;1;187;beauce_5_sa_023;orgeh;orgeH_tousSols_nonirr_organique;6.59;0.0;40.72;5.45;51.4;21.54;10.06;0.03;0.0;0;25.7;0;-192.82;0.0;0.03;0.0;6.59
2021;188;299;beauce_5_sa_023;solnu;;1.17;0.0;45.17;-3.09;0.0;10.06;50.91;0.06;0.05;0;0;0;-311.6;0.03;0.03;0.0;1.17
2021;300;365;beauce_5_sa_023;orgeh;orgeH_tousSols_nonirr_organique;3.6;0.0;8.65;-32.7;4.06;51.13;19.18;0.02;0.0;0;2.03;0;-36.67;0.02;0.0;0.0;3.6
2021;1;220;beauce_5_sa_024;orgeh;orgeH_tousSols_nonirr_organique;4.68;0.0;57.12;21.84;62.26;16.03;28.81;0.05;0.0;0;31.13;0;-347.38;0.01;0.05;0.0;4.68
2021;221;288;beauce_5_sa_024;solnu;;0.82;0.0;27.6;-38.7;0.0;28.81;16.78;0.03;0.08;0;0;0;-181.64;0.02;0.0;0.0;0.82
2021;289;365;beauce_5_sa_024;orgeh;orgeH_tousSols_nonirr_organique;3.18;0.0;11.34;-9.46;0.13;16.78;15.34;0.0;0.0;0;0.07;0;-26.1;0.0;0.0;0.0;3.18
2021;1;172;beauce_5_sa_025;orgeh;orgeH_tousSols_nonirr_organique;5.06;0.0;33.21;6.06;43.22;18.7;10.01;0.02;0.0;0;23.8;0;-153.0;0.0;0.02;0.0;5.06
2021;173;281;beauce_5_sa_025;solnu;;1.34;0.0;47.86;-1.15;0.0;10.01;55.35;0.06;0.07;0;0;0;-326.58;0.03;0.03;0.0;1.34
2021;282;365;beauce_5_sa_025;orgeh;orgeH_tousSols_nonirr_organique;3.71;0.0;13.05;-29.32;16.48;55.78;18.88;0.01;0.0;0;8.24;0;-58.49;0.01;0.0;0.0;3.71
2021;1;204;beauce_5_sa_026;orgeh;orgeH_tousSols_nonirr_organique;5.41;0.0;48.38;12.01;50.97;17.67;22.8;0.04;0.0;0;27.63;0;-253.55;0.0;0.04;0.0;5.41
2021;205;280;beauce_5_sa_026;solnu;;0.92;0.0;33.15;-7.87;0.0;22.8;47.05;0.04;0.07;0;0;0;-236.66;0.03;0.02;0.0;0.92
2021;281;365;beauce_5_sa_026;orgeh;orgeH_tousSols_nonirr_organique;3.14;0.0;13.25;-34.83;8.38;47.31;13.94;0.0;0.0;0;4.19;0;-52.3;0.0;0.0;0.0;3.14
2021;1;224;beauce_5_sa_027;orgeh;orgeH_tousSols_nonirr_organique;6.03;0.0;58.98;12.94;58.78;19.66;28.03;0.05;0.0;0;29.39;0;-326.77;0.01;0.04;0.0;6.03
2021;225;314;beauce_5_sa_027;solnu;;1.66;0.0;30.37;-40.51;0.0;28.03;16.13;0.03;0.06;0;0;0;-200.35;0.02;0.01;0.0;1.66
2021;315;365;beauce_5_sa_027;orgeh;orgeH_tousSols_nonirr_organique;2.48;0.0;5.76;-5.59;0.0;16.13;13.82;0.0;0.0;0;0.0;0;-12.99;0.0;0.0;0.0;2.48
2021;1;225;beauce_5_sa_028;orgeh;orgeH_tousSols_nonirr_organique;6.14;0.0;59.23;14.92;56.15;20.05;33.2;0.05;0.0;0;28.07;0;-333.09;0.01;0.04;0.0;6.14
2021;226;290;beauce_5_sa_028;solnu;;1.01;0.0;24.88;-25.95;0.0;33.2;31.0;0.04;0.08;0;0;0;-182.81;0.03;0.01;0.0;1.01
2021;291;365;beauce_5_sa_028;orgeh;orgeH_tousSols_nonirr_organique;3.66;0.0;10.84;-21.35;0.0;29.99;16.82;0.0;0.0;0;0.0;0;-30.4;0.0;0.0;0.0;3.66
2021;1;209;beauce_5_sa_029;orgeh;orgeH_tousSols_nonirr_organique;4.9;0.0;51.18;16.52;61.67;16.16;18.51;0.04;0.0;0;30.83;0;-284.33;0.0;0.04;0.0;4.9
2021;210;297;beauce_5_sa_029;solnu;;0.94;0.0;35.18;-39.73;0.0;18.51;12.93;0.03;0.05;0;0;0;-236.61;0.02;0.01;0.0;0.94
2021;298;365;beauce_5_sa_029;orgeh;orgeH_tousSols_nonirr_organique;2.37;0.0;9.09;-8.49;0.0;12.93;11.16;0.0;0.0;0;0.0;0;-20.98;0.0;0.0;0.0;2.37
2021;1;171;beauce_5_sa_030;orgeh;orgeH_tousSols_nonirr_organique;7.03;0.0;32.69;11.39;49.9;26.24;15.39;0.03;0.0;0;25.05;0;-166.83;0.0;0.03;0.0;7.03
2021;172;308;beauce_5_sa_030;solnu;;2.45;0.0;54.08;1.25;0.0;15.39;68.11;0.1;0.07;0;0;0;-388.85;0.06;0.03;0.0;2.45
2021;309;365;beauce_5_sa_030;orgeh;orgeH_tousSols_nonirr_organique;5.83;0.0;6.99;-31.22;2.5;68.43;35.51;0.04;0.01;0;1.25;0;-38.68;0.04;0.0;0.0;5.83
2021;1;209;beauce_5_sa_031;orgeh;orgeH_tousSols_nonirr_organique;3.97;0.0;51.43;25.93;54.11;14.31;34.23;0.07;0.01;0;29.2;0;-319.43;0.03;0.05;0.0;3.97
2021;210;261;beauce_5_sa_031;solnu;;1.06;0.0;25.04;-23.83;0.0;34.23;34.25;0.05;0.09;0;0;0;-190.8;0.04;0.01;0.0;1.06
2021;262;365;beauce_5_sa_031;orgeh;orgeH_tousSols_nonirr_organique;4.3;0.0;19.38;-21.45;5.69;32.25;22.17;0.01;0.0;0;2.85;0;-64.42;0.0;0.01;0.0;4.3
2021;1;189;beauce_5_sa_032;orgeh;orgeH_tousSols_nonirr_organique;4.35;0.0;41.73;19.79;52.52;13.93;19.36;0.05;0.0;0;28.51;0;-228.01;0.01;0.04;0.0;4.35
2021;190;266;beauce_5_sa_032;solnu;;0.86;0.0;36.03;-6.53;0.0;19.36;47.87;0.06;0.07;0;0;0;-261.71;0.04;0.02;0.0;0.86
2021;267;365;beauce_5_sa_032;orgeh;orgeH_tousSols_nonirr_organique;3.52;0.0;17.25;-36.06;8.46;48.18;17.08;0.0;0.0;0;4.23;0;-68.4;0.0;0.0;0.0;3.52
2021;1;215;beauce_5_sa_033;orgeh;orgeH_tousSols_nonirr_organique;6.54;0.0;54.85;8.43;54.35;21.4;25.21;0.04;0.0;0;27.17;0;-284.66;0.0;0.04;0.0;6.54
2021;216;306;beauce_5_sa_033;solnu;;1.21;0.0;32.35;-8.0;0.0;25.21;48.25;0.05;0.06;0;0;0;-231.22;0.03;0.02;0.0;1.21
2021;307;365;beauce_5_sa_033;orgeh;orgeH_tousSols_nonirr_organique;3.77;0.0;7.64;-33.46;0.24;48.51;18.39;0.03;0.0;0;0.12;0;-30.02;0.03;0.0;0.0;3.77
2021;1;203;beauce_5_sa_034;orgeh;orgeH_tousSols_nonirr_organique;3.8;0.0;48.59;16.23;53.63;16.05;24.04;0.06;0.01;0;33.66;0;-332.85;0.02;0.04;0.0;3.8
2021;204;269;beauce_5_sa_034;solnu;;0.84;0.0;30.7;-47.52;0.0;24.04;6.37;0.01;0.0;0;0;0;-187.92;0.01;0.0;0.0;0.84
2021;270;365;beauce_5_sa_034;orgeh;orgeH_tousSols_nonirr_organique;1.35;0.0;16.62;0.92;11.63;6.53;10.91;0.01;0.0;0;5.81;0;-40.6;0.0;0.01;0.0;1.35
2021;1;175;beauce_5_sa_035;orgeh;orgeH_tousSols_nonirr_organique;6.16;0.0;34.45;9.38;49.1;23.13;13.18;0.03;0.0;0;24.55;0;-170.14;0.0;0.03;0.0;6.16
2021;176;303;beauce_5_sa_035;solnu;;1.89;0.0;51.6;-26.33;0.0;13.18;36.43;0.07;0.07;0;0;0;-361.51;0.04;0.03;0.0;1.89
2021;304;365;beauce_5_sa_035;orgeh;orgeH_tousSols_nonirr_organique;4.67;0.0;8.01;-4.73;3.62;36.13;31.38;0.04;0.01;0;1.81;0;-28.77;0.03;0.0;0.0;4.67
2021;1;226;beauce_5_sa_036;orgeh;orgeH_tousSols_nonirr_organique;5.01;0.0;60.07;21.04;55.02;17.85;39.82;0.07;0.0;0;29.73;0;-395.64;0.02;0.05;0.0;5.01
2021;227;271;beauce_5_sa_036;solnu;;0.97;0.0;19.92;-35.93;0.0;39.82;22.72;0.04;0.09;0;0;0;-131.1;0.04;0.0;0.0;0.97
2021;272;365;beauce_5_sa_036;orgeh;orgeH_tousSols_nonirr_organique;4.35;0.0;16.26;-10.44;3.1;22.72;21.08;0.0;0.0;0;1.55;0;-45.72;0.0;0.0;0.0;4.35
2021;1;194;beauce_5_sa_037;orgeh;orgeH_tousSols_nonirr_organique;5.21;0.0;44.07;14.4;51.02;16.8;20.38;0.04;0.0;0;27.63;0;-232.77;0.01;0.04;0.0;5.21
2021;195;273;beauce_5_sa_037;solnu;;0.92;0.0;35.31;-6.96;0.0;20.38;47.7;0.05;0.07;0;0;0;-252.6;0.03;0.02;0.0;0.92
2021;274;365;beauce_5_sa_037;orgeh;orgeH_tousSols_nonirr_organique;3.32;0.0;15.27;-35.21;9.0;48.04;15.44;0.0;0.0;0;4.5;0;-61.85;0.0;0.0;0.0;3.32
2021;1;173;beauce_5_sa_038;orgeh;orgeH_tousSols_nonirr_organique;3.05;0.0;34.22;16.95;52.73;16.14;12.04;0.04;0.01;0;30.72;0;-211.78;0.01;0.03;0.0;3.05
2021;174;258;beauce_5_sa_038;solnu;;1.04;0.0;40.62;-32.96;0.0;12.04;18.53;0.06;0.08;0;0;0;-287.65;0.04;0.02;0.0;1.04
2021;259;365;beauce_5_sa_038;orgeh;orgeH_tousSols_nonirr_organique;3.64;0.0;21.02;-7.7;8.24;18.52;19.95;0.01;0.0;0;4.12;0;-76.92;0.0;0.01;0.0;3.64
2021;1;221;beauce_5_sa_039;orgeh;orgeH_tousSols_nonirr_organique;5.82;0.0;57.23;18.43;50.06;18.59;39.48;0.06;0.0;0;26.36;0;-328.01;0.02;0.05;0.0;5.82
2021;222;270;beauce_5_sa_039;solnu;;1.08;0.0;21.55;-11.48;0.0;39.48;48.33;0.04;0.1;0;0;0;-161.37;0.03;0.01;0.0;1.08
2021;271;365;beauce_5_sa_039;orgeh;orgeH_tousSols_nonirr_organique;4.36;0.0;16.06;-34.69;6.0;48.65;19.34;0.0;0.0;0;3.0;0;-63.39;0.0;0.0;0.0;4.36
2021;1;222;beauce_5_sa_040;orgeh;orgeH_tousSols_nonirr_organique;6.45;0.0;58.06;13.22;55.25;21.03;31.97;0.05;0.0;0;27.63;0;-320.29;0.01;0.04;0.0;6.45
2021;223;293;beauce_5_sa_040;solnu;;1.17;0.0;26.83;-19.55;0.0;31.97;37.97;0.04;0.08;0;0;0;-198.52;0.03;0.01;0.0;1.17
2021;294;365;beauce_5_sa_040;orgeh;orgeH_tousSols_nonirr_organique;3.62;0.0;10.07;-25.94;0.78;36.39;17.69;0.0;0.0;0;0.39;0;-30.27;0.0;0.0;0.0;3.62
2021;1;199;beauce_5_sa_041;orgeh;orgeH_tousSols_nonirr_organique;6.58;0.0;46.15;8.93;55.36;21.57;16.14;0.03;0.0;0;27.68;0;-233.17;0.0;0.03;0.0;6.58
2021;200;294;beauce_5_sa_041;solnu;;1.19;0.0;38.82;-5.55;0.0;16.14;48.12;0.05;0.05;0;0;0;-275.22;0.03;0.02;0.0;1.19
2021;295;365;beauce_5_sa_041;orgeh;orgeH_tousSols_nonirr_organique;3.24;0.0;9.92;-34.0;3.87;48.51;16.9;0.02;0.0;0;1.94;0;-38.86;0.01;0.0;0.0;3.24
2021;1;178;beauce_5_sa_042;orgeh;orgeH_tousSols_nonirr_organique;6.97;0.0;36.05;7.39;48.34;24.43;12.98;0.03;0.0;0;24.17;0;-175.39;0.0;0.03;0.0;6.97
2021;179;316;beauce_5_sa_042;solnu;;2.42;0.0;52.7;-21.91;0.0;12.98;41.26;0.1;0.06;0;0;0;-372.08;0.06;0.03;0.0;2.42
2021;317;365;beauce_5_sa_042;orgeh;orgeH_tousSols_nonirr_organique;4.23;0.0;5.33;-9.61;0.9;40.42;31.83;0.02;0.01;0;0.45;0;-19.65;0.02;0.0;0.0;4.23
2021;1;179;beauce_5_sa_043;orgeh;orgeH_tousSols_nonirr_organique;6.55;0.0;36.84;6.33;48.28;22.79;11.42;0.03;0.0;0;24.14;0;-173.81;0.0;0.03;0.0;6.55
2021;180;296;beauce_5_sa_043;solnu;;1.52;0.0;48.21;-1.27;0.0;11.42;56.8;0.07;0.06;0;0;0;-334.76;0.04;0.03;0.0;1.52
2021;297;365;beauce_5_sa_043;orgeh;orgeH_tousSols_nonirr_organique;4.34;0.0;9.19;-31.01;6.12;56.96;24.48;0.03;0.01;0;3.06;0;-43.04;0.03;0.0;0.0;4.34
2021;1;198;beauce_5_sa_044;orgeh;orgeH_tousSols_nonirr_organique;5.14;0.0;45.7;16.44;51.26;16.61;23.58;0.05;0.0;0;27.72;0;-246.25;0.01;0.04;0.0;5.14
2021;199;270;beauce_5_sa_044;solnu;;0.95;0.0;33.08;-7.91;0.0;23.58;47.68;0.05;0.07;0;0;0;-238.83;0.03;0.02;0.0;0.95
2021;271;365;beauce_5_sa_044;orgeh;orgeH_tousSols_nonirr_organique;3.49;0.0;16.05;-35.46;7.87;48.04;16.92;0.0;0.0;0;3.93;0;-64.37;0.0;0.0;0.0;3.49
2021;1;217;beauce_5_sa_045;orgeh;orgeH_tousSols_nonirr_organique;3.92;0.0;57.16;19.07;50.63;16.99;39.25;0.09;0.01;0;32.05;0;-406.36;0.04;0.05;0.0;3.92
2021;218;259;beauce_5_sa_045;solnu;;1.28;0.0;19.44;-47.99;0.0;39.25;9.42;0.01;0.0;0;0;0;-110.88;0.01;0.0;0.0;1.28
2021;260;365;beauce_5_sa_045;orgeh;orgeH_tousSols_nonirr_organique;1.77;0.0;20.29;-0.74;13.99;9.52;13.19;0.02;0.01;0;7.0;0;-58.03;0.01;0.01;0.0;1.77
2021;1;204;beauce_5_sa_046;orgeh;orgeH_tousSols_nonirr_organique;6.26;0.0;48.38;8.93;56.72;20.57;16.26;0.04;0.0;0;28.36;0;-245.92;0.0;0.03;0.0;6.26
2021;205;304;beauce_5_sa_046;solnu;;1.14;0.0;38.65;-32.99;0.0;16.26;20.7;0.04;0.04;0;0;0;-269.74;0.02;0.02;0.0;1.14
2021;305;365;beauce_5_sa_046;orgeh;orgeH_tousSols_nonirr_organique;2.7;0.0;7.89;-8.8;2.44;20.29;14.64;0.0;0.0;0;1.22;0;-19.46;0.0;0.0;0.0;2.7
2021;1;200;beauce_5_sa_047;orgeh;orgeH_tousSols_nonirr_organique;3.37;0.0;47.52;17.33;51.17;15.68;26.44;0.08;0.01;0;33.24;0;-330.23;0.04;0.04;0.0;3.37
2021;201;260;beauce_5_sa_047;solnu;;1.0;0.0;29.15;-47.01;0.0;26.44;7.56;0.01;0.0;0;0;0;-179.01;0.01;0.0;0.0;1.0
2021;261;365;beauce_5_sa_047;orgeh;orgeH_tousSols_nonirr_organique;1.42;0.0;19.88;1.35;15.15;7.7;12.19;0.02;0.01;0;7.58;0;-55.95;0.01;0.01;0.0;1.42
2021;1;173;beauce_5_sa_048;orgeh;orgeH_tousSols_nonirr_organique;6.99;0.0;33.46;9.36;48.24;26.33;14.67;0.03;0.0;0;24.12;0;-167.05;0.0;0.03;0.0;6.99
2021;174;312;beauce_5_sa_048;solnu;;2.4;0.0;54.19;1.45;0.0;14.67;67.88;0.1;0.07;0;0;0;-387.13;0.06;0.03;0.0;2.4
2021;313;365;beauce_5_sa_048;orgeh;orgeH_tousSols_nonirr_organique;5.97;0.0;6.14;-30.04;1.52;68.1;36.44;0.04;0.01;0;0.76;0;-33.55;0.04;0.0;0.0;5.97
2021;1;179;beauce_5_sa_049;orgeh;orgeH_tousSols_nonirr_organique;3.02;0.0;37.59;13.31;50.73;15.2;12.85;0.04;0.01;0;34.02;0;-251.18;0.01;0.03;0.0;3.02
2021;180;263;beauce_5_sa_049;solnu;;0.82;0.0;39.53;-46.2;0.0;12.85;5.34;0.01;0.0;0;0;0;-249.7;0.01;0.01;0.0;0.82
2021;264;365;beauce_5_sa_049;orgeh;orgeH_tousSols_nonirr_organique;1.07;0.0;18.69;4.02;16.66;5.11;10.29;0.02;0.0;0;8.33;0;-55.41;0.01;0.01;0.0;1.07
2021;1;187;beauce_5_sa_050;orgeh;orgeH_tousSols_nonirr_organique;3.61;0.0;41.15;21.09;50.46;12.32;21.12;0.06;0.01;0;29.89;0;-237.45;0.02;0.04;0.0;3.61
2021;188;257;beauce_5_sa_050;solnu;;0.93;0.0;33.1;-7.68;0.0;21.12;45.47;0.06;0.08;0;0;0;-241.03;0.04;0.02;0.0;0.93
2021;258;365;beauce_5_sa_050;orgeh;orgeH_tousSols_nonirr_organique;3.93;0.0;21.13;-35.5;8.51;46.2;18.67;0.01;0.0;0;4.25;0;-86.4;0.0;0.01;0.0;3.93
2021;1;224;beauce_5_sa_051;orgeh;orgeH_tousSols_nonirr_organique;5.03;0.0;59.08;19.62;61.59;16.38;29.48;0.05;0.0;0;30.8;0;-351.02;0.01;0.05;0.0;5.03
2021;225;296;beauce_5_sa_051;solnu;;1.0;0.0;27.63;-39.14;0.0;29.48;16.86;0.03;0.07;0;0;0;-175.39;0.03;0.0;0.0;1.0
2021;297;365;beauce_5_sa_051;orgeh;orgeH_tousSols_nonirr_organique;3.09;0.0;9.2;-8.11;0.0;16.85;14.87;0.0;0.0;0;0.0;0;-20.38;0.0;0.0;0.0;3.09
2021;1;184;beauce_5_sa_052;orgeh;orgeH_tousSols_nonirr_organique;3.86;0.0;39.96;18.03;53.68;16.86;17.88;0.06;0.01;0;31.2;0;-255.28;0.02;0.03;0.0;3.86
2021;185;261;beauce_5_sa_052;solnu;;0.77;0.0;36.62;-35.02;0.0;17.88;17.55;0.04;0.07;0;0;0;-252.85;0.03;0.01;0.0;0.77
2021;262;365;beauce_5_sa_052;orgeh;orgeH_tousSols_nonirr_organique;3.49;0.0;19.85;-6.29;8.24;17.55;19.36;0.01;0.0;0;4.12;0;-64.98;0.0;0.01;0.0;3.49
2021;1;205;beauce_5_sa_053;orgeh;orgeH_tousSols_nonirr_organique;6.57;0.0;48.95;7.21;55.94;21.46;16.54;0.03;0.0;0;27.97;0;-244.7;0.0;0.03;0.0;6.57
2021;206;309;beauce_5_sa_053;solnu;;1.33;0.0;39.1;-19.98;0.0;16.54;34.23;0.06;0.04;0;0;0;-275.63;0.04;0.02;0.0;1.33
2021;310;365;beauce_5_sa_053;orgeh;orgeH_tousSols_nonirr_organique;3.03;0.0;6.76;-20.79;0.25;33.0;16.92;0.01;0.0;0;0.13;0;-21.21;0.01;0.0;0.0;3.03
2021;1;208;beauce_5_sa_054;orgeh;orgeH_tousSols_nonirr_organique;6.63;0.0;50.5;5.36;53.28;21.66;19.04;0.03;0.0;0;26.64;0;-250.88;0.0;0.03;0.0;6.63
2021;209;314;beauce_5_sa_054;solnu;;1.72;0.0;38.5;-5.26;0.0;19.04;50.44;0.08;0.05;0;0;0;-268.89;0.06;0.02;0.0;1.72
2021;315;365;beauce_5_sa_054;orgeh;orgeH_tousSols_nonirr_organique;3.65;0.0;5.75;-31.18;0.0;50.72;21.34;0.02;0.0;0;0.0;0;-25.96;0.02;0.0;0.0;3.65
2021;1;174;beauce_5_sa_055;orgeh;orgeH_tousSols_nonirr_organique;4.16;0.0;34.22;14.68;54.36;17.36;8.61;0.03;0.0;0;29.67;0;-196.2;0.0;0.03;0.0;4.16
2021;175;282;beauce_5_sa_055;solnu;;1.12;0.0;48.35;-39.5;0.0;8.61;16.23;0.04;0.06;0;0;0;-319.76;0.03;0.02;0.0;1.12
2021;283;365;beauce_5_sa_055;orgeh;orgeH_tousSols_nonirr_organique;3.18;0.0;13.01;-1.54;6.81;16.31;17.7;0.01;0.0;0;3.41;0;-40.58;0.0;0.01;0.0;3.18
2021;1;223;beauce_5_sa_056;orgeh;orgeH_tousSols_nonirr_organique;5.47;0.0;58.71;24.86;49.03;16.49;46.59;0.09;0.01;0;27.07;0;-365.21;0.04;0.05;0.0;5.47
2021;224;256;beauce_5_sa_056;solnu;;1.32;0.0;15.2;-12.01;0.0;46.59;48.31;0.04;0.11;0;0;0;-116.89;0.04;0.0;0.0;1.32
2021;257;365;beauce_5_sa_056;orgeh;orgeH_tousSols_nonirr_organique;5.45;0.0;21.74;-35.84;5.41;48.89;23.35;0.0;0.0;0;2.7;0;-88.86;0.0;0.0;0.0;5.45
2021;1;226;beauce_5_sa_057;orgeh;orgeH_tousSols_nonirr_organique;4.83;0.0;59.87;22.47;61.82;16.4;32.89;0.06;0.0;0;30.91;0;-367.25;0.01;0.05;0.0;4.83
2021;227;286;beauce_5_sa_057;solnu;;0.81;0.0;24.31;-37.67;0.0;32.89;18.61;0.03;0.08;0;0;0;-161.14;0.03;0.0;0.0;0.81
2021;287;365;beauce_5_sa_057;orgeh;orgeH_tousSols_nonirr_organique;3.53;0.0;11.76;-10.23;0.0;18.6;16.62;0.0;0.0;0;0.0;0;-27.86;0.0;0.0;0.0;3.53
2021;1;202;beauce_5_sa_058;orgeh;orgeH_tousSols_nonirr_organique;5.76;0.0;47.4;10.85;58.17;18.98;14.52;0.04;0.0;0;29.08;0;-244.43;0.0;0.04;0.0;5.76
2021;203;304;beauce_5_sa_058;solnu;;1.05;0.0;39.71;-39.8;0.0;14.52;13.29;0.03;0.04;0;0;0;-269.41;0.02;0.02;0.0;1.05
2021;305;365;beauce_5_sa_058;orgeh;orgeH_tousSols_nonirr_organique;2.42;0.0;7.9;-4.0;1.44;13.12;13.32;0.0;0.0;0;0.72;0;-18.16;0.0;0.0;0.0;2.42
2021;1;171;beauce_5_sa_059;orgeh;orgeH_tousSols_nonirr_organique;3.63;0.0;33.06;17.35;55.43;15.68;6.79;0.03;0.0;0;30.13;0;-190.39;0.0;0.03;0.0;3.63
2021;172;271;beauce_5_sa_059;solnu;;0.92;0.0;45.9;-35.54;0.0;6.79;16.16;0.05;0.06;0;0;0;-319.04;0.03;0.02;0.0;0.92
2021;272;365;beauce_5_sa_059;orgeh;orgeH_tousSols_nonirr_organique;3.19;0.0;16.31;-5.86;5.69;16.16;17.73;0.01;0.0;0;2.85;0;-53.17;0.0;0.01;0.0;3.19
2021;1;204;beauce_5_sa_060;orgeh;orgeH_tousSols_nonirr_organique;6.59;0.0;48.33;7.11;54.32;21.54;17.5;0.03;0.0;0;27.16;0;-241.91;0.0;0.03;0.0;6.59
2021;205;302;beauce_5_sa_060;solnu;;1.2;0.0;38.33;-5.7;0.0;17.5;48.84;0.05;0.05;0;0;0;-269.79;0.03;0.02;0.0;1.2
2021;303;365;beauce_5_sa_060;orgeh;orgeH_tousSols_nonirr_organique;3.44;0.0;8.15;-33.68;1.56;49.04;18.28;0.02;0.0;0;0.78;0;-31.39;0.02;0.0;0.0;3.44
2021;1;229;beauce_5_sa_061;orgeh;orgeH_tousSols_nonirr_organique;6.74;0.0;60.83;10.56;54.34;21.85;33.58;0.05;0.0;0;27.17;0;-328.02;0.01;0.04;0.0;6.74
2021;230;298;beauce_5_sa_061;solnu;;1.19;0.0;25.14;-10.71;0.0;33.58;46.7;0.05;0.07;0;0;0;-183.41;0.04;0.01;0.0;1.19
2021;299;365;beauce_5_sa_061;orgeh;orgeH_tousSols_nonirr_organique;3.95;0.0;8.87;-33.4;0.23;46.99;17.99;0.01;0.0;0;0.12;0;-31.05;0.01;0.0;0.0;3.95
2021;1;195;beauce_5_sa_062;orgeh;orgeH_tousSols_nonirr_organique;4.57;0.0;44.57;18.99;63.02;15.26;12.07;0.04;0.0;0;31.51;0;-248.0;0.0;0.04;0.0;4.57
2021;196;290;beauce_5_sa_062;solnu;;0.73;0.0;39.79;-38.54;0.0;12.07;12.51;0.03;0.05;0;0;0;-270.24;0.02;0.02;0.0;0.73
2021;291;365;beauce_5_sa_062;orgeh;orgeH_tousSols_nonirr_organique;2.37;0.0;10.89;-8.9;0.25;12.51;11.88;0.0;0.0;0;0.13;0;-28.15;0.0;0.0;0.0;2.37
2021;1;211;beauce_5_sa_063;orgeh;orgeH_tousSols_nonirr_organique;6.61;0.0;52.41;8.33;54.51;21.62;22.67;0.04;0.0;0;27.26;0;-268.58;0.0;0.04;0.0;6.61
2021;212;302;beauce_5_sa_063;solnu;;1.23;0.0;34.34;-7.36;0.0;22.67;48.31;0.05;0.05;0;0;0;-246.88;0.03;0.02;0.0;1.23
2021;303;365;beauce_5_sa_063;orgeh;orgeH_tousSols_nonirr_organique;3.52;0.0;8.14;-33.81;0.84;48.51;18.26;0.02;0.0;0;0.42;0;-30.19;0.02;0.0;0.0;3.52
2021;1;221;beauce_5_sa_064;orgeh;orgeH_tousSols_nonirr_organique;5.01;0.0;58.04;21.44;54.11;18.38;39.59;0.08;0.01;0;29.94;0;-385.78;0.03;0.05;0.0;5.01
2021;222;266;beauce_5_sa_064;solnu;;1.09;0.0;20.69;-35.77;0.0;39.59;23.28;0.03;0.1;0;0;0;-143.83;0.03;0.0;0.0;1.09
2021;267;365;beauce_5_sa_064;orgeh;orgeH_tousSols_nonirr_organique;4.51;0.0;17.78;-9.56;4.81;23.28;22.17;0.01;0.0;0;2.4;0;-50.48;0.0;0.01;0.0;4.51
2021;1;171;beauce_5_sa_065;orgeh;orgeH_tousSols_nonirr_organique;6.93;0.0;32.71;12.42;50.68;25.98;14.19;0.03;0.0;0;25.34;0;-168.16;0.0;0.03;0.0;6.93
2021;172;304;beauce_5_sa_065;solnu;;2.16;0.0;53.23;0.36;0.0;14.19;65.55;0.08;0.07;0;0;0;-384.88;0.05;0.03;0.0;2.16
2021;305;365;beauce_5_sa_065;orgeh;orgeH_tousSols_nonirr_organique;5.52;0.0;7.85;-32.4;3.51;65.68;31.92;0.05;0.01;0;1.75;0;-37.68;0.05;0.0;0.0;5.52
2021;1;175;beauce_5_sa_066;orgeh;orgeH_tousSols_nonirr_organique;5.96;0.0;34.45;5.06;45.03;22.18;12.16;0.02;0.0;0;24.09;0;-160.38;0.0;0.02;0.0;5.96
2021;176;290;beauce_5_sa_066;solnu;;1.65;0.0;48.75;-1.35;0.0;12.16;57.79;0.06;0.06;0;0;0;-335.49;0.03;0.03;0.0;1.65
2021;291;365;beauce_5_sa_066;orgeh;orgeH_tousSols_nonirr_organique;4.29;0.0;10.85;-29.89;11.95;57.96;22.48;0.03;0.0;0;5.97;0;-49.93;0.02;0.0;0.0;4.29
2021;1;173;beauce_5_sa_067;orgeh;orgeH_tousSols_nonirr_organique;5.68;0.0;33.58;5.51;44.04;21.15;10.97;0.02;0.0;0;24.24;0;-157.76;0.0;0.02;0.0;5.68
2021;174;287;beauce_5_sa_067;solnu;;1.53;0.0;48.98;-1.23;0.0;10.97;57.11;0.06;0.07;0;0;0;-337.51;0.03;0.03;0.0;1.53
2021;288;365;beauce_5_sa_067;orgeh;orgeH_tousSols_nonirr_organique;3.98;0.0;11.5;-30.28;14.31;57.42;20.02;0.02;0.0;0;7.16;0;-50.84;0.01;0.0;0.0;3.98
2021;1;212;beauce_5_sa_068;orgeh;orgeH_tousSols_nonirr_organique;4.21;0.0;53.44;24.97;50.25;13.38;38.1;0.08;0.01;0;28.62;0;-324.44;0.03;0.05;0.0;4.21
2021;213;257;beauce_5_sa_068;solnu;;1.15;0.0;21.15;-11.35;0.0;38.1;46.6;0.05;0.09;0;0;0;-161.57;0.04;0.01;0.0;1.15
2021;258;365;beauce_5_sa_068;orgeh;orgeH_tousSols_nonirr_organique;4.61;0.0;21.11;-36.22;6.23;47.26;20.65;0.0;0.0;0;3.11;0;-82.27;0.0;0.0;0.0;4.61
2021;1;186;beauce_5_sa_069;orgeh;orgeH_tousSols_nonirr_organique;5.57;0.0;40.24;8.73;50.72;18.22;12.07;0.03;0.0;0;27.56;0;-196.98;0.0;0.03;0.0;5.57
2021;187;281;beauce_5_sa_069;solnu;;0.9;0.0;41.29;-4.44;0.0;12.07;47.91;0.05;0.06;0;0;0;-287.88;0.03;0.02;0.0;0.9
2021;282;365;beauce_5_sa_069;orgeh;orgeH_tousSols_nonirr_organique;3.0;0.0;13.05;-34.85;9.66;48.35;13.44;0.0;0.0;0;4.83;0;-53.66;0.0;0.0;0.0;3.0
2021;1;217;beauce_5_sa_070;orgeh;orgeH_tousSols_nonirr_organique;5.07;0.0;55.94;16.76;61.91;16.75;23.69;0.04;0.0;0;30.96;0;-318.46;0.0;0.04;0.0;5.07
2021;218;305;beauce_5_sa_070;solnu;;0.98;0.0;31.65;-40.14;0.0;23.69;14.14;0.03;0.06;0;0;0;-209.54;0.02;0.01;0.0;0.98
2021;306;365;beauce_5_sa_070;orgeh;orgeH_tousSols_nonirr_organique;2.57;0.0;7.8;-7.7;0.0;14.14;11.67;0.0;0.0;0;0.0;0;-17.66;0.0;0.0;0.0;2.57
2021;1;172;beauce_5_sa_071;orgeh;orgeH_tousSols_nonirr_organique;3.71;0.0;33.37;17.39;55.33;15.28;7.77;0.03;0.0;0;28.71;0;-182.8;0.0;0.03;0.0;3.71
2021;173;276;beauce_5_sa_071;solnu;;0.97;0.0;47.12;-36.5;0.0;7.77;17.3;0.05;0.07;0;0;0;-320.46;0.03;0.02;0.0;0.97
2021;277;365;beauce_5_sa_071;orgeh;orgeH_tousSols_nonirr_organique;3.34;0.0;14.82;-1.41;8.06;16.94;19.29;0.01;0.0;0;4.03;0;-50.7;0.0;0.01;0.0;3.34
2021;1;223;beauce_5_sa_072;orgeh;orgeH_tousSols_nonirr_organique;6.76;0.0;58.41;11.19;54.94;22.06;31.4;0.05;0.0;0;27.47;0;-318.94;0.01;0.04;0.0;6.76
2021;224;296;beauce_5_sa_072;solnu;;1.22;0.0;27.36;-9.99;0.0;31.4;47.42;0.05;0.07;0;0;0;-196.54;0.04;0.01;0.0;1.22
2021;297;365;beauce_5_sa_072;orgeh;orgeH_tousSols_nonirr_organique;3.77;0.0;9.17;-34.47;0.98;47.58;17.36;0.01;0.0;0;0.49;0;-33.56;0.01;0.0;0.0;3.77
2021;1;222;beauce_5_sa_073;orgeh;orgeH_tousSols_nonirr_organique;6.14;0.0;57.98;11.72;51.77;19.98;33.06;0.05;0.0;0;27.36;0;-315.66;0.01;0.04;0.0;6.14
2021;223;288;beauce_5_sa_073;solnu;;1.02;0.0;25.63;-10.74;0.0;33.06;46.81;0.04;0.08;0;0;0;-189.5;0.03;0.01;0.0;1.02
2021;289;365;beauce_5_sa_073;orgeh;orgeH_tousSols_nonirr_organique;3.73;0.0;11.25;-31.45;6.37;47.02;16.51;0.01;0.0;0;3.19;0;-42.33;0.01;0.0;0.0;3.73
2021;1;213;beauce_5_sa_074;orgeh;orgeH_tousSols_nonirr_organique;5.38;0.0;53.57;14.96;50.46;17.65;31.41;0.05;0.0;0;27.22;0;-294.01;0.01;0.04;0.0;5.38
2021;214;276;beauce_5_sa_074;solnu;;0.95;0.0;26.86;-10.11;0.0;31.41;47.09;0.05;0.08;0;0;0;-196.79;0.03;0.01;0.0;0.95
2021;277;365;beauce_5_sa_074;orgeh;orgeH_tousSols_nonirr_organique;3.58;0.0;14.31;-34.61;7.39;47.29;15.82;0.0;0.0;0;3.69;0;-56.14;0.0;0.0;0.0;3.58
2021;1;199;beauce_5_sa_075;orgeh;orgeH_tousSols_nonirr_organique;4.48;0.0;46.31;20.71;59.89;14.86;18.33;0.04;0.0;0;29.95;0;-259.48;0.0;0.04;0.0;4.48
2021;200;281;beauce_5_sa_075;solnu;;0.8;0.0;35.84;-37.57;0.0;18.33;15.69;0.04;0.06;0;0;0;-256.57;0.03;0.02;0.0;0.8
2021;282;365;beauce_5_sa_075;orgeh;orgeH_tousSols_nonirr_organique;2.91;0.0;13.25;-7.06;3.49;15.7;15.47;0.0;0.0;0;1.75;0;-36.16;0.0;0.0;0.0;2.91
2021;1;191;beauce_5_sa_076;orgeh;orgeH_tousSols_nonirr_organique;6.19;0.0;42.72;9.44;57.34;20.32;9.14;0.03;0.0;0;28.67;0;-213.05;0.0;0.03;0.0;6.19
2021;192;297;beauce_5_sa_076;solnu;;1.07;0.0;42.93;-29.68;0.0;9.14;21.3;0.04;0.04;0;0;0;-300.66;0.02;0.02;0.0;1.07
2021;298;365;beauce_5_sa_076;orgeh;orgeH_tousSols_nonirr_organique;2.53;0.0;9.08;-10.66;3.22;20.5;13.97;0.0;0.0;0;1.61;0;-22.97;0.0;0.0;0.0;2.53
2021;1;183;beauce_5_sa_077;orgeh;orgeH_tousSols_nonirr_organique;5.18;0.0;38.91;13.31;56.32;18.14;9.95;0.03;0.0;0;28.16;0;-198.88;0.0;0.03;0.0;5.18
2021;184;305;beauce_5_sa_077;solnu;;1.22;0.0;47.91;-40.97;0.0;9.95;15.57;0.04;0.05;0;0;0;-316.49;0.02;0.02;0.0;1.22
2021;306;365;beauce_5_sa_077;orgeh;orgeH_tousSols_nonirr_organique;2.99;0.0;7.81;3.22;3.41;15.65;20.18;0.01;0.01;0;1.71;0;-21.61;0.01;0.01;0.0;2.99
2021;1;226;beauce_5_sa_078;orgeh;orgeH_tousSols_nonirr_organique;6.07;0.0;59.81;12.91;58.86;19.8;28.86;0.05;0.0;0;29.43;0;-331.29;0.01;0.04;0.0;6.07
2021;227;314;beauce_5_sa_078;solnu;;1.67;0.0;29.51;-40.03;0.0;28.86;16.58;0.03;0.06;0;0;0;-197.09;0.02;0.01;0.0;1.67
2021;315;365;beauce_5_sa_078;orgeh;orgeH_tousSols_nonirr_organique;2.55;0.0;5.76;-5.59;0.0;16.58;14.19;0.0;0.0;0;0.0;0;-13.42;0.0;0.0;0.0;2.55
2021;1;205;beauce_5_sa_079;orgeh;orgeH_tousSols_nonirr_organique;6.59;0.0;48.94;7.3;54.32;21.54;18.3;0.04;0.0;0;27.16;0;-244.9;0.0;0.03;0.0;6.59
2021;206;302;beauce_5_sa_079;solnu;;1.19;0.0;37.69;-5.97;0.0;18.3;48.73;0.05;0.05;0;0;0;-267.02;0.03;0.02;0.0;1.19
2021;303;365;beauce_5_sa_079;orgeh;orgeH_tousSols_nonirr_organique;3.44;0.0;8.15;-33.68;1.56;48.93;18.17;0.02;0.0;0;0.78;0;-31.21;0.02;0.0;0.0;3.44
2021;1;216;beauce_5_sa_080;orgeh;orgeH_tousSols_nonirr_organique;4.43;0.0;55.47;24.62;57.29;15.86;35.03;0.06;0.0;0;29.6;0;-351.14;0.01;0.05;0.0;4.43
2021;217;270;beauce_5_sa_080;solnu;;0.9;0.0;23.89;-37.46;0.0;35.03;20.44;0.04;0.09;0;0;0;-167.01;0.04;0.0;0.0;0.9
2021;271;365;beauce_5_sa_080;orgeh;orgeH_tousSols_nonirr_organique;3.9;0.0;16.57;-11.63;2.45;20.44;19.02;0.0;0.0;0;1.23;0;-49.25;0.0;0.0;0.0;3.9
2021;1;173;beauce_5_sa_081;orgeh;orgeH_tousSols_nonirr_organique;5.44;0.0;33.62;16.17;54.06;20.51;11.07;0.03;0.0;0;27.03;0;-180.35;0.0;0.03;0.0;5.44
2021;174;295;beauce_5_sa_081;solnu;;1.67;0.0;51.02;-36.43;0.0;11.07;23.93;0.06;0.07;0;0;0;-355.09;0.03;0.03;0.0;1.67
2021;296;365;beauce_5_sa_081;orgeh;orgeH_tousSols_nonirr_organique;4.04;0.0;9.65;2.56;6.38;23.96;25.68;0.02;0.01;0;3.19;0;-31.69;0.02;0.01;0.0;4.04
2021;1;204;beauce_5_sa_082;orgeh;orgeH_tousSols_nonirr_organique;6.55;0.0;48.33;6.9;55.94;21.42;15.58;0.03;0.0;0;27.97;0;-241.4;0.0;0.03;0.0;6.55
2021;205;308;beauce_5_sa_082;solnu;;1.33;0.0;39.48;-18.89;0.0;15.58;34.75;0.05;0.04;0;0;0;-275.07;0.03;0.02;0.0;1.33
2021;309;365;beauce_5_sa_082;orgeh;orgeH_tousSols_nonirr_organique;2.97;0.0;7.02;-21.66;0.49;32.77;16.63;0.01;0.0;0;0.25;0;-23.63;0.01;0.0;0.0;2.97
2021;1;200;beauce_5_sa_083;orgeh;orgeH_tousSols_nonirr_organique;5.82;0.0;46.61;12.28;58.94;19.18;14.51;0.04;0.0;0;29.47;0;-244.34;0.0;0.04;0.0;5.82
2021;201;296;beauce_5_sa_083;solnu;;1.06;0.0;39.23;-38.94;0.0;14.51;13.67;0.03;0.05;0;0;0;-268.7;0.02;0.02;0.0;1.06
2021;297;365;beauce_5_sa_083;orgeh;orgeH_tousSols_nonirr_organique;2.5;0.0;9.2;-5.38;1.44;13.67;13.54;0.0;0.0;0;0.72;0;-23.18;0.0;0.0;0.0;2.5
2021;1;226;beauce_5_sa_084;orgeh;orgeH_tousSols_nonirr_organique;5.13;0.0;60.1;24.15;53.78;17.79;44.04;0.08;0.0;0;28.41;0;-388.16;0.03;0.05;0.0;5.13
2021;227;264;beauce_5_sa_084;solnu;;1.06;0.0;17.48;-34.99;0.0;44.04;25.32;0.04;0.1;0;0;0;-127.77;0.04;0.0;0.0;1.06
2021;265;365;beauce_5_sa_084;orgeh;orgeH_tousSols_nonirr_organique;4.88;0.0;18.56;-12.4;3.7;25.32;22.9;0.0;0.0;0;1.85;0;-58.18;0.0;0.0;0.0;4.88
2021;1;204;beauce_5_sa_085;orgeh;orgeH_tousSols_nonirr_organique;5.32;0.0;48.37;15.28;51.76;17.37;25.0;0.05;0.0;0;27.99;0;-262.3;0.01;0.04;0.0;5.32
2021;205;274;beauce_5_sa_085;solnu;;0.93;0.0;31.4;-8.46;0.0;25.0;46.89;0.05;0.07;0;0;0;-228.03;0.03;0.01;0.0;0.93
2021;275;365;beauce_5_sa_085;orgeh;orgeH_tousSols_nonirr_organique;3.35;0.0;14.99;-35.65;7.5;47.23;15.39;0.0;0.0;0;3.75;0;-58.32;0.0;0.0;0.0;3.35
2021;1;199;beauce_5_sa_086;orgeh;orgeH_tousSols_nonirr_organique;4.15;0.0;46.7;20.86;54.89;16.74;25.92;0.07;0.01;0;30.71;0;-298.63;0.03;0.04;0.0;4.15
2021;200;264;beauce_5_sa_086;solnu;;0.96;0.0;31.18;-36.75;0.0;25.92;19.27;0.05;0.08;0;0;0;-220.71;0.04;0.01;0.0;0.96
2021;265;365;beauce_5_sa_086;orgeh;orgeH_tousSols_nonirr_organique;3.78;0.0;18.69;-8.44;5.82;19.27;19.91;0.01;0.0;0;2.91;0;-57.62;0.0;0.01;0.0;3.78
2021;1;225;beauce_5_sa_087;orgeh;orgeH_tousSols_nonirr_organique;5.73;0.0;59.02;15.83;50.74;18.63;38.17;0.06;0.0;0;26.74;0;-332.2;0.01;0.05;0.0;5.73
2021;226;276;beauce_5_sa_087;solnu;;0.96;0.0;21.38;-11.49;0.0;38.17;46.97;0.04;0.09;0;0;0;-158.05;0.03;0.01;0.0;0.96
2021;277;365;beauce_5_sa_087;orgeh;orgeH_tousSols_nonirr_organique;4.07;0.0;14.32;-33.4;5.89;47.15;17.93;0.0;0.0;0;2.94;0;-55.26;0.0;0.0;0.0;4.07
2021;1;191;beauce_5_sa_088;orgeh;orgeH_tousSols_nonirr_organique;4.0;0.0;43.14;19.37;55.13;15.68;19.69;0.05;0.01;0;30.54;0;-266.34;0.02;0.04;0.0;4.0
2021;192;267;beauce_5_sa_088;solnu;;0.82;0.0;35.44;-36.78;0.0;19.69;17.42;0.04;0.07;0;0;0;-248.21;0.03;0.01;0.0;0.82
2021;268;365;beauce_5_sa_088;orgeh;orgeH_tousSols_nonirr_organique;3.42;0.0;17.63;-7.68;5.38;17.42;18.56;0.01;0.0;0;2.69;0;-54.43;0.0;0.01;0.0;3.42
2021;1;184;beauce_5_sa_089;orgeh;orgeH_tousSols_nonirr_organique;6.96;0.0;39.2;2.69;46.55;22.74;11.7;0.03;0.0;0;23.27;0;-181.7;0.0;0.03;0.0;6.96
2021;185;315;beauce_5_sa_089;solnu;;1.9;0.0;49.52;0.08;0.0;11.7;59.28;0.1;0.05;0;0;0;-337.92;0.07;0.03;0.0;1.9
2021;316;365;beauce_5_sa_089;orgeh;orgeH_tousSols_nonirr_organique;4.52;0.0;5.54;-28.46;0.9;59.56;30.9;0.03;0.0;0;0.45;0;-28.67;0.03;0.0;0.0;4.52
2021;1;172;beauce_5_sa_090;orgeh;orgeH_tousSols_nonirr_organique;2.9;0.0;33.66;18.96;52.57;13.4;11.04;0.04;0.01;0;30.31;0;-194.87;0.01;0.03;0.0;2.9
2021;173;258;beauce_5_sa_090;solnu;;0.96;0.0;40.87;-22.92;0.0;11.04;27.89;0.06;0.08;0;0;0;-296.13;0.04;0.02;0.0;0.96
2021;259;365;beauce_5_sa_090;orgeh;orgeH_tousSols_nonirr_organique;3.65;0.0;20.85;-15.1;9.15;25.89;20.81;0.02;0.01;0;4.57;0;-77.84;0.01;0.01;0.0;3.65
2021;1;177;beauce_5_sa_091;orgeh;orgeH_tousSols_nonirr_organique;5.77;0.0;35.44;9.33;49.38;20.29;10.18;0.03;0.0;0;24.69;0;-169.57;0.0;0.03;0.0;5.77
2021;178;289;beauce_5_sa_091;solnu;;1.26;0.0;47.7;-11.14;0.0;10.18;45.54;0.06;0.06;0;0;0;-334.29;0.03;0.03;0.0;1.26
2021;290;365;beauce_5_sa_091;orgeh;orgeH_tousSols_nonirr_organique;3.67;0.0;11.11;-21.07;13.04;43.6;18.87;0.01;0.0;0;6.52;0;-43.34;0.01;0.0;0.0;3.67
2021;1;193;beauce_5_sa_092;orgeh;orgeH_tousSols_nonirr_organique;4.14;0.0;43.74;20.89;51.04;13.21;23.35;0.06;0.0;0;28.52;0;-245.4;0.02;0.04;0.0;4.14
2021;194;264;beauce_5_sa_092;solnu;;0.85;0.0;33.07;-7.59;0.0;23.35;47.84;0.05;0.08;0;0;0;-240.17;0.04;0.02;0.0;0.85
2021;265;365;beauce_5_sa_092;orgeh;orgeH_tousSols_nonirr_organique;3.7;0.0;18.1;-35.43;9.16;48.52;17.65;0.0;0.0;0;4.58;0;-72.01;0.0;0.0;0.0;3.7
2021;1;214;beauce_5_sa_093;orgeh;orgeH_tousSols_nonirr_organique;4.84;0.0;54.45;20.43;63.56;16.15;23.52;0.05;0.0;0;31.78;0;-322.3;0.0;0.04;0.0;4.84
2021;215;294;beauce_5_sa_093;solnu;;0.96;0.0;31.38;-39.61;0.0;23.52;14.23;0.03;0.06;0;0;0;-208.24;0.02;0.01;0.0;0.96
2021;295;365;beauce_5_sa_093;orgeh;orgeH_tousSols_nonirr_organique;2.62;0.0;9.95;-8.94;0.0;14.23;12.62;0.0;0.0;0;0.0;0;-22.1;0.0;0.0;0.0;2.62
2021;1;223;beauce_5_sa_094;orgeh;orgeH_tousSols_nonirr_organique;5.0;0.0;58.65;24.45;54.99;16.99;41.04;0.07;0.0;0;28.17;0;-369.45;0.02;0.05;0.0;5.0
2021;224;266;beauce_5_sa_094;solnu;;1.0;0.0;19.56;-35.8;0.0;41.04;23.67;0.04;0.1;0;0;0;-139.44;0.04;0.0;0.0;1.0
2021;267;365;beauce_5_sa_094;orgeh;orgeH_tousSols_nonirr_organique;4.56;0.0;17.76;-10.61;4.07;23.67;22.19;0.01;0.0;0;2.04;0;-52.99;0.0;0.01;0.0;4.56
2021;1;189;beauce_5_sa_095;orgeh;orgeH_tousSols_nonirr_organique;6.04;0.0;41.59;6.9;52.19;19.8;11.37;0.03;0.0;0;27.58;0;-202.18;0.0;0.03;0.0;6.04
2021;190;287;beauce_5_sa_095;solnu;;0.96;0.0;41.66;-4.27;0.0;11.37;47.7;0.05;0.05;0;0;0;-289.17;0.02;0.02;0.0;0.96
2021;288;365;beauce_5_sa_095;orgeh;orgeH_tousSols_nonirr_organique;2.9;0.0;11.5;-34.74;7.77;48.0;13.78;0.01;0.0;0;3.89;0;-44.86;0.01;0.0;0.0;2.9
2021;1;194;beauce_5_sa_096;orgeh;orgeH_tousSols_nonirr_organique;4.17;0.0;44.16;21.06;51.18;13.31;23.87;0.06;0.0;0;28.59;0;-247.67;0.02;0.04;0.0;4.17
2021;195;264;beauce_5_sa_096;solnu;;0.86;0.0;32.67;-7.75;0.0;23.87;47.81;0.05;0.08;0;0;0;-238.48;0.04;0.02;0.0;0.86
2021;265;365;beauce_5_sa_096;orgeh;orgeH_tousSols_nonirr_organique;3.71;0.0;18.1;-36.21;8.43;48.48;17.55;0.0;0.0;0;4.21;0;-72.41;0.0;0.0;0.0;3.71
2021;1;172;beauce_5_sa_097;orgeh;orgeH_tousSols_nonirr_organique;6.19;0.0;33.16;5.68;43.82;23.06;12.51;0.02;0.0;0;23.59;0;-158.64;0.0;0.02;0.0;6.19
2021;173;290;beauce_5_sa_097;solnu;;1.74;0.0;50.01;-0.49;0.0;12.51;60.29;0.06;0.07;0;0;0;-346.34;0.03;0.03;0.0;1.74
2021;291;365;beauce_5_sa_097;orgeh;orgeH_tousSols_nonirr_organique;4.62;0.0;10.85;-29.82;11.95;60.45;24.7;0.03;0.01;0;5.97;0;-51.02;0.03;0.0;0.0;4.62
2021;1;223;beauce_5_sa_098;orgeh;orgeH_tousSols_nonirr_organique;6.76;0.0;58.32;7.94;53.52;21.92;29.34;0.05;0.0;0;26.76;0;-307.18;0.01;0.04;0.0;6.76
2021;224;314;beauce_5_sa_098;solnu;;1.85;0.0;30.77;-8.51;0.0;29.34;49.61;0.07;0.07;0;0;0;-217.61;0.06;0.01;0.0;1.85
2021;315;365;beauce_5_sa_098;orgeh;orgeH_tousSols_nonirr_organique;3.92;0.0;5.74;-29.01;0.0;49.89;22.42;0.01;0.0;0;0.0;0;-24.69;0.01;0.0;0.0;3.92
2021;1;186;beauce_5_sa_099;orgeh;orgeH_tousSols_nonirr_organique;6.05;0.0;40.21;7.17;52.11;19.86;9.37;0.03;0.0;0;26.05;0;-190.87;0.0;0.03;0.0;6.05
2021;187;298;beauce_5_sa_099;solnu;;1.08;0.0;45.5;-27.64;0.0;9.37;26.12;0.05;0.05;0;0;0;-311.9;0.03;0.02;0.0;1.08
2021;299;365;beauce_5_sa_099;orgeh;orgeH_tousSols_nonirr_organique;3.06;0.0;8.91;-8.84;5.14;25.25;17.96;0.01;0.01;0;2.57;0;-26.7;0.01;0.0;0.0;3.06
