annee;jourDebut;jourFin;parcelle;couvert;itk;N_lixivie[kgN/ha];N_volatilise_NH3[kgN/ha];N_mineralise_net_SOM[kgN/ha];N_mineralise_net_residus[kgN/ha];N_acquis_couvert[kgN/ha];N_mineral_debut[kgN/ha];N_mineral_fin[kgN/ha];emissions_N2O_directes[kgN/ha];emissions_N2[kgN/ha];N_fixe_legumineuses[kgN/ha];satisfactionAzote_culture[%];satisfactionAzote_ci[%];delta_Corg[kgC/ha];emissions_N2O_denit[kgN-N2O/ha];emissions_N2O_nit[kgN-N2O/ha];emissions_N2O_indirectes_volat[kgN-N2O/ha];emissions_N2O_indirectes_lixiv[kgN-N2O/ha]
2019;213;305;beauce_5_sa_000;solnu;;0.0;0.0;23.18;0.0;0.0;35.0;58.17;0.01;0.0;0;0;0;-258.18;0.0;0.01;0.0;0.0
2019;306;365;beauce_5_sa_000;orgeh;orgeH_tousSols_nonirr_organique;0.24;0.0;9.96;0.0;4.79;58.35;63.01;0.08;0.0;0;2.39;0;-111.97;0.08;0.01;0.0;0.24
2019;213;270;beauce_5_sa_001;solnu;;0.0;0.0;18.15;0.0;0.0;35.0;53.14;0.01;0.0;0;0;0;-200.9;0.0;0.01;0.0;0.0
2019;271;365;beauce_5_sa_001;orgeh;orgeH_tousSols_nonirr_organique;0.37;0.0;15.05;0.0;31.72;53.35;36.05;0.05;0.0;0;15.86;0;-169.89;0.04;0.01;0.0;0.37
2019;213;296;beauce_5_sa_002;solnu;;0.0;0.0;21.75;0.0;0.0;35.0;56.73;0.01;0.0;0;0;0;-241.55;0.0;0.01;0.0;0.0
2019;297;365;beauce_5_sa_002;orgeh;orgeH_tousSols_nonirr_organique;0.27;0.0;11.43;0.0;7.6;56.97;60.21;0.08;0.0;0;3.8;0;-129.0;0.08;0.01;0.0;0.27
2019;213;306;beauce_5_sa_003;solnu;;0.0;0.0;23.4;0.0;0.0;35.0;58.38;0.02;0.0;0;0;0;-260.05;0.0;0.01;0.0;0.0
2019;307;365;beauce_5_sa_003;orgeh;orgeH_tousSols_nonirr_organique;0.27;0.0;9.78;0.0;4.5;58.73;63.3;0.08;0.0;0;2.25;0;-110.5;0.07;0.01;0.0;0.27
2019;213;304;beauce_5_sa_004;solnu;;0.0;0.0;23.09;0.0;0.0;35.0;58.07;0.01;0.0;0;0;0;-256.64;0.0;0.01;0.0;0.0
2019;305;365;beauce_5_sa_004;orgeh;orgeH_tousSols_nonirr_organique;0.26;0.0;10.09;0.0;4.92;58.2;62.89;0.08;0.0;0;2.46;0;-113.9;0.08;0.01;0.0;0.26
2019;213;299;beauce_5_sa_005;solnu;;0.0;0.0;22.25;0.0;0.0;35.0;57.24;0.01;0.0;0;0;0;-247.8;0.0;0.01;0.0;0.0
2019;300;365;beauce_5_sa_005;orgeh;orgeH_tousSols_nonirr_organique;0.25;0.0;10.91;0.0;6.08;57.43;61.73;0.08;0.0;0;3.04;0;-122.62;0.08;0.01;0.0;0.25
2019;213;276;beauce_5_sa_006;solnu;;0.0;0.0;19.07;0.0;0.0;35.0;54.05;0.01;0.0;0;0;0;-212.66;0.0;0.01;0.0;0.0
2019;277;365;beauce_5_sa_006;orgeh;orgeH_tousSols_nonirr_organique;0.3;0.0;14.12;0.0;26.33;54.25;41.47;0.06;0.0;0;13.17;0;-157.98;0.05;0.01;0.0;0.3
2019;213;287;beauce_5_sa_007;solnu;;0.0;0.0;20.36;0.0;0.0;35.0;55.34;0.01;0.0;0;0;0;-227.11;0.0;0.01;0.0;0.0
2019;288;365;beauce_5_sa_007;orgeh;orgeH_tousSols_nonirr_organique;0.28;0.0;12.82;0.0;17.33;55.45;50.49;0.07;0.0;0;8.66;0;-143.47;0.06;0.01;0.0;0.28
2019;213;270;beauce_5_sa_008;solnu;;0.0;0.0;18.12;0.0;0.0;35.0;53.11;0.01;0.0;0;0;0;-200.61;0.0;0.01;0.0;0.0
2019;271;365;beauce_5_sa_008;orgeh;orgeH_tousSols_nonirr_organique;0.36;0.0;15.02;0.0;31.98;53.32;35.74;0.05;0.0;0;15.99;0;-169.59;0.04;0.01;0.0;0.36
2019;213;312;beauce_5_sa_009;solnu;;0.0;0.0;24.69;0.0;0.0;35.0;59.66;0.03;0.0;0;0;0;-274.0;0.02;0.01;0.0;0.0
2019;313;365;beauce_5_sa_009;orgeh;orgeH_tousSols_nonirr_organique;0.26;0.0;8.48;0.0;3.33;59.9;64.48;0.07;0.0;0;1.66;0;-96.47;0.06;0.01;0.0;0.26
2019;213;282;beauce_5_sa_010;solnu;;0.0;0.0;19.75;0.0;0.0;35.0;54.74;0.01;0.0;0;0;0;-220.4;0.0;0.01;0.0;0.0
2019;283;365;beauce_5_sa_010;orgeh;orgeH_tousSols_nonirr_organique;0.28;0.0;13.42;0.0;20.15;54.93;47.65;0.07;0.0;0;10.08;0;-150.09;0.06;0.01;0.0;0.28
2019;213;286;beauce_5_sa_011;solnu;;0.0;0.0;20.27;0.0;0.0;35.0;55.26;0.01;0.0;0;0;0;-225.24;0.0;0.01;0.0;0.0
2019;287;365;beauce_5_sa_011;orgeh;orgeH_tousSols_nonirr_organique;0.27;0.0;12.89;0.0;17.89;55.34;49.92;0.07;0.0;0;8.95;0;-145.18;0.06;0.01;0.0;0.27
2019;213;274;beauce_5_sa_012;solnu;;0.0;0.0;18.84;0.0;0.0;35.0;53.83;0.01;0.0;0;0;0;-209.26;0.0;0.01;0.0;0.0
2019;275;365;beauce_5_sa_012;orgeh;orgeH_tousSols_nonirr_organique;0.31;0.0;14.34;0.0;28.52;53.98;39.28;0.06;0.0;0;14.26;0;-161.37;0.05;0.01;0.0;0.31
2019;213;269;beauce_5_sa_013;solnu;;0.0;0.0;17.92;0.0;0.0;35.0;52.91;0.01;0.0;0;0;0;-198.59;0.0;0.01;0.0;0.0
2019;270;365;beauce_5_sa_013;orgeh;orgeH_tousSols_nonirr_organique;0.36;0.0;15.26;0.0;35.51;53.12;32.26;0.05;0.0;0;17.76;0;-172.07;0.04;0.01;0.0;0.36
2019;213;268;beauce_5_sa_014;solnu;;0.0;0.0;17.73;0.0;0.0;35.0;52.72;0.01;0.0;0;0;0;-195.91;0.0;0.01;0.0;0.0
2019;269;365;beauce_5_sa_014;orgeh;orgeH_tousSols_nonirr_organique;0.35;0.0;15.43;0.0;35.09;52.91;32.66;0.05;0.0;0;17.55;0;-174.52;0.04;0.01;0.0;0.35
2019;213;267;beauce_5_sa_015;solnu;;0.0;0.0;17.47;0.0;0.0;35.0;52.46;0.01;0.0;0;0;0;-191.89;0.0;0.01;0.0;0.0
2019;268;365;beauce_5_sa_015;orgeh;orgeH_tousSols_nonirr_organique;0.34;0.0;15.64;0.0;35.61;52.7;32.11;0.05;0.0;0;17.8;0;-177.98;0.04;0.01;0.0;0.34
2019;213;279;beauce_5_sa_016;solnu;;0.0;0.0;19.45;0.0;0.0;35.0;54.44;0.01;0.0;0;0;0;-216.81;0.0;0.01;0.0;0.0
2019;280;365;beauce_5_sa_016;orgeh;orgeH_tousSols_nonirr_organique;0.29;0.0;13.72;0.0;23.23;54.6;44.57;0.06;0.0;0;11.62;0;-153.69;0.06;0.01;0.0;0.29
2019;213;280;beauce_5_sa_017;solnu;;0.0;0.0;19.61;0.0;0.0;35.0;54.6;0.01;0.0;0;0;0;-217.86;0.0;0.01;0.0;0.0
2019;281;365;beauce_5_sa_017;orgeh;orgeH_tousSols_nonirr_organique;0.29;0.0;13.56;0.0;22.7;54.67;45.11;0.07;0.0;0;11.35;0;-152.69;0.06;0.01;0.0;0.29
2019;213;289;beauce_5_sa_018;solnu;;0.0;0.0;20.56;0.0;0.0;35.0;55.55;0.01;0.0;0;0;0;-229.2;0.0;0.01;0.0;0.0
2019;290;365;beauce_5_sa_018;orgeh;orgeH_tousSols_nonirr_organique;0.27;0.0;12.61;0.0;14.55;55.64;53.26;0.08;0.0;0;7.27;0;-141.34;0.07;0.01;0.0;0.27
2019;213;289;beauce_5_sa_019;solnu;;0.0;0.0;20.56;0.0;0.0;35.0;55.55;0.01;0.0;0;0;0;-229.21;0.0;0.01;0.0;0.0
2019;290;365;beauce_5_sa_019;orgeh;orgeH_tousSols_nonirr_organique;0.28;0.0;12.62;0.0;14.62;55.64;53.19;0.08;0.0;0;7.31;0;-141.41;0.07;0.01;0.0;0.28
2019;213;310;beauce_5_sa_020;solnu;;0.0;0.0;24.2;0.0;0.0;35.0;59.18;0.03;0.0;0;0;0;-269.02;0.01;0.01;0.0;0.0
2019;311;365;beauce_5_sa_020;orgeh;orgeH_tousSols_nonirr_organique;0.27;0.0;8.97;0.0;3.78;59.44;64.02;0.07;0.0;0;1.89;0;-101.53;0.07;0.01;0.0;0.27
2019;213;267;beauce_5_sa_021;solnu;;0.0;0.0;17.49;0.0;0.0;35.0;52.48;0.01;0.0;0;0;0;-192.07;0.0;0.01;0.0;0.0
2019;268;365;beauce_5_sa_021;orgeh;orgeH_tousSols_nonirr_organique;0.34;0.0;15.65;0.0;35.52;52.72;32.22;0.05;0.0;0;17.76;0;-178.1;0.04;0.01;0.0;0.34
2019;213;259;beauce_5_sa_022;solnu;;0.0;0.0;15.81;0.0;0.0;35.0;50.8;0.01;0.0;0;0;0;-175.7;0.0;0.01;0.0;0.0
2019;260;365;beauce_5_sa_022;orgeh;orgeH_tousSols_nonirr_organique;0.33;0.0;17.37;0.0;48.09;50.92;19.73;0.02;0.0;0;24.05;0;-194.98;0.01;0.01;0.0;0.33
2019;213;257;beauce_5_sa_023;solnu;;0.0;0.0;15.54;0.0;0.0;35.0;50.53;0.01;0.0;0;0;0;-172.66;0.0;0.01;0.0;0.0
2019;258;365;beauce_5_sa_023;orgeh;orgeH_tousSols_nonirr_organique;0.33;0.0;17.66;0.0;50.49;50.68;17.35;0.01;0.0;0;25.25;0;-198.15;0.0;0.01;0.0;0.33
2019;213;261;beauce_5_sa_024;solnu;;0.0;0.0;16.13;0.0;0.0;35.0;51.12;0.01;0.0;0;0;0;-178.38;0.0;0.01;0.0;0.0
2019;262;365;beauce_5_sa_024;orgeh;orgeH_tousSols_nonirr_organique;0.33;0.0;17.06;0.0;45.62;51.31;22.19;0.03;0.0;0;22.81;0;-192.25;0.01;0.01;0.0;0.33
2019;213;290;beauce_5_sa_025;solnu;;0.0;0.0;20.65;0.0;0.0;35.0;55.64;0.01;0.0;0;0;0;-230.26;0.0;0.01;0.0;0.0
2019;291;365;beauce_5_sa_025;orgeh;orgeH_tousSols_nonirr_organique;0.27;0.0;12.52;0.0;12.92;55.82;54.89;0.08;0.0;0;6.46;0;-140.25;0.07;0.01;0.0;0.27
2019;213;262;beauce_5_sa_026;solnu;;0.0;0.0;16.33;0.0;0.0;35.0;51.32;0.01;0.0;0;0;0;-180.81;0.0;0.01;0.0;0.0
2019;263;365;beauce_5_sa_026;orgeh;orgeH_tousSols_nonirr_organique;0.34;0.0;16.88;0.0;41.18;51.63;26.65;0.04;0.0;0;20.59;0;-190.16;0.03;0.01;0.0;0.34
2019;213;260;beauce_5_sa_027;solnu;;0.0;0.0;15.93;0.0;0.0;35.0;50.92;0.01;0.0;0;0;0;-177.11;0.0;0.01;0.0;0.0
2019;261;365;beauce_5_sa_027;orgeh;orgeH_tousSols_nonirr_organique;0.35;0.0;17.39;0.0;47.52;51.12;20.41;0.02;0.0;0;23.76;0;-195.0;0.01;0.01;0.0;0.35
2019;213;269;beauce_5_sa_028;solnu;;0.0;0.0;17.92;0.0;0.0;35.0;52.91;0.01;0.0;0;0;0;-198.59;0.0;0.01;0.0;0.0
2019;270;365;beauce_5_sa_028;orgeh;orgeH_tousSols_nonirr_organique;0.36;0.0;15.26;0.0;35.51;53.12;32.26;0.05;0.0;0;17.76;0;-172.07;0.04;0.01;0.0;0.36
2019;213;303;beauce_5_sa_029;solnu;;0.0;0.0;22.91;0.0;0.0;35.0;57.9;0.01;0.0;0;0;0;-254.89;0.0;0.01;0.0;0.0
2019;304;365;beauce_5_sa_029;orgeh;orgeH_tousSols_nonirr_organique;0.27;0.0;10.26;0.0;4.92;58.07;62.89;0.08;0.0;0;2.46;0;-115.66;0.08;0.01;0.0;0.27
2019;213;294;beauce_5_sa_030;solnu;;0.0;0.0;21.41;0.0;0.0;35.0;56.39;0.01;0.0;0;0;0;-238.03;0.0;0.01;0.0;0.0
2019;295;365;beauce_5_sa_030;orgeh;orgeH_tousSols_nonirr_organique;0.27;0.0;11.77;0.0;8.74;56.55;59.07;0.08;0.0;0;4.37;0;-132.53;0.08;0.01;0.0;0.27
2019;213;278;beauce_5_sa_031;solnu;;0.0;0.0;19.36;0.0;0.0;35.0;54.35;0.01;0.0;0;0;0;-215.7;0.0;0.01;0.0;0.0
2019;279;365;beauce_5_sa_031;orgeh;orgeH_tousSols_nonirr_organique;0.3;0.0;13.82;0.0;24.39;54.44;43.42;0.06;0.0;0;12.19;0;-154.92;0.05;0.01;0.0;0.3
2019;213;260;beauce_5_sa_032;solnu;;0.0;0.0;15.93;0.0;0.0;35.0;50.92;0.01;0.0;0;0;0;-177.11;0.0;0.01;0.0;0.0
2019;261;365;beauce_5_sa_032;orgeh;orgeH_tousSols_nonirr_organique;0.34;0.0;17.38;0.0;47.4;51.12;20.53;0.02;0.0;0;23.7;0;-194.96;0.01;0.01;0.0;0.34
2019;213;282;beauce_5_sa_033;solnu;;0.0;0.0;19.71;0.0;0.0;35.0;54.7;0.01;0.0;0;0;0;-219.92;0.0;0.01;0.0;0.0
2019;283;365;beauce_5_sa_033;orgeh;orgeH_tousSols_nonirr_organique;0.27;0.0;13.4;0.0;19.94;54.88;47.82;0.07;0.0;0;9.97;0;-149.86;0.06;0.01;0.0;0.27
2019;213;264;beauce_5_sa_034;solnu;;0.0;0.0;16.74;0.0;0.0;35.0;51.73;0.01;0.0;0;0;0;-186.01;0.0;0.01;0.0;0.0
2019;265;365;beauce_5_sa_034;orgeh;orgeH_tousSols_nonirr_organique;0.34;0.0;16.37;0.0;38.9;51.95;28.83;0.04;0.0;0;19.45;0;-183.85;0.03;0.01;0.0;0.34
2019;213;288;beauce_5_sa_035;solnu;;0.0;0.0;20.47;0.0;0.0;35.0;55.45;0.01;0.0;0;0;0;-227.99;0.0;0.01;0.0;0.0
2019;289;365;beauce_5_sa_035;orgeh;orgeH_tousSols_nonirr_organique;0.27;0.0;12.71;0.0;16.25;55.55;51.56;0.07;0.0;0;8.13;0;-142.59;0.07;0.01;0.0;0.27
2019;213;287;beauce_5_sa_036;solnu;;0.0;0.0;20.37;0.0;0.0;35.0;55.36;0.01;0.0;0;0;0;-227.28;0.0;0.01;0.0;0.0
2019;288;365;beauce_5_sa_036;orgeh;orgeH_tousSols_nonirr_organique;0.27;0.0;12.81;0.0;16.95;55.47;50.88;0.07;0.0;0;8.47;0;-143.4;0.07;0.01;0.0;0.27
2019;213;298;beauce_5_sa_037;solnu;;0.0;0.0;22.13;0.0;0.0;35.0;57.12;0.01;0.0;0;0;0;-246.16;0.0;0.01;0.0;0.0
2019;299;365;beauce_5_sa_037;orgeh;orgeH_tousSols_nonirr_organique;0.27;0.0;11.04;0.0;6.68;57.25;61.13;0.08;0.0;0;3.34;0;-124.38;0.08;0.01;0.0;0.27
2019;213;269;beauce_5_sa_038;solnu;;0.0;0.0;17.92;0.0;0.0;35.0;52.91;0.01;0.0;0;0;0;-198.55;0.0;0.01;0.0;0.0
2019;270;365;beauce_5_sa_038;orgeh;orgeH_tousSols_nonirr_organique;0.35;0.0;15.23;0.0;33.63;53.11;34.1;0.05;0.0;0;16.81;0;-171.66;0.04;0.01;0.0;0.35
2019;213;310;beauce_5_sa_039;solnu;;0.0;0.0;24.2;0.0;0.0;35.0;59.18;0.03;0.0;0;0;0;-269.0;0.01;0.01;0.0;0.0
2019;311;365;beauce_5_sa_039;orgeh;orgeH_tousSols_nonirr_organique;0.27;0.0;8.97;0.0;3.78;59.44;64.03;0.07;0.0;0;1.89;0;-101.53;0.07;0.01;0.0;0.27
2019;213;313;beauce_5_sa_040;solnu;;0.0;0.0;24.93;0.0;0.0;35.0;59.9;0.03;0.0;0;0;0;-276.48;0.02;0.01;0.0;0.0
2019;314;365;beauce_5_sa_040;orgeh;orgeH_tousSols_nonirr_organique;0.26;0.0;8.24;0.0;3.0;60.14;64.81;0.07;0.0;0;1.5;0;-93.95;0.06;0.0;0.0;0.26
2019;213;279;beauce_5_sa_041;solnu;;0.0;0.0;19.44;0.0;0.0;35.0;54.43;0.01;0.0;0;0;0;-216.73;0.0;0.01;0.0;0.0
2019;280;365;beauce_5_sa_041;orgeh;orgeH_tousSols_nonirr_organique;0.28;0.0;13.71;0.0;22.91;54.59;44.88;0.07;0.0;0;11.45;0;-153.53;0.06;0.01;0.0;0.28
2019;213;292;beauce_5_sa_042;solnu;;0.0;0.0;21.07;0.0;0.0;35.0;56.06;0.01;0.0;0;0;0;-233.33;0.0;0.01;0.0;0.0
2019;293;365;beauce_5_sa_042;orgeh;orgeH_tousSols_nonirr_organique;0.27;0.0;12.11;0.0;10.72;56.24;57.09;0.08;0.0;0;5.36;0;-137.23;0.07;0.01;0.0;0.27
2019;213;304;beauce_5_sa_043;solnu;;0.0;0.0;23.09;0.0;0.0;35.0;58.07;0.01;0.0;0;0;0;-256.62;0.0;0.01;0.0;0.0
2019;305;365;beauce_5_sa_043;orgeh;orgeH_tousSols_nonirr_organique;0.26;0.0;10.09;0.0;4.92;58.2;62.9;0.08;0.0;0;2.46;0;-113.89;0.08;0.01;0.0;0.26
2019;213;308;beauce_5_sa_044;solnu;;0.0;0.0;23.9;0.0;0.0;35.0;58.88;0.03;0.0;0;0;0;-266.1;0.01;0.01;0.0;0.0
2019;309;365;beauce_5_sa_044;orgeh;orgeH_tousSols_nonirr_organique;0.26;0.0;9.27;0.0;4.25;58.99;63.56;0.07;0.0;0;2.13;0;-104.46;0.07;0.01;0.0;0.26
2019;213;267;beauce_5_sa_045;solnu;;0.0;0.0;17.49;0.0;0.0;35.0;52.48;0.01;0.0;0;0;0;-192.1;0.0;0.01;0.0;0.0
2019;268;365;beauce_5_sa_045;orgeh;orgeH_tousSols_nonirr_organique;0.35;0.0;15.69;0.0;37.46;52.72;30.31;0.04;0.0;0;18.73;0;-178.52;0.03;0.01;0.0;0.35
2019;213;316;beauce_5_sa_046;solnu;;0.0;0.0;25.56;0.0;0.0;35.0;60.52;0.04;0.0;0;0;0;-284.58;0.02;0.02;0.0;0.0
2019;317;365;beauce_5_sa_046;orgeh;orgeH_tousSols_nonirr_organique;0.27;0.0;7.61;0.0;2.32;60.87;65.48;0.06;0.0;0;1.16;0;-85.96;0.06;0.0;0.0;0.27
2019;213;269;beauce_5_sa_047;solnu;;0.0;0.0;17.91;0.0;0.0;35.0;52.9;0.01;0.0;0;0;0;-198.5;0.0;0.01;0.0;0.0
2019;270;365;beauce_5_sa_047;orgeh;orgeH_tousSols_nonirr_organique;0.35;0.0;15.22;0.0;33.2;53.11;34.52;0.05;0.0;0;16.6;0;-171.53;0.04;0.01;0.0;0.35
2019;213;310;beauce_5_sa_048;solnu;;0.0;0.0;24.2;0.0;0.0;35.0;59.18;0.03;0.0;0;0;0;-269.0;0.01;0.01;0.0;0.0
2019;311;365;beauce_5_sa_048;orgeh;orgeH_tousSols_nonirr_organique;0.27;0.0;8.97;0.0;3.78;59.44;64.03;0.07;0.0;0;1.89;0;-101.53;0.07;0.01;0.0;0.27
2019;213;283;beauce_5_sa_049;solnu;;0.0;0.0;19.93;0.0;0.0;35.0;54.92;0.01;0.0;0;0;0;-221.14;0.0;0.01;0.0;0.0
2019;284;365;beauce_5_sa_049;orgeh;orgeH_tousSols_nonirr_organique;0.27;0.0;13.22;0.0;20.19;55.0;47.61;0.07;0.0;0;10.09;0;-149.07;0.06;0.01;0.0;0.27
2019;213;273;beauce_5_sa_050;solnu;;0.0;0.0;18.68;0.0;0.0;35.0;53.67;0.01;0.0;0;0;0;-207.21;0.0;0.01;0.0;0.0
2019;274;365;beauce_5_sa_050;orgeh;orgeH_tousSols_nonirr_organique;0.31;0.0;14.5;0.0;30.2;53.83;37.61;0.05;0.0;0;15.1;0;-163.42;0.05;0.01;0.0;0.31
2019;213;284;beauce_5_sa_051;solnu;;0.0;0.0;20.05;0.0;0.0;35.0;55.04;0.01;0.0;0;0;0;-223.7;0.0;0.01;0.0;0.0
2019;285;365;beauce_5_sa_051;orgeh;orgeH_tousSols_nonirr_organique;0.28;0.0;13.16;0.0;18.95;55.13;48.89;0.07;0.0;0;9.48;0;-147.25;0.06;0.01;0.0;0.28
2019;213;311;beauce_5_sa_052;solnu;;0.0;0.0;24.47;0.0;0.0;35.0;59.44;0.03;0.0;0;0;0;-271.02;0.02;0.01;0.0;0.0
2019;312;365;beauce_5_sa_052;orgeh;orgeH_tousSols_nonirr_organique;0.26;0.0;8.7;0.0;3.51;59.66;64.3;0.07;0.0;0;1.76;0;-99.46;0.06;0.01;0.0;0.26
2019;213;309;beauce_5_sa_053;solnu;;0.0;0.0;24.02;0.0;0.0;35.0;58.99;0.03;0.0;0;0;0;-267.71;0.01;0.01;0.0;0.0
2019;310;365;beauce_5_sa_053;orgeh;orgeH_tousSols_nonirr_organique;0.27;0.0;9.16;0.0;4.07;59.18;63.73;0.07;0.0;0;2.04;0;-102.83;0.07;0.01;0.0;0.27
2019;213;258;beauce_5_sa_054;solnu;;0.0;0.0;15.69;0.0;0.0;35.0;50.68;0.01;0.0;0;0;0;-173.99;0.0;0.01;0.0;0.0
2019;259;365;beauce_5_sa_054;orgeh;orgeH_tousSols_nonirr_organique;0.33;0.0;17.48;0.0;47.78;50.8;20.02;0.02;0.0;0;23.89;0;-196.43;0.01;0.01;0.0;0.33
2019;213;301;beauce_5_sa_055;solnu;;0.0;0.0;22.62;0.0;0.0;35.0;57.61;0.01;0.0;0;0;0;-251.43;0.0;0.01;0.0;0.0
2019;302;365;beauce_5_sa_055;orgeh;orgeH_tousSols_nonirr_organique;0.26;0.0;10.55;0.0;5.47;57.74;62.35;0.08;0.0;0;2.73;0;-119.09;0.08;0.01;0.0;0.26
2019;213;309;beauce_5_sa_056;solnu;;0.0;0.0;24.02;0.0;0.0;35.0;58.99;0.03;0.0;0;0;0;-267.66;0.01;0.01;0.0;0.0
2019;310;365;beauce_5_sa_056;orgeh;orgeH_tousSols_nonirr_organique;0.26;0.0;9.16;0.0;4.07;59.17;63.74;0.07;0.0;0;2.04;0;-102.83;0.07;0.01;0.0;0.26
2019;213;267;beauce_5_sa_057;solnu;;0.0;0.0;17.51;0.0;0.0;35.0;52.5;0.01;0.0;0;0;0;-192.26;0.0;0.01;0.0;0.0
2019;268;365;beauce_5_sa_057;orgeh;orgeH_tousSols_nonirr_organique;0.35;0.0;15.67;0.0;35.87;52.73;31.9;0.05;0.0;0;17.94;0;-178.34;0.04;0.01;0.0;0.35
2019;213;291;beauce_5_sa_058;solnu;;0.0;0.0;20.8;0.0;0.0;35.0;55.79;0.01;0.0;0;0;0;-231.02;0.0;0.01;0.0;0.0
2019;292;365;beauce_5_sa_058;orgeh;orgeH_tousSols_nonirr_organique;0.25;0.0;12.33;0.0;12.02;56.02;55.77;0.08;0.0;0;6.01;0;-139.0;0.07;0.01;0.0;0.25
2019;213;259;beauce_5_sa_059;solnu;;0.0;0.0;15.83;0.0;0.0;35.0;50.82;0.01;0.0;0;0;0;-175.92;0.0;0.01;0.0;0.0
2019;260;365;beauce_5_sa_059;orgeh;orgeH_tousSols_nonirr_organique;0.33;0.0;17.4;0.0;47.0;50.94;20.86;0.02;0.0;0;23.5;0;-195.3;0.01;0.01;0.0;0.33
2019;213;290;beauce_5_sa_060;solnu;;0.0;0.0;20.66;0.0;0.0;35.0;55.64;0.01;0.0;0;0;0;-230.27;0.0;0.01;0.0;0.0
2019;291;365;beauce_5_sa_060;orgeh;orgeH_tousSols_nonirr_organique;0.27;0.0;12.52;0.0;12.93;55.82;54.88;0.08;0.0;0;6.47;0;-140.29;0.07;0.01;0.0;0.27
2019;213;294;beauce_5_sa_061;solnu;;0.0;0.0;21.4;0.0;0.0;35.0;56.39;0.01;0.0;0;0;0;-237.95;0.0;0.01;0.0;0.0
2019;295;365;beauce_5_sa_061;orgeh;orgeH_tousSols_nonirr_organique;0.26;0.0;11.76;0.0;8.74;56.55;59.07;0.08;0.0;0;4.37;0;-132.44;0.08;0.01;0.0;0.26
2019;213;278;beauce_5_sa_062;solnu;;0.0;0.0;19.36;0.0;0.0;35.0;54.35;0.01;0.0;0;0;0;-215.7;0.0;0.01;0.0;0.0
2019;279;365;beauce_5_sa_062;orgeh;orgeH_tousSols_nonirr_organique;0.3;0.0;13.82;0.0;24.39;54.44;43.42;0.06;0.0;0;12.19;0;-154.92;0.05;0.01;0.0;0.3
2019;213;263;beauce_5_sa_063;solnu;;0.0;0.0;16.62;0.0;0.0;35.0;51.61;0.01;0.0;0;0;0;-182.69;0.0;0.01;0.0;0.0
2019;264;365;beauce_5_sa_063;orgeh;orgeH_tousSols_nonirr_organique;0.34;0.0;16.54;0.0;40.47;51.74;27.3;0.04;0.0;0;20.24;0;-187.62;0.03;0.01;0.0;0.34
2019;213;259;beauce_5_sa_064;solnu;;0.0;0.0;15.81;0.0;0.0;35.0;50.8;0.01;0.0;0;0;0;-175.69;0.0;0.01;0.0;0.0
2019;260;365;beauce_5_sa_064;orgeh;orgeH_tousSols_nonirr_organique;0.33;0.0;17.37;0.0;47.98;50.92;19.84;0.02;0.0;0;23.99;0;-194.94;0.01;0.01;0.0;0.33
2019;213;272;beauce_5_sa_065;solnu;;0.0;0.0;18.48;0.0;0.0;35.0;53.47;0.01;0.0;0;0;0;-205.17;0.0;0.01;0.0;0.0
2019;273;365;beauce_5_sa_065;orgeh;orgeH_tousSols_nonirr_organique;0.31;0.0;14.65;0.0;28.72;53.65;39.03;0.06;0.0;0;14.36;0;-164.82;0.05;0.01;0.0;0.31
2019;213;259;beauce_5_sa_066;solnu;;0.0;0.0;15.81;0.0;0.0;35.0;50.8;0.01;0.0;0;0;0;-175.7;0.0;0.01;0.0;0.0
2019;260;365;beauce_5_sa_066;orgeh;orgeH_tousSols_nonirr_organique;0.33;0.0;17.37;0.0;48.09;50.92;19.73;0.02;0.0;0;24.05;0;-194.98;0.01;0.01;0.0;0.33
2019;213;271;beauce_5_sa_067;solnu;;0.0;0.0;18.34;0.0;0.0;35.0;53.33;0.01;0.0;0;0;0;-203.06;0.0;0.01;0.0;0.0
2019;272;365;beauce_5_sa_067;orgeh;orgeH_tousSols_nonirr_organique;0.31;0.0;14.84;0.0;32.44;53.49;35.38;0.05;0.0;0;16.22;0;-167.59;0.04;0.01;0.0;0.31
2019;213;306;beauce_5_sa_068;solnu;;0.0;0.0;23.4;0.0;0.0;35.0;58.38;0.02;0.0;0;0;0;-260.05;0.0;0.01;0.0;0.0
2019;307;365;beauce_5_sa_068;orgeh;orgeH_tousSols_nonirr_organique;0.26;0.0;9.78;0.0;4.5;58.73;63.31;0.08;0.0;0;2.25;0;-110.5;0.07;0.01;0.0;0.26
2019;213;273;beauce_5_sa_069;solnu;;0.0;0.0;18.68;0.0;0.0;35.0;53.67;0.01;0.0;0;0;0;-207.21;0.0;0.01;0.0;0.0
2019;274;365;beauce_5_sa_069;orgeh;orgeH_tousSols_nonirr_organique;0.31;0.0;14.5;0.0;30.2;53.83;37.61;0.05;0.0;0;15.1;0;-163.42;0.05;0.01;0.0;0.31
2019;213;303;beauce_5_sa_070;solnu;;0.0;0.0;22.89;0.0;0.0;35.0;57.87;0.01;0.0;0;0;0;-254.6;0.0;0.01;0.0;0.0
2019;304;365;beauce_5_sa_070;orgeh;orgeH_tousSols_nonirr_organique;0.24;0.0;10.26;0.0;4.92;58.04;62.88;0.08;0.0;0;2.46;0;-115.63;0.08;0.01;0.0;0.24
2019;213;265;beauce_5_sa_071;solnu;;0.0;0.0;16.98;0.0;0.0;35.0;51.97;0.01;0.0;0;0;0;-187.68;0.0;0.01;0.0;0.0
2019;266;365;beauce_5_sa_071;orgeh;orgeH_tousSols_nonirr_organique;0.34;0.0;16.2;0.0;39.46;52.14;28.32;0.04;0.0;0;19.73;0;-182.87;0.03;0.01;0.0;0.34
2019;213;311;beauce_5_sa_072;solnu;;0.0;0.0;24.47;0.0;0.0;35.0;59.44;0.03;0.0;0;0;0;-271.09;0.02;0.01;0.0;0.0
2019;312;365;beauce_5_sa_072;orgeh;orgeH_tousSols_nonirr_organique;0.27;0.0;8.7;0.0;3.51;59.67;64.29;0.07;0.0;0;1.76;0;-99.46;0.06;0.01;0.0;0.27
2019;213;287;beauce_5_sa_073;solnu;;0.0;0.0;20.35;0.0;0.0;35.0;55.34;0.01;0.0;0;0;0;-227.06;0.0;0.01;0.0;0.0
2019;288;365;beauce_5_sa_073;orgeh;orgeH_tousSols_nonirr_organique;0.26;0.0;12.81;0.0;17.2;55.45;50.62;0.07;0.0;0;8.6;0;-143.32;0.06;0.01;0.0;0.26
2019;213;257;beauce_5_sa_074;solnu;;0.0;0.0;15.53;0.0;0.0;35.0;50.52;0.01;0.0;0;0;0;-172.65;0.0;0.01;0.0;0.0
2019;258;365;beauce_5_sa_074;orgeh;orgeH_tousSols_nonirr_organique;0.33;0.0;17.63;0.0;49.15;50.68;18.66;0.02;0.0;0;24.57;0;-197.83;0.01;0.01;0.0;0.33
2019;213;261;beauce_5_sa_075;solnu;;0.0;0.0;16.13;0.0;0.0;35.0;51.12;0.01;0.0;0;0;0;-178.38;0.0;0.01;0.0;0.0
2019;262;365;beauce_5_sa_075;orgeh;orgeH_tousSols_nonirr_organique;0.33;0.0;17.06;0.0;45.62;51.31;22.19;0.03;0.0;0;22.81;0;-192.25;0.01;0.01;0.0;0.33
2019;213;269;beauce_5_sa_076;solnu;;0.0;0.0;17.92;0.0;0.0;35.0;52.91;0.01;0.0;0;0;0;-198.59;0.0;0.01;0.0;0.0
2019;270;365;beauce_5_sa_076;orgeh;orgeH_tousSols_nonirr_organique;0.36;0.0;15.26;0.0;35.51;53.12;32.26;0.05;0.0;0;17.76;0;-172.07;0.04;0.01;0.0;0.36
2019;213;259;beauce_5_sa_077;solnu;;0.0;0.0;15.81;0.0;0.0;35.0;50.8;0.01;0.0;0;0;0;-175.7;0.0;0.01;0.0;0.0
2019;260;365;beauce_5_sa_077;orgeh;orgeH_tousSols_nonirr_organique;0.33;0.0;17.37;0.0;48.09;50.92;19.73;0.02;0.0;0;24.05;0;-194.98;0.01;0.01;0.0;0.33
2019;213;310;beauce_5_sa_078;solnu;;0.0;0.0;24.2;0.0;0.0;35.0;59.18;0.03;0.0;0;0;0;-269.02;0.01;0.01;0.0;0.0
2019;311;365;beauce_5_sa_078;orgeh;orgeH_tousSols_nonirr_organique;0.27;0.0;8.97;0.0;3.78;59.44;64.02;0.07;0.0;0;1.89;0;-101.53;0.07;0.01;0.0;0.27
2019;213;291;beauce_5_sa_079;solnu;;0.0;0.0;20.83;0.0;0.0;35.0;55.82;0.01;0.0;0;0;0;-231.36;0.0;0.01;0.0;0.0
2019;292;365;beauce_5_sa_079;orgeh;orgeH_tousSols_nonirr_organique;0.27;0.0;12.34;0.0;12.04;56.06;55.77;0.08;0.0;0;6.02;0;-139.21;0.07;0.01;0.0;0.27
2019;213;277;beauce_5_sa_080;solnu;;0.0;0.0;19.26;0.0;0.0;35.0;54.25;0.01;0.0;0;0;0;-213.53;0.0;0.01;0.0;0.0
2019;278;365;beauce_5_sa_080;orgeh;orgeH_tousSols_nonirr_organique;0.3;0.0;13.92;0.0;24.99;54.35;42.81;0.06;0.0;0;12.5;0;-157.03;0.05;0.01;0.0;0.3
2019;213;279;beauce_5_sa_081;solnu;;0.0;0.0;19.45;0.0;0.0;35.0;54.44;0.01;0.0;0;0;0;-216.82;0.0;0.01;0.0;0.0
2019;280;365;beauce_5_sa_081;orgeh;orgeH_tousSols_nonirr_organique;0.3;0.0;13.73;0.0;23.87;54.6;43.95;0.06;0.0;0;11.93;0;-153.82;0.06;0.01;0.0;0.3
2019;213;272;beauce_5_sa_082;solnu;;0.0;0.0;18.5;0.0;0.0;35.0;53.49;0.01;0.0;0;0;0;-205.43;0.0;0.01;0.0;0.0
2019;273;365;beauce_5_sa_082;orgeh;orgeH_tousSols_nonirr_organique;0.31;0.0;14.69;0.0;30.43;53.67;37.39;0.05;0.0;0;15.21;0;-165.36;0.05;0.01;0.0;0.31
2019;213;284;beauce_5_sa_083;solnu;;0.0;0.0;20.02;0.0;0.0;35.0;55.01;0.01;0.0;0;0;0;-223.34;0.0;0.01;0.0;0.0
2019;285;365;beauce_5_sa_083;orgeh;orgeH_tousSols_nonirr_organique;0.28;0.0;13.16;0.0;19.66;55.1;48.15;0.07;0.0;0;9.83;0;-147.28;0.06;0.01;0.0;0.28
2019;213;287;beauce_5_sa_084;solnu;;0.0;0.0;20.33;0.0;0.0;35.0;55.32;0.01;0.0;0;0;0;-226.85;0.0;0.01;0.0;0.0
2019;288;365;beauce_5_sa_084;orgeh;orgeH_tousSols_nonirr_organique;0.25;0.0;12.8;0.0;17.12;55.43;50.67;0.07;0.0;0;8.56;0;-143.22;0.06;0.01;0.0;0.25
2019;213;277;beauce_5_sa_085;solnu;;0.0;0.0;19.26;0.0;0.0;35.0;54.25;0.01;0.0;0;0;0;-213.53;0.0;0.01;0.0;0.0
2019;278;365;beauce_5_sa_085;orgeh;orgeH_tousSols_nonirr_organique;0.3;0.0;13.92;0.0;25.49;54.35;42.32;0.06;0.0;0;12.75;0;-157.11;0.05;0.01;0.0;0.3
2019;213;283;beauce_5_sa_086;solnu;;0.0;0.0;19.94;0.0;0.0;35.0;54.93;0.01;0.0;0;0;0;-221.26;0.0;0.01;0.0;0.0
2019;284;365;beauce_5_sa_086;orgeh;orgeH_tousSols_nonirr_organique;0.28;0.0;13.24;0.0;20.71;55.01;47.11;0.07;0.0;0;10.35;0;-149.33;0.06;0.01;0.0;0.28
2019;213;296;beauce_5_sa_087;solnu;;0.0;0.0;21.75;0.0;0.0;35.0;56.73;0.01;0.0;0;0;0;-241.55;0.0;0.01;0.0;0.0
2019;297;365;beauce_5_sa_087;orgeh;orgeH_tousSols_nonirr_organique;0.27;0.0;11.43;0.0;7.6;56.97;60.21;0.08;0.0;0;3.8;0;-129.0;0.08;0.01;0.0;0.27
2019;213;268;beauce_5_sa_088;solnu;;0.0;0.0;17.73;0.0;0.0;35.0;52.72;0.01;0.0;0;0;0;-195.9;0.0;0.01;0.0;0.0
2019;269;365;beauce_5_sa_088;orgeh;orgeH_tousSols_nonirr_organique;0.35;0.0;15.43;0.0;34.92;52.91;32.83;0.05;0.0;0;17.46;0;-174.42;0.04;0.01;0.0;0.35
2019;213;281;beauce_5_sa_089;solnu;;0.0;0.0;19.71;0.0;0.0;35.0;54.7;0.01;0.0;0;0;0;-220.05;0.0;0.01;0.0;0.0
2019;282;365;beauce_5_sa_089;orgeh;orgeH_tousSols_nonirr_organique;0.29;0.0;13.5;0.0;21.49;54.78;46.35;0.07;0.0;0;10.75;0;-150.93;0.06;0.01;0.0;0.29
2019;213;261;beauce_5_sa_090;solnu;;0.0;0.0;16.12;0.0;0.0;35.0;51.11;0.01;0.0;0;0;0;-178.32;0.0;0.01;0.0;0.0
2019;262;365;beauce_5_sa_090;orgeh;orgeH_tousSols_nonirr_organique;0.33;0.0;17.04;0.0;45.19;51.3;22.6;0.03;0.0;0;22.6;0;-192.11;0.02;0.01;0.0;0.33
2019;213;267;beauce_5_sa_091;solnu;;0.0;0.0;17.49;0.0;0.0;35.0;52.48;0.01;0.0;0;0;0;-192.1;0.0;0.01;0.0;0.0
2019;268;365;beauce_5_sa_091;orgeh;orgeH_tousSols_nonirr_organique;0.35;0.0;15.69;0.0;37.46;52.72;30.31;0.04;0.0;0;18.73;0;-178.52;0.03;0.01;0.0;0.35
2019;213;265;beauce_5_sa_092;solnu;;0.0;0.0;16.97;0.0;0.0;35.0;51.96;0.01;0.0;0;0;0;-187.62;0.0;0.01;0.0;0.0
2019;266;365;beauce_5_sa_092;orgeh;orgeH_tousSols_nonirr_organique;0.34;0.0;16.17;0.0;37.76;52.14;29.98;0.04;0.0;0;18.88;0;-182.51;0.03;0.01;0.0;0.34
2019;213;274;beauce_5_sa_093;solnu;;0.0;0.0;18.84;0.0;0.0;35.0;53.83;0.01;0.0;0;0;0;-209.26;0.0;0.01;0.0;0.0
2019;275;365;beauce_5_sa_093;orgeh;orgeH_tousSols_nonirr_organique;0.31;0.0;14.34;0.0;28.52;53.98;39.28;0.06;0.0;0;14.26;0;-161.37;0.05;0.01;0.0;0.31
2019;213;268;beauce_5_sa_094;solnu;;0.0;0.0;17.72;0.0;0.0;35.0;52.71;0.01;0.0;0;0;0;-195.8;0.0;0.01;0.0;0.0
2019;269;365;beauce_5_sa_094;orgeh;orgeH_tousSols_nonirr_organique;0.34;0.0;15.4;0.0;33.91;52.9;33.8;0.05;0.0;0;16.96;0;-174.12;0.04;0.01;0.0;0.34
2019;213;277;beauce_5_sa_095;solnu;;0.0;0.0;19.26;0.0;0.0;35.0;54.25;0.01;0.0;0;0;0;-213.53;0.0;0.01;0.0;0.0
2019;278;365;beauce_5_sa_095;orgeh;orgeH_tousSols_nonirr_organique;0.3;0.0;13.92;0.0;24.91;54.35;42.89;0.06;0.0;0;12.46;0;-157.01;0.05;0.01;0.0;0.3
2019;213;260;beauce_5_sa_096;solnu;;0.0;0.0;15.98;0.0;0.0;35.0;50.97;0.01;0.0;0;0;0;-177.69;0.0;0.01;0.0;0.0
2019;261;365;beauce_5_sa_096;orgeh;orgeH_tousSols_nonirr_organique;0.35;0.0;17.41;0.0;47.51;51.17;20.5;0.02;0.0;0;23.75;0;-195.31;0.01;0.01;0.0;0.35
2019;213;257;beauce_5_sa_097;solnu;;0.0;0.0;15.54;0.0;0.0;35.0;50.53;0.01;0.0;0;0;0;-172.66;0.0;0.01;0.0;0.0
2019;258;365;beauce_5_sa_097;orgeh;orgeH_tousSols_nonirr_organique;0.33;0.0;17.66;0.0;50.49;50.68;17.35;0.01;0.0;0;25.25;0;-198.15;0.0;0.01;0.0;0.33
2019;213;288;beauce_5_sa_098;solnu;;0.0;0.0;20.44;0.0;0.0;35.0;55.43;0.01;0.0;0;0;0;-227.72;0.0;0.01;0.0;0.0
2019;289;365;beauce_5_sa_098;orgeh;orgeH_tousSols_nonirr_organique;0.25;0.0;12.69;0.0;16.09;55.52;51.7;0.07;0.0;0;8.05;0;-142.34;0.07;0.01;0.0;0.25
2019;213;281;beauce_5_sa_099;solnu;;0.0;0.0;19.68;0.0;0.0;35.0;54.67;0.01;0.0;0;0;0;-219.67;0.0;0.01;0.0;0.0
2019;282;365;beauce_5_sa_099;orgeh;orgeH_tousSols_nonirr_organique;0.29;0.0;13.5;0.0;22.26;54.74;45.55;0.07;0.0;0;11.13;0;-150.94;0.06;0.01;0.0;0.29
2020;1;189;beauce_5_sa_000;orgeh;orgeH_tousSols_nonirr_organique;3.52;0.0;46.29;0.0;84.61;63.01;21.09;0.07;0.0;0;44.7;0;-513.83;0.05;0.03;0.0;3.52
2020;190;306;beauce_5_sa_000;solnu;;1.43;0.0;49.24;-50.46;0.0;21.09;18.4;0.04;0.0;0;0;0;-434.46;0.02;0.02;0.0;1.43
2020;307;366;beauce_5_sa_000;orgeh;orgeH_tousSols_nonirr_organique;1.52;0.0;8.36;-8.14;0.0;18.4;17.1;0.0;0.0;0;0.0;0;-25.03;0.0;0.0;0.0;1.52
2020;1;188;beauce_5_sa_001;orgeh;orgeH_tousSols_nonirr_organique;2.07;0.0;47.86;0.0;55.8;36.05;25.99;0.05;0.0;0;43.76;0;-531.51;0.02;0.03;0.0;2.07
2020;189;271;beauce_5_sa_001;solnu;;0.45;0.0;43.16;-53.98;0.0;25.99;14.65;0.06;0.0;0;0;0;-377.68;0.05;0.01;0.0;0.45
2020;272;366;beauce_5_sa_001;orgeh;orgeH_tousSols_nonirr_organique;1.99;0.0;17.01;-9.98;3.79;14.63;15.9;0.0;0.0;0;1.89;0;-54.46;0.0;0.0;0.0;1.99
2020;1;213;beauce_5_sa_002;orgeh;orgeH_tousSols_nonirr_organique;3.42;0.0;55.84;0.0;80.27;60.21;32.28;0.08;0.0;0;43.93;0;-620.81;0.04;0.03;0.0;3.42
2020;214;297;beauce_5_sa_002;solnu;;1.56;0.0;38.04;-14.86;0.0;32.28;53.82;0.09;0.0;0;0;0;-368.91;0.07;0.02;0.0;1.56
2020;298;366;beauce_5_sa_002;orgeh;orgeH_tousSols_nonirr_organique;2.09;0.0;10.2;-38.71;0.0;54.09;23.21;0.0;0.0;0;0.0;0;-49.14;0.0;0.0;0.0;2.09
2020;1;231;beauce_5_sa_003;orgeh;orgeH_tousSols_nonirr_organique;3.55;0.0;65.07;0.0;84.93;63.3;39.79;0.1;0.0;0;44.72;0;-725.87;0.06;0.04;0.0;3.55
2020;232;307;beauce_5_sa_003;solnu;;1.6;0.0;30.54;-15.45;0.0;39.79;53.19;0.08;0.0;0;0;0;-294.99;0.07;0.01;0.0;1.6
2020;308;366;beauce_5_sa_003;orgeh;orgeH_tousSols_nonirr_organique;2.11;0.0;8.12;-35.7;0.0;53.43;23.48;0.0;0.0;0;0.0;0;-38.96;0.0;0.0;0.0;2.11
2020;1;198;beauce_5_sa_004;orgeh;orgeH_tousSols_nonirr_organique;3.48;0.0;49.99;0.0;84.52;62.89;24.81;0.08;0.0;0;44.72;0;-556.86;0.05;0.03;0.0;3.48
2020;199;305;beauce_5_sa_004;solnu;;1.48;0.0;45.08;-14.05;0.0;24.81;54.27;0.08;0.01;0;0;0;-434.72;0.06;0.02;0.0;1.48
2020;306;366;beauce_5_sa_004;orgeh;orgeH_tousSols_nonirr_organique;2.06;0.0;8.52;-37.91;0.0;54.49;22.82;0.0;0.0;0;0.0;0;-43.31;0.0;0.0;0.0;2.06
2020;1;190;beauce_5_sa_005;orgeh;orgeH_tousSols_nonirr_organique;3.48;0.0;46.73;0.0;82.59;61.73;22.32;0.07;0.0;0;44.33;0;-520.41;0.05;0.03;0.0;3.48
2020;191;300;beauce_5_sa_005;solnu;;1.61;0.0;47.68;-46.24;0.0;22.32;22.08;0.06;0.01;0;0;0;-441.99;0.05;0.02;0.0;1.61
2020;301;366;beauce_5_sa_005;orgeh;orgeH_tousSols_nonirr_organique;1.83;0.0;9.58;-9.4;0.0;22.08;20.43;0.0;0.0;0;0.0;0;-34.12;0.0;0.0;0.0;1.83
2020;1;216;beauce_5_sa_006;orgeh;orgeH_tousSols_nonirr_organique;2.52;0.0;59.71;0.0;61.87;41.47;36.72;0.06;0.0;0;44.1;0;-664.39;0.03;0.04;0.0;2.52
2020;217;277;beauce_5_sa_006;solnu;;0.95;0.0;32.15;-15.46;0.0;36.72;52.37;0.1;0.0;0;0;0;-311.79;0.08;0.01;0.0;0.95
2020;278;366;beauce_5_sa_006;orgeh;orgeH_tousSols_nonirr_organique;2.3;0.0;14.84;-42.1;3.97;52.64;18.84;0.0;0.0;0;1.98;0;-67.41;0.0;0.0;0.0;2.3
2020;1;214;beauce_5_sa_007;orgeh;orgeH_tousSols_nonirr_organique;3.04;0.0;57.1;0.0;71.33;50.49;33.15;0.07;0.0;0;44.33;0;-635.17;0.04;0.03;0.0;3.04
2020;215;288;beauce_5_sa_007;solnu;;0.97;0.0;35.8;-15.1;0.0;33.15;52.8;0.08;0.0;0;0;0;-348.32;0.07;0.01;0.0;0.97
2020;289;366;beauce_5_sa_007;orgeh;orgeH_tousSols_nonirr_organique;2.38;0.0;12.05;-38.35;2.97;53.0;21.13;0.01;0.0;0;1.49;0;-55.75;0.01;0.0;0.0;2.38
2020;1;214;beauce_5_sa_008;orgeh;orgeH_tousSols_nonirr_organique;2.06;0.0;59.96;0.0;55.18;35.74;38.39;0.06;0.0;0;43.58;0;-666.38;0.02;0.04;0.0;2.06
2020;215;271;beauce_5_sa_008;solnu;;0.55;0.0;31.44;-54.83;0.0;38.39;14.42;0.03;0.0;0;0;0;-233.4;0.03;0.0;0.0;0.55
2020;272;366;beauce_5_sa_008;orgeh;orgeH_tousSols_nonirr_organique;1.92;0.0;17.03;-2.42;9.54;13.96;17.56;0.01;0.0;0;4.77;0;-48.96;0.0;0.01;0.0;1.92
2020;1;227;beauce_5_sa_009;orgeh;orgeH_tousSols_nonirr_organique;3.58;0.0;62.78;0.0;86.3;64.48;37.29;0.09;0.0;0;44.82;0;-694.84;0.05;0.04;0.0;3.58
2020;228;313;beauce_5_sa_009;solnu;;1.71;0.0;33.77;-46.45;0.0;37.29;22.84;0.06;0.0;0;0;0;-307.07;0.05;0.01;0.0;1.71
2020;314;366;beauce_5_sa_009;orgeh;orgeH_tousSols_nonirr_organique;1.88;0.0;7.07;-7.04;0.0;22.84;20.98;0.0;0.0;0;0.0;0;-21.03;0.0;0.0;0.0;1.88
2020;1;185;beauce_5_sa_010;orgeh;orgeH_tousSols_nonirr_organique;2.88;0.0;45.49;0.0;67.37;47.65;22.84;0.06;0.0;0;43.76;0;-505.94;0.03;0.03;0.0;2.88
2020;186;283;beauce_5_sa_010;solnu;;0.95;0.0;46.84;-47.49;0.0;22.84;21.16;0.08;0.01;0;0;0;-445.92;0.06;0.02;0.0;0.95
2020;284;366;beauce_5_sa_010;orgeh;orgeH_tousSols_nonirr_organique;2.19;0.0;13.37;-13.81;0.0;20.87;18.53;0.0;0.0;0;0.0;0;-48.84;0.0;0.0;0.0;2.19
2020;1;173;beauce_5_sa_011;orgeh;orgeH_tousSols_nonirr_organique;3.0;0.0;37.98;0.0;67.52;49.92;17.32;0.06;0.0;0;42.71;0;-422.75;0.04;0.02;0.0;3.0
2020;174;287;beauce_5_sa_011;solnu;;0.98;0.0;54.9;-49.6;0.0;17.32;21.55;0.08;0.0;0;0;0;-522.66;0.06;0.02;0.0;0.98
2020;288;366;beauce_5_sa_011;orgeh;orgeH_tousSols_nonirr_organique;2.26;0.0;12.25;-12.08;0.0;21.55;19.47;0.0;0.0;0;0.0;0;-44.26;0.0;0.0;0.0;2.26
2020;1;202;beauce_5_sa_012;orgeh;orgeH_tousSols_nonirr_organique;2.36;0.0;53.57;0.0;58.53;39.28;31.89;0.06;0.0;0;43.53;0;-597.55;0.03;0.03;0.0;2.36
2020;203;275;beauce_5_sa_012;solnu;;0.86;0.0;37.68;-14.99;0.0;31.89;53.62;0.09;0.0;0;0;0;-363.83;0.08;0.02;0.0;0.86
2020;276;366;beauce_5_sa_012;orgeh;orgeH_tousSols_nonirr_organique;2.24;0.0;15.53;-44.16;4.23;53.91;18.53;0.01;0.0;0;2.11;0;-71.43;0.01;0.0;0.0;2.24
2020;1;177;beauce_5_sa_013;orgeh;orgeH_tousSols_nonirr_organique;1.95;0.0;41.06;0.0;51.95;32.26;19.37;0.04;0.0;0;43.73;0;-457.54;0.02;0.02;0.0;1.95
2020;178;270;beauce_5_sa_013;solnu;;0.4;0.0;48.67;-13.91;0.0;19.37;53.64;0.08;0.0;0;0;0;-470.4;0.06;0.02;0.0;0.4
2020;271;366;beauce_5_sa_013;orgeh;orgeH_tousSols_nonirr_organique;2.35;0.0;17.41;-47.98;4.17;54.13;16.53;0.03;0.0;0;2.09;0;-82.52;0.02;0.0;0.0;2.35
2020;1;176;beauce_5_sa_014;orgeh;orgeH_tousSols_nonirr_organique;1.92;0.0;40.86;0.0;52.62;32.66;18.93;0.05;0.0;0;43.86;0;-455.33;0.02;0.02;0.0;1.92
2020;177;269;beauce_5_sa_014;solnu;;0.42;0.0;48.74;-47.95;0.0;18.93;19.22;0.08;0.0;0;0;0;-465.49;0.06;0.02;0.0;0.42
2020;270;366;beauce_5_sa_014;orgeh;orgeH_tousSols_nonirr_organique;1.85;0.0;17.84;-16.63;3.44;17.18;15.13;0.0;0.0;0;1.72;0;-60.74;0.0;0.0;0.0;1.85
2020;1;189;beauce_5_sa_015;orgeh;orgeH_tousSols_nonirr_organique;1.87;0.0;48.87;0.0;52.3;32.11;26.76;0.05;0.0;0;43.95;0;-541.64;0.02;0.03;0.0;1.87
2020;190;268;beauce_5_sa_015;solnu;;0.51;0.0;41.53;-55.54;0.0;26.76;12.22;0.03;0.0;0;0;0;-336.45;0.03;0.01;0.0;0.51
2020;269;366;beauce_5_sa_015;orgeh;orgeH_tousSols_nonirr_organique;1.68;0.0;18.3;0.09;11.76;12.33;17.14;0.02;0.0;0;5.88;0;-56.54;0.01;0.01;0.0;1.68
2020;1;199;beauce_5_sa_016;orgeh;orgeH_tousSols_nonirr_organique;2.7;0.0;51.94;0.0;64.81;44.57;28.93;0.06;0.0;0;44.02;0;-578.58;0.03;0.03;0.0;2.7
2020;200;280;beauce_5_sa_016;solnu;;0.9;0.0;39.9;-46.79;0.0;28.93;21.06;0.08;0.0;0;0;0;-382.07;0.06;0.02;0.0;0.9
2020;281;366;beauce_5_sa_016;orgeh;orgeH_tousSols_nonirr_organique;2.14;0.0;14.11;-15.25;0.0;20.79;17.78;0.0;0.0;0;0.0;0;-49.15;0.0;0.0;0.0;2.14
2020;1;172;beauce_5_sa_017;orgeh;orgeH_tousSols_nonirr_organique;2.73;0.0;37.81;0.0;63.93;45.11;14.95;0.05;0.0;0;43.32;0;-413.89;0.03;0.02;0.0;2.73
2020;173;281;beauce_5_sa_017;solnu;;0.89;0.0;53.99;-29.77;0.0;14.95;38.31;0.09;0.0;0;0;0;-532.97;0.07;0.02;0.0;0.89
2020;282;366;beauce_5_sa_017;orgeh;orgeH_tousSols_nonirr_organique;2.27;0.0;13.86;-30.96;0.0;35.8;18.93;0.0;0.0;0;0.0;0;-56.12;0.0;0.0;0.0;2.27
2020;1;186;beauce_5_sa_018;orgeh;orgeH_tousSols_nonirr_organique;3.12;0.0;45.54;0.0;73.0;53.26;22.62;0.07;0.0;0;43.77;0;-506.93;0.04;0.03;0.0;3.12
2020;187;290;beauce_5_sa_018;solnu;;0.98;0.0;47.79;-46.53;0.0;22.62;22.81;0.08;0.01;0;0;0;-456.33;0.06;0.02;0.0;0.98
2020;291;366;beauce_5_sa_018;orgeh;orgeH_tousSols_nonirr_organique;2.38;0.0;11.72;-12.18;0.0;22.63;19.97;0.0;0.0;0;0.0;0;-43.5;0.0;0.0;0.0;2.38
2020;1;228;beauce_5_sa_019;orgeh;orgeH_tousSols_nonirr_organique;3.12;0.0;64.77;0.0;72.94;53.19;41.81;0.09;0.0;0;43.78;0;-720.25;0.05;0.04;0.0;3.12
2020;229;290;beauce_5_sa_019;solnu;;1.09;0.0;28.52;-15.66;0.0;41.81;53.51;0.08;0.0;0;0;0;-279.85;0.07;0.01;0.0;1.09
2020;291;366;beauce_5_sa_019;orgeh;orgeH_tousSols_nonirr_organique;2.6;0.0;11.68;-36.62;2.87;53.67;23.08;0.01;0.0;0;1.44;0;-53.47;0.01;0.0;0.0;2.6
2020;1;182;beauce_5_sa_020;orgeh;orgeH_tousSols_nonirr_organique;3.59;0.0;42.12;0.0;80.64;64.02;20.71;0.07;0.0;0;42.21;0;-467.28;0.05;0.03;0.0;3.59
2020;183;311;beauce_5_sa_020;solnu;;1.57;0.0;54.09;-13.4;0.0;20.71;60.0;0.1;0.01;0;0;0;-526.35;0.07;0.03;0.0;1.57
2020;312;366;beauce_5_sa_020;orgeh;orgeH_tousSols_nonirr_organique;2.23;0.0;7.29;-40.31;0.0;60.14;24.75;0.0;0.0;0;0.0;0;-39.31;0.0;0.0;0.0;2.23
2020;1;200;beauce_5_sa_021;orgeh;orgeH_tousSols_nonirr_organique;1.88;0.0;54.35;0.0;52.42;32.22;32.21;0.05;0.0;0;43.97;0;-604.35;0.02;0.03;0.0;1.88
2020;201;268;beauce_5_sa_021;solnu;;0.55;0.0;36.42;-53.55;0.0;32.21;14.45;0.08;0.0;0;0;0;-332.95;0.07;0.01;0.0;0.55
2020;269;366;beauce_5_sa_021;orgeh;orgeH_tousSols_nonirr_organique;1.98;0.0;18.27;-11.61;3.44;14.45;15.68;0.0;0.0;0;1.72;0;-55.83;0.0;0.0;0.0;1.98
2020;1;174;beauce_5_sa_022;orgeh;orgeH_tousSols_nonirr_organique;1.7;0.0;40.14;0.0;39.2;19.73;18.93;0.03;0.0;0;43.65;0;-442.69;0.01;0.02;0.0;1.7
2020;175;260;beauce_5_sa_022;solnu;;0.35;0.0;47.3;-14.1;0.0;18.93;51.7;0.09;0.0;0;0;0;-462.88;0.07;0.02;0.0;0.35
2020;261;366;beauce_5_sa_022;orgeh;orgeH_tousSols_nonirr_organique;1.59;0.0;20.77;-50.1;8.86;52.01;11.92;0.0;0.0;0;4.43;0;-90.83;0.0;0.0;0.0;1.59
2020;1;221;beauce_5_sa_023;orgeh;orgeH_tousSols_nonirr_organique;1.72;0.0;67.27;0.0;36.52;17.35;46.29;0.08;0.0;0;43.51;0;-747.41;0.03;0.04;0.0;1.72
2020;222;258;beauce_5_sa_023;solnu;;0.74;0.0;22.92;-15.74;0.0;46.29;52.61;0.11;0.01;0;0;0;-228.32;0.1;0.01;0.0;0.74
2020;259;366;beauce_5_sa_023;orgeh;orgeH_tousSols_nonirr_organique;2.41;0.0;21.3;-50.86;4.5;52.89;16.13;0.0;0.0;0;2.25;0;-86.3;0.0;0.0;0.0;2.41
2020;1;173;beauce_5_sa_024;orgeh;orgeH_tousSols_nonirr_organique;1.72;0.0;39.3;0.0;41.67;22.19;18.07;0.04;0.0;0;43.65;0;-437.23;0.01;0.02;0.0;1.72
2020;174;262;beauce_5_sa_024;solnu;;0.36;0.0;48.59;-13.96;0.0;18.07;52.25;0.09;0.0;0;0;0;-470.91;0.07;0.02;0.0;0.36
2020;263;366;beauce_5_sa_024;orgeh;orgeH_tousSols_nonirr_organique;1.68;0.0;20.11;-52.06;6.44;52.51;12.18;0.0;0.0;0;3.22;0;-90.42;0.0;0.0;0.0;1.68
2020;1;191;beauce_5_sa_025;orgeh;orgeH_tousSols_nonirr_organique;3.19;0.0;47.55;0.0;75.23;54.89;23.96;0.07;0.0;0;44.07;0;-529.22;0.04;0.03;0.0;3.19
2020;192;291;beauce_5_sa_025;solnu;;0.99;0.0;45.57;-46.43;0.0;23.96;22.03;0.07;0.01;0;0;0;-433.02;0.06;0.02;0.0;0.99
2020;292;366;beauce_5_sa_025;orgeh;orgeH_tousSols_nonirr_organique;2.37;0.0;11.56;-11.37;0.0;21.67;19.85;0.0;0.0;0;0.0;0;-41.84;0.0;0.0;0.0;2.37
2020;1;179;beauce_5_sa_026;orgeh;orgeH_tousSols_nonirr_organique;1.72;0.0;42.63;0.0;45.29;26.65;22.21;0.04;0.0;0;43.24;0;-472.69;0.02;0.03;0.0;1.72
2020;180;263;beauce_5_sa_026;solnu;;0.41;0.0;45.81;-54.51;0.0;22.21;13.03;0.07;0.0;0;0;0;-415.47;0.05;0.01;0.0;0.41
2020;264;366;beauce_5_sa_026;orgeh;orgeH_tousSols_nonirr_organique;1.77;0.0;20.04;-10.15;5.54;12.91;15.61;0.01;0.0;0;2.77;0;-69.55;0.0;0.01;0.0;1.77
2020;1;171;beauce_5_sa_027;orgeh;orgeH_tousSols_nonirr_organique;1.67;0.0;37.95;0.0;39.56;20.41;17.08;0.03;0.0;0;43.54;0;-414.88;0.01;0.02;0.0;1.67
2020;172;261;beauce_5_sa_027;solnu;;0.36;0.0;49.67;-13.86;0.0;17.08;52.44;0.09;0.0;0;0;0;-489.67;0.07;0.02;0.0;0.36
2020;262;366;beauce_5_sa_027;orgeh;orgeH_tousSols_nonirr_organique;1.67;0.0;20.48;-52.13;6.9;52.83;12.21;0.0;0.0;0;3.45;0;-91.56;0.0;0.0;0.0;1.67
2020;1;224;beauce_5_sa_028;orgeh;orgeH_tousSols_nonirr_organique;2.63;0.0;66.2;0.0;51.95;32.26;43.76;0.11;0.01;0;43.73;0;-737.63;0.07;0.04;0.0;2.63
2020;225;270;beauce_5_sa_028;solnu;;0.44;0.0;25.17;-15.78;0.0;43.76;52.65;0.06;0.0;0;0;0;-246.72;0.05;0.01;0.0;0.44
2020;271;366;beauce_5_sa_028;orgeh;orgeH_tousSols_nonirr_organique;2.88;0.0;17.35;-44.58;2.67;53.1;19.85;0.02;0.0;0;1.33;0;-74.74;0.02;0.0;0.0;2.88
2020;1;176;beauce_5_sa_029;orgeh;orgeH_tousSols_nonirr_organique;3.53;0.0;39.57;0.0;77.68;62.89;21.18;0.07;0.0;0;41.3;0;-441.21;0.05;0.02;0.0;3.53
2020;177;304;beauce_5_sa_029;solnu;;1.66;0.0;55.7;-13.34;0.0;21.18;61.78;0.1;0.0;0;0;0;-541.8;0.08;0.03;0.0;1.66
2020;305;366;beauce_5_sa_029;orgeh;orgeH_tousSols_nonirr_organique;2.32;0.0;8.72;-42.4;0.0;62.0;25.77;0.01;0.0;0;0.0;0;-45.4;0.0;0.0;0.0;2.32
2020;1;223;beauce_5_sa_030;orgeh;orgeH_tousSols_nonirr_organique;3.38;0.0;61.36;0.0;79.04;59.07;37.92;0.09;0.0;0;43.89;0;-683.1;0.05;0.04;0.0;3.38
2020;224;295;beauce_5_sa_030;solnu;;1.6;0.0;32.46;-15.37;0.0;37.92;53.32;0.08;0.0;0;0;0;-314.77;0.07;0.01;0.0;1.6
2020;296;366;beauce_5_sa_030;orgeh;orgeH_tousSols_nonirr_organique;2.12;0.0;10.57;-38.25;0.0;53.5;23.51;0.0;0.0;0;0.0;0;-49.64;0.0;0.0;0.0;2.12
2020;1;197;beauce_5_sa_031;orgeh;orgeH_tousSols_nonirr_organique;2.64;0.0;51.3;0.0;64.02;43.42;28.0;0.06;0.0;0;44.2;0;-571.55;0.03;0.03;0.0;2.64
2020;198;279;beauce_5_sa_031;solnu;;0.89;0.0;40.59;-14.66;0.0;28.0;52.94;0.09;0.0;0;0;0;-391.55;0.07;0.02;0.0;0.89
2020;280;366;beauce_5_sa_031;orgeh;orgeH_tousSols_nonirr_organique;2.25;0.0;14.25;-42.12;4.16;53.12;18.65;0.0;0.0;0;2.08;0;-67.36;0.0;0.0;0.0;2.25
2020;1;220;beauce_5_sa_032;orgeh;orgeH_tousSols_nonirr_organique;1.76;0.0;66.0;0.0;40.18;20.53;44.51;0.07;0.0;0;43.79;0;-735.69;0.03;0.04;0.0;1.76
2020;221;261;beauce_5_sa_032;solnu;;0.69;0.0;24.41;-34.42;0.0;44.51;33.7;0.11;0.01;0;0;0;-240.01;0.1;0.01;0.0;0.69
2020;262;366;beauce_5_sa_032;orgeh;orgeH_tousSols_nonirr_organique;2.27;0.0;20.49;-33.18;2.25;30.06;16.49;0.0;0.0;0;1.13;0;-66.55;0.0;0.0;0.0;2.27
2020;1;223;beauce_5_sa_033;orgeh;orgeH_tousSols_nonirr_organique;2.89;0.0;62.79;0.0;67.66;47.82;39.96;0.09;0.0;0;43.8;0;-699.07;0.05;0.04;0.0;2.89
2020;224;283;beauce_5_sa_033;solnu;;1.07;0.0;29.86;-50.65;0.0;39.96;18.07;0.03;0.0;0;0;0;-223.84;0.03;0.0;0.0;1.07
2020;284;366;beauce_5_sa_033;orgeh;orgeH_tousSols_nonirr_organique;1.92;0.0;13.4;-6.38;4.23;18.13;18.92;0.0;0.0;0;2.12;0;-33.66;0.0;0.0;0.0;1.92
2020;1;210;beauce_5_sa_034;orgeh;orgeH_tousSols_nonirr_organique;1.75;0.0;59.37;0.0;48.32;28.83;38.07;0.06;0.0;0;43.61;0;-661.58;0.02;0.04;0.0;1.75
2020;211;265;beauce_5_sa_034;solnu;;0.62;0.0;31.51;-55.02;0.0;38.07;13.82;0.05;0.01;0;0;0;-248.9;0.05;0.0;0.0;0.62
2020;266;366;beauce_5_sa_034;orgeh;orgeH_tousSols_nonirr_organique;1.89;0.0;19.19;-4.43;8.94;13.84;17.72;0.01;0.0;0;4.47;0;-57.5;0.0;0.01;0.0;1.89
2020;1;189;beauce_5_sa_035;orgeh;orgeH_tousSols_nonirr_organique;3.07;0.0;46.93;0.0;71.9;51.56;23.45;0.07;0.0;0;44.08;0;-520.7;0.04;0.03;0.0;3.07
2020;190;289;beauce_5_sa_035;solnu;;0.96;0.0;46.26;-14.03;0.0;23.45;54.63;0.08;0.01;0;0;0;-449.47;0.06;0.02;0.0;0.96
2020;290;366;beauce_5_sa_035;orgeh;orgeH_tousSols_nonirr_organique;2.43;0.0;11.88;-39.51;2.94;54.83;21.62;0.01;0.0;0;1.47;0;-58.85;0.01;0.0;0.0;2.43
2020;1;191;beauce_5_sa_036;orgeh;orgeH_tousSols_nonirr_organique;3.03;0.0;47.74;0.0;71.54;50.88;23.99;0.07;0.0;0;44.24;0;-531.27;0.04;0.03;0.0;3.03
2020;192;288;beauce_5_sa_036;solnu;;0.96;0.0;45.4;-51.59;0.0;23.99;16.81;0.03;0.0;0;0;0;-376.15;0.02;0.01;0.0;0.96
2020;289;366;beauce_5_sa_036;orgeh;orgeH_tousSols_nonirr_organique;1.75;0.0;12.13;-6.02;3.44;16.82;17.72;0.0;0.0;0;1.72;0;-31.78;0.0;0.0;0.0;1.75
2020;1;197;beauce_5_sa_037;orgeh;orgeH_tousSols_nonirr_organique;3.44;0.0;49.83;0.0;82.67;61.13;24.77;0.08;0.0;0;44.68;0;-555.42;0.05;0.03;0.0;3.44
2020;198;299;beauce_5_sa_037;solnu;;1.49;0.0;44.29;-14.17;0.0;24.77;53.32;0.08;0.01;0;0;0;-426.99;0.06;0.02;0.0;1.49
2020;300;366;beauce_5_sa_037;orgeh;orgeH_tousSols_nonirr_organique;2.05;0.0;9.76;-38.33;0.0;53.55;22.7;0.0;0.0;0;0.0;0;-48.44;0.0;0.0;0.0;2.05
2020;1;206;beauce_5_sa_038;orgeh;orgeH_tousSols_nonirr_organique;1.99;0.0;56.46;0.0;53.41;34.1;35.11;0.06;0.0;0;43.52;0;-627.0;0.02;0.03;0.0;1.99
2020;207;270;beauce_5_sa_038;solnu;;0.53;0.0;34.61;-53.98;0.0;35.11;15.13;0.07;0.0;0;0;0;-313.76;0.07;0.01;0.0;0.53
2020;271;366;beauce_5_sa_038;orgeh;orgeH_tousSols_nonirr_organique;2.08;0.0;17.45;-10.69;3.49;15.13;16.32;0.0;0.0;0;1.75;0;-52.39;0.0;0.0;0.0;2.08
2020;1;226;beauce_5_sa_039;orgeh;orgeH_tousSols_nonirr_organique;3.59;0.0;62.04;0.0;85.28;64.03;37.11;0.09;0.0;0;44.53;0;-689.23;0.05;0.04;0.0;3.59
2020;227;311;beauce_5_sa_039;solnu;;1.59;0.0;34.34;-44.12;0.0;37.11;25.67;0.08;0.0;0;0;0;-324.46;0.07;0.01;0.0;1.59
2020;312;366;beauce_5_sa_039;orgeh;orgeH_tousSols_nonirr_organique;2.12;0.0;7.28;-7.28;0.0;25.69;23.54;0.0;0.0;0;0.0;0;-26.7;0.0;0.0;0.0;2.12
2020;1;193;beauce_5_sa_040;orgeh;orgeH_tousSols_nonirr_organique;3.61;0.0;47.91;0.0;86.51;64.81;22.52;0.08;0.0;0;44.75;0;-530.17;0.05;0.03;0.0;3.61
2020;194;314;beauce_5_sa_040;solnu;;1.61;0.0;48.63;-47.24;0.0;22.52;22.24;0.06;0.01;0;0;0;-442.08;0.04;0.02;0.0;1.61
2020;315;366;beauce_5_sa_040;orgeh;orgeH_tousSols_nonirr_organique;1.83;0.0;6.9;-6.74;0.0;22.24;20.56;0.0;0.0;0;0.0;0;-22.32;0.0;0.0;0.0;1.83
2020;1;190;beauce_5_sa_041;orgeh;orgeH_tousSols_nonirr_organique;2.71;0.0;47.85;0.0;65.07;44.88;24.88;0.06;0.0;0;43.99;0;-532.56;0.03;0.03;0.0;2.71
2020;191;280;beauce_5_sa_041;solnu;;0.9;0.0;44.14;-52.05;0.0;24.88;16.01;0.06;0.0;0;0;0;-408.48;0.04;0.02;0.0;0.9
2020;281;366;beauce_5_sa_041;orgeh;orgeH_tousSols_nonirr_organique;1.73;0.0;14.13;-13.32;0.0;16.01;15.08;0.0;0.0;0;0.0;0;-45.06;0.0;0.0;0.0;1.73
2020;1;198;beauce_5_sa_042;orgeh;orgeH_tousSols_nonirr_organique;3.3;0.0;50.54;0.0;77.43;57.09;26.82;0.07;0.0;0;44.08;0;-562.83;0.04;0.03;0.0;3.3
2020;199;293;beauce_5_sa_042;solnu;;1.25;0.0;42.79;-14.38;0.0;26.82;53.9;0.08;0.01;0;0;0;-413.57;0.06;0.02;0.0;1.25
2020;294;366;beauce_5_sa_042;orgeh;orgeH_tousSols_nonirr_organique;2.31;0.0;11.08;-39.68;0.22;53.9;22.76;0.01;0.0;0;0.11;0;-54.06;0.01;0.0;0.0;2.31
2020;1;187;beauce_5_sa_043;orgeh;orgeH_tousSols_nonirr_organique;3.46;0.0;45.32;0.0;84.7;62.89;19.98;0.07;0.0;0;44.81;0;-504.78;0.05;0.03;0.0;3.46
2020;188;305;beauce_5_sa_043;solnu;;1.48;0.0;49.9;-41.15;0.0;19.98;27.16;0.08;0.0;0;0;0;-480.41;0.06;0.02;0.0;1.48
2020;306;366;beauce_5_sa_043;orgeh;orgeH_tousSols_nonirr_organique;2.06;0.0;8.54;-10.84;0.0;25.36;22.8;0.0;0.0;0;0.0;0;-35.17;0.0;0.0;0.0;2.06
2020;1;223;beauce_5_sa_044;orgeh;orgeH_tousSols_nonirr_organique;3.55;0.0;60.61;0.0;85.02;63.56;35.52;0.09;0.0;0;44.64;0;-674.77;0.05;0.04;0.0;3.55
2020;224;309;beauce_5_sa_044;solnu;;1.68;0.0;35.25;-46.46;0.0;35.52;22.57;0.06;0.0;0;0;0;-313.58;0.05;0.01;0.0;1.68
2020;310;366;beauce_5_sa_044;orgeh;orgeH_tousSols_nonirr_organique;1.87;0.0;7.85;-7.71;0.0;22.57;20.84;0.0;0.0;0;0.0;0;-23.01;0.0;0.0;0.0;1.87
2020;1;202;beauce_5_sa_045;orgeh;orgeH_tousSols_nonirr_organique;1.83;0.0;54.91;0.0;50.91;30.31;32.43;0.05;0.0;0;44.19;0;-612.34;0.02;0.03;0.0;1.83
2020;203;268;beauce_5_sa_045;solnu;;0.51;0.0;35.54;-15.2;0.0;32.43;52.18;0.08;0.0;0;0;0;-344.73;0.07;0.01;0.0;0.51
2020;269;366;beauce_5_sa_045;orgeh;orgeH_tousSols_nonirr_organique;2.22;0.0;18.14;-48.41;4.5;52.62;15.17;0.02;0.0;0;2.25;0;-76.93;0.02;0.0;0.0;2.22
2020;1;203;beauce_5_sa_046;orgeh;orgeH_tousSols_nonirr_organique;3.65;0.0;51.25;0.0;86.64;65.48;26.36;0.08;0.0;0;44.48;0;-572.01;0.05;0.03;0.0;3.65
2020;204;317;beauce_5_sa_046;solnu;;1.5;0.0;45.44;-13.97;0.0;26.36;56.24;0.08;0.01;0;0;0;-437.54;0.06;0.02;0.0;1.5
2020;318;366;beauce_5_sa_046;orgeh;orgeH_tousSols_nonirr_organique;2.1;0.0;6.47;-37.29;0.0;56.36;23.33;0.0;0.0;0;0.0;0;-33.52;0.0;0.0;0.0;2.1
2020;1;220;beauce_5_sa_047;orgeh;orgeH_tousSols_nonirr_organique;2.01;0.0;63.87;0.0;54.28;34.51;42.04;0.06;0.0;0;43.74;0;-711.98;0.03;0.04;0.0;2.01
2020;221;270;beauce_5_sa_047;solnu;;0.74;0.0;27.66;-51.44;0.0;42.04;17.42;0.09;0.01;0;0;0;-238.24;0.08;0.0;0.0;0.74
2020;271;366;beauce_5_sa_047;orgeh;orgeH_tousSols_nonirr_organique;2.38;0.0;17.44;-11.09;3.44;17.42;17.95;0.0;0.0;0;1.72;0;-49.79;0.0;0.0;0.0;2.38
2020;1;190;beauce_5_sa_048;orgeh;orgeH_tousSols_nonirr_organique;3.59;0.0;46.58;0.0;85.28;64.03;21.66;0.08;0.0;0;44.53;0;-518.87;0.05;0.03;0.0;3.59
2020;191;311;beauce_5_sa_048;solnu;;1.5;0.0;49.77;-44.59;0.0;21.66;25.27;0.08;0.0;0;0;0;-473.19;0.06;0.02;0.0;1.5
2020;312;366;beauce_5_sa_048;orgeh;orgeH_tousSols_nonirr_organique;2.09;0.0;7.29;-7.29;0.0;25.29;23.17;0.0;0.0;0;0.0;0;-29.39;0.0;0.0;0.0;2.09
2020;1;172;beauce_5_sa_049;orgeh;orgeH_tousSols_nonirr_organique;2.88;0.0;37.73;0.0;64.93;47.61;16.21;0.06;0.0;0;42.56;0;-413.02;0.03;0.02;0.0;2.88
2020;173;284;beauce_5_sa_049;solnu;;0.98;0.0;54.81;-53.21;0.0;16.21;16.92;0.06;0.0;0;0;0;-509.59;0.04;0.02;0.0;0.98
2020;285;366;beauce_5_sa_049;orgeh;orgeH_tousSols_nonirr_organique;1.79;0.0;13.02;-10.48;0.78;16.92;16.88;0.0;0.0;0;0.39;0;-42.83;0.0;0.0;0.0;1.79
2020;1;217;beauce_5_sa_050;orgeh;orgeH_tousSols_nonirr_organique;2.26;0.0;60.97;0.0;57.54;37.61;38.72;0.06;0.0;0;43.87;0;-676.41;0.02;0.04;0.0;2.26
2020;218;274;beauce_5_sa_050;solnu;;0.95;0.0;30.57;-15.58;0.0;38.72;52.65;0.1;0.0;0;0;0;-298.74;0.09;0.01;0.0;0.95
2020;275;366;beauce_5_sa_050;orgeh;orgeH_tousSols_nonirr_organique;2.28;0.0;15.81;-44.35;3.0;52.97;18.83;0.01;0.0;0;1.5;0;-70.53;0.0;0.0;0.0;2.28
2020;1;220;beauce_5_sa_051;orgeh;orgeH_tousSols_nonirr_organique;2.94;0.0;60.6;0.0;69.35;48.89;37.14;0.07;0.0;0;44.15;0;-676.0;0.04;0.04;0.0;2.94
2020;221;285;beauce_5_sa_051;solnu;;1.02;0.0;32.45;-51.15;0.0;37.14;17.37;0.04;0.0;0;0;0;-254.33;0.04;0.0;0.0;1.02
2020;286;366;beauce_5_sa_051;orgeh;orgeH_tousSols_nonirr_organique;1.83;0.0;12.64;-8.13;2.19;17.36;17.87;0.0;0.0;0;1.09;0;-31.82;0.0;0.0;0.0;1.83
2020;1;208;beauce_5_sa_052;orgeh;orgeH_tousSols_nonirr_organique;3.59;0.0;53.22;0.0;85.46;64.3;28.38;0.08;0.0;0;44.48;0;-593.98;0.05;0.03;0.0;3.59
2020;209;312;beauce_5_sa_052;solnu;;1.65;0.0;43.03;-47.36;0.0;28.38;22.35;0.06;0.01;0;0;0;-388.81;0.04;0.01;0.0;1.65
2020;313;366;beauce_5_sa_052;orgeh;orgeH_tousSols_nonirr_organique;1.84;0.0;7.17;-7.11;0.0;22.35;20.56;0.0;0.0;0;0.0;0;-22.94;0.0;0.0;0.0;1.84
2020;1;202;beauce_5_sa_053;orgeh;orgeH_tousSols_nonirr_organique;3.56;0.0;51.14;0.0;85.14;63.73;26.09;0.08;0.0;0;44.61;0;-570.86;0.05;0.03;0.0;3.56
2020;203;310;beauce_5_sa_053;solnu;;1.48;0.0;44.74;-14.07;0.0;26.09;55.19;0.08;0.01;0;0;0;-429.14;0.06;0.02;0.0;1.48
2020;311;366;beauce_5_sa_053;orgeh;orgeH_tousSols_nonirr_organique;2.07;0.0;7.55;-37.72;0.0;55.5;22.95;0.0;0.0;0;0.0;0;-40.19;0.0;0.0;0.0;2.07
2020;1;197;beauce_5_sa_054;orgeh;orgeH_tousSols_nonirr_organique;1.69;0.0;54.45;0.0;38.95;20.02;33.78;0.04;0.0;0;43.37;0;-605.95;0.01;0.03;0.0;1.69
2020;198;259;beauce_5_sa_054;solnu;;0.52;0.0;35.34;-54.99;0.0;33.78;13.53;0.07;0.0;0;0;0;-304.93;0.07;0.01;0.0;0.52
2020;260;366;beauce_5_sa_054;orgeh;orgeH_tousSols_nonirr_organique;1.86;0.0;21.21;-7.28;8.08;13.53;17.5;0.01;0.0;0;4.04;0;-68.52;0.01;0.01;0.0;1.86
2020;1;221;beauce_5_sa_055;orgeh;orgeH_tousSols_nonirr_organique;3.49;0.0;59.4;0.0;83.86;62.35;34.31;0.08;0.0;0;44.66;0;-660.86;0.05;0.04;0.0;3.49
2020;222;302;beauce_5_sa_055;solnu;;1.53;0.0;35.22;-44.12;0.0;34.31;23.8;0.07;0.0;0;0;0;-334.85;0.06;0.01;0.0;1.53
2020;303;366;beauce_5_sa_055;orgeh;orgeH_tousSols_nonirr_organique;1.96;0.0;9.13;-9.15;0.0;23.75;21.82;0.0;0.0;0;0.0;0;-33.57;0.0;0.0;0.0;1.96
2020;1;175;beauce_5_sa_056;orgeh;orgeH_tousSols_nonirr_organique;3.56;0.0;39.27;0.0;77.15;63.74;20.97;0.07;0.0;0;40.61;0;-430.08;0.05;0.02;0.0;3.56
2020;176;310;beauce_5_sa_056;solnu;;1.74;0.0;57.21;-49.91;0.0;20.97;26.59;0.09;0.01;0;0;0;-547.76;0.06;0.02;0.0;1.74
2020;311;366;beauce_5_sa_056;orgeh;orgeH_tousSols_nonirr_organique;2.2;0.0;7.57;-7.31;0.0;26.59;24.65;0.0;0.0;0;0.0;0;-28.61;0.0;0.0;0.0;2.2
2020;1;176;beauce_5_sa_057;orgeh;orgeH_tousSols_nonirr_organique;1.86;0.0;40.94;0.0;52.57;31.9;18.36;0.04;0.0;0;44.22;0;-456.25;0.02;0.02;0.0;1.86
2020;177;268;beauce_5_sa_057;solnu;;0.41;0.0;48.47;-55.16;0.0;18.36;11.24;0.02;0.0;0;0;0;-398.47;0.01;0.01;0.0;0.41
2020;269;366;beauce_5_sa_057;orgeh;orgeH_tousSols_nonirr_organique;1.55;0.0;18.32;-0.12;11.71;11.36;16.16;0.02;0.0;0;5.86;0;-59.15;0.01;0.01;0.0;1.55
2020;1;183;beauce_5_sa_058;orgeh;orgeH_tousSols_nonirr_organique;3.23;0.0;43.95;0.0;75.68;55.77;20.74;0.07;0.0;0;43.85;0;-476.58;0.04;0.03;0.0;3.23
2020;184;292;beauce_5_sa_058;solnu;;1.26;0.0;49.9;-51.85;0.0;20.74;17.48;0.04;0.0;0;0;0;-442.45;0.03;0.01;0.0;1.26
2020;293;366;beauce_5_sa_058;orgeh;orgeH_tousSols_nonirr_organique;1.63;0.0;11.33;-8.31;1.17;17.48;17.7;0.0;0.0;0;0.58;0;-33.18;0.0;0.0;0.0;1.63
2020;1;183;beauce_5_sa_059;orgeh;orgeH_tousSols_nonirr_organique;1.72;0.0;46.48;0.0;40.17;20.86;25.41;0.04;0.0;0;43.59;0;-501.36;0.01;0.03;0.0;1.72
2020;184;260;beauce_5_sa_059;solnu;;0.47;0.0;42.64;-54.7;0.0;25.41;12.81;0.07;0.0;0;0;0;-385.91;0.06;0.01;0.0;0.47
2020;261;366;beauce_5_sa_059;orgeh;orgeH_tousSols_nonirr_organique;1.77;0.0;20.94;-5.5;8.96;12.81;17.49;0.02;0.0;0;4.48;0;-70.32;0.01;0.01;0.0;1.77
2020;1;228;beauce_5_sa_060;orgeh;orgeH_tousSols_nonirr_organique;3.19;0.0;64.6;0.0;75.22;54.88;40.98;0.09;0.0;0;44.08;0;-718.39;0.05;0.04;0.0;3.19
2020;229;291;beauce_5_sa_060;solnu;;1.08;0.0;28.71;-44.67;0.0;40.98;23.86;0.07;0.0;0;0;0;-277.57;0.06;0.01;0.0;1.08
2020;292;366;beauce_5_sa_060;orgeh;orgeH_tousSols_nonirr_organique;2.49;0.0;11.54;-12.23;0.0;23.1;20.68;0.0;0.0;0;0.0;0;-39.86;0.0;0.0;0.0;2.49
2020;1;208;beauce_5_sa_061;orgeh;orgeH_tousSols_nonirr_organique;3.38;0.0;53.88;0.0;78.95;59.07;30.55;0.08;0.0;0;43.84;0;-601.26;0.04;0.03;0.0;3.38
2020;209;295;beauce_5_sa_061;solnu;;1.56;0.0;39.72;-46.54;0.0;30.55;22.11;0.06;0.0;0;0;0;-364.4;0.05;0.01;0.0;1.56
2020;296;366;beauce_5_sa_061;orgeh;orgeH_tousSols_nonirr_organique;1.83;0.0;10.6;-10.35;0.0;22.11;20.53;0.0;0.0;0;0.0;0;-35.65;0.0;0.0;0.0;1.83
2020;1;184;beauce_5_sa_062;orgeh;orgeH_tousSols_nonirr_organique;2.64;0.0;45.36;0.0;64.02;43.42;22.06;0.06;0.0;0;44.2;0;-500.41;0.03;0.03;0.0;2.64
2020;185;279;beauce_5_sa_062;solnu;;0.88;0.0;46.45;-14.05;0.0;22.06;53.48;0.09;0.0;0;0;0;-453.01;0.07;0.02;0.0;0.88
2020;280;366;beauce_5_sa_062;orgeh;orgeH_tousSols_nonirr_organique;2.23;0.0;14.26;-41.58;5.46;53.66;18.47;0.0;0.0;0;2.73;0;-68.59;0.0;0.0;0.0;2.23
2020;1;206;beauce_5_sa_063;orgeh;orgeH_tousSols_nonirr_organique;1.72;0.0;57.87;0.0;46.47;27.3;36.92;0.05;0.0;0;43.47;0;-642.22;0.02;0.03;0.0;1.72
2020;207;264;beauce_5_sa_063;solnu;;0.57;0.0;32.78;-56.46;0.0;36.92;12.63;0.04;0.0;0;0;0;-255.89;0.04;0.0;0.0;0.57
2020;265;366;beauce_5_sa_063;orgeh;orgeH_tousSols_nonirr_organique;1.69;0.0;19.58;-1.36;11.76;12.69;17.38;0.02;0.0;0;5.88;0;-60.5;0.01;0.01;0.0;1.69
2020;1;196;beauce_5_sa_064;orgeh;orgeH_tousSols_nonirr_organique;1.69;0.0;53.85;0.0;38.96;19.84;32.99;0.04;0.0;0;43.47;0;-597.24;0.01;0.03;0.0;1.69
2020;197;260;beauce_5_sa_064;solnu;;0.5;0.0;36.01;-57.58;0.0;32.99;10.89;0.03;0.0;0;0;0;-270.45;0.03;0.0;0.0;0.5
2020;261;366;beauce_5_sa_064;orgeh;orgeH_tousSols_nonirr_organique;1.46;0.0;20.89;4.31;18.52;10.73;16.08;0.02;0.0;0;9.26;0;-70.41;0.01;0.02;0.0;1.46
2020;1;177;beauce_5_sa_065;orgeh;orgeH_tousSols_nonirr_organique;2.26;0.0;40.81;0.0;58.96;39.03;18.56;0.05;0.0;0;43.84;0;-454.85;0.03;0.02;0.0;2.26
2020;178;273;beauce_5_sa_065;solnu;;0.83;0.0;49.76;-53.1;0.0;18.56;14.34;0.05;0.0;0;0;0;-432.36;0.04;0.01;0.0;0.83
2020;274;366;beauce_5_sa_065;orgeh;orgeH_tousSols_nonirr_organique;1.6;0.0;16.42;-7.18;5.33;14.35;16.65;0.01;0.0;0;2.66;0;-52.59;0.0;0.01;0.0;1.6
2020;1;197;beauce_5_sa_066;orgeh;orgeH_tousSols_nonirr_organique;1.7;0.0;54.29;0.0;39.2;19.73;33.07;0.04;0.0;0;43.65;0;-604.18;0.01;0.03;0.0;1.7
2020;198;260;beauce_5_sa_066;solnu;;0.5;0.0;35.52;-15.23;0.0;33.07;52.76;0.1;0.0;0;0;0;-345.21;0.08;0.01;0.0;0.5
2020;261;366;beauce_5_sa_066;orgeh;orgeH_tousSols_nonirr_organique;1.85;0.0;20.71;-51.97;6.61;53.06;13.05;0.0;0.0;0;3.3;0;-86.07;0.0;0.0;0.0;1.85
2020;1;204;beauce_5_sa_067;orgeh;orgeH_tousSols_nonirr_organique;2.1;0.0;54.9;0.0;54.98;35.38;33.15;0.06;0.0;0;43.71;0;-610.73;0.02;0.03;0.0;2.1
2020;205;272;beauce_5_sa_067;solnu;;0.4;0.0;35.89;-15.17;0.0;33.15;53.4;0.08;0.0;0;0;0;-348.85;0.06;0.01;0.0;0.4
2020;273;366;beauce_5_sa_067;orgeh;orgeH_tousSols_nonirr_organique;2.59;0.0;16.66;-45.27;4.17;53.31;18.0;0.03;0.0;0;2.09;0;-76.71;0.03;0.0;0.0;2.59
2020;1;203;beauce_5_sa_068;orgeh;orgeH_tousSols_nonirr_organique;3.54;0.0;51.46;0.0;84.95;63.31;26.2;0.08;0.0;0;44.73;0;-574.28;0.05;0.03;0.0;3.54
2020;204;307;beauce_5_sa_068;solnu;;1.6;0.0;43.91;-46.4;0.0;26.2;22.05;0.06;0.01;0;0;0;-396.14;0.04;0.01;0.0;1.6
2020;308;366;beauce_5_sa_068;orgeh;orgeH_tousSols_nonirr_organique;1.82;0.0;8.15;-8.01;0.0;22.05;20.38;0.0;0.0;0;0.0;0;-26.62;0.0;0.0;0.0;1.82
2020;1;192;beauce_5_sa_069;orgeh;orgeH_tousSols_nonirr_organique;2.26;0.0;49.27;0.0;57.54;37.61;27.02;0.05;0.0;0;43.87;0;-548.24;0.02;0.03;0.0;2.26
2020;193;274;beauce_5_sa_069;solnu;;0.82;0.0;41.69;-14.59;0.0;27.02;53.21;0.09;0.0;0;0;0;-401.83;0.08;0.02;0.0;0.82
2020;275;366;beauce_5_sa_069;orgeh;orgeH_tousSols_nonirr_organique;2.16;0.0;15.84;-44.63;4.23;53.55;18.03;0.01;0.0;0;2.11;0;-74.64;0.0;0.0;0.0;2.16
2020;1;220;beauce_5_sa_070;orgeh;orgeH_tousSols_nonirr_organique;3.52;0.0;58.88;0.0;84.45;62.88;33.71;0.08;0.0;0;44.69;0;-656.97;0.05;0.04;0.0;3.52
2020;221;304;beauce_5_sa_070;solnu;;1.48;0.0;36.14;-48.84;0.0;33.71;19.47;0.04;0.0;0;0;0;-314.01;0.03;0.01;0.0;1.48
2020;305;366;beauce_5_sa_070;orgeh;orgeH_tousSols_nonirr_organique;1.61;0.0;8.74;-8.47;0.0;19.47;18.13;0.0;0.0;0;0.0;0;-24.26;0.0;0.0;0.0;1.61
2020;1;183;beauce_5_sa_071;orgeh;orgeH_tousSols_nonirr_organique;1.76;0.0;45.91;0.0;47.47;28.32;24.96;0.05;0.0;0;43.46;0;-495.69;0.02;0.03;0.0;1.76
2020;184;266;beauce_5_sa_071;solnu;;0.49;0.0;44.04;-14.37;0.0;24.96;54.05;0.09;0.0;0;0;0;-441.49;0.07;0.02;0.0;0.49
2020;267;366;beauce_5_sa_071;orgeh;orgeH_tousSols_nonirr_organique;2.11;0.0;18.75;-49.95;6.0;54.48;14.73;0.01;0.0;0;3.0;0;-83.27;0.01;0.0;0.0;2.11
2020;1;218;beauce_5_sa_072;orgeh;orgeH_tousSols_nonirr_organique;3.6;0.0;57.92;0.0;85.45;64.29;33.08;0.08;0.0;0;44.48;0;-642.7;0.05;0.03;0.0;3.6
2020;219;312;beauce_5_sa_072;solnu;;1.52;0.0;38.4;-14.73;0.0;33.08;55.15;0.09;0.0;0;0;0;-373.2;0.07;0.02;0.0;1.52
2020;313;366;beauce_5_sa_072;orgeh;orgeH_tousSols_nonirr_organique;2.09;0.0;7.15;-36.96;0.0;55.25;23.25;0.0;0.0;0;0.0;0;-35.68;0.0;0.0;0.0;2.09
2020;1;198;beauce_5_sa_073;orgeh;orgeH_tousSols_nonirr_organique;3.03;0.0;50.93;0.0;71.49;50.62;26.97;0.07;0.0;0;44.34;0;-567.16;0.04;0.03;0.0;3.03
2020;199;288;beauce_5_sa_073;solnu;;0.95;0.0;42.01;-48.26;0.0;26.97;19.7;0.06;0.0;0;0;0;-391.85;0.05;0.02;0.0;0.95
2020;289;366;beauce_5_sa_073;orgeh;orgeH_tousSols_nonirr_organique;2.06;0.0;12.09;-11.83;0.0;19.7;17.9;0.0;0.0;0;0.0;0;-39.57;0.0;0.0;0.0;2.06
2020;1;210;beauce_5_sa_074;orgeh;orgeH_tousSols_nonirr_organique;1.74;0.0;60.64;0.0;37.69;18.66;39.82;0.06;0.0;0;43.42;0;-675.86;0.02;0.04;0.0;1.74
2020;211;258;beauce_5_sa_074;solnu;;0.53;0.0;29.24;-53.31;0.0;39.82;14.18;0.09;0.0;0;0;0;-271.71;0.08;0.01;0.0;0.53
2020;259;366;beauce_5_sa_074;orgeh;orgeH_tousSols_nonirr_organique;1.93;0.0;21.47;-11.46;6.16;14.06;16.09;0.01;0.0;0;3.08;0;-67.47;0.0;0.01;0.0;1.93
2020;1;212;beauce_5_sa_075;orgeh;orgeH_tousSols_nonirr_organique;1.75;0.0;60.96;0.0;41.67;22.19;39.68;0.06;0.0;0;43.65;0;-676.83;0.02;0.04;0.0;1.75
2020;213;262;beauce_5_sa_075;solnu;;0.61;0.0;29.46;-15.67;0.0;39.68;52.75;0.1;0.01;0;0;0;-289.62;0.09;0.01;0.0;0.61
2020;263;366;beauce_5_sa_075;orgeh;orgeH_tousSols_nonirr_organique;2.04;0.0;20.05;-50.25;6.25;53.0;14.26;0.0;0.0;0;3.12;0;-80.42;0.0;0.0;0.0;2.04
2020;1;213;beauce_5_sa_076;orgeh;orgeH_tousSols_nonirr_organique;1.95;0.0;59.64;0.0;51.95;32.26;37.94;0.06;0.0;0;43.73;0;-662.26;0.02;0.04;0.0;1.95
2020;214;270;beauce_5_sa_076;solnu;;0.62;0.0;31.43;-15.54;0.0;37.94;53.13;0.09;0.0;0;0;0;-307.46;0.07;0.01;0.0;0.62
2020;271;366;beauce_5_sa_076;orgeh;orgeH_tousSols_nonirr_organique;2.58;0.0;17.36;-45.78;4.17;53.6;17.94;0.02;0.0;0;2.08;0;-75.02;0.02;0.0;0.0;2.58
2020;1;187;beauce_5_sa_077;orgeh;orgeH_tousSols_nonirr_organique;1.7;0.0;48.68;0.0;39.2;19.73;27.47;0.04;0.0;0;43.65;0;-541.46;0.01;0.03;0.0;1.7
2020;188;260;beauce_5_sa_077;solnu;;0.48;0.0;40.6;-14.74;0.0;27.47;52.75;0.1;0.0;0;0;0;-393.97;0.08;0.02;0.0;0.48
2020;261;366;beauce_5_sa_077;orgeh;orgeH_tousSols_nonirr_organique;1.81;0.0;20.73;-51.65;7.01;53.06;13.01;0.0;0.0;0;3.51;0;-88.22;0.0;0.0;0.0;1.81
2020;1;181;beauce_5_sa_078;orgeh;orgeH_tousSols_nonirr_organique;3.59;0.0;41.63;0.0;80.64;64.02;21.35;0.07;0.0;0;42.21;0;-461.68;0.05;0.02;0.0;3.59
2020;182;311;beauce_5_sa_078;solnu;;1.59;0.0;54.67;-13.35;0.0;21.35;60.98;0.1;0.0;0;0;0;-532.09;0.07;0.03;0.0;1.59
2020;312;366;beauce_5_sa_078;orgeh;orgeH_tousSols_nonirr_organique;2.25;0.0;7.29;-41.01;0.0;61.12;25.0;0.01;0.0;0;0.0;0;-39.15;0.01;0.0;0.0;2.25
2020;1;204;beauce_5_sa_079;orgeh;orgeH_tousSols_nonirr_organique;3.25;0.0;52.59;0.0;75.51;55.77;29.53;0.07;0.0;0;43.78;0;-585.51;0.04;0.03;0.0;3.25
2020;205;292;beauce_5_sa_079;solnu;;1.25;0.0;40.54;-14.63;0.0;29.53;54.11;0.08;0.0;0;0;0;-391.53;0.06;0.02;0.0;1.25
2020;293;366;beauce_5_sa_079;orgeh;orgeH_tousSols_nonirr_organique;2.31;0.0;11.27;-38.49;1.75;54.33;22.81;0.01;0.0;0;0.88;0;-55.62;0.01;0.0;0.0;2.31
2020;1;170;beauce_5_sa_080;orgeh;orgeH_tousSols_nonirr_organique;2.59;0.0;36.03;0.0;60.35;42.81;14.83;0.05;0.0;0;42.67;0;-399.14;0.03;0.02;0.0;2.59
2020;171;278;beauce_5_sa_080;solnu;;0.89;0.0;55.15;-32.07;0.0;14.83;37.13;0.1;0.0;0;0;0;-539.0;0.07;0.03;0.0;0.89
2020;279;366;beauce_5_sa_080;orgeh;orgeH_tousSols_nonirr_organique;2.29;0.0;14.63;-30.67;0.0;33.65;18.79;0.0;0.0;0;0.0;0;-58.44;0.0;0.0;0.0;2.29
2020;1;188;beauce_5_sa_081;orgeh;orgeH_tousSols_nonirr_organique;2.68;0.0;46.92;0.0;64.34;43.95;23.78;0.06;0.0;0;44.1;0;-521.26;0.03;0.03;0.0;2.68
2020;189;280;beauce_5_sa_081;solnu;;0.89;0.0;45.04;-14.2;0.0;23.78;53.64;0.09;0.0;0;0;0;-437.68;0.07;0.02;0.0;0.89
2020;281;366;beauce_5_sa_081;orgeh;orgeH_tousSols_nonirr_organique;2.25;0.0;14.09;-42.41;4.23;53.94;18.84;0.0;0.0;0;2.11;0;-67.59;0.0;0.0;0.0;2.25
2020;1;185;beauce_5_sa_082;orgeh;orgeH_tousSols_nonirr_organique;2.22;0.0;46.29;0.0;57.72;37.39;23.69;0.05;0.0;0;44.07;0;-514.61;0.02;0.03;0.0;2.22
2020;186;273;beauce_5_sa_082;solnu;;0.86;0.0;44.6;-14.27;0.0;23.69;53.05;0.1;0.0;0;0;0;-431.3;0.08;0.02;0.0;0.86
2020;274;366;beauce_5_sa_082;orgeh;orgeH_tousSols_nonirr_organique;2.17;0.0;16.33;-44.64;4.5;53.59;18.07;0.01;0.0;0;2.25;0;-77.01;0.0;0.0;0.0;2.17
2020;1;184;beauce_5_sa_083;orgeh;orgeH_tousSols_nonirr_organique;2.92;0.0;45.0;0.0;68.87;48.15;21.3;0.06;0.0;0;44.27;0;-496.63;0.03;0.03;0.0;2.92
2020;185;285;beauce_5_sa_083;solnu;;0.93;0.0;47.75;-13.88;0.0;21.3;54.14;0.08;0.0;0;0;0;-464.89;0.06;0.02;0.0;0.93
2020;286;366;beauce_5_sa_083;orgeh;orgeH_tousSols_nonirr_organique;2.33;0.0;12.59;-39.78;4.19;54.32;20.43;0.01;0.0;0;2.09;0;-63.59;0.01;0.0;0.0;2.33
2020;1;191;beauce_5_sa_084;orgeh;orgeH_tousSols_nonirr_organique;3.03;0.0;47.75;0.0;71.39;50.67;23.94;0.07;0.0;0;44.26;0;-531.4;0.04;0.03;0.0;3.03
2020;192;288;beauce_5_sa_084;solnu;;0.99;0.0;45.47;-51.71;0.0;23.94;16.66;0.05;0.0;0;0;0;-392.98;0.03;0.01;0.0;0.99
2020;289;366;beauce_5_sa_084;orgeh;orgeH_tousSols_nonirr_organique;1.75;0.0;12.12;-9.04;1.17;16.66;16.83;0.0;0.0;0;0.58;0;-33.61;0.0;0.0;0.0;1.75
2020;1;173;beauce_5_sa_085;orgeh;orgeH_tousSols_nonirr_organique;2.58;0.0;38.25;0.0;62.2;42.32;15.74;0.05;0.0;0;43.84;0;-425.63;0.03;0.02;0.0;2.58
2020;174;278;beauce_5_sa_085;solnu;;0.86;0.0;53.06;-13.53;0.0;15.74;54.31;0.1;0.0;0;0;0;-515.6;0.07;0.03;0.0;0.86
2020;279;366;beauce_5_sa_085;orgeh;orgeH_tousSols_nonirr_organique;2.23;0.0;14.62;-42.56;5.66;54.69;18.47;0.0;0.0;0;2.83;0;-71.43;0.0;0.0;0.0;2.23
2020;1;216;beauce_5_sa_086;orgeh;orgeH_tousSols_nonirr_organique;2.87;0.0;58.62;0.0;68.22;47.11;34.57;0.07;0.0;0;44.47;0;-652.52;0.03;0.04;0.0;2.87
2020;217;284;beauce_5_sa_086;solnu;;0.96;0.0;33.92;-15.28;0.0;34.57;52.15;0.08;0.0;0;0;0;-328.24;0.07;0.01;0.0;0.96
2020;285;366;beauce_5_sa_086;orgeh;orgeH_tousSols_nonirr_organique;2.33;0.0;12.95;-39.91;2.69;52.55;20.16;0.01;0.0;0;1.34;0;-60.46;0.01;0.0;0.0;2.33
2020;1;173;beauce_5_sa_087;orgeh;orgeH_tousSols_nonirr_organique;3.42;0.0;37.8;0.0;73.52;60.21;21.0;0.07;0.0;0;40.56;0;-420.81;0.04;0.02;0.0;3.42
2020;174;297;beauce_5_sa_087;solnu;;1.71;0.0;56.47;-13.35;0.0;21.0;62.3;0.11;0.0;0;0;0;-550.5;0.08;0.03;0.0;1.71
2020;298;366;beauce_5_sa_087;orgeh;orgeH_tousSols_nonirr_organique;2.35;0.0;10.21;-43.82;0.14;62.57;26.2;0.0;0.0;0;0.07;0;-52.24;0.0;0.0;0.0;2.35
2020;1;180;beauce_5_sa_088;orgeh;orgeH_tousSols_nonirr_organique;1.93;0.0;42.67;0.0;52.94;32.83;20.59;0.05;0.0;0;43.93;0;-472.9;0.02;0.03;0.0;1.93
2020;181;269;beauce_5_sa_088;solnu;;0.42;0.0;46.93;-52.79;0.0;20.59;14.23;0.07;0.0;0;0;0;-446.12;0.06;0.02;0.0;0.42
2020;270;366;beauce_5_sa_088;orgeh;orgeH_tousSols_nonirr_organique;1.85;0.0;17.85;-12.44;2.99;14.09;14.79;0.0;0.0;0;1.5;0;-60.04;0.0;0.0;0.0;1.85
2020;1;222;beauce_5_sa_089;orgeh;orgeH_tousSols_nonirr_organique;2.82;0.0;62.52;0.0;66.55;46.35;39.41;0.09;0.0;0;44.02;0;-690.93;0.05;0.04;0.0;2.82
2020;223;282;beauce_5_sa_089;solnu;;0.95;0.0;30.03;-50.55;0.0;39.41;16.32;0.03;0.0;0;0;0;-224.91;0.03;0.0;0.0;0.95
2020;283;366;beauce_5_sa_089;orgeh;orgeH_tousSols_nonirr_organique;1.75;0.0;13.67;-4.6;5.86;16.37;17.77;0.01;0.0;0;2.93;0;-33.55;0.0;0.01;0.0;1.75
2020;1;186;beauce_5_sa_090;orgeh;orgeH_tousSols_nonirr_organique;1.71;0.0;48.04;0.0;42.02;22.6;26.86;0.04;0.0;0;43.61;0;-534.07;0.01;0.03;0.0;1.71
2020;187;262;beauce_5_sa_090;solnu;;0.49;0.0;41.64;-57.44;0.0;26.86;10.53;0.03;0.0;0;0;0;-328.24;0.03;0.01;0.0;0.49
2020;263;366;beauce_5_sa_090;orgeh;orgeH_tousSols_nonirr_organique;1.47;0.0;20.27;3.9;17.02;10.63;16.19;0.02;0.0;0;8.51;0;-68.93;0.01;0.01;0.0;1.47
2020;1;194;beauce_5_sa_091;orgeh;orgeH_tousSols_nonirr_organique;1.83;0.0;51.48;0.0;50.91;30.31;29.0;0.05;0.0;0;44.19;0;-571.74;0.02;0.03;0.0;1.83
2020;195;268;beauce_5_sa_091;solnu;;0.51;0.0;38.87;-14.87;0.0;29.0;52.41;0.08;0.0;0;0;0;-378.62;0.06;0.02;0.0;0.51
2020;269;366;beauce_5_sa_091;orgeh;orgeH_tousSols_nonirr_organique;2.21;0.0;18.15;-48.77;4.5;52.85;15.06;0.02;0.0;0;2.25;0;-78.69;0.02;0.0;0.0;2.21
2020;1;185;beauce_5_sa_092;orgeh;orgeH_tousSols_nonirr_organique;1.81;0.0;47.26;0.0;49.26;29.98;26.11;0.05;0.0;0;43.51;0;-525.13;0.02;0.03;0.0;1.81
2020;186;266;beauce_5_sa_092;solnu;;0.51;0.0;43.02;-56.69;0.0;26.11;11.9;0.03;0.0;0;0;0;-347.05;0.02;0.01;0.0;0.51
2020;267;366;beauce_5_sa_092;orgeh;orgeH_tousSols_nonirr_organique;1.6;0.0;18.92;1.52;14.08;11.47;16.65;0.02;0.0;0;7.04;0;-62.12;0.01;0.01;0.0;1.6
2020;1;205;beauce_5_sa_093;orgeh;orgeH_tousSols_nonirr_organique;2.36;0.0;54.81;0.0;58.53;39.28;33.13;0.06;0.0;0;43.53;0;-609.53;0.03;0.03;0.0;2.36
2020;206;275;beauce_5_sa_093;solnu;;0.86;0.0;36.43;-15.11;0.0;33.13;53.49;0.09;0.0;0;0;0;-353.81;0.08;0.01;0.0;0.86
2020;276;366;beauce_5_sa_093;orgeh;orgeH_tousSols_nonirr_organique;2.24;0.0;15.53;-43.9;4.23;53.78;18.65;0.01;0.0;0;2.11;0;-69.83;0.01;0.0;0.0;2.24
2020;1;226;beauce_5_sa_094;orgeh;orgeH_tousSols_nonirr_organique;2.78;0.0;67.74;0.0;53.34;33.8;45.28;0.12;0.01;0;43.63;0;-752.82;0.08;0.04;0.0;2.78
2020;227;269;beauce_5_sa_094;solnu;;0.46;0.0;23.91;-49.58;0.0;45.28;19.1;0.05;0.0;0;0;0;-207.78;0.05;0.0;0.0;0.46
2020;270;366;beauce_5_sa_094;orgeh;orgeH_tousSols_nonirr_organique;2.58;0.0;17.8;-14.24;1.48;19.1;18.61;0.0;0.0;0;0.74;0;-54.07;0.0;0.0;0.0;2.58
2020;1;219;beauce_5_sa_095;orgeh;orgeH_tousSols_nonirr_organique;2.6;0.0;61.33;0.0;62.6;42.89;38.95;0.07;0.0;0;43.76;0;-682.54;0.03;0.04;0.0;2.6
2020;220;278;beauce_5_sa_095;solnu;;0.97;0.0;30.6;-39.5;0.0;38.95;29.0;0.09;0.0;0;0;0;-297.25;0.08;0.01;0.0;0.97
2020;279;366;beauce_5_sa_095;orgeh;orgeH_tousSols_nonirr_organique;2.35;0.0;14.59;-22.0;0.0;26.0;19.23;0.0;0.0;0;0.0;0;-51.09;0.0;0.0;0.0;2.35
2020;1;172;beauce_5_sa_096;orgeh;orgeH_tousSols_nonirr_organique;1.72;0.0;38.98;0.0;39.63;20.5;18.1;0.03;0.0;0;43.57;0;-426.2;0.01;0.02;0.0;1.72
2020;173;261;beauce_5_sa_096;solnu;;0.33;0.0;48.76;-57.38;0.0;18.1;9.14;0.01;0.0;0;0;0;-389.48;0.0;0.01;0.0;0.33
2020;262;366;beauce_5_sa_096;orgeh;orgeH_tousSols_nonirr_organique;1.16;0.0;20.68;7.89;22.98;9.35;13.55;0.02;0.0;0;11.49;0;-78.11;0.01;0.02;0.0;1.16
2020;1;221;beauce_5_sa_097;orgeh;orgeH_tousSols_nonirr_organique;1.72;0.0;67.27;0.0;36.52;17.35;46.29;0.08;0.0;0;43.51;0;-747.41;0.03;0.04;0.0;1.72
2020;222;258;beauce_5_sa_097;solnu;;0.74;0.0;22.92;-15.74;0.0;46.29;52.61;0.11;0.01;0;0;0;-228.32;0.1;0.01;0.0;0.74
2020;259;366;beauce_5_sa_097;orgeh;orgeH_tousSols_nonirr_organique;2.41;0.0;21.3;-50.86;4.5;52.89;16.13;0.0;0.0;0;2.25;0;-86.3;0.0;0.0;0.0;2.41
2020;1;213;beauce_5_sa_098;orgeh;orgeH_tousSols_nonirr_organique;3.07;0.0;56.56;0.0;72.04;51.7;33.07;0.07;0.0;0;44.07;0;-628.65;0.04;0.03;0.0;3.07
2020;214;289;beauce_5_sa_098;solnu;;1.03;0.0;36.74;-51.41;0.0;33.07;17.33;0.05;0.0;0;0;0;-311.75;0.04;0.01;0.0;1.03
2020;290;366;beauce_5_sa_098;orgeh;orgeH_tousSols_nonirr_organique;1.81;0.0;11.93;-10.36;0.0;17.33;17.09;0.0;0.0;0;0.0;0;-32.02;0.0;0.0;0.0;1.81
2020;1;203;beauce_5_sa_099;orgeh;orgeH_tousSols_nonirr_organique;2.78;0.0;53.04;0.0;66.12;45.55;29.62;0.06;0.0;0;44.19;0;-591.62;0.03;0.03;0.0;2.78
2020;204;282;beauce_5_sa_099;solnu;;0.91;0.0;38.96;-14.82;0.0;29.62;52.75;0.08;0.0;0;0;0;-376.4;0.07;0.02;0.0;0.91
2020;283;366;beauce_5_sa_099;orgeh;orgeH_tousSols_nonirr_organique;2.26;0.0;13.6;-40.46;4.39;53.05;19.24;0.0;0.0;0;2.19;0;-63.84;0.0;0.0;0.0;2.26
2021;1;189;beauce_5_sa_000;orgeh;orgeH_tousSols_nonirr_organique;4.81;0.0;41.69;14.22;59.23;15.93;7.96;0.03;0.0;0;29.62;0;-216.78;0.0;0.03;0.0;4.81
2021;190;305;beauce_5_sa_000;solnu;;0.93;0.0;45.96;-40.82;0.0;7.96;12.18;0.03;0.04;0;0;0;-297.44;0.02;0.02;0.0;0.93
2021;306;365;beauce_5_sa_000;orgeh;orgeH_tousSols_nonirr_organique;2.24;0.0;7.82;-4.56;0.93;12.2;12.27;0.0;0.0;0;0.46;0;-18.64;0.0;0.0;0.0;2.24
2021;1;188;beauce_5_sa_001;orgeh;orgeH_tousSols_nonirr_organique;4.09;0.0;41.45;20.01;56.89;15.16;16.33;0.05;0.0;0;30.34;0;-248.73;0.01;0.04;0.0;4.09
2021;189;270;beauce_5_sa_001;solnu;;0.77;0.0;37.88;-36.73;0.0;16.33;16.58;0.04;0.07;0;0;0;-258.26;0.03;0.01;0.0;0.77
2021;271;365;beauce_5_sa_001;orgeh;orgeH_tousSols_nonirr_organique;3.26;0.0;16.7;-7.14;5.2;16.58;17.68;0.01;0.0;0;2.6;0;-52.54;0.0;0.01;0.0;3.26
2021;1;213;beauce_5_sa_002;orgeh;orgeH_tousSols_nonirr_organique;6.67;0.0;53.66;10.31;55.33;21.74;25.15;0.04;0.0;0;27.66;0;-284.75;0.0;0.04;0.0;6.67
2021;214;296;beauce_5_sa_002;solnu;;1.24;0.0;32.05;-8.32;0.0;25.15;47.53;0.05;0.06;0;0;0;-229.62;0.03;0.02;0.0;1.24
2021;297;365;beauce_5_sa_002;orgeh;orgeH_tousSols_nonirr_organique;3.43;0.0;9.17;-34.23;1.68;47.69;17.35;0.01;0.0;0;0.84;0;-34.38;0.01;0.0;0.0;3.43
2021;1;231;beauce_5_sa_003;orgeh;orgeH_tousSols_nonirr_organique;6.77;0.0;61.71;9.39;53.49;21.99;34.28;0.05;0.0;0;26.75;0;-330.85;0.01;0.04;0.0;6.77
2021;232;306;beauce_5_sa_003;solnu;;1.19;0.0;25.46;-10.45;0.0;34.28;47.96;0.05;0.07;0;0;0;-183.44;0.04;0.01;0.0;1.19
2021;307;365;beauce_5_sa_003;orgeh;orgeH_tousSols_nonirr_organique;4.35;0.0;7.63;-30.84;0.0;48.21;20.38;0.02;0.0;0;0.0;0;-29.3;0.02;0.0;0.0;4.35
2021;1;198;beauce_5_sa_004;orgeh;orgeH_tousSols_nonirr_organique;6.54;0.0;45.61;5.87;54.82;21.37;12.91;0.03;0.0;0;27.41;0;-221.07;0.0;0.03;0.0;6.54
2021;199;304;beauce_5_sa_004;solnu;;1.17;0.0;41.35;-4.34;0.0;12.91;48.66;0.05;0.04;0;0;0;-288.05;0.03;0.02;0.0;1.17
2021;305;365;beauce_5_sa_004;orgeh;orgeH_tousSols_nonirr_organique;3.34;0.0;7.87;-33.95;1.35;48.79;17.87;0.03;0.0;0;0.68;0;-31.07;0.02;0.0;0.0;3.34
2021;1;190;beauce_5_sa_005;orgeh;orgeH_tousSols_nonirr_organique;5.79;0.0;42.15;10.73;57.93;19.2;9.56;0.03;0.0;0;28.97;0;-212.79;0.0;0.03;0.0;5.79
2021;191;299;beauce_5_sa_005;solnu;;1.04;0.0;44.12;-39.11;0.0;9.56;13.44;0.04;0.04;0;0;0;-297.67;0.02;0.02;0.0;1.04
2021;300;365;beauce_5_sa_005;orgeh;orgeH_tousSols_nonirr_organique;2.49;0.0;8.68;-2.35;3.39;13.48;13.87;0.0;0.0;0;1.7;0;-21.69;0.0;0.0;0.0;2.49
2021;1;216;beauce_5_sa_006;orgeh;orgeH_tousSols_nonirr_organique;5.39;0.0;55.11;15.34;51.27;17.69;32.57;0.05;0.0;0;27.62;0;-307.9;0.01;0.04;0.0;5.39
2021;217;276;beauce_5_sa_006;solnu;;0.93;0.0;25.33;-10.59;0.0;32.57;46.26;0.04;0.08;0;0;0;-184.44;0.03;0.01;0.0;0.93
2021;277;365;beauce_5_sa_006;orgeh;orgeH_tousSols_nonirr_organique;3.6;0.0;14.31;-33.69;7.39;46.46;15.89;0.0;0.0;0;3.69;0;-55.43;0.0;0.0;0.0;3.6
2021;1;214;beauce_5_sa_007;orgeh;orgeH_tousSols_nonirr_organique;6.05;0.0;54.22;10.86;51.48;19.79;28.63;0.04;0.0;0;27.23;0;-289.05;0.0;0.04;0.0;6.05
2021;215;287;beauce_5_sa_007;solnu;;1.03;0.0;29.1;-9.54;0.0;28.63;47.05;0.04;0.07;0;0;0;-211.66;0.03;0.01;0.0;1.03
2021;288;365;beauce_5_sa_007;orgeh;orgeH_tousSols_nonirr_organique;3.39;0.0;11.49;-33.8;6.37;47.35;14.97;0.01;0.0;0;3.19;0;-42.33;0.01;0.0;0.0;3.39
2021;1;214;beauce_5_sa_008;orgeh;orgeH_tousSols_nonirr_organique;4.21;0.0;54.96;19.08;55.2;16.81;32.12;0.06;0.01;0;32.37;0;-375.49;0.02;0.04;0.0;4.21
2021;215;270;beauce_5_sa_008;solnu;;0.93;0.0;24.74;-43.1;0.0;32.12;12.76;0.02;0.04;0;0;0;-150.88;0.02;0.0;0.0;0.93
2021;271;365;beauce_5_sa_008;orgeh;orgeH_tousSols_nonirr_organique;2.44;0.0;16.16;-3.35;8.55;12.81;14.57;0.01;0.0;0;4.27;0;-39.85;0.0;0.01;0.0;2.44
2021;1;227;beauce_5_sa_009;orgeh;orgeH_tousSols_nonirr_organique;6.02;0.0;60.16;13.13;57.79;19.68;30.41;0.05;0.0;0;28.9;0;-334.63;0.01;0.04;0.0;6.02
2021;228;312;beauce_5_sa_009;solnu;;1.29;0.0;28.77;-40.04;0.0;30.41;17.74;0.03;0.07;0;0;0;-190.36;0.02;0.01;0.0;1.29
2021;313;365;beauce_5_sa_009;orgeh;orgeH_tousSols_nonirr_organique;3.07;0.0;6.16;-5.97;0.0;17.73;14.86;0.0;0.0;0;0.0;0;-14.39;0.0;0.0;0.0;3.07
2021;1;185;beauce_5_sa_010;orgeh;orgeH_tousSols_nonirr_organique;5.24;0.0;39.82;15.52;58.57;17.26;10.02;0.03;0.0;0;29.29;0;-208.31;0.0;0.03;0.0;5.24
2021;186;282;beauce_5_sa_010;solnu;;0.85;0.0;42.18;-30.47;0.0;10.02;20.78;0.05;0.06;0;0;0;-297.25;0.02;0.02;0.0;0.85
2021;283;365;beauce_5_sa_010;orgeh;orgeH_tousSols_nonirr_organique;2.92;0.0;12.8;-7.62;5.89;19.85;17.14;0.01;0.0;0;2.94;0;-38.27;0.0;0.01;0.0;2.92
2021;1;173;beauce_5_sa_011;orgeh;orgeH_tousSols_nonirr_organique;4.87;0.0;33.66;14.45;52.59;18.22;10.09;0.03;0.0;0;26.29;0;-170.45;0.0;0.03;0.0;4.87
2021;174;286;beauce_5_sa_011;solnu;;1.33;0.0;48.92;-29.96;0.0;10.09;27.6;0.06;0.07;0;0;0;-342.21;0.03;0.03;0.0;1.33
2021;287;365;beauce_5_sa_011;orgeh;orgeH_tousSols_nonirr_organique;3.68;0.0;11.73;-2.4;12.86;27.2;20.37;0.01;0.0;0;6.43;0;-41.26;0.0;0.01;0.0;3.68
2021;1;202;beauce_5_sa_012;orgeh;orgeH_tousSols_nonirr_organique;5.34;0.0;47.36;14.98;51.72;17.42;23.77;0.04;0.0;0;27.97;0;-255.43;0.01;0.04;0.0;5.34
2021;203;274;beauce_5_sa_012;solnu;;0.94;0.0;32.42;-8.04;0.0;23.77;47.09;0.05;0.07;0;0;0;-234.08;0.03;0.02;0.0;0.94
2021;275;365;beauce_5_sa_012;orgeh;orgeH_tousSols_nonirr_organique;3.34;0.0;14.99;-34.92;8.89;47.42;14.93;0.0;0.0;0;4.44;0;-59.59;0.0;0.0;0.0;3.34
2021;1;177;beauce_5_sa_013;orgeh;orgeH_tousSols_nonirr_organique;4.5;0.0;35.54;14.66;51.96;15.4;10.23;0.03;0.0;0;28.07;0;-179.23;0.0;0.03;0.0;4.5
2021;178;269;beauce_5_sa_013;solnu;;0.91;0.0;42.39;-3.56;0.0;10.23;48.03;0.06;0.07;0;0;0;-300.61;0.03;0.02;0.0;0.91
2021;270;365;beauce_5_sa_013;orgeh;orgeH_tousSols_nonirr_organique;3.25;0.0;16.49;-35.44;9.61;48.59;16.21;0.0;0.0;0;4.81;0;-69.33;0.0;0.0;0.0;3.25
2021;1;176;beauce_5_sa_014;orgeh;orgeH_tousSols_nonirr_organique;3.59;0.0;35.15;19.85;57.42;14.47;9.07;0.04;0.0;0;30.43;0;-199.57;0.0;0.03;0.0;3.59
2021;177;268;beauce_5_sa_014;solnu;;0.71;0.0;42.68;-31.5;0.0;9.07;19.02;0.05;0.07;0;0;0;-309.04;0.03;0.02;0.0;0.71
2021;269;365;beauce_5_sa_014;orgeh;orgeH_tousSols_nonirr_organique;3.18;0.0;17.15;-7.22;7.14;18.23;18.61;0.01;0.0;0;3.57;0;-56.19;0.0;0.01;0.0;3.18
2021;1;189;beauce_5_sa_015;orgeh;orgeH_tousSols_nonirr_organique;3.85;0.0;42.17;16.0;53.7;16.5;17.7;0.05;0.01;0;32.73;0;-278.5;0.02;0.03;0.0;3.85
2021;190;267;beauce_5_sa_015;solnu;;0.82;0.0;36.43;-36.36;0.0;17.7;16.84;0.04;0.07;0;0;0;-245.47;0.03;0.01;0.0;0.82
2021;268;365;beauce_5_sa_015;orgeh;orgeH_tousSols_nonirr_organique;3.26;0.0;17.13;-3.89;8.55;16.86;18.26;0.01;0.0;0;4.27;0;-46.96;0.0;0.01;0.0;3.26
2021;1;199;beauce_5_sa_016;orgeh;orgeH_tousSols_nonirr_organique;5.13;0.0;46.27;17.96;56.55;16.76;20.3;0.04;0.0;0;28.27;0;-251.61;0.0;0.04;0.0;5.13
2021;200;279;beauce_5_sa_016;solnu;;0.92;0.0;35.12;-27.47;0.0;20.3;26.92;0.05;0.07;0;0;0;-255.0;0.03;0.02;0.0;0.92
2021;280;365;beauce_5_sa_016;orgeh;orgeH_tousSols_nonirr_organique;3.22;0.0;13.7;-12.98;6.37;25.18;18.04;0.01;0.0;0;3.19;0;-41.41;0.0;0.01;0.0;3.22
2021;1;172;beauce_5_sa_017;orgeh;orgeH_tousSols_nonirr_organique;4.72;0.0;33.26;12.38;49.65;17.58;9.27;0.03;0.0;0;24.83;0;-160.19;0.0;0.03;0.0;4.72
2021;173;280;beauce_5_sa_017;solnu;;1.24;0.0;47.68;-12.22;0.0;9.27;43.46;0.06;0.07;0;0;0;-332.53;0.03;0.03;0.0;1.24
2021;281;365;beauce_5_sa_017;orgeh;orgeH_tousSols_nonirr_organique;3.61;0.0;13.32;-19.65;14.41;41.96;19.09;0.01;0.0;0;7.21;0;-54.58;0.0;0.01;0.0;3.61
2021;1;186;beauce_5_sa_018;orgeh;orgeH_tousSols_nonirr_organique;5.67;0.0;40.27;12.51;57.3;18.78;8.73;0.03;0.0;0;28.65;0;-204.58;0.0;0.03;0.0;5.67
2021;187;289;beauce_5_sa_018;solnu;;0.92;0.0;43.3;-30.9;0.0;8.73;20.3;0.04;0.05;0;0;0;-303.48;0.02;0.02;0.0;0.92
2021;290;365;beauce_5_sa_018;orgeh;orgeH_tousSols_nonirr_organique;2.77;0.0;11.13;-7.5;5.11;19.36;16.04;0.01;0.0;0;2.55;0;-30.62;0.0;0.01;0.0;2.77
2021;1;228;beauce_5_sa_019;orgeh;orgeH_tousSols_nonirr_organique;6.64;0.0;60.34;11.7;51.81;21.61;36.62;0.05;0.0;0;27.34;0;-334.13;0.01;0.04;0.0;6.64
2021;229;289;beauce_5_sa_019;solnu;;1.06;0.0;23.36;-11.34;0.0;36.62;47.45;0.04;0.08;0;0;0;-172.76;0.03;0.01;0.0;1.06
2021;290;365;beauce_5_sa_019;orgeh;orgeH_tousSols_nonirr_organique;4.06;0.0;11.08;-32.29;4.24;47.75;17.93;0.01;0.0;0;2.12;0;-39.83;0.01;0.0;0.0;4.06
2021;1;182;beauce_5_sa_020;orgeh;orgeH_tousSols_nonirr_organique;6.68;0.0;38.23;4.58;47.33;23.17;12.28;0.03;0.0;0;23.66;0;-179.24;0.0;0.03;0.0;6.68
2021;183;310;beauce_5_sa_020;solnu;;1.74;0.0;49.29;0.14;0.0;12.28;59.94;0.08;0.06;0;0;0;-343.21;0.05;0.03;0.0;1.74
2021;311;365;beauce_5_sa_020;orgeh;orgeH_tousSols_nonirr_organique;4.87;0.0;6.61;-29.89;2.16;60.21;29.58;0.04;0.01;0;1.08;0;-32.76;0.04;0.0;0.0;4.87
2021;1;200;beauce_5_sa_021;orgeh;orgeH_tousSols_nonirr_organique;4.02;0.0;46.86;22.81;56.05;14.96;25.21;0.06;0.0;0;29.75;0;-287.33;0.02;0.04;0.0;4.02
2021;201;267;beauce_5_sa_021;solnu;;0.88;0.0;31.65;-37.19;0.0;25.21;18.66;0.05;0.08;0;0;0;-225.06;0.04;0.01;0.0;0.88
2021;268;365;beauce_5_sa_021;orgeh;orgeH_tousSols_nonirr_organique;3.62;0.0;17.52;-8.73;4.58;18.66;19.25;0.01;0.0;0;2.29;0;-53.83;0.0;0.01;0.0;3.62
2021;1;174;beauce_5_sa_022;orgeh;orgeH_tousSols_nonirr_organique;2.87;0.0;34.32;18.57;50.52;11.3;11.39;0.03;0.0;0;29.69;0;-186.89;0.0;0.03;0.0;2.87
2021;175;259;beauce_5_sa_022;solnu;;0.91;0.0;40.34;-4.61;0.0;11.39;46.07;0.06;0.08;0;0;0;-289.77;0.04;0.02;0.0;0.91
2021;260;365;beauce_5_sa_022;orgeh;orgeH_tousSols_nonirr_organique;3.58;0.0;20.2;-35.96;10.15;46.62;16.58;0.0;0.0;0;5.07;0;-85.52;0.0;0.0;0.0;3.58
2021;1;221;beauce_5_sa_023;orgeh;orgeH_tousSols_nonirr_organique;4.98;0.0;57.53;25.38;49.01;15.28;44.95;0.09;0.01;0;26.75;0;-350.44;0.04;0.05;0.0;4.98
2021;222;257;beauce_5_sa_023;solnu;;1.24;0.0;16.86;-11.83;0.0;44.95;48.59;0.04;0.11;0;0;0;-129.25;0.04;0.0;0.0;1.24
2021;258;365;beauce_5_sa_023;orgeh;orgeH_tousSols_nonirr_organique;5.26;0.0;21.12;-34.4;6.69;49.17;23.35;0.0;0.0;0;3.34;0;-83.69;0.0;0.0;0.0;5.26
2021;1;173;beauce_5_sa_024;orgeh;orgeH_tousSols_nonirr_organique;3.03;0.0;33.85;18.78;51.91;11.47;9.83;0.03;0.0;0;29.17;0;-180.25;0.0;0.03;0.0;3.03
2021;174;261;beauce_5_sa_024;solnu;;0.83;0.0;41.68;-3.53;0.0;9.83;47.02;0.06;0.08;0;0;0;-296.13;0.04;0.02;0.0;0.83
2021;262;365;beauce_5_sa_024;orgeh;orgeH_tousSols_nonirr_organique;3.47;0.0;19.23;-36.01;10.35;47.34;16.41;0.0;0.0;0;5.18;0;-82.54;0.0;0.0;0.0;3.47
2021;1;191;beauce_5_sa_025;orgeh;orgeH_tousSols_nonirr_organique;5.64;0.0;42.78;12.78;58.24;18.67;11.49;0.03;0.0;0;29.12;0;-219.72;0.0;0.03;0.0;5.64
2021;192;290;beauce_5_sa_025;solnu;;0.91;0.0;41.2;-33.88;0.0;11.49;17.81;0.04;0.05;0;0;0;-289.17;0.02;0.02;0.0;0.91
2021;291;365;beauce_5_sa_025;orgeh;orgeH_tousSols_nonirr_organique;2.71;0.0;10.87;-5.98;4.48;17.38;15.51;0.01;0.0;0;2.24;0;-29.4;0.0;0.01;0.0;2.71
2021;1;179;beauce_5_sa_026;orgeh;orgeH_tousSols_nonirr_organique;3.42;0.0;37.36;19.7;54.89;15.0;14.3;0.04;0.01;0;30.21;0;-223.54;0.01;0.03;0.0;3.42
2021;180;262;beauce_5_sa_026;solnu;;0.88;0.0;39.04;-34.34;0.0;14.3;17.99;0.06;0.07;0;0;0;-277.79;0.04;0.02;0.0;0.88
2021;263;365;beauce_5_sa_026;orgeh;orgeH_tousSols_nonirr_organique;3.55;0.0;19.5;-7.46;7.05;17.99;19.43;0.01;0.0;0;3.52;0;-66.46;0.0;0.01;0.0;3.55
2021;1;171;beauce_5_sa_027;orgeh;orgeH_tousSols_nonirr_organique;3.03;0.0;33.09;18.68;51.44;11.53;9.48;0.03;0.0;0;29.17;0;-176.98;0.0;0.03;0.0;3.03
2021;172;260;beauce_5_sa_027;solnu;;0.86;0.0;41.97;-3.34;0.0;9.48;47.1;0.06;0.08;0;0;0;-298.75;0.04;0.02;0.0;0.86
2021;261;365;beauce_5_sa_027;orgeh;orgeH_tousSols_nonirr_organique;3.56;0.0;19.74;-35.92;10.49;47.72;16.87;0.0;0.0;0;5.24;0;-85.16;0.0;0.0;0.0;3.56
2021;1;224;beauce_5_sa_028;orgeh;orgeH_tousSols_nonirr_organique;5.77;0.0;58.67;19.21;50.19;18.4;41.69;0.07;0.0;0;26.43;0;-340.39;0.02;0.05;0.0;5.77
2021;225;269;beauce_5_sa_028;solnu;;1.04;0.0;19.6;-11.81;0.0;41.69;48.3;0.04;0.1;0;0;0;-149.92;0.04;0.01;0.0;1.04
2021;270;365;beauce_5_sa_028;orgeh;orgeH_tousSols_nonirr_organique;4.49;0.0;16.47;-34.3;6.0;48.77;19.98;0.0;0.0;0;3.0;0;-63.18;0.0;0.0;0.0;4.49
2021;1;176;beauce_5_sa_029;orgeh;orgeH_tousSols_nonirr_organique;6.92;0.0;34.82;6.98;46.63;24.16;13.09;0.03;0.0;0;23.32;0;-168.07;0.0;0.03;0.0;6.92
2021;177;303;beauce_5_sa_029;solnu;;1.67;0.0;51.15;0.88;0.0;13.09;63.3;0.08;0.07;0;0;0;-359.34;0.04;0.03;0.0;1.67
2021;304;365;beauce_5_sa_029;orgeh;orgeH_tousSols_nonirr_organique;5.25;0.0;7.99;-30.04;3.62;63.47;32.33;0.05;0.01;0;1.81;0;-38.9;0.05;0.0;0.0;5.25
2021;1;223;beauce_5_sa_030;orgeh;orgeH_tousSols_nonirr_organique;6.77;0.0;58.38;11.57;54.4;22.01;32.25;0.05;0.0;0;27.2;0;-320.07;0.01;0.04;0.0;6.77
2021;224;294;beauce_5_sa_030;solnu;;1.22;0.0;26.62;-10.22;0.0;32.25;47.31;0.04;0.07;0;0;0;-193.84;0.03;0.01;0.0;1.22
2021;295;365;beauce_5_sa_030;orgeh;orgeH_tousSols_nonirr_organique;3.79;0.0;9.9;-34.17;1.97;47.67;17.28;0.01;0.0;0;0.98;0;-35.89;0.01;0.0;0.0;3.79
2021;1;197;beauce_5_sa_031;orgeh;orgeH_tousSols_nonirr_organique;5.35;0.0;45.16;11.57;50.66;17.51;19.33;0.04;0.0;0;27.41;0;-232.06;0.0;0.03;0.0;5.35
2021;198;278;beauce_5_sa_031;solnu;;0.91;0.0;35.73;-6.81;0.0;19.33;47.23;0.05;0.06;0;0;0;-252.1;0.03;0.02;0.0;0.91
2021;279;365;beauce_5_sa_031;orgeh;orgeH_tousSols_nonirr_organique;3.11;0.0;13.81;-34.4;9.76;47.5;13.77;0.0;0.0;0;4.88;0;-56.72;0.0;0.0;0.0;3.11
2021;1;220;beauce_5_sa_032;orgeh;orgeH_tousSols_nonirr_organique;4.57;0.0;57.33;27.19;53.92;15.62;42.42;0.09;0.01;0;28.08;0;-362.92;0.04;0.05;0.0;4.57
2021;221;260;beauce_5_sa_032;solnu;;1.13;0.0;18.68;-30.29;0.0;42.42;29.53;0.04;0.11;0;0;0;-144.63;0.04;0.0;0.0;1.13
2021;261;365;beauce_5_sa_032;orgeh;orgeH_tousSols_nonirr_organique;4.92;0.0;19.98;-17.11;4.21;26.92;23.27;0.01;0.0;0;2.1;0;-66.55;0.0;0.01;0.0;4.92
2021;1;223;beauce_5_sa_033;orgeh;orgeH_tousSols_nonirr_organique;5.01;0.0;58.68;19.05;60.06;17.94;31.53;0.05;0.0;0;32.15;0;-384.38;0.01;0.05;0.0;5.01
2021;224;282;beauce_5_sa_033;solnu;;0.86;0.0;24.52;-36.86;0.0;31.53;18.23;0.03;0.08;0;0;0;-150.6;0.03;0.0;0.0;0.86
2021;283;365;beauce_5_sa_033;orgeh;orgeH_tousSols_nonirr_organique;3.46;0.0;12.94;-6.68;3.68;18.26;17.34;0.0;0.0;0;1.84;0;-28.05;0.0;0.0;0.0;3.46
2021;1;210;beauce_5_sa_034;orgeh;orgeH_tousSols_nonirr_organique;4.08;0.0;52.48;20.19;53.88;17.01;32.35;0.08;0.01;0;31.41;0;-352.06;0.03;0.04;0.0;4.08
2021;211;264;beauce_5_sa_034;solnu;;1.05;0.0;25.59;-36.48;0.0;32.35;20.28;0.04;0.08;0;0;0;-174.29;0.04;0.0;0.0;1.05
2021;265;365;beauce_5_sa_034;orgeh;orgeH_tousSols_nonirr_organique;3.96;0.0;18.22;-6.38;7.49;20.35;20.66;0.01;0.0;0;3.74;0;-50.32;0.0;0.01;0.0;3.96
2021;1;189;beauce_5_sa_035;orgeh;orgeH_tousSols_nonirr_organique;6.2;0.0;41.58;6.8;51.92;20.24;11.85;0.03;0.0;0;27.43;0;-202.75;0.0;0.03;0.0;6.2
2021;190;288;beauce_5_sa_035;solnu;;0.99;0.0;41.88;-4.15;0.0;11.85;48.48;0.05;0.05;0;0;0;-290.57;0.02;0.02;0.0;0.99
2021;289;365;beauce_5_sa_035;orgeh;orgeH_tousSols_nonirr_organique;2.98;0.0;11.27;-34.53;8.17;48.7;14.06;0.01;0.0;0;4.09;0;-44.88;0.01;0.0;0.0;2.98
2021;1;191;beauce_5_sa_036;orgeh;orgeH_tousSols_nonirr_organique;4.66;0.0;42.96;16.65;61.28;16.82;11.36;0.04;0.0;0;32.36;0;-253.63;0.0;0.04;0.0;4.66
2021;192;287;beauce_5_sa_036;solnu;;0.77;0.0;41.56;-39.31;0.0;11.36;12.76;0.03;0.05;0;0;0;-269.31;0.02;0.01;0.0;0.77
2021;288;365;beauce_5_sa_036;orgeh;orgeH_tousSols_nonirr_organique;2.51;0.0;11.63;-3.13;4.73;12.81;14.01;0.01;0.0;0;2.37;0;-26.74;0.0;0.01;0.0;2.51
2021;1;197;beauce_5_sa_037;orgeh;orgeH_tousSols_nonirr_organique;6.52;0.0;45.1;6.81;55.21;21.26;12.85;0.03;0.0;0;27.6;0;-221.26;0.0;0.03;0.0;6.52
2021;198;298;beauce_5_sa_037;solnu;;1.15;0.0;40.74;-4.78;0.0;12.85;47.57;0.05;0.04;0;0;0;-283.73;0.03;0.02;0.0;1.15
2021;299;365;beauce_5_sa_037;orgeh;orgeH_tousSols_nonirr_organique;3.18;0.0;8.89;-34.15;2.36;47.89;16.76;0.02;0.0;0;1.18;0;-34.56;0.02;0.0;0.0;3.18
2021;1;206;beauce_5_sa_038;orgeh;orgeH_tousSols_nonirr_organique;4.18;0.0;49.77;23.38;56.91;15.56;28.32;0.06;0.0;0;30.2;0;-310.23;0.02;0.04;0.0;4.18
2021;207;269;beauce_5_sa_038;solnu;;0.87;0.0;29.1;-37.63;0.0;28.32;18.8;0.04;0.08;0;0;0;-209.41;0.04;0.01;0.0;0.87
2021;270;365;beauce_5_sa_038;orgeh;orgeH_tousSols_nonirr_organique;3.61;0.0;17.05;-9.83;3.86;18.8;18.54;0.0;0.0;0;1.93;0;-50.16;0.0;0.0;0.0;3.61
2021;1;226;beauce_5_sa_039;orgeh;orgeH_tousSols_nonirr_organique;6.79;0.0;59.72;10.31;55.97;22.04;30.77;0.05;0.0;0;27.99;0;-323.98;0.01;0.04;0.0;6.79
2021;227;310;beauce_5_sa_039;solnu;;1.45;0.0;28.63;-37.93;0.0;30.77;19.91;0.04;0.07;0;0;0;-202.22;0.03;0.01;0.0;1.45
2021;311;365;beauce_5_sa_039;orgeh;orgeH_tousSols_nonirr_organique;3.28;0.0;6.61;-7.46;0.0;19.28;15.78;0.0;0.0;0;0.0;0;-15.75;0.0;0.0;0.0;3.28
2021;1;193;beauce_5_sa_040;orgeh;orgeH_tousSols_nonirr_organique;5.81;0.0;43.61;10.16;58.82;19.31;9.67;0.03;0.0;0;29.41;0;-221.38;0.0;0.03;0.0;5.81
2021;194;313;beauce_5_sa_040;solnu;;1.16;0.0;45.13;-41.12;0.0;9.67;12.45;0.03;0.04;0;0;0;-293.5;0.01;0.02;0.0;1.16
2021;314;365;beauce_5_sa_040;orgeh;orgeH_tousSols_nonirr_organique;2.14;0.0;6.01;-3.23;0.71;12.25;12.38;0.0;0.0;0;0.35;0;-13.35;0.0;0.0;0.0;2.14
2021;1;190;beauce_5_sa_041;orgeh;orgeH_tousSols_nonirr_organique;4.21;0.0;42.27;20.56;60.2;14.36;13.46;0.04;0.0;0;30.1;0;-234.32;0.0;0.04;0.0;4.21
2021;191;279;beauce_5_sa_041;solnu;;0.74;0.0;39.28;-37.03;0.0;13.46;14.87;0.04;0.06;0;0;0;-275.63;0.03;0.02;0.0;0.74
2021;280;365;beauce_5_sa_041;orgeh;orgeH_tousSols_nonirr_organique;2.88;0.0;13.91;-6.33;3.99;14.89;15.58;0.01;0.0;0;1.99;0;-40.04;0.0;0.01;0.0;2.88
2021;1;198;beauce_5_sa_042;orgeh;orgeH_tousSols_nonirr_organique;6.54;0.0;45.64;8.6;54.23;21.31;16.2;0.03;0.0;0;27.23;0;-228.8;0.0;0.03;0.0;6.54
2021;199;292;beauce_5_sa_042;solnu;;1.09;0.0;38.8;-5.54;0.0;16.2;48.27;0.04;0.05;0;0;0;-272.67;0.02;0.02;0.0;1.09
2021;293;365;beauce_5_sa_042;orgeh;orgeH_tousSols_nonirr_organique;3.21;0.0;10.37;-33.38;5.61;48.58;16.42;0.02;0.0;0;2.81;0;-41.07;0.02;0.0;0.0;3.21
2021;1;187;beauce_5_sa_043;orgeh;orgeH_tousSols_nonirr_organique;6.52;0.0;40.73;5.34;50.94;21.35;10.28;0.03;0.0;0;25.47;0;-191.22;0.0;0.03;0.0;6.52
2021;188;304;beauce_5_sa_043;solnu;;1.17;0.0;45.97;-21.0;0.0;10.28;34.03;0.06;0.05;0;0;0;-316.39;0.03;0.03;0.0;1.17
2021;305;365;beauce_5_sa_043;orgeh;orgeH_tousSols_nonirr_organique;3.42;0.0;7.89;-15.32;3.51;33.39;19.65;0.02;0.01;0;1.75;0;-26.05;0.02;0.0;0.0;3.42
2021;1;223;beauce_5_sa_044;orgeh;orgeH_tousSols_nonirr_organique;5.98;0.0;58.54;14.06;59.84;19.57;27.56;0.05;0.0;0;29.92;0;-329.68;0.01;0.04;0.0;5.98
2021;224;308;beauce_5_sa_044;solnu;;1.28;0.0;29.66;-39.6;0.0;27.56;16.25;0.03;0.06;0;0;0;-194.22;0.02;0.01;0.0;1.28
2021;309;365;beauce_5_sa_044;orgeh;orgeH_tousSols_nonirr_organique;2.81;0.0;7.03;-6.83;0.0;16.25;13.63;0.0;0.0;0;0.0;0;-17.13;0.0;0.0;0.0;2.81
2021;1;202;beauce_5_sa_045;orgeh;orgeH_tousSols_nonirr_organique;4.5;0.0;47.42;20.16;50.97;14.21;27.22;0.06;0.0;0;27.73;0;-264.74;0.02;0.04;0.0;4.5
2021;203;267;beauce_5_sa_045;solnu;;0.91;0.0;30.52;-8.84;0.0;27.22;47.86;0.05;0.08;0;0;0;-224.16;0.04;0.01;0.0;0.91
2021;268;365;beauce_5_sa_045;orgeh;orgeH_tousSols_nonirr_organique;3.68;0.0;16.98;-35.72;7.87;48.16;17.57;0.0;0.0;0;3.93;0;-66.02;0.0;0.0;0.0;3.68
2021;1;203;beauce_5_sa_046;orgeh;orgeH_tousSols_nonirr_organique;6.69;0.0;47.85;5.15;54.04;21.84;15.56;0.03;0.0;0;27.02;0;-233.81;0.0;0.03;0.0;6.69
2021;204;316;beauce_5_sa_046;solnu;;1.73;0.0;41.61;-4.02;0.0;15.56;51.3;0.08;0.04;0;0;0;-290.61;0.06;0.02;0.0;1.73
2021;317;365;beauce_5_sa_046;orgeh;orgeH_tousSols_nonirr_organique;3.69;0.0;5.33;-31.06;0.0;51.06;21.86;0.02;0.0;0;0.0;0;-24.6;0.02;0.0;0.0;3.69
2021;1;220;beauce_5_sa_047;orgeh;orgeH_tousSols_nonirr_organique;4.76;0.0;57.25;23.08;55.7;17.05;37.75;0.07;0.0;0;29.57;0;-369.01;0.02;0.05;0.0;4.76
2021;221;269;beauce_5_sa_047;solnu;;0.98;0.0;21.83;-36.32;0.0;37.75;22.14;0.04;0.1;0;0;0;-155.28;0.03;0.0;0.0;0.98
2021;270;365;beauce_5_sa_047;orgeh;orgeH_tousSols_nonirr_organique;4.22;0.0;17.05;-12.08;2.54;22.14;20.34;0.0;0.0;0;1.27;0;-50.04;0.0;0.0;0.0;4.22
2021;1;190;beauce_5_sa_048;orgeh;orgeH_tousSols_nonirr_organique;6.63;0.0;42.06;5.6;53.09;21.7;10.04;0.03;0.0;0;26.54;0;-201.28;0.0;0.03;0.0;6.63
2021;191;310;beauce_5_sa_048;solnu;;1.38;0.0;46.04;-27.43;0.0;10.04;27.23;0.06;0.04;0;0;0;-316.51;0.03;0.02;0.0;1.38
2021;311;365;beauce_5_sa_048;orgeh;orgeH_tousSols_nonirr_organique;3.03;0.0;6.62;-10.67;2.16;26.38;17.98;0.01;0.0;0;1.08;0;-19.04;0.01;0.0;0.0;3.03
2021;1;172;beauce_5_sa_049;orgeh;orgeH_tousSols_nonirr_organique;4.02;0.0;33.32;17.42;54.83;15.95;8.73;0.03;0.0;0;27.81;0;-178.72;0.0;0.03;0.0;4.02
2021;173;283;beauce_5_sa_049;solnu;;1.1;0.0;49.04;-38.73;0.0;8.73;17.81;0.06;0.07;0;0;0;-331.8;0.03;0.02;0.0;1.1
2021;284;365;beauce_5_sa_049;orgeh;orgeH_tousSols_nonirr_organique;3.56;0.0;12.69;4.95;10.91;17.86;20.97;0.02;0.0;0;5.45;0;-43.58;0.01;0.01;0.0;3.56
2021;1;217;beauce_5_sa_050;orgeh;orgeH_tousSols_nonirr_organique;5.45;0.0;55.6;17.5;50.86;17.71;35.57;0.05;0.0;0;26.93;0;-314.06;0.01;0.04;0.0;5.45
2021;218;273;beauce_5_sa_050;solnu;;0.97;0.0;23.9;-10.8;0.0;35.57;47.56;0.05;0.09;0;0;0;-178.01;0.04;0.01;0.0;0.97
2021;274;365;beauce_5_sa_050;orgeh;orgeH_tousSols_nonirr_organique;3.91;0.0;15.26;-35.1;6.0;47.87;17.81;0.0;0.0;0;3.0;0;-57.77;0.0;0.0;0.0;3.91
2021;1;220;beauce_5_sa_051;orgeh;orgeH_tousSols_nonirr_organique;4.81;0.0;57.19;20.03;60.97;16.91;29.24;0.05;0.0;0;31.58;0;-361.19;0.01;0.05;0.0;4.81
2021;221;284;beauce_5_sa_051;solnu;;0.84;0.0;26.72;-37.97;0.0;29.24;17.05;0.03;0.08;0;0;0;-170.56;0.02;0.0;0.0;0.84
2021;285;365;beauce_5_sa_051;orgeh;orgeH_tousSols_nonirr_organique;3.25;0.0;12.37;-8.08;1.88;17.05;16.21;0.0;0.0;0;0.94;0;-27.54;0.0;0.0;0.0;3.25
2021;1;208;beauce_5_sa_052;orgeh;orgeH_tousSols_nonirr_organique;5.85;0.0;50.65;11.79;58.92;19.3;18.2;0.04;0.0;0;29.46;0;-268.34;0.0;0.04;0.0;5.85
2021;209;311;beauce_5_sa_052;solnu;;1.22;0.0;37.95;-41.31;0.0;18.2;13.54;0.03;0.05;0;0;0;-253.27;0.02;0.01;0.0;1.22
2021;312;365;beauce_5_sa_052;orgeh;orgeH_tousSols_nonirr_organique;2.31;0.0;6.42;-5.5;0.0;13.58;12.15;0.0;0.0;0;0.0;0;-14.22;0.0;0.0;0.0;2.31
2021;1;202;beauce_5_sa_053;orgeh;orgeH_tousSols_nonirr_organique;6.57;0.0;47.28;5.78;54.56;21.49;14.84;0.03;0.0;0;27.28;0;-232.53;0.0;0.03;0.0;6.57
2021;203;309;beauce_5_sa_053;solnu;;1.32;0.0;40.74;-4.44;0.0;14.84;49.72;0.06;0.04;0;0;0;-282.73;0.04;0.02;0.0;1.32
2021;310;365;beauce_5_sa_053;orgeh;orgeH_tousSols_nonirr_organique;3.59;0.0;6.76;-33.25;0.4;49.92;19.22;0.02;0.0;0;0.2;0;-29.06;0.02;0.0;0.0;3.59
2021;1;197;beauce_5_sa_054;orgeh;orgeH_tousSols_nonirr_organique;3.91;0.0;45.94;20.69;53.18;16.86;26.95;0.08;0.02;0;30.63;0;-299.74;0.04;0.04;0.0;3.91
2021;198;258;beauce_5_sa_054;solnu;;1.09;0.0;29.79;-34.83;0.0;26.95;20.69;0.05;0.08;0;0;0;-210.11;0.04;0.01;0.0;1.09
2021;259;365;beauce_5_sa_054;orgeh;orgeH_tousSols_nonirr_organique;4.07;0.0;21.0;-7.49;8.92;20.69;21.2;0.01;0.0;0;4.46;0;-69.09;0.0;0.01;0.0;4.07
2021;1;221;beauce_5_sa_055;orgeh;orgeH_tousSols_nonirr_organique;6.28;0.0;57.46;11.76;56.78;20.44;27.94;0.05;0.0;0;28.39;0;-312.37;0.01;0.04;0.0;6.28
2021;222;301;beauce_5_sa_055;solnu;;1.17;0.0;29.32;-36.3;0.0;27.94;19.68;0.04;0.07;0;0;0;-208.55;0.03;0.01;0.0;1.17
2021;302;365;beauce_5_sa_055;orgeh;orgeH_tousSols_nonirr_organique;3.16;0.0;8.28;-10.33;0.0;19.17;14.47;0.0;0.0;0;0.0;0;-20.34;0.0;0.0;0.0;3.16
2021;1;175;beauce_5_sa_056;orgeh;orgeH_tousSols_nonirr_organique;6.15;0.0;34.44;9.68;49.35;23.16;13.25;0.03;0.0;0;24.68;0;-170.76;0.0;0.03;0.0;6.15
2021;176;309;beauce_5_sa_056;solnu;;2.13;0.0;52.85;-30.43;0.0;13.25;33.4;0.07;0.07;0;0;0;-365.86;0.04;0.03;0.0;2.13
2021;310;365;beauce_5_sa_056;orgeh;orgeH_tousSols_nonirr_organique;4.42;0.0;6.77;-1.04;2.16;33.3;32.52;0.03;0.01;0;1.08;0;-23.58;0.03;0.0;0.0;4.42
2021;1;176;beauce_5_sa_057;orgeh;orgeH_tousSols_nonirr_organique;3.33;0.0;35.41;14.27;53.13;15.57;9.34;0.04;0.01;0;32.42;0;-224.48;0.01;0.03;0.0;3.33
2021;177;267;beauce_5_sa_057;solnu;;0.69;0.0;42.57;-44.65;0.0;9.34;6.1;0.01;0.0;0;0;0;-273.54;0.0;0.01;0.0;0.69
2021;268;365;beauce_5_sa_057;orgeh;orgeH_tousSols_nonirr_organique;1.28;0.0;17.18;2.94;13.54;5.87;11.37;0.02;0.01;0;6.77;0;-51.4;0.01;0.01;0.0;1.28
2021;1;183;beauce_5_sa_058;orgeh;orgeH_tousSols_nonirr_organique;4.53;0.0;39.04;16.94;60.15;16.72;7.95;0.03;0.0;0;30.66;0;-218.37;0.0;0.03;0.0;4.53
2021;184;291;beauce_5_sa_058;solnu;;0.94;0.0;45.62;-39.23;0.0;7.95;13.36;0.03;0.05;0;0;0;-297.65;0.02;0.01;0.0;0.94
2021;292;365;beauce_5_sa_058;orgeh;orgeH_tousSols_nonirr_organique;2.55;0.0;10.78;-4.63;3.29;13.38;13.66;0.0;0.0;0;1.65;0;-26.93;0.0;0.0;0.0;2.55
2021;1;183;beauce_5_sa_059;orgeh;orgeH_tousSols_nonirr_organique;3.58;0.0;39.56;17.96;52.75;16.87;18.61;0.05;0.01;0;30.86;0;-252.14;0.02;0.03;0.0;3.58
2021;184;259;beauce_5_sa_059;solnu;;1.04;0.0;35.85;-34.17;0.0;18.61;18.77;0.05;0.07;0;0;0;-252.05;0.04;0.01;0.0;1.04
2021;260;365;beauce_5_sa_059;orgeh;orgeH_tousSols_nonirr_organique;3.71;0.0;20.71;-5.9;9.41;18.77;20.44;0.01;0.0;0;4.7;0;-69.06;0.01;0.01;0.0;3.71
2021;1;228;beauce_5_sa_060;orgeh;orgeH_tousSols_nonirr_organique;5.94;0.0;60.49;15.8;55.97;19.41;35.01;0.05;0.0;0;27.98;0;-342.76;0.01;0.05;0.0;5.94
2021;229;290;beauce_5_sa_060;solnu;;0.97;0.0;23.65;-33.85;0.0;35.01;23.72;0.04;0.08;0;0;0;-173.46;0.03;0.01;0.0;0.97
2021;291;365;beauce_5_sa_060;orgeh;orgeH_tousSols_nonirr_organique;3.78;0.0;10.84;-14.03;0.0;23.05;16.75;0.0;0.0;0;0.0;0;-29.57;0.0;0.0;0.0;3.78
2021;1;208;beauce_5_sa_061;orgeh;orgeH_tousSols_nonirr_organique;5.82;0.0;50.7;14.97;59.78;19.02;20.55;0.04;0.0;0;29.89;0;-279.33;0.0;0.04;0.0;5.82
2021;209;294;beauce_5_sa_061;solnu;;1.07;0.0;34.5;-39.34;0.0;20.55;14.55;0.03;0.05;0;0;0;-240.11;0.02;0.01;0.0;1.07
2021;295;365;beauce_5_sa_061;orgeh;orgeH_tousSols_nonirr_organique;2.67;0.0;9.94;-8.97;0.0;14.63;12.85;0.0;0.0;0;0.0;0;-25.09;0.0;0.0;0.0;2.67
2021;1;184;beauce_5_sa_062;orgeh;orgeH_tousSols_nonirr_organique;5.29;0.0;39.36;9.69;51.12;17.35;11.08;0.03;0.0;0;28.29;0;-194.55;0.0;0.03;0.0;5.29
2021;185;278;beauce_5_sa_062;solnu;;0.8;0.0;41.27;-4.75;0.0;11.08;46.3;0.05;0.06;0;0;0;-287.28;0.03;0.02;0.0;0.8
2021;279;365;beauce_5_sa_062;orgeh;orgeH_tousSols_nonirr_organique;2.83;0.0;13.82;-34.97;9.76;46.57;12.54;0.0;0.0;0;4.88;0;-58.33;0.0;0.0;0.0;2.83
2021;1;206;beauce_5_sa_063;orgeh;orgeH_tousSols_nonirr_organique;3.77;0.0;50.37;18.95;53.29;16.74;29.55;0.07;0.01;0;32.53;0;-344.95;0.03;0.04;0.0;3.77
2021;207;263;beauce_5_sa_063;solnu;;0.98;0.0;27.37;-42.58;0.0;29.55;13.29;0.02;0.04;0;0;0;-176.41;0.02;0.0;0.0;0.98
2021;264;365;beauce_5_sa_063;orgeh;orgeH_tousSols_nonirr_organique;2.6;0.0;18.59;-1.73;11.24;13.34;16.29;0.02;0.0;0;5.62;0;-50.33;0.01;0.01;0.0;2.6
2021;1;196;beauce_5_sa_064;orgeh;orgeH_tousSols_nonirr_organique;3.3;0.0;45.77;15.56;49.45;15.55;24.57;0.07;0.01;0;33.99;0;-323.66;0.03;0.04;0.0;3.3
2021;197;259;beauce_5_sa_064;solnu;;1.04;0.0;30.5;-46.5;0.0;24.57;7.51;0.01;0.0;0;0;0;-184.98;0.01;0.0;0.0;1.04
2021;260;365;beauce_5_sa_064;orgeh;orgeH_tousSols_nonirr_organique;1.44;0.0;20.35;2.78;17.07;7.66;12.11;0.02;0.01;0;8.53;0;-57.57;0.01;0.01;0.0;1.44
2021;1;177;beauce_5_sa_065;orgeh;orgeH_tousSols_nonirr_organique;3.94;0.0;35.72;16.67;56.88;15.89;8.19;0.03;0.0;0;31.1;0;-209.38;0.0;0.03;0.0;3.94
2021;178;272;beauce_5_sa_065;solnu;;0.8;0.0;43.87;-35.95;0.0;8.19;15.2;0.04;0.06;0;0;0;-298.75;0.03;0.02;0.0;0.8
2021;273;365;beauce_5_sa_065;orgeh;orgeH_tousSols_nonirr_organique;3.01;0.0;16.18;-5.41;6.12;15.2;16.82;0.01;0.0;0;3.06;0;-50.07;0.0;0.01;0.0;3.01
2021;1;197;beauce_5_sa_066;orgeh;orgeH_tousSols_nonirr_organique;3.77;0.0;45.39;23.31;51.03;12.27;26.88;0.06;0.0;0;28.82;0;-263.71;0.02;0.04;0.0;3.77
2021;198;259;beauce_5_sa_066;solnu;;0.97;0.0;29.84;-8.62;0.0;26.88;46.98;0.05;0.08;0;0;0;-220.48;0.04;0.01;0.0;0.97
2021;260;365;beauce_5_sa_066;orgeh;orgeH_tousSols_nonirr_organique;4.08;0.0;20.16;-36.16;8.42;47.52;18.49;0.0;0.0;0;4.21;0;-80.5;0.0;0.0;0.0;4.08
2021;1;204;beauce_5_sa_067;orgeh;orgeH_tousSols_nonirr_organique;5.26;0.0;48.35;15.98;49.48;16.93;27.54;0.05;0.0;0;26.83;0;-262.49;0.01;0.04;0.0;5.26
2021;205;271;beauce_5_sa_067;solnu;;0.98;0.0;30.64;-8.59;0.0;27.54;48.48;0.05;0.08;0;0;0;-222.73;0.03;0.01;0.0;0.98
2021;272;365;beauce_5_sa_067;orgeh;orgeH_tousSols_nonirr_organique;3.64;0.0;15.77;-34.41;8.89;48.73;17.31;0.0;0.0;0;4.45;0;-62.39;0.0;0.0;0.0;3.64
2021;1;203;beauce_5_sa_068;orgeh;orgeH_tousSols_nonirr_organique;5.77;0.0;48.0;11.63;59.09;19.14;15.1;0.04;0.0;0;29.55;0;-250.16;0.0;0.04;0.0;5.77
2021;204;306;beauce_5_sa_068;solnu;;1.06;0.0;39.47;-40.47;0.0;15.1;12.97;0.03;0.04;0;0;0;-263.96;0.02;0.01;0.0;1.06
2021;307;365;beauce_5_sa_068;orgeh;orgeH_tousSols_nonirr_organique;2.36;0.0;7.67;-6.36;0.0;12.98;11.92;0.0;0.0;0;0.0;0;-18.44;0.0;0.0;0.0;2.36
2021;1;192;beauce_5_sa_069;orgeh;orgeH_tousSols_nonirr_organique;5.17;0.0;43.3;14.13;51.42;16.65;18.84;0.04;0.0;0;27.82;0;-226.89;0.01;0.03;0.0;5.17
2021;193;273;beauce_5_sa_069;solnu;;0.9;0.0;36.13;-6.59;0.0;18.84;47.37;0.05;0.07;0;0;0;-258.51;0.03;0.02;0.0;0.9
2021;274;365;beauce_5_sa_069;orgeh;orgeH_tousSols_nonirr_organique;3.25;0.0;15.27;-35.25;9.0;47.7;15.14;0.0;0.0;0;4.5;0;-61.97;0.0;0.0;0.0;3.25
2021;1;220;beauce_5_sa_070;orgeh;orgeH_tousSols_nonirr_organique;5.14;0.0;57.13;17.02;61.15;16.84;25.94;0.05;0.0;0;30.57;0;-327.89;0.01;0.04;0.0;5.14
2021;221;303;beauce_5_sa_070;solnu;;1.01;0.0;30.33;-39.75;0.0;25.94;15.42;0.03;0.06;0;0;0;-200.92;0.02;0.01;0.0;1.01
2021;304;365;beauce_5_sa_070;orgeh;orgeH_tousSols_nonirr_organique;2.81;0.0;8.02;-7.91;0.0;15.42;12.73;0.0;0.0;0;0.0;0;-18.42;0.0;0.0;0.0;2.81
2021;1;183;beauce_5_sa_071;orgeh;orgeH_tousSols_nonirr_organique;4.09;0.0;39.03;19.13;52.29;13.98;16.47;0.04;0.0;0;29.15;0;-212.12;0.01;0.03;0.0;4.09
2021;184;265;beauce_5_sa_071;solnu;;0.92;0.0;38.09;-5.64;0.0;16.47;47.74;0.06;0.07;0;0;0;-273.3;0.04;0.02;0.0;0.92
2021;266;365;beauce_5_sa_071;orgeh;orgeH_tousSols_nonirr_organique;3.44;0.0;17.51;-36.85;8.43;48.01;16.51;0.0;0.0;0;4.22;0;-72.45;0.0;0.0;0.0;3.44
2021;1;218;beauce_5_sa_072;orgeh;orgeH_tousSols_nonirr_organique;6.65;0.0;56.01;7.84;54.11;21.77;26.29;0.04;0.0;0;27.06;0;-293.94;0.0;0.04;0.0;6.65
2021;219;311;beauce_5_sa_072;solnu;;1.39;0.0;32.42;-7.79;0.0;26.29;49.41;0.06;0.06;0;0;0;-228.46;0.05;0.02;0.0;1.39
2021;312;365;beauce_5_sa_072;orgeh;orgeH_tousSols_nonirr_organique;3.99;0.0;6.4;-31.44;0.0;49.73;20.35;0.02;0.0;0;0.0;0;-26.38;0.02;0.0;0.0;3.99
2021;1;198;beauce_5_sa_073;orgeh;orgeH_tousSols_nonirr_organique;5.09;0.0;45.78;16.35;59.23;16.65;15.67;0.04;0.0;0;29.61;0;-245.85;0.0;0.04;0.0;5.09
2021;199;287;beauce_5_sa_073;solnu;;0.85;0.0;37.84;-37.98;0.0;15.67;14.59;0.04;0.06;0;0;0;-266.12;0.02;0.02;0.0;0.85
2021;288;365;beauce_5_sa_073;orgeh;orgeH_tousSols_nonirr_organique;2.7;0.0;11.55;-6.31;2.77;14.59;14.36;0.0;0.0;0;1.39;0;-29.95;0.0;0.0;0.0;2.7
2021;1;210;beauce_5_sa_074;orgeh;orgeH_tousSols_nonirr_organique;3.9;0.0;52.52;24.45;53.25;15.43;35.8;0.09;0.01;0;29.71;0;-339.91;0.04;0.05;0.0;3.9
2021;211;257;beauce_5_sa_074;solnu;;1.23;0.0;22.74;-33.04;0.0;35.8;24.13;0.05;0.09;0;0;0;-173.6;0.04;0.01;0.0;1.23
2021;258;365;beauce_5_sa_074;orgeh;orgeH_tousSols_nonirr_organique;4.49;0.0;21.46;-15.35;4.58;23.8;21.17;0.01;0.0;0;2.29;0;-74.8;0.0;0.01;0.0;4.49
2021;1;212;beauce_5_sa_075;orgeh;orgeH_tousSols_nonirr_organique;4.1;0.0;53.25;24.62;51.21;13.39;36.74;0.07;0.0;0;28.73;0;-319.82;0.02;0.05;0.0;4.1
2021;213;261;beauce_5_sa_075;solnu;;1.03;0.0;22.91;-11.07;0.0;36.74;47.42;0.05;0.09;0;0;0;-175.2;0.04;0.01;0.0;1.03
2021;262;365;beauce_5_sa_075;orgeh;orgeH_tousSols_nonirr_organique;4.37;0.0;19.17;-35.81;6.8;47.71;19.61;0.0;0.0;0;3.4;0;-74.06;0.0;0.0;0.0;4.37
2021;1;213;beauce_5_sa_076;orgeh;orgeH_tousSols_nonirr_organique;5.2;0.0;53.59;19.6;51.52;16.71;34.35;0.06;0.0;0;27.85;0;-307.61;0.01;0.04;0.0;5.2
2021;214;269;beauce_5_sa_076;solnu;;0.99;0.0;24.73;-10.77;0.0;34.35;47.18;0.05;0.09;0;0;0;-186.65;0.04;0.01;0.0;0.99
2021;270;365;beauce_5_sa_076;orgeh;orgeH_tousSols_nonirr_organique;3.89;0.0;16.46;-36.09;6.0;47.7;17.66;0.0;0.0;0;3.0;0;-62.64;0.0;0.0;0.0;3.89
2021;1;187;beauce_5_sa_077;orgeh;orgeH_tousSols_nonirr_organique;3.69;0.0;41.06;21.76;51.25;12.28;20.84;0.06;0.0;0;29.13;0;-233.17;0.02;0.04;0.0;3.69
2021;188;259;beauce_5_sa_077;solnu;;0.91;0.0;33.99;-7.01;0.0;20.84;46.79;0.06;0.08;0;0;0;-249.35;0.04;0.02;0.0;0.91
2021;260;365;beauce_5_sa_077;orgeh;orgeH_tousSols_nonirr_organique;3.91;0.0;20.17;-36.09;8.88;47.33;18.06;0.0;0.0;0;4.44;0;-82.6;0.0;0.0;0.0;3.91
2021;1;181;beauce_5_sa_078;orgeh;orgeH_tousSols_nonirr_organique;6.75;0.0;37.47;5.77;48.21;23.41;12.37;0.03;0.0;0;24.11;0;-180.56;0.0;0.03;0.0;6.75
2021;182;310;beauce_5_sa_078;solnu;;1.77;0.0;50.03;0.26;0.0;12.37;60.81;0.08;0.06;0;0;0;-348.13;0.05;0.03;0.0;1.77
2021;311;365;beauce_5_sa_078;orgeh;orgeH_tousSols_nonirr_organique;4.97;0.0;6.6;-30.19;2.16;61.08;30.04;0.04;0.01;0;1.08;0;-32.98;0.04;0.0;0.0;4.97
2021;1;204;beauce_5_sa_079;orgeh;orgeH_tousSols_nonirr_organique;6.51;0.0;48.34;9.0;53.15;21.36;20.47;0.04;0.0;0;27.45;0;-249.01;0.0;0.03;0.0;6.51
2021;205;291;beauce_5_sa_079;solnu;;1.08;0.0;35.71;-7.04;0.0;20.47;47.96;0.04;0.06;0;0;0;-254.4;0.02;0.02;0.0;1.08
2021;292;365;beauce_5_sa_079;orgeh;orgeH_tousSols_nonirr_organique;3.22;0.0;10.72;-33.83;5.39;48.42;16.22;0.02;0.0;0;2.7;0;-39.9;0.01;0.0;0.0;3.22
2021;1;170;beauce_5_sa_080;orgeh;orgeH_tousSols_nonirr_organique;4.76;0.0;32.48;14.91;51.56;17.61;9.0;0.03;0.0;0;25.78;0;-162.75;0.0;0.03;0.0;4.76
2021;171;277;beauce_5_sa_080;solnu;;1.25;0.0;47.52;-13.12;0.0;9.0;42.06;0.06;0.07;0;0;0;-336.12;0.03;0.03;0.0;1.25
2021;278;365;beauce_5_sa_080;orgeh;orgeH_tousSols_nonirr_organique;3.62;0.0;14.24;-19.8;13.51;39.8;19.37;0.01;0.0;0;6.76;0;-55.73;0.0;0.01;0.0;3.62
2021;1;188;beauce_5_sa_081;orgeh;orgeH_tousSols_nonirr_organique;5.4;0.0;41.18;9.78;50.63;17.67;13.73;0.03;0.0;0;27.43;0;-205.47;0.0;0.03;0.0;5.4
2021;189;279;beauce_5_sa_081;solnu;;0.88;0.0;39.82;-4.82;0.0;13.73;47.73;0.05;0.06;0;0;0;-277.95;0.03;0.02;0.0;0.88
2021;280;365;beauce_5_sa_081;orgeh;orgeH_tousSols_nonirr_organique;3.01;0.0;13.6;-34.76;9.76;48.18;13.79;0.0;0.0;0;4.88;0;-55.49;0.0;0.0;0.0;3.01
2021;1;185;beauce_5_sa_082;orgeh;orgeH_tousSols_nonirr_organique;5.18;0.0;39.79;13.39;51.5;16.74;14.53;0.04;0.0;0;28.0;0;-204.24;0.01;0.03;0.0;5.18
2021;186;272;beauce_5_sa_082;solnu;;0.89;0.0;39.32;-5.4;0.0;14.53;47.45;0.05;0.07;0;0;0;-278.53;0.03;0.02;0.0;0.89
2021;273;365;beauce_5_sa_082;orgeh;orgeH_tousSols_nonirr_organique;3.23;0.0;15.57;-35.7;9.0;47.81;15.08;0.0;0.0;0;4.5;0;-64.06;0.0;0.0;0.0;3.23
2021;1;184;beauce_5_sa_083;orgeh;orgeH_tousSols_nonirr_organique;5.84;0.0;39.33;6.86;51.63;19.14;9.12;0.03;0.0;0;27.91;0;-189.27;0.0;0.03;0.0;5.84
2021;185;284;beauce_5_sa_083;solnu;;0.89;0.0;42.88;-4.22;0.0;9.12;46.67;0.05;0.05;0;0;0;-295.42;0.02;0.02;0.0;0.89
2021;285;365;beauce_5_sa_083;orgeh;orgeH_tousSols_nonirr_organique;2.79;0.0;12.2;-34.63;9.03;46.96;12.42;0.01;0.0;0;4.51;0;-50.26;0.01;0.0;0.0;2.79
2021;1;191;beauce_5_sa_084;orgeh;orgeH_tousSols_nonirr_organique;4.54;0.0;42.91;18.37;62.31;15.91;11.22;0.04;0.0;0;31.74;0;-244.77;0.0;0.04;0.0;4.54
2021;192;287;beauce_5_sa_084;solnu;;0.75;0.0;41.31;-38.82;0.0;11.22;12.88;0.03;0.05;0;0;0;-274.28;0.02;0.01;0.0;0.75
2021;288;365;beauce_5_sa_084;orgeh;orgeH_tousSols_nonirr_organique;2.48;0.0;11.61;-6.74;2.18;12.88;13.1;0.0;0.0;0;1.09;0;-28.72;0.0;0.0;0.0;2.48
2021;1;173;beauce_5_sa_085;orgeh;orgeH_tousSols_nonirr_organique;4.66;0.0;33.63;8.32;46.56;17.36;9.18;0.03;0.0;0;26.11;0;-159.21;0.0;0.03;0.0;4.66
2021;174;277;beauce_5_sa_085;solnu;;1.19;0.0;46.38;-2.51;0.0;9.18;51.72;0.06;0.07;0;0;0;-320.54;0.03;0.03;0.0;1.19
2021;278;365;beauce_5_sa_085;orgeh;orgeH_tousSols_nonirr_organique;3.4;0.0;14.16;-32.6;12.71;52.14;17.18;0.0;0.0;0;6.35;0;-60.74;0.0;0.0;0.0;3.4
2021;1;216;beauce_5_sa_086;orgeh;orgeH_tousSols_nonirr_organique;5.76;0.0;55.17;12.66;52.44;18.89;29.75;0.04;0.0;0;27.56;0;-300.12;0.0;0.04;0.0;5.76
2021;217;283;beauce_5_sa_086;solnu;;0.96;0.0;27.18;-10.06;0.0;29.75;45.8;0.04;0.07;0;0;0;-196.53;0.03;0.01;0.0;0.96
2021;284;365;beauce_5_sa_086;orgeh;orgeH_tousSols_nonirr_organique;3.37;0.0;12.45;-34.29;5.65;46.13;14.93;0.0;0.0;0;2.83;0;-45.81;0.0;0.0;0.0;3.37
2021;1;173;beauce_5_sa_087;orgeh;orgeH_tousSols_nonirr_organique;6.56;0.0;33.53;9.23;48.07;24.59;13.36;0.03;0.0;0;24.1;0;-166.67;0.0;0.03;0.0;6.56
2021;174;296;beauce_5_sa_087;solnu;;1.99;0.0;51.24;0.31;0.0;13.36;62.9;0.08;0.07;0;0;0;-361.5;0.05;0.03;0.0;1.99
2021;297;365;beauce_5_sa_087;orgeh;orgeH_tousSols_nonirr_organique;5.15;0.0;9.17;-30.89;6.12;63.06;29.87;0.04;0.01;0;3.06;0;-45.49;0.04;0.0;0.0;5.15
2021;1;180;beauce_5_sa_088;orgeh;orgeH_tousSols_nonirr_organique;3.54;0.0;37.47;20.62;57.17;14.13;12.13;0.04;0.0;0;30.08;0;-216.44;0.0;0.03;0.0;3.54
2021;181;268;beauce_5_sa_088;solnu;;0.81;0.0;40.59;-35.1;0.0;12.13;16.68;0.06;0.07;0;0;0;-288.98;0.04;0.02;0.0;0.81
2021;269;365;beauce_5_sa_088;orgeh;orgeH_tousSols_nonirr_organique;3.28;0.0;17.25;-5.35;6.61;16.68;18.68;0.01;0.0;0;3.3;0;-55.93;0.0;0.01;0.0;3.28
2021;1;222;beauce_5_sa_089;orgeh;orgeH_tousSols_nonirr_organique;4.62;0.0;58.35;18.07;57.74;16.88;31.76;0.06;0.0;0;31.8;0;-385.06;0.01;0.05;0.0;4.62
2021;223;281;beauce_5_sa_089;solnu;;0.83;0.0;24.55;-37.04;0.0;31.76;18.34;0.03;0.08;0;0;0;-153.65;0.03;0.0;0.0;0.83
2021;282;365;beauce_5_sa_089;orgeh;orgeH_tousSols_nonirr_organique;3.49;0.0;13.32;-6.41;4.28;18.41;17.46;0.0;0.0;0;2.14;0;-29.49;0.0;0.0;0.0;3.49
2021;1;186;beauce_5_sa_090;orgeh;orgeH_tousSols_nonirr_organique;3.34;0.0;41.04;14.8;50.94;15.65;17.69;0.06;0.01;0;33.98;0;-280.63;0.02;0.03;0.0;3.34
2021;187;261;beauce_5_sa_090;solnu;;0.85;0.0;35.63;-45.5;0.0;17.69;6.95;0.01;0.0;0;0;0;-226.07;0.01;0.01;0.0;0.85
2021;262;365;beauce_5_sa_090;orgeh;orgeH_tousSols_nonirr_organique;1.29;0.0;19.39;2.17;15.56;6.6;11.63;0.02;0.01;0;7.78;0;-56.29;0.01;0.01;0.0;1.29
2021;1;194;beauce_5_sa_091;orgeh;orgeH_tousSols_nonirr_organique;4.46;0.0;44.13;19.14;51.06;14.1;22.75;0.05;0.0;0;27.78;0;-240.86;0.01;0.04;0.0;4.46
2021;195;267;beauce_5_sa_091;solnu;;0.87;0.0;33.67;-7.5;0.0;22.75;47.93;0.05;0.07;0;0;0;-244.48;0.04;0.02;0.0;0.87
2021;268;365;beauce_5_sa_091;orgeh;orgeH_tousSols_nonirr_organique;3.55;0.0;16.98;-35.08;8.93;48.23;17.35;0.0;0.0;0;4.46;0;-66.66;0.0;0.0;0.0;3.55
2021;1;185;beauce_5_sa_092;orgeh;orgeH_tousSols_nonirr_organique;3.6;0.0;40.37;15.56;53.03;16.04;15.88;0.05;0.01;0;33.55;0;-270.02;0.02;0.03;0.0;3.6
2021;186;265;beauce_5_sa_092;solnu;;0.78;0.0;37.64;-42.23;0.0;15.88;10.45;0.02;0.03;0;0;0;-247.7;0.01;0.01;0.0;0.78
2021;266;365;beauce_5_sa_092;orgeh;orgeH_tousSols_nonirr_organique;2.07;0.0;17.67;-2.6;9.47;10.46;13.95;0.01;0.0;0;4.74;0;-49.53;0.0;0.01;0.0;2.07
2021;1;205;beauce_5_sa_093;orgeh;orgeH_tousSols_nonirr_organique;5.32;0.0;48.98;15.91;52.12;17.24;26.05;0.05;0.0;0;28.17;0;-267.34;0.01;0.04;0.0;5.32
2021;206;274;beauce_5_sa_093;solnu;;0.93;0.0;30.77;-8.86;0.0;26.05;46.91;0.05;0.07;0;0;0;-226.03;0.03;0.01;0.0;0.93
2021;275;365;beauce_5_sa_093;orgeh;orgeH_tousSols_nonirr_organique;3.39;0.0;14.99;-35.94;7.5;47.24;15.07;0.0;0.0;0;3.75;0;-58.94;0.0;0.0;0.0;3.39
2021;1;226;beauce_5_sa_094;orgeh;orgeH_tousSols_nonirr_organique;5.09;0.0;59.89;23.81;55.41;17.59;41.73;0.07;0.0;0;28.45;0;-379.87;0.02;0.05;0.0;5.09
2021;227;268;beauce_5_sa_094;solnu;;0.98;0.0;18.83;-35.64;0.0;41.73;23.8;0.04;0.1;0;0;0;-133.24;0.04;0.0;0.0;0.98
2021;269;365;beauce_5_sa_094;orgeh;orgeH_tousSols_nonirr_organique;4.55;0.0;17.29;-11.96;2.9;23.8;21.67;0.0;0.0;0;1.45;0;-51.85;0.0;0.0;0.0;4.55
2021;1;219;beauce_5_sa_095;orgeh;orgeH_tousSols_nonirr_organique;5.55;0.0;56.5;19.93;54.74;18.11;35.32;0.06;0.0;0;27.37;0;-326.86;0.01;0.05;0.0;5.55
2021;220;277;beauce_5_sa_095;solnu;;0.95;0.0;24.22;-25.08;0.0;35.32;33.14;0.04;0.09;0;0;0;-182.27;0.03;0.01;0.0;0.95
2021;278;365;beauce_5_sa_095;orgeh;orgeH_tousSols_nonirr_organique;3.86;0.0;14.23;-20.97;3.13;30.97;19.41;0.0;0.0;0;1.57;0;-43.07;0.0;0.0;0.0;3.86
2021;1;172;beauce_5_sa_096;orgeh;orgeH_tousSols_nonirr_organique;2.3;0.0;33.94;11.31;47.66;13.13;8.8;0.03;0.01;0;35.32;0;-233.18;0.01;0.03;0.0;2.3
2021;173;260;beauce_5_sa_096;solnu;;0.79;0.0;41.88;-45.33;0.0;8.8;4.55;0.01;0.0;0;0;0;-264.14;0.0;0.01;0.0;0.79
2021;261;365;beauce_5_sa_096;orgeh;orgeH_tousSols_nonirr_organique;0.87;0.0;19.94;4.1;18.17;4.26;9.52;0.02;0.01;0;9.08;0;-60.02;0.01;0.01;0.0;0.87
2021;1;221;beauce_5_sa_097;orgeh;orgeH_tousSols_nonirr_organique;4.98;0.0;57.53;25.38;49.01;15.28;44.95;0.09;0.01;0;26.75;0;-350.44;0.04;0.05;0.0;4.98
2021;222;257;beauce_5_sa_097;solnu;;1.24;0.0;16.86;-11.83;0.0;44.95;48.59;0.04;0.11;0;0;0;-129.25;0.04;0.0;0.0;1.24
2021;258;365;beauce_5_sa_097;orgeh;orgeH_tousSols_nonirr_organique;5.26;0.0;21.12;-34.4;6.69;49.17;23.35;0.0;0.0;0;3.34;0;-83.69;0.0;0.0;0.0;5.26
2021;1;213;beauce_5_sa_098;orgeh;orgeH_tousSols_nonirr_organique;4.61;0.0;53.88;20.96;62.58;16.09;24.68;0.05;0.0;0;31.29;0;-323.5;0.0;0.04;0.0;4.61
2021;214;288;beauce_5_sa_098;solnu;;0.81;0.0;30.78;-39.56;0.0;24.68;15.0;0.03;0.06;0;0;0;-201.52;0.03;0.01;0.0;0.81
2021;289;365;beauce_5_sa_098;orgeh;orgeH_tousSols_nonirr_organique;2.86;0.0;11.35;-8.05;0.97;15.0;14.47;0.0;0.0;0;0.48;0;-25.63;0.0;0.0;0.0;2.86
2021;1;203;beauce_5_sa_099;orgeh;orgeH_tousSols_nonirr_organique;5.52;0.0;47.95;11.37;50.5;18.05;22.5;0.04;0.0;0;27.44;0;-248.96;0.0;0.04;0.0;5.52
2021;204;281;beauce_5_sa_099;solnu;;0.96;0.0;33.82;-7.91;0.0;22.5;47.34;0.05;0.07;0;0;0;-243.49;0.03;0.02;0.0;0.96
2021;282;365;beauce_5_sa_099;orgeh;orgeH_tousSols_nonirr_organique;3.18;0.0;13.04;-34.81;8.16;47.76;14.22;0.0;0.0;0;4.08;0;-50.82;0.0;0.0;0.0;3.18
