annee;jourDebut;jourFin;parcelle;couvert;itk;evaporation[mm];transpiration[mm];percolation[mm];capilarite[mm];ruissellement[mm];Hr_debut[mm];Hm_debut[mm];Hr_fin[mm];Hm_fin[mm];Hr_1erJanv[mm];Hm_1erJanv[mm];satisfactionHydrique[%];pluie[mm];irrigation[mm];sommeDegresJourCulture[°C]
2019;213;263;beauce_5_sa_000;solnu;;84.51;0.0;0.0;0.01;0.0;45.53;248.32;23.35;226.14;-1.0;-1.0;0.0;62.33;0.0;0.0
2019;264;365;beauce_5_sa_000;orgeh;orgeH_tousSols_nonirr_organique;51.08;1.85;15.57;0.54;0.0;22.34;225.13;74.73;310.4;-1.0;-1.0;81.92;153.57;0.0;906.2
2019;213;262;beauce_5_sa_001;solnu;;82.68;0.0;0.0;0.01;0.0;45.53;248.32;25.19;227.97;-1.0;-1.0;0.0;62.33;0.0;0.0
2019;263;365;beauce_5_sa_001;orgeh;orgeH_tousSols_nonirr_organique;52.83;2.04;15.46;0.56;0.0;23.24;226.03;76.11;310.4;-1.0;-1.0;81.95;153.57;0.0;922.18
2019;213;301;beauce_5_sa_002;solnu;;112.95;0.0;0.0;0.01;0.0;45.53;248.32;44.25;247.04;-1.0;-1.0;0.0;113.79;0.0;0.0
2019;302;365;beauce_5_sa_002;orgeh;orgeH_tousSols_nonirr_organique;27.91;0.0;12.15;0.73;0.0;46.01;248.8;56.91;310.4;-1.0;-1.0;98.35;102.11;0.0;421.57
2019;213;260;beauce_5_sa_003;solnu;;81.73;0.0;0.0;0.01;0.0;45.53;248.32;11.5;214.28;-1.0;-1.0;0.0;47.7;0.0;0.0
2019;261;365;beauce_5_sa_003;orgeh;orgeH_tousSols_nonirr_organique;52.14;2.62;16.52;0.44;0.0;10.7;213.49;79.86;310.4;-1.0;-1.0;82.39;168.21;0.0;953.86
2019;213;262;beauce_5_sa_004;solnu;;82.82;0.0;0.0;0.01;0.0;45.53;248.32;25.05;227.83;-1.0;-1.0;0.0;62.33;0.0;0.0
2019;263;365;beauce_5_sa_004;orgeh;orgeH_tousSols_nonirr_organique;53.08;1.96;15.16;0.57;0.0;23.09;225.88;76.11;310.4;-1.0;-1.0;80.71;153.57;0.0;922.18
2019;213;303;beauce_5_sa_005;solnu;;113.84;0.0;0.0;0.01;0.0;45.53;248.32;49.19;251.97;-1.0;-1.0;0.0;118.19;0.0;0.0
2019;304;365;beauce_5_sa_005;orgeh;orgeH_tousSols_nonirr_organique;27.01;0.0;12.16;0.71;0.0;49.05;251.84;56.91;310.4;-1.0;-1.0;98.36;97.72;0.0;406.45
2019;213;277;beauce_5_sa_006;solnu;;97.87;0.0;0.0;0.01;0.0;45.53;248.32;17.19;219.97;-1.0;-1.0;0.0;69.83;0.0;0.0
2019;278;365;beauce_5_sa_006;orgeh;orgeH_tousSols_nonirr_organique;40.77;0.32;14.05;0.72;0.0;16.93;219.72;56.91;310.4;-1.0;-1.0;87.8;146.07;0.0;686.34
2019;213;310;beauce_5_sa_007;solnu;;118.41;0.0;0.0;0.02;0.0;45.53;248.32;55.86;269.15;-1.0;-1.0;0.0;142.56;0.0;0.0
2019;311;365;beauce_5_sa_007;orgeh;orgeH_tousSols_nonirr_organique;22.44;0.0;12.16;0.41;0.0;56.91;271.96;56.91;310.4;-1.0;-1.0;98.18;73.35;0.0;345.3
2019;213;268;beauce_5_sa_008;solnu;;90.39;0.0;0.0;0.01;0.0;45.53;248.32;20.21;223.0;-1.0;-1.0;0.0;65.07;0.0;0.0
2019;269;365;beauce_5_sa_008;orgeh;orgeH_tousSols_nonirr_organique;46.79;1.06;14.77;0.69;0.0;19.18;221.97;65.22;310.4;-1.0;-1.0;85.1;150.83;0.0;818.79
2019;213;317;beauce_5_sa_009;solnu;;122.65;0.0;0.0;0.1;0.0;45.53;248.32;56.91;278.98;-1.0;-1.0;0.0;153.32;0.0;0.0
2019;318;365;beauce_5_sa_009;orgeh;orgeH_tousSols_nonirr_organique;18.2;0.0;12.16;0.18;0.0;56.36;278.44;56.91;310.4;-1.0;-1.0;97.92;62.59;0.0;276.42
2019;213;303;beauce_5_sa_010;solnu;;114.21;0.0;0.0;0.01;0.0;45.53;248.32;48.82;251.6;-1.0;-1.0;0.0;118.19;0.0;0.0
2019;304;365;beauce_5_sa_010;orgeh;orgeH_tousSols_nonirr_organique;27.01;0.0;11.79;0.71;0.0;48.68;251.47;56.91;310.4;-1.0;-1.0;98.36;97.72;0.0;406.45
2019;213;280;beauce_5_sa_011;solnu;;100.54;0.0;0.0;0.01;0.0;45.53;248.32;15.51;218.3;-1.0;-1.0;0.0;71.67;0.0;0.0
2019;281;365;beauce_5_sa_011;orgeh;orgeH_tousSols_nonirr_organique;39.18;0.23;13.07;0.85;0.0;16.36;219.15;56.91;310.4;-1.0;-1.0;88.87;144.24;0.0;651.64
2019;213;278;beauce_5_sa_012;solnu;;98.99;0.0;0.0;0.01;0.0;45.53;248.32;16.37;219.16;-1.0;-1.0;0.0;70.52;0.0;0.0
2019;279;365;beauce_5_sa_012;orgeh;orgeH_tousSols_nonirr_organique;40.47;0.29;13.26;0.83;0.0;16.46;219.25;56.91;310.4;-1.0;-1.0;88.03;145.39;0.0;669.87
2019;213;259;beauce_5_sa_013;solnu;;80.89;0.0;0.0;0.0;0.0;45.53;248.32;12.34;215.13;-1.0;-1.0;0.0;47.7;0.0;0.0
2019;260;365;beauce_5_sa_013;orgeh;orgeH_tousSols_nonirr_organique;53.04;3.0;16.09;0.48;0.0;11.53;214.32;82.16;310.4;-1.0;-1.0;81.87;168.21;0.0;968.3
2019;213;284;beauce_5_sa_014;solnu;;102.33;0.0;0.0;0.01;0.0;45.53;248.32;18.1;220.89;-1.0;-1.0;0.0;74.9;0.0;0.0
2019;285;365;beauce_5_sa_014;orgeh;orgeH_tousSols_nonirr_organique;37.81;0.14;12.73;0.85;0.0;17.4;220.19;56.91;310.4;-1.0;-1.0;90.48;141.0;0.0;598.71
2019;213;294;beauce_5_sa_015;solnu;;108.1;0.0;0.0;0.01;0.0;45.53;248.32;34.75;237.54;-1.0;-1.0;0.0;101.68;0.0;0.0
2019;295;365;beauce_5_sa_015;orgeh;orgeH_tousSols_nonirr_organique;32.85;0.03;12.04;0.83;0.0;38.7;241.48;56.91;310.4;-1.0;-1.0;95.88;114.22;0.0;487.09
2019;213;309;beauce_5_sa_016;solnu;;117.84;0.0;0.0;0.01;0.0;45.53;248.32;56.48;269.73;-1.0;-1.0;0.0;139.25;0.0;0.0
2019;310;365;beauce_5_sa_016;orgeh;orgeH_tousSols_nonirr_organique;23.03;0.0;12.15;0.42;0.0;55.86;269.11;56.91;310.4;-1.0;-1.0;98.21;76.66;0.0;355.2
2019;213;296;beauce_5_sa_017;solnu;;109.23;0.0;0.0;0.01;0.0;45.53;248.32;37.99;240.77;-1.0;-1.0;0.0;102.44;0.0;0.0
2019;297;365;beauce_5_sa_017;orgeh;orgeH_tousSols_nonirr_organique;31.7;0.02;12.07;0.81;0.0;37.62;240.41;56.91;310.4;-1.0;-1.0;96.9;113.47;0.0;464.28
2019;213;259;beauce_5_sa_018;solnu;;80.85;0.0;0.0;0.01;0.0;45.53;248.32;12.38;215.17;-1.0;-1.0;0.0;47.7;0.0;0.0
2019;260;365;beauce_5_sa_018;orgeh;orgeH_tousSols_nonirr_organique;52.99;3.02;16.15;0.48;0.0;11.57;214.36;82.16;310.4;-1.0;-1.0;82.11;168.21;0.0;968.3
2019;213;276;beauce_5_sa_019;solnu;;97.6;0.0;0.0;0.01;0.0;45.53;248.32;17.14;219.93;-1.0;-1.0;0.0;69.53;0.0;0.0
2019;277;365;beauce_5_sa_019;orgeh;orgeH_tousSols_nonirr_organique;41.37;0.37;13.67;0.81;0.0;16.74;219.52;56.91;310.4;-1.0;-1.0;88.22;146.38;0.0;697.57
2019;213;268;beauce_5_sa_020;solnu;;90.39;0.0;0.0;0.01;0.0;45.53;248.32;20.21;223.0;-1.0;-1.0;0.0;65.07;0.0;0.0
2019;269;365;beauce_5_sa_020;orgeh;orgeH_tousSols_nonirr_organique;46.79;1.06;14.77;0.69;0.0;19.18;221.97;65.22;310.4;-1.0;-1.0;85.1;150.83;0.0;818.79
2019;213;290;beauce_5_sa_021;solnu;;105.09;0.0;0.0;0.01;0.0;45.53;248.32;18.46;221.25;-1.0;-1.0;0.0;86.42;0.0;0.0
2019;291;365;beauce_5_sa_021;orgeh;orgeH_tousSols_nonirr_organique;35.21;0.06;12.65;0.81;0.0;26.37;229.16;56.91;310.4;-1.0;-1.0;93.45;129.48;0.0;529.57
2019;213;274;beauce_5_sa_022;solnu;;96.05;0.0;0.0;0.01;0.0;45.53;248.32;18.69;221.48;-1.0;-1.0;0.0;69.21;0.0;0.0
2019;275;365;beauce_5_sa_022;orgeh;orgeH_tousSols_nonirr_organique;42.86;0.46;13.65;0.79;0.0;17.8;220.59;56.91;310.4;-1.0;-1.0;86.35;146.69;0.0;727.04
2019;213;292;beauce_5_sa_023;solnu;;105.88;0.0;0.0;0.01;0.0;45.53;248.32;35.33;238.12;-1.0;-1.0;0.0;97.32;0.0;0.0
2019;293;365;beauce_5_sa_023;orgeh;orgeH_tousSols_nonirr_organique;34.69;0.04;12.4;0.8;0.0;35.98;238.77;56.91;310.4;-1.0;-1.0;94.6;118.58;0.0;507.81
2019;213;314;beauce_5_sa_024;solnu;;121.34;0.0;0.0;0.07;0.0;45.53;248.32;56.91;277.19;-1.0;-1.0;0.0;150.51;0.0;0.0
2019;315;365;beauce_5_sa_024;orgeh;orgeH_tousSols_nonirr_organique;19.65;0.0;12.03;0.24;0.0;56.74;277.01;56.91;310.4;-1.0;-1.0;98.04;65.4;0.0;308.01
2019;213;281;beauce_5_sa_025;solnu;;100.71;0.0;0.0;0.01;0.0;45.53;248.32;16.49;219.28;-1.0;-1.0;0.0;71.67;0.0;0.0
2019;282;365;beauce_5_sa_025;orgeh;orgeH_tousSols_nonirr_organique;38.88;0.21;13.22;0.85;0.0;15.9;218.69;56.91;310.4;-1.0;-1.0;90.18;144.24;0.0;633.81
2019;213;295;beauce_5_sa_026;solnu;;108.26;0.0;0.0;0.01;0.0;45.53;248.32;38.95;241.74;-1.0;-1.0;0.0;101.68;0.0;0.0
2019;296;365;beauce_5_sa_026;orgeh;orgeH_tousSols_nonirr_organique;32.48;0.02;12.25;0.8;0.0;38.13;240.92;56.91;310.4;-1.0;-1.0;96.49;114.22;0.0;473.96
2019;213;294;beauce_5_sa_027;solnu;;107.82;0.0;0.0;0.01;0.0;45.53;248.32;35.03;237.82;-1.0;-1.0;0.0;101.68;0.0;0.0
2019;295;365;beauce_5_sa_027;orgeh;orgeH_tousSols_nonirr_organique;32.84;0.03;12.32;0.83;0.0;38.98;241.77;56.91;310.4;-1.0;-1.0;96.06;114.22;0.0;487.09
2019;213;289;beauce_5_sa_028;solnu;;104.56;0.0;0.0;0.01;0.0;45.53;248.32;18.99;221.78;-1.0;-1.0;0.0;78.02;0.0;0.0
2019;290;365;beauce_5_sa_028;orgeh;orgeH_tousSols_nonirr_organique;35.65;0.07;12.73;0.8;0.0;18.47;221.26;56.91;310.4;-1.0;-1.0;92.99;137.88;0.0;543.42
2019;213;289;beauce_5_sa_029;solnu;;104.91;0.0;0.0;0.01;0.0;45.53;248.32;18.64;221.43;-1.0;-1.0;0.0;78.02;0.0;0.0
2019;290;365;beauce_5_sa_029;orgeh;orgeH_tousSols_nonirr_organique;35.71;0.07;12.32;0.83;0.0;18.11;220.9;56.91;310.4;-1.0;-1.0;92.53;137.88;0.0;543.42
2019;213;276;beauce_5_sa_030;solnu;;97.73;0.0;0.0;0.01;0.0;45.53;248.32;17.01;219.8;-1.0;-1.0;0.0;69.53;0.0;0.0
2019;277;365;beauce_5_sa_030;orgeh;orgeH_tousSols_nonirr_organique;41.51;0.36;13.4;0.81;0.0;16.6;219.38;56.91;310.4;-1.0;-1.0;87.15;146.38;0.0;697.57
2019;213;316;beauce_5_sa_031;solnu;;122.17;0.0;0.0;0.09;0.0;45.53;248.32;56.25;276.65;-1.0;-1.0;0.0;153.32;0.0;0.0
2019;317;365;beauce_5_sa_031;orgeh;orgeH_tousSols_nonirr_organique;18.69;0.0;12.15;0.24;0.0;56.91;278.98;56.91;310.4;-1.0;-1.0;97.96;62.59;0.0;290.57
2019;213;301;beauce_5_sa_032;solnu;;112.9;0.0;0.0;0.01;0.0;45.53;248.32;44.3;247.09;-1.0;-1.0;0.0;113.79;0.0;0.0
2019;302;365;beauce_5_sa_032;orgeh;orgeH_tousSols_nonirr_organique;27.95;0.0;12.16;0.68;0.0;46.06;248.85;56.91;310.4;-1.0;-1.0;98.33;102.11;0.0;421.57
2019;213;293;beauce_5_sa_033;solnu;;106.87;0.0;0.0;0.01;0.0;45.53;248.32;35.98;238.77;-1.0;-1.0;0.0;97.32;0.0;0.0
2019;294;365;beauce_5_sa_033;orgeh;orgeH_tousSols_nonirr_organique;33.76;0.03;12.35;0.8;0.0;35.03;237.82;56.91;310.4;-1.0;-1.0;95.27;118.58;0.0;498.06
2019;213;265;beauce_5_sa_034;solnu;;86.46;0.0;0.0;0.01;0.0;45.53;248.32;24.14;226.93;-1.0;-1.0;0.0;65.07;0.0;0.0
2019;266;365;beauce_5_sa_034;orgeh;orgeH_tousSols_nonirr_organique;50.21;1.49;14.86;0.62;0.0;23.22;226.01;71.36;310.4;-1.0;-1.0;82.19;150.83;0.0;871.06
2019;213;306;beauce_5_sa_035;solnu;;116.03;0.0;0.0;0.01;0.0;45.53;248.32;56.91;264.88;-1.0;-1.0;0.0;137.53;0.0;0.0
2019;307;365;beauce_5_sa_035;orgeh;orgeH_tousSols_nonirr_organique;24.83;0.0;12.16;0.52;0.0;56.91;269.04;56.91;310.4;-1.0;-1.0;98.31;78.38;0.0;378.84
2019;213;276;beauce_5_sa_036;solnu;;97.6;0.0;0.0;0.01;0.0;45.53;248.32;17.14;219.93;-1.0;-1.0;0.0;69.53;0.0;0.0
2019;277;365;beauce_5_sa_036;orgeh;orgeH_tousSols_nonirr_organique;41.37;0.37;13.67;0.81;0.0;16.74;219.52;56.91;310.4;-1.0;-1.0;88.22;146.38;0.0;697.57
2019;213;304;beauce_5_sa_037;solnu;;115.05;0.0;0.0;0.01;0.0;45.53;248.32;48.67;251.45;-1.0;-1.0;0.0;118.19;0.0;0.0
2019;305;365;beauce_5_sa_037;orgeh;orgeH_tousSols_nonirr_organique;26.25;0.0;11.71;0.61;0.0;47.89;250.68;56.91;310.4;-1.0;-1.0;98.35;97.72;0.0;398.57
2019;213;291;beauce_5_sa_038;solnu;;105.59;0.0;0.0;0.01;0.0;45.53;248.32;26.37;229.15;-1.0;-1.0;0.0;95.68;0.0;0.0
2019;292;365;beauce_5_sa_038;orgeh;orgeH_tousSols_nonirr_organique;34.89;0.05;12.49;0.86;0.0;35.33;238.12;56.91;310.4;-1.0;-1.0;94.48;120.22;0.0;518.09
2019;213;267;beauce_5_sa_039;solnu;;89.35;0.0;0.0;0.01;0.0;45.53;248.32;21.25;224.04;-1.0;-1.0;0.0;65.07;0.0;0.0
2019;268;365;beauce_5_sa_039;orgeh;orgeH_tousSols_nonirr_organique;47.96;1.14;14.56;0.67;0.0;20.09;222.88;67.04;310.4;-1.0;-1.0;83.17;150.83;0.0;836.54
2019;213;270;beauce_5_sa_040;solnu;;92.72;0.0;0.0;0.01;0.0;45.53;248.32;17.89;220.68;-1.0;-1.0;0.0;65.07;0.0;0.0
2019;271;365;beauce_5_sa_040;orgeh;orgeH_tousSols_nonirr_organique;45.4;0.77;14.13;0.74;0.0;16.32;219.11;61.19;310.4;-1.0;-1.0;84.45;150.83;0.0;783.98
2019;213;260;beauce_5_sa_041;solnu;;81.66;0.0;0.0;0.01;0.0;45.53;248.32;11.57;214.36;-1.0;-1.0;0.0;47.7;0.0;0.0
2019;261;365;beauce_5_sa_041;orgeh;orgeH_tousSols_nonirr_organique;51.93;2.71;16.72;0.43;0.0;10.78;213.57;79.86;310.4;-1.0;-1.0;83.33;168.21;0.0;953.86
2019;213;280;beauce_5_sa_042;solnu;;100.58;0.0;0.0;0.01;0.0;45.53;248.32;15.46;218.25;-1.0;-1.0;0.0;71.67;0.0;0.0
2019;281;365;beauce_5_sa_042;orgeh;orgeH_tousSols_nonirr_organique;39.14;0.23;13.06;0.84;0.0;16.31;219.1;56.91;310.4;-1.0;-1.0;88.94;144.24;0.0;651.64
2019;213;277;beauce_5_sa_043;solnu;;98.32;0.0;0.0;0.01;0.0;45.53;248.32;16.74;219.52;-1.0;-1.0;0.0;69.83;0.0;0.0
2019;278;365;beauce_5_sa_043;orgeh;orgeH_tousSols_nonirr_organique;40.77;0.33;13.59;0.82;0.0;16.48;219.27;56.91;310.4;-1.0;-1.0;88.63;146.07;0.0;686.34
2019;213;285;beauce_5_sa_044;solnu;;102.98;0.0;0.0;0.01;0.0;45.53;248.32;17.45;220.24;-1.0;-1.0;0.0;77.4;0.0;0.0
2019;286;365;beauce_5_sa_044;orgeh;orgeH_tousSols_nonirr_organique;37.3;0.12;12.62;0.86;0.0;19.63;222.41;56.91;310.4;-1.0;-1.0;90.67;138.51;0.0;589.85
2019;213;301;beauce_5_sa_045;solnu;;112.95;0.0;0.0;0.01;0.0;45.53;248.32;44.25;247.04;-1.0;-1.0;0.0;113.79;0.0;0.0
2019;302;365;beauce_5_sa_045;orgeh;orgeH_tousSols_nonirr_organique;27.91;0.0;12.15;0.73;0.0;46.01;248.8;56.91;310.4;-1.0;-1.0;98.35;102.11;0.0;421.57
2019;213;286;beauce_5_sa_046;solnu;;103.15;0.0;0.0;0.01;0.0;45.53;248.32;19.78;222.57;-1.0;-1.0;0.0;77.4;0.0;0.0
2019;287;365;beauce_5_sa_046;orgeh;orgeH_tousSols_nonirr_organique;36.94;0.11;12.82;0.87;0.0;19.32;222.1;56.91;310.4;-1.0;-1.0;92.26;138.51;0.0;578.34
2019;213;303;beauce_5_sa_047;solnu;;113.84;0.0;0.0;0.01;0.0;45.53;248.32;49.19;251.97;-1.0;-1.0;0.0;118.19;0.0;0.0
2019;304;365;beauce_5_sa_047;orgeh;orgeH_tousSols_nonirr_organique;27.01;0.0;12.16;0.71;0.0;49.05;251.84;56.91;310.4;-1.0;-1.0;98.36;97.72;0.0;406.45
2019;213;302;beauce_5_sa_048;solnu;;113.31;0.0;0.0;0.01;0.0;45.53;248.32;46.01;248.8;-1.0;-1.0;0.0;117.49;0.0;0.0
2019;303;365;beauce_5_sa_048;orgeh;orgeH_tousSols_nonirr_organique;27.53;0.0;12.17;0.73;0.0;49.19;251.97;56.91;310.4;-1.0;-1.0;98.38;98.41;0.0;412.94
2019;213;269;beauce_5_sa_049;solnu;;91.42;0.0;0.0;0.01;0.0;45.53;248.32;19.18;221.97;-1.0;-1.0;0.0;65.07;0.0;0.0
2019;270;365;beauce_5_sa_049;orgeh;orgeH_tousSols_nonirr_organique;46.04;0.93;14.62;0.71;0.0;17.96;220.75;63.24;310.4;-1.0;-1.0;85.55;150.83;0.0;800.34
2019;213;258;beauce_5_sa_050;solnu;;80.3;0.0;0.0;0.01;0.0;45.53;248.32;12.24;215.03;-1.0;-1.0;0.0;47.7;0.0;0.0
2019;259;365;beauce_5_sa_050;orgeh;orgeH_tousSols_nonirr_organique;53.44;3.22;16.05;0.46;0.0;12.27;215.06;83.86;310.4;-1.0;-1.0;81.0;168.21;0.0;989.01
2019;213;310;beauce_5_sa_051;solnu;;118.46;0.0;0.0;0.02;0.0;45.53;248.32;55.86;269.11;-1.0;-1.0;0.0;142.56;0.0;0.0
2019;311;365;beauce_5_sa_051;orgeh;orgeH_tousSols_nonirr_organique;22.39;0.0;12.16;0.45;0.0;56.91;271.92;56.91;310.4;-1.0;-1.0;98.18;73.35;0.0;345.3
2019;213;256;beauce_5_sa_052;solnu;;78.34;0.0;0.0;0.01;0.0;45.53;248.32;13.85;216.64;-1.0;-1.0;0.0;46.66;0.0;0.0
2019;257;365;beauce_5_sa_052;orgeh;orgeH_tousSols_nonirr_organique;54.19;4.0;16.48;0.38;0.0;12.8;215.59;87.55;310.4;-1.0;-1.0;81.1;169.25;0.0;1020.05
2019;213;291;beauce_5_sa_053;solnu;;105.59;0.0;0.0;0.01;0.0;45.53;248.32;26.37;229.15;-1.0;-1.0;0.0;95.68;0.0;0.0
2019;292;365;beauce_5_sa_053;orgeh;orgeH_tousSols_nonirr_organique;34.89;0.05;12.49;0.86;0.0;35.33;238.12;56.91;310.4;-1.0;-1.0;94.48;120.22;0.0;518.09
2019;213;269;beauce_5_sa_054;solnu;;91.59;0.0;0.0;0.01;0.0;45.53;248.32;19.01;221.8;-1.0;-1.0;0.0;65.07;0.0;0.0
2019;270;365;beauce_5_sa_054;orgeh;orgeH_tousSols_nonirr_organique;46.32;0.89;14.22;0.72;0.0;17.78;220.56;63.24;310.4;-1.0;-1.0;83.89;150.83;0.0;800.34
2019;213;287;beauce_5_sa_055;solnu;;103.61;0.0;0.0;0.01;0.0;45.53;248.32;19.32;222.1;-1.0;-1.0;0.0;78.02;0.0;0.0
2019;288;365;beauce_5_sa_055;orgeh;orgeH_tousSols_nonirr_organique;36.56;0.09;12.75;0.88;0.0;19.56;222.35;56.91;310.4;-1.0;-1.0;92.74;137.88;0.0;567.78
2019;213;264;beauce_5_sa_056;solnu;;85.63;0.0;0.0;0.01;0.0;45.53;248.32;22.23;225.02;-1.0;-1.0;0.0;65.07;0.0;0.0
2019;265;365;beauce_5_sa_056;orgeh;orgeH_tousSols_nonirr_organique;50.36;1.72;15.3;0.6;0.0;24.28;227.07;72.95;310.4;-1.0;-1.0;83.1;150.83;0.0;891.87
2019;213;290;beauce_5_sa_057;solnu;;105.33;0.0;0.0;0.01;0.0;45.53;248.32;18.22;221.01;-1.0;-1.0;0.0;86.42;0.0;0.0
2019;291;365;beauce_5_sa_057;orgeh;orgeH_tousSols_nonirr_organique;35.28;0.06;12.34;0.83;0.0;26.12;228.91;56.91;310.4;-1.0;-1.0;93.08;129.48;0.0;529.57
2019;213;261;beauce_5_sa_058;solnu;;82.46;0.0;0.0;0.01;0.0;45.53;248.32;10.77;213.56;-1.0;-1.0;0.0;62.33;0.0;0.0
2019;262;365;beauce_5_sa_058;orgeh;orgeH_tousSols_nonirr_organique;52.3;2.41;15.84;0.54;0.0;25.18;227.96;78.25;310.4;-1.0;-1.0;82.49;153.57;0.0;934.6
2019;213;258;beauce_5_sa_059;solnu;;80.2;0.0;0.0;0.01;0.0;45.53;248.32;12.34;215.13;-1.0;-1.0;0.0;47.7;0.0;0.0
2019;259;365;beauce_5_sa_059;orgeh;orgeH_tousSols_nonirr_organique;53.2;3.33;16.28;0.45;0.0;12.38;215.17;83.86;310.4;-1.0;-1.0;82.0;168.21;0.0;989.01
2019;213;263;beauce_5_sa_060;solnu;;84.62;0.0;0.0;0.01;0.0;45.53;248.32;23.24;226.03;-1.0;-1.0;0.0;62.33;0.0;0.0
2019;264;365;beauce_5_sa_060;orgeh;orgeH_tousSols_nonirr_organique;50.94;1.91;15.54;0.56;0.0;22.23;225.02;74.73;310.4;-1.0;-1.0;82.74;153.57;0.0;906.2
2019;213;300;beauce_5_sa_061;solnu;;112.11;0.0;0.0;0.01;0.0;45.53;248.32;44.28;247.07;-1.0;-1.0;0.0;111.67;0.0;0.0
2019;301;365;beauce_5_sa_061;orgeh;orgeH_tousSols_nonirr_organique;28.94;0.01;11.97;0.74;0.0;44.05;246.84;56.91;310.4;-1.0;-1.0;98.27;104.24;0.0;429.33
2019;213;265;beauce_5_sa_062;solnu;;86.32;0.0;0.0;0.01;0.0;45.53;248.32;24.28;227.07;-1.0;-1.0;0.0;65.07;0.0;0.0
2019;266;365;beauce_5_sa_062;orgeh;orgeH_tousSols_nonirr_organique;49.95;1.56;15.18;0.62;0.0;23.37;226.16;71.36;310.4;-1.0;-1.0;83.52;150.83;0.0;871.06
2019;213;301;beauce_5_sa_063;solnu;;112.96;0.0;0.0;0.01;0.0;45.53;248.32;44.24;247.02;-1.0;-1.0;0.0;113.79;0.0;0.0
2019;302;365;beauce_5_sa_063;orgeh;orgeH_tousSols_nonirr_organique;27.91;0.0;12.13;0.73;0.0;45.99;248.78;56.91;310.4;-1.0;-1.0;98.35;102.11;0.0;421.57
2019;213;257;beauce_5_sa_064;solnu;;79.41;0.0;0.0;0.01;0.0;45.53;248.32;12.78;215.57;-1.0;-1.0;0.0;47.01;0.0;0.0
2019;258;365;beauce_5_sa_064;orgeh;orgeH_tousSols_nonirr_organique;53.47;3.69;16.44;0.42;0.0;12.34;215.13;85.6;310.4;-1.0;-1.0;81.95;168.9;0.0;1004.32
2019;213;266;beauce_5_sa_065;solnu;;87.24;0.0;0.0;0.01;0.0;45.53;248.32;23.37;226.16;-1.0;-1.0;0.0;65.07;0.0;0.0
2019;267;365;beauce_5_sa_065;orgeh;orgeH_tousSols_nonirr_organique;49.39;1.35;15.03;0.64;0.0;21.36;224.15;69.05;310.4;-1.0;-1.0;84.1;150.83;0.0;852.98
2019;213;262;beauce_5_sa_066;solnu;;82.76;0.0;0.0;0.01;0.0;45.53;248.32;25.1;227.89;-1.0;-1.0;0.0;62.33;0.0;0.0
2019;263;365;beauce_5_sa_066;orgeh;orgeH_tousSols_nonirr_organique;53.0;1.98;15.27;0.56;0.0;23.15;225.94;76.11;310.4;-1.0;-1.0;81.01;153.57;0.0;922.18
2019;213;268;beauce_5_sa_067;solnu;;90.39;0.0;0.0;0.01;0.0;45.53;248.32;20.21;223.0;-1.0;-1.0;0.0;65.07;0.0;0.0
2019;269;365;beauce_5_sa_067;orgeh;orgeH_tousSols_nonirr_organique;46.79;1.06;14.77;0.69;0.0;19.18;221.97;65.22;310.4;-1.0;-1.0;85.1;150.83;0.0;818.79
2019;213;285;beauce_5_sa_068;solnu;;102.83;0.0;0.0;0.01;0.0;45.53;248.32;17.61;220.39;-1.0;-1.0;0.0;77.4;0.0;0.0
2019;286;365;beauce_5_sa_068;orgeh;orgeH_tousSols_nonirr_organique;37.2;0.12;12.86;0.88;0.0;19.78;222.57;56.91;310.4;-1.0;-1.0;91.83;138.51;0.0;589.85
2019;213;306;beauce_5_sa_069;solnu;;116.03;0.0;0.0;0.01;0.0;45.53;248.32;56.91;264.88;-1.0;-1.0;0.0;137.53;0.0;0.0
2019;307;365;beauce_5_sa_069;orgeh;orgeH_tousSols_nonirr_organique;24.83;0.0;12.16;0.52;0.0;56.91;269.04;56.91;310.4;-1.0;-1.0;98.31;78.38;0.0;378.84
2019;213;301;beauce_5_sa_070;solnu;;112.9;0.0;0.0;0.01;0.0;45.53;248.32;44.3;247.09;-1.0;-1.0;0.0;113.79;0.0;0.0
2019;302;365;beauce_5_sa_070;orgeh;orgeH_tousSols_nonirr_organique;27.95;0.0;12.16;0.68;0.0;46.06;248.85;56.91;310.4;-1.0;-1.0;98.33;102.11;0.0;421.57
2019;213;271;beauce_5_sa_071;solnu;;94.41;0.0;0.0;0.01;0.0;45.53;248.32;16.19;218.98;-1.0;-1.0;0.0;65.07;0.0;0.0
2019;272;365;beauce_5_sa_071;orgeh;orgeH_tousSols_nonirr_organique;43.98;0.68;13.95;0.75;0.0;15.29;218.08;59.38;310.4;-1.0;-1.0;84.99;150.83;0.0;766.17
2019;213;274;beauce_5_sa_072;solnu;;95.96;0.0;0.0;0.01;0.0;45.53;248.32;18.78;221.57;-1.0;-1.0;0.0;69.21;0.0;0.0
2019;275;365;beauce_5_sa_072;orgeh;orgeH_tousSols_nonirr_organique;42.7;0.47;13.88;0.79;0.0;17.9;220.68;56.91;310.4;-1.0;-1.0;87.38;146.69;0.0;727.04
2019;213;307;beauce_5_sa_073;solnu;;116.81;0.0;0.0;0.01;0.0;45.53;248.32;56.91;269.04;-1.0;-1.0;0.0;139.25;0.0;0.0
2019;308;365;beauce_5_sa_073;orgeh;orgeH_tousSols_nonirr_organique;24.03;0.0;12.17;0.45;0.0;56.91;270.16;56.91;310.4;-1.0;-1.0;98.28;76.66;0.0;374.6
2019;213;283;beauce_5_sa_074;solnu;;101.98;0.0;0.0;0.01;0.0;45.53;248.32;15.22;218.01;-1.0;-1.0;0.0;74.9;0.0;0.0
2019;284;365;beauce_5_sa_074;orgeh;orgeH_tousSols_nonirr_organique;37.84;0.16;13.03;0.87;0.0;18.29;221.08;56.91;310.4;-1.0;-1.0;90.98;141.0;0.0;613.66
2019;213;276;beauce_5_sa_075;solnu;;97.6;0.0;0.0;0.01;0.0;45.53;248.32;17.14;219.93;-1.0;-1.0;0.0;69.53;0.0;0.0
2019;277;365;beauce_5_sa_075;orgeh;orgeH_tousSols_nonirr_organique;41.37;0.37;13.67;0.81;0.0;16.74;219.52;56.91;310.4;-1.0;-1.0;88.22;146.38;0.0;697.57
2019;213;261;beauce_5_sa_076;solnu;;81.75;0.0;0.0;0.01;0.0;45.53;248.32;11.48;214.27;-1.0;-1.0;0.0;62.33;0.0;0.0
2019;262;365;beauce_5_sa_076;orgeh;orgeH_tousSols_nonirr_organique;52.4;2.37;16.49;0.48;0.0;25.88;228.67;78.25;310.4;-1.0;-1.0;82.3;153.57;0.0;934.6
2019;213;295;beauce_5_sa_077;solnu;;108.23;0.0;0.0;0.01;0.0;45.53;248.32;38.98;241.77;-1.0;-1.0;0.0;101.68;0.0;0.0
2019;296;365;beauce_5_sa_077;orgeh;orgeH_tousSols_nonirr_organique;32.46;0.02;12.3;0.8;0.0;38.16;240.95;56.91;310.4;-1.0;-1.0;96.56;114.22;0.0;473.96
2019;213;313;beauce_5_sa_078;solnu;;120.95;0.0;0.0;0.05;0.0;45.53;248.32;55.02;269.93;-1.0;-1.0;0.0;150.2;0.0;0.0
2019;314;365;beauce_5_sa_078;orgeh;orgeH_tousSols_nonirr_organique;20.02;0.0;12.05;0.4;0.0;56.91;277.22;56.91;310.4;-1.0;-1.0;98.08;65.7;0.0;314.44
2019;213;288;beauce_5_sa_079;solnu;;104.21;0.0;0.0;0.01;0.0;45.53;248.32;19.34;222.13;-1.0;-1.0;0.0;78.02;0.0;0.0
2019;289;365;beauce_5_sa_079;orgeh;orgeH_tousSols_nonirr_organique;36.31;0.08;12.41;0.88;0.0;18.75;221.54;56.91;310.4;-1.0;-1.0;92.6;137.88;0.0;556.92
2019;213;267;beauce_5_sa_080;solnu;;89.24;0.0;0.0;0.01;0.0;45.53;248.32;21.36;224.15;-1.0;-1.0;0.0;65.07;0.0;0.0
2019;268;365;beauce_5_sa_080;orgeh;orgeH_tousSols_nonirr_organique;47.68;1.19;14.9;0.67;0.0;20.21;223.0;67.04;310.4;-1.0;-1.0;84.62;150.83;0.0;836.54
2019;213;305;beauce_5_sa_081;solnu;;115.44;0.0;0.0;0.01;0.0;45.53;248.32;48.28;251.07;-1.0;-1.0;0.0;132.58;0.0;0.0
2019;306;365;beauce_5_sa_081;orgeh;orgeH_tousSols_nonirr_organique;25.44;0.0;12.14;0.67;0.0;56.91;264.88;56.91;310.4;-1.0;-1.0;98.33;83.32;0.0;384.84
2019;213;276;beauce_5_sa_082;solnu;;97.6;0.0;0.0;0.01;0.0;45.53;248.32;17.14;219.93;-1.0;-1.0;0.0;69.53;0.0;0.0
2019;277;365;beauce_5_sa_082;orgeh;orgeH_tousSols_nonirr_organique;41.37;0.37;13.67;0.81;0.0;16.74;219.52;56.91;310.4;-1.0;-1.0;88.22;146.38;0.0;697.57
2019;213;281;beauce_5_sa_083;solnu;;100.71;0.0;0.0;0.01;0.0;45.53;248.32;16.49;219.27;-1.0;-1.0;0.0;71.67;0.0;0.0
2019;282;365;beauce_5_sa_083;orgeh;orgeH_tousSols_nonirr_organique;38.93;0.21;13.16;0.85;0.0;15.89;218.68;56.91;310.4;-1.0;-1.0;89.84;144.24;0.0;633.81
2019;213;293;beauce_5_sa_084;solnu;;106.87;0.0;0.0;0.01;0.0;45.53;248.32;35.98;238.77;-1.0;-1.0;0.0;97.32;0.0;0.0
2019;294;365;beauce_5_sa_084;orgeh;orgeH_tousSols_nonirr_organique;33.76;0.03;12.35;0.8;0.0;35.03;237.82;56.91;310.4;-1.0;-1.0;95.27;118.58;0.0;498.06
2019;213;277;beauce_5_sa_085;solnu;;98.27;0.0;0.0;0.01;0.0;45.53;248.32;16.79;219.57;-1.0;-1.0;0.0;69.83;0.0;0.0
2019;278;365;beauce_5_sa_085;orgeh;orgeH_tousSols_nonirr_organique;40.88;0.32;13.54;0.78;0.0;16.52;219.31;56.91;310.4;-1.0;-1.0;87.47;146.07;0.0;686.34
2019;213;315;beauce_5_sa_086;solnu;;121.69;0.0;0.0;0.09;0.0;45.53;248.32;56.74;277.14;-1.0;-1.0;0.0;150.51;0.0;0.0
2019;316;365;beauce_5_sa_086;orgeh;orgeH_tousSols_nonirr_organique;19.18;0.0;12.15;0.23;0.0;56.25;276.65;56.91;310.4;-1.0;-1.0;98.0;65.4;0.0;294.39
2019;213;265;beauce_5_sa_087;solnu;;86.32;0.0;0.0;0.01;0.0;45.53;248.32;24.28;227.07;-1.0;-1.0;0.0;65.07;0.0;0.0
2019;266;365;beauce_5_sa_087;orgeh;orgeH_tousSols_nonirr_organique;49.95;1.56;15.18;0.62;0.0;23.37;226.16;71.36;310.4;-1.0;-1.0;83.52;150.83;0.0;871.06
2019;213;263;beauce_5_sa_088;solnu;;84.68;0.0;0.0;0.01;0.0;45.53;248.32;23.18;225.97;-1.0;-1.0;0.0;62.33;0.0;0.0
2019;264;365;beauce_5_sa_088;orgeh;orgeH_tousSols_nonirr_organique;51.01;1.88;15.44;0.56;0.0;22.17;224.96;74.73;310.4;-1.0;-1.0;82.36;153.57;0.0;906.2
2019;213;290;beauce_5_sa_089;solnu;;105.38;0.0;0.0;0.01;0.0;45.53;248.32;18.18;220.97;-1.0;-1.0;0.0;86.42;0.0;0.0
2019;291;365;beauce_5_sa_089;orgeh;orgeH_tousSols_nonirr_organique;35.28;0.06;12.3;0.82;0.0;26.08;228.87;56.91;310.4;-1.0;-1.0;92.95;129.48;0.0;529.57
2019;213;261;beauce_5_sa_090;solnu;;82.45;0.0;0.0;0.01;0.0;45.53;248.32;10.78;213.57;-1.0;-1.0;0.0;62.33;0.0;0.0
2019;262;365;beauce_5_sa_090;orgeh;orgeH_tousSols_nonirr_organique;52.29;2.42;15.86;0.54;0.0;25.19;227.97;78.25;310.4;-1.0;-1.0;82.55;153.57;0.0;934.6
2019;213;281;beauce_5_sa_091;solnu;;100.93;0.0;0.0;0.01;0.0;45.53;248.32;16.27;219.05;-1.0;-1.0;0.0;71.67;0.0;0.0
2019;282;365;beauce_5_sa_091;orgeh;orgeH_tousSols_nonirr_organique;38.98;0.21;12.89;0.86;0.0;15.67;218.45;56.91;310.4;-1.0;-1.0;89.13;144.24;0.0;633.81
2019;213;299;beauce_5_sa_092;solnu;;111.26;0.0;0.0;0.01;0.0;45.53;248.32;37.08;239.87;-1.0;-1.0;0.0;110.85;0.0;0.0
2019;300;365;beauce_5_sa_092;orgeh;orgeH_tousSols_nonirr_organique;29.61;0.01;12.13;0.81;0.0;44.42;247.21;56.91;310.4;-1.0;-1.0;98.22;105.05;0.0;436.35
2019;213;290;beauce_5_sa_093;solnu;;105.35;0.0;0.0;0.01;0.0;45.53;248.32;18.2;220.99;-1.0;-1.0;0.0;86.42;0.0;0.0
2019;291;365;beauce_5_sa_093;orgeh;orgeH_tousSols_nonirr_organique;35.31;0.06;12.29;0.83;0.0;26.09;228.88;56.91;310.4;-1.0;-1.0;92.87;129.48;0.0;529.57
2019;213;314;beauce_5_sa_094;solnu;;121.32;0.0;0.0;0.07;0.0;45.53;248.32;56.91;277.21;-1.0;-1.0;0.0;150.51;0.0;0.0
2019;315;365;beauce_5_sa_094;orgeh;orgeH_tousSols_nonirr_organique;19.65;0.0;12.05;0.24;0.0;56.74;277.03;56.91;310.4;-1.0;-1.0;98.04;65.4;0.0;308.01
2019;213;291;beauce_5_sa_095;solnu;;105.66;0.0;0.0;0.01;0.0;45.53;248.32;26.29;229.08;-1.0;-1.0;0.0;95.68;0.0;0.0
2019;292;365;beauce_5_sa_095;orgeh;orgeH_tousSols_nonirr_organique;34.94;0.05;12.37;0.86;0.0;35.26;238.04;56.91;310.4;-1.0;-1.0;94.15;120.22;0.0;518.09
2019;213;296;beauce_5_sa_096;solnu;;109.05;0.0;0.0;0.01;0.0;45.53;248.32;38.16;240.95;-1.0;-1.0;0.0;102.44;0.0;0.0
2019;297;365;beauce_5_sa_096;orgeh;orgeH_tousSols_nonirr_organique;31.68;0.02;12.26;0.81;0.0;37.8;240.59;56.91;310.4;-1.0;-1.0;97.04;113.47;0.0;464.28
2019;213;300;beauce_5_sa_097;solnu;;111.91;0.0;0.0;0.01;0.0;45.53;248.32;44.48;247.27;-1.0;-1.0;0.0;111.67;0.0;0.0
2019;301;365;beauce_5_sa_097;orgeh;orgeH_tousSols_nonirr_organique;28.93;0.01;12.17;0.74;0.0;44.25;247.04;56.91;310.4;-1.0;-1.0;98.29;104.24;0.0;429.33
2019;213;306;beauce_5_sa_098;solnu;;116.12;0.0;0.0;0.01;0.0;45.53;248.32;56.91;264.78;-1.0;-1.0;0.0;137.53;0.0;0.0
2019;307;365;beauce_5_sa_098;orgeh;orgeH_tousSols_nonirr_organique;24.83;0.0;12.07;0.52;0.0;56.91;268.95;56.91;310.4;-1.0;-1.0;98.31;78.38;0.0;378.84
2019;213;299;beauce_5_sa_099;solnu;;111.34;0.0;0.0;0.01;0.0;45.53;248.32;37.0;239.79;-1.0;-1.0;0.0;110.85;0.0;0.0
2019;300;365;beauce_5_sa_099;orgeh;orgeH_tousSols_nonirr_organique;29.6;0.01;12.07;0.8;0.0;44.36;247.14;56.91;310.4;-1.0;-1.0;98.21;105.05;0.0;436.35
2020;1;177;beauce_5_sa_000;orgeh;orgeH_tousSols_nonirr_organique;113.86;81.83;92.56;14.99;0.0;310.4;248.32;175.15;300.7;74.83;310.4;99.43;277.74;0.0;2492.48
2020;178;264;beauce_5_sa_000;solnu;;119.54;0.0;32.13;16.08;0.0;175.15;225.13;44.63;298.12;74.83;310.4;0.0;149.08;0.0;0.0
2020;265;366;beauce_5_sa_000;orgeh;orgeH_tousSols_nonirr_organique;50.96;0.58;99.07;9.18;0.0;44.29;300.7;68.02;310.37;74.83;310.4;99.02;185.52;0.0;832.76
2020;1;219;beauce_5_sa_001;orgeh;orgeH_tousSols_nonirr_organique;152.69;82.61;98.19;24.97;0.0;310.4;248.32;229.52;310.4;76.21;310.4;99.54;332.67;0.0;3288.94
2020;220;263;beauce_5_sa_001;solnu;;69.8;0.0;37.42;12.65;0.0;229.52;226.03;43.84;297.32;76.21;310.4;0.0;94.15;0.0;0.0
2020;264;366;beauce_5_sa_001;orgeh;orgeH_tousSols_nonirr_organique;53.35;0.53;95.97;9.39;0.0;43.21;310.4;69.82;310.34;76.21;310.4;99.03;185.52;0.0;848.37
2020;1;176;beauce_5_sa_002;orgeh;orgeH_tousSols_nonirr_organique;175.13;34.05;93.75;29.65;0.0;310.4;248.32;132.18;286.02;56.91;310.4;99.43;277.74;0.0;1993.9
2020;177;302;beauce_5_sa_002;solnu;;151.79;0.0;48.13;32.4;0.0;132.18;248.8;54.29;307.78;56.91;310.4;0.0;221.68;0.0;0.0
2020;303;366;beauce_5_sa_002;orgeh;orgeH_tousSols_nonirr_organique;25.19;0.0;62.53;1.42;0.0;53.76;286.02;56.85;310.34;56.91;310.4;98.44;112.93;0.0;374.98
2020;1;198;beauce_5_sa_003;orgeh;orgeH_tousSols_nonirr_organique;130.16;83.7;96.51;18.53;0.0;310.4;248.32;199.3;299.37;79.95;310.4;99.49;299.34;0.0;2934.37
2020;199;261;beauce_5_sa_003;solnu;;91.93;0.0;36.28;11.24;0.0;199.3;213.49;45.77;299.25;79.95;310.4;0.0;127.27;0.0;0.0
2020;262;366;beauce_5_sa_003;orgeh;orgeH_tousSols_nonirr_organique;52.39;0.4;99.17;9.21;0.0;45.22;299.37;73.18;310.37;79.95;310.4;99.05;185.72;0.0;882.14
2020;1;212;beauce_5_sa_004;orgeh;orgeH_tousSols_nonirr_organique;143.67;83.88;97.12;22.93;0.0;310.4;248.32;219.35;307.85;76.21;310.4;99.52;321.31;0.0;3150.1
2020;213;263;beauce_5_sa_004;solnu;;77.63;0.0;37.16;8.06;0.0;219.35;225.88;45.08;298.57;76.21;310.4;0.0;105.51;0.0;0.0
2020;264;366;beauce_5_sa_004;orgeh;orgeH_tousSols_nonirr_organique;51.75;0.42;98.91;9.27;0.0;44.63;307.85;69.85;310.37;76.21;310.4;99.03;185.52;0.0;848.37
2020;1;228;beauce_5_sa_005;orgeh;orgeH_tousSols_nonirr_organique;239.25;34.8;93.86;45.45;0.0;310.4;248.32;204.78;305.26;56.91;310.4;99.55;362.42;0.0;2938.07
2020;229;304;beauce_5_sa_005;solnu;;85.17;0.0;50.72;20.14;0.0;204.78;251.84;53.79;307.28;56.91;310.4;0.0;137.44;0.0;0.0
2020;305;366;beauce_5_sa_005;orgeh;orgeH_tousSols_nonirr_organique;24.26;0.0;62.51;1.4;0.0;53.09;305.26;56.85;310.34;56.91;310.4;98.39;112.47;0.0;355.75
2020;1;211;beauce_5_sa_006;orgeh;orgeH_tousSols_nonirr_organique;191.81;49.31;92.99;34.39;0.0;310.4;248.32;195.77;298.41;56.91;310.4;99.52;321.31;0.0;2897.16
2020;212;278;beauce_5_sa_006;solnu;;92.77;0.0;45.47;13.57;0.0;195.77;219.72;54.62;308.11;56.91;310.4;0.0;147.95;0.0;0.0
2020;279;366;beauce_5_sa_006;orgeh;orgeH_tousSols_nonirr_organique;38.7;0.01;79.5;3.47;0.0;53.56;298.41;56.85;310.34;56.91;310.4;98.86;143.08;0.0;631.3
2020;1;199;beauce_5_sa_007;orgeh;orgeH_tousSols_nonirr_organique;205.93;34.61;93.64;37.92;0.0;310.4;248.32;145.49;276.37;56.91;310.4;99.49;299.34;0.0;2344.33
2020;200;311;beauce_5_sa_007;solnu;;128.12;0.0;46.16;26.57;0.0;145.49;271.96;55.36;308.85;56.91;310.4;0.0;210.65;0.0;0.0
2020;312;366;beauce_5_sa_007;orgeh;orgeH_tousSols_nonirr_organique;19.35;0.0;62.76;1.03;0.0;56.91;276.37;56.85;310.34;56.91;310.4;98.18;102.35;0.0;302.33
2020;1;209;beauce_5_sa_008;orgeh;orgeH_tousSols_nonirr_organique;162.09;69.74;90.36;27.94;0.0;310.4;248.32;204.2;301.38;65.31;310.4;99.52;321.31;0.0;2997.32
2020;210;269;beauce_5_sa_008;solnu;;88.29;0.0;33.99;18.05;0.0;204.2;221.97;43.54;297.03;65.31;310.4;0.0;108.98;0.0;0.0
2020;270;366;beauce_5_sa_008;orgeh;orgeH_tousSols_nonirr_organique;51.19;0.28;94.62;8.85;0.0;42.53;301.38;59.26;310.34;65.31;310.4;98.97;182.05;0.0;751.13
2020;1;189;beauce_5_sa_009;orgeh;orgeH_tousSols_nonirr_organique;195.9;34.85;93.97;35.12;0.0;310.4;248.32;135.57;278.59;56.91;310.4;99.46;292.09;0.0;2086.04
2020;190;318;beauce_5_sa_009;solnu;;141.18;0.0;47.23;29.88;0.0;135.57;278.44;54.8;308.28;56.91;310.4;0.0;218.57;0.0;0.0
2020;319;366;beauce_5_sa_009;orgeh;orgeH_tousSols_nonirr_organique;16.81;0.0;60.64;0.91;0.0;54.97;278.59;56.85;310.34;56.91;310.4;97.92;101.67;0.0;257.58
2020;1;220;beauce_5_sa_010;orgeh;orgeH_tousSols_nonirr_organique;227.78;35.47;93.85;43.46;0.0;310.4;248.32;177.93;286.78;56.91;310.4;99.53;333.81;0.0;2790.87
2020;221;304;beauce_5_sa_010;solnu;;97.72;0.0;48.94;20.01;0.0;177.93;251.47;53.84;307.32;56.91;310.4;0.0;166.06;0.0;0.0
2020;305;366;beauce_5_sa_010;orgeh;orgeH_tousSols_nonirr_organique;24.24;0.0;62.57;1.39;0.0;53.15;286.78;56.85;310.34;56.91;310.4;98.39;112.47;0.0;355.75
2020;1;216;beauce_5_sa_011;orgeh;orgeH_tousSols_nonirr_organique;202.22;46.59;93.69;37.58;0.0;310.4;248.32;195.87;295.48;56.91;310.4;99.53;326.77;0.0;2957.67
2020;217;281;beauce_5_sa_011;solnu;;88.94;0.0;43.32;11.74;0.0;195.87;219.15;52.23;305.72;56.91;310.4;0.0;142.49;0.0;0.0
2020;282;366;beauce_5_sa_011;orgeh;orgeH_tousSols_nonirr_organique;36.83;0.01;78.98;3.58;0.0;50.38;295.48;56.85;310.34;56.91;310.4;98.82;143.08;0.0;595.49
2020;1;174;beauce_5_sa_012;orgeh;orgeH_tousSols_nonirr_organique;152.02;49.99;93.35;22.48;0.0;310.4;248.32;150.55;292.77;56.91;310.4;99.42;276.93;0.0;2198.97
2020;175;279;beauce_5_sa_012;solnu;;136.73;0.0;41.33;20.24;0.0;150.55;219.25;53.56;307.04;56.91;310.4;0.0;192.33;0.0;0.0
2020;280;366;beauce_5_sa_012;orgeh;orgeH_tousSols_nonirr_organique;37.8;0.01;79.33;3.53;0.0;52.87;292.77;56.85;310.34;56.91;310.4;98.85;143.08;0.0;618.75
2020;1;207;beauce_5_sa_013;orgeh;orgeH_tousSols_nonirr_organique;131.71;85.2;98.92;20.69;0.0;310.4;248.32;208.06;298.84;82.25;310.4;99.51;303.45;0.0;3112.04
2020;208;260;beauce_5_sa_013;solnu;;84.37;0.0;39.0;9.89;0.0;208.06;214.32;45.01;298.5;82.25;310.4;0.0;123.16;0.0;0.0
2020;261;366;beauce_5_sa_013;orgeh;orgeH_tousSols_nonirr_organique;49.71;2.08;99.54;8.97;0.0;44.83;298.84;75.01;310.38;82.25;310.4;99.06;185.72;0.0;894.86
2020;1;213;beauce_5_sa_014;orgeh;orgeH_tousSols_nonirr_organique;205.16;40.7;94.18;38.78;0.0;310.4;248.32;187.41;292.48;56.91;310.4;99.53;321.31;0.0;2846.01
2020;214;285;beauce_5_sa_014;solnu;;94.18;0.0;43.48;9.94;0.0;187.41;220.19;49.7;303.18;56.91;310.4;0.0;148.36;0.0;0.0
2020;286;366;beauce_5_sa_014;orgeh;orgeH_tousSols_nonirr_organique;34.62;0.0;78.24;3.58;0.0;49.32;292.48;56.85;310.34;56.91;310.4;98.77;142.67;0.0;544.43
2020;1;204;beauce_5_sa_015;orgeh;orgeH_tousSols_nonirr_organique;204.16;36.29;94.03;39.24;0.0;310.4;248.32;158.24;279.47;56.91;310.4;99.5;302.75;0.0;2570.58
2020;205;295;beauce_5_sa_015;solnu;;112.23;0.0;52.4;16.74;0.0;158.24;241.48;55.87;309.36;56.91;310.4;0.0;194.55;0.0;0.0
2020;296;366;beauce_5_sa_015;orgeh;orgeH_tousSols_nonirr_organique;28.48;0.0;62.97;1.52;0.0;55.18;279.47;56.85;310.34;56.91;310.4;98.59;115.04;0.0;445.94
2020;1;173;beauce_5_sa_016;orgeh;orgeH_tousSols_nonirr_organique;173.48;31.2;93.83;27.89;0.0;310.4;248.32;130.82;289.63;56.91;310.4;99.42;276.93;0.0;1869.25
2020;174;310;beauce_5_sa_016;solnu;;159.46;0.0;49.69;33.42;0.0;130.82;269.11;56.16;309.65;56.91;310.4;0.0;229.17;0.0;0.0
2020;311;366;beauce_5_sa_016;orgeh;orgeH_tousSols_nonirr_organique;20.38;0.0;62.53;0.97;0.0;55.14;289.63;56.85;310.34;56.91;310.4;98.21;106.25;0.0;304.91
2020;1;183;beauce_5_sa_017;orgeh;orgeH_tousSols_nonirr_organique;183.76;36.17;93.93;32.18;0.0;310.4;248.32;137.72;282.17;56.91;310.4;99.45;290.23;0.0;2160.11
2020;184;297;beauce_5_sa_017;solnu;;136.09;0.0;50.45;26.29;0.0;137.72;240.41;54.61;308.09;56.91;310.4;0.0;208.28;0.0;0.0
2020;298;366;beauce_5_sa_017;orgeh;orgeH_tousSols_nonirr_organique;27.33;0.0;62.82;1.57;0.0;55.41;282.17;56.85;310.34;56.91;310.4;98.55;113.83;0.0;424.97
2020;1;219;beauce_5_sa_018;orgeh;orgeH_tousSols_nonirr_organique;142.36;85.95;105.18;22.72;0.0;310.4;248.32;232.0;310.4;82.25;310.4;99.54;332.67;0.0;3335.06
2020;220;260;beauce_5_sa_018;solnu;;68.53;0.0;37.42;10.84;0.0;232.0;214.36;44.78;298.26;82.25;310.4;0.0;93.94;0.0;0.0
2020;261;366;beauce_5_sa_018;orgeh;orgeH_tousSols_nonirr_organique;53.48;0.69;96.95;9.54;0.0;44.57;310.4;74.98;310.34;82.25;310.4;99.05;185.72;0.0;894.86
2020;1;209;beauce_5_sa_019;orgeh;orgeH_tousSols_nonirr_organique;186.59;50.68;93.11;34.61;0.0;310.4;248.32;189.43;293.19;56.91;310.4;99.52;321.31;0.0;2876.1
2020;210;277;beauce_5_sa_019;solnu;;97.3;0.0;42.39;19.97;0.0;189.43;219.52;56.91;310.4;56.91;310.4;0.0;147.95;0.0;0.0
2020;278;366;beauce_5_sa_019;orgeh;orgeH_tousSols_nonirr_organique;40.49;0.09;79.92;3.26;0.0;54.62;293.19;56.85;310.34;56.91;310.4;98.88;143.08;0.0;639.11
2020;1;207;beauce_5_sa_020;orgeh;orgeH_tousSols_nonirr_organique;161.0;69.74;90.36;27.41;0.0;310.4;248.32;194.49;293.56;65.31;310.4;99.51;303.45;0.0;2962.53
2020;208;269;beauce_5_sa_020;solnu;;90.29;0.0;33.08;18.06;0.0;194.49;221.97;43.54;297.02;65.31;310.4;0.0;126.84;0.0;0.0
2020;270;366;beauce_5_sa_020;orgeh;orgeH_tousSols_nonirr_organique;51.21;0.27;94.61;8.85;0.0;42.53;293.56;59.26;310.34;65.31;310.4;98.97;182.05;0.0;751.13
2020;1;188;beauce_5_sa_021;orgeh;orgeH_tousSols_nonirr_organique;185.94;37.29;93.87;32.19;0.0;310.4;248.32;151.38;286.2;56.91;310.4;99.46;292.09;0.0;2320.42
2020;189;291;beauce_5_sa_021;solnu;;127.21;0.0;36.8;25.26;0.0;151.38;229.16;47.43;300.91;56.91;310.4;0.0;196.06;0.0;0.0
2020;292;366;beauce_5_sa_021;orgeh;orgeH_tousSols_nonirr_organique;31.84;0.0;77.6;3.15;0.0;56.91;286.2;56.85;310.34;56.91;310.4;98.67;124.19;0.0;486.37
2020;1;228;beauce_5_sa_022;orgeh;orgeH_tousSols_nonirr_organique;205.46;55.46;101.86;36.76;0.0;310.4;248.32;227.59;310.4;56.91;310.4;99.56;362.42;0.0;3258.66
2020;229;275;beauce_5_sa_022;solnu;;61.45;0.0;40.5;6.72;0.0;227.59;220.59;53.26;306.74;56.91;310.4;0.0;97.84;0.0;0.0
2020;276;366;beauce_5_sa_022;orgeh;orgeH_tousSols_nonirr_organique;43.89;0.02;81.92;5.21;0.0;51.35;310.4;56.85;310.34;56.91;310.4;98.9;152.08;0.0;665.02
2020;1;222;beauce_5_sa_023;orgeh;orgeH_tousSols_nonirr_organique;225.9;37.0;94.0;42.37;0.0;310.4;248.32;206.59;307.89;56.91;310.4;99.54;353.71;0.0;2926.73
2020;223;293;beauce_5_sa_023;solnu;;86.45;0.0;46.56;16.94;0.0;206.59;238.77;55.97;309.46;56.91;310.4;0.0;143.55;0.0;0.0
2020;294;366;beauce_5_sa_023;orgeh;orgeH_tousSols_nonirr_organique;30.55;0.0;70.12;2.2;0.0;56.91;307.89;56.85;310.34;56.91;310.4;98.63;115.07;0.0;463.96
2020;1;216;beauce_5_sa_024;orgeh;orgeH_tousSols_nonirr_organique;223.65;34.79;93.96;42.97;0.0;310.4;248.32;170.56;285.58;56.91;310.4;99.52;326.77;0.0;2614.04
2020;217;315;beauce_5_sa_024;solnu;;109.77;0.0;50.07;19.13;0.0;170.56;277.01;55.69;309.17;56.91;310.4;0.0;183.43;0.0;0.0
2020;316;366;beauce_5_sa_024;orgeh;orgeH_tousSols_nonirr_organique;17.51;0.0;60.83;0.83;0.0;55.29;285.58;56.85;310.34;56.91;310.4;98.04;102.14;0.0;275.37
2020;1;174;beauce_5_sa_025;orgeh;orgeH_tousSols_nonirr_organique;157.19;44.81;93.97;23.93;0.0;310.4;248.32;147.72;292.17;56.91;310.4;99.42;276.93;0.0;2162.92
2020;175;282;beauce_5_sa_025;solnu;;142.66;0.0;38.12;27.59;0.0;147.72;218.69;50.23;303.71;56.91;310.4;0.0;192.58;0.0;0.0
2020;283;366;beauce_5_sa_025;orgeh;orgeH_tousSols_nonirr_organique;35.15;0.06;78.6;3.8;0.0;50.28;292.17;56.85;310.34;56.91;310.4;98.81;142.83;0.0;579.69
2020;1;194;beauce_5_sa_026;orgeh;orgeH_tousSols_nonirr_organique;196.51;35.99;93.99;35.37;0.0;310.4;248.32;150.05;282.41;56.91;310.4;99.48;298.28;0.0;2378.93
2020;195;296;beauce_5_sa_026;solnu;;124.1;0.0;49.25;25.41;0.0;150.05;240.92;55.18;308.67;56.91;310.4;0.0;199.02;0.0;0.0
2020;297;366;beauce_5_sa_026;orgeh;orgeH_tousSols_nonirr_organique;27.77;0.0;62.95;1.51;0.0;54.61;282.41;56.85;310.34;56.91;310.4;98.57;115.04;0.0;434.83
2020;1;187;beauce_5_sa_027;orgeh;orgeH_tousSols_nonirr_organique;187.17;36.36;94.03;33.17;0.0;310.4;248.32;147.15;285.75;56.91;310.4;99.46;292.09;0.0;2261.36
2020;188;295;beauce_5_sa_027;solnu;;131.75;0.0;49.81;27.86;0.0;147.15;241.77;55.87;309.36;56.91;310.4;0.0;205.2;0.0;0.0
2020;296;366;beauce_5_sa_027;orgeh;orgeH_tousSols_nonirr_organique;28.49;0.0;62.96;1.54;0.0;55.18;285.75;56.85;310.34;56.91;310.4;98.59;115.04;0.0;445.94
2020;1;220;beauce_5_sa_028;orgeh;orgeH_tousSols_nonirr_organique;220.24;38.4;93.88;41.18;0.0;310.4;248.32;190.33;291.36;56.91;310.4;99.54;333.81;0.0;2927.85
2020;221;290;beauce_5_sa_028;solnu;;90.03;0.0;37.69;18.93;0.0;190.33;221.26;48.29;301.78;56.91;310.4;0.0;137.01;0.0;0.0
2020;291;366;beauce_5_sa_028;orgeh;orgeH_tousSols_nonirr_organique;32.2;0.0;78.11;3.15;0.0;47.92;291.36;56.85;310.34;56.91;310.4;98.68;141.52;0.0;495.65
2020;1;192;beauce_5_sa_029;orgeh;orgeH_tousSols_nonirr_organique;187.73;38.52;93.96;33.69;0.0;310.4;248.32;158.54;288.33;56.91;310.4;99.47;297.69;0.0;2409.45
2020;193;290;beauce_5_sa_029;solnu;;120.38;0.0;39.86;17.03;0.0;158.54;220.9;48.09;301.58;56.91;310.4;0.0;173.13;0.0;0.0
2020;291;366;beauce_5_sa_029;orgeh;orgeH_tousSols_nonirr_organique;32.36;0.0;77.75;3.47;0.0;47.58;288.33;56.85;310.34;56.91;310.4;98.68;141.52;0.0;495.65
2020;1;219;beauce_5_sa_030;orgeh;orgeH_tousSols_nonirr_organique;198.67;52.2;92.94;36.33;0.0;310.4;248.32;206.79;300.07;56.91;310.4;99.54;332.67;0.0;3064.33
2020;220;277;beauce_5_sa_030;solnu;;79.51;0.0;46.75;9.13;0.0;206.79;219.38;56.91;310.4;56.91;310.4;0.0;136.59;0.0;0.0
2020;278;366;beauce_5_sa_030;orgeh;orgeH_tousSols_nonirr_organique;40.86;0.01;79.62;3.32;0.0;54.62;300.07;56.85;310.34;56.91;310.4;98.88;143.08;0.0;639.11
2020;1;211;beauce_5_sa_031;orgeh;orgeH_tousSols_nonirr_organique;217.48;34.58;93.98;41.87;0.0;310.4;248.32;165.8;286.49;56.91;310.4;99.51;321.31;0.0;2501.4
2020;212;317;beauce_5_sa_031;solnu;;118.5;0.0;48.37;25.64;0.0;165.8;278.98;55.02;308.5;56.91;310.4;0.0;188.89;0.0;0.0
2020;318;366;beauce_5_sa_031;orgeh;orgeH_tousSols_nonirr_organique;16.97;0.0;60.69;0.91;0.0;54.8;286.49;56.85;310.34;56.91;310.4;97.96;102.14;0.0;265.67
2020;1;200;beauce_5_sa_032;orgeh;orgeH_tousSols_nonirr_organique;205.85;34.82;93.45;37.86;0.0;310.4;248.32;148.14;276.44;56.91;310.4;99.49;300.08;0.0;2438.28
2020;201;302;beauce_5_sa_032;solnu;;121.32;0.0;47.31;25.9;0.0;148.14;248.85;54.39;307.88;56.91;310.4;0.0;199.33;0.0;0.0
2020;303;366;beauce_5_sa_032;orgeh;orgeH_tousSols_nonirr_organique;25.06;0.0;62.76;1.36;0.0;53.89;276.44;56.85;310.34;56.91;310.4;98.44;112.93;0.0;374.98
2020;1;198;beauce_5_sa_033;orgeh;orgeH_tousSols_nonirr_organique;199.44;36.68;93.94;36.25;0.0;310.4;248.32;153.19;279.67;56.91;310.4;99.49;299.34;0.0;2478.57
2020;199;294;beauce_5_sa_033;solnu;;118.29;0.0;49.73;26.08;0.0;153.19;237.82;56.91;310.4;56.91;310.4;0.0;197.92;0.0;0.0
2020;295;366;beauce_5_sa_033;orgeh;orgeH_tousSols_nonirr_organique;29.45;0.0;63.04;1.43;0.0;55.87;279.67;56.85;310.34;56.91;310.4;98.61;115.07;0.0;456.01
2020;1;228;beauce_5_sa_034;orgeh;orgeH_tousSols_nonirr_organique;168.12;79.65;115.01;27.59;0.0;310.4;248.32;236.77;310.4;71.46;310.4;99.56;362.42;0.0;3402.68
2020;229;266;beauce_5_sa_034;solnu;;53.36;0.0;24.28;5.79;0.0;236.77;226.01;45.64;299.13;71.46;310.4;0.0;67.56;0.0;0.0
2020;267;366;beauce_5_sa_034;orgeh;orgeH_tousSols_nonirr_organique;52.19;0.13;97.81;9.1;0.0;46.72;310.4;64.4;310.35;71.46;310.4;99.0;182.36;0.0;804.16
2020;1;224;beauce_5_sa_035;orgeh;orgeH_tousSols_nonirr_organique;235.59;34.55;93.89;43.91;0.0;310.4;248.32;196.23;300.89;56.91;310.4;99.54;353.71;0.0;2836.29
2020;225;307;beauce_5_sa_035;solnu;;91.93;0.0;49.68;20.88;0.0;196.23;269.04;55.0;308.49;56.91;310.4;0.0;150.86;0.0;0.0
2020;308;366;beauce_5_sa_035;orgeh;orgeH_tousSols_nonirr_organique;22.39;0.0;62.53;1.18;0.0;56.39;300.89;56.85;310.34;56.91;310.4;98.31;107.77;0.0;335.34
2020;1;231;beauce_5_sa_036;orgeh;orgeH_tousSols_nonirr_organique;215.2;50.68;100.8;38.77;0.0;310.4;248.32;228.52;309.63;56.91;310.4;99.56;365.34;0.0;3286.11
2020;232;277;beauce_5_sa_036;solnu;;61.77;0.0;41.62;12.69;0.0;228.52;219.52;56.91;310.4;56.91;310.4;0.0;103.92;0.0;0.0
2020;278;366;beauce_5_sa_036;orgeh;orgeH_tousSols_nonirr_organique;40.53;0.08;79.88;3.27;0.0;54.62;309.63;56.85;310.34;56.91;310.4;98.88;143.08;0.0;639.11
2020;1;230;beauce_5_sa_037;orgeh;orgeH_tousSols_nonirr_organique;243.85;35.3;93.33;44.78;0.0;310.4;248.32;203.53;301.15;56.91;310.4;99.55;365.11;0.0;2967.64
2020;231;305;beauce_5_sa_037;solnu;;80.02;0.0;51.94;16.22;0.0;203.53;250.68;53.14;306.63;56.91;310.4;0.0;137.81;0.0;0.0
2020;306;366;beauce_5_sa_037;orgeh;orgeH_tousSols_nonirr_organique;23.55;0.0;62.57;1.44;0.0;55.99;301.15;56.85;310.34;56.91;310.4;98.36;109.43;0.0;346.53
2020;1;221;beauce_5_sa_038;orgeh;orgeH_tousSols_nonirr_organique;223.38;37.02;94.12;42.28;0.0;310.4;248.32;189.22;290.5;56.91;310.4;99.54;353.57;0.0;2917.82
2020;222;292;beauce_5_sa_038;solnu;;89.93;0.0;44.52;22.1;0.0;189.22;238.12;56.91;310.4;56.91;310.4;0.0;134.58;0.0;0.0
2020;293;366;beauce_5_sa_038;orgeh;orgeH_tousSols_nonirr_organique;31.38;0.02;70.21;2.14;0.0;55.97;290.5;56.85;310.34;56.91;310.4;98.65;124.19;0.0;475.7
2020;1;205;beauce_5_sa_039;orgeh;orgeH_tousSols_nonirr_organique;154.74;73.13;90.9;25.63;0.0;310.4;248.32;195.6;295.2;67.14;310.4;99.51;302.75;0.0;2939.17
2020;206;268;beauce_5_sa_039;solnu;;88.75;0.0;33.38;10.56;0.0;195.6;222.88;47.12;300.6;67.14;310.4;0.0;127.54;0.0;0.0
2020;269;366;beauce_5_sa_039;orgeh;orgeH_tousSols_nonirr_organique;51.42;0.06;98.18;8.79;0.0;46.51;295.2;61.15;310.35;67.14;310.4;98.98;182.05;0.0;769.82
2020;1;218;beauce_5_sa_040;orgeh;orgeH_tousSols_nonirr_organique;180.09;66.46;90.59;31.09;0.0;310.4;248.32;211.37;300.84;61.29;310.4;99.54;332.67;0.0;3128.74
2020;219;271;beauce_5_sa_040;solnu;;74.93;0.0;33.27;13.3;0.0;211.37;219.11;42.67;296.15;61.29;310.4;0.0;113.5;0.0;0.0
2020;272;366;beauce_5_sa_040;orgeh;orgeH_tousSols_nonirr_organique;49.57;0.02;95.62;8.75;0.0;56.91;300.84;56.85;310.34;61.29;310.4;98.95;166.17;0.0;724.19
2020;1;203;beauce_5_sa_041;orgeh;orgeH_tousSols_nonirr_organique;133.8;84.07;95.97;20.34;0.0;310.4;248.32;202.07;297.45;79.95;310.4;99.5;302.75;0.0;3020.75
2020;204;261;beauce_5_sa_041;solnu;;90.29;0.0;35.76;14.98;0.0;202.07;213.57;44.45;297.94;79.95;310.4;0.0;123.87;0.0;0.0
2020;262;366;beauce_5_sa_041;orgeh;orgeH_tousSols_nonirr_organique;53.38;0.68;96.61;9.47;0.0;43.68;297.45;73.16;310.34;79.95;310.4;99.05;185.72;0.0;882.14
2020;1;178;beauce_5_sa_042;orgeh;orgeH_tousSols_nonirr_organique;158.65;46.82;93.68;25.86;0.0;310.4;248.32;150.44;289.79;56.91;310.4;99.43;277.85;0.0;2252.08
2020;179;281;beauce_5_sa_042;solnu;;133.23;0.0;42.38;19.38;0.0;150.44;219.1;52.21;305.7;56.91;310.4;0.0;191.41;0.0;0.0
2020;282;366;beauce_5_sa_042;orgeh;orgeH_tousSols_nonirr_organique;36.5;0.06;79.23;3.59;0.0;50.3;289.79;56.86;310.35;56.91;310.4;98.82;143.08;0.0;595.49
2020;1;188;beauce_5_sa_043;orgeh;orgeH_tousSols_nonirr_organique;168.74;50.8;93.3;28.1;0.0;310.4;248.32;164.53;290.46;56.91;310.4;99.46;292.09;0.0;2477.19
2020;189;278;beauce_5_sa_043;solnu;;119.08;0.0;40.43;22.27;0.0;164.53;219.27;54.62;308.11;56.91;310.4;0.0;177.16;0.0;0.0
2020;279;366;beauce_5_sa_043;orgeh;orgeH_tousSols_nonirr_organique;38.42;0.08;79.71;3.51;0.0;53.56;290.46;56.85;310.34;56.91;310.4;98.86;143.08;0.0;631.3
2020;1;187;beauce_5_sa_044;orgeh;orgeH_tousSols_nonirr_organique;179.93;39.85;94.2;31.25;0.0;310.4;248.32;156.64;289.32;56.91;310.4;99.46;292.09;0.0;2364.12
2020;188;286;beauce_5_sa_044;solnu;;124.65;0.0;39.44;21.94;0.0;156.64;222.41;49.32;302.81;56.91;310.4;0.0;178.55;0.0;0.0
2020;287;366;beauce_5_sa_044;orgeh;orgeH_tousSols_nonirr_organique;34.39;0.0;78.1;3.57;0.0;49.84;289.32;56.85;310.34;56.91;310.4;98.75;141.7;0.0;536.15
2020;1;193;beauce_5_sa_045;orgeh;orgeH_tousSols_nonirr_organique;197.58;34.9;93.75;35.91;0.0;310.4;248.32;147.11;282.67;56.91;310.4;99.47;297.69;0.0;2304.55
2020;194;302;beauce_5_sa_045;solnu;;129.13;0.0;47.48;27.19;0.0;147.11;248.8;54.29;307.78;56.91;310.4;0.0;201.72;0.0;0.0
2020;303;366;beauce_5_sa_045;orgeh;orgeH_tousSols_nonirr_organique;25.19;0.0;62.53;1.42;0.0;53.76;282.67;56.85;310.34;56.91;310.4;98.44;112.93;0.0;374.98
2020;1;220;beauce_5_sa_046;orgeh;orgeH_tousSols_nonirr_organique;217.78;38.91;94.32;41.28;0.0;310.4;248.32;193.09;292.87;56.91;310.4;99.54;333.81;0.0;2962.76
2020;221;287;beauce_5_sa_046;solnu;;88.71;0.0;39.19;20.21;0.0;193.09;222.1;49.46;302.94;56.91;310.4;0.0;136.83;0.0;0.0
2020;288;366;beauce_5_sa_046;orgeh;orgeH_tousSols_nonirr_organique;34.11;0.03;77.51;3.46;0.0;48.6;292.87;56.85;310.34;56.91;310.4;98.73;141.7;0.0;526.47
2020;1;223;beauce_5_sa_047;orgeh;orgeH_tousSols_nonirr_organique;232.87;34.8;93.86;43.7;0.0;310.4;248.32;197.76;303.38;56.91;310.4;99.54;353.71;0.0;2847.37
2020;224;304;beauce_5_sa_047;solnu;;92.07;0.0;50.19;20.51;0.0;197.76;251.84;53.79;307.28;56.91;310.4;0.0;146.15;0.0;0.0
2020;305;366;beauce_5_sa_047;orgeh;orgeH_tousSols_nonirr_organique;24.26;0.0;62.51;1.4;0.0;53.09;303.38;56.85;310.34;56.91;310.4;98.39;112.47;0.0;355.75
2020;1;224;beauce_5_sa_048;orgeh;orgeH_tousSols_nonirr_organique;234.46;35.26;93.85;43.74;0.0;310.4;248.32;197.04;301.36;56.91;310.4;99.54;353.71;0.0;2870.39
2020;225;303;beauce_5_sa_048;solnu;;89.67;0.0;50.13;20.29;0.0;197.04;251.97;53.77;307.26;56.91;310.4;0.0;146.15;0.0;0.0
2020;304;366;beauce_5_sa_048;orgeh;orgeH_tousSols_nonirr_organique;24.69;0.0;62.51;1.45;0.0;53.79;301.36;56.85;310.34;56.91;310.4;98.41;112.47;0.0;365.29
2020;1;174;beauce_5_sa_049;orgeh;orgeH_tousSols_nonirr_organique;130.57;67.24;90.5;17.54;0.0;310.4;248.32;164.52;299.82;63.34;310.4;99.42;276.93;0.0;2329.45
2020;175;270;beauce_5_sa_049;solnu;;128.59;0.0;28.71;24.75;0.0;164.52;220.75;42.39;295.88;63.34;310.4;0.0;153.36;0.0;0.0
2020;271;366;beauce_5_sa_049;orgeh;orgeH_tousSols_nonirr_organique;50.3;0.23;94.41;8.94;0.0;41.18;299.82;57.19;310.34;63.34;310.4;98.96;182.05;0.0;738.74
2020;1;202;beauce_5_sa_050;orgeh;orgeH_tousSols_nonirr_organique;125.06;86.5;100.17;18.77;0.0;310.4;248.32;205.26;299.56;83.96;310.4;99.5;300.08;0.0;3039.9
2020;203;259;beauce_5_sa_050;solnu;;88.62;0.0;37.53;8.97;0.0;205.26;215.06;46.33;299.82;83.96;310.4;0.0;126.4;0.0;0.0
2020;260;366;beauce_5_sa_050;orgeh;orgeH_tousSols_nonirr_organique;52.68;0.59;99.38;9.27;0.0;45.8;299.56;76.56;310.37;83.96;310.4;99.06;185.86;0.0;911.25
2020;1;218;beauce_5_sa_051;orgeh;orgeH_tousSols_nonirr_organique;226.76;34.66;93.96;43.29;0.0;310.4;248.32;171.17;282.6;56.91;310.4;99.53;332.67;0.0;2690.06
2020;219;311;beauce_5_sa_051;solnu;;106.51;0.0;46.79;24.55;0.0;171.17;271.92;55.14;308.63;56.91;310.4;0.0;177.32;0.0;0.0
2020;312;366;beauce_5_sa_051;orgeh;orgeH_tousSols_nonirr_organique;19.35;0.0;62.54;1.07;0.0;56.91;282.6;56.85;310.34;56.91;310.4;98.18;102.35;0.0;302.33
2020;1;224;beauce_5_sa_052;orgeh;orgeH_tousSols_nonirr_organique;138.6;90.1;127.45;21.15;0.0;310.4;248.32;238.64;308.77;87.64;310.4;99.55;353.71;0.0;3477.5
2020;225;257;beauce_5_sa_052;solnu;;56.47;0.0;24.52;5.31;0.0;238.64;215.59;47.06;300.54;87.64;310.4;0.0;72.77;0.0;0.0
2020;258;366;beauce_5_sa_052;orgeh;orgeH_tousSols_nonirr_organique;53.18;0.94;99.26;9.37;0.0;46.54;308.77;79.8;310.37;87.64;310.4;99.08;185.86;0.0;939.82
2020;1;170;beauce_5_sa_053;orgeh;orgeH_tousSols_nonirr_organique;163.89;34.57;94.12;24.02;0.0;310.4;248.32;139.99;295.01;56.91;310.4;99.41;276.39;0.0;1970.18
2020;171;292;beauce_5_sa_053;solnu;;151.28;0.0;45.11;31.93;0.0;139.99;238.12;56.91;310.4;56.91;310.4;0.0;211.77;0.0;0.0
2020;293;366;beauce_5_sa_053;orgeh;orgeH_tousSols_nonirr_organique;31.34;0.02;70.24;2.14;0.0;55.97;295.01;56.85;310.34;56.91;310.4;98.65;124.19;0.0;475.7
2020;1;195;beauce_5_sa_054;orgeh;orgeH_tousSols_nonirr_organique;153.94;67.76;90.38;24.26;0.0;310.4;248.32;184.69;297.41;63.34;310.4;99.48;298.28;0.0;2724.5
2020;196;270;beauce_5_sa_054;solnu;;98.66;0.0;31.74;13.08;0.0;184.69;220.56;45.53;299.02;63.34;310.4;0.0;132.01;0.0;0.0
2020;271;366;beauce_5_sa_054;orgeh;orgeH_tousSols_nonirr_organique;50.09;0.07;97.91;8.86;0.0;44.62;297.41;57.2;310.35;63.34;310.4;98.96;182.05;0.0;738.74
2020;1;179;beauce_5_sa_055;orgeh;orgeH_tousSols_nonirr_organique;169.09;37.41;94.44;29.48;0.0;310.4;248.32;145.14;288.11;56.91;310.4;99.44;284.83;0.0;2186.62
2020;180;288;beauce_5_sa_055;solnu;;141.98;0.0;36.88;29.79;0.0;145.14;222.35;48.56;302.04;56.91;310.4;0.0;185.99;0.0;0.0
2020;289;366;beauce_5_sa_055;orgeh;orgeH_tousSols_nonirr_organique;33.41;0.03;77.32;3.52;0.0;48.29;288.11;56.85;310.34;56.91;310.4;98.72;141.52;0.0;516.58
2020;1;203;beauce_5_sa_056;orgeh;orgeH_tousSols_nonirr_organique;143.8;78.86;92.87;23.04;0.0;310.4;248.32;196.86;295.77;73.05;310.4;99.5;302.75;0.0;2958.76
2020;204;265;beauce_5_sa_056;solnu;;92.06;0.0;34.4;17.23;0.0;196.86;227.07;42.57;296.05;73.05;310.4;0.0;125.59;0.0;0.0
2020;266;366;beauce_5_sa_056;orgeh;orgeH_tousSols_nonirr_organique;53.06;0.47;95.06;9.38;0.0;43.7;295.77;66.26;310.34;73.05;310.4;99.01;184.0;0.0;815.93
2020;1;172;beauce_5_sa_057;orgeh;orgeH_tousSols_nonirr_organique;165.53;36.36;93.95;24.93;0.0;310.4;248.32;140.34;292.3;56.91;310.4;99.41;276.93;0.0;2021.62
2020;173;291;beauce_5_sa_057;solnu;;144.89;0.0;40.09;22.47;0.0;140.34;228.91;47.73;301.22;56.91;310.4;0.0;211.23;0.0;0.0
2020;292;366;beauce_5_sa_057;orgeh;orgeH_tousSols_nonirr_organique;31.87;0.0;77.89;3.46;0.0;56.91;292.3;56.85;310.34;56.91;310.4;98.67;124.19;0.0;486.37
2020;1;214;beauce_5_sa_058;orgeh;orgeH_tousSols_nonirr_organique;144.02;82.62;99.95;23.25;0.0;310.4;248.32;220.27;305.93;78.35;310.4;99.53;326.34;0.0;3201.35
2020;215;262;beauce_5_sa_058;solnu;;77.57;0.0;36.3;11.84;0.0;220.27;227.96;43.87;297.35;78.35;310.4;0.0;100.48;0.0;0.0
2020;263;366;beauce_5_sa_058;orgeh;orgeH_tousSols_nonirr_organique;49.63;1.83;98.6;9.0;0.0;43.88;305.93;71.78;310.38;78.35;310.4;99.04;185.52;0.0;864.86
2020;1;217;beauce_5_sa_059;orgeh;orgeH_tousSols_nonirr_organique;138.25;86.01;105.1;21.76;0.0;310.4;248.32;229.76;308.63;83.96;310.4;99.53;326.77;0.0;3312.89
2020;218;259;beauce_5_sa_059;solnu;;72.15;0.0;37.27;10.2;0.0;229.76;215.17;45.44;298.93;83.96;310.4;0.0;99.71;0.0;0.0
2020;260;366;beauce_5_sa_059;orgeh;orgeH_tousSols_nonirr_organique;53.79;0.8;97.2;9.51;0.0;44.78;308.63;76.53;310.35;83.96;310.4;99.06;185.86;0.0;911.25
2020;1;179;beauce_5_sa_060;orgeh;orgeH_tousSols_nonirr_organique;115.92;80.71;93.04;16.33;0.0;310.4;248.32;175.91;299.38;74.83;310.4;99.44;284.83;0.0;2525.04
2020;180;264;beauce_5_sa_060;solnu;;121.25;0.0;30.65;22.68;0.0;175.91;225.02;42.97;296.45;74.83;310.4;0.0;141.99;0.0;0.0
2020;265;366;beauce_5_sa_060;orgeh;orgeH_tousSols_nonirr_organique;53.12;0.53;95.33;9.38;0.0;42.48;299.38;67.99;310.34;74.83;310.4;99.01;185.52;0.0;832.76
2020;1;205;beauce_5_sa_061;orgeh;orgeH_tousSols_nonirr_organique;208.87;34.95;93.79;40.11;0.0;310.4;248.32;153.21;276.35;56.91;310.4;99.5;302.75;0.0;2531.96
2020;206;301;beauce_5_sa_061;solnu;;116.13;0.0;48.47;22.61;0.0;153.21;246.84;54.93;308.42;56.91;310.4;0.0;196.66;0.0;0.0
2020;302;366;beauce_5_sa_061;orgeh;orgeH_tousSols_nonirr_organique;25.68;0.0;62.68;1.36;0.0;54.35;276.35;56.85;310.34;56.91;310.4;98.46;112.93;0.0;383.87
2020;1;186;beauce_5_sa_062;orgeh;orgeH_tousSols_nonirr_organique;131.05;77.47;92.15;19.06;0.0;310.4;248.32;184.73;301.53;71.46;310.4;99.46;292.09;0.0;2628.28
2020;187;266;beauce_5_sa_062;solnu;;108.33;0.0;33.4;20.1;0.0;184.73;226.16;43.66;297.15;71.46;310.4;0.0;137.89;0.0;0.0
2020;267;366;beauce_5_sa_062;orgeh;orgeH_tousSols_nonirr_organique;52.83;0.44;94.9;9.04;0.0;44.51;301.53;64.39;310.34;71.46;310.4;99.0;182.36;0.0;804.16
2020;1;183;beauce_5_sa_063;orgeh;orgeH_tousSols_nonirr_organique;186.34;34.89;93.74;32.71;0.0;310.4;248.32;135.02;281.06;56.91;310.4;99.45;290.23;0.0;2117.4
2020;184;302;beauce_5_sa_063;solnu;;139.87;0.0;47.95;29.92;0.0;135.02;248.78;54.34;307.83;56.91;310.4;0.0;209.19;0.0;0.0
2020;303;366;beauce_5_sa_063;orgeh;orgeH_tousSols_nonirr_organique;25.01;0.0;62.76;1.27;0.0;53.84;281.06;56.85;310.34;56.91;310.4;98.44;112.93;0.0;374.98
2020;1;198;beauce_5_sa_064;orgeh;orgeH_tousSols_nonirr_organique;121.39;87.92;99.63;17.25;0.0;310.4;248.32;203.64;300.78;85.7;310.4;99.49;299.34;0.0;2984.83
2020;199;258;beauce_5_sa_064;solnu;;91.6;0.0;37.39;13.36;0.0;203.64;215.13;46.27;299.76;85.7;310.4;0.0;127.14;0.0;0.0
2020;259;366;beauce_5_sa_064;orgeh;orgeH_tousSols_nonirr_organique;54.49;0.86;97.26;9.5;0.0;45.35;300.78;78.16;310.35;85.7;310.4;99.07;185.86;0.0;925.2
2020;1;185;beauce_5_sa_065;orgeh;orgeH_tousSols_nonirr_organique;134.46;73.04;92.56;20.0;0.0;310.4;248.32;183.1;302.15;69.15;310.4;99.45;290.99;0.0;2592.81
2020;186;267;beauce_5_sa_065;solnu;;110.46;0.0;32.69;20.58;0.0;183.1;224.15;44.5;297.99;69.15;310.4;0.0;139.29;0.0;0.0
2020;268;366;beauce_5_sa_065;orgeh;orgeH_tousSols_nonirr_organique;52.24;0.37;94.75;8.79;0.0;44.35;302.15;63.08;310.34;69.15;310.4;98.99;182.05;0.0;786.7
2020;1;187;beauce_5_sa_066;orgeh;orgeH_tousSols_nonirr_organique;123.04;83.32;93.49;17.45;0.0;310.4;248.32;189.54;303.45;76.21;310.4;99.46;292.09;0.0;2696.45
2020;188;263;beauce_5_sa_066;solnu;;105.63;0.0;34.72;14.95;0.0;189.54;225.94;44.34;297.82;76.21;310.4;0.0;134.73;0.0;0.0
2020;264;366;beauce_5_sa_066;orgeh;orgeH_tousSols_nonirr_organique;50.51;1.11;98.69;9.07;0.0;43.78;303.45;69.86;310.37;76.21;310.4;99.03;185.52;0.0;848.37
2020;1;176;beauce_5_sa_067;orgeh;orgeH_tousSols_nonirr_organique;128.96;69.74;90.36;18.08;0.0;310.4;248.32;168.28;299.89;65.31;310.4;99.43;277.74;0.0;2391.12
2020;177;269;beauce_5_sa_067;solnu;;125.55;0.0;29.99;24.63;0.0;168.28;221.97;43.41;296.89;65.31;310.4;0.0;152.55;0.0;0.0
2020;270;366;beauce_5_sa_067;orgeh;orgeH_tousSols_nonirr_organique;51.23;0.27;94.46;8.85;0.0;42.39;299.89;59.26;310.34;65.31;310.4;98.97;182.05;0.0;751.13
2020;1;176;beauce_5_sa_068;orgeh;orgeH_tousSols_nonirr_organique;164.78;39.15;94.35;27.04;0.0;310.4;248.32;146.11;290.67;56.91;310.4;99.43;277.74;0.0;2162.17
2020;177;286;beauce_5_sa_068;solnu;;142.2;0.0;37.94;29.46;0.0;146.11;222.57;48.99;302.47;56.91;310.4;0.0;192.9;0.0;0.0
2020;287;366;beauce_5_sa_068;orgeh;orgeH_tousSols_nonirr_organique;34.53;0.04;77.59;3.64;0.0;49.42;290.67;56.85;310.34;56.91;310.4;98.75;141.7;0.0;536.15
2020;1;199;beauce_5_sa_069;orgeh;orgeH_tousSols_nonirr_organique;205.24;34.55;93.89;38.14;0.0;310.4;248.32;146.79;276.87;56.91;310.4;99.49;299.34;0.0;2377.87
2020;200;307;beauce_5_sa_069;solnu;;125.32;0.0;46.64;27.66;0.0;146.79;269.04;54.99;308.48;56.91;310.4;0.0;205.23;0.0;0.0
2020;308;366;beauce_5_sa_069;orgeh;orgeH_tousSols_nonirr_organique;22.39;0.0;62.52;1.19;0.0;56.38;276.87;56.85;310.34;56.91;310.4;98.31;107.77;0.0;335.34
2020;1;189;beauce_5_sa_070;orgeh;orgeH_tousSols_nonirr_organique;194.01;34.82;93.45;34.1;0.0;310.4;248.32;141.26;281.03;56.91;310.4;99.46;292.09;0.0;2231.19
2020;190;302;beauce_5_sa_070;solnu;;132.58;0.0;47.88;27.53;0.0;141.26;248.85;54.39;307.88;56.91;310.4;0.0;207.32;0.0;0.0
2020;303;366;beauce_5_sa_070;orgeh;orgeH_tousSols_nonirr_organique;25.06;0.0;62.76;1.36;0.0;53.89;281.03;56.85;310.34;56.91;310.4;98.44;112.93;0.0;374.98
2020;1;224;beauce_5_sa_071;orgeh;orgeH_tousSols_nonirr_organique;190.89;63.96;102.22;32.83;0.0;310.4;248.32;223.7;307.85;59.47;310.4;99.55;353.71;0.0;3223.62
2020;225;272;beauce_5_sa_071;solnu;;62.5;0.0;27.41;7.85;0.0;223.7;218.08;56.91;310.4;59.47;310.4;0.0;106.55;0.0;0.0
2020;273;366;beauce_5_sa_071;orgeh;orgeH_tousSols_nonirr_organique;48.6;0.04;94.93;7.15;0.0;56.91;307.85;56.86;310.35;59.47;310.4;98.94;152.08;0.0;706.85
2020;1;209;beauce_5_sa_072;orgeh;orgeH_tousSols_nonirr_organique;181.86;55.45;92.52;33.28;0.0;310.4;248.32;191.22;293.73;56.91;310.4;99.52;321.31;0.0;2905.56
2020;210;275;beauce_5_sa_072;solnu;;94.84;0.0;40.06;19.16;0.0;191.22;220.68;53.26;306.74;56.91;310.4;0.0;138.95;0.0;0.0
2020;276;366;beauce_5_sa_072;orgeh;orgeH_tousSols_nonirr_organique;43.54;0.12;82.17;5.28;0.0;51.3;293.73;56.85;310.34;56.91;310.4;98.9;152.08;0.0;665.02
2020;1;196;beauce_5_sa_073;orgeh;orgeH_tousSols_nonirr_organique;202.49;34.85;93.93;36.86;0.0;310.4;248.32;144.89;278.22;56.91;310.4;99.48;298.51;0.0;2317.67
2020;197;308;beauce_5_sa_073;solnu;;128.03;0.0;46.61;27.8;0.0;144.89;270.16;56.38;309.87;56.91;310.4;0.0;206.06;0.0;0.0
2020;309;366;beauce_5_sa_073;orgeh;orgeH_tousSols_nonirr_organique;22.11;0.0;62.54;1.03;0.0;55.65;278.22;56.85;310.34;56.91;310.4;98.28;107.77;0.0;322.77
2020;1;175;beauce_5_sa_074;orgeh;orgeH_tousSols_nonirr_organique;162.03;41.1;94.25;25.58;0.0;310.4;248.32;146.23;290.75;56.91;310.4;99.42;277.74;0.0;2163.99
2020;176;284;beauce_5_sa_074;solnu;;141.34;0.0;38.79;28.7;0.0;146.23;221.08;49.88;303.36;56.91;310.4;0.0;191.93;0.0;0.0
2020;285;366;beauce_5_sa_074;orgeh;orgeH_tousSols_nonirr_organique;34.98;0.04;78.03;3.66;0.0;49.43;290.75;56.85;310.34;56.91;310.4;98.78;142.67;0.0;555.77
2020;1;199;beauce_5_sa_075;orgeh;orgeH_tousSols_nonirr_organique;179.19;50.68;93.11;31.22;0.0;310.4;248.32;173.86;287.57;56.91;310.4;99.49;299.34;0.0;2696.6
2020;200;277;beauce_5_sa_075;solnu;;105.08;0.0;42.01;20.67;0.0;173.86;219.52;56.91;310.4;56.91;310.4;0.0;169.91;0.0;0.0
2020;278;366;beauce_5_sa_075;orgeh;orgeH_tousSols_nonirr_organique;40.49;0.09;79.92;3.26;0.0;54.62;287.57;56.85;310.34;56.91;310.4;98.88;143.08;0.0;639.11
2020;1;181;beauce_5_sa_076;orgeh;orgeH_tousSols_nonirr_organique;113.7;82.97;95.43;15.47;0.0;310.4;248.32;183.84;303.94;78.35;310.4;99.44;284.83;0.0;2590.79
2020;182;262;beauce_5_sa_076;solnu;;114.61;0.0;33.49;16.26;0.0;183.84;228.67;44.14;297.62;78.35;310.4;0.0;141.99;0.0;0.0
2020;263;366;beauce_5_sa_076;orgeh;orgeH_tousSols_nonirr_organique;49.37;1.84;99.12;8.96;0.0;44.16;303.94;71.78;310.38;78.35;310.4;99.04;185.52;0.0;864.86
2020;1;183;beauce_5_sa_077;orgeh;orgeH_tousSols_nonirr_organique;183.34;35.96;93.99;32.06;0.0;310.4;248.32;138.84;282.75;56.91;310.4;99.45;290.23;0.0;2169.78
2020;184;296;beauce_5_sa_077;solnu;;136.99;0.0;49.56;29.65;0.0;138.84;240.95;55.18;308.67;56.91;310.4;0.0;207.07;0.0;0.0
2020;297;366;beauce_5_sa_077;orgeh;orgeH_tousSols_nonirr_organique;27.86;0.0;62.86;1.59;0.0;54.6;282.75;56.85;310.34;56.91;310.4;98.57;115.04;0.0;434.83
2020;1;195;beauce_5_sa_078;orgeh;orgeH_tousSols_nonirr_organique;202.38;34.46;93.88;36.82;0.0;310.4;248.32;143.04;278.77;56.91;310.4;99.48;298.28;0.0;2238.59
2020;196;314;beauce_5_sa_078;solnu;;131.38;0.0;49.52;22.73;0.0;143.04;277.22;56.09;309.58;56.91;310.4;0.0;211.92;0.0;0.0
2020;315;366;beauce_5_sa_078;orgeh;orgeH_tousSols_nonirr_organique;18.08;0.0;60.86;0.82;0.0;55.69;278.77;56.85;310.34;56.91;310.4;98.08;102.14;0.0;279.17
2020;1;203;beauce_5_sa_079;orgeh;orgeH_tousSols_nonirr_organique;198.99;38.68;94.28;37.65;0.0;310.4;248.32;161.28;279.35;56.91;310.4;99.5;302.75;0.0;2623.8
2020;204;289;beauce_5_sa_079;solnu;;108.48;0.0;39.24;15.82;0.0;161.28;221.54;48.88;302.36;56.91;310.4;0.0;168.07;0.0;0.0
2020;290;366;beauce_5_sa_079;orgeh;orgeH_tousSols_nonirr_organique;33.0;0.0;77.9;3.43;0.0;48.23;279.35;56.85;310.34;56.91;310.4;98.7;141.52;0.0;507.89
2020;1;187;beauce_5_sa_080;orgeh;orgeH_tousSols_nonirr_organique;139.33;71.47;91.29;21.07;0.0;310.4;248.32;183.13;301.2;67.14;310.4;99.46;292.09;0.0;2610.81
2020;188;268;beauce_5_sa_080;solnu;;109.06;0.0;32.5;20.54;0.0;183.13;223.0;44.35;297.84;67.14;310.4;0.0;138.19;0.0;0.0
2020;269;366;beauce_5_sa_080;orgeh;orgeH_tousSols_nonirr_organique;51.95;0.32;94.64;8.77;0.0;43.47;301.2;61.14;310.34;67.14;310.4;98.98;182.05;0.0;769.82
2020;1;174;beauce_5_sa_081;orgeh;orgeH_tousSols_nonirr_organique;174.09;32.19;93.76;28.4;0.0;310.4;248.32;131.6;288.09;56.91;310.4;99.42;276.93;0.0;1913.95
2020;175;306;beauce_5_sa_081;solnu;;155.56;0.0;49.11;33.21;0.0;131.6;264.88;55.92;309.4;56.91;310.4;0.0;225.99;0.0;0.0
2020;307;366;beauce_5_sa_081;orgeh;orgeH_tousSols_nonirr_organique;23.32;0.0;62.52;1.1;0.0;54.99;288.09;56.85;310.34;56.91;310.4;98.33;109.43;0.0;336.27
2020;1;221;beauce_5_sa_082;orgeh;orgeH_tousSols_nonirr_organique;202.56;50.68;93.11;36.79;0.0;310.4;248.32;207.31;298.67;56.91;310.4;99.54;353.57;0.0;3097.31
2020;222;277;beauce_5_sa_082;solnu;;78.57;0.0;45.16;16.61;0.0;207.31;219.52;56.91;310.4;56.91;310.4;0.0;115.68;0.0;0.0
2020;278;366;beauce_5_sa_082;orgeh;orgeH_tousSols_nonirr_organique;40.49;0.09;79.92;3.26;0.0;54.62;298.67;56.85;310.34;56.91;310.4;98.88;143.08;0.0;639.11
2020;1;201;beauce_5_sa_083;orgeh;orgeH_tousSols_nonirr_organique;189.04;44.7;93.96;34.4;0.0;310.4;248.32;167.72;283.59;56.91;310.4;99.5;300.08;0.0;2669.68
2020;202;282;beauce_5_sa_083;solnu;;109.63;0.0;39.08;20.68;0.0;167.72;218.68;50.57;304.06;56.91;310.4;0.0;169.43;0.0;0.0
2020;283;366;beauce_5_sa_083;orgeh;orgeH_tousSols_nonirr_organique;34.79;0.01;79.37;3.43;0.0;50.66;283.59;56.85;310.34;56.91;310.4;98.81;142.83;0.0;579.69
2020;1;186;beauce_5_sa_084;orgeh;orgeH_tousSols_nonirr_organique;186.28;36.68;93.94;32.46;0.0;310.4;248.32;146.29;285.3;56.91;310.4;99.46;292.09;0.0;2255.28
2020;187;294;beauce_5_sa_084;solnu;;130.83;0.0;50.35;27.92;0.0;146.29;237.82;56.91;310.4;56.91;310.4;0.0;205.17;0.0;0.0
2020;295;366;beauce_5_sa_084;orgeh;orgeH_tousSols_nonirr_organique;29.45;0.0;63.04;1.43;0.0;55.87;285.3;56.85;310.34;56.91;310.4;98.61;115.07;0.0;456.01
2020;1;198;beauce_5_sa_085;orgeh;orgeH_tousSols_nonirr_organique;180.1;50.36;93.11;30.8;0.0;310.4;248.32;170.8;286.16;56.91;310.4;99.49;299.34;0.0;2666.84
2020;199;278;beauce_5_sa_085;solnu;;104.63;0.0;44.16;14.41;0.0;170.8;219.31;54.62;308.11;56.91;310.4;0.0;169.91;0.0;0.0
2020;279;366;beauce_5_sa_085;orgeh;orgeH_tousSols_nonirr_organique;38.35;0.05;79.8;3.47;0.0;53.56;286.16;56.86;310.35;56.91;310.4;98.86;143.08;0.0;631.3
2020;1;175;beauce_5_sa_086;orgeh;orgeH_tousSols_nonirr_organique;177.0;32.44;93.88;29.52;0.0;310.4;248.32;127.17;284.81;56.91;310.4;99.42;277.74;0.0;1844.72
2020;176;316;beauce_5_sa_086;solnu;;159.84;0.0;49.46;33.65;0.0;127.17;276.65;55.28;308.77;56.91;310.4;0.0;232.46;0.0;0.0
2020;317;366;beauce_5_sa_086;orgeh;orgeH_tousSols_nonirr_organique;17.19;0.0;60.74;0.9;0.0;55.02;284.81;56.85;310.34;56.91;310.4;98.0;102.14;0.0;271.49
2020;1;223;beauce_5_sa_087;orgeh;orgeH_tousSols_nonirr_organique;165.72;77.47;112.18;27.15;0.0;310.4;248.32;230.8;309.56;71.46;310.4;99.55;353.71;0.0;3311.97
2020;224;266;beauce_5_sa_087;solnu;;62.48;0.0;23.91;10.94;0.0;230.8;226.16;44.31;297.79;71.46;310.4;0.0;76.27;0.0;0.0
2020;267;366;beauce_5_sa_087;orgeh;orgeH_tousSols_nonirr_organique;52.78;0.37;95.66;9.08;0.0;45.22;309.56;64.39;310.34;71.46;310.4;99.0;182.36;0.0;804.16
2020;1;220;beauce_5_sa_088;orgeh;orgeH_tousSols_nonirr_organique;156.37;80.99;97.31;25.47;0.0;310.4;248.32;228.64;309.21;74.83;310.4;99.54;333.81;0.0;3290.62
2020;221;264;beauce_5_sa_088;solnu;;67.49;0.0;38.76;10.61;0.0;228.64;224.96;43.62;297.11;74.83;310.4;0.0;93.01;0.0;0.0
2020;265;366;beauce_5_sa_088;orgeh;orgeH_tousSols_nonirr_organique;51.12;0.75;97.73;9.21;0.0;43.19;309.21;68.02;310.37;74.83;310.4;99.02;185.52;0.0;832.76
2020;1;226;beauce_5_sa_089;orgeh;orgeH_tousSols_nonirr_organique;230.43;37.69;93.9;42.67;0.0;310.4;248.32;207.4;303.25;56.91;310.4;99.55;356.58;0.0;3019.67
2020;227;291;beauce_5_sa_089;solnu;;76.38;0.0;42.56;10.51;0.0;207.4;228.87;47.59;301.07;56.91;310.4;0.0;131.58;0.0;0.0
2020;292;366;beauce_5_sa_089;orgeh;orgeH_tousSols_nonirr_organique;31.87;0.0;77.73;3.48;0.0;56.91;303.25;56.85;310.34;56.91;310.4;98.67;124.19;0.0;486.37
2020;1;173;beauce_5_sa_090;orgeh;orgeH_tousSols_nonirr_organique;106.14;82.92;95.99;12.19;0.0;310.4;248.32;174.62;303.08;78.35;310.4;99.42;276.93;0.0;2448.66
2020;174;262;beauce_5_sa_090;solnu;;125.3;0.0;30.37;21.72;0.0;174.62;227.97;43.61;297.1;78.35;310.4;0.0;149.89;0.0;0.0
2020;263;366;beauce_5_sa_090;orgeh;orgeH_tousSols_nonirr_organique;53.14;0.64;96.05;9.48;0.0;43.62;303.08;71.75;310.34;78.35;310.4;99.04;185.52;0.0;864.86
2020;1;214;beauce_5_sa_091;orgeh;orgeH_tousSols_nonirr_organique;201.43;45.56;93.86;37.59;0.0;310.4;248.32;188.84;291.66;56.91;310.4;99.53;326.34;0.0;2900.56
2020;215;282;beauce_5_sa_091;solnu;;92.01;0.0;43.77;10.93;0.0;188.84;218.45;50.35;303.83;56.91;310.4;0.0;143.16;0.0;0.0
2020;283;366;beauce_5_sa_091;orgeh;orgeH_tousSols_nonirr_organique;35.22;0.01;78.7;3.71;0.0;50.42;291.66;56.85;310.34;56.91;310.4;98.81;142.83;0.0;579.69
2020;1;195;beauce_5_sa_092;orgeh;orgeH_tousSols_nonirr_organique;199.81;35.04;93.92;36.31;0.0;310.4;248.32;148.19;280.72;56.91;310.4;99.48;298.28;0.0;2360.5
2020;196;300;beauce_5_sa_092;solnu;;125.4;0.0;47.69;26.3;0.0;148.19;247.21;55.28;308.76;56.91;310.4;0.0;201.13;0.0;0.0
2020;301;366;beauce_5_sa_092;orgeh;orgeH_tousSols_nonirr_organique;25.72;0.0;62.99;1.28;0.0;55.0;280.72;56.85;310.34;56.91;310.4;98.48;112.93;0.0;394.92
2020;1;231;beauce_5_sa_093;orgeh;orgeH_tousSols_nonirr_organique;236.61;37.69;93.92;43.94;0.0;310.4;248.32;217.43;308.09;56.91;310.4;99.56;365.34;0.0;3118.1
2020;232;291;beauce_5_sa_093;solnu;;71.74;0.0;40.81;14.7;0.0;217.43;228.88;47.77;301.25;56.91;310.4;0.0;122.81;0.0;0.0
2020;292;366;beauce_5_sa_093;orgeh;orgeH_tousSols_nonirr_organique;31.87;0.0;77.92;3.46;0.0;56.91;308.09;56.85;310.34;56.91;310.4;98.67;124.19;0.0;486.37
2020;1;178;beauce_5_sa_094;orgeh;orgeH_tousSols_nonirr_organique;178.79;33.88;93.96;31.43;0.0;310.4;248.32;127.57;282.32;56.91;310.4;99.43;277.85;0.0;1908.44
2020;179;315;beauce_5_sa_094;solnu;;156.21;0.0;49.4;28.63;0.0;127.57;277.03;55.69;309.17;56.91;310.4;0.0;232.35;0.0;0.0
2020;316;366;beauce_5_sa_094;orgeh;orgeH_tousSols_nonirr_organique;17.51;0.0;60.83;0.83;0.0;55.29;282.32;56.85;310.34;56.91;310.4;98.04;102.14;0.0;275.37
2020;1;187;beauce_5_sa_095;orgeh;orgeH_tousSols_nonirr_organique;185.12;37.12;94.09;32.58;0.0;310.4;248.32;150.75;286.97;56.91;310.4;99.46;292.09;0.0;2292.35
2020;188;292;beauce_5_sa_095;solnu;;127.01;0.0;45.62;23.77;0.0;150.75;238.04;56.91;310.4;56.91;310.4;0.0;196.06;0.0;0.0
2020;293;366;beauce_5_sa_095;orgeh;orgeH_tousSols_nonirr_organique;31.48;0.0;70.12;2.15;0.0;55.97;286.97;56.85;310.34;56.91;310.4;98.65;124.19;0.0;475.7
2020;1;190;beauce_5_sa_096;orgeh;orgeH_tousSols_nonirr_organique;192.44;36.08;93.94;34.42;0.0;310.4;248.32;143.65;280.84;56.91;310.4;99.47;292.54;0.0;2294.41
2020;191;297;beauce_5_sa_096;solnu;;129.09;0.0;48.87;27.79;0.0;143.65;240.59;54.6;308.09;56.91;310.4;0.0;205.97;0.0;0.0
2020;298;366;beauce_5_sa_096;orgeh;orgeH_tousSols_nonirr_organique;27.4;0.0;62.74;1.62;0.0;55.4;280.84;56.85;310.34;56.91;310.4;98.55;113.83;0.0;424.97
2020;1;177;beauce_5_sa_097;orgeh;orgeH_tousSols_nonirr_organique;175.38;34.5;93.8;30.19;0.0;310.4;248.32;132.56;285.27;56.91;310.4;99.43;277.74;0.0;2015.62
2020;178;301;beauce_5_sa_097;solnu;;150.64;0.0;47.93;32.04;0.0;132.56;247.04;54.89;308.38;56.91;310.4;0.0;221.68;0.0;0.0
2020;302;366;beauce_5_sa_097;orgeh;orgeH_tousSols_nonirr_organique;25.76;0.0;62.56;1.37;0.0;54.29;285.27;56.85;310.34;56.91;310.4;98.46;112.93;0.0;383.87
2020;1;202;beauce_5_sa_098;orgeh;orgeH_tousSols_nonirr_organique;207.58;34.49;93.89;39.38;0.0;310.4;248.32;148.04;275.33;56.91;310.4;99.5;300.08;0.0;2429.72
2020;203;307;beauce_5_sa_098;solnu;;122.63;0.0;46.85;24.8;0.0;148.04;268.95;55.2;308.69;56.91;310.4;0.0;204.49;0.0;0.0
2020;308;366;beauce_5_sa_098;orgeh;orgeH_tousSols_nonirr_organique;22.4;0.0;62.73;1.15;0.0;56.59;275.33;56.85;310.34;56.91;310.4;98.31;107.77;0.0;335.34
2020;1;171;beauce_5_sa_099;orgeh;orgeH_tousSols_nonirr_organique;170.39;31.56;93.86;26.1;0.0;310.4;248.32;133.3;291.79;56.91;310.4;99.41;276.93;0.0;1906.41
2020;172;300;beauce_5_sa_099;solnu;;152.58;0.0;53.5;27.04;0.0;133.3;247.14;55.25;308.74;56.91;310.4;0.0;222.49;0.0;0.0
2020;301;366;beauce_5_sa_099;orgeh;orgeH_tousSols_nonirr_organique;25.87;0.0;62.81;1.33;0.0;54.96;291.79;56.85;310.34;56.91;310.4;98.48;112.93;0.0;394.92
2021;1;177;beauce_5_sa_000;orgeh;orgeH_tousSols_nonirr_organique;134.16;51.47;191.5;22.9;0.0;310.4;248.32;175.1;309.48;68.57;310.4;99.43;356.26;0.0;2311.96
2021;178;263;beauce_5_sa_000;solnu;;121.73;0.0;52.7;21.69;0.11;175.1;225.13;46.19;299.68;68.57;310.4;0.0;162.08;0.0;0.0
2021;264;365;beauce_5_sa_000;orgeh;orgeH_tousSols_nonirr_organique;44.38;0.55;143.41;5.1;0.0;45.64;300.7;71.48;310.4;68.57;310.4;99.02;199.07;0.0;835.61
2021;1;219;beauce_5_sa_001;orgeh;orgeH_tousSols_nonirr_organique;226.51;17.74;214.44;45.64;0.0;310.4;248.32;219.08;310.4;70.4;310.4;99.54;436.1;0.0;3086.9
2021;220;262;beauce_5_sa_001;solnu;;57.31;0.0;37.31;13.19;0.11;219.08;226.03;44.42;297.9;70.4;310.4;0.0;82.24;0.0;0.0
2021;263;365;beauce_5_sa_001;orgeh;orgeH_tousSols_nonirr_organique;46.52;0.6;139.45;5.27;0.0;43.78;310.4;73.27;310.4;70.4;310.4;99.02;199.07;0.0;856.42
2021;1;176;beauce_5_sa_002;orgeh;orgeH_tousSols_nonirr_organique;169.0;23.85;181.88;32.25;0.0;310.4;248.32;148.33;310.4;56.91;310.4;99.43;353.6;0.0;1838.2
2021;177;301;beauce_5_sa_002;solnu;;156.18;0.0;59.42;39.55;0.11;148.33;248.8;52.62;306.1;56.91;310.4;0.0;209.96;0.0;0.0
2021;302;365;beauce_5_sa_002;orgeh;orgeH_tousSols_nonirr_organique;23.06;0.0;126.48;1.32;0.0;52.18;286.02;56.91;310.4;56.91;310.4;98.44;153.84;0.0;355.08
2021;1;198;beauce_5_sa_003;orgeh;orgeH_tousSols_nonirr_organique;162.43;48.68;215.96;27.26;0.0;310.4;248.32;198.73;310.4;73.73;310.4;99.49;404.45;0.0;2727.94
2021;199;260;beauce_5_sa_003;solnu;;81.52;0.0;41.63;12.11;0.11;198.73;213.49;47.54;301.03;73.73;310.4;0.0;113.89;0.0;0.0
2021;261;365;beauce_5_sa_003;orgeh;orgeH_tousSols_nonirr_organique;46.79;0.2;142.71;5.08;0.0;46.8;299.37;76.79;310.4;73.73;310.4;99.05;199.07;0.0;890.78
2021;1;212;beauce_5_sa_004;orgeh;orgeH_tousSols_nonirr_organique;185.57;47.12;214.37;32.27;0.0;310.4;248.32;205.28;303.82;70.4;310.4;99.53;417.87;0.0;2952.52
2021;213;262;beauce_5_sa_004;solnu;;60.18;0.0;43.91;8.06;0.11;205.28;225.88;46.61;300.09;70.4;310.4;0.0;100.47;0.0;0.0
2021;263;365;beauce_5_sa_004;orgeh;orgeH_tousSols_nonirr_organique;45.54;0.32;142.9;5.14;0.0;46.13;307.85;73.27;310.4;70.4;310.4;99.03;199.07;0.0;856.42
2021;1;228;beauce_5_sa_005;orgeh;orgeH_tousSols_nonirr_organique;246.05;21.5;202.49;51.31;0.0;310.4;248.32;190.87;300.56;56.91;310.4;99.56;437.61;0.0;2748.57
2021;229;303;beauce_5_sa_005;solnu;;76.43;0.0;44.75;21.05;0.11;190.87;251.84;51.74;305.23;56.91;310.4;0.0;126.32;0.0;0.0
2021;304;365;beauce_5_sa_005;orgeh;orgeH_tousSols_nonirr_organique;22.45;0.0;126.22;1.33;0.0;51.83;305.26;56.91;310.4;56.91;310.4;98.39;153.48;0.0;344.08
2021;1;211;beauce_5_sa_006;orgeh;orgeH_tousSols_nonirr_organique;221.37;23.14;204.32;41.25;0.0;310.4;248.32;188.5;301.84;56.91;310.4;99.53;417.87;0.0;2713.45
2021;212;277;beauce_5_sa_006;solnu;;70.76;0.0;41.75;13.56;0.11;188.5;219.72;42.09;295.57;56.91;310.4;0.0;106.19;0.0;0.0
2021;278;365;beauce_5_sa_006;orgeh;orgeH_tousSols_nonirr_organique;38.79;0.02;139.72;3.85;0.0;41.63;298.41;56.91;310.4;56.91;310.4;98.86;193.35;0.0;634.75
2021;1;199;beauce_5_sa_007;orgeh;orgeH_tousSols_nonirr_organique;209.12;24.26;197.11;38.18;0.0;310.4;248.32;166.14;306.94;56.91;310.4;99.5;404.45;0.0;2165.95
2021;200;310;beauce_5_sa_007;solnu;;113.98;0.0;57.25;26.74;0.11;166.14;271.96;56.91;310.4;56.91;310.4;0.0;176.34;0.0;0.0
2021;311;365;beauce_5_sa_007;orgeh;orgeH_tousSols_nonirr_organique;18.96;0.0;119.21;0.84;0.0;56.91;276.37;56.91;310.4;56.91;310.4;98.18;136.62;0.0;269.65
2021;1;209;beauce_5_sa_008;orgeh;orgeH_tousSols_nonirr_organique;221.45;16.11;207.52;41.92;0.0;310.4;248.32;197.27;305.6;59.84;310.4;99.52;417.7;0.0;2795.35
2021;210;268;beauce_5_sa_008;solnu;;71.27;0.0;41.07;16.81;0.11;197.27;221.97;41.08;294.56;59.84;310.4;0.0;101.41;0.0;0.0
2021;269;365;beauce_5_sa_008;orgeh;orgeH_tousSols_nonirr_organique;44.79;0.37;137.3;4.87;0.0;40.54;301.38;63.41;310.4;59.84;310.4;98.93;198.3;0.0;765.4
2021;1;189;beauce_5_sa_009;orgeh;orgeH_tousSols_nonirr_organique;195.86;21.14;197.68;36.87;0.0;310.4;248.32;157.58;308.36;56.91;310.4;99.47;390.06;0.0;1952.21
2021;190;317;beauce_5_sa_009;solnu;;136.14;0.0;78.55;32.86;0.11;157.58;278.44;56.91;310.4;56.91;310.4;0.0;219.85;0.0;0.0
2021;318;365;beauce_5_sa_009;orgeh;orgeH_tousSols_nonirr_organique;14.96;0.0;95.55;0.55;0.0;56.91;278.59;56.91;310.4;56.91;310.4;97.92;107.49;0.0;209.53
2021;1;220;beauce_5_sa_010;orgeh;orgeH_tousSols_nonirr_organique;231.52;27.48;201.83;45.86;0.0;310.4;248.32;190.88;308.25;56.91;310.4;99.55;436.1;0.0;2611.2
2021;221;303;beauce_5_sa_010;solnu;;80.59;0.0;49.66;15.43;0.11;190.88;251.47;51.86;305.35;56.91;310.4;0.0;127.83;0.0;0.0
2021;304;365;beauce_5_sa_010;orgeh;orgeH_tousSols_nonirr_organique;22.26;0.0;126.53;1.25;0.0;51.98;286.78;56.91;310.4;56.91;310.4;98.39;153.48;0.0;344.08
2021;1;216;beauce_5_sa_011;orgeh;orgeH_tousSols_nonirr_organique;225.31;23.83;203.43;44.38;0.0;310.4;248.32;190.24;298.79;56.91;310.4;99.54;419.93;0.0;2783.72
2021;217;280;beauce_5_sa_011;solnu;;67.91;0.0;40.99;12.39;0.11;190.24;219.15;44.42;297.91;56.91;310.4;0.0;106.59;0.0;0.0
2021;281;365;beauce_5_sa_011;orgeh;orgeH_tousSols_nonirr_organique;38.06;0.01;140.33;3.63;0.0;44.0;295.48;56.91;310.4;56.91;310.4;98.82;190.89;0.0;587.25
2021;1;174;beauce_5_sa_012;orgeh;orgeH_tousSols_nonirr_organique;161.42;23.77;174.46;30.91;0.0;310.4;248.32;160.06;309.48;56.91;310.4;99.43;339.98;0.0;2048.93
2021;175;278;beauce_5_sa_012;solnu;;138.36;0.0;63.22;29.02;0.11;160.06;219.25;42.21;295.7;56.91;310.4;0.0;184.77;0.0;0.0
2021;279;365;beauce_5_sa_012;orgeh;orgeH_tousSols_nonirr_organique;37.3;0.17;141.17;3.77;0.0;42.73;292.77;56.91;310.4;56.91;310.4;98.85;192.66;0.0;617.36
2021;1;207;beauce_5_sa_013;orgeh;orgeH_tousSols_nonirr_organique;148.2;71.5;218.15;23.47;0.0;310.4;248.32;203.02;304.31;75.55;310.4;99.52;417.7;0.0;2900.72
2021;208;259;beauce_5_sa_013;solnu;;68.6;0.0;44.71;11.15;0.11;203.02;214.32;46.27;299.75;75.55;310.4;0.0;100.64;0.0;0.0
2021;260;365;beauce_5_sa_013;orgeh;orgeH_tousSols_nonirr_organique;45.25;1.25;142.26;5.18;0.0;45.91;298.84;78.93;310.4;75.55;310.4;99.05;199.07;0.0;904.22
2021;1;213;beauce_5_sa_014;orgeh;orgeH_tousSols_nonirr_organique;223.76;24.45;202.44;42.53;0.0;310.4;248.32;185.31;300.2;56.91;310.4;99.53;417.87;0.0;2669.96
2021;214;284;beauce_5_sa_014;solnu;;69.27;0.0;41.69;11.53;0.11;185.31;220.19;45.82;299.31;56.91;310.4;0.0;116.66;0.0;0.0
2021;285;365;beauce_5_sa_014;orgeh;orgeH_tousSols_nonirr_organique;36.38;0.01;141.88;3.57;0.0;52.11;292.48;56.91;310.4;56.91;310.4;98.77;182.88;0.0;529.59
2021;1;204;beauce_5_sa_015;orgeh;orgeH_tousSols_nonirr_organique;212.47;26.06;199.6;38.5;0.0;310.4;248.32;171.97;302.98;56.91;310.4;99.51;409.14;0.0;2395.06
2021;205;294;beauce_5_sa_015;solnu;;91.7;0.0;54.84;15.48;0.11;171.97;241.48;56.91;310.4;56.91;310.4;0.0;154.1;0.0;0.0
2021;295;365;beauce_5_sa_015;orgeh;orgeH_tousSols_nonirr_organique;27.58;0.0;127.63;1.15;0.0;56.91;279.47;56.91;310.4;56.91;310.4;98.59;154.17;0.0;414.62
2021;1;173;beauce_5_sa_016;orgeh;orgeH_tousSols_nonirr_organique;164.48;25.76;170.13;31.11;0.0;310.4;248.32;136.88;302.52;56.91;310.4;99.42;336.15;0.0;1718.64
2021;174;309;beauce_5_sa_016;solnu;;164.49;0.0;76.31;42.5;0.11;136.88;269.11;56.18;309.67;56.91;310.4;0.0;243.09;0.0;0.0
2021;310;365;beauce_5_sa_016;orgeh;orgeH_tousSols_nonirr_organique;19.41;0.0;119.3;0.93;0.0;56.91;289.63;56.91;310.4;56.91;310.4;98.21;138.17;0.0;281.2
2021;1;183;beauce_5_sa_017;orgeh;orgeH_tousSols_nonirr_organique;180.51;25.57;185.26;34.17;0.0;310.4;248.32;158.84;310.4;56.91;310.4;99.45;380.66;0.0;2016.99
2021;184;296;beauce_5_sa_017;solnu;;137.0;0.0;58.75;31.48;0.11;158.84;240.41;55.52;309.0;56.91;310.4;0.0;182.82;0.0;0.0
2021;297;365;beauce_5_sa_017;orgeh;orgeH_tousSols_nonirr_organique;25.5;0.01;127.26;1.12;0.0;54.91;282.17;56.91;310.4;56.91;310.4;98.55;153.92;0.0;400.33
2021;1;219;beauce_5_sa_018;orgeh;orgeH_tousSols_nonirr_organique;224.47;18.13;216.08;45.12;0.0;310.4;248.32;221.91;310.4;75.55;310.4;99.54;436.1;0.0;3133.39
2021;220;259;beauce_5_sa_018;solnu;;55.22;0.0;37.31;11.67;0.11;221.91;214.36;46.17;299.65;75.55;310.4;0.0;82.24;0.0;0.0
2021;260;365;beauce_5_sa_018;orgeh;orgeH_tousSols_nonirr_organique;47.8;0.79;140.08;5.38;0.0;45.81;310.4;78.93;310.4;75.55;310.4;99.05;199.07;0.0;904.22
2021;1;209;beauce_5_sa_019;orgeh;orgeH_tousSols_nonirr_organique;224.09;16.28;204.64;42.55;0.0;310.4;248.32;191.34;305.67;56.91;310.4;99.52;417.7;0.0;2683.34
2021;210;276;beauce_5_sa_019;solnu;;78.17;0.0;41.13;19.15;0.11;191.34;219.52;39.13;292.61;56.91;310.4;0.0;106.35;0.0;0.0
2021;277;365;beauce_5_sa_019;orgeh;orgeH_tousSols_nonirr_organique;39.61;0.18;135.78;3.97;0.0;38.6;293.19;56.91;310.4;56.91;310.4;98.84;193.35;0.0;647.88
2021;1;207;beauce_5_sa_020;orgeh;orgeH_tousSols_nonirr_organique;217.52;16.81;207.61;41.07;0.0;310.4;248.32;189.89;300.18;59.84;310.4;99.52;417.7;0.0;2756.99
2021;208;268;beauce_5_sa_020;solnu;;75.17;0.0;40.36;18.8;0.11;189.89;221.97;41.03;294.51;59.84;310.4;0.0;101.41;0.0;0.0
2021;269;365;beauce_5_sa_020;orgeh;orgeH_tousSols_nonirr_organique;44.78;0.38;137.25;4.86;0.0;40.49;293.56;63.41;310.4;59.84;310.4;98.93;198.3;0.0;765.4
2021;1;188;beauce_5_sa_021;orgeh;orgeH_tousSols_nonirr_organique;189.46;22.13;200.14;36.03;0.0;310.4;248.32;166.29;310.4;56.91;310.4;99.47;390.06;0.0;2166.06
2021;189;290;beauce_5_sa_021;solnu;;123.84;0.0;39.2;30.83;0.11;166.29;229.16;49.01;302.5;56.91;310.4;0.0;154.65;0.0;0.0
2021;291;365;beauce_5_sa_021;orgeh;orgeH_tousSols_nonirr_organique;30.24;0.03;134.83;2.53;0.0;48.81;286.2;56.91;310.4;56.91;310.4;98.67;172.7;0.0;465.03
2021;1;228;beauce_5_sa_022;orgeh;orgeH_tousSols_nonirr_organique;238.87;21.95;209.34;49.47;0.0;310.4;248.32;206.42;300.43;56.91;310.4;99.56;437.61;0.0;3057.84
2021;229;274;beauce_5_sa_022;solnu;;52.48;0.0;36.41;8.96;0.11;206.42;220.59;44.39;297.88;56.91;310.4;0.0;86.45;0.0;0.0
2021;275;365;beauce_5_sa_022;orgeh;orgeH_tousSols_nonirr_organique;40.11;0.02;140.7;3.89;0.0;44.0;310.4;56.91;310.4;56.91;310.4;98.9;193.35;0.0;675.96
2021;1;222;beauce_5_sa_023;orgeh;orgeH_tousSols_nonirr_organique;237.69;22.93;203.92;47.33;0.0;310.4;248.32;194.44;304.53;56.91;310.4;99.55;436.1;0.0;2753.16
2021;223;292;beauce_5_sa_023;solnu;;71.27;0.0;39.78;15.56;0.11;194.44;238.77;56.91;310.4;56.91;310.4;0.0;122.49;0.0;0.0
2021;293;365;beauce_5_sa_023;orgeh;orgeH_tousSols_nonirr_organique;29.42;0.0;134.86;1.92;0.0;56.91;307.89;56.91;310.4;56.91;310.4;98.63;158.82;0.0;444.46
2021;1;216;beauce_5_sa_024;orgeh;orgeH_tousSols_nonirr_organique;229.11;26.5;196.52;45.22;0.0;310.4;248.32;175.14;299.23;56.91;310.4;99.54;419.93;0.0;2463.6
2021;217;314;beauce_5_sa_024;solnu;;95.29;0.0;70.77;22.85;0.11;175.14;277.01;56.91;310.4;56.91;310.4;0.0;175.8;0.0;0.0
2021;315;365;beauce_5_sa_024;orgeh;orgeH_tousSols_nonirr_organique;16.26;0.0;105.43;0.67;0.0;56.38;285.58;56.91;310.4;56.91;310.4;98.04;121.69;0.0;229.57
2021;1;174;beauce_5_sa_025;orgeh;orgeH_tousSols_nonirr_organique;168.11;17.93;173.85;32.86;0.0;310.4;248.32;157.5;309.24;56.91;310.4;99.43;339.98;0.0;2009.87
2021;175;281;beauce_5_sa_025;solnu;;144.45;0.0;62.98;37.78;0.11;157.5;218.69;38.58;292.07;56.91;310.4;0.0;186.54;0.0;0.0
2021;282;365;beauce_5_sa_025;orgeh;orgeH_tousSols_nonirr_organique;37.67;0.12;134.76;3.59;0.0;37.71;292.17;56.91;310.4;56.91;310.4;98.78;190.89;0.0;572.54
2021;1;194;beauce_5_sa_026;orgeh;orgeH_tousSols_nonirr_organique;199.59;23.71;198.75;37.44;0.0;310.4;248.32;163.25;304.63;56.91;310.4;99.48;397.27;0.0;2217.78
2021;195;295;beauce_5_sa_026;solnu;;115.93;0.0;47.73;27.69;0.11;163.25;240.92;56.91;310.4;56.91;310.4;0.0;165.97;0.0;0.0
2021;296;365;beauce_5_sa_026;orgeh;orgeH_tousSols_nonirr_organique;26.86;0.01;127.3;1.03;0.0;55.52;282.41;56.91;310.4;56.91;310.4;98.57;154.17;0.0;409.08
2021;1;187;beauce_5_sa_027;orgeh;orgeH_tousSols_nonirr_organique;190.22;21.75;197.14;35.78;0.0;310.4;248.32;157.8;304.75;56.91;310.4;99.46;389.15;0.0;2106.48
2021;188;294;beauce_5_sa_027;solnu;;126.95;0.0;48.6;31.49;0.11;157.8;241.77;56.91;310.4;56.91;310.4;0.0;174.08;0.0;0.0
2021;295;365;beauce_5_sa_027;orgeh;orgeH_tousSols_nonirr_organique;27.36;0.01;127.84;1.13;0.0;56.91;285.75;56.91;310.4;56.91;310.4;98.59;154.17;0.0;414.62
2021;1;220;beauce_5_sa_028;orgeh;orgeH_tousSols_nonirr_organique;234.32;21.94;204.62;46.89;0.0;310.4;248.32;197.1;308.2;56.91;310.4;99.55;436.1;0.0;2751.1
2021;221;289;beauce_5_sa_028;solnu;;74.25;0.0;38.04;18.34;0.11;197.1;221.26;50.62;304.11;56.91;310.4;0.0;108.31;0.0;0.0
2021;290;365;beauce_5_sa_028;orgeh;orgeH_tousSols_nonirr_organique;31.56;0.02;135.13;2.51;0.0;49.46;291.36;56.91;310.4;56.91;310.4;98.68;173.0;0.0;479.74
2021;1;192;beauce_5_sa_029;orgeh;orgeH_tousSols_nonirr_organique;191.69;25.46;201.59;35.57;0.0;310.4;248.32;165.95;305.05;56.91;310.4;99.48;393.7;0.0;2245.05
2021;193;289;beauce_5_sa_029;solnu;;108.9;0.0;41.42;19.46;0.11;165.95;220.9;54.74;308.22;56.91;310.4;0.0;150.71;0.0;0.0
2021;290;365;beauce_5_sa_029;orgeh;orgeH_tousSols_nonirr_organique;31.66;0.01;139.15;2.59;0.0;53.56;288.33;56.91;310.4;56.91;310.4;98.68;173.0;0.0;479.74
2021;1;219;beauce_5_sa_030;orgeh;orgeH_tousSols_nonirr_organique;225.92;23.83;208.93;45.17;0.0;310.4;248.32;206.91;310.4;56.91;310.4;99.54;436.1;0.0;2877.64
2021;220;276;beauce_5_sa_030;solnu;;63.45;0.0;37.31;11.11;0.11;206.91;219.38;44.0;297.49;56.91;310.4;0.0;87.96;0.0;0.0
2021;277;365;beauce_5_sa_030;orgeh;orgeH_tousSols_nonirr_organique;39.24;0.02;141.18;3.9;0.0;43.64;300.07;56.91;310.4;56.91;310.4;98.87;193.35;0.0;647.88
2021;1;211;beauce_5_sa_031;orgeh;orgeH_tousSols_nonirr_organique;229.31;21.6;197.57;43.34;0.0;310.4;248.32;172.19;302.2;56.91;310.4;99.53;417.87;0.0;2347.82
2021;212;316;beauce_5_sa_031;solnu;;100.11;0.0;70.69;25.72;0.11;172.19;278.98;55.83;309.31;56.91;310.4;0.0;189.04;0.0;0.0
2021;317;365;beauce_5_sa_031;orgeh;orgeH_tousSols_nonirr_organique;15.17;0.0;105.42;0.78;0.0;56.91;286.49;56.91;310.4;56.91;310.4;97.96;110.51;0.0;216.35
2021;1;200;beauce_5_sa_032;orgeh;orgeH_tousSols_nonirr_organique;210.75;22.77;198.02;38.74;0.0;310.4;248.32;167.08;305.89;56.91;310.4;99.5;408.12;0.0;2256.76
2021;201;301;beauce_5_sa_032;solnu;;109.26;0.0;49.42;25.73;0.11;167.08;248.85;52.73;306.22;56.91;310.4;0.0;155.44;0.0;0.0
2021;302;365;beauce_5_sa_032;orgeh;orgeH_tousSols_nonirr_organique;22.71;0.0;126.95;1.14;0.0;52.35;276.44;56.91;310.4;56.91;310.4;98.44;153.84;0.0;355.08
2021;1;198;beauce_5_sa_033;orgeh;orgeH_tousSols_nonirr_organique;206.5;21.22;199.61;38.46;0.0;310.4;248.32;173.86;310.1;56.91;310.4;99.49;404.45;0.0;2301.81
2021;199;293;beauce_5_sa_033;solnu;;107.92;0.0;45.8;26.56;0.11;173.86;237.82;56.91;310.4;56.91;310.4;0.0;157.74;0.0;0.0
2021;294;365;beauce_5_sa_033;orgeh;orgeH_tousSols_nonirr_organique;28.09;0.02;130.71;1.46;0.0;56.91;279.67;56.91;310.4;56.91;310.4;98.61;155.22;0.0;431.38
2021;1;228;beauce_5_sa_034;orgeh;orgeH_tousSols_nonirr_organique;221.48;31.77;216.44;44.76;0.0;310.4;248.32;214.92;300.91;64.96;310.4;99.56;437.61;0.0;3196.98
2021;229;265;beauce_5_sa_034;solnu;;46.57;0.0;36.73;7.01;0.11;214.92;226.01;44.75;298.23;64.96;310.4;0.0;80.73;0.0;0.0
2021;266;365;beauce_5_sa_034;orgeh;orgeH_tousSols_nonirr_organique;44.66;0.11;142.13;5.24;0.0;44.42;310.4;67.79;310.4;64.96;310.4;99.0;199.07;0.0;809.58
2021;1;224;beauce_5_sa_035;orgeh;orgeH_tousSols_nonirr_organique;242.39;21.59;202.34;49.28;0.0;310.4;248.32;190.37;304.26;56.91;310.4;99.55;437.61;0.0;2661.01
2021;225;306;beauce_5_sa_035;solnu;;80.47;0.0;45.39;22.12;0.11;190.37;269.04;51.98;305.46;56.91;310.4;0.0;127.74;0.0;0.0
2021;307;365;beauce_5_sa_035;orgeh;orgeH_tousSols_nonirr_organique;21.64;0.0;126.05;1.17;0.0;51.97;300.89;56.91;310.4;56.91;310.4;98.31;152.06;0.0;310.39
2021;1;231;beauce_5_sa_036;orgeh;orgeH_tousSols_nonirr_organique;247.93;16.06;207.94;53.43;0.0;310.4;248.32;213.52;305.45;56.91;310.4;99.57;449.12;0.0;3087.78
2021;232;276;beauce_5_sa_036;solnu;;56.17;0.0;36.0;15.88;0.11;213.52;219.52;39.35;292.83;56.91;310.4;0.0;74.93;0.0;0.0
2021;277;365;beauce_5_sa_036;orgeh;orgeH_tousSols_nonirr_organique;39.74;0.14;135.9;3.99;0.0;38.82;309.63;56.91;310.4;56.91;310.4;98.84;193.35;0.0;647.88
2021;1;230;beauce_5_sa_037;orgeh;orgeH_tousSols_nonirr_organique;242.45;27.09;201.82;50.87;0.0;310.4;248.32;191.24;299.23;56.91;310.4;99.56;444.39;0.0;2774.51
2021;231;304;beauce_5_sa_037;solnu;;71.53;0.0;48.45;14.92;0.11;191.24;250.68;51.98;305.46;56.91;310.4;0.0;119.53;0.0;0.0
2021;305;365;beauce_5_sa_037;orgeh;orgeH_tousSols_nonirr_organique;22.07;0.0;126.47;1.21;0.0;51.66;301.15;56.91;310.4;56.91;310.4;98.36;153.48;0.0;337.19
2021;1;221;beauce_5_sa_038;orgeh;orgeH_tousSols_nonirr_organique;238.65;19.28;204.57;47.87;0.0;310.4;248.32;195.92;306.57;56.91;310.4;99.55;436.1;0.0;2747.36
2021;222;291;beauce_5_sa_038;solnu;;74.45;0.0;37.89;19.24;0.11;195.92;238.12;49.25;302.73;56.91;310.4;0.0;117.03;0.0;0.0
2021;292;365;beauce_5_sa_038;orgeh;orgeH_tousSols_nonirr_organique;29.86;0.02;135.16;2.69;0.0;56.91;290.5;56.91;310.4;56.91;310.4;98.65;164.28;0.0;452.16
2021;1;205;beauce_5_sa_039;orgeh;orgeH_tousSols_nonirr_organique;201.04;27.97;209.38;36.19;0.0;310.4;248.32;192.51;303.75;61.71;310.4;99.51;409.14;0.0;2736.35
2021;206;267;beauce_5_sa_039;solnu;;73.91;0.0;41.26;12.16;0.11;192.51;222.88;44.95;298.44;61.71;310.4;0.0;109.97;0.0;0.0
2021;268;365;beauce_5_sa_039;orgeh;orgeH_tousSols_nonirr_organique;44.16;0.1;142.07;4.93;0.0;44.45;295.2;64.75;310.4;61.71;310.4;98.98;198.3;0.0;783.84
2021;1;218;beauce_5_sa_040;orgeh;orgeH_tousSols_nonirr_organique;225.82;21.12;206.96;45.32;0.0;310.4;248.32;200.26;300.43;56.91;310.4;99.54;436.1;0.0;2947.74
2021;219;270;beauce_5_sa_040;solnu;;62.88;0.0;40.79;13.9;0.11;200.26;219.11;45.87;299.36;56.91;310.4;0.0;87.96;0.0;0.0
2021;271;365;beauce_5_sa_040;orgeh;orgeH_tousSols_nonirr_organique;42.59;0.06;139.66;3.78;0.0;44.81;300.84;59.73;310.4;56.91;310.4;98.94;193.35;0.0;738.89
2021;1;203;beauce_5_sa_041;orgeh;orgeH_tousSols_nonirr_organique;201.15;22.41;213.1;35.81;0.0;310.4;248.32;197.53;304.45;73.73;310.4;99.51;408.12;0.0;2811.49
2021;204;260;beauce_5_sa_041;solnu;;73.71;0.0;41.61;14.9;0.11;197.53;213.57;45.75;299.23;73.73;310.4;0.0;110.22;0.0;0.0
2021;261;365;beauce_5_sa_041;orgeh;orgeH_tousSols_nonirr_organique;47.21;0.76;139.93;5.24;0.0;44.72;297.45;76.79;310.4;73.73;310.4;99.04;199.07;0.0;890.78
2021;1;178;beauce_5_sa_042;orgeh;orgeH_tousSols_nonirr_organique;165.54;27.07;187.18;30.15;0.0;310.4;248.32;162.75;309.47;56.91;310.4;99.44;356.26;0.0;2092.67
2021;179;280;beauce_5_sa_042;solnu;;128.87;0.0;52.66;25.58;0.11;162.75;219.1;44.59;298.07;56.91;310.4;0.0;170.26;0.0;0.0
2021;281;365;beauce_5_sa_042;orgeh;orgeH_tousSols_nonirr_organique;37.77;0.1;140.69;3.64;0.0;44.02;289.79;56.91;310.4;56.91;310.4;98.82;190.89;0.0;587.25
2021;1;188;beauce_5_sa_043;orgeh;orgeH_tousSols_nonirr_organique;190.01;17.52;204.21;36.26;0.0;310.4;248.32;174.28;310.4;56.91;310.4;99.47;390.06;0.0;2310.99
2021;189;277;beauce_5_sa_043;solnu;;114.1;0.0;39.2;28.49;0.11;174.28;219.27;38.4;291.88;56.91;310.4;0.0;133.99;0.0;0.0
2021;278;365;beauce_5_sa_043;orgeh;orgeH_tousSols_nonirr_organique;39.34;0.17;135.33;3.96;0.0;37.67;290.46;56.91;310.4;56.91;310.4;98.82;193.35;0.0;634.75
2021;1;187;beauce_5_sa_044;orgeh;orgeH_tousSols_nonirr_organique;184.86;24.75;199.51;34.27;0.0;310.4;248.32;162.66;304.75;56.91;310.4;99.46;389.15;0.0;2196.7
2021;188;285;beauce_5_sa_044;solnu;;114.61;0.0;41.26;24.64;0.11;162.66;222.41;48.92;302.41;56.91;310.4;0.0;146.42;0.0;0.0
2021;286;365;beauce_5_sa_044;orgeh;orgeH_tousSols_nonirr_organique;36.08;0.01;138.79;3.12;0.0;48.31;289.32;56.91;310.4;56.91;310.4;98.75;181.83;0.0;520.29
2021;1;193;beauce_5_sa_045;orgeh;orgeH_tousSols_nonirr_organique;199.73;21.58;198.3;37.99;0.0;310.4;248.32;161.89;307.07;56.91;310.4;99.48;393.7;0.0;2143.18
2021;194;301;beauce_5_sa_045;solnu;;123.45;0.0;47.27;30.15;0.11;161.89;248.8;52.62;306.1;56.91;310.4;0.0;169.87;0.0;0.0
2021;302;365;beauce_5_sa_045;orgeh;orgeH_tousSols_nonirr_organique;23.07;0.0;126.48;1.32;0.0;52.18;282.67;56.91;310.4;56.91;310.4;98.44;153.84;0.0;355.08
2021;1;220;beauce_5_sa_046;orgeh;orgeH_tousSols_nonirr_organique;236.66;18.62;205.65;47.6;0.0;310.4;248.32;199.04;308.16;56.91;310.4;99.55;436.1;0.0;2781.92
2021;221;286;beauce_5_sa_046;solnu;;71.6;0.0;38.04;18.77;0.11;199.04;222.1;44.39;297.88;56.91;310.4;0.0;108.31;0.0;0.0
2021;287;365;beauce_5_sa_046;orgeh;orgeH_tousSols_nonirr_organique;34.17;0.04;135.1;3.0;0.0;52.79;292.87;56.91;310.4;56.91;310.4;98.73;173.0;0.0;508.55
2021;1;223;beauce_5_sa_047;orgeh;orgeH_tousSols_nonirr_organique;241.5;21.5;202.48;48.69;0.0;310.4;248.32;189.22;303.59;56.91;310.4;99.55;437.61;0.0;2665.9
2021;224;303;beauce_5_sa_047;solnu;;80.03;0.0;45.69;21.25;0.11;189.22;251.84;51.74;305.23;56.91;310.4;0.0;126.32;0.0;0.0
2021;304;365;beauce_5_sa_047;orgeh;orgeH_tousSols_nonirr_organique;22.45;0.0;126.22;1.33;0.0;51.83;303.38;56.91;310.4;56.91;310.4;98.39;153.48;0.0;344.08
2021;1;224;beauce_5_sa_048;orgeh;orgeH_tousSols_nonirr_organique;241.94;21.85;202.54;49.16;0.0;310.4;248.32;191.33;304.27;56.91;310.4;99.55;437.61;0.0;2690.96
2021;225;302;beauce_5_sa_048;solnu;;79.05;0.0;45.39;20.93;0.11;191.33;251.97;52.18;305.67;56.91;310.4;0.0;125.95;0.0;0.0
2021;303;365;beauce_5_sa_048;orgeh;orgeH_tousSols_nonirr_organique;22.78;0.0;126.33;1.32;0.0;51.74;301.36;56.91;310.4;56.91;310.4;98.41;153.84;0.0;348.41
2021;1;174;beauce_5_sa_049;orgeh;orgeH_tousSols_nonirr_organique;164.89;17.17;177.4;32.04;0.0;310.4;248.32;166.81;309.68;57.76;310.4;99.43;339.98;0.0;2168.92
2021;175;269;beauce_5_sa_049;solnu;;135.36;0.0;63.42;34.16;0.11;166.81;220.75;40.27;293.75;57.76;310.4;0.0;184.08;0.0;0.0
2021;270;365;beauce_5_sa_049;orgeh;orgeH_tousSols_nonirr_organique;44.63;0.36;136.67;4.79;0.0;44.26;299.82;61.37;310.4;57.76;310.4;98.91;193.35;0.0;750.66
2021;1;202;beauce_5_sa_050;orgeh;orgeH_tousSols_nonirr_organique;158.24;55.85;218.27;25.62;0.0;310.4;248.32;202.8;308.78;77.1;310.4;99.5;408.12;0.0;2825.25
2021;203;258;beauce_5_sa_050;solnu;;74.05;0.0;42.24;10.38;0.11;202.8;215.06;48.77;302.26;77.1;310.4;0.0;109.88;0.0;0.0
2021;259;365;beauce_5_sa_050;orgeh;orgeH_tousSols_nonirr_organique;47.43;0.48;143.36;5.18;0.0;47.85;299.56;80.93;310.4;77.1;310.4;99.06;199.41;0.0;923.45
2021;1;218;beauce_5_sa_051;orgeh;orgeH_tousSols_nonirr_organique;233.92;21.77;197.67;47.32;0.0;310.4;248.32;180.02;300.97;56.91;310.4;99.54;436.1;0.0;2525.88
2021;219;310;beauce_5_sa_051;solnu;;92.17;0.0;56.18;25.33;0.11;180.02;271.92;56.91;310.4;56.91;310.4;0.0;144.69;0.0;0.0
2021;311;365;beauce_5_sa_051;orgeh;orgeH_tousSols_nonirr_organique;18.97;0.0;119.2;0.84;0.0;56.91;282.6;56.91;310.4;56.91;310.4;98.18;136.62;0.0;269.65
2021;1;223;beauce_5_sa_052;orgeh;orgeH_tousSols_nonirr_organique;170.7;62.12;231.09;30.43;0.0;310.4;248.32;222.31;305.22;80.34;310.4;99.55;437.61;0.0;3249.97
2021;224;256;beauce_5_sa_052;solnu;;45.41;0.0;38.08;7.85;0.11;222.31;215.59;47.68;301.17;80.34;310.4;0.0;80.39;0.0;0.0
2021;257;365;beauce_5_sa_052;orgeh;orgeH_tousSols_nonirr_organique;48.96;1.05;142.51;6.06;0.0;49.06;308.77;84.87;310.4;80.34;310.4;99.08;199.41;0.0;956.44
2021;1;170;beauce_5_sa_053;orgeh;orgeH_tousSols_nonirr_organique;158.46;21.8;171.48;30.77;0.0;310.4;248.32;149.29;310.4;56.91;310.4;99.41;329.9;0.0;1843.04
2021;171;291;beauce_5_sa_053;solnu;;161.04;0.0;62.63;40.32;0.11;149.29;238.12;48.69;302.18;56.91;310.4;0.0;223.22;0.0;0.0
2021;292;365;beauce_5_sa_053;orgeh;orgeH_tousSols_nonirr_organique;29.67;0.03;134.77;2.67;0.0;56.65;295.01;56.91;310.4;56.91;310.4;98.65;164.28;0.0;452.16
2021;1;195;beauce_5_sa_054;orgeh;orgeH_tousSols_nonirr_organique;185.9;28.48;208.32;34.16;0.0;310.4;248.32;185.26;307.56;57.76;310.4;99.49;399.98;0.0;2538.9
2021;196;269;beauce_5_sa_054;solnu;;91.8;0.0;39.68;15.46;0.11;185.26;220.56;44.32;297.81;57.76;310.4;0.0;124.07;0.0;0.0
2021;270;365;beauce_5_sa_054;orgeh;orgeH_tousSols_nonirr_organique;43.56;0.11;142.03;4.91;0.0;48.68;297.41;61.37;310.4;57.76;310.4;98.96;193.35;0.0;750.66
2021;1;179;beauce_5_sa_055;orgeh;orgeH_tousSols_nonirr_organique;180.54;18.58;184.69;33.4;0.0;310.4;248.32;155.39;305.43;56.91;310.4;99.44;356.26;0.0;2034.59
2021;180;287;beauce_5_sa_055;solnu;;134.76;0.0;52.94;35.12;0.11;155.39;222.35;52.29;305.77;56.91;310.4;0.0;188.15;0.0;0.0
2021;288;365;beauce_5_sa_055;orgeh;orgeH_tousSols_nonirr_organique;33.32;0.06;134.99;2.43;0.0;51.13;288.11;56.91;310.4;56.91;310.4;98.72;173.0;0.0;499.41
2021;1;203;beauce_5_sa_056;orgeh;orgeH_tousSols_nonirr_organique;209.67;17.63;210.11;38.03;0.0;310.4;248.32;193.02;303.69;66.83;310.4;99.51;408.12;0.0;2745.28
2021;204;264;beauce_5_sa_056;solnu;;76.31;0.0;41.04;16.93;0.11;193.02;227.07;42.97;296.46;66.83;310.4;0.0;110.22;0.0;0.0
2021;265;365;beauce_5_sa_056;orgeh;orgeH_tousSols_nonirr_organique;45.57;0.54;139.02;5.22;0.0;41.81;295.77;69.17;310.4;66.83;310.4;98.99;199.07;0.0;823.18
2021;1;172;beauce_5_sa_057;orgeh;orgeH_tousSols_nonirr_organique;159.92;25.39;172.4;29.92;0.0;310.4;248.32;145.44;305.18;56.91;310.4;99.42;329.9;0.0;1884.47
2021;173;290;beauce_5_sa_057;solnu;;148.17;0.0;64.36;29.69;0.11;145.44;228.91;53.56;307.05;56.91;310.4;0.0;214.81;0.0;0.0
2021;291;365;beauce_5_sa_057;orgeh;orgeH_tousSols_nonirr_organique;30.11;0.04;139.49;2.59;0.0;53.34;292.3;56.91;310.4;56.91;310.4;98.67;172.7;0.0;465.03
2021;1;213;beauce_5_sa_058;orgeh;orgeH_tousSols_nonirr_organique;161.86;67.27;218.07;26.87;0.0;310.4;248.32;207.43;303.69;72.32;310.4;99.53;417.87;0.0;2990.38
2021;214;261;beauce_5_sa_058;solnu;;60.61;0.0;45.06;10.24;0.11;207.43;227.96;44.9;298.38;72.32;310.4;0.0;100.47;0.0;0.0
2021;262;365;beauce_5_sa_058;orgeh;orgeH_tousSols_nonirr_organique;43.86;1.32;141.87;5.05;0.0;44.53;305.93;75.3;310.4;72.32;310.4;99.03;199.07;0.0;872.56
2021;1;217;beauce_5_sa_059;orgeh;orgeH_tousSols_nonirr_organique;213.07;24.78;214.51;41.8;0.0;310.4;248.32;210.95;300.55;77.1;310.4;99.54;421.35;0.0;3115.32
2021;218;258;beauce_5_sa_059;solnu;;55.98;0.0;41.81;11.57;0.11;210.95;215.17;47.23;300.72;77.1;310.4;0.0;96.65;0.0;0.0
2021;259;365;beauce_5_sa_059;orgeh;orgeH_tousSols_nonirr_organique;48.67;0.8;140.26;5.34;0.0;46.15;308.63;80.93;310.4;77.1;310.4;99.06;199.41;0.0;923.45
2021;1;179;beauce_5_sa_060;orgeh;orgeH_tousSols_nonirr_organique;169.77;20.18;193.62;30.65;0.0;310.4;248.32;173.64;305.67;68.57;310.4;99.44;356.26;0.0;2350.77
2021;180;263;beauce_5_sa_060;solnu;;117.43;0.0;53.15;27.4;0.11;173.64;225.02;43.57;297.05;68.57;310.4;0.0;162.08;0.0;0.0
2021;264;365;beauce_5_sa_060;orgeh;orgeH_tousSols_nonirr_organique;45.78;0.65;139.3;5.21;0.0;42.83;299.38;71.48;310.4;68.57;310.4;99.0;199.07;0.0;835.61
2021;1;205;beauce_5_sa_061;orgeh;orgeH_tousSols_nonirr_organique;215.17;25.81;197.65;39.65;0.0;310.4;248.32;170.16;303.48;56.91;310.4;99.51;409.14;0.0;2350.4
2021;206;300;beauce_5_sa_061;solnu;;100.26;0.0;50.9;21.13;0.11;170.16;246.84;53.08;306.56;56.91;310.4;0.0;154.43;0.0;0.0
2021;301;365;beauce_5_sa_061;orgeh;orgeH_tousSols_nonirr_organique;23.28;0.0;126.8;1.21;0.0;52.69;276.35;56.91;310.4;56.91;310.4;98.46;153.84;0.0;363.01
2021;1;186;beauce_5_sa_062;orgeh;orgeH_tousSols_nonirr_organique;180.16;19.98;207.53;33.29;0.0;310.4;248.32;178.55;306.2;64.96;310.4;99.46;380.88;0.0;2446.75
2021;187;265;beauce_5_sa_062;solnu;;107.49;0.0;40.86;24.18;0.11;178.55;226.16;41.71;295.19;64.96;310.4;0.0;137.46;0.0;0.0
2021;266;365;beauce_5_sa_062;orgeh;orgeH_tousSols_nonirr_organique;44.99;0.49;138.38;5.23;0.0;41.24;301.53;67.79;310.4;64.96;310.4;98.98;199.07;0.0;809.58
2021;1;183;beauce_5_sa_063;orgeh;orgeH_tousSols_nonirr_organique;183.26;23.25;184.83;34.99;0.0;310.4;248.32;155.61;310.4;56.91;310.4;99.45;380.66;0.0;1967.0
2021;184;301;beauce_5_sa_063;solnu;;142.02;0.0;56.84;35.83;0.11;155.61;248.78;52.74;306.23;56.91;310.4;0.0;182.9;0.0;0.0
2021;302;365;beauce_5_sa_063;orgeh;orgeH_tousSols_nonirr_organique;22.54;0.0;127.13;1.01;0.0;52.38;281.06;56.91;310.4;56.91;310.4;98.44;153.84;0.0;355.08
2021;1;198;beauce_5_sa_064;orgeh;orgeH_tousSols_nonirr_organique;182.81;28.15;216.09;32.49;0.0;310.4;248.32;201.4;310.4;78.73;310.4;99.49;404.45;0.0;2771.01
2021;199;257;beauce_5_sa_064;solnu;;79.84;0.0;41.63;15.38;0.11;201.4;215.13;48.88;302.37;78.73;310.4;0.0;113.55;0.0;0.0
2021;258;365;beauce_5_sa_064;orgeh;orgeH_tousSols_nonirr_organique;49.6;1.04;140.74;5.16;0.0;47.17;300.78;82.59;310.4;78.73;310.4;99.07;199.41;0.0;941.48
2021;1;185;beauce_5_sa_065;orgeh;orgeH_tousSols_nonirr_organique;182.35;16.64;206.8;34.13;0.0;310.4;248.32;178.54;307.86;63.65;310.4;99.46;380.88;0.0;2413.2
2021;186;266;beauce_5_sa_065;solnu;;110.01;0.0;40.69;24.77;0.11;178.54;224.15;41.24;294.73;63.65;310.4;0.0;138.23;0.0;0.0
2021;267;365;beauce_5_sa_065;orgeh;orgeH_tousSols_nonirr_organique;44.91;0.48;138.01;5.14;0.0;41.68;302.15;66.27;310.4;63.65;310.4;98.96;198.3;0.0;795.89
2021;1;187;beauce_5_sa_066;orgeh;orgeH_tousSols_nonirr_organique;137.9;61.99;207.95;22.67;0.0;310.4;248.32;182.72;306.06;70.4;310.4;99.46;389.15;0.0;2508.92
2021;188;262;beauce_5_sa_066;solnu;;102.97;0.0;42.41;21.86;0.11;182.72;225.94;44.54;298.03;70.4;310.4;0.0;129.18;0.0;0.0
2021;263;365;beauce_5_sa_066;orgeh;orgeH_tousSols_nonirr_organique;44.48;0.93;141.29;5.11;0.0;43.91;303.45;73.27;310.4;70.4;310.4;99.02;199.07;0.0;856.42
2021;1;176;beauce_5_sa_067;orgeh;orgeH_tousSols_nonirr_organique;167.47;16.54;190.73;32.07;0.0;310.4;248.32;169.73;310.4;59.84;310.4;99.43;353.6;0.0;2214.35
2021;177;268;beauce_5_sa_067;solnu;;131.22;0.0;51.72;32.61;0.11;169.73;221.97;40.82;294.31;59.84;310.4;0.0;165.51;0.0;0.0
2021;269;365;beauce_5_sa_067;orgeh;orgeH_tousSols_nonirr_organique;44.73;0.4;137.08;4.84;0.0;40.28;299.89;63.41;310.4;59.84;310.4;98.93;198.3;0.0;765.4
2021;1;176;beauce_5_sa_068;orgeh;orgeH_tousSols_nonirr_organique;170.9;18.88;184.95;32.92;0.0;310.4;248.32;157.16;310.4;56.91;310.4;99.43;353.6;0.0;1999.38
2021;177;285;beauce_5_sa_068;solnu;;142.99;0.0;51.72;37.66;0.11;157.16;222.57;44.46;297.95;56.91;310.4;0.0;181.98;0.0;0.0
2021;286;365;beauce_5_sa_068;orgeh;orgeH_tousSols_nonirr_organique;35.5;0.08;134.85;3.02;0.0;43.85;290.67;56.91;310.4;56.91;310.4;98.75;181.83;0.0;520.29
2021;1;199;beauce_5_sa_069;orgeh;orgeH_tousSols_nonirr_organique;210.75;21.91;197.87;38.7;0.0;310.4;248.32;167.34;306.89;56.91;310.4;99.5;404.45;0.0;2198.95
2021;200;306;beauce_5_sa_069;solnu;;111.98;0.0;49.68;28.5;0.11;167.34;269.04;51.97;305.45;56.91;310.4;0.0;160.9;0.0;0.0
2021;307;365;beauce_5_sa_069;orgeh;orgeH_tousSols_nonirr_organique;21.62;0.0;126.06;1.17;0.0;51.96;276.87;56.91;310.4;56.91;310.4;98.31;152.06;0.0;310.39
2021;1;189;beauce_5_sa_070;orgeh;orgeH_tousSols_nonirr_organique;193.23;23.55;197.83;36.15;0.0;310.4;248.32;159.27;308.42;56.91;310.4;99.47;390.06;0.0;2069.6
2021;190;301;beauce_5_sa_070;solnu;;127.46;0.0;48.14;29.5;0.11;159.27;248.85;52.73;306.22;56.91;310.4;0.0;173.5;0.0;0.0
2021;302;365;beauce_5_sa_070;orgeh;orgeH_tousSols_nonirr_organique;22.71;0.0;126.95;1.14;0.0;52.35;281.03;56.91;310.4;56.91;310.4;98.44;153.84;0.0;355.08
2021;1;224;beauce_5_sa_071;orgeh;orgeH_tousSols_nonirr_organique;228.24;26.1;212.01;45.57;0.0;310.4;248.32;208.71;304.25;56.91;310.4;99.55;437.61;0.0;3032.52
2021;225;271;beauce_5_sa_071;solnu;;52.73;0.0;37.15;7.67;0.11;208.71;218.08;47.22;300.7;56.91;310.4;0.0;86.45;0.0;0.0
2021;272;365;beauce_5_sa_071;orgeh;orgeH_tousSols_nonirr_organique;41.84;0.1;141.71;3.89;0.0;46.49;307.85;58.42;310.4;56.91;310.4;98.93;193.35;0.0;723.78
2021;1;209;beauce_5_sa_072;orgeh;orgeH_tousSols_nonirr_organique;222.37;17.36;205.12;42.08;0.0;310.4;248.32;192.41;305.83;56.91;310.4;99.52;417.7;0.0;2709.25
2021;210;274;beauce_5_sa_072;solnu;;76.88;0.0;41.27;18.45;0.11;192.41;220.68;40.44;293.92;56.91;310.4;0.0;106.35;0.0;0.0
2021;275;365;beauce_5_sa_072;orgeh;orgeH_tousSols_nonirr_organique;40.37;0.21;136.3;3.93;0.0;39.91;293.73;56.91;310.4;56.91;310.4;98.86;193.35;0.0;675.96
2021;1;196;beauce_5_sa_073;orgeh;orgeH_tousSols_nonirr_organique;204.05;22.66;197.61;38.54;0.0;310.4;248.32;166.2;308.65;56.91;310.4;99.49;401.67;0.0;2138.96
2021;197;307;beauce_5_sa_073;solnu;;120.3;0.0;48.16;30.45;0.11;166.2;270.16;51.96;305.45;56.91;310.4;0.0;176.29;0.0;0.0
2021;308;365;beauce_5_sa_073;orgeh;orgeH_tousSols_nonirr_organique;21.05;0.0;126.05;1.14;0.0;56.91;278.22;56.91;310.4;56.91;310.4;98.28;139.44;0.0;298.48
2021;1;175;beauce_5_sa_074;orgeh;orgeH_tousSols_nonirr_organique;170.17;18.05;174.34;33.01;0.0;310.4;248.32;158.15;310.4;56.91;310.4;99.43;352.15;0.0;2001.83
2021;176;283;beauce_5_sa_074;solnu;;143.84;0.0;62.41;37.63;0.11;158.15;221.08;37.09;290.58;56.91;310.4;0.0;175.9;0.0;0.0
2021;284;365;beauce_5_sa_074;orgeh;orgeH_tousSols_nonirr_organique;36.2;0.1;134.77;3.68;0.0;38.24;290.75;56.91;310.4;56.91;310.4;98.76;189.36;0.0;544.68
2021;1;199;beauce_5_sa_075;orgeh;orgeH_tousSols_nonirr_organique;210.07;16.53;204.62;38.64;0.0;310.4;248.32;181.93;306.21;56.91;310.4;99.5;404.45;0.0;2502.73
2021;200;276;beauce_5_sa_075;solnu;;91.92;0.0;41.27;22.4;0.11;181.93;219.52;39.04;292.52;56.91;310.4;0.0;119.61;0.0;0.0
2021;277;365;beauce_5_sa_075;orgeh;orgeH_tousSols_nonirr_organique;39.62;0.18;135.68;3.97;0.0;38.51;287.57;56.91;310.4;56.91;310.4;98.83;193.35;0.0;647.88
2021;1;181;beauce_5_sa_076;orgeh;orgeH_tousSols_nonirr_organique;122.98;68.61;191.75;19.53;0.0;310.4;248.32;177.64;305.95;72.32;310.4;99.45;357.48;0.0;2419.5
2021;182;261;beauce_5_sa_076;solnu;;114.17;0.0;55.34;22.75;0.11;177.64;228.67;44.91;298.39;72.32;310.4;0.0;160.86;0.0;0.0
2021;262;365;beauce_5_sa_076;orgeh;orgeH_tousSols_nonirr_organique;43.41;1.58;142.08;4.99;0.0;44.54;303.94;75.3;310.4;72.32;310.4;99.03;199.07;0.0;872.56
2021;1;183;beauce_5_sa_077;orgeh;orgeH_tousSols_nonirr_organique;183.51;21.91;185.93;35.11;0.0;310.4;248.32;158.45;310.4;56.91;310.4;99.45;380.66;0.0;2026.85
2021;184;295;beauce_5_sa_077;solnu;;137.52;0.0;56.84;35.68;0.11;158.45;240.95;56.91;310.4;56.91;310.4;0.0;182.57;0.0;0.0
2021;296;365;beauce_5_sa_077;orgeh;orgeH_tousSols_nonirr_organique;26.83;0.01;127.33;1.03;0.0;55.52;282.75;56.91;310.4;56.91;310.4;98.57;154.17;0.0;409.08
2021;1;195;beauce_5_sa_078;orgeh;orgeH_tousSols_nonirr_organique;198.84;27.69;196.32;37.28;0.0;310.4;248.32;162.01;307.4;56.91;310.4;99.49;399.98;0.0;2079.33
2021;196;313;beauce_5_sa_078;solnu;;126.29;0.0;57.62;28.95;0.11;162.01;277.22;56.91;310.4;56.91;310.4;0.0;195.74;0.0;0.0
2021;314;365;beauce_5_sa_078;orgeh;orgeH_tousSols_nonirr_organique;16.71;0.0;116.41;0.8;0.0;56.91;278.77;56.91;310.4;56.91;310.4;98.08;121.69;0.0;239.91
2021;1;203;beauce_5_sa_079;orgeh;orgeH_tousSols_nonirr_organique;210.37;25.25;201.28;37.88;0.0;310.4;248.32;176.12;304.2;56.91;310.4;99.51;408.12;0.0;2437.25
2021;204;288;beauce_5_sa_079;solnu;;87.95;0.0;43.18;15.02;0.11;176.12;221.54;55.76;309.25;56.91;310.4;0.0;136.29;0.0;0.0
2021;289;365;beauce_5_sa_079;orgeh;orgeH_tousSols_nonirr_organique;32.7;0.01;139.14;2.52;0.0;54.74;279.35;56.91;310.4;56.91;310.4;98.7;173.0;0.0;486.5
2021;1;187;beauce_5_sa_080;orgeh;orgeH_tousSols_nonirr_organique;185.52;17.48;206.32;34.71;0.0;310.4;248.32;176.26;304.56;61.71;310.4;99.47;389.15;0.0;2430.37
2021;188;267;beauce_5_sa_080;solnu;;106.41;0.0;41.09;25.29;0.11;176.26;223.0;41.68;295.16;61.71;310.4;0.0;129.95;0.0;0.0
2021;268;365;beauce_5_sa_080;orgeh;orgeH_tousSols_nonirr_organique;45.02;0.42;137.62;4.86;0.0;40.91;301.2;64.75;310.4;61.71;310.4;98.95;198.3;0.0;783.84
2021;1;174;beauce_5_sa_081;orgeh;orgeH_tousSols_nonirr_organique;165.95;24.79;170.4;32.02;0.0;310.4;248.32;143.81;307.99;56.91;310.4;99.42;339.98;0.0;1766.45
2021;175;305;beauce_5_sa_081;solnu;;161.28;0.0;69.42;41.86;0.11;143.81;264.88;51.48;304.96;56.91;310.4;0.0;224.8;0.0;0.0
2021;306;365;beauce_5_sa_081;orgeh;orgeH_tousSols_nonirr_organique;21.95;0.0;126.09;1.27;0.0;51.96;288.09;56.91;310.4;56.91;310.4;98.33;152.62;0.0;326.64
2021;1;221;beauce_5_sa_082;orgeh;orgeH_tousSols_nonirr_organique;237.25;17.34;207.98;47.59;0.0;310.4;248.32;204.89;306.51;56.91;310.4;99.55;436.1;0.0;2910.78
2021;222;276;beauce_5_sa_082;solnu;;63.66;0.0;37.88;16.11;0.11;204.89;219.52;39.33;292.81;56.91;310.4;0.0;87.96;0.0;0.0
2021;277;365;beauce_5_sa_082;orgeh;orgeH_tousSols_nonirr_organique;39.7;0.16;135.92;3.98;0.0;38.8;298.67;56.91;310.4;56.91;310.4;98.84;193.35;0.0;647.88
2021;1;201;beauce_5_sa_083;orgeh;orgeH_tousSols_nonirr_organique;209.62;20.57;202.58;38.68;0.0;310.4;248.32;182.6;308.34;56.91;310.4;99.5;408.12;0.0;2477.29
2021;202;281;beauce_5_sa_083;solnu;;93.03;0.0;40.87;22.38;0.11;182.6;218.68;39.24;292.73;56.91;310.4;0.0;118.4;0.0;0.0
2021;282;365;beauce_5_sa_083;orgeh;orgeH_tousSols_nonirr_organique;37.24;0.1;135.87;3.43;0.0;38.6;283.59;56.91;310.4;56.91;310.4;98.79;190.89;0.0;572.54
2021;1;186;beauce_5_sa_084;orgeh;orgeH_tousSols_nonirr_organique;188.46;21.82;197.3;35.29;0.0;310.4;248.32;158.77;306.29;56.91;310.4;99.46;380.88;0.0;2098.6
2021;187;293;beauce_5_sa_084;solnu;;128.21;0.0;45.27;31.53;0.11;158.77;237.82;56.91;310.4;56.91;310.4;0.0;181.31;0.0;0.0
2021;294;365;beauce_5_sa_084;orgeh;orgeH_tousSols_nonirr_organique;28.06;0.02;130.74;1.46;0.0;56.91;285.3;56.91;310.4;56.91;310.4;98.61;155.22;0.0;431.38
2021;1;198;beauce_5_sa_085;orgeh;orgeH_tousSols_nonirr_organique;194.86;27.28;205.18;35.29;0.0;310.4;248.32;183.38;310.12;56.91;310.4;99.49;404.45;0.0;2477.1
2021;199;277;beauce_5_sa_085;solnu;;90.76;0.0;41.36;15.13;0.11;183.38;219.31;44.01;297.5;56.91;310.4;0.0;119.61;0.0;0.0
2021;278;365;beauce_5_sa_085;orgeh;orgeH_tousSols_nonirr_organique;38.99;0.05;141.41;3.97;0.0;43.44;286.16;56.91;310.4;56.91;310.4;98.86;193.35;0.0;634.75
2021;1;175;beauce_5_sa_086;orgeh;orgeH_tousSols_nonirr_organique;167.09;25.43;170.16;31.88;0.0;310.4;248.32;144.79;310.27;56.91;310.4;99.43;352.15;0.0;1717.55
2021;176;315;beauce_5_sa_086;solnu;;165.45;0.0;90.59;41.95;0.11;144.79;276.65;56.38;309.87;56.91;310.4;0.0;243.57;0.0;0.0
2021;316;365;beauce_5_sa_086;orgeh;orgeH_tousSols_nonirr_organique;15.73;0.0;105.43;0.73;0.0;55.83;284.81;56.91;310.4;56.91;310.4;98.0;121.69;0.0;226.53
2021;1;223;beauce_5_sa_087;orgeh;orgeH_tousSols_nonirr_organique;237.02;16.24;212.46;47.77;0.0;310.4;248.32;212.7;303.37;64.96;310.4;99.55;437.61;0.0;3114.31
2021;224;265;beauce_5_sa_087;solnu;;52.63;0.0;37.37;12.2;0.11;212.7;226.16;42.02;295.5;64.96;310.4;0.0;80.73;0.0;0.0
2021;266;365;beauce_5_sa_087;orgeh;orgeH_tousSols_nonirr_organique;45.04;0.46;138.67;5.25;0.0;41.56;309.56;67.79;310.4;64.96;310.4;98.98;199.07;0.0;809.58
2021;1;220;beauce_5_sa_088;orgeh;orgeH_tousSols_nonirr_organique;184.94;53.49;221.95;33.84;0.0;310.4;248.32;217.42;308.74;68.57;310.4;99.55;436.1;0.0;3088.21
2021;221;263;beauce_5_sa_088;solnu;;55.38;0.0;38.1;11.05;0.11;217.42;224.96;43.91;297.39;68.57;310.4;0.0;82.24;0.0;0.0
2021;264;365;beauce_5_sa_088;orgeh;orgeH_tousSols_nonirr_organique;43.47;1.22;141.37;5.03;0.0;43.18;309.21;71.48;310.4;68.57;310.4;99.01;199.07;0.0;835.61
2021;1;226;beauce_5_sa_089;orgeh;orgeH_tousSols_nonirr_organique;237.94;25.06;205.43;48.39;0.0;310.4;248.32;195.99;302.16;56.91;310.4;99.56;437.61;0.0;2845.01
2021;227;290;beauce_5_sa_089;solnu;;63.27;0.0;38.53;10.68;0.11;195.99;228.87;53.56;307.04;56.91;310.4;0.0;107.1;0.0;0.0
2021;291;365;beauce_5_sa_089;orgeh;orgeH_tousSols_nonirr_organique;30.57;0.0;139.06;2.66;0.0;53.34;303.25;56.91;310.4;56.91;310.4;98.67;172.7;0.0;465.03
2021;1;173;beauce_5_sa_090;orgeh;orgeH_tousSols_nonirr_organique;154.54;22.78;181.4;28.89;0.0;310.4;248.32;168.09;304.17;72.32;310.4;99.42;336.15;0.0;2278.58
2021;174;261;beauce_5_sa_090;solnu;;130.9;0.0;63.55;29.93;0.11;168.09;227.97;44.56;298.05;72.32;310.4;0.0;182.19;0.0;0.0
2021;262;365;beauce_5_sa_090;orgeh;orgeH_tousSols_nonirr_organique;46.19;0.8;139.73;5.25;0.0;44.19;303.08;75.3;310.4;72.32;310.4;99.02;199.07;0.0;872.56
2021;1;214;beauce_5_sa_091;orgeh;orgeH_tousSols_nonirr_organique;222.93;24.79;203.69;42.76;0.0;310.4;248.32;187.79;299.45;56.91;310.4;99.53;417.87;0.0;2725.71
2021;215;281;beauce_5_sa_091;solnu;;68.59;0.0;41.53;13.34;0.11;187.79;218.45;44.39;297.87;56.91;310.4;0.0;108.65;0.0;0.0
2021;282;365;beauce_5_sa_091;orgeh;orgeH_tousSols_nonirr_organique;37.75;0.02;140.59;3.68;0.0;43.71;291.66;56.91;310.4;56.91;310.4;98.81;190.89;0.0;572.54
2021;1;195;beauce_5_sa_092;orgeh;orgeH_tousSols_nonirr_organique;201.66;23.16;197.93;38.23;0.0;310.4;248.32;165.21;307.49;56.91;310.4;99.49;399.98;0.0;2195.08
2021;196;299;beauce_5_sa_092;solnu;;118.96;0.0;47.51;28.33;0.11;165.21;247.21;53.64;307.12;56.91;310.4;0.0;163.5;0.0;0.0
2021;300;365;beauce_5_sa_092;orgeh;orgeH_tousSols_nonirr_organique;23.41;0.0;127.23;1.02;0.0;53.14;280.72;56.91;310.4;56.91;310.4;98.48;153.92;0.0;369.5
2021;1;231;beauce_5_sa_093;orgeh;orgeH_tousSols_nonirr_organique;242.99;24.06;204.6;51.75;0.0;310.4;248.32;204.36;305.72;56.91;310.4;99.57;449.12;0.0;2935.03
2021;232;290;beauce_5_sa_093;solnu;;63.02;0.0;36.27;13.69;0.11;204.36;228.88;52.84;306.33;56.91;310.4;0.0;95.59;0.0;0.0
2021;291;365;beauce_5_sa_093;orgeh;orgeH_tousSols_nonirr_organique;30.56;0.0;138.36;2.61;0.0;52.63;308.09;56.91;310.4;56.91;310.4;98.67;172.7;0.0;465.03
2021;1;178;beauce_5_sa_094;orgeh;orgeH_tousSols_nonirr_organique;171.97;26.8;181.44;31.74;0.0;310.4;248.32;146.78;309.04;56.91;310.4;99.44;356.26;0.0;1772.56
2021;179;314;beauce_5_sa_094;solnu;;157.07;0.0;80.92;37.15;0.11;146.78;277.03;56.91;310.4;56.91;310.4;0.0;239.46;0.0;0.0
2021;315;365;beauce_5_sa_094;orgeh;orgeH_tousSols_nonirr_organique;16.26;0.0;105.43;0.67;0.0;56.38;282.32;56.91;310.4;56.91;310.4;98.04;121.69;0.0;229.57
2021;1;187;beauce_5_sa_095;orgeh;orgeH_tousSols_nonirr_organique;187.2;24.26;197.63;34.89;0.0;310.4;248.32;160.23;304.78;56.91;310.4;99.46;389.15;0.0;2136.25
2021;188;291;beauce_5_sa_095;solnu;;123.89;0.0;41.29;28.39;0.11;160.23;238.04;49.82;303.31;56.91;310.4;0.0;163.97;0.0;0.0
2021;292;365;beauce_5_sa_095;orgeh;orgeH_tousSols_nonirr_organique;29.86;0.01;135.74;2.54;0.0;56.91;286.97;56.91;310.4;56.91;310.4;98.65;164.28;0.0;452.16
2021;1;190;beauce_5_sa_096;orgeh;orgeH_tousSols_nonirr_organique;195.32;22.15;198.82;36.53;0.0;310.4;248.32;161.85;306.75;56.91;310.4;99.47;390.81;0.0;2136.35
2021;191;296;beauce_5_sa_096;solnu;;122.76;0.0;48.05;29.31;0.11;161.85;240.59;55.52;309.0;56.91;310.4;0.0;172.67;0.0;0.0
2021;297;365;beauce_5_sa_096;orgeh;orgeH_tousSols_nonirr_organique;25.58;0.01;127.19;1.18;0.0;54.91;280.84;56.91;310.4;56.91;310.4;98.55;153.92;0.0;400.33
2021;1;177;beauce_5_sa_097;orgeh;orgeH_tousSols_nonirr_organique;172.11;23.86;181.95;32.3;0.0;310.4;248.32;148.12;308.66;56.91;310.4;99.43;356.26;0.0;1863.07
2021;178;300;beauce_5_sa_097;solnu;;151.76;0.0;60.16;37.37;0.11;148.12;247.04;53.03;306.52;56.91;310.4;0.0;207.3;0.0;0.0
2021;301;365;beauce_5_sa_097;orgeh;orgeH_tousSols_nonirr_organique;23.43;0.0;126.61;1.32;0.0;52.62;285.27;56.91;310.4;56.91;310.4;98.46;153.84;0.0;363.01
2021;1;202;beauce_5_sa_098;orgeh;orgeH_tousSols_nonirr_organique;212.03;24.63;197.25;38.86;0.0;310.4;248.32;170.28;307.19;56.91;310.4;99.5;408.12;0.0;2249.33
2021;203;306;beauce_5_sa_098;solnu;;108.48;0.0;49.48;25.76;0.11;170.28;268.95;52.29;305.77;56.91;310.4;0.0;157.23;0.0;0.0
2021;307;365;beauce_5_sa_098;orgeh;orgeH_tousSols_nonirr_organique;21.41;0.0;126.59;1.12;0.0;52.37;275.33;56.91;310.4;56.91;310.4;98.31;152.06;0.0;310.39
2021;1;171;beauce_5_sa_099;orgeh;orgeH_tousSols_nonirr_organique;159.04;25.97;170.59;29.75;0.0;310.4;248.32;141.76;307.29;56.91;310.4;99.41;329.9;0.0;1776.72
2021;172;299;beauce_5_sa_099;solnu;;162.4;0.0;71.26;37.67;0.11;141.76;247.14;53.6;307.09;56.91;310.4;0.0;233.58;0.0;0.0
2021;300;365;beauce_5_sa_099;orgeh;orgeH_tousSols_nonirr_organique;23.65;0.0;126.96;1.19;0.0;53.08;291.79;56.91;310.4;56.91;310.4;98.48;153.92;0.0;369.5
