annee;jourDebut;jourFin;parcelle;couvert;itk;evaporation[mm];transpiration[mm];percolation[mm];capilarite[mm];ruissellement[mm];Hr_debut[mm];Hm_debut[mm];Hr_fin[mm];Hm_fin[mm];Hr_1erJanv[mm];Hm_1erJanv[mm];satisfactionHydrique[%];pluie[mm];irrigation[mm];sommeDegresJourCulture[°C]
2019;213;260;beauce_5_sa_000;solnu;;81.66;0.0;0.0;0.01;0.0;45.53;248.32;11.57;214.36;-1.0;-1.0;0.0;47.7;0.0;0.0
2019;261;365;beauce_5_sa_000;orgeh;orgeH_tousSols_nonirr_organique;51.93;2.71;16.72;0.43;0.0;10.78;213.57;79.86;310.4;-1.0;-1.0;83.33;168.21;0.0;953.86
2019;213;268;beauce_5_sa_001;solnu;;90.39;0.0;0.0;0.01;0.0;45.53;248.32;20.21;223.0;-1.0;-1.0;0.0;65.07;0.0;0.0
2019;269;365;beauce_5_sa_001;orgeh;orgeH_tousSols_nonirr_organique;46.79;1.06;14.77;0.69;0.0;19.18;221.97;65.22;310.4;-1.0;-1.0;85.1;150.83;0.0;818.79
2019;213;295;beauce_5_sa_002;solnu;;108.36;0.0;0.0;0.01;0.0;45.53;248.32;38.85;241.64;-1.0;-1.0;0.0;101.68;0.0;0.0
2019;296;365;beauce_5_sa_002;orgeh;orgeH_tousSols_nonirr_organique;32.48;0.02;12.16;0.8;0.0;38.03;240.82;56.91;310.4;-1.0;-1.0;96.43;114.22;0.0;473.96
2019;213;262;beauce_5_sa_003;solnu;;82.68;0.0;0.0;0.01;0.0;45.53;248.32;25.19;227.97;-1.0;-1.0;0.0;62.33;0.0;0.0
2019;263;365;beauce_5_sa_003;orgeh;orgeH_tousSols_nonirr_organique;52.83;2.04;15.46;0.56;0.0;23.24;226.03;76.11;310.4;-1.0;-1.0;81.95;153.57;0.0;922.18
2019;213;278;beauce_5_sa_004;solnu;;98.85;0.0;0.0;0.01;0.0;45.53;248.32;16.51;219.3;-1.0;-1.0;0.0;70.52;0.0;0.0
2019;279;365;beauce_5_sa_004;orgeh;orgeH_tousSols_nonirr_organique;40.33;0.29;13.53;0.8;0.0;16.61;219.4;56.91;310.4;-1.0;-1.0;88.68;145.39;0.0;669.87
2019;213;313;beauce_5_sa_005;solnu;;120.85;0.0;0.0;0.05;0.0;45.53;248.32;55.03;270.03;-1.0;-1.0;0.0;150.2;0.0;0.0
2019;314;365;beauce_5_sa_005;orgeh;orgeH_tousSols_nonirr_organique;20.01;0.0;12.15;0.41;0.0;56.91;277.32;56.91;310.4;-1.0;-1.0;98.08;65.7;0.0;314.44
2019;213;256;beauce_5_sa_006;solnu;;78.37;0.0;0.0;0.01;0.0;45.53;248.32;13.82;216.61;-1.0;-1.0;0.0;46.66;0.0;0.0
2019;257;365;beauce_5_sa_006;orgeh;orgeH_tousSols_nonirr_organique;53.98;4.13;16.54;0.39;0.0;12.78;215.57;87.55;310.4;-1.0;-1.0;81.91;169.25;0.0;1020.05
2019;213;296;beauce_5_sa_007;solnu;;109.05;0.0;0.0;0.01;0.0;45.53;248.32;38.16;240.95;-1.0;-1.0;0.0;102.44;0.0;0.0
2019;297;365;beauce_5_sa_007;orgeh;orgeH_tousSols_nonirr_organique;31.68;0.02;12.26;0.81;0.0;37.8;240.59;56.91;310.4;-1.0;-1.0;97.04;113.47;0.0;464.28
2019;213;285;beauce_5_sa_008;solnu;;102.83;0.0;0.0;0.01;0.0;45.53;248.32;17.61;220.39;-1.0;-1.0;0.0;77.4;0.0;0.0
2019;286;365;beauce_5_sa_008;orgeh;orgeH_tousSols_nonirr_organique;37.2;0.12;12.86;0.88;0.0;19.78;222.57;56.91;310.4;-1.0;-1.0;91.83;138.51;0.0;589.85
2019;213;296;beauce_5_sa_009;solnu;;109.05;0.0;0.0;0.01;0.0;45.53;248.32;38.16;240.95;-1.0;-1.0;0.0;102.44;0.0;0.0
2019;297;365;beauce_5_sa_009;orgeh;orgeH_tousSols_nonirr_organique;31.68;0.02;12.26;0.81;0.0;37.8;240.59;56.91;310.4;-1.0;-1.0;97.04;113.47;0.0;464.28
2019;213;276;beauce_5_sa_010;solnu;;97.6;0.0;0.0;0.01;0.0;45.53;248.32;17.14;219.93;-1.0;-1.0;0.0;69.53;0.0;0.0
2019;277;365;beauce_5_sa_010;orgeh;orgeH_tousSols_nonirr_organique;41.37;0.37;13.67;0.81;0.0;16.74;219.52;56.91;310.4;-1.0;-1.0;88.22;146.38;0.0;697.57
2019;213;280;beauce_5_sa_011;solnu;;100.68;0.0;0.0;0.01;0.0;45.53;248.32;15.37;218.16;-1.0;-1.0;0.0;71.67;0.0;0.0
2019;281;365;beauce_5_sa_011;orgeh;orgeH_tousSols_nonirr_organique;39.19;0.23;12.92;0.85;0.0;16.22;219.01;56.91;310.4;-1.0;-1.0;88.56;144.24;0.0;651.64
2019;213;315;beauce_5_sa_012;solnu;;121.62;0.0;0.0;0.07;0.0;45.53;248.32;56.74;277.21;-1.0;-1.0;0.0;150.51;0.0;0.0
2019;316;365;beauce_5_sa_012;orgeh;orgeH_tousSols_nonirr_organique;19.23;0.0;12.17;0.21;0.0;56.25;276.72;56.91;310.4;-1.0;-1.0;98.0;65.4;0.0;294.39
2019;213;288;beauce_5_sa_013;solnu;;103.99;0.0;0.0;0.01;0.0;45.53;248.32;19.56;222.35;-1.0;-1.0;0.0;78.02;0.0;0.0
2019;289;365;beauce_5_sa_013;orgeh;orgeH_tousSols_nonirr_organique;36.25;0.08;12.69;0.88;0.0;18.98;221.77;56.91;310.4;-1.0;-1.0;93.2;137.88;0.0;556.92
2019;213;306;beauce_5_sa_014;solnu;;116.03;0.0;0.0;0.01;0.0;45.53;248.32;56.91;264.88;-1.0;-1.0;0.0;137.53;0.0;0.0
2019;307;365;beauce_5_sa_014;orgeh;orgeH_tousSols_nonirr_organique;24.83;0.0;12.16;0.52;0.0;56.91;269.04;56.91;310.4;-1.0;-1.0;98.31;78.38;0.0;378.84
2019;213;307;beauce_5_sa_015;solnu;;116.81;0.0;0.0;0.01;0.0;45.53;248.32;56.91;269.04;-1.0;-1.0;0.0;139.25;0.0;0.0
2019;308;365;beauce_5_sa_015;orgeh;orgeH_tousSols_nonirr_organique;24.03;0.0;12.17;0.45;0.0;56.91;270.16;56.91;310.4;-1.0;-1.0;98.28;76.66;0.0;374.6
2019;213;256;beauce_5_sa_016;solnu;;78.48;0.0;0.0;0.01;0.0;45.53;248.32;13.71;216.5;-1.0;-1.0;0.0;46.66;0.0;0.0
2019;257;365;beauce_5_sa_016;orgeh;orgeH_tousSols_nonirr_organique;54.22;3.98;16.33;0.39;0.0;12.66;215.45;87.55;310.4;-1.0;-1.0;80.93;169.25;0.0;1020.05
2019;213;286;beauce_5_sa_017;solnu;;103.48;0.0;0.0;0.01;0.0;45.53;248.32;19.45;222.24;-1.0;-1.0;0.0;77.4;0.0;0.0
2019;287;365;beauce_5_sa_017;orgeh;orgeH_tousSols_nonirr_organique;37.0;0.11;12.43;0.87;0.0;18.98;221.76;56.91;310.4;-1.0;-1.0;91.4;138.51;0.0;578.34
2019;213;268;beauce_5_sa_018;solnu;;90.39;0.0;0.0;0.01;0.0;45.53;248.32;20.21;223.0;-1.0;-1.0;0.0;65.07;0.0;0.0
2019;269;365;beauce_5_sa_018;orgeh;orgeH_tousSols_nonirr_organique;46.79;1.06;14.77;0.69;0.0;19.18;221.97;65.22;310.4;-1.0;-1.0;85.1;150.83;0.0;818.79
2019;213;264;beauce_5_sa_019;solnu;;85.63;0.0;0.0;0.01;0.0;45.53;248.32;22.23;225.02;-1.0;-1.0;0.0;65.07;0.0;0.0
2019;265;365;beauce_5_sa_019;orgeh;orgeH_tousSols_nonirr_organique;50.36;1.72;15.3;0.6;0.0;24.28;227.07;72.95;310.4;-1.0;-1.0;83.1;150.83;0.0;891.87
2019;213;309;beauce_5_sa_020;solnu;;117.86;0.0;0.0;0.01;0.0;45.53;248.32;56.48;269.7;-1.0;-1.0;0.0;139.25;0.0;0.0
2019;310;365;beauce_5_sa_020;orgeh;orgeH_tousSols_nonirr_organique;23.03;0.0;12.12;0.42;0.0;55.86;269.08;56.91;310.4;-1.0;-1.0;98.21;76.66;0.0;355.2
2019;213;290;beauce_5_sa_021;solnu;;105.1;0.0;0.0;0.01;0.0;45.53;248.32;18.46;221.25;-1.0;-1.0;0.0;86.42;0.0;0.0
2019;291;365;beauce_5_sa_021;orgeh;orgeH_tousSols_nonirr_organique;35.21;0.06;12.65;0.83;0.0;26.37;229.15;56.91;310.4;-1.0;-1.0;93.72;129.48;0.0;529.57
2019;213;282;beauce_5_sa_022;solnu;;101.29;0.0;0.0;0.01;0.0;45.53;248.32;15.91;218.7;-1.0;-1.0;0.0;71.67;0.0;0.0
2019;283;365;beauce_5_sa_022;orgeh;orgeH_tousSols_nonirr_organique;38.46;0.17;13.1;0.8;0.0;15.22;218.0;56.91;310.4;-1.0;-1.0;89.55;144.24;0.0;624.32
2019;213;272;beauce_5_sa_023;solnu;;95.28;0.0;0.0;0.01;0.0;45.53;248.32;15.32;218.11;-1.0;-1.0;0.0;65.07;0.0;0.0
2019;273;365;beauce_5_sa_023;orgeh;orgeH_tousSols_nonirr_organique;43.15;0.59;13.99;0.74;0.0;14.74;217.53;57.4;310.4;-1.0;-1.0;85.88;150.83;0.0;751.07
2019;213;271;beauce_5_sa_024;solnu;;94.3;0.0;0.0;0.01;0.0;45.53;248.32;16.3;219.09;-1.0;-1.0;0.0;65.07;0.0;0.0
2019;272;365;beauce_5_sa_024;orgeh;orgeH_tousSols_nonirr_organique;44.01;0.68;14.02;0.75;0.0;15.4;218.19;59.38;310.4;-1.0;-1.0;85.0;150.83;0.0;766.17
2019;213;262;beauce_5_sa_025;solnu;;82.68;0.0;0.0;0.01;0.0;45.53;248.32;25.19;227.97;-1.0;-1.0;0.0;62.33;0.0;0.0
2019;263;365;beauce_5_sa_025;orgeh;orgeH_tousSols_nonirr_organique;52.83;2.04;15.46;0.56;0.0;23.24;226.03;76.11;310.4;-1.0;-1.0;81.95;153.57;0.0;922.18
2019;213;315;beauce_5_sa_026;solnu;;121.75;0.0;0.0;0.06;0.0;45.53;248.32;56.74;277.08;-1.0;-1.0;0.0;150.51;0.0;0.0
2019;316;365;beauce_5_sa_026;orgeh;orgeH_tousSols_nonirr_organique;19.18;0.0;12.08;0.23;0.0;56.25;276.59;56.91;310.4;-1.0;-1.0;98.0;65.4;0.0;294.39
2019;213;292;beauce_5_sa_027;solnu;;106.03;0.0;0.0;0.01;0.0;45.53;248.32;35.18;237.97;-1.0;-1.0;0.0;97.32;0.0;0.0
2019;293;365;beauce_5_sa_027;orgeh;orgeH_tousSols_nonirr_organique;34.71;0.04;12.22;0.83;0.0;35.81;238.6;56.91;310.4;-1.0;-1.0;94.73;118.58;0.0;507.81
2019;213;299;beauce_5_sa_028;solnu;;111.23;0.0;0.0;0.01;0.0;45.53;248.32;37.11;239.9;-1.0;-1.0;0.0;110.85;0.0;0.0
2019;300;365;beauce_5_sa_028;orgeh;orgeH_tousSols_nonirr_organique;29.59;0.01;12.19;0.81;0.0;44.48;247.27;56.91;310.4;-1.0;-1.0;98.23;105.05;0.0;436.35
2019;213;274;beauce_5_sa_029;solnu;;96.2;0.0;0.0;0.01;0.0;45.53;248.32;18.54;221.33;-1.0;-1.0;0.0;69.21;0.0;0.0
2019;275;365;beauce_5_sa_029;orgeh;orgeH_tousSols_nonirr_organique;42.88;0.45;13.48;0.79;0.0;17.65;220.44;56.91;310.4;-1.0;-1.0;85.91;146.69;0.0;727.04
2019;213;266;beauce_5_sa_030;solnu;;87.23;0.0;0.0;0.01;0.0;45.53;248.32;23.37;226.16;-1.0;-1.0;0.0;65.07;0.0;0.0
2019;267;365;beauce_5_sa_030;orgeh;orgeH_tousSols_nonirr_organique;49.56;1.32;14.9;0.64;0.0;21.36;224.15;69.05;310.4;-1.0;-1.0;83.37;150.83;0.0;852.98
2019;213;263;beauce_5_sa_031;solnu;;84.53;0.0;0.0;0.01;0.0;45.53;248.32;23.34;226.12;-1.0;-1.0;0.0;62.33;0.0;0.0
2019;264;365;beauce_5_sa_031;orgeh;orgeH_tousSols_nonirr_organique;51.0;1.89;15.6;0.55;0.0;22.32;225.11;74.73;310.4;-1.0;-1.0;82.47;153.57;0.0;906.2
2019;213;309;beauce_5_sa_032;solnu;;117.84;0.0;0.0;0.01;0.0;45.53;248.32;56.48;269.73;-1.0;-1.0;0.0;139.25;0.0;0.0
2019;310;365;beauce_5_sa_032;orgeh;orgeH_tousSols_nonirr_organique;23.03;0.0;12.15;0.42;0.0;55.86;269.11;56.91;310.4;-1.0;-1.0;98.21;76.66;0.0;355.2
2019;213;259;beauce_5_sa_033;solnu;;80.99;0.0;0.0;0.01;0.0;45.53;248.32;12.24;215.03;-1.0;-1.0;0.0;47.7;0.0;0.0
2019;260;365;beauce_5_sa_033;orgeh;orgeH_tousSols_nonirr_organique;53.18;2.92;15.92;0.49;0.0;11.43;214.22;82.16;310.4;-1.0;-1.0;81.17;168.21;0.0;968.3
2019;213;291;beauce_5_sa_034;solnu;;105.83;0.0;0.0;0.01;0.0;45.53;248.32;26.12;228.91;-1.0;-1.0;0.0;95.68;0.0;0.0
2019;292;365;beauce_5_sa_034;orgeh;orgeH_tousSols_nonirr_organique;34.92;0.05;12.21;0.86;0.0;35.08;237.87;56.91;310.4;-1.0;-1.0;94.07;120.22;0.0;518.09
2019;213;285;beauce_5_sa_035;solnu;;102.83;0.0;0.0;0.01;0.0;45.53;248.32;17.61;220.39;-1.0;-1.0;0.0;77.4;0.0;0.0
2019;286;365;beauce_5_sa_035;orgeh;orgeH_tousSols_nonirr_organique;37.2;0.12;12.86;0.88;0.0;19.78;222.57;56.91;310.4;-1.0;-1.0;91.83;138.51;0.0;589.85
2019;213;311;beauce_5_sa_036;solnu;;118.96;0.0;0.0;0.04;0.0;45.53;248.32;56.91;271.92;-1.0;-1.0;0.0;142.56;0.0;0.0
2019;312;365;beauce_5_sa_036;orgeh;orgeH_tousSols_nonirr_organique;21.89;0.0;12.16;0.38;0.0;55.92;270.93;56.91;310.4;-1.0;-1.0;98.15;73.35;0.0;334.65
2019;213;313;beauce_5_sa_037;solnu;;120.85;0.0;0.0;0.05;0.0;45.53;248.32;55.03;270.03;-1.0;-1.0;0.0;150.2;0.0;0.0
2019;314;365;beauce_5_sa_037;orgeh;orgeH_tousSols_nonirr_organique;20.01;0.0;12.15;0.41;0.0;56.91;277.32;56.91;310.4;-1.0;-1.0;98.08;65.7;0.0;314.44
2019;213;277;beauce_5_sa_038;solnu;;98.4;0.0;0.0;0.01;0.0;45.53;248.32;16.66;219.45;-1.0;-1.0;0.0;69.83;0.0;0.0
2019;278;365;beauce_5_sa_038;orgeh;orgeH_tousSols_nonirr_organique;40.93;0.32;13.37;0.82;0.0;16.4;219.19;56.91;310.4;-1.0;-1.0;87.62;146.07;0.0;686.34
2019;213;282;beauce_5_sa_039;solnu;;101.3;0.0;0.0;0.01;0.0;45.53;248.32;15.9;218.69;-1.0;-1.0;0.0;71.67;0.0;0.0
2019;283;365;beauce_5_sa_039;orgeh;orgeH_tousSols_nonirr_organique;38.39;0.17;13.15;0.84;0.0;15.22;218.01;56.91;310.4;-1.0;-1.0;90.58;144.24;0.0;624.32
2019;213;308;beauce_5_sa_040;solnu;;117.5;0.0;0.0;0.01;0.0;45.53;248.32;56.91;270.07;-1.0;-1.0;0.0;139.25;0.0;0.0
2019;309;365;beauce_5_sa_040;orgeh;orgeH_tousSols_nonirr_organique;23.43;0.0;12.08;0.43;0.0;56.48;269.64;56.91;310.4;-1.0;-1.0;98.25;76.66;0.0;366.39
2019;213;263;beauce_5_sa_041;solnu;;84.62;0.0;0.0;0.01;0.0;45.53;248.32;23.24;226.03;-1.0;-1.0;0.0;62.33;0.0;0.0
2019;264;365;beauce_5_sa_041;orgeh;orgeH_tousSols_nonirr_organique;50.94;1.91;15.54;0.56;0.0;22.23;225.02;74.73;310.4;-1.0;-1.0;82.74;153.57;0.0;906.2
2019;213;316;beauce_5_sa_042;solnu;;122.17;0.0;0.0;0.09;0.0;45.53;248.32;56.25;276.65;-1.0;-1.0;0.0;153.32;0.0;0.0
2019;317;365;beauce_5_sa_042;orgeh;orgeH_tousSols_nonirr_organique;18.69;0.0;12.15;0.24;0.0;56.91;278.98;56.91;310.4;-1.0;-1.0;97.96;62.59;0.0;290.57
2019;213;288;beauce_5_sa_043;solnu;;104.17;0.0;0.0;0.01;0.0;45.53;248.32;19.38;222.17;-1.0;-1.0;0.0;78.02;0.0;0.0
2019;289;365;beauce_5_sa_043;orgeh;orgeH_tousSols_nonirr_organique;36.3;0.08;12.45;0.88;0.0;18.79;221.57;56.91;310.4;-1.0;-1.0;92.6;137.88;0.0;556.92
2019;213;289;beauce_5_sa_044;solnu;;104.58;0.0;0.0;0.01;0.0;45.53;248.32;18.98;221.77;-1.0;-1.0;0.0;78.02;0.0;0.0
2019;290;365;beauce_5_sa_044;orgeh;orgeH_tousSols_nonirr_organique;35.66;0.07;12.7;0.83;0.0;18.46;221.25;56.91;310.4;-1.0;-1.0;93.27;137.88;0.0;543.42
2019;213;316;beauce_5_sa_045;solnu;;122.24;0.0;0.0;0.06;0.0;45.53;248.32;56.25;276.58;-1.0;-1.0;0.0;153.32;0.0;0.0
2019;317;365;beauce_5_sa_045;orgeh;orgeH_tousSols_nonirr_organique;18.71;0.0;12.06;0.23;0.0;56.91;278.91;56.91;310.4;-1.0;-1.0;97.96;62.59;0.0;290.57
2019;213;299;beauce_5_sa_046;solnu;;111.23;0.0;0.0;0.01;0.0;45.53;248.32;37.11;239.9;-1.0;-1.0;0.0;110.85;0.0;0.0
2019;300;365;beauce_5_sa_046;orgeh;orgeH_tousSols_nonirr_organique;29.59;0.01;12.19;0.81;0.0;44.48;247.27;56.91;310.4;-1.0;-1.0;98.23;105.05;0.0;436.35
2019;213;282;beauce_5_sa_047;solnu;;101.3;0.0;0.0;0.01;0.0;45.53;248.32;15.9;218.69;-1.0;-1.0;0.0;71.67;0.0;0.0
2019;283;365;beauce_5_sa_047;orgeh;orgeH_tousSols_nonirr_organique;38.39;0.17;13.15;0.84;0.0;15.22;218.01;56.91;310.4;-1.0;-1.0;90.58;144.24;0.0;624.32
2019;213;296;beauce_5_sa_048;solnu;;109.05;0.0;0.0;0.01;0.0;45.53;248.32;38.16;240.95;-1.0;-1.0;0.0;102.44;0.0;0.0
2019;297;365;beauce_5_sa_048;orgeh;orgeH_tousSols_nonirr_organique;31.68;0.02;12.26;0.81;0.0;37.8;240.59;56.91;310.4;-1.0;-1.0;97.04;113.47;0.0;464.28
2019;213;301;beauce_5_sa_049;solnu;;112.9;0.0;0.0;0.01;0.0;45.53;248.32;44.3;247.09;-1.0;-1.0;0.0;113.79;0.0;0.0
2019;302;365;beauce_5_sa_049;orgeh;orgeH_tousSols_nonirr_organique;27.95;0.0;12.16;0.68;0.0;46.06;248.85;56.91;310.4;-1.0;-1.0;98.33;102.11;0.0;421.57
2019;213;298;beauce_5_sa_050;solnu;;110.65;0.0;0.0;0.01;0.0;45.53;248.32;37.69;240.48;-1.0;-1.0;0.0;102.81;0.0;0.0
2019;299;365;beauce_5_sa_050;orgeh;orgeH_tousSols_nonirr_organique;30.17;0.01;12.19;0.75;0.0;37.11;239.9;56.91;310.4;-1.0;-1.0;97.81;113.09;0.0;445.8
2019;213;280;beauce_5_sa_051;solnu;;100.44;0.0;0.0;0.01;0.0;45.53;248.32;15.61;218.39;-1.0;-1.0;0.0;71.67;0.0;0.0
2019;281;365;beauce_5_sa_051;orgeh;orgeH_tousSols_nonirr_organique;39.17;0.23;13.17;0.85;0.0;16.45;219.24;56.91;310.4;-1.0;-1.0;89.2;144.24;0.0;651.64
2019;213;289;beauce_5_sa_052;solnu;;104.58;0.0;0.0;0.01;0.0;45.53;248.32;18.98;221.77;-1.0;-1.0;0.0;78.02;0.0;0.0
2019;290;365;beauce_5_sa_052;orgeh;orgeH_tousSols_nonirr_organique;35.66;0.07;12.7;0.83;0.0;18.46;221.25;56.91;310.4;-1.0;-1.0;93.27;137.88;0.0;543.42
2019;213;264;beauce_5_sa_053;solnu;;85.64;0.0;0.0;0.01;0.0;45.53;248.32;22.23;225.02;-1.0;-1.0;0.0;65.07;0.0;0.0
2019;265;365;beauce_5_sa_053;orgeh;orgeH_tousSols_nonirr_organique;50.52;1.66;15.19;0.59;0.0;24.28;227.07;72.95;310.4;-1.0;-1.0;82.17;150.83;0.0;891.87
2019;213;286;beauce_5_sa_054;solnu;;103.35;0.0;0.0;0.01;0.0;45.53;248.32;19.58;222.37;-1.0;-1.0;0.0;77.4;0.0;0.0
2019;287;365;beauce_5_sa_054;orgeh;orgeH_tousSols_nonirr_organique;37.01;0.11;12.55;0.87;0.0;19.1;221.89;56.91;310.4;-1.0;-1.0;91.49;138.51;0.0;578.34
2019;213;261;beauce_5_sa_055;solnu;;82.45;0.0;0.0;0.01;0.0;45.53;248.32;10.78;213.56;-1.0;-1.0;0.0;62.33;0.0;0.0
2019;262;365;beauce_5_sa_055;orgeh;orgeH_tousSols_nonirr_organique;52.32;2.41;15.83;0.54;0.0;25.18;227.97;78.25;310.4;-1.0;-1.0;82.43;153.57;0.0;934.6
2019;213;265;beauce_5_sa_056;solnu;;86.32;0.0;0.0;0.01;0.0;45.53;248.32;24.28;227.07;-1.0;-1.0;0.0;65.07;0.0;0.0
2019;266;365;beauce_5_sa_056;orgeh;orgeH_tousSols_nonirr_organique;49.95;1.56;15.18;0.62;0.0;23.37;226.16;71.36;310.4;-1.0;-1.0;83.52;150.83;0.0;871.06
2019;213;308;beauce_5_sa_057;solnu;;117.41;0.0;0.0;0.01;0.0;45.53;248.32;56.91;270.16;-1.0;-1.0;0.0;139.25;0.0;0.0
2019;309;365;beauce_5_sa_057;orgeh;orgeH_tousSols_nonirr_organique;23.43;0.0;12.17;0.43;0.0;56.48;269.73;56.91;310.4;-1.0;-1.0;98.25;76.66;0.0;366.39
2019;213;269;beauce_5_sa_058;solnu;;91.42;0.0;0.0;0.01;0.0;45.53;248.32;19.18;221.97;-1.0;-1.0;0.0;65.07;0.0;0.0
2019;270;365;beauce_5_sa_058;orgeh;orgeH_tousSols_nonirr_organique;46.04;0.93;14.62;0.71;0.0;17.96;220.75;63.24;310.4;-1.0;-1.0;85.55;150.83;0.0;800.34
2019;213;260;beauce_5_sa_059;solnu;;81.67;0.0;0.0;0.01;0.0;45.53;248.32;11.56;214.35;-1.0;-1.0;0.0;47.7;0.0;0.0
2019;261;365;beauce_5_sa_059;orgeh;orgeH_tousSols_nonirr_organique;51.98;2.69;16.68;0.43;0.0;10.77;213.56;79.86;310.4;-1.0;-1.0;83.12;168.21;0.0;953.86
2019;213;269;beauce_5_sa_060;solnu;;91.61;0.0;0.0;0.01;0.0;45.53;248.32;19.0;221.79;-1.0;-1.0;0.0;65.07;0.0;0.0
2019;270;365;beauce_5_sa_060;orgeh;orgeH_tousSols_nonirr_organique;46.19;0.9;14.32;0.71;0.0;17.77;220.56;63.24;310.4;-1.0;-1.0;84.41;150.83;0.0;800.34
2019;213;301;beauce_5_sa_061;solnu;;113.02;0.0;0.0;0.01;0.0;45.53;248.32;44.18;246.97;-1.0;-1.0;0.0;113.79;0.0;0.0
2019;302;365;beauce_5_sa_061;orgeh;orgeH_tousSols_nonirr_organique;27.91;0.0;12.08;0.72;0.0;45.94;248.73;56.91;310.4;-1.0;-1.0;98.35;102.11;0.0;421.57
2019;213;297;beauce_5_sa_062;solnu;;110.63;0.0;0.0;0.01;0.0;45.53;248.32;37.34;240.13;-1.0;-1.0;0.0;102.81;0.0;0.0
2019;298;365;beauce_5_sa_062;orgeh;orgeH_tousSols_nonirr_organique;30.61;0.01;11.77;0.81;0.0;37.24;240.02;56.91;310.4;-1.0;-1.0;97.28;113.09;0.0;455.91
2019;213;279;beauce_5_sa_063;solnu;;99.59;0.0;0.0;0.01;0.0;45.53;248.32;16.46;219.25;-1.0;-1.0;0.0;70.52;0.0;0.0
2019;280;365;beauce_5_sa_063;orgeh;orgeH_tousSols_nonirr_organique;40.08;0.25;13.1;0.84;0.0;15.5;218.29;56.91;310.4;-1.0;-1.0;88.2;145.39;0.0;661.43
2019;213;293;beauce_5_sa_064;solnu;;107.15;0.0;0.0;0.01;0.0;45.53;248.32;35.7;238.49;-1.0;-1.0;0.0;97.32;0.0;0.0
2019;294;365;beauce_5_sa_064;orgeh;orgeH_tousSols_nonirr_organique;33.78;0.03;12.05;0.8;0.0;34.73;237.52;56.91;310.4;-1.0;-1.0;94.96;118.58;0.0;498.06
2019;213;306;beauce_5_sa_065;solnu;;116.03;0.0;0.0;0.01;0.0;45.53;248.32;56.91;264.88;-1.0;-1.0;0.0;137.53;0.0;0.0
2019;307;365;beauce_5_sa_065;orgeh;orgeH_tousSols_nonirr_organique;24.83;0.0;12.16;0.52;0.0;56.91;269.04;56.91;310.4;-1.0;-1.0;98.31;78.38;0.0;378.84
2019;213;316;beauce_5_sa_066;solnu;;122.17;0.0;0.0;0.09;0.0;45.53;248.32;56.25;276.65;-1.0;-1.0;0.0;153.32;0.0;0.0
2019;317;365;beauce_5_sa_066;orgeh;orgeH_tousSols_nonirr_organique;18.69;0.0;12.15;0.24;0.0;56.91;278.98;56.91;310.4;-1.0;-1.0;97.96;62.59;0.0;290.57
2019;213;273;beauce_5_sa_067;solnu;;95.65;0.0;0.0;0.01;0.0;45.53;248.32;14.95;217.74;-1.0;-1.0;0.0;69.21;0.0;0.0
2019;274;365;beauce_5_sa_067;orgeh;orgeH_tousSols_nonirr_organique;42.8;0.54;14.02;0.78;0.0;18.78;221.57;56.91;310.4;-1.0;-1.0;87.06;146.69;0.0;736.61
2019;213;291;beauce_5_sa_068;solnu;;105.62;0.0;0.0;0.01;0.0;45.53;248.32;26.33;229.12;-1.0;-1.0;0.0;95.68;0.0;0.0
2019;292;365;beauce_5_sa_068;orgeh;orgeH_tousSols_nonirr_organique;34.93;0.05;12.42;0.86;0.0;35.3;238.09;56.91;310.4;-1.0;-1.0;94.26;120.22;0.0;518.09
2019;213;301;beauce_5_sa_069;solnu;;113.04;0.0;0.0;0.01;0.0;45.53;248.32;44.15;246.94;-1.0;-1.0;0.0;113.79;0.0;0.0
2019;302;365;beauce_5_sa_069;orgeh;orgeH_tousSols_nonirr_organique;27.91;0.0;12.05;0.73;0.0;45.91;248.7;56.91;310.4;-1.0;-1.0;98.35;102.11;0.0;421.57
2019;213;262;beauce_5_sa_070;solnu;;82.81;0.0;0.0;0.01;0.0;45.53;248.32;25.06;227.85;-1.0;-1.0;0.0;62.33;0.0;0.0
2019;263;365;beauce_5_sa_070;orgeh;orgeH_tousSols_nonirr_organique;53.03;1.97;15.21;0.57;0.0;23.11;225.89;76.11;310.4;-1.0;-1.0;80.93;153.57;0.0;922.18
2019;213;256;beauce_5_sa_071;solnu;;78.37;0.0;0.0;0.01;0.0;45.53;248.32;13.82;216.61;-1.0;-1.0;0.0;46.66;0.0;0.0
2019;257;365;beauce_5_sa_071;orgeh;orgeH_tousSols_nonirr_organique;53.98;4.13;16.54;0.39;0.0;12.78;215.57;87.55;310.4;-1.0;-1.0;81.91;169.25;0.0;1020.05
2019;213;285;beauce_5_sa_072;solnu;;102.83;0.0;0.0;0.01;0.0;45.53;248.32;17.61;220.39;-1.0;-1.0;0.0;77.4;0.0;0.0
2019;286;365;beauce_5_sa_072;orgeh;orgeH_tousSols_nonirr_organique;37.2;0.12;12.86;0.88;0.0;19.78;222.57;56.91;310.4;-1.0;-1.0;91.83;138.51;0.0;589.85
2019;213;284;beauce_5_sa_073;solnu;;102.14;0.0;0.0;0.01;0.0;45.53;248.32;18.29;221.08;-1.0;-1.0;0.0;74.9;0.0;0.0
2019;285;365;beauce_5_sa_073;orgeh;orgeH_tousSols_nonirr_organique;37.74;0.14;13.0;0.85;0.0;17.61;220.39;56.91;310.4;-1.0;-1.0;91.36;141.0;0.0;598.71
2019;213;306;beauce_5_sa_074;solnu;;116.04;0.0;0.0;0.01;0.0;45.53;248.32;56.91;264.87;-1.0;-1.0;0.0;137.53;0.0;0.0
2019;307;365;beauce_5_sa_074;orgeh;orgeH_tousSols_nonirr_organique;24.83;0.0;12.15;0.51;0.0;56.91;269.03;56.91;310.4;-1.0;-1.0;98.31;78.38;0.0;378.84
2019;213;285;beauce_5_sa_075;solnu;;103.03;0.0;0.0;0.01;0.0;45.53;248.32;17.41;220.19;-1.0;-1.0;0.0;77.4;0.0;0.0
2019;286;365;beauce_5_sa_075;orgeh;orgeH_tousSols_nonirr_organique;37.27;0.12;12.59;0.88;0.0;19.58;222.37;56.91;310.4;-1.0;-1.0;91.08;138.51;0.0;589.85
2019;213;301;beauce_5_sa_076;solnu;;112.96;0.0;0.0;0.01;0.0;45.53;248.32;44.24;247.02;-1.0;-1.0;0.0;113.79;0.0;0.0
2019;302;365;beauce_5_sa_076;orgeh;orgeH_tousSols_nonirr_organique;27.91;0.0;12.13;0.73;0.0;45.99;248.78;56.91;310.4;-1.0;-1.0;98.35;102.11;0.0;421.57
2019;213;262;beauce_5_sa_077;solnu;;82.68;0.0;0.0;0.01;0.0;45.53;248.32;25.19;227.97;-1.0;-1.0;0.0;62.33;0.0;0.0
2019;263;365;beauce_5_sa_077;orgeh;orgeH_tousSols_nonirr_organique;52.83;2.04;15.46;0.56;0.0;23.24;226.03;76.11;310.4;-1.0;-1.0;81.95;153.57;0.0;922.18
2019;213;283;beauce_5_sa_078;solnu;;101.98;0.0;0.0;0.01;0.0;45.53;248.32;15.22;218.01;-1.0;-1.0;0.0;74.9;0.0;0.0
2019;284;365;beauce_5_sa_078;orgeh;orgeH_tousSols_nonirr_organique;37.84;0.16;13.03;0.87;0.0;18.29;221.08;56.91;310.4;-1.0;-1.0;90.98;141.0;0.0;613.66
2019;213;271;beauce_5_sa_079;solnu;;94.18;0.0;0.0;0.01;0.0;45.53;248.32;16.42;219.21;-1.0;-1.0;0.0;65.07;0.0;0.0
2019;272;365;beauce_5_sa_079;orgeh;orgeH_tousSols_nonirr_organique;43.82;0.7;14.31;0.75;0.0;15.53;218.32;59.38;310.4;-1.0;-1.0;86.35;150.83;0.0;766.17
2019;213;262;beauce_5_sa_080;solnu;;82.76;0.0;0.0;0.01;0.0;45.53;248.32;25.1;227.89;-1.0;-1.0;0.0;62.33;0.0;0.0
2019;263;365;beauce_5_sa_080;orgeh;orgeH_tousSols_nonirr_organique;53.0;1.98;15.27;0.56;0.0;23.15;225.94;76.11;310.4;-1.0;-1.0;81.01;153.57;0.0;922.18
2019;213;260;beauce_5_sa_081;solnu;;81.66;0.0;0.0;0.01;0.0;45.53;248.32;11.57;214.36;-1.0;-1.0;0.0;47.7;0.0;0.0
2019;261;365;beauce_5_sa_081;orgeh;orgeH_tousSols_nonirr_organique;51.95;2.7;16.7;0.43;0.0;10.78;213.57;79.86;310.4;-1.0;-1.0;83.23;168.21;0.0;953.86
2019;213;295;beauce_5_sa_082;solnu;;108.24;0.0;0.0;0.01;0.0;45.53;248.32;38.97;241.76;-1.0;-1.0;0.0;101.68;0.0;0.0
2019;296;365;beauce_5_sa_082;orgeh;orgeH_tousSols_nonirr_organique;32.49;0.02;12.25;0.78;0.0;38.15;240.94;56.91;310.4;-1.0;-1.0;96.27;114.22;0.0;473.96
2019;213;259;beauce_5_sa_083;solnu;;80.85;0.0;0.0;0.01;0.0;45.53;248.32;12.38;215.17;-1.0;-1.0;0.0;47.7;0.0;0.0
2019;260;365;beauce_5_sa_083;orgeh;orgeH_tousSols_nonirr_organique;52.99;3.02;16.15;0.48;0.0;11.57;214.36;82.16;310.4;-1.0;-1.0;82.11;168.21;0.0;968.3
2019;213;302;beauce_5_sa_084;solnu;;113.31;0.0;0.0;0.01;0.0;45.53;248.32;46.01;248.8;-1.0;-1.0;0.0;117.49;0.0;0.0
2019;303;365;beauce_5_sa_084;orgeh;orgeH_tousSols_nonirr_organique;27.53;0.0;12.17;0.73;0.0;49.19;251.97;56.91;310.4;-1.0;-1.0;98.38;98.41;0.0;412.94
2019;213;295;beauce_5_sa_085;solnu;;108.23;0.0;0.0;0.01;0.0;45.53;248.32;38.98;241.77;-1.0;-1.0;0.0;101.68;0.0;0.0
2019;296;365;beauce_5_sa_085;orgeh;orgeH_tousSols_nonirr_organique;32.46;0.02;12.3;0.8;0.0;38.16;240.95;56.91;310.4;-1.0;-1.0;96.56;114.22;0.0;473.96
2019;213;261;beauce_5_sa_086;solnu;;82.54;0.0;0.0;0.01;0.0;45.53;248.32;10.69;213.47;-1.0;-1.0;0.0;62.33;0.0;0.0
2019;262;365;beauce_5_sa_086;orgeh;orgeH_tousSols_nonirr_organique;52.48;2.35;15.65;0.55;0.0;25.09;227.88;78.25;310.4;-1.0;-1.0;81.68;153.57;0.0;934.6
2019;213;317;beauce_5_sa_087;solnu;;122.65;0.0;0.0;0.06;0.0;45.53;248.32;56.91;278.98;-1.0;-1.0;0.0;153.32;0.0;0.0
2019;318;365;beauce_5_sa_087;orgeh;orgeH_tousSols_nonirr_organique;18.24;0.0;12.12;0.16;0.0;56.36;278.43;56.91;310.4;-1.0;-1.0;97.92;62.59;0.0;276.42
2019;213;312;beauce_5_sa_088;solnu;;120.05;0.0;0.0;0.03;0.0;45.53;248.32;55.92;270.83;-1.0;-1.0;0.0;142.56;0.0;0.0
2019;313;365;beauce_5_sa_088;orgeh;orgeH_tousSols_nonirr_organique;20.94;0.0;12.02;0.37;0.0;55.03;269.93;56.91;310.4;-1.0;-1.0;98.11;73.35;0.0;323.88
2019;213;256;beauce_5_sa_089;solnu;;78.37;0.0;0.0;0.01;0.0;45.53;248.32;13.82;216.61;-1.0;-1.0;0.0;46.66;0.0;0.0
2019;257;365;beauce_5_sa_089;orgeh;orgeH_tousSols_nonirr_organique;53.98;4.13;16.54;0.39;0.0;12.78;215.57;87.55;310.4;-1.0;-1.0;81.91;169.25;0.0;1020.05
2019;213;317;beauce_5_sa_090;solnu;;122.65;0.0;0.0;0.1;0.0;45.53;248.32;56.91;278.98;-1.0;-1.0;0.0;153.32;0.0;0.0
2019;318;365;beauce_5_sa_090;orgeh;orgeH_tousSols_nonirr_organique;18.2;0.0;12.16;0.18;0.0;56.36;278.44;56.91;310.4;-1.0;-1.0;97.92;62.59;0.0;276.42
2019;213;258;beauce_5_sa_091;solnu;;80.2;0.0;0.0;0.01;0.0;45.53;248.32;12.34;215.13;-1.0;-1.0;0.0;47.7;0.0;0.0
2019;259;365;beauce_5_sa_091;orgeh;orgeH_tousSols_nonirr_organique;53.2;3.33;16.28;0.45;0.0;12.38;215.17;83.86;310.4;-1.0;-1.0;82.0;168.21;0.0;989.01
2019;213;304;beauce_5_sa_092;solnu;;114.67;0.0;0.0;0.01;0.0;45.53;248.32;49.05;251.84;-1.0;-1.0;0.0;118.19;0.0;0.0
2019;305;365;beauce_5_sa_092;orgeh;orgeH_tousSols_nonirr_organique;26.24;0.0;12.1;0.61;0.0;48.28;251.07;56.91;310.4;-1.0;-1.0;98.35;97.72;0.0;398.57
2019;213;277;beauce_5_sa_093;solnu;;98.32;0.0;0.0;0.01;0.0;45.53;248.32;16.74;219.52;-1.0;-1.0;0.0;69.83;0.0;0.0
2019;278;365;beauce_5_sa_093;orgeh;orgeH_tousSols_nonirr_organique;40.77;0.33;13.59;0.82;0.0;16.48;219.27;56.91;310.4;-1.0;-1.0;88.63;146.07;0.0;686.34
2019;213;297;beauce_5_sa_094;solnu;;110.33;0.0;0.0;0.01;0.0;45.53;248.32;37.64;240.43;-1.0;-1.0;0.0;102.81;0.0;0.0
2019;298;365;beauce_5_sa_094;orgeh;orgeH_tousSols_nonirr_organique;30.61;0.01;12.06;0.81;0.0;37.53;240.32;56.91;310.4;-1.0;-1.0;97.35;113.09;0.0;455.91
2019;213;276;beauce_5_sa_095;solnu;;97.6;0.0;0.0;0.01;0.0;45.53;248.32;17.14;219.93;-1.0;-1.0;0.0;69.53;0.0;0.0
2019;277;365;beauce_5_sa_095;orgeh;orgeH_tousSols_nonirr_organique;41.37;0.37;13.67;0.81;0.0;16.74;219.52;56.91;310.4;-1.0;-1.0;88.22;146.38;0.0;697.57
2019;213;314;beauce_5_sa_096;solnu;;121.27;0.0;0.0;0.07;0.0;45.53;248.32;56.91;277.25;-1.0;-1.0;0.0;150.51;0.0;0.0
2019;315;365;beauce_5_sa_096;orgeh;orgeH_tousSols_nonirr_organique;19.65;0.0;12.09;0.24;0.0;56.74;277.07;56.91;310.4;-1.0;-1.0;98.04;65.4;0.0;308.01
2019;213;260;beauce_5_sa_097;solnu;;81.66;0.0;0.0;0.01;0.0;45.53;248.32;11.57;214.36;-1.0;-1.0;0.0;47.7;0.0;0.0
2019;261;365;beauce_5_sa_097;orgeh;orgeH_tousSols_nonirr_organique;51.93;2.71;16.72;0.43;0.0;10.78;213.57;79.86;310.4;-1.0;-1.0;83.33;168.21;0.0;953.86
2019;213;266;beauce_5_sa_098;solnu;;87.24;0.0;0.0;0.01;0.0;45.53;248.32;23.37;226.16;-1.0;-1.0;0.0;65.07;0.0;0.0
2019;267;365;beauce_5_sa_098;orgeh;orgeH_tousSols_nonirr_organique;49.39;1.35;15.03;0.64;0.0;21.36;224.15;69.05;310.4;-1.0;-1.0;84.1;150.83;0.0;852.98
2019;213;299;beauce_5_sa_099;solnu;;111.16;0.0;0.0;0.01;0.0;45.53;248.32;37.18;239.97;-1.0;-1.0;0.0;110.85;0.0;0.0
2019;300;365;beauce_5_sa_099;orgeh;orgeH_tousSols_nonirr_organique;29.64;0.01;12.2;0.75;0.0;44.53;247.32;56.91;310.4;-1.0;-1.0;98.17;105.05;0.0;436.35
2020;1;213;beauce_5_sa_000;orgeh;orgeH_tousSols_nonirr_organique;141.18;84.07;99.93;22.13;0.0;310.4;248.32;222.15;307.35;79.95;310.4;99.53;321.31;0.0;3201.16
2020;214;261;beauce_5_sa_000;solnu;;78.37;0.0;36.25;12.14;0.0;222.15;213.57;44.54;298.03;79.95;310.4;0.0;105.3;0.0;0.0
2020;262;366;beauce_5_sa_000;orgeh;orgeH_tousSols_nonirr_organique;53.32;0.68;96.77;9.46;0.0;43.79;307.35;73.16;310.34;79.95;310.4;99.05;185.72;0.0;882.14
2020;1;195;beauce_5_sa_001;orgeh;orgeH_tousSols_nonirr_organique;151.02;69.74;90.36;23.56;0.0;310.4;248.32;187.15;298.37;65.31;310.4;99.48;298.28;0.0;2742.95
2020;196;269;beauce_5_sa_001;solnu;;100.82;0.0;32.57;18.92;0.0;187.15;221.97;43.51;296.99;65.31;310.4;0.0;132.01;0.0;0.0
2020;270;366;beauce_5_sa_001;orgeh;orgeH_tousSols_nonirr_organique;51.21;0.27;94.57;8.85;0.0;42.49;298.37;59.26;310.34;65.31;310.4;98.97;182.05;0.0;751.13
2020;1;196;beauce_5_sa_002;orgeh;orgeH_tousSols_nonirr_organique;198.66;35.99;93.98;35.94;0.0;310.4;248.32;150.68;280.86;56.91;310.4;99.48;298.51;0.0;2417.02
2020;197;296;beauce_5_sa_002;solnu;;120.11;0.0;51.1;22.07;0.0;150.68;240.82;55.18;308.67;56.91;310.4;0.0;198.78;0.0;0.0
2020;297;366;beauce_5_sa_002;orgeh;orgeH_tousSols_nonirr_organique;27.79;0.0;62.93;1.53;0.0;54.61;280.86;56.85;310.34;56.91;310.4;98.57;115.04;0.0;434.83
2020;1;171;beauce_5_sa_003;orgeh;orgeH_tousSols_nonirr_organique;107.83;82.61;93.52;11.58;0.0;310.4;248.32;172.27;303.63;76.21;310.4;99.41;276.93;0.0;2392.23
2020;172;263;beauce_5_sa_003;solnu;;126.54;0.0;30.43;22.56;0.0;172.27;226.03;43.61;297.1;76.21;310.4;0.0;149.89;0.0;0.0
2020;264;366;beauce_5_sa_003;orgeh;orgeH_tousSols_nonirr_organique;53.37;0.58;95.68;9.38;0.0;42.96;303.63;69.83;310.34;76.21;310.4;99.03;185.52;0.0;848.37
2020;1;185;beauce_5_sa_004;orgeh;orgeH_tousSols_nonirr_organique;167.41;49.15;93.36;27.61;0.0;310.4;248.32;162.27;292.28;56.91;310.4;99.46;290.99;0.0;2409.69
2020;186;279;beauce_5_sa_004;solnu;;122.77;0.0;40.74;21.68;0.0;162.27;219.4;53.56;307.04;56.91;310.4;0.0;178.26;0.0;0.0
2020;280;366;beauce_5_sa_004;orgeh;orgeH_tousSols_nonirr_organique;37.6;0.01;79.54;3.38;0.0;52.89;292.28;56.85;310.34;56.91;310.4;98.85;143.08;0.0;618.75
2020;1;224;beauce_5_sa_005;orgeh;orgeH_tousSols_nonirr_organique;236.37;34.77;93.92;44.06;0.0;310.4;248.32;193.65;299.86;56.91;310.4;99.54;353.71;0.0;2771.89
2020;225;314;beauce_5_sa_005;solnu;;96.22;0.0;50.34;21.18;0.0;193.65;277.32;56.09;309.58;56.91;310.4;0.0;156.48;0.0;0.0
2020;315;366;beauce_5_sa_005;orgeh;orgeH_tousSols_nonirr_organique;18.1;0.0;60.84;0.85;0.0;55.69;299.86;56.85;310.34;56.91;310.4;98.08;102.14;0.0;279.17
2020;1;186;beauce_5_sa_006;orgeh;orgeH_tousSols_nonirr_organique;108.11;89.76;99.97;14.55;0.0;310.4;248.32;195.3;304.37;87.64;310.4;99.46;292.09;0.0;2777.27
2020;187;257;beauce_5_sa_006;solnu;;104.22;0.0;35.31;14.79;0.0;195.3;215.57;46.84;300.32;87.64;310.4;0.0;134.39;0.0;0.0
2020;258;366;beauce_5_sa_006;orgeh;orgeH_tousSols_nonirr_organique;54.68;1.01;97.48;9.48;0.0;46.26;304.37;79.78;310.35;87.64;310.4;99.08;185.86;0.0;939.82
2020;1;191;beauce_5_sa_007;orgeh;orgeH_tousSols_nonirr_organique;192.7;36.08;93.94;34.96;0.0;310.4;248.32;144.85;281.03;56.91;310.4;99.47;297.33;0.0;2312.08
2020;192;297;beauce_5_sa_007;solnu;;129.25;0.0;48.45;27.72;0.0;144.85;240.59;54.6;308.09;56.91;310.4;0.0;201.18;0.0;0.0
2020;298;366;beauce_5_sa_007;orgeh;orgeH_tousSols_nonirr_organique;27.4;0.0;62.74;1.62;0.0;55.4;281.03;56.85;310.34;56.91;310.4;98.55;113.83;0.0;424.97
2020;1;209;beauce_5_sa_008;orgeh;orgeH_tousSols_nonirr_organique;201.26;39.15;94.35;39.01;0.0;310.4;248.32;178.68;288.81;56.91;310.4;99.52;321.31;0.0;2768.37
2020;210;286;beauce_5_sa_008;solnu;;105.5;0.0;38.14;23.02;0.0;178.68;222.57;48.99;302.48;56.91;310.4;0.0;149.33;0.0;0.0
2020;287;366;beauce_5_sa_008;orgeh;orgeH_tousSols_nonirr_organique;34.55;0.03;77.59;3.64;0.0;49.44;288.81;56.85;310.34;56.91;310.4;98.75;141.7;0.0;536.15
2020;1;171;beauce_5_sa_009;orgeh;orgeH_tousSols_nonirr_organique;168.56;33.12;93.94;25.62;0.0;310.4;248.32;134.15;291.96;56.91;310.4;99.41;276.93;0.0;1934.34
2020;172;297;beauce_5_sa_009;solnu;;153.49;0.0;51.3;32.25;0.0;134.15;240.59;54.6;308.09;56.91;310.4;0.0;221.58;0.0;0.0
2020;298;366;beauce_5_sa_009;orgeh;orgeH_tousSols_nonirr_organique;27.36;0.0;62.78;1.62;0.0;55.4;291.96;56.85;310.34;56.91;310.4;98.55;113.83;0.0;424.97
2020;1;205;beauce_5_sa_010;orgeh;orgeH_tousSols_nonirr_organique;183.97;50.68;93.11;33.43;0.0;310.4;248.32;178.36;286.2;56.91;310.4;99.51;302.75;0.0;2800.2
2020;206;277;beauce_5_sa_010;solnu;;100.7;0.0;41.61;19.99;0.0;178.36;219.52;56.91;310.4;56.91;310.4;0.0;166.51;0.0;0.0
2020;278;366;beauce_5_sa_010;orgeh;orgeH_tousSols_nonirr_organique;40.49;0.09;79.92;3.26;0.0;54.62;286.2;56.85;310.34;56.91;310.4;98.88;143.08;0.0;639.11
2020;1;204;beauce_5_sa_011;orgeh;orgeH_tousSols_nonirr_organique;188.84;47.0;93.69;34.91;0.0;310.4;248.32;172.52;284.43;56.91;310.4;99.51;302.75;0.0;2735.13
2020;205;281;beauce_5_sa_011;solnu;;102.9;0.0;42.32;12.49;0.0;172.52;219.01;52.23;305.71;56.91;310.4;0.0;166.51;0.0;0.0
2020;282;366;beauce_5_sa_011;orgeh;orgeH_tousSols_nonirr_organique;36.79;0.01;79.0;3.59;0.0;50.35;284.43;56.86;310.34;56.91;310.4;98.82;143.08;0.0;595.49
2020;1;199;beauce_5_sa_012;orgeh;orgeH_tousSols_nonirr_organique;206.89;34.55;93.51;37.83;0.0;310.4;248.32;143.22;275.6;56.91;310.4;99.49;299.34;0.0;2293.43
2020;200;316;beauce_5_sa_012;solnu;;130.36;0.0;47.33;27.17;0.0;143.22;276.72;55.29;308.77;56.91;310.4;0.0;210.85;0.0;0.0
2020;317;366;beauce_5_sa_012;orgeh;orgeH_tousSols_nonirr_organique;17.14;0.0;60.79;0.85;0.0;55.02;275.6;56.85;310.34;56.91;310.4;98.0;102.14;0.0;271.49
2020;1;179;beauce_5_sa_013;orgeh;orgeH_tousSols_nonirr_organique;168.99;38.18;94.28;29.36;0.0;310.4;248.32;144.21;287.6;56.91;310.4;99.44;284.83;0.0;2175.76
2020;180;289;beauce_5_sa_013;solnu;;142.41;0.0;36.38;30.15;0.0;144.21;221.77;48.29;301.78;56.91;310.4;0.0;185.99;0.0;0.0
2020;290;366;beauce_5_sa_013;orgeh;orgeH_tousSols_nonirr_organique;33.04;0.02;77.25;3.49;0.0;47.55;287.6;56.85;310.34;56.91;310.4;98.7;141.52;0.0;507.89
2020;1;215;beauce_5_sa_014;orgeh;orgeH_tousSols_nonirr_organique;221.29;34.55;93.89;42.81;0.0;310.4;248.32;173.82;287.82;56.91;310.4;99.52;326.77;0.0;2664.6
2020;216;307;beauce_5_sa_014;solnu;;108.9;0.0;47.02;24.94;0.0;173.82;269.04;54.99;308.48;56.91;310.4;0.0;177.8;0.0;0.0
2020;308;366;beauce_5_sa_014;orgeh;orgeH_tousSols_nonirr_organique;22.39;0.0;62.53;1.19;0.0;56.38;287.82;56.85;310.34;56.91;310.4;98.31;107.77;0.0;335.34
2020;1;226;beauce_5_sa_015;orgeh;orgeH_tousSols_nonirr_organique;238.08;34.85;93.93;44.72;0.0;310.4;248.32;195.47;298.41;56.91;310.4;99.55;356.58;0.0;2864.7
2020;227;308;beauce_5_sa_015;solnu;;89.56;0.0;49.49;20.95;0.0;195.47;270.16;56.39;309.88;56.91;310.4;0.0;147.99;0.0;0.0
2020;309;366;beauce_5_sa_015;orgeh;orgeH_tousSols_nonirr_organique;22.11;0.0;62.55;1.03;0.0;55.66;298.41;56.85;310.34;56.91;310.4;98.28;107.77;0.0;322.77
2020;1;227;beauce_5_sa_016;orgeh;orgeH_tousSols_nonirr_organique;141.02;90.63;126.88;21.88;0.0;310.4;248.32;242.36;309.25;87.64;310.4;99.56;361.97;0.0;3529.67
2020;228;257;beauce_5_sa_016;solnu;;52.02;0.0;26.56;5.22;0.0;242.36;215.45;47.08;300.57;87.64;310.4;0.0;64.51;0.0;0.0
2020;258;366;beauce_5_sa_016;orgeh;orgeH_tousSols_nonirr_organique;53.72;0.72;98.96;9.44;0.0;46.57;309.25;79.8;310.37;87.64;310.4;99.08;185.86;0.0;939.82
2020;1;217;beauce_5_sa_017;orgeh;orgeH_tousSols_nonirr_organique;213.22;39.39;94.28;40.41;0.0;310.4;248.32;188.25;291.09;56.91;310.4;99.53;326.77;0.0;2902.22
2020;218;287;beauce_5_sa_017;solnu;;90.58;0.0;41.26;15.53;0.0;188.25;221.76;49.65;303.13;56.91;310.4;0.0;143.87;0.0;0.0
2020;288;366;beauce_5_sa_017;orgeh;orgeH_tousSols_nonirr_organique;34.11;0.01;77.73;3.45;0.0;48.84;291.09;56.85;310.34;56.91;310.4;98.73;141.7;0.0;526.47
2020;1;217;beauce_5_sa_018;orgeh;orgeH_tousSols_nonirr_organique;171.71;69.74;90.36;29.25;0.0;310.4;248.32;217.27;306.17;65.31;310.4;99.53;326.77;0.0;3142.67
2020;218;269;beauce_5_sa_018;solnu;;76.98;0.0;35.47;15.0;0.0;217.27;221.97;43.75;297.24;65.31;310.4;0.0;103.52;0.0;0.0
2020;270;366;beauce_5_sa_018;orgeh;orgeH_tousSols_nonirr_organique;51.24;0.26;94.81;8.86;0.0;42.75;306.17;59.26;310.34;65.31;310.4;98.97;182.05;0.0;751.13
2020;1;195;beauce_5_sa_019;orgeh;orgeH_tousSols_nonirr_organique;137.01;78.86;92.87;20.39;0.0;310.4;248.32;194.04;300.76;73.05;310.4;99.48;298.28;0.0;2816.03
2020;196;265;beauce_5_sa_019;solnu;;98.81;0.0;34.45;17.79;0.0;194.04;227.07;42.56;296.04;73.05;310.4;0.0;130.06;0.0;0.0
2020;266;366;beauce_5_sa_019;orgeh;orgeH_tousSols_nonirr_organique;53.06;0.47;95.04;9.38;0.0;43.69;300.76;66.26;310.34;73.05;310.4;99.0;184.0;0.0;815.93
2020;1;178;beauce_5_sa_020;orgeh;orgeH_tousSols_nonirr_organique;177.97;34.35;93.81;31.01;0.0;310.4;248.32;129.18;282.81;56.91;310.4;99.43;277.85;0.0;1955.63
2020;179;310;beauce_5_sa_020;solnu;;154.55;0.0;46.72;31.7;0.0;129.18;269.08;56.42;309.9;56.91;310.4;0.0;228.25;0.0;0.0
2020;311;366;beauce_5_sa_020;orgeh;orgeH_tousSols_nonirr_organique;20.37;0.0;62.8;0.96;0.0;55.41;282.81;56.85;310.34;56.91;310.4;98.21;106.25;0.0;304.91
2020;1;182;beauce_5_sa_021;orgeh;orgeH_tousSols_nonirr_organique;177.52;37.33;93.95;30.33;0.0;310.4;248.32;145.59;287.25;56.91;310.4;99.45;284.83;0.0;2205.49
2020;183;291;beauce_5_sa_021;solnu;;136.57;0.0;36.21;29.05;0.0;145.59;229.15;46.98;300.46;56.91;310.4;0.0;203.32;0.0;0.0
2020;292;366;beauce_5_sa_021;orgeh;orgeH_tousSols_nonirr_organique;31.77;0.02;77.21;3.53;0.0;56.91;287.25;56.85;310.34;56.91;310.4;98.67;124.19;0.0;486.37
2020;1;188;beauce_5_sa_022;orgeh;orgeH_tousSols_nonirr_organique;177.46;43.16;93.88;30.11;0.0;310.4;248.32;158.9;288.81;56.91;310.4;99.46;292.09;0.0;2415.18
2020;189;283;beauce_5_sa_022;solnu;;120.18;0.0;42.18;17.34;0.0;158.9;218.0;50.37;303.86;56.91;310.4;0.0;177.58;0.0;0.0
2020;284;366;beauce_5_sa_022;orgeh;orgeH_tousSols_nonirr_organique;35.23;0.01;78.46;3.65;0.0;50.0;288.81;56.86;310.34;56.91;310.4;98.8;142.67;0.0;563.98
2020;1;223;beauce_5_sa_023;orgeh;orgeH_tousSols_nonirr_organique;193.77;60.58;101.29;33.65;0.0;310.4;248.32;222.97;309.29;57.49;310.4;99.55;353.71;0.0;3191.99
2020;224;273;beauce_5_sa_023;solnu;;66.75;0.0;38.69;11.75;0.0;222.97;217.53;56.91;310.4;57.49;310.4;0.0;106.55;0.0;0.0
2020;274;366;beauce_5_sa_023;orgeh;orgeH_tousSols_nonirr_organique;45.95;0.31;83.21;4.82;0.0;54.25;309.29;56.87;310.36;57.49;310.4;98.92;152.08;0.0;693.54
2020;1;176;beauce_5_sa_024;orgeh;orgeH_tousSols_nonirr_organique;137.82;63.95;91.1;20.04;0.0;310.4;248.32;162.04;296.08;59.47;310.4;99.43;277.74;0.0;2338.5
2020;177;272;beauce_5_sa_024;solnu;;123.94;0.0;30.18;17.32;0.0;162.04;218.19;56.91;310.4;59.47;310.4;0.0;182.53;0.0;0.0
2020;273;366;beauce_5_sa_024;orgeh;orgeH_tousSols_nonirr_organique;48.52;0.05;94.99;7.14;0.0;56.91;296.08;56.86;310.35;59.47;310.4;98.94;152.08;0.0;706.85
2020;1;181;beauce_5_sa_025;orgeh;orgeH_tousSols_nonirr_organique;116.2;82.61;93.52;16.35;0.0;310.4;248.32;182.9;303.71;76.21;310.4;99.44;284.83;0.0;2578.37
2020;182;263;beauce_5_sa_025;solnu;;116.12;0.0;32.46;20.33;0.0;182.9;226.03;43.64;297.12;76.21;310.4;0.0;141.99;0.0;0.0
2020;264;366;beauce_5_sa_025;orgeh;orgeH_tousSols_nonirr_organique;53.36;0.58;95.72;9.38;0.0;42.99;303.71;69.83;310.34;76.21;310.4;99.03;185.52;0.0;848.37
2020;1;183;beauce_5_sa_026;orgeh;orgeH_tousSols_nonirr_organique;188.11;35.42;93.86;33.14;0.0;310.4;248.32;129.58;278.65;56.91;310.4;99.45;290.23;0.0;1990.22
2020;184;316;beauce_5_sa_026;solnu;;147.52;0.0;47.72;29.94;0.0;129.58;276.59;55.29;308.77;56.91;310.4;0.0;219.97;0.0;0.0
2020;317;366;beauce_5_sa_026;orgeh;orgeH_tousSols_nonirr_organique;17.11;0.0;60.83;0.82;0.0;55.03;278.65;56.85;310.34;56.91;310.4;98.0;102.14;0.0;271.49
2020;1;220;beauce_5_sa_027;orgeh;orgeH_tousSols_nonirr_organique;222.73;37.03;94.12;42.39;0.0;310.4;248.32;186.38;290.0;56.91;310.4;99.54;333.81;0.0;2892.24
2020;221;293;beauce_5_sa_027;solnu;;91.48;0.0;44.54;19.7;0.0;186.38;238.6;55.97;309.46;56.91;310.4;0.0;163.46;0.0;0.0
2020;294;366;beauce_5_sa_027;orgeh;orgeH_tousSols_nonirr_organique;30.55;0.0;70.12;2.23;0.0;56.91;290.0;56.85;310.34;56.91;310.4;98.63;115.07;0.0;463.96
2020;1;207;beauce_5_sa_028;orgeh;orgeH_tousSols_nonirr_organique;210.09;35.04;93.92;40.74;0.0;310.4;248.32;155.23;275.62;56.91;310.4;99.51;303.45;0.0;2580.09
2020;208;300;beauce_5_sa_028;solnu;;115.79;0.0;47.1;26.1;0.0;155.23;247.27;55.2;308.68;56.91;310.4;0.0;195.96;0.0;0.0
2020;301;366;beauce_5_sa_028;orgeh;orgeH_tousSols_nonirr_organique;26.02;0.0;62.61;1.35;0.0;54.9;275.62;56.85;310.34;56.91;310.4;98.48;112.93;0.0;394.92
2020;1;184;beauce_5_sa_029;orgeh;orgeH_tousSols_nonirr_organique;156.74;56.01;92.33;25.61;0.0;310.4;248.32;168.46;296.36;56.91;310.4;99.45;290.99;0.0;2444.86
2020;185;275;beauce_5_sa_029;solnu;;117.32;0.0;42.33;18.49;0.0;168.46;220.44;53.26;306.74;56.91;310.4;0.0;169.27;0.0;0.0
2020;276;366;beauce_5_sa_029;orgeh;orgeH_tousSols_nonirr_organique;43.47;0.08;82.28;5.22;0.0;51.32;296.36;56.86;310.35;56.91;310.4;98.9;152.08;0.0;665.02
2020;1;177;beauce_5_sa_030;orgeh;orgeH_tousSols_nonirr_organique;122.69;74.27;92.05;17.07;0.0;310.4;248.32;171.66;299.93;69.15;310.4;99.43;277.74;0.0;2439.26
2020;178;267;beauce_5_sa_030;solnu;;122.53;0.0;30.39;19.54;0.0;171.66;224.15;45.77;299.25;69.15;310.4;0.0;152.55;0.0;0.0
2020;268;366;beauce_5_sa_030;orgeh;orgeH_tousSols_nonirr_organique;51.23;0.12;97.26;8.7;0.0;45.77;299.93;63.09;310.35;69.15;310.4;98.99;182.05;0.0;786.7
2020;1;218;beauce_5_sa_031;orgeh;orgeH_tousSols_nonirr_organique;155.0;81.24;95.6;25.04;0.0;310.4;248.32;223.72;306.13;74.83;310.4;99.54;332.67;0.0;3250.96
2020;219;264;beauce_5_sa_031;solnu;;69.94;0.0;39.18;10.34;0.0;223.72;225.11;43.58;297.06;74.83;310.4;0.0;94.15;0.0;0.0
2020;265;366;beauce_5_sa_031;orgeh;orgeH_tousSols_nonirr_organique;50.36;1.12;98.09;9.06;0.0;43.14;306.13;68.02;310.37;74.83;310.4;99.02;185.52;0.0;832.76
2020;1;197;beauce_5_sa_032;orgeh;orgeH_tousSols_nonirr_organique;203.68;34.82;93.83;37.16;0.0;310.4;248.32;144.42;277.39;56.91;310.4;99.48;298.51;0.0;2318.51
2020;198;310;beauce_5_sa_032;solnu;;128.94;0.0;46.38;27.87;0.0;144.42;269.11;56.16;309.65;56.91;310.4;0.0;207.58;0.0;0.0
2020;311;366;beauce_5_sa_032;orgeh;orgeH_tousSols_nonirr_organique;20.38;0.0;62.53;0.97;0.0;55.14;277.39;56.85;310.34;56.91;310.4;98.21;106.25;0.0;304.91
2020;1;215;beauce_5_sa_033;orgeh;orgeH_tousSols_nonirr_organique;137.23;86.66;103.31;21.85;0.0;310.4;248.32;227.59;310.35;82.25;310.4;99.53;326.77;0.0;3254.07
2020;216;260;beauce_5_sa_033;solnu;;74.36;0.0;37.53;8.59;0.0;227.59;214.22;45.11;298.59;82.25;310.4;0.0;99.85;0.0;0.0
2020;261;366;beauce_5_sa_033;orgeh;orgeH_tousSols_nonirr_organique;51.02;1.11;99.29;9.27;0.0;44.93;310.35;75.01;310.37;82.25;310.4;99.06;185.72;0.0;894.86
2020;1;229;beauce_5_sa_034;orgeh;orgeH_tousSols_nonirr_organique;234.74;37.12;94.1;44.02;0.0;310.4;248.32;214.77;307.67;56.91;310.4;99.56;362.42;0.0;3067.7
2020;230;292;beauce_5_sa_034;solnu;;72.54;0.0;50.46;10.25;0.0;214.77;237.87;56.91;310.4;56.91;310.4;0.0;125.73;0.0;0.0
2020;293;366;beauce_5_sa_034;orgeh;orgeH_tousSols_nonirr_organique;31.48;0.0;70.12;2.15;0.0;55.97;307.67;56.85;310.34;56.91;310.4;98.65;124.19;0.0;475.7
2020;1;225;beauce_5_sa_035;orgeh;orgeH_tousSols_nonirr_organique;224.81;39.15;95.22;41.81;0.0;310.4;248.32;212.0;305.74;56.91;310.4;99.55;354.05;0.0;3063.4
2020;226;286;beauce_5_sa_035;solnu;;78.06;0.0;41.11;16.83;0.0;212.0;222.57;49.04;302.53;56.91;310.4;0.0;116.59;0.0;0.0
2020;287;366;beauce_5_sa_035;orgeh;orgeH_tousSols_nonirr_organique;34.5;0.03;77.68;3.63;0.0;49.49;305.74;56.85;310.34;56.91;310.4;98.75;141.7;0.0;536.15
2020;1;174;beauce_5_sa_036;orgeh;orgeH_tousSols_nonirr_organique;174.88;31.43;93.95;28.84;0.0;310.4;248.32;129.84;287.88;56.91;310.4;99.42;276.93;0.0;1863.76
2020;175;312;beauce_5_sa_036;solnu;;159.93;0.0;50.61;33.45;0.0;129.84;270.93;56.91;310.4;56.91;310.4;0.0;233.07;0.0;0.0
2020;313;366;beauce_5_sa_036;orgeh;orgeH_tousSols_nonirr_organique;18.87;0.0;60.89;0.77;0.0;56.65;287.88;56.85;310.34;56.91;310.4;98.15;102.35;0.0;293.43
2020;1;197;beauce_5_sa_037;orgeh;orgeH_tousSols_nonirr_organique;204.38;34.77;93.92;37.48;0.0;310.4;248.32;143.02;276.66;56.91;310.4;99.48;298.51;0.0;2277.75
2020;198;314;beauce_5_sa_037;solnu;;131.2;0.0;47.36;28.0;0.0;143.02;277.32;56.09;309.58;56.91;310.4;0.0;211.68;0.0;0.0
2020;315;366;beauce_5_sa_037;orgeh;orgeH_tousSols_nonirr_organique;18.1;0.0;60.84;0.85;0.0;55.69;276.66;56.85;310.34;56.91;310.4;98.08;102.14;0.0;279.17
2020;1;220;beauce_5_sa_038;orgeh;orgeH_tousSols_nonirr_organique;202.71;50.48;93.21;36.95;0.0;310.4;248.32;204.4;297.48;56.91;310.4;99.54;333.81;0.0;3070.76
2020;221;278;beauce_5_sa_038;solnu;;82.06;0.0;43.9;14.9;0.0;204.4;219.19;54.62;308.11;56.91;310.4;0.0;135.45;0.0;0.0
2020;279;366;beauce_5_sa_038;orgeh;orgeH_tousSols_nonirr_organique;38.7;0.01;79.5;3.47;0.0;53.56;297.48;56.85;310.34;56.91;310.4;98.86;143.08;0.0;631.3
2020;1;202;beauce_5_sa_039;orgeh;orgeH_tousSols_nonirr_organique;192.18;42.12;94.07;35.39;0.0;310.4;248.32;167.36;282.92;56.91;310.4;99.5;300.08;0.0;2675.21
2020;203;283;beauce_5_sa_039;solnu;;109.51;0.0;39.07;22.1;0.0;167.36;218.01;50.29;303.77;56.91;310.4;0.0;169.59;0.0;0.0
2020;284;366;beauce_5_sa_039;orgeh;orgeH_tousSols_nonirr_organique;35.25;0.05;78.32;3.69;0.0;49.88;282.92;56.85;310.34;56.91;310.4;98.8;142.67;0.0;563.98
2020;1;182;beauce_5_sa_040;orgeh;orgeH_tousSols_nonirr_organique;184.52;35.13;93.87;32.56;0.0;310.4;248.32;133.57;282.52;56.91;310.4;99.44;284.83;0.0;2042.32
2020;183;309;beauce_5_sa_040;solnu;;146.22;0.0;46.7;28.37;0.0;133.57;269.64;55.86;309.34;56.91;310.4;0.0;221.26;0.0;0.0
2020;310;366;beauce_5_sa_040;orgeh;orgeH_tousSols_nonirr_organique;21.39;0.0;62.74;1.07;0.0;56.37;282.52;56.85;310.34;56.91;310.4;98.25;106.25;0.0;310.54
2020;1;188;beauce_5_sa_041;orgeh;orgeH_tousSols_nonirr_organique;127.55;80.71;93.04;18.29;0.0;310.4;248.32;188.59;302.0;74.83;310.4;99.46;292.09;0.0;2697.05
2020;189;264;beauce_5_sa_041;solnu;;106.26;0.0;33.97;18.78;0.0;188.59;225.02;43.02;296.5;74.83;310.4;0.0;134.73;0.0;0.0
2020;265;366;beauce_5_sa_041;orgeh;orgeH_tousSols_nonirr_organique;53.1;0.53;95.4;9.38;0.0;42.53;302.0;67.99;310.34;74.83;310.4;99.02;185.52;0.0;832.76
2020;1;184;beauce_5_sa_042;orgeh;orgeH_tousSols_nonirr_organique;189.26;34.58;93.98;34.1;0.0;310.4;248.32;135.76;283.62;56.91;310.4;99.45;290.99;0.0;2008.4
2020;185;317;beauce_5_sa_042;solnu;;148.07;0.0;47.01;31.48;0.0;135.76;278.98;55.02;308.5;56.91;310.4;0.0;219.2;0.0;0.0
2020;318;366;beauce_5_sa_042;orgeh;orgeH_tousSols_nonirr_organique;16.97;0.0;60.69;0.91;0.0;54.8;283.62;56.85;310.34;56.91;310.4;97.96;102.14;0.0;265.67
2020;1;173;beauce_5_sa_043;orgeh;orgeH_tousSols_nonirr_organique;164.16;38.42;94.26;25.47;0.0;310.4;248.32;141.68;291.31;56.91;310.4;99.42;276.93;0.0;2070.97
2020;174;289;beauce_5_sa_043;solnu;;143.45;0.0;39.39;23.02;0.0;141.68;221.57;48.88;302.36;56.91;310.4;0.0;193.89;0.0;0.0
2020;290;366;beauce_5_sa_043;orgeh;orgeH_tousSols_nonirr_organique;33.0;0.0;77.9;3.43;0.0;48.23;291.31;56.85;310.34;56.91;310.4;98.7;141.52;0.0;507.89
2020;1;196;beauce_5_sa_044;orgeh;orgeH_tousSols_nonirr_organique;194.04;38.26;93.97;34.41;0.0;310.4;248.32;157.95;283.22;56.91;310.4;99.48;298.51;0.0;2486.49
2020;197;290;beauce_5_sa_044;solnu;;117.93;0.0;36.79;25.28;0.0;157.95;221.25;47.56;301.05;56.91;310.4;0.0;172.3;0.0;0.0
2020;291;366;beauce_5_sa_044;orgeh;orgeH_tousSols_nonirr_organique;32.31;0.02;77.25;3.52;0.0;46.99;283.22;56.85;310.34;56.91;310.4;98.68;141.52;0.0;495.65
2020;1;197;beauce_5_sa_045;orgeh;orgeH_tousSols_nonirr_organique;205.06;34.56;93.82;37.42;0.0;310.4;248.32;141.86;276.3;56.91;310.4;99.48;298.51;0.0;2253.89
2020;198;317;beauce_5_sa_045;solnu;;131.89;0.0;47.58;26.22;0.0;141.86;278.91;55.03;308.52;56.91;310.4;0.0;211.68;0.0;0.0
2020;318;366;beauce_5_sa_045;orgeh;orgeH_tousSols_nonirr_organique;16.84;0.0;60.83;0.8;0.0;54.82;276.3;56.85;310.34;56.91;310.4;97.96;102.14;0.0;265.67
2020;1;227;beauce_5_sa_046;orgeh;orgeH_tousSols_nonirr_organique;237.67;35.04;93.92;45.04;0.0;310.4;248.32;201.38;301.16;56.91;310.4;99.55;361.97;0.0;2945.98
2020;228;300;beauce_5_sa_046;solnu;;84.58;0.0;50.73;19.87;0.0;201.38;247.27;55.2;308.69;56.91;310.4;0.0;137.44;0.0;0.0
2020;301;366;beauce_5_sa_046;orgeh;orgeH_tousSols_nonirr_organique;26.01;0.0;62.62;1.35;0.0;54.9;301.16;56.85;310.34;56.91;310.4;98.48;112.93;0.0;394.92
2020;1;192;beauce_5_sa_047;orgeh;orgeH_tousSols_nonirr_organique;180.97;42.12;94.07;32.19;0.0;310.4;248.32;165.55;291.38;56.91;310.4;99.48;297.69;0.0;2490.35
2020;193;283;beauce_5_sa_047;solnu;;120.98;0.0;38.8;23.73;0.0;165.55;218.01;50.28;303.77;56.91;310.4;0.0;171.98;0.0;0.0
2020;284;366;beauce_5_sa_047;orgeh;orgeH_tousSols_nonirr_organique;35.25;0.05;78.32;3.69;0.0;49.88;291.38;56.85;310.34;56.91;310.4;98.8;142.67;0.0;563.98
2020;1;217;beauce_5_sa_048;orgeh;orgeH_tousSols_nonirr_organique;221.04;36.08;93.94;42.21;0.0;310.4;248.32;177.38;286.92;56.91;310.4;99.53;326.77;0.0;2788.16
2020;218;297;beauce_5_sa_048;solnu;;100.18;0.0;49.17;23.0;0.0;177.38;240.59;54.6;308.09;56.91;310.4;0.0;171.74;0.0;0.0
2020;298;366;beauce_5_sa_048;orgeh;orgeH_tousSols_nonirr_organique;27.4;0.0;62.75;1.62;0.0;55.4;286.92;56.85;310.34;56.91;310.4;98.55;113.83;0.0;424.97
2020;1;189;beauce_5_sa_049;orgeh;orgeH_tousSols_nonirr_organique;194.01;34.82;93.45;34.1;0.0;310.4;248.32;141.26;281.03;56.91;310.4;99.46;292.09;0.0;2231.19
2020;190;302;beauce_5_sa_049;solnu;;132.58;0.0;47.88;27.53;0.0;141.26;248.85;54.39;307.88;56.91;310.4;0.0;207.32;0.0;0.0
2020;303;366;beauce_5_sa_049;orgeh;orgeH_tousSols_nonirr_organique;25.06;0.0;62.76;1.36;0.0;53.89;281.03;56.85;310.34;56.91;310.4;98.44;112.93;0.0;374.98
2020;1;207;beauce_5_sa_050;orgeh;orgeH_tousSols_nonirr_organique;209.92;34.88;93.7;40.33;0.0;310.4;248.32;155.77;276.17;56.91;310.4;99.51;303.45;0.0;2589.53
2020;208;299;beauce_5_sa_050;solnu;;115.36;0.0;47.64;25.97;0.0;155.77;239.9;54.93;308.42;56.91;310.4;0.0;195.96;0.0;0.0
2020;300;366;beauce_5_sa_050;orgeh;orgeH_tousSols_nonirr_organique;26.43;0.0;62.64;1.44;0.0;55.2;276.17;56.85;310.34;56.91;310.4;98.51;112.93;0.0;405.75
2020;1;174;beauce_5_sa_051;orgeh;orgeH_tousSols_nonirr_organique;155.64;46.25;93.78;23.47;0.0;310.4;248.32;149.11;292.47;56.91;310.4;99.42;276.93;0.0;2180.75
2020;175;281;beauce_5_sa_051;solnu;;140.62;0.0;38.46;26.36;0.0;149.11;219.24;52.24;305.72;56.91;310.4;0.0;192.33;0.0;0.0
2020;282;366;beauce_5_sa_051;orgeh;orgeH_tousSols_nonirr_organique;36.8;0.01;79.01;3.57;0.0;50.39;292.47;56.85;310.34;56.91;310.4;98.82;143.08;0.0;595.49
2020;1;215;beauce_5_sa_052;orgeh;orgeH_tousSols_nonirr_organique;212.61;38.26;93.97;40.52;0.0;310.4;248.32;186.48;292.72;56.91;310.4;99.53;326.77;0.0;2829.19
2020;216;290;beauce_5_sa_052;solnu;;99.03;0.0;37.09;22.37;0.0;186.48;221.25;47.58;301.07;56.91;310.4;0.0;144.05;0.0;0.0
2020;291;366;beauce_5_sa_052;orgeh;orgeH_tousSols_nonirr_organique;32.31;0.02;77.27;3.52;0.0;47.01;292.72;56.85;310.34;56.91;310.4;98.68;141.52;0.0;495.65
2020;1;231;beauce_5_sa_053;orgeh;orgeH_tousSols_nonirr_organique;169.69;80.17;116.06;27.55;0.0;310.4;248.32;240.38;310.4;73.05;310.4;99.56;365.34;0.0;3480.41
2020;232;265;beauce_5_sa_053;solnu;;49.6;0.0;25.08;7.2;0.0;240.38;227.07;43.95;297.43;73.05;310.4;0.0;63.0;0.0;0.0
2020;266;366;beauce_5_sa_053;orgeh;orgeH_tousSols_nonirr_organique;52.56;0.15;97.24;9.41;0.0;45.17;310.4;66.27;310.36;73.05;310.4;99.01;184.0;0.0;815.93
2020;1;185;beauce_5_sa_054;orgeh;orgeH_tousSols_nonirr_organique;178.97;39.38;94.26;30.95;0.0;310.4;248.32;154.06;289.59;56.91;310.4;99.46;290.99;0.0;2318.17
2020;186;287;beauce_5_sa_054;solnu;;123.59;0.0;42.33;15.17;0.0;154.06;221.89;49.83;303.32;56.91;310.4;0.0;179.65;0.0;0.0
2020;288;366;beauce_5_sa_054;orgeh;orgeH_tousSols_nonirr_organique;34.01;0.0;78.02;3.43;0.0;49.08;289.59;56.85;310.34;56.91;310.4;98.73;141.7;0.0;526.47
2020;1;180;beauce_5_sa_055;orgeh;orgeH_tousSols_nonirr_organique;110.68;83.5;95.45;15.78;0.0;310.4;248.32;185.22;306.42;78.35;310.4;99.44;284.83;0.0;2572.31
2020;181;262;beauce_5_sa_055;solnu;;118.77;0.0;31.31;17.04;0.0;185.22;227.97;44.63;298.11;78.35;310.4;0.0;141.99;0.0;0.0
2020;263;366;beauce_5_sa_055;orgeh;orgeH_tousSols_nonirr_organique;51.9;0.39;98.54;8.98;0.0;44.69;306.42;71.77;310.37;78.35;310.4;99.04;185.52;0.0;864.86
2020;1;187;beauce_5_sa_056;orgeh;orgeH_tousSols_nonirr_organique;131.35;77.47;92.15;19.28;0.0;310.4;248.32;186.46;302.34;71.46;310.4;99.46;292.09;0.0;2645.33
2020;188;266;beauce_5_sa_056;solnu;;108.15;0.0;33.28;20.08;0.0;186.46;226.16;43.66;297.15;71.46;310.4;0.0;137.89;0.0;0.0
2020;267;366;beauce_5_sa_056;orgeh;orgeH_tousSols_nonirr_organique;52.83;0.44;94.9;9.04;0.0;44.51;302.34;64.39;310.34;71.46;310.4;99.0;182.36;0.0;804.16
2020;1;180;beauce_5_sa_057;orgeh;orgeH_tousSols_nonirr_organique;178.29;35.01;93.87;32.23;0.0;310.4;248.32;137.71;288.86;56.91;310.4;99.44;284.83;0.0;2004.11
2020;181;309;beauce_5_sa_057;solnu;;153.84;0.0;45.63;32.63;0.0;137.71;269.73;55.64;309.13;56.91;310.4;0.0;221.26;0.0;0.0
2020;310;366;beauce_5_sa_057;orgeh;orgeH_tousSols_nonirr_organique;21.39;0.0;62.52;1.1;0.0;56.16;288.86;56.85;310.34;56.91;310.4;98.25;106.25;0.0;310.54
2020;1;182;beauce_5_sa_058;orgeh;orgeH_tousSols_nonirr_organique;139.1;67.24;90.5;21.24;0.0;310.4;248.32;172.18;299.2;63.34;310.4;99.45;284.83;0.0;2476.27
2020;183;270;beauce_5_sa_058;solnu;;118.7;0.0;30.04;22.65;0.0;172.18;220.75;42.43;295.91;63.34;310.4;0.0;145.45;0.0;0.0
2020;271;366;beauce_5_sa_058;orgeh;orgeH_tousSols_nonirr_organique;50.3;0.23;94.45;8.94;0.0;41.22;299.2;57.19;310.34;63.34;310.4;98.96;182.05;0.0;738.74
2020;1;183;beauce_5_sa_059;orgeh;orgeH_tousSols_nonirr_organique;115.38;83.06;97.05;15.58;0.0;310.4;248.32;184.78;300.55;79.95;310.4;99.45;290.23;0.0;2649.69
2020;184;261;beauce_5_sa_059;solnu;;109.96;0.0;33.42;14.59;0.0;184.78;213.56;45.47;298.95;79.95;310.4;0.0;136.39;0.0;0.0
2020;262;366;beauce_5_sa_059;orgeh;orgeH_tousSols_nonirr_organique;52.55;0.35;98.77;9.0;0.0;44.94;300.55;73.18;310.36;79.95;310.4;99.05;185.72;0.0;882.14
2020;1;227;beauce_5_sa_060;orgeh;orgeH_tousSols_nonirr_organique;186.22;67.93;105.75;31.89;0.0;310.4;248.32;227.92;307.89;63.34;310.4;99.56;361.97;0.0;3309.97
2020;228;270;beauce_5_sa_060;solnu;;59.01;0.0;25.46;10.95;0.0;227.92;220.56;43.64;297.12;63.34;310.4;0.0;68.32;0.0;0.0
2020;271;366;beauce_5_sa_060;orgeh;orgeH_tousSols_nonirr_organique;49.73;0.2;96.24;8.9;0.0;42.5;307.89;57.2;310.36;63.34;310.4;98.96;182.05;0.0;738.74
2020;1;212;beauce_5_sa_061;orgeh;orgeH_tousSols_nonirr_organique;217.19;34.68;93.73;41.47;0.0;310.4;248.32;170.38;286.93;56.91;310.4;99.52;321.31;0.0;2649.49
2020;213;302;beauce_5_sa_061;solnu;;108.24;0.0;48.92;22.22;0.0;170.38;248.73;54.39;307.88;56.91;310.4;0.0;178.1;0.0;0.0
2020;303;366;beauce_5_sa_061;orgeh;orgeH_tousSols_nonirr_organique;25.07;0.0;62.76;1.36;0.0;53.89;286.93;56.85;310.34;56.91;310.4;98.44;112.93;0.0;374.98
2020;1;188;beauce_5_sa_062;orgeh;orgeH_tousSols_nonirr_organique;190.49;35.3;93.96;33.96;0.0;310.4;248.32;144.48;283.56;56.91;310.4;99.46;292.09;0.0;2246.76
2020;189;298;beauce_5_sa_062;solnu;;130.13;0.0;50.95;23.24;0.0;144.48;240.02;55.4;308.89;56.91;310.4;0.0;206.61;0.0;0.0
2020;299;366;beauce_5_sa_062;orgeh;orgeH_tousSols_nonirr_organique;26.97;0.0;62.77;1.41;0.0;54.95;283.56;56.85;310.34;56.91;310.4;98.53;113.64;0.0;415.15
2020;1;217;beauce_5_sa_063;orgeh;orgeH_tousSols_nonirr_organique;203.02;47.52;93.62;37.39;0.0;310.4;248.32;196.04;293.82;56.91;310.4;99.53;326.77;0.0;2985.31
2020;218;280;beauce_5_sa_063;solnu;;88.67;0.0;41.28;15.62;0.0;196.04;218.29;52.87;306.36;56.91;310.4;0.0;142.49;0.0;0.0
2020;281;366;beauce_5_sa_063;orgeh;orgeH_tousSols_nonirr_organique;37.3;0.01;79.15;3.55;0.0;52.23;293.82;56.85;310.34;56.91;310.4;98.84;143.08;0.0;608.2
2020;1;176;beauce_5_sa_064;orgeh;orgeH_tousSols_nonirr_organique;170.84;36.63;93.94;28.38;0.0;310.4;248.32;137.57;287.54;56.91;310.4;99.43;277.74;0.0;2070.39
2020;177;294;beauce_5_sa_064;solnu;;142.61;0.0;54.06;20.58;0.0;137.57;237.52;56.91;310.4;56.91;310.4;0.0;219.53;0.0;0.0
2020;295;366;beauce_5_sa_064;orgeh;orgeH_tousSols_nonirr_organique;29.45;0.0;63.04;1.43;0.0;55.87;287.54;56.85;310.34;56.91;310.4;98.61;115.07;0.0;456.01
2020;1;190;beauce_5_sa_065;orgeh;orgeH_tousSols_nonirr_organique;195.97;34.55;93.89;35.22;0.0;310.4;248.32;139.38;278.89;56.91;310.4;99.47;292.54;0.0;2208.97
2020;191;307;beauce_5_sa_065;solnu;;134.17;0.0;47.06;29.1;0.0;139.38;269.04;54.99;308.47;56.91;310.4;0.0;212.03;0.0;0.0
2020;308;366;beauce_5_sa_065;orgeh;orgeH_tousSols_nonirr_organique;22.39;0.0;62.52;1.19;0.0;56.38;278.89;56.85;310.34;56.91;310.4;98.31;107.77;0.0;335.34
2020;1;215;beauce_5_sa_066;orgeh;orgeH_tousSols_nonirr_organique;222.61;34.58;93.98;43.08;0.0;310.4;248.32;170.04;286.39;56.91;310.4;99.52;326.77;0.0;2576.34
2020;216;317;beauce_5_sa_066;solnu;;114.44;0.0;47.31;25.58;0.0;170.04;278.98;55.02;308.5;56.91;310.4;0.0;183.43;0.0;0.0
2020;318;366;beauce_5_sa_066;orgeh;orgeH_tousSols_nonirr_organique;16.97;0.0;60.69;0.91;0.0;54.8;286.39;56.85;310.34;56.91;310.4;97.96;102.14;0.0;265.67
2020;1;226;beauce_5_sa_067;orgeh;orgeH_tousSols_nonirr_organique;201.24;57.69;100.68;35.53;0.0;310.4;248.32;222.06;305.66;56.91;310.4;99.55;356.58;0.0;3226.71
2020;227;274;beauce_5_sa_067;solnu;;65.26;0.0;38.87;12.67;0.0;222.06;221.57;54.25;307.74;56.91;310.4;0.0;103.68;0.0;0.0
2020;275;366;beauce_5_sa_067;orgeh;orgeH_tousSols_nonirr_organique;44.51;0.13;82.19;5.19;0.0;53.26;305.66;56.85;310.34;56.91;310.4;98.91;152.08;0.0;681.09
2020;1;193;beauce_5_sa_068;orgeh;orgeH_tousSols_nonirr_organique;191.72;37.02;94.12;34.58;0.0;310.4;248.32;156.21;286.05;56.91;310.4;99.48;297.69;0.0;2401.06
2020;194;292;beauce_5_sa_068;solnu;;121.57;0.0;44.54;22.65;0.0;156.21;238.09;56.91;310.4;56.91;310.4;0.0;190.46;0.0;0.0
2020;293;366;beauce_5_sa_068;orgeh;orgeH_tousSols_nonirr_organique;31.48;0.0;70.12;2.15;0.0;55.97;286.05;56.85;310.34;56.91;310.4;98.65;124.19;0.0;475.7
2020;1;189;beauce_5_sa_069;orgeh;orgeH_tousSols_nonirr_organique;193.72;34.68;93.75;34.54;0.0;310.4;248.32;141.38;281.16;56.91;310.4;99.46;292.09;0.0;2231.19
2020;190;302;beauce_5_sa_069;solnu;;131.86;0.0;48.74;25.21;0.0;141.38;248.7;54.39;307.88;56.91;310.4;0.0;207.32;0.0;0.0
2020;303;366;beauce_5_sa_069;orgeh;orgeH_tousSols_nonirr_organique;25.07;0.0;62.75;1.36;0.0;53.89;281.16;56.85;310.34;56.91;310.4;98.44;112.93;0.0;374.98
2020;1;192;beauce_5_sa_070;orgeh;orgeH_tousSols_nonirr_organique;126.83;83.72;93.41;18.69;0.0;310.4;248.32;195.8;304.59;76.21;310.4;99.47;297.69;0.0;2788.21
2020;193;263;beauce_5_sa_070;solnu;;101.51;0.0;34.73;15.48;0.0;195.8;225.89;44.36;297.84;76.21;310.4;0.0;129.13;0.0;0.0
2020;264;366;beauce_5_sa_070;orgeh;orgeH_tousSols_nonirr_organique;51.55;0.66;98.14;9.26;0.0;43.8;304.59;69.85;310.37;76.21;310.4;99.03;185.52;0.0;848.37
2020;1;190;beauce_5_sa_071;orgeh;orgeH_tousSols_nonirr_organique;111.94;89.76;99.97;15.15;0.0;310.4;248.32;196.66;301.64;87.64;310.4;99.47;292.54;0.0;2850.18
2020;191;257;beauce_5_sa_071;solnu;;100.35;0.0;35.35;14.38;0.0;196.66;215.57;46.84;300.33;87.64;310.4;0.0;133.94;0.0;0.0
2020;258;366;beauce_5_sa_071;orgeh;orgeH_tousSols_nonirr_organique;54.68;1.01;97.49;9.48;0.0;46.26;301.64;79.78;310.35;87.64;310.4;99.08;185.86;0.0;939.82
2020;1;176;beauce_5_sa_072;orgeh;orgeH_tousSols_nonirr_organique;164.78;39.15;94.35;27.04;0.0;310.4;248.32;146.11;290.67;56.91;310.4;99.43;277.74;0.0;2162.17
2020;177;286;beauce_5_sa_072;solnu;;142.2;0.0;37.94;29.46;0.0;146.11;222.57;48.99;302.47;56.91;310.4;0.0;192.9;0.0;0.0
2020;287;366;beauce_5_sa_072;orgeh;orgeH_tousSols_nonirr_organique;34.53;0.04;77.59;3.64;0.0;49.42;290.67;56.85;310.34;56.91;310.4;98.75;141.7;0.0;536.15
2020;1;196;beauce_5_sa_073;orgeh;orgeH_tousSols_nonirr_organique;189.69;40.25;94.25;33.65;0.0;310.4;248.32;163.37;285.3;56.91;310.4;99.49;298.51;0.0;2541.78
2020;197;285;beauce_5_sa_073;solnu;;115.04;0.0;38.73;23.36;0.0;163.37;220.39;49.43;302.92;56.91;310.4;0.0;171.15;0.0;0.0
2020;286;366;beauce_5_sa_073;orgeh;orgeH_tousSols_nonirr_organique;34.75;0.04;77.82;3.65;0.0;48.99;285.3;56.85;310.34;56.91;310.4;98.77;142.67;0.0;544.43
2020;1;208;beauce_5_sa_074;orgeh;orgeH_tousSols_nonirr_organique;212.36;34.55;93.86;41.21;0.0;310.4;248.32;152.8;273.89;56.91;310.4;99.51;312.35;0.0;2540.58
2020;209;307;beauce_5_sa_074;solnu;;118.38;0.0;46.38;26.12;0.0;152.8;269.03;55.1;308.59;56.91;310.4;0.0;192.22;0.0;0.0
2020;308;366;beauce_5_sa_074;orgeh;orgeH_tousSols_nonirr_organique;22.39;0.0;62.64;1.11;0.0;56.5;273.89;56.85;310.34;56.91;310.4;98.31;107.77;0.0;335.34
2020;1;210;beauce_5_sa_075;orgeh;orgeH_tousSols_nonirr_organique;202.35;38.83;94.39;39.12;0.0;310.4;248.32;187.65;296.95;56.91;310.4;99.52;321.31;0.0;2785.73
2020;211;286;beauce_5_sa_075;solnu;;101.26;0.0;41.25;16.35;0.0;187.65;222.37;49.32;302.8;56.91;310.4;0.0;149.33;0.0;0.0
2020;287;366;beauce_5_sa_075;orgeh;orgeH_tousSols_nonirr_organique;34.39;0.0;78.1;3.57;0.0;49.83;296.95;56.85;310.34;56.91;310.4;98.75;141.7;0.0;536.15
2020;1;213;beauce_5_sa_076;orgeh;orgeH_tousSols_nonirr_organique;217.76;34.89;93.74;41.73;0.0;310.4;248.32;170.66;286.13;56.91;310.4;99.52;321.31;0.0;2668.87
2020;214;302;beauce_5_sa_076;solnu;;108.04;0.0;48.37;23.81;0.0;170.66;248.78;54.34;307.83;56.91;310.4;0.0;178.1;0.0;0.0
2020;303;366;beauce_5_sa_076;orgeh;orgeH_tousSols_nonirr_organique;25.0;0.0;62.77;1.27;0.0;53.85;286.13;56.85;310.34;56.91;310.4;98.44;112.93;0.0;374.98
2020;1;221;beauce_5_sa_077;orgeh;orgeH_tousSols_nonirr_organique;154.71;82.61;98.19;25.09;0.0;310.4;248.32;230.55;309.51;76.21;310.4;99.54;353.57;0.0;3321.92
2020;222;263;beauce_5_sa_077;solnu;;66.34;0.0;38.82;12.14;0.0;230.55;226.03;43.88;297.37;76.21;310.4;0.0;73.24;0.0;0.0
2020;264;366;beauce_5_sa_077;orgeh;orgeH_tousSols_nonirr_organique;53.33;0.53;96.04;9.39;0.0;43.27;309.51;69.82;310.34;76.21;310.4;99.03;185.52;0.0;848.37
2020;1;229;beauce_5_sa_078;orgeh;orgeH_tousSols_nonirr_organique;226.47;41.1;96.89;42.13;0.0;310.4;248.32;220.64;309.17;56.91;310.4;99.56;362.42;0.0;3163.27
2020;230;284;beauce_5_sa_078;solnu;;71.41;0.0;41.6;14.95;0.0;220.64;221.08;49.92;303.41;56.91;310.4;0.0;107.25;0.0;0.0
2020;285;366;beauce_5_sa_078;orgeh;orgeH_tousSols_nonirr_organique;34.93;0.04;78.13;3.64;0.0;49.48;309.17;56.85;310.34;56.91;310.4;98.78;142.67;0.0;555.77
2020;1;224;beauce_5_sa_079;orgeh;orgeH_tousSols_nonirr_organique;191.85;62.8;102.44;33.12;0.0;310.4;248.32;223.68;307.83;59.47;310.4;99.55;353.71;0.0;3223.62
2020;225;272;beauce_5_sa_079;solnu;;64.9;0.0;24.99;12.68;0.0;223.68;218.32;56.91;310.4;59.47;310.4;0.0;106.55;0.0;0.0
2020;273;366;beauce_5_sa_079;orgeh;orgeH_tousSols_nonirr_organique;48.41;0.17;95.01;7.1;0.0;56.91;307.83;56.85;310.34;59.47;310.4;98.94;152.08;0.0;706.85
2020;1;222;beauce_5_sa_080;orgeh;orgeH_tousSols_nonirr_organique;154.95;83.32;116.12;24.88;0.0;310.4;248.32;232.69;310.4;76.21;310.4;99.54;353.71;0.0;3341.1
2020;223;263;beauce_5_sa_080;solnu;;62.4;0.0;23.42;9.62;0.0;232.69;225.94;44.34;297.82;76.21;310.4;0.0;73.11;0.0;0.0
2020;264;366;beauce_5_sa_080;orgeh;orgeH_tousSols_nonirr_organique;51.9;0.54;97.88;9.31;0.0;43.78;310.4;69.85;310.37;76.21;310.4;99.03;185.52;0.0;848.37
2020;1;220;beauce_5_sa_081;orgeh;orgeH_tousSols_nonirr_organique;148.82;82.79;102.98;23.45;0.0;310.4;248.32;231.49;309.29;79.95;310.4;99.54;333.81;0.0;3338.28
2020;221;261;beauce_5_sa_081;solnu;;66.37;0.0;38.24;7.78;0.0;231.49;213.57;45.13;298.62;79.95;310.4;0.0;92.81;0.0;0.0
2020;262;366;beauce_5_sa_081;orgeh;orgeH_tousSols_nonirr_organique;53.81;0.07;97.47;9.14;0.0;44.61;309.29;73.16;310.35;79.95;310.4;99.05;185.72;0.0;882.14
2020;1;184;beauce_5_sa_082;orgeh;orgeH_tousSols_nonirr_organique;183.99;35.96;93.86;32.52;0.0;310.4;248.32;144.98;287.63;56.91;310.4;99.45;290.99;0.0;2191.78
2020;185;296;beauce_5_sa_082;solnu;;134.76;0.0;51.27;24.23;0.0;144.98;240.94;55.18;308.67;56.91;310.4;0.0;206.3;0.0;0.0
2020;297;366;beauce_5_sa_082;orgeh;orgeH_tousSols_nonirr_organique;27.79;0.0;62.93;1.53;0.0;54.61;287.63;56.85;310.34;56.91;310.4;98.57;115.04;0.0;434.83
2020;1;216;beauce_5_sa_083;orgeh;orgeH_tousSols_nonirr_organique;139.26;85.95;102.98;22.15;0.0;310.4;248.32;228.03;309.79;82.25;310.4;99.53;326.77;0.0;3274.33
2020;217;260;beauce_5_sa_083;solnu;;74.22;0.0;37.03;10.9;0.0;228.03;214.36;44.78;298.26;82.25;310.4;0.0;99.85;0.0;0.0
2020;261;366;beauce_5_sa_083;orgeh;orgeH_tousSols_nonirr_organique;53.36;0.76;97.01;9.51;0.0;44.57;309.79;74.98;310.34;82.25;310.4;99.05;185.72;0.0;894.86
2020;1;183;beauce_5_sa_084;orgeh;orgeH_tousSols_nonirr_organique;186.15;35.26;93.85;32.83;0.0;310.4;248.32;134.36;280.78;56.91;310.4;99.45;290.23;0.0;2108.76
2020;184;303;beauce_5_sa_084;solnu;;140.44;0.0;47.68;30.5;0.0;134.36;251.97;53.76;307.25;56.91;310.4;0.0;209.64;0.0;0.0
2020;304;366;beauce_5_sa_084;orgeh;orgeH_tousSols_nonirr_organique;24.69;0.0;62.5;1.46;0.0;53.78;280.78;56.85;310.34;56.91;310.4;98.41;112.47;0.0;365.29
2020;1;185;beauce_5_sa_085;orgeh;orgeH_tousSols_nonirr_organique;186.27;35.96;93.99;32.78;0.0;310.4;248.32;144.3;285.99;56.91;310.4;99.45;290.99;0.0;2213.78
2020;186;296;beauce_5_sa_085;solnu;;133.97;0.0;49.65;28.19;0.0;144.3;240.95;55.18;308.67;56.91;310.4;0.0;206.3;0.0;0.0
2020;297;366;beauce_5_sa_085;orgeh;orgeH_tousSols_nonirr_organique;27.86;0.0;62.86;1.59;0.0;54.6;285.99;56.85;310.34;56.91;310.4;98.57;115.04;0.0;434.83
2020;1;226;beauce_5_sa_086;orgeh;orgeH_tousSols_nonirr_organique;155.5;83.53;119.26;24.77;0.0;310.4;248.32;233.79;306.97;78.35;310.4;99.55;356.58;0.0;3424.7
2020;227;262;beauce_5_sa_086;solnu;;55.62;0.0;25.34;6.3;0.0;233.79;227.88;45.09;298.57;78.35;310.4;0.0;70.24;0.0;0.0
2020;263;366;beauce_5_sa_086;orgeh;orgeH_tousSols_nonirr_organique;53.11;0.1;98.08;9.45;0.0;45.15;306.97;71.76;310.35;78.35;310.4;99.04;185.52;0.0;864.86
2020;1;177;beauce_5_sa_087;orgeh;orgeH_tousSols_nonirr_organique;178.37;33.01;93.67;30.61;0.0;310.4;248.32;127.6;283.89;56.91;310.4;99.43;277.74;0.0;1862.71
2020;178;318;beauce_5_sa_087;solnu;;159.71;0.0;48.33;33.08;0.0;127.6;278.43;54.83;308.31;56.91;310.4;0.0;232.93;0.0;0.0
2020;319;366;beauce_5_sa_087;orgeh;orgeH_tousSols_nonirr_organique;16.59;0.0;60.88;0.76;0.0;55.02;283.89;56.85;310.34;56.91;310.4;97.92;101.67;0.0;257.58
2020;1;176;beauce_5_sa_088;orgeh;orgeH_tousSols_nonirr_organique;176.84;33.33;93.66;29.85;0.0;310.4;248.32;128.77;285.12;56.91;310.4;99.43;277.74;0.0;1896.2
2020;177;313;beauce_5_sa_088;solnu;;157.32;0.0;49.92;29.74;0.0;128.77;269.93;56.65;310.13;56.91;310.4;0.0;232.26;0.0;0.0
2020;314;366;beauce_5_sa_088;orgeh;orgeH_tousSols_nonirr_organique;18.61;0.0;60.88;0.79;0.0;56.09;285.12;56.85;310.34;56.91;310.4;98.11;102.35;0.0;285.14
2020;1;176;beauce_5_sa_089;orgeh;orgeH_tousSols_nonirr_organique;97.13;89.76;99.97;11.75;0.0;310.4;248.32;182.07;302.09;87.64;310.4;99.43;277.74;0.0;2592.37
2020;177;257;beauce_5_sa_089;solnu;;119.2;0.0;31.33;18.67;0.0;182.07;215.57;46.82;300.31;87.64;310.4;0.0;148.75;0.0;0.0
2020;258;366;beauce_5_sa_089;orgeh;orgeH_tousSols_nonirr_organique;54.71;1.01;97.44;9.48;0.0;46.24;302.09;79.78;310.35;87.64;310.4;99.08;185.86;0.0;939.82
2020;1;195;beauce_5_sa_090;orgeh;orgeH_tousSols_nonirr_organique;202.66;34.85;93.97;36.86;0.0;310.4;248.32;141.31;278.01;56.91;310.4;99.48;298.28;0.0;2200.57
2020;196;318;beauce_5_sa_090;solnu;;134.87;0.0;46.78;28.6;0.0;141.31;278.44;54.8;308.29;56.91;310.4;0.0;212.39;0.0;0.0
2020;319;366;beauce_5_sa_090;orgeh;orgeH_tousSols_nonirr_organique;16.81;0.0;60.64;0.91;0.0;54.97;278.01;56.85;310.34;56.91;310.4;97.92;101.67;0.0;257.58
2020;1;192;beauce_5_sa_091;orgeh;orgeH_tousSols_nonirr_organique;116.88;86.01;99.86;16.72;0.0;310.4;248.32;201.24;305.8;83.96;310.4;99.47;297.69;0.0;2855.04
2020;193;259;beauce_5_sa_091;solnu;;100.79;0.0;35.34;15.6;0.0;201.24;215.17;45.33;298.82;83.96;310.4;0.0;128.79;0.0;0.0
2020;260;366;beauce_5_sa_091;orgeh;orgeH_tousSols_nonirr_organique;53.67;0.88;97.13;9.5;0.0;44.65;305.8;76.54;310.35;83.96;310.4;99.06;185.86;0.0;911.25
2020;1;210;beauce_5_sa_092;orgeh;orgeH_tousSols_nonirr_organique;213.69;34.68;93.35;40.86;0.0;310.4;248.32;172.14;290.79;56.91;310.4;99.51;321.31;0.0;2594.46
2020;211;305;beauce_5_sa_092;solnu;;115.32;0.0;47.47;25.91;0.0;172.14;251.07;53.08;306.57;56.91;310.4;0.0;181.6;0.0;0.0
2020;306;366;beauce_5_sa_092;orgeh;orgeH_tousSols_nonirr_organique;23.55;0.0;62.5;1.46;0.0;55.92;290.79;56.85;310.34;56.91;310.4;98.36;109.43;0.0;346.53
2020;1;223;beauce_5_sa_093;orgeh;orgeH_tousSols_nonirr_organique;207.35;50.8;97.63;37.26;0.0;310.4;248.32;219.28;309.13;56.91;310.4;99.55;353.71;0.0;3127.25
2020;224;278;beauce_5_sa_093;solnu;;75.53;0.0;41.04;13.77;0.0;219.28;219.27;54.62;308.11;56.91;310.4;0.0;115.54;0.0;0.0
2020;279;366;beauce_5_sa_093;orgeh;orgeH_tousSols_nonirr_organique;38.45;0.07;79.69;3.5;0.0;53.56;309.13;56.85;310.34;56.91;310.4;98.86;143.08;0.0;631.3
2020;1;178;beauce_5_sa_094;orgeh;orgeH_tousSols_nonirr_organique;174.82;35.75;93.91;30.38;0.0;310.4;248.32;134.26;284.46;56.91;310.4;99.43;277.85;0.0;2056.34
2020;179;298;beauce_5_sa_094;solnu;;146.13;0.0;50.21;26.93;0.0;134.26;240.32;55.41;308.9;56.91;310.4;0.0;220.86;0.0;0.0
2020;299;366;beauce_5_sa_094;orgeh;orgeH_tousSols_nonirr_organique;26.9;0.0;62.84;1.4;0.0;54.96;284.46;56.85;310.34;56.91;310.4;98.53;113.64;0.0;415.15
2020;1;202;beauce_5_sa_095;orgeh;orgeH_tousSols_nonirr_organique;181.52;50.68;93.11;32.44;0.0;310.4;248.32;175.05;285.98;56.91;310.4;99.5;300.08;0.0;2748.45
2020;203;277;beauce_5_sa_095;solnu;;102.99;0.0;41.76;20.36;0.0;175.05;219.52;56.91;310.4;56.91;310.4;0.0;169.18;0.0;0.0
2020;278;366;beauce_5_sa_095;orgeh;orgeH_tousSols_nonirr_organique;40.49;0.09;79.92;3.26;0.0;54.62;285.98;56.85;310.34;56.91;310.4;98.88;143.08;0.0;639.11
2020;1;172;beauce_5_sa_096;orgeh;orgeH_tousSols_nonirr_organique;173.62;29.7;93.96;27.64;0.0;310.4;248.32;130.09;290.86;56.91;310.4;99.41;276.93;0.0;1800.06
2020;173;315;beauce_5_sa_096;solnu;;162.78;0.0;52.18;32.14;0.0;130.09;277.07;55.69;309.17;56.91;310.4;0.0;233.27;0.0;0.0
2020;316;366;beauce_5_sa_096;orgeh;orgeH_tousSols_nonirr_organique;17.5;0.0;60.83;0.83;0.0;55.29;290.86;56.85;310.34;56.91;310.4;98.04;102.14;0.0;275.37
2020;1;207;beauce_5_sa_097;orgeh;orgeH_tousSols_nonirr_organique;136.66;84.07;95.97;21.28;0.0;310.4;248.32;206.93;297.96;79.95;310.4;99.51;303.45;0.0;3097.59
2020;208;261;beauce_5_sa_097;solnu;;86.19;0.0;36.99;14.6;0.0;206.93;213.57;44.46;297.95;79.95;310.4;0.0;123.16;0.0;0.0
2020;262;366;beauce_5_sa_097;orgeh;orgeH_tousSols_nonirr_organique;53.38;0.68;96.62;9.47;0.0;43.69;297.96;73.16;310.34;79.95;310.4;99.05;185.72;0.0;882.14
2020;1;226;beauce_5_sa_098;orgeh;orgeH_tousSols_nonirr_organique;174.72;73.04;111.05;29.09;0.0;310.4;248.32;229.28;306.45;69.15;310.4;99.55;356.58;0.0;3343.08
2020;227;267;beauce_5_sa_098;solnu;;58.66;0.0;25.0;11.24;0.0;229.28;224.15;45.22;298.71;69.15;310.4;0.0;73.71;0.0;0.0
2020;268;366;beauce_5_sa_098;orgeh;orgeH_tousSols_nonirr_organique;52.14;0.35;95.59;8.81;0.0;45.09;306.45;63.08;310.34;69.15;310.4;98.99;182.05;0.0;786.7
2020;1;171;beauce_5_sa_099;orgeh;orgeH_tousSols_nonirr_organique;170.83;31.27;93.63;25.81;0.0;310.4;248.32;133.38;291.87;56.91;310.4;99.41;276.93;0.0;1906.41
2020;172;300;beauce_5_sa_099;solnu;;154.91;0.0;51.24;31.84;0.0;133.38;247.32;55.26;308.74;56.91;310.4;0.0;222.49;0.0;0.0
2020;301;366;beauce_5_sa_099;orgeh;orgeH_tousSols_nonirr_organique;25.86;0.0;62.82;1.33;0.0;54.97;291.87;56.85;310.34;56.91;310.4;98.48;112.93;0.0;394.92
2021;1;213;beauce_5_sa_000;orgeh;orgeH_tousSols_nonirr_organique;213.6;23.19;213.27;40.16;0.0;310.4;248.32;204.84;300.79;73.73;310.4;99.53;417.87;0.0;3007.66
2021;214;260;beauce_5_sa_000;solnu;;59.65;0.0;42.23;12.63;0.11;204.84;213.57;45.79;299.28;73.73;310.4;0.0;100.47;0.0;0.0
2021;261;365;beauce_5_sa_000;orgeh;orgeH_tousSols_nonirr_organique;47.5;0.67;139.77;5.28;0.0;44.77;307.35;76.79;310.4;73.73;310.4;99.04;199.07;0.0;890.78
2021;1;195;beauce_5_sa_001;orgeh;orgeH_tousSols_nonirr_organique;199.06;16.5;207.61;37.82;0.0;310.4;248.32;185.15;307.09;59.84;310.4;99.49;399.98;0.0;2551.29
2021;196;268;beauce_5_sa_001;solnu;;94.96;0.0;39.41;22.56;0.11;185.15;221.97;40.95;294.44;59.84;310.4;0.0;119.13;0.0;0.0
2021;269;365;beauce_5_sa_001;orgeh;orgeH_tousSols_nonirr_organique;44.81;0.37;137.16;4.86;0.0;40.41;298.37;63.41;310.4;59.84;310.4;98.93;198.3;0.0;765.4
2021;1;196;beauce_5_sa_002;orgeh;orgeH_tousSols_nonirr_organique;199.98;25.8;198.48;37.34;0.0;310.4;248.32;169.01;308.7;56.91;310.4;99.49;401.67;0.0;2251.02
2021;197;295;beauce_5_sa_002;solnu;;112.22;0.0;49.23;24.58;0.11;169.01;240.82;56.91;310.4;56.91;310.4;0.0;161.57;0.0;0.0
2021;296;365;beauce_5_sa_002;orgeh;orgeH_tousSols_nonirr_organique;26.97;0.0;127.19;1.04;0.0;55.52;280.86;56.91;310.4;56.91;310.4;98.57;154.17;0.0;409.08
2021;1;171;beauce_5_sa_003;orgeh;orgeH_tousSols_nonirr_organique;154.09;20.06;181.31;28.89;0.0;310.4;248.32;168.44;307.43;70.4;310.4;99.42;329.9;0.0;2230.17
2021;172;262;beauce_5_sa_003;solnu;;134.78;0.0;63.31;30.58;0.11;168.44;226.03;44.19;297.67;70.4;310.4;0.0;188.44;0.0;0.0
2021;263;365;beauce_5_sa_003;orgeh;orgeH_tousSols_nonirr_organique;45.85;0.78;139.71;5.19;0.0;43.54;303.63;73.27;310.4;70.4;310.4;99.01;199.07;0.0;856.42
2021;1;185;beauce_5_sa_004;orgeh;orgeH_tousSols_nonirr_organique;183.52;20.68;201.5;34.27;0.0;310.4;248.32;169.45;307.94;56.91;310.4;99.46;380.88;0.0;2245.25
2021;186;278;beauce_5_sa_004;solnu;;118.88;0.0;40.72;27.12;0.11;169.45;219.4;38.14;291.63;56.91;310.4;0.0;143.87;0.0;0.0
2021;279;365;beauce_5_sa_004;orgeh;orgeH_tousSols_nonirr_organique;37.92;0.14;136.53;3.62;0.0;38.65;292.28;56.91;310.4;56.91;310.4;98.83;192.66;0.0;617.36
2021;1;224;beauce_5_sa_005;orgeh;orgeH_tousSols_nonirr_organique;243.19;21.13;202.02;49.43;0.0;310.4;248.32;188.16;304.24;56.91;310.4;99.55;437.61;0.0;2604.84
2021;225;313;beauce_5_sa_005;solnu;;85.39;0.0;55.02;22.56;0.11;188.16;277.32;56.91;310.4;56.91;310.4;0.0;158.11;0.0;0.0
2021;314;365;beauce_5_sa_005;orgeh;orgeH_tousSols_nonirr_organique;16.71;0.0;116.41;0.8;0.0;56.91;299.86;56.91;310.4;56.91;310.4;98.08;121.69;0.0;239.91
2021;1;186;beauce_5_sa_006;orgeh;orgeH_tousSols_nonirr_organique;161.4;31.78;213.99;28.57;0.0;310.4;248.32;186.82;306.71;80.34;310.4;99.46;380.88;0.0;2582.41
2021;187;256;beauce_5_sa_006;solnu;;99.28;0.0;41.14;19.76;0.11;186.82;215.57;47.47;300.95;80.34;310.4;0.0;137.12;0.0;0.0
2021;257;365;beauce_5_sa_006;orgeh;orgeH_tousSols_nonirr_organique;50.4;1.18;140.72;6.12;0.0;48.83;304.37;84.87;310.4;80.34;310.4;99.07;199.41;0.0;956.44
2021;1;191;beauce_5_sa_007;orgeh;orgeH_tousSols_nonirr_organique;196.59;21.97;198.85;36.93;0.0;310.4;248.32;162.58;306.39;56.91;310.4;99.48;390.81;0.0;2154.72
2021;192;296;beauce_5_sa_007;solnu;;121.93;0.0;47.77;29.26;0.11;162.58;240.59;55.52;309.0;56.91;310.4;0.0;172.67;0.0;0.0
2021;297;365;beauce_5_sa_007;orgeh;orgeH_tousSols_nonirr_organique;25.58;0.01;127.19;1.18;0.0;54.91;281.03;56.91;310.4;56.91;310.4;98.55;153.92;0.0;400.33
2021;1;209;beauce_5_sa_008;orgeh;orgeH_tousSols_nonirr_organique;224.28;18.19;202.12;42.58;0.0;310.4;248.32;185.19;306.09;56.91;310.4;99.52;417.7;0.0;2580.38
2021;210;285;beauce_5_sa_008;solnu;;83.04;0.0;41.49;21.82;0.11;185.19;222.57;44.79;298.27;56.91;310.4;0.0;117.88;0.0;0.0
2021;286;365;beauce_5_sa_008;orgeh;orgeH_tousSols_nonirr_organique;35.81;0.05;134.9;3.05;0.0;44.18;288.81;56.91;310.4;56.91;310.4;98.75;181.83;0.0;520.29
2021;1;171;beauce_5_sa_009;orgeh;orgeH_tousSols_nonirr_organique;160.88;24.0;170.71;30.34;0.0;310.4;248.32;143.94;307.28;56.91;310.4;99.41;329.9;0.0;1806.77
2021;172;296;beauce_5_sa_009;solnu;;160.78;0.0;70.73;39.54;0.11;143.94;240.59;55.52;309.0;56.91;310.4;0.0;233.58;0.0;0.0
2021;297;365;beauce_5_sa_009;orgeh;orgeH_tousSols_nonirr_organique;25.54;0.01;127.22;1.18;0.0;54.91;291.96;56.91;310.4;56.91;310.4;98.55;153.92;0.0;400.33
2021;1;205;beauce_5_sa_010;orgeh;orgeH_tousSols_nonirr_organique;218.37;16.53;204.62;40.84;0.0;310.4;248.32;184.16;302.6;56.91;310.4;99.51;409.14;0.0;2605.65
2021;206;276;beauce_5_sa_010;solnu;;84.54;0.0;40.33;21.36;0.11;184.16;219.52;39.06;292.54;56.91;310.4;0.0;114.92;0.0;0.0
2021;277;365;beauce_5_sa_010;orgeh;orgeH_tousSols_nonirr_organique;39.61;0.18;135.7;3.97;0.0;38.53;286.2;56.91;310.4;56.91;310.4;98.83;193.35;0.0;647.88
2021;1;204;beauce_5_sa_011;orgeh;orgeH_tousSols_nonirr_organique;208.61;25.54;204.1;37.63;0.0;310.4;248.32;181.08;302.86;56.91;310.4;99.51;409.14;0.0;2544.61
2021;205;280;beauce_5_sa_011;solnu;;81.47;0.0;41.12;14.4;0.11;181.08;219.01;45.07;298.55;56.91;310.4;0.0;117.38;0.0;0.0
2021;281;365;beauce_5_sa_011;orgeh;orgeH_tousSols_nonirr_organique;38.17;0.02;140.84;3.67;0.0;44.55;284.43;56.91;310.4;56.91;310.4;98.82;190.89;0.0;587.25
2021;1;199;beauce_5_sa_012;orgeh;orgeH_tousSols_nonirr_organique;208.88;24.85;196.79;38.08;0.0;310.4;248.32;164.7;306.92;56.91;310.4;99.5;404.45;0.0;2135.1
2021;200;315;beauce_5_sa_012;solnu;;117.25;0.0;70.96;27.0;0.11;164.7;276.72;56.38;309.87;56.91;310.4;0.0;191.27;0.0;0.0
2021;316;365;beauce_5_sa_012;orgeh;orgeH_tousSols_nonirr_organique;15.72;0.0;105.43;0.71;0.0;55.83;275.6;56.91;310.4;56.91;310.4;98.0;121.69;0.0;226.53
2021;1;179;beauce_5_sa_013;orgeh;orgeH_tousSols_nonirr_organique;180.48;18.86;184.51;33.38;0.0;310.4;248.32;154.54;305.39;56.91;310.4;99.44;356.26;0.0;2025.9
2021;180;288;beauce_5_sa_013;solnu;;135.92;0.0;52.89;35.12;0.11;154.54;221.77;51.13;304.62;56.91;310.4;0.0;188.15;0.0;0.0
2021;289;365;beauce_5_sa_013;orgeh;orgeH_tousSols_nonirr_organique;32.25;0.05;134.92;2.48;0.0;50.12;287.6;56.91;310.4;56.91;310.4;98.7;173.0;0.0;486.5
2021;1;215;beauce_5_sa_014;orgeh;orgeH_tousSols_nonirr_organique;231.99;22.06;197.81;45.65;0.0;310.4;248.32;176.48;298.98;56.91;310.4;99.53;418.38;0.0;2502.28
2021;216;306;beauce_5_sa_014;solnu;;90.82;0.0;49.5;25.17;0.11;176.48;269.04;51.97;305.46;56.91;310.4;0.0;146.96;0.0;0.0
2021;307;365;beauce_5_sa_014;orgeh;orgeH_tousSols_nonirr_organique;21.63;0.0;126.05;1.17;0.0;51.96;287.82;56.91;310.4;56.91;310.4;98.31;152.06;0.0;310.39
2021;1;226;beauce_5_sa_015;orgeh;orgeH_tousSols_nonirr_organique;244.58;21.43;202.36;50.24;0.0;310.4;248.32;190.17;302.22;56.91;310.4;99.56;437.61;0.0;2681.41
2021;227;307;beauce_5_sa_015;solnu;;79.24;0.0;45.14;22.12;0.11;190.17;270.16;51.97;305.46;56.91;310.4;0.0;140.35;0.0;0.0
2021;308;365;beauce_5_sa_015;orgeh;orgeH_tousSols_nonirr_organique;21.07;0.0;126.05;1.14;0.0;56.91;298.41;56.91;310.4;56.91;310.4;98.28;139.44;0.0;298.48
2021;1;226;beauce_5_sa_016;orgeh;orgeH_tousSols_nonirr_organique;179.48;57.28;229.91;33.15;0.0;310.4;248.32;223.91;303.95;80.34;310.4;99.56;437.61;0.0;3298.47
2021;227;256;beauce_5_sa_016;solnu;;42.75;0.0;37.89;7.47;0.11;223.91;215.45;47.76;301.25;80.34;310.4;0.0;80.39;0.0;0.0
2021;257;365;beauce_5_sa_016;orgeh;orgeH_tousSols_nonirr_organique;49.98;0.61;142.0;6.15;0.0;49.14;309.25;84.87;310.4;80.34;310.4;99.08;199.41;0.0;956.44
2021;1;217;beauce_5_sa_017;orgeh;orgeH_tousSols_nonirr_organique;225.8;24.78;202.64;44.85;0.0;310.4;248.32;187.9;299.69;56.91;310.4;99.54;421.35;0.0;2730.54
2021;218;286;beauce_5_sa_017;solnu;;70.11;0.0;41.0;12.19;0.11;187.9;221.76;50.63;304.12;56.91;310.4;0.0;123.06;0.0;0.0
2021;287;365;beauce_5_sa_017;orgeh;orgeH_tousSols_nonirr_organique;34.34;0.02;141.19;3.06;0.0;56.91;291.09;56.91;310.4;56.91;310.4;98.73;173.0;0.0;508.55
2021;1;217;beauce_5_sa_018;orgeh;orgeH_tousSols_nonirr_organique;231.51;15.29;207.32;46.71;0.0;310.4;248.32;199.52;298.79;59.84;310.4;99.54;421.35;0.0;2955.2
2021;218;268;beauce_5_sa_018;solnu;;63.14;0.0;40.15;16.68;0.11;199.52;221.97;41.08;294.57;59.84;310.4;0.0;97.76;0.0;0.0
2021;269;365;beauce_5_sa_018;orgeh;orgeH_tousSols_nonirr_organique;44.86;0.35;137.25;4.88;0.0;40.55;306.17;63.41;310.4;59.84;310.4;98.93;198.3;0.0;765.4
2021;1;195;beauce_5_sa_019;orgeh;orgeH_tousSols_nonirr_organique;193.45;19.33;210.21;36.34;0.0;310.4;248.32;189.22;307.28;66.83;310.4;99.49;399.98;0.0;2616.09
2021;196;264;beauce_5_sa_019;solnu;;92.31;0.0;39.52;20.43;0.11;189.22;227.07;42.92;296.4;66.83;310.4;0.0;118.36;0.0;0.0
2021;265;365;beauce_5_sa_019;orgeh;orgeH_tousSols_nonirr_organique;45.61;0.53;138.93;5.23;0.0;41.75;300.76;69.17;310.4;66.83;310.4;98.99;199.07;0.0;823.18
2021;1;178;beauce_5_sa_020;orgeh;orgeH_tousSols_nonirr_organique;173.87;24.57;181.77;32.36;0.0;310.4;248.32;148.29;309.05;56.91;310.4;99.44;356.26;0.0;1802.1
2021;179;309;beauce_5_sa_020;solnu;;153.34;0.0;67.62;36.47;0.11;148.29;269.08;56.18;309.67;56.91;310.4;0.0;222.98;0.0;0.0
2021;310;365;beauce_5_sa_020;orgeh;orgeH_tousSols_nonirr_organique;19.41;0.0;119.3;0.88;0.0;56.91;282.81;56.91;310.4;56.91;310.4;98.21;138.17;0.0;281.2
2021;1;182;beauce_5_sa_021;orgeh;orgeH_tousSols_nonirr_organique;183.21;19.78;184.15;34.83;0.0;310.4;248.32;153.51;303.32;56.91;310.4;99.45;368.77;0.0;2056.39
2021;183;290;beauce_5_sa_021;solnu;;135.15;0.0;52.55;35.32;0.11;153.51;229.15;48.96;302.45;56.91;310.4;0.0;175.94;0.0;0.0
2021;291;365;beauce_5_sa_021;orgeh;orgeH_tousSols_nonirr_organique;30.21;0.03;134.8;2.7;0.0;48.74;287.25;56.91;310.4;56.91;310.4;98.67;172.7;0.0;465.03
2021;1;188;beauce_5_sa_022;orgeh;orgeH_tousSols_nonirr_organique;182.85;25.25;203.64;34.15;0.0;310.4;248.32;170.72;310.4;56.91;310.4;99.47;390.06;0.0;2243.68
2021;189;282;beauce_5_sa_022;solnu;;110.91;0.0;39.2;20.97;0.11;170.72;218.0;44.05;297.54;56.91;310.4;0.0;136.46;0.0;0.0
2021;283;365;beauce_5_sa_022;orgeh;orgeH_tousSols_nonirr_organique;36.97;0.03;141.03;3.71;0.0;43.53;288.81;56.91;310.4;56.91;310.4;98.79;190.89;0.0;557.21
2021;1;222;beauce_5_sa_023;orgeh;orgeH_tousSols_nonirr_organique;216.45;35.57;212.27;41.65;0.0;310.4;248.32;207.43;304.81;56.91;310.4;99.55;436.1;0.0;2982.74
2021;223;272;beauce_5_sa_023;solnu;;58.88;0.0;37.87;14.79;0.11;207.43;217.53;42.42;295.9;56.91;310.4;0.0;87.96;0.0;0.0
2021;273;365;beauce_5_sa_023;orgeh;orgeH_tousSols_nonirr_organique;40.8;0.29;137.76;3.8;0.0;41.44;309.29;56.91;310.4;56.91;310.4;98.89;193.35;0.0;709.19
2021;1;176;beauce_5_sa_024;orgeh;orgeH_tousSols_nonirr_organique;157.46;27.48;189.81;29.28;0.0;310.4;248.32;166.82;310.4;56.91;310.4;99.43;353.6;0.0;2170.07
2021;177;271;beauce_5_sa_024;solnu;;129.92;0.0;51.72;26.75;0.11;166.82;218.19;47.06;300.55;56.91;310.4;0.0;170.45;0.0;0.0
2021;272;365;beauce_5_sa_024;orgeh;orgeH_tousSols_nonirr_organique;41.75;0.07;141.67;3.87;0.0;46.38;296.08;58.42;310.4;56.91;310.4;98.93;193.35;0.0;723.78
2021;1;181;beauce_5_sa_025;orgeh;orgeH_tousSols_nonirr_organique;170.84;20.24;194.37;31.44;0.0;310.4;248.32;174.35;303.8;70.4;310.4;99.45;357.48;0.0;2403.01
2021;182;262;beauce_5_sa_025;solnu;;115.13;0.0;52.93;26.88;0.11;174.35;226.03;44.22;297.7;70.4;310.4;0.0;160.86;0.0;0.0
2021;263;365;beauce_5_sa_025;orgeh;orgeH_tousSols_nonirr_organique;46.12;0.72;139.53;5.21;0.0;43.57;303.71;73.27;310.4;70.4;310.4;99.01;199.07;0.0;856.42
2021;1;183;beauce_5_sa_026;orgeh;orgeH_tousSols_nonirr_organique;182.4;24.97;183.99;34.67;0.0;310.4;248.32;153.08;310.4;56.91;310.4;99.45;380.66;0.0;1863.51
2021;184;315;beauce_5_sa_026;solnu;;149.06;0.0;78.32;36.59;0.11;153.08;276.59;56.38;309.87;56.91;310.4;0.0;215.06;0.0;0.0
2021;316;365;beauce_5_sa_026;orgeh;orgeH_tousSols_nonirr_organique;15.72;0.0;105.43;0.71;0.0;55.83;278.65;56.91;310.4;56.91;310.4;98.0;121.69;0.0;226.53
2021;1;220;beauce_5_sa_027;orgeh;orgeH_tousSols_nonirr_organique;232.9;24.11;203.87;46.35;0.0;310.4;248.32;195.98;308.21;56.91;310.4;99.55;436.1;0.0;2719.41
2021;221;292;beauce_5_sa_027;solnu;;74.63;0.0;40.09;15.83;0.11;195.98;238.6;56.91;310.4;56.91;310.4;0.0;122.49;0.0;0.0
2021;293;365;beauce_5_sa_027;orgeh;orgeH_tousSols_nonirr_organique;29.42;0.0;134.86;1.92;0.0;56.91;290.0;56.91;310.4;56.91;310.4;98.63;158.82;0.0;444.46
2021;1;207;beauce_5_sa_028;orgeh;orgeH_tousSols_nonirr_organique;221.22;21.44;198.5;41.82;0.0;310.4;248.32;170.31;300.96;56.91;310.4;99.52;417.7;0.0;2400.79
2021;208;299;beauce_5_sa_028;solnu;;99.09;0.0;49.03;25.13;0.11;170.31;247.27;53.58;307.07;56.91;310.4;0.0;145.78;0.0;0.0
2021;300;365;beauce_5_sa_028;orgeh;orgeH_tousSols_nonirr_organique;23.83;0.0;126.76;1.29;0.0;53.03;275.62;56.91;310.4;56.91;310.4;98.48;153.92;0.0;369.5
2021;1;184;beauce_5_sa_029;orgeh;orgeH_tousSols_nonirr_organique;171.5;27.64;204.11;31.68;0.0;310.4;248.32;172.84;310.4;56.91;310.4;99.46;380.66;0.0;2274.92
2021;185;274;beauce_5_sa_029;solnu;;115.35;0.0;39.31;21.51;0.11;172.84;220.44;45.52;299.01;56.91;310.4;0.0;143.39;0.0;0.0
2021;275;365;beauce_5_sa_029;orgeh;orgeH_tousSols_nonirr_organique;40.01;0.06;141.89;3.93;0.0;45.09;296.36;56.91;310.4;56.91;310.4;98.9;193.35;0.0;675.96
2021;1;177;beauce_5_sa_030;orgeh;orgeH_tousSols_nonirr_organique;153.27;32.64;191.68;27.54;0.0;310.4;248.32;171.6;309.01;63.65;310.4;99.43;356.26;0.0;2265.9
2021;178;266;beauce_5_sa_030;solnu;;124.66;0.0;52.67;25.56;0.11;171.6;224.15;42.82;296.3;63.65;310.4;0.0;162.85;0.0;0.0
2021;267;365;beauce_5_sa_030;orgeh;orgeH_tousSols_nonirr_organique;43.24;0.33;141.4;4.79;0.0;43.36;299.93;66.27;310.4;63.65;310.4;98.98;198.3;0.0;795.89
2021;1;217;beauce_5_sa_031;orgeh;orgeH_tousSols_nonirr_organique;175.91;59.23;214.88;31.79;0.0;310.4;248.32;208.93;302.92;68.57;310.4;99.54;421.35;0.0;3036.83
2021;218;263;beauce_5_sa_031;solnu;;59.62;0.0;44.22;11.96;0.11;208.93;225.11;43.89;297.38;68.57;310.4;0.0;96.99;0.0;0.0
2021;264;365;beauce_5_sa_031;orgeh;orgeH_tousSols_nonirr_organique;43.73;1.1;141.22;5.06;0.0;43.17;306.13;71.48;310.4;68.57;310.4;99.01;199.07;0.0;835.61
2021;1;197;beauce_5_sa_032;orgeh;orgeH_tousSols_nonirr_organique;206.19;22.24;197.53;38.68;0.0;310.4;248.32;166.15;308.69;56.91;310.4;99.49;404.45;0.0;2135.39
2021;198;309;beauce_5_sa_032;solnu;;119.68;0.0;55.52;30.01;0.11;166.15;269.11;56.18;309.67;56.91;310.4;0.0;174.79;0.0;0.0
2021;310;365;beauce_5_sa_032;orgeh;orgeH_tousSols_nonirr_organique;19.42;0.0;119.29;0.93;0.0;56.91;277.39;56.91;310.4;56.91;310.4;98.21;138.17;0.0;281.2
2021;1;215;beauce_5_sa_033;orgeh;orgeH_tousSols_nonirr_organique;164.86;64.58;219.2;28.39;0.0;310.4;248.32;210.02;302.25;75.55;310.4;99.53;418.38;0.0;3061.8
2021;216;259;beauce_5_sa_033;solnu;;58.3;0.0;44.2;11.15;0.11;210.02;214.22;46.28;299.76;75.55;310.4;0.0;99.96;0.0;0.0
2021;260;365;beauce_5_sa_033;orgeh;orgeH_tousSols_nonirr_organique;45.85;0.94;141.98;5.25;0.0;45.92;310.35;78.93;310.4;75.55;310.4;99.05;199.07;0.0;904.22
2021;1;229;beauce_5_sa_034;orgeh;orgeH_tousSols_nonirr_organique;240.69;25.27;204.63;50.16;0.0;310.4;248.32;197.05;300.0;56.91;310.4;99.56;437.61;0.0;2885.64
2021;230;291;beauce_5_sa_034;solnu;;62.01;0.0;38.15;9.95;0.11;197.05;237.87;53.34;306.83;56.91;310.4;0.0;115.52;0.0;0.0
2021;292;365;beauce_5_sa_034;orgeh;orgeH_tousSols_nonirr_organique;30.05;0.0;139.08;2.61;0.0;56.91;307.67;56.91;310.4;56.91;310.4;98.65;164.28;0.0;452.16
2021;1;225;beauce_5_sa_035;orgeh;orgeH_tousSols_nonirr_organique;243.44;18.2;205.82;49.91;0.0;310.4;248.32;198.79;303.12;56.91;310.4;99.56;437.61;0.0;2879.29
2021;226;285;beauce_5_sa_035;solnu;;64.49;0.0;36.93;18.56;0.11;198.79;222.57;45.02;298.51;56.91;310.4;0.0;97.97;0.0;0.0
2021;286;365;beauce_5_sa_035;orgeh;orgeH_tousSols_nonirr_organique;35.86;0.05;135.09;3.06;0.0;44.41;305.74;56.91;310.4;56.91;310.4;98.75;181.83;0.0;520.29
2021;1;174;beauce_5_sa_036;orgeh;orgeH_tousSols_nonirr_organique;165.36;25.72;170.14;31.78;0.0;310.4;248.32;142.77;307.91;56.91;310.4;99.42;339.98;0.0;1723.61
2021;175;311;beauce_5_sa_036;solnu;;164.93;0.0;77.11;42.58;0.11;142.77;270.93;56.91;310.4;56.91;310.4;0.0;241.78;0.0;0.0
2021;312;365;beauce_5_sa_036;orgeh;orgeH_tousSols_nonirr_organique;18.35;0.0;118.27;0.83;0.0;56.9;287.88;56.91;310.4;56.91;310.4;98.15;135.65;0.0;261.08
2021;1;197;beauce_5_sa_037;orgeh;orgeH_tousSols_nonirr_organique;206.7;21.72;197.61;38.8;0.0;310.4;248.32;164.87;308.62;56.91;310.4;99.49;404.45;0.0;2109.65
2021;198;313;beauce_5_sa_037;solnu;;122.39;0.0;58.32;30.09;0.11;164.87;277.32;56.91;310.4;56.91;310.4;0.0;191.27;0.0;0.0
2021;314;365;beauce_5_sa_037;orgeh;orgeH_tousSols_nonirr_organique;16.71;0.0;116.41;0.8;0.0;56.91;276.66;56.91;310.4;56.91;310.4;98.08;121.69;0.0;239.91
2021;1;220;beauce_5_sa_038;orgeh;orgeH_tousSols_nonirr_organique;231.18;21.79;207.95;46.0;0.0;310.4;248.32;204.13;308.16;56.91;310.4;99.55;436.1;0.0;2886.75
2021;221;277;beauce_5_sa_038;solnu;;64.23;0.0;38.04;13.69;0.11;204.13;219.19;40.25;293.73;56.91;310.4;0.0;87.96;0.0;0.0
2021;278;365;beauce_5_sa_038;orgeh;orgeH_tousSols_nonirr_organique;38.97;0.01;137.7;3.82;0.0;39.77;297.48;56.91;310.4;56.91;310.4;98.85;193.35;0.0;634.75
2021;1;202;beauce_5_sa_039;orgeh;orgeH_tousSols_nonirr_organique;213.29;18.4;202.83;39.4;0.0;310.4;248.32;179.95;306.59;56.91;310.4;99.5;408.12;0.0;2477.98
2021;203;282;beauce_5_sa_039;solnu;;92.34;0.0;41.08;23.34;0.11;179.95;218.01;37.97;291.46;56.91;310.4;0.0;118.4;0.0;0.0
2021;283;365;beauce_5_sa_039;orgeh;orgeH_tousSols_nonirr_organique;37.1;0.08;134.77;3.68;0.0;37.34;282.92;56.91;310.4;56.91;310.4;98.77;190.89;0.0;557.21
2021;1;182;beauce_5_sa_040;orgeh;orgeH_tousSols_nonirr_organique;180.59;26.18;181.85;33.87;0.0;310.4;248.32;145.54;301.84;56.91;310.4;99.45;368.77;0.0;1880.56
2021;183;308;beauce_5_sa_040;solnu;;145.73;0.0;66.08;37.05;0.11;145.54;269.64;56.91;310.4;56.91;310.4;0.0;209.2;0.0;0.0
2021;309;365;beauce_5_sa_040;orgeh;orgeH_tousSols_nonirr_organique;20.14;0.0;119.3;0.85;0.0;56.18;282.52;56.91;310.4;56.91;310.4;98.25;139.44;0.0;291.18
2021;1;188;beauce_5_sa_041;orgeh;orgeH_tousSols_nonirr_organique;180.91;19.85;210.98;33.95;0.0;310.4;248.32;187.0;310.4;68.57;310.4;99.47;390.06;0.0;2512.45
2021;189;263;beauce_5_sa_041;solnu;;103.17;0.0;39.2;23.08;0.11;187.0;225.02;43.62;297.1;68.57;310.4;0.0;128.28;0.0;0.0
2021;264;365;beauce_5_sa_041;orgeh;orgeH_tousSols_nonirr_organique;45.88;0.63;139.26;5.23;0.0;42.88;302.0;71.48;310.4;68.57;310.4;99.0;199.07;0.0;835.61
2021;1;184;beauce_5_sa_042;orgeh;orgeH_tousSols_nonirr_organique;185.21;22.63;195.41;35.26;0.0;310.4;248.32;153.82;310.4;56.91;310.4;99.46;380.66;0.0;1875.57
2021;185;316;beauce_5_sa_042;solnu;;148.34;0.0;67.69;37.22;0.11;153.82;278.98;55.83;309.31;56.91;310.4;0.0;226.24;0.0;0.0
2021;317;365;beauce_5_sa_042;orgeh;orgeH_tousSols_nonirr_organique;15.17;0.0;105.43;0.78;0.0;56.91;283.62;56.91;310.4;56.91;310.4;97.96;110.51;0.0;216.35
2021;1;173;beauce_5_sa_043;orgeh;orgeH_tousSols_nonirr_organique;161.92;25.32;172.59;30.51;0.0;310.4;248.32;146.12;303.06;56.91;310.4;99.42;336.15;0.0;1921.62
2021;174;288;beauce_5_sa_043;solnu;;144.51;0.0;63.7;29.63;0.11;146.12;221.57;55.76;309.25;56.91;310.4;0.0;208.26;0.0;0.0
2021;289;365;beauce_5_sa_043;orgeh;orgeH_tousSols_nonirr_organique;32.15;0.07;139.63;2.47;0.0;54.74;291.31;56.91;310.4;56.91;310.4;98.7;173.0;0.0;486.5
2021;1;196;beauce_5_sa_044;orgeh;orgeH_tousSols_nonirr_organique;203.79;19.58;201.12;38.62;0.0;310.4;248.32;172.83;308.48;56.91;310.4;99.49;401.67;0.0;2311.85
2021;197;289;beauce_5_sa_044;solnu;;108.93;0.0;40.11;26.89;0.11;172.83;221.25;50.27;303.76;56.91;310.4;0.0;142.74;0.0;0.0
2021;290;365;beauce_5_sa_044;orgeh;orgeH_tousSols_nonirr_organique;31.43;0.03;134.89;2.6;0.0;49.11;283.22;56.91;310.4;56.91;310.4;98.68;173.0;0.0;479.74
2021;1;197;beauce_5_sa_045;orgeh;orgeH_tousSols_nonirr_organique;204.46;24.88;196.66;38.12;0.0;310.4;248.32;164.25;308.65;56.91;310.4;99.49;404.45;0.0;2096.15
2021;198;316;beauce_5_sa_045;solnu;;122.93;0.0;70.35;27.49;0.11;164.25;278.91;55.83;309.31;56.91;310.4;0.0;202.45;0.0;0.0
2021;317;365;beauce_5_sa_045;orgeh;orgeH_tousSols_nonirr_organique;15.17;0.0;105.43;0.73;0.0;56.91;276.3;56.91;310.4;56.91;310.4;97.96;110.51;0.0;216.35
2021;1;227;beauce_5_sa_046;orgeh;orgeH_tousSols_nonirr_organique;244.74;21.59;202.72;50.66;0.0;310.4;248.32;191.31;301.53;56.91;310.4;99.56;437.61;0.0;2772.12
2021;228;299;beauce_5_sa_046;solnu;;75.3;0.0;44.93;19.84;0.11;191.31;247.27;53.58;307.07;56.91;310.4;0.0;125.87;0.0;0.0
2021;300;365;beauce_5_sa_046;orgeh;orgeH_tousSols_nonirr_organique;23.86;0.0;126.73;1.29;0.0;53.03;301.16;56.91;310.4;56.91;310.4;98.48;153.92;0.0;369.5
2021;1;192;beauce_5_sa_047;orgeh;orgeH_tousSols_nonirr_organique;197.98;17.97;202.93;37.47;0.0;310.4;248.32;169.32;304.92;56.91;310.4;99.48;393.7;0.0;2313.39
2021;193;282;beauce_5_sa_047;solnu;;109.45;0.0;39.69;27.59;0.11;169.32;218.01;37.88;291.36;56.91;310.4;0.0;132.82;0.0;0.0
2021;283;365;beauce_5_sa_047;orgeh;orgeH_tousSols_nonirr_organique;37.1;0.08;134.67;3.68;0.0;37.25;291.38;56.91;310.4;56.91;310.4;98.77;190.89;0.0;557.21
2021;1;217;beauce_5_sa_048;orgeh;orgeH_tousSols_nonirr_organique;232.78;21.32;198.93;46.77;0.0;310.4;248.32;182.43;299.87;56.91;310.4;99.54;421.35;0.0;2629.04
2021;218;296;beauce_5_sa_048;solnu;;84.87;0.0;49.2;22.41;0.11;182.43;240.59;55.52;309.0;56.91;310.4;0.0;142.13;0.0;0.0
2021;297;365;beauce_5_sa_048;orgeh;orgeH_tousSols_nonirr_organique;25.62;0.0;127.15;1.19;0.0;54.91;286.92;56.91;310.4;56.91;310.4;98.55;153.92;0.0;400.33
2021;1;189;beauce_5_sa_049;orgeh;orgeH_tousSols_nonirr_organique;193.23;23.55;197.83;36.15;0.0;310.4;248.32;159.27;308.42;56.91;310.4;99.47;390.06;0.0;2069.6
2021;190;301;beauce_5_sa_049;solnu;;127.46;0.0;48.14;29.5;0.11;159.27;248.85;52.73;306.22;56.91;310.4;0.0;173.5;0.0;0.0
2021;302;365;beauce_5_sa_049;orgeh;orgeH_tousSols_nonirr_organique;22.71;0.0;126.95;1.14;0.0;52.35;281.03;56.91;310.4;56.91;310.4;98.44;153.84;0.0;355.08
2021;1;207;beauce_5_sa_050;orgeh;orgeH_tousSols_nonirr_organique;221.24;21.22;198.72;41.83;0.0;310.4;248.32;171.27;300.94;56.91;310.4;99.52;417.7;0.0;2411.62
2021;208;298;beauce_5_sa_050;solnu;;98.37;0.0;49.02;24.89;0.11;171.27;239.9;54.3;307.78;56.91;310.4;0.0;145.78;0.0;0.0
2021;299;365;beauce_5_sa_050;orgeh;orgeH_tousSols_nonirr_organique;24.41;0.0;126.89;1.25;0.0;53.58;276.17;56.91;310.4;56.91;310.4;98.51;153.92;0.0;380.32
2021;1;174;beauce_5_sa_051;orgeh;orgeH_tousSols_nonirr_organique;165.04;21.51;173.29;31.92;0.0;310.4;248.32;158.58;309.29;56.91;310.4;99.43;339.98;0.0;2025.67
2021;175;280;beauce_5_sa_051;solnu;;142.77;0.0;63.03;34.64;0.11;158.58;219.24;40.26;293.75;56.91;310.4;0.0;186.54;0.0;0.0
2021;281;365;beauce_5_sa_051;orgeh;orgeH_tousSols_nonirr_organique;37.03;0.18;137.03;3.41;0.0;39.84;292.47;56.91;310.4;56.91;310.4;98.81;190.89;0.0;587.25
2021;1;215;beauce_5_sa_052;orgeh;orgeH_tousSols_nonirr_organique;232.04;19.09;201.21;45.81;0.0;310.4;248.32;182.77;298.51;56.91;310.4;99.53;418.38;0.0;2662.59
2021;216;289;beauce_5_sa_052;solnu;;79.98;0.0;41.06;21.83;0.11;182.77;221.25;50.41;303.9;56.91;310.4;0.0;126.03;0.0;0.0
2021;290;365;beauce_5_sa_052;orgeh;orgeH_tousSols_nonirr_organique;31.49;0.02;134.98;2.61;0.0;49.25;292.72;56.91;310.4;56.91;310.4;98.68;173.0;0.0;479.74
2021;1;230;beauce_5_sa_053;orgeh;orgeH_tousSols_nonirr_organique;218.99;34.24;217.69;44.79;0.0;310.4;248.32;216.8;299.69;66.83;310.4;99.57;444.39;0.0;3243.91
2021;231;264;beauce_5_sa_053;solnu;;43.96;0.0;36.76;4.95;0.11;216.8;227.07;46.11;299.6;66.83;310.4;0.0;73.94;0.0;0.0
2021;265;365;beauce_5_sa_053;orgeh;orgeH_tousSols_nonirr_organique;45.45;0.12;142.69;5.25;0.0;45.26;310.4;69.17;310.4;66.83;310.4;99.01;199.07;0.0;823.18
2021;1;185;beauce_5_sa_054;orgeh;orgeH_tousSols_nonirr_organique;180.4;25.27;199.99;33.32;0.0;310.4;248.32;163.88;307.98;56.91;310.4;99.46;380.88;0.0;2152.97
2021;186;286;beauce_5_sa_054;solnu;;117.16;0.0;40.73;20.53;0.11;163.88;221.89;51.41;304.9;56.91;310.4;0.0;163.53;0.0;0.0
2021;287;365;beauce_5_sa_054;orgeh;orgeH_tousSols_nonirr_organique;34.41;0.01;141.91;3.07;0.0;56.91;289.59;56.91;310.4;56.91;310.4;98.73;173.0;0.0;508.55
2021;1;180;beauce_5_sa_055;orgeh;orgeH_tousSols_nonirr_organique;142.17;47.51;193.48;23.91;0.0;310.4;248.32;176.96;306.11;72.32;310.4;99.44;356.26;0.0;2404.43
2021;181;261;beauce_5_sa_055;solnu;;114.77;0.0;53.76;23.31;0.11;176.96;227.97;46.07;299.56;72.32;310.4;0.0;162.08;0.0;0.0
2021;262;365;beauce_5_sa_055;orgeh;orgeH_tousSols_nonirr_organique;45.57;0.29;142.37;4.91;0.0;45.84;306.42;75.3;310.4;72.32;310.4;99.04;199.07;0.0;872.56
2021;1;187;beauce_5_sa_056;orgeh;orgeH_tousSols_nonirr_organique;181.73;19.84;207.64;33.72;0.0;310.4;248.32;178.07;304.66;64.96;310.4;99.47;389.15;0.0;2464.71
2021;188;265;beauce_5_sa_056;solnu;;105.63;0.0;41.18;24.13;0.11;178.07;226.16;41.71;295.19;64.96;310.4;0.0;129.18;0.0;0.0
2021;266;365;beauce_5_sa_056;orgeh;orgeH_tousSols_nonirr_organique;44.99;0.49;138.38;5.23;0.0;41.24;302.34;67.79;310.4;64.96;310.4;98.98;199.07;0.0;809.58
2021;1;180;beauce_5_sa_057;orgeh;orgeH_tousSols_nonirr_organique;179.87;23.68;182.05;33.29;0.0;310.4;248.32;145.25;303.64;56.91;310.4;99.44;356.26;0.0;1850.11
2021;181;308;beauce_5_sa_057;solnu;;148.55;0.0;66.28;38.89;0.11;145.25;269.73;56.91;310.4;56.91;310.4;0.0;221.7;0.0;0.0
2021;309;365;beauce_5_sa_057;orgeh;orgeH_tousSols_nonirr_organique;20.14;0.0;119.3;0.85;0.0;56.18;288.86;56.91;310.4;56.91;310.4;98.25;139.44;0.0;291.18
2021;1;182;beauce_5_sa_058;orgeh;orgeH_tousSols_nonirr_organique;179.38;17.24;190.16;33.9;0.0;310.4;248.32;168.93;303.68;57.76;310.4;99.45;368.77;0.0;2308.76
2021;183;269;beauce_5_sa_058;solnu;;118.49;0.0;52.92;30.55;0.11;168.93;220.75;40.3;293.79;57.76;310.4;0.0;155.29;0.0;0.0
2021;270;365;beauce_5_sa_058;orgeh;orgeH_tousSols_nonirr_organique;44.7;0.34;136.65;4.81;0.0;44.29;299.2;61.37;310.4;57.76;310.4;98.91;193.35;0.0;750.66
2021;1;183;beauce_5_sa_059;orgeh;orgeH_tousSols_nonirr_organique;144.87;46.59;199.91;25.23;0.0;310.4;248.32;184.64;310.4;73.73;310.4;99.45;380.66;0.0;2474.16
2021;184;260;beauce_5_sa_059;solnu;;110.23;0.0;49.1;22.78;0.11;184.64;213.56;47.04;300.53;73.73;310.4;0.0;137.67;0.0;0.0
2021;261;365;beauce_5_sa_059;orgeh;orgeH_tousSols_nonirr_organique;46.01;0.35;142.83;4.9;0.0;46.37;300.55;76.79;310.4;73.73;310.4;99.05;199.07;0.0;890.78
2021;1;226;beauce_5_sa_060;orgeh;orgeH_tousSols_nonirr_organique;220.28;33.92;213.9;43.74;0.0;310.4;248.32;211.41;302.51;57.76;310.4;99.56;437.61;0.0;3097.39
2021;227;269;beauce_5_sa_060;solnu;;52.47;0.0;37.06;13.72;0.11;211.41;220.56;40.88;294.36;57.76;310.4;0.0;86.45;0.0;0.0
2021;270;365;beauce_5_sa_060;orgeh;orgeH_tousSols_nonirr_organique;45.0;0.1;137.16;4.9;0.0;44.9;307.89;61.37;310.4;57.76;310.4;98.92;193.35;0.0;750.66
2021;1;212;beauce_5_sa_061;orgeh;orgeH_tousSols_nonirr_organique;227.52;24.09;197.63;43.18;0.0;310.4;248.32;175.48;301.6;56.91;310.4;99.53;417.87;0.0;2479.13
2021;213;301;beauce_5_sa_061;solnu;;90.81;0.0;50.18;22.55;0.11;175.48;248.73;52.71;306.2;56.91;310.4;0.0;145.7;0.0;0.0
2021;302;365;beauce_5_sa_061;orgeh;orgeH_tousSols_nonirr_organique;22.82;0.0;126.82;1.18;0.0;52.31;286.93;56.91;310.4;56.91;310.4;98.44;153.84;0.0;355.08
2021;1;188;beauce_5_sa_062;orgeh;orgeH_tousSols_nonirr_organique;186.23;26.94;198.57;34.88;0.0;310.4;248.32;163.43;310.4;56.91;310.4;99.47;390.06;0.0;2094.84
2021;189;297;beauce_5_sa_062;solnu;;124.64;0.0;51.58;24.66;0.11;163.43;240.02;54.91;308.4;56.91;310.4;0.0;173.42;0.0;0.0
2021;298;365;beauce_5_sa_062;orgeh;orgeH_tousSols_nonirr_organique;24.87;0.0;127.05;1.15;0.0;54.3;283.56;56.91;310.4;56.91;310.4;98.53;153.92;0.0;388.6
2021;1;217;beauce_5_sa_063;orgeh;orgeH_tousSols_nonirr_organique;227.56;22.4;203.34;45.39;0.0;310.4;248.32;192.52;299.61;56.91;310.4;99.54;421.35;0.0;2812.27
2021;218;279;beauce_5_sa_063;solnu;;69.34;0.0;40.93;16.19;0.11;192.52;218.29;40.57;294.06;56.91;310.4;0.0;105.17;0.0;0.0
2021;280;365;beauce_5_sa_063;orgeh;orgeH_tousSols_nonirr_organique;38.34;0.01;137.96;3.76;0.0;42.06;293.82;56.91;310.4;56.91;310.4;98.83;190.89;0.0;604.68
2021;1;176;beauce_5_sa_064;orgeh;orgeH_tousSols_nonirr_organique;165.62;25.38;183.73;31.19;0.0;310.4;248.32;152.79;310.4;56.91;310.4;99.43;353.6;0.0;1919.23
2021;177;293;beauce_5_sa_064;solnu;;143.18;0.0;63.14;28.12;0.11;152.79;237.52;56.91;310.4;56.91;310.4;0.0;208.59;0.0;0.0
2021;294;365;beauce_5_sa_064;orgeh;orgeH_tousSols_nonirr_organique;28.16;0.01;130.65;1.47;0.0;56.91;287.54;56.91;310.4;56.91;310.4;98.61;155.22;0.0;431.38
2021;1;190;beauce_5_sa_065;orgeh;orgeH_tousSols_nonirr_organique;196.56;21.95;197.8;36.85;0.0;310.4;248.32;158.73;306.73;56.91;310.4;99.47;390.81;0.0;2046.72
2021;191;306;beauce_5_sa_065;solnu;;127.86;0.0;48.03;32.0;0.11;158.73;269.04;51.97;305.45;56.91;310.4;0.0;174.53;0.0;0.0
2021;307;365;beauce_5_sa_065;orgeh;orgeH_tousSols_nonirr_organique;21.62;0.0;126.06;1.17;0.0;51.96;278.89;56.91;310.4;56.91;310.4;98.31;152.06;0.0;310.39
2021;1;215;beauce_5_sa_066;orgeh;orgeH_tousSols_nonirr_organique;232.95;21.38;197.65;45.86;0.0;310.4;248.32;173.52;298.86;56.91;310.4;99.53;418.38;0.0;2432.61
2021;216;316;beauce_5_sa_066;solnu;;97.29;0.0;70.01;25.67;0.11;173.52;278.98;55.83;309.31;56.91;310.4;0.0;188.52;0.0;0.0
2021;317;365;beauce_5_sa_066;orgeh;orgeH_tousSols_nonirr_organique;15.17;0.0;105.42;0.78;0.0;56.91;286.39;56.91;310.4;56.91;310.4;97.96;110.51;0.0;216.35
2021;1;226;beauce_5_sa_067;orgeh;orgeH_tousSols_nonirr_organique;243.59;16.43;208.65;50.21;0.0;310.4;248.32;207.1;301.92;56.91;310.4;99.56;437.61;0.0;3039.73
2021;227;273;beauce_5_sa_067;solnu;;56.62;0.0;36.71;14.9;0.11;207.1;221.57;41.44;294.93;56.91;310.4;0.0;86.45;0.0;0.0
2021;274;365;beauce_5_sa_067;orgeh;orgeH_tousSols_nonirr_organique;41.0;0.19;136.69;3.92;0.0;40.65;305.66;56.91;310.4;56.91;310.4;98.88;193.35;0.0;694.43
2021;1;193;beauce_5_sa_068;orgeh;orgeH_tousSols_nonirr_organique;196.78;22.88;199.95;37.21;0.0;310.4;248.32;168.25;307.06;56.91;310.4;99.48;393.7;0.0;2243.91
2021;194;291;beauce_5_sa_068;solnu;;116.16;0.0;39.42;27.69;0.11;168.25;238.09;48.91;302.39;56.91;310.4;0.0;159.43;0.0;0.0
2021;292;365;beauce_5_sa_068;orgeh;orgeH_tousSols_nonirr_organique;29.81;0.02;134.86;2.53;0.0;56.89;286.05;56.91;310.4;56.91;310.4;98.65;164.28;0.0;452.16
2021;1;189;beauce_5_sa_069;orgeh;orgeH_tousSols_nonirr_organique;192.39;24.6;197.62;35.91;0.0;310.4;248.32;159.28;308.43;56.91;310.4;99.47;390.06;0.0;2069.6
2021;190;301;beauce_5_sa_069;solnu;;127.52;0.0;48.12;29.64;0.11;159.28;248.7;52.69;306.18;56.91;310.4;0.0;173.5;0.0;0.0
2021;302;365;beauce_5_sa_069;orgeh;orgeH_tousSols_nonirr_organique;22.84;0.0;126.78;1.21;0.0;52.29;281.16;56.91;310.4;56.91;310.4;98.44;153.84;0.0;355.08
2021;1;192;beauce_5_sa_070;orgeh;orgeH_tousSols_nonirr_organique;151.21;53.87;212.45;25.49;0.0;310.4;248.32;187.87;306.29;70.4;310.4;99.48;393.7;0.0;2597.77
2021;193;262;beauce_5_sa_070;solnu;;95.47;0.0;40.1;19.44;0.11;187.87;225.89;44.65;298.14;70.4;310.4;0.0;124.64;0.0;0.0
2021;263;365;beauce_5_sa_070;orgeh;orgeH_tousSols_nonirr_organique;45.22;0.58;141.0;5.2;0.0;44.02;304.59;73.27;310.4;70.4;310.4;99.02;199.07;0.0;856.42
2021;1;190;beauce_5_sa_071;orgeh;orgeH_tousSols_nonirr_organique;167.52;31.59;216.78;29.63;0.0;310.4;248.32;191.13;307.17;80.34;310.4;99.47;390.81;0.0;2651.21
2021;191;256;beauce_5_sa_071;solnu;;91.43;0.0;40.26;17.56;0.11;191.13;215.57;47.49;300.97;80.34;310.4;0.0;127.18;0.0;0.0
2021;257;365;beauce_5_sa_071;orgeh;orgeH_tousSols_nonirr_organique;50.35;1.2;140.78;6.11;0.0;48.85;301.64;84.87;310.4;80.34;310.4;99.07;199.41;0.0;956.44
2021;1;176;beauce_5_sa_072;orgeh;orgeH_tousSols_nonirr_organique;170.9;18.88;184.95;32.92;0.0;310.4;248.32;157.16;310.4;56.91;310.4;99.43;353.6;0.0;1999.38
2021;177;285;beauce_5_sa_072;solnu;;142.99;0.0;51.72;37.66;0.11;157.16;222.57;44.46;297.95;56.91;310.4;0.0;181.98;0.0;0.0
2021;286;365;beauce_5_sa_072;orgeh;orgeH_tousSols_nonirr_organique;35.5;0.08;134.85;3.02;0.0;43.85;290.67;56.91;310.4;56.91;310.4;98.75;181.83;0.0;520.29
2021;1;196;beauce_5_sa_073;orgeh;orgeH_tousSols_nonirr_organique;203.02;19.33;202.15;38.44;0.0;310.4;248.32;176.02;308.47;56.91;310.4;99.49;401.67;0.0;2360.63
2021;197;284;beauce_5_sa_073;solnu;;104.41;0.0;40.1;26.68;0.11;176.02;220.39;38.43;291.91;56.91;310.4;0.0;132.85;0.0;0.0
2021;285;365;beauce_5_sa_073;orgeh;orgeH_tousSols_nonirr_organique;36.11;0.06;134.7;3.5;0.0;44.65;285.3;56.91;310.4;56.91;310.4;98.76;182.88;0.0;529.59
2021;1;208;beauce_5_sa_074;orgeh;orgeH_tousSols_nonirr_organique;221.63;22.43;197.7;42.3;0.0;310.4;248.32;178.4;308.93;56.91;310.4;99.52;417.7;0.0;2361.02
2021;209;306;beauce_5_sa_074;solnu;;100.83;0.0;49.33;25.43;0.11;178.4;269.03;52.25;305.74;56.91;310.4;0.0;147.65;0.0;0.0
2021;307;365;beauce_5_sa_074;orgeh;orgeH_tousSols_nonirr_organique;21.23;0.0;126.73;0.99;0.0;52.39;273.89;56.91;310.4;56.91;310.4;98.31;152.06;0.0;310.39
2021;1;210;beauce_5_sa_075;orgeh;orgeH_tousSols_nonirr_organique;221.74;24.21;201.82;40.99;0.0;310.4;248.32;183.18;302.9;56.91;310.4;99.52;417.7;0.0;2597.17
2021;211;285;beauce_5_sa_075;solnu;;74.0;0.0;42.08;13.83;0.11;183.18;222.37;50.05;303.53;56.91;310.4;0.0;117.88;0.0;0.0
2021;286;365;beauce_5_sa_075;orgeh;orgeH_tousSols_nonirr_organique;36.15;0.01;139.86;3.13;0.0;49.44;296.95;56.91;310.4;56.91;310.4;98.75;181.83;0.0;520.29
2021;1;213;beauce_5_sa_076;orgeh;orgeH_tousSols_nonirr_organique;230.31;21.94;198.21;44.31;0.0;310.4;248.32;175.42;300.39;56.91;310.4;99.53;417.87;0.0;2500.5
2021;214;301;beauce_5_sa_076;solnu;;89.86;0.0;49.89;22.66;0.11;175.42;248.78;52.74;306.23;56.91;310.4;0.0;145.7;0.0;0.0
2021;302;365;beauce_5_sa_076;orgeh;orgeH_tousSols_nonirr_organique;22.56;0.0;127.11;1.02;0.0;52.38;286.13;56.91;310.4;56.91;310.4;98.44;153.84;0.0;355.08
2021;1;221;beauce_5_sa_077;orgeh;orgeH_tousSols_nonirr_organique;229.98;17.95;214.61;45.78;0.0;310.4;248.32;217.09;306.54;70.4;310.4;99.55;436.1;0.0;3120.03
2021;222;262;beauce_5_sa_077;solnu;;52.77;0.0;37.89;10.69;0.11;217.09;226.03;44.53;298.01;70.4;310.4;0.0;82.24;0.0;0.0
2021;263;365;beauce_5_sa_077;orgeh;orgeH_tousSols_nonirr_organique;46.53;0.59;139.56;5.27;0.0;43.89;309.51;73.27;310.4;70.4;310.4;99.02;199.07;0.0;856.42
2021;1;229;beauce_5_sa_078;orgeh;orgeH_tousSols_nonirr_organique;246.65;17.92;206.2;52.13;0.0;310.4;248.32;201.21;299.82;56.91;310.4;99.56;437.61;0.0;2965.71
2021;230;283;beauce_5_sa_078;solnu;;61.38;0.0;36.11;18.08;0.11;201.21;221.08;37.65;291.14;56.91;310.4;0.0;90.44;0.0;0.0
2021;284;365;beauce_5_sa_078;orgeh;orgeH_tousSols_nonirr_organique;36.53;0.07;135.03;3.72;0.0;38.8;309.17;56.91;310.4;56.91;310.4;98.76;189.36;0.0;544.68
2021;1;224;beauce_5_sa_079;orgeh;orgeH_tousSols_nonirr_organique;242.22;15.21;209.18;49.49;0.0;310.4;248.32;208.44;303.98;56.91;310.4;99.55;437.61;0.0;3032.52
2021;225;271;beauce_5_sa_079;solnu;;56.57;0.0;37.01;14.7;0.11;208.44;218.32;43.24;296.73;56.91;310.4;0.0;86.45;0.0;0.0
2021;272;365;beauce_5_sa_079;orgeh;orgeH_tousSols_nonirr_organique;42.28;0.25;137.15;3.78;0.0;42.4;307.83;58.42;310.4;56.91;310.4;98.9;193.35;0.0;723.78
2021;1;222;beauce_5_sa_080;orgeh;orgeH_tousSols_nonirr_organique;191.74;50.14;221.74;35.25;0.0;310.4;248.32;217.22;305.5;70.4;310.4;99.55;436.1;0.0;3137.57
2021;223;262;beauce_5_sa_080;solnu;;51.55;0.0;38.06;10.64;0.11;217.22;225.94;44.54;298.03;70.4;310.4;0.0;82.24;0.0;0.0
2021;263;365;beauce_5_sa_080;orgeh;orgeH_tousSols_nonirr_organique;45.68;0.43;140.58;5.24;0.0;43.91;310.4;73.27;310.4;70.4;310.4;99.02;199.07;0.0;856.42
2021;1;220;beauce_5_sa_081;orgeh;orgeH_tousSols_nonirr_organique;215.06;27.37;218.33;41.92;0.0;310.4;248.32;219.36;308.33;73.73;310.4;99.55;436.1;0.0;3137.59
2021;221;260;beauce_5_sa_081;solnu;;52.25;0.0;38.06;7.63;0.11;219.36;213.57;46.66;300.15;73.73;310.4;0.0;82.24;0.0;0.0
2021;261;365;beauce_5_sa_081;orgeh;orgeH_tousSols_nonirr_organique;46.87;0.16;141.79;4.95;0.0;45.96;309.29;76.79;310.4;73.73;310.4;99.04;199.07;0.0;890.78
2021;1;184;beauce_5_sa_082;orgeh;orgeH_tousSols_nonirr_organique;181.47;25.24;196.53;34.19;0.0;310.4;248.32;159.37;310.4;56.91;310.4;99.46;380.66;0.0;2044.73
2021;185;295;beauce_5_sa_082;solnu;;133.65;0.0;48.82;30.05;0.11;159.37;240.94;56.91;310.4;56.91;310.4;0.0;182.57;0.0;0.0
2021;296;365;beauce_5_sa_082;orgeh;orgeH_tousSols_nonirr_organique;26.83;0.01;127.33;1.03;0.0;55.52;287.63;56.91;310.4;56.91;310.4;98.57;154.17;0.0;409.08
2021;1;216;beauce_5_sa_083;orgeh;orgeH_tousSols_nonirr_organique;216.81;21.79;213.53;42.45;0.0;310.4;248.32;207.9;299.24;75.55;310.4;99.54;419.93;0.0;3083.08
2021;217;259;beauce_5_sa_083;solnu;;57.7;0.0;41.4;12.1;0.11;207.9;214.36;46.15;299.64;75.55;310.4;0.0;98.41;0.0;0.0
2021;260;365;beauce_5_sa_083;orgeh;orgeH_tousSols_nonirr_organique;47.93;0.77;139.95;5.4;0.0;45.79;309.79;78.93;310.4;75.55;310.4;99.05;199.07;0.0;904.22
2021;1;183;beauce_5_sa_084;orgeh;orgeH_tousSols_nonirr_organique;184.32;21.76;185.27;35.33;0.0;310.4;248.32;156.7;310.4;56.91;310.4;99.45;380.66;0.0;1957.31
2021;184;302;beauce_5_sa_084;solnu;;142.58;0.0;56.84;37.17;0.11;156.7;251.97;52.18;305.66;56.91;310.4;0.0;182.9;0.0;0.0
2021;303;365;beauce_5_sa_084;orgeh;orgeH_tousSols_nonirr_organique;22.75;0.0;126.36;1.32;0.0;51.73;280.78;56.91;310.4;56.91;310.4;98.41;153.84;0.0;348.41
2021;1;185;beauce_5_sa_085;orgeh;orgeH_tousSols_nonirr_organique;186.96;21.75;196.95;35.15;0.0;310.4;248.32;157.85;307.99;56.91;310.4;99.46;380.88;0.0;2061.33
2021;186;295;beauce_5_sa_085;solnu;;131.52;0.0;48.53;31.53;0.11;157.85;240.95;56.91;310.4;56.91;310.4;0.0;182.36;0.0;0.0
2021;296;365;beauce_5_sa_085;orgeh;orgeH_tousSols_nonirr_organique;26.83;0.01;127.33;1.03;0.0;55.52;285.99;56.91;310.4;56.91;310.4;98.57;154.17;0.0;409.08
2021;1;226;beauce_5_sa_086;orgeh;orgeH_tousSols_nonirr_organique;218.34;30.24;219.43;43.35;0.0;310.4;248.32;219.18;302.59;72.32;310.4;99.56;437.61;0.0;3223.5
2021;227;261;beauce_5_sa_086;solnu;;45.51;0.0;37.11;4.97;0.11;219.18;227.88;47.1;300.59;72.32;310.4;0.0;80.73;0.0;0.0
2021;262;365;beauce_5_sa_086;orgeh;orgeH_tousSols_nonirr_organique;46.57;0.11;142.58;5.14;0.0;46.84;306.97;75.3;310.4;72.32;310.4;99.04;199.07;0.0;872.56
2021;1;177;beauce_5_sa_087;orgeh;orgeH_tousSols_nonirr_organique;171.64;24.95;181.33;32.11;0.0;310.4;248.32;145.97;308.66;56.91;310.4;99.43;356.26;0.0;1736.78
2021;178;317;beauce_5_sa_087;solnu;;160.86;0.0;90.6;39.69;0.11;145.97;278.43;56.91;310.4;56.91;310.4;0.0;253.65;0.0;0.0
2021;318;365;beauce_5_sa_087;orgeh;orgeH_tousSols_nonirr_organique;14.96;0.0;95.55;0.55;0.0;56.91;283.89;56.91;310.4;56.91;310.4;97.92;107.49;0.0;209.53
2021;1;176;beauce_5_sa_088;orgeh;orgeH_tousSols_nonirr_organique;167.17;26.19;181.37;31.6;0.0;310.4;248.32;146.67;310.4;56.91;310.4;99.43;353.6;0.0;1748.37
2021;177;312;beauce_5_sa_088;solnu;;161.86;0.0;67.65;39.85;0.11;146.67;269.93;56.9;310.39;56.91;310.4;0.0;230.68;0.0;0.0
2021;313;365;beauce_5_sa_088;orgeh;orgeH_tousSols_nonirr_organique;17.37;0.0;118.26;0.82;0.0;56.91;285.12;56.91;310.4;56.91;310.4;98.11;133.12;0.0;250.29
2021;1;176;beauce_5_sa_089;orgeh;orgeH_tousSols_nonirr_organique;145.53;31.0;198.23;26.52;0.0;310.4;248.32;180.42;310.4;80.34;310.4;99.43;353.6;0.0;2403.05
2021;177;256;beauce_5_sa_089;solnu;;121.17;0.0;51.72;26.54;0.11;180.42;215.57;47.42;300.9;80.34;310.4;0.0;164.4;0.0;0.0
2021;257;365;beauce_5_sa_089;orgeh;orgeH_tousSols_nonirr_organique;49.84;1.36;141.05;6.07;0.0;48.78;302.09;84.87;310.4;80.34;310.4;99.07;199.41;0.0;956.44
2021;1;195;beauce_5_sa_090;orgeh;orgeH_tousSols_nonirr_organique;203.86;21.47;197.6;38.81;0.0;310.4;248.32;162.36;307.32;56.91;310.4;99.49;399.98;0.0;2057.75
2021;196;317;beauce_5_sa_090;solnu;;128.6;0.0;77.84;31.61;0.11;162.36;278.44;56.91;310.4;56.91;310.4;0.0;209.94;0.0;0.0
2021;318;365;beauce_5_sa_090;orgeh;orgeH_tousSols_nonirr_organique;14.96;0.0;95.55;0.55;0.0;56.91;278.01;56.91;310.4;56.91;310.4;97.92;107.49;0.0;209.53
2021;1;192;beauce_5_sa_091;orgeh;orgeH_tousSols_nonirr_organique;174.79;28.78;214.79;31.5;0.0;310.4;248.32;190.51;305.44;77.1;310.4;99.48;393.7;0.0;2660.66
2021;193;258;beauce_5_sa_091;solnu;;92.04;0.0;39.85;18.14;0.11;190.51;215.17;47.14;300.62;77.1;310.4;0.0;124.3;0.0;0.0
2021;259;365;beauce_5_sa_091;orgeh;orgeH_tousSols_nonirr_organique;48.3;0.94;140.4;5.3;0.0;46.05;305.8;80.93;310.4;77.1;310.4;99.06;199.41;0.0;923.45
2021;1;210;beauce_5_sa_092;orgeh;orgeH_tousSols_nonirr_organique;227.77;21.77;198.0;42.65;0.0;310.4;248.32;174.76;303.15;56.91;310.4;99.52;417.7;0.0;2407.54
2021;211;304;beauce_5_sa_092;solnu;;93.64;0.0;50.31;24.66;0.11;174.76;251.07;51.83;305.31;56.91;310.4;0.0;146.23;0.0;0.0
2021;305;365;beauce_5_sa_092;orgeh;orgeH_tousSols_nonirr_organique;22.23;0.0;126.16;1.26;0.0;51.48;290.79;56.91;310.4;56.91;310.4;98.36;153.48;0.0;337.19
2021;1;223;beauce_5_sa_093;orgeh;orgeH_tousSols_nonirr_organique;241.82;16.27;207.62;48.97;0.0;310.4;248.32;202.34;303.37;56.91;310.4;99.55;437.61;0.0;2941.44
2021;224;277;beauce_5_sa_093;solnu;;61.56;0.0;37.37;16.49;0.11;202.34;219.27;38.8;292.29;56.91;310.4;0.0;86.45;0.0;0.0
2021;278;365;beauce_5_sa_093;orgeh;orgeH_tousSols_nonirr_organique;39.45;0.14;135.65;3.98;0.0;38.08;309.13;56.91;310.4;56.91;310.4;98.82;193.35;0.0;634.75
2021;1;178;beauce_5_sa_094;orgeh;orgeH_tousSols_nonirr_organique;172.28;25.67;182.19;31.87;0.0;310.4;248.32;152.31;309.11;56.91;310.4;99.44;356.26;0.0;1912.33
2021;179;297;beauce_5_sa_094;solnu;;146.6;0.0;61.21;33.0;0.11;152.31;240.32;54.91;308.4;56.91;310.4;0.0;207.22;0.0;0.0
2021;298;365;beauce_5_sa_094;orgeh;orgeH_tousSols_nonirr_organique;24.74;0.01;127.17;1.13;0.0;54.3;284.46;56.91;310.4;56.91;310.4;98.53;153.92;0.0;388.6
2021;1;202;beauce_5_sa_095;orgeh;orgeH_tousSols_nonirr_organique;213.64;16.53;204.62;39.5;0.0;310.4;248.32;184.68;306.32;56.91;310.4;99.5;408.12;0.0;2553.11
2021;203;276;beauce_5_sa_095;solnu;;88.71;0.0;40.88;21.39;0.11;184.68;219.52;39.06;292.54;56.91;310.4;0.0;115.93;0.0;0.0
2021;277;365;beauce_5_sa_095;orgeh;orgeH_tousSols_nonirr_organique;39.61;0.18;135.7;3.97;0.0;38.53;285.98;56.91;310.4;56.91;310.4;98.83;193.35;0.0;647.88
2021;1;172;beauce_5_sa_096;orgeh;orgeH_tousSols_nonirr_organique;162.1;25.61;170.16;30.38;0.0;310.4;248.32;136.97;305.02;56.91;310.4;99.42;329.9;0.0;1673.48
2021;173;314;beauce_5_sa_096;solnu;;168.8;0.0;91.52;40.2;0.11;136.97;277.07;56.91;310.4;56.91;310.4;0.0;265.82;0.0;0.0
2021;315;365;beauce_5_sa_096;orgeh;orgeH_tousSols_nonirr_organique;16.26;0.0;105.43;0.67;0.0;56.38;290.86;56.91;310.4;56.91;310.4;98.04;121.69;0.0;229.57
2021;1;207;beauce_5_sa_097;orgeh;orgeH_tousSols_nonirr_organique;205.62;22.55;212.79;37.94;0.0;310.4;248.32;198.5;301.17;73.73;310.4;99.52;417.7;0.0;2888.01
2021;208;260;beauce_5_sa_097;solnu;;69.74;0.0;41.28;14.65;0.11;198.5;213.57;45.75;299.24;73.73;310.4;0.0;100.64;0.0;0.0
2021;261;365;beauce_5_sa_097;orgeh;orgeH_tousSols_nonirr_organique;47.28;0.75;139.87;5.25;0.0;44.73;297.96;76.79;310.4;73.73;310.4;99.04;199.07;0.0;890.78
2021;1;226;beauce_5_sa_098;orgeh;orgeH_tousSols_nonirr_organique;242.42;14.88;211.44;50.01;0.0;310.4;248.32;213.38;301.86;63.65;310.4;99.56;437.61;0.0;3145.35
2021;227;266;beauce_5_sa_098;solnu;;50.74;0.0;36.68;12.57;0.11;213.38;224.15;41.58;295.06;63.65;310.4;0.0;81.5;0.0;0.0
2021;267;365;beauce_5_sa_098;orgeh;orgeH_tousSols_nonirr_organique;45.21;0.39;138.13;5.2;0.0;42.02;306.45;66.27;310.4;63.65;310.4;98.97;198.3;0.0;795.89
2021;1;171;beauce_5_sa_099;orgeh;orgeH_tousSols_nonirr_organique;160.22;24.99;170.39;30.12;0.0;310.4;248.32;141.76;307.29;56.91;310.4;99.41;329.9;0.0;1776.72
2021;172;299;beauce_5_sa_099;solnu;;162.93;0.0;70.72;39.24;0.11;141.76;247.32;53.62;307.1;56.91;310.4;0.0;233.58;0.0;0.0
2021;300;365;beauce_5_sa_099;orgeh;orgeH_tousSols_nonirr_organique;23.55;0.0;127.07;1.12;0.0;53.1;291.87;56.91;310.4;56.91;310.4;98.48;153.92;0.0;369.5
