annee;jourDebut;jourFin;parcelle;couvert;itk;evaporation[mm];transpiration[mm];percolation[mm];capilarite[mm];ruissellement[mm];Hr_debut[mm];Hm_debut[mm];Hr_fin[mm];Hm_fin[mm];Hr_1erJanv[mm];Hm_1erJanv[mm];satisfactionHydrique[%];pluie[mm];irrigation[mm];sommeDegresJourCulture[°C]
2019;213;311;beauce_5_sa_000;solnu;;118.96;0.0;0.0;0.04;0.0;45.53;248.32;56.91;271.92;-1.0;-1.0;0.0;142.56;0.0;0.0
2019;312;365;beauce_5_sa_000;orgeh;orgeH_tousSols_nonirr_organique;21.89;0.0;12.16;0.38;0.0;55.92;270.93;56.91;310.4;-1.0;-1.0;98.15;73.35;0.0;334.65
2019;213;268;beauce_5_sa_001;solnu;;90.39;0.0;0.0;0.01;0.0;45.53;248.32;20.21;223.0;-1.0;-1.0;0.0;65.07;0.0;0.0
2019;269;365;beauce_5_sa_001;orgeh;orgeH_tousSols_nonirr_organique;46.79;1.06;14.77;0.69;0.0;19.18;221.97;65.22;310.4;-1.0;-1.0;85.1;150.83;0.0;818.79
2019;213;289;beauce_5_sa_002;solnu;;104.81;0.0;0.0;0.01;0.0;45.53;248.32;18.75;221.54;-1.0;-1.0;0.0;78.02;0.0;0.0
2019;290;365;beauce_5_sa_002;orgeh;orgeH_tousSols_nonirr_organique;35.71;0.07;12.42;0.83;0.0;18.22;221.01;56.91;310.4;-1.0;-1.0;92.66;137.88;0.0;543.42
2019;213;291;beauce_5_sa_003;solnu;;105.59;0.0;0.0;0.01;0.0;45.53;248.32;26.37;229.15;-1.0;-1.0;0.0;95.68;0.0;0.0
2019;292;365;beauce_5_sa_003;orgeh;orgeH_tousSols_nonirr_organique;34.89;0.05;12.49;0.86;0.0;35.33;238.12;56.91;310.4;-1.0;-1.0;94.48;120.22;0.0;518.09
2019;213;282;beauce_5_sa_004;solnu;;101.3;0.0;0.0;0.01;0.0;45.53;248.32;15.9;218.69;-1.0;-1.0;0.0;71.67;0.0;0.0
2019;283;365;beauce_5_sa_004;orgeh;orgeH_tousSols_nonirr_organique;38.39;0.17;13.15;0.84;0.0;15.22;218.01;56.91;310.4;-1.0;-1.0;90.58;144.24;0.0;624.32
2019;213;260;beauce_5_sa_005;solnu;;81.66;0.0;0.0;0.01;0.0;45.53;248.32;11.57;214.36;-1.0;-1.0;0.0;47.7;0.0;0.0
2019;261;365;beauce_5_sa_005;orgeh;orgeH_tousSols_nonirr_organique;51.93;2.71;16.72;0.43;0.0;10.78;213.57;79.86;310.4;-1.0;-1.0;83.33;168.21;0.0;953.86
2019;213;295;beauce_5_sa_006;solnu;;108.23;0.0;0.0;0.01;0.0;45.53;248.32;38.98;241.77;-1.0;-1.0;0.0;101.68;0.0;0.0
2019;296;365;beauce_5_sa_006;orgeh;orgeH_tousSols_nonirr_organique;32.46;0.02;12.3;0.8;0.0;38.16;240.95;56.91;310.4;-1.0;-1.0;96.56;114.22;0.0;473.96
2019;213;290;beauce_5_sa_007;solnu;;105.31;0.0;0.0;0.01;0.0;45.53;248.32;18.24;221.03;-1.0;-1.0;0.0;86.42;0.0;0.0
2019;291;365;beauce_5_sa_007;orgeh;orgeH_tousSols_nonirr_organique;35.28;0.06;12.37;0.82;0.0;26.14;228.93;56.91;310.4;-1.0;-1.0;93.07;129.48;0.0;529.57
2019;213;282;beauce_5_sa_008;solnu;;101.3;0.0;0.0;0.01;0.0;45.53;248.32;15.9;218.69;-1.0;-1.0;0.0;71.67;0.0;0.0
2019;283;365;beauce_5_sa_008;orgeh;orgeH_tousSols_nonirr_organique;38.39;0.17;13.15;0.84;0.0;15.22;218.01;56.91;310.4;-1.0;-1.0;90.58;144.24;0.0;624.32
2019;213;315;beauce_5_sa_009;solnu;;121.69;0.0;0.0;0.09;0.0;45.53;248.32;56.74;277.14;-1.0;-1.0;0.0;150.51;0.0;0.0
2019;316;365;beauce_5_sa_009;orgeh;orgeH_tousSols_nonirr_organique;19.18;0.0;12.15;0.23;0.0;56.25;276.65;56.91;310.4;-1.0;-1.0;98.0;65.4;0.0;294.39
2019;213;299;beauce_5_sa_010;solnu;;111.14;0.0;0.0;0.01;0.0;45.53;248.32;37.2;239.99;-1.0;-1.0;0.0;110.85;0.0;0.0
2019;300;365;beauce_5_sa_010;orgeh;orgeH_tousSols_nonirr_organique;29.64;0.01;12.23;0.74;0.0;44.56;247.34;56.91;310.4;-1.0;-1.0;98.16;105.05;0.0;436.35
2019;213;276;beauce_5_sa_011;solnu;;97.77;0.0;0.0;0.01;0.0;45.53;248.32;16.97;219.76;-1.0;-1.0;0.0;69.53;0.0;0.0
2019;277;365;beauce_5_sa_011;orgeh;orgeH_tousSols_nonirr_organique;41.52;0.36;13.36;0.81;0.0;16.56;219.35;56.91;310.4;-1.0;-1.0;87.02;146.38;0.0;697.57
2019;213;293;beauce_5_sa_012;solnu;;107.13;0.0;0.0;0.01;0.0;45.53;248.32;35.72;238.51;-1.0;-1.0;0.0;97.32;0.0;0.0
2019;294;365;beauce_5_sa_012;orgeh;orgeH_tousSols_nonirr_organique;33.78;0.03;12.07;0.8;0.0;34.76;237.54;56.91;310.4;-1.0;-1.0;94.98;118.58;0.0;498.06
2019;213;273;beauce_5_sa_013;solnu;;95.65;0.0;0.0;0.01;0.0;45.53;248.32;14.95;217.74;-1.0;-1.0;0.0;69.21;0.0;0.0
2019;274;365;beauce_5_sa_013;orgeh;orgeH_tousSols_nonirr_organique;42.8;0.54;14.02;0.78;0.0;18.78;221.57;56.91;310.4;-1.0;-1.0;87.06;146.69;0.0;736.61
2019;213;276;beauce_5_sa_014;solnu;;97.73;0.0;0.0;0.01;0.0;45.53;248.32;17.01;219.8;-1.0;-1.0;0.0;69.53;0.0;0.0
2019;277;365;beauce_5_sa_014;orgeh;orgeH_tousSols_nonirr_organique;41.51;0.36;13.41;0.81;0.0;16.6;219.39;56.91;310.4;-1.0;-1.0;87.08;146.38;0.0;697.57
2019;213;268;beauce_5_sa_015;solnu;;90.39;0.0;0.0;0.01;0.0;45.53;248.32;20.21;223.0;-1.0;-1.0;0.0;65.07;0.0;0.0
2019;269;365;beauce_5_sa_015;orgeh;orgeH_tousSols_nonirr_organique;46.79;1.06;14.77;0.69;0.0;19.18;221.97;65.22;310.4;-1.0;-1.0;85.1;150.83;0.0;818.79
2019;213;263;beauce_5_sa_016;solnu;;84.75;0.0;0.0;0.01;0.0;45.53;248.32;23.11;225.9;-1.0;-1.0;0.0;62.33;0.0;0.0
2019;264;365;beauce_5_sa_016;orgeh;orgeH_tousSols_nonirr_organique;51.13;1.84;15.29;0.57;0.0;22.1;224.88;74.73;310.4;-1.0;-1.0;81.71;153.57;0.0;906.2
2019;213;304;beauce_5_sa_017;solnu;;114.67;0.0;0.0;0.01;0.0;45.53;248.32;49.05;251.84;-1.0;-1.0;0.0;118.19;0.0;0.0
2019;305;365;beauce_5_sa_017;orgeh;orgeH_tousSols_nonirr_organique;26.24;0.0;12.1;0.61;0.0;48.28;251.07;56.91;310.4;-1.0;-1.0;98.35;97.72;0.0;398.57
2019;213;295;beauce_5_sa_018;solnu;;108.57;0.0;0.0;0.01;0.0;45.53;248.32;38.64;241.42;-1.0;-1.0;0.0;101.68;0.0;0.0
2019;296;365;beauce_5_sa_018;orgeh;orgeH_tousSols_nonirr_organique;32.47;0.02;11.94;0.8;0.0;37.82;240.6;56.91;310.4;-1.0;-1.0;96.34;114.22;0.0;473.96
2019;213;306;beauce_5_sa_019;solnu;;116.03;0.0;0.0;0.01;0.0;45.53;248.32;56.91;264.88;-1.0;-1.0;0.0;137.53;0.0;0.0
2019;307;365;beauce_5_sa_019;orgeh;orgeH_tousSols_nonirr_organique;24.83;0.0;12.16;0.52;0.0;56.91;269.04;56.91;310.4;-1.0;-1.0;98.31;78.38;0.0;378.84
2019;213;289;beauce_5_sa_020;solnu;;104.58;0.0;0.0;0.01;0.0;45.53;248.32;18.98;221.77;-1.0;-1.0;0.0;78.02;0.0;0.0
2019;290;365;beauce_5_sa_020;orgeh;orgeH_tousSols_nonirr_organique;35.66;0.07;12.7;0.83;0.0;18.46;221.25;56.91;310.4;-1.0;-1.0;93.27;137.88;0.0;543.42
2019;213;264;beauce_5_sa_021;solnu;;85.64;0.0;0.0;0.01;0.0;45.53;248.32;22.22;225.01;-1.0;-1.0;0.0;65.07;0.0;0.0
2019;265;365;beauce_5_sa_021;orgeh;orgeH_tousSols_nonirr_organique;50.51;1.68;15.18;0.6;0.0;24.27;227.06;72.95;310.4;-1.0;-1.0;82.41;150.83;0.0;891.87
2019;213;275;beauce_5_sa_022;solnu;;97.0;0.0;0.0;0.01;0.0;45.53;248.32;17.74;220.53;-1.0;-1.0;0.0;69.21;0.0;0.0
2019;276;365;beauce_5_sa_022;orgeh;orgeH_tousSols_nonirr_organique;42.16;0.42;13.43;0.8;0.0;16.97;219.76;56.91;310.4;-1.0;-1.0;86.16;146.69;0.0;709.47
2019;213;266;beauce_5_sa_023;solnu;;87.24;0.0;0.0;0.01;0.0;45.53;248.32;23.37;226.16;-1.0;-1.0;0.0;65.07;0.0;0.0
2019;267;365;beauce_5_sa_023;orgeh;orgeH_tousSols_nonirr_organique;49.39;1.35;15.03;0.64;0.0;21.36;224.15;69.05;310.4;-1.0;-1.0;84.1;150.83;0.0;852.98
2019;213;287;beauce_5_sa_024;solnu;;103.86;0.0;0.0;0.01;0.0;45.53;248.32;19.07;221.86;-1.0;-1.0;0.0;78.02;0.0;0.0
2019;288;365;beauce_5_sa_024;orgeh;orgeH_tousSols_nonirr_organique;36.66;0.09;12.4;0.88;0.0;19.31;222.1;56.91;310.4;-1.0;-1.0;91.8;137.88;0.0;567.78
2019;213;268;beauce_5_sa_025;solnu;;90.39;0.0;0.0;0.01;0.0;45.53;248.32;20.21;223.0;-1.0;-1.0;0.0;65.07;0.0;0.0
2019;269;365;beauce_5_sa_025;orgeh;orgeH_tousSols_nonirr_organique;46.79;1.06;14.77;0.69;0.0;19.18;221.97;65.22;310.4;-1.0;-1.0;85.1;150.83;0.0;818.79
2019;213;279;beauce_5_sa_026;solnu;;99.47;0.0;0.0;0.01;0.0;45.53;248.32;16.58;219.37;-1.0;-1.0;0.0;70.52;0.0;0.0
2019;280;365;beauce_5_sa_026;orgeh;orgeH_tousSols_nonirr_organique;39.91;0.25;13.38;0.84;0.0;15.64;218.43;56.91;310.4;-1.0;-1.0;89.41;145.39;0.0;661.43
2019;213;290;beauce_5_sa_027;solnu;;105.1;0.0;0.0;0.01;0.0;45.53;248.32;18.46;221.25;-1.0;-1.0;0.0;86.42;0.0;0.0
2019;291;365;beauce_5_sa_027;orgeh;orgeH_tousSols_nonirr_organique;35.21;0.06;12.65;0.83;0.0;26.37;229.15;56.91;310.4;-1.0;-1.0;93.72;129.48;0.0;529.57
2019;213;308;beauce_5_sa_028;solnu;;117.42;0.0;0.0;0.01;0.0;45.53;248.32;56.91;270.15;-1.0;-1.0;0.0;139.25;0.0;0.0
2019;309;365;beauce_5_sa_028;orgeh;orgeH_tousSols_nonirr_organique;23.48;0.0;12.12;0.4;0.0;56.48;269.72;56.91;310.4;-1.0;-1.0;98.25;76.66;0.0;366.39
2019;213;275;beauce_5_sa_029;solnu;;97.05;0.0;0.0;0.01;0.0;45.53;248.32;17.69;220.48;-1.0;-1.0;0.0;69.21;0.0;0.0
2019;276;365;beauce_5_sa_029;orgeh;orgeH_tousSols_nonirr_organique;42.01;0.42;13.53;0.8;0.0;16.93;219.71;56.91;310.4;-1.0;-1.0;86.87;146.69;0.0;709.47
2019;213;314;beauce_5_sa_030;solnu;;121.21;0.0;0.0;0.05;0.0;45.53;248.32;56.91;277.32;-1.0;-1.0;0.0;150.51;0.0;0.0
2019;315;365;beauce_5_sa_030;orgeh;orgeH_tousSols_nonirr_organique;19.65;0.0;12.15;0.24;0.0;56.74;277.14;56.91;310.4;-1.0;-1.0;98.04;65.4;0.0;308.01
2019;213;298;beauce_5_sa_031;solnu;;110.92;0.0;0.0;0.01;0.0;45.53;248.32;37.42;240.21;-1.0;-1.0;0.0;102.81;0.0;0.0
2019;299;365;beauce_5_sa_031;orgeh;orgeH_tousSols_nonirr_organique;30.19;0.01;11.9;0.75;0.0;36.83;239.62;56.91;310.4;-1.0;-1.0;97.71;113.09;0.0;445.8
2019;213;277;beauce_5_sa_032;solnu;;98.5;0.0;0.0;0.01;0.0;45.53;248.32;16.56;219.35;-1.0;-1.0;0.0;69.83;0.0;0.0
2019;278;365;beauce_5_sa_032;orgeh;orgeH_tousSols_nonirr_organique;40.91;0.32;13.28;0.82;0.0;16.29;219.08;56.91;310.4;-1.0;-1.0;87.45;146.07;0.0;686.34
2019;213;265;beauce_5_sa_033;solnu;;86.32;0.0;0.0;0.01;0.0;45.53;248.32;24.28;227.07;-1.0;-1.0;0.0;65.07;0.0;0.0
2019;266;365;beauce_5_sa_033;orgeh;orgeH_tousSols_nonirr_organique;49.95;1.56;15.18;0.62;0.0;23.37;226.16;71.36;310.4;-1.0;-1.0;83.52;150.83;0.0;871.06
2019;213;316;beauce_5_sa_034;solnu;;122.17;0.0;0.0;0.09;0.0;45.53;248.32;56.25;276.65;-1.0;-1.0;0.0;153.32;0.0;0.0
2019;317;365;beauce_5_sa_034;orgeh;orgeH_tousSols_nonirr_organique;18.69;0.0;12.15;0.24;0.0;56.91;278.98;56.91;310.4;-1.0;-1.0;97.96;62.59;0.0;290.57
2019;213;257;beauce_5_sa_035;solnu;;79.41;0.0;0.0;0.01;0.0;45.53;248.32;12.78;215.57;-1.0;-1.0;0.0;47.01;0.0;0.0
2019;258;365;beauce_5_sa_035;orgeh;orgeH_tousSols_nonirr_organique;53.47;3.69;16.44;0.42;0.0;12.34;215.13;85.6;310.4;-1.0;-1.0;81.95;168.9;0.0;1004.32
2019;213;300;beauce_5_sa_036;solnu;;111.86;0.0;0.0;0.01;0.0;45.53;248.32;44.53;247.32;-1.0;-1.0;0.0;111.67;0.0;0.0
2019;301;365;beauce_5_sa_036;orgeh;orgeH_tousSols_nonirr_organique;28.98;0.0;12.18;0.69;0.0;44.3;247.09;56.91;310.4;-1.0;-1.0;98.25;104.24;0.0;429.33
2019;213;309;beauce_5_sa_037;solnu;;117.84;0.0;0.0;0.01;0.0;45.53;248.32;56.48;269.73;-1.0;-1.0;0.0;139.25;0.0;0.0
2019;310;365;beauce_5_sa_037;orgeh;orgeH_tousSols_nonirr_organique;23.03;0.0;12.15;0.42;0.0;55.86;269.11;56.91;310.4;-1.0;-1.0;98.21;76.66;0.0;355.2
2019;213;283;beauce_5_sa_038;solnu;;102.29;0.0;0.0;0.01;0.0;45.53;248.32;14.91;217.7;-1.0;-1.0;0.0;74.9;0.0;0.0
2019;284;365;beauce_5_sa_038;orgeh;orgeH_tousSols_nonirr_organique;37.9;0.16;12.67;0.87;0.0;17.99;220.77;56.91;310.4;-1.0;-1.0;90.06;141.0;0.0;613.66
2019;213;301;beauce_5_sa_039;solnu;;112.95;0.0;0.0;0.01;0.0;45.53;248.32;44.25;247.04;-1.0;-1.0;0.0;113.79;0.0;0.0
2019;302;365;beauce_5_sa_039;orgeh;orgeH_tousSols_nonirr_organique;27.91;0.0;12.15;0.73;0.0;46.01;248.8;56.91;310.4;-1.0;-1.0;98.35;102.11;0.0;421.57
2019;213;267;beauce_5_sa_040;solnu;;89.24;0.0;0.0;0.01;0.0;45.53;248.32;21.36;224.15;-1.0;-1.0;0.0;65.07;0.0;0.0
2019;268;365;beauce_5_sa_040;orgeh;orgeH_tousSols_nonirr_organique;47.68;1.19;14.9;0.67;0.0;20.21;223.0;67.04;310.4;-1.0;-1.0;84.62;150.83;0.0;836.54
2019;213;264;beauce_5_sa_041;solnu;;85.46;0.0;0.0;0.01;0.0;45.53;248.32;22.4;225.19;-1.0;-1.0;0.0;65.07;0.0;0.0
2019;265;365;beauce_5_sa_041;orgeh;orgeH_tousSols_nonirr_organique;49.82;1.73;16.0;0.51;0.0;24.49;227.27;72.95;310.4;-1.0;-1.0;83.7;150.83;0.0;891.87
2019;213;278;beauce_5_sa_042;solnu;;99.0;0.0;0.0;0.01;0.0;45.53;248.32;16.36;219.15;-1.0;-1.0;0.0;70.52;0.0;0.0
2019;279;365;beauce_5_sa_042;orgeh;orgeH_tousSols_nonirr_organique;40.45;0.29;13.27;0.82;0.0;16.45;219.24;56.91;310.4;-1.0;-1.0;87.87;145.39;0.0;669.87
2019;213;294;beauce_5_sa_043;solnu;;107.82;0.0;0.0;0.01;0.0;45.53;248.32;35.03;237.82;-1.0;-1.0;0.0;101.68;0.0;0.0
2019;295;365;beauce_5_sa_043;orgeh;orgeH_tousSols_nonirr_organique;32.84;0.03;12.32;0.83;0.0;38.98;241.77;56.91;310.4;-1.0;-1.0;96.06;114.22;0.0;487.09
2019;213;285;beauce_5_sa_044;solnu;;102.84;0.0;0.0;0.01;0.0;45.53;248.32;17.59;220.38;-1.0;-1.0;0.0;77.4;0.0;0.0
2019;286;365;beauce_5_sa_044;orgeh;orgeH_tousSols_nonirr_organique;37.24;0.12;12.81;0.84;0.0;19.77;222.56;56.91;310.4;-1.0;-1.0;90.95;138.51;0.0;589.85
2019;213;262;beauce_5_sa_045;solnu;;82.68;0.0;0.0;0.01;0.0;45.53;248.32;25.19;227.97;-1.0;-1.0;0.0;62.33;0.0;0.0
2019;263;365;beauce_5_sa_045;orgeh;orgeH_tousSols_nonirr_organique;52.83;2.04;15.46;0.56;0.0;23.24;226.03;76.11;310.4;-1.0;-1.0;81.95;153.57;0.0;922.18
2019;213;278;beauce_5_sa_046;solnu;;99.0;0.0;0.0;0.01;0.0;45.53;248.32;16.36;219.14;-1.0;-1.0;0.0;70.52;0.0;0.0
2019;279;365;beauce_5_sa_046;orgeh;orgeH_tousSols_nonirr_organique;40.47;0.29;13.24;0.83;0.0;16.45;219.24;56.91;310.4;-1.0;-1.0;88.02;145.39;0.0;669.87
2019;213;273;beauce_5_sa_047;solnu;;95.75;0.0;0.0;0.01;0.0;45.53;248.32;14.86;217.64;-1.0;-1.0;0.0;69.21;0.0;0.0
2019;274;365;beauce_5_sa_047;orgeh;orgeH_tousSols_nonirr_organique;42.96;0.52;13.78;0.79;0.0;18.68;221.47;56.91;310.4;-1.0;-1.0;86.04;146.69;0.0;736.61
2019;213;267;beauce_5_sa_048;solnu;;89.27;0.0;0.0;0.01;0.0;45.53;248.32;21.34;224.13;-1.0;-1.0;0.0;65.07;0.0;0.0
2019;268;365;beauce_5_sa_048;orgeh;orgeH_tousSols_nonirr_organique;47.88;1.16;14.7;0.67;0.0;20.17;222.96;67.04;310.4;-1.0;-1.0;83.72;150.83;0.0;836.54
2019;213;306;beauce_5_sa_049;solnu;;116.1;0.0;0.0;0.01;0.0;45.53;248.32;56.91;264.81;-1.0;-1.0;0.0;137.53;0.0;0.0
2019;307;365;beauce_5_sa_049;orgeh;orgeH_tousSols_nonirr_organique;24.85;0.0;12.07;0.5;0.0;56.91;268.97;56.91;310.4;-1.0;-1.0;98.31;78.38;0.0;378.84
2019;213;271;beauce_5_sa_050;solnu;;94.18;0.0;0.0;0.01;0.0;45.53;248.32;16.42;219.21;-1.0;-1.0;0.0;65.07;0.0;0.0
2019;272;365;beauce_5_sa_050;orgeh;orgeH_tousSols_nonirr_organique;43.82;0.7;14.31;0.75;0.0;15.53;218.32;59.38;310.4;-1.0;-1.0;86.35;150.83;0.0;766.17
2019;213;310;beauce_5_sa_051;solnu;;118.46;0.0;0.0;0.02;0.0;45.53;248.32;55.86;269.11;-1.0;-1.0;0.0;142.56;0.0;0.0
2019;311;365;beauce_5_sa_051;orgeh;orgeH_tousSols_nonirr_organique;22.39;0.0;12.16;0.45;0.0;56.91;271.92;56.91;310.4;-1.0;-1.0;98.18;73.35;0.0;345.3
2019;213;287;beauce_5_sa_052;solnu;;103.59;0.0;0.0;0.01;0.0;45.53;248.32;19.34;222.12;-1.0;-1.0;0.0;78.02;0.0;0.0
2019;288;365;beauce_5_sa_052;orgeh;orgeH_tousSols_nonirr_organique;36.59;0.09;12.74;0.85;0.0;19.58;222.37;56.91;310.4;-1.0;-1.0;92.16;137.88;0.0;567.78
2019;213;260;beauce_5_sa_053;solnu;;81.76;0.0;0.0;0.01;0.0;45.53;248.32;11.47;214.26;-1.0;-1.0;0.0;47.7;0.0;0.0
2019;261;365;beauce_5_sa_053;orgeh;orgeH_tousSols_nonirr_organique;52.1;2.62;16.53;0.44;0.0;10.67;213.46;79.86;310.4;-1.0;-1.0;82.43;168.21;0.0;953.86
2019;213;287;beauce_5_sa_054;solnu;;103.65;0.0;0.0;0.01;0.0;45.53;248.32;19.28;222.07;-1.0;-1.0;0.0;78.02;0.0;0.0
2019;288;365;beauce_5_sa_054;orgeh;orgeH_tousSols_nonirr_organique;36.62;0.09;12.65;0.88;0.0;19.52;222.31;56.91;310.4;-1.0;-1.0;92.3;137.88;0.0;567.78
2019;213;284;beauce_5_sa_055;solnu;;102.14;0.0;0.0;0.01;0.0;45.53;248.32;18.29;221.08;-1.0;-1.0;0.0;74.9;0.0;0.0
2019;285;365;beauce_5_sa_055;orgeh;orgeH_tousSols_nonirr_organique;37.74;0.14;13.0;0.85;0.0;17.61;220.39;56.91;310.4;-1.0;-1.0;91.36;141.0;0.0;598.71
2019;213;292;beauce_5_sa_056;solnu;;105.88;0.0;0.0;0.01;0.0;45.53;248.32;35.33;238.12;-1.0;-1.0;0.0;97.32;0.0;0.0
2019;293;365;beauce_5_sa_056;orgeh;orgeH_tousSols_nonirr_organique;34.66;0.04;12.43;0.83;0.0;35.98;238.77;56.91;310.4;-1.0;-1.0;95.07;118.58;0.0;507.81
2019;213;256;beauce_5_sa_057;solnu;;78.42;0.0;0.0;0.01;0.0;45.53;248.32;13.77;216.56;-1.0;-1.0;0.0;46.66;0.0;0.0
2019;257;365;beauce_5_sa_057;orgeh;orgeH_tousSols_nonirr_organique;54.06;4.07;16.46;0.39;0.0;12.73;215.51;87.55;310.4;-1.0;-1.0;81.55;169.25;0.0;1020.05
2019;213;301;beauce_5_sa_058;solnu;;112.95;0.0;0.0;0.01;0.0;45.53;248.32;44.25;247.04;-1.0;-1.0;0.0;113.79;0.0;0.0
2019;302;365;beauce_5_sa_058;orgeh;orgeH_tousSols_nonirr_organique;27.91;0.0;12.15;0.73;0.0;46.01;248.8;56.91;310.4;-1.0;-1.0;98.35;102.11;0.0;421.57
2019;213;310;beauce_5_sa_059;solnu;;118.46;0.0;0.0;0.02;0.0;45.53;248.32;55.86;269.11;-1.0;-1.0;0.0;142.56;0.0;0.0
2019;311;365;beauce_5_sa_059;orgeh;orgeH_tousSols_nonirr_organique;22.39;0.0;12.16;0.45;0.0;56.91;271.92;56.91;310.4;-1.0;-1.0;98.18;73.35;0.0;345.3
2019;213;305;beauce_5_sa_060;solnu;;115.44;0.0;0.0;0.01;0.0;45.53;248.32;48.28;251.07;-1.0;-1.0;0.0;132.58;0.0;0.0
2019;306;365;beauce_5_sa_060;orgeh;orgeH_tousSols_nonirr_organique;25.44;0.0;12.14;0.67;0.0;56.91;264.88;56.91;310.4;-1.0;-1.0;98.33;83.32;0.0;384.84
2019;213;262;beauce_5_sa_061;solnu;;82.7;0.0;0.0;0.01;0.0;45.53;248.32;25.16;227.95;-1.0;-1.0;0.0;62.33;0.0;0.0
2019;263;365;beauce_5_sa_061;orgeh;orgeH_tousSols_nonirr_organique;52.86;2.03;15.42;0.56;0.0;23.22;226.01;76.11;310.4;-1.0;-1.0;81.8;153.57;0.0;922.18
2019;213;276;beauce_5_sa_062;solnu;;97.6;0.0;0.0;0.01;0.0;45.53;248.32;17.14;219.93;-1.0;-1.0;0.0;69.53;0.0;0.0
2019;277;365;beauce_5_sa_062;orgeh;orgeH_tousSols_nonirr_organique;41.37;0.37;13.67;0.81;0.0;16.74;219.52;56.91;310.4;-1.0;-1.0;88.22;146.38;0.0;697.57
2019;213;264;beauce_5_sa_063;solnu;;85.63;0.0;0.0;0.01;0.0;45.53;248.32;22.23;225.02;-1.0;-1.0;0.0;65.07;0.0;0.0
2019;265;365;beauce_5_sa_063;orgeh;orgeH_tousSols_nonirr_organique;50.36;1.72;15.3;0.6;0.0;24.28;227.07;72.95;310.4;-1.0;-1.0;83.1;150.83;0.0;891.87
2019;213;272;beauce_5_sa_064;solnu;;95.26;0.0;0.0;0.01;0.0;45.53;248.32;15.34;218.13;-1.0;-1.0;0.0;65.07;0.0;0.0
2019;273;365;beauce_5_sa_064;orgeh;orgeH_tousSols_nonirr_organique;43.16;0.59;14.0;0.74;0.0;14.75;217.54;57.4;310.4;-1.0;-1.0;85.87;150.83;0.0;751.07
2019;213;283;beauce_5_sa_065;solnu;;101.98;0.0;0.0;0.01;0.0;45.53;248.32;15.22;218.01;-1.0;-1.0;0.0;74.9;0.0;0.0
2019;284;365;beauce_5_sa_065;orgeh;orgeH_tousSols_nonirr_organique;37.84;0.16;13.03;0.87;0.0;18.29;221.08;56.91;310.4;-1.0;-1.0;90.98;141.0;0.0;613.66
2019;213;259;beauce_5_sa_066;solnu;;80.91;0.0;0.0;0.01;0.0;45.53;248.32;12.32;215.11;-1.0;-1.0;0.0;47.7;0.0;0.0
2019;260;365;beauce_5_sa_066;orgeh;orgeH_tousSols_nonirr_organique;53.05;2.99;16.07;0.48;0.0;11.51;214.3;82.16;310.4;-1.0;-1.0;81.77;168.21;0.0;968.3
2019;213;301;beauce_5_sa_067;solnu;;112.95;0.0;0.0;0.01;0.0;45.53;248.32;44.25;247.04;-1.0;-1.0;0.0;113.79;0.0;0.0
2019;302;365;beauce_5_sa_067;orgeh;orgeH_tousSols_nonirr_organique;27.91;0.0;12.15;0.73;0.0;46.01;248.8;56.91;310.4;-1.0;-1.0;98.35;102.11;0.0;421.57
2019;213;272;beauce_5_sa_068;solnu;;95.1;0.0;0.0;0.01;0.0;45.53;248.32;15.5;218.29;-1.0;-1.0;0.0;65.07;0.0;0.0
2019;273;365;beauce_5_sa_068;orgeh;orgeH_tousSols_nonirr_organique;43.19;0.59;14.13;0.74;0.0;14.92;217.7;57.4;310.4;-1.0;-1.0;86.13;150.83;0.0;751.07
2019;213;290;beauce_5_sa_069;solnu;;105.38;0.0;0.0;0.01;0.0;45.53;248.32;18.18;220.97;-1.0;-1.0;0.0;86.42;0.0;0.0
2019;291;365;beauce_5_sa_069;orgeh;orgeH_tousSols_nonirr_organique;35.28;0.06;12.3;0.82;0.0;26.08;228.87;56.91;310.4;-1.0;-1.0;92.95;129.48;0.0;529.57
2019;213;307;beauce_5_sa_070;solnu;;116.81;0.0;0.0;0.01;0.0;45.53;248.32;56.91;269.04;-1.0;-1.0;0.0;139.25;0.0;0.0
2019;308;365;beauce_5_sa_070;orgeh;orgeH_tousSols_nonirr_organique;24.03;0.0;12.17;0.45;0.0;56.91;270.16;56.91;310.4;-1.0;-1.0;98.28;76.66;0.0;374.6
2019;213;315;beauce_5_sa_071;solnu;;121.69;0.0;0.0;0.09;0.0;45.53;248.32;56.74;277.14;-1.0;-1.0;0.0;150.51;0.0;0.0
2019;316;365;beauce_5_sa_071;orgeh;orgeH_tousSols_nonirr_organique;19.18;0.0;12.15;0.23;0.0;56.25;276.65;56.91;310.4;-1.0;-1.0;98.0;65.4;0.0;294.39
2019;213;269;beauce_5_sa_072;solnu;;91.47;0.0;0.0;0.01;0.0;45.53;248.32;19.14;221.93;-1.0;-1.0;0.0;65.07;0.0;0.0
2019;270;365;beauce_5_sa_072;orgeh;orgeH_tousSols_nonirr_organique;46.25;0.89;14.41;0.7;0.0;17.91;220.69;63.24;310.4;-1.0;-1.0;84.19;150.83;0.0;800.34
2019;213;282;beauce_5_sa_073;solnu;;101.3;0.0;0.0;0.01;0.0;45.53;248.32;15.9;218.69;-1.0;-1.0;0.0;71.67;0.0;0.0
2019;283;365;beauce_5_sa_073;orgeh;orgeH_tousSols_nonirr_organique;38.43;0.17;13.12;0.84;0.0;15.21;218.0;56.91;310.4;-1.0;-1.0;90.38;144.24;0.0;624.32
2019;213;295;beauce_5_sa_074;solnu;;108.23;0.0;0.0;0.01;0.0;45.53;248.32;38.98;241.77;-1.0;-1.0;0.0;101.68;0.0;0.0
2019;296;365;beauce_5_sa_074;orgeh;orgeH_tousSols_nonirr_organique;32.46;0.02;12.3;0.8;0.0;38.16;240.95;56.91;310.4;-1.0;-1.0;96.56;114.22;0.0;473.96
2019;213;303;beauce_5_sa_075;solnu;;113.96;0.0;0.0;0.01;0.0;45.53;248.32;49.06;251.85;-1.0;-1.0;0.0;118.19;0.0;0.0
2019;304;365;beauce_5_sa_075;orgeh;orgeH_tousSols_nonirr_organique;27.01;0.0;12.04;0.7;0.0;48.93;251.72;56.91;310.4;-1.0;-1.0;98.36;97.72;0.0;406.45
2019;213;273;beauce_5_sa_076;solnu;;95.65;0.0;0.0;0.01;0.0;45.53;248.32;14.95;217.74;-1.0;-1.0;0.0;69.21;0.0;0.0
2019;274;365;beauce_5_sa_076;orgeh;orgeH_tousSols_nonirr_organique;42.8;0.54;14.02;0.78;0.0;18.78;221.57;56.91;310.4;-1.0;-1.0;87.06;146.69;0.0;736.61
2019;213;306;beauce_5_sa_077;solnu;;116.16;0.0;0.0;0.01;0.0;45.53;248.32;56.91;264.74;-1.0;-1.0;0.0;137.53;0.0;0.0
2019;307;365;beauce_5_sa_077;orgeh;orgeH_tousSols_nonirr_organique;24.83;0.0;12.02;0.52;0.0;56.91;268.9;56.91;310.4;-1.0;-1.0;98.31;78.38;0.0;378.84
2019;213;295;beauce_5_sa_078;solnu;;108.52;0.0;0.0;0.01;0.0;45.53;248.32;38.69;241.48;-1.0;-1.0;0.0;101.68;0.0;0.0
2019;296;365;beauce_5_sa_078;orgeh;orgeH_tousSols_nonirr_organique;32.47;0.02;12.0;0.8;0.0;37.87;240.66;56.91;310.4;-1.0;-1.0;96.39;114.22;0.0;473.96
2019;213;272;beauce_5_sa_079;solnu;;95.28;0.0;0.0;0.01;0.0;45.53;248.32;15.32;218.11;-1.0;-1.0;0.0;65.07;0.0;0.0
2019;273;365;beauce_5_sa_079;orgeh;orgeH_tousSols_nonirr_organique;43.16;0.59;13.98;0.74;0.0;14.74;217.53;57.4;310.4;-1.0;-1.0;85.83;150.83;0.0;751.07
2019;213;314;beauce_5_sa_080;solnu;;121.2;0.0;0.0;0.09;0.0;45.53;248.32;56.91;277.32;-1.0;-1.0;0.0;150.51;0.0;0.0
2019;315;365;beauce_5_sa_080;orgeh;orgeH_tousSols_nonirr_organique;19.65;0.0;12.16;0.24;0.0;56.74;277.14;56.91;310.4;-1.0;-1.0;98.04;65.4;0.0;308.01
2019;213;298;beauce_5_sa_081;solnu;;110.65;0.0;0.0;0.01;0.0;45.53;248.32;37.69;240.48;-1.0;-1.0;0.0;102.81;0.0;0.0
2019;299;365;beauce_5_sa_081;orgeh;orgeH_tousSols_nonirr_organique;30.17;0.01;12.19;0.75;0.0;37.11;239.9;56.91;310.4;-1.0;-1.0;97.81;113.09;0.0;445.8
2019;213;281;beauce_5_sa_082;solnu;;100.71;0.0;0.0;0.01;0.0;45.53;248.32;16.49;219.28;-1.0;-1.0;0.0;71.67;0.0;0.0
2019;282;365;beauce_5_sa_082;orgeh;orgeH_tousSols_nonirr_organique;38.88;0.21;13.22;0.85;0.0;15.9;218.69;56.91;310.4;-1.0;-1.0;90.18;144.24;0.0;633.81
2019;213;311;beauce_5_sa_083;solnu;;118.96;0.0;0.0;0.04;0.0;45.53;248.32;56.91;271.92;-1.0;-1.0;0.0;142.56;0.0;0.0
2019;312;365;beauce_5_sa_083;orgeh;orgeH_tousSols_nonirr_organique;21.89;0.0;12.16;0.38;0.0;55.92;270.93;56.91;310.4;-1.0;-1.0;98.15;73.35;0.0;334.65
2019;213;294;beauce_5_sa_084;solnu;;107.82;0.0;0.0;0.01;0.0;45.53;248.32;35.03;237.82;-1.0;-1.0;0.0;101.68;0.0;0.0
2019;295;365;beauce_5_sa_084;orgeh;orgeH_tousSols_nonirr_organique;32.84;0.03;12.32;0.83;0.0;38.98;241.77;56.91;310.4;-1.0;-1.0;96.06;114.22;0.0;487.09
2019;213;281;beauce_5_sa_085;solnu;;100.85;0.0;0.0;0.01;0.0;45.53;248.32;16.35;219.13;-1.0;-1.0;0.0;71.67;0.0;0.0
2019;282;365;beauce_5_sa_085;orgeh;orgeH_tousSols_nonirr_organique;39.02;0.21;12.93;0.86;0.0;15.74;218.53;56.91;310.4;-1.0;-1.0;89.02;144.24;0.0;633.81
2019;213;292;beauce_5_sa_086;solnu;;106.08;0.0;0.0;0.01;0.0;45.53;248.32;35.13;237.92;-1.0;-1.0;0.0;97.32;0.0;0.0
2019;293;365;beauce_5_sa_086;orgeh;orgeH_tousSols_nonirr_organique;34.72;0.04;12.17;0.83;0.0;35.75;238.54;56.91;310.4;-1.0;-1.0;94.67;118.58;0.0;507.81
2019;213;296;beauce_5_sa_087;solnu;;109.4;0.0;0.0;0.01;0.0;45.53;248.32;37.82;240.6;-1.0;-1.0;0.0;102.44;0.0;0.0
2019;297;365;beauce_5_sa_087;orgeh;orgeH_tousSols_nonirr_organique;31.7;0.02;11.9;0.81;0.0;37.45;240.24;56.91;310.4;-1.0;-1.0;96.83;113.47;0.0;464.28
2019;213;289;beauce_5_sa_088;solnu;;104.7;0.0;0.0;0.01;0.0;45.53;248.32;18.86;221.64;-1.0;-1.0;0.0;78.02;0.0;0.0
2019;290;365;beauce_5_sa_088;orgeh;orgeH_tousSols_nonirr_organique;35.73;0.07;12.51;0.83;0.0;18.33;221.11;56.91;310.4;-1.0;-1.0;92.7;137.88;0.0;543.42
2019;213;273;beauce_5_sa_089;solnu;;95.78;0.0;0.0;0.01;0.0;45.53;248.32;14.82;217.61;-1.0;-1.0;0.0;69.21;0.0;0.0
2019;274;365;beauce_5_sa_089;orgeh;orgeH_tousSols_nonirr_organique;43.04;0.52;13.67;0.79;0.0;18.64;221.43;56.91;310.4;-1.0;-1.0;85.51;146.69;0.0;736.61
2019;213;313;beauce_5_sa_090;solnu;;120.85;0.0;0.0;0.03;0.0;45.53;248.32;55.02;270.03;-1.0;-1.0;0.0;150.2;0.0;0.0
2019;314;365;beauce_5_sa_090;orgeh;orgeH_tousSols_nonirr_organique;20.02;0.0;12.14;0.39;0.0;56.91;277.32;56.91;310.4;-1.0;-1.0;98.08;65.7;0.0;314.44
2019;213;265;beauce_5_sa_091;solnu;;86.32;0.0;0.0;0.01;0.0;45.53;248.32;24.28;227.07;-1.0;-1.0;0.0;65.07;0.0;0.0
2019;266;365;beauce_5_sa_091;orgeh;orgeH_tousSols_nonirr_organique;49.95;1.56;15.18;0.62;0.0;23.37;226.16;71.36;310.4;-1.0;-1.0;83.52;150.83;0.0;871.06
2019;213;269;beauce_5_sa_092;solnu;;91.42;0.0;0.0;0.01;0.0;45.53;248.32;19.18;221.97;-1.0;-1.0;0.0;65.07;0.0;0.0
2019;270;365;beauce_5_sa_092;orgeh;orgeH_tousSols_nonirr_organique;46.04;0.93;14.62;0.71;0.0;17.96;220.75;63.24;310.4;-1.0;-1.0;85.55;150.83;0.0;800.34
2019;213;306;beauce_5_sa_093;solnu;;116.1;0.0;0.0;0.01;0.0;45.53;248.32;56.91;264.81;-1.0;-1.0;0.0;137.53;0.0;0.0
2019;307;365;beauce_5_sa_093;orgeh;orgeH_tousSols_nonirr_organique;24.83;0.0;12.09;0.52;0.0;56.91;268.97;56.91;310.4;-1.0;-1.0;98.31;78.38;0.0;378.84
2019;213;265;beauce_5_sa_094;solnu;;86.32;0.0;0.0;0.01;0.0;45.53;248.32;24.28;227.07;-1.0;-1.0;0.0;65.07;0.0;0.0
2019;266;365;beauce_5_sa_094;orgeh;orgeH_tousSols_nonirr_organique;49.95;1.56;15.18;0.62;0.0;23.37;226.16;71.36;310.4;-1.0;-1.0;83.52;150.83;0.0;871.06
2019;213;317;beauce_5_sa_095;solnu;;122.65;0.0;0.0;0.1;0.0;45.53;248.32;56.91;278.98;-1.0;-1.0;0.0;153.32;0.0;0.0
2019;318;365;beauce_5_sa_095;orgeh;orgeH_tousSols_nonirr_organique;18.2;0.0;12.16;0.18;0.0;56.36;278.44;56.91;310.4;-1.0;-1.0;97.92;62.59;0.0;276.42
2019;213;259;beauce_5_sa_096;solnu;;80.85;0.0;0.0;0.01;0.0;45.53;248.32;12.38;215.17;-1.0;-1.0;0.0;47.7;0.0;0.0
2019;260;365;beauce_5_sa_096;orgeh;orgeH_tousSols_nonirr_organique;52.99;3.02;16.15;0.48;0.0;11.57;214.36;82.16;310.4;-1.0;-1.0;82.11;168.21;0.0;968.3
2019;213;276;beauce_5_sa_097;solnu;;97.61;0.0;0.0;0.01;0.0;45.53;248.32;17.13;219.92;-1.0;-1.0;0.0;69.53;0.0;0.0
2019;277;365;beauce_5_sa_097;orgeh;orgeH_tousSols_nonirr_organique;41.44;0.36;13.6;0.81;0.0;16.73;219.51;56.91;310.4;-1.0;-1.0;87.84;146.38;0.0;697.57
2019;213;277;beauce_5_sa_098;solnu;;98.32;0.0;0.0;0.01;0.0;45.53;248.32;16.74;219.52;-1.0;-1.0;0.0;69.83;0.0;0.0
2019;278;365;beauce_5_sa_098;orgeh;orgeH_tousSols_nonirr_organique;40.77;0.33;13.59;0.82;0.0;16.48;219.27;56.91;310.4;-1.0;-1.0;88.63;146.07;0.0;686.34
2019;213;303;beauce_5_sa_099;solnu;;113.84;0.0;0.0;0.01;0.0;45.53;248.32;49.19;251.97;-1.0;-1.0;0.0;118.19;0.0;0.0
2019;304;365;beauce_5_sa_099;orgeh;orgeH_tousSols_nonirr_organique;27.01;0.0;12.16;0.71;0.0;49.05;251.84;56.91;310.4;-1.0;-1.0;98.36;97.72;0.0;406.45
2020;1;224;beauce_5_sa_000;orgeh;orgeH_tousSols_nonirr_organique;236.11;34.49;93.95;44.05;0.0;310.4;248.32;194.43;300.37;56.91;310.4;99.54;353.71;0.0;2792.1
2020;225;312;beauce_5_sa_000;solnu;;95.4;0.0;50.86;21.15;0.0;194.43;270.93;56.91;310.4;56.91;310.4;0.0;156.28;0.0;0.0
2020;313;366;beauce_5_sa_000;orgeh;orgeH_tousSols_nonirr_organique;18.87;0.0;60.89;0.77;0.0;56.65;300.37;56.85;310.34;56.91;310.4;98.15;102.35;0.0;293.43
2020;1;203;beauce_5_sa_001;orgeh;orgeH_tousSols_nonirr_organique;157.98;69.74;90.36;26.36;0.0;310.4;248.32;189.79;293.21;65.31;310.4;99.5;302.75;0.0;2885.68
2020;204;269;beauce_5_sa_001;solnu;;94.04;0.0;32.37;18.38;0.0;189.79;221.97;43.52;297.01;65.31;310.4;0.0;127.54;0.0;0.0
2020;270;366;beauce_5_sa_001;orgeh;orgeH_tousSols_nonirr_organique;51.21;0.27;94.59;8.85;0.0;42.51;293.21;59.26;310.34;65.31;310.4;98.97;182.05;0.0;751.13
2020;1;226;beauce_5_sa_002;orgeh;orgeH_tousSols_nonirr_organique;229.09;38.52;93.96;42.41;0.0;310.4;248.32;208.8;303.69;56.91;310.4;99.55;356.58;0.0;3033.52
2020;227;290;beauce_5_sa_002;solnu;;77.18;0.0;41.55;13.8;0.0;208.8;221.01;48.23;301.72;56.91;310.4;0.0;114.24;0.0;0.0
2020;291;366;beauce_5_sa_002;orgeh;orgeH_tousSols_nonirr_organique;32.37;0.0;77.89;3.45;0.0;47.74;303.69;56.85;310.34;56.91;310.4;98.68;141.52;0.0;495.65
2020;1;194;beauce_5_sa_003;orgeh;orgeH_tousSols_nonirr_organique;193.77;37.02;94.12;34.67;0.0;310.4;248.32;155.22;284.0;56.91;310.4;99.48;298.28;0.0;2423.06
2020;195;292;beauce_5_sa_003;solnu;;120.65;0.0;43.41;26.19;0.0;155.22;238.12;56.91;310.4;56.91;310.4;0.0;189.88;0.0;0.0
2020;293;366;beauce_5_sa_003;orgeh;orgeH_tousSols_nonirr_organique;31.38;0.02;70.21;2.14;0.0;55.97;284.0;56.85;310.34;56.91;310.4;98.65;124.19;0.0;475.7
2020;1;196;beauce_5_sa_004;orgeh;orgeH_tousSols_nonirr_organique;187.16;42.12;94.07;32.85;0.0;310.4;248.32;164.82;286.14;56.91;310.4;99.49;298.51;0.0;2567.39
2020;197;283;beauce_5_sa_004;solnu;;114.11;0.0;39.49;22.46;0.0;164.82;218.01;50.29;303.77;56.91;310.4;0.0;171.15;0.0;0.0
2020;284;366;beauce_5_sa_004;orgeh;orgeH_tousSols_nonirr_organique;35.25;0.05;78.32;3.69;0.0;49.88;286.14;56.85;310.34;56.91;310.4;98.8;142.67;0.0;563.98
2020;1;198;beauce_5_sa_005;orgeh;orgeH_tousSols_nonirr_organique;130.38;84.07;95.97;18.58;0.0;310.4;248.32;199.24;299.31;79.95;310.4;99.49;299.34;0.0;2934.37
2020;199;261;beauce_5_sa_005;solnu;;93.27;0.0;36.2;15.33;0.0;199.24;213.57;44.45;297.93;79.95;310.4;0.0;127.27;0.0;0.0
2020;262;366;beauce_5_sa_005;orgeh;orgeH_tousSols_nonirr_organique;53.39;0.68;96.6;9.47;0.0;43.68;299.31;73.16;310.34;79.95;310.4;99.05;185.72;0.0;882.14
2020;1;201;beauce_5_sa_006;orgeh;orgeH_tousSols_nonirr_organique;202.96;35.96;93.99;38.16;0.0;310.4;248.32;153.06;278.38;56.91;310.4;99.5;300.08;0.0;2509.83
2020;202;296;beauce_5_sa_006;solnu;;118.14;0.0;48.79;26.0;0.0;153.06;240.95;55.18;308.67;56.91;310.4;0.0;197.22;0.0;0.0
2020;297;366;beauce_5_sa_006;orgeh;orgeH_tousSols_nonirr_organique;27.86;0.0;62.86;1.59;0.0;54.6;278.38;56.85;310.34;56.91;310.4;98.57;115.04;0.0;434.83
2020;1;217;beauce_5_sa_007;orgeh;orgeH_tousSols_nonirr_organique;217.36;37.14;93.94;40.97;0.0;310.4;248.32;184.51;289.55;56.91;310.4;99.53;326.77;0.0;2853.44
2020;218;291;beauce_5_sa_007;solnu;;92.6;0.0;39.78;14.25;0.0;184.51;228.93;47.73;301.22;56.91;310.4;0.0;161.39;0.0;0.0
2020;292;366;beauce_5_sa_007;orgeh;orgeH_tousSols_nonirr_organique;31.87;0.0;77.88;3.46;0.0;56.91;289.55;56.85;310.34;56.91;310.4;98.67;124.19;0.0;486.37
2020;1;207;beauce_5_sa_008;orgeh;orgeH_tousSols_nonirr_organique;196.18;42.12;94.07;37.03;0.0;310.4;248.32;172.0;282.29;56.91;310.4;99.51;303.45;0.0;2768.06
2020;208;283;beauce_5_sa_008;solnu;;105.65;0.0;38.93;21.73;0.0;172.0;218.01;50.29;303.77;56.91;310.4;0.0;166.22;0.0;0.0
2020;284;366;beauce_5_sa_008;orgeh;orgeH_tousSols_nonirr_organique;35.24;0.05;78.32;3.69;0.0;49.88;282.29;56.85;310.34;56.91;310.4;98.8;142.67;0.0;563.98
2020;1;204;beauce_5_sa_009;orgeh;orgeH_tousSols_nonirr_organique;209.95;34.62;93.88;40.33;0.0;310.4;248.32;147.89;275.51;56.91;310.4;99.5;302.75;0.0;2377.88
2020;205;316;beauce_5_sa_009;solnu;;127.67;0.0;46.52;27.82;0.0;147.89;276.65;55.28;308.77;56.91;310.4;0.0;207.45;0.0;0.0
2020;317;366;beauce_5_sa_009;orgeh;orgeH_tousSols_nonirr_organique;17.19;0.0;60.74;0.9;0.0;55.02;275.51;56.85;310.34;56.91;310.4;98.0;102.14;0.0;271.49
2020;1;223;beauce_5_sa_010;orgeh;orgeH_tousSols_nonirr_organique;232.58;34.97;93.59;43.15;0.0;310.4;248.32;199.86;303.78;56.91;310.4;99.54;353.71;0.0;2877.27
2020;224;300;beauce_5_sa_010;solnu;;90.15;0.0;50.59;19.56;0.0;199.86;247.34;55.26;308.74;56.91;310.4;0.0;145.7;0.0;0.0
2020;301;366;beauce_5_sa_010;orgeh;orgeH_tousSols_nonirr_organique;25.86;0.0;62.82;1.33;0.0;54.97;303.78;56.85;310.34;56.91;310.4;98.48;112.93;0.0;394.92
2020;1;187;beauce_5_sa_011;orgeh;orgeH_tousSols_nonirr_organique;165.16;52.75;92.94;27.24;0.0;310.4;248.32;166.14;292.46;56.91;310.4;99.46;292.09;0.0;2471.84
2020;188;277;beauce_5_sa_011;solnu;;113.89;0.0;45.33;12.14;0.0;166.14;219.35;56.91;310.4;56.91;310.4;0.0;177.16;0.0;0.0
2020;278;366;beauce_5_sa_011;orgeh;orgeH_tousSols_nonirr_organique;40.71;0.03;79.75;3.3;0.0;54.62;292.46;56.86;310.34;56.91;310.4;98.88;143.08;0.0;639.11
2020;1;198;beauce_5_sa_012;orgeh;orgeH_tousSols_nonirr_organique;199.44;36.67;93.94;36.26;0.0;310.4;248.32;153.19;279.67;56.91;310.4;99.49;299.34;0.0;2478.57
2020;199;294;beauce_5_sa_012;solnu;;114.99;0.0;53.03;19.08;0.0;153.19;237.54;56.91;310.4;56.91;310.4;0.0;197.92;0.0;0.0
2020;295;366;beauce_5_sa_012;orgeh;orgeH_tousSols_nonirr_organique;29.45;0.0;63.04;1.43;0.0;55.87;279.67;56.85;310.34;56.91;310.4;98.61;115.07;0.0;456.01
2020;1;197;beauce_5_sa_013;orgeh;orgeH_tousSols_nonirr_organique;169.94;57.69;92.14;28.37;0.0;310.4;248.32;176.92;289.95;56.91;310.4;99.49;298.51;0.0;2699.92
2020;198;274;beauce_5_sa_013;solnu;;103.55;0.0;40.41;19.67;0.0;176.92;221.57;54.25;307.74;56.91;310.4;0.0;161.75;0.0;0.0
2020;275;366;beauce_5_sa_013;orgeh;orgeH_tousSols_nonirr_organique;44.44;0.14;82.24;5.2;0.0;53.26;289.95;56.85;310.34;56.91;310.4;98.91;152.08;0.0;681.09
2020;1;185;beauce_5_sa_014;orgeh;orgeH_tousSols_nonirr_organique;163.47;52.18;92.93;26.73;0.0;310.4;248.32;165.44;293.63;56.91;310.4;99.46;290.99;0.0;2437.4
2020;186;277;beauce_5_sa_014;solnu;;115.82;0.0;45.67;12.81;0.0;165.44;219.39;56.91;310.4;56.91;310.4;0.0;178.26;0.0;0.0
2020;278;366;beauce_5_sa_014;orgeh;orgeH_tousSols_nonirr_organique;40.79;0.02;79.68;3.31;0.0;54.62;293.63;56.86;310.34;56.91;310.4;98.88;143.08;0.0;639.11
2020;1;191;beauce_5_sa_015;orgeh;orgeH_tousSols_nonirr_organique;146.52;69.74;90.36;22.96;0.0;310.4;248.32;181.58;297.13;65.31;310.4;99.47;297.33;0.0;2666.59
2020;192;269;beauce_5_sa_015;solnu;;106.1;0.0;31.81;20.27;0.0;181.58;221.97;43.48;296.96;65.31;310.4;0.0;132.95;0.0;0.0
2020;270;366;beauce_5_sa_015;orgeh;orgeH_tousSols_nonirr_organique;51.22;0.27;94.54;8.85;0.0;42.46;297.13;59.26;310.34;65.31;310.4;98.97;182.05;0.0;751.13
2020;1;181;beauce_5_sa_016;orgeh;orgeH_tousSols_nonirr_organique;117.59;82.75;92.09;16.5;0.0;310.4;248.32;182.26;303.61;74.83;310.4;99.44;284.83;0.0;2562.38
2020;182;264;beauce_5_sa_016;solnu;;114.88;0.0;33.16;17.14;0.0;182.26;224.88;44.08;297.56;74.83;310.4;0.0;141.99;0.0;0.0
2020;265;366;beauce_5_sa_016;orgeh;orgeH_tousSols_nonirr_organique;50.92;0.73;98.41;9.19;0.0;43.68;303.61;68.02;310.37;74.83;310.4;99.02;185.52;0.0;832.76
2020;1;176;beauce_5_sa_017;orgeh;orgeH_tousSols_nonirr_organique;176.17;33.69;93.35;29.22;0.0;310.4;248.32;131.82;285.73;56.91;310.4;99.43;277.74;0.0;1970.9
2020;177;305;beauce_5_sa_017;solnu;;153.44;0.0;47.86;32.91;0.0;131.82;251.07;53.08;306.56;56.91;310.4;0.0;225.18;0.0;0.0
2020;306;366;beauce_5_sa_017;orgeh;orgeH_tousSols_nonirr_organique;23.55;0.0;62.5;1.46;0.0;55.92;285.73;56.85;310.34;56.91;310.4;98.36;109.43;0.0;346.53
2020;1;197;beauce_5_sa_018;orgeh;orgeH_tousSols_nonirr_organique;199.51;36.0;93.99;36.35;0.0;310.4;248.32;151.0;280.23;56.91;310.4;99.49;298.51;0.0;2437.27
2020;198;296;beauce_5_sa_018;solnu;;120.05;0.0;50.3;22.75;0.0;151.0;240.6;55.18;308.67;56.91;310.4;0.0;198.78;0.0;0.0
2020;297;366;beauce_5_sa_018;orgeh;orgeH_tousSols_nonirr_organique;27.83;0.0;62.9;1.56;0.0;54.61;280.23;56.85;310.34;56.91;310.4;98.57;115.04;0.0;434.83
2020;1;218;beauce_5_sa_019;orgeh;orgeH_tousSols_nonirr_organique;226.48;34.55;93.89;43.18;0.0;310.4;248.32;172.43;283.06;56.91;310.4;99.53;332.67;0.0;2723.6
2020;219;307;beauce_5_sa_019;solnu;;103.48;0.0;47.25;24.39;0.0;172.43;269.04;54.99;308.48;56.91;310.4;0.0;171.9;0.0;0.0
2020;308;366;beauce_5_sa_019;orgeh;orgeH_tousSols_nonirr_organique;22.39;0.0;62.53;1.19;0.0;56.38;283.06;56.85;310.34;56.91;310.4;98.31;107.77;0.0;335.34
2020;1;208;beauce_5_sa_020;orgeh;orgeH_tousSols_nonirr_organique;203.85;38.26;93.97;38.9;0.0;310.4;248.32;165.27;278.58;56.91;310.4;99.51;312.35;0.0;2705.16
2020;209;290;beauce_5_sa_020;solnu;;108.51;0.0;36.39;24.51;0.0;165.27;221.25;47.56;301.05;56.91;310.4;0.0;158.47;0.0;0.0
2020;291;366;beauce_5_sa_020;orgeh;orgeH_tousSols_nonirr_organique;32.31;0.02;77.25;3.52;0.0;46.99;278.58;56.85;310.34;56.91;310.4;98.68;141.52;0.0;495.65
2020;1;173;beauce_5_sa_021;orgeh;orgeH_tousSols_nonirr_organique;113.25;79.47;92.7;13.47;0.0;310.4;248.32;172.24;302.71;73.05;310.4;99.42;276.93;0.0;2405.93
2020;174;265;beauce_5_sa_021;solnu;;124.34;0.0;30.21;15.87;0.0;172.24;227.06;44.57;298.06;73.05;310.4;0.0;151.41;0.0;0.0
2020;266;366;beauce_5_sa_021;orgeh;orgeH_tousSols_nonirr_organique;51.62;0.21;98.74;9.02;0.0;45.86;302.71;66.28;310.36;73.05;310.4;99.01;184.0;0.0;815.93
2020;1;184;beauce_5_sa_022;orgeh;orgeH_tousSols_nonirr_organique;157.93;55.27;92.44;25.86;0.0;310.4;248.32;167.88;295.8;56.91;310.4;99.45;290.99;0.0;2427.29
2020;185;276;beauce_5_sa_022;solnu;;121.02;0.0;39.98;20.81;0.0;167.88;219.76;51.35;304.83;56.91;310.4;0.0;178.26;0.0;0.0
2020;277;366;beauce_5_sa_022;orgeh;orgeH_tousSols_nonirr_organique;41.97;0.02;81.93;5.3;0.0;56.91;295.8;56.85;310.34;56.91;310.4;98.89;143.08;0.0;653.48
2020;1;223;beauce_5_sa_023;orgeh;orgeH_tousSols_nonirr_organique;171.32;73.04;111.05;28.45;0.0;310.4;248.32;229.45;309.51;69.15;310.4;99.55;353.71;0.0;3293.9
2020;224;267;beauce_5_sa_023;solnu;;63.17;0.0;23.9;11.28;0.0;229.45;224.15;45.22;298.7;69.15;310.4;0.0;76.57;0.0;0.0
2020;268;366;beauce_5_sa_023;orgeh;orgeH_tousSols_nonirr_organique;52.14;0.35;95.59;8.81;0.0;45.09;309.51;63.08;310.34;69.15;310.4;98.99;182.05;0.0;786.7
2020;1;201;beauce_5_sa_024;orgeh;orgeH_tousSols_nonirr_organique;196.75;38.42;94.3;36.7;0.0;310.4;248.32;162.37;281.82;56.91;310.4;99.5;300.08;0.0;2603.65
2020;202;288;beauce_5_sa_024;solnu;;111.71;0.0;38.1;21.03;0.0;162.37;222.1;49.09;302.57;56.91;310.4;0.0;170.74;0.0;0.0
2020;289;366;beauce_5_sa_024;orgeh;orgeH_tousSols_nonirr_organique;33.34;0.0;77.94;3.46;0.0;48.88;281.82;56.85;310.34;56.91;310.4;98.72;141.52;0.0;516.58
2020;1;210;beauce_5_sa_025;orgeh;orgeH_tousSols_nonirr_organique;162.64;69.74;90.36;27.94;0.0;310.4;248.32;213.44;309.79;65.31;310.4;99.52;321.31;0.0;3014.68
2020;211;269;beauce_5_sa_025;solnu;;86.54;0.0;35.13;17.06;0.0;213.44;221.97;43.61;297.1;65.31;310.4;0.0;108.98;0.0;0.0
2020;270;366;beauce_5_sa_025;orgeh;orgeH_tousSols_nonirr_organique;51.18;0.28;94.7;8.85;0.0;42.6;309.79;59.26;310.34;65.31;310.4;98.97;182.05;0.0;751.13
2020;1;196;beauce_5_sa_026;orgeh;orgeH_tousSols_nonirr_organique;182.31;46.29;93.71;31.51;0.0;310.4;248.32;168.21;287.18;56.91;310.4;99.49;298.51;0.0;2604.5
2020;197;280;beauce_5_sa_026;solnu;;111.44;0.0;40.38;21.23;0.0;168.21;218.43;52.86;306.34;56.91;310.4;0.0;170.74;0.0;0.0
2020;281;366;beauce_5_sa_026;orgeh;orgeH_tousSols_nonirr_organique;37.21;0.06;79.17;3.62;0.0;52.2;287.18;56.85;310.34;56.91;310.4;98.84;143.08;0.0;608.2
2020;1;191;beauce_5_sa_027;orgeh;orgeH_tousSols_nonirr_organique;188.99;37.33;93.95;33.61;0.0;310.4;248.32;151.8;283.49;56.91;310.4;99.47;297.33;0.0;2377.36
2020;192;291;beauce_5_sa_027;solnu;;125.1;0.0;36.19;27.04;0.0;151.8;229.15;46.98;300.47;56.91;310.4;0.0;190.82;0.0;0.0
2020;292;366;beauce_5_sa_027;orgeh;orgeH_tousSols_nonirr_organique;31.77;0.02;77.22;3.53;0.0;56.91;283.49;56.85;310.34;56.91;310.4;98.67;124.19;0.0;486.37
2020;1;207;beauce_5_sa_028;orgeh;orgeH_tousSols_nonirr_organique;211.57;35.07;93.58;40.57;0.0;310.4;248.32;151.93;274.44;56.91;310.4;99.51;303.45;0.0;2510.13
2020;208;309;beauce_5_sa_028;solnu;;120.32;0.0;45.95;26.11;0.0;151.93;269.72;55.8;309.29;56.91;310.4;0.0;202.64;0.0;0.0
2020;310;366;beauce_5_sa_028;orgeh;orgeH_tousSols_nonirr_organique;21.38;0.0;62.69;1.04;0.0;56.31;274.44;56.85;310.34;56.91;310.4;98.25;106.25;0.0;310.54
2020;1;200;beauce_5_sa_029;orgeh;orgeH_tousSols_nonirr_organique;176.42;54.41;92.54;30.5;0.0;310.4;248.32;175.76;287.18;56.91;310.4;99.5;300.08;0.0;2726.18
2020;201;276;beauce_5_sa_029;solnu;;101.04;0.0;42.27;16.1;0.0;175.76;219.71;51.31;304.8;56.91;310.4;0.0;169.18;0.0;0.0
2020;277;366;beauce_5_sa_029;orgeh;orgeH_tousSols_nonirr_organique;40.92;0.2;82.75;5.33;0.0;56.91;287.18;56.87;310.36;56.91;310.4;98.89;143.08;0.0;653.48
2020;1;178;beauce_5_sa_030;orgeh;orgeH_tousSols_nonirr_organique;178.82;33.87;93.93;31.4;0.0;310.4;248.32;127.57;282.32;56.91;310.4;99.43;277.85;0.0;1908.44
2020;179;315;beauce_5_sa_030;solnu;;157.64;0.0;47.97;32.42;0.0;127.57;277.14;55.69;309.18;56.91;310.4;0.0;232.35;0.0;0.0
2020;316;366;beauce_5_sa_030;orgeh;orgeH_tousSols_nonirr_organique;17.46;0.0;60.87;0.79;0.0;55.29;282.32;56.85;310.34;56.91;310.4;98.04;102.14;0.0;275.37
2020;1;221;beauce_5_sa_031;orgeh;orgeH_tousSols_nonirr_organique;228.4;35.16;93.67;43.02;0.0;310.4;248.32;181.68;287.79;56.91;310.4;99.54;353.57;0.0;2845.53
2020;222;299;beauce_5_sa_031;solnu;;94.12;0.0;50.13;19.65;0.0;181.68;239.62;54.95;308.43;56.91;310.4;0.0;145.84;0.0;0.0
2020;300;366;beauce_5_sa_031;orgeh;orgeH_tousSols_nonirr_organique;26.37;0.0;62.71;1.43;0.0;55.22;287.79;56.85;310.34;56.91;310.4;98.51;112.93;0.0;405.75
2020;1;230;beauce_5_sa_032;orgeh;orgeH_tousSols_nonirr_organique;216.08;50.38;99.85;38.7;0.0;310.4;248.32;224.77;307.33;56.91;310.4;99.56;365.11;0.0;3255.41
2020;231;278;beauce_5_sa_032;solnu;;61.15;0.0;44.9;3.72;0.0;224.77;219.08;54.62;308.11;56.91;310.4;0.0;104.15;0.0;0.0
2020;279;366;beauce_5_sa_032;orgeh;orgeH_tousSols_nonirr_organique;38.7;0.01;79.5;3.47;0.0;53.56;307.33;56.85;310.34;56.91;310.4;98.86;143.08;0.0;631.3
2020;1;200;beauce_5_sa_033;orgeh;orgeH_tousSols_nonirr_organique;144.46;77.47;92.15;22.5;0.0;310.4;248.32;194.26;296.47;71.46;310.4;99.49;300.08;0.0;2887.77
2020;201;266;beauce_5_sa_033;solnu;;93.76;0.0;34.52;17.93;0.0;194.26;226.16;43.7;297.19;71.46;310.4;0.0;129.9;0.0;0.0
2020;267;366;beauce_5_sa_033;orgeh;orgeH_tousSols_nonirr_organique;52.92;0.4;94.88;9.06;0.0;44.55;296.47;64.39;310.34;71.46;310.4;99.0;182.36;0.0;804.16
2020;1;196;beauce_5_sa_034;orgeh;orgeH_tousSols_nonirr_organique;204.02;34.58;93.98;37.22;0.0;310.4;248.32;141.52;276.91;56.91;310.4;99.48;298.51;0.0;2233.64
2020;197;317;beauce_5_sa_034;solnu;;133.28;0.0;47.05;28.33;0.0;141.52;278.98;55.02;308.5;56.91;310.4;0.0;211.68;0.0;0.0
2020;318;366;beauce_5_sa_034;orgeh;orgeH_tousSols_nonirr_organique;16.97;0.0;60.69;0.91;0.0;54.8;276.91;56.85;310.34;56.91;310.4;97.96;102.14;0.0;265.67
2020;1;184;beauce_5_sa_035;orgeh;orgeH_tousSols_nonirr_organique;107.74;87.92;99.63;14.97;0.0;310.4;248.32;194.56;306.15;85.7;310.4;99.45;290.99;0.0;2722.15
2020;185;258;beauce_5_sa_035;solnu;;109.07;0.0;33.6;17.25;0.0;194.56;215.13;46.25;299.74;85.7;310.4;0.0;135.49;0.0;0.0
2020;259;366;beauce_5_sa_035;orgeh;orgeH_tousSols_nonirr_organique;54.35;0.94;97.3;9.48;0.0;45.32;306.15;78.16;310.35;85.7;310.4;99.07;185.86;0.0;925.2
2020;1;229;beauce_5_sa_036;orgeh;orgeH_tousSols_nonirr_organique;240.99;35.01;93.5;44.87;0.0;310.4;248.32;205.84;304.13;56.91;310.4;99.55;362.42;0.0;2978.94
2020;230;301;beauce_5_sa_036;solnu;;81.29;0.0;51.38;18.18;0.0;205.84;247.09;54.97;308.45;56.91;310.4;0.0;136.99;0.0;0.0
2020;302;366;beauce_5_sa_036;orgeh;orgeH_tousSols_nonirr_organique;25.61;0.0;62.79;1.34;0.0;54.39;304.13;56.85;310.34;56.91;310.4;98.46;112.93;0.0;383.87
2020;1;177;beauce_5_sa_037;orgeh;orgeH_tousSols_nonirr_organique;176.81;33.82;93.83;30.48;0.0;310.4;248.32;129.84;284.49;56.91;310.4;99.43;277.74;0.0;1941.48
2020;178;310;beauce_5_sa_037;solnu;;156.01;0.0;47.19;33.0;0.0;129.84;269.11;56.16;309.65;56.91;310.4;0.0;228.36;0.0;0.0
2020;311;366;beauce_5_sa_037;orgeh;orgeH_tousSols_nonirr_organique;20.38;0.0;62.53;0.97;0.0;55.14;284.49;56.85;310.34;56.91;310.4;98.21;106.25;0.0;304.91
2020;1;206;beauce_5_sa_038;orgeh;orgeH_tousSols_nonirr_organique;196.56;41.62;94.19;37.1;0.0;310.4;248.32;169.38;281.59;56.91;310.4;99.51;303.45;0.0;2736.19
2020;207;284;beauce_5_sa_038;solnu;;103.37;0.0;41.66;15.06;0.0;169.38;220.77;50.0;303.49;56.91;310.4;0.0;166.22;0.0;0.0
2020;285;366;beauce_5_sa_038;orgeh;orgeH_tousSols_nonirr_organique;34.82;0.02;78.32;3.61;0.0;49.58;281.59;56.86;310.34;56.91;310.4;98.78;142.67;0.0;555.77
2020;1;184;beauce_5_sa_039;orgeh;orgeH_tousSols_nonirr_organique;186.94;34.9;93.75;33.37;0.0;310.4;248.32;141.06;285.85;56.91;310.4;99.45;290.99;0.0;2139.4
2020;185;302;beauce_5_sa_039;solnu;;139.82;0.0;47.45;30.22;0.0;141.06;248.8;54.29;307.78;56.91;310.4;0.0;208.42;0.0;0.0
2020;303;366;beauce_5_sa_039;orgeh;orgeH_tousSols_nonirr_organique;25.19;0.0;62.53;1.42;0.0;53.76;285.85;56.85;310.34;56.91;310.4;98.44;112.93;0.0;374.98
2020;1;220;beauce_5_sa_040;orgeh;orgeH_tousSols_nonirr_organique;171.74;71.47;91.63;29.07;0.0;310.4;248.32;224.85;309.04;67.14;310.4;99.54;333.81;0.0;3220.97
2020;221;268;beauce_5_sa_040;solnu;;70.34;0.0;38.15;14.27;0.0;224.85;223.0;44.68;298.17;67.14;310.4;0.0;96.48;0.0;0.0
2020;269;366;beauce_5_sa_040;orgeh;orgeH_tousSols_nonirr_organique;51.95;0.3;94.99;8.79;0.0;43.82;309.04;61.14;310.34;67.14;310.4;98.98;182.05;0.0;769.82
2020;1;183;beauce_5_sa_041;orgeh;orgeH_tousSols_nonirr_organique;126.5;77.95;92.3;17.7;0.0;310.4;248.32;179.99;299.3;73.05;310.4;99.45;290.23;0.0;2587.7
2020;184;265;beauce_5_sa_041;solnu;;112.37;0.0;32.67;19.72;0.0;179.99;227.27;42.75;296.24;73.05;310.4;0.0;138.11;0.0;0.0
2020;266;366;beauce_5_sa_041;orgeh;orgeH_tousSols_nonirr_organique;51.88;0.4;96.49;8.94;0.0;44.03;299.3;66.27;310.35;73.05;310.4;99.01;184.0;0.0;815.93
2020;1;208;beauce_5_sa_042;orgeh;orgeH_tousSols_nonirr_organique;188.94;49.78;93.31;34.84;0.0;310.4;248.32;176.08;282.63;56.91;310.4;99.51;312.35;0.0;2831.61
2020;209;279;beauce_5_sa_042;solnu;;97.45;0.0;43.95;12.52;0.0;176.08;219.24;53.56;307.04;56.91;310.4;0.0;156.9;0.0;0.0
2020;280;366;beauce_5_sa_042;orgeh;orgeH_tousSols_nonirr_organique;37.37;0.07;79.69;3.53;0.0;52.86;282.63;56.86;310.35;56.91;310.4;98.85;143.08;0.0;618.75
2020;1;219;beauce_5_sa_043;orgeh;orgeH_tousSols_nonirr_organique;222.03;36.36;94.03;42.72;0.0;310.4;248.32;185.9;291.46;56.91;310.4;99.54;332.67;0.0;2853.85
2020;220;295;beauce_5_sa_043;solnu;;96.99;0.0;49.71;22.7;0.0;185.9;241.77;55.87;309.36;56.91;310.4;0.0;164.63;0.0;0.0
2020;296;366;beauce_5_sa_043;orgeh;orgeH_tousSols_nonirr_organique;28.49;0.0;62.96;1.54;0.0;55.18;291.46;56.85;310.34;56.91;310.4;98.59;115.04;0.0;445.94
2020;1;193;beauce_5_sa_044;orgeh;orgeH_tousSols_nonirr_organique;186.57;39.82;94.14;33.1;0.0;310.4;248.32;162.07;288.37;56.91;310.4;99.48;297.69;0.0;2472.82
2020;194;286;beauce_5_sa_044;solnu;;116.47;0.0;41.21;17.22;0.0;162.07;222.56;49.17;302.65;56.91;310.4;0.0;172.95;0.0;0.0
2020;287;366;beauce_5_sa_044;orgeh;orgeH_tousSols_nonirr_organique;34.45;0.01;77.88;3.61;0.0;49.65;288.37;56.86;310.34;56.91;310.4;98.75;141.7;0.0;536.15
2020;1;191;beauce_5_sa_045;orgeh;orgeH_tousSols_nonirr_organique;127.85;82.61;93.52;18.67;0.0;310.4;248.32;190.03;299.77;76.21;310.4;99.47;297.33;0.0;2769.97
2020;192;263;beauce_5_sa_045;solnu;;103.16;0.0;33.74;18.13;0.0;190.03;226.03;43.66;297.14;76.21;310.4;0.0;129.49;0.0;0.0
2020;264;366;beauce_5_sa_045;orgeh;orgeH_tousSols_nonirr_organique;53.34;0.58;95.75;9.38;0.0;43.02;299.77;69.83;310.34;76.21;310.4;99.03;185.52;0.0;848.37
2020;1;170;beauce_5_sa_046;orgeh;orgeH_tousSols_nonirr_organique;148.21;49.81;93.36;19.89;0.0;310.4;248.32;149.27;296.21;56.91;310.4;99.41;276.39;0.0;2121.97
2020;171;279;beauce_5_sa_046;solnu;;140.53;0.0;41.51;19.75;0.0;149.27;219.24;53.56;307.04;56.91;310.4;0.0;192.87;0.0;0.0
2020;280;366;beauce_5_sa_046;orgeh;orgeH_tousSols_nonirr_organique;37.78;0.01;79.35;3.53;0.0;52.87;296.21;56.85;310.34;56.91;310.4;98.85;143.08;0.0;618.75
2020;1;202;beauce_5_sa_047;orgeh;orgeH_tousSols_nonirr_organique;173.55;58.6;92.03;30.22;0.0;310.4;248.32;178.88;287.11;56.91;310.4;99.5;300.08;0.0;2787.49
2020;203;274;beauce_5_sa_047;solnu;;98.2;0.0;41.36;16.07;0.0;178.88;221.47;54.25;307.74;56.91;310.4;0.0;160.18;0.0;0.0
2020;275;366;beauce_5_sa_047;orgeh;orgeH_tousSols_nonirr_organique;44.87;0.02;81.94;5.16;0.0;53.26;287.11;56.85;310.34;56.91;310.4;98.91;152.08;0.0;681.09
2020;1;184;beauce_5_sa_048;orgeh;orgeH_tousSols_nonirr_organique;134.77;72.6;91.02;20.43;0.0;310.4;248.32;182.14;303.05;67.14;310.4;99.45;290.99;0.0;2554.37
2020;185;268;beauce_5_sa_048;solnu;;111.86;0.0;31.63;16.26;0.0;182.14;222.96;46.13;299.62;67.14;310.4;0.0;139.29;0.0;0.0
2020;269;366;beauce_5_sa_048;orgeh;orgeH_tousSols_nonirr_organique;51.4;0.04;97.24;8.73;0.0;45.57;303.05;61.14;310.34;67.14;310.4;98.98;182.05;0.0;769.82
2020;1;178;beauce_5_sa_049;orgeh;orgeH_tousSols_nonirr_organique;177.94;34.09;93.73;30.91;0.0;310.4;248.32;130.43;283.18;56.91;310.4;99.43;277.85;0.0;1979.27
2020;179;307;beauce_5_sa_049;solnu;;152.28;0.0;47.07;31.23;0.0;130.43;268.97;55.52;309.01;56.91;310.4;0.0;226.72;0.0;0.0
2020;308;366;beauce_5_sa_049;orgeh;orgeH_tousSols_nonirr_organique;22.38;0.0;63.07;1.12;0.0;56.91;283.18;56.85;310.34;56.91;310.4;98.31;107.77;0.0;335.34
2020;1;202;beauce_5_sa_050;orgeh;orgeH_tousSols_nonirr_organique;167.75;62.8;91.3;28.73;0.0;310.4;248.32;182.65;289.44;59.47;310.4;99.5;300.08;0.0;2817.05
2020;203;272;beauce_5_sa_050;solnu;;96.69;0.0;28.44;19.35;0.0;182.65;218.32;56.91;310.4;59.47;310.4;0.0;160.18;0.0;0.0
2020;273;366;beauce_5_sa_050;orgeh;orgeH_tousSols_nonirr_organique;48.34;0.18;95.06;7.09;0.0;56.91;289.44;56.85;310.34;59.47;310.4;98.94;152.08;0.0;706.85
2020;1;228;beauce_5_sa_051;orgeh;orgeH_tousSols_nonirr_organique;240.3;34.66;93.96;45.59;0.0;310.4;248.32;203.03;304.26;56.91;310.4;99.55;362.42;0.0;2876.92
2020;229;311;beauce_5_sa_051;solnu;;90.03;0.0;49.71;20.69;0.0;203.03;271.92;55.15;308.64;56.91;310.4;0.0;147.57;0.0;0.0
2020;312;366;beauce_5_sa_051;orgeh;orgeH_tousSols_nonirr_organique;19.35;0.0;62.54;1.07;0.0;56.91;304.26;56.85;310.34;56.91;310.4;98.18;102.35;0.0;302.33
2020;1;186;beauce_5_sa_052;orgeh;orgeH_tousSols_nonirr_organique;181.59;38.37;94.2;31.36;0.0;310.4;248.32;153.18;288.04;56.91;310.4;99.46;292.09;0.0;2325.0
2020;187;288;beauce_5_sa_052;solnu;;125.85;0.0;38.52;22.21;0.0;153.18;222.37;49.83;303.32;56.91;310.4;0.0;178.73;0.0;0.0
2020;289;366;beauce_5_sa_052;orgeh;orgeH_tousSols_nonirr_organique;32.93;0.0;79.1;3.28;0.0;49.73;288.04;56.85;310.34;56.91;310.4;98.72;141.52;0.0;516.58
2020;1;228;beauce_5_sa_053;orgeh;orgeH_tousSols_nonirr_organique;155.71;83.15;123.93;24.43;0.0;310.4;248.32;240.97;310.4;79.95;310.4;99.56;362.42;0.0;3485.48
2020;229;261;beauce_5_sa_053;solnu;;52.06;0.0;24.28;6.39;0.0;240.97;213.46;45.22;298.71;79.95;310.4;0.0;64.19;0.0;0.0
2020;262;366;beauce_5_sa_053;orgeh;orgeH_tousSols_nonirr_organique;53.11;0.24;98.08;9.51;0.0;44.61;310.4;73.18;310.36;79.95;310.4;99.05;185.72;0.0;882.14
2020;1;176;beauce_5_sa_054;orgeh;orgeH_tousSols_nonirr_organique;166.37;38.22;94.33;27.45;0.0;310.4;248.32;144.2;290.03;56.91;310.4;99.43;277.74;0.0;2140.1
2020;177;288;beauce_5_sa_054;solnu;;142.27;0.0;37.34;27.15;0.0;144.2;222.31;49.83;303.32;56.91;310.4;0.0;193.08;0.0;0.0
2020;289;366;beauce_5_sa_054;orgeh;orgeH_tousSols_nonirr_organique;32.93;0.0;79.1;3.28;0.0;49.73;290.03;56.85;310.34;56.91;310.4;98.72;141.52;0.0;516.58
2020;1;226;beauce_5_sa_055;orgeh;orgeH_tousSols_nonirr_organique;224.49;40.25;95.61;41.7;0.0;310.4;248.32;213.38;304.92;56.91;310.4;99.55;356.58;0.0;3088.81
2020;227;285;beauce_5_sa_055;solnu;;76.34;0.0;41.23;16.39;0.0;213.38;220.39;49.47;302.96;56.91;310.4;0.0;113.09;0.0;0.0
2020;286;366;beauce_5_sa_055;orgeh;orgeH_tousSols_nonirr_organique;34.71;0.04;77.89;3.64;0.0;49.04;304.92;56.85;310.34;56.91;310.4;98.77;142.67;0.0;544.43
2020;1;231;beauce_5_sa_056;orgeh;orgeH_tousSols_nonirr_organique;238.04;37.53;94.12;44.68;0.0;310.4;248.32;214.33;306.63;56.91;310.4;99.56;365.34;0.0;3096.35
2020;232;293;beauce_5_sa_056;solnu;;73.82;0.0;46.39;18.01;0.0;214.33;238.77;55.97;309.46;56.91;310.4;0.0;131.93;0.0;0.0
2020;294;366;beauce_5_sa_056;orgeh;orgeH_tousSols_nonirr_organique;30.55;0.0;70.12;2.25;0.0;56.91;306.63;56.85;310.34;56.91;310.4;98.63;115.07;0.0;463.96
2020;1;221;beauce_5_sa_057;orgeh;orgeH_tousSols_nonirr_organique;136.72;90.02;108.49;21.32;0.0;310.4;248.32;236.61;309.8;87.64;310.4;99.54;353.57;0.0;3419.79
2020;222;257;beauce_5_sa_057;solnu;;62.43;0.0;39.53;6.7;0.0;236.61;215.51;47.03;300.51;87.64;310.4;0.0;72.91;0.0;0.0
2020;258;366;beauce_5_sa_057;orgeh;orgeH_tousSols_nonirr_organique;52.44;1.29;99.61;9.25;0.0;46.5;309.8;79.8;310.38;87.64;310.4;99.08;185.86;0.0;939.82
2020;1;202;beauce_5_sa_058;orgeh;orgeH_tousSols_nonirr_organique;206.68;34.9;93.75;39.1;0.0;310.4;248.32;149.39;275.96;56.91;310.4;99.5;300.08;0.0;2472.45
2020;203;302;beauce_5_sa_058;solnu;;120.36;0.0;47.15;26.66;0.0;149.39;248.8;54.29;307.78;56.91;310.4;0.0;199.33;0.0;0.0
2020;303;366;beauce_5_sa_058;orgeh;orgeH_tousSols_nonirr_organique;25.19;0.0;62.53;1.42;0.0;53.76;275.96;56.85;310.34;56.91;310.4;98.44;112.93;0.0;374.98
2020;1;202;beauce_5_sa_059;orgeh;orgeH_tousSols_nonirr_organique;207.87;34.66;93.96;39.5;0.0;310.4;248.32;146.71;274.81;56.91;310.4;99.49;300.08;0.0;2396.18
2020;203;311;beauce_5_sa_059;solnu;;126.15;0.0;46.04;27.55;0.0;146.71;271.92;55.14;308.63;56.91;310.4;0.0;209.91;0.0;0.0
2020;312;366;beauce_5_sa_059;orgeh;orgeH_tousSols_nonirr_organique;19.35;0.0;62.53;1.08;0.0;56.91;274.81;56.85;310.34;56.91;310.4;98.18;102.35;0.0;302.33
2020;1;226;beauce_5_sa_060;orgeh;orgeH_tousSols_nonirr_organique;238.05;34.61;93.76;44.57;0.0;310.4;248.32;196.44;298.83;56.91;310.4;99.55;356.58;0.0;2874.94
2020;227;306;beauce_5_sa_060;solnu;;88.37;0.0;49.92;20.87;0.0;196.44;264.88;55.93;309.41;56.91;310.4;0.0;146.34;0.0;0.0
2020;307;366;beauce_5_sa_060;orgeh;orgeH_tousSols_nonirr_organique;23.32;0.0;62.53;1.1;0.0;55.0;298.83;56.85;310.34;56.91;310.4;98.33;109.43;0.0;336.27
2020;1;200;beauce_5_sa_061;orgeh;orgeH_tousSols_nonirr_organique;136.67;82.05;94.01;20.78;0.0;310.4;248.32;197.58;297.83;76.21;310.4;99.49;300.08;0.0;2938.89
2020;201;263;beauce_5_sa_061;solnu;;90.69;0.0;36.98;11.88;0.0;197.58;226.01;44.15;297.64;76.21;310.4;0.0;126.74;0.0;0.0
2020;264;366;beauce_5_sa_061;orgeh;orgeH_tousSols_nonirr_organique;50.24;1.36;98.54;9.0;0.0;43.57;297.83;69.86;310.37;76.21;310.4;99.03;185.52;0.0;848.37
2020;1;214;beauce_5_sa_062;orgeh;orgeH_tousSols_nonirr_organique;193.34;50.68;93.11;35.42;0.0;310.4;248.32;196.62;295.39;56.91;310.4;99.53;326.34;0.0;2964.32
2020;215;277;beauce_5_sa_062;solnu;;89.32;0.0;43.62;17.73;0.0;196.62;219.52;56.91;310.4;56.91;310.4;0.0;142.91;0.0;0.0
2020;278;366;beauce_5_sa_062;orgeh;orgeH_tousSols_nonirr_organique;40.49;0.09;79.92;3.26;0.0;54.62;295.39;56.85;310.34;56.91;310.4;98.88;143.08;0.0;639.11
2020;1;194;beauce_5_sa_063;orgeh;orgeH_tousSols_nonirr_organique;136.27;78.86;92.87;20.19;0.0;310.4;248.32;193.14;300.91;73.05;310.4;99.48;298.28;0.0;2796.85
2020;195;265;beauce_5_sa_063;solnu;;99.56;0.0;34.43;17.79;0.0;193.14;227.07;42.56;296.04;73.05;310.4;0.0;130.06;0.0;0.0
2020;266;366;beauce_5_sa_063;orgeh;orgeH_tousSols_nonirr_organique;53.06;0.47;95.04;9.38;0.0;43.69;300.91;66.26;310.34;73.05;310.4;99.0;184.0;0.0;815.93
2020;1;188;beauce_5_sa_064;orgeh;orgeH_tousSols_nonirr_organique;156.69;60.54;91.62;24.92;0.0;310.4;248.32;172.05;294.46;57.49;310.4;99.46;292.09;0.0;2541.92
2020;189;273;beauce_5_sa_064;solnu;;108.64;0.0;43.58;17.33;0.0;172.05;217.54;56.91;310.4;57.49;310.4;0.0;168.17;0.0;0.0
2020;274;366;beauce_5_sa_064;orgeh;orgeH_tousSols_nonirr_organique;45.97;0.3;83.19;4.83;0.0;54.25;294.46;56.87;310.36;57.49;310.4;98.92;152.08;0.0;693.54
2020;1;177;beauce_5_sa_065;orgeh;orgeH_tousSols_nonirr_organique;162.81;41.1;94.25;26.92;0.0;310.4;248.32;147.82;290.77;56.91;310.4;99.43;277.74;0.0;2199.95
2020;178;284;beauce_5_sa_065;solnu;;140.85;0.0;38.5;28.38;0.0;147.82;221.08;49.88;303.36;56.91;310.4;0.0;191.93;0.0;0.0
2020;285;366;beauce_5_sa_065;orgeh;orgeH_tousSols_nonirr_organique;34.98;0.04;78.03;3.66;0.0;49.43;290.77;56.85;310.34;56.91;310.4;98.78;142.67;0.0;555.77
2020;1;189;beauce_5_sa_066;orgeh;orgeH_tousSols_nonirr_organique;116.63;86.57;97.88;15.99;0.0;310.4;248.32;192.98;302.23;82.25;310.4;99.47;292.09;0.0;2777.92
2020;190;260;beauce_5_sa_066;solnu;;102.33;0.0;35.76;13.26;0.0;192.98;214.3;45.04;298.53;82.25;310.4;0.0;134.52;0.0;0.0
2020;261;366;beauce_5_sa_066;orgeh;orgeH_tousSols_nonirr_organique;50.12;1.71;99.53;9.08;0.0;44.86;302.23;75.01;310.38;82.25;310.4;99.06;185.72;0.0;894.86
2020;1;177;beauce_5_sa_067;orgeh;orgeH_tousSols_nonirr_organique;175.7;34.28;93.75;30.21;0.0;310.4;248.32;132.16;285.21;56.91;310.4;99.43;277.74;0.0;2007.85
2020;178;302;beauce_5_sa_067;solnu;;151.24;0.0;47.87;32.14;0.0;132.16;248.8;54.29;307.78;56.91;310.4;0.0;221.68;0.0;0.0
2020;303;366;beauce_5_sa_067;orgeh;orgeH_tousSols_nonirr_organique;25.19;0.0;62.53;1.42;0.0;53.76;285.21;56.85;310.34;56.91;310.4;98.44;112.93;0.0;374.98
2020;1;182;beauce_5_sa_068;orgeh;orgeH_tousSols_nonirr_organique;148.7;60.4;91.63;23.26;0.0;310.4;248.32;166.08;295.31;57.49;310.4;99.45;284.83;0.0;2426.99
2020;183;273;beauce_5_sa_068;solnu;;120.11;0.0;40.24;22.04;0.0;166.08;217.7;56.91;310.4;57.49;310.4;0.0;175.43;0.0;0.0
2020;274;366;beauce_5_sa_068;orgeh;orgeH_tousSols_nonirr_organique;47.46;0.02;82.01;5.0;0.0;54.25;295.31;56.85;310.34;57.49;310.4;98.92;152.08;0.0;693.54
2020;1;180;beauce_5_sa_069;orgeh;orgeH_tousSols_nonirr_organique;171.26;37.69;93.9;29.89;0.0;310.4;248.32;149.34;293.2;56.91;310.4;99.44;284.83;0.0;2167.28
2020;181;291;beauce_5_sa_069;solnu;;139.03;0.0;39.09;21.01;0.0;149.34;228.87;47.59;301.07;56.91;310.4;0.0;203.32;0.0;0.0
2020;292;366;beauce_5_sa_069;orgeh;orgeH_tousSols_nonirr_organique;31.86;0.0;77.75;3.48;0.0;56.91;293.2;56.85;310.34;56.91;310.4;98.67;124.19;0.0;486.37
2020;1;214;beauce_5_sa_070;orgeh;orgeH_tousSols_nonirr_organique;220.15;34.85;93.93;42.33;0.0;310.4;248.32;168.17;283.58;56.91;310.4;99.52;326.34;0.0;2641.35
2020;215;308;beauce_5_sa_070;solnu;;109.72;0.0;47.25;25.05;0.0;168.17;270.16;56.38;309.87;56.91;310.4;0.0;178.23;0.0;0.0
2020;309;366;beauce_5_sa_070;orgeh;orgeH_tousSols_nonirr_organique;22.11;0.0;62.54;1.03;0.0;55.65;283.58;56.85;310.34;56.91;310.4;98.28;107.77;0.0;322.77
2020;1;186;beauce_5_sa_071;orgeh;orgeH_tousSols_nonirr_organique;192.88;34.62;93.88;34.14;0.0;310.4;248.32;134.92;280.82;56.91;310.4;99.46;292.09;0.0;2051.62
2020;187;316;beauce_5_sa_071;solnu;;143.42;0.0;47.83;29.88;0.0;134.92;276.65;55.28;308.77;56.91;310.4;0.0;218.1;0.0;0.0
2020;317;366;beauce_5_sa_071;orgeh;orgeH_tousSols_nonirr_organique;17.19;0.0;60.74;0.9;0.0;55.02;280.82;56.85;310.34;56.91;310.4;98.0;102.14;0.0;271.49
2020;1;174;beauce_5_sa_072;orgeh;orgeH_tousSols_nonirr_organique;130.0;67.79;90.29;17.29;0.0;310.4;248.32;164.75;300.06;63.34;310.4;99.42;276.93;0.0;2329.45
2020;175;270;beauce_5_sa_072;solnu;;125.04;0.0;29.73;17.38;0.0;164.75;220.69;45.17;298.65;63.34;310.4;0.0;153.36;0.0;0.0
2020;271;366;beauce_5_sa_072;orgeh;orgeH_tousSols_nonirr_organique;49.37;0.24;98.09;8.8;0.0;44.18;300.06;57.21;310.36;63.34;310.4;98.96;182.05;0.0;738.74
2020;1;180;beauce_5_sa_073;orgeh;orgeH_tousSols_nonirr_organique;163.36;43.25;94.03;28.1;0.0;310.4;248.32;156.46;295.4;56.91;310.4;99.44;284.83;0.0;2262.04
2020;181;283;beauce_5_sa_073;solnu;;138.93;0.0;37.21;26.4;0.0;156.46;218.0;50.46;303.94;56.91;310.4;0.0;184.84;0.0;0.0
2020;284;366;beauce_5_sa_073;orgeh;orgeH_tousSols_nonirr_organique;34.36;0.04;79.38;3.25;0.0;50.19;295.4;56.85;310.34;56.91;310.4;98.8;142.67;0.0;563.98
2020;1;209;beauce_5_sa_074;orgeh;orgeH_tousSols_nonirr_organique;208.88;35.96;93.99;40.78;0.0;310.4;248.32;167.47;284.73;56.91;310.4;99.51;321.31;0.0;2652.48
2020;210;296;beauce_5_sa_074;solnu;;112.3;0.0;48.71;25.47;0.0;167.47;240.95;55.18;308.67;56.91;310.4;0.0;175.99;0.0;0.0
2020;297;366;beauce_5_sa_074;orgeh;orgeH_tousSols_nonirr_organique;27.86;0.0;62.86;1.59;0.0;54.6;284.73;56.85;310.34;56.91;310.4;98.57;115.04;0.0;434.83
2020;1;204;beauce_5_sa_075;orgeh;orgeH_tousSols_nonirr_organique;208.16;34.61;93.86;40.17;0.0;310.4;248.32;151.96;277.33;56.91;310.4;99.5;302.75;0.0;2489.93
2020;205;304;beauce_5_sa_075;solnu;;118.12;0.0;48.91;21.17;0.0;151.96;251.72;53.93;307.42;56.91;310.4;0.0;197.12;0.0;0.0
2020;305;366;beauce_5_sa_075;orgeh;orgeH_tousSols_nonirr_organique;24.2;0.0;62.71;1.35;0.0;53.27;277.33;56.85;310.34;56.91;310.4;98.39;112.47;0.0;355.75
2020;1;174;beauce_5_sa_076;orgeh;orgeH_tousSols_nonirr_organique;142.65;57.69;92.14;20.29;0.0;310.4;248.32;157.97;295.66;56.91;310.4;99.42;276.93;0.0;2265.72
2020;175;274;beauce_5_sa_076;solnu;;132.94;0.0;38.32;25.38;0.0;157.97;221.57;54.25;307.74;56.91;310.4;0.0;183.33;0.0;0.0
2020;275;366;beauce_5_sa_076;orgeh;orgeH_tousSols_nonirr_organique;44.46;0.14;82.23;5.21;0.0;53.26;295.66;56.85;310.34;56.91;310.4;98.91;152.08;0.0;681.09
2020;1;221;beauce_5_sa_077;orgeh;orgeH_tousSols_nonirr_organique;230.24;34.5;93.89;43.7;0.0;310.4;248.32;178.67;286.39;56.91;310.4;99.54;353.57;0.0;2778.58
2020;222;307;beauce_5_sa_077;solnu;;97.01;0.0;49.8;18.35;0.0;178.67;268.9;55.2;308.69;56.91;310.4;0.0;151.0;0.0;0.0
2020;308;366;beauce_5_sa_077;orgeh;orgeH_tousSols_nonirr_organique;22.4;0.0;62.73;1.15;0.0;56.59;286.39;56.85;310.34;56.91;310.4;98.31;107.77;0.0;335.34
2020;1;213;beauce_5_sa_078;orgeh;orgeH_tousSols_nonirr_organique;214.63;35.99;93.99;41.18;0.0;310.4;248.32;174.58;287.91;56.91;310.4;99.52;321.31;0.0;2721.26
2020;214;296;beauce_5_sa_078;solnu;;101.35;0.0;53.88;13.94;0.0;174.58;240.66;55.18;308.67;56.91;310.4;0.0;175.99;0.0;0.0
2020;297;366;beauce_5_sa_078;orgeh;orgeH_tousSols_nonirr_organique;27.83;0.0;62.89;1.56;0.0;54.61;287.91;56.85;310.34;56.91;310.4;98.57;115.04;0.0;434.83
2020;1;193;beauce_5_sa_079;orgeh;orgeH_tousSols_nonirr_organique;161.85;60.46;91.62;26.47;0.0;310.4;248.32;177.92;294.97;57.49;310.4;99.48;297.69;0.0;2634.05
2020;194;273;beauce_5_sa_079;solnu;;104.53;0.0;42.61;16.43;0.0;177.92;217.53;56.91;310.4;57.49;310.4;0.0;162.57;0.0;0.0
2020;274;366;beauce_5_sa_079;orgeh;orgeH_tousSols_nonirr_organique;45.47;0.46;83.54;4.75;0.0;54.25;294.97;56.88;310.36;57.49;310.4;98.92;152.08;0.0;693.54
2020;1;178;beauce_5_sa_080;orgeh;orgeH_tousSols_nonirr_organique;178.79;33.87;93.96;31.43;0.0;310.4;248.32;127.57;282.32;56.91;310.4;99.43;277.85;0.0;1908.44
2020;179;315;beauce_5_sa_080;solnu;;157.66;0.0;47.95;33.15;0.0;127.57;277.14;55.69;309.17;56.91;310.4;0.0;232.35;0.0;0.0
2020;316;366;beauce_5_sa_080;orgeh;orgeH_tousSols_nonirr_organique;17.54;0.0;60.79;0.88;0.0;55.28;282.32;56.85;310.34;56.91;310.4;98.04;102.14;0.0;275.37
2020;1;201;beauce_5_sa_081;orgeh;orgeH_tousSols_nonirr_organique;205.15;34.88;93.7;38.33;0.0;310.4;248.32;151.01;277.57;56.91;310.4;99.49;300.08;0.0;2481.67
2020;202;299;beauce_5_sa_081;solnu;;119.75;0.0;48.02;26.45;0.0;151.01;239.9;54.93;308.42;56.91;310.4;0.0;199.33;0.0;0.0
2020;300;366;beauce_5_sa_081;orgeh;orgeH_tousSols_nonirr_organique;26.43;0.0;62.64;1.44;0.0;55.2;277.57;56.85;310.34;56.91;310.4;98.51;112.93;0.0;405.75
2020;1;216;beauce_5_sa_082;orgeh;orgeH_tousSols_nonirr_organique;204.41;44.81;93.97;38.31;0.0;310.4;248.32;194.08;294.79;56.91;310.4;99.53;326.77;0.0;2939.84
2020;217;282;beauce_5_sa_082;solnu;;93.39;0.0;40.17;18.46;0.0;194.08;218.69;50.24;303.72;56.91;310.4;0.0;142.74;0.0;0.0
2020;283;366;beauce_5_sa_082;orgeh;orgeH_tousSols_nonirr_organique;35.13;0.06;78.63;3.79;0.0;50.29;294.79;56.85;310.34;56.91;310.4;98.81;142.83;0.0;579.69
2020;1;186;beauce_5_sa_083;orgeh;orgeH_tousSols_nonirr_organique;192.24;34.49;93.95;34.16;0.0;310.4;248.32;136.65;281.53;56.91;310.4;99.46;292.09;0.0;2091.87
2020;187;312;beauce_5_sa_083;solnu;;141.62;0.0;48.51;29.68;0.0;136.65;270.93;56.91;310.4;56.91;310.4;0.0;217.9;0.0;0.0
2020;313;366;beauce_5_sa_083;orgeh;orgeH_tousSols_nonirr_organique;18.87;0.0;60.89;0.77;0.0;56.65;281.53;56.85;310.34;56.91;310.4;98.15;102.35;0.0;293.43
2020;1;192;beauce_5_sa_084;orgeh;orgeH_tousSols_nonirr_organique;191.66;36.36;94.03;35.13;0.0;310.4;248.32;153.02;286.5;56.91;310.4;99.47;297.69;0.0;2353.12
2020;193;295;beauce_5_sa_084;solnu;;128.16;0.0;48.91;27.33;0.0;153.02;241.77;55.87;309.36;56.91;310.4;0.0;199.6;0.0;0.0
2020;296;366;beauce_5_sa_084;orgeh;orgeH_tousSols_nonirr_organique;28.49;0.0;62.96;1.54;0.0;55.18;286.5;56.85;310.34;56.91;310.4;98.59;115.04;0.0;445.94
2020;1;194;beauce_5_sa_085;orgeh;orgeH_tousSols_nonirr_organique;182.09;45.48;93.86;31.5;0.0;310.4;248.32;164.56;287.47;56.91;310.4;99.48;298.28;0.0;2538.79
2020;195;282;beauce_5_sa_085;solnu;;115.61;0.0;39.56;19.72;0.0;164.56;218.53;50.38;303.87;56.91;310.4;0.0;171.23;0.0;0.0
2020;283;366;beauce_5_sa_085;orgeh;orgeH_tousSols_nonirr_organique;35.18;0.01;78.78;3.67;0.0;50.45;287.47;56.85;310.34;56.91;310.4;98.81;142.83;0.0;579.69
2020;1;228;beauce_5_sa_086;orgeh;orgeH_tousSols_nonirr_organique;233.68;37.03;94.12;44.24;0.0;310.4;248.32;213.1;308.35;56.91;310.4;99.55;362.42;0.0;3039.44
2020;229;293;beauce_5_sa_086;solnu;;77.67;0.0;47.4;15.99;0.0;213.1;238.54;55.97;309.46;56.91;310.4;0.0;134.84;0.0;0.0
2020;294;366;beauce_5_sa_086;orgeh;orgeH_tousSols_nonirr_organique;30.55;0.0;70.12;2.23;0.0;56.91;308.35;56.85;310.34;56.91;310.4;98.63;115.07;0.0;463.96
2020;1;226;beauce_5_sa_087;orgeh;orgeH_tousSols_nonirr_organique;235.02;35.62;93.96;44.17;0.0;310.4;248.32;200.32;300.66;56.91;310.4;99.55;356.58;0.0;2954.38
2020;227;297;beauce_5_sa_087;solnu;;83.02;0.0;52.8;16.33;0.0;200.32;240.24;54.61;308.09;56.91;310.4;0.0;141.93;0.0;0.0
2020;298;366;beauce_5_sa_087;orgeh;orgeH_tousSols_nonirr_organique;27.35;0.0;62.79;1.59;0.0;55.4;300.66;56.85;310.34;56.91;310.4;98.55;113.83;0.0;424.97
2020;1;190;beauce_5_sa_088;orgeh;orgeH_tousSols_nonirr_organique;187.31;38.38;93.96;32.72;0.0;310.4;248.32;151.92;283.65;56.91;310.4;99.47;292.54;0.0;2373.55
2020;191;290;beauce_5_sa_088;solnu;;123.6;0.0;37.0;24.37;0.0;151.92;221.11;48.29;301.78;56.91;310.4;0.0;178.28;0.0;0.0
2020;291;366;beauce_5_sa_088;orgeh;orgeH_tousSols_nonirr_organique;32.36;0.0;77.96;3.45;0.0;47.8;283.65;56.85;310.34;56.91;310.4;98.68;141.52;0.0;495.65
2020;1;229;beauce_5_sa_089;orgeh;orgeH_tousSols_nonirr_organique;203.35;59.01;101.81;35.82;0.0;310.4;248.32;229.18;309.46;56.91;310.4;99.56;362.42;0.0;3286.22
2020;230;274;beauce_5_sa_089;solnu;;59.7;0.0;39.87;9.22;0.0;229.18;221.43;54.25;307.74;56.91;310.4;0.0;97.84;0.0;0.0
2020;275;366;beauce_5_sa_089;orgeh;orgeH_tousSols_nonirr_organique;44.87;0.02;81.94;5.16;0.0;53.26;309.46;56.85;310.34;56.91;310.4;98.91;152.08;0.0;681.09
2020;1;174;beauce_5_sa_090;orgeh;orgeH_tousSols_nonirr_organique;175.26;31.32;93.9;28.9;0.0;310.4;248.32;129.35;287.65;56.91;310.4;99.42;276.93;0.0;1843.55
2020;175;314;beauce_5_sa_090;solnu;;160.73;0.0;50.41;32.8;0.0;129.35;277.32;56.09;309.58;56.91;310.4;0.0;233.27;0.0;0.0
2020;315;366;beauce_5_sa_090;orgeh;orgeH_tousSols_nonirr_organique;18.06;0.0;60.88;0.79;0.0;55.69;287.65;56.85;310.34;56.91;310.4;98.08;102.14;0.0;279.17
2020;1;205;beauce_5_sa_091;orgeh;orgeH_tousSols_nonirr_organique;147.92;77.47;92.15;24.11;0.0;310.4;248.32;199.01;296.42;71.46;310.4;99.51;302.75;0.0;2973.68
2020;206;266;beauce_5_sa_091;solnu;;90.46;0.0;34.34;17.37;0.0;199.01;226.16;43.72;297.2;71.46;310.4;0.0;127.23;0.0;0.0
2020;267;366;beauce_5_sa_091;orgeh;orgeH_tousSols_nonirr_organique;52.92;0.4;94.9;9.06;0.0;44.57;296.42;64.39;310.34;71.46;310.4;99.0;182.36;0.0;804.16
2020;1;189;beauce_5_sa_092;orgeh;orgeH_tousSols_nonirr_organique;148.28;67.24;90.5;23.0;0.0;310.4;248.32;178.24;297.28;63.34;310.4;99.47;292.09;0.0;2609.96
2020;190;270;beauce_5_sa_092;solnu;;108.16;0.0;31.37;20.63;0.0;178.24;220.75;42.46;295.95;63.34;310.4;0.0;138.19;0.0;0.0
2020;271;366;beauce_5_sa_092;orgeh;orgeH_tousSols_nonirr_organique;50.3;0.23;94.49;8.94;0.0;41.25;297.28;57.19;310.34;63.34;310.4;98.96;182.05;0.0;738.74
2020;1;191;beauce_5_sa_093;orgeh;orgeH_tousSols_nonirr_organique;196.2;34.61;93.89;35.74;0.0;310.4;248.32;140.55;279.05;56.91;310.4;99.47;297.33;0.0;2226.63
2020;192;307;beauce_5_sa_093;solnu;;133.95;0.0;46.61;27.83;0.0;140.55;268.97;55.38;308.86;56.91;310.4;0.0;207.24;0.0;0.0
2020;308;366;beauce_5_sa_093;orgeh;orgeH_tousSols_nonirr_organique;22.39;0.0;62.91;1.13;0.0;56.77;279.05;56.85;310.34;56.91;310.4;98.31;107.77;0.0;335.34
2020;1;170;beauce_5_sa_094;orgeh;orgeH_tousSols_nonirr_organique;113.29;77.47;92.15;12.41;0.0;310.4;248.32;170.02;304.69;71.46;310.4;99.41;276.39;0.0;2323.15
2020;171;266;beauce_5_sa_094;solnu;;129.96;0.0;29.58;23.95;0.0;170.02;226.16;43.61;297.09;71.46;310.4;0.0;153.59;0.0;0.0
2020;267;366;beauce_5_sa_094;orgeh;orgeH_tousSols_nonirr_organique;52.85;0.44;94.82;9.04;0.0;44.45;304.69;64.39;310.34;71.46;310.4;98.99;182.36;0.0;804.16
2020;1;210;beauce_5_sa_095;orgeh;orgeH_tousSols_nonirr_organique;214.81;34.85;93.97;41.77;0.0;310.4;248.32;167.08;288.9;56.91;310.4;99.51;321.31;0.0;2472.31
2020;211;318;beauce_5_sa_095;solnu;;122.22;0.0;47.28;26.91;0.0;167.08;278.44;54.8;308.29;56.91;310.4;0.0;189.36;0.0;0.0
2020;319;366;beauce_5_sa_095;orgeh;orgeH_tousSols_nonirr_organique;16.81;0.0;60.64;0.91;0.0;54.97;288.9;56.85;310.34;56.91;310.4;97.92;101.67;0.0;257.58
2020;1;203;beauce_5_sa_096;orgeh;orgeH_tousSols_nonirr_organique;128.94;85.95;98.14;19.78;0.0;310.4;248.32;203.14;298.27;82.25;310.4;99.5;302.75;0.0;3035.19
2020;204;260;beauce_5_sa_096;solnu;;90.09;0.0;36.43;14.32;0.0;203.14;214.36;44.67;298.15;82.25;310.4;0.0;123.87;0.0;0.0
2020;261;366;beauce_5_sa_096;orgeh;orgeH_tousSols_nonirr_organique;53.44;0.74;96.84;9.54;0.0;44.45;298.27;74.98;310.34;82.25;310.4;99.05;185.72;0.0;894.86
2020;1;213;beauce_5_sa_097;orgeh;orgeH_tousSols_nonirr_organique;191.23;52.42;93.03;34.86;0.0;310.4;248.32;196.01;295.84;56.91;310.4;99.53;321.31;0.0;2944.87
2020;214;277;beauce_5_sa_097;solnu;;90.6;0.0;42.79;17.0;0.0;196.01;219.51;56.91;310.4;56.91;310.4;0.0;147.95;0.0;0.0
2020;278;366;beauce_5_sa_097;orgeh;orgeH_tousSols_nonirr_organique;40.86;0.01;79.62;3.32;0.0;54.62;295.84;56.85;310.34;56.91;310.4;98.88;143.08;0.0;639.11
2020;1;194;beauce_5_sa_098;orgeh;orgeH_tousSols_nonirr_organique;176.02;50.8;93.3;29.82;0.0;310.4;248.32;169.26;288.78;56.91;310.4;99.48;298.28;0.0;2591.31
2020;195;278;beauce_5_sa_098;solnu;;112.01;0.0;40.22;20.84;0.0;169.26;219.27;54.62;308.11;56.91;310.4;0.0;170.98;0.0;0.0
2020;279;366;beauce_5_sa_098;orgeh;orgeH_tousSols_nonirr_organique;38.42;0.08;79.71;3.51;0.0;53.56;288.78;56.85;310.34;56.91;310.4;98.86;143.08;0.0;631.3
2020;1;207;beauce_5_sa_099;orgeh;orgeH_tousSols_nonirr_organique;210.78;34.8;93.86;40.91;0.0;310.4;248.32;153.13;275.22;56.91;310.4;99.51;303.45;0.0;2550.18
2020;208;304;beauce_5_sa_099;solnu;;117.64;0.0;46.72;26.66;0.0;153.13;251.84;53.78;307.27;56.91;310.4;0.0;196.42;0.0;0.0
2020;305;366;beauce_5_sa_099;orgeh;orgeH_tousSols_nonirr_organique;24.26;0.0;62.5;1.41;0.0;53.08;275.22;56.85;310.34;56.91;310.4;98.39;112.47;0.0;355.75
2021;1;224;beauce_5_sa_000;orgeh;orgeH_tousSols_nonirr_organique;242.78;21.51;202.04;49.33;0.0;310.4;248.32;188.99;304.25;56.91;310.4;99.55;437.61;0.0;2619.1
2021;225;311;beauce_5_sa_000;solnu;;83.75;0.0;53.18;22.56;0.11;188.99;270.93;56.91;310.4;56.91;310.4;0.0;144.15;0.0;0.0
2021;312;365;beauce_5_sa_000;orgeh;orgeH_tousSols_nonirr_organique;18.36;0.0;118.26;0.83;0.0;56.9;300.37;56.91;310.4;56.91;310.4;98.15;135.65;0.0;261.08
2021;1;203;beauce_5_sa_001;orgeh;orgeH_tousSols_nonirr_organique;213.21;16.83;207.63;38.92;0.0;310.4;248.32;188.89;303.44;59.84;310.4;99.51;408.12;0.0;2680.48
2021;204;268;beauce_5_sa_001;solnu;;78.97;0.0;40.84;19.05;0.11;188.89;221.97;41.02;294.51;59.84;310.4;0.0;110.99;0.0;0.0
2021;269;365;beauce_5_sa_001;orgeh;orgeH_tousSols_nonirr_organique;44.8;0.37;137.23;4.87;0.0;40.48;293.21;63.41;310.4;59.84;310.4;98.93;198.3;0.0;765.4
2021;1;226;beauce_5_sa_002;orgeh;orgeH_tousSols_nonirr_organique;239.28;24.32;204.83;48.77;0.0;310.4;248.32;196.92;302.16;56.91;310.4;99.56;437.61;0.0;2854.3
2021;227;289;beauce_5_sa_002;solnu;;63.19;0.0;37.43;11.59;0.11;196.92;221.01;54.74;308.22;56.91;310.4;0.0;106.8;0.0;0.0
2021;290;365;beauce_5_sa_002;orgeh;orgeH_tousSols_nonirr_organique;31.72;0.0;139.09;2.57;0.0;53.56;303.69;56.91;310.4;56.91;310.4;98.68;173.0;0.0;479.74
2021;1;194;beauce_5_sa_003;orgeh;orgeH_tousSols_nonirr_organique;201.43;20.26;200.48;38.03;0.0;310.4;248.32;166.65;304.51;56.91;310.4;99.48;397.27;0.0;2258.65
2021;195;291;beauce_5_sa_003;solnu;;113.29;0.0;39.76;28.1;0.11;166.65;238.12;48.88;302.36;56.91;310.4;0.0;155.86;0.0;0.0
2021;292;365;beauce_5_sa_003;orgeh;orgeH_tousSols_nonirr_organique;29.79;0.02;134.85;2.68;0.0;56.83;284.0;56.91;310.4;56.91;310.4;98.65;164.28;0.0;452.16
2021;1;196;beauce_5_sa_004;orgeh;orgeH_tousSols_nonirr_organique;203.41;18.32;202.83;38.57;0.0;310.4;248.32;176.27;308.4;56.91;310.4;99.49;401.67;0.0;2380.18
2021;197;282;beauce_5_sa_004;solnu;;103.4;0.0;40.03;26.09;0.11;176.27;218.01;37.91;291.39;56.91;310.4;0.0;124.85;0.0;0.0
2021;283;365;beauce_5_sa_004;orgeh;orgeH_tousSols_nonirr_organique;37.1;0.08;134.7;3.68;0.0;37.28;286.14;56.91;310.4;56.91;310.4;98.77;190.89;0.0;557.21
2021;1;198;beauce_5_sa_005;orgeh;orgeH_tousSols_nonirr_organique;191.65;22.41;213.1;34.77;0.0;310.4;248.32;198.61;310.28;73.73;310.4;99.49;404.45;0.0;2727.94
2021;199;260;beauce_5_sa_005;solnu;;83.33;0.0;41.52;16.66;0.11;198.61;213.57;45.72;299.21;73.73;310.4;0.0;113.89;0.0;0.0
2021;261;365;beauce_5_sa_005;orgeh;orgeH_tousSols_nonirr_organique;47.26;0.75;139.87;5.24;0.0;44.7;299.31;76.79;310.4;73.73;310.4;99.04;199.07;0.0;890.78
2021;1;201;beauce_5_sa_006;orgeh;orgeH_tousSols_nonirr_organique;211.25;22.14;199.05;39.09;0.0;310.4;248.32;173.61;308.66;56.91;310.4;99.5;408.12;0.0;2332.43
2021;202;295;beauce_5_sa_006;solnu;;104.23;0.0;49.04;25.76;0.11;173.61;240.95;56.91;310.4;56.91;310.4;0.0;155.12;0.0;0.0
2021;296;365;beauce_5_sa_006;orgeh;orgeH_tousSols_nonirr_organique;26.88;0.01;127.28;1.04;0.0;55.52;278.38;56.91;310.4;56.91;310.4;98.57;154.17;0.0;409.08
2021;1;217;beauce_5_sa_007;orgeh;orgeH_tousSols_nonirr_organique;227.95;24.55;200.68;45.4;0.0;310.4;248.32;185.04;299.74;56.91;310.4;99.54;421.35;0.0;2690.44
2021;218;290;beauce_5_sa_007;solnu;;74.6;0.0;42.47;13.31;0.11;185.04;228.93;53.56;307.05;56.91;310.4;0.0;123.36;0.0;0.0
2021;291;365;beauce_5_sa_007;orgeh;orgeH_tousSols_nonirr_organique;30.57;0.0;139.07;2.63;0.0;53.34;289.55;56.91;310.4;56.91;310.4;98.67;172.7;0.0;465.03
2021;1;207;beauce_5_sa_008;orgeh;orgeH_tousSols_nonirr_organique;220.72;18.05;202.92;41.85;0.0;310.4;248.32;179.14;300.43;56.91;310.4;99.52;417.7;0.0;2569.85
2021;208;282;beauce_5_sa_008;solnu;;85.65;0.0;40.59;23.08;0.11;179.14;218.01;37.98;291.47;56.91;310.4;0.0;108.82;0.0;0.0
2021;283;365;beauce_5_sa_008;orgeh;orgeH_tousSols_nonirr_organique;37.06;0.08;134.8;3.68;0.0;37.35;282.29;56.91;310.4;56.91;310.4;98.77;190.89;0.0;557.21
2021;1;204;beauce_5_sa_009;orgeh;orgeH_tousSols_nonirr_organique;219.02;21.48;197.67;40.4;0.0;310.4;248.32;165.43;302.93;56.91;310.4;99.51;409.14;0.0;2220.6
2021;205;315;beauce_5_sa_009;solnu;;110.84;0.0;69.72;27.92;0.11;165.43;276.65;56.38;309.87;56.91;310.4;0.0;186.59;0.0;0.0
2021;316;365;beauce_5_sa_009;orgeh;orgeH_tousSols_nonirr_organique;15.73;0.0;105.42;0.73;0.0;55.83;275.51;56.91;310.4;56.91;310.4;98.0;121.69;0.0;226.53
2021;1;223;beauce_5_sa_010;orgeh;orgeH_tousSols_nonirr_organique;240.55;22.34;202.6;48.39;0.0;310.4;248.32;189.64;303.59;56.91;310.4;99.55;437.61;0.0;2705.07
2021;224;299;beauce_5_sa_010;solnu;;78.07;0.0;45.69;19.44;0.11;189.64;247.34;53.62;307.1;56.91;310.4;0.0;125.87;0.0;0.0
2021;300;365;beauce_5_sa_010;orgeh;orgeH_tousSols_nonirr_organique;23.62;0.0;127.01;1.13;0.0;53.1;303.78;56.91;310.4;56.91;310.4;98.48;153.92;0.0;369.5
2021;1;187;beauce_5_sa_011;orgeh;orgeH_tousSols_nonirr_organique;180.1;25.88;203.17;33.03;0.0;310.4;248.32;169.22;304.73;56.91;310.4;99.47;389.15;0.0;2299.66
2021;188;276;beauce_5_sa_011;solnu;;109.03;0.0;41.25;21.3;0.11;169.22;219.35;44.03;297.51;56.91;310.4;0.0;134.9;0.0;0.0
2021;277;365;beauce_5_sa_011;orgeh;orgeH_tousSols_nonirr_organique;39.33;0.03;141.11;3.95;0.0;43.63;292.46;56.91;310.4;56.91;310.4;98.87;193.35;0.0;647.88
2021;1;198;beauce_5_sa_012;orgeh;orgeH_tousSols_nonirr_organique;201.96;25.53;199.79;37.04;0.0;310.4;248.32;173.91;310.14;56.91;310.4;99.49;404.45;0.0;2301.81
2021;199;293;beauce_5_sa_012;solnu;;102.37;0.0;51.4;17.76;0.11;173.91;237.54;56.91;310.4;56.91;310.4;0.0;157.74;0.0;0.0
2021;294;365;beauce_5_sa_012;orgeh;orgeH_tousSols_nonirr_organique;28.33;0.0;130.49;1.48;0.0;56.91;279.67;56.91;310.4;56.91;310.4;98.61;155.22;0.0;431.38
2021;1;197;beauce_5_sa_013;orgeh;orgeH_tousSols_nonirr_organique;204.03;16.9;205.48;38.29;0.0;310.4;248.32;183.86;308.24;56.91;310.4;99.49;404.45;0.0;2511.57
2021;198;273;beauce_5_sa_013;solnu;;95.46;0.0;40.45;22.52;0.11;183.86;221.57;41.11;294.6;56.91;310.4;0.0;119.61;0.0;0.0
2021;274;365;beauce_5_sa_013;orgeh;orgeH_tousSols_nonirr_organique;40.8;0.25;136.51;3.88;0.0;40.32;289.95;56.91;310.4;56.91;310.4;98.88;193.35;0.0;694.43
2021;1;185;beauce_5_sa_014;orgeh;orgeH_tousSols_nonirr_organique;177.61;24.95;203.12;32.64;0.0;310.4;248.32;170.4;307.97;56.91;310.4;99.46;380.88;0.0;2265.62
2021;186;276;beauce_5_sa_014;solnu;;112.18;0.0;40.73;19.45;0.11;170.4;219.39;44.86;298.34;56.91;310.4;0.0;143.17;0.0;0.0
2021;277;365;beauce_5_sa_014;orgeh;orgeH_tousSols_nonirr_organique;39.01;0.04;142.24;3.88;0.0;44.49;293.63;56.91;310.4;56.91;310.4;98.88;193.35;0.0;647.88
2021;1;191;beauce_5_sa_015;orgeh;orgeH_tousSols_nonirr_organique;193.29;16.72;207.63;36.26;0.0;310.4;248.32;180.52;306.16;59.84;310.4;99.48;390.81;0.0;2480.88
2021;192;268;beauce_5_sa_015;solnu;;100.05;0.0;39.87;23.51;0.11;180.52;221.97;40.94;294.43;59.84;310.4;0.0;128.29;0.0;0.0
2021;269;365;beauce_5_sa_015;orgeh;orgeH_tousSols_nonirr_organique;44.81;0.37;137.14;4.86;0.0;40.4;297.13;63.41;310.4;59.84;310.4;98.93;198.3;0.0;765.4
2021;1;181;beauce_5_sa_016;orgeh;orgeH_tousSols_nonirr_organique;138.17;54.03;191.69;23.09;0.0;310.4;248.32;175.05;305.39;68.57;310.4;99.45;357.48;0.0;2387.41
2021;182;263;beauce_5_sa_016;solnu;;112.48;0.0;54.2;19.61;0.11;175.05;224.88;47.18;300.67;68.57;310.4;0.0;160.86;0.0;0.0
2021;264;365;beauce_5_sa_016;orgeh;orgeH_tousSols_nonirr_organique;44.46;0.55;144.33;5.14;0.0;46.63;303.61;71.48;310.4;68.57;310.4;99.02;199.07;0.0;835.61
2021;1;176;beauce_5_sa_017;orgeh;orgeH_tousSols_nonirr_organique;169.15;23.8;181.78;32.29;0.0;310.4;248.32;148.5;310.4;56.91;310.4;99.43;353.6;0.0;1809.75
2021;177;304;beauce_5_sa_017;solnu;;157.33;0.0;59.42;40.51;0.11;148.5;251.07;51.82;305.31;56.91;310.4;0.0;210.33;0.0;0.0
2021;305;365;beauce_5_sa_017;orgeh;orgeH_tousSols_nonirr_organique;22.22;0.0;126.16;1.26;0.0;51.48;285.73;56.91;310.4;56.91;310.4;98.36;153.48;0.0;337.19
2021;1;197;beauce_5_sa_018;orgeh;orgeH_tousSols_nonirr_organique;200.69;26.05;199.19;37.05;0.0;310.4;248.32;169.88;308.72;56.91;310.4;99.49;404.45;0.0;2265.31
2021;198;295;beauce_5_sa_018;solnu;;107.55;0.0;52.22;21.6;0.11;169.88;240.6;56.91;310.4;56.91;310.4;0.0;158.79;0.0;0.0
2021;296;365;beauce_5_sa_018;orgeh;orgeH_tousSols_nonirr_organique;26.99;0.0;127.18;1.05;0.0;55.52;280.23;56.91;310.4;56.91;310.4;98.57;154.17;0.0;409.08
2021;1;218;beauce_5_sa_019;orgeh;orgeH_tousSols_nonirr_organique;233.76;21.59;197.99;47.31;0.0;310.4;248.32;181.29;300.99;56.91;310.4;99.54;436.1;0.0;2558.89
2021;219;306;beauce_5_sa_019;solnu;;89.5;0.0;49.36;24.89;0.11;181.29;269.04;51.97;305.46;56.91;310.4;0.0;129.25;0.0;0.0
2021;307;365;beauce_5_sa_019;orgeh;orgeH_tousSols_nonirr_organique;21.63;0.0;126.05;1.17;0.0;51.97;283.06;56.91;310.4;56.91;310.4;98.31;152.06;0.0;310.39
2021;1;208;beauce_5_sa_020;orgeh;orgeH_tousSols_nonirr_organique;221.84;19.1;201.21;42.52;0.0;310.4;248.32;184.77;308.54;56.91;310.4;99.52;417.7;0.0;2521.33
2021;209;289;beauce_5_sa_020;solnu;;90.32;0.0;40.99;23.89;0.11;184.77;221.25;50.34;303.83;56.91;310.4;0.0;126.71;0.0;0.0
2021;290;365;beauce_5_sa_020;orgeh;orgeH_tousSols_nonirr_organique;31.45;0.03;134.95;2.6;0.0;49.18;278.58;56.91;310.4;56.91;310.4;98.68;173.0;0.0;479.74
2021;1;173;beauce_5_sa_021;orgeh;orgeH_tousSols_nonirr_organique;140.74;39.21;178.23;25.22;0.0;310.4;248.32;165.21;304.73;66.83;310.4;99.42;336.15;0.0;2229.65
2021;174;264;beauce_5_sa_021;solnu;;129.84;0.0;64.04;26.38;0.11;165.21;227.06;45.69;299.18;66.83;310.4;0.0;182.19;0.0;0.0
2021;265;365;beauce_5_sa_021;orgeh;orgeH_tousSols_nonirr_organique;44.5;0.28;143.06;4.93;0.0;45.01;302.71;69.17;310.4;66.83;310.4;99.01;199.07;0.0;823.18
2021;1;184;beauce_5_sa_022;orgeh;orgeH_tousSols_nonirr_organique;176.19;23.85;203.22;32.93;0.0;310.4;248.32;172.64;310.4;56.91;310.4;99.46;380.66;0.0;2263.38
2021;185;275;beauce_5_sa_022;solnu;;118.6;0.0;39.31;25.87;0.11;172.64;219.76;42.28;295.76;56.91;310.4;0.0;143.39;0.0;0.0
2021;276;365;beauce_5_sa_022;orgeh;orgeH_tousSols_nonirr_organique;39.03;0.09;139.6;3.79;0.0;41.74;295.8;56.91;310.4;56.91;310.4;98.88;193.35;0.0;665.06
2021;1;223;beauce_5_sa_023;orgeh;orgeH_tousSols_nonirr_organique;239.46;14.88;211.44;48.42;0.0;310.4;248.32;211.96;303.3;63.65;310.4;99.55;437.61;0.0;3096.85
2021;224;266;beauce_5_sa_023;solnu;;53.05;0.0;37.34;12.77;0.11;211.96;224.15;41.56;295.05;63.65;310.4;0.0;81.5;0.0;0.0
2021;267;365;beauce_5_sa_023;orgeh;orgeH_tousSols_nonirr_organique;45.21;0.39;138.11;5.2;0.0;42.0;309.51;66.27;310.4;63.65;310.4;98.97;198.3;0.0;795.89
2021;1;201;beauce_5_sa_024;orgeh;orgeH_tousSols_nonirr_organique;206.72;24.54;201.24;37.83;0.0;310.4;248.32;179.37;308.6;56.91;310.4;99.5;408.12;0.0;2414.19
2021;202;287;beauce_5_sa_024;solnu;;93.79;0.0;41.07;19.45;0.11;179.37;222.1;56.43;309.92;56.91;310.4;0.0;136.29;0.0;0.0
2021;288;365;beauce_5_sa_024;orgeh;orgeH_tousSols_nonirr_organique;33.86;0.01;138.65;2.47;0.0;55.28;281.82;56.91;310.4;56.91;310.4;98.72;173.0;0.0;499.41
2021;1;210;beauce_5_sa_025;orgeh;orgeH_tousSols_nonirr_organique;223.99;16.98;207.54;41.84;0.0;310.4;248.32;195.02;302.18;59.84;310.4;99.52;417.7;0.0;2812.14
2021;211;268;beauce_5_sa_025;solnu;;67.44;0.0;41.47;16.81;0.11;195.02;221.97;41.08;294.56;59.84;310.4;0.0;101.41;0.0;0.0
2021;269;365;beauce_5_sa_025;orgeh;orgeH_tousSols_nonirr_organique;44.77;0.38;137.32;4.87;0.0;40.54;309.79;63.41;310.4;59.84;310.4;98.93;198.3;0.0;765.4
2021;1;196;beauce_5_sa_026;orgeh;orgeH_tousSols_nonirr_organique;203.19;17.74;203.67;38.53;0.0;310.4;248.32;179.41;308.36;56.91;310.4;99.49;401.67;0.0;2424.39
2021;197;279;beauce_5_sa_026;solnu;;101.4;0.0;40.0;25.38;0.11;179.41;218.43;38.14;291.63;56.91;310.4;0.0;124.85;0.0;0.0
2021;280;365;beauce_5_sa_026;orgeh;orgeH_tousSols_nonirr_organique;38.79;0.13;134.96;3.84;0.0;39.44;287.18;56.91;310.4;56.91;310.4;98.8;190.89;0.0;604.68
2021;1;191;beauce_5_sa_027;orgeh;orgeH_tousSols_nonirr_organique;197.4;19.11;200.99;37.26;0.0;310.4;248.32;165.23;306.3;56.91;310.4;99.48;390.81;0.0;2216.12
2021;192;290;beauce_5_sa_027;solnu;;117.32;0.0;39.9;28.75;0.11;165.23;229.15;49.08;302.56;56.91;310.4;0.0;153.9;0.0;0.0
2021;291;365;beauce_5_sa_027;orgeh;orgeH_tousSols_nonirr_organique;30.29;0.03;134.84;2.71;0.0;48.86;283.49;56.91;310.4;56.91;310.4;98.67;172.7;0.0;465.03
2021;1;207;beauce_5_sa_028;orgeh;orgeH_tousSols_nonirr_organique;220.26;23.39;197.35;41.5;0.0;310.4;248.32;168.91;301.11;56.91;310.4;99.52;417.7;0.0;2316.41
2021;208;308;beauce_5_sa_028;solnu;;102.69;0.0;56.74;25.17;0.11;168.91;269.72;56.91;310.4;56.91;310.4;0.0;160.26;0.0;0.0
2021;309;365;beauce_5_sa_028;orgeh;orgeH_tousSols_nonirr_organique;20.16;0.0;119.28;0.85;0.0;56.18;274.44;56.91;310.4;56.91;310.4;98.25;139.44;0.0;291.18
2021;1;200;beauce_5_sa_029;orgeh;orgeH_tousSols_nonirr_organique;194.56;30.93;205.86;34.46;0.0;310.4;248.32;183.4;306.1;56.91;310.4;99.5;408.12;0.0;2535.26
2021;201;275;beauce_5_sa_029;solnu;;85.05;0.0;41.82;13.07;0.11;183.4;219.71;45.24;298.73;56.91;310.4;0.0;115.93;0.0;0.0
2021;276;365;beauce_5_sa_029;orgeh;orgeH_tousSols_nonirr_organique;39.38;0.15;142.15;3.95;0.0;44.55;287.18;56.91;310.4;56.91;310.4;98.89;193.35;0.0;665.06
2021;1;178;beauce_5_sa_030;orgeh;orgeH_tousSols_nonirr_organique;173.95;24.6;181.66;32.37;0.0;310.4;248.32;146.78;309.03;56.91;310.4;99.44;356.26;0.0;1772.56
2021;179;314;beauce_5_sa_030;solnu;;157.28;0.0;80.7;38.12;0.11;146.78;277.14;56.91;310.4;56.91;310.4;0.0;239.46;0.0;0.0
2021;315;365;beauce_5_sa_030;orgeh;orgeH_tousSols_nonirr_organique;16.26;0.0;105.43;0.67;0.0;56.38;282.32;56.91;310.4;56.91;310.4;98.04;121.69;0.0;229.57
2021;1;221;beauce_5_sa_031;orgeh;orgeH_tousSols_nonirr_organique;233.61;26.11;202.69;46.27;0.0;310.4;248.32;191.68;306.68;56.91;310.4;99.55;436.1;0.0;2677.42
2021;222;298;beauce_5_sa_031;solnu;;77.45;0.0;48.71;15.2;0.11;191.68;239.62;54.3;307.79;56.91;310.4;0.0;127.38;0.0;0.0
2021;299;365;beauce_5_sa_031;orgeh;orgeH_tousSols_nonirr_organique;24.35;0.0;126.97;1.17;0.0;53.6;287.79;56.91;310.4;56.91;310.4;98.51;153.92;0.0;380.32
2021;1;230;beauce_5_sa_032;orgeh;orgeH_tousSols_nonirr_organique;240.35;22.87;208.34;50.58;0.0;310.4;248.32;204.83;299.03;56.91;310.4;99.57;444.39;0.0;3059.28
2021;231;277;beauce_5_sa_032;solnu;;51.95;0.0;36.12;9.55;0.11;204.83;219.08;43.81;297.29;56.91;310.4;0.0;79.66;0.0;0.0
2021;278;365;beauce_5_sa_032;orgeh;orgeH_tousSols_nonirr_organique;39.26;0.01;140.98;3.97;0.0;43.27;307.33;56.91;310.4;56.91;310.4;98.86;193.35;0.0;634.75
2021;1;200;beauce_5_sa_033;orgeh;orgeH_tousSols_nonirr_organique;203.54;18.8;209.66;37.07;0.0;310.4;248.32;190.95;305.43;64.96;310.4;99.5;408.12;0.0;2685.95
2021;201;265;beauce_5_sa_033;solnu;;82.79;0.0;41.14;18.44;0.11;190.95;226.16;41.79;295.28;64.96;310.4;0.0;110.22;0.0;0.0
2021;266;365;beauce_5_sa_033;orgeh;orgeH_tousSols_nonirr_organique;45.0;0.49;138.46;5.23;0.0;41.33;296.47;67.79;310.4;64.96;310.4;98.98;199.07;0.0;809.58
2021;1;196;beauce_5_sa_034;orgeh;orgeH_tousSols_nonirr_organique;204.85;22.22;197.37;38.72;0.0;310.4;248.32;163.27;308.52;56.91;310.4;99.49;401.67;0.0;2081.86
2021;197;316;beauce_5_sa_034;solnu;;126.19;0.0;68.65;30.75;0.11;163.27;278.98;55.83;309.31;56.91;310.4;0.0;205.23;0.0;0.0
2021;317;365;beauce_5_sa_034;orgeh;orgeH_tousSols_nonirr_organique;15.17;0.0;105.42;0.78;0.0;56.91;276.91;56.91;310.4;56.91;310.4;97.96;110.51;0.0;216.35
2021;1;184;beauce_5_sa_035;orgeh;orgeH_tousSols_nonirr_organique;159.91;30.44;212.91;28.94;0.0;310.4;248.32;188.23;310.4;78.73;310.4;99.46;380.66;0.0;2535.11
2021;185;257;beauce_5_sa_035;solnu;;106.01;0.0;39.31;22.75;0.11;188.23;215.13;48.81;302.3;78.73;310.4;0.0;137.33;0.0;0.0
2021;258;365;beauce_5_sa_035;orgeh;orgeH_tousSols_nonirr_organique;49.48;1.07;140.76;5.15;0.0;47.09;306.15;82.59;310.4;78.73;310.4;99.07;199.41;0.0;941.48
2021;1;229;beauce_5_sa_036;orgeh;orgeH_tousSols_nonirr_organique;245.97;22.1;202.51;51.69;0.0;310.4;248.32;191.22;300.01;56.91;310.4;99.56;437.61;0.0;2793.81
2021;230;300;beauce_5_sa_036;solnu;;74.67;0.0;44.51;19.07;0.11;191.22;247.09;53.1;306.59;56.91;310.4;0.0;125.95;0.0;0.0
2021;301;365;beauce_5_sa_036;orgeh;orgeH_tousSols_nonirr_organique;23.16;0.0;126.95;1.14;0.0;52.73;304.13;56.91;310.4;56.91;310.4;98.46;153.84;0.0;363.01
2021;1;177;beauce_5_sa_037;orgeh;orgeH_tousSols_nonirr_organique;172.15;24.14;181.62;32.29;0.0;310.4;248.32;146.75;308.67;56.91;310.4;99.43;356.26;0.0;1784.12
2021;178;309;beauce_5_sa_037;solnu;;156.38;0.0;66.87;39.56;0.11;146.75;269.11;56.18;309.67;56.91;310.4;0.0;222.98;0.0;0.0
2021;310;365;beauce_5_sa_037;orgeh;orgeH_tousSols_nonirr_organique;19.41;0.0;119.3;0.93;0.0;56.91;284.49;56.91;310.4;56.91;310.4;98.21;138.17;0.0;281.2
2021;1;206;beauce_5_sa_038;orgeh;orgeH_tousSols_nonirr_organique;212.1;24.67;203.72;39.04;0.0;310.4;248.32;179.54;301.63;56.91;310.4;99.51;409.14;0.0;2542.56
2021;207;283;beauce_5_sa_038;solnu;;80.91;0.0;40.79;14.2;0.11;179.54;220.77;43.73;297.21;56.91;310.4;0.0;118.91;0.0;0.0
2021;284;365;beauce_5_sa_038;orgeh;orgeH_tousSols_nonirr_organique;36.5;0.03;141.17;3.72;0.0;44.94;281.59;56.91;310.4;56.91;310.4;98.78;189.36;0.0;544.68
2021;1;184;beauce_5_sa_039;orgeh;orgeH_tousSols_nonirr_organique;185.56;21.31;196.38;35.41;0.0;310.4;248.32;156.53;310.4;56.91;310.4;99.46;380.66;0.0;1984.88
2021;185;301;beauce_5_sa_039;solnu;;140.0;0.0;47.08;35.2;0.11;156.53;248.8;52.62;306.1;56.91;310.4;0.0;182.9;0.0;0.0
2021;302;365;beauce_5_sa_039;orgeh;orgeH_tousSols_nonirr_organique;23.06;0.0;126.48;1.32;0.0;52.18;285.85;56.91;310.4;56.91;310.4;98.44;153.84;0.0;355.08
2021;1;220;beauce_5_sa_040;orgeh;orgeH_tousSols_nonirr_organique;234.58;15.42;211.01;47.14;0.0;310.4;248.32;212.69;308.07;61.71;310.4;99.55;436.1;0.0;3025.27
2021;221;267;beauce_5_sa_040;solnu;;57.45;0.0;38.03;13.34;0.11;212.69;223.0;42.0;295.49;61.71;310.4;0.0;83.01;0.0;0.0
2021;268;365;beauce_5_sa_040;orgeh;orgeH_tousSols_nonirr_organique;45.15;0.38;137.86;4.9;0.0;41.25;309.04;64.75;310.4;61.71;310.4;98.95;198.3;0.0;783.84
2021;1;183;beauce_5_sa_041;orgeh;orgeH_tousSols_nonirr_organique;165.84;27.51;198.01;30.61;0.0;310.4;248.32;180.88;310.4;66.83;310.4;99.45;380.66;0.0;2407.95
2021;184;264;beauce_5_sa_041;solnu;;114.17;0.0;49.1;26.19;0.11;180.88;227.27;43.11;296.59;66.83;310.4;0.0;137.67;0.0;0.0
2021;265;365;beauce_5_sa_041;orgeh;orgeH_tousSols_nonirr_organique;44.41;0.57;140.28;4.73;0.0;42.33;299.3;69.17;310.4;66.83;310.4;99.0;199.07;0.0;823.18
2021;1;208;beauce_5_sa_042;orgeh;orgeH_tousSols_nonirr_organique;209.4;27.43;205.07;39.02;0.0;310.4;248.32;192.62;308.8;56.91;310.4;99.52;417.7;0.0;2644.43
2021;209;278;beauce_5_sa_042;solnu;;77.71;0.0;41.25;14.56;0.11;192.62;219.24;42.6;296.09;56.91;310.4;0.0;107.05;0.0;0.0
2021;279;365;beauce_5_sa_042;orgeh;orgeH_tousSols_nonirr_organique;38.72;0.04;140.27;4.01;0.0;43.06;282.63;56.91;310.4;56.91;310.4;98.85;192.66;0.0;617.36
2021;1;219;beauce_5_sa_043;orgeh;orgeH_tousSols_nonirr_organique;233.72;21.35;203.61;47.27;0.0;310.4;248.32;195.46;310.4;56.91;310.4;99.54;436.1;0.0;2684.47
2021;220;294;beauce_5_sa_043;solnu;;81.09;0.0;44.89;22.05;0.11;195.46;241.77;56.91;310.4;56.91;310.4;0.0;127.14;0.0;0.0
2021;295;365;beauce_5_sa_043;orgeh;orgeH_tousSols_nonirr_organique;27.46;0.01;127.75;1.14;0.0;56.91;291.46;56.91;310.4;56.91;310.4;98.59;154.17;0.0;414.62
2021;1;193;beauce_5_sa_044;orgeh;orgeH_tousSols_nonirr_organique;191.8;24.97;202.9;35.83;0.0;310.4;248.32;170.66;307.01;56.91;310.4;99.48;393.7;0.0;2304.36
2021;194;285;beauce_5_sa_044;solnu;;103.83;0.0;39.4;19.06;0.11;170.66;222.56;51.02;304.5;56.91;310.4;0.0;141.88;0.0;0.0
2021;286;365;beauce_5_sa_044;orgeh;orgeH_tousSols_nonirr_organique;35.87;0.02;141.08;3.11;0.0;50.41;288.37;56.91;310.4;56.91;310.4;98.75;181.83;0.0;520.29
2021;1;191;beauce_5_sa_045;orgeh;orgeH_tousSols_nonirr_organique;184.44;21.19;211.81;33.96;0.0;310.4;248.32;186.9;306.37;70.4;310.4;99.48;390.81;0.0;2578.12
2021;192;262;beauce_5_sa_045;solnu;;96.09;0.0;39.91;20.35;0.11;186.9;226.03;44.29;297.77;70.4;310.4;0.0;127.53;0.0;0.0
2021;263;365;beauce_5_sa_045;orgeh;orgeH_tousSols_nonirr_organique;46.22;0.68;139.55;5.23;0.0;43.64;299.77;73.27;310.4;70.4;310.4;99.01;199.07;0.0;856.42
2021;1;170;beauce_5_sa_046;orgeh;orgeH_tousSols_nonirr_organique;152.19;25.3;174.24;29.06;0.0;310.4;248.32;157.41;310.4;56.91;310.4;99.41;329.9;0.0;1986.09
2021;171;278;beauce_5_sa_046;solnu;;146.8;0.0;62.63;30.4;0.11;157.41;219.24;42.27;295.76;56.91;310.4;0.0;194.85;0.0;0.0
2021;279;365;beauce_5_sa_046;orgeh;orgeH_tousSols_nonirr_organique;37.03;0.3;141.39;3.75;0.0;42.79;296.21;56.91;310.4;56.91;310.4;98.85;192.66;0.0;617.36
2021;1;202;beauce_5_sa_047;orgeh;orgeH_tousSols_nonirr_organique;204.95;23.27;206.1;37.07;0.0;310.4;248.32;187.05;306.78;56.91;310.4;99.5;408.12;0.0;2595.08
2021;203;273;beauce_5_sa_047;solnu;;84.28;0.0;41.22;16.07;0.11;187.05;221.47;43.62;297.1;56.91;310.4;0.0;115.93;0.0;0.0
2021;274;365;beauce_5_sa_047;orgeh;orgeH_tousSols_nonirr_organique;40.11;0.07;139.87;3.79;0.0;43.03;287.11;56.91;310.4;56.91;310.4;98.91;193.35;0.0;694.43
2021;1;184;beauce_5_sa_048;orgeh;orgeH_tousSols_nonirr_organique;170.33;25.91;207.02;31.5;0.0;310.4;248.32;179.15;310.4;61.71;310.4;99.46;380.66;0.0;2379.73
2021;185;267;beauce_5_sa_048;solnu;;111.99;0.0;39.31;22.58;0.11;179.15;222.96;43.95;297.43;61.71;310.4;0.0;138.44;0.0;0.0
2021;268;365;beauce_5_sa_048;orgeh;orgeH_tousSols_nonirr_organique;43.03;0.31;141.99;4.7;0.0;43.47;303.05;64.75;310.4;61.71;310.4;98.98;198.3;0.0;783.84
2021;1;178;beauce_5_sa_049;orgeh;orgeH_tousSols_nonirr_organique;173.99;24.35;181.86;32.41;0.0;310.4;248.32;149.27;309.05;56.91;310.4;99.44;356.26;0.0;1832.52
2021;179;306;beauce_5_sa_049;solnu;;151.56;0.0;59.85;36.63;0.11;149.27;268.97;52.55;306.04;56.91;310.4;0.0;209.08;0.0;0.0
2021;307;365;beauce_5_sa_049;orgeh;orgeH_tousSols_nonirr_organique;21.2;0.0;127.07;1.03;0.0;52.71;283.18;56.91;310.4;56.91;310.4;98.31;152.06;0.0;310.39
2021;1;202;beauce_5_sa_050;orgeh;orgeH_tousSols_nonirr_organique;213.45;15.3;206.22;39.48;0.0;310.4;248.32;187.58;306.14;56.91;310.4;99.5;408.12;0.0;2620.84
2021;203;271;beauce_5_sa_050;solnu;;84.74;0.0;40.75;20.0;0.11;187.58;218.32;42.99;296.47;56.91;310.4;0.0;115.93;0.0;0.0
2021;272;365;beauce_5_sa_050;orgeh;orgeH_tousSols_nonirr_organique;42.2;0.27;136.95;3.76;0.0;42.14;289.44;58.42;310.4;56.91;310.4;98.9;193.35;0.0;723.78
2021;1;228;beauce_5_sa_051;orgeh;orgeH_tousSols_nonirr_organique;246.67;21.21;202.15;51.44;0.0;310.4;248.32;189.13;300.56;56.91;310.4;99.56;437.61;0.0;2695.16
2021;229;310;beauce_5_sa_051;solnu;;80.08;0.0;51.6;22.36;0.11;189.13;271.92;56.91;310.4;56.91;310.4;0.0;143.18;0.0;0.0
2021;311;365;beauce_5_sa_051;orgeh;orgeH_tousSols_nonirr_organique;18.97;0.0;119.2;0.84;0.0;56.91;304.26;56.91;310.4;56.91;310.4;98.18;136.62;0.0;269.65
2021;1;186;beauce_5_sa_052;orgeh;orgeH_tousSols_nonirr_organique;185.76;23.24;198.58;34.55;0.0;310.4;248.32;162.98;306.28;56.91;310.4;99.46;380.88;0.0;2159.17
2021;187;287;beauce_5_sa_052;solnu;;121.22;0.0;40.91;27.26;0.11;162.98;222.37;54.09;307.57;56.91;310.4;0.0;163.53;0.0;0.0
2021;288;365;beauce_5_sa_052;orgeh;orgeH_tousSols_nonirr_organique;33.53;0.03;136.61;2.44;0.0;52.93;288.04;56.91;310.4;56.91;310.4;98.72;173.0;0.0;499.41
2021;1;228;beauce_5_sa_053;orgeh;orgeH_tousSols_nonirr_organique;207.41;40.04;221.72;40.89;0.0;310.4;248.32;220.16;301.45;73.73;310.4;99.56;437.61;0.0;3274.96
2021;229;260;beauce_5_sa_053;solnu;;42.88;0.0;37.07;3.33;0.11;220.16;213.46;48.63;302.11;73.73;310.4;0.0;80.73;0.0;0.0
2021;261;365;beauce_5_sa_053;orgeh;orgeH_tousSols_nonirr_organique;47.23;0.16;143.4;5.23;0.0;47.79;310.4;76.79;310.4;73.73;310.4;99.05;199.07;0.0;890.78
2021;1;176;beauce_5_sa_054;orgeh;orgeH_tousSols_nonirr_organique;168.3;22.69;183.75;32.09;0.0;310.4;248.32;157.0;310.4;56.91;310.4;99.43;353.6;0.0;1979.81
2021;177;287;beauce_5_sa_054;solnu;;144.07;0.0;51.72;35.09;0.11;157.0;222.31;53.27;306.75;56.91;310.4;0.0;190.81;0.0;0.0
2021;288;365;beauce_5_sa_054;orgeh;orgeH_tousSols_nonirr_organique;33.25;0.07;136.03;2.42;0.0;52.11;290.03;56.91;310.4;56.91;310.4;98.72;173.0;0.0;499.41
2021;1;226;beauce_5_sa_055;orgeh;orgeH_tousSols_nonirr_organique;244.43;18.06;206.05;50.4;0.0;310.4;248.32;200.01;302.05;56.91;310.4;99.56;437.61;0.0;2903.08
2021;227;284;beauce_5_sa_055;solnu;;63.3;0.0;36.79;18.4;0.11;200.01;220.39;38.8;292.29;56.91;310.4;0.0;96.92;0.0;0.0
2021;285;365;beauce_5_sa_055;orgeh;orgeH_tousSols_nonirr_organique;36.2;0.05;135.0;3.51;0.0;45.02;304.92;56.91;310.4;56.91;310.4;98.76;182.88;0.0;529.59
2021;1;231;beauce_5_sa_056;orgeh;orgeH_tousSols_nonirr_organique;248.1;19.47;204.17;53.27;0.0;310.4;248.32;204.06;305.63;56.91;310.4;99.57;449.12;0.0;2912.62
2021;232;292;beauce_5_sa_056;solnu;;67.36;0.0;36.49;19.26;0.11;204.06;238.77;56.91;310.4;56.91;310.4;0.0;109.46;0.0;0.0
2021;293;365;beauce_5_sa_056;orgeh;orgeH_tousSols_nonirr_organique;29.26;0.01;135.01;1.9;0.0;56.91;306.63;56.91;310.4;56.91;310.4;98.63;158.82;0.0;444.46
2021;1;220;beauce_5_sa_057;orgeh;orgeH_tousSols_nonirr_organique;160.52;66.97;232.6;28.03;0.0;310.4;248.32;223.13;309.03;80.34;310.4;99.55;436.1;0.0;3195.27
2021;221;256;beauce_5_sa_057;solnu;;49.19;0.0;38.12;7.79;0.11;223.13;215.51;47.68;301.17;80.34;310.4;0.0;81.9;0.0;0.0
2021;257;365;beauce_5_sa_057;orgeh;orgeH_tousSols_nonirr_organique;47.83;1.66;143.02;5.91;0.0;49.06;309.8;84.87;310.4;80.34;310.4;99.08;199.41;0.0;956.44
2021;1;202;beauce_5_sa_058;orgeh;orgeH_tousSols_nonirr_organique;214.41;21.32;198.37;39.57;0.0;310.4;248.32;169.96;307.0;56.91;310.4;99.5;408.12;0.0;2288.97
2021;203;301;beauce_5_sa_058;solnu;;106.9;0.0;49.33;25.97;0.11;169.96;248.8;52.62;306.1;56.91;310.4;0.0;155.44;0.0;0.0
2021;302;365;beauce_5_sa_058;orgeh;orgeH_tousSols_nonirr_organique;23.07;0.0;126.48;1.32;0.0;52.18;275.96;56.91;310.4;56.91;310.4;98.44;153.84;0.0;355.08
2021;1;202;beauce_5_sa_059;orgeh;orgeH_tousSols_nonirr_organique;214.25;22.25;197.52;39.49;0.0;310.4;248.32;168.93;307.09;56.91;310.4;99.5;408.12;0.0;2216.33
2021;203;310;beauce_5_sa_059;solnu;;111.48;0.0;56.21;27.93;0.11;168.93;271.92;56.91;310.4;56.91;310.4;0.0;172.67;0.0;0.0
2021;311;365;beauce_5_sa_059;orgeh;orgeH_tousSols_nonirr_organique;18.96;0.0;119.21;0.84;0.0;56.91;274.81;56.91;310.4;56.91;310.4;98.18;136.62;0.0;269.65
2021;1;226;beauce_5_sa_060;orgeh;orgeH_tousSols_nonirr_organique;244.79;21.22;202.38;50.3;0.0;310.4;248.32;189.79;302.2;56.91;310.4;99.56;437.61;0.0;2694.92
2021;227;305;beauce_5_sa_060;solnu;;78.3;0.0;45.13;21.65;0.11;189.79;264.88;51.49;304.97;56.91;310.4;0.0;127.17;0.0;0.0
2021;306;365;beauce_5_sa_060;orgeh;orgeH_tousSols_nonirr_organique;21.97;0.0;126.08;1.27;0.0;51.98;298.83;56.91;310.4;56.91;310.4;98.33;152.62;0.0;326.64
2021;1;200;beauce_5_sa_061;orgeh;orgeH_tousSols_nonirr_organique;151.82;62.5;215.88;24.17;0.0;310.4;248.32;196.04;307.27;70.4;310.4;99.5;408.12;0.0;2730.15
2021;201;262;beauce_5_sa_061;solnu;;80.11;0.0;42.92;13.22;0.11;196.04;226.01;44.53;298.01;70.4;310.4;0.0;110.22;0.0;0.0
2021;263;365;beauce_5_sa_061;orgeh;orgeH_tousSols_nonirr_organique;43.41;1.5;141.77;4.97;0.0;43.89;297.83;73.27;310.4;70.4;310.4;99.02;199.07;0.0;856.42
2021;1;214;beauce_5_sa_062;orgeh;orgeH_tousSols_nonirr_organique;231.32;16.32;204.63;45.21;0.0;310.4;248.32;190.18;298.59;56.91;310.4;99.53;417.87;0.0;2785.14
2021;215;276;beauce_5_sa_062;solnu;;71.28;0.0;40.76;19.11;0.11;190.18;219.52;39.13;292.62;56.91;310.4;0.0;106.19;0.0;0.0
2021;277;365;beauce_5_sa_062;orgeh;orgeH_tousSols_nonirr_organique;39.66;0.17;135.74;3.97;0.0;38.6;295.39;56.91;310.4;56.91;310.4;98.84;193.35;0.0;647.88
2021;1;194;beauce_5_sa_063;orgeh;orgeH_tousSols_nonirr_organique;193.11;19.35;209.81;35.99;0.0;310.4;248.32;185.46;304.41;66.83;310.4;99.48;397.27;0.0;2598.87
2021;195;264;beauce_5_sa_063;solnu;;92.83;0.0;39.71;20.47;0.11;185.46;227.07;42.92;296.4;66.83;310.4;0.0;121.07;0.0;0.0
2021;265;365;beauce_5_sa_063;orgeh;orgeH_tousSols_nonirr_organique;45.61;0.53;138.93;5.23;0.0;41.75;300.91;69.17;310.4;66.83;310.4;98.99;199.07;0.0;823.18
2021;1;188;beauce_5_sa_064;orgeh;orgeH_tousSols_nonirr_organique;169.55;35.47;206.74;30.67;0.0;310.4;248.32;178.8;310.4;56.91;310.4;99.47;390.06;0.0;2373.23
2021;189;272;beauce_5_sa_064;solnu;;105.01;0.0;39.39;17.9;0.11;178.8;217.54;47.3;300.78;56.91;310.4;0.0;133.99;0.0;0.0
2021;273;365;beauce_5_sa_064;orgeh;orgeH_tousSols_nonirr_organique;40.67;0.22;142.85;3.87;0.0;46.42;294.46;56.91;310.4;56.91;310.4;98.92;193.35;0.0;709.19
2021;1;177;beauce_5_sa_065;orgeh;orgeH_tousSols_nonirr_organique;174.04;18.52;185.33;32.94;0.0;310.4;248.32;158.33;308.69;56.91;310.4;99.43;356.26;0.0;2034.97
2021;178;283;beauce_5_sa_065;solnu;;138.27;0.0;52.62;35.33;0.11;158.33;221.08;37.12;290.61;56.91;310.4;0.0;171.78;0.0;0.0
2021;284;365;beauce_5_sa_065;orgeh;orgeH_tousSols_nonirr_organique;36.31;0.09;134.69;3.7;0.0;38.27;290.77;56.91;310.4;56.91;310.4;98.76;189.36;0.0;544.68
2021;1;189;beauce_5_sa_066;orgeh;orgeH_tousSols_nonirr_organique;129.43;69.5;214.68;20.62;0.0;310.4;248.32;190.72;309.46;75.55;310.4;99.47;390.06;0.0;2589.48
2021;190;259;beauce_5_sa_066;solnu;;96.71;0.0;40.82;16.6;0.11;190.72;214.3;46.28;299.76;75.55;310.4;0.0;128.28;0.0;0.0
2021;260;365;beauce_5_sa_066;orgeh;orgeH_tousSols_nonirr_organique;44.63;1.59;142.55;5.1;0.0;45.92;302.23;78.93;310.4;75.55;310.4;99.05;199.07;0.0;904.22
2021;1;177;beauce_5_sa_067;orgeh;orgeH_tousSols_nonirr_organique;172.34;23.61;181.97;32.35;0.0;310.4;248.32;147.59;308.66;56.91;310.4;99.43;356.26;0.0;1854.18
2021;178;301;beauce_5_sa_067;solnu;;152.25;0.0;60.16;37.67;0.11;147.59;248.8;52.62;306.1;56.91;310.4;0.0;207.3;0.0;0.0
2021;302;365;beauce_5_sa_067;orgeh;orgeH_tousSols_nonirr_organique;23.06;0.0;126.48;1.32;0.0;52.18;285.21;56.91;310.4;56.91;310.4;98.44;153.84;0.0;355.08
2021;1;182;beauce_5_sa_068;orgeh;orgeH_tousSols_nonirr_organique;176.43;21.27;188.95;32.98;0.0;310.4;248.32;166.51;303.81;56.91;310.4;99.45;368.77;0.0;2263.56
2021;183;272;beauce_5_sa_068;solnu;;121.12;0.0;53.04;29.69;0.11;166.51;217.7;42.63;296.12;56.91;310.4;0.0;155.29;0.0;0.0
2021;273;365;beauce_5_sa_068;orgeh;orgeH_tousSols_nonirr_organique;40.49;0.3;138.28;3.65;0.0;41.81;295.31;56.91;310.4;56.91;310.4;98.9;193.35;0.0;709.19
2021;1;180;beauce_5_sa_069;orgeh;orgeH_tousSols_nonirr_organique;175.3;25.06;184.61;32.01;0.0;310.4;248.32;152.37;304.27;56.91;310.4;99.44;356.26;0.0;2025.94
2021;181;290;beauce_5_sa_069;solnu;;131.25;0.0;54.02;26.83;0.11;152.37;228.87;53.56;307.04;56.91;310.4;0.0;188.45;0.0;0.0
2021;291;365;beauce_5_sa_069;orgeh;orgeH_tousSols_nonirr_organique;30.39;0.02;139.24;2.64;0.0;53.34;293.2;56.91;310.4;56.91;310.4;98.67;172.7;0.0;465.03
2021;1;214;beauce_5_sa_070;orgeh;orgeH_tousSols_nonirr_organique;231.26;22.01;197.84;45.0;0.0;310.4;248.32;176.02;299.74;56.91;310.4;99.53;417.87;0.0;2468.79
2021;215;307;beauce_5_sa_070;solnu;;91.85;0.0;49.81;25.37;0.11;176.02;270.16;51.96;305.45;56.91;310.4;0.0;160.1;0.0;0.0
2021;308;365;beauce_5_sa_070;orgeh;orgeH_tousSols_nonirr_organique;21.06;0.0;126.05;1.14;0.0;56.91;283.58;56.91;310.4;56.91;310.4;98.28;139.44;0.0;298.48
2021;1;186;beauce_5_sa_071;orgeh;orgeH_tousSols_nonirr_organique;189.85;22.34;195.67;35.64;0.0;310.4;248.32;151.5;306.01;56.91;310.4;99.46;380.88;0.0;1914.07
2021;187;315;beauce_5_sa_071;solnu;;141.85;0.0;69.02;34.67;0.11;151.5;276.65;56.38;309.87;56.91;310.4;0.0;214.84;0.0;0.0
2021;316;365;beauce_5_sa_071;orgeh;orgeH_tousSols_nonirr_organique;15.73;0.0;105.43;0.73;0.0;55.83;280.82;56.91;310.4;56.91;310.4;98.0;121.69;0.0;226.53
2021;1;174;beauce_5_sa_072;orgeh;orgeH_tousSols_nonirr_organique;146.64;36.03;176.21;27.07;0.0;310.4;248.32;167.4;310.27;57.76;310.4;99.43;339.98;0.0;2168.92
2021;175;269;beauce_5_sa_072;solnu;;131.7;0.0;64.01;27.19;0.11;167.4;220.69;43.92;297.4;57.76;310.4;0.0;184.08;0.0;0.0
2021;270;365;beauce_5_sa_072;orgeh;orgeH_tousSols_nonirr_organique;43.73;0.13;141.44;4.96;0.0;48.22;300.06;61.37;310.4;57.76;310.4;98.95;193.35;0.0;750.66
2021;1;180;beauce_5_sa_073;orgeh;orgeH_tousSols_nonirr_organique;177.68;21.94;184.89;32.78;0.0;310.4;248.32;157.26;304.73;56.91;310.4;99.44;356.26;0.0;2103.56
2021;181;282;beauce_5_sa_073;solnu;;130.52;0.0;52.99;33.7;0.11;157.26;218.0;37.89;291.37;56.91;310.4;0.0;170.26;0.0;0.0
2021;283;365;beauce_5_sa_073;orgeh;orgeH_tousSols_nonirr_organique;36.84;0.09;134.93;3.42;0.0;37.34;295.4;56.91;310.4;56.91;310.4;98.77;190.89;0.0;557.21
2021;1;209;beauce_5_sa_074;orgeh;orgeH_tousSols_nonirr_organique;224.08;20.76;199.41;42.38;0.0;310.4;248.32;179.54;306.43;56.91;310.4;99.52;417.7;0.0;2479.06
2021;210;295;beauce_5_sa_074;solnu;;91.65;0.0;49.8;22.54;0.11;179.54;240.95;56.91;310.4;56.91;310.4;0.0;145.54;0.0;0.0
2021;296;365;beauce_5_sa_074;orgeh;orgeH_tousSols_nonirr_organique;26.9;0.0;127.27;1.04;0.0;55.52;284.73;56.91;310.4;56.91;310.4;98.57;154.17;0.0;409.08
2021;1;204;beauce_5_sa_075;orgeh;orgeH_tousSols_nonirr_organique;214.95;25.56;197.44;39.22;0.0;310.4;248.32;168.8;303.16;56.91;310.4;99.51;409.14;0.0;2304.87
2021;205;303;beauce_5_sa_075;solnu;;103.26;0.0;49.86;23.73;0.11;168.8;251.72;51.88;305.36;56.91;310.4;0.0;154.79;0.0;0.0
2021;304;365;beauce_5_sa_075;orgeh;orgeH_tousSols_nonirr_organique;22.23;0.0;126.58;1.23;0.0;52.0;277.33;56.91;310.4;56.91;310.4;98.39;153.48;0.0;344.08
2021;1;174;beauce_5_sa_076;orgeh;orgeH_tousSols_nonirr_organique;166.71;16.88;175.86;32.48;0.0;310.4;248.32;163.08;309.68;56.91;310.4;99.43;339.98;0.0;2111.27
2021;175;273;beauce_5_sa_076;solnu;;139.65;0.0;63.41;35.02;0.11;163.08;221.57;40.92;294.41;56.91;310.4;0.0;184.08;0.0;0.0
2021;274;365;beauce_5_sa_076;orgeh;orgeH_tousSols_nonirr_organique;40.73;0.27;136.36;3.87;0.0;40.13;295.66;56.91;310.4;56.91;310.4;98.87;193.35;0.0;694.43
2021;1;221;beauce_5_sa_077;orgeh;orgeH_tousSols_nonirr_organique;235.38;25.32;201.71;46.78;0.0;310.4;248.32;189.78;306.67;56.91;310.4;99.55;436.1;0.0;2607.0
2021;222;306;beauce_5_sa_077;solnu;;83.06;0.0;46.48;19.49;0.11;189.78;268.9;52.22;305.7;56.91;310.4;0.0;129.25;0.0;0.0
2021;307;365;beauce_5_sa_077;orgeh;orgeH_tousSols_nonirr_organique;21.48;0.0;126.45;1.14;0.0;52.28;286.39;56.91;310.4;56.91;310.4;98.31;152.06;0.0;310.39
2021;1;213;beauce_5_sa_078;orgeh;orgeH_tousSols_nonirr_organique;224.68;26.45;199.34;42.61;0.0;310.4;248.32;178.24;300.38;56.91;310.4;99.53;417.87;0.0;2560.36
2021;214;295;beauce_5_sa_078;solnu;;79.0;0.0;56.24;13.06;0.11;178.24;240.66;56.91;310.4;56.91;310.4;0.0;145.37;0.0;0.0
2021;296;365;beauce_5_sa_078;orgeh;orgeH_tousSols_nonirr_organique;26.99;0.0;127.18;1.05;0.0;55.52;287.91;56.91;310.4;56.91;310.4;98.57;154.17;0.0;409.08
2021;1;193;beauce_5_sa_079;orgeh;orgeH_tousSols_nonirr_organique;173.32;39.42;206.44;30.96;0.0;310.4;248.32;180.82;307.51;56.91;310.4;99.48;393.7;0.0;2461.74
2021;194;272;beauce_5_sa_079;solnu;;102.18;0.0;39.58;23.47;0.11;180.82;217.53;42.51;296.0;56.91;310.4;0.0;130.36;0.0;0.0
2021;273;365;beauce_5_sa_079;orgeh;orgeH_tousSols_nonirr_organique;41.15;0.21;137.59;3.82;0.0;41.53;294.97;56.91;310.4;56.91;310.4;98.89;193.35;0.0;709.19
2021;1;178;beauce_5_sa_080;orgeh;orgeH_tousSols_nonirr_organique;174.38;24.16;181.67;32.5;0.0;310.4;248.32;146.78;309.04;56.91;310.4;99.44;356.26;0.0;1772.56
2021;179;314;beauce_5_sa_080;solnu;;157.58;0.0;80.41;39.4;0.11;146.78;277.14;56.91;310.4;56.91;310.4;0.0;239.46;0.0;0.0
2021;315;365;beauce_5_sa_080;orgeh;orgeH_tousSols_nonirr_organique;16.26;0.0;105.43;0.67;0.0;56.38;282.32;56.91;310.4;56.91;310.4;98.04;121.69;0.0;229.57
2021;1;201;beauce_5_sa_081;orgeh;orgeH_tousSols_nonirr_organique;212.33;21.53;198.63;39.37;0.0;310.4;248.32;172.73;308.61;56.91;310.4;99.5;408.12;0.0;2303.35
2021;202;298;beauce_5_sa_081;solnu;;107.08;0.0;49.0;26.1;0.11;172.73;239.9;54.3;307.78;56.91;310.4;0.0;155.36;0.0;0.0
2021;299;365;beauce_5_sa_081;orgeh;orgeH_tousSols_nonirr_organique;24.39;0.0;126.91;1.25;0.0;53.58;277.57;56.91;310.4;56.91;310.4;98.51;153.92;0.0;380.32
2021;1;216;beauce_5_sa_082;orgeh;orgeH_tousSols_nonirr_organique;231.53;18.32;203.15;46.23;0.0;310.4;248.32;188.76;298.36;56.91;310.4;99.54;419.93;0.0;2767.92
2021;217;281;beauce_5_sa_082;solnu;;73.39;0.0;40.59;20.82;0.11;188.76;218.69;38.92;292.4;56.91;310.4;0.0;106.59;0.0;0.0
2021;282;365;beauce_5_sa_082;orgeh;orgeH_tousSols_nonirr_organique;37.9;0.09;134.9;3.62;0.0;38.05;294.79;56.91;310.4;56.91;310.4;98.78;190.89;0.0;572.54
2021;1;186;beauce_5_sa_083;orgeh;orgeH_tousSols_nonirr_organique;190.01;22.04;195.78;35.67;0.0;310.4;248.32;152.82;306.03;56.91;310.4;99.46;380.88;0.0;1936.02
2021;187;311;beauce_5_sa_083;solnu;;139.21;0.0;56.22;34.67;0.11;152.82;270.93;56.91;310.4;56.91;310.4;0.0;200.88;0.0;0.0
2021;312;365;beauce_5_sa_083;orgeh;orgeH_tousSols_nonirr_organique;18.35;0.0;118.27;0.83;0.0;56.9;281.53;56.91;310.4;56.91;310.4;98.15;135.65;0.0;261.08
2021;1;192;beauce_5_sa_084;orgeh;orgeH_tousSols_nonirr_organique;197.7;21.67;199.34;37.26;0.0;310.4;248.32;163.05;305.08;56.91;310.4;99.48;393.7;0.0;2195.34
2021;193;294;beauce_5_sa_084;solnu;;118.83;0.0;47.12;29.04;0.11;163.05;241.77;56.91;310.4;56.91;310.4;0.0;169.54;0.0;0.0
2021;295;365;beauce_5_sa_084;orgeh;orgeH_tousSols_nonirr_organique;27.41;0.01;127.8;1.13;0.0;56.91;286.5;56.91;310.4;56.91;310.4;98.59;154.17;0.0;414.62
2021;1;194;beauce_5_sa_085;orgeh;orgeH_tousSols_nonirr_organique;195.84;23.4;202.93;36.47;0.0;310.4;248.32;172.44;304.5;56.91;310.4;99.48;397.27;0.0;2362.64
2021;195;281;beauce_5_sa_085;solnu;;102.49;0.0;39.75;22.25;0.11;172.44;218.53;41.48;294.97;56.91;310.4;0.0;129.25;0.0;0.0
2021;282;365;beauce_5_sa_085;orgeh;orgeH_tousSols_nonirr_organique;37.39;0.03;138.04;3.57;0.0;40.91;287.47;56.91;310.4;56.91;310.4;98.8;190.89;0.0;572.54
2021;1;228;beauce_5_sa_086;orgeh;orgeH_tousSols_nonirr_organique;242.13;23.88;204.04;50.17;0.0;310.4;248.32;195.99;300.54;56.91;310.4;99.56;437.61;0.0;2856.78
2021;229;292;beauce_5_sa_086;solnu;;66.2;0.0;39.35;14.76;0.11;195.99;238.54;56.91;310.4;56.91;310.4;0.0;120.98;0.0;0.0
2021;293;365;beauce_5_sa_086;orgeh;orgeH_tousSols_nonirr_organique;29.42;0.0;134.86;1.92;0.0;56.91;308.35;56.91;310.4;56.91;310.4;98.63;158.82;0.0;444.46
2021;1;226;beauce_5_sa_087;orgeh;orgeH_tousSols_nonirr_organique;239.58;25.76;203.02;48.73;0.0;310.4;248.32;193.33;302.23;56.91;310.4;99.56;437.61;0.0;2783.61
2021;227;296;beauce_5_sa_087;solnu;;70.22;0.0;48.53;13.99;0.11;193.33;240.24;55.52;309.0;56.91;310.4;0.0;125.87;0.0;0.0
2021;297;365;beauce_5_sa_087;orgeh;orgeH_tousSols_nonirr_organique;25.65;0.0;127.12;1.14;0.0;54.91;300.66;56.91;310.4;56.91;310.4;98.55;153.92;0.0;400.33
2021;1;190;beauce_5_sa_088;orgeh;orgeH_tousSols_nonirr_organique;191.56;24.16;200.6;35.5;0.0;310.4;248.32;165.49;306.73;56.91;310.4;99.47;390.81;0.0;2207.03
2021;191;289;beauce_5_sa_088;solnu;;115.28;0.0;40.2;25.27;0.11;165.49;221.11;52.0;305.49;56.91;310.4;0.0;153.6;0.0;0.0
2021;290;365;beauce_5_sa_088;orgeh;orgeH_tousSols_nonirr_organique;31.63;0.01;136.44;2.54;0.0;50.83;283.65;56.91;310.4;56.91;310.4;98.68;173.0;0.0;479.74
2021;1;229;beauce_5_sa_089;orgeh;orgeH_tousSols_nonirr_organique;240.71;20.68;209.36;50.43;0.0;310.4;248.32;207.84;299.84;56.91;310.4;99.56;437.61;0.0;3091.03
2021;230;273;beauce_5_sa_089;solnu;;52.97;0.0;36.12;11.11;0.11;207.84;221.43;43.6;297.08;56.91;310.4;0.0;86.45;0.0;0.0
2021;274;365;beauce_5_sa_089;orgeh;orgeH_tousSols_nonirr_organique;40.61;0.02;139.4;3.85;0.0;43.01;309.46;56.91;310.4;56.91;310.4;98.91;193.35;0.0;694.43
2021;1;174;beauce_5_sa_090;orgeh;orgeH_tousSols_nonirr_organique;165.48;25.42;170.29;31.8;0.0;310.4;248.32;141.97;307.94;56.91;310.4;99.42;339.98;0.0;1709.35
2021;175;313;beauce_5_sa_090;solnu;;166.29;0.0;79.27;41.29;0.11;141.97;277.32;56.91;310.4;56.91;310.4;0.0;255.74;0.0;0.0
2021;314;365;beauce_5_sa_090;orgeh;orgeH_tousSols_nonirr_organique;16.71;0.0;116.41;0.8;0.0;56.91;287.65;56.91;310.4;56.91;310.4;98.08;121.69;0.0;239.91
2021;1;205;beauce_5_sa_091;orgeh;orgeH_tousSols_nonirr_organique;212.65;17.32;209.43;39.4;0.0;310.4;248.32;193.19;302.72;64.96;310.4;99.51;409.14;0.0;2770.7
2021;206;265;beauce_5_sa_091;solnu;;76.09;0.0;40.42;17.43;0.11;193.19;226.16;41.81;295.3;64.96;310.4;0.0;109.2;0.0;0.0
2021;266;365;beauce_5_sa_091;orgeh;orgeH_tousSols_nonirr_organique;44.99;0.49;138.48;5.24;0.0;41.35;296.42;67.79;310.4;64.96;310.4;98.98;199.07;0.0;809.58
2021;1;189;beauce_5_sa_092;orgeh;orgeH_tousSols_nonirr_organique;191.65;16.18;206.98;35.95;0.0;310.4;248.32;180.11;308.23;57.76;310.4;99.47;390.06;0.0;2433.37
2021;190;269;beauce_5_sa_092;solnu;;103.02;0.0;40.26;24.3;0.11;180.11;220.75;40.4;293.88;57.76;310.4;0.0;133.99;0.0;0.0
2021;270;365;beauce_5_sa_092;orgeh;orgeH_tousSols_nonirr_organique;44.68;0.34;136.76;4.81;0.0;44.39;297.28;61.37;310.4;57.76;310.4;98.92;193.35;0.0;750.66
2021;1;191;beauce_5_sa_093;orgeh;orgeH_tousSols_nonirr_organique;196.53;23.33;197.55;36.86;0.0;310.4;248.32;159.48;306.39;56.91;310.4;99.48;390.81;0.0;2065.09
2021;192;306;beauce_5_sa_093;solnu;;126.54;0.0;47.74;29.97;0.11;159.48;268.97;52.48;305.96;56.91;310.4;0.0;174.53;0.0;0.0
2021;307;365;beauce_5_sa_093;orgeh;orgeH_tousSols_nonirr_organique;21.26;0.0;126.93;1.06;0.0;52.61;279.05;56.91;310.4;56.91;310.4;98.31;152.06;0.0;310.39
2021;1;170;beauce_5_sa_094;orgeh;orgeH_tousSols_nonirr_organique;152.44;19.95;179.34;29.38;0.0;310.4;248.32;167.24;310.4;64.96;310.4;99.41;329.9;0.0;2171.51
2021;171;265;beauce_5_sa_094;solnu;;141.75;0.0;62.63;33.19;0.11;167.24;226.16;41.61;295.1;64.96;310.4;0.0;188.44;0.0;0.0
2021;266;365;beauce_5_sa_094;orgeh;orgeH_tousSols_nonirr_organique;44.87;0.53;138.37;5.21;0.0;41.14;304.69;67.79;310.4;64.96;310.4;98.97;199.07;0.0;809.58
2021;1;210;beauce_5_sa_095;orgeh;orgeH_tousSols_nonirr_organique;228.25;21.82;197.46;42.72;0.0;310.4;248.32;172.97;303.15;56.91;310.4;99.52;417.7;0.0;2318.6
2021;211;317;beauce_5_sa_095;solnu;;101.05;0.0;80.79;25.83;0.11;172.97;278.44;56.91;310.4;56.91;310.4;0.0;192.22;0.0;0.0
2021;318;365;beauce_5_sa_095;orgeh;orgeH_tousSols_nonirr_organique;14.96;0.0;95.55;0.55;0.0;56.91;288.9;56.91;310.4;56.91;310.4;97.92;107.49;0.0;209.53
2021;1;203;beauce_5_sa_096;orgeh;orgeH_tousSols_nonirr_organique;199.82;23.47;213.26;35.48;0.0;310.4;248.32;199.03;304.57;75.55;310.4;99.51;408.12;0.0;2824.21
2021;204;259;beauce_5_sa_096;solnu;;73.04;0.0;41.7;14.39;0.11;199.03;214.36;46.11;299.59;75.55;310.4;0.0;110.22;0.0;0.0
2021;260;365;beauce_5_sa_096;orgeh;orgeH_tousSols_nonirr_organique;47.67;0.86;140.08;5.37;0.0;45.75;298.27;78.93;310.4;75.55;310.4;99.05;199.07;0.0;904.22
2021;1;213;beauce_5_sa_097;orgeh;orgeH_tousSols_nonirr_organique;228.81;18.19;204.2;44.04;0.0;310.4;248.32;190.08;299.65;56.91;310.4;99.53;417.87;0.0;2764.64
2021;214;276;beauce_5_sa_097;solnu;;71.68;0.0;41.19;17.89;0.11;190.08;219.51;39.38;292.86;56.91;310.4;0.0;106.19;0.0;0.0
2021;277;365;beauce_5_sa_097;orgeh;orgeH_tousSols_nonirr_organique;38.88;0.13;136.81;3.64;0.0;38.98;295.84;56.91;310.4;56.91;310.4;98.85;193.35;0.0;647.88
2021;1;194;beauce_5_sa_098;orgeh;orgeH_tousSols_nonirr_organique;201.03;17.11;204.24;38.04;0.0;310.4;248.32;174.05;304.3;56.91;310.4;99.48;397.27;0.0;2414.24
2021;195;277;beauce_5_sa_098;solnu;;102.95;0.0;39.66;25.34;0.11;174.05;219.27;38.45;291.94;56.91;310.4;0.0;126.79;0.0;0.0
2021;278;365;beauce_5_sa_098;orgeh;orgeH_tousSols_nonirr_organique;39.34;0.17;135.39;3.96;0.0;37.72;288.78;56.91;310.4;56.91;310.4;98.82;193.35;0.0;634.75
2021;1;207;beauce_5_sa_099;orgeh;orgeH_tousSols_nonirr_organique;221.17;21.9;198.0;41.8;0.0;310.4;248.32;169.98;301.05;56.91;310.4;99.52;417.7;0.0;2361.62
2021;208;303;beauce_5_sa_099;solnu;;101.02;0.0;49.12;26.35;0.11;169.98;251.84;51.74;305.22;56.91;310.4;0.0;146.23;0.0;0.0
2021;304;365;beauce_5_sa_099;orgeh;orgeH_tousSols_nonirr_organique;22.42;0.0;126.25;1.33;0.0;51.83;275.22;56.91;310.4;56.91;310.4;98.39;153.48;0.0;344.08
