annee;jourDebut;jourFin;parcelle;couvert;itk;N_lixivie[kgN/ha];N_volatilise_NH3[kgN/ha];N_mineralise_net_SOM[kgN/ha];N_mineralise_net_residus[kgN/ha];N_acquis_couvert[kgN/ha];N_mineral_debut[kgN/ha];N_mineral_fin[kgN/ha];emissions_N2O_directes[kgN/ha];emissions_N2[kgN/ha];N_fixe_legumineuses[kgN/ha];satisfactionAzote_culture[%];satisfactionAzote_ci[%];delta_Corg[kgC/ha];emissions_N2O_denit[kgN-N2O/ha];emissions_N2O_nit[kgN-N2O/ha];emissions_N2O_indirectes_volat[kgN-N2O/ha];emissions_N2O_indirectes_lixiv[kgN-N2O/ha]
2019;213;310;beauce_5_sa_000;solnu;;0.0;0.0;24.2;0.0;0.0;35.0;59.18;0.02;0.0;0;0;0;-268.98;0.01;0.01;0.0;0.0
2019;311;365;beauce_5_sa_000;BTH;;0.26;0.0;8.97;0.0;3.78;59.44;64.05;0.05;0.0;0;2.23;0;-101.53;0.05;0.01;0.0;0.26
2019;213;309;beauce_5_sa_001;solnu;;0.0;0.0;24.0;0.0;0.0;35.0;58.98;0.02;0.0;0;0;0;-267.54;0.01;0.01;0.0;0.0
2019;310;365;beauce_5_sa_001;BTH;;0.31;1.29;9.16;0.0;4.07;59.17;160.59;0.07;0.0;0;2.4;0;-102.83;0.07;0.01;1.29;0.31
2019;213;263;beauce_5_sa_002;solnu;;0.0;0.0;16.62;0.0;0.0;35.0;51.61;0.01;0.0;0;0;0;-182.73;0.0;0.01;0.0;0.0
2019;264;365;beauce_5_sa_002;BTH;;0.32;0.0;16.56;0.0;47.01;51.75;20.82;0.02;0.0;0;27.66;0;-187.91;0.01;0.01;0.0;0.32
2019;213;314;beauce_5_sa_003;solnu;;0.0;0.0;25.19;0.0;0.0;35.0;60.16;0.03;0.0;0;0;0;-279.32;0.02;0.02;0.0;0.0
2019;315;365;beauce_5_sa_003;BTH;;0.27;0.0;7.98;0.0;2.83;60.38;65.0;0.04;0.0;0;1.66;0;-91.23;0.04;0.0;0.0;0.27
2019;213;309;beauce_5_sa_004;solnu;;0.0;0.0;24.02;0.0;0.0;35.0;59.0;0.02;0.0;0;0;0;-267.71;0.01;0.01;0.0;0.0
2019;310;365;beauce_5_sa_004;BTH;;0.27;0.0;9.16;0.0;4.07;59.18;63.76;0.05;0.0;0;2.4;0;-102.83;0.05;0.01;0.0;0.27
2019;213;260;beauce_5_sa_005;solnu;;0.0;0.0;15.93;0.0;0.0;35.0;50.92;0.01;0.0;0;0;0;-177.11;0.0;0.01;0.0;0.0
2019;261;365;beauce_5_sa_005;BTH;;0.33;0.0;17.38;0.0;51.15;51.12;16.81;0.01;0.0;0;30.1;0;-194.94;0.0;0.01;0.0;0.33
2019;213;314;beauce_5_sa_006;solnu;;0.0;0.0;25.18;0.0;0.0;35.0;60.15;0.03;0.0;0;0;0;-279.12;0.02;0.02;0.0;0.0
2019;315;365;beauce_5_sa_006;BTH;;0.31;0.74;7.98;0.0;2.83;60.36;120.09;0.06;0.0;0;1.66;0;-91.23;0.06;0.0;0.74;0.31
2019;213;296;beauce_5_sa_007;solnu;;0.0;0.0;21.75;0.0;0.0;35.0;56.73;0.01;0.0;0;0;0;-241.55;0.0;0.01;0.0;0.0
2019;297;365;beauce_5_sa_007;BTH;;0.29;0.54;11.43;0.0;7.6;56.97;100.96;0.07;0.0;0;4.47;0;-129.0;0.06;0.01;0.54;0.29
2019;213;285;beauce_5_sa_008;solnu;;0.0;0.0;20.11;0.0;0.0;35.0;55.1;0.01;0.0;0;0;0;-224.25;0.0;0.01;0.0;0.0
2019;286;365;beauce_5_sa_008;BTH;;0.29;1.29;13.06;0.0;20.49;55.27;143.63;0.07;0.0;0;12.06;0;-146.32;0.06;0.01;1.29;0.29
2019;213;276;beauce_5_sa_009;solnu;;0.0;0.0;19.05;0.0;0.0;35.0;54.04;0.01;0.0;0;0;0;-212.5;0.0;0.01;0.0;0.0
2019;277;365;beauce_5_sa_009;BTH;;0.27;0.0;14.09;0.0;28.09;54.23;39.72;0.04;0.0;0;16.53;0;-157.65;0.03;0.01;0.0;0.27
2019;213;292;beauce_5_sa_010;solnu;;0.0;0.0;21.07;0.0;0.0;35.0;56.06;0.01;0.0;0;0;0;-233.33;0.0;0.01;0.0;0.0
2019;293;365;beauce_5_sa_010;BTH;;0.27;0.0;12.11;0.0;10.9;56.24;56.94;0.06;0.0;0;6.42;0;-137.22;0.05;0.01;0.0;0.27
2019;213;296;beauce_5_sa_011;solnu;;0.0;0.0;21.73;0.0;0.0;35.0;56.72;0.01;0.0;0;0;0;-241.38;0.0;0.01;0.0;0.0
2019;297;365;beauce_5_sa_011;BTH;;0.25;0.0;11.42;0.0;7.6;56.95;60.24;0.06;0.0;0;4.47;0;-128.89;0.05;0.01;0.0;0.25
2019;213;263;beauce_5_sa_012;solnu;;0.0;0.0;16.62;0.0;0.0;35.0;51.61;0.01;0.0;0;0;0;-182.73;0.0;0.01;0.0;0.0
2019;264;365;beauce_5_sa_012;BTH;;0.32;0.0;16.56;0.0;47.01;51.75;20.82;0.02;0.0;0;27.66;0;-187.91;0.01;0.01;0.0;0.32
2019;213;288;beauce_5_sa_013;solnu;;0.0;0.0;20.46;0.0;0.0;35.0;55.45;0.01;0.0;0;0;0;-227.94;0.0;0.01;0.0;0.0
2019;289;365;beauce_5_sa_013;BTH;;0.25;0.0;12.7;0.0;17.21;55.54;50.63;0.05;0.0;0;10.13;0;-142.42;0.04;0.01;0.0;0.25
2019;213;278;beauce_5_sa_014;solnu;;0.0;0.0;19.41;0.0;0.0;35.0;54.4;0.01;0.0;0;0;0;-216.32;0.0;0.01;0.0;0.0
2019;279;365;beauce_5_sa_014;BTH;;0.29;0.0;13.83;0.0;25.52;54.5;42.38;0.04;0.0;0;15.02;0;-154.98;0.04;0.01;0.0;0.29
2019;213;296;beauce_5_sa_015;solnu;;0.0;0.0;21.75;0.0;0.0;35.0;56.73;0.01;0.0;0;0;0;-241.55;0.0;0.01;0.0;0.0
2019;297;365;beauce_5_sa_015;BTH;;0.27;0.0;11.43;0.0;7.6;56.97;60.24;0.06;0.0;0;4.47;0;-129.0;0.05;0.01;0.0;0.27
2019;213;257;beauce_5_sa_016;solnu;;0.0;0.0;15.55;0.0;0.0;35.0;50.54;0.01;0.0;0;0;0;-172.8;0.0;0.01;0.0;0.0
2019;258;365;beauce_5_sa_016;BTH;;0.32;0.0;17.69;0.0;51.43;50.69;16.47;0.01;0.0;0;30.26;0;-198.48;0.0;0.01;0.0;0.32
2019;213;292;beauce_5_sa_017;solnu;;0.0;0.0;21.07;0.0;0.0;35.0;56.06;0.01;0.0;0;0;0;-233.33;0.0;0.01;0.0;0.0
2019;293;365;beauce_5_sa_017;BTH;;0.27;0.42;12.11;0.0;10.9;56.24;88.01;0.06;0.0;0;6.42;0;-137.22;0.06;0.01;0.42;0.27
2019;213;300;beauce_5_sa_018;solnu;;0.0;0.0;22.44;0.0;0.0;35.0;57.43;0.01;0.0;0;0;0;-249.28;0.0;0.01;0.0;0.0
2019;301;365;beauce_5_sa_018;BTH;;0.25;0.0;10.72;0.0;5.61;57.6;62.23;0.06;0.0;0;3.3;0;-121.17;0.05;0.01;0.0;0.25
2019;213;282;beauce_5_sa_019;solnu;;0.0;0.0;19.76;0.0;0.0;35.0;54.74;0.01;0.0;0;0;0;-220.42;0.0;0.01;0.0;0.0
2019;283;365;beauce_5_sa_019;BTH;;0.28;0.0;13.43;0.0;22.47;54.93;45.37;0.05;0.0;0;13.23;0;-150.21;0.04;0.01;0.0;0.28
2019;213;308;beauce_5_sa_020;solnu;;0.0;0.0;23.9;0.0;0.0;35.0;58.88;0.02;0.0;0;0;0;-266.09;0.01;0.01;0.0;0.0
2019;309;365;beauce_5_sa_020;BTH;;0.27;0.0;9.27;0.0;4.25;59.0;63.58;0.05;0.0;0;2.5;0;-104.46;0.05;0.01;0.0;0.27
2019;213;304;beauce_5_sa_021;solnu;;0.0;0.0;23.09;0.0;0.0;35.0;58.07;0.01;0.0;0;0;0;-256.64;0.0;0.01;0.0;0.0
2019;305;365;beauce_5_sa_021;BTH;;0.26;0.0;10.09;0.0;4.92;58.2;62.92;0.06;0.0;0;2.9;0;-113.9;0.05;0.01;0.0;0.26
2019;213;295;beauce_5_sa_022;solnu;;0.0;0.0;21.56;0.0;0.0;35.0;56.55;0.01;0.0;0;0;0;-239.73;0.0;0.01;0.0;0.0
2019;296;365;beauce_5_sa_022;BTH;;0.26;0.0;11.6;0.0;8.32;56.73;59.52;0.06;0.0;0;4.89;0;-130.74;0.05;0.01;0.0;0.26
2019;213;283;beauce_5_sa_023;solnu;;0.0;0.0;19.94;0.0;0.0;35.0;54.93;0.01;0.0;0;0;0;-221.26;0.0;0.01;0.0;0.0
2019;284;365;beauce_5_sa_023;BTH;;0.27;0.0;13.24;0.0;22.61;55.01;45.24;0.05;0.0;0;13.31;0;-149.32;0.04;0.01;0.0;0.27
2019;213;310;beauce_5_sa_024;solnu;;0.0;0.0;24.2;0.0;0.0;35.0;59.18;0.02;0.0;0;0;0;-269.02;0.01;0.01;0.0;0.0
2019;311;365;beauce_5_sa_024;BTH;;0.29;0.27;8.97;0.0;3.78;59.45;84.25;0.06;0.0;0;2.23;0;-101.53;0.05;0.01;0.27;0.29
2019;213;289;beauce_5_sa_025;solnu;;0.0;0.0;20.54;0.0;0.0;35.0;55.53;0.01;0.0;0;0;0;-229.03;0.0;0.01;0.0;0.0
2019;290;365;beauce_5_sa_025;BTH;;0.25;0.0;12.6;0.0;15.29;55.63;52.54;0.05;0.0;0;9.0;0;-141.15;0.05;0.01;0.0;0.25
2019;213;285;beauce_5_sa_026;solnu;;0.0;0.0;20.11;0.0;0.0;35.0;55.1;0.01;0.0;0;0;0;-224.24;0.0;0.01;0.0;0.0
2019;286;365;beauce_5_sa_026;BTH;;0.26;0.0;13.06;0.0;20.31;55.26;47.54;0.05;0.0;0;11.95;0;-146.24;0.04;0.01;0.0;0.26
2019;213;305;beauce_5_sa_027;solnu;;0.0;0.0;23.21;0.0;0.0;35.0;58.2;0.01;0.0;0;0;0;-258.53;0.0;0.01;0.0;0.0
2019;306;365;beauce_5_sa_027;BTH;;0.27;0.22;9.96;0.0;4.79;58.38;79.8;0.07;0.0;0;2.82;0;-111.97;0.06;0.01;0.22;0.27
2019;213;269;beauce_5_sa_028;solnu;;0.0;0.0;17.89;0.0;0.0;35.0;52.88;0.01;0.0;0;0;0;-198.28;0.0;0.01;0.0;0.0
2019;270;365;beauce_5_sa_028;BTH;;0.32;0.0;15.21;0.0;37.91;53.09;29.83;0.03;0.0;0;22.31;0;-171.49;0.02;0.01;0.0;0.32
2019;213;304;beauce_5_sa_029;solnu;;0.0;0.0;23.03;0.0;0.0;35.0;58.01;0.01;0.0;0;0;0;-256.0;0.0;0.01;0.0;0.0
2019;305;365;beauce_5_sa_029;BTH;;0.23;0.0;10.09;0.0;4.92;58.14;62.89;0.06;0.0;0;2.9;0;-113.87;0.05;0.01;0.0;0.23
2019;213;264;beauce_5_sa_030;solnu;;0.0;0.0;16.76;0.0;0.0;35.0;51.75;0.01;0.0;0;0;0;-186.17;0.0;0.01;0.0;0.0
2019;265;365;beauce_5_sa_030;BTH;;0.32;0.17;16.4;0.0;44.85;51.97;35.57;0.03;0.0;0;26.39;0;-184.15;0.02;0.01;0.17;0.32
2019;213;259;beauce_5_sa_031;solnu;;0.0;0.0;15.81;0.0;0.0;35.0;50.8;0.01;0.0;0;0;0;-175.7;0.0;0.01;0.0;0.0
2019;260;365;beauce_5_sa_031;BTH;;0.32;0.0;17.37;0.0;51.24;50.92;16.6;0.01;0.0;0;30.15;0;-194.91;0.0;0.01;0.0;0.32
2019;213;270;beauce_5_sa_032;solnu;;0.0;0.0;18.1;0.0;0.0;35.0;53.09;0.01;0.0;0;0;0;-200.4;0.0;0.01;0.0;0.0
2019;271;365;beauce_5_sa_032;BTH;;0.33;0.92;15.0;0.0;35.61;53.3;32.12;0.03;0.0;0;20.96;0;-169.37;0.02;0.01;0.92;0.33
2019;213;257;beauce_5_sa_033;solnu;;0.0;0.0;15.54;0.0;0.0;35.0;50.53;0.01;0.0;0;0;0;-172.66;0.0;0.01;0.0;0.0
2019;258;365;beauce_5_sa_033;BTH;;0.32;0.0;17.65;0.0;51.44;50.68;16.4;0.01;0.0;0;30.27;0;-198.06;0.0;0.01;0.0;0.32
2019;213;316;beauce_5_sa_034;solnu;;0.0;0.0;25.56;0.0;0.0;35.0;60.53;0.03;0.0;0;0;0;-284.58;0.02;0.02;0.0;0.0
2019;317;365;beauce_5_sa_034;BTH;;0.27;0.0;7.61;0.0;2.32;60.88;65.51;0.04;0.0;0;1.37;0;-85.95;0.04;0.0;0.0;0.27
2019;213;284;beauce_5_sa_035;solnu;;0.0;0.0;20.02;0.0;0.0;35.0;55.01;0.01;0.0;0;0;0;-223.34;0.0;0.01;0.0;0.0
2019;285;365;beauce_5_sa_035;BTH;;0.27;0.0;13.16;0.0;21.42;55.1;46.42;0.05;0.0;0;12.61;0;-147.26;0.04;0.01;0.0;0.27
2019;213;297;beauce_5_sa_036;solnu;;0.0;0.0;21.97;0.0;0.0;35.0;56.96;0.01;0.0;0;0;0;-243.51;0.0;0.01;0.0;0.0
2019;298;365;beauce_5_sa_036;BTH;;0.25;0.0;11.19;0.0;7.14;57.11;60.7;0.06;0.0;0;4.2;0;-126.92;0.05;0.01;0.0;0.25
2019;213;298;beauce_5_sa_037;solnu;;0.0;0.0;22.1;0.0;0.0;35.0;57.09;0.01;0.0;0;0;0;-245.82;0.0;0.01;0.0;0.0
2019;299;365;beauce_5_sa_037;BTH;;0.24;0.0;11.04;0.0;6.68;57.22;61.14;0.06;0.0;0;3.93;0;-124.3;0.05;0.01;0.0;0.24
2019;213;294;beauce_5_sa_038;solnu;;0.0;0.0;21.4;0.0;0.0;35.0;56.38;0.01;0.0;0;0;0;-237.92;0.0;0.01;0.0;0.0
2019;295;365;beauce_5_sa_038;BTH;;0.25;0.0;11.76;0.0;8.74;56.54;59.1;0.06;0.0;0;5.14;0;-132.41;0.05;0.01;0.0;0.25
2019;213;282;beauce_5_sa_039;solnu;;0.0;0.0;19.83;0.0;0.0;35.0;54.82;0.01;0.0;0;0;0;-221.24;0.0;0.01;0.0;0.0
2019;283;365;beauce_5_sa_039;BTH;;0.29;0.0;13.44;0.0;21.23;55.0;46.69;0.05;0.0;0;12.49;0;-150.34;0.04;0.01;0.0;0.29
2019;213;273;beauce_5_sa_040;solnu;;0.0;0.0;18.68;0.0;0.0;35.0;53.67;0.01;0.0;0;0;0;-207.21;0.0;0.01;0.0;0.0
2019;274;365;beauce_5_sa_040;BTH;;0.29;0.0;14.5;0.0;33.72;53.83;34.13;0.04;0.0;0;19.84;0;-163.39;0.03;0.01;0.0;0.29
2019;213;304;beauce_5_sa_041;solnu;;0.0;0.0;23.07;0.0;0.0;35.0;58.05;0.01;0.0;0;0;0;-256.41;0.0;0.01;0.0;0.0
2019;305;365;beauce_5_sa_041;BTH;;0.25;0.0;10.09;0.0;4.92;58.18;62.91;0.06;0.0;0;2.9;0;-113.88;0.05;0.01;0.0;0.25
2019;213;312;beauce_5_sa_042;solnu;;0.0;0.0;24.7;0.0;0.0;35.0;59.67;0.03;0.0;0;0;0;-274.08;0.01;0.01;0.0;0.0
2019;313;365;beauce_5_sa_042;BTH;;0.27;0.0;8.48;0.0;3.33;59.91;64.51;0.05;0.0;0;1.96;0;-96.47;0.04;0.01;0.0;0.27
2019;213;306;beauce_5_sa_043;solnu;;0.0;0.0;23.4;0.0;0.0;35.0;58.38;0.02;0.0;0;0;0;-260.03;0.0;0.01;0.0;0.0
2019;307;365;beauce_5_sa_043;BTH;;0.26;0.0;9.78;0.0;4.5;58.74;63.33;0.06;0.0;0;2.65;0;-110.5;0.05;0.01;0.0;0.26
2019;213;300;beauce_5_sa_044;solnu;;0.0;0.0;22.45;0.0;0.0;35.0;57.44;0.01;0.0;0;0;0;-249.34;0.0;0.01;0.0;0.0
2019;301;365;beauce_5_sa_044;BTH;;0.27;0.0;10.72;0.0;5.61;57.61;62.23;0.06;0.0;0;3.3;0;-121.2;0.05;0.01;0.0;0.27
2019;213;289;beauce_5_sa_045;solnu;;0.0;0.0;20.54;0.0;0.0;35.0;55.53;0.01;0.0;0;0;0;-229.03;0.0;0.01;0.0;0.0
2019;290;365;beauce_5_sa_045;BTH;;0.25;0.0;12.6;0.0;15.3;55.63;52.53;0.05;0.0;0;9.0;0;-141.16;0.05;0.01;0.0;0.25
2019;213;256;beauce_5_sa_046;solnu;;0.0;0.0;15.41;0.0;0.0;35.0;50.4;0.01;0.0;0;0;0;-171.41;0.0;0.01;0.0;0.0
2019;257;365;beauce_5_sa_046;BTH;;0.32;0.0;17.73;0.0;51.6;50.52;16.2;0.01;0.0;0;30.36;0;-198.81;0.0;0.01;0.0;0.32
2019;213;274;beauce_5_sa_047;solnu;;0.0;0.0;18.84;0.0;0.0;35.0;53.83;0.01;0.0;0;0;0;-209.26;0.0;0.01;0.0;0.0
2019;275;365;beauce_5_sa_047;BTH;;0.28;0.0;14.33;0.0;31.74;53.98;36.1;0.04;0.0;0;18.68;0;-161.33;0.03;0.01;0.0;0.28
2019;213;290;beauce_5_sa_048;solnu;;0.0;0.0;20.66;0.0;0.0;35.0;55.64;0.01;0.0;0;0;0;-230.28;0.0;0.01;0.0;0.0
2019;291;365;beauce_5_sa_048;BTH;;0.27;0.0;12.52;0.0;13.52;55.82;54.31;0.06;0.0;0;7.96;0;-140.34;0.05;0.01;0.0;0.27
2019;213;311;beauce_5_sa_049;solnu;;0.0;0.0;24.43;0.0;0.0;35.0;59.41;0.02;0.0;0;0;0;-270.63;0.01;0.01;0.0;0.0
2019;312;365;beauce_5_sa_049;BTH;;0.24;0.0;8.7;0.0;3.51;59.63;64.31;0.05;0.0;0;2.07;0;-99.46;0.04;0.01;0.0;0.24
2019;213;261;beauce_5_sa_050;solnu;;0.0;0.0;16.13;0.0;0.0;35.0;51.12;0.01;0.0;0;0;0;-178.38;0.0;0.01;0.0;0.0
2019;262;365;beauce_5_sa_050;BTH;;0.32;0.0;17.05;0.0;50.85;51.31;16.99;0.01;0.0;0;29.92;0;-192.18;0.0;0.01;0.0;0.32
2019;213;291;beauce_5_sa_051;solnu;;0.0;0.0;20.81;0.0;0.0;35.0;55.8;0.01;0.0;0;0;0;-231.14;0.0;0.01;0.0;0.0
2019;292;365;beauce_5_sa_051;BTH;;0.25;0.0;12.33;0.0;12.39;56.03;55.44;0.06;0.0;0;7.29;0;-139.03;0.05;0.01;0.0;0.25
2019;213;283;beauce_5_sa_052;solnu;;0.0;0.0;19.94;0.0;0.0;35.0;54.93;0.01;0.0;0;0;0;-221.26;0.0;0.01;0.0;0.0
2019;284;365;beauce_5_sa_052;BTH;;0.27;0.0;13.24;0.0;22.61;55.01;45.24;0.05;0.0;0;13.31;0;-149.32;0.04;0.01;0.0;0.27
2019;213;302;beauce_5_sa_053;solnu;;0.0;0.0;22.75;0.0;0.0;35.0;57.74;0.01;0.0;0;0;0;-253.32;0.0;0.01;0.0;0.0
2019;303;365;beauce_5_sa_053;BTH;;0.26;0.0;10.42;0.0;5.26;57.89;62.58;0.06;0.0;0;3.09;0;-117.15;0.05;0.01;0.0;0.26
2019;213;275;beauce_5_sa_054;solnu;;0.0;0.0;18.99;0.0;0.0;35.0;53.98;0.01;0.0;0;0;0;-211.05;0.0;0.01;0.0;0.0
2019;276;365;beauce_5_sa_054;BTH;;0.29;0.0;14.19;0.0;30.31;54.05;37.53;0.04;0.0;0;17.84;0;-159.56;0.03;0.01;0.0;0.29
2019;213;262;beauce_5_sa_055;solnu;;0.0;0.0;16.32;0.0;0.0;35.0;51.31;0.01;0.0;0;0;0;-180.61;0.0;0.01;0.0;0.0
2019;263;365;beauce_5_sa_055;BTH;;0.32;0.0;16.84;0.0;47.74;51.61;20.07;0.02;0.0;0;28.09;0;-189.74;0.01;0.01;0.0;0.32
2019;213;268;beauce_5_sa_056;solnu;;0.0;0.0;17.71;0.0;0.0;35.0;52.7;0.01;0.0;0;0;0;-195.74;0.0;0.01;0.0;0.0
2019;269;365;beauce_5_sa_056;BTH;;0.32;0.0;15.41;0.0;39.21;52.89;28.56;0.03;0.0;0;23.07;0;-174.23;0.02;0.01;0.0;0.32
2019;213;289;beauce_5_sa_057;solnu;;0.0;0.0;20.56;0.0;0.0;35.0;55.55;0.01;0.0;0;0;0;-229.21;0.0;0.01;0.0;0.0
2019;290;365;beauce_5_sa_057;BTH;;0.27;0.0;12.62;0.0;15.3;55.64;52.55;0.05;0.0;0;9.0;0;-141.38;0.05;0.01;0.0;0.27
2019;213;289;beauce_5_sa_058;solnu;;0.0;0.0;20.52;0.0;0.0;35.0;55.51;0.01;0.0;0;0;0;-228.78;0.0;0.01;0.0;0.0
2019;290;365;beauce_5_sa_058;BTH;;0.27;0.47;12.6;0.0;15.27;55.6;87.34;0.06;0.0;0;8.99;0;-141.12;0.06;0.01;0.47;0.27
2019;213;266;beauce_5_sa_059;solnu;;0.0;0.0;17.15;0.0;0.0;35.0;52.14;0.01;0.0;0;0;0;-190.14;0.0;0.01;0.0;0.0
2019;267;365;beauce_5_sa_059;BTH;;0.32;0.0;16.02;0.0;43.19;52.48;24.63;0.02;0.0;0;25.41;0;-180.4;0.01;0.01;0.0;0.32
2019;213;286;beauce_5_sa_060;solnu;;0.0;0.0;20.28;0.0;0.0;35.0;55.27;0.01;0.0;0;0;0;-225.27;0.0;0.01;0.0;0.0
2019;287;365;beauce_5_sa_060;BTH;;0.27;0.0;12.9;0.0;19.5;55.34;48.35;0.05;0.0;0;11.47;0;-145.31;0.04;0.01;0.0;0.27
2019;213;298;beauce_5_sa_061;solnu;;0.0;0.0;22.13;0.0;0.0;35.0;57.12;0.01;0.0;0;0;0;-246.16;0.0;0.01;0.0;0.0
2019;299;365;beauce_5_sa_061;BTH;;0.26;0.0;11.04;0.0;6.68;57.25;61.15;0.06;0.0;0;3.93;0;-124.38;0.05;0.01;0.0;0.26
2019;213;281;beauce_5_sa_062;solnu;;0.0;0.0;19.68;0.0;0.0;35.0;54.67;0.01;0.0;0;0;0;-219.67;0.0;0.01;0.0;0.0
2019;282;365;beauce_5_sa_062;BTH;;0.27;0.0;13.5;0.0;24.52;54.74;43.32;0.05;0.0;0;14.43;0;-150.92;0.04;0.01;0.0;0.27
2019;213;281;beauce_5_sa_063;solnu;;0.0;0.0;19.68;0.0;0.0;35.0;54.67;0.01;0.0;0;0;0;-219.67;0.0;0.01;0.0;0.0
2019;282;365;beauce_5_sa_063;BTH;;0.27;0.0;13.5;0.0;24.52;54.74;43.32;0.05;0.0;0;14.43;0;-150.92;0.04;0.01;0.0;0.27
2019;213;257;beauce_5_sa_064;solnu;;0.0;0.0;15.54;0.0;0.0;35.0;50.53;0.01;0.0;0;0;0;-172.75;0.0;0.01;0.0;0.0
2019;258;365;beauce_5_sa_064;BTH;;0.32;0.0;17.68;0.0;51.51;50.69;16.37;0.01;0.0;0;30.31;0;-198.39;0.0;0.01;0.0;0.32
2019;213;259;beauce_5_sa_065;solnu;;0.0;0.0;15.81;0.0;0.0;35.0;50.8;0.01;0.0;0;0;0;-175.7;0.0;0.01;0.0;0.0
2019;260;365;beauce_5_sa_065;BTH;;0.32;0.0;17.37;0.0;51.24;50.92;16.6;0.01;0.0;0;30.15;0;-194.91;0.0;0.01;0.0;0.32
2019;213;272;beauce_5_sa_066;solnu;;0.0;0.0;18.5;0.0;0.0;35.0;53.49;0.01;0.0;0;0;0;-205.43;0.0;0.01;0.0;0.0
2019;273;365;beauce_5_sa_066;BTH;;0.3;0.0;14.69;0.0;33.97;53.67;33.88;0.04;0.0;0;19.99;0;-165.32;0.03;0.01;0.0;0.3
2019;213;285;beauce_5_sa_067;solnu;;0.0;0.0;20.11;0.0;0.0;35.0;55.1;0.01;0.0;0;0;0;-224.25;0.0;0.01;0.0;0.0
2019;286;365;beauce_5_sa_067;BTH;;0.29;1.3;13.06;0.0;20.49;55.27;144.91;0.07;0.0;0;12.06;0;-146.32;0.06;0.01;1.3;0.29
2019;213;289;beauce_5_sa_068;solnu;;0.0;0.0;20.56;0.0;0.0;35.0;55.55;0.01;0.0;0;0;0;-229.21;0.0;0.01;0.0;0.0
2019;290;365;beauce_5_sa_068;BTH;;0.27;0.0;12.62;0.0;15.47;55.64;52.37;0.05;0.0;0;9.11;0;-141.4;0.05;0.01;0.0;0.27
2019;213;264;beauce_5_sa_069;solnu;;0.0;0.0;16.75;0.0;0.0;35.0;51.74;0.01;0.0;0;0;0;-186.11;0.0;0.01;0.0;0.0
2019;265;365;beauce_5_sa_069;BTH;;0.33;0.46;16.38;0.0;44.12;51.96;57.87;0.04;0.0;0;25.96;0;-183.95;0.03;0.01;0.46;0.33
2019;213;286;beauce_5_sa_070;solnu;;0.0;0.0;20.28;0.0;0.0;35.0;55.27;0.01;0.0;0;0;0;-225.27;0.0;0.01;0.0;0.0
2019;287;365;beauce_5_sa_070;BTH;;0.27;0.34;12.9;0.0;19.5;55.34;73.91;0.05;0.0;0;11.47;0;-145.31;0.04;0.01;0.34;0.27
2019;213;316;beauce_5_sa_071;solnu;;0.0;0.0;25.55;0.0;0.0;35.0;60.52;0.03;0.0;0;0;0;-284.53;0.02;0.02;0.0;0.0
2019;317;365;beauce_5_sa_071;BTH;;0.26;0.0;7.61;0.0;2.32;60.87;65.51;0.04;0.0;0;1.37;0;-85.96;0.04;0.0;0.0;0.26
2019;213;276;beauce_5_sa_072;solnu;;0.0;0.0;19.06;0.0;0.0;35.0;54.05;0.01;0.0;0;0;0;-212.56;0.0;0.01;0.0;0.0
2019;277;365;beauce_5_sa_072;BTH;;0.27;0.0;14.08;0.0;27.81;54.24;40.01;0.04;0.0;0;16.37;0;-157.6;0.03;0.01;0.0;0.27
2019;213;310;beauce_5_sa_073;solnu;;0.0;0.0;24.21;0.0;0.0;35.0;59.18;0.02;0.0;0;0;0;-269.05;0.01;0.01;0.0;0.0
2019;311;365;beauce_5_sa_073;BTH;;0.27;0.0;8.97;0.0;3.78;59.45;64.05;0.05;0.0;0;2.23;0;-101.52;0.05;0.01;0.0;0.27
2019;213;275;beauce_5_sa_074;solnu;;0.0;0.0;18.99;0.0;0.0;35.0;53.98;0.01;0.0;0;0;0;-211.05;0.0;0.01;0.0;0.0
2019;276;365;beauce_5_sa_074;BTH;;0.29;0.0;14.19;0.0;30.31;54.05;37.53;0.04;0.0;0;17.84;0;-159.56;0.03;0.01;0.0;0.29
2019;213;275;beauce_5_sa_075;solnu;;0.0;0.0;18.98;0.0;0.0;35.0;53.97;0.01;0.0;0;0;0;-210.98;0.0;0.01;0.0;0.0
2019;276;365;beauce_5_sa_075;BTH;;0.27;0.0;14.16;0.0;28.78;54.05;39.04;0.04;0.0;0;16.93;0;-159.23;0.03;0.01;0.0;0.27
2019;213;298;beauce_5_sa_076;solnu;;0.0;0.0;22.13;0.0;0.0;35.0;57.12;0.01;0.0;0;0;0;-246.14;0.0;0.01;0.0;0.0
2019;299;365;beauce_5_sa_076;BTH;;0.26;0.0;11.04;0.0;6.68;57.25;61.16;0.06;0.0;0;3.93;0;-124.36;0.05;0.01;0.0;0.26
2019;213;277;beauce_5_sa_077;solnu;;0.0;0.0;19.25;0.0;0.0;35.0;54.24;0.01;0.0;0;0;0;-213.45;0.0;0.01;0.0;0.0
2019;278;365;beauce_5_sa_077;BTH;;0.27;0.0;13.89;0.0;26.97;54.34;40.85;0.04;0.0;0;15.87;0;-156.76;0.03;0.01;0.0;0.27
2019;213;286;beauce_5_sa_078;solnu;;0.0;0.0;20.28;0.0;0.0;35.0;55.27;0.01;0.0;0;0;0;-225.27;0.0;0.01;0.0;0.0
2019;287;365;beauce_5_sa_078;BTH;;0.27;0.0;12.9;0.0;19.5;55.34;48.35;0.05;0.0;0;11.47;0;-145.31;0.04;0.01;0.0;0.27
2019;213;284;beauce_5_sa_079;solnu;;0.0;0.0;20.02;0.0;0.0;35.0;55.01;0.01;0.0;0;0;0;-223.29;0.0;0.01;0.0;0.0
2019;285;365;beauce_5_sa_079;BTH;;0.26;0.0;13.14;0.0;20.98;55.1;46.86;0.05;0.0;0;12.35;0;-147.08;0.04;0.01;0.0;0.26
2019;213;272;beauce_5_sa_080;solnu;;0.0;0.0;18.5;0.0;0.0;35.0;53.49;0.01;0.0;0;0;0;-205.43;0.0;0.01;0.0;0.0
2019;273;365;beauce_5_sa_080;BTH;;0.3;0.86;14.69;0.0;33.97;53.67;98.22;0.04;0.0;0;19.99;0;-165.32;0.03;0.01;0.86;0.3
2019;213;273;beauce_5_sa_081;solnu;;0.0;0.0;18.68;0.0;0.0;35.0;53.67;0.01;0.0;0;0;0;-207.21;0.0;0.01;0.0;0.0
2019;274;365;beauce_5_sa_081;BTH;;0.29;0.16;14.5;0.0;33.72;53.83;46.36;0.04;0.0;0;19.84;0;-163.39;0.03;0.01;0.16;0.29
2019;213;310;beauce_5_sa_082;solnu;;0.0;0.0;24.18;0.0;0.0;35.0;59.16;0.02;0.0;0;0;0;-268.78;0.01;0.01;0.0;0.0
2019;311;365;beauce_5_sa_082;BTH;;0.25;0.0;8.97;0.0;3.78;59.42;64.04;0.05;0.0;0;2.23;0;-101.53;0.05;0.01;0.0;0.25
2019;213;263;beauce_5_sa_083;solnu;;0.0;0.0;16.62;0.0;0.0;35.0;51.61;0.01;0.0;0;0;0;-182.67;0.0;0.01;0.0;0.0
2019;264;365;beauce_5_sa_083;BTH;;0.32;0.0;16.51;0.0;44.54;51.74;23.24;0.02;0.0;0;26.21;0;-187.35;0.01;0.01;0.0;0.32
2019;213;275;beauce_5_sa_084;solnu;;0.0;0.0;18.99;0.0;0.0;35.0;53.98;0.01;0.0;0;0;0;-211.05;0.0;0.01;0.0;0.0
2019;276;365;beauce_5_sa_084;BTH;;0.29;1.27;14.19;0.0;30.31;54.05;37.53;0.04;0.0;0;17.84;0;-159.56;0.03;0.01;1.27;0.29
2019;213;280;beauce_5_sa_085;solnu;;0.0;0.0;19.65;0.0;0.0;35.0;54.64;0.01;0.0;0;0;0;-218.31;0.0;0.01;0.0;0.0
2019;281;365;beauce_5_sa_085;BTH;;0.27;0.0;13.56;0.0;24.46;54.71;43.43;0.05;0.0;0;14.39;0;-152.7;0.04;0.01;0.0;0.27
2019;213;282;beauce_5_sa_086;solnu;;0.0;0.0;19.75;0.0;0.0;35.0;54.74;0.01;0.0;0;0;0;-220.39;0.0;0.01;0.0;0.0
2019;283;365;beauce_5_sa_086;BTH;;0.27;0.0;13.41;0.0;21.94;54.93;45.9;0.05;0.0;0;12.91;0;-150.05;0.04;0.01;0.0;0.27
2019;213;295;beauce_5_sa_087;solnu;;0.0;0.0;21.57;0.0;0.0;35.0;56.55;0.01;0.0;0;0;0;-239.76;0.0;0.01;0.0;0.0
2019;296;365;beauce_5_sa_087;BTH;;0.34;0.85;11.61;0.0;8.32;56.73;122.88;0.08;0.0;0;4.89;0;-130.79;0.07;0.01;0.85;0.34
2019;213;286;beauce_5_sa_088;solnu;;0.0;0.0;20.28;0.0;0.0;35.0;55.27;0.01;0.0;0;0;0;-225.27;0.0;0.01;0.0;0.0
2019;287;365;beauce_5_sa_088;BTH;;0.27;0.0;12.9;0.0;19.5;55.34;48.35;0.05;0.0;0;11.47;0;-145.31;0.04;0.01;0.0;0.27
2019;213;280;beauce_5_sa_089;solnu;;0.0;0.0;19.61;0.0;0.0;35.0;54.6;0.01;0.0;0;0;0;-217.86;0.0;0.01;0.0;0.0
2019;281;365;beauce_5_sa_089;BTH;;0.27;0.0;13.57;0.0;25.45;54.67;42.4;0.04;0.0;0;14.98;0;-152.73;0.04;0.01;0.0;0.27
2019;213;284;beauce_5_sa_090;solnu;;0.0;0.0;20.02;0.0;0.0;35.0;55.01;0.01;0.0;0;0;0;-223.34;0.0;0.01;0.0;0.0
2019;285;365;beauce_5_sa_090;BTH;;0.27;0.0;13.16;0.0;21.42;55.1;46.42;0.05;0.0;0;12.61;0;-147.26;0.04;0.01;0.0;0.27
2019;213;281;beauce_5_sa_091;solnu;;0.0;0.0;19.68;0.0;0.0;35.0;54.67;0.01;0.0;0;0;0;-219.67;0.0;0.01;0.0;0.0
2019;282;365;beauce_5_sa_091;BTH;;0.31;0.38;13.5;0.0;24.52;54.74;71.89;0.06;0.0;0;14.43;0;-150.92;0.05;0.01;0.38;0.31
2019;213;285;beauce_5_sa_092;solnu;;0.0;0.0;20.11;0.0;0.0;35.0;55.1;0.01;0.0;0;0;0;-224.25;0.0;0.01;0.0;0.0
2019;286;365;beauce_5_sa_092;BTH;;0.34;0.79;13.06;0.0;20.49;55.27;106.47;0.07;0.0;0;12.06;0;-146.32;0.06;0.01;0.79;0.34
2019;213;305;beauce_5_sa_093;solnu;;0.0;0.0;23.22;0.0;0.0;35.0;58.2;0.01;0.0;0;0;0;-258.57;0.0;0.01;0.0;0.0
2019;306;365;beauce_5_sa_093;BTH;;0.27;0.0;9.96;0.0;4.79;58.38;63.04;0.06;0.0;0;2.82;0;-111.97;0.05;0.01;0.0;0.27
2019;213;261;beauce_5_sa_094;solnu;;0.0;0.0;16.36;0.0;0.0;35.0;51.35;0.01;0.0;0;0;0;-180.89;0.0;0.01;0.0;0.0
2019;262;365;beauce_5_sa_094;BTH;;0.33;0.0;17.21;0.0;50.08;51.54;18.13;0.01;0.0;0;29.47;0;-194.04;0.0;0.01;0.0;0.33
2019;213;258;beauce_5_sa_095;solnu;;0.0;0.0;15.69;0.0;0.0;35.0;50.68;0.01;0.0;0;0;0;-173.97;0.0;0.01;0.0;0.0
2019;259;365;beauce_5_sa_095;BTH;;0.33;0.38;17.49;0.0;51.35;50.8;45.27;0.03;0.0;0;30.21;0;-196.56;0.02;0.01;0.38;0.33
2019;213;281;beauce_5_sa_096;solnu;;0.0;0.0;19.67;0.0;0.0;35.0;54.65;0.01;0.0;0;0;0;-219.53;0.0;0.01;0.0;0.0
2019;282;365;beauce_5_sa_096;BTH;;0.26;0.83;13.46;0.0;23.13;54.73;106.64;0.06;0.0;0;13.61;0;-150.51;0.05;0.01;0.83;0.26
2019;213;272;beauce_5_sa_097;solnu;;0.0;0.0;18.5;0.0;0.0;35.0;53.48;0.01;0.0;0;0;0;-205.37;0.0;0.01;0.0;0.0
2019;273;365;beauce_5_sa_097;BTH;;0.29;0.0;14.66;0.0;32.29;53.67;35.53;0.04;0.0;0;19.0;0;-164.98;0.03;0.01;0.0;0.29
2019;213;257;beauce_5_sa_098;solnu;;0.0;0.0;15.54;0.0;0.0;35.0;50.53;0.01;0.0;0;0;0;-172.66;0.0;0.01;0.0;0.0
2019;258;365;beauce_5_sa_098;BTH;;0.32;0.0;17.65;0.0;51.44;50.68;16.4;0.01;0.0;0;30.27;0;-198.06;0.0;0.01;0.0;0.32
2019;213;311;beauce_5_sa_099;solnu;;0.0;0.0;24.47;0.0;0.0;35.0;59.44;0.03;0.0;0;0;0;-271.06;0.01;0.01;0.0;0.0
2019;312;365;beauce_5_sa_099;BTH;;0.26;0.0;8.7;0.0;3.51;59.67;64.32;0.05;0.0;0;2.07;0;-99.46;0.04;0.01;0.0;0.26
2020;1;224;beauce_5_sa_000;BTH;;3.62;0.91;58.58;0.0;157.99;64.05;28.94;0.08;0.0;0;95.19;0;-652.28;0.05;0.04;0.91;3.62
2020;225;311;beauce_5_sa_000;solnu;;0.01;0.0;35.35;-48.23;0.0;28.94;20.59;0.03;0.0;0;0;0;-369.66;0.02;0.01;0.0;0.01
2020;312;366;beauce_5_sa_000;BTH;;1.69;0.0;7.25;-10.36;0.0;20.39;18.73;0.0;0.0;0;0.0;0;-61.8;0.0;0.0;0.0;1.69
2020;1;195;beauce_5_sa_001;BTH;;6.38;0.0;46.69;0.0;165.23;160.59;35.55;0.12;0.0;0;99.62;0;-520.29;0.09;0.03;0.0;6.38
2020;196;310;beauce_5_sa_001;solnu;;0.0;0.0;43.86;-47.6;0.0;35.55;36.55;0.02;0.0;0;0;0;-463.76;0.01;0.01;0.0;0.0
2020;311;366;beauce_5_sa_001;BTH;;2.41;1.29;7.54;-14.4;1.66;36.82;123.3;0.03;0.0;0;0.98;0;-17.54;0.03;0.0;1.29;2.41
2020;1;199;beauce_5_sa_002;BTH;;1.53;0.0;53.18;0.0;47.2;20.82;25.22;0.04;0.0;0;55.44;0;-592.15;0.01;0.03;0.0;1.53
2020;200;264;beauce_5_sa_002;solnu;;0.15;0.0;34.69;-21.84;0.0;25.22;37.88;0.04;0.0;0;0;0;-331.5;0.03;0.01;0.0;0.15
2020;265;366;beauce_5_sa_002;BTH;;1.22;0.0;19.37;-50.81;0.0;38.26;7.92;0.0;0.0;0;0.0;0;-125.56;0.0;0.0;0.0;1.22
2020;1;201;beauce_5_sa_003;BTH;;3.65;0.95;50.49;0.0;114.72;65.0;68.11;0.06;0.0;0;69.17;0;-563.93;0.03;0.03;0.95;3.65
2020;202;315;beauce_5_sa_003;solnu;;1.44;0.0;45.28;-75.75;0.0;68.11;36.08;0.12;0.0;0;0;0;-416.97;0.1;0.02;0.0;1.44
2020;316;366;beauce_5_sa_003;BTH;;2.81;0.0;6.72;-9.14;0.0;35.67;31.29;0.0;0.0;0;0.0;0;-16.05;0.0;0.0;0.0;2.81
2020;1;226;beauce_5_sa_004;BTH;;3.59;1.4;61.43;0.0;105.39;63.76;121.22;0.08;0.0;0;64.41;0;-682.33;0.04;0.04;1.4;3.59
2020;227;310;beauce_5_sa_004;solnu;;2.06;0.0;33.95;-21.49;0.0;121.22;131.47;0.15;0.0;0;0;0;-322.55;0.14;0.01;0.0;2.06
2020;311;366;beauce_5_sa_004;BTH;;4.03;0.0;7.55;-87.76;1.44;131.78;45.77;0.02;0.0;0;0.85;0;-15.28;0.02;0.0;0.0;4.03
2020;1;224;beauce_5_sa_005;BTH;;1.49;2.74;68.99;0.0;137.21;16.81;151.74;0.3;0.02;0;110.83;0;-768.82;0.26;0.04;2.74;1.49
2020;225;261;beauce_5_sa_005;solnu;;1.25;0.0;22.04;-20.43;0.0;151.74;152.02;0.09;0.0;0;0;0;-208.83;0.08;0.0;0.0;1.25
2020;262;366;beauce_5_sa_005;BTH;;8.05;0.0;20.45;-96.08;16.05;152.34;52.27;0.01;0.0;0;9.44;0;33.26;0.01;0.0;0.0;8.05
2020;1;174;beauce_5_sa_006;BTH;;5.41;0.0;38.13;0.0;118.06;120.09;33.16;0.08;0.0;0;71.13;0;-421.45;0.06;0.02;0.0;5.41
2020;175;315;beauce_5_sa_006;solnu;;1.69;0.0;56.38;-60.3;0.0;33.16;33.86;0.04;0.0;0;0;0;-577.97;0.02;0.02;0.0;1.69
2020;316;366;beauce_5_sa_006;BTH;;3.36;0.74;6.7;-18.25;1.92;33.86;72.56;0.04;0.0;0;1.13;0;-6.74;0.04;0.0;0.74;3.36
2020;1;200;beauce_5_sa_007;BTH;;4.48;0.96;48.26;0.0;190.19;100.96;26.57;0.12;0.0;0;116.38;0;-538.0;0.09;0.03;0.96;4.48
2020;201;297;beauce_5_sa_007;solnu;;0.0;0.0;40.47;-19.23;0.0;26.57;47.77;0.04;0.0;0;0;0;-370.21;0.02;0.02;0.0;0.0
2020;298;366;beauce_5_sa_007;BTH;;1.46;0.54;10.23;-45.96;1.66;48.04;53.73;0.02;0.0;0;0.98;0;-94.82;0.01;0.0;0.54;1.46
2020;1;190;beauce_5_sa_008;BTH;;4.9;0.9;45.73;0.0;196.14;143.63;55.58;0.14;0.0;0;127.47;0;-509.63;0.11;0.03;0.9;4.9
2020;191;286;beauce_5_sa_008;solnu;;0.0;0.0;42.19;-17.99;0.0;55.58;79.71;0.07;0.0;0;0;0;-380.62;0.05;0.02;0.0;0.0
2020;287;366;beauce_5_sa_008;BTH;;2.55;1.29;12.5;-58.07;1.01;79.97;127.0;0.02;0.0;0;0.59;0;-33.55;0.02;0.0;1.29;2.55
2020;1;184;beauce_5_sa_009;BTH;;2.55;1.18;44.71;0.0;140.6;39.72;29.43;0.07;0.0;0;99.26;0;-493.72;0.05;0.03;1.18;2.55
2020;185;277;beauce_5_sa_009;solnu;;0.0;0.0;43.79;-60.45;0.0;29.43;16.59;0.02;0.0;0;0;0;-388.47;0.02;0.01;0.0;0.0
2020;278;366;beauce_5_sa_009;BTH;;1.59;0.0;14.91;-13.58;0.0;16.6;16.32;0.0;0.0;0;0.0;0;2.79;0.0;0.0;0.0;1.59
2020;1;192;beauce_5_sa_010;BTH;;3.35;0.61;46.53;0.0;128.66;56.93;17.16;0.08;0.0;0;82.13;0;-518.58;0.05;0.03;0.61;3.35
2020;193;293;beauce_5_sa_010;solnu;;0.0;0.0;42.93;-20.82;0.0;17.16;39.24;0.03;0.0;0;0;0;-407.7;0.02;0.02;0.0;0.0
2020;294;366;beauce_5_sa_010;BTH;;1.67;0.0;11.06;-35.65;0.0;39.51;18.5;0.01;0.0;0;0.0;0;-153.96;0.0;0.0;0.0;1.67
2020;1;182;beauce_5_sa_011;BTH;;3.46;0.0;42.19;0.0;80.65;60.23;18.26;0.06;0.0;0;51.93;0;-468.03;0.03;0.03;0.0;3.46
2020;183;297;beauce_5_sa_011;solnu;;1.18;0.0;50.04;-54.72;0.0;18.26;16.86;0.02;0.0;0;0;0;-524.97;0.01;0.02;0.0;1.18
2020;298;366;beauce_5_sa_011;BTH;;1.38;0.0;10.18;-10.52;0.0;16.74;15.36;0.0;0.0;0;0.0;0;-35.57;0.0;0.0;0.0;1.38
2020;1;173;beauce_5_sa_012;BTH;;1.53;0.0;38.65;0.0;47.2;20.82;10.71;0.03;0.0;0;55.44;0;-430.1;0.01;0.02;0.0;1.53
2020;174;264;beauce_5_sa_012;solnu;;0.09;0.0;46.57;-20.91;0.0;10.71;36.24;0.04;0.0;0;0;0;-446.38;0.02;0.02;0.0;0.09
2020;265;366;beauce_5_sa_012;BTH;;1.13;0.0;19.41;-50.94;0.0;36.65;7.48;0.0;0.0;0;0.0;0;-176.05;0.0;0.0;0.0;1.13
2020;1;172;beauce_5_sa_013;BTH;;2.96;1.77;37.58;0.0;122.38;50.63;94.05;0.08;0.0;0;82.14;0;-411.95;0.05;0.02;1.77;2.96
2020;173;289;beauce_5_sa_013;solnu;;0.04;0.0;52.26;-104.31;0.0;94.05;42.0;0.12;0.0;0;0;0;-468.65;0.1;0.02;0.0;0.04
2020;290;366;beauce_5_sa_013;BTH;;3.86;0.0;12.01;-8.11;4.46;41.02;37.57;0.01;0.0;0;2.63;0;27.32;0.0;0.01;0.0;3.86
2020;1;205;beauce_5_sa_014;BTH;;2.77;0.96;53.2;0.0;136.8;42.38;28.15;0.08;0.0;0;95.52;0;-591.64;0.05;0.03;0.96;2.77
2020;206;279;beauce_5_sa_014;solnu;;0.0;0.0;37.59;-54.29;0.0;28.15;17.66;0.01;0.0;0;0;0;-366.37;0.01;0.0;0.0;0.0
2020;280;366;beauce_5_sa_014;BTH;;1.85;0.0;14.23;-14.06;0.0;17.57;15.99;0.0;0.0;0;0.0;0;21.9;0.0;0.0;0.0;1.85
2020;1;226;beauce_5_sa_015;BTH;;3.26;1.71;59.2;0.0;210.92;60.24;33.33;0.11;0.0;0;128.59;0;-656.97;0.08;0.04;1.71;3.26
2020;227;297;beauce_5_sa_015;solnu;;0.0;0.0;31.42;-19.23;0.0;33.33;45.47;0.05;0.0;0;0;0;-286.11;0.04;0.01;0.0;0.0
2020;298;366;beauce_5_sa_015;BTH;;1.75;0.0;10.21;-35.3;0.0;45.74;21.44;0.0;0.0;0;0.0;0;-77.02;0.0;0.0;0.0;1.75
2020;1;191;beauce_5_sa_016;BTH;;1.32;0.21;50.28;0.0;57.39;16.47;24.09;0.03;0.0;0;64.03;0;-558.88;0.0;0.03;0.21;1.32
2020;192;258;beauce_5_sa_016;solnu;;0.18;0.0;37.18;-55.38;0.0;24.09;8.97;0.03;0.0;0;0;0;-378.52;0.02;0.01;0.0;0.18
2020;259;366;beauce_5_sa_016;BTH;;1.24;0.0;21.42;-22.33;0.0;8.97;7.79;0.0;0.0;0;0.0;0;-51.16;0.0;0.0;0.0;1.24
2020;1;206;beauce_5_sa_017;BTH;;3.93;0.0;52.39;0.0;108.93;88.01;27.46;0.08;0.0;0;70.52;0;-582.69;0.05;0.03;0.0;3.93
2020;207;293;beauce_5_sa_017;solnu;;0.66;0.0;39.49;-20.75;0.0;27.46;45.5;0.03;0.0;0;0;0;-373.38;0.02;0.02;0.0;0.66
2020;294;366;beauce_5_sa_017;BTH;;2.31;0.42;11.03;-45.75;1.01;45.51;45.47;0.01;0.0;0;0.59;0;-175.34;0.01;0.0;0.42;2.31
2020;1;220;beauce_5_sa_018;BTH;;3.53;2.14;58.29;0.0;109.97;62.23;167.51;0.07;0.0;0;68.01;0;-650.43;0.03;0.03;2.14;3.53
2020;221;301;beauce_5_sa_018;solnu;;2.73;0.0;35.43;-104.75;0.0;167.51;95.28;0.18;0.0;0;0;0;-307.86;0.17;0.01;0.0;2.73
2020;302;366;beauce_5_sa_018;BTH;;5.02;0.0;9.4;-5.3;4.74;94.33;89.58;0.05;0.0;0;2.79;0;8.3;0.05;0.01;0.0;5.02
2020;1;182;beauce_5_sa_019;BTH;;2.78;2.25;42.23;0.0;156.24;45.37;95.85;0.1;0.0;0;105.16;0;-468.67;0.07;0.03;2.25;2.78
2020;183;283;beauce_5_sa_019;solnu;;0.0;0.0;45.58;-18.64;0.0;95.85;122.81;0.12;0.0;0;0;0;-420.59;0.1;0.02;0.0;0.0
2020;284;366;beauce_5_sa_019;BTH;;3.62;0.0;13.42;-79.99;13.41;123.24;39.2;0.02;0.0;0;7.89;0;-39.07;0.01;0.0;0.0;3.62
2020;1;230;beauce_5_sa_020;BTH;;5.13;2.09;59.59;0.0;227.89;63.58;46.81;0.15;0.0;0;136.6;0;-661.17;0.11;0.04;2.09;5.13
2020;231;309;beauce_5_sa_020;solnu;;0.0;0.0;31.23;-18.76;0.0;46.81;59.22;0.05;0.0;0;0;0;-282.18;0.04;0.01;0.0;0.0
2020;310;366;beauce_5_sa_020;BTH;;1.83;0.0;7.86;-32.22;0.0;59.54;34.2;0.0;0.0;0;0.0;0;-53.65;0.0;0.0;0.0;1.83
2020;1;208;beauce_5_sa_021;BTH;;3.51;1.95;52.89;0.0;110.51;62.92;148.06;0.06;0.0;0;67.93;0;-590.37;0.03;0.03;1.95;3.51
2020;209;305;beauce_5_sa_021;solnu;;2.2;0.0;41.4;-20.5;0.0;148.06;166.58;0.18;0.0;0;0;0;-388.8;0.16;0.02;0.0;2.2
2020;306;366;beauce_5_sa_021;BTH;;5.05;0.0;8.53;-90.05;3.72;166.82;76.24;0.04;0.0;0;2.19;0;-34.57;0.04;0.0;0.0;5.05
2020;1;228;beauce_5_sa_022;BTH;;3.38;1.12;62.17;0.0;168.22;59.52;34.18;0.09;0.0;0;103.88;0;-691.17;0.05;0.04;1.12;3.38
2020;229;296;beauce_5_sa_022;solnu;;0.63;0.0;29.8;-45.44;0.0;34.18;20.83;0.03;0.0;0;0;0;-305.71;0.02;0.01;0.0;0.63
2020;297;366;beauce_5_sa_022;BTH;;1.71;0.0;10.37;-13.78;0.0;20.68;19.08;0.0;0.0;0;0.0;0;-57.28;0.0;0.0;0.0;1.71
2020;1;192;beauce_5_sa_023;BTH;;2.86;1.29;47.22;0.0;142.91;45.24;43.4;0.1;0.0;0;97.4;0;-525.92;0.07;0.03;1.29;2.86
2020;193;284;beauce_5_sa_023;solnu;;0.0;0.0;42.25;-19.45;0.0;43.4;66.12;0.08;0.0;0;0;0;-389.57;0.06;0.02;0.0;0.0
2020;285;366;beauce_5_sa_023;BTH;;2.17;0.0;12.99;-57.4;0.0;66.54;20.99;0.0;0.0;0;0.0;0;-41.49;0.0;0.0;0.0;2.17
2020;1;224;beauce_5_sa_024;BTH;;4.24;0.0;60.26;0.0;106.51;84.25;33.68;0.08;0.0;0;64.9;0;-671.2;0.05;0.04;0.0;4.24
2020;225;311;beauce_5_sa_024;solnu;;1.28;0.0;35.23;-44.71;0.0;33.68;24.33;0.04;0.0;0;0;0;-341.63;0.03;0.01;0.0;1.28
2020;312;366;beauce_5_sa_024;BTH;;2.04;0.27;7.25;-29.23;0.86;24.36;23.09;0.0;0.0;0;0.5;0;-79.84;0.0;0.0;0.27;2.04
2020;1;191;beauce_5_sa_025;BTH;;4.02;2.11;46.29;0.0;165.4;52.54;87.29;0.11;0.0;0;106.32;0;-515.66;0.08;0.03;2.11;4.02
2020;192;290;beauce_5_sa_025;solnu;;0.0;0.0;43.02;-96.53;0.0;87.29;33.7;0.08;0.0;0;0;0;-350.35;0.07;0.01;0.0;0.0
2020;291;366;beauce_5_sa_025;BTH;;2.78;0.0;11.84;-11.59;0.0;33.7;31.17;0.0;0.0;0;0.0;0;35.34;0.0;0.0;0.0;2.78
2020;1;178;beauce_5_sa_026;BTH;;2.96;0.0;40.45;0.0;69.56;47.54;15.42;0.05;0.0;0;52.88;0;-449.32;0.02;0.02;0.0;2.96
2020;179;286;beauce_5_sa_026;solnu;;0.7;0.0;50.0;-47.32;0.0;15.42;17.74;0.04;0.0;0;0;0;-484.24;0.02;0.02;0.0;0.7
2020;287;366;beauce_5_sa_026;BTH;;1.91;0.0;12.43;-17.37;0.0;17.68;15.87;0.0;0.0;0;0.0;0;-109.37;0.0;0.0;0.0;1.91
2020;1;200;beauce_5_sa_027;BTH;;4.08;0.77;49.59;0.0;153.1;79.8;29.86;0.08;0.0;0;92.91;0;-552.59;0.05;0.03;0.77;4.08
2020;201;306;beauce_5_sa_027;solnu;;0.52;0.0;43.27;-52.46;0.0;29.86;23.4;0.04;0.0;0;0;0;-428.4;0.02;0.02;0.0;0.52
2020;307;366;beauce_5_sa_027;BTH;;1.98;0.22;8.32;-26.57;0.7;23.23;22.05;0.0;0.0;0;0.41;0;-40.17;0.0;0.0;0.22;1.98
2020;1;201;beauce_5_sa_028;BTH;;1.94;2.59;52.81;0.0;90.03;29.83;184.9;0.08;0.0;0;75.28;0;-589.52;0.05;0.03;2.59;1.94
2020;202;270;beauce_5_sa_028;solnu;;0.26;0.0;35.91;-111.13;0.0;184.9;109.31;0.11;0.0;0;0;0;-151.04;0.1;0.01;0.0;0.26
2020;271;366;beauce_5_sa_028;BTH;;5.49;0.0;17.72;20.78;47.6;110.25;94.57;0.14;0.0;0;28.01;0;-12.52;0.12;0.02;0.0;5.49
2020;1;190;beauce_5_sa_029;BTH;;3.57;2.07;45.03;0.0;173.74;62.89;84.18;0.09;0.0;0;105.13;0;-502.31;0.07;0.03;2.07;3.57
2020;191;305;beauce_5_sa_029;solnu;;0.0;0.0;44.89;-104.08;0.0;84.18;25.1;0.06;0.0;0;0;0;-295.82;0.05;0.01;0.0;0.0
2020;306;366;beauce_5_sa_029;BTH;;1.73;0.0;8.67;-8.18;0.0;25.1;23.85;0.0;0.0;0;0.0;0;32.68;0.0;0.0;0.0;1.73
2020;1;207;beauce_5_sa_030;BTH;;1.58;1.37;58.39;0.0;115.38;35.57;79.26;0.08;0.0;0;94.28;0;-649.86;0.04;0.04;1.37;1.58
2020;208;265;beauce_5_sa_030;solnu;;0.11;0.0;32.54;-48.42;0.0;79.26;63.15;0.11;0.0;0;0;0;-303.86;0.1;0.01;0.0;0.11
2020;266;366;beauce_5_sa_030;BTH;;2.87;0.17;19.16;-60.75;3.68;55.86;27.62;0.01;0.0;0;2.17;0;21.65;0.01;0.0;0.17;2.87
2020;1;215;beauce_5_sa_031;BTH;;1.39;1.25;61.67;0.0;79.75;16.6;90.45;0.13;0.0;0;77.08;0;-683.77;0.09;0.04;1.25;1.39
2020;216;260;beauce_5_sa_031;solnu;;0.52;0.0;26.95;-21.72;0.0;90.45;95.04;0.12;0.0;0;0;0;-261.45;0.11;0.01;0.0;0.52
2020;261;366;beauce_5_sa_031;BTH;;3.52;0.0;20.72;-83.46;6.0;95.31;22.78;0.0;0.0;0;3.53;0;-52.96;0.0;0.0;0.0;3.52
2020;1;194;beauce_5_sa_032;BTH;;2.28;0.0;50.59;0.0;122.95;32.12;26.07;0.09;0.0;0;93.3;0;-561.83;0.06;0.03;0.0;2.28
2020;195;271;beauce_5_sa_032;solnu;;0.0;0.0;39.4;-55.3;0.0;26.07;14.69;0.01;0.0;0;0;0;-367.89;0.0;0.0;0.0;0.0
2020;272;366;beauce_5_sa_032;BTH;;1.67;0.92;16.95;-13.42;1.49;14.77;15.06;0.0;0.0;0;0.88;0;19.32;0.0;0.0;0.92;1.67
2020;1;223;beauce_5_sa_033;BTH;;1.7;0.0;67.15;0.0;40.89;16.4;40.87;0.09;0.01;0;54.33;0;-747.91;0.05;0.04;0.0;1.7
2020;224;258;beauce_5_sa_033;solnu;;0.33;0.0;21.56;-21.82;0.0;40.87;40.24;0.03;0.0;0;0;0;-212.2;0.03;0.0;0.0;0.33
2020;259;366;beauce_5_sa_033;BTH;;2.06;0.0;21.2;-49.42;0.0;40.49;13.18;0.0;0.0;0;0.0;0;-143.04;0.0;0.0;0.0;2.06
2020;1;173;beauce_5_sa_034;BTH;;3.63;0.0;37.66;0.0;78.28;65.51;21.2;0.06;0.0;0;47.43;0;-419.26;0.03;0.02;0.0;3.63
2020;174;317;beauce_5_sa_034;solnu;;1.55;0.0;58.23;-52.48;0.0;21.2;26.2;0.06;0.0;0;0;0;-568.06;0.04;0.02;0.0;1.55
2020;318;366;beauce_5_sa_034;BTH;;2.16;0.0;6.47;-8.39;0.0;26.2;24.12;0.0;0.0;0;0.0;0;-54.83;0.0;0.0;0.0;2.16
2020;1;224;beauce_5_sa_035;BTH;;3.77;1.54;61.6;0.0;150.76;46.42;68.82;0.13;0.0;0;101.32;0;-686.07;0.09;0.04;1.54;3.77
2020;225;285;beauce_5_sa_035;solnu;;0.0;0.0;29.96;-20.69;0.0;68.82;78.02;0.07;0.0;0;0;0;-277.67;0.06;0.01;0.0;0.0
2020;286;366;beauce_5_sa_035;BTH;;3.94;0.0;12.58;-53.67;0.0;78.18;34.43;0.0;0.0;0;0.0;0;-42.96;0.0;0.0;0.0;3.94
2020;1;197;beauce_5_sa_036;BTH;;3.48;0.0;49.5;0.0;87.95;60.7;18.71;0.06;0.0;0;55.95;0;-551.92;0.03;0.03;0.0;3.48
2020;198;298;beauce_5_sa_036;solnu;;1.18;0.0;43.45;-48.72;0.0;18.71;17.37;0.03;0.0;0;0;0;-466.12;0.01;0.01;0.0;1.18
2020;299;366;beauce_5_sa_036;BTH;;1.44;0.0;9.91;-12.92;0.0;17.37;16.05;0.0;0.0;0;0.0;0;-72.5;0.0;0.0;0.0;1.44
2020;1;208;beauce_5_sa_037;BTH;;3.33;1.56;49.19;0.0;201.44;61.14;22.49;0.1;0.0;0;122.47;0;-549.34;0.07;0.03;1.56;3.33
2020;209;299;beauce_5_sa_037;solnu;;0.0;0.0;39.44;-49.59;0.0;22.49;17.37;0.01;0.0;0;0;0;-364.31;0.0;0.01;0.0;0.0
2020;300;366;beauce_5_sa_037;BTH;;0.6;0.0;9.79;-9.75;0.0;17.37;16.8;0.0;0.0;0;0.0;0;17.52;0.0;0.0;0.0;0.6
2020;1;196;beauce_5_sa_038;BTH;;3.42;1.04;49.3;0.0;96.97;59.1;85.91;0.06;0.0;0;62.2;0;-548.09;0.03;0.03;1.04;3.42
2020;197;295;beauce_5_sa_038;solnu;;1.79;0.0;43.25;-98.02;0.0;85.91;29.25;0.11;0.0;0;0;0;-374.7;0.09;0.01;0.0;1.79
2020;296;366;beauce_5_sa_038;BTH;;2.42;0.0;10.65;-10.44;0.0;29.24;27.04;0.0;0.0;0;0.0;0;5.77;0.0;0.0;0.0;2.42
2020;1;192;beauce_5_sa_039;BTH;;2.89;0.79;47.68;0.0;120.0;46.69;30.62;0.06;0.0;0;83.1;0;-530.89;0.04;0.03;0.79;2.89
2020;193;283;beauce_5_sa_039;solnu;;0.51;0.0;42.67;-64.74;0.0;30.62;14.59;0.02;0.0;0;0;0;-382.32;0.02;0.01;0.0;0.51
2020;284;366;beauce_5_sa_039;BTH;;1.53;0.0;13.37;-12.68;0.0;14.48;13.74;0.0;0.0;0;0.0;0;20.6;0.0;0.0;0.0;1.53
2020;1;173;beauce_5_sa_040;BTH;;2.23;1.82;38.17;0.0;69.5;34.13;135.95;0.06;0.0;0;60.74;0;-424.87;0.04;0.02;1.82;2.23
2020;174;274;beauce_5_sa_040;solnu;;0.88;0.0;49.42;-19.84;0.0;135.95;164.61;0.15;0.0;0;0;0;-467.97;0.13;0.02;0.0;0.88
2020;275;366;beauce_5_sa_040;BTH;;5.2;0.0;15.92;-82.12;40.09;164.96;53.08;0.04;0.0;0;23.59;0;-58.75;0.03;0.01;0.0;5.2
2020;1;192;beauce_5_sa_041;BTH;;3.58;2.46;43.41;0.0;238.52;62.91;47.76;0.12;0.0;0;143.25;0;-484.69;0.1;0.03;2.46;3.58
2020;193;305;beauce_5_sa_041;solnu;;0.0;0.0;41.02;-66.56;0.0;47.76;22.35;0.03;0.0;0;0;0;-297.54;0.02;0.01;0.0;0.0
2020;306;366;beauce_5_sa_041;BTH;;0.26;0.0;8.66;-8.77;0.0;22.24;21.98;0.0;0.0;0;0.0;0;26.23;0.0;0.0;0.0;0.26
2020;1;189;beauce_5_sa_042;BTH;;3.6;0.0;46.04;0.0;87.37;64.51;18.01;0.06;0.0;0;53.37;0;-511.35;0.03;0.03;0.0;3.6
2020;190;313;beauce_5_sa_042;solnu;;1.09;0.0;49.11;-20.79;0.0;18.01;45.45;0.04;0.0;0;0;0;-476.0;0.02;0.02;0.0;1.09
2020;314;366;beauce_5_sa_042;BTH;;1.77;0.0;7.05;-35.73;0.0;45.67;19.75;0.0;0.0;0;0.0;0;-113.38;0.0;0.0;0.0;1.77
2020;1;229;beauce_5_sa_043;BTH;;3.57;0.0;63.48;0.0;90.85;63.33;32.31;0.07;0.0;0;56.11;0;-704.82;0.04;0.04;0.0;3.57
2020;230;307;beauce_5_sa_043;solnu;;1.26;0.0;31.38;-43.09;0.0;32.31;20.42;0.04;0.0;0;0;0;-307.36;0.03;0.01;0.0;1.26
2020;308;366;beauce_5_sa_043;BTH;;1.69;0.0;8.09;-14.38;0.0;20.42;18.93;0.0;0.0;0;0.0;0;-123.88;0.0;0.0;0.0;1.69
2020;1;216;beauce_5_sa_044;BTH;;3.54;0.0;56.4;0.0;89.07;62.23;25.96;0.07;0.0;0;55.71;0;-628.12;0.03;0.03;0.0;3.54
2020;217;301;beauce_5_sa_044;solnu;;1.16;0.0;37.24;-21.4;0.0;25.96;40.6;0.04;0.0;0;0;0;-354.72;0.02;0.01;0.0;1.16
2020;302;366;beauce_5_sa_044;BTH;;1.65;0.0;9.32;-35.94;0.0;40.86;18.33;0.0;0.0;0;0.0;0;-132.93;0.0;0.0;0.0;1.65
2020;1;202;beauce_5_sa_045;BTH;;4.14;2.21;50.18;0.0;171.55;52.53;92.29;0.12;0.0;0;109.95;0;-560.15;0.09;0.03;2.21;4.14
2020;203;290;beauce_5_sa_045;solnu;;0.0;0.0;40.01;-97.19;0.0;92.29;35.03;0.09;0.0;0;0;0;-320.83;0.08;0.01;0.0;0.0
2020;291;366;beauce_5_sa_045;BTH;;2.88;0.0;11.82;-11.75;0.0;35.03;32.22;0.0;0.0;0;0.0;0;31.94;0.0;0.0;0.0;2.88
2020;1;188;beauce_5_sa_046;BTH;;1.32;0.0;48.73;0.0;39.61;16.2;23.97;0.03;0.0;0;53.67;0;-540.88;0.0;0.03;0.0;1.32
2020;189;257;beauce_5_sa_046;solnu;;0.18;0.0;37.82;-53.52;0.0;23.97;9.04;0.04;0.0;0;0;0;-366.64;0.03;0.01;0.0;0.18
2020;258;366;beauce_5_sa_046;BTH;;1.24;0.0;21.83;-23.35;0.0;9.04;8.11;0.0;0.0;0;0.0;0;-84.18;0.0;0.0;0.0;1.24
2020;1;219;beauce_5_sa_047;BTH;;2.11;2.46;61.65;0.0;139.66;36.1;139.85;0.09;0.0;0;100.86;0;-685.54;0.05;0.04;2.46;2.11
2020;220;275;beauce_5_sa_047;solnu;;0.02;0.0;29.68;-20.76;0.0;139.85;148.53;0.19;0.0;0;0;0;-277.87;0.18;0.01;0.0;0.02
2020;276;366;beauce_5_sa_047;BTH;;6.16;0.0;15.56;-89.2;17.84;148.81;50.88;0.01;0.0;0;10.5;0;-6.39;0.01;0.0;0.0;6.16
2020;1;222;beauce_5_sa_048;BTH;;3.22;0.75;59.64;0.0;137.09;54.31;29.61;0.08;0.0;0;88.63;0;-658.64;0.05;0.04;0.75;3.22
2020;223;291;beauce_5_sa_048;solnu;;0.02;0.0;31.81;-21.03;0.0;29.61;39.54;0.03;0.0;0;0;0;-304.18;0.02;0.01;0.0;0.02
2020;292;366;beauce_5_sa_048;BTH;;2.0;0.0;11.5;-36.71;0.0;39.65;17.85;0.01;0.0;0;0.0;0;-155.97;0.01;0.0;0.0;2.0
2020;1;226;beauce_5_sa_049;BTH;;3.63;1.97;58.37;0.0;187.45;64.31;78.7;0.13;0.0;0;112.37;0;-647.68;0.1;0.04;1.97;3.63
2020;227;312;beauce_5_sa_049;solnu;;0.0;0.0;34.55;-86.97;0.0;78.7;26.21;0.07;0.0;0;0;0;-229.2;0.06;0.01;0.0;0.0
2020;313;366;beauce_5_sa_049;BTH;;1.86;0.0;7.22;-7.14;0.0;26.27;24.43;0.0;0.0;0;0.0;0;24.97;0.0;0.0;0.0;1.86
2020;1;184;beauce_5_sa_050;BTH;;1.43;0.0;46.25;0.0;42.61;16.99;19.17;0.03;0.0;0;54.99;0;-509.88;0.0;0.03;0.0;1.43
2020;185;262;beauce_5_sa_050;solnu;;0.13;0.0;40.28;-21.23;0.0;19.17;38.04;0.04;0.0;0;0;0;-388.94;0.02;0.02;0.0;0.13
2020;263;366;beauce_5_sa_050;BTH;;1.12;0.0;20.03;-53.02;0.0;38.31;7.22;0.0;0.0;0;0.0;0;-122.55;0.0;0.0;0.0;1.12
2020;1;227;beauce_5_sa_051;BTH;;3.75;0.55;62.56;0.0;117.99;55.44;37.51;0.09;0.0;0;76.72;0;-692.23;0.06;0.04;0.55;3.75
2020;228;292;beauce_5_sa_051;solnu;;0.91;0.0;29.63;-54.2;0.0;37.51;21.5;0.02;0.0;0;0;0;-367.67;0.02;0.0;0.0;0.91
2020;293;366;beauce_5_sa_051;BTH;;1.97;0.0;11.17;-11.78;0.0;21.26;19.31;0.0;0.0;0;0.0;0;-0.04;0.0;0.0;0.0;1.97
2020;1;175;beauce_5_sa_052;BTH;;2.86;0.0;39.54;0.0;66.89;45.24;14.97;0.05;0.0;0;52.67;0;-432.94;0.02;0.02;0.0;2.86
2020;176;284;beauce_5_sa_052;solnu;;0.69;0.0;50.49;-20.72;0.0;14.97;44.0;0.05;0.0;0;0;0;-493.57;0.02;0.02;0.0;0.69
2020;285;366;beauce_5_sa_052;BTH;;1.85;0.0;12.94;-42.59;0.0;44.43;16.11;0.0;0.0;0;0.0;0;-139.25;0.0;0.0;0.0;1.85
2020;1;226;beauce_5_sa_053;BTH;;3.55;0.14;61.56;0.0;101.29;62.58;29.78;0.07;0.0;0;62.7;0;-683.79;0.03;0.04;0.14;3.55
2020;227;303;beauce_5_sa_053;solnu;;1.33;0.0;32.63;-46.58;0.0;29.78;18.0;0.03;0.0;0;0;0;-364.13;0.02;0.01;0.0;1.33
2020;304;366;beauce_5_sa_053;BTH;;1.49;0.0;8.83;-12.71;0.0;18.09;16.58;0.0;0.0;0;0.0;0;-83.55;0.0;0.0;0.0;1.49
2020;1;176;beauce_5_sa_054;BTH;;2.24;1.75;40.05;0.0;116.7;37.53;88.39;0.05;0.0;0;86.51;0;-446.66;0.03;0.02;1.75;2.24
2020;177;276;beauce_5_sa_054;solnu;;0.0;0.0;46.91;-19.33;0.0;88.39;115.98;0.12;0.0;0;0;0;-437.73;0.1;0.02;0.0;0.0
2020;277;366;beauce_5_sa_054;BTH;;3.52;0.0;15.38;-84.27;13.43;116.48;30.13;0.01;0.0;0;7.9;0;-30.29;0.01;0.0;0.0;3.52
2020;1;182;beauce_5_sa_055;BTH;;1.5;0.0;43.66;0.0;45.48;20.07;16.72;0.03;0.0;0;54.85;0;-483.63;0.0;0.03;0.0;1.5
2020;183;263;beauce_5_sa_055;solnu;;0.13;0.0;42.46;-21.01;0.0;16.72;38.0;0.04;0.0;0;0;0;-408.83;0.02;0.02;0.0;0.13
2020;264;366;beauce_5_sa_055;BTH;;1.15;0.0;19.8;-51.25;0.0;38.44;7.49;0.0;0.0;0;0.0;0;-139.99;0.0;0.0;0.0;1.15
2020;1;210;beauce_5_sa_056;BTH;;1.87;0.0;56.47;0.0;54.99;28.55;28.12;0.04;0.0;0;55.43;0;-629.43;0.01;0.03;0.0;1.87
2020;211;269;beauce_5_sa_056;solnu;;0.19;0.0;32.25;-59.1;0.0;28.12;10.43;0.02;0.0;0;0;0;-356.59;0.02;0.0;0.0;0.19
2020;270;366;beauce_5_sa_056;BTH;;1.39;0.0;17.7;-17.42;0.0;10.44;9.32;0.0;0.0;0;0.0;0;-10.5;0.0;0.0;0.0;1.39
2020;1;171;beauce_5_sa_057;BTH;;3.14;1.0;36.59;0.0;69.97;52.54;89.32;0.05;0.0;0;50.17;0;-400.8;0.03;0.02;1.0;3.14
2020;172;290;beauce_5_sa_057;solnu;;1.12;0.0;54.63;-68.6;0.0;89.32;74.21;0.13;0.0;0;0;0;-524.12;0.11;0.02;0.0;1.12
2020;291;366;beauce_5_sa_057;BTH;;4.35;0.0;11.77;-32.69;9.48;72.12;39.44;0.02;0.0;0;5.58;0;-9.91;0.01;0.0;0.0;4.35
2020;1;190;beauce_5_sa_058;BTH;;3.93;0.61;46.44;0.0;144.58;87.33;31.17;0.09;0.0;0;94.06;0;-517.38;0.06;0.03;0.61;3.93
2020;191;290;beauce_5_sa_058;solnu;;0.39;0.0;44.47;-59.0;0.0;31.17;20.98;0.02;0.0;0;0;0;-422.75;0.01;0.01;0.0;0.39
2020;291;366;beauce_5_sa_058;BTH;;2.32;0.47;11.71;-13.75;2.18;20.97;49.27;0.02;0.0;0;1.28;0;6.43;0.02;0.0;0.47;2.32
2020;1;210;beauce_5_sa_059;BTH;;1.62;2.3;58.75;0.0;130.05;24.63;123.82;0.08;0.0;0;101.94;0;-654.59;0.05;0.04;2.3;1.62
2020;211;267;beauce_5_sa_059;solnu;;0.02;0.0;32.01;-20.55;0.0;123.82;134.31;0.14;0.0;0;0;0;-296.57;0.13;0.01;0.0;0.02
2020;268;366;beauce_5_sa_059;BTH;;4.89;0.0;18.4;-95.64;17.01;134.55;35.15;0.03;0.0;0;10.01;0;11.11;0.03;0.0;0.0;4.89
2020;1;207;beauce_5_sa_060;BTH;;2.99;1.35;53.41;0.0;90.94;48.35;108.72;0.06;0.0;0;64.98;0;-595.51;0.02;0.03;1.35;2.99
2020;208;287;beauce_5_sa_060;solnu;;1.0;0.0;38.14;-21.12;0.0;108.72;124.61;0.13;0.0;0;0;0;-360.91;0.12;0.01;0.0;1.0
2020;288;366;beauce_5_sa_060;BTH;;4.2;0.0;12.24;-83.5;11.58;124.78;37.55;0.02;0.0;0;6.81;0;-13.68;0.02;0.0;0.0;4.2
2020;1;203;beauce_5_sa_061;BTH;;3.47;0.98;50.8;0.0;135.63;61.15;46.09;0.08;0.0;0;83.74;0;-567.03;0.05;0.03;0.98;3.47
2020;204;299;beauce_5_sa_061;solnu;;0.81;0.0;41.64;-19.99;0.0;46.09;66.84;0.09;0.0;0;0;0;-387.27;0.07;0.02;0.0;0.81
2020;300;366;beauce_5_sa_061;BTH;;2.28;0.0;9.75;-51.37;0.0;67.08;25.41;0.0;0.0;0;0.0;0;-94.59;0.0;0.0;0.0;2.28
2020;1;213;beauce_5_sa_062;BTH;;2.76;1.07;56.22;0.0;86.23;43.32;90.61;0.06;0.0;0;65.17;0;-624.97;0.03;0.03;1.07;2.76
2020;214;282;beauce_5_sa_062;solnu;;0.91;0.0;34.56;-21.54;0.0;90.61;102.6;0.12;0.0;0;0;0;-330.37;0.11;0.01;0.0;0.91
2020;283;366;beauce_5_sa_062;BTH;;3.48;0.0;13.61;-73.83;8.91;102.89;29.98;0.01;0.0;0;5.24;0;-61.02;0.01;0.0;0.0;3.48
2020;1;218;beauce_5_sa_063;BTH;;2.76;0.79;58.94;0.0;98.15;43.32;60.5;0.07;0.0;0;72.18;0;-653.92;0.04;0.04;0.79;2.76
2020;219;282;beauce_5_sa_063;solnu;;0.81;0.0;31.91;-21.58;0.0;60.5;69.92;0.09;0.0;0;0;0;-305.97;0.08;0.01;0.0;0.81
2020;283;366;beauce_5_sa_063;BTH;;2.5;0.0;13.59;-60.11;1.5;70.21;21.31;0.0;0.0;0;0.88;0;-51.87;0.0;0.0;0.0;2.5
2020;1;225;beauce_5_sa_064;BTH;;1.69;0.0;68.02;0.0;41.18;16.37;41.42;0.09;0.01;0;54.54;0;-757.83;0.05;0.04;0.0;1.69
2020;226;258;beauce_5_sa_064;solnu;;0.34;0.0;20.8;-50.7;0.0;41.42;15.19;0.03;0.0;0;0;0;-237.71;0.02;0.0;0.0;0.34
2020;259;366;beauce_5_sa_064;BTH;;2.09;0.0;21.3;-23.13;0.0;15.19;13.28;0.0;0.0;0;0.0;0;-64.34;0.0;0.0;0.0;2.09
2020;1;189;beauce_5_sa_065;BTH;;1.39;1.16;48.95;0.0;60.91;16.6;89.73;0.07;0.0;0;65.99;0;-542.46;0.04;0.03;1.16;1.39
2020;190;260;beauce_5_sa_065;solnu;;0.33;0.0;38.01;-21.22;0.0;89.73;106.1;0.1;0.0;0;0;0;-363.69;0.09;0.01;0.0;0.33
2020;261;366;beauce_5_sa_065;BTH;;3.02;0.0;20.79;-89.36;13.21;106.41;21.29;0.01;0.0;0;7.77;0;-53.67;0.01;0.0;0.0;3.02
2020;1;173;beauce_5_sa_066;BTH;;2.18;1.11;38.26;0.0;122.83;33.88;29.29;0.09;0.0;0;92.26;0;-425.93;0.07;0.02;1.11;2.18
2020;174;273;beauce_5_sa_066;solnu;;0.04;0.0;48.19;-18.96;0.0;29.29;58.51;0.07;0.0;0;0;0;-447.97;0.05;0.02;0.0;0.04
2020;274;366;beauce_5_sa_066;BTH;;2.11;0.0;16.36;-57.51;0.0;59.07;17.43;0.0;0.0;0;0.0;0;-99.47;0.0;0.0;0.0;2.11
2020;1;203;beauce_5_sa_067;BTH;;4.9;0.96;50.26;0.0;196.61;144.91;65.47;0.13;0.0;0;127.75;0;-560.81;0.1;0.03;0.96;4.9
2020;204;286;beauce_5_sa_067;solnu;;0.0;0.0;39.17;-18.38;0.0;65.47;86.18;0.08;0.0;0;0;0;-352.7;0.07;0.02;0.0;0.0
2020;287;366;beauce_5_sa_067;BTH;;2.8;1.3;12.49;-60.47;2.42;86.44;130.55;0.03;0.0;0;1.42;0;-26.41;0.03;0.0;1.3;2.8
2020;1;173;beauce_5_sa_068;BTH;;3.14;0.0;37.84;0.0;70.06;52.37;16.95;0.05;0.0;0;50.33;0;-421.23;0.03;0.02;0.0;3.14
2020;174;290;beauce_5_sa_068;solnu;;0.82;0.0;53.21;-20.4;0.0;16.95;48.89;0.05;0.0;0;0;0;-515.19;0.03;0.02;0.0;0.82
2020;291;366;beauce_5_sa_068;BTH;;2.24;0.0;11.69;-41.77;0.0;49.07;20.08;0.01;0.0;0;0.0;0;-119.9;0.01;0.0;0.0;2.24
2020;1;211;beauce_5_sa_069;BTH;;1.91;1.06;59.44;0.0;108.55;57.87;86.38;0.11;0.0;0;89.84;0;-661.23;0.07;0.04;1.06;1.91
2020;212;265;beauce_5_sa_069;solnu;;0.34;0.0;31.01;-97.99;0.0;86.38;19.0;0.05;0.0;0;0;0;-167.29;0.05;0.0;0.0;0.34
2020;266;366;beauce_5_sa_069;BTH;;2.61;0.46;19.34;-7.88;5.68;19.0;56.4;0.03;0.0;0;3.34;0;42.15;0.02;0.01;0.46;2.61
2020;1;178;beauce_5_sa_070;BTH;;3.13;0.36;40.26;0.0;118.54;73.91;19.35;0.07;0.0;0;81.23;0;-447.65;0.04;0.02;0.36;3.13
2020;179;287;beauce_5_sa_070;solnu;;0.0;0.0;48.13;-20.21;0.0;19.35;47.25;0.04;0.0;0;0;0;-457.99;0.02;0.02;0.0;0.0
2020;288;366;beauce_5_sa_070;BTH;;2.07;0.34;12.21;-46.77;0.72;47.43;41.2;0.01;0.0;0;0.42;0;-138.54;0.01;0.0;0.34;2.07
2020;1;184;beauce_5_sa_071;BTH;;3.67;1.25;44.12;0.0;100.79;65.51;96.98;0.07;0.0;0;60.67;0;-487.54;0.04;0.03;1.25;3.67
2020;185;317;beauce_5_sa_071;solnu;;1.93;0.0;51.5;-104.68;0.0;96.98;41.95;0.14;0.0;0;0;0;-448.41;0.12;0.02;0.0;1.93
2020;318;366;beauce_5_sa_071;BTH;;3.45;0.0;6.52;-6.49;0.0;41.93;38.54;0.0;0.0;0;0.0;0;9.22;0.0;0.0;0.0;3.45
2020;1;231;beauce_5_sa_072;BTH;;2.4;1.82;67.78;0.0;161.14;40.01;80.44;0.18;0.01;0;111.19;0;-756.19;0.14;0.04;1.82;2.4
2020;232;277;beauce_5_sa_072;solnu;;0.86;0.0;23.94;-73.63;0.0;80.44;30.22;0.05;0.0;0;0;0;-184.05;0.05;0.0;0.0;0.86
2020;278;366;beauce_5_sa_072;BTH;;3.28;0.0;14.88;-14.99;0.0;30.17;26.82;0.0;0.0;0;0.0;0;34.88;0.0;0.0;0.0;3.28
2020;1;215;beauce_5_sa_073;BTH;;3.59;0.0;55.82;0.0;91.36;64.05;24.86;0.07;0.0;0;55.98;0;-620.1;0.03;0.03;0.0;3.59
2020;216;311;beauce_5_sa_073;solnu;;1.1;0.0;39.71;-48.18;0.0;24.86;19.41;0.03;0.0;0;0;0;-415.56;0.02;0.01;0.0;1.1
2020;312;366;beauce_5_sa_073;BTH;;1.61;0.0;7.24;-10.31;0.0;19.41;17.92;0.0;0.0;0;0.0;0;-77.4;0.0;0.0;0.0;1.61
2020;1;192;beauce_5_sa_074;BTH;;2.41;0.78;48.1;0.0;122.46;37.53;19.0;0.08;0.0;0;89.9;0;-535.49;0.05;0.03;0.78;2.41
2020;193;276;beauce_5_sa_074;solnu;;0.08;0.0;40.91;-20.0;0.0;19.0;39.79;0.04;0.0;0;0;0;-381.46;0.02;0.02;0.0;0.08
2020;277;366;beauce_5_sa_074;BTH;;1.68;0.0;15.25;-45.09;0.0;40.28;13.94;0.0;0.0;0;0.0;0;-129.16;0.0;0.0;0.0;1.68
2020;1;226;beauce_5_sa_075;BTH;;2.46;0.78;63.84;0.0;66.31;39.04;92.55;0.08;0.0;0;55.95;0;-709.29;0.05;0.04;0.78;2.46
2020;227;276;beauce_5_sa_075;solnu;;1.13;0.0;26.42;-95.96;0.0;92.55;21.81;0.07;0.0;0;0;0;-222.61;0.07;0.0;0.0;1.13
2020;277;366;beauce_5_sa_075;BTH;;2.37;0.0;15.35;-13.79;0.0;21.79;21.0;0.0;0.0;0;0.0;0;8.07;0.0;0.0;0.0;2.37
2020;1;227;beauce_5_sa_076;BTH;;3.47;0.74;60.8;0.0;142.04;61.16;31.52;0.1;0.0;0;87.51;0;-672.29;0.06;0.04;0.74;3.47
2020;228;299;beauce_5_sa_076;solnu;;0.15;0.0;31.01;-47.68;0.0;31.52;19.93;0.03;0.0;0;0;0;-348.66;0.02;0.01;0.0;0.15
2020;300;366;beauce_5_sa_076;BTH;;1.65;0.0;9.7;-13.98;0.0;19.93;18.36;0.0;0.0;0;0.0;0;-74.23;0.0;0.0;0.0;1.65
2020;1;211;beauce_5_sa_077;BTH;;2.59;0.0;55.56;0.0;67.22;40.85;26.54;0.05;0.0;0;55.43;0;-618.54;0.02;0.03;0.0;2.59
2020;212;278;beauce_5_sa_077;solnu;;0.64;0.0;34.81;-53.38;0.0;26.54;12.22;0.02;0.0;0;0;0;-378.39;0.02;0.01;0.0;0.64
2020;279;366;beauce_5_sa_077;BTH;;1.33;0.0;14.52;-15.84;0.0;12.21;10.92;0.0;0.0;0;0.0;0;-46.22;0.0;0.0;0.0;1.33
2020;1;185;beauce_5_sa_078;BTH;;2.99;2.27;44.81;0.0;117.19;48.35;141.91;0.08;0.0;0;80.43;0;-498.69;0.06;0.03;2.27;2.99
2020;186;287;beauce_5_sa_078;solnu;;0.83;0.0;45.7;-19.6;0.0;141.91;167.17;0.15;0.0;0;0;0;-428.27;0.13;0.02;0.0;0.83
2020;288;366;beauce_5_sa_078;BTH;;5.57;0.0;12.27;-95.17;19.22;167.35;59.44;0.04;0.0;0;11.31;0;0.61;0.04;0.0;0.0;5.57
2020;1;175;beauce_5_sa_079;BTH;;2.66;0.41;39.49;0.0;97.3;46.86;15.21;0.05;0.0;0;69.6;0;-432.95;0.03;0.02;0.41;2.66
2020;176;285;beauce_5_sa_079;solnu;;0.05;0.0;49.69;-53.17;0.0;15.21;15.62;0.03;0.0;0;0;0;-510.3;0.01;0.02;0.0;0.05
2020;286;366;beauce_5_sa_079;BTH;;1.65;0.0;12.57;-15.77;0.0;15.71;13.98;0.0;0.0;0;0.0;0;-70.13;0.0;0.0;0.0;1.65
2020;1;191;beauce_5_sa_080;BTH;;2.57;0.0;48.34;0.0;119.48;98.21;24.42;0.09;0.0;0;90.3;0;-537.68;0.06;0.03;0.0;2.57
2020;192;273;beauce_5_sa_080;solnu;;0.0;0.0;40.86;-20.0;0.0;24.42;45.23;0.04;0.0;0;0;0;-380.52;0.03;0.02;0.0;0.0
2020;274;366;beauce_5_sa_080;BTH;;2.23;0.86;16.28;-48.41;0.72;45.78;79.23;0.01;0.0;0;0.42;0;-140.65;0.01;0.0;0.86;2.23
2020;1;206;beauce_5_sa_081;BTH;;2.39;1.19;54.43;0.0;136.77;46.36;50.35;0.1;0.0;0;100.32;0;-604.67;0.07;0.03;1.19;2.39
2020;207;274;beauce_5_sa_081;solnu;;0.09;0.0;35.48;-20.23;0.0;50.35;65.42;0.08;0.0;0;0;0;-328.39;0.07;0.01;0.0;0.09
2020;275;366;beauce_5_sa_081;BTH;;2.47;0.16;15.83;-63.14;1.01;65.76;28.05;0.01;0.0;0;0.59;0;-61.27;0.01;0.0;0.16;2.47
2020;1;178;beauce_5_sa_082;BTH;;3.6;0.0;40.21;0.0;79.95;64.04;19.27;0.06;0.0;0;49.27;0;-446.76;0.03;0.02;0.0;3.6
2020;179;311;beauce_5_sa_082;solnu;;1.37;0.0;54.64;-59.12;0.0;19.27;18.42;0.02;0.0;0;0;0;-554.03;0.01;0.02;0.0;1.37
2020;312;366;beauce_5_sa_082;BTH;;1.52;0.0;7.27;-7.34;0.0;18.42;17.01;0.0;0.0;0;0.0;0;-17.23;0.0;0.0;0.0;1.52
2020;1;222;beauce_5_sa_083;BTH;;1.6;1.59;64.97;0.0;69.9;23.24;135.66;0.15;0.01;0;67.34;0;-718.39;0.12;0.04;1.59;1.6
2020;223;264;beauce_5_sa_083;solnu;;0.27;0.0;24.01;-116.61;0.0;135.66;21.87;0.06;0.0;0;0;0;-144.68;0.06;0.0;0.0;0.27
2020;265;366;beauce_5_sa_083;BTH;;2.72;0.0;19.75;22.3;31.07;22.41;30.08;0.04;0.0;0;18.29;0;-1.75;0.01;0.03;0.0;2.72
2020;1;225;beauce_5_sa_084;BTH;;3.36;1.3;64.72;0.0;174.99;37.53;116.76;0.25;0.02;0;120.81;0;-720.88;0.21;0.04;1.3;3.36
2020;226;276;beauce_5_sa_084;solnu;;0.16;0.0;26.84;-20.05;0.0;116.76;123.28;0.1;0.0;0;0;0;-247.66;0.09;0.01;0.0;0.16
2020;277;366;beauce_5_sa_084;BTH;;6.38;1.27;15.29;-72.48;7.42;123.68;52.29;0.01;0.0;0;4.37;0;17.19;0.01;0.0;1.27;6.38
2020;1;173;beauce_5_sa_085;BTH;;2.73;2.49;38.06;0.0;122.14;43.43;141.9;0.1;0.0;0;86.26;0;-423.79;0.07;0.02;2.49;2.73
2020;174;281;beauce_5_sa_085;solnu;;0.41;0.0;50.66;-105.99;0.0;141.9;86.17;0.12;0.0;0;0;0;-292.52;0.09;0.02;0.0;0.41
2020;282;366;beauce_5_sa_085;BTH;;4.36;0.0;14.1;19.08;29.63;86.69;85.26;0.1;0.0;0;17.44;0;-21.84;0.08;0.02;0.0;4.36
2020;1;218;beauce_5_sa_086;BTH;;2.87;0.0;58.83;0.0;73.13;45.9;28.68;0.06;0.0;0;55.94;0;-652.73;0.02;0.04;0.0;2.87
2020;219;283;beauce_5_sa_086;solnu;;0.7;0.0;32.17;-49.4;0.0;28.68;13.95;0.03;0.0;0;0;0;-335.76;0.02;0.01;0.0;0.7
2020;284;366;beauce_5_sa_086;BTH;;1.51;0.0;13.29;-15.95;0.0;13.95;12.57;0.0;0.0;0;0.0;0;-86.87;0.0;0.0;0.0;1.51
2020;1;202;beauce_5_sa_087;BTH;;5.22;0.7;49.57;0.0;177.13;122.88;42.2;0.1;0.0;0;109.12;0;-553.55;0.07;0.03;0.7;5.22
2020;203;296;beauce_5_sa_087;solnu;;0.0;0.0;40.65;-19.04;0.0;42.2;63.75;0.06;0.0;0;0;0;-370.49;0.04;0.02;0.0;0.0
2020;297;366;beauce_5_sa_087;BTH;;3.27;0.85;10.44;-63.51;3.49;64.0;70.25;0.03;0.0;0;2.06;0;-70.56;0.03;0.0;0.85;3.27
2020;1;199;beauce_5_sa_088;BTH;;2.99;0.0;50.65;0.0;75.96;48.35;19.99;0.05;0.0;0;56.17;0;-564.56;0.02;0.03;0.0;2.99
2020;200;287;beauce_5_sa_088;solnu;;0.68;0.0;40.77;-21.08;0.0;19.99;38.97;0.03;0.0;0;0;0;-387.89;0.02;0.02;0.0;0.68
2020;288;366;beauce_5_sa_088;BTH;;1.69;0.0;12.17;-39.71;0.0;39.15;14.95;0.0;0.0;0;0.0;0;-157.81;0.0;0.0;0.0;1.69
2020;1;178;beauce_5_sa_089;BTH;;2.41;0.86;40.47;0.0;129.97;42.4;13.09;0.06;0.0;0;91.45;0;-449.85;0.04;0.02;0.86;2.41
2020;179;281;beauce_5_sa_089;solnu;;0.0;0.0;46.74;-20.07;0.0;13.09;39.99;0.04;0.0;0;0;0;-442.84;0.02;0.02;0.0;0.0
2020;282;366;beauce_5_sa_089;BTH;;1.4;0.0;13.81;-43.13;0.0;40.23;15.33;0.0;0.0;0;0.0;0;-131.49;0.0;0.0;0.0;1.4
2020;1;223;beauce_5_sa_090;BTH;;2.91;0.0;61.24;0.0;74.63;46.42;30.06;0.06;0.0;0;56.52;0;-681.76;0.03;0.04;0.0;2.91
2020;224;285;beauce_5_sa_090;solnu;;0.73;0.0;30.3;-22.09;0.0;30.06;37.5;0.03;0.0;0;0;0;-290.28;0.02;0.01;0.0;0.73
2020;286;366;beauce_5_sa_090;BTH;;1.71;0.0;12.52;-39.02;0.0;37.66;14.87;0.0;0.0;0;0.0;0;-148.74;0.0;0.0;0.0;1.71
2020;1;200;beauce_5_sa_091;BTH;;3.51;1.82;51.3;0.0;110.69;71.89;145.38;0.09;0.0;0;79.56;0;-571.14;0.06;0.03;1.82;3.51
2020;201;282;beauce_5_sa_091;solnu;;0.98;0.0;39.22;-20.55;0.0;145.38;162.91;0.16;0.0;0;0;0;-368.72;0.14;0.02;0.0;0.98
2020;283;366;beauce_5_sa_091;BTH;;5.85;0.38;13.65;-92.44;24.58;163.21;82.25;0.04;0.0;0;14.47;0;-14.35;0.04;0.0;0.38;5.85
2020;1;200;beauce_5_sa_092;BTH;;4.46;0.99;49.6;0.0;194.24;106.47;31.16;0.13;0.0;0;126.36;0;-552.41;0.1;0.03;0.99;4.46
2020;201;286;beauce_5_sa_092;solnu;;0.0;0.0;39.68;-18.38;0.0;31.16;52.43;0.04;0.0;0;0;0;-358.72;0.02;0.02;0.0;0.0
2020;287;366;beauce_5_sa_092;BTH;;2.43;0.79;12.46;-54.28;4.02;52.69;65.19;0.04;0.0;0;2.36;0;-64.84;0.04;0.0;0.79;2.43
2020;1;227;beauce_5_sa_093;BTH;;3.55;0.85;62.32;0.0;110.5;63.04;74.69;0.08;0.0;0;67.84;0;-689.71;0.04;0.04;0.85;3.55
2020;228;306;beauce_5_sa_093;solnu;;1.66;0.0;32.36;-21.56;0.0;74.69;83.73;0.11;0.0;0;0;0;-310.85;0.1;0.01;0.0;1.66
2020;307;366;beauce_5_sa_093;BTH;;2.73;0.0;8.31;-59.37;0.0;83.94;30.41;0.0;0.0;0;0.0;0;-42.97;0.0;0.0;0.0;2.73
2020;1;199;beauce_5_sa_094;BTH;;1.45;0.92;53.5;0.0;64.3;18.13;74.49;0.06;0.0;0;67.31;0;-595.65;0.03;0.03;0.92;1.45
2020;200;262;beauce_5_sa_094;solnu;;0.25;0.0;34.33;-98.1;0.0;74.49;10.44;0.02;0.0;0;0;0;-203.33;0.02;0.0;0.0;0.25
2020;263;366;beauce_5_sa_094;BTH;;1.44;0.0;20.38;-1.19;10.01;10.44;18.15;0.02;0.0;0;5.89;0;7.7;0.01;0.01;0.0;1.44
2020;1;204;beauce_5_sa_095;BTH;;1.49;1.0;57.3;0.0;84.8;45.27;91.37;0.1;0.0;0;80.12;0;-636.72;0.07;0.03;1.0;1.49
2020;205;259;beauce_5_sa_095;solnu;;0.46;0.0;32.4;-103.43;0.0;91.37;19.83;0.04;0.0;0;0;0;-180.33;0.04;0.0;0.0;0.46
2020;260;366;beauce_5_sa_095;BTH;;2.71;0.38;21.33;5.68;15.79;19.85;57.11;0.04;0.0;0;9.29;0;-2.29;0.03;0.02;0.38;2.71
2020;1;230;beauce_5_sa_096;BTH;;4.01;1.92;66.27;0.0;138.28;106.64;173.89;0.2;0.0;0;94.98;0;-736.19;0.16;0.04;1.92;4.01
2020;231;282;beauce_5_sa_096;solnu;;1.65;0.0;25.35;-108.49;0.0;173.89;88.98;0.12;0.0;0;0;0;-209.45;0.12;0.0;0.0;1.65
2020;283;366;beauce_5_sa_096;BTH;;7.04;0.83;13.7;-1.27;25.75;87.8;130.54;0.04;0.0;0;15.15;0;51.34;0.03;0.01;0.83;7.04
2020;1;207;beauce_5_sa_097;BTH;;2.23;0.16;54.77;0.0;75.02;35.53;25.24;0.05;0.0;0;63.14;0;-610.45;0.02;0.03;0.16;2.23
2020;208;273;beauce_5_sa_097;solnu;;0.49;0.0;34.75;-52.64;0.0;25.24;10.99;0.02;0.0;0;0;0;-363.54;0.02;0.01;0.0;0.49
2020;274;366;beauce_5_sa_097;BTH;;1.2;0.0;16.24;-17.84;0.0;10.99;9.85;0.0;0.0;0;0.0;0;-44.32;0.0;0.0;0.0;1.2
2020;1;199;beauce_5_sa_098;BTH;;1.34;3.08;54.34;0.0;56.48;16.4;243.56;0.09;0.0;0;63.5;0;-604.85;0.06;0.03;3.08;1.34
2020;200;258;beauce_5_sa_098;solnu;;1.0;0.0;33.4;-21.77;0.0;243.56;254.02;0.16;0.0;0;0;0;-318.52;0.15;0.01;0.0;1.0
2020;259;366;beauce_5_sa_098;BTH;;10.43;0.0;21.41;-77.29;66.61;254.35;120.95;0.13;0.0;0;39.2;0;-53.45;0.12;0.01;0.0;10.43
2020;1;228;beauce_5_sa_099;BTH;;3.63;0.0;62.77;0.0;92.95;64.32;30.45;0.07;0.0;0;56.76;0;-697.86;0.04;0.04;0.0;3.63
2020;229;312;beauce_5_sa_099;solnu;;1.24;0.0;32.99;-48.0;0.0;30.45;18.88;0.03;0.0;0;0;0;-362.8;0.02;0.01;0.0;1.24
2020;313;366;beauce_5_sa_099;BTH;;1.56;0.0;7.1;-10.49;0.0;18.92;17.53;0.0;0.0;0;0.0;0;-76.38;0.0;0.0;0.0;1.56
2021;1;224;beauce_5_sa_000;BTH;;4.98;0.91;59.62;2.12;119.86;17.54;23.51;0.11;0.01;0;70.53;0;-122.34;0.07;0.04;0.91;4.98
2021;225;310;beauce_5_sa_000;solnu;;1.15;0.0;29.59;-42.11;0.0;23.51;12.74;0.02;0.03;0;0;0;-191.26;0.01;0.01;0.0;1.15
2021;311;365;beauce_5_sa_000;BTH;;2.21;0.0;6.63;-9.81;0.0;12.74;10.58;0.0;0.0;0;0.0;0;-43.9;0.0;0.0;0.0;2.21
2021;1;195;beauce_5_sa_001;BTH;;20.52;0.0;44.6;12.2;127.73;119.69;31.74;0.1;0.01;0;76.14;0;-76.52;0.06;0.04;0.0;20.52
2021;196;309;beauce_5_sa_001;solnu;;3.65;0.0;43.48;-51.39;0.0;31.74;28.37;0.01;0.01;0;0;0;-295.26;0.0;0.01;0.0;3.65
2021;310;365;beauce_5_sa_001;BTH;;5.55;1.29;6.8;-14.31;1.95;28.37;111.22;0.04;0.0;0;1.15;0;9.69;0.04;0.0;1.29;5.55
2021;1;199;beauce_5_sa_002;BTH;;2.41;0.0;45.97;13.37;44.46;7.4;20.36;0.04;0.0;0;26.16;0;-195.82;0.01;0.04;0.0;2.41
2021;200;263;beauce_5_sa_002;solnu;;0.39;0.0;29.9;-12.8;0.0;20.36;37.0;0.03;0.04;0;0;0;-196.94;0.02;0.01;0.0;0.39
2021;264;365;beauce_5_sa_002;BTH;;2.36;0.0;18.47;-41.43;1.5;37.43;10.18;0.0;0.0;0;0.88;0;-65.36;0.0;0.0;0.0;2.36
2021;1;201;beauce_5_sa_003;BTH;;9.05;0.95;47.14;9.53;81.31;29.39;67.25;0.14;0.02;0;47.85;0;-116.63;0.1;0.03;0.95;9.05
2021;202;314;beauce_5_sa_003;solnu;;4.09;0.0;42.12;-54.78;0.0;67.25;51.18;0.09;0.08;0;0;0;-231.29;0.07;0.02;0.0;4.09
2021;315;365;beauce_5_sa_003;BTH;;6.98;0.0;5.84;-11.6;0.0;48.85;38.44;0.0;0.0;0;0.0;0;5.33;0.0;0.0;0.0;6.98
2021;1;226;beauce_5_sa_004;BTH;;12.85;1.4;60.34;42.19;113.0;42.93;127.38;0.17;0.0;0;67.34;0;-223.58;0.11;0.06;1.4;12.85
2021;227;309;beauce_5_sa_004;solnu;;3.17;0.0;28.6;-10.6;0.0;127.38;141.98;0.1;0.13;0;0;0;-183.07;0.09;0.01;0.0;3.17
2021;310;365;beauce_5_sa_004;BTH;;14.08;0.0;6.83;-65.91;0.0;142.2;68.8;0.02;0.0;0;0.0;0;0.73;0.02;0.0;0.0;14.08
2021;1;224;beauce_5_sa_005;BTH;;14.91;2.74;61.61;51.38;158.55;48.89;196.26;0.48;0.03;0;102.74;0;-194.04;0.41;0.07;2.74;14.91
2021;225;260;beauce_5_sa_005;solnu;;13.02;0.0;17.08;-13.62;0.0;196.26;186.51;0.06;0.12;0;0;0;-105.4;0.05;0.0;0.0;13.02
2021;261;365;beauce_5_sa_005;BTH;;27.31;0.0;20.1;-62.61;5.53;187.04;111.43;0.0;0.0;0;3.25;0;47.05;0.0;0.0;0.0;27.31
2021;1;174;beauce_5_sa_006;BTH;;13.5;0.0;33.99;17.8;82.47;69.49;27.11;0.06;0.01;0;49.66;0;-76.13;0.03;0.03;0.0;13.5
2021;175;314;beauce_5_sa_006;solnu;;5.05;0.0;54.54;-50.61;0.0;27.11;28.77;0.04;0.03;0;0;0;-314.15;0.01;0.02;0.0;5.05
2021;315;365;beauce_5_sa_006;BTH;;5.67;0.74;5.8;-14.24;1.12;28.78;68.64;0.05;0.0;0;0.66;0;8.16;0.05;0.0;0.74;5.67
2021;1;200;beauce_5_sa_007;BTH;;8.62;0.96;47.06;19.06;165.84;50.8;16.17;0.14;0.02;0;98.56;0;-108.15;0.1;0.04;0.96;8.62
2021;201;296;beauce_5_sa_007;solnu;;1.65;0.0;39.27;-9.22;0.0;16.17;44.75;0.03;0.01;0;0;0;-215.28;0.01;0.02;0.0;1.65
2021;297;365;beauce_5_sa_007;BTH;;3.13;0.54;9.29;-52.77;1.52;44.93;40.84;0.02;0.0;0;0.9;0;-57.25;0.02;0.0;0.54;3.13
2021;1;190;beauce_5_sa_008;BTH;;17.16;0.9;42.79;26.67;180.46;123.08;64.62;0.2;0.03;0;106.78;0;-107.09;0.16;0.04;0.9;17.16
2021;191;285;beauce_5_sa_008;solnu;;4.31;0.0;40.59;-2.07;0.0;64.62;99.66;0.06;0.06;0;0;0;-223.22;0.03;0.02;0.0;4.31
2021;286;365;beauce_5_sa_008;BTH;;10.4;1.29;12.18;-63.32;1.12;100.09;133.37;0.03;0.0;0;0.66;0;-4.23;0.03;0.0;1.29;10.4
2021;1;184;beauce_5_sa_009;BTH;;3.89;1.18;40.03;21.56;143.84;15.6;17.02;0.12;0.02;0;84.64;0;-129.83;0.08;0.04;1.18;3.89
2021;185;276;beauce_5_sa_009;solnu;;0.79;0.0;41.28;-47.54;0.0;17.02;15.28;0.03;0.04;0;0;0;-284.63;0.02;0.01;0.0;0.79
2021;277;365;beauce_5_sa_009;BTH;;2.88;0.0;14.82;-14.68;0.0;15.28;12.56;0.0;0.0;0;0.0;0;30.42;0.0;0.0;0.0;2.88
2021;1;192;beauce_5_sa_010;BTH;;4.99;0.61;43.16;-1.27;92.41;17.33;7.41;0.07;0.0;0;54.38;0;-127.63;0.04;0.03;0.61;4.99
2021;193;292;beauce_5_sa_010;solnu;;0.74;0.0;40.49;-8.77;0.0;7.41;38.41;0.03;0.01;0;0;0;-220.53;0.0;0.02;0.0;0.74
2021;293;365;beauce_5_sa_010;BTH;;1.77;0.0;10.39;-41.5;0.0;38.79;7.88;0.01;0.0;0;0.0;0;-64.48;0.01;0.0;0.0;1.77
2021;1;182;beauce_5_sa_011;BTH;;4.17;0.0;38.21;3.85;44.99;14.38;6.74;0.03;0.0;0;26.47;0;-128.87;0.0;0.03;0.0;4.17
2021;183;296;beauce_5_sa_011;solnu;;0.88;0.0;46.82;-43.15;0.0;6.74;9.69;0.02;0.02;0;0;0;-271.25;0.01;0.02;0.0;0.88
2021;297;365;beauce_5_sa_011;BTH;;1.74;0.0;9.21;-9.19;0.0;9.58;7.97;0.0;0.0;0;0.0;0;-15.56;0.0;0.0;0.0;1.74
2021;1;173;beauce_5_sa_012;BTH;;1.99;0.0;33.45;16.17;50.27;7.05;3.57;0.03;0.0;0;29.58;0;-195.33;0.0;0.03;0.0;1.99
2021;174;263;beauce_5_sa_012;solnu;;0.42;0.0;41.82;-3.27;0.0;3.57;41.66;0.04;0.04;0;0;0;-299.74;0.02;0.02;0.0;0.42
2021;264;365;beauce_5_sa_012;BTH;;2.38;0.0;18.34;-45.76;1.5;42.14;10.36;0.0;0.0;0;0.88;0;-100.68;0.0;0.0;0.0;2.38
2021;1;172;beauce_5_sa_013;BTH;;7.41;1.77;33.77;35.25;129.95;35.74;100.81;0.13;0.03;0;79.09;0;-84.27;0.09;0.04;1.77;7.41
2021;173;288;beauce_5_sa_013;solnu;;8.01;0.0;50.48;-61.69;0.0;100.81;82.13;0.13;0.09;0;0;0;-269.29;0.1;0.03;0.0;8.01
2021;289;365;beauce_5_sa_013;BTH;;15.3;0.0;11.57;-11.56;0.0;82.14;66.84;0.0;0.0;0;0.0;0;34.24;0.0;0.0;0.0;15.3
2021;1;205;beauce_5_sa_014;BTH;;5.41;0.96;49.95;15.64;127.06;15.11;21.25;0.09;0.0;0;74.77;0;-146.71;0.05;0.04;0.96;5.41
2021;206;278;beauce_5_sa_014;solnu;;1.17;0.0;33.19;-48.68;0.0;21.25;13.37;0.01;0.02;0;0;0;-268.12;0.01;0.0;0.0;1.17
2021;279;365;beauce_5_sa_014;BTH;;2.53;0.0;14.26;-14.14;0.0;13.37;10.96;0.0;0.0;0;0.0;0;52.62;0.0;0.0;0.0;2.53
2021;1;226;beauce_5_sa_015;BTH;;5.62;1.71;61.0;17.1;184.96;20.13;36.99;0.16;0.01;0;108.84;0;-184.8;0.11;0.05;1.71;5.62
2021;227;296;beauce_5_sa_015;solnu;;1.33;0.0;26.25;-12.66;0.0;36.99;49.16;0.04;0.05;0;0;0;-148.64;0.03;0.01;0.0;1.33
2021;297;365;beauce_5_sa_015;BTH;;3.98;0.0;9.26;-39.32;0.0;49.33;17.81;0.0;0.0;0;0.0;0;-48.44;0.0;0.0;0.0;3.98
2021;1;191;beauce_5_sa_016;BTH;;2.37;0.21;43.07;16.83;64.44;7.37;16.92;0.05;0.0;0;37.92;0;-149.38;0.01;0.04;0.21;2.37
2021;192;257;beauce_5_sa_016;solnu;;0.45;0.0;30.99;-37.35;0.0;16.92;12.15;0.02;0.03;0;0;0;-215.17;0.02;0.01;0.0;0.45
2021;258;365;beauce_5_sa_016;BTH;;2.32;0.0;21.71;-22.72;0.0;11.9;9.64;0.0;0.0;0;0.0;0;-38.11;0.0;0.0;0.0;2.32
2021;1;206;beauce_5_sa_017;BTH;;8.76;0.0;49.07;24.16;90.61;42.59;19.26;0.06;0.01;0;53.91;0;-291.05;0.01;0.05;0.0;8.76
2021;207;292;beauce_5_sa_017;solnu;;1.25;0.0;34.36;-8.18;0.0;19.26;44.15;0.03;0.02;0;0;0;-249.51;0.01;0.02;0.0;1.25
2021;293;365;beauce_5_sa_017;BTH;;2.87;0.42;10.22;-47.4;1.12;44.52;35.47;0.02;0.0;0;0.66;0;-81.09;0.02;0.0;0.42;2.87
2021;1;220;beauce_5_sa_018;BTH;;20.25;2.14;57.76;51.03;146.43;85.87;192.0;0.24;0.01;0;88.95;0;-290.2;0.18;0.07;2.14;20.25
2021;221;300;beauce_5_sa_018;solnu;;5.85;0.0;29.57;-100.26;0.0;192.0;115.25;0.09;0.13;0;0;0;-167.31;0.08;0.01;0.0;5.85
2021;301;365;beauce_5_sa_018;BTH;;20.53;0.0;8.61;-1.37;3.81;114.55;98.12;0.01;0.0;0;2.24;0;40.89;0.0;0.01;0.0;20.53
2021;1;182;beauce_5_sa_019;BTH;;10.04;2.25;38.93;31.03;152.27;36.73;113.83;0.18;0.02;0;97.49;0;-130.69;0.14;0.04;2.25;10.04
2021;183;282;beauce_5_sa_019;solnu;;8.03;0.0;43.38;6.56;0.0;113.83;156.66;0.12;0.09;0;0;0;-255.06;0.09;0.03;0.0;8.03
2021;283;365;beauce_5_sa_019;BTH;;16.75;0.0;12.9;-71.9;7.06;157.05;73.84;0.0;0.0;0;4.15;0;-11.61;0.0;0.0;0.0;16.75
2021;1;230;beauce_5_sa_020;BTH;;8.84;2.09;63.13;18.1;216.46;32.04;46.71;0.21;0.02;0;127.37;0;-210.01;0.15;0.05;2.09;8.84
2021;231;308;beauce_5_sa_020;solnu;;3.23;0.0;26.69;-11.22;0.0;46.71;58.85;0.04;0.06;0;0;0;-151.83;0.03;0.01;0.0;3.23
2021;309;365;beauce_5_sa_020;BTH;;5.7;0.0;7.09;-34.59;0.0;59.2;27.29;0.0;0.0;0;0.0;0;-34.32;0.0;0.0;0.0;5.7
2021;1;208;beauce_5_sa_021;BTH;;18.15;1.95;50.75;53.95;143.2;72.25;165.73;0.2;0.01;0;86.46;0;-281.96;0.14;0.06;1.95;18.15
2021;209;304;beauce_5_sa_021;solnu;;4.48;0.0;36.27;-2.68;0.0;165.73;194.61;0.12;0.12;0;0;0;-254.42;0.1;0.02;0.0;4.48
2021;305;365;beauce_5_sa_021;BTH;;19.67;0.0;7.88;-90.16;1.1;194.77;91.51;0.04;0.0;0;0.65;0;-10.07;0.04;0.0;0.0;19.67
2021;1;228;beauce_5_sa_022;BTH;;5.97;1.12;61.33;10.12;139.02;17.9;29.58;0.11;0.01;0;81.81;0;-136.67;0.07;0.05;1.12;5.97
2021;229;295;beauce_5_sa_022;solnu;;1.13;0.0;25.03;-39.52;0.0;29.58;16.82;0.02;0.04;0;0;0;-184.96;0.01;0.01;0.0;1.13
2021;296;365;beauce_5_sa_022;BTH;;3.08;0.0;9.64;-13.86;0.0;17.14;13.83;0.0;0.0;0;0.0;0;-49.56;0.0;0.0;0.0;3.08
2021;1;192;beauce_5_sa_023;BTH;;5.66;1.29;43.82;3.6;110.35;19.67;47.6;0.17;0.02;0;64.93;0;-21.5;0.14;0.03;1.29;5.66
2021;193;283;beauce_5_sa_023;solnu;;1.72;0.0;39.17;-6.54;0.0;47.6;79.37;0.06;0.07;0;0;0;-178.77;0.04;0.02;0.0;1.72
2021;284;365;beauce_5_sa_023;BTH;;6.25;0.0;12.73;-57.84;1.36;79.75;27.55;0.0;0.0;0;0.8;0;2.16;0.0;0.0;0.0;6.25
2021;1;224;beauce_5_sa_024;BTH;;6.63;0.0;58.74;8.67;60.48;21.52;23.34;0.04;0.0;0;36.1;0;-156.27;0.0;0.04;0.0;6.63
2021;225;310;beauce_5_sa_024;solnu;;1.11;0.0;29.48;-38.06;0.0;23.34;13.59;0.03;0.03;0;0;0;-172.04;0.02;0.01;0.0;1.11
2021;311;365;beauce_5_sa_024;BTH;;2.54;0.27;6.65;-24.49;0.91;13.08;13.79;0.01;0.0;0;0.54;0;-27.84;0.01;0.0;0.27;2.54
2021;1;191;beauce_5_sa_025;BTH;;9.33;2.11;43.81;31.29;166.07;28.99;87.14;0.22;0.02;0;97.72;0;-62.02;0.17;0.05;2.11;9.33
2021;192;289;beauce_5_sa_025;solnu;;4.53;0.0;41.72;-60.19;0.0;87.14;65.29;0.07;0.08;0;0;0;-185.9;0.05;0.02;0.0;4.53
2021;290;365;beauce_5_sa_025;BTH;;12.29;0.0;11.5;-11.47;0.0;65.32;53.04;0.0;0.0;0;0.0;0;53.91;0.0;0.0;0.0;12.29
2021;1;178;beauce_5_sa_026;BTH;;4.34;0.0;36.03;-2.28;37.58;14.89;7.68;0.02;0.0;0;22.11;0;-87.77;0.0;0.02;0.0;4.34
2021;179;285;beauce_5_sa_026;solnu;;0.82;0.0;45.9;-39.51;0.0;7.68;13.19;0.03;0.03;0;0;0;-256.23;0.01;0.02;0.0;0.82
2021;286;365;beauce_5_sa_026;BTH;;2.15;0.0;12.07;-13.5;0.0;12.85;9.62;0.0;0.0;0;0.0;0;-25.89;0.0;0.0;0.0;2.15
2021;1;200;beauce_5_sa_027;BTH;;5.77;0.77;46.97;12.76;119.95;20.65;12.48;0.1;0.01;0;71.0;0;-61.68;0.06;0.04;0.77;5.77
2021;201;305;beauce_5_sa_027;solnu;;0.87;0.0;40.72;-43.87;0.0;12.48;10.77;0.02;0.02;0;0;0;-228.5;0.01;0.02;0.0;0.87
2021;306;365;beauce_5_sa_027;BTH;;2.08;0.22;7.88;-25.2;1.0;10.77;9.84;0.0;0.0;0;0.59;0;-20.33;0.0;0.0;0.22;2.08
2021;1;201;beauce_5_sa_028;BTH;;16.25;2.59;48.55;29.68;147.54;91.54;202.92;0.35;0.03;0;114.83;0;-287.87;0.31;0.05;2.59;16.25
2021;202;269;beauce_5_sa_028;solnu;;13.27;0.0;32.06;-109.63;0.0;202.92;112.0;0.03;0.05;0;0;0;-43.54;0.03;0.0;0.0;13.27
2021;270;365;beauce_5_sa_028;BTH;;21.09;0.0;17.16;21.88;26.54;112.56;103.36;0.04;0.01;0;15.62;0;71.94;0.01;0.02;0.0;21.09
2021;1;190;beauce_5_sa_029;BTH;;6.33;2.07;43.18;34.85;163.19;22.55;85.68;0.21;0.02;0;96.03;0;-69.04;0.16;0.05;2.07;6.33
2021;191;304;beauce_5_sa_029;solnu;;4.61;0.0;46.19;-66.13;0.0;85.68;62.49;0.07;0.08;0;0;0;-154.88;0.05;0.02;0.0;4.61
2021;305;365;beauce_5_sa_029;BTH;;11.33;0.0;8.19;-8.22;0.0;62.41;51.13;0.0;0.0;0;0.0;0;47.82;0.0;0.0;0.0;11.33
2021;1;207;beauce_5_sa_030;BTH;;5.55;1.37;51.79;38.59;135.2;26.25;79.35;0.21;0.02;0;81.72;0;-135.9;0.15;0.05;1.37;5.55
2021;208;264;beauce_5_sa_030;solnu;;3.7;0.0;27.44;-40.35;0.0;79.35;62.6;0.06;0.07;0;0;0;-161.17;0.05;0.01;0.0;3.7
2021;265;365;beauce_5_sa_030;BTH;;9.95;0.17;18.63;-35.3;2.41;60.22;47.98;0.01;0.0;0;1.42;0;10.0;0.01;0.0;0.17;9.95
2021;1;215;beauce_5_sa_031;BTH;;6.97;1.25;56.09;45.11;110.2;21.16;99.99;0.27;0.02;0;68.38;0;-273.79;0.21;0.06;1.25;6.97
2021;216;259;beauce_5_sa_031;solnu;;4.58;0.0;20.27;-12.8;0.0;99.99;102.73;0.06;0.08;0;0;0;-142.35;0.06;0.01;0.0;4.58
2021;260;365;beauce_5_sa_031;BTH;;12.3;0.0;20.28;-59.53;0.82;103.25;50.5;0.0;0.0;0;0.48;0;-36.78;0.0;0.0;0.0;12.3
2021;1;194;beauce_5_sa_032;BTH;;4.48;0.0;45.0;15.76;123.87;14.24;16.04;0.11;0.0;0;73.77;0;-150.31;0.07;0.04;0.0;4.48
2021;195;270;beauce_5_sa_032;solnu;;0.94;0.0;34.85;-49.73;0.0;16.04;7.6;0.01;0.0;0;0;0;-265.91;0.0;0.0;0.0;0.94
2021;271;365;beauce_5_sa_032;BTH;;1.38;0.92;16.21;-15.78;0.0;7.43;6.64;0.0;0.0;0;0.0;0;55.12;0.0;0.0;0.92;1.38
2021;1;223;beauce_5_sa_033;BTH;;4.14;0.0;57.59;17.69;42.76;12.31;41.5;0.06;0.0;0;25.16;0;-280.74;0.01;0.05;0.0;4.14
2021;224;257;beauce_5_sa_033;solnu;;0.67;0.0;15.67;-16.34;0.0;41.5;40.08;0.03;0.06;0;0;0;-109.85;0.03;0.0;0.0;0.67
2021;258;365;beauce_5_sa_033;BTH;;4.1;0.0;21.04;-40.41;0.0;40.57;16.88;0.0;0.0;0;0.0;0;-80.71;0.0;0.0;0.0;4.1
2021;1;173;beauce_5_sa_034;BTH;;6.21;0.0;33.43;-9.46;29.09;22.51;11.54;0.02;0.0;0;17.11;0;-96.1;0.0;0.02;0.0;6.21
2021;174;316;beauce_5_sa_034;solnu;;2.36;0.0;55.07;-37.76;0.0;11.54;26.51;0.06;0.03;0;0;0;-303.57;0.03;0.03;0.0;2.36
2021;317;365;beauce_5_sa_034;BTH;;3.09;0.0;5.36;-11.27;0.0;25.68;17.52;0.0;0.0;0;0.0;0;-11.32;0.0;0.0;0.0;3.09
2021;1;224;beauce_5_sa_035;BTH;;11.19;1.54;60.06;18.16;147.85;32.12;68.87;0.19;0.02;0;87.0;0;-134.35;0.14;0.05;1.54;11.19
2021;225;284;beauce_5_sa_035;solnu;;2.4;0.0;24.07;-14.35;0.0;68.87;76.06;0.04;0.08;0;0;0;-136.42;0.04;0.01;0.0;2.4
2021;285;365;beauce_5_sa_035;BTH;;7.6;0.0;12.34;-48.53;0.0;76.35;33.56;0.0;0.0;0;0.0;0;-18.47;0.0;0.0;0.0;7.6
2021;1;197;beauce_5_sa_036;BTH;;4.64;0.0;44.83;0.14;49.32;14.94;7.03;0.03;0.0;0;29.02;0;-129.75;0.0;0.03;0.0;4.64
2021;198;297;beauce_5_sa_036;solnu;;0.66;0.0;40.05;-41.01;0.0;7.03;6.33;0.02;0.01;0;0;0;-234.41;0.0;0.01;0.0;0.66
2021;298;365;beauce_5_sa_036;BTH;;1.16;0.0;9.07;-9.17;0.0;6.33;5.2;0.0;0.0;0;0.0;0;-14.36;0.0;0.0;0.0;1.16
2021;1;208;beauce_5_sa_037;BTH;;4.04;1.56;51.67;11.17;178.2;15.74;14.28;0.15;0.01;0;104.86;0;-85.82;0.11;0.04;1.56;4.04
2021;209;298;beauce_5_sa_037;solnu;;1.04;0.0;36.76;-44.83;0.0;14.28;9.25;0.01;0.01;0;0;0;-216.5;0.0;0.01;0.0;1.04
2021;299;365;beauce_5_sa_037;BTH;;1.7;0.0;9.04;-8.95;0.0;9.54;7.64;0.0;0.0;0;0.0;0;39.33;0.0;0.0;0.0;1.7
2021;1;196;beauce_5_sa_038;BTH;;7.58;1.04;45.29;32.65;97.46;25.2;76.69;0.12;0.0;0;57.35;0;-152.52;0.07;0.05;1.04;7.58
2021;197;294;beauce_5_sa_038;solnu;;1.28;0.0;40.29;-71.25;0.0;76.69;44.36;0.08;0.09;0;0;0;-219.94;0.06;0.02;0.0;1.28
2021;295;365;beauce_5_sa_038;BTH;;8.11;0.0;10.12;-10.16;0.0;44.47;36.2;0.0;0.0;0;0.0;0;22.73;0.0;0.0;0.0;8.11
2021;1;192;beauce_5_sa_039;BTH;;3.66;0.79;43.81;17.19;114.94;13.09;15.23;0.11;0.01;0;67.64;0;-122.0;0.07;0.04;0.79;3.66
2021;193;282;beauce_5_sa_039;solnu;;0.53;0.0;39.6;-49.27;0.0;15.23;11.03;0.02;0.03;0;0;0;-279.01;0.01;0.01;0.0;0.53
2021;283;365;beauce_5_sa_039;BTH;;2.05;0.0;13.05;-13.16;0.0;10.85;8.86;0.0;0.0;0;0.0;0;38.16;0.0;0.0;0.0;2.05
2021;1;173;beauce_5_sa_040;BTH;;11.67;1.82;33.9;38.17;100.02;50.52;148.65;0.13;0.03;0;82.44;0;-181.06;0.08;0.04;1.82;11.67
2021;174;273;beauce_5_sa_040;solnu;;11.94;0.0;45.21;2.51;0.0;148.65;185.0;0.16;0.1;0;0;0;-308.22;0.13;0.03;0.0;11.94
2021;274;365;beauce_5_sa_040;BTH;;21.38;0.0;15.34;-76.02;9.0;185.39;93.94;0.0;0.0;0;5.3;0;-23.43;0.0;0.0;0.0;21.38
2021;1;192;beauce_5_sa_041;BTH;;4.8;2.46;44.36;15.88;210.38;20.58;49.9;0.25;0.02;0;123.8;0;-11.88;0.21;0.04;2.46;4.8
2021;193;304;beauce_5_sa_041;solnu;;2.01;0.0;44.57;-55.54;0.0;49.9;38.1;0.05;0.06;0;0;0;-141.82;0.03;0.02;0.0;2.01
2021;305;365;beauce_5_sa_041;BTH;;6.92;0.0;8.22;-8.19;0.0;38.13;31.2;0.0;0.0;0;0.0;0;49.01;0.0;0.0;0.0;6.92
2021;1;189;beauce_5_sa_042;BTH;;5.75;0.0;41.1;-0.99;45.27;18.47;9.17;0.03;0.0;0;26.64;0;-250.71;0.0;0.03;0.0;5.75
2021;190;312;beauce_5_sa_042;solnu;;1.01;0.0;45.69;0.84;0.0;9.17;54.61;0.06;0.03;0;0;0;-318.32;0.03;0.03;0.0;1.01
2021;313;365;beauce_5_sa_042;BTH;;3.59;0.0;6.09;-38.67;0.0;54.88;18.42;0.02;0.0;0;0.0;0;-34.87;0.02;0.0;0.0;3.59
2021;1;229;beauce_5_sa_043;BTH;;5.55;0.0;60.05;-3.01;46.2;17.64;24.35;0.04;0.0;0;27.19;0;-199.72;0.0;0.04;0.0;5.55
2021;230;306;beauce_5_sa_043;solnu;;0.8;0.0;26.23;-36.22;0.0;24.35;13.6;0.03;0.03;0;0;0;-155.61;0.02;0.01;0.0;0.8
2021;307;365;beauce_5_sa_043;BTH;;2.49;0.0;7.63;-8.96;0.0;13.6;11.17;0.0;0.0;0;0.0;0;-35.77;0.0;0.0;0.0;2.49
2021;1;216;beauce_5_sa_044;BTH;;5.44;0.0;54.48;-4.56;45.46;17.17;17.71;0.03;0.0;0;26.75;0;-188.76;0.0;0.03;0.0;5.44
2021;217;300;beauce_5_sa_044;solnu;;0.75;0.0;30.92;-13.77;0.0;17.71;34.07;0.03;0.02;0;0;0;-180.79;0.01;0.01;0.0;0.75
2021;301;365;beauce_5_sa_044;BTH;;1.78;0.0;8.49;-32.86;0.0;34.35;8.09;0.0;0.0;0;0.0;0;-25.97;0.0;0.0;0.0;1.78
2021;1;202;beauce_5_sa_045;BTH;;9.73;2.21;48.63;38.11;181.66;30.27;92.68;0.25;0.02;0;106.9;0;-106.57;0.2;0.05;2.21;9.73
2021;203;289;beauce_5_sa_045;solnu;;4.57;0.0;37.46;-61.41;0.0;92.68;64.11;0.07;0.08;0;0;0;-172.06;0.05;0.02;0.0;4.57
2021;290;365;beauce_5_sa_045;BTH;;12.02;0.0;11.47;-11.54;0.0;64.0;52.02;0.0;0.0;0;0.0;0;51.58;0.0;0.0;0.0;12.02
2021;1;188;beauce_5_sa_046;BTH;;2.46;0.0;41.26;15.04;46.64;7.44;15.27;0.04;0.0;0;27.45;0;-159.35;0.01;0.03;0.0;2.46
2021;189;256;beauce_5_sa_046;solnu;;0.44;0.0;31.69;-34.78;0.0;15.27;12.07;0.03;0.03;0;0;0;-200.29;0.02;0.01;0.0;0.44
2021;257;365;beauce_5_sa_046;BTH;;2.31;0.0;22.33;-21.94;0.0;11.84;10.24;0.0;0.0;0;0.0;0;-60.29;0.0;0.0;0.0;2.31
2021;1;219;beauce_5_sa_047;BTH;;12.48;2.46;58.46;45.85;168.02;47.73;158.31;0.32;0.01;0;109.37;0;-200.04;0.26;0.06;2.46;12.48
2021;220;274;beauce_5_sa_047;solnu;;4.46;0.0;23.56;-10.3;0.0;158.31;158.41;0.08;0.11;0;0;0;-141.57;0.07;0.01;0.0;4.46
2021;275;365;beauce_5_sa_047;BTH;;16.44;0.0;15.24;-76.11;9.0;158.77;72.11;0.0;0.0;0;5.3;0;32.02;0.0;0.0;0.0;16.44
2021;1;222;beauce_5_sa_048;BTH;;5.12;0.75;58.34;11.89;105.2;16.97;33.68;0.13;0.01;0;61.9;0;-257.78;0.08;0.04;0.75;5.12
2021;223;290;beauce_5_sa_048;solnu;;0.87;0.0;25.75;-12.65;0.0;33.68;45.83;0.03;0.05;0;0;0;-166.95;0.02;0.01;0.0;0.87
2021;291;365;beauce_5_sa_048;BTH;;3.4;0.0;10.77;-40.38;0.0;46.0;14.98;0.01;0.0;0;0.0;0;-78.66;0.0;0.0;0.0;3.4
2021;1;226;beauce_5_sa_049;BTH;;5.18;1.97;62.26;29.97;165.16;22.88;93.25;0.29;0.02;0;97.19;0;-139.37;0.23;0.06;1.97;5.18
2021;227;311;beauce_5_sa_049;solnu;;5.09;0.0;29.98;-60.42;0.0;93.25;59.75;0.05;0.11;0;0;0;-138.97;0.04;0.01;0.0;5.09
2021;312;365;beauce_5_sa_049;BTH;;10.31;0.0;6.57;-6.63;0.0;59.78;49.38;0.0;0.0;0;0.0;0;34.66;0.0;0.0;0.0;10.31
2021;1;184;beauce_5_sa_050;BTH;;2.23;0.0;39.3;9.97;43.39;6.75;10.84;0.03;0.0;0;25.53;0;-135.91;0.0;0.03;0.0;2.23
2021;185;261;beauce_5_sa_050;solnu;;0.29;0.0;35.87;-10.72;0.0;10.84;34.86;0.03;0.03;0;0;0;-219.61;0.02;0.02;0.0;0.29
2021;262;365;beauce_5_sa_050;BTH;;2.01;0.0;19.29;-42.22;1.5;35.2;8.43;0.0;0.0;0;0.88;0;-65.85;0.0;0.0;0.0;2.01
2021;1;227;beauce_5_sa_051;BTH;;6.53;0.55;59.97;12.6;98.13;18.07;28.49;0.07;0.0;0;57.75;0;-195.29;0.03;0.04;0.55;6.53
2021;228;291;beauce_5_sa_051;solnu;;1.01;0.0;25.0;-47.14;0.0;28.49;15.76;0.01;0.04;0;0;0;-245.39;0.01;0.0;0.0;1.01
2021;292;365;beauce_5_sa_051;BTH;;2.98;0.0;10.64;-10.96;0.0;15.71;12.86;0.0;0.0;0;0.0;0;21.13;0.0;0.0;0.0;2.98
2021;1;175;beauce_5_sa_052;BTH;;4.12;0.0;34.26;2.92;40.34;15.04;7.51;0.02;0.0;0;23.74;0;-173.73;0.0;0.02;0.0;4.12
2021;176;283;beauce_5_sa_052;solnu;;1.0;0.0;46.6;-1.13;0.0;7.51;51.97;0.05;0.04;0;0;0;-316.19;0.02;0.03;0.0;1.0
2021;284;365;beauce_5_sa_052;BTH;;2.83;0.0;12.39;-43.4;5.34;52.36;12.79;0.0;0.0;0;3.14;0;-62.24;0.0;0.0;0.0;2.83
2021;1;226;beauce_5_sa_053;BTH;;4.82;0.14;59.02;4.07;61.89;15.54;23.47;0.05;0.0;0;36.42;0;-211.62;0.01;0.04;0.14;4.82
2021;227;302;beauce_5_sa_053;solnu;;0.71;0.0;26.85;-40.23;0.0;23.47;12.06;0.02;0.03;0;0;0;-192.41;0.01;0.01;0.0;0.71
2021;303;365;beauce_5_sa_053;BTH;;2.2;0.0;8.1;-8.84;0.0;12.06;9.96;0.0;0.0;0;0.0;0;-23.37;0.0;0.0;0.0;2.2
2021;1;176;beauce_5_sa_054;BTH;;7.08;1.75;35.5;24.96;121.87;28.25;91.14;0.14;0.02;0;79.61;0;-86.6;0.1;0.04;1.75;7.08
2021;177;275;beauce_5_sa_054;solnu;;5.78;0.0;44.95;4.47;0.0;91.14;130.96;0.11;0.09;0;0;0;-249.65;0.08;0.03;0.0;5.78
2021;276;365;beauce_5_sa_054;BTH;;13.3;0.0;15.0;-68.27;6.0;131.54;58.38;0.0;0.0;0;3.53;0;-4.27;0.0;0.0;0.0;13.3
2021;1;182;beauce_5_sa_055;BTH;;2.15;0.0;38.25;14.94;49.5;7.04;9.0;0.03;0.0;0;29.13;0;-185.51;0.0;0.03;0.0;2.15
2021;183;262;beauce_5_sa_055;solnu;;0.41;0.0;36.91;-8.02;0.0;9.0;37.41;0.04;0.04;0;0;0;-253.7;0.02;0.02;0.0;0.41
2021;263;365;beauce_5_sa_055;BTH;;2.19;0.0;18.9;-44.7;0.0;37.99;9.41;0.0;0.0;0;0.0;0;-81.82;0.0;0.0;0.0;2.19
2021;1;210;beauce_5_sa_056;BTH;;2.66;0.0;51.65;17.2;54.06;8.85;21.41;0.04;0.0;0;31.81;0;-213.63;0.0;0.04;0.0;2.66
2021;211;268;beauce_5_sa_056;solnu;;0.36;0.0;26.91;-41.63;0.0;21.41;9.85;0.02;0.03;0;0;0;-203.38;0.01;0.0;0.0;0.36
2021;269;365;beauce_5_sa_056;BTH;;1.86;0.0;17.31;-16.82;0.0;9.84;8.47;0.0;0.0;0;0.0;0;-14.29;0.0;0.0;0.0;1.86
2021;1;171;beauce_5_sa_057;BTH;;9.37;1.0;33.08;29.95;77.96;37.27;88.79;0.09;0.02;0;51.45;0;-128.77;0.05;0.04;1.0;9.37
2021;172;289;beauce_5_sa_057;solnu;;7.32;0.0;50.37;-51.04;0.0;88.79;81.39;0.12;0.08;0;0;0;-321.98;0.09;0.03;0.0;7.32
2021;290;365;beauce_5_sa_057;BTH;;13.56;0.0;11.24;-19.74;0.0;78.41;59.34;0.0;0.0;0;0.0;0;5.83;0.0;0.0;0.0;13.56
2021;1;190;beauce_5_sa_058;BTH;;8.98;0.61;42.54;18.94;128.54;47.44;17.71;0.1;0.02;0;76.92;0;-108.96;0.07;0.04;0.61;8.98
2021;191;289;beauce_5_sa_058;solnu;;1.45;0.0;42.2;-50.33;0.0;17.71;16.63;0.02;0.02;0;0;0;-290.47;0.01;0.01;0.0;1.45
2021;290;365;beauce_5_sa_058;BTH;;3.56;0.47;11.21;-12.88;2.41;16.62;43.78;0.03;0.0;0;1.42;0;35.61;0.03;0.0;0.47;3.56
2021;1;210;beauce_5_sa_059;BTH;;8.73;2.3;53.45;49.22;153.51;33.07;147.42;0.34;0.02;0;100.34;0;-167.71;0.28;0.06;2.3;8.73
2021;211;266;beauce_5_sa_059;solnu;;7.25;0.0;26.59;-9.96;0.0;147.42;156.61;0.08;0.1;0;0;0;-161.35;0.07;0.01;0.0;7.25
2021;267;365;beauce_5_sa_059;BTH;;18.25;0.0;17.58;-72.55;4.5;156.95;78.88;0.0;0.0;0;2.65;0;41.31;0.0;0.0;0.0;18.25
2021;1;207;beauce_5_sa_060;BTH;;10.7;1.35;50.63;27.25;91.86;35.16;113.63;0.18;0.02;0;60.87;0;-143.09;0.13;0.05;1.35;10.7
2021;208;286;beauce_5_sa_060;solnu;;4.42;0.0;33.41;-7.8;0.0;113.63;134.64;0.08;0.1;0;0;0;-199.63;0.06;0.02;0.0;4.42
2021;287;365;beauce_5_sa_060;BTH;;13.46;0.0;11.86;-68.34;5.48;134.9;59.21;0.01;0.0;0;3.22;0;8.77;0.01;0.0;0.0;13.46
2021;1;203;beauce_5_sa_061;BTH;;6.85;0.98;48.01;16.9;115.37;23.76;41.25;0.15;0.01;0;67.89;0;-236.56;0.11;0.04;0.98;6.85
2021;204;298;beauce_5_sa_061;solnu;;1.24;0.0;37.81;-1.6;0.0;41.25;76.08;0.07;0.06;0;0;0;-250.51;0.05;0.02;0.0;1.24
2021;299;365;beauce_5_sa_061;BTH;;5.09;0.0;8.87;-57.19;0.0;76.45;22.96;0.0;0.0;0;0.0;0;-35.79;0.0;0.0;0.0;5.09
2021;1;213;beauce_5_sa_062;BTH;;8.59;1.07;53.92;36.46;89.29;28.07;102.42;0.17;0.02;0;57.78;0;-303.04;0.12;0.05;1.07;8.59
2021;214;281;beauce_5_sa_062;solnu;;3.89;0.0;28.0;-8.05;0.0;102.42;118.32;0.07;0.09;0;0;0;-201.18;0.06;0.01;0.0;3.89
2021;282;365;beauce_5_sa_062;BTH;;11.75;0.0;13.02;-62.13;5.7;118.8;51.77;0.0;0.0;0;3.35;0;-36.01;0.0;0.0;0.0;11.75
2021;1;218;beauce_5_sa_063;BTH;;6.18;0.79;56.13;10.21;77.88;19.98;62.67;0.12;0.01;0;46.71;0;-124.77;0.08;0.04;0.79;6.18
2021;219;281;beauce_5_sa_063;solnu;;1.3;0.0;25.92;-13.54;0.0;62.67;73.62;0.05;0.07;0;0;0;-144.38;0.04;0.01;0.0;1.3
2021;282;365;beauce_5_sa_063;BTH;;6.23;0.0;13.2;-50.98;2.7;74.05;27.45;0.0;0.0;0;1.59;0;-7.22;0.0;0.0;0.0;6.23
2021;1;225;beauce_5_sa_064;BTH;;4.13;0.0;58.66;15.27;43.46;12.45;39.57;0.06;0.0;0;25.57;0;-248.01;0.01;0.04;0.0;4.13
2021;226;257;beauce_5_sa_064;solnu;;0.65;0.0;15.06;-35.34;0.0;39.57;19.9;0.03;0.06;0;0;0;-109.77;0.03;0.0;0.0;0.65
2021;258;365;beauce_5_sa_064;BTH;;3.96;0.0;21.66;-22.56;0.0;19.9;16.04;0.0;0.0;0;0.0;0;-58.81;0.0;0.0;0.0;3.96
2021;1;189;beauce_5_sa_065;BTH;;6.16;1.16;42.11;42.11;92.3;20.1;93.41;0.18;0.02;0;62.08;0;-197.45;0.13;0.05;1.16;6.16
2021;190;259;beauce_5_sa_065;solnu;;4.76;0.0;32.9;-6.19;0.0;93.41;115.2;0.07;0.08;0;0;0;-218.14;0.05;0.02;0.0;4.76
2021;260;365;beauce_5_sa_065;BTH;;13.31;0.0;20.35;-63.27;4.41;115.83;54.66;0.0;0.0;0;2.6;0;-34.43;0.0;0.0;0.0;13.31
2021;1;173;beauce_5_sa_066;BTH;;3.86;1.11;33.88;11.08;111.34;16.33;29.19;0.13;0.01;0;65.51;0;-94.99;0.11;0.03;1.11;3.86
2021;174;272;beauce_5_sa_066;solnu;;2.21;0.0;45.13;2.03;0.0;29.19;74.83;0.08;0.06;0;0;0;-253.45;0.05;0.03;0.0;2.21
2021;273;365;beauce_5_sa_066;BTH;;5.92;0.0;15.7;-57.7;1.5;75.25;26.04;0.0;0.0;0;0.88;0;-43.68;0.0;0.0;0.0;5.92
2021;1;203;beauce_5_sa_067;BTH;;17.5;0.96;48.86;31.7;190.49;126.53;74.8;0.24;0.03;0;113.51;0;-139.91;0.19;0.05;0.96;17.5
2021;204;285;beauce_5_sa_067;solnu;;4.52;0.0;35.38;-5.36;0.0;74.8;100.18;0.06;0.06;0;0;0;-201.74;0.04;0.02;0.0;4.52
2021;286;365;beauce_5_sa_067;BTH;;10.57;1.3;12.16;-62.76;1.12;100.61;135.47;0.03;0.0;0;0.66;0;2.01;0.03;0.0;1.3;10.57
2021;1;173;beauce_5_sa_068;BTH;;5.16;0.0;33.4;-2.59;35.36;18.74;9.1;0.02;0.0;0;20.81;0;-137.79;0.0;0.02;0.0;5.16
2021;174;289;beauce_5_sa_068;solnu;;1.3;0.0;49.03;-2.69;0.0;9.1;54.1;0.05;0.04;0;0;0;-307.64;0.02;0.03;0.0;1.3
2021;290;365;beauce_5_sa_068;BTH;;3.12;0.0;11.09;-42.29;5.79;54.47;13.98;0.01;0.0;0;3.41;0;-47.58;0.01;0.0;0.0;3.12
2021;1;211;beauce_5_sa_069;BTH;;8.24;1.06;54.47;34.88;124.98;55.25;91.88;0.26;0.03;0;76.89;0;-211.75;0.2;0.05;1.06;8.24
2021;212;264;beauce_5_sa_069;solnu;;4.55;0.0;25.23;-68.27;0.0;91.88;45.78;0.03;0.04;0;0;0;-115.39;0.03;0.0;0.0;4.55
2021;265;365;beauce_5_sa_069;BTH;;8.84;0.46;18.68;-17.76;2.75;45.98;69.33;0.03;0.0;0;1.62;0;69.08;0.03;0.0;0.46;8.84
2021;1;178;beauce_5_sa_070;BTH;;6.53;0.36;36.22;9.34;92.97;38.53;12.63;0.05;0.01;0;55.13;0;-96.87;0.02;0.03;0.36;6.53
2021;179;286;beauce_5_sa_070;solnu;;1.54;0.0;46.19;-5.16;0.0;12.63;52.13;0.04;0.03;0;0;0;-270.66;0.01;0.03;0.0;1.54
2021;287;365;beauce_5_sa_070;BTH;;3.26;0.34;11.72;-49.09;0.36;52.39;37.63;0.0;0.0;0;0.21;0;-47.85;0.0;0.0;0.34;3.26
2021;1;184;beauce_5_sa_071;BTH;;10.99;1.25;39.67;33.69;91.7;36.23;101.32;0.16;0.02;0;53.96;0;-113.43;0.11;0.04;1.25;10.99
2021;185;316;beauce_5_sa_071;solnu;;7.82;0.0;49.95;-69.46;0.0;101.32;70.3;0.08;0.09;0;0;0;-263.44;0.06;0.03;0.0;7.82
2021;317;365;beauce_5_sa_071;BTH;;10.81;0.0;5.44;-5.43;0.0;69.04;59.5;0.0;0.0;0;0.0;0;14.32;0.0;0.0;0.0;10.81
2021;1;231;beauce_5_sa_072;BTH;;6.95;1.82;64.19;28.97;144.15;25.15;104.95;0.3;0.02;0;84.82;0;-173.52;0.24;0.06;1.82;6.95
2021;232;276;beauce_5_sa_072;solnu;;4.88;0.0;19.59;-52.89;0.0;104.95;70.18;0.05;0.12;0;0;0;-138.58;0.04;0.0;0.0;4.88
2021;277;365;beauce_5_sa_072;BTH;;13.19;0.0;15.0;-16.18;0.0;69.74;56.61;0.0;0.0;0;0.0;0;37.32;0.0;0.0;0.0;13.19
2021;1;215;beauce_5_sa_073;BTH;;5.24;0.0;54.27;-1.15;49.84;16.76;16.0;0.03;0.0;0;29.33;0;-179.24;0.0;0.03;0.0;5.24
2021;216;310;beauce_5_sa_073;solnu;;0.83;0.0;33.14;-41.06;0.0;16.0;8.13;0.02;0.01;0;0;0;-203.17;0.01;0.01;0.0;0.83
2021;311;365;beauce_5_sa_073;BTH;;1.41;0.0;6.6;-6.82;0.0;8.13;6.8;0.0;0.0;0;0.0;0;-14.92;0.0;0.0;0.0;1.41
2021;1;192;beauce_5_sa_074;BTH;;3.93;0.78;43.44;-0.88;94.63;12.97;16.13;0.11;0.01;0;55.69;0;-37.16;0.09;0.03;0.78;3.93
2021;193;275;beauce_5_sa_074;solnu;;0.54;0.0;36.59;-10.62;0.0;16.13;41.49;0.03;0.03;0;0;0;-171.08;0.02;0.02;0.0;0.54
2021;276;365;beauce_5_sa_074;BTH;;2.27;0.0;14.86;-47.26;0.0;42.01;10.09;0.0;0.0;0;0.0;0;-43.6;0.0;0.0;0.0;2.27
2021;1;226;beauce_5_sa_075;BTH;;5.7;0.78;60.58;40.91;86.88;19.79;88.29;0.14;0.0;0;51.13;0;-279.06;0.08;0.06;0.78;5.7
2021;227;275;beauce_5_sa_075;solnu;;1.32;0.0;21.02;-60.9;0.0;88.29;47.64;0.05;0.1;0;0;0;-131.65;0.05;0.0;0.0;1.32
2021;276;365;beauce_5_sa_075;BTH;;8.97;0.0;15.37;-15.3;0.0;47.67;38.74;0.0;0.0;0;0.0;0;21.37;0.0;0.0;0.0;8.97
2021;1;227;beauce_5_sa_076;BTH;;4.99;0.74;60.82;3.01;106.2;17.22;26.06;0.1;0.01;0;62.49;0;-121.33;0.06;0.04;0.74;4.99
2021;228;298;beauce_5_sa_076;solnu;;1.01;0.0;26.12;-40.41;0.0;26.06;14.54;0.02;0.04;0;0;0;-188.03;0.01;0.01;0.0;1.01
2021;299;365;beauce_5_sa_076;BTH;;2.66;0.0;8.89;-12.73;0.0;14.54;12.04;0.0;0.0;0;0.0;0;-46.12;0.0;0.0;0.0;2.66
2021;1;211;beauce_5_sa_077;BTH;;3.13;0.0;52.19;10.82;51.63;10.23;19.14;0.04;0.0;0;30.38;0;-194.17;0.0;0.04;0.0;3.13
2021;212;277;beauce_5_sa_077;solnu;;0.4;0.0;28.43;-40.97;0.0;19.14;8.86;0.02;0.03;0;0;0;-204.5;0.01;0.01;0.0;0.4
2021;278;365;beauce_5_sa_077;BTH;;1.67;0.0;14.53;-14.43;0.0;9.16;7.29;0.0;0.0;0;0.0;0;-19.67;0.0;0.0;0.0;1.67
2021;1;185;beauce_5_sa_078;BTH;;13.98;2.27;40.4;40.81;140.42;56.32;155.11;0.22;0.03;0;93.93;0;-102.61;0.17;0.05;2.27;13.98
2021;186;286;beauce_5_sa_078;solnu;;9.37;0.0;43.17;-0.27;0.0;155.11;189.27;0.09;0.1;0;0;0;-243.75;0.06;0.03;0.0;9.37
2021;287;365;beauce_5_sa_078;BTH;;21.86;0.0;11.91;-76.28;6.95;189.54;96.08;0.01;0.0;0;4.09;0;22.83;0.01;0.0;0.0;21.86
2021;1;175;beauce_5_sa_079;BTH;;3.58;0.41;34.52;1.49;69.22;13.18;7.55;0.03;0.0;0;40.73;0;-42.84;0.01;0.02;0.41;3.58
2021;176;284;beauce_5_sa_079;solnu;;0.92;0.0;47.64;-42.62;0.0;7.55;12.38;0.04;0.03;0;0;0;-241.48;0.01;0.02;0.0;0.92
2021;285;365;beauce_5_sa_079;BTH;;2.3;0.0;12.38;-12.61;0.0;12.55;10.11;0.0;0.0;0;0.0;0;-10.04;0.0;0.0;0.0;2.3
2021;1;191;beauce_5_sa_080;BTH;;10.96;0.0;42.87;17.14;107.34;76.82;20.85;0.09;0.01;0;63.59;0;-138.61;0.05;0.04;0.0;10.96
2021;192;272;beauce_5_sa_080;solnu;;1.63;0.0;35.97;-9.07;0.0;20.85;46.05;0.03;0.03;0;0;0;-217.88;0.01;0.02;0.0;1.63
2021;273;365;beauce_5_sa_080;BTH;;3.55;0.86;15.54;-48.61;0.9;46.44;75.89;0.01;0.0;0;0.53;0;-86.11;0.01;0.0;0.86;3.55
2021;1;206;beauce_5_sa_081;BTH;;5.8;1.19;50.41;31.61;141.96;26.03;50.92;0.2;0.02;0;84.13;0;-178.54;0.15;0.05;1.19;5.8
2021;207;273;beauce_5_sa_081;solnu;;1.58;0.0;30.35;-9.87;0.0;50.92;69.7;0.05;0.06;0;0;0;-187.82;0.04;0.01;0.0;1.58
2021;274;365;beauce_5_sa_081;BTH;;5.8;0.16;15.35;-59.17;1.12;70.07;32.52;0.01;0.0;0;0.66;0;-32.74;0.0;0.0;0.16;5.8
2021;1;178;beauce_5_sa_082;BTH;;4.61;0.0;36.05;2.08;41.71;15.9;8.8;0.02;0.0;0;24.54;0;-104.59;0.0;0.02;0.0;4.61
2021;179;310;beauce_5_sa_082;solnu;;1.15;0.0;51.56;-47.04;0.0;8.8;12.11;0.03;0.03;0;0;0;-280.46;0.01;0.02;0.0;1.15
2021;311;365;beauce_5_sa_082;BTH;;2.09;0.0;6.66;-6.42;0.0;12.11;10.25;0.0;0.0;0;0.0;0;-9.21;0.0;0.0;0.0;2.09
2021;1;222;beauce_5_sa_083;BTH;;6.4;1.59;59.99;37.45;101.5;29.08;138.4;0.3;0.02;0;78.01;0;-367.61;0.24;0.06;1.59;6.4
2021;223;263;beauce_5_sa_083;solnu;;6.13;0.0;19.05;-65.82;0.0;138.4;88.41;0.05;0.11;0;0;0;-132.93;0.05;0.0;0.0;6.13
2021;264;365;beauce_5_sa_083;BTH;;17.14;0.0;19.24;-19.19;0.0;88.43;71.32;0.0;0.0;0;0.0;0;49.84;0.0;0.0;0.0;17.14
2021;1;225;beauce_5_sa_084;BTH;;14.67;1.3;61.68;32.08;188.7;48.96;135.39;0.38;0.02;0;115.41;0;-119.74;0.32;0.06;1.3;14.67
2021;226;275;beauce_5_sa_084;solnu;;8.17;0.0;21.47;-13.39;0.0;135.39;135.14;0.05;0.11;0;0;0;-116.8;0.04;0.01;0.0;8.17
2021;276;365;beauce_5_sa_084;BTH;;17.42;1.27;15.04;-55.3;1.5;135.63;76.58;0.0;0.0;0;0.88;0;39.0;0.0;0.0;1.27;17.42
2021;1;173;beauce_5_sa_085;BTH;;13.15;2.49;34.4;27.47;136.25;82.41;182.74;0.21;0.03;0;97.61;0;-190.89;0.17;0.04;2.49;13.15
2021;174;280;beauce_5_sa_085;solnu;;15.18;0.0;48.83;-98.61;0.0;182.74;118.4;0.13;0.08;0;0;0;-175.33;0.11;0.01;0.0;15.18
2021;281;365;beauce_5_sa_085;BTH;;22.79;0.0;13.98;16.59;15.74;118.51;110.4;0.03;0.01;0;9.26;0;32.64;0.01;0.02;0.0;22.79
2021;1;218;beauce_5_sa_086;BTH;;3.63;0.0;55.57;6.0;48.34;11.71;22.13;0.04;0.0;0;28.45;0;-195.35;0.0;0.04;0.0;3.63
2021;219;282;beauce_5_sa_086;solnu;;0.47;0.0;26.03;-38.1;0.0;22.13;10.19;0.02;0.03;0;0;0;-163.94;0.01;0.01;0.0;0.47
2021;283;365;beauce_5_sa_086;BTH;;1.89;0.0;12.78;-13.46;0.0;10.19;8.31;0.0;0.0;0;0.0;0;-36.29;0.0;0.0;0.0;1.89
2021;1;202;beauce_5_sa_087;BTH;;14.2;0.7;47.93;29.07;143.31;66.88;41.79;0.14;0.02;0;86.38;0;-110.33;0.09;0.05;0.7;14.2
2021;203;295;beauce_5_sa_087;solnu;;2.37;0.0;38.13;-7.08;0.0;41.79;70.37;0.05;0.05;0;0;0;-215.28;0.03;0.02;0.0;2.37
2021;296;365;beauce_5_sa_087;BTH;;6.31;0.85;9.76;-69.44;2.75;70.99;66.83;0.04;0.0;0;1.62;0;-29.75;0.04;0.0;0.85;6.31
2021;1;199;beauce_5_sa_088;BTH;;4.31;0.0;45.68;10.77;56.82;14.03;10.23;0.03;0.0;0;33.44;0;-268.87;0.0;0.03;0.0;4.31
2021;200;286;beauce_5_sa_088;solnu;;0.56;0.0;36.1;-7.14;0.0;10.23;38.58;0.03;0.02;0;0;0;-259.16;0.01;0.02;0.0;0.56
2021;287;365;beauce_5_sa_088;BTH;;1.65;0.0;11.53;-41.16;0.0;38.84;7.33;0.0;0.0;0;0.0;0;-58.25;0.0;0.0;0.0;1.65
2021;1;178;beauce_5_sa_089;BTH;;3.54;0.86;36.35;1.59;105.64;14.4;6.6;0.05;0.0;0;62.16;0;-33.24;0.02;0.02;0.86;3.54
2021;179;280;beauce_5_sa_089;solnu;;0.82;0.0;44.88;-9.11;0.0;6.6;41.53;0.03;0.03;0;0;0;-212.73;0.01;0.02;0.0;0.82
2021;281;365;beauce_5_sa_089;BTH;;2.1;0.0;13.37;-46.21;0.0;41.81;9.28;0.0;0.0;0;0.0;0;-50.23;0.0;0.0;0.0;2.1
2021;1;223;beauce_5_sa_090;BTH;;4.35;0.0;57.62;6.28;46.75;13.94;27.62;0.04;0.0;0;27.51;0;-251.89;0.0;0.04;0.0;4.35
2021;224;284;beauce_5_sa_090;solnu;;0.57;0.0;24.02;-15.48;0.0;27.62;35.53;0.02;0.04;0;0;0;-158.4;0.02;0.01;0.0;0.57
2021;285;365;beauce_5_sa_090;BTH;;2.54;0.0;12.12;-34.26;0.0;35.8;11.25;0.0;0.0;0;0.0;0;-46.23;0.0;0.0;0.0;2.54
2021;1;200;beauce_5_sa_091;BTH;;18.28;1.82;47.18;48.55;137.69;78.92;158.21;0.25;0.03;0;95.49;0;-191.16;0.19;0.06;1.82;18.28
2021;201;281;beauce_5_sa_091;solnu;;8.75;0.0;35.27;-4.88;0.0;158.21;179.66;0.09;0.1;0;0;0;-221.53;0.07;0.02;0.0;8.75
2021;282;365;beauce_5_sa_091;BTH;;21.03;0.38;13.2;-81.63;9.81;180.15;108.98;0.02;0.0;0;5.77;0;11.64;0.02;0.0;0.38;21.03
2021;1;200;beauce_5_sa_092;BTH;;11.74;0.99;47.29;29.49;157.53;62.32;46.38;0.21;0.02;0;95.06;0;-122.94;0.16;0.05;0.99;11.74
2021;201;285;beauce_5_sa_092;solnu;;2.2;0.0;36.51;-8.39;0.0;46.38;72.18;0.05;0.05;0;0;0;-208.04;0.03;0.02;0.0;2.2
2021;286;365;beauce_5_sa_092;BTH;;7.2;0.79;12.13;-68.68;3.51;72.6;65.4;0.05;0.0;0;2.07;0;-18.61;0.04;0.0;0.79;7.2
2021;1;227;beauce_5_sa_093;BTH;;8.84;0.85;60.07;18.89;84.08;28.54;79.73;0.15;0.02;0;49.48;0;-257.33;0.1;0.05;0.85;8.84
2021;228;305;beauce_5_sa_093;solnu;;1.98;0.0;27.05;-10.33;0.0;79.73;94.3;0.07;0.09;0;0;0;-174.76;0.06;0.01;0.0;1.98
2021;306;365;beauce_5_sa_093;BTH;;8.74;0.0;7.8;-53.4;0.0;94.5;39.99;0.01;0.0;0;0.0;0;-16.97;0.01;0.0;0.0;8.74
2021;1;199;beauce_5_sa_094;BTH;;3.45;0.92;47.49;30.21;90.3;17.71;70.6;0.18;0.02;0;59.03;0;-228.82;0.13;0.05;0.92;3.45
2021;200;261;beauce_5_sa_094;solnu;;3.25;0.0;30.15;-72.85;0.0;70.6;24.99;0.01;0.0;0;0;0;-129.71;0.0;0.0;0.0;3.25
2021;262;365;beauce_5_sa_094;BTH;;4.88;0.0;19.77;-9.17;5.38;24.98;25.32;0.01;0.0;0;3.16;0;39.92;0.0;0.01;0.0;4.88
2021;1;204;beauce_5_sa_095;BTH;;7.57;1.0;50.08;34.96;118.03;56.07;91.46;0.26;0.03;0;78.75;0;-270.17;0.21;0.05;1.0;7.57
2021;205;258;beauce_5_sa_095;solnu;;5.43;0.0;27.01;-75.81;0.0;91.46;38.49;0.01;0.0;0;0;0;-116.41;0.01;0.0;0.0;5.43
2021;259;365;beauce_5_sa_095;BTH;;7.59;0.38;21.04;-6.04;8.24;38.46;66.43;0.04;0.0;0;4.85;0;45.76;0.03;0.01;0.38;7.59
2021;1;230;beauce_5_sa_096;BTH;;23.42;1.92;63.67;50.05;161.25;126.49;202.69;0.35;0.03;0;110.04;0;-267.05;0.28;0.07;1.92;23.42
2021;231;281;beauce_5_sa_096;solnu;;13.35;0.0;20.92;-64.91;0.0;202.69;145.39;0.06;0.15;0;0;0;-117.05;0.06;0.0;0.0;13.35
2021;282;365;beauce_5_sa_096;BTH;;27.65;0.83;13.5;-15.49;1.12;145.41;176.57;0.02;0.0;0;0.66;0;64.26;0.02;0.0;0.83;27.65
2021;1;207;beauce_5_sa_097;BTH;;2.81;0.16;50.33;10.34;61.29;9.24;18.61;0.05;0.0;0;36.06;0;-158.99;0.01;0.04;0.16;2.81
2021;208;272;beauce_5_sa_097;solnu;;0.39;0.0;29.61;-40.77;0.0;18.61;9.17;0.02;0.03;0;0;0;-200.48;0.01;0.01;0.0;0.39
2021;273;365;beauce_5_sa_097;BTH;;1.74;0.0;16.13;-16.17;0.0;9.39;7.59;0.0;0.0;0;0.0;0;-13.75;0.0;0.0;0.0;1.74
2021;1;199;beauce_5_sa_098;BTH;;23.06;3.08;47.36;42.52;140.06;116.16;277.98;0.4;0.04;0;121.62;0;-275.31;0.34;0.05;3.08;23.06
2021;200;257;beauce_5_sa_098;solnu;;18.85;0.0;27.86;-9.08;0.0;277.98;277.71;0.09;0.12;0;0;0;-186.38;0.08;0.01;0.0;18.85
2021;258;365;beauce_5_sa_098;BTH;;39.89;0.0;21.29;-78.76;22.72;278.51;157.62;0.0;0.0;0;13.37;0;19.4;0.0;0.0;0.0;39.89
2021;1;228;beauce_5_sa_099;BTH;;5.09;0.0;59.68;0.66;50.34;16.23;22.55;0.04;0.0;0;29.62;0;-212.36;0.0;0.04;0.0;5.09
2021;229;311;beauce_5_sa_099;solnu;;0.89;0.0;27.87;-39.02;0.0;22.55;11.9;0.02;0.03;0;0;0;-181.76;0.01;0.01;0.0;0.89
2021;312;365;beauce_5_sa_099;BTH;;2.06;0.0;6.37;-6.75;0.0;12.08;9.88;0.0;0.0;0;0.0;0;-18.95;0.0;0.0;0.0;2.06
2022;1;224;beauce_5_sa_000;BTH;;3.07;0.91;63.22;7.79;99.86;10.58;46.67;0.14;0.01;0;58.76;0;-81.22;0.09;0.04;0.91;3.07
2022;225;310;beauce_5_sa_000;solnu;;2.75;0.0;29.88;-47.82;0.0;46.67;27.99;0.05;0.05;0;0;0;-164.33;0.04;0.01;0.0;2.75
2022;311;365;beauce_5_sa_000;BTH;;2.0;0.0;6.11;-7.72;0.0;27.87;26.08;0.0;0.0;0;0.0;0;-19.52;0.0;0.0;0.0;2.0
2022;1;195;beauce_5_sa_001;BTH;;20.42;0.0;49.24;20.5;131.07;110.98;29.37;0.1;0.01;0;78.28;0;-38.06;0.06;0.04;0.0;20.42
2022;196;309;beauce_5_sa_001;solnu;;4.16;0.0;42.92;-44.99;0.0;29.37;30.86;0.03;0.02;0;0;0;-286.83;0.02;0.01;0.0;4.16
2022;310;365;beauce_5_sa_001;BTH;;2.31;1.29;6.34;-11.53;1.01;30.71;120.32;0.02;0.0;0;0.59;0;8.29;0.02;0.0;1.29;2.31
2022;1;199;beauce_5_sa_002;BTH;;3.06;0.0;50.71;24.77;54.16;10.06;28.38;0.05;0.0;0;32.76;0;-274.68;0.0;0.05;0.0;3.06
2022;200;263;beauce_5_sa_002;solnu;;1.14;0.0;29.28;-14.12;0.0;28.38;42.3;0.05;0.04;0;0;0;-198.76;0.04;0.01;0.0;1.14
2022;264;365;beauce_5_sa_002;BTH;;2.8;0.0;17.62;-38.65;0.0;42.58;19.53;0.0;0.0;0;0.0;0;-81.98;0.0;0.0;0.0;2.8
2022;1;201;beauce_5_sa_003;BTH;;11.1;0.95;51.72;24.66;97.26;38.44;77.47;0.05;0.0;0;57.23;0;-133.67;0.01;0.05;0.95;11.1
2022;202;314;beauce_5_sa_003;solnu;;5.81;0.0;41.75;-53.31;0.0;77.47;59.89;0.13;0.07;0;0;0;-230.86;0.11;0.02;0.0;5.81
2022;315;365;beauce_5_sa_003;BTH;;4.02;0.0;5.57;-5.83;0.0;59.81;55.78;0.0;0.0;0;0.0;0;-1.06;0.0;0.0;0.0;4.02
2022;1;226;beauce_5_sa_004;BTH;;19.94;1.4;66.15;26.18;94.24;68.75;151.95;0.1;0.0;0;55.45;0;-121.96;0.04;0.06;1.4;19.94
2022;227;309;beauce_5_sa_004;solnu;;10.86;0.0;27.67;-9.95;0.0;151.95;158.57;0.14;0.09;0;0;0;-138.6;0.12;0.01;0.0;10.86
2022;310;365;beauce_5_sa_004;BTH;;7.72;0.0;6.41;-57.42;0.0;158.81;99.86;0.02;0.0;0;0.0;0;-1.32;0.02;0.0;0.0;7.72
2022;1;224;beauce_5_sa_005;BTH;;34.18;2.74;70.05;38.31;141.09;111.43;249.03;0.39;0.06;0;86.28;0;-121.13;0.33;0.07;2.74;34.18
2022;225;260;beauce_5_sa_005;solnu;;21.01;0.0;17.45;-15.16;0.0;249.03;230.14;0.07;0.09;0;0;0;-94.19;0.07;0.0;0.0;21.01
2022;261;365;beauce_5_sa_005;BTH;;23.63;0.0;19.62;-63.24;7.49;230.52;155.94;0.0;0.0;0;4.41;0;43.91;0.0;0.0;0.0;23.63
2022;1;174;beauce_5_sa_006;BTH;;14.99;0.0;39.84;24.89;95.31;68.58;21.85;0.06;0.0;0;56.74;0;-98.15;0.02;0.04;0.0;14.99
2022;175;314;beauce_5_sa_006;solnu;;4.6;0.0;52.14;-45.04;0.0;21.85;30.37;0.05;0.04;0;0;0;-341.7;0.03;0.02;0.0;4.6
2022;315;365;beauce_5_sa_006;BTH;;2.22;0.74;5.49;-13.9;1.22;30.37;73.73;0.03;0.0;0;0.72;0;9.74;0.03;0.0;0.74;2.22
2022;1;200;beauce_5_sa_007;BTH;;7.64;0.96;51.7;28.78;143.57;40.32;42.06;0.16;0.03;0;85.38;0;-73.95;0.11;0.05;0.96;7.64
2022;201;296;beauce_5_sa_007;solnu;;1.58;0.0;39.3;-5.7;0.0;42.06;73.95;0.08;0.05;0;0;0;-204.69;0.06;0.02;0.0;1.58
2022;297;365;beauce_5_sa_007;BTH;;4.22;0.54;8.86;-55.98;1.01;74.25;64.63;0.02;0.0;0;0.59;0;-47.67;0.02;0.0;0.54;4.22
2022;1;190;beauce_5_sa_008;BTH;;23.54;0.9;48.83;39.13;174.78;132.97;90.23;0.17;0.02;0;103.5;0;-91.98;0.11;0.05;0.9;23.54
2022;191;285;beauce_5_sa_008;solnu;;5.03;0.0;40.61;-0.94;0.0;90.23;124.68;0.12;0.07;0;0;0;-214.45;0.09;0.03;0.0;5.03
2022;286;365;beauce_5_sa_008;BTH;;8.56;1.29;11.98;-61.39;2.15;124.96;161.38;0.02;0.0;0;1.27;0;-9.63;0.01;0.0;1.29;8.56
2022;1;184;beauce_5_sa_009;BTH;;3.8;1.18;45.61;25.27;136.57;12.55;31.18;0.1;0.01;0;80.36;0;-100.18;0.06;0.04;1.18;3.8
2022;185;276;beauce_5_sa_009;solnu;;1.13;0.0;40.71;-64.87;0.0;31.18;7.75;0.02;0.0;0;0;0;-187.66;0.01;0.01;0.0;1.13
2022;277;365;beauce_5_sa_009;BTH;;0.92;0.0;15.08;-15.01;0.0;7.58;6.9;0.0;0.0;0;0.0;0;40.06;0.0;0.0;0.0;0.92
2022;1;192;beauce_5_sa_010;BTH;;2.28;0.61;48.5;11.15;100.65;7.87;10.27;0.09;0.02;0;59.23;0;-117.49;0.06;0.04;0.61;2.28
2022;193;292;beauce_5_sa_010;solnu;;0.85;0.0;40.13;-4.34;0.0;10.27;45.13;0.06;0.04;0;0;0;-216.94;0.03;0.02;0.0;0.85
2022;293;365;beauce_5_sa_010;BTH;;1.96;0.0;9.75;-40.25;0.0;45.64;15.95;0.0;0.0;0;0.0;0;-79.26;0.0;0.0;0.0;1.96
2022;1;182;beauce_5_sa_011;BTH;;2.36;0.0;42.84;16.08;60.26;7.81;4.22;0.04;0.0;0;35.46;0;-182.54;0.0;0.04;0.0;2.36
2022;183;296;beauce_5_sa_011;solnu;;0.88;0.0;45.6;-39.71;0.0;4.22;13.22;0.04;0.03;0;0;0;-326.33;0.02;0.02;0.0;0.88
2022;297;365;beauce_5_sa_011;BTH;;1.44;0.0;8.65;-8.97;0.0;13.04;11.62;0.0;0.0;0;0.0;0;-13.23;0.0;0.0;0.0;1.44
2022;1;173;beauce_5_sa_012;BTH;;3.11;0.0;38.91;29.54;62.36;10.25;13.29;0.04;0.0;0;37.58;0;-250.86;0.0;0.04;0.0;3.11
2022;174;263;beauce_5_sa_012;solnu;;1.07;0.0;39.35;-4.5;0.0;13.29;46.95;0.06;0.05;0;0;0;-283.52;0.04;0.02;0.0;1.07
2022;264;365;beauce_5_sa_012;BTH;;3.02;0.0;17.38;-40.49;0.0;47.28;21.22;0.0;0.0;0;0.0;0;-108.43;0.0;0.0;0.0;3.02
2022;1;172;beauce_5_sa_013;BTH;;18.33;1.77;40.45;23.43;130.33;66.84;113.62;0.08;0.01;0;76.69;0;-10.85;0.04;0.04;1.77;18.33
2022;173;288;beauce_5_sa_013;solnu;;5.15;0.0;49.47;-68.44;0.0;113.62;89.4;0.13;0.08;0;0;0;-207.47;0.1;0.03;0.0;5.15
2022;289;365;beauce_5_sa_013;BTH;;9.82;0.0;11.29;-11.49;0.0;89.12;79.38;0.0;0.0;0;0.0;0;45.33;0.0;0.0;0.0;9.82
2022;1;205;beauce_5_sa_014;BTH;;3.68;0.96;56.25;17.03;126.09;10.91;26.6;0.1;0.01;0;74.2;0;-117.2;0.05;0.04;0.96;3.68
2022;206;278;beauce_5_sa_014;solnu;;1.26;0.0;32.19;-57.6;0.0;26.6;7.56;0.02;0.0;0;0;0;-218.0;0.01;0.0;0.0;1.26
2022;279;365;beauce_5_sa_014;BTH;;0.9;0.0;14.32;-14.27;0.0;7.58;6.71;0.0;0.0;0;0.0;0;58.48;0.0;0.0;0.0;0.9
2022;1;226;beauce_5_sa_015;BTH;;7.7;1.71;66.47;26.41;156.9;17.81;74.07;0.19;0.02;0;92.33;0;-148.46;0.13;0.06;1.71;7.7
2022;227;296;beauce_5_sa_015;solnu;;3.64;0.0;25.12;-12.56;0.0;74.07;82.86;0.06;0.06;0;0;0;-127.41;0.05;0.01;0.0;3.64
2022;297;365;beauce_5_sa_015;BTH;;5.32;0.0;8.81;-45.51;0.0;83.14;43.3;0.0;0.0;0;0.0;0;-42.36;0.0;0.0;0.0;5.32
2022;1;191;beauce_5_sa_016;BTH;;2.91;0.21;48.98;21.67;66.12;9.68;27.3;0.05;0.0;0;38.91;0;-200.41;0.01;0.04;0.21;2.91
2022;192;257;beauce_5_sa_016;solnu;;0.79;0.0;31.16;-53.17;0.0;27.3;4.83;0.02;0.0;0;0;0;-192.61;0.01;0.01;0.0;0.79
2022;258;365;beauce_5_sa_016;BTH;;0.64;0.0;19.88;-20.18;0.0;4.83;4.29;0.0;0.0;0;0.0;0;-15.65;0.0;0.0;0.0;0.64
2022;1;206;beauce_5_sa_017;BTH;;6.83;0.0;52.95;36.92;93.62;35.0;24.82;0.06;0.0;0;55.75;0;-302.5;0.01;0.06;0.0;6.83
2022;207;292;beauce_5_sa_017;solnu;;1.88;0.0;33.59;-7.38;0.0;24.82;49.05;0.06;0.04;0;0;0;-236.0;0.04;0.02;0.0;1.88
2022;293;365;beauce_5_sa_017;BTH;;2.51;0.42;9.45;-42.64;0.3;49.55;48.36;0.0;0.0;0;0.17;0;-107.74;0.0;0.0;0.42;2.51
2022;1;220;beauce_5_sa_018;BTH;;27.15;2.14;61.14;64.74;146.07;98.31;211.18;0.14;0.01;0;88.2;0;-199.13;0.07;0.08;2.14;27.15
2022;221;300;beauce_5_sa_018;solnu;;9.53;0.0;30.9;-94.67;0.0;211.18;137.67;0.11;0.1;0;0;0;-156.74;0.1;0.01;0.0;9.53
2022;301;365;beauce_5_sa_018;BTH;;15.14;0.0;8.15;-8.06;0.0;137.66;122.62;0.0;0.0;0;0.0;0;39.4;0.0;0.0;0.0;15.14
2022;1;182;beauce_5_sa_019;BTH;;20.46;2.25;44.14;39.05;170.79;73.83;134.42;0.17;0.03;0;104.65;0;-105.93;0.12;0.05;2.25;20.46
2022;183;282;beauce_5_sa_019;solnu;;7.05;0.0;43.67;7.19;0.0;134.42;178.0;0.15;0.08;0;0;0;-233.16;0.12;0.03;0.0;7.05
2022;283;365;beauce_5_sa_019;BTH;;12.58;0.0;12.97;-71.07;6.0;178.44;101.31;0.0;0.0;0;3.53;0;-7.91;0.0;0.0;0.0;12.58
2022;1;230;beauce_5_sa_020;BTH;;10.86;2.09;68.76;28.11;196.73;27.28;73.1;0.24;0.04;0;115.76;0;-150.92;0.18;0.06;2.09;10.86
2022;231;308;beauce_5_sa_020;solnu;;4.11;0.0;25.2;-11.25;0.0;73.1;82.79;0.08;0.07;0;0;0;-136.56;0.07;0.01;0.0;4.11
2022;309;365;beauce_5_sa_020;BTH;;3.99;0.0;6.53;-35.94;0.0;82.99;51.35;0.01;0.0;0;0.0;0;-38.42;0.0;0.0;0.0;3.99
2022;1;208;beauce_5_sa_021;BTH;;25.8;1.95;54.35;68.12;145.15;91.58;189.3;0.08;0.0;0;86.06;0;-215.08;0.0;0.07;1.95;25.8
2022;209;304;beauce_5_sa_021;solnu;;7.36;0.0;36.16;-0.09;0.0;189.3;217.74;0.18;0.09;0;0;0;-238.25;0.16;0.02;0.0;7.36
2022;305;365;beauce_5_sa_021;BTH;;15.15;0.0;7.34;-77.58;0.0;213.33;132.3;0.05;0.0;0;0.0;0;-10.41;0.05;0.0;0.0;15.15
2022;1;228;beauce_5_sa_022;BTH;;4.33;1.12;67.96;14.78;125.43;13.81;50.85;0.12;0.01;0;73.81;0;-117.52;0.07;0.05;1.12;4.33
2022;229;295;beauce_5_sa_022;solnu;;2.28;0.0;23.09;-47.39;0.0;50.85;28.85;0.04;0.05;0;0;0;-158.63;0.04;0.0;0.0;2.28
2022;296;365;beauce_5_sa_022;BTH;;3.18;0.0;8.92;-12.38;0.0;28.85;25.68;0.0;0.0;0;0.0;0;-21.92;0.0;0.0;0.0;3.18
2022;1;192;beauce_5_sa_023;BTH;;8.0;1.29;50.36;12.63;100.37;27.59;78.79;0.15;0.03;0;59.87;0;-10.6;0.11;0.04;1.29;8.0
2022;193;283;beauce_5_sa_023;solnu;;4.28;0.0;39.29;-5.58;0.0;78.79;108.04;0.12;0.07;0;0;0;-181.64;0.1;0.02;0.0;4.28
2022;284;365;beauce_5_sa_023;BTH;;6.74;0.0;12.83;-58.84;1.5;108.58;54.36;0.0;0.0;0;0.88;0;1.11;0.0;0.0;0.0;6.74
2022;1;224;beauce_5_sa_024;BTH;;4.02;0.0;63.2;21.26;66.02;13.79;28.16;0.06;0.0;0;39.39;0;-229.9;0.01;0.05;0.0;4.02
2022;225;310;beauce_5_sa_024;solnu;;2.08;0.0;29.56;-38.52;0.0;28.16;17.31;0.04;0.03;0;0;0;-177.14;0.03;0.01;0.0;2.08
2022;311;365;beauce_5_sa_024;BTH;;1.29;0.27;6.09;-22.64;1.88;17.23;20.23;0.01;0.0;0;1.11;0;-44.89;0.0;0.0;0.27;1.29
2022;1;191;beauce_5_sa_025;BTH;;19.67;2.11;50.05;29.72;158.81;53.04;112.18;0.13;0.01;0;93.45;0;-11.27;0.09;0.05;2.11;19.67
2022;192;289;beauce_5_sa_025;solnu;;6.27;0.0;41.81;-65.65;0.0;112.18;81.97;0.11;0.08;0;0;0;-161.17;0.09;0.02;0.0;6.27
2022;290;365;beauce_5_sa_025;BTH;;9.02;0.0;11.23;-11.33;0.0;81.86;72.85;0.0;0.0;0;0.0;0;56.75;0.0;0.0;0.0;9.02
2022;1;178;beauce_5_sa_026;BTH;;2.76;0.0;41.13;16.06;58.72;9.63;3.92;0.03;0.0;0;34.55;0;-178.06;0.0;0.03;0.0;2.76
2022;179;285;beauce_5_sa_026;solnu;;0.93;0.0;44.74;-32.76;0.0;3.92;14.93;0.04;0.03;0;0;0;-291.36;0.02;0.02;0.0;0.93
2022;286;365;beauce_5_sa_026;BTH;;1.64;0.0;11.68;-13.44;0.0;14.93;13.29;0.0;0.0;0;0.0;0;-54.59;0.0;0.0;0.0;1.64
2022;1;200;beauce_5_sa_027;BTH;;2.82;0.77;51.66;20.53;111.41;9.84;25.41;0.11;0.01;0;66.15;0;-38.71;0.06;0.04;0.77;2.82
2022;201;305;beauce_5_sa_027;solnu;;1.98;0.0;40.93;-43.05;0.0;25.41;23.05;0.07;0.04;0;0;0;-212.94;0.05;0.02;0.0;1.98
2022;306;365;beauce_5_sa_027;BTH;;1.7;0.22;7.21;-22.19;1.89;23.23;22.78;0.0;0.0;0;1.11;0;-18.47;0.0;0.0;0.22;1.7
2022;1;201;beauce_5_sa_028;BTH;;25.32;2.59;55.6;42.38;124.5;103.53;245.56;0.23;0.02;0;88.88;0;-203.81;0.17;0.06;2.59;25.32
2022;202;269;beauce_5_sa_028;solnu;;20.76;0.0;33.16;-106.95;0.0;245.56;150.85;0.1;0.06;0;0;0;-63.14;0.09;0.01;0.0;20.76
2022;270;365;beauce_5_sa_028;BTH;;16.21;0.0;17.44;26.01;45.05;151.55;132.97;0.06;0.0;0;26.51;0;50.24;0.04;0.03;0.0;16.21
2022;1;190;beauce_5_sa_029;BTH;;17.0;2.07;49.12;27.48;163.57;51.12;101.99;0.1;0.01;0;96.25;0;-4.78;0.05;0.05;2.07;17.0
2022;191;304;beauce_5_sa_029;solnu;;3.86;0.0;44.84;-68.69;0.0;101.99;74.24;0.1;0.08;0;0;0;-115.57;0.08;0.02;0.0;3.86
2022;305;365;beauce_5_sa_029;BTH;;7.94;0.0;7.82;-7.8;0.0;71.67;66.33;0.0;0.0;0;0.0;0;49.01;0.0;0.0;0.0;7.94
2022;1;207;beauce_5_sa_030;BTH;;11.82;1.37;59.22;37.85;128.26;47.88;107.18;0.11;0.01;0;76.89;0;-122.21;0.05;0.06;1.37;11.82
2022;208;264;beauce_5_sa_030;solnu;;5.9;0.0;27.84;-42.62;0.0;107.18;86.29;0.13;0.08;0;0;0;-154.11;0.12;0.01;0.0;5.9
2022;265;365;beauce_5_sa_030;BTH;;9.21;0.17;18.13;-36.95;1.33;78.64;70.97;0.01;0.0;0;0.78;0;22.41;0.0;0.0;0.17;9.21
2022;1;215;beauce_5_sa_031;BTH;;16.27;1.25;58.72;39.54;81.56;50.51;144.16;0.2;0.03;0;48.47;0;-223.9;0.14;0.06;1.25;16.27
2022;216;259;beauce_5_sa_031;solnu;;11.43;0.0;21.68;-12.94;0.0;144.16;141.29;0.1;0.07;0;0;0;-134.3;0.1;0.01;0.0;11.43
2022;260;365;beauce_5_sa_031;BTH;;13.12;0.0;19.38;-55.99;5.76;141.65;85.79;0.0;0.0;0;3.39;0;-33.63;0.0;0.0;0.0;13.12
2022;1;194;beauce_5_sa_032;BTH;;4.62;0.0;51.08;19.33;114.83;6.7;26.15;0.13;0.01;0;67.57;0;-116.74;0.09;0.04;0.0;4.62
2022;195;270;beauce_5_sa_032;solnu;;1.61;0.0;35.17;-57.28;0.0;26.15;9.03;0.01;0.0;0;0;0;-216.62;0.01;0.01;0.0;1.61
2022;271;365;beauce_5_sa_032;BTH;;1.08;0.92;16.41;-16.36;0.0;8.87;8.0;0.0;0.0;0;0.0;0;58.9;0.0;0.0;0.92;1.08
2022;1;223;beauce_5_sa_033;BTH;;5.56;0.0;62.06;26.76;51.09;16.91;48.98;0.07;0.0;0;30.07;0;-356.38;0.02;0.05;0.0;5.56
2022;224;257;beauce_5_sa_033;solnu;;1.7;0.0;15.78;-16.76;0.0;48.98;46.21;0.04;0.05;0;0;0;-113.52;0.03;0.0;0.0;1.7
2022;258;365;beauce_5_sa_033;BTH;;3.67;0.0;19.49;-39.22;0.0;46.38;24.33;0.0;0.0;0;0.0;0;-90.38;0.0;0.0;0.0;3.67
2022;1;173;beauce_5_sa_034;BTH;;5.13;0.0;39.24;23.97;67.05;17.57;8.5;0.04;0.0;0;39.46;0;-206.55;0.0;0.04;0.0;5.13
2022;174;316;beauce_5_sa_034;solnu;;2.43;0.0;52.17;-38.3;0.0;8.5;20.83;0.07;0.04;0;0;0;-370.19;0.04;0.03;0.0;2.43
2022;317;365;beauce_5_sa_034;BTH;;1.4;0.0;5.11;-6.14;0.0;21.0;19.45;0.0;0.0;0;0.0;0;-31.98;0.0;0.0;0.0;1.4
2022;1;224;beauce_5_sa_035;BTH;;10.33;1.54;66.64;23.79;144.26;33.58;84.68;0.16;0.01;0;84.89;0;-103.65;0.1;0.06;1.54;10.33
2022;225;284;beauce_5_sa_035;solnu;;5.03;0.0;24.18;-14.33;0.0;84.68;89.38;0.07;0.07;0;0;0;-123.56;0.06;0.01;0.0;5.03
2022;285;365;beauce_5_sa_035;BTH;;6.1;0.0;12.28;-49.02;0.0;89.81;49.32;0.0;0.0;0;0.0;0;-32.12;0.0;0.0;0.0;6.1
2022;1;197;beauce_5_sa_036;BTH;;1.52;0.0;49.86;11.62;56.96;5.2;8.16;0.04;0.0;0;33.52;0;-190.82;0.0;0.04;0.0;1.52
2022;198;297;beauce_5_sa_036;solnu;;0.62;0.0;39.27;-38.44;0.0;8.16;10.94;0.03;0.03;0;0;0;-264.59;0.02;0.01;0.0;0.62
2022;298;365;beauce_5_sa_036;BTH;;1.21;0.0;8.45;-8.82;0.0;10.94;9.76;0.0;0.0;0;0.0;0;-19.81;0.0;0.0;0.0;1.21
2022;1;208;beauce_5_sa_037;BTH;;2.37;1.56;55.96;14.03;165.97;7.7;26.15;0.15;0.03;0;97.66;0;-36.88;0.1;0.04;1.56;2.37
2022;209;298;beauce_5_sa_037;solnu;;0.72;0.0;36.59;-47.34;0.0;26.15;21.06;0.05;0.04;0;0;0;-207.79;0.04;0.01;0.0;0.72
2022;299;365;beauce_5_sa_037;BTH;;2.32;0.0;8.56;-8.58;0.0;21.06;18.82;0.0;0.0;0;0.0;0;41.75;0.0;0.0;0.0;2.32
2022;1;196;beauce_5_sa_038;BTH;;10.47;1.04;50.8;32.54;95.73;36.2;91.25;0.05;0.0;0;56.33;0;-114.02;0.0;0.05;1.04;10.47
2022;197;294;beauce_5_sa_038;solnu;;4.31;0.0;40.41;-64.54;0.0;91.25;62.62;0.11;0.07;0;0;0;-194.11;0.09;0.02;0.0;4.31
2022;295;365;beauce_5_sa_038;BTH;;6.89;0.0;9.35;-9.41;0.0;62.53;55.68;0.0;0.0;0;0.0;0;22.71;0.0;0.0;0.0;6.89
2022;1;192;beauce_5_sa_039;BTH;;2.58;0.79;49.3;17.63;96.04;8.87;36.27;0.11;0.01;0;56.51;0;-102.47;0.07;0.04;0.79;2.58
2022;193;282;beauce_5_sa_039;solnu;;0.87;0.0;37.99;-70.22;0.0;36.27;4.82;0.02;0.0;0;0;0;-154.38;0.01;0.01;0.0;0.87
2022;283;365;beauce_5_sa_039;BTH;;0.53;0.0;12.93;-12.77;0.0;4.96;4.46;0.0;0.0;0;0.0;0;41.21;0.0;0.0;0.0;0.53
2022;1;173;beauce_5_sa_040;BTH;;26.46;1.82;39.82;36.38;111.77;93.95;168.41;0.08;0.0;0;71.07;0;-112.9;0.03;0.05;1.82;26.46
2022;174;273;beauce_5_sa_040;solnu;;7.47;0.0;43.28;4.82;0.0;168.41;208.8;0.15;0.09;0;0;0;-246.01;0.12;0.03;0.0;7.47
2022;274;365;beauce_5_sa_040;BTH;;15.13;0.0;15.68;-87.55;12.01;209.07;109.77;0.01;0.0;0;7.06;0;-9.21;0.01;0.0;0.0;15.13
2022;1;192;beauce_5_sa_041;BTH;;15.03;2.46;49.89;21.67;212.11;31.2;59.9;0.22;0.04;0;124.81;0;40.99;0.17;0.04;2.46;15.03
2022;193;304;beauce_5_sa_041;solnu;;0.23;0.0;43.67;-44.65;0.0;59.9;58.84;0.06;0.05;0;0;0;-124.67;0.05;0.02;0.0;0.23
2022;305;365;beauce_5_sa_041;BTH;;6.29;0.0;7.87;-7.85;0.0;56.75;52.57;0.0;0.0;0;0.0;0;45.7;0.0;0.0;0.0;6.29
2022;1;189;beauce_5_sa_042;BTH;;5.35;0.0;45.66;20.12;70.31;18.41;7.15;0.04;0.0;0;41.37;0;-295.65;0.0;0.04;0.0;5.35
2022;190;312;beauce_5_sa_042;solnu;;1.95;0.0;43.63;-1.81;0.0;7.15;47.03;0.08;0.03;0;0;0;-315.26;0.05;0.03;0.0;1.95
2022;313;365;beauce_5_sa_042;BTH;;1.5;0.0;5.52;-32.74;0.0;47.22;20.85;0.0;0.0;0;0.0;0;-68.95;0.0;0.0;0.0;1.5
2022;1;229;beauce_5_sa_043;BTH;;3.26;0.0;67.05;9.89;52.33;11.16;32.45;0.06;0.0;0;30.79;0;-296.51;0.01;0.05;0.0;3.26
2022;230;306;beauce_5_sa_043;solnu;;1.94;0.0;23.9;-38.46;0.0;32.45;16.49;0.03;0.03;0;0;0;-150.47;0.03;0.01;0.0;1.94
2022;307;365;beauce_5_sa_043;BTH;;1.19;0.0;6.76;-7.94;0.0;16.49;15.35;0.0;0.0;0;0.0;0;-39.29;0.0;0.0;0.0;1.19
2022;1;216;beauce_5_sa_044;BTH;;2.37;0.0;57.46;11.29;55.34;8.05;19.08;0.05;0.0;0;32.56;0;-247.32;0.01;0.04;0.0;2.37
2022;217;300;beauce_5_sa_044;solnu;;0.73;0.0;32.18;-13.15;0.0;19.08;35.59;0.04;0.03;0;0;0;-203.94;0.03;0.01;0.0;0.73
2022;301;365;beauce_5_sa_044;BTH;;1.51;0.0;7.91;-30.59;0.0;35.74;12.74;0.01;0.0;0;0.0;0;-50.12;0.01;0.0;0.0;1.51
2022;1;202;beauce_5_sa_045;BTH;;20.44;2.21;54.61;35.33;164.17;52.01;122.53;0.19;0.02;0;96.6;0;-47.21;0.13;0.05;2.21;20.44
2022;203;289;beauce_5_sa_045;solnu;;7.63;0.0;37.75;-63.19;0.0;122.53;89.37;0.11;0.07;0;0;0;-156.55;0.1;0.02;0.0;7.63
2022;290;365;beauce_5_sa_045;BTH;;9.84;0.0;11.17;-11.18;0.0;89.38;79.52;0.0;0.0;0;0.0;0;49.52;0.0;0.0;0.0;9.84
2022;1;188;beauce_5_sa_046;BTH;;2.98;0.0;46.88;22.22;52.14;10.31;24.18;0.04;0.0;0;30.68;0;-232.74;0.0;0.04;0.0;2.98
2022;189;256;beauce_5_sa_046;solnu;;0.61;0.0;31.39;-51.05;0.0;24.18;3.93;0.02;0.0;0;0;0;-206.26;0.01;0.01;0.0;0.61
2022;257;365;beauce_5_sa_046;BTH;;0.52;0.0;20.19;-18.46;0.3;3.93;4.88;0.0;0.0;0;0.17;0;-31.0;0.0;0.0;0.0;0.52
2022;1;219;beauce_5_sa_047;BTH;;19.88;2.46;66.49;49.75;164.34;72.1;187.77;0.27;0.03;0;102.0;0;-139.19;0.2;0.07;2.46;19.88
2022;220;274;beauce_5_sa_047;solnu;;10.29;0.0;24.23;-10.64;0.0;187.77;190.89;0.09;0.09;0;0;0;-130.82;0.08;0.01;0.0;10.29
2022;275;365;beauce_5_sa_047;BTH;;15.3;0.0;15.85;-76.0;4.5;191.23;110.94;0.01;0.0;0;2.65;0;37.83;0.01;0.0;0.0;15.3
2022;1;222;beauce_5_sa_048;BTH;;4.39;0.75;62.48;23.96;99.76;15.09;53.13;0.16;0.03;0;58.7;0;-248.17;0.11;0.05;0.75;4.39
2022;223;290;beauce_5_sa_048;solnu;;2.77;0.0;26.0;-11.48;0.0;53.13;64.77;0.06;0.05;0;0;0;-157.38;0.05;0.01;0.0;2.77
2022;291;365;beauce_5_sa_048;BTH;;3.83;0.0;10.27;-43.21;0.0;65.35;31.07;0.0;0.0;0;0.0;0;-76.97;0.0;0.0;0.0;3.83
2022;1;226;beauce_5_sa_049;BTH;;13.85;1.97;67.21;23.94;137.01;49.35;136.65;0.23;0.03;0;80.62;0;-75.37;0.17;0.06;1.97;13.85
2022;227;311;beauce_5_sa_049;solnu;;8.32;0.0;29.11;-70.67;0.0;136.65;88.26;0.07;0.09;0;0;0;-86.48;0.06;0.0;0.0;8.32
2022;312;365;beauce_5_sa_049;BTH;;5.93;0.0;6.08;-6.16;0.0;88.09;82.24;0.0;0.0;0;0.0;0;34.55;0.0;0.0;0.0;5.93
2022;1;184;beauce_5_sa_050;BTH;;2.6;0.0;44.36;20.46;51.4;8.45;19.22;0.04;0.0;0;31.13;0;-217.16;0.0;0.04;0.0;2.6
2022;185;261;beauce_5_sa_050;solnu;;0.95;0.0;34.77;-12.37;0.0;19.22;40.58;0.05;0.04;0;0;0;-231.79;0.04;0.02;0.0;0.95
2022;262;365;beauce_5_sa_050;BTH;;2.71;0.0;18.54;-38.13;0.0;40.92;18.54;0.0;0.0;0;0.0;0;-77.69;0.0;0.0;0.0;2.71
2022;1;227;beauce_5_sa_051;BTH;;6.95;0.55;66.6;15.83;92.17;12.9;37.41;0.09;0.0;0;54.24;0;-186.84;0.04;0.05;0.55;6.95
2022;228;291;beauce_5_sa_051;solnu;;1.98;0.0;21.83;-44.41;0.0;37.41;19.69;0.02;0.03;0;0;0;-216.42;0.02;0.0;0.0;1.98
2022;292;365;beauce_5_sa_051;BTH;;2.17;0.0;9.89;-10.68;0.0;19.69;17.58;0.0;0.0;0;0.0;0;5.61;0.0;0.0;0.0;2.17
2022;1;175;beauce_5_sa_052;BTH;;3.68;0.0;39.47;23.45;65.53;12.57;5.47;0.04;0.0;0;41.7;0;-242.28;0.0;0.04;0.0;3.68
2022;176;283;beauce_5_sa_052;solnu;;1.23;0.0;44.15;-3.75;0.0;5.47;44.63;0.06;0.04;0;0;0;-315.65;0.04;0.03;0.0;1.23
2022;284;365;beauce_5_sa_052;BTH;;2.22;0.0;12.13;-37.77;0.0;45.15;18.01;0.0;0.0;0;0.0;0;-90.55;0.0;0.0;0.0;2.22
2022;1;226;beauce_5_sa_053;BTH;;2.93;0.14;64.48;12.14;65.47;9.97;28.69;0.05;0.0;0;38.52;0;-257.74;0.01;0.05;0.14;2.93
2022;227;302;beauce_5_sa_053;solnu;;1.13;0.0;25.36;-40.06;0.0;28.69;15.76;0.03;0.03;0;0;0;-180.9;0.02;0.0;0.0;1.13
2022;303;365;beauce_5_sa_053;BTH;;1.73;0.0;7.6;-8.8;0.0;15.7;14.07;0.0;0.0;0;0.0;0;-30.27;0.0;0.0;0.0;1.73
2022;1;176;beauce_5_sa_054;BTH;;15.75;1.75;41.48;28.16;136.65;58.37;106.36;0.09;0.01;0;83.94;0;-61.44;0.05;0.04;1.75;15.75
2022;177;275;beauce_5_sa_054;solnu;;5.05;0.0;44.08;2.98;0.0;106.36;148.16;0.13;0.08;0;0;0;-225.28;0.1;0.03;0.0;5.05
2022;276;365;beauce_5_sa_054;BTH;;10.52;0.0;15.57;-73.71;3.0;148.63;76.49;0.01;0.0;0;1.77;0;6.8;0.01;0.0;0.0;10.52
2022;1;182;beauce_5_sa_055;BTH;;2.83;0.0;42.72;25.03;56.66;9.28;17.64;0.04;0.0;0;33.34;0;-237.19;0.0;0.04;0.0;2.83
2022;183;262;beauce_5_sa_055;solnu;;1.01;0.0;35.91;-9.28;0.0;17.64;43.16;0.06;0.04;0;0;0;-249.66;0.04;0.02;0.0;1.01
2022;263;365;beauce_5_sa_055;BTH;;2.84;0.0;18.08;-39.83;0.0;43.85;19.63;0.0;0.0;0;0.0;0;-96.42;0.0;0.0;0.0;2.84
2022;1;210;beauce_5_sa_056;BTH;;2.41;0.0;55.53;19.71;53.21;8.53;28.04;0.05;0.0;0;31.31;0;-267.77;0.0;0.05;0.0;2.41
2022;211;268;beauce_5_sa_056;solnu;;0.71;0.0;26.16;-50.85;0.0;28.04;4.17;0.01;0.0;0;0;0;-157.16;0.01;0.0;0.0;0.71
2022;269;365;beauce_5_sa_056;BTH;;0.51;0.0;16.64;-15.45;0.0;4.19;4.85;0.0;0.0;0;0.0;0;-10.23;0.0;0.0;0.0;0.51
2022;1;171;beauce_5_sa_057;BTH;;17.02;1.0;39.21;22.02;82.84;59.34;94.73;0.04;0.0;0;48.74;0;-80.65;0.01;0.04;1.0;17.02
2022;172;289;beauce_5_sa_057;solnu;;5.43;0.0;48.61;-56.97;0.0;94.73;80.86;0.13;0.08;0;0;0;-262.52;0.1;0.03;0.0;5.43
2022;290;365;beauce_5_sa_057;BTH;;8.56;0.0;10.87;-14.01;0.0;79.0;69.16;0.0;0.0;0;0.0;0;13.46;0.0;0.0;0.0;8.56
2022;1;190;beauce_5_sa_058;BTH;;8.85;0.61;47.9;24.26;119.17;43.73;33.8;0.1;0.01;0;71.54;0;-88.95;0.06;0.04;0.61;8.85
2022;191;289;beauce_5_sa_058;solnu;;1.83;0.0;40.67;-62.85;0.0;33.8;11.69;0.02;0.01;0;0;0;-192.05;0.01;0.01;0.0;1.83
2022;290;365;beauce_5_sa_058;BTH;;1.33;0.47;10.8;-12.21;1.33;11.73;42.45;0.01;0.0;0;0.78;0;36.52;0.01;0.0;0.47;1.33
2022;1;210;beauce_5_sa_059;BTH;;21.05;2.3;61.28;38.74;135.92;78.87;193.88;0.2;0.04;0;82.63;0;-85.64;0.14;0.06;2.3;21.05
2022;211;266;beauce_5_sa_059;solnu;;11.31;0.0;27.09;-10.89;0.0;193.88;198.51;0.17;0.09;0;0;0;-141.25;0.16;0.01;0.0;11.31
2022;267;365;beauce_5_sa_059;BTH;;15.83;0.0;17.68;-81.22;7.69;198.77;111.44;0.0;0.0;0;4.52;0;50.82;0.0;0.0;0.0;15.83
2022;1;207;beauce_5_sa_060;BTH;;17.1;1.35;56.17;25.96;89.12;59.21;136.01;0.06;0.0;0;55.66;0;-92.64;0.01;0.05;1.35;17.1
2022;208;286;beauce_5_sa_060;solnu;;7.16;0.0;33.43;-7.75;0.0;136.01;154.3;0.15;0.08;0;0;0;-174.49;0.13;0.02;0.0;7.16
2022;287;365;beauce_5_sa_060;BTH;;10.07;0.0;11.84;-65.89;9.0;154.67;81.17;0.0;0.0;0;5.3;0;7.65;0.0;0.0;0.0;10.07
2022;1;203;beauce_5_sa_061;BTH;;6.63;0.98;52.17;32.03;103.86;22.95;69.85;0.13;0.01;0;61.11;0;-221.05;0.08;0.05;0.98;6.63
2022;204;298;beauce_5_sa_061;solnu;;2.74;0.0;37.11;0.44;0.0;69.85;104.48;0.12;0.07;0;0;0;-231.49;0.09;0.02;0.0;2.74
2022;299;365;beauce_5_sa_061;BTH;;6.19;0.0;8.26;-55.14;0.0;104.77;51.6;0.02;0.0;0;0.0;0;-31.69;0.02;0.0;0.0;6.19
2022;1;213;beauce_5_sa_062;BTH;;14.96;1.07;57.36;44.73;95.04;51.75;123.92;0.07;0.0;0;59.28;0;-285.32;0.01;0.06;1.07;14.96
2022;214;281;beauce_5_sa_062;solnu;;6.99;0.0;28.6;-7.71;0.0;123.92;137.6;0.14;0.08;0;0;0;-184.75;0.13;0.01;0.0;6.99
2022;282;365;beauce_5_sa_062;BTH;;9.21;0.0;13.02;-62.71;4.5;138.23;74.2;0.0;0.0;0;2.65;0;-34.0;0.0;0.0;0.0;9.21
2022;1;218;beauce_5_sa_063;BTH;;8.57;0.79;60.41;19.3;76.57;27.5;81.08;0.13;0.01;0;46.64;0;-140.38;0.08;0.05;0.79;8.57
2022;219;281;beauce_5_sa_063;solnu;;3.84;0.0;26.57;-13.43;0.0;81.08;90.24;0.07;0.06;0;0;0;-146.07;0.06;0.01;0.0;3.84
2022;282;365;beauce_5_sa_063;BTH;;5.74;0.0;13.35;-51.03;1.5;90.81;46.2;0.0;0.0;0;0.88;0;-13.89;0.0;0.0;0.0;5.74
2022;1;225;beauce_5_sa_064;BTH;;5.29;0.0;64.63;20.23;46.23;16.07;49.31;0.07;0.0;0;27.21;0;-326.8;0.02;0.05;0.0;5.29
2022;226;257;beauce_5_sa_064;solnu;;1.16;0.0;13.74;-53.91;0.0;49.31;7.98;0.0;0.0;0;0;0;-108.92;0.0;0.0;0.0;1.16
2022;258;365;beauce_5_sa_064;BTH;;1.05;0.0;19.73;-19.15;0.0;8.0;7.51;0.0;0.0;0;0.0;0;-8.36;0.0;0.0;0.0;1.05
2022;1;189;beauce_5_sa_065;BTH;;17.09;1.16;47.77;35.74;82.28;54.5;125.2;0.13;0.01;0;51.01;0;-165.76;0.08;0.05;1.16;17.09
2022;190;259;beauce_5_sa_065;solnu;;8.4;0.0;32.56;-7.83;0.0;125.2;141.35;0.11;0.08;0;0;0;-195.59;0.09;0.02;0.0;8.4
2022;260;365;beauce_5_sa_065;BTH;;12.14;0.0;19.47;-61.73;7.69;141.76;79.27;0.0;0.0;0;4.53;0;-28.39;0.0;0.0;0.0;12.14
2022;1;173;beauce_5_sa_066;BTH;;7.71;1.11;40.02;22.54;99.15;26.03;64.95;0.16;0.03;0;59.23;0;-104.64;0.12;0.04;1.11;7.71
2022;174;272;beauce_5_sa_066;solnu;;4.41;0.0;43.24;1.57;0.0;64.95;105.17;0.1;0.07;0;0;0;-242.81;0.07;0.03;0.0;4.41
2022;273;365;beauce_5_sa_066;BTH;;7.53;0.0;15.96;-59.35;0.0;105.6;54.64;0.0;0.0;0;0.0;0;-38.43;0.0;0.0;0.0;7.53
2022;1;203;beauce_5_sa_067;BTH;;22.86;0.96;55.36;43.87;186.48;135.09;97.12;0.16;0.02;0;110.39;0;-106.14;0.1;0.06;0.96;22.86
2022;204;285;beauce_5_sa_067;solnu;;5.59;0.0;35.79;-4.54;0.0;97.12;122.58;0.13;0.07;0;0;0;-207.86;0.11;0.02;0.0;5.59
2022;286;365;beauce_5_sa_067;BTH;;8.7;1.3;11.96;-59.56;0.65;122.86;163.56;0.02;0.0;0;0.38;0;-5.13;0.01;0.0;1.3;8.7
2022;1;173;beauce_5_sa_068;BTH;;4.02;0.0;39.08;19.99;61.8;13.79;6.09;0.04;0.0;0;39.77;0;-218.03;0.0;0.04;0.0;4.02
2022;174;289;beauce_5_sa_068;solnu;;1.29;0.0;46.57;-4.69;0.0;6.09;46.66;0.06;0.04;0;0;0;-326.08;0.04;0.03;0.0;1.29
2022;290;365;beauce_5_sa_068;BTH;;2.23;0.0;10.48;-38.38;0.0;46.94;18.06;0.0;0.0;0;0.0;0;-71.09;0.0;0.0;0.0;2.23
2022;1;211;beauce_5_sa_069;BTH;;13.79;1.06;60.74;35.58;112.12;69.36;119.18;0.19;0.02;0;67.59;0;-164.88;0.13;0.06;1.06;13.79
2022;212;264;beauce_5_sa_069;solnu;;8.05;0.0;26.33;-95.97;0.0;119.18;41.44;0.05;0.0;0;0;0;-68.66;0.05;0.0;0.0;8.05
2022;265;365;beauce_5_sa_069;BTH;;5.23;0.46;18.47;-5.48;5.98;41.44;77.43;0.03;0.0;0;3.52;0;77.14;0.02;0.01;0.46;5.23
2022;1;178;beauce_5_sa_070;BTH;;5.08;0.36;41.17;20.09;111.56;37.09;7.76;0.06;0.0;0;65.86;0;-116.48;0.02;0.04;0.36;5.08
2022;179;286;beauce_5_sa_070;solnu;;1.31;0.0;45.17;-3.51;0.0;7.76;48.09;0.06;0.04;0;0;0;-264.37;0.04;0.03;0.0;1.31
2022;287;365;beauce_5_sa_070;BTH;;2.46;0.34;11.51;-41.1;0.0;48.46;19.87;0.0;0.0;0;0.0;0;-93.2;0.0;0.0;0.34;2.46
2022;1;184;beauce_5_sa_071;BTH;;17.02;1.25;44.97;25.17;96.7;59.5;108.19;0.05;0.0;0;56.9;0;-75.57;0.01;0.04;1.25;17.02
2022;185;316;beauce_5_sa_071;solnu;;7.91;0.0;48.57;-71.3;0.0;108.19;77.57;0.13;0.08;0;0;0;-218.35;0.1;0.02;0.0;7.91
2022;317;365;beauce_5_sa_071;BTH;;5.22;0.0;5.31;-5.25;0.0;77.58;72.42;0.0;0.0;0;0.0;0;18.17;0.0;0.0;0.0;5.22
2022;1;231;beauce_5_sa_072;BTH;;16.33;1.82;75.57;25.06;132.52;56.67;144.47;0.27;0.04;0;77.98;0;-158.38;0.21;0.06;1.82;16.33
2022;232;276;beauce_5_sa_072;solnu;;9.5;0.0;16.09;-59.67;0.0;144.47;93.65;0.05;0.09;0;0;0;-92.51;0.05;0.0;0.0;9.5
2022;277;365;beauce_5_sa_072;BTH;;11.99;0.0;15.22;-15.2;0.0;93.96;81.8;0.0;0.0;0;0.0;0;46.74;0.0;0.0;0.0;11.99
2022;1;215;beauce_5_sa_073;BTH;;1.98;0.0;56.86;9.86;54.09;6.8;17.42;0.04;0.0;0;31.83;0;-225.27;0.0;0.04;0.0;1.98
2022;216;310;beauce_5_sa_073;solnu;;1.39;0.0;34.51;-39.26;0.0;17.42;12.26;0.04;0.03;0;0;0;-223.77;0.03;0.01;0.0;1.39
2022;311;365;beauce_5_sa_073;BTH;;0.88;0.0;6.01;-6.99;0.0;12.21;11.43;0.0;0.0;0;0.0;0;-24.68;0.0;0.0;0.0;0.88
2022;1;192;beauce_5_sa_074;BTH;;3.06;0.78;49.64;10.15;85.73;10.01;39.26;0.12;0.02;0;50.45;0;-49.28;0.09;0.04;0.78;3.06
2022;193;275;beauce_5_sa_074;solnu;;1.69;0.0;35.71;-9.98;0.0;39.26;63.17;0.08;0.05;0;0;0;-176.49;0.06;0.02;0.0;1.69
2022;276;365;beauce_5_sa_074;BTH;;3.94;0.0;15.36;-47.64;0.0;63.59;28.75;0.01;0.0;0;0.0;0;-30.82;0.0;0.0;0.0;3.94
2022;1;226;beauce_5_sa_075;BTH;;11.96;0.78;67.21;31.22;72.33;38.6;111.29;0.1;0.0;0;42.56;0;-245.47;0.04;0.06;0.78;11.96
2022;227;275;beauce_5_sa_075;solnu;;4.42;0.0;18.56;-60.2;0.0;111.29;65.13;0.06;0.08;0;0;0;-92.75;0.06;0.0;0.0;4.42
2022;276;365;beauce_5_sa_075;BTH;;8.11;0.0;15.42;-15.42;0.0;65.12;57.03;0.0;0.0;0;0.0;0;13.93;0.0;0.0;0.0;8.11
2022;1;227;beauce_5_sa_076;BTH;;3.46;0.74;67.58;8.75;104.64;11.94;35.28;0.13;0.03;0;61.58;0;-112.78;0.08;0.05;0.74;3.46
2022;228;298;beauce_5_sa_076;solnu;;1.26;0.0;24.03;-41.36;0.0;35.28;20.38;0.03;0.04;0;0;0;-173.92;0.02;0.0;0.0;1.26
2022;299;365;beauce_5_sa_076;BTH;;2.25;0.0;8.34;-12.29;0.0;20.38;18.15;0.0;0.0;0;0.0;0;-36.83;0.0;0.0;0.0;2.25
2022;1;211;beauce_5_sa_077;BTH;;2.11;0.0;55.67;17.9;53.76;7.3;24.95;0.04;0.0;0;31.63;0;-250.95;0.0;0.04;0.0;2.11
2022;212;277;beauce_5_sa_077;solnu;;0.92;0.0;27.95;-38.35;0.0;24.95;16.5;0.04;0.03;0;0;0;-208.01;0.03;0.01;0.0;0.92
2022;278;365;beauce_5_sa_077;BTH;;2.12;0.0;14.41;-14.68;0.0;16.32;14.48;0.0;0.0;0;0.0;0;-30.57;0.0;0.0;0.0;2.12
2022;1;185;beauce_5_sa_078;BTH;;27.32;2.27;46.43;24.94;110.8;96.08;199.5;0.15;0.02;0;69.29;0;15.78;0.1;0.04;2.27;27.32
2022;186;286;beauce_5_sa_078;solnu;;13.19;0.0;42.97;0.87;0.0;199.5;229.89;0.16;0.09;0;0;0;-194.39;0.13;0.03;0.0;13.19
2022;287;365;beauce_5_sa_078;BTH;;16.86;0.0;11.97;-76.44;12.8;230.29;135.76;0.0;0.0;0;7.53;0;20.63;0.0;0.0;0.0;16.86
2022;1;175;beauce_5_sa_079;BTH;;3.11;0.41;40.31;10.14;82.32;10.11;4.49;0.04;0.0;0;48.44;0;-82.2;0.01;0.03;0.41;3.11
2022;176;284;beauce_5_sa_079;solnu;;1.09;0.0;45.94;-34.9;0.0;4.49;16.42;0.05;0.04;0;0;0;-271.08;0.02;0.02;0.0;1.09
2022;285;365;beauce_5_sa_079;BTH;;1.81;0.0;12.16;-14.39;0.0;16.42;14.7;0.0;0.0;0;0.0;0;-40.71;0.0;0.0;0.0;1.81
2022;1;191;beauce_5_sa_080;BTH;;6.93;0.0;48.96;27.48;116.92;75.56;28.36;0.12;0.01;0;69.33;0;-155.94;0.07;0.05;0.0;6.93
2022;192;272;beauce_5_sa_080;solnu;;2.23;0.0;35.54;-9.1;0.0;28.36;52.47;0.06;0.04;0;0;0;-212.68;0.04;0.02;0.0;2.23
2022;273;365;beauce_5_sa_080;BTH;;3.53;0.86;15.68;-43.93;0.0;52.86;25.68;0.0;0.0;0;0.0;0;-104.5;0.0;0.0;0.86;3.53
2022;1;206;beauce_5_sa_081;BTH;;8.37;1.19;56.72;40.3;115.48;32.23;94.33;0.15;0.03;0;68.61;0;-166.2;0.09;0.06;1.19;8.37
2022;207;273;beauce_5_sa_081;solnu;;4.53;0.0;29.53;-10.66;0.0;94.33;108.47;0.12;0.07;0;0;0;-177.98;0.11;0.01;0.0;4.53
2022;274;365;beauce_5_sa_081;BTH;;7.73;0.16;15.65;-62.51;0.65;108.71;65.48;0.01;0.0;0;0.38;0;-16.5;0.01;0.0;0.16;7.73
2022;1;178;beauce_5_sa_082;BTH;;2.97;0.0;40.98;15.67;58.75;10.1;5.14;0.03;0.0;0;34.57;0;-173.65;0.0;0.03;0.0;2.97
2022;179;310;beauce_5_sa_082;solnu;;1.66;0.0;49.95;-41.82;0.0;5.14;14.58;0.04;0.03;0;0;0;-335.63;0.02;0.02;0.0;1.66
2022;311;365;beauce_5_sa_082;BTH;;1.04;0.0;6.04;-6.1;0.0;14.54;13.48;0.0;0.0;0;0.0;0;-5.37;0.0;0.0;0.0;1.04
2022;1;222;beauce_5_sa_083;BTH;;23.47;1.59;64.3;36.13;94.25;71.32;172.92;0.21;0.02;0;55.46;0;-196.63;0.15;0.06;1.59;23.47
2022;223;263;beauce_5_sa_083;solnu;;9.41;0.0;19.42;-103.13;0.0;172.92;79.71;0.03;0.05;0;0;0;-65.85;0.03;0.0;0.0;9.41
2022;264;365;beauce_5_sa_083;BTH;;9.46;0.0;18.32;18.52;30.67;79.68;76.39;0.03;0.0;0;18.05;0;48.12;0.01;0.02;0.0;9.46
2022;1;225;beauce_5_sa_084;BTH;;26.25;1.3;72.57;34.64;171.37;76.51;178.9;0.35;0.04;0;101.73;0;-76.39;0.29;0.07;1.3;26.25
2022;226;275;beauce_5_sa_084;solnu;;13.78;0.0;19.66;-15.06;0.0;178.9;169.55;0.07;0.09;0;0;0;-126.42;0.06;0.01;0.0;13.78
2022;276;365;beauce_5_sa_084;BTH;;15.33;1.27;15.69;-59.17;0.0;169.9;111.68;0.01;0.0;0;0.0;0;31.68;0.01;0.0;1.27;15.33
2022;1;173;beauce_5_sa_085;BTH;;28.4;2.49;40.92;39.66;144.39;110.58;203.42;0.15;0.03;0;94.22;0;-137.82;0.11;0.05;2.49;28.4
2022;174;280;beauce_5_sa_085;solnu;;8.24;0.0;46.82;-94.07;0.0;203.42;148.47;0.13;0.09;0;0;0;-159.63;0.1;0.02;0.0;8.24
2022;281;365;beauce_5_sa_085;BTH;;12.03;0.0;14.1;24.17;29.99;149.37;144.61;0.11;0.0;0;17.65;0;22.17;0.08;0.02;0.0;12.03
2022;1;218;beauce_5_sa_086;BTH;;2.57;0.0;59.0;13.65;49.94;8.31;28.39;0.06;0.0;0;29.39;0;-253.91;0.01;0.04;0.0;2.57
2022;219;282;beauce_5_sa_086;solnu;;1.23;0.0;26.44;-37.51;0.0;28.39;16.95;0.03;0.03;0;0;0;-174.71;0.02;0.01;0.0;1.23
2022;283;365;beauce_5_sa_086;BTH;;1.87;0.0;12.6;-13.65;0.0;16.95;15.14;0.0;0.0;0;0.0;0;-43.84;0.0;0.0;0.0;1.87
2022;1;202;beauce_5_sa_087;BTH;;14.07;0.7;52.81;38.89;134.38;66.5;62.15;0.13;0.01;0;80.69;0;-76.61;0.07;0.06;0.7;14.07
2022;203;295;beauce_5_sa_087;solnu;;3.68;0.0;38.21;-5.37;0.0;62.15;91.15;0.1;0.06;0;0;0;-222.29;0.08;0.02;0.0;3.68
2022;296;365;beauce_5_sa_087;BTH;;5.6;0.85;9.06;-65.82;1.88;91.42;91.95;0.03;0.0;0;1.11;0;-26.79;0.03;0.0;0.85;5.6
2022;1;199;beauce_5_sa_088;BTH;;2.13;0.0;49.93;26.07;63.85;7.32;17.3;0.05;0.0;0;37.57;0;-307.0;0.0;0.05;0.0;2.13
2022;200;286;beauce_5_sa_088;solnu;;1.05;0.0;34.98;-7.49;0.0;17.3;43.64;0.06;0.04;0;0;0;-247.85;0.04;0.02;0.0;1.05
2022;287;365;beauce_5_sa_088;BTH;;2.06;0.0;11.19;-37.22;0.0;44.0;16.64;0.0;0.0;0;0.0;0;-77.98;0.0;0.0;0.0;2.06
2022;1;178;beauce_5_sa_089;BTH;;2.74;0.86;41.7;10.3;116.66;9.3;5.84;0.07;0.01;0;68.65;0;-26.66;0.04;0.03;0.86;2.74
2022;179;280;beauce_5_sa_089;solnu;;1.1;0.0;44.51;-5.51;0.0;5.84;43.63;0.06;0.04;0;0;0;-213.57;0.04;0.03;0.0;1.1
2022;281;365;beauce_5_sa_089;BTH;;2.24;0.0;13.64;-41.3;0.0;44.11;18.17;0.0;0.0;0;0.0;0;-87.42;0.0;0.0;0.0;2.24
2022;1;223;beauce_5_sa_090;BTH;;3.44;0.0;62.21;19.18;54.47;11.24;34.67;0.06;0.0;0;32.05;0;-319.94;0.01;0.05;0.0;3.44
2022;224;284;beauce_5_sa_090;solnu;;1.45;0.0;23.39;-15.81;0.0;34.67;40.72;0.04;0.04;0;0;0;-158.77;0.03;0.01;0.0;1.45
2022;285;365;beauce_5_sa_090;BTH;;2.27;0.0;11.83;-33.01;0.0;41.12;18.36;0.0;0.0;0;0.0;0;-63.51;0.0;0.0;0.0;2.27
2022;1;200;beauce_5_sa_091;BTH;;28.06;1.82;52.84;52.28;134.77;108.88;187.65;0.09;0.01;0;85.08;0;-103.9;0.02;0.06;1.82;28.06
2022;201;281;beauce_5_sa_091;solnu;;10.81;0.0;35.39;-4.81;0.0;187.65;207.15;0.17;0.09;0;0;0;-207.91;0.15;0.02;0.0;10.81
2022;282;365;beauce_5_sa_091;BTH;;14.39;0.38;13.42;-86.32;10.88;207.81;137.59;0.01;0.0;0;6.4;0;16.93;0.01;0.0;0.38;14.39
2022;1;200;beauce_5_sa_092;BTH;;14.44;0.99;52.99;43.44;149.18;65.27;71.92;0.18;0.03;0;89.85;0;-98.88;0.12;0.06;0.99;14.44
2022;201;285;beauce_5_sa_092;solnu;;4.28;0.0;37.05;-6.24;0.0;71.92;98.27;0.11;0.06;0;0;0;-217.07;0.09;0.02;0.0;4.28
2022;286;365;beauce_5_sa_092;BTH;;6.63;0.79;11.9;-63.26;1.99;98.54;98.97;0.02;0.0;0;1.17;0;-26.48;0.02;0.0;0.79;6.63
2022;1;227;beauce_5_sa_093;BTH;;11.62;0.85;66.79;31.01;89.77;40.03;99.75;0.1;0.0;0;52.82;0;-271.62;0.04;0.06;0.85;11.62
2022;228;305;beauce_5_sa_093;solnu;;7.21;0.0;24.96;-10.98;0.0;99.75;106.33;0.11;0.08;0;0;0;-155.94;0.1;0.01;0.0;7.21
2022;306;365;beauce_5_sa_093;BTH;;4.93;0.0;7.04;-46.38;0.0;106.63;63.28;0.01;0.0;0;0.0;0;-37.4;0.01;0.0;0.0;4.93
2022;1;199;beauce_5_sa_094;BTH;;6.25;0.92;53.78;34.5;83.47;25.44;92.42;0.13;0.01;0;52.28;0;-215.96;0.08;0.05;0.92;6.25
2022;200;261;beauce_5_sa_094;solnu;;5.15;0.0;30.81;-91.15;0.0;92.42;26.9;0.04;0.0;0;0;0;-112.61;0.03;0.0;0.0;5.15
2022;262;365;beauce_5_sa_094;BTH;;3.53;0.0;19.31;2.96;11.81;26.9;33.8;0.02;0.0;0;6.95;0;37.0;0.01;0.01;0.0;3.53
2022;1;204;beauce_5_sa_095;BTH;;10.9;1.0;57.62;40.78;111.7;66.57;117.19;0.21;0.02;0;70.58;0;-244.8;0.15;0.06;1.0;10.9
2022;205;258;beauce_5_sa_095;solnu;;8.69;0.0;28.06;-92.94;0.0;117.19;43.57;0.05;0.0;0;0;0;-85.93;0.05;0.0;0.0;8.69
2022;259;365;beauce_5_sa_095;BTH;;5.79;0.38;20.24;0.62;10.58;43.58;76.86;0.03;0.0;0;6.22;0;48.17;0.02;0.01;0.38;5.79
2022;1;230;beauce_5_sa_096;BTH;;40.31;1.92;72.77;42.75;155.53;176.4;239.52;0.2;0.01;0;92.18;0;-141.78;0.13;0.07;1.92;40.31
2022;231;281;beauce_5_sa_096;solnu;;16.76;0.0;18.48;-86.94;0.0;239.52;154.1;0.08;0.11;0;0;0;-82.62;0.08;0.0;0.0;16.76
2022;282;365;beauce_5_sa_096;BTH;;16.97;0.83;13.62;-14.79;0.65;154.26;197.26;0.01;0.0;0;0.38;0;78.6;0.01;0.0;0.83;16.97
2022;1;207;beauce_5_sa_097;BTH;;2.17;0.16;55.64;16.67;62.69;7.46;27.22;0.05;0.0;0;36.89;0;-218.26;0.0;0.04;0.16;2.17
2022;208;272;beauce_5_sa_097;solnu;;1.0;0.0;28.47;-43.42;0.0;27.22;12.59;0.03;0.03;0;0;0;-190.1;0.03;0.01;0.0;1.0
2022;273;365;beauce_5_sa_097;BTH;;1.63;0.0;15.87;-15.94;0.0;12.55;11.06;0.0;0.0;0;0.0;0;-15.7;0.0;0.0;0.0;1.63
2022;1;199;beauce_5_sa_098;BTH;;43.67;3.08;53.88;51.45;117.11;157.6;332.68;0.19;0.02;0;82.29;0;-125.89;0.12;0.06;3.08;43.67
2022;200;257;beauce_5_sa_098;solnu;;24.49;0.0;29.5;-7.84;0.0;332.68;329.56;0.19;0.11;0;0;0;-179.76;0.17;0.01;0.0;24.49
2022;258;365;beauce_5_sa_098;BTH;;30.58;0.0;20.22;-86.19;31.03;329.92;201.97;0.01;0.0;0;18.26;0;33.85;0.0;0.01;0.0;30.58
2022;1;228;beauce_5_sa_099;BTH;;2.89;0.0;66.1;10.88;53.29;9.9;30.63;0.05;0.0;0;31.36;0;-295.4;0.01;0.05;0.0;2.89
2022;229;311;beauce_5_sa_099;solnu;;1.89;0.0;25.52;-39.88;0.0;30.63;15.59;0.03;0.03;0;0;0;-169.81;0.02;0.01;0.0;1.89
2022;312;365;beauce_5_sa_099;BTH;;1.04;0.0;5.75;-6.5;0.0;15.49;14.45;0.0;0.0;0;0.0;0;-24.56;0.0;0.0;0.0;1.04
2023;1;224;beauce_5_sa_000;BTH;;1.43;0.91;56.42;9.02;115.24;26.08;42.77;0.06;0.0;0;67.81;0;-70.11;0.02;0.04;0.91;1.43
2023;225;310;beauce_5_sa_000;solnu;;0.0;0.0;28.05;-59.21;0.0;42.77;12.51;0.01;0.0;0;0;0;-113.05;0.0;0.01;0.0;0.0
2023;311;365;beauce_5_sa_000;BTH;;0.59;0.0;5.96;-7.09;0.0;12.67;11.95;0.0;0.0;0;0.0;0;3.11;0.0;0.0;0.0;0.59
2023;1;195;beauce_5_sa_001;BTH;;2.1;0.0;40.56;14.45;143.31;120.32;29.83;0.08;0.0;0;84.92;0;8.42;0.05;0.03;0.0;2.1
2023;196;309;beauce_5_sa_001;solnu;;0.0;0.0;38.49;-46.36;0.0;29.83;27.06;0.01;0.0;0;0;0;-190.66;0.0;0.01;0.0;0.0
2023;310;365;beauce_5_sa_001;BTH;;1.63;1.29;6.09;-15.23;1.53;27.06;113.07;0.03;0.0;0;0.9;0;4.28;0.03;0.0;1.29;1.63
2023;1;199;beauce_5_sa_002;BTH;;1.42;0.0;43.92;18.18;49.87;19.53;30.29;0.05;0.0;0;29.34;0;-199.89;0.01;0.04;0.0;1.42
2023;200;263;beauce_5_sa_002;solnu;;0.0;0.0;26.12;-14.28;0.0;30.29;42.11;0.01;0.0;0;0;0;-149.35;0.0;0.01;0.0;0.0
2023;264;365;beauce_5_sa_002;BTH;;1.42;0.0;14.54;-43.16;3.0;42.43;9.07;0.0;0.0;0;1.77;0;-44.0;0.0;0.0;0.0;1.42
2023;1;201;beauce_5_sa_003;BTH;;3.22;0.95;45.76;13.73;89.35;55.78;93.69;0.06;0.0;0;52.58;0;-66.0;0.02;0.04;0.95;3.22
2023;202;314;beauce_5_sa_003;solnu;;0.0;0.0;35.91;-49.52;0.0;93.69;80.06;0.02;0.0;0;0;0;-152.73;0.0;0.02;0.0;0.0
2023;315;365;beauce_5_sa_003;BTH;;3.02;0.0;5.3;-35.18;1.06;77.87;46.08;0.03;0.0;0;0.62;0;15.82;0.03;0.0;0.0;3.02
2023;1;226;beauce_5_sa_004;BTH;;5.51;1.4;59.41;16.34;90.35;99.86;184.77;0.08;0.0;0;53.16;0;-77.61;0.03;0.05;1.4;5.51
2023;227;309;beauce_5_sa_004;solnu;;0.0;0.0;24.82;-10.13;0.0;184.77;199.45;0.01;0.0;0;0;0;-103.43;0.0;0.01;0.0;0.0
2023;310;365;beauce_5_sa_004;BTH;;6.58;0.0;6.2;-78.64;2.13;199.68;118.22;0.08;0.0;0;1.25;0;9.51;0.08;0.0;0.0;6.58
2023;1;224;beauce_5_sa_005;BTH;;8.0;2.74;62.16;34.6;152.5;155.94;296.94;0.23;0.0;0;94.14;0;-69.76;0.17;0.06;2.74;8.0
2023;225;260;beauce_5_sa_005;solnu;;0.0;0.0;17.65;-14.47;0.0;296.94;300.12;0.0;0.0;0;0;0;-90.28;0.0;0.0;0.0;0.0
2023;261;365;beauce_5_sa_005;BTH;;14.19;0.0;18.33;-85.17;65.39;300.56;153.61;0.08;0.0;0;38.48;0;82.53;0.06;0.01;0.0;14.19
2023;1;174;beauce_5_sa_006;BTH;;1.87;0.0;32.77;19.47;97.26;73.73;25.32;0.06;0.0;0;57.94;0;-38.76;0.03;0.03;0.0;1.87
2023;175;314;beauce_5_sa_006;solnu;;0.0;0.0;46.0;-49.91;0.0;25.32;25.26;0.02;0.0;0;0;0;-228.7;0.0;0.02;0.0;0.0
2023;315;365;beauce_5_sa_006;BTH;;3.82;0.74;5.21;-22.12;1.06;25.26;58.83;0.04;0.0;0;0.62;0;11.65;0.04;0.0;0.74;3.82
2023;1;200;beauce_5_sa_007;BTH;;1.86;0.96;43.78;23.97;159.41;64.63;43.17;0.08;0.0;0;94.4;0;-39.77;0.03;0.05;0.96;1.86
2023;201;296;beauce_5_sa_007;solnu;;0.0;0.0;36.49;-3.09;0.0;43.17;76.54;0.02;0.0;0;0;0;-164.34;0.0;0.02;0.0;0.0
2023;297;365;beauce_5_sa_007;BTH;;0.89;0.54;7.97;-72.94;1.27;76.89;50.16;0.01;0.0;0;0.75;0;12.3;0.01;0.0;0.54;0.89
2023;1;190;beauce_5_sa_008;BTH;;3.77;0.9;37.62;31.1;196.96;161.38;96.65;0.11;0.0;0;117.16;0;-30.27;0.07;0.04;0.9;3.77
2023;191;285;beauce_5_sa_008;solnu;;0.0;0.0;37.9;2.03;0.0;96.65;136.56;0.03;0.0;0;0;0;-151.7;0.0;0.03;0.0;0.0
2023;286;365;beauce_5_sa_008;BTH;;0.9;1.29;9.7;-85.18;18.0;136.76;138.46;0.03;0.0;0;10.59;0;27.52;0.03;0.0;1.29;0.9
2023;1;184;beauce_5_sa_009;BTH;;0.31;1.18;36.57;30.73;138.23;6.9;23.83;0.05;0.0;0;81.34;0;-49.13;0.01;0.04;1.18;0.31
2023;185;276;beauce_5_sa_009;solnu;;0.0;0.0;37.54;-58.66;0.0;23.83;4.46;0.02;0.0;0;0;0;-137.61;0.01;0.01;0.0;0.0
2023;277;365;beauce_5_sa_009;BTH;;0.21;0.0;12.25;-12.23;0.0;4.61;4.28;0.0;0.0;0;0.0;0;40.97;0.0;0.0;0.0;0.21
2023;1;192;beauce_5_sa_010;BTH;;0.79;0.61;39.17;4.87;91.61;15.95;13.34;0.03;0.0;0;53.9;0;-62.13;0.01;0.03;0.61;0.79
2023;193;292;beauce_5_sa_010;solnu;;0.0;0.0;36.79;-3.02;0.0;13.34;47.09;0.02;0.0;0;0;0;-154.82;0.0;0.02;0.0;0.0
2023;293;365;beauce_5_sa_010;BTH;;0.4;0.0;8.3;-47.95;1.32;47.37;7.43;0.0;0.0;0;0.77;0;-30.51;0.0;0.0;0.0;0.4
2023;1;182;beauce_5_sa_011;BTH;;0.65;0.0;35.32;8.31;46.71;11.62;6.42;0.03;0.0;0;27.49;0;-103.09;0.0;0.03;0.0;0.65
2023;183;296;beauce_5_sa_011;solnu;;0.0;0.0;40.72;-41.68;0.0;6.42;5.94;0.01;0.0;0;0;0;-208.18;0.0;0.01;0.0;0.0
2023;297;365;beauce_5_sa_011;BTH;;0.73;0.0;7.72;-7.71;0.0;5.95;5.23;0.0;0.0;0;0.0;0;-8.35;0.0;0.0;0.0;0.73
2023;1;173;beauce_5_sa_012;BTH;;1.08;0.0;32.62;21.83;59.13;21.22;15.43;0.03;0.0;0;34.79;0;-188.48;0.0;0.03;0.0;1.08
2023;174;263;beauce_5_sa_012;solnu;;0.12;0.0;35.61;-4.45;0.0;15.43;46.45;0.02;0.0;0;0;0;-229.06;0.0;0.02;0.0;0.12
2023;264;365;beauce_5_sa_012;BTH;;1.45;0.0;14.11;-45.25;4.5;46.82;9.4;0.0;0.0;0;2.65;0;-70.92;0.0;0.0;0.0;1.45
2023;1;172;beauce_5_sa_013;BTH;;3.68;1.77;33.06;23.0;138.15;79.38;125.04;0.03;0.0;0;81.29;0;26.32;0.0;0.03;1.77;3.68
2023;173;288;beauce_5_sa_013;solnu;;0.0;0.0;43.88;-68.02;0.0;125.04;101.17;0.03;0.0;0;0;0;-142.82;0.0;0.03;0.0;0.0
2023;289;365;beauce_5_sa_013;BTH;;2.31;0.0;9.59;-18.66;15.62;99.53;74.13;0.04;0.0;0;9.19;0;61.17;0.04;0.01;0.0;2.31
2023;1;205;beauce_5_sa_014;BTH;;0.31;0.96;47.94;18.51;121.1;6.71;23.93;0.05;0.0;0;71.26;0;-24.76;0.01;0.04;0.96;0.31
2023;206;278;beauce_5_sa_014;solnu;;0.0;0.0;31.54;-56.27;0.0;23.93;3.65;0.01;0.0;0;0;0;-164.75;0.0;0.01;0.0;0.0
2023;279;365;beauce_5_sa_014;BTH;;0.24;0.0;12.31;-12.28;0.0;3.72;3.45;0.0;0.0;0;0.0;0;56.75;0.0;0.0;0.0;0.24
2023;1;226;beauce_5_sa_015;BTH;;2.0;1.71;58.61;24.98;169.15;43.3;83.85;0.07;0.0;0;99.54;0;-80.89;0.02;0.05;1.71;2.0
2023;227;296;beauce_5_sa_015;solnu;;0.0;0.0;24.64;-10.62;0.0;83.85;97.85;0.01;0.0;0;0;0;-122.8;0.0;0.01;0.0;0.0
2023;297;365;beauce_5_sa_015;BTH;;0.87;0.0;8.07;-82.81;1.4;98.19;20.84;0.0;0.0;0;0.82;0;23.36;0.0;0.0;0.0;0.87
2023;1;191;beauce_5_sa_016;BTH;;0.25;0.21;41.88;24.79;65.2;4.29;21.54;0.05;0.0;0;38.37;0;-129.34;0.01;0.04;0.21;0.25
2023;192;257;beauce_5_sa_016;solnu;;0.0;0.0;29.23;-47.25;0.0;21.54;4.13;0.01;0.0;0;0;0;-175.04;0.0;0.01;0.0;0.0
2023;258;365;beauce_5_sa_016;BTH;;0.55;0.0;17.15;-17.28;0.0;4.04;3.56;0.0;0.0;0;0.0;0;-12.59;0.0;0.0;0.0;0.55
2023;1;206;beauce_5_sa_017;BTH;;1.03;0.0;45.54;28.95;93.96;48.36;27.8;0.07;0.0;0;55.46;0;-224.37;0.02;0.05;0.0;1.03
2023;207;292;beauce_5_sa_017;solnu;;0.0;0.0;28.24;-8.05;0.0;27.8;47.98;0.01;0.0;0;0;0;-181.88;0.0;0.01;0.0;0.0
2023;293;365;beauce_5_sa_017;BTH;;1.41;0.42;7.94;-53.03;2.21;48.23;31.72;0.01;0.0;0;1.3;0;-54.6;0.01;0.0;0.42;1.41
2023;1;220;beauce_5_sa_018;BTH;;5.69;2.14;54.91;56.19;141.86;122.62;246.64;0.1;0.0;0;83.48;0;-98.99;0.03;0.07;2.14;5.69
2023;221;300;beauce_5_sa_018;solnu;;0.0;0.0;28.61;-88.4;0.0;246.64;186.85;0.01;0.0;0;0;0;-130.64;0.0;0.01;0.0;0.0
2023;301;365;beauce_5_sa_018;BTH;;5.87;0.0;7.59;-10.68;3.66;185.74;174.11;0.1;0.0;0;2.16;0;45.71;0.1;0.0;0.0;5.87
2023;1;182;beauce_5_sa_019;BTH;;4.72;2.25;34.12;31.16;174.56;101.31;156.1;0.05;0.0;0;106.25;0;-40.87;0.01;0.04;2.25;4.72
2023;183;282;beauce_5_sa_019;solnu;;0.0;0.0;39.65;10.13;0.0;156.1;205.85;0.04;0.0;0;0;0;-165.77;0.01;0.03;0.0;0.0
2023;283;365;beauce_5_sa_019;BTH;;1.57;0.0;10.06;-85.02;26.09;206.2;103.17;0.06;0.0;0;15.35;0;15.44;0.06;0.0;0.0;1.57
2023;1;230;beauce_5_sa_020;BTH;;2.46;2.09;60.04;24.13;209.2;51.35;80.56;0.11;0.0;0;123.1;0;-93.91;0.05;0.06;2.09;2.46
2023;231;308;beauce_5_sa_020;solnu;;0.0;0.0;24.5;-9.84;0.0;80.56;95.21;0.02;0.0;0;0;0;-112.76;0.01;0.01;0.0;0.0
2023;309;365;beauce_5_sa_020;BTH;;0.82;0.0;6.37;-67.86;0.0;95.48;32.88;0.01;0.0;0;0.0;0;14.79;0.01;0.0;0.0;0.82
2023;1;208;beauce_5_sa_021;BTH;;6.14;1.95;47.4;43.78;131.3;132.3;232.32;0.08;0.0;0;77.26;0;-134.12;0.02;0.06;1.95;6.14
2023;209;304;beauce_5_sa_021;solnu;;0.0;0.0;32.3;1.65;0.0;232.32;266.25;0.02;0.0;0;0;0;-165.47;0.0;0.02;0.0;0.0
2023;305;365;beauce_5_sa_021;BTH;;5.45;0.0;6.76;-88.0;3.07;266.55;176.4;0.1;0.0;0;1.8;0;-0.38;0.1;0.0;0.0;5.45
2023;1;228;beauce_5_sa_022;BTH;;1.19;1.12;59.86;14.55;126.85;25.68;56.15;0.07;0.0;0;74.64;0;-31.93;0.02;0.05;1.12;1.19
2023;229;295;beauce_5_sa_022;solnu;;0.0;0.0;21.56;-65.65;0.0;56.15;12.46;0.0;0.0;0;0;0;-97.44;0.0;0.0;0.0;0.0
2023;296;365;beauce_5_sa_022;BTH;;1.1;0.0;8.18;-8.91;0.0;12.61;11.42;0.0;0.0;0;0.0;0;25.23;0.0;0.0;0.0;1.1
2023;1;192;beauce_5_sa_023;BTH;;2.53;1.29;41.27;10.77;112.9;54.36;87.69;0.08;0.0;0;67.32;0;9.44;0.05;0.03;1.29;2.53
2023;193;283;beauce_5_sa_023;solnu;;0.0;0.0;37.14;-3.48;0.0;87.69;121.33;0.02;0.0;0;0;0;-132.14;0.0;0.02;0.0;0.0
2023;284;365;beauce_5_sa_023;BTH;;2.13;0.0;10.09;-83.5;18.82;121.5;26.97;0.0;0.0;0;11.07;0;34.18;0.0;0.0;0.0;2.13
2023;1;224;beauce_5_sa_024;BTH;;1.0;0.0;56.12;18.65;62.22;20.23;31.73;0.05;0.0;0;37.72;0;-155.87;0.0;0.05;0.0;1.0
2023;225;310;beauce_5_sa_024;solnu;;0.0;0.0;24.92;-43.05;0.0;31.73;13.59;0.01;0.0;0;0;0;-144.52;0.0;0.01;0.0;0.0
2023;311;365;beauce_5_sa_024;BTH;;1.34;0.27;5.85;-25.75;0.87;10.89;12.2;0.01;0.0;0;0.51;0;-8.24;0.01;0.0;0.27;1.34
2023;1;191;beauce_5_sa_025;BTH;;3.49;2.11;40.23;25.09;174.27;72.85;118.33;0.09;0.0;0;102.55;0;32.88;0.05;0.04;2.11;3.49
2023;192;289;beauce_5_sa_025;solnu;;0.0;0.0;39.8;-87.6;0.0;118.33;70.5;0.02;0.0;0;0;0;-107.9;0.0;0.02;0.0;0.0
2023;290;365;beauce_5_sa_025;BTH;;1.99;0.0;9.73;-2.66;14.14;69.97;61.42;0.03;0.0;0;8.32;0;77.92;0.02;0.01;0.0;1.99
2023;1;178;beauce_5_sa_026;BTH;;0.79;0.0;34.39;3.02;42.04;13.29;7.86;0.02;0.0;0;24.74;0;-85.98;0.0;0.02;0.0;0.79
2023;179;285;beauce_5_sa_026;solnu;;0.01;0.0;40.41;-37.5;0.0;7.86;10.75;0.02;0.0;0;0;0;-195.49;0.0;0.02;0.0;0.01
2023;286;365;beauce_5_sa_026;BTH;;0.85;0.0;9.33;-13.45;0.0;9.51;5.78;0.0;0.0;0;0.0;0;-12.43;0.0;0.0;0.0;0.85
2023;1;200;beauce_5_sa_027;BTH;;1.1;0.77;44.65;20.87;123.43;22.78;21.44;0.06;0.0;0;73.74;0;-22.99;0.02;0.04;0.77;1.1
2023;201;305;beauce_5_sa_027;solnu;;0.0;0.0;36.45;-48.17;0.0;21.44;10.79;0.02;0.0;0;0;0;-159.8;0.0;0.02;0.0;0.0
2023;306;365;beauce_5_sa_027;BTH;;0.62;0.22;6.78;-22.27;0.96;10.79;12.68;0.01;0.0;0;0.57;0;-8.64;0.0;0.0;0.22;0.62
2023;1;201;beauce_5_sa_028;BTH;;5.87;2.59;48.31;37.36;139.05;132.97;267.85;0.18;0.0;0;108.33;0;-177.37;0.13;0.05;2.59;5.87
2023;202;269;beauce_5_sa_028;solnu;;0.0;0.0;32.76;-100.78;0.0;267.85;199.82;0.01;0.0;0;0;0;-38.06;0.0;0.01;0.0;0.0
2023;270;365;beauce_5_sa_028;BTH;;11.21;0.0;15.81;24.06;48.78;200.49;179.56;0.13;0.0;0;28.7;0;55.89;0.11;0.02;0.0;11.21
2023;1;190;beauce_5_sa_029;BTH;;3.08;2.07;39.42;21.87;170.63;66.33;107.73;0.04;0.0;0;100.41;0;49.44;0.01;0.04;2.07;3.08
2023;191;304;beauce_5_sa_029;solnu;;0.0;0.0;41.96;-98.88;0.0;107.73;51.07;0.02;0.0;0;0;0;-48.7;0.0;0.02;0.0;0.0
2023;305;365;beauce_5_sa_029;BTH;;1.32;0.0;7.48;9.74;3.07;51.32;63.86;0.05;0.0;0;1.8;0;61.1;0.04;0.01;0.0;1.32
2023;1;207;beauce_5_sa_030;BTH;;3.09;1.37;51.15;33.55;136.1;70.97;118.7;0.11;0.0;0;80.87;0;-73.82;0.06;0.05;1.37;3.09
2023;208;264;beauce_5_sa_030;solnu;;0.0;0.0;26.83;-38.04;0.0;118.7;107.47;0.01;0.0;0;0;0;-120.4;0.0;0.01;0.0;0.0
2023;265;365;beauce_5_sa_030;BTH;;4.53;0.17;16.49;-70.35;15.25;101.36;46.46;0.01;0.0;0;8.97;0;72.45;0.01;0.0;0.17;4.53
2023;1;215;beauce_5_sa_031;BTH;;4.42;1.25;54.21;35.16;94.8;85.79;169.23;0.15;0.0;0;59.17;0;-222.45;0.1;0.05;1.25;4.42
2023;216;259;beauce_5_sa_031;solnu;;0.0;0.0;19.47;-13.07;0.0;169.23;175.63;0.01;0.0;0;0;0;-104.94;0.0;0.01;0.0;0.0
2023;260;365;beauce_5_sa_031;BTH;;8.03;0.0;16.77;-75.99;50.99;175.88;57.36;0.02;0.0;0;30.01;0;-1.39;0.01;0.01;0.0;8.03
2023;1;194;beauce_5_sa_032;BTH;;0.38;0.0;42.24;20.5;119.23;8.0;19.72;0.08;0.0;0;70.16;0;-33.53;0.05;0.04;0.0;0.38
2023;195;270;beauce_5_sa_032;solnu;;0.0;0.0;33.83;-53.58;0.0;19.72;6.1;0.01;0.0;0;0;0;-195.5;0.0;0.01;0.0;0.0
2023;271;365;beauce_5_sa_032;BTH;;0.66;0.92;14.14;-14.21;0.0;5.96;5.37;0.0;0.0;0;0.0;0;60.12;0.0;0.0;0.92;0.66
2023;1;223;beauce_5_sa_033;BTH;;1.93;0.0;55.02;21.64;47.2;24.33;51.8;0.06;0.0;0;27.77;0;-270.68;0.01;0.05;0.0;1.93
2023;224;257;beauce_5_sa_033;solnu;;0.0;0.0;13.87;-16.14;0.0;51.8;49.53;0.0;0.0;0;0;0;-107.8;0.0;0.0;0.0;0.0
2023;258;365;beauce_5_sa_033;BTH;;1.83;0.0;16.08;-46.19;6.01;49.72;11.59;0.0;0.0;0;3.53;0;-30.7;0.0;0.0;0.0;1.83
2023;1;173;beauce_5_sa_034;BTH;;1.27;0.0;32.6;-4.82;34.03;19.45;11.92;0.02;0.0;0;20.02;0;-69.3;0.0;0.02;0.0;1.27
2023;174;316;beauce_5_sa_034;solnu;;0.0;0.0;45.68;-36.26;0.0;11.92;21.31;0.02;0.0;0;0;0;-204.73;0.0;0.02;0.0;0.0
2023;317;365;beauce_5_sa_034;BTH;;1.31;0.0;4.79;-14.82;0.0;20.58;9.98;0.0;0.0;0;0.0;0;-4.5;0.0;0.0;0.0;1.31
2023;1;224;beauce_5_sa_035;BTH;;2.35;1.54;57.94;21.98;143.75;49.32;98.48;0.1;0.0;0;84.59;0;-32.76;0.05;0.05;1.54;2.35
2023;225;284;beauce_5_sa_035;solnu;;0.0;0.0;24.25;-13.48;0.0;98.48;109.25;0.01;0.0;0;0;0;-119.68;0.0;0.01;0.0;0.0
2023;285;365;beauce_5_sa_035;BTH;;1.58;0.0;10.31;-73.53;15.1;109.49;29.36;0.0;0.0;0;8.88;0;38.68;0.0;0.0;0.0;1.58
2023;1;197;beauce_5_sa_036;BTH;;0.58;0.0;42.51;7.63;49.32;9.76;9.97;0.03;0.0;0;29.02;0;-134.33;0.0;0.03;0.0;0.58
2023;198;297;beauce_5_sa_036;solnu;;0.0;0.0;34.19;-40.3;0.0;9.97;4.66;0.01;0.0;0;0;0;-183.05;0.0;0.01;0.0;0.0
2023;298;365;beauce_5_sa_036;BTH;;0.56;0.0;7.41;-7.86;0.0;4.62;4.09;0.0;0.0;0;0.0;0;-14.53;0.0;0.0;0.0;0.56
2023;1;208;beauce_5_sa_037;BTH;;0.87;1.56;47.72;12.63;170.8;18.82;24.49;0.05;0.0;0;100.51;0;14.17;0.01;0.04;1.56;0.87
2023;209;298;beauce_5_sa_037;solnu;;0.0;0.0;35.97;-54.84;0.0;24.49;9.16;0.01;0.0;0;0;0;-117.53;0.0;0.01;0.0;0.0
2023;299;365;beauce_5_sa_037;BTH;;0.19;0.0;7.98;-7.92;0.0;9.16;9.03;0.0;0.0;0;0.0;0;50.44;0.0;0.0;0.0;0.19
2023;1;196;beauce_5_sa_038;BTH;;2.66;1.04;43.12;24.09;87.21;55.68;110.91;0.07;0.0;0;51.32;0;-57.4;0.03;0.04;1.04;2.66
2023;197;294;beauce_5_sa_038;solnu;;0.0;0.0;36.58;-76.66;0.0;110.91;70.81;0.02;0.0;0;0;0;-150.78;0.0;0.02;0.0;0.0
2023;295;365;beauce_5_sa_038;BTH;;4.12;0.0;8.42;-7.9;6.95;70.0;60.21;0.04;0.0;0;4.09;0;34.25;0.04;0.0;0.0;4.12
2023;1;192;beauce_5_sa_039;BTH;;0.21;0.79;41.4;26.18;102.88;4.46;28.08;0.07;0.0;0;60.54;0;-73.71;0.03;0.04;0.79;0.21
2023;193;282;beauce_5_sa_039;solnu;;0.0;0.0;36.7;-62.52;0.0;28.08;3.53;0.01;0.0;0;0;0;-129.19;0.0;0.01;0.0;0.0
2023;283;365;beauce_5_sa_039;BTH;;0.42;0.0;10.78;-10.7;0.0;3.62;3.19;0.0;0.0;0;0.0;0;40.92;0.0;0.0;0.0;0.42
2023;1;173;beauce_5_sa_040;BTH;;5.18;1.82;33.42;46.77;130.88;109.77;190.43;0.05;0.0;0;84.08;0;-89.92;0.0;0.05;1.82;5.18
2023;174;273;beauce_5_sa_040;solnu;;0.0;0.0;39.87;6.74;0.0;190.43;236.98;0.06;0.0;0;0;0;-202.82;0.03;0.03;0.0;0.0
2023;274;365;beauce_5_sa_040;BTH;;7.14;0.0;11.85;-86.7;41.91;237.19;113.01;0.07;0.0;0;24.66;0;6.64;0.06;0.0;0.0;7.14
2023;1;192;beauce_5_sa_041;BTH;;2.44;2.46;38.32;11.25;219.9;52.57;64.28;0.05;0.0;0;129.4;0;89.2;0.02;0.03;2.46;2.44
2023;193;304;beauce_5_sa_041;solnu;;0.0;0.0;37.04;-75.81;0.0;64.28;25.5;0.02;0.0;0;0;0;-27.18;0.0;0.02;0.0;0.0
2023;305;365;beauce_5_sa_041;BTH;;0.0;0.0;7.37;-7.36;0.0;25.5;25.51;0.0;0.0;0;0.0;0;65.46;0.0;0.0;0.0;0.0
2023;1;189;beauce_5_sa_042;BTH;;1.35;0.0;37.79;5.93;50.76;20.85;11.1;0.03;0.0;0;29.87;0;-199.67;0.0;0.03;0.0;1.35
2023;190;312;beauce_5_sa_042;solnu;;0.0;0.0;37.85;-0.91;0.0;11.1;48.12;0.02;0.0;0;0;0;-229.55;0.0;0.02;0.0;0.0
2023;313;365;beauce_5_sa_042;BTH;;1.33;0.0;5.23;-41.82;0.0;48.32;10.2;0.0;0.0;0;0.0;0;-23.41;0.0;0.0;0.0;1.33
2023;1;229;beauce_5_sa_043;BTH;;1.0;0.0;58.87;6.46;45.17;15.35;34.47;0.04;0.0;0;26.58;0;-210.82;0.0;0.04;0.0;1.0
2023;230;306;beauce_5_sa_043;solnu;;0.0;0.0;20.24;-40.89;0.0;34.47;13.82;0.0;0.0;0;0;0;-119.57;0.0;0.0;0.0;0.0
2023;307;365;beauce_5_sa_043;BTH;;0.87;0.0;6.33;-13.0;0.0;11.71;6.38;0.0;0.0;0;0.0;0;-8.29;0.0;0.0;0.0;0.87
2023;1;216;beauce_5_sa_044;BTH;;0.83;0.0;51.59;5.49;43.75;12.74;25.21;0.04;0.0;0;25.74;0;-192.93;0.0;0.04;0.0;0.83
2023;217;300;beauce_5_sa_044;solnu;;0.0;0.0;25.94;-14.48;0.0;25.21;36.67;0.01;0.0;0;0;0;-134.03;0.0;0.01;0.0;0.0
2023;301;365;beauce_5_sa_044;BTH;;0.74;0.0;7.03;-37.52;0.0;36.85;5.43;0.0;0.0;0;0.0;0;-14.23;0.0;0.0;0.0;0.74
2023;1;202;beauce_5_sa_045;BTH;;3.81;2.21;46.49;29.99;182.78;79.52;134.7;0.1;0.0;0;107.55;0;-12.06;0.06;0.05;2.21;3.81
2023;203;289;beauce_5_sa_045;solnu;;0.0;0.0;36.31;-91.71;0.0;134.7;79.29;0.02;0.0;0;0;0;-110.49;0.0;0.02;0.0;0.0
2023;290;365;beauce_5_sa_045;BTH;;2.27;0.0;9.85;1.35;14.15;78.85;74.01;0.05;0.0;0;8.33;0;73.1;0.04;0.01;0.0;2.27
2023;1;188;beauce_5_sa_046;BTH;;0.24;0.0;40.55;25.31;52.54;4.88;17.89;0.05;0.0;0;31.09;0;-164.49;0.01;0.04;0.0;0.24
2023;189;256;beauce_5_sa_046;solnu;;0.0;0.0;29.29;-43.85;0.0;17.89;3.31;0.01;0.0;0;0;0;-182.54;0.0;0.01;0.0;0.0
2023;257;365;beauce_5_sa_046;BTH;;0.45;0.0;16.99;-16.96;0.0;3.54;2.95;0.0;0.0;0;0.0;0;-32.6;0.0;0.0;0.0;0.45
2023;1;219;beauce_5_sa_047;BTH;;5.19;2.46;57.09;44.88;166.9;110.94;224.58;0.17;0.0;0;100.86;0;-78.77;0.11;0.06;2.46;5.19
2023;220;274;beauce_5_sa_047;solnu;;0.0;0.0;24.61;-9.2;0.0;224.58;239.99;0.01;0.0;0;0;0;-108.76;0.0;0.01;0.0;0.0
2023;275;365;beauce_5_sa_047;BTH;;4.77;0.0;13.05;-86.75;40.15;240.35;121.3;0.07;0.0;0;23.62;0;48.18;0.06;0.01;0.0;4.77
2023;1;222;beauce_5_sa_048;BTH;;1.57;0.75;54.14;22.17;106.13;31.07;55.66;0.07;0.0;0;62.45;0;-186.27;0.02;0.05;0.75;1.57
2023;223;290;beauce_5_sa_048;solnu;;0.0;0.0;25.06;-10.08;0.0;55.66;70.63;0.01;0.0;0;0;0;-128.93;0.0;0.01;0.0;0.0
2023;291;365;beauce_5_sa_048;BTH;;1.11;0.0;8.7;-58.75;5.24;70.87;14.34;0.0;0.0;0;3.08;0;-10.23;0.0;0.0;0.0;1.11
2023;1;226;beauce_5_sa_049;BTH;;3.81;1.97;60.13;25.36;152.24;82.24;158.83;0.08;0.0;0;89.59;0;-43.66;0.03;0.05;1.97;3.81
2023;227;311;beauce_5_sa_049;solnu;;0.0;0.0;29.4;-109.61;0.0;158.83;78.6;0.01;0.0;0;0;0;-32.78;0.01;0.01;0.0;0.0
2023;312;365;beauce_5_sa_049;BTH;;2.31;0.0;6.1;8.33;1.68;78.88;88.97;0.06;0.0;0;0.99;0;48.0;0.05;0.01;0.0;2.31
2023;1;184;beauce_5_sa_050;BTH;;1.3;0.0;37.59;13.31;46.53;18.54;21.57;0.04;0.0;0;27.38;0;-152.03;0.0;0.03;0.0;1.3
2023;185;261;beauce_5_sa_050;solnu;;0.06;0.0;32.03;-12.11;0.0;21.57;41.41;0.02;0.0;0;0;0;-179.55;0.0;0.01;0.0;0.06
2023;262;365;beauce_5_sa_050;BTH;;1.38;0.0;15.03;-43.29;3.01;41.61;8.75;0.0;0.0;0;1.77;0;-46.01;0.0;0.0;0.0;1.38
2023;1;227;beauce_5_sa_051;BTH;;0.87;0.55;57.67;13.74;89.07;17.58;40.32;0.07;0.0;0;52.41;0;-127.19;0.02;0.04;0.55;0.87
2023;228;291;beauce_5_sa_051;solnu;;0.0;0.0;20.46;-52.45;0.0;40.32;11.77;0.0;0.0;0;0;0;-147.6;0.0;0.0;0.0;0.0
2023;292;365;beauce_5_sa_051;BTH;;1.46;0.0;8.78;-8.97;0.0;11.72;10.31;0.0;0.0;0;0.0;0;38.41;0.0;0.0;0.0;1.46
2023;1;175;beauce_5_sa_052;BTH;;1.03;0.0;32.75;9.73;48.82;18.01;9.37;0.03;0.0;0;28.73;0;-147.93;0.0;0.03;0.0;1.03
2023;176;283;beauce_5_sa_052;solnu;;0.0;0.0;39.72;-2.72;0.0;9.37;46.49;0.02;0.0;0;0;0;-232.58;0.0;0.02;0.0;0.0
2023;284;365;beauce_5_sa_052;BTH;;1.16;0.0;9.2;-37.6;9.0;46.65;7.93;0.0;0.0;0;5.3;0;-38.39;0.0;0.0;0.0;1.16
2023;1;226;beauce_5_sa_053;BTH;;0.88;0.14;56.74;9.96;58.73;14.07;31.68;0.04;0.0;0;34.56;0;-173.58;0.0;0.04;0.14;0.88
2023;227;302;beauce_5_sa_053;solnu;;0.0;0.0;21.41;-47.41;0.0;31.68;6.63;0.0;0.0;0;0;0;-129.33;0.0;0.0;0.0;0.0
2023;303;365;beauce_5_sa_053;BTH;;0.8;0.0;6.87;-7.19;0.0;6.63;5.95;0.0;0.0;0;0.0;0;-10.33;0.0;0.0;0.0;0.8
2023;1;176;beauce_5_sa_054;BTH;;3.57;1.75;34.06;24.31;143.82;76.49;118.28;0.04;0.0;0;86.4;0;-11.66;0.0;0.04;1.75;3.57
2023;177;275;beauce_5_sa_054;solnu;;0.0;0.0;40.22;5.67;0.0;118.28;164.12;0.04;0.0;0;0;0;-155.92;0.01;0.03;0.0;0.0
2023;276;365;beauce_5_sa_054;BTH;;2.0;0.0;11.81;-88.72;38.36;164.34;46.84;0.01;0.0;0;22.57;0;26.63;0.01;0.0;0.0;2.0
2023;1;182;beauce_5_sa_055;BTH;;1.25;0.0;35.95;19.07;53.94;19.63;19.43;0.04;0.0;0;31.74;0;-175.31;0.0;0.03;0.0;1.25
2023;183;262;beauce_5_sa_055;solnu;;0.05;0.0;32.93;-9.36;0.0;19.43;42.22;0.02;0.0;0;0;0;-200.73;0.0;0.02;0.0;0.05
2023;263;365;beauce_5_sa_055;BTH;;1.34;0.0;14.68;-43.97;3.0;42.68;8.58;0.0;0.0;0;1.77;0;-55.75;0.0;0.0;0.0;1.34
2023;1;210;beauce_5_sa_056;BTH;;0.22;0.0;50.18;23.35;50.93;4.85;27.18;0.05;0.0;0;29.97;0;-214.71;0.01;0.04;0.0;0.22
2023;211;268;beauce_5_sa_056;solnu;;0.0;0.0;23.31;-48.79;0.0;27.18;2.77;0.0;0.0;0;0;0;-152.01;0.0;0.0;0.0;0.0
2023;269;365;beauce_5_sa_056;BTH;;0.35;0.0;14.25;-14.24;0.0;2.79;2.43;0.0;0.0;0;0.0;0;3.3;0.0;0.0;0.0;0.35
2023;1;171;beauce_5_sa_057;BTH;;3.21;1.0;32.79;20.63;82.67;69.16;110.28;0.03;0.0;0;48.65;0;-41.14;0.0;0.03;1.0;3.21
2023;172;289;beauce_5_sa_057;solnu;;0.0;0.0;43.89;-36.4;0.0;110.28;117.97;0.05;0.0;0;0;0;-202.22;0.02;0.03;0.0;0.0
2023;290;365;beauce_5_sa_057;BTH;;5.3;0.0;8.96;-40.39;14.11;116.26;67.09;0.04;0.0;0;8.3;0;22.43;0.04;0.0;0.0;5.3
2023;1;190;beauce_5_sa_058;BTH;;0.79;0.61;39.83;26.46;133.37;42.45;20.48;0.08;0.0;0;79.26;0;-48.02;0.04;0.04;0.61;0.79
2023;191;289;beauce_5_sa_058;solnu;;0.0;0.0;38.18;-51.81;0.0;20.48;10.24;0.01;0.0;0;0;0;-179.19;0.0;0.01;0.0;0.0
2023;290;365;beauce_5_sa_058;BTH;;1.2;0.47;9.25;-12.2;1.53;10.24;39.4;0.02;0.0;0;0.9;0;36.87;0.01;0.0;0.47;1.2
2023;1;210;beauce_5_sa_059;BTH;;5.41;2.3;53.26;38.69;151.43;111.44;218.6;0.16;0.0;0;93.63;0;-48.36;0.1;0.06;2.3;5.41
2023;211;266;beauce_5_sa_059;solnu;;0.0;0.0;26.79;-8.68;0.0;218.6;236.68;0.02;0.0;0;0;0;-113.04;0.0;0.01;0.0;0.0
2023;267;365;beauce_5_sa_059;BTH;;8.55;0.0;15.86;-85.62;53.66;237.02;104.66;0.06;0.0;0;31.57;0;59.07;0.05;0.01;0.0;8.55
2023;1;207;beauce_5_sa_060;BTH;;3.87;1.35;49.71;22.05;94.35;81.17;155.58;0.08;0.0;0;60.82;0;-59.9;0.04;0.04;1.35;3.87
2023;208;286;beauce_5_sa_060;solnu;;0.0;0.0;29.89;-7.99;0.0;155.58;177.46;0.01;0.0;0;0;0;-128.37;0.0;0.01;0.0;0.0
2023;287;365;beauce_5_sa_060;BTH;;6.18;0.0;9.65;-85.87;20.12;177.73;74.89;0.04;0.0;0;11.84;0;28.28;0.04;0.0;0.0;6.18
2023;1;203;beauce_5_sa_061;BTH;;2.58;0.98;44.8;27.65;120.01;51.6;74.72;0.08;0.0;0;70.62;0;-175.86;0.03;0.04;0.98;2.58
2023;204;298;beauce_5_sa_061;solnu;;0.0;0.0;33.21;0.8;0.0;74.72;108.7;0.02;0.0;0;0;0;-184.45;0.0;0.02;0.0;0.0
2023;299;365;beauce_5_sa_061;BTH;;1.28;0.0;7.29;-86.07;2.49;108.92;26.14;0.01;0.0;0;1.47;0;-7.57;0.01;0.0;0.0;1.28
2023;1;213;beauce_5_sa_062;BTH;;3.45;1.07;50.62;41.33;100.24;74.2;142.48;0.09;0.0;0;61.64;0;-223.2;0.04;0.06;1.07;3.45
2023;214;281;beauce_5_sa_062;solnu;;0.0;0.0;25.37;-7.74;0.0;142.48;160.11;0.01;0.0;0;0;0;-144.05;0.0;0.01;0.0;0.0
2023;282;365;beauce_5_sa_062;BTH;;5.39;0.0;9.99;-82.19;27.62;160.29;54.86;0.03;0.0;0;16.26;0;-9.15;0.02;0.0;0.0;5.39
2023;1;218;beauce_5_sa_063;BTH;;2.43;0.79;54.34;17.56;80.99;46.2;93.81;0.08;0.0;0;48.54;0;-109.77;0.03;0.04;0.79;2.43
2023;219;281;beauce_5_sa_063;solnu;;0.0;0.0;23.65;-13.44;0.0;93.81;104.01;0.01;0.0;0;0;0;-103.82;0.0;0.01;0.0;0.0
2023;282;365;beauce_5_sa_063;BTH;;3.34;0.0;10.29;-68.46;20.43;104.17;22.06;0.0;0.0;0;12.02;0;16.35;0.0;0.0;0.0;3.34
2023;1;225;beauce_5_sa_064;BTH;;0.5;0.0;58.15;29.19;49.95;7.51;44.34;0.06;0.0;0;29.39;0;-282.56;0.01;0.05;0.0;0.5
2023;226;257;beauce_5_sa_064;solnu;;0.0;0.0;13.17;-52.61;0.0;44.34;4.92;0.0;0.0;0;0;0;-99.09;0.0;0.0;0.0;0.0
2023;258;365;beauce_5_sa_064;BTH;;0.68;0.0;17.52;-17.39;0.0;4.92;4.38;0.0;0.0;0;0.0;0;-4.88;0.0;0.0;0.0;0.68
2023;1;189;beauce_5_sa_065;BTH;;4.17;1.16;41.47;28.29;88.81;79.27;142.49;0.11;0.0;0;56.78;0;-124.94;0.07;0.04;1.16;4.17
2023;190;259;beauce_5_sa_065;solnu;;0.0;0.0;30.41;-6.82;0.0;142.49;166.06;0.02;0.0;0;0;0;-157.34;0.0;0.02;0.0;0.0
2023;260;365;beauce_5_sa_065;BTH;;7.24;0.0;16.16;-80.9;48.84;166.35;45.24;0.01;0.0;0;28.74;0;1.54;0.0;0.01;0.0;7.24
2023;1;173;beauce_5_sa_066;BTH;;2.55;1.11;33.12;19.36;125.47;54.64;62.43;0.06;0.0;0;73.83;0;-74.91;0.02;0.03;1.11;2.55
2023;174;272;beauce_5_sa_066;solnu;;0.0;0.0;39.42;3.39;0.0;62.43;105.21;0.04;0.0;0;0;0;-185.32;0.01;0.03;0.0;0.0
2023;273;365;beauce_5_sa_066;BTH;;2.02;0.0;12.1;-72.99;16.59;105.6;25.72;0.0;0.0;0;9.76;0;-2.23;0.0;0.0;0.0;2.02
2023;1;203;beauce_5_sa_067;BTH;;3.83;0.96;45.4;35.76;200.58;163.56;112.11;0.13;0.0;0;118.41;0;-57.73;0.08;0.05;0.96;3.83
2023;204;285;beauce_5_sa_067;solnu;;0.0;0.0;34.58;-2.17;0.0;112.11;144.51;0.02;0.0;0;0;0;-151.8;0.0;0.02;0.0;0.0
2023;286;365;beauce_5_sa_067;BTH;;1.2;1.3;10.02;-83.95;21.37;144.72;145.57;0.03;0.0;0;12.57;0;30.0;0.03;0.0;1.3;1.2
2023;1;173;beauce_5_sa_068;BTH;;1.09;0.0;32.44;3.5;41.8;18.06;9.81;0.02;0.0;0;24.6;0;-113.5;0.0;0.02;0.0;1.09
2023;174;289;beauce_5_sa_068;solnu;;0.0;0.0;41.51;-3.62;0.0;9.81;47.82;0.02;0.0;0;0;0;-220.6;0.0;0.02;0.0;0.0
2023;290;365;beauce_5_sa_068;BTH;;1.17;0.0;8.42;-39.76;6.94;47.97;8.37;0.0;0.0;0;4.08;0;-27.19;0.0;0.0;0.0;1.17
2023;1;211;beauce_5_sa_069;BTH;;2.0;1.06;54.81;43.49;133.46;77.43;119.72;0.18;0.0;0;82.05;0;-158.79;0.12;0.06;1.06;2.0
2023;212;264;beauce_5_sa_069;solnu;;0.0;0.0;25.97;-112.24;0.0;119.72;33.44;0.01;0.0;0;0;0;-43.96;0.0;0.0;0.0;0.0
2023;265;365;beauce_5_sa_069;BTH;;3.6;0.46;18.2;25.81;34.28;33.97;73.74;0.06;0.0;0;20.17;0;65.18;0.03;0.03;0.46;3.6
2023;1;178;beauce_5_sa_070;BTH;;0.98;0.36;33.2;10.01;101.98;19.87;12.56;0.04;0.0;0;60.01;0;-48.71;0.01;0.03;0.36;0.98
2023;179;286;beauce_5_sa_070;solnu;;0.0;0.0;40.44;-3.67;0.0;12.56;49.32;0.02;0.0;0;0;0;-182.63;0.0;0.02;0.0;0.0
2023;287;365;beauce_5_sa_070;BTH;;0.66;0.34;9.1;-48.18;4.86;49.57;33.33;0.01;0.0;0;2.86;0;-52.91;0.01;0.0;0.34;0.66
2023;1;184;beauce_5_sa_071;BTH;;3.42;1.25;37.07;20.87;96.82;72.42;122.08;0.04;0.0;0;56.98;0;-10.97;0.0;0.04;1.25;3.42
2023;185;316;beauce_5_sa_071;solnu;;0.0;0.0;44.02;-76.95;0.0;122.08;89.42;0.04;0.0;0;0;0;-160.22;0.02;0.02;0.0;0.0
2023;317;365;beauce_5_sa_071;BTH;;4.05;0.0;5.06;-8.05;0.64;88.96;81.68;0.05;0.0;0;0.38;0;28.06;0.05;0.0;0.0;4.05
2023;1;231;beauce_5_sa_072;BTH;;3.79;1.82;65.22;24.0;142.04;81.8;161.42;0.14;0.0;0;83.58;0;-78.29;0.09;0.05;1.82;3.79
2023;232;276;beauce_5_sa_072;solnu;;0.0;0.0;18.62;-110.63;0.0;161.42;68.71;0.0;0.0;0;0;0;-40.33;0.0;0.0;0.0;0.0
2023;277;365;beauce_5_sa_072;BTH;;4.37;0.0;13.95;12.23;35.78;68.25;54.71;0.03;0.0;0;21.06;0;86.89;0.01;0.02;0.0;4.37
2023;1;215;beauce_5_sa_073;BTH;;0.73;0.0;51.15;6.96;46.73;11.43;22.05;0.04;0.0;0;27.5;0;-185.67;0.0;0.04;0.0;0.73
2023;216;310;beauce_5_sa_073;solnu;;0.0;0.0;27.89;-44.6;0.0;22.05;5.43;0.01;0.0;0;0;0;-139.67;0.0;0.01;0.0;0.0
2023;311;365;beauce_5_sa_073;BTH;;0.64;0.0;5.74;-5.78;0.0;5.56;4.88;0.0;0.0;0;0.0;0;-9.5;0.0;0.0;0.0;0.64
2023;1;192;beauce_5_sa_074;BTH;;1.41;0.78;41.41;9.09;92.97;28.75;43.12;0.07;0.0;0;54.71;0;-33.14;0.04;0.03;0.78;1.41
2023;193;275;beauce_5_sa_074;solnu;;0.0;0.0;34.09;-8.38;0.0;43.12;68.81;0.02;0.0;0;0;0;-135.21;0.0;0.02;0.0;0.0
2023;276;365;beauce_5_sa_074;BTH;;1.92;0.0;11.67;-54.59;10.52;69.0;13.99;0.0;0.0;0;6.19;0;0.69;0.0;0.0;0.0;1.92
2023;1;226;beauce_5_sa_075;BTH;;2.73;0.78;59.77;27.86;75.31;57.03;125.06;0.09;0.0;0;44.31;0;-187.31;0.04;0.05;0.78;2.73
2023;227;275;beauce_5_sa_075;solnu;;0.0;0.0;18.17;-87.11;0.0;125.06;56.12;0.0;0.0;0;0;0;-84.51;0.0;0.0;0.0;0.0
2023;276;365;beauce_5_sa_075;BTH;;4.61;0.0;12.7;0.31;26.94;55.63;37.56;0.02;0.0;0;15.85;0;37.03;0.01;0.01;0.0;4.61
2023;1;227;beauce_5_sa_076;BTH;;0.91;0.74;59.22;6.56;98.43;18.15;39.7;0.05;0.0;0;57.92;0;-62.53;0.01;0.04;0.74;0.91
2023;228;298;beauce_5_sa_076;solnu;;0.0;0.0;24.15;-56.11;0.0;39.7;8.71;0.01;0.0;0;0;0;-95.24;0.0;0.01;0.0;0.0
2023;299;365;beauce_5_sa_076;BTH;;0.44;0.0;7.63;-8.82;0.0;8.71;8.39;0.0;0.0;0;0.0;0;3.31;0.0;0.0;0.0;0.44
2023;1;211;beauce_5_sa_077;BTH;;0.86;0.0;50.0;14.74;48.64;14.48;29.68;0.04;0.0;0;28.62;0;-187.79;0.0;0.04;0.0;0.86
2023;212;277;beauce_5_sa_077;solnu;;0.0;0.0;24.28;-47.29;0.0;29.68;7.18;0.0;0.0;0;0;0;-147.18;0.0;0.0;0.0;0.0
2023;278;365;beauce_5_sa_077;BTH;;0.94;0.0;11.32;-11.34;0.0;7.17;6.22;0.0;0.0;0;0.0;0;-11.71;0.0;0.0;0.0;0.94
2023;1;185;beauce_5_sa_078;BTH;;6.33;2.27;38.11;21.31;129.28;135.76;229.8;0.08;0.0;0;83.61;0;22.16;0.05;0.04;2.27;6.33
2023;186;286;beauce_5_sa_078;solnu;;0.0;0.0;39.24;2.37;0.0;229.8;264.01;0.03;0.0;0;0;0;-139.94;0.0;0.03;0.0;0.0
2023;287;365;beauce_5_sa_078;BTH;;5.3;0.0;9.64;-92.28;20.11;264.29;155.87;0.08;0.0;0;11.83;0;39.45;0.08;0.0;0.0;5.3
2023;1;175;beauce_5_sa_079;BTH;;0.68;0.41;33.62;4.22;74.12;14.7;8.11;0.02;0.0;0;43.61;0;-27.02;0.0;0.02;0.41;0.68
2023;176;284;beauce_5_sa_079;solnu;;0.0;0.0;41.72;-42.77;0.0;8.11;7.43;0.02;0.0;0;0;0;-167.57;0.0;0.02;0.0;0.0
2023;285;365;beauce_5_sa_079;BTH;;0.87;0.0;9.8;-10.44;0.0;7.43;6.66;0.0;0.0;0;0.0;0;-7.05;0.0;0.0;0.0;0.87
2023;1;191;beauce_5_sa_080;BTH;;1.27;0.0;39.42;19.78;120.03;25.68;27.84;0.08;0.0;0;70.63;0;-81.87;0.05;0.04;0.0;1.27
2023;192;272;beauce_5_sa_080;solnu;;0.0;0.0;33.28;-8.17;0.0;27.84;52.93;0.02;0.0;0;0;0;-157.28;0.0;0.02;0.0;0.0
2023;273;365;beauce_5_sa_080;BTH;;1.15;0.86;12.04;-52.05;1.86;53.29;76.51;0.01;0.0;0;1.09;0;-47.47;0.01;0.0;0.86;1.15
2023;1;206;beauce_5_sa_081;BTH;;2.7;1.19;48.76;37.82;140.7;65.48;97.36;0.11;0.0;0;83.17;0;-130.39;0.05;0.05;1.19;2.7
2023;207;273;beauce_5_sa_081;solnu;;0.0;0.0;28.98;-8.73;0.0;97.36;117.6;0.02;0.0;0;0;0;-161.99;0.0;0.01;0.0;0.0
2023;274;365;beauce_5_sa_081;BTH;;2.34;0.16;12.51;-81.86;20.76;117.81;37.38;0.0;0.0;0;12.22;0;14.51;0.0;0.0;0.16;2.34
2023;1;178;beauce_5_sa_082;BTH;;0.76;0.0;33.94;6.53;44.87;13.48;8.29;0.02;0.0;0;26.4;0;-92.03;0.0;0.02;0.0;0.76
2023;179;310;beauce_5_sa_082;solnu;;0.0;0.0;44.13;-45.13;0.0;8.29;7.34;0.02;0.0;0;0;0;-206.13;0.0;0.02;0.0;0.0
2023;311;365;beauce_5_sa_082;BTH;;0.86;0.0;5.83;-5.78;0.0;7.38;6.53;0.0;0.0;0;0.0;0;-3.35;0.0;0.0;0.0;0.86
2023;1;222;beauce_5_sa_083;BTH;;3.33;1.59;59.13;43.69;115.34;76.39;179.46;0.19;0.0;0;85.92;0;-284.53;0.13;0.06;1.59;3.33
2023;223;263;beauce_5_sa_083;solnu;;0.0;0.0;19.93;-113.3;0.0;179.46;86.08;0.0;0.0;0;0;0;-65.37;0.0;0.0;0.0;0.0
2023;264;365;beauce_5_sa_083;BTH;;6.04;0.0;18.19;21.96;57.12;86.11;63.02;0.05;0.0;0;33.61;0;73.43;0.03;0.02;0.0;6.04
2023;1;225;beauce_5_sa_084;BTH;;5.27;1.3;61.53;30.29;181.53;111.68;209.6;0.23;0.0;0;106.82;0;-21.74;0.17;0.06;1.3;5.27
2023;226;275;beauce_5_sa_084;solnu;;0.0;0.0;22.12;-13.58;0.0;209.6;218.13;0.01;0.0;0;0;0;-109.37;0.0;0.01;0.0;0.0
2023;276;365;beauce_5_sa_084;BTH;;4.09;1.27;13.17;-89.07;38.46;218.33;99.62;0.04;0.0;0;22.63;0;73.81;0.04;0.0;1.27;4.09
2023;1;173;beauce_5_sa_085;BTH;;5.31;2.49;32.71;34.24;175.57;144.61;216.0;0.08;0.0;0;120.96;0;-108.19;0.04;0.04;2.49;5.31
2023;174;280;beauce_5_sa_085;solnu;;0.0;0.0;41.51;-88.04;0.0;216.0;169.94;0.02;0.0;0;0;0;-99.47;0.0;0.02;0.0;0.0
2023;281;365;beauce_5_sa_085;BTH;;4.04;0.0;11.43;21.24;29.2;170.77;169.25;0.12;0.0;0;17.19;0;41.85;0.1;0.02;0.0;4.04
2023;1;218;beauce_5_sa_086;BTH;;0.92;0.0;52.71;12.29;45.42;15.14;33.76;0.04;0.0;0;26.73;0;-197.34;0.0;0.04;0.0;0.92
2023;219;282;beauce_5_sa_086;solnu;;0.0;0.0;22.74;-48.88;0.0;33.76;7.62;0.0;0.0;0;0;0;-137.85;0.0;0.0;0.0;0.0
2023;283;365;beauce_5_sa_086;BTH;;0.98;0.0;10.02;-10.14;0.0;7.58;6.52;0.0;0.0;0;0.0;0;-10.36;0.0;0.0;0.0;0.98
2023;1;202;beauce_5_sa_087;BTH;;2.57;0.7;46.13;33.45;147.55;91.95;73.51;0.1;0.0;0;87.93;0;-39.96;0.05;0.05;0.7;2.57
2023;203;295;beauce_5_sa_087;solnu;;0.0;0.0;33.39;-5.56;0.0;73.51;101.32;0.02;0.0;0;0;0;-163.56;0.0;0.02;0.0;0.0
2023;296;365;beauce_5_sa_087;BTH;;2.87;0.85;8.05;-89.13;4.41;101.53;76.37;0.04;0.0;0;2.6;0;22.44;0.04;0.0;0.85;2.87
2023;1;199;beauce_5_sa_088;BTH;;0.95;0.0;42.33;18.22;52.98;16.64;23.22;0.04;0.0;0;31.18;0;-232.49;0.0;0.04;0.0;0.95
2023;200;286;beauce_5_sa_088;solnu;;0.0;0.0;30.66;-7.5;0.0;23.22;46.36;0.02;0.0;0;0;0;-193.66;0.0;0.02;0.0;0.0
2023;287;365;beauce_5_sa_088;BTH;;1.05;0.0;8.77;-37.85;9.0;46.61;7.25;0.0;0.0;0;5.3;0;-38.91;0.0;0.0;0.0;1.05
2023;1;178;beauce_5_sa_089;BTH;;0.84;0.86;33.68;4.4;108.92;18.17;10.5;0.03;0.0;0;64.09;0;11.41;0.0;0.02;0.86;0.84
2023;179;280;beauce_5_sa_089;solnu;;0.0;0.0;40.23;-6.21;0.0;10.5;44.5;0.02;0.0;0;0;0;-134.89;0.0;0.02;0.0;0.0
2023;281;365;beauce_5_sa_089;BTH;;0.43;0.0;10.34;-43.93;4.5;44.9;8.55;0.0;0.0;0;2.65;0;-43.29;0.0;0.0;0.0;0.43
2023;1;223;beauce_5_sa_090;BTH;;1.1;0.0;54.41;14.82;46.49;18.36;39.95;0.04;0.0;0;27.36;0;-234.27;0.0;0.04;0.0;1.1
2023;224;284;beauce_5_sa_090;solnu;;0.0;0.0;20.51;-15.73;0.0;39.95;44.72;0.01;0.0;0;0;0;-133.16;0.0;0.01;0.0;0.0
2023;285;365;beauce_5_sa_090;BTH;;1.18;0.0;9.32;-37.58;7.5;44.9;7.94;0.0;0.0;0;4.41;0;-27.44;0.0;0.0;0.0;1.18
2023;1;200;beauce_5_sa_091;BTH;;5.68;1.82;45.59;49.25;151.59;137.59;211.51;0.12;0.0;0;95.6;0;-67.21;0.06;0.06;1.82;5.68
2023;201;281;beauce_5_sa_091;solnu;;0.0;0.0;32.78;-3.34;0.0;211.51;240.93;0.02;0.0;0;0;0;-156.18;0.0;0.02;0.0;0.0
2023;282;365;beauce_5_sa_091;BTH;;6.71;0.38;10.46;-90.23;27.66;241.13;155.33;0.08;0.0;0;16.27;0;32.77;0.08;0.0;0.38;6.71
2023;1;200;beauce_5_sa_092;BTH;;3.0;0.99;44.13;34.95;173.88;98.97;74.99;0.1;0.0;0;103.49;0;-36.38;0.05;0.05;0.99;3.0
2023;201;285;beauce_5_sa_092;solnu;;0.0;0.0;34.85;-4.29;0.0;74.99;105.53;0.02;0.0;0;0;0;-175.01;0.0;0.02;0.0;0.0
2023;286;365;beauce_5_sa_092;BTH;;2.1;0.79;9.82;-78.66;16.47;105.73;77.28;0.04;0.0;0;9.69;0;23.75;0.04;0.0;0.79;2.1
2023;1;227;beauce_5_sa_093;BTH;;3.73;0.85;58.23;19.11;84.26;63.28;116.01;0.07;0.0;0;49.58;0;-190.43;0.02;0.05;0.85;3.73
2023;228;305;beauce_5_sa_093;solnu;;0.0;0.0;22.32;-10.8;0.0;116.01;127.53;0.01;0.0;0;0;0;-107.88;0.0;0.01;0.0;0.0
2023;306;365;beauce_5_sa_093;BTH;;4.38;0.0;6.58;-76.57;2.88;127.73;50.23;0.04;0.0;0;1.7;0;-1.23;0.04;0.0;0.0;4.38
2023;1;199;beauce_5_sa_094;BTH;;1.25;0.92;46.96;36.09;91.25;33.8;92.92;0.12;0.0;0;60.64;0;-184.63;0.07;0.05;0.92;1.25
2023;200;261;beauce_5_sa_094;solnu;;0.0;0.0;29.95;-101.19;0.0;92.92;21.68;0.0;0.0;0;0;0;-92.82;0.0;0.0;0.0;0.0
2023;262;365;beauce_5_sa_094;BTH;;2.85;0.0;18.41;10.69;18.19;21.69;29.7;0.03;0.0;0;10.71;0;44.01;0.01;0.02;0.0;2.85
2023;1;204;beauce_5_sa_095;BTH;;2.05;1.0;50.94;42.53;127.87;76.86;115.4;0.19;0.0;0;81.47;0;-199.68;0.14;0.06;1.0;2.05
2023;205;258;beauce_5_sa_095;solnu;;0.0;0.0;27.11;-108.16;0.0;115.4;34.35;0.0;0.0;0;0;0;-47.48;0.0;0.0;0.0;0.0
2023;259;365;beauce_5_sa_095;BTH;;4.2;0.38;19.76;16.81;25.12;33.91;70.36;0.05;0.0;0;14.78;0;50.48;0.03;0.02;0.38;4.2
2023;1;230;beauce_5_sa_096;BTH;;6.77;1.92;64.79;48.12;181.2;197.26;265.51;0.17;0.0;0;107.01;0;-87.66;0.1;0.07;1.92;6.77
2023;231;281;beauce_5_sa_096;solnu;;0.0;0.0;20.83;-98.87;0.0;265.51;187.45;0.01;0.0;0;0;0;-69.93;0.01;0.0;0.0;0.0
2023;282;365;beauce_5_sa_096;BTH;;6.13;0.83;11.89;1.76;27.7;186.78;229.13;0.11;0.0;0;16.3;0;96.34;0.1;0.01;0.83;6.13
2023;1;207;beauce_5_sa_097;BTH;;0.55;0.16;48.74;16.51;59.73;11.06;28.23;0.04;0.0;0;35.15;0;-155.79;0.01;0.04;0.16;0.55
2023;208;272;beauce_5_sa_097;solnu;;0.0;0.0;25.92;-49.62;0.0;28.23;6.02;0.0;0.0;0;0;0;-158.49;0.0;0.0;0.0;0.0
2023;273;365;beauce_5_sa_097;BTH;;0.79;0.0;12.82;-12.91;0.0;6.0;5.22;0.0;0.0;0;0.0;0;-0.12;0.0;0.0;0.0;0.79
2023;1;199;beauce_5_sa_098;BTH;;10.21;3.08;46.67;57.89;140.71;201.97;386.13;0.2;0.0;0;101.06;0;-139.87;0.14;0.06;3.08;10.21
2023;200;257;beauce_5_sa_098;solnu;;0.0;0.0;28.4;-6.38;0.0;386.13;408.13;0.02;0.0;0;0;0;-159.11;0.0;0.01;0.0;0.0
2023;258;365;beauce_5_sa_098;BTH;;19.01;0.0;17.56;-77.83;79.19;408.56;249.55;0.11;0.0;0;46.6;0;33.67;0.1;0.01;0.0;19.01
2023;1;228;beauce_5_sa_099;BTH;;0.93;0.0;58.11;8.02;46.36;14.45;33.25;0.04;0.0;0;27.28;0;-217.07;0.0;0.04;0.0;0.93
2023;229;311;beauce_5_sa_099;solnu;;0.0;0.0;21.4;-47.79;0.0;33.25;6.96;0.0;0.0;0;0;0;-126.41;0.0;0.0;0.0;0.0
2023;312;365;beauce_5_sa_099;BTH;;0.81;0.0;5.56;-5.63;0.0;6.92;6.17;0.0;0.0;0;0.0;0;-7.03;0.0;0.0;0.0;0.81
2024;1;224;beauce_5_sa_000;BTH;;2.66;0.91;53.17;15.16;110.95;11.96;34.44;0.16;0.05;0;65.29;0;2.85;0.12;0.04;0.91;2.66
2024;225;311;beauce_5_sa_000;solnu;;2.16;0.0;31.46;-45.51;0.0;34.44;22.05;0.03;0.02;0;0;0;-145.43;0.02;0.01;0.0;2.16
2024;312;366;beauce_5_sa_000;BTH;;0.67;0.0;7.35;-9.47;0.0;22.05;21.44;0.0;0.0;0;0.0;0;-9.83;0.0;0.0;0.0;0.67
2024;1;195;beauce_5_sa_001;BTH;;11.62;0.0;39.42;17.94;129.93;112.71;27.28;0.09;0.0;0;77.36;0;57.45;0.05;0.04;0.0;11.62
2024;196;310;beauce_5_sa_001;solnu;;4.57;0.0;45.18;-49.59;0.0;27.28;24.78;0.02;0.01;0;0;0;-203.26;0.01;0.02;0.0;4.57
2024;311;366;beauce_5_sa_001;BTH;;0.87;1.29;7.58;-14.26;3.29;24.78;111.08;0.04;0.0;0;1.93;0;33.21;0.04;0.0;1.29;0.87
2024;1;199;beauce_5_sa_002;BTH;;2.09;0.0;39.99;18.66;40.6;9.06;25.0;0.04;0.0;0;25.66;0;-142.81;0.0;0.04;0.0;2.09
2024;200;264;beauce_5_sa_002;solnu;;1.86;0.0;29.62;-10.66;0.0;25.0;42.0;0.06;0.04;0;0;0;-176.76;0.05;0.01;0.0;1.86
2024;265;366;beauce_5_sa_002;BTH;;0.89;0.0;18.87;-43.7;0.0;42.56;16.28;0.0;0.0;0;0.0;0;-59.73;0.0;0.0;0.0;0.89
2024;1;201;beauce_5_sa_003;BTH;;7.51;0.95;42.42;46.63;123.41;46.03;73.83;0.06;0.0;0;73.24;0;-74.06;0.01;0.05;0.95;7.51
2024;202;315;beauce_5_sa_003;solnu;;6.29;0.0;43.01;-56.9;0.0;73.83;53.53;0.18;0.07;0;0;0;-209.35;0.15;0.03;0.0;6.29
2024;316;366;beauce_5_sa_003;BTH;;1.61;0.0;6.83;-6.96;0.0;53.46;51.95;0.0;0.0;0;0.0;0;11.41;0.0;0.0;0.0;1.61
2024;1;226;beauce_5_sa_004;BTH;;21.7;1.4;55.3;51.67;156.91;118.02;151.38;0.22;0.08;0;93.58;0;-110.49;0.16;0.06;1.4;21.7
2024;227;310;beauce_5_sa_004;solnu;;10.63;0.0;30.67;-6.88;0.0;151.38;164.39;0.1;0.06;0;0;0;-145.35;0.09;0.02;0.0;10.63
2024;311;366;beauce_5_sa_004;BTH;;3.33;0.0;7.65;-62.45;0.0;164.66;106.45;0.0;0.0;0;0.0;0;8.71;0.0;0.0;0.0;3.33
2024;1;224;beauce_5_sa_005;BTH;;46.57;2.74;60.4;60.26;159.26;153.81;272.58;0.66;0.17;0;132.19;0;-139.29;0.59;0.07;2.74;46.57
2024;225;261;beauce_5_sa_005;solnu;;22.6;0.0;18.7;-12.25;0.0;272.58;256.3;0.06;0.07;0;0;0;-99.36;0.05;0.01;0.0;22.6
2024;262;366;beauce_5_sa_005;BTH;;11.95;0.0;21.92;-53.54;15.33;256.84;197.4;0.01;0.0;0;9.02;0;79.58;0.0;0.01;0.0;11.95
2024;1;174;beauce_5_sa_006;BTH;;8.51;0.0;30.44;23.99;81.31;58.73;22.28;0.05;0.0;0;48.47;0;6.98;0.01;0.03;0.0;8.51
2024;175;315;beauce_5_sa_006;solnu;;5.0;0.0;53.82;-46.54;0.0;22.28;25.86;0.05;0.03;0;0;0;-215.77;0.03;0.03;0.0;5.0
2024;316;366;beauce_5_sa_006;BTH;;0.84;0.74;6.71;-12.05;2.77;25.9;72.04;0.03;0.0;0;1.63;0;13.32;0.03;0.0;0.74;0.84
2024;1;200;beauce_5_sa_007;BTH;;5.82;0.96;41.74;38.03;175.7;49.67;20.37;0.16;0.02;0;104.14;0;1.36;0.1;0.05;0.96;5.82
2024;201;297;beauce_5_sa_007;solnu;;0.61;0.0;40.14;3.67;0.0;20.37;63.47;0.07;0.03;0;0;0;-159.16;0.04;0.03;0.0;0.61
2024;298;366;beauce_5_sa_007;BTH;;0.89;0.54;10.0;-67.16;3.29;63.7;43.65;0.02;0.0;0;1.93;0;-1.24;0.02;0.0;0.54;0.89
2024;1;190;beauce_5_sa_008;BTH;;15.4;0.9;38.14;54.6;197.92;138.43;83.67;0.18;0.01;0;127.05;0;-7.66;0.13;0.06;0.9;15.4
2024;191;286;beauce_5_sa_008;solnu;;5.6;0.0;42.26;9.79;0.0;83.67;130.13;0.16;0.08;0;0;0;-170.65;0.13;0.03;0.0;5.6
2024;287;366;beauce_5_sa_008;BTH;;3.18;1.29;13.56;-72.26;5.96;130.61;158.56;0.04;0.0;0;3.51;0;21.7;0.04;0.0;1.29;3.18
2024;1;184;beauce_5_sa_009;BTH;;1.99;1.18;35.88;28.8;132.69;4.29;22.42;0.08;0.0;0;78.08;0;-5.71;0.04;0.04;1.18;1.99
2024;185;277;beauce_5_sa_009;solnu;;2.27;0.0;43.06;-45.67;0.0;22.42;23.48;0.08;0.06;0;0;0;-197.45;0.06;0.02;0.0;2.27
2024;278;366;beauce_5_sa_009;BTH;;1.24;0.0;15.63;-12.23;1.58;23.33;24.06;0.0;0.0;0;0.93;0;49.57;0.0;0.0;0.0;1.24
2024;1;192;beauce_5_sa_010;BTH;;1.46;0.61;36.96;10.17;93.08;7.43;4.46;0.08;0.01;0;55.55;0;-30.38;0.05;0.03;0.61;1.46
2024;193;293;beauce_5_sa_010;solnu;;0.53;0.0;41.68;1.77;0.0;4.46;47.36;0.05;0.02;0;0;0;-174.37;0.02;0.03;0.0;0.53
2024;294;366;beauce_5_sa_010;BTH;;0.37;0.0;10.76;-50.07;0.0;48.01;9.03;0.01;0.0;0;0.0;0;-34.69;0.0;0.0;0.0;0.37
2024;1;182;beauce_5_sa_011;BTH;;1.03;0.0;32.94;8.83;41.57;5.23;3.12;0.03;0.0;0;24.46;0;-89.93;0.0;0.03;0.0;1.03
2024;183;297;beauce_5_sa_011;solnu;;0.65;0.0;46.67;-42.18;0.0;3.12;6.94;0.03;0.02;0;0;0;-228.49;0.01;0.02;0.0;0.65
2024;298;366;beauce_5_sa_011;BTH;;0.27;0.0;9.54;-9.53;0.0;6.83;6.68;0.0;0.0;0;0.0;0;-14.09;0.0;0.0;0.0;0.27
2024;1;173;beauce_5_sa_012;BTH;;2.14;0.0;28.6;20.84;48.32;9.41;8.36;0.03;0.0;0;31.08;0;-141.7;0.0;0.03;0.0;2.14
2024;174;264;beauce_5_sa_012;solnu;;1.56;0.0;38.87;1.54;0.0;8.36;47.09;0.07;0.04;0;0;0;-242.09;0.04;0.03;0.0;1.56
2024;265;366;beauce_5_sa_012;BTH;;0.88;0.0;18.33;-48.28;0.0;47.69;16.26;0.0;0.0;0;0.0;0;-90.8;0.0;0.0;0.0;0.88
2024;1;172;beauce_5_sa_013;BTH;;11.55;1.77;31.61;43.5;154.83;74.3;114.73;0.11;0.01;0;100.3;0;19.3;0.06;0.05;1.77;11.55
2024;173;289;beauce_5_sa_013;solnu;;10.12;0.0;52.13;-61.65;0.0;114.73;95.36;0.22;0.1;0;0;0;-183.07;0.18;0.03;0.0;10.12
2024;290;366;beauce_5_sa_013;BTH;;4.61;0.0;13.25;-13.17;0.0;95.54;90.84;0.0;0.0;0;0.0;0;63.86;0.0;0.0;0.0;4.61
2024;1;205;beauce_5_sa_014;BTH;;2.0;0.96;45.62;19.64;118.04;3.44;20.82;0.08;0.0;0;69.46;0;5.57;0.04;0.04;0.96;2.0
2024;206;279;beauce_5_sa_014;solnu;;1.75;0.0;33.93;-47.36;0.0;20.82;13.52;0.03;0.04;0;0;0;-243.95;0.03;0.01;0.0;1.75
2024;280;366;beauce_5_sa_014;BTH;;0.72;0.0;15.02;-14.66;0.0;13.53;13.15;0.0;0.0;0;0.0;0;80.71;0.0;0.0;0.0;0.72
2024;1;226;beauce_5_sa_015;BTH;;5.8;1.71;54.99;52.94;190.71;20.8;60.22;0.17;0.06;0;113.04;0;-39.13;0.1;0.07;1.71;5.8
2024;227;297;beauce_5_sa_015;solnu;;3.82;0.0;28.14;-4.03;0.0;60.22;80.43;0.05;0.03;0;0;0;-131.18;0.04;0.02;0.0;3.82
2024;298;366;beauce_5_sa_015;BTH;;1.68;0.0;9.92;-47.72;0.0;80.65;41.05;0.0;0.0;0;0.0;0;3.73;0.0;0.0;0.0;1.68
2024;1;191;beauce_5_sa_016;BTH;;0.83;0.21;37.33;19.19;55.98;3.57;19.31;0.04;0.0;0;32.94;0;-71.97;0.0;0.03;0.21;0.83
2024;192;258;beauce_5_sa_016;solnu;;1.44;0.0;32.32;-35.51;0.0;19.31;15.6;0.05;0.05;0;0;0;-187.11;0.04;0.01;0.0;1.44
2024;259;366;beauce_5_sa_016;BTH;;0.84;0.0;22.02;-20.57;2.23;15.52;14.6;0.0;0.0;0;1.31;0;-29.73;0.0;0.0;0.0;0.84
2024;1;206;beauce_5_sa_017;BTH;;3.2;0.0;41.46;37.47;91.46;31.18;15.93;0.06;0.0;0;55.12;0;-172.69;0.01;0.05;0.0;3.2
2024;207;293;beauce_5_sa_017;solnu;;1.7;0.0;33.96;-1.4;0.0;15.93;46.71;0.05;0.03;0;0;0;-208.55;0.03;0.02;0.0;1.7
2024;294;366;beauce_5_sa_017;BTH;;0.51;0.42;10.13;-54.5;2.34;47.35;31.85;0.02;0.0;0;1.38;0;-67.24;0.02;0.0;0.42;0.51
2024;1;220;beauce_5_sa_018;BTH;;27.88;2.14;52.3;64.99;196.75;174.29;226.93;0.29;0.1;0;117.93;0;-93.67;0.22;0.07;2.14;27.88
2024;221;301;beauce_5_sa_018;solnu;;15.3;0.0;32.34;-78.14;0.0;226.93;165.68;0.08;0.06;0;0;0;-128.14;0.07;0.01;0.0;15.3
2024;302;366;beauce_5_sa_018;BTH;;6.54;0.0;9.47;-9.44;0.0;165.67;159.18;0.0;0.0;0;0.0;0;54.72;0.0;0.0;0.0;6.54
2024;1;182;beauce_5_sa_019;BTH;;16.08;2.25;34.83;59.45;191.22;103.33;157.52;0.2;0.01;0;127.88;0;-49.5;0.15;0.06;2.25;16.08
2024;183;283;beauce_5_sa_019;solnu;;9.51;0.0;44.6;14.48;0.0;157.52;207.0;0.25;0.12;0;0;0;-200.75;0.21;0.04;0.0;9.51
2024;284;366;beauce_5_sa_019;BTH;;5.51;0.0;14.25;-80.62;12.99;207.59;122.11;0.01;0.0;0;7.65;0;11.58;0.01;0.0;0.0;5.51
2024;1;230;beauce_5_sa_020;BTH;;9.26;2.09;56.42;49.24;216.16;32.78;69.61;0.26;0.07;0;127.19;0;-38.42;0.19;0.07;2.09;9.26
2024;231;309;beauce_5_sa_020;solnu;;3.33;0.0;28.59;-3.95;0.0;69.61;90.8;0.07;0.04;0;0;0;-128.43;0.05;0.02;0.0;3.33
2024;310;366;beauce_5_sa_020;BTH;;1.63;0.0;7.85;-45.42;0.0;91.16;52.06;0.0;0.0;0;0.0;0;-1.7;0.0;0.0;0.0;1.63
2024;1;208;beauce_5_sa_021;BTH;;26.27;1.95;43.77;66.38;199.11;176.33;207.4;0.12;0.0;0;118.97;0;-122.45;0.05;0.07;1.95;26.27
2024;209;305;beauce_5_sa_021;solnu;;12.51;0.0;37.69;7.17;0.0;207.4;239.34;0.28;0.12;0;0;0;-187.39;0.25;0.03;0.0;12.51
2024;306;366;beauce_5_sa_021;BTH;;6.18;0.0;8.27;-83.95;4.62;238.94;152.85;0.02;0.0;0;2.72;0;5.02;0.02;0.0;0.0;6.18
2024;1;228;beauce_5_sa_022;BTH;;3.06;1.12;56.03;26.24;143.32;11.31;31.3;0.13;0.05;0;84.34;0;4.67;0.07;0.05;1.12;3.06
2024;229;296;beauce_5_sa_022;solnu;;1.64;0.0;26.78;-41.71;0.0;31.3;19.16;0.02;0.02;0;0;0;-169.0;0.01;0.01;0.0;1.64
2024;297;366;beauce_5_sa_022;BTH;;0.75;0.0;10.15;-12.96;0.0;19.01;18.33;0.0;0.0;0;0.0;0;-6.84;0.0;0.0;0.0;0.75
2024;1;192;beauce_5_sa_023;BTH;;5.36;1.29;39.39;32.52;120.83;27.02;69.33;0.14;0.02;0;82.17;0;39.06;0.1;0.04;1.29;5.36
2024;193;284;beauce_5_sa_023;solnu;;5.48;0.0;42.2;4.01;0.0;69.33;109.82;0.16;0.09;0;0;0;-157.85;0.13;0.03;0.0;5.48
2024;285;366;beauce_5_sa_023;BTH;;2.33;0.0;14.14;-68.19;1.5;110.04;51.97;0.0;0.0;0;0.88;0;30.39;0.0;0.0;0.0;2.33
2024;1;224;beauce_5_sa_024;BTH;;3.38;0.0;52.82;21.99;61.36;12.2;22.19;0.06;0.02;0;36.62;0;-112.81;0.02;0.05;0.0;3.38
2024;225;311;beauce_5_sa_024;solnu;;1.18;0.0;30.78;-38.54;0.0;22.19;13.2;0.03;0.01;0;0;0;-169.04;0.02;0.01;0.0;1.18
2024;312;366;beauce_5_sa_024;BTH;;0.42;0.27;7.24;-22.98;3.29;13.2;15.93;0.01;0.0;0;1.93;0;-31.07;0.01;0.0;0.27;0.42
2024;1;191;beauce_5_sa_025;BTH;;12.55;2.11;40.23;48.2;189.9;61.61;103.85;0.14;0.01;0;120.06;0;2.76;0.09;0.05;2.11;12.55
2024;192;290;beauce_5_sa_025;solnu;;6.05;0.0;45.04;-61.39;0.0;103.85;81.42;0.18;0.09;0;0;0;-141.85;0.16;0.02;0.0;6.05
2024;291;366;beauce_5_sa_025;BTH;;4.14;0.0;13.14;-13.05;0.0;81.63;77.38;0.0;0.0;0;0.0;0;75.47;0.0;0.0;0.0;4.14
2024;1;178;beauce_5_sa_026;BTH;;1.13;0.0;31.78;8.53;40.12;5.76;3.5;0.02;0.0;0;23.61;0;-82.79;0.0;0.02;0.0;1.13
2024;179;286;beauce_5_sa_026;solnu;;0.7;0.0;44.85;-36.21;0.0;3.5;11.42;0.04;0.03;0;0;0;-235.21;0.02;0.02;0.0;0.7
2024;287;366;beauce_5_sa_026;BTH;;0.4;0.0;12.92;-15.62;0.0;8.87;8.33;0.0;0.0;0;0.0;0;-24.58;0.0;0.0;0.0;0.4
2024;1;200;beauce_5_sa_027;BTH;;2.49;0.77;42.19;16.9;114.86;12.61;10.56;0.12;0.02;0;68.15;0;47.13;0.08;0.04;0.77;2.49
2024;201;306;beauce_5_sa_027;solnu;;0.78;0.0;42.29;-42.04;0.0;10.56;11.02;0.04;0.02;0;0;0;-153.53;0.01;0.02;0.0;0.78
2024;307;366;beauce_5_sa_027;BTH;;0.39;0.22;8.42;-24.61;2.15;10.88;11.1;0.0;0.0;0;1.27;0;-4.31;0.0;0.0;0.22;0.39
2024;1;201;beauce_5_sa_028;BTH;;22.92;2.59;47.04;38.42;169.78;179.72;266.28;0.31;0.03;0;128.61;0;-141.55;0.26;0.05;2.59;22.92
2024;202;270;beauce_5_sa_028;solnu;;29.56;0.0;34.72;-103.58;0.0;266.28;167.62;0.17;0.07;0;0;0;-7.83;0.17;0.01;0.0;29.56
2024;271;366;beauce_5_sa_028;BTH;;8.3;0.0;19.0;26.52;33.64;168.22;171.15;0.04;0.0;0;19.8;0;87.23;0.01;0.03;0.0;8.3
2024;1;190;beauce_5_sa_029;BTH;;11.5;2.07;40.01;45.79;184.11;64.05;107.42;0.13;0.01;0;110.14;0;-3.09;0.08;0.05;2.07;11.5
2024;191;305;beauce_5_sa_029;solnu;;7.22;0.0;50.13;-68.91;0.0;107.42;81.33;0.18;0.09;0;0;0;-94.2;0.16;0.02;0.0;7.22
2024;306;366;beauce_5_sa_029;BTH;;3.21;0.0;9.24;-8.86;0.0;80.93;78.49;0.0;0.0;0;0.0;0;60.87;0.0;0.0;0.0;3.21
2024;1;207;beauce_5_sa_030;BTH;;7.1;1.37;49.12;51.39;138.24;46.49;103.84;0.12;0.0;0;90.32;0;-30.55;0.06;0.06;1.37;7.1
2024;208;265;beauce_5_sa_030;solnu;;10.03;0.0;29.24;-44.68;0.0;103.84;75.37;0.17;0.1;0;0;0;-140.22;0.16;0.01;0.0;10.03
2024;266;366;beauce_5_sa_030;BTH;;3.77;0.17;20.2;-27.0;6.41;69.82;72.75;0.01;0.0;0;3.77;0;49.35;0.01;0.0;0.17;3.77
2024;1;215;beauce_5_sa_031;BTH;;10.7;1.25;50.78;59.68;115.03;57.56;135.22;0.29;0.03;0;97.7;0;-212.83;0.22;0.07;1.25;10.7
2024;216;260;beauce_5_sa_031;solnu;;18.25;0.0;21.87;-10.74;0.0;135.22;127.84;0.15;0.12;0;0;0;-135.43;0.14;0.01;0.0;18.25
2024;261;366;beauce_5_sa_031;BTH;;5.2;0.0;21.04;-49.57;11.86;128.31;84.41;0.0;0.0;0;6.98;0;-36.63;0.0;0.0;0.0;5.2
2024;1;194;beauce_5_sa_032;BTH;;2.16;0.0;40.1;18.68;113.05;74.06;17.55;0.09;0.0;0;66.52;0;16.64;0.06;0.04;0.0;2.16
2024;195;271;beauce_5_sa_032;solnu;;1.66;0.0;36.82;-52.17;0.0;17.55;8.75;0.02;0.02;0;0;0;-211.84;0.01;0.01;0.0;1.66
2024;272;366;beauce_5_sa_032;BTH;;0.42;0.92;17.42;-13.0;2.77;8.84;9.97;0.0;0.0;0;1.63;0;93.89;0.0;0.0;0.92;0.42
2024;1;223;beauce_5_sa_033;BTH;;3.85;0.0;50.71;24.44;38.94;11.59;43.82;0.1;0.04;0;26.45;0;-221.55;0.06;0.05;0.0;3.85
2024;224;258;beauce_5_sa_033;solnu;;2.06;0.0;16.21;-15.68;0.0;43.82;42.23;0.02;0.02;0;0;0;-116.03;0.02;0.0;0.0;2.06
2024;259;366;beauce_5_sa_033;BTH;;1.47;0.0;21.14;-35.49;3.23;42.61;24.31;0.0;0.0;0;1.9;0;-67.68;0.0;0.0;0.0;1.47
2024;1;173;beauce_5_sa_034;BTH;;1.96;0.0;29.54;17.68;48.28;9.87;5.41;0.03;0.0;0;28.41;0;-81.9;0.0;0.03;0.0;1.96
2024;174;317;beauce_5_sa_034;solnu;;1.47;0.0;52.96;-43.46;0.0;5.41;13.39;0.07;0.03;0;0;0;-324.04;0.04;0.03;0.0;1.47
2024;318;366;beauce_5_sa_034;BTH;;0.39;0.0;6.25;-6.63;0.0;13.21;12.62;0.0;0.0;0;0.0;0;-8.91;0.0;0.0;0.0;0.39
2024;1;224;beauce_5_sa_035;BTH;;10.96;1.54;55.85;37.79;147.57;29.43;79.67;0.19;0.07;0;95.72;0;10.04;0.13;0.06;1.54;10.96
2024;225;285;beauce_5_sa_035;solnu;;4.62;0.0;25.71;-9.62;0.0;79.67;91.06;0.04;0.04;0;0;0;-116.7;0.03;0.01;0.0;4.62
2024;286;366;beauce_5_sa_035;BTH;;2.37;0.0;13.75;-51.05;0.0;91.44;53.15;0.0;0.0;0;0.0;0;4.06;0.0;0.0;0.0;2.37
2024;1;197;beauce_5_sa_036;BTH;;0.81;0.0;39.08;7.4;47.18;4.12;2.55;0.03;0.0;0;27.76;0;-90.01;0.0;0.03;0.0;0.81
2024;198;298;beauce_5_sa_036;solnu;;0.36;0.0;40.48;-40.25;0.0;2.55;3.09;0.02;0.01;0;0;0;-227.69;0.01;0.02;0.0;0.36
2024;299;366;beauce_5_sa_036;BTH;;0.12;0.0;9.38;-9.45;0.0;3.09;2.97;0.0;0.0;0;0.0;0;-10.52;0.0;0.0;0.0;0.12
2024;1;208;beauce_5_sa_037;BTH;;1.81;1.56;45.59;16.55;173.41;8.99;12.83;0.14;0.02;0;102.04;0;58.22;0.1;0.04;1.56;1.81
2024;209;299;beauce_5_sa_037;solnu;;0.39;0.0;39.32;-45.18;0.0;12.83;10.05;0.03;0.02;0;0;0;-135.49;0.01;0.01;0.0;0.39
2024;300;366;beauce_5_sa_037;BTH;;0.39;0.0;9.93;-9.98;0.0;10.05;9.6;0.0;0.0;0;0.0;0;72.76;0.0;0.0;0.0;0.39
2024;1;196;beauce_5_sa_038;BTH;;8.94;1.04;41.09;44.69;126.74;60.36;86.7;0.07;0.0;0;78.67;0;-90.86;0.02;0.05;1.04;8.94
2024;197;295;beauce_5_sa_038;solnu;;7.68;0.0;42.54;-60.46;0.0;86.7;61.54;0.16;0.08;0;0;0;-191.86;0.14;0.02;0.0;7.68
2024;296;366;beauce_5_sa_038;BTH;;2.43;0.0;10.6;-10.62;0.0;61.53;59.09;0.0;0.0;0;0.0;0;41.14;0.0;0.0;0.0;2.43
2024;1;192;beauce_5_sa_039;BTH;;0.64;0.79;38.61;21.61;97.14;3.19;24.69;0.12;0.02;0;57.16;0;-15.82;0.09;0.04;0.79;0.64
2024;193;283;beauce_5_sa_039;solnu;;1.93;0.0;41.48;-50.02;0.0;24.69;20.02;0.07;0.05;0;0;0;-187.31;0.06;0.01;0.0;1.93
2024;284;366;beauce_5_sa_039;BTH;;1.05;0.0;14.35;-12.38;0.57;19.87;20.35;0.0;0.0;0;0.34;0;47.61;0.0;0.0;0.0;1.05
2024;1;173;beauce_5_sa_040;BTH;;15.92;1.82;30.76;52.49;145.99;113.2;169.31;0.11;0.0;0;110.57;0;-54.89;0.06;0.05;1.82;15.92
2024;174;274;beauce_5_sa_040;solnu;;14.77;0.0;44.77;13.77;0.0;169.31;213.73;0.26;0.12;0;0;0;-210.12;0.22;0.04;0.0;14.77
2024;275;366;beauce_5_sa_040;BTH;;6.3;0.0;16.26;-82.39;13.79;214.28;127.5;0.0;0.0;0;8.12;0;7.45;0.0;0.0;0.0;6.3
2024;1;192;beauce_5_sa_041;BTH;;6.93;2.46;40.82;31.44;216.28;25.51;57.65;0.21;0.02;0;127.27;0;118.31;0.17;0.04;2.46;6.93
2024;193;305;beauce_5_sa_041;solnu;;0.04;0.0;48.09;-54.51;0.0;57.65;51.19;0.12;0.05;0;0;0;-73.84;0.09;0.02;0.0;0.04
2024;306;366;beauce_5_sa_041;BTH;;2.02;0.0;9.43;-9.58;0.0;50.96;49.02;0.0;0.0;0;0.0;0;78.22;0.0;0.0;0.0;2.02
2024;1;189;beauce_5_sa_042;BTH;;1.98;0.0;34.08;16.65;52.86;10.13;6.04;0.03;0.0;0;31.11;0;-168.44;0.0;0.03;0.0;1.98
2024;190;313;beauce_5_sa_042;solnu;;1.19;0.0;44.4;6.68;0.0;6.04;55.84;0.08;0.03;0;0;0;-280.89;0.05;0.03;0.0;1.19
2024;314;366;beauce_5_sa_042;BTH;;0.39;0.0;6.45;-49.04;0.0;56.02;12.86;0.0;0.0;0;0.0;0;-31.47;0.0;0.0;0.0;0.39
2024;1;229;beauce_5_sa_043;BTH;;1.83;0.0;53.93;12.37;47.06;6.41;23.71;0.06;0.02;0;27.69;0;-173.89;0.02;0.04;0.0;1.83
2024;230;307;beauce_5_sa_043;solnu;;0.95;0.0;27.05;-36.74;0.0;23.71;13.02;0.03;0.02;0;0;0;-157.07;0.02;0.01;0.0;0.95
2024;308;366;beauce_5_sa_043;BTH;;0.45;0.0;7.77;-8.84;0.0;12.84;12.47;0.0;0.0;0;0.0;0;-30.48;0.0;0.0;0.0;0.45
2024;1;216;beauce_5_sa_044;BTH;;1.06;0.0;47.32;12.78;49.81;5.37;14.62;0.04;0.0;0;29.31;0;-150.59;0.0;0.04;0.0;1.06
2024;217;301;beauce_5_sa_044;solnu;;1.21;0.0;32.49;-10.24;0.0;14.62;35.58;0.05;0.03;0;0;0;-193.69;0.03;0.02;0.0;1.21
2024;302;366;beauce_5_sa_044;BTH;;0.36;0.0;8.85;-36.21;0.0;35.87;8.78;0.01;0.0;0;0.0;0;-34.19;0.0;0.0;0.0;0.36
2024;1;202;beauce_5_sa_045;BTH;;14.64;2.21;45.38;52.66;205.47;74.21;117.14;0.18;0.01;0;129.23;0;-45.22;0.12;0.06;2.21;14.64
2024;203;290;beauce_5_sa_045;solnu;;6.94;0.0;39.74;-60.63;0.0;117.14;89.03;0.18;0.1;0;0;0;-129.74;0.16;0.02;0.0;6.94
2024;291;366;beauce_5_sa_045;BTH;;4.51;0.0;12.98;-13.06;0.0;89.06;84.43;0.0;0.0;0;0.0;0;72.76;0.0;0.0;0.0;4.51
2024;1;188;beauce_5_sa_046;BTH;;0.67;0.0;35.5;17.02;37.36;2.96;17.4;0.03;0.0;0;21.99;0;-93.7;0.0;0.03;0.0;0.67
2024;189;257;beauce_5_sa_046;solnu;;1.24;0.0;32.5;-34.13;0.0;17.4;14.43;0.05;0.04;0;0;0;-183.89;0.04;0.01;0.0;1.24
2024;258;366;beauce_5_sa_046;BTH;;0.78;0.0;22.18;-17.99;3.9;14.67;13.93;0.0;0.0;0;2.3;0;-55.6;0.0;0.0;0.0;0.78
2024;1;219;beauce_5_sa_047;BTH;;24.15;2.46;55.97;67.63;191.56;121.49;212.5;0.48;0.16;0;136.35;0;-110.33;0.4;0.07;2.46;24.15
2024;220;275;beauce_5_sa_047;solnu;;14.12;0.0;26.4;-6.91;0.0;212.5;217.74;0.07;0.05;0;0;0;-132.72;0.06;0.01;0.0;14.12
2024;276;366;beauce_5_sa_047;BTH;;7.59;0.0;16.5;-67.35;4.5;218.37;154.8;0.0;0.0;0;2.65;0;44.35;0.0;0.0;0.0;7.59
2024;1;222;beauce_5_sa_048;BTH;;3.78;0.75;50.96;34.7;107.88;14.32;44.13;0.19;0.07;0;66.56;0;-138.46;0.14;0.05;0.75;3.78
2024;223;291;beauce_5_sa_048;solnu;;2.4;0.0;26.48;-6.27;0.0;44.13;61.88;0.03;0.03;0;0;0;-129.72;0.02;0.01;0.0;2.4
2024;292;366;beauce_5_sa_048;BTH;;1.29;0.0;11.24;-45.7;0.0;62.5;28.96;0.01;0.0;0;0.0;0;-71.22;0.01;0.0;0.0;1.29
2024;1;226;beauce_5_sa_049;BTH;;13.57;1.97;56.25;57.71;203.49;89.16;132.7;0.31;0.11;0;120.73;0;-91.99;0.24;0.07;1.97;13.57
2024;227;312;beauce_5_sa_049;solnu;;4.36;0.0;32.79;-59.9;0.0;132.7;101.64;0.05;0.06;0;0;0;-92.45;0.05;0.01;0.0;4.36
2024;313;366;beauce_5_sa_049;BTH;;3.07;0.0;7.53;-7.71;0.0;101.5;98.4;0.0;0.0;0;0.0;0;50.12;0.0;0.0;0.0;3.07
2024;1;184;beauce_5_sa_050;BTH;;2.04;0.0;33.99;13.78;38.87;8.75;15.6;0.03;0.0;0;24.64;0;-97.39;0.0;0.03;0.0;2.04
2024;185;262;beauce_5_sa_050;solnu;;1.51;0.0;35.31;-8.03;0.0;15.6;41.27;0.06;0.04;0;0;0;-207.39;0.04;0.02;0.0;1.51
2024;263;366;beauce_5_sa_050;BTH;;0.82;0.0;20.03;-45.88;0.0;41.97;14.6;0.0;0.0;0;0.0;0;-63.58;0.0;0.0;0.0;0.82
2024;1;227;beauce_5_sa_051;BTH;;4.74;0.55;53.9;18.3;90.72;10.35;28.27;0.1;0.03;0;53.38;0;-83.58;0.05;0.05;0.55;4.74
2024;228;292;beauce_5_sa_051;solnu;;1.56;0.0;25.5;-40.53;0.0;28.27;16.53;0.01;0.02;0;0;0;-229.41;0.01;0.0;0.0;1.56
2024;293;366;beauce_5_sa_051;BTH;;0.66;0.0;10.91;-10.97;0.0;16.8;15.92;0.0;0.0;0;0.0;0;36.62;0.0;0.0;0.0;0.66
2024;1;175;beauce_5_sa_052;BTH;;1.57;0.0;29.5;11.36;41.33;7.91;4.39;0.03;0.0;0;29.62;0;-124.77;0.0;0.03;0.0;1.57
2024;176;284;beauce_5_sa_052;solnu;;1.15;0.0;43.95;2.42;0.0;4.39;49.56;0.06;0.04;0;0;0;-260.93;0.03;0.03;0.0;1.15
2024;285;366;beauce_5_sa_052;BTH;;0.56;0.0;12.73;-46.01;3.0;49.75;12.71;0.0;0.0;0;1.77;0;-54.24;0.0;0.0;0.0;0.56
2024;1;226;beauce_5_sa_053;BTH;;1.69;0.14;52.45;13.1;57.83;5.88;22.46;0.06;0.02;0;34.03;0;-137.47;0.02;0.04;0.14;1.69
2024;227;303;beauce_5_sa_053;solnu;;0.94;0.0;27.65;-40.24;0.0;22.46;12.07;0.02;0.02;0;0;0;-197.88;0.01;0.01;0.0;0.94
2024;304;366;beauce_5_sa_053;BTH;;0.47;0.0;8.45;-9.05;0.0;12.01;11.61;0.0;0.0;0;0.0;0;4.78;0.0;0.0;0.0;0.47
2024;1;176;beauce_5_sa_054;BTH;;7.86;1.75;32.99;51.2;152.9;47.01;99.82;0.09;0.0;0;112.55;0;-18.82;0.03;0.05;1.75;7.86
2024;177;276;beauce_5_sa_054;solnu;;7.03;0.0;45.91;11.72;0.0;99.82;150.24;0.21;0.1;0;0;0;-194.51;0.18;0.04;0.0;7.03
2024;277;366;beauce_5_sa_054;BTH;;3.87;0.0;16.02;-73.78;9.01;150.62;79.6;0.0;0.0;0;5.3;0;22.25;0.0;0.0;0.0;3.87
2024;1;182;beauce_5_sa_055;BTH;;1.97;0.0;32.46;17.45;42.88;8.58;13.61;0.03;0.0;0;27.0;0;-132.34;0.0;0.03;0.0;1.97
2024;183;263;beauce_5_sa_055;solnu;;1.5;0.0;36.09;-4.43;0.0;13.61;43.66;0.06;0.04;0;0;0;-205.98;0.04;0.02;0.0;1.5
2024;264;366;beauce_5_sa_055;BTH;;0.83;0.0;19.07;-44.89;1.66;44.16;15.36;0.0;0.0;0;0.98;0;-75.31;0.0;0.0;0.0;0.83
2024;1;210;beauce_5_sa_056;BTH;;0.51;0.0;44.97;19.58;43.31;2.38;23.13;0.04;0.0;0;25.48;0;-154.94;0.0;0.04;0.0;0.51
2024;211;269;beauce_5_sa_056;solnu;;1.46;0.0;27.69;-39.17;0.0;23.13;12.89;0.04;0.04;0;0;0;-197.94;0.04;0.0;0.0;1.46
2024;270;366;beauce_5_sa_056;BTH;;0.69;0.0;17.56;-13.59;2.55;12.93;13.61;0.0;0.0;0;1.5;0;-3.18;0.0;0.0;0.0;0.69
2024;1;171;beauce_5_sa_057;BTH;;10.53;1.0;30.07;36.27;95.86;67.2;100.64;0.06;0.0;0;64.71;0;-34.22;0.02;0.04;1.0;10.53
2024;172;290;beauce_5_sa_057;solnu;;10.02;0.0;50.52;-51.3;0.0;100.64;89.75;0.2;0.1;0;0;0;-241.41;0.17;0.03;0.0;10.02
2024;291;366;beauce_5_sa_057;BTH;;3.72;0.0;12.31;-20.44;0.0;85.63;77.89;0.0;0.0;0;0.0;0;29.65;0.0;0.0;0.0;3.72
2024;1;190;beauce_5_sa_058;BTH;;3.88;0.61;37.42;25.15;128.64;39.26;13.9;0.1;0.02;0;76.6;0;6.49;0.06;0.04;0.61;3.88
2024;191;290;beauce_5_sa_058;solnu;;1.61;0.0;43.5;-46.62;0.0;13.9;14.97;0.03;0.03;0;0;0;-213.68;0.02;0.02;0.0;1.61
2024;291;366;beauce_5_sa_058;BTH;;0.84;0.47;12.21;-12.97;3.29;14.98;44.89;0.02;0.0;0;1.93;0;47.71;0.02;0.0;0.47;0.84
2024;1;210;beauce_5_sa_059;BTH;;13.99;2.3;51.77;60.12;173.6;104.86;200.79;0.34;0.02;0;133.73;0;-82.08;0.27;0.07;2.3;13.99
2024;211;267;beauce_5_sa_059;solnu;;21.55;0.0;28.99;-6.12;0.0;200.79;201.77;0.22;0.13;0;0;0;-141.57;0.21;0.02;0.0;21.55
2024;268;366;beauce_5_sa_059;BTH;;7.05;0.0;19.41;-71.48;12.98;202.12;129.67;0.0;0.0;0;7.64;0;71.42;0.0;0.0;0.0;7.05
2024;1;207;beauce_5_sa_060;BTH;;11.87;1.35;46.6;51.73;130.46;74.96;131.77;0.08;0.0;0;88.61;0;-62.47;0.02;0.06;1.35;11.87
2024;208;287;beauce_5_sa_060;solnu;;11.25;0.0;35.39;-3.81;0.0;131.77;151.77;0.21;0.12;0;0;0;-161.46;0.19;0.02;0.0;11.25
2024;288;366;beauce_5_sa_060;BTH;;3.88;0.0;13.29;-71.06;3.0;152.19;87.15;0.01;0.0;0;1.77;0;31.91;0.01;0.0;0.0;3.88
2024;1;203;beauce_5_sa_061;BTH;;5.24;0.98;41.18;64.1;154.48;26.14;44.84;0.16;0.02;0;92.37;0;-151.0;0.1;0.06;0.98;5.24
2024;204;299;beauce_5_sa_061;solnu;;1.94;0.0;37.34;6.77;0.0;44.84;86.83;0.12;0.06;0;0;0;-206.95;0.1;0.03;0.0;1.94
2024;300;366;beauce_5_sa_061;BTH;;1.47;0.0;9.2;-58.98;0.0;87.05;35.97;0.01;0.0;0;0.0;0;-25.21;0.01;0.0;0.0;1.47
2024;1;213;beauce_5_sa_062;BTH;;9.25;1.07;46.65;67.37;123.29;55.0;116.37;0.11;0.0;0;88.8;0;-203.76;0.04;0.07;1.07;9.25
2024;214;282;beauce_5_sa_062;solnu;;10.22;0.0;29.4;-3.64;0.0;116.37;131.62;0.18;0.11;0;0;0;-167.94;0.17;0.02;0.0;10.22
2024;283;366;beauce_5_sa_062;BTH;;3.44;0.0;13.7;-63.28;3.0;132.07;75.66;0.0;0.0;0;1.77;0;-21.28;0.0;0.0;0.0;3.44
2024;1;218;beauce_5_sa_063;BTH;;6.63;0.79;51.23;30.46;83.16;22.06;72.95;0.17;0.06;0;60.96;0;-68.37;0.12;0.05;0.79;6.63
2024;219;282;beauce_5_sa_063;solnu;;3.12;0.0;27.82;-9.3;0.0;72.95;79.72;0.05;0.03;0;0;0;-123.13;0.03;0.01;0.0;3.12
2024;283;366;beauce_5_sa_063;BTH;;1.84;0.0;14.36;-52.95;0.0;80.14;40.68;0.0;0.0;0;0.0;0;-10.07;0.0;0.0;0.0;1.84
2024;1;225;beauce_5_sa_064;BTH;;1.42;0.0;52.53;24.71;38.52;4.29;41.53;0.1;0.04;0;22.67;0;-204.09;0.06;0.05;0.0;1.42
2024;226;258;beauce_5_sa_064;solnu;;1.85;0.0;15.73;-31.82;0.0;41.53;24.64;0.02;0.02;0;0;0;-117.46;0.02;0.0;0.0;1.85
2024;259;366;beauce_5_sa_064;BTH;;1.34;0.0;21.64;-21.28;2.69;24.64;22.13;0.0;0.0;0;1.58;0;-43.7;0.0;0.0;0.0;1.34
2024;1;189;beauce_5_sa_065;BTH;;9.06;1.16;37.61;49.34;92.19;45.37;117.37;0.11;0.0;0;82.99;0;-107.97;0.06;0.05;1.16;9.06
2024;190;260;beauce_5_sa_065;solnu;;12.49;0.0;34.51;-1.28;0.0;117.37;137.8;0.19;0.11;0;0;0;-174.37;0.17;0.02;0.0;12.49
2024;261;366;beauce_5_sa_065;BTH;;4.81;0.0;21.39;-64.83;12.61;138.34;76.93;0.0;0.0;0;7.42;0;4.72;0.0;0.0;0.0;4.81
2024;1;173;beauce_5_sa_066;BTH;;5.25;1.11;30.57;24.63;104.15;25.7;53.24;0.15;0.02;0;71.04;0;-15.03;0.12;0.03;1.11;5.25
2024;174;273;beauce_5_sa_066;solnu;;5.61;0.0;44.49;14.09;0.0;53.24;106.99;0.17;0.08;0;0;0;-187.55;0.13;0.04;0.0;5.61
2024;274;366;beauce_5_sa_066;BTH;;2.54;0.0;16.65;-65.26;4.5;107.64;51.52;0.0;0.0;0;2.65;0;-17.33;0.0;0.0;0.0;2.54
2024;1;203;beauce_5_sa_067;BTH;;16.15;0.96;44.83;62.17;204.11;145.7;104.04;0.2;0.01;0;132.68;0;-60.67;0.14;0.06;0.96;16.15
2024;204;286;beauce_5_sa_067;solnu;;6.65;0.0;36.57;2.51;0.0;104.04;136.21;0.17;0.09;0;0;0;-160.64;0.14;0.02;0.0;6.65
2024;287;366;beauce_5_sa_067;BTH;;3.57;1.3;13.51;-68.91;5.96;136.68;168.84;0.04;0.0;0;3.51;0;24.72;0.04;0.0;1.3;3.57
2024;1;173;beauce_5_sa_068;BTH;;1.63;0.0;29.13;10.53;40.37;8.34;4.5;0.02;0.0;0;27.84;0;-104.54;0.0;0.02;0.0;1.63
2024;174;290;beauce_5_sa_068;solnu;;1.2;0.0;46.76;1.01;0.0;4.5;51.02;0.06;0.03;0;0;0;-270.29;0.03;0.03;0.0;1.2
2024;291;366;beauce_5_sa_068;BTH;;0.57;0.0;11.54;-43.85;5.24;51.46;12.88;0.01;0.0;0;3.08;0;-44.42;0.01;0.0;0.0;0.57
2024;1;211;beauce_5_sa_069;BTH;;7.1;1.06;52.1;43.29;131.4;73.92;109.98;0.27;0.02;0;97.49;0;-185.58;0.21;0.06;1.06;7.1
2024;212;265;beauce_5_sa_069;solnu;;13.66;0.0;27.88;-62.63;0.0;109.98;63.72;0.09;0.06;0;0;0;-111.57;0.09;0.0;0.0;13.66
2024;266;366;beauce_5_sa_069;BTH;;3.31;0.46;20.29;-14.15;6.36;63.5;94.4;0.03;0.0;0;3.74;0;99.58;0.02;0.0;0.46;3.31
2024;1;178;beauce_5_sa_070;BTH;;3.32;0.36;31.99;15.01;94.16;32.66;8.44;0.04;0.0;0;58.27;0;-21.46;0.01;0.03;0.36;3.32
2024;179;287;beauce_5_sa_070;solnu;;1.53;0.0;45.07;2.38;0.0;8.44;54.37;0.06;0.03;0;0;0;-201.98;0.03;0.03;0.0;1.53
2024;288;366;beauce_5_sa_070;BTH;;0.68;0.34;12.62;-54.49;0.57;54.77;38.15;0.01;0.0;0;0.34;0;-38.61;0.0;0.0;0.34;0.68
2024;1;184;beauce_5_sa_071;BTH;;12.47;1.25;36.04;42.34;119.45;81.77;119.98;0.08;0.0;0;70.67;0;-16.48;0.04;0.05;1.25;12.47
2024;185;317;beauce_5_sa_071;solnu;;11.72;0.0;51.83;-70.58;0.0;119.98;89.37;0.21;0.1;0;0;0;-196.0;0.18;0.03;0.0;11.72
2024;318;366;beauce_5_sa_071;BTH;;2.64;0.0;6.68;-6.74;0.0;89.32;86.68;0.0;0.0;0;0.0;0;30.67;0.0;0.0;0.0;2.64
2024;1;231;beauce_5_sa_072;BTH;;12.36;1.82;62.22;56.26;165.44;54.9;131.28;0.35;0.13;0;118.41;0;-186.37;0.28;0.07;1.82;12.36
2024;232;277;beauce_5_sa_072;solnu;;8.85;0.0;21.02;-50.35;0.0;131.28;95.59;0.05;0.07;0;0;0;-115.35;0.04;0.0;0.0;8.85
2024;278;366;beauce_5_sa_072;BTH;;5.07;0.0;15.99;-16.32;0.0;95.37;90.19;0.0;0.0;0;0.0;0;79.02;0.0;0.0;0.0;5.07
2024;1;215;beauce_5_sa_073;BTH;;0.95;0.0;46.84;9.47;48.09;4.82;12.13;0.03;0.0;0;28.3;0;-129.98;0.0;0.03;0.0;0.95
2024;216;311;beauce_5_sa_073;solnu;;1.02;0.0;34.88;-39.96;0.0;12.13;6.88;0.04;0.02;0;0;0;-208.54;0.02;0.01;0.0;1.02
2024;312;366;beauce_5_sa_073;BTH;;0.2;0.0;7.08;-7.23;0.0;6.83;6.55;0.0;0.0;0;0.0;0;-10.65;0.0;0.0;0.0;0.2
2024;1;192;beauce_5_sa_074;BTH;;2.8;0.78;38.31;10.7;91.37;13.91;27.03;0.11;0.02;0;59.95;0;21.91;0.08;0.03;0.78;2.8
2024;193;276;beauce_5_sa_074;solnu;;2.61;0.0;39.36;-1.55;0.0;27.03;62.09;0.09;0.06;0;0;0;-141.48;0.06;0.02;0.0;2.61
2024;277;366;beauce_5_sa_074;BTH;;1.11;0.0;15.53;-54.07;1.5;62.44;22.97;0.0;0.0;0;0.88;0;-12.76;0.0;0.0;0.0;1.11
2024;1;226;beauce_5_sa_075;BTH;;9.91;0.78;56.37;45.68;91.25;37.71;96.72;0.18;0.07;0;69.54;0;-220.04;0.12;0.06;0.78;9.91
2024;227;276;beauce_5_sa_075;solnu;;5.19;0.0;22.43;-53.15;0.0;96.72;65.59;0.04;0.05;0;0;0;-169.69;0.04;0.0;0.0;5.19
2024;277;366;beauce_5_sa_075;BTH;;3.47;0.0;15.69;-16.9;0.0;65.19;61.73;0.0;0.0;0;0.0;0;32.76;0.0;0.0;0.0;3.47
2024;1;227;beauce_5_sa_076;BTH;;1.81;0.74;54.6;15.06;104.82;8.38;26.43;0.11;0.04;0;61.68;0;-9.26;0.07;0.04;0.74;1.81
2024;228;299;beauce_5_sa_076;solnu;;1.33;0.0;27.54;-41.73;0.0;26.43;15.49;0.02;0.02;0;0;0;-190.9;0.01;0.01;0.0;1.33
2024;300;366;beauce_5_sa_076;BTH;;0.61;0.0;9.44;-12.43;0.0;15.49;14.95;0.0;0.0;0;0.0;0;0.48;0.0;0.0;0.0;0.61
2024;1;211;beauce_5_sa_077;BTH;;1.28;0.0;45.29;15.62;44.61;6.22;21.19;0.04;0.0;0;26.25;0;-141.22;0.0;0.04;0.0;1.28
2024;212;278;beauce_5_sa_077;solnu;;1.52;0.0;29.83;-39.01;0.0;21.19;12.2;0.04;0.04;0;0;0;-201.28;0.03;0.01;0.0;1.52
2024;279;366;beauce_5_sa_077;BTH;;0.65;0.0;14.71;-14.66;0.0;12.36;11.61;0.0;0.0;0;0.0;0;-3.58;0.0;0.0;0.0;0.65
2024;1;185;beauce_5_sa_078;BTH;;22.85;2.27;37.19;49.36;177.02;155.95;211.51;0.16;0.01;0;116.0;0;27.94;0.11;0.05;2.27;22.85
2024;186;287;beauce_5_sa_078;solnu;;15.99;0.0;45.72;8.17;0.0;211.51;249.83;0.27;0.13;0;0;0;-172.12;0.24;0.03;0.0;15.99
2024;288;366;beauce_5_sa_078;BTH;;6.79;0.0;13.63;-89.39;13.99;250.27;153.27;0.02;0.0;0;8.23;0;56.39;0.02;0.0;0.0;6.79
2024;1;175;beauce_5_sa_079;BTH;;1.3;0.41;31.15;6.8;68.84;6.6;3.37;0.03;0.0;0;40.51;0;-4.96;0.0;0.02;0.41;1.3
2024;176;285;beauce_5_sa_079;solnu;;0.85;0.0;46.94;-40.56;0.0;3.37;10.0;0.05;0.03;0;0;0;-199.67;0.02;0.02;0.0;0.85
2024;286;366;beauce_5_sa_079;BTH;;0.49;0.0;13.51;-13.85;0.0;10.0;9.52;0.0;0.0;0;0.0;0;0.34;0.0;0.0;0.0;0.49
2024;1;191;beauce_5_sa_080;BTH;;5.85;0.0;36.97;23.54;109.11;76.0;21.99;0.08;0.0;0;65.3;0;-34.45;0.04;0.04;0.0;5.85
2024;192;273;beauce_5_sa_080;solnu;;3.16;0.0;37.28;-2.47;0.0;21.99;53.54;0.06;0.04;0;0;0;-167.01;0.04;0.02;0.0;3.16
2024;274;366;beauce_5_sa_080;BTH;;1.0;0.86;16.16;-53.48;0.88;54.13;81.53;0.01;0.0;0;0.52;0;-55.95;0.01;0.0;0.86;1.0
2024;1;206;beauce_5_sa_081;BTH;;6.19;1.19;46.13;50.95;133.92;37.18;82.99;0.16;0.02;0;91.02;0;-69.05;0.1;0.06;1.19;6.19
2024;207;274;beauce_5_sa_081;solnu;;6.92;0.0;31.42;-3.49;0.0;82.99;103.74;0.17;0.09;0;0;0;-158.71;0.15;0.02;0.0;6.92
2024;275;366;beauce_5_sa_081;BTH;;2.72;0.16;16.18;-64.36;5.34;104.26;60.48;0.01;0.0;0;3.14;0;-4.83;0.0;0.0;0.16;2.72
2024;1;178;beauce_5_sa_082;BTH;;1.27;0.0;31.69;8.46;41.34;6.51;4.04;0.02;0.0;0;24.33;0;-80.46;0.0;0.02;0.0;1.27
2024;179;311;beauce_5_sa_082;solnu;;0.96;0.0;50.59;-45.23;0.0;4.04;8.39;0.04;0.02;0;0;0;-240.11;0.02;0.02;0.0;0.96
2024;312;366;beauce_5_sa_082;BTH;;0.25;0.0;7.17;-7.05;0.0;8.39;8.25;0.0;0.0;0;0.0;0;-8.4;0.0;0.0;0.0;0.25
2024;1;222;beauce_5_sa_083;BTH;;17.32;1.59;56.72;48.81;111.46;63.2;158.35;0.39;0.14;0;99.2;0;-198.2;0.32;0.06;1.59;17.32
2024;223;264;beauce_5_sa_083;solnu;;11.46;0.0;20.56;-53.75;0.0;158.35;118.11;0.04;0.05;0;0;0;-154.47;0.04;0.0;0.0;11.46
2024;265;366;beauce_5_sa_083;BTH;;6.42;0.0;20.14;-14.37;7.87;118.11;109.8;0.0;0.0;0;4.63;0;83.96;0.0;0.0;0.0;6.42
2024;1;225;beauce_5_sa_084;BTH;;25.33;1.3;60.3;60.85;190.77;195.21;197.14;0.5;0.15;0;134.89;0;-59.73;0.43;0.07;1.3;25.33
2024;226;276;beauce_5_sa_084;solnu;;15.53;0.0;24.12;-10.08;0.0;197.14;195.53;0.06;0.06;0;0;0;-115.0;0.05;0.01;0.0;15.53
2024;277;366;beauce_5_sa_084;BTH;;7.17;1.27;16.26;-54.18;3.0;195.87;147.43;0.0;0.0;0;1.77;0;66.39;0.0;0.0;1.27;7.17
2024;1;173;beauce_5_sa_085;BTH;;22.61;2.49;32.07;38.45;178.01;169.44;223.94;0.2;0.02;0;121.93;0;-66.98;0.16;0.04;2.49;22.61
2024;174;281;beauce_5_sa_085;solnu;;16.58;0.0;49.09;-75.24;0.0;223.94;181.87;0.24;0.11;0;0;0;-59.48;0.21;0.03;0.0;16.58
2024;282;366;beauce_5_sa_085;BTH;;8.37;0.0;15.58;25.9;31.61;182.49;183.3;0.08;0.0;0;18.6;0;23.13;0.05;0.02;0.0;8.37
2024;1;218;beauce_5_sa_086;BTH;;1.96;0.0;48.99;16.17;45.53;6.52;24.09;0.08;0.03;0;26.79;0;-161.15;0.04;0.04;0.0;1.96
2024;219;283;beauce_5_sa_086;solnu;;0.97;0.0;26.99;-35.32;0.0;24.09;12.18;0.02;0.01;0;0;0;-177.24;0.01;0.01;0.0;0.97
2024;284;366;beauce_5_sa_086;BTH;;0.59;0.0;13.54;-14.69;0.0;12.18;11.61;0.0;0.0;0;0.0;0;-26.69;0.0;0.0;0.0;0.59
2024;1;202;beauce_5_sa_087;BTH;;9.7;0.7;43.36;51.64;160.93;76.24;52.83;0.1;0.0;0;97.3;0;-8.67;0.04;0.06;0.7;9.7
2024;203;296;beauce_5_sa_087;solnu;;4.47;0.0;39.77;2.91;0.0;52.83;90.86;0.12;0.06;0;0;0;-168.38;0.1;0.03;0.0;4.47
2024;297;366;beauce_5_sa_087;BTH;;1.74;0.85;10.38;-73.22;3.29;91.37;86.79;0.04;0.0;0;1.93;0;8.4;0.03;0.0;0.85;1.74
2024;1;199;beauce_5_sa_088;BTH;;1.41;0.0;38.85;20.67;54.33;7.21;11.0;0.04;0.0;0;37.27;0;-202.53;0.0;0.04;0.0;1.41
2024;200;287;beauce_5_sa_088;solnu;;0.9;0.0;34.85;-3.29;0.0;11.0;41.58;0.04;0.03;0;0;0;-214.75;0.02;0.02;0.0;0.9
2024;288;366;beauce_5_sa_088;BTH;;0.39;0.0;11.92;-44.38;0.0;41.97;8.96;0.0;0.0;0;0.0;0;-57.82;0.0;0.0;0.0;0.39
2024;1;178;beauce_5_sa_089;BTH;;1.66;0.86;32.78;7.01;105.64;8.55;5.04;0.04;0.0;0;64.81;0;35.53;0.01;0.03;0.86;1.66
2024;179;281;beauce_5_sa_089;solnu;;0.91;0.0;44.75;-0.75;0.0;5.04;48.05;0.06;0.03;0;0;0;-154.52;0.03;0.03;0.0;0.91
2024;282;366;beauce_5_sa_089;BTH;;0.54;0.0;14.51;-52.58;0.0;48.35;11.84;0.0;0.0;0;0.0;0;-27.33;0.0;0.0;0.0;0.54
2024;1;223;beauce_5_sa_090;BTH;;2.33;0.0;50.81;18.09;46.45;7.89;27.95;0.08;0.03;0;31.74;0;-203.39;0.03;0.04;0.0;2.33
2024;224;285;beauce_5_sa_090;solnu;;1.26;0.0;24.16;-13.42;0.0;27.95;37.4;0.02;0.02;0;0;0;-163.35;0.01;0.01;0.0;1.26
2024;286;366;beauce_5_sa_090;BTH;;0.7;0.0;12.69;-35.07;0.0;37.73;15.74;0.0;0.0;0;0.0;0;-42.85;0.0;0.0;0.0;0.7
2024;1;200;beauce_5_sa_091;BTH;;20.86;1.82;43.83;60.17;183.05;155.47;191.77;0.14;0.0;0;123.98;0;-45.75;0.07;0.06;1.82;20.86
2024;201;282;beauce_5_sa_091;solnu;;14.28;0.0;37.1;2.34;0.0;191.77;216.54;0.25;0.13;0;0;0;-158.7;0.23;0.03;0.0;14.28
2024;283;366;beauce_5_sa_091;BTH;;6.19;0.38;14.64;-81.2;13.79;217.01;158.6;0.03;0.0;0;8.11;0;43.38;0.02;0.0;0.38;6.19
2024;1;200;beauce_5_sa_092;BTH;;11.32;0.99;42.93;48.42;173.58;77.14;57.45;0.18;0.02;0;111.84;0;-11.07;0.12;0.06;0.99;11.32
2024;201;286;beauce_5_sa_092;solnu;;3.98;0.0;37.73;1.49;0.0;57.45;92.5;0.11;0.07;0;0;0;-152.9;0.08;0.03;0.0;3.98
2024;287;366;beauce_5_sa_092;BTH;;2.11;0.79;13.4;-66.14;3.29;92.96;93.61;0.03;0.0;0;1.93;0;18.8;0.03;0.0;0.79;2.11
2024;1;227;beauce_5_sa_093;BTH;;10.83;0.85;53.88;58.96;125.46;50.12;90.01;0.17;0.06;0;75.52;0;-184.86;0.1;0.07;0.85;10.83
2024;228;306;beauce_5_sa_093;solnu;;5.45;0.0;28.26;-7.48;0.0;90.01;105.22;0.07;0.04;0;0;0;-166.73;0.06;0.01;0.0;5.45
2024;307;366;beauce_5_sa_093;BTH;;2.23;0.0;8.0;-50.98;0.0;105.42;61.3;0.01;0.0;0;0.0;0;-35.61;0.01;0.0;0.0;2.23
2024;1;199;beauce_5_sa_094;BTH;;4.13;0.92;44.41;39.37;91.05;29.87;86.87;0.11;0.0;0;64.28;0;-150.97;0.06;0.05;0.92;4.13
2024;200;262;beauce_5_sa_094;solnu;;8.31;0.0;31.47;-67.78;0.0;86.87;43.27;0.1;0.05;0;0;0;-112.97;0.1;0.0;0.0;8.31
2024;263;366;beauce_5_sa_094;BTH;;2.36;0.0;21.38;-5.2;9.64;43.27;47.44;0.01;0.0;0;5.67;0;60.46;0.0;0.01;0.0;2.36
2024;1;204;beauce_5_sa_095;BTH;;7.02;1.0;48.07;46.24;122.39;70.54;110.19;0.23;0.03;0;86.8;0;-178.25;0.18;0.06;1.0;7.02
2024;205;259;beauce_5_sa_095;solnu;;14.67;0.0;27.99;-64.81;0.0;110.19;62.52;0.11;0.05;0;0;0;-123.34;0.1;0.0;0.0;14.67
2024;260;366;beauce_5_sa_095;BTH;;3.4;0.38;22.56;-3.18;13.61;62.35;93.68;0.04;0.0;0;8.01;0;71.03;0.02;0.01;0.38;3.4
2024;1;230;beauce_5_sa_096;BTH;;37.41;1.92;61.91;59.87;196.91;229.32;259.51;0.42;0.15;0;132.17;0;-119.89;0.35;0.07;1.92;37.41
2024;231;282;beauce_5_sa_096;solnu;;19.39;0.0;22.95;-66.05;0.0;259.51;196.86;0.07;0.09;0;0;0;-89.01;0.06;0.01;0.0;19.39
2024;283;366;beauce_5_sa_096;BTH;;10.47;0.83;15.23;-16.34;2.96;196.99;244.27;0.03;0.0;0;1.74;0;97.11;0.03;0.0;0.83;10.47
2024;1;207;beauce_5_sa_097;BTH;;1.06;0.16;44.79;16.44;55.83;5.22;21.76;0.04;0.0;0;32.85;0;-102.13;0.0;0.04;0.16;1.06
2024;208;273;beauce_5_sa_097;solnu;;1.47;0.0;30.17;-39.27;0.0;21.76;12.98;0.04;0.04;0;0;0;-196.59;0.04;0.01;0.0;1.47
2024;274;366;beauce_5_sa_097;BTH;;0.69;0.0;16.62;-16.71;0.0;12.98;12.35;0.0;0.0;0;0.0;0;6.47;0.0;0.0;0.0;0.69
2024;1;199;beauce_5_sa_098;BTH;;31.48;3.08;45.18;58.94;152.44;249.77;400.09;0.36;0.02;0;136.3;0;-117.17;0.29;0.06;3.08;31.48
2024;200;258;beauce_5_sa_098;solnu;;55.25;0.0;29.71;-3.52;0.0;400.09;370.56;0.3;0.15;0;0;0;-150.71;0.28;0.02;0.0;55.25
2024;259;366;beauce_5_sa_098;BTH;;16.07;0.0;22.68;-77.91;36.17;371.2;263.09;0.01;0.0;0;21.29;0;63.37;0.0;0.01;0.0;16.07
2024;1;228;beauce_5_sa_099;BTH;;1.73;0.0;53.23;13.14;48.69;6.11;22.03;0.06;0.02;0;28.65;0;-178.18;0.02;0.04;0.0;1.73
2024;229;312;beauce_5_sa_099;solnu;;0.95;0.0;28.27;-38.25;0.0;22.03;11.82;0.02;0.02;0;0;0;-186.69;0.01;0.01;0.0;0.95
2024;313;366;beauce_5_sa_099;BTH;;0.35;0.0;6.81;-7.34;0.0;11.64;11.25;0.0;0.0;0;0.0;0;-2.24;0.0;0.0;0.0;0.35
2025;1;224;beauce_5_sa_000;BTH;;1.79;0.91;62.87;17.79;105.16;21.41;63.1;0.06;0.0;0;61.88;0;-90.95;0.01;0.05;0.91;1.79
2025;225;310;beauce_5_sa_000;solnu;;0.0;0.0;22.56;-66.76;0.0;63.1;19.61;0.04;0.0;0;0;0;-79.99;0.03;0.01;0.0;0.0
2025;311;365;beauce_5_sa_000;BTH;;1.23;0.0;5.46;-5.6;0.0;19.61;18.47;0.0;0.0;0;0.0;0;16.87;0.0;0.0;0.0;1.23
2025;1;195;beauce_5_sa_001;BTH;;3.8;0.0;46.43;26.31;145.26;110.91;34.66;0.1;0.0;0;87.41;0;-26.67;0.05;0.04;0.0;3.8
2025;196;309;beauce_5_sa_001;solnu;;0.0;0.0;34.11;-45.85;0.0;34.66;28.94;0.02;0.0;0;0;0;-198.32;0.01;0.01;0.0;0.0
2025;310;365;beauce_5_sa_001;BTH;;1.76;1.29;5.62;-10.42;0.85;28.82;119.22;0.02;0.0;0;0.5;0;12.48;0.02;0.0;1.29;1.76
2025;1;199;beauce_5_sa_002;BTH;;1.43;0.0;50.54;29.69;53.09;16.23;41.94;0.05;0.0;0;31.24;0;-269.86;0.0;0.05;0.0;1.43
2025;200;263;beauce_5_sa_002;solnu;;0.0;0.0;20.16;-16.38;0.0;41.94;45.71;0.01;0.0;0;0;0;-143.85;0.0;0.01;0.0;0.0
2025;264;365;beauce_5_sa_002;BTH;;1.17;0.0;14.55;-47.76;1.5;46.19;9.82;0.01;0.0;0;0.88;0;-31.86;0.01;0.0;0.0;1.17
2025;1;201;beauce_5_sa_003;BTH;;4.33;0.95;53.57;24.23;89.17;51.77;107.26;0.05;0.0;0;52.47;0;-73.64;0.0;0.05;0.95;4.33
2025;202;314;beauce_5_sa_003;solnu;;0.84;0.0;31.45;-53.72;0.0;107.26;84.06;0.08;0.0;0;0;0;-129.57;0.06;0.02;0.0;0.84
2025;315;365;beauce_5_sa_003;BTH;;2.51;0.0;4.96;-33.71;0.85;82.22;51.94;0.02;0.0;0;0.5;0;18.26;0.02;0.0;0.0;2.51
2025;1;226;beauce_5_sa_004;BTH;;8.88;1.4;65.22;23.48;98.02;106.29;193.29;0.06;0.0;0;57.68;0;-35.51;0.0;0.05;1.4;8.88
2025;227;309;beauce_5_sa_004;solnu;;0.0;0.0;21.96;-11.46;0.0;193.29;203.71;0.08;0.0;0;0;0;-73.18;0.07;0.01;0.0;0.0
2025;310;365;beauce_5_sa_004;BTH;;6.79;0.0;5.73;-81.35;1.6;203.91;119.64;0.06;0.0;0;0.94;0;15.17;0.06;0.0;0.0;6.79
2025;1;224;beauce_5_sa_005;BTH;;16.87;2.74;75.35;40.74;146.21;196.9;355.19;0.19;0.0;0;95.05;0;-124.7;0.12;0.07;2.74;16.87
2025;225;260;beauce_5_sa_005;solnu;;0.0;0.0;15.9;-15.87;0.0;355.19;355.19;0.02;0.0;0;0;0;-105.62;0.01;0.0;0.0;0.0
2025;261;365;beauce_5_sa_005;BTH;;14.29;0.0;17.8;-85.28;61.67;355.52;211.58;0.14;0.03;0;36.29;0;85.78;0.13;0.01;0.0;14.29
2025;1;174;beauce_5_sa_006;BTH;;3.08;0.0;32.89;24.65;101.35;71.95;23.94;0.07;0.0;0;61.27;0;-54.31;0.03;0.03;0.0;3.08
2025;175;314;beauce_5_sa_006;solnu;;0.62;0.0;47.11;-49.36;0.0;23.94;25.04;0.03;0.0;0;0;0;-258.4;0.01;0.02;0.0;0.62
2025;315;365;beauce_5_sa_006;BTH;;1.61;0.74;4.83;-15.2;0.85;24.83;67.5;0.03;0.0;0;0.5;0;14.43;0.03;0.0;0.74;1.61
2025;1;200;beauce_5_sa_007;BTH;;2.27;0.96;51.63;46.45;162.83;43.4;48.69;0.08;0.0;0;97.75;0;-84.38;0.02;0.06;0.96;2.27
2025;201;296;beauce_5_sa_007;solnu;;0.0;0.0;29.26;-6.9;0.0;48.69;71.01;0.04;0.0;0;0;0;-122.78;0.03;0.02;0.0;0.0
2025;297;365;beauce_5_sa_007;BTH;;0.92;0.54;7.85;-64.45;0.85;71.34;53.5;0.01;0.0;0;0.5;0;10.4;0.01;0.0;0.54;0.92
2025;1;190;beauce_5_sa_008;BTH;;7.66;0.9;44.12;51.67;194.32;158.37;119.66;0.12;0.0;0;117.85;0;-57.93;0.06;0.06;0.9;7.66
2025;191;285;beauce_5_sa_008;solnu;;0.0;0.0;35.04;-0.13;0.0;119.66;154.51;0.06;0.0;0;0;0;-158.18;0.04;0.02;0.0;0.0
2025;286;365;beauce_5_sa_008;BTH;;1.43;1.29;10.2;-83.53;15.07;154.91;160.96;0.04;0.0;0;8.87;0;34.88;0.03;0.0;1.29;1.43
2025;1;184;beauce_5_sa_009;BTH;;1.91;1.18;40.46;31.76;141.18;24.1;41.33;0.07;0.0;0;84.01;0;-83.77;0.03;0.04;1.18;1.91
2025;185;276;beauce_5_sa_009;solnu;;0.0;0.0;38.76;-70.1;0.0;41.33;10.77;0.01;0.0;0;0;0;-154.6;0.0;0.01;0.0;0.0
2025;277;365;beauce_5_sa_009;BTH;;0.44;0.0;11.97;-12.12;0.0;10.59;10.17;0.0;0.0;0;0.0;0;52.51;0.0;0.0;0.0;0.44
2025;1;192;beauce_5_sa_010;BTH;;0.75;0.61;44.48;19.42;100.65;8.95;17.27;0.04;0.0;0;59.23;0;-97.06;0.0;0.04;0.61;0.75
2025;193;292;beauce_5_sa_010;solnu;;0.0;0.0;34.4;-4.49;0.0;17.27;47.14;0.04;0.0;0;0;0;-165.5;0.02;0.02;0.0;0.0
2025;293;365;beauce_5_sa_010;BTH;;0.54;0.0;8.33;-47.47;0.0;47.53;8.87;0.0;0.0;0;0.0;0;-32.86;0.0;0.0;0.0;0.54
2025;1;182;beauce_5_sa_011;BTH;;0.55;0.0;36.45;19.39;57.23;6.59;4.7;0.03;0.0;0;33.68;0;-153.28;0.0;0.03;0.0;0.55
2025;183;296;beauce_5_sa_011;solnu;;0.02;0.0;39.54;-42.92;0.0;4.7;4.01;0.02;0.0;0;0;0;-256.11;0.0;0.01;0.0;0.02
2025;297;365;beauce_5_sa_011;BTH;;0.31;0.0;7.36;-7.62;0.0;3.78;3.47;0.0;0.0;0;0.0;0;-4.31;0.0;0.0;0.0;0.31
2025;1;173;beauce_5_sa_012;BTH;;1.41;0.0;31.55;31.59;60.34;16.24;17.61;0.04;0.0;0;35.5;0;-189.1;0.0;0.04;0.0;1.41
2025;174;263;beauce_5_sa_012;solnu;;0.0;0.0;34.11;-5.63;0.0;17.61;46.07;0.02;0.0;0;0;0;-230.17;0.0;0.02;0.0;0.0
2025;264;365;beauce_5_sa_012;BTH;;0.97;0.0;14.03;-48.46;1.5;46.65;9.17;0.01;0.0;0;0.88;0;-59.11;0.01;0.0;0.0;0.97
2025;1;172;beauce_5_sa_013;BTH;;7.64;1.77;33.86;30.84;145.32;90.69;134.31;0.04;0.0;0;85.51;0;33.72;0.0;0.04;1.77;7.64
2025;173;288;beauce_5_sa_013;solnu;;0.0;0.0;43.47;-80.57;0.0;134.31;97.44;0.06;0.0;0;0;0;-138.62;0.03;0.02;0.0;0.0
2025;289;365;beauce_5_sa_013;BTH;;2.49;0.0;10.05;-5.46;14.54;96.2;84.95;0.05;0.0;0;8.56;0;73.06;0.04;0.01;0.0;2.49
2025;1;205;beauce_5_sa_014;BTH;;1.09;0.96;57.34;24.6;126.5;13.17;39.66;0.07;0.0;0;74.44;0;-141.85;0.02;0.05;0.96;1.09
2025;206;278;beauce_5_sa_014;solnu;;0.0;0.0;27.82;-64.84;0.0;39.66;6.43;0.0;0.0;0;0;0;-141.85;0.0;0.0;0.0;0.0
2025;279;365;beauce_5_sa_014;BTH;;0.32;0.0;11.27;-11.38;0.0;6.26;6.0;0.0;0.0;0;0.0;0;62.01;0.0;0.0;0.0;0.32
2025;1;226;beauce_5_sa_015;BTH;;3.44;1.71;61.72;36.35;179.08;41.02;84.71;0.07;0.0;0;105.38;0;-98.25;0.01;0.06;1.71;3.44
2025;227;296;beauce_5_sa_015;solnu;;0.0;0.0;19.93;-11.2;0.0;84.71;93.39;0.05;0.0;0;0;0;-88.36;0.04;0.01;0.0;0.0
2025;297;365;beauce_5_sa_015;BTH;;1.45;0.0;7.8;-68.01;0.0;93.69;31.73;0.01;0.0;0;0.0;0;23.12;0.0;0.0;0.0;1.45
2025;1;191;beauce_5_sa_016;BTH;;1.31;0.21;46.27;24.92;65.6;14.6;34.9;0.05;0.0;0;39.92;0;-198.36;0.01;0.04;0.21;1.31
2025;192;257;beauce_5_sa_016;solnu;;0.0;0.0;26.54;-54.01;0.0;34.9;7.53;0.01;0.0;0;0;0;-170.28;0.0;0.01;0.0;0.0
2025;258;365;beauce_5_sa_016;BTH;;0.7;0.0;17.37;-17.57;0.0;7.53;6.86;0.0;0.0;0;0.0;0;0.68;0.0;0.0;0.0;0.7
2025;1;206;beauce_5_sa_017;BTH;;1.39;0.0;50.54;47.73;92.91;31.56;35.74;0.07;0.0;0;56.05;0;-272.4;0.01;0.06;0.0;1.39
2025;207;292;beauce_5_sa_017;solnu;;0.0;0.0;23.67;-10.4;0.0;35.74;48.98;0.03;0.0;0;0;0;-153.86;0.02;0.01;0.0;0.0
2025;293;365;beauce_5_sa_017;BTH;;1.18;0.42;7.71;-50.11;0.85;49.33;37.37;0.01;0.0;0;0.5;0;-57.72;0.01;0.0;0.42;1.18
2025;1;220;beauce_5_sa_018;BTH;;13.36;2.14;60.21;55.24;146.39;158.9;275.35;0.07;0.0;0;86.14;0;-98.81;0.0;0.07;2.14;13.36
2025;221;300;beauce_5_sa_018;solnu;;0.0;0.0;23.29;-98.26;0.0;275.35;200.3;0.07;0.0;0;0;0;-80.96;0.06;0.01;0.0;0.0
2025;301;365;beauce_5_sa_018;BTH;;6.2;0.0;7.17;-3.62;3.11;199.48;194.46;0.09;0.0;0;1.83;0;52.99;0.08;0.01;0.0;6.2
2025;1;182;beauce_5_sa_019;BTH;;10.34;2.25;36.75;55.08;190.37;121.95;181.99;0.08;0.0;0;119.67;0;-64.41;0.02;0.06;2.25;10.34
2025;183;282;beauce_5_sa_019;solnu;;0.0;0.0;37.99;6.73;0.0;181.99;226.65;0.07;0.0;0;0;0;-180.27;0.04;0.03;0.0;0.0
2025;283;365;beauce_5_sa_019;BTH;;0.89;0.0;10.71;-80.08;23.48;226.95;132.83;0.07;0.0;0;13.82;0;24.38;0.07;0.0;0.0;0.89
2025;1;230;beauce_5_sa_020;BTH;;4.38;2.09;57.44;36.35;223.06;51.95;75.13;0.09;0.0;0;131.26;0;-68.78;0.03;0.06;2.09;4.38
2025;231;308;beauce_5_sa_020;solnu;;0.0;0.0;20.79;-8.59;0.0;75.13;87.28;0.05;0.0;0;0;0;-77.74;0.04;0.01;0.0;0.0
2025;309;365;beauce_5_sa_020;BTH;;0.0;0.0;5.81;-51.9;0.0;87.47;41.18;0.01;0.0;0;0.0;0;15.5;0.01;0.0;0.0;0.0
2025;1;208;beauce_5_sa_021;BTH;;12.79;1.95;51.51;73.82;163.04;152.66;248.63;0.08;0.0;0;98.65;0;-166.87;0.0;0.08;1.95;12.79
2025;209;304;beauce_5_sa_021;solnu;;0.0;0.0;25.46;-4.24;0.0;248.63;269.77;0.07;0.0;0;0;0;-139.59;0.05;0.01;0.0;0.0
2025;305;365;beauce_5_sa_021;BTH;;5.21;0.0;6.08;-88.47;2.24;270.05;179.85;0.09;0.0;0;1.32;0;7.61;0.09;0.0;0.0;5.21
2025;1;228;beauce_5_sa_022;BTH;;1.53;1.12;65.56;22.06;129.46;18.3;59.07;0.06;0.0;0;76.18;0;-78.26;0.01;0.05;1.12;1.53
2025;229;295;beauce_5_sa_022;solnu;;0.0;0.0;18.6;-61.19;0.0;59.07;17.62;0.03;0.0;0;0;0;-89.16;0.03;0.0;0.0;0.0
2025;296;365;beauce_5_sa_022;BTH;;1.34;0.0;8.04;-9.85;0.0;17.62;16.33;0.0;0.0;0;0.0;0;8.74;0.0;0.0;0.0;1.34
2025;1;192;beauce_5_sa_023;BTH;;4.36;1.29;48.22;23.15;108.51;51.87;107.22;0.05;0.0;0;64.74;0;13.16;0.01;0.04;1.29;4.36
2025;193;283;beauce_5_sa_023;solnu;;0.0;0.0;36.43;-4.38;0.0;107.22;139.2;0.07;0.0;0;0;0;-148.09;0.05;0.02;0.0;0.0
2025;284;365;beauce_5_sa_023;BTH;;2.74;0.0;10.76;-87.04;18.35;139.53;41.83;0.01;0.0;0;10.8;0;42.69;0.01;0.0;0.0;2.74
2025;1;224;beauce_5_sa_024;BTH;;1.21;0.0;61.49;31.51;74.51;15.74;33.15;0.06;0.0;0;45.78;0;-240.9;0.0;0.06;0.0;1.21
2025;225;310;beauce_5_sa_024;solnu;;0.09;0.0;21.39;-43.73;0.0;33.15;10.69;0.02;0.0;0;0;0;-128.35;0.02;0.01;0.0;0.09
2025;311;365;beauce_5_sa_024;BTH;;0.82;0.27;5.29;-27.24;0.83;10.63;10.15;0.0;0.0;0;0.49;0;-35.69;0.0;0.0;0.27;0.82
2025;1;191;beauce_5_sa_025;BTH;;6.78;2.11;47.3;35.23;173.6;77.24;137.42;0.09;0.0;0;102.15;0;-0.11;0.04;0.05;2.11;6.78
2025;192;289;beauce_5_sa_025;solnu;;0.0;0.0;37.5;-95.26;0.0;137.42;79.61;0.05;0.0;0;0;0;-105.91;0.04;0.02;0.0;0.0
2025;290;365;beauce_5_sa_025;BTH;;2.56;0.0;10.01;4.51;13.04;79.19;78.49;0.04;0.0;0;7.67;0;82.22;0.03;0.01;0.0;2.56
2025;1;178;beauce_5_sa_026;BTH;;0.69;0.0;35.08;17.87;54.9;8.2;4.28;0.03;0.0;0;32.31;0;-137.48;0.0;0.03;0.0;0.69
2025;179;285;beauce_5_sa_026;solnu;;0.05;0.0;39.52;-38.54;0.0;4.28;5.71;0.03;0.0;0;0;0;-236.48;0.01;0.02;0.0;0.05
2025;286;365;beauce_5_sa_026;BTH;;0.48;0.0;9.51;-10.91;0.0;5.71;5.29;0.0;0.0;0;0.0;0;-30.6;0.0;0.0;0.0;0.48
2025;1;200;beauce_5_sa_027;BTH;;0.93;0.77;52.93;33.49;121.58;11.08;32.68;0.06;0.0;0;72.81;0;-83.09;0.0;0.05;0.77;0.93
2025;201;305;beauce_5_sa_027;solnu;;0.0;0.0;31.06;-54.2;0.0;32.68;10.4;0.04;0.0;0;0;0;-134.56;0.02;0.01;0.0;0.0
2025;306;365;beauce_5_sa_027;BTH;;0.59;0.22;6.21;-23.33;1.0;10.24;9.91;0.0;0.0;0;0.59;0;3.49;0.0;0.0;0.22;0.59
2025;1;201;beauce_5_sa_028;BTH;;13.38;2.59;60.47;41.01;144.87;170.98;308.57;0.12;0.0;0;105.04;0;-239.51;0.06;0.06;2.59;13.38
2025;202;269;beauce_5_sa_028;solnu;;0.0;0.0;29.8;-106.32;0.0;308.57;231.97;0.06;0.01;0;0;0;-50.39;0.05;0.01;0.0;0.0
2025;270;365;beauce_5_sa_028;BTH;;7.53;0.0;14.73;23.53;44.7;232.8;217.87;0.13;0.0;0;26.31;0;71.74;0.11;0.02;0.0;7.53
2025;1;190;beauce_5_sa_029;BTH;;6.59;2.07;44.69;35.85;185.45;78.42;121.85;0.06;0.0;0;109.13;0;-8.83;0.02;0.05;2.07;6.59
2025;191;304;beauce_5_sa_029;solnu;;0.0;0.0;33.58;-101.26;0.0;121.85;54.15;0.02;0.0;0;0;0;-1.93;0.01;0.01;0.0;0.0
2025;305;365;beauce_5_sa_029;BTH;;0.57;0.0;6.99;11.53;2.24;54.57;69.83;0.04;0.0;0;1.32;0;60.85;0.03;0.01;0.0;0.57
2025;1;207;beauce_5_sa_030;BTH;;5.93;1.37;62.34;42.55;136.99;72.61;136.93;0.12;0.0;0;84.38;0;-117.28;0.06;0.06;1.37;5.93
2025;208;264;beauce_5_sa_030;solnu;;0.0;0.0;24.2;-56.91;0.0;136.93;104.22;0.01;0.0;0;0;0;-150.0;0.0;0.01;0.0;0.0
2025;265;365;beauce_5_sa_030;BTH;;2.86;0.17;15.76;-51.96;14.94;98.69;62.78;0.04;0.01;0;8.79;0;94.44;0.04;0.0;0.17;2.86
2025;1;215;beauce_5_sa_031;BTH;;7.76;1.25;62.1;41.64;86.81;84.16;186.92;0.12;0.0;0;58.06;0;-180.07;0.05;0.06;1.25;7.76
2025;216;259;beauce_5_sa_031;solnu;;0.0;0.0;15.87;-14.87;0.0;186.92;187.92;0.0;0.0;0;0;0;-106.33;0.0;0.0;0.0;0.0
2025;260;365;beauce_5_sa_031;BTH;;6.12;0.0;16.99;-73.09;50.53;188.53;75.09;0.07;0.01;0;29.73;0;14.95;0.05;0.01;0.0;6.12
2025;1;194;beauce_5_sa_032;BTH;;0.88;0.0;49.34;22.74;116.96;10.01;32.78;0.1;0.0;0;70.46;0;-123.13;0.06;0.04;0.0;0.88
2025;195;270;beauce_5_sa_032;solnu;;0.0;0.0;32.81;-62.75;0.0;32.78;7.49;0.0;0.0;0;0;0;-178.67;0.0;0.0;0.0;0.0
2025;271;365;beauce_5_sa_032;BTH;;0.38;0.92;13.33;-13.51;0.13;7.49;75.47;0.01;0.0;0;0.07;0;68.12;0.01;0.0;0.92;0.38
2025;1;223;beauce_5_sa_033;BTH;;2.29;0.0;60.1;26.35;46.59;24.11;61.83;0.06;0.0;0;29.31;0;-339.44;0.0;0.05;0.0;2.29
2025;224;257;beauce_5_sa_033;solnu;;0.0;0.0;9.79;-15.38;0.0;61.83;56.24;0.0;0.0;0;0;0;-78.1;0.0;0.0;0.0;0.0
2025;258;365;beauce_5_sa_033;BTH;;1.56;0.0;16.68;-56.8;3.0;56.33;11.55;0.0;0.0;0;1.77;0;-17.22;0.0;0.0;0.0;1.56
2025;1;173;beauce_5_sa_034;BTH;;1.05;0.0;32.08;9.11;44.54;12.59;8.19;0.03;0.0;0;26.21;0;-92.68;0.0;0.03;0.0;1.05
2025;174;316;beauce_5_sa_034;solnu;;0.31;0.0;46.35;-41.3;0.0;8.19;12.89;0.05;0.0;0;0;0;-250.31;0.02;0.03;0.0;0.31
2025;317;365;beauce_5_sa_034;BTH;;0.62;0.0;4.42;-6.44;0.0;11.77;10.24;0.0;0.0;0;0.0;0;-3.38;0.0;0.0;0.0;0.62
2025;1;224;beauce_5_sa_035;BTH;;4.49;1.54;68.06;32.15;153.25;53.1;110.99;0.09;0.0;0;90.18;0;-85.72;0.03;0.06;1.54;4.49
2025;225;284;beauce_5_sa_035;solnu;;0.0;0.0;20.66;-14.59;0.0;110.99;117.0;0.06;0.01;0;0;0;-108.04;0.05;0.01;0.0;0.0
2025;285;365;beauce_5_sa_035;BTH;;2.5;0.0;10.3;-71.16;7.5;117.26;46.15;0.0;0.0;0;4.41;0;41.66;0.0;0.0;0.0;2.5
2025;1;197;beauce_5_sa_036;BTH;;0.25;0.0;47.54;16.65;53.14;3.01;13.73;0.04;0.0;0;31.27;0;-182.89;0.0;0.04;0.0;0.25
2025;198;297;beauce_5_sa_036;solnu;;0.03;0.0;30.3;-41.54;0.0;13.73;3.45;0.02;0.0;0;0;0;-197.06;0.01;0.01;0.0;0.03
2025;298;365;beauce_5_sa_036;BTH;;0.29;0.0;7.16;-7.6;0.0;3.45;3.23;0.0;0.0;0;0.0;0;-14.16;0.0;0.0;0.0;0.29
2025;1;208;beauce_5_sa_037;BTH;;0.8;1.56;52.69;21.66;176.46;9.58;23.67;0.05;0.0;0;103.84;0;-38.61;0.01;0.04;1.56;0.8
2025;209;298;beauce_5_sa_037;solnu;;0.0;0.0;26.5;-50.1;0.0;23.67;4.51;0.0;0.0;0;0;0;-115.14;0.0;0.0;0.0;0.0
2025;299;365;beauce_5_sa_037;BTH;;0.0;0.0;7.62;-7.49;0.0;4.8;4.64;0.0;0.0;0;0.0;0;66.03;0.0;0.0;0.0;0.0
2025;1;196;beauce_5_sa_038;BTH;;4.94;1.04;50.67;27.92;93.24;58.98;117.41;0.05;0.0;0;54.87;0;-53.54;0.0;0.05;1.04;4.94
2025;197;294;beauce_5_sa_038;solnu;;0.0;0.0;33.31;-88.71;0.0;117.41;61.97;0.05;0.0;0;0;0;-126.23;0.04;0.01;0.0;0.0
2025;295;365;beauce_5_sa_038;BTH;;3.6;0.0;8.47;-0.19;6.81;61.48;59.79;0.03;0.0;0;4.01;0;44.0;0.02;0.01;0.0;3.6
2025;1;192;beauce_5_sa_039;BTH;;1.62;0.79;46.77;25.99;98.96;20.36;51.69;0.05;0.0;0;58.57;0;-127.49;0.01;0.04;0.79;1.62
2025;193;282;beauce_5_sa_039;solnu;;0.05;0.0;33.01;-75.62;0.0;51.69;9.1;0.01;0.0;0;0;0;-105.38;0.0;0.01;0.0;0.05
2025;283;365;beauce_5_sa_039;BTH;;0.76;0.0;10.65;-10.63;0.0;9.18;8.36;0.0;0.0;0;0.0;0;48.27;0.0;0.0;0.0;0.76
2025;1;173;beauce_5_sa_040;BTH;;11.08;1.82;33.62;46.62;131.21;127.25;201.98;0.05;0.0;0;85.33;0;-46.15;0.0;0.05;1.82;11.08
2025;174;273;beauce_5_sa_040;solnu;;0.0;0.0;40.41;7.4;0.0;201.98;249.71;0.07;0.0;0;0;0;-196.08;0.04;0.03;0.0;0.0
2025;274;365;beauce_5_sa_040;BTH;;5.28;0.0;12.63;-83.81;40.05;250.14;133.12;0.09;0.0;0;23.57;0;21.64;0.08;0.01;0.0;5.28
2025;1;192;beauce_5_sa_041;BTH;;4.11;2.46;42.6;26.78;225.13;48.93;73.64;0.06;0.0;0;132.47;0;57.3;0.02;0.04;2.46;4.11
2025;193;304;beauce_5_sa_041;solnu;;0.0;0.0;26.67;-72.08;0.0;73.64;28.21;0.01;0.0;0;0;0;-8.54;0.0;0.01;0.0;0.0
2025;305;365;beauce_5_sa_041;BTH;;0.0;0.0;7.16;-7.09;0.0;28.21;28.28;0.0;0.0;0;0.0;0;73.42;0.0;0.0;0.0;0.0
2025;1;189;beauce_5_sa_042;BTH;;1.07;0.0;40.14;28.33;70.79;12.82;7.93;0.04;0.0;0;41.66;0;-239.32;0.0;0.04;0.0;1.07
2025;190;312;beauce_5_sa_042;solnu;;0.06;0.0;34.9;-2.52;0.0;7.93;40.24;0.04;0.0;0;0;0;-232.69;0.02;0.02;0.0;0.06
2025;313;365;beauce_5_sa_042;BTH;;0.9;0.0;4.71;-34.92;0.0;40.37;11.61;0.01;0.0;0;0.0;0;-57.36;0.01;0.0;0.0;0.9
2025;1;229;beauce_5_sa_043;BTH;;1.04;0.0;61.86;13.05;51.86;12.47;34.43;0.05;0.0;0;30.52;0;-267.52;0.0;0.05;0.0;1.04
2025;230;306;beauce_5_sa_043;solnu;;0.13;0.0;18.42;-43.31;0.0;34.43;9.57;0.02;0.0;0;0;0;-105.96;0.02;0.0;0.0;0.13
2025;307;365;beauce_5_sa_043;BTH;;0.77;0.0;5.65;-7.31;0.0;9.57;8.81;0.0;0.0;0;0.0;0;-28.51;0.0;0.0;0.0;0.77
2025;1;216;beauce_5_sa_044;BTH;;0.73;0.0;56.84;15.44;51.16;8.79;29.13;0.04;0.0;0;30.1;0;-238.06;0.0;0.04;0.0;0.73
2025;217;300;beauce_5_sa_044;solnu;;0.06;0.0;22.07;-15.64;0.0;29.13;35.47;0.02;0.0;0;0;0;-133.1;0.02;0.01;0.0;0.06
2025;301;365;beauce_5_sa_044;BTH;;0.67;0.0;6.51;-34.84;0.0;35.69;7.42;0.0;0.0;0;0.0;0;-26.37;0.0;0.0;0.0;0.67
2025;1;202;beauce_5_sa_045;BTH;;7.54;2.21;56.11;41.89;185.95;84.2;154.24;0.1;0.0;0;109.42;0;-67.48;0.04;0.06;2.21;7.54
2025;203;289;beauce_5_sa_045;solnu;;0.0;0.0;30.75;-97.25;0.0;154.24;87.68;0.05;0.0;0;0;0;-84.74;0.04;0.01;0.0;0.0
2025;290;365;beauce_5_sa_045;BTH;;2.9;0.0;9.84;5.21;13.04;87.28;86.76;0.04;0.0;0;7.67;0;78.59;0.03;0.01;0.0;2.9
2025;1;188;beauce_5_sa_046;BTH;;1.21;0.0;43.65;24.43;48.59;13.97;32.17;0.05;0.0;0;30.89;0;-229.07;0.01;0.04;0.0;1.21
2025;189;256;beauce_5_sa_046;solnu;;0.0;0.0;27.21;-52.21;0.0;32.17;7.16;0.01;0.0;0;0;0;-186.17;0.0;0.01;0.0;0.0
2025;257;365;beauce_5_sa_046;BTH;;0.65;0.0;17.25;-17.44;0.0;6.97;6.37;0.0;0.0;0;0.0;0;-15.88;0.0;0.0;0.0;0.65
2025;1;219;beauce_5_sa_047;BTH;;13.31;2.46;69.45;50.07;171.32;154.5;273.52;0.11;0.0;0;103.46;0;-121.44;0.04;0.07;2.46;13.31
2025;220;274;beauce_5_sa_047;solnu;;0.0;0.0;23.41;-11.73;0.0;273.52;285.1;0.08;0.02;0;0;0;-139.21;0.07;0.01;0.0;0.0
2025;275;365;beauce_5_sa_047;BTH;;6.52;0.0;12.85;-86.12;37.03;285.43;168.22;0.07;0.0;0;21.79;0;53.94;0.06;0.01;0.0;6.52
2025;1;222;beauce_5_sa_048;BTH;;2.41;0.75;60.27;34.34;101.28;28.94;75.88;0.06;0.0;0;59.6;0;-215.08;0.01;0.06;0.75;2.41
2025;223;290;beauce_5_sa_048;solnu;;0.0;0.0;19.53;-12.48;0.0;75.88;82.89;0.05;0.0;0;0;0;-108.45;0.04;0.01;0.0;0.0
2025;291;365;beauce_5_sa_048;BTH;;2.11;0.0;8.33;-60.0;4.31;83.1;24.79;0.0;0.0;0;2.54;0;-2.18;0.0;0.0;0.0;2.11
2025;1;226;beauce_5_sa_049;BTH;;8.24;1.97;62.79;31.95;153.89;98.22;178.19;0.06;0.0;0;90.56;0;-38.78;0.0;0.06;1.97;8.24
2025;227;311;beauce_5_sa_049;solnu;;0.0;0.0;22.96;-111.96;0.0;178.19;89.12;0.06;0.0;0;0;0;-4.42;0.05;0.0;0.0;0.0
2025;312;365;beauce_5_sa_049;BTH;;2.65;0.0;5.77;7.76;1.47;89.29;98.49;0.04;0.0;0;0.87;0;50.87;0.03;0.01;0.0;2.65
2025;1;184;beauce_5_sa_050;BTH;;1.29;0.0;39.56;25.19;50.58;14.6;27.43;0.04;0.0;0;29.77;0;-176.64;0.0;0.04;0.0;1.29
2025;185;261;beauce_5_sa_050;solnu;;0.0;0.0;29.74;-13.68;0.0;27.43;43.48;0.01;0.0;0;0;0;-206.3;0.0;0.01;0.0;0.0
2025;262;365;beauce_5_sa_050;BTH;;0.93;0.0;15.53;-47.18;3.0;44.09;7.89;0.01;0.0;0;1.77;0;-33.64;0.01;0.0;0.0;0.93
2025;1;227;beauce_5_sa_051;BTH;;1.55;0.55;62.13;18.13;89.95;15.87;45.95;0.07;0.0;0;52.93;0;-198.11;0.02;0.05;0.55;1.55
2025;228;291;beauce_5_sa_051;solnu;;0.08;0.0;16.91;-55.12;0.0;45.95;11.84;0.0;0.0;0;0;0;-128.8;0.0;0.0;0.0;0.08
2025;292;365;beauce_5_sa_051;BTH;;0.98;0.0;8.33;-8.31;0.0;11.79;10.9;0.0;0.0;0;0.0;0;45.19;0.0;0.0;0.0;0.98
2025;1;175;beauce_5_sa_052;BTH;;1.04;0.0;32.1;23.24;59.47;12.49;7.5;0.03;0.0;0;36.76;0;-161.75;0.0;0.03;0.0;1.04
2025;176;283;beauce_5_sa_052;solnu;;0.05;0.0;38.66;-3.7;0.0;7.5;42.36;0.04;0.0;0;0;0;-249.43;0.02;0.02;0.0;0.05
2025;284;365;beauce_5_sa_052;BTH;;0.78;0.0;9.43;-41.83;1.5;42.66;8.6;0.0;0.0;0;0.88;0;-47.49;0.0;0.0;0.0;0.78
2025;1;226;beauce_5_sa_053;BTH;;0.96;0.14;60.72;18.38;66.44;11.56;33.83;0.05;0.0;0;39.09;0;-243.78;0.0;0.05;0.14;0.96
2025;227;302;beauce_5_sa_053;solnu;;0.07;0.0;18.85;-45.84;0.0;33.83;9.3;0.02;0.0;0;0;0;-131.24;0.02;0.0;0.0;0.07
2025;303;365;beauce_5_sa_053;BTH;;0.78;0.0;6.18;-7.84;0.0;9.3;8.57;0.0;0.0;0;0.0;0;-26.11;0.0;0.0;0.0;0.78
2025;1;176;beauce_5_sa_054;BTH;;6.8;1.75;35.61;34.54;149.27;79.46;124.47;0.06;0.0;0;93.13;0;-4.79;0.02;0.04;1.75;6.8
2025;177;275;beauce_5_sa_054;solnu;;0.0;0.0;41.97;4.58;0.0;124.47;170.96;0.06;0.0;0;0;0;-182.2;0.03;0.03;0.0;0.0
2025;276;365;beauce_5_sa_054;BTH;;2.34;0.0;12.64;-86.42;35.49;171.41;59.31;0.03;0.0;0;20.88;0;39.43;0.02;0.01;0.0;2.34
2025;1;182;beauce_5_sa_055;BTH;;1.33;0.0;36.57;29.31;55.82;15.4;24.04;0.04;0.0;0;33.83;0;-187.58;0.0;0.04;0.0;1.33
2025;183;262;beauce_5_sa_055;solnu;;0.0;0.0;31.19;-11.37;0.0;24.04;43.85;0.01;0.0;0;0;0;-218.27;0.0;0.01;0.0;0.0
2025;263;365;beauce_5_sa_055;BTH;;0.89;0.0;14.68;-46.53;3.0;44.29;8.4;0.01;0.0;0;1.77;0;-52.08;0.01;0.0;0.0;0.89
2025;1;210;beauce_5_sa_056;BTH;;1.07;0.0;56.43;22.56;50.07;13.64;41.41;0.05;0.0;0;30.96;0;-313.29;0.0;0.05;0.0;1.07
2025;211;268;beauce_5_sa_056;solnu;;0.01;0.0;18.33;-54.24;0.0;41.41;6.12;0.0;0.0;0;0;0;-119.76;0.0;0.0;0.0;0.01
2025;269;365;beauce_5_sa_056;BTH;;0.58;0.0;13.22;-13.29;0.0;5.99;5.46;0.0;0.0;0;0.0;0;17.04;0.0;0.0;0.0;0.58
2025;1;171;beauce_5_sa_057;BTH;;6.53;1.0;33.01;21.66;87.14;77.75;112.72;0.03;0.0;0;51.28;0;1.68;0.0;0.03;1.0;6.53
2025;172;289;beauce_5_sa_057;solnu;;0.0;0.0;45.16;-46.38;0.0;112.72;111.69;0.07;0.0;0;0;0;-192.66;0.04;0.03;0.0;0.0
2025;290;365;beauce_5_sa_057;BTH;;4.04;0.0;9.29;-29.63;13.04;109.38;74.22;0.04;0.0;0;7.67;0;36.17;0.04;0.0;0.0;4.04
2025;1;190;beauce_5_sa_058;BTH;;1.84;0.61;45.44;28.22;119.93;44.86;42.7;0.07;0.0;0;72.5;0;-79.76;0.03;0.04;0.61;1.84
2025;191;289;beauce_5_sa_058;solnu;;0.0;0.0;34.86;-67.33;0.0;42.7;12.37;0.01;0.0;0;0;0;-144.36;0.0;0.01;0.0;0.0
2025;290;365;beauce_5_sa_058;BTH;;1.06;0.47;9.11;-10.55;0.85;12.36;43.83;0.01;0.0;0;0.5;0;44.98;0.01;0.0;0.47;1.06
2025;1;210;beauce_5_sa_059;BTH;;11.88;2.3;66.02;47.75;146.47;129.44;257.14;0.15;0.0;0;93.82;0;-91.08;0.08;0.07;2.3;11.88
2025;211;266;beauce_5_sa_059;solnu;;0.0;0.0;24.96;-12.33;0.0;257.14;269.76;0.01;0.0;0;0;0;-148.36;0.0;0.01;0.0;0.0
2025;267;365;beauce_5_sa_059;BTH;;7.43;0.0;15.33;-85.92;50.6;270.17;141.01;0.11;0.02;0;29.77;0;68.2;0.1;0.01;0.0;7.43
2025;1;207;beauce_5_sa_060;BTH;;7.31;1.35;58.71;29.69;93.54;86.99;175.59;0.06;0.0;0;56.81;0;-45.33;0.01;0.05;1.35;7.31
2025;208;286;beauce_5_sa_060;solnu;;0.0;0.0;26.27;-10.8;0.0;175.59;190.99;0.07;0.0;0;0;0;-106.97;0.05;0.01;0.0;0.0
2025;287;365;beauce_5_sa_060;BTH;;5.74;0.0;10.02;-83.52;16.05;191.33;95.66;0.05;0.0;0;9.44;0;33.44;0.05;0.0;0.0;5.74
2025;1;203;beauce_5_sa_061;BTH;;3.0;0.98;51.39;42.18;112.69;35.88;87.1;0.06;0.0;0;66.31;0;-192.41;0.01;0.06;0.98;3.0
2025;204;298;beauce_5_sa_061;solnu;;0.0;0.0;27.34;-3.44;0.0;87.1;110.94;0.06;0.0;0;0;0;-142.54;0.04;0.02;0.0;0.0
2025;299;365;beauce_5_sa_061;BTH;;1.95;0.0;6.93;-81.99;1.51;111.27;32.4;0.02;0.0;0;0.89;0;-4.69;0.02;0.0;0.0;1.95
2025;1;213;beauce_5_sa_062;BTH;;6.36;1.07;57.18;49.17;97.91;75.5;157.81;0.07;0.0;0;59.38;0;-217.61;0.01;0.06;1.07;6.36
2025;214;281;beauce_5_sa_062;solnu;;0.0;0.0;20.76;-10.18;0.0;157.81;168.32;0.06;0.0;0;0;0;-120.62;0.05;0.01;0.0;0.0
2025;282;365;beauce_5_sa_062;BTH;;4.95;0.0;10.15;-80.16;24.97;168.59;68.35;0.03;0.0;0;14.7;0;1.33;0.03;0.0;0.0;4.95
2025;1;218;beauce_5_sa_063;BTH;;3.4;0.79;61.1;22.33;75.18;40.53;104.7;0.06;0.0;0;44.24;0;-88.97;0.0;0.05;0.79;3.4
2025;219;281;beauce_5_sa_063;solnu;;0.37;0.0;19.15;-14.63;0.0;104.7;108.81;0.04;0.0;0;0;0;-94.93;0.04;0.01;0.0;0.37
2025;282;365;beauce_5_sa_063;BTH;;2.67;0.0;10.72;-69.93;17.74;109.04;29.19;0.0;0.0;0;10.44;0;25.91;0.0;0.0;0.0;2.67
2025;1;225;beauce_5_sa_064;BTH;;2.09;0.0;62.96;21.66;44.25;22.05;60.36;0.05;0.0;0;27.62;0;-344.16;0.0;0.05;0.0;2.09
2025;226;257;beauce_5_sa_064;solnu;;0.0;0.0;9.07;-56.65;0.0;60.36;12.78;0.0;0.0;0;0;0;-67.32;0.0;0.0;0.0;0.0
2025;258;365;beauce_5_sa_064;BTH;;1.38;0.0;17.18;-18.46;0.0;12.4;10.12;0.0;0.0;0;0.0;0;8.75;0.0;0.0;0.0;1.38
2025;1;189;beauce_5_sa_065;BTH;;7.11;1.16;45.78;37.66;84.34;76.73;155.36;0.1;0.0;0;57.05;0;-99.65;0.05;0.05;1.16;7.11
2025;190;259;beauce_5_sa_065;solnu;;0.0;0.0;29.21;-8.42;0.0;155.36;176.15;0.01;0.0;0;0;0;-153.72;0.0;0.01;0.0;0.0
2025;260;365;beauce_5_sa_065;BTH;;5.04;0.0;17.13;-70.34;53.22;176.95;64.61;0.06;0.0;0;31.32;0;15.28;0.04;0.01;0.0;5.04
2025;1;173;beauce_5_sa_066;BTH;;4.44;1.11;33.62;29.96;123.92;51.42;70.09;0.05;0.0;0;75.57;0;-54.19;0.01;0.04;1.11;4.44
2025;174;272;beauce_5_sa_066;solnu;;0.0;0.0;39.99;4.01;0.0;70.09;114.03;0.05;0.0;0;0;0;-196.06;0.03;0.03;0.0;0.0
2025;273;365;beauce_5_sa_066;BTH;;1.91;0.0;12.79;-79.85;13.48;114.42;31.58;0.01;0.0;0;7.93;0;11.46;0.01;0.0;0.0;1.91
2025;1;203;beauce_5_sa_067;BTH;;8.42;0.96;53.88;55.27;201.6;168.63;139.78;0.13;0.0;0;122.14;0;-94.19;0.06;0.07;0.96;8.42
2025;204;285;beauce_5_sa_067;solnu;;0.0;0.0;29.7;-5.48;0.0;139.78;163.93;0.07;0.0;0;0;0;-161.44;0.05;0.02;0.0;0.0
2025;286;365;beauce_5_sa_067;BTH;;1.41;1.3;10.14;-84.81;13.17;164.31;172.24;0.03;0.0;0;7.75;0;36.17;0.03;0.0;1.3;1.41
2025;1;173;beauce_5_sa_068;BTH;;1.08;0.0;31.67;15.47;50.39;12.85;7.29;0.03;0.0;0;32.74;0;-133.89;0.0;0.03;0.0;1.08
2025;174;289;beauce_5_sa_068;solnu;;0.03;0.0;41.24;-4.25;0.0;7.29;44.29;0.04;0.0;0;0;0;-248.17;0.02;0.02;0.0;0.03
2025;290;365;beauce_5_sa_068;BTH;;0.82;0.0;8.49;-41.53;1.5;44.52;9.01;0.0;0.0;0;0.88;0;-28.04;0.0;0.0;0.0;0.82
2025;1;211;beauce_5_sa_069;BTH;;5.48;1.06;66.1;35.9;123.3;94.35;147.11;0.14;0.0;0;76.3;0;-183.52;0.08;0.06;1.06;5.48
2025;212;264;beauce_5_sa_069;solnu;;0.0;0.0;22.78;-114.46;0.0;147.11;55.43;0.0;0.0;0;0;0;-56.32;0.0;0.0;0.0;0.0
2025;265;365;beauce_5_sa_069;BTH;;2.78;0.46;16.12;22.69;40.15;55.85;85.47;0.06;0.01;0;23.62;0;77.15;0.04;0.02;0.46;2.78
2025;1;178;beauce_5_sa_070;BTH;;1.54;0.36;34.36;23.82;109.95;37.7;10.36;0.06;0.0;0;65.04;0;-58.73;0.02;0.04;0.36;1.54
2025;179;286;beauce_5_sa_070;solnu;;0.0;0.0;40.08;-2.91;0.0;10.36;47.58;0.04;0.0;0;0;0;-200.77;0.02;0.02;0.0;0.0
2025;287;365;beauce_5_sa_070;BTH;;0.71;0.34;9.35;-49.48;0.37;47.93;35.37;0.01;0.0;0;0.22;0;-59.2;0.01;0.0;0.34;0.71
2025;1;184;beauce_5_sa_071;BTH;;7.26;1.25;40.74;27.82;105.38;86.52;134.46;0.04;0.0;0;62.01;0;0.42;0.0;0.04;1.25;7.26
2025;185;316;beauce_5_sa_071;solnu;;0.0;0.0;42.13;-88.04;0.0;134.46;89.01;0.08;0.0;0;0;0;-140.32;0.06;0.02;0.0;0.0
2025;317;365;beauce_5_sa_071;BTH;;3.46;0.0;4.84;-1.54;0.54;88.76;88.28;0.03;0.0;0;0.32;0;33.71;0.03;0.0;0.0;3.46
2025;1;231;beauce_5_sa_072;BTH;;7.63;1.82;74.92;33.72;142.65;90.02;184.84;0.09;0.0;0;83.94;0;-148.14;0.02;0.07;1.82;7.63
2025;232;276;beauce_5_sa_072;solnu;;0.0;0.0;16.82;-113.94;0.0;184.84;87.67;0.04;0.02;0;0;0;-46.67;0.04;0.0;0.0;0.0
2025;277;365;beauce_5_sa_072;BTH;;3.56;0.0;12.35;12.85;32.47;87.54;76.78;0.04;0.0;0;19.11;0;86.95;0.03;0.02;0.0;3.56
2025;1;215;beauce_5_sa_073;BTH;;0.55;0.0;56.63;15.04;54.73;6.58;22.9;0.04;0.0;0;32.21;0;-238.3;0.0;0.04;0.0;0.55
2025;216;310;beauce_5_sa_073;solnu;;0.09;0.0;23.87;-42.39;0.0;22.9;5.9;0.02;0.0;0;0;0;-157.7;0.01;0.01;0.0;0.09
2025;311;365;beauce_5_sa_073;BTH;;0.44;0.0;5.17;-6.4;0.0;5.81;5.4;0.0;0.0;0;0.0;0;-21.29;0.0;0.0;0.0;0.44
2025;1;192;beauce_5_sa_074;BTH;;1.94;0.78;46.47;18.83;91.24;22.89;53.36;0.05;0.0;0;54.57;0;-39.8;0.01;0.04;0.78;1.94
2025;193;275;beauce_5_sa_074;solnu;;0.0;0.0;31.98;-9.4;0.0;53.36;75.91;0.04;0.0;0;0;0;-140.43;0.02;0.02;0.0;0.0
2025;276;365;beauce_5_sa_074;BTH;;1.63;0.0;12.1;-62.56;6.0;76.3;17.83;0.01;0.0;0;3.53;0;24.63;0.01;0.0;0.0;1.63
2025;1;226;beauce_5_sa_075;BTH;;5.24;0.78;65.06;25.3;72.04;61.62;133.27;0.06;0.0;0;42.39;0;-145.17;0.01;0.05;0.78;5.24
2025;227;275;beauce_5_sa_075;solnu;;0.06;0.0;14.83;-90.24;0.0;133.27;57.77;0.02;0.0;0;0;0;-46.91;0.02;0.0;0.0;0.06
2025;276;365;beauce_5_sa_075;BTH;;3.42;0.0;12.19;4.44;29.38;57.27;41.58;0.02;0.0;0;17.29;0;49.32;0.01;0.01;0.0;3.42
2025;1;227;beauce_5_sa_076;BTH;;1.24;0.74;63.89;16.29;107.99;14.93;41.01;0.05;0.0;0;63.55;0;-95.22;0.0;0.05;0.74;1.24
2025;228;298;beauce_5_sa_076;solnu;;0.0;0.0;19.74;-50.49;0.0;41.01;13.42;0.02;0.0;0;0;0;-122.46;0.02;0.0;0.0;0.0
2025;299;365;beauce_5_sa_076;BTH;;0.76;0.0;7.16;-10.06;0.0;13.42;12.68;0.0;0.0;0;0.0;0;-18.69;0.0;0.0;0.0;0.76
2025;1;211;beauce_5_sa_077;BTH;;0.98;0.0;55.49;23.53;52.44;11.6;37.16;0.05;0.0;0;30.86;0;-280.1;0.0;0.05;0.0;0.98
2025;212;277;beauce_5_sa_077;solnu;;0.05;0.0;19.29;-52.12;0.0;37.16;5.38;0.0;0.0;0;0;0;-121.82;0.0;0.0;0.0;0.05
2025;278;365;beauce_5_sa_077;BTH;;0.5;0.0;10.95;-10.87;0.0;5.38;4.97;0.0;0.0;0;0.0;0;1.17;0.0;0.0;0.0;0.5
2025;1;185;beauce_5_sa_078;BTH;;12.96;2.27;43.72;50.59;150.92;153.1;253.97;0.06;0.0;0;97.04;0;-0.56;0.01;0.06;2.27;12.96
2025;186;286;beauce_5_sa_078;solnu;;0.0;0.0;39.92;0.03;0.0;253.97;293.83;0.08;0.0;0;0;0;-181.53;0.05;0.03;0.0;0.0
2025;287;365;beauce_5_sa_078;BTH;;6.3;0.0;10.3;-91.47;16.05;294.22;190.23;0.09;0.0;0;9.44;0;47.28;0.09;0.0;0.0;6.3
2025;1;175;beauce_5_sa_079;BTH;;0.8;0.41;33.9;12.6;79.36;9.5;6.22;0.03;0.0;0;46.7;0;-46.31;0.01;0.03;0.41;0.8
2025;176;284;beauce_5_sa_079;solnu;;0.0;0.0;42.18;-42.08;0.0;6.22;6.88;0.03;0.0;0;0;0;-207.15;0.01;0.02;0.0;0.0
2025;285;365;beauce_5_sa_079;BTH;;0.43;0.0;10.02;-11.32;0.0;6.88;6.52;0.0;0.0;0;0.0;0;-10.37;0.0;0.0;0.0;0.43
2025;1;191;beauce_5_sa_080;BTH;;2.02;0.0;44.64;32.01;117.9;81.22;38.16;0.09;0.0;0;69.9;0;-104.39;0.05;0.05;0.0;2.02
2025;192;272;beauce_5_sa_080;solnu;;0.0;0.0;32.4;-8.68;0.0;38.16;61.85;0.04;0.0;0;0;0;-186.19;0.02;0.02;0.0;0.0
2025;273;365;beauce_5_sa_080;BTH;;1.19;0.86;12.29;-57.29;0.37;62.18;81.9;0.01;0.0;0;0.22;0;-32.23;0.01;0.0;0.86;1.19
2025;1;206;beauce_5_sa_081;BTH;;4.9;1.19;58.19;50.79;140.2;60.25;113.09;0.08;0.0;0;85.64;0;-153.41;0.02;0.07;1.19;4.9
2025;207;273;beauce_5_sa_081;solnu;;0.0;0.0;25.74;-11.13;0.0;113.09;127.64;0.05;0.01;0;0;0;-164.33;0.04;0.01;0.0;0.0
2025;274;365;beauce_5_sa_081;BTH;;2.82;0.16;12.44;-80.76;12.83;127.99;55.9;0.01;0.0;0;7.55;0;26.57;0.01;0.0;0.16;2.82
2025;1;178;beauce_5_sa_082;BTH;;0.68;0.0;34.65;17.9;54.43;8.16;5.66;0.03;0.0;0;32.03;0;-138.06;0.0;0.03;0.0;0.68
2025;179;310;beauce_5_sa_082;solnu;;0.07;0.0;43.56;-44.53;0.0;5.66;6.03;0.02;0.0;0;0;0;-252.34;0.01;0.02;0.0;0.07
2025;311;365;beauce_5_sa_082;BTH;;0.45;0.0;5.24;-5.27;0.0;6.04;5.55;0.0;0.0;0;0.0;0;-0.26;0.0;0.0;0.0;0.45
2025;1;222;beauce_5_sa_083;BTH;;10.1;1.59;66.77;31.92;97.52;109.61;219.88;0.1;0.0;0;62.02;0;-130.91;0.04;0.06;1.59;10.1
2025;223;263;beauce_5_sa_083;solnu;;0.0;0.0;14.77;-106.62;0.0;219.88;128.02;0.0;0.0;0;0;0;-44.33;0.0;0.0;0.0;0.0
2025;264;365;beauce_5_sa_083;BTH;;6.67;0.0;15.98;14.95;55.16;127.68;97.02;0.1;0.01;0;32.46;0;77.97;0.08;0.02;0.0;6.67
2025;1;225;beauce_5_sa_084;BTH;;13.04;1.3;75.15;38.68;182.45;147.16;258.75;0.16;0.0;0;109.12;0;-94.11;0.09;0.07;1.3;13.04
2025;226;275;beauce_5_sa_084;solnu;;0.0;0.0;21.03;-15.04;0.0;258.75;264.63;0.08;0.02;0;0;0;-124.48;0.08;0.01;0.0;0.0
2025;276;365;beauce_5_sa_084;BTH;;5.91;1.27;12.8;-88.56;35.5;264.97;242.82;0.06;0.0;0;20.89;0;78.94;0.05;0.01;1.27;5.91
2025;1;173;beauce_5_sa_085;BTH;;13.4;2.49;33.78;32.53;175.18;183.17;246.29;0.07;0.0;0;121.68;0;-131.25;0.03;0.04;2.49;13.4
2025;174;280;beauce_5_sa_085;solnu;;0.0;0.0;41.61;-92.32;0.0;246.29;196.05;0.05;0.0;0;0;0;-125.79;0.03;0.02;0.0;0.0
2025;281;365;beauce_5_sa_085;BTH;;2.36;0.0;11.55;21.64;26.5;196.46;200.27;0.12;0.0;0;15.59;0;53.87;0.1;0.02;0.0;2.36
2025;1;218;beauce_5_sa_086;BTH;;0.97;0.0;57.76;18.06;47.2;11.63;39.21;0.05;0.0;0;27.78;0;-263.96;0.0;0.05;0.0;0.97
2025;219;282;beauce_5_sa_086;solnu;;0.19;0.0;18.05;-48.26;0.0;39.21;8.85;0.02;0.0;0;0;0;-107.48;0.01;0.0;0.0;0.19
2025;283;365;beauce_5_sa_086;BTH;;0.74;0.0;9.94;-10.24;0.0;8.85;8.13;0.0;0.0;0;0.0;0;-10.33;0.0;0.0;0.0;0.74
2025;1;202;beauce_5_sa_087;BTH;;4.43;0.7;54.57;49.19;153.03;86.5;85.19;0.1;0.0;0;91.98;0;-68.98;0.03;0.06;0.7;4.43
2025;203;295;beauce_5_sa_087;solnu;;0.0;0.0;29.12;-7.66;0.0;85.19;106.6;0.05;0.0;0;0;0;-158.97;0.04;0.01;0.0;0.0
2025;296;365;beauce_5_sa_087;BTH;;2.52;0.85;8.2;-83.2;2.27;107.04;90.22;0.03;0.0;0;1.33;0;23.37;0.03;0.0;0.85;2.52
2025;1;199;beauce_5_sa_088;BTH;;0.74;0.0;48.03;30.36;56.22;8.93;30.34;0.05;0.0;0;33.08;0;-266.04;0.0;0.05;0.0;0.74
2025;200;286;beauce_5_sa_088;solnu;;0.07;0.0;24.69;-10.74;0.0;30.34;44.19;0.03;0.0;0;0;0;-170.71;0.02;0.01;0.0;0.07
2025;287;365;beauce_5_sa_088;BTH;;0.76;0.0;8.7;-42.37;1.5;44.5;8.37;0.0;0.0;0;0.88;0;-34.66;0.0;0.0;0.0;0.76
2025;1;178;beauce_5_sa_089;BTH;;0.99;0.86;35.59;11.38;111.04;11.86;10.78;0.04;0.0;0;65.34;0;13.16;0.01;0.03;0.86;0.99
2025;179;280;beauce_5_sa_089;solnu;;0.0;0.0;41.49;-2.24;0.0;10.78;49.98;0.05;0.0;0;0;0;-168.74;0.02;0.03;0.0;0.0
2025;281;365;beauce_5_sa_089;BTH;;0.48;0.0;10.86;-51.43;0.0;50.23;10.11;0.0;0.0;0;0.0;0;-12.15;0.0;0.0;0.0;0.48
2025;1;223;beauce_5_sa_090;BTH;;1.31;0.0;58.17;21.36;50.28;15.7;43.63;0.05;0.0;0;29.58;0;-275.65;0.0;0.05;0.0;1.31
2025;224;284;beauce_5_sa_090;solnu;;0.17;0.0;16.45;-16.57;0.0;43.63;43.31;0.02;0.0;0;0;0;-100.38;0.02;0.0;0.0;0.17
2025;285;365;beauce_5_sa_090;BTH;;1.03;0.0;9.33;-38.91;1.5;43.5;11.42;0.0;0.0;0;0.88;0;-25.51;0.0;0.0;0.0;1.03
2025;1;200;beauce_5_sa_091;BTH;;12.04;1.82;55.54;59.73;159.96;158.37;238.25;0.1;0.0;0;102.24;0;-93.73;0.03;0.07;1.82;12.04
2025;201;281;beauce_5_sa_091;solnu;;0.0;0.0;29.68;-6.72;0.0;238.25;261.13;0.08;0.0;0;0;0;-166.12;0.06;0.02;0.0;0.0
2025;282;365;beauce_5_sa_091;BTH;;6.19;0.38;11.0;-88.04;24.99;261.44;181.46;0.08;0.0;0;14.7;0;44.79;0.07;0.0;0.38;6.19
2025;1;200;beauce_5_sa_092;BTH;;4.92;0.99;54.03;49.5;174.03;93.41;92.0;0.1;0.0;0;104.34;0;-79.68;0.03;0.06;0.99;4.92
2025;201;285;beauce_5_sa_092;solnu;;0.0;0.0;30.0;-7.41;0.0;92.0;114.54;0.06;0.0;0;0;0;-165.19;0.04;0.02;0.0;0.0
2025;286;365;beauce_5_sa_092;BTH;;2.14;0.79;10.03;-81.87;10.2;114.9;89.54;0.03;0.0;0;6.0;0;30.75;0.03;0.0;0.79;2.14
2025;1;227;beauce_5_sa_093;BTH;;5.11;0.85;62.71;27.33;82.84;61.18;126.8;0.06;0.0;0;48.74;0;-165.23;0.0;0.05;0.85;5.11
2025;228;305;beauce_5_sa_093;solnu;;0.15;0.0;19.83;-11.85;0.0;126.8;134.57;0.06;0.0;0;0;0;-98.81;0.05;0.01;0.0;0.15
2025;306;365;beauce_5_sa_093;BTH;;4.25;0.0;5.84;-75.78;2.24;134.66;58.1;0.04;0.0;0;1.32;0;2.65;0.04;0.0;0.0;4.25
2025;1;199;beauce_5_sa_094;BTH;;3.56;0.92;57.31;33.77;86.49;47.48;117.05;0.11;0.0;0;56.57;0;-232.67;0.05;0.05;0.92;3.56
2025;200;261;beauce_5_sa_094;solnu;;0.0;0.0;24.38;-105.28;0.0;117.05;36.14;0.0;0.0;0;0;0;-94.32;0.0;0.0;0.0;0.0
2025;262;365;beauce_5_sa_094;BTH;;2.18;0.0;17.12;21.72;36.89;36.78;35.87;0.04;0.01;0;21.71;0;44.96;0.02;0.02;0.0;2.18
2025;1;204;beauce_5_sa_095;BTH;;4.88;1.0;61.26;38.05;116.87;93.68;146.27;0.16;0.0;0;76.78;0;-253.09;0.1;0.06;1.0;4.88
2025;205;258;beauce_5_sa_095;solnu;;0.0;0.0;23.8;-111.62;0.0;146.27;58.45;0.0;0.0;0;0;0;-70.06;0.0;0.0;0.0;0.0
2025;259;365;beauce_5_sa_095;BTH;;3.82;0.38;18.73;30.09;50.33;59.32;81.85;0.07;0.01;0;29.62;0;40.32;0.04;0.03;0.38;3.82
2025;1;230;beauce_5_sa_096;BTH;;16.97;1.92;75.32;50.05;182.21;243.92;313.81;0.12;0.0;0;108.96;0;-142.46;0.05;0.08;1.92;16.97
2025;231;281;beauce_5_sa_096;solnu;;0.0;0.0;19.0;-98.94;0.0;313.81;233.77;0.08;0.02;0;0;0;-82.97;0.08;0.0;0.0;0.0
2025;282;365;beauce_5_sa_096;BTH;;7.72;0.83;11.39;-1.16;24.98;232.71;273.19;0.08;0.0;0;14.7;0;98.11;0.07;0.01;0.83;7.72
2025;1;207;beauce_5_sa_097;BTH;;1.06;0.16;55.11;23.7;63.31;12.34;38.98;0.05;0.0;0;37.25;0;-243.79;0.0;0.05;0.16;1.06
2025;208;272;beauce_5_sa_097;solnu;;0.03;0.0;20.73;-54.49;0.0;38.98;6.03;0.0;0.0;0;0;0;-125.95;0.0;0.0;0.0;0.03
2025;273;365;beauce_5_sa_097;BTH;;0.56;0.0;12.34;-12.46;0.0;6.0;5.45;0.0;0.0;0;0.0;0;11.14;0.0;0.0;0.0;0.56
2025;1;199;beauce_5_sa_098;BTH;;21.42;3.08;58.25;64.36;133.96;262.69;460.86;0.19;0.0;0;100.11;0;-165.06;0.11;0.07;3.08;21.42
2025;200;257;beauce_5_sa_098;solnu;;0.0;0.0;24.43;-10.16;0.0;460.86;475.12;0.01;0.0;0;0;0;-164.29;0.0;0.01;0.0;0.0
2025;258;365;beauce_5_sa_098;BTH;;19.8;0.0;18.6;-75.07;67.54;475.59;331.12;0.18;0.01;0;39.74;0;50.55;0.17;0.02;0.0;19.8
2025;1;228;beauce_5_sa_099;BTH;;0.94;0.0;61.25;14.97;54.82;11.26;31.67;0.05;0.0;0;32.26;0;-273.45;0.0;0.05;0.0;0.94
2025;229;311;beauce_5_sa_099;solnu;;0.15;0.0;19.19;-43.17;0.0;31.67;8.81;0.02;0.0;0;0;0;-124.64;0.02;0.0;0.0;0.15
2025;312;365;beauce_5_sa_099;BTH;;0.66;0.0;5.01;-6.34;0.0;8.7;8.11;0.0;0.0;0;0.0;0;-20.59;0.0;0.0;0.0;0.66
2026;1;224;beauce_5_sa_000;BTH;;3.79;0.91;62.54;22.92;114.06;18.46;54.0;0.07;0.0;0;67.12;0;-91.97;0.01;0.05;0.91;3.79
2026;225;310;beauce_5_sa_000;solnu;;0.0;0.0;25.46;-65.53;0.0;54.0;14.52;0.04;0.01;0;0;0;-99.64;0.03;0.01;0.0;0.0
2026;311;365;beauce_5_sa_000;BTH;;0.0;0.0;5.65;-5.78;0.0;14.47;14.47;0.0;0.0;0;0.0;0;22.99;0.0;0.0;0.0;0.0
2026;1;195;beauce_5_sa_001;BTH;;12.82;0.0;42.59;16.97;132.15;118.92;33.72;0.1;0.0;0;78.26;0;32.03;0.06;0.04;0.0;12.82
2026;196;309;beauce_5_sa_001;solnu;;0.13;0.0;38.86;-46.97;0.0;33.72;29.8;0.01;0.0;0;0;0;-199.86;0.0;0.01;0.0;0.13
2026;310;365;beauce_5_sa_001;BTH;;0.94;1.29;5.68;-10.88;0.95;29.8;120.12;0.01;0.0;0;0.56;0;20.15;0.01;0.0;1.29;0.94
2026;1;199;beauce_5_sa_002;BTH;;2.27;0.0;43.28;23.65;48.25;9.82;26.18;0.05;0.0;0;29.28;0;-167.02;0.01;0.04;0.0;2.27
2026;200;263;beauce_5_sa_002;solnu;;0.0;0.0;23.34;-14.14;0.0;26.18;35.37;0.01;0.0;0;0;0;-154.41;0.0;0.01;0.0;0.0
2026;264;365;beauce_5_sa_002;BTH;;0.61;0.0;14.8;-43.43;1.5;35.61;4.69;0.0;0.0;0;0.88;0;-26.86;0.0;0.0;0.0;0.61
2026;1;201;beauce_5_sa_003;BTH;;9.1;0.95;48.38;50.41;112.05;51.93;100.55;0.08;0.0;0;66.43;0;-110.35;0.02;0.06;0.95;9.1
2026;202;314;beauce_5_sa_003;solnu;;0.12;0.0;35.21;-54.9;0.0;100.55;80.61;0.1;0.04;0;0;0;-189.6;0.08;0.02;0.0;0.12
2026;315;365;beauce_5_sa_003;BTH;;1.96;0.0;5.12;-23.68;0.0;77.45;60.08;0.0;0.0;0;0.0;0;19.57;0.0;0.0;0.0;1.96
2026;1;226;beauce_5_sa_004;BTH;;19.7;1.4;65.24;56.03;140.0;119.46;186.2;0.1;0.0;0;83.32;0;-158.05;0.03;0.07;1.4;19.7
2026;227;309;beauce_5_sa_004;solnu;;0.0;0.0;25.04;-10.77;0.0;186.2;200.29;0.14;0.04;0;0;0;-137.36;0.12;0.01;0.0;0.0
2026;310;365;beauce_5_sa_004;BTH;;0.52;0.0;5.76;-91.09;2.09;200.37;112.33;0.0;0.0;0;1.23;0;20.27;0.0;0.0;0.0;0.52
2026;1;224;beauce_5_sa_005;BTH;;36.54;2.74;75.34;62.9;169.56;211.77;348.31;0.35;0.02;0;136.06;0;-277.53;0.26;0.08;2.74;36.54
2026;225;260;beauce_5_sa_005;solnu;;0.0;0.0;18.41;-13.77;0.0;348.31;352.95;0.01;0.0;0;0;0;-133.62;0.0;0.01;0.0;0.0
2026;261;365;beauce_5_sa_005;BTH;;9.74;0.0;18.91;-70.36;60.95;353.11;230.64;0.14;0.03;0;35.87;0;101.16;0.12;0.02;0.0;9.74
2026;1;174;beauce_5_sa_006;BTH;;8.42;0.0;33.29;23.98;94.13;67.42;22.13;0.06;0.0;0;55.89;0;-12.79;0.03;0.03;0.0;8.42
2026;175;314;beauce_5_sa_006;solnu;;0.7;0.0;44.32;-49.23;0.0;22.13;20.41;0.02;0.0;0;0;0;-221.85;0.0;0.02;0.0;0.7
2026;315;365;beauce_5_sa_006;BTH;;0.59;0.74;4.9;-14.17;1.29;20.6;64.45;0.01;0.0;0;0.76;0;20.92;0.01;0.0;0.74;0.59
2026;1;200;beauce_5_sa_007;BTH;;6.16;0.96;45.14;35.67;171.08;53.02;29.1;0.1;0.0;0;101.17;0;-5.34;0.05;0.05;0.96;6.16
2026;201;296;beauce_5_sa_007;solnu;;0.0;0.0;31.66;-3.34;0.0;29.1;57.34;0.06;0.02;0;0;0;-139.88;0.04;0.02;0.0;0.0
2026;297;365;beauce_5_sa_007;BTH;;0.0;0.54;8.17;-48.48;0.95;57.82;60.03;0.01;0.0;0;0.56;0;-41.24;0.0;0.0;0.54;0.0
2026;1;190;beauce_5_sa_008;BTH;;20.53;0.9;39.37;58.91;193.41;161.12;112.5;0.18;0.0;0;122.68;0;-37.19;0.12;0.06;0.9;20.53
2026;191;285;beauce_5_sa_008;solnu;;0.0;0.0;37.34;3.38;0.0;112.5;153.19;0.03;0.0;0;0;0;-174.97;0.0;0.03;0.0;0.0
2026;286;365;beauce_5_sa_008;BTH;;0.0;1.29;11.49;-82.87;14.45;153.45;163.6;0.05;0.02;0;8.51;0;37.28;0.05;0.0;1.29;0.0
2026;1;184;beauce_5_sa_009;BTH;;2.72;1.18;36.62;34.4;133.44;10.16;33.14;0.11;0.0;0;78.52;0;-31.07;0.07;0.04;1.18;2.72
2026;185;276;beauce_5_sa_009;solnu;;0.0;0.0;34.48;-58.18;0.0;33.14;8.6;0.01;0.0;0;0;0;-135.66;0.0;0.01;0.0;0.0
2026;277;365;beauce_5_sa_009;BTH;;0.01;0.0;13.23;-13.19;0.0;8.59;8.64;0.0;0.0;0;0.0;0;52.94;0.0;0.0;0.0;0.01
2026;1;192;beauce_5_sa_010;BTH;;1.83;0.61;38.96;12.24;92.5;8.87;11.47;0.05;0.0;0;54.43;0;-40.58;0.02;0.03;0.61;1.83
2026;193;292;beauce_5_sa_010;solnu;;0.0;0.0;36.19;-1.63;0.0;11.47;46.0;0.03;0.0;0;0;0;-165.81;0.01;0.02;0.0;0.0
2026;293;365;beauce_5_sa_010;BTH;;0.0;0.0;8.72;-37.63;0.0;46.56;20.66;0.03;0.02;0;0.0;0;-72.72;0.03;0.0;0.0;0.0
2026;1;182;beauce_5_sa_011;BTH;;0.74;0.0;34.32;10.17;44.25;3.47;2.94;0.03;0.0;0;26.04;0;-91.15;0.0;0.03;0.0;0.74
2026;183;296;beauce_5_sa_011;solnu;;0.14;0.0;37.92;-39.71;0.0;2.94;1.61;0.01;0.0;0;0;0;-197.17;0.0;0.01;0.0;0.14
2026;297;365;beauce_5_sa_011;BTH;;0.06;0.0;7.55;-7.56;0.0;1.64;1.55;0.0;0.0;0;0.0;0;-2.05;0.0;0.0;0.0;0.06
2026;1;173;beauce_5_sa_012;BTH;;1.88;0.0;30.81;27.17;56.48;9.01;8.74;0.04;0.0;0;34.12;0;-161.45;0.0;0.04;0.0;1.88
2026;174;263;beauce_5_sa_012;solnu;;0.07;0.0;31.09;-5.01;0.0;8.74;34.73;0.02;0.0;0;0;0;-198.57;0.0;0.02;0.0;0.07
2026;264;365;beauce_5_sa_012;BTH;;0.44;0.0;14.04;-43.65;1.5;35.01;3.7;0.0;0.0;0;0.88;0;-62.02;0.0;0.0;0.0;0.44
2026;1;172;beauce_5_sa_013;BTH;;13.53;1.77;35.23;45.69;167.13;85.14;98.71;0.11;0.0;0;106.91;0;-6.15;0.06;0.05;1.77;13.53
2026;173;288;beauce_5_sa_013;solnu;;0.0;0.0;40.8;-79.47;0.0;98.71;77.98;0.03;0.0;0;0;0;-146.09;0.0;0.02;0.0;0.0
2026;289;365;beauce_5_sa_013;BTH;;0.0;0.0;11.36;-1.39;18.09;76.23;69.78;0.05;0.02;0;10.65;0;86.3;0.04;0.01;0.0;0.0
2026;1;205;beauce_5_sa_014;BTH;;2.26;0.96;52.97;24.0;118.21;5.99;34.62;0.1;0.0;0;69.56;0;-62.16;0.05;0.05;0.96;2.26
2026;206;278;beauce_5_sa_014;solnu;;0.0;0.0;27.37;-59.4;0.0;34.62;7.8;0.0;0.0;0;0;0;-166.83;0.0;0.0;0.0;0.0
2026;279;365;beauce_5_sa_014;BTH;;0.23;0.0;12.85;-12.76;0.0;7.8;7.69;0.0;0.0;0;0.0;0;68.62;0.0;0.0;0.0;0.23
2026;1;226;beauce_5_sa_015;BTH;;8.13;1.71;65.7;47.88;167.72;31.72;97.52;0.13;0.0;0;98.69;0;-117.24;0.06;0.07;1.71;8.13
2026;227;296;beauce_5_sa_015;solnu;;0.0;0.0;23.5;-9.42;0.0;97.52;111.47;0.1;0.03;0;0;0;-106.45;0.09;0.01;0.0;0.0
2026;297;365;beauce_5_sa_015;BTH;;0.0;0.0;8.09;-59.15;0.0;111.91;60.79;0.01;0.0;0;0.0;0;6.96;0.01;0.0;0.0;0.0
2026;1;191;beauce_5_sa_016;BTH;;1.59;0.21;40.72;23.15;63.06;6.87;22.11;0.05;0.01;0;37.11;0;-104.81;0.01;0.04;0.21;1.59
2026;192;257;beauce_5_sa_016;solnu;;0.0;0.0;27.43;-44.43;0.0;22.11;5.41;0.01;0.0;0;0;0;-168.57;0.0;0.01;0.0;0.0
2026;258;365;beauce_5_sa_016;BTH;;0.62;0.0;17.27;-18.16;0.0;5.31;4.78;0.0;0.0;0;0.0;0;-10.1;0.0;0.0;0.0;0.62
2026;1;206;beauce_5_sa_017;BTH;;4.18;0.0;47.3;40.33;87.32;36.93;33.42;0.07;0.0;0;51.88;0;-206.78;0.01;0.06;0.0;4.18
2026;207;292;beauce_5_sa_017;solnu;;0.0;0.0;24.64;-9.1;0.0;33.42;48.94;0.03;0.0;0;0;0;-173.56;0.01;0.01;0.0;0.0
2026;293;365;beauce_5_sa_017;BTH;;1.34;0.42;7.94;-34.32;0.0;49.43;24.03;0.03;0.02;0;0.0;0;-91.51;0.03;0.0;0.42;1.34
2026;1;220;beauce_5_sa_018;BTH;;29.92;2.14;60.48;68.04;186.79;194.63;266.66;0.15;0.0;0;111.75;0;-155.35;0.07;0.08;2.14;29.92
2026;221;300;beauce_5_sa_018;solnu;;0.0;0.0;26.6;-99.03;0.0;266.66;194.08;0.11;0.04;0;0;0;-93.29;0.1;0.01;0.0;0.0
2026;301;365;beauce_5_sa_018;BTH;;0.0;0.0;7.31;6.6;3.6;193.86;204.36;0.04;0.0;0;2.12;0;59.08;0.03;0.01;0.0;0.0
2026;1;182;beauce_5_sa_019;BTH;;22.0;2.25;34.52;58.8;194.8;133.02;178.01;0.18;0.0;0;128.45;0;-55.29;0.12;0.06;2.25;22.0
2026;183;282;beauce_5_sa_019;solnu;;0.0;0.0;33.81;5.17;0.0;178.01;216.96;0.02;0.0;0;0;0;-149.86;0.0;0.02;0.0;0.0
2026;283;365;beauce_5_sa_019;BTH;;0.0;0.0;12.08;-74.57;25.61;217.5;128.74;0.09;0.04;0;15.07;0;34.58;0.08;0.01;0.0;0.0
2026;1;230;beauce_5_sa_020;BTH;;10.69;2.09;61.32;42.92;200.89;41.1;90.5;0.15;0.0;0;118.21;0;-75.99;0.08;0.07;2.09;10.69
2026;231;308;beauce_5_sa_020;solnu;;0.0;0.0;23.3;-7.65;0.0;90.5;106.02;0.1;0.03;0;0;0;-84.4;0.08;0.01;0.0;0.0
2026;309;365;beauce_5_sa_020;BTH;;0.0;0.0;5.88;-51.74;0.0;106.2;60.26;0.0;0.0;0;0.0;0;11.23;0.0;0.0;0.0;0.0
2026;1;208;beauce_5_sa_021;BTH;;27.73;1.95;50.54;72.93;185.13;179.79;236.66;0.14;0.0;0;110.26;0;-129.59;0.06;0.07;1.95;27.73
2026;209;304;beauce_5_sa_021;solnu;;0.0;0.0;29.13;-0.85;0.0;236.66;264.77;0.14;0.05;0;0;0;-160.95;0.12;0.02;0.0;0.0
2026;305;365;beauce_5_sa_021;BTH;;0.0;0.0;6.09;-85.6;2.64;264.94;182.6;0.02;0.0;0;1.55;0;10.82;0.02;0.0;0.0;0.0
2026;1;228;beauce_5_sa_022;BTH;;3.53;1.12;65.81;25.48;129.28;16.35;58.91;0.08;0.0;0;76.07;0;-80.35;0.02;0.06;1.12;3.53
2026;229;295;beauce_5_sa_022;solnu;;0.07;0.0;21.26;-72.43;0.0;58.91;7.96;0.01;0.0;0;0;0;-84.01;0.01;0.0;0.0;0.07
2026;296;365;beauce_5_sa_022;BTH;;0.29;0.0;8.19;-8.15;0.0;8.17;7.71;0.0;0.0;0;0.0;0;48.86;0.0;0.0;0.0;0.29
2026;1;192;beauce_5_sa_023;BTH;;8.28;1.29;41.84;49.13;153.3;41.95;67.93;0.09;0.0;0;101.0;0;-37.04;0.04;0.05;1.29;8.28
2026;193;283;beauce_5_sa_023;solnu;;0.0;0.0;37.78;-2.38;0.0;67.93;103.3;0.02;0.0;0;0;0;-185.16;0.0;0.02;0.0;0.0
2026;284;365;beauce_5_sa_023;BTH;;0.0;0.0;12.08;-80.85;9.0;103.58;25.5;0.03;0.01;0;5.3;0;54.0;0.03;0.0;0.0;0.0
2026;1;224;beauce_5_sa_024;BTH;;2.08;0.0;61.15;22.11;54.59;10.19;36.69;0.05;0.0;0;32.61;0;-126.35;0.0;0.05;0.0;2.08
2026;225;310;beauce_5_sa_024;solnu;;0.57;0.0;22.37;-38.63;0.0;36.69;19.79;0.05;0.02;0;0;0;-137.68;0.05;0.01;0.0;0.57
2026;311;365;beauce_5_sa_024;BTH;;0.61;0.27;5.44;-24.64;1.78;19.39;20.17;0.0;0.0;0;1.04;0;-21.0;0.0;0.0;0.27;0.61
2026;1;191;beauce_5_sa_025;BTH;;15.64;2.11;43.02;48.67;187.43;78.68;124.93;0.16;0.0;0;117.97;0;-32.57;0.11;0.06;2.11;15.64
2026;192;289;beauce_5_sa_025;solnu;;0.0;0.0;41.52;-88.89;0.0;124.93;77.53;0.03;0.0;0;0;0;-152.15;0.01;0.02;0.0;0.0
2026;290;365;beauce_5_sa_025;BTH;;0.0;0.0;11.17;7.83;15.09;76.81;81.37;0.05;0.02;0;8.88;0;87.14;0.04;0.01;0.0;0.0
2026;1;178;beauce_5_sa_026;BTH;;1.09;0.0;33.74;6.52;40.89;5.25;3.55;0.02;0.0;0;24.06;0;-71.83;0.0;0.02;0.0;1.09
2026;179;285;beauce_5_sa_026;solnu;;0.0;0.0;36.46;-37.16;0.0;3.55;2.84;0.02;0.0;0;0;0;-180.72;0.0;0.02;0.0;0.0
2026;286;365;beauce_5_sa_026;BTH;;0.26;0.0;10.57;-11.26;0.0;2.51;2.07;0.0;0.0;0;0.0;0;-11.19;0.0;0.0;0.0;0.26
2026;1;200;beauce_5_sa_027;BTH;;2.04;0.77;47.98;28.75;112.52;9.95;29.74;0.06;0.0;0;66.8;0;-2.82;0.01;0.05;0.77;2.04
2026;201;305;beauce_5_sa_027;solnu;;0.0;0.0;35.56;-60.22;0.0;29.74;5.64;0.02;0.0;0;0;0;-154.42;0.01;0.01;0.0;0.0
2026;306;365;beauce_5_sa_027;BTH;;0.1;0.22;6.34;-20.78;1.77;5.79;6.26;0.0;0.0;0;1.04;0;29.51;0.0;0.0;0.22;0.1
2026;1;201;beauce_5_sa_028;BTH;;32.96;2.59;53.0;40.91;173.46;218.04;299.45;0.21;0.0;0;128.38;0;-176.39;0.15;0.06;2.59;32.96
2026;202;269;beauce_5_sa_028;solnu;;0.0;0.0;31.14;-100.54;0.0;299.45;230.04;0.01;0.0;0;0;0;-89.83;0.0;0.01;0.0;0.0
2026;270;365;beauce_5_sa_028;BTH;;3.87;0.0;16.71;26.3;47.02;230.67;221.97;0.15;0.04;0;27.67;0;98.25;0.12;0.03;0.0;3.87
2026;1;190;beauce_5_sa_029;BTH;;13.06;2.07;42.22;46.22;174.93;70.02;123.63;0.14;0.0;0;104.25;0;-19.89;0.09;0.05;2.07;13.06
2026;191;304;beauce_5_sa_029;solnu;;0.0;0.0;38.28;-98.59;0.0;123.63;63.52;0.04;0.02;0;0;0;-53.25;0.02;0.01;0.0;0.0
2026;305;365;beauce_5_sa_029;BTH;;0.0;0.0;7.16;12.0;2.64;63.77;80.02;0.02;0.0;0;1.55;0;59.42;0.01;0.01;0.0;0.0
2026;1;207;beauce_5_sa_030;BTH;;10.09;1.37;58.33;56.72;152.2;62.94;117.69;0.18;0.01;0;98.36;0;-128.09;0.11;0.07;1.37;10.09
2026;208;264;beauce_5_sa_030;solnu;;0.0;0.0;25.18;-41.33;0.0;117.69;101.53;0.01;0.0;0;0;0;-163.62;0.0;0.01;0.0;0.0
2026;265;365;beauce_5_sa_030;BTH;;1.49;0.17;17.21;-60.26;18.57;97.52;51.04;0.01;0.0;0;10.93;0;107.68;0.01;0.01;0.17;1.49
2026;1;215;beauce_5_sa_031;BTH;;13.43;1.25;59.98;61.18;135.61;75.28;140.44;0.21;0.02;0;109.53;0;-302.26;0.14;0.07;1.25;13.43
2026;216;259;beauce_5_sa_031;solnu;;0.0;0.0;18.05;-13.5;0.0;140.44;144.98;0.01;0.0;0;0;0;-134.32;0.0;0.01;0.0;0.0
2026;260;365;beauce_5_sa_031;BTH;;5.17;0.0;17.61;-79.32;26.7;145.82;51.38;0.02;0.0;0;15.71;0;49.56;0.0;0.01;0.0;5.17
2026;1;194;beauce_5_sa_032;BTH;;5.66;0.0;43.26;22.71;107.76;75.41;27.91;0.1;0.0;0;63.49;0;-19.65;0.06;0.04;0.0;5.66
2026;195;270;beauce_5_sa_032;solnu;;0.0;0.0;31.45;-51.49;0.0;27.91;13.76;0.01;0.0;0;0;0;-219.86;0.0;0.01;0.0;0.0
2026;271;365;beauce_5_sa_032;BTH;;0.69;0.92;14.8;-15.1;0.0;13.76;13.16;0.0;0.0;0;0.0;0;58.01;0.0;0.0;0.92;0.69
2026;1;223;beauce_5_sa_033;BTH;;2.78;0.0;57.16;32.05;47.28;11.56;50.63;0.06;0.0;0;29.59;0;-290.31;0.01;0.05;0.0;2.78
2026;224;257;beauce_5_sa_033;solnu;;0.0;0.0;8.7;-13.68;0.0;50.63;45.64;0.0;0.0;0;0;0;-54.94;0.0;0.0;0.0;0.0
2026;258;365;beauce_5_sa_033;BTH;;0.78;0.0;16.72;-50.07;5.93;45.83;5.79;0.0;0.0;0;3.49;0;-34.24;0.0;0.0;0.0;0.78
2026;1;173;beauce_5_sa_034;BTH;;2.09;0.0;32.1;8.35;42.03;10.24;6.53;0.02;0.0;0;24.73;0;-72.57;0.0;0.02;0.0;2.09
2026;174;316;beauce_5_sa_034;solnu;;0.45;0.0;43.34;-31.52;0.0;6.53;18.02;0.06;0.02;0;0;0;-248.06;0.04;0.02;0.0;0.45
2026;317;365;beauce_5_sa_034;BTH;;0.57;0.0;4.59;-4.92;0.0;18.02;17.45;0.0;0.0;0;0.0;0;-12.27;0.0;0.0;0.0;0.57
2026;1;224;beauce_5_sa_035;BTH;;10.88;1.54;66.98;40.89;141.07;46.07;117.38;0.13;0.0;0;87.43;0;-66.25;0.06;0.07;1.54;10.88
2026;225;284;beauce_5_sa_035;solnu;;0.0;0.0;21.16;-13.08;0.0;117.38;125.44;0.02;0.0;0;0;0;-130.59;0.02;0.01;0.0;0.0
2026;285;365;beauce_5_sa_035;BTH;;1.08;0.0;11.66;-84.35;9.0;125.81;42.61;0.04;0.02;0;5.3;0;55.13;0.04;0.0;0.0;1.08
2026;1;197;beauce_5_sa_036;BTH;;0.65;0.0;41.87;9.4;45.77;3.19;8.05;0.03;0.0;0;26.93;0;-112.71;0.0;0.03;0.0;0.65
2026;198;297;beauce_5_sa_036;solnu;;0.11;0.0;33.37;-40.8;0.0;8.05;1.55;0.01;0.0;0;0;0;-201.65;0.0;0.01;0.0;0.11
2026;298;365;beauce_5_sa_036;BTH;;0.05;0.0;7.25;-7.51;0.0;1.44;1.26;0.0;0.0;0;0.0;0;-2.73;0.0;0.0;0.0;0.05
2026;1;208;beauce_5_sa_037;BTH;;1.52;1.56;52.28;15.83;159.49;4.6;28.69;0.1;0.0;0;93.85;0;22.88;0.06;0.04;1.56;1.52
2026;209;298;beauce_5_sa_037;solnu;;0.0;0.0;29.4;-55.01;0.0;28.69;6.75;0.01;0.0;0;0;0;-110.96;0.0;0.01;0.0;0.0
2026;299;365;beauce_5_sa_037;BTH;;0.0;0.0;7.72;-7.71;0.0;6.76;6.76;0.0;0.0;0;0.0;0;74.0;0.0;0.0;0.0;0.0
2026;1;196;beauce_5_sa_038;BTH;;9.95;1.04;45.12;46.94;113.14;59.96;106.63;0.09;0.0;0;70.58;0;-100.64;0.04;0.06;1.04;9.95
2026;197;294;beauce_5_sa_038;solnu;;0.42;0.0;36.94;-99.03;0.0;106.63;44.07;0.04;0.02;0;0;0;-180.35;0.03;0.01;0.0;0.42
2026;295;365;beauce_5_sa_038;BTH;;1.1;0.0;8.77;6.63;7.46;43.76;50.87;0.02;0.0;0;4.39;0;55.04;0.01;0.01;0.0;1.1
2026;1;192;beauce_5_sa_039;BTH;;1.72;0.79;42.02;27.3;108.89;8.37;26.21;0.06;0.0;0;64.08;0;-52.04;0.02;0.04;0.79;1.72
2026;193;282;beauce_5_sa_039;solnu;;0.0;0.0;35.33;-59.19;0.0;26.21;4.59;0.01;0.0;0;0;0;-155.58;0.0;0.01;0.0;0.0
2026;283;365;beauce_5_sa_039;BTH;;0.17;0.0;12.07;-12.05;0.0;4.63;4.43;0.0;0.0;0;0.0;0;55.29;0.0;0.0;0.0;0.17
2026;1;173;beauce_5_sa_040;BTH;;20.65;1.82;33.31;54.95;158.13;133.33;150.46;0.11;0.0;0;116.61;0;-74.58;0.05;0.05;1.82;20.65
2026;174;273;beauce_5_sa_040;solnu;;0.0;0.0;36.14;4.63;0.0;150.46;218.95;0.04;0.0;0;0;0;-176.51;0.01;0.03;0.0;0.0
2026;274;365;beauce_5_sa_040;BTH;;0.0;0.0;13.87;-74.59;39.23;219.4;118.88;0.09;0.03;0;23.08;0;37.28;0.08;0.01;0.0;0.0
2026;1;192;beauce_5_sa_041;BTH;;10.09;2.46;42.31;29.39;203.81;28.25;70.46;0.16;0.0;0;119.93;0;171.44;0.12;0.04;2.46;10.09
2026;193;304;beauce_5_sa_041;solnu;;0.0;0.0;32.08;-57.15;0.0;70.46;45.44;0.01;0.0;0;0;0;-26.79;0.0;0.01;0.0;0.0
2026;305;365;beauce_5_sa_041;BTH;;0.0;0.0;7.42;-7.61;0.0;45.27;45.25;0.0;0.0;0;0.0;0;71.1;0.0;0.0;0.0;0.0
2026;1;189;beauce_5_sa_042;BTH;;2.41;0.0;35.13;10.43;48.68;11.61;6.23;0.03;0.0;0;28.65;0;-162.15;0.0;0.03;0.0;2.41
2026;190;312;beauce_5_sa_042;solnu;;0.41;0.0;36.65;0.2;0.0;6.23;42.58;0.06;0.02;0;0;0;-217.05;0.04;0.02;0.0;0.41
2026;313;365;beauce_5_sa_042;BTH;;0.53;0.0;4.71;-30.03;0.0;42.97;17.34;0.0;0.0;0;0.0;0;-31.88;0.0;0.0;0.0;0.53
2026;1;229;beauce_5_sa_043;BTH;;1.83;0.0;60.51;10.43;42.31;8.81;35.56;0.04;0.0;0;24.9;0;-219.28;0.0;0.04;0.0;1.83
2026;230;306;beauce_5_sa_043;solnu;;0.57;0.0;19.03;-37.96;0.0;35.56;16.2;0.04;0.02;0;0;0;-109.22;0.04;0.0;0.0;0.57
2026;307;365;beauce_5_sa_043;BTH;;0.51;0.0;5.63;-6.72;0.0;16.2;15.71;0.0;0.0;0;0.0;0;-22.37;0.0;0.0;0.0;0.51
2026;1;216;beauce_5_sa_044;BTH;;1.54;0.0;54.44;11.41;44.2;7.42;27.5;0.04;0.0;0;26.01;0;-191.67;0.0;0.04;0.0;1.54
2026;217;300;beauce_5_sa_044;solnu;;0.4;0.0;23.18;-14.79;0.0;27.5;35.44;0.04;0.02;0;0;0;-134.77;0.03;0.01;0.0;0.4
2026;301;365;beauce_5_sa_044;BTH;;0.55;0.0;6.51;-27.76;0.0;35.69;14.99;0.0;0.0;0;0.0;0;-34.86;0.0;0.0;0.0;0.55
2026;1;202;beauce_5_sa_045;BTH;;18.24;2.21;52.82;55.68;188.97;86.95;153.25;0.18;0.0;0;118.87;0;-100.21;0.12;0.07;2.21;18.24
2026;203;289;beauce_5_sa_045;solnu;;0.0;0.0;35.35;-93.97;0.0;153.25;94.59;0.03;0.0;0;0;0;-136.71;0.02;0.01;0.0;0.0
2026;290;365;beauce_5_sa_045;BTH;;0.0;0.0;10.94;10.11;15.09;94.13;100.47;0.06;0.02;0;8.88;0;80.5;0.05;0.01;0.0;0.0
2026;1;188;beauce_5_sa_046;BTH;;1.54;0.0;38.4;24.28;47.53;6.37;19.93;0.05;0.0;0;27.97;0;-132.74;0.01;0.04;0.0;1.54
2026;189;256;beauce_5_sa_046;solnu;;0.0;0.0;27.3;-42.54;0.0;19.93;4.68;0.01;0.0;0;0;0;-174.96;0.0;0.01;0.0;0.0
2026;257;365;beauce_5_sa_046;BTH;;0.52;0.0;16.95;-17.05;0.0;4.6;4.08;0.0;0.0;0;0.0;0;-16.25;0.0;0.0;0.0;0.52
2026;1;219;beauce_5_sa_047;BTH;;30.46;2.46;65.98;68.57;189.85;168.4;266.19;0.21;0.0;0;133.5;0;-203.32;0.13;0.08;2.46;30.46
2026;220;274;beauce_5_sa_047;solnu;;0.0;0.0;24.86;-9.92;0.0;266.19;281.1;0.03;0.0;0;0;0;-157.71;0.02;0.01;0.0;0.0
2026;275;365;beauce_5_sa_047;BTH;;0.0;0.0;14.49;-74.92;37.72;281.5;182.79;0.13;0.04;0;22.2;0;65.47;0.12;0.01;0.0;0.0
2026;1;222;beauce_5_sa_048;BTH;;5.09;0.75;58.9;41.02;106.48;24.78;69.1;0.09;0.0;0;65.2;0;-207.46;0.03;0.06;0.75;5.09
2026;223;290;beauce_5_sa_048;solnu;;0.0;0.0;21.44;-10.56;0.0;69.1;79.94;0.04;0.0;0;0;0;-121.37;0.03;0.01;0.0;0.0
2026;291;365;beauce_5_sa_048;BTH;;0.94;0.0;8.79;-55.45;1.5;80.29;31.36;0.04;0.02;0;0.88;0;-20.39;0.04;0.0;0.0;0.94
2026;1;226;beauce_5_sa_049;BTH;;16.02;1.97;61.9;59.34;198.46;98.67;152.36;0.13;0.0;0;117.65;0;-137.12;0.05;0.07;1.97;16.02
2026;227;311;beauce_5_sa_049;solnu;;0.0;0.0;26.16;-99.01;0.0;152.36;79.43;0.06;0.02;0;0;0;-13.31;0.06;0.01;0.0;0.0
2026;312;365;beauce_5_sa_049;BTH;;0.0;0.0;5.99;10.31;1.9;79.67;93.81;0.02;0.0;0;1.12;0;50.95;0.01;0.01;0.0;0.0
2026;1;184;beauce_5_sa_050;BTH;;1.85;0.0;35.82;19.01;46.66;7.9;14.18;0.04;0.0;0;29.22;0;-111.88;0.01;0.03;0.0;1.85
2026;185;261;beauce_5_sa_050;solnu;;0.0;0.0;29.0;-12.1;0.0;14.18;29.51;0.01;0.0;0;0;0;-184.16;0.0;0.01;0.0;0.0
2026;262;365;beauce_5_sa_050;BTH;;0.35;0.0;15.36;-40.69;1.5;30.01;2.8;0.0;0.0;0;0.88;0;-32.52;0.0;0.0;0.0;0.35
2026;1;227;beauce_5_sa_051;BTH;;3.35;0.55;61.42;20.34;87.78;10.87;42.8;0.08;0.0;0;51.65;0;-167.36;0.03;0.05;0.55;3.35
2026;228;291;beauce_5_sa_051;solnu;;0.02;0.0;17.39;-55.78;0.0;42.8;7.49;0.0;0.0;0;0;0;-106.37;0.0;0.0;0.0;0.02
2026;292;365;beauce_5_sa_051;BTH;;0.83;0.0;8.8;-8.69;0.0;7.48;6.83;0.0;0.0;0;0.0;0;33.36;0.0;0.0;0.0;0.83
2026;1;175;beauce_5_sa_052;BTH;;1.79;0.0;31.28;15.44;47.82;8.59;4.65;0.03;0.0;0;29.02;0;-127.54;0.0;0.03;0.0;1.79
2026;176;283;beauce_5_sa_052;solnu;;0.0;0.0;34.84;-4.42;0.0;4.65;35.11;0.02;0.0;0;0;0;-202.12;0.0;0.02;0.0;0.0
2026;284;365;beauce_5_sa_052;BTH;;0.45;0.0;10.34;-39.82;1.5;35.35;3.68;0.0;0.0;0;0.88;0;-33.75;0.0;0.0;0.0;0.45
2026;1;226;beauce_5_sa_053;BTH;;1.77;0.14;59.36;12.88;47.13;8.57;42.41;0.05;0.0;0;27.73;0;-186.44;0.01;0.04;0.14;1.77
2026;227;302;beauce_5_sa_053;solnu;;0.34;0.0;19.61;-58.06;0.0;42.41;3.62;0.0;0.0;0;0;0;-89.47;0.0;0.0;0.0;0.34
2026;303;365;beauce_5_sa_053;BTH;;0.11;0.0;6.12;-6.19;0.0;3.52;3.44;0.0;0.0;0;0.0;0;7.15;0.0;0.0;0.0;0.11
2026;1;176;beauce_5_sa_054;BTH;;11.15;1.75;35.27;52.48;155.86;59.5;26.99;0.11;0.01;0;112.6;0;-40.98;0.06;0.05;1.75;11.15
2026;177;275;beauce_5_sa_054;solnu;;0.0;0.0;37.43;2.59;0.0;26.99;149.66;0.03;0.0;0;0;0;-173.15;0.01;0.03;0.0;0.0
2026;276;365;beauce_5_sa_054;BTH;;0.0;0.0;14.0;-78.45;36.13;150.12;49.02;0.05;0.02;0;21.26;0;52.77;0.04;0.01;0.0;0.0
2026;1;182;beauce_5_sa_055;BTH;;1.75;0.0;34.1;22.73;51.14;8.41;12.3;0.03;0.0;0;31.86;0;-133.84;0.0;0.03;0.0;1.75
2026;183;262;beauce_5_sa_055;solnu;;0.09;0.0;29.33;-9.69;0.0;12.3;31.83;0.02;0.0;0;0;0;-187.15;0.0;0.01;0.0;0.09
2026;263;365;beauce_5_sa_055;BTH;;0.5;0.0;14.56;-40.68;1.5;32.05;4.01;0.0;0.0;0;0.88;0;-46.07;0.0;0.0;0.0;0.5
2026;1;210;beauce_5_sa_056;BTH;;1.21;0.0;53.42;21.68;46.56;5.48;32.75;0.05;0.0;0;27.4;0;-226.95;0.0;0.05;0.0;1.21
2026;211;268;beauce_5_sa_056;solnu;;0.0;0.0;16.16;-46.1;0.0;32.75;3.07;0.0;0.0;0;0;0;-93.21;0.0;0.0;0.0;0.0
2026;269;365;beauce_5_sa_056;BTH;;0.36;0.0;14.52;-14.44;0.0;3.11;2.78;0.0;0.0;0;0.0;0;-1.54;0.0;0.0;0.0;0.36
2026;1;171;beauce_5_sa_057;BTH;;12.32;1.0;33.71;40.04;105.46;74.36;28.91;0.07;0.0;0;69.73;0;-52.92;0.02;0.04;1.0;12.32
2026;172;289;beauce_5_sa_057;solnu;;0.0;0.0;41.73;-63.84;0.0;28.91;82.0;0.05;0.0;0;0;0;-201.16;0.02;0.02;0.0;0.0
2026;290;365;beauce_5_sa_057;BTH;;2.21;0.0;10.26;-24.95;15.09;76.77;49.95;0.04;0.02;0;8.88;0;58.27;0.03;0.01;0.0;2.21
2026;1;190;beauce_5_sa_058;BTH;;4.74;0.61;40.63;29.51;123.8;43.73;31.34;0.08;0.0;0;73.35;0;-27.27;0.04;0.04;0.61;4.74
2026;191;289;beauce_5_sa_058;solnu;;0.0;0.0;37.0;-58.82;0.0;31.34;11.43;0.01;0.0;0;0;0;-161.75;0.0;0.01;0.0;0.0
2026;290;365;beauce_5_sa_058;BTH;;1.03;0.47;10.06;-12.01;1.29;11.51;41.99;0.01;0.0;0;0.76;0;48.37;0.01;0.0;0.47;1.03
2026;1;210;beauce_5_sa_059;BTH;;25.72;2.3;62.57;61.54;175.78;141.2;235.6;0.22;0.0;0;133.21;0;-174.76;0.14;0.07;2.3;25.72
2026;211;266;beauce_5_sa_059;solnu;;0.0;0.0;25.58;-10.17;0.0;235.6;251.0;0.01;0.0;0;0;0;-167.35;0.0;0.01;0.0;0.0
2026;267;365;beauce_5_sa_059;BTH;;2.65;0.0;17.16;-71.65;51.48;251.16;142.22;0.11;0.03;0;30.3;0;93.45;0.1;0.01;0.0;2.65
2026;1;207;beauce_5_sa_060;BTH;;15.84;1.35;55.93;54.73;126.91;95.76;164.4;0.12;0.0;0;84.12;0;-121.42;0.05;0.07;1.35;15.84
2026;208;286;beauce_5_sa_060;solnu;;0.0;0.0;27.84;-10.41;0.0;164.4;181.81;0.01;0.0;0;0;0;-175.36;0.0;0.01;0.0;0.0
2026;287;365;beauce_5_sa_060;BTH;;2.95;0.0;11.37;-92.13;18.84;182.21;79.15;0.08;0.03;0;11.09;0;50.07;0.08;0.0;0.0;2.95
2026;1;203;beauce_5_sa_061;BTH;;6.53;0.98;46.6;62.42;135.15;32.42;72.97;0.08;0.0;0;80.42;0;-181.9;0.02;0.07;0.98;6.53
2026;204;298;beauce_5_sa_061;solnu;;0.0;0.0;30.65;-0.41;0.0;72.97;103.09;0.09;0.03;0;0;0;-177.54;0.07;0.02;0.0;0.0
2026;299;365;beauce_5_sa_061;BTH;;0.0;0.0;6.87;-60.2;0.0;103.37;49.93;0.01;0.0;0;0.0;0;-14.05;0.01;0.0;0.0;0.0
2026;1;213;beauce_5_sa_062;BTH;;12.36;1.07;54.57;71.37;119.3;68.52;142.64;0.12;0.0;0;84.9;0;-256.87;0.04;0.08;1.07;12.36
2026;214;281;beauce_5_sa_062;solnu;;0.0;0.0;21.58;-10.25;0.0;142.64;153.96;0.01;0.0;0;0;0;-150.15;0.0;0.01;0.0;0.0
2026;282;365;beauce_5_sa_062;BTH;;3.1;0.0;11.36;-89.61;20.19;154.26;52.34;0.06;0.02;0;11.88;0;9.32;0.05;0.0;0.0;3.1
2026;1;218;beauce_5_sa_063;BTH;;5.96;0.79;60.5;39.29;93.69;29.19;88.46;0.09;0.0;0;65.57;0;-153.36;0.03;0.06;0.79;5.96
2026;219;281;beauce_5_sa_063;solnu;;0.0;0.0;19.62;-13.9;0.0;88.46;94.16;0.01;0.0;0;0;0;-119.08;0.0;0.01;0.0;0.0
2026;282;365;beauce_5_sa_063;BTH;;2.19;0.0;12.15;-77.61;9.0;94.43;17.49;0.02;0.0;0;5.3;0;41.96;0.02;0.0;0.0;2.19
2026;1;225;beauce_5_sa_064;BTH;;2.44;0.0;59.91;29.29;47.1;10.1;49.71;0.06;0.0;0;27.72;0;-297.51;0.01;0.05;0.0;2.44
2026;226;257;beauce_5_sa_064;solnu;;0.0;0.0;8.21;-51.18;0.0;49.71;6.73;0.0;0.0;0;0;0;-57.88;0.0;0.0;0.0;0.0
2026;258;365;beauce_5_sa_064;BTH;;0.71;0.0;17.39;-18.29;0.0;6.01;5.12;0.0;0.0;0;0.0;0;9.1;0.0;0.0;0.0;0.71
2026;1;189;beauce_5_sa_065;BTH;;11.27;1.16;40.74;49.33;110.19;64.8;119.58;0.16;0.02;0;96.16;0;-134.94;0.1;0.05;1.16;11.27
2026;190;259;beauce_5_sa_065;solnu;;0.0;0.0;30.5;-7.26;0.0;119.58;142.8;0.02;0.0;0;0;0;-206.67;0.0;0.02;0.0;0.0
2026;260;365;beauce_5_sa_065;BTH;;4.54;0.0;17.07;-90.58;25.77;143.59;38.98;0.0;0.0;0;15.16;0;46.51;0.0;0.0;0.0;4.54
2026;1;173;beauce_5_sa_066;BTH;;6.29;1.11;33.22;36.88;130.05;31.58;47.33;0.1;0.0;0;84.46;0;-39.48;0.06;0.04;1.11;6.29
2026;174;272;beauce_5_sa_066;solnu;;0.0;0.0;35.88;4.63;0.0;47.33;87.93;0.03;0.0;0;0;0;-164.41;0.01;0.03;0.0;0.0
2026;273;365;beauce_5_sa_066;BTH;;0.0;0.0;14.01;-79.15;9.0;88.27;13.78;0.0;0.0;0;5.3;0;22.96;0.0;0.0;0.0;0.0
2026;1;203;beauce_5_sa_067;BTH;;23.03;0.96;50.68;65.17;194.0;172.35;142.8;0.19;0.0;0;121.91;0;-83.21;0.12;0.07;0.96;23.03
2026;204;285;beauce_5_sa_067;solnu;;0.0;0.0;32.31;-2.71;0.0;142.8;172.37;0.02;0.0;0;0;0;-175.41;0.0;0.02;0.0;0.0
2026;286;365;beauce_5_sa_067;BTH;;0.0;1.3;11.42;-84.55;15.95;172.63;180.78;0.07;0.03;0;9.39;0;38.3;0.07;0.0;1.3;0.0
2026;1;173;beauce_5_sa_068;BTH;;1.86;0.0;31.51;9.58;41.97;9.0;4.92;0.03;0.0;0;25.58;0;-102.39;0.0;0.03;0.0;1.86
2026;174;289;beauce_5_sa_068;solnu;;0.0;0.0;37.46;-4.59;0.0;4.92;37.83;0.03;0.0;0;0;0;-204.27;0.0;0.02;0.0;0.0
2026;290;365;beauce_5_sa_068;BTH;;0.71;0.0;9.25;-36.1;0.0;38.47;10.36;0.02;0.01;0;0.0;0;-30.25;0.02;0.0;0.0;0.71
2026;1;211;beauce_5_sa_069;BTH;;10.57;1.06;63.02;45.03;136.35;85.63;126.06;0.18;0.01;0;103.86;0;-275.79;0.11;0.06;1.06;10.57
2026;212;264;beauce_5_sa_069;solnu;;0.0;0.0;23.15;-111.49;0.0;126.06;37.72;0.0;0.0;0;0;0;-71.96;0.0;0.0;0.0;0.0
2026;265;365;beauce_5_sa_069;BTH;;2.2;0.46;17.62;26.02;34.12;37.94;79.25;0.04;0.0;0;20.08;0;97.66;0.01;0.03;0.46;2.2
2026;1;178;beauce_5_sa_070;BTH;;4.01;0.36;33.22;18.64;98.12;34.88;11.97;0.06;0.01;0;57.96;0;-23.63;0.02;0.04;0.36;4.01
2026;179;286;beauce_5_sa_070;solnu;;0.0;0.0;36.74;-3.56;0.0;11.97;45.14;0.02;0.0;0;0;0;-167.1;0.0;0.02;0.0;0.0
2026;287;365;beauce_5_sa_070;BTH;;0.19;0.34;10.53;-46.13;0.0;45.52;11.03;0.01;0.0;0;0.0;0;-36.69;0.0;0.0;0.34;0.19
2026;1;184;beauce_5_sa_071;BTH;;14.01;1.25;37.7;45.04;122.19;88.42;126.78;0.09;0.0;0;72.22;0;-19.77;0.04;0.05;1.25;14.01
2026;185;316;beauce_5_sa_071;solnu;;0.0;0.0;44.79;-93.31;0.0;126.78;78.26;0.08;0.03;0;0;0;-158.01;0.06;0.02;0.0;0.0
2026;317;365;beauce_5_sa_071;BTH;;0.95;0.0;5.0;2.36;1.15;78.21;83.51;0.01;0.0;0;0.68;0;38.7;0.01;0.0;0.0;0.95
2026;1;231;beauce_5_sa_072;BTH;;13.11;1.82;74.02;57.65;175.87;76.95;155.68;0.16;0.0;0;122.6;0;-302.8;0.09;0.08;1.82;13.11
2026;232;276;beauce_5_sa_072;solnu;;0.0;0.0;18.36;-105.29;0.0;155.68;68.74;0.02;0.0;0;0;0;-63.53;0.01;0.0;0.0;0.0
2026;277;365;beauce_5_sa_072;BTH;;0.08;0.0;13.95;18.43;34.61;68.75;66.35;0.07;0.02;0;20.37;0;103.69;0.05;0.02;0.0;0.08
2026;1;215;beauce_5_sa_073;BTH;;1.12;0.0;54.41;9.01;42.03;5.4;25.64;0.04;0.0;0;24.73;0;-177.94;0.0;0.04;0.0;1.12
2026;216;310;beauce_5_sa_073;solnu;;0.34;0.0;24.76;-43.42;0.0;25.64;7.19;0.02;0.01;0;0;0;-141.64;0.02;0.01;0.0;0.34
2026;311;365;beauce_5_sa_073;BTH;;0.23;0.0;5.23;-5.32;0.0;7.19;6.97;0.0;0.0;0;0.0;0;-3.42;0.0;0.0;0.0;0.23
2026;1;192;beauce_5_sa_074;BTH;;3.74;0.78;41.57;21.52;92.69;17.83;42.74;0.08;0.0;0;58.07;0;-8.76;0.05;0.04;0.78;3.74
2026;193;275;beauce_5_sa_074;solnu;;0.0;0.0;32.66;-6.78;0.0;42.74;68.6;0.02;0.0;0;0;0;-148.3;0.0;0.02;0.0;0.0
2026;276;365;beauce_5_sa_074;BTH;;1.04;0.0;13.41;-65.34;6.0;69.03;9.67;0.0;0.0;0;3.53;0;37.79;0.0;0.0;0.0;1.04
2026;1;226;beauce_5_sa_075;BTH;;7.53;0.78;65.17;45.46;87.22;41.73;115.87;0.11;0.0;0;68.61;0;-298.16;0.04;0.07;0.78;7.53
2026;227;275;beauce_5_sa_075;solnu;;0.0;0.0;15.11;-104.12;0.0;115.87;26.86;0.0;0.0;0;0;0;-78.57;0.0;0.0;0.0;0.0
2026;276;365;beauce_5_sa_075;BTH;;2.72;0.0;13.72;4.84;11.96;25.77;30.73;0.02;0.0;0;7.04;0;83.32;0.0;0.01;0.0;2.72
2026;1;227;beauce_5_sa_076;BTH;;2.58;0.74;63.29;14.27;98.29;12.75;44.46;0.07;0.0;0;57.83;0;-67.18;0.02;0.05;0.74;2.58
2026;228;298;beauce_5_sa_076;solnu;;0.0;0.0;22.8;-62.7;0.0;44.46;5.74;0.01;0.0;0;0;0;-101.19;0.01;0.0;0.0;0.0
2026;299;365;beauce_5_sa_076;BTH;;0.0;0.0;7.15;-7.22;0.0;5.91;5.77;0.0;0.0;0;0.0;0;30.58;0.0;0.0;0.0;0.0
2026;1;211;beauce_5_sa_077;BTH;;1.04;0.0;53.26;19.89;46.4;4.96;30.63;0.05;0.0;0;27.3;0;-213.84;0.0;0.04;0.0;1.04
2026;212;277;beauce_5_sa_077;solnu;;0.0;0.0;18.4;-47.17;0.0;30.63;2.47;0.0;0.0;0;0;0;-110.2;0.0;0.0;0.0;0.0
2026;278;365;beauce_5_sa_077;BTH;;0.3;0.0;12.18;-12.29;0.0;2.47;2.18;0.0;0.0;0;0.0;0;-3.7;0.0;0.0;0.0;0.3
2026;1;185;beauce_5_sa_078;BTH;;28.71;2.27;38.38;49.92;184.64;190.35;235.36;0.14;0.0;0;118.09;0;16.1;0.09;0.05;2.27;28.71
2026;186;286;beauce_5_sa_078;solnu;;0.0;0.0;40.62;2.65;0.0;235.36;278.6;0.03;0.0;0;0;0;-171.26;0.0;0.03;0.0;0.0
2026;287;365;beauce_5_sa_078;BTH;;0.0;0.0;11.81;-84.26;21.11;279.03;184.89;0.11;0.04;0;12.42;0;61.69;0.11;0.0;0.0;0.0
2026;1;175;beauce_5_sa_079;BTH;;1.61;0.41;34.04;9.28;73.58;6.47;5.01;0.03;0.0;0;43.3;0;-23.84;0.01;0.03;0.41;1.61
2026;176;284;beauce_5_sa_079;solnu;;0.0;0.0;38.33;-40.54;0.0;5.01;3.86;0.02;0.0;0;0;0;-179.55;0.0;0.02;0.0;0.0
2026;285;365;beauce_5_sa_079;BTH;;0.43;0.0;11.19;-11.54;0.0;4.04;3.61;0.0;0.0;0;0.0;0;1.18;0.0;0.0;0.0;0.43
2026;1;191;beauce_5_sa_080;BTH;;7.91;0.0;39.23;29.24;112.33;81.56;30.03;0.09;0.0;0;66.32;0;-57.22;0.05;0.04;0.0;7.91
2026;192;272;beauce_5_sa_080;solnu;;0.0;0.0;31.42;-7.02;0.0;30.03;54.41;0.02;0.0;0;0;0;-157.86;0.0;0.02;0.0;0.0
2026;273;365;beauce_5_sa_080;BTH;;1.13;0.86;13.46;-52.78;0.0;54.72;16.79;0.0;0.0;0;0.0;0;-32.27;0.0;0.0;0.86;1.13
2026;1;206;beauce_5_sa_081;BTH;;9.93;1.19;53.44;53.7;143.83;55.74;97.97;0.13;0.0;0;92.18;0;-111.17;0.07;0.06;1.19;9.93
2026;207;273;beauce_5_sa_081;solnu;;0.0;0.0;26.07;-8.82;0.0;97.97;115.2;0.01;0.0;0;0;0;-166.08;0.0;0.01;0.0;0.0
2026;274;365;beauce_5_sa_081;BTH;;0.5;0.16;14.06;-91.31;14.46;115.65;35.21;0.01;0.0;0;8.51;0;45.02;0.01;0.0;0.16;0.5
2026;1;178;beauce_5_sa_082;BTH;;1.16;0.0;33.44;8.9;42.94;5.55;3.75;0.03;0.0;0;25.27;0;-85.77;0.0;0.03;0.0;1.16
2026;179;310;beauce_5_sa_082;solnu;;0.21;0.0;41.61;-43.18;0.0;3.75;2.65;0.01;0.0;0;0;0;-202.34;0.0;0.01;0.0;0.21
2026;311;365;beauce_5_sa_082;BTH;;0.08;0.0;5.31;-5.34;0.0;2.62;2.54;0.0;0.0;0;0.0;0;1.99;0.0;0.0;0.0;0.08
2026;1;222;beauce_5_sa_083;BTH;;15.77;1.59;67.5;49.31;127.06;97.18;189.91;0.18;0.01;0;107.23;0;-311.39;0.11;0.07;1.59;15.77
2026;223;263;beauce_5_sa_083;solnu;;0.0;0.0;17.36;-110.52;0.0;189.91;96.74;0.0;0.0;0;0;0;-57.33;0.0;0.0;0.0;0.0
2026;264;365;beauce_5_sa_083;BTH;;6.17;0.0;17.32;23.88;54.27;96.79;77.41;0.07;0.02;0;31.94;0;106.87;0.05;0.02;0.0;6.17
2026;1;225;beauce_5_sa_084;BTH;;34.56;1.3;71.92;62.28;183.23;242.98;256.69;0.23;0.0;0;128.71;0;-175.82;0.14;0.08;1.3;34.56
2026;226;275;beauce_5_sa_084;solnu;;0.0;0.0;21.49;-12.61;0.0;256.69;265.53;0.03;0.0;0;0;0;-132.04;0.02;0.01;0.0;0.0
2026;276;365;beauce_5_sa_084;BTH;;0.0;1.27;14.53;-80.0;36.17;265.96;163.75;0.11;0.03;0;21.28;0;93.86;0.1;0.01;1.27;0.0
2026;1;173;beauce_5_sa_085;BTH;;28.48;2.49;34.42;40.08;184.21;200.46;247.25;0.16;0.0;0;123.99;0;-81.6;0.11;0.04;2.49;28.48
2026;174;280;beauce_5_sa_085;solnu;;0.0;0.0;33.95;-93.06;0.0;247.25;188.75;0.01;0.0;0;0;0;-91.47;0.0;0.01;0.0;0.0
2026;281;365;beauce_5_sa_085;BTH;;0.0;0.0;13.11;22.04;28.64;189.06;195.1;0.11;0.04;0;16.85;0;77.83;0.09;0.02;0.0;0.0
2026;1;218;beauce_5_sa_086;BTH;;1.7;0.0;56.24;17.39;44.36;8.13;35.65;0.05;0.0;0;26.1;0;-221.43;0.0;0.04;0.0;1.7
2026;219;282;beauce_5_sa_086;solnu;;0.0;0.0;17.26;-49.17;0.0;35.65;3.84;0.0;0.0;0;0;0;-106.88;0.0;0.0;0.0;0.0
2026;283;365;beauce_5_sa_086;BTH;;0.47;0.0;11.13;-11.1;0.0;3.84;3.46;0.0;0.0;0;0.0;0;-2.09;0.0;0.0;0.0;0.47
2026;1;202;beauce_5_sa_087;BTH;;11.65;0.7;50.49;51.01;157.34;90.01;74.82;0.12;0.0;0;93.92;0;-28.46;0.05;0.06;0.7;11.65
2026;203;295;beauce_5_sa_087;solnu;;0.0;0.0;33.25;-3.89;0.0;74.82;104.07;0.08;0.03;0;0;0;-173.42;0.07;0.02;0.0;0.0
2026;296;365;beauce_5_sa_087;BTH;;1.8;0.85;8.39;-72.52;2.53;104.35;100.01;0.02;0.0;0;1.49;0;3.03;0.02;0.0;0.85;1.8
2026;1;199;beauce_5_sa_088;BTH;;1.73;0.0;41.03;25.83;54.12;8.36;19.33;0.04;0.0;0;32.73;0;-201.87;0.0;0.04;0.0;1.73
2026;200;286;beauce_5_sa_088;solnu;;0.0;0.0;27.39;-8.53;0.0;19.33;38.18;0.01;0.0;0;0;0;-184.05;0.0;0.01;0.0;0.0
2026;287;365;beauce_5_sa_088;BTH;;0.56;0.0;9.65;-41.64;0.0;38.53;5.62;0.01;0.0;0;0.0;0;-34.28;0.01;0.0;0.0;0.56
2026;1;178;beauce_5_sa_089;BTH;;2.27;0.86;34.49;12.64;110.61;10.05;8.33;0.06;0.0;0;65.09;0;17.8;0.03;0.03;0.86;2.27
2026;179;280;beauce_5_sa_089;solnu;;0.0;0.0;36.86;-5.03;0.0;8.33;40.15;0.02;0.0;0;0;0;-141.85;0.0;0.02;0.0;0.0
2026;281;365;beauce_5_sa_089;BTH;;0.08;0.0;12.29;-48.1;0.0;40.59;7.08;0.0;0.0;0;0.0;0;-24.33;0.0;0.0;0.0;0.08
2026;1;223;beauce_5_sa_090;BTH;;2.37;0.0;56.94;20.86;46.18;11.41;40.62;0.05;0.0;0;28.06;0;-254.07;0.0;0.05;0.0;2.37
2026;224;284;beauce_5_sa_090;solnu;;0.0;0.0;15.57;-15.87;0.0;40.62;40.32;0.0;0.0;0;0;0;-96.04;0.0;0.0;0.0;0.0
2026;285;365;beauce_5_sa_090;BTH;;0.77;0.0;10.33;-42.53;1.5;40.57;5.86;0.01;0.0;0;0.88;0;-18.0;0.01;0.0;0.0;0.77
2026;1;200;beauce_5_sa_091;BTH;;27.57;1.82;48.52;61.57;177.77;181.62;222.51;0.15;0.0;0;119.31;0;-49.56;0.09;0.07;1.82;27.57
2026;201;281;beauce_5_sa_091;solnu;;0.0;0.0;32.97;-3.48;0.0;222.51;251.98;0.02;0.0;0;0;0;-200.25;0.0;0.02;0.0;0.0
2026;282;365;beauce_5_sa_091;BTH;;0.0;0.38;12.54;-80.92;28.62;252.34;183.44;0.11;0.04;0;16.84;0;53.59;0.11;0.01;0.38;0.0
2026;1;200;beauce_5_sa_092;BTH;;12.4;0.99;46.77;53.19;184.8;89.48;66.07;0.13;0.0;0;114.75;0;-18.06;0.07;0.06;0.99;12.4
2026;201;285;beauce_5_sa_092;solnu;;0.0;0.0;33.18;-2.74;0.0;66.07;96.49;0.02;0.0;0;0;0;-177.91;0.0;0.02;0.0;0.0
2026;286;365;beauce_5_sa_092;BTH;;0.0;0.79;11.31;-76.16;7.42;96.75;83.38;0.03;0.01;0;4.37;0;40.65;0.03;0.0;0.79;0.0
2026;1;227;beauce_5_sa_093;BTH;;10.72;0.85;62.05;61.59;112.07;58.01;122.32;0.09;0.0;0;67.26;0;-261.4;0.01;0.07;0.85;10.72
2026;228;305;beauce_5_sa_093;solnu;;0.31;0.0;22.05;-11.67;0.0;122.32;132.25;0.11;0.04;0;0;0;-134.44;0.1;0.01;0.0;0.31
2026;306;365;beauce_5_sa_093;BTH;;2.16;0.0;5.84;-69.58;0.0;132.42;66.34;0.0;0.0;0;0.0;0;3.6;0.0;0.0;0.0;2.16
2026;1;199;beauce_5_sa_094;BTH;;5.55;0.92;48.77;37.54;94.62;36.02;90.55;0.13;0.01;0;77.39;0;-203.71;0.08;0.05;0.92;5.55
2026;200;261;beauce_5_sa_094;solnu;;0.0;0.0;27.96;-93.82;0.0;90.55;24.69;0.0;0.0;0;0;0;-146.51;0.0;0.0;0.0;0.0
2026;262;365;beauce_5_sa_094;BTH;;2.71;0.0;17.42;-8.63;4.76;24.7;26.01;0.01;0.0;0;2.8;0;90.82;0.0;0.01;0.0;2.71
2026;1;204;beauce_5_sa_095;BTH;;9.79;1.0;55.95;43.14;122.36;82.01;123.77;0.19;0.02;0;101.61;0;-279.91;0.13;0.06;1.0;9.79
2026;205;258;beauce_5_sa_095;solnu;;0.0;0.0;24.96;-106.67;0.0;123.77;42.06;0.0;0.0;0;0;0;-103.2;0.0;0.0;0.0;0.0
2026;259;365;beauce_5_sa_095;BTH;;4.54;0.38;18.83;17.08;23.97;42.07;78.25;0.03;0.0;0;14.1;0;79.33;0.01;0.02;0.38;4.54
2026;1;230;beauce_5_sa_096;BTH;;41.37;1.92;75.1;61.13;187.52;273.37;323.81;0.2;0.0;0;125.04;0;-235.19;0.12;0.08;1.92;41.37
2026;231;281;beauce_5_sa_096;solnu;;0.0;0.0;20.57;-95.55;0.0;323.81;248.78;0.04;0.0;0;0;0;-96.56;0.04;0.0;0.0;0.0
2026;282;365;beauce_5_sa_096;BTH;;0.0;0.83;13.0;4.74;28.63;247.85;299.71;0.13;0.04;0;16.85;0;107.45;0.11;0.01;0.83;0.0
2026;1;207;beauce_5_sa_097;BTH;;1.12;0.16;52.2;19.8;59.08;5.45;29.44;0.05;0.0;0;34.77;0;-166.85;0.0;0.04;0.16;1.12
2026;208;272;beauce_5_sa_097;solnu;;0.0;0.0;21.71;-49.31;0.0;29.44;2.87;0.0;0.0;0;0;0;-133.42;0.0;0.0;0.0;0.0
2026;273;365;beauce_5_sa_097;BTH;;0.33;0.0;13.68;-13.84;0.0;2.87;2.65;0.0;0.0;0;0.0;0;7.84;0.0;0.0;0.0;0.33
2026;1;199;beauce_5_sa_098;BTH;;51.37;3.08;49.57;58.31;156.08;331.33;461.9;0.32;0.05;0;131.59;0;-153.1;0.26;0.06;3.08;51.37
2026;200;257;beauce_5_sa_098;solnu;;0.0;0.0;28.98;-7.37;0.0;461.9;483.5;0.01;0.0;0;0;0;-190.06;0.0;0.01;0.0;0.0
2026;258;365;beauce_5_sa_098;BTH;;16.65;0.0;19.06;-65.15;67.86;484.42;352.73;0.13;0.04;0;39.93;0;63.23;0.11;0.02;0.0;16.65
2026;1;228;beauce_5_sa_099;BTH;;1.67;0.0;59.68;10.32;41.54;8.03;34.86;0.04;0.0;0;24.44;0;-218.73;0.0;0.04;0.0;1.67
2026;229;311;beauce_5_sa_099;solnu;;0.5;0.0;19.79;-46.21;0.0;34.86;8.04;0.02;0.01;0;0;0;-103.55;0.02;0.0;0.0;0.5
2026;312;365;beauce_5_sa_099;BTH;;0.25;0.0;5.13;-5.22;0.0;8.0;7.71;0.0;0.0;0;0.0;0;-1.76;0.0;0.0;0.0;0.25
2027;1;224;beauce_5_sa_000;BTH;;2.78;0.91;52.96;21.12;114.41;14.47;39.27;0.08;0.0;0;67.33;0;-21.62;0.04;0.05;0.91;2.78
2027;225;310;beauce_5_sa_000;solnu;;1.17;0.0;31.53;-44.71;0.0;39.27;28.48;0.09;0.01;0;0;0;-155.91;0.08;0.01;0.0;1.17
2027;311;365;beauce_5_sa_000;BTH;;3.16;0.0;6.37;-8.84;0.0;28.48;25.41;0.0;0.0;0;0.0;0;-17.33;0.0;0.0;0.0;3.16
2027;1;195;beauce_5_sa_001;BTH;;10.21;0.0;38.1;18.36;137.23;120.12;29.01;0.13;0.0;0;81.31;0;38.87;0.09;0.04;0.0;10.21
2027;196;309;beauce_5_sa_001;solnu;;2.66;0.0;44.86;-48.03;0.0;29.01;28.48;0.04;0.0;0;0;0;-227.35;0.02;0.02;0.0;2.66
2027;310;365;beauce_5_sa_001;BTH;;4.67;1.29;6.58;-12.38;2.15;28.24;113.06;0.05;0.0;0;1.27;0;32.64;0.05;0.0;1.29;4.67
2027;1;199;beauce_5_sa_002;BTH;;0.95;0.0;39.95;23.7;41.84;4.69;25.51;0.04;0.0;0;25.5;0;-141.92;0.0;0.04;0.0;0.95
2027;200;263;beauce_5_sa_002;solnu;;0.0;0.0;31.22;-10.7;0.0;25.51;46.01;0.02;0.0;0;0;0;-197.73;0.0;0.01;0.0;0.0
2027;264;365;beauce_5_sa_002;BTH;;2.53;0.0;16.19;-47.48;3.0;46.24;9.15;0.03;0.0;0;1.77;0;-36.5;0.03;0.0;0.0;2.53
2027;1;201;beauce_5_sa_003;BTH;;11.54;0.95;41.64;24.34;91.07;60.08;94.47;0.04;0.0;0;53.59;0;1.95;0.0;0.04;0.95;11.54
2027;202;314;beauce_5_sa_003;solnu;;5.37;0.0;42.75;-49.63;0.0;94.47;82.03;0.18;0.01;0;0;0;-177.42;0.15;0.03;0.0;5.37
2027;315;365;beauce_5_sa_003;BTH;;7.91;0.0;5.86;-16.66;0.0;80.82;63.33;0.0;0.0;0;0.0;0;19.22;0.0;0.0;0.0;7.91
2027;1;226;beauce_5_sa_004;BTH;;21.23;1.4;56.66;58.25;132.39;112.33;178.63;0.08;0.0;0;79.14;0;-47.58;0.01;0.07;1.4;21.23
2027;227;309;beauce_5_sa_004;solnu;;6.49;0.0;30.65;-6.41;0.0;178.63;196.18;0.2;0.01;0;0;0;-159.56;0.18;0.02;0.0;6.49
2027;310;365;beauce_5_sa_004;BTH;;14.18;0.0;6.71;-82.82;0.0;195.48;105.87;0.01;0.0;0;0.0;0;23.03;0.01;0.0;0.0;14.18
2027;1;224;beauce_5_sa_005;BTH;;35.14;2.74;66.43;58.55;164.96;230.64;360.03;0.44;0.01;0;132.94;0;-205.82;0.37;0.07;2.74;35.14
2027;225;260;beauce_5_sa_005;solnu;;0.0;0.0;19.61;-13.39;0.0;360.03;353.18;0.01;0.0;0;0;0;-131.07;0.0;0.01;0.0;0.0
2027;261;365;beauce_5_sa_005;BTH;;50.3;0.0;18.98;-68.84;61.11;353.5;191.77;0.14;0.01;0;35.96;0;123.25;0.12;0.02;0.0;50.3
2027;1;174;beauce_5_sa_006;BTH;;6.77;0.0;28.86;22.98;90.54;64.45;18.92;0.07;0.0;0;54.03;0;13.68;0.04;0.03;0.0;6.77
2027;175;314;beauce_5_sa_006;solnu;;2.53;0.0;52.05;-49.43;0.0;18.92;21.54;0.05;0.0;0;0;0;-232.07;0.02;0.02;0.0;2.53
2027;315;365;beauce_5_sa_006;BTH;;3.46;0.74;5.66;-12.0;2.15;21.53;64.7;0.05;0.0;0;1.27;0;22.82;0.05;0.0;0.74;3.46
2027;1;200;beauce_5_sa_007;BTH;;5.89;0.96;39.86;27.13;169.18;60.03;23.98;0.1;0.0;0;100.11;0;25.43;0.05;0.04;0.96;5.89
2027;201;296;beauce_5_sa_007;solnu;;0.0;0.0;38.47;0.15;0.0;23.98;62.5;0.1;0.01;0;0;0;-144.34;0.07;0.02;0.0;0.0
2027;297;365;beauce_5_sa_007;BTH;;4.69;0.54;9.13;-53.37;2.15;62.93;54.49;0.03;0.0;0;1.27;0;-42.04;0.03;0.0;0.54;4.69
2027;1;190;beauce_5_sa_008;BTH;;14.41;0.9;35.1;52.28;201.61;163.6;102.16;0.19;0.0;0;127.14;0;11.2;0.14;0.05;0.9;14.41
2027;191;285;beauce_5_sa_008;solnu;;0.0;0.0;41.85;10.18;0.0;102.16;154.09;0.1;0.0;0;0;0;-171.49;0.06;0.03;0.0;0.0
2027;286;365;beauce_5_sa_008;BTH;;12.02;1.29;12.53;-73.09;6.5;154.64;171.21;0.11;0.01;0;3.82;0;34.34;0.11;0.0;1.29;12.02
2027;1;184;beauce_5_sa_009;BTH;;1.99;1.18;33.18;30.07;128.57;8.64;29.45;0.1;0.0;0;75.66;0;7.5;0.06;0.04;1.18;1.99
2027;185;276;beauce_5_sa_009;solnu;;0.0;0.0;44.69;-67.74;0.0;29.45;6.37;0.02;0.0;0;0;0;-134.4;0.0;0.02;0.0;0.0
2027;277;365;beauce_5_sa_009;BTH;;1.19;0.0;14.62;-9.59;1.99;6.48;8.22;0.0;0.0;0;1.17;0;62.09;0.0;0.0;0.0;1.19
2027;1;192;beauce_5_sa_010;BTH;;4.0;0.61;33.98;5.68;88.72;20.66;13.38;0.03;0.0;0;52.2;0;-12.13;0.01;0.02;0.61;4.0
2027;193;292;beauce_5_sa_010;solnu;;0.79;0.0;39.88;1.63;0.0;13.38;54.01;0.09;0.01;0;0;0;-168.35;0.07;0.03;0.0;0.79
2027;293;365;beauce_5_sa_010;BTH;;3.4;0.0;9.54;-39.32;0.0;54.38;23.91;0.01;0.0;0;0.0;0;-71.69;0.0;0.0;0.0;3.4
2027;1;182;beauce_5_sa_011;BTH;;0.32;0.0;30.27;11.13;40.57;1.55;2.03;0.03;0.0;0;23.87;0;-75.07;0.0;0.03;0.0;0.32
2027;183;296;beauce_5_sa_011;solnu;;0.52;0.0;45.98;-42.7;0.0;2.03;4.95;0.03;0.0;0;0;0;-236.31;0.02;0.02;0.0;0.52
2027;297;365;beauce_5_sa_011;BTH;;0.61;0.0;8.34;-8.38;0.0;4.87;4.3;0.0;0.0;0;0.0;0;-5.88;0.0;0.0;0.0;0.61
2027;1;173;beauce_5_sa_012;BTH;;0.72;0.0;26.25;24.9;47.68;3.7;6.41;0.03;0.0;0;28.94;0;-117.25;0.0;0.03;0.0;0.72
2027;174;263;beauce_5_sa_012;solnu;;0.0;0.0;40.04;1.77;0.0;6.41;48.2;0.03;0.0;0;0;0;-253.54;0.0;0.03;0.0;0.0
2027;264;365;beauce_5_sa_012;BTH;;2.31;0.0;15.45;-49.79;3.0;48.44;8.52;0.03;0.0;0;1.77;0;-65.45;0.03;0.0;0.0;2.31
2027;1;172;beauce_5_sa_013;BTH;;9.75;1.77;31.31;43.2;155.65;69.78;92.72;0.09;0.0;0;102.24;0;22.09;0.05;0.04;1.77;9.75
2027;173;288;beauce_5_sa_013;solnu;;1.41;0.0;46.96;-81.45;0.0;92.72;74.66;0.11;0.01;0;0;0;-152.65;0.08;0.03;0.0;1.41
2027;289;365;beauce_5_sa_013;BTH;;7.18;0.0;12.4;6.9;19.32;74.17;67.41;0.04;0.0;0;11.37;0;86.39;0.03;0.01;0.0;7.18
2027;1;205;beauce_5_sa_014;BTH;;2.01;0.96;45.89;22.84;116.54;7.69;30.01;0.1;0.0;0;68.57;0;-8.69;0.06;0.04;0.96;2.01
2027;206;278;beauce_5_sa_014;solnu;;0.0;0.0;36.38;-63.33;0.0;30.01;6.73;0.01;0.0;0;0;0;-166.76;0.01;0.01;0.0;0.0
2027;279;365;beauce_5_sa_014;BTH;;1.29;0.0;13.59;-13.69;0.0;6.54;5.34;0.0;0.0;0;0.0;0;76.42;0.0;0.0;0.0;1.29
2027;1;226;beauce_5_sa_015;BTH;;11.89;1.71;56.56;38.7;177.29;60.79;94.93;0.12;0.0;0;104.33;0;-52.58;0.06;0.06;1.71;11.89
2027;227;296;beauce_5_sa_015;solnu;;2.91;0.0;27.8;-6.57;0.0;94.93;113.12;0.13;0.01;0;0;0;-136.06;0.12;0.01;0.0;2.91
2027;297;365;beauce_5_sa_015;BTH;;8.66;0.0;9.01;-53.55;0.0;113.54;60.67;0.0;0.0;0;0.0;0;2.04;0.0;0.0;0.0;8.66
2027;1;191;beauce_5_sa_016;BTH;;0.97;0.21;35.95;19.81;56.34;4.78;19.28;0.04;0.0;0;33.15;0;-60.14;0.01;0.03;0.21;0.97
2027;192;257;beauce_5_sa_016;solnu;;0.0;0.0;38.59;-55.78;0.0;19.28;2.07;0.02;0.0;0;0;0;-221.36;0.0;0.02;0.0;0.0
2027;258;365;beauce_5_sa_016;BTH;;0.5;0.0;18.32;-11.11;3.93;2.07;4.85;0.01;0.0;0;2.31;0;10.76;0.0;0.01;0.0;0.5
2027;1;206;beauce_5_sa_017;BTH;;5.53;0.0;39.8;25.93;84.71;24.03;30.54;0.07;0.0;0;49.85;0;-158.89;0.02;0.05;0.0;5.53
2027;207;292;beauce_5_sa_017;solnu;;2.18;0.0;32.12;-4.2;0.0;30.54;56.18;0.09;0.01;0;0;0;-200.44;0.07;0.02;0.0;2.18
2027;293;365;beauce_5_sa_017;BTH;;3.86;0.42;8.54;-45.57;1.46;56.52;48.59;0.02;0.0;0;0.86;0;-100.27;0.02;0.0;0.42;3.86
2027;1;220;beauce_5_sa_018;BTH;;27.7;2.14;53.59;63.45;194.34;204.36;259.75;0.16;0.0;0;116.48;0;-93.83;0.09;0.07;2.14;27.7
2027;221;300;beauce_5_sa_018;solnu;;4.23;0.0;32.68;-93.67;0.0;259.75;194.33;0.19;0.01;0;0;0;-131.81;0.18;0.01;0.0;4.23
2027;301;365;beauce_5_sa_018;BTH;;20.06;0.0;8.46;8.3;4.82;194.15;186.14;0.07;0.0;0;2.83;0;65.17;0.06;0.01;0.0;20.06
2027;1;182;beauce_5_sa_019;BTH;;17.35;2.25;31.57;57.53;199.47;128.74;169.69;0.18;0.0;0;132.44;0;-26.75;0.13;0.05;2.25;17.35
2027;183;282;beauce_5_sa_019;solnu;;0.0;0.0;39.16;10.95;0.0;169.69;219.71;0.09;0.0;0;0;0;-164.52;0.06;0.03;0.0;0.0
2027;283;365;beauce_5_sa_019;BTH;;14.17;0.0;13.15;-71.58;26.82;220.18;120.15;0.12;0.01;0;15.78;0;35.12;0.11;0.01;0.0;14.17
2027;1;230;beauce_5_sa_020;BTH;;13.41;2.09;56.49;39.82;200.75;60.26;99.04;0.18;0.0;0;118.13;0;-59.55;0.11;0.06;2.09;13.41
2027;231;308;beauce_5_sa_020;solnu;;0.6;0.0;28.64;-4.89;0.0;99.04;122.03;0.14;0.01;0;0;0;-117.5;0.13;0.02;0.0;0.6
2027;309;365;beauce_5_sa_020;BTH;;9.34;0.0;6.84;-49.99;0.0;122.26;69.73;0.01;0.0;0;0.0;0;6.55;0.01;0.0;0.0;9.34
2027;1;208;beauce_5_sa_021;BTH;;28.88;1.95;42.19;68.04;180.84;182.6;229.33;0.1;0.0;0;107.97;0;-79.57;0.04;0.07;1.95;28.88
2027;209;304;beauce_5_sa_021;solnu;;2.88;0.0;36.24;6.87;0.0;229.33;269.33;0.23;0.01;0;0;0;-167.66;0.2;0.03;0.0;2.88
2027;305;365;beauce_5_sa_021;BTH;;20.02;0.0;7.07;-86.67;3.93;269.57;165.73;0.04;0.0;0;2.31;0;10.79;0.04;0.0;0.0;20.02
2027;1;228;beauce_5_sa_022;BTH;;1.82;1.12;58.07;32.06;138.61;7.71;41.51;0.08;0.0;0;81.56;0;-29.77;0.03;0.06;1.12;1.82
2027;229;295;beauce_5_sa_022;solnu;;1.18;0.0;26.73;-56.06;0.0;41.51;14.08;0.04;0.0;0;0;0;-148.78;0.03;0.01;0.0;1.18
2027;296;365;beauce_5_sa_022;BTH;;1.76;0.0;9.17;-11.02;0.0;14.08;12.46;0.0;0.0;0;0.0;0;22.1;0.0;0.0;0.0;1.76
2027;1;192;beauce_5_sa_023;BTH;;4.75;1.29;38.08;30.16;124.95;25.5;60.77;0.07;0.0;0;78.82;0;91.01;0.03;0.04;1.29;4.75
2027;193;283;beauce_5_sa_023;solnu;;0.0;0.0;44.66;4.93;0.0;60.77;110.27;0.09;0.0;0;0;0;-172.37;0.06;0.03;0.0;0.0
2027;284;365;beauce_5_sa_023;BTH;;7.67;0.0;13.18;-71.08;3.0;110.69;41.71;0.06;0.01;0;1.77;0;45.26;0.05;0.0;0.0;7.67
2027;1;224;beauce_5_sa_024;BTH;;3.83;0.0;53.5;25.19;61.18;20.17;33.79;0.05;0.0;0;37.04;0;-152.41;0.0;0.05;0.0;3.83
2027;225;310;beauce_5_sa_024;solnu;;2.06;0.0;29.93;-38.09;0.0;33.79;23.72;0.08;0.01;0;0;0;-176.14;0.07;0.01;0.0;2.06
2027;311;365;beauce_5_sa_024;BTH;;2.73;0.27;6.06;-24.92;1.65;23.72;23.05;0.01;0.0;0;0.97;0;-31.72;0.01;0.0;0.27;2.73
2027;1;191;beauce_5_sa_025;BTH;;13.94;2.11;38.21;45.24;189.2;81.37;119.52;0.17;0.0;0;120.21;0;-12.17;0.12;0.05;2.11;13.94
2027;192;289;beauce_5_sa_025;solnu;;0.0;0.0;44.41;-87.73;0.0;119.52;76.1;0.09;0.01;0;0;0;-142.19;0.07;0.02;0.0;0.0
2027;290;365;beauce_5_sa_025;BTH;;8.51;0.0;12.44;13.13;17.82;75.88;75.3;0.04;0.0;0;10.48;0;91.38;0.02;0.02;0.0;8.51
2027;1;178;beauce_5_sa_026;BTH;;0.41;0.0;29.58;8.97;38.56;2.07;1.63;0.02;0.0;0;22.69;0;-62.08;0.0;0.02;0.0;0.41
2027;179;285;beauce_5_sa_026;solnu;;0.18;0.0;45.97;-39.7;0.0;1.63;7.67;0.05;0.0;0;0;0;-245.06;0.03;0.02;0.0;0.18
2027;286;365;beauce_5_sa_026;BTH;;1.39;0.0;11.33;-11.67;0.0;7.26;5.93;0.0;0.0;0;0.0;0;-13.92;0.0;0.0;0.0;1.39
2027;1;200;beauce_5_sa_027;BTH;;1.24;0.77;40.53;38.25;131.73;6.26;9.72;0.08;0.0;0;78.56;0;-8.27;0.03;0.05;0.77;1.24
2027;201;305;beauce_5_sa_027;solnu;;0.14;0.0;39.78;-35.89;0.0;9.72;16.47;0.07;0.01;0;0;0;-203.87;0.05;0.02;0.0;0.14
2027;306;365;beauce_5_sa_027;BTH;;2.05;0.22;7.34;-24.49;1.34;16.35;15.54;0.0;0.0;0;0.79;0;-11.58;0.0;0.0;0.22;2.05
2027;1;201;beauce_5_sa_028;BTH;;28.84;2.59;48.48;40.25;175.55;221.97;300.37;0.23;0.0;0;130.97;0;-124.13;0.18;0.05;2.59;28.84
2027;202;269;beauce_5_sa_028;solnu;;0.0;0.0;41.61;-86.61;0.0;300.37;255.23;0.14;0.01;0;0;0;-36.27;0.11;0.02;0.0;0.0
2027;270;365;beauce_5_sa_028;BTH;;33.44;0.0;17.87;26.35;47.57;255.9;218.23;0.2;0.01;0;27.99;0;60.06;0.18;0.03;0.0;33.44
2027;1;190;beauce_5_sa_029;BTH;;11.24;2.07;37.93;44.77;187.28;80.02;117.47;0.15;0.0;0;111.76;0;-6.25;0.1;0.05;2.07;11.24
2027;191;304;beauce_5_sa_029;solnu;;0.23;0.0;45.66;-90.36;0.0;117.47;72.79;0.08;0.01;0;0;0;-64.01;0.06;0.02;0.0;0.23
2027;305;365;beauce_5_sa_029;BTH;;7.13;0.0;8.48;14.79;3.93;73.19;84.96;0.06;0.0;0;2.31;0;60.13;0.04;0.01;0.0;7.13
2027;1;207;beauce_5_sa_030;BTH;;6.2;1.37;53.69;56.86;144.85;51.04;112.71;0.16;0.0;0;96.16;0;-78.42;0.09;0.07;1.37;6.2
2027;208;264;beauce_5_sa_030;solnu;;0.0;0.0;32.31;-27.78;0.0;112.71;117.18;0.06;0.0;0;0;0;-202.65;0.04;0.02;0.0;0.0
2027;265;365;beauce_5_sa_030;BTH;;8.74;0.17;18.54;-69.93;16.82;108.43;52.78;0.07;0.0;0;9.9;0;107.16;0.06;0.01;0.17;8.74
2027;1;215;beauce_5_sa_031;BTH;;7.67;1.25;53.23;67.59;116.61;51.38;141.16;0.21;0.0;0;84.33;0;-176.54;0.14;0.07;1.25;7.67
2027;216;259;beauce_5_sa_031;solnu;;0.0;0.0;23.4;-10.75;0.0;141.16;153.8;0.02;0.0;0;0;0;-160.4;0.01;0.01;0.0;0.0
2027;260;365;beauce_5_sa_031;BTH;;12.09;0.0;17.55;-79.75;27.5;154.09;51.93;0.07;0.0;0;16.18;0;48.4;0.06;0.01;0.0;12.09
2027;1;194;beauce_5_sa_032;BTH;;3.59;0.0;38.81;19.68;112.09;13.16;24.53;0.12;0.0;0;65.96;0;14.91;0.08;0.04;0.0;3.59
2027;195;270;beauce_5_sa_032;solnu;;0.02;0.0;42.8;-62.19;0.0;24.53;10.15;0.01;0.0;0;0;0;-186.45;0.0;0.01;0.0;0.02
2027;271;365;beauce_5_sa_032;BTH;;2.05;0.92;16.04;-6.6;5.36;10.03;12.17;0.01;0.0;0;3.15;0;83.42;0.0;0.01;0.92;2.05
2027;1;223;beauce_5_sa_033;BTH;;1.17;0.0;52.41;28.24;36.74;5.79;48.47;0.05;0.0;0;25.11;0;-227.36;0.0;0.05;0.0;1.17
2027;224;257;beauce_5_sa_033;solnu;;0.0;0.0;16.95;-16.22;0.0;48.47;49.18;0.01;0.0;0;0;0;-124.02;0.0;0.0;0.0;0.0
2027;258;365;beauce_5_sa_033;BTH;;1.68;0.0;17.14;-50.5;7.5;49.36;6.62;0.02;0.0;0;4.41;0;-9.07;0.01;0.0;0.0;1.68
2027;1;173;beauce_5_sa_034;BTH;;3.37;0.0;27.64;-0.12;31.62;17.45;9.97;0.02;0.0;0;18.6;0;-53.71;0.0;0.02;0.0;3.37
2027;174;316;beauce_5_sa_034;solnu;;2.23;0.0;51.25;-32.4;0.0;9.97;26.48;0.11;0.01;0;0;0;-262.6;0.08;0.03;0.0;2.23
2027;317;365;beauce_5_sa_034;BTH;;2.91;0.0;5.16;-5.43;0.0;26.35;23.3;0.0;0.0;0;0.0;0;-10.06;0.0;0.0;0.0;2.91
2027;1;224;beauce_5_sa_035;BTH;;9.96;1.54;58.96;48.77;148.23;42.61;107.43;0.17;0.0;0;92.52;0;-39.52;0.1;0.07;1.54;9.96
2027;225;284;beauce_5_sa_035;solnu;;0.11;0.0;26.21;-9.6;0.0;107.43;120.66;0.08;0.0;0;0;0;-132.62;0.07;0.01;0.0;0.11
2027;285;365;beauce_5_sa_035;BTH;;12.17;0.0;12.54;-64.19;1.5;120.97;55.56;0.05;0.01;0;0.88;0;41.98;0.05;0.0;0.0;12.17
2027;1;197;beauce_5_sa_036;BTH;;0.27;0.0;38.46;11.94;44.58;1.26;6.78;0.03;0.0;0;26.23;0;-93.94;0.0;0.03;0.0;0.27
2027;198;297;beauce_5_sa_036;solnu;;0.58;0.0;39.43;-40.63;0.0;6.78;5.32;0.04;0.0;0;0;0;-238.79;0.02;0.02;0.0;0.58
2027;298;365;beauce_5_sa_036;BTH;;0.66;0.0;8.04;-8.07;0.0;5.31;4.65;0.0;0.0;0;0.0;0;-6.51;0.0;0.0;0.0;0.66
2027;1;208;beauce_5_sa_037;BTH;;1.47;1.56;44.62;16.86;163.96;6.76;19.76;0.08;0.0;0;96.48;0;57.71;0.05;0.04;1.56;1.47
2027;209;298;beauce_5_sa_037;solnu;;0.0;0.0;37.97;-55.46;0.0;19.76;5.84;0.01;0.0;0;0;0;-122.12;0.0;0.01;0.0;0.0
2027;299;365;beauce_5_sa_037;BTH;;0.69;0.0;9.06;-9.08;0.0;5.87;5.14;0.0;0.0;0;0.0;0;66.0;0.0;0.0;0.0;0.69
2027;1;196;beauce_5_sa_038;BTH;;7.41;1.04;40.84;47.81;118.01;50.87;91.97;0.08;0.0;0;73.83;0;-71.43;0.03;0.05;1.04;7.41
2027;197;294;beauce_5_sa_038;solnu;;3.38;0.0;43.97;-95.4;0.0;91.97;37.08;0.08;0.0;0;0;0;-188.21;0.06;0.02;0.0;3.38
2027;295;365;beauce_5_sa_038;BTH;;4.8;0.0;9.71;9.4;7.7;37.15;43.66;0.02;0.0;0;4.53;0;59.36;0.01;0.01;0.0;4.8
2027;1;192;beauce_5_sa_039;BTH;;0.86;0.79;37.86;22.56;97.8;4.43;25.33;0.07;0.0;0;57.55;0;5.75;0.03;0.04;0.79;0.86
2027;193;282;beauce_5_sa_039;solnu;;0.01;0.0;44.41;-68.01;0.0;25.33;1.9;0.02;0.0;0;0;0;-133.7;0.0;0.02;0.0;0.01
2027;283;365;beauce_5_sa_039;BTH;;0.39;0.0;13.07;-9.43;1.26;2.06;3.9;0.0;0.0;0;0.74;0;58.37;0.0;0.0;0.0;0.39
2027;1;173;beauce_5_sa_040;BTH;;15.75;1.82;29.25;52.1;148.7;118.88;170.91;0.11;0.0;0;110.58;0;-32.25;0.06;0.05;1.82;15.75
2027;174;273;beauce_5_sa_040;solnu;;0.0;0.0;42.2;10.54;0.0;170.91;223.86;0.09;0.0;0;0;0;-193.28;0.05;0.03;0.0;0.0
2027;274;365;beauce_5_sa_040;BTH;;16.08;0.0;15.3;-73.35;41.5;224.26;108.09;0.13;0.01;0;24.42;0;34.15;0.12;0.01;0.0;16.08
2027;1;192;beauce_5_sa_041;BTH;;10.83;2.46;39.54;22.08;200.36;45.25;78.74;0.16;0.0;0;117.9;0;184.91;0.12;0.04;2.46;10.83
2027;193;304;beauce_5_sa_041;solnu;;0.0;0.0;41.99;-66.9;0.0;78.74;54.14;0.04;0.0;0;0;0;-40.28;0.02;0.02;0.0;0.0
2027;305;365;beauce_5_sa_041;BTH;;4.98;0.0;8.89;-8.9;0.0;54.13;49.15;0.0;0.0;0;0.0;0;79.14;0.0;0.0;0.0;4.98
2027;1;189;beauce_5_sa_042;BTH;;3.35;0.0;30.28;9.58;44.66;17.34;9.15;0.02;0.0;0;26.28;0;-134.15;0.0;0.02;0.0;3.35
2027;190;312;beauce_5_sa_042;solnu;;1.91;0.0;42.16;3.71;0.0;9.15;53.0;0.11;0.01;0;0;0;-258.59;0.08;0.03;0.0;1.91
2027;313;365;beauce_5_sa_042;BTH;;2.81;0.0;5.22;-33.17;0.0;53.14;22.58;0.0;0.0;0;0.0;0;-32.94;0.0;0.0;0.0;2.81
2027;1;229;beauce_5_sa_043;BTH;;3.04;0.0;54.94;9.36;42.05;15.71;34.89;0.04;0.0;0;24.74;0;-191.28;0.0;0.04;0.0;3.04
2027;230;306;beauce_5_sa_043;solnu;;1.78;0.0;25.3;-38.27;0.0;34.89;20.48;0.07;0.01;0;0;0;-156.3;0.06;0.01;0.0;1.78
2027;307;365;beauce_5_sa_043;BTH;;2.43;0.0;6.31;-7.44;0.0;20.48;18.07;0.0;0.0;0;0.0;0;-25.84;0.0;0.0;0.0;2.43
2027;1;216;beauce_5_sa_044;BTH;;2.9;0.0;47.23;8.02;40.49;14.99;26.83;0.03;0.0;0;23.82;0;-144.18;0.0;0.03;0.0;2.9
2027;217;300;beauce_5_sa_044;solnu;;1.62;0.0;31.29;-11.6;0.0;26.83;44.81;0.08;0.01;0;0;0;-187.12;0.06;0.01;0.0;1.62
2027;301;365;beauce_5_sa_044;BTH;;2.76;0.0;7.35;-30.88;0.0;44.99;19.42;0.0;0.0;0;0.0;0;-30.8;0.0;0.0;0.0;2.76
2027;1;202;beauce_5_sa_045;BTH;;16.7;2.21;45.06;50.75;203.36;100.47;141.42;0.19;0.0;0;128.55;0;-66.03;0.13;0.06;2.21;16.7
2027;203;289;beauce_5_sa_045;solnu;;0.0;0.0;41.14;-87.92;0.0;141.42;94.54;0.1;0.01;0;0;0;-146.9;0.08;0.02;0.0;0.0
2027;290;365;beauce_5_sa_045;BTH;;10.7;0.0;12.11;14.0;17.82;94.35;92.09;0.04;0.0;0;10.48;0;85.52;0.03;0.02;0.0;10.7
2027;1;188;beauce_5_sa_046;BTH;;0.82;0.0;33.5;20.45;40.92;4.08;16.27;0.03;0.0;0;24.08;0;-86.54;0.0;0.03;0.0;0.82
2027;189;256;beauce_5_sa_046;solnu;;0.0;0.0;37.78;-47.33;0.0;16.27;6.7;0.02;0.0;0;0;0;-237.53;0.0;0.02;0.0;0.0
2027;257;365;beauce_5_sa_046;BTH;;0.42;0.0;18.18;-11.91;6.27;4.76;6.27;0.01;0.0;0;3.69;0;-16.52;0.0;0.01;0.0;0.42
2027;1;219;beauce_5_sa_047;BTH;;25.73;2.46;59.29;64.39;196.67;182.79;267.7;0.31;0.01;0;137.92;0;-147.96;0.24;0.07;2.46;25.73
2027;220;274;beauce_5_sa_047;solnu;;0.0;0.0;27.08;-8.33;0.0;267.7;286.35;0.1;0.0;0;0;0;-162.1;0.08;0.01;0.0;0.0
2027;275;365;beauce_5_sa_047;BTH;;26.86;0.0;15.49;-71.06;39.99;286.9;163.82;0.1;0.01;0;23.53;0;76.15;0.09;0.01;0.0;26.86
2027;1;222;beauce_5_sa_048;BTH;;6.13;0.75;50.61;35.79;101.85;31.36;65.75;0.09;0.0;0;60.81;0;-127.7;0.04;0.05;0.75;6.13
2027;223;290;beauce_5_sa_048;solnu;;2.77;0.0;25.33;-7.07;0.0;65.75;81.11;0.12;0.01;0;0;0;-135.98;0.11;0.01;0.0;2.77
2027;291;365;beauce_5_sa_048;BTH;;5.57;0.0;9.7;-47.55;0.0;81.58;39.18;0.01;0.0;0;0.0;0;-43.4;0.0;0.0;0.0;5.57
2027;1;226;beauce_5_sa_049;BTH;;11.19;1.97;56.5;56.17;197.37;93.81;144.98;0.17;0.0;0;117.26;0;-101.23;0.1;0.07;1.97;11.19
2027;227;311;beauce_5_sa_049;solnu;;0.6;0.0;33.36;-97.99;0.0;144.98;79.64;0.1;0.01;0;0;0;-55.76;0.09;0.01;0.0;0.6
2027;312;365;beauce_5_sa_049;BTH;;7.92;0.0;6.95;12.47;2.69;80.12;88.4;0.04;0.0;0;1.58;0;54.18;0.03;0.01;0.0;7.92
2027;1;184;beauce_5_sa_050;BTH;;0.56;0.0;31.53;15.33;37.02;2.8;12.05;0.03;0.0;0;22.67;0;-66.04;0.0;0.03;0.0;0.56
2027;185;261;beauce_5_sa_050;solnu;;0.0;0.0;39.3;-6.93;0.0;12.05;44.4;0.02;0.0;0;0;0;-238.76;0.0;0.02;0.0;0.0
2027;262;365;beauce_5_sa_050;BTH;;1.78;0.0;16.86;-48.32;4.5;44.59;6.64;0.02;0.0;0;2.65;0;-39.14;0.02;0.0;0.0;1.78
2027;1;227;beauce_5_sa_051;BTH;;2.97;0.55;55.56;22.03;82.15;6.83;40.56;0.09;0.0;0;48.34;0;-116.66;0.04;0.05;0.55;2.97
2027;228;291;beauce_5_sa_051;solnu;;0.78;0.0;24.13;-60.79;0.0;40.56;6.47;0.0;0.0;0;0;0;-129.98;0.0;0.0;0.0;0.78
2027;292;365;beauce_5_sa_051;BTH;;0.81;0.0;9.76;-9.74;0.0;6.51;5.68;0.0;0.0;0;0.0;0;40.39;0.0;0.0;0.0;0.81
2027;1;175;beauce_5_sa_052;BTH;;0.72;0.0;26.91;17.36;44.29;3.68;2.91;0.03;0.0;0;26.94;0;-98.57;0.0;0.03;0.0;0.72
2027;176;283;beauce_5_sa_052;solnu;;0.15;0.0;43.33;1.95;0.0;2.91;47.97;0.06;0.0;0;0;0;-259.4;0.03;0.03;0.0;0.15
2027;284;365;beauce_5_sa_052;BTH;;3.2;0.0;10.99;-40.67;0.0;48.26;15.05;0.03;0.01;0;0.0;0;-44.17;0.03;0.0;0.0;3.2
2027;1;226;beauce_5_sa_053;BTH;;0.69;0.14;53.35;25.03;62.44;3.44;29.2;0.05;0.0;0;36.74;0;-193.47;0.0;0.05;0.14;0.69
2027;227;302;beauce_5_sa_053;solnu;;0.86;0.0;26.3;-48.38;0.0;29.2;7.94;0.03;0.0;0;0;0;-173.35;0.03;0.01;0.0;0.86
2027;303;365;beauce_5_sa_053;BTH;;0.99;0.0;7.04;-7.33;0.0;7.89;6.98;0.0;0.0;0;0.0;0;1.14;0.0;0.0;0.0;0.99
2027;1;176;beauce_5_sa_054;BTH;;7.5;1.75;31.1;49.95;150.8;49.02;101.45;0.11;0.0;0;109.99;0;-9.22;0.06;0.05;1.75;7.5
2027;177;275;beauce_5_sa_054;solnu;;0.0;0.0;42.3;7.87;0.0;101.45;151.7;0.08;0.0;0;0;0;-180.75;0.05;0.03;0.0;0.0
2027;276;365;beauce_5_sa_054;BTH;;7.17;0.0;15.43;-82.6;24.35;152.14;52.93;0.06;0.01;0;14.33;0;51.82;0.06;0.01;0.0;7.17
2027;1;182;beauce_5_sa_055;BTH;;0.81;0.0;29.85;19.78;42.13;4.01;10.67;0.03;0.0;0;25.67;0;-90.09;0.0;0.03;0.0;0.81
2027;183;262;beauce_5_sa_055;solnu;;0.0;0.0;38.85;-3.92;0.0;10.67;45.57;0.02;0.0;0;0;0;-245.65;0.0;0.02;0.0;0.0
2027;263;365;beauce_5_sa_055;BTH;;2.02;0.0;16.17;-47.3;4.5;45.88;7.9;0.03;0.0;0;2.65;0;-49.0;0.02;0.0;0.0;2.02
2027;1;210;beauce_5_sa_056;BTH;;0.55;0.0;46.46;19.99;40.0;2.78;28.63;0.04;0.0;0;23.54;0;-166.3;0.0;0.04;0.0;0.55
2027;211;268;beauce_5_sa_056;solnu;;0.07;0.0;27.82;-55.29;0.0;28.63;1.09;0.01;0.0;0;0;0;-155.53;0.0;0.0;0.0;0.07
2027;269;365;beauce_5_sa_056;BTH;;0.25;0.0;15.31;-6.23;5.46;1.09;4.45;0.01;0.0;0;3.21;0;15.24;0.0;0.01;0.0;0.25
2027;1;171;beauce_5_sa_057;BTH;;9.11;1.0;29.42;41.29;87.37;49.95;22.72;0.05;0.0;0;60.29;0;3.81;0.01;0.04;1.0;9.11
2027;172;289;beauce_5_sa_057;solnu;;4.42;0.0;49.99;-52.9;0.0;22.72;90.71;0.14;0.01;0;0;0;-226.83;0.11;0.03;0.0;4.42
2027;290;365;beauce_5_sa_057;BTH;;7.45;0.0;11.31;-21.36;14.45;87.28;58.74;0.02;0.0;0;8.5;0;50.12;0.01;0.01;0.0;7.45
2027;1;190;beauce_5_sa_058;BTH;;4.03;0.61;35.36;29.38;133.46;41.99;15.14;0.09;0.0;0;79.29;0;5.13;0.05;0.04;0.61;4.03
2027;191;289;beauce_5_sa_058;solnu;;0.71;0.0;43.75;-53.2;0.0;15.14;8.38;0.02;0.0;0;0;0;-197.47;0.0;0.02;0.0;0.71
2027;290;365;beauce_5_sa_058;BTH;;1.5;0.47;11.04;-12.2;2.37;8.41;38.16;0.03;0.0;0;1.39;0;56.37;0.03;0.0;0.47;1.5
2027;1;210;beauce_5_sa_059;BTH;;19.64;2.3;56.53;57.24;177.5;142.22;230.79;0.25;0.0;0;134.74;0;-119.47;0.18;0.07;2.3;19.64
2027;211;266;beauce_5_sa_059;solnu;;0.0;0.0;30.95;-7.6;0.0;230.79;254.0;0.15;0.0;0;0;0;-190.58;0.13;0.02;0.0;0.0
2027;267;365;beauce_5_sa_059;BTH;;24.36;0.0;18.01;-69.43;52.03;254.49;126.08;0.1;0.01;0;30.62;0;94.4;0.08;0.02;0.0;24.36
2027;1;207;beauce_5_sa_060;BTH;;15.19;1.35;48.73;56.86;116.51;79.15;153.93;0.07;0.0;0;79.64;0;-39.57;0.01;0.06;1.35;15.19
2027;208;286;beauce_5_sa_060;solnu;;0.57;0.0;37.41;-3.85;0.0;153.93;186.81;0.12;0.0;0;0;0;-200.76;0.1;0.02;0.0;0.57
2027;287;365;beauce_5_sa_060;BTH;;18.9;0.0;12.15;-81.91;8.98;184.57;89.08;0.08;0.01;0;5.28;0;39.93;0.08;0.0;0.0;18.9
2027;1;203;beauce_5_sa_061;BTH;;9.62;0.98;38.89;31.59;114.79;49.93;69.25;0.08;0.0;0;67.55;0;-83.97;0.03;0.04;0.98;9.62
2027;204;298;beauce_5_sa_061;solnu;;1.36;0.0;35.47;8.06;0.0;69.25;111.26;0.15;0.01;0;0;0;-171.55;0.12;0.03;0.0;1.36
2027;299;365;beauce_5_sa_061;BTH;;7.56;0.0;7.9;-58.75;0.0;111.52;53.15;0.01;0.0;0;0.0;0;-16.62;0.01;0.0;0.0;7.56
2027;1;213;beauce_5_sa_062;BTH;;10.03;1.07;47.12;73.79;110.68;52.34;132.57;0.09;0.0;0;77.01;0;-165.76;0.01;0.07;1.07;10.03
2027;214;281;beauce_5_sa_062;solnu;;0.36;0.0;29.5;-3.1;0.0;132.57;158.43;0.1;0.0;0;0;0;-176.77;0.08;0.02;0.0;0.36
2027;282;365;beauce_5_sa_062;BTH;;14.04;0.0;11.93;-82.81;10.5;158.75;62.94;0.07;0.01;0;6.18;0;5.06;0.07;0.0;0.0;14.04
2027;1;218;beauce_5_sa_063;BTH;;3.4;0.79;54.17;37.96;82.64;17.49;82.72;0.07;0.0;0;53.93;0;-25.2;0.01;0.06;0.79;3.4
2027;219;281;beauce_5_sa_063;solnu;;0.55;0.0;28.71;-9.25;0.0;82.72;101.55;0.08;0.0;0;0;0;-152.63;0.06;0.01;0.0;0.55
2027;282;365;beauce_5_sa_063;BTH;;7.77;0.0;12.94;-67.23;4.5;101.86;34.93;0.05;0.01;0;2.65;0;31.89;0.04;0.0;0.0;7.77
2027;1;225;beauce_5_sa_064;BTH;;1.04;0.0;55.17;26.62;37.63;5.12;48.2;0.06;0.0;0;22.14;0;-227.57;0.01;0.05;0.0;1.04
2027;226;257;beauce_5_sa_064;solnu;;0.0;0.0;16.66;-59.55;0.0;48.2;5.31;0.0;0.0;0;0;0;-117.03;0.0;0.0;0.0;0.0
2027;258;365;beauce_5_sa_064;BTH;;0.58;0.0;17.82;-5.79;8.92;4.4;7.82;0.01;0.0;0;5.25;0;14.43;0.0;0.01;0.0;0.58
2027;1;189;beauce_5_sa_065;BTH;;7.56;1.16;35.81;53.97;92.6;38.98;115.07;0.08;0.0;0;69.65;0;-33.05;0.03;0.05;1.16;7.56
2027;190;259;beauce_5_sa_065;solnu;;0.0;0.0;41.55;4.2;0.0;115.07;160.77;0.04;0.0;0;0;0;-217.51;0.02;0.03;0.0;0.0
2027;260;365;beauce_5_sa_065;BTH;;10.0;0.0;18.31;-70.94;47.57;161.12;50.47;0.1;0.01;0;27.99;0;30.3;0.08;0.02;0.0;10.0
2027;1;173;beauce_5_sa_066;BTH;;2.56;1.11;29.18;35.99;129.3;13.78;29.05;0.09;0.0;0;81.39;0;7.73;0.05;0.04;1.11;2.56
2027;174;272;beauce_5_sa_066;solnu;;0.0;0.0;42.0;12.83;0.0;29.05;83.85;0.07;0.0;0;0;0;-175.59;0.04;0.03;0.0;0.0
2027;273;365;beauce_5_sa_066;BTH;;3.0;0.0;15.59;-75.42;6.0;84.39;15.01;0.0;0.0;0;3.53;0;22.1;0.0;0.0;0.0;3.0
2027;1;203;beauce_5_sa_067;BTH;;17.72;0.96;43.94;59.46;204.4;180.78;133.79;0.21;0.0;0;129.66;0;-40.92;0.15;0.06;0.96;17.72
2027;204;285;beauce_5_sa_067;solnu;;0.0;0.0;39.19;4.66;0.0;133.79;177.53;0.11;0.0;0;0;0;-178.46;0.08;0.03;0.0;0.0
2027;286;365;beauce_5_sa_067;BTH;;14.9;1.3;12.37;-74.35;8.0;178.05;190.13;0.11;0.01;0;4.7;0;35.21;0.11;0.0;1.3;14.9
2027;1;173;beauce_5_sa_068;BTH;;2.03;0.0;27.06;10.04;39.17;10.36;6.24;0.02;0.0;0;23.05;0;-79.98;0.0;0.02;0.0;2.03
2027;174;289;beauce_5_sa_068;solnu;;1.59;0.0;45.7;0.39;0.0;6.24;50.63;0.1;0.01;0;0;0;-260.24;0.07;0.03;0.0;1.59
2027;290;365;beauce_5_sa_068;BTH;;3.04;0.0;9.98;-34.74;1.5;51.01;21.33;0.01;0.0;0;0.88;0;-38.11;0.0;0.0;0.0;3.04
2027;1;211;beauce_5_sa_069;BTH;;7.02;1.06;57.2;45.18;135.15;79.25;118.9;0.2;0.0;0;99.61;0;-201.28;0.14;0.06;1.06;7.02
2027;212;264;beauce_5_sa_069;solnu;;0.0;0.0;30.13;-107.72;0.0;118.9;41.25;0.06;0.0;0;0;0;-65.21;0.05;0.01;0.0;0.0
2027;265;365;beauce_5_sa_069;BTH;;7.4;0.46;18.85;30.62;43.35;42.02;74.13;0.09;0.01;0;25.51;0;79.39;0.06;0.03;0.46;7.4
2027;1;178;beauce_5_sa_070;BTH;;2.62;0.36;29.17;16.93;98.26;11.03;7.55;0.06;0.0;0;57.82;0;-8.29;0.03;0.03;0.36;2.62
2027;179;286;beauce_5_sa_070;solnu;;0.0;0.0;42.3;1.36;0.0;7.55;51.23;0.06;0.0;0;0;0;-188.43;0.04;0.03;0.0;0.0
2027;287;365;beauce_5_sa_070;BTH;;4.19;0.34;11.15;-43.67;0.9;51.33;42.37;0.04;0.01;0;0.53;0;-81.7;0.04;0.0;0.34;4.19
2027;1;184;beauce_5_sa_071;BTH;;12.79;1.25;34.02;44.68;121.16;83.51;120.16;0.08;0.0;0;71.97;0;8.51;0.03;0.05;1.25;12.79
2027;185;316;beauce_5_sa_071;solnu;;5.73;0.0;50.84;-88.81;0.0;120.16;76.51;0.16;0.01;0;0;0;-174.52;0.13;0.03;0.0;5.73
2027;317;365;beauce_5_sa_071;BTH;;8.31;0.0;5.88;4.63;1.79;76.5;76.9;0.02;0.0;0;1.06;0;42.32;0.01;0.01;0.0;8.31
2027;1;231;beauce_5_sa_072;BTH;;9.05;1.82;66.93;55.47;175.33;66.35;140.52;0.22;0.0;0;123.54;0;-231.14;0.15;0.07;1.82;9.05
2027;232;276;beauce_5_sa_072;solnu;;0.0;0.0;20.74;-100.56;0.0;140.52;60.66;0.04;0.0;0;0;0;-92.37;0.03;0.0;0.0;0.0
2027;277;365;beauce_5_sa_072;BTH;;10.25;0.0;14.98;15.6;24.79;59.94;56.16;0.04;0.01;0;14.59;0;116.79;0.02;0.02;0.0;10.25
2027;1;215;beauce_5_sa_073;BTH;;1.35;0.0;46.75;11.05;43.4;6.97;19.99;0.04;0.0;0;25.54;0;-146.09;0.0;0.04;0.0;1.35
2027;216;310;beauce_5_sa_073;solnu;;1.4;0.0;33.79;-36.82;0.0;19.99;16.78;0.07;0.01;0;0;0;-212.82;0.05;0.01;0.0;1.4
2027;311;365;beauce_5_sa_073;BTH;;1.86;0.0;5.85;-6.2;0.0;16.85;14.99;0.0;0.0;0;0.0;0;-14.23;0.0;0.0;0.0;1.86
2027;1;192;beauce_5_sa_074;BTH;;1.9;0.78;37.47;24.39;85.25;9.67;42.63;0.07;0.0;0;53.69;0;29.97;0.03;0.04;0.78;1.9
2027;193;275;beauce_5_sa_074;solnu;;0.36;0.0;42.02;-0.17;0.0;42.63;84.06;0.07;0.0;0;0;0;-193.65;0.05;0.03;0.0;0.36
2027;276;365;beauce_5_sa_074;BTH;;4.36;0.0;14.5;-68.94;7.5;84.45;17.74;0.01;0.0;0;4.41;0;27.81;0.01;0.0;0.0;4.36
2027;1;226;beauce_5_sa_075;BTH;;4.59;0.78;60.39;52.21;83.9;30.73;113.24;0.11;0.0;0;56.41;0;-195.89;0.04;0.07;0.78;4.59
2027;227;275;beauce_5_sa_075;solnu;;0.55;0.0;21.63;-95.63;0.0;113.24;38.64;0.04;0.0;0;0;0;-125.46;0.03;0.0;0.0;0.55
2027;276;365;beauce_5_sa_075;BTH;;5.19;0.0;14.6;7.67;23.42;37.74;32.26;0.03;0.0;0;13.78;0;70.62;0.01;0.02;0.0;5.19
2027;1;227;beauce_5_sa_076;BTH;;1.1;0.74;54.16;21.0;100.13;5.77;34.79;0.07;0.0;0;58.92;0;-30.78;0.02;0.05;0.74;1.1
2027;228;298;beauce_5_sa_076;solnu;;0.47;0.0;27.08;-51.97;0.0;34.79;11.65;0.04;0.0;0;0;0;-147.79;0.03;0.01;0.0;0.47
2027;299;365;beauce_5_sa_076;BTH;;1.46;0.0;8.27;-9.54;0.0;11.65;10.31;0.0;0.0;0;0.0;0;13.62;0.0;0.0;0.0;1.46
2027;1;211;beauce_5_sa_077;BTH;;0.43;0.0;46.25;18.99;40.07;2.18;26.89;0.04;0.0;0;23.58;0;-155.3;0.0;0.04;0.0;0.43
2027;212;277;beauce_5_sa_077;solnu;;0.06;0.0;29.11;-53.84;0.0;26.89;2.08;0.01;0.0;0;0;0;-165.2;0.0;0.01;0.0;0.06
2027;278;365;beauce_5_sa_077;BTH;;0.38;0.0;12.88;-11.88;0.0;1.92;2.69;0.0;0.0;0;0.0;0;-4.24;0.0;0.0;0.0;0.38
2027;1;185;beauce_5_sa_078;BTH;;24.89;2.27;34.79;48.33;182.66;184.89;230.66;0.13;0.0;0;119.9;0;44.63;0.08;0.05;2.27;24.89
2027;186;286;beauce_5_sa_078;solnu;;0.0;0.0;45.2;6.63;0.0;230.66;282.37;0.12;0.0;0;0;0;-171.69;0.09;0.03;0.0;0.0
2027;287;365;beauce_5_sa_078;BTH;;23.18;0.0;12.79;-82.67;20.82;282.77;168.34;0.14;0.01;0;12.25;0;66.4;0.14;0.01;0.0;23.18
2027;1;175;beauce_5_sa_079;BTH;;0.76;0.41;29.5;6.75;65.8;3.61;3.65;0.04;0.0;0;38.72;0;8.66;0.02;0.02;0.41;0.76
2027;176;284;beauce_5_sa_079;solnu;;0.11;0.0;46.91;-41.86;0.0;3.65;8.8;0.05;0.0;0;0;0;-196.03;0.02;0.02;0.0;0.11
2027;285;365;beauce_5_sa_079;BTH;;1.65;0.0;12.03;-12.51;0.0;8.69;6.94;0.0;0.0;0;0.0;0;8.72;0.0;0.0;0.0;1.65
2027;1;191;beauce_5_sa_080;BTH;;4.3;0.0;34.42;26.81;113.96;16.79;23.99;0.11;0.0;0;67.06;0;-20.89;0.07;0.04;0.0;4.3
2027;192;272;beauce_5_sa_080;solnu;;0.0;0.0;40.79;-0.53;0.0;23.99;64.19;0.06;0.0;0;0;0;-202.85;0.04;0.03;0.0;0.0
2027;273;365;beauce_5_sa_080;BTH;;4.54;0.86;14.58;-59.59;1.13;64.64;78.99;0.01;0.0;0;0.67;0;-14.22;0.01;0.0;0.86;4.54
2027;1;206;beauce_5_sa_081;BTH;;4.71;1.19;47.48;62.64;151.68;35.21;77.64;0.11;0.0;0;97.77;0;-74.02;0.04;0.07;1.19;4.71
2027;207;273;beauce_5_sa_081;solnu;;0.0;0.0;33.23;-2.06;0.0;77.64;108.71;0.09;0.0;0;0;0;-185.14;0.07;0.02;0.0;0.0
2027;274;365;beauce_5_sa_081;BTH;;6.71;0.16;14.98;-82.7;9.14;109.09;37.37;0.01;0.0;0;5.38;0;38.48;0.01;0.0;0.16;6.71
2027;1;178;beauce_5_sa_082;BTH;;0.51;0.0;29.27;9.5;37.37;2.54;2.24;0.02;0.0;0;21.99;0;-63.1;0.0;0.02;0.0;0.51
2027;179;310;beauce_5_sa_082;solnu;;0.72;0.0;49.48;-45.13;0.0;2.24;5.85;0.04;0.0;0;0;0;-234.77;0.02;0.02;0.0;0.72
2027;311;365;beauce_5_sa_082;BTH;;0.65;0.0;6.01;-5.83;0.0;5.85;5.38;0.0;0.0;0;0.0;0;-1.67;0.0;0.0;0.0;0.65
2027;1;222;beauce_5_sa_083;BTH;;11.09;1.59;62.62;50.34;116.11;77.41;182.07;0.22;0.0;0;100.26;0;-240.34;0.15;0.07;1.59;11.09
2027;223;263;beauce_5_sa_083;solnu;;0.0;0.0;21.23;-111.29;0.0;182.07;91.99;0.02;0.0;0;0;0;-81.84;0.02;0.0;0.0;0.0
2027;264;365;beauce_5_sa_083;BTH;;15.29;0.0;18.2;26.61;55.02;92.0;66.37;0.1;0.01;0;32.37;0;110.42;0.08;0.03;0.0;15.29
2027;1;225;beauce_5_sa_084;BTH;;28.29;1.3;64.91;60.36;196.14;163.75;257.32;0.39;0.0;0;136.7;0;-116.71;0.31;0.08;1.3;28.29
2027;226;275;beauce_5_sa_084;solnu;;0.0;0.0;23.96;-11.12;0.0;257.32;270.09;0.07;0.0;0;0;0;-143.08;0.06;0.01;0.0;0.0
2027;276;365;beauce_5_sa_084;BTH;;28.94;1.27;15.54;-84.14;21.16;270.46;151.33;0.06;0.01;0;12.45;0;107.25;0.05;0.0;1.27;28.94
2027;1;173;beauce_5_sa_085;BTH;;22.75;2.49;30.88;41.63;182.76;195.1;247.15;0.17;0.0;0;124.4;0;-26.23;0.13;0.04;2.49;22.75
2027;174;280;beauce_5_sa_085;solnu;;0.0;0.0;43.56;-79.07;0.0;247.15;212.05;0.08;0.0;0;0;0;-34.49;0.06;0.03;0.0;0.0
2027;281;365;beauce_5_sa_085;BTH;;19.47;0.0;14.44;27.44;29.49;212.78;204.75;0.22;0.01;0;17.36;0;53.25;0.19;0.03;0.0;19.47
2027;1;218;beauce_5_sa_086;BTH;;0.67;0.0;49.96;20.64;42.08;3.46;31.26;0.04;0.0;0;24.76;0;-176.28;0.0;0.04;0.0;0.67
2027;219;282;beauce_5_sa_086;solnu;;0.21;0.0;26.58;-47.93;0.0;31.26;9.67;0.04;0.0;0;0;0;-162.8;0.03;0.01;0.0;0.21
2027;283;365;beauce_5_sa_086;BTH;;1.92;0.0;11.75;-11.68;0.0;9.67;7.85;0.0;0.0;0;0.0;0;-6.26;0.0;0.0;0.0;1.92
2027;1;202;beauce_5_sa_087;BTH;;13.72;0.7;43.32;42.79;155.23;100.01;69.28;0.1;0.0;0;92.83;0;6.02;0.05;0.05;0.7;13.72
2027;203;295;beauce_5_sa_087;solnu;;3.21;0.0;40.43;0.93;0.0;69.28;107.28;0.14;0.01;0;0;0;-179.91;0.11;0.03;0.0;3.21
2027;296;365;beauce_5_sa_087;BTH;;8.53;0.85;9.4;-74.27;3.69;107.61;95.1;0.05;0.0;0;2.17;0;-2.75;0.05;0.0;0.85;8.53
2027;1;199;beauce_5_sa_088;BTH;;1.11;0.0;37.24;25.78;49.84;5.62;17.65;0.04;0.0;0;29.33;0;-179.91;0.0;0.04;0.0;1.11
2027;200;286;beauce_5_sa_088;solnu;;0.28;0.0;34.17;-3.17;0.0;17.65;48.31;0.06;0.0;0;0;0;-210.8;0.04;0.02;0.0;0.28
2027;287;365;beauce_5_sa_088;BTH;;4.0;0.0;10.04;-35.24;0.0;48.2;19.94;0.03;0.01;0;0.0;0;-59.68;0.03;0.0;0.0;4.0
2027;1;178;beauce_5_sa_089;BTH;;1.45;0.86;30.41;9.41;102.02;7.08;6.27;0.07;0.0;0;60.03;0;59.67;0.04;0.02;0.86;1.45
2027;179;280;beauce_5_sa_089;solnu;;0.0;0.0;42.78;-0.66;0.0;6.27;48.41;0.05;0.0;0;0;0;-143.16;0.03;0.03;0.0;0.0
2027;281;365;beauce_5_sa_089;BTH;;2.01;0.0;13.15;-51.65;0.0;48.76;10.29;0.01;0.0;0;0.0;0;-12.03;0.01;0.0;0.0;2.01
2027;1;223;beauce_5_sa_090;BTH;;1.16;0.0;51.26;24.7;42.97;5.86;37.64;0.05;0.0;0;26.17;0;-208.26;0.0;0.05;0.0;1.16
2027;224;284;beauce_5_sa_090;solnu;;0.32;0.0;23.09;-13.99;0.0;37.64;46.37;0.05;0.0;0;0;0;-144.34;0.04;0.01;0.0;0.32
2027;285;365;beauce_5_sa_090;BTH;;3.59;0.0;10.85;-36.8;0.0;46.63;17.13;0.02;0.01;0;0.0;0;-31.15;0.02;0.0;0.0;3.59
2027;1;200;beauce_5_sa_091;BTH;;24.16;1.82;43.31;58.62;178.49;183.44;219.05;0.15;0.0;0;121.87;0;-38.79;0.09;0.06;1.82;24.16
2027;201;281;beauce_5_sa_091;solnu;;0.0;0.0;40.64;2.09;0.0;219.05;261.67;0.12;0.0;0;0;0;-203.62;0.09;0.03;0.0;0.0
2027;282;365;beauce_5_sa_091;BTH;;20.98;0.38;13.4;-78.61;28.32;262.0;175.61;0.15;0.01;0;16.67;0;56.2;0.14;0.01;0.38;20.98
2027;1;200;beauce_5_sa_092;BTH;;8.17;0.99;41.67;50.96;186.65;83.38;54.97;0.14;0.0;0;114.2;0;-2.5;0.08;0.06;0.99;8.17
2027;201;285;beauce_5_sa_092;solnu;;0.0;0.0;39.49;2.32;0.0;54.97;96.69;0.08;0.0;0;0;0;-167.77;0.06;0.03;0.0;0.0
2027;286;365;beauce_5_sa_092;BTH;;7.94;0.79;12.25;-64.49;3.88;97.2;92.3;0.09;0.01;0;2.28;0;19.56;0.09;0.0;0.79;7.94
2027;1;227;beauce_5_sa_093;BTH;;12.78;0.85;54.08;38.12;90.67;66.34;118.48;0.06;0.0;0;53.35;0;-107.99;0.01;0.06;0.85;12.78
2027;228;305;beauce_5_sa_093;solnu;;5.74;0.0;27.45;-5.87;0.0;118.48;134.14;0.17;0.01;0;0;0;-144.2;0.15;0.01;0.0;5.74
2027;306;365;beauce_5_sa_093;BTH;;9.21;0.0;6.75;-62.92;0.0;134.49;68.74;0.01;0.0;0;0.0;0;2.63;0.01;0.0;0.0;9.21
2027;1;199;beauce_5_sa_094;BTH;;4.32;0.92;45.98;44.24;87.09;26.01;93.42;0.08;0.0;0;54.05;0;-81.18;0.03;0.05;0.92;4.32
2027;200;261;beauce_5_sa_094;solnu;;0.0;0.0;37.28;-91.02;0.0;93.42;39.65;0.03;0.0;0;0;0;-87.27;0.02;0.02;0.0;0.0
2027;262;365;beauce_5_sa_094;BTH;;5.14;0.0;18.98;27.8;51.82;40.08;29.37;0.08;0.01;0;30.49;0;19.22;0.05;0.03;0.0;5.14
2027;1;204;beauce_5_sa_095;BTH;;7.38;1.0;50.3;48.78;128.21;78.25;116.74;0.19;0.0;0;89.55;0;-171.61;0.13;0.06;1.0;7.38
2027;205;258;beauce_5_sa_095;solnu;;0.0;0.0;33.17;-99.39;0.0;116.74;50.46;0.05;0.0;0;0;0;-68.25;0.03;0.02;0.0;0.0
2027;259;365;beauce_5_sa_095;BTH;;8.01;0.38;19.48;34.27;56.12;51.27;68.78;0.1;0.01;0;33.02;0;32.56;0.07;0.03;0.38;8.01
2027;1;230;beauce_5_sa_096;BTH;;36.67;1.92;66.82;57.55;201.39;299.71;329.18;0.33;0.0;0;135.35;0;-175.12;0.25;0.07;1.92;36.67
2027;231;281;beauce_5_sa_096;solnu;;0.0;0.0;23.69;-92.68;0.0;329.18;260.08;0.09;0.01;0;0;0;-109.3;0.09;0.01;0.0;0.0
2027;282;365;beauce_5_sa_096;BTH;;35.23;0.83;13.9;8.96;28.32;259.33;281.2;0.15;0.01;0;16.67;0;120.37;0.14;0.02;0.83;35.23
2027;1;207;beauce_5_sa_097;BTH;;0.52;0.16;45.62;19.63;53.0;2.65;26.58;0.04;0.0;0;31.19;0;-115.25;0.0;0.04;0.16;0.52
2027;208;272;beauce_5_sa_097;solnu;;0.05;0.0;30.23;-55.57;0.0;26.58;1.18;0.01;0.0;0;0;0;-167.42;0.0;0.01;0.0;0.05
2027;273;365;beauce_5_sa_097;BTH;;0.22;0.0;14.66;-14.34;0.0;1.23;1.28;0.0;0.0;0;0.0;0;12.88;0.0;0.0;0.0;0.22
2027;1;199;beauce_5_sa_098;BTH;;52.45;3.08;46.72;55.93;153.37;352.73;480.04;0.25;0.0;0;130.18;0;-121.32;0.18;0.06;3.08;52.45
2027;200;257;beauce_5_sa_098;solnu;;0.0;0.0;35.24;-3.7;0.0;480.04;511.51;0.06;0.0;0;0;0;-213.82;0.04;0.02;0.0;0.0
2027;258;365;beauce_5_sa_098;BTH;;66.43;0.0;19.27;-63.65;66.31;511.81;334.09;0.3;0.01;0;39.02;0;66.38;0.28;0.02;0.0;66.43
2027;1;228;beauce_5_sa_099;BTH;;1.49;0.0;53.61;15.07;44.22;7.71;30.64;0.04;0.0;0;26.02;0;-201.24;0.0;0.04;0.0;1.49
2027;229;311;beauce_5_sa_099;solnu;;1.54;0.0;26.67;-39.44;0.0;30.64;17.67;0.06;0.01;0;0;0;-173.25;0.05;0.01;0.0;1.54
2027;312;365;beauce_5_sa_099;BTH;;1.96;0.0;5.69;-6.07;0.0;17.6;15.73;0.0;0.0;0;0.0;0;-12.16;0.0;0.0;0.0;1.96
2028;1;224;beauce_5_sa_000;BTH;;4.46;0.91;51.01;13.75;102.02;24.94;51.6;0.08;0.01;0;60.03;0;-4.49;0.04;0.04;0.91;4.46
2028;225;311;beauce_5_sa_000;solnu;;0.0;0.0;18.45;-58.86;0.0;51.6;12.9;0.02;0.0;0;0;0;-66.16;0.02;0.0;0.0;0.0
2028;312;366;beauce_5_sa_000;BTH;;1.44;0.0;7.14;-8.03;0.0;12.9;11.53;0.0;0.0;0;0.0;0;21.47;0.0;0.0;0.0;1.44
2028;1;195;beauce_5_sa_001;BTH;;10.2;0.0;40.12;23.39;125.38;111.66;40.9;0.09;0.0;0;75.04;0;15.36;0.05;0.04;0.0;10.2
2028;196;310;beauce_5_sa_001;solnu;;0.0;0.0;24.43;-34.02;0.0;40.9;35.75;0.0;0.0;0;0;0;-179.59;0.0;0.0;0.0;0.0
2028;311;366;beauce_5_sa_001;BTH;;4.43;1.29;7.25;-15.8;2.46;35.74;119.04;0.02;0.0;0;1.45;0;5.52;0.02;0.0;1.29;4.43
2028;1;199;beauce_5_sa_002;BTH;;1.51;0.0;38.62;28.48;47.55;8.93;27.15;0.04;0.0;0;29.75;0;-175.6;0.0;0.04;0.0;1.51
2028;200;264;beauce_5_sa_002;solnu;;0.0;0.0;14.47;-15.56;0.0;27.15;26.06;0.0;0.0;0;0;0;-92.43;0.0;0.0;0.0;0.0
2028;265;366;beauce_5_sa_002;BTH;;0.63;0.0;14.65;-36.1;3.0;26.1;3.39;0.0;0.0;0;1.77;0;-55.22;0.0;0.0;0.0;0.63
2028;1;201;beauce_5_sa_003;BTH;;9.84;0.95;42.33;27.88;97.57;62.13;97.13;0.04;0.0;0;57.42;0;-42.54;0.0;0.04;0.95;9.84
2028;202;315;beauce_5_sa_003;solnu;;0.0;0.0;24.08;-66.21;0.0;97.13;54.95;0.05;0.0;0;0;0;-80.47;0.04;0.01;0.0;0.0
2028;316;366;beauce_5_sa_003;BTH;;4.89;0.0;6.57;-22.07;0.0;53.54;34.56;0.0;0.0;0;0.0;0;36.77;0.0;0.0;0.0;4.89
2028;1;226;beauce_5_sa_004;BTH;;15.81;1.4;52.67;38.52;114.23;103.86;172.07;0.06;0.0;0;67.22;0;9.15;0.0;0.06;1.4;15.81
2028;227;310;beauce_5_sa_004;solnu;;0.0;0.0;18.18;-10.38;0.0;172.07;179.8;0.07;0.0;0;0;0;-68.72;0.06;0.01;0.0;0.0
2028;311;366;beauce_5_sa_004;BTH;;9.27;0.0;7.5;-89.19;4.43;179.97;84.37;0.04;0.0;0;2.61;0;37.65;0.04;0.0;0.0;9.27
2028;1;224;beauce_5_sa_005;BTH;;24.75;2.74;64.74;57.44;160.68;188.34;333.23;0.24;0.01;0;130.51;0;-200.05;0.17;0.07;2.74;24.75
2028;225;261;beauce_5_sa_005;solnu;;0.0;0.0;18.24;-13.91;0.0;333.23;337.56;0.01;0.0;0;0;0;-126.24;0.0;0.01;0.0;0.0
2028;262;366;beauce_5_sa_005;BTH;;20.95;0.0;18.78;-70.11;62.53;337.82;202.57;0.17;0.0;0;36.8;0;123.35;0.15;0.02;0.0;20.95
2028;1;174;beauce_5_sa_006;BTH;;6.84;0.0;31.33;25.43;88.34;63.88;25.0;0.06;0.0;0;53.25;0;-26.09;0.03;0.03;0.0;6.84
2028;175;315;beauce_5_sa_006;solnu;;0.32;0.0;30.23;-38.03;0.0;25.0;24.0;0.01;0.0;0;0;0;-213.88;0.0;0.01;0.0;0.32
2028;316;366;beauce_5_sa_006;BTH;;3.85;0.74;6.25;-16.92;3.23;24.0;61.77;0.04;0.0;0;1.9;0;23.51;0.04;0.0;0.74;3.85
2028;1;200;beauce_5_sa_007;BTH;;5.86;0.96;41.27;32.41;160.11;53.07;34.25;0.08;0.01;0;95.48;0;-6.58;0.03;0.05;0.96;5.86
2028;201;297;beauce_5_sa_007;solnu;;0.0;0.0;20.6;-9.98;0.0;34.25;44.86;0.01;0.0;0;0;0;-63.62;0.01;0.01;0.0;0.0
2028;298;366;beauce_5_sa_007;BTH;;1.2;0.54;10.27;-47.11;1.67;45.17;49.32;0.01;0.0;0;0.98;0;-48.73;0.01;0.0;0.54;1.2
2028;1;190;beauce_5_sa_008;BTH;;16.04;0.9;38.52;50.13;190.37;168.88;120.72;0.13;0.0;0;115.84;0;-9.66;0.07;0.05;0.9;16.04
2028;191;286;beauce_5_sa_008;solnu;;0.0;0.0;23.38;-4.48;0.0;120.72;139.61;0.02;0.0;0;0;0;-77.22;0.01;0.01;0.0;0.0
2028;287;366;beauce_5_sa_008;BTH;;3.42;1.29;12.54;-79.23;10.36;139.91;155.43;0.02;0.0;0;6.1;0;57.08;0.02;0.0;1.29;3.42
2028;1;184;beauce_5_sa_009;BTH;;1.05;1.18;36.35;42.11;134.47;8.24;39.27;0.1;0.0;0;80.3;0;-64.64;0.05;0.05;1.18;1.05
2028;185;277;beauce_5_sa_009;solnu;;0.0;0.0;24.79;-56.22;0.0;39.27;9.22;0.01;0.0;0;0;0;-111.55;0.0;0.01;0.0;0.0
2028;278;366;beauce_5_sa_009;BTH;;0.75;0.0;14.64;-15.18;0.0;9.05;8.3;0.0;0.0;0;0.0;0;47.89;0.0;0.0;0.0;0.75
2028;1;192;beauce_5_sa_010;BTH;;4.11;0.61;36.48;10.86;96.13;23.47;16.74;0.05;0.01;0;56.57;0;-43.83;0.03;0.03;0.61;4.11
2028;193;293;beauce_5_sa_010;solnu;;0.0;0.0;21.37;-9.7;0.0;16.74;28.39;0.01;0.0;0;0;0;-102.08;0.0;0.01;0.0;0.0
2028;294;366;beauce_5_sa_010;BTH;;1.31;0.0;10.1;-32.36;0.0;28.65;9.59;0.0;0.0;0;0.0;0;-69.47;0.0;0.0;0.0;1.31
2028;1;182;beauce_5_sa_011;BTH;;0.75;0.0;32.66;18.39;51.68;4.26;2.89;0.03;0.0;0;30.41;0;-128.0;0.0;0.03;0.0;0.75
2028;183;297;beauce_5_sa_011;solnu;;0.0;0.0;24.26;-32.03;0.0;2.89;2.12;0.0;0.0;0;0;0;-218.86;0.0;0.0;0.0;0.0
2028;298;366;beauce_5_sa_011;BTH;;0.31;0.0;9.17;-9.64;0.0;2.23;1.89;0.0;0.0;0;0.0;0;-15.4;0.0;0.0;0.0;0.31
2028;1;173;beauce_5_sa_012;BTH;;1.33;0.0;28.02;31.86;54.29;8.4;12.75;0.04;0.0;0;33.71;0;-162.26;0.0;0.04;0.0;1.33
2028;174;264;beauce_5_sa_012;solnu;;0.0;0.0;20.78;-10.43;0.0;12.75;23.09;0.01;0.0;0;0;0;-124.5;0.0;0.01;0.0;0.0
2028;265;366;beauce_5_sa_012;BTH;;0.58;0.0;13.87;-34.02;1.5;23.15;3.29;0.0;0.0;0;0.88;0;-89.42;0.0;0.0;0.0;0.58
2028;1;172;beauce_5_sa_013;BTH;;7.45;1.77;34.69;43.17;154.64;66.62;114.99;0.07;0.0;0;102.36;0;-22.92;0.02;0.05;1.77;7.45
2028;173;289;beauce_5_sa_013;solnu;;0.0;0.0;27.5;-91.34;0.0;114.99;51.36;0.02;0.0;0;0;0;-60.17;0.01;0.01;0.0;0.0
2028;290;366;beauce_5_sa_013;BTH;;2.74;0.0;12.85;6.05;16.49;50.74;50.97;0.04;0.0;0;9.7;0;105.4;0.03;0.01;0.0;2.74
2028;1;205;beauce_5_sa_014;BTH;;0.94;0.96;44.92;29.45;121.64;5.26;29.28;0.09;0.0;0;71.58;0;-38.67;0.05;0.04;0.96;0.94
2028;206;279;beauce_5_sa_014;solnu;;0.0;0.0;19.81;-46.02;0.0;29.28;8.85;0.0;0.0;0;0;0;-181.6;0.0;0.0;0.0;0.0
2028;280;366;beauce_5_sa_014;BTH;;0.98;0.0;13.75;-16.66;0.0;8.85;7.98;0.0;0.0;0;0.0;0;42.39;0.0;0.0;0.0;0.98
2028;1;226;beauce_5_sa_015;BTH;;8.03;1.71;51.89;33.91;168.77;59.58;97.73;0.12;0.01;0;99.31;0;-41.59;0.07;0.05;1.71;8.03
2028;227;297;beauce_5_sa_015;solnu;;0.0;0.0;16.04;-11.45;0.0;97.73;102.28;0.03;0.0;0;0;0;-50.91;0.02;0.0;0.0;0.0
2028;298;366;beauce_5_sa_015;BTH;;4.82;0.0;10.16;-69.02;0.0;102.55;38.59;0.01;0.0;0;0.0;0;43.04;0.01;0.0;0.0;4.82
2028;1;191;beauce_5_sa_016;BTH;;0.23;0.21;38.63;30.09;66.21;4.91;23.16;0.05;0.0;0;41.27;0;-153.57;0.01;0.04;0.21;0.23
2028;192;258;beauce_5_sa_016;solnu;;0.0;0.0;22.05;-43.46;0.0;23.16;1.75;0.01;0.0;0;0;0;-141.71;0.0;0.01;0.0;0.0
2028;259;366;beauce_5_sa_016;BTH;;0.12;0.0;16.18;-19.26;0.0;1.38;0.71;0.0;0.0;0;0.0;0;-23.78;0.0;0.0;0.0;0.12
2028;1;206;beauce_5_sa_017;BTH;;4.82;0.0;37.02;34.68;86.71;47.41;28.71;0.06;0.0;0;51.88;0;-158.99;0.01;0.05;0.0;4.82
2028;207;293;beauce_5_sa_017;solnu;;0.0;0.0;15.72;-12.49;0.0;28.71;31.93;0.01;0.0;0;0;0;-88.68;0.0;0.0;0.0;0.0
2028;294;366;beauce_5_sa_017;BTH;;2.24;0.42;8.93;-34.31;0.75;32.13;39.41;0.0;0.0;0;0.44;0;-122.37;0.0;0.0;0.42;2.24
2028;1;220;beauce_5_sa_018;BTH;;20.41;2.14;51.61;60.32;176.49;183.48;261.61;0.11;0.0;0;106.69;0;-86.72;0.04;0.07;2.14;20.41
2028;221;301;beauce_5_sa_018;solnu;;0.0;0.0;18.35;-99.99;0.0;261.61;179.93;0.04;0.0;0;0;0;-70.32;0.04;0.0;0.0;0.0
2028;302;366;beauce_5_sa_018;BTH;;12.48;0.0;9.56;5.7;6.39;179.28;176.21;0.11;0.0;0;3.76;0;79.17;0.1;0.01;0.0;12.48
2028;1;182;beauce_5_sa_019;BTH;;14.79;2.25;34.91;58.46;191.25;118.35;176.19;0.13;0.01;0;128.32;0;-63.99;0.07;0.06;2.25;14.79
2028;183;283;beauce_5_sa_019;solnu;;0.0;0.0;23.72;-1.76;0.0;176.19;198.14;0.02;0.0;0;0;0;-99.35;0.01;0.01;0.0;0.0
2028;284;366;beauce_5_sa_019;BTH;;2.21;0.0;13.25;-71.37;26.72;198.51;111.0;0.08;0.0;0;15.72;0;61.99;0.07;0.01;0.0;2.21
2028;1;230;beauce_5_sa_020;BTH;;9.99;2.09;52.53;35.54;208.46;68.36;96.01;0.13;0.01;0;122.67;0;-44.66;0.08;0.06;2.09;9.99
2028;231;309;beauce_5_sa_020;solnu;;0.0;0.0;17.88;-9.51;0.0;96.01;104.33;0.05;0.0;0;0;0;-52.32;0.05;0.01;0.0;0.0
2028;310;366;beauce_5_sa_020;BTH;;2.15;0.0;7.56;-57.1;0.0;104.53;52.64;0.0;0.0;0;0.0;0;28.11;0.0;0.0;0.0;2.15
2028;1;208;beauce_5_sa_021;BTH;;19.93;1.95;41.83;69.45;167.76;162.8;235.59;0.08;0.0;0;101.02;0;-93.56;0.02;0.07;1.95;19.93
2028;209;305;beauce_5_sa_021;solnu;;0.0;0.0;19.21;-5.56;0.0;235.59;249.17;0.07;0.0;0;0;0;-75.63;0.06;0.01;0.0;0.0
2028;306;366;beauce_5_sa_021;BTH;;10.08;0.0;7.89;-87.66;5.52;249.4;153.72;0.07;0.0;0;3.25;0;25.3;0.07;0.0;0.0;10.08
2028;1;228;beauce_5_sa_022;BTH;;1.82;1.12;53.43;25.02;132.88;12.12;40.28;0.08;0.01;0;78.19;0;12.23;0.04;0.05;1.12;1.82
2028;229;296;beauce_5_sa_022;solnu;;0.0;0.0;14.67;-48.48;0.0;40.28;7.55;0.01;0.0;0;0;0;-90.0;0.01;0.0;0.0;0.0
2028;297;366;beauce_5_sa_022;BTH;;0.94;0.0;10.27;-12.56;0.0;7.55;6.65;0.0;0.0;0;0.0;0;23.95;0.0;0.0;0.0;0.94
2028;1;192;beauce_5_sa_023;BTH;;6.41;1.29;41.52;24.71;102.21;40.92;96.05;0.08;0.01;0;61.91;0;53.15;0.04;0.04;1.29;6.41
2028;193;284;beauce_5_sa_023;solnu;;0.0;0.0;23.76;-8.66;0.0;96.05;111.13;0.02;0.0;0;0;0;-72.99;0.01;0.01;0.0;0.0
2028;285;366;beauce_5_sa_023;BTH;;3.01;0.0;13.41;-86.14;15.68;111.51;19.7;0.01;0.0;0;9.23;0;69.82;0.01;0.0;0.0;3.01
2028;1;224;beauce_5_sa_024;BTH;;3.72;0.0;48.28;23.02;61.04;22.62;29.56;0.04;0.0;0;36.89;0;-116.45;0.0;0.04;0.0;3.72
2028;225;311;beauce_5_sa_024;solnu;;0.28;0.0;15.72;-34.77;0.0;29.56;10.99;0.01;0.0;0;0;0;-81.0;0.01;0.0;0.0;0.28
2028;312;366;beauce_5_sa_024;BTH;;1.39;0.27;6.72;-26.85;2.03;10.99;11.09;0.01;0.0;0;1.19;0;-39.19;0.01;0.0;0.27;1.39
2028;1;191;beauce_5_sa_025;BTH;;9.85;2.11;42.0;45.37;179.22;74.33;131.45;0.13;0.0;0;115.95;0;-54.34;0.08;0.05;2.11;9.85
2028;192;290;beauce_5_sa_025;solnu;;0.0;0.0;25.3;-95.19;0.0;131.45;61.55;0.01;0.0;0;0;0;-58.62;0.0;0.01;0.0;0.0
2028;291;366;beauce_5_sa_025;BTH;;3.43;0.0;12.87;8.84;14.99;61.11;64.78;0.04;0.0;0;8.82;0;111.42;0.02;0.01;0.0;3.43
2028;1;178;beauce_5_sa_026;BTH;;0.99;0.0;31.87;16.95;50.03;5.85;3.71;0.03;0.0;0;29.44;0;-116.69;0.0;0.03;0.0;0.99
2028;179;286;beauce_5_sa_026;solnu;;0.0;0.0;24.85;-27.87;0.0;3.71;2.59;0.01;0.0;0;0;0;-157.4;0.0;0.01;0.0;0.0
2028;287;366;beauce_5_sa_026;BTH;;0.39;0.0;11.05;-14.25;0.0;2.59;2.25;0.0;0.0;0;0.0;0;-47.78;0.0;0.0;0.0;0.39
2028;1;200;beauce_5_sa_027;BTH;;2.51;0.77;42.53;20.97;112.69;15.25;21.5;0.07;0.01;0;67.1;0;29.91;0.04;0.04;0.77;2.51
2028;201;306;beauce_5_sa_027;solnu;;0.0;0.0;23.09;-39.98;0.0;21.5;7.36;0.01;0.0;0;0;0;-97.61;0.0;0.01;0.0;0.0
2028;307;366;beauce_5_sa_027;BTH;;0.98;0.22;8.24;-24.27;0.14;7.36;9.25;0.0;0.0;0;0.08;0;6.32;0.0;0.0;0.22;0.98
2028;1;201;beauce_5_sa_028;BTH;;24.75;2.59;49.04;33.36;161.12;214.9;308.9;0.16;0.01;0;122.8;0;-194.34;0.11;0.05;2.59;24.75
2028;202;270;beauce_5_sa_028;solnu;;0.0;0.0;24.75;-105.54;0.0;308.9;228.11;0.0;0.0;0;0;0;-75.62;0.0;0.0;0.0;0.0
2028;271;366;beauce_5_sa_028;BTH;;12.46;0.0;17.93;26.08;48.61;228.41;210.88;0.17;0.0;0;28.6;0;116.01;0.15;0.03;0.0;12.46
2028;1;190;beauce_5_sa_029;BTH;;8.91;2.07;42.12;44.09;194.35;84.03;122.71;0.12;0.0;0;116.67;0;-62.86;0.07;0.05;2.07;8.91
2028;191;305;beauce_5_sa_029;solnu;;0.0;0.0;26.19;-101.32;0.0;122.71;47.57;0.01;0.0;0;0;0;-4.11;0.0;0.01;0.0;0.0
2028;306;366;beauce_5_sa_029;BTH;;2.14;0.0;9.61;14.2;5.52;47.81;63.68;0.03;0.0;0;3.25;0;82.96;0.02;0.01;0.0;2.14
2028;1;207;beauce_5_sa_030;BTH;;5.37;1.37;52.05;54.87;143.43;52.24;113.12;0.11;0.0;0;94.3;0;-82.17;0.05;0.06;1.37;5.37
2028;208;265;beauce_5_sa_030;solnu;;0.0;0.0;22.66;-25.56;0.0;113.12;110.21;0.01;0.0;0;0;0;-148.38;0.0;0.01;0.0;0.0
2028;266;366;beauce_5_sa_030;BTH;;2.26;0.17;17.92;-76.91;24.48;105.29;37.08;0.03;0.0;0;14.4;0;116.64;0.02;0.01;0.17;2.26
2028;1;215;beauce_5_sa_031;BTH;;5.86;1.25;51.19;65.56;125.69;51.34;130.42;0.15;0.01;0;90.14;0;-190.34;0.08;0.07;1.25;5.86
2028;216;260;beauce_5_sa_031;solnu;;0.0;0.0;15.85;-13.03;0.0;130.42;133.24;0.0;0.0;0;0;0;-116.08;0.0;0.0;0.0;0.0
2028;261;366;beauce_5_sa_031;BTH;;4.02;0.0;16.51;-85.58;29.4;133.36;30.73;0.02;0.0;0;17.3;0;63.78;0.02;0.01;0.0;4.02
2028;1;194;beauce_5_sa_032;BTH;;1.69;0.0;41.94;25.69;117.9;12.09;28.78;0.12;0.0;0;72.53;0;-83.53;0.08;0.04;0.0;1.69
2028;195;271;beauce_5_sa_032;solnu;;0.0;0.0;23.27;-46.05;0.0;28.78;10.87;0.0;0.0;0;0;0;-197.82;0.0;0.0;0.0;0.0
2028;272;366;beauce_5_sa_032;BTH;;1.08;0.92;15.87;-17.84;0.0;10.69;9.66;0.0;0.0;0;0.0;0;38.6;0.0;0.0;0.92;1.08
2028;1;223;beauce_5_sa_033;BTH;;0.87;0.0;48.39;36.19;47.37;6.63;42.9;0.05;0.0;0;32.29;0;-254.89;0.0;0.05;0.0;0.87
2028;224;258;beauce_5_sa_033;solnu;;0.0;0.0;8.1;-13.73;0.0;42.9;37.27;0.0;0.0;0;0;0;-65.42;0.0;0.0;0.0;0.0
2028;259;366;beauce_5_sa_033;BTH;;0.43;0.0;15.29;-43.26;8.66;37.28;2.25;0.0;0.0;0;5.1;0;-32.64;0.0;0.0;0.0;0.43
2028;1;173;beauce_5_sa_034;BTH;;3.91;0.0;29.89;7.3;44.04;22.85;12.51;0.02;0.0;0;25.91;0;-109.35;0.0;0.02;0.0;3.91
2028;174;317;beauce_5_sa_034;solnu;;0.28;0.0;29.49;-30.75;0.0;12.51;11.95;0.02;0.0;0;0;0;-153.83;0.01;0.01;0.0;0.28
2028;318;366;beauce_5_sa_034;BTH;;1.5;0.0;5.85;-7.9;0.0;11.95;10.46;0.0;0.0;0;0.0;0;-33.88;0.0;0.0;0.0;1.5
2028;1;224;beauce_5_sa_035;BTH;;7.89;1.54;54.79;34.94;143.39;54.5;109.37;0.1;0.0;0;85.26;0;-2.77;0.04;0.05;1.54;7.89
2028;225;285;beauce_5_sa_035;solnu;;0.0;0.0;15.74;-13.38;0.0;109.37;111.7;0.02;0.0;0;0;0;-68.98;0.02;0.0;0.0;0.0
2028;286;366;beauce_5_sa_035;BTH;;4.7;0.0;12.73;-77.85;7.5;112.16;34.37;0.01;0.0;0;4.41;0;71.79;0.01;0.0;0.0;4.7
2028;1;197;beauce_5_sa_036;BTH;;0.79;0.0;37.85;14.27;46.91;4.56;9.05;0.03;0.0;0;27.6;0;-121.8;0.0;0.03;0.0;0.79
2028;198;298;beauce_5_sa_036;solnu;;0.01;0.0;19.83;-32.0;0.0;9.05;1.97;0.0;0.0;0;0;0;-159.78;0.0;0.0;0.0;0.01
2028;299;366;beauce_5_sa_036;BTH;;0.29;0.0;8.96;-10.39;0.0;1.97;1.72;0.0;0.0;0;0.0;0;-27.45;0.0;0.0;0.0;0.29
2028;1;208;beauce_5_sa_037;BTH;;0.65;1.56;44.75;23.77;175.24;5.04;14.74;0.06;0.0;0;103.12;0;41.37;0.02;0.04;1.56;0.65
2028;209;299;beauce_5_sa_037;solnu;;0.0;0.0;19.58;-36.22;0.0;14.74;2.71;0.0;0.0;0;0;0;-135.7;0.0;0.0;0.0;0.0
2028;300;366;beauce_5_sa_037;BTH;;0.04;0.0;10.3;-10.85;0.0;2.51;2.54;0.0;0.0;0;0.0;0;53.01;0.0;0.0;0.0;0.04
2028;1;196;beauce_5_sa_038;BTH;;5.54;1.04;42.07;47.17;108.69;43.2;96.57;0.07;0.0;0;68.49;0;-70.87;0.01;0.05;1.04;5.54
2028;197;295;beauce_5_sa_038;solnu;;0.0;0.0;22.44;-100.06;0.0;96.57;18.93;0.01;0.0;0;0;0;-90.08;0.0;0.0;0.0;0.0
2028;296;366;beauce_5_sa_038;BTH;;2.65;0.0;10.95;2.86;6.04;18.34;24.03;0.01;0.0;0;3.56;0;76.99;0.0;0.01;0.0;2.65
2028;1;192;beauce_5_sa_039;BTH;;0.44;0.79;40.27;32.98;97.79;3.93;38.02;0.09;0.01;0;58.28;0;-84.49;0.04;0.04;0.79;0.44
2028;193;283;beauce_5_sa_039;solnu;;0.0;0.0;22.22;-59.85;0.0;38.02;1.42;0.0;0.0;0;0;0;-110.58;0.0;0.0;0.0;0.0
2028;284;366;beauce_5_sa_039;BTH;;0.21;0.0;13.1;-13.41;0.0;1.42;1.23;0.0;0.0;0;0.0;0;63.44;0.0;0.0;0.0;0.21
2028;1;173;beauce_5_sa_040;BTH;;12.35;1.82;31.95;51.97;132.92;106.63;183.24;0.08;0.0;0;102.63;0;-69.17;0.03;0.05;1.82;12.35
2028;174;274;beauce_5_sa_040;solnu;;0.0;0.0;24.1;-3.39;0.0;183.24;203.93;0.01;0.0;0;0;0;-99.54;0.0;0.01;0.0;0.0
2028;275;366;beauce_5_sa_040;BTH;;6.23;0.0;15.26;-73.96;40.86;204.37;98.03;0.1;0.0;0;24.05;0;54.34;0.08;0.01;0.0;6.23
2028;1;192;beauce_5_sa_041;BTH;;6.26;2.46;42.62;33.03;238.24;48.22;64.72;0.11;0.0;0;140.19;0;118.73;0.07;0.05;2.46;6.26
2028;193;305;beauce_5_sa_041;solnu;;0.0;0.0;21.36;-58.23;0.0;64.72;27.85;0.0;0.0;0;0;0;7.94;0.0;0.0;0.0;0.0
2028;306;366;beauce_5_sa_041;BTH;;0.0;0.0;10.17;-10.34;0.0;27.81;27.67;0.0;0.0;0;0.0;0;97.99;0.0;0.0;0.0;0.0
2028;1;189;beauce_5_sa_042;BTH;;3.9;0.0;31.98;14.09;53.82;22.16;10.9;0.03;0.0;0;31.67;0;-171.75;0.0;0.03;0.0;3.9
2028;190;313;beauce_5_sa_042;solnu;;0.22;0.0;22.86;-9.59;0.0;10.9;23.93;0.02;0.0;0;0;0;-124.89;0.01;0.01;0.0;0.22
2028;314;366;beauce_5_sa_042;BTH;;1.38;0.0;5.59;-22.34;0.0;24.03;9.88;0.0;0.0;0;0.0;0;-88.07;0.0;0.0;0.0;1.38
2028;1;229;beauce_5_sa_043;BTH;;3.22;0.0;47.93;9.62;44.84;17.76;27.53;0.04;0.0;0;26.38;0;-162.31;0.0;0.04;0.0;3.22
2028;230;307;beauce_5_sa_043;solnu;;0.23;0.0;12.7;-32.49;0.0;27.53;8.13;0.01;0.0;0;0;0;-84.32;0.01;0.0;0.0;0.23
2028;308;366;beauce_5_sa_043;BTH;;1.02;0.0;6.97;-9.69;0.0;8.13;7.13;0.0;0.0;0;0.0;0;-47.91;0.0;0.0;0.0;1.02
2028;1;216;beauce_5_sa_044;BTH;;3.41;0.0;43.71;10.28;46.03;19.08;23.93;0.03;0.0;0;27.08;0;-153.8;0.0;0.03;0.0;3.41
2028;217;301;beauce_5_sa_044;solnu;;0.02;0.0;14.72;-16.19;0.0;23.93;22.43;0.01;0.0;0;0;0;-92.45;0.01;0.0;0.0;0.02
2028;302;366;beauce_5_sa_044;BTH;;1.38;0.0;8.1;-24.74;0.0;22.63;8.24;0.0;0.0;0;0.0;0;-55.28;0.0;0.0;0.0;1.38
2028;1;202;beauce_5_sa_045;BTH;;12.03;2.21;45.57;48.93;191.04;90.82;148.77;0.14;0.0;0;122.9;0;-61.31;0.09;0.06;2.21;12.03
2028;203;290;beauce_5_sa_045;solnu;;0.0;0.0;22.14;-94.94;0.0;148.77;75.96;0.01;0.0;0;0;0;-79.29;0.01;0.0;0.0;0.0
2028;291;366;beauce_5_sa_045;BTH;;3.89;0.0;12.49;9.69;14.99;75.53;79.2;0.05;0.0;0;8.82;0;107.41;0.03;0.01;0.0;3.89
2028;1;188;beauce_5_sa_046;BTH;;0.23;0.0;36.63;27.5;49.0;6.33;21.12;0.05;0.0;0;32.53;0;-182.49;0.01;0.04;0.0;0.23
2028;189;257;beauce_5_sa_046;solnu;;0.0;0.0;22.26;-33.96;0.0;21.12;9.42;0.01;0.0;0;0;0;-150.09;0.0;0.01;0.0;0.0
2028;258;366;beauce_5_sa_046;BTH;;0.12;0.0;15.83;-25.38;0.0;7.94;0.73;0.0;0.0;0;0.0;0;-26.09;0.0;0.0;0.0;0.12
2028;1;219;beauce_5_sa_047;BTH;;20.56;2.46;55.88;61.4;190.14;161.14;254.18;0.15;0.01;0;135.42;0;-133.73;0.08;0.07;2.46;20.56
2028;220;275;beauce_5_sa_047;solnu;;0.0;0.0;21.12;-10.82;0.0;254.18;264.44;0.04;0.0;0;0;0;-126.33;0.04;0.01;0.0;0.0
2028;276;366;beauce_5_sa_047;BTH;;6.83;0.0;15.41;-71.47;40.88;264.81;160.53;0.13;0.0;0;24.05;0;88.08;0.11;0.01;0.0;6.83
2028;1;222;beauce_5_sa_048;BTH;;6.49;0.75;46.84;29.7;102.63;38.47;62.56;0.08;0.01;0;60.39;0;-123.36;0.03;0.05;0.75;6.49
2028;223;291;beauce_5_sa_048;solnu;;0.0;0.0;13.91;-12.04;0.0;62.56;64.4;0.02;0.0;0;0;0;-56.05;0.02;0.0;0.0;0.0
2028;292;366;beauce_5_sa_048;BTH;;2.46;0.0;9.89;-55.67;0.0;64.58;16.83;0.01;0.0;0;0.0;0;-1.49;0.0;0.0;0.0;2.46
2028;1;226;beauce_5_sa_049;BTH;;10.48;1.97;55.06;53.7;174.34;87.32;159.45;0.12;0.01;0;104.17;0;-124.21;0.05;0.07;1.97;10.48
2028;227;312;beauce_5_sa_049;solnu;;0.0;0.0;20.67;-108.21;0.0;159.45;71.88;0.04;0.0;0;0;0;2.81;0.04;0.0;0.0;0.0
2028;313;366;beauce_5_sa_049;BTH;;3.55;0.0;7.84;12.45;3.74;72.53;84.83;0.06;0.0;0;2.2;0;64.93;0.04;0.01;0.0;3.55
2028;1;184;beauce_5_sa_050;BTH;;1.03;0.0;33.9;25.51;46.61;6.59;18.37;0.04;0.0;0;30.08;0;-144.24;0.0;0.04;0.0;1.03
2028;185;262;beauce_5_sa_050;solnu;;0.0;0.0;19.82;-15.17;0.0;18.37;23.02;0.01;0.0;0;0;0;-125.63;0.0;0.01;0.0;0.0
2028;263;366;beauce_5_sa_050;BTH;;0.45;0.0;15.0;-35.48;3.12;23.09;2.45;0.0;0.0;0;1.84;0;-61.58;0.0;0.0;0.0;0.45
2028;1;227;beauce_5_sa_051;BTH;;1.84;0.55;49.25;24.93;86.6;5.57;32.68;0.08;0.0;0;50.96;0;-94.63;0.03;0.04;0.55;1.84
2028;228;292;beauce_5_sa_051;solnu;;0.02;0.0;11.8;-42.93;0.0;32.68;8.22;0.0;0.0;0;0;0;-146.34;0.0;0.0;0.0;0.02
2028;293;366;beauce_5_sa_051;BTH;;1.22;0.0;10.14;-12.13;0.0;8.22;7.07;0.0;0.0;0;0.0;0;9.0;0.0;0.0;0.0;1.22
2028;1;175;beauce_5_sa_052;BTH;;2.44;0.0;28.83;19.16;52.92;14.77;7.65;0.03;0.0;0;31.14;0;-138.93;0.0;0.03;0.0;2.44
2028;176;284;beauce_5_sa_052;solnu;;0.0;0.0;23.16;-10.85;0.0;7.65;19.95;0.01;0.0;0;0;0;-127.56;0.0;0.01;0.0;0.0
2028;285;366;beauce_5_sa_052;BTH;;0.97;0.0;10.82;-28.12;0.0;20.25;5.61;0.0;0.0;0;0.0;0;-93.24;0.0;0.0;0.0;0.97
2028;1;226;beauce_5_sa_053;BTH;;1.2;0.14;47.02;18.24;58.77;6.85;22.78;0.04;0.0;0;34.58;0;-127.79;0.0;0.04;0.14;1.2
2028;227;303;beauce_5_sa_053;solnu;;0.02;0.0;13.23;-37.0;0.0;22.78;3.02;0.0;0.0;0;0;0;-125.14;0.0;0.0;0.0;0.02
2028;304;366;beauce_5_sa_053;BTH;;0.44;0.0;7.73;-9.41;0.0;3.11;2.68;0.0;0.0;0;0.0;0;-20.79;0.0;0.0;0.0;0.44
2028;1;176;beauce_5_sa_054;BTH;;6.52;1.75;34.32;51.88;150.27;52.24;113.09;0.09;0.0;0;102.75;0;-31.48;0.04;0.05;1.75;6.52
2028;177;276;beauce_5_sa_054;solnu;;0.0;0.0;25.68;-3.23;0.0;113.09;135.52;0.01;0.0;0;0;0;-96.0;0.0;0.01;0.0;0.0
2028;277;366;beauce_5_sa_054;BTH;;1.94;0.0;15.57;-80.16;33.01;135.91;35.95;0.03;0.0;0;19.42;0;73.98;0.02;0.01;0.0;1.94
2028;1;182;beauce_5_sa_055;BTH;;1.13;0.0;32.07;29.37;50.79;7.87;17.38;0.04;0.0;0;32.54;0;-157.6;0.0;0.04;0.0;1.13
2028;183;263;beauce_5_sa_055;solnu;;0.0;0.0;19.94;-13.91;0.0;17.38;23.4;0.01;0.0;0;0;0;-128.09;0.0;0.01;0.0;0.0
2028;264;366;beauce_5_sa_055;BTH;;0.52;0.0;14.39;-33.8;3.0;23.43;2.84;0.0;0.0;0;1.77;0;-74.09;0.0;0.0;0.0;0.52
2028;1;210;beauce_5_sa_056;BTH;;0.23;0.0;44.26;26.64;49.75;4.49;25.33;0.05;0.0;0;32.49;0;-229.15;0.0;0.04;0.0;0.23
2028;211;269;beauce_5_sa_056;solnu;;0.0;0.0;13.69;-39.45;0.0;25.33;0.79;0.0;0.0;0;0;0;-120.59;0.0;0.0;0.0;0.0
2028;270;366;beauce_5_sa_056;BTH;;0.13;0.0;14.85;-16.42;0.0;0.79;0.73;0.0;0.0;0;0.0;0;-15.2;0.0;0.0;0.0;0.13
2028;1;171;beauce_5_sa_057;BTH;;7.61;1.0;32.27;39.97;94.98;57.92;101.9;0.05;0.0;0;64.39;0;-47.96;0.01;0.04;1.0;7.61
2028;172;290;beauce_5_sa_057;solnu;;0.0;0.0;28.58;-66.3;0.0;101.9;64.36;0.02;0.0;0;0;0;-110.72;0.01;0.01;0.0;0.0
2028;291;366;beauce_5_sa_057;BTH;;4.33;0.0;11.61;-21.83;14.99;62.41;34.79;0.02;0.0;0;8.82;0;73.04;0.01;0.01;0.0;4.33
2028;1;190;beauce_5_sa_058;BTH;;3.43;0.61;38.33;31.01;119.19;37.72;30.77;0.09;0.01;0;71.53;0;-23.65;0.05;0.04;0.61;3.43
2028;191;290;beauce_5_sa_058;solnu;;0.0;0.0;23.57;-48.51;0.0;30.77;11.38;0.01;0.0;0;0;0;-143.75;0.0;0.01;0.0;0.0
2028;291;366;beauce_5_sa_058;BTH;;1.65;0.47;11.23;-17.8;3.48;11.38;35.92;0.01;0.0;0;2.05;0;33.22;0.01;0.0;0.47;1.65
2028;1;210;beauce_5_sa_059;BTH;;15.57;2.3;53.95;54.51;174.62;124.06;216.4;0.14;0.01;0;133.37;0;-119.82;0.07;0.07;2.3;15.57
2028;211;267;beauce_5_sa_059;solnu;;0.0;0.0;24.62;-10.58;0.0;216.4;230.43;0.01;0.0;0;0;0;-153.07;0.0;0.01;0.0;0.0
2028;268;366;beauce_5_sa_059;BTH;;8.65;0.0;17.78;-69.3;53.09;230.65;117.03;0.14;0.0;0;31.24;0;110.27;0.12;0.02;0.0;8.65
2028;1;207;beauce_5_sa_060;BTH;;12.64;1.35;47.34;33.63;100.29;87.38;158.02;0.05;0.0;0;64.3;0;19.28;0.0;0.05;1.35;12.64
2028;208;287;beauce_5_sa_060;solnu;;0.0;0.0;19.32;-11.08;0.0;158.02;166.24;0.02;0.0;0;0;0;-83.15;0.01;0.01;0.0;0.0
2028;288;366;beauce_5_sa_060;BTH;;7.87;0.0;12.35;-84.6;18.0;166.64;68.05;0.07;0.0;0;10.59;0;69.27;0.06;0.01;0.0;7.87
2028;1;203;beauce_5_sa_061;BTH;;8.48;0.98;39.02;34.4;116.1;52.14;75.2;0.09;0.01;0;68.32;0;-103.08;0.04;0.04;0.98;8.48
2028;204;299;beauce_5_sa_061;solnu;;0.0;0.0;18.71;-5.37;0.0;75.2;88.51;0.03;0.0;0;0;0;-76.51;0.02;0.01;0.0;0.0
2028;300;366;beauce_5_sa_061;BTH;;3.29;0.0;8.88;-67.07;0.0;89.0;27.02;0.01;0.0;0;0.0;0;6.33;0.01;0.0;0.0;3.29
2028;1;213;beauce_5_sa_062;BTH;;8.46;1.07;44.58;62.1;105.24;61.58;136.0;0.06;0.0;0;68.11;0;-144.28;0.0;0.06;1.07;8.46
2028;214;282;beauce_5_sa_062;solnu;;0.0;0.0;14.55;-10.41;0.0;136.0;140.11;0.02;0.0;0;0;0;-80.67;0.01;0.0;0.0;0.0
2028;283;366;beauce_5_sa_062;BTH;;5.17;0.0;11.9;-79.14;29.0;140.36;38.68;0.03;0.0;0;17.06;0;22.2;0.02;0.01;0.0;5.17
2028;1;218;beauce_5_sa_063;BTH;;5.43;0.79;50.39;32.12;79.94;34.27;91.23;0.05;0.0;0;49.69;0;-53.81;0.0;0.05;0.79;5.43
2028;219;282;beauce_5_sa_063;solnu;;0.0;0.0;13.28;-13.58;0.0;91.23;90.92;0.01;0.0;0;0;0;-63.61;0.01;0.0;0.0;0.0
2028;283;366;beauce_5_sa_063;BTH;;2.8;0.0;13.0;-72.79;13.03;91.09;15.29;0.01;0.0;0;7.66;0;47.84;0.01;0.0;0.0;2.8
2028;1;225;beauce_5_sa_064;BTH;;0.32;0.0;54.26;33.82;50.68;7.88;44.83;0.06;0.0;0;35.08;0;-329.42;0.01;0.05;0.0;0.32
2028;226;258;beauce_5_sa_064;solnu;;0.0;0.0;11.06;-53.46;0.0;44.83;2.43;0.0;0.0;0;0;0;-73.29;0.0;0.0;0.0;0.0
2028;259;366;beauce_5_sa_064;BTH;;0.18;0.0;16.54;-18.18;0.0;1.93;0.99;0.0;0.0;0;0.0;0;7.32;0.0;0.0;0.0;0.18
2028;1;189;beauce_5_sa_065;BTH;;5.27;1.16;39.13;49.89;99.56;49.95;121.09;0.12;0.0;0;86.58;0;-127.37;0.06;0.05;1.16;5.27
2028;190;260;beauce_5_sa_065;solnu;;0.0;0.0;24.58;-9.18;0.0;121.09;136.47;0.01;0.0;0;0;0;-162.05;0.0;0.01;0.0;0.0
2028;261;366;beauce_5_sa_065;BTH;;2.63;0.0;16.65;-78.11;41.5;136.56;30.85;0.03;0.0;0;24.42;0;61.04;0.02;0.01;0.0;2.63
2028;1;173;beauce_5_sa_066;BTH;;1.92;1.11;32.45;40.5;130.0;14.76;39.33;0.08;0.01;0;80.03;0;-29.53;0.03;0.04;1.11;1.92
2028;174;273;beauce_5_sa_066;solnu;;0.0;0.0;24.4;-2.79;0.0;39.33;60.92;0.01;0.0;0;0;0;-101.93;0.0;0.01;0.0;0.0
2028;274;366;beauce_5_sa_066;BTH;;0.77;0.0;15.53;-66.57;3.0;61.46;6.17;0.0;0.0;0;1.77;0;45.55;0.0;0.0;0.0;0.77
2028;1;203;beauce_5_sa_067;BTH;;18.32;0.96;43.44;53.45;194.91;187.5;145.59;0.13;0.0;0;119.4;0;-40.03;0.08;0.06;0.96;18.32
2028;204;286;beauce_5_sa_067;solnu;;0.0;0.0;20.89;-7.61;0.0;145.59;158.85;0.02;0.0;0;0;0;-76.26;0.01;0.01;0.0;0.0
2028;287;366;beauce_5_sa_067;BTH;;3.56;1.3;12.38;-84.52;12.6;159.13;168.12;0.02;0.0;0;7.42;0;63.85;0.02;0.0;1.3;3.56
2028;1;173;beauce_5_sa_068;BTH;;3.5;0.0;29.08;11.98;47.53;20.93;9.99;0.03;0.0;0;28.85;0;-125.95;0.0;0.03;0.0;3.5
2028;174;290;beauce_5_sa_068;solnu;;0.0;0.0;25.05;-12.63;0.0;9.99;22.6;0.01;0.0;0;0;0;-131.51;0.0;0.01;0.0;0.0
2028;291;366;beauce_5_sa_068;BTH;;1.5;0.0;9.98;-26.37;0.0;22.76;8.69;0.0;0.0;0;0.0;0;-82.13;0.0;0.0;0.0;1.5
2028;1;211;beauce_5_sa_069;BTH;;5.68;1.06;54.86;39.97;117.74;73.57;125.01;0.16;0.01;0;94.79;0;-230.36;0.1;0.06;1.06;5.68
2028;212;265;beauce_5_sa_069;solnu;;0.0;0.0;21.61;-111.7;0.0;125.01;34.92;0.0;0.0;0;0;0;-98.4;0.0;0.0;0.0;0.0
2028;266;366;beauce_5_sa_069;BTH;;3.1;0.46;18.16;22.38;33.67;34.81;72.88;0.06;0.0;0;19.81;0;111.12;0.03;0.02;0.46;3.1
2028;1;178;beauce_5_sa_070;BTH;;3.23;0.36;31.57;20.02;104.16;41.25;13.47;0.04;0.0;0;61.82;0;-36.83;0.01;0.03;0.36;3.23
2028;179;287;beauce_5_sa_070;solnu;;0.0;0.0;24.2;-10.54;0.0;13.47;27.12;0.01;0.0;0;0;0;-91.03;0.0;0.01;0.0;0.0
2028;288;366;beauce_5_sa_070;BTH;;1.4;0.34;11.04;-31.96;0.06;27.52;36.27;0.0;0.0;0;0.03;0;-119.0;0.0;0.0;0.34;1.4
2028;1;184;beauce_5_sa_071;BTH;;10.28;1.25;37.57;45.59;120.46;75.8;121.36;0.06;0.0;0;71.94;0;-31.21;0.01;0.05;1.25;10.28
2028;185;317;beauce_5_sa_071;solnu;;0.0;0.0;29.83;-99.4;0.0;121.36;51.99;0.03;0.0;0;0;0;-60.99;0.02;0.01;0.0;0.0
2028;318;366;beauce_5_sa_071;BTH;;4.86;0.0;6.85;4.4;3.23;51.9;55.11;0.02;0.0;0;1.9;0;55.77;0.02;0.01;0.0;4.86
2028;1;231;beauce_5_sa_072;BTH;;6.29;1.82;62.72;53.89;154.42;55.49;148.31;0.12;0.01;0;105.45;0;-195.97;0.05;0.07;1.82;6.29
2028;232;277;beauce_5_sa_072;solnu;;0.0;0.0;13.05;-99.58;0.0;148.31;61.76;0.02;0.0;0;0;0;-62.68;0.02;0.0;0.0;0.0
2028;278;366;beauce_5_sa_072;BTH;;3.38;0.0;15.08;5.71;37.77;60.33;41.36;0.04;0.0;0;22.23;0;121.98;0.02;0.02;0.0;3.38
2028;1;215;beauce_5_sa_073;BTH;;2.62;0.0;43.8;9.6;44.89;14.65;20.85;0.03;0.0;0;26.42;0;-144.71;0.0;0.03;0.0;2.62
2028;216;311;beauce_5_sa_073;solnu;;0.18;0.0;16.73;-32.01;0.0;20.85;6.62;0.0;0.0;0;0;0;-127.52;0.0;0.0;0.0;0.18
2028;312;366;beauce_5_sa_073;BTH;;0.83;0.0;6.45;-7.98;0.0;6.62;5.81;0.0;0.0;0;0.0;0;-12.32;0.0;0.0;0.0;0.83
2028;1;192;beauce_5_sa_074;BTH;;2.78;0.78;39.16;29.49;90.7;17.4;51.13;0.08;0.01;0;57.78;0;-31.98;0.04;0.04;0.78;2.78
2028;193;276;beauce_5_sa_074;solnu;;0.0;0.0;20.36;-11.35;0.0;51.13;60.14;0.01;0.0;0;0;0;-79.82;0.0;0.01;0.0;0.0
2028;277;366;beauce_5_sa_074;BTH;;1.23;0.0;14.48;-63.72;3.0;60.44;6.82;0.01;0.0;0;1.77;0;50.54;0.0;0.0;0.0;1.23
2028;1;226;beauce_5_sa_075;BTH;;3.34;0.78;54.86;46.24;81.28;31.98;107.19;0.07;0.0;0;61.61;0;-208.23;0.01;0.06;0.78;3.34
2028;227;276;beauce_5_sa_075;solnu;;0.0;0.0;12.47;-85.02;0.0;107.19;34.63;0.0;0.0;0;0;0;-76.3;0.0;0.0;0.0;0.0
2028;277;366;beauce_5_sa_075;BTH;;1.88;0.0;14.58;-14.61;13.7;32.27;19.0;0.02;0.0;0;8.06;0;92.34;0.01;0.01;0.0;1.88
2028;1;227;beauce_5_sa_076;BTH;;1.65;0.74;50.74;18.93;104.01;10.03;29.41;0.06;0.01;0;61.21;0;-17.13;0.02;0.04;0.74;1.65
2028;228;299;beauce_5_sa_076;solnu;;0.0;0.0;15.67;-44.17;0.0;29.41;4.59;0.01;0.0;0;0;0;-122.87;0.01;0.0;0.0;0.0
2028;300;366;beauce_5_sa_076;BTH;;0.5;0.0;9.29;-12.67;0.0;4.81;4.1;0.0;0.0;0;0.0;0;-14.29;0.0;0.0;0.0;0.5
2028;1;211;beauce_5_sa_077;BTH;;0.3;0.0;43.27;29.69;53.85;2.79;21.46;0.04;0.0;0;31.68;0;-197.15;0.0;0.04;0.0;0.3
2028;212;278;beauce_5_sa_077;solnu;;0.0;0.0;12.74;-35.22;0.0;21.46;0.83;0.0;0.0;0;0;0;-110.5;0.0;0.0;0.0;0.0
2028;279;366;beauce_5_sa_077;BTH;;0.13;0.0;12.81;-15.08;0.0;0.83;0.73;0.0;0.0;0;0.0;0;-30.48;0.0;0.0;0.0;0.13
2028;1;185;beauce_5_sa_078;BTH;;20.07;2.27;39.34;50.19;162.08;165.64;245.94;0.09;0.01;0;107.63;0;7.55;0.04;0.05;2.27;20.07
2028;186;287;beauce_5_sa_078;solnu;;0.0;0.0;26.26;-5.81;0.0;245.94;266.37;0.02;0.0;0;0;0;-89.35;0.01;0.01;0.0;0.0
2028;288;366;beauce_5_sa_078;BTH;;12.29;0.0;13.01;-84.6;18.0;266.87;164.36;0.13;0.0;0;10.59;0;86.6;0.12;0.01;0.0;12.29
2028;1;175;beauce_5_sa_079;BTH;;0.95;0.41;32.19;13.85;78.16;6.81;4.24;0.04;0.0;0;45.99;0;-42.15;0.01;0.03;0.41;0.95
2028;176;285;beauce_5_sa_079;solnu;;0.0;0.0;26.16;-29.38;0.0;4.24;3.13;0.01;0.0;0;0;0;-154.3;0.0;0.01;0.0;0.0
2028;286;366;beauce_5_sa_079;BTH;;0.45;0.0;12.01;-16.61;0.0;3.13;2.71;0.0;0.0;0;0.0;0;-44.65;0.0;0.0;0.0;0.45
2028;1;191;beauce_5_sa_080;BTH;;3.55;0.0;36.71;34.09;114.65;78.27;31.49;0.1;0.0;0;68.13;0;-63.71;0.06;0.04;0.0;3.55
2028;192;273;beauce_5_sa_080;solnu;;0.0;0.0;21.57;-11.12;0.0;31.49;41.94;0.01;0.0;0;0;0;-96.09;0.0;0.01;0.0;0.0
2028;274;366;beauce_5_sa_080;BTH;;1.84;0.86;14.36;-45.83;0.06;42.38;78.78;0.0;0.0;0;0.03;0;-73.21;0.0;0.0;0.86;1.84
2028;1;206;beauce_5_sa_081;BTH;;3.99;1.19;45.62;56.55;142.92;36.66;81.35;0.09;0.01;0;89.48;0;-68.97;0.03;0.06;1.19;3.99
2028;207;274;beauce_5_sa_081;solnu;;0.0;0.0;19.42;-10.25;0.0;81.35;90.5;0.01;0.0;0;0;0;-99.53;0.0;0.01;0.0;0.0
2028;275;366;beauce_5_sa_081;BTH;;1.74;0.16;15.0;-84.07;8.67;90.9;23.24;0.02;0.0;0;5.1;0;59.47;0.02;0.0;0.16;1.74
2028;1;178;beauce_5_sa_082;BTH;;0.89;0.0;31.46;16.88;48.35;5.17;3.05;0.03;0.0;0;28.45;0;-115.39;0.0;0.03;0.0;0.89
2028;179;311;beauce_5_sa_082;solnu;;0.06;0.0;28.06;-36.04;0.0;3.05;2.59;0.0;0.0;0;0;0;-232.4;0.0;0.0;0.0;0.06
2028;312;366;beauce_5_sa_082;BTH;;0.32;0.0;6.59;-6.93;0.0;2.59;2.3;0.0;0.0;0;0.0;0;1.07;0.0;0.0;0.0;0.32
2028;1;222;beauce_5_sa_083;BTH;;7.57;1.59;60.12;48.35;104.0;65.47;182.22;0.15;0.01;0;93.57;0;-239.46;0.08;0.07;1.59;7.57
2028;223;264;beauce_5_sa_083;solnu;;0.0;0.0;15.76;-103.46;0.0;182.22;94.52;0.0;0.0;0;0;0;-84.36;0.0;0.0;0.0;0.0
2028;265;366;beauce_5_sa_083;BTH;;5.6;0.0;17.7;11.45;57.43;93.8;60.55;0.08;0.0;0;33.79;0;120.23;0.06;0.02;0.0;5.6
2028;1;225;beauce_5_sa_084;BTH;;20.6;1.3;61.42;60.2;188.16;148.66;257.09;0.22;0.01;0;123.17;0;-63.51;0.14;0.07;1.3;20.6
2028;226;276;beauce_5_sa_084;solnu;;0.0;0.0;19.38;-12.53;0.0;257.09;263.89;0.05;0.0;0;0;0;-112.11;0.04;0.01;0.0;0.0
2028;277;366;beauce_5_sa_084;BTH;;9.83;1.27;15.71;-78.65;39.32;264.21;151.72;0.08;0.0;0;23.14;0;116.21;0.07;0.01;1.27;9.83
2028;1;173;beauce_5_sa_085;BTH;;21.32;2.49;34.0;36.68;180.38;201.99;258.81;0.13;0.01;0;123.5;0;-100.01;0.09;0.04;2.49;21.32
2028;174;281;beauce_5_sa_085;solnu;;0.0;0.0;23.83;-90.0;0.0;258.81;193.11;0.01;0.0;0;0;0;-66.79;0.0;0.01;0.0;0.0
2028;282;366;beauce_5_sa_085;BTH;;4.35;0.0;14.75;12.76;31.8;191.86;184.33;0.14;0.0;0;18.71;0;99.16;0.12;0.02;0.0;4.35
2028;1;218;beauce_5_sa_086;BTH;;1.3;0.0;45.79;22.72;48.3;7.72;26.72;0.04;0.0;0;28.42;0;-182.34;0.0;0.04;0.0;1.3
2028;219;283;beauce_5_sa_086;solnu;;0.0;0.0;11.45;-36.69;0.0;26.72;3.4;0.0;0.0;0;0;0;-97.38;0.0;0.0;0.0;0.0
2028;284;366;beauce_5_sa_086;BTH;;0.54;0.0;11.59;-13.14;0.0;3.4;2.92;0.0;0.0;0;0.0;0;-8.57;0.0;0.0;0.0;0.54
2028;1;202;beauce_5_sa_087;BTH;;10.37;0.7;43.15;44.65;146.49;93.46;78.14;0.09;0.0;0;88.37;0;-16.66;0.04;0.05;0.7;10.37
2028;203;296;beauce_5_sa_087;solnu;;0.0;0.0;21.13;-9.66;0.0;78.14;89.59;0.02;0.0;0;0;0;-74.04;0.01;0.01;0.0;0.0
2028;297;366;beauce_5_sa_087;BTH;;4.51;0.85;10.56;-77.54;4.59;89.86;77.5;0.04;0.0;0;2.7;0;36.03;0.04;0.0;0.85;4.51
2028;1;199;beauce_5_sa_088;BTH;;3.28;0.0;35.8;22.47;53.89;19.57;21.0;0.04;0.0;0;31.71;0;-184.44;0.0;0.04;0.0;3.28
2028;200;287;beauce_5_sa_088;solnu;;0.0;0.0;16.73;-13.32;0.0;21.0;24.41;0.01;0.0;0;0;0;-102.39;0.0;0.0;0.0;0.0
2028;288;366;beauce_5_sa_088;BTH;;1.36;0.0;9.82;-29.18;0.0;24.73;7.83;0.0;0.0;0;0.0;0;-93.85;0.0;0.0;0.0;1.36
2028;1;178;beauce_5_sa_089;BTH;;1.29;0.86;33.38;13.61;112.37;10.18;7.63;0.04;0.0;0;66.12;0;27.98;0.02;0.03;0.86;1.29
2028;179;281;beauce_5_sa_089;solnu;;0.0;0.0;25.27;-8.51;0.0;7.63;24.37;0.01;0.0;0;0;0;-101.47;0.0;0.01;0.0;0.0
2028;282;366;beauce_5_sa_089;BTH;;0.52;0.0;13.29;-38.01;0.0;24.93;4.23;0.0;0.0;0;0.0;0;-32.17;0.0;0.0;0.0;0.52
2028;1;223;beauce_5_sa_090;BTH;;2.9;0.0;45.52;20.93;47.87;16.81;32.77;0.04;0.0;0;28.17;0;-192.78;0.0;0.04;0.0;2.9
2028;224;285;beauce_5_sa_090;solnu;;0.0;0.0;10.18;-14.94;0.0;32.77;28.01;0.0;0.0;0;0;0;-70.47;0.0;0.0;0.0;0.0
2028;286;366;beauce_5_sa_090;BTH;;1.22;0.0;10.73;-33.58;0.0;28.21;6.71;0.0;0.0;0;0.0;0;-39.46;0.0;0.0;0.0;1.22
2028;1;200;beauce_5_sa_091;BTH;;19.8;1.82;43.61;56.62;164.41;173.05;227.99;0.1;0.0;0;113.41;0;-47.16;0.04;0.06;1.82;19.8
2028;201;282;beauce_5_sa_091;solnu;;0.0;0.0;21.7;-8.66;0.0;227.99;241.01;0.02;0.0;0;0;0;-115.56;0.01;0.01;0.0;0.0
2028;283;366;beauce_5_sa_091;BTH;;9.89;0.38;13.52;-79.77;29.54;241.33;163.82;0.11;0.0;0;17.38;0;77.15;0.1;0.01;0.38;9.89
2028;1;200;beauce_5_sa_092;BTH;;9.35;0.99;42.85;45.81;166.91;90.9;78.51;0.11;0.01;0;100.5;0;-22.59;0.06;0.05;0.99;9.35
2028;201;286;beauce_5_sa_092;solnu;;0.0;0.0;21.87;-9.73;0.0;78.51;90.63;0.02;0.0;0;0;0;-81.27;0.01;0.01;0.0;0.0
2028;287;366;beauce_5_sa_092;BTH;;3.67;0.79;12.18;-74.96;8.84;90.89;74.72;0.05;0.0;0;5.2;0;50.32;0.05;0.0;0.79;3.67
2028;1;227;beauce_5_sa_093;BTH;;10.9;0.85;49.09;36.22;96.03;67.44;110.52;0.05;0.0;0;56.51;0;-113.09;0.0;0.05;0.85;10.9
2028;228;306;beauce_5_sa_093;solnu;;0.32;0.0;15.33;-11.34;0.0;110.52;114.14;0.05;0.0;0;0;0;-71.71;0.05;0.0;0.0;0.32
2028;307;366;beauce_5_sa_093;BTH;;5.74;0.0;7.52;-74.6;0.0;114.4;41.3;0.01;0.0;0;0.0;0;15.73;0.01;0.0;0.0;5.74
2028;1;199;beauce_5_sa_094;BTH;;2.78;0.92;46.46;31.79;81.86;29.11;91.52;0.12;0.01;0;78.67;0;-236.85;0.07;0.05;0.92;2.78
2028;200;262;beauce_5_sa_094;solnu;;0.0;0.0;22.8;-102.33;0.0;91.52;11.99;0.0;0.0;0;0;0;-115.6;0.0;0.0;0.0;0.0
2028;263;366;beauce_5_sa_094;BTH;;1.52;0.0;17.64;-2.3;7.13;11.99;18.66;0.01;0.0;0;4.2;0;103.06;0.0;0.01;0.0;1.52
2028;1;204;beauce_5_sa_095;BTH;;5.11;1.0;49.03;38.26;109.34;68.27;116.64;0.17;0.01;0;97.37;0;-251.97;0.11;0.05;1.0;5.11
2028;205;259;beauce_5_sa_095;solnu;;0.0;0.0;22.72;-111.92;0.0;116.64;27.44;0.0;0.0;0;0;0;-86.01;0.0;0.0;0.0;0.0
2028;260;366;beauce_5_sa_095;BTH;;3.79;0.38;18.09;27.97;29.48;27.47;68.98;0.06;0.0;0;17.35;0;81.11;0.03;0.03;0.38;3.79
2028;1;230;beauce_5_sa_096;BTH;;29.96;1.92;61.94;54.09;187.08;277.25;323.53;0.14;0.0;0;126.75;0;-146.36;0.07;0.07;1.92;29.96
2028;231;282;beauce_5_sa_096;solnu;;0.0;0.0;15.56;-92.57;0.0;323.53;246.48;0.04;0.0;0;0;0;-68.2;0.04;0.0;0.0;0.0
2028;283;366;beauce_5_sa_096;BTH;;13.89;0.83;14.05;3.04;29.55;245.26;281.97;0.13;0.0;0;17.39;0;131.0;0.12;0.01;0.83;13.89
2028;1;207;beauce_5_sa_097;BTH;;0.15;0.16;43.23;29.59;63.37;1.35;22.77;0.04;0.0;0;37.29;0;-153.51;0.0;0.04;0.16;0.15
2028;208;273;beauce_5_sa_097;solnu;;0.0;0.0;13.42;-36.62;0.0;22.77;0.42;0.0;0.0;0;0;0;-104.22;0.0;0.0;0.0;0.0
2028;274;366;beauce_5_sa_097;BTH;;0.07;0.0;14.36;-18.63;0.0;0.42;0.43;0.0;0.0;0;0.0;0;-32.5;0.0;0.0;0.0;0.07
2028;1;199;beauce_5_sa_098;BTH;;38.57;3.08;46.72;53.44;153.61;328.66;472.58;0.2;0.01;0;129.41;0;-140.96;0.14;0.06;3.08;38.57
2028;200;258;beauce_5_sa_098;solnu;;0.0;0.0;24.05;-9.4;0.0;472.58;487.23;0.01;0.0;0;0;0;-149.35;0.0;0.01;0.0;0.0
2028;259;366;beauce_5_sa_098;BTH;;27.05;0.0;17.91;-65.49;70.31;487.47;342.08;0.21;0.01;0;41.37;0;81.71;0.19;0.02;0.0;27.05
2028;1;228;beauce_5_sa_099;BTH;;2.75;0.0;47.21;11.41;46.01;15.38;25.55;0.04;0.0;0;27.08;0;-165.27;0.0;0.04;0.0;2.75
2028;229;312;beauce_5_sa_099;solnu;;0.2;0.0;13.66;-34.42;0.0;25.55;7.06;0.0;0.0;0;0;0;-116.0;0.0;0.0;0.0;0.2
2028;313;366;beauce_5_sa_099;BTH;;0.87;0.0;6.26;-8.06;0.0;7.0;6.19;0.0;0.0;0;0.0;0;-27.43;0.0;0.0;0.0;0.87
